TradDt,BizDt,Sgmt,Src,FinInstrmTp,FinInstrmId,ISIN,TckrSymb,SctySrs,XpryDt,FininstrmActlXpryDt,StrkPric,OptnTp,FinInstrmNm,OpnPric,HghPric,LwPric,ClsPric,LastPric,PrvsClsgPric,UndrlygPric,SttlmPric,OpnIntrst,ChngInOpnIntrst,TtlTradgVol,TtlTrfVal,TtlNbOfTxsExctd,SsnId,NewBrdLotQty,Rmks,Rsvd1,Rsvd2,Rsvd3,Rsvd4
2026-09-08,2026-09-08,FO,NSE,IDO,73380,,MIDCPNIFTY,,2026-09-29,2026-09-29,16600.00,CE,MIDCPNIFTY26SEP16600CE,0.00,0.00,0.00,130.75,0.00,130.75,14672.55,2.66,0,0,0,0.00,0,F1,120,,,,,
2026-09-08,2026-09-08,FO,NSE,IDO,73207,,MIDCPNIFTY,,2026-09-29,2026-09-29,16000.00,CE,MIDCPNIFTY26SEP16000CE,2.40,2.85,2.00,2.35,2.30,2.35,14672.55,2.35,457680,-3120,623,1196332524.00,236,F1,120,,,,,
2026-09-08,2026-09-08,FO,NSE,IDO,73000,,MIDCPNIFTY,,2026-09-29,2026-09-29,15225.00,CE,MIDCPNIFTY26SEP15225CE,0.00,0.00,0.00,438.75,0.00,438.75,14672.55,119.12,0,0,0,0.00,0,F1,120,,,,,
2026-09-08,2026-09-08,FO,NSE,IDO,72996,,MIDCPNIFTY,,2026-09-29,2026-09-29,15175.00,CE,MIDCPNIFTY26SEP15175CE,0.00,0.00,0.00,456.20,0.00,456.20,14672.55,131.36,0,0,0,0.00,0,F1,120,,,,,
2026-09-08,2026-09-08,FO,NSE,IDO,72964,,MIDCPNIFTY,,2026-09-29,2026-09-29,14825.00,CE,MIDCPNIFTY26SEP14825CE,103.40,125.05,98.60,112.60,115.20,113.40,14672.55,112.60,28800,-4800,495,887269332.00,360,F1,120,,,,,
2026-09-08,2026-09-08,FO,NSE,IDO,72894,,MIDCPNIFTY,,2026-09-29,2026-09-29,14400.00,CE,MIDCPNIFTY26SEP14400CE,343.65,385.00,340.00,362.40,369.20,359.80,14672.55,362.40,4080,-120,28,49604880.00,27,F1,120,,,,,
2026-09-08,2026-09-08,FO,NSE,IDO,72833,,MIDCPNIFTY,,2026-09-29,2026-09-29,14175.00,CE,MIDCPNIFTY26SEP14175CE,0.00,0.00,0.00,921.25,0.00,921.25,14672.55,644.57,0,0,0,0.00,0,F1,120,,,,,
2026-09-08,2026-09-08,FO,NSE,IDO,72825,,MIDCPNIFTY,,2026-09-29,2026-09-29,14125.00,CE,MIDCPNIFTY26SEP14125CE,0.00,0.00,0.00,950.50,0.00,950.50,14672.55,683.04,0,0,0,0.00,0,F1,120,,,,,
2026-09-08,2026-09-08,FO,NSE,IDO,72801,,MIDCPNIFTY,,2026-09-29,2026-09-29,13950.00,CE,MIDCPNIFTY26SEP13950CE,0.00,0.00,0.00,1057.50,0.00,1057.50,14672.55,825.24,0,0,0,0.00,0,F1,120,,,,,
2026-09-08,2026-09-08,FO,NSE,IDO,72752,,MIDCPNIFTY,,2026-09-29,2026-09-29,13650.00,CE,MIDCPNIFTY26SEP13650CE,0.00,0.00,0.00,1257.50,0.00,1257.50,14672.55,1091.08,0,0,0,0.00,0,F1,120,,,,,
2026-09-08,2026-09-08,FO,NSE,IDO,72621,,MIDCPNIFTY,,2026-09-29,2026-09-29,12950.00,PE,MIDCPNIFTY26SEP12950PE,0.00,0.00,0.00,118.40,0.00,118.40,14672.55,1.45,0,0,0,0.00,0,F1,120,,,,,
2026-09-08,2026-09-08,FO,NSE,IDO,63930,,MIDCPNIFTY,,2026-11-23,2026-11-23,16300.00,PE,MIDCPNIFTY26NOV16300PE,0.00,0.00,0.00,1328.45,0.00,1328.45,14672.55,1553.47,0,0,0,0.00,0,F1,120,,,,,
2026-09-08,2026-09-08,FO,NSE,IDO,63912,,MIDCPNIFTY,,2026-11-23,2026-11-23,16100.00,PE,MIDCPNIFTY26NOV16100PE,0.00,0.00,0.00,1183.10,0.00,1183.10,14672.55,1391.11,0,0,0,0.00,0,F1,120,,,,,
2026-09-08,2026-09-08,FO,NSE,IDO,63856,,MIDCPNIFTY,,2026-11-23,2026-11-23,15400.00,PE,MIDCPNIFTY26NOV15400PE,0.00,0.00,0.00,740.75,0.00,740.75,14672.55,882.25,0,0,0,0.00,0,F1,120,,,,,
2026-09-08,2026-09-08,FO,NSE,IDO,63768,,MIDCPNIFTY,,2026-11-23,2026-11-23,14450.00,PE,MIDCPNIFTY26NOV14450PE,0.00,0.00,0.00,321.40,0.00,321.40,14672.55,381.91,0,0,0,0.00,0,F1,120,,,,,
2026-09-08,2026-09-08,FO,NSE,IDO,63726,,MIDCPNIFTY,,2026-11-23,2026-11-23,14050.00,PE,MIDCPNIFTY26NOV14050PE,0.00,0.00,0.00,207.80,0.00,207.80,14672.55,243.57,0,0,0,0.00,0,F1,120,,,,,
2026-09-08,2026-09-08,FO,NSE,IDO,63714,,MIDCPNIFTY,,2026-11-23,2026-11-23,13975.00,PE,MIDCPNIFTY26NOV13975PE,0.00,0.00,0.00,190.25,0.00,190.25,14672.55,222.84,0,0,0,0.00,0,F1,120,,,,,
2026-09-08,2026-09-08,FO,NSE,IDO,63684,,MIDCPNIFTY,,2026-11-23,2026-11-23,13600.00,PE,MIDCPNIFTY26NOV13600PE,0.00,0.00,0.00,118.25,0.00,118.25,14672.55,135.28,0,0,0,0.00,0,F1,120,,,,,
2026-09-08,2026-09-08,FO,NSE,IDO,50995,,MIDCPNIFTY,,2026-10-27,2026-10-27,15700.00,PE,MIDCPNIFTY26OCT15700PE,0.00,0.00,0.00,1238.35,0.00,1238.35,14672.55,1049.06,0,0,0,0.00,0,F1,120,,,,,
2026-09-08,2026-09-08,FO,NSE,IDO,50975,,MIDCPNIFTY,,2026-10-27,2026-10-27,15550.00,PE,MIDCPNIFTY26OCT15550PE,0.00,0.00,0.00,1133.30,0.00,1133.30,14672.55,935.32,0,0,0,0.00,0,F1,120,,,,,
2026-09-08,2026-09-08,FO,NSE,IDO,50858,,MIDCPNIFTY,,2026-10-27,2026-10-27,14850.00,PE,MIDCPNIFTY26OCT14850PE,0.00,0.00,0.00,704.40,0.00,704.40,14672.55,486.53,0,0,0,0.00,0,F1,120,,,,,
2026-09-08,2026-09-08,FO,NSE,IDO,50830,,MIDCPNIFTY,,2026-10-27,2026-10-27,14625.00,PE,MIDCPNIFTY26OCT14625PE,0.00,0.00,0.00,589.95,0.00,589.95,14672.55,376.23,0,0,0,0.00,0,F1,120,,,,,
2026-09-08,2026-09-08,FO,NSE,IDO,50810,,MIDCPNIFTY,,2026-10-27,2026-10-27,14450.00,PE,MIDCPNIFTY26OCT14450PE,0.00,0.00,0.00,509.20,0.00,509.20,14672.55,302.34,0,0,0,0.00,0,F1,120,,,,,
2026-09-08,2026-09-08,FO,NSE,IDO,50668,,MIDCPNIFTY,,2026-10-27,2026-10-27,13275.00,PE,MIDCPNIFTY26OCT13275PE,0.00,0.00,0.00,147.65,0.00,147.65,14672.55,41.71,0,0,0,0.00,0,F1,120,,,,,
2026-09-08,2026-09-08,FO,NSE,IDO,50658,,MIDCPNIFTY,,2026-10-27,2026-10-27,13175.00,PE,MIDCPNIFTY26OCT13175PE,0.00,0.00,0.00,129.80,0.00,129.80,14672.55,33.55,0,0,0,0.00,0,F1,120,,,,,
2026-09-08,2026-09-08,FO,NSE,IDO,73381,,MIDCPNIFTY,,2026-09-29,2026-09-29,16600.00,PE,MIDCPNIFTY26SEP16600PE,0.00,0.00,0.00,2049.75,0.00,2049.75,14672.55,1874.61,0,0,0,0.00,0,F1,120,,,,,
2026-09-08,2026-09-08,FO,NSE,IDO,73268,,MIDCPNIFTY,,2026-09-29,2026-09-29,16100.00,PE,MIDCPNIFTY26SEP16100PE,0.00,0.00,0.00,1636.15,0.00,1636.15,14672.55,1386.75,0,0,0,0.00,0,F1,120,,,,,
2026-09-08,2026-09-08,FO,NSE,IDO,73226,,MIDCPNIFTY,,2026-09-29,2026-09-29,16000.00,PE,MIDCPNIFTY26SEP16000PE,0.00,0.00,0.00,1000.00,1000.00,1000.00,14672.55,1291.51,600,0,0,0.00,0,F1,120,,,,,
2026-09-08,2026-09-08,FO,NSE,IDO,73098,,MIDCPNIFTY,,2026-09-29,2026-09-29,15500.00,PE,MIDCPNIFTY26SEP15500PE,865.00,865.00,800.00,800.00,800.00,790.00,14672.55,840.06,8760,120,5,9793548.00,3,F1,120,,,,,
2026-09-08,2026-09-08,FO,NSE,IDO,73087,,MIDCPNIFTY,,2026-09-29,2026-09-29,15375.00,PE,MIDCPNIFTY26SEP15375PE,0.00,0.00,0.00,1102.25,0.00,1102.25,14672.55,736.85,0,0,0,0.00,0,F1,120,,,,,
2026-09-08,2026-09-08,FO,NSE,IDO,73085,,MIDCPNIFTY,,2026-09-29,2026-09-29,15350.00,PE,MIDCPNIFTY26SEP15350PE,682.65,682.65,650.05,650.05,650.05,378.75,14672.55,650.05,960,-120,2,3843924.00,2,F1,120,,,,,
2026-09-08,2026-09-08,FO,NSE,IDO,72987,,MIDCPNIFTY,,2026-09-29,2026-09-29,15050.00,PE,MIDCPNIFTY26SEP15050PE,411.05,411.05,400.15,405.60,400.15,340.00,14672.55,405.60,28200,-120,2,3709344.00,2,F1,120,,,,,
2026-09-08,2026-09-08,FO,NSE,IDO,72947,,MIDCPNIFTY,,2026-09-29,2026-09-29,14600.00,PE,MIDCPNIFTY26SEP14600PE,150.30,154.20,119.95,129.35,128.00,138.75,14672.55,129.35,256680,32520,5286,9347574672.00,4309,F1,120,,,,,
2026-09-08,2026-09-08,FO,NSE,IDO,72937,,MIDCPNIFTY,,2026-09-29,2026-09-29,14475.00,PE,MIDCPNIFTY26SEP14475PE,0.00,0.00,0.00,584.35,0.00,584.35,14672.55,191.50,0,0,0,0.00,0,F1,120,,,,,
2026-09-08,2026-09-08,FO,NSE,IDO,72768,,MIDCPNIFTY,,2026-09-29,2026-09-29,13725.00,PE,MIDCPNIFTY26SEP13725PE,0.00,0.00,0.00,293.35,0.00,293.35,14672.55,29.07,0,0,0,0.00,0,F1,120,,,,,
2026-09-08,2026-09-08,FO,NSE,IDO,72648,,MIDCPNIFTY,,2026-09-29,2026-09-29,13300.00,CE,MIDCPNIFTY26SEP13300CE,0.00,0.00,0.00,1513.80,0.00,1513.80,14672.55,1423.55,0,0,0,0.00,0,F1,120,,,,,
2026-09-08,2026-09-08,FO,NSE,IDO,72736,,MIDCPNIFTY,,2026-09-29,2026-09-29,13575.00,CE,MIDCPNIFTY26SEP13575CE,0.00,0.00,0.00,1310.50,0.00,1310.50,14672.55,1160.79,0,0,0,0.00,0,F1,120,,,,,
2026-09-08,2026-09-08,FO,NSE,IDO,72767,,MIDCPNIFTY,,2026-09-29,2026-09-29,13725.00,CE,MIDCPNIFTY26SEP13725CE,0.00,0.00,0.00,1205.20,0.00,1205.20,14672.55,1022.50,0,0,0,0.00,0,F1,120,,,,,
2026-09-08,2026-09-08,FO,NSE,IDO,72974,,MIDCPNIFTY,,2026-09-29,2026-09-29,14925.00,CE,MIDCPNIFTY26SEP14925CE,68.55,86.05,67.90,78.65,79.60,78.50,14672.55,78.65,23160,-1920,126,226822704.00,105,F1,120,,,,,
2026-09-08,2026-09-08,FO,NSE,IDO,72982,,MIDCPNIFTY,,2026-09-29,2026-09-29,15000.00,CE,MIDCPNIFTY26SEP15000CE,60.95,66.00,49.45,57.95,59.85,58.55,14672.55,57.95,662520,6120,6723,12147398556.00,4847,F1,120,,,,,
2026-09-08,2026-09-08,FO,NSE,IDO,73092,,MIDCPNIFTY,,2026-09-29,2026-09-29,15450.00,CE,MIDCPNIFTY26SEP15450CE,0.00,0.00,0.00,366.45,0.00,366.45,14672.55,72.38,0,0,0,0.00,0,F1,120,,,,,
2026-09-08,2026-09-08,FO,NSE,IDO,73132,,MIDCPNIFTY,,2026-09-29,2026-09-29,15800.00,CE,MIDCPNIFTY26SEP15800CE,0.00,0.00,0.00,273.70,0.00,273.70,14672.55,30.41,0,0,0,0.00,0,F1,120,,,,,
2026-09-08,2026-09-08,FO,NSE,IDO,73176,,MIDCPNIFTY,,2026-09-29,2026-09-29,15850.00,CE,MIDCPNIFTY26SEP15850CE,0.00,0.00,0.00,262.10,0.00,262.10,14672.55,26.60,0,0,0,0.00,0,F1,120,,,,,
2026-09-08,2026-09-08,FO,NSE,IDO,73347,,MIDCPNIFTY,,2026-09-29,2026-09-29,16400.00,CE,MIDCPNIFTY26SEP16400CE,1.55,2.20,1.00,1.15,1.00,1.30,14672.55,1.15,960,600,13,25586580.00,10,F1,120,,,,,
2026-09-08,2026-09-08,FO,NSE,IDO,50711,,MIDCPNIFTY,,2026-10-27,2026-10-27,13700.00,CE,MIDCPNIFTY26OCT13700CE,0.00,0.00,0.00,1291.45,0.00,1291.45,14672.55,1184.89,0,0,0,0.00,0,F1,120,,,,,
2026-09-08,2026-09-08,FO,NSE,IDO,50849,,MIDCPNIFTY,,2026-10-27,2026-10-27,14775.00,CE,MIDCPNIFTY26OCT14775CE,0.00,0.00,0.00,327.15,327.15,327.15,14672.55,470.99,120,0,0,0.00,0,F1,120,,,,,
2026-09-08,2026-09-08,FO,NSE,IDO,51048,,MIDCPNIFTY,,2026-10-27,2026-10-27,16100.00,CE,MIDCPNIFTY26OCT16100CE,0.00,0.00,0.00,221.25,0.00,221.25,14672.55,87.15,0,0,0,0.00,0,F1,120,,,,,
2026-09-08,2026-09-08,FO,NSE,IDO,51056,,MIDCPNIFTY,,2026-10-27,2026-10-27,16200.00,CE,MIDCPNIFTY26OCT16200CE,0.00,0.00,0.00,201.70,0.00,201.70,14672.55,74.78,0,0,0,0.00,0,F1,120,,,,,
2026-09-08,2026-09-08,FO,NSE,IDO,51088,,MIDCPNIFTY,,2026-10-27,2026-10-27,16600.00,CE,MIDCPNIFTY26OCT16600CE,0.00,0.00,0.00,137.35,0.00,137.35,14672.55,39.08,0,0,0,0.00,0,F1,120,,,,,
2026-09-08,2026-09-08,FO,NSE,IDO,63671,,MIDCPNIFTY,,2026-11-23,2026-11-23,13450.00,CE,MIDCPNIFTY26NOV13450CE,0.00,0.00,0.00,1846.85,0.00,1846.85,14672.55,1508.23,0,0,0,0.00,0,F1,120,,,,,
2026-09-08,2026-09-08,FO,NSE,IDO,63749,,MIDCPNIFTY,,2026-11-23,2026-11-23,14275.00,CE,MIDCPNIFTY26NOV14275CE,0.00,0.00,0.00,1205.25,0.00,1205.25,14672.55,901.57,0,0,0,0.00,0,F1,120,,,,,
2026-09-08,2026-09-08,FO,NSE,IDO,63751,,MIDCPNIFTY,,2026-11-23,2026-11-23,14300.00,CE,MIDCPNIFTY26NOV14300CE,0.00,0.00,0.00,1187.90,0.00,1187.90,14672.55,885.78,0,0,0,0.00,0,F1,120,,,,,
2026-09-08,2026-09-08,FO,NSE,IDO,63805,,MIDCPNIFTY,,2026-11-23,2026-11-23,14825.00,CE,MIDCPNIFTY26NOV14825CE,0.00,0.00,0.00,857.30,0.00,857.30,14672.55,593.13,0,0,0,0.00,0,F1,120,,,,,
2026-09-08,2026-09-08,FO,NSE,IDO,63819,,MIDCPNIFTY,,2026-11-23,2026-11-23,15000.00,CE,MIDCPNIFTY26NOV15000CE,0.00,0.00,0.00,761.60,0.00,761.60,14672.55,512.24,0,0,0,0.00,0,F1,120,,,,,
2026-09-08,2026-09-08,FO,NSE,IDO,63847,,MIDCPNIFTY,,2026-11-23,2026-11-23,15300.00,CE,MIDCPNIFTY26NOV15300CE,0.00,0.00,0.00,614.65,0.00,614.65,14672.55,392.32,0,0,0,0.00,0,F1,120,,,,,
2026-09-08,2026-09-08,FO,NSE,IDO,63919,,MIDCPNIFTY,,2026-11-23,2026-11-23,16200.00,CE,MIDCPNIFTY26NOV16200CE,0.00,0.00,0.00,296.05,0.00,296.05,14672.55,157.15,0,0,0,0.00,0,F1,120,,,,,
2026-09-08,2026-09-08,FO,NSE,IDO,50879,,MIDCPNIFTY,,2026-10-27,2026-10-27,14975.00,CE,MIDCPNIFTY26OCT14975CE,0.00,0.00,0.00,564.05,0.00,564.05,14672.55,380.11,0,0,0,0.00,0,F1,120,,,,,
2026-09-08,2026-09-08,FO,NSE,IDO,50855,,MIDCPNIFTY,,2026-10-27,2026-10-27,14825.00,CE,MIDCPNIFTY26OCT14825CE,0.00,0.00,0.00,629.80,0.00,629.80,14672.55,447.00,0,0,0,0.00,0,F1,120,,,,,
2026-09-08,2026-09-08,FO,NSE,IDO,50801,,MIDCPNIFTY,,2026-10-27,2026-10-27,14400.00,CE,MIDCPNIFTY26OCT14400CE,0.00,0.00,0.00,844.75,0.00,844.75,14672.55,678.11,0,0,0,0.00,0,F1,120,,,,,
2026-09-08,2026-09-08,FO,NSE,IDO,50750,,MIDCPNIFTY,,2026-10-27,2026-10-27,14050.00,CE,MIDCPNIFTY26OCT14050CE,0.00,0.00,0.00,1053.75,0.00,1053.75,14672.55,914.08,0,0,0,0.00,0,F1,120,,,,,
2026-09-08,2026-09-08,FO,NSE,IDO,50735,,MIDCPNIFTY,,2026-10-27,2026-10-27,13950.00,CE,MIDCPNIFTY26OCT13950CE,0.00,0.00,0.00,1118.70,0.00,1118.70,14672.55,987.72,0,0,0,0.00,0,F1,120,,,,,
2026-09-08,2026-09-08,FO,NSE,IDO,50700,,MIDCPNIFTY,,2026-10-27,2026-10-27,13600.00,CE,MIDCPNIFTY26OCT13600CE,0.00,0.00,0.00,1363.60,0.00,1363.60,14672.55,1268.02,0,0,0,0.00,0,F1,120,,,,,
2026-09-08,2026-09-08,FO,NSE,IDO,50683,,MIDCPNIFTY,,2026-10-27,2026-10-27,13450.00,CE,MIDCPNIFTY26OCT13450CE,0.00,0.00,0.00,1476.25,0.00,1476.25,14672.55,1396.71,0,0,0,0.00,0,F1,120,,,,,
2026-09-08,2026-09-08,FO,NSE,IDO,73322,,MIDCPNIFTY,,2026-09-29,2026-09-29,16300.00,CE,MIDCPNIFTY26SEP16300CE,0.00,0.00,0.00,174.20,0.00,174.20,14672.55,7.13,0,0,0,0.00,0,F1,120,,,,,
2026-09-08,2026-09-08,FO,NSE,IDO,73084,,MIDCPNIFTY,,2026-09-29,2026-09-29,15350.00,CE,MIDCPNIFTY26SEP15350CE,12.85,13.75,10.70,11.55,12.00,12.05,14672.55,11.55,46200,-4800,85,156689094.00,43,F1,120,,,,,
2026-09-08,2026-09-08,FO,NSE,IDO,73035,,MIDCPNIFTY,,2026-09-29,2026-09-29,15300.00,CE,MIDCPNIFTY26SEP15300CE,13.50,16.85,12.35,14.60,14.60,14.95,14672.55,14.60,311280,-24000,1610,2958676194.00,1022,F1,120,,,,,
2026-09-08,2026-09-08,FO,NSE,IDO,72954,,MIDCPNIFTY,,2026-09-29,2026-09-29,14700.00,CE,MIDCPNIFTY26SEP14700CE,170.50,186.05,148.30,169.35,172.20,167.85,14672.55,169.35,273840,22680,7349,13112151066.00,6020,F1,120,,,,,
2026-09-08,2026-09-08,FO,NSE,IDO,72861,,MIDCPNIFTY,,2026-09-29,2026-09-29,14325.00,CE,MIDCPNIFTY26SEP14325CE,0.00,0.00,0.00,424.20,424.20,424.20,14672.55,535.60,720,0,0,0.00,0,F1,120,,,,,
2026-09-08,2026-09-08,FO,NSE,IDO,72827,,MIDCPNIFTY,,2026-09-29,2026-09-29,14150.00,CE,MIDCPNIFTY26SEP14150CE,0.00,0.00,0.00,935.80,0.00,935.80,14672.55,663.68,0,0,0,0.00,0,F1,120,,,,,
2026-09-08,2026-09-08,FO,NSE,IDO,72769,,MIDCPNIFTY,,2026-09-29,2026-09-29,13750.00,CE,MIDCPNIFTY26SEP13750CE,0.00,0.00,0.00,1188.25,0.00,1188.25,14672.55,999.92,0,0,0,0.00,0,F1,120,,,,,
2026-09-08,2026-09-08,FO,NSE,IDO,72652,,MIDCPNIFTY,,2026-09-29,2026-09-29,13350.00,CE,MIDCPNIFTY26SEP13350CE,0.00,0.00,0.00,1475.65,0.00,1475.65,14672.55,1375.12,0,0,0,0.00,0,F1,120,,,,,
2026-09-08,2026-09-08,FO,NSE,IDO,72646,,MIDCPNIFTY,,2026-09-29,2026-09-29,13275.00,CE,MIDCPNIFTY26SEP13275CE,0.00,0.00,0.00,1533.05,0.00,1533.05,14672.55,1447.86,0,0,0,0.00,0,F1,120,,,,,
2026-09-08,2026-09-08,FO,NSE,IDF,48703,,MIDCPNIFTY,,2026-10-27,2026-10-27,,,MIDCPNIFTY26OCTFUT,14700.00,14754.60,14699.90,14732.60,14740.00,14733.30,14672.55,14732.60,73800,0,36,63621816.00,33,F1,120,,,,,
2026-09-08,2026-09-08,FO,NSE,IDO,63921,,MIDCPNIFTY,,2026-11-23,2026-11-23,16200.00,PE,MIDCPNIFTY26NOV16200PE,0.00,0.00,0.00,1254.50,0.00,1254.50,14672.55,1471.48,0,0,0,0.00,0,F1,120,,,,,
2026-09-08,2026-09-08,FO,NSE,IDO,63896,,MIDCPNIFTY,,2026-11-23,2026-11-23,15900.00,PE,MIDCPNIFTY26NOV15900PE,0.00,0.00,0.00,1046.10,0.00,1046.10,14672.55,1236.16,0,0,0,0.00,0,F1,120,,,,,
2026-09-08,2026-09-08,FO,NSE,IDO,63876,,MIDCPNIFTY,,2026-11-23,2026-11-23,15650.00,PE,MIDCPNIFTY26NOV15650PE,0.00,0.00,0.00,886.55,0.00,886.55,14672.55,1051.99,0,0,0,0.00,0,F1,120,,,,,
2026-09-08,2026-09-08,FO,NSE,IDO,63868,,MIDCPNIFTY,,2026-11-23,2026-11-23,15550.00,PE,MIDCPNIFTY26NOV15550PE,0.00,0.00,0.00,826.50,0.00,826.50,14672.55,982.38,0,0,0,0.00,0,F1,120,,,,,
2026-09-08,2026-09-08,FO,NSE,IDO,63812,,MIDCPNIFTY,,2026-11-23,2026-11-23,14900.00,PE,MIDCPNIFTY26NOV14900PE,0.00,0.00,0.00,493.15,0.00,493.15,14672.55,588.89,0,0,0,0.00,0,F1,120,,,,,
2026-09-08,2026-09-08,FO,NSE,IDO,63810,,MIDCPNIFTY,,2026-11-23,2026-11-23,14875.00,PE,MIDCPNIFTY26NOV14875PE,0.00,0.00,0.00,482.35,0.00,482.35,14672.55,575.94,0,0,0,0.00,0,F1,120,,,,,
2026-09-08,2026-09-08,FO,NSE,IDO,63742,,MIDCPNIFTY,,2026-11-23,2026-11-23,14225.00,PE,MIDCPNIFTY26NOV14225PE,0.00,0.00,0.00,253.70,0.00,253.70,14672.55,298.95,0,0,0,0.00,0,F1,120,,,,,
2026-09-08,2026-09-08,FO,NSE,IDO,63728,,MIDCPNIFTY,,2026-11-23,2026-11-23,14075.00,PE,MIDCPNIFTY26NOV14075PE,0.00,0.00,0.00,213.90,0.00,213.90,14672.55,251.01,0,0,0,0.00,0,F1,120,,,,,
2026-09-08,2026-09-08,FO,NSE,IDO,63704,,MIDCPNIFTY,,2026-11-23,2026-11-23,13850.00,PE,MIDCPNIFTY26NOV13850PE,0.00,0.00,0.00,163.40,0.00,163.40,14672.55,189.85,0,0,0,0.00,0,F1,120,,,,,
2026-09-08,2026-09-08,FO,NSE,IDO,63678,,MIDCPNIFTY,,2026-11-23,2026-11-23,13525.00,PE,MIDCPNIFTY26NOV13525PE,0.00,0.00,0.00,106.75,0.00,106.75,14672.55,121.46,0,0,0,0.00,0,F1,120,,,,,
2026-09-08,2026-09-08,FO,NSE,IDO,63668,,MIDCPNIFTY,,2026-11-23,2026-11-23,13400.00,PE,MIDCPNIFTY26NOV13400PE,0.00,0.00,0.00,89.50,0.00,89.50,14672.55,100.84,0,0,0,0.00,0,F1,120,,,,,
2026-09-08,2026-09-08,FO,NSE,IDO,63652,,MIDCPNIFTY,,2026-11-23,2026-11-23,13200.00,PE,MIDCPNIFTY26NOV13200PE,0.00,0.00,0.00,66.55,0.00,66.55,14672.55,73.57,0,0,0,0.00,0,F1,120,,,,,
2026-09-08,2026-09-08,FO,NSE,IDO,63648,,MIDCPNIFTY,,2026-11-23,2026-11-23,13150.00,PE,MIDCPNIFTY26NOV13150PE,0.00,0.00,0.00,61.60,0.00,61.60,14672.55,67.76,0,0,0,0.00,0,F1,120,,,,,
2026-09-08,2026-09-08,FO,NSE,IDO,51089,,MIDCPNIFTY,,2026-10-27,2026-10-27,16600.00,PE,MIDCPNIFTY26OCT16600PE,0.00,0.00,0.00,1946.95,0.00,1946.95,14672.55,1825.40,0,0,0,0.00,0,F1,120,,,,,
2026-09-08,2026-09-08,FO,NSE,IDO,50973,,MIDCPNIFTY,,2026-10-27,2026-10-27,15525.00,PE,MIDCPNIFTY26OCT15525PE,0.00,0.00,0.00,1116.20,0.00,1116.20,14672.55,916.20,0,0,0,0.00,0,F1,120,,,,,
2026-09-08,2026-09-08,FO,NSE,IDO,50917,,MIDCPNIFTY,,2026-10-27,2026-10-27,15225.00,PE,MIDCPNIFTY26OCT15225PE,0.00,0.00,0.00,921.00,0.00,921.00,14672.55,707.98,0,0,0,0.00,0,F1,120,,,,,
2026-09-08,2026-09-08,FO,NSE,IDO,50901,,MIDCPNIFTY,,2026-10-27,2026-10-27,15200.00,PE,MIDCPNIFTY26OCT15200PE,0.00,0.00,0.00,905.60,0.00,905.60,14672.55,691.82,0,0,0,0.00,0,F1,120,,,,,
2026-09-08,2026-09-08,FO,NSE,IDO,50892,,MIDCPNIFTY,,2026-10-27,2026-10-27,15125.00,PE,MIDCPNIFTY26OCT15125PE,0.00,0.00,0.00,860.20,0.00,860.20,14672.55,644.50,0,0,0,0.00,0,F1,120,,,,,
2026-09-08,2026-09-08,FO,NSE,IDO,50876,,MIDCPNIFTY,,2026-10-27,2026-10-27,14925.00,PE,MIDCPNIFTY26OCT14925PE,0.00,0.00,0.00,300.00,300.00,300.00,14672.55,527.13,120,0,0,0.00,0,F1,120,,,,,
2026-09-08,2026-09-08,FO,NSE,IDO,50874,,MIDCPNIFTY,,2026-10-27,2026-10-27,14900.00,PE,MIDCPNIFTY26OCT14900PE,0.00,0.00,0.00,731.45,0.00,731.45,14672.55,513.39,0,0,0,0.00,0,F1,120,,,,,
2026-09-08,2026-09-08,FO,NSE,IDO,50872,,MIDCPNIFTY,,2026-10-27,2026-10-27,14875.00,PE,MIDCPNIFTY26OCT14875PE,0.00,0.00,0.00,717.85,0.00,717.85,14672.55,499.85,0,0,0,0.00,0,F1,120,,,,,
2026-09-08,2026-09-08,FO,NSE,IDO,50835,,MIDCPNIFTY,,2026-10-27,2026-10-27,14650.00,PE,MIDCPNIFTY26OCT14650PE,0.00,0.00,0.00,602.10,0.00,602.10,14672.55,387.63,0,0,0,0.00,0,F1,120,,,,,
2026-09-08,2026-09-08,FO,NSE,IDO,50828,,MIDCPNIFTY,,2026-10-27,2026-10-27,14600.00,PE,MIDCPNIFTY26OCT14600PE,0.00,0.00,0.00,578.00,0.00,578.00,14672.55,365.03,0,0,0,0.00,0,F1,120,,,,,
2026-09-08,2026-09-08,FO,NSE,IDO,50777,,MIDCPNIFTY,,2026-10-27,2026-10-27,14200.00,PE,MIDCPNIFTY26OCT14200PE,0.00,0.00,0.00,406.35,0.00,406.35,14672.55,214.54,0,0,0,0.00,0,F1,120,,,,,
2026-09-08,2026-09-08,FO,NSE,IDO,50770,,MIDCPNIFTY,,2026-10-27,2026-10-27,14175.00,PE,MIDCPNIFTY26OCT14175PE,0.00,0.00,0.00,396.90,0.00,396.90,14672.55,206.87,0,0,0,0.00,0,F1,120,,,,,
2026-09-08,2026-09-08,FO,NSE,IDO,50715,,MIDCPNIFTY,,2026-10-27,2026-10-27,13725.00,PE,MIDCPNIFTY26OCT13725PE,0.00,0.00,0.00,251.40,0.00,251.40,14672.55,100.22,0,0,0,0.00,0,F1,120,,,,,
2026-09-08,2026-09-08,FO,NSE,IDO,50704,,MIDCPNIFTY,,2026-10-27,2026-10-27,13625.00,PE,MIDCPNIFTY26OCT13625PE,0.00,0.00,0.00,225.05,0.00,225.05,14672.55,83.64,0,0,0,0.00,0,F1,120,,,,,
2026-09-08,2026-09-08,FO,NSE,IDO,50660,,MIDCPNIFTY,,2026-10-27,2026-10-27,13200.00,PE,MIDCPNIFTY26OCT13200PE,0.00,0.00,0.00,134.10,0.00,134.10,14672.55,35.46,0,0,0,0.00,0,F1,120,,,,,
2026-09-08,2026-09-08,FO,NSE,IDO,73119,,MIDCPNIFTY,,2026-09-29,2026-09-29,15625.00,PE,MIDCPNIFTY26SEP15625PE,0.00,0.00,0.00,1275.95,0.00,1275.95,14672.55,947.85,0,0,0,0.00,0,F1,120,,,,,
2026-09-08,2026-09-08,FO,NSE,IDO,72991,,MIDCPNIFTY,,2026-09-29,2026-09-29,15100.00,PE,MIDCPNIFTY26SEP15100PE,464.00,465.55,417.00,435.00,435.00,450.00,14672.55,529.66,156000,-240,26,48477246.00,21,F1,120,,,,,
2026-09-08,2026-09-08,FO,NSE,IDO,72967,,MIDCPNIFTY,,2026-09-29,2026-09-29,14850.00,PE,MIDCPNIFTY26SEP14850PE,284.25,284.25,240.50,256.95,256.90,267.70,14672.55,256.95,19560,-480,33,59828370.00,30,F1,120,,,,,
2026-09-08,2026-09-08,FO,NSE,IDO,72963,,MIDCPNIFTY,,2026-09-29,2026-09-29,14800.00,PE,MIDCPNIFTY26SEP14800PE,237.05,258.80,210.00,226.30,222.00,237.05,14672.55,226.30,306120,-4080,1643,2963335326.00,1341,F1,120,,,,,
2026-09-08,2026-09-08,FO,NSE,IDO,72961,,MIDCPNIFTY,,2026-09-29,2026-09-29,14775.00,PE,MIDCPNIFTY26SEP14775PE,240.65,242.45,199.90,212.60,203.55,225.05,14672.55,212.60,11760,3360,203,365170458.00,179,F1,120,,,,,
2026-09-08,2026-09-08,FO,NSE,IDO,72939,,MIDCPNIFTY,,2026-09-29,2026-09-29,14500.00,PE,MIDCPNIFTY26SEP14500PE,110.95,114.60,88.40,95.15,94.50,101.90,14672.55,95.15,534120,-360,5795,10152965382.00,4609,F1,120,,,,,
2026-09-08,2026-09-08,FO,NSE,IDO,72834,,MIDCPNIFTY,,2026-09-29,2026-09-29,14175.00,PE,MIDCPNIFTY26SEP14175PE,0.00,0.00,0.00,452.45,0.00,452.45,14672.55,99.64,0,0,0,0.00,0,F1,120,,,,,
2026-09-08,2026-09-08,FO,NSE,IDO,72828,,MIDCPNIFTY,,2026-09-29,2026-09-29,14150.00,PE,MIDCPNIFTY26SEP14150PE,0.00,0.00,0.00,442.40,0.00,442.40,14672.55,93.82,0,0,0,0.00,0,F1,120,,,,,
2026-09-08,2026-09-08,FO,NSE,IDO,72737,,MIDCPNIFTY,,2026-09-29,2026-09-29,13575.00,PE,MIDCPNIFTY26SEP13575PE,0.00,0.00,0.00,250.90,0.00,250.90,14672.55,17.86,0,0,0,0.00,0,F1,120,,,,,
2026-09-08,2026-09-08,FO,NSE,IDO,72649,,MIDCPNIFTY,,2026-09-29,2026-09-29,13300.00,PE,MIDCPNIFTY26SEP13300PE,0.00,0.00,0.00,183.45,0.00,183.45,14672.55,6.54,0,0,0,0.00,0,F1,120,,,,,
2026-09-08,2026-09-08,FO,NSE,IDO,72635,,MIDCPNIFTY,,2026-09-29,2026-09-29,13125.00,PE,MIDCPNIFTY26SEP13125PE,0.00,0.00,0.00,148.30,0.00,148.30,14672.55,3.19,0,0,0,0.00,0,F1,120,,,,,
2026-09-08,2026-09-08,FO,NSE,IDO,63737,,MIDCPNIFTY,,2026-11-23,2026-11-23,14175.00,CE,MIDCPNIFTY26NOV14175CE,0.00,0.00,0.00,1276.60,0.00,1276.60,14672.55,966.36,0,0,0,0.00,0,F1,120,,,,,
2026-09-08,2026-09-08,FO,NSE,IDO,63695,,MIDCPNIFTY,,2026-11-23,2026-11-23,13750.00,CE,MIDCPNIFTY26NOV13750CE,0.00,0.00,0.00,1599.15,0.00,1599.15,14672.55,1269.82,0,0,0,0.00,0,F1,120,,,,,
2026-09-08,2026-09-08,FO,NSE,IDO,63685,,MIDCPNIFTY,,2026-11-23,2026-11-23,13625.00,CE,MIDCPNIFTY26NOV13625CE,0.00,0.00,0.00,1700.55,0.00,1700.55,14672.55,1366.93,0,0,0,0.00,0,F1,120,,,,,
2026-09-08,2026-09-08,FO,NSE,IDO,63679,,MIDCPNIFTY,,2026-11-23,2026-11-23,13550.00,CE,MIDCPNIFTY26NOV13550CE,0.00,0.00,0.00,1762.65,0.00,1762.65,14672.55,1426.75,0,0,0,0.00,0,F1,120,,,,,
2026-09-08,2026-09-08,FO,NSE,IDO,63665,,MIDCPNIFTY,,2026-11-23,2026-11-23,13375.00,CE,MIDCPNIFTY26NOV13375CE,0.00,0.00,0.00,1910.95,0.00,1910.95,14672.55,1570.57,0,0,0,0.00,0,F1,120,,,,,
2026-09-08,2026-09-08,FO,NSE,IDO,63653,,MIDCPNIFTY,,2026-11-23,2026-11-23,13225.00,CE,MIDCPNIFTY26NOV13225CE,0.00,0.00,0.00,2041.50,0.00,2041.50,14672.55,1698.15,0,0,0,0.00,0,F1,120,,,,,
2026-09-08,2026-09-08,FO,NSE,IDO,51080,,MIDCPNIFTY,,2026-10-27,2026-10-27,16500.00,CE,MIDCPNIFTY26OCT16500CE,0.00,0.00,0.00,151.50,0.00,151.50,14672.55,46.21,0,0,0,0.00,0,F1,120,,,,,
2026-09-08,2026-09-08,FO,NSE,IDO,51072,,MIDCPNIFTY,,2026-10-27,2026-10-27,16400.00,CE,MIDCPNIFTY26OCT16400CE,0.00,0.00,0.00,166.90,0.00,166.90,14672.55,54.45,0,0,0,0.00,0,F1,120,,,,,
2026-09-08,2026-09-08,FO,NSE,IDO,51064,,MIDCPNIFTY,,2026-10-27,2026-10-27,16300.00,CE,MIDCPNIFTY26OCT16300CE,0.00,0.00,0.00,183.60,0.00,183.60,14672.55,63.92,0,0,0,0.00,0,F1,120,,,,,
2026-09-08,2026-09-08,FO,NSE,IDO,50970,,MIDCPNIFTY,,2026-10-27,2026-10-27,15500.00,CE,MIDCPNIFTY26OCT15500CE,0.00,0.00,0.00,373.10,0.00,373.10,14672.55,202.22,0,0,0,0.00,0,F1,120,,,,,
2026-09-08,2026-09-08,FO,NSE,IDO,50954,,MIDCPNIFTY,,2026-10-27,2026-10-27,15400.00,CE,MIDCPNIFTY26OCT15400CE,0.00,0.00,0.00,404.95,0.00,404.95,14672.55,229.81,0,0,0,0.00,0,F1,120,,,,,
2026-09-08,2026-09-08,FO,NSE,IDO,50942,,MIDCPNIFTY,,2026-10-27,2026-10-27,15275.00,CE,MIDCPNIFTY26OCT15275CE,0.00,0.00,0.00,447.70,0.00,447.70,14672.55,268.29,0,0,0,0.00,0,F1,120,,,,,
2026-09-08,2026-09-08,FO,NSE,IDO,50887,,MIDCPNIFTY,,2026-10-27,2026-10-27,15075.00,CE,MIDCPNIFTY26OCT15075CE,0.00,0.00,0.00,523.05,0.00,523.05,14672.55,339.66,0,0,0,0.00,0,F1,120,,,,,
2026-09-08,2026-09-08,FO,NSE,IDO,73179,,MIDCPNIFTY,,2026-09-29,2026-09-29,15875.00,PE,MIDCPNIFTY26SEP15875PE,0.00,0.00,0.00,1461.65,0.00,1461.65,14672.55,1174.24,0,0,0,0.00,0,F1,120,,,,,
2026-09-08,2026-09-08,FO,NSE,IDO,63748,,MIDCPNIFTY,,2026-11-23,2026-11-23,14250.00,PE,MIDCPNIFTY26NOV14250PE,0.00,0.00,0.00,260.70,0.00,260.70,14672.55,307.50,0,0,0,0.00,0,F1,120,,,,,
2026-09-08,2026-09-08,FO,NSE,IDO,63664,,MIDCPNIFTY,,2026-11-23,2026-11-23,13350.00,PE,MIDCPNIFTY26NOV13350PE,0.00,0.00,0.00,83.25,0.00,83.25,14672.55,93.39,0,0,0,0.00,0,F1,120,,,,,
2026-09-08,2026-09-08,FO,NSE,IDO,72955,,MIDCPNIFTY,,2026-09-29,2026-09-29,14700.00,PE,MIDCPNIFTY26SEP14700PE,194.95,203.00,159.95,173.15,173.20,183.10,14672.55,173.15,291960,14880,9193,16414561038.00,7093,F1,120,,,,,
2026-09-08,2026-09-08,FO,NSE,IDO,72850,,MIDCPNIFTY,,2026-09-29,2026-09-29,14250.00,PE,MIDCPNIFTY26SEP14250PE,0.00,0.00,0.00,483.45,0.00,483.45,14672.55,118.57,0,0,0,0.00,0,F1,120,,,,,
2026-09-08,2026-09-08,FO,NSE,IDO,72792,,MIDCPNIFTY,,2026-09-29,2026-09-29,13825.00,PE,MIDCPNIFTY26SEP13825PE,0.00,0.00,0.00,324.80,0.00,324.80,14672.55,39.33,0,0,0,0.00,0,F1,120,,,,,
2026-09-08,2026-09-08,FO,NSE,IDO,63945,,MIDCPNIFTY,,2026-11-23,2026-11-23,16500.00,CE,MIDCPNIFTY26NOV16500CE,0.00,0.00,0.00,225.75,0.00,225.75,14672.55,111.48,0,0,0,0.00,0,F1,120,,,,,
2026-09-08,2026-09-08,FO,NSE,IDO,63825,,MIDCPNIFTY,,2026-11-23,2026-11-23,15050.00,CE,MIDCPNIFTY26NOV15050CE,0.00,0.00,0.00,735.65,0.00,735.65,14672.55,490.63,0,0,0,0.00,0,F1,120,,,,,
2026-09-08,2026-09-08,FO,NSE,IDO,63771,,MIDCPNIFTY,,2026-11-23,2026-11-23,14500.00,CE,MIDCPNIFTY26NOV14500CE,0.00,0.00,0.00,1054.40,0.00,1054.40,14672.55,765.49,0,0,0,0.00,0,F1,120,,,,,
2026-09-08,2026-09-08,FO,NSE,IDO,63687,,MIDCPNIFTY,,2026-11-23,2026-11-23,13650.00,CE,MIDCPNIFTY26NOV13650CE,0.00,0.00,0.00,1680.10,0.00,1680.10,14672.55,1347.24,0,0,0,0.00,0,F1,120,,,,,
2026-09-08,2026-09-08,FO,NSE,IDO,50873,,MIDCPNIFTY,,2026-10-27,2026-10-27,14900.00,CE,MIDCPNIFTY26OCT14900CE,0.00,0.00,0.00,596.30,0.00,596.30,14672.55,412.61,0,0,0,0.00,0,F1,120,,,,,
2026-09-08,2026-09-08,FO,NSE,IDO,50789,,MIDCPNIFTY,,2026-10-27,2026-10-27,14325.00,CE,MIDCPNIFTY26OCT14325CE,0.00,0.00,0.00,887.10,0.00,887.10,14672.55,725.22,0,0,0,0.00,0,F1,120,,,,,
2026-09-08,2026-09-08,FO,NSE,IDO,63741,,MIDCPNIFTY,,2026-11-23,2026-11-23,14225.00,CE,MIDCPNIFTY26NOV14225CE,0.00,0.00,0.00,1240.95,0.00,1240.95,14672.55,933.64,0,0,0,0.00,0,F1,120,,,,,
2026-09-08,2026-09-08,FO,NSE,IDO,63795,,MIDCPNIFTY,,2026-11-23,2026-11-23,14700.00,CE,MIDCPNIFTY26NOV14700CE,0.00,0.00,0.00,930.15,0.00,930.15,14672.55,656.05,0,0,0,0.00,0,F1,120,,,,,
2026-09-08,2026-09-08,FO,NSE,IDO,63797,,MIDCPNIFTY,,2026-11-23,2026-11-23,14725.00,CE,MIDCPNIFTY26NOV14725CE,0.00,0.00,0.00,915.30,0.00,915.30,14672.55,643.13,0,0,0,0.00,0,F1,120,,,,,
2026-09-08,2026-09-08,FO,NSE,IDO,63835,,MIDCPNIFTY,,2026-11-23,2026-11-23,15150.00,CE,MIDCPNIFTY26NOV15150CE,0.00,0.00,0.00,685.40,0.00,685.40,14672.55,449.38,0,0,0,0.00,0,F1,120,,,,,
2026-09-08,2026-09-08,FO,NSE,IDO,63929,,MIDCPNIFTY,,2026-11-23,2026-11-23,16300.00,CE,MIDCPNIFTY26NOV16300CE,0.00,0.00,0.00,271.50,0.00,271.50,14672.55,140.45,0,0,0,0.00,0,F1,120,,,,,
2026-09-08,2026-09-08,FO,NSE,IDO,72629,,MIDCPNIFTY,,2026-09-29,2026-09-29,13050.00,PE,MIDCPNIFTY26SEP13050PE,0.00,0.00,0.00,134.85,0.00,134.85,14672.55,2.30,0,0,0,0.00,0,F1,120,,,,,
2026-09-08,2026-09-08,FO,NSE,IDO,72826,,MIDCPNIFTY,,2026-09-29,2026-09-29,14125.00,PE,MIDCPNIFTY26SEP14125PE,0.00,0.00,0.00,432.50,0.00,432.50,14672.55,88.27,0,0,0,0.00,0,F1,120,,,,,
2026-09-08,2026-09-08,FO,NSE,IDO,72845,,MIDCPNIFTY,,2026-09-29,2026-09-29,14225.00,PE,MIDCPNIFTY26SEP14225PE,0.00,0.00,0.00,473.00,0.00,473.00,14672.55,112.60,0,0,0,0.00,0,F1,120,,,,,
2026-09-08,2026-09-08,FO,NSE,IDO,72933,,MIDCPNIFTY,,2026-09-29,2026-09-29,14425.00,PE,MIDCPNIFTY26SEP14425PE,0.00,0.00,0.00,560.90,0.00,560.90,14672.55,173.15,0,0,0,0.00,0,F1,120,,,,,
2026-09-08,2026-09-08,FO,NSE,IDO,72935,,MIDCPNIFTY,,2026-09-29,2026-09-29,14450.00,PE,MIDCPNIFTY26SEP14450PE,0.00,0.00,0.00,572.55,0.00,572.55,14672.55,182.16,0,0,0,0.00,0,F1,120,,,,,
2026-09-08,2026-09-08,FO,NSE,IDO,73018,,MIDCPNIFTY,,2026-09-29,2026-09-29,15250.00,PE,MIDCPNIFTY26SEP15250PE,0.00,0.00,0.00,594.00,594.00,594.00,14672.55,639.60,4320,0,0,0.00,0,F1,120,,,,,
2026-09-08,2026-09-08,FO,NSE,IDO,73029,,MIDCPNIFTY,,2026-09-29,2026-09-29,15275.00,PE,MIDCPNIFTY26SEP15275PE,0.00,0.00,0.00,350.70,350.70,350.70,14672.55,658.11,1440,0,0,0.00,0,F1,120,,,,,
2026-09-08,2026-09-08,FO,NSE,IDO,73096,,MIDCPNIFTY,,2026-09-29,2026-09-29,15475.00,PE,MIDCPNIFTY26SEP15475PE,0.00,0.00,0.00,1170.35,0.00,1170.35,14672.55,819.03,0,0,0,0.00,0,F1,120,,,,,
2026-09-08,2026-09-08,FO,NSE,IDO,73243,,MIDCPNIFTY,,2026-09-29,2026-09-29,16050.00,PE,MIDCPNIFTY26SEP16050PE,0.00,0.00,0.00,1596.60,0.00,1596.60,14672.55,1338.99,0,0,0,0.00,0,F1,120,,,,,
2026-09-08,2026-09-08,FO,NSE,IDO,50682,,MIDCPNIFTY,,2026-10-27,2026-10-27,13425.00,PE,MIDCPNIFTY26OCT13425PE,0.00,0.00,0.00,177.75,0.00,177.75,14672.55,56.90,0,0,0,0.00,0,F1,120,,,,,
2026-09-08,2026-09-08,FO,NSE,IDO,50756,,MIDCPNIFTY,,2026-10-27,2026-10-27,14100.00,PE,MIDCPNIFTY26OCT14100PE,0.00,0.00,0.00,369.35,0.00,369.35,14672.55,185.02,0,0,0,0.00,0,F1,120,,,,,
2026-09-08,2026-09-08,FO,NSE,IDO,63783,,MIDCPNIFTY,,2026-11-23,2026-11-23,14600.00,CE,MIDCPNIFTY26NOV14600CE,0.00,0.00,0.00,991.10,0.00,991.10,14672.55,709.40,0,0,0,0.00,0,F1,120,,,,,
2026-09-08,2026-09-08,FO,NSE,IDO,63866,,MIDCPNIFTY,,2026-11-23,2026-11-23,15525.00,PE,MIDCPNIFTY26NOV15525PE,0.00,0.00,0.00,811.85,0.00,811.85,14672.55,965.33,0,0,0,0.00,0,F1,120,,,,,
2026-09-08,2026-09-08,FO,NSE,IDO,63862,,MIDCPNIFTY,,2026-11-23,2026-11-23,15475.00,PE,MIDCPNIFTY26NOV15475PE,0.00,0.00,0.00,783.00,0.00,783.00,14672.55,931.66,0,0,0,0.00,0,F1,120,,,,,
2026-09-08,2026-09-08,FO,NSE,IDO,63830,,MIDCPNIFTY,,2026-11-23,2026-11-23,15075.00,PE,MIDCPNIFTY26NOV15075PE,0.00,0.00,0.00,573.00,0.00,573.00,14672.55,684.20,0,0,0,0.00,0,F1,120,,,,,
2026-09-08,2026-09-08,FO,NSE,IDO,63794,,MIDCPNIFTY,,2026-11-23,2026-11-23,14675.00,PE,MIDCPNIFTY26NOV14675PE,0.00,0.00,0.00,401.25,0.00,401.25,14672.55,478.52,0,0,0,0.00,0,F1,120,,,,,
2026-09-08,2026-09-08,FO,NSE,IDO,63778,,MIDCPNIFTY,,2026-11-23,2026-11-23,14575.00,PE,MIDCPNIFTY26NOV14575PE,0.00,0.00,0.00,364.30,0.00,364.30,14672.55,433.88,0,0,0,0.00,0,F1,120,,,,,
2026-09-08,2026-09-08,FO,NSE,IDO,63694,,MIDCPNIFTY,,2026-11-23,2026-11-23,13725.00,PE,MIDCPNIFTY26NOV13725PE,0.00,0.00,0.00,139.45,0.00,139.45,14672.55,160.86,0,0,0,0.00,0,F1,120,,,,,
2026-09-08,2026-09-08,FO,NSE,IDO,50977,,MIDCPNIFTY,,2026-10-27,2026-10-27,15575.00,PE,MIDCPNIFTY26OCT15575PE,0.00,0.00,0.00,1150.50,0.00,1150.50,14672.55,954.00,0,0,0,0.00,0,F1,120,,,,,
2026-09-08,2026-09-08,FO,NSE,IDO,50899,,MIDCPNIFTY,,2026-10-27,2026-10-27,15175.00,PE,MIDCPNIFTY26OCT15175PE,0.00,0.00,0.00,890.30,0.00,890.30,14672.55,675.86,0,0,0,0.00,0,F1,120,,,,,
2026-09-08,2026-09-08,FO,NSE,IDO,50850,,MIDCPNIFTY,,2026-10-27,2026-10-27,14775.00,PE,MIDCPNIFTY26OCT14775PE,0.00,0.00,0.00,278.00,278.00,278.00,14672.55,447.82,120,0,0,0.00,0,F1,120,,,,,
2026-09-08,2026-09-08,FO,NSE,IDO,50820,,MIDCPNIFTY,,2026-10-27,2026-10-27,14525.00,PE,MIDCPNIFTY26OCT14525PE,0.00,0.00,0.00,542.90,0.00,542.90,14672.55,332.73,0,0,0,0.00,0,F1,120,,,,,
2026-09-08,2026-09-08,FO,NSE,IDO,50814,,MIDCPNIFTY,,2026-10-27,2026-10-27,14500.00,PE,MIDCPNIFTY26OCT14500PE,0.00,0.00,0.00,531.50,0.00,531.50,14672.55,322.39,0,0,0,0.00,0,F1,120,,,,,
2026-09-08,2026-09-08,FO,NSE,IDO,50802,,MIDCPNIFTY,,2026-10-27,2026-10-27,14400.00,PE,MIDCPNIFTY26OCT14400PE,0.00,0.00,0.00,487.45,0.00,487.45,14672.55,283.13,0,0,0,0.00,0,F1,120,,,,,
2026-09-08,2026-09-08,FO,NSE,IDO,50786,,MIDCPNIFTY,,2026-10-27,2026-10-27,14275.00,PE,MIDCPNIFTY26OCT14275PE,0.00,0.00,0.00,435.65,0.00,435.65,14672.55,238.74,0,0,0,0.00,0,F1,120,,,,,
2026-09-08,2026-09-08,FO,NSE,IDO,72616,,MIDCPNIFTY,,2026-09-29,2026-09-29,12900.00,CE,MIDCPNIFTY26SEP12900CE,0.00,0.00,0.00,1834.95,0.00,1834.95,14672.55,1816.82,0,0,0,0.00,0,F1,120,,,,,
2026-09-08,2026-09-08,FO,NSE,IDO,72628,,MIDCPNIFTY,,2026-09-29,2026-09-29,13050.00,CE,MIDCPNIFTY26SEP13050CE,0.00,0.00,0.00,1711.35,0.00,1711.35,14672.55,1668.47,0,0,0,0.00,0,F1,120,,,,,
2026-09-08,2026-09-08,FO,NSE,IDO,72634,,MIDCPNIFTY,,2026-09-29,2026-09-29,13125.00,CE,MIDCPNIFTY26SEP13125CE,0.00,0.00,0.00,1650.95,0.00,1650.95,14672.55,1594.61,0,0,0,0.00,0,F1,120,,,,,
2026-09-08,2026-09-08,FO,NSE,IDO,72778,,MIDCPNIFTY,,2026-09-29,2026-09-29,13775.00,CE,MIDCPNIFTY26SEP13775CE,0.00,0.00,0.00,1171.45,0.00,1171.45,14672.55,977.48,0,0,0,0.00,0,F1,120,,,,,
2026-09-08,2026-09-08,FO,NSE,IDO,72795,,MIDCPNIFTY,,2026-09-29,2026-09-29,13875.00,CE,MIDCPNIFTY26SEP13875CE,0.00,0.00,0.00,1105.50,0.00,1105.50,14672.55,889.40,0,0,0,0.00,0,F1,120,,,,,
2026-09-08,2026-09-08,FO,NSE,IDO,72797,,MIDCPNIFTY,,2026-09-29,2026-09-29,13900.00,CE,MIDCPNIFTY26SEP13900CE,0.00,0.00,0.00,1010.00,1010.00,1010.00,14672.55,867.82,120,0,0,0.00,0,F1,120,,,,,
2026-09-08,2026-09-08,FO,NSE,IDO,72944,,MIDCPNIFTY,,2026-09-29,2026-09-29,14575.00,CE,MIDCPNIFTY26SEP14575CE,221.45,254.65,217.00,239.35,242.10,236.60,14672.55,239.35,10680,600,93,165268104.00,91,F1,120,,,,,
2026-09-08,2026-09-08,FO,NSE,IDO,72946,,MIDCPNIFTY,,2026-09-29,2026-09-29,14600.00,CE,MIDCPNIFTY26SEP14600CE,203.40,246.10,200.05,225.00,230.60,222.75,14672.55,225.00,125520,5760,4506,8014419774.00,3665,F1,120,,,,,
2026-09-08,2026-09-08,FO,NSE,IDO,72958,,MIDCPNIFTY,,2026-09-29,2026-09-29,14750.00,CE,MIDCPNIFTY26SEP14750CE,136.05,160.05,127.30,144.20,148.35,143.50,14672.55,144.20,56520,-2040,930,1662110838.00,785,F1,120,,,,,
2026-09-08,2026-09-08,FO,NSE,IDO,72976,,MIDCPNIFTY,,2026-09-29,2026-09-29,14950.00,CE,MIDCPNIFTY26SEP14950CE,61.95,79.95,61.95,72.45,74.70,70.50,14672.55,72.45,41520,-7680,346,623712060.00,272,F1,120,,,,,
2026-09-08,2026-09-08,FO,NSE,IDO,73114,,MIDCPNIFTY,,2026-09-29,2026-09-29,15575.00,CE,MIDCPNIFTY26SEP15575CE,0.00,0.00,0.00,330.55,0.00,330.55,14672.55,53.85,0,0,0,0.00,0,F1,120,,,,,
2026-09-08,2026-09-08,FO,NSE,IDO,73134,,MIDCPNIFTY,,2026-09-29,2026-09-29,15825.00,CE,MIDCPNIFTY26SEP15825CE,0.00,0.00,0.00,267.85,0.00,267.85,14672.55,28.45,0,0,0,0.00,0,F1,120,,,,,
2026-09-08,2026-09-08,FO,NSE,IDO,73236,,MIDCPNIFTY,,2026-09-29,2026-09-29,16050.00,CE,MIDCPNIFTY26SEP16050CE,0.00,0.00,0.00,219.10,0.00,219.10,14672.55,15.19,0,0,0,0.00,0,F1,120,,,,,
2026-09-08,2026-09-08,FO,NSE,IDO,50703,,MIDCPNIFTY,,2026-10-27,2026-10-27,13625.00,CE,MIDCPNIFTY26OCT13625CE,0.00,0.00,0.00,1345.75,0.00,1345.75,14672.55,1247.03,0,0,0,0.00,0,F1,120,,,,,
2026-09-08,2026-09-08,FO,NSE,IDO,50714,,MIDCPNIFTY,,2026-10-27,2026-10-27,13725.00,CE,MIDCPNIFTY26OCT13725CE,0.00,0.00,0.00,1273.60,0.00,1273.60,14672.55,1164.46,0,0,0,0.00,0,F1,120,,,,,
2026-09-08,2026-09-08,FO,NSE,IDO,50723,,MIDCPNIFTY,,2026-10-27,2026-10-27,13825.00,CE,MIDCPNIFTY26OCT13825CE,0.00,0.00,0.00,1203.00,0.00,1203.00,14672.55,1084.29,0,0,0,0.00,0,F1,120,,,,,
2026-09-08,2026-09-08,FO,NSE,IDO,50780,,MIDCPNIFTY,,2026-10-27,2026-10-27,14250.00,CE,MIDCPNIFTY26OCT14250CE,0.00,0.00,0.00,930.80,0.00,930.80,14672.55,774.17,0,0,0,0.00,0,F1,120,,,,,
2026-09-08,2026-09-08,FO,NSE,IDO,50787,,MIDCPNIFTY,,2026-10-27,2026-10-27,14300.00,CE,MIDCPNIFTY26OCT14300CE,0.00,0.00,0.00,901.55,0.00,901.55,14672.55,741.33,0,0,0,0.00,0,F1,120,,,,,
2026-09-08,2026-09-08,FO,NSE,IDO,50958,,MIDCPNIFTY,,2026-10-27,2026-10-27,15425.00,CE,MIDCPNIFTY26OCT15425CE,0.00,0.00,0.00,396.80,0.00,396.80,14672.55,222.66,0,0,0,0.00,0,F1,120,,,,,
2026-09-08,2026-09-08,FO,NSE,IDO,63711,,MIDCPNIFTY,,2026-11-23,2026-11-23,13950.00,CE,MIDCPNIFTY26NOV13950CE,0.00,0.00,0.00,1442.75,0.00,1442.75,14672.55,1122.13,0,0,0,0.00,0,F1,120,,,,,
2026-09-08,2026-09-08,FO,NSE,IDO,63719,,MIDCPNIFTY,,2026-11-23,2026-11-23,14000.00,CE,MIDCPNIFTY26NOV14000CE,0.00,0.00,0.00,1404.85,0.00,1404.85,14672.55,1086.50,0,0,0,0.00,0,F1,120,,,,,
2026-09-08,2026-09-08,FO,NSE,IDO,63727,,MIDCPNIFTY,,2026-11-23,2026-11-23,14075.00,CE,MIDCPNIFTY26NOV14075CE,0.00,0.00,0.00,1348.90,0.00,1348.90,14672.55,1033.72,0,0,0,0.00,0,F1,120,,,,,
2026-09-08,2026-09-08,FO,NSE,IDO,63733,,MIDCPNIFTY,,2026-11-23,2026-11-23,14125.00,CE,MIDCPNIFTY26NOV14125CE,0.00,0.00,0.00,1312.80,0.00,1312.80,14672.55,999.72,0,0,0,0.00,0,F1,120,,,,,
2026-09-08,2026-09-08,FO,NSE,IDO,72642,,MIDCPNIFTY,,2026-09-29,2026-09-29,13225.00,CE,MIDCPNIFTY26SEP13225CE,0.00,0.00,0.00,1571.90,0.00,1571.90,14672.55,1496.61,0,0,0,0.00,0,F1,120,,,,,
2026-09-08,2026-09-08,FO,NSE,IDO,72620,,MIDCPNIFTY,,2026-09-29,2026-09-29,12950.00,CE,MIDCPNIFTY26SEP12950CE,0.00,0.00,0.00,1793.35,0.00,1793.35,14672.55,1767.29,0,0,0,0.00,0,F1,120,,,,,
2026-09-08,2026-09-08,FO,NSE,IDO,72660,,MIDCPNIFTY,,2026-09-29,2026-09-29,13450.00,CE,MIDCPNIFTY26SEP13450CE,0.00,0.00,0.00,1400.85,0.00,1400.85,14672.55,1279.04,0,0,0,0.00,0,F1,120,,,,,
2026-09-08,2026-09-08,FO,NSE,IDO,72715,,MIDCPNIFTY,,2026-09-29,2026-09-29,13525.00,CE,MIDCPNIFTY26SEP13525CE,0.00,0.00,0.00,1346.45,0.00,1346.45,14672.55,1207.80,0,0,0,0.00,0,F1,120,,,,,
2026-09-08,2026-09-08,FO,NSE,IDO,72765,,MIDCPNIFTY,,2026-09-29,2026-09-29,13700.00,CE,MIDCPNIFTY26SEP13700CE,0.00,0.00,0.00,1200.00,1200.00,1200.00,14672.55,1045.22,480,0,0,0.00,0,F1,120,,,,,
2026-09-08,2026-09-08,FO,NSE,IDO,72787,,MIDCPNIFTY,,2026-09-29,2026-09-29,13800.00,CE,MIDCPNIFTY26SEP13800CE,0.00,0.00,0.00,1095.00,1095.00,1095.00,14672.55,955.21,120,0,0,0.00,0,F1,120,,,,,
2026-09-08,2026-09-08,FO,NSE,IDO,72791,,MIDCPNIFTY,,2026-09-29,2026-09-29,13825.00,CE,MIDCPNIFTY26SEP13825CE,0.00,0.00,0.00,1138.20,0.00,1138.20,14672.55,933.10,0,0,0,0.00,0,F1,120,,,,,
2026-09-08,2026-09-08,FO,NSE,IDO,72805,,MIDCPNIFTY,,2026-09-29,2026-09-29,14000.00,CE,MIDCPNIFTY26SEP14000CE,671.10,723.70,671.10,709.80,709.80,701.05,14672.55,783.48,34680,480,21,37031970.00,14,F1,120,,,,,
2026-09-08,2026-09-08,FO,NSE,IDO,72815,,MIDCPNIFTY,,2026-09-29,2026-09-29,14050.00,CE,MIDCPNIFTY26SEP14050CE,0.00,0.00,0.00,995.50,0.00,995.50,14672.55,742.60,0,0,0,0.00,0,F1,120,,,,,
2026-09-08,2026-09-08,FO,NSE,IDO,72962,,MIDCPNIFTY,,2026-09-29,2026-09-29,14800.00,CE,MIDCPNIFTY26SEP14800CE,119.25,136.95,107.00,122.15,126.70,122.35,14672.55,122.15,457920,2160,6665,11934459438.00,4871,F1,120,,,,,
2026-09-08,2026-09-08,FO,NSE,IDO,72998,,MIDCPNIFTY,,2026-09-29,2026-09-29,15200.00,CE,MIDCPNIFTY26SEP15200CE,24.90,27.75,20.30,24.00,25.05,24.30,14672.55,24.00,284400,-7080,2587,4726160280.00,1896,F1,120,,,,,
2026-09-08,2026-09-08,FO,NSE,IDO,73086,,MIDCPNIFTY,,2026-09-29,2026-09-29,15375.00,CE,MIDCPNIFTY26SEP15375CE,11.30,12.10,8.00,9.70,10.65,10.30,14672.55,9.70,3960,240,34,62775060.00,28,F1,120,,,,,
2026-09-08,2026-09-08,FO,NSE,IDO,73099,,MIDCPNIFTY,,2026-09-29,2026-09-29,15525.00,CE,MIDCPNIFTY26SEP15525CE,0.00,0.00,0.00,344.55,0.00,344.55,14672.55,60.73,0,0,0,0.00,0,F1,120,,,,,
2026-09-08,2026-09-08,FO,NSE,IDO,73193,,MIDCPNIFTY,,2026-09-29,2026-09-29,15925.00,CE,MIDCPNIFTY26SEP15925CE,0.00,0.00,0.00,245.55,0.00,245.55,14672.55,21.66,0,0,0,0.00,0,F1,120,,,,,
2026-09-08,2026-09-08,FO,NSE,IDO,73267,,MIDCPNIFTY,,2026-09-29,2026-09-29,16100.00,CE,MIDCPNIFTY26SEP16100CE,0.00,0.00,0.00,209.45,0.00,209.45,14672.55,13.13,0,0,0,0.00,0,F1,120,,,,,
2026-09-08,2026-09-08,FO,NSE,IDO,50643,,MIDCPNIFTY,,2026-10-27,2026-10-27,13000.00,CE,MIDCPNIFTY26OCT13000CE,0.00,0.00,0.00,1838.90,0.00,1838.90,14672.55,1805.50,0,0,0,0.00,0,F1,120,,,,,
2026-09-08,2026-09-08,FO,NSE,IDO,50671,,MIDCPNIFTY,,2026-10-27,2026-10-27,13325.00,CE,MIDCPNIFTY26OCT13325CE,0.00,0.00,0.00,1573.40,0.00,1573.40,14672.55,1507.20,0,0,0,0.00,0,F1,120,,,,,
2026-09-08,2026-09-08,FO,NSE,IDO,50731,,MIDCPNIFTY,,2026-10-27,2026-10-27,13900.00,CE,MIDCPNIFTY26OCT13900CE,0.00,0.00,0.00,1152.00,0.00,1152.00,14672.55,1025.84,0,0,0,0.00,0,F1,120,,,,,
2026-09-08,2026-09-08,FO,NSE,IDO,50753,,MIDCPNIFTY,,2026-10-27,2026-10-27,14075.00,CE,MIDCPNIFTY26OCT14075CE,0.00,0.00,0.00,1037.90,0.00,1037.90,14672.55,895.96,0,0,0,0.00,0,F1,120,,,,,
2026-09-08,2026-09-08,FO,NSE,IDO,50757,,MIDCPNIFTY,,2026-10-27,2026-10-27,14125.00,CE,MIDCPNIFTY26OCT14125CE,0.00,0.00,0.00,1006.55,0.00,1006.55,14672.55,859.74,0,0,0,0.00,0,F1,120,,,,,
2026-09-08,2026-09-08,FO,NSE,IDO,50817,,MIDCPNIFTY,,2026-10-27,2026-10-27,14525.00,CE,MIDCPNIFTY26OCT14525CE,0.00,0.00,0.00,777.10,0.00,777.10,14672.55,603.77,0,0,0,0.00,0,F1,120,,,,,
2026-09-08,2026-09-08,FO,NSE,IDO,50877,,MIDCPNIFTY,,2026-10-27,2026-10-27,14950.00,CE,MIDCPNIFTY26OCT14950CE,0.00,0.00,0.00,574.65,0.00,574.65,14672.55,390.74,0,0,0,0.00,0,F1,120,,,,,
2026-09-08,2026-09-08,FO,NSE,IDO,50946,,MIDCPNIFTY,,2026-10-27,2026-10-27,15300.00,CE,MIDCPNIFTY26OCT15300CE,0.00,0.00,0.00,438.90,0.00,438.90,14672.55,260.23,0,0,0,0.00,0,F1,120,,,,,
2026-09-08,2026-09-08,FO,NSE,IDO,50983,,MIDCPNIFTY,,2026-10-27,2026-10-27,15625.00,CE,MIDCPNIFTY26OCT15625CE,0.00,0.00,0.00,336.00,0.00,336.00,14672.55,172.24,0,0,0,0.00,0,F1,120,,,,,
2026-09-08,2026-09-08,FO,NSE,IDO,50994,,MIDCPNIFTY,,2026-10-27,2026-10-27,15700.00,CE,MIDCPNIFTY26OCT15700CE,0.00,0.00,0.00,315.20,0.00,315.20,14672.55,155.08,0,0,0,0.00,0,F1,120,,,,,
2026-09-08,2026-09-08,FO,NSE,IDO,63675,,MIDCPNIFTY,,2026-11-23,2026-11-23,13500.00,CE,MIDCPNIFTY26NOV13500CE,0.00,0.00,0.00,1804.55,0.00,1804.55,14672.55,1467.25,0,0,0,0.00,0,F1,120,,,,,
2026-09-08,2026-09-08,FO,NSE,IDO,63693,,MIDCPNIFTY,,2026-11-23,2026-11-23,13725.00,CE,MIDCPNIFTY26NOV13725CE,0.00,0.00,0.00,1619.25,0.00,1619.25,14672.55,1288.97,0,0,0,0.00,0,F1,120,,,,,
2026-09-08,2026-09-08,FO,NSE,IDO,63723,,MIDCPNIFTY,,2026-11-23,2026-11-23,14025.00,CE,MIDCPNIFTY26NOV14025CE,0.00,0.00,0.00,1386.05,0.00,1386.05,14672.55,1068.35,0,0,0,0.00,0,F1,120,,,,,
2026-09-08,2026-09-08,FO,NSE,IDO,63739,,MIDCPNIFTY,,2026-11-23,2026-11-23,14200.00,CE,MIDCPNIFTY26NOV14200CE,0.00,0.00,0.00,1258.70,0.00,1258.70,14672.55,949.91,0,0,0,0.00,0,F1,120,,,,,
2026-09-08,2026-09-08,FO,NSE,IDO,63757,,MIDCPNIFTY,,2026-11-23,2026-11-23,14350.00,CE,MIDCPNIFTY26NOV14350CE,0.00,0.00,0.00,1153.70,0.00,1153.70,14672.55,854.70,0,0,0,0.00,0,F1,120,,,,,
2026-09-08,2026-09-08,FO,NSE,IDO,63839,,MIDCPNIFTY,,2026-11-23,2026-11-23,15200.00,CE,MIDCPNIFTY26NOV15200CE,0.00,0.00,0.00,661.25,0.00,661.25,14672.55,429.72,0,0,0,0.00,0,F1,120,,,,,
2026-09-08,2026-09-08,FO,NSE,IDO,63845,,MIDCPNIFTY,,2026-11-23,2026-11-23,15275.00,CE,MIDCPNIFTY26NOV15275CE,0.00,0.00,0.00,626.05,0.00,626.05,14672.55,401.44,0,0,0,0.00,0,F1,120,,,,,
2026-09-08,2026-09-08,FO,NSE,IDO,63863,,MIDCPNIFTY,,2026-11-23,2026-11-23,15500.00,CE,MIDCPNIFTY26NOV15500CE,0.00,0.00,0.00,528.50,0.00,528.50,14672.55,324.88,0,0,0,0.00,0,F1,120,,,,,
2026-09-08,2026-09-08,FO,NSE,IDO,63865,,MIDCPNIFTY,,2026-11-23,2026-11-23,15525.00,CE,MIDCPNIFTY26NOV15525CE,0.00,0.00,0.00,518.40,0.00,518.40,14672.55,317.11,0,0,0,0.00,0,F1,120,,,,,
2026-09-08,2026-09-08,FO,NSE,IDO,63881,,MIDCPNIFTY,,2026-11-23,2026-11-23,15725.00,CE,MIDCPNIFTY26NOV15725CE,0.00,0.00,0.00,442.50,0.00,442.50,14672.55,260.05,0,0,0,0.00,0,F1,120,,,,,
2026-09-08,2026-09-08,FO,NSE,IDO,63883,,MIDCPNIFTY,,2026-11-23,2026-11-23,15750.00,CE,MIDCPNIFTY26NOV15750CE,0.00,0.00,0.00,433.65,0.00,433.65,14672.55,253.53,0,0,0,0.00,0,F1,120,,,,,
2026-09-08,2026-09-08,FO,NSE,IDO,63911,,MIDCPNIFTY,,2026-11-23,2026-11-23,16100.00,CE,MIDCPNIFTY26NOV16100CE,0.00,0.00,0.00,323.15,0.00,323.15,14672.55,175.46,0,0,0,0.00,0,F1,120,,,,,
2026-09-08,2026-09-08,FO,NSE,IDO,72631,,MIDCPNIFTY,,2026-09-29,2026-09-29,13075.00,PE,MIDCPNIFTY26SEP13075PE,0.00,0.00,0.00,139.20,0.00,139.20,14672.55,2.57,0,0,0,0.00,0,F1,120,,,,,
2026-09-08,2026-09-08,FO,NSE,IDO,72637,,MIDCPNIFTY,,2026-09-29,2026-09-29,13150.00,PE,MIDCPNIFTY26SEP13150PE,0.00,0.00,0.00,152.95,0.00,152.95,14672.55,3.55,0,0,0,0.00,0,F1,120,,,,,
2026-09-08,2026-09-08,FO,NSE,IDO,72651,,MIDCPNIFTY,,2026-09-29,2026-09-29,13325.00,PE,MIDCPNIFTY26SEP13325PE,0.00,0.00,0.00,188.95,0.00,188.95,14672.55,7.21,0,0,0,0.00,0,F1,120,,,,,
2026-09-08,2026-09-08,FO,NSE,IDO,72816,,MIDCPNIFTY,,2026-09-29,2026-09-29,14050.00,PE,MIDCPNIFTY26SEP14050PE,0.00,0.00,0.00,403.65,0.00,403.65,14672.55,73.08,0,0,0,0.00,0,F1,120,,,,,
2026-09-08,2026-09-08,FO,NSE,IDO,72951,,MIDCPNIFTY,,2026-09-29,2026-09-29,14650.00,PE,MIDCPNIFTY26SEP14650PE,164.90,175.60,139.20,149.85,147.55,159.10,14672.55,149.85,77160,7320,4906,8717126868.00,3616,F1,120,,,,,
2026-09-08,2026-09-08,FO,NSE,IDO,72993,,MIDCPNIFTY,,2026-09-29,2026-09-29,15125.00,PE,MIDCPNIFTY26SEP15125PE,0.00,0.00,0.00,459.80,459.80,459.80,14672.55,547.19,2640,0,0,0.00,0,F1,120,,,,,
2026-09-08,2026-09-08,FO,NSE,IDO,73129,,MIDCPNIFTY,,2026-09-29,2026-09-29,15750.00,PE,MIDCPNIFTY26SEP15750PE,0.00,0.00,0.00,1367.70,0.00,1367.70,14672.55,1059.48,0,0,0,0.00,0,F1,120,,,,,
2026-09-08,2026-09-08,FO,NSE,IDO,73295,,MIDCPNIFTY,,2026-09-29,2026-09-29,16200.00,PE,MIDCPNIFTY26SEP16200PE,0.00,0.00,0.00,1716.30,0.00,1716.30,14672.55,1483.02,0,0,0,0.00,0,F1,120,,,,,
2026-09-08,2026-09-08,FO,NSE,IDO,73373,,MIDCPNIFTY,,2026-09-29,2026-09-29,16500.00,PE,MIDCPNIFTY26SEP16500PE,0.00,0.00,0.00,1450.00,1450.00,1450.00,14672.55,1776.02,3480,0,0,0.00,0,F1,120,,,,,
2026-09-08,2026-09-08,FO,NSE,IDO,50674,,MIDCPNIFTY,,2026-10-27,2026-10-27,13350.00,PE,MIDCPNIFTY26OCT13350PE,0.00,0.00,0.00,162.20,0.00,162.20,14672.55,48.84,0,0,0,0.00,0,F1,120,,,,,
2026-09-08,2026-09-08,FO,NSE,IDO,50708,,MIDCPNIFTY,,2026-10-27,2026-10-27,13650.00,PE,MIDCPNIFTY26OCT13650PE,0.00,0.00,0.00,231.45,0.00,231.45,14672.55,87.57,0,0,0,0.00,0,F1,120,,,,,
2026-09-08,2026-09-08,FO,NSE,IDO,50712,,MIDCPNIFTY,,2026-10-27,2026-10-27,13700.00,PE,MIDCPNIFTY26OCT13700PE,0.00,0.00,0.00,244.60,0.00,244.60,14672.55,95.86,0,0,0,0.00,0,F1,120,,,,,
2026-09-08,2026-09-08,FO,NSE,IDO,50751,,MIDCPNIFTY,,2026-10-27,2026-10-27,14050.00,PE,MIDCPNIFTY26OCT14050PE,0.00,0.00,0.00,351.70,0.00,351.70,14672.55,172.08,0,0,0,0.00,0,F1,120,,,,,
2026-09-08,2026-09-08,FO,NSE,IDO,50788,,MIDCPNIFTY,,2026-10-27,2026-10-27,14300.00,PE,MIDCPNIFTY26OCT14300PE,0.00,0.00,0.00,445.70,0.00,445.70,14672.55,247.21,0,0,0,0.00,0,F1,120,,,,,
2026-09-08,2026-09-08,FO,NSE,IDO,50790,,MIDCPNIFTY,,2026-10-27,2026-10-27,14325.00,PE,MIDCPNIFTY26OCT14325PE,0.00,0.00,0.00,455.90,0.00,455.90,14672.55,255.88,0,0,0,0.00,0,F1,120,,,,,
2026-09-08,2026-09-08,FO,NSE,IDO,50824,,MIDCPNIFTY,,2026-10-27,2026-10-27,14550.00,PE,MIDCPNIFTY26OCT14550PE,0.00,0.00,0.00,554.45,0.00,554.45,14672.55,343.28,0,0,0,0.00,0,F1,120,,,,,
2026-09-08,2026-09-08,FO,NSE,IDO,50826,,MIDCPNIFTY,,2026-10-27,2026-10-27,14575.00,PE,MIDCPNIFTY26OCT14575PE,221.35,223.65,219.55,219.55,219.55,221.35,14672.55,354.05,600,120,3,5326746.00,3,F1,120,,,,,
2026-09-08,2026-09-08,FO,NSE,IDO,50951,,MIDCPNIFTY,,2026-10-27,2026-10-27,15350.00,PE,MIDCPNIFTY26OCT15350PE,0.00,0.00,0.00,1000.05,0.00,1000.05,14672.55,791.61,0,0,0,0.00,0,F1,120,,,,,
2026-09-08,2026-09-08,FO,NSE,IDO,50953,,MIDCPNIFTY,,2026-10-27,2026-10-27,15375.00,PE,MIDCPNIFTY26OCT15375PE,0.00,0.00,0.00,1016.30,0.00,1016.30,14672.55,808.88,0,0,0,0.00,0,F1,120,,,,,
2026-09-08,2026-09-08,FO,NSE,IDO,51081,,MIDCPNIFTY,,2026-10-27,2026-10-27,16500.00,PE,MIDCPNIFTY26OCT16500PE,0.00,0.00,0.00,1862.65,0.00,1862.65,14672.55,1733.38,0,0,0,0.00,0,F1,120,,,,,
2026-09-08,2026-09-08,FO,NSE,IDO,63646,,MIDCPNIFTY,,2026-11-23,2026-11-23,13125.00,PE,MIDCPNIFTY26NOV13125PE,0.00,0.00,0.00,59.25,0.00,59.25,14672.55,64.99,0,0,0,0.00,0,F1,120,,,,,
2026-09-08,2026-09-08,FO,NSE,IDO,63680,,MIDCPNIFTY,,2026-11-23,2026-11-23,13550.00,PE,MIDCPNIFTY26NOV13550PE,0.00,0.00,0.00,110.50,0.00,110.50,14672.55,125.94,0,0,0,0.00,0,F1,120,,,,,
2026-09-08,2026-09-08,FO,NSE,IDO,63702,,MIDCPNIFTY,,2026-11-23,2026-11-23,13825.00,PE,MIDCPNIFTY26NOV13825PE,0.00,0.00,0.00,158.35,0.00,158.35,14672.55,183.77,0,0,0,0.00,0,F1,120,,,,,
2026-09-08,2026-09-08,FO,NSE,IDO,63808,,MIDCPNIFTY,,2026-11-23,2026-11-23,14850.00,PE,MIDCPNIFTY26NOV14850PE,0.00,0.00,0.00,471.70,0.00,471.70,14672.55,563.16,0,0,0,0.00,0,F1,120,,,,,
2026-09-08,2026-09-08,FO,NSE,IDO,63852,,MIDCPNIFTY,,2026-11-23,2026-11-23,15350.00,PE,MIDCPNIFTY26NOV15350PE,0.00,0.00,0.00,713.30,0.00,713.30,14672.55,850.07,0,0,0,0.00,0,F1,120,,,,,
2026-09-08,2026-09-08,FO,NSE,IDO,63864,,MIDCPNIFTY,,2026-11-23,2026-11-23,15500.00,PE,MIDCPNIFTY26NOV15500PE,0.00,0.00,0.00,702.00,702.00,702.00,14672.55,948.42,120,0,0,0.00,0,F1,120,,,,,
2026-09-08,2026-09-08,FO,NSE,IDO,63946,,MIDCPNIFTY,,2026-11-23,2026-11-23,16500.00,PE,MIDCPNIFTY26NOV16500PE,0.00,0.00,0.00,1479.75,0.00,1479.75,14672.55,1721.87,0,0,0,0.00,0,F1,120,,,,,
2026-09-08,2026-09-08,FO,NSE,IDO,50657,,MIDCPNIFTY,,2026-10-27,2026-10-27,13175.00,CE,MIDCPNIFTY26OCT13175CE,0.00,0.00,0.00,1693.75,0.00,1693.75,14672.55,1643.11,0,0,0,0.00,0,F1,120,,,,,
2026-09-08,2026-09-08,FO,NSE,IDO,50691,,MIDCPNIFTY,,2026-10-27,2026-10-27,13525.00,CE,MIDCPNIFTY26OCT13525CE,0.00,0.00,0.00,1419.35,0.00,1419.35,14672.55,1331.80,0,0,0,0.00,0,F1,120,,,,,
2026-09-08,2026-09-08,FO,NSE,IDO,50806,,MIDCPNIFTY,,2026-10-27,2026-10-27,14450.00,CE,MIDCPNIFTY26OCT14450CE,0.00,0.00,0.00,817.25,0.00,817.25,14672.55,647.74,0,0,0,0.00,0,F1,120,,,,,
2026-09-08,2026-09-08,FO,NSE,IDO,50885,,MIDCPNIFTY,,2026-10-27,2026-10-27,15050.00,CE,MIDCPNIFTY26OCT15050CE,0.00,0.00,0.00,533.10,0.00,533.10,14672.55,349.47,0,0,0,0.00,0,F1,120,,,,,
2026-09-08,2026-09-08,FO,NSE,IDO,50902,,MIDCPNIFTY,,2026-10-27,2026-10-27,15225.00,CE,MIDCPNIFTY26OCT15225CE,0.00,0.00,0.00,465.75,0.00,465.75,14672.55,284.97,0,0,0,0.00,0,F1,120,,,,,
2026-09-08,2026-09-08,FO,NSE,IDO,50976,,MIDCPNIFTY,,2026-10-27,2026-10-27,15575.00,CE,MIDCPNIFTY26OCT15575CE,0.00,0.00,0.00,350.45,0.00,350.45,14672.55,183.97,0,0,0,0.00,0,F1,120,,,,,
2026-09-08,2026-09-08,FO,NSE,IDO,63657,,MIDCPNIFTY,,2026-11-23,2026-11-23,13275.00,CE,MIDCPNIFTY26NOV13275CE,0.00,0.00,0.00,1997.65,0.00,1997.65,14672.55,1655.21,0,0,0,0.00,0,F1,120,,,,,
2026-09-08,2026-09-08,FO,NSE,IDO,63661,,MIDCPNIFTY,,2026-11-23,2026-11-23,13325.00,CE,MIDCPNIFTY26NOV13325CE,0.00,0.00,0.00,1954.15,0.00,1954.15,14672.55,1612.68,0,0,0,0.00,0,F1,120,,,,,
2026-09-08,2026-09-08,FO,NSE,IDO,63669,,MIDCPNIFTY,,2026-11-23,2026-11-23,13425.00,CE,MIDCPNIFTY26NOV13425CE,0.00,0.00,0.00,1868.10,0.00,1868.10,14672.55,1528.90,0,0,0,0.00,0,F1,120,,,,,
2026-09-08,2026-09-08,FO,NSE,IDO,63775,,MIDCPNIFTY,,2026-11-23,2026-11-23,14550.00,CE,MIDCPNIFTY26NOV14550CE,0.00,0.00,0.00,1022.50,0.00,1022.50,14672.55,737.11,0,0,0,0.00,0,F1,120,,,,,
2026-09-08,2026-09-08,FO,NSE,IDO,63903,,MIDCPNIFTY,,2026-11-23,2026-11-23,16000.00,CE,MIDCPNIFTY26NOV16000CE,0.00,0.00,0.00,352.20,0.00,352.20,14672.55,195.49,0,0,0,0.00,0,F1,120,,,,,
2026-09-08,2026-09-08,FO,NSE,IDO,72753,,MIDCPNIFTY,,2026-09-29,2026-09-29,13650.00,PE,MIDCPNIFTY26SEP13650PE,0.00,0.00,0.00,271.80,0.00,271.80,14672.55,22.90,0,0,0,0.00,0,F1,120,,,,,
2026-09-08,2026-09-08,FO,NSE,IDO,72774,,MIDCPNIFTY,,2026-09-29,2026-09-29,13750.00,PE,MIDCPNIFTY26SEP13750PE,0.00,0.00,0.00,301.00,0.00,301.00,14672.55,31.40,0,0,0,0.00,0,F1,120,,,,,
2026-09-08,2026-09-08,FO,NSE,IDO,72647,,MIDCPNIFTY,,2026-09-29,2026-09-29,13275.00,PE,MIDCPNIFTY26SEP13275PE,0.00,0.00,0.00,178.10,0.00,178.10,14672.55,5.93,0,0,0,0.00,0,F1,120,,,,,
2026-09-08,2026-09-08,FO,NSE,IDO,63882,,MIDCPNIFTY,,2026-11-23,2026-11-23,15725.00,PE,MIDCPNIFTY26NOV15725PE,0.00,0.00,0.00,933.00,0.00,933.00,14672.55,1105.63,0,0,0,0.00,0,F1,120,,,,,
2026-09-08,2026-09-08,FO,NSE,IDO,63860,,MIDCPNIFTY,,2026-11-23,2026-11-23,15450.00,PE,MIDCPNIFTY26NOV15450PE,0.00,0.00,0.00,768.75,0.00,768.75,14672.55,915.04,0,0,0,0.00,0,F1,120,,,,,
2026-09-08,2026-09-08,FO,NSE,IDO,63858,,MIDCPNIFTY,,2026-11-23,2026-11-23,15425.00,PE,MIDCPNIFTY26NOV15425PE,0.00,0.00,0.00,754.65,0.00,754.65,14672.55,898.57,0,0,0,0.00,0,F1,120,,,,,
2026-09-08,2026-09-08,FO,NSE,IDO,63832,,MIDCPNIFTY,,2026-11-23,2026-11-23,15100.00,PE,MIDCPNIFTY26NOV15100PE,0.00,0.00,0.00,585.05,0.00,585.05,14672.55,698.48,0,0,0,0.00,0,F1,120,,,,,
2026-09-08,2026-09-08,FO,NSE,IDO,63806,,MIDCPNIFTY,,2026-11-23,2026-11-23,14825.00,PE,MIDCPNIFTY26NOV14825PE,0.00,0.00,0.00,461.15,0.00,461.15,14672.55,550.55,0,0,0,0.00,0,F1,120,,,,,
2026-09-08,2026-09-08,FO,NSE,IDO,63800,,MIDCPNIFTY,,2026-11-23,2026-11-23,14750.00,PE,MIDCPNIFTY26NOV14750PE,0.00,0.00,0.00,430.55,0.00,430.55,14672.55,513.80,0,0,0,0.00,0,F1,120,,,,,
2026-09-08,2026-09-08,FO,NSE,IDO,63784,,MIDCPNIFTY,,2026-11-23,2026-11-23,14600.00,PE,MIDCPNIFTY26NOV14600PE,0.00,0.00,0.00,373.30,0.00,373.30,14672.55,444.78,0,0,0,0.00,0,F1,120,,,,,
2026-09-08,2026-09-08,FO,NSE,IDO,63772,,MIDCPNIFTY,,2026-11-23,2026-11-23,14500.00,PE,MIDCPNIFTY26NOV14500PE,0.00,0.00,0.00,338.10,0.00,338.10,14672.55,402.19,0,0,0,0.00,0,F1,120,,,,,
2026-09-08,2026-09-08,FO,NSE,IDO,63766,,MIDCPNIFTY,,2026-11-23,2026-11-23,14425.00,PE,MIDCPNIFTY26NOV14425PE,0.00,0.00,0.00,313.20,0.00,313.20,14672.55,372.02,0,0,0,0.00,0,F1,120,,,,,
2026-09-08,2026-09-08,FO,NSE,IDO,63764,,MIDCPNIFTY,,2026-11-23,2026-11-23,14400.00,PE,MIDCPNIFTY26NOV14400PE,0.00,0.00,0.00,305.20,0.00,305.20,14672.55,362.30,0,0,0,0.00,0,F1,120,,,,,
2026-09-08,2026-09-08,FO,NSE,IDO,63760,,MIDCPNIFTY,,2026-11-23,2026-11-23,14375.00,PE,MIDCPNIFTY26NOV14375PE,0.00,0.00,0.00,297.35,0.00,297.35,14672.55,352.75,0,0,0,0.00,0,F1,120,,,,,
2026-09-08,2026-09-08,FO,NSE,IDO,63738,,MIDCPNIFTY,,2026-11-23,2026-11-23,14175.00,PE,MIDCPNIFTY26NOV14175PE,0.00,0.00,0.00,240.10,0.00,240.10,14672.55,282.33,0,0,0,0.00,0,F1,120,,,,,
2026-09-08,2026-09-08,FO,NSE,IDO,50997,,MIDCPNIFTY,,2026-10-27,2026-10-27,15725.00,PE,MIDCPNIFTY26OCT15725PE,0.00,0.00,0.00,1256.25,0.00,1256.25,14672.55,1068.61,0,0,0,0.00,0,F1,120,,,,,
2026-09-08,2026-09-08,FO,NSE,IDO,50991,,MIDCPNIFTY,,2026-10-27,2026-10-27,15650.00,PE,MIDCPNIFTY26OCT15650PE,0.00,0.00,0.00,1202.85,0.00,1202.85,14672.55,1010.38,0,0,0,0.00,0,F1,120,,,,,
2026-09-08,2026-09-08,FO,NSE,IDO,50959,,MIDCPNIFTY,,2026-10-27,2026-10-27,15425.00,PE,MIDCPNIFTY26OCT15425PE,0.00,0.00,0.00,1049.10,0.00,1049.10,14672.55,843.97,0,0,0,0.00,0,F1,120,,,,,
2026-09-08,2026-09-08,FO,NSE,IDO,50957,,MIDCPNIFTY,,2026-10-27,2026-10-27,15400.00,PE,MIDCPNIFTY26OCT15400PE,0.00,0.00,0.00,1032.60,0.00,1032.60,14672.55,826.34,0,0,0,0.00,0,F1,120,,,,,
2026-09-08,2026-09-08,FO,NSE,IDO,50734,,MIDCPNIFTY,,2026-10-27,2026-10-27,13925.00,PE,MIDCPNIFTY26OCT13925PE,0.00,0.00,0.00,310.05,0.00,310.05,14672.55,140.76,0,0,0,0.00,0,F1,120,,,,,
2026-09-08,2026-09-08,FO,NSE,IDO,50722,,MIDCPNIFTY,,2026-10-27,2026-10-27,13800.00,PE,MIDCPNIFTY26OCT13800PE,0.00,0.00,0.00,271.95,0.00,271.95,14672.55,114.22,0,0,0,0.00,0,F1,120,,,,,
2026-09-08,2026-09-08,FO,NSE,IDO,72630,,MIDCPNIFTY,,2026-09-29,2026-09-29,13075.00,CE,MIDCPNIFTY26SEP13075CE,0.00,0.00,0.00,1691.10,0.00,1691.10,14672.55,1643.82,0,0,0,0.00,0,F1,120,,,,,
2026-09-08,2026-09-08,FO,NSE,IDO,72799,,MIDCPNIFTY,,2026-09-29,2026-09-29,13925.00,CE,MIDCPNIFTY26SEP13925CE,0.00,0.00,0.00,1073.35,0.00,1073.35,14672.55,846.43,0,0,0,0.00,0,F1,120,,,,,
2026-09-08,2026-09-08,FO,NSE,IDO,72823,,MIDCPNIFTY,,2026-09-29,2026-09-29,14100.00,CE,MIDCPNIFTY26SEP14100CE,0.00,0.00,0.00,659.35,659.35,659.35,14672.55,702.65,120,0,0,0.00,0,F1,120,,,,,
2026-09-08,2026-09-08,FO,NSE,IDO,72956,,MIDCPNIFTY,,2026-09-29,2026-09-29,14725.00,CE,MIDCPNIFTY26SEP14725CE,171.70,172.25,138.35,155.65,158.40,155.75,14672.55,155.65,35520,-6120,911,1626675636.00,761,F1,120,,,,,
2026-09-08,2026-09-08,FO,NSE,IDO,72994,,MIDCPNIFTY,,2026-09-29,2026-09-29,15150.00,CE,MIDCPNIFTY26SEP15150CE,29.70,34.55,26.85,30.20,30.45,29.70,14672.55,30.20,34920,-720,337,613877772.00,202,F1,120,,,,,
2026-09-08,2026-09-08,FO,NSE,IDO,73088,,MIDCPNIFTY,,2026-09-29,2026-09-29,15400.00,CE,MIDCPNIFTY26SEP15400CE,8.30,10.65,8.10,9.45,9.10,9.55,14672.55,9.45,125040,-13080,635,1174197840.00,417,F1,120,,,,,
2026-09-08,2026-09-08,FO,NSE,IDO,73097,,MIDCPNIFTY,,2026-09-29,2026-09-29,15500.00,CE,MIDCPNIFTY26SEP15500CE,6.05,7.20,5.50,6.35,6.30,6.40,14672.55,6.35,471360,-35160,1991,3704785644.00,1224,F1,120,,,,,
2026-09-08,2026-09-08,FO,NSE,IDO,73186,,MIDCPNIFTY,,2026-09-29,2026-09-29,15900.00,CE,MIDCPNIFTY26SEP15900CE,2.60,2.95,2.15,2.60,2.75,2.40,14672.55,2.60,202200,240,184,351128322.00,96,F1,120,,,,,
2026-09-08,2026-09-08,FO,NSE,IDO,73205,,MIDCPNIFTY,,2026-09-29,2026-09-29,15975.00,CE,MIDCPNIFTY26SEP15975CE,0.00,0.00,0.00,234.35,0.00,234.35,14672.55,18.83,0,0,0,0.00,0,F1,120,,,,,
2026-09-08,2026-09-08,FO,NSE,IDO,50665,,MIDCPNIFTY,,2026-10-27,2026-10-27,13250.00,CE,MIDCPNIFTY26OCT13250CE,0.00,0.00,0.00,1633.10,0.00,1633.10,14672.55,1574.73,0,0,0,0.00,0,F1,120,,,,,
2026-09-08,2026-09-08,FO,NSE,IDO,50719,,MIDCPNIFTY,,2026-10-27,2026-10-27,13775.00,CE,MIDCPNIFTY26OCT13775CE,0.00,0.00,0.00,1238.30,0.00,1238.30,14672.55,1124.06,0,0,0,0.00,0,F1,120,,,,,
2026-09-08,2026-09-08,FO,NSE,IDO,50840,,MIDCPNIFTY,,2026-10-27,2026-10-27,14700.00,CE,MIDCPNIFTY26OCT14700CE,303.80,303.80,303.80,303.80,303.80,320.00,14672.55,508.62,720,120,1,1800456.00,1,F1,120,,,,,
2026-09-08,2026-09-08,FO,NSE,IDO,50900,,MIDCPNIFTY,,2026-10-27,2026-10-27,15200.00,CE,MIDCPNIFTY26OCT15200CE,0.00,0.00,0.00,474.95,0.00,474.95,14672.55,293.60,0,0,0,0.00,0,F1,120,,,,,
2026-09-08,2026-09-08,FO,NSE,IDO,63647,,MIDCPNIFTY,,2026-11-23,2026-11-23,13150.00,CE,MIDCPNIFTY26NOV13150CE,0.00,0.00,0.00,2107.85,0.00,2107.85,14672.55,1763.30,0,0,0,0.00,0,F1,120,,,,,
2026-09-08,2026-09-08,FO,NSE,IDO,63659,,MIDCPNIFTY,,2026-11-23,2026-11-23,13300.00,CE,MIDCPNIFTY26NOV13300CE,0.00,0.00,0.00,1975.85,0.00,1975.85,14672.55,1633.89,0,0,0,0.00,0,F1,120,,,,,
2026-09-08,2026-09-08,FO,NSE,IDO,63713,,MIDCPNIFTY,,2026-11-23,2026-11-23,13975.00,CE,MIDCPNIFTY26NOV13975CE,0.00,0.00,0.00,1423.75,0.00,1423.75,14672.55,1104.24,0,0,0,0.00,0,F1,120,,,,,
2026-09-08,2026-09-08,FO,NSE,IDO,63769,,MIDCPNIFTY,,2026-11-23,2026-11-23,14475.00,CE,MIDCPNIFTY26NOV14475CE,0.00,0.00,0.00,1070.60,0.00,1070.60,14672.55,779.94,0,0,0,0.00,0,F1,120,,,,,
2026-09-08,2026-09-08,FO,NSE,IDO,63789,,MIDCPNIFTY,,2026-11-23,2026-11-23,14650.00,CE,MIDCPNIFTY26NOV14650CE,0.00,0.00,0.00,960.35,0.00,960.35,14672.55,682.38,0,0,0,0.00,0,F1,120,,,,,
2026-09-08,2026-09-08,FO,NSE,IDO,63837,,MIDCPNIFTY,,2026-11-23,2026-11-23,15175.00,CE,MIDCPNIFTY26NOV15175CE,0.00,0.00,0.00,673.25,0.00,673.25,14672.55,439.47,0,0,0,0.00,0,F1,120,,,,,
2026-09-08,2026-09-08,FO,NSE,IDO,63873,,MIDCPNIFTY,,2026-11-23,2026-11-23,15625.00,CE,MIDCPNIFTY26NOV15625CE,0.00,0.00,0.00,479.35,0.00,479.35,14672.55,287.48,0,0,0,0.00,0,F1,120,,,,,
2026-09-08,2026-09-08,FO,NSE,IDO,63937,,MIDCPNIFTY,,2026-11-23,2026-11-23,16400.00,CE,MIDCPNIFTY26NOV16400CE,0.00,0.00,0.00,248.10,0.00,248.10,14672.55,125.26,0,0,0,0.00,0,F1,120,,,,,
2026-09-08,2026-09-08,FO,NSE,IDO,72643,,MIDCPNIFTY,,2026-09-29,2026-09-29,13225.00,PE,MIDCPNIFTY26SEP13225PE,0.00,0.00,0.00,167.70,0.00,167.70,14672.55,4.85,0,0,0,0.00,0,F1,120,,,,,
2026-09-08,2026-09-08,FO,NSE,IDO,72653,,MIDCPNIFTY,,2026-09-29,2026-09-29,13350.00,PE,MIDCPNIFTY26SEP13350PE,0.00,0.00,0.00,194.55,0.00,194.55,14672.55,7.94,0,0,0,0.00,0,F1,120,,,,,
2026-09-08,2026-09-08,FO,NSE,IDO,72655,,MIDCPNIFTY,,2026-09-29,2026-09-29,13375.00,PE,MIDCPNIFTY26SEP13375PE,0.00,0.00,0.00,200.30,0.00,200.30,14672.55,8.73,0,0,0,0.00,0,F1,120,,,,,
2026-09-08,2026-09-08,FO,NSE,IDO,72657,,MIDCPNIFTY,,2026-09-29,2026-09-29,13400.00,PE,MIDCPNIFTY26SEP13400PE,0.00,0.00,0.00,206.10,0.00,206.10,14672.55,9.59,0,0,0,0.00,0,F1,120,,,,,
2026-09-08,2026-09-08,FO,NSE,IDO,72843,,MIDCPNIFTY,,2026-09-29,2026-09-29,14200.00,PE,MIDCPNIFTY26SEP14200PE,41.30,41.65,32.25,33.50,34.35,37.10,14672.55,33.50,105600,56280,3841,6561323610.00,2378,F1,120,,,,,
2026-09-08,2026-09-08,FO,NSE,IDO,72893,,MIDCPNIFTY,,2026-09-29,2026-09-29,14375.00,PE,MIDCPNIFTY26SEP14375PE,70.00,75.40,59.60,62.80,61.70,68.40,14672.55,62.80,143280,1920,210,363950034.00,166,F1,120,,,,,
2026-09-08,2026-09-08,FO,NSE,IDO,72949,,MIDCPNIFTY,,2026-09-29,2026-09-29,14625.00,PE,MIDCPNIFTY26SEP14625PE,150.00,165.15,129.65,139.20,135.30,148.65,14672.55,139.20,29880,13560,2392,4240420200.00,2135,F1,120,,,,,
2026-09-08,2026-09-08,FO,NSE,IDO,72959,,MIDCPNIFTY,,2026-09-29,2026-09-29,14750.00,PE,MIDCPNIFTY26SEP14750PE,215.50,227.45,184.75,197.95,192.60,209.05,14672.55,197.95,39960,3480,459,823703958.00,422,F1,120,,,,,
2026-09-08,2026-09-08,FO,NSE,IDO,72981,,MIDCPNIFTY,,2026-09-29,2026-09-29,14975.00,PE,MIDCPNIFTY26SEP14975PE,368.15,368.15,334.60,341.15,334.60,357.65,14672.55,341.15,21720,-960,11,20223444.00,10,F1,120,,,,,
2026-09-08,2026-09-08,FO,NSE,IDO,72995,,MIDCPNIFTY,,2026-09-29,2026-09-29,15150.00,PE,MIDCPNIFTY26SEP15150PE,501.30,501.30,488.75,488.75,488.75,491.20,14672.55,565.00,2640,-120,2,3754806.00,2,F1,120,,,,,
2026-09-08,2026-09-08,FO,NSE,IDO,72997,,MIDCPNIFTY,,2026-09-29,2026-09-29,15175.00,PE,MIDCPNIFTY26SEP15175PE,0.00,0.00,0.00,319.70,319.70,319.70,14672.55,583.08,1680,0,0,0.00,0,F1,120,,,,,
2026-09-08,2026-09-08,FO,NSE,IDO,72999,,MIDCPNIFTY,,2026-09-29,2026-09-29,15200.00,PE,MIDCPNIFTY26SEP15200PE,530.00,535.00,520.00,520.00,520.00,525.20,14672.55,520.00,16080,0,10,18872106.00,10,F1,120,,,,,
2026-09-08,2026-09-08,FO,NSE,IDO,73264,,MIDCPNIFTY,,2026-09-29,2026-09-29,16075.00,PE,MIDCPNIFTY26SEP16075PE,0.00,0.00,0.00,1616.30,0.00,1616.30,14672.55,1362.84,0,0,0,0.00,0,F1,120,,,,,
2026-09-08,2026-09-08,FO,NSE,IDO,50644,,MIDCPNIFTY,,2026-10-27,2026-10-27,13000.00,PE,MIDCPNIFTY26OCT13000PE,12.00,12.00,11.25,11.25,11.25,12.00,14672.55,11.25,360,-120,6,9368430.00,6,F1,120,,,,,
2026-09-08,2026-09-08,FO,NSE,IDO,50654,,MIDCPNIFTY,,2026-10-27,2026-10-27,13125.00,PE,MIDCPNIFTY26OCT13125PE,0.00,0.00,0.00,121.55,0.00,121.55,14672.55,29.99,0,0,0,0.00,0,F1,120,,,,,
2026-09-08,2026-09-08,FO,NSE,IDO,50662,,MIDCPNIFTY,,2026-10-27,2026-10-27,13225.00,PE,MIDCPNIFTY26OCT13225PE,0.00,0.00,0.00,138.55,0.00,138.55,14672.55,37.45,0,0,0,0.00,0,F1,120,,,,,
2026-09-08,2026-09-08,FO,NSE,IDO,50710,,MIDCPNIFTY,,2026-10-27,2026-10-27,13675.00,PE,MIDCPNIFTY26OCT13675PE,0.00,0.00,0.00,237.95,0.00,237.95,14672.55,91.65,0,0,0,0.00,0,F1,120,,,,,
2026-09-08,2026-09-08,FO,NSE,IDO,50724,,MIDCPNIFTY,,2026-10-27,2026-10-27,13825.00,PE,MIDCPNIFTY26OCT13825PE,0.00,0.00,0.00,279.30,0.00,279.30,14672.55,119.20,0,0,0,0.00,0,F1,120,,,,,
2026-09-08,2026-09-08,FO,NSE,IDO,50730,,MIDCPNIFTY,,2026-10-27,2026-10-27,13875.00,PE,MIDCPNIFTY26OCT13875PE,0.00,0.00,0.00,294.40,0.00,294.40,14672.55,129.65,0,0,0,0.00,0,F1,120,,,,,
2026-09-08,2026-09-08,FO,NSE,IDO,50783,,MIDCPNIFTY,,2026-10-27,2026-10-27,14250.00,PE,MIDCPNIFTY26OCT14250PE,0.00,0.00,0.00,425.75,0.00,425.75,14672.55,230.47,0,0,0,0.00,0,F1,120,,,,,
2026-09-08,2026-09-08,FO,NSE,IDO,50792,,MIDCPNIFTY,,2026-10-27,2026-10-27,14350.00,PE,MIDCPNIFTY26OCT14350PE,0.00,0.00,0.00,466.25,0.00,466.25,14672.55,264.76,0,0,0,0.00,0,F1,120,,,,,
2026-09-08,2026-09-08,FO,NSE,IDO,50844,,MIDCPNIFTY,,2026-10-27,2026-10-27,14725.00,PE,MIDCPNIFTY26OCT14725PE,0.00,0.00,0.00,639.30,0.00,639.30,14672.55,423.14,0,0,0,0.00,0,F1,120,,,,,
2026-09-08,2026-09-08,FO,NSE,IDO,50852,,MIDCPNIFTY,,2026-10-27,2026-10-27,14800.00,PE,MIDCPNIFTY26OCT14800PE,0.00,0.00,0.00,311.05,312.05,311.05,14672.55,460.51,720,0,0,0.00,0,F1,120,,,,,
2026-09-08,2026-09-08,FO,NSE,IDO,50884,,MIDCPNIFTY,,2026-10-27,2026-10-27,15025.00,PE,MIDCPNIFTY26OCT15025PE,0.00,0.00,0.00,801.55,0.00,801.55,14672.55,584.19,0,0,0,0.00,0,F1,120,,,,,
2026-09-08,2026-09-08,FO,NSE,IDO,50894,,MIDCPNIFTY,,2026-10-27,2026-10-27,15150.00,PE,MIDCPNIFTY26OCT15150PE,0.00,0.00,0.00,875.20,0.00,875.20,14672.55,660.08,0,0,0,0.00,0,F1,120,,,,,
2026-09-08,2026-09-08,FO,NSE,IDO,50949,,MIDCPNIFTY,,2026-10-27,2026-10-27,15325.00,PE,MIDCPNIFTY26OCT15325PE,0.00,0.00,0.00,984.00,0.00,984.00,14672.55,774.52,0,0,0,0.00,0,F1,120,,,,,
2026-09-08,2026-09-08,FO,NSE,IDO,51039,,MIDCPNIFTY,,2026-10-27,2026-10-27,16000.00,PE,MIDCPNIFTY26OCT16000PE,0.00,0.00,0.00,858.00,858.00,858.00,14672.55,1292.64,120,0,0,0.00,0,F1,120,,,,,
2026-09-08,2026-09-08,FO,NSE,IDO,63666,,MIDCPNIFTY,,2026-11-23,2026-11-23,13375.00,PE,MIDCPNIFTY26NOV13375PE,0.00,0.00,0.00,86.35,0.00,86.35,14672.55,97.06,0,0,0,0.00,0,F1,120,,,,,
2026-09-08,2026-09-08,FO,NSE,IDO,63676,,MIDCPNIFTY,,2026-11-23,2026-11-23,13500.00,PE,MIDCPNIFTY26NOV13500PE,0.00,0.00,0.00,103.10,0.00,103.10,14672.55,117.10,0,0,0,0.00,0,F1,120,,,,,
2026-09-08,2026-09-08,FO,NSE,IDO,63690,,MIDCPNIFTY,,2026-11-23,2026-11-23,13675.00,PE,MIDCPNIFTY26NOV13675PE,0.00,0.00,0.00,130.65,0.00,130.65,14672.55,150.23,0,0,0,0.00,0,F1,120,,,,,
2026-09-08,2026-09-08,FO,NSE,IDO,63692,,MIDCPNIFTY,,2026-11-23,2026-11-23,13700.00,PE,MIDCPNIFTY26NOV13700PE,0.00,0.00,0.00,135.00,0.00,135.00,14672.55,155.48,0,0,0,0.00,0,F1,120,,,,,
2026-09-08,2026-09-08,FO,NSE,IDO,63700,,MIDCPNIFTY,,2026-11-23,2026-11-23,13800.00,PE,MIDCPNIFTY26NOV13800PE,0.00,0.00,0.00,153.45,0.00,153.45,14672.55,177.83,0,0,0,0.00,0,F1,120,,,,,
2026-09-08,2026-09-08,FO,NSE,IDO,63770,,MIDCPNIFTY,,2026-11-23,2026-11-23,14475.00,PE,MIDCPNIFTY26NOV14475PE,0.00,0.00,0.00,329.65,0.00,329.65,14672.55,391.96,0,0,0,0.00,0,F1,120,,,,,
2026-09-08,2026-09-08,FO,NSE,IDO,63790,,MIDCPNIFTY,,2026-11-23,2026-11-23,14650.00,PE,MIDCPNIFTY26NOV14650PE,0.00,0.00,0.00,391.80,0.00,391.80,14672.55,467.11,0,0,0,0.00,0,F1,120,,,,,
2026-09-08,2026-09-08,FO,NSE,IDO,63818,,MIDCPNIFTY,,2026-11-23,2026-11-23,14975.00,PE,MIDCPNIFTY26NOV14975PE,0.00,0.00,0.00,526.50,0.00,526.50,14672.55,628.74,0,0,0,0.00,0,F1,120,,,,,
2026-09-08,2026-09-08,FO,NSE,IDO,63874,,MIDCPNIFTY,,2026-11-23,2026-11-23,15625.00,PE,MIDCPNIFTY26NOV15625PE,0.00,0.00,0.00,871.30,0.00,871.30,14672.55,1034.38,0,0,0,0.00,0,F1,120,,,,,
2026-09-08,2026-09-08,FO,NSE,IDO,72622,,MIDCPNIFTY,,2026-09-29,2026-09-29,12975.00,CE,MIDCPNIFTY26SEP12975CE,0.00,0.00,0.00,1772.70,0.00,1772.70,14672.55,1742.56,0,0,0,0.00,0,F1,120,,,,,
2026-09-08,2026-09-08,FO,NSE,IDO,72938,,MIDCPNIFTY,,2026-09-29,2026-09-29,14500.00,CE,MIDCPNIFTY26SEP14500CE,280.00,312.00,263.00,290.80,295.40,285.90,14672.55,290.80,146880,5880,490,869192484.00,396,F1,120,,,,,
2026-09-08,2026-09-08,FO,NSE,IDO,72853,,MIDCPNIFTY,,2026-09-29,2026-09-29,14300.00,CE,MIDCPNIFTY26SEP14300CE,435.00,470.45,425.00,445.85,445.85,451.35,14672.55,553.03,1920,120,22,38946714.00,12,F1,120,,,,,
2026-09-08,2026-09-08,FO,NSE,IDO,72846,,MIDCPNIFTY,,2026-09-29,2026-09-29,14250.00,CE,MIDCPNIFTY26SEP14250CE,0.00,0.00,0.00,555.00,555.00,555.00,14672.55,588.75,120,0,0,0.00,0,F1,120,,,,,
2026-09-08,2026-09-08,FO,NSE,IDO,72793,,MIDCPNIFTY,,2026-09-29,2026-09-29,13850.00,CE,MIDCPNIFTY26SEP13850CE,0.00,0.00,0.00,1121.75,0.00,1121.75,14672.55,911.16,0,0,0,0.00,0,F1,120,,,,,
2026-09-08,2026-09-08,FO,NSE,IDO,72749,,MIDCPNIFTY,,2026-09-29,2026-09-29,13625.00,CE,MIDCPNIFTY26SEP13625CE,0.00,0.00,0.00,1275.05,0.00,1275.05,14672.55,1114.20,0,0,0,0.00,0,F1,120,,,,,
2026-09-08,2026-09-08,FO,NSE,IDO,72662,,MIDCPNIFTY,,2026-09-29,2026-09-29,13475.00,CE,MIDCPNIFTY26SEP13475CE,0.00,0.00,0.00,1382.95,0.00,1382.95,14672.55,1255.21,0,0,0,0.00,0,F1,120,,,,,
2026-09-08,2026-09-08,FO,NSE,IDO,72650,,MIDCPNIFTY,,2026-09-29,2026-09-29,13325.00,CE,MIDCPNIFTY26SEP13325CE,0.00,0.00,0.00,1494.70,0.00,1494.70,14672.55,1399.31,0,0,0,0.00,0,F1,120,,,,,
2026-09-08,2026-09-08,FO,NSE,IDO,72644,,MIDCPNIFTY,,2026-09-29,2026-09-29,13250.00,CE,MIDCPNIFTY26SEP13250CE,0.00,0.00,0.00,1552.45,0.00,1552.45,14672.55,1472.21,0,0,0,0.00,0,F1,120,,,,,
2026-09-08,2026-09-08,FO,NSE,IDO,72640,,MIDCPNIFTY,,2026-09-29,2026-09-29,13200.00,CE,MIDCPNIFTY26SEP13200CE,0.00,0.00,0.00,1591.50,0.00,1591.50,14672.55,1521.05,0,0,0,0.00,0,F1,120,,,,,
2026-09-08,2026-09-08,FO,NSE,IDO,72626,,MIDCPNIFTY,,2026-09-29,2026-09-29,13025.00,CE,MIDCPNIFTY26SEP13025CE,0.00,0.00,0.00,1731.70,0.00,1731.70,14672.55,1693.14,0,0,0,0.00,0,F1,120,,,,,
2026-09-08,2026-09-08,FO,NSE,IDO,63878,,MIDCPNIFTY,,2026-11-23,2026-11-23,15675.00,PE,MIDCPNIFTY26NOV15675PE,0.00,0.00,0.00,901.90,0.00,901.90,14672.55,1069.74,0,0,0,0.00,0,F1,120,,,,,
2026-09-08,2026-09-08,FO,NSE,IDO,72862,,MIDCPNIFTY,,2026-09-29,2026-09-29,14325.00,PE,MIDCPNIFTY26SEP14325PE,0.00,0.00,0.00,515.80,0.00,515.80,14672.55,140.17,0,0,0,0.00,0,F1,120,,,,,
2026-09-08,2026-09-08,FO,NSE,IDO,50677,,MIDCPNIFTY,,2026-10-27,2026-10-27,13375.00,PE,MIDCPNIFTY26OCT13375PE,0.00,0.00,0.00,167.25,0.00,167.25,14672.55,51.42,0,0,0,0.00,0,F1,120,,,,,
2026-09-08,2026-09-08,FO,NSE,IDO,72882,,MIDCPNIFTY,,2026-09-29,2026-09-29,14350.00,PE,MIDCPNIFTY26SEP14350PE,0.00,0.00,0.00,526.85,0.00,526.85,14672.55,147.96,0,0,0,0.00,0,F1,120,,,,,
2026-09-08,2026-09-08,FO,NSE,IDO,72957,,MIDCPNIFTY,,2026-09-29,2026-09-29,14725.00,PE,MIDCPNIFTY26SEP14725PE,211.20,213.60,173.10,185.30,177.90,196.40,14672.55,185.30,30720,4800,540,966431382.00,467,F1,120,,,,,
2026-09-08,2026-09-08,FO,NSE,IDO,72971,,MIDCPNIFTY,,2026-09-29,2026-09-29,14875.00,PE,MIDCPNIFTY26SEP14875PE,292.00,292.00,267.75,267.90,267.75,284.20,14672.55,267.90,12960,600,11,20000682.00,11,F1,120,,,,,
2026-09-08,2026-09-08,FO,NSE,IDO,50779,,MIDCPNIFTY,,2026-10-27,2026-10-27,14225.00,PE,MIDCPNIFTY26OCT14225PE,0.00,0.00,0.00,415.95,0.00,415.95,14672.55,222.40,0,0,0,0.00,0,F1,120,,,,,
2026-09-08,2026-09-08,FO,NSE,IDO,50878,,MIDCPNIFTY,,2026-10-27,2026-10-27,14950.00,PE,MIDCPNIFTY26OCT14950PE,0.00,0.00,0.00,759.05,0.00,759.05,14672.55,541.09,0,0,0,0.00,0,F1,120,,,,,
2026-09-08,2026-09-08,FO,NSE,IDO,51049,,MIDCPNIFTY,,2026-10-27,2026-10-27,16100.00,PE,MIDCPNIFTY26OCT16100PE,0.00,0.00,0.00,1538.35,0.00,1538.35,14672.55,1377.73,0,0,0,0.00,0,F1,120,,,,,
2026-09-08,2026-09-08,FO,NSE,IDO,51057,,MIDCPNIFTY,,2026-10-27,2026-10-27,16200.00,PE,MIDCPNIFTY26OCT16200PE,0.00,0.00,0.00,1617.35,0.00,1617.35,14672.55,1464.50,0,0,0,0.00,0,F1,120,,,,,
2026-09-08,2026-09-08,FO,NSE,IDO,63650,,MIDCPNIFTY,,2026-11-23,2026-11-23,13175.00,PE,MIDCPNIFTY26NOV13175PE,0.00,0.00,0.00,64.05,0.00,64.05,14672.55,70.62,0,0,0,0.00,0,F1,120,,,,,
2026-09-08,2026-09-08,FO,NSE,IDO,63660,,MIDCPNIFTY,,2026-11-23,2026-11-23,13300.00,PE,MIDCPNIFTY26NOV13300PE,0.00,0.00,0.00,77.35,0.00,77.35,14672.55,86.38,0,0,0,0.00,0,F1,120,,,,,
2026-09-08,2026-09-08,FO,NSE,IDO,73103,,MIDCPNIFTY,,2026-09-29,2026-09-29,15525.00,PE,MIDCPNIFTY26SEP15525PE,0.00,0.00,0.00,1205.10,0.00,1205.10,14672.55,861.28,0,0,0,0.00,0,F1,120,,,,,
2026-09-08,2026-09-08,FO,NSE,IDO,73117,,MIDCPNIFTY,,2026-09-29,2026-09-29,15600.00,PE,MIDCPNIFTY26SEP15600PE,0.00,0.00,0.00,1258.05,0.00,1258.05,14672.55,925.97,0,0,0,0.00,0,F1,120,,,,,
2026-09-08,2026-09-08,FO,NSE,IDO,73123,,MIDCPNIFTY,,2026-09-29,2026-09-29,15675.00,PE,MIDCPNIFTY26SEP15675PE,0.00,0.00,0.00,1312.05,0.00,1312.05,14672.55,992.09,0,0,0,0.00,0,F1,120,,,,,
2026-09-08,2026-09-08,FO,NSE,IDO,73125,,MIDCPNIFTY,,2026-09-29,2026-09-29,15700.00,PE,MIDCPNIFTY26SEP15700PE,0.00,0.00,0.00,1330.30,0.00,1330.30,14672.55,1014.42,0,0,0,0.00,0,F1,120,,,,,
2026-09-08,2026-09-08,FO,NSE,IDO,73131,,MIDCPNIFTY,,2026-09-29,2026-09-29,15775.00,PE,MIDCPNIFTY26SEP15775PE,0.00,0.00,0.00,1386.30,0.00,1386.30,14672.55,1082.20,0,0,0,0.00,0,F1,120,,,,,
2026-09-08,2026-09-08,FO,NSE,IDO,73133,,MIDCPNIFTY,,2026-09-29,2026-09-29,15800.00,PE,MIDCPNIFTY26SEP15800PE,0.00,0.00,0.00,1405.00,0.00,1405.00,14672.55,1105.05,0,0,0,0.00,0,F1,120,,,,,
2026-09-08,2026-09-08,FO,NSE,IDO,63712,,MIDCPNIFTY,,2026-11-23,2026-11-23,13950.00,PE,MIDCPNIFTY26NOV13950PE,0.00,0.00,0.00,184.60,0.00,184.60,14672.55,216.06,0,0,0,0.00,0,F1,120,,,,,
2026-09-08,2026-09-08,FO,NSE,IDO,63752,,MIDCPNIFTY,,2026-11-23,2026-11-23,14300.00,PE,MIDCPNIFTY26NOV14300PE,0.00,0.00,0.00,274.60,0.00,274.60,14672.55,325.11,0,0,0,0.00,0,F1,120,,,,,
2026-09-08,2026-09-08,FO,NSE,IDO,73187,,MIDCPNIFTY,,2026-09-29,2026-09-29,15900.00,PE,MIDCPNIFTY26SEP15900PE,0.00,0.00,0.00,1480.75,0.00,1480.75,14672.55,1197.51,0,0,0,0.00,0,F1,120,,,,,
2026-09-08,2026-09-08,FO,NSE,IDO,73232,,MIDCPNIFTY,,2026-09-29,2026-09-29,16025.00,PE,MIDCPNIFTY26SEP16025PE,0.00,0.00,0.00,1576.95,0.00,1576.95,14672.55,1315.21,0,0,0,0.00,0,F1,120,,,,,
2026-09-08,2026-09-08,FO,NSE,IDO,63872,,MIDCPNIFTY,,2026-11-23,2026-11-23,15600.00,PE,MIDCPNIFTY26NOV15600PE,0.00,0.00,0.00,856.25,0.00,856.25,14672.55,1016.90,0,0,0,0.00,0,F1,120,,,,,
2026-09-08,2026-09-08,FO,NSE,IDO,63834,,MIDCPNIFTY,,2026-11-23,2026-11-23,15125.00,PE,MIDCPNIFTY26NOV15125PE,0.00,0.00,0.00,597.20,0.00,597.20,14672.55,712.92,0,0,0,0.00,0,F1,120,,,,,
2026-09-08,2026-09-08,FO,NSE,IDO,63804,,MIDCPNIFTY,,2026-11-23,2026-11-23,14800.00,PE,MIDCPNIFTY26NOV14800PE,0.00,0.00,0.00,450.80,0.00,450.80,14672.55,538.11,0,0,0,0.00,0,F1,120,,,,,
2026-09-08,2026-09-08,FO,NSE,IDO,63756,,MIDCPNIFTY,,2026-11-23,2026-11-23,14325.00,PE,MIDCPNIFTY26NOV14325PE,0.00,0.00,0.00,282.00,0.00,282.00,14672.55,334.16,0,0,0,0.00,0,F1,120,,,,,
2026-09-08,2026-09-08,FO,NSE,IDO,72796,,MIDCPNIFTY,,2026-09-29,2026-09-29,13875.00,PE,MIDCPNIFTY26SEP13875PE,0.00,0.00,0.00,341.30,0.00,341.30,14672.55,45.46,0,0,0,0.00,0,F1,120,,,,,
2026-09-08,2026-09-08,FO,NSE,IDO,63875,,MIDCPNIFTY,,2026-11-23,2026-11-23,15650.00,CE,MIDCPNIFTY26NOV15650CE,0.00,0.00,0.00,469.90,0.00,469.90,14672.55,280.42,0,0,0,0.00,0,F1,120,,,,,
2026-09-08,2026-09-08,FO,NSE,IDO,63869,,MIDCPNIFTY,,2026-11-23,2026-11-23,15575.00,CE,MIDCPNIFTY26NOV15575CE,0.00,0.00,0.00,498.60,0.00,498.60,14672.55,302.02,0,0,0,0.00,0,F1,120,,,,,
2026-09-08,2026-09-08,FO,NSE,IDO,63861,,MIDCPNIFTY,,2026-11-23,2026-11-23,15475.00,CE,MIDCPNIFTY26NOV15475CE,0.00,0.00,0.00,538.75,0.00,538.75,14672.55,332.79,0,0,0,0.00,0,F1,120,,,,,
2026-09-08,2026-09-08,FO,NSE,IDO,63811,,MIDCPNIFTY,,2026-11-23,2026-11-23,14900.00,CE,MIDCPNIFTY26NOV14900CE,0.00,0.00,0.00,815.40,0.00,815.40,14672.55,557.45,0,0,0,0.00,0,F1,120,,,,,
2026-09-08,2026-09-08,FO,NSE,IDO,63777,,MIDCPNIFTY,,2026-11-23,2026-11-23,14575.00,CE,MIDCPNIFTY26NOV14575CE,0.00,0.00,0.00,1006.70,0.00,1006.70,14672.55,723.17,0,0,0,0.00,0,F1,120,,,,,
2026-09-08,2026-09-08,FO,NSE,IDO,63767,,MIDCPNIFTY,,2026-11-23,2026-11-23,14450.00,CE,MIDCPNIFTY26NOV14450CE,0.00,0.00,0.00,1086.95,0.00,1086.95,14672.55,794.55,0,0,0,0.00,0,F1,120,,,,,
2026-09-08,2026-09-08,FO,NSE,IDO,63759,,MIDCPNIFTY,,2026-11-23,2026-11-23,14375.00,CE,MIDCPNIFTY26NOV14375CE,0.00,0.00,0.00,1136.80,0.00,1136.80,14672.55,839.41,0,0,0,0.00,0,F1,120,,,,,
2026-09-08,2026-09-08,FO,NSE,IDO,63707,,MIDCPNIFTY,,2026-11-23,2026-11-23,13900.00,CE,MIDCPNIFTY26NOV13900CE,0.00,0.00,0.00,1481.15,0.00,1481.15,14672.55,1158.36,0,0,0,0.00,0,F1,120,,,,,
2026-09-08,2026-09-08,FO,NSE,IDO,63699,,MIDCPNIFTY,,2026-11-23,2026-11-23,13800.00,CE,MIDCPNIFTY26NOV13800CE,0.00,0.00,0.00,1559.35,0.00,1559.35,14672.55,1231.93,0,0,0,0.00,0,F1,120,,,,,
2026-09-08,2026-09-08,FO,NSE,IDO,63651,,MIDCPNIFTY,,2026-11-23,2026-11-23,13200.00,CE,MIDCPNIFTY26NOV13200CE,0.00,0.00,0.00,2063.55,0.00,2063.55,14672.55,1719.77,0,0,0,0.00,0,F1,120,,,,,
2026-09-08,2026-09-08,FO,NSE,IDO,50996,,MIDCPNIFTY,,2026-10-27,2026-10-27,15725.00,CE,MIDCPNIFTY26OCT15725CE,0.00,0.00,0.00,308.50,0.00,308.50,14672.55,149.85,0,0,0,0.00,0,F1,120,,,,,
2026-09-08,2026-09-08,FO,NSE,IDO,50992,,MIDCPNIFTY,,2026-10-27,2026-10-27,15675.00,CE,MIDCPNIFTY26OCT15675CE,0.00,0.00,0.00,322.00,0.00,322.00,14672.55,160.46,0,0,0,0.00,0,F1,120,,,,,
2026-09-08,2026-09-08,FO,NSE,IDO,50952,,MIDCPNIFTY,,2026-10-27,2026-10-27,15375.00,CE,MIDCPNIFTY26OCT15375CE,0.00,0.00,0.00,413.25,0.00,413.25,14672.55,237.15,0,0,0,0.00,0,F1,120,,,,,
2026-09-08,2026-09-08,FO,NSE,IDO,50891,,MIDCPNIFTY,,2026-10-27,2026-10-27,15125.00,CE,MIDCPNIFTY26OCT15125CE,0.00,0.00,0.00,503.40,0.00,503.40,14672.55,320.64,0,0,0,0.00,0,F1,120,,,,,
2026-09-08,2026-09-08,FO,NSE,IDO,50889,,MIDCPNIFTY,,2026-10-27,2026-10-27,15100.00,CE,MIDCPNIFTY26OCT15100CE,0.00,0.00,0.00,513.15,0.00,513.15,14672.55,330.05,0,0,0,0.00,0,F1,120,,,,,
2026-09-08,2026-09-08,FO,NSE,IDO,50875,,MIDCPNIFTY,,2026-10-27,2026-10-27,14925.00,CE,MIDCPNIFTY26OCT14925CE,0.00,0.00,0.00,585.40,0.00,585.40,14672.55,401.57,0,0,0,0.00,0,F1,120,,,,,
2026-09-08,2026-09-08,FO,NSE,IDO,50857,,MIDCPNIFTY,,2026-10-27,2026-10-27,14850.00,CE,MIDCPNIFTY26OCT14850CE,0.00,0.00,0.00,618.50,0.00,618.50,14672.55,435.33,0,0,0,0.00,0,F1,120,,,,,
2026-09-08,2026-09-08,FO,NSE,IDO,50843,,MIDCPNIFTY,,2026-10-27,2026-10-27,14725.00,CE,MIDCPNIFTY26OCT14725CE,0.00,0.00,0.00,320.00,320.00,320.00,14672.55,495.88,720,0,0,0.00,0,F1,120,,,,,
2026-09-08,2026-09-08,FO,NSE,IDO,50836,,MIDCPNIFTY,,2026-10-27,2026-10-27,14675.00,CE,MIDCPNIFTY26OCT14675CE,316.50,316.50,316.50,316.50,316.50,700.80,14672.55,521.57,120,120,1,1798980.00,1,F1,120,,,,,
2026-09-08,2026-09-08,FO,NSE,IDO,50825,,MIDCPNIFTY,,2026-10-27,2026-10-27,14575.00,CE,MIDCPNIFTY26OCT14575CE,0.00,0.00,0.00,751.10,0.00,751.10,14672.55,575.51,0,0,0,0.00,0,F1,120,,,,,
2026-09-08,2026-09-08,FO,NSE,IDO,50778,,MIDCPNIFTY,,2026-10-27,2026-10-27,14225.00,CE,MIDCPNIFTY26OCT14225CE,0.00,0.00,0.00,945.65,0.00,945.65,14672.55,790.89,0,0,0,0.00,0,F1,120,,,,,
2026-09-08,2026-09-08,FO,NSE,IDO,50771,,MIDCPNIFTY,,2026-10-27,2026-10-27,14200.00,CE,MIDCPNIFTY26OCT14200CE,0.00,0.00,0.00,960.70,0.00,960.70,14672.55,807.81,0,0,0,0.00,0,F1,120,,,,,
2026-09-08,2026-09-08,FO,NSE,IDO,50759,,MIDCPNIFTY,,2026-10-27,2026-10-27,14150.00,CE,MIDCPNIFTY26OCT14150CE,0.00,0.00,0.00,991.15,0.00,991.15,14672.55,842.24,0,0,0,0.00,0,F1,120,,,,,
2026-09-08,2026-09-08,FO,NSE,IDO,50707,,MIDCPNIFTY,,2026-10-27,2026-10-27,13650.00,CE,MIDCPNIFTY26OCT13650CE,0.00,0.00,0.00,1327.55,0.00,1327.55,14672.55,1226.17,0,0,0,0.00,0,F1,120,,,,,
2026-09-08,2026-09-08,FO,NSE,IDO,50693,,MIDCPNIFTY,,2026-10-27,2026-10-27,13550.00,CE,MIDCPNIFTY26OCT13550CE,0.00,0.00,0.00,1400.65,0.00,1400.65,14672.55,1310.41,0,0,0,0.00,0,F1,120,,,,,
2026-09-08,2026-09-08,FO,NSE,IDO,50661,,MIDCPNIFTY,,2026-10-27,2026-10-27,13225.00,CE,MIDCPNIFTY26OCT13225CE,0.00,0.00,0.00,1653.20,0.00,1653.20,14672.55,1597.44,0,0,0,0.00,0,F1,120,,,,,
2026-09-08,2026-09-08,FO,NSE,IDO,73263,,MIDCPNIFTY,,2026-09-29,2026-09-29,16075.00,CE,MIDCPNIFTY26SEP16075CE,0.00,0.00,0.00,214.25,0.00,214.25,14672.55,14.13,0,0,0,0.00,0,F1,120,,,,,
2026-09-08,2026-09-08,FO,NSE,IDO,73128,,MIDCPNIFTY,,2026-09-29,2026-09-29,15750.00,CE,MIDCPNIFTY26SEP15750CE,0.00,0.00,0.00,285.65,0.00,285.65,14672.55,34.68,0,0,0,0.00,0,F1,120,,,,,
2026-09-08,2026-09-08,FO,NSE,IDO,73126,,MIDCPNIFTY,,2026-09-29,2026-09-29,15725.00,CE,MIDCPNIFTY26SEP15725CE,0.00,0.00,0.00,291.80,0.00,291.80,14672.55,37.00,0,0,0,0.00,0,F1,120,,,,,
2026-09-08,2026-09-08,FO,NSE,IDO,73118,,MIDCPNIFTY,,2026-09-29,2026-09-29,15625.00,CE,MIDCPNIFTY26SEP15625CE,0.00,0.00,0.00,316.95,0.00,316.95,14672.55,47.64,0,0,0,0.00,0,F1,120,,,,,
2026-09-08,2026-09-08,FO,NSE,IDO,73017,,MIDCPNIFTY,,2026-09-29,2026-09-29,15250.00,CE,MIDCPNIFTY26SEP15250CE,0.00,0.00,0.00,430.20,0.00,430.20,14672.55,113.13,0,0,0,0.00,0,F1,120,,,,,
2026-09-08,2026-09-08,FO,NSE,IDO,72966,,MIDCPNIFTY,,2026-09-29,2026-09-29,14850.00,CE,MIDCPNIFTY26SEP14850CE,90.00,114.70,89.80,102.20,106.25,103.75,14672.55,102.20,93600,840,828,1485525618.00,695,F1,120,,,,,
2026-09-08,2026-09-08,FO,NSE,IDO,72941,,MIDCPNIFTY,,2026-09-29,2026-09-29,14525.00,PE,MIDCPNIFTY26SEP14525PE,122.70,122.80,97.10,103.40,99.65,110.75,14672.55,103.40,4320,-6120,327,574225668.00,276,F1,120,,,,,
2026-09-08,2026-09-08,FO,NSE,IDO,72860,,MIDCPNIFTY,,2026-09-29,2026-09-29,14300.00,PE,MIDCPNIFTY26SEP14300PE,54.45,59.85,45.75,48.10,47.85,53.10,14672.55,48.10,82800,-6360,2029,3494217210.00,1451,F1,120,,,,,
2026-09-08,2026-09-08,FO,NSE,IDO,72814,,MIDCPNIFTY,,2026-09-29,2026-09-29,14025.00,PE,MIDCPNIFTY26SEP14025PE,0.00,0.00,0.00,394.30,0.00,394.30,14672.55,68.50,0,0,0,0.00,0,F1,120,,,,,
2026-09-08,2026-09-08,FO,NSE,IDO,72806,,MIDCPNIFTY,,2026-09-29,2026-09-29,14000.00,PE,MIDCPNIFTY26SEP14000PE,18.85,20.95,15.65,16.30,16.25,18.40,14672.55,16.30,1332000,60720,6869,11554052004.00,3616,F1,120,,,,,
2026-09-08,2026-09-08,FO,NSE,IDO,72661,,MIDCPNIFTY,,2026-09-29,2026-09-29,13450.00,PE,MIDCPNIFTY26SEP13450PE,0.00,0.00,0.00,218.15,0.00,218.15,14672.55,11.52,0,0,0,0.00,0,F1,120,,,,,
2026-09-08,2026-09-08,FO,NSE,IDO,63867,,MIDCPNIFTY,,2026-11-23,2026-11-23,15550.00,CE,MIDCPNIFTY26NOV15550CE,0.00,0.00,0.00,508.40,0.00,508.40,14672.55,309.49,0,0,0,0.00,0,F1,120,,,,,
2026-09-08,2026-09-08,FO,NSE,IDO,63857,,MIDCPNIFTY,,2026-11-23,2026-11-23,15425.00,CE,MIDCPNIFTY26NOV15425CE,0.00,0.00,0.00,559.70,0.00,559.70,14672.55,349.05,0,0,0,0.00,0,F1,120,,,,,
2026-09-08,2026-09-08,FO,NSE,IDO,63831,,MIDCPNIFTY,,2026-11-23,2026-11-23,15100.00,CE,MIDCPNIFTY26NOV15100CE,0.00,0.00,0.00,710.25,0.00,710.25,14672.55,469.68,0,0,0,0.00,0,F1,120,,,,,
2026-09-08,2026-09-08,FO,NSE,IDO,63829,,MIDCPNIFTY,,2026-11-23,2026-11-23,15075.00,CE,MIDCPNIFTY26NOV15075CE,0.00,0.00,0.00,722.85,0.00,722.85,14672.55,480.07,0,0,0,0.00,0,F1,120,,,,,
2026-09-08,2026-09-08,FO,NSE,IDO,63799,,MIDCPNIFTY,,2026-11-23,2026-11-23,14750.00,CE,MIDCPNIFTY26NOV14750CE,0.00,0.00,0.00,900.55,0.00,900.55,14672.55,630.39,0,0,0,0.00,0,F1,120,,,,,
2026-09-08,2026-09-08,FO,NSE,IDO,63785,,MIDCPNIFTY,,2026-11-23,2026-11-23,14625.00,CE,MIDCPNIFTY26NOV14625CE,0.00,0.00,0.00,975.65,0.00,975.65,14672.55,695.81,0,0,0,0.00,0,F1,120,,,,,
2026-09-08,2026-09-08,FO,NSE,IDO,63755,,MIDCPNIFTY,,2026-11-23,2026-11-23,14325.00,CE,MIDCPNIFTY26NOV14325CE,0.00,0.00,0.00,1170.75,0.00,1170.75,14672.55,870.16,0,0,0,0.00,0,F1,120,,,,,
2026-09-08,2026-09-08,FO,NSE,IDO,63725,,MIDCPNIFTY,,2026-11-23,2026-11-23,14050.00,CE,MIDCPNIFTY26NOV14050CE,0.00,0.00,0.00,1367.40,0.00,1367.40,14672.55,1050.96,0,0,0,0.00,0,F1,120,,,,,
2026-09-08,2026-09-08,FO,NSE,IDO,63697,,MIDCPNIFTY,,2026-11-23,2026-11-23,13775.00,CE,MIDCPNIFTY26NOV13775CE,0.00,0.00,0.00,1579.20,0.00,1579.20,14672.55,1250.80,0,0,0,0.00,0,F1,120,,,,,
2026-09-08,2026-09-08,FO,NSE,IDO,63673,,MIDCPNIFTY,,2026-11-23,2026-11-23,13475.00,CE,MIDCPNIFTY26NOV13475CE,0.00,0.00,0.00,1825.65,0.00,1825.65,14672.55,1487.68,0,0,0,0.00,0,F1,120,,,,,
2026-09-08,2026-09-08,FO,NSE,IDO,63655,,MIDCPNIFTY,,2026-11-23,2026-11-23,13250.00,CE,MIDCPNIFTY26NOV13250CE,0.00,0.00,0.00,2019.55,0.00,2019.55,14672.55,1676.63,0,0,0,0.00,0,F1,120,,,,,
2026-09-08,2026-09-08,FO,NSE,IDO,63645,,MIDCPNIFTY,,2026-11-23,2026-11-23,13125.00,CE,MIDCPNIFTY26NOV13125CE,0.00,0.00,0.00,2130.15,0.00,2130.15,14672.55,1785.20,0,0,0,0.00,0,F1,120,,,,,
2026-09-08,2026-09-08,FO,NSE,IDO,51038,,MIDCPNIFTY,,2026-10-27,2026-10-27,16000.00,CE,MIDCPNIFTY26OCT16000CE,0.00,0.00,0.00,242.85,0.00,242.85,14672.55,101.21,0,0,0,0.00,0,F1,120,,,,,
2026-09-08,2026-09-08,FO,NSE,IDO,51004,,MIDCPNIFTY,,2026-10-27,2026-10-27,15825.00,CE,MIDCPNIFTY26OCT15825CE,0.00,0.00,0.00,283.45,0.00,283.45,14672.55,130.34,0,0,0,0.00,0,F1,120,,,,,
2026-09-08,2026-09-08,FO,NSE,IDO,50980,,MIDCPNIFTY,,2026-10-27,2026-10-27,15600.00,CE,MIDCPNIFTY26OCT15600CE,0.00,0.00,0.00,343.20,0.00,343.20,14672.55,178.03,0,0,0,0.00,0,F1,120,,,,,
2026-09-08,2026-09-08,FO,NSE,IDO,50950,,MIDCPNIFTY,,2026-10-27,2026-10-27,15350.00,CE,MIDCPNIFTY26OCT15350CE,0.00,0.00,0.00,421.65,0.00,421.65,14672.55,244.66,0,0,0,0.00,0,F1,120,,,,,
2026-09-08,2026-09-08,FO,NSE,IDO,50948,,MIDCPNIFTY,,2026-10-27,2026-10-27,15325.00,CE,MIDCPNIFTY26OCT15325CE,0.00,0.00,0.00,430.20,0.00,430.20,14672.55,252.35,0,0,0,0.00,0,F1,120,,,,,
2026-09-08,2026-09-08,FO,NSE,IDO,50895,,MIDCPNIFTY,,2026-10-27,2026-10-27,15175.00,CE,MIDCPNIFTY26OCT15175CE,0.00,0.00,0.00,484.30,0.00,484.30,14672.55,302.42,0,0,0,0.00,0,F1,120,,,,,
2026-09-08,2026-09-08,FO,NSE,IDO,50859,,MIDCPNIFTY,,2026-10-27,2026-10-27,14875.00,CE,MIDCPNIFTY26OCT14875CE,0.00,0.00,0.00,607.30,0.00,607.30,14672.55,423.87,0,0,0,0.00,0,F1,120,,,,,
2026-09-08,2026-09-08,FO,NSE,IDO,50821,,MIDCPNIFTY,,2026-10-27,2026-10-27,14550.00,CE,MIDCPNIFTY26OCT14550CE,0.00,0.00,0.00,764.05,0.00,764.05,14672.55,589.53,0,0,0,0.00,0,F1,120,,,,,
2026-09-08,2026-09-08,FO,NSE,IDO,50803,,MIDCPNIFTY,,2026-10-27,2026-10-27,14425.00,CE,MIDCPNIFTY26OCT14425CE,0.00,0.00,0.00,830.95,0.00,830.95,14672.55,662.82,0,0,0,0.00,0,F1,120,,,,,
2026-09-08,2026-09-08,FO,NSE,IDO,50725,,MIDCPNIFTY,,2026-10-27,2026-10-27,13850.00,CE,MIDCPNIFTY26OCT13850CE,0.00,0.00,0.00,1185.85,0.00,1185.85,14672.55,1064.64,0,0,0,0.00,0,F1,120,,,,,
2026-09-08,2026-09-08,FO,NSE,IDO,50676,,MIDCPNIFTY,,2026-10-27,2026-10-27,13375.00,CE,MIDCPNIFTY26OCT13375CE,0.00,0.00,0.00,1534.20,0.00,1534.20,14672.55,1462.68,0,0,0,0.00,0,F1,120,,,,,
2026-09-08,2026-09-08,FO,NSE,IDO,50651,,MIDCPNIFTY,,2026-10-27,2026-10-27,13100.00,CE,MIDCPNIFTY26OCT13100CE,0.00,0.00,0.00,1755.35,0.00,1755.35,14672.55,1712.25,0,0,0,0.00,0,F1,120,,,,,
2026-09-08,2026-09-08,FO,NSE,IDO,73116,,MIDCPNIFTY,,2026-09-29,2026-09-29,15600.00,CE,MIDCPNIFTY26SEP15600CE,0.00,0.00,0.00,106.15,106.15,106.15,14672.55,50.67,120,0,0,0.00,0,F1,120,,,,,
2026-09-08,2026-09-08,FO,NSE,IDO,73090,,MIDCPNIFTY,,2026-09-29,2026-09-29,15425.00,CE,MIDCPNIFTY26SEP15425CE,0.00,0.00,0.00,374.00,0.00,374.00,14672.55,76.65,0,0,0,0.00,0,F1,120,,,,,
2026-09-08,2026-09-08,FO,NSE,IDO,73082,,MIDCPNIFTY,,2026-09-29,2026-09-29,15325.00,CE,MIDCPNIFTY26SEP15325CE,0.00,0.00,0.00,405.40,0.00,405.40,14672.55,95.81,0,0,0,0.00,0,F1,120,,,,,
2026-09-08,2026-09-08,FO,NSE,IDO,72990,,MIDCPNIFTY,,2026-09-29,2026-09-29,15100.00,CE,MIDCPNIFTY26SEP15100CE,38.90,43.30,32.65,38.25,39.85,38.40,14672.55,38.25,382200,-9960,2318,4210705734.00,1748,F1,120,,,,,
2026-09-08,2026-09-08,FO,NSE,IDO,72980,,MIDCPNIFTY,,2026-09-29,2026-09-29,14975.00,CE,MIDCPNIFTY26SEP14975CE,57.90,72.80,55.90,65.25,65.85,63.70,14672.55,65.25,27000,-1320,109,196712934.00,101,F1,120,,,,,
2026-09-08,2026-09-08,FO,NSE,IDO,72940,,MIDCPNIFTY,,2026-09-29,2026-09-29,14525.00,CE,MIDCPNIFTY26SEP14525CE,258.10,272.30,251.50,272.00,272.30,270.15,14672.55,272.00,3000,360,14,24849648.00,12,F1,120,,,,,
2026-09-08,2026-09-08,FO,NSE,IDO,72936,,MIDCPNIFTY,,2026-09-29,2026-09-29,14475.00,CE,MIDCPNIFTY26SEP14475CE,294.30,310.35,287.75,308.10,310.35,301.75,14672.55,308.10,1440,360,8,14185722.00,6,F1,120,,,,,
2026-09-08,2026-09-08,FO,NSE,IDO,72851,,MIDCPNIFTY,,2026-09-29,2026-09-29,14275.00,CE,MIDCPNIFTY26SEP14275CE,0.00,0.00,0.00,864.40,0.00,864.40,14672.55,570.75,0,0,0,0.00,0,F1,120,,,,,
2026-09-08,2026-09-08,FO,NSE,IDO,72817,,MIDCPNIFTY,,2026-09-29,2026-09-29,14075.00,CE,MIDCPNIFTY26SEP14075CE,0.00,0.00,0.00,980.35,0.00,980.35,14672.55,722.51,0,0,0,0.00,0,F1,120,,,,,
2026-09-08,2026-09-08,FO,NSE,IDO,72803,,MIDCPNIFTY,,2026-09-29,2026-09-29,13975.00,CE,MIDCPNIFTY26SEP13975CE,0.00,0.00,0.00,1041.80,0.00,1041.80,14672.55,804.26,0,0,0,0.00,0,F1,120,,,,,
2026-09-08,2026-09-08,FO,NSE,IDO,72717,,MIDCPNIFTY,,2026-09-29,2026-09-29,13550.00,CE,MIDCPNIFTY26SEP13550CE,0.00,0.00,0.00,1328.40,0.00,1328.40,14672.55,1184.25,0,0,0,0.00,0,F1,120,,,,,
2026-09-08,2026-09-08,FO,NSE,IDO,72624,,MIDCPNIFTY,,2026-09-29,2026-09-29,13000.00,CE,MIDCPNIFTY26SEP13000CE,1685.00,1685.00,1685.00,1685.00,1685.00,1760.00,14672.55,1717.84,11760,-1080,9,15859800.00,5,F1,120,,,,,
2026-09-08,2026-09-08,FO,NSE,IDF,68406,,MIDCPNIFTY,,2026-09-29,2026-09-29,,,MIDCPNIFTY26SEPFUT,14665.00,14724.30,14650.00,14691.50,14700.00,14684.00,14672.55,14691.50,1848480,30480,1206,2125782264.00,1032,F1,120,,,,,
2026-09-08,2026-09-08,FO,NSE,IDO,72983,,MIDCPNIFTY,,2026-09-29,2026-09-29,15000.00,PE,MIDCPNIFTY26SEP15000PE,381.20,398.05,341.55,365.40,352.35,370.05,14672.55,365.40,432720,4800,746,1375610130.00,429,F1,120,,,,,
2026-09-08,2026-09-08,FO,NSE,IDO,73089,,MIDCPNIFTY,,2026-09-29,2026-09-29,15400.00,PE,MIDCPNIFTY26SEP15400PE,0.00,0.00,0.00,725.40,725.40,725.40,14672.55,757.09,1680,0,0,0.00,0,F1,120,,,,,
2026-09-08,2026-09-08,FO,NSE,IDO,50680,,MIDCPNIFTY,,2026-10-27,2026-10-27,13400.00,PE,MIDCPNIFTY26OCT13400PE,0.00,0.00,0.00,172.45,0.00,172.45,14672.55,54.10,0,0,0,0.00,0,F1,120,,,,,
2026-09-08,2026-09-08,FO,NSE,IDO,50684,,MIDCPNIFTY,,2026-10-27,2026-10-27,13450.00,PE,MIDCPNIFTY26OCT13450PE,0.00,0.00,0.00,183.20,0.00,183.20,14672.55,59.81,0,0,0,0.00,0,F1,120,,,,,
2026-09-08,2026-09-08,FO,NSE,IDO,50692,,MIDCPNIFTY,,2026-10-27,2026-10-27,13525.00,PE,MIDCPNIFTY26OCT13525PE,0.00,0.00,0.00,200.15,0.00,200.15,14672.55,69.26,0,0,0,0.00,0,F1,120,,,,,
2026-09-08,2026-09-08,FO,NSE,IDO,50694,,MIDCPNIFTY,,2026-10-27,2026-10-27,13550.00,PE,MIDCPNIFTY26OCT13550PE,0.00,0.00,0.00,206.05,0.00,206.05,14672.55,72.66,0,0,0,0.00,0,F1,120,,,,,
2026-09-08,2026-09-08,FO,NSE,IDO,50740,,MIDCPNIFTY,,2026-10-27,2026-10-27,14000.00,PE,MIDCPNIFTY26OCT14000PE,0.00,0.00,0.00,110.00,110.00,110.00,14672.55,158.72,120,0,0,0.00,0,F1,120,,,,,
2026-09-08,2026-09-08,FO,NSE,IDO,50880,,MIDCPNIFTY,,2026-10-27,2026-10-27,14975.00,PE,MIDCPNIFTY26OCT14975PE,0.00,0.00,0.00,301.95,301.95,301.95,14672.55,555.25,120,0,0,0.00,0,F1,120,,,,,
2026-09-08,2026-09-08,FO,NSE,IDO,50886,,MIDCPNIFTY,,2026-10-27,2026-10-27,15050.00,PE,MIDCPNIFTY26OCT15050PE,0.00,0.00,0.00,315.10,315.10,315.10,14672.55,598.97,360,0,0,0.00,0,F1,120,,,,,
2026-09-08,2026-09-08,FO,NSE,IDO,50888,,MIDCPNIFTY,,2026-10-27,2026-10-27,15075.00,PE,MIDCPNIFTY26OCT15075PE,0.00,0.00,0.00,490.00,490.00,490.00,14672.55,613.95,1320,0,0,0.00,0,F1,120,,,,,
2026-09-08,2026-09-08,FO,NSE,IDO,50945,,MIDCPNIFTY,,2026-10-27,2026-10-27,15275.00,PE,MIDCPNIFTY26OCT15275PE,0.00,0.00,0.00,380.70,381.00,380.70,14672.55,740.88,360,0,0,0.00,0,F1,120,,,,,
2026-09-08,2026-09-08,FO,NSE,IDO,50969,,MIDCPNIFTY,,2026-10-27,2026-10-27,15475.00,PE,MIDCPNIFTY26OCT15475PE,0.00,0.00,0.00,1082.40,0.00,1082.40,14672.55,879.75,0,0,0,0.00,0,F1,120,,,,,
2026-09-08,2026-09-08,FO,NSE,IDO,50971,,MIDCPNIFTY,,2026-10-27,2026-10-27,15500.00,PE,MIDCPNIFTY26OCT15500PE,0.00,0.00,0.00,1099.25,0.00,1099.25,14672.55,897.89,0,0,0,0.00,0,F1,120,,,,,
2026-09-08,2026-09-08,FO,NSE,IDO,51023,,MIDCPNIFTY,,2026-10-27,2026-10-27,15900.00,PE,MIDCPNIFTY26OCT15900PE,0.00,0.00,0.00,1385.55,0.00,1385.55,14672.55,1209.38,0,0,0,0.00,0,F1,120,,,,,
2026-09-08,2026-09-08,FO,NSE,IDO,63672,,MIDCPNIFTY,,2026-11-23,2026-11-23,13450.00,PE,MIDCPNIFTY26NOV13450PE,0.00,0.00,0.00,96.15,0.00,96.15,14672.55,108.74,0,0,0,0.00,0,F1,120,,,,,
2026-09-08,2026-09-08,FO,NSE,IDO,63731,,MIDCPNIFTY,,2026-11-23,2026-11-23,14100.00,PE,MIDCPNIFTY26NOV14100PE,0.00,0.00,0.00,220.70,0.00,220.70,14672.55,258.60,0,0,0,0.00,0,F1,120,,,,,
2026-09-08,2026-09-08,FO,NSE,IDO,63750,,MIDCPNIFTY,,2026-11-23,2026-11-23,14275.00,PE,MIDCPNIFTY26NOV14275PE,0.00,0.00,0.00,267.25,0.00,267.25,14672.55,316.22,0,0,0,0.00,0,F1,120,,,,,
2026-09-08,2026-09-08,FO,NSE,IDO,63826,,MIDCPNIFTY,,2026-11-23,2026-11-23,15050.00,PE,MIDCPNIFTY26NOV15050PE,0.00,0.00,0.00,561.15,0.00,561.15,14672.55,670.09,0,0,0,0.00,0,F1,120,,,,,
2026-09-08,2026-09-08,FO,NSE,IDO,63838,,MIDCPNIFTY,,2026-11-23,2026-11-23,15175.00,PE,MIDCPNIFTY26NOV15175PE,0.00,0.00,0.00,621.90,0.00,621.90,14672.55,742.29,0,0,0,0.00,0,F1,120,,,,,
2026-09-08,2026-09-08,FO,NSE,IDO,63842,,MIDCPNIFTY,,2026-11-23,2026-11-23,15225.00,PE,MIDCPNIFTY26NOV15225PE,0.00,0.00,0.00,647.30,0.00,647.30,14672.55,772.30,0,0,0,0.00,0,F1,120,,,,,
2026-09-08,2026-09-08,FO,NSE,IDO,63850,,MIDCPNIFTY,,2026-11-23,2026-11-23,15325.00,PE,MIDCPNIFTY26NOV15325PE,0.00,0.00,0.00,699.80,0.00,699.80,14672.55,834.20,0,0,0,0.00,0,F1,120,,,,,
2026-09-08,2026-09-08,FO,NSE,IDO,63886,,MIDCPNIFTY,,2026-11-23,2026-11-23,15775.00,PE,MIDCPNIFTY26NOV15775PE,0.00,0.00,0.00,964.65,0.00,964.65,14672.55,1142.06,0,0,0,0.00,0,F1,120,,,,,
2026-09-08,2026-09-08,FO,NSE,IDO,72965,,MIDCPNIFTY,,2026-09-29,2026-09-29,14825.00,PE,MIDCPNIFTY26SEP14825PE,261.75,265.05,224.60,241.55,241.50,251.00,14672.55,241.55,17520,0,41,74129880.00,34,F1,120,,,,,
2026-09-08,2026-09-08,FO,NSE,IDO,72945,,MIDCPNIFTY,,2026-09-29,2026-09-29,14575.00,PE,MIDCPNIFTY26SEP14575PE,140.10,140.90,111.85,119.45,116.45,128.10,14672.55,119.45,12600,1440,513,904969266.00,441,F1,120,,,,,
2026-09-08,2026-09-08,FO,NSE,IDO,63688,,MIDCPNIFTY,,2026-11-23,2026-11-23,13650.00,PE,MIDCPNIFTY26NOV13650PE,0.00,0.00,0.00,126.40,0.00,126.40,14672.55,145.12,0,0,0,0.00,0,F1,120,,,,,
2026-09-08,2026-09-08,FO,NSE,IDO,63706,,MIDCPNIFTY,,2026-11-23,2026-11-23,13875.00,PE,MIDCPNIFTY26NOV13875PE,0.00,0.00,0.00,168.50,0.00,168.50,14672.55,196.62,0,0,0,0.00,0,F1,120,,,,,
2026-09-08,2026-09-08,FO,NSE,IDO,63720,,MIDCPNIFTY,,2026-11-23,2026-11-23,14000.00,PE,MIDCPNIFTY26NOV14000PE,0.00,0.00,0.00,195.95,0.00,195.95,14672.55,229.77,0,0,0,0.00,0,F1,120,,,,,
2026-09-08,2026-09-08,FO,NSE,IDO,63774,,MIDCPNIFTY,,2026-11-23,2026-11-23,14525.00,PE,MIDCPNIFTY26NOV14525PE,0.00,0.00,0.00,346.70,0.00,346.70,14672.55,412.58,0,0,0,0.00,0,F1,120,,,,,
2026-09-08,2026-09-08,FO,NSE,IDO,63786,,MIDCPNIFTY,,2026-11-23,2026-11-23,14625.00,PE,MIDCPNIFTY26NOV14625PE,0.00,0.00,0.00,382.50,0.00,382.50,14672.55,455.86,0,0,0,0.00,0,F1,120,,,,,
2026-09-08,2026-09-08,FO,NSE,IDO,63836,,MIDCPNIFTY,,2026-11-23,2026-11-23,15150.00,PE,MIDCPNIFTY26NOV15150PE,0.00,0.00,0.00,609.45,0.00,609.45,14672.55,727.52,0,0,0,0.00,0,F1,120,,,,,
2026-09-08,2026-09-08,FO,NSE,IDO,72948,,MIDCPNIFTY,,2026-09-29,2026-09-29,14625.00,CE,MIDCPNIFTY26SEP14625CE,245.00,245.00,185.45,211.60,215.60,209.20,14672.55,211.60,17760,480,1705,3034352970.00,1567,F1,120,,,,,
2026-09-08,2026-09-08,FO,NSE,IDO,72738,,MIDCPNIFTY,,2026-09-29,2026-09-29,13600.00,CE,MIDCPNIFTY26SEP13600CE,0.00,0.00,0.00,1300.00,1300.00,1300.00,14672.55,1137.44,360,0,0,0.00,0,F1,120,,,,,
2026-09-08,2026-09-08,FO,NSE,IDO,72692,,MIDCPNIFTY,,2026-09-29,2026-09-29,13500.00,CE,MIDCPNIFTY26SEP13500CE,1185.00,1185.00,1185.00,1185.00,1185.00,1245.00,14672.55,1231.46,21000,1080,9,15859800.00,7,F1,120,,,,,
2026-09-08,2026-09-08,FO,NSE,IDO,72636,,MIDCPNIFTY,,2026-09-29,2026-09-29,13150.00,CE,MIDCPNIFTY26SEP13150CE,0.00,0.00,0.00,1631.00,0.00,1631.00,14672.55,1570.06,0,0,0,0.00,0,F1,120,,,,,
2026-09-08,2026-09-08,FO,NSE,IDO,72950,,MIDCPNIFTY,,2026-09-29,2026-09-29,14650.00,CE,MIDCPNIFTY26SEP14650CE,175.05,214.10,172.90,195.60,200.55,194.00,14672.55,195.60,42840,8640,2774,4941389304.00,2368,F1,120,,,,,
2026-09-08,2026-09-08,FO,NSE,IDO,72968,,MIDCPNIFTY,,2026-09-29,2026-09-29,14875.00,CE,MIDCPNIFTY26SEP14875CE,83.05,105.30,81.90,94.35,97.30,93.35,14672.55,94.35,38520,-1320,365,655641972.00,301,F1,120,,,,,
2026-09-08,2026-09-08,FO,NSE,IDO,72972,,MIDCPNIFTY,,2026-09-29,2026-09-29,14900.00,CE,MIDCPNIFTY26SEP14900CE,89.00,96.00,74.35,86.25,88.65,86.00,14672.55,86.25,304320,-5160,2673,4806589728.00,2170,F1,120,,,,,
2026-09-08,2026-09-08,FO,NSE,IDO,72984,,MIDCPNIFTY,,2026-09-29,2026-09-29,15025.00,CE,MIDCPNIFTY26SEP15025CE,48.05,59.15,47.00,51.00,55.00,51.75,14672.55,51.00,21840,-480,74,133884456.00,67,F1,120,,,,,
2026-09-08,2026-09-08,FO,NSE,IDO,72986,,MIDCPNIFTY,,2026-09-29,2026-09-29,15050.00,CE,MIDCPNIFTY26SEP15050CE,40.35,52.95,39.95,46.85,49.00,47.15,14672.55,46.85,76560,0,167,302549322.00,118,F1,120,,,,,
2026-09-08,2026-09-08,FO,NSE,IDO,73019,,MIDCPNIFTY,,2026-09-29,2026-09-29,15275.00,CE,MIDCPNIFTY26SEP15275CE,0.00,0.00,0.00,421.80,0.00,421.80,14672.55,106.72,0,0,0,0.00,0,F1,120,,,,,
2026-09-08,2026-09-08,FO,NSE,IDO,73294,,MIDCPNIFTY,,2026-09-29,2026-09-29,16200.00,CE,MIDCPNIFTY26SEP16200CE,0.00,0.00,0.00,191.15,0.00,191.15,14672.55,9.72,0,0,0,0.00,0,F1,120,,,,,
2026-09-08,2026-09-08,FO,NSE,IDO,50655,,MIDCPNIFTY,,2026-10-27,2026-10-27,13150.00,CE,MIDCPNIFTY26OCT13150CE,0.00,0.00,0.00,1714.20,0.00,1714.20,14672.55,1666.08,0,0,0,0.00,0,F1,120,,,,,
2026-09-08,2026-09-08,FO,NSE,IDO,50755,,MIDCPNIFTY,,2026-10-27,2026-10-27,14100.00,CE,MIDCPNIFTY26OCT14100CE,0.00,0.00,0.00,1022.15,0.00,1022.15,14672.55,877.44,0,0,0,0.00,0,F1,120,,,,,
2026-09-08,2026-09-08,FO,NSE,IDO,50785,,MIDCPNIFTY,,2026-10-27,2026-10-27,14275.00,CE,MIDCPNIFTY26OCT14275CE,0.00,0.00,0.00,916.10,0.00,916.10,14672.55,757.65,0,0,0,0.00,0,F1,120,,,,,
2026-09-08,2026-09-08,FO,NSE,IDO,50845,,MIDCPNIFTY,,2026-10-27,2026-10-27,14750.00,CE,MIDCPNIFTY26OCT14750CE,286.25,286.25,286.25,286.25,286.25,340.75,14672.55,483.36,840,-120,1,1804350.00,1,F1,120,,,,,
2026-09-08,2026-09-08,FO,NSE,IDO,50918,,MIDCPNIFTY,,2026-10-27,2026-10-27,15250.00,CE,MIDCPNIFTY26OCT15250CE,0.00,0.00,0.00,456.65,0.00,456.65,14672.55,276.54,0,0,0,0.00,0,F1,120,,,,,
2026-09-08,2026-09-08,FO,NSE,IDO,63677,,MIDCPNIFTY,,2026-11-23,2026-11-23,13525.00,CE,MIDCPNIFTY26NOV13525CE,0.00,0.00,0.00,1783.55,0.00,1783.55,14672.55,1446.94,0,0,0,0.00,0,F1,120,,,,,
2026-09-08,2026-09-08,FO,NSE,IDO,63729,,MIDCPNIFTY,,2026-11-23,2026-11-23,14100.00,CE,MIDCPNIFTY26NOV14100CE,0.00,0.00,0.00,1331.05,0.00,1331.05,14672.55,1016.64,0,0,0,0.00,0,F1,120,,,,,
2026-09-08,2026-09-08,FO,NSE,IDO,63765,,MIDCPNIFTY,,2026-11-23,2026-11-23,14425.00,CE,MIDCPNIFTY26NOV14425CE,0.00,0.00,0.00,1103.40,0.00,1103.40,14672.55,809.34,0,0,0,0.00,0,F1,120,,,,,
2026-09-08,2026-09-08,FO,NSE,IDO,63773,,MIDCPNIFTY,,2026-11-23,2026-11-23,14525.00,CE,MIDCPNIFTY26NOV14525CE,0.00,0.00,0.00,1038.35,0.00,1038.35,14672.55,751.21,0,0,0,0.00,0,F1,120,,,,,
2026-09-08,2026-09-08,FO,NSE,IDO,63791,,MIDCPNIFTY,,2026-11-23,2026-11-23,14675.00,CE,MIDCPNIFTY26NOV14675CE,0.00,0.00,0.00,945.20,0.00,945.20,14672.55,669.13,0,0,0,0.00,0,F1,120,,,,,
2026-09-08,2026-09-08,FO,NSE,IDO,63801,,MIDCPNIFTY,,2026-11-23,2026-11-23,14775.00,CE,MIDCPNIFTY26NOV14775CE,0.00,0.00,0.00,886.00,0.00,886.00,14672.55,617.82,0,0,0,0.00,0,F1,120,,,,,
2026-09-08,2026-09-08,FO,NSE,IDO,63807,,MIDCPNIFTY,,2026-11-23,2026-11-23,14850.00,CE,MIDCPNIFTY26NOV14850CE,0.00,0.00,0.00,843.20,0.00,843.20,14672.55,581.07,0,0,0,0.00,0,F1,120,,,,,
2026-09-08,2026-09-08,FO,NSE,IDO,63823,,MIDCPNIFTY,,2026-11-23,2026-11-23,15025.00,CE,MIDCPNIFTY26NOV15025CE,0.00,0.00,0.00,748.55,0.00,748.55,14672.55,501.35,0,0,0,0.00,0,F1,120,,,,,
2026-09-08,2026-09-08,FO,NSE,IDO,63843,,MIDCPNIFTY,,2026-11-23,2026-11-23,15250.00,CE,MIDCPNIFTY26NOV15250CE,0.00,0.00,0.00,637.65,0.00,637.65,14672.55,410.71,0,0,0,0.00,0,F1,120,,,,,
2026-09-08,2026-09-08,FO,NSE,IDO,63849,,MIDCPNIFTY,,2026-11-23,2026-11-23,15325.00,CE,MIDCPNIFTY26NOV15325CE,0.00,0.00,0.00,603.35,0.00,603.35,14672.55,383.36,0,0,0,0.00,0,F1,120,,,,,
2026-09-08,2026-09-08,FO,NSE,IDO,63871,,MIDCPNIFTY,,2026-11-23,2026-11-23,15600.00,CE,MIDCPNIFTY26NOV15600CE,0.00,0.00,0.00,488.90,0.00,488.90,14672.55,294.68,0,0,0,0.00,0,F1,120,,,,,
2026-09-08,2026-09-08,FO,NSE,IDO,72627,,MIDCPNIFTY,,2026-09-29,2026-09-29,13025.00,PE,MIDCPNIFTY26SEP13025PE,0.00,0.00,0.00,130.60,0.00,130.60,14672.55,2.05,0,0,0,0.00,0,F1,120,,,,,
2026-09-08,2026-09-08,FO,NSE,IDO,72645,,MIDCPNIFTY,,2026-09-29,2026-09-29,13250.00,PE,MIDCPNIFTY26SEP13250PE,0.00,0.00,0.00,172.85,0.00,172.85,14672.55,5.36,0,0,0,0.00,0,F1,120,,,,,
2026-09-08,2026-09-08,FO,NSE,IDO,72659,,MIDCPNIFTY,,2026-09-29,2026-09-29,13425.00,PE,MIDCPNIFTY26SEP13425PE,0.00,0.00,0.00,212.10,0.00,212.10,14672.55,10.52,0,0,0,0.00,0,F1,120,,,,,
2026-09-08,2026-09-08,FO,NSE,IDO,72766,,MIDCPNIFTY,,2026-09-29,2026-09-29,13700.00,PE,MIDCPNIFTY26SEP13700PE,0.00,0.00,0.00,285.80,0.00,285.80,14672.55,26.88,0,0,0,0.00,0,F1,120,,,,,
2026-09-08,2026-09-08,FO,NSE,IDO,72789,,MIDCPNIFTY,,2026-09-29,2026-09-29,13800.00,PE,MIDCPNIFTY26SEP13800PE,0.00,0.00,0.00,316.70,0.00,316.70,14672.55,36.53,0,0,0,0.00,0,F1,120,,,,,
2026-09-08,2026-09-08,FO,NSE,IDO,72794,,MIDCPNIFTY,,2026-09-29,2026-09-29,13850.00,PE,MIDCPNIFTY26SEP13850PE,0.00,0.00,0.00,333.00,0.00,333.00,14672.55,42.31,0,0,0,0.00,0,F1,120,,,,,
2026-09-08,2026-09-08,FO,NSE,IDO,72798,,MIDCPNIFTY,,2026-09-29,2026-09-29,13900.00,PE,MIDCPNIFTY26SEP13900PE,0.00,0.00,0.00,349.80,0.00,349.80,14672.55,48.80,0,0,0,0.00,0,F1,120,,,,,
2026-09-08,2026-09-08,FO,NSE,IDO,72820,,MIDCPNIFTY,,2026-09-29,2026-09-29,14075.00,PE,MIDCPNIFTY26SEP14075PE,0.00,0.00,0.00,413.10,0.00,413.10,14672.55,77.90,0,0,0,0.00,0,F1,120,,,,,
2026-09-08,2026-09-08,FO,NSE,IDO,73111,,MIDCPNIFTY,,2026-09-29,2026-09-29,15550.00,PE,MIDCPNIFTY26SEP15550PE,0.00,0.00,0.00,626.85,626.85,626.85,14672.55,882.67,3360,0,0,0.00,0,F1,120,,,,,
2026-09-08,2026-09-08,FO,NSE,IDO,73115,,MIDCPNIFTY,,2026-09-29,2026-09-29,15575.00,PE,MIDCPNIFTY26SEP15575PE,0.00,0.00,0.00,585.25,585.25,585.25,14672.55,904.24,2280,0,0,0.00,0,F1,120,,,,,
2026-09-08,2026-09-08,FO,NSE,IDO,73127,,MIDCPNIFTY,,2026-09-29,2026-09-29,15725.00,PE,MIDCPNIFTY26SEP15725PE,0.00,0.00,0.00,1349.25,0.00,1349.25,14672.55,1036.88,0,0,0,0.00,0,F1,120,,,,,
2026-09-08,2026-09-08,FO,NSE,IDO,50666,,MIDCPNIFTY,,2026-10-27,2026-10-27,13250.00,PE,MIDCPNIFTY26OCT13250PE,0.00,0.00,0.00,143.05,0.00,143.05,14672.55,39.54,0,0,0,0.00,0,F1,120,,,,,
2026-09-08,2026-09-08,FO,NSE,IDO,50720,,MIDCPNIFTY,,2026-10-27,2026-10-27,13775.00,PE,MIDCPNIFTY26OCT13775PE,0.00,0.00,0.00,265.35,0.00,265.35,14672.55,109.40,0,0,0,0.00,0,F1,120,,,,,
2026-09-08,2026-09-08,FO,NSE,IDO,50746,,MIDCPNIFTY,,2026-10-27,2026-10-27,14025.00,PE,MIDCPNIFTY26OCT14025PE,0.00,0.00,0.00,343.10,0.00,343.10,14672.55,165.60,0,0,0,0.00,0,F1,120,,,,,
2026-09-08,2026-09-08,FO,NSE,IDO,50754,,MIDCPNIFTY,,2026-10-27,2026-10-27,14075.00,PE,MIDCPNIFTY26OCT14075PE,0.00,0.00,0.00,360.45,0.00,360.45,14672.55,178.74,0,0,0,0.00,0,F1,120,,,,,
2026-09-08,2026-09-08,FO,NSE,IDO,50947,,MIDCPNIFTY,,2026-10-27,2026-10-27,15300.00,PE,MIDCPNIFTY26OCT15300PE,0.00,0.00,0.00,968.05,0.00,968.05,14672.55,757.60,0,0,0,0.00,0,F1,120,,,,,
2026-09-08,2026-09-08,FO,NSE,IDO,50985,,MIDCPNIFTY,,2026-10-27,2026-10-27,15625.00,PE,MIDCPNIFTY26OCT15625PE,0.00,0.00,0.00,1185.25,0.00,1185.25,14672.55,991.85,0,0,0,0.00,0,F1,120,,,,,
2026-09-08,2026-09-08,FO,NSE,IDO,50993,,MIDCPNIFTY,,2026-10-27,2026-10-27,15675.00,PE,MIDCPNIFTY26OCT15675PE,0.00,0.00,0.00,1220.55,0.00,1220.55,14672.55,1029.64,0,0,0,0.00,0,F1,120,,,,,
2026-09-08,2026-09-08,FO,NSE,IDO,51005,,MIDCPNIFTY,,2026-10-27,2026-10-27,15825.00,PE,MIDCPNIFTY26OCT15825PE,0.00,0.00,0.00,1329.70,0.00,1329.70,14672.55,1148.25,0,0,0,0.00,0,F1,120,,,,,
2026-09-08,2026-09-08,FO,NSE,IDO,51065,,MIDCPNIFTY,,2026-10-27,2026-10-27,16300.00,PE,MIDCPNIFTY26OCT16300PE,0.00,0.00,0.00,1697.75,0.00,1697.75,14672.55,1552.79,0,0,0,0.00,0,F1,120,,,,,
2026-09-08,2026-09-08,FO,NSE,IDO,63656,,MIDCPNIFTY,,2026-11-23,2026-11-23,13250.00,PE,MIDCPNIFTY26NOV13250PE,0.00,0.00,0.00,71.80,0.00,71.80,14672.55,79.77,0,0,0,0.00,0,F1,120,,,,,
2026-09-08,2026-09-08,FO,NSE,IDO,63670,,MIDCPNIFTY,,2026-11-23,2026-11-23,13425.00,PE,MIDCPNIFTY26NOV13425PE,0.00,0.00,0.00,92.80,0.00,92.80,14672.55,104.74,0,0,0,0.00,0,F1,120,,,,,
2026-09-08,2026-09-08,FO,NSE,IDO,63674,,MIDCPNIFTY,,2026-11-23,2026-11-23,13475.00,PE,MIDCPNIFTY26NOV13475PE,0.00,0.00,0.00,99.60,0.00,99.60,14672.55,112.86,0,0,0,0.00,0,F1,120,,,,,
2026-09-08,2026-09-08,FO,NSE,IDO,63682,,MIDCPNIFTY,,2026-11-23,2026-11-23,13575.00,PE,MIDCPNIFTY26NOV13575PE,0.00,0.00,0.00,114.30,0.00,114.30,14672.55,130.55,0,0,0,0.00,0,F1,120,,,,,
2026-09-08,2026-09-08,FO,NSE,IDO,63686,,MIDCPNIFTY,,2026-11-23,2026-11-23,13625.00,PE,MIDCPNIFTY26NOV13625PE,0.00,0.00,0.00,122.25,0.00,122.25,14672.55,140.13,0,0,0,0.00,0,F1,120,,,,,
2026-09-08,2026-09-08,FO,NSE,IDO,63880,,MIDCPNIFTY,,2026-11-23,2026-11-23,15700.00,PE,MIDCPNIFTY26NOV15700PE,0.00,0.00,0.00,917.35,0.00,917.35,14672.55,1087.62,0,0,0,0.00,0,F1,120,,,,,
2026-09-08,2026-09-08,FO,NSE,IDO,63816,,MIDCPNIFTY,,2026-11-23,2026-11-23,14950.00,PE,MIDCPNIFTY26NOV14950PE,0.00,0.00,0.00,515.20,0.00,515.20,14672.55,615.29,0,0,0,0.00,0,F1,120,,,,,
2026-09-08,2026-09-08,FO,NSE,IDO,63802,,MIDCPNIFTY,,2026-11-23,2026-11-23,14775.00,PE,MIDCPNIFTY26NOV14775PE,0.00,0.00,0.00,440.60,0.00,440.60,14672.55,525.90,0,0,0,0.00,0,F1,120,,,,,
2026-09-08,2026-09-08,FO,NSE,IDO,63796,,MIDCPNIFTY,,2026-11-23,2026-11-23,14700.00,PE,MIDCPNIFTY26NOV14700PE,0.00,0.00,0.00,410.90,0.00,410.90,14672.55,490.11,0,0,0,0.00,0,F1,120,,,,,
2026-09-08,2026-09-08,FO,NSE,IDO,63734,,MIDCPNIFTY,,2026-11-23,2026-11-23,14125.00,PE,MIDCPNIFTY26NOV14125PE,0.00,0.00,0.00,227.05,0.00,227.05,14672.55,266.35,0,0,0,0.00,0,F1,120,,,,,
2026-09-08,2026-09-08,FO,NSE,IDO,63724,,MIDCPNIFTY,,2026-11-23,2026-11-23,14025.00,PE,MIDCPNIFTY26NOV14025PE,0.00,0.00,0.00,201.80,0.00,201.80,14672.55,236.29,0,0,0,0.00,0,F1,120,,,,,
2026-09-08,2026-09-08,FO,NSE,IDO,63658,,MIDCPNIFTY,,2026-11-23,2026-11-23,13275.00,PE,MIDCPNIFTY26NOV13275PE,0.00,0.00,0.00,74.55,0.00,74.55,14672.55,83.02,0,0,0,0.00,0,F1,120,,,,,
2026-09-08,2026-09-08,FO,NSE,IDO,50999,,MIDCPNIFTY,,2026-10-27,2026-10-27,15750.00,PE,MIDCPNIFTY26OCT15750PE,0.00,0.00,0.00,1274.30,0.00,1274.30,14672.55,1088.31,0,0,0,0.00,0,F1,120,,,,,
2026-09-08,2026-09-08,FO,NSE,IDO,50982,,MIDCPNIFTY,,2026-10-27,2026-10-27,15600.00,PE,MIDCPNIFTY26OCT15600PE,0.00,0.00,0.00,750.00,750.00,750.00,14672.55,972.85,120,0,0,0.00,0,F1,120,,,,,
2026-09-08,2026-09-08,FO,NSE,IDO,50961,,MIDCPNIFTY,,2026-10-27,2026-10-27,15450.00,PE,MIDCPNIFTY26OCT15450PE,0.00,0.00,0.00,1065.65,0.00,1065.65,14672.55,861.77,0,0,0,0.00,0,F1,120,,,,,
2026-09-08,2026-09-08,FO,NSE,IDO,50890,,MIDCPNIFTY,,2026-10-27,2026-10-27,15100.00,PE,MIDCPNIFTY26OCT15100PE,0.00,0.00,0.00,845.30,0.00,845.30,14672.55,629.13,0,0,0,0.00,0,F1,120,,,,,
2026-09-08,2026-09-08,FO,NSE,IDO,50758,,MIDCPNIFTY,,2026-10-27,2026-10-27,14125.00,PE,MIDCPNIFTY26OCT14125PE,0.00,0.00,0.00,378.35,0.00,378.35,14672.55,192.11,0,0,0,0.00,0,F1,120,,,,,
2026-09-08,2026-09-08,FO,NSE,IDO,50732,,MIDCPNIFTY,,2026-10-27,2026-10-27,13900.00,PE,MIDCPNIFTY26OCT13900PE,0.00,0.00,0.00,302.15,0.00,302.15,14672.55,135.12,0,0,0,0.00,0,F1,120,,,,,
2026-09-08,2026-09-08,FO,NSE,IDO,50672,,MIDCPNIFTY,,2026-10-27,2026-10-27,13325.00,PE,MIDCPNIFTY26OCT13325PE,0.00,0.00,0.00,157.25,0.00,157.25,14672.55,46.36,0,0,0,0.00,0,F1,120,,,,,
2026-09-08,2026-09-08,FO,NSE,IDO,50656,,MIDCPNIFTY,,2026-10-27,2026-10-27,13150.00,PE,MIDCPNIFTY26OCT13150PE,0.00,0.00,0.00,125.65,0.00,125.65,14672.55,31.73,0,0,0,0.00,0,F1,120,,,,,
2026-09-08,2026-09-08,FO,NSE,IDO,73177,,MIDCPNIFTY,,2026-09-29,2026-09-29,15850.00,PE,MIDCPNIFTY26SEP15850PE,0.00,0.00,0.00,1442.65,0.00,1442.65,14672.55,1151.07,0,0,0,0.00,0,F1,120,,,,,
2026-09-08,2026-09-08,FO,NSE,IDO,73121,,MIDCPNIFTY,,2026-09-29,2026-09-29,15650.00,PE,MIDCPNIFTY26SEP15650PE,0.00,0.00,0.00,1293.95,0.00,1293.95,14672.55,969.90,0,0,0,0.00,0,F1,120,,,,,
2026-09-08,2026-09-08,FO,NSE,IDO,72852,,MIDCPNIFTY,,2026-09-29,2026-09-29,14275.00,PE,MIDCPNIFTY26SEP14275PE,0.00,0.00,0.00,494.10,0.00,494.10,14672.55,125.48,0,0,0,0.00,0,F1,120,,,,,
2026-09-08,2026-09-08,FO,NSE,IDO,72750,,MIDCPNIFTY,,2026-09-29,2026-09-29,13625.00,PE,MIDCPNIFTY26SEP13625PE,0.00,0.00,0.00,264.70,0.00,264.70,14672.55,21.10,0,0,0,0.00,0,F1,120,,,,,
2026-09-08,2026-09-08,FO,NSE,IDO,72714,,MIDCPNIFTY,,2026-09-29,2026-09-29,13500.00,PE,MIDCPNIFTY26SEP13500PE,5.10,6.00,4.05,5.40,5.15,6.20,14672.55,5.40,370440,-1200,607,983735268.00,258,F1,120,,,,,
2026-09-08,2026-09-08,FO,NSE,IDO,72623,,MIDCPNIFTY,,2026-09-29,2026-09-29,12975.00,PE,MIDCPNIFTY26SEP12975PE,0.00,0.00,0.00,122.35,0.00,122.35,14672.55,1.63,0,0,0,0.00,0,F1,120,,,,,
2026-09-08,2026-09-08,FO,NSE,IDO,72617,,MIDCPNIFTY,,2026-09-29,2026-09-29,12900.00,PE,MIDCPNIFTY26SEP12900PE,0.00,0.00,0.00,110.75,0.00,110.75,14672.55,1.15,0,0,0,0.00,0,F1,120,,,,,
2026-09-08,2026-09-08,FO,NSE,IDO,63895,,MIDCPNIFTY,,2026-11-23,2026-11-23,15900.00,CE,MIDCPNIFTY26NOV15900CE,0.00,0.00,0.00,383.20,0.00,383.20,14672.55,217.88,0,0,0,0.00,0,F1,120,,,,,
2026-09-08,2026-09-08,FO,NSE,IDO,63885,,MIDCPNIFTY,,2026-11-23,2026-11-23,15775.00,CE,MIDCPNIFTY26NOV15775CE,0.00,0.00,0.00,424.90,0.00,424.90,14672.55,247.14,0,0,0,0.00,0,F1,120,,,,,
2026-09-08,2026-09-08,FO,NSE,IDO,63879,,MIDCPNIFTY,,2026-11-23,2026-11-23,15700.00,CE,MIDCPNIFTY26NOV15700CE,0.00,0.00,0.00,451.50,0.00,451.50,14672.55,266.71,0,0,0,0.00,0,F1,120,,,,,
2026-09-08,2026-09-08,FO,NSE,IDO,63877,,MIDCPNIFTY,,2026-11-23,2026-11-23,15675.00,CE,MIDCPNIFTY26NOV15675CE,0.00,0.00,0.00,460.65,0.00,460.65,14672.55,273.50,0,0,0,0.00,0,F1,120,,,,,
2026-09-08,2026-09-08,FO,NSE,IDO,63841,,MIDCPNIFTY,,2026-11-23,2026-11-23,15225.00,CE,MIDCPNIFTY26NOV15225CE,0.00,0.00,0.00,649.35,0.00,649.35,14672.55,420.14,0,0,0,0.00,0,F1,120,,,,,
2026-09-08,2026-09-08,FO,NSE,IDO,63817,,MIDCPNIFTY,,2026-11-23,2026-11-23,14975.00,CE,MIDCPNIFTY26NOV14975CE,0.00,0.00,0.00,774.85,0.00,774.85,14672.55,523.29,0,0,0,0.00,0,F1,120,,,,,
2026-09-08,2026-09-08,FO,NSE,IDO,63809,,MIDCPNIFTY,,2026-11-23,2026-11-23,14875.00,CE,MIDCPNIFTY26NOV14875CE,0.00,0.00,0.00,829.20,0.00,829.20,14672.55,569.18,0,0,0,0.00,0,F1,120,,,,,
2026-09-08,2026-09-08,FO,NSE,IDO,63735,,MIDCPNIFTY,,2026-11-23,2026-11-23,14150.00,CE,MIDCPNIFTY26NOV14150CE,0.00,0.00,0.00,1294.60,0.00,1294.60,14672.55,982.96,0,0,0,0.00,0,F1,120,,,,,
2026-09-08,2026-09-08,FO,NSE,IDO,63709,,MIDCPNIFTY,,2026-11-23,2026-11-23,13925.00,CE,MIDCPNIFTY26NOV13925CE,0.00,0.00,0.00,1461.90,0.00,1461.90,14672.55,1140.17,0,0,0,0.00,0,F1,120,,,,,
2026-09-08,2026-09-08,FO,NSE,IDO,63691,,MIDCPNIFTY,,2026-11-23,2026-11-23,13700.00,CE,MIDCPNIFTY26NOV13700CE,0.00,0.00,0.00,1639.40,0.00,1639.40,14672.55,1308.26,0,0,0,0.00,0,F1,120,,,,,
2026-09-08,2026-09-08,FO,NSE,IDO,63681,,MIDCPNIFTY,,2026-11-23,2026-11-23,13575.00,CE,MIDCPNIFTY26NOV13575CE,0.00,0.00,0.00,1741.85,0.00,1741.85,14672.55,1406.68,0,0,0,0.00,0,F1,120,,,,,
2026-09-08,2026-09-08,FO,NSE,IDO,63667,,MIDCPNIFTY,,2026-11-23,2026-11-23,13400.00,CE,MIDCPNIFTY26NOV13400CE,0.00,0.00,0.00,1889.50,0.00,1889.50,14672.55,1549.68,0,0,0,0.00,0,F1,120,,,,,
2026-09-08,2026-09-08,FO,NSE,IDO,63663,,MIDCPNIFTY,,2026-11-23,2026-11-23,13350.00,CE,MIDCPNIFTY26NOV13350CE,0.00,0.00,0.00,1932.50,0.00,1932.50,14672.55,1591.57,0,0,0,0.00,0,F1,120,,,,,
2026-09-08,2026-09-08,FO,NSE,IDO,63649,,MIDCPNIFTY,,2026-11-23,2026-11-23,13175.00,CE,MIDCPNIFTY26NOV13175CE,0.00,0.00,0.00,2085.65,0.00,2085.65,14672.55,1741.49,0,0,0,0.00,0,F1,120,,,,,
2026-09-08,2026-09-08,FO,NSE,IDO,50974,,MIDCPNIFTY,,2026-10-27,2026-10-27,15550.00,CE,MIDCPNIFTY26OCT15550CE,0.00,0.00,0.00,357.90,0.00,357.90,14672.55,190.07,0,0,0,0.00,0,F1,120,,,,,
2026-09-08,2026-09-08,FO,NSE,IDO,50960,,MIDCPNIFTY,,2026-10-27,2026-10-27,15450.00,CE,MIDCPNIFTY26OCT15450CE,0.00,0.00,0.00,388.75,0.00,388.75,14672.55,215.67,0,0,0,0.00,0,F1,120,,,,,
2026-09-08,2026-09-08,FO,NSE,IDO,50883,,MIDCPNIFTY,,2026-10-27,2026-10-27,15025.00,CE,MIDCPNIFTY26OCT15025CE,0.00,0.00,0.00,543.25,0.00,543.25,14672.55,359.48,0,0,0,0.00,0,F1,120,,,,,
2026-09-08,2026-09-08,FO,NSE,IDO,50851,,MIDCPNIFTY,,2026-10-27,2026-10-27,14800.00,CE,MIDCPNIFTY26OCT14800CE,261.75,264.00,261.00,264.00,264.00,261.75,14672.55,264.00,1320,240,5,9037050.00,5,F1,120,,,,,
2026-09-08,2026-09-08,FO,NSE,IDO,50791,,MIDCPNIFTY,,2026-10-27,2026-10-27,14350.00,CE,MIDCPNIFTY26OCT14350CE,0.00,0.00,0.00,872.85,0.00,872.85,14672.55,709.31,0,0,0,0.00,0,F1,120,,,,,
2026-09-08,2026-09-08,FO,NSE,IDO,50741,,MIDCPNIFTY,,2026-10-27,2026-10-27,14025.00,CE,MIDCPNIFTY26OCT14025CE,0.00,0.00,0.00,1069.80,0.00,1069.80,14672.55,932.38,0,0,0,0.00,0,F1,120,,,,,
2026-09-08,2026-09-08,FO,NSE,IDO,50739,,MIDCPNIFTY,,2026-10-27,2026-10-27,14000.00,CE,MIDCPNIFTY26OCT14000CE,0.00,0.00,0.00,875.00,875.00,875.00,14672.55,950.30,120,0,0,0.00,0,F1,120,,,,,
2026-09-08,2026-09-08,FO,NSE,IDO,50721,,MIDCPNIFTY,,2026-10-27,2026-10-27,13800.00,CE,MIDCPNIFTY26OCT13800CE,0.00,0.00,0.00,1220.30,0.00,1220.30,14672.55,1104.10,0,0,0,0.00,0,F1,120,,,,,
2026-09-08,2026-09-08,FO,NSE,IDO,50695,,MIDCPNIFTY,,2026-10-27,2026-10-27,13575.00,CE,MIDCPNIFTY26OCT13575CE,0.00,0.00,0.00,1382.05,0.00,1382.05,14672.55,1289.15,0,0,0,0.00,0,F1,120,,,,,
2026-09-08,2026-09-08,FO,NSE,IDO,50689,,MIDCPNIFTY,,2026-10-27,2026-10-27,13500.00,CE,MIDCPNIFTY26OCT13500CE,0.00,0.00,0.00,1438.20,0.00,1438.20,14672.55,1353.32,0,0,0,0.00,0,F1,120,,,,,
2026-09-08,2026-09-08,FO,NSE,IDO,50673,,MIDCPNIFTY,,2026-10-27,2026-10-27,13350.00,CE,MIDCPNIFTY26OCT13350CE,0.00,0.00,0.00,1553.75,0.00,1553.75,14672.55,1484.88,0,0,0,0.00,0,F1,120,,,,,
2026-09-08,2026-09-08,FO,NSE,IDO,73110,,MIDCPNIFTY,,2026-09-29,2026-09-29,15550.00,CE,MIDCPNIFTY26SEP15550CE,0.00,0.00,0.00,337.50,0.00,337.50,14672.55,57.20,0,0,0,0.00,0,F1,120,,,,,
2026-09-08,2026-09-08,FO,NSE,IDO,73095,,MIDCPNIFTY,,2026-09-29,2026-09-29,15475.00,CE,MIDCPNIFTY26SEP15475CE,0.00,0.00,0.00,359.05,0.00,359.05,14672.55,68.31,0,0,0,0.00,0,F1,120,,,,,
2026-09-08,2026-09-08,FO,NSE,IDO,72992,,MIDCPNIFTY,,2026-09-29,2026-09-29,15125.00,CE,MIDCPNIFTY26SEP15125CE,30.15,38.00,30.00,32.85,32.30,34.20,14672.55,32.85,14760,1440,61,110958426.00,53,F1,120,,,,,
2026-09-08,2026-09-08,FO,NSE,IDO,72988,,MIDCPNIFTY,,2026-09-29,2026-09-29,15075.00,CE,MIDCPNIFTY26SEP15075CE,37.75,48.55,36.00,43.35,44.95,43.95,14672.55,43.35,17880,3120,100,181411260.00,73,F1,120,,,,,
2026-09-08,2026-09-08,FO,NSE,IDO,72960,,MIDCPNIFTY,,2026-09-29,2026-09-29,14775.00,CE,MIDCPNIFTY26SEP14775CE,129.00,148.00,117.05,132.80,135.70,132.60,14672.55,132.80,36240,360,568,1016085966.00,471,F1,120,,,,,
2026-09-08,2026-09-08,FO,NSE,IDO,72952,,MIDCPNIFTY,,2026-09-29,2026-09-29,14675.00,CE,MIDCPNIFTY26SEP14675CE,214.80,214.80,161.30,182.90,187.40,181.45,14672.55,182.90,33480,6720,1931,3442967172.00,1652,F1,120,,,,,
2026-09-08,2026-09-08,FO,NSE,IDO,72942,,MIDCPNIFTY,,2026-09-29,2026-09-29,14550.00,CE,MIDCPNIFTY26SEP14550CE,233.80,275.65,229.00,256.25,264.55,258.00,14672.55,256.25,10560,-2400,251,445653222.00,137,F1,120,,,,,
2026-09-08,2026-09-08,FO,NSE,IDO,72863,,MIDCPNIFTY,,2026-09-29,2026-09-29,14350.00,CE,MIDCPNIFTY26SEP14350CE,400.35,400.40,400.35,400.40,400.40,394.10,14672.55,400.40,1440,120,3,5310138.00,2,F1,120,,,,,
2026-09-08,2026-09-08,FO,NSE,IDO,72844,,MIDCPNIFTY,,2026-09-29,2026-09-29,14225.00,CE,MIDCPNIFTY26SEP14225CE,0.00,0.00,0.00,892.55,0.00,892.55,14672.55,607.70,0,0,0,0.00,0,F1,120,,,,,
2026-09-08,2026-09-08,FO,NSE,IDO,72835,,MIDCPNIFTY,,2026-09-29,2026-09-29,14200.00,CE,MIDCPNIFTY26SEP14200CE,526.90,526.90,523.00,523.00,523.00,514.05,14672.55,625.74,5280,0,4,7067976.00,3,F1,120,,,,,
2026-09-08,2026-09-08,FO,NSE,IDO,72658,,MIDCPNIFTY,,2026-09-29,2026-09-29,13425.00,CE,MIDCPNIFTY26SEP13425CE,0.00,0.00,0.00,1419.35,0.00,1419.35,14672.55,1302.95,0,0,0,0.00,0,F1,120,,,,,
2026-09-08,2026-09-08,FO,NSE,IDO,50881,,MIDCPNIFTY,,2026-10-27,2026-10-27,15000.00,CE,MIDCPNIFTY26OCT15000CE,167.75,176.95,165.00,170.35,172.00,172.00,14672.55,170.35,7200,480,14,25487028.00,13,F1,120,,,,,
2026-09-08,2026-09-08,FO,NSE,IDO,72656,,MIDCPNIFTY,,2026-09-29,2026-09-29,13400.00,CE,MIDCPNIFTY26SEP13400CE,0.00,0.00,0.00,1490.00,1490.00,1490.00,14672.55,1326.94,720,0,0,0.00,0,F1,120,,,,,
2026-09-08,2026-09-08,FO,NSE,IDO,72883,,MIDCPNIFTY,,2026-09-29,2026-09-29,14375.00,CE,MIDCPNIFTY26SEP14375CE,348.65,387.75,348.65,383.20,387.75,382.20,14672.55,383.20,960,480,8,14163732.00,6,F1,120,,,,,
2026-09-08,2026-09-08,FO,NSE,IDO,73120,,MIDCPNIFTY,,2026-09-29,2026-09-29,15650.00,CE,MIDCPNIFTY26SEP15650CE,0.00,0.00,0.00,310.35,0.00,310.35,14672.55,44.76,0,0,0,0.00,0,F1,120,,,,,
2026-09-08,2026-09-08,FO,NSE,IDO,73122,,MIDCPNIFTY,,2026-09-29,2026-09-29,15675.00,CE,MIDCPNIFTY26SEP15675CE,0.00,0.00,0.00,303.85,0.00,303.85,14672.55,42.04,0,0,0,0.00,0,F1,120,,,,,
2026-09-08,2026-09-08,FO,NSE,IDO,73130,,MIDCPNIFTY,,2026-09-29,2026-09-29,15775.00,CE,MIDCPNIFTY26SEP15775CE,0.00,0.00,0.00,279.60,0.00,279.60,14672.55,32.49,0,0,0,0.00,0,F1,120,,,,,
2026-09-08,2026-09-08,FO,NSE,IDO,73178,,MIDCPNIFTY,,2026-09-29,2026-09-29,15875.00,CE,MIDCPNIFTY26SEP15875CE,0.00,0.00,0.00,256.50,0.00,256.50,14672.55,24.86,0,0,0,0.00,0,F1,120,,,,,
2026-09-08,2026-09-08,FO,NSE,IDO,73199,,MIDCPNIFTY,,2026-09-29,2026-09-29,15950.00,CE,MIDCPNIFTY26SEP15950CE,0.00,0.00,0.00,239.60,0.00,239.60,14672.55,20.20,0,0,0,0.00,0,F1,120,,,,,
2026-09-08,2026-09-08,FO,NSE,IDO,73228,,MIDCPNIFTY,,2026-09-29,2026-09-29,16025.00,CE,MIDCPNIFTY26SEP16025CE,0.00,0.00,0.00,224.10,0.00,224.10,14672.55,16.33,0,0,0,0.00,0,F1,120,,,,,
2026-09-08,2026-09-08,FO,NSE,IDO,50653,,MIDCPNIFTY,,2026-10-27,2026-10-27,13125.00,CE,MIDCPNIFTY26OCT13125CE,0.00,0.00,0.00,1734.70,0.00,1734.70,14672.55,1689.12,0,0,0,0.00,0,F1,120,,,,,
2026-09-08,2026-09-08,FO,NSE,IDO,50659,,MIDCPNIFTY,,2026-10-27,2026-10-27,13200.00,CE,MIDCPNIFTY26OCT13200CE,0.00,0.00,0.00,1673.45,0.00,1673.45,14672.55,1620.23,0,0,0,0.00,0,F1,120,,,,,
2026-09-08,2026-09-08,FO,NSE,IDO,50667,,MIDCPNIFTY,,2026-10-27,2026-10-27,13275.00,CE,MIDCPNIFTY26OCT13275CE,0.00,0.00,0.00,1613.10,0.00,1613.10,14672.55,1552.12,0,0,0,0.00,0,F1,120,,,,,
2026-09-08,2026-09-08,FO,NSE,IDO,50678,,MIDCPNIFTY,,2026-10-27,2026-10-27,13400.00,CE,MIDCPNIFTY26OCT13400CE,0.00,0.00,0.00,1514.75,0.00,1514.75,14672.55,1440.58,0,0,0,0.00,0,F1,120,,,,,
2026-09-08,2026-09-08,FO,NSE,IDO,50685,,MIDCPNIFTY,,2026-10-27,2026-10-27,13475.00,CE,MIDCPNIFTY26OCT13475CE,0.00,0.00,0.00,1457.15,0.00,1457.15,14672.55,1374.95,0,0,0,0.00,0,F1,120,,,,,
2026-09-08,2026-09-08,FO,NSE,IDO,50727,,MIDCPNIFTY,,2026-10-27,2026-10-27,13875.00,CE,MIDCPNIFTY26OCT13875CE,0.00,0.00,0.00,1168.85,0.00,1168.85,14672.55,1045.16,0,0,0,0.00,0,F1,120,,,,,
2026-09-08,2026-09-08,FO,NSE,IDO,50793,,MIDCPNIFTY,,2026-10-27,2026-10-27,14375.00,CE,MIDCPNIFTY26OCT14375CE,0.00,0.00,0.00,858.75,0.00,858.75,14672.55,693.60,0,0,0,0.00,0,F1,120,,,,,
2026-09-08,2026-09-08,FO,NSE,IDO,50831,,MIDCPNIFTY,,2026-10-27,2026-10-27,14650.00,CE,MIDCPNIFTY26OCT14650CE,0.00,0.00,0.00,713.20,0.00,713.20,14672.55,534.73,0,0,0,0.00,0,F1,120,,,,,
2026-09-08,2026-09-08,FO,NSE,IDO,50893,,MIDCPNIFTY,,2026-10-27,2026-10-27,15150.00,CE,MIDCPNIFTY26OCT15150CE,0.00,0.00,0.00,493.80,0.00,493.80,14672.55,311.43,0,0,0,0.00,0,F1,120,,,,,
2026-09-08,2026-09-08,FO,NSE,IDO,50962,,MIDCPNIFTY,,2026-10-27,2026-10-27,15475.00,CE,MIDCPNIFTY26OCT15475CE,0.00,0.00,0.00,380.85,0.00,380.85,14672.55,208.86,0,0,0,0.00,0,F1,120,,,,,
2026-09-08,2026-09-08,FO,NSE,IDO,50986,,MIDCPNIFTY,,2026-10-27,2026-10-27,15650.00,CE,MIDCPNIFTY26OCT15650CE,0.00,0.00,0.00,328.95,0.00,328.95,14672.55,165.98,0,0,0,0.00,0,F1,120,,,,,
2026-09-08,2026-09-08,FO,NSE,IDO,63703,,MIDCPNIFTY,,2026-11-23,2026-11-23,13850.00,CE,MIDCPNIFTY26NOV13850CE,0.00,0.00,0.00,1520.05,0.00,1520.05,14672.55,1194.60,0,0,0,0.00,0,F1,120,,,,,
2026-09-08,2026-09-08,FO,NSE,IDO,63705,,MIDCPNIFTY,,2026-11-23,2026-11-23,13875.00,CE,MIDCPNIFTY26NOV13875CE,0.00,0.00,0.00,1500.55,0.00,1500.55,14672.55,1176.70,0,0,0,0.00,0,F1,120,,,,,
2026-09-08,2026-09-08,FO,NSE,IDO,63747,,MIDCPNIFTY,,2026-11-23,2026-11-23,14250.00,CE,MIDCPNIFTY26NOV14250CE,0.00,0.00,0.00,1223.30,0.00,1223.30,14672.55,917.52,0,0,0,0.00,0,F1,120,,,,,
2026-09-08,2026-09-08,FO,NSE,IDO,63761,,MIDCPNIFTY,,2026-11-23,2026-11-23,14400.00,CE,MIDCPNIFTY26NOV14400CE,0.00,0.00,0.00,1120.05,0.00,1120.05,14672.55,824.29,0,0,0,0.00,0,F1,120,,,,,
2026-09-08,2026-09-08,FO,NSE,IDO,63813,,MIDCPNIFTY,,2026-11-23,2026-11-23,14925.00,CE,MIDCPNIFTY26NOV14925CE,0.00,0.00,0.00,801.75,0.00,801.75,14672.55,545.90,0,0,0,0.00,0,F1,120,,,,,
2026-09-08,2026-09-08,FO,NSE,IDO,63815,,MIDCPNIFTY,,2026-11-23,2026-11-23,14950.00,CE,MIDCPNIFTY26NOV14950CE,0.00,0.00,0.00,788.20,0.00,788.20,14672.55,534.51,0,0,0,0.00,0,F1,120,,,,,
2026-09-08,2026-09-08,FO,NSE,IDO,72691,,MIDCPNIFTY,,2026-09-29,2026-09-29,13475.00,PE,MIDCPNIFTY26SEP13475PE,0.00,0.00,0.00,224.90,0.00,224.90,14672.55,12.61,0,0,0,0.00,0,F1,120,,,,,
2026-09-08,2026-09-08,FO,NSE,IDO,72716,,MIDCPNIFTY,,2026-09-29,2026-09-29,13525.00,PE,MIDCPNIFTY26SEP13525PE,0.00,0.00,0.00,237.65,0.00,237.65,14672.55,15.04,0,0,0,0.00,0,F1,120,,,,,
2026-09-08,2026-09-08,FO,NSE,IDO,72758,,MIDCPNIFTY,,2026-09-29,2026-09-29,13675.00,PE,MIDCPNIFTY26SEP13675PE,0.00,0.00,0.00,278.45,0.00,278.45,14672.55,24.82,0,0,0,0.00,0,F1,120,,,,,
2026-09-08,2026-09-08,FO,NSE,IDO,72779,,MIDCPNIFTY,,2026-09-29,2026-09-29,13775.00,PE,MIDCPNIFTY26SEP13775PE,0.00,0.00,0.00,308.80,0.00,308.80,14672.55,33.89,0,0,0,0.00,0,F1,120,,,,,
2026-09-08,2026-09-08,FO,NSE,IDO,72804,,MIDCPNIFTY,,2026-09-29,2026-09-29,13975.00,PE,MIDCPNIFTY26SEP13975PE,0.00,0.00,0.00,376.10,0.00,376.10,14672.55,59.99,0,0,0,0.00,0,F1,120,,,,,
2026-09-08,2026-09-08,FO,NSE,IDO,72824,,MIDCPNIFTY,,2026-09-29,2026-09-29,14100.00,PE,MIDCPNIFTY26SEP14100PE,26.60,29.70,22.35,23.60,22.95,25.90,14672.55,23.60,39600,1200,1318,2234074200.00,1043,F1,120,,,,,
2026-09-08,2026-09-08,FO,NSE,IDO,72975,,MIDCPNIFTY,,2026-09-29,2026-09-29,14925.00,PE,MIDCPNIFTY26SEP14925PE,325.45,325.45,304.05,306.30,304.10,315.05,14672.55,306.30,11880,-240,4,7313322.00,4,F1,120,,,,,
2026-09-08,2026-09-08,FO,NSE,IDO,72985,,MIDCPNIFTY,,2026-09-29,2026-09-29,15025.00,PE,MIDCPNIFTY26SEP15025PE,387.80,387.80,374.90,385.65,385.65,401.10,14672.55,385.65,2880,-120,5,9244596.00,4,F1,120,,,,,
2026-09-08,2026-09-08,FO,NSE,IDO,73001,,MIDCPNIFTY,,2026-09-29,2026-09-29,15225.00,PE,MIDCPNIFTY26SEP15225PE,0.00,0.00,0.00,420.20,420.20,420.20,14672.55,620.68,5160,0,0,0.00,0,F1,120,,,,,
2026-09-08,2026-09-08,FO,NSE,IDO,73094,,MIDCPNIFTY,,2026-09-29,2026-09-29,15450.00,PE,MIDCPNIFTY26SEP15450PE,0.00,0.00,0.00,436.70,436.70,436.70,14672.55,798.19,240,0,0,0.00,0,F1,120,,,,,
2026-09-08,2026-09-08,FO,NSE,IDO,73195,,MIDCPNIFTY,,2026-09-29,2026-09-29,15925.00,PE,MIDCPNIFTY26SEP15925PE,0.00,0.00,0.00,1499.90,0.00,1499.90,14672.55,1220.88,0,0,0,0.00,0,F1,120,,,,,
2026-09-08,2026-09-08,FO,NSE,IDO,73203,,MIDCPNIFTY,,2026-09-29,2026-09-29,15950.00,PE,MIDCPNIFTY26SEP15950PE,0.00,0.00,0.00,1518.60,0.00,1518.60,14672.55,1244.34,0,0,0,0.00,0,F1,120,,,,,
2026-09-08,2026-09-08,FO,NSE,IDO,50696,,MIDCPNIFTY,,2026-10-27,2026-10-27,13575.00,PE,MIDCPNIFTY26OCT13575PE,0.00,0.00,0.00,212.10,0.00,212.10,14672.55,76.19,0,0,0,0.00,0,F1,120,,,,,
2026-09-08,2026-09-08,FO,NSE,IDO,50726,,MIDCPNIFTY,,2026-10-27,2026-10-27,13850.00,PE,MIDCPNIFTY26OCT13850PE,0.00,0.00,0.00,286.80,0.00,286.80,14672.55,124.34,0,0,0,0.00,0,F1,120,,,,,
2026-09-08,2026-09-08,FO,NSE,IDO,50738,,MIDCPNIFTY,,2026-10-27,2026-10-27,13975.00,PE,MIDCPNIFTY26OCT13975PE,0.00,0.00,0.00,326.30,0.00,326.30,14672.55,152.56,0,0,0,0.00,0,F1,120,,,,,
2026-09-08,2026-09-08,FO,NSE,IDO,50760,,MIDCPNIFTY,,2026-10-27,2026-10-27,14150.00,PE,MIDCPNIFTY26OCT14150PE,0.00,0.00,0.00,387.55,0.00,387.55,14672.55,199.39,0,0,0,0.00,0,F1,120,,,,,
2026-09-08,2026-09-08,FO,NSE,IDO,50839,,MIDCPNIFTY,,2026-10-27,2026-10-27,14675.00,PE,MIDCPNIFTY26OCT14675PE,268.10,269.35,268.10,269.35,269.35,614.30,14672.55,399.26,240,240,2,3586494.00,2,F1,120,,,,,
2026-09-08,2026-09-08,FO,NSE,IDO,50842,,MIDCPNIFTY,,2026-10-27,2026-10-27,14700.00,PE,MIDCPNIFTY26OCT14700PE,0.00,0.00,0.00,626.75,0.00,626.75,14672.55,411.09,0,0,0,0.00,0,F1,120,,,,,
2026-09-08,2026-09-08,FO,NSE,IDO,50848,,MIDCPNIFTY,,2026-10-27,2026-10-27,14750.00,PE,MIDCPNIFTY26OCT14750PE,293.95,293.95,293.95,293.95,293.95,293.95,14672.55,435.40,1320,120,1,1805274.00,1,F1,120,,,,,
2026-09-08,2026-09-08,FO,NSE,IDO,50882,,MIDCPNIFTY,,2026-10-27,2026-10-27,15000.00,PE,MIDCPNIFTY26OCT15000PE,0.00,0.00,0.00,432.85,432.85,432.85,14672.55,569.62,1200,0,0,0.00,0,F1,120,,,,,
2026-09-08,2026-09-08,FO,NSE,IDO,63654,,MIDCPNIFTY,,2026-11-23,2026-11-23,13225.00,PE,MIDCPNIFTY26NOV13225PE,0.00,0.00,0.00,69.15,0.00,69.15,14672.55,76.62,0,0,0,0.00,0,F1,120,,,,,
2026-09-08,2026-09-08,FO,NSE,IDO,73356,,MIDCPNIFTY,,2026-09-29,2026-09-29,16500.00,CE,MIDCPNIFTY26SEP16500CE,1.30,1.35,1.00,1.10,1.10,1.10,14672.55,1.10,61800,-2280,112,221775654.00,42,F1,120,,,,,
2026-09-08,2026-09-08,FO,NSE,IDO,63662,,MIDCPNIFTY,,2026-11-23,2026-11-23,13325.00,PE,MIDCPNIFTY26NOV13325PE,0.00,0.00,0.00,80.30,0.00,80.30,14672.55,89.83,0,0,0,0.00,0,F1,120,,,,,
2026-09-08,2026-09-08,FO,NSE,IDO,63698,,MIDCPNIFTY,,2026-11-23,2026-11-23,13775.00,PE,MIDCPNIFTY26NOV13775PE,0.00,0.00,0.00,148.70,0.00,148.70,14672.55,172.04,0,0,0,0.00,0,F1,120,,,,,
2026-09-08,2026-09-08,FO,NSE,IDO,63708,,MIDCPNIFTY,,2026-11-23,2026-11-23,13900.00,PE,MIDCPNIFTY26NOV13900PE,0.00,0.00,0.00,173.75,0.00,173.75,14672.55,202.95,0,0,0,0.00,0,F1,120,,,,,
2026-09-08,2026-09-08,FO,NSE,IDO,63740,,MIDCPNIFTY,,2026-11-23,2026-11-23,14200.00,PE,MIDCPNIFTY26NOV14200PE,0.00,0.00,0.00,246.85,0.00,246.85,14672.55,290.56,0,0,0,0.00,0,F1,120,,,,,
2026-09-08,2026-09-08,FO,NSE,IDO,63758,,MIDCPNIFTY,,2026-11-23,2026-11-23,14350.00,PE,MIDCPNIFTY26NOV14350PE,0.00,0.00,0.00,289.60,0.00,289.60,14672.55,343.37,0,0,0,0.00,0,F1,120,,,,,
2026-09-08,2026-09-08,FO,NSE,IDO,63820,,MIDCPNIFTY,,2026-11-23,2026-11-23,15000.00,PE,MIDCPNIFTY26NOV15000PE,0.00,0.00,0.00,537.90,0.00,537.90,14672.55,642.36,0,0,0,0.00,0,F1,120,,,,,
2026-09-08,2026-09-08,FO,NSE,IDO,63840,,MIDCPNIFTY,,2026-11-23,2026-11-23,15200.00,PE,MIDCPNIFTY26NOV15200PE,0.00,0.00,0.00,634.50,0.00,634.50,14672.55,757.21,0,0,0,0.00,0,F1,120,,,,,
2026-09-08,2026-09-08,FO,NSE,IDO,63844,,MIDCPNIFTY,,2026-11-23,2026-11-23,15250.00,PE,MIDCPNIFTY26NOV15250PE,0.00,0.00,0.00,660.20,0.00,660.20,14672.55,787.54,0,0,0,0.00,0,F1,120,,,,,
2026-09-08,2026-09-08,FO,NSE,IDO,63854,,MIDCPNIFTY,,2026-11-23,2026-11-23,15375.00,PE,MIDCPNIFTY26NOV15375PE,0.00,0.00,0.00,726.95,0.00,726.95,14672.55,866.08,0,0,0,0.00,0,F1,120,,,,,
2026-09-08,2026-09-08,FO,NSE,IDO,63888,,MIDCPNIFTY,,2026-11-23,2026-11-23,15800.00,PE,MIDCPNIFTY26NOV15800PE,0.00,0.00,0.00,980.70,0.00,980.70,14672.55,1161.12,0,0,0,0.00,0,F1,120,,,,,
2026-09-08,2026-09-08,FO,NSE,IDO,63904,,MIDCPNIFTY,,2026-11-23,2026-11-23,16000.00,PE,MIDCPNIFTY26NOV16000PE,0.00,0.00,0.00,1113.60,0.00,1113.60,14672.55,1312.45,0,0,0,0.00,0,F1,120,,,,,
2026-09-08,2026-09-08,FO,NSE,IDO,63938,,MIDCPNIFTY,,2026-11-23,2026-11-23,16400.00,PE,MIDCPNIFTY26NOV16400PE,0.00,0.00,0.00,1403.60,0.00,1403.60,14672.55,1636.97,0,0,0,0.00,0,F1,120,,,,,
2026-09-08,2026-09-08,FO,NSE,IDF,61470,,MIDCPNIFTY,,2026-11-23,2026-11-23,,,MIDCPNIFTY26NOVFUT,14769.90,14790.00,14753.10,14770.70,14784.50,14790.00,14672.55,14770.70,7200,240,18,31902708.00,17,F1,120,,,,,
2026-09-08,2026-09-08,FO,NSE,IDO,72632,,MIDCPNIFTY,,2026-09-29,2026-09-29,13100.00,CE,MIDCPNIFTY26SEP13100CE,0.00,0.00,0.00,1671.00,0.00,1671.00,14672.55,1619.20,0,0,0,0.00,0,F1,120,,,,,
2026-09-08,2026-09-08,FO,NSE,IDO,73124,,MIDCPNIFTY,,2026-09-29,2026-09-29,15700.00,CE,MIDCPNIFTY26SEP15700CE,0.00,0.00,0.00,297.45,0.00,297.45,14672.55,39.45,0,0,0,0.00,0,F1,120,,,,,
2026-09-08,2026-09-08,FO,NSE,IDO,72934,,MIDCPNIFTY,,2026-09-29,2026-09-29,14450.00,CE,MIDCPNIFTY26SEP14450CE,298.15,324.10,298.15,324.10,324.10,318.50,14672.55,324.10,1200,240,5,8859336.00,4,F1,120,,,,,
2026-09-08,2026-09-08,FO,NSE,IDO,72931,,MIDCPNIFTY,,2026-09-29,2026-09-29,14425.00,CE,MIDCPNIFTY26SEP14425CE,315.65,352.75,315.65,343.00,343.00,373.05,14672.55,343.00,2880,240,6,10629138.00,5,F1,120,,,,,
2026-09-08,2026-09-08,FO,NSE,IDO,72807,,MIDCPNIFTY,,2026-09-29,2026-09-29,14025.00,CE,MIDCPNIFTY26SEP14025CE,0.00,0.00,0.00,1010.80,0.00,1010.80,14672.55,762.93,0,0,0,0.00,0,F1,120,,,,,
2026-09-08,2026-09-08,FO,NSE,IDO,72757,,MIDCPNIFTY,,2026-09-29,2026-09-29,13675.00,CE,MIDCPNIFTY26SEP13675CE,0.00,0.00,0.00,1239.55,0.00,1239.55,14672.55,1068.09,0,0,0,0.00,0,F1,120,,,,,
2026-09-08,2026-09-08,FO,NSE,IDO,72943,,MIDCPNIFTY,,2026-09-29,2026-09-29,14550.00,PE,MIDCPNIFTY26SEP14550PE,130.00,132.20,104.10,111.15,109.15,119.25,14672.55,111.15,12240,-1560,750,1320060660.00,629,F1,120,,,,,
2026-09-08,2026-09-08,FO,NSE,IDO,72953,,MIDCPNIFTY,,2026-09-29,2026-09-29,14675.00,PE,MIDCPNIFTY26SEP14675PE,176.35,188.00,150.00,161.30,158.00,170.90,14672.55,161.30,22320,10320,2347,4179981456.00,1898,F1,120,,,,,
2026-09-08,2026-09-08,FO,NSE,IDO,72989,,MIDCPNIFTY,,2026-09-29,2026-09-29,15075.00,PE,MIDCPNIFTY26SEP15075PE,418.40,418.40,418.40,418.40,418.40,433.25,14672.55,418.40,18480,-120,2,3718416.00,1,F1,120,,,,,
2026-09-08,2026-09-08,FO,NSE,IDO,73206,,MIDCPNIFTY,,2026-09-29,2026-09-29,15975.00,PE,MIDCPNIFTY26SEP15975PE,0.00,0.00,0.00,1537.95,0.00,1537.95,14672.55,1267.88,0,0,0,0.00,0,F1,120,,,,,
2026-09-08,2026-09-08,FO,NSE,IDO,73327,,MIDCPNIFTY,,2026-09-29,2026-09-29,16300.00,PE,MIDCPNIFTY26SEP16300PE,0.00,0.00,0.00,1797.80,0.00,1797.80,14672.55,1580.09,0,0,0,0.00,0,F1,120,,,,,
2026-09-08,2026-09-08,FO,NSE,IDO,73349,,MIDCPNIFTY,,2026-09-29,2026-09-29,16400.00,PE,MIDCPNIFTY26SEP16400PE,0.00,0.00,0.00,1880.60,0.00,1880.60,14672.55,1677.81,0,0,0,0.00,0,F1,120,,,,,
2026-09-08,2026-09-08,FO,NSE,IDO,50652,,MIDCPNIFTY,,2026-10-27,2026-10-27,13100.00,PE,MIDCPNIFTY26OCT13100PE,0.00,0.00,0.00,117.55,0.00,117.55,14672.55,28.33,0,0,0,0.00,0,F1,120,,,,,
2026-09-08,2026-09-08,FO,NSE,IDO,50670,,MIDCPNIFTY,,2026-10-27,2026-10-27,13300.00,PE,MIDCPNIFTY26OCT13300PE,0.00,0.00,0.00,152.40,0.00,152.40,14672.55,43.99,0,0,0,0.00,0,F1,120,,,,,
2026-09-08,2026-09-08,FO,NSE,IDO,50690,,MIDCPNIFTY,,2026-10-27,2026-10-27,13500.00,PE,MIDCPNIFTY26OCT13500PE,0.00,0.00,0.00,194.40,0.00,194.40,14672.55,65.99,0,0,0,0.00,0,F1,120,,,,,
2026-09-08,2026-09-08,FO,NSE,IDO,50702,,MIDCPNIFTY,,2026-10-27,2026-10-27,13600.00,PE,MIDCPNIFTY26OCT13600PE,0.00,0.00,0.00,218.25,0.00,218.25,14672.55,79.85,0,0,0,0.00,0,F1,120,,,,,
2026-09-08,2026-09-08,FO,NSE,IDO,50717,,MIDCPNIFTY,,2026-10-27,2026-10-27,13750.00,PE,MIDCPNIFTY26OCT13750PE,0.00,0.00,0.00,258.30,0.00,258.30,14672.55,104.74,0,0,0,0.00,0,F1,120,,,,,
2026-09-08,2026-09-08,FO,NSE,IDO,63736,,MIDCPNIFTY,,2026-11-23,2026-11-23,14150.00,PE,MIDCPNIFTY26NOV14150PE,0.00,0.00,0.00,233.50,0.00,233.50,14672.55,274.26,0,0,0,0.00,0,F1,120,,,,,
2026-09-08,2026-09-08,FO,NSE,IDO,51002,,MIDCPNIFTY,,2026-10-27,2026-10-27,15800.00,CE,MIDCPNIFTY26OCT15800CE,0.00,0.00,0.00,289.05,0.00,289.05,14672.55,135.01,0,0,0,0.00,0,F1,120,,,,,
2026-09-08,2026-09-08,FO,NSE,IDO,51022,,MIDCPNIFTY,,2026-10-27,2026-10-27,15900.00,CE,MIDCPNIFTY26OCT15900CE,0.00,0.00,0.00,265.40,0.00,265.40,14672.55,117.11,0,0,0,0.00,0,F1,120,,,,,
2026-09-08,2026-09-08,FO,NSE,IDO,63683,,MIDCPNIFTY,,2026-11-23,2026-11-23,13600.00,CE,MIDCPNIFTY26NOV13600CE,0.00,0.00,0.00,1721.15,0.00,1721.15,14672.55,1386.74,0,0,0,0.00,0,F1,120,,,,,
2026-09-08,2026-09-08,FO,NSE,IDO,63689,,MIDCPNIFTY,,2026-11-23,2026-11-23,13675.00,CE,MIDCPNIFTY26NOV13675CE,0.00,0.00,0.00,1659.70,0.00,1659.70,14672.55,1327.68,0,0,0,0.00,0,F1,120,,,,,
2026-09-08,2026-09-08,FO,NSE,IDO,63701,,MIDCPNIFTY,,2026-11-23,2026-11-23,13825.00,CE,MIDCPNIFTY26NOV13825CE,0.00,0.00,0.00,1539.65,0.00,1539.65,14672.55,1213.19,0,0,0,0.00,0,F1,120,,,,,
2026-09-08,2026-09-08,FO,NSE,IDO,63803,,MIDCPNIFTY,,2026-11-23,2026-11-23,14800.00,CE,MIDCPNIFTY26NOV14800CE,0.00,0.00,0.00,871.60,0.00,871.60,14672.55,605.36,0,0,0,0.00,0,F1,120,,,,,
2026-09-08,2026-09-08,FO,NSE,IDO,63833,,MIDCPNIFTY,,2026-11-23,2026-11-23,15125.00,CE,MIDCPNIFTY26NOV15125CE,0.00,0.00,0.00,697.80,0.00,697.80,14672.55,459.45,0,0,0,0.00,0,F1,120,,,,,
2026-09-08,2026-09-08,FO,NSE,IDO,63851,,MIDCPNIFTY,,2026-11-23,2026-11-23,15350.00,CE,MIDCPNIFTY26NOV15350CE,0.00,0.00,0.00,592.25,0.00,592.25,14672.55,374.55,0,0,0,0.00,0,F1,120,,,,,
2026-09-08,2026-09-08,FO,NSE,IDO,63853,,MIDCPNIFTY,,2026-11-23,2026-11-23,15375.00,CE,MIDCPNIFTY26NOV15375CE,0.00,0.00,0.00,581.25,0.00,581.25,14672.55,365.90,0,0,0,0.00,0,F1,120,,,,,
2026-09-08,2026-09-08,FO,NSE,IDO,63855,,MIDCPNIFTY,,2026-11-23,2026-11-23,15400.00,CE,MIDCPNIFTY26NOV15400CE,0.00,0.00,0.00,570.40,0.00,570.40,14672.55,357.40,0,0,0,0.00,0,F1,120,,,,,
2026-09-08,2026-09-08,FO,NSE,IDO,63859,,MIDCPNIFTY,,2026-11-23,2026-11-23,15450.00,CE,MIDCPNIFTY26NOV15450CE,0.00,0.00,0.00,549.15,0.00,549.15,14672.55,340.84,0,0,0,0.00,0,F1,120,,,,,
2026-09-08,2026-09-08,FO,NSE,IDO,63887,,MIDCPNIFTY,,2026-11-23,2026-11-23,15800.00,CE,MIDCPNIFTY26NOV15800CE,0.00,0.00,0.00,416.30,0.00,416.30,14672.55,241.53,0,0,0,0.00,0,F1,120,,,,,
2026-09-08,2026-09-08,FO,NSE,IDO,72625,,MIDCPNIFTY,,2026-09-29,2026-09-29,13000.00,PE,MIDCPNIFTY26SEP13000PE,3.55,4.00,2.80,3.80,3.95,3.55,14672.55,3.80,54480,960,129,201292470.00,70,F1,120,,,,,
2026-09-08,2026-09-08,FO,NSE,IDO,72633,,MIDCPNIFTY,,2026-09-29,2026-09-29,13100.00,PE,MIDCPNIFTY26SEP13100PE,0.00,0.00,0.00,143.70,0.00,143.70,14672.55,2.86,0,0,0,0.00,0,F1,120,,,,,
2026-09-08,2026-09-08,FO,NSE,IDO,72639,,MIDCPNIFTY,,2026-09-29,2026-09-29,13175.00,PE,MIDCPNIFTY26SEP13175PE,0.00,0.00,0.00,157.75,0.00,157.75,14672.55,3.94,0,0,0,0.00,0,F1,120,,,,,
2026-09-08,2026-09-08,FO,NSE,IDO,72641,,MIDCPNIFTY,,2026-09-29,2026-09-29,13200.00,PE,MIDCPNIFTY26SEP13200PE,0.00,0.00,0.00,162.70,0.00,162.70,14672.55,4.37,0,0,0,0.00,0,F1,120,,,,,
2026-09-08,2026-09-08,FO,NSE,IDO,72735,,MIDCPNIFTY,,2026-09-29,2026-09-29,13550.00,PE,MIDCPNIFTY26SEP13550PE,0.00,0.00,0.00,244.25,0.00,244.25,14672.55,16.40,0,0,0,0.00,0,F1,120,,,,,
2026-09-08,2026-09-08,FO,NSE,IDO,72748,,MIDCPNIFTY,,2026-09-29,2026-09-29,13600.00,PE,MIDCPNIFTY26SEP13600PE,0.00,0.00,0.00,257.75,0.00,257.75,14672.55,19.42,0,0,0,0.00,0,F1,120,,,,,
2026-09-08,2026-09-08,FO,NSE,IDO,72800,,MIDCPNIFTY,,2026-09-29,2026-09-29,13925.00,PE,MIDCPNIFTY26SEP13925PE,0.00,0.00,0.00,358.40,0.00,358.40,14672.55,52.33,0,0,0,0.00,0,F1,120,,,,,
2026-09-08,2026-09-08,FO,NSE,IDO,72802,,MIDCPNIFTY,,2026-09-29,2026-09-29,13950.00,PE,MIDCPNIFTY26SEP13950PE,0.00,0.00,0.00,367.20,0.00,367.20,14672.55,56.06,0,0,0,0.00,0,F1,120,,,,,
2026-09-08,2026-09-08,FO,NSE,IDO,72930,,MIDCPNIFTY,,2026-09-29,2026-09-29,14400.00,PE,MIDCPNIFTY26SEP14400PE,79.45,82.70,63.45,68.60,68.00,74.00,14672.55,68.60,111240,-7440,1553,2697231978.00,1287,F1,120,,,,,
2026-09-08,2026-09-08,FO,NSE,IDO,72973,,MIDCPNIFTY,,2026-09-29,2026-09-29,14900.00,PE,MIDCPNIFTY26SEP14900PE,317.70,322.65,273.50,291.20,281.00,296.90,14672.55,291.20,213240,-6720,228,415741110.00,155,F1,120,,,,,
2026-09-08,2026-09-08,FO,NSE,IDO,72979,,MIDCPNIFTY,,2026-09-29,2026-09-29,14950.00,PE,MIDCPNIFTY26SEP14950PE,338.80,338.80,338.80,338.80,338.80,339.00,14672.55,430.49,26040,-120,1,1834656.00,1,F1,120,,,,,
2026-09-08,2026-09-08,FO,NSE,IDO,73075,,MIDCPNIFTY,,2026-09-29,2026-09-29,15300.00,PE,MIDCPNIFTY26SEP15300PE,625.35,625.35,600.00,601.00,601.00,633.45,14672.55,677.45,7920,-600,5,9544008.00,5,F1,120,,,,,
2026-09-08,2026-09-08,FO,NSE,IDO,73083,,MIDCPNIFTY,,2026-09-29,2026-09-29,15325.00,PE,MIDCPNIFTY26SEP15325PE,0.00,0.00,0.00,361.85,361.85,361.85,14672.55,697.03,480,0,0,0.00,0,F1,120,,,,,
2026-09-08,2026-09-08,FO,NSE,IDO,73091,,MIDCPNIFTY,,2026-09-29,2026-09-29,15425.00,PE,MIDCPNIFTY26SEP15425PE,0.00,0.00,0.00,606.75,606.75,606.75,14672.55,777.54,2400,0,0,0.00,0,F1,120,,,,,
2026-09-08,2026-09-08,FO,NSE,IDO,73135,,MIDCPNIFTY,,2026-09-29,2026-09-29,15825.00,PE,MIDCPNIFTY26SEP15825PE,0.00,0.00,0.00,1423.75,0.00,1423.75,14672.55,1128.00,0,0,0,0.00,0,F1,120,,,,,
2026-09-08,2026-09-08,FO,NSE,IDO,50686,,MIDCPNIFTY,,2026-10-27,2026-10-27,13475.00,PE,MIDCPNIFTY26OCT13475PE,0.00,0.00,0.00,188.70,0.00,188.70,14672.55,62.84,0,0,0,0.00,0,F1,120,,,,,
2026-09-08,2026-09-08,FO,NSE,IDO,50736,,MIDCPNIFTY,,2026-10-27,2026-10-27,13950.00,PE,MIDCPNIFTY26OCT13950PE,0.00,0.00,0.00,318.10,0.00,318.10,14672.55,146.57,0,0,0,0.00,0,F1,120,,,,,
2026-09-08,2026-09-08,FO,NSE,IDO,50794,,MIDCPNIFTY,,2026-10-27,2026-10-27,14375.00,PE,MIDCPNIFTY26OCT14375PE,0.00,0.00,0.00,476.80,0.00,476.80,14672.55,273.84,0,0,0,0.00,0,F1,120,,,,,
2026-09-08,2026-09-08,FO,NSE,IDO,50805,,MIDCPNIFTY,,2026-10-27,2026-10-27,14425.00,PE,MIDCPNIFTY26OCT14425PE,0.00,0.00,0.00,498.25,0.00,498.25,14672.55,292.63,0,0,0,0.00,0,F1,120,,,,,
2026-09-08,2026-09-08,FO,NSE,IDO,50812,,MIDCPNIFTY,,2026-10-27,2026-10-27,14475.00,PE,MIDCPNIFTY26OCT14475PE,0.00,0.00,0.00,520.25,0.00,520.25,14672.55,312.26,0,0,0,0.00,0,F1,120,,,,,
2026-09-08,2026-09-08,FO,NSE,IDO,50856,,MIDCPNIFTY,,2026-10-27,2026-10-27,14825.00,PE,MIDCPNIFTY26OCT14825PE,0.00,0.00,0.00,279.40,279.40,279.40,14672.55,473.41,720,0,0,0.00,0,F1,120,,,,,
2026-09-08,2026-09-08,FO,NSE,IDO,50941,,MIDCPNIFTY,,2026-10-27,2026-10-27,15250.00,PE,MIDCPNIFTY26OCT15250PE,0.00,0.00,0.00,936.55,0.00,936.55,14672.55,724.34,0,0,0,0.00,0,F1,120,,,,,
2026-09-08,2026-09-08,FO,NSE,IDO,51001,,MIDCPNIFTY,,2026-10-27,2026-10-27,15775.00,PE,MIDCPNIFTY26OCT15775PE,0.00,0.00,0.00,1292.40,0.00,1292.40,14672.55,1108.16,0,0,0,0.00,0,F1,120,,,,,
2026-09-08,2026-09-08,FO,NSE,IDO,51003,,MIDCPNIFTY,,2026-10-27,2026-10-27,15800.00,PE,MIDCPNIFTY26OCT15800PE,0.00,0.00,0.00,1310.70,0.00,1310.70,14672.55,1128.14,0,0,0,0.00,0,F1,120,,,,,
2026-09-08,2026-09-08,FO,NSE,IDO,51073,,MIDCPNIFTY,,2026-10-27,2026-10-27,16400.00,PE,MIDCPNIFTY26OCT16400PE,0.00,0.00,0.00,1779.55,0.00,1779.55,14672.55,1642.47,0,0,0,0.00,0,F1,120,,,,,
2026-09-08,2026-09-08,FO,NSE,IDO,63696,,MIDCPNIFTY,,2026-11-23,2026-11-23,13750.00,PE,MIDCPNIFTY26NOV13750PE,0.00,0.00,0.00,144.00,0.00,144.00,14672.55,166.38,0,0,0,0.00,0,F1,120,,,,,
2026-09-08,2026-09-08,FO,NSE,IDO,63710,,MIDCPNIFTY,,2026-11-23,2026-11-23,13925.00,PE,MIDCPNIFTY26NOV13925PE,0.00,0.00,0.00,179.15,0.00,179.15,14672.55,209.43,0,0,0,0.00,0,F1,120,,,,,
2026-09-08,2026-09-08,FO,NSE,IDO,63776,,MIDCPNIFTY,,2026-11-23,2026-11-23,14550.00,PE,MIDCPNIFTY26NOV14550PE,0.00,0.00,0.00,355.45,0.00,355.45,14672.55,423.14,0,0,0,0.00,0,F1,120,,,,,
2026-09-08,2026-09-08,FO,NSE,IDO,63798,,MIDCPNIFTY,,2026-11-23,2026-11-23,14725.00,PE,MIDCPNIFTY26NOV14725PE,0.00,0.00,0.00,420.65,0.00,420.65,14672.55,501.87,0,0,0,0.00,0,F1,120,,,,,
2026-09-08,2026-09-08,FO,NSE,IDO,63814,,MIDCPNIFTY,,2026-11-23,2026-11-23,14925.00,PE,MIDCPNIFTY26NOV14925PE,0.00,0.00,0.00,504.10,0.00,504.10,14672.55,602.00,0,0,0,0.00,0,F1,120,,,,,
2026-09-08,2026-09-08,FO,NSE,IDO,63824,,MIDCPNIFTY,,2026-11-23,2026-11-23,15025.00,PE,MIDCPNIFTY26NOV15025PE,0.00,0.00,0.00,549.45,0.00,549.45,14672.55,656.14,0,0,0,0.00,0,F1,120,,,,,
2026-09-08,2026-09-08,FO,NSE,IDO,63846,,MIDCPNIFTY,,2026-11-23,2026-11-23,15275.00,PE,MIDCPNIFTY26NOV15275PE,0.00,0.00,0.00,673.25,0.00,673.25,14672.55,802.94,0,0,0,0.00,0,F1,120,,,,,
2026-09-08,2026-09-08,FO,NSE,IDO,63848,,MIDCPNIFTY,,2026-11-23,2026-11-23,15300.00,PE,MIDCPNIFTY26NOV15300PE,0.00,0.00,0.00,686.45,0.00,686.45,14672.55,818.49,0,0,0,0.00,0,F1,120,,,,,
2026-09-08,2026-09-08,FO,NSE,IDO,63870,,MIDCPNIFTY,,2026-11-23,2026-11-23,15575.00,PE,MIDCPNIFTY26NOV15575PE,0.00,0.00,0.00,841.30,0.00,841.30,14672.55,999.57,0,0,0,0.00,0,F1,120,,,,,
2026-09-08,2026-09-08,FO,NSE,IDO,63884,,MIDCPNIFTY,,2026-11-23,2026-11-23,15750.00,PE,MIDCPNIFTY26NOV15750PE,0.00,0.00,0.00,948.75,0.00,948.75,14672.55,1123.78,0,0,0,0.00,0,F1,120,,,,,
2026-09-08,2026-09-08,FO,NSE,IDO,72654,,MIDCPNIFTY,,2026-09-29,2026-09-29,13375.00,CE,MIDCPNIFTY26SEP13375CE,0.00,0.00,0.00,1456.80,0.00,1456.80,14672.55,1350.99,0,0,0,0.00,0,F1,120,,,,,
2026-09-08,2026-09-08,FO,NSE,IDO,72638,,MIDCPNIFTY,,2026-09-29,2026-09-29,13175.00,CE,MIDCPNIFTY26SEP13175CE,0.00,0.00,0.00,1611.20,0.00,1611.20,14672.55,1545.53,0,0,0,0.00,0,F1,120,,,,,
2026-09-08,2026-09-08,FO,NSE,IDO,51000,,MIDCPNIFTY,,2026-10-27,2026-10-27,15775.00,CE,MIDCPNIFTY26OCT15775CE,0.00,0.00,0.00,295.40,0.00,295.40,14672.55,139.82,0,0,0,0.00,0,F1,120,,,,,
2026-09-08,2026-09-08,FO,NSE,IDO,50998,,MIDCPNIFTY,,2026-10-27,2026-10-27,15750.00,CE,MIDCPNIFTY26OCT15750CE,0.00,0.00,0.00,301.90,0.00,301.90,14672.55,144.77,0,0,0,0.00,0,F1,120,,,,,
2026-09-08,2026-09-08,FO,NSE,IDO,50972,,MIDCPNIFTY,,2026-10-27,2026-10-27,15525.00,CE,MIDCPNIFTY26OCT15525CE,0.00,0.00,0.00,365.40,0.00,365.40,14672.55,195.74,0,0,0,0.00,0,F1,120,,,,,
2026-09-08,2026-09-08,FO,NSE,IDO,50829,,MIDCPNIFTY,,2026-10-27,2026-10-27,14625.00,CE,MIDCPNIFTY26OCT14625CE,0.00,0.00,0.00,725.65,0.00,725.65,14672.55,548.11,0,0,0,0.00,0,F1,120,,,,,
2026-09-08,2026-09-08,FO,NSE,IDO,50827,,MIDCPNIFTY,,2026-10-27,2026-10-27,14600.00,CE,MIDCPNIFTY26OCT14600CE,0.00,0.00,0.00,738.30,0.00,738.30,14672.55,561.71,0,0,0,0.00,0,F1,120,,,,,
2026-09-08,2026-09-08,FO,NSE,IDO,50813,,MIDCPNIFTY,,2026-10-27,2026-10-27,14500.00,CE,MIDCPNIFTY26OCT14500CE,435.00,435.00,435.00,435.00,435.00,790.35,14672.55,618.21,120,120,1,1792200.00,1,F1,120,,,,,
2026-09-08,2026-09-08,FO,NSE,IDO,50811,,MIDCPNIFTY,,2026-10-27,2026-10-27,14475.00,CE,MIDCPNIFTY26OCT14475CE,0.00,0.00,0.00,803.75,0.00,803.75,14672.55,632.87,0,0,0,0.00,0,F1,120,,,,,
2026-09-08,2026-09-08,FO,NSE,IDO,50766,,MIDCPNIFTY,,2026-10-27,2026-10-27,14175.00,CE,MIDCPNIFTY26OCT14175CE,0.00,0.00,0.00,975.85,0.00,975.85,14672.55,824.93,0,0,0,0.00,0,F1,120,,,,,
2026-09-08,2026-09-08,FO,NSE,IDO,50737,,MIDCPNIFTY,,2026-10-27,2026-10-27,13975.00,CE,MIDCPNIFTY26OCT13975CE,0.00,0.00,0.00,1102.25,0.00,1102.25,14672.55,968.92,0,0,0,0.00,0,F1,120,,,,,
2026-09-08,2026-09-08,FO,NSE,IDO,50733,,MIDCPNIFTY,,2026-10-27,2026-10-27,13925.00,CE,MIDCPNIFTY26OCT13925CE,0.00,0.00,0.00,1135.25,0.00,1135.25,14672.55,1006.70,0,0,0,0.00,0,F1,120,,,,,
2026-09-08,2026-09-08,FO,NSE,IDO,50716,,MIDCPNIFTY,,2026-10-27,2026-10-27,13750.00,CE,MIDCPNIFTY26OCT13750CE,0.00,0.00,0.00,1255.85,0.00,1255.85,14672.55,1144.19,0,0,0,0.00,0,F1,120,,,,,
2026-09-08,2026-09-08,FO,NSE,IDO,50709,,MIDCPNIFTY,,2026-10-27,2026-10-27,13675.00,CE,MIDCPNIFTY26OCT13675CE,0.00,0.00,0.00,1309.40,0.00,1309.40,14672.55,1205.46,0,0,0,0.00,0,F1,120,,,,,
2026-09-08,2026-09-08,FO,NSE,IDO,50681,,MIDCPNIFTY,,2026-10-27,2026-10-27,13425.00,CE,MIDCPNIFTY26OCT13425CE,0.00,0.00,0.00,1495.45,0.00,1495.45,14672.55,1418.59,0,0,0,0.00,0,F1,120,,,,,
2026-09-08,2026-09-08,FO,NSE,IDO,50669,,MIDCPNIFTY,,2026-10-27,2026-10-27,13300.00,CE,MIDCPNIFTY26OCT13300CE,0.00,0.00,0.00,1593.20,0.00,1593.20,14672.55,1529.61,0,0,0,0.00,0,F1,120,,,,,
