TradDt,BizDt,Sgmt,Src,FinInstrmTp,FinInstrmId,ISIN,TckrSymb,SctySrs,XpryDt,FininstrmActlXpryDt,StrkPric,OptnTp,FinInstrmNm,OpnPric,HghPric,LwPric,ClsPric,LastPric,PrvsClsgPric,UndrlygPric,SttlmPric,OpnIntrst,ChngInOpnIntrst,TtlTradgVol,TtlTrfVal,TtlNbOfTxsExctd,SsnId,NewBrdLotQty,Rmks,Rsvd1,Rsvd2,Rsvd3,Rsvd4
2026-06-09,2026-06-09,FO,NSE,IDO,61716,,BANKNIFTY,,2026-07-28,2026-07-28,51500.00,CE,BANKNIFTY26JUL51500CE,0.00,0.00,0.00,3654.65,3654.65,3654.65,55194.50,4496.05,420,0,0,0.00,0,F1,30,,,,,
2026-06-09,2026-06-09,FO,NSE,IDO,61677,,BANKNIFTY,,2026-07-28,2026-07-28,49800.00,CE,BANKNIFTY26JUL49800CE,0.00,0.00,0.00,6667.90,0.00,6667.90,55194.50,5978.25,0,0,0,0.00,0,F1,30,,,,,
2026-06-09,2026-06-09,FO,NSE,IDO,61663,,BANKNIFTY,,2026-07-28,2026-07-28,49200.00,CE,BANKNIFTY26JUL49200CE,0.00,0.00,0.00,7184.25,0.00,7184.25,55194.50,6531.25,0,0,0,0.00,0,F1,30,,,,,
2026-06-09,2026-06-09,FO,NSE,IDO,75840,,BANKNIFTY,,2026-06-30,2026-06-30,60600.00,CE,BANKNIFTY26JUN60600CE,18.45,25.45,16.65,23.60,23.50,17.55,55194.50,23.60,9480,2700,770,1400355550.50,379,F1,30,,,,,
2026-06-09,2026-06-09,FO,NSE,IDO,58960,,BANKNIFTY,,2026-08-25,2026-08-25,53500.00,CE,BANKNIFTY26AUG53500CE,2925.00,2975.70,2850.00,2970.00,2970.00,2650.00,55194.50,3542.80,420,-90,12,20317453.50,12,F1,30,,,,,
2026-06-09,2026-06-09,FO,NSE,IDO,58965,,BANKNIFTY,,2026-08-25,2026-08-25,53700.00,CE,BANKNIFTY26AUG53700CE,0.00,0.00,0.00,3547.15,0.00,3547.15,55194.50,3413.70,0,0,0,0.00,0,F1,30,,,,,
2026-06-09,2026-06-09,FO,NSE,IDO,58990,,BANKNIFTY,,2026-08-25,2026-08-25,54500.00,CE,BANKNIFTY26AUG54500CE,2350.00,2500.00,2288.05,2500.00,2500.00,2056.05,55194.50,2925.65,930,450,21,35809168.50,16,F1,30,,,,,
2026-06-09,2026-06-09,FO,NSE,IDO,59096,,BANKNIFTY,,2026-08-25,2026-08-25,57800.00,CE,BANKNIFTY26AUG57800CE,0.00,0.00,0.00,1563.00,0.00,1563.00,55194.50,1398.15,0,0,0,0.00,0,F1,30,,,,,
2026-06-09,2026-06-09,FO,NSE,IDO,52268,,BANKNIFTY,,2026-09-29,2026-09-29,45000.00,CE,BANKNIFTY26SEP45000CE,0.00,0.00,0.00,12567.35,0.00,12567.35,55194.50,11174.85,0,0,0,0.00,0,F1,30,,,,,
2026-06-09,2026-06-09,FO,NSE,IDO,52426,,BANKNIFTY,,2026-09-29,2026-09-29,67500.00,CE,BANKNIFTY26SEP67500CE,0.00,0.00,0.00,1102.10,0.00,1102.10,55194.50,191.05,0,0,0,0.00,0,F1,30,,,,,
2026-06-09,2026-06-09,FO,NSE,IDO,53214,,BANKNIFTY,,2026-12-29,2026-12-29,46500.00,CE,BANKNIFTY26DEC46500CE,0.00,0.00,0.00,15478.70,0.00,15478.70,55194.50,10743.50,0,0,0,0.00,0,F1,30,,,,,
2026-06-09,2026-06-09,FO,NSE,IDO,75070,,BANKNIFTY,,2026-06-30,2026-06-30,45400.00,PE,BANKNIFTY26JUN45400PE,14.10,15.65,9.85,9.90,9.90,14.10,55194.50,0.05,2190,120,33,44957730.00,18,F1,30,,,,,
2026-06-09,2026-06-09,FO,NSE,IDO,75230,,BANKNIFTY,,2026-06-30,2026-06-30,47900.00,PE,BANKNIFTY26JUN47900PE,39.00,39.00,19.50,20.40,19.75,38.55,55194.50,20.40,6210,-1260,271,389627085.00,120,F1,30,,,,,
2026-06-09,2026-06-09,FO,NSE,IDO,75246,,BANKNIFTY,,2026-06-30,2026-06-30,48200.00,PE,BANKNIFTY26JUN48200PE,34.00,35.75,21.65,22.90,22.75,45.70,55194.50,22.90,6930,-510,235,340007137.50,122,F1,30,,,,,
2026-06-09,2026-06-09,FO,NSE,IDO,75614,,BANKNIFTY,,2026-06-30,2026-06-30,55800.00,CE,BANKNIFTY26JUN55800CE,479.25,824.20,462.05,774.15,812.70,459.25,55194.50,774.15,45030,-18330,10127,17157760209.00,7276,F1,30,,,,,
2026-06-09,2026-06-09,FO,NSE,IDO,75600,,BANKNIFTY,,2026-06-30,2026-06-30,55000.00,CE,BANKNIFTY26JUN55000CE,777.00,1255.55,770.00,1189.80,1235.05,740.35,55194.50,1189.80,1054320,13650,121910,204969242325.00,84534,F1,30,,,,,
2026-06-09,2026-06-09,FO,NSE,IDO,75586,,BANKNIFTY,,2026-06-30,2026-06-30,54300.00,CE,BANKNIFTY26JUN54300CE,1103.40,1724.90,1103.40,1640.95,1685.90,1064.60,55194.50,1640.95,104610,-37380,14969,25004233215.00,10041,F1,30,,,,,
2026-06-09,2026-06-09,FO,NSE,IDO,75584,,BANKNIFTY,,2026-06-30,2026-06-30,54200.00,CE,BANKNIFTY26JUN54200CE,1135.00,1777.85,1132.50,1701.20,1775.40,1119.60,55194.50,1701.20,66750,-56460,11041,18420386923.50,8224,F1,30,,,,,
2026-06-09,2026-06-09,FO,NSE,IDO,57717,,BANKNIFTY,,2026-06-30,2026-06-30,52500.00,CE,BANKNIFTY26JUN52500CE,2440.15,3131.70,2415.75,3049.45,3111.00,2187.20,55194.50,3049.45,23010,-690,361,598046425.50,230,F1,30,,,,,
2026-06-09,2026-06-09,FO,NSE,IDO,75415,,BANKNIFTY,,2026-06-30,2026-06-30,50800.00,CE,BANKNIFTY26JUN50800CE,0.00,0.00,0.00,3940.70,3940.70,3940.70,55194.50,4622.10,30,0,0,0.00,0,F1,30,,,,,
2026-06-09,2026-06-09,FO,NSE,IDO,75172,,BANKNIFTY,,2026-06-30,2026-06-30,46900.00,CE,BANKNIFTY26JUN46900CE,0.00,0.00,0.00,4704.00,0.00,4704.00,55194.50,8459.45,0,0,0,0.00,0,F1,30,,,,,
2026-06-09,2026-06-09,FO,NSE,IDO,75032,,BANKNIFTY,,2026-06-30,2026-06-30,45400.00,CE,BANKNIFTY26JUN45400CE,0.00,0.00,0.00,5942.35,0.00,5942.35,55194.50,9953.85,0,0,0,0.00,0,F1,30,,,,,
2026-06-09,2026-06-09,FO,NSE,IDO,75028,,BANKNIFTY,,2026-06-30,2026-06-30,45300.00,CE,BANKNIFTY26JUN45300CE,0.00,0.00,0.00,6028.85,0.00,6028.85,55194.50,10053.50,0,0,0,0.00,0,F1,30,,,,,
2026-06-09,2026-06-09,FO,NSE,IDO,75420,,BANKNIFTY,,2026-06-30,2026-06-30,51100.00,PE,BANKNIFTY26JUN51100PE,175.05,175.05,87.35,93.00,87.35,215.55,55194.50,93.00,26940,720,1562,2400475581.00,730,F1,30,,,,,
2026-06-09,2026-06-09,FO,NSE,IDO,75435,,BANKNIFTY,,2026-06-30,2026-06-30,51600.00,PE,BANKNIFTY26JUN51600PE,239.00,239.00,118.45,124.50,118.45,283.90,55194.50,124.50,23880,1110,1828,2838740596.50,1072,F1,30,,,,,
2026-06-09,2026-06-09,FO,NSE,IDO,75574,,BANKNIFTY,,2026-06-30,2026-06-30,53700.00,PE,BANKNIFTY26JUN53700PE,745.10,745.15,394.60,419.40,395.75,840.40,55194.50,419.40,71040,4980,7007,11403692604.00,5272,F1,30,,,,,
2026-06-09,2026-06-09,FO,NSE,IDO,75581,,BANKNIFTY,,2026-06-30,2026-06-30,53900.00,PE,BANKNIFTY26JUN53900PE,813.75,834.15,442.50,467.00,444.05,919.50,55194.50,467.00,60720,10260,7226,11816637183.00,5316,F1,30,,,,,
2026-06-09,2026-06-09,FO,NSE,IDO,75593,,BANKNIFTY,,2026-06-30,2026-06-30,54600.00,PE,BANKNIFTY26JUN54600PE,1113.55,1113.55,626.95,678.05,626.95,1238.10,55194.50,678.05,148080,51840,40062,66690944218.50,28274,F1,30,,,,,
2026-06-09,2026-06-09,FO,NSE,IDO,75613,,BANKNIFTY,,2026-06-30,2026-06-30,55700.00,PE,BANKNIFTY26JUN55700PE,1668.15,1668.15,1095.80,1144.15,1103.05,1923.95,55194.50,1144.15,21840,1410,1026,1751870917.50,605,F1,30,,,,,
2026-06-09,2026-06-09,FO,NSE,IDO,75617,,BANKNIFTY,,2026-06-30,2026-06-30,55900.00,PE,BANKNIFTY26JUN55900PE,1784.00,1784.00,1205.15,1261.00,1214.65,2065.85,55194.50,1261.00,11940,90,279,478725556.50,190,F1,30,,,,,
2026-06-09,2026-06-09,FO,NSE,IDO,75631,,BANKNIFTY,,2026-06-30,2026-06-30,56600.00,PE,BANKNIFTY26JUN56600PE,1700.00,1700.00,1644.30,1676.00,1676.00,2564.85,55194.50,1676.00,2130,-120,15,26215843.50,14,F1,30,,,,,
2026-06-09,2026-06-09,FO,NSE,IDO,75658,,BANKNIFTY,,2026-06-30,2026-06-30,57400.00,PE,BANKNIFTY26JUN57400PE,2807.65,2807.65,2347.80,2347.80,2347.80,2762.65,55194.50,2411.80,720,-30,5,8985406.50,5,F1,30,,,,,
2026-06-09,2026-06-09,FO,NSE,IDO,75732,,BANKNIFTY,,2026-06-30,2026-06-30,57700.00,PE,BANKNIFTY26JUN57700PE,3104.35,3104.35,2562.30,2562.30,2562.30,3103.00,55194.50,2645.55,300,-60,3,5439868.50,3,F1,30,,,,,
2026-06-09,2026-06-09,FO,NSE,IDO,75793,,BANKNIFTY,,2026-06-30,2026-06-30,58600.00,PE,BANKNIFTY26JUN58600PE,3679.10,3679.10,3400.00,3400.00,3400.00,3312.75,55194.50,3395.30,120,-60,2,3728373.00,2,F1,30,,,,,
2026-06-09,2026-06-09,FO,NSE,IDO,75805,,BANKNIFTY,,2026-06-30,2026-06-30,59200.00,PE,BANKNIFTY26JUN59200PE,0.00,0.00,0.00,8030.95,0.00,8030.95,55194.50,3927.95,0,0,0,0.00,0,F1,30,,,,,
2026-06-09,2026-06-09,FO,NSE,IDO,75821,,BANKNIFTY,,2026-06-30,2026-06-30,59700.00,PE,BANKNIFTY26JUN59700PE,0.00,0.00,0.00,8493.00,0.00,8493.00,55194.50,4386.95,0,0,0,0.00,0,F1,30,,,,,
2026-06-09,2026-06-09,FO,NSE,IDO,75843,,BANKNIFTY,,2026-06-30,2026-06-30,60700.00,PE,BANKNIFTY26JUN60700PE,0.00,0.00,0.00,9430.25,0.00,9430.25,55194.50,5334.55,0,0,0,0.00,0,F1,30,,,,,
2026-06-09,2026-06-09,FO,NSE,IDO,75892,,BANKNIFTY,,2026-06-30,2026-06-30,61700.00,PE,BANKNIFTY26JUN61700PE,0.00,0.00,0.00,10381.10,0.00,10381.10,55194.50,6307.10,0,0,0,0.00,0,F1,30,,,,,
2026-06-09,2026-06-09,FO,NSE,IDO,61648,,BANKNIFTY,,2026-07-28,2026-07-28,48500.00,PE,BANKNIFTY26JUL48500PE,140.00,140.00,102.10,102.10,102.10,160.00,55194.50,102.10,1740,-510,30,43754817.00,19,F1,30,,,,,
2026-06-09,2026-06-09,FO,NSE,IDO,61674,,BANKNIFTY,,2026-07-28,2026-07-28,49600.00,PE,BANKNIFTY26JUL49600PE,0.00,0.00,0.00,196.45,196.45,196.45,55194.50,121.25,1050,0,0,0.00,0,F1,30,,,,,
2026-06-09,2026-06-09,FO,NSE,IDO,61707,,BANKNIFTY,,2026-07-28,2026-07-28,51000.00,PE,BANKNIFTY26JUL51000PE,388.25,393.60,263.20,275.90,269.90,446.55,55194.50,275.90,47670,-2700,1164,1792030302.00,720,F1,30,,,,,
2026-06-09,2026-06-09,FO,NSE,IDO,61711,,BANKNIFTY,,2026-07-28,2026-07-28,51200.00,PE,BANKNIFTY26JUL51200PE,387.90,387.90,287.40,289.40,288.75,475.00,55194.50,289.40,870,600,93,143726782.50,28,F1,30,,,,,
2026-06-09,2026-06-09,FO,NSE,IDO,61744,,BANKNIFTY,,2026-07-28,2026-07-28,52500.00,PE,BANKNIFTY26JUL52500PE,655.00,656.95,462.30,483.30,467.40,791.05,55194.50,483.30,11280,-5130,838,1333683931.50,314,F1,30,,,,,
2026-06-09,2026-06-09,FO,NSE,IDO,61759,,BANKNIFTY,,2026-07-28,2026-07-28,53100.00,PE,BANKNIFTY26JUL53100PE,757.00,791.50,691.30,691.30,691.30,946.90,55194.50,689.75,870,30,16,25855171.50,10,F1,30,,,,,
2026-06-09,2026-06-09,FO,NSE,IDO,61800,,BANKNIFTY,,2026-07-28,2026-07-28,54400.00,PE,BANKNIFTY26JUL54400PE,1268.10,1268.10,957.50,957.50,957.50,1397.00,55194.50,1125.50,1500,120,37,61621282.50,31,F1,30,,,,,
2026-06-09,2026-06-09,FO,NSE,IDO,61830,,BANKNIFTY,,2026-07-28,2026-07-28,55700.00,PE,BANKNIFTY26JUL55700PE,1770.00,1778.00,1428.00,1462.95,1429.50,2008.10,55194.50,1462.95,2370,1380,51,87618145.50,34,F1,30,,,,,
2026-06-09,2026-06-09,FO,NSE,IDO,61862,,BANKNIFTY,,2026-07-28,2026-07-28,56800.00,PE,BANKNIFTY26JUL56800PE,0.00,0.00,0.00,2663.15,0.00,2663.15,55194.50,2329.45,0,0,0,0.00,0,F1,30,,,,,
2026-06-09,2026-06-09,FO,NSE,IDO,61872,,BANKNIFTY,,2026-07-28,2026-07-28,57200.00,PE,BANKNIFTY26JUL57200PE,0.00,0.00,0.00,2889.20,0.00,2889.20,55194.50,2579.95,0,0,0,0.00,0,F1,30,,,,,
2026-06-09,2026-06-09,FO,NSE,IDO,61878,,BANKNIFTY,,2026-07-28,2026-07-28,57500.00,PE,BANKNIFTY26JUL57500PE,2997.15,2998.75,2396.25,2457.50,2427.55,3300.00,55194.50,2457.50,4860,630,64,115519002.00,46,F1,30,,,,,
2026-06-09,2026-06-09,FO,NSE,IDO,61942,,BANKNIFTY,,2026-07-28,2026-07-28,59600.00,PE,BANKNIFTY26JUL59600PE,0.00,0.00,0.00,4448.40,0.00,4448.40,55194.50,4339.25,0,0,0,0.00,0,F1,30,,,,,
2026-06-09,2026-06-09,FO,NSE,IDO,58885,,BANKNIFTY,,2026-08-25,2026-08-25,51300.00,PE,BANKNIFTY26AUG51300PE,0.00,0.00,0.00,662.80,0.00,662.80,55194.50,520.35,0,0,0,0.00,0,F1,30,,,,,
2026-06-09,2026-06-09,FO,NSE,IDO,58933,,BANKNIFTY,,2026-08-25,2026-08-25,52600.00,PE,BANKNIFTY26AUG52600PE,0.00,0.00,0.00,996.95,0.00,996.95,55194.50,824.95,0,0,0,0.00,0,F1,30,,,,,
2026-06-09,2026-06-09,FO,NSE,IDO,58935,,BANKNIFTY,,2026-08-25,2026-08-25,52700.00,PE,BANKNIFTY26AUG52700PE,0.00,0.00,0.00,1026.90,0.00,1026.90,55194.50,852.45,0,0,0,0.00,0,F1,30,,,,,
2026-06-09,2026-06-09,FO,NSE,IDO,58947,,BANKNIFTY,,2026-08-25,2026-08-25,53100.00,PE,BANKNIFTY26AUG53100PE,0.00,0.00,0.00,1152.85,0.00,1152.85,55194.50,967.30,0,0,0,0.00,0,F1,30,,,,,
2026-06-09,2026-06-09,FO,NSE,IDO,59003,,BANKNIFTY,,2026-08-25,2026-08-25,54900.00,PE,BANKNIFTY26AUG54900PE,0.00,0.00,0.00,1847.80,0.00,1847.80,55194.50,1631.55,0,0,0,0.00,0,F1,30,,,,,
2026-06-09,2026-06-09,FO,NSE,IDO,59011,,BANKNIFTY,,2026-08-25,2026-08-25,55300.00,PE,BANKNIFTY26AUG55300PE,0.00,0.00,0.00,2031.40,0.00,2031.40,55194.50,1810.75,0,0,0,0.00,0,F1,30,,,,,
2026-06-09,2026-06-09,FO,NSE,IDO,59093,,BANKNIFTY,,2026-08-25,2026-08-25,57600.00,PE,BANKNIFTY26AUG57600PE,0.00,0.00,0.00,3290.85,0.00,3290.85,55194.50,3063.80,0,0,0,0.00,0,F1,30,,,,,
2026-06-09,2026-06-09,FO,NSE,IDO,59156,,BANKNIFTY,,2026-08-25,2026-08-25,59500.00,PE,BANKNIFTY26AUG59500PE,0.00,0.00,0.00,4574.10,0.00,4574.10,55194.50,4365.80,0,0,0,0.00,0,F1,30,,,,,
2026-06-09,2026-06-09,FO,NSE,IDO,59162,,BANKNIFTY,,2026-08-25,2026-08-25,59700.00,PE,BANKNIFTY26AUG59700PE,0.00,0.00,0.00,4722.95,0.00,4722.95,55194.50,4515.10,0,0,0,0.00,0,F1,30,,,,,
2026-06-09,2026-06-09,FO,NSE,IDO,59164,,BANKNIFTY,,2026-08-25,2026-08-25,59800.00,PE,BANKNIFTY26AUG59800PE,0.00,0.00,0.00,4797.05,0.00,4797.05,55194.50,4590.55,0,0,0,0.00,0,F1,30,,,,,
2026-06-09,2026-06-09,FO,NSE,IDO,52335,,BANKNIFTY,,2026-09-29,2026-09-29,57000.00,PE,BANKNIFTY26SEP57000PE,2700.00,2719.65,2339.95,2370.70,2351.35,3022.05,55194.50,2370.70,14640,150,40,71446597.50,35,F1,30,,,,,
2026-06-09,2026-06-09,FO,NSE,IDO,58926,,BANKNIFTY,,2026-08-25,2026-08-25,52300.00,CE,BANKNIFTY26AUG52300CE,0.00,0.00,0.00,4478.75,0.00,4478.75,55194.50,4377.05,0,0,0,0.00,0,F1,30,,,,,
2026-06-09,2026-06-09,FO,NSE,IDO,58800,,BANKNIFTY,,2026-08-25,2026-08-25,48600.00,CE,BANKNIFTY26AUG48600CE,0.00,0.00,0.00,7450.45,0.00,7450.45,55194.50,7442.70,0,0,0,0.00,0,F1,30,,,,,
2026-06-09,2026-06-09,FO,NSE,IDO,58718,,BANKNIFTY,,2026-08-25,2026-08-25,46500.00,CE,BANKNIFTY26AUG46500CE,0.00,0.00,0.00,9370.10,0.00,9370.10,55194.50,9402.60,0,0,0,0.00,0,F1,30,,,,,
2026-06-09,2026-06-09,FO,NSE,IDO,62050,,BANKNIFTY,,2026-07-28,2026-07-28,62500.00,CE,BANKNIFTY26JUL62500CE,0.00,0.00,0.00,519.20,0.00,519.20,55194.50,138.50,0,0,0,0.00,0,F1,30,,,,,
2026-06-09,2026-06-09,FO,NSE,IDO,61939,,BANKNIFTY,,2026-07-28,2026-07-28,59500.00,CE,BANKNIFTY26JUL59500CE,150.00,226.75,150.00,215.95,226.75,133.50,55194.50,215.95,8550,420,296,529978528.50,168,F1,30,,,,,
2026-06-09,2026-06-09,FO,NSE,IDO,75162,,BANKNIFTY,,2026-06-30,2026-06-30,46400.00,CE,BANKNIFTY26JUN46400CE,0.00,0.00,0.00,5103.60,0.00,5103.60,55194.50,8957.50,0,0,0,0.00,0,F1,30,,,,,
2026-06-09,2026-06-09,FO,NSE,IDO,75196,,BANKNIFTY,,2026-06-30,2026-06-30,47700.00,CE,BANKNIFTY26JUN47700CE,0.00,0.00,0.00,4095.95,0.00,4095.95,55194.50,7663.15,0,0,0,0.00,0,F1,30,,,,,
2026-06-09,2026-06-09,FO,NSE,IDO,75282,,BANKNIFTY,,2026-06-30,2026-06-30,49700.00,CE,BANKNIFTY26JUN49700CE,0.00,0.00,0.00,2769.10,0.00,2769.10,55194.50,5684.80,0,0,0,0.00,0,F1,30,,,,,
2026-06-09,2026-06-09,FO,NSE,IDO,75413,,BANKNIFTY,,2026-06-30,2026-06-30,50700.00,CE,BANKNIFTY26JUN50700CE,0.00,0.00,0.00,2219.90,0.00,2219.90,55194.50,4717.25,0,0,0,0.00,0,F1,30,,,,,
2026-06-09,2026-06-09,FO,NSE,IDF,62326,,BANKNIFTY,,2026-06-30,2026-06-30,,,BANKNIFTY26JUNFUT,54398.00,55470.00,54391.60,55375.60,55442.00,54242.00,55194.50,55375.60,2380410,-95130,43926,72546102312.00,28464,F1,30,,,,,
2026-06-09,2026-06-09,FO,NSE,IDO,75822,,BANKNIFTY,,2026-06-30,2026-06-30,59800.00,CE,BANKNIFTY26JUN59800CE,35.00,43.00,30.80,40.35,42.65,29.70,55194.50,40.35,16770,-4290,1316,2362313424.00,666,F1,30,,,,,
2026-06-09,2026-06-09,FO,NSE,IDO,75824,,BANKNIFTY,,2026-06-30,2026-06-30,59900.00,CE,BANKNIFTY26JUN59900CE,27.55,40.55,27.50,37.65,39.50,26.70,55194.50,37.65,11160,-120,675,1213646028.00,357,F1,30,,,,,
2026-06-09,2026-06-09,FO,NSE,IDO,75844,,BANKNIFTY,,2026-06-30,2026-06-30,60800.00,CE,BANKNIFTY26JUN60800CE,15.90,23.15,15.90,21.20,20.60,16.70,55194.50,21.20,6090,1050,686,1251671106.00,293,F1,30,,,,,
2026-06-09,2026-06-09,FO,NSE,IDO,75911,,BANKNIFTY,,2026-06-30,2026-06-30,62700.00,CE,BANKNIFTY26JUN62700CE,7.35,9.90,6.60,7.05,6.60,6.40,55194.50,7.05,2970,1110,979,1841715628.50,333,F1,30,,,,,
2026-06-09,2026-06-09,FO,NSE,IDO,57782,,BANKNIFTY,,2026-06-30,2026-06-30,67500.00,CE,BANKNIFTY26JUN67500CE,2.35,2.40,2.00,2.10,2.05,2.35,55194.50,2.10,27900,-120,3673,7438059253.50,2617,F1,30,,,,,
2026-06-09,2026-06-09,FO,NSE,IDO,57812,,BANKNIFTY,,2026-06-30,2026-06-30,69000.00,CE,BANKNIFTY26JUN69000CE,2.40,2.40,1.90,2.10,2.00,2.30,55194.50,2.10,52560,7260,24325,50354304192.00,19643,F1,30,,,,,
2026-06-09,2026-06-09,FO,NSE,IDO,61599,,BANKNIFTY,,2026-07-28,2026-07-28,46500.00,CE,BANKNIFTY26JUL46500CE,0.00,0.00,0.00,9647.75,0.00,9647.75,55194.50,9125.60,0,0,0,0.00,0,F1,30,,,,,
2026-06-09,2026-06-09,FO,NSE,IDO,61639,,BANKNIFTY,,2026-07-28,2026-07-28,48200.00,CE,BANKNIFTY26JUL48200CE,0.00,0.00,0.00,8073.25,0.00,8073.25,55194.50,7476.40,0,0,0,0.00,0,F1,30,,,,,
2026-06-09,2026-06-09,FO,NSE,IDO,61643,,BANKNIFTY,,2026-07-28,2026-07-28,48400.00,CE,BANKNIFTY26JUL48400CE,0.00,0.00,0.00,7892.90,0.00,7892.90,55194.50,7285.45,0,0,0,0.00,0,F1,30,,,,,
2026-06-09,2026-06-09,FO,NSE,IDO,61693,,BANKNIFTY,,2026-07-28,2026-07-28,50400.00,CE,BANKNIFTY26JUL50400CE,0.00,0.00,0.00,6166.35,0.00,6166.35,55194.50,5439.05,0,0,0,0.00,0,F1,30,,,,,
2026-06-09,2026-06-09,FO,NSE,IDO,61699,,BANKNIFTY,,2026-07-28,2026-07-28,50700.00,CE,BANKNIFTY26JUL50700CE,0.00,0.00,0.00,5921.60,0.00,5921.60,55194.50,5175.55,0,0,0,0.00,0,F1,30,,,,,
2026-06-09,2026-06-09,FO,NSE,IDO,61754,,BANKNIFTY,,2026-07-28,2026-07-28,52900.00,CE,BANKNIFTY26JUL52900CE,0.00,0.00,0.00,2358.00,2358.00,2358.00,55194.50,3407.55,270,0,0,0.00,0,F1,30,,,,,
2026-06-09,2026-06-09,FO,NSE,IDO,61831,,BANKNIFTY,,2026-07-28,2026-07-28,55800.00,CE,BANKNIFTY26JUL55800CE,1072.05,1404.55,1072.05,1401.90,1399.25,998.00,55194.50,1401.90,3090,0,24,41024062.50,19,F1,30,,,,,
2026-06-09,2026-06-09,FO,NSE,IDO,61899,,BANKNIFTY,,2026-07-28,2026-07-28,58400.00,CE,BANKNIFTY26JUL58400CE,320.70,436.50,307.70,404.05,403.55,326.60,55194.50,404.05,390,-240,19,33497241.00,19,F1,30,,,,,
2026-06-09,2026-06-09,FO,NSE,IDO,61949,,BANKNIFTY,,2026-07-28,2026-07-28,59800.00,CE,BANKNIFTY26JUL59800CE,0.00,0.00,0.00,1051.70,0.00,1051.70,55194.50,434.20,0,0,0,0.00,0,F1,30,,,,,
2026-06-09,2026-06-09,FO,NSE,IDO,61951,,BANKNIFTY,,2026-07-28,2026-07-28,59900.00,CE,BANKNIFTY26JUL59900CE,0.00,0.00,0.00,1026.10,0.00,1026.10,55194.50,417.65,0,0,0,0.00,0,F1,30,,,,,
2026-06-09,2026-06-09,FO,NSE,IDO,62017,,BANKNIFTY,,2026-07-28,2026-07-28,61500.00,CE,BANKNIFTY26JUL61500CE,50.00,68.65,46.70,64.55,67.95,47.50,55194.50,64.55,3180,2550,213,393371002.50,98,F1,30,,,,,
2026-06-09,2026-06-09,FO,NSE,IDO,62073,,BANKNIFTY,,2026-07-28,2026-07-28,63000.00,CE,BANKNIFTY26JUL63000CE,24.95,34.65,23.00,32.45,33.10,24.00,55194.50,32.45,43770,13350,920,1739663184.00,460,F1,30,,,,,
2026-06-09,2026-06-09,FO,NSE,IDO,58924,,BANKNIFTY,,2026-08-25,2026-08-25,52200.00,CE,BANKNIFTY26AUG52200CE,0.00,0.00,0.00,4549.90,0.00,4549.90,55194.50,4448.55,0,0,0,0.00,0,F1,30,,,,,
2026-06-09,2026-06-09,FO,NSE,IDO,61630,,BANKNIFTY,,2026-07-28,2026-07-28,47700.00,PE,BANKNIFTY26JUL47700PE,0.00,0.00,0.00,115.80,115.80,115.80,55194.50,34.35,180,0,0,0.00,0,F1,30,,,,,
2026-06-09,2026-06-09,FO,NSE,IDO,75569,,BANKNIFTY,,2026-06-30,2026-06-30,53500.00,CE,BANKNIFTY26JUN53500CE,1590.00,2299.00,1514.95,2212.55,2281.45,1505.60,55194.50,2212.55,342060,-11880,5160,8589348387.00,2983,F1,30,,,,,
2026-06-09,2026-06-09,FO,NSE,IDO,75598,,BANKNIFTY,,2026-06-30,2026-06-30,54900.00,CE,BANKNIFTY26JUN54900CE,872.05,1319.70,859.40,1247.25,1287.75,783.40,55194.50,1247.25,94320,12060,24588,41298857487.00,20243,F1,30,,,,,
2026-06-09,2026-06-09,FO,NSE,IDO,75612,,BANKNIFTY,,2026-06-30,2026-06-30,55700.00,CE,BANKNIFTY26JUN55700CE,496.00,873.05,496.00,823.00,857.00,496.00,55194.50,823.00,44550,-5790,14404,24367979074.50,10973,F1,30,,,,,
2026-06-09,2026-06-09,FO,NSE,IDO,75794,,BANKNIFTY,,2026-06-30,2026-06-30,58700.00,CE,BANKNIFTY26JUN58700CE,55.15,101.10,55.15,92.55,98.00,59.55,55194.50,92.55,36300,6000,3678,6485367879.00,1686,F1,30,,,,,
2026-06-09,2026-06-09,FO,NSE,IDO,75809,,BANKNIFTY,,2026-06-30,2026-06-30,59300.00,CE,BANKNIFTY26JUN59300CE,41.80,62.75,39.55,57.80,60.20,39.85,55194.50,57.80,38610,4740,1572,2799019722.00,894,F1,30,,,,,
2026-06-09,2026-06-09,FO,NSE,IDO,58930,,BANKNIFTY,,2026-08-25,2026-08-25,52500.00,CE,BANKNIFTY26AUG52500CE,0.00,0.00,0.00,4336.15,0.00,4336.15,55194.50,4231.65,0,0,0,0.00,0,F1,30,,,,,
2026-06-09,2026-06-09,FO,NSE,IDO,58978,,BANKNIFTY,,2026-08-25,2026-08-25,54000.00,CE,BANKNIFTY26AUG54000CE,2438.45,3000.00,2438.45,3000.00,3000.00,2333.90,55194.50,3225.35,3120,120,26,44237859.00,24,F1,30,,,,,
2026-06-09,2026-06-09,FO,NSE,IDO,58984,,BANKNIFTY,,2026-08-25,2026-08-25,54300.00,CE,BANKNIFTY26AUG54300CE,0.00,0.00,0.00,3187.55,0.00,3187.55,55194.50,3043.35,0,0,0,0.00,0,F1,30,,,,,
2026-06-09,2026-06-09,FO,NSE,IDO,58994,,BANKNIFTY,,2026-08-25,2026-08-25,54600.00,CE,BANKNIFTY26AUG54600CE,0.00,0.00,0.00,3016.65,0.00,3016.65,55194.50,2867.85,0,0,0,0.00,0,F1,30,,,,,
2026-06-09,2026-06-09,FO,NSE,IDO,59038,,BANKNIFTY,,2026-08-25,2026-08-25,56000.00,CE,BANKNIFTY26AUG56000CE,1445.90,1790.10,1445.00,1741.10,1760.00,1323.45,55194.50,1741.10,5100,120,69,119276913.00,54,F1,30,,,,,
2026-06-09,2026-06-09,FO,NSE,IDO,59042,,BANKNIFTY,,2026-08-25,2026-08-25,56100.00,CE,BANKNIFTY26AUG56100CE,0.00,0.00,0.00,2252.10,0.00,2252.10,55194.50,2088.05,0,0,0,0.00,0,F1,30,,,,,
2026-06-09,2026-06-09,FO,NSE,IDO,59108,,BANKNIFTY,,2026-08-25,2026-08-25,58000.00,CE,BANKNIFTY26AUG58000CE,687.15,894.15,679.25,850.90,849.00,608.70,55194.50,850.90,14850,4860,225,397090888.50,121,F1,30,,,,,
2026-06-09,2026-06-09,FO,NSE,IDO,59149,,BANKNIFTY,,2026-08-25,2026-08-25,59200.00,CE,BANKNIFTY26AUG59200CE,0.00,0.00,0.00,1125.80,0.00,1125.80,55194.50,971.75,0,0,0,0.00,0,F1,30,,,,,
2026-06-09,2026-06-09,FO,NSE,IDO,59239,,BANKNIFTY,,2026-08-25,2026-08-25,61500.00,CE,BANKNIFTY26AUG61500CE,0.00,0.00,0.00,624.10,0.00,624.10,55194.50,501.95,0,0,0,0.00,0,F1,30,,,,,
2026-06-09,2026-06-09,FO,NSE,IDO,52270,,BANKNIFTY,,2026-09-29,2026-09-29,46500.00,CE,BANKNIFTY26SEP46500CE,0.00,0.00,0.00,11298.00,0.00,11298.00,55194.50,9769.90,0,0,0,0.00,0,F1,30,,,,,
2026-06-09,2026-06-09,FO,NSE,IDO,53220,,BANKNIFTY,,2026-12-29,2026-12-29,51000.00,CE,BANKNIFTY26DEC51000CE,0.00,0.00,0.00,11516.25,0.00,11516.25,55194.50,7172.80,0,0,0,0.00,0,F1,30,,,,,
2026-06-09,2026-06-09,FO,NSE,IDO,53222,,BANKNIFTY,,2026-12-29,2026-12-29,52500.00,CE,BANKNIFTY26DEC52500CE,0.00,0.00,0.00,10279.15,0.00,10279.15,55194.50,6137.95,0,0,0,0.00,0,F1,30,,,,,
2026-06-09,2026-06-09,FO,NSE,IDO,53240,,BANKNIFTY,,2026-12-29,2026-12-29,60000.00,CE,BANKNIFTY26DEC60000CE,1545.00,1685.00,1524.00,1637.80,1634.60,1409.15,55194.50,1637.80,7170,720,35,64687486.50,33,F1,30,,,,,
2026-06-09,2026-06-09,FO,NSE,IDO,53244,,BANKNIFTY,,2026-12-29,2026-12-29,61500.00,CE,BANKNIFTY26DEC61500CE,0.00,0.00,0.00,4337.95,0.00,4337.95,55194.50,1935.20,0,0,0,0.00,0,F1,30,,,,,
2026-06-09,2026-06-09,FO,NSE,IDO,53250,,BANKNIFTY,,2026-12-29,2026-12-29,66000.00,CE,BANKNIFTY26DEC66000CE,0.00,0.00,0.00,2499.10,0.00,2499.10,55194.50,950.35,0,0,0,0.00,0,F1,30,,,,,
2026-06-09,2026-06-09,FO,NSE,IDO,76402,,BANKNIFTY,,2027-03-30,2027-03-30,60000.00,CE,BANKNIFTY27MAR60000CE,0.00,0.00,0.00,1968.25,0.00,1968.25,55194.50,3473.65,0,0,0,0.00,0,F1,30,,,,,
2026-06-09,2026-06-09,FO,NSE,IDO,76425,,BANKNIFTY,,2027-03-30,2027-03-30,63000.00,CE,BANKNIFTY27MAR63000CE,0.00,0.00,0.00,1338.85,0.00,1338.85,55194.50,2470.85,0,0,0,0.00,0,F1,30,,,,,
2026-06-09,2026-06-09,FO,NSE,IDO,74899,,BANKNIFTY,,2026-06-30,2026-06-30,43000.00,PE,BANKNIFTY26JUN43000PE,6.20,6.45,4.60,5.25,4.85,7.35,55194.50,5.25,132030,-1980,3211,4142719629.00,877,F1,30,,,,,
2026-06-09,2026-06-09,FO,NSE,IDO,74959,,BANKNIFTY,,2026-06-30,2026-06-30,44000.00,PE,BANKNIFTY26JUN44000PE,10.35,10.40,6.30,7.40,8.50,10.30,55194.50,7.40,34320,-1110,965,1274036002.50,598,F1,30,,,,,
2026-06-09,2026-06-09,FO,NSE,IDO,75031,,BANKNIFTY,,2026-06-30,2026-06-30,45300.00,PE,BANKNIFTY26JUN45300PE,16.00,16.00,10.25,10.55,10.25,16.80,55194.50,10.55,6780,2130,478,649776408.00,158,F1,30,,,,,
2026-06-09,2026-06-09,FO,NSE,IDO,75263,,BANKNIFTY,,2026-06-30,2026-06-30,48600.00,PE,BANKNIFTY26JUN48600PE,48.00,48.00,23.80,26.70,25.95,54.10,55194.50,26.70,7890,60,384,560259628.50,228,F1,30,,,,,
2026-06-09,2026-06-09,FO,NSE,IDO,75269,,BANKNIFTY,,2026-06-30,2026-06-30,48900.00,PE,BANKNIFTY26JUN48900PE,48.70,49.85,28.55,29.95,28.70,62.70,55194.50,29.95,10500,-1920,283,415486182.00,206,F1,30,,,,,
2026-06-09,2026-06-09,FO,NSE,IDO,75271,,BANKNIFTY,,2026-06-30,2026-06-30,49000.00,PE,BANKNIFTY26JUN49000PE,64.80,64.80,30.55,31.85,30.80,64.80,55194.50,31.85,368820,-15690,21863,32164710601.50,10103,F1,30,,,,,
2026-06-09,2026-06-09,FO,NSE,IDO,75279,,BANKNIFTY,,2026-06-30,2026-06-30,49400.00,PE,BANKNIFTY26JUN49400PE,62.80,62.80,37.50,38.55,37.50,81.45,55194.50,38.55,10800,-1140,990,1468719753.00,777,F1,30,,,,,
2026-06-09,2026-06-09,FO,NSE,IDO,75427,,BANKNIFTY,,2026-06-30,2026-06-30,51300.00,PE,BANKNIFTY26JUN51300PE,203.40,203.40,99.80,105.10,100.50,238.10,55194.50,105.10,55410,5130,2908,4487134636.50,1267,F1,30,,,,,
2026-06-09,2026-06-09,FO,NSE,IDO,75566,,BANKNIFTY,,2026-06-30,2026-06-30,53300.00,PE,BANKNIFTY26JUN53300PE,605.55,605.55,314.75,334.30,317.65,685.55,55194.50,334.30,46920,240,3296,5313360222.00,2386,F1,30,,,,,
2026-06-09,2026-06-09,FO,NSE,IDO,75605,,BANKNIFTY,,2026-06-30,2026-06-30,55200.00,PE,BANKNIFTY26JUN55200PE,1477.20,1477.20,865.15,916.20,866.90,1605.70,55194.50,916.20,113310,17370,20912,35265275692.50,13295,F1,30,,,,,
2026-06-09,2026-06-09,FO,NSE,IDO,57722,,BANKNIFTY,,2026-06-30,2026-06-30,55500.00,PE,BANKNIFTY26JUN55500PE,1630.05,1630.05,1000.00,1047.25,1000.50,1780.75,55194.50,1047.25,516990,40680,16522,28089374710.50,12807,F1,30,,,,,
2026-06-09,2026-06-09,FO,NSE,IDO,75814,,BANKNIFTY,,2026-06-30,2026-06-30,59500.00,PE,BANKNIFTY26JUN59500PE,4300.00,4304.15,4221.45,4221.45,4221.45,5187.15,55194.50,4201.90,11310,-180,16,30622051.50,11,F1,30,,,,,
2026-06-09,2026-06-09,FO,NSE,IDO,75910,,BANKNIFTY,,2026-06-30,2026-06-30,62600.00,PE,BANKNIFTY26JUN62600PE,0.00,0.00,0.00,11245.40,0.00,11245.40,55194.50,7193.85,0,0,0,0.00,0,F1,30,,,,,
2026-06-09,2026-06-09,FO,NSE,IDO,75944,,BANKNIFTY,,2026-06-30,2026-06-30,64000.00,PE,BANKNIFTY26JUN64000PE,9219.95,9219.95,8720.00,8740.00,8740.00,9590.00,55194.50,8582.95,30360,-690,45,98483049.00,45,F1,30,,,,,
2026-06-09,2026-06-09,FO,NSE,IDO,61614,,BANKNIFTY,,2026-07-28,2026-07-28,47000.00,PE,BANKNIFTY26JUL47000PE,80.00,80.00,60.00,65.85,63.10,87.60,55194.50,65.85,17670,-10380,768,1084380330.00,304,F1,30,,,,,
2026-06-09,2026-06-09,FO,NSE,IDO,61626,,BANKNIFTY,,2026-07-28,2026-07-28,47500.00,PE,BANKNIFTY26JUL47500PE,92.60,92.60,69.95,75.60,74.95,110.55,55194.50,75.60,6690,-4890,361,515221675.50,200,F1,30,,,,,
2026-06-09,2026-06-09,FO,NSE,IDO,61644,,BANKNIFTY,,2026-07-28,2026-07-28,48400.00,PE,BANKNIFTY26JUL48400PE,0.00,0.00,0.00,137.20,137.20,137.20,55194.50,56.30,120,0,0,0.00,0,F1,30,,,,,
2026-06-09,2026-06-09,FO,NSE,IDO,61678,,BANKNIFTY,,2026-07-28,2026-07-28,49800.00,PE,BANKNIFTY26JUL49800PE,217.75,217.75,192.30,192.30,192.30,281.00,55194.50,136.50,1320,-120,4,6000603.00,3,F1,30,,,,,
2026-06-09,2026-06-09,FO,NSE,IDO,61686,,BANKNIFTY,,2026-07-28,2026-07-28,50100.00,PE,BANKNIFTY26JUL50100PE,241.80,257.00,193.75,193.75,193.75,304.30,55194.50,162.30,450,-30,12,18115758.00,8,F1,30,,,,,
2026-06-09,2026-06-09,FO,NSE,IDO,61696,,BANKNIFTY,,2026-07-28,2026-07-28,50500.00,PE,BANKNIFTY26JUL50500PE,307.70,307.70,224.90,231.10,224.90,368.65,55194.50,231.10,11310,2670,505,769076482.50,240,F1,30,,,,,
2026-06-09,2026-06-09,FO,NSE,IDO,61709,,BANKNIFTY,,2026-07-28,2026-07-28,51100.00,PE,BANKNIFTY26JUL51100PE,365.55,365.55,285.80,291.20,291.20,452.50,55194.50,291.20,420,30,7,10797022.50,5,F1,30,,,,,
2026-06-09,2026-06-09,FO,NSE,IDO,61713,,BANKNIFTY,,2026-07-28,2026-07-28,51300.00,PE,BANKNIFTY26JUL51300PE,0.00,0.00,0.00,470.90,470.90,470.90,55194.50,307.25,300,0,0,0.00,0,F1,30,,,,,
2026-06-09,2026-06-09,FO,NSE,IDO,61763,,BANKNIFTY,,2026-07-28,2026-07-28,53300.00,PE,BANKNIFTY26JUL53300PE,0.00,0.00,0.00,940.00,940.00,940.00,55194.50,747.40,1440,0,0,0.00,0,F1,30,,,,,
2026-06-09,2026-06-09,FO,NSE,IDO,61804,,BANKNIFTY,,2026-07-28,2026-07-28,54600.00,PE,BANKNIFTY26JUL54600PE,1325.00,1325.00,1020.00,1020.00,1020.00,1530.05,55194.50,1020.00,3060,300,62,103835629.50,49,F1,30,,,,,
2026-06-09,2026-06-09,FO,NSE,IDO,61844,,BANKNIFTY,,2026-07-28,2026-07-28,56400.00,PE,BANKNIFTY26JUL56400PE,1986.60,1986.60,1785.95,1786.00,1786.00,1824.20,55194.50,2092.70,750,270,9,15746275.50,5,F1,30,,,,,
2026-06-09,2026-06-09,FO,NSE,IDO,61864,,BANKNIFTY,,2026-07-28,2026-07-28,56900.00,PE,BANKNIFTY26JUL56900PE,0.00,0.00,0.00,2900.10,2900.10,2900.10,55194.50,2390.80,30,0,0,0.00,0,F1,30,,,,,
2026-06-09,2026-06-09,FO,NSE,IDO,61890,,BANKNIFTY,,2026-07-28,2026-07-28,58000.00,PE,BANKNIFTY26JUL58000PE,3345.80,3412.30,2711.45,2786.70,2729.95,3698.80,55194.50,2786.70,27150,21030,941,1717075590.00,635,F1,30,,,,,
2026-06-09,2026-06-09,FO,NSE,IDO,61902,,BANKNIFTY,,2026-07-28,2026-07-28,58500.00,PE,BANKNIFTY26JUL58500PE,3650.00,3650.00,3132.80,3185.20,3185.20,3902.20,55194.50,3185.20,1050,90,14,25992111.00,14,F1,30,,,,,
2026-06-09,2026-06-09,FO,NSE,IDO,61988,,BANKNIFTY,,2026-07-28,2026-07-28,60600.00,PE,BANKNIFTY26JUL60600PE,0.00,0.00,0.00,5193.50,0.00,5193.50,55194.50,5177.00,0,0,0,0.00,0,F1,30,,,,,
2026-06-09,2026-06-09,FO,NSE,IDO,61990,,BANKNIFTY,,2026-07-28,2026-07-28,60700.00,PE,BANKNIFTY26JUL60700PE,0.00,0.00,0.00,5268.15,0.00,5268.15,55194.50,5263.40,0,0,0,0.00,0,F1,30,,,,,
2026-06-09,2026-06-09,FO,NSE,IDO,58767,,BANKNIFTY,,2026-08-25,2026-08-25,48000.00,PE,BANKNIFTY26AUG48000PE,150.00,150.00,150.00,150.00,150.00,200.00,55194.50,121.75,30,0,1,1444500.00,1,F1,30,,,,,
2026-06-09,2026-06-09,FO,NSE,IDO,58779,,BANKNIFTY,,2026-08-25,2026-08-25,48500.00,PE,BANKNIFTY26AUG48500PE,0.00,0.00,0.00,229.55,0.00,229.55,55194.50,156.30,0,0,0,0.00,0,F1,30,,,,,
2026-06-09,2026-06-09,FO,NSE,IDO,58813,,BANKNIFTY,,2026-08-25,2026-08-25,49000.00,PE,BANKNIFTY26AUG49000PE,257.00,266.00,231.50,236.50,239.00,325.00,55194.50,236.50,1260,60,5,7386972.00,5,F1,30,,,,,
2026-06-09,2026-06-09,FO,NSE,IDO,58883,,BANKNIFTY,,2026-08-25,2026-08-25,51200.00,PE,BANKNIFTY26AUG51200PE,0.00,0.00,0.00,640.95,0.00,640.95,55194.50,501.05,0,0,0,0.00,0,F1,30,,,,,
2026-06-09,2026-06-09,FO,NSE,IDO,58929,,BANKNIFTY,,2026-08-25,2026-08-25,52400.00,PE,BANKNIFTY26AUG52400PE,0.00,0.00,0.00,941.15,0.00,941.15,55194.50,771.90,0,0,0,0.00,0,F1,30,,,,,
2026-06-09,2026-06-09,FO,NSE,IDO,58963,,BANKNIFTY,,2026-08-25,2026-08-25,53600.00,PE,BANKNIFTY26AUG53600PE,0.00,0.00,0.00,1324.65,0.00,1324.65,55194.50,1128.90,0,0,0,0.00,0,F1,30,,,,,
2026-06-09,2026-06-09,FO,NSE,IDO,58975,,BANKNIFTY,,2026-08-25,2026-08-25,53800.00,PE,BANKNIFTY26AUG53800PE,1269.45,1301.15,1043.20,1043.20,1043.20,1392.55,55194.50,1198.40,1680,450,24,39556263.00,24,F1,30,,,,,
2026-06-09,2026-06-09,FO,NSE,IDO,59009,,BANKNIFTY,,2026-08-25,2026-08-25,55200.00,PE,BANKNIFTY26AUG55200PE,0.00,0.00,0.00,1984.50,0.00,1984.50,55194.50,1764.85,0,0,0,0.00,0,F1,30,,,,,
2026-06-09,2026-06-09,FO,NSE,IDO,59015,,BANKNIFTY,,2026-08-25,2026-08-25,55500.00,PE,BANKNIFTY26AUG55500PE,0.00,0.00,0.00,2127.25,0.00,2127.25,55194.50,1904.75,0,0,0,0.00,0,F1,30,,,,,
2026-06-09,2026-06-09,FO,NSE,IDO,59084,,BANKNIFTY,,2026-08-25,2026-08-25,57200.00,PE,BANKNIFTY26AUG57200PE,0.00,0.00,0.00,3047.50,0.00,3047.50,55194.50,2819.30,0,0,0,0.00,0,F1,30,,,,,
2026-06-09,2026-06-09,FO,NSE,IDO,59097,,BANKNIFTY,,2026-08-25,2026-08-25,57800.00,PE,BANKNIFTY26AUG57800PE,0.00,0.00,0.00,3416.15,0.00,3416.15,55194.50,3190.05,0,0,0,0.00,0,F1,30,,,,,
2026-06-09,2026-06-09,FO,NSE,IDO,59109,,BANKNIFTY,,2026-08-25,2026-08-25,58000.00,PE,BANKNIFTY26AUG58000PE,3100.00,3100.00,3000.00,3000.00,3000.00,3662.80,55194.50,3318.85,1800,-30,2,3663000.00,2,F1,30,,,,,
2026-06-09,2026-06-09,FO,NSE,IDO,59152,,BANKNIFTY,,2026-08-25,2026-08-25,59300.00,PE,BANKNIFTY26AUG59300PE,0.00,0.00,0.00,4429.70,0.00,4429.70,55194.50,4216.50,0,0,0,0.00,0,F1,30,,,,,
2026-06-09,2026-06-09,FO,NSE,IDO,59271,,BANKNIFTY,,2026-08-25,2026-08-25,62500.00,PE,BANKNIFTY26AUG62500PE,0.00,0.00,0.00,6956.90,0.00,6956.90,55194.50,6792.95,0,0,0,0.00,0,F1,30,,,,,
2026-06-09,2026-06-09,FO,NSE,IDO,52285,,BANKNIFTY,,2026-09-29,2026-09-29,52500.00,PE,BANKNIFTY26SEP52500PE,1015.60,1015.60,835.00,852.50,845.00,1161.55,55194.50,852.50,5250,90,74,118553550.00,59,F1,30,,,,,
2026-06-09,2026-06-09,FO,NSE,IDO,52298,,BANKNIFTY,,2026-09-29,2026-09-29,55500.00,PE,BANKNIFTY26SEP55500PE,2097.00,2097.00,1719.95,1736.60,1728.05,2273.15,55194.50,1736.60,17550,2070,118,203211438.00,96,F1,30,,,,,
2026-06-09,2026-06-09,FO,NSE,IDO,53221,,BANKNIFTY,,2026-12-29,2026-12-29,51000.00,PE,BANKNIFTY26DEC51000PE,750.00,900.00,750.00,900.00,900.00,358.95,55194.50,1107.40,90,90,3,4663500.00,3,F1,30,,,,,
2026-06-09,2026-06-09,FO,NSE,IDO,53247,,BANKNIFTY,,2026-12-29,2026-12-29,63000.00,PE,BANKNIFTY26DEC63000PE,0.00,0.00,0.00,3781.45,0.00,3781.45,55194.50,7037.25,0,0,0,0.00,0,F1,30,,,,,
2026-06-09,2026-06-09,FO,NSE,IDO,76381,,BANKNIFTY,,2027-03-30,2027-03-30,43500.00,PE,BANKNIFTY27MAR43500PE,0.00,0.00,0.00,610.65,0.00,610.65,55194.50,245.20,0,0,0,0.00,0,F1,30,,,,,
2026-06-09,2026-06-09,FO,NSE,IDO,76389,,BANKNIFTY,,2027-03-30,2027-03-30,49500.00,PE,BANKNIFTY27MAR49500PE,0.00,0.00,0.00,2038.80,0.00,2038.80,55194.50,1050.80,0,0,0,0.00,0,F1,30,,,,,
2026-06-09,2026-06-09,FO,NSE,IDO,75460,,BANKNIFTY,,2026-06-30,2026-06-30,52400.00,PE,BANKNIFTY26JUN52400PE,400.00,400.00,188.00,195.85,189.95,440.70,55194.50,195.85,38850,5610,6142,9703679958.00,2867,F1,30,,,,,
2026-06-09,2026-06-09,FO,NSE,IDO,61694,,BANKNIFTY,,2026-07-28,2026-07-28,50400.00,PE,BANKNIFTY26JUL50400PE,290.00,290.00,214.65,214.65,214.65,344.70,55194.50,191.90,1140,300,20,30380323.50,12,F1,30,,,,,
2026-06-09,2026-06-09,FO,NSE,IDO,61722,,BANKNIFTY,,2026-07-28,2026-07-28,51600.00,PE,BANKNIFTY26JUL51600PE,441.00,441.00,339.45,344.45,339.45,525.65,55194.50,344.45,1230,870,44,68572132.50,13,F1,30,,,,,
2026-06-09,2026-06-09,FO,NSE,IDO,61802,,BANKNIFTY,,2026-07-28,2026-07-28,54500.00,PE,BANKNIFTY26JUL54500PE,1460.75,1460.90,955.00,987.25,955.00,1503.60,55194.50,987.25,19110,-2640,962,1606133836.50,583,F1,30,,,,,
2026-06-09,2026-06-09,FO,NSE,IDO,61940,,BANKNIFTY,,2026-07-28,2026-07-28,59500.00,PE,BANKNIFTY26JUL59500PE,4500.05,4500.05,4500.00,4500.00,4500.00,5050.00,55194.50,4258.35,420,60,2,3840001.50,2,F1,30,,,,,
2026-06-09,2026-06-09,FO,NSE,IDO,62032,,BANKNIFTY,,2026-07-28,2026-07-28,62000.00,PE,BANKNIFTY26JUL62000PE,7028.25,7028.25,6179.85,6242.75,6242.75,8050.00,55194.50,6242.75,450,60,11,22574829.00,9,F1,30,,,,,
2026-06-09,2026-06-09,FO,NSE,IDO,58809,,BANKNIFTY,,2026-08-25,2026-08-25,48800.00,PE,BANKNIFTY26AUG48800PE,0.00,0.00,0.00,260.55,0.00,260.55,55194.50,180.60,0,0,0,0.00,0,F1,30,,,,,
2026-06-09,2026-06-09,FO,NSE,IDO,58839,,BANKNIFTY,,2026-08-25,2026-08-25,49400.00,PE,BANKNIFTY26AUG49400PE,0.00,0.00,0.00,332.30,0.00,332.30,55194.50,238.20,0,0,0,0.00,0,F1,30,,,,,
2026-06-09,2026-06-09,FO,NSE,IDO,58853,,BANKNIFTY,,2026-08-25,2026-08-25,50000.00,PE,BANKNIFTY26AUG50000PE,379.15,379.15,310.00,320.10,321.65,457.25,55194.50,320.10,5700,-240,174,262811185.50,82,F1,30,,,,,
2026-06-09,2026-06-09,FO,NSE,IDO,58942,,BANKNIFTY,,2026-08-25,2026-08-25,53000.00,PE,BANKNIFTY26AUG53000PE,1033.05,1033.05,760.80,791.80,760.80,1142.00,55194.50,791.80,9600,630,88,142198168.50,71,F1,30,,,,,
2026-06-09,2026-06-09,FO,NSE,IDO,58993,,BANKNIFTY,,2026-08-25,2026-08-25,54500.00,PE,BANKNIFTY26AUG54500PE,1418.60,1450.00,1227.00,1227.00,1227.00,1710.00,55194.50,1463.95,870,90,20,33527758.50,19,F1,30,,,,,
2026-06-09,2026-06-09,FO,NSE,IDO,59058,,BANKNIFTY,,2026-08-25,2026-08-25,56600.00,PE,BANKNIFTY26AUG56600PE,0.00,0.00,0.00,2701.25,0.00,2701.25,55194.50,2473.05,0,0,0,0.00,0,F1,30,,,,,
2026-06-09,2026-06-09,FO,NSE,IDO,52283,,BANKNIFTY,,2026-09-29,2026-09-29,51000.00,PE,BANKNIFTY26SEP51000PE,687.55,687.55,566.55,585.90,568.00,809.35,55194.50,585.90,6750,-120,55,85172359.50,34,F1,30,,,,,
2026-06-09,2026-06-09,FO,NSE,IDO,52405,,BANKNIFTY,,2026-09-29,2026-09-29,63000.00,PE,BANKNIFTY26SEP63000PE,0.00,0.00,0.00,6693.90,0.00,6693.90,55194.50,7147.10,0,0,0,0.00,0,F1,30,,,,,
2026-06-09,2026-06-09,FO,NSE,IDO,53217,,BANKNIFTY,,2026-12-29,2026-12-29,48000.00,PE,BANKNIFTY26DEC48000PE,500.00,540.00,500.00,536.70,535.00,658.00,55194.50,536.70,630,-30,5,7278300.00,5,F1,30,,,,,
2026-06-09,2026-06-09,FO,NSE,IDO,76387,,BANKNIFTY,,2027-03-30,2027-03-30,48000.00,PE,BANKNIFTY27MAR48000PE,0.00,0.00,0.00,1572.45,0.00,1572.45,55194.50,766.40,0,0,0,0.00,0,F1,30,,,,,
2026-06-09,2026-06-09,FO,NSE,IDO,76432,,BANKNIFTY,,2027-03-30,2027-03-30,64500.00,PE,BANKNIFTY27MAR64500PE,0.00,0.00,0.00,10820.75,0.00,10820.75,55194.50,7972.70,0,0,0,0.00,0,F1,30,,,,,
2026-06-09,2026-06-09,FO,NSE,IDO,75623,,BANKNIFTY,,2026-06-30,2026-06-30,56200.00,PE,BANKNIFTY26JUN56200PE,1777.70,1888.80,1382.00,1432.10,1382.00,2311.10,55194.50,1432.10,9300,2340,190,329024197.50,141,F1,30,,,,,
2026-06-09,2026-06-09,FO,NSE,IDO,75597,,BANKNIFTY,,2026-06-30,2026-06-30,54800.00,PE,BANKNIFTY26JUN54800PE,1200.10,1227.90,710.00,752.55,715.00,1343.75,55194.50,752.55,135150,77370,37783,63187084344.00,26197,F1,30,,,,,
2026-06-09,2026-06-09,FO,NSE,IDO,75595,,BANKNIFTY,,2026-06-30,2026-06-30,54700.00,PE,BANKNIFTY26JUN54700PE,1162.30,1162.30,673.85,715.00,675.30,1290.60,55194.50,715.00,143130,91740,47991,80083960759.50,35824,F1,30,,,,,
2026-06-09,2026-06-09,FO,NSE,IDO,75572,,BANKNIFTY,,2026-06-30,2026-06-30,53600.00,PE,BANKNIFTY26JUN53600PE,751.25,751.25,370.05,395.30,370.35,797.30,55194.50,395.30,75930,6990,6375,10349458233.00,4586,F1,30,,,,,
2026-06-09,2026-06-09,FO,NSE,IDO,75468,,BANKNIFTY,,2026-06-30,2026-06-30,52900.00,PE,BANKNIFTY26JUN52900PE,470.00,471.65,253.10,266.35,254.00,563.80,55194.50,266.35,35730,-2250,3422,5466718732.50,2258,F1,30,,,,,
2026-06-09,2026-06-09,FO,NSE,IDO,75456,,BANKNIFTY,,2026-06-30,2026-06-30,52200.00,PE,BANKNIFTY26JUN52200PE,325.05,325.05,167.05,176.05,168.00,393.40,55194.50,176.05,39090,8250,3669,5770364566.50,1899,F1,30,,,,,
2026-06-09,2026-06-09,FO,NSE,IDO,75410,,BANKNIFTY,,2026-06-30,2026-06-30,50500.00,PE,BANKNIFTY26JUN50500PE,125.30,126.00,64.25,67.45,64.30,150.40,55194.50,67.45,232950,-16890,20399,30957171175.50,10313,F1,30,,,,,
2026-06-09,2026-06-09,FO,NSE,IDO,75291,,BANKNIFTY,,2026-06-30,2026-06-30,50100.00,PE,BANKNIFTY26JUN50100PE,124.35,124.35,53.00,54.60,53.00,121.35,55194.50,54.60,38190,-2610,2652,3991574527.50,1642,F1,30,,,,,
2026-06-09,2026-06-09,FO,NSE,IDO,75287,,BANKNIFTY,,2026-06-30,2026-06-30,49900.00,PE,BANKNIFTY26JUN49900PE,82.85,82.85,47.00,49.15,48.60,108.55,55194.50,49.15,25710,-26040,3129,4689826699.50,1619,F1,30,,,,,
2026-06-09,2026-06-09,FO,NSE,IDO,75283,,BANKNIFTY,,2026-06-30,2026-06-30,49700.00,PE,BANKNIFTY26JUN49700PE,79.65,85.45,42.40,44.10,42.40,96.25,55194.50,44.10,14430,-2040,590,880747993.50,348,F1,30,,,,,
2026-06-09,2026-06-09,FO,NSE,IDO,75177,,BANKNIFTY,,2026-06-30,2026-06-30,47000.00,PE,BANKNIFTY26JUN47000PE,23.05,25.90,13.80,14.35,13.80,27.40,55194.50,14.35,145050,-36210,9842,13882680352.50,3967,F1,30,,,,,
2026-06-09,2026-06-09,FO,NSE,IDO,57696,,BANKNIFTY,,2026-06-30,2026-06-30,46500.00,PE,BANKNIFTY26JUN46500PE,21.50,21.50,12.00,12.75,13.40,22.60,55194.50,12.75,33990,360,790,1102410382.50,423,F1,30,,,,,
2026-06-09,2026-06-09,FO,NSE,IDO,52272,,BANKNIFTY,,2026-09-29,2026-09-29,48000.00,CE,BANKNIFTY26SEP48000CE,0.00,0.00,0.00,10080.05,0.00,10080.05,55194.50,8411.75,0,0,0,0.00,0,F1,30,,,,,
2026-06-09,2026-06-09,FO,NSE,IDO,59094,,BANKNIFTY,,2026-08-25,2026-08-25,57700.00,CE,BANKNIFTY26AUG57700CE,0.00,0.00,0.00,1598.55,0.00,1598.55,55194.50,1433.30,0,0,0,0.00,0,F1,30,,,,,
2026-06-09,2026-06-09,FO,NSE,IDO,59030,,BANKNIFTY,,2026-08-25,2026-08-25,55900.00,CE,BANKNIFTY26AUG55900CE,0.00,0.00,0.00,2345.35,0.00,2345.35,55194.50,2182.55,0,0,0,0.00,0,F1,30,,,,,
2026-06-09,2026-06-09,FO,NSE,IDO,59000,,BANKNIFTY,,2026-08-25,2026-08-25,54800.00,CE,BANKNIFTY26AUG54800CE,2262.70,2271.95,2262.70,2271.90,2271.90,2906.10,55194.50,2754.45,60,60,3,5136196.50,3,F1,30,,,,,
2026-06-09,2026-06-09,FO,NSE,IDO,58862,,BANKNIFTY,,2026-08-25,2026-08-25,50300.00,CE,BANKNIFTY26AUG50300CE,0.00,0.00,0.00,6003.65,0.00,6003.65,55194.50,5953.50,0,0,0,0.00,0,F1,30,,,,,
2026-06-09,2026-06-09,FO,NSE,IDO,58850,,BANKNIFTY,,2026-08-25,2026-08-25,49900.00,CE,BANKNIFTY26AUG49900CE,0.00,0.00,0.00,6333.25,0.00,6333.25,55194.50,6293.55,0,0,0,0.00,0,F1,30,,,,,
2026-06-09,2026-06-09,FO,NSE,IDO,58814,,BANKNIFTY,,2026-08-25,2026-08-25,49100.00,CE,BANKNIFTY26AUG49100CE,0.00,0.00,0.00,7013.00,0.00,7013.00,55194.50,6993.45,0,0,0,0.00,0,F1,30,,,,,
2026-06-09,2026-06-09,FO,NSE,IDO,61971,,BANKNIFTY,,2026-07-28,2026-07-28,60500.00,CE,BANKNIFTY26JUL60500CE,124.90,124.90,85.90,112.05,114.50,885.95,55194.50,112.05,1020,1020,48,87265926.00,32,F1,30,,,,,
2026-06-09,2026-06-09,FO,NSE,IDO,61901,,BANKNIFTY,,2026-07-28,2026-07-28,58500.00,CE,BANKNIFTY26JUL58500CE,286.00,415.00,286.00,391.45,410.00,246.50,55194.50,391.45,26880,4260,1096,1934900616.00,749,F1,30,,,,,
2026-06-09,2026-06-09,FO,NSE,IDO,61839,,BANKNIFTY,,2026-07-28,2026-07-28,56200.00,CE,BANKNIFTY26JUL56200CE,906.00,1129.60,906.00,1129.00,1129.00,968.70,55194.50,1478.80,1890,420,32,54979894.50,24,F1,30,,,,,
2026-06-09,2026-06-09,FO,NSE,IDO,61837,,BANKNIFTY,,2026-07-28,2026-07-28,56100.00,CE,BANKNIFTY26JUL56100CE,931.55,1260.00,931.55,1232.15,1230.15,900.00,55194.50,1232.15,3150,1020,52,89262352.50,41,F1,30,,,,,
2026-06-09,2026-06-09,FO,NSE,IDO,61784,,BANKNIFTY,,2026-07-28,2026-07-28,54000.00,CE,BANKNIFTY26JUL54000CE,1950.00,2543.95,1938.80,2471.05,2509.30,1843.25,55194.50,2471.05,38850,4380,942,1589760723.00,559,F1,30,,,,,
2026-06-09,2026-06-09,FO,NSE,IDO,61745,,BANKNIFTY,,2026-07-28,2026-07-28,52600.00,CE,BANKNIFTY26JUL52600CE,0.00,0.00,0.00,3278.30,3278.30,3278.30,55194.50,3627.40,60,0,0,0.00,0,F1,30,,,,,
2026-06-09,2026-06-09,FO,NSE,IDO,61741,,BANKNIFTY,,2026-07-28,2026-07-28,52400.00,CE,BANKNIFTY26JUL52400CE,0.00,0.00,0.00,4623.10,0.00,4623.10,55194.50,3779.00,0,0,0,0.00,0,F1,30,,,,,
2026-06-09,2026-06-09,FO,NSE,IDO,61683,,BANKNIFTY,,2026-07-28,2026-07-28,50100.00,CE,BANKNIFTY26JUL50100CE,0.00,0.00,0.00,6415.15,0.00,6415.15,55194.50,5706.75,0,0,0,0.00,0,F1,30,,,,,
2026-06-09,2026-06-09,FO,NSE,IDO,61681,,BANKNIFTY,,2026-07-28,2026-07-28,50000.00,CE,BANKNIFTY26JUL50000CE,5175.00,5812.00,5175.00,5731.15,5732.00,4744.85,55194.50,5731.15,4890,120,25,41689254.00,18,F1,30,,,,,
2026-06-09,2026-06-09,FO,NSE,IDO,61657,,BANKNIFTY,,2026-07-28,2026-07-28,49000.00,CE,BANKNIFTY26JUL49000CE,0.00,0.00,0.00,5525.00,5525.00,5525.00,55194.50,6718.20,570,0,0,0.00,0,F1,30,,,,,
2026-06-09,2026-06-09,FO,NSE,IDO,61653,,BANKNIFTY,,2026-07-28,2026-07-28,48800.00,CE,BANKNIFTY26JUL48800CE,0.00,0.00,0.00,7535.90,0.00,7535.90,55194.50,6906.25,0,0,0,0.00,0,F1,30,,,,,
2026-06-09,2026-06-09,FO,NSE,IDO,61641,,BANKNIFTY,,2026-07-28,2026-07-28,48300.00,CE,BANKNIFTY26JUL48300CE,0.00,0.00,0.00,7982.95,0.00,7982.95,55194.50,7380.85,0,0,0,0.00,0,F1,30,,,,,
2026-06-09,2026-06-09,FO,NSE,IDO,61625,,BANKNIFTY,,2026-07-28,2026-07-28,47500.00,CE,BANKNIFTY26JUL47500CE,0.00,0.00,0.00,8713.35,0.00,8713.35,55194.50,8150.70,0,0,0,0.00,0,F1,30,,,,,
2026-06-09,2026-06-09,FO,NSE,IDO,61584,,BANKNIFTY,,2026-07-28,2026-07-28,46000.00,CE,BANKNIFTY26JUL46000CE,0.00,0.00,0.00,10122.05,0.00,10122.05,55194.50,9616.45,0,0,0,0.00,0,F1,30,,,,,
2026-06-09,2026-06-09,FO,NSE,IDO,75933,,BANKNIFTY,,2026-06-30,2026-06-30,63500.00,CE,BANKNIFTY26JUN63500CE,6.35,6.35,4.20,5.15,5.10,5.40,55194.50,5.15,15900,1770,1179,2246175099.00,523,F1,30,,,,,
2026-06-09,2026-06-09,FO,NSE,IDO,75915,,BANKNIFTY,,2026-06-30,2026-06-30,62900.00,CE,BANKNIFTY26JUN62900CE,6.35,8.00,5.60,6.75,6.40,6.35,55194.50,6.75,2220,-330,132,249110112.00,99,F1,30,,,,,
2026-06-09,2026-06-09,FO,NSE,IDO,75901,,BANKNIFTY,,2026-06-30,2026-06-30,62200.00,CE,BANKNIFTY26JUN62200CE,9.00,11.00,7.85,8.95,9.20,8.60,55194.50,8.95,1230,30,39,72785029.50,22,F1,30,,,,,
2026-06-09,2026-06-09,FO,NSE,IDO,75802,,BANKNIFTY,,2026-06-30,2026-06-30,59100.00,CE,BANKNIFTY26JUN59100CE,54.95,74.95,43.00,67.80,71.10,45.50,55194.50,67.80,34620,6450,1818,3226602996.00,1043,F1,30,,,,,
2026-06-09,2026-06-09,FO,NSE,IDO,75638,,BANKNIFTY,,2026-06-30,2026-06-30,57100.00,CE,BANKNIFTY26JUN57100CE,175.50,355.20,175.50,324.00,349.55,187.35,55194.50,324.00,35190,1140,4606,7929467386.50,2985,F1,30,,,,,
2026-06-09,2026-06-09,FO,NSE,IDO,75622,,BANKNIFTY,,2026-06-30,2026-06-30,56200.00,CE,BANKNIFTY26JUN56200CE,384.95,648.05,381.35,608.00,634.00,355.75,55194.50,608.00,57900,0,12365,21036992125.50,8647,F1,30,,,,,
2026-06-09,2026-06-09,FO,NSE,IDO,75594,,BANKNIFTY,,2026-06-30,2026-06-30,54700.00,CE,BANKNIFTY26JUN54700CE,1000.00,1439.95,902.30,1369.05,1415.60,877.60,55194.50,1369.05,84150,-1590,43600,73042526514.00,32046,F1,30,,,,,
2026-06-09,2026-06-09,FO,NSE,IDO,75571,,BANKNIFTY,,2026-06-30,2026-06-30,53600.00,CE,BANKNIFTY26JUN53600CE,1485.00,2228.10,1485.00,2169.45,2200.00,1448.80,55194.50,2169.45,57090,-2580,370,616011909.00,302,F1,30,,,,,
2026-06-09,2026-06-09,FO,NSE,IDO,75434,,BANKNIFTY,,2026-06-30,2026-06-30,51600.00,CE,BANKNIFTY26JUN51600CE,3830.10,3830.40,3830.10,3830.40,3830.40,3583.55,55194.50,3876.85,1380,-180,6,9977439.00,3,F1,30,,,,,
2026-06-09,2026-06-09,FO,NSE,IDO,57760,,BANKNIFTY,,2026-06-30,2026-06-30,61500.00,PE,BANKNIFTY26JUN61500PE,0.00,0.00,0.00,7453.40,7453.40,7453.40,55194.50,6111.25,4980,0,0,0.00,0,F1,30,,,,,
2026-06-09,2026-06-09,FO,NSE,IDO,75284,,BANKNIFTY,,2026-06-30,2026-06-30,49800.00,CE,BANKNIFTY26JUN49800CE,0.00,0.00,0.00,2710.70,0.00,2710.70,55194.50,5587.00,0,0,0,0.00,0,F1,30,,,,,
2026-06-09,2026-06-09,FO,NSE,IDO,75231,,BANKNIFTY,,2026-06-30,2026-06-30,48100.00,CE,BANKNIFTY26JUN48100CE,0.00,0.00,0.00,3809.00,0.00,3809.00,55194.50,7265.50,0,0,0,0.00,0,F1,30,,,,,
2026-06-09,2026-06-09,FO,NSE,IDO,57697,,BANKNIFTY,,2026-06-30,2026-06-30,48000.00,CE,BANKNIFTY26JUN48000CE,6755.90,7300.20,6729.00,7300.20,7300.20,6285.00,55194.50,7300.20,13410,30,45,74068947.00,42,F1,30,,,,,
2026-06-09,2026-06-09,FO,NSE,IDO,75181,,BANKNIFTY,,2026-06-30,2026-06-30,47200.00,CE,BANKNIFTY26JUN47200CE,0.00,0.00,0.00,4471.30,0.00,4471.30,55194.50,8160.75,0,0,0,0.00,0,F1,30,,,,,
2026-06-09,2026-06-09,FO,NSE,IDO,75174,,BANKNIFTY,,2026-06-30,2026-06-30,47000.00,CE,BANKNIFTY26JUN47000CE,0.00,0.00,0.00,7283.10,7283.10,7283.10,55194.50,8359.90,1830,0,0,0.00,0,F1,30,,,,,
2026-06-09,2026-06-09,FO,NSE,IDO,75160,,BANKNIFTY,,2026-06-30,2026-06-30,46300.00,CE,BANKNIFTY26JUN46300CE,0.00,0.00,0.00,5185.20,0.00,5185.20,55194.50,9057.15,0,0,0,0.00,0,F1,30,,,,,
2026-06-09,2026-06-09,FO,NSE,IDO,74892,,BANKNIFTY,,2026-06-30,2026-06-30,43000.00,CE,BANKNIFTY26JUN43000CE,0.00,0.00,0.00,12074.05,12074.05,12074.05,55194.50,12345.40,690,0,0,0.00,0,F1,30,,,,,
2026-06-09,2026-06-09,FO,NSE,IDO,61636,,BANKNIFTY,,2026-07-28,2026-07-28,48000.00,PE,BANKNIFTY26JUL48000PE,115.20,116.10,86.70,89.95,87.00,137.10,55194.50,89.95,39300,-3570,914,1318827838.50,499,F1,30,,,,,
2026-06-09,2026-06-09,FO,NSE,IDO,75912,,BANKNIFTY,,2026-06-30,2026-06-30,62700.00,PE,BANKNIFTY26JUN62700PE,0.00,0.00,0.00,11341.85,0.00,11341.85,55194.50,7292.75,0,0,0,0.00,0,F1,30,,,,,
2026-06-09,2026-06-09,FO,NSE,IDO,75900,,BANKNIFTY,,2026-06-30,2026-06-30,62100.00,PE,BANKNIFTY26JUN62100PE,0.00,0.00,0.00,10764.40,0.00,10764.40,55194.50,6700.25,0,0,0,0.00,0,F1,30,,,,,
2026-06-09,2026-06-09,FO,NSE,IDO,75890,,BANKNIFTY,,2026-06-30,2026-06-30,61600.00,PE,BANKNIFTY26JUN61600PE,0.00,0.00,0.00,10285.50,0.00,10285.50,55194.50,6209.10,0,0,0,0.00,0,F1,30,,,,,
2026-06-09,2026-06-09,FO,NSE,IDO,61664,,BANKNIFTY,,2026-07-28,2026-07-28,49200.00,PE,BANKNIFTY26JUL49200PE,183.55,183.55,135.60,135.60,135.60,181.20,55194.50,135.60,540,0,8,11847054.00,5,F1,30,,,,,
2026-06-09,2026-06-09,FO,NSE,IDO,52427,,BANKNIFTY,,2026-09-29,2026-09-29,67500.00,PE,BANKNIFTY26SEP67500PE,0.00,0.00,0.00,9969.75,0.00,9969.75,55194.50,11118.90,0,0,0,0.00,0,F1,30,,,,,
2026-06-09,2026-06-09,FO,NSE,IDO,59225,,BANKNIFTY,,2026-08-25,2026-08-25,61000.00,PE,BANKNIFTY26AUG61000PE,0.00,0.00,0.00,5719.45,0.00,5719.45,55194.50,5530.35,0,0,0,0.00,0,F1,30,,,,,
2026-06-09,2026-06-09,FO,NSE,IDO,59150,,BANKNIFTY,,2026-08-25,2026-08-25,59200.00,PE,BANKNIFTY26AUG59200PE,0.00,0.00,0.00,4358.30,0.00,4358.30,55194.50,4143.95,0,0,0,0.00,0,F1,30,,,,,
2026-06-09,2026-06-09,FO,NSE,IDO,59123,,BANKNIFTY,,2026-08-25,2026-08-25,58300.00,PE,BANKNIFTY26AUG58300PE,0.00,0.00,0.00,3739.90,0.00,3739.90,55194.50,3516.90,0,0,0,0.00,0,F1,30,,,,,
2026-06-09,2026-06-09,FO,NSE,IDO,59099,,BANKNIFTY,,2026-08-25,2026-08-25,57900.00,PE,BANKNIFTY26AUG57900PE,0.00,0.00,0.00,3479.75,0.00,3479.75,55194.50,3254.15,0,0,0,0.00,0,F1,30,,,,,
2026-06-09,2026-06-09,FO,NSE,IDO,59089,,BANKNIFTY,,2026-08-25,2026-08-25,57400.00,PE,BANKNIFTY26AUG57400PE,0.00,0.00,0.00,3167.95,0.00,3167.95,55194.50,2940.20,0,0,0,0.00,0,F1,30,,,,,
2026-06-09,2026-06-09,FO,NSE,IDO,59060,,BANKNIFTY,,2026-08-25,2026-08-25,56700.00,PE,BANKNIFTY26AUG56700PE,0.00,0.00,0.00,2757.35,0.00,2757.35,55194.50,2529.05,0,0,0,0.00,0,F1,30,,,,,
2026-06-09,2026-06-09,FO,NSE,IDO,76395,,BANKNIFTY,,2027-03-30,2027-03-30,54000.00,PE,BANKNIFTY27MAR54000PE,0.00,0.00,0.00,3928.75,0.00,3928.75,55194.50,2326.60,0,0,0,0.00,0,F1,30,,,,,
2026-06-09,2026-06-09,FO,NSE,IDO,59056,,BANKNIFTY,,2026-08-25,2026-08-25,56500.00,PE,BANKNIFTY26AUG56500PE,0.00,0.00,0.00,2645.75,0.00,2645.75,55194.50,2417.80,0,0,0,0.00,0,F1,30,,,,,
2026-06-09,2026-06-09,FO,NSE,IDO,59037,,BANKNIFTY,,2026-08-25,2026-08-25,55900.00,PE,BANKNIFTY26AUG55900PE,0.00,0.00,0.00,2326.60,0.00,2326.60,55194.50,2101.20,0,0,0,0.00,0,F1,30,,,,,
2026-06-09,2026-06-09,FO,NSE,IDO,58959,,BANKNIFTY,,2026-08-25,2026-08-25,53400.00,PE,BANKNIFTY26AUG53400PE,900.00,900.00,900.00,900.00,900.00,1100.00,55194.50,1062.20,0,-30,1,1629000.00,1,F1,30,,,,,
2026-06-09,2026-06-09,FO,NSE,IDO,58937,,BANKNIFTY,,2026-08-25,2026-08-25,52800.00,PE,BANKNIFTY26AUG52800PE,0.00,0.00,0.00,1057.45,0.00,1057.45,55194.50,878.45,0,0,0,0.00,0,F1,30,,,,,
2026-06-09,2026-06-09,FO,NSE,IDO,58917,,BANKNIFTY,,2026-08-25,2026-08-25,51800.00,PE,BANKNIFTY26AUG51800PE,0.00,0.00,0.00,780.15,0.00,780.15,55194.50,625.00,0,0,0,0.00,0,F1,30,,,,,
2026-06-09,2026-06-09,FO,NSE,IDO,58881,,BANKNIFTY,,2026-08-25,2026-08-25,51100.00,PE,BANKNIFTY26AUG51100PE,0.00,0.00,0.00,619.65,0.00,619.65,55194.50,482.35,0,0,0,0.00,0,F1,30,,,,,
2026-06-09,2026-06-09,FO,NSE,IDO,58849,,BANKNIFTY,,2026-08-25,2026-08-25,49800.00,PE,BANKNIFTY26AUG49800PE,0.00,0.00,0.00,388.10,0.00,388.10,55194.50,284.15,0,0,0,0.00,0,F1,30,,,,,
2026-06-09,2026-06-09,FO,NSE,IDO,58811,,BANKNIFTY,,2026-08-25,2026-08-25,48900.00,PE,BANKNIFTY26AUG48900PE,0.00,0.00,0.00,271.55,0.00,271.55,55194.50,189.30,0,0,0,0.00,0,F1,30,,,,,
2026-06-09,2026-06-09,FO,NSE,IDO,58737,,BANKNIFTY,,2026-08-25,2026-08-25,47000.00,PE,BANKNIFTY26AUG47000PE,0.00,0.00,0.00,120.00,120.00,120.00,55194.50,71.30,30,0,0,0.00,0,F1,30,,,,,
2026-06-09,2026-06-09,FO,NSE,IDO,62051,,BANKNIFTY,,2026-07-28,2026-07-28,62500.00,PE,BANKNIFTY26JUL62500PE,0.00,0.00,0.00,6721.60,6721.60,6721.60,55194.50,6882.70,30,0,0,0.00,0,F1,30,,,,,
2026-06-09,2026-06-09,FO,NSE,IDO,61966,,BANKNIFTY,,2026-07-28,2026-07-28,60200.00,PE,BANKNIFTY26JUL60200PE,0.00,0.00,0.00,4890.40,0.00,4890.40,55194.50,4835.90,0,0,0,0.00,0,F1,30,,,,,
2026-06-09,2026-06-09,FO,NSE,IDO,61880,,BANKNIFTY,,2026-07-28,2026-07-28,57600.00,PE,BANKNIFTY26JUL57600PE,0.00,0.00,0.00,3125.35,0.00,3125.35,55194.50,2843.70,0,0,0,0.00,0,F1,30,,,,,
2026-06-09,2026-06-09,FO,NSE,IDO,61876,,BANKNIFTY,,2026-07-28,2026-07-28,57400.00,PE,BANKNIFTY26JUL57400PE,0.00,0.00,0.00,3006.05,0.00,3006.05,55194.50,2710.20,0,0,0,0.00,0,F1,30,,,,,
2026-06-09,2026-06-09,FO,NSE,IDO,61854,,BANKNIFTY,,2026-07-28,2026-07-28,56700.00,PE,BANKNIFTY26JUL56700PE,0.00,0.00,0.00,2608.25,0.00,2608.25,55194.50,2268.95,0,0,0,0.00,0,F1,30,,,,,
2026-06-09,2026-06-09,FO,NSE,IDO,61850,,BANKNIFTY,,2026-07-28,2026-07-28,56500.00,PE,BANKNIFTY26JUL56500PE,2274.40,2278.00,1809.05,1848.50,1820.00,2623.95,55194.50,1848.50,9360,1530,127,223002127.50,86,F1,30,,,,,
2026-06-09,2026-06-09,FO,NSE,IDO,61820,,BANKNIFTY,,2026-07-28,2026-07-28,55400.00,PE,BANKNIFTY26JUL55400PE,1749.15,1750.10,1410.00,1410.00,1410.00,1848.65,55194.50,1563.50,4770,210,28,47876023.50,19,F1,30,,,,,
2026-06-09,2026-06-09,FO,NSE,IDO,61814,,BANKNIFTY,,2026-07-28,2026-07-28,55100.00,PE,BANKNIFTY26JUL55100PE,1438.00,1527.10,1182.90,1207.05,1182.90,1476.00,55194.50,1207.05,4950,2880,151,255431388.00,99,F1,30,,,,,
2026-06-09,2026-06-09,FO,NSE,IDO,61746,,BANKNIFTY,,2026-07-28,2026-07-28,52600.00,PE,BANKNIFTY26JUL52600PE,0.00,0.00,0.00,808.00,808.00,808.00,55194.50,560.50,330,0,0,0.00,0,F1,30,,,,,
2026-06-09,2026-06-09,FO,NSE,IDO,61742,,BANKNIFTY,,2026-07-28,2026-07-28,52400.00,PE,BANKNIFTY26JUL52400PE,460.70,460.70,450.60,455.65,450.60,586.90,55194.50,455.65,510,0,2,3171339.00,2,F1,30,,,,,
2026-06-09,2026-06-09,FO,NSE,IDO,61680,,BANKNIFTY,,2026-07-28,2026-07-28,49900.00,PE,BANKNIFTY26JUL49900PE,224.50,224.50,183.05,183.05,183.05,240.90,55194.50,183.05,810,-90,23,34562761.50,6,F1,30,,,,,
2026-06-09,2026-06-09,FO,NSE,IDO,75831,,BANKNIFTY,,2026-06-30,2026-06-30,60200.00,PE,BANKNIFTY26JUN60200PE,0.00,0.00,0.00,4740.00,4740.00,4740.00,55194.50,4856.70,60,0,0,0.00,0,F1,30,,,,,
2026-06-09,2026-06-09,FO,NSE,IDO,75466,,BANKNIFTY,,2026-06-30,2026-06-30,52800.00,PE,BANKNIFTY26JUN52800PE,450.00,453.00,236.35,251.50,236.50,540.25,55194.50,251.50,43500,1920,4783,7622744197.50,3175,F1,30,,,,,
2026-06-09,2026-06-09,FO,NSE,IDO,57718,,BANKNIFTY,,2026-06-30,2026-06-30,52500.00,PE,BANKNIFTY26JUN52500PE,430.30,430.30,197.30,210.45,197.40,457.10,55194.50,210.45,326280,7770,24912,39444421056.00,15125,F1,30,,,,,
2026-06-09,2026-06-09,FO,NSE,IDO,75447,,BANKNIFTY,,2026-06-30,2026-06-30,52000.00,PE,BANKNIFTY26JUN52000PE,321.60,349.15,148.90,157.95,149.30,351.35,55194.50,157.95,565110,9570,50977,79839187458.00,28486,F1,30,,,,,
2026-06-09,2026-06-09,FO,NSE,IDO,75406,,BANKNIFTY,,2026-06-30,2026-06-30,50400.00,PE,BANKNIFTY26JUN50400PE,115.00,115.00,60.35,63.50,60.35,146.05,55194.50,63.50,27930,4560,1966,2977211781.00,894,F1,30,,,,,
2026-06-09,2026-06-09,FO,NSE,IDO,75281,,BANKNIFTY,,2026-06-30,2026-06-30,49600.00,PE,BANKNIFTY26JUN49600PE,69.85,70.30,40.05,41.75,40.10,93.50,55194.50,41.75,15480,-17490,1447,2155706899.50,987,F1,30,,,,,
2026-06-09,2026-06-09,FO,NSE,IDO,76391,,BANKNIFTY,,2027-03-30,2027-03-30,51000.00,PE,BANKNIFTY27MAR51000PE,0.00,0.00,0.00,2587.90,0.00,2587.90,55194.50,1403.95,0,0,0,0.00,0,F1,30,,,,,
2026-06-09,2026-06-09,FO,NSE,IDO,57707,,BANKNIFTY,,2026-06-30,2026-06-30,49500.00,PE,BANKNIFTY26JUN49500PE,84.70,84.70,38.15,39.85,38.40,84.70,55194.50,39.85,355470,45330,20168,29979319926.00,10712,F1,30,,,,,
2026-06-09,2026-06-09,FO,NSE,IDO,75252,,BANKNIFTY,,2026-06-30,2026-06-30,48500.00,PE,BANKNIFTY26JUN48500PE,44.00,44.00,24.95,25.85,25.95,52.20,55194.50,25.85,180840,51810,17059,24837324109.50,8293,F1,30,,,,,
2026-06-09,2026-06-09,FO,NSE,IDO,75250,,BANKNIFTY,,2026-06-30,2026-06-30,48400.00,PE,BANKNIFTY26JUN48400PE,40.85,40.85,23.00,24.45,23.00,48.95,55194.50,24.45,6240,-1320,442,642188569.50,313,F1,30,,,,,
2026-06-09,2026-06-09,FO,NSE,IDO,75189,,BANKNIFTY,,2026-06-30,2026-06-30,47500.00,PE,BANKNIFTY26JUN47500PE,36.10,36.10,16.85,17.55,17.50,33.35,55194.50,17.55,59430,-10380,3818,5443161549.00,2048,F1,30,,,,,
2026-06-09,2026-06-09,FO,NSE,IDO,75109,,BANKNIFTY,,2026-06-30,2026-06-30,46000.00,PE,BANKNIFTY26JUN46000PE,15.30,18.35,10.25,11.00,11.70,19.10,55194.50,11.00,121770,4860,3306,4563632826.00,1689,F1,30,,,,,
2026-06-09,2026-06-09,FO,NSE,IDO,75072,,BANKNIFTY,,2026-06-30,2026-06-30,45500.00,PE,BANKNIFTY26JUN45500PE,16.00,16.00,9.85,10.45,10.90,17.15,55194.50,10.45,24510,3450,561,765965977.50,283,F1,30,,,,,
2026-06-09,2026-06-09,FO,NSE,IDO,76400,,BANKNIFTY,,2027-03-30,2027-03-30,58500.00,CE,BANKNIFTY27MAR58500CE,0.00,0.00,0.00,2367.80,0.00,2367.80,55194.50,4080.95,0,0,0,0.00,0,F1,30,,,,,
2026-06-09,2026-06-09,FO,NSE,IDO,52360,,BANKNIFTY,,2026-09-29,2026-09-29,60000.00,CE,BANKNIFTY26SEP60000CE,569.65,727.05,569.65,701.85,717.10,537.65,55194.50,701.85,45270,-1140,206,374841877.50,145,F1,30,,,,,
2026-06-09,2026-06-09,FO,NSE,IDO,52297,,BANKNIFTY,,2026-09-29,2026-09-29,55500.00,CE,BANKNIFTY26SEP55500CE,2242.70,2650.00,2242.70,2600.00,2600.00,2067.10,55194.50,2600.00,24960,1980,119,206644794.00,113,F1,30,,,,,
2026-06-09,2026-06-09,FO,NSE,IDO,59090,,BANKNIFTY,,2026-08-25,2026-08-25,57500.00,CE,BANKNIFTY26AUG57500CE,900.00,1105.15,900.00,1105.15,1105.15,790.95,55194.50,1505.55,540,150,10,17537203.50,8,F1,30,,,,,
2026-06-09,2026-06-09,FO,NSE,IDO,59086,,BANKNIFTY,,2026-08-25,2026-08-25,57300.00,CE,BANKNIFTY26AUG57300CE,0.00,0.00,0.00,1746.85,0.00,1746.85,55194.50,1580.50,0,0,0,0.00,0,F1,30,,,,,
2026-06-09,2026-06-09,FO,NSE,IDO,59049,,BANKNIFTY,,2026-08-25,2026-08-25,56400.00,CE,BANKNIFTY26AUG56400CE,0.00,0.00,0.00,2117.10,0.00,2117.10,55194.50,1951.65,0,0,0,0.00,0,F1,30,,,,,
2026-06-09,2026-06-09,FO,NSE,IDO,59002,,BANKNIFTY,,2026-08-25,2026-08-25,54900.00,CE,BANKNIFTY26AUG54900CE,0.00,0.00,0.00,2851.80,0.00,2851.80,55194.50,2698.85,0,0,0,0.00,0,F1,30,,,,,
2026-06-09,2026-06-09,FO,NSE,IDO,58918,,BANKNIFTY,,2026-08-25,2026-08-25,51900.00,CE,BANKNIFTY26AUG51900CE,0.00,0.00,0.00,4766.95,0.00,4766.95,55194.50,4672.75,0,0,0,0.00,0,F1,30,,,,,
2026-06-09,2026-06-09,FO,NSE,IDO,58754,,BANKNIFTY,,2026-08-25,2026-08-25,47500.00,CE,BANKNIFTY26AUG47500CE,0.00,0.00,0.00,8441.50,0.00,8441.50,55194.50,8456.90,0,0,0,0.00,0,F1,30,,,,,
2026-06-09,2026-06-09,FO,NSE,IDO,58736,,BANKNIFTY,,2026-08-25,2026-08-25,47000.00,CE,BANKNIFTY26AUG47000CE,0.00,0.00,0.00,8903.00,0.00,8903.00,55194.50,8927.40,0,0,0,0.00,0,F1,30,,,,,
2026-06-09,2026-06-09,FO,NSE,IDO,62085,,BANKNIFTY,,2026-07-28,2026-07-28,63500.00,CE,BANKNIFTY26JUL63500CE,20.15,29.80,16.55,27.95,29.80,20.40,55194.50,27.95,15450,2370,300,571733659.50,185,F1,30,,,,,
2026-06-09,2026-06-09,FO,NSE,IDO,61863,,BANKNIFTY,,2026-07-28,2026-07-28,56900.00,CE,BANKNIFTY26JUL56900CE,669.85,903.35,669.85,903.35,903.35,589.00,55194.50,1196.30,1620,210,10,17288254.50,5,F1,30,,,,,
2026-06-09,2026-06-09,FO,NSE,IDO,61815,,BANKNIFTY,,2026-07-28,2026-07-28,55200.00,CE,BANKNIFTY26JUL55200CE,1327.45,1765.00,1326.35,1714.90,1765.00,1243.90,55194.50,1714.90,2880,570,87,148136799.00,77,F1,30,,,,,
2026-06-09,2026-06-09,FO,NSE,IDO,61789,,BANKNIFTY,,2026-07-28,2026-07-28,54200.00,CE,BANKNIFTY26JUL54200CE,1891.65,2346.50,1891.65,2346.50,2346.50,1735.55,55194.50,2530.10,1410,-870,52,87751708.50,42,F1,30,,,,,
2026-06-09,2026-06-09,FO,NSE,IDO,61758,,BANKNIFTY,,2026-07-28,2026-07-28,53100.00,CE,BANKNIFTY26JUL53100CE,0.00,0.00,0.00,2177.35,2177.35,2177.35,55194.50,3261.15,210,0,0,0.00,0,F1,30,,,,,
2026-06-09,2026-06-09,FO,NSE,IDO,61714,,BANKNIFTY,,2026-07-28,2026-07-28,51400.00,CE,BANKNIFTY26JUL51400CE,0.00,0.00,0.00,5367.65,0.00,5367.65,55194.50,4578.95,0,0,0,0.00,0,F1,30,,,,,
2026-06-09,2026-06-09,FO,NSE,IDO,61708,,BANKNIFTY,,2026-07-28,2026-07-28,51100.00,CE,BANKNIFTY26JUL51100CE,0.00,0.00,0.00,5602.05,0.00,5602.05,55194.50,4831.30,0,0,0,0.00,0,F1,30,,,,,
2026-06-09,2026-06-09,FO,NSE,IDO,61665,,BANKNIFTY,,2026-07-28,2026-07-28,49300.00,CE,BANKNIFTY26JUL49300CE,0.00,0.00,0.00,7097.20,0.00,7097.20,55194.50,6438.25,0,0,0,0.00,0,F1,30,,,,,
2026-06-09,2026-06-09,FO,NSE,IDO,75838,,BANKNIFTY,,2026-06-30,2026-06-30,60500.00,CE,BANKNIFTY26JUN60500CE,19.80,27.00,19.80,24.95,25.80,19.85,55194.50,24.95,153240,-19500,7852,14256781009.50,4480,F1,30,,,,,
2026-06-09,2026-06-09,FO,NSE,IDO,75757,,BANKNIFTY,,2026-06-30,2026-06-30,58300.00,CE,BANKNIFTY26JUN58300CE,79.10,139.65,79.10,126.75,136.45,77.20,55194.50,126.75,38640,2010,2596,4548909105.00,1314,F1,30,,,,,
2026-06-09,2026-06-09,FO,NSE,IDO,75753,,BANKNIFTY,,2026-06-30,2026-06-30,58100.00,CE,BANKNIFTY26JUN58100CE,95.50,163.30,95.50,150.10,159.35,90.95,55194.50,150.10,32550,2430,2661,4648518724.50,1391,F1,30,,,,,
2026-06-09,2026-06-09,FO,NSE,IDO,75624,,BANKNIFTY,,2026-06-30,2026-06-30,56300.00,CE,BANKNIFTY26JUN56300CE,350.00,610.00,350.00,575.30,603.05,330.60,55194.50,575.30,33480,-1290,9193,15655871769.00,6111,F1,30,,,,,
2026-06-09,2026-06-09,FO,NSE,IDO,75602,,BANKNIFTY,,2026-06-30,2026-06-30,55100.00,CE,BANKNIFTY26JUN55100CE,765.05,1197.00,765.05,1133.30,1177.90,696.50,55194.50,1133.30,109620,630,26910,45316503138.00,20947,F1,30,,,,,
2026-06-09,2026-06-09,FO,NSE,IDO,75567,,BANKNIFTY,,2026-06-30,2026-06-30,53400.00,CE,BANKNIFTY26JUN53400CE,1710.20,2389.05,1710.20,2326.85,2389.05,1588.10,55194.50,2326.85,17550,2070,1766,2941162422.00,555,F1,30,,,,,
2026-06-09,2026-06-09,FO,NSE,IDO,75442,,BANKNIFTY,,2026-06-30,2026-06-30,51800.00,CE,BANKNIFTY26JUN51800CE,3652.45,3652.45,3652.45,3652.45,3652.45,2769.30,55194.50,3695.90,1200,-60,2,3327147.00,1,F1,30,,,,,
2026-06-09,2026-06-09,FO,NSE,IDO,75292,,BANKNIFTY,,2026-06-30,2026-06-30,50200.00,CE,BANKNIFTY26JUN50200CE,0.00,0.00,0.00,4526.30,4526.30,4526.30,55194.50,5197.85,210,0,0,0.00,0,F1,30,,,,,
2026-06-09,2026-06-09,FO,NSE,IDO,75286,,BANKNIFTY,,2026-06-30,2026-06-30,49900.00,CE,BANKNIFTY26JUN49900CE,0.00,0.00,0.00,2653.05,0.00,2653.05,55194.50,5489.40,0,0,0,0.00,0,F1,30,,,,,
2026-06-09,2026-06-09,FO,NSE,IDO,75004,,BANKNIFTY,,2026-06-30,2026-06-30,44500.00,CE,BANKNIFTY26JUN44500CE,9514.80,9514.80,9514.80,9514.80,9514.80,10006.75,55194.50,10850.70,120,0,1,1620444.00,1,F1,30,,,,,
2026-06-09,2026-06-09,FO,NSE,IDO,76393,,BANKNIFTY,,2027-03-30,2027-03-30,52500.00,PE,BANKNIFTY27MAR52500PE,0.00,0.00,0.00,3218.25,0.00,3218.25,55194.50,1825.25,0,0,0,0.00,0,F1,30,,,,,
2026-06-09,2026-06-09,FO,NSE,IDO,53227,,BANKNIFTY,,2026-12-29,2026-12-29,55500.00,PE,BANKNIFTY26DEC55500PE,0.00,0.00,0.00,1066.65,0.00,1066.65,55194.50,2627.20,0,0,0,0.00,0,F1,30,,,,,
2026-06-09,2026-06-09,FO,NSE,IDO,61928,,BANKNIFTY,,2026-07-28,2026-07-28,59300.00,PE,BANKNIFTY26JUL59300PE,0.00,0.00,0.00,4235.70,0.00,4235.70,55194.50,4098.30,0,0,0,0.00,0,F1,30,,,,,
2026-06-09,2026-06-09,FO,NSE,IDO,62074,,BANKNIFTY,,2026-07-28,2026-07-28,63000.00,PE,BANKNIFTY26JUL63000PE,7861.00,7879.30,7861.00,7879.30,7879.30,7200.00,55194.50,7349.45,30,0,2,4252209.00,2,F1,30,,,,,
2026-06-09,2026-06-09,FO,NSE,IDO,58815,,BANKNIFTY,,2026-08-25,2026-08-25,49100.00,PE,BANKNIFTY26AUG49100PE,0.00,0.00,0.00,294.75,0.00,294.75,55194.50,207.80,0,0,0,0.00,0,F1,30,,,,,
2026-06-09,2026-06-09,FO,NSE,IDO,58861,,BANKNIFTY,,2026-08-25,2026-08-25,50200.00,PE,BANKNIFTY26AUG50200PE,0.00,0.00,0.00,450.80,0.00,450.80,55194.50,336.70,0,0,0,0.00,0,F1,30,,,,,
2026-06-09,2026-06-09,FO,NSE,IDO,58879,,BANKNIFTY,,2026-08-25,2026-08-25,51000.00,PE,BANKNIFTY26AUG51000PE,536.25,552.75,420.00,425.35,422.10,626.00,55194.50,425.35,4290,660,130,200731366.50,95,F1,30,,,,,
2026-06-09,2026-06-09,FO,NSE,IDO,61690,,BANKNIFTY,,2026-07-28,2026-07-28,50200.00,PE,BANKNIFTY26JUL50200PE,253.35,254.00,223.45,223.45,223.45,310.15,55194.50,171.75,540,-120,9,13619223.00,7,F1,30,,,,,
2026-06-09,2026-06-09,FO,NSE,IDO,57767,,BANKNIFTY,,2026-06-30,2026-06-30,63000.00,PE,BANKNIFTY26JUN63000PE,8050.00,8060.00,7500.00,7546.35,7528.15,8616.70,55194.50,7546.35,55110,-600,52,110357287.50,31,F1,30,,,,,
2026-06-09,2026-06-09,FO,NSE,IDO,75845,,BANKNIFTY,,2026-06-30,2026-06-30,60800.00,PE,BANKNIFTY26JUN60800PE,0.00,0.00,0.00,9524.80,0.00,9524.80,55194.50,5430.95,0,0,0,0.00,0,F1,30,,,,,
2026-06-09,2026-06-09,FO,NSE,IDO,75803,,BANKNIFTY,,2026-06-30,2026-06-30,59100.00,PE,BANKNIFTY26JUN59100PE,0.00,0.00,0.00,7939.15,0.00,7939.15,55194.50,3837.65,0,0,0,0.00,0,F1,30,,,,,
2026-06-09,2026-06-09,FO,NSE,IDO,75758,,BANKNIFTY,,2026-06-30,2026-06-30,58300.00,PE,BANKNIFTY26JUN58300PE,0.00,0.00,0.00,4087.40,4087.40,4087.40,55194.50,3138.05,180,0,0,0.00,0,F1,30,,,,,
2026-06-09,2026-06-09,FO,NSE,IDO,75748,,BANKNIFTY,,2026-06-30,2026-06-30,57800.00,PE,BANKNIFTY26JUN57800PE,2858.15,2858.15,2841.75,2841.75,2841.75,3593.65,55194.50,2725.40,240,0,3,5458741.50,2,F1,30,,,,,
2026-06-09,2026-06-09,FO,NSE,IDO,75649,,BANKNIFTY,,2026-06-30,2026-06-30,57100.00,PE,BANKNIFTY26JUN57100PE,2555.15,2555.15,2074.80,2074.80,2074.80,2403.30,55194.50,2187.05,1170,-180,10,17803486.50,9,F1,30,,,,,
2026-06-09,2026-06-09,FO,NSE,IDO,75635,,BANKNIFTY,,2026-06-30,2026-06-30,56800.00,PE,BANKNIFTY26JUN56800PE,2301.00,2301.00,1822.55,1833.15,1822.55,2460.95,55194.50,1833.15,1830,-120,18,31732638.00,14,F1,30,,,,,
2026-06-09,2026-06-09,FO,NSE,IDO,75627,,BANKNIFTY,,2026-06-30,2026-06-30,56400.00,PE,BANKNIFTY26JUN56400PE,2000.70,2000.70,1521.50,1551.65,1524.00,2203.05,55194.50,1551.65,3600,90,49,85282821.00,43,F1,30,,,,,
2026-06-09,2026-06-09,FO,NSE,IDO,75568,,BANKNIFTY,,2026-06-30,2026-06-30,53400.00,PE,BANKNIFTY26JUN53400PE,599.95,613.20,333.60,348.65,333.60,721.35,55194.50,348.65,53820,4230,4797,7751377810.50,3157,F1,30,,,,,
2026-06-09,2026-06-09,FO,NSE,IDO,75559,,BANKNIFTY,,2026-06-30,2026-06-30,53200.00,PE,BANKNIFTY26JUN53200PE,638.60,638.60,297.60,316.80,300.90,656.25,55194.50,316.80,68580,8760,4623,7434975511.50,2928,F1,30,,,,,
2026-06-09,2026-06-09,FO,NSE,IDO,75429,,BANKNIFTY,,2026-06-30,2026-06-30,51400.00,PE,BANKNIFTY26JUN51400PE,200.00,220.50,104.70,110.65,104.70,260.20,55194.50,110.65,29610,600,2176,3365180566.50,1125,F1,30,,,,,
2026-06-09,2026-06-09,FO,NSE,IDO,75293,,BANKNIFTY,,2026-06-30,2026-06-30,50200.00,PE,BANKNIFTY26JUN50200PE,134.55,134.55,54.60,56.95,54.60,128.15,55194.50,56.95,24660,-3270,1478,2229204703.50,711,F1,30,,,,,
2026-06-09,2026-06-09,FO,NSE,IDO,75184,,BANKNIFTY,,2026-06-30,2026-06-30,47300.00,PE,BANKNIFTY26JUN47300PE,31.65,32.90,14.10,15.90,16.30,30.90,55194.50,15.90,4410,780,198,281089594.50,64,F1,30,,,,,
2026-06-09,2026-06-09,FO,NSE,IDO,53184,,BANKNIFTY,,2026-12-29,2026-12-29,43500.00,CE,BANKNIFTY26DEC43500CE,0.00,0.00,0.00,18243.35,0.00,18243.35,55194.50,13415.95,0,0,0,0.00,0,F1,30,,,,,
2026-06-09,2026-06-09,FO,NSE,IDO,52412,,BANKNIFTY,,2026-09-29,2026-09-29,64500.00,CE,BANKNIFTY26SEP64500CE,0.00,0.00,0.00,1685.65,0.00,1685.65,55194.50,430.55,0,0,0,0.00,0,F1,30,,,,,
2026-06-09,2026-06-09,FO,NSE,IDO,52284,,BANKNIFTY,,2026-09-29,2026-09-29,52500.00,CE,BANKNIFTY26SEP52500CE,0.00,0.00,0.00,6823.00,0.00,6823.00,55194.50,4817.40,0,0,0,0.00,0,F1,30,,,,,
2026-06-09,2026-06-09,FO,NSE,IDO,52282,,BANKNIFTY,,2026-09-29,2026-09-29,51000.00,CE,BANKNIFTY26SEP51000CE,0.00,0.00,0.00,7836.25,0.00,7836.25,55194.50,5915.90,0,0,0,0.00,0,F1,30,,,,,
2026-06-09,2026-06-09,FO,NSE,IDO,52264,,BANKNIFTY,,2026-09-29,2026-09-29,43500.00,CE,BANKNIFTY26SEP43500CE,0.00,0.00,0.00,13878.45,0.00,13878.45,55194.50,12610.00,0,0,0,0.00,0,F1,30,,,,,
2026-06-09,2026-06-09,FO,NSE,IDO,59254,,BANKNIFTY,,2026-08-25,2026-08-25,62000.00,CE,BANKNIFTY26AUG62000CE,0.00,0.00,0.00,544.25,0.00,544.25,55194.50,430.15,0,0,0,0.00,0,F1,30,,,,,
2026-06-09,2026-06-09,FO,NSE,IDO,59178,,BANKNIFTY,,2026-08-25,2026-08-25,60200.00,CE,BANKNIFTY26AUG60200CE,0.00,0.00,0.00,880.55,0.00,880.55,55194.50,736.75,0,0,0,0.00,0,F1,30,,,,,
2026-06-09,2026-06-09,FO,NSE,IDO,59170,,BANKNIFTY,,2026-08-25,2026-08-25,60100.00,CE,BANKNIFTY26AUG60100CE,0.00,0.00,0.00,903.05,0.00,903.05,55194.50,758.00,0,0,0,0.00,0,F1,30,,,,,
2026-06-09,2026-06-09,FO,NSE,IDO,59088,,BANKNIFTY,,2026-08-25,2026-08-25,57400.00,CE,BANKNIFTY26AUG57400CE,0.00,0.00,0.00,1708.85,0.00,1708.85,55194.50,1542.70,0,0,0,0.00,0,F1,30,,,,,
2026-06-09,2026-06-09,FO,NSE,IDO,59077,,BANKNIFTY,,2026-08-25,2026-08-25,56900.00,CE,BANKNIFTY26AUG56900CE,0.00,0.00,0.00,1905.05,0.00,1905.05,55194.50,1738.50,0,0,0,0.00,0,F1,30,,,,,
2026-06-09,2026-06-09,FO,NSE,IDO,59006,,BANKNIFTY,,2026-08-25,2026-08-25,55100.00,CE,BANKNIFTY26AUG55100CE,0.00,0.00,0.00,2745.20,0.00,2745.20,55194.50,2589.80,0,0,0,0.00,0,F1,30,,,,,
2026-06-09,2026-06-09,FO,NSE,IDO,58998,,BANKNIFTY,,2026-08-25,2026-08-25,54700.00,CE,BANKNIFTY26AUG54700CE,0.00,0.00,0.00,2961.05,0.00,2961.05,55194.50,2810.80,0,0,0,0.00,0,F1,30,,,,,
2026-06-09,2026-06-09,FO,NSE,IDO,58980,,BANKNIFTY,,2026-08-25,2026-08-25,54100.00,CE,BANKNIFTY26AUG54100CE,0.00,0.00,0.00,3304.80,0.00,3304.80,55194.50,3163.95,0,0,0,0.00,0,F1,30,,,,,
2026-06-09,2026-06-09,FO,NSE,IDO,58946,,BANKNIFTY,,2026-08-25,2026-08-25,53100.00,CE,BANKNIFTY26AUG53100CE,0.00,0.00,0.00,3930.25,0.00,3930.25,55194.50,3809.25,0,0,0,0.00,0,F1,30,,,,,
2026-06-09,2026-06-09,FO,NSE,IDO,58941,,BANKNIFTY,,2026-08-25,2026-08-25,53000.00,CE,BANKNIFTY26AUG53000CE,3160.00,3566.00,3160.00,3566.00,3566.00,2986.00,55194.50,3877.55,990,30,11,18614404.50,10,F1,30,,,,,
2026-06-09,2026-06-09,FO,NSE,IDO,58922,,BANKNIFTY,,2026-08-25,2026-08-25,52100.00,CE,BANKNIFTY26AUG52100CE,0.00,0.00,0.00,4621.65,0.00,4621.65,55194.50,4522.65,0,0,0,0.00,0,F1,30,,,,,
2026-06-09,2026-06-09,FO,NSE,IDO,58876,,BANKNIFTY,,2026-08-25,2026-08-25,50900.00,CE,BANKNIFTY26AUG50900CE,0.00,0.00,0.00,5523.50,0.00,5523.50,55194.50,5457.50,0,0,0,0.00,0,F1,30,,,,,
2026-06-09,2026-06-09,FO,NSE,IDO,58860,,BANKNIFTY,,2026-08-25,2026-08-25,50200.00,CE,BANKNIFTY26AUG50200CE,0.00,0.00,0.00,6085.35,0.00,6085.35,55194.50,6037.85,0,0,0,0.00,0,F1,30,,,,,
2026-06-09,2026-06-09,FO,NSE,IDO,58842,,BANKNIFTY,,2026-08-25,2026-08-25,49600.00,CE,BANKNIFTY26AUG49600CE,0.00,0.00,0.00,6585.05,0.00,6585.05,55194.50,6553.05,0,0,0,0.00,0,F1,30,,,,,
2026-06-09,2026-06-09,FO,NSE,IDO,58840,,BANKNIFTY,,2026-08-25,2026-08-25,49500.00,CE,BANKNIFTY26AUG49500CE,0.00,0.00,0.00,6669.85,0.00,6669.85,55194.50,6640.40,0,0,0,0.00,0,F1,30,,,,,
2026-06-09,2026-06-09,FO,NSE,IDO,58818,,BANKNIFTY,,2026-08-25,2026-08-25,49300.00,CE,BANKNIFTY26AUG49300CE,0.00,0.00,0.00,6840.65,0.00,6840.65,55194.50,6816.20,0,0,0,0.00,0,F1,30,,,,,
2026-06-09,2026-06-09,FO,NSE,IDO,58804,,BANKNIFTY,,2026-08-25,2026-08-25,48700.00,CE,BANKNIFTY26AUG48700CE,0.00,0.00,0.00,7362.25,0.00,7362.25,55194.50,7352.20,0,0,0,0.00,0,F1,30,,,,,
2026-06-09,2026-06-09,FO,NSE,IDO,58702,,BANKNIFTY,,2026-08-25,2026-08-25,46000.00,CE,BANKNIFTY26AUG46000CE,0.00,0.00,0.00,9842.05,0.00,9842.05,55194.50,9881.75,0,0,0,0.00,0,F1,30,,,,,
2026-06-09,2026-06-09,FO,NSE,IDO,58887,,BANKNIFTY,,2026-08-25,2026-08-25,51400.00,PE,BANKNIFTY26AUG51400PE,0.00,0.00,0.00,685.15,0.00,685.15,55194.50,540.15,0,0,0,0.00,0,F1,30,,,,,
2026-06-09,2026-06-09,FO,NSE,IDO,58925,,BANKNIFTY,,2026-08-25,2026-08-25,52200.00,PE,BANKNIFTY26AUG52200PE,0.00,0.00,0.00,885.85,0.00,885.85,55194.50,719.25,0,0,0,0.00,0,F1,30,,,,,
2026-06-09,2026-06-09,FO,NSE,IDO,58940,,BANKNIFTY,,2026-08-25,2026-08-25,52900.00,PE,BANKNIFTY26AUG52900PE,0.00,0.00,0.00,1088.60,0.00,1088.60,55194.50,907.40,0,0,0,0.00,0,F1,30,,,,,
2026-06-09,2026-06-09,FO,NSE,IDO,58977,,BANKNIFTY,,2026-08-25,2026-08-25,53900.00,PE,BANKNIFTY26AUG53900PE,0.00,0.00,0.00,1435.45,0.00,1435.45,55194.50,1234.20,0,0,0,0.00,0,F1,30,,,,,
2026-06-09,2026-06-09,FO,NSE,IDO,58997,,BANKNIFTY,,2026-08-25,2026-08-25,54600.00,PE,BANKNIFTY26AUG54600PE,0.00,0.00,0.00,1717.10,0.00,1717.10,55194.50,1504.80,0,0,0,0.00,0,F1,30,,,,,
2026-06-09,2026-06-09,FO,NSE,IDO,59007,,BANKNIFTY,,2026-08-25,2026-08-25,55100.00,PE,BANKNIFTY26AUG55100PE,0.00,0.00,0.00,1735.45,1744.95,1735.45,55194.50,1719.70,150,0,0,0.00,0,F1,30,,,,,
2026-06-09,2026-06-09,FO,NSE,IDO,59021,,BANKNIFTY,,2026-08-25,2026-08-25,55600.00,PE,BANKNIFTY26AUG55600PE,0.00,0.00,0.00,2176.15,0.00,2176.15,55194.50,1952.80,0,0,0,0.00,0,F1,30,,,,,
2026-06-09,2026-06-09,FO,NSE,IDO,76418,,BANKNIFTY,,2027-03-30,2027-03-30,60000.00,PE,BANKNIFTY27MAR60000PE,0.00,0.00,0.00,7507.95,0.00,7507.95,55194.50,5117.75,0,0,0,0.00,0,F1,30,,,,,
2026-06-09,2026-06-09,FO,NSE,IDO,53245,,BANKNIFTY,,2026-12-29,2026-12-29,61500.00,PE,BANKNIFTY26DEC61500PE,0.00,0.00,0.00,3065.85,0.00,3065.85,55194.50,5984.60,0,0,0,0.00,0,F1,30,,,,,
2026-06-09,2026-06-09,FO,NSE,IDO,53236,,BANKNIFTY,,2026-12-29,2026-12-29,58500.00,PE,BANKNIFTY26DEC58500PE,0.00,0.00,0.00,1895.70,0.00,1895.70,55194.50,4124.20,0,0,0,0.00,0,F1,30,,,,,
2026-06-09,2026-06-09,FO,NSE,IDO,52287,,BANKNIFTY,,2026-09-29,2026-09-29,54000.00,PE,BANKNIFTY26SEP54000PE,1485.00,1485.00,1200.00,1224.10,1200.00,1625.50,55194.50,1224.10,16200,1200,140,232432717.50,89,F1,30,,,,,
2026-06-09,2026-06-09,FO,NSE,IDO,59080,,BANKNIFTY,,2026-08-25,2026-08-25,57000.00,PE,BANKNIFTY26AUG57000PE,2615.00,2670.00,2278.80,2299.10,2299.10,2994.25,55194.50,2701.10,1380,150,19,33922935.00,19,F1,30,,,,,
2026-06-09,2026-06-09,FO,NSE,IDO,59118,,BANKNIFTY,,2026-08-25,2026-08-25,58200.00,PE,BANKNIFTY26AUG58200PE,0.00,0.00,0.00,3673.95,0.00,3673.95,55194.50,3450.30,0,0,0,0.00,0,F1,30,,,,,
2026-06-09,2026-06-09,FO,NSE,IDO,59133,,BANKNIFTY,,2026-08-25,2026-08-25,58500.00,PE,BANKNIFTY26AUG58500PE,0.00,0.00,0.00,3900.00,3900.00,3900.00,55194.50,3652.05,30,0,0,0.00,0,F1,30,,,,,
2026-06-09,2026-06-09,FO,NSE,IDO,62031,,BANKNIFTY,,2026-07-28,2026-07-28,62000.00,CE,BANKNIFTY26JUL62000CE,33.05,51.30,32.00,48.10,49.25,32.20,55194.50,48.10,69990,5490,1325,2466222957.00,738,F1,30,,,,,
2026-06-09,2026-06-09,FO,NSE,IDO,61998,,BANKNIFTY,,2026-07-28,2026-07-28,61000.00,CE,BANKNIFTY26JUL61000CE,59.00,85.00,57.05,79.00,82.00,56.45,55194.50,79.00,124320,38130,3009,5512972569.00,1619,F1,30,,,,,
2026-06-09,2026-06-09,FO,NSE,IDO,61993,,BANKNIFTY,,2026-07-28,2026-07-28,60900.00,CE,BANKNIFTY26JUL60900CE,0.00,0.00,0.00,797.75,0.00,797.75,55194.50,278.95,0,0,0,0.00,0,F1,30,,,,,
2026-06-09,2026-06-09,FO,NSE,IDO,61965,,BANKNIFTY,,2026-07-28,2026-07-28,60200.00,CE,BANKNIFTY26JUL60200CE,0.00,0.00,0.00,955.00,0.00,955.00,55194.50,371.05,0,0,0,0.00,0,F1,30,,,,,
2026-06-09,2026-06-09,FO,NSE,IDO,61911,,BANKNIFTY,,2026-07-28,2026-07-28,58800.00,CE,BANKNIFTY26JUL58800CE,262.35,343.70,239.40,318.10,317.65,210.05,55194.50,318.10,3600,-210,36,63823371.00,24,F1,30,,,,,
2026-06-09,2026-06-09,FO,NSE,IDO,61885,,BANKNIFTY,,2026-07-28,2026-07-28,57800.00,CE,BANKNIFTY26JUL57800CE,427.75,571.70,425.40,571.70,571.70,359.00,55194.50,893.90,1740,-120,10,17492697.00,10,F1,30,,,,,
2026-06-09,2026-06-09,FO,NSE,IDO,61869,,BANKNIFTY,,2026-07-28,2026-07-28,57100.00,CE,BANKNIFTY26JUL57100CE,780.70,833.00,780.70,828.50,833.00,575.90,55194.50,828.50,4380,150,5,8687839.50,4,F1,30,,,,,
2026-06-09,2026-06-09,FO,NSE,IDO,61843,,BANKNIFTY,,2026-07-28,2026-07-28,56400.00,CE,BANKNIFTY26JUL56400CE,887.75,1075.00,887.75,1075.00,1075.00,781.00,55194.50,1075.00,1620,690,28,48193371.00,21,F1,30,,,,,
2026-06-09,2026-06-09,FO,NSE,IDO,61829,,BANKNIFTY,,2026-07-28,2026-07-28,55700.00,CE,BANKNIFTY26JUL55700CE,1120.05,1484.05,1120.05,1421.80,1430.00,1150.15,55194.50,1421.80,3240,570,36,61661280.00,29,F1,30,,,,,
2026-06-09,2026-06-09,FO,NSE,IDO,61762,,BANKNIFTY,,2026-07-28,2026-07-28,53300.00,CE,BANKNIFTY26JUL53300CE,3025.55,3025.55,2949.90,2949.95,2949.95,2183.10,55194.50,2949.95,1050,-60,3,5064762.00,3,F1,30,,,,,
2026-06-09,2026-06-09,FO,NSE,IDO,61721,,BANKNIFTY,,2026-07-28,2026-07-28,51600.00,CE,BANKNIFTY26JUL51600CE,0.00,0.00,0.00,5214.00,0.00,5214.00,55194.50,4413.70,0,0,0,0.00,0,F1,30,,,,,
2026-06-09,2026-06-09,FO,NSE,IDO,75880,,BANKNIFTY,,2026-06-30,2026-06-30,61200.00,CE,BANKNIFTY26JUN61200CE,14.20,18.10,12.95,16.35,16.00,14.20,55194.50,16.35,10260,-720,189,347092060.50,122,F1,30,,,,,
2026-06-09,2026-06-09,FO,NSE,IDO,75847,,BANKNIFTY,,2026-06-30,2026-06-30,60900.00,CE,BANKNIFTY26JUN60900CE,14.40,22.05,14.40,18.70,19.40,15.95,55194.50,18.70,4620,210,198,361858635.00,127,F1,30,,,,,
2026-06-09,2026-06-09,FO,NSE,IDO,75828,,BANKNIFTY,,2026-06-30,2026-06-30,60100.00,CE,BANKNIFTY26JUN60100CE,25.30,35.70,22.65,33.20,34.00,24.05,55194.50,33.20,12090,570,606,1093164049.50,367,F1,30,,,,,
2026-06-09,2026-06-09,FO,NSE,IDO,75796,,BANKNIFTY,,2026-06-30,2026-06-30,58800.00,CE,BANKNIFTY26JUN58800CE,57.15,94.25,57.15,85.70,89.60,54.95,55194.50,85.70,30930,14070,2121,3746110165.50,972,F1,30,,,,,
2026-06-09,2026-06-09,FO,NSE,IDO,75749,,BANKNIFTY,,2026-06-30,2026-06-30,57900.00,CE,BANKNIFTY26JUN57900CE,110.00,192.00,106.75,175.80,186.85,103.95,55194.50,175.80,22650,-60,2949,5135633161.50,1536,F1,30,,,,,
2026-06-09,2026-06-09,FO,NSE,IDO,75663,,BANKNIFTY,,2026-06-30,2026-06-30,57600.00,CE,BANKNIFTY26JUN57600CE,124.65,242.95,124.65,223.50,236.40,131.60,55194.50,223.50,22560,-750,3009,5216581720.50,1740,F1,30,,,,,
2026-06-09,2026-06-09,FO,NSE,IDO,75661,,BANKNIFTY,,2026-06-30,2026-06-30,57500.00,CE,BANKNIFTY26JUN57500CE,150.00,262.35,148.55,240.40,256.10,139.80,55194.50,240.40,353190,4860,27265,47200941759.00,17472,F1,30,,,,,
2026-06-09,2026-06-09,FO,NSE,IDO,75628,,BANKNIFTY,,2026-06-30,2026-06-30,56500.00,CE,BANKNIFTY26JUN56500CE,289.80,535.90,287.65,497.95,521.30,289.75,55194.50,497.95,425370,4500,31147,53189630725.50,21853,F1,30,,,,,
2026-06-09,2026-06-09,FO,NSE,IDO,75620,,BANKNIFTY,,2026-06-30,2026-06-30,56100.00,CE,BANKNIFTY26JUN56100CE,414.35,690.70,414.35,648.70,680.00,376.50,55194.50,648.70,40830,-4290,6308,10721135818.50,4667,F1,30,,,,,
2026-06-09,2026-06-09,FO,NSE,IDO,75616,,BANKNIFTY,,2026-06-30,2026-06-30,55900.00,CE,BANKNIFTY26JUN55900CE,485.00,776.35,474.35,727.70,761.40,435.25,55194.50,727.70,28050,-13650,7992,13557298306.50,5617,F1,30,,,,,
2026-06-09,2026-06-09,FO,NSE,IDO,57721,,BANKNIFTY,,2026-06-30,2026-06-30,55500.00,CE,BANKNIFTY26JUN55500CE,599.95,973.95,590.25,918.40,960.00,556.90,55194.50,918.40,707760,19920,56149,94867433269.50,42584,F1,30,,,,,
2026-06-09,2026-06-09,FO,NSE,IDO,75582,,BANKNIFTY,,2026-06-30,2026-06-30,54100.00,CE,BANKNIFTY26JUN54100CE,1270.00,1852.45,1198.85,1771.90,1829.15,1171.05,55194.50,1771.90,52560,-38820,5157,8597805346.50,3813,F1,30,,,,,
2026-06-09,2026-06-09,FO,NSE,IDO,75558,,BANKNIFTY,,2026-06-30,2026-06-30,53200.00,CE,BANKNIFTY26JUN53200CE,1860.15,2548.10,1860.10,2482.05,2548.10,1703.35,55194.50,2482.05,17130,-2700,222,369261271.50,154,F1,30,,,,,
2026-06-09,2026-06-09,FO,NSE,IDO,75469,,BANKNIFTY,,2026-06-30,2026-06-30,53000.00,CE,BANKNIFTY26JUN53000CE,1968.95,2721.15,1960.15,2624.90,2713.90,1832.30,55194.50,2624.90,149550,-11970,3189,5293631493.00,1846,F1,30,,,,,
2026-06-09,2026-06-09,FO,NSE,IDO,75461,,BANKNIFTY,,2026-06-30,2026-06-30,52600.00,CE,BANKNIFTY26JUN52600CE,2269.00,3015.60,2269.00,2954.55,2954.55,2145.30,55194.50,2954.55,1770,-120,13,21598260.00,12,F1,30,,,,,
2026-06-09,2026-06-09,FO,NSE,IDO,57713,,BANKNIFTY,,2026-06-30,2026-06-30,51000.00,CE,BANKNIFTY26JUN51000CE,3596.55,4525.00,3596.55,4453.15,4525.00,3389.30,55194.50,4453.15,35580,3750,544,901487017.50,315,F1,30,,,,,
2026-06-09,2026-06-09,FO,NSE,IDO,75411,,BANKNIFTY,,2026-06-30,2026-06-30,50600.00,CE,BANKNIFTY26JUN50600CE,0.00,0.00,0.00,4138.90,4138.90,4138.90,55194.50,4812.75,90,0,0,0.00,0,F1,30,,,,,
2026-06-09,2026-06-09,FO,NSE,IDO,75303,,BANKNIFTY,,2026-06-30,2026-06-30,50300.00,CE,BANKNIFTY26JUN50300CE,0.00,0.00,0.00,2430.20,0.00,2430.20,55194.50,5101.15,0,0,0,0.00,0,F1,30,,,,,
2026-06-09,2026-06-09,FO,NSE,IDO,75276,,BANKNIFTY,,2026-06-30,2026-06-30,49300.00,CE,BANKNIFTY26JUN49300CE,0.00,0.00,0.00,3010.55,0.00,3010.55,55194.50,6077.55,0,0,0,0.00,0,F1,30,,,,,
2026-06-09,2026-06-09,FO,NSE,IDO,75264,,BANKNIFTY,,2026-06-30,2026-06-30,48700.00,CE,BANKNIFTY26JUN48700CE,0.00,0.00,0.00,3395.45,0.00,3395.45,55194.50,6670.25,0,0,0,0.00,0,F1,30,,,,,
2026-06-09,2026-06-09,FO,NSE,IDO,75253,,BANKNIFTY,,2026-06-30,2026-06-30,48600.00,CE,BANKNIFTY26JUN48600CE,0.00,0.00,0.00,3462.25,0.00,3462.25,55194.50,6769.30,0,0,0,0.00,0,F1,30,,,,,
2026-06-09,2026-06-09,FO,NSE,IDO,75204,,BANKNIFTY,,2026-06-30,2026-06-30,47800.00,CE,BANKNIFTY26JUN47800CE,0.00,0.00,0.00,4024.65,0.00,4024.65,55194.50,7563.70,0,0,0,0.00,0,F1,30,,,,,
2026-06-09,2026-06-09,FO,NSE,IDO,57693,,BANKNIFTY,,2026-06-30,2026-06-30,46500.00,CE,BANKNIFTY26JUN46500CE,0.00,0.00,0.00,13882.70,0.00,13882.70,55194.50,8857.90,0,0,0,0.00,0,F1,30,,,,,
2026-06-09,2026-06-09,FO,NSE,IDO,75108,,BANKNIFTY,,2026-06-30,2026-06-30,46000.00,CE,BANKNIFTY26JUN46000CE,0.00,0.00,0.00,7910.00,7910.00,7910.00,55194.50,9356.00,30,0,0,0.00,0,F1,30,,,,,
2026-06-09,2026-06-09,FO,NSE,IDO,57565,,BANKNIFTY,,2026-06-30,2026-06-30,43500.00,CE,BANKNIFTY26JUN43500CE,0.00,0.00,0.00,16490.50,0.00,16490.50,55194.50,11847.15,0,0,0,0.00,0,F1,30,,,,,
2026-06-09,2026-06-09,FO,NSE,IDF,58067,,BANKNIFTY,,2026-08-25,2026-08-25,,,BANKNIFTY26AUGFUT,54930.00,55950.00,54930.00,55869.20,55929.40,54800.00,55194.50,55869.20,41040,10410,1526,2541517794.00,1190,F1,30,,,,,
2026-06-09,2026-06-09,FO,NSE,IDO,59140,,BANKNIFTY,,2026-08-25,2026-08-25,58800.00,PE,BANKNIFTY26AUG58800PE,0.00,0.00,0.00,4077.95,0.00,4077.95,55194.50,3859.35,0,0,0,0.00,0,F1,30,,,,,
2026-06-09,2026-06-09,FO,NSE,IDO,59166,,BANKNIFTY,,2026-08-25,2026-08-25,59900.00,PE,BANKNIFTY26AUG59900PE,0.00,0.00,0.00,4871.60,0.00,4871.60,55194.50,4666.50,0,0,0,0.00,0,F1,30,,,,,
2026-06-09,2026-06-09,FO,NSE,IDO,52265,,BANKNIFTY,,2026-09-29,2026-09-29,43500.00,PE,BANKNIFTY26SEP43500PE,0.00,0.00,0.00,167.10,0.00,167.10,55194.50,27.70,0,0,0,0.00,0,F1,30,,,,,
2026-06-09,2026-06-09,FO,NSE,IDO,61753,,BANKNIFTY,,2026-07-28,2026-07-28,52800.00,PE,BANKNIFTY26JUL52800PE,747.85,747.85,525.75,528.55,525.75,798.55,55194.50,528.55,6510,5340,302,483642111.00,52,F1,30,,,,,
2026-06-09,2026-06-09,FO,NSE,IDO,61790,,BANKNIFTY,,2026-07-28,2026-07-28,54200.00,PE,BANKNIFTY26JUL54200PE,1202.60,1203.45,798.40,887.10,867.50,1366.95,55194.50,887.10,1980,-120,59,97804660.50,46,F1,30,,,,,
2026-06-09,2026-06-09,FO,NSE,IDO,61822,,BANKNIFTY,,2026-07-28,2026-07-28,55500.00,PE,BANKNIFTY26JUL55500PE,1700.00,1732.20,1301.50,1361.95,1334.75,2000.45,55194.50,1361.95,31260,9210,519,887113081.50,368,F1,30,,,,,
2026-06-09,2026-06-09,FO,NSE,IDO,61840,,BANKNIFTY,,2026-07-28,2026-07-28,56200.00,PE,BANKNIFTY26JUL56200PE,2001.10,2001.10,1665.00,1666.35,1666.35,2576.80,55194.50,1666.35,1110,750,32,55672078.50,22,F1,30,,,,,
2026-06-09,2026-06-09,FO,NSE,IDO,75082,,BANKNIFTY,,2026-06-30,2026-06-30,45800.00,PE,BANKNIFTY26JUN45800PE,15.80,15.80,10.00,10.50,10.00,14.35,55194.50,10.50,2340,1560,118,162176619.00,53,F1,30,,,,,
2026-06-09,2026-06-09,FO,NSE,IDO,75005,,BANKNIFTY,,2026-06-30,2026-06-30,44500.00,PE,BANKNIFTY26JUN44500PE,11.70,11.70,7.85,8.70,9.25,12.10,55194.50,8.70,8250,1230,427,570163932.00,243,F1,30,,,,,
2026-06-09,2026-06-09,FO,NSE,IDO,76392,,BANKNIFTY,,2027-03-30,2027-03-30,52500.00,CE,BANKNIFTY27MAR52500CE,0.00,0.00,0.00,4655.40,0.00,4655.40,55194.50,7285.95,0,0,0,0.00,0,F1,30,,,,,
2026-06-09,2026-06-09,FO,NSE,IDO,76382,,BANKNIFTY,,2027-03-30,2027-03-30,45000.00,CE,BANKNIFTY27MAR45000CE,0.00,0.00,0.00,9276.60,0.00,9276.60,55194.50,12937.00,0,0,0,0.00,0,F1,30,,,,,
2026-06-09,2026-06-09,FO,NSE,IDO,53228,,BANKNIFTY,,2026-12-29,2026-12-29,57000.00,CE,BANKNIFTY26DEC57000CE,3000.00,3050.00,3000.00,3050.00,3050.00,3050.00,55194.50,3613.30,180,30,5,9003000.00,5,F1,30,,,,,
2026-06-09,2026-06-09,FO,NSE,IDO,53218,,BANKNIFTY,,2026-12-29,2026-12-29,49500.00,CE,BANKNIFTY26DEC49500CE,0.00,0.00,0.00,12801.50,0.00,12801.50,55194.50,8288.50,0,0,0,0.00,0,F1,30,,,,,
2026-06-09,2026-06-09,FO,NSE,IDO,53216,,BANKNIFTY,,2026-12-29,2026-12-29,48000.00,CE,BANKNIFTY26DEC48000CE,0.00,0.00,0.00,14125.35,0.00,14125.35,55194.50,9482.95,0,0,0,0.00,0,F1,30,,,,,
2026-06-09,2026-06-09,FO,NSE,IDO,59161,,BANKNIFTY,,2026-08-25,2026-08-25,59700.00,CE,BANKNIFTY26AUG59700CE,0.00,0.00,0.00,997.85,0.00,997.85,55194.50,849.95,0,0,0,0.00,0,F1,30,,,,,
2026-06-09,2026-06-09,FO,NSE,IDO,59151,,BANKNIFTY,,2026-08-25,2026-08-25,59300.00,CE,BANKNIFTY26AUG59300CE,0.00,0.00,0.00,1098.70,0.00,1098.70,55194.50,945.75,0,0,0,0.00,0,F1,30,,,,,
2026-06-09,2026-06-09,FO,NSE,IDO,59134,,BANKNIFTY,,2026-08-25,2026-08-25,58600.00,CE,BANKNIFTY26AUG58600CE,0.00,0.00,0.00,1299.70,0.00,1299.70,55194.50,1139.95,0,0,0,0.00,0,F1,30,,,,,
2026-06-09,2026-06-09,FO,NSE,IDO,59119,,BANKNIFTY,,2026-08-25,2026-08-25,58300.00,CE,BANKNIFTY26AUG58300CE,0.00,0.00,0.00,1394.10,0.00,1394.10,55194.50,1232.10,0,0,0,0.00,0,F1,30,,,,,
2026-06-09,2026-06-09,FO,NSE,IDO,59083,,BANKNIFTY,,2026-08-25,2026-08-25,57200.00,CE,BANKNIFTY26AUG57200CE,0.00,0.00,0.00,1785.45,0.00,1785.45,55194.50,1618.95,0,0,0,0.00,0,F1,30,,,,,
2026-06-09,2026-06-09,FO,NSE,IDO,59061,,BANKNIFTY,,2026-08-25,2026-08-25,56800.00,CE,BANKNIFTY26AUG56800CE,0.00,0.00,0.00,1946.15,0.00,1946.15,55194.50,1779.75,0,0,0,0.00,0,F1,30,,,,,
2026-06-09,2026-06-09,FO,NSE,IDO,59055,,BANKNIFTY,,2026-08-25,2026-08-25,56500.00,CE,BANKNIFTY26AUG56500CE,0.00,0.00,0.00,1250.00,1250.00,1250.00,55194.50,1907.60,330,0,0,0.00,0,F1,30,,,,,
2026-06-09,2026-06-09,FO,NSE,IDO,59047,,BANKNIFTY,,2026-08-25,2026-08-25,56300.00,CE,BANKNIFTY26AUG56300CE,0.00,0.00,0.00,2161.45,0.00,2161.45,55194.50,1996.40,0,0,0,0.00,0,F1,30,,,,,
2026-06-09,2026-06-09,FO,NSE,IDO,75203,,BANKNIFTY,,2026-06-30,2026-06-30,47700.00,PE,BANKNIFTY26JUN47700PE,34.75,34.75,17.30,19.20,20.70,36.55,55194.50,19.20,3360,90,58,83040282.00,28,F1,30,,,,,
2026-06-09,2026-06-09,FO,NSE,IDO,75183,,BANKNIFTY,,2026-06-30,2026-06-30,47300.00,CE,BANKNIFTY26JUN47300CE,0.00,0.00,0.00,7900.00,7900.00,7900.00,55194.50,8061.20,30,0,0,0.00,0,F1,30,,,,,
2026-06-09,2026-06-09,FO,NSE,IDO,75247,,BANKNIFTY,,2026-06-30,2026-06-30,48300.00,CE,BANKNIFTY26JUN48300CE,0.00,0.00,0.00,3666.85,0.00,3666.85,55194.50,7066.85,0,0,0,0.00,0,F1,30,,,,,
2026-06-09,2026-06-09,FO,NSE,IDO,75268,,BANKNIFTY,,2026-06-30,2026-06-30,48900.00,CE,BANKNIFTY26JUN48900CE,0.00,0.00,0.00,3264.15,0.00,3264.15,55194.50,6472.30,0,0,0,0.00,0,F1,30,,,,,
2026-06-09,2026-06-09,FO,NSE,IDO,75590,,BANKNIFTY,,2026-06-30,2026-06-30,54500.00,CE,BANKNIFTY26JUN54500CE,1021.20,1571.85,991.55,1498.00,1550.85,964.90,55194.50,1498.00,524520,-85860,65162,108997133179.50,48836,F1,30,,,,,
2026-06-09,2026-06-09,FO,NSE,IDO,75610,,BANKNIFTY,,2026-06-30,2026-06-30,55600.00,CE,BANKNIFTY26JUN55600CE,584.90,921.45,576.05,871.20,908.70,523.20,55194.50,871.20,65340,-5610,12671,21419265510.00,9193,F1,30,,,,,
2026-06-09,2026-06-09,FO,NSE,IDO,75632,,BANKNIFTY,,2026-06-30,2026-06-30,56700.00,CE,BANKNIFTY26JUN56700CE,277.10,470.00,250.10,436.75,457.80,250.85,55194.50,436.75,39420,2520,6556,11224091229.00,4140,F1,30,,,,,
2026-06-09,2026-06-09,FO,NSE,IDO,75634,,BANKNIFTY,,2026-06-30,2026-06-30,56800.00,CE,BANKNIFTY26JUN56800CE,247.85,439.40,247.85,405.30,435.00,233.90,55194.50,405.30,41940,1620,8386,14377892835.00,4859,F1,30,,,,,
2026-06-09,2026-06-09,FO,NSE,IDO,75650,,BANKNIFTY,,2026-06-30,2026-06-30,57200.00,CE,BANKNIFTY26JUN57200CE,180.00,329.25,180.00,304.95,323.05,174.85,55194.50,304.95,52020,5730,4843,8347748739.00,2954,F1,30,,,,,
2026-06-09,2026-06-09,FO,NSE,IDO,75751,,BANKNIFTY,,2026-06-30,2026-06-30,58000.00,CE,BANKNIFTY26JUN58000CE,100.65,177.55,100.65,162.95,172.05,98.15,55194.50,162.95,705120,-32790,53183,92763354403.50,29865,F1,30,,,,,
2026-06-09,2026-06-09,FO,NSE,IDO,75786,,BANKNIFTY,,2026-06-30,2026-06-30,58600.00,CE,BANKNIFTY26JUN58600CE,68.85,109.15,68.45,100.25,108.15,63.45,55194.50,100.25,23340,1470,2566,4517714802.00,1368,F1,30,,,,,
2026-06-09,2026-06-09,FO,NSE,IDO,75830,,BANKNIFTY,,2026-06-30,2026-06-30,60200.00,CE,BANKNIFTY26JUN60200CE,23.15,33.65,22.55,30.75,28.50,22.70,55194.50,30.75,12240,-390,488,881741466.00,264,F1,30,,,,,
2026-06-09,2026-06-09,FO,NSE,IDO,75885,,BANKNIFTY,,2026-06-30,2026-06-30,61300.00,CE,BANKNIFTY26JUN61300CE,15.00,18.50,11.55,15.60,15.20,14.05,55194.50,15.60,3360,180,296,544478298.00,130,F1,30,,,,,
2026-06-09,2026-06-09,FO,NSE,IDO,57758,,BANKNIFTY,,2026-06-30,2026-06-30,61500.00,CE,BANKNIFTY26JUN61500CE,11.50,15.00,11.00,13.65,13.80,12.10,55194.50,13.65,73170,2850,4054,7481231704.50,2352,F1,30,,,,,
2026-06-09,2026-06-09,FO,NSE,IDO,75889,,BANKNIFTY,,2026-06-30,2026-06-30,61600.00,CE,BANKNIFTY26JUN61600CE,11.50,14.00,10.00,12.85,13.00,11.80,55194.50,12.85,3570,60,497,918640516.50,224,F1,30,,,,,
2026-06-09,2026-06-09,FO,NSE,IDO,75893,,BANKNIFTY,,2026-06-30,2026-06-30,61800.00,CE,BANKNIFTY26JUN61800CE,11.70,14.50,9.50,11.65,11.15,11.05,55194.50,11.65,4290,-270,159,294837246.00,68,F1,30,,,,,
2026-06-09,2026-06-09,FO,NSE,IDO,75905,,BANKNIFTY,,2026-06-30,2026-06-30,62400.00,CE,BANKNIFTY26JUN62400CE,8.55,11.00,7.25,8.25,8.30,7.60,55194.50,8.25,2340,120,180,337005436.50,91,F1,30,,,,,
2026-06-09,2026-06-09,FO,NSE,IDO,75907,,BANKNIFTY,,2026-06-30,2026-06-30,62500.00,CE,BANKNIFTY26JUN62500CE,8.50,9.50,6.70,8.10,8.75,7.70,55194.50,8.10,26880,-690,446,836359135.50,273,F1,30,,,,,
2026-06-09,2026-06-09,FO,NSE,IDO,75909,,BANKNIFTY,,2026-06-30,2026-06-30,62600.00,CE,BANKNIFTY26JUN62600CE,6.20,9.35,6.20,7.35,7.65,7.70,55194.50,7.35,2850,-210,77,144623298.00,45,F1,30,,,,,
2026-06-09,2026-06-09,FO,NSE,IDO,61649,,BANKNIFTY,,2026-07-28,2026-07-28,48600.00,CE,BANKNIFTY26JUL48600CE,0.00,0.00,0.00,7713.75,0.00,7713.75,55194.50,7095.35,0,0,0,0.00,0,F1,30,,,,,
2026-06-09,2026-06-09,FO,NSE,IDO,61723,,BANKNIFTY,,2026-07-28,2026-07-28,51700.00,CE,BANKNIFTY26JUL51700CE,0.00,0.00,0.00,5137.95,0.00,5137.95,55194.50,4332.05,0,0,0,0.00,0,F1,30,,,,,
2026-06-09,2026-06-09,FO,NSE,IDO,61752,,BANKNIFTY,,2026-07-28,2026-07-28,52800.00,CE,BANKNIFTY26JUL52800CE,0.00,0.00,0.00,2645.40,2645.40,2645.40,55194.50,3480.85,30,0,0,0.00,0,F1,30,,,,,
2026-06-09,2026-06-09,FO,NSE,IDO,61756,,BANKNIFTY,,2026-07-28,2026-07-28,53000.00,CE,BANKNIFTY26JUL53000CE,2649.10,3278.65,2649.10,3225.40,3278.65,2469.10,55194.50,3225.40,24840,1890,217,364085214.00,186,F1,30,,,,,
2026-06-09,2026-06-09,FO,NSE,IDO,61770,,BANKNIFTY,,2026-07-28,2026-07-28,53700.00,CE,BANKNIFTY26JUL53700CE,2323.25,2748.80,2323.25,2748.80,2748.80,2063.85,55194.50,2849.50,1260,-90,4,6751038.00,4,F1,30,,,,,
2026-06-09,2026-06-09,FO,NSE,IDO,61787,,BANKNIFTY,,2026-07-28,2026-07-28,54100.00,CE,BANKNIFTY26JUL54100CE,2000.00,2100.00,1963.85,1963.85,1963.85,1766.00,55194.50,2592.20,990,-30,3,5050915.50,3,F1,30,,,,,
2026-06-09,2026-06-09,FO,NSE,IDO,61791,,BANKNIFTY,,2026-07-28,2026-07-28,54300.00,CE,BANKNIFTY26JUL54300CE,1800.00,2103.35,1800.00,2103.35,2103.35,1686.00,55194.50,2468.90,1950,30,20,33761793.00,19,F1,30,,,,,
2026-06-09,2026-06-09,FO,NSE,IDO,61849,,BANKNIFTY,,2026-07-28,2026-07-28,56500.00,CE,BANKNIFTY26JUL56500CE,781.50,1090.00,781.15,1046.35,1090.00,709.80,55194.50,1046.35,20610,3780,345,594421653.00,247,F1,30,,,,,
2026-06-09,2026-06-09,FO,NSE,IDO,61891,,BANKNIFTY,,2026-07-28,2026-07-28,58100.00,CE,BANKNIFTY26JUL58100CE,376.05,501.15,361.95,483.10,493.80,332.00,55194.50,483.10,1740,90,18,31617496.50,18,F1,30,,,,,
2026-06-09,2026-06-09,FO,NSE,IDO,61919,,BANKNIFTY,,2026-07-28,2026-07-28,59100.00,CE,BANKNIFTY26JUL59100CE,215.00,280.00,200.00,270.00,270.00,195.00,55194.50,270.00,720,300,29,51620997.00,17,F1,30,,,,,
2026-06-09,2026-06-09,FO,NSE,IDO,61969,,BANKNIFTY,,2026-07-28,2026-07-28,60400.00,CE,BANKNIFTY26JUL60400CE,0.00,0.00,0.00,908.50,0.00,908.50,55194.50,342.45,0,0,0,0.00,0,F1,30,,,,,
2026-06-09,2026-06-09,FO,NSE,IDO,61987,,BANKNIFTY,,2026-07-28,2026-07-28,60600.00,CE,BANKNIFTY26JUL60600CE,0.00,0.00,0.00,863.85,0.00,863.85,55194.50,315.75,0,0,0,0.00,0,F1,30,,,,,
2026-06-09,2026-06-09,FO,NSE,IDO,58910,,BANKNIFTY,,2026-08-25,2026-08-25,51700.00,CE,BANKNIFTY26AUG51700CE,0.00,0.00,0.00,4912.25,0.00,4912.25,55194.50,4825.15,0,0,0,0.00,0,F1,30,,,,,
2026-06-09,2026-06-09,FO,NSE,IDO,58948,,BANKNIFTY,,2026-08-25,2026-08-25,53200.00,CE,BANKNIFTY26AUG53200CE,0.00,0.00,0.00,3864.80,0.00,3864.80,55194.50,3741.60,0,0,0,0.00,0,F1,30,,,,,
2026-06-09,2026-06-09,FO,NSE,IDO,59008,,BANKNIFTY,,2026-08-25,2026-08-25,55200.00,CE,BANKNIFTY26AUG55200CE,0.00,0.00,0.00,2692.95,0.00,2692.95,55194.50,2536.40,0,0,0,0.00,0,F1,30,,,,,
2026-06-09,2026-06-09,FO,NSE,IDO,59016,,BANKNIFTY,,2026-08-25,2026-08-25,55600.00,CE,BANKNIFTY26AUG55600CE,0.00,0.00,0.00,2490.45,0.00,2490.45,55194.50,2329.95,0,0,0,0.00,0,F1,30,,,,,
2026-06-09,2026-06-09,FO,NSE,IDO,59025,,BANKNIFTY,,2026-08-25,2026-08-25,55800.00,CE,BANKNIFTY26AUG55800CE,0.00,0.00,0.00,2393.00,0.00,2393.00,55194.50,2230.90,0,0,0,0.00,0,F1,30,,,,,
2026-06-09,2026-06-09,FO,NSE,IDO,59163,,BANKNIFTY,,2026-08-25,2026-08-25,59800.00,CE,BANKNIFTY26AUG59800CE,0.00,0.00,0.00,973.40,0.00,973.40,55194.50,826.80,0,0,0,0.00,0,F1,30,,,,,
2026-06-09,2026-06-09,FO,NSE,IDO,52286,,BANKNIFTY,,2026-09-29,2026-09-29,54000.00,CE,BANKNIFTY26SEP54000CE,3135.65,3350.00,3135.65,3350.00,3350.00,3000.15,55194.50,3842.75,2340,90,5,8584938.00,5,F1,30,,,,,
2026-06-09,2026-06-09,FO,NSE,IDO,52388,,BANKNIFTY,,2026-09-29,2026-09-29,61500.00,CE,BANKNIFTY26SEP61500CE,288.95,398.00,288.95,395.75,395.75,288.95,55194.50,895.45,3630,810,58,107574039.00,40,F1,30,,,,,
2026-06-09,2026-06-09,FO,NSE,IDO,76388,,BANKNIFTY,,2027-03-30,2027-03-30,49500.00,CE,BANKNIFTY27MAR49500CE,0.00,0.00,0.00,6266.75,0.00,6266.75,55194.50,9353.40,0,0,0,0.00,0,F1,30,,,,,
2026-06-09,2026-06-09,FO,NSE,IDO,75186,,BANKNIFTY,,2026-06-30,2026-06-30,47400.00,PE,BANKNIFTY26JUN47400PE,32.10,32.85,14.95,16.95,19.55,31.30,55194.50,16.95,3240,1770,133,189207594.00,84,F1,30,,,,,
2026-06-09,2026-06-09,FO,NSE,IDO,75265,,BANKNIFTY,,2026-06-30,2026-06-30,48700.00,PE,BANKNIFTY26JUN48700PE,43.95,50.35,25.75,27.20,27.40,56.65,55194.50,27.20,26130,2370,817,1194467299.50,484,F1,30,,,,,
2026-06-09,2026-06-09,FO,NSE,IDO,75289,,BANKNIFTY,,2026-06-30,2026-06-30,50000.00,PE,BANKNIFTY26JUN50000PE,99.80,115.15,49.60,51.95,49.80,113.10,55194.50,51.95,677880,-35070,41308,62043303544.50,18664,F1,30,,,,,
2026-06-09,2026-06-09,FO,NSE,IDO,75418,,BANKNIFTY,,2026-06-30,2026-06-30,50900.00,PE,BANKNIFTY26JUN50900PE,154.45,154.45,79.50,83.10,80.15,189.80,55194.50,83.10,36180,10080,2139,3272480716.50,802,F1,30,,,,,
2026-06-09,2026-06-09,FO,NSE,IDO,75437,,BANKNIFTY,,2026-06-30,2026-06-30,51700.00,PE,BANKNIFTY26JUN51700PE,241.00,241.00,125.00,132.35,125.00,298.80,55194.50,132.35,34110,2400,2103,3272683236.00,1329,F1,30,,,,,
2026-06-09,2026-06-09,FO,NSE,IDO,75458,,BANKNIFTY,,2026-06-30,2026-06-30,52300.00,PE,BANKNIFTY26JUN52300PE,340.05,340.05,179.15,188.45,179.30,410.70,55194.50,188.45,27480,-4080,3002,4731220942.50,1553,F1,30,,,,,
2026-06-09,2026-06-09,FO,NSE,IDO,57720,,BANKNIFTY,,2026-06-30,2026-06-30,54000.00,PE,BANKNIFTY26JUN54000PE,909.05,936.90,462.70,496.00,468.00,961.05,55194.50,496.00,1368300,121410,79460,130225302789.00,52501,F1,30,,,,,
2026-06-09,2026-06-09,FO,NSE,IDO,75601,,BANKNIFTY,,2026-06-30,2026-06-30,55000.00,PE,BANKNIFTY26JUN55000PE,1351.55,1351.55,782.10,828.70,784.00,1467.75,55194.50,828.70,882420,220350,87323,146601733609.50,61036,F1,30,,,,,
2026-06-09,2026-06-09,FO,NSE,IDO,75625,,BANKNIFTY,,2026-06-30,2026-06-30,56300.00,PE,BANKNIFTY26JUN56300PE,2222.20,2222.20,1444.40,1499.15,1444.40,2284.45,55194.50,1499.15,8370,1350,190,329802705.00,182,F1,30,,,,,
2026-06-09,2026-06-09,FO,NSE,IDO,57747,,BANKNIFTY,,2026-06-30,2026-06-30,57000.00,PE,BANKNIFTY26JUN57000PE,2765.10,2765.10,1901.00,1970.05,1901.00,2928.25,55194.50,1970.05,275430,-1350,1891,3353126116.50,1172,F1,30,,,,,
2026-06-09,2026-06-09,FO,NSE,IDO,75656,,BANKNIFTY,,2026-06-30,2026-06-30,57300.00,PE,BANKNIFTY26JUN57300PE,2702.25,2702.25,2702.25,2702.25,2702.25,2718.60,55194.50,2338.05,900,-30,1,1800067.50,1,F1,30,,,,,
2026-06-09,2026-06-09,FO,NSE,IDO,57751,,BANKNIFTY,,2026-06-30,2026-06-30,58500.00,PE,BANKNIFTY26JUN58500PE,3650.00,3746.95,3160.00,3237.85,3210.10,4165.00,55194.50,3237.85,83760,-1380,62,115139727.00,50,F1,30,,,,,
2026-06-09,2026-06-09,FO,NSE,IDO,57755,,BANKNIFTY,,2026-06-30,2026-06-30,60000.00,PE,BANKNIFTY26JUN60000PE,5600.00,5600.00,4560.00,4653.40,4563.95,5733.60,55194.50,4653.40,1065810,-165090,5856,11400389377.50,1997,F1,30,,,,,
2026-06-09,2026-06-09,FO,NSE,IDO,75854,,BANKNIFTY,,2026-06-30,2026-06-30,61100.00,PE,BANKNIFTY26JUN61100PE,0.00,0.00,0.00,9809.15,0.00,9809.15,55194.50,5721.40,0,0,0,0.00,0,F1,30,,,,,
2026-06-09,2026-06-09,FO,NSE,IDO,75888,,BANKNIFTY,,2026-06-30,2026-06-30,61400.00,PE,BANKNIFTY26JUN61400PE,0.00,0.00,0.00,10094.65,0.00,10094.65,55194.50,6013.55,0,0,0,0.00,0,F1,30,,,,,
2026-06-09,2026-06-09,FO,NSE,IDO,57775,,BANKNIFTY,,2026-06-30,2026-06-30,64500.00,PE,BANKNIFTY26JUN64500PE,0.00,0.00,0.00,6493.65,0.00,6493.65,55194.50,9080.35,0,0,0,0.00,0,F1,30,,,,,
2026-06-09,2026-06-09,FO,NSE,IDO,61632,,BANKNIFTY,,2026-07-28,2026-07-28,47800.00,PE,BANKNIFTY26JUL47800PE,96.40,98.85,81.25,84.40,84.05,110.55,55194.50,84.40,450,60,53,76145367.00,22,F1,30,,,,,
2026-06-09,2026-06-09,FO,NSE,IDO,61634,,BANKNIFTY,,2026-07-28,2026-07-28,47900.00,PE,BANKNIFTY26JUL47900PE,0.00,0.00,0.00,125.90,125.90,125.90,55194.50,39.70,180,0,0,0.00,0,F1,30,,,,,
2026-06-09,2026-06-09,FO,NSE,IDO,61700,,BANKNIFTY,,2026-07-28,2026-07-28,50700.00,PE,BANKNIFTY26JUL50700PE,269.75,269.75,240.65,240.65,240.65,382.95,55194.50,240.65,300,60,6,9172011.00,3,F1,30,,,,,
2026-06-09,2026-06-09,FO,NSE,IDO,61730,,BANKNIFTY,,2026-07-28,2026-07-28,51900.00,PE,BANKNIFTY26JUL51900PE,484.65,484.65,381.10,381.10,381.10,501.05,55194.50,381.10,240,90,6,9420256.50,5,F1,30,,,,,
2026-06-09,2026-06-09,FO,NSE,IDO,61732,,BANKNIFTY,,2026-07-28,2026-07-28,52000.00,PE,BANKNIFTY26JUL52000PE,553.10,555.00,390.00,402.45,392.00,653.05,55194.50,402.45,69390,-960,2073,3262211277.00,1257,F1,30,,,,,
2026-06-09,2026-06-09,FO,NSE,IDO,61788,,BANKNIFTY,,2026-07-28,2026-07-28,54100.00,PE,BANKNIFTY26JUL54100PE,1139.05,1139.05,909.00,909.00,909.00,1308.35,55194.50,1011.85,1140,150,25,41349762.00,22,F1,30,,,,,
2026-06-09,2026-06-09,FO,NSE,IDO,61792,,BANKNIFTY,,2026-07-28,2026-07-28,54300.00,PE,BANKNIFTY26JUL54300PE,1221.45,1221.45,941.70,941.70,941.70,1145.50,55194.50,1086.70,1950,450,43,71531289.00,32,F1,30,,,,,
2026-06-09,2026-06-09,FO,NSE,IDO,61808,,BANKNIFTY,,2026-07-28,2026-07-28,54800.00,PE,BANKNIFTY26JUL54800PE,1436.00,1436.00,1071.00,1090.95,1073.60,1515.25,55194.50,1090.95,1830,330,34,57169080.00,30,F1,30,,,,,
2026-06-09,2026-06-09,FO,NSE,IDO,61836,,BANKNIFTY,,2026-07-28,2026-07-28,56000.00,PE,BANKNIFTY26JUL56000PE,2058.95,2060.00,1550.00,1594.20,1550.00,2292.10,55194.50,1594.20,42840,6540,657,1138063378.50,497,F1,30,,,,,
2026-06-09,2026-06-09,FO,NSE,IDO,61842,,BANKNIFTY,,2026-07-28,2026-07-28,56300.00,PE,BANKNIFTY26JUL56300PE,1973.70,1973.70,1705.25,1718.00,1718.00,1709.40,55194.50,2035.70,870,810,30,52267000.50,21,F1,30,,,,,
2026-06-09,2026-06-09,FO,NSE,IDO,61948,,BANKNIFTY,,2026-07-28,2026-07-28,59700.00,PE,BANKNIFTY26JUL59700PE,0.00,0.00,0.00,4520.35,0.00,4520.35,55194.50,4420.65,0,0,0,0.00,0,F1,30,,,,,
2026-06-09,2026-06-09,FO,NSE,IDO,58755,,BANKNIFTY,,2026-08-25,2026-08-25,47500.00,PE,BANKNIFTY26AUG47500PE,0.00,0.00,0.00,109.85,120.05,109.85,55194.50,93.75,60,0,0,0.00,0,F1,30,,,,,
2026-06-09,2026-06-09,FO,NSE,IDO,58805,,BANKNIFTY,,2026-08-25,2026-08-25,48700.00,PE,BANKNIFTY26AUG48700PE,0.00,0.00,0.00,249.85,0.00,249.85,55194.50,172.15,0,0,0,0.00,0,F1,30,,,,,
2026-06-09,2026-06-09,FO,NSE,IDO,58859,,BANKNIFTY,,2026-08-25,2026-08-25,50100.00,PE,BANKNIFTY26AUG50100PE,0.00,0.00,0.00,434.45,0.00,434.45,55194.50,322.90,0,0,0,0.00,0,F1,30,,,,,
2026-06-09,2026-06-09,FO,NSE,IDO,58873,,BANKNIFTY,,2026-08-25,2026-08-25,50700.00,PE,BANKNIFTY26AUG50700PE,0.00,0.00,0.00,539.65,0.00,539.65,55194.50,412.70,0,0,0,0.00,0,F1,30,,,,,
2026-06-09,2026-06-09,FO,NSE,IDO,58989,,BANKNIFTY,,2026-08-25,2026-08-25,54400.00,PE,BANKNIFTY26AUG54400PE,0.00,0.00,0.00,1250.50,1250.50,1250.50,55194.50,1423.90,0,0,0,0.00,0,F1,30,,,,,
2026-06-09,2026-06-09,FO,NSE,IDO,75277,,BANKNIFTY,,2026-06-30,2026-06-30,49300.00,PE,BANKNIFTY26JUN49300PE,74.35,74.35,34.75,36.45,36.60,78.60,55194.50,36.45,11970,-2970,740,1095507595.50,549,F1,30,,,,,
2026-06-09,2026-06-09,FO,NSE,IDO,75373,,BANKNIFTY,,2026-06-30,2026-06-30,50300.00,PE,BANKNIFTY26JUN50300PE,109.40,109.40,57.90,60.10,59.60,135.75,55194.50,60.10,29640,7950,1666,2517602149.50,782,F1,30,,,,,
2026-06-09,2026-06-09,FO,NSE,IDO,75414,,BANKNIFTY,,2026-06-30,2026-06-30,50700.00,PE,BANKNIFTY26JUN50700PE,131.55,131.55,72.20,74.65,72.20,171.45,55194.50,74.65,26160,-210,1223,1863600717.00,589,F1,30,,,,,
2026-06-09,2026-06-09,FO,NSE,IDO,75416,,BANKNIFTY,,2026-06-30,2026-06-30,50800.00,PE,BANKNIFTY26JUN50800PE,150.50,150.50,75.20,78.15,75.20,180.40,55194.50,78.15,28050,-4050,1403,2142329284.50,697,F1,30,,,,,
2026-06-09,2026-06-09,FO,NSE,IDO,75464,,BANKNIFTY,,2026-06-30,2026-06-30,52700.00,PE,BANKNIFTY26JUN52700PE,475.00,475.00,224.00,237.05,224.00,512.90,55194.50,237.05,37920,5460,4098,6516059607.00,2473,F1,30,,,,,
2026-06-09,2026-06-09,FO,NSE,IDO,75589,,BANKNIFTY,,2026-06-30,2026-06-30,54400.00,PE,BANKNIFTY26JUN54400PE,992.40,1041.50,574.85,610.95,574.85,1135.85,55194.50,610.95,107730,15270,19386,32099172432.00,14283,F1,30,,,,,
2026-06-09,2026-06-09,FO,NSE,IDO,75607,,BANKNIFTY,,2026-06-30,2026-06-30,55300.00,PE,BANKNIFTY26JUN55300PE,1427.15,1431.50,908.00,959.95,914.00,1667.10,55194.50,959.95,84000,42660,11724,19804144179.00,8420,F1,30,,,,,
2026-06-09,2026-06-09,FO,NSE,IDO,58979,,BANKNIFTY,,2026-08-25,2026-08-25,54000.00,PE,BANKNIFTY26AUG54000PE,1260.60,1280.00,1035.00,1058.30,1035.00,1470.95,55194.50,1058.30,4800,90,138,228389293.50,85,F1,30,,,,,
2026-06-09,2026-06-09,FO,NSE,IDO,58927,,BANKNIFTY,,2026-08-25,2026-08-25,52300.00,PE,BANKNIFTY26AUG52300PE,0.00,0.00,0.00,913.20,0.00,913.20,55194.50,746.35,0,0,0,0.00,0,F1,30,,,,,
2026-06-09,2026-06-09,FO,NSE,IDO,75081,,BANKNIFTY,,2026-06-30,2026-06-30,45800.00,CE,BANKNIFTY26JUN45800CE,0.00,0.00,0.00,5601.00,0.00,5601.00,55194.50,9555.30,0,0,0,0.00,0,F1,30,,,,,
2026-06-09,2026-06-09,FO,NSE,IDO,75073,,BANKNIFTY,,2026-06-30,2026-06-30,45600.00,CE,BANKNIFTY26JUN45600CE,0.00,0.00,0.00,5770.75,0.00,5770.75,55194.50,9754.60,0,0,0,0.00,0,F1,30,,,,,
2026-06-09,2026-06-09,FO,NSE,IDO,75606,,BANKNIFTY,,2026-06-30,2026-06-30,55300.00,CE,BANKNIFTY26JUN55300CE,640.25,1084.25,640.25,1024.55,1061.05,623.35,55194.50,1024.55,92880,7290,19046,32132777149.50,14675,F1,30,,,,,
2026-06-09,2026-06-09,FO,NSE,IDO,75618,,BANKNIFTY,,2026-06-30,2026-06-30,56000.00,CE,BANKNIFTY26JUN56000CE,392.35,733.15,392.35,686.85,722.00,408.30,55194.50,686.85,871980,-43860,90901,154319339565.00,60989,F1,30,,,,,
2026-06-09,2026-06-09,FO,NSE,IDO,75755,,BANKNIFTY,,2026-06-30,2026-06-30,58200.00,CE,BANKNIFTY26JUN58200CE,87.35,151.25,86.90,138.15,146.90,83.15,55194.50,138.15,41190,-3000,4226,7393165584.00,2181,F1,30,,,,,
2026-06-09,2026-06-09,FO,NSE,IDO,57750,,BANKNIFTY,,2026-06-30,2026-06-30,58500.00,CE,BANKNIFTY26JUN58500CE,62.60,118.80,62.60,109.05,117.05,67.95,55194.50,109.05,330480,-56280,30952,54408690681.00,18549,F1,30,,,,,
2026-06-09,2026-06-09,FO,NSE,IDO,58907,,BANKNIFTY,,2026-08-25,2026-08-25,51500.00,PE,BANKNIFTY26AUG51500PE,579.20,597.15,579.20,597.15,597.15,745.95,55194.50,560.50,210,120,6,9374794.50,2,F1,30,,,,,
2026-06-09,2026-06-09,FO,NSE,IDO,58877,,BANKNIFTY,,2026-08-25,2026-08-25,50900.00,PE,BANKNIFTY26AUG50900PE,0.00,0.00,0.00,578.65,0.00,578.65,55194.50,446.50,0,0,0,0.00,0,F1,30,,,,,
2026-06-09,2026-06-09,FO,NSE,IDO,58865,,BANKNIFTY,,2026-08-25,2026-08-25,50400.00,PE,BANKNIFTY26AUG50400PE,0.00,0.00,0.00,484.90,0.00,484.90,55194.50,365.70,0,0,0,0.00,0,F1,30,,,,,
2026-06-09,2026-06-09,FO,NSE,IDO,58817,,BANKNIFTY,,2026-08-25,2026-08-25,49200.00,PE,BANKNIFTY26AUG49200PE,0.00,0.00,0.00,323.50,323.50,323.50,55194.50,217.60,0,0,0,0.00,0,F1,30,,,,,
2026-06-09,2026-06-09,FO,NSE,IDO,61958,,BANKNIFTY,,2026-07-28,2026-07-28,60000.00,PE,BANKNIFTY26JUL60000PE,4849.95,5040.80,4318.00,4401.10,4342.40,5389.75,55194.50,4401.10,213720,179220,6415,12435418888.50,5006,F1,30,,,,,
2026-06-09,2026-06-09,FO,NSE,IDO,61938,,BANKNIFTY,,2026-07-28,2026-07-28,59400.00,PE,BANKNIFTY26JUL59400PE,0.00,0.00,0.00,4306.10,0.00,4306.10,55194.50,4178.05,0,0,0,0.00,0,F1,30,,,,,
2026-06-09,2026-06-09,FO,NSE,IDO,61926,,BANKNIFTY,,2026-07-28,2026-07-28,59200.00,PE,BANKNIFTY26JUL59200PE,0.00,0.00,0.00,4165.85,0.00,4165.85,55194.50,4019.20,0,0,0,0.00,0,F1,30,,,,,
2026-06-09,2026-06-09,FO,NSE,IDO,75819,,BANKNIFTY,,2026-06-30,2026-06-30,59700.00,CE,BANKNIFTY26JUN59700CE,33.00,47.55,32.05,42.10,44.45,31.40,55194.50,42.10,20070,-1020,1148,2057410855.50,614,F1,30,,,,,
2026-06-09,2026-06-09,FO,NSE,IDO,75897,,BANKNIFTY,,2026-06-30,2026-06-30,62000.00,CE,BANKNIFTY26JUN62000CE,8.70,11.20,7.90,9.60,10.35,8.90,55194.50,9.60,293910,11520,12366,23004278427.00,6034,F1,30,,,,,
2026-06-09,2026-06-09,FO,NSE,IDO,61631,,BANKNIFTY,,2026-07-28,2026-07-28,47800.00,CE,BANKNIFTY26JUL47800CE,0.00,0.00,0.00,8437.45,0.00,8437.45,55194.50,7860.70,0,0,0,0.00,0,F1,30,,,,,
2026-06-09,2026-06-09,FO,NSE,IDO,61633,,BANKNIFTY,,2026-07-28,2026-07-28,47900.00,CE,BANKNIFTY26JUL47900CE,0.00,0.00,0.00,8346.00,0.00,8346.00,55194.50,7764.35,0,0,0,0.00,0,F1,30,,,,,
2026-06-09,2026-06-09,FO,NSE,IDO,61669,,BANKNIFTY,,2026-07-28,2026-07-28,49500.00,CE,BANKNIFTY26JUL49500CE,0.00,0.00,0.00,6924.30,0.00,6924.30,55194.50,6253.20,0,0,0,0.00,0,F1,30,,,,,
2026-06-09,2026-06-09,FO,NSE,IDO,61706,,BANKNIFTY,,2026-07-28,2026-07-28,51000.00,CE,BANKNIFTY26JUL51000CE,4237.60,4880.00,4237.60,4880.00,4880.00,3950.00,55194.50,4916.55,1410,30,3,4994028.00,3,F1,30,,,,,
2026-06-09,2026-06-09,FO,NSE,IDO,61743,,BANKNIFTY,,2026-07-28,2026-07-28,52500.00,CE,BANKNIFTY26JUL52500CE,3203.85,3654.60,3088.75,3618.95,3601.10,2852.85,55194.50,3618.95,1890,0,15,25108728.00,15,F1,30,,,,,
2026-06-09,2026-06-09,FO,NSE,IDO,61782,,BANKNIFTY,,2026-07-28,2026-07-28,53900.00,CE,BANKNIFTY26JUL53900CE,2250.00,2300.00,2189.70,2289.20,2289.20,1925.45,55194.50,2719.10,1650,30,12,20212138.50,10,F1,30,,,,,
2026-06-09,2026-06-09,FO,NSE,IDO,61817,,BANKNIFTY,,2026-07-28,2026-07-28,55300.00,CE,BANKNIFTY26JUL55300CE,1314.05,1709.00,1314.00,1690.05,1709.00,1171.35,55194.50,1690.05,1740,-90,39,66461070.00,34,F1,30,,,,,
2026-06-09,2026-06-09,FO,NSE,IDO,61868,,BANKNIFTY,,2026-07-28,2026-07-28,57000.00,PE,BANKNIFTY26JUL57000PE,2800.00,2800.05,2074.15,2133.30,2074.15,2956.95,55194.50,2133.30,24780,120,391,695071293.00,246,F1,30,,,,,
2026-06-09,2026-06-09,FO,NSE,IDO,61692,,BANKNIFTY,,2026-07-28,2026-07-28,50300.00,PE,BANKNIFTY26JUL50300PE,0.00,0.00,0.00,334.60,334.60,334.60,55194.50,181.60,330,0,0,0.00,0,F1,30,,,,,
2026-06-09,2026-06-09,FO,NSE,IDO,61676,,BANKNIFTY,,2026-07-28,2026-07-28,49700.00,PE,BANKNIFTY26JUL49700PE,226.15,226.15,163.00,165.30,165.30,259.00,55194.50,128.70,630,-60,15,22455286.50,10,F1,30,,,,,
2026-06-09,2026-06-09,FO,NSE,IDO,61658,,BANKNIFTY,,2026-07-28,2026-07-28,49000.00,PE,BANKNIFTY26JUL49000PE,200.00,200.00,125.00,127.60,125.40,208.05,55194.50,127.60,33090,-4800,859,1266723211.50,354,F1,30,,,,,
2026-06-09,2026-06-09,FO,NSE,IDO,61640,,BANKNIFTY,,2026-07-28,2026-07-28,48200.00,PE,BANKNIFTY26JUL48200PE,113.15,116.00,94.15,95.25,94.15,131.40,55194.50,95.25,390,30,27,39126342.00,14,F1,30,,,,,
2026-06-09,2026-06-09,FO,NSE,IDO,75918,,BANKNIFTY,,2026-06-30,2026-06-30,62900.00,PE,BANKNIFTY26JUN62900PE,0.00,0.00,0.00,11534.90,0.00,11534.90,55194.50,7490.80,0,0,0,0.00,0,F1,30,,,,,
2026-06-09,2026-06-09,FO,NSE,IDO,75886,,BANKNIFTY,,2026-06-30,2026-06-30,61300.00,PE,BANKNIFTY26JUN61300PE,0.00,0.00,0.00,9999.40,0.00,9999.40,55194.50,5916.00,0,0,0,0.00,0,F1,30,,,,,
2026-06-09,2026-06-09,FO,NSE,IDO,61887,,BANKNIFTY,,2026-07-28,2026-07-28,57900.00,CE,BANKNIFTY26JUL57900CE,414.05,515.60,401.00,499.45,499.45,341.45,55194.50,864.30,2520,-180,10,17501505.00,10,F1,30,,,,,
2026-06-09,2026-06-09,FO,NSE,IDO,75662,,BANKNIFTY,,2026-06-30,2026-06-30,57500.00,PE,BANKNIFTY26JUN57500PE,3000.05,3000.05,2300.00,2361.45,2305.40,3236.20,55194.50,2361.45,123480,180,50,90087255.00,45,F1,30,,,,,
2026-06-09,2026-06-09,FO,NSE,IDO,75629,,BANKNIFTY,,2026-06-30,2026-06-30,56500.00,PE,BANKNIFTY26JUN56500PE,2306.60,2306.60,1565.00,1627.75,1565.00,2551.60,55194.50,1627.75,119490,2220,1047,1831798182.00,725,F1,30,,,,,
2026-06-09,2026-06-09,FO,NSE,IDO,75619,,BANKNIFTY,,2026-06-30,2026-06-30,56000.00,PE,BANKNIFTY26JUN56000PE,1905.95,1912.30,1252.15,1316.55,1252.65,2135.90,55194.50,1316.55,348780,1890,7971,13746344020.50,5849,F1,30,,,,,
2026-06-09,2026-06-09,FO,NSE,IDO,59081,,BANKNIFTY,,2026-08-25,2026-08-25,57100.00,CE,BANKNIFTY26AUG57100CE,0.00,0.00,0.00,1824.70,0.00,1824.70,55194.50,1658.15,0,0,0,0.00,0,F1,30,,,,,
2026-06-09,2026-06-09,FO,NSE,IDO,59111,,BANKNIFTY,,2026-08-25,2026-08-25,58100.00,CE,BANKNIFTY26AUG58100CE,0.00,0.00,0.00,1459.90,0.00,1459.90,55194.50,1296.60,0,0,0,0.00,0,F1,30,,,,,
2026-06-09,2026-06-09,FO,NSE,IDO,75596,,BANKNIFTY,,2026-06-30,2026-06-30,54800.00,CE,BANKNIFTY26JUN54800CE,898.00,1377.00,898.00,1312.40,1346.90,825.80,55194.50,1312.40,81450,-21540,32103,53852883892.50,25035,F1,30,,,,,
2026-06-09,2026-06-09,FO,NSE,IDO,75592,,BANKNIFTY,,2026-06-30,2026-06-30,54600.00,CE,BANKNIFTY26JUN54600CE,841.90,1510.95,841.90,1434.35,1500.00,918.90,55194.50,1434.35,113370,-51930,32863,55005580305.00,23957,F1,30,,,,,
2026-06-09,2026-06-09,FO,NSE,IDO,75588,,BANKNIFTY,,2026-06-30,2026-06-30,54400.00,CE,BANKNIFTY26JUN54400CE,1060.00,1640.35,1060.00,1564.55,1630.00,1020.05,55194.50,1564.55,135240,-44220,14690,24542319564.00,11025,F1,30,,,,,
2026-06-09,2026-06-09,FO,NSE,IDO,59124,,BANKNIFTY,,2026-08-25,2026-08-25,58400.00,CE,BANKNIFTY26AUG58400CE,0.00,0.00,0.00,1362.05,0.00,1362.05,55194.50,1200.75,0,0,0,0.00,0,F1,30,,,,,
2026-06-09,2026-06-09,FO,NSE,IDO,59145,,BANKNIFTY,,2026-08-25,2026-08-25,59000.00,CE,BANKNIFTY26AUG59000CE,392.75,601.55,392.75,560.75,555.10,392.75,55194.50,560.75,3720,2340,165,294604036.50,123,F1,30,,,,,
2026-06-09,2026-06-09,FO,NSE,IDO,58812,,BANKNIFTY,,2026-08-25,2026-08-25,49000.00,CE,BANKNIFTY26AUG49000CE,0.00,0.00,0.00,5400.00,5400.00,5400.00,55194.50,7082.65,60,0,0,0.00,0,F1,30,,,,,
2026-06-09,2026-06-09,FO,NSE,IDO,58852,,BANKNIFTY,,2026-08-25,2026-08-25,50000.00,CE,BANKNIFTY26AUG50000CE,0.00,0.00,0.00,5531.65,5531.65,5531.65,55194.50,6207.90,630,0,0,0.00,0,F1,30,,,,,
2026-06-09,2026-06-09,FO,NSE,IDO,58906,,BANKNIFTY,,2026-08-25,2026-08-25,51500.00,CE,BANKNIFTY26AUG51500CE,0.00,0.00,0.00,5061.80,0.00,5061.80,55194.50,4979.95,0,0,0,0.00,0,F1,30,,,,,
2026-06-09,2026-06-09,FO,NSE,IDO,58908,,BANKNIFTY,,2026-08-25,2026-08-25,51600.00,CE,BANKNIFTY26AUG51600CE,0.00,0.00,0.00,4986.75,0.00,4986.75,55194.50,4902.25,0,0,0,0.00,0,F1,30,,,,,
2026-06-09,2026-06-09,FO,NSE,IDO,58938,,BANKNIFTY,,2026-08-25,2026-08-25,52900.00,CE,BANKNIFTY26AUG52900CE,0.00,0.00,0.00,4063.05,0.00,4063.05,55194.50,3946.55,0,0,0,0.00,0,F1,30,,,,,
2026-06-09,2026-06-09,FO,NSE,IDO,58958,,BANKNIFTY,,2026-08-25,2026-08-25,53400.00,CE,BANKNIFTY26AUG53400CE,0.00,0.00,0.00,3735.80,0.00,3735.80,55194.50,3608.40,0,0,0,0.00,0,F1,30,,,,,
2026-06-09,2026-06-09,FO,NSE,IDO,75463,,BANKNIFTY,,2026-06-30,2026-06-30,52700.00,CE,BANKNIFTY26JUN52700CE,2350.75,2853.00,2319.35,2853.00,2853.00,2367.00,55194.50,2853.00,2580,0,19,31516921.50,16,F1,30,,,,,
2026-06-09,2026-06-09,FO,NSE,IDO,75457,,BANKNIFTY,,2026-06-30,2026-06-30,52300.00,CE,BANKNIFTY26JUN52300CE,3303.15,3303.15,3303.15,3303.15,3303.15,2681.10,55194.50,3303.15,1800,0,1,1668094.50,1,F1,30,,,,,
2026-06-09,2026-06-09,FO,NSE,IDO,75455,,BANKNIFTY,,2026-06-30,2026-06-30,52200.00,CE,BANKNIFTY26JUN52200CE,3077.05,3308.75,3077.05,3306.15,3308.75,2745.70,55194.50,3306.15,1290,-30,10,16602927.00,10,F1,30,,,,,
2026-06-09,2026-06-09,FO,NSE,IDO,75436,,BANKNIFTY,,2026-06-30,2026-06-30,51700.00,CE,BANKNIFTY26JUN51700CE,3776.95,3776.95,3776.95,3776.95,3776.95,3499.80,55194.50,3786.05,1440,0,2,3328617.00,2,F1,30,,,,,
2026-06-09,2026-06-09,FO,NSE,IDO,75421,,BANKNIFTY,,2026-06-30,2026-06-30,51200.00,CE,BANKNIFTY26JUN51200CE,0.00,0.00,0.00,3925.90,3925.90,3925.90,55194.50,4245.60,480,0,0,0.00,0,F1,30,,,,,
2026-06-09,2026-06-09,FO,NSE,IDO,75419,,BANKNIFTY,,2026-06-30,2026-06-30,51100.00,CE,BANKNIFTY26JUN51100CE,0.00,0.00,0.00,3390.00,3390.00,3390.00,55194.50,4339.10,60,0,0,0.00,0,F1,30,,,,,
2026-06-09,2026-06-09,FO,NSE,IDO,75407,,BANKNIFTY,,2026-06-30,2026-06-30,50500.00,CE,BANKNIFTY26JUN50500CE,4300.00,4480.00,4300.00,4480.00,4480.00,3954.65,55194.50,4908.55,750,0,3,4938900.00,3,F1,30,,,,,
2026-06-09,2026-06-09,FO,NSE,IDO,75190,,BANKNIFTY,,2026-06-30,2026-06-30,47600.00,CE,BANKNIFTY26JUN47600CE,0.00,0.00,0.00,4169.75,0.00,4169.75,55194.50,7762.65,0,0,0,0.00,0,F1,30,,,,,
2026-06-09,2026-06-09,FO,NSE,IDO,75110,,BANKNIFTY,,2026-06-30,2026-06-30,46100.00,CE,BANKNIFTY26JUN46100CE,0.00,0.00,0.00,5349.95,0.00,5349.95,55194.50,9256.40,0,0,0,0.00,0,F1,30,,,,,
2026-06-09,2026-06-09,FO,NSE,IDO,53255,,BANKNIFTY,,2026-12-29,2026-12-29,69000.00,PE,BANKNIFTY26DEC69000PE,0.00,0.00,0.00,7449.10,0.00,7449.10,55194.50,11839.60,0,0,0,0.00,0,F1,30,,,,,
2026-06-09,2026-06-09,FO,NSE,IDO,53229,,BANKNIFTY,,2026-12-29,2026-12-29,57000.00,PE,BANKNIFTY26DEC57000PE,0.00,0.00,0.00,2400.00,2400.00,2400.00,55194.50,3327.80,180,0,0,0.00,0,F1,30,,,,,
2026-06-09,2026-06-09,FO,NSE,IDO,52361,,BANKNIFTY,,2026-09-29,2026-09-29,60000.00,PE,BANKNIFTY26SEP60000PE,4550.00,4560.00,4550.00,4560.00,4560.00,5000.00,55194.50,4831.40,2760,0,4,7746600.00,2,F1,30,,,,,
2026-06-09,2026-06-09,FO,NSE,IDO,59091,,BANKNIFTY,,2026-08-25,2026-08-25,57500.00,PE,BANKNIFTY26AUG57500PE,0.00,0.00,0.00,3229.05,0.00,3229.05,55194.50,3001.65,0,0,0,0.00,0,F1,30,,,,,
2026-06-09,2026-06-09,FO,NSE,IDO,59087,,BANKNIFTY,,2026-08-25,2026-08-25,57300.00,PE,BANKNIFTY26AUG57300PE,0.00,0.00,0.00,3107.40,0.00,3107.40,55194.50,2879.40,0,0,0,0.00,0,F1,30,,,,,
2026-06-09,2026-06-09,FO,NSE,IDO,59024,,BANKNIFTY,,2026-08-25,2026-08-25,55700.00,PE,BANKNIFTY26AUG55700PE,0.00,0.00,0.00,2225.50,0.00,2225.50,55194.50,2001.60,0,0,0,0.00,0,F1,30,,,,,
2026-06-09,2026-06-09,FO,NSE,IDO,59005,,BANKNIFTY,,2026-08-25,2026-08-25,55000.00,PE,BANKNIFTY26AUG55000PE,1700.05,1708.15,1359.90,1374.80,1360.40,1909.00,55194.50,1374.80,10170,1050,126,213641764.50,106,F1,30,,,,,
2026-06-09,2026-06-09,FO,NSE,IDO,58982,,BANKNIFTY,,2026-08-25,2026-08-25,54200.00,CE,BANKNIFTY26AUG54200CE,0.00,0.00,0.00,3245.85,0.00,3245.85,55194.50,3103.30,0,0,0,0.00,0,F1,30,,,,,
2026-06-09,2026-06-09,FO,NSE,IDO,59022,,BANKNIFTY,,2026-08-25,2026-08-25,55700.00,CE,BANKNIFTY26AUG55700CE,0.00,0.00,0.00,2441.30,0.00,2441.30,55194.50,2280.20,0,0,0,0.00,0,F1,30,,,,,
2026-06-09,2026-06-09,FO,NSE,IDO,59044,,BANKNIFTY,,2026-08-25,2026-08-25,56200.00,CE,BANKNIFTY26AUG56200CE,0.00,0.00,0.00,2206.45,0.00,2206.45,55194.50,2041.85,0,0,0,0.00,0,F1,30,,,,,
2026-06-09,2026-06-09,FO,NSE,IDO,59165,,BANKNIFTY,,2026-08-25,2026-08-25,59900.00,CE,BANKNIFTY26AUG59900CE,0.00,0.00,0.00,949.50,0.00,949.50,55194.50,804.15,0,0,0,0.00,0,F1,30,,,,,
2026-06-09,2026-06-09,FO,NSE,IDO,59202,,BANKNIFTY,,2026-08-25,2026-08-25,60500.00,CE,BANKNIFTY26AUG60500CE,0.00,0.00,0.00,813.30,0.00,813.30,55194.50,675.85,0,0,0,0.00,0,F1,30,,,,,
2026-06-09,2026-06-09,FO,NSE,IDO,59221,,BANKNIFTY,,2026-08-25,2026-08-25,61000.00,CE,BANKNIFTY26AUG61000CE,172.05,207.40,148.55,202.00,206.45,160.55,55194.50,202.00,9090,8190,321,589228257.00,258,F1,30,,,,,
2026-06-09,2026-06-09,FO,NSE,IDO,52439,,BANKNIFTY,,2026-09-29,2026-09-29,69000.00,CE,BANKNIFTY26SEP69000CE,0.00,0.00,0.00,882.60,0.00,882.60,55194.50,123.70,0,0,0,0.00,0,F1,30,,,,,
2026-06-09,2026-06-09,FO,NSE,IDO,53224,,BANKNIFTY,,2026-12-29,2026-12-29,54000.00,CE,BANKNIFTY26DEC54000CE,0.00,0.00,0.00,9099.90,0.00,9099.90,55194.50,5199.45,0,0,0,0.00,0,F1,30,,,,,
2026-06-09,2026-06-09,FO,NSE,IDO,53252,,BANKNIFTY,,2026-12-29,2026-12-29,67500.00,CE,BANKNIFTY26DEC67500CE,0.00,0.00,0.00,2043.80,0.00,2043.80,55194.50,736.15,0,0,0,0.00,0,F1,30,,,,,
2026-06-09,2026-06-09,FO,NSE,IDO,76390,,BANKNIFTY,,2027-03-30,2027-03-30,51000.00,CE,BANKNIFTY27MAR51000CE,0.00,0.00,0.00,5420.45,0.00,5420.45,55194.50,8285.60,0,0,0,0.00,0,F1,30,,,,,
2026-06-09,2026-06-09,FO,NSE,IDO,76398,,BANKNIFTY,,2027-03-30,2027-03-30,57000.00,CE,BANKNIFTY27MAR57000CE,0.00,0.00,0.00,2831.15,0.00,2831.15,55194.50,4764.25,0,0,0,0.00,0,F1,30,,,,,
2026-06-09,2026-06-09,FO,NSE,IDO,75074,,BANKNIFTY,,2026-06-30,2026-06-30,45600.00,PE,BANKNIFTY26JUN45600PE,17.95,17.95,9.75,10.40,9.75,18.05,55194.50,10.40,6270,-270,523,715657837.50,155,F1,30,,,,,
2026-06-09,2026-06-09,FO,NSE,IDO,75080,,BANKNIFTY,,2026-06-30,2026-06-30,45700.00,PE,BANKNIFTY26JUN45700PE,17.90,17.90,10.00,11.35,10.00,17.50,55194.50,11.35,2160,270,69,94627557.00,29,F1,30,,,,,
2026-06-09,2026-06-09,FO,NSE,IDO,75159,,BANKNIFTY,,2026-06-30,2026-06-30,46200.00,PE,BANKNIFTY26JUN46200PE,13.50,23.00,11.25,12.95,11.25,17.55,55194.50,12.95,2610,120,38,52685355.00,22,F1,30,,,,,
2026-06-09,2026-06-09,FO,NSE,IDO,75179,,BANKNIFTY,,2026-06-30,2026-06-30,47100.00,PE,BANKNIFTY26JUN47100PE,28.15,28.15,15.60,18.60,18.60,28.15,55194.50,0.50,2010,300,59,83403594.00,30,F1,30,,,,,
2026-06-09,2026-06-09,FO,NSE,IDO,59203,,BANKNIFTY,,2026-08-25,2026-08-25,60500.00,PE,BANKNIFTY26AUG60500PE,0.00,0.00,0.00,5326.60,0.00,5326.60,55194.50,5129.70,0,0,0,0.00,0,F1,30,,,,,
2026-06-09,2026-06-09,FO,NSE,IDO,53213,,BANKNIFTY,,2026-12-29,2026-12-29,45000.00,PE,BANKNIFTY26DEC45000PE,300.00,333.00,300.00,300.00,300.00,380.00,55194.50,213.10,2130,90,6,8155048.50,5,F1,30,,,,,
2026-06-09,2026-06-09,FO,NSE,IDO,61757,,BANKNIFTY,,2026-07-28,2026-07-28,53000.00,PE,BANKNIFTY26JUL53000PE,850.00,850.00,558.30,579.60,566.55,924.85,55194.50,579.60,102420,2850,1679,2703042234.00,1239,F1,30,,,,,
2026-06-09,2026-06-09,FO,NSE,IDO,61755,,BANKNIFTY,,2026-07-28,2026-07-28,52900.00,PE,BANKNIFTY26JUL52900PE,771.10,771.10,705.00,712.75,712.75,920.00,55194.50,637.95,690,-30,4,6436464.00,4,F1,30,,,,,
2026-06-09,2026-06-09,FO,NSE,IDO,61728,,BANKNIFTY,,2026-07-28,2026-07-28,51800.00,PE,BANKNIFTY26JUL51800PE,484.10,496.10,367.70,367.70,367.70,482.55,55194.50,367.70,900,-60,8,12542542.50,8,F1,30,,,,,
2026-06-09,2026-06-09,FO,NSE,IDO,61666,,BANKNIFTY,,2026-07-28,2026-07-28,49300.00,PE,BANKNIFTY26JUL49300PE,186.90,186.90,142.45,142.45,142.45,289.40,55194.50,101.00,450,-60,6,8903178.00,3,F1,30,,,,,
2026-06-09,2026-06-09,FO,NSE,IDO,61662,,BANKNIFTY,,2026-07-28,2026-07-28,49100.00,PE,BANKNIFTY26JUL49100PE,142.00,142.00,142.00,142.00,142.00,215.00,55194.50,89.10,900,-60,2,2954520.00,1,F1,30,,,,,
2026-06-09,2026-06-09,FO,NSE,IDO,61642,,BANKNIFTY,,2026-07-28,2026-07-28,48300.00,PE,BANKNIFTY26JUL48300PE,0.00,0.00,0.00,131.00,131.00,131.00,55194.50,52.55,180,0,0,0.00,0,F1,30,,,,,
2026-06-09,2026-06-09,FO,NSE,IDO,61638,,BANKNIFTY,,2026-07-28,2026-07-28,48100.00,PE,BANKNIFTY26JUL48100PE,0.00,0.00,0.00,137.00,137.00,137.00,55194.50,45.75,270,0,0,0.00,0,F1,30,,,,,
2026-06-09,2026-06-09,FO,NSE,IDO,75934,,BANKNIFTY,,2026-06-30,2026-06-30,63500.00,PE,BANKNIFTY26JUN63500PE,8000.00,8000.00,8000.00,8000.00,8000.00,8000.00,55194.50,8086.00,120,30,1,2145000.00,1,F1,30,,,,,
2026-06-09,2026-06-09,FO,NSE,IDO,75904,,BANKNIFTY,,2026-06-30,2026-06-30,62300.00,PE,BANKNIFTY26JUN62300PE,0.00,0.00,0.00,10956.55,0.00,10956.55,55194.50,6897.45,0,0,0,0.00,0,F1,30,,,,,
2026-06-09,2026-06-09,FO,NSE,IDO,75833,,BANKNIFTY,,2026-06-30,2026-06-30,60300.00,PE,BANKNIFTY26JUN60300PE,0.00,0.00,0.00,9053.45,0.00,9053.45,55194.50,4951.65,0,0,0,0.00,0,F1,30,,,,,
2026-06-09,2026-06-09,FO,NSE,IDO,75825,,BANKNIFTY,,2026-06-30,2026-06-30,59900.00,PE,BANKNIFTY26JUN59900PE,0.00,0.00,0.00,8679.15,0.00,8679.15,55194.50,4573.70,0,0,0,0.00,0,F1,30,,,,,
2026-06-09,2026-06-09,FO,NSE,IDO,75810,,BANKNIFTY,,2026-06-30,2026-06-30,59300.00,PE,BANKNIFTY26JUN59300PE,0.00,0.00,0.00,3990.00,3990.00,3990.00,55194.50,4018.75,540,0,0,0.00,0,F1,30,,,,,
2026-06-09,2026-06-09,FO,NSE,IDO,75754,,BANKNIFTY,,2026-06-30,2026-06-30,58100.00,PE,BANKNIFTY26JUN58100PE,0.00,0.00,0.00,3690.15,3690.15,3690.15,55194.50,2970.45,420,0,0,0.00,0,F1,30,,,,,
2026-06-09,2026-06-09,FO,NSE,IDO,75609,,BANKNIFTY,,2026-06-30,2026-06-30,55400.00,PE,BANKNIFTY26JUN55400PE,1500.00,1501.10,952.00,999.90,958.95,1706.95,55194.50,999.90,59610,22200,4993,8454680902.50,3619,F1,30,,,,,
2026-06-09,2026-06-09,FO,NSE,IDO,75603,,BANKNIFTY,,2026-06-30,2026-06-30,55100.00,PE,BANKNIFTY26JUN55100PE,1319.20,1326.00,825.00,873.95,829.80,1525.55,55194.50,873.95,87450,31890,20668,34757579152.50,14080,F1,30,,,,,
2026-06-09,2026-06-09,FO,NSE,IDO,75551,,BANKNIFTY,,2026-06-30,2026-06-30,53100.00,PE,BANKNIFTY26JUN53100PE,611.75,611.75,281.05,298.85,284.40,628.65,55194.50,298.85,38610,-630,3520,5647155682.50,2142,F1,30,,,,,
2026-06-09,2026-06-09,FO,NSE,IDO,75275,,BANKNIFTY,,2026-06-30,2026-06-30,49200.00,PE,BANKNIFTY26JUN49200PE,58.95,58.95,32.05,35.50,32.05,73.65,55194.50,35.50,12300,-540,369,545139636.00,260,F1,30,,,,,
2026-06-09,2026-06-09,FO,NSE,IDO,57700,,BANKNIFTY,,2026-06-30,2026-06-30,48000.00,PE,BANKNIFTY26JUN48000PE,35.00,37.95,20.05,20.90,20.10,40.70,55194.50,20.90,321540,7020,18995,27367854594.00,7956,F1,30,,,,,
2026-06-09,2026-06-09,FO,NSE,IDO,75167,,BANKNIFTY,,2026-06-30,2026-06-30,46600.00,PE,BANKNIFTY26JUN46600PE,18.55,21.70,11.70,12.20,11.95,17.15,55194.50,12.20,2550,270,235,328652098.50,138,F1,30,,,,,
2026-06-09,2026-06-09,FO,NSE,IDO,75161,,BANKNIFTY,,2026-06-30,2026-06-30,46300.00,PE,BANKNIFTY26JUN46300PE,18.05,18.05,10.55,11.45,11.70,18.05,55194.50,11.45,2370,180,75,104205373.50,20,F1,30,,,,,
2026-06-09,2026-06-09,FO,NSE,IDO,57692,,BANKNIFTY,,2026-06-30,2026-06-30,45000.00,PE,BANKNIFTY26JUN45000PE,15.40,15.40,9.15,9.50,9.15,14.65,55194.50,9.50,210990,18690,3714,5015112102.00,1376,F1,30,,,,,
2026-06-09,2026-06-09,FO,NSE,IDO,76396,,BANKNIFTY,,2027-03-30,2027-03-30,55500.00,CE,BANKNIFTY27MAR55500CE,0.00,0.00,0.00,3363.80,0.00,3363.80,55194.50,5525.60,0,0,0,0.00,0,F1,30,,,,,
2026-06-09,2026-06-09,FO,NSE,IDO,53226,,BANKNIFTY,,2026-12-29,2026-12-29,55500.00,CE,BANKNIFTY26DEC55500CE,0.00,0.00,0.00,7987.45,0.00,7987.45,55194.50,4357.70,0,0,0,0.00,0,F1,30,,,,,
2026-06-09,2026-06-09,FO,NSE,IDO,53198,,BANKNIFTY,,2026-12-29,2026-12-29,45000.00,CE,BANKNIFTY26DEC45000CE,0.00,0.00,0.00,16853.55,0.00,16853.55,55194.50,12058.40,0,0,0,0.00,0,F1,30,,,,,
2026-06-09,2026-06-09,FO,NSE,IDO,52334,,BANKNIFTY,,2026-09-29,2026-09-29,57000.00,CE,BANKNIFTY26SEP57000CE,1579.00,1801.60,1549.00,1791.60,1799.70,1414.85,55194.50,1791.60,33810,1230,74,130214034.00,70,F1,30,,,,,
2026-06-09,2026-06-09,FO,NSE,IDO,59153,,BANKNIFTY,,2026-08-25,2026-08-25,59400.00,CE,BANKNIFTY26AUG59400CE,0.00,0.00,0.00,1072.10,0.00,1072.10,55194.50,920.30,0,0,0,0.00,0,F1,30,,,,,
2026-06-09,2026-06-09,FO,NSE,IDO,59141,,BANKNIFTY,,2026-08-25,2026-08-25,58900.00,CE,BANKNIFTY26AUG58900CE,0.00,0.00,0.00,1210.30,0.00,1210.30,55194.50,1053.25,0,0,0,0.00,0,F1,30,,,,,
2026-06-09,2026-06-09,FO,NSE,IDO,59139,,BANKNIFTY,,2026-08-25,2026-08-25,58800.00,CE,BANKNIFTY26AUG58800CE,0.00,0.00,0.00,1239.55,0.00,1239.55,55194.50,1081.55,0,0,0,0.00,0,F1,30,,,,,
2026-06-09,2026-06-09,FO,NSE,IDO,59126,,BANKNIFTY,,2026-08-25,2026-08-25,58500.00,CE,BANKNIFTY26AUG58500CE,0.00,0.00,0.00,1330.60,0.00,1330.60,55194.50,1170.05,0,0,0,0.00,0,F1,30,,,,,
2026-06-09,2026-06-09,FO,NSE,IDO,59098,,BANKNIFTY,,2026-08-25,2026-08-25,57900.00,CE,BANKNIFTY26AUG57900CE,0.00,0.00,0.00,1528.05,0.00,1528.05,55194.50,1363.65,0,0,0,0.00,0,F1,30,,,,,
2026-06-09,2026-06-09,FO,NSE,IDO,58936,,BANKNIFTY,,2026-08-25,2026-08-25,52800.00,CE,BANKNIFTY26AUG52800CE,0.00,0.00,0.00,4130.40,0.00,4130.40,55194.50,4016.15,0,0,0,0.00,0,F1,30,,,,,
2026-06-09,2026-06-09,FO,NSE,IDO,58934,,BANKNIFTY,,2026-08-25,2026-08-25,52700.00,CE,BANKNIFTY26AUG52700CE,0.00,0.00,0.00,4198.35,0.00,4198.35,55194.50,4088.80,0,0,0,0.00,0,F1,30,,,,,
2026-06-09,2026-06-09,FO,NSE,IDO,58916,,BANKNIFTY,,2026-08-25,2026-08-25,51800.00,CE,BANKNIFTY26AUG51800CE,0.00,0.00,0.00,4838.30,0.00,4838.30,55194.50,4748.65,0,0,0,0.00,0,F1,30,,,,,
2026-06-09,2026-06-09,FO,NSE,IDO,58848,,BANKNIFTY,,2026-08-25,2026-08-25,49800.00,CE,BANKNIFTY26AUG49800CE,0.00,0.00,0.00,6416.75,0.00,6416.75,55194.50,6379.65,0,0,0,0.00,0,F1,30,,,,,
2026-06-09,2026-06-09,FO,NSE,IDO,58766,,BANKNIFTY,,2026-08-25,2026-08-25,48000.00,CE,BANKNIFTY26AUG48000CE,0.00,0.00,0.00,7986.55,0.00,7986.55,55194.50,7991.95,0,0,0,0.00,0,F1,30,,,,,
2026-06-09,2026-06-09,FO,NSE,IDO,61937,,BANKNIFTY,,2026-07-28,2026-07-28,59400.00,CE,BANKNIFTY26JUL59400CE,0.00,0.00,0.00,1159.20,0.00,1159.20,55194.50,506.00,0,0,0,0.00,0,F1,30,,,,,
2026-06-09,2026-06-09,FO,NSE,IDO,61905,,BANKNIFTY,,2026-07-28,2026-07-28,58700.00,CE,BANKNIFTY26JUL58700CE,270.25,360.00,267.60,344.70,354.30,260.00,55194.50,344.70,900,-630,27,47793634.50,20,F1,30,,,,,
2026-06-09,2026-06-09,FO,NSE,IDO,61895,,BANKNIFTY,,2026-07-28,2026-07-28,58300.00,CE,BANKNIFTY26JUL58300CE,335.25,450.65,324.20,426.70,426.25,352.80,55194.50,426.70,390,-180,8,14083774.50,8,F1,30,,,,,
2026-06-09,2026-06-09,FO,NSE,IDO,61871,,BANKNIFTY,,2026-07-28,2026-07-28,57200.00,CE,BANKNIFTY26JUL57200CE,586.45,586.45,586.45,586.45,586.45,573.50,55194.50,1088.15,660,-60,2,3467187.00,1,F1,30,,,,,
2026-06-09,2026-06-09,FO,NSE,IDO,61867,,BANKNIFTY,,2026-07-28,2026-07-28,57000.00,CE,BANKNIFTY26JUL57000CE,599.90,887.95,598.40,830.40,870.00,558.30,55194.50,830.40,74520,12690,1756,3041868223.50,1073,F1,30,,,,,
2026-06-09,2026-06-09,FO,NSE,IDO,61833,,BANKNIFTY,,2026-07-28,2026-07-28,55900.00,CE,BANKNIFTY26JUL55900CE,1010.95,1364.90,1010.95,1348.55,1347.20,1085.00,55194.50,1348.55,2970,300,55,94215654.00,42,F1,30,,,,,
2026-06-09,2026-06-09,FO,NSE,IDO,61826,,BANKNIFTY,,2026-07-28,2026-07-28,55600.00,CE,BANKNIFTY26JUL55600CE,1261.60,1493.80,1175.60,1483.70,1493.80,1086.85,55194.50,1483.70,3960,450,37,63190060.50,33,F1,30,,,,,
2026-06-09,2026-06-09,FO,NSE,IDO,61811,,BANKNIFTY,,2026-07-28,2026-07-28,55000.00,CE,BANKNIFTY26JUL55000CE,1399.95,1885.10,1399.95,1837.70,1885.00,1310.90,55194.50,1837.70,62430,-5910,2044,3475165812.00,1339,F1,30,,,,,
2026-06-09,2026-06-09,FO,NSE,IDO,61803,,BANKNIFTY,,2026-07-28,2026-07-28,54600.00,CE,BANKNIFTY26JUL54600CE,1801.90,2113.55,1720.95,2070.00,2070.00,1690.60,55194.50,2070.00,3090,-360,48,81311829.00,41,F1,30,,,,,
2026-06-09,2026-06-09,FO,NSE,IDO,61768,,BANKNIFTY,,2026-07-28,2026-07-28,53600.00,CE,BANKNIFTY26JUL53600CE,0.00,0.00,0.00,2129.65,2129.65,2129.65,55194.50,2916.00,1410,0,0,0.00,0,F1,30,,,,,
2026-06-09,2026-06-09,FO,NSE,IDO,61766,,BANKNIFTY,,2026-07-28,2026-07-28,53500.00,CE,BANKNIFTY26JUL53500CE,2299.95,2907.70,2298.60,2857.10,2907.70,2136.55,55194.50,2857.10,7890,-1140,104,174716133.00,73,F1,30,,,,,
2026-06-09,2026-06-09,FO,NSE,IDO,61739,,BANKNIFTY,,2026-07-28,2026-07-28,52300.00,CE,BANKNIFTY26JUL52300CE,0.00,0.00,0.00,4695.30,0.00,4695.30,55194.50,3855.90,0,0,0,0.00,0,F1,30,,,,,
2026-06-09,2026-06-09,FO,NSE,IDO,61737,,BANKNIFTY,,2026-07-28,2026-07-28,52200.00,CE,BANKNIFTY26JUL52200CE,0.00,0.00,0.00,4768.10,0.00,4768.10,55194.50,3933.55,0,0,0,0.00,0,F1,30,,,,,
2026-06-09,2026-06-09,FO,NSE,IDO,61710,,BANKNIFTY,,2026-07-28,2026-07-28,51200.00,CE,BANKNIFTY26JUL51200CE,0.00,0.00,0.00,5523.40,0.00,5523.40,55194.50,4746.60,0,0,0,0.00,0,F1,30,,,,,
2026-06-09,2026-06-09,FO,NSE,IDO,61691,,BANKNIFTY,,2026-07-28,2026-07-28,50300.00,CE,BANKNIFTY26JUL50300CE,0.00,0.00,0.00,6248.85,0.00,6248.85,55194.50,5527.85,0,0,0,0.00,0,F1,30,,,,,
2026-06-09,2026-06-09,FO,NSE,IDO,61689,,BANKNIFTY,,2026-07-28,2026-07-28,50200.00,CE,BANKNIFTY26JUL50200CE,0.00,0.00,0.00,6331.75,0.00,6331.75,55194.50,5617.10,0,0,0,0.00,0,F1,30,,,,,
2026-06-09,2026-06-09,FO,NSE,IDO,61661,,BANKNIFTY,,2026-07-28,2026-07-28,49100.00,CE,BANKNIFTY26JUL49100CE,0.00,0.00,0.00,7271.60,0.00,7271.60,55194.50,6624.55,0,0,0,0.00,0,F1,30,,,,,
2026-06-09,2026-06-09,FO,NSE,IDO,57761,,BANKNIFTY,,2026-06-30,2026-06-30,63000.00,CE,BANKNIFTY26JUN63000CE,7.30,7.45,5.85,6.45,6.30,6.25,55194.50,6.45,334230,9360,5589,10564304907.00,2468,F1,30,,,,,
2026-06-09,2026-06-09,FO,NSE,IDO,75895,,BANKNIFTY,,2026-06-30,2026-06-30,61900.00,CE,BANKNIFTY26JUN61900CE,11.90,13.20,9.20,10.60,11.70,9.95,55194.50,10.60,3330,810,247,458759353.50,159,F1,30,,,,,
2026-06-09,2026-06-09,FO,NSE,IDO,75832,,BANKNIFTY,,2026-06-30,2026-06-30,60300.00,CE,BANKNIFTY26JUN60300CE,22.25,30.90,22.25,28.90,28.80,21.50,55194.50,28.90,5820,600,267,483209740.50,167,F1,30,,,,,
2026-06-09,2026-06-09,FO,NSE,IDO,75815,,BANKNIFTY,,2026-06-30,2026-06-30,59600.00,CE,BANKNIFTY26JUN59600CE,36.10,50.80,34.10,47.35,48.00,32.95,55194.50,47.35,16740,1890,981,1755291646.50,480,F1,30,,,,,
2026-06-09,2026-06-09,FO,NSE,IDO,75800,,BANKNIFTY,,2026-06-30,2026-06-30,59000.00,CE,BANKNIFTY26JUN59000CE,50.00,79.50,48.75,72.65,76.55,47.80,55194.50,72.65,594270,-10200,35510,62920588938.00,19358,F1,30,,,,,
2026-06-09,2026-06-09,FO,NSE,IDO,75665,,BANKNIFTY,,2026-06-30,2026-06-30,57700.00,CE,BANKNIFTY26JUN57700CE,131.50,225.00,128.10,207.20,221.70,120.15,55194.50,207.20,36060,-3540,3747,6505779157.50,2121,F1,30,,,,,
2026-06-09,2026-06-09,FO,NSE,IDO,75657,,BANKNIFTY,,2026-06-30,2026-06-30,57400.00,CE,BANKNIFTY26JUN57400CE,159.35,285.25,159.00,260.50,275.10,151.40,55194.50,260.50,26460,390,3357,5803379944.50,1959,F1,30,,,,,
2026-06-09,2026-06-09,FO,NSE,IDO,75652,,BANKNIFTY,,2026-06-30,2026-06-30,57300.00,CE,BANKNIFTY26JUN57300CE,154.75,306.50,154.75,282.75,299.00,162.10,55194.50,282.75,39870,8280,4531,7821905712.00,2617,F1,30,,,,,
2026-06-09,2026-06-09,FO,NSE,IDO,75626,,BANKNIFTY,,2026-06-30,2026-06-30,56400.00,CE,BANKNIFTY26JUN56400CE,295.85,571.05,295.85,534.95,565.00,307.20,55194.50,534.95,38550,-540,6149,10487204668.50,4500,F1,30,,,,,
2026-06-09,2026-06-09,FO,NSE,IDO,75459,,BANKNIFTY,,2026-06-30,2026-06-30,52400.00,CE,BANKNIFTY26JUN52400CE,2996.95,3200.60,2983.90,3154.05,3139.05,2790.10,55194.50,3154.05,1170,-330,16,26611215.00,15,F1,30,,,,,
2026-06-09,2026-06-09,FO,NSE,IDO,75451,,BANKNIFTY,,2026-06-30,2026-06-30,52100.00,CE,BANKNIFTY26JUN52100CE,3366.40,3366.40,3366.40,3366.40,3366.40,2578.80,55194.50,3366.40,810,0,1,1663992.00,1,F1,30,,,,,
2026-06-09,2026-06-09,FO,NSE,IDO,75280,,BANKNIFTY,,2026-06-30,2026-06-30,49600.00,CE,BANKNIFTY26JUN49600CE,0.00,0.00,0.00,2828.30,0.00,2828.30,55194.50,5782.75,0,0,0,0.00,0,F1,30,,,,,
2026-06-09,2026-06-09,FO,NSE,IDO,75278,,BANKNIFTY,,2026-06-30,2026-06-30,49400.00,CE,BANKNIFTY26JUN49400CE,0.00,0.00,0.00,2949.05,0.00,2949.05,55194.50,5979.15,0,0,0,0.00,0,F1,30,,,,,
2026-06-09,2026-06-09,FO,NSE,IDO,75251,,BANKNIFTY,,2026-06-30,2026-06-30,48500.00,CE,BANKNIFTY26JUN48500CE,0.00,0.00,0.00,3529.70,0.00,3529.70,55194.50,6868.45,0,0,0,0.00,0,F1,30,,,,,
2026-06-09,2026-06-09,FO,NSE,IDO,75227,,BANKNIFTY,,2026-06-30,2026-06-30,47900.00,CE,BANKNIFTY26JUN47900CE,0.00,0.00,0.00,3952.10,0.00,3952.10,55194.50,7464.25,0,0,0,0.00,0,F1,30,,,,,
2026-06-09,2026-06-09,FO,NSE,IDO,75083,,BANKNIFTY,,2026-06-30,2026-06-30,45900.00,CE,BANKNIFTY26JUN45900CE,0.00,0.00,0.00,5516.80,0.00,5516.80,55194.50,9455.65,0,0,0,0.00,0,F1,30,,,,,
2026-06-09,2026-06-09,FO,NSE,IDO,74958,,BANKNIFTY,,2026-06-30,2026-06-30,44000.00,CE,BANKNIFTY26JUN44000CE,0.00,0.00,0.00,10564.50,10564.50,10564.50,55194.50,11348.95,4620,0,0,0.00,0,F1,30,,,,,
2026-06-09,2026-06-09,FO,NSE,IDF,61088,,BANKNIFTY,,2026-07-28,2026-07-28,,,BANKNIFTY26JULFUT,55000.00,55740.00,54641.80,55661.60,55712.40,54555.20,55194.50,55661.60,183450,-900,3386,5616054666.00,2739,F1,30,,,,,
2026-06-09,2026-06-09,FO,NSE,IDO,52359,,BANKNIFTY,,2026-09-29,2026-09-29,58500.00,PE,BANKNIFTY26SEP58500PE,3790.00,3790.00,3335.85,3335.85,3335.85,4554.90,55194.50,3822.80,1380,0,3,5578851.00,3,F1,30,,,,,
2026-06-09,2026-06-09,FO,NSE,IDO,61765,,BANKNIFTY,,2026-07-28,2026-07-28,53400.00,PE,BANKNIFTY26JUL53400PE,904.70,904.70,831.70,831.70,831.70,909.40,55194.50,777.45,1200,-30,2,3256092.00,2,F1,30,,,,,
2026-06-09,2026-06-09,FO,NSE,IDO,61806,,BANKNIFTY,,2026-07-28,2026-07-28,54700.00,PE,BANKNIFTY26JUL54700PE,1412.30,1412.30,1037.05,1059.40,1045.00,1575.85,55194.50,1059.40,2940,720,88,147749532.00,64,F1,30,,,,,
2026-06-09,2026-06-09,FO,NSE,IDO,61810,,BANKNIFTY,,2026-07-28,2026-07-28,54900.00,PE,BANKNIFTY26JUL54900PE,1344.65,1399.00,1107.05,1134.75,1130.00,1625.00,55194.50,1134.75,2370,780,54,90988765.50,34,F1,30,,,,,
2026-06-09,2026-06-09,FO,NSE,IDO,61896,,BANKNIFTY,,2026-07-28,2026-07-28,58300.00,PE,BANKNIFTY26JUL58300PE,0.00,0.00,0.00,3562.20,0.00,3562.20,55194.50,3335.25,0,0,0,0.00,0,F1,30,,,,,
2026-06-09,2026-06-09,FO,NSE,IDO,61920,,BANKNIFTY,,2026-07-28,2026-07-28,59100.00,PE,BANKNIFTY26JUL59100PE,0.00,0.00,0.00,4096.55,0.00,4096.55,55194.50,3940.65,0,0,0,0.00,0,F1,30,,,,,
2026-06-09,2026-06-09,FO,NSE,IDO,61992,,BANKNIFTY,,2026-07-28,2026-07-28,60800.00,PE,BANKNIFTY26JUL60800PE,0.00,0.00,0.00,5345.40,0.00,5345.40,55194.50,5350.25,0,0,0,0.00,0,F1,30,,,,,
2026-06-09,2026-06-09,FO,NSE,IDO,58703,,BANKNIFTY,,2026-08-25,2026-08-25,46000.00,PE,BANKNIFTY26AUG46000PE,0.00,0.00,0.00,69.55,0.00,69.55,55194.50,39.70,0,0,0,0.00,0,F1,30,,,,,
2026-06-09,2026-06-09,FO,NSE,IDO,58851,,BANKNIFTY,,2026-08-25,2026-08-25,49900.00,PE,BANKNIFTY26AUG49900PE,0.00,0.00,0.00,500.00,500.00,500.00,55194.50,296.65,30,0,0,0.00,0,F1,30,,,,,
2026-06-09,2026-06-09,FO,NSE,IDO,58863,,BANKNIFTY,,2026-08-25,2026-08-25,50300.00,PE,BANKNIFTY26AUG50300PE,0.00,0.00,0.00,467.65,0.00,467.65,55194.50,350.95,0,0,0,0.00,0,F1,30,,,,,
2026-06-09,2026-06-09,FO,NSE,IDO,58961,,BANKNIFTY,,2026-08-25,2026-08-25,53500.00,PE,BANKNIFTY26AUG53500PE,1078.95,1078.95,950.00,950.00,950.00,1250.00,55194.50,1095.20,750,60,10,16358914.50,10,F1,30,,,,,
2026-06-09,2026-06-09,FO,NSE,IDO,59074,,BANKNIFTY,,2026-08-25,2026-08-25,56800.00,PE,BANKNIFTY26AUG56800PE,0.00,0.00,0.00,2814.10,0.00,2814.10,55194.50,2585.70,0,0,0,0.00,0,F1,30,,,,,
2026-06-09,2026-06-09,FO,NSE,IDO,59078,,BANKNIFTY,,2026-08-25,2026-08-25,56900.00,PE,BANKNIFTY26AUG56900PE,0.00,0.00,0.00,2871.50,0.00,2871.50,55194.50,2643.05,0,0,0,0.00,0,F1,30,,,,,
2026-06-09,2026-06-09,FO,NSE,IDO,59112,,BANKNIFTY,,2026-08-25,2026-08-25,58100.00,PE,BANKNIFTY26AUG58100PE,0.00,0.00,0.00,3608.65,0.00,3608.65,55194.50,3384.25,0,0,0,0.00,0,F1,30,,,,,
2026-06-09,2026-06-09,FO,NSE,IDO,59154,,BANKNIFTY,,2026-08-25,2026-08-25,59400.00,PE,BANKNIFTY26AUG59400PE,0.00,0.00,0.00,4501.65,0.00,4501.65,55194.50,4289.65,0,0,0,0.00,0,F1,30,,,,,
2026-06-09,2026-06-09,FO,NSE,IDO,61585,,BANKNIFTY,,2026-07-28,2026-07-28,46000.00,PE,BANKNIFTY26JUL46000PE,50.00,54.00,43.80,46.95,46.00,60.00,55194.50,46.95,15420,960,324,447587547.00,158,F1,30,,,,,
2026-06-09,2026-06-09,FO,NSE,IDO,57779,,BANKNIFTY,,2026-06-30,2026-06-30,66000.00,PE,BANKNIFTY26JUN66000PE,11051.00,11051.00,10507.85,10577.85,10507.85,10950.00,55194.50,10577.85,22320,1110,43,99004308.00,26,F1,30,,,,,
2026-06-09,2026-06-09,FO,NSE,IDO,75168,,BANKNIFTY,,2026-06-30,2026-06-30,46700.00,CE,BANKNIFTY26JUN46700CE,0.00,0.00,0.00,4862.10,0.00,4862.10,55194.50,8658.65,0,0,0,0.00,0,F1,30,,,,,
2026-06-09,2026-06-09,FO,NSE,IDO,75178,,BANKNIFTY,,2026-06-30,2026-06-30,47100.00,CE,BANKNIFTY26JUN47100CE,0.00,0.00,0.00,4548.25,0.00,4548.25,55194.50,8260.30,0,0,0,0.00,0,F1,30,,,,,
2026-06-09,2026-06-09,FO,NSE,IDO,75245,,BANKNIFTY,,2026-06-30,2026-06-30,48200.00,CE,BANKNIFTY26JUN48200CE,0.00,0.00,0.00,3736.50,0.00,3736.50,55194.50,7166.15,0,0,0,0.00,0,F1,30,,,,,
2026-06-09,2026-06-09,FO,NSE,IDO,75565,,BANKNIFTY,,2026-06-30,2026-06-30,53300.00,CE,BANKNIFTY26JUN53300CE,1821.00,2474.90,1796.10,2410.50,2468.95,1643.90,55194.50,2410.50,21300,-3060,268,445284412.50,219,F1,30,,,,,
2026-06-09,2026-06-09,FO,NSE,IDO,75573,,BANKNIFTY,,2026-06-30,2026-06-30,53700.00,CE,BANKNIFTY26JUN53700CE,1509.95,2141.90,1509.05,2072.75,2093.40,1398.35,55194.50,2072.75,35190,-150,1109,1845802915.50,645,F1,30,,,,,
2026-06-09,2026-06-09,FO,NSE,IDO,75636,,BANKNIFTY,,2026-06-30,2026-06-30,56900.00,CE,BANKNIFTY26JUN56900CE,223.15,411.30,223.15,378.15,402.80,222.05,55194.50,378.15,32190,1200,5198,8924157849.00,2974,F1,30,,,,,
2026-06-09,2026-06-09,FO,NSE,IDO,75811,,BANKNIFTY,,2026-06-30,2026-06-30,59400.00,CE,BANKNIFTY26JUN59400CE,40.00,58.15,39.35,54.45,56.10,38.20,55194.50,54.45,26160,-6900,1863,3322690420.50,872,F1,30,,,,,
2026-06-09,2026-06-09,FO,NSE,IDO,75842,,BANKNIFTY,,2026-06-30,2026-06-30,60700.00,CE,BANKNIFTY26JUN60700CE,15.50,23.80,15.50,22.40,23.50,17.20,55194.50,22.40,4350,1020,227,413510022.00,128,F1,30,,,,,
2026-06-09,2026-06-09,FO,NSE,IDO,75849,,BANKNIFTY,,2026-06-30,2026-06-30,61000.00,CE,BANKNIFTY26JUN61000CE,15.95,19.75,14.55,18.35,18.50,15.20,55194.50,18.35,467340,32490,20191,36960117946.50,9501,F1,30,,,,,
2026-06-09,2026-06-09,FO,NSE,IDO,75853,,BANKNIFTY,,2026-06-30,2026-06-30,61100.00,CE,BANKNIFTY26JUN61100CE,15.35,19.45,14.00,16.95,19.00,14.50,55194.50,16.95,7950,570,419,768239407.50,238,F1,30,,,,,
2026-06-09,2026-06-09,FO,NSE,IDO,75913,,BANKNIFTY,,2026-06-30,2026-06-30,62800.00,CE,BANKNIFTY26JUN62800CE,9.35,9.35,5.65,6.60,6.80,6.40,55194.50,6.60,1110,150,58,109284441.00,50,F1,30,,,,,
2026-06-09,2026-06-09,FO,NSE,IDO,75943,,BANKNIFTY,,2026-06-30,2026-06-30,64000.00,CE,BANKNIFTY26JUN64000CE,3.95,4.20,3.20,3.80,3.95,3.70,55194.50,3.80,165300,-2880,9315,17885812696.50,4614,F1,30,,,,,
2026-06-09,2026-06-09,FO,NSE,IDO,61635,,BANKNIFTY,,2026-07-28,2026-07-28,48000.00,CE,BANKNIFTY26JUL48000CE,0.00,0.00,0.00,8254.80,0.00,8254.80,55194.50,7668.20,0,0,0,0.00,0,F1,30,,,,,
2026-06-09,2026-06-09,FO,NSE,IDO,61645,,BANKNIFTY,,2026-07-28,2026-07-28,48500.00,CE,BANKNIFTY26JUL48500CE,0.00,0.00,0.00,7803.15,0.00,7803.15,55194.50,7190.30,0,0,0,0.00,0,F1,30,,,,,
2026-06-09,2026-06-09,FO,NSE,IDO,61750,,BANKNIFTY,,2026-07-28,2026-07-28,52700.00,CE,BANKNIFTY26JUL52700CE,0.00,0.00,0.00,2708.45,2708.45,2708.45,55194.50,3552.70,30,0,0,0.00,0,F1,30,,,,,
2026-06-09,2026-06-09,FO,NSE,IDO,61819,,BANKNIFTY,,2026-07-28,2026-07-28,55400.00,CE,BANKNIFTY26JUL55400CE,1249.05,1551.30,1249.00,1551.30,1551.30,1238.65,55194.50,1855.55,2160,420,23,39205518.00,16,F1,30,,,,,
2026-06-09,2026-06-09,FO,NSE,IDO,61835,,BANKNIFTY,,2026-07-28,2026-07-28,56000.00,CE,BANKNIFTY26JUL56000CE,973.95,1330.00,947.70,1269.90,1321.35,877.20,55194.50,1269.90,95070,1830,2710,4647249877.50,1398,F1,30,,,,,
2026-06-09,2026-06-09,FO,NSE,IDO,61851,,BANKNIFTY,,2026-07-28,2026-07-28,56600.00,CE,BANKNIFTY26JUL56600CE,733.00,1027.25,733.00,999.90,1004.00,733.00,55194.50,999.90,1980,870,61,105261987.00,50,F1,30,,,,,
2026-06-09,2026-06-09,FO,NSE,IDO,61873,,BANKNIFTY,,2026-07-28,2026-07-28,57300.00,CE,BANKNIFTY26JUL57300CE,650.45,650.45,650.45,650.45,650.45,573.15,55194.50,1053.75,1230,-30,1,1738513.50,1,F1,30,,,,,
2026-06-09,2026-06-09,FO,NSE,IDO,61877,,BANKNIFTY,,2026-07-28,2026-07-28,57500.00,CE,BANKNIFTY26JUL57500CE,479.55,693.00,477.25,657.80,687.55,430.85,55194.50,657.80,19170,2070,457,796308774.00,304,F1,30,,,,,
2026-06-09,2026-06-09,FO,NSE,IDO,61893,,BANKNIFTY,,2026-07-28,2026-07-28,58200.00,CE,BANKNIFTY26JUL58200CE,356.60,492.00,343.15,453.85,454.30,320.00,55194.50,453.85,2400,0,44,77380258.50,43,F1,30,,,,,
2026-06-09,2026-06-09,FO,NSE,IDO,61925,,BANKNIFTY,,2026-07-28,2026-07-28,59200.00,CE,BANKNIFTY26JUL59200CE,228.05,267.20,228.05,266.65,266.65,190.60,55194.50,545.35,480,150,14,24967308.00,10,F1,30,,,,,
2026-06-09,2026-06-09,FO,NSE,IDO,61927,,BANKNIFTY,,2026-07-28,2026-07-28,59300.00,CE,BANKNIFTY26JUL59300CE,187.35,253.95,187.35,240.35,253.75,160.75,55194.50,240.35,600,240,24,42856710.00,14,F1,30,,,,,
2026-06-09,2026-06-09,FO,NSE,IDO,61947,,BANKNIFTY,,2026-07-28,2026-07-28,59700.00,CE,BANKNIFTY26JUL59700CE,193.00,194.55,180.90,181.05,180.95,131.75,55194.50,181.05,960,-30,17,30543607.50,11,F1,30,,,,,
2026-06-09,2026-06-09,FO,NSE,IDO,61991,,BANKNIFTY,,2026-07-28,2026-07-28,60800.00,CE,BANKNIFTY26JUL60800CE,0.00,0.00,0.00,818.60,0.00,818.60,55194.50,290.80,0,0,0,0.00,0,F1,30,,,,,
2026-06-09,2026-06-09,FO,NSE,IDO,58864,,BANKNIFTY,,2026-08-25,2026-08-25,50400.00,CE,BANKNIFTY26AUG50400CE,0.00,0.00,0.00,5922.40,0.00,5922.40,55194.50,5869.65,0,0,0,0.00,0,F1,30,,,,,
2026-06-09,2026-06-09,FO,NSE,IDO,58872,,BANKNIFTY,,2026-08-25,2026-08-25,50700.00,CE,BANKNIFTY26AUG50700CE,0.00,0.00,0.00,5681.60,0.00,5681.60,55194.50,5620.85,0,0,0,0.00,0,F1,30,,,,,
2026-06-09,2026-06-09,FO,NSE,IDO,58880,,BANKNIFTY,,2026-08-25,2026-08-25,51100.00,CE,BANKNIFTY26AUG51100CE,0.00,0.00,0.00,5367.50,0.00,5367.50,55194.50,5296.15,0,0,0,0.00,0,F1,30,,,,,
2026-06-09,2026-06-09,FO,NSE,IDO,58955,,BANKNIFTY,,2026-08-25,2026-08-25,53300.00,CE,BANKNIFTY26AUG53300CE,0.00,0.00,0.00,3800.00,0.00,3800.00,55194.50,3674.65,0,0,0,0.00,0,F1,30,,,,,
2026-06-09,2026-06-09,FO,NSE,IDO,59010,,BANKNIFTY,,2026-08-25,2026-08-25,55300.00,CE,BANKNIFTY26AUG55300CE,0.00,0.00,0.00,2641.30,0.00,2641.30,55194.50,2483.70,0,0,0,0.00,0,F1,30,,,,,
2026-06-09,2026-06-09,FO,NSE,IDO,59012,,BANKNIFTY,,2026-08-25,2026-08-25,55400.00,CE,BANKNIFTY26AUG55400CE,0.00,0.00,0.00,2590.35,0.00,2590.35,55194.50,2431.70,0,0,0,0.00,0,F1,30,,,,,
2026-06-09,2026-06-09,FO,NSE,IDO,59057,,BANKNIFTY,,2026-08-25,2026-08-25,56600.00,CE,BANKNIFTY26AUG56600CE,0.00,0.00,0.00,2030.35,0.00,2030.35,55194.50,1864.30,0,0,0,0.00,0,F1,30,,,,,
2026-06-09,2026-06-09,FO,NSE,IDO,59079,,BANKNIFTY,,2026-08-25,2026-08-25,57000.00,CE,BANKNIFTY26AUG57000CE,929.45,1300.00,929.45,1290.00,1300.00,929.10,55194.50,1290.00,10140,1800,150,261692125.50,108,F1,30,,,,,
2026-06-09,2026-06-09,FO,NSE,IDO,59114,,BANKNIFTY,,2026-08-25,2026-08-25,58200.00,CE,BANKNIFTY26AUG58200CE,0.00,0.00,0.00,1426.70,0.00,1426.70,55194.50,1264.00,0,0,0,0.00,0,F1,30,,,,,
2026-06-09,2026-06-09,FO,NSE,IDO,59167,,BANKNIFTY,,2026-08-25,2026-08-25,60000.00,CE,BANKNIFTY26AUG60000CE,260.55,365.05,260.55,350.20,365.05,248.80,55194.50,350.20,12210,3720,295,533788711.50,215,F1,30,,,,,
2026-06-09,2026-06-09,FO,NSE,IDO,75107,,BANKNIFTY,,2026-06-30,2026-06-30,45900.00,PE,BANKNIFTY26JUN45900PE,18.10,18.75,10.00,10.60,10.00,18.10,55194.50,10.60,6600,3960,473,651490609.50,122,F1,30,,,,,
2026-06-09,2026-06-09,FO,NSE,IDO,75171,,BANKNIFTY,,2026-06-30,2026-06-30,46800.00,PE,BANKNIFTY26JUN46800PE,21.60,22.50,12.05,13.30,13.60,21.60,55194.50,13.30,2520,60,126,176969083.50,73,F1,30,,,,,
2026-06-09,2026-06-09,FO,NSE,IDO,75191,,BANKNIFTY,,2026-06-30,2026-06-30,47600.00,PE,BANKNIFTY26JUN47600PE,29.15,29.15,16.75,17.65,18.40,35.30,55194.50,17.65,2400,990,127,181449048.00,71,F1,30,,,,,
2026-06-09,2026-06-09,FO,NSE,IDO,75244,,BANKNIFTY,,2026-06-30,2026-06-30,48100.00,PE,BANKNIFTY26JUN48100PE,34.45,36.05,20.75,22.35,20.75,42.70,55194.50,22.35,7650,-300,209,301767246.00,149,F1,30,,,,,
2026-06-09,2026-06-09,FO,NSE,IDO,75443,,BANKNIFTY,,2026-06-30,2026-06-30,51800.00,PE,BANKNIFTY26JUN51800PE,254.35,254.35,133.00,140.70,133.00,318.55,55194.50,140.70,26460,1020,2021,3151066849.50,1202,F1,30,,,,,
2026-06-09,2026-06-09,FO,NSE,IDO,75579,,BANKNIFTY,,2026-06-30,2026-06-30,53800.00,PE,BANKNIFTY26JUN53800PE,853.75,853.85,416.65,442.60,417.35,871.70,55194.50,442.60,80880,6420,9727,15866792613.00,6849,F1,30,,,,,
2026-06-09,2026-06-09,FO,NSE,IDO,76426,,BANKNIFTY,,2027-03-30,2027-03-30,63000.00,PE,BANKNIFTY27MAR63000PE,0.00,0.00,0.00,9669.30,0.00,9669.30,55194.50,6956.90,0,0,0,0.00,0,F1,30,,,,,
2026-06-09,2026-06-09,FO,NSE,IDO,76385,,BANKNIFTY,,2027-03-30,2027-03-30,46500.00,PE,BANKNIFTY27MAR46500PE,0.00,0.00,0.00,1180.70,0.00,1180.70,55194.50,542.50,0,0,0,0.00,0,F1,30,,,,,
2026-06-09,2026-06-09,FO,NSE,IDO,53219,,BANKNIFTY,,2026-12-29,2026-12-29,49500.00,PE,BANKNIFTY26DEC49500PE,0.00,0.00,0.00,232.05,0.00,232.05,55194.50,778.10,0,0,0,0.00,0,F1,30,,,,,
2026-06-09,2026-06-09,FO,NSE,IDO,53197,,BANKNIFTY,,2026-12-29,2026-12-29,43500.00,PE,BANKNIFTY26DEC43500PE,0.00,0.00,0.00,25.15,0.00,25.15,55194.50,125.65,0,0,0,0.00,0,F1,30,,,,,
2026-06-09,2026-06-09,FO,NSE,IDO,52440,,BANKNIFTY,,2026-09-29,2026-09-29,69000.00,PE,BANKNIFTY26SEP69000PE,0.00,0.00,0.00,11161.45,0.00,11161.45,55194.50,12520.95,0,0,0,0.00,0,F1,30,,,,,
2026-06-09,2026-06-09,FO,NSE,IDO,52413,,BANKNIFTY,,2026-09-29,2026-09-29,64500.00,PE,BANKNIFTY26SEP64500PE,0.00,0.00,0.00,7730.90,0.00,7730.90,55194.50,8419.65,0,0,0,0.00,0,F1,30,,,,,
2026-06-09,2026-06-09,FO,NSE,IDO,52269,,BANKNIFTY,,2026-09-29,2026-09-29,45000.00,PE,BANKNIFTY26SEP45000PE,147.30,147.30,130.00,130.00,130.00,172.00,55194.50,61.90,5550,-270,33,44691792.00,15,F1,30,,,,,
2026-06-09,2026-06-09,FO,NSE,IDO,59255,,BANKNIFTY,,2026-08-25,2026-08-25,62000.00,PE,BANKNIFTY26AUG62000PE,0.00,0.00,0.00,6535.35,0.00,6535.35,55194.50,6362.90,0,0,0,0.00,0,F1,30,,,,,
2026-06-09,2026-06-09,FO,NSE,IDO,59168,,BANKNIFTY,,2026-08-25,2026-08-25,60000.00,PE,BANKNIFTY26AUG60000PE,0.00,0.00,0.00,4946.70,0.00,4946.70,55194.50,4740.70,0,0,0,0.00,0,F1,30,,,,,
2026-06-09,2026-06-09,FO,NSE,IDO,59095,,BANKNIFTY,,2026-08-25,2026-08-25,57700.00,PE,BANKNIFTY26AUG57700PE,0.00,0.00,0.00,3353.20,0.00,3353.20,55194.50,3126.60,0,0,0,0.00,0,F1,30,,,,,
2026-06-09,2026-06-09,FO,NSE,IDO,59082,,BANKNIFTY,,2026-08-25,2026-08-25,57100.00,PE,BANKNIFTY26AUG57100PE,0.00,0.00,0.00,2988.20,0.00,2988.20,55194.50,2759.85,0,0,0,0.00,0,F1,30,,,,,
2026-06-09,2026-06-09,FO,NSE,IDO,59048,,BANKNIFTY,,2026-08-25,2026-08-25,56300.00,PE,BANKNIFTY26AUG56300PE,0.00,0.00,0.00,2536.75,0.00,2536.75,55194.50,2309.40,0,0,0,0.00,0,F1,30,,,,,
2026-06-09,2026-06-09,FO,NSE,IDO,59041,,BANKNIFTY,,2026-08-25,2026-08-25,56000.00,PE,BANKNIFTY26AUG56000PE,2125.60,2142.30,1764.95,1801.35,1775.00,2279.50,55194.50,1801.35,3810,930,61,106011367.50,54,F1,30,,,,,
2026-06-09,2026-06-09,FO,NSE,IDO,58981,,BANKNIFTY,,2026-08-25,2026-08-25,54100.00,PE,BANKNIFTY26AUG54100PE,0.00,0.00,0.00,1512.60,0.00,1512.60,55194.50,1307.95,0,0,0,0.00,0,F1,30,,,,,
2026-06-09,2026-06-09,FO,NSE,IDO,58921,,BANKNIFTY,,2026-08-25,2026-08-25,52000.00,PE,BANKNIFTY26AUG52000PE,760.25,760.30,571.35,583.35,580.00,841.70,55194.50,583.35,14910,-210,143,225827473.50,75,F1,30,,,,,
2026-06-09,2026-06-09,FO,NSE,IDO,58919,,BANKNIFTY,,2026-08-25,2026-08-25,51900.00,PE,BANKNIFTY26AUG51900PE,0.00,0.00,0.00,807.25,0.00,807.25,55194.50,647.65,0,0,0,0.00,0,F1,30,,,,,
2026-06-09,2026-06-09,FO,NSE,IDO,58911,,BANKNIFTY,,2026-08-25,2026-08-25,51700.00,PE,BANKNIFTY26AUG51700PE,0.00,0.00,0.00,755.55,0.00,755.55,55194.50,602.90,0,0,0,0.00,0,F1,30,,,,,
2026-06-09,2026-06-09,FO,NSE,IDO,58875,,BANKNIFTY,,2026-08-25,2026-08-25,50800.00,PE,BANKNIFTY26AUG50800PE,0.00,0.00,0.00,558.90,0.00,558.90,55194.50,429.35,0,0,0,0.00,0,F1,30,,,,,
2026-06-09,2026-06-09,FO,NSE,IDO,58719,,BANKNIFTY,,2026-08-25,2026-08-25,46500.00,PE,BANKNIFTY26AUG46500PE,0.00,0.00,0.00,90.20,0.00,90.20,55194.50,53.55,0,0,0,0.00,0,F1,30,,,,,
2026-06-09,2026-06-09,FO,NSE,IDO,61999,,BANKNIFTY,,2026-07-28,2026-07-28,61000.00,PE,BANKNIFTY26JUL61000PE,5700.00,5700.00,5250.00,5250.00,5250.00,6106.55,55194.50,5525.20,330,60,4,7974048.00,4,F1,30,,,,,
2026-06-09,2026-06-09,FO,NSE,IDO,61968,,BANKNIFTY,,2026-07-28,2026-07-28,60300.00,PE,BANKNIFTY26JUL60300PE,0.00,0.00,0.00,4965.50,0.00,4965.50,55194.50,4920.45,0,0,0,0.00,0,F1,30,,,,,
2026-06-09,2026-06-09,FO,NSE,IDO,61964,,BANKNIFTY,,2026-07-28,2026-07-28,60100.00,PE,BANKNIFTY26JUL60100PE,0.00,0.00,0.00,4815.80,0.00,4815.80,55194.50,4751.85,0,0,0,0.00,0,F1,30,,,,,
2026-06-09,2026-06-09,FO,NSE,IDO,61918,,BANKNIFTY,,2026-07-28,2026-07-28,59000.00,PE,BANKNIFTY26JUL59000PE,3986.85,3986.85,3480.00,3530.35,3570.00,4490.00,55194.50,3530.35,4950,570,29,54467799.00,19,F1,30,,,,,
2026-06-09,2026-06-09,FO,NSE,IDO,61912,,BANKNIFTY,,2026-07-28,2026-07-28,58800.00,PE,BANKNIFTY26JUL58800PE,0.00,0.00,0.00,3891.95,0.00,3891.95,55194.50,3711.15,0,0,0,0.00,0,F1,30,,,,,
2026-06-09,2026-06-09,FO,NSE,IDO,61900,,BANKNIFTY,,2026-07-28,2026-07-28,58400.00,PE,BANKNIFTY26JUL58400PE,0.00,0.00,0.00,3627.00,0.00,3627.00,55194.50,3408.45,0,0,0,0.00,0,F1,30,,,,,
2026-06-09,2026-06-09,FO,NSE,IDO,61892,,BANKNIFTY,,2026-07-28,2026-07-28,58100.00,PE,BANKNIFTY26JUL58100PE,0.00,0.00,0.00,3434.40,0.00,3434.40,55194.50,3191.05,0,0,0,0.00,0,F1,30,,,,,
2026-06-09,2026-06-09,FO,NSE,IDO,61886,,BANKNIFTY,,2026-07-28,2026-07-28,57800.00,PE,BANKNIFTY26JUL57800PE,0.00,0.00,0.00,3247.15,0.00,3247.15,55194.50,2980.35,0,0,0,0.00,0,F1,30,,,,,
2026-06-09,2026-06-09,FO,NSE,IDO,61874,,BANKNIFTY,,2026-07-28,2026-07-28,57300.00,PE,BANKNIFTY26JUL57300PE,0.00,0.00,0.00,2947.30,0.00,2947.30,55194.50,2644.65,0,0,0,0.00,0,F1,30,,,,,
2026-06-09,2026-06-09,FO,NSE,IDO,61852,,BANKNIFTY,,2026-07-28,2026-07-28,56600.00,PE,BANKNIFTY26JUL56600PE,1908.30,1908.30,1908.30,1908.30,1908.30,2085.00,55194.50,1908.30,90,0,1,1755249.00,1,F1,30,,,,,
2026-06-09,2026-06-09,FO,NSE,IDO,61832,,BANKNIFTY,,2026-07-28,2026-07-28,55800.00,PE,BANKNIFTY26JUL55800PE,1810.00,1814.00,1477.15,1477.15,1477.15,2059.05,55194.50,1764.15,1050,120,27,46601022.00,19,F1,30,,,,,
2026-06-09,2026-06-09,FO,NSE,IDO,75585,,BANKNIFTY,,2026-06-30,2026-06-30,54200.00,PE,BANKNIFTY26JUN54200PE,942.45,948.45,513.75,548.35,521.90,1044.90,55194.50,548.35,113910,-17160,16199,26687297200.50,12323,F1,30,,,,,
2026-06-09,2026-06-09,FO,NSE,IDO,75587,,BANKNIFTY,,2026-06-30,2026-06-30,54300.00,PE,BANKNIFTY26JUN54300PE,1010.85,1010.90,546.05,580.00,547.20,1094.90,55194.50,580.00,142290,22050,18796,31041981436.50,13567,F1,30,,,,,
2026-06-09,2026-06-09,FO,NSE,IDO,75591,,BANKNIFTY,,2026-06-30,2026-06-30,54500.00,PE,BANKNIFTY26JUN54500PE,1140.45,1140.45,604.20,645.35,607.65,1192.35,55194.50,645.35,545460,143250,80294,133269894871.50,59050,F1,30,,,,,
2026-06-09,2026-06-09,FO,NSE,IDO,75801,,BANKNIFTY,,2026-06-30,2026-06-30,59000.00,PE,BANKNIFTY26JUN59000PE,4495.00,4495.00,3600.00,3691.95,3610.00,4744.45,55194.50,3691.95,150000,180,173,326261554.50,102,F1,30,,,,,
2026-06-09,2026-06-09,FO,NSE,IDO,75818,,BANKNIFTY,,2026-06-30,2026-06-30,59600.00,PE,BANKNIFTY26JUN59600PE,0.00,0.00,0.00,8400.20,0.00,8400.20,55194.50,4294.20,0,0,0,0.00,0,F1,30,,,,,
2026-06-09,2026-06-09,FO,NSE,IDO,75898,,BANKNIFTY,,2026-06-30,2026-06-30,62000.00,PE,BANKNIFTY26JUN62000PE,7125.00,7255.00,6510.00,6578.45,6510.00,7731.80,55194.50,6578.45,61350,-1260,82,169602807.00,43,F1,30,,,,,
2026-06-09,2026-06-09,FO,NSE,IDO,75902,,BANKNIFTY,,2026-06-30,2026-06-30,62200.00,PE,BANKNIFTY26JUN62200PE,0.00,0.00,0.00,10860.40,0.00,10860.40,55194.50,6798.80,0,0,0,0.00,0,F1,30,,,,,
2026-06-09,2026-06-09,FO,NSE,IDO,75908,,BANKNIFTY,,2026-06-30,2026-06-30,62500.00,PE,BANKNIFTY26JUN62500PE,0.00,0.00,0.00,5379.60,5379.60,5379.60,55194.50,7094.95,1440,0,0,0.00,0,F1,30,,,,,
2026-06-09,2026-06-09,FO,NSE,IDO,76153,,BANKNIFTY,,2026-06-30,2026-06-30,65000.00,PE,BANKNIFTY26JUN65000PE,10404.65,10404.65,9425.80,9499.65,9470.00,10484.65,55194.50,9499.65,52170,900,48,107451052.50,30,F1,30,,,,,
2026-06-09,2026-06-09,FO,NSE,IDO,61812,,BANKNIFTY,,2026-07-28,2026-07-28,55000.00,PE,BANKNIFTY26JUL55000PE,1625.35,1625.35,1125.00,1160.95,1125.00,1722.55,55194.50,1160.95,68610,11940,1847,3119706594.00,1259,F1,30,,,,,
2026-06-09,2026-06-09,FO,NSE,IDO,61761,,BANKNIFTY,,2026-07-28,2026-07-28,53200.00,PE,BANKNIFTY26JUL53200PE,849.25,851.30,616.75,627.85,616.75,1019.30,55194.50,627.85,1350,120,34,54996267.00,27,F1,30,,,,,
2026-06-09,2026-06-09,FO,NSE,IDO,61751,,BANKNIFTY,,2026-07-28,2026-07-28,52700.00,PE,BANKNIFTY26JUL52700PE,0.00,0.00,0.00,792.55,792.55,792.55,55194.50,584.95,210,0,0,0.00,0,F1,30,,,,,
2026-06-09,2026-06-09,FO,NSE,IDO,61702,,BANKNIFTY,,2026-07-28,2026-07-28,50800.00,PE,BANKNIFTY26JUL50800PE,294.35,294.35,254.15,258.20,258.20,373.95,55194.50,258.20,1050,600,23,35245260.00,10,F1,30,,,,,
2026-06-09,2026-06-09,FO,NSE,IDO,61650,,BANKNIFTY,,2026-07-28,2026-07-28,48600.00,PE,BANKNIFTY26JUL48600PE,0.00,0.00,0.00,149.75,149.75,149.75,55194.50,64.40,90,0,0,0.00,0,F1,30,,,,,
2026-06-09,2026-06-09,FO,NSE,IDO,61879,,BANKNIFTY,,2026-07-28,2026-07-28,57600.00,CE,BANKNIFTY26JUL57600CE,508.45,600.00,479.80,600.00,600.00,430.40,55194.50,955.45,960,-210,9,15692551.50,9,F1,30,,,,,
2026-06-09,2026-06-09,FO,NSE,IDO,61883,,BANKNIFTY,,2026-07-28,2026-07-28,57700.00,CE,BANKNIFTY26JUL57700CE,0.00,0.00,0.00,474.15,474.15,474.15,55194.50,924.30,390,0,0,0.00,0,F1,30,,,,,
2026-06-09,2026-06-09,FO,NSE,IDO,61915,,BANKNIFTY,,2026-07-28,2026-07-28,58900.00,CE,BANKNIFTY26JUL58900CE,297.95,321.95,286.30,304.95,316.25,428.80,55194.50,304.95,540,-120,23,40847914.50,20,F1,30,,,,,
2026-06-09,2026-06-09,FO,NSE,IDO,61941,,BANKNIFTY,,2026-07-28,2026-07-28,59600.00,CE,BANKNIFTY26JUL59600CE,0.00,0.00,0.00,1104.40,0.00,1104.40,55194.50,469.00,0,0,0,0.00,0,F1,30,,,,,
2026-06-09,2026-06-09,FO,NSE,IDO,61963,,BANKNIFTY,,2026-07-28,2026-07-28,60100.00,CE,BANKNIFTY26JUL60100CE,0.00,0.00,0.00,979.00,0.00,979.00,55194.50,386.10,0,0,0,0.00,0,F1,30,,,,,
2026-06-09,2026-06-09,FO,NSE,IDO,61989,,BANKNIFTY,,2026-07-28,2026-07-28,60700.00,CE,BANKNIFTY26JUL60700CE,0.00,0.00,0.00,839.90,0.00,839.90,55194.50,303.05,0,0,0,0.00,0,F1,30,,,,,
2026-06-09,2026-06-09,FO,NSE,IDO,58778,,BANKNIFTY,,2026-08-25,2026-08-25,48500.00,CE,BANKNIFTY26AUG48500CE,0.00,0.00,0.00,7539.00,0.00,7539.00,55194.50,7533.50,0,0,0,0.00,0,F1,30,,,,,
2026-06-09,2026-06-09,FO,NSE,IDO,58816,,BANKNIFTY,,2026-08-25,2026-08-25,49200.00,CE,BANKNIFTY26AUG49200CE,0.00,0.00,0.00,6926.65,0.00,6926.65,55194.50,6904.65,0,0,0,0.00,0,F1,30,,,,,
2026-06-09,2026-06-09,FO,NSE,IDO,61682,,BANKNIFTY,,2026-07-28,2026-07-28,50000.00,PE,BANKNIFTY26JUL50000PE,280.00,280.00,180.00,190.75,180.00,313.50,55194.50,190.75,94440,-3660,2204,3320648100.00,1481,F1,30,,,,,
2026-06-09,2026-06-09,FO,NSE,IDO,57815,,BANKNIFTY,,2026-06-30,2026-06-30,69000.00,PE,BANKNIFTY26JUN69000PE,14631.50,14631.50,14631.50,14631.50,14631.50,12500.00,55194.50,13563.40,2610,0,1,2508945.00,1,F1,30,,,,,
2026-06-09,2026-06-09,FO,NSE,IDO,57807,,BANKNIFTY,,2026-06-30,2026-06-30,67500.00,PE,BANKNIFTY26JUN67500PE,11950.00,11950.00,11950.00,11950.00,11950.00,12780.00,55194.50,11950.00,5700,30,1,2383500.00,1,F1,30,,,,,
2026-06-09,2026-06-09,FO,NSE,IDO,75906,,BANKNIFTY,,2026-06-30,2026-06-30,62400.00,PE,BANKNIFTY26JUN62400PE,0.00,0.00,0.00,11052.75,0.00,11052.75,55194.50,6996.15,0,0,0,0.00,0,F1,30,,,,,
2026-06-09,2026-06-09,FO,NSE,IDO,75896,,BANKNIFTY,,2026-06-30,2026-06-30,61900.00,PE,BANKNIFTY26JUN61900PE,0.00,0.00,0.00,10572.55,0.00,10572.55,55194.50,6503.45,0,0,0,0.00,0,F1,30,,,,,
2026-06-09,2026-06-09,FO,NSE,IDO,75881,,BANKNIFTY,,2026-06-30,2026-06-30,61200.00,PE,BANKNIFTY26JUN61200PE,0.00,0.00,0.00,9904.20,0.00,9904.20,55194.50,5818.60,0,0,0,0.00,0,F1,30,,,,,
2026-06-09,2026-06-09,FO,NSE,IDO,61952,,BANKNIFTY,,2026-07-28,2026-07-28,59900.00,PE,BANKNIFTY26JUL59900PE,0.00,0.00,0.00,4665.80,0.00,4665.80,55194.50,4585.20,0,0,0,0.00,0,F1,30,,,,,
2026-06-09,2026-06-09,FO,NSE,IDO,61950,,BANKNIFTY,,2026-07-28,2026-07-28,59800.00,PE,BANKNIFTY26JUL59800PE,0.00,0.00,0.00,4592.85,0.00,4592.85,55194.50,4502.65,0,0,0,0.00,0,F1,30,,,,,
2026-06-09,2026-06-09,FO,NSE,IDO,61916,,BANKNIFTY,,2026-07-28,2026-07-28,58900.00,PE,BANKNIFTY26JUL58900PE,0.00,0.00,0.00,3959.60,0.00,3959.60,55194.50,3785.50,0,0,0,0.00,0,F1,30,,,,,
2026-06-09,2026-06-09,FO,NSE,IDO,61894,,BANKNIFTY,,2026-07-28,2026-07-28,58200.00,PE,BANKNIFTY26JUL58200PE,0.00,0.00,0.00,3498.00,0.00,3498.00,55194.50,3262.80,0,0,0,0.00,0,F1,30,,,,,
2026-06-09,2026-06-09,FO,NSE,IDO,75071,,BANKNIFTY,,2026-06-30,2026-06-30,45500.00,CE,BANKNIFTY26JUN45500CE,0.00,0.00,0.00,7850.00,7850.00,7850.00,55194.50,9854.20,30,0,0,0.00,0,F1,30,,,,,
2026-06-09,2026-06-09,FO,NSE,IDO,75075,,BANKNIFTY,,2026-06-30,2026-06-30,45700.00,CE,BANKNIFTY26JUN45700CE,0.00,0.00,0.00,5685.65,0.00,5685.65,55194.50,9654.95,0,0,0,0.00,0,F1,30,,,,,
2026-06-09,2026-06-09,FO,NSE,IDO,75185,,BANKNIFTY,,2026-06-30,2026-06-30,47400.00,CE,BANKNIFTY26JUN47400CE,0.00,0.00,0.00,4319.20,0.00,4319.20,55194.50,7961.65,0,0,0,0.00,0,F1,30,,,,,
2026-06-09,2026-06-09,FO,NSE,IDO,75187,,BANKNIFTY,,2026-06-30,2026-06-30,47500.00,CE,BANKNIFTY26JUN47500CE,0.00,0.00,0.00,4244.15,0.00,4244.15,55194.50,7862.15,0,0,0,0.00,0,F1,30,,,,,
2026-06-09,2026-06-09,FO,NSE,IDO,75249,,BANKNIFTY,,2026-06-30,2026-06-30,48400.00,CE,BANKNIFTY26JUN48400CE,0.00,0.00,0.00,3597.90,0.00,3597.90,55194.50,6967.65,0,0,0,0.00,0,F1,30,,,,,
2026-06-09,2026-06-09,FO,NSE,IDO,75288,,BANKNIFTY,,2026-06-30,2026-06-30,50000.00,CE,BANKNIFTY26JUN50000CE,4599.95,5450.00,4599.95,5352.15,5427.95,4319.85,55194.50,5352.15,83940,1680,201,331976050.50,103,F1,30,,,,,
2026-06-09,2026-06-09,FO,NSE,IDO,75417,,BANKNIFTY,,2026-06-30,2026-06-30,50900.00,CE,BANKNIFTY26JUN50900CE,0.00,0.00,0.00,3655.40,3655.40,3655.40,55194.50,4527.35,180,0,0,0.00,0,F1,30,,,,,
2026-06-09,2026-06-09,FO,NSE,IDO,75428,,BANKNIFTY,,2026-06-30,2026-06-30,51400.00,CE,BANKNIFTY26JUN51400CE,0.00,0.00,0.00,3428.70,3428.70,3428.70,55194.50,4060.15,840,0,0,0.00,0,F1,30,,,,,
2026-06-09,2026-06-09,FO,NSE,IDO,75575,,BANKNIFTY,,2026-06-30,2026-06-30,53800.00,CE,BANKNIFTY26JUN53800CE,1350.00,2075.50,1350.00,2005.95,2048.20,1324.65,55194.50,2005.95,38400,-8250,1318,2193560986.50,1015,F1,30,,,,,
2026-06-09,2026-06-09,FO,NSE,IDO,57719,,BANKNIFTY,,2026-06-30,2026-06-30,54000.00,CE,BANKNIFTY26JUN54000CE,1275.25,1925.05,1231.90,1848.45,1912.00,1216.25,55194.50,1848.45,1022070,-112020,31467,52462655734.50,21274,F1,30,,,,,
2026-06-09,2026-06-09,FO,NSE,IDO,75604,,BANKNIFTY,,2026-06-30,2026-06-30,55200.00,CE,BANKNIFTY26JUN55200CE,735.20,1139.00,724.25,1077.85,1124.20,666.35,55194.50,1077.85,126390,37530,26995,45507647112.00,20393,F1,30,,,,,
2026-06-09,2026-06-09,FO,NSE,IDO,75272,,BANKNIFTY,,2026-06-30,2026-06-30,49100.00,CE,BANKNIFTY26JUN49100CE,0.00,0.00,0.00,3135.85,0.00,3135.85,55194.50,6274.75,0,0,0,0.00,0,F1,30,,,,,
2026-06-09,2026-06-09,FO,NSE,IDO,75274,,BANKNIFTY,,2026-06-30,2026-06-30,49200.00,CE,BANKNIFTY26JUN49200CE,0.00,0.00,0.00,3072.80,0.00,3072.80,55194.50,6176.10,0,0,0,0.00,0,F1,30,,,,,
2026-06-09,2026-06-09,FO,NSE,IDO,57705,,BANKNIFTY,,2026-06-30,2026-06-30,49500.00,CE,BANKNIFTY26JUN49500CE,0.00,0.00,0.00,5060.75,5209.70,5060.75,55194.50,5880.90,2940,0,0,0.00,0,F1,30,,,,,
2026-06-09,2026-06-09,FO,NSE,IDO,75467,,BANKNIFTY,,2026-06-30,2026-06-30,52900.00,CE,BANKNIFTY26JUN52900CE,2262.65,2788.75,2262.65,2768.95,2778.75,1924.55,55194.50,2768.95,5490,-120,17,28318110.00,15,F1,30,,,,,
2026-06-09,2026-06-09,FO,NSE,IDO,75630,,BANKNIFTY,,2026-06-30,2026-06-30,56600.00,CE,BANKNIFTY26JUN56600CE,282.10,505.50,282.10,465.40,494.90,267.35,55194.50,465.40,32550,-5160,6041,10329615441.00,3714,F1,30,,,,,
2026-06-09,2026-06-09,FO,NSE,IDO,75798,,BANKNIFTY,,2026-06-30,2026-06-30,58900.00,CE,BANKNIFTY26JUN58900CE,54.00,85.20,52.20,77.85,82.55,52.15,55194.50,77.85,28830,7950,3043,5383324473.00,1302,F1,30,,,,,
2026-06-09,2026-06-09,FO,NSE,IDO,75891,,BANKNIFTY,,2026-06-30,2026-06-30,61700.00,CE,BANKNIFTY26JUN61700CE,12.10,13.70,10.40,13.50,13.50,11.10,55194.50,18.15,7440,330,30,55541295.00,29,F1,30,,,,,
2026-06-09,2026-06-09,FO,NSE,IDO,75903,,BANKNIFTY,,2026-06-30,2026-06-30,62300.00,CE,BANKNIFTY26JUN62300CE,8.60,11.95,6.60,8.80,8.00,7.70,55194.50,8.80,3300,1620,238,444885525.00,136,F1,30,,,,,
2026-06-09,2026-06-09,FO,NSE,IDO,61613,,BANKNIFTY,,2026-07-28,2026-07-28,47000.00,CE,BANKNIFTY26JUL47000CE,0.00,0.00,0.00,8000.00,8000.00,8000.00,55194.50,8636.80,120,0,0,0.00,0,F1,30,,,,,
2026-06-09,2026-06-09,FO,NSE,IDO,61651,,BANKNIFTY,,2026-07-28,2026-07-28,48700.00,CE,BANKNIFTY26JUL48700CE,0.00,0.00,0.00,7624.65,0.00,7624.65,55194.50,7000.70,0,0,0,0.00,0,F1,30,,,,,
2026-06-09,2026-06-09,FO,NSE,IDO,61655,,BANKNIFTY,,2026-07-28,2026-07-28,48900.00,CE,BANKNIFTY26JUL48900CE,0.00,0.00,0.00,7447.45,0.00,7447.45,55194.50,6812.10,0,0,0,0.00,0,F1,30,,,,,
2026-06-09,2026-06-09,FO,NSE,IDO,61667,,BANKNIFTY,,2026-07-28,2026-07-28,49400.00,CE,BANKNIFTY26JUL49400CE,0.00,0.00,0.00,7010.60,0.00,7010.60,55194.50,6345.55,0,0,0,0.00,0,F1,30,,,,,
2026-06-09,2026-06-09,FO,NSE,IDO,61673,,BANKNIFTY,,2026-07-28,2026-07-28,49600.00,CE,BANKNIFTY26JUL49600CE,0.00,0.00,0.00,6838.45,0.00,6838.45,55194.50,6161.20,0,0,0,0.00,0,F1,30,,,,,
2026-06-09,2026-06-09,FO,NSE,IDO,61697,,BANKNIFTY,,2026-07-28,2026-07-28,50600.00,CE,BANKNIFTY26JUL50600CE,0.00,0.00,0.00,6002.70,0.00,6002.70,55194.50,5262.90,0,0,0,0.00,0,F1,30,,,,,
2026-06-09,2026-06-09,FO,NSE,IDO,61731,,BANKNIFTY,,2026-07-28,2026-07-28,52000.00,CE,BANKNIFTY26JUL52000CE,3535.00,4046.40,3535.00,4000.30,4046.40,3180.55,55194.50,4000.30,3330,-60,34,56837259.00,27,F1,30,,,,,
2026-06-09,2026-06-09,FO,NSE,IDO,61799,,BANKNIFTY,,2026-07-28,2026-07-28,54400.00,CE,BANKNIFTY26JUL54400CE,1834.10,2200.00,1750.00,2200.00,2200.00,1834.10,55194.50,2200.00,1710,60,31,52346041.50,30,F1,30,,,,,
2026-06-09,2026-06-09,FO,NSE,IDO,61807,,BANKNIFTY,,2026-07-28,2026-07-28,54800.00,CE,BANKNIFTY26JUL54800CE,1543.05,2002.75,1543.00,1949.60,2002.75,1414.85,55194.50,1949.60,3390,-2790,355,601278397.50,179,F1,30,,,,,
2026-06-09,2026-06-09,FO,NSE,IDO,61813,,BANKNIFTY,,2026-07-28,2026-07-28,55100.00,CE,BANKNIFTY26JUL55100CE,1522.05,1823.05,1476.00,1794.90,1823.05,1314.00,55194.50,1794.90,2760,390,70,119277253.50,51,F1,30,,,,,
2026-06-09,2026-06-09,FO,NSE,IDO,61853,,BANKNIFTY,,2026-07-28,2026-07-28,56700.00,CE,BANKNIFTY26JUL56700CE,797.70,996.00,780.00,960.10,982.15,666.05,55194.50,960.10,2550,480,51,88139677.50,30,F1,30,,,,,
2026-06-09,2026-06-09,FO,NSE,IDO,61875,,BANKNIFTY,,2026-07-28,2026-07-28,57400.00,CE,BANKNIFTY26JUL57400CE,0.00,0.00,0.00,507.40,507.40,507.40,55194.50,1020.20,1140,0,0,0.00,0,F1,30,,,,,
2026-06-09,2026-06-09,FO,NSE,IDO,61889,,BANKNIFTY,,2026-07-28,2026-07-28,58000.00,CE,BANKNIFTY26JUL58000CE,370.00,544.50,360.00,510.45,540.00,325.85,55194.50,510.45,111420,24090,4325,7586248188.00,2349,F1,30,,,,,
2026-06-09,2026-06-09,FO,NSE,IDO,61967,,BANKNIFTY,,2026-07-28,2026-07-28,60300.00,CE,BANKNIFTY26JUL60300CE,0.00,0.00,0.00,931.50,0.00,931.50,55194.50,356.50,0,0,0,0.00,0,F1,30,,,,,
2026-06-09,2026-06-09,FO,NSE,IDO,58838,,BANKNIFTY,,2026-08-25,2026-08-25,49400.00,CE,BANKNIFTY26AUG49400CE,0.00,0.00,0.00,6755.05,0.00,6755.05,55194.50,6728.10,0,0,0,0.00,0,F1,30,,,,,
2026-06-09,2026-06-09,FO,NSE,IDO,58844,,BANKNIFTY,,2026-08-25,2026-08-25,49700.00,CE,BANKNIFTY26AUG49700CE,0.00,0.00,0.00,6500.70,0.00,6500.70,55194.50,6466.15,0,0,0,0.00,0,F1,30,,,,,
2026-06-09,2026-06-09,FO,NSE,IDO,58868,,BANKNIFTY,,2026-08-25,2026-08-25,50500.00,CE,BANKNIFTY26AUG50500CE,0.00,0.00,0.00,5841.65,0.00,5841.65,55194.50,5786.25,0,0,0,0.00,0,F1,30,,,,,
2026-06-09,2026-06-09,FO,NSE,IDO,58886,,BANKNIFTY,,2026-08-25,2026-08-25,51400.00,CE,BANKNIFTY26AUG51400CE,0.00,0.00,0.00,5137.40,0.00,5137.40,55194.50,5058.15,0,0,0,0.00,0,F1,30,,,,,
2026-06-09,2026-06-09,FO,NSE,IDO,58920,,BANKNIFTY,,2026-08-25,2026-08-25,52000.00,CE,BANKNIFTY26AUG52000CE,0.00,0.00,0.00,3475.00,3475.00,3475.00,55194.50,4597.40,30,0,0,0.00,0,F1,30,,,,,
2026-06-09,2026-06-09,FO,NSE,IDO,58932,,BANKNIFTY,,2026-08-25,2026-08-25,52600.00,CE,BANKNIFTY26AUG52600CE,0.00,0.00,0.00,4266.95,0.00,4266.95,55194.50,4159.90,0,0,0,0.00,0,F1,30,,,,,
2026-06-09,2026-06-09,FO,NSE,IDO,59004,,BANKNIFTY,,2026-08-25,2026-08-25,55000.00,CE,BANKNIFTY26AUG55000CE,1920.00,2379.55,1911.20,2324.00,2379.55,1779.05,55194.50,2324.00,13050,1380,148,253628640.00,117,F1,30,,,,,
2026-06-09,2026-06-09,FO,NSE,IDO,59014,,BANKNIFTY,,2026-08-25,2026-08-25,55500.00,CE,BANKNIFTY26AUG55500CE,0.00,0.00,0.00,1621.10,1621.10,1621.10,55194.50,2380.50,510,0,0,0.00,0,F1,30,,,,,
2026-06-09,2026-06-09,FO,NSE,IDO,76424,,BANKNIFTY,,2027-03-30,2027-03-30,61500.00,PE,BANKNIFTY27MAR61500PE,0.00,0.00,0.00,8564.80,0.00,8564.80,55194.50,6003.55,0,0,0,0.00,0,F1,30,,,,,
2026-06-09,2026-06-09,FO,NSE,IDO,76397,,BANKNIFTY,,2027-03-30,2027-03-30,55500.00,PE,BANKNIFTY27MAR55500PE,0.00,0.00,0.00,4717.35,0.00,4717.35,55194.50,2906.85,0,0,0,0.00,0,F1,30,,,,,
2026-06-09,2026-06-09,FO,NSE,IDO,57746,,BANKNIFTY,,2026-06-30,2026-06-30,57000.00,CE,BANKNIFTY26JUN57000CE,210.40,380.50,210.00,351.10,370.00,201.75,55194.50,351.10,848790,-24360,67391,115848838081.50,43046,F1,30,,,,,
2026-06-09,2026-06-09,FO,NSE,IDO,75733,,BANKNIFTY,,2026-06-30,2026-06-30,57800.00,CE,BANKNIFTY26JUN57800CE,121.40,210.20,118.60,189.85,201.95,111.30,55194.50,189.85,45030,20940,4677,8133198759.00,2433,F1,30,,,,,
2026-06-09,2026-06-09,FO,NSE,IDO,75759,,BANKNIFTY,,2026-06-30,2026-06-30,58400.00,CE,BANKNIFTY26JUN58400CE,76.50,128.25,76.10,118.55,127.90,71.95,55194.50,118.55,22110,3780,4003,7025883031.50,1517,F1,30,,,,,
2026-06-09,2026-06-09,FO,NSE,IDO,75834,,BANKNIFTY,,2026-06-30,2026-06-30,60400.00,CE,BANKNIFTY26JUN60400CE,20.75,28.70,20.40,27.65,26.95,20.65,55194.50,27.65,6000,990,385,697895758.50,212,F1,30,,,,,
2026-06-09,2026-06-09,FO,NSE,IDO,75899,,BANKNIFTY,,2026-06-30,2026-06-30,62100.00,CE,BANKNIFTY26JUN62100CE,9.00,11.80,8.75,9.25,9.00,8.65,55194.50,9.25,2130,240,266,495637099.50,130,F1,30,,,,,
2026-06-09,2026-06-09,FO,NSE,IDO,57770,,BANKNIFTY,,2026-06-30,2026-06-30,64500.00,CE,BANKNIFTY26JUN64500CE,4.50,4.50,2.55,3.00,3.05,3.60,55194.50,3.00,11280,1650,425,822418275.00,200,F1,30,,,,,
2026-06-09,2026-06-09,FO,NSE,IDO,57778,,BANKNIFTY,,2026-06-30,2026-06-30,66000.00,CE,BANKNIFTY26JUN66000CE,2.80,2.95,2.20,2.45,2.50,3.10,55194.50,2.45,52500,11400,819,1621678786.50,179,F1,30,,,,,
2026-06-09,2026-06-09,FO,NSE,IDO,61629,,BANKNIFTY,,2026-07-28,2026-07-28,47700.00,CE,BANKNIFTY26JUL47700CE,0.00,0.00,0.00,8529.15,0.00,8529.15,55194.50,7957.20,0,0,0,0.00,0,F1,30,,,,,
2026-06-09,2026-06-09,FO,NSE,IDO,61675,,BANKNIFTY,,2026-07-28,2026-07-28,49700.00,CE,BANKNIFTY26JUL49700CE,0.00,0.00,0.00,6752.95,0.00,6752.95,55194.50,6069.55,0,0,0,0.00,0,F1,30,,,,,
2026-06-09,2026-06-09,FO,NSE,IDO,75422,,BANKNIFTY,,2026-06-30,2026-06-30,51200.00,PE,BANKNIFTY26JUN51200PE,231.10,231.10,93.60,99.05,93.65,226.55,55194.50,99.05,87780,35070,6960,10714034955.00,2610,F1,30,,,,,
2026-06-09,2026-06-09,FO,NSE,IDO,75273,,BANKNIFTY,,2026-06-30,2026-06-30,49100.00,PE,BANKNIFTY26JUN49100PE,60.15,60.15,32.60,33.90,33.30,69.45,55194.50,33.90,7740,-3570,703,1036456335.00,465,F1,30,,,,,
2026-06-09,2026-06-09,FO,NSE,IDO,76429,,BANKNIFTY,,2027-03-30,2027-03-30,64500.00,CE,BANKNIFTY27MAR64500CE,0.00,0.00,0.00,1094.95,0.00,1094.95,55194.50,2065.65,0,0,0,0.00,0,F1,30,,,,,
2026-06-09,2026-06-09,FO,NSE,IDO,76394,,BANKNIFTY,,2027-03-30,2027-03-30,54000.00,CE,BANKNIFTY27MAR54000CE,0.00,0.00,0.00,3970.55,0.00,3970.55,55194.50,6366.35,0,0,0,0.00,0,F1,30,,,,,
2026-06-09,2026-06-09,FO,NSE,IDO,76386,,BANKNIFTY,,2027-03-30,2027-03-30,48000.00,CE,BANKNIFTY27MAR48000CE,0.00,0.00,0.00,7195.75,0.00,7195.75,55194.50,10489.95,0,0,0,0.00,0,F1,30,,,,,
2026-06-09,2026-06-09,FO,NSE,IDO,76384,,BANKNIFTY,,2027-03-30,2027-03-30,46500.00,CE,BANKNIFTY27MAR46500CE,0.00,0.00,0.00,8199.45,0.00,8199.45,55194.50,11687.05,0,0,0,0.00,0,F1,30,,,,,
2026-06-09,2026-06-09,FO,NSE,IDO,53235,,BANKNIFTY,,2026-12-29,2026-12-29,58500.00,CE,BANKNIFTY26DEC58500CE,0.00,0.00,0.00,5992.15,0.00,5992.15,55194.50,2964.75,0,0,0,0.00,0,F1,30,,,,,
2026-06-09,2026-06-09,FO,NSE,IDO,52420,,BANKNIFTY,,2026-09-29,2026-09-29,66000.00,CE,BANKNIFTY26SEP66000CE,0.00,0.00,0.00,1369.25,0.00,1369.25,55194.50,289.60,0,0,0,0.00,0,F1,30,,,,,
2026-06-09,2026-06-09,FO,NSE,IDO,75829,,BANKNIFTY,,2026-06-30,2026-06-30,60100.00,PE,BANKNIFTY26JUN60100PE,0.00,0.00,0.00,8866.00,0.00,8866.00,55194.50,4762.00,0,0,0,0.00,0,F1,30,,,,,
2026-06-09,2026-06-09,FO,NSE,IDO,75795,,BANKNIFTY,,2026-06-30,2026-06-30,58700.00,PE,BANKNIFTY26JUN58700PE,0.00,0.00,0.00,4200.00,4200.00,4200.00,55194.50,3482.50,2580,0,0,0.00,0,F1,30,,,,,
2026-06-09,2026-06-09,FO,NSE,IDO,75750,,BANKNIFTY,,2026-06-30,2026-06-30,57900.00,PE,BANKNIFTY26JUN57900PE,3298.85,3298.85,3298.85,3298.85,3298.85,3817.00,55194.50,2806.20,480,0,1,1835965.50,1,F1,30,,,,,
2026-06-09,2026-06-09,FO,NSE,IDO,75621,,BANKNIFTY,,2026-06-30,2026-06-30,56100.00,PE,BANKNIFTY26JUN56100PE,1740.00,1780.00,1313.20,1357.05,1313.20,2216.65,55194.50,1357.05,11100,600,243,419744313.00,171,F1,30,,,,,
2026-06-09,2026-06-09,FO,NSE,IDO,75599,,BANKNIFTY,,2026-06-30,2026-06-30,54900.00,PE,BANKNIFTY26JUN54900PE,1235.00,1236.75,745.05,790.05,749.95,1416.35,55194.50,790.05,103200,48930,27239,45624775272.00,19229,F1,30,,,,,
2026-06-09,2026-06-09,FO,NSE,IDO,75570,,BANKNIFTY,,2026-06-30,2026-06-30,53500.00,PE,BANKNIFTY26JUN53500PE,709.00,709.00,353.45,374.85,357.45,757.20,55194.50,374.85,633660,40020,31421,50887323883.50,19606,F1,30,,,,,
2026-06-09,2026-06-09,FO,NSE,IDO,75549,,BANKNIFTY,,2026-06-30,2026-06-30,53000.00,PE,BANKNIFTY26JUN53000PE,521.55,537.00,264.70,281.55,266.00,595.40,55194.50,281.55,666090,-3750,53237,85226639698.50,32976,F1,30,,,,,
2026-06-09,2026-06-09,FO,NSE,IDO,52389,,BANKNIFTY,,2026-09-29,2026-09-29,61500.00,PE,BANKNIFTY26SEP61500PE,0.00,0.00,0.00,6000.30,6000.30,6000.30,55194.50,5945.80,120,0,0,0.00,0,F1,30,,,,,
2026-06-09,2026-06-09,FO,NSE,IDO,59171,,BANKNIFTY,,2026-08-25,2026-08-25,60100.00,PE,BANKNIFTY26AUG60100PE,0.00,0.00,0.00,5022.25,0.00,5022.25,55194.50,4817.50,0,0,0,0.00,0,F1,30,,,,,
2026-06-09,2026-06-09,FO,NSE,IDO,59135,,BANKNIFTY,,2026-08-25,2026-08-25,58600.00,PE,BANKNIFTY26AUG58600PE,0.00,0.00,0.00,3941.05,0.00,3941.05,55194.50,3720.55,0,0,0,0.00,0,F1,30,,,,,
2026-06-09,2026-06-09,FO,NSE,IDO,59125,,BANKNIFTY,,2026-08-25,2026-08-25,58400.00,PE,BANKNIFTY26AUG58400PE,0.00,0.00,0.00,3806.35,0.00,3806.35,55194.50,3584.20,0,0,0,0.00,0,F1,30,,,,,
2026-06-09,2026-06-09,FO,NSE,IDO,59043,,BANKNIFTY,,2026-08-25,2026-08-25,56100.00,PE,BANKNIFTY26AUG56100PE,0.00,0.00,0.00,2430.40,0.00,2430.40,55194.50,2203.85,0,0,0,0.00,0,F1,30,,,,,
2026-06-09,2026-06-09,FO,NSE,IDO,58983,,BANKNIFTY,,2026-08-25,2026-08-25,54200.00,PE,BANKNIFTY26AUG54200PE,0.00,0.00,0.00,1552.20,0.00,1552.20,55194.50,1345.85,0,0,0,0.00,0,F1,30,,,,,
2026-06-09,2026-06-09,FO,NSE,IDO,58949,,BANKNIFTY,,2026-08-25,2026-08-25,53200.00,PE,BANKNIFTY26AUG53200PE,0.00,0.00,0.00,1408.00,1408.00,1408.00,55194.50,998.25,60,0,0,0.00,0,F1,30,,,,,
2026-06-09,2026-06-09,FO,NSE,IDO,58871,,BANKNIFTY,,2026-08-25,2026-08-25,50600.00,PE,BANKNIFTY26AUG50600PE,0.00,0.00,0.00,520.90,0.00,520.90,55194.50,396.55,0,0,0,0.00,0,F1,30,,,,,
2026-06-09,2026-06-09,FO,NSE,IDO,58841,,BANKNIFTY,,2026-08-25,2026-08-25,49500.00,PE,BANKNIFTY26AUG49500PE,0.00,0.00,0.00,345.65,0.00,345.65,55194.50,249.10,0,0,0,0.00,0,F1,30,,,,,
2026-06-09,2026-06-09,FO,NSE,IDO,58819,,BANKNIFTY,,2026-08-25,2026-08-25,49300.00,PE,BANKNIFTY26AUG49300PE,0.00,0.00,0.00,319.40,0.00,319.40,55194.50,227.70,0,0,0,0.00,0,F1,30,,,,,
2026-06-09,2026-06-09,FO,NSE,IDO,58801,,BANKNIFTY,,2026-08-25,2026-08-25,48600.00,PE,BANKNIFTY26AUG48600PE,0.00,0.00,0.00,239.55,0.00,239.55,55194.50,164.10,0,0,0,0.00,0,F1,30,,,,,
2026-06-09,2026-06-09,FO,NSE,IDO,52358,,BANKNIFTY,,2026-09-29,2026-09-29,58500.00,CE,BANKNIFTY26SEP58500CE,951.65,1188.90,951.65,1143.95,1139.70,900.00,55194.50,1143.95,10530,870,81,144731797.50,63,F1,30,,,,,
2026-06-09,2026-06-09,FO,NSE,IDO,62086,,BANKNIFTY,,2026-07-28,2026-07-28,63500.00,PE,BANKNIFTY26JUL63500PE,0.00,0.00,0.00,6447.00,6447.00,6447.00,55194.50,7821.65,30,0,0,0.00,0,F1,30,,,,,
2026-06-09,2026-06-09,FO,NSE,IDO,52280,,BANKNIFTY,,2026-09-29,2026-09-29,49500.00,CE,BANKNIFTY26SEP49500CE,0.00,0.00,0.00,8922.65,0.00,8922.65,55194.50,7120.15,0,0,0,0.00,0,F1,30,,,,,
2026-06-09,2026-06-09,FO,NSE,IDO,59266,,BANKNIFTY,,2026-08-25,2026-08-25,62500.00,CE,BANKNIFTY26AUG62500CE,0.00,0.00,0.00,339.00,339.00,339.00,55194.50,367.20,30,0,0,0.00,0,F1,30,,,,,
2026-06-09,2026-06-09,FO,NSE,IDO,59159,,BANKNIFTY,,2026-08-25,2026-08-25,59600.00,CE,BANKNIFTY26AUG59600CE,0.00,0.00,0.00,1020.45,0.00,1020.45,55194.50,873.65,0,0,0,0.00,0,F1,30,,,,,
2026-06-09,2026-06-09,FO,NSE,IDO,61679,,BANKNIFTY,,2026-07-28,2026-07-28,49900.00,CE,BANKNIFTY26JUL49900CE,0.00,0.00,0.00,6583.20,0.00,6583.20,55194.50,5887.35,0,0,0,0.00,0,F1,30,,,,,
2026-06-09,2026-06-09,FO,NSE,IDO,61701,,BANKNIFTY,,2026-07-28,2026-07-28,50800.00,CE,BANKNIFTY26JUL50800CE,0.00,0.00,0.00,5841.00,0.00,5841.00,55194.50,5088.70,0,0,0,0.00,0,F1,30,,,,,
2026-06-09,2026-06-09,FO,NSE,IDO,61704,,BANKNIFTY,,2026-07-28,2026-07-28,50900.00,CE,BANKNIFTY26JUL50900CE,0.00,0.00,0.00,5760.85,0.00,5760.85,55194.50,5002.35,0,0,0,0.00,0,F1,30,,,,,
2026-06-09,2026-06-09,FO,NSE,IDO,61712,,BANKNIFTY,,2026-07-28,2026-07-28,51300.00,CE,BANKNIFTY26JUL51300CE,0.00,0.00,0.00,5445.25,0.00,5445.25,55194.50,4662.50,0,0,0,0.00,0,F1,30,,,,,
2026-06-09,2026-06-09,FO,NSE,IDO,61888,,BANKNIFTY,,2026-07-28,2026-07-28,57900.00,PE,BANKNIFTY26JUL57900PE,0.00,0.00,0.00,3308.95,0.00,3308.95,55194.50,3049.80,0,0,0,0.00,0,F1,30,,,,,
2026-06-09,2026-06-09,FO,NSE,IDO,61870,,BANKNIFTY,,2026-07-28,2026-07-28,57100.00,PE,BANKNIFTY26JUL57100PE,0.00,0.00,0.00,2831.75,0.00,2831.75,55194.50,2516.05,0,0,0,0.00,0,F1,30,,,,,
2026-06-09,2026-06-09,FO,NSE,IDO,61783,,BANKNIFTY,,2026-07-28,2026-07-28,53900.00,PE,BANKNIFTY26JUL53900PE,770.00,779.20,770.00,779.20,779.20,1249.10,55194.50,779.20,870,-90,5,8201052.00,2,F1,30,,,,,
2026-06-09,2026-06-09,FO,NSE,IDO,61781,,BANKNIFTY,,2026-07-28,2026-07-28,53800.00,PE,BANKNIFTY26JUL53800PE,1224.00,1224.00,750.00,757.05,772.30,1198.95,55194.50,757.05,2730,60,59,96784710.00,38,F1,30,,,,,
2026-06-09,2026-06-09,FO,NSE,IDO,61738,,BANKNIFTY,,2026-07-28,2026-07-28,52200.00,PE,BANKNIFTY26JUL52200PE,535.00,535.00,427.80,436.30,431.80,552.95,55194.50,436.30,2010,180,139,219788739.00,26,F1,30,,,,,
2026-06-09,2026-06-09,FO,NSE,IDO,61736,,BANKNIFTY,,2026-07-28,2026-07-28,52100.00,PE,BANKNIFTY26JUL52100PE,468.95,468.95,411.25,417.35,411.25,675.90,55194.50,417.35,840,60,14,22068372.00,14,F1,30,,,,,
2026-06-09,2026-06-09,FO,NSE,IDO,61715,,BANKNIFTY,,2026-07-28,2026-07-28,51400.00,PE,BANKNIFTY26JUL51400PE,427.20,427.20,314.75,318.25,314.75,488.55,55194.50,318.25,690,-90,12,18635056.50,9,F1,30,,,,,
2026-06-09,2026-06-09,FO,NSE,IDO,61705,,BANKNIFTY,,2026-07-28,2026-07-28,50900.00,PE,BANKNIFTY26JUL50900PE,337.10,337.10,261.95,280.35,280.35,435.85,55194.50,250.70,450,-180,11,16890112.50,4,F1,30,,,,,
2026-06-09,2026-06-09,FO,NSE,IDO,59136,,BANKNIFTY,,2026-08-25,2026-08-25,58700.00,CE,BANKNIFTY26AUG58700CE,0.00,0.00,0.00,1269.35,0.00,1269.35,55194.50,1110.45,0,0,0,0.00,0,F1,30,,,,,
2026-06-09,2026-06-09,FO,NSE,IDO,58988,,BANKNIFTY,,2026-08-25,2026-08-25,54400.00,CE,BANKNIFTY26AUG54400CE,0.00,0.00,0.00,3129.90,0.00,3129.90,55194.50,2984.15,0,0,0,0.00,0,F1,30,,,,,
2026-06-09,2026-06-09,FO,NSE,IDO,58972,,BANKNIFTY,,2026-08-25,2026-08-25,53800.00,CE,BANKNIFTY26AUG53800CE,0.00,0.00,0.00,3485.60,0.00,3485.60,55194.50,3350.20,0,0,0,0.00,0,F1,30,,,,,
2026-06-09,2026-06-09,FO,NSE,IDO,58884,,BANKNIFTY,,2026-08-25,2026-08-25,51300.00,CE,BANKNIFTY26AUG51300CE,0.00,0.00,0.00,5213.60,0.00,5213.60,55194.50,5136.95,0,0,0,0.00,0,F1,30,,,,,
2026-06-09,2026-06-09,FO,NSE,IDO,58878,,BANKNIFTY,,2026-08-25,2026-08-25,51000.00,CE,BANKNIFTY26AUG51000CE,0.00,0.00,0.00,3541.35,3541.35,3541.35,55194.50,5376.55,30,0,0,0.00,0,F1,30,,,,,
2026-06-09,2026-06-09,FO,NSE,IDO,58858,,BANKNIFTY,,2026-08-25,2026-08-25,50100.00,CE,BANKNIFTY26AUG50100CE,0.00,0.00,0.00,6167.55,0.00,6167.55,55194.50,6122.65,0,0,0,0.00,0,F1,30,,,,,
2026-06-09,2026-06-09,FO,NSE,IDO,75839,,BANKNIFTY,,2026-06-30,2026-06-30,60500.00,PE,BANKNIFTY26JUN60500PE,5700.00,5700.00,5700.00,5700.00,5700.00,5900.00,55194.50,5142.55,3540,-30,1,1986000.00,1,F1,30,,,,,
2026-06-09,2026-06-09,FO,NSE,IDO,75850,,BANKNIFTY,,2026-06-30,2026-06-30,61000.00,PE,BANKNIFTY26JUN61000PE,6350.00,6350.00,5547.15,5610.00,5610.00,6575.75,55194.50,5610.00,48270,-1410,56,112485796.50,50,F1,30,,,,,
2026-06-09,2026-06-09,FO,NSE,IDO,61841,,BANKNIFTY,,2026-07-28,2026-07-28,56300.00,CE,BANKNIFTY26JUL56300CE,965.25,1096.05,965.25,1096.05,1096.05,877.85,55194.50,1435.80,1770,540,25,43005640.50,19,F1,30,,,,,
2026-06-09,2026-06-09,FO,NSE,IDO,61654,,BANKNIFTY,,2026-07-28,2026-07-28,48800.00,PE,BANKNIFTY26JUL48800PE,153.25,153.25,123.30,123.30,123.30,146.30,55194.50,73.50,240,60,6,8808327.00,5,F1,30,,,,,
2026-06-09,2026-06-09,FO,NSE,IDO,61600,,BANKNIFTY,,2026-07-28,2026-07-28,46500.00,PE,BANKNIFTY26JUL46500PE,55.00,56.40,53.15,55.25,53.15,69.90,55194.50,55.25,2130,-180,33,46089672.00,15,F1,30,,,,,
2026-06-09,2026-06-09,FO,NSE,IDO,75914,,BANKNIFTY,,2026-06-30,2026-06-30,62800.00,PE,BANKNIFTY26JUN62800PE,0.00,0.00,0.00,11438.35,0.00,11438.35,55194.50,7391.75,0,0,0,0.00,0,F1,30,,,,,
2026-06-09,2026-06-09,FO,NSE,IDO,75894,,BANKNIFTY,,2026-06-30,2026-06-30,61800.00,PE,BANKNIFTY26JUN61800PE,0.00,0.00,0.00,10476.75,0.00,10476.75,55194.50,6405.25,0,0,0,0.00,0,F1,30,,,,,
2026-06-09,2026-06-09,FO,NSE,IDO,75848,,BANKNIFTY,,2026-06-30,2026-06-30,60900.00,PE,BANKNIFTY26JUN60900PE,0.00,0.00,0.00,9619.45,0.00,9619.45,55194.50,5527.55,0,0,0,0.00,0,F1,30,,,,,
2026-06-09,2026-06-09,FO,NSE,IDO,75835,,BANKNIFTY,,2026-06-30,2026-06-30,60400.00,PE,BANKNIFTY26JUN60400PE,0.00,0.00,0.00,9147.45,0.00,9147.45,55194.50,5047.00,0,0,0,0.00,0,F1,30,,,,,
2026-06-09,2026-06-09,FO,NSE,IDO,75812,,BANKNIFTY,,2026-06-30,2026-06-30,59400.00,PE,BANKNIFTY26JUN59400PE,0.00,0.00,0.00,8215.20,0.00,8215.20,55194.50,4110.10,0,0,0,0.00,0,F1,30,,,,,
2026-06-09,2026-06-09,FO,NSE,IDO,75797,,BANKNIFTY,,2026-06-30,2026-06-30,58800.00,PE,BANKNIFTY26JUN58800PE,0.00,0.00,0.00,4190.80,4190.80,4190.80,55194.50,3570.35,180,0,0,0.00,0,F1,30,,,,,
2026-06-09,2026-06-09,FO,NSE,IDO,75760,,BANKNIFTY,,2026-06-30,2026-06-30,58400.00,PE,BANKNIFTY26JUN58400PE,0.00,0.00,0.00,3821.60,3821.60,3821.60,55194.50,3223.05,390,0,0,0.00,0,F1,30,,,,,
2026-06-09,2026-06-09,FO,NSE,IDO,75756,,BANKNIFTY,,2026-06-30,2026-06-30,58200.00,PE,BANKNIFTY26JUN58200PE,0.00,0.00,0.00,1956.10,1956.95,1956.10,55194.50,3053.85,390,0,0,0.00,0,F1,30,,,,,
2026-06-09,2026-06-09,FO,NSE,IDO,75633,,BANKNIFTY,,2026-06-30,2026-06-30,56700.00,PE,BANKNIFTY26JUN56700PE,2250.00,2260.80,1737.85,1762.70,1737.85,2473.35,55194.50,1762.70,2880,60,34,59845927.50,30,F1,30,,,,,
2026-06-09,2026-06-09,FO,NSE,IDO,75462,,BANKNIFTY,,2026-06-30,2026-06-30,52600.00,PE,BANKNIFTY26JUN52600PE,496.75,496.75,210.15,223.20,210.15,486.45,55194.50,223.20,23790,450,2378,3773038035.00,1478,F1,30,,,,,
2026-06-09,2026-06-09,FO,NSE,IDO,75452,,BANKNIFTY,,2026-06-30,2026-06-30,52100.00,PE,BANKNIFTY26JUN52100PE,298.95,303.55,158.00,166.45,158.00,370.60,55194.50,166.45,23100,-1290,3773,5921991573.00,1925,F1,30,,,,,
2026-06-09,2026-06-09,FO,NSE,IDO,75431,,BANKNIFTY,,2026-06-30,2026-06-30,51500.00,PE,BANKNIFTY26JUN51500PE,231.50,231.50,110.15,117.35,111.75,263.45,55194.50,117.35,308820,5400,19569,30322689493.50,11293,F1,30,,,,,
2026-06-09,2026-06-09,FO,NSE,IDO,75182,,BANKNIFTY,,2026-06-30,2026-06-30,47200.00,PE,BANKNIFTY26JUN47200PE,29.90,29.90,14.85,16.00,16.60,29.90,55194.50,16.00,2850,900,142,201166329.00,78,F1,30,,,,,
2026-06-09,2026-06-09,FO,NSE,IDO,75169,,BANKNIFTY,,2026-06-30,2026-06-30,46700.00,PE,BANKNIFTY26JUN46700PE,24.30,24.70,11.70,13.30,13.50,24.15,55194.50,13.30,1830,-90,134,187806358.50,78,F1,30,,,,,
2026-06-09,2026-06-09,FO,NSE,IDO,75165,,BANKNIFTY,,2026-06-30,2026-06-30,46400.00,PE,BANKNIFTY26JUN46400PE,23.00,23.00,12.50,13.90,16.55,20.00,55194.50,13.90,3150,2550,181,252032800.50,61,F1,30,,,,,
2026-06-09,2026-06-09,FO,NSE,IDO,75113,,BANKNIFTY,,2026-06-30,2026-06-30,46100.00,PE,BANKNIFTY26JUN46100PE,20.40,20.40,10.20,11.30,10.65,20.40,55194.50,11.30,4080,3300,363,502177360.50,125,F1,30,,,,,
2026-06-09,2026-06-09,FO,NSE,IDO,57642,,BANKNIFTY,,2026-06-30,2026-06-30,43500.00,PE,BANKNIFTY26JUN43500PE,10.05,10.05,5.50,6.45,6.25,9.15,55194.50,6.45,17640,540,398,519477483.00,211,F1,30,,,,,
2026-06-09,2026-06-09,FO,NSE,IDO,76419,,BANKNIFTY,,2027-03-30,2027-03-30,61500.00,CE,BANKNIFTY27MAR61500CE,0.00,0.00,0.00,1629.75,0.00,1629.75,55194.50,2938.45,0,0,0,0.00,0,F1,30,,,,,
2026-06-09,2026-06-09,FO,NSE,IDO,76380,,BANKNIFTY,,2027-03-30,2027-03-30,43500.00,CE,BANKNIFTY27MAR43500CE,0.00,0.00,0.00,10420.10,0.00,10420.10,55194.50,14231.70,0,0,0,0.00,0,F1,30,,,,,
2026-06-09,2026-06-09,FO,NSE,IDO,53254,,BANKNIFTY,,2026-12-29,2026-12-29,69000.00,CE,BANKNIFTY26DEC69000CE,0.00,0.00,0.00,1660.30,0.00,1660.30,55194.50,565.30,0,0,0,0.00,0,F1,30,,,,,
2026-06-09,2026-06-09,FO,NSE,IDO,53248,,BANKNIFTY,,2026-12-29,2026-12-29,64500.00,CE,BANKNIFTY26DEC64500CE,0.00,0.00,0.00,3029.80,0.00,3029.80,55194.50,1216.00,0,0,0,0.00,0,F1,30,,,,,
2026-06-09,2026-06-09,FO,NSE,IDO,53246,,BANKNIFTY,,2026-12-29,2026-12-29,63000.00,CE,BANKNIFTY26DEC63000CE,0.00,0.00,0.00,3641.35,0.00,3641.35,55194.50,1542.90,0,0,0,0.00,0,F1,30,,,,,
2026-06-09,2026-06-09,FO,NSE,IDO,52404,,BANKNIFTY,,2026-09-29,2026-09-29,63000.00,CE,BANKNIFTY26SEP63000CE,190.00,219.00,185.05,217.00,217.00,172.95,55194.50,217.00,17010,1410,135,255965793.00,100,F1,30,,,,,
2026-06-09,2026-06-09,FO,NSE,IDO,59155,,BANKNIFTY,,2026-08-25,2026-08-25,59500.00,CE,BANKNIFTY26AUG59500CE,0.00,0.00,0.00,1046.05,0.00,1046.05,55194.50,897.85,0,0,0,0.00,0,F1,30,,,,,
2026-06-09,2026-06-09,FO,NSE,IDO,59147,,BANKNIFTY,,2026-08-25,2026-08-25,59100.00,CE,BANKNIFTY26AUG59100CE,0.00,0.00,0.00,1153.45,0.00,1153.45,55194.50,998.35,0,0,0,0.00,0,F1,30,,,,,
2026-06-09,2026-06-09,FO,NSE,IDO,59092,,BANKNIFTY,,2026-08-25,2026-08-25,57600.00,CE,BANKNIFTY26AUG57600CE,0.00,0.00,0.00,1634.70,0.00,1634.70,55194.50,1469.10,0,0,0,0.00,0,F1,30,,,,,
2026-06-09,2026-06-09,FO,NSE,IDO,59059,,BANKNIFTY,,2026-08-25,2026-08-25,56700.00,CE,BANKNIFTY26AUG56700CE,0.00,0.00,0.00,1987.95,0.00,1987.95,55194.50,1821.65,0,0,0,0.00,0,F1,30,,,,,
2026-06-09,2026-06-09,FO,NSE,IDO,58976,,BANKNIFTY,,2026-08-25,2026-08-25,53900.00,CE,BANKNIFTY26AUG53900CE,0.00,0.00,0.00,3424.65,0.00,3424.65,55194.50,3287.45,0,0,0,0.00,0,F1,30,,,,,
2026-06-09,2026-06-09,FO,NSE,IDO,58962,,BANKNIFTY,,2026-08-25,2026-08-25,53600.00,CE,BANKNIFTY26AUG53600CE,0.00,0.00,0.00,3609.40,0.00,3609.40,55194.50,3477.90,0,0,0,0.00,0,F1,30,,,,,
2026-06-09,2026-06-09,FO,NSE,IDO,58928,,BANKNIFTY,,2026-08-25,2026-08-25,52400.00,CE,BANKNIFTY26AUG52400CE,0.00,0.00,0.00,4408.20,0.00,4408.20,55194.50,4304.00,0,0,0,0.00,0,F1,30,,,,,
2026-06-09,2026-06-09,FO,NSE,IDO,58882,,BANKNIFTY,,2026-08-25,2026-08-25,51200.00,CE,BANKNIFTY26AUG51200CE,0.00,0.00,0.00,5290.25,0.00,5290.25,55194.50,5216.30,0,0,0,0.00,0,F1,30,,,,,
2026-06-09,2026-06-09,FO,NSE,IDO,58874,,BANKNIFTY,,2026-08-25,2026-08-25,50800.00,CE,BANKNIFTY26AUG50800CE,0.00,0.00,0.00,5602.30,0.00,5602.30,55194.50,5538.90,0,0,0,0.00,0,F1,30,,,,,
2026-06-09,2026-06-09,FO,NSE,IDO,58870,,BANKNIFTY,,2026-08-25,2026-08-25,50600.00,CE,BANKNIFTY26AUG50600CE,0.00,0.00,0.00,5761.40,0.00,5761.40,55194.50,5703.30,0,0,0,0.00,0,F1,30,,,,,
2026-06-09,2026-06-09,FO,NSE,IDO,58810,,BANKNIFTY,,2026-08-25,2026-08-25,48900.00,CE,BANKNIFTY26AUG48900CE,0.00,0.00,0.00,7186.90,0.00,7186.90,55194.50,7172.15,0,0,0,0.00,0,F1,30,,,,,
2026-06-09,2026-06-09,FO,NSE,IDO,58808,,BANKNIFTY,,2026-08-25,2026-08-25,48800.00,CE,BANKNIFTY26AUG48800CE,0.00,0.00,0.00,7274.40,0.00,7274.40,55194.50,7262.00,0,0,0,0.00,0,F1,30,,,,,
2026-06-09,2026-06-09,FO,NSE,IDO,61957,,BANKNIFTY,,2026-07-28,2026-07-28,60000.00,CE,BANKNIFTY26JUL60000CE,103.50,163.75,97.50,149.50,161.70,96.90,55194.50,149.50,1047780,104010,11485,20719188084.00,8085,F1,30,,,,,
2026-06-09,2026-06-09,FO,NSE,IDO,61821,,BANKNIFTY,,2026-07-28,2026-07-28,55500.00,CE,BANKNIFTY26JUL55500CE,1130.00,1606.40,1130.00,1556.15,1602.00,1089.45,55194.50,1556.15,36840,2880,584,998156788.50,426,F1,30,,,,,
2026-06-09,2026-06-09,FO,NSE,IDO,61809,,BANKNIFTY,,2026-07-28,2026-07-28,54900.00,CE,BANKNIFTY26JUL54900CE,1460.00,1944.85,1460.00,1903.05,1930.00,1372.20,55194.50,1903.05,2760,510,83,140971902.00,63,F1,30,,,,,
2026-06-09,2026-06-09,FO,NSE,IDO,61801,,BANKNIFTY,,2026-07-28,2026-07-28,54500.00,CE,BANKNIFTY26JUL54500CE,1669.45,2204.95,1669.45,2140.40,2179.20,1572.60,55194.50,2140.40,16680,-5220,600,1015225395.00,435,F1,30,,,,,
2026-06-09,2026-06-09,FO,NSE,IDO,61764,,BANKNIFTY,,2026-07-28,2026-07-28,53400.00,CE,BANKNIFTY26JUL53400CE,0.00,0.00,0.00,2268.75,2268.75,2268.75,55194.50,3051.55,660,0,0,0.00,0,F1,30,,,,,
2026-06-09,2026-06-09,FO,NSE,IDO,61760,,BANKNIFTY,,2026-07-28,2026-07-28,53200.00,CE,BANKNIFTY26JUL53200CE,3065.80,3065.80,3065.80,3065.80,3065.80,2400.00,55194.50,3065.80,630,-30,1,1687974.00,1,F1,30,,,,,
2026-06-09,2026-06-09,FO,NSE,IDO,61729,,BANKNIFTY,,2026-07-28,2026-07-28,51900.00,CE,BANKNIFTY26JUL51900CE,0.00,0.00,0.00,4987.55,0.00,4987.55,55194.50,4170.60,0,0,0,0.00,0,F1,30,,,,,
2026-06-09,2026-06-09,FO,NSE,IDO,61725,,BANKNIFTY,,2026-07-28,2026-07-28,51800.00,CE,BANKNIFTY26JUL51800CE,0.00,0.00,0.00,5062.50,0.00,5062.50,55194.50,4251.00,0,0,0,0.00,0,F1,30,,,,,
2026-06-09,2026-06-09,FO,NSE,IDO,61695,,BANKNIFTY,,2026-07-28,2026-07-28,50500.00,CE,BANKNIFTY26JUL50500CE,0.00,0.00,0.00,4565.00,4565.00,4565.00,55194.50,5350.75,390,0,0,0.00,0,F1,30,,,,,
2026-06-09,2026-06-09,FO,NSE,IDO,61637,,BANKNIFTY,,2026-07-28,2026-07-28,48100.00,CE,BANKNIFTY26JUL48100CE,0.00,0.00,0.00,8163.90,0.00,8163.90,55194.50,7572.20,0,0,0,0.00,0,F1,30,,,,,
2026-06-09,2026-06-09,FO,NSE,IDO,61627,,BANKNIFTY,,2026-07-28,2026-07-28,47600.00,CE,BANKNIFTY26JUL47600CE,0.00,0.00,0.00,8621.10,0.00,8621.10,55194.50,8053.90,0,0,0,0.00,0,F1,30,,,,,
2026-06-09,2026-06-09,FO,NSE,IDO,76152,,BANKNIFTY,,2026-06-30,2026-06-30,65000.00,CE,BANKNIFTY26JUN65000CE,2.60,3.25,2.45,2.75,2.80,3.05,55194.50,2.75,108300,2040,2236,4360386696.00,816,F1,30,,,,,
2026-06-09,2026-06-09,FO,NSE,IDO,75887,,BANKNIFTY,,2026-06-30,2026-06-30,61400.00,CE,BANKNIFTY26JUN61400CE,11.85,17.20,11.85,14.35,15.00,13.15,55194.50,14.35,2850,-4920,711,1309961287.50,346,F1,30,,,,,
2026-06-09,2026-06-09,FO,NSE,IDO,57754,,BANKNIFTY,,2026-06-30,2026-06-30,60000.00,CE,BANKNIFTY26JUN60000CE,26.50,38.35,25.70,35.35,37.10,26.30,55194.50,35.35,1952550,-78450,54011,97273221639.00,24429,F1,30,,,,,
2026-06-09,2026-06-09,FO,NSE,IDO,75813,,BANKNIFTY,,2026-06-30,2026-06-30,59500.00,CE,BANKNIFTY26JUN59500CE,38.00,55.35,35.35,50.30,52.20,36.05,55194.50,50.30,267870,-26460,17749,31706358742.50,9524,F1,30,,,,,
2026-06-09,2026-06-09,FO,NSE,IDO,75804,,BANKNIFTY,,2026-06-30,2026-06-30,59200.00,CE,BANKNIFTY26JUN59200CE,42.30,68.25,42.30,63.80,65.30,41.75,55194.50,63.80,39390,7680,2186,3885994650.00,1127,F1,30,,,,,
2026-06-09,2026-06-09,FO,NSE,IDO,75608,,BANKNIFTY,,2026-06-30,2026-06-30,55400.00,CE,BANKNIFTY26JUN55400CE,625.00,1026.70,625.00,971.10,1006.55,588.60,55194.50,971.10,83670,8040,12047,20338524819.00,9484,F1,30,,,,,
2026-06-09,2026-06-09,FO,NSE,IDO,75580,,BANKNIFTY,,2026-06-30,2026-06-30,53900.00,CE,BANKNIFTY26JUN53900CE,1379.85,1997.65,1358.35,1923.15,1971.25,1274.85,55194.50,1923.15,30030,-7950,1140,1898279577.00,879,F1,30,,,,,
2026-06-09,2026-06-09,FO,NSE,IDO,75465,,BANKNIFTY,,2026-06-30,2026-06-30,52800.00,CE,BANKNIFTY26JUN52800CE,2280.00,2794.65,2280.00,2794.65,2794.65,2050.00,55194.50,2794.65,3000,90,43,71361046.50,22,F1,30,,,,,
2026-06-09,2026-06-09,FO,NSE,IDO,75374,,BANKNIFTY,,2026-06-30,2026-06-30,50400.00,CE,BANKNIFTY26JUN50400CE,0.00,0.00,0.00,4426.95,4426.95,4426.95,55194.50,5004.70,270,0,0,0.00,0,F1,30,,,,,
2026-06-09,2026-06-09,FO,NSE,IDO,75290,,BANKNIFTY,,2026-06-30,2026-06-30,50100.00,CE,BANKNIFTY26JUN50100CE,0.00,0.00,0.00,3900.00,3900.00,3900.00,55194.50,5294.80,30,0,0,0.00,0,F1,30,,,,,
2026-06-09,2026-06-09,FO,NSE,IDO,75270,,BANKNIFTY,,2026-06-30,2026-06-30,49000.00,CE,BANKNIFTY26JUN49000CE,5574.95,6335.55,5574.95,6335.00,6328.45,5270.55,55194.50,6335.00,21690,930,170,280354414.50,47,F1,30,,,,,
2026-06-09,2026-06-09,FO,NSE,IDO,75266,,BANKNIFTY,,2026-06-30,2026-06-30,48800.00,CE,BANKNIFTY26JUN48800CE,0.00,0.00,0.00,3329.45,0.00,3329.45,55194.50,6571.25,0,0,0,0.00,0,F1,30,,,,,
2026-06-09,2026-06-09,FO,NSE,IDO,75166,,BANKNIFTY,,2026-06-30,2026-06-30,46600.00,CE,BANKNIFTY26JUN46600CE,0.00,0.00,0.00,4942.05,0.00,4942.05,55194.50,8758.25,0,0,0,0.00,0,F1,30,,,,,
2026-06-09,2026-06-09,FO,NSE,IDO,57643,,BANKNIFTY,,2026-06-30,2026-06-30,45000.00,CE,BANKNIFTY26JUN45000CE,9486.65,10004.35,9486.65,10004.35,10004.35,9216.70,55194.50,10352.45,22140,90,7,11478766.50,6,F1,30,,,,,
2026-06-09,2026-06-09,FO,NSE,IDO,61767,,BANKNIFTY,,2026-07-28,2026-07-28,53500.00,PE,BANKNIFTY26JUL53500PE,930.80,930.80,666.00,695.05,669.90,1093.25,55194.50,695.05,17550,2580,755,1228660807.50,521,F1,30,,,,,
2026-06-09,2026-06-09,FO,NSE,IDO,61777,,BANKNIFTY,,2026-07-28,2026-07-28,53700.00,PE,BANKNIFTY26JUL53700PE,933.00,933.00,770.00,770.00,770.00,1125.45,55194.50,872.70,1140,0,5,8185891.50,5,F1,30,,,,,
2026-06-09,2026-06-09,FO,NSE,IDO,61834,,BANKNIFTY,,2026-07-28,2026-07-28,55900.00,PE,BANKNIFTY26JUL55900PE,1775.85,1789.00,1529.00,1532.90,1532.90,2084.05,55194.50,1816.65,1110,480,20,34577269.50,9,F1,30,,,,,
2026-06-09,2026-06-09,FO,NSE,IDO,61838,,BANKNIFTY,,2026-07-28,2026-07-28,56100.00,PE,BANKNIFTY26JUL56100PE,1931.45,1931.45,1730.00,1741.00,1741.00,1992.65,55194.50,1924.35,1080,570,25,43434202.50,15,F1,30,,,,,
2026-06-09,2026-06-09,FO,NSE,IDO,61906,,BANKNIFTY,,2026-07-28,2026-07-28,58700.00,PE,BANKNIFTY26JUL58700PE,0.00,0.00,0.00,3824.85,0.00,3824.85,55194.50,3635.00,0,0,0,0.00,0,F1,30,,,,,
2026-06-09,2026-06-09,FO,NSE,IDO,61970,,BANKNIFTY,,2026-07-28,2026-07-28,60400.00,PE,BANKNIFTY26JUL60400PE,0.00,0.00,0.00,5041.00,0.00,5041.00,55194.50,5005.50,0,0,0,0.00,0,F1,30,,,,,
2026-06-09,2026-06-09,FO,NSE,IDO,61996,,BANKNIFTY,,2026-07-28,2026-07-28,60900.00,PE,BANKNIFTY26JUL60900PE,0.00,0.00,0.00,5423.10,0.00,5423.10,55194.50,5437.55,0,0,0,0.00,0,F1,30,,,,,
2026-06-09,2026-06-09,FO,NSE,IDO,62018,,BANKNIFTY,,2026-07-28,2026-07-28,61500.00,PE,BANKNIFTY26JUL61500PE,0.00,0.00,0.00,5898.30,0.00,5898.30,55194.50,5969.40,0,0,0,0.00,0,F1,30,,,,,
2026-06-09,2026-06-09,FO,NSE,IDO,58843,,BANKNIFTY,,2026-08-25,2026-08-25,49600.00,PE,BANKNIFTY26AUG49600PE,0.00,0.00,0.00,359.40,0.00,359.40,55194.50,260.40,0,0,0,0.00,0,F1,30,,,,,
2026-06-09,2026-06-09,FO,NSE,IDO,61628,,BANKNIFTY,,2026-07-28,2026-07-28,47600.00,PE,BANKNIFTY26JUL47600PE,83.75,83.75,74.50,74.50,74.50,111.10,55194.50,74.50,180,0,9,12873805.50,8,F1,30,,,,,
2026-06-09,2026-06-09,FO,NSE,IDO,58869,,BANKNIFTY,,2026-08-25,2026-08-25,50500.00,PE,BANKNIFTY26AUG50500PE,0.00,0.00,0.00,502.70,0.00,502.70,55194.50,380.85,0,0,0,0.00,0,F1,30,,,,,
2026-06-09,2026-06-09,FO,NSE,IDO,58909,,BANKNIFTY,,2026-08-25,2026-08-25,51600.00,PE,BANKNIFTY26AUG51600PE,0.00,0.00,0.00,731.50,0.00,731.50,55194.50,581.40,0,0,0,0.00,0,F1,30,,,,,
2026-06-09,2026-06-09,FO,NSE,IDO,58957,,BANKNIFTY,,2026-08-25,2026-08-25,53300.00,PE,BANKNIFTY26AUG53300PE,0.00,0.00,0.00,1280.00,1280.00,1280.00,55194.50,1029.90,30,0,0,0.00,0,F1,30,,,,,
2026-06-09,2026-06-09,FO,NSE,IDO,58971,,BANKNIFTY,,2026-08-25,2026-08-25,53700.00,PE,BANKNIFTY26AUG53700PE,0.00,0.00,0.00,1360.90,0.00,1360.90,55194.50,1163.30,0,0,0,0.00,0,F1,30,,,,,
2026-06-09,2026-06-09,FO,NSE,IDO,58987,,BANKNIFTY,,2026-08-25,2026-08-25,54300.00,PE,BANKNIFTY26AUG54300PE,0.00,0.00,0.00,1592.40,0.00,1592.40,55194.50,1384.50,0,0,0,0.00,0,F1,30,,,,,
2026-06-09,2026-06-09,FO,NSE,IDO,59001,,BANKNIFTY,,2026-08-25,2026-08-25,54800.00,PE,BANKNIFTY26AUG54800PE,0.00,0.00,0.00,1803.55,0.00,1803.55,55194.50,1588.55,0,0,0,0.00,0,F1,30,,,,,
2026-06-09,2026-06-09,FO,NSE,IDO,59046,,BANKNIFTY,,2026-08-25,2026-08-25,56200.00,PE,BANKNIFTY26AUG56200PE,0.00,0.00,0.00,2483.25,0.00,2483.25,55194.50,2256.25,0,0,0,0.00,0,F1,30,,,,,
2026-06-09,2026-06-09,FO,NSE,IDO,59050,,BANKNIFTY,,2026-08-25,2026-08-25,56400.00,PE,BANKNIFTY26AUG56400PE,0.00,0.00,0.00,2590.95,0.00,2590.95,55194.50,2363.25,0,0,0,0.00,0,F1,30,,,,,
2026-06-09,2026-06-09,FO,NSE,IDO,59138,,BANKNIFTY,,2026-08-25,2026-08-25,58700.00,PE,BANKNIFTY26AUG58700PE,0.00,0.00,0.00,4009.25,0.00,4009.25,55194.50,3789.65,0,0,0,0.00,0,F1,30,,,,,
2026-06-09,2026-06-09,FO,NSE,IDO,59146,,BANKNIFTY,,2026-08-25,2026-08-25,59000.00,PE,BANKNIFTY26AUG59000PE,4004.40,4004.40,4004.40,4004.40,4004.40,4217.05,55194.50,4000.50,30,30,1,1890132.00,1,F1,30,,,,,
2026-06-09,2026-06-09,FO,NSE,IDO,59148,,BANKNIFTY,,2026-08-25,2026-08-25,59100.00,PE,BANKNIFTY26AUG59100PE,0.00,0.00,0.00,4287.40,0.00,4287.40,55194.50,4071.95,0,0,0,0.00,0,F1,30,,,,,
2026-06-09,2026-06-09,FO,NSE,IDO,59245,,BANKNIFTY,,2026-08-25,2026-08-25,61500.00,PE,BANKNIFTY26AUG61500PE,0.00,0.00,0.00,7400.00,7400.00,7400.00,55194.50,5941.75,30,0,0,0.00,0,F1,30,,,,,
2026-06-09,2026-06-09,FO,NSE,IDO,52273,,BANKNIFTY,,2026-09-29,2026-09-29,48000.00,PE,BANKNIFTY26SEP48000PE,308.85,308.85,253.50,260.90,253.50,360.00,55194.50,260.90,1950,60,18,26069338.50,13,F1,30,,,,,
2026-06-09,2026-06-09,FO,NSE,IDO,53249,,BANKNIFTY,,2026-12-29,2026-12-29,64500.00,PE,BANKNIFTY26DEC64500PE,0.00,0.00,0.00,4582.05,0.00,4582.05,55194.50,8155.35,0,0,0,0.00,0,F1,30,,,,,
2026-06-09,2026-06-09,FO,NSE,IDO,76383,,BANKNIFTY,,2027-03-30,2027-03-30,45000.00,PE,BANKNIFTY27MAR45000PE,0.00,0.00,0.00,862.55,0.00,862.55,55194.50,371.50,0,0,0,0.00,0,F1,30,,,,,
2026-06-09,2026-06-09,FO,NSE,IDO,76401,,BANKNIFTY,,2027-03-30,2027-03-30,58500.00,PE,BANKNIFTY27MAR58500PE,0.00,0.00,0.00,6512.10,0.00,6512.10,55194.50,4304.10,0,0,0,0.00,0,F1,30,,,,,
2026-06-09,2026-06-09,FO,NSE,IDO,61718,,BANKNIFTY,,2026-07-28,2026-07-28,51500.00,PE,BANKNIFTY26JUL51500PE,464.70,464.75,324.40,335.80,324.40,538.25,55194.50,335.80,14340,-780,604,939692235.00,385,F1,30,,,,,
2026-06-09,2026-06-09,FO,NSE,IDO,61698,,BANKNIFTY,,2026-07-28,2026-07-28,50600.00,PE,BANKNIFTY26JUL50600PE,259.90,259.90,236.10,236.10,236.10,391.80,55194.50,213.95,390,0,6,9152796.00,4,F1,30,,,,,
2026-06-09,2026-06-09,FO,NSE,IDO,61656,,BANKNIFTY,,2026-07-28,2026-07-28,48900.00,PE,BANKNIFTY26JUL48900PE,144.15,144.15,144.15,144.15,144.15,236.65,55194.50,78.40,90,60,2,2942649.00,1,F1,30,,,,,
2026-06-09,2026-06-09,FO,NSE,IDO,75173,,BANKNIFTY,,2026-06-30,2026-06-30,46900.00,PE,BANKNIFTY26JUN46900PE,27.30,27.30,13.00,13.60,15.00,27.00,55194.50,13.60,1230,60,38,53487276.00,27,F1,30,,,,,
2026-06-09,2026-06-09,FO,NSE,IDO,75226,,BANKNIFTY,,2026-06-30,2026-06-30,47800.00,PE,BANKNIFTY26JUN47800PE,32.85,32.85,19.50,22.15,19.50,37.55,55194.50,22.15,4920,-510,80,114781620.00,47,F1,30,,,,,
2026-06-09,2026-06-09,FO,NSE,IDO,75248,,BANKNIFTY,,2026-06-30,2026-06-30,48300.00,PE,BANKNIFTY26JUN48300PE,45.45,45.45,21.65,23.35,23.15,45.45,55194.50,23.35,4590,-1500,217,314626738.50,133,F1,30,,,,,
2026-06-09,2026-06-09,FO,NSE,IDO,75267,,BANKNIFTY,,2026-06-30,2026-06-30,48800.00,PE,BANKNIFTY26JUN48800PE,46.10,46.35,28.00,29.25,31.10,59.80,55194.50,29.25,12330,1650,820,1201376772.00,402,F1,30,,,,,
2026-06-09,2026-06-09,FO,NSE,IDO,75285,,BANKNIFTY,,2026-06-30,2026-06-30,49800.00,PE,BANKNIFTY26JUN49800PE,77.30,78.10,44.40,46.70,46.85,104.00,55194.50,46.70,19230,-10680,1412,2112137380.50,741,F1,30,,,,,
2026-06-09,2026-06-09,FO,NSE,IDO,75412,,BANKNIFTY,,2026-06-30,2026-06-30,50600.00,PE,BANKNIFTY26JUN50600PE,169.00,169.00,68.05,70.70,68.65,159.75,55194.50,70.70,21930,-750,1645,2501341729.50,714,F1,30,,,,,
2026-06-09,2026-06-09,FO,NSE,IDO,57714,,BANKNIFTY,,2026-06-30,2026-06-30,51000.00,PE,BANKNIFTY26JUN51000PE,189.80,189.85,79.20,88.45,85.45,201.85,55194.50,88.45,496380,-49560,40160,61582939114.50,21457,F1,30,,,,,
2026-06-09,2026-06-09,FO,NSE,IDO,75445,,BANKNIFTY,,2026-06-30,2026-06-30,51900.00,PE,BANKNIFTY26JUN51900PE,266.10,270.40,140.35,148.15,140.35,334.70,55194.50,148.15,28050,-2400,2116,3307158331.50,1189,F1,30,,,,,
2026-06-09,2026-06-09,FO,NSE,IDO,75583,,BANKNIFTY,,2026-06-30,2026-06-30,54100.00,PE,BANKNIFTY26JUN54100PE,916.85,917.25,492.65,521.05,496.40,1002.85,55194.50,521.05,75450,-9210,11110,18255690775.50,8098,F1,30,,,,,
2026-06-09,2026-06-09,FO,NSE,IDO,75611,,BANKNIFTY,,2026-06-30,2026-06-30,55600.00,PE,BANKNIFTY26JUN55600PE,1600.00,1608.30,1045.55,1085.00,1054.05,1818.00,55194.50,1085.00,20220,1290,1473,2508271327.50,1051,F1,30,,,,,
2026-06-09,2026-06-09,FO,NSE,IDO,75615,,BANKNIFTY,,2026-06-30,2026-06-30,55800.00,PE,BANKNIFTY26JUN55800PE,1732.10,1732.10,1161.65,1220.10,1172.10,1961.20,55194.50,1220.10,21840,1200,627,1074552534.00,455,F1,30,,,,,
2026-06-09,2026-06-09,FO,NSE,IDO,75637,,BANKNIFTY,,2026-06-30,2026-06-30,56900.00,PE,BANKNIFTY26JUN56900PE,2385.85,2385.85,1938.95,1938.95,1938.95,2282.05,55194.50,1938.95,360,-240,20,35433498.00,16,F1,30,,,,,
2026-06-09,2026-06-09,FO,NSE,IDO,75651,,BANKNIFTY,,2026-06-30,2026-06-30,57200.00,PE,BANKNIFTY26JUN57200PE,2636.50,2636.50,2040.15,2086.50,2109.00,2874.95,55194.50,2086.50,660,30,6,10716963.00,5,F1,30,,,,,
2026-06-09,2026-06-09,FO,NSE,IDO,75664,,BANKNIFTY,,2026-06-30,2026-06-30,57600.00,PE,BANKNIFTY26JUN57600PE,2390.00,2390.00,2385.00,2385.00,2385.00,3374.45,55194.50,2566.65,600,30,3,5398800.00,3,F1,30,,,,,
2026-06-09,2026-06-09,FO,NSE,IDO,75752,,BANKNIFTY,,2026-06-30,2026-06-30,58000.00,PE,BANKNIFTY26JUN58000PE,3550.05,3550.05,2700.00,2782.95,2700.00,3757.55,55194.50,2782.95,257310,-4200,1690,3085046712.00,1371,F1,30,,,,,
2026-06-09,2026-06-09,FO,NSE,IDO,75799,,BANKNIFTY,,2026-06-30,2026-06-30,58900.00,PE,BANKNIFTY26JUN58900PE,0.00,0.00,0.00,3694.15,3694.15,3694.15,55194.50,3658.85,450,0,0,0.00,0,F1,30,,,,,
2026-06-09,2026-06-09,FO,NSE,IDO,75823,,BANKNIFTY,,2026-06-30,2026-06-30,59800.00,PE,BANKNIFTY26JUN59800PE,0.00,0.00,0.00,4242.80,4242.80,4242.80,55194.50,4480.15,930,0,0,0.00,0,F1,30,,,,,
2026-06-09,2026-06-09,FO,NSE,IDO,75841,,BANKNIFTY,,2026-06-30,2026-06-30,60600.00,PE,BANKNIFTY26JUN60600PE,0.00,0.00,0.00,9335.85,0.00,9335.85,55194.50,5238.45,0,0,0,0.00,0,F1,30,,,,,
2026-06-09,2026-06-09,FO,NSE,IDO,61652,,BANKNIFTY,,2026-07-28,2026-07-28,48700.00,PE,BANKNIFTY26JUL48700PE,0.00,0.00,0.00,154.80,154.80,154.80,55194.50,68.80,60,0,0,0.00,0,F1,30,,,,,
2026-06-09,2026-06-09,FO,NSE,IDO,61668,,BANKNIFTY,,2026-07-28,2026-07-28,49400.00,PE,BANKNIFTY26JUL49400PE,163.50,163.50,163.50,163.50,163.50,238.50,55194.50,107.40,630,-60,2,2973810.00,1,F1,30,,,,,
2026-06-09,2026-06-09,FO,NSE,IDO,61672,,BANKNIFTY,,2026-07-28,2026-07-28,49500.00,PE,BANKNIFTY26JUL49500PE,190.55,202.15,150.00,154.00,150.00,248.10,55194.50,154.00,7710,-870,168,250393284.00,63,F1,30,,,,,
2026-06-09,2026-06-09,FO,NSE,IDO,61724,,BANKNIFTY,,2026-07-28,2026-07-28,51700.00,PE,BANKNIFTY26JUL51700PE,478.20,478.20,364.40,364.40,364.40,572.20,55194.50,364.40,450,30,6,9381177.00,6,F1,30,,,,,
2026-06-09,2026-06-09,FO,NSE,IDO,61740,,BANKNIFTY,,2026-07-28,2026-07-28,52300.00,PE,BANKNIFTY26JUL52300PE,615.90,615.90,491.35,491.35,491.35,727.80,55194.50,491.70,720,-150,16,25378458.00,9,F1,30,,,,,
2026-06-09,2026-06-09,FO,NSE,IDO,61769,,BANKNIFTY,,2026-07-28,2026-07-28,53600.00,PE,BANKNIFTY26JUL53600PE,900.00,900.00,721.00,729.00,728.50,1102.65,55194.50,729.00,1410,0,7,11421141.00,7,F1,30,,,,,
2026-06-09,2026-06-09,FO,NSE,IDO,61785,,BANKNIFTY,,2026-07-28,2026-07-28,54000.00,PE,BANKNIFTY26JUL54000PE,1371.05,1371.05,799.00,829.50,799.00,1275.35,55194.50,829.50,59940,-2250,1948,3209389570.50,1210,F1,30,,,,,
2026-06-09,2026-06-09,FO,NSE,IDO,61816,,BANKNIFTY,,2026-07-28,2026-07-28,55200.00,PE,BANKNIFTY26JUL55200PE,1483.00,1586.00,1233.00,1246.85,1236.00,1521.40,55194.50,1246.85,2730,660,37,62886153.00,35,F1,30,,,,,
2026-06-09,2026-06-09,FO,NSE,IDO,61818,,BANKNIFTY,,2026-07-28,2026-07-28,55300.00,PE,BANKNIFTY26JUL55300PE,1583.00,1589.00,1248.00,1277.75,1248.00,1760.00,55194.50,1277.75,2160,810,40,67966657.50,31,F1,30,,,,,
2026-06-09,2026-06-09,FO,NSE,IDO,61827,,BANKNIFTY,,2026-07-28,2026-07-28,55600.00,PE,BANKNIFTY26JUL55600PE,1696.10,1722.00,1384.30,1391.90,1384.30,1715.60,55194.50,1391.90,1230,660,34,58278627.00,27,F1,30,,,,,
2026-06-09,2026-06-09,FO,NSE,IDO,61884,,BANKNIFTY,,2026-07-28,2026-07-28,57700.00,PE,BANKNIFTY26JUL57700PE,0.00,0.00,0.00,3185.95,0.00,3185.95,55194.50,2911.60,0,0,0,0.00,0,F1,30,,,,,
2026-06-09,2026-06-09,FO,NSE,IDO,61904,,BANKNIFTY,,2026-07-28,2026-07-28,58600.00,PE,BANKNIFTY26JUL58600PE,0.00,0.00,0.00,3758.35,0.00,3758.35,55194.50,3559.55,0,0,0,0.00,0,F1,30,,,,,
2026-06-09,2026-06-09,FO,NSE,IDO,61972,,BANKNIFTY,,2026-07-28,2026-07-28,60500.00,PE,BANKNIFTY26JUL60500PE,0.00,0.00,0.00,5117.05,0.00,5117.05,55194.50,5091.05,0,0,0,0.00,0,F1,30,,,,,
2026-06-09,2026-06-09,FO,NSE,IDO,58845,,BANKNIFTY,,2026-08-25,2026-08-25,49700.00,PE,BANKNIFTY26AUG49700PE,0.00,0.00,0.00,373.55,0.00,373.55,55194.50,272.05,0,0,0,0.00,0,F1,30,,,,,
2026-06-09,2026-06-09,FO,NSE,IDO,58923,,BANKNIFTY,,2026-08-25,2026-08-25,52100.00,PE,BANKNIFTY26AUG52100PE,0.00,0.00,0.00,859.05,0.00,859.05,55194.50,694.80,0,0,0,0.00,0,F1,30,,,,,
2026-06-09,2026-06-09,FO,NSE,IDO,58931,,BANKNIFTY,,2026-08-25,2026-08-25,52500.00,PE,BANKNIFTY26AUG52500PE,750.00,750.00,750.00,750.00,750.00,850.00,55194.50,798.10,210,-30,1,1597500.00,1,F1,30,,,,,
2026-06-09,2026-06-09,FO,NSE,IDO,59180,,BANKNIFTY,,2026-08-25,2026-08-25,60200.00,PE,BANKNIFTY26AUG60200PE,0.00,0.00,0.00,5098.25,0.00,5098.25,55194.50,4894.85,0,0,0,0.00,0,F1,30,,,,,
2026-06-09,2026-06-09,FO,NSE,IDO,52421,,BANKNIFTY,,2026-09-29,2026-09-29,66000.00,PE,BANKNIFTY26SEP66000PE,0.00,0.00,0.00,8825.75,0.00,8825.75,55194.50,9748.10,0,0,0,0.00,0,F1,30,,,,,
2026-06-09,2026-06-09,FO,NSE,IDO,53215,,BANKNIFTY,,2026-12-29,2026-12-29,46500.00,PE,BANKNIFTY26DEC46500PE,0.00,0.00,0.00,84.85,0.00,84.85,55194.50,343.15,0,0,0,0.00,0,F1,30,,,,,
2026-06-09,2026-06-09,FO,NSE,IDO,53223,,BANKNIFTY,,2026-12-29,2026-12-29,52500.00,PE,BANKNIFTY26DEC52500PE,0.00,0.00,0.00,534.05,0.00,534.05,55194.50,1517.50,0,0,0,0.00,0,F1,30,,,,,
2026-06-09,2026-06-09,FO,NSE,IDO,53225,,BANKNIFTY,,2026-12-29,2026-12-29,54000.00,PE,BANKNIFTY26DEC54000PE,0.00,0.00,0.00,1930.50,1930.50,1930.50,55194.50,2024.00,1920,0,0,0.00,0,F1,30,,,,,
2026-06-09,2026-06-09,FO,NSE,IDO,53251,,BANKNIFTY,,2026-12-29,2026-12-29,66000.00,PE,BANKNIFTY26DEC66000PE,0.00,0.00,0.00,7592.00,7592.00,7592.00,55194.50,9334.65,60,0,0,0.00,0,F1,30,,,,,
2026-06-09,2026-06-09,FO,NSE,IDO,75550,,BANKNIFTY,,2026-06-30,2026-06-30,53100.00,CE,BANKNIFTY26JUN53100CE,1918.95,2619.10,1918.90,2575.30,2575.30,1792.05,55194.50,2594.80,11130,-240,56,93200755.50,42,F1,30,,,,,
2026-06-09,2026-06-09,FO,NSE,IDO,75446,,BANKNIFTY,,2026-06-30,2026-06-30,52000.00,CE,BANKNIFTY26JUN52000CE,2715.30,3589.55,2715.30,3481.45,3538.20,2589.95,55194.50,3481.45,61980,-5730,859,1422945105.00,555,F1,30,,,,,
2026-06-09,2026-06-09,FO,NSE,IDO,75444,,BANKNIFTY,,2026-06-30,2026-06-30,51900.00,CE,BANKNIFTY26JUN51900CE,3559.90,3646.95,3559.90,3646.95,3646.95,3344.05,55194.50,3606.40,570,-60,6,9992931.00,4,F1,30,,,,,
2026-06-09,2026-06-09,FO,NSE,IDO,75430,,BANKNIFTY,,2026-06-30,2026-06-30,51500.00,CE,BANKNIFTY26JUN51500CE,3291.85,3820.00,3291.85,3820.00,3820.00,2966.10,55194.50,3968.20,8100,-90,4,6592806.00,3,F1,30,,,,,
2026-06-09,2026-06-09,FO,NSE,IDO,75426,,BANKNIFTY,,2026-06-30,2026-06-30,51300.00,CE,BANKNIFTY26JUN51300CE,3500.95,4005.00,3500.95,4005.00,4005.00,3258.00,55194.50,4152.65,570,0,7,11539849.50,7,F1,30,,,,,
2026-06-09,2026-06-09,FO,NSE,IDO,75170,,BANKNIFTY,,2026-06-30,2026-06-30,46800.00,CE,BANKNIFTY26JUN46800CE,0.00,0.00,0.00,4782.75,0.00,4782.75,55194.50,8559.05,0,0,0,0.00,0,F1,30,,,,,
2026-06-09,2026-06-09,FO,NSE,IDO,75114,,BANKNIFTY,,2026-06-30,2026-06-30,46200.00,CE,BANKNIFTY26JUN46200CE,0.00,0.00,0.00,5267.30,0.00,5267.30,55194.50,9156.75,0,0,0,0.00,0,F1,30,,,,,
2026-06-09,2026-06-09,FO,NSE,IDO,59013,,BANKNIFTY,,2026-08-25,2026-08-25,55400.00,PE,BANKNIFTY26AUG55400PE,0.00,0.00,0.00,2079.00,0.00,2079.00,55194.50,1857.40,0,0,0,0.00,0,F1,30,,,,,
2026-06-09,2026-06-09,FO,NSE,IDO,76399,,BANKNIFTY,,2027-03-30,2027-03-30,57000.00,PE,BANKNIFTY27MAR57000PE,0.00,0.00,0.00,5580.05,0.00,5580.05,55194.50,3566.45,0,0,0,0.00,0,F1,30,,,,,
2026-06-09,2026-06-09,FO,NSE,IDO,53253,,BANKNIFTY,,2026-12-29,2026-12-29,67500.00,PE,BANKNIFTY26DEC67500PE,0.00,0.00,0.00,6420.40,0.00,6420.40,55194.50,10565.45,0,0,0,0.00,0,F1,30,,,,,
2026-06-09,2026-06-09,FO,NSE,IDO,53241,,BANKNIFTY,,2026-12-29,2026-12-29,60000.00,PE,BANKNIFTY26DEC60000PE,0.00,0.00,0.00,2437.10,0.00,2437.10,55194.50,5011.90,0,0,0,0.00,0,F1,30,,,,,
2026-06-09,2026-06-09,FO,NSE,IDO,52281,,BANKNIFTY,,2026-09-29,2026-09-29,49500.00,PE,BANKNIFTY26SEP49500PE,440.00,450.00,376.85,388.60,376.85,520.40,55194.50,388.60,5820,-90,25,37434513.00,12,F1,30,,,,,
2026-06-09,2026-06-09,FO,NSE,IDO,52271,,BANKNIFTY,,2026-09-29,2026-09-29,46500.00,PE,BANKNIFTY26SEP46500PE,176.85,176.85,176.85,176.85,176.85,236.00,55194.50,176.85,1620,0,1,1400305.50,1,F1,30,,,,,
2026-06-09,2026-06-09,FO,NSE,IDO,59160,,BANKNIFTY,,2026-08-25,2026-08-25,59600.00,PE,BANKNIFTY26AUG59600PE,0.00,0.00,0.00,4647.05,0.00,4647.05,55194.50,4440.20,0,0,0,0.00,0,F1,30,,,,,
2026-06-09,2026-06-09,FO,NSE,IDO,59144,,BANKNIFTY,,2026-08-25,2026-08-25,58900.00,PE,BANKNIFTY26AUG58900PE,0.00,0.00,0.00,4147.25,0.00,4147.25,55194.50,3929.65,0,0,0,0.00,0,F1,30,,,,,
2026-06-09,2026-06-09,FO,NSE,IDO,59029,,BANKNIFTY,,2026-08-25,2026-08-25,55800.00,PE,BANKNIFTY26AUG55800PE,0.00,0.00,0.00,2275.70,0.00,2275.70,55194.50,2050.95,0,0,0,0.00,0,F1,30,,,,,
2026-06-09,2026-06-09,FO,NSE,IDO,58999,,BANKNIFTY,,2026-08-25,2026-08-25,54700.00,PE,BANKNIFTY26AUG54700PE,0.00,0.00,0.00,1760.00,0.00,1760.00,55194.50,1546.30,0,0,0,0.00,0,F1,30,,,,,
2026-06-09,2026-06-09,FO,NSE,IDO,61917,,BANKNIFTY,,2026-07-28,2026-07-28,59000.00,CE,BANKNIFTY26JUL59000CE,200.00,312.00,196.00,290.90,306.00,185.10,55194.50,290.90,83370,-4620,2069,3678400101.00,1310,F1,30,,,,,
2026-06-09,2026-06-09,FO,NSE,IDO,61903,,BANKNIFTY,,2026-07-28,2026-07-28,58600.00,CE,BANKNIFTY26JUL58600CE,280.25,393.35,280.00,370.65,393.35,235.60,55194.50,370.65,2040,-1170,66,116668791.00,58,F1,30,,,,,
2026-06-09,2026-06-09,FO,NSE,IDO,61858,,BANKNIFTY,,2026-07-28,2026-07-28,56800.00,CE,BANKNIFTY26JUL56800CE,741.10,959.10,741.10,923.00,959.10,627.00,55194.50,923.00,7110,30,70,121141660.50,56,F1,30,,,,,
2026-06-09,2026-06-09,FO,NSE,IDO,61805,,BANKNIFTY,,2026-07-28,2026-07-28,54700.00,CE,BANKNIFTY26JUL54700CE,1699.25,2119.20,1627.80,2078.65,2119.20,1540.00,55194.50,2078.65,3060,660,152,257422774.50,105,F1,30,,,,,
2026-06-09,2026-06-09,FO,NSE,IDO,61780,,BANKNIFTY,,2026-07-28,2026-07-28,53800.00,CE,BANKNIFTY26JUL53800CE,2275.25,2400.00,2274.25,2400.00,2400.00,1963.55,55194.50,2783.85,1020,-180,20,33649818.00,12,F1,30,,,,,
2026-06-09,2026-06-09,FO,NSE,IDO,61735,,BANKNIFTY,,2026-07-28,2026-07-28,52100.00,CE,BANKNIFTY26JUL52100CE,0.00,0.00,0.00,4841.45,0.00,4841.45,55194.50,4011.85,0,0,0,0.00,0,F1,30,,,,,
