TradDt,BizDt,Sgmt,Src,FinInstrmTp,FinInstrmId,ISIN,TckrSymb,SctySrs,XpryDt,FininstrmActlXpryDt,StrkPric,OptnTp,FinInstrmNm,OpnPric,HghPric,LwPric,ClsPric,LastPric,PrvsClsgPric,UndrlygPric,SttlmPric,OpnIntrst,ChngInOpnIntrst,TtlTradgVol,TtlTrfVal,TtlNbOfTxsExctd,SsnId,NewBrdLotQty,Rmks,Rsvd1,Rsvd2,Rsvd3,Rsvd4
2026-04-10,2026-04-10,FO,NSE,IDO,67703,,BANKNIFTY,,2026-04-28,2026-04-28,59400.00,PE,BANKNIFTY26APR59400PE,0.00,0.00,0.00,3900.00,3900.00,3900.00,55912.75,3468.60,1140,0,0,0.00,0,F1,30,,,,,
2026-04-10,2026-04-10,FO,NSE,IDO,67699,,BANKNIFTY,,2026-04-28,2026-04-28,59200.00,PE,BANKNIFTY26APR59200PE,0.00,0.00,0.00,7462.50,7462.50,7462.50,55912.75,3292.25,960,0,0,0.00,0,F1,30,,,,,
2026-04-10,2026-04-10,FO,NSE,IDO,67437,,BANKNIFTY,,2026-04-28,2026-04-28,52100.00,PE,BANKNIFTY26APR52100PE,291.00,291.00,186.40,205.80,199.15,360.20,55912.75,205.80,20820,-2580,1515,2377811221.50,804,F1,30,,,,,
2026-04-10,2026-04-10,FO,NSE,IDO,67230,,BANKNIFTY,,2026-04-28,2026-04-28,46500.00,PE,BANKNIFTY26APR46500PE,48.00,48.00,28.20,30.85,30.30,56.00,55912.75,30.85,104490,120,3417,4770204220.50,1763,F1,30,,,,,
2026-04-10,2026-04-10,FO,NSE,IDO,76398,,BANKNIFTY,,2027-03-30,2027-03-30,57000.00,CE,BANKNIFTY27MAR57000CE,0.00,0.00,0.00,2831.15,0.00,2831.15,55912.75,5838.30,0,0,0,0.00,0,F1,30,,,,,
2026-04-10,2026-04-10,FO,NSE,IDO,76390,,BANKNIFTY,,2027-03-30,2027-03-30,51000.00,CE,BANKNIFTY27MAR51000CE,0.00,0.00,0.00,5420.45,0.00,5420.45,55912.75,9426.80,0,0,0,0.00,0,F1,30,,,,,
2026-04-10,2026-04-10,FO,NSE,IDO,53252,,BANKNIFTY,,2026-12-29,2026-12-29,67500.00,CE,BANKNIFTY26DEC67500CE,0.00,0.00,0.00,2043.80,0.00,2043.80,55912.75,1348.55,0,0,0,0.00,0,F1,30,,,,,
2026-04-10,2026-04-10,FO,NSE,IDO,53224,,BANKNIFTY,,2026-12-29,2026-12-29,54000.00,CE,BANKNIFTY26DEC54000CE,0.00,0.00,0.00,9099.90,0.00,9099.90,55912.75,6421.45,0,0,0,0.00,0,F1,30,,,,,
2026-04-10,2026-04-10,FO,NSE,IDO,52439,,BANKNIFTY,,2026-09-29,2026-09-29,69000.00,CE,BANKNIFTY26SEP69000CE,0.00,0.00,0.00,882.60,0.00,882.60,55912.75,479.90,0,0,0,0.00,0,F1,30,,,,,
2026-04-10,2026-04-10,FO,NSE,IDO,75897,,BANKNIFTY,,2026-06-30,2026-06-30,62000.00,CE,BANKNIFTY26JUN62000CE,0.00,0.00,0.00,54.35,0.00,54.35,55912.75,612.10,0,0,0,0.00,0,F1,30,,,,,
2026-04-10,2026-04-10,FO,NSE,IDO,75819,,BANKNIFTY,,2026-06-30,2026-06-30,59700.00,CE,BANKNIFTY26JUN59700CE,0.00,0.00,0.00,137.75,0.00,137.75,55912.75,1128.50,0,0,0,0.00,0,F1,30,,,,,
2026-04-10,2026-04-10,FO,NSE,IDO,57750,,BANKNIFTY,,2026-06-30,2026-06-30,58500.00,CE,BANKNIFTY26JUN58500CE,820.00,1050.40,820.00,1036.15,1050.00,796.60,55912.75,1036.15,17550,780,235,419374294.50,155,F1,30,,,,,
2026-04-10,2026-04-10,FO,NSE,IDO,75755,,BANKNIFTY,,2026-06-30,2026-06-30,58200.00,CE,BANKNIFTY26JUN58200CE,0.00,0.00,0.00,241.30,0.00,241.30,55912.75,1619.50,0,0,0,0.00,0,F1,30,,,,,
2026-04-10,2026-04-10,FO,NSE,IDO,75618,,BANKNIFTY,,2026-06-30,2026-06-30,56000.00,CE,BANKNIFTY26JUN56000CE,2098.10,2340.00,2086.65,2321.00,2334.25,1881.30,55912.75,2321.00,5970,2460,201,351311911.50,173,F1,30,,,,,
2026-04-10,2026-04-10,FO,NSE,IDO,75606,,BANKNIFTY,,2026-06-30,2026-06-30,55300.00,CE,BANKNIFTY26JUN55300CE,0.00,0.00,0.00,639.85,0.00,639.85,55912.75,2983.25,0,0,0,0.00,0,F1,30,,,,,
2026-04-10,2026-04-10,FO,NSE,IDO,75596,,BANKNIFTY,,2026-06-30,2026-06-30,54800.00,CE,BANKNIFTY26JUN54800CE,0.00,0.00,0.00,747.80,0.00,747.80,55912.75,3276.70,0,0,0,0.00,0,F1,30,,,,,
2026-04-10,2026-04-10,FO,NSE,IDO,75592,,BANKNIFTY,,2026-06-30,2026-06-30,54600.00,CE,BANKNIFTY26JUN54600CE,0.00,0.00,0.00,793.70,0.00,793.70,55912.75,3398.85,0,0,0,0.00,0,F1,30,,,,,
2026-04-10,2026-04-10,FO,NSE,IDO,75588,,BANKNIFTY,,2026-06-30,2026-06-30,54400.00,CE,BANKNIFTY26JUN54400CE,0.00,0.00,0.00,2879.10,2879.10,2879.10,55912.75,3523.70,30,0,0,0.00,0,F1,30,,,,,
2026-04-10,2026-04-10,FO,NSE,IDO,75463,,BANKNIFTY,,2026-06-30,2026-06-30,52700.00,CE,BANKNIFTY26JUN52700CE,0.00,0.00,0.00,2781.25,2788.15,2781.25,55912.75,4691.15,150,0,0,0.00,0,F1,30,,,,,
2026-04-10,2026-04-10,FO,NSE,IDO,75457,,BANKNIFTY,,2026-06-30,2026-06-30,52300.00,CE,BANKNIFTY26JUN52300CE,0.00,0.00,0.00,2611.60,2611.60,2611.60,55912.75,4991.40,60,0,0,0.00,0,F1,30,,,,,
2026-04-10,2026-04-10,FO,NSE,IDO,75455,,BANKNIFTY,,2026-06-30,2026-06-30,52200.00,CE,BANKNIFTY26JUN52200CE,4970.25,5067.80,4970.25,5067.80,5067.80,4457.90,55912.75,5067.90,240,-60,2,3433141.50,2,F1,30,,,,,
2026-04-10,2026-04-10,FO,NSE,IDO,75436,,BANKNIFTY,,2026-06-30,2026-06-30,51700.00,CE,BANKNIFTY26JUN51700CE,0.00,0.00,0.00,2821.90,2821.90,2821.90,55912.75,5458.45,210,0,0,0.00,0,F1,30,,,,,
2026-04-10,2026-04-10,FO,NSE,IDO,75421,,BANKNIFTY,,2026-06-30,2026-06-30,51200.00,CE,BANKNIFTY26JUN51200CE,0.00,0.00,0.00,2380.85,2380.85,2380.85,55912.75,5861.95,270,0,0,0.00,0,F1,30,,,,,
2026-04-10,2026-04-10,FO,NSE,IDO,75419,,BANKNIFTY,,2026-06-30,2026-06-30,51100.00,CE,BANKNIFTY26JUN51100CE,0.00,0.00,0.00,3797.60,3797.60,3797.60,55912.75,5944.10,30,0,0,0.00,0,F1,30,,,,,
2026-04-10,2026-04-10,FO,NSE,IDO,75407,,BANKNIFTY,,2026-06-30,2026-06-30,50500.00,CE,BANKNIFTY26JUN50500CE,0.00,0.00,0.00,6213.25,6213.25,6213.25,55912.75,6446.75,630,0,0,0.00,0,F1,30,,,,,
2026-04-10,2026-04-10,FO,NSE,IDO,75190,,BANKNIFTY,,2026-06-30,2026-06-30,47600.00,CE,BANKNIFTY26JUN47600CE,0.00,0.00,0.00,4169.75,0.00,4169.75,55912.75,9059.15,0,0,0,0.00,0,F1,30,,,,,
2026-04-10,2026-04-10,FO,NSE,IDO,75110,,BANKNIFTY,,2026-06-30,2026-06-30,46100.00,CE,BANKNIFTY26JUN46100CE,0.00,0.00,0.00,5349.95,0.00,5349.95,55912.75,10488.25,0,0,0,0.00,0,F1,30,,,,,
2026-04-10,2026-04-10,FO,NSE,IDO,75081,,BANKNIFTY,,2026-06-30,2026-06-30,45800.00,CE,BANKNIFTY26JUN45800CE,0.00,0.00,0.00,5601.00,0.00,5601.00,55912.75,10777.75,0,0,0,0.00,0,F1,30,,,,,
2026-04-10,2026-04-10,FO,NSE,IDO,75073,,BANKNIFTY,,2026-06-30,2026-06-30,45600.00,CE,BANKNIFTY26JUN45600CE,0.00,0.00,0.00,5770.75,0.00,5770.75,55912.75,10971.25,0,0,0,0.00,0,F1,30,,,,,
2026-04-10,2026-04-10,FO,NSE,IDO,68215,,BANKNIFTY,,2026-05-26,2026-05-26,65800.00,CE,BANKNIFTY26MAY65800CE,0.00,0.00,0.00,48.00,48.00,48.00,55912.75,35.95,180,0,0,0.00,0,F1,30,,,,,
2026-04-10,2026-04-10,FO,NSE,IDO,68158,,BANKNIFTY,,2026-05-26,2026-05-26,64200.00,CE,BANKNIFTY26MAY64200CE,43.00,43.00,43.00,43.00,43.00,32.20,55912.75,81.55,750,30,1,1927290.00,1,F1,30,,,,,
2026-04-10,2026-04-10,FO,NSE,IDO,68138,,BANKNIFTY,,2026-05-26,2026-05-26,63400.00,CE,BANKNIFTY26MAY63400CE,0.00,0.00,0.00,52.15,52.15,52.15,55912.75,119.85,630,0,0,0.00,0,F1,30,,,,,
2026-04-10,2026-04-10,FO,NSE,IDO,68134,,BANKNIFTY,,2026-05-26,2026-05-26,63200.00,CE,BANKNIFTY26MAY63200CE,0.00,0.00,0.00,47.10,47.10,47.10,55912.75,131.60,1080,0,0,0.00,0,F1,30,,,,,
2026-04-10,2026-04-10,FO,NSE,IDO,68126,,BANKNIFTY,,2026-05-26,2026-05-26,62800.00,CE,BANKNIFTY26MAY62800CE,0.00,0.00,0.00,60.00,60.00,60.00,55912.75,158.20,630,0,0,0.00,0,F1,30,,,,,
2026-04-10,2026-04-10,FO,NSE,IDO,68084,,BANKNIFTY,,2026-05-26,2026-05-26,61200.00,CE,BANKNIFTY26MAY61200CE,0.00,0.00,0.00,140.70,140.70,140.70,55912.75,316.55,630,0,0,0.00,0,F1,30,,,,,
2026-04-10,2026-04-10,FO,NSE,IDO,67614,,BANKNIFTY,,2026-05-26,2026-05-26,58200.00,CE,BANKNIFTY26MAY58200CE,558.60,700.25,558.60,659.55,659.55,501.80,55912.75,659.55,2910,1050,92,162367441.50,74,F1,30,,,,,
2026-04-10,2026-04-10,FO,NSE,IDO,67610,,BANKNIFTY,,2026-05-26,2026-05-26,58100.00,CE,BANKNIFTY26MAY58100CE,618.60,721.30,618.60,711.75,721.30,527.00,55912.75,711.75,2580,510,41,72290586.00,30,F1,30,,,,,
2026-04-10,2026-04-10,FO,NSE,IDO,67572,,BANKNIFTY,,2026-05-26,2026-05-26,56800.00,CE,BANKNIFTY26MAY56800CE,0.00,0.00,0.00,964.40,950.10,964.40,55912.75,1495.15,2430,0,0,0.00,0,F1,30,,,,,
2026-04-10,2026-04-10,FO,NSE,IDO,66759,,BANKNIFTY,,2026-05-26,2026-05-26,50800.00,CE,BANKNIFTY26MAY50800CE,5683.55,5683.55,5683.55,5683.55,5683.55,5251.65,55912.75,5674.45,330,0,1,1694506.50,1,F1,30,,,,,
2026-04-10,2026-04-10,FO,NSE,IDO,66675,,BANKNIFTY,,2026-05-26,2026-05-26,49800.00,CE,BANKNIFTY26MAY49800CE,0.00,0.00,0.00,3071.25,3071.25,3071.25,55912.75,6593.35,60,0,0,0.00,0,F1,30,,,,,
2026-04-10,2026-04-10,FO,NSE,IDO,66650,,BANKNIFTY,,2026-05-26,2026-05-26,48900.00,CE,BANKNIFTY26MAY48900CE,0.00,0.00,0.00,12953.95,0.00,12953.95,55912.75,7446.25,0,0,0,0.00,0,F1,30,,,,,
2026-04-10,2026-04-10,FO,NSE,IDO,66585,,BANKNIFTY,,2026-05-26,2026-05-26,47500.00,CE,BANKNIFTY26MAY47500CE,0.00,0.00,0.00,6043.95,6043.95,6043.95,55912.75,8803.60,420,0,0,0.00,0,F1,30,,,,,
2026-04-10,2026-04-10,FO,NSE,IDO,66572,,BANKNIFTY,,2026-05-26,2026-05-26,47100.00,CE,BANKNIFTY26MAY47100CE,0.00,0.00,0.00,14723.15,0.00,14723.15,55912.75,9195.70,0,0,0,0.00,0,F1,30,,,,,
2026-04-10,2026-04-10,FO,NSE,IDO,66570,,BANKNIFTY,,2026-05-26,2026-05-26,47000.00,CE,BANKNIFTY26MAY47000CE,0.00,0.00,0.00,8729.05,8729.05,8729.05,55912.75,9293.90,840,0,0,0.00,0,F1,30,,,,,
2026-04-10,2026-04-10,FO,NSE,IDO,66553,,BANKNIFTY,,2026-05-26,2026-05-26,46800.00,CE,BANKNIFTY26MAY46800CE,0.00,0.00,0.00,15018.15,0.00,15018.15,55912.75,9490.60,0,0,0,0.00,0,F1,30,,,,,
2026-04-10,2026-04-10,FO,NSE,IDO,66473,,BANKNIFTY,,2026-05-26,2026-05-26,46000.00,CE,BANKNIFTY26MAY46000CE,0.00,0.00,0.00,7446.90,7446.90,7446.90,55912.75,10279.45,2280,0,0,0.00,0,F1,30,,,,,
2026-04-10,2026-04-10,FO,NSE,IDO,38313,,BANKNIFTY,,2026-05-26,2026-05-26,45700.00,CE,BANKNIFTY26MAY45700CE,0.00,0.00,0.00,15549.05,0.00,15549.05,55912.75,10575.95,0,0,0,0.00,0,F1,30,,,,,
2026-04-10,2026-04-10,FO,NSE,IDO,66466,,BANKNIFTY,,2026-05-26,2026-05-26,45000.00,CE,BANKNIFTY26MAY45000CE,0.00,0.00,0.00,16788.35,0.00,16788.35,55912.75,11268.70,0,0,0,0.00,0,F1,30,,,,,
2026-04-10,2026-04-10,FO,NSE,IDO,68186,,BANKNIFTY,,2026-04-28,2026-04-28,66200.00,CE,BANKNIFTY26APR66200CE,5.25,6.40,3.55,3.70,3.80,4.10,55912.75,3.70,9090,-900,324,643513761.00,187,F1,30,,,,,
2026-04-10,2026-04-10,FO,NSE,IDO,67885,,BANKNIFTY,,2026-04-28,2026-04-28,63900.00,CE,BANKNIFTY26APR63900CE,9.80,12.40,8.65,9.55,8.70,8.80,55912.75,9.55,840,-90,314,602038113.00,136,F1,30,,,,,
2026-04-10,2026-04-10,FO,NSE,IDO,67856,,BANKNIFTY,,2026-04-28,2026-04-28,63000.00,CE,BANKNIFTY26APR63000CE,12.75,16.05,10.90,13.00,13.50,13.00,55912.75,13.00,198690,120,8263,15620497285.50,4091,F1,30,,,,,
2026-04-10,2026-04-10,FO,NSE,IDO,67824,,BANKNIFTY,,2026-04-28,2026-04-28,62400.00,CE,BANKNIFTY26APR62400CE,15.25,19.55,13.60,17.45,15.80,18.35,55912.75,17.45,8280,-480,375,702198009.00,204,F1,30,,,,,
2026-04-10,2026-04-10,FO,NSE,IDO,67816,,BANKNIFTY,,2026-04-28,2026-04-28,62100.00,CE,BANKNIFTY26APR62100CE,20.00,22.40,17.80,19.40,19.35,19.10,55912.75,19.40,14490,7110,2994,5579596789.50,2103,F1,30,,,,,
2026-04-10,2026-04-10,FO,NSE,IDO,67797,,BANKNIFTY,,2026-04-28,2026-04-28,61900.00,CE,BANKNIFTY26APR61900CE,20.75,23.90,15.70,21.00,21.10,20.75,55912.75,21.00,8070,540,340,631598055.00,194,F1,30,,,,,
2026-04-10,2026-04-10,FO,NSE,IDO,67724,,BANKNIFTY,,2026-04-28,2026-04-28,60500.00,CE,BANKNIFTY26APR60500CE,33.00,42.95,32.90,38.90,38.55,34.05,55912.75,38.90,116070,3810,15193,27592885989.00,9987,F1,30,,,,,
2026-04-10,2026-04-10,FO,NSE,IDO,67712,,BANKNIFTY,,2026-04-28,2026-04-28,59900.00,CE,BANKNIFTY26APR59900CE,42.00,61.15,42.00,55.00,56.00,45.00,55912.75,55.00,99210,22830,3729,6707098788.00,2201,F1,30,,,,,
2026-04-10,2026-04-10,FO,NSE,IDO,67562,,BANKNIFTY,,2026-04-28,2026-04-28,57700.00,CE,BANKNIFTY26APR57700CE,225.95,320.95,204.25,304.85,309.40,197.60,55912.75,304.85,38160,-21660,7992,13903104295.50,5771,F1,30,,,,,
2026-04-10,2026-04-10,FO,NSE,IDO,67558,,BANKNIFTY,,2026-04-28,2026-04-28,57500.00,CE,BANKNIFTY26APR57500CE,253.40,378.70,235.00,358.30,367.75,232.70,55912.75,358.30,341310,46050,42655,74007914124.00,28496,F1,30,,,,,
2026-04-10,2026-04-10,FO,NSE,IDO,67492,,BANKNIFTY,,2026-04-28,2026-04-28,54800.00,CE,BANKNIFTY26APR54800CE,1361.00,1861.85,1361.00,1816.60,1830.05,1298.15,55912.75,1816.60,28560,-21240,3181,5388986037.00,1966,F1,30,,,,,
2026-04-10,2026-04-10,FO,NSE,IDO,67462,,BANKNIFTY,,2026-04-28,2026-04-28,53400.00,CE,BANKNIFTY26APR53400CE,2907.40,3014.60,2800.00,3011.80,3014.60,2288.00,55912.75,3011.80,13920,-450,26,43956691.50,17,F1,30,,,,,
2026-04-10,2026-04-10,FO,NSE,IDO,67434,,BANKNIFTY,,2026-04-28,2026-04-28,52000.00,CE,BANKNIFTY26APR52000CE,3650.00,4269.70,3645.80,4217.65,4230.00,3405.55,55912.75,4217.65,322920,-8010,907,1526556952.50,656,F1,30,,,,,
2026-04-10,2026-04-10,FO,NSE,IDO,68256,,BANKNIFTY,,2026-04-28,2026-04-28,67500.00,PE,BANKNIFTY26APR67500PE,0.00,0.00,0.00,14000.00,14000.00,14000.00,55912.75,11393.85,30,0,0,0.00,0,F1,30,,,,,
2026-04-10,2026-04-10,FO,NSE,IDO,67894,,BANKNIFTY,,2026-04-28,2026-04-28,64300.00,PE,BANKNIFTY26APR64300PE,0.00,0.00,0.00,11183.70,11183.70,11183.70,55912.75,8204.70,60,0,0,0.00,0,F1,30,,,,,
2026-04-10,2026-04-10,FO,NSE,IDO,67878,,BANKNIFTY,,2026-04-28,2026-04-28,63500.00,PE,BANKNIFTY26APR63500PE,0.00,0.00,0.00,9511.85,9511.85,9511.85,55912.75,7409.30,780,0,0,0.00,0,F1,30,,,,,
2026-04-10,2026-04-10,FO,NSE,IDO,67837,,BANKNIFTY,,2026-04-28,2026-04-28,62800.00,PE,BANKNIFTY26APR62800PE,0.00,0.00,0.00,10099.00,10099.00,10099.00,55912.75,6715.55,60,0,0,0.00,0,F1,30,,,,,
2026-04-10,2026-04-10,FO,NSE,IDO,67822,,BANKNIFTY,,2026-04-28,2026-04-28,62300.00,PE,BANKNIFTY26APR62300PE,0.00,0.00,0.00,7985.05,7985.05,7985.05,55912.75,6222.15,240,0,0,0.00,0,F1,30,,,,,
2026-04-10,2026-04-10,FO,NSE,IDO,67792,,BANKNIFTY,,2026-04-28,2026-04-28,61700.00,PE,BANKNIFTY26APR61700PE,0.00,0.00,0.00,8610.00,8610.00,8610.00,55912.75,5633.90,300,0,0,0.00,0,F1,30,,,,,
2026-04-10,2026-04-10,FO,NSE,IDO,67725,,BANKNIFTY,,2026-04-28,2026-04-28,60500.00,PE,BANKNIFTY26APR60500PE,4850.00,4850.00,4400.00,4472.60,4455.45,5404.55,55912.75,4472.60,19110,-780,45,87810102.00,31,F1,30,,,,,
2026-04-10,2026-04-10,FO,NSE,IDO,67182,,BANKNIFTY,,2026-05-26,2026-05-26,53400.00,PE,BANKNIFTY26MAY53400PE,738.70,738.70,720.85,720.85,720.85,807.85,55912.75,586.35,1560,-180,8,12992217.00,4,F1,30,,,,,
2026-04-10,2026-04-10,FO,NSE,IDO,67214,,BANKNIFTY,,2026-05-26,2026-05-26,54300.00,PE,BANKNIFTY26MAY54300PE,940.40,958.75,886.15,935.60,935.60,1311.00,55912.75,843.15,1590,420,34,56323441.50,25,F1,30,,,,,
2026-04-10,2026-04-10,FO,NSE,IDO,67256,,BANKNIFTY,,2026-05-26,2026-05-26,54800.00,PE,BANKNIFTY26MAY54800PE,1100.00,1100.00,986.60,1006.10,986.60,1483.70,55912.75,1006.10,3420,0,10,16750011.00,9,F1,30,,,,,
2026-04-10,2026-04-10,FO,NSE,IDO,67289,,BANKNIFTY,,2026-05-26,2026-05-26,55900.00,PE,BANKNIFTY26MAY55900PE,1529.30,1529.30,1363.00,1368.60,1363.10,2039.55,55912.75,1368.60,2130,420,69,118625194.50,53,F1,30,,,,,
2026-04-10,2026-04-10,FO,NSE,IDO,67597,,BANKNIFTY,,2026-05-26,2026-05-26,57800.00,PE,BANKNIFTY26MAY57800PE,0.00,0.00,0.00,6830.85,6830.85,6830.85,55912.75,2531.35,150,0,0,0.00,0,F1,30,,,,,
2026-04-10,2026-04-10,FO,NSE,IDO,68047,,BANKNIFTY,,2026-05-26,2026-05-26,60400.00,PE,BANKNIFTY26MAY60400PE,0.00,0.00,0.00,7991.60,7991.60,7991.60,55912.75,4448.20,600,0,0,0.00,0,F1,30,,,,,
2026-04-10,2026-04-10,FO,NSE,IDO,68137,,BANKNIFTY,,2026-05-26,2026-05-26,63300.00,PE,BANKNIFTY26MAY63300PE,0.00,0.00,0.00,9961.00,9961.00,9961.00,55912.75,7014.65,30,0,0,0.00,0,F1,30,,,,,
2026-04-10,2026-04-10,FO,NSE,IDO,68204,,BANKNIFTY,,2026-05-26,2026-05-26,65300.00,PE,BANKNIFTY26MAY65300PE,0.00,0.00,0.00,10673.30,10673.30,10673.30,55912.75,8920.05,510,0,0,0.00,0,F1,30,,,,,
2026-04-10,2026-04-10,FO,NSE,IDO,68210,,BANKNIFTY,,2026-05-26,2026-05-26,65500.00,PE,BANKNIFTY26MAY65500PE,0.00,0.00,0.00,10851.45,10851.45,10851.45,55912.75,9113.85,600,0,0,0.00,0,F1,30,,,,,
2026-04-10,2026-04-10,FO,NSE,IDO,68222,,BANKNIFTY,,2026-05-26,2026-05-26,66000.00,PE,BANKNIFTY26MAY66000PE,0.00,0.00,0.00,10101.00,10101.00,10101.00,55912.75,9600.10,1830,0,0,0.00,0,F1,30,,,,,
2026-04-10,2026-04-10,FO,NSE,IDO,75184,,BANKNIFTY,,2026-06-30,2026-06-30,47300.00,PE,BANKNIFTY26JUN47300PE,0.00,0.00,0.00,572.30,0.00,572.30,55912.75,75.65,0,0,0,0.00,0,F1,30,,,,,
2026-04-10,2026-04-10,FO,NSE,IDO,75293,,BANKNIFTY,,2026-06-30,2026-06-30,50200.00,PE,BANKNIFTY26JUN50200PE,0.00,0.00,0.00,1510.15,0.00,1510.15,55912.75,297.45,0,0,0,0.00,0,F1,30,,,,,
2026-04-10,2026-04-10,FO,NSE,IDO,75429,,BANKNIFTY,,2026-06-30,2026-06-30,51400.00,PE,BANKNIFTY26JUN51400PE,629.25,634.20,629.25,634.20,634.20,709.30,55912.75,476.05,420,0,6,9365710.50,2,F1,30,,,,,
2026-04-10,2026-04-10,FO,NSE,IDO,75559,,BANKNIFTY,,2026-06-30,2026-06-30,53200.00,PE,BANKNIFTY26JUN53200PE,0.00,0.00,0.00,1150.00,1150.00,1150.00,55912.75,882.75,540,0,0,0.00,0,F1,30,,,,,
2026-04-10,2026-04-10,FO,NSE,IDO,75568,,BANKNIFTY,,2026-06-30,2026-06-30,53400.00,PE,BANKNIFTY26JUN53400PE,0.00,0.00,0.00,3286.80,0.00,3286.80,55912.75,937.05,0,0,0,0.00,0,F1,30,,,,,
2026-04-10,2026-04-10,FO,NSE,IDO,75627,,BANKNIFTY,,2026-06-30,2026-06-30,56400.00,PE,BANKNIFTY26JUN56400PE,0.00,0.00,0.00,5564.05,0.00,5564.05,55912.75,2106.40,0,0,0,0.00,0,F1,30,,,,,
2026-04-10,2026-04-10,FO,NSE,IDO,75635,,BANKNIFTY,,2026-06-30,2026-06-30,56800.00,PE,BANKNIFTY26JUN56800PE,0.00,0.00,0.00,5900.65,0.00,5900.65,55912.75,2308.70,0,0,0,0.00,0,F1,30,,,,,
2026-04-10,2026-04-10,FO,NSE,IDO,75649,,BANKNIFTY,,2026-06-30,2026-06-30,57100.00,PE,BANKNIFTY26JUN57100PE,0.00,0.00,0.00,6157.15,0.00,6157.15,55912.75,2467.80,0,0,0,0.00,0,F1,30,,,,,
2026-04-10,2026-04-10,FO,NSE,IDO,75748,,BANKNIFTY,,2026-06-30,2026-06-30,57800.00,PE,BANKNIFTY26JUN57800PE,0.00,0.00,0.00,6767.70,0.00,6767.70,55912.75,2862.55,0,0,0,0.00,0,F1,30,,,,,
2026-04-10,2026-04-10,FO,NSE,IDO,67719,,BANKNIFTY,,2026-04-28,2026-04-28,60200.00,PE,BANKNIFTY26APR60200PE,0.00,0.00,0.00,4600.00,4600.00,4600.00,55912.75,4197.95,2430,0,0,0.00,0,F1,30,,,,,
2026-04-10,2026-04-10,FO,NSE,IDO,67715,,BANKNIFTY,,2026-04-28,2026-04-28,60000.00,PE,BANKNIFTY26APR60000PE,4300.00,4321.00,3930.00,3971.50,3971.35,4944.55,55912.75,3971.50,388920,-600,1074,2064684601.50,484,F1,30,,,,,
2026-04-10,2026-04-10,FO,NSE,IDO,67551,,BANKNIFTY,,2026-04-28,2026-04-28,57100.00,PE,BANKNIFTY26APR57100PE,1814.50,1814.50,1504.15,1509.70,1550.55,4552.45,55912.75,1509.70,3450,2010,134,235997394.00,84,F1,30,,,,,
2026-04-10,2026-04-10,FO,NSE,IDO,67493,,BANKNIFTY,,2026-04-28,2026-04-28,54800.00,PE,BANKNIFTY26APR54800PE,989.90,989.90,562.00,585.45,580.70,1029.90,55912.75,585.45,53010,-17670,9242,15375398490.00,6623,F1,30,,,,,
2026-04-10,2026-04-10,FO,NSE,IDO,67473,,BANKNIFTY,,2026-04-28,2026-04-28,53900.00,PE,BANKNIFTY26APR53900PE,671.35,671.35,385.75,399.90,407.45,727.85,55912.75,399.90,24180,-90,2009,3275187082.50,1266,F1,30,,,,,
2026-04-10,2026-04-10,FO,NSE,IDO,67439,,BANKNIFTY,,2026-04-28,2026-04-28,52200.00,PE,BANKNIFTY26APR52200PE,265.75,278.55,200.70,206.65,206.50,376.80,55912.75,206.65,30420,-1950,1160,1824405345.00,749,F1,30,,,,,
2026-04-10,2026-04-10,FO,NSE,IDO,67405,,BANKNIFTY,,2026-04-28,2026-04-28,50500.00,PE,BANKNIFTY26APR50500PE,145.00,147.55,110.05,113.65,114.55,201.20,55912.75,113.65,156990,-6420,8023,12184268391.00,4676,F1,30,,,,,
2026-04-10,2026-04-10,FO,NSE,IDO,53184,,BANKNIFTY,,2026-12-29,2026-12-29,43500.00,CE,BANKNIFTY26DEC43500CE,0.00,0.00,0.00,18243.35,0.00,18243.35,55912.75,14526.95,0,0,0,0.00,0,F1,30,,,,,
2026-04-10,2026-04-10,FO,NSE,IDO,52412,,BANKNIFTY,,2026-09-29,2026-09-29,64500.00,CE,BANKNIFTY26SEP64500CE,0.00,0.00,0.00,1685.65,0.00,1685.65,55912.75,1106.95,0,0,0,0.00,0,F1,30,,,,,
2026-04-10,2026-04-10,FO,NSE,IDO,52284,,BANKNIFTY,,2026-09-29,2026-09-29,52500.00,CE,BANKNIFTY26SEP52500CE,0.00,0.00,0.00,6823.00,0.00,6823.00,55912.75,6210.30,0,0,0,0.00,0,F1,30,,,,,
2026-04-10,2026-04-10,FO,NSE,IDO,52282,,BANKNIFTY,,2026-09-29,2026-09-29,51000.00,CE,BANKNIFTY26SEP51000CE,0.00,0.00,0.00,7836.25,0.00,7836.25,55912.75,7290.50,0,0,0,0.00,0,F1,30,,,,,
2026-04-10,2026-04-10,FO,NSE,IDO,52264,,BANKNIFTY,,2026-09-29,2026-09-29,43500.00,CE,BANKNIFTY26SEP43500CE,0.00,0.00,0.00,13878.45,0.00,13878.45,55912.75,13757.85,0,0,0,0.00,0,F1,30,,,,,
2026-04-10,2026-04-10,FO,NSE,IDO,75847,,BANKNIFTY,,2026-06-30,2026-06-30,60900.00,CE,BANKNIFTY26JUN60900CE,0.00,0.00,0.00,85.70,0.00,85.70,55912.75,830.00,0,0,0,0.00,0,F1,30,,,,,
2026-04-10,2026-04-10,FO,NSE,IDO,75828,,BANKNIFTY,,2026-06-30,2026-06-30,60100.00,CE,BANKNIFTY26JUN60100CE,0.00,0.00,0.00,117.90,0.00,117.90,55912.75,1019.55,0,0,0,0.00,0,F1,30,,,,,
2026-04-10,2026-04-10,FO,NSE,IDO,75796,,BANKNIFTY,,2026-06-30,2026-06-30,58800.00,CE,BANKNIFTY26JUN58800CE,929.25,929.25,929.25,929.25,929.25,193.70,55912.75,929.25,120,120,4,7167510.00,1,F1,30,,,,,
2026-04-10,2026-04-10,FO,NSE,IDO,75749,,BANKNIFTY,,2026-06-30,2026-06-30,57900.00,CE,BANKNIFTY26JUN57900CE,1224.95,1224.95,1224.95,1224.95,1224.95,973.60,55912.75,1734.40,150,30,1,1773748.50,1,F1,30,,,,,
2026-04-10,2026-04-10,FO,NSE,IDO,75663,,BANKNIFTY,,2026-06-30,2026-06-30,57600.00,CE,BANKNIFTY26JUN57600CE,0.00,0.00,0.00,298.80,0.00,298.80,55912.75,1855.10,0,0,0,0.00,0,F1,30,,,,,
2026-04-10,2026-04-10,FO,NSE,IDO,75661,,BANKNIFTY,,2026-06-30,2026-06-30,57500.00,CE,BANKNIFTY26JUN57500CE,1381.00,1501.95,1381.00,1483.90,1477.85,1193.90,55912.75,1483.90,5310,1890,118,208679841.00,103,F1,30,,,,,
2026-04-10,2026-04-10,FO,NSE,IDO,75628,,BANKNIFTY,,2026-06-30,2026-06-30,56500.00,CE,BANKNIFTY26JUN56500CE,1867.05,2017.00,1864.25,2017.00,2017.00,1654.00,55912.75,2017.00,1710,1230,70,122778817.50,43,F1,30,,,,,
2026-04-10,2026-04-10,FO,NSE,IDO,75620,,BANKNIFTY,,2026-06-30,2026-06-30,56100.00,CE,BANKNIFTY26JUN56100CE,0.00,0.00,0.00,496.10,0.00,496.10,55912.75,2549.65,0,0,0,0.00,0,F1,30,,,,,
2026-04-10,2026-04-10,FO,NSE,IDO,75616,,BANKNIFTY,,2026-06-30,2026-06-30,55900.00,CE,BANKNIFTY26JUN55900CE,2414.00,2414.00,2414.00,2414.00,2414.00,2365.40,55912.75,2414.00,90,0,1,1749420.00,1,F1,30,,,,,
2026-04-10,2026-04-10,FO,NSE,IDO,57721,,BANKNIFTY,,2026-06-30,2026-06-30,55500.00,CE,BANKNIFTY26JUN55500CE,2410.00,2650.25,2408.95,2632.65,2650.20,2177.45,55912.75,2632.65,7770,30,182,317132635.50,153,F1,30,,,,,
2026-04-10,2026-04-10,FO,NSE,IDO,75582,,BANKNIFTY,,2026-06-30,2026-06-30,54100.00,CE,BANKNIFTY26JUN54100CE,0.00,0.00,0.00,916.90,0.00,916.90,55912.75,3716.05,0,0,0,0.00,0,F1,30,,,,,
2026-04-10,2026-04-10,FO,NSE,IDO,75558,,BANKNIFTY,,2026-06-30,2026-06-30,53200.00,CE,BANKNIFTY26JUN53200CE,0.00,0.00,0.00,1182.25,0.00,1182.25,55912.75,4330.60,0,0,0,0.00,0,F1,30,,,,,
2026-04-10,2026-04-10,FO,NSE,IDO,75469,,BANKNIFTY,,2026-06-30,2026-06-30,53000.00,CE,BANKNIFTY26JUN53000CE,4200.00,4446.15,4169.85,4391.40,4391.40,3765.65,55912.75,4473.90,8670,-30,42,72184144.50,39,F1,30,,,,,
2026-04-10,2026-04-10,FO,NSE,IDO,75461,,BANKNIFTY,,2026-06-30,2026-06-30,52600.00,CE,BANKNIFTY26JUN52600CE,0.00,0.00,0.00,4675.80,4675.80,4675.80,55912.75,4765.35,390,0,0,0.00,0,F1,30,,,,,
2026-04-10,2026-04-10,FO,NSE,IDO,57713,,BANKNIFTY,,2026-06-30,2026-06-30,51000.00,CE,BANKNIFTY26JUN51000CE,5430.05,6000.00,5430.05,5882.95,5882.95,5430.05,55912.75,6026.75,2010,0,11,18751071.00,10,F1,30,,,,,
2026-04-10,2026-04-10,FO,NSE,IDO,75411,,BANKNIFTY,,2026-06-30,2026-06-30,50600.00,CE,BANKNIFTY26JUN50600CE,0.00,0.00,0.00,4144.85,4144.85,4144.85,55912.75,6361.85,30,0,0,0.00,0,F1,30,,,,,
2026-04-10,2026-04-10,FO,NSE,IDO,75303,,BANKNIFTY,,2026-06-30,2026-06-30,50300.00,CE,BANKNIFTY26JUN50300CE,0.00,0.00,0.00,2430.20,0.00,2430.20,55912.75,6617.75,0,0,0,0.00,0,F1,30,,,,,
2026-04-10,2026-04-10,FO,NSE,IDO,75276,,BANKNIFTY,,2026-06-30,2026-06-30,49300.00,CE,BANKNIFTY26JUN49300CE,0.00,0.00,0.00,3010.55,0.00,3010.55,55912.75,7495.80,0,0,0,0.00,0,F1,30,,,,,
2026-04-10,2026-04-10,FO,NSE,IDO,75264,,BANKNIFTY,,2026-06-30,2026-06-30,48700.00,CE,BANKNIFTY26JUN48700CE,0.00,0.00,0.00,3395.45,0.00,3395.45,55912.75,8038.80,0,0,0,0.00,0,F1,30,,,,,
2026-04-10,2026-04-10,FO,NSE,IDO,75253,,BANKNIFTY,,2026-06-30,2026-06-30,48600.00,CE,BANKNIFTY26JUN48600CE,0.00,0.00,0.00,3462.25,0.00,3462.25,55912.75,8130.30,0,0,0,0.00,0,F1,30,,,,,
2026-04-10,2026-04-10,FO,NSE,IDO,75204,,BANKNIFTY,,2026-06-30,2026-06-30,47800.00,CE,BANKNIFTY26JUN47800CE,0.00,0.00,0.00,4024.65,0.00,4024.65,55912.75,8871.55,0,0,0,0.00,0,F1,30,,,,,
2026-04-10,2026-04-10,FO,NSE,IDO,57693,,BANKNIFTY,,2026-06-30,2026-06-30,46500.00,CE,BANKNIFTY26JUN46500CE,0.00,0.00,0.00,13882.70,0.00,13882.70,55912.75,10103.85,0,0,0,0.00,0,F1,30,,,,,
2026-04-10,2026-04-10,FO,NSE,IDO,75108,,BANKNIFTY,,2026-06-30,2026-06-30,46000.00,CE,BANKNIFTY26JUN46000CE,0.00,0.00,0.00,5433.15,0.00,5433.15,55912.75,10584.60,0,0,0,0.00,0,F1,30,,,,,
2026-04-10,2026-04-10,FO,NSE,IDO,57565,,BANKNIFTY,,2026-06-30,2026-06-30,43500.00,CE,BANKNIFTY26JUN43500CE,0.00,0.00,0.00,16490.50,0.00,16490.50,55912.75,13020.70,0,0,0,0.00,0,F1,30,,,,,
2026-04-10,2026-04-10,FO,NSE,IDO,68265,,BANKNIFTY,,2026-05-26,2026-05-26,67000.00,CE,BANKNIFTY26MAY67000CE,0.00,0.00,0.00,20.00,20.00,20.00,55912.75,18.65,150,0,0,0.00,0,F1,30,,,,,
2026-04-10,2026-04-10,FO,NSE,IDO,68152,,BANKNIFTY,,2026-05-26,2026-05-26,64000.00,CE,BANKNIFTY26MAY64000CE,42.55,46.00,36.50,45.15,45.75,40.55,55912.75,45.15,9210,420,104,199817743.50,54,F1,30,,,,,
2026-04-10,2026-04-10,FO,NSE,IDO,68078,,BANKNIFTY,,2026-05-26,2026-05-26,60900.00,CE,BANKNIFTY26MAY60900CE,0.00,0.00,0.00,162.00,162.00,162.00,55912.75,357.75,690,0,0,0.00,0,F1,30,,,,,
2026-04-10,2026-04-10,FO,NSE,IDO,68050,,BANKNIFTY,,2026-05-26,2026-05-26,60600.00,CE,BANKNIFTY26MAY60600CE,0.00,0.00,0.00,190.15,190.15,190.15,55912.75,403.35,690,0,0,0.00,0,F1,30,,,,,
2026-04-10,2026-04-10,FO,NSE,IDO,68046,,BANKNIFTY,,2026-05-26,2026-05-26,60400.00,CE,BANKNIFTY26MAY60400CE,0.00,0.00,0.00,209.75,209.75,209.75,55912.75,436.35,1080,0,0,0.00,0,F1,30,,,,,
2026-04-10,2026-04-10,FO,NSE,IDO,67288,,BANKNIFTY,,2026-05-26,2026-05-26,55900.00,CE,BANKNIFTY26MAY55900CE,1601.95,1792.20,1601.95,1773.65,1782.00,1391.70,55912.75,1773.65,2640,690,110,190214809.50,101,F1,30,,,,,
2026-04-10,2026-04-10,FO,NSE,IDO,67204,,BANKNIFTY,,2026-05-26,2026-05-26,54200.00,CE,BANKNIFTY26MAY54200CE,0.00,0.00,0.00,2843.05,2843.05,2843.05,55912.75,2950.55,690,0,0,0.00,0,F1,30,,,,,
2026-04-10,2026-04-10,FO,NSE,IDO,67120,,BANKNIFTY,,2026-05-26,2026-05-26,53300.00,CE,BANKNIFTY26MAY53300CE,0.00,0.00,0.00,3001.45,3001.45,3001.45,55912.75,3594.00,3090,0,0,0.00,0,F1,30,,,,,
2026-04-10,2026-04-10,FO,NSE,IDO,67087,,BANKNIFTY,,2026-05-26,2026-05-26,52500.00,CE,BANKNIFTY26MAY52500CE,3840.95,4354.45,3840.95,4312.25,4346.30,3550.00,55912.75,4312.25,4470,-3420,214,364320546.00,128,F1,30,,,,,
2026-04-10,2026-04-10,FO,NSE,IDO,66746,,BANKNIFTY,,2026-05-26,2026-05-26,50300.00,CE,BANKNIFTY26MAY50300CE,0.00,0.00,0.00,5228.40,5228.40,5228.40,55912.75,6129.40,30,0,0,0.00,0,F1,30,,,,,
2026-04-10,2026-04-10,FO,NSE,IDO,66667,,BANKNIFTY,,2026-05-26,2026-05-26,49700.00,CE,BANKNIFTY26MAY49700CE,0.00,0.00,0.00,12168.65,0.00,12168.65,55912.75,6687.05,0,0,0,0.00,0,F1,30,,,,,
2026-04-10,2026-04-10,FO,NSE,IDO,66482,,BANKNIFTY,,2026-05-26,2026-05-26,46400.00,CE,BANKNIFTY26MAY46400CE,0.00,0.00,0.00,15411.50,0.00,15411.50,55912.75,9884.60,0,0,0,0.00,0,F1,30,,,,,
2026-04-10,2026-04-10,FO,NSE,IDO,66477,,BANKNIFTY,,2026-05-26,2026-05-26,46200.00,CE,BANKNIFTY26MAY46200CE,0.00,0.00,0.00,15608.20,0.00,15608.20,55912.75,10081.95,0,0,0,0.00,0,F1,30,,,,,
2026-04-10,2026-04-10,FO,NSE,IDO,66475,,BANKNIFTY,,2026-05-26,2026-05-26,46100.00,CE,BANKNIFTY26MAY46100CE,0.00,0.00,0.00,15706.55,0.00,15706.55,55912.75,10180.65,0,0,0,0.00,0,F1,30,,,,,
2026-04-10,2026-04-10,FO,NSE,IDO,67925,,BANKNIFTY,,2026-04-28,2026-04-28,64900.00,CE,BANKNIFTY26APR64900CE,6.95,9.00,6.00,6.35,6.00,6.90,55912.75,6.35,3930,2370,574,1117710261.00,247,F1,30,,,,,
2026-04-10,2026-04-10,FO,NSE,IDO,67887,,BANKNIFTY,,2026-04-28,2026-04-28,64000.00,CE,BANKNIFTY26APR64000CE,10.75,11.50,8.65,9.25,8.65,9.80,55912.75,9.25,139830,19410,4638,8906400714.00,2097,F1,30,,,,,
2026-04-10,2026-04-10,FO,NSE,IDO,67863,,BANKNIFTY,,2026-04-28,2026-04-28,63300.00,CE,BANKNIFTY26APR63300CE,11.85,15.00,11.25,12.15,11.55,11.85,55912.75,12.15,2640,-810,242,459653038.50,127,F1,30,,,,,
2026-04-10,2026-04-10,FO,NSE,IDO,67828,,BANKNIFTY,,2026-04-28,2026-04-28,62500.00,CE,BANKNIFTY26APR62500CE,15.85,17.60,15.35,16.30,16.90,15.80,55912.75,16.30,77370,4260,6140,11515569771.00,4286,F1,30,,,,,
2026-04-10,2026-04-10,FO,NSE,IDO,67732,,BANKNIFTY,,2026-04-28,2026-04-28,60900.00,CE,BANKNIFTY26APR60900CE,29.00,34.85,27.00,32.65,33.10,29.00,55912.75,32.65,14640,2790,850,1553766588.00,470,F1,30,,,,,
2026-04-10,2026-04-10,FO,NSE,IDO,67716,,BANKNIFTY,,2026-04-28,2026-04-28,60100.00,CE,BANKNIFTY26APR60100CE,43.00,54.30,40.60,49.00,48.45,40.95,55912.75,49.00,83550,21630,3290,5936649211.50,1853,F1,30,,,,,
2026-04-10,2026-04-10,FO,NSE,IDO,67696,,BANKNIFTY,,2026-04-28,2026-04-28,59100.00,CE,BANKNIFTY26APR59100CE,80.70,102.95,75.55,93.65,95.85,69.80,55912.75,93.65,41070,16350,3134,5565212340.00,1809,F1,30,,,,,
2026-04-10,2026-04-10,FO,NSE,IDO,67552,,BANKNIFTY,,2026-04-28,2026-04-28,57200.00,CE,BANKNIFTY26APR57200CE,303.00,480.10,303.00,455.40,463.50,292.30,55912.75,455.40,68550,750,10431,18034394971.50,7927,F1,30,,,,,
2026-04-10,2026-04-10,FO,NSE,IDO,67524,,BANKNIFTY,,2026-04-28,2026-04-28,55800.00,CE,BANKNIFTY26APR55800CE,875.00,1183.15,831.25,1136.35,1152.00,768.20,55912.75,1136.35,101940,36810,58469,99790349767.50,41098,F1,30,,,,,
2026-04-10,2026-04-10,FO,NSE,IDO,67516,,BANKNIFTY,,2026-04-28,2026-04-28,55500.00,CE,BANKNIFTY26APR55500CE,999.95,1370.00,910.75,1330.45,1344.80,909.60,55912.75,1330.45,241500,-134850,59737,101685518872.50,38881,F1,30,,,,,
2026-04-10,2026-04-10,FO,NSE,IDO,67496,,BANKNIFTY,,2026-04-28,2026-04-28,55000.00,CE,BANKNIFTY26APR55000CE,1555.55,1719.80,1241.70,1675.35,1681.10,1182.60,55912.75,1675.35,599610,-160770,41379,70210920042.00,25733,F1,30,,,,,
2026-04-10,2026-04-10,FO,NSE,IDO,67468,,BANKNIFTY,,2026-04-28,2026-04-28,53700.00,CE,BANKNIFTY26APR53700CE,2190.30,2727.05,2190.30,2661.90,2702.35,2044.30,55912.75,2661.90,17280,-1530,108,182436450.00,61,F1,30,,,,,
2026-04-10,2026-04-10,FO,NSE,IDO,67466,,BANKNIFTY,,2026-04-28,2026-04-28,53600.00,CE,BANKNIFTY26APR53600CE,2429.95,2859.25,2429.95,2811.25,2800.00,2081.35,55912.75,2811.25,9930,-1140,49,82761540.00,27,F1,30,,,,,
2026-04-10,2026-04-10,FO,NSE,IDO,67426,,BANKNIFTY,,2026-04-28,2026-04-28,51600.00,CE,BANKNIFTY26APR51600CE,4250.05,4587.15,4250.00,4579.60,4579.60,3746.20,55912.75,4579.60,22770,-270,31,52129981.50,27,F1,30,,,,,
2026-04-10,2026-04-10,FO,NSE,IDO,67382,,BANKNIFTY,,2026-04-28,2026-04-28,49700.00,CE,BANKNIFTY26APR49700CE,6152.95,6165.25,6152.95,6165.25,6165.25,5975.35,55912.75,6359.80,4560,-150,14,23460714.00,14,F1,30,,,,,
2026-04-10,2026-04-10,FO,NSE,IDO,67303,,BANKNIFTY,,2026-04-28,2026-04-28,48400.00,CE,BANKNIFTY26APR48400CE,0.00,0.00,0.00,6288.90,6288.90,6288.90,55912.75,7652.20,30,0,0,0.00,0,F1,30,,,,,
2026-04-10,2026-04-10,FO,NSE,IDO,75758,,BANKNIFTY,,2026-06-30,2026-06-30,58300.00,PE,BANKNIFTY26JUN58300PE,0.00,0.00,0.00,7213.05,0.00,7213.05,55912.75,3164.15,0,0,0,0.00,0,F1,30,,,,,
2026-04-10,2026-04-10,FO,NSE,IDO,75803,,BANKNIFTY,,2026-06-30,2026-06-30,59100.00,PE,BANKNIFTY26JUN59100PE,0.00,0.00,0.00,7939.15,0.00,7939.15,55912.75,3679.40,0,0,0,0.00,0,F1,30,,,,,
2026-04-10,2026-04-10,FO,NSE,IDO,75845,,BANKNIFTY,,2026-06-30,2026-06-30,60800.00,PE,BANKNIFTY26JUN60800PE,0.00,0.00,0.00,9524.80,0.00,9524.80,55912.75,4899.30,0,0,0,0.00,0,F1,30,,,,,
2026-04-10,2026-04-10,FO,NSE,IDO,57767,,BANKNIFTY,,2026-06-30,2026-06-30,63000.00,PE,BANKNIFTY26JUN63000PE,6600.00,6600.00,6600.00,6600.00,6600.00,6900.00,55912.75,6675.45,750,-30,1,2088000.00,1,F1,30,,,,,
2026-04-10,2026-04-10,FO,NSE,IDO,52265,,BANKNIFTY,,2026-09-29,2026-09-29,43500.00,PE,BANKNIFTY26SEP43500PE,0.00,0.00,0.00,167.10,0.00,167.10,55912.75,78.65,0,0,0,0.00,0,F1,30,,,,,
2026-04-10,2026-04-10,FO,NSE,IDO,52287,,BANKNIFTY,,2026-09-29,2026-09-29,54000.00,PE,BANKNIFTY26SEP54000PE,0.00,0.00,0.00,2057.45,0.00,2057.45,55912.75,1737.85,0,0,0,0.00,0,F1,30,,,,,
2026-04-10,2026-04-10,FO,NSE,IDO,53236,,BANKNIFTY,,2026-12-29,2026-12-29,58500.00,PE,BANKNIFTY26DEC58500PE,0.00,0.00,0.00,1895.70,0.00,1895.70,55912.75,4061.10,0,0,0,0.00,0,F1,30,,,,,
2026-04-10,2026-04-10,FO,NSE,IDO,53245,,BANKNIFTY,,2026-12-29,2026-12-29,61500.00,PE,BANKNIFTY26DEC61500PE,0.00,0.00,0.00,3065.85,0.00,3065.85,55912.75,5754.60,0,0,0,0.00,0,F1,30,,,,,
2026-04-10,2026-04-10,FO,NSE,IDO,76418,,BANKNIFTY,,2027-03-30,2027-03-30,60000.00,PE,BANKNIFTY27MAR60000PE,0.00,0.00,0.00,7507.95,0.00,7507.95,55912.75,5009.35,0,0,0,0.00,0,F1,30,,,,,
2026-04-10,2026-04-10,FO,NSE,IDO,67262,,BANKNIFTY,,2026-04-28,2026-04-28,47700.00,CE,BANKNIFTY26APR47700CE,0.00,0.00,0.00,12237.60,0.00,12237.60,55912.75,8349.70,0,0,0,0.00,0,F1,30,,,,,
2026-04-10,2026-04-10,FO,NSE,IDO,67243,,BANKNIFTY,,2026-04-28,2026-04-28,47200.00,CE,BANKNIFTY26APR47200CE,0.00,0.00,0.00,12729.30,0.00,12729.30,55912.75,8848.15,0,0,0,0.00,0,F1,30,,,,,
2026-04-10,2026-04-10,FO,NSE,IDO,67233,,BANKNIFTY,,2026-04-28,2026-04-28,46700.00,CE,BANKNIFTY26APR46700CE,0.00,0.00,0.00,5361.25,5361.25,5361.25,55912.75,9346.65,330,0,0,0.00,0,F1,30,,,,,
2026-04-10,2026-04-10,FO,NSE,IDO,67231,,BANKNIFTY,,2026-04-28,2026-04-28,46600.00,CE,BANKNIFTY26APR46600CE,0.00,0.00,0.00,5542.40,5542.40,5542.40,55912.75,9446.35,360,0,0,0.00,0,F1,30,,,,,
2026-04-10,2026-04-10,FO,NSE,IDO,67229,,BANKNIFTY,,2026-04-28,2026-04-28,46500.00,CE,BANKNIFTY26APR46500CE,0.00,0.00,0.00,8484.60,8484.60,8484.60,55912.75,9546.05,1260,0,0,0.00,0,F1,30,,,,,
2026-04-10,2026-04-10,FO,NSE,IDO,68228,,BANKNIFTY,,2026-04-28,2026-04-28,67000.00,PE,BANKNIFTY26APR67000PE,11750.00,11750.00,11750.00,11750.00,11750.00,13000.00,55912.75,11750.00,90,-60,2,4725000.00,2,F1,30,,,,,
2026-04-10,2026-04-10,FO,NSE,IDO,66481,,BANKNIFTY,,2026-05-26,2026-05-26,46300.00,PE,BANKNIFTY26MAY46300PE,0.00,0.00,0.00,0.10,0.00,0.10,55912.75,6.10,0,0,0,0.00,0,F1,30,,,,,
2026-04-10,2026-04-10,FO,NSE,IDO,66530,,BANKNIFTY,,2026-05-26,2026-05-26,46600.00,PE,BANKNIFTY26MAY46600PE,0.00,0.00,0.00,0.15,0.00,0.15,55912.75,7.95,0,0,0,0.00,0,F1,30,,,,,
2026-04-10,2026-04-10,FO,NSE,IDO,66573,,BANKNIFTY,,2026-05-26,2026-05-26,47100.00,PE,BANKNIFTY26MAY47100PE,0.00,0.00,0.00,0.25,0.00,0.25,55912.75,12.25,0,0,0,0.00,0,F1,30,,,,,
2026-04-10,2026-04-10,FO,NSE,IDO,66668,,BANKNIFTY,,2026-05-26,2026-05-26,49700.00,PE,BANKNIFTY26MAY49700PE,0.00,0.00,0.00,2.95,0.00,2.95,55912.75,83.15,0,0,0,0.00,0,F1,30,,,,,
2026-04-10,2026-04-10,FO,NSE,IDO,66760,,BANKNIFTY,,2026-05-26,2026-05-26,50800.00,PE,BANKNIFTY26MAY50800PE,0.00,0.00,0.00,1275.60,1275.15,1275.60,55912.75,161.85,1110,0,0,0.00,0,F1,30,,,,,
2026-04-10,2026-04-10,FO,NSE,IDO,67088,,BANKNIFTY,,2026-05-26,2026-05-26,52500.00,PE,BANKNIFTY26MAY52500PE,605.05,626.25,480.05,542.95,530.80,810.00,55912.75,542.95,16230,3450,693,1103281470.00,453,F1,30,,,,,
2026-04-10,2026-04-10,FO,NSE,IDO,38317,,BANKNIFTY,,2026-05-26,2026-05-26,45800.00,PE,BANKNIFTY26MAY45800PE,0.00,0.00,0.00,0.05,0.00,0.05,55912.75,3.85,0,0,0,0.00,0,F1,30,,,,,
2026-04-10,2026-04-10,FO,NSE,IDO,40395,,BANKNIFTY,,2026-05-26,2026-05-26,45300.00,PE,BANKNIFTY26MAY45300PE,0.00,0.00,0.00,0.05,0.00,0.05,55912.75,2.35,0,0,0,0.00,0,F1,30,,,,,
2026-04-10,2026-04-10,FO,NSE,IDO,66472,,BANKNIFTY,,2026-05-26,2026-05-26,45500.00,PE,BANKNIFTY26MAY45500PE,0.00,0.00,0.00,0.05,0.00,0.05,55912.75,2.85,0,0,0,0.00,0,F1,30,,,,,
2026-04-10,2026-04-10,FO,NSE,IDO,66528,,BANKNIFTY,,2026-05-26,2026-05-26,46500.00,PE,BANKNIFTY26MAY46500PE,167.85,171.60,132.55,143.05,132.55,200.80,55912.75,143.05,3930,360,55,76972891.50,16,F1,30,,,,,
2026-04-10,2026-04-10,FO,NSE,IDO,66556,,BANKNIFTY,,2026-05-26,2026-05-26,46800.00,PE,BANKNIFTY26MAY46800PE,0.00,0.00,0.00,0.20,0.00,0.20,55912.75,9.45,0,0,0,0.00,0,F1,30,,,,,
2026-04-10,2026-04-10,FO,NSE,IDO,66577,,BANKNIFTY,,2026-05-26,2026-05-26,47200.00,PE,BANKNIFTY26MAY47200PE,0.00,0.00,0.00,0.25,0.00,0.25,55912.75,13.30,0,0,0,0.00,0,F1,30,,,,,
2026-04-10,2026-04-10,FO,NSE,IDO,66745,,BANKNIFTY,,2026-05-26,2026-05-26,50200.00,PE,BANKNIFTY26MAY50200PE,0.00,0.00,0.00,4.50,0.00,4.50,55912.75,113.65,0,0,0,0.00,0,F1,30,,,,,
2026-04-10,2026-04-10,FO,NSE,IDO,66756,,BANKNIFTY,,2026-05-26,2026-05-26,50600.00,PE,BANKNIFTY26MAY50600PE,0.00,0.00,0.00,6.25,0.00,6.25,55912.75,144.25,0,0,0,0.00,0,F1,30,,,,,
2026-04-10,2026-04-10,FO,NSE,IDO,66762,,BANKNIFTY,,2026-05-26,2026-05-26,50900.00,PE,BANKNIFTY26MAY50900PE,388.95,388.95,360.55,360.55,360.55,568.00,55912.75,360.55,2430,-180,6,9231159.00,2,F1,30,,,,,
2026-04-10,2026-04-10,FO,NSE,IDO,67513,,BANKNIFTY,,2026-04-28,2026-04-28,55300.00,PE,BANKNIFTY26APR55300PE,1043.25,1043.30,695.85,719.65,708.70,1243.60,55912.75,719.65,63600,13590,16209,27281862826.50,11350,F1,30,,,,,
2026-04-10,2026-04-10,FO,NSE,IDO,67511,,BANKNIFTY,,2026-04-28,2026-04-28,55200.00,PE,BANKNIFTY26APR55200PE,1127.75,1127.75,671.00,691.80,678.80,1195.30,55912.75,691.80,57480,13470,10941,18373121685.00,7690,F1,30,,,,,
2026-04-10,2026-04-10,FO,NSE,IDO,67495,,BANKNIFTY,,2026-04-28,2026-04-28,54900.00,PE,BANKNIFTY26APR54900PE,937.80,937.80,586.00,601.25,601.80,1070.80,55912.75,601.25,52770,-6330,6030,10054820529.00,4208,F1,30,,,,,
2026-04-10,2026-04-10,FO,NSE,IDO,67485,,BANKNIFTY,,2026-04-28,2026-04-28,54400.00,PE,BANKNIFTY26APR54400PE,700.00,700.00,477.85,486.95,486.75,884.25,55912.75,486.95,34680,540,4524,7457622181.50,3360,F1,30,,,,,
2026-04-10,2026-04-10,FO,NSE,IDO,67479,,BANKNIFTY,,2026-04-28,2026-04-28,54200.00,PE,BANKNIFTY26APR54200PE,613.70,657.85,440.40,451.45,449.75,817.75,55912.75,451.45,27180,4950,3046,4999130677.50,2147,F1,30,,,,,
2026-04-10,2026-04-10,FO,NSE,IDO,67465,,BANKNIFTY,,2026-04-28,2026-04-28,53500.00,PE,BANKNIFTY26APR53500PE,584.65,584.65,330.00,338.75,340.05,620.85,55912.75,338.75,243720,28860,18834,30438330979.50,12562,F1,30,,,,,
2026-04-10,2026-04-10,FO,NSE,IDO,67455,,BANKNIFTY,,2026-04-28,2026-04-28,53000.00,PE,BANKNIFTY26APR53000PE,469.00,469.00,270.35,278.70,279.35,510.15,55912.75,278.70,496290,43830,35846,57323208648.00,22193,F1,30,,,,,
2026-04-10,2026-04-10,FO,NSE,IDO,67240,,BANKNIFTY,,2026-04-28,2026-04-28,47000.00,PE,BANKNIFTY26APR47000PE,57.60,57.60,33.15,35.90,34.90,64.25,55912.75,35.90,209400,20640,13305,18775933089.00,6052,F1,30,,,,,
2026-04-10,2026-04-10,FO,NSE,IDO,67238,,BANKNIFTY,,2026-04-28,2026-04-28,46900.00,PE,BANKNIFTY26APR46900PE,0.00,0.00,0.00,0.75,0.00,0.75,55912.75,0.05,0,0,0,0.00,0,F1,30,,,,,
2026-04-10,2026-04-10,FO,NSE,IDO,67236,,BANKNIFTY,,2026-04-28,2026-04-28,46800.00,PE,BANKNIFTY26APR46800PE,0.00,0.00,0.00,0.70,0.00,0.70,55912.75,0.05,0,0,0,0.00,0,F1,30,,,,,
2026-04-10,2026-04-10,FO,NSE,IDO,67170,,BANKNIFTY,,2026-04-28,2026-04-28,45700.00,PE,BANKNIFTY26APR45700PE,0.00,0.00,0.00,0.20,0.00,0.20,55912.75,0.00,0,0,0,0.00,0,F1,30,,,,,
2026-04-10,2026-04-10,FO,NSE,IDO,67153,,BANKNIFTY,,2026-04-28,2026-04-28,45000.00,PE,BANKNIFTY26APR45000PE,29.00,32.60,17.00,18.90,17.95,36.05,55912.75,18.90,204060,-27720,16558,22363781200.50,5687,F1,30,,,,,
2026-04-10,2026-04-10,FO,NSE,IDO,67133,,BANKNIFTY,,2026-04-28,2026-04-28,43500.00,PE,BANKNIFTY26APR43500PE,18.00,19.00,11.00,12.95,11.00,24.20,55912.75,12.95,54240,-3360,1760,2297593269.00,945,F1,30,,,,,
2026-04-10,2026-04-10,FO,NSE,IDO,76396,,BANKNIFTY,,2027-03-30,2027-03-30,55500.00,CE,BANKNIFTY27MAR55500CE,0.00,0.00,0.00,3363.80,0.00,3363.80,55912.75,6630.10,0,0,0,0.00,0,F1,30,,,,,
2026-04-10,2026-04-10,FO,NSE,IDO,53226,,BANKNIFTY,,2026-12-29,2026-12-29,55500.00,CE,BANKNIFTY26DEC55500CE,0.00,0.00,0.00,7987.45,0.00,7987.45,55912.75,5550.90,0,0,0,0.00,0,F1,30,,,,,
2026-04-10,2026-04-10,FO,NSE,IDO,53198,,BANKNIFTY,,2026-12-29,2026-12-29,45000.00,CE,BANKNIFTY26DEC45000CE,0.00,0.00,0.00,16853.55,0.00,16853.55,55912.75,13201.30,0,0,0,0.00,0,F1,30,,,,,
2026-04-10,2026-04-10,FO,NSE,IDO,66478,,BANKNIFTY,,2026-05-26,2026-05-26,46200.00,PE,BANKNIFTY26MAY46200PE,0.00,0.00,0.00,0.10,0.00,0.10,55912.75,5.55,0,0,0,0.00,0,F1,30,,,,,
2026-04-10,2026-04-10,FO,NSE,IDO,67480,,BANKNIFTY,,2026-04-28,2026-04-28,54300.00,CE,BANKNIFTY26APR54300CE,2005.00,2241.15,1987.50,2221.25,2241.15,1616.20,55912.75,2221.25,26460,-1860,194,328489368.00,89,F1,30,,,,,
2026-04-10,2026-04-10,FO,NSE,IDO,67470,,BANKNIFTY,,2026-04-28,2026-04-28,53800.00,CE,BANKNIFTY26APR53800CE,2199.95,2593.90,2199.95,2591.15,2593.90,1963.45,55912.75,2591.15,20160,-630,48,80995524.00,36,F1,30,,,,,
2026-04-10,2026-04-10,FO,NSE,IDO,67416,,BANKNIFTY,,2026-04-28,2026-04-28,51100.00,CE,BANKNIFTY26APR51100CE,4850.00,5095.00,4850.00,5065.35,5065.35,4216.75,55912.75,4984.15,13530,-60,14,23565438.00,11,F1,30,,,,,
2026-04-10,2026-04-10,FO,NSE,IDO,67394,,BANKNIFTY,,2026-04-28,2026-04-28,50100.00,CE,BANKNIFTY26APR50100CE,5934.70,6030.40,5926.70,6025.85,6030.35,5473.80,55912.75,6025.85,30630,0,37,62293968.00,21,F1,30,,,,,
2026-04-10,2026-04-10,FO,NSE,IDO,67392,,BANKNIFTY,,2026-04-28,2026-04-28,50000.00,CE,BANKNIFTY26APR50000CE,5641.70,6160.00,5641.65,6102.25,6116.45,5206.40,55912.75,6102.25,177810,-1110,381,639818754.00,230,F1,30,,,,,
2026-04-10,2026-04-10,FO,NSE,IDO,67334,,BANKNIFTY,,2026-04-28,2026-04-28,49200.00,CE,BANKNIFTY26APR49200CE,0.00,0.00,0.00,6489.00,6489.00,6489.00,55912.75,6856.10,2370,0,0,0.00,0,F1,30,,,,,
2026-04-10,2026-04-10,FO,NSE,IDO,67305,,BANKNIFTY,,2026-04-28,2026-04-28,48500.00,CE,BANKNIFTY26APR48500CE,7450.00,7475.00,7433.20,7475.00,7475.00,7020.00,55912.75,7552.60,2400,-570,35,58753113.00,15,F1,30,,,,,
2026-04-10,2026-04-10,FO,NSE,IDO,67247,,BANKNIFTY,,2026-04-28,2026-04-28,47400.00,CE,BANKNIFTY26APR47400CE,0.00,0.00,0.00,12532.55,0.00,12532.55,55912.75,8648.75,0,0,0,0.00,0,F1,30,,,,,
2026-04-10,2026-04-10,FO,NSE,IDO,67175,,BANKNIFTY,,2026-04-28,2026-04-28,45900.00,CE,BANKNIFTY26APR45900CE,0.00,0.00,0.00,5138.50,5138.50,5138.50,55912.75,10144.35,480,0,0,0.00,0,F1,30,,,,,
2026-04-10,2026-04-10,FO,NSE,IDO,67134,,BANKNIFTY,,2026-04-28,2026-04-28,44000.00,CE,BANKNIFTY26APR44000CE,0.00,0.00,0.00,10903.55,10903.55,10903.55,55912.75,12038.90,10830,0,0,0.00,0,F1,30,,,,,
2026-04-10,2026-04-10,FO,NSE,IDO,67132,,BANKNIFTY,,2026-04-28,2026-04-28,43500.00,CE,BANKNIFTY26APR43500CE,0.00,0.00,0.00,16371.65,0.00,16371.65,55912.75,12537.45,0,0,0,0.00,0,F1,30,,,,,
2026-04-10,2026-04-10,FO,NSE,IDO,52334,,BANKNIFTY,,2026-09-29,2026-09-29,57000.00,CE,BANKNIFTY26SEP57000CE,0.00,0.00,0.00,4285.45,0.00,4285.45,55912.75,3561.75,0,0,0,0.00,0,F1,30,,,,,
2026-04-10,2026-04-10,FO,NSE,IDO,57761,,BANKNIFTY,,2026-06-30,2026-06-30,63000.00,CE,BANKNIFTY26JUN63000CE,145.30,175.00,145.25,169.80,173.00,140.70,55912.75,169.80,47550,-360,310,587458558.50,171,F1,30,,,,,
2026-04-10,2026-04-10,FO,NSE,IDO,75832,,BANKNIFTY,,2026-06-30,2026-06-30,60300.00,CE,BANKNIFTY26JUN60300CE,0.00,0.00,0.00,108.95,0.00,108.95,55912.75,968.25,0,0,0,0.00,0,F1,30,,,,,
2026-04-10,2026-04-10,FO,NSE,IDO,75815,,BANKNIFTY,,2026-06-30,2026-06-30,59600.00,CE,BANKNIFTY26JUN59600CE,0.00,0.00,0.00,143.20,0.00,143.20,55912.75,1157.10,0,0,0,0.00,0,F1,30,,,,,
2026-04-10,2026-04-10,FO,NSE,IDO,75800,,BANKNIFTY,,2026-06-30,2026-06-30,59000.00,CE,BANKNIFTY26JUN59000CE,700.00,878.50,700.00,858.75,855.00,650.85,55912.75,858.75,5640,1710,137,245904874.50,89,F1,30,,,,,
2026-04-10,2026-04-10,FO,NSE,IDO,68171,,BANKNIFTY,,2026-05-26,2026-05-26,64600.00,CE,BANKNIFTY26MAY64600CE,0.00,0.00,0.00,64.95,64.95,64.95,55912.75,66.85,330,0,0,0.00,0,F1,30,,,,,
2026-04-10,2026-04-10,FO,NSE,IDO,68114,,BANKNIFTY,,2026-05-26,2026-05-26,62400.00,CE,BANKNIFTY26MAY62400CE,0.00,0.00,0.00,68.40,68.40,68.40,55912.75,189.35,390,0,0,0.00,0,F1,30,,,,,
2026-04-10,2026-04-10,FO,NSE,IDO,67700,,BANKNIFTY,,2026-04-28,2026-04-28,59300.00,CE,BANKNIFTY26APR59300CE,68.95,88.00,65.20,80.50,82.70,62.15,55912.75,80.50,29670,8730,1964,3498569581.50,1110,F1,30,,,,,
2026-04-10,2026-04-10,FO,NSE,IDO,67763,,BANKNIFTY,,2026-04-28,2026-04-28,61100.00,CE,BANKNIFTY26APR61100CE,26.95,31.75,26.95,29.00,28.35,26.20,55912.75,29.00,16260,-4710,2827,5184365074.50,1556,F1,30,,,,,
2026-04-10,2026-04-10,FO,NSE,IDO,67921,,BANKNIFTY,,2026-04-28,2026-04-28,64700.00,CE,BANKNIFTY26APR64700CE,8.65,11.00,6.30,7.90,7.40,8.65,55912.75,7.90,7800,6990,792,1537478416.50,362,F1,30,,,,,
2026-04-10,2026-04-10,FO,NSE,IDO,66744,,BANKNIFTY,,2026-05-26,2026-05-26,50200.00,CE,BANKNIFTY26MAY50200CE,0.00,0.00,0.00,5639.00,5662.25,5639.00,55912.75,6221.50,900,0,0,0.00,0,F1,30,,,,,
2026-04-10,2026-04-10,FO,NSE,IDO,66765,,BANKNIFTY,,2026-05-26,2026-05-26,51100.00,CE,BANKNIFTY26MAY51100CE,0.00,0.00,0.00,3181.25,3181.25,3181.25,55912.75,5406.45,780,0,0,0.00,0,F1,30,,,,,
2026-04-10,2026-04-10,FO,NSE,IDO,66767,,BANKNIFTY,,2026-05-26,2026-05-26,51200.00,CE,BANKNIFTY26MAY51200CE,0.00,0.00,0.00,4721.50,4721.50,4721.50,55912.75,5318.05,900,0,0,0.00,0,F1,30,,,,,
2026-04-10,2026-04-10,FO,NSE,IDO,66773,,BANKNIFTY,,2026-05-26,2026-05-26,51500.00,CE,BANKNIFTY26MAY51500CE,4896.65,5113.60,4896.65,5050.00,5050.00,4342.95,55912.75,5055.75,3510,-90,5,8478361.50,5,F1,30,,,,,
2026-04-10,2026-04-10,FO,NSE,IDO,67091,,BANKNIFTY,,2026-05-26,2026-05-26,52700.00,CE,BANKNIFTY26MAY52700CE,0.00,0.00,0.00,3459.45,3459.45,3459.45,55912.75,4057.45,1200,0,0,0.00,0,F1,30,,,,,
2026-04-10,2026-04-10,FO,NSE,IDO,67177,,BANKNIFTY,,2026-05-26,2026-05-26,53400.00,CE,BANKNIFTY26MAY53400CE,0.00,0.00,0.00,3232.70,3232.70,3232.70,55912.75,3519.40,780,0,0,0.00,0,F1,30,,,,,
2026-04-10,2026-04-10,FO,NSE,IDO,67227,,BANKNIFTY,,2026-05-26,2026-05-26,54600.00,CE,BANKNIFTY26MAY54600CE,2600.00,2600.00,2559.60,2559.60,2559.60,2119.75,55912.75,2559.60,600,-90,3,5146219.50,3,F1,30,,,,,
2026-04-10,2026-04-10,FO,NSE,IDO,67257,,BANKNIFTY,,2026-05-26,2026-05-26,54900.00,CE,BANKNIFTY26MAY54900CE,2153.85,2430.85,2153.10,2355.75,2355.75,2390.40,55912.75,2498.20,1080,-150,29,49784598.00,28,F1,30,,,,,
2026-04-10,2026-04-10,FO,NSE,IDO,67280,,BANKNIFTY,,2026-05-26,2026-05-26,55500.00,CE,BANKNIFTY26MAY55500CE,1719.75,2059.95,1680.00,2029.00,2028.35,1597.75,55912.75,2029.00,14310,-1830,952,1641163158.00,784,F1,30,,,,,
2026-04-10,2026-04-10,FO,NSE,IDO,67574,,BANKNIFTY,,2026-05-26,2026-05-26,56900.00,CE,BANKNIFTY26MAY56900CE,1109.30,1160.00,1109.30,1119.30,1119.30,1190.35,55912.75,1451.55,4890,-30,6,10444065.00,6,F1,30,,,,,
2026-04-10,2026-04-10,FO,NSE,IDO,67639,,BANKNIFTY,,2026-04-28,2026-04-28,58800.00,CE,BANKNIFTY26APR58800CE,97.65,129.05,97.65,118.65,121.70,85.85,55912.75,118.65,48840,-2280,5895,10418841615.00,3760,F1,30,,,,,
2026-04-10,2026-04-10,FO,NSE,IDO,75665,,BANKNIFTY,,2026-06-30,2026-06-30,57700.00,CE,BANKNIFTY26JUN57700CE,0.00,0.00,0.00,288.45,0.00,288.45,55912.75,1814.20,0,0,0,0.00,0,F1,30,,,,,
2026-04-10,2026-04-10,FO,NSE,IDO,53213,,BANKNIFTY,,2026-12-29,2026-12-29,45000.00,PE,BANKNIFTY26DEC45000PE,0.00,0.00,0.00,47.55,0.00,47.55,55912.75,300.75,0,0,0,0.00,0,F1,30,,,,,
2026-04-10,2026-04-10,FO,NSE,IDO,52359,,BANKNIFTY,,2026-09-29,2026-09-29,58500.00,PE,BANKNIFTY26SEP58500PE,0.00,0.00,0.00,4011.00,0.00,4011.00,55912.75,3771.20,0,0,0,0.00,0,F1,30,,,,,
2026-04-10,2026-04-10,FO,NSE,IDO,75833,,BANKNIFTY,,2026-06-30,2026-06-30,60300.00,PE,BANKNIFTY26JUN60300PE,0.00,0.00,0.00,9053.45,0.00,9053.45,55912.75,4522.30,0,0,0,0.00,0,F1,30,,,,,
2026-04-10,2026-04-10,FO,NSE,IDO,75825,,BANKNIFTY,,2026-06-30,2026-06-30,59900.00,PE,BANKNIFTY26JUN59900PE,0.00,0.00,0.00,8679.15,0.00,8679.15,55912.75,4232.50,0,0,0,0.00,0,F1,30,,,,,
2026-04-10,2026-04-10,FO,NSE,IDO,75810,,BANKNIFTY,,2026-06-30,2026-06-30,59300.00,PE,BANKNIFTY26JUN59300PE,0.00,0.00,0.00,8122.95,0.00,8122.95,55912.75,3814.25,0,0,0,0.00,0,F1,30,,,,,
2026-04-10,2026-04-10,FO,NSE,IDO,75754,,BANKNIFTY,,2026-06-30,2026-06-30,58100.00,PE,BANKNIFTY26JUN58100PE,0.00,0.00,0.00,7034.05,0.00,7034.05,55912.75,3041.60,0,0,0,0.00,0,F1,30,,,,,
2026-04-10,2026-04-10,FO,NSE,IDO,75609,,BANKNIFTY,,2026-06-30,2026-06-30,55400.00,PE,BANKNIFTY26JUN55400PE,1448.20,1553.40,1442.65,1553.40,1553.40,4752.50,55912.75,1648.35,480,480,22,37551637.50,18,F1,30,,,,,
2026-04-10,2026-04-10,FO,NSE,IDO,75603,,BANKNIFTY,,2026-06-30,2026-06-30,55100.00,PE,BANKNIFTY26JUN55100PE,0.00,0.00,0.00,1822.10,1822.10,1822.10,55912.75,1524.45,540,0,0,0.00,0,F1,30,,,,,
2026-04-10,2026-04-10,FO,NSE,IDO,75551,,BANKNIFTY,,2026-06-30,2026-06-30,53100.00,PE,BANKNIFTY26JUN53100PE,0.00,0.00,0.00,3088.45,0.00,3088.45,55912.75,855.45,0,0,0,0.00,0,F1,30,,,,,
2026-04-10,2026-04-10,FO,NSE,IDO,75275,,BANKNIFTY,,2026-06-30,2026-06-30,49200.00,PE,BANKNIFTY26JUN49200PE,0.00,0.00,0.00,1116.15,0.00,1116.15,55912.75,192.95,0,0,0,0.00,0,F1,30,,,,,
2026-04-10,2026-04-10,FO,NSE,IDO,57700,,BANKNIFTY,,2026-06-30,2026-06-30,48000.00,PE,BANKNIFTY26JUN48000PE,406.70,406.75,325.35,328.95,327.00,457.00,55912.75,328.95,11550,2040,280,406147305.00,119,F1,30,,,,,
2026-04-10,2026-04-10,FO,NSE,IDO,75167,,BANKNIFTY,,2026-06-30,2026-06-30,46600.00,PE,BANKNIFTY26JUN46600PE,0.00,0.00,0.00,431.95,0.00,431.95,55912.75,51.45,0,0,0,0.00,0,F1,30,,,,,
2026-04-10,2026-04-10,FO,NSE,IDO,75161,,BANKNIFTY,,2026-06-30,2026-06-30,46300.00,PE,BANKNIFTY26JUN46300PE,0.00,0.00,0.00,380.45,0.00,380.45,55912.75,43.30,0,0,0,0.00,0,F1,30,,,,,
2026-04-10,2026-04-10,FO,NSE,IDO,57692,,BANKNIFTY,,2026-06-30,2026-06-30,45000.00,PE,BANKNIFTY26JUN45000PE,214.00,214.00,183.60,190.25,185.00,263.65,55912.75,190.25,8100,300,94,127445106.00,57,F1,30,,,,,
2026-04-10,2026-04-10,FO,NSE,IDO,68206,,BANKNIFTY,,2026-05-26,2026-05-26,65400.00,PE,BANKNIFTY26MAY65400PE,0.00,0.00,0.00,11827.00,11827.00,11827.00,55912.75,9016.90,600,0,0,0.00,0,F1,30,,,,,
2026-04-10,2026-04-10,FO,NSE,IDO,68103,,BANKNIFTY,,2026-05-26,2026-05-26,61800.00,PE,BANKNIFTY26MAY61800PE,0.00,0.00,0.00,7051.00,7051.00,7051.00,55912.75,5646.85,60,0,0,0.00,0,F1,30,,,,,
2026-04-10,2026-04-10,FO,NSE,IDO,68082,,BANKNIFTY,,2026-05-26,2026-05-26,61100.00,CE,BANKNIFTY26MAY61100CE,0.00,0.00,0.00,159.30,159.30,159.30,55912.75,329.80,870,0,0,0.00,0,F1,30,,,,,
2026-04-10,2026-04-10,FO,NSE,IDO,67654,,BANKNIFTY,,2026-05-26,2026-05-26,58800.00,CE,BANKNIFTY26MAY58800CE,411.40,499.75,411.40,498.00,496.75,373.40,55912.75,498.00,3030,810,111,197344429.50,69,F1,30,,,,,
2026-04-10,2026-04-10,FO,NSE,IDO,67616,,BANKNIFTY,,2026-05-26,2026-05-26,58300.00,CE,BANKNIFTY26MAY58300CE,554.95,626.85,550.80,615.00,615.00,474.65,55912.75,932.90,1710,210,67,118394251.50,43,F1,30,,,,,
2026-04-10,2026-04-10,FO,NSE,IDO,75657,,BANKNIFTY,,2026-06-30,2026-06-30,57400.00,CE,BANKNIFTY26JUN57400CE,0.00,0.00,0.00,320.40,0.00,320.40,55912.75,1938.90,0,0,0,0.00,0,F1,30,,,,,
2026-04-10,2026-04-10,FO,NSE,IDO,75652,,BANKNIFTY,,2026-06-30,2026-06-30,57300.00,CE,BANKNIFTY26JUN57300CE,0.00,0.00,0.00,1529.40,1547.85,1529.40,55912.75,1981.75,930,0,0,0.00,0,F1,30,,,,,
2026-04-10,2026-04-10,FO,NSE,IDO,75626,,BANKNIFTY,,2026-06-30,2026-06-30,56400.00,CE,BANKNIFTY26JUN56400CE,0.00,0.00,0.00,2003.10,2032.85,2003.10,55912.75,2398.45,90,0,0,0.00,0,F1,30,,,,,
2026-04-10,2026-04-10,FO,NSE,IDO,75459,,BANKNIFTY,,2026-06-30,2026-06-30,52400.00,CE,BANKNIFTY26JUN52400CE,4905.15,4905.15,4905.15,4905.15,4905.15,2995.85,55912.75,4915.50,240,-30,1,1719154.50,1,F1,30,,,,,
2026-04-10,2026-04-10,FO,NSE,IDO,75451,,BANKNIFTY,,2026-06-30,2026-06-30,52100.00,CE,BANKNIFTY26JUN52100CE,5159.30,5159.30,5159.30,5159.30,5159.30,4918.70,55912.75,5159.30,240,-30,1,1717779.00,1,F1,30,,,,,
2026-04-10,2026-04-10,FO,NSE,IDO,68097,,BANKNIFTY,,2026-05-26,2026-05-26,61600.00,PE,BANKNIFTY26MAY61600PE,0.00,0.00,0.00,6857.30,6857.30,6857.30,55912.75,5470.25,90,0,0,0.00,0,F1,30,,,,,
2026-04-10,2026-04-10,FO,NSE,IDO,68089,,BANKNIFTY,,2026-05-26,2026-05-26,61300.00,PE,BANKNIFTY26MAY61300PE,0.00,0.00,0.00,7759.10,7759.10,7759.10,55912.75,5208.50,120,0,0,0.00,0,F1,30,,,,,
2026-04-10,2026-04-10,FO,NSE,IDO,68073,,BANKNIFTY,,2026-05-26,2026-05-26,60700.00,PE,BANKNIFTY26MAY60700PE,0.00,0.00,0.00,8360.10,8360.10,8360.10,55912.75,4697.15,360,0,0,0.00,0,F1,30,,,,,
2026-04-10,2026-04-10,FO,NSE,IDO,67655,,BANKNIFTY,,2026-05-26,2026-05-26,58800.00,PE,BANKNIFTY26MAY58800PE,0.00,0.00,0.00,5598.05,5598.05,5598.05,55912.75,3211.05,90,0,0,0.00,0,F1,30,,,,,
2026-04-10,2026-04-10,FO,NSE,IDO,67653,,BANKNIFTY,,2026-05-26,2026-05-26,58700.00,PE,BANKNIFTY26MAY58700PE,0.00,0.00,0.00,5978.20,5978.20,5978.20,55912.75,3139.55,150,0,0,0.00,0,F1,30,,,,,
2026-04-10,2026-04-10,FO,NSE,IDO,67293,,BANKNIFTY,,2026-05-26,2026-05-26,56100.00,PE,BANKNIFTY26MAY56100PE,1661.75,1661.75,1448.45,1530.10,1521.00,2115.00,55912.75,1530.10,3000,600,39,67488516.00,35,F1,30,,,,,
2026-04-10,2026-04-10,FO,NSE,IDO,67281,,BANKNIFTY,,2026-05-26,2026-05-26,55500.00,PE,BANKNIFTY26MAY55500PE,1500.00,1500.00,1214.05,1235.80,1224.75,1750.40,55912.75,1235.80,14640,300,740,1260861685.50,550,F1,30,,,,,
2026-04-10,2026-04-10,FO,NSE,IDO,67279,,BANKNIFTY,,2026-05-26,2026-05-26,55400.00,PE,BANKNIFTY26MAY55400PE,1557.05,1557.05,1187.00,1192.65,1198.30,1693.60,55912.75,1192.65,2250,-540,75,127545493.50,55,F1,30,,,,,
2026-04-10,2026-04-10,FO,NSE,IDO,67252,,BANKNIFTY,,2026-05-26,2026-05-26,54700.00,PE,BANKNIFTY26MAY54700PE,1106.50,1106.50,993.45,1103.45,1103.45,1454.35,55912.75,979.75,3000,1080,84,140417391.00,47,F1,30,,,,,
2026-04-10,2026-04-10,FO,NSE,IDO,67199,,BANKNIFTY,,2026-05-26,2026-05-26,53900.00,PE,BANKNIFTY26MAY53900PE,835.30,864.55,779.20,790.85,779.20,1172.10,55912.75,790.85,1830,30,81,132979764.00,61,F1,30,,,,,
2026-04-10,2026-04-10,FO,NSE,IDO,67197,,BANKNIFTY,,2026-05-26,2026-05-26,53800.00,PE,BANKNIFTY26MAY53800PE,810.40,810.40,810.40,810.40,810.40,1091.45,55912.75,691.85,1380,0,6,9829872.00,1,F1,30,,,,,
2026-04-10,2026-04-10,FO,NSE,IDO,67096,,BANKNIFTY,,2026-05-26,2026-05-26,52700.00,PE,BANKNIFTY26MAY52700PE,601.00,633.45,601.00,633.45,633.45,767.80,55912.75,429.95,1380,-30,4,6397095.00,3,F1,30,,,,,
2026-04-10,2026-04-10,FO,NSE,IDO,66772,,BANKNIFTY,,2026-05-26,2026-05-26,51400.00,PE,BANKNIFTY26MAY51400PE,0.00,0.00,0.00,1504.15,1441.25,1504.15,55912.75,225.40,1440,0,0,0.00,0,F1,30,,,,,
2026-04-10,2026-04-10,FO,NSE,IDO,66766,,BANKNIFTY,,2026-05-26,2026-05-26,51100.00,PE,BANKNIFTY26MAY51100PE,0.00,0.00,0.00,1732.25,1732.25,1732.25,55912.75,191.50,1110,0,0,0.00,0,F1,30,,,,,
2026-04-10,2026-04-10,FO,NSE,IDO,75280,,BANKNIFTY,,2026-06-30,2026-06-30,49600.00,CE,BANKNIFTY26JUN49600CE,0.00,0.00,0.00,2828.30,0.00,2828.30,55912.75,7228.60,0,0,0,0.00,0,F1,30,,,,,
2026-04-10,2026-04-10,FO,NSE,IDO,75278,,BANKNIFTY,,2026-06-30,2026-06-30,49400.00,CE,BANKNIFTY26JUN49400CE,0.00,0.00,0.00,2949.05,0.00,2949.05,55912.75,7406.40,0,0,0,0.00,0,F1,30,,,,,
2026-04-10,2026-04-10,FO,NSE,IDO,75251,,BANKNIFTY,,2026-06-30,2026-06-30,48500.00,CE,BANKNIFTY26JUN48500CE,0.00,0.00,0.00,3529.70,0.00,3529.70,55912.75,8222.10,0,0,0,0.00,0,F1,30,,,,,
2026-04-10,2026-04-10,FO,NSE,IDO,67546,,BANKNIFTY,,2026-04-28,2026-04-28,56900.00,CE,BANKNIFTY26APR56900CE,419.95,598.10,401.15,571.55,578.50,370.40,55912.75,571.55,78210,19020,21751,37474140637.50,14838,F1,30,,,,,
2026-04-10,2026-04-10,FO,NSE,IDO,75227,,BANKNIFTY,,2026-06-30,2026-06-30,47900.00,CE,BANKNIFTY26JUN47900CE,0.00,0.00,0.00,3952.10,0.00,3952.10,55912.75,8778.05,0,0,0,0.00,0,F1,30,,,,,
2026-04-10,2026-04-10,FO,NSE,IDO,75083,,BANKNIFTY,,2026-06-30,2026-06-30,45900.00,CE,BANKNIFTY26JUN45900CE,0.00,0.00,0.00,5516.80,0.00,5516.80,55912.75,10681.10,0,0,0,0.00,0,F1,30,,,,,
2026-04-10,2026-04-10,FO,NSE,IDO,74958,,BANKNIFTY,,2026-06-30,2026-06-30,44000.00,CE,BANKNIFTY26JUN44000CE,0.00,0.00,0.00,7188.55,0.00,7188.55,55912.75,12530.60,0,0,0,0.00,0,F1,30,,,,,
2026-04-10,2026-04-10,FO,NSE,IDO,68223,,BANKNIFTY,,2026-05-26,2026-05-26,66100.00,CE,BANKNIFTY26MAY66100CE,0.00,0.00,0.00,591.70,0.00,591.70,55912.75,30.60,0,0,0,0.00,0,F1,30,,,,,
2026-04-10,2026-04-10,FO,NSE,IDO,68219,,BANKNIFTY,,2026-05-26,2026-05-26,65900.00,CE,BANKNIFTY26MAY65900CE,0.00,0.00,0.00,47.95,47.95,47.95,55912.75,34.10,210,0,0,0.00,0,F1,30,,,,,
2026-04-10,2026-04-10,FO,NSE,IDO,68201,,BANKNIFTY,,2026-05-26,2026-05-26,65200.00,CE,BANKNIFTY26MAY65200CE,0.00,0.00,0.00,793.00,0.00,793.00,55912.75,49.25,0,0,0,0.00,0,F1,30,,,,,
2026-04-10,2026-04-10,FO,NSE,IDO,67533,,BANKNIFTY,,2026-04-28,2026-04-28,56200.00,PE,BANKNIFTY26APR56200PE,1247.90,1267.50,1026.25,1056.80,1047.60,1727.05,55912.75,1056.80,22080,5040,3043,5232983316.00,2189,F1,30,,,,,
2026-04-10,2026-04-10,FO,NSE,IDO,67553,,BANKNIFTY,,2026-04-28,2026-04-28,57200.00,PE,BANKNIFTY26APR57200PE,1860.50,1860.50,1576.00,1577.25,1576.65,2616.85,55912.75,1577.25,3840,1440,119,210200550.00,82,F1,30,,,,,
2026-04-10,2026-04-10,FO,NSE,IDO,67563,,BANKNIFTY,,2026-04-28,2026-04-28,57700.00,PE,BANKNIFTY26APR57700PE,2271.10,2271.10,2014.45,2130.00,2130.00,2437.20,55912.75,2078.00,2940,600,25,44810322.00,10,F1,30,,,,,
2026-04-10,2026-04-10,FO,NSE,IDO,67612,,BANKNIFTY,,2026-04-28,2026-04-28,58000.00,PE,BANKNIFTY26APR58000PE,2600.05,2600.05,2107.00,2149.30,2157.65,3037.90,55912.75,2149.30,984690,132330,7636,13813722795.00,3034,F1,30,,,,,
2026-04-10,2026-04-10,FO,NSE,IDO,67634,,BANKNIFTY,,2026-04-28,2026-04-28,58500.00,PE,BANKNIFTY26APR58500PE,2878.40,2918.45,2538.25,2563.40,2568.20,3538.15,55912.75,2563.40,43740,-6540,672,1235138046.00,550,F1,30,,,,,
2026-04-10,2026-04-10,FO,NSE,IDO,67688,,BANKNIFTY,,2026-04-28,2026-04-28,58900.00,PE,BANKNIFTY26APR58900PE,2988.00,2988.00,2988.00,2988.00,2988.00,3848.65,55912.75,3033.20,2280,0,1,1856640.00,1,F1,30,,,,,
2026-04-10,2026-04-10,FO,NSE,IDO,67786,,BANKNIFTY,,2026-04-28,2026-04-28,61600.00,PE,BANKNIFTY26APR61600PE,0.00,0.00,0.00,10427.75,10427.75,10427.75,55912.75,5536.40,420,0,0,0.00,0,F1,30,,,,,
2026-04-10,2026-04-10,FO,NSE,IDO,68168,,BANKNIFTY,,2026-04-28,2026-04-28,65700.00,PE,BANKNIFTY26APR65700PE,0.00,0.00,0.00,11348.90,11348.90,11348.90,55912.75,9599.30,30,0,0,0.00,0,F1,30,,,,,
2026-04-10,2026-04-10,FO,NSE,IDO,68189,,BANKNIFTY,,2026-04-28,2026-04-28,66300.00,PE,BANKNIFTY26APR66300PE,0.00,0.00,0.00,11521.90,11521.90,11521.90,55912.75,10197.40,30,0,0,0.00,0,F1,30,,,,,
2026-04-10,2026-04-10,FO,NSE,IDO,75028,,BANKNIFTY,,2026-06-30,2026-06-30,45300.00,CE,BANKNIFTY26JUN45300CE,0.00,0.00,0.00,6028.85,0.00,6028.85,55912.75,11262.25,0,0,0,0.00,0,F1,30,,,,,
2026-04-10,2026-04-10,FO,NSE,IDO,68150,,BANKNIFTY,,2026-05-26,2026-05-26,63900.00,CE,BANKNIFTY26MAY63900CE,0.00,0.00,0.00,38.00,38.00,38.00,55912.75,94.40,780,0,0,0.00,0,F1,30,,,,,
2026-04-10,2026-04-10,FO,NSE,IDO,68132,,BANKNIFTY,,2026-05-26,2026-05-26,63100.00,CE,BANKNIFTY26MAY63100CE,0.00,0.00,0.00,47.15,47.15,47.15,55912.75,137.85,300,0,0,0.00,0,F1,30,,,,,
2026-04-10,2026-04-10,FO,NSE,IDO,68106,,BANKNIFTY,,2026-05-26,2026-05-26,62000.00,CE,BANKNIFTY26MAY62000CE,80.00,96.70,80.00,93.90,94.85,74.50,55912.75,93.90,63510,1500,1451,2702791311.00,931,F1,30,,,,,
2026-04-10,2026-04-10,FO,NSE,IDO,68102,,BANKNIFTY,,2026-05-26,2026-05-26,61800.00,CE,BANKNIFTY26MAY61800CE,0.00,0.00,0.00,93.55,93.55,93.55,55912.75,246.00,270,0,0,0.00,0,F1,30,,,,,
2026-04-10,2026-04-10,FO,NSE,IDO,68098,,BANKNIFTY,,2026-05-26,2026-05-26,61700.00,CE,BANKNIFTY26MAY61700CE,0.00,0.00,0.00,132.00,132.00,132.00,55912.75,256.75,630,0,0,0.00,0,F1,30,,,,,
2026-04-10,2026-04-10,FO,NSE,IDO,68090,,BANKNIFTY,,2026-05-26,2026-05-26,61400.00,CE,BANKNIFTY26MAY61400CE,0.00,0.00,0.00,111.05,111.05,111.05,55912.75,291.35,450,0,0,0.00,0,F1,30,,,,,
2026-04-10,2026-04-10,FO,NSE,IDO,68072,,BANKNIFTY,,2026-05-26,2026-05-26,60700.00,CE,BANKNIFTY26MAY60700CE,0.00,0.00,0.00,156.35,156.35,156.35,55912.75,387.65,720,0,0,0.00,0,F1,30,,,,,
2026-04-10,2026-04-10,FO,NSE,IDO,67758,,BANKNIFTY,,2026-05-26,2026-05-26,59200.00,CE,BANKNIFTY26MAY59200CE,361.25,399.80,355.05,399.80,399.80,345.20,55912.75,399.80,2520,900,82,146555754.00,58,F1,30,,,,,
2026-04-10,2026-04-10,FO,NSE,IDO,67622,,BANKNIFTY,,2026-05-26,2026-05-26,58600.00,CE,BANKNIFTY26MAY58600CE,516.95,561.25,495.85,556.85,559.10,411.15,55912.75,556.85,2130,420,100,177363981.00,70,F1,30,,,,,
2026-04-10,2026-04-10,FO,NSE,IDO,67570,,BANKNIFTY,,2026-05-26,2026-05-26,56700.00,CE,BANKNIFTY26MAY56700CE,1249.00,1305.85,1247.70,1305.85,1305.85,982.95,55912.75,1539.65,1890,120,6,10436013.00,5,F1,30,,,,,
2026-04-10,2026-04-10,FO,NSE,IDO,66748,,BANKNIFTY,,2026-05-26,2026-05-26,50400.00,CE,BANKNIFTY26MAY50400CE,0.00,0.00,0.00,3633.85,3633.85,3633.85,55912.75,6037.65,120,0,0,0.00,0,F1,30,,,,,
2026-04-10,2026-04-10,FO,NSE,IDO,66742,,BANKNIFTY,,2026-05-26,2026-05-26,50100.00,CE,BANKNIFTY26MAY50100CE,0.00,0.00,0.00,11776.45,0.00,11776.45,55912.75,6314.00,0,0,0,0.00,0,F1,30,,,,,
2026-04-10,2026-04-10,FO,NSE,IDO,52335,,BANKNIFTY,,2026-09-29,2026-09-29,57000.00,PE,BANKNIFTY26SEP57000PE,0.00,0.00,0.00,3274.80,0.00,3274.80,55912.75,2989.50,0,0,0,0.00,0,F1,30,,,,,
2026-04-10,2026-04-10,FO,NSE,IDO,75843,,BANKNIFTY,,2026-06-30,2026-06-30,60700.00,PE,BANKNIFTY26JUN60700PE,0.00,0.00,0.00,9430.25,0.00,9430.25,55912.75,4823.40,0,0,0,0.00,0,F1,30,,,,,
2026-04-10,2026-04-10,FO,NSE,IDO,75821,,BANKNIFTY,,2026-06-30,2026-06-30,59700.00,PE,BANKNIFTY26JUN59700PE,0.00,0.00,0.00,8493.00,0.00,8493.00,55912.75,4090.80,0,0,0,0.00,0,F1,30,,,,,
2026-04-10,2026-04-10,FO,NSE,IDO,75805,,BANKNIFTY,,2026-06-30,2026-06-30,59200.00,PE,BANKNIFTY26JUN59200PE,0.00,0.00,0.00,8030.95,0.00,8030.95,55912.75,3746.55,0,0,0,0.00,0,F1,30,,,,,
2026-04-10,2026-04-10,FO,NSE,IDO,75793,,BANKNIFTY,,2026-06-30,2026-06-30,58600.00,PE,BANKNIFTY26JUN58600PE,0.00,0.00,0.00,7483.50,0.00,7483.50,55912.75,3352.75,0,0,0,0.00,0,F1,30,,,,,
2026-04-10,2026-04-10,FO,NSE,IDO,75732,,BANKNIFTY,,2026-06-30,2026-06-30,57700.00,PE,BANKNIFTY26JUN57700PE,0.00,0.00,0.00,6679.50,0.00,6679.50,55912.75,2804.15,0,0,0,0.00,0,F1,30,,,,,
2026-04-10,2026-04-10,FO,NSE,IDO,75658,,BANKNIFTY,,2026-06-30,2026-06-30,57400.00,PE,BANKNIFTY26JUN57400PE,0.00,0.00,0.00,6416.85,0.00,6416.85,55912.75,2633.00,0,0,0,0.00,0,F1,30,,,,,
2026-04-10,2026-04-10,FO,NSE,IDO,75631,,BANKNIFTY,,2026-06-30,2026-06-30,56600.00,PE,BANKNIFTY26JUN56600PE,0.00,0.00,0.00,5731.55,0.00,5731.55,55912.75,2206.05,0,0,0,0.00,0,F1,30,,,,,
2026-04-10,2026-04-10,FO,NSE,IDO,75617,,BANKNIFTY,,2026-06-30,2026-06-30,55900.00,PE,BANKNIFTY26JUN55900PE,1648.30,1692.25,1631.10,1638.30,1638.30,5152.60,55912.75,1868.70,570,570,20,34525563.00,17,F1,30,,,,,
2026-04-10,2026-04-10,FO,NSE,IDO,75613,,BANKNIFTY,,2026-06-30,2026-06-30,55700.00,PE,BANKNIFTY26JUN55700PE,0.00,0.00,0.00,4991.10,0.00,4991.10,55912.75,1778.50,0,0,0,0.00,0,F1,30,,,,,
2026-04-10,2026-04-10,FO,NSE,IDO,75593,,BANKNIFTY,,2026-06-30,2026-06-30,54600.00,PE,BANKNIFTY26JUN54600PE,0.00,0.00,0.00,4140.30,0.00,4140.30,55912.75,1331.65,0,0,0,0.00,0,F1,30,,,,,
2026-04-10,2026-04-10,FO,NSE,IDO,75581,,BANKNIFTY,,2026-06-30,2026-06-30,53900.00,PE,BANKNIFTY26JUN53900PE,1080.90,1080.90,1080.90,1080.90,1080.90,1388.90,55912.75,1090.00,210,-30,1,1649427.00,1,F1,30,,,,,
2026-04-10,2026-04-10,FO,NSE,IDO,75574,,BANKNIFTY,,2026-06-30,2026-06-30,53700.00,PE,BANKNIFTY26JUN53700PE,1050.00,1050.00,1050.00,1050.00,1050.00,1346.90,55912.75,1026.90,1590,30,1,1642500.00,1,F1,30,,,,,
2026-04-10,2026-04-10,FO,NSE,IDO,75435,,BANKNIFTY,,2026-06-30,2026-06-30,51600.00,PE,BANKNIFTY26JUN51600PE,0.00,0.00,0.00,1702.85,1710.75,1702.85,55912.75,512.40,360,0,0,0.00,0,F1,30,,,,,
2026-04-10,2026-04-10,FO,NSE,IDO,75420,,BANKNIFTY,,2026-06-30,2026-06-30,51100.00,PE,BANKNIFTY26JUN51100PE,599.40,599.40,582.65,582.65,582.65,729.60,55912.75,582.65,390,0,7,10854864.00,2,F1,30,,,,,
2026-04-10,2026-04-10,FO,NSE,IDO,75246,,BANKNIFTY,,2026-06-30,2026-06-30,48200.00,PE,BANKNIFTY26JUN48200PE,0.00,0.00,0.00,797.75,0.00,797.75,55912.75,120.20,0,0,0,0.00,0,F1,30,,,,,
2026-04-10,2026-04-10,FO,NSE,IDO,75230,,BANKNIFTY,,2026-06-30,2026-06-30,47900.00,PE,BANKNIFTY26JUN47900PE,0.00,0.00,0.00,718.70,0.00,718.70,55912.75,103.45,0,0,0,0.00,0,F1,30,,,,,
2026-04-10,2026-04-10,FO,NSE,IDO,75070,,BANKNIFTY,,2026-06-30,2026-06-30,45400.00,PE,BANKNIFTY26JUN45400PE,0.00,0.00,0.00,253.75,0.00,253.75,55912.75,25.10,0,0,0,0.00,0,F1,30,,,,,
2026-04-10,2026-04-10,FO,NSE,IDO,68170,,BANKNIFTY,,2026-05-26,2026-05-26,64500.00,PE,BANKNIFTY26MAY64500PE,0.00,0.00,0.00,11127.60,11127.60,11127.60,55912.75,8149.85,30,0,0,0.00,0,F1,30,,,,,
2026-04-10,2026-04-10,FO,NSE,IDO,68162,,BANKNIFTY,,2026-05-26,2026-05-26,64300.00,PE,BANKNIFTY26MAY64300PE,0.00,0.00,0.00,10935.20,10935.20,10935.20,55912.75,7958.80,30,0,0,0.00,0,F1,30,,,,,
2026-04-10,2026-04-10,FO,NSE,IDO,68157,,BANKNIFTY,,2026-05-26,2026-05-26,64100.00,PE,BANKNIFTY26MAY64100PE,0.00,0.00,0.00,10727.50,10727.50,10727.50,55912.75,7768.40,30,0,0,0.00,0,F1,30,,,,,
2026-04-10,2026-04-10,FO,NSE,IDO,68131,,BANKNIFTY,,2026-05-26,2026-05-26,63000.00,PE,BANKNIFTY26MAY63000PE,6841.55,6841.55,6267.55,6404.15,6532.45,7591.30,55912.75,6404.15,750,360,14,29214324.00,12,F1,30,,,,,
2026-04-10,2026-04-10,FO,NSE,IDO,68125,,BANKNIFTY,,2026-05-26,2026-05-26,62700.00,PE,BANKNIFTY26MAY62700PE,0.00,0.00,0.00,9390.50,9390.50,9390.50,55912.75,6459.30,60,0,0,0.00,0,F1,30,,,,,
2026-04-10,2026-04-10,FO,NSE,IDO,68109,,BANKNIFTY,,2026-05-26,2026-05-26,62100.00,PE,BANKNIFTY26MAY62100PE,0.00,0.00,0.00,7339.75,7339.75,7339.75,55912.75,5914.55,60,0,0,0.00,0,F1,30,,,,,
2026-04-10,2026-04-10,FO,NSE,IDO,68079,,BANKNIFTY,,2026-05-26,2026-05-26,60900.00,PE,BANKNIFTY26MAY60900PE,0.00,0.00,0.00,7396.60,7396.60,7396.60,55912.75,4865.65,180,0,0,0.00,0,F1,30,,,,,
2026-04-10,2026-04-10,FO,NSE,IDO,68007,,BANKNIFTY,,2026-05-26,2026-05-26,60200.00,PE,BANKNIFTY26MAY60200PE,0.00,0.00,0.00,7428.60,7428.60,7428.60,55912.75,4284.95,300,0,0,0.00,0,F1,30,,,,,
2026-04-10,2026-04-10,FO,NSE,IDO,67623,,BANKNIFTY,,2026-05-26,2026-05-26,58600.00,PE,BANKNIFTY26MAY58600PE,0.00,0.00,0.00,7553.60,7556.65,7553.60,55912.75,3068.85,150,0,0,0.00,0,F1,30,,,,,
2026-04-10,2026-04-10,FO,NSE,IDO,67588,,BANKNIFTY,,2026-05-26,2026-05-26,57400.00,PE,BANKNIFTY26MAY57400PE,0.00,0.00,0.00,6631.85,6631.85,6631.85,55912.75,2282.45,180,0,0,0.00,0,F1,30,,,,,
2026-04-10,2026-04-10,FO,NSE,IDO,67285,,BANKNIFTY,,2026-05-26,2026-05-26,55700.00,PE,BANKNIFTY26MAY55700PE,1340.50,1407.05,1284.95,1303.80,1284.95,1823.05,55912.75,1303.80,2940,120,125,213958744.50,85,F1,30,,,,,
2026-04-10,2026-04-10,FO,NSE,IDO,67264,,BANKNIFTY,,2026-05-26,2026-05-26,55100.00,PE,BANKNIFTY26MAY55100PE,1290.00,1290.00,1108.95,1129.00,1129.00,1576.80,55912.75,1130.55,3090,90,15,25326858.00,15,F1,30,,,,,
2026-04-10,2026-04-10,FO,NSE,IDO,67201,,BANKNIFTY,,2026-05-26,2026-05-26,54000.00,PE,BANKNIFTY26MAY54000PE,990.05,1025.20,801.00,816.40,804.50,1208.80,55912.75,816.40,53400,6960,1283,2111767869.00,841,F1,30,,,,,
2026-04-10,2026-04-10,FO,NSE,IDO,67069,,BANKNIFTY,,2026-05-26,2026-05-26,52100.00,PE,BANKNIFTY26MAY52100PE,543.20,543.20,504.55,539.80,539.80,657.00,55912.75,322.90,1530,210,20,31570446.00,14,F1,30,,,,,
2026-04-10,2026-04-10,FO,NSE,IDO,67169,,BANKNIFTY,,2026-04-28,2026-04-28,45700.00,CE,BANKNIFTY26APR45700CE,0.00,0.00,0.00,14205.50,0.00,14205.50,55912.75,10343.75,0,0,0,0.00,0,F1,30,,,,,
2026-04-10,2026-04-10,FO,NSE,IDO,67301,,BANKNIFTY,,2026-04-28,2026-04-28,48300.00,CE,BANKNIFTY26APR48300CE,0.00,0.00,0.00,4650.00,4650.00,4650.00,55912.75,7751.80,1020,0,0,0.00,0,F1,30,,,,,
2026-04-10,2026-04-10,FO,NSE,IDO,67342,,BANKNIFTY,,2026-04-28,2026-04-28,49500.00,CE,BANKNIFTY26APR49500CE,6256.55,6639.85,6151.70,6568.60,6603.80,5592.25,55912.75,6568.60,18150,-3390,401,673464849.00,198,F1,30,,,,,
2026-04-10,2026-04-10,FO,NSE,IDO,67408,,BANKNIFTY,,2026-04-28,2026-04-28,50700.00,CE,BANKNIFTY26APR50700CE,5430.35,5430.35,5250.00,5250.00,5250.00,4561.50,55912.75,5374.00,16710,0,5,8405004.00,4,F1,30,,,,,
2026-04-10,2026-04-10,FO,NSE,IDO,67412,,BANKNIFTY,,2026-04-28,2026-04-28,50900.00,CE,BANKNIFTY26APR50900CE,5298.70,5313.10,5107.85,5286.15,5280.35,4650.00,55912.75,5286.15,19980,-600,101,170073118.50,70,F1,30,,,,,
2026-04-10,2026-04-10,FO,NSE,IDO,67436,,BANKNIFTY,,2026-04-28,2026-04-28,52100.00,CE,BANKNIFTY26APR52100CE,3904.50,4150.00,3904.50,4114.75,4119.35,3205.30,55912.75,4114.75,18720,-270,36,60622269.00,30,F1,30,,,,,
2026-04-10,2026-04-10,FO,NSE,IDO,67448,,BANKNIFTY,,2026-04-28,2026-04-28,52700.00,CE,BANKNIFTY26APR52700CE,3401.00,3602.20,3401.00,3593.55,3600.00,2846.90,55912.75,3593.55,55770,-240,167,281976087.00,105,F1,30,,,,,
2026-04-10,2026-04-10,FO,NSE,IDO,67486,,BANKNIFTY,,2026-04-28,2026-04-28,54500.00,CE,BANKNIFTY26APR54500CE,1560.25,2092.85,1560.20,2049.45,2056.80,1483.45,55912.75,2049.45,186360,-4470,2746,4648077954.00,1992,F1,30,,,,,
2026-04-10,2026-04-10,FO,NSE,IDO,67494,,BANKNIFTY,,2026-04-28,2026-04-28,54900.00,CE,BANKNIFTY26APR54900CE,1263.25,1791.00,1263.25,1753.35,1762.55,1244.55,55912.75,1753.35,33390,-21030,2423,4105204200.00,1644,F1,30,,,,,
2026-04-10,2026-04-10,FO,NSE,IDO,67526,,BANKNIFTY,,2026-04-28,2026-04-28,55900.00,CE,BANKNIFTY26APR55900CE,800.00,1123.00,800.00,1084.55,1096.00,725.90,55912.75,1084.55,101190,27030,36402,62188501075.50,25035,F1,30,,,,,
2026-04-10,2026-04-10,FO,NSE,IDO,67530,,BANKNIFTY,,2026-04-28,2026-04-28,56100.00,CE,BANKNIFTY26APR56100CE,734.95,1003.90,698.10,965.70,977.00,638.25,55912.75,965.70,66420,4800,14972,25613672397.00,11367,F1,30,,,,,
2026-04-10,2026-04-10,FO,NSE,IDO,67540,,BANKNIFTY,,2026-04-28,2026-04-28,56600.00,CE,BANKNIFTY26APR56600CE,500.00,735.55,496.35,705.05,711.60,455.20,55912.75,705.05,54330,-4710,10293,17681883753.00,7582,F1,30,,,,,
2026-04-10,2026-04-10,FO,NSE,IDO,67629,,BANKNIFTY,,2026-04-28,2026-04-28,58300.00,CE,BANKNIFTY26APR58300CE,137.35,194.30,136.70,180.45,186.00,122.55,55912.75,180.45,74280,33000,6760,11858384992.50,4993,F1,30,,,,,
2026-04-10,2026-04-10,FO,NSE,IDO,67706,,BANKNIFTY,,2026-04-28,2026-04-28,59600.00,CE,BANKNIFTY26APR59600CE,58.15,73.00,51.20,65.45,65.50,50.20,55912.75,65.45,42180,17310,2179,3900214648.50,1381,F1,30,,,,,
2026-04-10,2026-04-10,FO,NSE,IDO,67708,,BANKNIFTY,,2026-04-28,2026-04-28,59700.00,CE,BANKNIFTY26APR59700CE,52.60,68.15,52.00,61.80,63.00,50.05,55912.75,61.80,66480,30810,3313,5939616501.00,1967,F1,30,,,,,
2026-04-10,2026-04-10,FO,NSE,IDO,67710,,BANKNIFTY,,2026-04-28,2026-04-28,59800.00,CE,BANKNIFTY26APR59800CE,49.15,64.35,49.15,58.15,59.00,46.80,55912.75,58.15,78510,37020,3192,5731968622.50,1943,F1,30,,,,,
2026-04-10,2026-04-10,FO,NSE,IDO,67720,,BANKNIFTY,,2026-04-28,2026-04-28,60300.00,CE,BANKNIFTY26APR60300CE,37.90,48.25,34.00,43.40,42.20,37.85,55912.75,43.40,12150,-780,1136,2056470150.00,629,F1,30,,,,,
2026-04-10,2026-04-10,FO,NSE,IDO,67831,,BANKNIFTY,,2026-04-28,2026-04-28,62600.00,CE,BANKNIFTY26APR62600CE,15.90,18.00,14.95,16.10,14.95,15.00,55912.75,16.10,5550,-630,235,441446755.50,149,F1,30,,,,,
2026-04-10,2026-04-10,FO,NSE,IDO,67858,,BANKNIFTY,,2026-04-28,2026-04-28,63100.00,CE,BANKNIFTY26APR63100CE,11.95,16.00,11.95,12.95,13.00,12.85,55912.75,12.95,5670,1200,357,675951649.50,199,F1,30,,,,,
2026-04-10,2026-04-10,FO,NSE,IDO,67915,,BANKNIFTY,,2026-04-28,2026-04-28,64400.00,CE,BANKNIFTY26APR64400CE,8.05,10.00,6.85,7.15,7.70,9.50,55912.75,7.15,540,-840,207,399978870.00,124,F1,30,,,,,
2026-04-10,2026-04-10,FO,NSE,IDO,67919,,BANKNIFTY,,2026-04-28,2026-04-28,64600.00,CE,BANKNIFTY26APR64600CE,8.40,10.80,6.80,7.45,8.40,8.40,55912.75,7.45,1890,480,214,414785773.50,120,F1,30,,,,,
2026-04-10,2026-04-10,FO,NSE,IDO,68182,,BANKNIFTY,,2026-04-28,2026-04-28,66000.00,CE,BANKNIFTY26APR66000CE,4.90,6.60,4.05,4.30,5.00,4.70,55912.75,4.30,31230,2250,2412,4776144886.50,1141,F1,30,,,,,
2026-04-10,2026-04-10,FO,NSE,IDO,68194,,BANKNIFTY,,2026-04-28,2026-04-28,66400.00,CE,BANKNIFTY26APR66400CE,4.85,5.70,3.30,4.00,4.50,3.90,55912.75,4.00,11580,-900,778,1549883454.00,432,F1,30,,,,,
2026-04-10,2026-04-10,FO,NSE,IDO,68320,,BANKNIFTY,,2026-04-28,2026-04-28,69000.00,CE,BANKNIFTY26APR69000CE,3.15,3.45,2.65,2.75,2.65,3.30,55912.75,2.75,151890,3960,1808,3742725115.50,780,F1,30,,,,,
2026-04-10,2026-04-10,FO,NSE,IDO,38316,,BANKNIFTY,,2026-05-26,2026-05-26,45800.00,CE,BANKNIFTY26MAY45800CE,0.00,0.00,0.00,15450.65,0.00,15450.65,55912.75,10477.05,0,0,0,0.00,0,F1,30,,,,,
2026-04-10,2026-04-10,FO,NSE,IDO,66605,,BANKNIFTY,,2026-05-26,2026-05-26,47700.00,CE,BANKNIFTY26MAY47700CE,0.00,0.00,0.00,14133.25,0.00,14133.25,55912.75,8608.10,0,0,0,0.00,0,F1,30,,,,,
2026-04-10,2026-04-10,FO,NSE,IDO,66654,,BANKNIFTY,,2026-05-26,2026-05-26,49100.00,CE,BANKNIFTY26MAY49100CE,0.00,0.00,0.00,12757.55,0.00,12757.55,55912.75,7255.05,0,0,0,0.00,0,F1,30,,,,,
2026-04-10,2026-04-10,FO,NSE,IDO,66815,,BANKNIFTY,,2026-05-26,2026-05-26,51900.00,PE,BANKNIFTY26MAY51900PE,476.30,476.30,476.30,476.30,476.30,731.35,55912.75,292.20,960,0,5,7856445.00,1,F1,30,,,,,
2026-04-10,2026-04-10,FO,NSE,IDO,66798,,BANKNIFTY,,2026-05-26,2026-05-26,51700.00,PE,BANKNIFTY26MAY51700PE,463.70,468.75,463.00,468.75,468.75,680.45,55912.75,263.85,1770,-150,7,10955113.50,3,F1,30,,,,,
2026-04-10,2026-04-10,FO,NSE,IDO,66749,,BANKNIFTY,,2026-05-26,2026-05-26,50400.00,PE,BANKNIFTY26MAY50400PE,0.00,0.00,0.00,5.30,0.00,5.30,55912.75,128.20,0,0,0,0.00,0,F1,30,,,,,
2026-04-10,2026-04-10,FO,NSE,IDO,66661,,BANKNIFTY,,2026-05-26,2026-05-26,49400.00,PE,BANKNIFTY26MAY49400PE,0.00,0.00,0.00,2.25,0.00,2.25,55912.75,68.35,0,0,0,0.00,0,F1,30,,,,,
2026-04-10,2026-04-10,FO,NSE,IDO,66610,,BANKNIFTY,,2026-05-26,2026-05-26,47800.00,PE,BANKNIFTY26MAY47800PE,0.00,0.00,0.00,0.50,0.00,0.50,55912.75,21.55,0,0,0,0.00,0,F1,30,,,,,
2026-04-10,2026-04-10,FO,NSE,IDO,66483,,BANKNIFTY,,2026-05-26,2026-05-26,46400.00,PE,BANKNIFTY26MAY46400PE,0.00,0.00,0.00,0.10,0.00,0.10,55912.75,6.65,0,0,0,0.00,0,F1,30,,,,,
2026-04-10,2026-04-10,FO,NSE,IDO,68307,,BANKNIFTY,,2026-04-28,2026-04-28,68500.00,PE,BANKNIFTY26APR68500PE,0.00,0.00,0.00,8339.05,0.00,8339.05,55912.75,12390.95,0,0,0,0.00,0,F1,30,,,,,
2026-04-10,2026-04-10,FO,NSE,IDO,67982,,BANKNIFTY,,2026-04-28,2026-04-28,65200.00,PE,BANKNIFTY26APR65200PE,0.00,0.00,0.00,10839.85,10839.85,10839.85,55912.75,9101.00,30,0,0,0.00,0,F1,30,,,,,
2026-04-10,2026-04-10,FO,NSE,IDO,67924,,BANKNIFTY,,2026-04-28,2026-04-28,64800.00,PE,BANKNIFTY26APR64800PE,0.00,0.00,0.00,11650.90,11650.90,11650.90,55912.75,8702.50,60,0,0,0.00,0,F1,30,,,,,
2026-04-10,2026-04-10,FO,NSE,IDO,67920,,BANKNIFTY,,2026-04-28,2026-04-28,64600.00,PE,BANKNIFTY26APR64600PE,0.00,0.00,0.00,11479.70,11479.70,11479.70,55912.75,8503.35,60,0,0,0.00,0,F1,30,,,,,
2026-04-10,2026-04-10,FO,NSE,IDO,67884,,BANKNIFTY,,2026-04-28,2026-04-28,63800.00,PE,BANKNIFTY26APR63800PE,0.00,0.00,0.00,11085.30,11085.30,11085.30,55912.75,7707.35,120,0,0,0.00,0,F1,30,,,,,
2026-04-10,2026-04-10,FO,NSE,IDO,67774,,BANKNIFTY,,2026-04-28,2026-04-28,61400.00,PE,BANKNIFTY26APR61400PE,0.00,0.00,0.00,5891.95,5891.95,5891.95,55912.75,5342.00,600,0,0,0.00,0,F1,30,,,,,
2026-04-10,2026-04-10,FO,NSE,IDO,67762,,BANKNIFTY,,2026-04-28,2026-04-28,61000.00,PE,BANKNIFTY26APR61000PE,5251.00,5251.00,4919.00,4932.00,4939.95,5920.60,55912.75,4932.00,212100,-510,862,1707660142.50,578,F1,30,,,,,
2026-04-10,2026-04-10,FO,NSE,IDO,67756,,BANKNIFTY,,2026-04-28,2026-04-28,60900.00,PE,BANKNIFTY26APR60900PE,0.00,0.00,0.00,10200.20,10162.20,10200.20,55912.75,4859.90,420,0,0,0.00,0,F1,30,,,,,
2026-04-10,2026-04-10,FO,NSE,IDO,67713,,BANKNIFTY,,2026-04-28,2026-04-28,59900.00,PE,BANKNIFTY26APR59900PE,4050.00,4050.00,4050.00,4050.00,4050.00,4050.00,55912.75,3920.45,1530,0,1,1918500.00,1,F1,30,,,,,
2026-04-10,2026-04-10,FO,NSE,IDO,67695,,BANKNIFTY,,2026-04-28,2026-04-28,59000.00,PE,BANKNIFTY26APR59000PE,3501.15,3501.15,2996.00,3033.35,3020.00,3963.35,55912.75,3033.35,283020,-113670,6049,11288386119.00,2179,F1,30,,,,,
2026-04-10,2026-04-10,FO,NSE,IDO,67686,,BANKNIFTY,,2026-04-28,2026-04-28,58800.00,PE,BANKNIFTY26APR58800PE,3000.00,3049.40,2856.40,2856.50,2856.50,6556.35,55912.75,2948.40,9570,-30,6,11108257.50,5,F1,30,,,,,
2026-04-10,2026-04-10,FO,NSE,IDO,67557,,BANKNIFTY,,2026-04-28,2026-04-28,57400.00,PE,BANKNIFTY26APR57400PE,1701.55,1890.00,1689.05,1717.20,1692.30,2557.05,55912.75,1717.20,3630,30,11,19513390.50,11,F1,30,,,,,
2026-04-10,2026-04-10,FO,NSE,IDO,67537,,BANKNIFTY,,2026-04-28,2026-04-28,56400.00,PE,BANKNIFTY26APR56400PE,1504.15,1504.15,1128.60,1139.35,1140.45,1848.95,55912.75,1139.35,50340,3720,2262,3911031423.00,1225,F1,30,,,,,
2026-04-10,2026-04-10,FO,NSE,IDO,67535,,BANKNIFTY,,2026-04-28,2026-04-28,56300.00,PE,BANKNIFTY26APR56300PE,1376.05,1376.05,1073.75,1111.70,1114.55,1794.40,55912.75,1111.70,18660,4230,1201,2071323810.00,903,F1,30,,,,,
2026-04-10,2026-04-10,FO,NSE,IDO,67515,,BANKNIFTY,,2026-04-28,2026-04-28,55400.00,PE,BANKNIFTY26APR55400PE,1070.00,1070.05,728.85,755.75,742.90,1292.35,55912.75,755.75,80610,25890,13751,23198320921.50,9026,F1,30,,,,,
2026-04-10,2026-04-10,FO,NSE,IDO,67475,,BANKNIFTY,,2026-04-28,2026-04-28,54000.00,PE,BANKNIFTY26APR54000PE,651.05,682.55,405.00,418.30,418.90,754.80,55912.75,418.30,586590,30120,43528,71112335442.00,28161,F1,30,,,,,
2026-04-10,2026-04-10,FO,NSE,IDO,67443,,BANKNIFTY,,2026-04-28,2026-04-28,52400.00,PE,BANKNIFTY26APR52400PE,288.45,301.35,217.00,221.70,225.00,402.20,55912.75,221.70,24630,-5730,1423,2247321181.50,981,F1,30,,,,,
2026-04-10,2026-04-10,FO,NSE,IDO,67431,,BANKNIFTY,,2026-04-28,2026-04-28,51800.00,PE,BANKNIFTY26APR51800PE,227.90,237.15,175.35,179.35,182.00,324.70,55912.75,179.35,35700,390,1492,2327266636.50,867,F1,30,,,,,
2026-04-10,2026-04-10,FO,NSE,IDO,67419,,BANKNIFTY,,2026-04-28,2026-04-28,51200.00,PE,BANKNIFTY26APR51200PE,250.00,250.00,137.75,143.90,143.55,258.25,55912.75,143.90,49800,-2250,1439,2216989866.00,813,F1,30,,,,,
2026-04-10,2026-04-10,FO,NSE,IDO,67395,,BANKNIFTY,,2026-04-28,2026-04-28,50100.00,PE,BANKNIFTY26APR50100PE,118.85,125.70,94.20,98.10,97.85,176.70,55912.75,98.10,50910,570,816,1229054599.50,409,F1,30,,,,,
2026-04-10,2026-04-10,FO,NSE,IDO,67317,,BANKNIFTY,,2026-04-28,2026-04-28,48900.00,PE,BANKNIFTY26APR48900PE,88.20,88.20,64.25,66.25,64.25,113.50,55912.75,66.25,10830,-1140,358,525965406.00,202,F1,30,,,,,
2026-04-10,2026-04-10,FO,NSE,IDO,67222,,BANKNIFTY,,2026-04-28,2026-04-28,46300.00,PE,BANKNIFTY26APR46300PE,39.95,47.50,25.05,28.30,28.50,51.40,55912.75,28.30,2610,1950,279,387816316.50,72,F1,30,,,,,
2026-04-10,2026-04-10,FO,NSE,IDO,67161,,BANKNIFTY,,2026-04-28,2026-04-28,45300.00,PE,BANKNIFTY26APR45300PE,20.05,22.55,19.80,22.20,22.55,0.15,55912.75,22.20,330,330,134,182187852.00,31,F1,30,,,,,
2026-04-10,2026-04-10,FO,NSE,IDO,53214,,BANKNIFTY,,2026-12-29,2026-12-29,46500.00,CE,BANKNIFTY26DEC46500CE,0.00,0.00,0.00,15478.70,0.00,15478.70,55912.75,11917.80,0,0,0,0.00,0,F1,30,,,,,
2026-04-10,2026-04-10,FO,NSE,IDO,52426,,BANKNIFTY,,2026-09-29,2026-09-29,67500.00,CE,BANKNIFTY26SEP67500CE,0.00,0.00,0.00,1102.10,0.00,1102.10,55912.75,640.75,0,0,0,0.00,0,F1,30,,,,,
2026-04-10,2026-04-10,FO,NSE,IDO,52268,,BANKNIFTY,,2026-09-29,2026-09-29,45000.00,CE,BANKNIFTY26SEP45000CE,0.00,0.00,0.00,12567.35,0.00,12567.35,55912.75,12365.30,0,0,0,0.00,0,F1,30,,,,,
2026-04-10,2026-04-10,FO,NSE,IDO,75840,,BANKNIFTY,,2026-06-30,2026-06-30,60600.00,CE,BANKNIFTY26JUN60600CE,0.00,0.00,0.00,96.70,0.00,96.70,55912.75,898.10,0,0,0,0.00,0,F1,30,,,,,
2026-04-10,2026-04-10,FO,NSE,IDO,75614,,BANKNIFTY,,2026-06-30,2026-06-30,55800.00,CE,BANKNIFTY26JUN55800CE,0.00,0.00,0.00,546.50,0.00,546.50,55912.75,2707.05,0,0,0,0.00,0,F1,30,,,,,
2026-04-10,2026-04-10,FO,NSE,IDO,75600,,BANKNIFTY,,2026-06-30,2026-06-30,55000.00,CE,BANKNIFTY26JUN55000CE,2700.00,2954.90,2700.00,2940.70,2942.00,2484.60,55912.75,2940.70,8430,270,90,156284335.50,82,F1,30,,,,,
2026-04-10,2026-04-10,FO,NSE,IDO,75586,,BANKNIFTY,,2026-06-30,2026-06-30,54300.00,CE,BANKNIFTY26JUN54300CE,0.00,0.00,0.00,864.85,0.00,864.85,55912.75,3587.15,0,0,0,0.00,0,F1,30,,,,,
2026-04-10,2026-04-10,FO,NSE,IDO,75584,,BANKNIFTY,,2026-06-30,2026-06-30,54200.00,CE,BANKNIFTY26JUN54200CE,0.00,0.00,0.00,890.60,0.00,890.60,55912.75,3651.25,0,0,0,0.00,0,F1,30,,,,,
2026-04-10,2026-04-10,FO,NSE,IDO,57717,,BANKNIFTY,,2026-06-30,2026-06-30,52500.00,CE,BANKNIFTY26JUN52500CE,0.00,0.00,0.00,4110.60,4110.60,4110.60,55912.75,4840.10,630,0,0,0.00,0,F1,30,,,,,
2026-04-10,2026-04-10,FO,NSE,IDO,75415,,BANKNIFTY,,2026-06-30,2026-06-30,50800.00,CE,BANKNIFTY26JUN50800CE,0.00,0.00,0.00,2169.30,0.00,2169.30,55912.75,6193.40,0,0,0,0.00,0,F1,30,,,,,
2026-04-10,2026-04-10,FO,NSE,IDO,75172,,BANKNIFTY,,2026-06-30,2026-06-30,46900.00,CE,BANKNIFTY26JUN46900CE,0.00,0.00,0.00,4704.00,0.00,4704.00,55912.75,9721.65,0,0,0,0.00,0,F1,30,,,,,
2026-04-10,2026-04-10,FO,NSE,IDO,75032,,BANKNIFTY,,2026-06-30,2026-06-30,45400.00,CE,BANKNIFTY26JUN45400CE,0.00,0.00,0.00,5942.35,0.00,5942.35,55912.75,11165.15,0,0,0,0.00,0,F1,30,,,,,
2026-04-10,2026-04-10,FO,NSE,IDO,67555,,BANKNIFTY,,2026-04-28,2026-04-28,57300.00,PE,BANKNIFTY26APR57300PE,1864.45,1864.45,1618.00,1644.85,1647.05,2529.90,55912.75,1644.85,5940,660,97,171625674.00,37,F1,30,,,,,
2026-04-10,2026-04-10,FO,NSE,IDO,67723,,BANKNIFTY,,2026-04-28,2026-04-28,60400.00,PE,BANKNIFTY26APR60400PE,4351.00,4351.00,4351.00,4351.00,4351.00,8062.55,55912.75,4385.20,1320,0,1,1942530.00,1,F1,30,,,,,
2026-04-10,2026-04-10,FO,NSE,IDO,67829,,BANKNIFTY,,2026-04-28,2026-04-28,62500.00,PE,BANKNIFTY26APR62500PE,6450.00,6506.65,6450.00,6495.85,6495.85,7213.80,55912.75,6419.25,9300,-90,12,24834039.00,10,F1,30,,,,,
2026-04-10,2026-04-10,FO,NSE,IDO,67890,,BANKNIFTY,,2026-04-28,2026-04-28,64100.00,PE,BANKNIFTY26APR64100PE,0.00,0.00,0.00,11380.55,11380.55,11380.55,55912.75,8005.70,120,0,0,0.00,0,F1,30,,,,,
2026-04-10,2026-04-10,FO,NSE,IDO,68164,,BANKNIFTY,,2026-04-28,2026-04-28,65600.00,PE,BANKNIFTY26APR65600PE,0.00,0.00,0.00,11234.55,11234.55,11234.55,55912.75,9499.65,30,0,0,0.00,0,F1,30,,,,,
2026-04-10,2026-04-10,FO,NSE,IDO,68181,,BANKNIFTY,,2026-04-28,2026-04-28,65900.00,PE,BANKNIFTY26APR65900PE,0.00,0.00,0.00,11541.85,11541.85,11541.85,55912.75,9798.65,30,0,0,0.00,0,F1,30,,,,,
2026-04-10,2026-04-10,FO,NSE,IDO,68183,,BANKNIFTY,,2026-04-28,2026-04-28,66000.00,PE,BANKNIFTY26APR66000PE,0.00,0.00,0.00,10028.00,9905.40,10028.00,55912.75,9898.35,5310,0,0,0.00,0,F1,30,,,,,
2026-04-10,2026-04-10,FO,NSE,IDO,40397,,BANKNIFTY,,2026-05-26,2026-05-26,45400.00,PE,BANKNIFTY26MAY45400PE,0.00,0.00,0.00,0.05,0.00,0.05,55912.75,2.60,0,0,0,0.00,0,F1,30,,,,,
2026-04-10,2026-04-10,FO,NSE,IDO,66474,,BANKNIFTY,,2026-05-26,2026-05-26,46000.00,PE,BANKNIFTY26MAY46000PE,135.00,135.00,109.75,114.20,114.95,173.25,55912.75,114.20,4200,90,51,70566067.50,27,F1,30,,,,,
2026-04-10,2026-04-10,FO,NSE,IDO,66612,,BANKNIFTY,,2026-05-26,2026-05-26,47900.00,PE,BANKNIFTY26MAY47900PE,0.00,0.00,0.00,0.55,0.00,0.55,55912.75,23.30,0,0,0,0.00,0,F1,30,,,,,
2026-04-10,2026-04-10,FO,NSE,IDO,66754,,BANKNIFTY,,2026-05-26,2026-05-26,50500.00,PE,BANKNIFTY26MAY50500PE,278.55,388.60,278.55,330.45,329.00,5.75,55912.75,330.45,3660,3660,163,248689765.50,124,F1,30,,,,,
2026-04-10,2026-04-10,FO,NSE,IDO,66764,,BANKNIFTY,,2026-05-26,2026-05-26,51000.00,PE,BANKNIFTY26MAY51000PE,492.25,493.45,367.55,374.60,374.60,574.50,55912.75,374.60,50400,12600,1431,2206918215.00,667,F1,30,,,,,
2026-04-10,2026-04-10,FO,NSE,IDO,67071,,BANKNIFTY,,2026-05-26,2026-05-26,52200.00,PE,BANKNIFTY26MAY52200PE,601.20,601.20,517.60,553.15,553.15,800.00,55912.75,339.10,1410,270,50,79092748.50,28,F1,30,,,,,
2026-04-10,2026-04-10,FO,NSE,IDO,67224,,BANKNIFTY,,2026-05-26,2026-05-26,54400.00,PE,BANKNIFTY26MAY54400PE,996.95,996.95,941.35,967.20,967.20,2963.90,55912.75,876.00,480,-60,15,24910354.50,9,F1,30,,,,,
2026-04-10,2026-04-10,FO,NSE,IDO,67591,,BANKNIFTY,,2026-05-26,2026-05-26,57500.00,PE,BANKNIFTY26MAY57500PE,2253.05,2302.45,2069.90,2096.35,2071.15,2799.55,55912.75,2096.35,24150,5640,273,489180034.50,262,F1,30,,,,,
2026-04-10,2026-04-10,FO,NSE,IDO,67617,,BANKNIFTY,,2026-05-26,2026-05-26,58300.00,PE,BANKNIFTY26MAY58300PE,0.00,0.00,0.00,6600.00,6600.00,6600.00,55912.75,2861.30,180,0,0,0.00,0,F1,30,,,,,
2026-04-10,2026-04-10,FO,NSE,IDO,68083,,BANKNIFTY,,2026-05-26,2026-05-26,61100.00,PE,BANKNIFTY26MAY61100PE,0.00,0.00,0.00,8733.60,8733.60,8733.60,55912.75,5036.15,330,0,0,0.00,0,F1,30,,,,,
2026-04-10,2026-04-10,FO,NSE,IDO,68107,,BANKNIFTY,,2026-05-26,2026-05-26,62000.00,PE,BANKNIFTY26MAY62000PE,5929.70,5929.70,5650.00,5850.00,5850.00,6601.00,55912.75,5824.95,2160,60,18,36601891.50,13,F1,30,,,,,
2026-04-10,2026-04-10,FO,NSE,IDO,68129,,BANKNIFTY,,2026-05-26,2026-05-26,62900.00,PE,BANKNIFTY26MAY62900PE,0.00,0.00,0.00,9235.90,9235.90,9235.90,55912.75,6643.30,30,0,0,0.00,0,F1,30,,,,,
2026-04-10,2026-04-10,FO,NSE,IDO,68151,,BANKNIFTY,,2026-05-26,2026-05-26,63900.00,PE,BANKNIFTY26MAY63900PE,0.00,0.00,0.00,10549.50,10549.50,10549.50,55912.75,7578.70,30,0,0,0.00,0,F1,30,,,,,
2026-04-10,2026-04-10,FO,NSE,IDO,68172,,BANKNIFTY,,2026-05-26,2026-05-26,64600.00,PE,BANKNIFTY26MAY64600PE,0.00,0.00,0.00,11223.95,11223.95,11223.95,55912.75,8245.65,30,0,0,0.00,0,F1,30,,,,,
2026-04-10,2026-04-10,FO,NSE,IDO,68174,,BANKNIFTY,,2026-05-26,2026-05-26,64700.00,PE,BANKNIFTY26MAY64700PE,0.00,0.00,0.00,11320.55,11320.55,11320.55,55912.75,8341.60,30,0,0,0.00,0,F1,30,,,,,
2026-04-10,2026-04-10,FO,NSE,IDO,68216,,BANKNIFTY,,2026-05-26,2026-05-26,65800.00,PE,BANKNIFTY26MAY65800PE,0.00,0.00,0.00,11153.90,11153.90,11153.90,55912.75,9405.30,600,0,0,0.00,0,F1,30,,,,,
2026-04-10,2026-04-10,FO,NSE,IDO,68240,,BANKNIFTY,,2026-05-26,2026-05-26,66500.00,PE,BANKNIFTY26MAY66500PE,0.00,0.00,0.00,11193.35,11193.35,11193.35,55912.75,10088.45,570,0,0,0.00,0,F1,30,,,,,
2026-04-10,2026-04-10,FO,NSE,IDO,75186,,BANKNIFTY,,2026-06-30,2026-06-30,47400.00,PE,BANKNIFTY26JUN47400PE,0.00,0.00,0.00,594.80,0.00,594.80,55912.75,79.80,0,0,0,0.00,0,F1,30,,,,,
2026-04-10,2026-04-10,FO,NSE,IDO,75265,,BANKNIFTY,,2026-06-30,2026-06-30,48700.00,PE,BANKNIFTY26JUN48700PE,0.00,0.00,0.00,947.75,0.00,947.75,55912.75,153.10,0,0,0,0.00,0,F1,30,,,,,
2026-04-10,2026-04-10,FO,NSE,IDO,75289,,BANKNIFTY,,2026-06-30,2026-06-30,50000.00,PE,BANKNIFTY26JUN50000PE,560.00,560.00,472.00,474.70,472.00,653.80,55912.75,474.70,19650,3510,312,472715065.50,200,F1,30,,,,,
2026-04-10,2026-04-10,FO,NSE,IDO,75418,,BANKNIFTY,,2026-06-30,2026-06-30,50900.00,PE,BANKNIFTY26JUN50900PE,0.00,0.00,0.00,774.80,774.80,774.80,55912.75,393.80,1170,0,0,0.00,0,F1,30,,,,,
2026-04-10,2026-04-10,FO,NSE,IDO,75437,,BANKNIFTY,,2026-06-30,2026-06-30,51700.00,PE,BANKNIFTY26JUN51700PE,0.00,0.00,0.00,797.65,797.65,797.65,55912.75,531.30,540,0,0,0.00,0,F1,30,,,,,
2026-04-10,2026-04-10,FO,NSE,IDO,75458,,BANKNIFTY,,2026-06-30,2026-06-30,52300.00,PE,BANKNIFTY26JUN52300PE,0.00,0.00,0.00,1928.15,1927.20,1928.15,55912.75,655.95,570,0,0,0.00,0,F1,30,,,,,
2026-04-10,2026-04-10,FO,NSE,IDO,57720,,BANKNIFTY,,2026-06-30,2026-06-30,54000.00,PE,BANKNIFTY26JUN54000PE,1165.05,1190.35,1047.00,1061.40,1047.00,1440.05,55912.75,1061.40,28560,-1380,372,614857113.00,249,F1,30,,,,,
2026-04-10,2026-04-10,FO,NSE,IDO,75601,,BANKNIFTY,,2026-06-30,2026-06-30,55000.00,PE,BANKNIFTY26JUN55000PE,1600.00,1600.00,1330.00,1353.40,1340.00,1778.40,55912.75,1353.40,10590,1110,192,324933894.00,104,F1,30,,,,,
2026-04-10,2026-04-10,FO,NSE,IDO,75625,,BANKNIFTY,,2026-06-30,2026-06-30,56300.00,PE,BANKNIFTY26JUN56300PE,0.00,0.00,0.00,5480.90,0.00,5480.90,55912.75,2057.45,0,0,0,0.00,0,F1,30,,,,,
2026-04-10,2026-04-10,FO,NSE,IDO,57747,,BANKNIFTY,,2026-06-30,2026-06-30,57000.00,PE,BANKNIFTY26JUN57000PE,2198.05,2211.60,2025.20,2039.75,2025.25,2602.70,55912.75,2039.75,46350,330,84,148937563.50,78,F1,30,,,,,
2026-04-10,2026-04-10,FO,NSE,IDO,75656,,BANKNIFTY,,2026-06-30,2026-06-30,57300.00,PE,BANKNIFTY26JUN57300PE,0.00,0.00,0.00,6329.95,0.00,6329.95,55912.75,2577.25,0,0,0,0.00,0,F1,30,,,,,
2026-04-10,2026-04-10,FO,NSE,IDO,57751,,BANKNIFTY,,2026-06-30,2026-06-30,58500.00,PE,BANKNIFTY26JUN58500PE,2975.40,2979.80,2771.35,2789.60,2798.95,3465.85,55912.75,2789.60,42750,180,45,82848892.50,43,F1,30,,,,,
2026-04-10,2026-04-10,FO,NSE,IDO,57755,,BANKNIFTY,,2026-06-30,2026-06-30,60000.00,PE,BANKNIFTY26JUN60000PE,4030.00,4030.00,3682.40,3785.40,3773.80,4516.35,55912.75,3785.40,95700,60,253,484563472.50,192,F1,30,,,,,
2026-04-10,2026-04-10,FO,NSE,IDO,75854,,BANKNIFTY,,2026-06-30,2026-06-30,61100.00,PE,BANKNIFTY26JUN61100PE,0.00,0.00,0.00,9809.15,0.00,9809.15,55912.75,5127.50,0,0,0,0.00,0,F1,30,,,,,
2026-04-10,2026-04-10,FO,NSE,IDO,57775,,BANKNIFTY,,2026-06-30,2026-06-30,64500.00,PE,BANKNIFTY26JUN64500PE,0.00,0.00,0.00,6493.65,0.00,6493.65,55912.75,7986.30,0,0,0,0.00,0,F1,30,,,,,
2026-04-10,2026-04-10,FO,NSE,IDO,52271,,BANKNIFTY,,2026-09-29,2026-09-29,46500.00,PE,BANKNIFTY26SEP46500PE,0.00,0.00,0.00,409.05,0.00,409.05,55912.75,242.90,0,0,0,0.00,0,F1,30,,,,,
2026-04-10,2026-04-10,FO,NSE,IDO,52281,,BANKNIFTY,,2026-09-29,2026-09-29,49500.00,PE,BANKNIFTY26SEP49500PE,0.00,0.00,0.00,856.05,0.00,856.05,55912.75,605.10,0,0,0,0.00,0,F1,30,,,,,
2026-04-10,2026-04-10,FO,NSE,IDO,53241,,BANKNIFTY,,2026-12-29,2026-12-29,60000.00,PE,BANKNIFTY26DEC60000PE,0.00,0.00,0.00,2437.10,0.00,2437.10,55912.75,4869.70,0,0,0,0.00,0,F1,30,,,,,
2026-04-10,2026-04-10,FO,NSE,IDO,53253,,BANKNIFTY,,2026-12-29,2026-12-29,67500.00,PE,BANKNIFTY26DEC67500PE,0.00,0.00,0.00,6420.40,0.00,6420.40,55912.75,9954.10,0,0,0,0.00,0,F1,30,,,,,
2026-04-10,2026-04-10,FO,NSE,IDO,76399,,BANKNIFTY,,2027-03-30,2027-03-30,57000.00,PE,BANKNIFTY27MAR57000PE,0.00,0.00,0.00,5580.05,0.00,5580.05,55912.75,3562.65,0,0,0,0.00,0,F1,30,,,,,
2026-04-10,2026-04-10,FO,NSE,IDO,67559,,BANKNIFTY,,2026-04-28,2026-04-28,57500.00,PE,BANKNIFTY26APR57500PE,2300.00,2300.00,1763.05,1781.80,1793.05,2631.15,55912.75,1781.80,130620,1140,1255,2236354570.50,998,F1,30,,,,,
2026-04-10,2026-04-10,FO,NSE,IDO,67799,,BANKNIFTY,,2026-04-28,2026-04-28,62000.00,CE,BANKNIFTY26APR62000CE,18.00,21.25,16.65,18.75,18.80,18.50,55912.75,18.75,436260,101130,20303,37775504451.00,10252,F1,30,,,,,
2026-04-10,2026-04-10,FO,NSE,IDO,67714,,BANKNIFTY,,2026-04-28,2026-04-28,60000.00,CE,BANKNIFTY26APR60000CE,43.90,58.35,42.20,52.90,54.00,43.90,55912.75,52.90,1321680,-79410,74183,133644573541.50,28007,F1,30,,,,,
2026-04-10,2026-04-10,FO,NSE,IDO,67604,,BANKNIFTY,,2026-04-28,2026-04-28,57900.00,CE,BANKNIFTY26APR57900CE,181.30,270.70,181.30,254.50,261.20,168.50,55912.75,254.50,109650,23610,9746,16998903292.50,7070,F1,30,,,,,
2026-04-10,2026-04-10,FO,NSE,IDO,67520,,BANKNIFTY,,2026-04-28,2026-04-28,55600.00,CE,BANKNIFTY26APR55600CE,979.35,1310.00,953.95,1268.95,1274.35,859.80,55912.75,1268.95,87690,1440,33237,56622510132.00,22338,F1,30,,,,,
2026-04-10,2026-04-10,FO,NSE,IDO,67498,,BANKNIFTY,,2026-04-28,2026-04-28,55100.00,CE,BANKNIFTY26APR55100CE,1213.25,1649.00,1200.40,1606.25,1616.00,1127.75,55912.75,1606.25,31080,-19560,5008,8497250563.50,3254,F1,30,,,,,
2026-04-10,2026-04-10,FO,NSE,IDO,67478,,BANKNIFTY,,2026-04-28,2026-04-28,54200.00,CE,BANKNIFTY26APR54200CE,2160.00,2309.30,2124.60,2207.00,2207.00,1682.05,55912.75,2235.05,18210,-720,62,104961919.50,41,F1,30,,,,,
2026-04-10,2026-04-10,FO,NSE,IDO,67460,,BANKNIFTY,,2026-04-28,2026-04-28,53300.00,CE,BANKNIFTY26APR53300CE,2850.00,3073.65,2850.00,3069.05,3067.00,2350.00,55912.75,3069.05,16440,-660,29,48964053.00,23,F1,30,,,,,
2026-04-10,2026-04-10,FO,NSE,IDO,67838,,BANKNIFTY,,2026-04-28,2026-04-28,62900.00,CE,BANKNIFTY26APR62900CE,13.95,16.55,10.60,14.10,14.20,14.75,55912.75,14.10,4260,-1140,151,285005479.50,105,F1,30,,,,,
2026-04-10,2026-04-10,FO,NSE,IDO,67893,,BANKNIFTY,,2026-04-28,2026-04-28,64300.00,CE,BANKNIFTY26APR64300CE,10.35,10.40,7.25,7.85,7.40,8.65,55912.75,7.85,720,-540,112,216079450.50,79,F1,30,,,,,
2026-04-10,2026-04-10,FO,NSE,IDO,67923,,BANKNIFTY,,2026-04-28,2026-04-28,64800.00,CE,BANKNIFTY26APR64800CE,8.50,8.90,6.50,6.50,6.50,8.50,55912.75,6.50,2670,1530,327,635762538.00,119,F1,30,,,,,
2026-04-10,2026-04-10,FO,NSE,IDO,67981,,BANKNIFTY,,2026-04-28,2026-04-28,65200.00,CE,BANKNIFTY26APR65200CE,6.70,8.00,5.30,5.45,5.50,6.70,55912.75,5.45,3420,840,227,444057457.50,115,F1,30,,,,,
2026-04-10,2026-04-10,FO,NSE,IDO,68163,,BANKNIFTY,,2026-04-28,2026-04-28,65600.00,CE,BANKNIFTY26APR65600CE,5.55,7.65,4.40,4.80,4.75,4.60,55912.75,4.80,3600,1230,290,570769500.00,178,F1,30,,,,,
2026-04-10,2026-04-10,FO,NSE,IDO,68198,,BANKNIFTY,,2026-04-28,2026-04-28,66600.00,CE,BANKNIFTY26APR66600CE,5.00,5.75,3.00,3.30,3.05,4.85,55912.75,3.30,8400,7200,593,1184894194.50,463,F1,30,,,,,
2026-04-10,2026-04-10,FO,NSE,IDO,66468,,BANKNIFTY,,2026-05-26,2026-05-26,45500.00,CE,BANKNIFTY26MAY45500CE,0.00,0.00,0.00,16296.60,0.00,16296.60,55912.75,10773.75,0,0,0,0.00,0,F1,30,,,,,
2026-04-10,2026-04-10,FO,NSE,IDO,66529,,BANKNIFTY,,2026-05-26,2026-05-26,46600.00,CE,BANKNIFTY26MAY46600CE,0.00,0.00,0.00,15214.80,0.00,15214.80,55912.75,9687.50,0,0,0,0.00,0,F1,30,,,,,
2026-04-10,2026-04-10,FO,NSE,IDO,66664,,BANKNIFTY,,2026-05-26,2026-05-26,49600.00,CE,BANKNIFTY26MAY49600CE,0.00,0.00,0.00,3062.55,3063.85,3062.55,55912.75,6781.10,90,0,0,0.00,0,F1,30,,,,,
2026-04-10,2026-04-10,FO,NSE,IDO,67099,,BANKNIFTY,,2026-05-26,2026-05-26,52900.00,CE,BANKNIFTY26MAY52900CE,0.00,0.00,0.00,3470.90,3470.90,3470.90,55912.75,3900.10,840,0,0,0.00,0,F1,30,,,,,
2026-04-10,2026-04-10,FO,NSE,IDO,67184,,BANKNIFTY,,2026-05-26,2026-05-26,53500.00,CE,BANKNIFTY26MAY53500CE,3406.70,3511.30,3291.30,3483.50,3495.15,2874.85,55912.75,3483.50,5520,-480,174,297189796.50,106,F1,30,,,,,
2026-04-10,2026-04-10,FO,NSE,IDO,67190,,BANKNIFTY,,2026-05-26,2026-05-26,53700.00,CE,BANKNIFTY26MAY53700CE,0.00,0.00,0.00,2676.10,2676.10,2676.10,55912.75,3301.85,3390,0,0,0.00,0,F1,30,,,,,
2026-04-10,2026-04-10,FO,NSE,IDO,67278,,BANKNIFTY,,2026-05-26,2026-05-26,55400.00,CE,BANKNIFTY26MAY55400CE,1949.00,2109.80,1948.50,2096.90,2097.40,1675.70,55912.75,2096.90,2550,-540,94,162019564.50,64,F1,30,,,,,
2026-04-10,2026-04-10,FO,NSE,IDO,67284,,BANKNIFTY,,2026-05-26,2026-05-26,55700.00,CE,BANKNIFTY26MAY55700CE,1654.05,1911.45,1654.05,1892.35,1863.20,1501.50,55912.75,1892.35,3210,-60,160,276178507.50,119,F1,30,,,,,
2026-04-10,2026-04-10,FO,NSE,IDO,67296,,BANKNIFTY,,2026-05-26,2026-05-26,56300.00,CE,BANKNIFTY26MAY56300CE,1576.45,1576.45,1464.60,1523.25,1523.25,1188.20,55912.75,1523.25,2250,-90,14,24275365.50,10,F1,30,,,,,
2026-04-10,2026-04-10,FO,NSE,IDO,75430,,BANKNIFTY,,2026-06-30,2026-06-30,51500.00,CE,BANKNIFTY26JUN51500CE,5709.95,5709.95,5709.95,5709.95,5709.95,5010.55,55912.75,5709.95,540,0,1,1716298.50,1,F1,30,,,,,
2026-04-10,2026-04-10,FO,NSE,IDO,67446,,BANKNIFTY,,2026-04-28,2026-04-28,52600.00,CE,BANKNIFTY26APR52600CE,3541.20,3700.00,3529.40,3647.35,3633.15,2904.50,55912.75,3647.35,22980,-30,21,35414325.00,16,F1,30,,,,,
2026-04-10,2026-04-10,FO,NSE,IDO,67430,,BANKNIFTY,,2026-04-28,2026-04-28,51800.00,CE,BANKNIFTY26APR51800CE,4217.15,4467.65,4200.00,4390.00,4371.60,3570.10,55912.75,4390.00,22410,-630,40,67386369.00,32,F1,30,,,,,
2026-04-10,2026-04-10,FO,NSE,IDO,67428,,BANKNIFTY,,2026-04-28,2026-04-28,51700.00,CE,BANKNIFTY26APR51700CE,4210.00,4495.30,4210.00,4494.10,4494.05,3570.00,55912.75,4494.10,23640,-60,6,10099719.00,6,F1,30,,,,,
2026-04-10,2026-04-10,FO,NSE,IDO,67378,,BANKNIFTY,,2026-04-28,2026-04-28,49600.00,CE,BANKNIFTY26APR49600CE,6248.40,6262.10,6248.40,6260.35,6260.35,5795.00,55912.75,6458.95,4440,0,6,10053840.00,6,F1,30,,,,,
2026-04-10,2026-04-10,FO,NSE,IDO,67568,,BANKNIFTY,,2026-05-26,2026-05-26,56600.00,CE,BANKNIFTY26MAY56600CE,1340.00,1408.50,1300.00,1408.50,1408.50,1073.00,55912.75,1408.50,1920,60,9,15646327.50,7,F1,30,,,,,
2026-04-10,2026-04-10,FO,NSE,IDO,67594,,BANKNIFTY,,2026-05-26,2026-05-26,57700.00,CE,BANKNIFTY26MAY57700CE,810.00,810.00,810.00,810.00,810.00,632.65,55912.75,1134.75,3330,0,1,1755300.00,1,F1,30,,,,,
2026-04-10,2026-04-10,FO,NSE,IDO,67989,,BANKNIFTY,,2026-05-26,2026-05-26,59800.00,CE,BANKNIFTY26MAY59800CE,276.70,299.65,259.35,294.45,297.20,223.55,55912.75,294.45,3120,1050,81,145983123.00,52,F1,30,,,,,
2026-04-10,2026-04-10,FO,NSE,IDO,68146,,BANKNIFTY,,2026-05-26,2026-05-26,63800.00,CE,BANKNIFTY26MAY63800CE,0.00,0.00,0.00,44.55,44.55,44.55,55912.75,99.05,1140,0,0,0.00,0,F1,30,,,,,
2026-04-10,2026-04-10,FO,NSE,IDO,68203,,BANKNIFTY,,2026-05-26,2026-05-26,65300.00,CE,BANKNIFTY26MAY65300CE,0.00,0.00,0.00,768.65,0.00,768.65,55912.75,46.75,0,0,0,0.00,0,F1,30,,,,,
2026-04-10,2026-04-10,FO,NSE,IDO,75114,,BANKNIFTY,,2026-06-30,2026-06-30,46200.00,CE,BANKNIFTY26JUN46200CE,0.00,0.00,0.00,5267.30,0.00,5267.30,55912.75,10391.95,0,0,0,0.00,0,F1,30,,,,,
2026-04-10,2026-04-10,FO,NSE,IDO,75170,,BANKNIFTY,,2026-06-30,2026-06-30,46800.00,CE,BANKNIFTY26JUN46800CE,0.00,0.00,0.00,4782.75,0.00,4782.75,55912.75,9817.00,0,0,0,0.00,0,F1,30,,,,,
2026-04-10,2026-04-10,FO,NSE,IDO,75426,,BANKNIFTY,,2026-06-30,2026-06-30,51300.00,CE,BANKNIFTY26JUN51300CE,0.00,0.00,0.00,3091.75,3084.45,3091.75,55912.75,5780.25,210,0,0,0.00,0,F1,30,,,,,
2026-04-10,2026-04-10,FO,NSE,IDO,67245,,BANKNIFTY,,2026-04-28,2026-04-28,47300.00,CE,BANKNIFTY26APR47300CE,0.00,0.00,0.00,12630.90,0.00,12630.90,55912.75,8748.45,0,0,0,0.00,0,F1,30,,,,,
2026-04-10,2026-04-10,FO,NSE,IDO,75444,,BANKNIFTY,,2026-06-30,2026-06-30,51900.00,CE,BANKNIFTY26JUN51900CE,0.00,0.00,0.00,3265.75,3265.75,3265.75,55912.75,5300.60,180,0,0,0.00,0,F1,30,,,,,
2026-04-10,2026-04-10,FO,NSE,IDO,75446,,BANKNIFTY,,2026-06-30,2026-06-30,52000.00,CE,BANKNIFTY26JUN52000CE,5175.90,5196.15,5175.90,5196.10,5196.10,4580.40,55912.75,5222.50,8430,-60,3,5147044.50,3,F1,30,,,,,
2026-04-10,2026-04-10,FO,NSE,IDO,75550,,BANKNIFTY,,2026-06-30,2026-06-30,53100.00,CE,BANKNIFTY26JUN53100CE,0.00,0.00,0.00,1215.00,0.00,1215.00,55912.75,4401.95,0,0,0,0.00,0,F1,30,,,,,
2026-04-10,2026-04-10,FO,NSE,IDO,75590,,BANKNIFTY,,2026-06-30,2026-06-30,54500.00,CE,BANKNIFTY26JUN54500CE,0.00,0.00,0.00,2779.40,2779.40,2779.40,55912.75,3460.95,30,0,0,0.00,0,F1,30,,,,,
2026-04-10,2026-04-10,FO,NSE,IDO,67152,,BANKNIFTY,,2026-04-28,2026-04-28,45000.00,CE,BANKNIFTY26APR45000CE,10799.00,11000.00,10799.00,11000.00,11000.00,9958.35,55912.75,11000.00,25170,0,4,6707940.00,4,F1,30,,,,,
2026-04-10,2026-04-10,FO,NSE,IDO,75610,,BANKNIFTY,,2026-06-30,2026-06-30,55600.00,CE,BANKNIFTY26JUN55600CE,0.00,0.00,0.00,582.40,0.00,582.40,55912.75,2815.45,0,0,0,0.00,0,F1,30,,,,,
2026-04-10,2026-04-10,FO,NSE,IDO,75632,,BANKNIFTY,,2026-06-30,2026-06-30,56700.00,CE,BANKNIFTY26JUN56700CE,0.00,0.00,0.00,406.95,0.00,406.95,55912.75,2253.25,0,0,0,0.00,0,F1,30,,,,,
2026-04-10,2026-04-10,FO,NSE,IDO,75634,,BANKNIFTY,,2026-06-30,2026-06-30,56800.00,CE,BANKNIFTY26JUN56800CE,0.00,0.00,0.00,393.45,0.00,393.45,55912.75,2206.30,0,0,0,0.00,0,F1,30,,,,,
2026-04-10,2026-04-10,FO,NSE,IDO,75650,,BANKNIFTY,,2026-06-30,2026-06-30,57200.00,CE,BANKNIFTY26JUN57200CE,0.00,0.00,0.00,343.35,0.00,343.35,55912.75,2025.30,0,0,0,0.00,0,F1,30,,,,,
2026-04-10,2026-04-10,FO,NSE,IDO,75751,,BANKNIFTY,,2026-06-30,2026-06-30,58000.00,CE,BANKNIFTY26JUN58000CE,1129.00,1264.15,1095.90,1251.00,1258.90,974.75,55912.75,1251.00,13290,2010,272,483136090.50,218,F1,30,,,,,
2026-04-10,2026-04-10,FO,NSE,IDO,75786,,BANKNIFTY,,2026-06-30,2026-06-30,58600.00,CE,BANKNIFTY26JUN58600CE,0.00,0.00,0.00,208.55,0.00,208.55,55912.75,1475.25,0,0,0,0.00,0,F1,30,,,,,
2026-04-10,2026-04-10,FO,NSE,IDO,75830,,BANKNIFTY,,2026-06-30,2026-06-30,60200.00,CE,BANKNIFTY26JUN60200CE,0.00,0.00,0.00,113.35,0.00,113.35,55912.75,993.65,0,0,0,0.00,0,F1,30,,,,,
2026-04-10,2026-04-10,FO,NSE,IDO,57758,,BANKNIFTY,,2026-06-30,2026-06-30,61500.00,CE,BANKNIFTY26JUN61500CE,250.00,350.75,250.00,286.85,275.00,227.20,55912.75,286.85,19170,3360,405,750875676.00,173,F1,30,,,,,
2026-04-10,2026-04-10,FO,NSE,IDO,75907,,BANKNIFTY,,2026-06-30,2026-06-30,62500.00,CE,BANKNIFTY26JUN62500CE,0.00,0.00,0.00,43.95,0.00,43.95,55912.75,530.80,0,0,0,0.00,0,F1,30,,,,,
2026-04-10,2026-04-10,FO,NSE,IDO,52286,,BANKNIFTY,,2026-09-29,2026-09-29,54000.00,CE,BANKNIFTY26SEP54000CE,0.00,0.00,0.00,5890.50,0.00,5890.50,55912.75,5222.75,0,0,0,0.00,0,F1,30,,,,,
2026-04-10,2026-04-10,FO,NSE,IDO,52388,,BANKNIFTY,,2026-09-29,2026-09-29,61500.00,CE,BANKNIFTY26SEP61500CE,0.00,0.00,0.00,2502.65,0.00,2502.65,55912.75,1828.85,0,0,0,0.00,0,F1,30,,,,,
2026-04-10,2026-04-10,FO,NSE,IDO,76388,,BANKNIFTY,,2027-03-30,2027-03-30,49500.00,CE,BANKNIFTY27MAR49500CE,0.00,0.00,0.00,6266.75,0.00,6266.75,55912.75,10489.30,0,0,0,0.00,0,F1,30,,,,,
2026-04-10,2026-04-10,FO,NSE,IDO,67174,,BANKNIFTY,,2026-04-28,2026-04-28,45800.00,PE,BANKNIFTY26APR45800PE,0.00,0.00,0.00,0.25,0.00,0.25,55912.75,0.05,0,0,0,0.00,0,F1,30,,,,,
2026-04-10,2026-04-10,FO,NSE,IDO,67220,,BANKNIFTY,,2026-04-28,2026-04-28,46200.00,PE,BANKNIFTY26APR46200PE,0.00,0.00,0.00,50.25,50.25,50.25,55912.75,0.05,30,0,0,0.00,0,F1,30,,,,,
2026-04-10,2026-04-10,FO,NSE,IDO,67373,,BANKNIFTY,,2026-04-28,2026-04-28,49500.00,PE,BANKNIFTY26APR49500PE,115.00,115.00,77.80,81.05,82.25,140.65,55912.75,81.05,89370,9750,5183,7710502378.50,2577,F1,30,,,,,
2026-04-10,2026-04-10,FO,NSE,IDO,67421,,BANKNIFTY,,2026-04-28,2026-04-28,51300.00,PE,BANKNIFTY26APR51300PE,182.65,197.55,145.05,149.00,148.35,269.90,55912.75,149.00,36240,-7320,952,1469730535.50,539,F1,30,,,,,
2026-04-10,2026-04-10,FO,NSE,IDO,67423,,BANKNIFTY,,2026-04-28,2026-04-28,51400.00,PE,BANKNIFTY26APR51400PE,200.05,200.05,146.05,154.05,154.00,279.55,55912.75,154.05,44880,-6270,846,1308739320.00,519,F1,30,,,,,
2026-04-10,2026-04-10,FO,NSE,IDO,67451,,BANKNIFTY,,2026-04-28,2026-04-28,52800.00,PE,BANKNIFTY26APR52800PE,380.05,380.05,251.80,256.40,256.35,472.95,55912.75,256.40,36690,-630,1503,2393499310.50,1014,F1,30,,,,,
2026-04-10,2026-04-10,FO,NSE,IDO,67471,,BANKNIFTY,,2026-04-28,2026-04-28,53800.00,PE,BANKNIFTY26APR53800PE,510.05,528.25,371.10,383.65,381.20,699.00,55912.75,383.65,26670,900,2353,3827637303.00,1639,F1,30,,,,,
2026-04-10,2026-04-10,FO,NSE,IDO,67487,,BANKNIFTY,,2026-04-28,2026-04-28,54500.00,PE,BANKNIFTY26APR54500PE,776.05,776.05,495.65,512.30,507.65,920.95,55912.75,512.30,245610,9780,19711,32563079665.50,14553,F1,30,,,,,
2026-04-10,2026-04-10,FO,NSE,IDO,67521,,BANKNIFTY,,2026-04-28,2026-04-28,55600.00,PE,BANKNIFTY26APR55600PE,1071.35,1136.40,792.95,821.65,810.45,1389.30,55912.75,821.65,86580,34350,29924,50727290820.00,19348,F1,30,,,,,
2026-04-10,2026-04-10,FO,NSE,IDO,67525,,BANKNIFTY,,2026-04-28,2026-04-28,55800.00,PE,BANKNIFTY26APR55800PE,1283.80,1338.50,863.55,898.10,883.30,1502.75,55912.75,898.10,87090,58320,46961,79968166471.50,30303,F1,30,,,,,
2026-04-10,2026-04-10,FO,NSE,IDO,67383,,BANKNIFTY,,2026-04-28,2026-04-28,49700.00,PE,BANKNIFTY26APR49700PE,102.65,102.65,83.50,87.65,86.00,153.25,55912.75,87.65,10590,-420,324,483989332.50,206,F1,30,,,,,
2026-04-10,2026-04-10,FO,NSE,IDO,67304,,BANKNIFTY,,2026-04-28,2026-04-28,48400.00,PE,BANKNIFTY26APR48400PE,64.95,68.00,55.00,57.10,56.95,99.05,55912.75,57.10,3480,-1440,191,277687888.50,122,F1,30,,,,,
2026-04-10,2026-04-10,FO,NSE,IDO,67246,,BANKNIFTY,,2026-04-28,2026-04-28,47300.00,PE,BANKNIFTY26APR47300PE,0.00,0.00,0.00,1.10,0.00,1.10,55912.75,0.15,0,0,0,0.00,0,F1,30,,,,,
2026-04-10,2026-04-10,FO,NSE,IDO,67234,,BANKNIFTY,,2026-04-28,2026-04-28,46700.00,PE,BANKNIFTY26APR46700PE,0.00,0.00,0.00,0.60,0.00,0.60,55912.75,0.05,0,0,0,0.00,0,F1,30,,,,,
2026-04-10,2026-04-10,FO,NSE,IDO,67181,,BANKNIFTY,,2026-04-28,2026-04-28,45900.00,PE,BANKNIFTY26APR45900PE,0.00,0.00,0.00,0.25,0.00,0.25,55912.75,0.05,0,0,0,0.00,0,F1,30,,,,,
2026-04-10,2026-04-10,FO,NSE,IDO,67165,,BANKNIFTY,,2026-04-28,2026-04-28,45500.00,PE,BANKNIFTY26APR45500PE,40.70,40.70,20.00,22.15,22.25,40.70,55912.75,22.15,39120,-90,1995,2724646174.50,1315,F1,30,,,,,
2026-04-10,2026-04-10,FO,NSE,IDO,76425,,BANKNIFTY,,2027-03-30,2027-03-30,63000.00,CE,BANKNIFTY27MAR63000CE,0.00,0.00,0.00,1338.85,0.00,1338.85,55912.75,3348.20,0,0,0,0.00,0,F1,30,,,,,
2026-04-10,2026-04-10,FO,NSE,IDO,76402,,BANKNIFTY,,2027-03-30,2027-03-30,60000.00,CE,BANKNIFTY27MAR60000CE,0.00,0.00,0.00,1968.25,0.00,1968.25,55912.75,4462.00,0,0,0,0.00,0,F1,30,,,,,
2026-04-10,2026-04-10,FO,NSE,IDO,67778,,BANKNIFTY,,2026-04-28,2026-04-28,61500.00,CE,BANKNIFTY26APR61500CE,21.60,25.95,21.45,23.25,23.60,21.55,55912.75,23.25,223440,44790,12427,22936712485.50,6975,F1,30,,,,,
2026-04-10,2026-04-10,FO,NSE,IDO,67833,,BANKNIFTY,,2026-04-28,2026-04-28,62700.00,CE,BANKNIFTY26APR62700CE,14.95,17.25,12.85,14.50,14.00,14.25,55912.75,14.50,5280,-60,308,579494148.00,184,F1,30,,,,,
2026-04-10,2026-04-10,FO,NSE,IDO,67883,,BANKNIFTY,,2026-04-28,2026-04-28,63800.00,CE,BANKNIFTY26APR63800CE,10.00,12.50,9.05,9.90,10.65,10.30,55912.75,9.90,1470,0,139,266091178.50,79,F1,30,,,,,
2026-04-10,2026-04-10,FO,NSE,IDO,68180,,BANKNIFTY,,2026-04-28,2026-04-28,65900.00,CE,BANKNIFTY26APR65900CE,6.00,7.40,4.00,4.85,4.50,5.00,55912.75,4.85,7620,-3810,456,901589223.00,280,F1,30,,,,,
2026-04-10,2026-04-10,FO,NSE,IDO,68188,,BANKNIFTY,,2026-04-28,2026-04-28,66300.00,CE,BANKNIFTY26APR66300CE,4.95,6.40,3.50,4.05,3.50,4.00,55912.75,4.05,9180,-2310,467,928929154.50,243,F1,30,,,,,
2026-04-10,2026-04-10,FO,NSE,IDO,68255,,BANKNIFTY,,2026-04-28,2026-04-28,67500.00,CE,BANKNIFTY26APR67500CE,3.80,4.25,3.00,3.05,3.00,3.50,55912.75,3.05,13230,60,453,917374012.50,177,F1,30,,,,,
2026-04-10,2026-04-10,FO,NSE,IDO,66464,,BANKNIFTY,,2026-05-26,2026-05-26,44500.00,CE,BANKNIFTY26MAY44500CE,0.00,0.00,0.00,17280.10,0.00,17280.10,55912.75,11764.05,0,0,0,0.00,0,F1,30,,,,,
2026-04-10,2026-04-10,FO,NSE,IDO,66578,,BANKNIFTY,,2026-05-26,2026-05-26,47300.00,CE,BANKNIFTY26MAY47300CE,0.00,0.00,0.00,14526.50,0.00,14526.50,55912.75,8999.50,0,0,0,0.00,0,F1,30,,,,,
2026-04-10,2026-04-10,FO,NSE,IDO,66634,,BANKNIFTY,,2026-05-26,2026-05-26,48200.00,CE,BANKNIFTY26MAY48200CE,0.00,0.00,0.00,13641.75,0.00,13641.75,55912.75,8121.40,0,0,0,0.00,0,F1,30,,,,,
2026-04-10,2026-04-10,FO,NSE,IDO,66640,,BANKNIFTY,,2026-05-26,2026-05-26,48500.00,CE,BANKNIFTY26MAY48500CE,0.00,0.00,0.00,7100.00,7100.00,7100.00,55912.75,7831.05,60,0,0,0.00,0,F1,30,,,,,
2026-04-10,2026-04-10,FO,NSE,IDO,66658,,BANKNIFTY,,2026-05-26,2026-05-26,49300.00,CE,BANKNIFTY26MAY49300CE,0.00,0.00,0.00,12561.20,0.00,12561.20,55912.75,7064.75,0,0,0,0.00,0,F1,30,,,,,
2026-04-10,2026-04-10,FO,NSE,IDO,66660,,BANKNIFTY,,2026-05-26,2026-05-26,49400.00,CE,BANKNIFTY26MAY49400CE,0.00,0.00,0.00,3202.10,3207.75,3202.10,55912.75,6969.95,60,0,0,0.00,0,F1,30,,,,,
2026-04-10,2026-04-10,FO,NSE,IDO,66757,,BANKNIFTY,,2026-05-26,2026-05-26,50700.00,CE,BANKNIFTY26MAY50700CE,0.00,0.00,0.00,5411.10,5411.10,5411.10,55912.75,5764.65,330,0,0,0.00,0,F1,30,,,,,
2026-04-10,2026-04-10,FO,NSE,IDO,66771,,BANKNIFTY,,2026-05-26,2026-05-26,51400.00,CE,BANKNIFTY26MAY51400CE,5170.10,5170.10,5170.10,5170.10,5170.10,4581.50,55912.75,5142.70,840,0,1,1697103.00,1,F1,30,,,,,
2026-04-10,2026-04-10,FO,NSE,IDO,67068,,BANKNIFTY,,2026-05-26,2026-05-26,52100.00,CE,BANKNIFTY26MAY52100CE,4450.00,4450.00,4450.00,4450.00,4450.00,4080.00,55912.75,4545.70,660,-30,1,1696500.00,1,F1,30,,,,,
2026-04-10,2026-04-10,FO,NSE,IDO,67263,,BANKNIFTY,,2026-05-26,2026-05-26,55100.00,CE,BANKNIFTY26MAY55100CE,2007.25,2305.25,2007.20,2220.25,2220.25,1855.00,55912.75,2377.00,1380,-510,67,115207210.50,62,F1,30,,,,,
2026-04-10,2026-04-10,FO,NSE,IDO,67282,,BANKNIFTY,,2026-05-26,2026-05-26,55600.00,CE,BANKNIFTY26MAY55600CE,1927.05,1981.00,1820.00,1964.75,1971.00,1541.15,55912.75,1964.75,3000,660,71,122539950.00,52,F1,30,,,,,
2026-04-10,2026-04-10,FO,NSE,IDO,67286,,BANKNIFTY,,2026-05-26,2026-05-26,55800.00,CE,BANKNIFTY26MAY55800CE,1797.60,1850.00,1667.65,1841.10,1833.45,1456.50,55912.75,1841.10,3600,930,129,222889983.00,112,F1,30,,,,,
2026-04-10,2026-04-10,FO,NSE,IDO,67592,,BANKNIFTY,,2026-05-26,2026-05-26,57600.00,CE,BANKNIFTY26MAY57600CE,0.00,0.00,0.00,657.15,657.15,657.15,55912.75,1171.30,2280,0,0,0.00,0,F1,30,,,,,
2026-04-10,2026-04-10,FO,NSE,IDO,67803,,BANKNIFTY,,2026-05-26,2026-05-26,59300.00,CE,BANKNIFTY26MAY59300CE,341.20,380.00,341.20,374.55,380.00,338.00,55912.75,374.55,2490,540,87,155706282.00,62,F1,30,,,,,
2026-04-10,2026-04-10,FO,NSE,IDO,67806,,BANKNIFTY,,2026-05-26,2026-05-26,59400.00,CE,BANKNIFTY26MAY59400CE,336.10,360.20,326.60,357.65,359.45,334.00,55912.75,357.65,7260,690,77,137997135.00,59,F1,30,,,,,
2026-04-10,2026-04-10,FO,NSE,IDO,67813,,BANKNIFTY,,2026-05-26,2026-05-26,59700.00,CE,BANKNIFTY26MAY59700CE,259.75,300.65,259.75,268.60,268.60,242.95,55912.75,569.65,2250,870,79,142170424.50,60,F1,30,,,,,
2026-04-10,2026-04-10,FO,NSE,IDO,68076,,BANKNIFTY,,2026-05-26,2026-05-26,60800.00,CE,BANKNIFTY26MAY60800CE,0.00,0.00,0.00,175.55,175.55,175.55,55912.75,372.45,630,0,0,0.00,0,F1,30,,,,,
2026-04-10,2026-04-10,FO,NSE,IDO,68104,,BANKNIFTY,,2026-05-26,2026-05-26,61900.00,CE,BANKNIFTY26MAY61900CE,0.00,0.00,0.00,99.75,99.75,99.75,55912.75,235.65,630,0,0,0.00,0,F1,30,,,,,
2026-04-10,2026-04-10,FO,NSE,IDO,68142,,BANKNIFTY,,2026-05-26,2026-05-26,63600.00,CE,BANKNIFTY26MAY63600CE,0.00,0.00,0.00,57.85,57.85,57.85,55912.75,109.00,780,0,0,0.00,0,F1,30,,,,,
2026-04-10,2026-04-10,FO,NSE,IDO,68169,,BANKNIFTY,,2026-05-26,2026-05-26,64500.00,CE,BANKNIFTY26MAY64500CE,36.10,36.80,35.00,35.60,36.80,33.10,55912.75,35.60,810,-60,4,7744287.00,4,F1,30,,,,,
2026-04-10,2026-04-10,FO,NSE,IDO,68191,,BANKNIFTY,,2026-05-26,2026-05-26,65000.00,CE,BANKNIFTY26MAY65000CE,29.45,35.00,27.20,30.50,29.75,29.30,55912.75,30.50,23370,2550,297,579424273.50,233,F1,30,,,,,
2026-04-10,2026-04-10,FO,NSE,IDO,68193,,BANKNIFTY,,2026-05-26,2026-05-26,65100.00,CE,BANKNIFTY26MAY65100CE,0.00,0.00,0.00,69.15,69.15,69.15,55912.75,51.85,90,0,0,0.00,0,F1,30,,,,,
2026-04-10,2026-04-10,FO,NSE,IDO,68211,,BANKNIFTY,,2026-05-26,2026-05-26,65600.00,CE,BANKNIFTY26MAY65600CE,20.25,30.00,20.25,29.95,29.95,696.75,55912.75,39.95,210,210,7,13781740.50,4,F1,30,,,,,
2026-04-10,2026-04-10,FO,NSE,IDO,75162,,BANKNIFTY,,2026-06-30,2026-06-30,46400.00,CE,BANKNIFTY26JUN46400CE,0.00,0.00,0.00,5103.60,0.00,5103.60,55912.75,10199.75,0,0,0,0.00,0,F1,30,,,,,
2026-04-10,2026-04-10,FO,NSE,IDO,75196,,BANKNIFTY,,2026-06-30,2026-06-30,47700.00,CE,BANKNIFTY26JUN47700CE,0.00,0.00,0.00,4095.95,0.00,4095.95,55912.75,8965.25,0,0,0,0.00,0,F1,30,,,,,
2026-04-10,2026-04-10,FO,NSE,IDO,75282,,BANKNIFTY,,2026-06-30,2026-06-30,49700.00,CE,BANKNIFTY26JUN49700CE,0.00,0.00,0.00,2769.10,0.00,2769.10,55912.75,7140.25,0,0,0,0.00,0,F1,30,,,,,
2026-04-10,2026-04-10,FO,NSE,IDO,75413,,BANKNIFTY,,2026-06-30,2026-06-30,50700.00,CE,BANKNIFTY26JUN50700CE,0.00,0.00,0.00,2219.90,0.00,2219.90,55912.75,6277.40,0,0,0,0.00,0,F1,30,,,,,
2026-04-10,2026-04-10,FO,NSE,IDO,75569,,BANKNIFTY,,2026-06-30,2026-06-30,53500.00,CE,BANKNIFTY26JUN53500CE,0.00,0.00,0.00,3546.00,3546.00,3546.00,55912.75,4118.40,180,0,0,0.00,0,F1,30,,,,,
2026-04-10,2026-04-10,FO,NSE,IDO,75598,,BANKNIFTY,,2026-06-30,2026-06-30,54900.00,CE,BANKNIFTY26JUN54900CE,2966.20,2969.15,2966.20,2969.10,2969.10,725.65,55912.75,3216.65,60,60,3,5208133.50,3,F1,30,,,,,
2026-04-10,2026-04-10,FO,NSE,IDO,75612,,BANKNIFTY,,2026-06-30,2026-06-30,55700.00,CE,BANKNIFTY26JUN55700CE,0.00,0.00,0.00,564.20,0.00,564.20,55912.75,2760.90,0,0,0,0.00,0,F1,30,,,,,
2026-04-10,2026-04-10,FO,NSE,IDO,75794,,BANKNIFTY,,2026-06-30,2026-06-30,58700.00,CE,BANKNIFTY26JUN58700CE,0.00,0.00,0.00,201.00,0.00,201.00,55912.75,1440.75,0,0,0,0.00,0,F1,30,,,,,
2026-04-10,2026-04-10,FO,NSE,IDO,75809,,BANKNIFTY,,2026-06-30,2026-06-30,59300.00,CE,BANKNIFTY26JUN59300CE,749.75,757.00,715.55,715.55,715.55,160.55,55912.75,1246.40,480,480,19,34225635.00,7,F1,30,,,,,
2026-04-10,2026-04-10,FO,NSE,IDO,75822,,BANKNIFTY,,2026-06-30,2026-06-30,59800.00,CE,BANKNIFTY26JUN59800CE,0.00,0.00,0.00,132.55,0.00,132.55,55912.75,1100.45,0,0,0,0.00,0,F1,30,,,,,
2026-04-10,2026-04-10,FO,NSE,IDO,75824,,BANKNIFTY,,2026-06-30,2026-06-30,59900.00,CE,BANKNIFTY26JUN59900CE,0.00,0.00,0.00,127.50,0.00,127.50,55912.75,1072.95,0,0,0,0.00,0,F1,30,,,,,
2026-04-10,2026-04-10,FO,NSE,IDO,75844,,BANKNIFTY,,2026-06-30,2026-06-30,60800.00,CE,BANKNIFTY26JUN60800CE,0.00,0.00,0.00,89.25,0.00,89.25,55912.75,852.20,0,0,0,0.00,0,F1,30,,,,,
2026-04-10,2026-04-10,FO,NSE,IDO,57782,,BANKNIFTY,,2026-06-30,2026-06-30,67500.00,CE,BANKNIFTY26JUN67500CE,0.00,0.00,0.00,2222.25,0.00,2222.25,55912.75,106.70,0,0,0,0.00,0,F1,30,,,,,
2026-04-10,2026-04-10,FO,NSE,IDO,57812,,BANKNIFTY,,2026-06-30,2026-06-30,69000.00,CE,BANKNIFTY26JUN69000CE,0.00,0.00,0.00,1876.80,0.00,1876.80,55912.75,62.05,0,0,0,0.00,0,F1,30,,,,,
2026-04-10,2026-04-10,FO,NSE,IDO,52270,,BANKNIFTY,,2026-09-29,2026-09-29,46500.00,CE,BANKNIFTY26SEP46500CE,0.00,0.00,0.00,11298.00,0.00,11298.00,55912.75,11009.45,0,0,0,0.00,0,F1,30,,,,,
2026-04-10,2026-04-10,FO,NSE,IDO,53220,,BANKNIFTY,,2026-12-29,2026-12-29,51000.00,CE,BANKNIFTY26DEC51000CE,0.00,0.00,0.00,11516.25,0.00,11516.25,55912.75,8409.05,0,0,0,0.00,0,F1,30,,,,,
2026-04-10,2026-04-10,FO,NSE,IDO,53222,,BANKNIFTY,,2026-12-29,2026-12-29,52500.00,CE,BANKNIFTY26DEC52500CE,0.00,0.00,0.00,10279.15,0.00,10279.15,55912.75,7376.40,0,0,0,0.00,0,F1,30,,,,,
2026-04-10,2026-04-10,FO,NSE,IDO,53240,,BANKNIFTY,,2026-12-29,2026-12-29,60000.00,CE,BANKNIFTY26DEC60000CE,0.00,0.00,0.00,5121.40,0.00,5121.40,55912.75,3432.85,0,0,0,0.00,0,F1,30,,,,,
2026-04-10,2026-04-10,FO,NSE,IDO,53244,,BANKNIFTY,,2026-12-29,2026-12-29,61500.00,CE,BANKNIFTY26DEC61500CE,0.00,0.00,0.00,4337.95,0.00,4337.95,55912.75,2884.00,0,0,0,0.00,0,F1,30,,,,,
2026-04-10,2026-04-10,FO,NSE,IDO,53250,,BANKNIFTY,,2026-12-29,2026-12-29,66000.00,CE,BANKNIFTY26DEC66000CE,0.00,0.00,0.00,2499.10,0.00,2499.10,55912.75,1647.50,0,0,0,0.00,0,F1,30,,,,,
2026-04-10,2026-04-10,FO,NSE,IDO,76389,,BANKNIFTY,,2027-03-30,2027-03-30,49500.00,PE,BANKNIFTY27MAR49500PE,0.00,0.00,0.00,2038.80,0.00,2038.80,55912.75,1156.10,0,0,0,0.00,0,F1,30,,,,,
2026-04-10,2026-04-10,FO,NSE,IDO,76381,,BANKNIFTY,,2027-03-30,2027-03-30,43500.00,PE,BANKNIFTY27MAR43500PE,0.00,0.00,0.00,610.65,0.00,610.65,55912.75,314.00,0,0,0,0.00,0,F1,30,,,,,
2026-04-10,2026-04-10,FO,NSE,IDO,53247,,BANKNIFTY,,2026-12-29,2026-12-29,63000.00,PE,BANKNIFTY26DEC63000PE,0.00,0.00,0.00,3781.45,0.00,3781.45,55912.75,6711.05,0,0,0,0.00,0,F1,30,,,,,
2026-04-10,2026-04-10,FO,NSE,IDO,67510,,BANKNIFTY,,2026-04-28,2026-04-28,55200.00,CE,BANKNIFTY26APR55200CE,1177.95,1575.00,1111.80,1530.95,1544.35,1070.85,55912.75,1530.95,30240,-25020,7027,11932300986.00,4925,F1,30,,,,,
2026-04-10,2026-04-10,FO,NSE,IDO,67544,,BANKNIFTY,,2026-04-28,2026-04-28,56800.00,CE,BANKNIFTY26APR56800CE,389.00,640.00,389.00,613.75,619.35,396.65,55912.75,613.75,70800,570,12857,22130546136.00,9469,F1,30,,,,,
2026-04-10,2026-04-10,FO,NSE,IDF,62326,,BANKNIFTY,,2026-06-30,2026-06-30,,,BANKNIFTY26JUNFUT,55800.00,56649.60,55800.00,56562.20,56644.00,55639.20,55912.75,56562.20,64770,1350,1282,2170280202.00,1069,F1,30,,,,,
2026-04-10,2026-04-10,FO,NSE,IDO,67162,,BANKNIFTY,,2026-04-28,2026-04-28,45400.00,CE,BANKNIFTY26APR45400CE,0.00,0.00,0.00,14500.85,0.00,14500.85,55912.75,10642.90,0,0,0,0.00,0,F1,30,,,,,
2026-04-10,2026-04-10,FO,NSE,IDO,67239,,BANKNIFTY,,2026-04-28,2026-04-28,47000.00,CE,BANKNIFTY26APR47000CE,8800.00,9049.00,8750.00,8920.00,8920.00,7955.70,55912.75,9047.55,7410,-60,5,8386284.00,5,F1,30,,,,,
2026-04-10,2026-04-10,FO,NSE,IDO,67410,,BANKNIFTY,,2026-04-28,2026-04-28,50800.00,CE,BANKNIFTY26APR50800CE,5000.00,5357.85,5000.00,5357.75,5357.75,4476.00,55912.75,5276.20,20280,-120,9,15138066.00,8,F1,30,,,,,
2026-04-10,2026-04-10,FO,NSE,IDO,67438,,BANKNIFTY,,2026-04-28,2026-04-28,52200.00,CE,BANKNIFTY26APR52200CE,3928.10,4068.45,3730.65,4036.95,4068.45,3225.00,55912.75,4036.95,15570,-30,39,65632822.50,34,F1,30,,,,,
2026-04-10,2026-04-10,FO,NSE,IDO,67440,,BANKNIFTY,,2026-04-28,2026-04-28,52300.00,CE,BANKNIFTY26APR52300CE,3600.05,3854.40,3600.05,3854.40,3854.40,3161.40,55912.75,3845.40,25080,-480,38,63915064.50,20,F1,30,,,,,
2026-04-10,2026-04-10,FO,NSE,IDO,67464,,BANKNIFTY,,2026-04-28,2026-04-28,53500.00,CE,BANKNIFTY26APR53500CE,2442.00,2933.95,2425.85,2886.20,2904.50,2184.25,55912.75,2886.20,148260,-3810,484,817069851.00,362,F1,30,,,,,
2026-04-10,2026-04-10,FO,NSE,IDO,67550,,BANKNIFTY,,2026-04-28,2026-04-28,57100.00,CE,BANKNIFTY26APR57100CE,307.00,516.15,307.00,494.05,509.30,318.10,55912.75,494.05,71940,-2490,9361,16164821982.00,6766,F1,30,,,,,
2026-04-10,2026-04-10,FO,NSE,IDO,67556,,BANKNIFTY,,2026-04-28,2026-04-28,57400.00,CE,BANKNIFTY26APR57400CE,260.00,408.50,258.00,390.10,391.55,250.35,55912.75,390.10,56040,-6000,8975,15553587774.00,5935,F1,30,,,,,
2026-04-10,2026-04-10,FO,NSE,IDO,67600,,BANKNIFTY,,2026-04-28,2026-04-28,57800.00,CE,BANKNIFTY26APR57800CE,210.00,294.80,199.10,279.65,289.05,181.90,55912.75,279.65,63030,2100,9785,17043781669.50,6993,F1,30,,,,,
2026-04-10,2026-04-10,FO,NSE,IDO,67698,,BANKNIFTY,,2026-04-28,2026-04-28,59200.00,CE,BANKNIFTY26APR59200CE,70.20,94.55,56.60,86.75,88.35,65.00,55912.75,86.75,35790,5580,2789,4960282128.00,1337,F1,30,,,,,
2026-04-10,2026-04-10,FO,NSE,IDO,67730,,BANKNIFTY,,2026-04-28,2026-04-28,60800.00,CE,BANKNIFTY26APR60800CE,28.45,37.45,28.45,33.00,31.65,29.90,55912.75,33.00,11220,60,372,678906132.00,212,F1,30,,,,,
2026-04-10,2026-04-10,FO,NSE,IDO,53221,,BANKNIFTY,,2026-12-29,2026-12-29,51000.00,PE,BANKNIFTY26DEC51000PE,0.00,0.00,0.00,358.95,0.00,358.95,55912.75,1243.50,0,0,0,0.00,0,F1,30,,,,,
2026-04-10,2026-04-10,FO,NSE,IDO,52298,,BANKNIFTY,,2026-09-29,2026-09-29,55500.00,PE,BANKNIFTY26SEP55500PE,0.00,0.00,0.00,2623.20,0.00,2623.20,55912.75,2311.50,0,0,0,0.00,0,F1,30,,,,,
2026-04-10,2026-04-10,FO,NSE,IDO,52285,,BANKNIFTY,,2026-09-29,2026-09-29,52500.00,PE,BANKNIFTY26SEP52500PE,0.00,0.00,0.00,1578.80,0.00,1578.80,55912.75,1269.05,0,0,0,0.00,0,F1,30,,,,,
2026-04-10,2026-04-10,FO,NSE,IDO,75814,,BANKNIFTY,,2026-06-30,2026-06-30,59500.00,PE,BANKNIFTY26JUN59500PE,0.00,0.00,0.00,8307.60,0.00,8307.60,55912.75,3951.40,0,0,0,0.00,0,F1,30,,,,,
2026-04-10,2026-04-10,FO,NSE,IDO,57722,,BANKNIFTY,,2026-06-30,2026-06-30,55500.00,PE,BANKNIFTY26JUN55500PE,1610.00,1668.15,1480.00,1500.05,1500.00,1967.20,55912.75,1500.05,12210,390,52,89013250.50,41,F1,30,,,,,
2026-04-10,2026-04-10,FO,NSE,IDO,75605,,BANKNIFTY,,2026-06-30,2026-06-30,55200.00,PE,BANKNIFTY26JUN55200PE,0.00,0.00,0.00,4595.90,0.00,4595.90,55912.75,1565.05,0,0,0,0.00,0,F1,30,,,,,
2026-04-10,2026-04-10,FO,NSE,IDO,75566,,BANKNIFTY,,2026-06-30,2026-06-30,53300.00,PE,BANKNIFTY26JUN53300PE,0.00,0.00,0.00,1082.35,1082.35,1082.35,55912.75,908.35,30,0,0,0.00,0,F1,30,,,,,
2026-04-10,2026-04-10,FO,NSE,IDO,75460,,BANKNIFTY,,2026-06-30,2026-06-30,52400.00,PE,BANKNIFTY26JUN52400PE,0.00,0.00,0.00,1966.50,1965.40,1966.50,55912.75,678.65,600,0,0,0.00,0,F1,30,,,,,
2026-04-10,2026-04-10,FO,NSE,IDO,75427,,BANKNIFTY,,2026-06-30,2026-06-30,51300.00,PE,BANKNIFTY26JUN51300PE,612.00,612.00,612.00,612.00,612.00,786.75,55912.75,458.65,960,0,1,1557360.00,1,F1,30,,,,,
2026-04-10,2026-04-10,FO,NSE,IDO,75279,,BANKNIFTY,,2026-06-30,2026-06-30,49400.00,PE,BANKNIFTY26JUN49400PE,0.00,0.00,0.00,1188.80,0.00,1188.80,55912.75,211.05,0,0,0,0.00,0,F1,30,,,,,
2026-04-10,2026-04-10,FO,NSE,IDO,75271,,BANKNIFTY,,2026-06-30,2026-06-30,49000.00,PE,BANKNIFTY26JUN49000PE,480.00,480.00,390.10,393.70,393.30,544.20,55912.75,393.70,4530,630,75,111172293.00,41,F1,30,,,,,
2026-04-10,2026-04-10,FO,NSE,IDO,75269,,BANKNIFTY,,2026-06-30,2026-06-30,48900.00,PE,BANKNIFTY26JUN48900PE,0.00,0.00,0.00,561.70,561.70,561.70,55912.75,168.15,1860,0,0,0.00,0,F1,30,,,,,
2026-04-10,2026-04-10,FO,NSE,IDO,75263,,BANKNIFTY,,2026-06-30,2026-06-30,48600.00,PE,BANKNIFTY26JUN48600PE,0.00,0.00,0.00,916.30,0.00,916.30,55912.75,146.00,0,0,0,0.00,0,F1,30,,,,,
2026-04-10,2026-04-10,FO,NSE,IDO,75031,,BANKNIFTY,,2026-06-30,2026-06-30,45300.00,PE,BANKNIFTY26JUN45300PE,0.00,0.00,0.00,242.05,0.00,242.05,55912.75,23.55,0,0,0,0.00,0,F1,30,,,,,
2026-04-10,2026-04-10,FO,NSE,IDO,74959,,BANKNIFTY,,2026-06-30,2026-06-30,44000.00,PE,BANKNIFTY26JUN44000PE,0.00,0.00,0.00,125.00,0.00,125.00,55912.75,9.85,0,0,0,0.00,0,F1,30,,,,,
2026-04-10,2026-04-10,FO,NSE,IDO,74899,,BANKNIFTY,,2026-06-30,2026-06-30,43000.00,PE,BANKNIFTY26JUN43000PE,0.00,0.00,0.00,55.35,55.35,55.35,55912.75,4.70,120,0,0,0.00,0,F1,30,,,,,
2026-04-10,2026-04-10,FO,NSE,IDO,68115,,BANKNIFTY,,2026-05-26,2026-05-26,62400.00,PE,BANKNIFTY26MAY62400PE,0.00,0.00,0.00,7634.05,7634.05,7634.05,55912.75,6185.45,60,0,0,0.00,0,F1,30,,,,,
2026-04-10,2026-04-10,FO,NSE,IDO,67807,,BANKNIFTY,,2026-05-26,2026-05-26,59400.00,PE,BANKNIFTY26MAY59400PE,0.00,0.00,0.00,6107.90,6107.90,6107.90,55912.75,3658.00,180,0,0,0.00,0,F1,30,,,,,
2026-04-10,2026-04-10,FO,NSE,IDO,67759,,BANKNIFTY,,2026-05-26,2026-05-26,59200.00,PE,BANKNIFTY26MAY59200PE,0.00,0.00,0.00,5071.85,5071.85,5071.85,55912.75,3506.80,120,0,0,0.00,0,F1,30,,,,,
2026-04-10,2026-04-10,FO,NSE,IDO,67613,,BANKNIFTY,,2026-05-26,2026-05-26,58100.00,PE,BANKNIFTY26MAY58100PE,2701.00,2701.00,2475.00,2485.00,2485.00,4218.00,55912.75,2485.00,330,90,8,14552760.00,5,F1,30,,,,,
2026-04-10,2026-04-10,FO,NSE,IDO,67585,,BANKNIFTY,,2026-05-26,2026-05-26,57300.00,PE,BANKNIFTY26MAY57300PE,2023.35,2099.90,1986.20,2056.75,2056.75,6400.35,55912.75,2222.40,660,480,29,51611985.00,16,F1,30,,,,,
2026-04-10,2026-04-10,FO,NSE,IDO,67569,,BANKNIFTY,,2026-05-26,2026-05-26,56600.00,PE,BANKNIFTY26MAY56600PE,0.00,0.00,0.00,1822.35,1822.35,1822.35,55912.75,1826.85,390,0,0,0.00,0,F1,30,,,,,
2026-04-10,2026-04-10,FO,NSE,IDO,67567,,BANKNIFTY,,2026-05-26,2026-05-26,56500.00,PE,BANKNIFTY26MAY56500PE,1800.00,1800.00,1600.00,1608.40,1600.20,2230.70,55912.75,1608.40,6990,30,240,418962762.00,199,F1,30,,,,,
2026-04-10,2026-04-10,FO,NSE,IDO,67258,,BANKNIFTY,,2026-05-26,2026-05-26,54900.00,PE,BANKNIFTY26MAY54900PE,1132.20,1160.45,1010.90,1010.90,1010.90,1506.05,55912.75,1010.90,3270,30,31,52097248.50,30,F1,30,,,,,
2026-04-10,2026-04-10,FO,NSE,IDO,67226,,BANKNIFTY,,2026-05-26,2026-05-26,54500.00,PE,BANKNIFTY26MAY54500PE,1102.35,1102.35,914.50,922.65,917.40,1346.25,55912.75,922.65,12660,1080,455,757093005.00,299,F1,30,,,,,
2026-04-10,2026-04-10,FO,NSE,IDO,67203,,BANKNIFTY,,2026-05-26,2026-05-26,54100.00,PE,BANKNIFTY26MAY54100PE,914.00,914.00,821.10,822.75,823.70,1114.65,55912.75,822.75,1320,-90,49,80796217.50,24,F1,30,,,,,
2026-04-10,2026-04-10,FO,NSE,IDO,67119,,BANKNIFTY,,2026-05-26,2026-05-26,53200.00,PE,BANKNIFTY26MAY53200PE,0.00,0.00,0.00,888.25,888.25,888.25,55912.75,537.95,1500,0,0,0.00,0,F1,30,,,,,
2026-04-10,2026-04-10,FO,NSE,IDO,67090,,BANKNIFTY,,2026-05-26,2026-05-26,52600.00,PE,BANKNIFTY26MAY52600PE,598.40,598.40,524.80,535.05,546.00,627.55,55912.75,535.05,1380,120,20,31884835.50,11,F1,30,,,,,
2026-04-10,2026-04-10,FO,NSE,IDO,66774,,BANKNIFTY,,2026-05-26,2026-05-26,51500.00,PE,BANKNIFTY26MAY51500PE,479.55,480.50,408.00,420.15,408.00,638.80,55912.75,420.15,22200,1920,317,493979353.50,241,F1,30,,,,,
2026-04-10,2026-04-10,FO,NSE,IDO,66678,,BANKNIFTY,,2026-05-26,2026-05-26,49900.00,PE,BANKNIFTY26MAY49900PE,0.00,0.00,0.00,1180.00,1180.00,1180.00,55912.75,94.40,30,0,0,0.00,0,F1,30,,,,,
2026-04-10,2026-04-10,FO,NSE,IDO,66649,,BANKNIFTY,,2026-05-26,2026-05-26,48800.00,PE,BANKNIFTY26MAY48800PE,0.00,0.00,0.00,1.30,0.00,1.30,55912.75,45.35,0,0,0,0.00,0,F1,30,,,,,
2026-04-10,2026-04-10,FO,NSE,IDO,66647,,BANKNIFTY,,2026-05-26,2026-05-26,48700.00,PE,BANKNIFTY26MAY48700PE,0.00,0.00,0.00,1.20,0.00,1.20,55912.75,42.25,0,0,0,0.00,0,F1,30,,,,,
2026-04-10,2026-04-10,FO,NSE,IDO,66645,,BANKNIFTY,,2026-05-26,2026-05-26,48600.00,PE,BANKNIFTY26MAY48600PE,0.00,0.00,0.00,1.05,0.00,1.05,55912.75,39.30,0,0,0,0.00,0,F1,30,,,,,
2026-04-10,2026-04-10,FO,NSE,IDO,66614,,BANKNIFTY,,2026-05-26,2026-05-26,48000.00,PE,BANKNIFTY26MAY48000PE,153.65,153.65,153.65,153.65,153.65,98.30,55912.75,25.15,300,270,9,13001485.50,7,F1,30,,,,,
2026-04-10,2026-04-10,FO,NSE,IDO,66581,,BANKNIFTY,,2026-05-26,2026-05-26,47300.00,PE,BANKNIFTY26MAY47300PE,0.00,0.00,0.00,0.30,0.00,0.30,55912.75,14.45,0,0,0,0.00,0,F1,30,,,,,
2026-04-10,2026-04-10,FO,NSE,IDO,68323,,BANKNIFTY,,2026-04-28,2026-04-28,69000.00,PE,BANKNIFTY26APR69000PE,0.00,0.00,0.00,8812.35,0.00,8812.35,55912.75,12889.50,0,0,0,0.00,0,F1,30,,,,,
2026-04-10,2026-04-10,FO,NSE,IDO,68199,,BANKNIFTY,,2026-04-28,2026-04-28,66600.00,PE,BANKNIFTY26APR66600PE,0.00,0.00,0.00,4732.10,4732.10,4732.10,55912.75,10496.50,30,0,0,0.00,0,F1,30,,,,,
2026-04-10,2026-04-10,FO,NSE,IDO,68155,,BANKNIFTY,,2026-04-28,2026-04-28,65400.00,PE,BANKNIFTY26APR65400PE,0.00,0.00,0.00,11047.60,11047.60,11047.60,55912.75,9300.30,30,0,0,0.00,0,F1,30,,,,,
2026-04-10,2026-04-10,FO,NSE,IDO,67892,,BANKNIFTY,,2026-04-28,2026-04-28,64200.00,PE,BANKNIFTY26APR64200PE,0.00,0.00,0.00,9854.40,9854.40,9854.40,55912.75,8105.20,60,0,0,0.00,0,F1,30,,,,,
2026-04-10,2026-04-10,FO,NSE,IDO,67880,,BANKNIFTY,,2026-04-28,2026-04-28,63600.00,PE,BANKNIFTY26APR63600PE,0.00,0.00,0.00,10886.70,10886.70,10886.70,55912.75,7508.65,330,0,0,0.00,0,F1,30,,,,,
2026-04-10,2026-04-10,FO,NSE,IDO,67766,,BANKNIFTY,,2026-04-28,2026-04-28,61100.00,PE,BANKNIFTY26APR61100PE,5020.50,5020.50,5020.50,5020.50,5020.50,5640.05,55912.75,5051.95,1380,0,1,1983615.00,1,F1,30,,,,,
2026-04-10,2026-04-10,FO,NSE,IDO,67731,,BANKNIFTY,,2026-04-28,2026-04-28,60800.00,PE,BANKNIFTY26APR60800PE,0.00,0.00,0.00,5522.60,5522.60,5522.60,55912.75,4764.30,990,0,0,0.00,0,F1,30,,,,,
2026-04-10,2026-04-10,FO,NSE,IDO,67701,,BANKNIFTY,,2026-04-28,2026-04-28,59300.00,PE,BANKNIFTY26APR59300PE,3325.80,3520.00,3325.80,3520.00,3520.00,3700.00,55912.75,3380.10,1770,-30,3,5642148.00,3,F1,30,,,,,
2026-04-10,2026-04-10,FO,NSE,IDO,67636,,BANKNIFTY,,2026-04-28,2026-04-28,58600.00,PE,BANKNIFTY26APR58600PE,2847.75,2847.75,2676.10,2676.10,2676.10,3672.70,55912.75,2781.40,1800,-60,14,25748305.50,8,F1,30,,,,,
2026-04-10,2026-04-10,FO,NSE,IDO,67626,,BANKNIFTY,,2026-04-28,2026-04-28,58100.00,PE,BANKNIFTY26APR58100PE,2297.20,2297.20,2226.90,2234.75,2227.15,8268.40,55912.75,2234.75,2310,150,23,41632849.50,12,F1,30,,,,,
2026-04-10,2026-04-10,FO,NSE,IDO,67545,,BANKNIFTY,,2026-04-28,2026-04-28,56800.00,PE,BANKNIFTY26APR56800PE,1509.55,1531.00,1335.55,1362.10,1348.60,2216.90,55912.75,1362.10,5490,30,200,349314343.50,146,F1,30,,,,,
2026-04-10,2026-04-10,FO,NSE,IDO,67531,,BANKNIFTY,,2026-04-28,2026-04-28,56100.00,PE,BANKNIFTY26APR56100PE,1414.90,1414.90,984.90,1008.05,1010.95,1645.15,55912.75,1008.05,35400,20250,5375,9217466407.50,4150,F1,30,,,,,
2026-04-10,2026-04-10,FO,NSE,IDO,67459,,BANKNIFTY,,2026-04-28,2026-04-28,53200.00,PE,BANKNIFTY26APR53200PE,391.55,391.55,294.00,299.05,299.75,553.10,55912.75,299.05,31560,-1050,1596,2563033503.00,1047,F1,30,,,,,
2026-04-10,2026-04-10,FO,NSE,IDO,67457,,BANKNIFTY,,2026-04-28,2026-04-28,53100.00,PE,BANKNIFTY26APR53100PE,431.05,431.05,280.15,289.15,288.20,535.45,55912.75,289.15,27960,2820,1654,2650357627.50,1185,F1,30,,,,,
2026-04-10,2026-04-10,FO,NSE,IDO,67441,,BANKNIFTY,,2026-04-28,2026-04-28,52300.00,PE,BANKNIFTY26APR52300PE,305.05,305.05,208.10,215.45,217.10,392.65,55912.75,215.45,20730,-8460,1677,2642933823.00,1025,F1,30,,,,,
2026-04-10,2026-04-10,FO,NSE,IDO,67415,,BANKNIFTY,,2026-04-28,2026-04-28,51000.00,PE,BANKNIFTY26APR51000PE,202.75,207.20,128.00,133.25,133.75,240.90,55912.75,133.25,492510,17250,29422,45142674844.50,17794,F1,30,,,,,
2026-04-10,2026-04-10,FO,NSE,IDO,75823,,BANKNIFTY,,2026-06-30,2026-06-30,59800.00,PE,BANKNIFTY26JUN59800PE,0.00,0.00,0.00,8586.00,0.00,8586.00,55912.75,4161.40,0,0,0,0.00,0,F1,30,,,,,
2026-04-10,2026-04-10,FO,NSE,IDO,75799,,BANKNIFTY,,2026-06-30,2026-06-30,58900.00,PE,BANKNIFTY26JUN58900PE,0.00,0.00,0.00,7756.20,0.00,7756.20,55912.75,3546.95,0,0,0,0.00,0,F1,30,,,,,
2026-04-10,2026-04-10,FO,NSE,IDO,75752,,BANKNIFTY,,2026-06-30,2026-06-30,58000.00,PE,BANKNIFTY26JUN58000PE,0.00,0.00,0.00,6945.00,0.00,6945.00,55912.75,2981.25,0,0,0,0.00,0,F1,30,,,,,
2026-04-10,2026-04-10,FO,NSE,IDO,75664,,BANKNIFTY,,2026-06-30,2026-06-30,57600.00,PE,BANKNIFTY26JUN57600PE,0.00,0.00,0.00,6591.65,0.00,6591.65,55912.75,2746.45,0,0,0,0.00,0,F1,30,,,,,
2026-04-10,2026-04-10,FO,NSE,IDO,75651,,BANKNIFTY,,2026-06-30,2026-06-30,57200.00,PE,BANKNIFTY26JUN57200PE,0.00,0.00,0.00,6243.35,0.00,6243.35,55912.75,2522.20,0,0,0,0.00,0,F1,30,,,,,
2026-04-10,2026-04-10,FO,NSE,IDO,75637,,BANKNIFTY,,2026-06-30,2026-06-30,56900.00,PE,BANKNIFTY26JUN56900PE,0.00,0.00,0.00,5985.80,0.00,5985.80,55912.75,2361.05,0,0,0,0.00,0,F1,30,,,,,
2026-04-10,2026-04-10,FO,NSE,IDO,75615,,BANKNIFTY,,2026-06-30,2026-06-30,55800.00,PE,BANKNIFTY26JUN55800PE,0.00,0.00,0.00,5071.60,0.00,5071.60,55912.75,1823.25,0,0,0,0.00,0,F1,30,,,,,
2026-04-10,2026-04-10,FO,NSE,IDO,75611,,BANKNIFTY,,2026-06-30,2026-06-30,55600.00,PE,BANKNIFTY26JUN55600PE,1550.25,1600.70,1509.25,1525.40,1533.45,4911.10,55912.75,1525.40,300,300,11,18866793.00,7,F1,30,,,,,
2026-04-10,2026-04-10,FO,NSE,IDO,75583,,BANKNIFTY,,2026-06-30,2026-06-30,54100.00,PE,BANKNIFTY26JUN54100PE,0.00,0.00,0.00,3772.45,0.00,3772.45,55912.75,1155.75,0,0,0,0.00,0,F1,30,,,,,
2026-04-10,2026-04-10,FO,NSE,IDO,75445,,BANKNIFTY,,2026-06-30,2026-06-30,51900.00,PE,BANKNIFTY26JUN51900PE,0.00,0.00,0.00,1879.10,1879.10,1879.10,55912.75,570.70,360,0,0,0.00,0,F1,30,,,,,
2026-04-10,2026-04-10,FO,NSE,IDO,57714,,BANKNIFTY,,2026-06-30,2026-06-30,51000.00,PE,BANKNIFTY26JUN51000PE,669.60,670.90,544.90,556.25,554.55,768.40,55912.75,556.25,48630,-1110,201,311014905.00,159,F1,30,,,,,
2026-04-10,2026-04-10,FO,NSE,IDO,75412,,BANKNIFTY,,2026-06-30,2026-06-30,50600.00,PE,BANKNIFTY26JUN50600PE,0.00,0.00,0.00,1437.65,1437.65,1437.65,55912.75,349.90,510,0,0,0.00,0,F1,30,,,,,
2026-04-10,2026-04-10,FO,NSE,IDO,75285,,BANKNIFTY,,2026-06-30,2026-06-30,49800.00,PE,BANKNIFTY26JUN49800PE,0.00,0.00,0.00,1343.25,0.00,1343.25,55912.75,251.35,0,0,0,0.00,0,F1,30,,,,,
2026-04-10,2026-04-10,FO,NSE,IDO,75267,,BANKNIFTY,,2026-06-30,2026-06-30,48800.00,PE,BANKNIFTY26JUN48800PE,0.00,0.00,0.00,979.95,0.00,979.95,55912.75,160.50,0,0,0,0.00,0,F1,30,,,,,
2026-04-10,2026-04-10,FO,NSE,IDO,75248,,BANKNIFTY,,2026-06-30,2026-06-30,48300.00,PE,BANKNIFTY26JUN48300PE,0.00,0.00,0.00,826.30,0.00,826.30,55912.75,126.30,0,0,0,0.00,0,F1,30,,,,,
2026-04-10,2026-04-10,FO,NSE,IDO,75226,,BANKNIFTY,,2026-06-30,2026-06-30,47800.00,PE,BANKNIFTY26JUN47800PE,0.00,0.00,0.00,693.05,0.00,693.05,55912.75,98.30,0,0,0,0.00,0,F1,30,,,,,
2026-04-10,2026-04-10,FO,NSE,IDO,75203,,BANKNIFTY,,2026-06-30,2026-06-30,47700.00,PE,BANKNIFTY26JUN47700PE,0.00,0.00,0.00,666.15,0.00,666.15,55912.75,93.40,0,0,0,0.00,0,F1,30,,,,,
2026-04-10,2026-04-10,FO,NSE,IDO,75082,,BANKNIFTY,,2026-06-30,2026-06-30,45800.00,PE,BANKNIFTY26JUN45800PE,0.00,0.00,0.00,305.20,0.00,305.20,55912.75,32.15,0,0,0,0.00,0,F1,30,,,,,
2026-04-10,2026-04-10,FO,NSE,IDO,75005,,BANKNIFTY,,2026-06-30,2026-06-30,44500.00,PE,BANKNIFTY26JUN44500PE,0.00,0.00,0.00,162.85,0.00,162.85,55912.75,13.90,0,0,0,0.00,0,F1,30,,,,,
2026-04-10,2026-04-10,FO,NSE,IDO,68420,,BANKNIFTY,,2026-05-26,2026-05-26,67500.00,PE,BANKNIFTY26MAY67500PE,0.00,0.00,0.00,12130.65,12130.65,12130.65,55912.75,11070.05,570,0,0,0.00,0,F1,30,,,,,
2026-04-10,2026-04-10,FO,NSE,IDO,68202,,BANKNIFTY,,2026-05-26,2026-05-26,65200.00,PE,BANKNIFTY26MAY65200PE,0.00,0.00,0.00,10572.45,10572.45,10572.45,55912.75,8823.35,600,0,0,0.00,0,F1,30,,,,,
2026-04-10,2026-04-10,FO,NSE,IDO,68020,,BANKNIFTY,,2026-05-26,2026-05-26,60300.00,PE,BANKNIFTY26MAY60300PE,0.00,0.00,0.00,5633.40,5633.40,5633.40,55912.75,4366.30,150,0,0,0.00,0,F1,30,,,,,
2026-04-10,2026-04-10,FO,NSE,IDO,67661,,BANKNIFTY,,2026-05-26,2026-05-26,59000.00,PE,BANKNIFTY26MAY59000PE,3375.00,3375.00,3017.70,3055.95,3052.25,3921.80,55912.75,3055.95,56760,45150,1838,3427430397.00,1075,F1,30,,,,,
2026-04-10,2026-04-10,FO,NSE,IDO,67599,,BANKNIFTY,,2026-05-26,2026-05-26,57900.00,PE,BANKNIFTY26MAY57900PE,0.00,0.00,0.00,7205.65,7210.40,7205.65,55912.75,2595.70,180,0,0,0.00,0,F1,30,,,,,
2026-04-10,2026-04-10,FO,NSE,IDO,67291,,BANKNIFTY,,2026-05-26,2026-05-26,56000.00,PE,BANKNIFTY26MAY56000PE,1717.50,1717.50,1383.40,1414.30,1402.00,1975.75,55912.75,1414.30,32520,12240,1818,3134314167.00,1382,F1,30,,,,,
2026-04-10,2026-04-10,FO,NSE,IDO,67270,,BANKNIFTY,,2026-05-26,2026-05-26,55300.00,PE,BANKNIFTY26MAY55300PE,1252.05,1287.25,1152.70,1163.30,1155.00,1724.75,55912.75,1163.30,2460,0,22,37282758.00,22,F1,30,,,,,
2026-04-10,2026-04-10,FO,NSE,IDO,67249,,BANKNIFTY,,2026-05-26,2026-05-26,54600.00,PE,BANKNIFTY26MAY54600PE,1049.70,1062.30,997.95,1062.30,1062.30,1393.55,55912.75,944.25,2100,30,3,5007298.50,3,F1,30,,,,,
2026-04-10,2026-04-10,FO,NSE,IDO,67117,,BANKNIFTY,,2026-05-26,2026-05-26,53100.00,PE,BANKNIFTY26MAY53100PE,752.20,752.20,633.25,637.90,642.40,895.00,55912.75,637.90,1500,-90,36,58073937.00,35,F1,30,,,,,
2026-04-10,2026-04-10,FO,NSE,IDO,67098,,BANKNIFTY,,2026-05-26,2026-05-26,52800.00,PE,BANKNIFTY26MAY52800PE,0.00,0.00,0.00,917.30,917.30,917.30,55912.75,450.10,1350,0,0,0.00,0,F1,30,,,,,
2026-04-10,2026-04-10,FO,NSE,IDO,66770,,BANKNIFTY,,2026-05-26,2026-05-26,51300.00,PE,BANKNIFTY26MAY51300PE,0.00,0.00,0.00,1435.30,1414.10,1435.30,55912.75,213.60,2400,0,0,0.00,0,F1,30,,,,,
2026-04-10,2026-04-10,FO,NSE,IDO,66743,,BANKNIFTY,,2026-05-26,2026-05-26,50100.00,PE,BANKNIFTY26MAY50100PE,0.00,0.00,0.00,4.15,0.00,4.15,55912.75,106.90,0,0,0,0.00,0,F1,30,,,,,
2026-04-10,2026-04-10,FO,NSE,IDO,66659,,BANKNIFTY,,2026-05-26,2026-05-26,49300.00,PE,BANKNIFTY26MAY49300PE,0.00,0.00,0.00,2.05,0.00,2.05,55912.75,63.95,0,0,0,0.00,0,F1,30,,,,,
2026-04-10,2026-04-10,FO,NSE,IDO,66655,,BANKNIFTY,,2026-05-26,2026-05-26,49100.00,PE,BANKNIFTY26MAY49100PE,0.00,0.00,0.00,1.70,0.00,1.70,55912.75,55.85,0,0,0,0.00,0,F1,30,,,,,
2026-04-10,2026-04-10,FO,NSE,IDO,66653,,BANKNIFTY,,2026-05-26,2026-05-26,49000.00,PE,BANKNIFTY26MAY49000PE,283.00,285.00,234.45,240.40,236.05,365.35,55912.75,240.40,28380,1680,818,1208561833.50,522,F1,30,,,,,
2026-04-10,2026-04-10,FO,NSE,IDO,66608,,BANKNIFTY,,2026-05-26,2026-05-26,47700.00,PE,BANKNIFTY26MAY47700PE,0.00,0.00,0.00,0.45,0.00,0.45,55912.75,19.95,0,0,0,0.00,0,F1,30,,,,,
2026-04-10,2026-04-10,FO,NSE,IDO,68195,,BANKNIFTY,,2026-04-28,2026-04-28,66400.00,PE,BANKNIFTY26APR66400PE,0.00,0.00,0.00,11812.85,11812.85,11812.85,55912.75,10297.10,60,0,0,0.00,0,F1,30,,,,,
2026-04-10,2026-04-10,FO,NSE,IDO,68178,,BANKNIFTY,,2026-04-28,2026-04-28,65800.00,PE,BANKNIFTY26APR65800PE,0.00,0.00,0.00,11432.00,11432.00,11432.00,55912.75,9699.00,60,0,0,0.00,0,F1,30,,,,,
2026-04-10,2026-04-10,FO,NSE,IDO,67882,,BANKNIFTY,,2026-04-28,2026-04-28,63700.00,PE,BANKNIFTY26APR63700PE,0.00,0.00,0.00,10986.45,10986.45,10986.45,55912.75,7608.00,600,0,0,0.00,0,F1,30,,,,,
2026-04-10,2026-04-10,FO,NSE,IDO,67834,,BANKNIFTY,,2026-04-28,2026-04-28,62700.00,PE,BANKNIFTY26APR62700PE,0.00,0.00,0.00,10022.65,10022.65,10022.65,55912.75,6616.70,240,0,0,0.00,0,F1,30,,,,,
2026-04-10,2026-04-10,FO,NSE,IDO,67768,,BANKNIFTY,,2026-04-28,2026-04-28,61200.00,PE,BANKNIFTY26APR61200PE,5126.45,5126.45,5126.45,5126.45,5126.45,5470.05,55912.75,5148.40,1440,-30,1,1989793.50,1,F1,30,,,,,
2026-04-10,2026-04-10,FO,NSE,IDO,67721,,BANKNIFTY,,2026-04-28,2026-04-28,60300.00,PE,BANKNIFTY26APR60300PE,4336.00,4362.50,4336.00,4362.50,4362.50,4786.00,55912.75,4291.35,1140,-600,20,38789550.00,4,F1,30,,,,,
2026-04-10,2026-04-10,FO,NSE,IDO,67717,,BANKNIFTY,,2026-04-28,2026-04-28,60100.00,PE,BANKNIFTY26APR60100PE,4100.00,4266.45,4025.00,4105.45,4095.55,4203.15,55912.75,4105.45,540,-3690,126,242697174.00,84,F1,30,,,,,
2026-04-10,2026-04-10,FO,NSE,IDO,67707,,BANKNIFTY,,2026-04-28,2026-04-28,59600.00,PE,BANKNIFTY26APR59600PE,0.00,0.00,0.00,4501.20,4501.20,4501.20,55912.75,3647.55,4320,0,0,0.00,0,F1,30,,,,,
2026-04-10,2026-04-10,FO,NSE,IDO,67638,,BANKNIFTY,,2026-04-28,2026-04-28,58700.00,PE,BANKNIFTY26APR58700PE,0.00,0.00,0.00,6930.00,6930.00,6930.00,55912.75,2864.50,1200,0,0,0.00,0,F1,30,,,,,
2026-04-10,2026-04-10,FO,NSE,IDO,67630,,BANKNIFTY,,2026-04-28,2026-04-28,58300.00,PE,BANKNIFTY26APR58300PE,2456.60,2508.10,2388.85,2490.15,2490.15,7762.05,55912.75,2537.80,2550,120,22,40103512.50,13,F1,30,,,,,
2026-04-10,2026-04-10,FO,NSE,IDO,67489,,BANKNIFTY,,2026-04-28,2026-04-28,54600.00,PE,BANKNIFTY26APR54600PE,802.05,809.05,520.05,537.30,533.75,956.00,55912.75,537.30,43770,-2910,5454,9030897982.50,3985,F1,30,,,,,
2026-04-10,2026-04-10,FO,NSE,IDO,67481,,BANKNIFTY,,2026-04-28,2026-04-28,54300.00,PE,BANKNIFTY26APR54300PE,751.30,751.30,457.95,471.20,464.05,849.45,55912.75,471.20,29100,-2040,3560,5855336485.50,2617,F1,30,,,,,
2026-04-10,2026-04-10,FO,NSE,IDO,67453,,BANKNIFTY,,2026-04-28,2026-04-28,52900.00,PE,BANKNIFTY26APR52900PE,350.05,354.00,259.35,268.25,269.65,491.80,55912.75,268.25,32670,1620,1709,2727178963.50,1220,F1,30,,,,,
2026-04-10,2026-04-10,FO,NSE,IDO,67413,,BANKNIFTY,,2026-04-28,2026-04-28,50900.00,PE,BANKNIFTY26APR50900PE,153.95,153.95,126.50,129.70,130.40,232.90,55912.75,129.70,24510,-120,800,1224913950.00,406,F1,30,,,,,
2026-04-10,2026-04-10,FO,NSE,IDO,67379,,BANKNIFTY,,2026-04-28,2026-04-28,49600.00,PE,BANKNIFTY26APR49600PE,117.00,117.00,81.00,82.45,81.45,146.30,55912.75,82.45,13830,780,307,457650226.50,166,F1,30,,,,,
2026-04-10,2026-04-10,FO,NSE,IDO,67335,,BANKNIFTY,,2026-04-28,2026-04-28,49200.00,PE,BANKNIFTY26APR49200PE,82.20,87.15,70.00,72.00,75.05,128.00,55912.75,72.00,15120,870,457,675616620.00,254,F1,30,,,,,
2026-04-10,2026-04-10,FO,NSE,IDO,67300,,BANKNIFTY,,2026-04-28,2026-04-28,48200.00,PE,BANKNIFTY26APR48200PE,63.75,65.95,50.00,52.25,50.20,92.45,55912.75,52.25,2580,-2130,246,356144620.50,150,F1,30,,,,,
2026-04-10,2026-04-10,FO,NSE,IDO,67277,,BANKNIFTY,,2026-04-28,2026-04-28,48100.00,PE,BANKNIFTY26APR48100PE,88.00,88.00,48.55,52.50,50.05,96.50,55912.75,52.50,2550,1410,455,657333321.00,235,F1,30,,,,,
2026-04-10,2026-04-10,FO,NSE,IDO,67228,,BANKNIFTY,,2026-04-28,2026-04-28,46400.00,PE,BANKNIFTY26APR46400PE,0.00,0.00,0.00,62.35,62.35,62.35,55912.75,0.05,30,0,0,0.00,0,F1,30,,,,,
2026-04-10,2026-04-10,FO,NSE,IDO,67163,,BANKNIFTY,,2026-04-28,2026-04-28,45400.00,PE,BANKNIFTY26APR45400PE,0.00,0.00,0.00,0.15,0.00,0.15,55912.75,0.00,0,0,0,0.00,0,F1,30,,,,,
2026-04-10,2026-04-10,FO,NSE,IDO,67143,,BANKNIFTY,,2026-04-28,2026-04-28,44500.00,PE,BANKNIFTY26APR44500PE,31.65,31.65,15.15,16.40,16.85,31.65,55912.75,16.40,21210,1170,1958,2615043913.50,1124,F1,30,,,,,
2026-04-10,2026-04-10,FO,NSE,IDO,76392,,BANKNIFTY,,2027-03-30,2027-03-30,52500.00,CE,BANKNIFTY27MAR52500CE,0.00,0.00,0.00,4655.40,0.00,4655.40,55912.75,8426.30,0,0,0,0.00,0,F1,30,,,,,
2026-04-10,2026-04-10,FO,NSE,IDO,76382,,BANKNIFTY,,2027-03-30,2027-03-30,45000.00,CE,BANKNIFTY27MAR45000CE,0.00,0.00,0.00,9276.60,0.00,9276.60,55912.75,14021.85,0,0,0,0.00,0,F1,30,,,,,
2026-04-10,2026-04-10,FO,NSE,IDO,53228,,BANKNIFTY,,2026-12-29,2026-12-29,57000.00,CE,BANKNIFTY26DEC57000CE,0.00,0.00,0.00,6951.10,0.00,6951.10,55912.75,4763.40,0,0,0,0.00,0,F1,30,,,,,
2026-04-10,2026-04-10,FO,NSE,IDO,53218,,BANKNIFTY,,2026-12-29,2026-12-29,49500.00,CE,BANKNIFTY26DEC49500CE,0.00,0.00,0.00,12801.50,0.00,12801.50,55912.75,9512.60,0,0,0,0.00,0,F1,30,,,,,
2026-04-10,2026-04-10,FO,NSE,IDO,53216,,BANKNIFTY,,2026-12-29,2026-12-29,48000.00,CE,BANKNIFTY26DEC48000CE,0.00,0.00,0.00,14125.35,0.00,14125.35,55912.75,10685.40,0,0,0,0.00,0,F1,30,,,,,
2026-04-10,2026-04-10,FO,NSE,IDO,75798,,BANKNIFTY,,2026-06-30,2026-06-30,58900.00,CE,BANKNIFTY26JUN58900CE,850.65,886.55,844.25,886.55,886.55,186.65,55912.75,886.55,360,360,13,23305444.50,4,F1,30,,,,,
2026-04-10,2026-04-10,FO,NSE,IDO,75630,,BANKNIFTY,,2026-06-30,2026-06-30,56600.00,CE,BANKNIFTY26JUN56600CE,0.00,0.00,0.00,420.80,0.00,420.80,55912.75,2300.90,0,0,0,0.00,0,F1,30,,,,,
2026-04-10,2026-04-10,FO,NSE,IDO,75467,,BANKNIFTY,,2026-06-30,2026-06-30,52900.00,CE,BANKNIFTY26JUN52900CE,0.00,0.00,0.00,2702.20,2702.20,2702.20,55912.75,4546.45,60,0,0,0.00,0,F1,30,,,,,
2026-04-10,2026-04-10,FO,NSE,IDO,57705,,BANKNIFTY,,2026-06-30,2026-06-30,49500.00,CE,BANKNIFTY26JUN49500CE,0.00,0.00,0.00,11438.50,0.00,11438.50,55912.75,7317.35,0,0,0,0.00,0,F1,30,,,,,
2026-04-10,2026-04-10,FO,NSE,IDO,75274,,BANKNIFTY,,2026-06-30,2026-06-30,49200.00,CE,BANKNIFTY26JUN49200CE,0.00,0.00,0.00,3072.80,0.00,3072.80,55912.75,7585.55,0,0,0,0.00,0,F1,30,,,,,
2026-04-10,2026-04-10,FO,NSE,IDO,75272,,BANKNIFTY,,2026-06-30,2026-06-30,49100.00,CE,BANKNIFTY26JUN49100CE,0.00,0.00,0.00,3135.85,0.00,3135.85,55912.75,7675.60,0,0,0,0.00,0,F1,30,,,,,
2026-04-10,2026-04-10,FO,NSE,IDO,75268,,BANKNIFTY,,2026-06-30,2026-06-30,48900.00,CE,BANKNIFTY26JUN48900CE,0.00,0.00,0.00,3264.15,0.00,3264.15,55912.75,7856.60,0,0,0,0.00,0,F1,30,,,,,
2026-04-10,2026-04-10,FO,NSE,IDO,75247,,BANKNIFTY,,2026-06-30,2026-06-30,48300.00,CE,BANKNIFTY26JUN48300CE,0.00,0.00,0.00,3666.85,0.00,3666.85,55912.75,8406.45,0,0,0,0.00,0,F1,30,,,,,
2026-04-10,2026-04-10,FO,NSE,IDO,75183,,BANKNIFTY,,2026-06-30,2026-06-30,47300.00,CE,BANKNIFTY26JUN47300CE,0.00,0.00,0.00,4394.95,0.00,4394.95,55912.75,9342.00,0,0,0,0.00,0,F1,30,,,,,
2026-04-10,2026-04-10,FO,NSE,IDO,68429,,BANKNIFTY,,2026-05-26,2026-05-26,68000.00,CE,BANKNIFTY26MAY68000CE,17.00,17.00,13.95,14.50,14.50,18.90,55912.75,14.50,3000,30,23,46930012.50,11,F1,30,,,,,
2026-04-10,2026-04-10,FO,NSE,IDO,68229,,BANKNIFTY,,2026-05-26,2026-05-26,66200.00,CE,BANKNIFTY26MAY66200CE,0.00,0.00,0.00,572.30,0.00,572.30,55912.75,29.00,0,0,0,0.00,0,F1,30,,,,,
2026-04-10,2026-04-10,FO,NSE,IDO,68116,,BANKNIFTY,,2026-05-26,2026-05-26,62500.00,CE,BANKNIFTY26MAY62500CE,100.00,100.00,100.00,100.00,100.00,74.60,55912.75,181.10,900,30,1,1878000.00,1,F1,30,,,,,
2026-04-10,2026-04-10,FO,NSE,IDO,68112,,BANKNIFTY,,2026-05-26,2026-05-26,62300.00,CE,BANKNIFTY26MAY62300CE,0.00,0.00,0.00,73.00,73.00,73.00,55912.75,197.95,360,0,0,0.00,0,F1,30,,,,,
2026-04-10,2026-04-10,FO,NSE,IDO,68088,,BANKNIFTY,,2026-05-26,2026-05-26,61300.00,CE,BANKNIFTY26MAY61300CE,0.00,0.00,0.00,147.00,147.00,147.00,55912.75,303.70,780,0,0,0.00,0,F1,30,,,,,
2026-04-10,2026-04-10,FO,NSE,IDO,67810,,BANKNIFTY,,2026-05-26,2026-05-26,59600.00,CE,BANKNIFTY26MAY59600CE,270.25,321.30,270.25,321.20,321.15,236.10,55912.75,321.20,3060,1950,166,298319859.00,132,F1,30,,,,,
2026-04-10,2026-04-10,FO,NSE,IDO,67620,,BANKNIFTY,,2026-05-26,2026-05-26,58500.00,CE,BANKNIFTY26MAY58500CE,495.70,591.35,495.70,576.10,587.00,429.00,55912.75,576.10,24780,13020,1408,2493801177.00,1058,F1,30,,,,,
2026-04-10,2026-04-10,FO,NSE,IDO,67586,,BANKNIFTY,,2026-05-26,2026-05-26,57400.00,CE,BANKNIFTY26MAY57400CE,936.00,997.10,936.00,962.45,997.10,724.35,55912.75,962.45,2940,-90,16,28012374.00,5,F1,30,,,,,
2026-04-10,2026-04-10,FO,NSE,IDO,67584,,BANKNIFTY,,2026-05-26,2026-05-26,57300.00,CE,BANKNIFTY26MAY57300CE,1000.00,1034.05,941.35,1024.65,1033.90,774.45,55912.75,1024.65,3000,-90,22,38465929.50,18,F1,30,,,,,
2026-04-10,2026-04-10,FO,NSE,IDO,67225,,BANKNIFTY,,2026-05-26,2026-05-26,54500.00,CE,BANKNIFTY26MAY54500CE,2500.10,2753.85,2500.10,2695.40,2710.95,2220.30,55912.75,2695.40,4260,-960,109,186864861.00,92,F1,30,,,,,
2026-04-10,2026-04-10,FO,NSE,IDO,67206,,BANKNIFTY,,2026-05-26,2026-05-26,54300.00,CE,BANKNIFTY26MAY54300CE,0.00,0.00,0.00,2355.70,2355.70,2355.70,55912.75,2883.30,510,0,0,0.00,0,F1,30,,,,,
2026-04-10,2026-04-10,FO,NSE,IDO,67202,,BANKNIFTY,,2026-05-26,2026-05-26,54100.00,CE,BANKNIFTY26MAY54100CE,0.00,0.00,0.00,3011.60,3067.05,3011.60,55912.75,3018.65,1080,0,0,0.00,0,F1,30,,,,,
2026-04-10,2026-04-10,FO,NSE,IDO,66816,,BANKNIFTY,,2026-05-26,2026-05-26,52000.00,CE,BANKNIFTY26MAY52000CE,4502.00,4764.85,4477.40,4703.45,4698.90,4018.20,55912.75,4703.45,40350,-30,71,120537607.50,70,F1,30,,,,,
2026-04-10,2026-04-10,FO,NSE,IDO,66799,,BANKNIFTY,,2026-05-26,2026-05-26,51800.00,CE,BANKNIFTY26MAY51800CE,0.00,0.00,0.00,4242.00,4242.00,4242.00,55912.75,4798.20,1200,0,0,0.00,0,F1,30,,,,,
2026-04-10,2026-04-10,FO,NSE,IDO,66797,,BANKNIFTY,,2026-05-26,2026-05-26,51700.00,CE,BANKNIFTY26MAY51700CE,4784.60,4784.60,4784.60,4784.60,4784.60,4285.30,55912.75,4883.50,990,-30,1,1694538.00,1,F1,30,,,,,
2026-04-10,2026-04-10,FO,NSE,IDO,66677,,BANKNIFTY,,2026-05-26,2026-05-26,49900.00,CE,BANKNIFTY26MAY49900CE,0.00,0.00,0.00,11972.50,0.00,11972.50,55912.75,6499.90,0,0,0,0.00,0,F1,30,,,,,
2026-04-10,2026-04-10,FO,NSE,IDO,66652,,BANKNIFTY,,2026-05-26,2026-05-26,49000.00,CE,BANKNIFTY26MAY49000CE,0.00,0.00,0.00,6830.00,6830.00,6830.00,55912.75,7350.55,870,0,0,0.00,0,F1,30,,,,,
2026-04-10,2026-04-10,FO,NSE,IDO,38309,,BANKNIFTY,,2026-05-26,2026-05-26,45600.00,CE,BANKNIFTY26MAY45600CE,0.00,0.00,0.00,15647.50,0.00,15647.50,55912.75,10674.80,0,0,0,0.00,0,F1,30,,,,,
2026-04-10,2026-04-10,FO,NSE,IDO,40396,,BANKNIFTY,,2026-05-26,2026-05-26,45400.00,CE,BANKNIFTY26MAY45400CE,0.00,0.00,0.00,15140.55,0.00,15140.55,55912.75,10872.70,0,0,0,0.00,0,F1,30,,,,,
2026-04-10,2026-04-10,FO,NSE,IDO,66462,,BANKNIFTY,,2026-05-26,2026-05-26,44000.00,CE,BANKNIFTY26MAY44000CE,0.00,0.00,0.00,8716.35,8716.35,8716.35,55912.75,12259.65,450,0,0,0.00,0,F1,30,,,,,
2026-04-10,2026-04-10,FO,NSE,IDO,66460,,BANKNIFTY,,2026-05-26,2026-05-26,43500.00,CE,BANKNIFTY26MAY43500CE,0.00,0.00,0.00,18263.65,0.00,18263.65,55912.75,12755.50,0,0,0,0.00,0,F1,30,,,,,
2026-04-10,2026-04-10,FO,NSE,IDO,68306,,BANKNIFTY,,2026-04-28,2026-04-28,68500.00,CE,BANKNIFTY26APR68500CE,2.95,3.25,2.65,2.70,2.65,3.50,55912.75,2.70,20310,1290,1045,2147570539.50,332,F1,30,,,,,
2026-04-10,2026-04-10,FO,NSE,IDO,68227,,BANKNIFTY,,2026-04-28,2026-04-28,67000.00,CE,BANKNIFTY26APR67000CE,3.65,4.95,2.80,2.95,2.95,3.35,55912.75,2.95,43290,4890,2503,5031310809.00,1276,F1,30,,,,,
2026-04-10,2026-04-10,FO,NSE,IDO,67877,,BANKNIFTY,,2026-04-28,2026-04-28,63500.00,CE,BANKNIFTY26APR63500CE,11.65,13.25,10.60,10.90,10.60,11.05,55912.75,10.90,48360,-330,1624,3094301716.50,1098,F1,30,,,,,
2026-04-10,2026-04-10,FO,NSE,IDO,67866,,BANKNIFTY,,2026-04-28,2026-04-28,63400.00,CE,BANKNIFTY26APR63400CE,13.05,13.55,11.10,12.05,11.55,11.85,55912.75,12.05,2520,-360,174,331013419.50,86,F1,30,,,,,
2026-04-10,2026-04-10,FO,NSE,IDO,67819,,BANKNIFTY,,2026-04-28,2026-04-28,62200.00,CE,BANKNIFTY26APR62200CE,18.20,20.60,17.30,18.75,19.05,18.50,55912.75,18.75,9000,-60,682,1273001023.50,393,F1,30,,,,,
2026-04-10,2026-04-10,FO,NSE,IDO,67791,,BANKNIFTY,,2026-04-28,2026-04-28,61700.00,CE,BANKNIFTY26APR61700CE,22.55,26.35,19.75,22.60,22.65,22.55,55912.75,22.60,8130,1710,444,822150481.50,296,F1,30,,,,,
2026-04-10,2026-04-10,FO,NSE,IDO,67538,,BANKNIFTY,,2026-04-28,2026-04-28,56500.00,CE,BANKNIFTY26APR56500CE,530.00,785.70,500.05,752.70,762.00,489.10,55912.75,752.70,215550,-52530,39502,67796444722.50,26752,F1,30,,,,,
2026-04-10,2026-04-10,FO,NSE,IDO,67528,,BANKNIFTY,,2026-04-28,2026-04-28,56000.00,CE,BANKNIFTY26APR56000CE,719.00,1060.00,712.65,1022.15,1030.00,680.85,55912.75,1022.15,592080,-6690,108526,185485431331.50,75095,F1,30,,,,,
2026-04-10,2026-04-10,FO,NSE,IDO,67522,,BANKNIFTY,,2026-04-28,2026-04-28,55700.00,CE,BANKNIFTY26APR55700CE,950.00,1247.00,864.90,1203.70,1214.80,812.85,55912.75,1203.70,71940,-870,37954,64717807744.50,26085,F1,30,,,,,
2026-04-10,2026-04-10,FO,NSE,IDO,67514,,BANKNIFTY,,2026-04-28,2026-04-28,55400.00,CE,BANKNIFTY26APR55400CE,1008.15,1436.00,1008.15,1398.80,1410.00,964.25,55912.75,1398.80,33750,-34680,9939,16899280920.00,6682,F1,30,,,,,
2026-04-10,2026-04-10,FO,NSE,IDO,67488,,BANKNIFTY,,2026-04-28,2026-04-28,54600.00,CE,BANKNIFTY26APR54600CE,1547.75,1999.00,1528.60,1968.55,1979.20,1429.80,55912.75,1968.55,23310,-2070,447,756552576.00,298,F1,30,,,,,
2026-04-10,2026-04-10,FO,NSE,IDO,67484,,BANKNIFTY,,2026-04-28,2026-04-28,54400.00,CE,BANKNIFTY26APR54400CE,1683.70,2166.95,1681.80,2130.95,2145.00,1557.25,55912.75,2130.95,18450,0,395,668487081.00,263,F1,30,,,,,
2026-04-10,2026-04-10,FO,NSE,IDO,67472,,BANKNIFTY,,2026-04-28,2026-04-28,53900.00,CE,BANKNIFTY26APR53900CE,2385.00,2537.00,2370.00,2486.20,2507.35,1882.05,55912.75,2486.20,16530,-330,24,40568923.50,20,F1,30,,,,,
2026-04-10,2026-04-10,FO,NSE,IDO,67444,,BANKNIFTY,,2026-04-28,2026-04-28,52500.00,CE,BANKNIFTY26APR52500CE,3100.00,3808.10,3099.95,3751.90,3773.00,2969.75,55912.75,3751.90,145440,-1830,378,636753636.00,259,F1,30,,,,,
2026-04-10,2026-04-10,FO,NSE,IDO,67442,,BANKNIFTY,,2026-04-28,2026-04-28,52400.00,CE,BANKNIFTY26APR52400CE,3791.80,3900.00,3698.70,3871.35,3870.00,3117.10,55912.75,3871.35,20640,-360,21,35413623.00,17,F1,30,,,,,
2026-04-10,2026-04-10,FO,NSE,IDO,67432,,BANKNIFTY,,2026-04-28,2026-04-28,51900.00,CE,BANKNIFTY26APR51900CE,4116.35,4363.90,4040.95,4315.55,4301.45,3500.00,55912.75,4315.55,13500,-210,17,28612263.00,17,F1,30,,,,,
2026-04-10,2026-04-10,FO,NSE,IDO,67418,,BANKNIFTY,,2026-04-28,2026-04-28,51200.00,CE,BANKNIFTY26APR51200CE,4793.70,5000.00,4793.70,4945.95,4947.40,4093.50,55912.75,4945.95,40770,-570,29,48780832.50,22,F1,30,,,,,
2026-04-10,2026-04-10,FO,NSE,IDO,67400,,BANKNIFTY,,2026-04-28,2026-04-28,50300.00,CE,BANKNIFTY26APR50300CE,0.00,0.00,0.00,5235.00,5235.00,5235.00,55912.75,5766.80,25140,0,0,0.00,0,F1,30,,,,,
2026-04-10,2026-04-10,FO,NSE,IDO,67398,,BANKNIFTY,,2026-04-28,2026-04-28,50200.00,CE,BANKNIFTY26APR50200CE,0.00,0.00,0.00,5009.30,5048.75,5009.30,55912.75,5865.35,58050,0,0,0.00,0,F1,30,,,,,
2026-04-10,2026-04-10,FO,NSE,IDO,75173,,BANKNIFTY,,2026-06-30,2026-06-30,46900.00,PE,BANKNIFTY26JUN46900PE,0.00,0.00,0.00,488.50,0.00,488.50,55912.75,60.85,0,0,0,0.00,0,F1,30,,,,,
2026-04-10,2026-04-10,FO,NSE,IDO,67388,,BANKNIFTY,,2026-04-28,2026-04-28,49900.00,CE,BANKNIFTY26APR49900CE,5974.75,6260.85,5974.75,6260.85,6260.85,5595.00,55912.75,6260.85,8760,-150,17,28519021.50,16,F1,30,,,,,
2026-04-10,2026-04-10,FO,NSE,IDO,67336,,BANKNIFTY,,2026-04-28,2026-04-28,49300.00,CE,BANKNIFTY26APR49300CE,0.00,0.00,0.00,2966.50,2966.50,2966.50,55912.75,6756.70,5520,0,0,0.00,0,F1,30,,,,,
2026-04-10,2026-04-10,FO,NSE,IDO,67307,,BANKNIFTY,,2026-04-28,2026-04-28,48600.00,CE,BANKNIFTY26APR48600CE,0.00,0.00,0.00,2979.10,2979.10,2979.10,55912.75,7453.00,960,0,0,0.00,0,F1,30,,,,,
2026-04-10,2026-04-10,FO,NSE,IDO,67235,,BANKNIFTY,,2026-04-28,2026-04-28,46800.00,CE,BANKNIFTY26APR46800CE,0.00,0.00,0.00,6529.10,6529.10,6529.10,55912.75,9246.95,30,0,0,0.00,0,F1,30,,,,,
2026-04-10,2026-04-10,FO,NSE,IDO,67219,,BANKNIFTY,,2026-04-28,2026-04-28,46200.00,CE,BANKNIFTY26APR46200CE,0.00,0.00,0.00,13713.35,0.00,13713.35,55912.75,9845.20,0,0,0,0.00,0,F1,30,,,,,
2026-04-10,2026-04-10,FO,NSE,IDO,67160,,BANKNIFTY,,2026-04-28,2026-04-28,45300.00,CE,BANKNIFTY26APR45300CE,0.00,0.00,0.00,14599.30,0.00,14599.30,55912.75,10742.60,0,0,0,0.00,0,F1,30,,,,,
2026-04-10,2026-04-10,FO,NSE,IDO,76424,,BANKNIFTY,,2027-03-30,2027-03-30,61500.00,PE,BANKNIFTY27MAR61500PE,0.00,0.00,0.00,8564.80,0.00,8564.80,55912.75,5832.65,0,0,0,0.00,0,F1,30,,,,,
2026-04-10,2026-04-10,FO,NSE,IDO,76397,,BANKNIFTY,,2027-03-30,2027-03-30,55500.00,PE,BANKNIFTY27MAR55500PE,0.00,0.00,0.00,4717.35,0.00,4717.35,55912.75,2942.95,0,0,0,0.00,0,F1,30,,,,,
2026-04-10,2026-04-10,FO,NSE,IDO,53251,,BANKNIFTY,,2026-12-29,2026-12-29,66000.00,PE,BANKNIFTY26DEC66000PE,0.00,0.00,0.00,5463.50,0.00,5463.50,55912.75,8819.30,0,0,0,0.00,0,F1,30,,,,,
2026-04-10,2026-04-10,FO,NSE,IDO,53225,,BANKNIFTY,,2026-12-29,2026-12-29,54000.00,PE,BANKNIFTY26DEC54000PE,0.00,0.00,0.00,766.95,0.00,766.95,55912.75,2123.35,0,0,0,0.00,0,F1,30,,,,,
2026-04-10,2026-04-10,FO,NSE,IDO,53223,,BANKNIFTY,,2026-12-29,2026-12-29,52500.00,PE,BANKNIFTY26DEC52500PE,0.00,0.00,0.00,534.05,0.00,534.05,55912.75,1644.55,0,0,0,0.00,0,F1,30,,,,,
2026-04-10,2026-04-10,FO,NSE,IDO,53215,,BANKNIFTY,,2026-12-29,2026-12-29,46500.00,PE,BANKNIFTY26DEC46500PE,0.00,0.00,0.00,84.85,0.00,84.85,55912.75,451.05,0,0,0,0.00,0,F1,30,,,,,
2026-04-10,2026-04-10,FO,NSE,IDO,52421,,BANKNIFTY,,2026-09-29,2026-09-29,66000.00,PE,BANKNIFTY26SEP66000PE,0.00,0.00,0.00,8825.75,0.00,8825.75,55912.75,9012.40,0,0,0,0.00,0,F1,30,,,,,
2026-04-10,2026-04-10,FO,NSE,IDO,75841,,BANKNIFTY,,2026-06-30,2026-06-30,60600.00,PE,BANKNIFTY26JUN60600PE,0.00,0.00,0.00,9335.85,0.00,9335.85,55912.75,4747.95,0,0,0,0.00,0,F1,30,,,,,
2026-04-10,2026-04-10,FO,NSE,IDO,67491,,BANKNIFTY,,2026-04-28,2026-04-28,54700.00,PE,BANKNIFTY26APR54700PE,844.00,879.95,541.00,561.35,563.95,994.80,55912.75,561.35,53460,-1260,5259,8728521165.00,3744,F1,30,,,,,
2026-04-10,2026-04-10,FO,NSE,IDO,75462,,BANKNIFTY,,2026-06-30,2026-06-30,52600.00,PE,BANKNIFTY26JUN52600PE,0.00,0.00,0.00,825.85,825.80,825.85,55912.75,725.75,810,0,0,0.00,0,F1,30,,,,,
2026-04-10,2026-04-10,FO,NSE,IDO,75452,,BANKNIFTY,,2026-06-30,2026-06-30,52100.00,PE,BANKNIFTY26JUN52100PE,0.00,0.00,0.00,771.85,771.85,771.85,55912.75,612.25,450,0,0,0.00,0,F1,30,,,,,
2026-04-10,2026-04-10,FO,NSE,IDO,75431,,BANKNIFTY,,2026-06-30,2026-06-30,51500.00,PE,BANKNIFTY26JUN51500PE,650.00,655.05,625.00,640.00,640.00,886.25,55912.75,640.00,1590,-90,14,21898837.50,14,F1,30,,,,,
2026-04-10,2026-04-10,FO,NSE,IDO,75182,,BANKNIFTY,,2026-06-30,2026-06-30,47200.00,PE,BANKNIFTY26JUN47200PE,0.00,0.00,0.00,550.45,0.00,550.45,55912.75,71.70,0,0,0,0.00,0,F1,30,,,,,
2026-04-10,2026-04-10,FO,NSE,IDO,75169,,BANKNIFTY,,2026-06-30,2026-06-30,46700.00,PE,BANKNIFTY26JUN46700PE,0.00,0.00,0.00,450.25,0.00,450.25,55912.75,54.45,0,0,0,0.00,0,F1,30,,,,,
2026-04-10,2026-04-10,FO,NSE,IDO,75165,,BANKNIFTY,,2026-06-30,2026-06-30,46400.00,PE,BANKNIFTY26JUN46400PE,0.00,0.00,0.00,397.10,0.00,397.10,55912.75,45.85,0,0,0,0.00,0,F1,30,,,,,
2026-04-10,2026-04-10,FO,NSE,IDO,75113,,BANKNIFTY,,2026-06-30,2026-06-30,46100.00,PE,BANKNIFTY26JUN46100PE,0.00,0.00,0.00,348.85,0.00,348.85,55912.75,38.45,0,0,0,0.00,0,F1,30,,,,,
2026-04-10,2026-04-10,FO,NSE,IDO,57642,,BANKNIFTY,,2026-06-30,2026-06-30,43500.00,PE,BANKNIFTY26JUN43500PE,0.00,0.00,0.00,165.75,0.00,165.75,55912.75,6.85,0,0,0,0.00,0,F1,30,,,,,
2026-04-10,2026-04-10,FO,NSE,IDO,68230,,BANKNIFTY,,2026-05-26,2026-05-26,66200.00,PE,BANKNIFTY26MAY66200PE,10450.45,10450.45,10450.45,10450.45,10450.45,12024.15,55912.75,9795.20,600,-30,1,2299513.50,1,F1,30,,,,,
2026-04-10,2026-04-10,FO,NSE,IDO,68200,,BANKNIFTY,,2026-05-26,2026-05-26,65100.00,PE,BANKNIFTY26MAY65100PE,0.00,0.00,0.00,10464.85,10464.85,10464.85,55912.75,8726.70,600,0,0,0.00,0,F1,30,,,,,
2026-04-10,2026-04-10,FO,NSE,IDO,68167,,BANKNIFTY,,2026-05-26,2026-05-26,64400.00,PE,BANKNIFTY26MAY64400PE,0.00,0.00,0.00,11016.25,11016.25,11016.25,55912.75,8054.25,30,0,0,0.00,0,F1,30,,,,,
2026-04-10,2026-04-10,FO,NSE,IDO,68139,,BANKNIFTY,,2026-05-26,2026-05-26,63400.00,PE,BANKNIFTY26MAY63400PE,0.00,0.00,0.00,10056.45,10056.45,10056.45,55912.75,7108.10,30,0,0,0.00,0,F1,30,,,,,
2026-04-10,2026-04-10,FO,NSE,IDO,68105,,BANKNIFTY,,2026-05-26,2026-05-26,61900.00,PE,BANKNIFTY26MAY61900PE,0.00,0.00,0.00,7146.40,7146.40,7146.40,55912.75,5735.70,90,0,0,0.00,0,F1,30,,,,,
2026-04-10,2026-04-10,FO,NSE,IDO,68101,,BANKNIFTY,,2026-05-26,2026-05-26,61700.00,PE,BANKNIFTY26MAY61700PE,0.00,0.00,0.00,6951.45,6951.45,6951.45,55912.75,5558.35,60,0,0,0.00,0,F1,30,,,,,
2026-04-10,2026-04-10,FO,NSE,IDO,68049,,BANKNIFTY,,2026-05-26,2026-05-26,60500.00,PE,BANKNIFTY26MAY60500PE,4424.30,4465.00,4270.00,4450.00,4450.00,5101.00,55912.75,4530.65,2670,390,13,25324029.00,9,F1,30,,,,,
2026-04-10,2026-04-10,FO,NSE,IDO,67804,,BANKNIFTY,,2026-05-26,2026-05-26,59300.00,PE,BANKNIFTY26MAY59300PE,0.00,0.00,0.00,5112.00,5112.00,5112.00,55912.75,3582.05,450,0,0,0.00,0,F1,30,,,,,
2026-04-10,2026-04-10,FO,NSE,IDO,67657,,BANKNIFTY,,2026-05-26,2026-05-26,58900.00,PE,BANKNIFTY26MAY58900PE,0.00,0.00,0.00,5647.30,5647.30,5647.30,55912.75,3283.25,420,0,0,0.00,0,F1,30,,,,,
2026-04-10,2026-04-10,FO,NSE,IDO,67571,,BANKNIFTY,,2026-05-26,2026-05-26,56700.00,PE,BANKNIFTY26MAY56700PE,1738.35,1802.00,1693.55,1802.00,1802.00,1858.15,55912.75,1880.65,930,120,5,8766291.00,4,F1,30,,,,,
2026-04-10,2026-04-10,FO,NSE,IDO,67297,,BANKNIFTY,,2026-05-26,2026-05-26,56300.00,PE,BANKNIFTY26MAY56300PE,1615.25,1615.25,1565.00,1565.00,1565.00,1679.45,55912.75,1670.90,2160,60,2,3473407.50,2,F1,30,,,,,
2026-04-10,2026-04-10,FO,NSE,IDO,67283,,BANKNIFTY,,2026-05-26,2026-05-26,55600.00,PE,BANKNIFTY26MAY55600PE,1488.65,1488.70,1245.00,1330.90,1330.90,1885.35,55912.75,1339.60,4260,1830,220,375725839.50,182,F1,30,,,,,
2026-04-10,2026-04-10,FO,NSE,IDO,67189,,BANKNIFTY,,2026-05-26,2026-05-26,53600.00,PE,BANKNIFTY26MAY53600PE,779.15,785.05,715.15,720.85,715.55,827.40,55912.75,720.85,1350,-240,52,84797296.50,44,F1,30,,,,,
2026-04-10,2026-04-10,FO,NSE,IDO,66800,,BANKNIFTY,,2026-05-26,2026-05-26,51800.00,PE,BANKNIFTY26MAY51800PE,0.00,0.00,0.00,1663.20,1663.20,1663.20,55912.75,277.75,1260,0,0,0.00,0,F1,30,,,,,
2026-04-10,2026-04-10,FO,NSE,IDO,66796,,BANKNIFTY,,2026-05-26,2026-05-26,51600.00,PE,BANKNIFTY26MAY51600PE,0.00,0.00,0.00,1936.00,1936.00,1936.00,55912.75,250.50,1830,0,0,0.00,0,F1,30,,,,,
2026-04-10,2026-04-10,FO,NSE,IDO,66663,,BANKNIFTY,,2026-05-26,2026-05-26,49500.00,PE,BANKNIFTY26MAY49500PE,293.05,295.10,262.00,263.05,262.00,404.35,55912.75,263.05,7500,-750,54,80643018.00,33,F1,30,,,,,
2026-04-10,2026-04-10,FO,NSE,IDO,66604,,BANKNIFTY,,2026-05-26,2026-05-26,47600.00,PE,BANKNIFTY26MAY47600PE,0.00,0.00,0.00,0.40,0.00,0.40,55912.75,18.40,0,0,0,0.00,0,F1,30,,,,,
2026-04-10,2026-04-10,FO,NSE,IDO,66476,,BANKNIFTY,,2026-05-26,2026-05-26,46100.00,PE,BANKNIFTY26MAY46100PE,0.00,0.00,0.00,0.10,0.00,0.10,55912.75,5.05,0,0,0,0.00,0,F1,30,,,,,
2026-04-10,2026-04-10,FO,NSE,IDO,68297,,BANKNIFTY,,2026-04-28,2026-04-28,68000.00,PE,BANKNIFTY26APR68000PE,0.00,0.00,0.00,7869.95,0.00,7869.95,55912.75,11892.40,0,0,0,0.00,0,F1,30,,,,,
2026-04-10,2026-04-10,FO,NSE,IDO,68187,,BANKNIFTY,,2026-04-28,2026-04-28,66200.00,PE,BANKNIFTY26APR66200PE,0.00,0.00,0.00,11750.75,11750.75,11750.75,55912.75,10097.70,30,0,0,0.00,0,F1,30,,,,,
2026-04-10,2026-04-10,FO,NSE,IDO,67864,,BANKNIFTY,,2026-04-28,2026-04-28,63300.00,PE,BANKNIFTY26APR63300PE,0.00,0.00,0.00,10592.15,10592.15,10592.15,55912.75,7210.85,90,0,0,0.00,0,F1,30,,,,,
2026-04-10,2026-04-10,FO,NSE,IDO,67857,,BANKNIFTY,,2026-04-28,2026-04-28,63000.00,PE,BANKNIFTY26APR63000PE,7200.00,7200.00,6856.30,6930.30,6930.30,7827.10,55912.75,6930.30,34830,2280,97,204005005.50,46,F1,30,,,,,
2026-04-10,2026-04-10,FO,NSE,IDO,67820,,BANKNIFTY,,2026-04-28,2026-04-28,62200.00,PE,BANKNIFTY26APR62200PE,0.00,0.00,0.00,11309.25,11309.25,11309.25,55912.75,6123.80,390,0,0,0.00,0,F1,30,,,,,
2026-04-10,2026-04-10,FO,NSE,IDO,67709,,BANKNIFTY,,2026-04-28,2026-04-28,59700.00,PE,BANKNIFTY26APR59700PE,0.00,0.00,0.00,4663.30,4663.30,4663.30,55912.75,3737.95,1980,0,0,0.00,0,F1,30,,,,,
2026-04-10,2026-04-10,FO,NSE,IDO,67705,,BANKNIFTY,,2026-04-28,2026-04-28,59500.00,PE,BANKNIFTY26APR59500PE,3510.00,3650.00,3454.40,3511.15,3478.00,4501.40,55912.75,3511.15,43980,-1890,106,200416791.00,48,F1,30,,,,,
2026-04-10,2026-04-10,FO,NSE,IDO,67697,,BANKNIFTY,,2026-04-28,2026-04-28,59100.00,PE,BANKNIFTY26APR59100PE,0.00,0.00,0.00,4036.65,4036.65,4036.65,55912.75,3205.15,480,0,0,0.00,0,F1,30,,,,,
2026-04-10,2026-04-10,FO,NSE,IDO,67601,,BANKNIFTY,,2026-04-28,2026-04-28,57800.00,PE,BANKNIFTY26APR57800PE,2075.45,2075.45,2075.45,2075.45,2075.45,3060.00,55912.75,2151.75,2820,30,1,1796263.50,1,F1,30,,,,,
2026-04-10,2026-04-10,FO,NSE,IDO,67549,,BANKNIFTY,,2026-04-28,2026-04-28,57000.00,PE,BANKNIFTY26APR57000PE,1877.50,1877.50,1436.00,1472.15,1460.30,2261.05,55912.75,1472.15,253920,28380,4840,8502127084.50,3365,F1,30,,,,,
2026-04-10,2026-04-10,FO,NSE,IDO,67543,,BANKNIFTY,,2026-04-28,2026-04-28,56700.00,PE,BANKNIFTY26APR56700PE,1513.80,1539.95,1278.75,1299.70,1283.90,2022.95,55912.75,1299.70,9120,300,285,496505184.00,190,F1,30,,,,,
2026-04-10,2026-04-10,FO,NSE,IDO,67541,,BANKNIFTY,,2026-04-28,2026-04-28,56600.00,PE,BANKNIFTY26APR56600PE,1463.10,1483.95,1221.30,1242.40,1240.05,1981.55,55912.75,1242.40,10950,510,269,467553346.50,204,F1,30,,,,,
2026-04-10,2026-04-10,FO,NSE,IDO,67427,,BANKNIFTY,,2026-04-28,2026-04-28,51600.00,PE,BANKNIFTY26APR51600PE,280.00,280.00,140.00,166.25,164.15,301.80,55912.75,166.25,47880,-3420,1231,1912177744.50,743,F1,30,,,,,
2026-04-10,2026-04-10,FO,NSE,IDO,67403,,BANKNIFTY,,2026-04-28,2026-04-28,50400.00,PE,BANKNIFTY26APR50400PE,127.30,129.80,107.00,109.25,107.00,194.00,55912.75,109.25,37170,-1920,571,865365255.00,343,F1,30,,,,,
2026-04-10,2026-04-10,FO,NSE,IDO,67331,,BANKNIFTY,,2026-04-28,2026-04-28,49100.00,PE,BANKNIFTY26APR49100PE,82.85,85.40,68.60,70.85,68.60,125.90,55912.75,70.85,13290,-180,316,466203178.50,162,F1,30,,,,,
2026-04-10,2026-04-10,FO,NSE,IDO,67253,,BANKNIFTY,,2026-04-28,2026-04-28,47500.00,PE,BANKNIFTY26APR47500PE,61.95,61.95,39.05,41.75,42.65,74.05,55912.75,41.75,82680,34560,9004,12843143785.50,3989,F1,30,,,,,
2026-04-10,2026-04-10,FO,NSE,IDO,67248,,BANKNIFTY,,2026-04-28,2026-04-28,47400.00,PE,BANKNIFTY26APR47400PE,0.00,0.00,0.00,1.25,0.00,1.25,55912.75,0.15,0,0,0,0.00,0,F1,30,,,,,
2026-04-10,2026-04-10,FO,NSE,IDO,67131,,BANKNIFTY,,2026-04-28,2026-04-28,43000.00,PE,BANKNIFTY26APR43000PE,20.30,20.30,9.50,10.90,9.50,20.45,55912.75,10.90,128670,-13890,5316,6859617033.00,2391,F1,30,,,,,
2026-04-10,2026-04-10,FO,NSE,IDO,76419,,BANKNIFTY,,2027-03-30,2027-03-30,61500.00,CE,BANKNIFTY27MAR61500CE,0.00,0.00,0.00,1629.75,0.00,1629.75,55912.75,3873.80,0,0,0,0.00,0,F1,30,,,,,
2026-04-10,2026-04-10,FO,NSE,IDO,76380,,BANKNIFTY,,2027-03-30,2027-03-30,43500.00,CE,BANKNIFTY27MAR43500CE,0.00,0.00,0.00,10420.10,0.00,10420.10,55912.75,15293.20,0,0,0,0.00,0,F1,30,,,,,
2026-04-10,2026-04-10,FO,NSE,IDO,53254,,BANKNIFTY,,2026-12-29,2026-12-29,69000.00,CE,BANKNIFTY26DEC69000CE,0.00,0.00,0.00,1660.30,0.00,1660.30,55912.75,1098.55,0,0,0,0.00,0,F1,30,,,,,
2026-04-10,2026-04-10,FO,NSE,IDO,53248,,BANKNIFTY,,2026-12-29,2026-12-29,64500.00,CE,BANKNIFTY26DEC64500CE,0.00,0.00,0.00,3029.80,0.00,3029.80,55912.75,1995.40,0,0,0,0.00,0,F1,30,,,,,
2026-04-10,2026-04-10,FO,NSE,IDO,53246,,BANKNIFTY,,2026-12-29,2026-12-29,63000.00,CE,BANKNIFTY26DEC63000CE,0.00,0.00,0.00,3641.35,0.00,3641.35,55912.75,2406.70,0,0,0,0.00,0,F1,30,,,,,
2026-04-10,2026-04-10,FO,NSE,IDO,52404,,BANKNIFTY,,2026-09-29,2026-09-29,63000.00,CE,BANKNIFTY26SEP63000CE,0.00,0.00,0.00,2059.80,0.00,2059.80,55912.75,1432.55,0,0,0,0.00,0,F1,30,,,,,
2026-04-10,2026-04-10,FO,NSE,IDO,57754,,BANKNIFTY,,2026-06-30,2026-06-30,60000.00,CE,BANKNIFTY26JUN60000CE,460.00,591.35,454.95,581.80,585.00,423.00,55912.75,581.80,113640,-10500,2385,4332117999.00,981,F1,30,,,,,
2026-04-10,2026-04-10,FO,NSE,IDO,75813,,BANKNIFTY,,2026-06-30,2026-06-30,59500.00,CE,BANKNIFTY26JUN59500CE,591.85,711.65,591.70,708.35,709.00,516.80,55912.75,708.35,4680,-180,67,120940563.00,54,F1,30,,,,,
2026-04-10,2026-04-10,FO,NSE,IDO,75804,,BANKNIFTY,,2026-06-30,2026-06-30,59200.00,CE,BANKNIFTY26JUN59200CE,779.90,788.10,744.45,744.45,744.45,166.75,55912.75,1277.30,390,390,14,25187704.50,5,F1,30,,,,,
2026-04-10,2026-04-10,FO,NSE,IDO,75608,,BANKNIFTY,,2026-06-30,2026-06-30,55400.00,CE,BANKNIFTY26JUN55400CE,0.00,0.00,0.00,620.20,0.00,620.20,55912.75,2926.65,0,0,0,0.00,0,F1,30,,,,,
2026-04-10,2026-04-10,FO,NSE,IDO,75580,,BANKNIFTY,,2026-06-30,2026-06-30,53900.00,CE,BANKNIFTY26JUN53900CE,0.00,0.00,0.00,971.40,0.00,971.40,55912.75,3847.55,0,0,0,0.00,0,F1,30,,,,,
2026-04-10,2026-04-10,FO,NSE,IDO,75465,,BANKNIFTY,,2026-06-30,2026-06-30,52800.00,CE,BANKNIFTY26JUN52800CE,0.00,0.00,0.00,4008.15,4008.15,4008.15,55912.75,4619.60,270,0,0,0.00,0,F1,30,,,,,
2026-04-10,2026-04-10,FO,NSE,IDO,75374,,BANKNIFTY,,2026-06-30,2026-06-30,50400.00,CE,BANKNIFTY26JUN50400CE,0.00,0.00,0.00,3830.00,3830.00,3830.00,55912.75,6532.00,330,0,0,0.00,0,F1,30,,,,,
2026-04-10,2026-04-10,FO,NSE,IDO,75290,,BANKNIFTY,,2026-06-30,2026-06-30,50100.00,CE,BANKNIFTY26JUN50100CE,0.00,0.00,0.00,2540.05,0.00,2540.05,55912.75,6790.35,0,0,0,0.00,0,F1,30,,,,,
2026-04-10,2026-04-10,FO,NSE,IDO,75270,,BANKNIFTY,,2026-06-30,2026-06-30,49000.00,CE,BANKNIFTY26JUN49000CE,0.00,0.00,0.00,3199.65,0.00,3199.65,55912.75,7765.95,0,0,0,0.00,0,F1,30,,,,,
2026-04-10,2026-04-10,FO,NSE,IDO,75266,,BANKNIFTY,,2026-06-30,2026-06-30,48800.00,CE,BANKNIFTY26JUN48800CE,0.00,0.00,0.00,3329.45,0.00,3329.45,55912.75,7947.55,0,0,0,0.00,0,F1,30,,,,,
2026-04-10,2026-04-10,FO,NSE,IDO,75166,,BANKNIFTY,,2026-06-30,2026-06-30,46600.00,CE,BANKNIFTY26JUN46600CE,0.00,0.00,0.00,4942.05,0.00,4942.05,55912.75,10008.10,0,0,0,0.00,0,F1,30,,,,,
2026-04-10,2026-04-10,FO,NSE,IDO,57643,,BANKNIFTY,,2026-06-30,2026-06-30,45000.00,CE,BANKNIFTY26JUN45000CE,0.00,0.00,0.00,15169.75,0.00,15169.75,55912.75,11553.95,0,0,0,0.00,0,F1,30,,,,,
2026-04-10,2026-04-10,FO,NSE,IDO,68419,,BANKNIFTY,,2026-05-26,2026-05-26,67500.00,CE,BANKNIFTY26MAY67500CE,0.00,0.00,0.00,364.15,0.00,364.15,55912.75,14.05,0,0,0,0.00,0,F1,30,,,,,
2026-04-10,2026-04-10,FO,NSE,IDO,68239,,BANKNIFTY,,2026-05-26,2026-05-26,66500.00,CE,BANKNIFTY26MAY66500CE,16.00,18.00,16.00,17.45,17.45,29.25,55912.75,17.45,210,90,5,9977533.50,5,F1,30,,,,,
2026-04-10,2026-04-10,FO,NSE,IDO,68205,,BANKNIFTY,,2026-05-26,2026-05-26,65400.00,CE,BANKNIFTY26MAY65400CE,0.00,0.00,0.00,744.95,0.00,744.95,55912.75,44.40,0,0,0,0.00,0,F1,30,,,,,
2026-04-10,2026-04-10,FO,NSE,IDO,68179,,BANKNIFTY,,2026-05-26,2026-05-26,64900.00,CE,BANKNIFTY26MAY64900CE,0.00,0.00,0.00,46.95,46.95,46.95,55912.75,57.45,90,0,0,0.00,0,F1,30,,,,,
2026-04-10,2026-04-10,FO,NSE,IDO,68128,,BANKNIFTY,,2026-05-26,2026-05-26,62900.00,CE,BANKNIFTY26MAY62900CE,0.00,0.00,0.00,59.50,59.50,59.50,55912.75,151.15,1170,0,0,0.00,0,F1,30,,,,,
2026-04-10,2026-04-10,FO,NSE,IDO,68120,,BANKNIFTY,,2026-05-26,2026-05-26,62600.00,CE,BANKNIFTY26MAY62600CE,103.20,103.20,103.20,103.20,103.20,66.00,55912.75,173.15,510,30,1,1881096.00,1,F1,30,,,,,
2026-04-10,2026-04-10,FO,NSE,IDO,68110,,BANKNIFTY,,2026-05-26,2026-05-26,62200.00,CE,BANKNIFTY26MAY62200CE,0.00,0.00,0.00,68.70,68.70,68.70,55912.75,206.85,270,0,0,0.00,0,F1,30,,,,,
2026-04-10,2026-04-10,FO,NSE,IDO,67625,,BANKNIFTY,,2026-05-26,2026-05-26,58700.00,CE,BANKNIFTY26MAY58700CE,489.65,524.90,473.05,524.90,524.90,392.85,55912.75,524.90,2400,990,105,186462015.00,81,F1,30,,,,,
2026-04-10,2026-04-10,FO,NSE,IDO,67618,,BANKNIFTY,,2026-05-26,2026-05-26,58400.00,CE,BANKNIFTY26MAY58400CE,523.25,610.85,523.25,600.85,610.85,456.05,55912.75,600.85,3840,1140,181,320253153.00,131,F1,30,,,,,
2026-04-10,2026-04-10,FO,NSE,IDO,67582,,BANKNIFTY,,2026-05-26,2026-05-26,57200.00,CE,BANKNIFTY26MAY57200CE,942.00,1053.70,942.00,1053.70,1053.70,795.05,55912.75,1053.70,2700,-60,17,29689489.50,17,F1,30,,,,,
2026-04-10,2026-04-10,FO,NSE,IDO,67566,,BANKNIFTY,,2026-05-26,2026-05-26,56500.00,CE,BANKNIFTY26MAY56500CE,1150.00,1467.45,1150.00,1433.50,1416.20,1103.30,55912.75,1433.50,19710,2160,531,922142538.00,405,F1,30,,,,,
2026-04-10,2026-04-10,FO,NSE,IDO,67259,,BANKNIFTY,,2026-05-26,2026-05-26,55000.00,CE,BANKNIFTY26MAY55000CE,1999.00,2393.60,1948.05,2362.05,2334.60,1889.40,55912.75,2362.05,87840,-6270,3846,6608713588.50,1781,F1,30,,,,,
2026-04-10,2026-04-10,FO,NSE,IDO,67070,,BANKNIFTY,,2026-05-26,2026-05-26,52200.00,CE,BANKNIFTY26MAY52200CE,0.00,0.00,0.00,4419.30,4419.30,4419.30,55912.75,4462.70,1140,0,0,0.00,0,F1,30,,,,,
2026-04-10,2026-04-10,FO,NSE,IDO,66801,,BANKNIFTY,,2026-05-26,2026-05-26,51900.00,CE,BANKNIFTY26MAY51900CE,0.00,0.00,0.00,4292.35,4292.35,4292.35,55912.75,4713.45,570,0,0,0.00,0,F1,30,,,,,
2026-04-10,2026-04-10,FO,NSE,IDO,67164,,BANKNIFTY,,2026-04-28,2026-04-28,45500.00,CE,BANKNIFTY26APR45500CE,0.00,0.00,0.00,9447.05,9447.05,9447.05,55912.75,10543.20,210,0,0,0.00,0,F1,30,,,,,
2026-04-10,2026-04-10,FO,NSE,IDO,67142,,BANKNIFTY,,2026-04-28,2026-04-28,44500.00,CE,BANKNIFTY26APR44500CE,11100.00,11100.00,11100.00,11100.00,11100.00,10393.90,55912.75,11540.30,870,0,1,1668000.00,1,F1,30,,,,,
2026-04-10,2026-04-10,FO,NSE,IDO,67130,,BANKNIFTY,,2026-04-28,2026-04-28,43000.00,CE,BANKNIFTY26APR43000CE,0.00,0.00,0.00,8595.00,8595.00,8595.00,55912.75,13036.00,30,0,0,0.00,0,F1,30,,,,,
2026-04-10,2026-04-10,FO,NSE,IDF,66068,,BANKNIFTY,,2026-05-26,2026-05-26,,,BANKNIFTY26MAYFUT,55555.00,56347.00,55555.00,56294.00,56330.00,55323.60,55912.75,56294.00,339900,2490,3439,5790805146.00,2612,F1,30,,,,,
2026-04-10,2026-04-10,FO,NSE,IDO,66763,,BANKNIFTY,,2026-05-26,2026-05-26,51000.00,CE,BANKNIFTY26MAY51000CE,5139.95,5555.10,5136.75,5486.60,5486.60,4732.20,55912.75,5486.60,11580,-30,26,43962753.00,25,F1,30,,,,,
2026-04-10,2026-04-10,FO,NSE,IDO,66755,,BANKNIFTY,,2026-05-26,2026-05-26,50600.00,CE,BANKNIFTY26MAY50600CE,0.00,0.00,0.00,3603.00,3603.00,3603.00,55912.75,5855.25,720,0,0,0.00,0,F1,30,,,,,
2026-04-10,2026-04-10,FO,NSE,IDO,66644,,BANKNIFTY,,2026-05-26,2026-05-26,48600.00,CE,BANKNIFTY26MAY48600CE,0.00,0.00,0.00,13248.70,0.00,13248.70,55912.75,7734.60,0,0,0,0.00,0,F1,30,,,,,
2026-04-10,2026-04-10,FO,NSE,IDO,66638,,BANKNIFTY,,2026-05-26,2026-05-26,48400.00,CE,BANKNIFTY26MAY48400CE,0.00,0.00,0.00,13445.20,0.00,13445.20,55912.75,7927.70,0,0,0,0.00,0,F1,30,,,,,
2026-04-10,2026-04-10,FO,NSE,IDO,66582,,BANKNIFTY,,2026-05-26,2026-05-26,47400.00,CE,BANKNIFTY26MAY47400CE,0.00,0.00,0.00,14428.20,0.00,14428.20,55912.75,8901.50,0,0,0,0.00,0,F1,30,,,,,
2026-04-10,2026-04-10,FO,NSE,IDO,66574,,BANKNIFTY,,2026-05-26,2026-05-26,47200.00,CE,BANKNIFTY26MAY47200CE,0.00,0.00,0.00,14624.85,0.00,14624.85,55912.75,9097.55,0,0,0,0.00,0,F1,30,,,,,
2026-04-10,2026-04-10,FO,NSE,IDO,66480,,BANKNIFTY,,2026-05-26,2026-05-26,46300.00,CE,BANKNIFTY26MAY46300CE,0.00,0.00,0.00,15509.85,0.00,15509.85,55912.75,9983.25,0,0,0,0.00,0,F1,30,,,,,
2026-04-10,2026-04-10,FO,NSE,IDO,40394,,BANKNIFTY,,2026-05-26,2026-05-26,45300.00,CE,BANKNIFTY26MAY45300CE,0.00,0.00,0.00,15239.00,0.00,15239.00,55912.75,10971.65,0,0,0,0.00,0,F1,30,,,,,
2026-04-10,2026-04-10,FO,NSE,IDO,68184,,BANKNIFTY,,2026-04-28,2026-04-28,66100.00,CE,BANKNIFTY26APR66100CE,5.00,6.00,3.85,3.90,3.85,4.40,55912.75,3.90,7650,-2580,281,557266539.00,139,F1,30,,,,,
2026-04-10,2026-04-10,FO,NSE,IDO,68165,,BANKNIFTY,,2026-04-28,2026-04-28,65700.00,CE,BANKNIFTY26APR65700CE,5.35,6.95,3.90,4.10,4.30,5.10,55912.75,4.10,5040,810,264,520388629.50,199,F1,30,,,,,
2026-04-10,2026-04-10,FO,NSE,IDO,68156,,BANKNIFTY,,2026-04-28,2026-04-28,65500.00,CE,BANKNIFTY26APR65500CE,6.30,7.45,4.85,5.20,5.05,5.75,55912.75,5.20,15030,510,3591,7056939681.00,2036,F1,30,,,,,
2026-04-10,2026-04-10,FO,NSE,IDO,67773,,BANKNIFTY,,2026-04-28,2026-04-28,61400.00,CE,BANKNIFTY26APR61400CE,23.90,29.50,22.75,25.05,24.55,23.90,55912.75,25.05,9090,60,698,1286266266.00,358,F1,30,,,,,
2026-04-10,2026-04-10,FO,NSE,IDO,67769,,BANKNIFTY,,2026-04-28,2026-04-28,61300.00,CE,BANKNIFTY26APR61300CE,25.50,29.85,23.80,26.45,25.00,25.30,55912.75,26.45,14010,-840,1019,1874777827.50,559,F1,30,,,,,
2026-04-10,2026-04-10,FO,NSE,IDO,67767,,BANKNIFTY,,2026-04-28,2026-04-28,61200.00,CE,BANKNIFTY26APR61200CE,24.95,30.65,24.95,28.15,28.90,26.05,55912.75,28.15,15150,-11850,2094,3846364198.50,1176,F1,30,,,,,
2026-04-10,2026-04-10,FO,NSE,IDO,67726,,BANKNIFTY,,2026-04-28,2026-04-28,60600.00,CE,BANKNIFTY26APR60600CE,32.00,40.20,32.00,37.30,38.20,32.50,55912.75,37.30,21090,30,1236,2248400782.50,785,F1,30,,,,,
2026-04-10,2026-04-10,FO,NSE,IDO,67722,,BANKNIFTY,,2026-04-28,2026-04-28,60400.00,CE,BANKNIFTY26APR60400CE,36.95,43.45,35.95,41.20,43.30,35.20,55912.75,41.20,9420,-510,609,1104242629.50,356,F1,30,,,,,
2026-04-10,2026-04-10,FO,NSE,IDO,67694,,BANKNIFTY,,2026-04-28,2026-04-28,59000.00,CE,BANKNIFTY26APR59000CE,65.00,109.70,65.00,101.05,104.00,74.35,55912.75,101.05,741390,35460,56269,99760608199.50,33727,F1,30,,,,,
2026-04-10,2026-04-10,FO,NSE,IDO,67637,,BANKNIFTY,,2026-04-28,2026-04-28,58700.00,CE,BANKNIFTY26APR58700CE,97.00,138.25,97.00,128.90,129.15,91.80,55912.75,128.90,64170,-11310,4132,7291587163.50,2687,F1,30,,,,,
2026-04-10,2026-04-10,FO,NSE,IDO,67635,,BANKNIFTY,,2026-04-28,2026-04-28,58600.00,CE,BANKNIFTY26APR58600CE,114.30,149.70,105.90,140.10,142.45,98.65,55912.75,140.10,50760,-4560,3987,7025075217.00,2869,F1,30,,,,,
2026-04-10,2026-04-10,FO,NSE,IDO,67633,,BANKNIFTY,,2026-04-28,2026-04-28,58500.00,CE,BANKNIFTY26APR58500CE,113.00,162.50,105.50,152.15,156.35,105.05,55912.75,152.15,277500,6180,28753,50585631382.50,19680,F1,30,,,,,
2026-04-10,2026-04-10,FO,NSE,IDO,67534,,BANKNIFTY,,2026-04-28,2026-04-28,56300.00,CE,BANKNIFTY26APR56300CE,620.00,888.00,620.00,854.95,861.80,563.10,55912.75,854.95,45360,2310,8358,14320107364.50,6300,F1,30,,,,,
2026-04-10,2026-04-10,FO,NSE,IDO,67424,,BANKNIFTY,,2026-04-28,2026-04-28,51500.00,CE,BANKNIFTY26APR51500CE,4400.00,4722.75,4363.20,4696.75,4697.65,3844.65,55912.75,4696.75,144870,-5460,374,629154063.00,263,F1,30,,,,,
2026-04-10,2026-04-10,FO,NSE,IDO,67422,,BANKNIFTY,,2026-04-28,2026-04-28,51400.00,CE,BANKNIFTY26APR51400CE,4800.00,4800.00,4612.05,4699.50,4699.50,4000.00,55912.75,4694.45,19290,30,6,10102153.50,6,F1,30,,,,,
2026-04-10,2026-04-10,FO,NSE,IDO,67420,,BANKNIFTY,,2026-04-28,2026-04-28,51300.00,CE,BANKNIFTY26APR51300CE,4158.00,4914.00,4158.00,4877.15,4842.70,4032.85,55912.75,4877.15,21840,-1890,111,186744751.50,84,F1,30,,,,,
2026-04-10,2026-04-10,FO,NSE,IDO,67251,,BANKNIFTY,,2026-04-28,2026-04-28,47500.00,CE,BANKNIFTY26APR47500CE,0.00,0.00,0.00,8000.00,8000.00,8000.00,55912.75,8549.05,690,0,0,0.00,0,F1,30,,,,,
2026-04-10,2026-04-10,FO,NSE,IDO,76401,,BANKNIFTY,,2027-03-30,2027-03-30,58500.00,PE,BANKNIFTY27MAR58500PE,0.00,0.00,0.00,6512.10,0.00,6512.10,55912.75,4251.80,0,0,0,0.00,0,F1,30,,,,,
2026-04-10,2026-04-10,FO,NSE,IDO,76383,,BANKNIFTY,,2027-03-30,2027-03-30,45000.00,PE,BANKNIFTY27MAR45000PE,0.00,0.00,0.00,862.55,0.00,862.55,55912.75,454.20,0,0,0,0.00,0,F1,30,,,,,
2026-04-10,2026-04-10,FO,NSE,IDO,53249,,BANKNIFTY,,2026-12-29,2026-12-29,64500.00,PE,BANKNIFTY26DEC64500PE,0.00,0.00,0.00,4582.05,0.00,4582.05,55912.75,7733.50,0,0,0,0.00,0,F1,30,,,,,
2026-04-10,2026-04-10,FO,NSE,IDO,52273,,BANKNIFTY,,2026-09-29,2026-09-29,48000.00,PE,BANKNIFTY26SEP48000PE,0.00,0.00,0.00,602.25,0.00,602.25,55912.75,392.70,0,0,0,0.00,0,F1,30,,,,,
2026-04-10,2026-04-10,FO,NSE,IDO,75848,,BANKNIFTY,,2026-06-30,2026-06-30,60900.00,PE,BANKNIFTY26JUN60900PE,0.00,0.00,0.00,9619.45,0.00,9619.45,55912.75,4975.75,0,0,0,0.00,0,F1,30,,,,,
2026-04-10,2026-04-10,FO,NSE,IDO,75835,,BANKNIFTY,,2026-06-30,2026-06-30,60400.00,PE,BANKNIFTY26JUN60400PE,0.00,0.00,0.00,9147.45,0.00,9147.45,55912.75,4598.60,0,0,0,0.00,0,F1,30,,,,,
2026-04-10,2026-04-10,FO,NSE,IDO,75812,,BANKNIFTY,,2026-06-30,2026-06-30,59400.00,PE,BANKNIFTY26JUN59400PE,0.00,0.00,0.00,8215.20,0.00,8215.20,55912.75,3882.55,0,0,0,0.00,0,F1,30,,,,,
2026-04-10,2026-04-10,FO,NSE,IDO,75797,,BANKNIFTY,,2026-06-30,2026-06-30,58800.00,PE,BANKNIFTY26JUN58800PE,0.00,0.00,0.00,7665.05,0.00,7665.05,55912.75,3481.60,0,0,0,0.00,0,F1,30,,,,,
2026-04-10,2026-04-10,FO,NSE,IDO,75760,,BANKNIFTY,,2026-06-30,2026-06-30,58400.00,PE,BANKNIFTY26JUN58400PE,0.00,0.00,0.00,7302.95,0.00,7302.95,55912.75,3226.40,0,0,0,0.00,0,F1,30,,,,,
2026-04-10,2026-04-10,FO,NSE,IDO,75756,,BANKNIFTY,,2026-06-30,2026-06-30,58200.00,PE,BANKNIFTY26JUN58200PE,0.00,0.00,0.00,7123.40,0.00,7123.40,55912.75,3102.55,0,0,0,0.00,0,F1,30,,,,,
2026-04-10,2026-04-10,FO,NSE,IDO,75633,,BANKNIFTY,,2026-06-30,2026-06-30,56700.00,PE,BANKNIFTY26JUN56700PE,0.00,0.00,0.00,5815.90,0.00,5815.90,55912.75,2257.05,0,0,0,0.00,0,F1,30,,,,,
2026-04-10,2026-04-10,FO,NSE,IDO,67429,,BANKNIFTY,,2026-04-28,2026-04-28,51700.00,PE,BANKNIFTY26APR51700PE,219.40,221.85,169.80,173.10,170.90,314.95,55912.75,173.10,43530,-240,967,1505233729.50,568,F1,30,,,,,
2026-04-10,2026-04-10,FO,NSE,IDO,67223,,BANKNIFTY,,2026-04-28,2026-04-28,46400.00,CE,BANKNIFTY26APR46400CE,0.00,0.00,0.00,5780.85,5780.85,5780.85,55912.75,9645.75,210,0,0,0.00,0,F1,30,,,,,
2026-04-10,2026-04-10,FO,NSE,IDO,67318,,BANKNIFTY,,2026-04-28,2026-04-28,49000.00,CE,BANKNIFTY26APR49000CE,6549.95,7109.00,6549.95,7047.80,7076.60,6173.95,55912.75,7047.80,19020,180,74,123772600.50,44,F1,30,,,,,
2026-04-10,2026-04-10,FO,NSE,IDO,67324,,BANKNIFTY,,2026-04-28,2026-04-28,49100.00,CE,BANKNIFTY26APR49100CE,0.00,0.00,0.00,6700.10,6700.10,6700.10,55912.75,6955.50,1140,0,0,0.00,0,F1,30,,,,,
2026-04-10,2026-04-10,FO,NSE,IDO,67474,,BANKNIFTY,,2026-04-28,2026-04-28,54000.00,CE,BANKNIFTY26APR54000CE,1899.00,2500.00,1899.00,2456.10,2473.00,1804.20,55912.75,2456.10,391740,-59700,5666,9575040148.50,2890,F1,30,,,,,
2026-04-10,2026-04-10,FO,NSE,IDO,67532,,BANKNIFTY,,2026-04-28,2026-04-28,56200.00,CE,BANKNIFTY26APR56200CE,657.20,945.00,657.05,909.75,916.50,602.15,55912.75,909.75,48690,-13770,14600,24993926577.00,10706,F1,30,,,,,
2026-04-10,2026-04-10,FO,NSE,IDO,67536,,BANKNIFTY,,2026-04-28,2026-04-28,56400.00,CE,BANKNIFTY26APR56400CE,509.00,837.50,509.00,800.90,813.45,527.55,55912.75,800.90,31740,-5760,9670,16580786485.50,7036,F1,30,,,,,
2026-04-10,2026-04-10,FO,NSE,IDO,67554,,BANKNIFTY,,2026-04-28,2026-04-28,57300.00,CE,BANKNIFTY26APR57300CE,281.00,442.45,274.30,423.85,428.50,270.50,55912.75,423.85,54510,-3960,10653,18439858876.50,6768,F1,30,,,,,
2026-04-10,2026-04-10,FO,NSE,IDO,67611,,BANKNIFTY,,2026-04-28,2026-04-28,58000.00,CE,BANKNIFTY26APR58000CE,160.00,244.85,151.15,230.80,235.40,150.90,55912.75,230.80,1473270,12180,84590,147734791548.00,49243,F1,30,,,,,
2026-04-10,2026-04-10,FO,NSE,IDO,67631,,BANKNIFTY,,2026-04-28,2026-04-28,58400.00,CE,BANKNIFTY26APR58400CE,116.75,178.40,116.75,166.10,169.80,115.55,55912.75,166.10,40230,-6300,4903,8613381877.50,3467,F1,30,,,,,
2026-04-10,2026-04-10,FO,NSE,IDO,67687,,BANKNIFTY,,2026-04-28,2026-04-28,58900.00,CE,BANKNIFTY26APR58900CE,79.45,118.20,79.45,108.85,112.20,79.40,55912.75,108.85,45000,-10560,5988,10599687240.00,4195,F1,30,,,,,
2026-04-10,2026-04-10,FO,NSE,IDO,67879,,BANKNIFTY,,2026-04-28,2026-04-28,63600.00,CE,BANKNIFTY26APR63600CE,10.05,13.00,10.05,10.75,10.75,11.15,55912.75,10.75,1170,-1200,286,545790921.00,130,F1,30,,,,,
2026-04-10,2026-04-10,FO,NSE,IDO,67881,,BANKNIFTY,,2026-04-28,2026-04-28,63700.00,CE,BANKNIFTY26APR63700CE,12.00,12.65,9.65,10.15,10.50,11.15,55912.75,10.15,1380,-840,91,173931285.00,65,F1,30,,,,,
2026-04-10,2026-04-10,FO,NSE,IDO,67889,,BANKNIFTY,,2026-04-28,2026-04-28,64100.00,CE,BANKNIFTY26APR64100CE,9.25,12.00,8.35,9.10,8.35,9.25,55912.75,9.10,1320,-90,281,540446572.50,172,F1,30,,,,,
2026-04-10,2026-04-10,FO,NSE,IDO,67927,,BANKNIFTY,,2026-04-28,2026-04-28,65000.00,CE,BANKNIFTY26APR65000CE,8.00,8.65,6.20,6.45,6.35,7.05,55912.75,6.45,199110,4320,5573,10868531607.00,3293,F1,30,,,,,
2026-04-10,2026-04-10,FO,NSE,IDO,67983,,BANKNIFTY,,2026-04-28,2026-04-28,65300.00,CE,BANKNIFTY26APR65300CE,6.05,7.90,5.00,5.30,5.30,6.95,55912.75,5.30,3300,990,312,611270101.50,128,F1,30,,,,,
2026-04-10,2026-04-10,FO,NSE,IDO,67986,,BANKNIFTY,,2026-04-28,2026-04-28,65400.00,CE,BANKNIFTY26APR65400CE,6.60,7.95,4.60,5.65,4.60,5.30,55912.75,5.65,6450,5130,1389,2725477444.50,570,F1,30,,,,,
2026-04-10,2026-04-10,FO,NSE,IDO,66558,,BANKNIFTY,,2026-05-26,2026-05-26,46900.00,CE,BANKNIFTY26MAY46900CE,0.00,0.00,0.00,14919.80,0.00,14919.80,55912.75,9392.20,0,0,0,0.00,0,F1,30,,,,,
2026-04-10,2026-04-10,FO,NSE,IDO,66636,,BANKNIFTY,,2026-05-26,2026-05-26,48300.00,CE,BANKNIFTY26MAY48300CE,0.00,0.00,0.00,13543.45,0.00,13543.45,55912.75,8024.45,0,0,0,0.00,0,F1,30,,,,,
2026-04-10,2026-04-10,FO,NSE,IDO,67080,,BANKNIFTY,,2026-05-26,2026-05-26,52300.00,CE,BANKNIFTY26MAY52300CE,0.00,0.00,0.00,3917.20,3917.20,3917.20,55912.75,4380.40,1290,0,0,0.00,0,F1,30,,,,,
2026-04-10,2026-04-10,FO,NSE,IDO,67196,,BANKNIFTY,,2026-05-26,2026-05-26,53800.00,CE,BANKNIFTY26MAY53800CE,0.00,0.00,0.00,1520.00,1520.00,1520.00,55912.75,3228.05,4290,0,0,0.00,0,F1,30,,,,,
2026-04-10,2026-04-10,FO,NSE,IDO,67215,,BANKNIFTY,,2026-05-26,2026-05-26,54400.00,CE,BANKNIFTY26MAY54400CE,0.00,0.00,0.00,1193.45,1193.45,1193.45,55912.75,2816.90,1920,0,0,0.00,0,F1,30,,,,,
2026-04-10,2026-04-10,FO,NSE,IDO,67255,,BANKNIFTY,,2026-05-26,2026-05-26,54800.00,CE,BANKNIFTY26MAY54800CE,2500.00,2535.00,2357.40,2517.10,2448.65,2045.80,55912.75,2517.10,2580,-90,56,96142740.00,55,F1,30,,,,,
2026-04-10,2026-04-10,FO,NSE,IDO,67267,,BANKNIFTY,,2026-05-26,2026-05-26,55200.00,CE,BANKNIFTY26MAY55200CE,2050.00,2252.20,2001.15,2210.25,2246.05,1770.40,55912.75,2210.25,2550,-600,62,106682023.50,61,F1,30,,,,,
2026-04-10,2026-04-10,FO,NSE,IDO,67290,,BANKNIFTY,,2026-05-26,2026-05-26,56000.00,CE,BANKNIFTY26MAY56000CE,1484.90,1732.00,1484.60,1711.65,1725.80,1329.00,55912.75,1711.65,50850,10410,2359,4080478132.50,1733,F1,30,,,,,
2026-04-10,2026-04-10,FO,NSE,IDO,67564,,BANKNIFTY,,2026-05-26,2026-05-26,56400.00,CE,BANKNIFTY26MAY56400CE,1326.20,1502.05,1326.20,1489.55,1496.85,1169.65,55912.75,1489.55,5400,3480,204,354037933.50,139,F1,30,,,,,
2026-04-10,2026-04-10,FO,NSE,IDO,67578,,BANKNIFTY,,2026-05-26,2026-05-26,57000.00,CE,BANKNIFTY26MAY57000CE,970.00,1185.65,970.00,1162.15,1179.55,875.05,55912.75,1162.15,128520,22920,3358,5854329105.00,2202,F1,30,,,,,
2026-04-10,2026-04-10,FO,NSE,IDO,67580,,BANKNIFTY,,2026-05-26,2026-05-26,57100.00,CE,BANKNIFTY26MAY57100CE,1130.55,1176.30,1033.65,1176.30,1176.30,813.00,55912.75,1176.30,2700,30,3,5239215.00,3,F1,30,,,,,
2026-04-10,2026-04-10,FO,NSE,IDO,67589,,BANKNIFTY,,2026-05-26,2026-05-26,57500.00,CE,BANKNIFTY26MAY57500CE,774.00,948.00,774.00,932.90,941.35,692.00,55912.75,932.90,76560,-2160,1105,1935333343.50,717,F1,30,,,,,
2026-04-10,2026-04-10,FO,NSE,IDO,67596,,BANKNIFTY,,2026-05-26,2026-05-26,57800.00,CE,BANKNIFTY26MAY57800CE,752.45,808.80,748.65,794.45,794.45,606.30,55912.75,794.45,3660,30,7,12300853.50,7,F1,30,,,,,
2026-04-10,2026-04-10,FO,NSE,IDO,67660,,BANKNIFTY,,2026-05-26,2026-05-26,59000.00,CE,BANKNIFTY26MAY59000CE,374.55,458.40,374.55,444.90,455.95,337.75,55912.75,444.90,55320,1860,2893,5157286551.00,1885,F1,30,,,,,
2026-04-10,2026-04-10,FO,NSE,IDO,67992,,BANKNIFTY,,2026-05-26,2026-05-26,59900.00,CE,BANKNIFTY26MAY59900CE,228.00,283.95,228.00,283.95,283.95,206.10,55912.75,283.95,2400,1740,103,185895340.50,70,F1,30,,,,,
2026-04-10,2026-04-10,FO,NSE,IDO,68092,,BANKNIFTY,,2026-05-26,2026-05-26,61500.00,CE,BANKNIFTY26MAY61500CE,114.80,135.20,108.75,123.05,127.00,112.70,55912.75,123.05,7920,2550,301,556455687.00,184,F1,30,,,,,
2026-04-10,2026-04-10,FO,NSE,IDO,68108,,BANKNIFTY,,2026-05-26,2026-05-26,62100.00,CE,BANKNIFTY26MAY62100CE,0.00,0.00,0.00,81.90,81.90,81.90,55912.75,216.10,270,0,0,0.00,0,F1,30,,,,,
2026-04-10,2026-04-10,FO,NSE,IDO,68154,,BANKNIFTY,,2026-05-26,2026-05-26,64100.00,CE,BANKNIFTY26MAY64100CE,0.00,0.00,0.00,69.95,69.95,69.95,55912.75,85.65,300,0,0,0.00,0,F1,30,,,,,
2026-04-10,2026-04-10,FO,NSE,IDO,68166,,BANKNIFTY,,2026-05-26,2026-05-26,64400.00,CE,BANKNIFTY26MAY64400CE,0.00,0.00,0.00,46.20,46.20,46.20,55912.75,73.90,390,0,0,0.00,0,F1,30,,,,,
2026-04-10,2026-04-10,FO,NSE,IDO,68207,,BANKNIFTY,,2026-05-26,2026-05-26,65500.00,CE,BANKNIFTY26MAY65500CE,25.00,26.25,23.95,24.90,24.90,23.50,55912.75,24.90,1230,-30,9,17691763.50,9,F1,30,,,,,
2026-04-10,2026-04-10,FO,NSE,IDO,68221,,BANKNIFTY,,2026-05-26,2026-05-26,66000.00,CE,BANKNIFTY26MAY66000CE,21.00,23.00,19.50,19.60,19.50,20.90,55912.75,19.60,5910,-90,51,101012202.00,32,F1,30,,,,,
2026-04-10,2026-04-10,FO,NSE,IDO,75004,,BANKNIFTY,,2026-06-30,2026-06-30,44500.00,CE,BANKNIFTY26JUN44500CE,0.00,0.00,0.00,6735.30,0.00,6735.30,55912.75,12041.55,0,0,0,0.00,0,F1,30,,,,,
2026-04-10,2026-04-10,FO,NSE,IDO,75286,,BANKNIFTY,,2026-06-30,2026-06-30,49900.00,CE,BANKNIFTY26JUN49900CE,0.00,0.00,0.00,2653.05,0.00,2653.05,55912.75,6964.55,0,0,0,0.00,0,F1,30,,,,,
2026-04-10,2026-04-10,FO,NSE,IDO,75292,,BANKNIFTY,,2026-06-30,2026-06-30,50200.00,CE,BANKNIFTY26JUN50200CE,0.00,0.00,0.00,2484.75,0.00,2484.75,55912.75,6703.85,0,0,0,0.00,0,F1,30,,,,,
2026-04-10,2026-04-10,FO,NSE,IDO,75442,,BANKNIFTY,,2026-06-30,2026-06-30,51800.00,CE,BANKNIFTY26JUN51800CE,5406.90,5406.90,5406.90,5406.90,5406.90,4774.35,55912.75,5406.90,420,-30,1,1716207.00,1,F1,30,,,,,
2026-04-10,2026-04-10,FO,NSE,IDO,75567,,BANKNIFTY,,2026-06-30,2026-06-30,53400.00,CE,BANKNIFTY26JUN53400CE,0.00,0.00,0.00,1118.70,0.00,1118.70,55912.75,4187.70,0,0,0,0.00,0,F1,30,,,,,
2026-04-10,2026-04-10,FO,NSE,IDO,75602,,BANKNIFTY,,2026-06-30,2026-06-30,55100.00,CE,BANKNIFTY26JUN55100CE,2883.50,2883.50,2850.00,2850.00,2850.00,680.70,55912.75,3098.55,30,30,3,5216605.50,3,F1,30,,,,,
2026-04-10,2026-04-10,FO,NSE,IDO,75624,,BANKNIFTY,,2026-06-30,2026-06-30,56300.00,CE,BANKNIFTY26JUN56300CE,0.00,0.00,0.00,2102.95,2102.95,2102.95,55912.75,2448.15,120,0,0,0.00,0,F1,30,,,,,
2026-04-10,2026-04-10,FO,NSE,IDO,75753,,BANKNIFTY,,2026-06-30,2026-06-30,58100.00,CE,BANKNIFTY26JUN58100CE,0.00,0.00,0.00,250.15,0.00,250.15,55912.75,1657.15,0,0,0,0.00,0,F1,30,,,,,
2026-04-10,2026-04-10,FO,NSE,IDO,75757,,BANKNIFTY,,2026-06-30,2026-06-30,58300.00,CE,BANKNIFTY26JUN58300CE,0.00,0.00,0.00,232.75,0.00,232.75,55912.75,1582.50,0,0,0,0.00,0,F1,30,,,,,
2026-04-10,2026-04-10,FO,NSE,IDO,75838,,BANKNIFTY,,2026-06-30,2026-06-30,60500.00,CE,BANKNIFTY26JUN60500CE,0.00,0.00,0.00,100.65,0.00,100.65,55912.75,921.75,0,0,0,0.00,0,F1,30,,,,,
2026-04-10,2026-04-10,FO,NSE,IDO,52297,,BANKNIFTY,,2026-09-29,2026-09-29,55500.00,CE,BANKNIFTY26SEP55500CE,0.00,0.00,0.00,5045.05,0.00,5045.05,55912.75,4340.10,0,0,0,0.00,0,F1,30,,,,,
2026-04-10,2026-04-10,FO,NSE,IDO,52360,,BANKNIFTY,,2026-09-29,2026-09-29,60000.00,CE,BANKNIFTY26SEP60000CE,0.00,0.00,0.00,3017.70,0.00,3017.70,55912.75,2311.75,0,0,0,0.00,0,F1,30,,,,,
2026-04-10,2026-04-10,FO,NSE,IDO,76400,,BANKNIFTY,,2027-03-30,2027-03-30,58500.00,CE,BANKNIFTY27MAR58500CE,0.00,0.00,0.00,2367.80,0.00,2367.80,55912.75,5115.95,0,0,0,0.00,0,F1,30,,,,,
2026-04-10,2026-04-10,FO,NSE,IDO,67168,,BANKNIFTY,,2026-04-28,2026-04-28,45600.00,PE,BANKNIFTY26APR45600PE,0.00,0.00,0.00,0.20,0.00,0.20,55912.75,0.00,0,0,0,0.00,0,F1,30,,,,,
2026-04-10,2026-04-10,FO,NSE,IDO,67208,,BANKNIFTY,,2026-04-28,2026-04-28,46000.00,PE,BANKNIFTY26APR46000PE,44.60,47.00,23.00,25.20,24.75,46.90,55912.75,25.20,240660,52740,10284,14200632652.50,4543,F1,30,,,,,
2026-04-10,2026-04-10,FO,NSE,IDO,67242,,BANKNIFTY,,2026-04-28,2026-04-28,47100.00,PE,BANKNIFTY26APR47100PE,66.55,66.55,34.20,37.45,34.65,66.55,55912.75,37.45,18720,1140,380,537406947.00,216,F1,30,,,,,
2026-04-10,2026-04-10,FO,NSE,IDO,67244,,BANKNIFTY,,2026-04-28,2026-04-28,47200.00,PE,BANKNIFTY26APR47200PE,0.00,0.00,0.00,1.00,0.00,1.00,55912.75,0.10,0,0,0,0.00,0,F1,30,,,,,
2026-04-10,2026-04-10,FO,NSE,IDO,67302,,BANKNIFTY,,2026-04-28,2026-04-28,48300.00,PE,BANKNIFTY26APR48300PE,80.00,80.00,53.00,53.90,53.00,93.55,55912.75,53.90,6420,1140,513,744274938.00,231,F1,30,,,,,
2026-04-10,2026-04-10,FO,NSE,IDO,67310,,BANKNIFTY,,2026-04-28,2026-04-28,48700.00,PE,BANKNIFTY26APR48700PE,69.85,75.50,59.45,62.20,60.70,105.85,55912.75,62.20,4560,-570,311,455004556.50,163,F1,30,,,,,
2026-04-10,2026-04-10,FO,NSE,IDO,67314,,BANKNIFTY,,2026-04-28,2026-04-28,48800.00,PE,BANKNIFTY26APR48800PE,81.05,81.05,62.30,64.70,64.65,109.65,55912.75,64.70,10530,-2430,461,675923482.50,208,F1,30,,,,,
2026-04-10,2026-04-10,FO,NSE,IDO,67393,,BANKNIFTY,,2026-04-28,2026-04-28,50000.00,PE,BANKNIFTY26APR50000PE,148.00,148.00,93.00,96.15,97.00,167.70,55912.75,96.15,599460,71880,29609,44506245739.50,12893,F1,30,,,,,
2026-04-10,2026-04-10,FO,NSE,IDO,67445,,BANKNIFTY,,2026-04-28,2026-04-28,52500.00,PE,BANKNIFTY26APR52500PE,390.00,390.00,224.75,233.45,235.00,420.90,55912.75,233.45,226590,1410,14383,22761203800.50,9811,F1,30,,,,,
2026-04-10,2026-04-10,FO,NSE,IDO,67467,,BANKNIFTY,,2026-04-28,2026-04-28,53600.00,PE,BANKNIFTY26APR53600PE,493.45,493.45,342.60,352.15,350.00,645.65,55912.75,352.15,19740,1080,1760,2850683656.50,1268,F1,30,,,,,
2026-04-10,2026-04-10,FO,NSE,IDO,67477,,BANKNIFTY,,2026-04-28,2026-04-28,54100.00,PE,BANKNIFTY26APR54100PE,545.90,545.90,423.50,438.95,430.45,789.00,55912.75,438.95,26640,390,2679,4386579315.00,1689,F1,30,,,,,
2026-04-10,2026-04-10,FO,NSE,IDO,67529,,BANKNIFTY,,2026-04-28,2026-04-28,56000.00,PE,BANKNIFTY26APR56000PE,1382.05,1413.45,937.10,966.00,962.80,1601.60,55912.75,966.00,459060,179370,55377,94757619091.50,37252,F1,30,,,,,
2026-04-10,2026-04-10,FO,NSE,IDO,67729,,BANKNIFTY,,2026-04-28,2026-04-28,60700.00,PE,BANKNIFTY26APR60700PE,0.00,0.00,0.00,4900.00,4900.00,4900.00,55912.75,4669.00,1260,0,0,0.00,0,F1,30,,,,,
2026-04-10,2026-04-10,FO,NSE,IDO,67859,,BANKNIFTY,,2026-04-28,2026-04-28,63100.00,PE,BANKNIFTY26APR63100PE,0.00,0.00,0.00,10393.50,10393.50,10393.50,55912.75,7012.55,60,0,0,0.00,0,F1,30,,,,,
2026-04-10,2026-04-10,FO,NSE,IDO,67867,,BANKNIFTY,,2026-04-28,2026-04-28,63400.00,PE,BANKNIFTY26APR63400PE,0.00,0.00,0.00,10690.60,10690.60,10690.60,55912.75,7310.05,210,0,0,0.00,0,F1,30,,,,,
2026-04-10,2026-04-10,FO,NSE,IDO,67922,,BANKNIFTY,,2026-04-28,2026-04-28,64700.00,PE,BANKNIFTY26APR64700PE,0.00,0.00,0.00,11578.15,11578.15,11578.15,55912.75,8602.95,60,0,0,0.00,0,F1,30,,,,,
2026-04-10,2026-04-10,FO,NSE,IDO,67940,,BANKNIFTY,,2026-04-28,2026-04-28,65100.00,PE,BANKNIFTY26APR65100PE,0.00,0.00,0.00,10741.15,10741.15,10741.15,55912.75,9001.40,30,0,0,0.00,0,F1,30,,,,,
2026-04-10,2026-04-10,FO,NSE,IDO,66552,,BANKNIFTY,,2026-05-26,2026-05-26,46700.00,PE,BANKNIFTY26MAY46700PE,0.00,0.00,0.00,0.15,0.00,0.15,55912.75,8.70,0,0,0,0.00,0,F1,30,,,,,
2026-04-10,2026-04-10,FO,NSE,IDO,66628,,BANKNIFTY,,2026-05-26,2026-05-26,48100.00,PE,BANKNIFTY26MAY48100PE,0.00,0.00,0.00,0.65,0.00,0.65,55912.75,27.15,0,0,0,0.00,0,F1,30,,,,,
2026-04-10,2026-04-10,FO,NSE,IDO,66643,,BANKNIFTY,,2026-05-26,2026-05-26,48500.00,PE,BANKNIFTY26MAY48500PE,235.00,235.00,194.60,199.05,203.80,313.90,55912.75,199.05,7260,-120,46,67224408.00,37,F1,30,,,,,
2026-04-10,2026-04-10,FO,NSE,IDO,66666,,BANKNIFTY,,2026-05-26,2026-05-26,49600.00,PE,BANKNIFTY26MAY49600PE,0.00,0.00,0.00,2.70,0.00,2.70,55912.75,77.95,0,0,0,0.00,0,F1,30,,,,,
2026-04-10,2026-04-10,FO,NSE,IDO,66676,,BANKNIFTY,,2026-05-26,2026-05-26,49800.00,PE,BANKNIFTY26MAY49800PE,0.00,0.00,0.00,3.20,0.00,3.20,55912.75,88.60,0,0,0,0.00,0,F1,30,,,,,
2026-04-10,2026-04-10,FO,NSE,IDO,66758,,BANKNIFTY,,2026-05-26,2026-05-26,50700.00,PE,BANKNIFTY26MAY50700PE,0.00,0.00,0.00,6.75,0.00,6.75,55912.75,152.85,0,0,0,0.00,0,F1,30,,,,,
2026-04-10,2026-04-10,FO,NSE,IDO,66817,,BANKNIFTY,,2026-05-26,2026-05-26,52000.00,PE,BANKNIFTY26MAY52000PE,592.00,592.00,462.20,473.55,475.15,724.10,55912.75,473.55,75060,12600,2106,3317104341.00,1386,F1,30,,,,,
2026-04-10,2026-04-10,FO,NSE,IDO,67085,,BANKNIFTY,,2026-05-26,2026-05-26,52400.00,PE,BANKNIFTY26MAY52400PE,546.95,549.25,538.95,545.65,545.65,599.00,55912.75,373.50,1050,-120,7,11118202.50,7,F1,30,,,,,
2026-04-10,2026-04-10,FO,NSE,IDO,67102,,BANKNIFTY,,2026-05-26,2026-05-26,52900.00,PE,BANKNIFTY26MAY52900PE,0.00,0.00,0.00,782.15,782.15,782.15,55912.75,471.00,1680,0,0,0.00,0,F1,30,,,,,
2026-04-10,2026-04-10,FO,NSE,IDO,67115,,BANKNIFTY,,2026-05-26,2026-05-26,53000.00,PE,BANKNIFTY26MAY53000PE,859.45,859.65,602.05,616.40,632.65,925.15,55912.75,616.40,77400,21600,2802,4509647436.00,1591,F1,30,,,,,
2026-04-10,2026-04-10,FO,NSE,IDO,67260,,BANKNIFTY,,2026-05-26,2026-05-26,55000.00,PE,BANKNIFTY26MAY55000PE,1414.40,1414.40,1056.75,1076.85,1069.05,1556.65,55912.75,1076.85,45870,8550,1574,2650392687.00,1118,F1,30,,,,,
2026-04-10,2026-04-10,FO,NSE,IDO,67287,,BANKNIFTY,,2026-05-26,2026-05-26,55800.00,PE,BANKNIFTY26MAY55800PE,1478.00,1478.00,1316.25,1333.70,1316.25,1876.00,55912.75,1333.70,2820,810,133,228171601.50,104,F1,30,,,,,
2026-04-10,2026-04-10,FO,NSE,IDO,67565,,BANKNIFTY,,2026-05-26,2026-05-26,56400.00,PE,BANKNIFTY26MAY56400PE,1737.45,1752.10,1620.00,1620.00,1620.00,1713.15,55912.75,1721.95,3270,540,30,52283556.00,29,F1,30,,,,,
2026-04-10,2026-04-10,FO,NSE,IDO,67579,,BANKNIFTY,,2026-05-26,2026-05-26,57000.00,PE,BANKNIFTY26MAY57000PE,2157.25,2157.25,1809.05,1861.15,1834.00,2528.60,55912.75,1861.15,28860,-870,566,1000535175.00,453,F1,30,,,,,
2026-04-10,2026-04-10,FO,NSE,IDO,67581,,BANKNIFTY,,2026-05-26,2026-05-26,57100.00,PE,BANKNIFTY26MAY57100PE,2049.05,2056.25,1892.05,1892.05,1892.05,2074.55,55912.75,1892.05,570,300,18,31924600.50,16,F1,30,,,,,
2026-04-10,2026-04-10,FO,NSE,IDO,67593,,BANKNIFTY,,2026-05-26,2026-05-26,57600.00,PE,BANKNIFTY26MAY57600PE,0.00,0.00,0.00,6937.45,6942.15,6937.45,55912.75,2405.20,180,0,0,0.00,0,F1,30,,,,,
2026-04-10,2026-04-10,FO,NSE,IDO,67603,,BANKNIFTY,,2026-05-26,2026-05-26,58000.00,PE,BANKNIFTY26MAY58000PE,2790.05,2790.05,2359.15,2395.90,2359.15,3149.50,55912.75,2395.90,119700,-19680,3214,5834873061.00,1622,F1,30,,,,,
2026-04-10,2026-04-10,FO,NSE,IDO,67619,,BANKNIFTY,,2026-05-26,2026-05-26,58400.00,PE,BANKNIFTY26MAY58400PE,0.00,0.00,0.00,7773.15,7773.15,7773.15,55912.75,2929.70,240,0,0,0.00,0,F1,30,,,,,
2026-04-10,2026-04-10,FO,NSE,IDO,68091,,BANKNIFTY,,2026-05-26,2026-05-26,61400.00,PE,BANKNIFTY26MAY61400PE,0.00,0.00,0.00,6667.60,6667.60,6667.60,55912.75,5295.35,90,0,0,0.00,0,F1,30,,,,,
2026-04-10,2026-04-10,FO,NSE,IDO,68143,,BANKNIFTY,,2026-05-26,2026-05-26,63600.00,PE,BANKNIFTY26MAY63600PE,0.00,0.00,0.00,10249.10,10249.10,10249.10,55912.75,7295.70,30,0,0,0.00,0,F1,30,,,,,
2026-04-10,2026-04-10,FO,NSE,IDO,68212,,BANKNIFTY,,2026-05-26,2026-05-26,65600.00,PE,BANKNIFTY26MAY65600PE,0.00,0.00,0.00,10948.45,10948.45,10948.45,55912.75,9210.90,600,0,0,0.00,0,F1,30,,,,,
2026-04-10,2026-04-10,FO,NSE,IDO,68432,,BANKNIFTY,,2026-05-26,2026-05-26,68000.00,PE,BANKNIFTY26MAY68000PE,0.00,0.00,0.00,6136.10,0.00,6136.10,55912.75,11562.55,0,0,0,0.00,0,F1,30,,,,,
2026-04-10,2026-04-10,FO,NSE,IDO,75072,,BANKNIFTY,,2026-06-30,2026-06-30,45500.00,PE,BANKNIFTY26JUN45500PE,0.00,0.00,0.00,265.95,0.00,265.95,55912.75,26.70,0,0,0,0.00,0,F1,30,,,,,
2026-04-10,2026-04-10,FO,NSE,IDO,75109,,BANKNIFTY,,2026-06-30,2026-06-30,46000.00,PE,BANKNIFTY26JUN46000PE,249.10,249.25,230.00,230.00,230.00,329.60,55912.75,36.25,2820,-480,89,123453508.50,25,F1,30,,,,,
2026-04-10,2026-04-10,FO,NSE,IDO,75189,,BANKNIFTY,,2026-06-30,2026-06-30,47500.00,PE,BANKNIFTY26JUN47500PE,0.00,0.00,0.00,617.95,0.00,617.95,55912.75,84.15,0,0,0,0.00,0,F1,30,,,,,
2026-04-10,2026-04-10,FO,NSE,IDO,75250,,BANKNIFTY,,2026-06-30,2026-06-30,48400.00,PE,BANKNIFTY26JUN48400PE,0.00,0.00,0.00,855.60,0.00,855.60,55912.75,132.60,0,0,0,0.00,0,F1,30,,,,,
2026-04-10,2026-04-10,FO,NSE,IDO,75252,,BANKNIFTY,,2026-06-30,2026-06-30,48500.00,PE,BANKNIFTY26JUN48500PE,0.00,0.00,0.00,885.60,0.00,885.60,55912.75,139.15,0,0,0,0.00,0,F1,30,,,,,
2026-04-10,2026-04-10,FO,NSE,IDO,57707,,BANKNIFTY,,2026-06-30,2026-06-30,49500.00,PE,BANKNIFTY26JUN49500PE,530.10,530.10,446.20,478.00,478.00,608.45,55912.75,220.60,2070,-30,4,5997579.00,4,F1,30,,,,,
2026-04-10,2026-04-10,FO,NSE,IDO,75281,,BANKNIFTY,,2026-06-30,2026-06-30,49600.00,PE,BANKNIFTY26JUN49600PE,0.00,0.00,0.00,1264.50,0.00,1264.50,55912.75,230.50,0,0,0,0.00,0,F1,30,,,,,
2026-04-10,2026-04-10,FO,NSE,IDO,75406,,BANKNIFTY,,2026-06-30,2026-06-30,50400.00,PE,BANKNIFTY26JUN50400PE,0.00,0.00,0.00,1446.20,1446.20,1446.20,55912.75,322.85,510,0,0,0.00,0,F1,30,,,,,
2026-04-10,2026-04-10,FO,NSE,IDO,75447,,BANKNIFTY,,2026-06-30,2026-06-30,52000.00,PE,BANKNIFTY26JUN52000PE,762.00,774.65,689.95,693.45,691.00,938.80,55912.75,693.45,17370,2190,219,346362805.50,145,F1,30,,,,,
2026-04-10,2026-04-10,FO,NSE,IDO,57718,,BANKNIFTY,,2026-06-30,2026-06-30,52500.00,PE,BANKNIFTY26JUN52500PE,1000.05,1000.05,771.00,777.10,776.30,1053.05,55912.75,777.10,10680,540,85,135935727.00,60,F1,30,,,,,
2026-04-10,2026-04-10,FO,NSE,IDO,75466,,BANKNIFTY,,2026-06-30,2026-06-30,52800.00,PE,BANKNIFTY26JUN52800PE,0.00,0.00,0.00,2896.30,0.00,2896.30,55912.75,777.25,0,0,0,0.00,0,F1,30,,,,,
2026-04-10,2026-04-10,FO,NSE,IDO,75831,,BANKNIFTY,,2026-06-30,2026-06-30,60200.00,PE,BANKNIFTY26JUN60200PE,0.00,0.00,0.00,8959.65,0.00,8959.65,55912.75,4449.05,0,0,0,0.00,0,F1,30,,,,,
2026-04-10,2026-04-10,FO,NSE,IDO,52427,,BANKNIFTY,,2026-09-29,2026-09-29,67500.00,PE,BANKNIFTY26SEP67500PE,0.00,0.00,0.00,9969.75,0.00,9969.75,55912.75,10262.80,0,0,0,0.00,0,F1,30,,,,,
2026-04-10,2026-04-10,FO,NSE,IDO,53227,,BANKNIFTY,,2026-12-29,2026-12-29,55500.00,PE,BANKNIFTY26DEC55500PE,0.00,0.00,0.00,1066.65,0.00,1066.65,55912.75,2686.55,0,0,0,0.00,0,F1,30,,,,,
2026-04-10,2026-04-10,FO,NSE,IDO,76391,,BANKNIFTY,,2027-03-30,2027-03-30,51000.00,PE,BANKNIFTY27MAR51000PE,0.00,0.00,0.00,2587.90,0.00,2587.90,55912.75,1505.10,0,0,0,0.00,0,F1,30,,,,,
2026-04-10,2026-04-10,FO,NSE,IDO,76393,,BANKNIFTY,,2027-03-30,2027-03-30,52500.00,PE,BANKNIFTY27MAR52500PE,0.00,0.00,0.00,3218.25,0.00,3218.25,55912.75,1916.10,0,0,0,0.00,0,F1,30,,,,,
2026-04-10,2026-04-10,FO,NSE,IDO,76395,,BANKNIFTY,,2027-03-30,2027-03-30,54000.00,PE,BANKNIFTY27MAR54000PE,0.00,0.00,0.00,3928.75,0.00,3928.75,55912.75,2393.50,0,0,0,0.00,0,F1,30,,,,,
2026-04-10,2026-04-10,FO,NSE,IDO,38320,,BANKNIFTY,,2026-05-26,2026-05-26,45900.00,PE,BANKNIFTY26MAY45900PE,0.00,0.00,0.00,0.05,0.00,0.05,55912.75,4.20,0,0,0,0.00,0,F1,30,,,,,
2026-04-10,2026-04-10,FO,NSE,IDO,66602,,BANKNIFTY,,2026-05-26,2026-05-26,47500.00,PE,BANKNIFTY26MAY47500PE,75.60,75.60,75.60,75.60,75.60,0.35,55912.75,17.00,30,30,1,1427268.00,1,F1,30,,,,,
2026-04-10,2026-04-10,FO,NSE,IDO,67191,,BANKNIFTY,,2026-05-26,2026-05-26,53700.00,PE,BANKNIFTY26MAY53700PE,806.05,806.85,745.00,745.00,745.00,1103.20,55912.75,745.00,2310,150,48,78463501.50,13,F1,30,,,,,
2026-04-10,2026-04-10,FO,NSE,IDO,67268,,BANKNIFTY,,2026-05-26,2026-05-26,55200.00,PE,BANKNIFTY26MAY55200PE,1177.00,1211.05,1115.00,1123.05,1126.00,1628.10,55912.75,1123.05,2850,-180,29,49030372.50,18,F1,30,,,,,
2026-04-10,2026-04-10,FO,NSE,IDO,67295,,BANKNIFTY,,2026-05-26,2026-05-26,56200.00,PE,BANKNIFTY26MAY56200PE,1574.25,1585.00,1465.05,1497.05,1505.05,2100.55,55912.75,1497.05,4200,270,47,81392221.50,41,F1,30,,,,,
2026-04-10,2026-04-10,FO,NSE,IDO,67575,,BANKNIFTY,,2026-05-26,2026-05-26,56900.00,PE,BANKNIFTY26MAY56900PE,2016.00,2016.00,1821.30,1876.55,1876.55,1966.00,55912.75,1990.95,990,540,22,38773186.50,19,F1,30,,,,,
2026-04-10,2026-04-10,FO,NSE,IDO,67615,,BANKNIFTY,,2026-05-26,2026-05-26,58200.00,PE,BANKNIFTY26MAY58200PE,2620.00,2622.00,2500.00,2526.30,2530.00,4219.80,55912.75,2526.30,330,90,15,27346860.00,11,F1,30,,,,,
2026-04-10,2026-04-10,FO,NSE,IDO,67621,,BANKNIFTY,,2026-05-26,2026-05-26,58500.00,PE,BANKNIFTY26MAY58500PE,3035.30,3039.90,2637.95,2637.95,2637.95,3523.55,55912.75,2637.95,30210,12810,1992,3664311709.50,1040,F1,30,,,,,
2026-04-10,2026-04-10,FO,NSE,IDO,67814,,BANKNIFTY,,2026-05-26,2026-05-26,59700.00,PE,BANKNIFTY26MAY59700PE,0.00,0.00,0.00,6368.55,6368.55,6368.55,55912.75,3887.05,150,0,0,0.00,0,F1,30,,,,,
2026-04-10,2026-04-10,FO,NSE,IDO,68003,,BANKNIFTY,,2026-05-26,2026-05-26,60100.00,PE,BANKNIFTY26MAY60100PE,0.00,0.00,0.00,5717.10,5717.10,5717.10,55912.75,4204.15,60,0,0,0.00,0,F1,30,,,,,
2026-04-10,2026-04-10,FO,NSE,IDO,68081,,BANKNIFTY,,2026-05-26,2026-05-26,61000.00,PE,BANKNIFTY26MAY61000PE,4955.00,4955.00,4700.00,4939.00,4939.00,5661.40,55912.75,4950.65,7140,420,16,31590822.00,16,F1,30,,,,,
2026-04-10,2026-04-10,FO,NSE,IDO,68113,,BANKNIFTY,,2026-05-26,2026-05-26,62300.00,PE,BANKNIFTY26MAY62300PE,0.00,0.00,0.00,7536.90,7536.90,7536.90,55912.75,6094.85,60,0,0,0.00,0,F1,30,,,,,
2026-04-10,2026-04-10,FO,NSE,IDO,68119,,BANKNIFTY,,2026-05-26,2026-05-26,62500.00,PE,BANKNIFTY26MAY62500PE,0.00,0.00,0.00,6264.30,6200.00,6264.30,55912.75,6276.45,1830,0,0,0.00,0,F1,30,,,,,
2026-04-10,2026-04-10,FO,NSE,IDO,68121,,BANKNIFTY,,2026-05-26,2026-05-26,62600.00,PE,BANKNIFTY26MAY62600PE,0.00,0.00,0.00,9296.10,9296.10,9296.10,55912.75,6367.70,60,0,0,0.00,0,F1,30,,,,,
2026-04-10,2026-04-10,FO,NSE,IDO,68127,,BANKNIFTY,,2026-05-26,2026-05-26,62800.00,PE,BANKNIFTY26MAY62800PE,0.00,0.00,0.00,9484.15,9484.15,9484.15,55912.75,6551.15,60,0,0,0.00,0,F1,30,,,,,
2026-04-10,2026-04-10,FO,NSE,IDO,76426,,BANKNIFTY,,2027-03-30,2027-03-30,63000.00,PE,BANKNIFTY27MAR63000PE,0.00,0.00,0.00,9669.30,0.00,9669.30,55912.75,6718.55,0,0,0,0.00,0,F1,30,,,,,
2026-04-10,2026-04-10,FO,NSE,IDO,76385,,BANKNIFTY,,2027-03-30,2027-03-30,46500.00,PE,BANKNIFTY27MAR46500PE,0.00,0.00,0.00,1180.70,0.00,1180.70,55912.75,637.05,0,0,0,0.00,0,F1,30,,,,,
2026-04-10,2026-04-10,FO,NSE,IDO,53219,,BANKNIFTY,,2026-12-29,2026-12-29,49500.00,PE,BANKNIFTY26DEC49500PE,0.00,0.00,0.00,232.05,0.00,232.05,55912.75,913.30,0,0,0,0.00,0,F1,30,,,,,
2026-04-10,2026-04-10,FO,NSE,IDO,53197,,BANKNIFTY,,2026-12-29,2026-12-29,43500.00,PE,BANKNIFTY26DEC43500PE,0.00,0.00,0.00,25.15,0.00,25.15,55912.75,192.65,0,0,0,0.00,0,F1,30,,,,,
2026-04-10,2026-04-10,FO,NSE,IDO,52440,,BANKNIFTY,,2026-09-29,2026-09-29,69000.00,PE,BANKNIFTY26SEP69000PE,0.00,0.00,0.00,11161.45,0.00,11161.45,55912.75,11558.25,0,0,0,0.00,0,F1,30,,,,,
2026-04-10,2026-04-10,FO,NSE,IDO,52413,,BANKNIFTY,,2026-09-29,2026-09-29,64500.00,PE,BANKNIFTY26SEP64500PE,0.00,0.00,0.00,7730.90,0.00,7730.90,55912.75,7816.30,0,0,0,0.00,0,F1,30,,,,,
2026-04-10,2026-04-10,FO,NSE,IDO,52269,,BANKNIFTY,,2026-09-29,2026-09-29,45000.00,PE,BANKNIFTY26SEP45000PE,0.00,0.00,0.00,267.15,0.00,267.15,55912.75,142.40,0,0,0,0.00,0,F1,30,,,,,
2026-04-10,2026-04-10,FO,NSE,IDO,57779,,BANKNIFTY,,2026-06-30,2026-06-30,66000.00,PE,BANKNIFTY26JUN66000PE,0.00,0.00,0.00,13336.45,13336.10,13336.45,55912.75,9353.75,1740,0,0,0.00,0,F1,30,,,,,
2026-04-10,2026-04-10,FO,NSE,IDO,75908,,BANKNIFTY,,2026-06-30,2026-06-30,62500.00,PE,BANKNIFTY26JUN62500PE,0.00,0.00,0.00,11149.05,0.00,11149.05,55912.75,6254.40,0,0,0,0.00,0,F1,30,,,,,
2026-04-10,2026-04-10,FO,NSE,IDO,75898,,BANKNIFTY,,2026-06-30,2026-06-30,62000.00,PE,BANKNIFTY26JUN62000PE,0.00,0.00,0.00,10668.40,0.00,10668.40,55912.75,5842.65,0,0,0,0.00,0,F1,30,,,,,
2026-04-10,2026-04-10,FO,NSE,IDO,75818,,BANKNIFTY,,2026-06-30,2026-06-30,59600.00,PE,BANKNIFTY26JUN59600PE,0.00,0.00,0.00,8400.20,0.00,8400.20,55912.75,4020.85,0,0,0,0.00,0,F1,30,,,,,
2026-04-10,2026-04-10,FO,NSE,IDF,66688,,BANKNIFTY,,2026-04-28,2026-04-28,,,BANKNIFTY26APRFUT,55226.00,56129.80,55226.00,56077.20,56105.60,55080.00,55912.75,56077.20,2084700,-20850,34651,58109202726.00,24591,F1,30,,,,,
2026-04-10,2026-04-10,FO,NSE,IDO,67173,,BANKNIFTY,,2026-04-28,2026-04-28,45800.00,CE,BANKNIFTY26APR45800CE,0.00,0.00,0.00,14107.10,0.00,14107.10,55912.75,10244.05,0,0,0,0.00,0,F1,30,,,,,
2026-04-10,2026-04-10,FO,NSE,IDO,67221,,BANKNIFTY,,2026-04-28,2026-04-28,46300.00,CE,BANKNIFTY26APR46300CE,0.00,0.00,0.00,13614.90,0.00,13614.90,55912.75,9745.50,0,0,0,0.00,0,F1,30,,,,,
2026-04-10,2026-04-10,FO,NSE,IDO,67272,,BANKNIFTY,,2026-04-28,2026-04-28,47900.00,CE,BANKNIFTY26APR47900CE,0.00,0.00,0.00,3551.10,3551.10,3551.10,55912.75,8150.35,600,0,0,0.00,0,F1,30,,,,,
2026-04-10,2026-04-10,FO,NSE,IDO,67274,,BANKNIFTY,,2026-04-28,2026-04-28,48000.00,CE,BANKNIFTY26APR48000CE,7781.00,8091.70,7781.00,8029.15,8078.75,7057.40,55912.75,8029.15,32520,-4260,280,470055184.50,154,F1,30,,,,,
2026-04-10,2026-04-10,FO,NSE,IDO,67276,,BANKNIFTY,,2026-04-28,2026-04-28,48100.00,CE,BANKNIFTY26APR48100CE,0.00,0.00,0.00,3802.50,3802.50,3802.50,55912.75,7951.05,870,0,0,0.00,0,F1,30,,,,,
2026-04-10,2026-04-10,FO,NSE,IDO,67454,,BANKNIFTY,,2026-04-28,2026-04-28,53000.00,CE,BANKNIFTY26APR53000CE,2700.00,3355.00,2700.00,3319.70,3338.95,2560.95,55912.75,3319.70,361380,-17400,2257,3805593586.50,1432,F1,30,,,,,
2026-04-10,2026-04-10,FO,NSE,IDO,67490,,BANKNIFTY,,2026-04-28,2026-04-28,54700.00,CE,BANKNIFTY26APR54700CE,1341.30,1940.45,1341.30,1902.75,1904.55,1359.50,55912.75,1902.75,22710,-6720,834,1411903461.00,550,F1,30,,,,,
2026-04-10,2026-04-10,FO,NSE,IDO,67702,,BANKNIFTY,,2026-04-28,2026-04-28,59400.00,CE,BANKNIFTY26APR59400CE,69.00,82.40,63.65,74.80,75.15,58.25,55912.75,74.80,27330,8760,1262,2251621675.50,739,F1,30,,,,,
2026-04-10,2026-04-10,FO,NSE,IDO,67728,,BANKNIFTY,,2026-04-28,2026-04-28,60700.00,CE,BANKNIFTY26APR60700CE,33.30,38.85,27.65,35.10,33.85,31.75,55912.75,35.10,12300,360,627,1142431960.50,361,F1,30,,,,,
2026-04-10,2026-04-10,FO,NSE,IDO,67793,,BANKNIFTY,,2026-04-28,2026-04-28,61800.00,CE,BANKNIFTY26APR61800CE,21.85,24.80,20.25,22.00,20.25,20.85,55912.75,22.00,11310,450,489,906935853.00,309,F1,30,,,,,
2026-04-10,2026-04-10,FO,NSE,IDO,67860,,BANKNIFTY,,2026-04-28,2026-04-28,63200.00,CE,BANKNIFTY26APR63200CE,11.70,14.40,11.70,13.70,13.70,13.95,55912.75,5.55,3000,-1200,96,182054998.50,65,F1,30,,,,,
2026-04-10,2026-04-10,FO,NSE,IDO,67917,,BANKNIFTY,,2026-04-28,2026-04-28,64500.00,CE,BANKNIFTY26APR64500CE,9.35,10.05,7.20,7.55,8.65,7.80,55912.75,7.55,9540,-180,1595,3086728642.50,887,F1,30,,,,,
2026-04-10,2026-04-10,FO,NSE,IDO,68296,,BANKNIFTY,,2026-04-28,2026-04-28,68000.00,CE,BANKNIFTY26APR68000CE,3.20,5.95,2.70,2.80,2.70,3.50,55912.75,2.80,48870,-1740,778,1587195912.00,314,F1,30,,,,,
2026-04-10,2026-04-10,FO,NSE,IDO,38319,,BANKNIFTY,,2026-05-26,2026-05-26,45900.00,CE,BANKNIFTY26MAY45900CE,0.00,0.00,0.00,15352.25,0.00,15352.25,55912.75,10378.25,0,0,0,0.00,0,F1,30,,,,,
2026-04-10,2026-04-10,FO,NSE,IDO,66611,,BANKNIFTY,,2026-05-26,2026-05-26,47900.00,CE,BANKNIFTY26MAY47900CE,0.00,0.00,0.00,13936.65,0.00,13936.65,55912.75,8413.05,0,0,0,0.00,0,F1,30,,,,,
2026-04-10,2026-04-10,FO,NSE,IDO,66615,,BANKNIFTY,,2026-05-26,2026-05-26,48100.00,CE,BANKNIFTY26MAY48100CE,0.00,0.00,0.00,13740.05,0.00,13740.05,55912.75,8218.50,0,0,0,0.00,0,F1,30,,,,,
2026-04-10,2026-04-10,FO,NSE,IDO,66750,,BANKNIFTY,,2026-05-26,2026-05-26,50500.00,CE,BANKNIFTY26MAY50500CE,5850.10,5850.10,5850.10,5850.10,5850.10,5426.60,55912.75,5946.25,1320,0,1,1690503.00,1,F1,30,,,,,
2026-04-10,2026-04-10,FO,NSE,IDO,66775,,BANKNIFTY,,2026-05-26,2026-05-26,51600.00,CE,BANKNIFTY26MAY51600CE,5000.00,5000.00,4999.95,4999.95,4999.95,4391.75,55912.75,4969.35,540,0,2,3395998.50,2,F1,30,,,,,
2026-04-10,2026-04-10,FO,NSE,IDO,67089,,BANKNIFTY,,2026-05-26,2026-05-26,52600.00,CE,BANKNIFTY26MAY52600CE,4165.75,4165.75,4165.75,4165.75,4165.75,3522.10,55912.75,4137.20,660,-30,1,1702972.50,1,F1,30,,,,,
2026-04-10,2026-04-10,FO,NSE,IDO,67118,,BANKNIFTY,,2026-05-26,2026-05-26,53200.00,CE,BANKNIFTY26MAY53200CE,3600.00,3600.00,3575.00,3575.00,3575.00,3100.00,55912.75,3669.40,1020,-30,2,3407250.00,2,F1,30,,,,,
2026-04-10,2026-04-10,FO,NSE,IDO,67198,,BANKNIFTY,,2026-05-26,2026-05-26,53900.00,CE,BANKNIFTY26MAY53900CE,0.00,0.00,0.00,1555.20,1555.20,1555.20,55912.75,3157.40,990,0,0,0.00,0,F1,30,,,,,
2026-04-10,2026-04-10,FO,NSE,IDO,67200,,BANKNIFTY,,2026-05-26,2026-05-26,54000.00,CE,BANKNIFTY26MAY54000CE,2750.00,3151.75,2750.00,3076.95,3151.75,2533.10,55912.75,3076.95,28650,-1290,373,637999399.50,281,F1,30,,,,,
2026-04-10,2026-04-10,FO,NSE,IDO,67250,,BANKNIFTY,,2026-05-26,2026-05-26,54700.00,CE,BANKNIFTY26MAY54700CE,0.00,0.00,0.00,2035.35,2035.35,2035.35,55912.75,2623.00,2370,0,0,0.00,0,F1,30,,,,,
2026-04-10,2026-04-10,FO,NSE,IDO,67269,,BANKNIFTY,,2026-05-26,2026-05-26,55300.00,CE,BANKNIFTY26MAY55300CE,1890.00,2166.10,1890.00,2126.15,2126.15,1714.50,55912.75,2259.45,2850,90,78,134194555.50,69,F1,30,,,,,
2026-04-10,2026-04-10,FO,NSE,IDO,75801,,BANKNIFTY,,2026-06-30,2026-06-30,59000.00,PE,BANKNIFTY26JUN59000PE,0.00,0.00,0.00,7847.55,0.00,7847.55,55912.75,3612.85,0,0,0,0.00,0,F1,30,,,,,
2026-04-10,2026-04-10,FO,NSE,IDO,75591,,BANKNIFTY,,2026-06-30,2026-06-30,54500.00,PE,BANKNIFTY26JUN54500PE,1283.50,1285.70,1283.50,1285.70,1285.70,1678.10,55912.75,1295.10,450,0,2,3347076.00,2,F1,30,,,,,
2026-04-10,2026-04-10,FO,NSE,IDO,75587,,BANKNIFTY,,2026-06-30,2026-06-30,54300.00,PE,BANKNIFTY26JUN54300PE,0.00,0.00,0.00,3916.85,0.00,3916.85,55912.75,1224.10,0,0,0,0.00,0,F1,30,,,,,
2026-04-10,2026-04-10,FO,NSE,IDO,75585,,BANKNIFTY,,2026-06-30,2026-06-30,54200.00,PE,BANKNIFTY26JUN54200PE,0.00,0.00,0.00,1321.80,1321.80,1321.80,55912.75,1189.60,30,0,0,0.00,0,F1,30,,,,,
2026-04-10,2026-04-10,FO,NSE,IDO,75579,,BANKNIFTY,,2026-06-30,2026-06-30,53800.00,PE,BANKNIFTY26JUN53800PE,0.00,0.00,0.00,3560.50,0.00,3560.50,55912.75,1058.15,0,0,0,0.00,0,F1,30,,,,,
2026-04-10,2026-04-10,FO,NSE,IDO,67292,,BANKNIFTY,,2026-05-26,2026-05-26,56100.00,CE,BANKNIFTY26MAY56100CE,1580.00,1662.85,1516.55,1656.10,1657.00,1289.35,55912.75,1656.10,2670,360,58,100435869.00,40,F1,30,,,,,
2026-04-10,2026-04-10,FO,NSE,IDO,67602,,BANKNIFTY,,2026-05-26,2026-05-26,58000.00,CE,BANKNIFTY26MAY58000CE,616.60,765.05,616.55,749.40,752.00,556.05,55912.75,749.40,113430,26340,5195,9148717939.50,2686,F1,30,,,,,
2026-04-10,2026-04-10,FO,NSE,IDO,67752,,BANKNIFTY,,2026-05-26,2026-05-26,59100.00,CE,BANKNIFTY26MAY59100CE,351.35,432.05,351.35,420.20,418.40,312.65,55912.75,420.20,2190,540,77,137428752.00,59,F1,30,,,,,
2026-04-10,2026-04-10,FO,NSE,IDO,67808,,BANKNIFTY,,2026-05-26,2026-05-26,59500.00,CE,BANKNIFTY26MAY59500CE,304.05,345.75,298.90,337.45,340.00,257.70,55912.75,337.45,13830,1200,566,1015792953.00,383,F1,30,,,,,
2026-04-10,2026-04-10,FO,NSE,IDO,68000,,BANKNIFTY,,2026-05-26,2026-05-26,60100.00,CE,BANKNIFTY26MAY60100CE,0.00,0.00,0.00,113.75,113.75,113.75,55912.75,489.95,870,0,0,0.00,0,F1,30,,,,,
2026-04-10,2026-04-10,FO,NSE,IDO,68004,,BANKNIFTY,,2026-05-26,2026-05-26,60200.00,CE,BANKNIFTY26MAY60200CE,223.00,224.10,213.85,224.10,224.10,221.25,55912.75,471.50,1290,30,3,5437828.50,3,F1,30,,,,,
2026-04-10,2026-04-10,FO,NSE,IDO,68010,,BANKNIFTY,,2026-05-26,2026-05-26,60300.00,CE,BANKNIFTY26MAY60300CE,294.55,294.55,204.60,212.65,212.65,211.60,55912.75,453.65,630,-90,7,12708906.00,3,F1,30,,,,,
2026-04-10,2026-04-10,FO,NSE,IDO,68080,,BANKNIFTY,,2026-05-26,2026-05-26,61000.00,CE,BANKNIFTY26MAY61000CE,124.40,161.00,124.40,152.30,155.15,121.85,55912.75,152.30,51330,16140,2612,4791695664.00,1247,F1,30,,,,,
2026-04-10,2026-04-10,FO,NSE,IDO,68094,,BANKNIFTY,,2026-05-26,2026-05-26,61600.00,CE,BANKNIFTY26MAY61600CE,0.00,0.00,0.00,114.05,114.05,114.05,55912.75,267.85,780,0,0,0.00,0,F1,30,,,,,
2026-04-10,2026-04-10,FO,NSE,IDO,75443,,BANKNIFTY,,2026-06-30,2026-06-30,51800.00,PE,BANKNIFTY26JUN51800PE,707.85,707.85,694.05,694.05,694.05,707.85,55912.75,550.75,2550,-60,3,4724878.50,2,F1,30,,,,,
2026-04-10,2026-04-10,FO,NSE,IDO,75244,,BANKNIFTY,,2026-06-30,2026-06-30,48100.00,PE,BANKNIFTY26JUN48100PE,0.00,0.00,0.00,772.05,0.00,772.05,55912.75,114.40,0,0,0,0.00,0,F1,30,,,,,
2026-04-10,2026-04-10,FO,NSE,IDO,75191,,BANKNIFTY,,2026-06-30,2026-06-30,47600.00,PE,BANKNIFTY26JUN47600PE,0.00,0.00,0.00,641.70,0.00,641.70,55912.75,88.65,0,0,0,0.00,0,F1,30,,,,,
2026-04-10,2026-04-10,FO,NSE,IDO,75171,,BANKNIFTY,,2026-06-30,2026-06-30,46800.00,PE,BANKNIFTY26JUN46800PE,0.00,0.00,0.00,469.10,0.00,469.10,55912.75,57.55,0,0,0,0.00,0,F1,30,,,,,
2026-04-10,2026-04-10,FO,NSE,IDO,75107,,BANKNIFTY,,2026-06-30,2026-06-30,45900.00,PE,BANKNIFTY26JUN45900PE,0.00,0.00,0.00,319.25,0.00,319.25,55912.75,34.15,0,0,0,0.00,0,F1,30,,,,,
2026-04-10,2026-04-10,FO,NSE,IDO,68136,,BANKNIFTY,,2026-05-26,2026-05-26,63300.00,CE,BANKNIFTY26MAY63300CE,0.00,0.00,0.00,46.00,46.00,46.00,55912.75,125.60,390,0,0,0.00,0,F1,30,,,,,
2026-04-10,2026-04-10,FO,NSE,IDO,68173,,BANKNIFTY,,2026-05-26,2026-05-26,64700.00,CE,BANKNIFTY26MAY64700CE,0.00,0.00,0.00,89.00,89.00,89.00,55912.75,63.60,180,0,0,0.00,0,F1,30,,,,,
2026-04-10,2026-04-10,FO,NSE,IDO,68175,,BANKNIFTY,,2026-05-26,2026-05-26,64800.00,CE,BANKNIFTY26MAY64800CE,0.00,0.00,0.00,51.65,51.65,51.65,55912.75,60.45,750,0,0,0.00,0,F1,30,,,,,
2026-04-10,2026-04-10,FO,NSE,IDO,68445,,BANKNIFTY,,2026-05-26,2026-05-26,68500.00,CE,BANKNIFTY26MAY68500CE,13.80,13.80,5.10,12.00,12.00,13.80,55912.75,12.00,2070,210,36,73991842.50,13,F1,30,,,,,
2026-04-10,2026-04-10,FO,NSE,IDO,75168,,BANKNIFTY,,2026-06-30,2026-06-30,46700.00,CE,BANKNIFTY26JUN46700CE,0.00,0.00,0.00,4862.10,0.00,4862.10,55912.75,9912.50,0,0,0,0.00,0,F1,30,,,,,
2026-04-10,2026-04-10,FO,NSE,IDO,75178,,BANKNIFTY,,2026-06-30,2026-06-30,47100.00,CE,BANKNIFTY26JUN47100CE,0.00,0.00,0.00,4548.25,0.00,4548.25,55912.75,9531.50,0,0,0,0.00,0,F1,30,,,,,
2026-04-10,2026-04-10,FO,NSE,IDO,75245,,BANKNIFTY,,2026-06-30,2026-06-30,48200.00,CE,BANKNIFTY26JUN48200CE,0.00,0.00,0.00,3736.50,0.00,3736.50,55912.75,8499.00,0,0,0,0.00,0,F1,30,,,,,
2026-04-10,2026-04-10,FO,NSE,IDO,75565,,BANKNIFTY,,2026-06-30,2026-06-30,53300.00,CE,BANKNIFTY26JUN53300CE,0.00,0.00,0.00,1150.15,0.00,1150.15,55912.75,4257.60,0,0,0,0.00,0,F1,30,,,,,
2026-04-10,2026-04-10,FO,NSE,IDO,75573,,BANKNIFTY,,2026-06-30,2026-06-30,53700.00,CE,BANKNIFTY26JUN53700CE,0.00,0.00,0.00,1808.90,1808.90,1808.90,55912.75,3981.65,30,0,0,0.00,0,F1,30,,,,,
2026-04-10,2026-04-10,FO,NSE,IDO,75636,,BANKNIFTY,,2026-06-30,2026-06-30,56900.00,CE,BANKNIFTY26JUN56900CE,0.00,0.00,0.00,380.40,0.00,380.40,55912.75,2160.05,0,0,0,0.00,0,F1,30,,,,,
2026-04-10,2026-04-10,FO,NSE,IDO,75811,,BANKNIFTY,,2026-06-30,2026-06-30,59400.00,CE,BANKNIFTY26JUN59400CE,719.05,727.05,685.95,685.95,685.95,154.55,55912.75,1216.05,480,480,21,37872583.50,9,F1,30,,,,,
2026-04-10,2026-04-10,FO,NSE,IDO,75842,,BANKNIFTY,,2026-06-30,2026-06-30,60700.00,CE,BANKNIFTY26JUN60700CE,0.00,0.00,0.00,92.90,0.00,92.90,55912.75,874.90,0,0,0,0.00,0,F1,30,,,,,
2026-04-10,2026-04-10,FO,NSE,IDO,75849,,BANKNIFTY,,2026-06-30,2026-06-30,61000.00,CE,BANKNIFTY26JUN61000CE,0.00,0.00,0.00,82.30,0.00,82.30,55912.75,805.90,0,0,0,0.00,0,F1,30,,,,,
2026-04-10,2026-04-10,FO,NSE,IDO,75853,,BANKNIFTY,,2026-06-30,2026-06-30,61100.00,CE,BANKNIFTY26JUN61100CE,0.00,0.00,0.00,79.00,0.00,79.00,55912.75,784.50,0,0,0,0.00,0,F1,30,,,,,
2026-04-10,2026-04-10,FO,NSE,IDO,67135,,BANKNIFTY,,2026-04-28,2026-04-28,44000.00,PE,BANKNIFTY26APR44000PE,22.00,22.05,12.90,14.30,14.00,26.85,55912.75,14.30,255150,-9780,6801,8980647949.50,3578,F1,30,,,,,
2026-04-10,2026-04-10,FO,NSE,IDO,68266,,BANKNIFTY,,2026-05-26,2026-05-26,67000.00,PE,BANKNIFTY26MAY67000PE,0.00,0.00,0.00,5284.50,0.00,5284.50,55912.75,10578.55,0,0,0,0.00,0,F1,30,,,,,
2026-04-10,2026-04-10,FO,NSE,IDO,68220,,BANKNIFTY,,2026-05-26,2026-05-26,65900.00,PE,BANKNIFTY26MAY65900PE,0.00,0.00,0.00,11256.00,11256.00,11256.00,55912.75,9502.65,600,0,0,0.00,0,F1,30,,,,,
2026-04-10,2026-04-10,FO,NSE,IDO,68192,,BANKNIFTY,,2026-05-26,2026-05-26,65000.00,PE,BANKNIFTY26MAY65000PE,8600.00,8700.00,8500.00,8500.00,8500.00,11400.00,55912.75,8500.00,690,0,5,11034000.00,3,F1,30,,,,,
2026-04-10,2026-04-10,FO,NSE,IDO,68159,,BANKNIFTY,,2026-05-26,2026-05-26,64200.00,PE,BANKNIFTY26MAY64200PE,0.00,0.00,0.00,10822.75,10822.75,10822.75,55912.75,7863.50,30,0,0,0.00,0,F1,30,,,,,
2026-04-10,2026-04-10,FO,NSE,IDO,67232,,BANKNIFTY,,2026-04-28,2026-04-28,46600.00,PE,BANKNIFTY26APR46600PE,0.00,0.00,0.00,0.55,0.00,0.55,55912.75,0.05,0,0,0,0.00,0,F1,30,,,,,
2026-04-10,2026-04-10,FO,NSE,IDO,67271,,BANKNIFTY,,2026-04-28,2026-04-28,47800.00,PE,BANKNIFTY26APR47800PE,56.90,57.35,43.55,46.85,46.30,80.80,55912.75,46.85,4590,-690,295,423485764.50,212,F1,30,,,,,
2026-04-10,2026-04-10,FO,NSE,IDO,67308,,BANKNIFTY,,2026-04-28,2026-04-28,48600.00,PE,BANKNIFTY26APR48600PE,107.50,107.50,57.90,58.30,58.20,104.35,55912.75,58.30,4440,1020,251,366482922.00,163,F1,30,,,,,
2026-04-10,2026-04-10,FO,NSE,IDO,67399,,BANKNIFTY,,2026-04-28,2026-04-28,50200.00,PE,BANKNIFTY26APR50200PE,122.30,130.00,98.00,103.25,103.10,180.30,55912.75,103.25,56610,-660,826,1246658074.50,418,F1,30,,,,,
2026-04-10,2026-04-10,FO,NSE,IDO,67407,,BANKNIFTY,,2026-04-28,2026-04-28,50600.00,PE,BANKNIFTY26APR50600PE,131.95,135.75,115.10,117.30,118.00,206.75,55912.75,117.30,22620,-2550,470,715220830.50,250,F1,30,,,,,
2026-04-10,2026-04-10,FO,NSE,IDO,67409,,BANKNIFTY,,2026-04-28,2026-04-28,50700.00,PE,BANKNIFTY26APR50700PE,145.85,148.50,118.45,122.80,120.00,212.05,55912.75,122.80,15240,-3330,621,946992813.00,285,F1,30,,,,,
2026-04-10,2026-04-10,FO,NSE,IDO,67449,,BANKNIFTY,,2026-04-28,2026-04-28,52700.00,PE,BANKNIFTY26APR52700PE,348.90,348.95,242.90,248.55,250.30,453.15,55912.75,248.55,67140,-6030,1631,2591877745.50,1102,F1,30,,,,,
2026-04-10,2026-04-10,FO,NSE,IDO,67461,,BANKNIFTY,,2026-04-28,2026-04-28,53300.00,PE,BANKNIFTY26APR53300PE,450.90,450.95,306.30,312.65,312.30,574.40,55912.75,312.65,24690,270,1552,2497622263.50,1119,F1,30,,,,,
2026-04-10,2026-04-10,FO,NSE,IDO,67469,,BANKNIFTY,,2026-04-28,2026-04-28,53700.00,PE,BANKNIFTY26APR53700PE,480.05,480.05,357.90,368.05,368.85,670.90,55912.75,368.05,26220,3960,2171,3523902261.00,1461,F1,30,,,,,
2026-04-10,2026-04-10,FO,NSE,IDO,67497,,BANKNIFTY,,2026-04-28,2026-04-28,55000.00,PE,BANKNIFTY26APR55000PE,1010.00,1010.00,613.00,633.80,630.00,1113.40,55912.75,633.80,680040,87150,75788,126646330962.00,48704,F1,30,,,,,
2026-04-10,2026-04-10,FO,NSE,IDO,67539,,BANKNIFTY,,2026-04-28,2026-04-28,56500.00,PE,BANKNIFTY26APR56500PE,1526.95,1526.95,1170.00,1193.00,1189.75,1906.55,55912.75,1193.00,85710,30180,7602,13180375576.50,4590,F1,30,,,,,
2026-04-10,2026-04-10,FO,NSE,IDO,67780,,BANKNIFTY,,2026-04-28,2026-04-28,61500.00,PE,BANKNIFTY26APR61500PE,5921.00,5921.00,5409.65,5435.20,5440.50,6444.65,55912.75,5435.20,40050,-12090,669,1345541193.00,437,F1,30,,,,,
2026-04-10,2026-04-10,FO,NSE,IDO,68197,,BANKNIFTY,,2026-04-28,2026-04-28,66500.00,PE,BANKNIFTY26APR66500PE,0.00,0.00,0.00,4641.00,4641.00,4641.00,55912.75,10396.80,30,0,0,0.00,0,F1,30,,,,,
2026-04-10,2026-04-10,FO,NSE,IDO,68135,,BANKNIFTY,,2026-05-26,2026-05-26,63200.00,PE,BANKNIFTY26MAY63200PE,0.00,0.00,0.00,9865.35,9865.35,9865.35,55912.75,6921.40,60,0,0,0.00,0,F1,30,,,,,
2026-04-10,2026-04-10,FO,NSE,IDO,75850,,BANKNIFTY,,2026-06-30,2026-06-30,61000.00,PE,BANKNIFTY26JUN61000PE,0.00,0.00,0.00,9714.25,0.00,9714.25,55912.75,5050.25,0,0,0,0.00,0,F1,30,,,,,
2026-04-10,2026-04-10,FO,NSE,IDO,75839,,BANKNIFTY,,2026-06-30,2026-06-30,60500.00,PE,BANKNIFTY26JUN60500PE,0.00,0.00,0.00,9241.55,0.00,9241.55,55912.75,4673.05,0,0,0,0.00,0,F1,30,,,,,
2026-04-10,2026-04-10,FO,NSE,IDO,75829,,BANKNIFTY,,2026-06-30,2026-06-30,60100.00,PE,BANKNIFTY26JUN60100PE,0.00,0.00,0.00,8866.00,0.00,8866.00,55912.75,4376.30,0,0,0,0.00,0,F1,30,,,,,
2026-04-10,2026-04-10,FO,NSE,IDO,75795,,BANKNIFTY,,2026-06-30,2026-06-30,58700.00,PE,BANKNIFTY26JUN58700PE,0.00,0.00,0.00,7574.15,0.00,7574.15,55912.75,3416.90,0,0,0,0.00,0,F1,30,,,,,
2026-04-10,2026-04-10,FO,NSE,IDO,75750,,BANKNIFTY,,2026-06-30,2026-06-30,57900.00,PE,BANKNIFTY26JUN57900PE,0.00,0.00,0.00,6856.20,0.00,6856.20,55912.75,2921.60,0,0,0,0.00,0,F1,30,,,,,
2026-04-10,2026-04-10,FO,NSE,IDO,75621,,BANKNIFTY,,2026-06-30,2026-06-30,56100.00,PE,BANKNIFTY26JUN56100PE,0.00,0.00,0.00,5315.85,0.00,5315.85,55912.75,1961.70,0,0,0,0.00,0,F1,30,,,,,
2026-04-10,2026-04-10,FO,NSE,IDO,75599,,BANKNIFTY,,2026-06-30,2026-06-30,54900.00,PE,BANKNIFTY26JUN54900PE,0.00,0.00,0.00,4366.90,0.00,4366.90,55912.75,1445.30,0,0,0,0.00,0,F1,30,,,,,
2026-04-10,2026-04-10,FO,NSE,IDO,75570,,BANKNIFTY,,2026-06-30,2026-06-30,53500.00,PE,BANKNIFTY26JUN53500PE,928.00,1010.05,928.00,957.95,957.95,1341.40,55912.75,966.35,1830,30,18,29419252.50,7,F1,30,,,,,
2026-04-10,2026-04-10,FO,NSE,IDO,75549,,BANKNIFTY,,2026-06-30,2026-06-30,53000.00,PE,BANKNIFTY26JUN53000PE,1000.00,1000.00,850.15,854.30,850.90,1157.80,55912.75,854.30,7860,900,195,315282472.50,140,F1,30,,,,,
2026-04-10,2026-04-10,FO,NSE,IDO,75273,,BANKNIFTY,,2026-06-30,2026-06-30,49100.00,PE,BANKNIFTY26JUN49100PE,0.00,0.00,0.00,1081.00,0.00,1081.00,55912.75,184.40,0,0,0,0.00,0,F1,30,,,,,
2026-04-10,2026-04-10,FO,NSE,IDO,68446,,BANKNIFTY,,2026-05-26,2026-05-26,68500.00,PE,BANKNIFTY26MAY68500PE,0.00,0.00,0.00,6575.80,0.00,6575.80,55912.75,12055.95,0,0,0,0.00,0,F1,30,,,,,
2026-04-10,2026-04-10,FO,NSE,IDO,68214,,BANKNIFTY,,2026-05-26,2026-05-26,65700.00,PE,BANKNIFTY26MAY65700PE,0.00,0.00,0.00,11045.75,11045.75,11045.75,55912.75,9308.05,600,0,0,0.00,0,F1,30,,,,,
2026-04-10,2026-04-10,FO,NSE,IDO,68176,,BANKNIFTY,,2026-05-26,2026-05-26,64800.00,PE,BANKNIFTY26MAY64800PE,0.00,0.00,0.00,11417.50,11417.50,11417.50,55912.75,8437.65,600,0,0,0.00,0,F1,30,,,,,
2026-04-10,2026-04-10,FO,NSE,IDO,68153,,BANKNIFTY,,2026-05-26,2026-05-26,64000.00,PE,BANKNIFTY26MAY64000PE,0.00,0.00,0.00,7700.00,7700.00,7700.00,55912.75,7673.45,120,0,0,0.00,0,F1,30,,,,,
2026-04-10,2026-04-10,FO,NSE,IDO,68141,,BANKNIFTY,,2026-05-26,2026-05-26,63500.00,PE,BANKNIFTY26MAY63500PE,0.00,0.00,0.00,10151.40,10151.40,10151.40,55912.75,7201.75,60,0,0,0.00,0,F1,30,,,,,
2026-04-10,2026-04-10,FO,NSE,IDO,68077,,BANKNIFTY,,2026-05-26,2026-05-26,60800.00,PE,BANKNIFTY26MAY60800PE,0.00,0.00,0.00,8317.50,8317.50,8317.50,55912.75,4781.15,360,0,0,0.00,0,F1,30,,,,,
2026-04-10,2026-04-10,FO,NSE,IDO,67991,,BANKNIFTY,,2026-05-26,2026-05-26,59800.00,PE,BANKNIFTY26MAY59800PE,0.00,0.00,0.00,6455.25,6455.25,6455.25,55912.75,3965.40,60,0,0,0.00,0,F1,30,,,,,
2026-04-10,2026-04-10,FO,NSE,IDO,67812,,BANKNIFTY,,2026-05-26,2026-05-26,59600.00,PE,BANKNIFTY26MAY59600PE,0.00,0.00,0.00,6300.40,6300.40,6300.40,55912.75,3809.30,330,0,0,0.00,0,F1,30,,,,,
2026-04-10,2026-04-10,FO,NSE,IDO,67809,,BANKNIFTY,,2026-05-26,2026-05-26,59500.00,PE,BANKNIFTY26MAY59500PE,0.00,0.00,0.00,3699.60,3699.60,3699.60,55912.75,3732.20,6330,0,0,0.00,0,F1,30,,,,,
2026-04-10,2026-04-10,FO,NSE,IDO,67757,,BANKNIFTY,,2026-05-26,2026-05-26,59100.00,PE,BANKNIFTY26MAY59100PE,0.00,0.00,0.00,6107.90,6107.90,6107.90,55912.75,3429.85,330,0,0,0.00,0,F1,30,,,,,
2026-04-10,2026-04-10,FO,NSE,IDO,67187,,BANKNIFTY,,2026-05-26,2026-05-26,53500.00,PE,BANKNIFTY26MAY53500PE,846.00,900.20,683.25,701.80,691.70,1045.25,55912.75,701.80,20340,10230,1143,1859804421.00,873,F1,30,,,,,
2026-04-10,2026-04-10,FO,NSE,IDO,67176,,BANKNIFTY,,2026-05-26,2026-05-26,53300.00,PE,BANKNIFTY26MAY53300PE,700.00,715.95,666.80,715.95,715.95,851.80,55912.75,561.75,1050,-60,4,6478882.50,4,F1,30,,,,,
2026-04-10,2026-04-10,FO,NSE,IDO,66768,,BANKNIFTY,,2026-05-26,2026-05-26,51200.00,PE,BANKNIFTY26MAY51200PE,427.30,427.30,395.30,395.30,395.30,597.50,55912.75,395.30,1320,0,2,3096678.00,2,F1,30,,,,,
2026-04-10,2026-04-10,FO,NSE,IDO,66635,,BANKNIFTY,,2026-05-26,2026-05-26,48200.00,PE,BANKNIFTY26MAY48200PE,0.00,0.00,0.00,0.75,0.00,0.75,55912.75,29.30,0,0,0,0.00,0,F1,30,,,,,
2026-04-10,2026-04-10,FO,NSE,IDO,38314,,BANKNIFTY,,2026-05-26,2026-05-26,45700.00,PE,BANKNIFTY26MAY45700PE,0.00,0.00,0.00,0.05,0.00,0.05,55912.75,3.50,0,0,0,0.00,0,F1,30,,,,,
2026-04-10,2026-04-10,FO,NSE,IDO,38312,,BANKNIFTY,,2026-05-26,2026-05-26,45600.00,PE,BANKNIFTY26MAY45600PE,0.00,0.00,0.00,0.05,0.00,0.05,55912.75,3.15,0,0,0,0.00,0,F1,30,,,,,
2026-04-10,2026-04-10,FO,NSE,IDO,68185,,BANKNIFTY,,2026-04-28,2026-04-28,66100.00,PE,BANKNIFTY26APR66100PE,0.00,0.00,0.00,4274.25,4274.25,4274.25,55912.75,9998.05,60,0,0,0.00,0,F1,30,,,,,
2026-04-10,2026-04-10,FO,NSE,IDO,67984,,BANKNIFTY,,2026-04-28,2026-04-28,65300.00,PE,BANKNIFTY26APR65300PE,0.00,0.00,0.00,10938.50,10938.50,10938.50,55912.75,9200.65,30,0,0,0.00,0,F1,30,,,,,
2026-04-10,2026-04-10,FO,NSE,IDO,67928,,BANKNIFTY,,2026-04-28,2026-04-28,65000.00,PE,BANKNIFTY26APR65000PE,9134.45,9134.45,8813.15,8846.50,8813.15,9834.45,55912.75,8846.50,60240,2220,195,432756798.00,119,F1,30,,,,,
2026-04-10,2026-04-10,FO,NSE,IDO,67888,,BANKNIFTY,,2026-04-28,2026-04-28,64000.00,PE,BANKNIFTY26APR64000PE,7900.00,7900.00,7900.00,7900.00,7900.00,8995.50,55912.75,7900.00,10230,-30,1,2157000.00,1,F1,30,,,,,
2026-04-10,2026-04-10,FO,NSE,IDO,67861,,BANKNIFTY,,2026-04-28,2026-04-28,63200.00,PE,BANKNIFTY26APR63200PE,0.00,0.00,0.00,10493.30,10493.30,10493.30,55912.75,7111.65,60,0,0,0.00,0,F1,30,,,,,
2026-04-10,2026-04-10,FO,NSE,IDO,67796,,BANKNIFTY,,2026-04-28,2026-04-28,61800.00,PE,BANKNIFTY26APR61800PE,0.00,0.00,0.00,9160.00,9160.00,9160.00,55912.75,5731.60,750,0,0,0.00,0,F1,30,,,,,
2026-04-10,2026-04-10,FO,NSE,IDO,67772,,BANKNIFTY,,2026-04-28,2026-04-28,61300.00,PE,BANKNIFTY26APR61300PE,0.00,0.00,0.00,9500.00,9500.00,9500.00,55912.75,5245.05,1500,0,0,0.00,0,F1,30,,,,,
2026-04-10,2026-04-10,FO,NSE,IDO,67711,,BANKNIFTY,,2026-04-28,2026-04-28,59800.00,PE,BANKNIFTY26APR59800PE,3900.00,3900.00,3822.60,3822.60,3822.60,6901.00,55912.75,3828.95,2340,0,2,3819678.00,2,F1,30,,,,,
2026-04-10,2026-04-10,FO,NSE,IDO,67628,,BANKNIFTY,,2026-04-28,2026-04-28,58200.00,PE,BANKNIFTY26APR58200PE,0.00,0.00,0.00,3050.00,3050.00,3050.00,55912.75,2458.55,2790,0,0,0.00,0,F1,30,,,,,
2026-04-10,2026-04-10,FO,NSE,IDO,67605,,BANKNIFTY,,2026-04-28,2026-04-28,57900.00,PE,BANKNIFTY26APR57900PE,2158.00,2198.15,2066.90,2072.35,2068.55,2475.55,55912.75,2072.35,3000,990,39,70214082.00,21,F1,30,,,,,
2026-04-10,2026-04-10,FO,NSE,IDO,67519,,BANKNIFTY,,2026-04-28,2026-04-28,55500.00,PE,BANKNIFTY26APR55500PE,1135.85,1236.15,760.00,785.60,774.05,1337.25,55912.75,785.60,294570,54180,51810,87619993063.50,36950,F1,30,,,,,
2026-04-10,2026-04-10,FO,NSE,IDO,67435,,BANKNIFTY,,2026-04-28,2026-04-28,52000.00,PE,BANKNIFTY26APR52000PE,300.00,300.00,186.60,191.50,195.30,349.50,55912.75,191.50,729780,82680,33165,51943369309.50,19807,F1,30,,,,,
2026-04-10,2026-04-10,FO,NSE,IDO,67417,,BANKNIFTY,,2026-04-28,2026-04-28,51100.00,PE,BANKNIFTY26APR51100PE,223.30,223.30,135.80,139.80,138.90,250.80,55912.75,139.80,19020,-2910,692,1063921444.50,389,F1,30,,,,,
2026-04-10,2026-04-10,FO,NSE,IDO,67341,,BANKNIFTY,,2026-04-28,2026-04-28,49400.00,PE,BANKNIFTY26APR49400PE,92.15,93.20,76.95,79.80,80.15,137.85,55912.75,79.80,8880,270,201,298388331.00,125,F1,30,,,,,
2026-04-10,2026-04-10,FO,NSE,IDO,67339,,BANKNIFTY,,2026-04-28,2026-04-28,49300.00,PE,BANKNIFTY26APR49300PE,110.00,110.00,73.00,76.60,78.25,132.35,55912.75,76.60,9390,510,217,321472530.00,92,F1,30,,,,,
2026-04-10,2026-04-10,FO,NSE,IDO,67321,,BANKNIFTY,,2026-04-28,2026-04-28,49000.00,PE,BANKNIFTY26APR49000PE,100.00,100.00,65.15,68.55,69.00,119.25,55912.75,68.55,282930,-31020,18505,27243523029.00,9051,F1,30,,,,,
2026-04-10,2026-04-10,FO,NSE,IDO,67273,,BANKNIFTY,,2026-04-28,2026-04-28,47900.00,PE,BANKNIFTY26APR47900PE,88.40,88.40,46.15,48.85,48.15,86.70,55912.75,48.85,1830,-1470,152,218665701.00,111,F1,30,,,,,
2026-04-10,2026-04-10,FO,NSE,IDO,67218,,BANKNIFTY,,2026-04-28,2026-04-28,46100.00,PE,BANKNIFTY26APR46100PE,0.00,0.00,0.00,45.10,45.10,45.10,55912.75,0.05,30,0,0,0.00,0,F1,30,,,,,
2026-04-10,2026-04-10,FO,NSE,IDO,76394,,BANKNIFTY,,2027-03-30,2027-03-30,54000.00,CE,BANKNIFTY27MAR54000CE,0.00,0.00,0.00,3970.55,0.00,3970.55,55912.75,7492.15,0,0,0,0.00,0,F1,30,,,,,
2026-04-10,2026-04-10,FO,NSE,IDO,76386,,BANKNIFTY,,2027-03-30,2027-03-30,48000.00,CE,BANKNIFTY27MAR48000CE,0.00,0.00,0.00,7195.75,0.00,7195.75,55912.75,11613.70,0,0,0,0.00,0,F1,30,,,,,
2026-04-10,2026-04-10,FO,NSE,IDO,76384,,BANKNIFTY,,2027-03-30,2027-03-30,46500.00,CE,BANKNIFTY27MAR46500CE,0.00,0.00,0.00,8199.45,0.00,8199.45,55912.75,12793.20,0,0,0,0.00,0,F1,30,,,,,
2026-04-10,2026-04-10,FO,NSE,IDO,53235,,BANKNIFTY,,2026-12-29,2026-12-29,58500.00,CE,BANKNIFTY26DEC58500CE,0.00,0.00,0.00,5992.15,0.00,5992.15,55912.75,4058.00,0,0,0,0.00,0,F1,30,,,,,
2026-04-10,2026-04-10,FO,NSE,IDO,52420,,BANKNIFTY,,2026-09-29,2026-09-29,66000.00,CE,BANKNIFTY26SEP66000CE,0.00,0.00,0.00,1369.25,0.00,1369.25,55912.75,846.70,0,0,0,0.00,0,F1,30,,,,,
2026-04-10,2026-04-10,FO,NSE,IDO,52358,,BANKNIFTY,,2026-09-29,2026-09-29,58500.00,CE,BANKNIFTY26SEP58500CE,0.00,0.00,0.00,3610.45,0.00,3610.45,55912.75,2887.15,0,0,0,0.00,0,F1,30,,,,,
2026-04-10,2026-04-10,FO,NSE,IDO,52280,,BANKNIFTY,,2026-09-29,2026-09-29,49500.00,CE,BANKNIFTY26SEP49500CE,0.00,0.00,0.00,8922.65,0.00,8922.65,55912.75,8459.00,0,0,0,0.00,0,F1,30,,,,,
2026-04-10,2026-04-10,FO,NSE,IDO,57778,,BANKNIFTY,,2026-06-30,2026-06-30,66000.00,CE,BANKNIFTY26JUN66000CE,0.00,0.00,0.00,2623.65,0.00,2623.65,55912.75,178.50,0,0,0,0.00,0,F1,30,,,,,
2026-04-10,2026-04-10,FO,NSE,IDO,57770,,BANKNIFTY,,2026-06-30,2026-06-30,64500.00,CE,BANKNIFTY26JUN64500CE,0.00,0.00,0.00,3082.35,0.00,3082.35,55912.75,290.30,0,0,0,0.00,0,F1,30,,,,,
2026-04-10,2026-04-10,FO,NSE,IDO,75834,,BANKNIFTY,,2026-06-30,2026-06-30,60400.00,CE,BANKNIFTY26JUN60400CE,0.00,0.00,0.00,104.75,0.00,104.75,55912.75,945.95,0,0,0,0.00,0,F1,30,,,,,
2026-04-10,2026-04-10,FO,NSE,IDO,75759,,BANKNIFTY,,2026-06-30,2026-06-30,58400.00,CE,BANKNIFTY26JUN58400CE,0.00,0.00,0.00,224.40,0.00,224.40,55912.75,1546.15,0,0,0,0.00,0,F1,30,,,,,
2026-04-10,2026-04-10,FO,NSE,IDO,75733,,BANKNIFTY,,2026-06-30,2026-06-30,57800.00,CE,BANKNIFTY26JUN57800CE,0.00,0.00,0.00,278.45,0.00,278.45,55912.75,1773.95,0,0,0,0.00,0,F1,30,,,,,
2026-04-10,2026-04-10,FO,NSE,IDO,57746,,BANKNIFTY,,2026-06-30,2026-06-30,57000.00,CE,BANKNIFTY26JUN57000CE,1558.00,1755.00,1552.50,1742.15,1750.00,1372.90,55912.75,1742.15,13920,2160,249,438369949.50,170,F1,30,,,,,
2026-04-10,2026-04-10,FO,NSE,IDO,75604,,BANKNIFTY,,2026-06-30,2026-06-30,55200.00,CE,BANKNIFTY26JUN55200CE,0.00,0.00,0.00,1364.50,1364.50,1364.50,55912.75,3040.55,120,0,0,0.00,0,F1,30,,,,,
2026-04-10,2026-04-10,FO,NSE,IDO,57719,,BANKNIFTY,,2026-06-30,2026-06-30,54000.00,CE,BANKNIFTY26JUN54000CE,3448.00,3678.00,3390.70,3657.80,3665.90,3091.20,55912.75,3657.80,21930,90,161,278192116.50,108,F1,30,,,,,
2026-04-10,2026-04-10,FO,NSE,IDO,75575,,BANKNIFTY,,2026-06-30,2026-06-30,53800.00,CE,BANKNIFTY26JUN53800CE,0.00,0.00,0.00,999.60,0.00,999.60,55912.75,3914.30,0,0,0,0.00,0,F1,30,,,,,
2026-04-10,2026-04-10,FO,NSE,IDO,75428,,BANKNIFTY,,2026-06-30,2026-06-30,51400.00,CE,BANKNIFTY26JUN51400CE,0.00,0.00,0.00,2748.20,2748.20,2748.20,55912.75,5699.05,240,0,0,0.00,0,F1,30,,,,,
2026-04-10,2026-04-10,FO,NSE,IDO,75417,,BANKNIFTY,,2026-06-30,2026-06-30,50900.00,CE,BANKNIFTY26JUN50900CE,6102.50,6102.50,6102.50,6102.50,6102.50,5870.40,55912.75,6109.85,510,-30,1,1710075.00,1,F1,30,,,,,
2026-04-10,2026-04-10,FO,NSE,IDO,75288,,BANKNIFTY,,2026-06-30,2026-06-30,50000.00,CE,BANKNIFTY26JUN50000CE,6750.00,7000.00,6631.60,7000.00,7000.00,6135.15,55912.75,7000.00,7350,-60,6,10229536.50,6,F1,30,,,,,
2026-04-10,2026-04-10,FO,NSE,IDO,75249,,BANKNIFTY,,2026-06-30,2026-06-30,48400.00,CE,BANKNIFTY26JUN48400CE,0.00,0.00,0.00,3597.90,0.00,3597.90,55912.75,8314.15,0,0,0,0.00,0,F1,30,,,,,
2026-04-10,2026-04-10,FO,NSE,IDO,75187,,BANKNIFTY,,2026-06-30,2026-06-30,47500.00,CE,BANKNIFTY26JUN47500CE,0.00,0.00,0.00,4244.15,0.00,4244.15,55912.75,9153.25,0,0,0,0.00,0,F1,30,,,,,
2026-04-10,2026-04-10,FO,NSE,IDO,75185,,BANKNIFTY,,2026-06-30,2026-06-30,47400.00,CE,BANKNIFTY26JUN47400CE,0.00,0.00,0.00,4319.20,0.00,4319.20,55912.75,9247.55,0,0,0,0.00,0,F1,30,,,,,
2026-04-10,2026-04-10,FO,NSE,IDO,75075,,BANKNIFTY,,2026-06-30,2026-06-30,45700.00,CE,BANKNIFTY26JUN45700CE,0.00,0.00,0.00,5685.65,0.00,5685.65,55912.75,10874.45,0,0,0,0.00,0,F1,30,,,,,
2026-04-10,2026-04-10,FO,NSE,IDO,75071,,BANKNIFTY,,2026-06-30,2026-06-30,45500.00,CE,BANKNIFTY26JUN45500CE,0.00,0.00,0.00,5856.35,0.00,5856.35,55912.75,11068.15,0,0,0,0.00,0,F1,30,,,,,
2026-04-10,2026-04-10,FO,NSE,IDO,68213,,BANKNIFTY,,2026-05-26,2026-05-26,65700.00,CE,BANKNIFTY26MAY65700CE,0.00,0.00,0.00,49.95,49.95,49.95,55912.75,37.90,0,0,0,0.00,0,F1,30,,,,,
2026-04-10,2026-04-10,FO,NSE,IDO,68144,,BANKNIFTY,,2026-05-26,2026-05-26,63700.00,CE,BANKNIFTY26MAY63700CE,107.00,107.00,107.00,107.00,107.00,104.50,55912.75,107.00,270,-30,1,1914210.00,1,F1,30,,,,,
2026-04-10,2026-04-10,FO,NSE,IDO,68140,,BANKNIFTY,,2026-05-26,2026-05-26,63500.00,CE,BANKNIFTY26MAY63500CE,52.35,53.00,52.35,52.75,52.75,47.45,55912.75,52.75,1170,0,3,5719743.00,3,F1,30,,,,,
2026-04-10,2026-04-10,FO,NSE,IDO,68130,,BANKNIFTY,,2026-05-26,2026-05-26,63000.00,CE,BANKNIFTY26MAY63000CE,52.15,66.10,52.15,64.65,65.90,53.95,55912.75,64.65,45210,3510,448,847560555.00,244,F1,30,,,,,
2026-04-10,2026-04-10,FO,NSE,IDO,68048,,BANKNIFTY,,2026-05-26,2026-05-26,60500.00,CE,BANKNIFTY26MAY60500CE,193.95,212.00,185.10,202.30,195.40,169.90,55912.75,202.30,6540,3300,231,420629167.50,126,F1,30,,,,,
2026-04-10,2026-04-10,FO,NSE,IDO,67996,,BANKNIFTY,,2026-05-26,2026-05-26,60000.00,CE,BANKNIFTY26MAY60000CE,207.00,271.50,207.00,260.20,270.10,205.10,55912.75,260.20,148440,13800,5730,10356561441.00,2847,F1,30,,,,,
2026-04-10,2026-04-10,FO,NSE,IDO,67188,,BANKNIFTY,,2026-05-26,2026-05-26,53600.00,CE,BANKNIFTY26MAY53600CE,0.00,0.00,0.00,3150.65,3150.65,3150.65,55912.75,3374.30,1050,0,0,0.00,0,F1,30,,,,,
2026-04-10,2026-04-10,FO,NSE,IDO,67116,,BANKNIFTY,,2026-05-26,2026-05-26,53100.00,CE,BANKNIFTY26MAY53100CE,0.00,0.00,0.00,3547.15,3547.15,3547.15,55912.75,3745.60,840,0,0,0.00,0,F1,30,,,,,
2026-04-10,2026-04-10,FO,NSE,IDO,67097,,BANKNIFTY,,2026-05-26,2026-05-26,52800.00,CE,BANKNIFTY26MAY52800CE,0.00,0.00,0.00,3301.90,3301.90,3301.90,55912.75,3978.45,2910,0,0,0.00,0,F1,30,,,,,
2026-04-10,2026-04-10,FO,NSE,IDO,66683,,BANKNIFTY,,2026-05-26,2026-05-26,50000.00,CE,BANKNIFTY26MAY50000CE,6007.90,6530.00,6007.90,6514.50,6530.00,5679.70,55912.75,6514.50,4740,-630,90,152427339.00,33,F1,30,,,,,
2026-04-10,2026-04-10,FO,NSE,IDO,66646,,BANKNIFTY,,2026-05-26,2026-05-26,48700.00,CE,BANKNIFTY26MAY48700CE,0.00,0.00,0.00,13150.45,0.00,13150.45,55912.75,7638.30,0,0,0,0.00,0,F1,30,,,,,
2026-04-10,2026-04-10,FO,NSE,IDO,66603,,BANKNIFTY,,2026-05-26,2026-05-26,47600.00,CE,BANKNIFTY26MAY47600CE,0.00,0.00,0.00,14231.55,0.00,14231.55,55912.75,8705.80,0,0,0,0.00,0,F1,30,,,,,
2026-04-10,2026-04-10,FO,NSE,IDO,66531,,BANKNIFTY,,2026-05-26,2026-05-26,46700.00,CE,BANKNIFTY26MAY46700CE,0.00,0.00,0.00,15116.50,0.00,15116.50,55912.75,9589.00,0,0,0,0.00,0,F1,30,,,,,
2026-04-10,2026-04-10,FO,NSE,IDO,66458,,BANKNIFTY,,2026-05-26,2026-05-26,43000.00,CE,BANKNIFTY26MAY43000CE,0.00,0.00,0.00,8000.00,8000.00,8000.00,55912.75,13251.40,30,0,0,0.00,0,F1,30,,,,,
2026-04-10,2026-04-10,FO,NSE,IDO,68177,,BANKNIFTY,,2026-04-28,2026-04-28,65800.00,CE,BANKNIFTY26APR65800CE,5.55,6.40,4.20,4.80,4.20,5.65,55912.75,4.80,3300,-1140,168,331659553.50,108,F1,30,,,,,
2026-04-10,2026-04-10,FO,NSE,IDO,67929,,BANKNIFTY,,2026-04-28,2026-04-28,65100.00,CE,BANKNIFTY26APR65100CE,7.20,8.35,5.30,6.25,5.30,6.55,55912.75,6.25,2910,1500,544,1062547467.00,213,F1,30,,,,,
2026-04-10,2026-04-10,FO,NSE,IDO,67835,,BANKNIFTY,,2026-04-28,2026-04-28,62800.00,CE,BANKNIFTY26APR62800CE,14.50,18.50,13.95,14.90,15.35,15.35,55912.75,14.90,6390,-690,390,734943075.00,203,F1,30,,,,,
2026-04-10,2026-04-10,FO,NSE,IDO,67821,,BANKNIFTY,,2026-04-28,2026-04-28,62300.00,CE,BANKNIFTY26APR62300CE,19.55,20.00,16.15,17.50,18.30,17.80,55912.75,17.50,5880,870,262,489822453.00,145,F1,30,,,,,
2026-04-10,2026-04-10,FO,NSE,IDO,67718,,BANKNIFTY,,2026-04-28,2026-04-28,60200.00,CE,BANKNIFTY26APR60200CE,37.95,51.70,37.95,45.30,46.55,37.95,55912.75,45.30,56640,19890,2672,4829218276.50,1346,F1,30,,,,,
2026-04-10,2026-04-10,FO,NSE,IDO,67704,,BANKNIFTY,,2026-04-28,2026-04-28,59500.00,CE,BANKNIFTY26APR59500CE,51.50,79.80,51.50,70.40,70.95,55.25,55912.75,70.40,142350,1860,14112,25218673153.50,10002,F1,30,,,,,
2026-04-10,2026-04-10,FO,NSE,IDO,67627,,BANKNIFTY,,2026-04-28,2026-04-28,58200.00,CE,BANKNIFTY26APR58200CE,149.25,210.00,144.30,197.05,200.55,132.30,55912.75,197.05,118200,46860,11081,19409719948.50,8184,F1,30,,,,,
2026-04-10,2026-04-10,FO,NSE,IDO,67624,,BANKNIFTY,,2026-04-28,2026-04-28,58100.00,CE,BANKNIFTY26APR58100CE,160.65,227.00,160.60,214.60,219.60,143.75,55912.75,214.60,124380,36900,9664,16903682139.00,7437,F1,30,,,,,
2026-04-10,2026-04-10,FO,NSE,IDO,67560,,BANKNIFTY,,2026-04-28,2026-04-28,57600.00,CE,BANKNIFTY26APR57600CE,217.00,348.35,216.00,331.50,336.80,215.35,55912.75,331.50,58350,8370,8345,14497662178.50,6151,F1,30,,,,,
2026-04-10,2026-04-10,FO,NSE,IDO,67548,,BANKNIFTY,,2026-04-28,2026-04-28,57000.00,CE,BANKNIFTY26APR57000CE,357.20,557.00,353.45,532.55,545.55,343.45,55912.75,532.55,626700,-39120,99328,171338578839.00,60565,F1,30,,,,,
2026-04-10,2026-04-10,FO,NSE,IDO,67476,,BANKNIFTY,,2026-04-28,2026-04-28,54100.00,CE,BANKNIFTY26APR54100CE,2225.75,2400.00,2154.40,2361.55,2361.55,1742.00,55912.75,2361.55,13410,-1680,79,133537288.50,59,F1,30,,,,,
2026-04-10,2026-04-10,FO,NSE,IDO,67458,,BANKNIFTY,,2026-04-28,2026-04-28,53200.00,CE,BANKNIFTY26APR53200CE,2720.00,3165.50,2720.00,3165.50,3165.50,2330.55,55912.75,3165.50,15270,-240,19,32095242.00,12,F1,30,,,,,
2026-04-10,2026-04-10,FO,NSE,IDO,67456,,BANKNIFTY,,2026-04-28,2026-04-28,53100.00,CE,BANKNIFTY26APR53100CE,3110.00,3250.00,3080.60,3178.75,3178.75,2487.05,55912.75,3178.75,18090,-150,22,37119643.50,19,F1,30,,,,,
2026-04-10,2026-04-10,FO,NSE,IDO,67406,,BANKNIFTY,,2026-04-28,2026-04-28,50600.00,CE,BANKNIFTY26APR50600CE,5421.00,5562.75,5344.35,5376.05,5376.05,4598.70,55912.75,5471.95,20130,1470,61,102731838.00,31,F1,30,,,,,
2026-04-10,2026-04-10,FO,NSE,IDO,67309,,BANKNIFTY,,2026-04-28,2026-04-28,48700.00,CE,BANKNIFTY26APR48700CE,0.00,0.00,0.00,7186.65,7186.65,7186.65,55912.75,7353.45,1710,0,0,0.00,0,F1,30,,,,,
2026-04-10,2026-04-10,FO,NSE,IDO,67254,,BANKNIFTY,,2026-04-28,2026-04-28,47600.00,CE,BANKNIFTY26APR47600CE,0.00,0.00,0.00,12335.90,0.00,12335.90,55912.75,8449.40,0,0,0,0.00,0,F1,30,,,,,
2026-04-10,2026-04-10,FO,NSE,IDO,67237,,BANKNIFTY,,2026-04-28,2026-04-28,46900.00,CE,BANKNIFTY26APR46900CE,0.00,0.00,0.00,4963.45,4963.45,4963.45,55912.75,9147.25,180,0,0,0.00,0,F1,30,,,,,
2026-04-10,2026-04-10,FO,NSE,IDO,67217,,BANKNIFTY,,2026-04-28,2026-04-28,46100.00,CE,BANKNIFTY26APR46100CE,0.00,0.00,0.00,13811.75,0.00,13811.75,55912.75,9944.90,0,0,0,0.00,0,F1,30,,,,,
2026-04-10,2026-04-10,FO,NSE,IDO,67207,,BANKNIFTY,,2026-04-28,2026-04-28,46000.00,CE,BANKNIFTY26APR46000CE,9826.25,10000.00,9826.25,10000.00,10000.00,8931.40,55912.75,10044.60,7530,-120,6,10053937.50,2,F1,30,,,,,
2026-04-10,2026-04-10,FO,NSE,IDO,75422,,BANKNIFTY,,2026-06-30,2026-06-30,51200.00,PE,BANKNIFTY26JUN51200PE,632.05,632.05,593.25,603.10,593.25,688.65,55912.75,603.10,750,0,13,20205439.50,7,F1,30,,,,,
2026-04-10,2026-04-10,FO,NSE,IDO,52389,,BANKNIFTY,,2026-09-29,2026-09-29,61500.00,PE,BANKNIFTY26SEP61500PE,0.00,0.00,0.00,5725.60,0.00,5725.60,55912.75,5625.60,0,0,0,0.00,0,F1,30,,,,,
2026-04-10,2026-04-10,FO,NSE,IDO,57815,,BANKNIFTY,,2026-06-30,2026-06-30,69000.00,PE,BANKNIFTY26JUN69000PE,0.00,0.00,0.00,15956.60,15956.15,15956.60,55912.75,12195.90,2610,0,0,0.00,0,F1,30,,,,,
2026-04-10,2026-04-10,FO,NSE,IDO,57807,,BANKNIFTY,,2026-06-30,2026-06-30,67500.00,PE,BANKNIFTY26JUN67500PE,0.00,0.00,0.00,14646.30,14646.10,14646.30,55912.75,10761.20,2610,0,0,0.00,0,F1,30,,,,,
2026-04-10,2026-04-10,FO,NSE,IDO,75231,,BANKNIFTY,,2026-06-30,2026-06-30,48100.00,CE,BANKNIFTY26JUN48100CE,0.00,0.00,0.00,3809.00,0.00,3809.00,55912.75,8591.80,0,0,0,0.00,0,F1,30,,,,,
2026-04-10,2026-04-10,FO,NSE,IDO,75284,,BANKNIFTY,,2026-06-30,2026-06-30,49800.00,CE,BANKNIFTY26JUN49800CE,0.00,0.00,0.00,2710.70,0.00,2710.70,55912.75,7052.20,0,0,0,0.00,0,F1,30,,,,,
2026-04-10,2026-04-10,FO,NSE,IDO,75434,,BANKNIFTY,,2026-06-30,2026-06-30,51600.00,CE,BANKNIFTY26JUN51600CE,5579.30,5579.30,5579.30,5579.30,5579.30,5248.70,55912.75,5579.30,240,-30,1,1715379.00,1,F1,30,,,,,
2026-04-10,2026-04-10,FO,NSE,IDO,75571,,BANKNIFTY,,2026-06-30,2026-06-30,53600.00,CE,BANKNIFTY26JUN53600CE,0.00,0.00,0.00,1057.85,0.00,1057.85,55912.75,4049.70,0,0,0,0.00,0,F1,30,,,,,
2026-04-10,2026-04-10,FO,NSE,IDO,76387,,BANKNIFTY,,2027-03-30,2027-03-30,48000.00,PE,BANKNIFTY27MAR48000PE,0.00,0.00,0.00,1572.45,0.00,1572.45,55912.75,869.05,0,0,0,0.00,0,F1,30,,,,,
2026-04-10,2026-04-10,FO,NSE,IDO,53217,,BANKNIFTY,,2026-12-29,2026-12-29,48000.00,PE,BANKNIFTY26DEC48000PE,0.00,0.00,0.00,143.70,0.00,143.70,55912.75,652.35,0,0,0,0.00,0,F1,30,,,,,
2026-04-10,2026-04-10,FO,NSE,IDO,52405,,BANKNIFTY,,2026-09-29,2026-09-29,63000.00,PE,BANKNIFTY26SEP63000PE,0.00,0.00,0.00,6693.90,0.00,6693.90,55912.75,6685.65,0,0,0,0.00,0,F1,30,,,,,
2026-04-10,2026-04-10,FO,NSE,IDO,52283,,BANKNIFTY,,2026-09-29,2026-09-29,51000.00,PE,BANKNIFTY26SEP51000PE,0.00,0.00,0.00,1180.85,0.00,1180.85,55912.75,892.95,0,0,0,0.00,0,F1,30,,,,,
2026-04-10,2026-04-10,FO,NSE,IDO,57760,,BANKNIFTY,,2026-06-30,2026-06-30,61500.00,PE,BANKNIFTY26JUN61500PE,0.00,0.00,0.00,8718.00,8718.00,8718.00,55912.75,5441.00,330,0,0,0.00,0,F1,30,,,,,
2026-04-10,2026-04-10,FO,NSE,IDO,75623,,BANKNIFTY,,2026-06-30,2026-06-30,56200.00,PE,BANKNIFTY26JUN56200PE,0.00,0.00,0.00,5398.15,0.00,5398.15,55912.75,2009.25,0,0,0,0.00,0,F1,30,,,,,
2026-04-10,2026-04-10,FO,NSE,IDO,75597,,BANKNIFTY,,2026-06-30,2026-06-30,54800.00,PE,BANKNIFTY26JUN54800PE,0.00,0.00,0.00,1692.85,1689.40,1692.85,55912.75,1406.70,390,0,0,0.00,0,F1,30,,,,,
2026-04-10,2026-04-10,FO,NSE,IDO,75595,,BANKNIFTY,,2026-06-30,2026-06-30,54700.00,PE,BANKNIFTY26JUN54700PE,0.00,0.00,0.00,1514.45,1514.45,1514.45,55912.75,1368.85,30,0,0,0.00,0,F1,30,,,,,
2026-04-10,2026-04-10,FO,NSE,IDO,67167,,BANKNIFTY,,2026-04-28,2026-04-28,45600.00,CE,BANKNIFTY26APR45600CE,0.00,0.00,0.00,14303.95,0.00,14303.95,55912.75,10443.45,0,0,0,0.00,0,F1,30,,,,,
2026-04-10,2026-04-10,FO,NSE,IDO,67316,,BANKNIFTY,,2026-04-28,2026-04-28,48900.00,CE,BANKNIFTY26APR48900CE,0.00,0.00,0.00,6900.00,6900.00,6900.00,55912.75,7154.40,810,0,0,0.00,0,F1,30,,,,,
2026-04-10,2026-04-10,FO,NSE,IDO,67340,,BANKNIFTY,,2026-04-28,2026-04-28,49400.00,CE,BANKNIFTY26APR49400CE,0.00,0.00,0.00,6267.50,6267.50,6267.50,55912.75,6657.40,3150,0,0,0.00,0,F1,30,,,,,
2026-04-10,2026-04-10,FO,NSE,IDO,67384,,BANKNIFTY,,2026-04-28,2026-04-28,49800.00,CE,BANKNIFTY26APR49800CE,5995.00,6070.85,5995.00,6065.25,6065.25,5881.25,55912.75,6260.75,6390,-90,29,48601279.50,29,F1,30,,,,,
2026-04-10,2026-04-10,FO,NSE,IDO,67402,,BANKNIFTY,,2026-04-28,2026-04-28,50400.00,CE,BANKNIFTY26APR50400CE,5774.70,5774.70,5630.85,5747.70,5750.40,4731.05,55912.75,5747.70,27720,-180,7,11783830.50,6,F1,30,,,,,
2026-04-10,2026-04-10,FO,NSE,IDO,67404,,BANKNIFTY,,2026-04-28,2026-04-28,50500.00,CE,BANKNIFTY26APR50500CE,5352.45,5690.65,5326.10,5651.65,5690.65,4760.80,55912.75,5651.65,90180,-630,78,131157658.50,51,F1,30,,,,,
2026-04-10,2026-04-10,FO,NSE,IDO,67414,,BANKNIFTY,,2026-04-28,2026-04-28,51000.00,CE,BANKNIFTY26APR51000CE,4599.00,5200.00,4599.00,5107.85,5162.45,4261.90,55912.75,5107.85,184230,-4470,459,771698490.00,284,F1,30,,,,,
2026-04-10,2026-04-10,FO,NSE,IDO,67450,,BANKNIFTY,,2026-04-28,2026-04-28,52800.00,CE,BANKNIFTY26APR52800CE,3200.00,3461.55,3200.00,3460.80,3461.55,2658.25,55912.75,3460.80,21420,-480,34,57303210.00,14,F1,30,,,,,
2026-04-10,2026-04-10,FO,NSE,IDO,67452,,BANKNIFTY,,2026-04-28,2026-04-28,52900.00,CE,BANKNIFTY26APR52900CE,3000.95,3453.60,3000.95,3453.60,3453.60,2637.85,55912.75,3453.60,27330,-120,29,48712077.00,11,F1,30,,,,,
2026-04-10,2026-04-10,FO,NSE,IDO,67512,,BANKNIFTY,,2026-04-28,2026-04-28,55300.00,CE,BANKNIFTY26APR55300CE,1028.00,1505.10,1028.00,1463.15,1479.00,1013.30,55912.75,1463.15,35970,-38790,11290,19190789277.00,7136,F1,30,,,,,
2026-04-10,2026-04-10,FO,NSE,IDO,67542,,BANKNIFTY,,2026-04-28,2026-04-28,56700.00,CE,BANKNIFTY26APR56700CE,491.95,686.20,468.30,658.05,665.00,428.80,55912.75,658.05,61920,7650,10432,17936546317.50,7622,F1,30,,,,,
2026-04-10,2026-04-10,FO,NSE,IDO,67761,,BANKNIFTY,,2026-04-28,2026-04-28,61000.00,CE,BANKNIFTY26APR61000CE,26.20,32.05,24.60,29.00,28.80,26.20,55912.75,29.00,656700,-34140,29677,54334966732.50,15291,F1,30,,,,,
2026-04-10,2026-04-10,FO,NSE,IDO,67784,,BANKNIFTY,,2026-04-28,2026-04-28,61600.00,CE,BANKNIFTY26APR61600CE,22.95,26.90,20.00,23.70,23.50,22.60,55912.75,23.70,13050,5040,1886,3486679141.50,1174,F1,30,,,,,
2026-04-10,2026-04-10,FO,NSE,IDO,67891,,BANKNIFTY,,2026-04-28,2026-04-28,64200.00,CE,BANKNIFTY26APR64200CE,10.00,10.90,7.90,8.40,7.90,8.30,55912.75,8.40,4500,870,383,737764195.50,172,F1,30,,,,,
2026-04-10,2026-04-10,FO,NSE,IDO,68196,,BANKNIFTY,,2026-04-28,2026-04-28,66500.00,CE,BANKNIFTY26APR66500CE,4.45,5.50,3.45,3.70,3.45,4.25,55912.75,3.70,13260,1530,1364,2721366339.00,867,F1,30,,,,,
2026-04-10,2026-04-10,FO,NSE,IDO,66527,,BANKNIFTY,,2026-05-26,2026-05-26,46500.00,CE,BANKNIFTY26MAY46500CE,0.00,0.00,0.00,5000.00,5000.00,5000.00,55912.75,9786.05,3240,0,0,0.00,0,F1,30,,,,,
2026-04-10,2026-04-10,FO,NSE,IDO,66609,,BANKNIFTY,,2026-05-26,2026-05-26,47800.00,CE,BANKNIFTY26MAY47800CE,0.00,0.00,0.00,14034.95,0.00,14034.95,55912.75,8510.55,0,0,0,0.00,0,F1,30,,,,,
2026-04-10,2026-04-10,FO,NSE,IDO,66613,,BANKNIFTY,,2026-05-26,2026-05-26,48000.00,CE,BANKNIFTY26MAY48000CE,8250.00,8250.00,8200.00,8200.00,8200.00,7911.00,55912.75,8200.00,2250,0,9,15185250.00,6,F1,30,,,,,
2026-04-10,2026-04-10,FO,NSE,IDO,66648,,BANKNIFTY,,2026-05-26,2026-05-26,48800.00,CE,BANKNIFTY26MAY48800CE,0.00,0.00,0.00,13052.20,0.00,13052.20,55912.75,7542.20,0,0,0,0.00,0,F1,30,,,,,
2026-04-10,2026-04-10,FO,NSE,IDO,75572,,BANKNIFTY,,2026-06-30,2026-06-30,53600.00,PE,BANKNIFTY26JUN53600PE,0.00,0.00,0.00,1174.60,1174.60,1174.60,55912.75,996.30,210,0,0,0.00,0,F1,30,,,,,
2026-04-10,2026-04-10,FO,NSE,IDO,75468,,BANKNIFTY,,2026-06-30,2026-06-30,52900.00,PE,BANKNIFTY26JUN52900PE,0.00,0.00,0.00,2959.65,0.00,2959.65,55912.75,802.70,0,0,0,0.00,0,F1,30,,,,,
2026-04-10,2026-04-10,FO,NSE,IDO,75456,,BANKNIFTY,,2026-06-30,2026-06-30,52200.00,PE,BANKNIFTY26JUN52200PE,743.15,743.15,743.15,743.15,743.15,1984.30,55912.75,743.15,360,0,2,3176589.00,1,F1,30,,,,,
2026-04-10,2026-04-10,FO,NSE,IDO,75410,,BANKNIFTY,,2026-06-30,2026-06-30,50500.00,PE,BANKNIFTY26JUN50500PE,545.00,545.00,526.60,532.20,532.20,713.20,55912.75,336.20,1560,-60,5,7654978.50,5,F1,30,,,,,
2026-04-10,2026-04-10,FO,NSE,IDO,75291,,BANKNIFTY,,2026-06-30,2026-06-30,50100.00,PE,BANKNIFTY26JUN50100PE,0.00,0.00,0.00,1467.25,0.00,1467.25,55912.75,285.35,0,0,0,0.00,0,F1,30,,,,,
2026-04-10,2026-04-10,FO,NSE,IDO,75287,,BANKNIFTY,,2026-06-30,2026-06-30,49900.00,PE,BANKNIFTY26JUN49900PE,0.00,0.00,0.00,1383.85,0.00,1383.85,55912.75,262.30,0,0,0,0.00,0,F1,30,,,,,
2026-04-10,2026-04-10,FO,NSE,IDO,75283,,BANKNIFTY,,2026-06-30,2026-06-30,49700.00,PE,BANKNIFTY26JUN49700PE,0.00,0.00,0.00,1303.50,0.00,1303.50,55912.75,240.75,0,0,0,0.00,0,F1,30,,,,,
2026-04-10,2026-04-10,FO,NSE,IDO,75177,,BANKNIFTY,,2026-06-30,2026-06-30,47000.00,PE,BANKNIFTY26JUN47000PE,0.00,0.00,0.00,508.55,0.00,508.55,55912.75,64.30,0,0,0,0.00,0,F1,30,,,,,
2026-04-10,2026-04-10,FO,NSE,IDO,57696,,BANKNIFTY,,2026-06-30,2026-06-30,46500.00,PE,BANKNIFTY26JUN46500PE,261.65,265.00,252.05,252.05,252.05,356.15,55912.75,252.05,4290,330,32,44891683.50,6,F1,30,,,,,
2026-04-10,2026-04-10,FO,NSE,IDO,68190,,BANKNIFTY,,2026-05-26,2026-05-26,64900.00,PE,BANKNIFTY26MAY64900PE,0.00,0.00,0.00,11514.05,11514.05,11514.05,55912.75,8533.90,600,0,0,0.00,0,F1,30,,,,,
2026-04-10,2026-04-10,FO,NSE,IDO,68145,,BANKNIFTY,,2026-05-26,2026-05-26,63700.00,PE,BANKNIFTY26MAY63700PE,0.00,0.00,0.00,10342.90,10342.90,10342.90,55912.75,7389.80,30,0,0,0.00,0,F1,30,,,,,
2026-04-10,2026-04-10,FO,NSE,IDO,68093,,BANKNIFTY,,2026-05-26,2026-05-26,61500.00,PE,BANKNIFTY26MAY61500PE,5249.00,5249.00,5200.00,5200.00,5200.00,5575.00,55912.75,5382.60,300,60,2,4003470.00,2,F1,30,,,,,
2026-04-10,2026-04-10,FO,NSE,IDO,68087,,BANKNIFTY,,2026-05-26,2026-05-26,61200.00,PE,BANKNIFTY26MAY61200PE,0.00,0.00,0.00,8804.90,8804.90,8804.90,55912.75,5122.10,240,0,0,0.00,0,F1,30,,,,,
2026-04-10,2026-04-10,FO,NSE,IDO,68051,,BANKNIFTY,,2026-05-26,2026-05-26,60600.00,PE,BANKNIFTY26MAY60600PE,4778.00,4778.00,4601.00,4601.00,4601.00,5445.00,55912.75,4613.60,450,0,2,3917370.00,2,F1,30,,,,,
2026-04-10,2026-04-10,FO,NSE,IDO,67995,,BANKNIFTY,,2026-05-26,2026-05-26,59900.00,PE,BANKNIFTY26MAY59900PE,0.00,0.00,0.00,6565.00,6565.00,6565.00,55912.75,4044.40,60,0,0,0.00,0,F1,30,,,,,
2026-04-10,2026-04-10,FO,NSE,IDO,67595,,BANKNIFTY,,2026-05-26,2026-05-26,57700.00,PE,BANKNIFTY26MAY57700PE,0.00,0.00,0.00,2474.10,2474.10,2474.10,55912.75,2467.85,240,0,0,0.00,0,F1,30,,,,,
2026-04-10,2026-04-10,FO,NSE,IDO,67583,,BANKNIFTY,,2026-05-26,2026-05-26,57200.00,PE,BANKNIFTY26MAY57200PE,1933.60,1933.60,1933.60,1933.60,1933.60,2121.55,55912.75,2163.20,300,90,4,7096032.00,4,F1,30,,,,,
2026-04-10,2026-04-10,FO,NSE,IDO,67573,,BANKNIFTY,,2026-05-26,2026-05-26,56800.00,PE,BANKNIFTY26MAY56800PE,1790.65,1825.50,1736.80,1804.20,1804.20,1885.45,55912.75,1935.35,990,-450,25,43935379.50,16,F1,30,,,,,
2026-04-10,2026-04-10,FO,NSE,IDO,66747,,BANKNIFTY,,2026-05-26,2026-05-26,50300.00,PE,BANKNIFTY26MAY50300PE,0.00,0.00,0.00,1163.35,1188.90,1163.35,55912.75,120.75,1140,0,0,0.00,0,F1,30,,,,,
2026-04-10,2026-04-10,FO,NSE,IDO,66684,,BANKNIFTY,,2026-05-26,2026-05-26,50000.00,PE,BANKNIFTY26MAY50000PE,402.85,402.85,286.05,290.40,286.05,449.55,55912.75,290.40,83850,25050,3006,4537055056.50,1410,F1,30,,,,,
2026-04-10,2026-04-10,FO,NSE,IDO,66657,,BANKNIFTY,,2026-05-26,2026-05-26,49200.00,PE,BANKNIFTY26MAY49200PE,0.00,0.00,0.00,1.85,0.00,1.85,55912.75,59.80,0,0,0,0.00,0,F1,30,,,,,
2026-04-10,2026-04-10,FO,NSE,IDO,66651,,BANKNIFTY,,2026-05-26,2026-05-26,48900.00,PE,BANKNIFTY26MAY48900PE,0.00,0.00,0.00,1.40,0.00,1.40,55912.75,48.65,0,0,0,0.00,0,F1,30,,,,,
2026-04-10,2026-04-10,FO,NSE,IDO,66639,,BANKNIFTY,,2026-05-26,2026-05-26,48400.00,PE,BANKNIFTY26MAY48400PE,0.00,0.00,0.00,0.90,0.00,0.90,55912.75,34.00,0,0,0,0.00,0,F1,30,,,,,
2026-04-10,2026-04-10,FO,NSE,IDO,66569,,BANKNIFTY,,2026-05-26,2026-05-26,46900.00,PE,BANKNIFTY26MAY46900PE,0.00,0.00,0.00,0.20,0.00,0.20,55912.75,10.30,0,0,0,0.00,0,F1,30,,,,,
2026-04-10,2026-04-10,FO,NSE,IDO,66467,,BANKNIFTY,,2026-05-26,2026-05-26,45000.00,PE,BANKNIFTY26MAY45000PE,116.00,116.00,88.15,93.20,96.00,136.45,55912.75,93.20,4680,1710,173,234071386.50,101,F1,30,,,,,
2026-04-10,2026-04-10,FO,NSE,IDO,66465,,BANKNIFTY,,2026-05-26,2026-05-26,44500.00,PE,BANKNIFTY26MAY44500PE,0.00,0.00,0.00,0.05,0.00,0.05,55912.75,1.05,0,0,0,0.00,0,F1,30,,,,,
2026-04-10,2026-04-10,FO,NSE,IDO,66459,,BANKNIFTY,,2026-05-26,2026-05-26,43000.00,PE,BANKNIFTY26MAY43000PE,75.00,75.00,57.00,60.35,65.00,92.50,55912.75,60.35,7140,540,324,418589836.50,83,F1,30,,,,,
2026-04-10,2026-04-10,FO,NSE,IDO,67926,,BANKNIFTY,,2026-04-28,2026-04-28,64900.00,PE,BANKNIFTY26APR64900PE,0.00,0.00,0.00,10543.85,10543.85,10543.85,55912.75,8802.15,30,0,0,0.00,0,F1,30,,,,,
2026-04-10,2026-04-10,FO,NSE,IDO,67918,,BANKNIFTY,,2026-04-28,2026-04-28,64500.00,PE,BANKNIFTY26APR64500PE,0.00,0.00,0.00,11275.00,11275.00,11275.00,55912.75,8403.80,90,0,0,0.00,0,F1,30,,,,,
2026-04-10,2026-04-10,FO,NSE,IDO,67916,,BANKNIFTY,,2026-04-28,2026-04-28,64400.00,PE,BANKNIFTY26APR64400PE,0.00,0.00,0.00,13239.60,13239.60,13239.60,55912.75,8304.25,90,0,0,0.00,0,F1,30,,,,,
2026-04-10,2026-04-10,FO,NSE,IDO,67818,,BANKNIFTY,,2026-04-28,2026-04-28,62100.00,PE,BANKNIFTY26APR62100PE,0.00,0.00,0.00,11208.50,11208.50,11208.50,55912.75,6025.55,900,0,0,0.00,0,F1,30,,,,,
2026-04-10,2026-04-10,FO,NSE,IDO,67727,,BANKNIFTY,,2026-04-28,2026-04-28,60600.00,PE,BANKNIFTY26APR60600PE,0.00,0.00,0.00,8661.30,8661.30,8661.30,55912.75,4574.05,1650,0,0,0.00,0,F1,30,,,,,
2026-04-10,2026-04-10,FO,NSE,IDO,67632,,BANKNIFTY,,2026-04-28,2026-04-28,58400.00,PE,BANKNIFTY26APR58400PE,0.00,0.00,0.00,3000.00,3000.00,3000.00,55912.75,2618.05,2340,0,0,0.00,0,F1,30,,,,,
2026-04-10,2026-04-10,FO,NSE,IDO,67561,,BANKNIFTY,,2026-04-28,2026-04-28,57600.00,PE,BANKNIFTY26APR57600PE,2138.75,2138.75,1854.70,1856.25,1854.70,2285.85,55912.75,1856.25,2880,90,28,49991823.00,10,F1,30,,,,,
2026-04-10,2026-04-10,FO,NSE,IDO,67547,,BANKNIFTY,,2026-04-28,2026-04-28,56900.00,PE,BANKNIFTY26APR56900PE,1567.75,1588.00,1387.65,1406.80,1408.40,2202.90,55912.75,1406.80,5700,870,243,425717598.00,145,F1,30,,,,,
2026-04-10,2026-04-10,FO,NSE,IDO,67527,,BANKNIFTY,,2026-04-28,2026-04-28,55900.00,PE,BANKNIFTY26APR55900PE,1254.65,1254.65,902.00,930.15,915.75,1538.20,55912.75,930.15,83400,61080,26648,45479902071.00,18859,F1,30,,,,,
2026-04-10,2026-04-10,FO,NSE,IDO,67523,,BANKNIFTY,,2026-04-28,2026-04-28,55700.00,PE,BANKNIFTY26APR55700PE,1189.75,1189.75,828.00,859.10,847.00,1450.05,55912.75,859.10,83190,39150,39321,66806370267.00,24151,F1,30,,,,,
2026-04-10,2026-04-10,FO,NSE,IDO,67499,,BANKNIFTY,,2026-04-28,2026-04-28,55100.00,PE,BANKNIFTY26APR55100PE,1037.80,1037.80,645.00,663.70,666.05,1154.70,55912.75,663.70,43470,-11070,7529,12615579678.00,5424,F1,30,,,,,
2026-04-10,2026-04-10,FO,NSE,IDO,67463,,BANKNIFTY,,2026-04-28,2026-04-28,53400.00,PE,BANKNIFTY26APR53400PE,519.10,519.10,318.20,326.80,328.45,598.55,55912.75,326.80,26940,2580,2225,3588338220.00,1555,F1,30,,,,,
2026-04-10,2026-04-10,FO,NSE,IDO,67447,,BANKNIFTY,,2026-04-28,2026-04-28,52600.00,PE,BANKNIFTY26APR52600PE,365.55,365.55,233.65,238.80,237.75,441.40,55912.75,238.80,20100,-660,1170,1855478821.50,849,F1,30,,,,,
2026-04-10,2026-04-10,FO,NSE,IDO,67433,,BANKNIFTY,,2026-04-28,2026-04-28,51900.00,PE,BANKNIFTY26APR51900PE,235.55,248.45,181.40,186.15,184.45,336.70,55912.75,186.15,24480,-3180,1104,1725572814.00,646,F1,30,,,,,
2026-04-10,2026-04-10,FO,NSE,IDO,67425,,BANKNIFTY,,2026-04-28,2026-04-28,51500.00,PE,BANKNIFTY26APR51500PE,233.00,233.00,152.80,158.55,162.55,289.00,55912.75,158.55,251220,29940,12370,19175336982.00,7765,F1,30,,,,,
2026-04-10,2026-04-10,FO,NSE,IDO,67411,,BANKNIFTY,,2026-04-28,2026-04-28,50800.00,PE,BANKNIFTY26APR50800PE,151.55,151.55,121.75,125.65,124.00,223.45,55912.75,125.65,27300,-1380,496,757923526.50,283,F1,30,,,,,
2026-04-10,2026-04-10,FO,NSE,IDO,67401,,BANKNIFTY,,2026-04-28,2026-04-28,50300.00,PE,BANKNIFTY26APR50300PE,139.95,140.00,102.10,107.50,107.30,187.10,55912.75,107.50,23160,-2250,609,921099705.00,307,F1,30,,,,,
2026-04-10,2026-04-10,FO,NSE,IDO,67389,,BANKNIFTY,,2026-04-28,2026-04-28,49900.00,PE,BANKNIFTY26APR49900PE,115.05,117.50,88.10,92.15,94.20,162.80,55912.75,92.15,19170,810,557,835478275.50,339,F1,30,,,,,
2026-04-10,2026-04-10,FO,NSE,IDO,67385,,BANKNIFTY,,2026-04-28,2026-04-28,49800.00,PE,BANKNIFTY26APR49800PE,110.05,110.95,85.95,89.25,85.95,157.20,55912.75,89.25,19230,2790,405,606261264.00,303,F1,30,,,,,
2026-04-10,2026-04-10,FO,NSE,IDO,67306,,BANKNIFTY,,2026-04-28,2026-04-28,48500.00,PE,BANKNIFTY26APR48500PE,80.00,86.05,55.10,58.20,55.65,101.30,55912.75,58.20,98220,10680,8057,11738251456.50,3644,F1,30,,,,,
2026-04-10,2026-04-10,FO,NSE,IDO,67275,,BANKNIFTY,,2026-04-28,2026-04-28,48000.00,PE,BANKNIFTY26APR48000PE,81.00,81.00,45.80,48.45,48.20,85.95,55912.75,48.45,390180,-750,18109,26105791027.50,7984,F1,30,,,,,
2026-04-10,2026-04-10,FO,NSE,IDO,67265,,BANKNIFTY,,2026-04-28,2026-04-28,47700.00,PE,BANKNIFTY26APR47700PE,0.00,0.00,0.00,1.65,0.00,1.65,55912.75,0.25,0,0,0,0.00,0,F1,30,,,,,
2026-04-10,2026-04-10,FO,NSE,IDO,67261,,BANKNIFTY,,2026-04-28,2026-04-28,47600.00,PE,BANKNIFTY26APR47600PE,0.00,0.00,0.00,1.50,0.00,1.50,55912.75,0.20,0,0,0,0.00,0,F1,30,,,,,
2026-04-10,2026-04-10,FO,NSE,IDO,52272,,BANKNIFTY,,2026-09-29,2026-09-29,48000.00,CE,BANKNIFTY26SEP48000CE,0.00,0.00,0.00,10080.05,0.00,10080.05,55912.75,9702.95,0,0,0,0.00,0,F1,30,,,,,
2026-04-10,2026-04-10,FO,NSE,IDO,75802,,BANKNIFTY,,2026-06-30,2026-06-30,59100.00,CE,BANKNIFTY26JUN59100CE,813.35,820.10,775.35,775.35,775.35,173.15,55912.75,1308.80,360,360,13,23361597.00,4,F1,30,,,,,
2026-04-10,2026-04-10,FO,NSE,IDO,75638,,BANKNIFTY,,2026-06-30,2026-06-30,57100.00,CE,BANKNIFTY26JUN57100CE,0.00,0.00,0.00,698.10,698.10,698.10,55912.75,2069.55,180,0,0,0.00,0,F1,30,,,,,
2026-04-10,2026-04-10,FO,NSE,IDO,75622,,BANKNIFTY,,2026-06-30,2026-06-30,56200.00,CE,BANKNIFTY26JUN56200CE,0.00,0.00,0.00,2017.30,2017.30,2017.30,55912.75,2498.55,150,0,0,0.00,0,F1,30,,,,,
2026-04-10,2026-04-10,FO,NSE,IDO,75594,,BANKNIFTY,,2026-06-30,2026-06-30,54700.00,CE,BANKNIFTY26JUN54700CE,0.00,0.00,0.00,770.45,0.00,770.45,55912.75,3337.45,0,0,0,0.00,0,F1,30,,,,,
2026-04-10,2026-04-10,FO,NSE,IDO,66656,,BANKNIFTY,,2026-05-26,2026-05-26,49200.00,CE,BANKNIFTY26MAY49200CE,0.00,0.00,0.00,12659.35,0.00,12659.35,55912.75,7159.80,0,0,0,0.00,0,F1,30,,,,,
2026-04-10,2026-04-10,FO,NSE,IDO,66662,,BANKNIFTY,,2026-05-26,2026-05-26,49500.00,CE,BANKNIFTY26MAY49500CE,0.00,0.00,0.00,6102.50,6102.50,6102.50,55912.75,6875.35,30,0,0,0.00,0,F1,30,,,,,
2026-04-10,2026-04-10,FO,NSE,IDO,66761,,BANKNIFTY,,2026-05-26,2026-05-26,50900.00,CE,BANKNIFTY26MAY50900CE,0.00,0.00,0.00,5000.00,5000.00,5000.00,55912.75,5584.70,300,0,0,0.00,0,F1,30,,,,,
2026-04-10,2026-04-10,FO,NSE,IDO,66769,,BANKNIFTY,,2026-05-26,2026-05-26,51300.00,CE,BANKNIFTY26MAY51300CE,5161.85,5161.85,5161.85,5161.85,5161.85,4553.00,55912.75,5230.15,750,-30,1,1693855.50,1,F1,30,,,,,
2026-04-10,2026-04-10,FO,NSE,IDO,67084,,BANKNIFTY,,2026-05-26,2026-05-26,52400.00,CE,BANKNIFTY26MAY52400CE,0.00,0.00,0.00,4183.50,4183.50,4183.50,55912.75,4298.65,960,0,0,0.00,0,F1,30,,,,,
2026-04-10,2026-04-10,FO,NSE,IDO,67114,,BANKNIFTY,,2026-05-26,2026-05-26,53000.00,CE,BANKNIFTY26MAY53000CE,3650.00,3900.00,3649.95,3797.30,3850.00,3244.10,55912.75,3797.30,21060,5280,460,783971440.50,301,F1,30,,,,,
2026-04-10,2026-04-10,FO,NSE,IDO,67294,,BANKNIFTY,,2026-05-26,2026-05-26,56200.00,CE,BANKNIFTY26MAY56200CE,1549.25,1792.70,1495.00,1752.05,1792.70,1228.00,55912.75,1752.05,3540,1500,85,147355686.00,38,F1,30,,,,,
2026-04-10,2026-04-10,FO,NSE,IDO,67598,,BANKNIFTY,,2026-05-26,2026-05-26,57900.00,CE,BANKNIFTY26MAY57900CE,716.75,790.25,699.05,777.20,787.00,421.45,55912.75,777.20,3840,-420,116,204062982.00,69,F1,30,,,,,
2026-04-10,2026-04-10,FO,NSE,IDO,67656,,BANKNIFTY,,2026-05-26,2026-05-26,58900.00,CE,BANKNIFTY26MAY58900CE,389.40,462.75,389.40,452.65,452.65,403.25,55912.75,759.60,1770,570,95,169102003.50,63,F1,30,,,,,
2026-04-10,2026-04-10,FO,NSE,IDO,68122,,BANKNIFTY,,2026-05-26,2026-05-26,62700.00,CE,BANKNIFTY26MAY62700CE,94.65,98.25,94.65,96.45,98.25,52.20,55912.75,96.45,180,30,2,3767787.00,2,F1,30,,,,,
2026-04-10,2026-04-10,FO,NSE,IDO,68160,,BANKNIFTY,,2026-05-26,2026-05-26,64300.00,CE,BANKNIFTY26MAY64300CE,0.00,0.00,0.00,52.15,52.15,52.15,55912.75,77.65,180,0,0,0.00,0,F1,30,,,,,
2026-04-10,2026-04-10,FO,NSE,IDO,74892,,BANKNIFTY,,2026-06-30,2026-06-30,43000.00,CE,BANKNIFTY26JUN43000CE,0.00,0.00,0.00,8116.30,0.00,8116.30,55912.75,13511.60,0,0,0,0.00,0,F1,30,,,,,
2026-04-10,2026-04-10,FO,NSE,IDO,75160,,BANKNIFTY,,2026-06-30,2026-06-30,46300.00,CE,BANKNIFTY26JUN46300CE,0.00,0.00,0.00,5185.20,0.00,5185.20,55912.75,10295.80,0,0,0,0.00,0,F1,30,,,,,
2026-04-10,2026-04-10,FO,NSE,IDO,75174,,BANKNIFTY,,2026-06-30,2026-06-30,47000.00,CE,BANKNIFTY26JUN47000CE,0.00,0.00,0.00,4625.80,0.00,4625.80,55912.75,9626.50,0,0,0,0.00,0,F1,30,,,,,
2026-04-10,2026-04-10,FO,NSE,IDO,75181,,BANKNIFTY,,2026-06-30,2026-06-30,47200.00,CE,BANKNIFTY26JUN47200CE,0.00,0.00,0.00,4471.30,0.00,4471.30,55912.75,9436.65,0,0,0,0.00,0,F1,30,,,,,
2026-04-10,2026-04-10,FO,NSE,IDO,57697,,BANKNIFTY,,2026-06-30,2026-06-30,48000.00,CE,BANKNIFTY26JUN48000CE,0.00,0.00,0.00,12636.60,0.00,12636.60,55912.75,8684.80,0,0,0,0.00,0,F1,30,,,,,
2026-04-10,2026-04-10,FO,NSE,IDO,67313,,BANKNIFTY,,2026-04-28,2026-04-28,48800.00,CE,BANKNIFTY26APR48800CE,0.00,0.00,0.00,3517.65,3517.65,3517.65,55912.75,7253.90,960,0,0,0.00,0,F1,30,,,,,
2026-04-10,2026-04-10,FO,NSE,IDO,67298,,BANKNIFTY,,2026-04-28,2026-04-28,48200.00,CE,BANKNIFTY26APR48200CE,0.00,0.00,0.00,4557.50,4557.50,4557.50,55912.75,7851.40,780,0,0,0.00,0,F1,30,,,,,
2026-04-10,2026-04-10,FO,NSE,IDO,67266,,BANKNIFTY,,2026-04-28,2026-04-28,47800.00,CE,BANKNIFTY26APR47800CE,0.00,0.00,0.00,3627.35,3627.35,3627.35,55912.75,8250.05,780,0,0,0.00,0,F1,30,,,,,
2026-04-10,2026-04-10,FO,NSE,IDO,67241,,BANKNIFTY,,2026-04-28,2026-04-28,47100.00,CE,BANKNIFTY26APR47100CE,0.00,0.00,0.00,4202.20,4202.20,4202.20,55912.75,8947.85,660,0,0,0.00,0,F1,30,,,,,
2026-04-10,2026-04-10,FO,NSE,IDO,53255,,BANKNIFTY,,2026-12-29,2026-12-29,69000.00,PE,BANKNIFTY26DEC69000PE,0.00,0.00,0.00,7449.10,0.00,7449.10,55912.75,11137.85,0,0,0,0.00,0,F1,30,,,,,
2026-04-10,2026-04-10,FO,NSE,IDO,53229,,BANKNIFTY,,2026-12-29,2026-12-29,57000.00,PE,BANKNIFTY26DEC57000PE,0.00,0.00,0.00,1442.50,0.00,1442.50,55912.75,3332.75,0,0,0,0.00,0,F1,30,,,,,
2026-04-10,2026-04-10,FO,NSE,IDO,52361,,BANKNIFTY,,2026-09-29,2026-09-29,60000.00,PE,BANKNIFTY26SEP60000PE,0.00,0.00,0.00,4829.45,0.00,4829.45,55912.75,4652.15,0,0,0,0.00,0,F1,30,,,,,
2026-04-10,2026-04-10,FO,NSE,IDO,75662,,BANKNIFTY,,2026-06-30,2026-06-30,57500.00,PE,BANKNIFTY26JUN57500PE,0.00,0.00,0.00,6504.10,0.00,6504.10,55912.75,2689.40,0,0,0,0.00,0,F1,30,,,,,
2026-04-10,2026-04-10,FO,NSE,IDO,75629,,BANKNIFTY,,2026-06-30,2026-06-30,56500.00,PE,BANKNIFTY26JUN56500PE,0.00,0.00,0.00,5647.60,0.00,5647.60,55912.75,2155.75,0,0,0,0.00,0,F1,30,,,,,
2026-04-10,2026-04-10,FO,NSE,IDO,75619,,BANKNIFTY,,2026-06-30,2026-06-30,56000.00,PE,BANKNIFTY26JUN56000PE,1672.50,1764.00,1632.90,1662.45,1699.00,2149.40,55912.75,1662.45,4110,1200,109,188622699.00,82,F1,30,,,,,
2026-04-10,2026-04-10,FO,NSE,IDO,75607,,BANKNIFTY,,2026-06-30,2026-06-30,55300.00,PE,BANKNIFTY26JUN55300PE,0.00,0.00,0.00,4673.95,0.00,4673.95,55912.75,1606.35,0,0,0,0.00,0,F1,30,,,,,
2026-04-10,2026-04-10,FO,NSE,IDO,75589,,BANKNIFTY,,2026-06-30,2026-06-30,54400.00,PE,BANKNIFTY26JUN54400PE,1256.65,1263.00,1161.85,1162.25,1161.85,1421.85,55912.75,1162.25,300,270,11,18361854.00,9,F1,30,,,,,
2026-04-10,2026-04-10,FO,NSE,IDO,75464,,BANKNIFTY,,2026-06-30,2026-06-30,52700.00,PE,BANKNIFTY26JUN52700PE,0.00,0.00,0.00,1021.15,1021.15,1021.15,55912.75,750.20,90,0,0,0.00,0,F1,30,,,,,
2026-04-10,2026-04-10,FO,NSE,IDO,75416,,BANKNIFTY,,2026-06-30,2026-06-30,50800.00,PE,BANKNIFTY26JUN50800PE,588.55,588.55,548.55,576.95,576.95,2465.15,55912.75,378.70,540,150,11,16951177.50,3,F1,30,,,,,
2026-04-10,2026-04-10,FO,NSE,IDO,75414,,BANKNIFTY,,2026-06-30,2026-06-30,50700.00,PE,BANKNIFTY26JUN50700PE,0.00,0.00,0.00,1736.40,0.00,1736.40,55912.75,364.10,0,0,0,0.00,0,F1,30,,,,,
2026-04-10,2026-04-10,FO,NSE,IDO,75373,,BANKNIFTY,,2026-06-30,2026-06-30,50300.00,PE,BANKNIFTY26JUN50300PE,0.00,0.00,0.00,1553.85,0.00,1553.85,55912.75,309.95,0,0,0,0.00,0,F1,30,,,,,
2026-04-10,2026-04-10,FO,NSE,IDO,75277,,BANKNIFTY,,2026-06-30,2026-06-30,49300.00,PE,BANKNIFTY26JUN49300PE,0.00,0.00,0.00,1152.10,0.00,1152.10,55912.75,201.85,0,0,0,0.00,0,F1,30,,,,,
2026-04-10,2026-04-10,FO,NSE,IDO,75179,,BANKNIFTY,,2026-06-30,2026-06-30,47100.00,PE,BANKNIFTY26JUN47100PE,0.00,0.00,0.00,529.20,0.00,529.20,55912.75,67.95,0,0,0,0.00,0,F1,30,,,,,
2026-04-10,2026-04-10,FO,NSE,IDO,75159,,BANKNIFTY,,2026-06-30,2026-06-30,46200.00,PE,BANKNIFTY26JUN46200PE,0.00,0.00,0.00,364.40,0.00,364.40,55912.75,40.80,0,0,0,0.00,0,F1,30,,,,,
2026-04-10,2026-04-10,FO,NSE,IDO,75080,,BANKNIFTY,,2026-06-30,2026-06-30,45700.00,PE,BANKNIFTY26JUN45700PE,0.00,0.00,0.00,291.65,0.00,291.65,55912.75,30.20,0,0,0,0.00,0,F1,30,,,,,
2026-04-10,2026-04-10,FO,NSE,IDO,75074,,BANKNIFTY,,2026-06-30,2026-06-30,45600.00,PE,BANKNIFTY26JUN45600PE,0.00,0.00,0.00,278.55,0.00,278.55,55912.75,28.40,0,0,0,0.00,0,F1,30,,,,,
2026-04-10,2026-04-10,FO,NSE,IDO,68226,,BANKNIFTY,,2026-05-26,2026-05-26,66100.00,PE,BANKNIFTY26MAY66100PE,0.00,0.00,0.00,11446.20,11446.20,11446.20,55912.75,9697.60,360,0,0,0.00,0,F1,30,,,,,
2026-04-10,2026-04-10,FO,NSE,IDO,68149,,BANKNIFTY,,2026-05-26,2026-05-26,63800.00,PE,BANKNIFTY26MAY63800PE,0.00,0.00,0.00,10438.40,10438.40,10438.40,55912.75,7484.15,30,0,0,0.00,0,F1,30,,,,,
2026-04-10,2026-04-10,FO,NSE,IDO,68133,,BANKNIFTY,,2026-05-26,2026-05-26,63100.00,PE,BANKNIFTY26MAY63100PE,0.00,0.00,0.00,9783.35,9783.35,9783.35,55912.75,6828.45,30,0,0,0.00,0,F1,30,,,,,
2026-04-10,2026-04-10,FO,NSE,IDO,68111,,BANKNIFTY,,2026-05-26,2026-05-26,62200.00,PE,BANKNIFTY26MAY62200PE,0.00,0.00,0.00,7439.85,7439.85,7439.85,55912.75,6004.55,60,0,0,0.00,0,F1,30,,,,,
2026-04-10,2026-04-10,FO,NSE,IDO,67999,,BANKNIFTY,,2026-05-26,2026-05-26,60000.00,PE,BANKNIFTY26MAY60000PE,4173.65,4173.65,3825.35,3858.75,3838.30,4733.10,55912.75,3858.75,14430,1050,188,360641212.50,167,F1,30,,,,,
2026-04-10,2026-04-10,FO,NSE,IDO,67205,,BANKNIFTY,,2026-05-26,2026-05-26,54200.00,PE,BANKNIFTY26MAY54200PE,887.90,934.65,864.75,907.95,907.95,2537.50,55912.75,811.20,1290,60,37,61152655.50,19,F1,30,,,,,
2026-04-10,2026-04-10,FO,NSE,IDO,67081,,BANKNIFTY,,2026-05-26,2026-05-26,52300.00,PE,BANKNIFTY26MAY52300PE,545.40,566.70,511.90,516.30,515.00,736.15,55912.75,516.30,1380,420,38,60237013.50,32,F1,30,,,,,
2026-04-10,2026-04-10,FO,NSE,IDO,66637,,BANKNIFTY,,2026-05-26,2026-05-26,48300.00,PE,BANKNIFTY26MAY48300PE,0.00,0.00,0.00,0.80,0.00,0.80,55912.75,31.55,0,0,0,0.00,0,F1,30,,,,,
2026-04-10,2026-04-10,FO,NSE,IDO,66583,,BANKNIFTY,,2026-05-26,2026-05-26,47400.00,PE,BANKNIFTY26MAY47400PE,0.00,0.00,0.00,0.35,0.00,0.35,55912.75,15.65,0,0,0,0.00,0,F1,30,,,,,
2026-04-10,2026-04-10,FO,NSE,IDO,66571,,BANKNIFTY,,2026-05-26,2026-05-26,47000.00,PE,BANKNIFTY26MAY47000PE,178.90,178.90,146.70,154.35,156.90,226.40,55912.75,154.35,15900,1050,470,664988284.50,260,F1,30,,,,,
2026-04-10,2026-04-10,FO,NSE,IDO,66463,,BANKNIFTY,,2026-05-26,2026-05-26,44000.00,PE,BANKNIFTY26MAY44000PE,0.00,0.00,0.00,51.00,51.00,51.00,55912.75,0.60,30,0,0,0.00,0,F1,30,,,,,
2026-04-10,2026-04-10,FO,NSE,IDO,66461,,BANKNIFTY,,2026-05-26,2026-05-26,43500.00,PE,BANKNIFTY26MAY43500PE,0.00,0.00,0.00,0.05,0.00,0.05,55912.75,0.35,0,0,0,0.00,0,F1,30,,,,,
2026-04-10,2026-04-10,FO,NSE,IDO,68161,,BANKNIFTY,,2026-04-28,2026-04-28,65500.00,PE,BANKNIFTY26APR65500PE,0.00,0.00,0.00,11136.90,11136.90,11136.90,55912.75,9399.95,30,0,0,0.00,0,F1,30,,,,,
2026-04-10,2026-04-10,FO,NSE,IDO,67886,,BANKNIFTY,,2026-04-28,2026-04-28,63900.00,PE,BANKNIFTY26APR63900PE,0.00,0.00,0.00,11183.20,11183.20,11183.20,55912.75,7806.80,120,0,0,0.00,0,F1,30,,,,,
2026-04-10,2026-04-10,FO,NSE,IDO,67842,,BANKNIFTY,,2026-04-28,2026-04-28,62900.00,PE,BANKNIFTY26APR62900PE,0.00,0.00,0.00,10197.90,10197.90,10197.90,55912.75,6814.50,540,0,0,0.00,0,F1,30,,,,,
2026-04-10,2026-04-10,FO,NSE,IDO,67832,,BANKNIFTY,,2026-04-28,2026-04-28,62600.00,PE,BANKNIFTY26APR62600PE,0.00,0.00,0.00,8276.20,8276.20,8276.20,55912.75,6517.90,150,0,0,0.00,0,F1,30,,,,,
2026-04-10,2026-04-10,FO,NSE,IDO,67825,,BANKNIFTY,,2026-04-28,2026-04-28,62400.00,PE,BANKNIFTY26APR62400PE,0.00,0.00,0.00,8086.00,8086.00,8086.00,55912.75,6320.65,210,0,0,0.00,0,F1,30,,,,,
2026-04-10,2026-04-10,FO,NSE,IDO,67815,,BANKNIFTY,,2026-04-28,2026-04-28,62000.00,PE,BANKNIFTY26APR62000PE,6367.60,6367.60,5871.35,5928.05,5936.45,6889.60,55912.75,5928.05,82560,-1050,100,204147216.00,86,F1,30,,,,,
2026-04-10,2026-04-10,FO,NSE,IDO,67798,,BANKNIFTY,,2026-04-28,2026-04-28,61900.00,PE,BANKNIFTY26APR61900PE,5911.50,5911.50,5911.50,5911.50,5911.50,9419.25,55912.75,5829.40,390,0,1,2034345.00,1,F1,30,,,,,
