TradDt,BizDt,Sgmt,Src,FinInstrmTp,FinInstrmId,ISIN,TckrSymb,SctySrs,XpryDt,FininstrmActlXpryDt,StrkPric,OptnTp,FinInstrmNm,OpnPric,HghPric,LwPric,ClsPric,LastPric,PrvsClsgPric,UndrlygPric,SttlmPric,OpnIntrst,ChngInOpnIntrst,TtlTradgVol,TtlTrfVal,TtlNbOfTxsExctd,SsnId,NewBrdLotQty,Rmks,Rsvd1,Rsvd2,Rsvd3,Rsvd4
2026-05-26,2026-05-26,FO,NSE,IDO,69534,,FINNIFTY,,2026-05-26,2026-05-26,23600.00,PE,FINNIFTY26MAY23600PE,1.00,1.00,0.15,0.15,0.15,0.95,25932.25,25932.25,1680,-900,79,111867339.00,27,F1,60,,,,,
2026-05-26,2026-05-26,FO,NSE,IDO,62402,,FINNIFTY,,2026-05-26,2026-05-26,23250.00,PE,FINNIFTY26MAY23250PE,0.00,0.00,0.00,32.30,32.30,32.30,25932.25,25932.25,600,0,0,0.00,0,F1,60,,,,,
2026-05-26,2026-05-26,FO,NSE,IDO,43653,,FINNIFTY,,2026-05-26,2026-05-26,21200.00,PE,FINNIFTY26MAY21200PE,0.00,0.00,0.00,0.35,0.00,0.35,25932.25,25932.25,0,0,0,0.00,0,F1,60,,,,,
2026-05-26,2026-05-26,FO,NSE,IDO,62879,,FINNIFTY,,2026-07-28,2026-07-28,24700.00,CE,FINNIFTY26JUL24700CE,0.00,0.00,0.00,2059.70,0.00,2059.70,25932.25,1857.00,0,0,0,0.00,0,F1,60,,,,,
2026-05-26,2026-05-26,FO,NSE,IDO,62876,,FINNIFTY,,2026-07-28,2026-07-28,24600.00,CE,FINNIFTY26JUL24600CE,0.00,0.00,0.00,2130.75,0.00,2130.75,25932.25,1929.40,0,0,0,0.00,0,F1,60,,,,,
2026-05-26,2026-05-26,FO,NSE,IDO,62781,,FINNIFTY,,2026-07-28,2026-07-28,22700.00,CE,FINNIFTY26JUL22700CE,0.00,0.00,0.00,3666.00,0.00,3666.00,25932.25,3541.65,0,0,0,0.00,0,F1,60,,,,,
2026-05-26,2026-05-26,FO,NSE,IDO,77625,,FINNIFTY,,2026-06-30,2026-06-30,28200.00,CE,FINNIFTY26JUN28200CE,0.00,0.00,0.00,58.90,0.00,58.90,25932.25,111.70,0,0,0,0.00,0,F1,60,,,,,
2026-05-26,2026-05-26,FO,NSE,IDO,77590,,FINNIFTY,,2026-06-30,2026-06-30,27600.00,CE,FINNIFTY26JUN27600CE,0.00,0.00,0.00,94.55,0.00,94.55,25932.25,202.95,0,0,0,0.00,0,F1,60,,,,,
2026-05-26,2026-05-26,FO,NSE,IDO,77549,,FINNIFTY,,2026-06-30,2026-06-30,27200.00,CE,FINNIFTY26JUN27200CE,0.00,0.00,0.00,127.75,0.00,127.75,25932.25,291.80,0,0,0,0.00,0,F1,60,,,,,
2026-05-26,2026-05-26,FO,NSE,IDO,77464,,FINNIFTY,,2026-06-30,2026-06-30,23500.00,CE,FINNIFTY26JUN23500CE,0.00,0.00,0.00,1180.20,0.00,1180.20,25932.25,2623.95,0,0,0,0.00,0,F1,60,,,,,
2026-05-26,2026-05-26,FO,NSE,IDO,77321,,FINNIFTY,,2026-06-30,2026-06-30,22400.00,CE,FINNIFTY26JUN22400CE,0.00,0.00,0.00,1876.45,0.00,1876.45,25932.25,3681.20,0,0,0,0.00,0,F1,60,,,,,
2026-05-26,2026-05-26,FO,NSE,IDO,69703,,FINNIFTY,,2026-05-26,2026-05-26,28500.00,CE,FINNIFTY26MAY28500CE,0.10,0.40,0.05,0.25,0.25,0.10,25932.25,25932.25,15060,-60,150,256501530.00,78,F1,60,,,,,
2026-05-26,2026-05-26,FO,NSE,IDO,62543,,FINNIFTY,,2026-05-26,2026-05-26,28250.00,CE,FINNIFTY26MAY28250CE,0.00,0.00,0.00,66.20,0.00,66.20,25932.25,25932.25,0,0,0,0.00,0,F1,60,,,,,
2026-05-26,2026-05-26,FO,NSE,IDO,62531,,FINNIFTY,,2026-05-26,2026-05-26,27650.00,CE,FINNIFTY26MAY27650CE,3.35,3.35,3.35,3.35,3.35,6.50,25932.25,25932.25,60,60,1,1659201.00,1,F1,60,,,,,
2026-05-26,2026-05-26,FO,NSE,IDO,69669,,FINNIFTY,,2026-05-26,2026-05-26,26800.00,CE,FINNIFTY26MAY26800CE,1.20,2.40,0.05,0.10,0.05,5.55,25932.25,25932.25,29400,-1380,7035,11312600121.00,2983,F1,60,,,,,
2026-05-26,2026-05-26,FO,NSE,IDO,69659,,FINNIFTY,,2026-05-26,2026-05-26,26300.00,CE,FINNIFTY26MAY26300CE,40.00,45.00,0.05,0.15,0.05,59.75,25932.25,25932.25,48180,10140,82794,130708817946.00,47281,F1,60,,,,,
2026-05-26,2026-05-26,FO,NSE,IDO,69641,,FINNIFTY,,2026-05-26,2026-05-26,25400.00,CE,FINNIFTY26MAY25400CE,710.85,751.65,505.00,529.45,532.00,774.70,25932.25,25932.25,3600,-2160,116,181050390.00,99,F1,60,,,,,
2026-05-26,2026-05-26,FO,NSE,IDO,62467,,FINNIFTY,,2026-05-26,2026-05-26,25250.00,CE,FINNIFTY26MAY25250CE,0.00,0.00,0.00,382.85,382.85,382.85,25932.25,25932.25,1440,0,0,0.00,0,F1,60,,,,,
2026-05-26,2026-05-26,FO,NSE,IDO,62465,,FINNIFTY,,2026-05-26,2026-05-26,25150.00,CE,FINNIFTY26MAY25150CE,798.45,798.45,798.45,798.45,798.45,1039.00,25932.25,25932.25,2100,-60,1,1556907.00,1,F1,60,,,,,
2026-05-26,2026-05-26,FO,NSE,IDO,69549,,FINNIFTY,,2026-05-26,2026-05-26,24400.00,CE,FINNIFTY26MAY24400CE,0.00,0.00,0.00,4316.20,0.00,4316.20,25932.25,25932.25,0,0,0,0.00,0,F1,60,,,,,
2026-05-26,2026-05-26,FO,NSE,IDO,62404,,FINNIFTY,,2026-05-26,2026-05-26,23350.00,CE,FINNIFTY26MAY23350CE,0.00,0.00,0.00,2710.80,0.00,2710.80,25932.25,25932.25,0,0,0,0.00,0,F1,60,,,,,
2026-05-26,2026-05-26,FO,NSE,IDO,69513,,FINNIFTY,,2026-05-26,2026-05-26,22600.00,CE,FINNIFTY26MAY22600CE,0.00,0.00,0.00,6068.40,0.00,6068.40,25932.25,25932.25,0,0,0,0.00,0,F1,60,,,,,
2026-05-26,2026-05-26,FO,NSE,IDO,62355,,FINNIFTY,,2026-05-26,2026-05-26,22550.00,CE,FINNIFTY26MAY22550CE,0.00,0.00,0.00,3491.45,0.00,3491.45,25932.25,25932.25,0,0,0,0.00,0,F1,60,,,,,
2026-05-26,2026-05-26,FO,NSE,IDO,62785,,FINNIFTY,,2026-07-28,2026-07-28,22900.00,CE,FINNIFTY26JUL22900CE,0.00,0.00,0.00,3488.90,0.00,3488.90,25932.25,3356.85,0,0,0,0.00,0,F1,60,,,,,
2026-05-26,2026-05-26,FO,NSE,IDO,69773,,FINNIFTY,,2026-05-26,2026-05-26,29500.00,PE,FINNIFTY26MAY29500PE,0.00,0.00,0.00,1351.45,0.00,1351.45,25932.25,25932.25,0,0,0,0.00,0,F1,60,,,,,
2026-05-26,2026-05-26,FO,NSE,IDO,69767,,FINNIFTY,,2026-05-26,2026-05-26,29300.00,PE,FINNIFTY26MAY29300PE,0.00,0.00,0.00,1229.70,0.00,1229.70,25932.25,25932.25,0,0,0,0.00,0,F1,60,,,,,
2026-05-26,2026-05-26,FO,NSE,IDO,69676,,FINNIFTY,,2026-05-26,2026-05-26,27100.00,PE,FINNIFTY26MAY27100PE,0.00,0.00,0.00,315.45,0.00,315.45,25932.25,25932.25,0,0,0,0.00,0,F1,60,,,,,
2026-05-26,2026-05-26,FO,NSE,IDO,62494,,FINNIFTY,,2026-05-26,2026-05-26,26250.00,PE,FINNIFTY26MAY26250PE,165.00,383.40,109.00,328.80,317.40,133.85,25932.25,25932.25,3000,600,1908,3026189772.00,1405,F1,60,,,,,
2026-05-26,2026-05-26,FO,NSE,IDO,62476,,FINNIFTY,,2026-05-26,2026-05-26,25550.00,PE,FINNIFTY26MAY25550PE,5.95,5.95,0.05,0.25,0.10,5.95,25932.25,25932.25,16320,1560,4482,6871192971.00,2176,F1,60,,,,,
2026-05-26,2026-05-26,FO,NSE,IDF,62327,,FINNIFTY,,2026-06-30,2026-06-30,,,FINNIFTY26JUNFUT,26395.30,26395.30,26000.00,26061.80,26096.00,26277.40,25932.25,26061.80,13860,6780,243,380986716.00,194,F1,60,,,,,
2026-05-26,2026-05-26,FO,NSE,IDO,43652,,FINNIFTY,,2026-05-26,2026-05-26,21200.00,CE,FINNIFTY26MAY21200CE,0.00,0.00,0.00,6145.15,0.00,6145.15,25932.25,25932.25,0,0,0,0.00,0,F1,60,,,,,
2026-05-26,2026-05-26,FO,NSE,IDO,40432,,FINNIFTY,,2026-05-26,2026-05-26,21600.00,CE,FINNIFTY26MAY21600CE,0.00,0.00,0.00,6297.85,0.00,6297.85,25932.25,25932.25,0,0,0,0.00,0,F1,60,,,,,
2026-05-26,2026-05-26,FO,NSE,IDO,62798,,FINNIFTY,,2026-07-28,2026-07-28,23100.00,PE,FINNIFTY26JUL23100PE,0.00,0.00,0.00,145.65,0.00,145.65,25932.25,78.45,0,0,0,0.00,0,F1,60,,,,,
2026-05-26,2026-05-26,FO,NSE,IDO,69521,,FINNIFTY,,2026-05-26,2026-05-26,23000.00,CE,FINNIFTY26MAY23000CE,0.00,0.00,0.00,5676.15,0.00,5676.15,25932.25,25932.25,0,0,0,0.00,0,F1,60,,,,,
2026-05-26,2026-05-26,FO,NSE,IDO,69529,,FINNIFTY,,2026-05-26,2026-05-26,23400.00,CE,FINNIFTY26MAY23400CE,0.00,0.00,0.00,5284.90,0.00,5284.90,25932.25,25932.25,0,0,0,0.00,0,F1,60,,,,,
2026-05-26,2026-05-26,FO,NSE,IDO,62409,,FINNIFTY,,2026-05-26,2026-05-26,23450.00,CE,FINNIFTY26MAY23450CE,0.00,0.00,0.00,2615.15,0.00,2615.15,25932.25,25932.25,0,0,0,0.00,0,F1,60,,,,,
2026-05-26,2026-05-26,FO,NSE,IDO,62411,,FINNIFTY,,2026-05-26,2026-05-26,23550.00,CE,FINNIFTY26MAY23550CE,0.00,0.00,0.00,2520.15,0.00,2520.15,25932.25,25932.25,0,0,0,0.00,0,F1,60,,,,,
2026-05-26,2026-05-26,FO,NSE,IDO,69533,,FINNIFTY,,2026-05-26,2026-05-26,23600.00,CE,FINNIFTY26MAY23600CE,0.00,0.00,0.00,5089.85,0.00,5089.85,25932.25,25932.25,0,0,0,0.00,0,F1,60,,,,,
2026-05-26,2026-05-26,FO,NSE,IDO,69565,,FINNIFTY,,2026-05-26,2026-05-26,25200.00,CE,FINNIFTY26MAY25200CE,910.00,945.85,708.85,726.75,726.75,969.30,25932.25,25932.25,5700,-840,70,109460889.00,57,F1,60,,,,,
2026-05-26,2026-05-26,FO,NSE,IDO,69567,,FINNIFTY,,2026-05-26,2026-05-26,25300.00,CE,FINNIFTY26MAY25300CE,869.00,869.00,620.00,626.30,626.95,859.45,25932.25,25932.25,8460,1740,97,151160766.00,83,F1,60,,,,,
2026-05-26,2026-05-26,FO,NSE,IDO,77459,,FINNIFTY,,2026-06-30,2026-06-30,23200.00,PE,FINNIFTY26JUN23200PE,0.00,0.00,0.00,613.50,0.00,613.50,25932.25,26.40,0,0,0,0.00,0,F1,60,,,,,
2026-05-26,2026-05-26,FO,NSE,IDO,62527,,FINNIFTY,,2026-05-26,2026-05-26,27450.00,CE,FINNIFTY26MAY27450CE,2.95,2.95,0.05,0.35,0.35,7.50,25932.25,25932.25,360,120,29,47764203.00,24,F1,60,,,,,
2026-05-26,2026-05-26,FO,NSE,IDO,69768,,FINNIFTY,,2026-05-26,2026-05-26,29400.00,CE,FINNIFTY26MAY29400CE,0.00,0.00,0.00,3.90,3.90,3.90,25932.25,25932.25,120,0,0,0.00,0,F1,60,,,,,
2026-05-26,2026-05-26,FO,NSE,IDO,77301,,FINNIFTY,,2026-06-30,2026-06-30,21400.00,CE,FINNIFTY26JUN21400CE,0.00,0.00,0.00,2657.10,0.00,2657.10,25932.25,4669.20,0,0,0,0.00,0,F1,60,,,,,
2026-05-26,2026-05-26,FO,NSE,IDO,77303,,FINNIFTY,,2026-06-30,2026-06-30,21500.00,CE,FINNIFTY26JUN21500CE,0.00,0.00,0.00,2573.60,0.00,2573.60,25932.25,4570.05,0,0,0,0.00,0,F1,60,,,,,
2026-05-26,2026-05-26,FO,NSE,IDO,77327,,FINNIFTY,,2026-06-30,2026-06-30,22700.00,CE,FINNIFTY26JUN22700CE,0.00,0.00,0.00,1667.20,0.00,1667.20,25932.25,3387.95,0,0,0,0.00,0,F1,60,,,,,
2026-05-26,2026-05-26,FO,NSE,IDO,77383,,FINNIFTY,,2026-06-30,2026-06-30,23000.00,CE,FINNIFTY26JUN23000CE,0.00,0.00,0.00,1472.65,0.00,1472.65,25932.25,3097.65,0,0,0,0.00,0,F1,60,,,,,
2026-05-26,2026-05-26,FO,NSE,IDO,77502,,FINNIFTY,,2026-06-30,2026-06-30,25300.00,CE,FINNIFTY26JUN25300CE,0.00,0.00,0.00,454.80,0.00,454.80,25932.25,1152.15,0,0,0,0.00,0,F1,60,,,,,
2026-05-26,2026-05-26,FO,NSE,IDO,77519,,FINNIFTY,,2026-06-30,2026-06-30,26000.00,CE,FINNIFTY26JUN26000CE,710.85,819.90,594.85,618.70,606.00,747.10,25932.25,618.70,4560,3300,234,374420739.00,210,F1,60,,,,,
2026-05-26,2026-05-26,FO,NSE,IDO,77527,,FINNIFTY,,2026-06-30,2026-06-30,26400.00,CE,FINNIFTY26JUN26400CE,0.00,0.00,0.00,225.40,0.00,225.40,25932.25,558.45,0,0,0,0.00,0,F1,60,,,,,
2026-05-26,2026-05-26,FO,NSE,IDO,77531,,FINNIFTY,,2026-06-30,2026-06-30,26600.00,CE,FINNIFTY26JUN26600CE,563.00,563.00,563.00,563.00,563.00,196.40,25932.25,479.55,60,60,1,1629780.00,1,F1,60,,,,,
2026-05-26,2026-05-26,FO,NSE,IDO,77582,,FINNIFTY,,2026-06-30,2026-06-30,27400.00,CE,FINNIFTY26JUN27400CE,0.00,0.00,0.00,110.05,0.00,110.05,25932.25,244.30,0,0,0,0.00,0,F1,60,,,,,
2026-05-26,2026-05-26,FO,NSE,IDO,62890,,FINNIFTY,,2026-07-28,2026-07-28,24900.00,CE,FINNIFTY26JUL24900CE,0.00,0.00,0.00,1923.75,0.00,1923.75,25932.25,1713.70,0,0,0,0.00,0,F1,60,,,,,
2026-05-26,2026-05-26,FO,NSE,IDO,62900,,FINNIFTY,,2026-07-28,2026-07-28,25400.00,CE,FINNIFTY26JUL25400CE,0.00,0.00,0.00,1607.15,0.00,1607.15,25932.25,1385.70,0,0,0,0.00,0,F1,60,,,,,
2026-05-26,2026-05-26,FO,NSE,IDO,38350,,FINNIFTY,,2026-05-26,2026-05-26,21900.00,PE,FINNIFTY26MAY21900PE,0.00,0.00,0.00,0.40,0.00,0.40,25932.25,25932.25,0,0,0,0.00,0,F1,60,,,,,
2026-05-26,2026-05-26,FO,NSE,IDO,62354,,FINNIFTY,,2026-05-26,2026-05-26,22450.00,PE,FINNIFTY26MAY22450PE,0.00,0.00,0.00,3.05,0.00,3.05,25932.25,25932.25,0,0,0,0.00,0,F1,60,,,,,
2026-05-26,2026-05-26,FO,NSE,IDO,69642,,FINNIFTY,,2026-05-26,2026-05-26,25400.00,PE,FINNIFTY26MAY25400PE,2.85,2.90,0.05,0.10,0.05,4.25,25932.25,25932.25,16560,-2400,6881,10487028165.00,3742,F1,60,,,,,
2026-05-26,2026-05-26,FO,NSE,IDO,62474,,FINNIFTY,,2026-05-26,2026-05-26,25450.00,PE,FINNIFTY26MAY25450PE,4.00,4.00,0.05,0.15,0.05,4.75,25932.25,25932.25,4980,-960,1054,1609520592.00,715,F1,60,,,,,
2026-05-26,2026-05-26,FO,NSE,IDO,63001,,FINNIFTY,,2026-07-28,2026-07-28,28600.00,PE,FINNIFTY26JUL28600PE,0.00,0.00,0.00,2621.60,0.00,2621.60,25932.25,2560.25,0,0,0,0.00,0,F1,60,,,,,
2026-05-26,2026-05-26,FO,NSE,IDO,62955,,FINNIFTY,,2026-07-28,2026-07-28,27500.00,PE,FINNIFTY26JUL27500PE,0.00,0.00,0.00,1819.55,0.00,1819.55,25932.25,1708.25,0,0,0,0.00,0,F1,60,,,,,
2026-05-26,2026-05-26,FO,NSE,IDO,62948,,FINNIFTY,,2026-07-28,2026-07-28,27300.00,PE,FINNIFTY26JUL27300PE,0.00,0.00,0.00,1688.35,0.00,1688.35,25932.25,1569.55,0,0,0,0.00,0,F1,60,,,,,
2026-05-26,2026-05-26,FO,NSE,IDO,62929,,FINNIFTY,,2026-07-28,2026-07-28,26800.00,PE,FINNIFTY26JUL26800PE,0.00,0.00,0.00,1382.20,0.00,1382.20,25932.25,1248.30,0,0,0,0.00,0,F1,60,,,,,
2026-05-26,2026-05-26,FO,NSE,IDO,62915,,FINNIFTY,,2026-07-28,2026-07-28,26100.00,PE,FINNIFTY26JUL26100PE,0.00,0.00,0.00,1009.65,0.00,1009.65,25932.25,864.95,0,0,0,0.00,0,F1,60,,,,,
2026-05-26,2026-05-26,FO,NSE,IDO,62889,,FINNIFTY,,2026-07-28,2026-07-28,24800.00,PE,FINNIFTY26JUL24800PE,0.00,0.00,0.00,497.55,0.00,497.55,25932.25,369.35,0,0,0,0.00,0,F1,60,,,,,
2026-05-26,2026-05-26,FO,NSE,IDO,62831,,FINNIFTY,,2026-07-28,2026-07-28,23900.00,PE,FINNIFTY26JUL23900PE,0.00,0.00,0.00,272.75,0.00,272.75,25932.25,174.30,0,0,0,0.00,0,F1,60,,,,,
2026-05-26,2026-05-26,FO,NSE,IDO,62821,,FINNIFTY,,2026-07-28,2026-07-28,23700.00,PE,FINNIFTY26JUL23700PE,0.00,0.00,0.00,235.20,0.00,235.20,25932.25,144.55,0,0,0,0.00,0,F1,60,,,,,
2026-05-26,2026-05-26,FO,NSE,IDO,62757,,FINNIFTY,,2026-07-28,2026-07-28,22000.00,PE,FINNIFTY26JUL22000PE,0.00,0.00,0.00,52.05,0.00,52.05,25932.25,20.60,0,0,0,0.00,0,F1,60,,,,,
2026-05-26,2026-05-26,FO,NSE,IDO,77637,,FINNIFTY,,2026-06-30,2026-06-30,28700.00,PE,FINNIFTY26JUN28700PE,0.00,0.00,0.00,4703.10,0.00,4703.10,25932.25,2649.85,0,0,0,0.00,0,F1,60,,,,,
2026-05-26,2026-05-26,FO,NSE,IDO,77632,,FINNIFTY,,2026-06-30,2026-06-30,28500.00,PE,FINNIFTY26JUN28500PE,0.00,0.00,0.00,4513.75,0.00,4513.75,25932.25,2467.30,0,0,0,0.00,0,F1,60,,,,,
2026-05-26,2026-05-26,FO,NSE,IDO,77585,,FINNIFTY,,2026-06-30,2026-06-30,27400.00,PE,FINNIFTY26JUN27400PE,0.00,0.00,0.00,3497.45,0.00,3497.45,25932.25,1537.60,0,0,0,0.00,0,F1,60,,,,,
2026-05-26,2026-05-26,FO,NSE,IDO,77512,,FINNIFTY,,2026-06-30,2026-06-30,25600.00,PE,FINNIFTY26JUN25600PE,0.00,0.00,0.00,1999.55,0.00,1999.55,25932.25,468.10,0,0,0,0.00,0,F1,60,,,,,
2026-05-26,2026-05-26,FO,NSE,IDO,77473,,FINNIFTY,,2026-06-30,2026-06-30,23800.00,PE,FINNIFTY26JUN23800PE,0.00,0.00,0.00,876.10,0.00,876.10,25932.25,64.80,0,0,0,0.00,0,F1,60,,,,,
2026-05-26,2026-05-26,FO,NSE,IDO,77471,,FINNIFTY,,2026-06-30,2026-06-30,23700.00,PE,FINNIFTY26JUN23700PE,0.00,0.00,0.00,828.25,0.00,828.25,25932.25,56.30,0,0,0,0.00,0,F1,60,,,,,
2026-05-26,2026-05-26,FO,NSE,IDO,77308,,FINNIFTY,,2026-06-30,2026-06-30,21700.00,PE,FINNIFTY26JUN21700PE,0.00,0.00,0.00,199.40,0.00,199.40,25932.25,1.45,0,0,0,0.00,0,F1,60,,,,,
2026-05-26,2026-05-26,FO,NSE,IDO,40434,,FINNIFTY,,2026-05-26,2026-05-26,21700.00,CE,FINNIFTY26MAY21700CE,0.00,0.00,0.00,6199.50,0.00,6199.50,25932.25,25932.25,0,0,0,0.00,0,F1,60,,,,,
2026-05-26,2026-05-26,FO,NSE,IDO,69507,,FINNIFTY,,2026-05-26,2026-05-26,22300.00,CE,FINNIFTY26MAY22300CE,0.00,0.00,0.00,6362.95,0.00,6362.95,25932.25,25932.25,0,0,0,0.00,0,F1,60,,,,,
2026-05-26,2026-05-26,FO,NSE,IDO,62353,,FINNIFTY,,2026-05-26,2026-05-26,22450.00,CE,FINNIFTY26MAY22450CE,0.00,0.00,0.00,3590.25,0.00,3590.25,25932.25,25932.25,0,0,0,0.00,0,F1,60,,,,,
2026-05-26,2026-05-26,FO,NSE,IDO,62357,,FINNIFTY,,2026-05-26,2026-05-26,22650.00,CE,FINNIFTY26MAY22650CE,0.00,0.00,0.00,3392.85,0.00,3392.85,25932.25,25932.25,0,0,0,0.00,0,F1,60,,,,,
2026-05-26,2026-05-26,FO,NSE,IDO,62401,,FINNIFTY,,2026-05-26,2026-05-26,23250.00,CE,FINNIFTY26MAY23250CE,0.00,0.00,0.00,2807.05,0.00,2807.05,25932.25,25932.25,0,0,0,0.00,0,F1,60,,,,,
2026-05-26,2026-05-26,FO,NSE,IDO,62431,,FINNIFTY,,2026-05-26,2026-05-26,24050.00,CE,FINNIFTY26MAY24050CE,0.00,0.00,0.00,2057.50,0.00,2057.50,25932.25,25932.25,0,0,0,0.00,0,F1,60,,,,,
2026-05-26,2026-05-26,FO,NSE,IDO,62441,,FINNIFTY,,2026-05-26,2026-05-26,24350.00,CE,FINNIFTY26MAY24350CE,0.00,0.00,0.00,1793.30,0.00,1793.30,25932.25,25932.25,0,0,0,0.00,0,F1,60,,,,,
2026-05-26,2026-05-26,FO,NSE,IDO,62459,,FINNIFTY,,2026-05-26,2026-05-26,24850.00,CE,FINNIFTY26MAY24850CE,0.00,0.00,0.00,470.10,470.10,470.10,25932.25,25932.25,360,0,0,0.00,0,F1,60,,,,,
2026-05-26,2026-05-26,FO,NSE,IDO,69563,,FINNIFTY,,2026-05-26,2026-05-26,25100.00,CE,FINNIFTY26MAY25100CE,958.85,1058.90,791.90,827.80,832.15,1071.45,25932.25,25932.25,5700,240,46,71762034.00,39,F1,60,,,,,
2026-05-26,2026-05-26,FO,NSE,IDO,62473,,FINNIFTY,,2026-05-26,2026-05-26,25450.00,CE,FINNIFTY26MAY25450CE,459.10,488.90,455.00,471.05,488.90,661.05,25932.25,25932.25,6120,-120,9,13996335.00,8,F1,60,,,,,
2026-05-26,2026-05-26,FO,NSE,IDO,69643,,FINNIFTY,,2026-05-26,2026-05-26,25500.00,CE,FINNIFTY26MAY25500CE,600.25,698.90,390.60,426.30,431.60,703.65,25932.25,25932.25,21180,-12480,994,1554700944.00,964,F1,60,,,,,
2026-05-26,2026-05-26,FO,NSE,IDO,62483,,FINNIFTY,,2026-05-26,2026-05-26,25850.00,CE,FINNIFTY26MAY25850CE,247.70,328.00,45.85,73.05,82.65,332.20,25932.25,25932.25,10380,6300,10115,15735424509.00,7705,F1,60,,,,,
2026-05-26,2026-05-26,FO,NSE,IDO,62515,,FINNIFTY,,2026-05-26,2026-05-26,26850.00,CE,FINNIFTY26MAY26850CE,1.20,1.25,0.05,0.10,0.05,4.85,25932.25,25932.25,24720,19560,3090,4978123821.00,1855,F1,60,,,,,
2026-05-26,2026-05-26,FO,NSE,IDO,69673,,FINNIFTY,,2026-05-26,2026-05-26,27000.00,CE,FINNIFTY26MAY27000CE,1.00,3.55,0.05,0.15,0.10,2.95,25932.25,25932.25,78780,12960,5781,9365432268.00,1818,F1,60,,,,,
2026-05-26,2026-05-26,FO,NSE,IDO,69683,,FINNIFTY,,2026-05-26,2026-05-26,27500.00,CE,FINNIFTY26MAY27500CE,0.55,2.00,0.05,0.10,0.05,1.05,25932.25,25932.25,29280,-12480,2943,4856052996.00,800,F1,60,,,,,
2026-05-26,2026-05-26,FO,NSE,IDO,69687,,FINNIFTY,,2026-05-26,2026-05-26,27700.00,CE,FINNIFTY26MAY27700CE,0.50,0.50,0.10,0.10,0.10,1.40,25932.25,25932.25,1020,-180,14,23268162.00,5,F1,60,,,,,
2026-05-26,2026-05-26,FO,NSE,IDO,69764,,FINNIFTY,,2026-05-26,2026-05-26,29200.00,CE,FINNIFTY26MAY29200CE,0.20,0.20,0.20,0.20,0.20,0.60,25932.25,25932.25,600,0,1,1752012.00,1,F1,60,,,,,
2026-05-26,2026-05-26,FO,NSE,IDO,69772,,FINNIFTY,,2026-05-26,2026-05-26,29500.00,CE,FINNIFTY26MAY29500CE,0.50,0.50,0.15,0.15,0.15,0.50,25932.25,25932.25,1440,-180,4,7080063.00,4,F1,60,,,,,
2026-05-26,2026-05-26,FO,NSE,IDO,69792,,FINNIFTY,,2026-05-26,2026-05-26,30300.00,CE,FINNIFTY26MAY30300CE,0.00,0.00,0.00,391.75,0.00,391.75,25932.25,25932.25,0,0,0,0.00,0,F1,60,,,,,
2026-05-26,2026-05-26,FO,NSE,IDO,77293,,FINNIFTY,,2026-06-30,2026-06-30,21000.00,CE,FINNIFTY26JUN21000CE,0.00,0.00,0.00,3000.75,0.00,3000.75,25932.25,5066.20,0,0,0,0.00,0,F1,60,,,,,
2026-05-26,2026-05-26,FO,NSE,IDO,77315,,FINNIFTY,,2026-06-30,2026-06-30,22100.00,CE,FINNIFTY26JUN22100CE,0.00,0.00,0.00,2096.85,0.00,2096.85,25932.25,3976.40,0,0,0,0.00,0,F1,60,,,,,
2026-05-26,2026-05-26,FO,NSE,IDO,77515,,FINNIFTY,,2026-06-30,2026-06-30,25800.00,CE,FINNIFTY26JUN25800CE,0.00,0.00,0.00,334.40,0.00,334.40,25932.25,848.55,0,0,0,0.00,0,F1,60,,,,,
2026-05-26,2026-05-26,FO,NSE,IDO,77525,,FINNIFTY,,2026-06-30,2026-06-30,26300.00,CE,FINNIFTY26JUN26300CE,0.00,0.00,0.00,241.15,0.00,241.15,25932.25,601.15,0,0,0,0.00,0,F1,60,,,,,
2026-05-26,2026-05-26,FO,NSE,IDO,77547,,FINNIFTY,,2026-06-30,2026-06-30,27100.00,CE,FINNIFTY26JUN27100CE,0.00,0.00,0.00,137.50,0.00,137.50,25932.25,318.30,0,0,0,0.00,0,F1,60,,,,,
2026-05-26,2026-05-26,FO,NSE,IDO,62834,,FINNIFTY,,2026-07-28,2026-07-28,24000.00,CE,FINNIFTY26JUL24000CE,0.00,0.00,0.00,2575.20,0.00,2575.20,25932.25,2397.35,0,0,0,0.00,0,F1,60,,,,,
2026-05-26,2026-05-26,FO,NSE,IDO,62836,,FINNIFTY,,2026-07-28,2026-07-28,24100.00,CE,FINNIFTY26JUL24100CE,0.00,0.00,0.00,2498.10,0.00,2498.10,25932.25,2316.20,0,0,0,0.00,0,F1,60,,,,,
2026-05-26,2026-05-26,FO,NSE,IDO,62843,,FINNIFTY,,2026-07-28,2026-07-28,24200.00,CE,FINNIFTY26JUL24200CE,0.00,0.00,0.00,2422.10,0.00,2422.10,25932.25,2236.25,0,0,0,0.00,0,F1,60,,,,,
2026-05-26,2026-05-26,FO,NSE,IDO,69500,,FINNIFTY,,2026-05-26,2026-05-26,20500.00,PE,FINNIFTY26MAY20500PE,0.00,0.00,0.00,0.05,0.05,0.05,25932.25,25932.25,660,0,0,0.00,0,F1,60,,,,,
2026-05-26,2026-05-26,FO,NSE,IDO,62356,,FINNIFTY,,2026-05-26,2026-05-26,22550.00,PE,FINNIFTY26MAY22550PE,0.30,0.30,0.30,0.30,0.30,0.30,25932.25,25932.25,4740,2040,66,89299188.00,15,F1,60,,,,,
2026-05-26,2026-05-26,FO,NSE,IDO,62369,,FINNIFTY,,2026-05-26,2026-05-26,22850.00,PE,FINNIFTY26MAY22850PE,0.00,0.00,0.00,7.35,0.00,7.35,25932.25,25932.25,0,0,0,0.00,0,F1,60,,,,,
2026-05-26,2026-05-26,FO,NSE,IDO,69552,,FINNIFTY,,2026-05-26,2026-05-26,24500.00,PE,FINNIFTY26MAY24500PE,0.90,1.75,0.05,0.20,0.15,1.45,25932.25,25932.25,64560,42420,2922,4295422434.00,858,F1,60,,,,,
2026-05-26,2026-05-26,FO,NSE,IDO,62484,,FINNIFTY,,2026-05-26,2026-05-26,25850.00,PE,FINNIFTY26MAY25850PE,28.10,28.10,0.05,0.75,0.05,28.05,25932.25,25932.25,89280,70440,157895,244980826401.00,78266,F1,60,,,,,
2026-05-26,2026-05-26,FO,NSE,IDO,62486,,FINNIFTY,,2026-05-26,2026-05-26,25950.00,PE,FINNIFTY26MAY25950PE,49.95,66.40,12.60,25.50,17.50,48.10,25932.25,25932.25,119760,92820,203702,317575503546.00,112704,F1,60,,,,,
2026-05-26,2026-05-26,FO,NSE,IDO,69666,,FINNIFTY,,2026-05-26,2026-05-26,26600.00,PE,FINNIFTY26MAY26600PE,0.00,0.00,0.00,469.15,462.20,469.15,25932.25,25932.25,1320,0,0,0.00,0,F1,60,,,,,
2026-05-26,2026-05-26,FO,NSE,IDO,69674,,FINNIFTY,,2026-05-26,2026-05-26,27000.00,PE,FINNIFTY26MAY27000PE,0.00,0.00,0.00,889.20,889.20,889.20,25932.25,25932.25,660,0,0,0.00,0,F1,60,,,,,
2026-05-26,2026-05-26,FO,NSE,IDO,62524,,FINNIFTY,,2026-05-26,2026-05-26,27250.00,PE,FINNIFTY26MAY27250PE,0.00,0.00,0.00,1400.30,0.00,1400.30,25932.25,25932.25,0,0,0,0.00,0,F1,60,,,,,
2026-05-26,2026-05-26,FO,NSE,IDO,69682,,FINNIFTY,,2026-05-26,2026-05-26,27400.00,PE,FINNIFTY26MAY27400PE,0.00,0.00,0.00,394.80,0.00,394.80,25932.25,25932.25,0,0,0,0.00,0,F1,60,,,,,
2026-05-26,2026-05-26,FO,NSE,IDO,69808,,FINNIFTY,,2026-05-26,2026-05-26,31000.00,PE,FINNIFTY26MAY31000PE,0.00,0.00,0.00,2439.95,0.00,2439.95,25932.25,25932.25,0,0,0,0.00,0,F1,60,,,,,
2026-05-26,2026-05-26,FO,NSE,IDO,77465,,FINNIFTY,,2026-06-30,2026-06-30,23500.00,PE,FINNIFTY26JUN23500PE,0.00,0.00,0.00,737.45,0.00,737.45,25932.25,42.10,0,0,0,0.00,0,F1,60,,,,,
2026-05-26,2026-05-26,FO,NSE,IDO,77481,,FINNIFTY,,2026-06-30,2026-06-30,24200.00,PE,FINNIFTY26JUN24200PE,0.00,0.00,0.00,1083.50,0.00,1083.50,25932.25,109.65,0,0,0,0.00,0,F1,60,,,,,
2026-05-26,2026-05-26,FO,NSE,IDO,77485,,FINNIFTY,,2026-06-30,2026-06-30,24400.00,PE,FINNIFTY26JUN24400PE,0.00,0.00,0.00,1196.75,0.00,1196.75,25932.25,139.80,0,0,0,0.00,0,F1,60,,,,,
2026-05-26,2026-05-26,FO,NSE,IDO,77487,,FINNIFTY,,2026-06-30,2026-06-30,24500.00,PE,FINNIFTY26JUN24500PE,0.00,0.00,0.00,1255.70,0.00,1255.70,25932.25,157.10,0,0,0,0.00,0,F1,60,,,,,
2026-05-26,2026-05-26,FO,NSE,IDO,77493,,FINNIFTY,,2026-06-30,2026-06-30,24800.00,PE,FINNIFTY26JUN24800PE,0.00,0.00,0.00,1441.60,0.00,1441.60,25932.25,218.85,0,0,0,0.00,0,F1,60,,,,,
2026-05-26,2026-05-26,FO,NSE,IDO,77495,,FINNIFTY,,2026-06-30,2026-06-30,24900.00,PE,FINNIFTY26JUN24900PE,0.00,0.00,0.00,1506.45,0.00,1506.45,25932.25,242.95,0,0,0,0.00,0,F1,60,,,,,
2026-05-26,2026-05-26,FO,NSE,IDO,77503,,FINNIFTY,,2026-06-30,2026-06-30,25300.00,PE,FINNIFTY26JUN25300PE,0.00,0.00,0.00,1779.80,0.00,1779.80,25932.25,358.85,0,0,0,0.00,0,F1,60,,,,,
2026-05-26,2026-05-26,FO,NSE,IDO,77534,,FINNIFTY,,2026-06-30,2026-06-30,26700.00,PE,FINNIFTY26JUN26700PE,0.00,0.00,0.00,2883.10,0.00,2883.10,25932.25,1041.05,0,0,0,0.00,0,F1,60,,,,,
2026-05-26,2026-05-26,FO,NSE,IDO,77548,,FINNIFTY,,2026-06-30,2026-06-30,27100.00,PE,FINNIFTY26JUN27100PE,0.00,0.00,0.00,3230.25,0.00,3230.25,25932.25,1313.55,0,0,0,0.00,0,F1,60,,,,,
2026-05-26,2026-05-26,FO,NSE,IDO,77600,,FINNIFTY,,2026-06-30,2026-06-30,27700.00,PE,FINNIFTY26JUN27700PE,0.00,0.00,0.00,3769.55,0.00,3769.55,25932.25,1775.90,0,0,0,0.00,0,F1,60,,,,,
2026-05-26,2026-05-26,FO,NSE,IDO,77639,,FINNIFTY,,2026-06-30,2026-06-30,28800.00,PE,FINNIFTY26JUN28800PE,0.00,0.00,0.00,4798.15,0.00,4798.15,25932.25,2742.25,0,0,0,0.00,0,F1,60,,,,,
2026-05-26,2026-05-26,FO,NSE,IDO,62788,,FINNIFTY,,2026-07-28,2026-07-28,23000.00,PE,FINNIFTY26JUL23000PE,0.00,0.00,0.00,133.75,0.00,133.75,25932.25,70.35,0,0,0,0.00,0,F1,60,,,,,
2026-05-26,2026-05-26,FO,NSE,IDO,62817,,FINNIFTY,,2026-07-28,2026-07-28,23500.00,PE,FINNIFTY26JUL23500PE,0.00,0.00,0.00,201.70,0.00,201.70,25932.25,118.90,0,0,0,0.00,0,F1,60,,,,,
2026-05-26,2026-05-26,FO,NSE,IDO,62911,,FINNIFTY,,2026-07-28,2026-07-28,25900.00,PE,FINNIFTY26JUL25900PE,0.00,0.00,0.00,915.65,0.00,915.65,25932.25,770.30,0,0,0,0.00,0,F1,60,,,,,
2026-05-26,2026-05-26,FO,NSE,IDO,62917,,FINNIFTY,,2026-07-28,2026-07-28,26200.00,PE,FINNIFTY26JUL26200PE,0.00,0.00,0.00,1058.65,0.00,1058.65,25932.25,914.65,0,0,0,0.00,0,F1,60,,,,,
2026-05-26,2026-05-26,FO,NSE,IDO,62923,,FINNIFTY,,2026-07-28,2026-07-28,26500.00,PE,FINNIFTY26JUL26500PE,0.00,0.00,0.00,1214.30,0.00,1214.30,25932.25,1074.15,0,0,0,0.00,0,F1,60,,,,,
2026-05-26,2026-05-26,FO,NSE,IDO,62964,,FINNIFTY,,2026-07-28,2026-07-28,27600.00,PE,FINNIFTY26JUL27600PE,0.00,0.00,0.00,1886.95,0.00,1886.95,25932.25,1779.65,0,0,0,0.00,0,F1,60,,,,,
2026-05-26,2026-05-26,FO,NSE,IDO,69699,,FINNIFTY,,2026-05-26,2026-05-26,28300.00,CE,FINNIFTY26MAY28300CE,0.00,0.00,0.00,0.35,0.35,0.35,25932.25,25932.25,240,0,0,0.00,0,F1,60,,,,,
2026-05-26,2026-05-26,FO,NSE,IDO,69776,,FINNIFTY,,2026-05-26,2026-05-26,29700.00,CE,FINNIFTY26MAY29700CE,0.00,0.00,0.00,0.25,0.25,0.25,25932.25,25932.25,660,0,0,0.00,0,F1,60,,,,,
2026-05-26,2026-05-26,FO,NSE,IDO,69756,,FINNIFTY,,2026-05-26,2026-05-26,28900.00,CE,FINNIFTY26MAY28900CE,0.00,0.00,0.00,0.25,0.25,0.25,25932.25,25932.25,600,0,0,0.00,0,F1,60,,,,,
2026-05-26,2026-05-26,FO,NSE,IDO,69707,,FINNIFTY,,2026-05-26,2026-05-26,28700.00,CE,FINNIFTY26MAY28700CE,0.00,0.00,0.00,2.10,2.10,2.10,25932.25,25932.25,300,0,0,0.00,0,F1,60,,,,,
2026-05-26,2026-05-26,FO,NSE,IDO,62551,,FINNIFTY,,2026-05-26,2026-05-26,28450.00,CE,FINNIFTY26MAY28450CE,0.00,0.00,0.00,51.25,0.00,51.25,25932.25,25932.25,0,0,0,0.00,0,F1,60,,,,,
2026-05-26,2026-05-26,FO,NSE,IDO,62548,,FINNIFTY,,2026-05-26,2026-05-26,28350.00,CE,FINNIFTY26MAY28350CE,0.00,0.00,0.00,4.50,4.50,4.50,25932.25,25932.25,120,0,0,0.00,0,F1,60,,,,,
2026-05-26,2026-05-26,FO,NSE,IDO,69695,,FINNIFTY,,2026-05-26,2026-05-26,28100.00,CE,FINNIFTY26MAY28100CE,0.25,0.25,0.10,0.10,0.10,0.50,25932.25,25932.25,300,0,4,6744033.00,2,F1,60,,,,,
2026-05-26,2026-05-26,FO,NSE,IDO,62537,,FINNIFTY,,2026-05-26,2026-05-26,27950.00,CE,FINNIFTY26MAY27950CE,0.00,0.00,0.00,95.65,0.00,95.65,25932.25,25932.25,0,0,0,0.00,0,F1,60,,,,,
2026-05-26,2026-05-26,FO,NSE,IDO,62535,,FINNIFTY,,2026-05-26,2026-05-26,27850.00,CE,FINNIFTY26MAY27850CE,0.00,0.00,0.00,9.50,9.50,9.50,25932.25,25932.25,0,0,0,0.00,0,F1,60,,,,,
2026-05-26,2026-05-26,FO,NSE,IDO,62966,,FINNIFTY,,2026-07-28,2026-07-28,27700.00,PE,FINNIFTY26JUL27700PE,0.00,0.00,0.00,1955.50,0.00,1955.50,25932.25,1852.40,0,0,0,0.00,0,F1,60,,,,,
2026-05-26,2026-05-26,FO,NSE,IDO,62933,,FINNIFTY,,2026-07-28,2026-07-28,27000.00,PE,FINNIFTY26JUL27000PE,0.00,0.00,0.00,1500.80,0.00,1500.80,25932.25,1372.30,0,0,0,0.00,0,F1,60,,,,,
2026-05-26,2026-05-26,FO,NSE,IDO,62927,,FINNIFTY,,2026-07-28,2026-07-28,26700.00,PE,FINNIFTY26JUL26700PE,0.00,0.00,0.00,1324.90,0.00,1324.90,25932.25,1188.65,0,0,0,0.00,0,F1,60,,,,,
2026-05-26,2026-05-26,FO,NSE,IDO,62899,,FINNIFTY,,2026-07-28,2026-07-28,25300.00,PE,FINNIFTY26JUL25300PE,0.00,0.00,0.00,667.05,0.00,667.05,25932.25,526.65,0,0,0,0.00,0,F1,60,,,,,
2026-05-26,2026-05-26,FO,NSE,IDO,62800,,FINNIFTY,,2026-07-28,2026-07-28,23200.00,PE,FINNIFTY26JUL23200PE,0.00,0.00,0.00,158.35,0.00,158.35,25932.25,87.35,0,0,0,0.00,0,F1,60,,,,,
2026-05-26,2026-05-26,FO,NSE,IDO,62786,,FINNIFTY,,2026-07-28,2026-07-28,22900.00,PE,FINNIFTY26JUL22900PE,0.00,0.00,0.00,122.65,0.00,122.65,25932.25,62.90,0,0,0,0.00,0,F1,60,,,,,
2026-05-26,2026-05-26,FO,NSE,IDO,62775,,FINNIFTY,,2026-07-28,2026-07-28,22500.00,PE,FINNIFTY26JUL22500PE,0.00,0.00,0.00,85.25,0.00,85.25,25932.25,39.25,0,0,0,0.00,0,F1,60,,,,,
2026-05-26,2026-05-26,FO,NSE,IDO,77630,,FINNIFTY,,2026-06-30,2026-06-30,28400.00,PE,FINNIFTY26JUN28400PE,0.00,0.00,0.00,4419.50,0.00,4419.50,25932.25,2377.25,0,0,0,0.00,0,F1,60,,,,,
2026-05-26,2026-05-26,FO,NSE,IDO,77628,,FINNIFTY,,2026-06-30,2026-06-30,28300.00,PE,FINNIFTY26JUN28300PE,0.00,0.00,0.00,4325.60,0.00,4325.60,25932.25,2288.10,0,0,0,0.00,0,F1,60,,,,,
2026-05-26,2026-05-26,FO,NSE,IDO,77491,,FINNIFTY,,2026-06-30,2026-06-30,24700.00,PE,FINNIFTY26JUN24700PE,0.00,0.00,0.00,1378.15,0.00,1378.15,25932.25,196.55,0,0,0,0.00,0,F1,60,,,,,
2026-05-26,2026-05-26,FO,NSE,IDO,77484,,FINNIFTY,,2026-06-30,2026-06-30,24400.00,CE,FINNIFTY26JUN24400CE,0.00,0.00,0.00,755.65,0.00,755.65,25932.25,1827.40,0,0,0,0.00,0,F1,60,,,,,
2026-05-26,2026-05-26,FO,NSE,IDO,77457,,FINNIFTY,,2026-06-30,2026-06-30,23100.00,PE,FINNIFTY26JUN23100PE,0.00,0.00,0.00,575.35,0.00,575.35,25932.25,22.40,0,0,0,0.00,0,F1,60,,,,,
2026-05-26,2026-05-26,FO,NSE,IDO,77318,,FINNIFTY,,2026-06-30,2026-06-30,22200.00,PE,FINNIFTY26JUN22200PE,0.00,0.00,0.00,302.30,0.00,302.30,25932.25,4.25,0,0,0,0.00,0,F1,60,,,,,
2026-05-26,2026-05-26,FO,NSE,IDO,69708,,FINNIFTY,,2026-05-26,2026-05-26,28700.00,PE,FINNIFTY26MAY28700PE,0.00,0.00,0.00,902.40,0.00,902.40,25932.25,25932.25,0,0,0,0.00,0,F1,60,,,,,
2026-05-26,2026-05-26,FO,NSE,IDO,62538,,FINNIFTY,,2026-05-26,2026-05-26,27950.00,PE,FINNIFTY26MAY27950PE,0.00,0.00,0.00,1984.05,0.00,1984.05,25932.25,25932.25,0,0,0,0.00,0,F1,60,,,,,
2026-05-26,2026-05-26,FO,NSE,IDO,62536,,FINNIFTY,,2026-05-26,2026-05-26,27850.00,PE,FINNIFTY26MAY27850PE,0.00,0.00,0.00,1896.50,0.00,1896.50,25932.25,25932.25,0,0,0,0.00,0,F1,60,,,,,
2026-05-26,2026-05-26,FO,NSE,IDO,69672,,FINNIFTY,,2026-05-26,2026-05-26,26900.00,PE,FINNIFTY26MAY26900PE,0.00,0.00,0.00,642.20,643.80,642.20,25932.25,25932.25,120,0,0,0.00,0,F1,60,,,,,
2026-05-26,2026-05-26,FO,NSE,IDO,69660,,FINNIFTY,,2026-05-26,2026-05-26,26300.00,PE,FINNIFTY26MAY26300PE,228.40,398.65,143.95,375.80,337.20,183.50,25932.25,25932.25,6060,1860,1457,2318729868.00,1211,F1,60,,,,,
2026-05-26,2026-05-26,FO,NSE,IDO,69568,,FINNIFTY,,2026-05-26,2026-05-26,25300.00,PE,FINNIFTY26MAY25300PE,1.10,2.50,0.05,0.10,0.05,3.50,25932.25,25932.25,21480,-9120,5687,8633162289.00,3944,F1,60,,,,,
2026-05-26,2026-05-26,FO,NSE,IDO,69532,,FINNIFTY,,2026-05-26,2026-05-26,23500.00,PE,FINNIFTY26MAY23500PE,0.50,1.75,0.05,0.15,0.10,0.85,25932.25,25932.25,17160,-4620,959,1352227434.00,300,F1,60,,,,,
2026-05-26,2026-05-26,FO,NSE,IDO,62410,,FINNIFTY,,2026-05-26,2026-05-26,23450.00,PE,FINNIFTY26MAY23450PE,0.00,0.00,0.00,0.10,0.10,0.10,25932.25,25932.25,240,0,0,0.00,0,F1,60,,,,,
2026-05-26,2026-05-26,FO,NSE,IDO,69528,,FINNIFTY,,2026-05-26,2026-05-26,23300.00,PE,FINNIFTY26MAY23300PE,0.50,0.55,0.50,0.50,0.50,0.50,25932.25,25932.25,780,-720,21,29358639.00,5,F1,60,,,,,
2026-05-26,2026-05-26,FO,NSE,IDO,69671,,FINNIFTY,,2026-05-26,2026-05-26,26900.00,CE,FINNIFTY26MAY26900CE,1.45,1.55,0.05,0.15,0.05,3.50,25932.25,25932.25,15180,1080,3985,6431986965.00,2376,F1,60,,,,,
2026-05-26,2026-05-26,FO,NSE,IDO,69657,,FINNIFTY,,2026-05-26,2026-05-26,26200.00,CE,FINNIFTY26MAY26200CE,70.00,85.75,0.05,0.20,0.10,96.70,25932.25,25932.25,84780,23640,136137,214214720454.00,76880,F1,60,,,,,
2026-05-26,2026-05-26,FO,NSE,IDO,69655,,FINNIFTY,,2026-05-26,2026-05-26,26100.00,CE,FINNIFTY26MAY26100CE,132.45,141.50,0.05,0.20,0.10,148.50,25932.25,25932.25,199200,159660,150813,236521845540.00,86768,F1,60,,,,,
2026-05-26,2026-05-26,FO,NSE,IDO,69545,,FINNIFTY,,2026-05-26,2026-05-26,24200.00,CE,FINNIFTY26MAY24200CE,0.00,0.00,0.00,4508.30,0.00,4508.30,25932.25,25932.25,0,0,0,0.00,0,F1,60,,,,,
2026-05-26,2026-05-26,FO,NSE,IDO,62390,,FINNIFTY,,2026-05-26,2026-05-26,23050.00,CE,FINNIFTY26MAY23050CE,0.00,0.00,0.00,3000.90,0.00,3000.90,25932.25,25932.25,0,0,0,0.00,0,F1,60,,,,,
2026-05-26,2026-05-26,FO,NSE,IDO,69509,,FINNIFTY,,2026-05-26,2026-05-26,22400.00,CE,FINNIFTY26MAY22400CE,0.00,0.00,0.00,6264.75,0.00,6264.75,25932.25,25932.25,0,0,0,0.00,0,F1,60,,,,,
2026-05-26,2026-05-26,FO,NSE,IDO,38355,,FINNIFTY,,2026-05-26,2026-05-26,22200.00,CE,FINNIFTY26MAY22200CE,0.00,0.00,0.00,6020.25,0.00,6020.25,25932.25,25932.25,0,0,0,0.00,0,F1,60,,,,,
2026-05-26,2026-05-26,FO,NSE,IDO,69501,,FINNIFTY,,2026-05-26,2026-05-26,21000.00,CE,FINNIFTY26MAY21000CE,0.00,0.00,0.00,7640.95,0.00,7640.95,25932.25,25932.25,0,0,0,0.00,0,F1,60,,,,,
2026-05-26,2026-05-26,FO,NSE,IDF,61091,,FINNIFTY,,2026-07-28,2026-07-28,,,FINNIFTY26JULFUT,0.00,0.00,0.00,26315.30,0.00,26315.30,25932.25,26232.10,0,0,0,0.00,0,F1,60,,,,,
2026-05-26,2026-05-26,FO,NSE,IDF,66069,,FINNIFTY,,2026-05-26,2026-05-26,,,FINNIFTY26MAYFUT,26082.90,26173.80,25895.70,25936.00,25929.00,26172.70,25932.25,25932.25,20760,-5400,394,614325870.00,352,F1,60,,,,,
2026-05-26,2026-05-26,FO,NSE,IDO,69785,,FINNIFTY,,2026-05-26,2026-05-26,30100.00,PE,FINNIFTY26MAY30100PE,0.00,0.00,0.00,1752.05,0.00,1752.05,25932.25,25932.25,0,0,0,0.00,0,F1,60,,,,,
2026-05-26,2026-05-26,FO,NSE,IDO,62559,,FINNIFTY,,2026-05-26,2026-05-26,28650.00,PE,FINNIFTY26MAY28650PE,0.00,0.00,0.00,2624.60,0.00,2624.60,25932.25,25932.25,0,0,0,0.00,0,F1,60,,,,,
2026-05-26,2026-05-26,FO,NSE,IDO,69702,,FINNIFTY,,2026-05-26,2026-05-26,28400.00,PE,FINNIFTY26MAY28400PE,0.00,0.00,0.00,760.95,0.00,760.95,25932.25,25932.25,0,0,0,0.00,0,F1,60,,,,,
2026-05-26,2026-05-26,FO,NSE,IDO,69700,,FINNIFTY,,2026-05-26,2026-05-26,28300.00,PE,FINNIFTY26MAY28300PE,0.00,0.00,0.00,717.05,0.00,717.05,25932.25,25932.25,0,0,0,0.00,0,F1,60,,,,,
2026-05-26,2026-05-26,FO,NSE,IDO,62897,,FINNIFTY,,2026-07-28,2026-07-28,25200.00,PE,FINNIFTY26JUL25200PE,0.00,0.00,0.00,630.45,0.00,630.45,25932.25,491.80,0,0,0,0.00,0,F1,60,,,,,
2026-05-26,2026-05-26,FO,NSE,IDO,62891,,FINNIFTY,,2026-07-28,2026-07-28,24900.00,PE,FINNIFTY26JUL24900PE,0.00,0.00,0.00,528.75,0.00,528.75,25932.25,396.85,0,0,0,0.00,0,F1,60,,,,,
2026-05-26,2026-05-26,FO,NSE,IDO,62877,,FINNIFTY,,2026-07-28,2026-07-28,24600.00,PE,FINNIFTY26JUL24600PE,0.00,0.00,0.00,440.05,0.00,440.05,25932.25,316.00,0,0,0,0.00,0,F1,60,,,,,
2026-05-26,2026-05-26,FO,NSE,IDO,77691,,FINNIFTY,,2026-06-30,2026-06-30,30000.00,PE,FINNIFTY26JUN30000PE,0.00,0.00,0.00,5953.20,0.00,5953.20,25932.25,3889.75,0,0,0,0.00,0,F1,60,,,,,
2026-05-26,2026-05-26,FO,NSE,IDO,77624,,FINNIFTY,,2026-06-30,2026-06-30,28100.00,PE,FINNIFTY26JUN28100PE,0.00,0.00,0.00,4138.70,0.00,4138.70,25932.25,2112.80,0,0,0,0.00,0,F1,60,,,,,
2026-05-26,2026-05-26,FO,NSE,IDO,77505,,FINNIFTY,,2026-06-30,2026-06-30,25400.00,PE,FINNIFTY26JUN25400PE,0.00,0.00,0.00,1851.40,0.00,1851.40,25932.25,393.10,0,0,0,0.00,0,F1,60,,,,,
2026-05-26,2026-05-26,FO,NSE,IDO,77477,,FINNIFTY,,2026-06-30,2026-06-30,24000.00,PE,FINNIFTY26JUN24000PE,88.00,88.00,77.00,79.35,84.00,98.95,25932.25,79.35,420,120,5,7224360.00,5,F1,60,,,,,
2026-05-26,2026-05-26,FO,NSE,IDO,77469,,FINNIFTY,,2026-06-30,2026-06-30,23600.00,PE,FINNIFTY26JUN23600PE,0.00,0.00,0.00,782.05,0.00,782.05,25932.25,48.75,0,0,0,0.00,0,F1,60,,,,,
2026-05-26,2026-05-26,FO,NSE,IDO,77450,,FINNIFTY,,2026-06-30,2026-06-30,23000.00,PE,FINNIFTY26JUN23000PE,33.00,34.00,20.00,20.00,20.00,33.00,25932.25,20.00,120,60,3,4145220.00,3,F1,60,,,,,
2026-05-26,2026-05-26,FO,NSE,IDO,77302,,FINNIFTY,,2026-06-30,2026-06-30,21400.00,PE,FINNIFTY26JUN21400PE,0.00,0.00,0.00,151.95,0.00,151.95,25932.25,0.70,0,0,0,0.00,0,F1,60,,,,,
2026-05-26,2026-05-26,FO,NSE,IDO,77300,,FINNIFTY,,2026-06-30,2026-06-30,21300.00,PE,FINNIFTY26JUN21300PE,0.00,0.00,0.00,138.25,0.00,138.25,25932.25,0.55,0,0,0,0.00,0,F1,60,,,,,
2026-05-26,2026-05-26,FO,NSE,IDO,69787,,FINNIFTY,,2026-05-26,2026-05-26,30200.00,PE,FINNIFTY26MAY30200PE,0.00,0.00,0.00,1823.60,0.00,1823.60,25932.25,25932.25,0,0,0,0.00,0,F1,60,,,,,
2026-05-26,2026-05-26,FO,NSE,IDO,77488,,FINNIFTY,,2026-06-30,2026-06-30,24600.00,CE,FINNIFTY26JUN24600CE,0.00,0.00,0.00,678.65,0.00,678.65,25932.25,1664.85,0,0,0,0.00,0,F1,60,,,,,
2026-05-26,2026-05-26,FO,NSE,IDO,77466,,FINNIFTY,,2026-06-30,2026-06-30,23600.00,CE,FINNIFTY26JUN23600CE,0.00,0.00,0.00,1126.60,0.00,1126.60,25932.25,2531.25,0,0,0,0.00,0,F1,60,,,,,
2026-05-26,2026-05-26,FO,NSE,IDO,77460,,FINNIFTY,,2026-06-30,2026-06-30,23300.00,CE,FINNIFTY26JUN23300CE,0.00,0.00,0.00,1292.35,0.00,1292.35,25932.25,2811.55,0,0,0,0.00,0,F1,60,,,,,
2026-05-26,2026-05-26,FO,NSE,IDO,77325,,FINNIFTY,,2026-06-30,2026-06-30,22600.00,CE,FINNIFTY26JUN22600CE,0.00,0.00,0.00,1735.10,0.00,1735.10,25932.25,3485.45,0,0,0,0.00,0,F1,60,,,,,
2026-05-26,2026-05-26,FO,NSE,IDO,77319,,FINNIFTY,,2026-06-30,2026-06-30,22300.00,CE,FINNIFTY26JUN22300CE,0.00,0.00,0.00,1948.90,0.00,1948.90,25932.25,3779.45,0,0,0,0.00,0,F1,60,,,,,
2026-05-26,2026-05-26,FO,NSE,IDO,77305,,FINNIFTY,,2026-06-30,2026-06-30,21600.00,CE,FINNIFTY26JUN21600CE,0.00,0.00,0.00,2491.20,0.00,2491.20,25932.25,4470.90,0,0,0,0.00,0,F1,60,,,,,
2026-05-26,2026-05-26,FO,NSE,IDO,77555,,FINNIFTY,,2026-06-30,2026-06-30,27300.00,CE,FINNIFTY26JUN27300CE,0.00,0.00,0.00,118.60,0.00,118.60,25932.25,268.30,0,0,0,0.00,0,F1,60,,,,,
2026-05-26,2026-05-26,FO,NSE,IDO,77688,,FINNIFTY,,2026-06-30,2026-06-30,29500.00,CE,FINNIFTY26JUN29500CE,0.00,0.00,0.00,19.45,0.00,19.45,25932.25,24.85,0,0,0,0.00,0,F1,60,,,,,
2026-05-26,2026-05-26,FO,NSE,IDO,62916,,FINNIFTY,,2026-07-28,2026-07-28,26200.00,CE,FINNIFTY26JUL26200CE,0.00,0.00,0.00,1172.30,0.00,1172.30,25932.25,946.35,0,0,0,0.00,0,F1,60,,,,,
2026-05-26,2026-05-26,FO,NSE,IDO,69778,,FINNIFTY,,2026-05-26,2026-05-26,29800.00,CE,FINNIFTY26MAY29800CE,0.00,0.00,0.00,0.70,0.70,0.70,25932.25,25932.25,60,0,0,0.00,0,F1,60,,,,,
2026-05-26,2026-05-26,FO,NSE,IDO,62928,,FINNIFTY,,2026-07-28,2026-07-28,26800.00,CE,FINNIFTY26JUL26800CE,0.00,0.00,0.00,904.45,0.00,904.45,25932.25,686.85,0,0,0,0.00,0,F1,60,,,,,
2026-05-26,2026-05-26,FO,NSE,IDO,38352,,FINNIFTY,,2026-05-26,2026-05-26,22100.00,PE,FINNIFTY26MAY22100PE,0.50,0.55,0.50,0.55,0.55,11.20,25932.25,25932.25,180,60,2,2652063.00,2,F1,60,,,,,
2026-05-26,2026-05-26,FO,NSE,IDO,69544,,FINNIFTY,,2026-05-26,2026-05-26,24100.00,PE,FINNIFTY26MAY24100PE,11.20,11.20,0.05,0.15,0.05,1.10,25932.25,25932.25,2460,240,97,140265489.00,60,F1,60,,,,,
2026-05-26,2026-05-26,FO,NSE,IDO,69546,,FINNIFTY,,2026-05-26,2026-05-26,24200.00,PE,FINNIFTY26MAY24200PE,0.40,0.75,0.10,0.10,0.10,1.20,25932.25,25932.25,3120,-840,120,174242589.00,67,F1,60,,,,,
2026-05-26,2026-05-26,FO,NSE,IDO,77541,,FINNIFTY,,2026-06-30,2026-06-30,27000.00,CE,FINNIFTY26JUN27000CE,0.00,0.00,0.00,147.90,0.00,147.90,25932.25,346.65,0,0,0,0.00,0,F1,60,,,,,
2026-05-26,2026-05-26,FO,NSE,IDO,77506,,FINNIFTY,,2026-06-30,2026-06-30,25500.00,CE,FINNIFTY26JUN25500CE,850.00,860.00,850.00,860.00,860.00,968.65,25932.25,860.00,240,-60,2,3162600.00,2,F1,60,,,,,
2026-05-26,2026-05-26,FO,NSE,IDO,77504,,FINNIFTY,,2026-06-30,2026-06-30,25400.00,CE,FINNIFTY26JUN25400CE,0.00,0.00,0.00,428.20,0.00,428.20,25932.25,1087.05,0,0,0,0.00,0,F1,60,,,,,
2026-05-26,2026-05-26,FO,NSE,IDO,77494,,FINNIFTY,,2026-06-30,2026-06-30,24900.00,CE,FINNIFTY26JUN24900CE,0.00,0.00,0.00,574.30,0.00,574.30,25932.25,1433.70,0,0,0,0.00,0,F1,60,,,,,
2026-05-26,2026-05-26,FO,NSE,IDO,62442,,FINNIFTY,,2026-05-26,2026-05-26,24350.00,PE,FINNIFTY26MAY24350PE,0.55,0.55,0.05,0.05,0.05,1.60,25932.25,25932.25,840,-240,15,21915318.00,13,F1,60,,,,,
2026-05-26,2026-05-26,FO,NSE,IDO,62460,,FINNIFTY,,2026-05-26,2026-05-26,24850.00,PE,FINNIFTY26MAY24850PE,0.85,2.20,0.05,0.10,0.10,2.25,25932.25,25932.25,3180,240,213,317590716.00,94,F1,60,,,,,
2026-05-26,2026-05-26,FO,NSE,IDO,69652,,FINNIFTY,,2026-05-26,2026-05-26,25900.00,PE,FINNIFTY26MAY25900PE,45.65,49.70,0.05,2.90,0.05,36.70,25932.25,25932.25,147780,99600,325666,506399765121.00,169495,F1,60,,,,,
2026-05-26,2026-05-26,FO,NSE,IDO,62520,,FINNIFTY,,2026-05-26,2026-05-26,27050.00,PE,FINNIFTY26MAY27050PE,0.00,0.00,0.00,1247.95,0.00,1247.95,25932.25,25932.25,0,0,0,0.00,0,F1,60,,,,,
2026-05-26,2026-05-26,FO,NSE,IDO,62526,,FINNIFTY,,2026-05-26,2026-05-26,27350.00,PE,FINNIFTY26MAY27350PE,0.00,0.00,0.00,1479.05,0.00,1479.05,25932.25,25932.25,0,0,0,0.00,0,F1,60,,,,,
2026-05-26,2026-05-26,FO,NSE,IDO,62528,,FINNIFTY,,2026-05-26,2026-05-26,27450.00,PE,FINNIFTY26MAY27450PE,0.00,0.00,0.00,1559.55,0.00,1559.55,25932.25,25932.25,0,0,0,0.00,0,F1,60,,,,,
2026-05-26,2026-05-26,FO,NSE,IDO,62553,,FINNIFTY,,2026-05-26,2026-05-26,28550.00,CE,FINNIFTY26MAY28550CE,0.00,0.00,0.00,44.90,0.00,44.90,25932.25,25932.25,0,0,0,0.00,0,F1,60,,,,,
2026-05-26,2026-05-26,FO,NSE,IDO,69539,,FINNIFTY,,2026-05-26,2026-05-26,23900.00,CE,FINNIFTY26MAY23900CE,0.00,0.00,0.00,4798.25,0.00,4798.25,25932.25,25932.25,0,0,0,0.00,0,F1,60,,,,,
2026-05-26,2026-05-26,FO,NSE,IDO,69547,,FINNIFTY,,2026-05-26,2026-05-26,24300.00,CE,FINNIFTY26MAY24300CE,0.00,0.00,0.00,4412.10,0.00,4412.10,25932.25,25932.25,0,0,0,0.00,0,F1,60,,,,,
2026-05-26,2026-05-26,FO,NSE,IDO,77312,,FINNIFTY,,2026-06-30,2026-06-30,21900.00,PE,FINNIFTY26JUN21900PE,0.00,0.00,0.00,236.80,0.00,236.80,25932.25,2.25,0,0,0,0.00,0,F1,60,,,,,
2026-05-26,2026-05-26,FO,NSE,IDO,77320,,FINNIFTY,,2026-06-30,2026-06-30,22300.00,PE,FINNIFTY26JUN22300PE,0.00,0.00,0.00,327.65,0.00,327.65,25932.25,5.20,0,0,0,0.00,0,F1,60,,,,,
2026-05-26,2026-05-26,FO,NSE,IDO,77463,,FINNIFTY,,2026-06-30,2026-06-30,23400.00,PE,FINNIFTY26JUN23400PE,0.00,0.00,0.00,694.50,0.00,694.50,25932.25,36.15,0,0,0,0.00,0,F1,60,,,,,
2026-05-26,2026-05-26,FO,NSE,IDO,77526,,FINNIFTY,,2026-06-30,2026-06-30,26300.00,PE,FINNIFTY26JUN26300PE,0.00,0.00,0.00,2548.25,0.00,2548.25,25932.25,801.50,0,0,0,0.00,0,F1,60,,,,,
2026-05-26,2026-05-26,FO,NSE,IDO,77546,,FINNIFTY,,2026-06-30,2026-06-30,27000.00,PE,FINNIFTY26JUN27000PE,0.00,0.00,0.00,3142.45,0.00,3142.45,25932.25,1242.50,0,0,0,0.00,0,F1,60,,,,,
2026-05-26,2026-05-26,FO,NSE,IDO,77595,,FINNIFTY,,2026-06-30,2026-06-30,27600.00,PE,FINNIFTY26JUN27600PE,0.00,0.00,0.00,3678.35,0.00,3678.35,25932.25,1695.00,0,0,0,0.00,0,F1,60,,,,,
2026-05-26,2026-05-26,FO,NSE,IDO,77605,,FINNIFTY,,2026-06-30,2026-06-30,27900.00,PE,FINNIFTY26JUN27900PE,0.00,0.00,0.00,3953.30,0.00,3953.30,25932.25,1941.85,0,0,0,0.00,0,F1,60,,,,,
2026-05-26,2026-05-26,FO,NSE,IDO,62808,,FINNIFTY,,2026-07-28,2026-07-28,23300.00,PE,FINNIFTY26JUL23300PE,0.00,0.00,0.00,171.90,0.00,171.90,25932.25,97.00,0,0,0,0.00,0,F1,60,,,,,
2026-05-26,2026-05-26,FO,NSE,IDO,62819,,FINNIFTY,,2026-07-28,2026-07-28,23600.00,PE,FINNIFTY26JUL23600PE,0.00,0.00,0.00,217.95,0.00,217.95,25932.25,131.25,0,0,0,0.00,0,F1,60,,,,,
2026-05-26,2026-05-26,FO,NSE,IDO,62844,,FINNIFTY,,2026-07-28,2026-07-28,24200.00,PE,FINNIFTY26JUL24200PE,0.00,0.00,0.00,337.20,0.00,337.20,25932.25,227.40,0,0,0,0.00,0,F1,60,,,,,
2026-05-26,2026-05-26,FO,NSE,IDO,62856,,FINNIFTY,,2026-07-28,2026-07-28,24400.00,PE,FINNIFTY26JUL24400PE,0.00,0.00,0.00,386.80,0.00,386.80,25932.25,269.00,0,0,0,0.00,0,F1,60,,,,,
2026-05-26,2026-05-26,FO,NSE,IDO,62887,,FINNIFTY,,2026-07-28,2026-07-28,24700.00,PE,FINNIFTY26JUL24700PE,0.00,0.00,0.00,467.60,0.00,467.60,25932.25,342.45,0,0,0,0.00,0,F1,60,,,,,
2026-05-26,2026-05-26,FO,NSE,IDO,69783,,FINNIFTY,,2026-05-26,2026-05-26,30000.00,PE,FINNIFTY26MAY30000PE,0.00,0.00,0.00,1681.75,0.00,1681.75,25932.25,25932.25,0,0,0,0.00,0,F1,60,,,,,
2026-05-26,2026-05-26,FO,NSE,IDO,69781,,FINNIFTY,,2026-05-26,2026-05-26,29900.00,PE,FINNIFTY26MAY29900PE,0.00,0.00,0.00,1612.85,0.00,1612.85,25932.25,25932.25,0,0,0,0.00,0,F1,60,,,,,
2026-05-26,2026-05-26,FO,NSE,IDO,69779,,FINNIFTY,,2026-05-26,2026-05-26,29800.00,PE,FINNIFTY26MAY29800PE,0.00,0.00,0.00,1545.35,0.00,1545.35,25932.25,25932.25,0,0,0,0.00,0,F1,60,,,,,
2026-05-26,2026-05-26,FO,NSE,IDO,69769,,FINNIFTY,,2026-05-26,2026-05-26,29400.00,PE,FINNIFTY26MAY29400PE,0.00,0.00,0.00,1289.80,0.00,1289.80,25932.25,25932.25,0,0,0,0.00,0,F1,60,,,,,
2026-05-26,2026-05-26,FO,NSE,IDO,62532,,FINNIFTY,,2026-05-26,2026-05-26,27650.00,PE,FINNIFTY26MAY27650PE,0.00,0.00,0.00,1725.20,0.00,1725.20,25932.25,25932.25,0,0,0,0.00,0,F1,60,,,,,
2026-05-26,2026-05-26,FO,NSE,IDO,62480,,FINNIFTY,,2026-05-26,2026-05-26,25650.00,PE,FINNIFTY26MAY25650PE,11.00,11.00,0.05,0.15,0.05,9.35,25932.25,25932.25,29160,1020,13605,20939214591.00,5296,F1,60,,,,,
2026-05-26,2026-05-26,FO,NSE,IDO,69566,,FINNIFTY,,2026-05-26,2026-05-26,25200.00,PE,FINNIFTY26MAY25200PE,1.25,1.95,0.05,0.10,0.05,2.90,25932.25,25932.25,27360,-1920,4117,6225102087.00,2579,F1,60,,,,,
2026-05-26,2026-05-26,FO,NSE,IDO,62444,,FINNIFTY,,2026-05-26,2026-05-26,24450.00,PE,FINNIFTY26MAY24450PE,0.65,0.65,0.15,0.15,0.15,1.75,25932.25,25932.25,1320,-480,50,73351305.00,25,F1,60,,,,,
2026-05-26,2026-05-26,FO,NSE,IDO,69536,,FINNIFTY,,2026-05-26,2026-05-26,23700.00,PE,FINNIFTY26MAY23700PE,1.05,2.35,0.10,0.15,0.10,1.30,25932.25,25932.25,11340,-5880,421,598677354.00,116,F1,60,,,,,
2026-05-26,2026-05-26,FO,NSE,IDO,69522,,FINNIFTY,,2026-05-26,2026-05-26,23000.00,PE,FINNIFTY26MAY23000PE,0.95,1.00,0.10,0.20,0.10,0.80,25932.25,25932.25,26400,-5760,635,876313845.00,170,F1,60,,,,,
2026-05-26,2026-05-26,FO,NSE,IDO,62920,,FINNIFTY,,2026-07-28,2026-07-28,26400.00,CE,FINNIFTY26JUL26400CE,0.00,0.00,0.00,1077.55,0.00,1077.55,25932.25,853.30,0,0,0,0.00,0,F1,60,,,,,
2026-05-26,2026-05-26,FO,NSE,IDO,62809,,FINNIFTY,,2026-07-28,2026-07-28,23400.00,CE,FINNIFTY26JUL23400CE,0.00,0.00,0.00,3059.80,0.00,3059.80,25932.25,2907.25,0,0,0,0.00,0,F1,60,,,,,
2026-05-26,2026-05-26,FO,NSE,IDO,62783,,FINNIFTY,,2026-07-28,2026-07-28,22800.00,CE,FINNIFTY26JUL22800CE,0.00,0.00,0.00,3577.10,0.00,3577.10,25932.25,3448.95,0,0,0,0.00,0,F1,60,,,,,
2026-05-26,2026-05-26,FO,NSE,IDO,77627,,FINNIFTY,,2026-06-30,2026-06-30,28300.00,CE,FINNIFTY26JUN28300CE,46.00,48.30,30.00,37.50,36.00,45.30,25932.25,37.50,1620,1320,29,49313100.00,20,F1,60,,,,,
2026-05-26,2026-05-26,FO,NSE,IDO,77482,,FINNIFTY,,2026-06-30,2026-06-30,24300.00,CE,FINNIFTY26JUN24300CE,0.00,0.00,0.00,796.45,0.00,796.45,25932.25,1910.95,0,0,0,0.00,0,F1,60,,,,,
2026-05-26,2026-05-26,FO,NSE,IDO,77331,,FINNIFTY,,2026-06-30,2026-06-30,22800.00,CE,FINNIFTY26JUN22800CE,0.00,0.00,0.00,1600.80,0.00,1600.80,25932.25,3290.80,0,0,0,0.00,0,F1,60,,,,,
2026-05-26,2026-05-26,FO,NSE,IDO,77311,,FINNIFTY,,2026-06-30,2026-06-30,21900.00,CE,FINNIFTY26JUN21900CE,0.00,0.00,0.00,2250.90,0.00,2250.90,25932.25,4173.95,0,0,0,0.00,0,F1,60,,,,,
2026-05-26,2026-05-26,FO,NSE,IDO,69784,,FINNIFTY,,2026-05-26,2026-05-26,30100.00,CE,FINNIFTY26MAY30100CE,0.20,0.20,0.15,0.15,0.15,2.60,25932.25,25932.25,660,0,11,19866105.00,2,F1,60,,,,,
2026-05-26,2026-05-26,FO,NSE,IDO,69701,,FINNIFTY,,2026-05-26,2026-05-26,28400.00,CE,FINNIFTY26MAY28400CE,0.00,0.00,0.00,1123.70,0.00,1123.70,25932.25,25932.25,0,0,0,0.00,0,F1,60,,,,,
2026-05-26,2026-05-26,FO,NSE,IDO,69697,,FINNIFTY,,2026-05-26,2026-05-26,28200.00,CE,FINNIFTY26MAY28200CE,0.80,0.80,0.20,0.20,0.20,0.70,25932.25,25932.25,960,120,7,11844192.00,5,F1,60,,,,,
2026-05-26,2026-05-26,FO,NSE,IDO,69691,,FINNIFTY,,2026-05-26,2026-05-26,27900.00,CE,FINNIFTY26MAY27900CE,0.80,0.80,0.05,0.10,0.05,1.00,25932.25,25932.25,60,60,14,23436201.00,6,F1,60,,,,,
2026-05-26,2026-05-26,FO,NSE,IDO,62525,,FINNIFTY,,2026-05-26,2026-05-26,27350.00,CE,FINNIFTY26MAY27350CE,0.00,0.00,0.00,6.20,6.20,6.20,25932.25,25932.25,60,0,0,0.00,0,F1,60,,,,,
2026-05-26,2026-05-26,FO,NSE,IDO,69675,,FINNIFTY,,2026-05-26,2026-05-26,27100.00,CE,FINNIFTY26MAY27100CE,0.75,1.00,0.05,0.20,0.20,2.65,25932.25,25932.25,4860,2400,602,978873258.00,389,F1,60,,,,,
2026-05-26,2026-05-26,FO,NSE,IDO,62517,,FINNIFTY,,2026-05-26,2026-05-26,26950.00,CE,FINNIFTY26MAY26950CE,1.25,1.75,0.05,0.15,0.05,4.00,25932.25,25932.25,3360,3000,362,585367635.00,309,F1,60,,,,,
2026-05-26,2026-05-26,FO,NSE,IDO,62513,,FINNIFTY,,2026-05-26,2026-05-26,26750.00,CE,FINNIFTY26MAY26750CE,0.75,1.30,0.05,0.15,0.05,6.30,25932.25,25932.25,7080,3660,1396,2240642325.00,1041,F1,60,,,,,
2026-05-26,2026-05-26,FO,NSE,IDO,69665,,FINNIFTY,,2026-05-26,2026-05-26,26600.00,CE,FINNIFTY26MAY26600CE,3.55,5.30,0.05,0.15,0.05,13.25,25932.25,25932.25,16740,-21000,12352,19714713954.00,5900,F1,60,,,,,
2026-05-26,2026-05-26,FO,NSE,IDO,69663,,FINNIFTY,,2026-05-26,2026-05-26,26500.00,CE,FINNIFTY26MAY26500CE,10.00,15.05,0.05,0.15,0.05,21.00,25932.25,25932.25,115500,-10680,35744,56837698581.00,12340,F1,60,,,,,
2026-05-26,2026-05-26,FO,NSE,IDO,62447,,FINNIFTY,,2026-05-26,2026-05-26,24650.00,CE,FINNIFTY26MAY24650CE,0.00,0.00,0.00,1542.45,0.00,1542.45,25932.25,25932.25,0,0,0,0.00,0,F1,60,,,,,
2026-05-26,2026-05-26,FO,NSE,IDO,62952,,FINNIFTY,,2026-07-28,2026-07-28,27400.00,PE,FINNIFTY26JUL27400PE,0.00,0.00,0.00,1753.35,0.00,1753.35,25932.25,1638.25,0,0,0,0.00,0,F1,60,,,,,
2026-05-26,2026-05-26,FO,NSE,IDO,62986,,FINNIFTY,,2026-07-28,2026-07-28,28100.00,PE,FINNIFTY26JUL28100PE,0.00,0.00,0.00,2241.00,0.00,2241.00,25932.25,2156.15,0,0,0,0.00,0,F1,60,,,,,
2026-05-26,2026-05-26,FO,NSE,IDO,62905,,FINNIFTY,,2026-07-28,2026-07-28,25600.00,PE,FINNIFTY26JUL25600PE,0.00,0.00,0.00,785.05,0.00,785.05,25932.25,641.00,0,0,0,0.00,0,F1,60,,,,,
2026-05-26,2026-05-26,FO,NSE,IDO,77462,,FINNIFTY,,2026-06-30,2026-06-30,23400.00,CE,FINNIFTY26JUN23400CE,0.00,0.00,0.00,1235.50,0.00,1235.50,25932.25,2717.35,0,0,0,0.00,0,F1,60,,,,,
2026-05-26,2026-05-26,FO,NSE,IDO,77486,,FINNIFTY,,2026-06-30,2026-06-30,24500.00,CE,FINNIFTY26JUN24500CE,0.00,0.00,0.00,716.40,0.00,716.40,25932.25,1745.30,0,0,0,0.00,0,F1,60,,,,,
2026-05-26,2026-05-26,FO,NSE,IDO,77490,,FINNIFTY,,2026-06-30,2026-06-30,24700.00,CE,FINNIFTY26JUN24700CE,0.00,0.00,0.00,642.40,0.00,642.40,25932.25,1586.05,0,0,0,0.00,0,F1,60,,,,,
2026-05-26,2026-05-26,FO,NSE,IDO,77496,,FINNIFTY,,2026-06-30,2026-06-30,25000.00,CE,FINNIFTY26JUN25000CE,1345.55,1345.55,1345.55,1345.55,1345.55,1245.45,25932.25,1361.20,0,-60,1,1580733.00,1,F1,60,,,,,
2026-05-26,2026-05-26,FO,NSE,IDO,77521,,FINNIFTY,,2026-06-30,2026-06-30,26100.00,CE,FINNIFTY26JUN26100CE,0.00,0.00,0.00,275.45,0.00,275.45,25932.25,693.30,0,0,0,0.00,0,F1,60,,,,,
2026-05-26,2026-05-26,FO,NSE,IDO,77601,,FINNIFTY,,2026-06-30,2026-06-30,27800.00,CE,FINNIFTY26JUN27800CE,0.00,0.00,0.00,80.95,0.00,80.95,25932.25,167.45,0,0,0,0.00,0,F1,60,,,,,
2026-05-26,2026-05-26,FO,NSE,IDO,77629,,FINNIFTY,,2026-06-30,2026-06-30,28400.00,CE,FINNIFTY26JUN28400CE,0.00,0.00,0.00,50.05,0.00,50.05,25932.25,90.30,0,0,0,0.00,0,F1,60,,,,,
2026-05-26,2026-05-26,FO,NSE,IDO,77631,,FINNIFTY,,2026-06-30,2026-06-30,28500.00,CE,FINNIFTY26JUN28500CE,0.00,0.00,0.00,56.30,56.30,56.30,25932.25,81.00,60,0,0,0.00,0,F1,60,,,,,
2026-05-26,2026-05-26,FO,NSE,IDO,69685,,FINNIFTY,,2026-05-26,2026-05-26,27600.00,CE,FINNIFTY26MAY27600CE,0.20,0.95,0.05,0.10,0.05,0.65,25932.25,25932.25,1080,-180,48,79489470.00,19,F1,60,,,,,
2026-05-26,2026-05-26,FO,NSE,IDO,69679,,FINNIFTY,,2026-05-26,2026-05-26,27300.00,CE,FINNIFTY26MAY27300CE,0.85,1.20,0.05,0.15,0.05,1.55,25932.25,25932.25,2220,300,152,248981793.00,127,F1,60,,,,,
2026-05-26,2026-05-26,FO,NSE,IDO,62489,,FINNIFTY,,2026-05-26,2026-05-26,26150.00,CE,FINNIFTY26MAY26150CE,85.15,108.15,0.05,0.10,0.10,135.00,25932.25,25932.25,75960,49560,97275,152821979145.00,55363,F1,60,,,,,
2026-05-26,2026-05-26,FO,NSE,IDO,69551,,FINNIFTY,,2026-05-26,2026-05-26,24500.00,CE,FINNIFTY26MAY24500CE,0.00,0.00,0.00,4220.60,0.00,4220.60,25932.25,25932.25,0,0,0,0.00,0,F1,60,,,,,
2026-05-26,2026-05-26,FO,NSE,IDO,62368,,FINNIFTY,,2026-05-26,2026-05-26,22850.00,CE,FINNIFTY26MAY22850CE,0.00,0.00,0.00,3196.30,0.00,3196.30,25932.25,25932.25,0,0,0,0.00,0,F1,60,,,,,
2026-05-26,2026-05-26,FO,NSE,IDO,69515,,FINNIFTY,,2026-05-26,2026-05-26,22700.00,CE,FINNIFTY26MAY22700CE,0.00,0.00,0.00,5970.25,0.00,5970.25,25932.25,25932.25,0,0,0,0.00,0,F1,60,,,,,
2026-05-26,2026-05-26,FO,NSE,IDO,40442,,FINNIFTY,,2026-05-26,2026-05-26,21800.00,CE,FINNIFTY26MAY21800CE,0.00,0.00,0.00,6101.10,0.00,6101.10,25932.25,25932.25,0,0,0,0.00,0,F1,60,,,,,
2026-05-26,2026-05-26,FO,NSE,IDO,77640,,FINNIFTY,,2026-06-30,2026-06-30,28900.00,CE,FINNIFTY26JUN28900CE,68.95,68.95,20.95,23.95,23.95,32.90,25932.25,23.95,180,180,5,8680629.00,5,F1,60,,,,,
2026-05-26,2026-05-26,FO,NSE,IDO,62774,,FINNIFTY,,2026-07-28,2026-07-28,22500.00,CE,FINNIFTY26JUL22500CE,0.00,0.00,0.00,3845.75,0.00,3845.75,25932.25,3728.70,0,0,0,0.00,0,F1,60,,,,,
2026-05-26,2026-05-26,FO,NSE,IDO,62799,,FINNIFTY,,2026-07-28,2026-07-28,23200.00,CE,FINNIFTY26JUL23200CE,0.00,0.00,0.00,3228.95,0.00,3228.95,25932.25,3084.75,0,0,0,0.00,0,F1,60,,,,,
2026-05-26,2026-05-26,FO,NSE,IDO,62820,,FINNIFTY,,2026-07-28,2026-07-28,23700.00,CE,FINNIFTY26JUL23700CE,0.00,0.00,0.00,2812.95,0.00,2812.95,25932.25,2647.70,0,0,0,0.00,0,F1,60,,,,,
2026-05-26,2026-05-26,FO,NSE,IDO,62898,,FINNIFTY,,2026-07-28,2026-07-28,25300.00,CE,FINNIFTY26JUL25300CE,0.00,0.00,0.00,1667.75,0.00,1667.75,25932.25,1448.10,0,0,0,0.00,0,F1,60,,,,,
2026-05-26,2026-05-26,FO,NSE,IDO,62906,,FINNIFTY,,2026-07-28,2026-07-28,25700.00,CE,FINNIFTY26JUL25700CE,0.00,0.00,0.00,1433.65,0.00,1433.65,25932.25,1208.40,0,0,0,0.00,0,F1,60,,,,,
2026-05-26,2026-05-26,FO,NSE,IDO,62910,,FINNIFTY,,2026-07-28,2026-07-28,25900.00,CE,FINNIFTY26JUL25900CE,0.00,0.00,0.00,1324.95,0.00,1324.95,25932.25,1098.60,0,0,0,0.00,0,F1,60,,,,,
2026-05-26,2026-05-26,FO,NSE,IDO,62912,,FINNIFTY,,2026-07-28,2026-07-28,26000.00,CE,FINNIFTY26JUL26000CE,0.00,0.00,0.00,1272.70,0.00,1272.70,25932.25,1046.20,0,0,0,0.00,0,F1,60,,,,,
2026-05-26,2026-05-26,FO,NSE,IDO,62926,,FINNIFTY,,2026-07-28,2026-07-28,26700.00,CE,FINNIFTY26JUL26700CE,0.00,0.00,0.00,945.70,0.00,945.70,25932.25,726.05,0,0,0,0.00,0,F1,60,,,,,
2026-05-26,2026-05-26,FO,NSE,IDO,62979,,FINNIFTY,,2026-07-28,2026-07-28,28100.00,CE,FINNIFTY26JUL28100CE,0.00,0.00,0.00,481.90,0.00,481.90,25932.25,309.55,0,0,0,0.00,0,F1,60,,,,,
2026-05-26,2026-05-26,FO,NSE,IDO,69504,,FINNIFTY,,2026-05-26,2026-05-26,21500.00,PE,FINNIFTY26MAY21500PE,0.00,0.00,0.00,0.30,0.30,0.30,25932.25,25932.25,540,0,0,0.00,0,F1,60,,,,,
2026-05-26,2026-05-26,FO,NSE,IDO,38356,,FINNIFTY,,2026-05-26,2026-05-26,22200.00,PE,FINNIFTY26MAY22200PE,1.00,1.00,0.25,0.25,0.25,1.00,25932.25,25932.25,1080,300,15,19980450.00,2,F1,60,,,,,
2026-05-26,2026-05-26,FO,NSE,IDO,62365,,FINNIFTY,,2026-05-26,2026-05-26,22750.00,PE,FINNIFTY26MAY22750PE,2.00,2.00,2.00,2.00,2.00,5.95,25932.25,25932.25,300,60,1,1365120.00,1,F1,60,,,,,
2026-05-26,2026-05-26,FO,NSE,IDO,62364,,FINNIFTY,,2026-05-26,2026-05-26,22750.00,CE,FINNIFTY26MAY22750CE,0.00,0.00,0.00,3294.45,0.00,3294.45,25932.25,25932.25,0,0,0,0.00,0,F1,60,,,,,
2026-05-26,2026-05-26,FO,NSE,IDO,69517,,FINNIFTY,,2026-05-26,2026-05-26,22800.00,CE,FINNIFTY26MAY22800CE,0.00,0.00,0.00,5872.15,0.00,5872.15,25932.25,25932.25,0,0,0,0.00,0,F1,60,,,,,
2026-05-26,2026-05-26,FO,NSE,IDO,62399,,FINNIFTY,,2026-05-26,2026-05-26,23150.00,CE,FINNIFTY26MAY23150CE,0.00,0.00,0.00,2903.75,0.00,2903.75,25932.25,25932.25,0,0,0,0.00,0,F1,60,,,,,
2026-05-26,2026-05-26,FO,NSE,IDO,69537,,FINNIFTY,,2026-05-26,2026-05-26,23800.00,CE,FINNIFTY26MAY23800CE,0.00,0.00,0.00,4895.30,0.00,4895.30,25932.25,25932.25,0,0,0,0.00,0,F1,60,,,,,
2026-05-26,2026-05-26,FO,NSE,IDO,69499,,FINNIFTY,,2026-05-26,2026-05-26,20500.00,CE,FINNIFTY26MAY20500CE,0.00,0.00,0.00,8132.70,0.00,8132.70,25932.25,25932.25,0,0,0,0.00,0,F1,60,,,,,
2026-05-26,2026-05-26,FO,NSE,IDO,43655,,FINNIFTY,,2026-05-26,2026-05-26,21300.00,CE,FINNIFTY26MAY21300CE,0.00,0.00,0.00,6046.75,0.00,6046.75,25932.25,25932.25,0,0,0,0.00,0,F1,60,,,,,
2026-05-26,2026-05-26,FO,NSE,IDO,43657,,FINNIFTY,,2026-05-26,2026-05-26,21400.00,CE,FINNIFTY26MAY21400CE,0.00,0.00,0.00,5948.40,0.00,5948.40,25932.25,25932.25,0,0,0,0.00,0,F1,60,,,,,
2026-05-26,2026-05-26,FO,NSE,IDO,69503,,FINNIFTY,,2026-05-26,2026-05-26,21500.00,CE,FINNIFTY26MAY21500CE,0.00,0.00,0.00,7149.30,0.00,7149.30,25932.25,25932.25,0,0,0,0.00,0,F1,60,,,,,
2026-05-26,2026-05-26,FO,NSE,IDO,62419,,FINNIFTY,,2026-05-26,2026-05-26,23850.00,CE,FINNIFTY26MAY23850CE,0.00,0.00,0.00,2239.70,0.00,2239.70,25932.25,25932.25,0,0,0,0.00,0,F1,60,,,,,
2026-05-26,2026-05-26,FO,NSE,IDO,62479,,FINNIFTY,,2026-05-26,2026-05-26,25650.00,CE,FINNIFTY26MAY25650CE,511.55,520.00,246.55,254.85,254.85,513.25,25932.25,25932.25,6300,-240,35,54680556.00,29,F1,60,,,,,
2026-05-26,2026-05-26,FO,NSE,IDO,69647,,FINNIFTY,,2026-05-26,2026-05-26,25700.00,CE,FINNIFTY26MAY25700CE,364.95,478.30,188.75,224.95,230.75,463.25,25932.25,25932.25,16440,-7080,1155,1802862564.00,1055,F1,60,,,,,
2026-05-26,2026-05-26,FO,NSE,IDO,69649,,FINNIFTY,,2026-05-26,2026-05-26,25800.00,CE,FINNIFTY26MAY25800CE,282.95,391.80,90.15,121.50,132.50,378.95,25932.25,25932.25,23340,-5880,7791,12126596574.00,6076,F1,60,,,,,
2026-05-26,2026-05-26,FO,NSE,IDO,69661,,FINNIFTY,,2026-05-26,2026-05-26,26400.00,CE,FINNIFTY26MAY26400CE,14.55,15.90,0.05,0.20,0.05,35.75,25932.25,25932.25,30120,-1020,45046,71367835878.00,18837,F1,60,,,,,
2026-05-26,2026-05-26,FO,NSE,IDO,62511,,FINNIFTY,,2026-05-26,2026-05-26,26650.00,CE,FINNIFTY26MAY26650CE,2.70,2.70,0.05,0.10,0.05,10.70,25932.25,25932.25,7620,-480,3516,5622296991.00,1985,F1,60,,,,,
2026-05-26,2026-05-26,FO,NSE,IDO,69667,,FINNIFTY,,2026-05-26,2026-05-26,26700.00,CE,FINNIFTY26MAY26700CE,3.10,4.75,0.05,0.15,0.05,8.70,25932.25,25932.25,15900,-23820,6475,10373322510.00,3051,F1,60,,,,,
2026-05-26,2026-05-26,FO,NSE,IDO,62519,,FINNIFTY,,2026-05-26,2026-05-26,27050.00,CE,FINNIFTY26MAY27050CE,0.90,1.85,0.05,0.10,0.05,2.40,25932.25,25932.25,7380,7260,1967,3192526965.00,1628,F1,60,,,,,
2026-05-26,2026-05-26,FO,NSE,IDO,62523,,FINNIFTY,,2026-05-26,2026-05-26,27250.00,CE,FINNIFTY26MAY27250CE,0.10,1.10,0.10,0.35,0.35,1.25,25932.25,25932.25,900,-60,50,81751842.00,33,F1,60,,,,,
2026-05-26,2026-05-26,FO,NSE,IDO,69681,,FINNIFTY,,2026-05-26,2026-05-26,27400.00,CE,FINNIFTY26MAY27400CE,0.80,1.20,0.05,0.10,0.10,0.80,25932.25,25932.25,14580,11040,1796,2952678384.00,721,F1,60,,,,,
2026-05-26,2026-05-26,FO,NSE,IDO,69709,,FINNIFTY,,2026-05-26,2026-05-26,28800.00,CE,FINNIFTY26MAY28800CE,0.60,0.60,0.60,0.60,0.60,0.60,25932.25,25932.25,480,120,2,3456072.00,1,F1,60,,,,,
2026-05-26,2026-05-26,FO,NSE,IDO,69780,,FINNIFTY,,2026-05-26,2026-05-26,29900.00,CE,FINNIFTY26MAY29900CE,0.00,0.00,0.00,500.35,0.00,500.35,25932.25,25932.25,0,0,0,0.00,0,F1,60,,,,,
2026-05-26,2026-05-26,FO,NSE,IDO,69796,,FINNIFTY,,2026-05-26,2026-05-26,30500.00,CE,FINNIFTY26MAY30500CE,0.00,0.00,0.00,344.90,0.00,344.90,25932.25,25932.25,0,0,0,0.00,0,F1,60,,,,,
2026-05-26,2026-05-26,FO,NSE,IDO,77268,,FINNIFTY,,2026-06-30,2026-06-30,20500.00,CE,FINNIFTY26JUN20500CE,0.00,0.00,0.00,3449.05,0.00,3449.05,25932.25,5562.85,0,0,0,0.00,0,F1,60,,,,,
2026-05-26,2026-05-26,FO,NSE,IDO,77458,,FINNIFTY,,2026-06-30,2026-06-30,23200.00,CE,FINNIFTY26JUN23200CE,0.00,0.00,0.00,1350.85,0.00,1350.85,25932.25,2906.35,0,0,0,0.00,0,F1,60,,,,,
2026-05-26,2026-05-26,FO,NSE,IDO,77476,,FINNIFTY,,2026-06-30,2026-06-30,24000.00,CE,FINNIFTY26JUN24000CE,0.00,0.00,0.00,928.25,0.00,928.25,25932.25,2169.90,0,0,0,0.00,0,F1,60,,,,,
2026-05-26,2026-05-26,FO,NSE,IDO,77478,,FINNIFTY,,2026-06-30,2026-06-30,24100.00,CE,FINNIFTY26JUN24100CE,0.00,0.00,0.00,882.75,0.00,882.75,25932.25,2082.30,0,0,0,0.00,0,F1,60,,,,,
2026-05-26,2026-05-26,FO,NSE,IDO,77529,,FINNIFTY,,2026-06-30,2026-06-30,26500.00,CE,FINNIFTY26JUN26500CE,450.00,458.75,340.00,346.65,344.80,445.35,25932.25,346.65,900,420,18,29028972.00,16,F1,60,,,,,
2026-05-26,2026-05-26,FO,NSE,IDO,77586,,FINNIFTY,,2026-06-30,2026-06-30,27500.00,CE,FINNIFTY26JUN27500CE,0.00,0.00,0.00,102.05,0.00,102.05,25932.25,222.85,0,0,0,0.00,0,F1,60,,,,,
2026-05-26,2026-05-26,FO,NSE,IDO,77638,,FINNIFTY,,2026-06-30,2026-06-30,28800.00,CE,FINNIFTY26JUN28800CE,0.00,0.00,0.00,35.85,0.00,35.85,25932.25,57.85,0,0,0,0.00,0,F1,60,,,,,
2026-05-26,2026-05-26,FO,NSE,IDO,77642,,FINNIFTY,,2026-06-30,2026-06-30,29000.00,CE,FINNIFTY26JUN29000CE,0.00,0.00,0.00,30.20,0.00,30.20,25932.25,45.85,0,0,0,0.00,0,F1,60,,,,,
2026-05-26,2026-05-26,FO,NSE,IDO,62805,,FINNIFTY,,2026-07-28,2026-07-28,23300.00,CE,FINNIFTY26JUL23300CE,0.00,0.00,0.00,3143.90,0.00,3143.90,25932.25,2995.60,0,0,0,0.00,0,F1,60,,,,,
2026-05-26,2026-05-26,FO,NSE,IDO,62829,,FINNIFTY,,2026-07-28,2026-07-28,23900.00,CE,FINNIFTY26JUL23900CE,0.00,0.00,0.00,2653.40,0.00,2653.40,25932.25,2479.70,0,0,0,0.00,0,F1,60,,,,,
2026-05-26,2026-05-26,FO,NSE,IDO,62892,,FINNIFTY,,2026-07-28,2026-07-28,25000.00,CE,FINNIFTY26JUL25000CE,0.00,0.00,0.00,1857.75,0.00,1857.75,25932.25,1644.90,0,0,0,0.00,0,F1,60,,,,,
2026-05-26,2026-05-26,FO,NSE,IDO,62914,,FINNIFTY,,2026-07-28,2026-07-28,26100.00,CE,FINNIFTY26JUL26100CE,0.00,0.00,0.00,1221.85,0.00,1221.85,25932.25,995.50,0,0,0,0.00,0,F1,60,,,,,
2026-05-26,2026-05-26,FO,NSE,IDO,62932,,FINNIFTY,,2026-07-28,2026-07-28,27000.00,CE,FINNIFTY26JUL27000CE,0.00,0.00,0.00,825.95,0.00,825.95,25932.25,613.15,0,0,0,0.00,0,F1,60,,,,,
2026-05-26,2026-05-26,FO,NSE,IDO,62947,,FINNIFTY,,2026-07-28,2026-07-28,27300.00,CE,FINNIFTY26JUL27300CE,0.00,0.00,0.00,717.75,0.00,717.75,25932.25,513.85,0,0,0,0.00,0,F1,60,,,,,
2026-05-26,2026-05-26,FO,NSE,IDO,62975,,FINNIFTY,,2026-07-28,2026-07-28,27900.00,CE,FINNIFTY26JUL27900CE,0.00,0.00,0.00,534.10,0.00,534.10,25932.25,354.15,0,0,0,0.00,0,F1,60,,,,,
2026-05-26,2026-05-26,FO,NSE,IDO,62996,,FINNIFTY,,2026-07-28,2026-07-28,28400.00,CE,FINNIFTY26JUL28400CE,0.00,0.00,0.00,412.90,0.00,412.90,25932.25,252.45,0,0,0,0.00,0,F1,60,,,,,
2026-05-26,2026-05-26,FO,NSE,IDO,43658,,FINNIFTY,,2026-05-26,2026-05-26,21400.00,PE,FINNIFTY26MAY21400PE,0.00,0.00,0.00,0.55,0.00,0.55,25932.25,25932.25,0,0,0,0.00,0,F1,60,,,,,
2026-05-26,2026-05-26,FO,NSE,IDO,69506,,FINNIFTY,,2026-05-26,2026-05-26,22000.00,PE,FINNIFTY26MAY22000PE,0.00,0.00,0.00,0.25,0.25,0.25,25932.25,25932.25,6660,0,0,0.00,0,F1,60,,,,,
2026-05-26,2026-05-26,FO,NSE,IDO,69520,,FINNIFTY,,2026-05-26,2026-05-26,22900.00,PE,FINNIFTY26MAY22900PE,0.25,0.25,0.25,0.25,0.25,1.30,25932.25,25932.25,780,0,2,2748030.00,2,F1,60,,,,,
2026-05-26,2026-05-26,FO,NSE,IDO,62391,,FINNIFTY,,2026-05-26,2026-05-26,23050.00,PE,FINNIFTY26MAY23050PE,0.00,0.00,0.00,0.25,0.25,0.25,25932.25,25932.25,120,0,0,0.00,0,F1,60,,,,,
2026-05-26,2026-05-26,FO,NSE,IDO,69524,,FINNIFTY,,2026-05-26,2026-05-26,23100.00,PE,FINNIFTY26MAY23100PE,1.00,1.00,0.05,0.10,0.10,0.70,25932.25,25932.25,660,0,27,37422498.00,13,F1,60,,,,,
2026-05-26,2026-05-26,FO,NSE,IDO,62438,,FINNIFTY,,2026-05-26,2026-05-26,24150.00,PE,FINNIFTY26MAY24150PE,1.00,1.25,1.00,1.25,1.25,0.65,25932.25,25932.25,540,120,4,5796270.00,3,F1,60,,,,,
2026-05-26,2026-05-26,FO,NSE,IDO,69554,,FINNIFTY,,2026-05-26,2026-05-26,24600.00,PE,FINNIFTY26MAY24600PE,1.05,1.65,0.10,0.15,0.15,1.70,25932.25,25932.25,5520,-1440,508,749823576.00,214,F1,60,,,,,
2026-05-26,2026-05-26,FO,NSE,IDO,62458,,FINNIFTY,,2026-05-26,2026-05-26,24750.00,PE,FINNIFTY26MAY24750PE,0.80,1.15,0.20,0.20,0.20,2.10,25932.25,25932.25,3000,1680,170,252455178.00,102,F1,60,,,,,
2026-05-26,2026-05-26,FO,NSE,IDO,62468,,FINNIFTY,,2026-05-26,2026-05-26,25250.00,PE,FINNIFTY26MAY25250PE,1.10,1.65,0.05,0.10,0.05,3.30,25932.25,25932.25,9180,1200,3242,4911788727.00,2430,F1,60,,,,,
2026-05-26,2026-05-26,FO,NSE,IDO,69670,,FINNIFTY,,2026-05-26,2026-05-26,26800.00,PE,FINNIFTY26MAY26800PE,0.00,0.00,0.00,527.30,527.30,527.30,25932.25,25932.25,180,0,0,0.00,0,F1,60,,,,,
2026-05-26,2026-05-26,FO,NSE,IDO,69692,,FINNIFTY,,2026-05-26,2026-05-26,27900.00,PE,FINNIFTY26MAY27900PE,0.00,0.00,0.00,557.90,0.00,557.90,25932.25,25932.25,0,0,0,0.00,0,F1,60,,,,,
2026-05-26,2026-05-26,FO,NSE,IDO,69696,,FINNIFTY,,2026-05-26,2026-05-26,28100.00,PE,FINNIFTY26MAY28100PE,0.00,0.00,0.00,634.20,0.00,634.20,25932.25,25932.25,0,0,0,0.00,0,F1,60,,,,,
2026-05-26,2026-05-26,FO,NSE,IDO,69710,,FINNIFTY,,2026-05-26,2026-05-26,28800.00,PE,FINNIFTY26MAY28800PE,0.00,0.00,0.00,952.90,0.00,952.90,25932.25,25932.25,0,0,0,0.00,0,F1,60,,,,,
2026-05-26,2026-05-26,FO,NSE,IDO,69797,,FINNIFTY,,2026-05-26,2026-05-26,30500.00,PE,FINNIFTY26MAY30500PE,0.00,0.00,0.00,2047.55,0.00,2047.55,25932.25,25932.25,0,0,0,0.00,0,F1,60,,,,,
2026-05-26,2026-05-26,FO,NSE,IDO,77294,,FINNIFTY,,2026-06-30,2026-06-30,21000.00,PE,FINNIFTY26JUN21000PE,0.00,0.00,0.00,102.80,0.00,102.80,25932.25,0.25,0,0,0,0.00,0,F1,60,,,,,
2026-05-26,2026-05-26,FO,NSE,IDO,77328,,FINNIFTY,,2026-06-30,2026-06-30,22700.00,PE,FINNIFTY26JUN22700PE,0.00,0.00,0.00,438.75,0.00,438.75,25932.25,11.20,0,0,0,0.00,0,F1,60,,,,,
2026-05-26,2026-05-26,FO,NSE,IDO,77497,,FINNIFTY,,2026-06-30,2026-06-30,25000.00,PE,FINNIFTY26JUN25000PE,190.00,250.00,170.00,214.45,200.00,179.05,25932.25,214.45,2040,1080,47,71089527.00,38,F1,60,,,,,
2026-05-26,2026-05-26,FO,NSE,IDO,77499,,FINNIFTY,,2026-06-30,2026-06-30,25100.00,PE,FINNIFTY26JUN25100PE,0.00,0.00,0.00,1640.45,0.00,1640.45,25932.25,296.70,0,0,0,0.00,0,F1,60,,,,,
2026-05-26,2026-05-26,FO,NSE,IDO,77524,,FINNIFTY,,2026-06-30,2026-06-30,26200.00,PE,FINNIFTY26JUN26200PE,0.00,0.00,0.00,2466.70,0.00,2466.70,25932.25,747.05,0,0,0,0.00,0,F1,60,,,,,
2026-05-26,2026-05-26,FO,NSE,IDO,77540,,FINNIFTY,,2026-06-30,2026-06-30,26900.00,PE,FINNIFTY26JUN26900PE,0.00,0.00,0.00,3055.30,0.00,3055.30,25932.25,1173.40,0,0,0,0.00,0,F1,60,,,,,
2026-05-26,2026-05-26,FO,NSE,IDO,77635,,FINNIFTY,,2026-06-30,2026-06-30,28600.00,PE,FINNIFTY26JUN28600PE,0.00,0.00,0.00,4608.30,0.00,4608.30,25932.25,2558.20,0,0,0,0.00,0,F1,60,,,,,
2026-05-26,2026-05-26,FO,NSE,IDO,77643,,FINNIFTY,,2026-06-30,2026-06-30,29000.00,PE,FINNIFTY26JUN29000PE,0.00,0.00,0.00,4988.90,0.00,4988.90,25932.25,2928.95,0,0,0,0.00,0,F1,60,,,,,
2026-05-26,2026-05-26,FO,NSE,IDO,62835,,FINNIFTY,,2026-07-28,2026-07-28,24000.00,PE,FINNIFTY26JUL24000PE,0.00,0.00,0.00,293.15,0.00,293.15,25932.25,190.80,0,0,0,0.00,0,F1,60,,,,,
2026-05-26,2026-05-26,FO,NSE,IDO,62925,,FINNIFTY,,2026-07-28,2026-07-28,26600.00,PE,FINNIFTY26JUL26600PE,0.00,0.00,0.00,1268.95,0.00,1268.95,25932.25,1130.60,0,0,0,0.00,0,F1,60,,,,,
2026-05-26,2026-05-26,FO,NSE,IDO,62931,,FINNIFTY,,2026-07-28,2026-07-28,26900.00,PE,FINNIFTY26JUL26900PE,0.00,0.00,0.00,1440.85,0.00,1440.85,25932.25,1309.50,0,0,0,0.00,0,F1,60,,,,,
2026-05-26,2026-05-26,FO,NSE,IDO,62976,,FINNIFTY,,2026-07-28,2026-07-28,27900.00,PE,FINNIFTY26JUL27900PE,0.00,0.00,0.00,2096.05,0.00,2096.05,25932.25,2003.05,0,0,0,0.00,0,F1,60,,,,,
2026-05-26,2026-05-26,FO,NSE,IDO,62999,,FINNIFTY,,2026-07-28,2026-07-28,28500.00,PE,FINNIFTY26JUL28500PE,0.00,0.00,0.00,2543.65,0.00,2543.65,25932.25,2477.45,0,0,0,0.00,0,F1,60,,,,,
2026-05-26,2026-05-26,FO,NSE,IDO,63028,,FINNIFTY,,2026-07-28,2026-07-28,29500.00,PE,FINNIFTY26JUL29500PE,0.00,0.00,0.00,3360.50,0.00,3360.50,25932.25,3342.65,0,0,0,0.00,0,F1,60,,,,,
2026-05-26,2026-05-26,FO,NSE,IDO,69523,,FINNIFTY,,2026-05-26,2026-05-26,23100.00,CE,FINNIFTY26MAY23100CE,0.00,0.00,0.00,5578.20,0.00,5578.20,25932.25,25932.25,0,0,0,0.00,0,F1,60,,,,,
2026-05-26,2026-05-26,FO,NSE,IDO,69786,,FINNIFTY,,2026-05-26,2026-05-26,30200.00,CE,FINNIFTY26MAY30200CE,0.00,0.00,0.00,416.00,0.00,416.00,25932.25,25932.25,0,0,0,0.00,0,F1,60,,,,,
2026-05-26,2026-05-26,FO,NSE,IDO,77299,,FINNIFTY,,2026-06-30,2026-06-30,21300.00,CE,FINNIFTY26JUN21300CE,0.00,0.00,0.00,2741.55,0.00,2741.55,25932.25,4768.40,0,0,0,0.00,0,F1,60,,,,,
2026-05-26,2026-05-26,FO,NSE,IDO,77307,,FINNIFTY,,2026-06-30,2026-06-30,21700.00,CE,FINNIFTY26JUN21700CE,0.00,0.00,0.00,2409.95,0.00,2409.95,25932.25,4371.85,0,0,0,0.00,0,F1,60,,,,,
2026-05-26,2026-05-26,FO,NSE,IDO,77317,,FINNIFTY,,2026-06-30,2026-06-30,22200.00,CE,FINNIFTY26JUN22200CE,0.00,0.00,0.00,2021.75,0.00,2021.75,25932.25,3877.85,0,0,0,0.00,0,F1,60,,,,,
2026-05-26,2026-05-26,FO,NSE,IDO,77323,,FINNIFTY,,2026-06-30,2026-06-30,22500.00,CE,FINNIFTY26JUN22500CE,0.00,0.00,0.00,1805.45,0.00,1805.45,25932.25,3583.20,0,0,0,0.00,0,F1,60,,,,,
2026-05-26,2026-05-26,FO,NSE,IDO,77480,,FINNIFTY,,2026-06-30,2026-06-30,24200.00,CE,FINNIFTY26JUN24200CE,0.00,0.00,0.00,838.80,0.00,838.80,25932.25,1995.95,0,0,0,0.00,0,F1,60,,,,,
2026-05-26,2026-05-26,FO,NSE,IDO,77492,,FINNIFTY,,2026-06-30,2026-06-30,24800.00,CE,FINNIFTY26JUN24800CE,0.00,0.00,0.00,607.65,0.00,607.65,25932.25,1508.95,0,0,0,0.00,0,F1,60,,,,,
2026-05-26,2026-05-26,FO,NSE,IDO,77508,,FINNIFTY,,2026-06-30,2026-06-30,25600.00,CE,FINNIFTY26JUN25600CE,0.00,0.00,0.00,379.90,0.00,379.90,25932.25,963.35,0,0,0,0.00,0,F1,60,,,,,
2026-05-26,2026-05-26,FO,NSE,IDO,77523,,FINNIFTY,,2026-06-30,2026-06-30,26200.00,CE,FINNIFTY26JUN26200CE,0.00,0.00,0.00,257.85,0.00,257.85,25932.25,646.10,0,0,0,0.00,0,F1,60,,,,,
2026-05-26,2026-05-26,FO,NSE,IDO,77596,,FINNIFTY,,2026-06-30,2026-06-30,27700.00,CE,FINNIFTY26JUN27700CE,0.00,0.00,0.00,87.50,0.00,87.50,25932.25,184.50,0,0,0,0.00,0,F1,60,,,,,
2026-05-26,2026-05-26,FO,NSE,IDO,77606,,FINNIFTY,,2026-06-30,2026-06-30,28000.00,CE,FINNIFTY26JUN28000CE,0.00,0.00,0.00,69.15,0.00,69.15,25932.25,137.25,0,0,0,0.00,0,F1,60,,,,,
2026-05-26,2026-05-26,FO,NSE,IDO,77634,,FINNIFTY,,2026-06-30,2026-06-30,28600.00,CE,FINNIFTY26JUN28600CE,0.00,0.00,0.00,42.40,0.00,42.40,25932.25,72.50,0,0,0,0.00,0,F1,60,,,,,
2026-05-26,2026-05-26,FO,NSE,IDO,62776,,FINNIFTY,,2026-07-28,2026-07-28,22600.00,CE,FINNIFTY26JUL22600CE,0.00,0.00,0.00,3755.55,0.00,3755.55,25932.25,3634.90,0,0,0,0.00,0,F1,60,,,,,
2026-05-26,2026-05-26,FO,NSE,IDO,62818,,FINNIFTY,,2026-07-28,2026-07-28,23600.00,CE,FINNIFTY26JUL23600CE,0.00,0.00,0.00,2894.25,0.00,2894.25,25932.25,2733.25,0,0,0,0.00,0,F1,60,,,,,
2026-05-26,2026-05-26,FO,NSE,IDO,62845,,FINNIFTY,,2026-07-28,2026-07-28,24300.00,CE,FINNIFTY26JUL24300CE,0.00,0.00,0.00,2347.30,0.00,2347.30,25932.25,2157.55,0,0,0,0.00,0,F1,60,,,,,
2026-05-26,2026-05-26,FO,NSE,IDO,62888,,FINNIFTY,,2026-07-28,2026-07-28,24800.00,CE,FINNIFTY26JUL24800CE,0.00,0.00,0.00,1991.05,0.00,1991.05,25932.25,1785.05,0,0,0,0.00,0,F1,60,,,,,
2026-05-26,2026-05-26,FO,NSE,IDO,62896,,FINNIFTY,,2026-07-28,2026-07-28,25200.00,CE,FINNIFTY26JUL25200CE,0.00,0.00,0.00,1729.70,0.00,1729.70,25932.25,1512.10,0,0,0,0.00,0,F1,60,,,,,
2026-05-26,2026-05-26,FO,NSE,IDO,62902,,FINNIFTY,,2026-07-28,2026-07-28,25500.00,CE,FINNIFTY26JUL25500CE,0.00,0.00,0.00,1547.90,0.00,1547.90,25932.25,1324.95,0,0,0,0.00,0,F1,60,,,,,
2026-05-26,2026-05-26,FO,NSE,IDO,62904,,FINNIFTY,,2026-07-28,2026-07-28,25600.00,CE,FINNIFTY26JUL25600CE,0.00,0.00,0.00,1490.10,0.00,1490.10,25932.25,1265.85,0,0,0,0.00,0,F1,60,,,,,
2026-05-26,2026-05-26,FO,NSE,IDO,62924,,FINNIFTY,,2026-07-28,2026-07-28,26600.00,CE,FINNIFTY26JUL26600CE,0.00,0.00,0.00,988.30,0.00,988.30,25932.25,766.85,0,0,0,0.00,0,F1,60,,,,,
2026-05-26,2026-05-26,FO,NSE,IDO,62949,,FINNIFTY,,2026-07-28,2026-07-28,27400.00,CE,FINNIFTY26JUL27400CE,0.00,0.00,0.00,684.20,0.00,684.20,25932.25,483.65,0,0,0,0.00,0,F1,60,,,,,
2026-05-26,2026-05-26,FO,NSE,IDO,62953,,FINNIFTY,,2026-07-28,2026-07-28,27500.00,CE,FINNIFTY26JUL27500CE,0.00,0.00,0.00,651.85,0.00,651.85,25932.25,454.85,0,0,0,0.00,0,F1,60,,,,,
2026-05-26,2026-05-26,FO,NSE,IDO,62994,,FINNIFTY,,2026-07-28,2026-07-28,28300.00,CE,FINNIFTY26JUL28300CE,0.00,0.00,0.00,435.25,0.00,435.25,25932.25,270.40,0,0,0,0.00,0,F1,60,,,,,
2026-05-26,2026-05-26,FO,NSE,IDO,62998,,FINNIFTY,,2026-07-28,2026-07-28,28500.00,CE,FINNIFTY26JUL28500CE,0.00,0.00,0.00,390.30,0.00,390.30,25932.25,235.45,0,0,0,0.00,0,F1,60,,,,,
2026-05-26,2026-05-26,FO,NSE,IDO,63000,,FINNIFTY,,2026-07-28,2026-07-28,28600.00,CE,FINNIFTY26JUL28600CE,0.00,0.00,0.00,369.70,0.00,369.70,25932.25,219.40,0,0,0,0.00,0,F1,60,,,,,
2026-05-26,2026-05-26,FO,NSE,IDO,63017,,FINNIFTY,,2026-07-28,2026-07-28,29000.00,CE,FINNIFTY26JUL29000CE,0.00,0.00,0.00,296.00,0.00,296.00,25932.25,164.10,0,0,0,0.00,0,F1,60,,,,,
2026-05-26,2026-05-26,FO,NSE,IDO,63027,,FINNIFTY,,2026-07-28,2026-07-28,29500.00,CE,FINNIFTY26JUL29500CE,0.00,0.00,0.00,221.50,0.00,221.50,25932.25,112.05,0,0,0,0.00,0,F1,60,,,,,
2026-05-26,2026-05-26,FO,NSE,IDO,69510,,FINNIFTY,,2026-05-26,2026-05-26,22400.00,PE,FINNIFTY26MAY22400PE,0.00,0.00,0.00,0.80,0.00,0.80,25932.25,25932.25,0,0,0,0.00,0,F1,60,,,,,
2026-05-26,2026-05-26,FO,NSE,IDO,69512,,FINNIFTY,,2026-05-26,2026-05-26,22500.00,PE,FINNIFTY26MAY22500PE,0.50,0.95,0.10,0.10,0.10,0.50,25932.25,25932.25,960,-300,15,20250294.00,6,F1,60,,,,,
2026-05-26,2026-05-26,FO,NSE,IDO,62405,,FINNIFTY,,2026-05-26,2026-05-26,23350.00,PE,FINNIFTY26MAY23350PE,0.00,0.00,0.00,0.10,0.10,0.10,25932.25,25932.25,480,0,0,0.00,0,F1,60,,,,,
2026-05-26,2026-05-26,FO,NSE,IDO,62412,,FINNIFTY,,2026-05-26,2026-05-26,23550.00,PE,FINNIFTY26MAY23550PE,0.70,0.70,0.70,0.70,0.70,0.65,25932.25,25932.25,60,0,1,1413042.00,1,F1,60,,,,,
2026-05-26,2026-05-26,FO,NSE,IDO,62416,,FINNIFTY,,2026-05-26,2026-05-26,23750.00,PE,FINNIFTY26MAY23750PE,0.00,0.00,0.00,0.70,0.70,0.70,25932.25,25932.25,660,0,0,0.00,0,F1,60,,,,,
2026-05-26,2026-05-26,FO,NSE,IDO,62448,,FINNIFTY,,2026-05-26,2026-05-26,24650.00,PE,FINNIFTY26MAY24650PE,0.75,0.95,0.05,0.50,0.65,2.30,25932.25,25932.25,960,-1800,87,128675772.00,41,F1,60,,,,,
2026-05-26,2026-05-26,FO,NSE,IDO,69558,,FINNIFTY,,2026-05-26,2026-05-26,24800.00,PE,FINNIFTY26MAY24800PE,1.55,2.70,0.05,0.10,0.25,3.40,25932.25,25932.25,8520,-7200,948,1410669159.00,326,F1,60,,,,,
2026-05-26,2026-05-26,FO,NSE,IDO,62472,,FINNIFTY,,2026-05-26,2026-05-26,25350.00,PE,FINNIFTY26MAY25350PE,4.15,4.15,0.05,0.10,0.05,3.95,25932.25,25932.25,16440,5880,5845,8890559442.00,4176,F1,60,,,,,
2026-05-26,2026-05-26,FO,NSE,IDO,62496,,FINNIFTY,,2026-05-26,2026-05-26,26350.00,PE,FINNIFTY26MAY26350PE,240.00,430.50,206.00,421.00,418.35,242.20,25932.25,25932.25,1860,420,105,167695017.00,76,F1,60,,,,,
2026-05-26,2026-05-26,FO,NSE,IDO,69680,,FINNIFTY,,2026-05-26,2026-05-26,27300.00,PE,FINNIFTY26MAY27300PE,0.00,0.00,0.00,367.95,0.00,367.95,25932.25,25932.25,0,0,0,0.00,0,F1,60,,,,,
2026-05-26,2026-05-26,FO,NSE,IDO,62544,,FINNIFTY,,2026-05-26,2026-05-26,28250.00,PE,FINNIFTY26MAY28250PE,0.00,0.00,0.00,2253.30,0.00,2253.30,25932.25,25932.25,0,0,0,0.00,0,F1,60,,,,,
2026-05-26,2026-05-26,FO,NSE,IDO,62552,,FINNIFTY,,2026-05-26,2026-05-26,28450.00,PE,FINNIFTY26MAY28450PE,0.00,0.00,0.00,2437.45,0.00,2437.45,25932.25,25932.25,0,0,0,0.00,0,F1,60,,,,,
2026-05-26,2026-05-26,FO,NSE,IDO,69706,,FINNIFTY,,2026-05-26,2026-05-26,28600.00,PE,FINNIFTY26MAY28600PE,0.00,0.00,0.00,853.70,0.00,853.70,25932.25,25932.25,0,0,0,0.00,0,F1,60,,,,,
2026-05-26,2026-05-26,FO,NSE,IDO,69765,,FINNIFTY,,2026-05-26,2026-05-26,29200.00,PE,FINNIFTY26MAY29200PE,0.00,0.00,0.00,1171.15,0.00,1171.15,25932.25,25932.25,0,0,0,0.00,0,F1,60,,,,,
2026-05-26,2026-05-26,FO,NSE,IDO,77306,,FINNIFTY,,2026-06-30,2026-06-30,21600.00,PE,FINNIFTY26JUN21600PE,0.00,0.00,0.00,182.50,0.00,182.50,25932.25,1.15,0,0,0,0.00,0,F1,60,,,,,
2026-05-26,2026-05-26,FO,NSE,IDO,77369,,FINNIFTY,,2026-06-30,2026-06-30,22900.00,PE,FINNIFTY26JUN22900PE,0.00,0.00,0.00,503.95,0.00,503.95,25932.25,16.00,0,0,0,0.00,0,F1,60,,,,,
2026-05-26,2026-05-26,FO,NSE,IDO,77507,,FINNIFTY,,2026-06-30,2026-06-30,25500.00,PE,FINNIFTY26JUN25500PE,350.00,350.00,350.00,350.00,350.00,508.10,25932.25,429.50,120,60,1,1551000.00,1,F1,60,,,,,
2026-05-26,2026-05-26,FO,NSE,IDO,77520,,FINNIFTY,,2026-06-30,2026-06-30,26000.00,PE,FINNIFTY26JUN26000PE,422.00,604.75,422.00,579.15,597.00,445.00,25932.25,579.15,4080,3600,165,262626240.00,151,F1,60,,,,,
2026-05-26,2026-05-26,FO,NSE,IDO,77532,,FINNIFTY,,2026-06-30,2026-06-30,26600.00,PE,FINNIFTY26JUN26600PE,0.00,0.00,0.00,2798.15,0.00,2798.15,25932.25,977.95,0,0,0,0.00,0,F1,60,,,,,
2026-05-26,2026-05-26,FO,NSE,IDO,77607,,FINNIFTY,,2026-06-30,2026-06-30,28000.00,PE,FINNIFTY26JUN28000PE,0.00,0.00,0.00,4045.80,0.00,4045.80,25932.25,2026.75,0,0,0,0.00,0,F1,60,,,,,
2026-05-26,2026-05-26,FO,NSE,IDO,62782,,FINNIFTY,,2026-07-28,2026-07-28,22700.00,PE,FINNIFTY26JUL22700PE,0.00,0.00,0.00,102.60,0.00,102.60,25932.25,49.95,0,0,0,0.00,0,F1,60,,,,,
2026-05-26,2026-05-26,FO,NSE,IDO,62870,,FINNIFTY,,2026-07-28,2026-07-28,24500.00,PE,FINNIFTY26JUL24500PE,0.00,0.00,0.00,412.80,0.00,412.80,25932.25,291.80,0,0,0,0.00,0,F1,60,,,,,
2026-05-26,2026-05-26,FO,NSE,IDO,62946,,FINNIFTY,,2026-07-28,2026-07-28,27200.00,PE,FINNIFTY26JUL27200PE,0.00,0.00,0.00,1624.55,0.00,1624.55,25932.25,1502.35,0,0,0,0.00,0,F1,60,,,,,
2026-05-26,2026-05-26,FO,NSE,IDO,69505,,FINNIFTY,,2026-05-26,2026-05-26,22000.00,CE,FINNIFTY26MAY22000CE,0.00,0.00,0.00,6657.75,0.00,6657.75,25932.25,25932.25,0,0,0,0.00,0,F1,60,,,,,
2026-05-26,2026-05-26,FO,NSE,IDO,69527,,FINNIFTY,,2026-05-26,2026-05-26,23300.00,CE,FINNIFTY26MAY23300CE,0.00,0.00,0.00,5382.55,0.00,5382.55,25932.25,25932.25,0,0,0,0.00,0,F1,60,,,,,
2026-05-26,2026-05-26,FO,NSE,IDO,62445,,FINNIFTY,,2026-05-26,2026-05-26,24550.00,CE,FINNIFTY26MAY24550CE,0.00,0.00,0.00,1624.40,0.00,1624.40,25932.25,25932.25,0,0,0,0.00,0,F1,60,,,,,
2026-05-26,2026-05-26,FO,NSE,IDO,69555,,FINNIFTY,,2026-05-26,2026-05-26,24700.00,CE,FINNIFTY26MAY24700CE,0.00,0.00,0.00,552.95,552.95,552.95,25932.25,25932.25,60,0,0,0.00,0,F1,60,,,,,
2026-05-26,2026-05-26,FO,NSE,IDO,62495,,FINNIFTY,,2026-05-26,2026-05-26,26350.00,CE,FINNIFTY26MAY26350CE,44.20,46.50,0.05,0.25,0.10,46.50,25932.25,25932.25,32940,15000,35818,56644818354.00,19134,F1,60,,,,,
2026-05-26,2026-05-26,FO,NSE,IDO,62497,,FINNIFTY,,2026-05-26,2026-05-26,26450.00,CE,FINNIFTY26MAY26450CE,17.80,17.80,0.05,0.10,0.20,25.65,25932.25,25932.25,14640,-13380,18860,29934494196.00,10415,F1,60,,,,,
2026-05-26,2026-05-26,FO,NSE,IDO,62521,,FINNIFTY,,2026-05-26,2026-05-26,27150.00,CE,FINNIFTY26MAY27150CE,0.60,1.85,0.05,0.05,0.05,5.00,25932.25,25932.25,7380,6660,1229,2002098741.00,984,F1,60,,,,,
2026-05-26,2026-05-26,FO,NSE,IDO,62533,,FINNIFTY,,2026-05-26,2026-05-26,27750.00,CE,FINNIFTY26MAY27750CE,0.00,0.00,0.00,120.90,0.00,120.90,25932.25,25932.25,0,0,0,0.00,0,F1,60,,,,,
2026-05-26,2026-05-26,FO,NSE,IDO,62539,,FINNIFTY,,2026-05-26,2026-05-26,28050.00,CE,FINNIFTY26MAY28050CE,0.00,0.00,0.00,84.80,0.00,84.80,25932.25,25932.25,0,0,0,0.00,0,F1,60,,,,,
2026-05-26,2026-05-26,FO,NSE,IDO,69705,,FINNIFTY,,2026-05-26,2026-05-26,28600.00,CE,FINNIFTY26MAY28600CE,0.15,0.15,0.15,0.15,0.15,3.20,25932.25,25932.25,300,180,4,6864036.00,4,F1,60,,,,,
2026-05-26,2026-05-26,FO,NSE,IDO,69766,,FINNIFTY,,2026-05-26,2026-05-26,29300.00,CE,FINNIFTY26MAY29300CE,0.00,0.00,0.00,707.30,0.00,707.30,25932.25,25932.25,0,0,0,0.00,0,F1,60,,,,,
2026-05-26,2026-05-26,FO,NSE,IDO,62857,,FINNIFTY,,2026-07-28,2026-07-28,24500.00,CE,FINNIFTY26JUL24500CE,0.00,0.00,0.00,2202.05,0.00,2202.05,25932.25,2004.05,0,0,0,0.00,0,F1,60,,,,,
2026-05-26,2026-05-26,FO,NSE,IDO,77636,,FINNIFTY,,2026-06-30,2026-06-30,28700.00,CE,FINNIFTY26JUN28700CE,0.00,0.00,0.00,39.00,0.00,39.00,25932.25,64.80,0,0,0,0.00,0,F1,60,,,,,
2026-05-26,2026-05-26,FO,NSE,IDO,77608,,FINNIFTY,,2026-06-30,2026-06-30,28100.00,CE,FINNIFTY26JUN28100CE,0.00,0.00,0.00,63.85,0.00,63.85,25932.25,123.90,0,0,0,0.00,0,F1,60,,,,,
2026-05-26,2026-05-26,FO,NSE,IDO,77537,,FINNIFTY,,2026-06-30,2026-06-30,26900.00,CE,FINNIFTY26JUN26900CE,0.00,0.00,0.00,158.95,0.00,158.95,25932.25,376.90,0,0,0,0.00,0,F1,60,,,,,
2026-05-26,2026-05-26,FO,NSE,IDO,77513,,FINNIFTY,,2026-06-30,2026-06-30,25700.00,CE,FINNIFTY26JUN25700CE,0.00,0.00,0.00,357.10,0.00,357.10,25932.25,904.80,0,0,0,0.00,0,F1,60,,,,,
2026-05-26,2026-05-26,FO,NSE,IDO,77474,,FINNIFTY,,2026-06-30,2026-06-30,23900.00,CE,FINNIFTY26JUN23900CE,0.00,0.00,0.00,975.40,0.00,975.40,25932.25,2258.70,0,0,0,0.00,0,F1,60,,,,,
2026-05-26,2026-05-26,FO,NSE,IDO,77470,,FINNIFTY,,2026-06-30,2026-06-30,23700.00,CE,FINNIFTY26JUN23700CE,0.00,0.00,0.00,1074.60,0.00,1074.60,25932.25,2439.45,0,0,0,0.00,0,F1,60,,,,,
2026-05-26,2026-05-26,FO,NSE,IDO,77451,,FINNIFTY,,2026-06-30,2026-06-30,23100.00,CE,FINNIFTY26JUN23100CE,0.00,0.00,0.00,1410.95,0.00,1410.95,25932.25,3001.75,0,0,0,0.00,0,F1,60,,,,,
2026-05-26,2026-05-26,FO,NSE,IDO,62529,,FINNIFTY,,2026-05-26,2026-05-26,27550.00,CE,FINNIFTY26MAY27550CE,0.00,0.00,0.00,1.50,1.50,1.50,25932.25,25932.25,120,0,0,0.00,0,F1,60,,,,,
2026-05-26,2026-05-26,FO,NSE,IDO,62501,,FINNIFTY,,2026-05-26,2026-05-26,26550.00,CE,FINNIFTY26MAY26550CE,19.00,19.00,0.05,0.15,0.10,16.25,25932.25,25932.25,10140,1200,9257,14747288211.00,4923,F1,60,,,,,
2026-05-26,2026-05-26,FO,NSE,IDO,62485,,FINNIFTY,,2026-05-26,2026-05-26,25950.00,CE,FINNIFTY26MAY25950CE,175.85,252.50,0.05,1.85,0.20,246.45,25932.25,25932.25,171840,166560,163770,255140217996.00,66750,F1,60,,,,,
2026-05-26,2026-05-26,FO,NSE,IDO,69651,,FINNIFTY,,2026-05-26,2026-05-26,25900.00,CE,FINNIFTY26MAY25900CE,198.60,302.85,15.00,25.75,32.95,300.05,25932.25,25932.25,59880,28740,119218,185560926534.00,74028,F1,60,,,,,
2026-05-26,2026-05-26,FO,NSE,IDO,62481,,FINNIFTY,,2026-05-26,2026-05-26,25750.00,CE,FINNIFTY26MAY25750CE,326.10,411.75,140.00,176.00,182.40,397.25,25932.25,25932.25,2760,-180,338,526084764.00,280,F1,60,,,,,
2026-05-26,2026-05-26,FO,NSE,IDO,69645,,FINNIFTY,,2026-05-26,2026-05-26,25600.00,CE,FINNIFTY26MAY25600CE,535.00,569.05,294.15,325.20,325.95,555.40,25932.25,25932.25,7980,60,225,350975034.00,206,F1,60,,,,,
2026-05-26,2026-05-26,FO,NSE,IDO,62463,,FINNIFTY,,2026-05-26,2026-05-26,25050.00,CE,FINNIFTY26MAY25050CE,0.00,0.00,0.00,494.40,494.40,494.40,25932.25,25932.25,1020,0,0,0.00,0,F1,60,,,,,
2026-05-26,2026-05-26,FO,NSE,IDO,69561,,FINNIFTY,,2026-05-26,2026-05-26,25000.00,CE,FINNIFTY26MAY25000CE,1081.25,1175.75,891.80,928.85,931.55,1214.40,25932.25,25932.25,8580,-2040,235,366099804.00,226,F1,60,,,,,
2026-05-26,2026-05-26,FO,NSE,IDO,69557,,FINNIFTY,,2026-05-26,2026-05-26,24800.00,CE,FINNIFTY26MAY24800CE,0.00,0.00,0.00,528.30,528.30,528.30,25932.25,25932.25,600,0,0,0.00,0,F1,60,,,,,
2026-05-26,2026-05-26,FO,NSE,IDO,62457,,FINNIFTY,,2026-05-26,2026-05-26,24750.00,CE,FINNIFTY26MAY24750CE,0.00,0.00,0.00,620.15,620.15,620.15,25932.25,25932.25,240,0,0,0.00,0,F1,60,,,,,
2026-05-26,2026-05-26,FO,NSE,IDO,62415,,FINNIFTY,,2026-05-26,2026-05-26,23750.00,CE,FINNIFTY26MAY23750CE,0.00,0.00,0.00,2332.35,0.00,2332.35,25932.25,25932.25,0,0,0,0.00,0,F1,60,,,,,
2026-05-26,2026-05-26,FO,NSE,IDO,69535,,FINNIFTY,,2026-05-26,2026-05-26,23700.00,CE,FINNIFTY26MAY23700CE,0.00,0.00,0.00,2100.70,2100.70,2100.70,25932.25,25932.25,0,0,0,0.00,0,F1,60,,,,,
2026-05-26,2026-05-26,FO,NSE,IDO,62388,,FINNIFTY,,2026-05-26,2026-05-26,22950.00,CE,FINNIFTY26MAY22950CE,0.00,0.00,0.00,3098.45,0.00,3098.45,25932.25,25932.25,0,0,0,0.00,0,F1,60,,,,,
2026-05-26,2026-05-26,FO,NSE,IDO,69511,,FINNIFTY,,2026-05-26,2026-05-26,22500.00,CE,FINNIFTY26MAY22500CE,0.00,0.00,0.00,6166.55,0.00,6166.55,25932.25,25932.25,0,0,0,0.00,0,F1,60,,,,,
2026-05-26,2026-05-26,FO,NSE,IDO,38351,,FINNIFTY,,2026-05-26,2026-05-26,22100.00,CE,FINNIFTY26MAY22100CE,0.00,0.00,0.00,6118.55,0.00,6118.55,25932.25,25932.25,0,0,0,0.00,0,F1,60,,,,,
2026-05-26,2026-05-26,FO,NSE,IDO,62512,,FINNIFTY,,2026-05-26,2026-05-26,26650.00,PE,FINNIFTY26MAY26650PE,0.00,0.00,0.00,513.15,513.15,513.15,25932.25,25932.25,60,0,0,0.00,0,F1,60,,,,,
2026-05-26,2026-05-26,FO,NSE,IDO,62514,,FINNIFTY,,2026-05-26,2026-05-26,26750.00,PE,FINNIFTY26MAY26750PE,0.00,0.00,0.00,1034.90,0.00,1034.90,25932.25,25932.25,0,0,0,0.00,0,F1,60,,,,,
2026-05-26,2026-05-26,FO,NSE,IDO,69678,,FINNIFTY,,2026-05-26,2026-05-26,27200.00,PE,FINNIFTY26MAY27200PE,0.00,0.00,0.00,341.55,0.00,341.55,25932.25,25932.25,0,0,0,0.00,0,F1,60,,,,,
2026-05-26,2026-05-26,FO,NSE,IDO,69694,,FINNIFTY,,2026-05-26,2026-05-26,28000.00,PE,FINNIFTY26MAY28000PE,0.00,0.00,0.00,595.25,0.00,595.25,25932.25,25932.25,0,0,0,0.00,0,F1,60,,,,,
2026-05-26,2026-05-26,FO,NSE,IDO,69775,,FINNIFTY,,2026-05-26,2026-05-26,29600.00,PE,FINNIFTY26MAY29600PE,0.00,0.00,0.00,1414.60,0.00,1414.60,25932.25,25932.25,0,0,0,0.00,0,F1,60,,,,,
2026-05-26,2026-05-26,FO,NSE,IDO,69704,,FINNIFTY,,2026-05-26,2026-05-26,28500.00,PE,FINNIFTY26MAY28500PE,0.00,0.00,0.00,806.50,0.00,806.50,25932.25,25932.25,0,0,0,0.00,0,F1,60,,,,,
2026-05-26,2026-05-26,FO,NSE,IDO,69757,,FINNIFTY,,2026-05-26,2026-05-26,28900.00,PE,FINNIFTY26MAY28900PE,0.00,0.00,0.00,1005.05,0.00,1005.05,25932.25,25932.25,0,0,0,0.00,0,F1,60,,,,,
2026-05-26,2026-05-26,FO,NSE,IDO,62918,,FINNIFTY,,2026-07-28,2026-07-28,26300.00,CE,FINNIFTY26JUL26300CE,0.00,0.00,0.00,1124.25,0.00,1124.25,25932.25,899.00,0,0,0,0.00,0,F1,60,,,,,
2026-05-26,2026-05-26,FO,NSE,IDO,62993,,FINNIFTY,,2026-07-28,2026-07-28,28200.00,PE,FINNIFTY26JUL28200PE,0.00,0.00,0.00,2316.30,0.00,2316.30,25932.25,2234.90,0,0,0,0.00,0,F1,60,,,,,
2026-05-26,2026-05-26,FO,NSE,IDO,62893,,FINNIFTY,,2026-07-28,2026-07-28,25000.00,PE,FINNIFTY26JUL25000PE,0.00,0.00,0.00,561.30,0.00,561.30,25932.25,426.95,0,0,0,0.00,0,F1,60,,,,,
2026-05-26,2026-05-26,FO,NSE,IDO,62828,,FINNIFTY,,2026-07-28,2026-07-28,23800.00,PE,FINNIFTY26JUL23800PE,0.00,0.00,0.00,253.45,0.00,253.45,25932.25,158.90,0,0,0,0.00,0,F1,60,,,,,
2026-05-26,2026-05-26,FO,NSE,IDO,77626,,FINNIFTY,,2026-06-30,2026-06-30,28200.00,PE,FINNIFTY26JUN28200PE,0.00,0.00,0.00,4231.95,0.00,4231.95,25932.25,2199.95,0,0,0,0.00,0,F1,60,,,,,
2026-05-26,2026-05-26,FO,NSE,IDO,77589,,FINNIFTY,,2026-06-30,2026-06-30,27500.00,PE,FINNIFTY26JUN27500PE,0.00,0.00,0.00,1450.00,1450.00,1450.00,25932.25,1615.50,300,0,0,0.00,0,F1,60,,,,,
2026-05-26,2026-05-26,FO,NSE,IDO,77316,,FINNIFTY,,2026-06-30,2026-06-30,22100.00,PE,FINNIFTY26JUN22100PE,0.00,0.00,0.00,279.15,0.00,279.15,25932.25,3.45,0,0,0,0.00,0,F1,60,,,,,
2026-05-26,2026-05-26,FO,NSE,IDO,77269,,FINNIFTY,,2026-06-30,2026-06-30,20500.00,PE,FINNIFTY26JUN20500PE,9.75,9.80,9.75,9.80,9.80,13.50,25932.25,9.80,780,420,7,8614104.00,5,F1,60,,,,,
2026-05-26,2026-05-26,FO,NSE,IDO,62956,,FINNIFTY,,2026-07-28,2026-07-28,27600.00,CE,FINNIFTY26JUL27600CE,0.00,0.00,0.00,620.70,0.00,620.70,25932.25,427.35,0,0,0,0.00,0,F1,60,,,,,
2026-05-26,2026-05-26,FO,NSE,IDO,43656,,FINNIFTY,,2026-05-26,2026-05-26,21300.00,PE,FINNIFTY26MAY21300PE,0.00,0.00,0.00,0.45,0.00,0.45,25932.25,25932.25,0,0,0,0.00,0,F1,60,,,,,
2026-05-26,2026-05-26,FO,NSE,IDO,40441,,FINNIFTY,,2026-05-26,2026-05-26,21700.00,PE,FINNIFTY26MAY21700PE,0.00,0.00,0.00,0.40,0.00,0.40,25932.25,25932.25,0,0,0,0.00,0,F1,60,,,,,
2026-05-26,2026-05-26,FO,NSE,IDO,62400,,FINNIFTY,,2026-05-26,2026-05-26,23150.00,PE,FINNIFTY26MAY23150PE,0.00,0.00,0.00,13.50,0.00,13.50,25932.25,25932.25,0,0,0,0.00,0,F1,60,,,,,
2026-05-26,2026-05-26,FO,NSE,IDO,62414,,FINNIFTY,,2026-05-26,2026-05-26,23650.00,PE,FINNIFTY26MAY23650PE,0.20,0.20,0.20,0.20,0.20,0.50,25932.25,25932.25,1920,-60,2,2838024.00,2,F1,60,,,,,
2026-05-26,2026-05-26,FO,NSE,IDO,69538,,FINNIFTY,,2026-05-26,2026-05-26,23800.00,PE,FINNIFTY26MAY23800PE,1.35,1.95,0.05,0.15,0.05,1.15,25932.25,25932.25,1860,-2280,138,197068899.00,70,F1,60,,,,,
2026-05-26,2026-05-26,FO,NSE,IDO,62420,,FINNIFTY,,2026-05-26,2026-05-26,23850.00,PE,FINNIFTY26MAY23850PE,0.30,2.40,0.05,0.10,0.05,0.50,25932.25,25932.25,2880,1200,193,276187806.00,45,F1,60,,,,,
2026-05-26,2026-05-26,FO,NSE,IDO,69556,,FINNIFTY,,2026-05-26,2026-05-26,24700.00,PE,FINNIFTY26MAY24700PE,2.80,2.80,0.05,0.20,0.05,2.20,25932.25,25932.25,20400,15900,584,865503036.00,215,F1,60,,,,,
2026-05-26,2026-05-26,FO,NSE,IDO,69560,,FINNIFTY,,2026-05-26,2026-05-26,24900.00,PE,FINNIFTY26MAY24900PE,1.00,1.25,0.05,0.15,0.10,2.50,25932.25,25932.25,26400,7560,1740,2599625835.00,626,F1,60,,,,,
2026-05-26,2026-05-26,FO,NSE,IDO,69562,,FINNIFTY,,2026-05-26,2026-05-26,25000.00,PE,FINNIFTY26MAY25000PE,2.55,2.55,0.05,0.15,0.05,2.55,25932.25,25932.25,56220,10920,5827,8740753950.00,2085,F1,60,,,,,
2026-05-26,2026-05-26,FO,NSE,IDO,69654,,FINNIFTY,,2026-05-26,2026-05-26,26000.00,PE,FINNIFTY26MAY26000PE,65.00,113.70,19.60,77.05,67.85,59.70,25932.25,25932.25,97200,25020,238048,372058352103.00,139891,F1,60,,,,,
2026-05-26,2026-05-26,FO,NSE,IDO,69664,,FINNIFTY,,2026-05-26,2026-05-26,26500.00,PE,FINNIFTY26MAY26500PE,430.00,583.95,332.70,568.45,565.75,353.00,25932.25,25932.25,12840,1200,246,398732091.00,235,F1,60,,,,,
2026-05-26,2026-05-26,FO,NSE,IDO,62937,,FINNIFTY,,2026-07-28,2026-07-28,27200.00,CE,FINNIFTY26JUL27200CE,0.00,0.00,0.00,752.55,0.00,752.55,25932.25,545.45,0,0,0,0.00,0,F1,60,,,,,
2026-05-26,2026-05-26,FO,NSE,IDO,62930,,FINNIFTY,,2026-07-28,2026-07-28,26900.00,CE,FINNIFTY26JUL26900CE,0.00,0.00,0.00,864.55,0.00,864.55,25932.25,649.20,0,0,0,0.00,0,F1,60,,,,,
2026-05-26,2026-05-26,FO,NSE,IDO,62922,,FINNIFTY,,2026-07-28,2026-07-28,26500.00,CE,FINNIFTY26JUL26500CE,0.00,0.00,0.00,1032.25,0.00,1032.25,25932.25,809.30,0,0,0,0.00,0,F1,60,,,,,
2026-05-26,2026-05-26,FO,NSE,IDO,62908,,FINNIFTY,,2026-07-28,2026-07-28,25800.00,CE,FINNIFTY26JUL25800CE,0.00,0.00,0.00,1378.60,0.00,1378.60,25932.25,1152.65,0,0,0,0.00,0,F1,60,,,,,
2026-05-26,2026-05-26,FO,NSE,IDO,69559,,FINNIFTY,,2026-05-26,2026-05-26,24900.00,CE,FINNIFTY26MAY24900CE,0.00,0.00,0.00,994.35,994.35,994.35,25932.25,25932.25,1440,0,0,0.00,0,F1,60,,,,,
2026-05-26,2026-05-26,FO,NSE,IDO,69653,,FINNIFTY,,2026-05-26,2026-05-26,26000.00,CE,FINNIFTY26MAY26000CE,196.60,218.95,0.05,0.40,0.05,217.55,25932.25,25932.25,130080,39120,181100,282916367022.00,97020,F1,60,,,,,
2026-05-26,2026-05-26,FO,NSE,IDO,62493,,FINNIFTY,,2026-05-26,2026-05-26,26250.00,CE,FINNIFTY26MAY26250CE,73.00,75.05,0.05,0.15,0.05,77.95,25932.25,25932.25,40740,18840,60044,94629717642.00,34194,F1,60,,,,,
2026-05-26,2026-05-26,FO,NSE,IDO,69693,,FINNIFTY,,2026-05-26,2026-05-26,28000.00,CE,FINNIFTY26MAY28000CE,0.50,8.80,0.05,0.05,0.05,0.60,25932.25,25932.25,16500,1740,711,1194502296.00,245,F1,60,,,,,
2026-05-26,2026-05-26,FO,NSE,IDO,62541,,FINNIFTY,,2026-05-26,2026-05-26,28150.00,CE,FINNIFTY26MAY28150CE,0.00,0.00,0.00,75.00,0.00,75.00,25932.25,25932.25,0,0,0,0.00,0,F1,60,,,,,
2026-05-26,2026-05-26,FO,NSE,IDO,62558,,FINNIFTY,,2026-05-26,2026-05-26,28650.00,CE,FINNIFTY26MAY28650CE,0.00,0.00,0.00,39.30,0.00,39.30,25932.25,25932.25,0,0,0,0.00,0,F1,60,,,,,
2026-05-26,2026-05-26,FO,NSE,IDO,69760,,FINNIFTY,,2026-05-26,2026-05-26,29000.00,CE,FINNIFTY26MAY29000CE,0.50,0.50,0.05,0.05,0.05,0.70,25932.25,25932.25,2220,-2340,82,142681128.00,26,F1,60,,,,,
2026-05-26,2026-05-26,FO,NSE,IDO,77535,,FINNIFTY,,2026-06-30,2026-06-30,26800.00,CE,FINNIFTY26JUN26800CE,0.00,0.00,0.00,170.70,0.00,170.70,25932.25,409.05,0,0,0,0.00,0,F1,60,,,,,
2026-05-26,2026-05-26,FO,NSE,IDO,62847,,FINNIFTY,,2026-07-28,2026-07-28,24400.00,CE,FINNIFTY26JUL24400CE,0.00,0.00,0.00,2274.60,0.00,2274.60,25932.25,2080.15,0,0,0,0.00,0,F1,60,,,,,
2026-05-26,2026-05-26,FO,NSE,IDO,62935,,FINNIFTY,,2026-07-28,2026-07-28,27100.00,CE,FINNIFTY26JUL27100CE,0.00,0.00,0.00,788.60,0.00,788.60,25932.25,578.55,0,0,0,0.00,0,F1,60,,,,,
2026-05-26,2026-05-26,FO,NSE,IDO,62965,,FINNIFTY,,2026-07-28,2026-07-28,27700.00,CE,FINNIFTY26JUL27700CE,0.00,0.00,0.00,590.70,0.00,590.70,25932.25,401.25,0,0,0,0.00,0,F1,60,,,,,
2026-05-26,2026-05-26,FO,NSE,IDO,62967,,FINNIFTY,,2026-07-28,2026-07-28,27800.00,CE,FINNIFTY26JUL27800CE,0.00,0.00,0.00,561.85,0.00,561.85,25932.25,377.60,0,0,0,0.00,0,F1,60,,,,,
2026-05-26,2026-05-26,FO,NSE,IDO,40433,,FINNIFTY,,2026-05-26,2026-05-26,21600.00,PE,FINNIFTY26MAY21600PE,0.00,0.00,0.00,0.35,0.00,0.35,25932.25,25932.25,0,0,0,0.00,0,F1,60,,,,,
2026-05-26,2026-05-26,FO,NSE,IDO,40443,,FINNIFTY,,2026-05-26,2026-05-26,21800.00,PE,FINNIFTY26MAY21800PE,0.00,0.00,0.00,0.50,0.00,0.50,25932.25,25932.25,0,0,0,0.00,0,F1,60,,,,,
2026-05-26,2026-05-26,FO,NSE,IDO,69540,,FINNIFTY,,2026-05-26,2026-05-26,23900.00,PE,FINNIFTY26MAY23900PE,0.60,1.00,0.05,0.20,0.05,0.90,25932.25,25932.25,3720,720,147,210800751.00,65,F1,60,,,,,
2026-05-26,2026-05-26,FO,NSE,IDO,69548,,FINNIFTY,,2026-05-26,2026-05-26,24300.00,PE,FINNIFTY26MAY24300PE,0.60,1.00,0.10,0.25,0.10,1.25,25932.25,25932.25,3540,-600,117,170589258.00,54,F1,60,,,,,
2026-05-26,2026-05-26,FO,NSE,IDO,62446,,FINNIFTY,,2026-05-26,2026-05-26,24550.00,PE,FINNIFTY26MAY24550PE,0.60,1.00,0.10,0.10,0.10,1.90,25932.25,25932.25,1140,-960,83,122262216.00,30,F1,60,,,,,
2026-05-26,2026-05-26,FO,NSE,IDO,69644,,FINNIFTY,,2026-05-26,2026-05-26,25500.00,PE,FINNIFTY26MAY25500PE,3.05,5.50,0.05,0.20,0.05,5.65,25932.25,25932.25,52080,-28260,14885,22775174229.00,6662,F1,60,,,,,
2026-05-26,2026-05-26,FO,NSE,IDO,69646,,FINNIFTY,,2026-05-26,2026-05-26,25600.00,PE,FINNIFTY26MAY25600PE,1.45,8.90,0.05,0.15,0.05,8.00,25932.25,25932.25,23520,-26880,14134,21710815413.00,5681,F1,60,,,,,
2026-05-26,2026-05-26,FO,NSE,IDO,62482,,FINNIFTY,,2026-05-26,2026-05-26,25750.00,PE,FINNIFTY26MAY25750PE,11.25,11.35,0.05,0.15,0.05,16.70,25932.25,25932.25,57840,34080,63456,98050123110.00,24786,F1,60,,,,,
2026-05-26,2026-05-26,FO,NSE,IDO,69656,,FINNIFTY,,2026-05-26,2026-05-26,26100.00,PE,FINNIFTY26MAY26100PE,71.50,212.90,44.25,176.95,166.75,92.00,25932.25,25932.25,30360,-2940,83761,131595336033.00,61855,F1,60,,,,,
2026-05-26,2026-05-26,FO,NSE,IDO,69668,,FINNIFTY,,2026-05-26,2026-05-26,26700.00,PE,FINNIFTY26MAY26700PE,0.00,0.00,0.00,1600.00,1600.00,1600.00,25932.25,25932.25,660,0,0,0.00,0,F1,60,,,,,
2026-05-26,2026-05-26,FO,NSE,IDO,62522,,FINNIFTY,,2026-05-26,2026-05-26,27150.00,PE,FINNIFTY26MAY27150PE,0.00,0.00,0.00,1324.35,0.00,1324.35,25932.25,25932.25,0,0,0,0.00,0,F1,60,,,,,
2026-05-26,2026-05-26,FO,NSE,IDO,69684,,FINNIFTY,,2026-05-26,2026-05-26,27500.00,PE,FINNIFTY26MAY27500PE,0.00,0.00,0.00,424.35,0.00,424.35,25932.25,25932.25,0,0,0,0.00,0,F1,60,,,,,
2026-05-26,2026-05-26,FO,NSE,IDO,62530,,FINNIFTY,,2026-05-26,2026-05-26,27550.00,PE,FINNIFTY26MAY27550PE,0.00,0.00,0.00,1641.60,0.00,1641.60,25932.25,25932.25,0,0,0,0.00,0,F1,60,,,,,
2026-05-26,2026-05-26,FO,NSE,IDO,77322,,FINNIFTY,,2026-06-30,2026-06-30,22400.00,PE,FINNIFTY26JUN22400PE,0.00,0.00,0.00,353.40,0.00,353.40,25932.25,6.35,0,0,0,0.00,0,F1,60,,,,,
2026-05-26,2026-05-26,FO,NSE,IDO,77516,,FINNIFTY,,2026-06-30,2026-06-30,25800.00,PE,FINNIFTY26JUN25800PE,0.00,0.00,0.00,2150.45,0.00,2150.45,25932.25,552.05,0,0,0,0.00,0,F1,60,,,,,
2026-05-26,2026-05-26,FO,NSE,IDO,62814,,FINNIFTY,,2026-07-28,2026-07-28,23400.00,PE,FINNIFTY26JUL23400PE,0.00,0.00,0.00,186.35,0.00,186.35,25932.25,107.55,0,0,0,0.00,0,F1,60,,,,,
2026-05-26,2026-05-26,FO,NSE,IDO,62846,,FINNIFTY,,2026-07-28,2026-07-28,24300.00,PE,FINNIFTY26JUL24300PE,0.00,0.00,0.00,360.95,0.00,360.95,25932.25,247.55,0,0,0,0.00,0,F1,60,,,,,
2026-05-26,2026-05-26,FO,NSE,IDO,62895,,FINNIFTY,,2026-07-28,2026-07-28,25100.00,PE,FINNIFTY26JUL25100PE,0.00,0.00,0.00,595.20,0.00,595.20,25932.25,458.60,0,0,0,0.00,0,F1,60,,,,,
2026-05-26,2026-05-26,FO,NSE,IDO,62901,,FINNIFTY,,2026-07-28,2026-07-28,25400.00,PE,FINNIFTY26JUL25400PE,0.00,0.00,0.00,705.00,0.00,705.00,25932.25,563.15,0,0,0,0.00,0,F1,60,,,,,
2026-05-26,2026-05-26,FO,NSE,IDO,62907,,FINNIFTY,,2026-07-28,2026-07-28,25700.00,PE,FINNIFTY26JUL25700PE,0.00,0.00,0.00,827.20,0.00,827.20,25932.25,682.45,0,0,0,0.00,0,F1,60,,,,,
2026-05-26,2026-05-26,FO,NSE,IDO,62909,,FINNIFTY,,2026-07-28,2026-07-28,25800.00,PE,FINNIFTY26JUL25800PE,0.00,0.00,0.00,870.70,0.00,870.70,25932.25,725.55,0,0,0,0.00,0,F1,60,,,,,
2026-05-26,2026-05-26,FO,NSE,IDO,62974,,FINNIFTY,,2026-07-28,2026-07-28,27800.00,PE,FINNIFTY26JUL27800PE,0.00,0.00,0.00,2025.25,0.00,2025.25,25932.25,1927.60,0,0,0,0.00,0,F1,60,,,,,
2026-05-26,2026-05-26,FO,NSE,IDO,62997,,FINNIFTY,,2026-07-28,2026-07-28,28400.00,PE,FINNIFTY26JUL28400PE,0.00,0.00,0.00,2467.65,0.00,2467.65,25932.25,2395.60,0,0,0,0.00,0,F1,60,,,,,
2026-05-26,2026-05-26,FO,NSE,IDO,62894,,FINNIFTY,,2026-07-28,2026-07-28,25100.00,CE,FINNIFTY26JUL25100CE,0.00,0.00,0.00,1793.05,0.00,1793.05,25932.25,1577.70,0,0,0,0.00,0,F1,60,,,,,
2026-05-26,2026-05-26,FO,NSE,IDO,62518,,FINNIFTY,,2026-05-26,2026-05-26,26950.00,PE,FINNIFTY26MAY26950PE,0.00,0.00,0.00,1174.85,0.00,1174.85,25932.25,25932.25,0,0,0,0.00,0,F1,60,,,,,
2026-05-26,2026-05-26,FO,NSE,IDO,69690,,FINNIFTY,,2026-05-26,2026-05-26,27800.00,PE,FINNIFTY26MAY27800PE,0.00,0.00,0.00,522.15,0.00,522.15,25932.25,25932.25,0,0,0,0.00,0,F1,60,,,,,
2026-05-26,2026-05-26,FO,NSE,IDO,62554,,FINNIFTY,,2026-05-26,2026-05-26,28550.00,PE,FINNIFTY26MAY28550PE,0.00,0.00,0.00,2530.65,0.00,2530.65,25932.25,25932.25,0,0,0,0.00,0,F1,60,,,,,
2026-05-26,2026-05-26,FO,NSE,IDO,69761,,FINNIFTY,,2026-05-26,2026-05-26,29000.00,PE,FINNIFTY26MAY29000PE,0.00,0.00,0.00,1058.80,0.00,1058.80,25932.25,25932.25,0,0,0,0.00,0,F1,60,,,,,
2026-05-26,2026-05-26,FO,NSE,IDO,77314,,FINNIFTY,,2026-06-30,2026-06-30,22000.00,PE,FINNIFTY26JUN22000PE,0.00,0.00,0.00,257.35,0.00,257.35,25932.25,2.80,0,0,0,0.00,0,F1,60,,,,,
2026-05-26,2026-05-26,FO,NSE,IDO,77479,,FINNIFTY,,2026-06-30,2026-06-30,24100.00,PE,FINNIFTY26JUN24100PE,0.00,0.00,0.00,1029.20,0.00,1029.20,25932.25,96.65,0,0,0,0.00,0,F1,60,,,,,
2026-05-26,2026-05-26,FO,NSE,IDO,77518,,FINNIFTY,,2026-06-30,2026-06-30,25900.00,PE,FINNIFTY26JUN25900PE,0.00,0.00,0.00,2227.95,0.00,2227.95,25932.25,597.45,0,0,0,0.00,0,F1,60,,,,,
2026-05-26,2026-05-26,FO,NSE,IDO,77530,,FINNIFTY,,2026-06-30,2026-06-30,26500.00,PE,FINNIFTY26JUN26500PE,725.00,725.00,725.00,725.00,725.00,2714.00,25932.25,916.95,60,60,1,1633500.00,1,F1,60,,,,,
2026-05-26,2026-05-26,FO,NSE,IDO,77536,,FINNIFTY,,2026-06-30,2026-06-30,26800.00,PE,FINNIFTY26JUN26800PE,0.00,0.00,0.00,2968.80,0.00,2968.80,25932.25,1106.20,0,0,0,0.00,0,F1,60,,,,,
2026-05-26,2026-05-26,FO,NSE,IDO,62978,,FINNIFTY,,2026-07-28,2026-07-28,28000.00,PE,FINNIFTY26JUL28000PE,0.00,0.00,0.00,2168.00,0.00,2168.00,25932.25,2078.50,0,0,0,0.00,0,F1,60,,,,,
2026-05-26,2026-05-26,FO,NSE,IDO,62784,,FINNIFTY,,2026-07-28,2026-07-28,22800.00,PE,FINNIFTY26JUL22800PE,0.00,0.00,0.00,112.25,0.00,112.25,25932.25,56.10,0,0,0,0.00,0,F1,60,,,,,
2026-05-26,2026-05-26,FO,NSE,IDO,62837,,FINNIFTY,,2026-07-28,2026-07-28,24100.00,PE,FINNIFTY26JUL24100PE,0.00,0.00,0.00,314.60,0.00,314.60,25932.25,208.50,0,0,0,0.00,0,F1,60,,,,,
2026-05-26,2026-05-26,FO,NSE,IDO,69564,,FINNIFTY,,2026-05-26,2026-05-26,25100.00,PE,FINNIFTY26MAY25100PE,1.00,2.00,0.05,0.25,0.05,2.60,25932.25,25932.25,9000,-2400,1326,1997021079.00,679,F1,60,,,,,
2026-05-26,2026-05-26,FO,NSE,IDO,38349,,FINNIFTY,,2026-05-26,2026-05-26,21900.00,CE,FINNIFTY26MAY21900CE,0.00,0.00,0.00,6315.20,0.00,6315.20,25932.25,25932.25,0,0,0,0.00,0,F1,60,,,,,
2026-05-26,2026-05-26,FO,NSE,IDO,62413,,FINNIFTY,,2026-05-26,2026-05-26,23650.00,CE,FINNIFTY26MAY23650CE,0.00,0.00,0.00,2425.85,0.00,2425.85,25932.25,25932.25,0,0,0,0.00,0,F1,60,,,,,
2026-05-26,2026-05-26,FO,NSE,IDO,69541,,FINNIFTY,,2026-05-26,2026-05-26,24000.00,CE,FINNIFTY26MAY24000CE,0.00,0.00,0.00,4701.40,0.00,4701.40,25932.25,25932.25,0,0,0,0.00,0,F1,60,,,,,
2026-05-26,2026-05-26,FO,NSE,IDO,69543,,FINNIFTY,,2026-05-26,2026-05-26,24100.00,CE,FINNIFTY26MAY24100CE,0.00,0.00,0.00,4604.75,0.00,4604.75,25932.25,25932.25,0,0,0,0.00,0,F1,60,,,,,
2026-05-26,2026-05-26,FO,NSE,IDO,62461,,FINNIFTY,,2026-05-26,2026-05-26,24950.00,CE,FINNIFTY26MAY24950CE,0.00,0.00,0.00,425.00,425.00,425.00,25932.25,25932.25,1500,0,0,0.00,0,F1,60,,,,,
2026-05-26,2026-05-26,FO,NSE,IDO,62475,,FINNIFTY,,2026-05-26,2026-05-26,25550.00,CE,FINNIFTY26MAY25550CE,440.95,440.95,359.40,366.70,366.70,584.65,25932.25,25932.25,2160,-60,4,6225834.00,4,F1,60,,,,,
2026-05-26,2026-05-26,FO,NSE,IDO,62487,,FINNIFTY,,2026-05-26,2026-05-26,26050.00,CE,FINNIFTY26MAY26050CE,172.15,176.85,0.05,0.15,0.05,173.20,25932.25,25932.25,89940,77460,94954,148578046875.00,52333,F1,60,,,,,
2026-05-26,2026-05-26,FO,NSE,IDO,69677,,FINNIFTY,,2026-05-26,2026-05-26,27200.00,CE,FINNIFTY26MAY27200CE,2.10,2.10,0.05,0.10,0.05,2.15,25932.25,25932.25,8520,-7500,1439,2348498718.00,748,F1,60,,,,,
2026-05-26,2026-05-26,FO,NSE,IDO,69689,,FINNIFTY,,2026-05-26,2026-05-26,27800.00,CE,FINNIFTY26MAY27800CE,0.90,0.90,0.10,0.20,0.10,0.90,25932.25,25932.25,1680,60,21,35028321.00,7,F1,60,,,,,
2026-05-26,2026-05-26,FO,NSE,IDO,77333,,FINNIFTY,,2026-06-30,2026-06-30,22900.00,CE,FINNIFTY26JUN22900CE,0.00,0.00,0.00,1535.95,0.00,1535.95,25932.25,3194.00,0,0,0,0.00,0,F1,60,,,,,
2026-05-26,2026-05-26,FO,NSE,IDO,77472,,FINNIFTY,,2026-06-30,2026-06-30,23800.00,CE,FINNIFTY26JUN23800CE,0.00,0.00,0.00,1024.25,0.00,1024.25,25932.25,2348.55,0,0,0,0.00,0,F1,60,,,,,
2026-05-26,2026-05-26,FO,NSE,IDO,77500,,FINNIFTY,,2026-06-30,2026-06-30,25200.00,CE,FINNIFTY26JUN25200CE,0.00,0.00,0.00,482.65,0.00,482.65,25932.25,1219.40,0,0,0,0.00,0,F1,60,,,,,
2026-05-26,2026-05-26,FO,NSE,IDO,77517,,FINNIFTY,,2026-06-30,2026-06-30,25900.00,CE,FINNIFTY26JUN25900CE,0.00,0.00,0.00,313.70,0.00,313.70,25932.25,794.55,0,0,0,0.00,0,F1,60,,,,,
2026-05-26,2026-05-26,FO,NSE,IDO,62756,,FINNIFTY,,2026-07-28,2026-07-28,22000.00,CE,FINNIFTY26JUL22000CE,0.00,0.00,0.00,4305.35,0.00,4305.35,25932.25,4204.30,0,0,0,0.00,0,F1,60,,,,,
2026-05-26,2026-05-26,FO,NSE,IDO,62815,,FINNIFTY,,2026-07-28,2026-07-28,23500.00,CE,FINNIFTY26JUL23500CE,0.00,0.00,0.00,2976.55,0.00,2976.55,25932.25,2819.75,0,0,0,0.00,0,F1,60,,,,,
2026-05-26,2026-05-26,FO,NSE,IDO,69508,,FINNIFTY,,2026-05-26,2026-05-26,22300.00,PE,FINNIFTY26MAY22300PE,1.20,1.20,0.40,0.40,0.40,1.20,25932.25,25932.25,1920,1320,70,93664044.00,19,F1,60,,,,,
2026-05-26,2026-05-26,FO,NSE,IDO,62358,,FINNIFTY,,2026-05-26,2026-05-26,22650.00,PE,FINNIFTY26MAY22650PE,0.00,0.00,0.00,4.80,0.00,4.80,25932.25,25932.25,0,0,0,0.00,0,F1,60,,,,,
2026-05-26,2026-05-26,FO,NSE,IDO,69516,,FINNIFTY,,2026-05-26,2026-05-26,22700.00,PE,FINNIFTY26MAY22700PE,0.00,0.00,0.00,1.35,0.00,1.35,25932.25,25932.25,0,0,0,0.00,0,F1,60,,,,,
2026-05-26,2026-05-26,FO,NSE,IDO,69526,,FINNIFTY,,2026-05-26,2026-05-26,23200.00,PE,FINNIFTY26MAY23200PE,0.00,0.00,0.00,0.85,0.70,0.85,25932.25,25932.25,960,0,0,0.00,0,F1,60,,,,,
2026-05-26,2026-05-26,FO,NSE,IDO,69530,,FINNIFTY,,2026-05-26,2026-05-26,23400.00,PE,FINNIFTY26MAY23400PE,1.00,1.00,0.25,0.25,0.25,1.85,25932.25,25932.25,1560,-540,41,57565410.00,9,F1,60,,,,,
2026-05-26,2026-05-26,FO,NSE,IDO,62422,,FINNIFTY,,2026-05-26,2026-05-26,23950.00,PE,FINNIFTY26MAY23950PE,0.20,0.25,0.20,0.25,0.25,0.55,25932.25,25932.25,900,360,10,14370141.00,5,F1,60,,,,,
2026-05-26,2026-05-26,FO,NSE,IDO,77556,,FINNIFTY,,2026-06-30,2026-06-30,27300.00,PE,FINNIFTY26JUN27300PE,0.00,0.00,0.00,3407.80,0.00,3407.80,25932.25,1462.25,0,0,0,0.00,0,F1,60,,,,,
2026-05-26,2026-05-26,FO,NSE,IDO,69650,,FINNIFTY,,2026-05-26,2026-05-26,25800.00,PE,FINNIFTY26MAY25800PE,18.10,24.60,0.05,0.20,0.05,21.50,25932.25,25932.25,95940,23220,127862,197970543315.00,52243,F1,60,,,,,
2026-05-26,2026-05-26,FO,NSE,IDO,62500,,FINNIFTY,,2026-05-26,2026-05-26,26450.00,PE,FINNIFTY26MAY26450PE,328.60,462.40,328.60,462.40,462.40,1000.00,25932.25,25932.25,1560,-60,10,16095444.00,8,F1,60,,,,,
2026-05-26,2026-05-26,FO,NSE,IDO,62516,,FINNIFTY,,2026-05-26,2026-05-26,26850.00,PE,FINNIFTY26MAY26850PE,0.00,0.00,0.00,1103.80,0.00,1103.80,25932.25,25932.25,0,0,0,0.00,0,F1,60,,,,,
2026-05-26,2026-05-26,FO,NSE,IDO,69519,,FINNIFTY,,2026-05-26,2026-05-26,22900.00,CE,FINNIFTY26MAY22900CE,0.00,0.00,0.00,5774.15,0.00,5774.15,25932.25,25932.25,0,0,0,0.00,0,F1,60,,,,,
2026-05-26,2026-05-26,FO,NSE,IDO,69531,,FINNIFTY,,2026-05-26,2026-05-26,23500.00,CE,FINNIFTY26MAY23500CE,0.00,0.00,0.00,5187.30,0.00,5187.30,25932.25,25932.25,0,0,0,0.00,0,F1,60,,,,,
2026-05-26,2026-05-26,FO,NSE,IDO,62421,,FINNIFTY,,2026-05-26,2026-05-26,23950.00,CE,FINNIFTY26MAY23950CE,0.00,0.00,0.00,2148.10,0.00,2148.10,25932.25,25932.25,0,0,0,0.00,0,F1,60,,,,,
2026-05-26,2026-05-26,FO,NSE,IDO,62433,,FINNIFTY,,2026-05-26,2026-05-26,24150.00,CE,FINNIFTY26MAY24150CE,0.00,0.00,0.00,1968.15,0.00,1968.15,25932.25,25932.25,0,0,0,0.00,0,F1,60,,,,,
2026-05-26,2026-05-26,FO,NSE,IDO,62439,,FINNIFTY,,2026-05-26,2026-05-26,24250.00,CE,FINNIFTY26MAY24250CE,0.00,0.00,0.00,1880.05,0.00,1880.05,25932.25,25932.25,0,0,0,0.00,0,F1,60,,,,,
2026-05-26,2026-05-26,FO,NSE,IDO,62443,,FINNIFTY,,2026-05-26,2026-05-26,24450.00,CE,FINNIFTY26MAY24450CE,0.00,0.00,0.00,1708.05,0.00,1708.05,25932.25,25932.25,0,0,0,0.00,0,F1,60,,,,,
2026-05-26,2026-05-26,FO,NSE,IDO,69553,,FINNIFTY,,2026-05-26,2026-05-26,24600.00,CE,FINNIFTY26MAY24600CE,0.00,0.00,0.00,4125.30,0.00,4125.30,25932.25,25932.25,0,0,0,0.00,0,F1,60,,,,,
2026-05-26,2026-05-26,FO,NSE,IDO,62471,,FINNIFTY,,2026-05-26,2026-05-26,25350.00,CE,FINNIFTY26MAY25350CE,756.40,770.05,574.10,574.10,574.10,825.05,25932.25,25932.25,3960,-1500,76,119064960.00,76,F1,60,,,,,
2026-05-26,2026-05-26,FO,NSE,IDO,69762,,FINNIFTY,,2026-05-26,2026-05-26,29100.00,CE,FINNIFTY26MAY29100CE,0.00,0.00,0.00,4.20,4.20,4.20,25932.25,25932.25,240,0,0,0.00,0,F1,60,,,,,
2026-05-26,2026-05-26,FO,NSE,IDO,69774,,FINNIFTY,,2026-05-26,2026-05-26,29600.00,CE,FINNIFTY26MAY29600CE,0.10,0.10,0.05,0.05,0.05,1.50,25932.25,25932.25,360,-180,3,5328012.00,3,F1,60,,,,,
2026-05-26,2026-05-26,FO,NSE,IDO,69782,,FINNIFTY,,2026-05-26,2026-05-26,30000.00,CE,FINNIFTY26MAY30000CE,0.35,0.35,0.20,0.20,0.20,0.40,25932.25,25932.25,900,-60,9,16200117.00,2,F1,60,,,,,
2026-05-26,2026-05-26,FO,NSE,IDO,69807,,FINNIFTY,,2026-05-26,2026-05-26,31000.00,CE,FINNIFTY26MAY31000CE,0.30,0.30,0.05,0.05,0.05,0.30,25932.25,25932.25,7320,-1620,55,102300708.00,11,F1,60,,,,,
2026-05-26,2026-05-26,FO,NSE,IDO,69820,,FINNIFTY,,2026-05-26,2026-05-26,31500.00,CE,FINNIFTY26MAY31500CE,0.00,0.00,0.00,0.15,0.15,0.15,25932.25,25932.25,1920,0,0,0.00,0,F1,60,,,,,
2026-05-26,2026-05-26,FO,NSE,IDO,77309,,FINNIFTY,,2026-06-30,2026-06-30,21800.00,CE,FINNIFTY26JUN21800CE,0.00,0.00,0.00,2329.80,0.00,2329.80,25932.25,4272.85,0,0,0,0.00,0,F1,60,,,,,
2026-05-26,2026-05-26,FO,NSE,IDO,77313,,FINNIFTY,,2026-06-30,2026-06-30,22000.00,CE,FINNIFTY26JUN22000CE,0.00,0.00,0.00,2173.20,0.00,2173.20,25932.25,4075.10,0,0,0,0.00,0,F1,60,,,,,
2026-05-26,2026-05-26,FO,NSE,IDO,77498,,FINNIFTY,,2026-06-30,2026-06-30,25100.00,CE,FINNIFTY26JUN25100CE,0.00,0.00,0.00,511.85,0.00,511.85,25932.25,1288.75,0,0,0,0.00,0,F1,60,,,,,
2026-05-26,2026-05-26,FO,NSE,IDO,77533,,FINNIFTY,,2026-06-30,2026-06-30,26700.00,CE,FINNIFTY26JUN26700CE,0.00,0.00,0.00,183.15,0.00,183.15,25932.25,443.25,0,0,0,0.00,0,F1,60,,,,,
2026-05-26,2026-05-26,FO,NSE,IDO,77603,,FINNIFTY,,2026-06-30,2026-06-30,27900.00,CE,FINNIFTY26JUN27900CE,0.00,0.00,0.00,74.85,0.00,74.85,25932.25,151.70,0,0,0,0.00,0,F1,60,,,,,
2026-05-26,2026-05-26,FO,NSE,IDO,77690,,FINNIFTY,,2026-06-30,2026-06-30,30000.00,CE,FINNIFTY26JUN30000CE,9.00,10.00,4.25,6.75,6.70,9.00,25932.25,6.75,2580,900,18,32408037.00,15,F1,60,,,,,
2026-05-26,2026-05-26,FO,NSE,IDO,62787,,FINNIFTY,,2026-07-28,2026-07-28,23000.00,CE,FINNIFTY26JUL23000CE,0.00,0.00,0.00,3401.45,0.00,3401.45,25932.25,3265.45,0,0,0,0.00,0,F1,60,,,,,
2026-05-26,2026-05-26,FO,NSE,IDO,62796,,FINNIFTY,,2026-07-28,2026-07-28,23100.00,CE,FINNIFTY26JUL23100CE,0.00,0.00,0.00,3314.80,0.00,3314.80,25932.25,3174.75,0,0,0,0.00,0,F1,60,,,,,
2026-05-26,2026-05-26,FO,NSE,IDO,62824,,FINNIFTY,,2026-07-28,2026-07-28,23800.00,CE,FINNIFTY26JUL23800CE,0.00,0.00,0.00,2732.65,0.00,2732.65,25932.25,2563.15,0,0,0,0.00,0,F1,60,,,,,
2026-05-26,2026-05-26,FO,NSE,IDO,62977,,FINNIFTY,,2026-07-28,2026-07-28,28000.00,CE,FINNIFTY26JUL28000CE,0.00,0.00,0.00,507.45,0.00,507.45,25932.25,330.80,0,0,0,0.00,0,F1,60,,,,,
2026-05-26,2026-05-26,FO,NSE,IDO,62987,,FINNIFTY,,2026-07-28,2026-07-28,28200.00,CE,FINNIFTY26JUL28200CE,0.00,0.00,0.00,458.65,0.00,458.65,25932.25,289.45,0,0,0,0.00,0,F1,60,,,,,
2026-05-26,2026-05-26,FO,NSE,IDO,69502,,FINNIFTY,,2026-05-26,2026-05-26,21000.00,PE,FINNIFTY26MAY21000PE,0.00,0.00,0.00,0.05,0.00,0.05,25932.25,25932.25,0,0,0,0.00,0,F1,60,,,,,
2026-05-26,2026-05-26,FO,NSE,IDO,69514,,FINNIFTY,,2026-05-26,2026-05-26,22600.00,PE,FINNIFTY26MAY22600PE,0.00,0.00,0.00,1.00,1.00,1.00,25932.25,25932.25,480,0,0,0.00,0,F1,60,,,,,
2026-05-26,2026-05-26,FO,NSE,IDO,69518,,FINNIFTY,,2026-05-26,2026-05-26,22800.00,PE,FINNIFTY26MAY22800PE,0.00,0.00,0.00,1.60,0.00,1.60,25932.25,25932.25,0,0,0,0.00,0,F1,60,,,,,
2026-05-26,2026-05-26,FO,NSE,IDO,62389,,FINNIFTY,,2026-05-26,2026-05-26,22950.00,PE,FINNIFTY26MAY22950PE,0.05,0.05,0.05,0.05,0.05,0.45,25932.25,25932.25,60,0,1,1377003.00,1,F1,60,,,,,
2026-05-26,2026-05-26,FO,NSE,IDO,69542,,FINNIFTY,,2026-05-26,2026-05-26,24000.00,PE,FINNIFTY26MAY24000PE,1.00,1.00,0.05,0.10,0.05,1.25,25932.25,25932.25,13260,-4320,786,1131864882.00,302,F1,60,,,,,
2026-05-26,2026-05-26,FO,NSE,IDO,62488,,FINNIFTY,,2026-05-26,2026-05-26,26050.00,PE,FINNIFTY26MAY26050PE,84.95,162.00,29.85,125.00,102.95,76.45,25932.25,25932.25,25740,6840,75558,118404162783.00,50443,F1,60,,,,,
2026-05-26,2026-05-26,FO,NSE,IDO,62490,,FINNIFTY,,2026-05-26,2026-05-26,26150.00,PE,FINNIFTY26MAY26150PE,109.85,259.90,61.60,224.90,216.05,110.20,25932.25,25932.25,8940,5640,38930,61310946309.00,26797,F1,60,,,,,
2026-05-26,2026-05-26,FO,NSE,IDO,62502,,FINNIFTY,,2026-05-26,2026-05-26,26550.00,PE,FINNIFTY26MAY26550PE,0.00,0.00,0.00,1323.40,1323.40,1323.40,25932.25,25932.25,600,0,0,0.00,0,F1,60,,,,,
2026-05-26,2026-05-26,FO,NSE,IDO,62534,,FINNIFTY,,2026-05-26,2026-05-26,27750.00,PE,FINNIFTY26MAY27750PE,0.00,0.00,0.00,1810.20,0.00,1810.20,25932.25,25932.25,0,0,0,0.00,0,F1,60,,,,,
2026-05-26,2026-05-26,FO,NSE,IDO,62540,,FINNIFTY,,2026-05-26,2026-05-26,28050.00,PE,FINNIFTY26MAY28050PE,0.00,0.00,0.00,2072.75,2072.75,2072.75,25932.25,25932.25,0,0,0,0.00,0,F1,60,,,,,
2026-05-26,2026-05-26,FO,NSE,IDO,62542,,FINNIFTY,,2026-05-26,2026-05-26,28150.00,PE,FINNIFTY26MAY28150PE,0.00,0.00,0.00,2162.55,0.00,2162.55,25932.25,25932.25,0,0,0,0.00,0,F1,60,,,,,
2026-05-26,2026-05-26,FO,NSE,IDO,69698,,FINNIFTY,,2026-05-26,2026-05-26,28200.00,PE,FINNIFTY26MAY28200PE,0.00,0.00,0.00,674.80,0.00,674.80,25932.25,25932.25,0,0,0,0.00,0,F1,60,,,,,
2026-05-26,2026-05-26,FO,NSE,IDO,69763,,FINNIFTY,,2026-05-26,2026-05-26,29100.00,PE,FINNIFTY26MAY29100PE,0.00,0.00,0.00,1114.20,0.00,1114.20,25932.25,25932.25,0,0,0,0.00,0,F1,60,,,,,
2026-05-26,2026-05-26,FO,NSE,IDO,69777,,FINNIFTY,,2026-05-26,2026-05-26,29700.00,PE,FINNIFTY26MAY29700PE,0.00,0.00,0.00,1479.25,0.00,1479.25,25932.25,25932.25,0,0,0,0.00,0,F1,60,,,,,
2026-05-26,2026-05-26,FO,NSE,IDO,69793,,FINNIFTY,,2026-05-26,2026-05-26,30300.00,PE,FINNIFTY26MAY30300PE,0.00,0.00,0.00,1897.70,0.00,1897.70,25932.25,25932.25,0,0,0,0.00,0,F1,60,,,,,
2026-05-26,2026-05-26,FO,NSE,IDO,77326,,FINNIFTY,,2026-06-30,2026-06-30,22600.00,PE,FINNIFTY26JUN22600PE,0.00,0.00,0.00,408.45,0.00,408.45,25932.25,9.30,0,0,0,0.00,0,F1,60,,,,,
2026-05-26,2026-05-26,FO,NSE,IDO,77461,,FINNIFTY,,2026-06-30,2026-06-30,23300.00,PE,FINNIFTY26JUN23300PE,0.00,0.00,0.00,653.20,0.00,653.20,25932.25,30.95,0,0,0,0.00,0,F1,60,,,,,
2026-05-26,2026-05-26,FO,NSE,IDO,77475,,FINNIFTY,,2026-06-30,2026-06-30,23900.00,PE,FINNIFTY26JUN23900PE,0.00,0.00,0.00,925.45,0.00,925.45,25932.25,74.30,0,0,0,0.00,0,F1,60,,,,,
2026-05-26,2026-05-26,FO,NSE,IDO,77483,,FINNIFTY,,2026-06-30,2026-06-30,24300.00,PE,FINNIFTY26JUN24300PE,0.00,0.00,0.00,300.00,300.00,300.00,25932.25,124.00,0,0,0,0.00,0,F1,60,,,,,
2026-05-26,2026-05-26,FO,NSE,IDO,77528,,FINNIFTY,,2026-06-30,2026-06-30,26400.00,PE,FINNIFTY26JUN26400PE,0.00,0.00,0.00,2630.65,0.00,2630.65,25932.25,858.15,0,0,0,0.00,0,F1,60,,,,,
2026-05-26,2026-05-26,FO,NSE,IDO,77550,,FINNIFTY,,2026-06-30,2026-06-30,27200.00,PE,FINNIFTY26JUN27200PE,0.00,0.00,0.00,3318.75,0.00,3318.75,25932.25,1386.35,0,0,0,0.00,0,F1,60,,,,,
2026-05-26,2026-05-26,FO,NSE,IDO,77602,,FINNIFTY,,2026-06-30,2026-06-30,27800.00,PE,FINNIFTY26JUN27800PE,0.00,0.00,0.00,3861.20,0.00,3861.20,25932.25,1858.25,0,0,0,0.00,0,F1,60,,,,,
2026-05-26,2026-05-26,FO,NSE,IDO,77689,,FINNIFTY,,2026-06-30,2026-06-30,29500.00,PE,FINNIFTY26JUN29500PE,0.00,0.00,0.00,5469.25,0.00,5469.25,25932.25,3404.80,0,0,0,0.00,0,F1,60,,,,,
2026-05-26,2026-05-26,FO,NSE,IDO,62995,,FINNIFTY,,2026-07-28,2026-07-28,28300.00,PE,FINNIFTY26JUL28300PE,0.00,0.00,0.00,2391.50,0.00,2391.50,25932.25,2314.70,0,0,0,0.00,0,F1,60,,,,,
2026-05-26,2026-05-26,FO,NSE,IDO,63018,,FINNIFTY,,2026-07-28,2026-07-28,29000.00,PE,FINNIFTY26JUL29000PE,0.00,0.00,0.00,2942.15,0.00,2942.15,25932.25,2900.40,0,0,0,0.00,0,F1,60,,,,,
2026-05-26,2026-05-26,FO,NSE,IDO,69525,,FINNIFTY,,2026-05-26,2026-05-26,23200.00,CE,FINNIFTY26MAY23200CE,0.00,0.00,0.00,1623.50,1623.50,1623.50,25932.25,25932.25,60,0,0,0.00,0,F1,60,,,,,
2026-05-26,2026-05-26,FO,NSE,IDO,62913,,FINNIFTY,,2026-07-28,2026-07-28,26000.00,PE,FINNIFTY26JUL26000PE,0.00,0.00,0.00,961.95,0.00,961.95,25932.25,816.80,0,0,0,0.00,0,F1,60,,,,,
2026-05-26,2026-05-26,FO,NSE,IDO,62919,,FINNIFTY,,2026-07-28,2026-07-28,26300.00,PE,FINNIFTY26JUL26300PE,0.00,0.00,0.00,1109.15,0.00,1109.15,25932.25,966.15,0,0,0,0.00,0,F1,60,,,,,
2026-05-26,2026-05-26,FO,NSE,IDO,62921,,FINNIFTY,,2026-07-28,2026-07-28,26400.00,PE,FINNIFTY26JUL26400PE,0.00,0.00,0.00,1161.05,0.00,1161.05,25932.25,1019.35,0,0,0,0.00,0,F1,60,,,,,
2026-05-26,2026-05-26,FO,NSE,IDO,62936,,FINNIFTY,,2026-07-28,2026-07-28,27100.00,PE,FINNIFTY26JUL27100PE,0.00,0.00,0.00,1562.05,0.00,1562.05,25932.25,1436.55,0,0,0,0.00,0,F1,60,,,,,
2026-05-26,2026-05-26,FO,NSE,IDO,62778,,FINNIFTY,,2026-07-28,2026-07-28,22600.00,PE,FINNIFTY26JUL22600PE,0.00,0.00,0.00,93.60,0.00,93.60,25932.25,44.35,0,0,0,0.00,0,F1,60,,,,,
2026-05-26,2026-05-26,FO,NSE,IDO,62903,,FINNIFTY,,2026-07-28,2026-07-28,25500.00,PE,FINNIFTY26JUL25500PE,0.00,0.00,0.00,744.35,0.00,744.35,25932.25,601.25,0,0,0,0.00,0,F1,60,,,,,
2026-05-26,2026-05-26,FO,NSE,IDO,77522,,FINNIFTY,,2026-06-30,2026-06-30,26100.00,PE,FINNIFTY26JUN26100PE,0.00,0.00,0.00,2386.15,0.00,2386.15,25932.25,694.90,0,0,0,0.00,0,F1,60,,,,,
2026-05-26,2026-05-26,FO,NSE,IDO,77514,,FINNIFTY,,2026-06-30,2026-06-30,25700.00,PE,FINNIFTY26JUN25700PE,0.00,0.00,0.00,2074.95,0.00,2074.95,25932.25,508.95,0,0,0,0.00,0,F1,60,,,,,
2026-05-26,2026-05-26,FO,NSE,IDO,77501,,FINNIFTY,,2026-06-30,2026-06-30,25200.00,PE,FINNIFTY26JUN25200PE,0.00,0.00,0.00,1709.45,0.00,1709.45,25932.25,326.75,0,0,0,0.00,0,F1,60,,,,,
2026-05-26,2026-05-26,FO,NSE,IDO,77489,,FINNIFTY,,2026-06-30,2026-06-30,24600.00,PE,FINNIFTY26JUN24600PE,0.00,0.00,0.00,1316.20,0.00,1316.20,25932.25,176.00,0,0,0,0.00,0,F1,60,,,,,
2026-05-26,2026-05-26,FO,NSE,IDO,77641,,FINNIFTY,,2026-06-30,2026-06-30,28900.00,PE,FINNIFTY26JUN28900PE,0.00,0.00,0.00,4893.40,0.00,4893.40,25932.25,2835.30,0,0,0,0.00,0,F1,60,,,,,
2026-05-26,2026-05-26,FO,NSE,IDO,77332,,FINNIFTY,,2026-06-30,2026-06-30,22800.00,PE,FINNIFTY26JUN22800PE,0.00,0.00,0.00,470.60,0.00,470.60,25932.25,13.40,0,0,0,0.00,0,F1,60,,,,,
2026-05-26,2026-05-26,FO,NSE,IDO,77324,,FINNIFTY,,2026-06-30,2026-06-30,22500.00,PE,FINNIFTY26JUN22500PE,0.00,0.00,0.00,380.60,0.00,380.60,25932.25,7.70,0,0,0,0.00,0,F1,60,,,,,
2026-05-26,2026-05-26,FO,NSE,IDO,77310,,FINNIFTY,,2026-06-30,2026-06-30,21800.00,PE,FINNIFTY26JUN21800PE,0.00,0.00,0.00,217.50,0.00,217.50,25932.25,1.80,0,0,0,0.00,0,F1,60,,,,,
2026-05-26,2026-05-26,FO,NSE,IDO,77304,,FINNIFTY,,2026-06-30,2026-06-30,21500.00,PE,FINNIFTY26JUN21500PE,0.00,0.00,0.00,166.70,0.00,166.70,25932.25,0.90,0,0,0,0.00,0,F1,60,,,,,
2026-05-26,2026-05-26,FO,NSE,IDO,69821,,FINNIFTY,,2026-05-26,2026-05-26,31500.00,PE,FINNIFTY26MAY31500PE,0.00,0.00,0.00,2857.90,0.00,2857.90,25932.25,25932.25,0,0,0,0.00,0,F1,60,,,,,
2026-05-26,2026-05-26,FO,NSE,IDO,62549,,FINNIFTY,,2026-05-26,2026-05-26,28350.00,PE,FINNIFTY26MAY28350PE,0.00,0.00,0.00,2344.95,0.00,2344.95,25932.25,25932.25,0,0,0,0.00,0,F1,60,,,,,
2026-05-26,2026-05-26,FO,NSE,IDO,69688,,FINNIFTY,,2026-05-26,2026-05-26,27700.00,PE,FINNIFTY26MAY27700PE,0.00,0.00,0.00,488.00,0.00,488.00,25932.25,25932.25,0,0,0,0.00,0,F1,60,,,,,
2026-05-26,2026-05-26,FO,NSE,IDO,69686,,FINNIFTY,,2026-05-26,2026-05-26,27600.00,PE,FINNIFTY26MAY27600PE,0.00,0.00,0.00,455.40,0.00,455.40,25932.25,25932.25,0,0,0,0.00,0,F1,60,,,,,
2026-05-26,2026-05-26,FO,NSE,IDO,69662,,FINNIFTY,,2026-05-26,2026-05-26,26400.00,PE,FINNIFTY26MAY26400PE,280.00,496.00,280.00,474.25,470.40,818.50,25932.25,25932.25,2700,60,56,90125610.00,56,F1,60,,,,,
2026-05-26,2026-05-26,FO,NSE,IDO,69658,,FINNIFTY,,2026-05-26,2026-05-26,26200.00,PE,FINNIFTY26MAY26200PE,144.05,311.10,84.10,276.85,265.90,135.05,25932.25,25932.25,21180,4920,19175,30297700338.00,16093,F1,60,,,,,
2026-05-26,2026-05-26,FO,NSE,IDO,69648,,FINNIFTY,,2026-05-26,2026-05-26,25700.00,PE,FINNIFTY26MAY25700PE,13.60,13.60,0.05,0.15,0.05,12.35,25932.25,25932.25,53760,-2700,44395,68462314101.00,16769,F1,60,,,,,
2026-05-26,2026-05-26,FO,NSE,IDO,62466,,FINNIFTY,,2026-05-26,2026-05-26,25150.00,PE,FINNIFTY26MAY25150PE,3.10,3.10,0.05,0.10,0.05,3.10,25932.25,25932.25,7140,2940,1600,2414468994.00,1178,F1,60,,,,,
2026-05-26,2026-05-26,FO,NSE,IDO,62464,,FINNIFTY,,2026-05-26,2026-05-26,25050.00,PE,FINNIFTY26MAY25050PE,1.00,1.90,0.05,0.10,0.05,3.15,25932.25,25932.25,720,-3840,623,936398622.00,334,F1,60,,,,,
2026-05-26,2026-05-26,FO,NSE,IDO,62462,,FINNIFTY,,2026-05-26,2026-05-26,24950.00,PE,FINNIFTY26MAY24950PE,2.85,2.85,0.05,0.30,0.05,2.60,25932.25,25932.25,1800,120,272,407195340.00,150,F1,60,,,,,
2026-05-26,2026-05-26,FO,NSE,IDO,69550,,FINNIFTY,,2026-05-26,2026-05-26,24400.00,PE,FINNIFTY26MAY24400PE,1.30,2.35,0.05,0.15,0.05,1.00,25932.25,25932.25,1500,-1920,174,254742330.00,96,F1,60,,,,,
2026-05-26,2026-05-26,FO,NSE,IDO,62440,,FINNIFTY,,2026-05-26,2026-05-26,24250.00,PE,FINNIFTY26MAY24250PE,0.45,0.45,0.05,0.05,0.05,1.75,25932.25,25932.25,420,-360,7,10185069.00,6,F1,60,,,,,
2026-05-26,2026-05-26,FO,NSE,IDO,62432,,FINNIFTY,,2026-05-26,2026-05-26,24050.00,PE,FINNIFTY26MAY24050PE,0.85,1.00,0.30,0.50,0.50,0.85,25932.25,25932.25,1080,480,535,772026771.00,122,F1,60,,,,,
