TradDt,BizDt,Sgmt,Src,FinInstrmTp,FinInstrmId,ISIN,TckrSymb,SctySrs,XpryDt,FininstrmActlXpryDt,StrkPric,OptnTp,FinInstrmNm,OpnPric,HghPric,LwPric,ClsPric,LastPric,PrvsClsgPric,UndrlygPric,SttlmPric,OpnIntrst,ChngInOpnIntrst,TtlTradgVol,TtlTrfVal,TtlNbOfTxsExctd,SsnId,NewBrdLotQty,Rmks,Rsvd1,Rsvd2,Rsvd3,Rsvd4
2026-05-05,2026-05-05,FO,NSE,IDO,69698,,FINNIFTY,,2026-05-26,2026-05-26,28200.00,PE,FINNIFTY26MAY28200PE,0.00,0.00,0.00,674.80,0.00,674.80,25716.90,2411.65,0,0,0,0.00,0,F1,60,,,,,
2026-05-05,2026-05-05,FO,NSE,IDO,69763,,FINNIFTY,,2026-05-26,2026-05-26,29100.00,PE,FINNIFTY26MAY29100PE,0.00,0.00,0.00,1114.20,0.00,1114.20,25716.90,3289.45,0,0,0,0.00,0,F1,60,,,,,
2026-05-05,2026-05-05,FO,NSE,IDO,69793,,FINNIFTY,,2026-05-26,2026-05-26,30300.00,PE,FINNIFTY26MAY30300PE,0.00,0.00,0.00,1897.70,0.00,1897.70,25716.90,4481.15,0,0,0,0.00,0,F1,60,,,,,
2026-05-05,2026-05-05,FO,NSE,IDO,77326,,FINNIFTY,,2026-06-30,2026-06-30,22600.00,PE,FINNIFTY26JUN22600PE,0.00,0.00,0.00,408.45,0.00,408.45,25716.90,41.45,0,0,0,0.00,0,F1,60,,,,,
2026-05-05,2026-05-05,FO,NSE,IDO,77461,,FINNIFTY,,2026-06-30,2026-06-30,23300.00,PE,FINNIFTY26JUN23300PE,0.00,0.00,0.00,653.20,0.00,653.20,25716.90,95.40,0,0,0,0.00,0,F1,60,,,,,
2026-05-05,2026-05-05,FO,NSE,IDO,77475,,FINNIFTY,,2026-06-30,2026-06-30,23900.00,PE,FINNIFTY26JUN23900PE,0.00,0.00,0.00,925.45,0.00,925.45,25716.90,177.20,0,0,0,0.00,0,F1,60,,,,,
2026-05-05,2026-05-05,FO,NSE,IDO,77483,,FINNIFTY,,2026-06-30,2026-06-30,24300.00,PE,FINNIFTY26JUN24300PE,0.00,0.00,0.00,1139.35,0.00,1139.35,25716.90,256.05,0,0,0,0.00,0,F1,60,,,,,
2026-05-05,2026-05-05,FO,NSE,IDO,77528,,FINNIFTY,,2026-06-30,2026-06-30,26400.00,PE,FINNIFTY26JUN26400PE,0.00,0.00,0.00,2630.65,0.00,2630.65,25716.90,1100.05,0,0,0,0.00,0,F1,60,,,,,
2026-05-05,2026-05-05,FO,NSE,IDO,77550,,FINNIFTY,,2026-06-30,2026-06-30,27200.00,PE,FINNIFTY26JUN27200PE,0.00,0.00,0.00,3318.75,0.00,3318.75,25716.90,1623.95,0,0,0,0.00,0,F1,60,,,,,
2026-05-05,2026-05-05,FO,NSE,IDO,77602,,FINNIFTY,,2026-06-30,2026-06-30,27800.00,PE,FINNIFTY26JUN27800PE,0.00,0.00,0.00,3861.20,0.00,3861.20,25716.90,2079.10,0,0,0,0.00,0,F1,60,,,,,
2026-05-05,2026-05-05,FO,NSE,IDO,77689,,FINNIFTY,,2026-06-30,2026-06-30,29500.00,PE,FINNIFTY26JUN29500PE,0.00,0.00,0.00,5469.25,0.00,5469.25,25716.90,3564.55,0,0,0,0.00,0,F1,60,,,,,
2026-05-05,2026-05-05,FO,NSE,IDO,63018,,FINNIFTY,,2026-07-28,2026-07-28,29000.00,PE,FINNIFTY26JUL29000PE,0.00,0.00,0.00,2942.15,0.00,2942.15,25716.90,3087.20,0,0,0,0.00,0,F1,60,,,,,
2026-05-05,2026-05-05,FO,NSE,IDO,62439,,FINNIFTY,,2026-05-26,2026-05-26,24250.00,CE,FINNIFTY26MAY24250CE,0.00,0.00,0.00,1880.05,0.00,1880.05,25716.90,1619.85,0,0,0,0.00,0,F1,60,,,,,
2026-05-05,2026-05-05,FO,NSE,IDO,62443,,FINNIFTY,,2026-05-26,2026-05-26,24450.00,CE,FINNIFTY26MAY24450CE,0.00,0.00,0.00,1708.05,0.00,1708.05,25716.90,1447.55,0,0,0,0.00,0,F1,60,,,,,
2026-05-05,2026-05-05,FO,NSE,IDO,69553,,FINNIFTY,,2026-05-26,2026-05-26,24600.00,CE,FINNIFTY26MAY24600CE,0.00,0.00,0.00,4125.30,0.00,4125.30,25716.90,1323.15,0,0,0,0.00,0,F1,60,,,,,
2026-05-05,2026-05-05,FO,NSE,IDO,62471,,FINNIFTY,,2026-05-26,2026-05-26,25350.00,CE,FINNIFTY26MAY25350CE,0.00,0.00,0.00,1024.15,0.00,1024.15,25716.90,780.05,0,0,0,0.00,0,F1,60,,,,,
2026-05-05,2026-05-05,FO,NSE,IDO,69762,,FINNIFTY,,2026-05-26,2026-05-26,29100.00,CE,FINNIFTY26MAY29100CE,9.25,11.50,6.10,10.30,8.50,9.25,25716.90,10.30,420,300,8,13972554.00,7,F1,60,,,,,
2026-05-05,2026-05-05,FO,NSE,IDO,69774,,FINNIFTY,,2026-05-26,2026-05-26,29600.00,CE,FINNIFTY26MAY29600CE,4.00,4.00,4.00,4.00,4.00,597.15,25716.90,4.00,60,60,1,1776240.00,1,F1,60,,,,,
2026-05-05,2026-05-05,FO,NSE,IDO,69782,,FINNIFTY,,2026-05-26,2026-05-26,30000.00,CE,FINNIFTY26MAY30000CE,3.20,3.20,2.65,2.70,2.65,3.95,25716.90,2.70,2820,-120,11,19801854.00,5,F1,60,,,,,
2026-05-05,2026-05-05,FO,NSE,IDO,69807,,FINNIFTY,,2026-05-26,2026-05-26,31000.00,CE,FINNIFTY26MAY31000CE,3.50,3.50,0.90,1.25,1.25,1.60,25716.90,1.25,6720,3000,173,321799617.00,26,F1,60,,,,,
2026-05-05,2026-05-05,FO,NSE,IDO,69820,,FINNIFTY,,2026-05-26,2026-05-26,31500.00,CE,FINNIFTY26MAY31500CE,1.15,5.45,0.30,1.35,0.55,1.15,25716.90,1.35,1800,0,62,117184644.00,14,F1,60,,,,,
2026-05-05,2026-05-05,FO,NSE,IDO,77309,,FINNIFTY,,2026-06-30,2026-06-30,21800.00,CE,FINNIFTY26JUN21800CE,0.00,0.00,0.00,2329.80,0.00,2329.80,25716.90,4139.75,0,0,0,0.00,0,F1,60,,,,,
2026-05-05,2026-05-05,FO,NSE,IDO,77313,,FINNIFTY,,2026-06-30,2026-06-30,22000.00,CE,FINNIFTY26JUN22000CE,0.00,0.00,0.00,2173.20,0.00,2173.20,25716.90,3946.40,0,0,0,0.00,0,F1,60,,,,,
2026-05-05,2026-05-05,FO,NSE,IDO,77498,,FINNIFTY,,2026-06-30,2026-06-30,25100.00,CE,FINNIFTY26JUN25100CE,0.00,0.00,0.00,511.85,0.00,511.85,25716.90,1344.15,0,0,0,0.00,0,F1,60,,,,,
2026-05-05,2026-05-05,FO,NSE,IDO,77533,,FINNIFTY,,2026-06-30,2026-06-30,26700.00,CE,FINNIFTY26JUN26700CE,0.00,0.00,0.00,183.15,0.00,183.15,25716.90,557.70,0,0,0,0.00,0,F1,60,,,,,
2026-05-05,2026-05-05,FO,NSE,IDO,77603,,FINNIFTY,,2026-06-30,2026-06-30,27900.00,CE,FINNIFTY26JUN27900CE,0.00,0.00,0.00,74.85,0.00,74.85,25716.90,244.15,0,0,0,0.00,0,F1,60,,,,,
2026-05-05,2026-05-05,FO,NSE,IDO,77690,,FINNIFTY,,2026-06-30,2026-06-30,30000.00,CE,FINNIFTY26JUN30000CE,0.00,0.00,0.00,12.35,0.00,12.35,25716.90,40.65,0,0,0,0.00,0,F1,60,,,,,
2026-05-05,2026-05-05,FO,NSE,IDO,62787,,FINNIFTY,,2026-07-28,2026-07-28,23000.00,CE,FINNIFTY26JUL23000CE,0.00,0.00,0.00,3401.45,0.00,3401.45,25716.90,3179.80,0,0,0,0.00,0,F1,60,,,,,
2026-05-05,2026-05-05,FO,NSE,IDO,62824,,FINNIFTY,,2026-07-28,2026-07-28,23800.00,CE,FINNIFTY26JUL23800CE,0.00,0.00,0.00,2732.65,0.00,2732.65,25716.90,2515.90,0,0,0,0.00,0,F1,60,,,,,
2026-05-05,2026-05-05,FO,NSE,IDO,62936,,FINNIFTY,,2026-07-28,2026-07-28,27100.00,PE,FINNIFTY26JUL27100PE,0.00,0.00,0.00,1562.05,0.00,1562.05,25716.90,1644.10,0,0,0,0.00,0,F1,60,,,,,
2026-05-05,2026-05-05,FO,NSE,IDO,62921,,FINNIFTY,,2026-07-28,2026-07-28,26400.00,PE,FINNIFTY26JUL26400PE,0.00,0.00,0.00,1161.05,0.00,1161.05,25716.90,1219.70,0,0,0,0.00,0,F1,60,,,,,
2026-05-05,2026-05-05,FO,NSE,IDO,62919,,FINNIFTY,,2026-07-28,2026-07-28,26300.00,PE,FINNIFTY26JUL26300PE,0.00,0.00,0.00,1109.15,0.00,1109.15,25716.90,1164.70,0,0,0,0.00,0,F1,60,,,,,
2026-05-05,2026-05-05,FO,NSE,IDO,62913,,FINNIFTY,,2026-07-28,2026-07-28,26000.00,PE,FINNIFTY26JUL26000PE,0.00,0.00,0.00,961.95,0.00,961.95,25716.90,1008.25,0,0,0,0.00,0,F1,60,,,,,
2026-05-05,2026-05-05,FO,NSE,IDO,62903,,FINNIFTY,,2026-07-28,2026-07-28,25500.00,PE,FINNIFTY26JUL25500PE,0.00,0.00,0.00,744.35,0.00,744.35,25716.90,777.00,0,0,0,0.00,0,F1,60,,,,,
2026-05-05,2026-05-05,FO,NSE,IDO,77641,,FINNIFTY,,2026-06-30,2026-06-30,28900.00,PE,FINNIFTY26JUN28900PE,0.00,0.00,0.00,4893.40,0.00,4893.40,25716.90,3015.30,0,0,0,0.00,0,F1,60,,,,,
2026-05-05,2026-05-05,FO,NSE,IDO,77522,,FINNIFTY,,2026-06-30,2026-06-30,26100.00,PE,FINNIFTY26JUN26100PE,0.00,0.00,0.00,2386.15,0.00,2386.15,25716.90,931.30,0,0,0,0.00,0,F1,60,,,,,
2026-05-05,2026-05-05,FO,NSE,IDO,77514,,FINNIFTY,,2026-06-30,2026-06-30,25700.00,PE,FINNIFTY26JUN25700PE,0.00,0.00,0.00,2074.95,0.00,2074.95,25716.90,731.55,0,0,0,0.00,0,F1,60,,,,,
2026-05-05,2026-05-05,FO,NSE,IDO,77501,,FINNIFTY,,2026-06-30,2026-06-30,25200.00,PE,FINNIFTY26JUN25200PE,0.00,0.00,0.00,1709.45,0.00,1709.45,25716.90,522.60,0,0,0,0.00,0,F1,60,,,,,
2026-05-05,2026-05-05,FO,NSE,IDO,77332,,FINNIFTY,,2026-06-30,2026-06-30,22800.00,PE,FINNIFTY26JUN22800PE,0.00,0.00,0.00,470.60,0.00,470.60,25716.90,53.30,0,0,0,0.00,0,F1,60,,,,,
2026-05-05,2026-05-05,FO,NSE,IDO,77324,,FINNIFTY,,2026-06-30,2026-06-30,22500.00,PE,FINNIFTY26JUN22500PE,0.00,0.00,0.00,380.60,0.00,380.60,25716.90,36.40,0,0,0,0.00,0,F1,60,,,,,
2026-05-05,2026-05-05,FO,NSE,IDO,77310,,FINNIFTY,,2026-06-30,2026-06-30,21800.00,PE,FINNIFTY26JUN21800PE,0.00,0.00,0.00,217.50,0.00,217.50,25716.90,13.50,0,0,0,0.00,0,F1,60,,,,,
2026-05-05,2026-05-05,FO,NSE,IDO,77304,,FINNIFTY,,2026-06-30,2026-06-30,21500.00,PE,FINNIFTY26JUN21500PE,0.00,0.00,0.00,166.70,0.00,166.70,25716.90,8.45,0,0,0,0.00,0,F1,60,,,,,
2026-05-05,2026-05-05,FO,NSE,IDO,69821,,FINNIFTY,,2026-05-26,2026-05-26,31500.00,PE,FINNIFTY26MAY31500PE,0.00,0.00,0.00,2857.90,0.00,2857.90,25716.90,5676.75,0,0,0,0.00,0,F1,60,,,,,
2026-05-05,2026-05-05,FO,NSE,IDO,69688,,FINNIFTY,,2026-05-26,2026-05-26,27700.00,PE,FINNIFTY26MAY27700PE,0.00,0.00,0.00,488.00,0.00,488.00,25716.90,1942.40,0,0,0,0.00,0,F1,60,,,,,
2026-05-05,2026-05-05,FO,NSE,IDO,69686,,FINNIFTY,,2026-05-26,2026-05-26,27600.00,PE,FINNIFTY26MAY27600PE,0.00,0.00,0.00,455.40,0.00,455.40,25716.90,1851.25,0,0,0,0.00,0,F1,60,,,,,
2026-05-05,2026-05-05,FO,NSE,IDO,69662,,FINNIFTY,,2026-05-26,2026-05-26,26400.00,PE,FINNIFTY26MAY26400PE,0.00,0.00,0.00,592.20,592.20,592.20,25716.90,882.30,180,0,0,0.00,0,F1,60,,,,,
2026-05-05,2026-05-05,FO,NSE,IDO,69658,,FINNIFTY,,2026-05-26,2026-05-26,26200.00,PE,FINNIFTY26MAY26200PE,0.00,0.00,0.00,840.00,840.00,840.00,25716.90,752.00,480,0,0,0.00,0,F1,60,,,,,
2026-05-05,2026-05-05,FO,NSE,IDO,69648,,FINNIFTY,,2026-05-26,2026-05-26,25700.00,PE,FINNIFTY26MAY25700PE,447.60,595.25,432.15,460.00,444.90,452.10,25716.90,460.00,1320,-480,111,174447846.00,100,F1,60,,,,,
2026-05-05,2026-05-05,FO,NSE,IDO,62466,,FINNIFTY,,2026-05-26,2026-05-26,25150.00,PE,FINNIFTY26MAY25150PE,0.00,0.00,0.00,262.15,0.00,262.15,25716.90,258.60,0,0,0,0.00,0,F1,60,,,,,
2026-05-05,2026-05-05,FO,NSE,IDO,62464,,FINNIFTY,,2026-05-26,2026-05-26,25050.00,PE,FINNIFTY26MAY25050PE,322.45,322.45,212.90,212.90,212.90,322.45,25716.90,228.25,180,-60,2,3038121.00,2,F1,60,,,,,
2026-05-05,2026-05-05,FO,NSE,IDO,62462,,FINNIFTY,,2026-05-26,2026-05-26,24950.00,PE,FINNIFTY26MAY24950PE,249.05,249.05,202.60,209.05,209.05,229.15,25716.90,201.70,840,0,15,22664715.00,15,F1,60,,,,,
2026-05-05,2026-05-05,FO,NSE,IDO,69550,,FINNIFTY,,2026-05-26,2026-05-26,24400.00,PE,FINNIFTY26MAY24400PE,0.00,0.00,0.00,19.30,0.00,19.30,25716.90,90.65,0,0,0,0.00,0,F1,60,,,,,
2026-05-05,2026-05-05,FO,NSE,IDO,62440,,FINNIFTY,,2026-05-26,2026-05-26,24250.00,PE,FINNIFTY26MAY24250PE,0.00,0.00,0.00,84.85,0.00,84.85,25716.90,71.05,0,0,0,0.00,0,F1,60,,,,,
2026-05-05,2026-05-05,FO,NSE,IDO,62432,,FINNIFTY,,2026-05-26,2026-05-26,24050.00,PE,FINNIFTY26MAY24050PE,63.00,76.00,63.00,76.00,76.00,63.25,25716.90,50.35,0,0,12,17366496.00,5,F1,60,,,,,
2026-05-05,2026-05-05,FO,NSE,IDO,69534,,FINNIFTY,,2026-05-26,2026-05-26,23600.00,PE,FINNIFTY26MAY23600PE,0.00,0.00,0.00,6.10,0.00,6.10,25716.90,21.30,0,0,0,0.00,0,F1,60,,,,,
2026-05-05,2026-05-05,FO,NSE,IDO,62402,,FINNIFTY,,2026-05-26,2026-05-26,23250.00,PE,FINNIFTY26MAY23250PE,0.00,0.00,0.00,16.30,0.00,16.30,25716.90,10.00,0,0,0,0.00,0,F1,60,,,,,
2026-05-05,2026-05-05,FO,NSE,IDO,43653,,FINNIFTY,,2026-05-26,2026-05-26,21200.00,PE,FINNIFTY26MAY21200PE,0.00,0.00,0.00,0.35,0.00,0.35,25716.90,0.05,0,0,0,0.00,0,F1,60,,,,,
2026-05-05,2026-05-05,FO,NSE,IDO,62879,,FINNIFTY,,2026-07-28,2026-07-28,24700.00,CE,FINNIFTY26JUL24700CE,0.00,0.00,0.00,2059.70,0.00,2059.70,25716.90,1854.95,0,0,0,0.00,0,F1,60,,,,,
2026-05-05,2026-05-05,FO,NSE,IDO,62876,,FINNIFTY,,2026-07-28,2026-07-28,24600.00,CE,FINNIFTY26JUL24600CE,0.00,0.00,0.00,2130.75,0.00,2130.75,25716.90,1923.15,0,0,0,0.00,0,F1,60,,,,,
2026-05-05,2026-05-05,FO,NSE,IDO,77625,,FINNIFTY,,2026-06-30,2026-06-30,28200.00,CE,FINNIFTY26JUN28200CE,0.00,0.00,0.00,58.90,0.00,58.90,25716.90,194.10,0,0,0,0.00,0,F1,60,,,,,
2026-05-05,2026-05-05,FO,NSE,IDO,77590,,FINNIFTY,,2026-06-30,2026-06-30,27600.00,CE,FINNIFTY26JUN27600CE,0.00,0.00,0.00,94.55,0.00,94.55,25716.90,304.30,0,0,0,0.00,0,F1,60,,,,,
2026-05-05,2026-05-05,FO,NSE,IDO,77549,,FINNIFTY,,2026-06-30,2026-06-30,27200.00,CE,FINNIFTY26JUN27200CE,0.00,0.00,0.00,127.75,0.00,127.75,25716.90,402.05,0,0,0,0.00,0,F1,60,,,,,
2026-05-05,2026-05-05,FO,NSE,IDO,77464,,FINNIFTY,,2026-06-30,2026-06-30,23500.00,CE,FINNIFTY26JUN23500CE,0.00,0.00,0.00,1180.20,0.00,1180.20,25716.90,2561.00,0,0,0,0.00,0,F1,60,,,,,
2026-05-05,2026-05-05,FO,NSE,IDO,77321,,FINNIFTY,,2026-06-30,2026-06-30,22400.00,CE,FINNIFTY26JUN22400CE,0.00,0.00,0.00,1876.45,0.00,1876.45,25716.90,3563.90,0,0,0,0.00,0,F1,60,,,,,
2026-05-05,2026-05-05,FO,NSE,IDO,69703,,FINNIFTY,,2026-05-26,2026-05-26,28500.00,CE,FINNIFTY26MAY28500CE,14.30,16.50,14.05,16.15,16.50,18.85,25716.90,16.15,3420,1140,54,92391156.00,22,F1,60,,,,,
2026-05-05,2026-05-05,FO,NSE,IDO,69669,,FINNIFTY,,2026-05-26,2026-05-26,26800.00,CE,FINNIFTY26MAY26800CE,156.15,165.20,143.10,147.00,147.00,194.00,25716.90,147.00,1560,-240,15,24259641.00,14,F1,60,,,,,
2026-05-05,2026-05-05,FO,NSE,IDO,69659,,FINNIFTY,,2026-05-26,2026-05-26,26300.00,CE,FINNIFTY26MAY26300CE,0.00,0.00,0.00,353.60,353.60,353.60,25716.90,321.50,660,0,0,0.00,0,F1,60,,,,,
2026-05-05,2026-05-05,FO,NSE,IDO,69641,,FINNIFTY,,2026-05-26,2026-05-26,25400.00,CE,FINNIFTY26MAY25400CE,825.00,825.00,825.00,825.00,825.00,3378.35,25716.90,749.25,120,120,2,3147000.00,1,F1,60,,,,,
2026-05-05,2026-05-05,FO,NSE,IDO,62467,,FINNIFTY,,2026-05-26,2026-05-26,25250.00,CE,FINNIFTY26MAY25250CE,0.00,0.00,0.00,1091.55,0.00,1091.55,25716.90,843.85,0,0,0,0.00,0,F1,60,,,,,
2026-05-05,2026-05-05,FO,NSE,IDO,62465,,FINNIFTY,,2026-05-26,2026-05-26,25150.00,CE,FINNIFTY26MAY25150CE,0.00,0.00,0.00,1161.30,0.00,1161.30,25716.90,910.40,0,0,0,0.00,0,F1,60,,,,,
2026-05-05,2026-05-05,FO,NSE,IDO,69549,,FINNIFTY,,2026-05-26,2026-05-26,24400.00,CE,FINNIFTY26MAY24400CE,0.00,0.00,0.00,4316.20,0.00,4316.20,25716.90,1489.95,0,0,0,0.00,0,F1,60,,,,,
2026-05-05,2026-05-05,FO,NSE,IDO,62404,,FINNIFTY,,2026-05-26,2026-05-26,23350.00,CE,FINNIFTY26MAY23350CE,0.00,0.00,0.00,2710.80,0.00,2710.80,25716.90,2458.25,0,0,0,0.00,0,F1,60,,,,,
2026-05-05,2026-05-05,FO,NSE,IDO,69513,,FINNIFTY,,2026-05-26,2026-05-26,22600.00,CE,FINNIFTY26MAY22600CE,0.00,0.00,0.00,6068.40,0.00,6068.40,25716.90,3195.20,0,0,0,0.00,0,F1,60,,,,,
2026-05-05,2026-05-05,FO,NSE,IDO,77489,,FINNIFTY,,2026-06-30,2026-06-30,24600.00,PE,FINNIFTY26JUN24600PE,0.00,0.00,0.00,1316.20,0.00,1316.20,25716.90,331.10,0,0,0,0.00,0,F1,60,,,,,
2026-05-05,2026-05-05,FO,NSE,IDO,62999,,FINNIFTY,,2026-07-28,2026-07-28,28500.00,PE,FINNIFTY26JUL28500PE,0.00,0.00,0.00,2543.65,0.00,2543.65,25716.90,2673.35,0,0,0,0.00,0,F1,60,,,,,
2026-05-05,2026-05-05,FO,NSE,IDO,62976,,FINNIFTY,,2026-07-28,2026-07-28,27900.00,PE,FINNIFTY26JUL27900PE,0.00,0.00,0.00,2096.05,0.00,2096.05,25716.90,2207.10,0,0,0,0.00,0,F1,60,,,,,
2026-05-05,2026-05-05,FO,NSE,IDO,62931,,FINNIFTY,,2026-07-28,2026-07-28,26900.00,PE,FINNIFTY26JUL26900PE,0.00,0.00,0.00,1440.85,0.00,1440.85,25716.90,1516.05,0,0,0,0.00,0,F1,60,,,,,
2026-05-05,2026-05-05,FO,NSE,IDO,62925,,FINNIFTY,,2026-07-28,2026-07-28,26600.00,PE,FINNIFTY26JUL26600PE,0.00,0.00,0.00,1268.95,0.00,1268.95,25716.90,1334.10,0,0,0,0.00,0,F1,60,,,,,
2026-05-05,2026-05-05,FO,NSE,IDO,62835,,FINNIFTY,,2026-07-28,2026-07-28,24000.00,PE,FINNIFTY26JUL24000PE,0.00,0.00,0.00,293.15,0.00,293.15,25716.90,298.65,0,0,0,0.00,0,F1,60,,,,,
2026-05-05,2026-05-05,FO,NSE,IDO,77643,,FINNIFTY,,2026-06-30,2026-06-30,29000.00,PE,FINNIFTY26JUN29000PE,0.00,0.00,0.00,4988.90,0.00,4988.90,25716.90,3105.35,0,0,0,0.00,0,F1,60,,,,,
2026-05-05,2026-05-05,FO,NSE,IDO,77635,,FINNIFTY,,2026-06-30,2026-06-30,28600.00,PE,FINNIFTY26JUN28600PE,0.00,0.00,0.00,4608.30,0.00,4608.30,25716.90,2749.40,0,0,0,0.00,0,F1,60,,,,,
2026-05-05,2026-05-05,FO,NSE,IDO,77540,,FINNIFTY,,2026-06-30,2026-06-30,26900.00,PE,FINNIFTY26JUN26900PE,0.00,0.00,0.00,3055.30,0.00,3055.30,25716.90,1415.55,0,0,0,0.00,0,F1,60,,,,,
2026-05-05,2026-05-05,FO,NSE,IDO,77524,,FINNIFTY,,2026-06-30,2026-06-30,26200.00,PE,FINNIFTY26JUN26200PE,0.00,0.00,0.00,2466.70,0.00,2466.70,25716.90,985.80,0,0,0,0.00,0,F1,60,,,,,
2026-05-05,2026-05-05,FO,NSE,IDO,77499,,FINNIFTY,,2026-06-30,2026-06-30,25100.00,PE,FINNIFTY26JUN25100PE,0.00,0.00,0.00,1640.45,0.00,1640.45,25716.90,486.20,0,0,0,0.00,0,F1,60,,,,,
2026-05-05,2026-05-05,FO,NSE,IDO,77497,,FINNIFTY,,2026-06-30,2026-06-30,25000.00,PE,FINNIFTY26JUN25000PE,0.00,0.00,0.00,1572.75,0.00,1572.75,25716.90,451.55,0,0,0,0.00,0,F1,60,,,,,
2026-05-05,2026-05-05,FO,NSE,IDO,77328,,FINNIFTY,,2026-06-30,2026-06-30,22700.00,PE,FINNIFTY26JUN22700PE,0.00,0.00,0.00,438.75,0.00,438.75,25716.90,47.05,0,0,0,0.00,0,F1,60,,,,,
2026-05-05,2026-05-05,FO,NSE,IDO,77294,,FINNIFTY,,2026-06-30,2026-06-30,21000.00,PE,FINNIFTY26JUN21000PE,0.00,0.00,0.00,102.80,0.00,102.80,25716.90,3.60,0,0,0,0.00,0,F1,60,,,,,
2026-05-05,2026-05-05,FO,NSE,IDO,69797,,FINNIFTY,,2026-05-26,2026-05-26,30500.00,PE,FINNIFTY26MAY30500PE,0.00,0.00,0.00,2047.55,0.00,2047.55,25716.90,4680.35,0,0,0,0.00,0,F1,60,,,,,
2026-05-05,2026-05-05,FO,NSE,IDO,69710,,FINNIFTY,,2026-05-26,2026-05-26,28800.00,PE,FINNIFTY26MAY28800PE,0.00,0.00,0.00,952.90,0.00,952.90,25716.90,2994.05,0,0,0,0.00,0,F1,60,,,,,
2026-05-05,2026-05-05,FO,NSE,IDO,69696,,FINNIFTY,,2026-05-26,2026-05-26,28100.00,PE,FINNIFTY26MAY28100PE,0.00,0.00,0.00,634.20,0.00,634.20,25716.90,2316.30,0,0,0,0.00,0,F1,60,,,,,
2026-05-05,2026-05-05,FO,NSE,IDO,69692,,FINNIFTY,,2026-05-26,2026-05-26,27900.00,PE,FINNIFTY26MAY27900PE,0.00,0.00,0.00,557.90,0.00,557.90,25716.90,2127.65,0,0,0,0.00,0,F1,60,,,,,
2026-05-05,2026-05-05,FO,NSE,IDO,69670,,FINNIFTY,,2026-05-26,2026-05-26,26800.00,PE,FINNIFTY26MAY26800PE,0.00,0.00,0.00,248.10,0.00,248.10,25716.90,1173.75,0,0,0,0.00,0,F1,60,,,,,
2026-05-05,2026-05-05,FO,NSE,IDO,62468,,FINNIFTY,,2026-05-26,2026-05-26,25250.00,PE,FINNIFTY26MAY25250PE,0.00,0.00,0.00,292.00,0.00,292.00,25716.90,291.65,0,0,0,0.00,0,F1,60,,,,,
2026-05-05,2026-05-05,FO,NSE,IDO,62458,,FINNIFTY,,2026-05-26,2026-05-26,24750.00,PE,FINNIFTY26MAY24750PE,0.00,0.00,0.00,164.90,0.00,164.90,25716.90,153.00,0,0,0,0.00,0,F1,60,,,,,
2026-05-05,2026-05-05,FO,NSE,IDO,69554,,FINNIFTY,,2026-05-26,2026-05-26,24600.00,PE,FINNIFTY26MAY24600PE,0.00,0.00,0.00,25.10,0.00,25.10,25716.90,123.20,0,0,0,0.00,0,F1,60,,,,,
2026-05-05,2026-05-05,FO,NSE,IDO,62438,,FINNIFTY,,2026-05-26,2026-05-26,24150.00,PE,FINNIFTY26MAY24150PE,0.00,0.00,0.00,73.45,0.00,73.45,25716.90,59.95,0,0,0,0.00,0,F1,60,,,,,
2026-05-05,2026-05-05,FO,NSE,IDO,69524,,FINNIFTY,,2026-05-26,2026-05-26,23100.00,PE,FINNIFTY26MAY23100PE,0.00,0.00,0.00,2.70,0.00,2.70,25716.90,7.05,0,0,0,0.00,0,F1,60,,,,,
2026-05-05,2026-05-05,FO,NSE,IDO,62391,,FINNIFTY,,2026-05-26,2026-05-26,23050.00,PE,FINNIFTY26MAY23050PE,24.20,24.20,24.20,24.20,24.20,11.10,25716.90,6.25,120,120,2,2768904.00,1,F1,60,,,,,
2026-05-05,2026-05-05,FO,NSE,IDO,69520,,FINNIFTY,,2026-05-26,2026-05-26,22900.00,PE,FINNIFTY26MAY22900PE,0.00,0.00,0.00,1.95,0.00,1.95,25716.90,4.30,0,0,0,0.00,0,F1,60,,,,,
2026-05-05,2026-05-05,FO,NSE,IDO,69506,,FINNIFTY,,2026-05-26,2026-05-26,22000.00,PE,FINNIFTY26MAY22000PE,13.00,14.20,11.00,11.30,11.95,12.15,25716.90,11.30,11580,1140,56,73960761.00,35,F1,60,,,,,
2026-05-05,2026-05-05,FO,NSE,IDO,43658,,FINNIFTY,,2026-05-26,2026-05-26,21400.00,PE,FINNIFTY26MAY21400PE,0.00,0.00,0.00,0.55,0.00,0.55,25716.90,0.05,0,0,0,0.00,0,F1,60,,,,,
2026-05-05,2026-05-05,FO,NSE,IDO,62947,,FINNIFTY,,2026-07-28,2026-07-28,27300.00,CE,FINNIFTY26JUL27300CE,0.00,0.00,0.00,717.75,0.00,717.75,25716.90,586.50,0,0,0,0.00,0,F1,60,,,,,
2026-05-05,2026-05-05,FO,NSE,IDO,62932,,FINNIFTY,,2026-07-28,2026-07-28,27000.00,CE,FINNIFTY26JUL27000CE,0.00,0.00,0.00,825.95,0.00,825.95,25716.90,684.35,0,0,0,0.00,0,F1,60,,,,,
2026-05-05,2026-05-05,FO,NSE,IDO,62914,,FINNIFTY,,2026-07-28,2026-07-28,26100.00,CE,FINNIFTY26JUL26100CE,0.00,0.00,0.00,1221.85,0.00,1221.85,25716.90,1050.90,0,0,0,0.00,0,F1,60,,,,,
2026-05-05,2026-05-05,FO,NSE,IDO,62892,,FINNIFTY,,2026-07-28,2026-07-28,25000.00,CE,FINNIFTY26JUL25000CE,0.00,0.00,0.00,1857.75,0.00,1857.75,25716.90,1658.70,0,0,0,0.00,0,F1,60,,,,,
2026-05-05,2026-05-05,FO,NSE,IDO,62829,,FINNIFTY,,2026-07-28,2026-07-28,23900.00,CE,FINNIFTY26JUL23900CE,0.00,0.00,0.00,2653.40,0.00,2653.40,25716.90,2437.60,0,0,0,0.00,0,F1,60,,,,,
2026-05-05,2026-05-05,FO,NSE,IDO,62805,,FINNIFTY,,2026-07-28,2026-07-28,23300.00,CE,FINNIFTY26JUL23300CE,0.00,0.00,0.00,3143.90,0.00,3143.90,25716.90,2923.60,0,0,0,0.00,0,F1,60,,,,,
2026-05-05,2026-05-05,FO,NSE,IDO,77642,,FINNIFTY,,2026-06-30,2026-06-30,29000.00,CE,FINNIFTY26JUN29000CE,0.00,0.00,0.00,30.20,0.00,30.20,25716.90,100.75,0,0,0,0.00,0,F1,60,,,,,
2026-05-05,2026-05-05,FO,NSE,IDO,77638,,FINNIFTY,,2026-06-30,2026-06-30,28800.00,CE,FINNIFTY26JUN28800CE,0.00,0.00,0.00,35.85,0.00,35.85,25716.90,119.45,0,0,0,0.00,0,F1,60,,,,,
2026-05-05,2026-05-05,FO,NSE,IDO,77586,,FINNIFTY,,2026-06-30,2026-06-30,27500.00,CE,FINNIFTY26JUN27500CE,0.00,0.00,0.00,102.05,0.00,102.05,25716.90,327.75,0,0,0,0.00,0,F1,60,,,,,
2026-05-05,2026-05-05,FO,NSE,IDO,77529,,FINNIFTY,,2026-06-30,2026-06-30,26500.00,CE,FINNIFTY26JUN26500CE,0.00,0.00,0.00,210.50,0.00,210.50,25716.90,631.20,0,0,0,0.00,0,F1,60,,,,,
2026-05-05,2026-05-05,FO,NSE,IDO,77478,,FINNIFTY,,2026-06-30,2026-06-30,24100.00,CE,FINNIFTY26JUN24100CE,0.00,0.00,0.00,882.75,0.00,882.75,25716.90,2062.25,0,0,0,0.00,0,F1,60,,,,,
2026-05-05,2026-05-05,FO,NSE,IDO,77476,,FINNIFTY,,2026-06-30,2026-06-30,24000.00,CE,FINNIFTY26JUN24000CE,0.00,0.00,0.00,928.25,0.00,928.25,25716.90,2142.25,0,0,0,0.00,0,F1,60,,,,,
2026-05-05,2026-05-05,FO,NSE,IDO,77458,,FINNIFTY,,2026-06-30,2026-06-30,23200.00,CE,FINNIFTY26JUN23200CE,0.00,0.00,0.00,1350.85,0.00,1350.85,25716.90,2825.05,0,0,0,0.00,0,F1,60,,,,,
2026-05-05,2026-05-05,FO,NSE,IDO,77268,,FINNIFTY,,2026-06-30,2026-06-30,20500.00,CE,FINNIFTY26JUN20500CE,0.00,0.00,0.00,3449.05,0.00,3449.05,25716.90,5415.20,0,0,0,0.00,0,F1,60,,,,,
2026-05-05,2026-05-05,FO,NSE,IDO,69796,,FINNIFTY,,2026-05-26,2026-05-26,30500.00,CE,FINNIFTY26MAY30500CE,0.00,0.00,0.00,344.90,0.00,344.90,25716.90,0.25,0,0,0,0.00,0,F1,60,,,,,
2026-05-05,2026-05-05,FO,NSE,IDO,69780,,FINNIFTY,,2026-05-26,2026-05-26,29900.00,CE,FINNIFTY26MAY29900CE,0.00,0.00,0.00,500.35,0.00,500.35,25716.90,0.90,0,0,0,0.00,0,F1,60,,,,,
2026-05-05,2026-05-05,FO,NSE,IDO,69709,,FINNIFTY,,2026-05-26,2026-05-26,28800.00,CE,FINNIFTY26MAY28800CE,0.00,0.00,0.00,66.80,66.80,66.80,25716.90,8.25,60,0,0,0.00,0,F1,60,,,,,
2026-05-05,2026-05-05,FO,NSE,IDO,69681,,FINNIFTY,,2026-05-26,2026-05-26,27400.00,CE,FINNIFTY26MAY27400CE,88.00,88.00,60.00,64.15,64.15,89.55,25716.90,64.15,2040,-60,42,69216600.00,9,F1,60,,,,,
2026-05-05,2026-05-05,FO,NSE,IDO,62519,,FINNIFTY,,2026-05-26,2026-05-26,27050.00,CE,FINNIFTY26MAY27050CE,0.00,0.00,0.00,136.80,136.80,136.80,25716.90,132.05,120,0,0,0.00,0,F1,60,,,,,
2026-05-05,2026-05-05,FO,NSE,IDO,69667,,FINNIFTY,,2026-05-26,2026-05-26,26700.00,CE,FINNIFTY26MAY26700CE,160.10,160.10,160.10,160.10,160.10,225.00,25716.90,205.45,420,0,2,3223212.00,1,F1,60,,,,,
2026-05-05,2026-05-05,FO,NSE,IDO,62511,,FINNIFTY,,2026-05-26,2026-05-26,26650.00,CE,FINNIFTY26MAY26650CE,180.05,206.05,170.00,182.15,180.65,201.75,25716.90,182.15,840,600,52,83724855.00,27,F1,60,,,,,
2026-05-05,2026-05-05,FO,NSE,IDO,69661,,FINNIFTY,,2026-05-26,2026-05-26,26400.00,CE,FINNIFTY26MAY26400CE,245.00,245.00,226.40,226.40,226.40,330.00,25716.90,288.35,1320,60,2,3196284.00,2,F1,60,,,,,
2026-05-05,2026-05-05,FO,NSE,IDO,69649,,FINNIFTY,,2026-05-26,2026-05-26,25800.00,CE,FINNIFTY26MAY25800CE,492.35,576.80,448.35,514.95,520.00,589.45,25716.90,514.95,3420,840,380,600053022.00,366,F1,60,,,,,
2026-05-05,2026-05-05,FO,NSE,IDO,69647,,FINNIFTY,,2026-05-26,2026-05-26,25700.00,CE,FINNIFTY26MAY25700CE,580.25,612.75,509.35,569.30,575.20,662.85,25716.90,569.30,2520,1260,158,249011217.00,141,F1,60,,,,,
2026-05-05,2026-05-05,FO,NSE,IDO,62479,,FINNIFTY,,2026-05-26,2026-05-26,25650.00,CE,FINNIFTY26MAY25650CE,700.00,700.00,542.95,583.90,589.80,700.00,25716.90,583.90,960,240,94,147996204.00,85,F1,60,,,,,
2026-05-05,2026-05-05,FO,NSE,IDO,62419,,FINNIFTY,,2026-05-26,2026-05-26,23850.00,CE,FINNIFTY26MAY23850CE,0.00,0.00,0.00,2239.70,0.00,2239.70,25716.90,1982.30,0,0,0,0.00,0,F1,60,,,,,
2026-05-05,2026-05-05,FO,NSE,IDO,69523,,FINNIFTY,,2026-05-26,2026-05-26,23100.00,CE,FINNIFTY26MAY23100CE,0.00,0.00,0.00,5578.20,0.00,5578.20,25716.90,2701.95,0,0,0,0.00,0,F1,60,,,,,
2026-05-05,2026-05-05,FO,NSE,IDO,69503,,FINNIFTY,,2026-05-26,2026-05-26,21500.00,CE,FINNIFTY26MAY21500CE,0.00,0.00,0.00,7149.30,0.00,7149.30,25716.90,4289.60,0,0,0,0.00,0,F1,60,,,,,
2026-05-05,2026-05-05,FO,NSE,IDO,43657,,FINNIFTY,,2026-05-26,2026-05-26,21400.00,CE,FINNIFTY26MAY21400CE,0.00,0.00,0.00,5948.40,0.00,5948.40,25716.90,4389.25,0,0,0,0.00,0,F1,60,,,,,
2026-05-05,2026-05-05,FO,NSE,IDO,43655,,FINNIFTY,,2026-05-26,2026-05-26,21300.00,CE,FINNIFTY26MAY21300CE,0.00,0.00,0.00,6046.75,0.00,6046.75,25716.90,4488.90,0,0,0,0.00,0,F1,60,,,,,
2026-05-05,2026-05-05,FO,NSE,IDO,69499,,FINNIFTY,,2026-05-26,2026-05-26,20500.00,CE,FINNIFTY26MAY20500CE,0.00,0.00,0.00,8132.70,0.00,8132.70,25716.90,5286.15,0,0,0,0.00,0,F1,60,,,,,
2026-05-05,2026-05-05,FO,NSE,IDO,62975,,FINNIFTY,,2026-07-28,2026-07-28,27900.00,CE,FINNIFTY26JUL27900CE,0.00,0.00,0.00,534.10,0.00,534.10,25716.90,424.95,0,0,0,0.00,0,F1,60,,,,,
2026-05-05,2026-05-05,FO,NSE,IDO,69559,,FINNIFTY,,2026-05-26,2026-05-26,24900.00,CE,FINNIFTY26MAY24900CE,0.00,0.00,0.00,3841.60,0.00,3841.60,25716.90,1088.95,0,0,0,0.00,0,F1,60,,,,,
2026-05-05,2026-05-05,FO,NSE,IDO,69653,,FINNIFTY,,2026-05-26,2026-05-26,26000.00,CE,FINNIFTY26MAY26000CE,350.90,476.85,350.90,415.10,419.95,492.15,25716.90,415.10,29700,6180,1058,1676583477.00,975,F1,60,,,,,
2026-05-05,2026-05-05,FO,NSE,IDO,77322,,FINNIFTY,,2026-06-30,2026-06-30,22400.00,PE,FINNIFTY26JUN22400PE,0.00,0.00,0.00,353.40,0.00,353.40,25716.90,31.85,0,0,0,0.00,0,F1,60,,,,,
2026-05-05,2026-05-05,FO,NSE,IDO,62493,,FINNIFTY,,2026-05-26,2026-05-26,26250.00,CE,FINNIFTY26MAY26250CE,0.00,0.00,0.00,529.00,0.00,529.00,25716.90,339.10,0,0,0,0.00,0,F1,60,,,,,
2026-05-05,2026-05-05,FO,NSE,IDO,69693,,FINNIFTY,,2026-05-26,2026-05-26,28000.00,CE,FINNIFTY26MAY28000CE,28.35,31.90,25.00,27.55,25.90,37.65,25716.90,27.55,14760,840,76,127809888.00,52,F1,60,,,,,
2026-05-05,2026-05-05,FO,NSE,IDO,69760,,FINNIFTY,,2026-05-26,2026-05-26,29000.00,CE,FINNIFTY26MAY29000CE,9.25,9.70,8.20,8.80,8.95,10.70,25716.90,8.80,6600,-4620,121,210604533.00,65,F1,60,,,,,
2026-05-05,2026-05-05,FO,NSE,IDO,77535,,FINNIFTY,,2026-06-30,2026-06-30,26800.00,CE,FINNIFTY26JUN26800CE,0.00,0.00,0.00,170.70,0.00,170.70,25716.90,523.45,0,0,0,0.00,0,F1,60,,,,,
2026-05-05,2026-05-05,FO,NSE,IDO,62847,,FINNIFTY,,2026-07-28,2026-07-28,24400.00,CE,FINNIFTY26JUL24400CE,0.00,0.00,0.00,2274.60,0.00,2274.60,25716.90,2064.80,0,0,0,0.00,0,F1,60,,,,,
2026-05-05,2026-05-05,FO,NSE,IDO,62894,,FINNIFTY,,2026-07-28,2026-07-28,25100.00,CE,FINNIFTY26JUL25100CE,0.00,0.00,0.00,1793.05,0.00,1793.05,25716.90,1596.15,0,0,0,0.00,0,F1,60,,,,,
2026-05-05,2026-05-05,FO,NSE,IDO,62935,,FINNIFTY,,2026-07-28,2026-07-28,27100.00,CE,FINNIFTY26JUL27100CE,0.00,0.00,0.00,788.60,0.00,788.60,25716.90,650.45,0,0,0,0.00,0,F1,60,,,,,
2026-05-05,2026-05-05,FO,NSE,IDO,77333,,FINNIFTY,,2026-06-30,2026-06-30,22900.00,CE,FINNIFTY26JUN22900CE,0.00,0.00,0.00,1535.95,0.00,1535.95,25716.90,3097.00,0,0,0,0.00,0,F1,60,,,,,
2026-05-05,2026-05-05,FO,NSE,IDO,77472,,FINNIFTY,,2026-06-30,2026-06-30,23800.00,CE,FINNIFTY26JUN23800CE,0.00,0.00,0.00,1024.25,0.00,1024.25,25716.90,2306.20,0,0,0,0.00,0,F1,60,,,,,
2026-05-05,2026-05-05,FO,NSE,IDO,77500,,FINNIFTY,,2026-06-30,2026-06-30,25200.00,CE,FINNIFTY26JUN25200CE,0.00,0.00,0.00,482.65,0.00,482.65,25716.90,1281.50,0,0,0,0.00,0,F1,60,,,,,
2026-05-05,2026-05-05,FO,NSE,IDO,77517,,FINNIFTY,,2026-06-30,2026-06-30,25900.00,CE,FINNIFTY26JUN25900CE,0.00,0.00,0.00,313.70,0.00,313.70,25716.90,893.40,0,0,0,0.00,0,F1,60,,,,,
2026-05-05,2026-05-05,FO,NSE,IDO,62815,,FINNIFTY,,2026-07-28,2026-07-28,23500.00,CE,FINNIFTY26JUL23500CE,0.00,0.00,0.00,2976.55,0.00,2976.55,25716.90,2757.40,0,0,0,0.00,0,F1,60,,,,,
2026-05-05,2026-05-05,FO,NSE,IDO,69508,,FINNIFTY,,2026-05-26,2026-05-26,22300.00,PE,FINNIFTY26MAY22300PE,0.00,0.00,0.00,0.65,0.00,0.65,25716.90,0.85,0,0,0,0.00,0,F1,60,,,,,
2026-05-05,2026-05-05,FO,NSE,IDO,69516,,FINNIFTY,,2026-05-26,2026-05-26,22700.00,PE,FINNIFTY26MAY22700PE,0.00,0.00,0.00,1.35,0.00,1.35,25716.90,2.60,0,0,0,0.00,0,F1,60,,,,,
2026-05-05,2026-05-05,FO,NSE,IDO,69526,,FINNIFTY,,2026-05-26,2026-05-26,23200.00,PE,FINNIFTY26MAY23200PE,0.00,0.00,0.00,3.20,0.00,3.20,25716.90,8.90,0,0,0,0.00,0,F1,60,,,,,
2026-05-05,2026-05-05,FO,NSE,IDO,69530,,FINNIFTY,,2026-05-26,2026-05-26,23400.00,PE,FINNIFTY26MAY23400PE,0.00,0.00,0.00,4.45,0.00,4.45,25716.90,13.95,0,0,0,0.00,0,F1,60,,,,,
2026-05-05,2026-05-05,FO,NSE,IDO,62422,,FINNIFTY,,2026-05-26,2026-05-26,23950.00,PE,FINNIFTY26MAY23950PE,0.00,0.00,0.00,54.25,0.00,54.25,25716.90,42.00,0,0,0,0.00,0,F1,60,,,,,
2026-05-05,2026-05-05,FO,NSE,IDO,69564,,FINNIFTY,,2026-05-26,2026-05-26,25100.00,PE,FINNIFTY26MAY25100PE,0.00,0.00,0.00,324.85,324.85,324.85,25716.90,243.05,480,0,0,0.00,0,F1,60,,,,,
2026-05-05,2026-05-05,FO,NSE,IDO,69650,,FINNIFTY,,2026-05-26,2026-05-26,25800.00,PE,FINNIFTY26MAY25800PE,504.25,612.10,449.65,499.10,497.20,489.55,25716.90,499.10,7320,5580,472,744981237.00,419,F1,60,,,,,
2026-05-05,2026-05-05,FO,NSE,IDO,62500,,FINNIFTY,,2026-05-26,2026-05-26,26450.00,PE,FINNIFTY26MAY26450PE,0.00,0.00,0.00,841.80,0.00,841.80,25716.90,916.55,0,0,0,0.00,0,F1,60,,,,,
2026-05-05,2026-05-05,FO,NSE,IDO,62516,,FINNIFTY,,2026-05-26,2026-05-26,26850.00,PE,FINNIFTY26MAY26850PE,0.00,0.00,0.00,1103.80,0.00,1103.80,25716.90,1212.75,0,0,0,0.00,0,F1,60,,,,,
2026-05-05,2026-05-05,FO,NSE,IDO,62518,,FINNIFTY,,2026-05-26,2026-05-26,26950.00,PE,FINNIFTY26MAY26950PE,0.00,0.00,0.00,1174.85,0.00,1174.85,25716.90,1292.30,0,0,0,0.00,0,F1,60,,,,,
2026-05-05,2026-05-05,FO,NSE,IDO,69690,,FINNIFTY,,2026-05-26,2026-05-26,27800.00,PE,FINNIFTY26MAY27800PE,0.00,0.00,0.00,522.15,0.00,522.15,25716.90,2034.55,0,0,0,0.00,0,F1,60,,,,,
2026-05-05,2026-05-05,FO,NSE,IDO,69761,,FINNIFTY,,2026-05-26,2026-05-26,29000.00,PE,FINNIFTY26MAY29000PE,0.00,0.00,0.00,1058.80,0.00,1058.80,25716.90,3190.80,0,0,0,0.00,0,F1,60,,,,,
2026-05-05,2026-05-05,FO,NSE,IDO,77314,,FINNIFTY,,2026-06-30,2026-06-30,22000.00,PE,FINNIFTY26JUN22000PE,0.00,0.00,0.00,257.35,0.00,257.35,25716.90,18.20,0,0,0,0.00,0,F1,60,,,,,
2026-05-05,2026-05-05,FO,NSE,IDO,77479,,FINNIFTY,,2026-06-30,2026-06-30,24100.00,PE,FINNIFTY26JUN24100PE,0.00,0.00,0.00,1029.20,0.00,1029.20,25716.90,213.90,0,0,0,0.00,0,F1,60,,,,,
2026-05-05,2026-05-05,FO,NSE,IDO,77518,,FINNIFTY,,2026-06-30,2026-06-30,25900.00,PE,FINNIFTY26JUN25900PE,0.00,0.00,0.00,2227.95,0.00,2227.95,25716.90,827.75,0,0,0,0.00,0,F1,60,,,,,
2026-05-05,2026-05-05,FO,NSE,IDO,77530,,FINNIFTY,,2026-06-30,2026-06-30,26500.00,PE,FINNIFTY26JUN26500PE,0.00,0.00,0.00,2714.00,0.00,2714.00,25716.90,1159.80,0,0,0,0.00,0,F1,60,,,,,
2026-05-05,2026-05-05,FO,NSE,IDO,77536,,FINNIFTY,,2026-06-30,2026-06-30,26800.00,PE,FINNIFTY26JUN26800PE,0.00,0.00,0.00,2968.80,0.00,2968.80,25716.90,1349.15,0,0,0,0.00,0,F1,60,,,,,
2026-05-05,2026-05-05,FO,NSE,IDO,77556,,FINNIFTY,,2026-06-30,2026-06-30,27300.00,PE,FINNIFTY26JUN27300PE,0.00,0.00,0.00,3407.80,0.00,3407.80,25716.90,1696.35,0,0,0,0.00,0,F1,60,,,,,
2026-05-05,2026-05-05,FO,NSE,IDO,62837,,FINNIFTY,,2026-07-28,2026-07-28,24100.00,PE,FINNIFTY26JUL24100PE,0.00,0.00,0.00,314.60,0.00,314.60,25716.90,321.25,0,0,0,0.00,0,F1,60,,,,,
2026-05-05,2026-05-05,FO,NSE,IDO,62978,,FINNIFTY,,2026-07-28,2026-07-28,28000.00,PE,FINNIFTY26JUL28000PE,0.00,0.00,0.00,2168.00,0.00,2168.00,25716.90,2282.55,0,0,0,0.00,0,F1,60,,,,,
2026-05-05,2026-05-05,FO,NSE,IDO,38349,,FINNIFTY,,2026-05-26,2026-05-26,21900.00,CE,FINNIFTY26MAY21900CE,0.00,0.00,0.00,6315.20,0.00,6315.20,25716.90,3891.10,0,0,0,0.00,0,F1,60,,,,,
2026-05-05,2026-05-05,FO,NSE,IDO,62413,,FINNIFTY,,2026-05-26,2026-05-26,23650.00,CE,FINNIFTY26MAY23650CE,0.00,0.00,0.00,2425.85,0.00,2425.85,25716.90,2170.35,0,0,0,0.00,0,F1,60,,,,,
2026-05-05,2026-05-05,FO,NSE,IDO,69541,,FINNIFTY,,2026-05-26,2026-05-26,24000.00,CE,FINNIFTY26MAY24000CE,0.00,0.00,0.00,4701.40,0.00,4701.40,25716.90,1844.00,0,0,0,0.00,0,F1,60,,,,,
2026-05-05,2026-05-05,FO,NSE,IDO,69543,,FINNIFTY,,2026-05-26,2026-05-26,24100.00,CE,FINNIFTY26MAY24100CE,0.00,0.00,0.00,4604.75,0.00,4604.75,25716.90,1753.30,0,0,0,0.00,0,F1,60,,,,,
2026-05-05,2026-05-05,FO,NSE,IDO,69546,,FINNIFTY,,2026-05-26,2026-05-26,24200.00,PE,FINNIFTY26MAY24200PE,0.00,0.00,0.00,14.70,0.00,14.70,25716.90,65.30,0,0,0,0.00,0,F1,60,,,,,
2026-05-05,2026-05-05,FO,NSE,IDO,69544,,FINNIFTY,,2026-05-26,2026-05-26,24100.00,PE,FINNIFTY26MAY24100PE,0.00,0.00,0.00,12.80,0.00,12.80,25716.90,55.00,0,0,0,0.00,0,F1,60,,,,,
2026-05-05,2026-05-05,FO,NSE,IDO,38352,,FINNIFTY,,2026-05-26,2026-05-26,22100.00,PE,FINNIFTY26MAY22100PE,0.00,0.00,0.00,0.60,0.00,0.60,25716.90,0.45,0,0,0,0.00,0,F1,60,,,,,
2026-05-05,2026-05-05,FO,NSE,IDO,62928,,FINNIFTY,,2026-07-28,2026-07-28,26800.00,CE,FINNIFTY26JUL26800CE,0.00,0.00,0.00,904.45,0.00,904.45,25716.90,756.10,0,0,0,0.00,0,F1,60,,,,,
2026-05-05,2026-05-05,FO,NSE,IDO,62916,,FINNIFTY,,2026-07-28,2026-07-28,26200.00,CE,FINNIFTY26JUL26200CE,0.00,0.00,0.00,1172.30,0.00,1172.30,25716.90,1004.50,0,0,0,0.00,0,F1,60,,,,,
2026-05-05,2026-05-05,FO,NSE,IDO,77688,,FINNIFTY,,2026-06-30,2026-06-30,29500.00,CE,FINNIFTY26JUN29500CE,0.00,0.00,0.00,19.45,0.00,19.45,25716.90,64.75,0,0,0,0.00,0,F1,60,,,,,
2026-05-05,2026-05-05,FO,NSE,IDO,77555,,FINNIFTY,,2026-06-30,2026-06-30,27300.00,CE,FINNIFTY26JUN27300CE,0.00,0.00,0.00,118.60,0.00,118.60,25716.90,375.45,0,0,0,0.00,0,F1,60,,,,,
2026-05-05,2026-05-05,FO,NSE,IDO,62487,,FINNIFTY,,2026-05-26,2026-05-26,26050.00,CE,FINNIFTY26MAY26050CE,378.75,409.90,372.55,372.55,372.55,490.90,25716.90,416.45,900,-60,7,11101083.00,5,F1,60,,,,,
2026-05-05,2026-05-05,FO,NSE,IDO,62475,,FINNIFTY,,2026-05-26,2026-05-26,25550.00,CE,FINNIFTY26MAY25550CE,602.00,654.65,602.00,640.25,640.25,711.45,25716.90,640.25,1140,1080,53,83222460.00,38,F1,60,,,,,
2026-05-05,2026-05-05,FO,NSE,IDO,62461,,FINNIFTY,,2026-05-26,2026-05-26,24950.00,CE,FINNIFTY26MAY24950CE,0.00,0.00,0.00,1307.75,0.00,1307.75,25716.90,1052.85,0,0,0,0.00,0,F1,60,,,,,
2026-05-05,2026-05-05,FO,NSE,IDO,62888,,FINNIFTY,,2026-07-28,2026-07-28,24800.00,CE,FINNIFTY26JUL24800CE,0.00,0.00,0.00,1991.05,0.00,1991.05,25716.90,1788.15,0,0,0,0.00,0,F1,60,,,,,
2026-05-05,2026-05-05,FO,NSE,IDO,69505,,FINNIFTY,,2026-05-26,2026-05-26,22000.00,CE,FINNIFTY26MAY22000CE,0.00,0.00,0.00,6657.75,0.00,6657.75,25716.90,3791.55,0,0,0,0.00,0,F1,60,,,,,
2026-05-05,2026-05-05,FO,NSE,IDO,69527,,FINNIFTY,,2026-05-26,2026-05-26,23300.00,CE,FINNIFTY26MAY23300CE,0.00,0.00,0.00,5382.55,0.00,5382.55,25716.90,2506.80,0,0,0,0.00,0,F1,60,,,,,
2026-05-05,2026-05-05,FO,NSE,IDO,62445,,FINNIFTY,,2026-05-26,2026-05-26,24550.00,CE,FINNIFTY26MAY24550CE,0.00,0.00,0.00,1624.40,0.00,1624.40,25716.90,1364.15,0,0,0,0.00,0,F1,60,,,,,
2026-05-05,2026-05-05,FO,NSE,IDO,69555,,FINNIFTY,,2026-05-26,2026-05-26,24700.00,CE,FINNIFTY26MAY24700CE,0.00,0.00,0.00,4030.35,0.00,4030.35,25716.90,1242.85,0,0,0,0.00,0,F1,60,,,,,
2026-05-05,2026-05-05,FO,NSE,IDO,62495,,FINNIFTY,,2026-05-26,2026-05-26,26350.00,CE,FINNIFTY26MAY26350CE,0.00,0.00,0.00,486.65,0.00,486.65,25716.90,304.60,0,0,0,0.00,0,F1,60,,,,,
2026-05-05,2026-05-05,FO,NSE,IDO,62497,,FINNIFTY,,2026-05-26,2026-05-26,26450.00,CE,FINNIFTY26MAY26450CE,0.00,0.00,0.00,292.40,302.00,292.40,25716.90,272.80,120,0,0,0.00,0,F1,60,,,,,
2026-05-05,2026-05-05,FO,NSE,IDO,62521,,FINNIFTY,,2026-05-26,2026-05-26,27150.00,CE,FINNIFTY26MAY27150CE,103.25,108.85,93.35,93.35,93.35,121.20,25716.90,93.35,600,-120,9,14715087.00,5,F1,60,,,,,
2026-05-05,2026-05-05,FO,NSE,IDO,69705,,FINNIFTY,,2026-05-26,2026-05-26,28600.00,CE,FINNIFTY26MAY28600CE,0.00,0.00,0.00,181.95,181.95,181.95,25716.90,11.85,60,0,0,0.00,0,F1,60,,,,,
2026-05-05,2026-05-05,FO,NSE,IDO,69766,,FINNIFTY,,2026-05-26,2026-05-26,29300.00,CE,FINNIFTY26MAY29300CE,0.00,0.00,0.00,707.30,0.00,707.30,25716.90,3.10,0,0,0,0.00,0,F1,60,,,,,
2026-05-05,2026-05-05,FO,NSE,IDO,69786,,FINNIFTY,,2026-05-26,2026-05-26,30200.00,CE,FINNIFTY26MAY30200CE,0.00,0.00,0.00,416.00,0.00,416.00,25716.90,0.45,0,0,0,0.00,0,F1,60,,,,,
2026-05-05,2026-05-05,FO,NSE,IDO,77299,,FINNIFTY,,2026-06-30,2026-06-30,21300.00,CE,FINNIFTY26JUN21300CE,0.00,0.00,0.00,2741.55,0.00,2741.55,25716.90,4627.55,0,0,0,0.00,0,F1,60,,,,,
2026-05-05,2026-05-05,FO,NSE,IDO,77307,,FINNIFTY,,2026-06-30,2026-06-30,21700.00,CE,FINNIFTY26JUN21700CE,0.00,0.00,0.00,2409.95,0.00,2409.95,25716.90,4236.90,0,0,0,0.00,0,F1,60,,,,,
2026-05-05,2026-05-05,FO,NSE,IDO,77317,,FINNIFTY,,2026-06-30,2026-06-30,22200.00,CE,FINNIFTY26JUN22200CE,0.00,0.00,0.00,2021.75,0.00,2021.75,25716.90,3754.35,0,0,0,0.00,0,F1,60,,,,,
2026-05-05,2026-05-05,FO,NSE,IDO,77323,,FINNIFTY,,2026-06-30,2026-06-30,22500.00,CE,FINNIFTY26JUN22500CE,0.00,0.00,0.00,1805.45,0.00,1805.45,25716.90,3469.35,0,0,0,0.00,0,F1,60,,,,,
2026-05-05,2026-05-05,FO,NSE,IDO,77480,,FINNIFTY,,2026-06-30,2026-06-30,24200.00,CE,FINNIFTY26JUN24200CE,0.00,0.00,0.00,838.80,0.00,838.80,25716.90,1983.55,0,0,0,0.00,0,F1,60,,,,,
2026-05-05,2026-05-05,FO,NSE,IDO,77492,,FINNIFTY,,2026-06-30,2026-06-30,24800.00,CE,FINNIFTY26JUN24800CE,0.00,0.00,0.00,607.65,0.00,607.65,25716.90,1542.50,0,0,0,0.00,0,F1,60,,,,,
2026-05-05,2026-05-05,FO,NSE,IDO,77508,,FINNIFTY,,2026-06-30,2026-06-30,25600.00,CE,FINNIFTY26JUN25600CE,0.00,0.00,0.00,379.90,0.00,379.90,25716.90,1048.85,0,0,0,0.00,0,F1,60,,,,,
2026-05-05,2026-05-05,FO,NSE,IDO,77523,,FINNIFTY,,2026-06-30,2026-06-30,26200.00,CE,FINNIFTY26JUN26200CE,0.00,0.00,0.00,257.85,0.00,257.85,25716.90,754.30,0,0,0,0.00,0,F1,60,,,,,
2026-05-05,2026-05-05,FO,NSE,IDO,77596,,FINNIFTY,,2026-06-30,2026-06-30,27700.00,CE,FINNIFTY26JUN27700CE,0.00,0.00,0.00,87.50,0.00,87.50,25716.90,283.05,0,0,0,0.00,0,F1,60,,,,,
2026-05-05,2026-05-05,FO,NSE,IDO,77606,,FINNIFTY,,2026-06-30,2026-06-30,28000.00,CE,FINNIFTY26JUN28000CE,0.00,0.00,0.00,69.15,0.00,69.15,25716.90,226.40,0,0,0,0.00,0,F1,60,,,,,
2026-05-05,2026-05-05,FO,NSE,IDO,77634,,FINNIFTY,,2026-06-30,2026-06-30,28600.00,CE,FINNIFTY26JUN28600CE,0.00,0.00,0.00,42.40,0.00,42.40,25716.90,141.00,0,0,0,0.00,0,F1,60,,,,,
2026-05-05,2026-05-05,FO,NSE,IDO,62818,,FINNIFTY,,2026-07-28,2026-07-28,23600.00,CE,FINNIFTY26JUL23600CE,0.00,0.00,0.00,2894.25,0.00,2894.25,25716.90,2675.85,0,0,0,0.00,0,F1,60,,,,,
2026-05-05,2026-05-05,FO,NSE,IDO,62845,,FINNIFTY,,2026-07-28,2026-07-28,24300.00,CE,FINNIFTY26JUL24300CE,0.00,0.00,0.00,2347.30,0.00,2347.30,25716.90,2137.15,0,0,0,0.00,0,F1,60,,,,,
2026-05-05,2026-05-05,FO,NSE,IDO,62896,,FINNIFTY,,2026-07-28,2026-07-28,25200.00,CE,FINNIFTY26JUL25200CE,0.00,0.00,0.00,1729.70,0.00,1729.70,25716.90,1535.00,0,0,0,0.00,0,F1,60,,,,,
2026-05-05,2026-05-05,FO,NSE,IDO,62902,,FINNIFTY,,2026-07-28,2026-07-28,25500.00,CE,FINNIFTY26JUL25500CE,0.00,0.00,0.00,1547.90,0.00,1547.90,25716.90,1360.40,0,0,0,0.00,0,F1,60,,,,,
2026-05-05,2026-05-05,FO,NSE,IDO,62904,,FINNIFTY,,2026-07-28,2026-07-28,25600.00,CE,FINNIFTY26JUL25600CE,0.00,0.00,0.00,1490.10,0.00,1490.10,25716.90,1305.15,0,0,0,0.00,0,F1,60,,,,,
2026-05-05,2026-05-05,FO,NSE,IDO,62924,,FINNIFTY,,2026-07-28,2026-07-28,26600.00,CE,FINNIFTY26JUL26600CE,0.00,0.00,0.00,988.30,0.00,988.30,25716.90,833.25,0,0,0,0.00,0,F1,60,,,,,
2026-05-05,2026-05-05,FO,NSE,IDO,62949,,FINNIFTY,,2026-07-28,2026-07-28,27400.00,CE,FINNIFTY26JUL27400CE,0.00,0.00,0.00,684.20,0.00,684.20,25716.90,556.45,0,0,0,0.00,0,F1,60,,,,,
2026-05-05,2026-05-05,FO,NSE,IDO,62953,,FINNIFTY,,2026-07-28,2026-07-28,27500.00,CE,FINNIFTY26JUL27500CE,0.00,0.00,0.00,651.85,0.00,651.85,25716.90,527.55,0,0,0,0.00,0,F1,60,,,,,
2026-05-05,2026-05-05,FO,NSE,IDO,62998,,FINNIFTY,,2026-07-28,2026-07-28,28500.00,CE,FINNIFTY26JUL28500CE,0.00,0.00,0.00,390.30,0.00,390.30,25716.90,299.85,0,0,0,0.00,0,F1,60,,,,,
2026-05-05,2026-05-05,FO,NSE,IDO,63017,,FINNIFTY,,2026-07-28,2026-07-28,29000.00,CE,FINNIFTY26JUL29000CE,0.00,0.00,0.00,296.00,0.00,296.00,25716.90,220.85,0,0,0,0.00,0,F1,60,,,,,
2026-05-05,2026-05-05,FO,NSE,IDO,69510,,FINNIFTY,,2026-05-26,2026-05-26,22400.00,PE,FINNIFTY26MAY22400PE,0.00,0.00,0.00,0.80,0.00,0.80,25716.90,1.15,0,0,0,0.00,0,F1,60,,,,,
2026-05-05,2026-05-05,FO,NSE,IDO,69512,,FINNIFTY,,2026-05-26,2026-05-26,22500.00,PE,FINNIFTY26MAY22500PE,0.00,0.00,0.00,16.70,16.50,16.70,25716.90,1.50,1140,0,0,0.00,0,F1,60,,,,,
2026-05-05,2026-05-05,FO,NSE,IDO,62405,,FINNIFTY,,2026-05-26,2026-05-26,23350.00,PE,FINNIFTY26MAY23350PE,0.00,0.00,0.00,19.65,0.00,19.65,25716.90,12.50,0,0,0,0.00,0,F1,60,,,,,
2026-05-05,2026-05-05,FO,NSE,IDO,62412,,FINNIFTY,,2026-05-26,2026-05-26,23550.00,PE,FINNIFTY26MAY23550PE,0.00,0.00,0.00,28.10,0.00,28.10,25716.90,19.20,0,0,0,0.00,0,F1,60,,,,,
2026-05-05,2026-05-05,FO,NSE,IDO,62416,,FINNIFTY,,2026-05-26,2026-05-26,23750.00,PE,FINNIFTY26MAY23750PE,0.00,0.00,0.00,39.40,0.00,39.40,25716.90,28.75,0,0,0,0.00,0,F1,60,,,,,
2026-05-05,2026-05-05,FO,NSE,IDO,62448,,FINNIFTY,,2026-05-26,2026-05-26,24650.00,PE,FINNIFTY26MAY24650PE,153.45,153.45,153.45,153.45,153.45,145.50,25716.90,153.45,120,120,2,2976414.00,1,F1,60,,,,,
2026-05-05,2026-05-05,FO,NSE,IDO,69558,,FINNIFTY,,2026-05-26,2026-05-26,24800.00,PE,FINNIFTY26MAY24800PE,218.05,225.20,166.70,185.70,184.20,230.75,25716.90,185.70,1380,540,49,73458672.00,48,F1,60,,,,,
2026-05-05,2026-05-05,FO,NSE,IDO,62472,,FINNIFTY,,2026-05-26,2026-05-26,25350.00,PE,FINNIFTY26MAY25350PE,0.00,0.00,0.00,324.10,0.00,324.10,25716.90,327.55,0,0,0,0.00,0,F1,60,,,,,
2026-05-05,2026-05-05,FO,NSE,IDO,62496,,FINNIFTY,,2026-05-26,2026-05-26,26350.00,PE,FINNIFTY26MAY26350PE,0.00,0.00,0.00,782.15,0.00,782.15,25716.90,848.70,0,0,0,0.00,0,F1,60,,,,,
2026-05-05,2026-05-05,FO,NSE,IDO,69680,,FINNIFTY,,2026-05-26,2026-05-26,27300.00,PE,FINNIFTY26MAY27300PE,0.00,0.00,0.00,367.95,0.00,367.95,25716.90,1585.25,0,0,0,0.00,0,F1,60,,,,,
2026-05-05,2026-05-05,FO,NSE,IDO,69706,,FINNIFTY,,2026-05-26,2026-05-26,28600.00,PE,FINNIFTY26MAY28600PE,0.00,0.00,0.00,853.70,0.00,853.70,25716.90,2798.40,0,0,0,0.00,0,F1,60,,,,,
2026-05-05,2026-05-05,FO,NSE,IDO,69765,,FINNIFTY,,2026-05-26,2026-05-26,29200.00,PE,FINNIFTY26MAY29200PE,0.00,0.00,0.00,1171.15,0.00,1171.15,25716.90,3388.30,0,0,0,0.00,0,F1,60,,,,,
2026-05-05,2026-05-05,FO,NSE,IDO,77306,,FINNIFTY,,2026-06-30,2026-06-30,21600.00,PE,FINNIFTY26JUN21600PE,0.00,0.00,0.00,182.50,0.00,182.50,25716.90,9.90,0,0,0,0.00,0,F1,60,,,,,
2026-05-05,2026-05-05,FO,NSE,IDO,77369,,FINNIFTY,,2026-06-30,2026-06-30,22900.00,PE,FINNIFTY26JUN22900PE,0.00,0.00,0.00,503.95,0.00,503.95,25716.90,60.20,0,0,0,0.00,0,F1,60,,,,,
2026-05-05,2026-05-05,FO,NSE,IDO,77507,,FINNIFTY,,2026-06-30,2026-06-30,25500.00,PE,FINNIFTY26JUN25500PE,0.00,0.00,0.00,1925.30,0.00,1925.30,25716.90,642.50,0,0,0,0.00,0,F1,60,,,,,
2026-05-05,2026-05-05,FO,NSE,IDO,77520,,FINNIFTY,,2026-06-30,2026-06-30,26000.00,PE,FINNIFTY26JUN26000PE,0.00,0.00,0.00,2306.55,0.00,2306.55,25716.90,878.60,0,0,0,0.00,0,F1,60,,,,,
2026-05-05,2026-05-05,FO,NSE,IDO,77532,,FINNIFTY,,2026-06-30,2026-06-30,26600.00,PE,FINNIFTY26JUN26600PE,0.00,0.00,0.00,2798.15,0.00,2798.15,25716.90,1221.25,0,0,0,0.00,0,F1,60,,,,,
2026-05-05,2026-05-05,FO,NSE,IDO,77607,,FINNIFTY,,2026-06-30,2026-06-30,28000.00,PE,FINNIFTY26JUN28000PE,0.00,0.00,0.00,4045.80,0.00,4045.80,25716.90,2240.60,0,0,0,0.00,0,F1,60,,,,,
2026-05-05,2026-05-05,FO,NSE,IDO,62870,,FINNIFTY,,2026-07-28,2026-07-28,24500.00,PE,FINNIFTY26JUL24500PE,0.00,0.00,0.00,412.80,0.00,412.80,25716.90,424.75,0,0,0,0.00,0,F1,60,,,,,
2026-05-05,2026-05-05,FO,NSE,IDO,62946,,FINNIFTY,,2026-07-28,2026-07-28,27200.00,PE,FINNIFTY26JUL27200PE,0.00,0.00,0.00,1624.55,0.00,1624.55,25716.90,1710.05,0,0,0,0.00,0,F1,60,,,,,
2026-05-05,2026-05-05,FO,NSE,IDO,38351,,FINNIFTY,,2026-05-26,2026-05-26,22100.00,CE,FINNIFTY26MAY22100CE,0.00,0.00,0.00,6118.55,0.00,6118.55,25716.90,3692.00,0,0,0,0.00,0,F1,60,,,,,
2026-05-05,2026-05-05,FO,NSE,IDO,69511,,FINNIFTY,,2026-05-26,2026-05-26,22500.00,CE,FINNIFTY26MAY22500CE,0.00,0.00,0.00,6166.55,0.00,6166.55,25716.90,3294.40,0,0,0,0.00,0,F1,60,,,,,
2026-05-05,2026-05-05,FO,NSE,IDO,62388,,FINNIFTY,,2026-05-26,2026-05-26,22950.00,CE,FINNIFTY26MAY22950CE,0.00,0.00,0.00,3098.45,0.00,3098.45,25716.90,2849.30,0,0,0,0.00,0,F1,60,,,,,
2026-05-05,2026-05-05,FO,NSE,IDO,69535,,FINNIFTY,,2026-05-26,2026-05-26,23700.00,CE,FINNIFTY26MAY23700CE,2334.10,2334.10,2100.70,2100.70,2100.70,4992.50,25716.90,2123.00,0,0,2,3110088.00,2,F1,60,,,,,
2026-05-05,2026-05-05,FO,NSE,IDO,62415,,FINNIFTY,,2026-05-26,2026-05-26,23750.00,CE,FINNIFTY26MAY23750CE,0.00,0.00,0.00,2332.35,0.00,2332.35,25716.90,2075.85,0,0,0,0.00,0,F1,60,,,,,
2026-05-05,2026-05-05,FO,NSE,IDO,62457,,FINNIFTY,,2026-05-26,2026-05-26,24750.00,CE,FINNIFTY26MAY24750CE,0.00,0.00,0.00,1462.30,0.00,1462.30,25716.90,1203.50,0,0,0,0.00,0,F1,60,,,,,
2026-05-05,2026-05-05,FO,NSE,IDO,69557,,FINNIFTY,,2026-05-26,2026-05-26,24800.00,CE,FINNIFTY26MAY24800CE,0.00,0.00,0.00,3935.75,0.00,3935.75,25716.90,1164.70,0,0,0,0.00,0,F1,60,,,,,
2026-05-05,2026-05-05,FO,NSE,IDO,69561,,FINNIFTY,,2026-05-26,2026-05-26,25000.00,CE,FINNIFTY26MAY25000CE,0.00,0.00,0.00,3747.90,0.00,3747.90,25716.90,1015.40,0,0,0,0.00,0,F1,60,,,,,
2026-05-05,2026-05-05,FO,NSE,IDO,62463,,FINNIFTY,,2026-05-26,2026-05-26,25050.00,CE,FINNIFTY26MAY25050CE,0.00,0.00,0.00,1234.45,0.00,1234.45,25716.90,979.75,0,0,0,0.00,0,F1,60,,,,,
2026-05-05,2026-05-05,FO,NSE,IDO,69645,,FINNIFTY,,2026-05-26,2026-05-26,25600.00,CE,FINNIFTY26MAY25600CE,748.25,748.25,558.35,620.55,620.55,730.00,25716.90,620.55,2100,960,167,262605225.00,132,F1,60,,,,,
2026-05-05,2026-05-05,FO,NSE,IDO,62481,,FINNIFTY,,2026-05-26,2026-05-26,25750.00,CE,FINNIFTY26MAY25750CE,0.00,0.00,0.00,778.85,0.00,778.85,25716.90,554.45,0,0,0,0.00,0,F1,60,,,,,
2026-05-05,2026-05-05,FO,NSE,IDO,69651,,FINNIFTY,,2026-05-26,2026-05-26,25900.00,CE,FINNIFTY26MAY25900CE,448.60,513.65,410.00,463.30,471.65,541.50,25716.90,463.30,2340,300,27,42701112.00,21,F1,60,,,,,
2026-05-05,2026-05-05,FO,NSE,IDO,62485,,FINNIFTY,,2026-05-26,2026-05-26,25950.00,CE,FINNIFTY26MAY25950CE,426.70,426.70,405.00,405.00,405.00,496.20,25716.90,459.45,660,0,2,3163902.00,2,F1,60,,,,,
2026-05-05,2026-05-05,FO,NSE,IDO,62501,,FINNIFTY,,2026-05-26,2026-05-26,26550.00,CE,FINNIFTY26MAY26550CE,0.00,0.00,0.00,409.20,0.00,409.20,25716.90,243.55,0,0,0,0.00,0,F1,60,,,,,
2026-05-05,2026-05-05,FO,NSE,IDO,77451,,FINNIFTY,,2026-06-30,2026-06-30,23100.00,CE,FINNIFTY26JUN23100CE,0.00,0.00,0.00,1410.95,0.00,1410.95,25716.90,2914.90,0,0,0,0.00,0,F1,60,,,,,
2026-05-05,2026-05-05,FO,NSE,IDO,77470,,FINNIFTY,,2026-06-30,2026-06-30,23700.00,CE,FINNIFTY26JUN23700CE,0.00,0.00,0.00,1074.60,0.00,1074.60,25716.90,2390.00,0,0,0,0.00,0,F1,60,,,,,
2026-05-05,2026-05-05,FO,NSE,IDO,77474,,FINNIFTY,,2026-06-30,2026-06-30,23900.00,CE,FINNIFTY26JUN23900CE,0.00,0.00,0.00,975.40,0.00,975.40,25716.90,2223.60,0,0,0,0.00,0,F1,60,,,,,
2026-05-05,2026-05-05,FO,NSE,IDO,77513,,FINNIFTY,,2026-06-30,2026-06-30,25700.00,CE,FINNIFTY26JUN25700CE,0.00,0.00,0.00,357.10,0.00,357.10,25716.90,995.25,0,0,0,0.00,0,F1,60,,,,,
2026-05-05,2026-05-05,FO,NSE,IDO,77537,,FINNIFTY,,2026-06-30,2026-06-30,26900.00,CE,FINNIFTY26JUN26900CE,0.00,0.00,0.00,158.95,0.00,158.95,25716.90,490.80,0,0,0,0.00,0,F1,60,,,,,
2026-05-05,2026-05-05,FO,NSE,IDO,77608,,FINNIFTY,,2026-06-30,2026-06-30,28100.00,CE,FINNIFTY26JUN28100CE,0.00,0.00,0.00,63.85,0.00,63.85,25716.90,209.75,0,0,0,0.00,0,F1,60,,,,,
2026-05-05,2026-05-05,FO,NSE,IDO,77636,,FINNIFTY,,2026-06-30,2026-06-30,28700.00,CE,FINNIFTY26JUN28700CE,0.00,0.00,0.00,39.00,0.00,39.00,25716.90,129.85,0,0,0,0.00,0,F1,60,,,,,
2026-05-05,2026-05-05,FO,NSE,IDO,62857,,FINNIFTY,,2026-07-28,2026-07-28,24500.00,CE,FINNIFTY26JUL24500CE,0.00,0.00,0.00,2202.05,0.00,2202.05,25716.90,1993.75,0,0,0,0.00,0,F1,60,,,,,
2026-05-05,2026-05-05,FO,NSE,IDO,62908,,FINNIFTY,,2026-07-28,2026-07-28,25800.00,CE,FINNIFTY26JUL25800CE,0.00,0.00,0.00,1378.60,0.00,1378.60,25716.90,1199.05,0,0,0,0.00,0,F1,60,,,,,
2026-05-05,2026-05-05,FO,NSE,IDO,62918,,FINNIFTY,,2026-07-28,2026-07-28,26300.00,CE,FINNIFTY26JUL26300CE,0.00,0.00,0.00,1124.25,0.00,1124.25,25716.90,959.55,0,0,0,0.00,0,F1,60,,,,,
2026-05-05,2026-05-05,FO,NSE,IDO,62922,,FINNIFTY,,2026-07-28,2026-07-28,26500.00,CE,FINNIFTY26JUL26500CE,0.00,0.00,0.00,1032.25,0.00,1032.25,25716.90,873.95,0,0,0,0.00,0,F1,60,,,,,
2026-05-05,2026-05-05,FO,NSE,IDO,62930,,FINNIFTY,,2026-07-28,2026-07-28,26900.00,CE,FINNIFTY26JUL26900CE,0.00,0.00,0.00,864.55,0.00,864.55,25716.90,719.55,0,0,0,0.00,0,F1,60,,,,,
2026-05-05,2026-05-05,FO,NSE,IDO,62937,,FINNIFTY,,2026-07-28,2026-07-28,27200.00,CE,FINNIFTY26JUL27200CE,0.00,0.00,0.00,752.55,0.00,752.55,25716.90,617.85,0,0,0,0.00,0,F1,60,,,,,
2026-05-05,2026-05-05,FO,NSE,IDO,62956,,FINNIFTY,,2026-07-28,2026-07-28,27600.00,CE,FINNIFTY26JUL27600CE,0.00,0.00,0.00,620.70,0.00,620.70,25716.90,499.85,0,0,0,0.00,0,F1,60,,,,,
2026-05-05,2026-05-05,FO,NSE,IDO,43656,,FINNIFTY,,2026-05-26,2026-05-26,21300.00,PE,FINNIFTY26MAY21300PE,0.00,0.00,0.00,0.45,0.00,0.45,25716.90,0.05,0,0,0,0.00,0,F1,60,,,,,
2026-05-05,2026-05-05,FO,NSE,IDO,40441,,FINNIFTY,,2026-05-26,2026-05-26,21700.00,PE,FINNIFTY26MAY21700PE,0.00,0.00,0.00,0.40,0.00,0.40,25716.90,0.15,0,0,0,0.00,0,F1,60,,,,,
2026-05-05,2026-05-05,FO,NSE,IDO,62400,,FINNIFTY,,2026-05-26,2026-05-26,23150.00,PE,FINNIFTY26MAY23150PE,0.00,0.00,0.00,13.50,0.00,13.50,25716.90,7.95,0,0,0,0.00,0,F1,60,,,,,
2026-05-05,2026-05-05,FO,NSE,IDO,62414,,FINNIFTY,,2026-05-26,2026-05-26,23650.00,PE,FINNIFTY26MAY23650PE,0.00,0.00,0.00,33.35,0.00,33.35,25716.90,23.55,0,0,0,0.00,0,F1,60,,,,,
2026-05-05,2026-05-05,FO,NSE,IDO,69538,,FINNIFTY,,2026-05-26,2026-05-26,23800.00,PE,FINNIFTY26MAY23800PE,55.60,55.60,55.00,55.20,55.00,8.25,25716.90,55.20,360,360,6,8587872.00,3,F1,60,,,,,
2026-05-05,2026-05-05,FO,NSE,IDO,62420,,FINNIFTY,,2026-05-26,2026-05-26,23850.00,PE,FINNIFTY26MAY23850PE,0.00,0.00,0.00,46.35,0.00,46.35,25716.90,34.85,0,0,0,0.00,0,F1,60,,,,,
2026-05-05,2026-05-05,FO,NSE,IDO,69556,,FINNIFTY,,2026-05-26,2026-05-26,24700.00,PE,FINNIFTY26MAY24700PE,0.00,0.00,0.00,28.50,0.00,28.50,25716.90,142.50,0,0,0,0.00,0,F1,60,,,,,
2026-05-05,2026-05-05,FO,NSE,IDO,69560,,FINNIFTY,,2026-05-26,2026-05-26,24900.00,PE,FINNIFTY26MAY24900PE,199.00,201.60,199.00,201.60,201.60,198.10,25716.90,201.60,900,60,3,4518132.00,2,F1,60,,,,,
2026-05-05,2026-05-05,FO,NSE,IDO,69562,,FINNIFTY,,2026-05-26,2026-05-26,25000.00,PE,FINNIFTY26MAY25000PE,265.00,285.30,206.00,228.15,220.15,221.55,25716.90,228.15,2580,-180,99,149904648.00,73,F1,60,,,,,
2026-05-05,2026-05-05,FO,NSE,IDO,69654,,FINNIFTY,,2026-05-26,2026-05-26,26000.00,PE,FINNIFTY26MAY26000PE,761.65,761.65,542.95,608.25,591.20,581.80,25716.90,608.25,25560,5940,705,1126523097.00,700,F1,60,,,,,
2026-05-05,2026-05-05,FO,NSE,IDO,69664,,FINNIFTY,,2026-05-26,2026-05-26,26500.00,PE,FINNIFTY26MAY26500PE,0.00,0.00,0.00,897.95,897.95,897.95,25716.90,951.45,2880,0,0,0.00,0,F1,60,,,,,
2026-05-05,2026-05-05,FO,NSE,IDO,62512,,FINNIFTY,,2026-05-26,2026-05-26,26650.00,PE,FINNIFTY26MAY26650PE,0.00,0.00,0.00,968.20,0.00,968.20,25716.90,1059.85,0,0,0,0.00,0,F1,60,,,,,
2026-05-05,2026-05-05,FO,NSE,IDO,62514,,FINNIFTY,,2026-05-26,2026-05-26,26750.00,PE,FINNIFTY26MAY26750PE,0.00,0.00,0.00,1034.90,0.00,1034.90,25716.90,1135.30,0,0,0,0.00,0,F1,60,,,,,
2026-05-05,2026-05-05,FO,NSE,IDO,69678,,FINNIFTY,,2026-05-26,2026-05-26,27200.00,PE,FINNIFTY26MAY27200PE,0.00,0.00,0.00,341.55,0.00,341.55,25716.90,1499.45,0,0,0,0.00,0,F1,60,,,,,
2026-05-05,2026-05-05,FO,NSE,IDO,69694,,FINNIFTY,,2026-05-26,2026-05-26,28000.00,PE,FINNIFTY26MAY28000PE,0.00,0.00,0.00,595.25,0.00,595.25,25716.90,2221.60,0,0,0,0.00,0,F1,60,,,,,
2026-05-05,2026-05-05,FO,NSE,IDO,69704,,FINNIFTY,,2026-05-26,2026-05-26,28500.00,PE,FINNIFTY26MAY28500PE,0.00,0.00,0.00,806.50,0.00,806.50,25716.90,2701.05,0,0,0,0.00,0,F1,60,,,,,
2026-05-05,2026-05-05,FO,NSE,IDO,69757,,FINNIFTY,,2026-05-26,2026-05-26,28900.00,PE,FINNIFTY26MAY28900PE,0.00,0.00,0.00,1005.05,0.00,1005.05,25716.90,3092.30,0,0,0,0.00,0,F1,60,,,,,
2026-05-05,2026-05-05,FO,NSE,IDO,69775,,FINNIFTY,,2026-05-26,2026-05-26,29600.00,PE,FINNIFTY26MAY29600PE,0.00,0.00,0.00,1414.60,0.00,1414.60,25716.90,3784.80,0,0,0,0.00,0,F1,60,,,,,
2026-05-05,2026-05-05,FO,NSE,IDO,77269,,FINNIFTY,,2026-06-30,2026-06-30,20500.00,PE,FINNIFTY26JUN20500PE,0.00,0.00,0.00,60.05,0.00,60.05,25716.90,1.40,0,0,0,0.00,0,F1,60,,,,,
2026-05-05,2026-05-05,FO,NSE,IDO,77316,,FINNIFTY,,2026-06-30,2026-06-30,22100.00,PE,FINNIFTY26JUN22100PE,0.00,0.00,0.00,279.15,0.00,279.15,25716.90,21.05,0,0,0,0.00,0,F1,60,,,,,
2026-05-05,2026-05-05,FO,NSE,IDO,77589,,FINNIFTY,,2026-06-30,2026-06-30,27500.00,PE,FINNIFTY26JUN27500PE,0.00,0.00,0.00,3587.65,0.00,3587.65,25716.90,1846.75,0,0,0,0.00,0,F1,60,,,,,
2026-05-05,2026-05-05,FO,NSE,IDO,77626,,FINNIFTY,,2026-06-30,2026-06-30,28200.00,PE,FINNIFTY26JUN28200PE,0.00,0.00,0.00,4231.95,0.00,4231.95,25716.90,2406.40,0,0,0,0.00,0,F1,60,,,,,
2026-05-05,2026-05-05,FO,NSE,IDO,62828,,FINNIFTY,,2026-07-28,2026-07-28,23800.00,PE,FINNIFTY26JUL23800PE,0.00,0.00,0.00,253.45,0.00,253.45,25716.90,256.95,0,0,0,0.00,0,F1,60,,,,,
2026-05-05,2026-05-05,FO,NSE,IDO,62893,,FINNIFTY,,2026-07-28,2026-07-28,25000.00,PE,FINNIFTY26JUL25000PE,0.00,0.00,0.00,561.30,0.00,561.30,25716.90,582.50,0,0,0,0.00,0,F1,60,,,,,
2026-05-05,2026-05-05,FO,NSE,IDO,77585,,FINNIFTY,,2026-06-30,2026-06-30,27400.00,PE,FINNIFTY26JUN27400PE,0.00,0.00,0.00,3497.45,0.00,3497.45,25716.90,1771.40,0,0,0,0.00,0,F1,60,,,,,
2026-05-05,2026-05-05,FO,NSE,IDO,62926,,FINNIFTY,,2026-07-28,2026-07-28,26700.00,CE,FINNIFTY26JUL26700CE,0.00,0.00,0.00,945.70,0.00,945.70,25716.90,794.00,0,0,0,0.00,0,F1,60,,,,,
2026-05-05,2026-05-05,FO,NSE,IDO,40442,,FINNIFTY,,2026-05-26,2026-05-26,21800.00,CE,FINNIFTY26MAY21800CE,0.00,0.00,0.00,6101.10,0.00,6101.10,25716.90,3990.70,0,0,0,0.00,0,F1,60,,,,,
2026-05-05,2026-05-05,FO,NSE,IDO,69515,,FINNIFTY,,2026-05-26,2026-05-26,22700.00,CE,FINNIFTY26MAY22700CE,0.00,0.00,0.00,5970.25,0.00,5970.25,25716.90,3096.15,0,0,0,0.00,0,F1,60,,,,,
2026-05-05,2026-05-05,FO,NSE,IDO,69551,,FINNIFTY,,2026-05-26,2026-05-26,24500.00,CE,FINNIFTY26MAY24500CE,0.00,0.00,0.00,4220.60,0.00,4220.60,25716.90,1405.60,0,0,0,0.00,0,F1,60,,,,,
2026-05-05,2026-05-05,FO,NSE,IDO,62489,,FINNIFTY,,2026-05-26,2026-05-26,26150.00,CE,FINNIFTY26MAY26150CE,0.00,0.00,0.00,498.65,498.65,498.65,25716.90,376.35,60,0,0,0.00,0,F1,60,,,,,
2026-05-05,2026-05-05,FO,NSE,IDO,69679,,FINNIFTY,,2026-05-26,2026-05-26,27300.00,CE,FINNIFTY26MAY27300CE,93.00,93.00,71.00,75.50,75.50,93.00,25716.90,75.50,1440,-240,8,13139952.00,4,F1,60,,,,,
2026-05-05,2026-05-05,FO,NSE,IDO,69685,,FINNIFTY,,2026-05-26,2026-05-26,27600.00,CE,FINNIFTY26MAY27600CE,66.30,66.30,44.90,53.60,53.60,63.15,25716.90,61.40,1680,60,39,64698354.00,24,F1,60,,,,,
2026-05-05,2026-05-05,FO,NSE,IDO,69695,,FINNIFTY,,2026-05-26,2026-05-26,28100.00,CE,FINNIFTY26MAY28100CE,22.60,22.60,22.00,22.00,22.00,1292.05,25716.90,28.10,300,300,5,8436696.00,3,F1,60,,,,,
2026-05-05,2026-05-05,FO,NSE,IDO,69707,,FINNIFTY,,2026-05-26,2026-05-26,28700.00,CE,FINNIFTY26MAY28700CE,0.00,0.00,0.00,970.15,0.00,970.15,25716.90,9.90,0,0,0,0.00,0,F1,60,,,,,
2026-05-05,2026-05-05,FO,NSE,IDO,69756,,FINNIFTY,,2026-05-26,2026-05-26,28900.00,CE,FINNIFTY26MAY28900CE,0.00,0.00,0.00,12.30,12.30,12.30,25716.90,6.80,0,0,0,0.00,0,F1,60,,,,,
2026-05-05,2026-05-05,FO,NSE,IDO,69776,,FINNIFTY,,2026-05-26,2026-05-26,29700.00,CE,FINNIFTY26MAY29700CE,6.00,6.00,1.80,2.85,2.90,8.00,25716.90,2.85,300,-1080,31,55247418.00,12,F1,60,,,,,
2026-05-05,2026-05-05,FO,NSE,IDO,77462,,FINNIFTY,,2026-06-30,2026-06-30,23400.00,CE,FINNIFTY26JUN23400CE,0.00,0.00,0.00,1235.50,0.00,1235.50,25716.90,2648.05,0,0,0,0.00,0,F1,60,,,,,
2026-05-05,2026-05-05,FO,NSE,IDO,77484,,FINNIFTY,,2026-06-30,2026-06-30,24400.00,CE,FINNIFTY26JUN24400CE,0.00,0.00,0.00,755.65,0.00,755.65,25716.90,1830.50,0,0,0,0.00,0,F1,60,,,,,
2026-05-05,2026-05-05,FO,NSE,IDO,77486,,FINNIFTY,,2026-06-30,2026-06-30,24500.00,CE,FINNIFTY26JUN24500CE,0.00,0.00,0.00,716.40,0.00,716.40,25716.90,1757.15,0,0,0,0.00,0,F1,60,,,,,
2026-05-05,2026-05-05,FO,NSE,IDO,77490,,FINNIFTY,,2026-06-30,2026-06-30,24700.00,CE,FINNIFTY26JUN24700CE,0.00,0.00,0.00,642.40,0.00,642.40,25716.90,1611.95,0,0,0,0.00,0,F1,60,,,,,
2026-05-05,2026-05-05,FO,NSE,IDO,77496,,FINNIFTY,,2026-06-30,2026-06-30,25000.00,CE,FINNIFTY26JUN25000CE,0.00,0.00,0.00,542.40,0.00,542.40,25716.90,1408.55,0,0,0,0.00,0,F1,60,,,,,
2026-05-05,2026-05-05,FO,NSE,IDO,77521,,FINNIFTY,,2026-06-30,2026-06-30,26100.00,CE,FINNIFTY26JUN26100CE,0.00,0.00,0.00,275.45,0.00,275.45,25716.90,798.90,0,0,0,0.00,0,F1,60,,,,,
2026-05-05,2026-05-05,FO,NSE,IDO,77601,,FINNIFTY,,2026-06-30,2026-06-30,27800.00,CE,FINNIFTY26JUN27800CE,0.00,0.00,0.00,80.95,0.00,80.95,25716.90,263.00,0,0,0,0.00,0,F1,60,,,,,
2026-05-05,2026-05-05,FO,NSE,IDO,77629,,FINNIFTY,,2026-06-30,2026-06-30,28400.00,CE,FINNIFTY26JUN28400CE,0.00,0.00,0.00,50.05,0.00,50.05,25716.90,165.75,0,0,0,0.00,0,F1,60,,,,,
2026-05-05,2026-05-05,FO,NSE,IDO,77631,,FINNIFTY,,2026-06-30,2026-06-30,28500.00,CE,FINNIFTY26JUN28500CE,0.00,0.00,0.00,46.10,0.00,46.10,25716.90,152.95,0,0,0,0.00,0,F1,60,,,,,
2026-05-05,2026-05-05,FO,NSE,IDO,77640,,FINNIFTY,,2026-06-30,2026-06-30,28900.00,CE,FINNIFTY26JUN28900CE,0.00,0.00,0.00,32.90,0.00,32.90,25716.90,109.75,0,0,0,0.00,0,F1,60,,,,,
2026-05-05,2026-05-05,FO,NSE,IDO,62774,,FINNIFTY,,2026-07-28,2026-07-28,22500.00,CE,FINNIFTY26JUL22500CE,0.00,0.00,0.00,3845.75,0.00,3845.75,25716.90,3623.00,0,0,0,0.00,0,F1,60,,,,,
2026-05-05,2026-05-05,FO,NSE,IDO,62799,,FINNIFTY,,2026-07-28,2026-07-28,23200.00,CE,FINNIFTY26JUL23200CE,0.00,0.00,0.00,3228.95,0.00,3228.95,25716.90,3008.10,0,0,0,0.00,0,F1,60,,,,,
2026-05-05,2026-05-05,FO,NSE,IDO,62820,,FINNIFTY,,2026-07-28,2026-07-28,23700.00,CE,FINNIFTY26JUL23700CE,0.00,0.00,0.00,2812.95,0.00,2812.95,25716.90,2595.35,0,0,0,0.00,0,F1,60,,,,,
2026-05-05,2026-05-05,FO,NSE,IDO,62898,,FINNIFTY,,2026-07-28,2026-07-28,25300.00,CE,FINNIFTY26JUL25300CE,0.00,0.00,0.00,1667.75,0.00,1667.75,25716.90,1475.35,0,0,0,0.00,0,F1,60,,,,,
2026-05-05,2026-05-05,FO,NSE,IDO,62906,,FINNIFTY,,2026-07-28,2026-07-28,25700.00,CE,FINNIFTY26JUL25700CE,0.00,0.00,0.00,1433.65,0.00,1433.65,25716.90,1251.35,0,0,0,0.00,0,F1,60,,,,,
2026-05-05,2026-05-05,FO,NSE,IDO,62910,,FINNIFTY,,2026-07-28,2026-07-28,25900.00,CE,FINNIFTY26JUL25900CE,0.00,0.00,0.00,1324.95,0.00,1324.95,25716.90,1148.25,0,0,0,0.00,0,F1,60,,,,,
2026-05-05,2026-05-05,FO,NSE,IDO,62912,,FINNIFTY,,2026-07-28,2026-07-28,26000.00,CE,FINNIFTY26JUL26000CE,0.00,0.00,0.00,1272.70,0.00,1272.70,25716.90,1098.80,0,0,0,0.00,0,F1,60,,,,,
2026-05-05,2026-05-05,FO,NSE,IDO,69504,,FINNIFTY,,2026-05-26,2026-05-26,21500.00,PE,FINNIFTY26MAY21500PE,9.05,10.85,6.75,7.30,6.75,8.35,25716.90,7.30,8880,2760,83,107114805.00,46,F1,60,,,,,
2026-05-05,2026-05-05,FO,NSE,IDO,38356,,FINNIFTY,,2026-05-26,2026-05-26,22200.00,PE,FINNIFTY26MAY22200PE,0.00,0.00,0.00,0.75,0.00,0.75,25716.90,0.65,0,0,0,0.00,0,F1,60,,,,,
2026-05-05,2026-05-05,FO,NSE,IDO,69528,,FINNIFTY,,2026-05-26,2026-05-26,23300.00,PE,FINNIFTY26MAY23300PE,0.00,0.00,0.00,3.80,0.00,3.80,25716.90,11.20,0,0,0,0.00,0,F1,60,,,,,
2026-05-05,2026-05-05,FO,NSE,IDO,62410,,FINNIFTY,,2026-05-26,2026-05-26,23450.00,PE,FINNIFTY26MAY23450PE,0.00,0.00,0.00,23.55,0.00,23.55,25716.90,15.55,0,0,0,0.00,0,F1,60,,,,,
2026-05-05,2026-05-05,FO,NSE,IDO,69532,,FINNIFTY,,2026-05-26,2026-05-26,23500.00,PE,FINNIFTY26MAY23500PE,0.00,0.00,0.00,5.20,0.00,5.20,25716.90,17.30,0,0,0,0.00,0,F1,60,,,,,
2026-05-05,2026-05-05,FO,NSE,IDO,69568,,FINNIFTY,,2026-05-26,2026-05-26,25300.00,PE,FINNIFTY26MAY25300PE,0.00,0.00,0.00,248.45,248.45,248.45,25716.90,309.25,240,0,0,0.00,0,F1,60,,,,,
2026-05-05,2026-05-05,FO,NSE,IDO,69660,,FINNIFTY,,2026-05-26,2026-05-26,26300.00,PE,FINNIFTY26MAY26300PE,0.00,0.00,0.00,618.70,618.70,618.70,25716.90,815.80,180,0,0,0.00,0,F1,60,,,,,
2026-05-05,2026-05-05,FO,NSE,IDO,69672,,FINNIFTY,,2026-05-26,2026-05-26,26900.00,PE,FINNIFTY26MAY26900PE,0.00,0.00,0.00,269.25,0.00,269.25,25716.90,1252.30,0,0,0,0.00,0,F1,60,,,,,
2026-05-05,2026-05-05,FO,NSE,IDO,69708,,FINNIFTY,,2026-05-26,2026-05-26,28700.00,PE,FINNIFTY26MAY28700PE,0.00,0.00,0.00,902.40,0.00,902.40,25716.90,2896.05,0,0,0,0.00,0,F1,60,,,,,
2026-05-05,2026-05-05,FO,NSE,IDO,77318,,FINNIFTY,,2026-06-30,2026-06-30,22200.00,PE,FINNIFTY26JUN22200PE,0.00,0.00,0.00,302.30,0.00,302.30,25716.90,24.20,0,0,0,0.00,0,F1,60,,,,,
2026-05-05,2026-05-05,FO,NSE,IDO,77457,,FINNIFTY,,2026-06-30,2026-06-30,23100.00,PE,FINNIFTY26JUN23100PE,0.00,0.00,0.00,575.35,0.00,575.35,25716.90,76.15,0,0,0,0.00,0,F1,60,,,,,
2026-05-05,2026-05-05,FO,NSE,IDO,62897,,FINNIFTY,,2026-07-28,2026-07-28,25200.00,PE,FINNIFTY26JUL25200PE,0.00,0.00,0.00,630.45,0.00,630.45,25716.90,655.95,0,0,0,0.00,0,F1,60,,,,,
2026-05-05,2026-05-05,FO,NSE,IDO,62390,,FINNIFTY,,2026-05-26,2026-05-26,23050.00,CE,FINNIFTY26MAY23050CE,0.00,0.00,0.00,3000.90,0.00,3000.90,25716.90,2751.00,0,0,0,0.00,0,F1,60,,,,,
2026-05-05,2026-05-05,FO,NSE,IDO,69545,,FINNIFTY,,2026-05-26,2026-05-26,24200.00,CE,FINNIFTY26MAY24200CE,0.00,0.00,0.00,4508.30,0.00,4508.30,25716.90,1663.95,0,0,0,0.00,0,F1,60,,,,,
2026-05-05,2026-05-05,FO,NSE,IDO,69655,,FINNIFTY,,2026-05-26,2026-05-26,26100.00,CE,FINNIFTY26MAY26100CE,356.55,404.20,335.00,368.95,365.95,439.40,25716.90,368.95,3540,-900,63,100066377.00,61,F1,60,,,,,
2026-05-05,2026-05-05,FO,NSE,IDO,69657,,FINNIFTY,,2026-05-26,2026-05-26,26200.00,CE,FINNIFTY26MAY26200CE,300.05,367.00,300.05,335.40,335.40,384.00,25716.90,335.40,1320,60,6,9552741.00,6,F1,60,,,,,
2026-05-05,2026-05-05,FO,NSE,IDO,69671,,FINNIFTY,,2026-05-26,2026-05-26,26900.00,CE,FINNIFTY26MAY26900CE,135.95,140.50,135.95,140.50,140.50,160.00,25716.90,160.05,780,60,8,12977802.00,7,F1,60,,,,,
2026-05-05,2026-05-05,FO,NSE,IDO,69778,,FINNIFTY,,2026-05-26,2026-05-26,29800.00,CE,FINNIFTY26MAY29800CE,0.00,0.00,0.00,531.15,0.00,531.15,25716.90,1.10,0,0,0,0.00,0,F1,60,,,,,
2026-05-05,2026-05-05,FO,NSE,IDO,77305,,FINNIFTY,,2026-06-30,2026-06-30,21600.00,CE,FINNIFTY26JUN21600CE,0.00,0.00,0.00,2491.20,0.00,2491.20,25716.90,4334.25,0,0,0,0.00,0,F1,60,,,,,
2026-05-05,2026-05-05,FO,NSE,IDO,77319,,FINNIFTY,,2026-06-30,2026-06-30,22300.00,CE,FINNIFTY26JUN22300CE,0.00,0.00,0.00,1948.90,0.00,1948.90,25716.90,3658.90,0,0,0,0.00,0,F1,60,,,,,
2026-05-05,2026-05-05,FO,NSE,IDO,62460,,FINNIFTY,,2026-05-26,2026-05-26,24850.00,PE,FINNIFTY26MAY24850PE,0.00,0.00,0.00,186.20,0.00,186.20,25716.90,175.70,0,0,0,0.00,0,F1,60,,,,,
2026-05-05,2026-05-05,FO,NSE,IDO,77505,,FINNIFTY,,2026-06-30,2026-06-30,25400.00,PE,FINNIFTY26JUN25400PE,0.00,0.00,0.00,1851.40,0.00,1851.40,25716.90,600.75,0,0,0,0.00,0,F1,60,,,,,
2026-05-05,2026-05-05,FO,NSE,IDF,66069,,FINNIFTY,,2026-05-26,2026-05-26,,,FINNIFTY26MAYFUT,25830.40,25928.20,25660.00,25824.30,25820.00,25943.20,25716.90,25824.30,28500,1980,101,156249750.00,86,F1,60,,,,,
2026-05-05,2026-05-05,FO,NSE,IDF,61091,,FINNIFTY,,2026-07-28,2026-07-28,,,FINNIFTY26JULFUT,0.00,0.00,0.00,26315.30,0.00,26315.30,25716.90,26091.90,0,0,0,0.00,0,F1,60,,,,,
2026-05-05,2026-05-05,FO,NSE,IDO,69501,,FINNIFTY,,2026-05-26,2026-05-26,21000.00,CE,FINNIFTY26MAY21000CE,0.00,0.00,0.00,7640.95,0.00,7640.95,25716.90,4787.85,0,0,0,0.00,0,F1,60,,,,,
2026-05-05,2026-05-05,FO,NSE,IDO,77466,,FINNIFTY,,2026-06-30,2026-06-30,23600.00,CE,FINNIFTY26JUN23600CE,0.00,0.00,0.00,1126.60,0.00,1126.60,25716.90,2474.95,0,0,0,0.00,0,F1,60,,,,,
2026-05-05,2026-05-05,FO,NSE,IDO,77460,,FINNIFTY,,2026-06-30,2026-06-30,23300.00,CE,FINNIFTY26JUN23300CE,0.00,0.00,0.00,1292.35,0.00,1292.35,25716.90,2736.10,0,0,0,0.00,0,F1,60,,,,,
2026-05-05,2026-05-05,FO,NSE,IDO,77325,,FINNIFTY,,2026-06-30,2026-06-30,22600.00,CE,FINNIFTY26JUN22600CE,0.00,0.00,0.00,1735.10,0.00,1735.10,25716.90,3375.40,0,0,0,0.00,0,F1,60,,,,,
2026-05-05,2026-05-05,FO,NSE,IDO,38355,,FINNIFTY,,2026-05-26,2026-05-26,22200.00,CE,FINNIFTY26MAY22200CE,0.00,0.00,0.00,6020.25,0.00,6020.25,25716.90,3592.50,0,0,0,0.00,0,F1,60,,,,,
2026-05-05,2026-05-05,FO,NSE,IDO,69509,,FINNIFTY,,2026-05-26,2026-05-26,22400.00,CE,FINNIFTY26MAY22400CE,0.00,0.00,0.00,6264.75,0.00,6264.75,25716.90,3393.70,0,0,0,0.00,0,F1,60,,,,,
2026-05-05,2026-05-05,FO,NSE,IDO,77488,,FINNIFTY,,2026-06-30,2026-06-30,24600.00,CE,FINNIFTY26JUN24600CE,0.00,0.00,0.00,678.65,0.00,678.65,25716.90,1684.25,0,0,0,0.00,0,F1,60,,,,,
2026-05-05,2026-05-05,FO,NSE,IDO,77494,,FINNIFTY,,2026-06-30,2026-06-30,24900.00,CE,FINNIFTY26JUN24900CE,0.00,0.00,0.00,574.30,0.00,574.30,25716.90,1474.65,0,0,0,0.00,0,F1,60,,,,,
2026-05-05,2026-05-05,FO,NSE,IDO,77504,,FINNIFTY,,2026-06-30,2026-06-30,25400.00,CE,FINNIFTY26JUN25400CE,0.00,0.00,0.00,428.20,0.00,428.20,25716.90,1161.55,0,0,0,0.00,0,F1,60,,,,,
2026-05-05,2026-05-05,FO,NSE,IDO,77506,,FINNIFTY,,2026-06-30,2026-06-30,25500.00,CE,FINNIFTY26JUN25500CE,0.00,0.00,0.00,403.90,0.00,403.90,25716.90,1104.30,0,0,0,0.00,0,F1,60,,,,,
2026-05-05,2026-05-05,FO,NSE,IDO,62891,,FINNIFTY,,2026-07-28,2026-07-28,24900.00,PE,FINNIFTY26JUL24900PE,0.00,0.00,0.00,528.75,0.00,528.75,25716.90,547.95,0,0,0,0.00,0,F1,60,,,,,
2026-05-05,2026-05-05,FO,NSE,IDO,62877,,FINNIFTY,,2026-07-28,2026-07-28,24600.00,PE,FINNIFTY26JUL24600PE,0.00,0.00,0.00,440.05,0.00,440.05,25716.90,452.70,0,0,0,0.00,0,F1,60,,,,,
2026-05-05,2026-05-05,FO,NSE,IDO,77691,,FINNIFTY,,2026-06-30,2026-06-30,30000.00,PE,FINNIFTY26JUN30000PE,0.00,0.00,0.00,5953.20,0.00,5953.20,25716.90,4035.60,0,0,0,0.00,0,F1,60,,,,,
2026-05-05,2026-05-05,FO,NSE,IDO,77624,,FINNIFTY,,2026-06-30,2026-06-30,28100.00,PE,FINNIFTY26JUN28100PE,0.00,0.00,0.00,4138.70,0.00,4138.70,25716.90,2323.00,0,0,0,0.00,0,F1,60,,,,,
2026-05-05,2026-05-05,FO,NSE,IDO,77541,,FINNIFTY,,2026-06-30,2026-06-30,27000.00,CE,FINNIFTY26JUN27000CE,0.00,0.00,0.00,147.90,0.00,147.90,25716.90,459.70,0,0,0,0.00,0,F1,60,,,,,
2026-05-05,2026-05-05,FO,NSE,IDO,77477,,FINNIFTY,,2026-06-30,2026-06-30,24000.00,PE,FINNIFTY26JUN24000PE,0.00,0.00,0.00,976.55,0.00,976.55,25716.90,194.90,0,0,0,0.00,0,F1,60,,,,,
2026-05-05,2026-05-05,FO,NSE,IDO,77469,,FINNIFTY,,2026-06-30,2026-06-30,23600.00,PE,FINNIFTY26JUN23600PE,0.00,0.00,0.00,782.05,0.00,782.05,25716.90,131.40,0,0,0,0.00,0,F1,60,,,,,
2026-05-05,2026-05-05,FO,NSE,IDO,77450,,FINNIFTY,,2026-06-30,2026-06-30,23000.00,PE,FINNIFTY26JUN23000PE,0.00,0.00,0.00,538.85,0.00,538.85,25716.90,67.80,0,0,0,0.00,0,F1,60,,,,,
2026-05-05,2026-05-05,FO,NSE,IDO,77302,,FINNIFTY,,2026-06-30,2026-06-30,21400.00,PE,FINNIFTY26JUN21400PE,0.00,0.00,0.00,151.95,0.00,151.95,25716.90,7.15,0,0,0,0.00,0,F1,60,,,,,
2026-05-05,2026-05-05,FO,NSE,IDO,77300,,FINNIFTY,,2026-06-30,2026-06-30,21300.00,PE,FINNIFTY26JUN21300PE,0.00,0.00,0.00,138.25,0.00,138.25,25716.90,6.05,0,0,0,0.00,0,F1,60,,,,,
2026-05-05,2026-05-05,FO,NSE,IDO,69787,,FINNIFTY,,2026-05-26,2026-05-26,30200.00,PE,FINNIFTY26MAY30200PE,0.00,0.00,0.00,1823.60,0.00,1823.60,25716.90,4381.55,0,0,0,0.00,0,F1,60,,,,,
2026-05-05,2026-05-05,FO,NSE,IDO,69785,,FINNIFTY,,2026-05-26,2026-05-26,30100.00,PE,FINNIFTY26MAY30100PE,0.00,0.00,0.00,1752.05,0.00,1752.05,25716.90,4282.00,0,0,0,0.00,0,F1,60,,,,,
2026-05-05,2026-05-05,FO,NSE,IDO,69702,,FINNIFTY,,2026-05-26,2026-05-26,28400.00,PE,FINNIFTY26MAY28400PE,0.00,0.00,0.00,760.95,0.00,760.95,25716.90,2604.10,0,0,0,0.00,0,F1,60,,,,,
2026-05-05,2026-05-05,FO,NSE,IDO,69700,,FINNIFTY,,2026-05-26,2026-05-26,28300.00,PE,FINNIFTY26MAY28300PE,0.00,0.00,0.00,717.05,0.00,717.05,25716.90,2507.60,0,0,0,0.00,0,F1,60,,,,,
2026-05-05,2026-05-05,FO,NSE,IDO,62520,,FINNIFTY,,2026-05-26,2026-05-26,27050.00,PE,FINNIFTY26MAY27050PE,0.00,0.00,0.00,1247.95,0.00,1247.95,25716.90,1373.80,0,0,0,0.00,0,F1,60,,,,,
2026-05-05,2026-05-05,FO,NSE,IDO,69652,,FINNIFTY,,2026-05-26,2026-05-26,25900.00,PE,FINNIFTY26MAY25900PE,594.00,616.05,502.85,548.70,540.10,537.25,25716.90,548.70,780,60,10,15881892.00,9,F1,60,,,,,
2026-05-05,2026-05-05,FO,NSE,IDO,62442,,FINNIFTY,,2026-05-26,2026-05-26,24350.00,PE,FINNIFTY26MAY24350PE,0.00,0.00,0.00,97.70,0.00,97.70,25716.90,83.70,0,0,0,0.00,0,F1,60,,,,,
2026-05-05,2026-05-05,FO,NSE,IDO,77595,,FINNIFTY,,2026-06-30,2026-06-30,27600.00,PE,FINNIFTY26JUN27600PE,0.00,0.00,0.00,3678.35,0.00,3678.35,25716.90,1922.30,0,0,0,0.00,0,F1,60,,,,,
2026-05-05,2026-05-05,FO,NSE,IDO,77605,,FINNIFTY,,2026-06-30,2026-06-30,27900.00,PE,FINNIFTY26JUN27900PE,0.00,0.00,0.00,3953.30,0.00,3953.30,25716.90,2159.30,0,0,0,0.00,0,F1,60,,,,,
2026-05-05,2026-05-05,FO,NSE,IDO,62808,,FINNIFTY,,2026-07-28,2026-07-28,23300.00,PE,FINNIFTY26JUL23300PE,0.00,0.00,0.00,171.90,0.00,171.90,25716.90,171.85,0,0,0,0.00,0,F1,60,,,,,
2026-05-05,2026-05-05,FO,NSE,IDO,62819,,FINNIFTY,,2026-07-28,2026-07-28,23600.00,PE,FINNIFTY26JUL23600PE,0.00,0.00,0.00,217.95,0.00,217.95,25716.90,219.80,0,0,0,0.00,0,F1,60,,,,,
2026-05-05,2026-05-05,FO,NSE,IDO,62844,,FINNIFTY,,2026-07-28,2026-07-28,24200.00,PE,FINNIFTY26JUL24200PE,0.00,0.00,0.00,337.20,0.00,337.20,25716.90,345.05,0,0,0,0.00,0,F1,60,,,,,
2026-05-05,2026-05-05,FO,NSE,IDO,62856,,FINNIFTY,,2026-07-28,2026-07-28,24400.00,PE,FINNIFTY26JUL24400PE,0.00,0.00,0.00,386.80,0.00,386.80,25716.90,397.25,0,0,0,0.00,0,F1,60,,,,,
2026-05-05,2026-05-05,FO,NSE,IDO,62887,,FINNIFTY,,2026-07-28,2026-07-28,24700.00,PE,FINNIFTY26JUL24700PE,0.00,0.00,0.00,467.60,0.00,467.60,25716.90,483.10,0,0,0,0.00,0,F1,60,,,,,
2026-05-05,2026-05-05,FO,NSE,IDO,62905,,FINNIFTY,,2026-07-28,2026-07-28,25600.00,PE,FINNIFTY26JUL25600PE,0.00,0.00,0.00,785.05,0.00,785.05,25716.90,820.35,0,0,0,0.00,0,F1,60,,,,,
2026-05-05,2026-05-05,FO,NSE,IDO,62952,,FINNIFTY,,2026-07-28,2026-07-28,27400.00,PE,FINNIFTY26JUL27400PE,0.00,0.00,0.00,1753.35,0.00,1753.35,25716.90,1845.75,0,0,0,0.00,0,F1,60,,,,,
2026-05-05,2026-05-05,FO,NSE,IDO,69566,,FINNIFTY,,2026-05-26,2026-05-26,25200.00,PE,FINNIFTY26MAY25200PE,269.60,272.45,269.60,272.45,272.45,283.80,25716.90,274.75,2760,-60,6,9169227.00,2,F1,60,,,,,
2026-05-05,2026-05-05,FO,NSE,IDO,62444,,FINNIFTY,,2026-05-26,2026-05-26,24450.00,PE,FINNIFTY26MAY24450PE,115.70,122.60,115.70,122.60,122.60,112.00,25716.90,122.60,180,180,3,4422654.00,2,F1,60,,,,,
2026-05-05,2026-05-05,FO,NSE,IDO,69536,,FINNIFTY,,2026-05-26,2026-05-26,23700.00,PE,FINNIFTY26MAY23700PE,0.00,0.00,0.00,7.10,0.00,7.10,25716.90,26.05,0,0,0,0.00,0,F1,60,,,,,
2026-05-05,2026-05-05,FO,NSE,IDO,69522,,FINNIFTY,,2026-05-26,2026-05-26,23000.00,PE,FINNIFTY26MAY23000PE,31.00,31.65,22.35,24.10,23.55,25.25,25716.90,24.10,7380,2940,70,96705111.00,47,F1,60,,,,,
2026-05-05,2026-05-05,FO,NSE,IDO,62920,,FINNIFTY,,2026-07-28,2026-07-28,26400.00,CE,FINNIFTY26JUL26400CE,0.00,0.00,0.00,1077.55,0.00,1077.55,25716.90,916.05,0,0,0,0.00,0,F1,60,,,,,
2026-05-05,2026-05-05,FO,NSE,IDO,62809,,FINNIFTY,,2026-07-28,2026-07-28,23400.00,CE,FINNIFTY26JUL23400CE,0.00,0.00,0.00,3059.80,0.00,3059.80,25716.90,2840.00,0,0,0,0.00,0,F1,60,,,,,
2026-05-05,2026-05-05,FO,NSE,IDO,77627,,FINNIFTY,,2026-06-30,2026-06-30,28300.00,CE,FINNIFTY26JUN28300CE,0.00,0.00,0.00,54.30,0.00,54.30,25716.90,179.45,0,0,0,0.00,0,F1,60,,,,,
2026-05-05,2026-05-05,FO,NSE,IDO,77482,,FINNIFTY,,2026-06-30,2026-06-30,24300.00,CE,FINNIFTY26JUN24300CE,0.00,0.00,0.00,796.45,0.00,796.45,25716.90,1906.30,0,0,0,0.00,0,F1,60,,,,,
2026-05-05,2026-05-05,FO,NSE,IDO,77331,,FINNIFTY,,2026-06-30,2026-06-30,22800.00,CE,FINNIFTY26JUN22800CE,0.00,0.00,0.00,1600.80,0.00,1600.80,25716.90,3189.15,0,0,0,0.00,0,F1,60,,,,,
2026-05-05,2026-05-05,FO,NSE,IDO,77311,,FINNIFTY,,2026-06-30,2026-06-30,21900.00,CE,FINNIFTY26JUN21900CE,0.00,0.00,0.00,2250.90,0.00,2250.90,25716.90,4042.95,0,0,0,0.00,0,F1,60,,,,,
2026-05-05,2026-05-05,FO,NSE,IDO,69784,,FINNIFTY,,2026-05-26,2026-05-26,30100.00,CE,FINNIFTY26MAY30100CE,3.90,3.90,1.65,2.05,2.05,3.50,25716.90,0.60,360,-1740,44,79469748.00,9,F1,60,,,,,
2026-05-05,2026-05-05,FO,NSE,IDO,69701,,FINNIFTY,,2026-05-26,2026-05-26,28400.00,CE,FINNIFTY26MAY28400CE,0.00,0.00,0.00,1123.70,0.00,1123.70,25716.90,16.90,0,0,0,0.00,0,F1,60,,,,,
2026-05-05,2026-05-05,FO,NSE,IDO,69697,,FINNIFTY,,2026-05-26,2026-05-26,28200.00,CE,FINNIFTY26MAY28200CE,34.15,34.15,21.00,21.55,21.55,27.00,25716.90,21.55,1260,960,20,33867573.00,8,F1,60,,,,,
2026-05-05,2026-05-05,FO,NSE,IDO,77526,,FINNIFTY,,2026-06-30,2026-06-30,26300.00,PE,FINNIFTY26JUN26300PE,0.00,0.00,0.00,2548.25,0.00,2548.25,25716.90,1042.05,0,0,0,0.00,0,F1,60,,,,,
2026-05-05,2026-05-05,FO,NSE,IDO,69691,,FINNIFTY,,2026-05-26,2026-05-26,27900.00,CE,FINNIFTY26MAY27900CE,29.90,31.15,29.80,30.20,29.80,43.90,25716.90,30.20,120,120,4,6703245.00,3,F1,60,,,,,
2026-05-05,2026-05-05,FO,NSE,IDO,69675,,FINNIFTY,,2026-05-26,2026-05-26,27100.00,CE,FINNIFTY26MAY27100CE,0.00,0.00,0.00,130.65,130.65,130.65,25716.90,123.65,840,0,0,0.00,0,F1,60,,,,,
2026-05-05,2026-05-05,FO,NSE,IDO,62517,,FINNIFTY,,2026-05-26,2026-05-26,26950.00,CE,FINNIFTY26MAY26950CE,0.00,0.00,0.00,156.65,157.10,156.65,25716.90,150.20,840,0,0,0.00,0,F1,60,,,,,
2026-05-05,2026-05-05,FO,NSE,IDO,62513,,FINNIFTY,,2026-05-26,2026-05-26,26750.00,CE,FINNIFTY26MAY26750CE,0.00,0.00,0.00,212.35,212.35,212.35,25716.90,192.55,420,0,0,0.00,0,F1,60,,,,,
2026-05-05,2026-05-05,FO,NSE,IDO,69665,,FINNIFTY,,2026-05-26,2026-05-26,26600.00,CE,FINNIFTY26MAY26600CE,220.00,220.00,211.00,214.00,214.00,253.40,25716.90,229.85,180,0,3,4826700.00,3,F1,60,,,,,
2026-05-05,2026-05-05,FO,NSE,IDO,69663,,FINNIFTY,,2026-05-26,2026-05-26,26500.00,CE,FINNIFTY26MAY26500CE,240.00,257.95,201.00,222.60,219.65,268.80,25716.90,222.60,8700,1020,57,91382397.00,51,F1,60,,,,,
2026-05-05,2026-05-05,FO,NSE,IDO,62447,,FINNIFTY,,2026-05-26,2026-05-26,24650.00,CE,FINNIFTY26MAY24650CE,0.00,0.00,0.00,1542.45,0.00,1542.45,25716.90,1282.75,0,0,0,0.00,0,F1,60,,,,,
2026-05-05,2026-05-05,FO,NSE,IDO,69547,,FINNIFTY,,2026-05-26,2026-05-26,24300.00,CE,FINNIFTY26MAY24300CE,0.00,0.00,0.00,4412.10,0.00,4412.10,25716.90,1576.15,0,0,0,0.00,0,F1,60,,,,,
2026-05-05,2026-05-05,FO,NSE,IDO,69539,,FINNIFTY,,2026-05-26,2026-05-26,23900.00,CE,FINNIFTY26MAY23900CE,0.00,0.00,0.00,4798.25,0.00,4798.25,25716.90,1935.90,0,0,0,0.00,0,F1,60,,,,,
2026-05-05,2026-05-05,FO,NSE,IDO,69537,,FINNIFTY,,2026-05-26,2026-05-26,23800.00,CE,FINNIFTY26MAY23800CE,0.00,0.00,0.00,4895.30,0.00,4895.30,25716.90,2028.95,0,0,0,0.00,0,F1,60,,,,,
2026-05-05,2026-05-05,FO,NSE,IDO,62399,,FINNIFTY,,2026-05-26,2026-05-26,23150.00,CE,FINNIFTY26MAY23150CE,0.00,0.00,0.00,2903.75,0.00,2903.75,25716.90,2653.00,0,0,0,0.00,0,F1,60,,,,,
2026-05-05,2026-05-05,FO,NSE,IDO,77491,,FINNIFTY,,2026-06-30,2026-06-30,24700.00,PE,FINNIFTY26JUN24700PE,0.00,0.00,0.00,1378.15,0.00,1378.15,25716.90,357.85,0,0,0,0.00,0,F1,60,,,,,
2026-05-05,2026-05-05,FO,NSE,IDO,77628,,FINNIFTY,,2026-06-30,2026-06-30,28300.00,PE,FINNIFTY26JUN28300PE,0.00,0.00,0.00,4325.60,0.00,4325.60,25716.90,2490.80,0,0,0,0.00,0,F1,60,,,,,
2026-05-05,2026-05-05,FO,NSE,IDO,77630,,FINNIFTY,,2026-06-30,2026-06-30,28400.00,PE,FINNIFTY26JUN28400PE,0.00,0.00,0.00,4419.50,0.00,4419.50,25716.90,2576.10,0,0,0,0.00,0,F1,60,,,,,
2026-05-05,2026-05-05,FO,NSE,IDO,62775,,FINNIFTY,,2026-07-28,2026-07-28,22500.00,PE,FINNIFTY26JUL22500PE,0.00,0.00,0.00,85.25,0.00,85.25,25716.90,82.75,0,0,0,0.00,0,F1,60,,,,,
2026-05-05,2026-05-05,FO,NSE,IDO,62800,,FINNIFTY,,2026-07-28,2026-07-28,23200.00,PE,FINNIFTY26JUL23200PE,0.00,0.00,0.00,158.35,0.00,158.35,25716.90,157.80,0,0,0,0.00,0,F1,60,,,,,
2026-05-05,2026-05-05,FO,NSE,IDO,62899,,FINNIFTY,,2026-07-28,2026-07-28,25300.00,PE,FINNIFTY26JUL25300PE,0.00,0.00,0.00,667.05,0.00,667.05,25716.90,694.85,0,0,0,0.00,0,F1,60,,,,,
2026-05-05,2026-05-05,FO,NSE,IDO,62927,,FINNIFTY,,2026-07-28,2026-07-28,26700.00,PE,FINNIFTY26JUL26700PE,0.00,0.00,0.00,1324.90,0.00,1324.90,25716.90,1393.35,0,0,0,0.00,0,F1,60,,,,,
2026-05-05,2026-05-05,FO,NSE,IDO,62933,,FINNIFTY,,2026-07-28,2026-07-28,27000.00,PE,FINNIFTY26JUL27000PE,0.00,0.00,0.00,1500.80,0.00,1500.80,25716.90,1579.40,0,0,0,0.00,0,F1,60,,,,,
2026-05-05,2026-05-05,FO,NSE,IDO,62966,,FINNIFTY,,2026-07-28,2026-07-28,27700.00,PE,FINNIFTY26JUL27700PE,0.00,0.00,0.00,1955.50,0.00,1955.50,25716.90,2058.35,0,0,0,0.00,0,F1,60,,,,,
2026-05-05,2026-05-05,FO,NSE,IDO,69792,,FINNIFTY,,2026-05-26,2026-05-26,30300.00,CE,FINNIFTY26MAY30300CE,0.00,0.00,0.00,391.75,0.00,391.75,25716.90,0.35,0,0,0,0.00,0,F1,60,,,,,
2026-05-05,2026-05-05,FO,NSE,IDO,40434,,FINNIFTY,,2026-05-26,2026-05-26,21700.00,CE,FINNIFTY26MAY21700CE,0.00,0.00,0.00,6199.50,0.00,6199.50,25716.90,4090.35,0,0,0,0.00,0,F1,60,,,,,
2026-05-05,2026-05-05,FO,NSE,IDO,69507,,FINNIFTY,,2026-05-26,2026-05-26,22300.00,CE,FINNIFTY26MAY22300CE,0.00,0.00,0.00,6362.95,0.00,6362.95,25716.90,3493.05,0,0,0,0.00,0,F1,60,,,,,
2026-05-05,2026-05-05,FO,NSE,IDO,62401,,FINNIFTY,,2026-05-26,2026-05-26,23250.00,CE,FINNIFTY26MAY23250CE,0.00,0.00,0.00,2807.05,0.00,2807.05,25716.90,2555.40,0,0,0,0.00,0,F1,60,,,,,
2026-05-05,2026-05-05,FO,NSE,IDO,62431,,FINNIFTY,,2026-05-26,2026-05-26,24050.00,CE,FINNIFTY26MAY24050CE,0.00,0.00,0.00,2057.50,0.00,2057.50,25716.90,1798.45,0,0,0,0.00,0,F1,60,,,,,
2026-05-05,2026-05-05,FO,NSE,IDO,62441,,FINNIFTY,,2026-05-26,2026-05-26,24350.00,CE,FINNIFTY26MAY24350CE,0.00,0.00,0.00,1793.30,0.00,1793.30,25716.90,1532.85,0,0,0,0.00,0,F1,60,,,,,
2026-05-05,2026-05-05,FO,NSE,IDO,62459,,FINNIFTY,,2026-05-26,2026-05-26,24850.00,CE,FINNIFTY26MAY24850CE,0.00,0.00,0.00,1384.00,0.00,1384.00,25716.90,1126.50,0,0,0,0.00,0,F1,60,,,,,
2026-05-05,2026-05-05,FO,NSE,IDO,69563,,FINNIFTY,,2026-05-26,2026-05-26,25100.00,CE,FINNIFTY26MAY25100CE,0.00,0.00,0.00,3654.70,0.00,3654.70,25716.90,944.75,0,0,0,0.00,0,F1,60,,,,,
2026-05-05,2026-05-05,FO,NSE,IDO,62473,,FINNIFTY,,2026-05-26,2026-05-26,25450.00,CE,FINNIFTY26MAY25450CE,706.00,850.60,706.00,850.60,850.60,959.15,25716.90,719.20,60,60,2,3147396.00,2,F1,60,,,,,
2026-05-05,2026-05-05,FO,NSE,IDO,69643,,FINNIFTY,,2026-05-26,2026-05-26,25500.00,CE,FINNIFTY26MAY25500CE,700.00,742.55,611.50,673.45,680.65,758.15,25716.90,673.45,5340,3120,146,229204311.00,97,F1,60,,,,,
2026-05-05,2026-05-05,FO,NSE,IDO,62483,,FINNIFTY,,2026-05-26,2026-05-26,25850.00,CE,FINNIFTY26MAY25850CE,470.00,520.00,448.80,492.75,492.75,579.35,25716.90,492.75,1560,120,17,26847288.00,16,F1,60,,,,,
2026-05-05,2026-05-05,FO,NSE,IDO,62515,,FINNIFTY,,2026-05-26,2026-05-26,26850.00,CE,FINNIFTY26MAY26850CE,131.00,145.45,131.00,137.80,137.80,177.50,25716.90,137.80,1080,300,6,9716466.00,4,F1,60,,,,,
2026-05-05,2026-05-05,FO,NSE,IDO,69673,,FINNIFTY,,2026-05-26,2026-05-26,27000.00,CE,FINNIFTY26MAY27000CE,121.05,133.60,103.75,113.45,110.20,147.25,25716.90,113.45,25920,9300,808,1314752508.00,608,F1,60,,,,,
2026-05-05,2026-05-05,FO,NSE,IDO,69683,,FINNIFTY,,2026-05-26,2026-05-26,27500.00,CE,FINNIFTY26MAY27500CE,78.00,78.00,49.20,55.25,54.40,76.80,25716.90,55.25,18840,-2100,221,365393103.00,173,F1,60,,,,,
2026-05-05,2026-05-05,FO,NSE,IDO,69687,,FINNIFTY,,2026-05-26,2026-05-26,27700.00,CE,FINNIFTY26MAY27700CE,0.00,0.00,0.00,54.85,54.85,54.85,25716.90,52.85,180,0,0,0.00,0,F1,60,,,,,
2026-05-05,2026-05-05,FO,NSE,IDO,69699,,FINNIFTY,,2026-05-26,2026-05-26,28300.00,CE,FINNIFTY26MAY28300CE,0.00,0.00,0.00,64.75,64.75,64.75,25716.90,20.10,60,0,0,0.00,0,F1,60,,,,,
2026-05-05,2026-05-05,FO,NSE,IDO,69764,,FINNIFTY,,2026-05-26,2026-05-26,29200.00,CE,FINNIFTY26MAY29200CE,0.00,0.00,0.00,747.10,0.00,747.10,25716.90,3.80,0,0,0,0.00,0,F1,60,,,,,
2026-05-05,2026-05-05,FO,NSE,IDO,69772,,FINNIFTY,,2026-05-26,2026-05-26,29500.00,CE,FINNIFTY26MAY29500CE,5.00,5.00,5.00,5.00,5.00,6.35,25716.90,5.00,1800,-120,2,3540600.00,2,F1,60,,,,,
2026-05-05,2026-05-05,FO,NSE,IDO,77293,,FINNIFTY,,2026-06-30,2026-06-30,21000.00,CE,FINNIFTY26JUN21000CE,0.00,0.00,0.00,3000.75,0.00,3000.75,25716.90,4922.20,0,0,0,0.00,0,F1,60,,,,,
2026-05-05,2026-05-05,FO,NSE,IDO,77315,,FINNIFTY,,2026-06-30,2026-06-30,22100.00,CE,FINNIFTY26JUN22100CE,0.00,0.00,0.00,2096.85,0.00,2096.85,25716.90,3850.20,0,0,0,0.00,0,F1,60,,,,,
2026-05-05,2026-05-05,FO,NSE,IDO,77515,,FINNIFTY,,2026-06-30,2026-06-30,25800.00,CE,FINNIFTY26JUN25800CE,0.00,0.00,0.00,334.40,0.00,334.40,25716.90,943.45,0,0,0,0.00,0,F1,60,,,,,
2026-05-05,2026-05-05,FO,NSE,IDO,77525,,FINNIFTY,,2026-06-30,2026-06-30,26300.00,CE,FINNIFTY26JUN26300CE,0.00,0.00,0.00,241.15,0.00,241.15,25716.90,711.55,0,0,0,0.00,0,F1,60,,,,,
2026-05-05,2026-05-05,FO,NSE,IDO,77547,,FINNIFTY,,2026-06-30,2026-06-30,27100.00,CE,FINNIFTY26JUN27100CE,0.00,0.00,0.00,137.50,0.00,137.50,25716.90,430.15,0,0,0,0.00,0,F1,60,,,,,
2026-05-05,2026-05-05,FO,NSE,IDO,62834,,FINNIFTY,,2026-07-28,2026-07-28,24000.00,CE,FINNIFTY26JUL24000CE,0.00,0.00,0.00,2575.20,0.00,2575.20,25716.90,2360.45,0,0,0,0.00,0,F1,60,,,,,
2026-05-05,2026-05-05,FO,NSE,IDO,62836,,FINNIFTY,,2026-07-28,2026-07-28,24100.00,CE,FINNIFTY26JUL24100CE,0.00,0.00,0.00,2498.10,0.00,2498.10,25716.90,2284.50,0,0,0,0.00,0,F1,60,,,,,
2026-05-05,2026-05-05,FO,NSE,IDO,62843,,FINNIFTY,,2026-07-28,2026-07-28,24200.00,CE,FINNIFTY26JUL24200CE,0.00,0.00,0.00,2422.10,0.00,2422.10,25716.90,2209.75,0,0,0,0.00,0,F1,60,,,,,
2026-05-05,2026-05-05,FO,NSE,IDO,69500,,FINNIFTY,,2026-05-26,2026-05-26,20500.00,PE,FINNIFTY26MAY20500PE,0.00,0.00,0.00,4.10,4.10,4.10,25716.90,0.00,2880,0,0,0.00,0,F1,60,,,,,
2026-05-05,2026-05-05,FO,NSE,IDO,69552,,FINNIFTY,,2026-05-26,2026-05-26,24500.00,PE,FINNIFTY26MAY24500PE,155.95,167.15,120.40,132.75,128.70,131.60,25716.90,132.75,4980,960,113,167113941.00,104,F1,60,,,,,
2026-05-05,2026-05-05,FO,NSE,IDO,62484,,FINNIFTY,,2026-05-26,2026-05-26,25850.00,PE,FINNIFTY26MAY25850PE,620.00,620.00,620.00,620.00,620.00,504.55,25716.90,551.20,780,-60,3,4764600.00,3,F1,60,,,,,
2026-05-05,2026-05-05,FO,NSE,IDO,62486,,FINNIFTY,,2026-05-26,2026-05-26,25950.00,PE,FINNIFTY26MAY25950PE,0.00,0.00,0.00,543.30,547.30,543.30,25716.90,604.90,240,0,0,0.00,0,F1,60,,,,,
2026-05-05,2026-05-05,FO,NSE,IDO,69666,,FINNIFTY,,2026-05-26,2026-05-26,26600.00,PE,FINNIFTY26MAY26600PE,0.00,0.00,0.00,750.00,750.00,750.00,25716.90,1023.10,0,0,0,0.00,0,F1,60,,,,,
2026-05-05,2026-05-05,FO,NSE,IDO,69674,,FINNIFTY,,2026-05-26,2026-05-26,27000.00,PE,FINNIFTY26MAY27000PE,0.00,0.00,0.00,990.00,990.00,990.00,25716.90,1332.80,180,0,0,0.00,0,F1,60,,,,,
2026-05-05,2026-05-05,FO,NSE,IDO,69682,,FINNIFTY,,2026-05-26,2026-05-26,27400.00,PE,FINNIFTY26MAY27400PE,0.00,0.00,0.00,394.80,0.00,394.80,25716.90,1672.60,0,0,0,0.00,0,F1,60,,,,,
2026-05-05,2026-05-05,FO,NSE,IDO,69808,,FINNIFTY,,2026-05-26,2026-05-26,31000.00,PE,FINNIFTY26MAY31000PE,0.00,0.00,0.00,2439.95,0.00,2439.95,25716.90,5178.50,0,0,0,0.00,0,F1,60,,,,,
2026-05-05,2026-05-05,FO,NSE,IDO,77465,,FINNIFTY,,2026-06-30,2026-06-30,23500.00,PE,FINNIFTY26JUN23500PE,0.00,0.00,0.00,737.45,0.00,737.45,25716.90,118.40,0,0,0,0.00,0,F1,60,,,,,
2026-05-05,2026-05-05,FO,NSE,IDO,77481,,FINNIFTY,,2026-06-30,2026-06-30,24200.00,PE,FINNIFTY26JUN24200PE,0.00,0.00,0.00,1083.50,0.00,1083.50,25716.90,234.25,0,0,0,0.00,0,F1,60,,,,,
2026-05-05,2026-05-05,FO,NSE,IDO,77485,,FINNIFTY,,2026-06-30,2026-06-30,24400.00,PE,FINNIFTY26JUN24400PE,0.00,0.00,0.00,1196.75,0.00,1196.75,25716.90,279.25,0,0,0,0.00,0,F1,60,,,,,
2026-05-05,2026-05-05,FO,NSE,IDO,77487,,FINNIFTY,,2026-06-30,2026-06-30,24500.00,PE,FINNIFTY26JUN24500PE,0.00,0.00,0.00,1255.70,0.00,1255.70,25716.90,304.95,0,0,0,0.00,0,F1,60,,,,,
2026-05-05,2026-05-05,FO,NSE,IDO,77493,,FINNIFTY,,2026-06-30,2026-06-30,24800.00,PE,FINNIFTY26JUN24800PE,0.00,0.00,0.00,1441.60,0.00,1441.60,25716.90,387.40,0,0,0,0.00,0,F1,60,,,,,
2026-05-05,2026-05-05,FO,NSE,IDO,77495,,FINNIFTY,,2026-06-30,2026-06-30,24900.00,PE,FINNIFTY26JUN24900PE,0.00,0.00,0.00,1506.45,0.00,1506.45,25716.90,418.60,0,0,0,0.00,0,F1,60,,,,,
2026-05-05,2026-05-05,FO,NSE,IDO,77503,,FINNIFTY,,2026-06-30,2026-06-30,25300.00,PE,FINNIFTY26JUN25300PE,0.00,0.00,0.00,1779.80,0.00,1779.80,25716.90,560.75,0,0,0,0.00,0,F1,60,,,,,
2026-05-05,2026-05-05,FO,NSE,IDO,77534,,FINNIFTY,,2026-06-30,2026-06-30,26700.00,PE,FINNIFTY26JUN26700PE,0.00,0.00,0.00,2883.10,0.00,2883.10,25716.90,1284.40,0,0,0,0.00,0,F1,60,,,,,
2026-05-05,2026-05-05,FO,NSE,IDO,77548,,FINNIFTY,,2026-06-30,2026-06-30,27100.00,PE,FINNIFTY26JUN27100PE,0.00,0.00,0.00,3230.25,0.00,3230.25,25716.90,1552.95,0,0,0,0.00,0,F1,60,,,,,
2026-05-05,2026-05-05,FO,NSE,IDO,77600,,FINNIFTY,,2026-06-30,2026-06-30,27700.00,PE,FINNIFTY26JUN27700PE,0.00,0.00,0.00,3769.55,0.00,3769.55,25716.90,2000.10,0,0,0,0.00,0,F1,60,,,,,
2026-05-05,2026-05-05,FO,NSE,IDO,77639,,FINNIFTY,,2026-06-30,2026-06-30,28800.00,PE,FINNIFTY26JUN28800PE,0.00,0.00,0.00,4798.15,0.00,4798.15,25716.90,2925.95,0,0,0,0.00,0,F1,60,,,,,
2026-05-05,2026-05-05,FO,NSE,IDO,62788,,FINNIFTY,,2026-07-28,2026-07-28,23000.00,PE,FINNIFTY26JUL23000PE,0.00,0.00,0.00,133.75,0.00,133.75,25716.90,132.35,0,0,0,0.00,0,F1,60,,,,,
2026-05-05,2026-05-05,FO,NSE,IDO,62817,,FINNIFTY,,2026-07-28,2026-07-28,23500.00,PE,FINNIFTY26JUL23500PE,0.00,0.00,0.00,201.70,0.00,201.70,25716.90,202.80,0,0,0,0.00,0,F1,60,,,,,
2026-05-05,2026-05-05,FO,NSE,IDO,62911,,FINNIFTY,,2026-07-28,2026-07-28,25900.00,PE,FINNIFTY26JUL25900PE,0.00,0.00,0.00,915.65,0.00,915.65,25716.90,959.10,0,0,0,0.00,0,F1,60,,,,,
2026-05-05,2026-05-05,FO,NSE,IDO,62917,,FINNIFTY,,2026-07-28,2026-07-28,26200.00,PE,FINNIFTY26JUL26200PE,0.00,0.00,0.00,1058.65,0.00,1058.65,25716.90,1111.05,0,0,0,0.00,0,F1,60,,,,,
2026-05-05,2026-05-05,FO,NSE,IDO,62923,,FINNIFTY,,2026-07-28,2026-07-28,26500.00,PE,FINNIFTY26JUL26500PE,0.00,0.00,0.00,1214.30,0.00,1214.30,25716.90,1276.20,0,0,0,0.00,0,F1,60,,,,,
2026-05-05,2026-05-05,FO,NSE,IDO,62964,,FINNIFTY,,2026-07-28,2026-07-28,27600.00,PE,FINNIFTY26JUL27600PE,0.00,0.00,0.00,1886.95,0.00,1886.95,25716.90,1986.30,0,0,0,0.00,0,F1,60,,,,,
2026-05-05,2026-05-05,FO,NSE,IDO,62974,,FINNIFTY,,2026-07-28,2026-07-28,27800.00,PE,FINNIFTY26JUL27800PE,0.00,0.00,0.00,2025.25,0.00,2025.25,25716.90,2132.65,0,0,0,0.00,0,F1,60,,,,,
2026-05-05,2026-05-05,FO,NSE,IDO,77516,,FINNIFTY,,2026-06-30,2026-06-30,25800.00,PE,FINNIFTY26JUN25800PE,0.00,0.00,0.00,2150.45,0.00,2150.45,25716.90,778.75,0,0,0,0.00,0,F1,60,,,,,
2026-05-05,2026-05-05,FO,NSE,IDO,62814,,FINNIFTY,,2026-07-28,2026-07-28,23400.00,PE,FINNIFTY26JUL23400PE,0.00,0.00,0.00,186.35,0.00,186.35,25716.90,186.80,0,0,0,0.00,0,F1,60,,,,,
2026-05-05,2026-05-05,FO,NSE,IDO,62846,,FINNIFTY,,2026-07-28,2026-07-28,24300.00,PE,FINNIFTY26JUL24300PE,0.00,0.00,0.00,360.95,0.00,360.95,25716.90,371.00,0,0,0,0.00,0,F1,60,,,,,
2026-05-05,2026-05-05,FO,NSE,IDO,62895,,FINNIFTY,,2026-07-28,2026-07-28,25100.00,PE,FINNIFTY26JUL25100PE,0.00,0.00,0.00,595.20,0.00,595.20,25716.90,618.50,0,0,0,0.00,0,F1,60,,,,,
2026-05-05,2026-05-05,FO,NSE,IDO,62901,,FINNIFTY,,2026-07-28,2026-07-28,25400.00,PE,FINNIFTY26JUL25400PE,0.00,0.00,0.00,705.00,0.00,705.00,25716.90,735.20,0,0,0,0.00,0,F1,60,,,,,
2026-05-05,2026-05-05,FO,NSE,IDO,62907,,FINNIFTY,,2026-07-28,2026-07-28,25700.00,PE,FINNIFTY26JUL25700PE,0.00,0.00,0.00,827.20,0.00,827.20,25716.90,865.10,0,0,0,0.00,0,F1,60,,,,,
2026-05-05,2026-05-05,FO,NSE,IDO,62909,,FINNIFTY,,2026-07-28,2026-07-28,25800.00,PE,FINNIFTY26JUL25800PE,0.00,0.00,0.00,870.70,0.00,870.70,25716.90,911.35,0,0,0,0.00,0,F1,60,,,,,
2026-05-05,2026-05-05,FO,NSE,IDO,69684,,FINNIFTY,,2026-05-26,2026-05-26,27500.00,PE,FINNIFTY26MAY27500PE,0.00,0.00,0.00,424.35,0.00,424.35,25716.90,1761.30,0,0,0,0.00,0,F1,60,,,,,
2026-05-05,2026-05-05,FO,NSE,IDO,62522,,FINNIFTY,,2026-05-26,2026-05-26,27150.00,PE,FINNIFTY26MAY27150PE,0.00,0.00,0.00,1324.35,0.00,1324.35,25716.90,1457.15,0,0,0,0.00,0,F1,60,,,,,
2026-05-05,2026-05-05,FO,NSE,IDO,69668,,FINNIFTY,,2026-05-26,2026-05-26,26700.00,PE,FINNIFTY26MAY26700PE,0.00,0.00,0.00,791.60,791.60,791.60,25716.90,1098.35,120,0,0,0.00,0,F1,60,,,,,
2026-05-05,2026-05-05,FO,NSE,IDO,69656,,FINNIFTY,,2026-05-26,2026-05-26,26100.00,PE,FINNIFTY26MAY26100PE,732.40,761.60,617.55,667.30,667.30,643.25,25716.90,667.30,2040,-540,32,51494841.00,32,F1,60,,,,,
2026-05-05,2026-05-05,FO,NSE,IDO,62482,,FINNIFTY,,2026-05-26,2026-05-26,25750.00,PE,FINNIFTY26MAY25750PE,561.35,562.70,452.15,483.70,471.10,395.65,25716.90,483.70,1080,60,17,26769480.00,16,F1,60,,,,,
2026-05-05,2026-05-05,FO,NSE,IDO,69646,,FINNIFTY,,2026-05-26,2026-05-26,25600.00,PE,FINNIFTY26MAY25600PE,442.80,512.05,381.70,413.80,417.50,400.30,25716.90,413.80,2040,1560,171,267335334.00,152,F1,60,,,,,
2026-05-05,2026-05-05,FO,NSE,IDO,69644,,FINNIFTY,,2026-05-26,2026-05-26,25500.00,PE,FINNIFTY26MAY25500PE,449.95,465.00,338.25,368.75,367.90,364.40,25716.90,368.75,5400,2760,137,212927793.00,111,F1,60,,,,,
2026-05-05,2026-05-05,FO,NSE,IDO,62446,,FINNIFTY,,2026-05-26,2026-05-26,24550.00,PE,FINNIFTY26MAY24550PE,137.30,137.30,137.30,137.30,137.30,127.90,25716.90,137.30,120,120,2,2962476.00,1,F1,60,,,,,
2026-05-05,2026-05-05,FO,NSE,IDO,69548,,FINNIFTY,,2026-05-26,2026-05-26,24300.00,PE,FINNIFTY26MAY24300PE,128.80,133.35,100.85,102.30,101.00,106.65,25716.90,102.30,2280,360,13,19040844.00,12,F1,60,,,,,
2026-05-05,2026-05-05,FO,NSE,IDO,69540,,FINNIFTY,,2026-05-26,2026-05-26,23900.00,PE,FINNIFTY26MAY23900PE,0.00,0.00,0.00,9.60,0.00,9.60,25716.90,38.30,0,0,0,0.00,0,F1,60,,,,,
2026-05-05,2026-05-05,FO,NSE,IDO,40443,,FINNIFTY,,2026-05-26,2026-05-26,21800.00,PE,FINNIFTY26MAY21800PE,0.00,0.00,0.00,0.50,0.00,0.50,25716.90,0.20,0,0,0,0.00,0,F1,60,,,,,
2026-05-05,2026-05-05,FO,NSE,IDO,40433,,FINNIFTY,,2026-05-26,2026-05-26,21600.00,PE,FINNIFTY26MAY21600PE,0.00,0.00,0.00,0.35,0.00,0.35,25716.90,0.10,0,0,0,0.00,0,F1,60,,,,,
2026-05-05,2026-05-05,FO,NSE,IDO,62967,,FINNIFTY,,2026-07-28,2026-07-28,27800.00,CE,FINNIFTY26JUL27800CE,0.00,0.00,0.00,561.85,0.00,561.85,25716.90,449.10,0,0,0,0.00,0,F1,60,,,,,
2026-05-05,2026-05-05,FO,NSE,IDO,62965,,FINNIFTY,,2026-07-28,2026-07-28,27700.00,CE,FINNIFTY26JUL27700CE,0.00,0.00,0.00,590.70,0.00,590.70,25716.90,473.35,0,0,0,0.00,0,F1,60,,,,,
2026-05-05,2026-05-05,FO,NSE,IDO,62890,,FINNIFTY,,2026-07-28,2026-07-28,24900.00,CE,FINNIFTY26JUL24900CE,0.00,0.00,0.00,1923.75,0.00,1923.75,25716.90,1722.70,0,0,0,0.00,0,F1,60,,,,,
2026-05-05,2026-05-05,FO,NSE,IDO,77582,,FINNIFTY,,2026-06-30,2026-06-30,27400.00,CE,FINNIFTY26JUN27400CE,0.00,0.00,0.00,110.05,0.00,110.05,25716.90,351.45,0,0,0,0.00,0,F1,60,,,,,
2026-05-05,2026-05-05,FO,NSE,IDO,77531,,FINNIFTY,,2026-06-30,2026-06-30,26600.00,CE,FINNIFTY26JUN26600CE,0.00,0.00,0.00,196.40,0.00,196.40,25716.90,593.65,0,0,0,0.00,0,F1,60,,,,,
2026-05-05,2026-05-05,FO,NSE,IDO,77527,,FINNIFTY,,2026-06-30,2026-06-30,26400.00,CE,FINNIFTY26JUN26400CE,0.00,0.00,0.00,225.40,0.00,225.40,25716.90,670.50,0,0,0,0.00,0,F1,60,,,,,
2026-05-05,2026-05-05,FO,NSE,IDO,77519,,FINNIFTY,,2026-06-30,2026-06-30,26000.00,CE,FINNIFTY26JUN26000CE,0.00,0.00,0.00,294.10,0.00,294.10,25716.90,845.25,0,0,0,0.00,0,F1,60,,,,,
2026-05-05,2026-05-05,FO,NSE,IDO,77502,,FINNIFTY,,2026-06-30,2026-06-30,25300.00,CE,FINNIFTY26JUN25300CE,0.00,0.00,0.00,454.80,0.00,454.80,25716.90,1220.65,0,0,0,0.00,0,F1,60,,,,,
2026-05-05,2026-05-05,FO,NSE,IDF,62327,,FINNIFTY,,2026-06-30,2026-06-30,,,FINNIFTY26JUNFUT,0.00,0.00,0.00,23950.80,0.00,23950.80,25716.90,25966.30,0,0,0,0.00,0,F1,60,,,,,
2026-05-05,2026-05-05,FO,NSE,IDO,43652,,FINNIFTY,,2026-05-26,2026-05-26,21200.00,CE,FINNIFTY26MAY21200CE,0.00,0.00,0.00,6145.15,0.00,6145.15,25716.90,4588.55,0,0,0,0.00,0,F1,60,,,,,
2026-05-05,2026-05-05,FO,NSE,IDO,40432,,FINNIFTY,,2026-05-26,2026-05-26,21600.00,CE,FINNIFTY26MAY21600CE,0.00,0.00,0.00,6297.85,0.00,6297.85,25716.90,4189.95,0,0,0,0.00,0,F1,60,,,,,
2026-05-05,2026-05-05,FO,NSE,IDO,69521,,FINNIFTY,,2026-05-26,2026-05-26,23000.00,CE,FINNIFTY26MAY23000CE,0.00,0.00,0.00,5676.15,0.00,5676.15,25716.90,2800.10,0,0,0,0.00,0,F1,60,,,,,
2026-05-05,2026-05-05,FO,NSE,IDO,69529,,FINNIFTY,,2026-05-26,2026-05-26,23400.00,CE,FINNIFTY26MAY23400CE,0.00,0.00,0.00,5284.90,0.00,5284.90,25716.90,2409.90,0,0,0,0.00,0,F1,60,,,,,
2026-05-05,2026-05-05,FO,NSE,IDO,62409,,FINNIFTY,,2026-05-26,2026-05-26,23450.00,CE,FINNIFTY26MAY23450CE,0.00,0.00,0.00,2615.15,0.00,2615.15,25716.90,2361.65,0,0,0,0.00,0,F1,60,,,,,
2026-05-05,2026-05-05,FO,NSE,IDO,62411,,FINNIFTY,,2026-05-26,2026-05-26,23550.00,CE,FINNIFTY26MAY23550CE,0.00,0.00,0.00,2520.15,0.00,2520.15,25716.90,2265.65,0,0,0,0.00,0,F1,60,,,,,
2026-05-05,2026-05-05,FO,NSE,IDO,69533,,FINNIFTY,,2026-05-26,2026-05-26,23600.00,CE,FINNIFTY26MAY23600CE,0.00,0.00,0.00,5089.85,0.00,5089.85,25716.90,2217.90,0,0,0,0.00,0,F1,60,,,,,
2026-05-05,2026-05-05,FO,NSE,IDO,69565,,FINNIFTY,,2026-05-26,2026-05-26,25200.00,CE,FINNIFTY26MAY25200CE,0.00,0.00,0.00,848.00,848.00,848.00,25716.90,876.75,60,0,0,0.00,0,F1,60,,,,,
2026-05-05,2026-05-05,FO,NSE,IDO,69567,,FINNIFTY,,2026-05-26,2026-05-26,25300.00,CE,FINNIFTY26MAY25300CE,0.00,0.00,0.00,3469.90,0.00,3469.90,25716.90,811.60,0,0,0,0.00,0,F1,60,,,,,
2026-05-05,2026-05-05,FO,NSE,IDO,69768,,FINNIFTY,,2026-05-26,2026-05-26,29400.00,CE,FINNIFTY26MAY29400CE,0.00,0.00,0.00,669.05,0.00,669.05,25716.90,2.55,0,0,0,0.00,0,F1,60,,,,,
2026-05-05,2026-05-05,FO,NSE,IDO,77301,,FINNIFTY,,2026-06-30,2026-06-30,21400.00,CE,FINNIFTY26JUN21400CE,0.00,0.00,0.00,2657.10,0.00,2657.10,25716.90,4529.60,0,0,0,0.00,0,F1,60,,,,,
2026-05-05,2026-05-05,FO,NSE,IDO,77303,,FINNIFTY,,2026-06-30,2026-06-30,21500.00,CE,FINNIFTY26JUN21500CE,0.00,0.00,0.00,2573.60,0.00,2573.60,25716.90,4431.80,0,0,0,0.00,0,F1,60,,,,,
2026-05-05,2026-05-05,FO,NSE,IDO,77327,,FINNIFTY,,2026-06-30,2026-06-30,22700.00,CE,FINNIFTY26JUN22700CE,0.00,0.00,0.00,1667.20,0.00,1667.20,25716.90,3281.95,0,0,0,0.00,0,F1,60,,,,,
2026-05-05,2026-05-05,FO,NSE,IDO,77383,,FINNIFTY,,2026-06-30,2026-06-30,23000.00,CE,FINNIFTY26JUN23000CE,0.00,0.00,0.00,1472.65,0.00,1472.65,25716.90,3005.60,0,0,0,0.00,0,F1,60,,,,,
2026-05-05,2026-05-05,FO,NSE,IDO,62955,,FINNIFTY,,2026-07-28,2026-07-28,27500.00,PE,FINNIFTY26JUL27500PE,0.00,0.00,0.00,1819.55,0.00,1819.55,25716.90,1915.45,0,0,0,0.00,0,F1,60,,,,,
2026-05-05,2026-05-05,FO,NSE,IDO,62948,,FINNIFTY,,2026-07-28,2026-07-28,27300.00,PE,FINNIFTY26JUL27300PE,0.00,0.00,0.00,1688.35,0.00,1688.35,25716.90,1777.30,0,0,0,0.00,0,F1,60,,,,,
2026-05-05,2026-05-05,FO,NSE,IDO,62929,,FINNIFTY,,2026-07-28,2026-07-28,26800.00,PE,FINNIFTY26JUL26800PE,0.00,0.00,0.00,1382.20,0.00,1382.20,25716.90,1454.05,0,0,0,0.00,0,F1,60,,,,,
2026-05-05,2026-05-05,FO,NSE,IDO,62915,,FINNIFTY,,2026-07-28,2026-07-28,26100.00,PE,FINNIFTY26JUL26100PE,0.00,0.00,0.00,1009.65,0.00,1009.65,25716.90,1058.90,0,0,0,0.00,0,F1,60,,,,,
2026-05-05,2026-05-05,FO,NSE,IDO,62889,,FINNIFTY,,2026-07-28,2026-07-28,24800.00,PE,FINNIFTY26JUL24800PE,0.00,0.00,0.00,497.55,0.00,497.55,25716.90,514.80,0,0,0,0.00,0,F1,60,,,,,
2026-05-05,2026-05-05,FO,NSE,IDO,62831,,FINNIFTY,,2026-07-28,2026-07-28,23900.00,PE,FINNIFTY26JUL23900PE,0.00,0.00,0.00,272.75,0.00,272.75,25716.90,277.20,0,0,0,0.00,0,F1,60,,,,,
2026-05-05,2026-05-05,FO,NSE,IDO,62821,,FINNIFTY,,2026-07-28,2026-07-28,23700.00,PE,FINNIFTY26JUL23700PE,0.00,0.00,0.00,235.20,0.00,235.20,25716.90,237.85,0,0,0,0.00,0,F1,60,,,,,
2026-05-05,2026-05-05,FO,NSE,IDO,62798,,FINNIFTY,,2026-07-28,2026-07-28,23100.00,PE,FINNIFTY26JUL23100PE,0.00,0.00,0.00,145.65,0.00,145.65,25716.90,144.65,0,0,0,0.00,0,F1,60,,,,,
2026-05-05,2026-05-05,FO,NSE,IDO,77637,,FINNIFTY,,2026-06-30,2026-06-30,28700.00,PE,FINNIFTY26JUN28700PE,0.00,0.00,0.00,4703.10,0.00,4703.10,25716.90,2837.30,0,0,0,0.00,0,F1,60,,,,,
2026-05-05,2026-05-05,FO,NSE,IDO,77632,,FINNIFTY,,2026-06-30,2026-06-30,28500.00,PE,FINNIFTY26JUN28500PE,0.00,0.00,0.00,4513.75,0.00,4513.75,25716.90,2662.35,0,0,0,0.00,0,F1,60,,,,,
2026-05-05,2026-05-05,FO,NSE,IDO,77512,,FINNIFTY,,2026-06-30,2026-06-30,25600.00,PE,FINNIFTY26JUN25600PE,0.00,0.00,0.00,1999.55,0.00,1999.55,25716.90,686.10,0,0,0,0.00,0,F1,60,,,,,
2026-05-05,2026-05-05,FO,NSE,IDO,77473,,FINNIFTY,,2026-06-30,2026-06-30,23800.00,PE,FINNIFTY26JUN23800PE,0.00,0.00,0.00,876.10,0.00,876.10,25716.90,160.75,0,0,0,0.00,0,F1,60,,,,,
2026-05-05,2026-05-05,FO,NSE,IDO,77471,,FINNIFTY,,2026-06-30,2026-06-30,23700.00,PE,FINNIFTY26JUN23700PE,0.00,0.00,0.00,828.25,0.00,828.25,25716.90,145.50,0,0,0,0.00,0,F1,60,,,,,
2026-05-05,2026-05-05,FO,NSE,IDO,77459,,FINNIFTY,,2026-06-30,2026-06-30,23200.00,PE,FINNIFTY26JUN23200PE,0.00,0.00,0.00,613.50,0.00,613.50,25716.90,85.35,0,0,0,0.00,0,F1,60,,,,,
2026-05-05,2026-05-05,FO,NSE,IDO,77308,,FINNIFTY,,2026-06-30,2026-06-30,21700.00,PE,FINNIFTY26JUN21700PE,0.00,0.00,0.00,199.40,0.00,199.40,25716.90,11.60,0,0,0,0.00,0,F1,60,,,,,
2026-05-05,2026-05-05,FO,NSE,IDO,69773,,FINNIFTY,,2026-05-26,2026-05-26,29500.00,PE,FINNIFTY26MAY29500PE,0.00,0.00,0.00,1351.45,0.00,1351.45,25716.90,3685.55,0,0,0,0.00,0,F1,60,,,,,
2026-05-05,2026-05-05,FO,NSE,IDO,69767,,FINNIFTY,,2026-05-26,2026-05-26,29300.00,PE,FINNIFTY26MAY29300PE,0.00,0.00,0.00,1229.70,0.00,1229.70,25716.90,3487.25,0,0,0,0.00,0,F1,60,,,,,
2026-05-05,2026-05-05,FO,NSE,IDO,69676,,FINNIFTY,,2026-05-26,2026-05-26,27100.00,PE,FINNIFTY26MAY27100PE,0.00,0.00,0.00,315.45,0.00,315.45,25716.90,1415.25,0,0,0,0.00,0,F1,60,,,,,
2026-05-05,2026-05-05,FO,NSE,IDO,62494,,FINNIFTY,,2026-05-26,2026-05-26,26250.00,PE,FINNIFTY26MAY26250PE,0.00,0.00,0.00,619.60,619.60,619.60,25716.90,783.55,240,0,0,0.00,0,F1,60,,,,,
2026-05-05,2026-05-05,FO,NSE,IDO,62476,,FINNIFTY,,2026-05-26,2026-05-26,25550.00,PE,FINNIFTY26MAY25550PE,386.15,486.25,374.25,385.15,384.95,396.05,25716.90,385.15,600,-420,41,63941373.00,24,F1,60,,,,,
2026-05-05,2026-05-05,FO,NSE,IDO,62474,,FINNIFTY,,2026-05-26,2026-05-26,25450.00,PE,FINNIFTY26MAY25450PE,345.00,351.00,345.00,351.00,351.00,370.95,25716.90,366.35,720,0,2,3095760.00,2,F1,60,,,,,
2026-05-05,2026-05-05,FO,NSE,IDO,69642,,FINNIFTY,,2026-05-26,2026-05-26,25400.00,PE,FINNIFTY26MAY25400PE,407.35,419.30,396.55,419.30,419.30,307.65,25716.90,346.60,120,60,4,6194550.00,4,F1,60,,,,,
2026-05-05,2026-05-05,FO,NSE,IDO,38350,,FINNIFTY,,2026-05-26,2026-05-26,21900.00,PE,FINNIFTY26MAY21900PE,0.00,0.00,0.00,0.40,0.00,0.40,25716.90,0.25,0,0,0,0.00,0,F1,60,,,,,
2026-05-05,2026-05-05,FO,NSE,IDO,62900,,FINNIFTY,,2026-07-28,2026-07-28,25400.00,CE,FINNIFTY26JUL25400CE,0.00,0.00,0.00,1607.15,0.00,1607.15,25716.90,1417.15,0,0,0,0.00,0,F1,60,,,,,
2026-05-05,2026-05-05,FO,NSE,IDO,62977,,FINNIFTY,,2026-07-28,2026-07-28,28000.00,CE,FINNIFTY26JUL28000CE,0.00,0.00,0.00,507.45,0.00,507.45,25716.90,401.85,0,0,0,0.00,0,F1,60,,,,,
2026-05-05,2026-05-05,FO,NSE,IDO,69502,,FINNIFTY,,2026-05-26,2026-05-26,21000.00,PE,FINNIFTY26MAY21000PE,0.00,0.00,0.00,0.05,0.00,0.05,25716.90,0.05,0,0,0,0.00,0,F1,60,,,,,
2026-05-05,2026-05-05,FO,NSE,IDO,69514,,FINNIFTY,,2026-05-26,2026-05-26,22600.00,PE,FINNIFTY26MAY22600PE,18.85,18.85,17.00,17.00,17.00,17.00,25716.90,1.95,300,0,2,2714151.00,2,F1,60,,,,,
2026-05-05,2026-05-05,FO,NSE,IDO,69518,,FINNIFTY,,2026-05-26,2026-05-26,22800.00,PE,FINNIFTY26MAY22800PE,0.00,0.00,0.00,1.60,0.00,1.60,25716.90,3.35,0,0,0,0.00,0,F1,60,,,,,
2026-05-05,2026-05-05,FO,NSE,IDO,62389,,FINNIFTY,,2026-05-26,2026-05-26,22950.00,PE,FINNIFTY26MAY22950PE,0.00,0.00,0.00,9.05,0.00,9.05,25716.90,4.90,0,0,0,0.00,0,F1,60,,,,,
2026-05-05,2026-05-05,FO,NSE,IDO,69542,,FINNIFTY,,2026-05-26,2026-05-26,24000.00,PE,FINNIFTY26MAY24000PE,90.00,98.75,68.10,70.65,72.80,71.85,25716.90,70.65,13380,3000,133,192158298.00,83,F1,60,,,,,
2026-05-05,2026-05-05,FO,NSE,IDO,62488,,FINNIFTY,,2026-05-26,2026-05-26,26050.00,PE,FINNIFTY26MAY26050PE,0.00,0.00,0.00,516.00,516.00,516.00,25716.90,661.55,240,0,0,0.00,0,F1,60,,,,,
2026-05-05,2026-05-05,FO,NSE,IDO,62490,,FINNIFTY,,2026-05-26,2026-05-26,26150.00,PE,FINNIFTY26MAY26150PE,0.00,0.00,0.00,670.30,0.00,670.30,25716.90,721.15,0,0,0,0.00,0,F1,60,,,,,
2026-05-05,2026-05-05,FO,NSE,IDO,62502,,FINNIFTY,,2026-05-26,2026-05-26,26550.00,PE,FINNIFTY26MAY26550PE,0.00,0.00,0.00,903.80,0.00,903.80,25716.90,986.95,0,0,0,0.00,0,F1,60,,,,,
2026-05-05,2026-05-05,FO,NSE,IDO,62433,,FINNIFTY,,2026-05-26,2026-05-26,24150.00,CE,FINNIFTY26MAY24150CE,0.00,0.00,0.00,1968.15,0.00,1968.15,25716.90,1708.45,0,0,0,0.00,0,F1,60,,,,,
2026-05-05,2026-05-05,FO,NSE,IDO,62421,,FINNIFTY,,2026-05-26,2026-05-26,23950.00,CE,FINNIFTY26MAY23950CE,0.00,0.00,0.00,2148.10,0.00,2148.10,25716.90,1889.80,0,0,0,0.00,0,F1,60,,,,,
2026-05-05,2026-05-05,FO,NSE,IDO,69531,,FINNIFTY,,2026-05-26,2026-05-26,23500.00,CE,FINNIFTY26MAY23500CE,0.00,0.00,0.00,5187.30,0.00,5187.30,25716.90,2313.55,0,0,0,0.00,0,F1,60,,,,,
2026-05-05,2026-05-05,FO,NSE,IDO,69525,,FINNIFTY,,2026-05-26,2026-05-26,23200.00,CE,FINNIFTY26MAY23200CE,0.00,0.00,0.00,5480.35,0.00,5480.35,25716.90,2604.15,0,0,0,0.00,0,F1,60,,,,,
2026-05-05,2026-05-05,FO,NSE,IDO,69519,,FINNIFTY,,2026-05-26,2026-05-26,22900.00,CE,FINNIFTY26MAY22900CE,0.00,0.00,0.00,5774.15,0.00,5774.15,25716.90,2898.55,0,0,0,0.00,0,F1,60,,,,,
2026-05-05,2026-05-05,FO,NSE,IDO,62796,,FINNIFTY,,2026-07-28,2026-07-28,23100.00,CE,FINNIFTY26JUL23100CE,0.00,0.00,0.00,3314.80,0.00,3314.80,25716.90,3093.50,0,0,0,0.00,0,F1,60,,,,,
2026-05-05,2026-05-05,FO,NSE,IDO,69677,,FINNIFTY,,2026-05-26,2026-05-26,27200.00,CE,FINNIFTY26MAY27200CE,84.00,93.80,84.00,84.30,84.30,114.30,25716.90,84.30,960,-60,7,11460036.00,5,F1,60,,,,,
2026-05-05,2026-05-05,FO,NSE,IDO,69689,,FINNIFTY,,2026-05-26,2026-05-26,27800.00,CE,FINNIFTY26MAY27800CE,35.80,39.40,35.50,37.45,37.45,48.15,25716.90,45.35,480,120,16,26724042.00,7,F1,60,,,,,
2026-05-05,2026-05-05,FO,NSE,IDO,69517,,FINNIFTY,,2026-05-26,2026-05-26,22800.00,CE,FINNIFTY26MAY22800CE,0.00,0.00,0.00,5872.15,0.00,5872.15,25716.90,2997.25,0,0,0,0.00,0,F1,60,,,,,
2026-05-05,2026-05-05,FO,NSE,IDO,62480,,FINNIFTY,,2026-05-26,2026-05-26,25650.00,PE,FINNIFTY26MAY25650PE,468.95,512.60,399.15,437.30,437.15,558.10,25716.90,437.30,480,420,50,78383064.00,47,F1,60,,,,,
2026-05-05,2026-05-05,FO,NSE,IDO,69769,,FINNIFTY,,2026-05-26,2026-05-26,29400.00,PE,FINNIFTY26MAY29400PE,0.00,0.00,0.00,1289.80,0.00,1289.80,25716.90,3586.35,0,0,0,0.00,0,F1,60,,,,,
2026-05-05,2026-05-05,FO,NSE,IDO,69779,,FINNIFTY,,2026-05-26,2026-05-26,29800.00,PE,FINNIFTY26MAY29800PE,0.00,0.00,0.00,1545.35,0.00,1545.35,25716.90,3983.55,0,0,0,0.00,0,F1,60,,,,,
2026-05-05,2026-05-05,FO,NSE,IDO,69781,,FINNIFTY,,2026-05-26,2026-05-26,29900.00,PE,FINNIFTY26MAY29900PE,0.00,0.00,0.00,1612.85,0.00,1612.85,25716.90,4083.00,0,0,0,0.00,0,F1,60,,,,,
2026-05-05,2026-05-05,FO,NSE,IDO,69783,,FINNIFTY,,2026-05-26,2026-05-26,30000.00,PE,FINNIFTY26MAY30000PE,0.00,0.00,0.00,1681.75,0.00,1681.75,25716.90,4182.50,0,0,0,0.00,0,F1,60,,,,,
2026-05-05,2026-05-05,FO,NSE,IDO,77312,,FINNIFTY,,2026-06-30,2026-06-30,21900.00,PE,FINNIFTY26JUN21900PE,0.00,0.00,0.00,236.80,0.00,236.80,25716.90,15.70,0,0,0,0.00,0,F1,60,,,,,
2026-05-05,2026-05-05,FO,NSE,IDO,77320,,FINNIFTY,,2026-06-30,2026-06-30,22300.00,PE,FINNIFTY26JUN22300PE,0.00,0.00,0.00,327.65,0.00,327.65,25716.90,27.80,0,0,0,0.00,0,F1,60,,,,,
2026-05-05,2026-05-05,FO,NSE,IDO,77463,,FINNIFTY,,2026-06-30,2026-06-30,23400.00,PE,FINNIFTY26JUN23400PE,0.00,0.00,0.00,694.50,0.00,694.50,25716.90,106.40,0,0,0,0.00,0,F1,60,,,,,
2026-05-05,2026-05-05,FO,NSE,IDO,77546,,FINNIFTY,,2026-06-30,2026-06-30,27000.00,PE,FINNIFTY26JUN27000PE,0.00,0.00,0.00,3142.45,0.00,3142.45,25716.90,1483.50,0,0,0,0.00,0,F1,60,,,,,
2026-05-05,2026-05-05,FO,NSE,IDO,69777,,FINNIFTY,,2026-05-26,2026-05-26,29700.00,PE,FINNIFTY26MAY29700PE,0.00,0.00,0.00,1479.25,0.00,1479.25,25716.90,3884.15,0,0,0,0.00,0,F1,60,,,,,
