TradDt,BizDt,Sgmt,Src,FinInstrmTp,FinInstrmId,ISIN,TckrSymb,SctySrs,XpryDt,FininstrmActlXpryDt,StrkPric,OptnTp,FinInstrmNm,OpnPric,HghPric,LwPric,ClsPric,LastPric,PrvsClsgPric,UndrlygPric,SttlmPric,OpnIntrst,ChngInOpnIntrst,TtlTradgVol,TtlTrfVal,TtlNbOfTxsExctd,SsnId,NewBrdLotQty,Rmks,Rsvd1,Rsvd2,Rsvd3,Rsvd4
2026-05-11,2026-05-11,FO,NSE,IDO,70805,,MIDCPNIFTY,,2026-05-26,2026-05-26,13600.00,PE,MIDCPNIFTY26MAY13600PE,44.90,63.55,38.65,52.75,52.70,34.00,14333.20,52.75,130560,12480,1927,3156705384.00,1636,F1,120,,,,,
2026-05-11,2026-05-11,FO,NSE,IDO,70803,,MIDCPNIFTY,,2026-05-26,2026-05-26,13575.00,PE,MIDCPNIFTY26MAY13575PE,48.85,55.20,37.90,51.30,49.80,33.05,14333.20,51.30,6360,1560,29,47407614.00,23,F1,120,,,,,
2026-05-11,2026-05-11,FO,NSE,IDO,70795,,MIDCPNIFTY,,2026-05-26,2026-05-26,13475.00,PE,MIDCPNIFTY26MAY13475PE,38.00,48.40,29.40,42.30,42.35,25.85,14333.20,42.30,3960,1560,30,48658206.00,23,F1,120,,,,,
2026-05-11,2026-05-11,FO,NSE,IDO,70761,,MIDCPNIFTY,,2026-05-26,2026-05-26,13325.00,PE,MIDCPNIFTY26MAY13325PE,27.60,35.00,21.60,29.85,30.65,20.25,14333.20,29.85,3240,240,29,46468134.00,23,F1,120,,,,,
2026-05-11,2026-05-11,FO,NSE,IDO,63616,,MIDCPNIFTY,,2026-07-28,2026-07-28,15950.00,PE,MIDCPNIFTY26JUL15950PE,0.00,0.00,0.00,1901.95,0.00,1901.95,14333.20,1589.95,0,0,0,0.00,0,F1,120,,,,,
2026-05-11,2026-05-11,FO,NSE,IDO,63606,,MIDCPNIFTY,,2026-07-28,2026-07-28,15850.00,PE,MIDCPNIFTY26JUL15850PE,0.00,0.00,0.00,1818.85,0.00,1818.85,14333.20,1510.40,0,0,0,0.00,0,F1,120,,,,,
2026-05-11,2026-05-11,FO,NSE,IDO,63564,,MIDCPNIFTY,,2026-07-28,2026-07-28,15325.00,PE,MIDCPNIFTY26JUL15325PE,0.00,0.00,0.00,1405.35,0.00,1405.35,14333.20,1120.00,0,0,0,0.00,0,F1,120,,,,,
2026-05-11,2026-05-11,FO,NSE,IDO,63550,,MIDCPNIFTY,,2026-07-28,2026-07-28,15150.00,PE,MIDCPNIFTY26JUL15150PE,0.00,0.00,0.00,1276.30,0.00,1276.30,14333.20,1001.70,0,0,0,0.00,0,F1,120,,,,,
2026-05-11,2026-05-11,FO,NSE,IDO,63546,,MIDCPNIFTY,,2026-07-28,2026-07-28,15100.00,PE,MIDCPNIFTY26JUL15100PE,0.00,0.00,0.00,1240.60,0.00,1240.60,14333.20,969.05,0,0,0,0.00,0,F1,120,,,,,
2026-05-11,2026-05-11,FO,NSE,IDO,63526,,MIDCPNIFTY,,2026-07-28,2026-07-28,14875.00,PE,MIDCPNIFTY26JUL14875PE,0.00,0.00,0.00,1085.85,0.00,1085.85,14333.20,829.00,0,0,0,0.00,0,F1,120,,,,,
2026-05-11,2026-05-11,FO,NSE,IDO,63524,,MIDCPNIFTY,,2026-07-28,2026-07-28,14850.00,PE,MIDCPNIFTY26JUL14850PE,0.00,0.00,0.00,1069.25,0.00,1069.25,14333.20,814.15,0,0,0,0.00,0,F1,120,,,,,
2026-05-11,2026-05-11,FO,NSE,IDO,63502,,MIDCPNIFTY,,2026-07-28,2026-07-28,14575.00,PE,MIDCPNIFTY26JUL14575PE,0.00,0.00,0.00,895.10,0.00,895.10,14333.20,660.40,0,0,0,0.00,0,F1,120,,,,,
2026-05-11,2026-05-11,FO,NSE,IDO,63496,,MIDCPNIFTY,,2026-07-28,2026-07-28,14500.00,PE,MIDCPNIFTY26JUL14500PE,0.00,0.00,0.00,850.35,0.00,850.35,14333.20,621.60,0,0,0,0.00,0,F1,120,,,,,
2026-05-11,2026-05-11,FO,NSE,IDO,63482,,MIDCPNIFTY,,2026-07-28,2026-07-28,14325.00,PE,MIDCPNIFTY26JUL14325PE,0.00,0.00,0.00,750.75,0.00,750.75,14333.20,536.50,0,0,0,0.00,0,F1,120,,,,,
2026-05-11,2026-05-11,FO,NSE,IDO,63366,,MIDCPNIFTY,,2026-07-28,2026-07-28,12925.00,PE,MIDCPNIFTY26JUL12925PE,0.00,0.00,0.00,205.60,0.00,205.60,14333.20,114.05,0,0,0,0.00,0,F1,120,,,,,
2026-05-11,2026-05-11,FO,NSE,IDO,63346,,MIDCPNIFTY,,2026-07-28,2026-07-28,12675.00,PE,MIDCPNIFTY26JUL12675PE,0.00,0.00,0.00,152.40,0.00,152.40,14333.20,79.55,0,0,0,0.00,0,F1,120,,,,,
2026-05-11,2026-05-11,FO,NSE,IDO,63344,,MIDCPNIFTY,,2026-07-28,2026-07-28,12650.00,PE,MIDCPNIFTY26JUL12650PE,0.00,0.00,0.00,147.70,0.00,147.70,14333.20,76.60,0,0,0,0.00,0,F1,120,,,,,
2026-05-11,2026-05-11,FO,NSE,IDO,78831,,MIDCPNIFTY,,2026-06-30,2026-06-30,16100.00,PE,MIDCPNIFTY26JUN16100PE,0.00,0.00,0.00,3660.25,0.00,3660.25,14333.20,1702.30,0,0,0,0.00,0,F1,120,,,,,
2026-05-11,2026-05-11,FO,NSE,IDO,70119,,MIDCPNIFTY,,2026-05-26,2026-05-26,10800.00,CE,MIDCPNIFTY26MAY10800CE,0.00,0.00,0.00,2832.35,0.00,2832.35,14333.20,3559.40,0,0,0,0.00,0,F1,120,,,,,
2026-05-11,2026-05-11,FO,NSE,IDO,43682,,MIDCPNIFTY,,2026-05-26,2026-05-26,10850.00,CE,MIDCPNIFTY26MAY10850CE,0.00,0.00,0.00,2362.05,0.00,2362.05,14333.20,3509.55,0,0,0,0.00,0,F1,120,,,,,
2026-05-11,2026-05-11,FO,NSE,IDO,70147,,MIDCPNIFTY,,2026-05-26,2026-05-26,11100.00,CE,MIDCPNIFTY26MAY11100CE,0.00,0.00,0.00,2543.55,0.00,2543.55,14333.20,3260.15,0,0,0,0.00,0,F1,120,,,,,
2026-05-11,2026-05-11,FO,NSE,IDO,70245,,MIDCPNIFTY,,2026-05-26,2026-05-26,11325.00,CE,MIDCPNIFTY26MAY11325CE,0.00,0.00,0.00,2330.00,0.00,2330.00,14333.20,3035.70,0,0,0,0.00,0,F1,120,,,,,
2026-05-11,2026-05-11,FO,NSE,IDO,70311,,MIDCPNIFTY,,2026-05-26,2026-05-26,11500.00,CE,MIDCPNIFTY26MAY11500CE,0.00,0.00,0.00,2430.00,2430.00,2430.00,14333.20,2861.10,240,0,0,0.00,0,F1,120,,,,,
2026-05-11,2026-05-11,FO,NSE,IDO,70313,,MIDCPNIFTY,,2026-05-26,2026-05-26,11525.00,CE,MIDCPNIFTY26MAY11525CE,0.00,0.00,0.00,2143.35,0.00,2143.35,14333.20,2836.20,0,0,0,0.00,0,F1,120,,,,,
2026-05-11,2026-05-11,FO,NSE,IDO,78825,,MIDCPNIFTY,,2026-06-30,2026-06-30,15900.00,PE,MIDCPNIFTY26JUN15900PE,0.00,0.00,0.00,3466.35,0.00,3466.35,14333.20,1527.65,0,0,0,0.00,0,F1,120,,,,,
2026-05-11,2026-05-11,FO,NSE,IDO,52011,,MIDCPNIFTY,,2026-06-30,2026-06-30,15775.00,PE,MIDCPNIFTY26JUN15775PE,0.00,0.00,0.00,2115.20,0.00,2115.20,14333.20,1421.50,0,0,0,0.00,0,F1,120,,,,,
2026-05-11,2026-05-11,FO,NSE,IDO,40769,,MIDCPNIFTY,,2026-06-30,2026-06-30,15225.00,PE,MIDCPNIFTY26JUN15225PE,0.00,0.00,0.00,1903.35,0.00,1903.35,14333.20,988.55,0,0,0,0.00,0,F1,120,,,,,
2026-05-11,2026-05-11,FO,NSE,IDO,38729,,MIDCPNIFTY,,2026-06-30,2026-06-30,14750.00,PE,MIDCPNIFTY26JUN14750PE,0.00,0.00,0.00,2024.65,0.00,2024.65,14333.20,672.20,0,0,0,0.00,0,F1,120,,,,,
2026-05-11,2026-05-11,FO,NSE,IDO,35105,,MIDCPNIFTY,,2026-06-30,2026-06-30,14450.00,PE,MIDCPNIFTY26JUN14450PE,0.00,0.00,0.00,1841.15,0.00,1841.15,14333.20,505.35,0,0,0,0.00,0,F1,120,,,,,
2026-05-11,2026-05-11,FO,NSE,IDO,78762,,MIDCPNIFTY,,2026-06-30,2026-06-30,14400.00,PE,MIDCPNIFTY26JUN14400PE,0.00,0.00,0.00,2056.65,0.00,2056.65,14333.20,480.25,0,0,0,0.00,0,F1,120,,,,,
2026-05-11,2026-05-11,FO,NSE,IDO,78649,,MIDCPNIFTY,,2026-06-30,2026-06-30,14025.00,PE,MIDCPNIFTY26JUN14025PE,0.00,0.00,0.00,1728.90,0.00,1728.90,14333.20,316.20,0,0,0,0.00,0,F1,120,,,,,
2026-05-11,2026-05-11,FO,NSE,IDO,78639,,MIDCPNIFTY,,2026-06-30,2026-06-30,13900.00,PE,MIDCPNIFTY26JUN13900PE,0.00,0.00,0.00,1623.35,0.00,1623.35,14333.20,271.05,0,0,0,0.00,0,F1,120,,,,,
2026-05-11,2026-05-11,FO,NSE,IDO,78617,,MIDCPNIFTY,,2026-06-30,2026-06-30,13625.00,PE,MIDCPNIFTY26JUN13625PE,0.00,0.00,0.00,1399.10,0.00,1399.10,14333.20,188.35,0,0,0,0.00,0,F1,120,,,,,
2026-05-11,2026-05-11,FO,NSE,IDO,78488,,MIDCPNIFTY,,2026-06-30,2026-06-30,13175.00,PE,MIDCPNIFTY26JUN13175PE,0.00,0.00,0.00,1060.05,0.00,1060.05,14333.20,93.90,0,0,0,0.00,0,F1,120,,,,,
2026-05-11,2026-05-11,FO,NSE,IDO,78476,,MIDCPNIFTY,,2026-06-30,2026-06-30,13025.00,PE,MIDCPNIFTY26JUN13025PE,0.00,0.00,0.00,956.25,0.00,956.25,14333.20,72.45,0,0,0,0.00,0,F1,120,,,,,
2026-05-11,2026-05-11,FO,NSE,IDO,78388,,MIDCPNIFTY,,2026-06-30,2026-06-30,12975.00,PE,MIDCPNIFTY26JUN12975PE,0.00,0.00,0.00,922.75,0.00,922.75,14333.20,66.20,0,0,0,0.00,0,F1,120,,,,,
2026-05-11,2026-05-11,FO,NSE,IDO,78370,,MIDCPNIFTY,,2026-06-30,2026-06-30,12850.00,PE,MIDCPNIFTY26JUN12850PE,0.00,0.00,0.00,841.60,0.00,841.60,14333.20,52.45,0,0,0,0.00,0,F1,120,,,,,
2026-05-11,2026-05-11,FO,NSE,IDO,78364,,MIDCPNIFTY,,2026-06-30,2026-06-30,12775.00,PE,MIDCPNIFTY26JUN12775PE,0.00,0.00,0.00,794.70,0.00,794.70,14333.20,45.40,0,0,0,0.00,0,F1,120,,,,,
2026-05-11,2026-05-11,FO,NSE,IDO,78280,,MIDCPNIFTY,,2026-06-30,2026-06-30,12250.00,PE,MIDCPNIFTY26JUN12250PE,0.00,0.00,0.00,506.70,0.00,506.70,14333.20,14.55,0,0,0,0.00,0,F1,120,,,,,
2026-05-11,2026-05-11,FO,NSE,IDO,78237,,MIDCPNIFTY,,2026-06-30,2026-06-30,11900.00,PE,MIDCPNIFTY26JUN11900PE,0.00,0.00,0.00,355.75,0.00,355.75,14333.20,5.95,0,0,0,0.00,0,F1,120,,,,,
2026-05-11,2026-05-11,FO,NSE,IDO,78177,,MIDCPNIFTY,,2026-06-30,2026-06-30,11800.00,PE,MIDCPNIFTY26JUN11800PE,0.00,0.00,0.00,318.70,0.00,318.70,14333.20,4.55,0,0,0,0.00,0,F1,120,,,,,
2026-05-11,2026-05-11,FO,NSE,IDO,70616,,MIDCPNIFTY,,2026-05-26,2026-05-26,12850.00,CE,MIDCPNIFTY26MAY12850CE,0.00,0.00,0.00,1049.40,0.00,1049.40,14333.20,1516.95,0,0,0,0.00,0,F1,120,,,,,
2026-05-11,2026-05-11,FO,NSE,IDO,70644,,MIDCPNIFTY,,2026-05-26,2026-05-26,13100.00,CE,MIDCPNIFTY26MAY13100CE,0.00,0.00,0.00,1325.00,1325.00,1325.00,14333.20,1272.60,240,0,0,0.00,0,F1,120,,,,,
2026-05-11,2026-05-11,FO,NSE,IDO,70808,,MIDCPNIFTY,,2026-05-26,2026-05-26,13650.00,CE,MIDCPNIFTY26MAY13650CE,0.00,0.00,0.00,497.45,508.95,497.45,14333.20,768.15,1560,0,0,0.00,0,F1,120,,,,,
2026-05-11,2026-05-11,FO,NSE,IDO,70822,,MIDCPNIFTY,,2026-05-26,2026-05-26,13825.00,CE,MIDCPNIFTY26MAY13825CE,0.00,0.00,0.00,383.40,385.00,383.40,14333.20,626.05,4920,0,0,0.00,0,F1,120,,,,,
2026-05-11,2026-05-11,FO,NSE,IDO,70824,,MIDCPNIFTY,,2026-05-26,2026-05-26,13850.00,CE,MIDCPNIFTY26MAY13850CE,0.00,0.00,0.00,757.40,757.40,757.40,14333.20,606.80,8520,0,0,0.00,0,F1,120,,,,,
2026-05-11,2026-05-11,FO,NSE,IDO,70944,,MIDCPNIFTY,,2026-05-26,2026-05-26,14325.00,CE,MIDCPNIFTY26MAY14325CE,319.80,346.90,245.80,280.25,273.05,381.00,14333.20,280.25,8400,3960,704,1234269276.00,600,F1,120,,,,,
2026-05-11,2026-05-11,FO,NSE,IDO,70972,,MIDCPNIFTY,,2026-05-26,2026-05-26,14650.00,CE,MIDCPNIFTY26MAY14650CE,95.20,169.65,95.20,127.80,128.20,196.85,14333.20,127.80,11280,240,176,312360024.00,165,F1,120,,,,,
2026-05-11,2026-05-11,FO,NSE,IDO,71025,,MIDCPNIFTY,,2026-05-26,2026-05-26,15100.00,CE,MIDCPNIFTY26MAY15100CE,30.00,40.05,24.55,30.05,28.75,48.35,14333.20,30.05,141360,1920,3828,6950540898.00,3293,F1,120,,,,,
2026-05-11,2026-05-11,FO,NSE,IDO,71175,,MIDCPNIFTY,,2026-05-26,2026-05-26,15450.00,CE,MIDCPNIFTY26MAY15450CE,0.00,0.00,0.00,94.50,0.00,94.50,14333.20,22.05,0,0,0,0.00,0,F1,120,,,,,
2026-05-11,2026-05-11,FO,NSE,IDO,35400,,MIDCPNIFTY,,2026-05-26,2026-05-26,15825.00,CE,MIDCPNIFTY26MAY15825CE,0.00,0.00,0.00,77.00,0.00,77.00,14333.20,6.65,0,0,0,0.00,0,F1,120,,,,,
2026-05-11,2026-05-11,FO,NSE,IDO,78065,,MIDCPNIFTY,,2026-06-30,2026-06-30,11000.00,CE,MIDCPNIFTY26JUN11000CE,0.00,0.00,0.00,1467.95,0.00,1467.95,14333.20,3428.85,0,0,0,0.00,0,F1,120,,,,,
2026-05-11,2026-05-11,FO,NSE,IDO,78068,,MIDCPNIFTY,,2026-06-30,2026-06-30,11025.00,CE,MIDCPNIFTY26JUN11025CE,0.00,0.00,0.00,1447.70,0.00,1447.70,14333.20,3404.10,0,0,0,0.00,0,F1,120,,,,,
2026-05-11,2026-05-11,FO,NSE,IDO,78078,,MIDCPNIFTY,,2026-06-30,2026-06-30,11100.00,CE,MIDCPNIFTY26JUN11100CE,0.00,0.00,0.00,1387.65,0.00,1387.65,14333.20,3329.85,0,0,0,0.00,0,F1,120,,,,,
2026-05-11,2026-05-11,FO,NSE,IDO,78089,,MIDCPNIFTY,,2026-06-30,2026-06-30,11200.00,CE,MIDCPNIFTY26JUN11200CE,0.00,0.00,0.00,1309.45,0.00,1309.45,14333.20,3230.90,0,0,0,0.00,0,F1,120,,,,,
2026-05-11,2026-05-11,FO,NSE,IDO,78109,,MIDCPNIFTY,,2026-06-30,2026-06-30,11450.00,CE,MIDCPNIFTY26JUN11450CE,0.00,0.00,0.00,1123.95,0.00,1123.95,14333.20,2983.95,0,0,0,0.00,0,F1,120,,,,,
2026-05-11,2026-05-11,FO,NSE,IDO,78111,,MIDCPNIFTY,,2026-06-30,2026-06-30,11475.00,CE,MIDCPNIFTY26JUN11475CE,0.00,0.00,0.00,1106.15,0.00,1106.15,14333.20,2959.30,0,0,0,0.00,0,F1,120,,,,,
2026-05-11,2026-05-11,FO,NSE,IDO,78117,,MIDCPNIFTY,,2026-06-30,2026-06-30,11550.00,CE,MIDCPNIFTY26JUN11550CE,0.00,0.00,0.00,1053.15,0.00,1053.15,14333.20,2885.40,0,0,0,0.00,0,F1,120,,,,,
2026-05-11,2026-05-11,FO,NSE,IDO,78174,,MIDCPNIFTY,,2026-06-30,2026-06-30,11800.00,CE,MIDCPNIFTY26JUN11800CE,0.00,0.00,0.00,888.80,0.00,888.80,14333.20,2639.95,0,0,0,0.00,0,F1,120,,,,,
2026-05-11,2026-05-11,FO,NSE,IDO,78269,,MIDCPNIFTY,,2026-06-30,2026-06-30,12150.00,CE,MIDCPNIFTY26JUN12150CE,0.00,0.00,0.00,686.60,0.00,686.60,14333.20,2299.85,0,0,0,0.00,0,F1,120,,,,,
2026-05-11,2026-05-11,FO,NSE,IDO,78307,,MIDCPNIFTY,,2026-06-30,2026-06-30,12550.00,CE,MIDCPNIFTY26JUN12550CE,0.00,0.00,0.00,496.00,0.00,496.00,14333.20,1920.50,0,0,0,0.00,0,F1,120,,,,,
2026-05-11,2026-05-11,FO,NSE,IDO,78317,,MIDCPNIFTY,,2026-06-30,2026-06-30,12675.00,CE,MIDCPNIFTY26JUN12675CE,0.00,0.00,0.00,445.10,0.00,445.10,14333.20,1805.15,0,0,0,0.00,0,F1,120,,,,,
2026-05-11,2026-05-11,FO,NSE,IDO,78341,,MIDCPNIFTY,,2026-06-30,2026-06-30,12750.00,CE,MIDCPNIFTY26JUN12750CE,0.00,0.00,0.00,416.50,0.00,416.50,14333.20,1736.80,0,0,0,0.00,0,F1,120,,,,,
2026-05-11,2026-05-11,FO,NSE,IDO,78483,,MIDCPNIFTY,,2026-06-30,2026-06-30,13125.00,CE,MIDCPNIFTY26JUN13125CE,0.00,0.00,0.00,293.75,0.00,293.75,14333.20,1408.15,0,0,0,0.00,0,F1,120,,,,,
2026-05-11,2026-05-11,FO,NSE,IDO,78487,,MIDCPNIFTY,,2026-06-30,2026-06-30,13175.00,CE,MIDCPNIFTY26JUN13175CE,0.00,0.00,0.00,279.80,0.00,279.80,14333.20,1366.20,0,0,0,0.00,0,F1,120,,,,,
2026-05-11,2026-05-11,FO,NSE,IDO,78502,,MIDCPNIFTY,,2026-06-30,2026-06-30,13250.00,CE,MIDCPNIFTY26JUN13250CE,0.00,0.00,0.00,259.90,0.00,259.90,14333.20,1304.30,0,0,0,0.00,0,F1,120,,,,,
2026-05-11,2026-05-11,FO,NSE,IDO,78654,,MIDCPNIFTY,,2026-06-30,2026-06-30,14100.00,CE,MIDCPNIFTY26JUN14100CE,0.00,0.00,0.00,104.50,0.00,104.50,14333.20,700.90,0,0,0,0.00,0,F1,120,,,,,
2026-05-11,2026-05-11,FO,NSE,IDO,78675,,MIDCPNIFTY,,2026-06-30,2026-06-30,14250.00,CE,MIDCPNIFTY26JUN14250CE,0.00,0.00,0.00,87.70,0.00,87.70,14333.20,616.05,0,0,0,0.00,0,F1,120,,,,,
2026-05-11,2026-05-11,FO,NSE,IDO,78682,,MIDCPNIFTY,,2026-06-30,2026-06-30,14300.00,CE,MIDCPNIFTY26JUN14300CE,0.00,0.00,0.00,82.65,0.00,82.65,14333.20,589.35,0,0,0,0.00,0,F1,120,,,,,
2026-05-11,2026-05-11,FO,NSE,IDO,78153,,MIDCPNIFTY,,2026-06-30,2026-06-30,11775.00,PE,MIDCPNIFTY26JUN11775PE,0.00,0.00,0.00,309.85,0.00,309.85,14333.20,4.25,0,0,0,0.00,0,F1,120,,,,,
2026-05-11,2026-05-11,FO,NSE,IDO,78088,,MIDCPNIFTY,,2026-06-30,2026-06-30,11175.00,PE,MIDCPNIFTY26JUN11175PE,0.00,0.00,0.00,144.85,0.00,144.85,14333.20,0.65,0,0,0,0.00,0,F1,120,,,,,
2026-05-11,2026-05-11,FO,NSE,IDO,71263,,MIDCPNIFTY,,2026-05-26,2026-05-26,16100.00,PE,MIDCPNIFTY26MAY16100PE,0.00,0.00,0.00,2428.00,0.00,2428.00,14333.20,1730.25,0,0,0,0.00,0,F1,120,,,,,
2026-05-11,2026-05-11,FO,NSE,IDO,70967,,MIDCPNIFTY,,2026-05-26,2026-05-26,14575.00,PE,MIDCPNIFTY26MAY14575PE,349.00,374.60,294.60,339.25,357.15,256.70,14333.20,339.25,6120,-2400,42,75202848.00,36,F1,120,,,,,
2026-05-11,2026-05-11,FO,NSE,IDO,70955,,MIDCPNIFTY,,2026-05-26,2026-05-26,14425.00,PE,MIDCPNIFTY26MAY14425PE,271.90,320.00,220.00,274.60,284.55,194.20,14333.20,274.60,12720,-3720,527,928700460.00,423,F1,120,,,,,
2026-05-11,2026-05-11,FO,NSE,IDO,78685,,MIDCPNIFTY,,2026-06-30,2026-06-30,14325.00,CE,MIDCPNIFTY26JUN14325CE,0.00,0.00,0.00,80.25,0.00,80.25,14333.20,576.25,0,0,0,0.00,0,F1,120,,,,,
2026-05-11,2026-05-11,FO,NSE,IDO,38730,,MIDCPNIFTY,,2026-06-30,2026-06-30,14775.00,CE,MIDCPNIFTY26JUN14775CE,0.00,0.00,0.00,75.55,0.00,75.55,14333.20,373.45,0,0,0,0.00,0,F1,120,,,,,
2026-05-11,2026-05-11,FO,NSE,IDO,78777,,MIDCPNIFTY,,2026-06-30,2026-06-30,14800.00,CE,MIDCPNIFTY26JUN14800CE,250.50,250.50,250.50,250.50,250.50,44.60,14333.20,250.50,120,120,1,1806060.00,1,F1,120,,,,,
2026-05-11,2026-05-11,FO,NSE,IDO,63457,,MIDCPNIFTY,,2026-07-28,2026-07-28,14025.00,CE,MIDCPNIFTY26JUL14025CE,0.00,0.00,0.00,748.70,0.00,748.70,14333.20,905.25,0,0,0,0.00,0,F1,120,,,,,
2026-05-11,2026-05-11,FO,NSE,IDO,63473,,MIDCPNIFTY,,2026-07-28,2026-07-28,14225.00,CE,MIDCPNIFTY26JUL14225CE,0.00,0.00,0.00,652.30,0.00,652.30,14333.20,791.15,0,0,0,0.00,0,F1,120,,,,,
2026-05-11,2026-05-11,FO,NSE,IDO,63507,,MIDCPNIFTY,,2026-07-28,2026-07-28,14650.00,CE,MIDCPNIFTY26JUL14650CE,0.00,0.00,0.00,477.50,0.00,477.50,14333.20,581.20,0,0,0,0.00,0,F1,120,,,,,
2026-05-11,2026-05-11,FO,NSE,IDO,63509,,MIDCPNIFTY,,2026-07-28,2026-07-28,14675.00,CE,MIDCPNIFTY26JUL14675CE,0.00,0.00,0.00,468.45,0.00,468.45,14333.20,570.25,0,0,0,0.00,0,F1,120,,,,,
2026-05-11,2026-05-11,FO,NSE,IDO,63545,,MIDCPNIFTY,,2026-07-28,2026-07-28,15100.00,CE,MIDCPNIFTY26JUL15100CE,0.00,0.00,0.00,333.55,0.00,333.55,14333.20,405.75,0,0,0,0.00,0,F1,120,,,,,
2026-05-11,2026-05-11,FO,NSE,IDO,63597,,MIDCPNIFTY,,2026-07-28,2026-07-28,15750.00,CE,MIDCPNIFTY26JUL15750CE,0.00,0.00,0.00,189.25,0.00,189.25,14333.20,227.85,0,0,0,0.00,0,F1,120,,,,,
2026-05-11,2026-05-11,FO,NSE,IDO,63619,,MIDCPNIFTY,,2026-07-28,2026-07-28,16000.00,CE,MIDCPNIFTY26JUL16000CE,0.00,0.00,0.00,149.80,0.00,149.80,14333.20,179.15,0,0,0,0.00,0,F1,120,,,,,
2026-05-11,2026-05-11,FO,NSE,IDO,70845,,MIDCPNIFTY,,2026-05-26,2026-05-26,14100.00,PE,MIDCPNIFTY26MAY14100PE,115.00,180.45,115.00,149.60,155.10,100.25,14333.20,149.60,405720,-51960,2629,4495926402.00,2056,F1,120,,,,,
2026-05-11,2026-05-11,FO,NSE,IDO,70531,,MIDCPNIFTY,,2026-05-26,2026-05-26,12550.00,PE,MIDCPNIFTY26MAY12550PE,5.00,5.00,4.50,4.50,4.50,6.25,14333.20,0.55,10080,0,3,4519680.00,2,F1,120,,,,,
2026-05-11,2026-05-11,FO,NSE,IDO,70515,,MIDCPNIFTY,,2026-05-26,2026-05-26,12350.00,PE,MIDCPNIFTY26MAY12350PE,0.00,0.00,0.00,9.75,9.70,9.75,14333.20,0.20,480,0,0,0.00,0,F1,120,,,,,
2026-05-11,2026-05-11,FO,NSE,IDO,70509,,MIDCPNIFTY,,2026-05-26,2026-05-26,12275.00,PE,MIDCPNIFTY26MAY12275PE,3.40,3.40,3.40,3.40,3.40,4.20,14333.20,3.40,2280,0,1,1473408.00,1,F1,120,,,,,
2026-05-11,2026-05-11,FO,NSE,IDO,70486,,MIDCPNIFTY,,2026-05-26,2026-05-26,12100.00,PE,MIDCPNIFTY26MAY12100PE,3.00,3.00,3.00,3.00,3.00,3.00,14333.20,0.05,2280,0,1,1452360.00,1,F1,120,,,,,
2026-05-11,2026-05-11,FO,NSE,IDO,70472,,MIDCPNIFTY,,2026-05-26,2026-05-26,12050.00,PE,MIDCPNIFTY26MAY12050PE,0.00,0.00,0.00,10.10,10.10,10.10,14333.20,0.05,1800,0,0,0.00,0,F1,120,,,,,
2026-05-11,2026-05-11,FO,NSE,IDO,70450,,MIDCPNIFTY,,2026-05-26,2026-05-26,11950.00,PE,MIDCPNIFTY26MAY11950PE,0.00,0.00,0.00,1.30,1.90,1.30,14333.20,0.05,840,0,0,0.00,0,F1,120,,,,,
2026-05-11,2026-05-11,FO,NSE,IDO,70424,,MIDCPNIFTY,,2026-05-26,2026-05-26,11825.00,PE,MIDCPNIFTY26MAY11825PE,10.10,10.10,10.10,10.10,10.10,10.10,14333.20,0.00,2040,0,1,1420212.00,1,F1,120,,,,,
2026-05-11,2026-05-11,FO,NSE,IDO,70364,,MIDCPNIFTY,,2026-05-26,2026-05-26,11700.00,PE,MIDCPNIFTY26MAY11700PE,0.00,0.00,0.00,1.40,1.40,1.40,14333.20,0.00,8280,0,0,0.00,0,F1,120,,,,,
2026-05-11,2026-05-11,FO,NSE,IDO,70339,,MIDCPNIFTY,,2026-05-26,2026-05-26,11600.00,PE,MIDCPNIFTY26MAY11600PE,0.00,0.00,0.00,1.65,1.65,1.65,14333.20,0.00,360,0,0,0.00,0,F1,120,,,,,
2026-05-11,2026-05-11,FO,NSE,IDO,70120,,MIDCPNIFTY,,2026-05-26,2026-05-26,10800.00,PE,MIDCPNIFTY26MAY10800PE,0.00,0.00,0.00,0.90,0.90,0.90,14333.20,0.00,480,0,0,0.00,0,F1,120,,,,,
2026-05-11,2026-05-11,FO,NSE,IDO,63557,,MIDCPNIFTY,,2026-07-28,2026-07-28,15250.00,CE,MIDCPNIFTY26JUL15250CE,0.00,0.00,0.00,294.05,0.00,294.05,14333.20,357.25,0,0,0,0.00,0,F1,120,,,,,
2026-05-11,2026-05-11,FO,NSE,IDO,63549,,MIDCPNIFTY,,2026-07-28,2026-07-28,15150.00,CE,MIDCPNIFTY26JUL15150CE,0.00,0.00,0.00,319.95,0.00,319.95,14333.20,389.10,0,0,0,0.00,0,F1,120,,,,,
2026-05-11,2026-05-11,FO,NSE,IDO,63541,,MIDCPNIFTY,,2026-07-28,2026-07-28,15050.00,CE,MIDCPNIFTY26JUL15050CE,0.00,0.00,0.00,347.60,0.00,347.60,14333.20,423.00,0,0,0,0.00,0,F1,120,,,,,
2026-05-11,2026-05-11,FO,NSE,IDO,63463,,MIDCPNIFTY,,2026-07-28,2026-07-28,14100.00,CE,MIDCPNIFTY26JUL14100CE,0.00,0.00,0.00,711.45,0.00,711.45,14333.20,861.30,0,0,0,0.00,0,F1,120,,,,,
2026-05-11,2026-05-11,FO,NSE,IDO,63461,,MIDCPNIFTY,,2026-07-28,2026-07-28,14075.00,CE,MIDCPNIFTY26JUL14075CE,0.00,0.00,0.00,723.75,0.00,723.75,14333.20,875.80,0,0,0,0.00,0,F1,120,,,,,
2026-05-11,2026-05-11,FO,NSE,IDO,63449,,MIDCPNIFTY,,2026-07-28,2026-07-28,13950.00,CE,MIDCPNIFTY26JUL13950CE,0.00,0.00,0.00,787.20,0.00,787.20,14333.20,950.55,0,0,0,0.00,0,F1,120,,,,,
2026-05-11,2026-05-11,FO,NSE,IDO,63447,,MIDCPNIFTY,,2026-07-28,2026-07-28,13925.00,CE,MIDCPNIFTY26JUL13925CE,0.00,0.00,0.00,800.35,0.00,800.35,14333.20,965.95,0,0,0,0.00,0,F1,120,,,,,
2026-05-11,2026-05-11,FO,NSE,IDO,63431,,MIDCPNIFTY,,2026-07-28,2026-07-28,13750.00,CE,MIDCPNIFTY26JUL13750CE,0.00,0.00,0.00,896.30,0.00,896.30,14333.20,1077.95,0,0,0,0.00,0,F1,120,,,,,
2026-05-11,2026-05-11,FO,NSE,IDO,63407,,MIDCPNIFTY,,2026-07-28,2026-07-28,13450.00,CE,MIDCPNIFTY26JUL13450CE,0.00,0.00,0.00,1077.30,0.00,1077.30,14333.20,1287.20,0,0,0,0.00,0,F1,120,,,,,
2026-05-11,2026-05-11,FO,NSE,IDO,63369,,MIDCPNIFTY,,2026-07-28,2026-07-28,12975.00,CE,MIDCPNIFTY26JUL12975CE,0.00,0.00,0.00,1405.05,0.00,1405.05,14333.20,1655.25,0,0,0,0.00,0,F1,120,,,,,
2026-05-11,2026-05-11,FO,NSE,IDO,63361,,MIDCPNIFTY,,2026-07-28,2026-07-28,12875.00,CE,MIDCPNIFTY26JUL12875CE,0.00,0.00,0.00,1480.00,0.00,1480.00,14333.20,1738.10,0,0,0,0.00,0,F1,120,,,,,
2026-05-11,2026-05-11,FO,NSE,IDO,78799,,MIDCPNIFTY,,2026-06-30,2026-06-30,15500.00,CE,MIDCPNIFTY26JUN15500CE,0.00,0.00,0.00,17.50,0.00,17.50,14333.20,164.85,0,0,0,0.00,0,F1,120,,,,,
2026-05-11,2026-05-11,FO,NSE,IDO,40761,,MIDCPNIFTY,,2026-06-30,2026-06-30,15225.00,CE,MIDCPNIFTY26JUN15225CE,0.00,0.00,0.00,115.85,0.00,115.85,14333.20,228.60,0,0,0,0.00,0,F1,120,,,,,
2026-05-11,2026-05-11,FO,NSE,IDO,78783,,MIDCPNIFTY,,2026-06-30,2026-06-30,15100.00,CE,MIDCPNIFTY26JUN15100CE,0.00,0.00,0.00,30.20,0.00,30.20,14333.20,263.50,0,0,0,0.00,0,F1,120,,,,,
2026-05-11,2026-05-11,FO,NSE,IDO,78781,,MIDCPNIFTY,,2026-06-30,2026-06-30,15000.00,CE,MIDCPNIFTY26JUN15000CE,0.00,0.00,0.00,34.45,0.00,34.45,14333.20,294.30,0,0,0,0.00,0,F1,120,,,,,
2026-05-11,2026-05-11,FO,NSE,IDO,41341,,MIDCPNIFTY,,2026-06-30,2026-06-30,14875.00,CE,MIDCPNIFTY26JUN14875CE,0.00,0.00,0.00,68.15,0.00,68.15,14333.20,336.55,0,0,0,0.00,0,F1,120,,,,,
2026-05-11,2026-05-11,FO,NSE,IDO,38726,,MIDCPNIFTY,,2026-06-30,2026-06-30,14750.00,CE,MIDCPNIFTY26JUN14750CE,0.00,0.00,0.00,77.85,0.00,77.85,14333.20,383.15,0,0,0,0.00,0,F1,120,,,,,
2026-05-11,2026-05-11,FO,NSE,IDO,35108,,MIDCPNIFTY,,2026-06-30,2026-06-30,14525.00,CE,MIDCPNIFTY26JUN14525CE,0.00,0.00,0.00,98.55,0.00,98.55,14333.20,478.55,0,0,0,0.00,0,F1,120,,,,,
2026-05-11,2026-05-11,FO,NSE,IDO,78660,,MIDCPNIFTY,,2026-06-30,2026-06-30,14175.00,CE,MIDCPNIFTY26JUN14175CE,0.00,0.00,0.00,95.80,0.00,95.80,14333.20,657.60,0,0,0,0.00,0,F1,120,,,,,
2026-05-11,2026-05-11,FO,NSE,IDO,78636,,MIDCPNIFTY,,2026-06-30,2026-06-30,13875.00,CE,MIDCPNIFTY26JUN13875CE,0.00,0.00,0.00,134.80,0.00,134.80,14333.20,840.95,0,0,0,0.00,0,F1,120,,,,,
2026-05-11,2026-05-11,FO,NSE,IDO,43688,,MIDCPNIFTY,,2026-05-26,2026-05-26,10950.00,CE,MIDCPNIFTY26MAY10950CE,0.00,0.00,0.00,2266.75,0.00,2266.75,14333.20,3409.80,0,0,0,0.00,0,F1,120,,,,,
2026-05-11,2026-05-11,FO,NSE,IDO,78375,,MIDCPNIFTY,,2026-06-30,2026-06-30,12925.00,CE,MIDCPNIFTY26JUN12925CE,0.00,0.00,0.00,355.15,0.00,355.15,14333.20,1580.55,0,0,0,0.00,0,F1,120,,,,,
2026-05-11,2026-05-11,FO,NSE,IDO,78367,,MIDCPNIFTY,,2026-06-30,2026-06-30,12825.00,CE,MIDCPNIFTY26JUN12825CE,0.00,0.00,0.00,389.30,0.00,389.30,14333.20,1669.30,0,0,0,0.00,0,F1,120,,,,,
2026-05-11,2026-05-11,FO,NSE,IDO,78285,,MIDCPNIFTY,,2026-06-30,2026-06-30,12325.00,CE,MIDCPNIFTY26JUN12325CE,0.00,0.00,0.00,597.90,0.00,597.90,14333.20,2132.30,0,0,0,0.00,0,F1,120,,,,,
2026-05-11,2026-05-11,FO,NSE,IDO,78277,,MIDCPNIFTY,,2026-06-30,2026-06-30,12225.00,CE,MIDCPNIFTY26JUN12225CE,0.00,0.00,0.00,647.55,0.00,647.55,14333.20,2227.80,0,0,0,0.00,0,F1,120,,,,,
2026-05-11,2026-05-11,FO,NSE,IDO,78267,,MIDCPNIFTY,,2026-06-30,2026-06-30,12125.00,CE,MIDCPNIFTY26JUN12125CE,0.00,0.00,0.00,699.90,0.00,699.90,14333.20,2323.95,0,0,0,0.00,0,F1,120,,,,,
2026-05-11,2026-05-11,FO,NSE,IDO,78186,,MIDCPNIFTY,,2026-06-30,2026-06-30,11825.00,CE,MIDCPNIFTY26JUN11825CE,0.00,0.00,0.00,873.25,0.00,873.25,14333.20,2615.50,0,0,0,0.00,0,F1,120,,,,,
2026-05-11,2026-05-11,FO,NSE,IDO,78105,,MIDCPNIFTY,,2026-06-30,2026-06-30,11400.00,CE,MIDCPNIFTY26JUN11400CE,0.00,0.00,0.00,1160.00,0.00,1160.00,14333.20,3033.30,0,0,0,0.00,0,F1,120,,,,,
2026-05-11,2026-05-11,FO,NSE,IDO,78101,,MIDCPNIFTY,,2026-06-30,2026-06-30,11350.00,CE,MIDCPNIFTY26JUN11350CE,0.00,0.00,0.00,1196.20,0.00,1196.20,14333.20,3082.65,0,0,0,0.00,0,F1,120,,,,,
2026-05-11,2026-05-11,FO,NSE,IDO,78070,,MIDCPNIFTY,,2026-06-30,2026-06-30,11050.00,CE,MIDCPNIFTY26JUN11050CE,0.00,0.00,0.00,1427.55,0.00,1427.55,14333.20,3379.35,0,0,0,0.00,0,F1,120,,,,,
2026-05-11,2026-05-11,FO,NSE,IDO,78063,,MIDCPNIFTY,,2026-06-30,2026-06-30,10975.00,CE,MIDCPNIFTY26JUN10975CE,0.00,0.00,0.00,1488.30,0.00,1488.30,14333.20,3453.60,0,0,0,0.00,0,F1,120,,,,,
2026-05-11,2026-05-11,FO,NSE,IDO,78027,,MIDCPNIFTY,,2026-06-30,2026-06-30,10950.00,CE,MIDCPNIFTY26JUN10950CE,0.00,0.00,0.00,1508.80,0.00,1508.80,14333.20,3478.35,0,0,0,0.00,0,F1,120,,,,,
2026-05-11,2026-05-11,FO,NSE,IDO,35476,,MIDCPNIFTY,,2026-05-26,2026-05-26,15850.00,CE,MIDCPNIFTY26MAY15850CE,0.00,0.00,0.00,74.65,0.00,74.65,14333.20,6.10,0,0,0,0.00,0,F1,120,,,,,
2026-05-11,2026-05-11,FO,NSE,IDO,71181,,MIDCPNIFTY,,2026-05-26,2026-05-26,15525.00,CE,MIDCPNIFTY26MAY15525CE,27.40,27.40,27.40,27.40,27.40,86.40,14333.20,17.55,120,120,1,1866288.00,1,F1,120,,,,,
2026-05-11,2026-05-11,FO,NSE,IDO,71027,,MIDCPNIFTY,,2026-05-26,2026-05-26,15125.00,CE,MIDCPNIFTY26MAY15125CE,29.95,36.35,22.95,27.50,27.20,40.40,14333.20,27.50,5520,-1440,59,107279244.00,40,F1,120,,,,,
2026-05-11,2026-05-11,FO,NSE,IDO,70988,,MIDCPNIFTY,,2026-05-26,2026-05-26,14850.00,CE,MIDCPNIFTY26MAY14850CE,108.05,108.40,60.00,69.90,71.00,110.85,14333.20,69.90,22560,-720,284,508673076.00,252,F1,120,,,,,
2026-05-11,2026-05-11,FO,NSE,IDO,70978,,MIDCPNIFTY,,2026-05-26,2026-05-26,14725.00,CE,MIDCPNIFTY26MAY14725CE,114.60,138.10,92.55,101.60,103.10,162.65,14333.20,101.60,10680,1680,68,121048056.00,59,F1,120,,,,,
2026-05-11,2026-05-11,FO,NSE,IDO,63570,,MIDCPNIFTY,,2026-07-28,2026-07-28,15400.00,PE,MIDCPNIFTY26JUL15400PE,0.00,0.00,0.00,1462.00,0.00,1462.00,14333.20,1172.65,0,0,0,0.00,0,F1,120,,,,,
2026-05-11,2026-05-11,FO,NSE,IDO,63580,,MIDCPNIFTY,,2026-07-28,2026-07-28,15525.00,PE,MIDCPNIFTY26JUL15525PE,0.00,0.00,0.00,1557.80,0.00,1557.80,14333.20,1262.75,0,0,0,0.00,0,F1,120,,,,,
2026-05-11,2026-05-11,FO,NSE,IDO,63590,,MIDCPNIFTY,,2026-07-28,2026-07-28,15650.00,PE,MIDCPNIFTY26JUL15650PE,0.00,0.00,0.00,1656.45,0.00,1656.45,14333.20,1356.50,0,0,0,0.00,0,F1,120,,,,,
2026-05-11,2026-05-11,FO,NSE,IDO,63596,,MIDCPNIFTY,,2026-07-28,2026-07-28,15725.00,PE,MIDCPNIFTY26JUL15725PE,0.00,0.00,0.00,1716.70,0.00,1716.70,14333.20,1413.70,0,0,0,0.00,0,F1,120,,,,,
2026-05-11,2026-05-11,FO,NSE,IDO,70946,,MIDCPNIFTY,,2026-05-26,2026-05-26,14350.00,CE,MIDCPNIFTY26MAY14350CE,360.00,360.00,231.05,266.65,259.05,368.75,14333.20,266.65,38640,26520,2752,4830051786.00,2219,F1,120,,,,,
2026-05-11,2026-05-11,FO,NSE,IDO,70820,,MIDCPNIFTY,,2026-05-26,2026-05-26,13800.00,CE,MIDCPNIFTY26MAY13800CE,673.35,738.55,600.05,649.15,648.30,780.00,14333.20,649.15,56520,-8160,165,286191006.00,76,F1,120,,,,,
2026-05-11,2026-05-11,FO,NSE,IDO,70489,,MIDCPNIFTY,,2026-05-26,2026-05-26,12150.00,CE,MIDCPNIFTY26MAY12150CE,0.00,0.00,0.00,1589.05,0.00,1589.05,14333.20,2212.75,0,0,0,0.00,0,F1,120,,,,,
2026-05-11,2026-05-11,FO,NSE,IDO,70587,,MIDCPNIFTY,,2026-05-26,2026-05-26,12800.00,CE,MIDCPNIFTY26MAY12800CE,0.00,0.00,0.00,1084.80,0.00,1084.80,14333.20,1566.25,0,0,0,0.00,0,F1,120,,,,,
2026-05-11,2026-05-11,FO,NSE,IDO,70649,,MIDCPNIFTY,,2026-05-26,2026-05-26,13150.00,CE,MIDCPNIFTY26MAY13150CE,0.00,0.00,0.00,853.60,0.00,853.60,14333.20,1224.40,0,0,0,0.00,0,F1,120,,,,,
2026-05-11,2026-05-11,FO,NSE,IDO,63347,,MIDCPNIFTY,,2026-07-28,2026-07-28,12700.00,CE,MIDCPNIFTY26JUL12700CE,0.00,0.00,0.00,1615.65,0.00,1615.65,14333.20,1886.95,0,0,0,0.00,0,F1,120,,,,,
2026-05-11,2026-05-11,FO,NSE,IDO,70448,,MIDCPNIFTY,,2026-05-26,2026-05-26,11925.00,PE,MIDCPNIFTY26MAY11925PE,0.00,0.00,0.00,0.65,0.65,0.65,14333.20,0.05,600,0,0,0.00,0,F1,120,,,,,
2026-05-11,2026-05-11,FO,NSE,IDO,63620,,MIDCPNIFTY,,2026-07-28,2026-07-28,16000.00,PE,MIDCPNIFTY26JUL16000PE,0.00,0.00,0.00,1943.95,0.00,1943.95,14333.20,1630.30,0,0,0,0.00,0,F1,120,,,,,
2026-05-11,2026-05-11,FO,NSE,IDO,63602,,MIDCPNIFTY,,2026-07-28,2026-07-28,15800.00,PE,MIDCPNIFTY26JUL15800PE,0.00,0.00,0.00,1777.75,0.00,1777.75,14333.20,1471.15,0,0,0,0.00,0,F1,120,,,,,
2026-05-11,2026-05-11,FO,NSE,IDO,63422,,MIDCPNIFTY,,2026-07-28,2026-07-28,13625.00,PE,MIDCPNIFTY26JUL13625PE,0.00,0.00,0.00,422.45,0.00,422.45,14333.20,270.50,0,0,0,0.00,0,F1,120,,,,,
2026-05-11,2026-05-11,FO,NSE,IDO,63356,,MIDCPNIFTY,,2026-07-28,2026-07-28,12800.00,PE,MIDCPNIFTY26JUL12800PE,0.00,0.00,0.00,177.55,0.00,177.55,14333.20,95.60,0,0,0,0.00,0,F1,120,,,,,
2026-05-11,2026-05-11,FO,NSE,IDO,52009,,MIDCPNIFTY,,2026-06-30,2026-06-30,15750.00,PE,MIDCPNIFTY26JUN15750PE,0.00,0.00,0.00,2092.90,0.00,2092.90,14333.20,1400.55,0,0,0,0.00,0,F1,120,,,,,
2026-05-11,2026-05-11,FO,NSE,IDO,49278,,MIDCPNIFTY,,2026-06-30,2026-06-30,15575.00,PE,MIDCPNIFTY26JUN15575PE,0.00,0.00,0.00,2050.35,0.00,2050.35,14333.20,1257.15,0,0,0,0.00,0,F1,120,,,,,
2026-05-11,2026-05-11,FO,NSE,IDO,78792,,MIDCPNIFTY,,2026-06-30,2026-06-30,15400.00,PE,MIDCPNIFTY26JUN15400PE,0.00,0.00,0.00,2985.50,0.00,2985.50,14333.20,1119.60,0,0,0,0.00,0,F1,120,,,,,
2026-05-11,2026-05-11,FO,NSE,IDO,35131,,MIDCPNIFTY,,2026-06-30,2026-06-30,14675.00,PE,MIDCPNIFTY26JUN14675PE,0.00,0.00,0.00,2037.85,0.00,2037.85,14333.20,627.95,0,0,0,0.00,0,F1,120,,,,,
2026-05-11,2026-05-11,FO,NSE,IDO,78643,,MIDCPNIFTY,,2026-06-30,2026-06-30,13950.00,PE,MIDCPNIFTY26JUN13950PE,0.00,0.00,0.00,1665.35,0.00,1665.35,14333.20,288.55,0,0,0,0.00,0,F1,120,,,,,
2026-05-11,2026-05-11,FO,NSE,IDO,78629,,MIDCPNIFTY,,2026-06-30,2026-06-30,13775.00,PE,MIDCPNIFTY26JUN13775PE,0.00,0.00,0.00,1520.00,0.00,1520.00,14333.20,230.50,0,0,0,0.00,0,F1,120,,,,,
2026-05-11,2026-05-11,FO,NSE,IDO,78586,,MIDCPNIFTY,,2026-06-30,2026-06-30,13475.00,PE,MIDCPNIFTY26JUN13475PE,0.00,0.00,0.00,1282.45,0.00,1282.45,14333.20,151.15,0,0,0,0.00,0,F1,120,,,,,
2026-05-11,2026-05-11,FO,NSE,IDO,78566,,MIDCPNIFTY,,2026-06-30,2026-06-30,13425.00,PE,MIDCPNIFTY26JUN13425PE,0.00,0.00,0.00,1244.25,0.00,1244.25,14333.20,140.15,0,0,0,0.00,0,F1,120,,,,,
2026-05-11,2026-05-11,FO,NSE,IDO,78474,,MIDCPNIFTY,,2026-06-30,2026-06-30,13000.00,PE,MIDCPNIFTY26JUN13000PE,59.45,70.00,52.00,70.00,70.00,52.00,14333.20,70.00,3000,3000,27,42339576.00,11,F1,120,,,,,
2026-05-11,2026-05-11,FO,NSE,IDO,78372,,MIDCPNIFTY,,2026-06-30,2026-06-30,12875.00,PE,MIDCPNIFTY26JUN12875PE,0.00,0.00,0.00,857.55,0.00,857.55,14333.20,55.00,0,0,0,0.00,0,F1,120,,,,,
2026-05-11,2026-05-11,FO,NSE,IDO,78324,,MIDCPNIFTY,,2026-06-30,2026-06-30,12700.00,PE,MIDCPNIFTY26JUN12700PE,0.00,0.00,0.00,749.20,0.00,749.20,14333.20,39.10,0,0,0,0.00,0,F1,120,,,,,
2026-05-11,2026-05-11,FO,NSE,IDO,78302,,MIDCPNIFTY,,2026-06-30,2026-06-30,12475.00,PE,MIDCPNIFTY26JUN12475PE,0.00,0.00,0.00,621.25,0.00,621.25,14333.20,24.35,0,0,0,0.00,0,F1,120,,,,,
2026-05-11,2026-05-11,FO,NSE,IDO,78298,,MIDCPNIFTY,,2026-06-30,2026-06-30,12425.00,PE,MIDCPNIFTY26JUN12425PE,0.00,0.00,0.00,594.60,0.00,594.60,14333.20,21.80,0,0,0,0.00,0,F1,120,,,,,
2026-05-11,2026-05-11,FO,NSE,IDO,78258,,MIDCPNIFTY,,2026-06-30,2026-06-30,12000.00,PE,MIDCPNIFTY26JUN12000PE,0.00,0.00,0.00,395.50,0.00,395.50,14333.20,7.80,0,0,0,0.00,0,F1,120,,,,,
2026-05-11,2026-05-11,FO,NSE,IDO,40736,,MIDCPNIFTY,,2026-06-30,2026-06-30,14975.00,CE,MIDCPNIFTY26JUN14975CE,0.00,0.00,0.00,150.70,0.00,150.70,14333.20,302.40,0,0,0,0.00,0,F1,120,,,,,
2026-05-11,2026-05-11,FO,NSE,IDO,40781,,MIDCPNIFTY,,2026-06-30,2026-06-30,15425.00,CE,MIDCPNIFTY26JUN15425CE,0.00,0.00,0.00,93.15,0.00,93.15,14333.20,180.65,0,0,0,0.00,0,F1,120,,,,,
2026-05-11,2026-05-11,FO,NSE,IDO,52008,,MIDCPNIFTY,,2026-06-30,2026-06-30,15750.00,CE,MIDCPNIFTY26JUN15750CE,0.00,0.00,0.00,84.95,0.00,84.95,14333.20,120.15,0,0,0,0.00,0,F1,120,,,,,
2026-05-11,2026-05-11,FO,NSE,IDO,53809,,MIDCPNIFTY,,2026-06-30,2026-06-30,15850.00,CE,MIDCPNIFTY26JUN15850CE,0.00,0.00,0.00,88.25,0.00,88.25,14333.20,105.35,0,0,0,0.00,0,F1,120,,,,,
2026-05-11,2026-05-11,FO,NSE,IDO,63323,,MIDCPNIFTY,,2026-07-28,2026-07-28,12400.00,CE,MIDCPNIFTY26JUL12400CE,0.00,0.00,0.00,1860.65,0.00,1860.65,14333.20,2151.90,0,0,0,0.00,0,F1,120,,,,,
2026-05-11,2026-05-11,FO,NSE,IDO,63343,,MIDCPNIFTY,,2026-07-28,2026-07-28,12650.00,CE,MIDCPNIFTY26JUL12650CE,0.00,0.00,0.00,1655.45,0.00,1655.45,14333.20,1930.30,0,0,0,0.00,0,F1,120,,,,,
2026-05-11,2026-05-11,FO,NSE,IDO,63355,,MIDCPNIFTY,,2026-07-28,2026-07-28,12800.00,CE,MIDCPNIFTY26JUL12800CE,0.00,0.00,0.00,1537.45,0.00,1537.45,14333.20,1801.30,0,0,0,0.00,0,F1,120,,,,,
2026-05-11,2026-05-11,FO,NSE,IDO,63367,,MIDCPNIFTY,,2026-07-28,2026-07-28,12950.00,CE,MIDCPNIFTY26JUL12950CE,0.00,0.00,0.00,1423.60,0.00,1423.60,14333.20,1675.80,0,0,0,0.00,0,F1,120,,,,,
2026-05-11,2026-05-11,FO,NSE,IDO,63547,,MIDCPNIFTY,,2026-07-28,2026-07-28,15125.00,CE,MIDCPNIFTY26JUL15125CE,0.00,0.00,0.00,326.70,0.00,326.70,14333.20,397.35,0,0,0,0.00,0,F1,120,,,,,
2026-05-11,2026-05-11,FO,NSE,IDO,63555,,MIDCPNIFTY,,2026-07-28,2026-07-28,15225.00,CE,MIDCPNIFTY26JUL15225CE,0.00,0.00,0.00,300.35,0.00,300.35,14333.20,365.05,0,0,0,0.00,0,F1,120,,,,,
2026-05-11,2026-05-11,FO,NSE,IDO,63573,,MIDCPNIFTY,,2026-07-28,2026-07-28,15450.00,CE,MIDCPNIFTY26JUL15450CE,0.00,0.00,0.00,248.25,0.00,248.25,14333.20,299.75,0,0,0,0.00,0,F1,120,,,,,
2026-05-11,2026-05-11,FO,NSE,IDO,63581,,MIDCPNIFTY,,2026-07-28,2026-07-28,15550.00,CE,MIDCPNIFTY26JUL15550CE,0.00,0.00,0.00,226.75,0.00,226.75,14333.20,274.50,0,0,0,0.00,0,F1,120,,,,,
2026-05-11,2026-05-11,FO,NSE,IDO,63603,,MIDCPNIFTY,,2026-07-28,2026-07-28,15825.00,CE,MIDCPNIFTY26JUL15825CE,0.00,0.00,0.00,176.60,0.00,176.60,14333.20,212.20,0,0,0,0.00,0,F1,120,,,,,
2026-05-11,2026-05-11,FO,NSE,IDO,63615,,MIDCPNIFTY,,2026-07-28,2026-07-28,15950.00,CE,MIDCPNIFTY26JUL15950CE,0.00,0.00,0.00,157.10,0.00,157.10,14333.20,188.15,0,0,0,0.00,0,F1,120,,,,,
2026-05-11,2026-05-11,FO,NSE,IDO,40457,,MIDCPNIFTY,,2026-05-26,2026-05-26,11175.00,PE,MIDCPNIFTY26MAY11175PE,0.00,0.00,0.00,1.60,1.60,1.60,14333.20,0.00,600,0,0,0.00,0,F1,120,,,,,
2026-05-11,2026-05-11,FO,NSE,IDO,70310,,MIDCPNIFTY,,2026-05-26,2026-05-26,11475.00,PE,MIDCPNIFTY26MAY11475PE,0.00,0.00,0.00,27.10,0.00,27.10,14333.20,0.00,0,0,0,0.00,0,F1,120,,,,,
2026-05-11,2026-05-11,FO,NSE,IDO,70341,,MIDCPNIFTY,,2026-05-26,2026-05-26,11625.00,PE,MIDCPNIFTY26MAY11625PE,0.00,0.00,0.00,1.80,1.80,1.80,14333.20,0.00,1080,0,0,0.00,0,F1,120,,,,,
2026-05-11,2026-05-11,FO,NSE,IDO,70345,,MIDCPNIFTY,,2026-05-26,2026-05-26,11650.00,PE,MIDCPNIFTY26MAY11650PE,0.00,0.00,0.00,1.70,1.70,1.70,14333.20,0.00,600,0,0,0.00,0,F1,120,,,,,
2026-05-11,2026-05-11,FO,NSE,IDO,70366,,MIDCPNIFTY,,2026-05-26,2026-05-26,11725.00,PE,MIDCPNIFTY26MAY11725PE,0.00,0.00,0.00,8.90,8.90,8.90,14333.20,0.00,1680,0,0,0.00,0,F1,120,,,,,
2026-05-11,2026-05-11,FO,NSE,IDO,70374,,MIDCPNIFTY,,2026-05-26,2026-05-26,11775.00,PE,MIDCPNIFTY26MAY11775PE,0.00,0.00,0.00,2.50,2.50,2.50,14333.20,0.00,4200,0,0,0.00,0,F1,120,,,,,
2026-05-11,2026-05-11,FO,NSE,IDO,70239,,MIDCPNIFTY,,2026-05-26,2026-05-26,11275.00,CE,MIDCPNIFTY26MAY11275CE,0.00,0.00,0.00,2377.20,0.00,2377.20,14333.20,3085.55,0,0,0,0.00,0,F1,120,,,,,
2026-05-11,2026-05-11,FO,NSE,IDO,70151,,MIDCPNIFTY,,2026-05-26,2026-05-26,11225.00,CE,MIDCPNIFTY26MAY11225CE,0.00,0.00,0.00,2424.50,0.00,2424.50,14333.20,3135.45,0,0,0,0.00,0,F1,120,,,,,
2026-05-11,2026-05-11,FO,NSE,IDO,43693,,MIDCPNIFTY,,2026-05-26,2026-05-26,11025.00,CE,MIDCPNIFTY26MAY11025CE,0.00,0.00,0.00,2195.70,0.00,2195.70,14333.20,3334.95,0,0,0,0.00,0,F1,120,,,,,
2026-05-11,2026-05-11,FO,NSE,IDO,63612,,MIDCPNIFTY,,2026-07-28,2026-07-28,15900.00,PE,MIDCPNIFTY26JUL15900PE,0.00,0.00,0.00,1860.25,0.00,1860.25,14333.20,1550.00,0,0,0,0.00,0,F1,120,,,,,
2026-05-11,2026-05-11,FO,NSE,IDO,63592,,MIDCPNIFTY,,2026-07-28,2026-07-28,15675.00,PE,MIDCPNIFTY26JUL15675PE,0.00,0.00,0.00,1676.45,0.00,1676.45,14333.20,1375.45,0,0,0,0.00,0,F1,120,,,,,
2026-05-11,2026-05-11,FO,NSE,IDO,63516,,MIDCPNIFTY,,2026-07-28,2026-07-28,14750.00,PE,MIDCPNIFTY26JUL14750PE,0.00,0.00,0.00,1004.10,0.00,1004.10,14333.20,756.20,0,0,0,0.00,0,F1,120,,,,,
2026-05-11,2026-05-11,FO,NSE,IDO,63500,,MIDCPNIFTY,,2026-07-28,2026-07-28,14550.00,PE,MIDCPNIFTY26JUL14550PE,0.00,0.00,0.00,880.05,0.00,880.05,14333.20,647.30,0,0,0,0.00,0,F1,120,,,,,
2026-05-11,2026-05-11,FO,NSE,IDO,63462,,MIDCPNIFTY,,2026-07-28,2026-07-28,14075.00,PE,MIDCPNIFTY26JUL14075PE,0.00,0.00,0.00,620.55,0.00,620.55,14333.20,427.90,0,0,0,0.00,0,F1,120,,,,,
2026-05-11,2026-05-11,FO,NSE,IDO,63420,,MIDCPNIFTY,,2026-07-28,2026-07-28,13600.00,PE,MIDCPNIFTY26JUL13600PE,0.00,0.00,0.00,412.85,0.00,412.85,14333.20,263.15,0,0,0,0.00,0,F1,120,,,,,
2026-05-11,2026-05-11,FO,NSE,IDO,63384,,MIDCPNIFTY,,2026-07-28,2026-07-28,13150.00,PE,MIDCPNIFTY26JUL13150PE,0.00,0.00,0.00,264.20,0.00,264.20,14333.20,154.00,0,0,0,0.00,0,F1,120,,,,,
2026-05-11,2026-05-11,FO,NSE,IDO,63378,,MIDCPNIFTY,,2026-07-28,2026-07-28,13075.00,PE,MIDCPNIFTY26JUL13075PE,0.00,0.00,0.00,243.70,0.00,243.70,14333.20,139.70,0,0,0,0.00,0,F1,120,,,,,
2026-05-11,2026-05-11,FO,NSE,IDO,63368,,MIDCPNIFTY,,2026-07-28,2026-07-28,12950.00,PE,MIDCPNIFTY26JUL12950PE,0.00,0.00,0.00,211.55,0.00,211.55,14333.20,118.05,0,0,0,0.00,0,F1,120,,,,,
2026-05-11,2026-05-11,FO,NSE,IDO,63364,,MIDCPNIFTY,,2026-07-28,2026-07-28,12900.00,PE,MIDCPNIFTY26JUL12900PE,0.00,0.00,0.00,199.75,0.00,199.75,14333.20,110.20,0,0,0,0.00,0,F1,120,,,,,
2026-05-11,2026-05-11,FO,NSE,IDO,63352,,MIDCPNIFTY,,2026-07-28,2026-07-28,12750.00,PE,MIDCPNIFTY26JUL12750PE,0.00,0.00,0.00,167.15,0.00,167.15,14333.20,88.90,0,0,0,0.00,0,F1,120,,,,,
2026-05-11,2026-05-11,FO,NSE,IDO,53814,,MIDCPNIFTY,,2026-06-30,2026-06-30,15925.00,PE,MIDCPNIFTY26JUN15925PE,0.00,0.00,0.00,2133.30,0.00,2133.30,14333.20,1549.15,0,0,0,0.00,0,F1,120,,,,,
2026-05-11,2026-05-11,FO,NSE,IDO,53812,,MIDCPNIFTY,,2026-06-30,2026-06-30,15875.00,PE,MIDCPNIFTY26JUN15875PE,0.00,0.00,0.00,2088.65,0.00,2088.65,14333.20,1506.20,0,0,0,0.00,0,F1,120,,,,,
2026-05-11,2026-05-11,FO,NSE,IDO,49284,,MIDCPNIFTY,,2026-06-30,2026-06-30,15650.00,PE,MIDCPNIFTY26JUN15650PE,0.00,0.00,0.00,2116.85,0.00,2116.85,14333.20,1317.90,0,0,0,0.00,0,F1,120,,,,,
2026-05-11,2026-05-11,FO,NSE,IDO,49276,,MIDCPNIFTY,,2026-06-30,2026-06-30,15550.00,PE,MIDCPNIFTY26JUN15550PE,0.00,0.00,0.00,2028.30,0.00,2028.30,14333.20,1237.10,0,0,0,0.00,0,F1,120,,,,,
2026-05-11,2026-05-11,FO,NSE,IDO,78800,,MIDCPNIFTY,,2026-06-30,2026-06-30,15500.00,PE,MIDCPNIFTY26JUN15500PE,0.00,0.00,0.00,3081.10,0.00,3081.10,14333.20,1197.45,0,0,0,0.00,0,F1,120,,,,,
2026-05-11,2026-05-11,FO,NSE,IDO,40753,,MIDCPNIFTY,,2026-06-30,2026-06-30,15150.00,PE,MIDCPNIFTY26JUN15150PE,0.00,0.00,0.00,1839.05,0.00,1839.05,14333.20,934.65,0,0,0,0.00,0,F1,120,,,,,
2026-05-11,2026-05-11,FO,NSE,IDO,40745,,MIDCPNIFTY,,2026-06-30,2026-06-30,15075.00,PE,MIDCPNIFTY26JUN15075PE,0.00,0.00,0.00,1775.45,0.00,1775.45,14333.20,882.20,0,0,0,0.00,0,F1,120,,,,,
2026-05-11,2026-05-11,FO,NSE,IDO,40741,,MIDCPNIFTY,,2026-06-30,2026-06-30,15050.00,PE,MIDCPNIFTY26JUN15050PE,0.00,0.00,0.00,1754.40,0.00,1754.40,14333.20,865.00,0,0,0,0.00,0,F1,120,,,,,
2026-05-11,2026-05-11,FO,NSE,IDO,41342,,MIDCPNIFTY,,2026-06-30,2026-06-30,14875.00,PE,MIDCPNIFTY26JUN14875PE,0.00,0.00,0.00,2105.85,0.00,2105.85,14333.20,749.50,0,0,0,0.00,0,F1,120,,,,,
2026-05-11,2026-05-11,FO,NSE,IDO,78778,,MIDCPNIFTY,,2026-06-30,2026-06-30,14800.00,PE,MIDCPNIFTY26JUN14800PE,0.00,0.00,0.00,2420.75,0.00,2420.75,14333.20,702.60,0,0,0,0.00,0,F1,120,,,,,
2026-05-11,2026-05-11,FO,NSE,IDO,78772,,MIDCPNIFTY,,2026-06-30,2026-06-30,14500.00,PE,MIDCPNIFTY26JUN14500PE,448.00,481.00,435.00,473.30,473.30,384.10,14333.20,531.30,1680,-720,8,14360370.00,8,F1,120,,,,,
2026-05-11,2026-05-11,FO,NSE,IDO,78663,,MIDCPNIFTY,,2026-06-30,2026-06-30,14200.00,PE,MIDCPNIFTY26JUN14200PE,0.00,0.00,0.00,1879.90,0.00,1879.90,14333.20,387.40,0,0,0,0.00,0,F1,120,,,,,
2026-05-11,2026-05-11,FO,NSE,IDO,78657,,MIDCPNIFTY,,2026-06-30,2026-06-30,14125.00,PE,MIDCPNIFTY26JUN14125PE,0.00,0.00,0.00,1814.75,0.00,1814.75,14333.20,355.75,0,0,0,0.00,0,F1,120,,,,,
2026-05-11,2026-05-11,FO,NSE,IDO,78653,,MIDCPNIFTY,,2026-06-30,2026-06-30,14075.00,PE,MIDCPNIFTY26JUN14075PE,0.00,0.00,0.00,1771.65,0.00,1771.65,14333.20,335.60,0,0,0,0.00,0,F1,120,,,,,
2026-05-11,2026-05-11,FO,NSE,IDO,78538,,MIDCPNIFTY,,2026-06-30,2026-06-30,13400.00,PE,MIDCPNIFTY26JUN13400PE,0.00,0.00,0.00,1225.30,0.00,1225.30,14333.20,134.90,0,0,0,0.00,0,F1,120,,,,,
2026-05-11,2026-05-11,FO,NSE,IDO,78239,,MIDCPNIFTY,,2026-06-30,2026-06-30,11925.00,PE,MIDCPNIFTY26JUN11925PE,0.00,0.00,0.00,365.45,0.00,365.45,14333.20,6.40,0,0,0,0.00,0,F1,120,,,,,
2026-05-11,2026-05-11,FO,NSE,IDO,78124,,MIDCPNIFTY,,2026-06-30,2026-06-30,11625.00,PE,MIDCPNIFTY26JUN11625PE,0.00,0.00,0.00,260.20,0.00,260.20,14333.20,2.75,0,0,0,0.00,0,F1,120,,,,,
2026-05-11,2026-05-11,FO,NSE,IDO,78122,,MIDCPNIFTY,,2026-06-30,2026-06-30,11600.00,PE,MIDCPNIFTY26JUN11600PE,0.00,0.00,0.00,252.45,0.00,252.45,14333.20,2.55,0,0,0,0.00,0,F1,120,,,,,
2026-05-11,2026-05-11,FO,NSE,IDO,78118,,MIDCPNIFTY,,2026-06-30,2026-06-30,11550.00,PE,MIDCPNIFTY26JUN11550PE,0.00,0.00,0.00,237.50,0.00,237.50,14333.20,2.20,0,0,0,0.00,0,F1,120,,,,,
2026-05-11,2026-05-11,FO,NSE,IDO,78112,,MIDCPNIFTY,,2026-06-30,2026-06-30,11475.00,PE,MIDCPNIFTY26JUN11475PE,0.00,0.00,0.00,216.85,0.00,216.85,14333.20,1.75,0,0,0,0.00,0,F1,120,,,,,
2026-05-11,2026-05-11,FO,NSE,IDO,78106,,MIDCPNIFTY,,2026-06-30,2026-06-30,11400.00,PE,MIDCPNIFTY26JUN11400PE,0.00,0.00,0.00,197.05,0.00,197.05,14333.20,1.35,0,0,0,0.00,0,F1,120,,,,,
2026-05-11,2026-05-11,FO,NSE,IDO,78092,,MIDCPNIFTY,,2026-06-30,2026-06-30,11225.00,PE,MIDCPNIFTY26JUN11225PE,0.00,0.00,0.00,155.40,0.00,155.40,14333.20,0.75,0,0,0,0.00,0,F1,120,,,,,
2026-05-11,2026-05-11,FO,NSE,IDO,78086,,MIDCPNIFTY,,2026-06-30,2026-06-30,11150.00,PE,MIDCPNIFTY26JUN11150PE,0.00,0.00,0.00,139.80,0.00,139.80,14333.20,0.60,0,0,0,0.00,0,F1,120,,,,,
2026-05-11,2026-05-11,FO,NSE,IDO,78064,,MIDCPNIFTY,,2026-06-30,2026-06-30,10975.00,PE,MIDCPNIFTY26JUN10975PE,0.00,0.00,0.00,107.95,0.00,107.95,14333.20,0.35,0,0,0,0.00,0,F1,120,,,,,
2026-05-11,2026-05-11,FO,NSE,IDO,71192,,MIDCPNIFTY,,2026-05-26,2026-05-26,15650.00,PE,MIDCPNIFTY26MAY15650PE,0.00,0.00,0.00,2017.80,0.00,2017.80,14333.20,1290.70,0,0,0,0.00,0,F1,120,,,,,
2026-05-11,2026-05-11,FO,NSE,IDO,71102,,MIDCPNIFTY,,2026-05-26,2026-05-26,15275.00,PE,MIDCPNIFTY26MAY15275PE,0.00,0.00,0.00,1690.90,0.00,1690.90,14333.20,941.10,0,0,0,0.00,0,F1,120,,,,,
2026-05-11,2026-05-11,FO,NSE,IDO,70995,,MIDCPNIFTY,,2026-05-26,2026-05-26,14900.00,PE,MIDCPNIFTY26MAY14900PE,579.75,579.75,570.00,572.00,572.00,445.05,14333.20,625.20,3240,-240,5,9283698.00,4,F1,120,,,,,
2026-05-11,2026-05-11,FO,NSE,IDO,70985,,MIDCPNIFTY,,2026-05-26,2026-05-26,14800.00,PE,MIDCPNIFTY26MAY14800PE,475.00,570.00,420.00,523.25,525.00,381.85,14333.20,523.25,5880,-3360,67,123135648.00,39,F1,120,,,,,
2026-05-11,2026-05-11,FO,NSE,IDO,70981,,MIDCPNIFTY,,2026-05-26,2026-05-26,14750.00,PE,MIDCPNIFTY26MAY14750PE,464.85,509.65,464.85,503.10,503.10,351.00,14333.20,513.30,600,120,3,5487312.00,3,F1,120,,,,,
2026-05-11,2026-05-11,FO,NSE,IDO,70961,,MIDCPNIFTY,,2026-05-26,2026-05-26,14500.00,PE,MIDCPNIFTY26MAY14500PE,278.95,365.30,250.25,311.95,319.05,224.25,14333.20,311.95,342360,-69720,7344,13048005678.00,5533,F1,120,,,,,
2026-05-11,2026-05-11,FO,NSE,IDO,70941,,MIDCPNIFTY,,2026-05-26,2026-05-26,14275.00,PE,MIDCPNIFTY26MAY14275PE,223.10,249.00,165.15,205.60,215.00,140.80,14333.20,205.60,10200,720,694,1206550872.00,577,F1,120,,,,,
2026-05-11,2026-05-11,FO,NSE,IDO,70833,,MIDCPNIFTY,,2026-05-26,2026-05-26,13950.00,PE,MIDCPNIFTY26MAY13950PE,81.60,131.00,81.60,112.50,111.15,72.70,14333.20,112.50,20640,-5280,126,212622924.00,95,F1,120,,,,,
2026-05-11,2026-05-11,FO,NSE,IDO,70817,,MIDCPNIFTY,,2026-05-26,2026-05-26,13750.00,PE,MIDCPNIFTY26MAY13750PE,69.90,88.00,54.95,72.50,73.25,46.10,14333.20,72.50,11160,720,71,117748254.00,66,F1,120,,,,,
2026-05-11,2026-05-11,FO,NSE,IDO,70811,,MIDCPNIFTY,,2026-05-26,2026-05-26,13675.00,PE,MIDCPNIFTY26MAY13675PE,60.00,75.00,46.00,63.05,65.50,39.35,14333.20,63.05,4920,2880,53,87356196.00,42,F1,120,,,,,
2026-05-11,2026-05-11,FO,NSE,IDO,70787,,MIDCPNIFTY,,2026-05-26,2026-05-26,13400.00,PE,MIDCPNIFTY26MAY13400PE,32.00,41.35,24.25,34.85,34.45,22.30,14333.20,34.85,112680,4560,2129,3431967324.00,1527,F1,120,,,,,
2026-05-11,2026-05-11,FO,NSE,IDO,70741,,MIDCPNIFTY,,2026-05-26,2026-05-26,13250.00,PE,MIDCPNIFTY26MAY13250PE,23.35,27.95,18.25,23.95,26.00,16.25,14333.20,23.95,4320,-480,52,82831164.00,33,F1,120,,,,,
2026-05-11,2026-05-11,FO,NSE,IDO,70643,,MIDCPNIFTY,,2026-05-26,2026-05-26,13075.00,PE,MIDCPNIFTY26MAY13075PE,17.95,18.85,13.85,16.35,17.85,11.60,14333.20,16.35,1680,-120,9,14138820.00,6,F1,120,,,,,
2026-05-11,2026-05-11,FO,NSE,IDO,70639,,MIDCPNIFTY,,2026-05-26,2026-05-26,13025.00,PE,MIDCPNIFTY26MAY13025PE,15.70,16.05,12.10,15.75,15.95,10.70,14333.20,15.75,2040,-120,15,23471556.00,12,F1,120,,,,,
2026-05-11,2026-05-11,FO,NSE,IDO,70615,,MIDCPNIFTY,,2026-05-26,2026-05-26,12825.00,PE,MIDCPNIFTY26MAY12825PE,8.75,11.25,8.25,10.10,10.20,9.00,14333.20,10.10,720,-1440,33,50823696.00,26,F1,120,,,,,
2026-05-11,2026-05-11,FO,NSE,IDO,70539,,MIDCPNIFTY,,2026-05-26,2026-05-26,12650.00,PE,MIDCPNIFTY26MAY12650PE,7.80,7.80,2.20,6.00,6.00,9.35,14333.20,6.00,600,-6120,90,136686540.00,33,F1,120,,,,,
2026-05-11,2026-05-11,FO,NSE,IDO,70521,,MIDCPNIFTY,,2026-05-26,2026-05-26,12425.00,PE,MIDCPNIFTY26MAY12425PE,0.00,0.00,0.00,4.50,4.50,4.50,14333.20,0.30,600,0,0,0.00,0,F1,120,,,,,
2026-05-11,2026-05-11,FO,NSE,IDO,70519,,MIDCPNIFTY,,2026-05-26,2026-05-26,12400.00,PE,MIDCPNIFTY26MAY12400PE,5.00,5.00,2.25,3.70,4.00,3.25,14333.20,3.70,147840,1200,18,26791938.00,6,F1,120,,,,,
2026-05-11,2026-05-11,FO,NSE,IDO,70517,,MIDCPNIFTY,,2026-05-26,2026-05-26,12375.00,PE,MIDCPNIFTY26MAY12375PE,0.00,0.00,0.00,6.70,6.70,6.70,14333.20,0.20,480,0,0,0.00,0,F1,120,,,,,
2026-05-11,2026-05-11,FO,NSE,IDO,70499,,MIDCPNIFTY,,2026-05-26,2026-05-26,12225.00,PE,MIDCPNIFTY26MAY12225PE,0.00,0.00,0.00,5.00,5.00,5.00,14333.20,0.10,1920,0,0,0.00,0,F1,120,,,,,
2026-05-11,2026-05-11,FO,NSE,IDO,70429,,MIDCPNIFTY,,2026-05-26,2026-05-26,11875.00,PE,MIDCPNIFTY26MAY11875PE,0.00,0.00,0.00,15.40,15.40,15.40,14333.20,0.05,240,0,0,0.00,0,F1,120,,,,,
2026-05-11,2026-05-11,FO,NSE,IDO,70347,,MIDCPNIFTY,,2026-05-26,2026-05-26,11675.00,PE,MIDCPNIFTY26MAY11675PE,0.00,0.00,0.00,1.80,1.80,1.80,14333.20,0.00,5280,0,0,0.00,0,F1,120,,,,,
2026-05-11,2026-05-11,FO,NSE,IDO,70337,,MIDCPNIFTY,,2026-05-26,2026-05-26,11575.00,PE,MIDCPNIFTY26MAY11575PE,0.00,0.00,0.00,33.00,0.00,33.00,14333.20,0.00,0,0,0,0.00,0,F1,120,,,,,
2026-05-11,2026-05-11,FO,NSE,IDO,70238,,MIDCPNIFTY,,2026-05-26,2026-05-26,11250.00,PE,MIDCPNIFTY26MAY11250PE,0.00,0.00,0.00,1.60,1.60,1.60,14333.20,0.00,480,0,0,0.00,0,F1,120,,,,,
2026-05-11,2026-05-11,FO,NSE,IDO,70118,,MIDCPNIFTY,,2026-05-26,2026-05-26,10700.00,PE,MIDCPNIFTY26MAY10700PE,1.50,1.50,1.05,1.05,1.05,1.20,14333.20,0.00,6720,-120,3,3852486.00,3,F1,120,,,,,
2026-05-11,2026-05-11,FO,NSE,IDO,63561,,MIDCPNIFTY,,2026-07-28,2026-07-28,15300.00,CE,MIDCPNIFTY26JUL15300CE,0.00,0.00,0.00,282.45,0.00,282.45,14333.20,342.15,0,0,0,0.00,0,F1,120,,,,,
2026-05-11,2026-05-11,FO,NSE,IDO,63559,,MIDCPNIFTY,,2026-07-28,2026-07-28,15275.00,CE,MIDCPNIFTY26JUL15275CE,0.00,0.00,0.00,288.50,0.00,288.50,14333.20,349.65,0,0,0,0.00,0,F1,120,,,,,
2026-05-11,2026-05-11,FO,NSE,IDO,63537,,MIDCPNIFTY,,2026-07-28,2026-07-28,15000.00,CE,MIDCPNIFTY26JUL15000CE,0.00,0.00,0.00,362.15,0.00,362.15,14333.20,440.80,0,0,0,0.00,0,F1,120,,,,,
2026-05-11,2026-05-11,FO,NSE,IDO,63533,,MIDCPNIFTY,,2026-07-28,2026-07-28,14950.00,CE,MIDCPNIFTY26JUL14950CE,0.00,0.00,0.00,377.15,0.00,377.15,14333.20,459.15,0,0,0,0.00,0,F1,120,,,,,
2026-05-11,2026-05-11,FO,NSE,IDO,63519,,MIDCPNIFTY,,2026-07-28,2026-07-28,14800.00,CE,MIDCPNIFTY26JUL14800CE,0.00,0.00,0.00,425.05,0.00,425.05,14333.20,517.55,0,0,0,0.00,0,F1,120,,,,,
2026-05-11,2026-05-11,FO,NSE,IDO,63517,,MIDCPNIFTY,,2026-07-28,2026-07-28,14775.00,CE,MIDCPNIFTY26JUL14775CE,0.00,0.00,0.00,433.45,0.00,433.45,14333.20,527.80,0,0,0,0.00,0,F1,120,,,,,
2026-05-11,2026-05-11,FO,NSE,IDO,63489,,MIDCPNIFTY,,2026-07-28,2026-07-28,14425.00,CE,MIDCPNIFTY26JUL14425CE,0.00,0.00,0.00,565.10,0.00,565.10,14333.20,686.85,0,0,0,0.00,0,F1,120,,,,,
2026-05-11,2026-05-11,FO,NSE,IDO,63487,,MIDCPNIFTY,,2026-07-28,2026-07-28,14400.00,CE,MIDCPNIFTY26JUL14400CE,0.00,0.00,0.00,575.50,0.00,575.50,14333.20,699.35,0,0,0,0.00,0,F1,120,,,,,
2026-05-11,2026-05-11,FO,NSE,IDO,63485,,MIDCPNIFTY,,2026-07-28,2026-07-28,14375.00,CE,MIDCPNIFTY26JUL14375CE,0.00,0.00,0.00,586.05,0.00,586.05,14333.20,712.00,0,0,0,0.00,0,F1,120,,,,,
2026-05-11,2026-05-11,FO,NSE,IDO,63455,,MIDCPNIFTY,,2026-07-28,2026-07-28,14000.00,CE,MIDCPNIFTY26JUL14000CE,0.00,0.00,0.00,761.40,0.00,761.40,14333.20,920.20,0,0,0,0.00,0,F1,120,,,,,
2026-05-11,2026-05-11,FO,NSE,IDO,63594,,MIDCPNIFTY,,2026-07-28,2026-07-28,15700.00,PE,MIDCPNIFTY26JUL15700PE,0.00,0.00,0.00,1696.55,0.00,1696.55,14333.20,1394.50,0,0,0,0.00,0,F1,120,,,,,
2026-05-11,2026-05-11,FO,NSE,IDO,63584,,MIDCPNIFTY,,2026-07-28,2026-07-28,15575.00,PE,MIDCPNIFTY26JUL15575PE,0.00,0.00,0.00,1597.00,0.00,1597.00,14333.20,1300.25,0,0,0,0.00,0,F1,120,,,,,
2026-05-11,2026-05-11,FO,NSE,IDO,63542,,MIDCPNIFTY,,2026-07-28,2026-07-28,15050.00,PE,MIDCPNIFTY26JUL15050PE,0.00,0.00,0.00,1205.40,0.00,1205.40,14333.20,936.95,0,0,0,0.00,0,F1,120,,,,,
2026-05-11,2026-05-11,FO,NSE,IDO,63520,,MIDCPNIFTY,,2026-07-28,2026-07-28,14800.00,PE,MIDCPNIFTY26JUL14800PE,0.00,0.00,0.00,1036.40,0.00,1036.40,14333.20,784.85,0,0,0,0.00,0,F1,120,,,,,
2026-05-11,2026-05-11,FO,NSE,IDO,63480,,MIDCPNIFTY,,2026-07-28,2026-07-28,14300.00,PE,MIDCPNIFTY26JUL14300PE,0.00,0.00,0.00,737.10,0.00,737.10,14333.20,524.95,0,0,0,0.00,0,F1,120,,,,,
2026-05-11,2026-05-11,FO,NSE,IDO,63474,,MIDCPNIFTY,,2026-07-28,2026-07-28,14225.00,PE,MIDCPNIFTY26JUL14225PE,0.00,0.00,0.00,696.95,0.00,696.95,14333.20,491.20,0,0,0,0.00,0,F1,120,,,,,
2026-05-11,2026-05-11,FO,NSE,IDO,63440,,MIDCPNIFTY,,2026-07-28,2026-07-28,13850.00,PE,MIDCPNIFTY26JUL13850PE,0.00,0.00,0.00,515.60,0.00,515.60,14333.20,343.20,0,0,0,0.00,0,F1,120,,,,,
2026-05-11,2026-05-11,FO,NSE,IDO,63416,,MIDCPNIFTY,,2026-07-28,2026-07-28,13550.00,PE,MIDCPNIFTY26JUL13550PE,0.00,0.00,0.00,394.00,0.00,394.00,14333.20,249.50,0,0,0,0.00,0,F1,120,,,,,
2026-05-11,2026-05-11,FO,NSE,IDO,63336,,MIDCPNIFTY,,2026-07-28,2026-07-28,12550.00,PE,MIDCPNIFTY26JUL12550PE,0.00,0.00,0.00,130.00,0.00,130.00,14333.20,65.65,0,0,0,0.00,0,F1,120,,,,,
2026-05-11,2026-05-11,FO,NSE,IDO,63332,,MIDCPNIFTY,,2026-07-28,2026-07-28,12500.00,PE,MIDCPNIFTY26JUL12500PE,0.00,0.00,0.00,121.75,0.00,121.75,14333.20,60.65,0,0,0,0.00,0,F1,120,,,,,
2026-05-11,2026-05-11,FO,NSE,IDO,63326,,MIDCPNIFTY,,2026-07-28,2026-07-28,12425.00,PE,MIDCPNIFTY26JUL12425PE,0.00,0.00,0.00,110.15,0.00,110.15,14333.20,53.75,0,0,0,0.00,0,F1,120,,,,,
2026-05-11,2026-05-11,FO,NSE,IDO,52007,,MIDCPNIFTY,,2026-06-30,2026-06-30,15725.00,PE,MIDCPNIFTY26JUN15725PE,0.00,0.00,0.00,2070.65,0.00,2070.65,14333.20,1379.75,0,0,0,0.00,0,F1,120,,,,,
2026-05-11,2026-05-11,FO,NSE,IDO,78790,,MIDCPNIFTY,,2026-06-30,2026-06-30,15300.00,PE,MIDCPNIFTY26JUN15300PE,0.00,0.00,0.00,2890.25,0.00,2890.25,14333.20,1044.40,0,0,0,0.00,0,F1,120,,,,,
2026-05-11,2026-05-11,FO,NSE,IDO,38725,,MIDCPNIFTY,,2026-06-30,2026-06-30,14725.00,PE,MIDCPNIFTY26JUN14725PE,0.00,0.00,0.00,2002.40,0.00,2002.40,14333.20,657.25,0,0,0,0.00,0,F1,120,,,,,
2026-05-11,2026-05-11,FO,NSE,IDO,35103,,MIDCPNIFTY,,2026-06-30,2026-06-30,14425.00,PE,MIDCPNIFTY26JUN14425PE,0.00,0.00,0.00,548.15,548.15,548.15,14333.20,492.70,240,0,0,0.00,0,F1,120,,,,,
2026-05-11,2026-05-11,FO,NSE,IDO,78671,,MIDCPNIFTY,,2026-06-30,2026-06-30,14225.00,PE,MIDCPNIFTY26JUN14225PE,0.00,0.00,0.00,1901.80,0.00,1901.80,14333.20,398.30,0,0,0,0.00,0,F1,120,,,,,
2026-05-11,2026-05-11,FO,NSE,IDO,78655,,MIDCPNIFTY,,2026-06-30,2026-06-30,14100.00,PE,MIDCPNIFTY26JUN14100PE,0.00,0.00,0.00,520.00,520.00,520.00,14333.20,345.55,120,0,0,0.00,0,F1,120,,,,,
2026-05-11,2026-05-11,FO,NSE,IDO,78627,,MIDCPNIFTY,,2026-06-30,2026-06-30,13750.00,PE,MIDCPNIFTY26JUN13750PE,0.00,0.00,0.00,1499.60,0.00,1499.60,14333.20,222.95,0,0,0,0.00,0,F1,120,,,,,
2026-05-11,2026-05-11,FO,NSE,IDO,78504,,MIDCPNIFTY,,2026-06-30,2026-06-30,13250.00,PE,MIDCPNIFTY26JUN13250PE,0.00,0.00,0.00,1113.80,0.00,1113.80,14333.20,106.35,0,0,0,0.00,0,F1,120,,,,,
2026-05-11,2026-05-11,FO,NSE,IDO,78318,,MIDCPNIFTY,,2026-06-30,2026-06-30,12675.00,PE,MIDCPNIFTY26JUN12675PE,0.00,0.00,0.00,734.35,0.00,734.35,14333.20,37.15,0,0,0,0.00,0,F1,120,,,,,
2026-05-11,2026-05-11,FO,NSE,IDO,78306,,MIDCPNIFTY,,2026-06-30,2026-06-30,12525.00,PE,MIDCPNIFTY26JUN12525PE,0.00,0.00,0.00,648.55,0.00,648.55,14333.20,27.15,0,0,0,0.00,0,F1,120,,,,,
2026-05-11,2026-05-11,FO,NSE,IDO,78268,,MIDCPNIFTY,,2026-06-30,2026-06-30,12125.00,PE,MIDCPNIFTY26JUN12125PE,0.00,0.00,0.00,449.00,0.00,449.00,14333.20,10.70,0,0,0,0.00,0,F1,120,,,,,
2026-05-11,2026-05-11,FO,NSE,IDO,78243,,MIDCPNIFTY,,2026-06-30,2026-06-30,11975.00,PE,MIDCPNIFTY26JUN11975PE,0.00,0.00,0.00,385.30,0.00,385.30,14333.20,7.30,0,0,0,0.00,0,F1,120,,,,,
2026-05-11,2026-05-11,FO,NSE,IDO,78116,,MIDCPNIFTY,,2026-06-30,2026-06-30,11525.00,PE,MIDCPNIFTY26JUN11525PE,0.00,0.00,0.00,230.80,0.00,230.80,14333.20,2.05,0,0,0,0.00,0,F1,120,,,,,
2026-05-11,2026-05-11,FO,NSE,IDO,78104,,MIDCPNIFTY,,2026-06-30,2026-06-30,11375.00,PE,MIDCPNIFTY26JUN11375PE,0.00,0.00,0.00,190.75,0.00,190.75,14333.20,1.25,0,0,0,0.00,0,F1,120,,,,,
2026-05-11,2026-05-11,FO,NSE,IDO,78096,,MIDCPNIFTY,,2026-06-30,2026-06-30,11275.00,PE,MIDCPNIFTY26JUN11275PE,0.00,0.00,0.00,166.45,0.00,166.45,14333.20,0.90,0,0,0,0.00,0,F1,120,,,,,
2026-05-11,2026-05-11,FO,NSE,IDO,35477,,MIDCPNIFTY,,2026-05-26,2026-05-26,15850.00,PE,MIDCPNIFTY26MAY15850PE,0.00,0.00,0.00,2014.90,0.00,2014.90,14333.20,1484.45,0,0,0,0.00,0,F1,120,,,,,
2026-05-11,2026-05-11,FO,NSE,IDO,71198,,MIDCPNIFTY,,2026-05-26,2026-05-26,15800.00,PE,MIDCPNIFTY26MAY15800PE,0.00,0.00,0.00,2152.70,0.00,2152.70,14333.20,1435.75,0,0,0,0.00,0,F1,120,,,,,
2026-05-11,2026-05-11,FO,NSE,IDO,35025,,MIDCPNIFTY,,2026-05-26,2026-05-26,15750.00,PE,MIDCPNIFTY26MAY15750PE,0.00,0.00,0.00,2009.50,0.00,2009.50,14333.20,1387.15,0,0,0,0.00,0,F1,120,,,,,
2026-05-11,2026-05-11,FO,NSE,IDO,71194,,MIDCPNIFTY,,2026-05-26,2026-05-26,15675.00,PE,MIDCPNIFTY26MAY15675PE,0.00,0.00,0.00,2040.15,0.00,2040.15,14333.20,1314.75,0,0,0,0.00,0,F1,120,,,,,
2026-05-11,2026-05-11,FO,NSE,IDO,71159,,MIDCPNIFTY,,2026-05-26,2026-05-26,15400.00,PE,MIDCPNIFTY26MAY15400PE,0.00,0.00,0.00,944.10,944.10,944.10,14333.20,1054.95,480,0,0,0.00,0,F1,120,,,,,
2026-05-11,2026-05-11,FO,NSE,IDO,70979,,MIDCPNIFTY,,2026-05-26,2026-05-26,14725.00,PE,MIDCPNIFTY26MAY14725PE,0.00,0.00,0.00,336.40,337.55,336.40,14333.20,495.65,1920,0,0,0.00,0,F1,120,,,,,
2026-05-11,2026-05-11,FO,NSE,IDO,70843,,MIDCPNIFTY,,2026-05-26,2026-05-26,14075.00,PE,MIDCPNIFTY26MAY14075PE,145.00,167.25,109.70,149.50,149.30,94.25,14333.20,149.50,6840,-960,61,104012664.00,53,F1,120,,,,,
2026-05-11,2026-05-11,FO,NSE,IDO,70837,,MIDCPNIFTY,,2026-05-26,2026-05-26,14000.00,PE,MIDCPNIFTY26MAY14000PE,86.10,149.25,86.10,124.70,126.20,81.10,14333.20,124.70,846600,73920,11569,19606299504.00,9350,F1,120,,,,,
2026-05-11,2026-05-11,FO,NSE,IDO,70829,,MIDCPNIFTY,,2026-05-26,2026-05-26,13900.00,PE,MIDCPNIFTY26MAY13900PE,90.95,121.10,75.60,99.40,102.00,65.10,14333.20,99.40,84480,-9600,1779,2988587826.00,1613,F1,120,,,,,
2026-05-11,2026-05-11,FO,NSE,IDO,70827,,MIDCPNIFTY,,2026-05-26,2026-05-26,13875.00,PE,MIDCPNIFTY26MAY13875PE,90.00,114.00,72.85,90.00,97.00,61.40,14333.20,90.00,8640,-1800,205,343610310.00,166,F1,120,,,,,
2026-05-11,2026-05-11,FO,NSE,IDO,70801,,MIDCPNIFTY,,2026-05-26,2026-05-26,13550.00,PE,MIDCPNIFTY26MAY13550PE,43.80,55.10,34.00,47.75,49.50,29.85,14333.20,47.75,7320,2520,80,130522458.00,56,F1,120,,,,,
2026-05-11,2026-05-11,FO,NSE,IDO,70651,,MIDCPNIFTY,,2026-05-26,2026-05-26,13150.00,PE,MIDCPNIFTY26MAY13150PE,18.80,23.00,15.25,20.40,20.95,13.60,14333.20,20.40,2640,480,21,33188496.00,16,F1,120,,,,,
2026-05-11,2026-05-11,FO,NSE,IDO,70635,,MIDCPNIFTY,,2026-05-26,2026-05-26,12975.00,PE,MIDCPNIFTY26MAY12975PE,15.00,15.00,14.25,14.45,14.30,10.00,14333.20,14.45,960,-120,8,12469920.00,6,F1,120,,,,,
2026-05-11,2026-05-11,FO,NSE,IDO,70623,,MIDCPNIFTY,,2026-05-26,2026-05-26,12925.00,PE,MIDCPNIFTY26MAY12925PE,10.80,13.70,8.30,13.05,12.85,8.90,14333.20,13.05,1800,-720,31,48124146.00,26,F1,120,,,,,
2026-05-11,2026-05-11,FO,NSE,IDO,70588,,MIDCPNIFTY,,2026-05-26,2026-05-26,12800.00,PE,MIDCPNIFTY26MAY12800PE,7.95,11.65,5.95,9.15,10.00,6.45,14333.20,9.15,84480,-14880,640,983697336.00,520,F1,120,,,,,
2026-05-11,2026-05-11,FO,NSE,IDO,70549,,MIDCPNIFTY,,2026-05-26,2026-05-26,12750.00,PE,MIDCPNIFTY26MAY12750PE,7.20,9.85,5.70,8.60,8.65,7.20,14333.20,8.60,7080,-120,28,42868074.00,24,F1,120,,,,,
2026-05-11,2026-05-11,FO,NSE,IDO,70543,,MIDCPNIFTY,,2026-05-26,2026-05-26,12700.00,PE,MIDCPNIFTY26MAY12700PE,6.40,9.00,4.60,7.60,7.80,5.35,14333.20,7.60,75120,1320,333,507786990.00,201,F1,120,,,,,
2026-05-11,2026-05-11,FO,NSE,IDO,70460,,MIDCPNIFTY,,2026-05-26,2026-05-26,12000.00,PE,MIDCPNIFTY26MAY12000PE,2.50,4.10,1.95,2.60,2.20,2.30,14333.20,2.60,123840,-26280,1557,2242583634.00,582,F1,120,,,,,
2026-05-11,2026-05-11,FO,NSE,IDO,70146,,MIDCPNIFTY,,2026-05-26,2026-05-26,11000.00,PE,MIDCPNIFTY26MAY11000PE,1.85,1.85,1.85,1.85,1.85,1.00,14333.20,0.00,11040,0,1,1320222.00,1,F1,120,,,,,
2026-05-11,2026-05-11,FO,NSE,IDO,63629,,MIDCPNIFTY,,2026-07-28,2026-07-28,16100.00,CE,MIDCPNIFTY26JUL16100CE,0.00,0.00,0.00,136.10,0.00,136.10,14333.20,162.30,0,0,0,0.00,0,F1,120,,,,,
2026-05-11,2026-05-11,FO,NSE,IDO,70949,,MIDCPNIFTY,,2026-05-26,2026-05-26,14375.00,PE,MIDCPNIFTY26MAY14375PE,225.00,292.60,201.00,246.60,256.05,174.80,14333.20,246.60,8760,-2640,1009,1769750148.00,883,F1,120,,,,,
2026-05-11,2026-05-11,FO,NSE,IDO,70963,,MIDCPNIFTY,,2026-05-26,2026-05-26,14525.00,PE,MIDCPNIFTY26MAY14525PE,274.60,375.20,263.40,319.85,334.85,234.60,14333.20,319.85,11760,-3240,124,220868856.00,99,F1,120,,,,,
2026-05-11,2026-05-11,FO,NSE,IDO,70977,,MIDCPNIFTY,,2026-05-26,2026-05-26,14700.00,PE,MIDCPNIFTY26MAY14700PE,410.00,495.00,360.00,446.15,441.65,322.70,14333.20,446.15,119880,-4920,306,556017234.00,209,F1,120,,,,,
2026-05-11,2026-05-11,FO,NSE,IDO,71190,,MIDCPNIFTY,,2026-05-26,2026-05-26,15625.00,PE,MIDCPNIFTY26MAY15625PE,0.00,0.00,0.00,1995.55,0.00,1995.55,14333.20,1266.75,0,0,0,0.00,0,F1,120,,,,,
2026-05-11,2026-05-11,FO,NSE,IDO,71245,,MIDCPNIFTY,,2026-05-26,2026-05-26,16000.00,PE,MIDCPNIFTY26MAY16000PE,0.00,0.00,0.00,2335.50,0.00,2335.50,14333.20,1631.60,0,0,0,0.00,0,F1,120,,,,,
2026-05-11,2026-05-11,FO,NSE,IDO,78082,,MIDCPNIFTY,,2026-06-30,2026-06-30,11100.00,PE,MIDCPNIFTY26JUN11100PE,0.00,0.00,0.00,130.10,0.00,130.10,14333.20,0.50,0,0,0,0.00,0,F1,120,,,,,
2026-05-11,2026-05-11,FO,NSE,IDO,78110,,MIDCPNIFTY,,2026-06-30,2026-06-30,11450.00,PE,MIDCPNIFTY26JUN11450PE,0.00,0.00,0.00,210.10,0.00,210.10,14333.20,1.60,0,0,0,0.00,0,F1,120,,,,,
2026-05-11,2026-05-11,FO,NSE,IDO,78114,,MIDCPNIFTY,,2026-06-30,2026-06-30,11500.00,PE,MIDCPNIFTY26JUN11500PE,0.00,0.00,0.00,223.75,0.00,223.75,14333.20,1.90,0,0,0,0.00,0,F1,120,,,,,
2026-05-11,2026-05-11,FO,NSE,IDO,63433,,MIDCPNIFTY,,2026-07-28,2026-07-28,13775.00,CE,MIDCPNIFTY26JUL13775CE,0.00,0.00,0.00,882.15,0.00,882.15,14333.20,1061.50,0,0,0,0.00,0,F1,120,,,,,
2026-05-11,2026-05-11,FO,NSE,IDO,63415,,MIDCPNIFTY,,2026-07-28,2026-07-28,13550.00,CE,MIDCPNIFTY26JUL13550CE,0.00,0.00,0.00,1014.70,0.00,1014.70,14333.20,1215.30,0,0,0,0.00,0,F1,120,,,,,
2026-05-11,2026-05-11,FO,NSE,IDO,63385,,MIDCPNIFTY,,2026-07-28,2026-07-28,13175.00,CE,MIDCPNIFTY26JUL13175CE,0.00,0.00,0.00,1261.60,0.00,1261.60,14333.20,1494.75,0,0,0,0.00,0,F1,120,,,,,
2026-05-11,2026-05-11,FO,NSE,IDO,63363,,MIDCPNIFTY,,2026-07-28,2026-07-28,12900.00,CE,MIDCPNIFTY26JUL12900CE,0.00,0.00,0.00,1461.10,0.00,1461.10,14333.20,1717.25,0,0,0,0.00,0,F1,120,,,,,
2026-05-11,2026-05-11,FO,NSE,IDO,63357,,MIDCPNIFTY,,2026-07-28,2026-07-28,12825.00,CE,MIDCPNIFTY26JUL12825CE,0.00,0.00,0.00,1518.20,0.00,1518.20,14333.20,1780.15,0,0,0,0.00,0,F1,120,,,,,
2026-05-11,2026-05-11,FO,NSE,IDO,63335,,MIDCPNIFTY,,2026-07-28,2026-07-28,12550.00,CE,MIDCPNIFTY26JUL12550CE,0.00,0.00,0.00,1736.30,0.00,1736.30,14333.20,2018.00,0,0,0,0.00,0,F1,120,,,,,
2026-05-11,2026-05-11,FO,NSE,IDO,63327,,MIDCPNIFTY,,2026-07-28,2026-07-28,12450.00,CE,MIDCPNIFTY26JUL12450CE,0.00,0.00,0.00,1818.80,0.00,1818.80,14333.20,2107.00,0,0,0,0.00,0,F1,120,,,,,
2026-05-11,2026-05-11,FO,NSE,IDO,49279,,MIDCPNIFTY,,2026-06-30,2026-06-30,15625.00,CE,MIDCPNIFTY26JUN15625CE,0.00,0.00,0.00,86.60,0.00,86.60,14333.20,141.05,0,0,0,0.00,0,F1,120,,,,,
2026-05-11,2026-05-11,FO,NSE,IDO,78791,,MIDCPNIFTY,,2026-06-30,2026-06-30,15400.00,CE,MIDCPNIFTY26JUN15400CE,0.00,0.00,0.00,20.10,0.00,20.10,14333.20,186.20,0,0,0,0.00,0,F1,120,,,,,
2026-05-11,2026-05-11,FO,NSE,IDO,78779,,MIDCPNIFTY,,2026-06-30,2026-06-30,14900.00,CE,MIDCPNIFTY26JUN14900CE,0.00,0.00,0.00,39.25,0.00,39.25,14333.20,327.75,0,0,0,0.00,0,F1,120,,,,,
2026-05-11,2026-05-11,FO,NSE,IDO,35128,,MIDCPNIFTY,,2026-06-30,2026-06-30,14650.00,CE,MIDCPNIFTY26JUN14650CE,0.00,0.00,0.00,85.35,0.00,85.35,14333.20,423.65,0,0,0,0.00,0,F1,120,,,,,
2026-05-11,2026-05-11,FO,NSE,IDO,35120,,MIDCPNIFTY,,2026-06-30,2026-06-30,14550.00,CE,MIDCPNIFTY26JUN14550CE,0.00,0.00,0.00,607.80,607.80,607.80,14333.20,467.20,120,0,0,0.00,0,F1,120,,,,,
2026-05-11,2026-05-11,FO,NSE,IDO,78719,,MIDCPNIFTY,,2026-06-30,2026-06-30,14400.00,CE,MIDCPNIFTY26JUN14400CE,0.00,0.00,0.00,73.35,0.00,73.35,14333.20,538.20,0,0,0,0.00,0,F1,120,,,,,
2026-05-11,2026-05-11,FO,NSE,IDO,78520,,MIDCPNIFTY,,2026-06-30,2026-06-30,13300.00,CE,MIDCPNIFTY26JUN13300CE,0.00,0.00,0.00,247.75,0.00,247.75,14333.20,1263.70,0,0,0,0.00,0,F1,120,,,,,
2026-05-11,2026-05-11,FO,NSE,IDO,78387,,MIDCPNIFTY,,2026-06-30,2026-06-30,12975.00,CE,MIDCPNIFTY26JUN12975CE,0.00,0.00,0.00,338.95,0.00,338.95,14333.20,1536.75,0,0,0,0.00,0,F1,120,,,,,
2026-05-11,2026-05-11,FO,NSE,IDO,78323,,MIDCPNIFTY,,2026-06-30,2026-06-30,12700.00,CE,MIDCPNIFTY26JUN12700CE,0.00,0.00,0.00,435.45,0.00,435.45,14333.20,1782.30,0,0,0,0.00,0,F1,120,,,,,
2026-05-11,2026-05-11,FO,NSE,IDO,78313,,MIDCPNIFTY,,2026-06-30,2026-06-30,12625.00,CE,MIDCPNIFTY26JUN12625CE,0.00,0.00,0.00,465.00,0.00,465.00,14333.20,1851.05,0,0,0,0.00,0,F1,120,,,,,
2026-05-11,2026-05-11,FO,NSE,IDO,78297,,MIDCPNIFTY,,2026-06-30,2026-06-30,12425.00,CE,MIDCPNIFTY26JUN12425CE,0.00,0.00,0.00,550.95,0.00,550.95,14333.20,2037.60,0,0,0,0.00,0,F1,120,,,,,
2026-05-11,2026-05-11,FO,NSE,IDO,78291,,MIDCPNIFTY,,2026-06-30,2026-06-30,12400.00,CE,MIDCPNIFTY26JUN12400CE,0.00,0.00,0.00,562.40,0.00,562.40,14333.20,2061.20,0,0,0,0.00,0,F1,120,,,,,
2026-05-11,2026-05-11,FO,NSE,IDO,78127,,MIDCPNIFTY,,2026-06-30,2026-06-30,11675.00,CE,MIDCPNIFTY26JUN11675CE,0.00,0.00,0.00,968.95,0.00,968.95,14333.20,2762.50,0,0,0,0.00,0,F1,120,,,,,
2026-05-11,2026-05-11,FO,NSE,IDO,71193,,MIDCPNIFTY,,2026-05-26,2026-05-26,15675.00,CE,MIDCPNIFTY26MAY15675CE,0.00,0.00,0.00,71.90,0.00,71.90,14333.20,10.95,0,0,0,0.00,0,F1,120,,,,,
2026-05-11,2026-05-11,FO,NSE,IDO,71189,,MIDCPNIFTY,,2026-05-26,2026-05-26,15625.00,CE,MIDCPNIFTY26MAY15625CE,0.00,0.00,0.00,76.50,0.00,76.50,14333.20,12.85,0,0,0,0.00,0,F1,120,,,,,
2026-05-11,2026-05-11,FO,NSE,IDO,71183,,MIDCPNIFTY,,2026-05-26,2026-05-26,15550.00,CE,MIDCPNIFTY26MAY15550CE,0.00,0.00,0.00,83.80,0.00,83.80,14333.20,16.25,0,0,0,0.00,0,F1,120,,,,,
2026-05-11,2026-05-11,FO,NSE,IDO,71000,,MIDCPNIFTY,,2026-05-26,2026-05-26,14950.00,CE,MIDCPNIFTY26MAY14950CE,55.60,66.50,43.90,51.30,49.30,80.40,14333.20,51.30,8280,4320,216,388884642.00,191,F1,120,,,,,
2026-05-11,2026-05-11,FO,NSE,IDO,70970,,MIDCPNIFTY,,2026-05-26,2026-05-26,14625.00,CE,MIDCPNIFTY26MAY14625CE,147.55,179.90,127.05,135.80,135.45,208.35,14333.20,135.80,11400,240,86,152487684.00,85,F1,120,,,,,
2026-05-11,2026-05-11,FO,NSE,IDO,70966,,MIDCPNIFTY,,2026-05-26,2026-05-26,14575.00,CE,MIDCPNIFTY26MAY14575CE,168.55,197.10,143.15,161.40,160.35,232.85,14333.20,161.40,11520,-840,91,160966152.00,81,F1,120,,,,,
2026-05-11,2026-05-11,FO,NSE,IDO,70960,,MIDCPNIFTY,,2026-05-26,2026-05-26,14500.00,CE,MIDCPNIFTY26MAY14500CE,220.05,244.15,164.30,190.20,186.00,271.45,14333.20,190.20,472920,-16920,11358,20038616922.00,9294,F1,120,,,,,
2026-05-11,2026-05-11,FO,NSE,IDO,63574,,MIDCPNIFTY,,2026-07-28,2026-07-28,15450.00,PE,MIDCPNIFTY26JUL15450PE,0.00,0.00,0.00,1500.30,0.00,1500.30,14333.20,1208.30,0,0,0,0.00,0,F1,120,,,,,
2026-05-11,2026-05-11,FO,NSE,IDO,70848,,MIDCPNIFTY,,2026-05-26,2026-05-26,14150.00,CE,MIDCPNIFTY26MAY14150CE,403.25,455.00,380.00,380.00,380.00,518.20,14333.20,380.00,12120,-240,6,10488540.00,6,F1,120,,,,,
2026-05-11,2026-05-11,FO,NSE,IDO,70826,,MIDCPNIFTY,,2026-05-26,2026-05-26,13875.00,CE,MIDCPNIFTY26MAY13875CE,675.00,675.00,650.00,650.00,650.00,665.10,14333.20,587.80,6960,0,2,3489000.00,2,F1,120,,,,,
2026-05-11,2026-05-11,FO,NSE,IDO,70818,,MIDCPNIFTY,,2026-05-26,2026-05-26,13775.00,CE,MIDCPNIFTY26MAY13775CE,0.00,0.00,0.00,827.00,827.00,827.00,14333.20,665.40,4800,0,0,0.00,0,F1,120,,,,,
2026-05-11,2026-05-11,FO,NSE,IDO,70812,,MIDCPNIFTY,,2026-05-26,2026-05-26,13700.00,CE,MIDCPNIFTY26MAY13700CE,758.10,813.15,685.95,728.30,725.10,890.10,14333.20,728.30,23520,-1200,28,48490020.00,21,F1,120,,,,,
2026-05-11,2026-05-11,FO,NSE,IDO,70738,,MIDCPNIFTY,,2026-05-26,2026-05-26,13225.00,CE,MIDCPNIFTY26MAY13225CE,0.00,0.00,0.00,871.25,871.25,871.25,14333.20,1152.70,120,0,0,0.00,0,F1,120,,,,,
2026-05-11,2026-05-11,FO,NSE,IDO,70642,,MIDCPNIFTY,,2026-05-26,2026-05-26,13075.00,CE,MIDCPNIFTY26MAY13075CE,0.00,0.00,0.00,900.35,0.00,900.35,14333.20,1296.80,0,0,0,0.00,0,F1,120,,,,,
2026-05-11,2026-05-11,FO,NSE,IDO,70638,,MIDCPNIFTY,,2026-05-26,2026-05-26,13025.00,CE,MIDCPNIFTY26MAY13025CE,0.00,0.00,0.00,932.35,0.00,932.35,14333.20,1345.35,0,0,0,0.00,0,F1,120,,,,,
2026-05-11,2026-05-11,FO,NSE,IDO,70550,,MIDCPNIFTY,,2026-05-26,2026-05-26,12775.00,CE,MIDCPNIFTY26MAY12775CE,0.00,0.00,0.00,1102.50,0.00,1102.50,14333.20,1591.00,0,0,0,0.00,0,F1,120,,,,,
2026-05-11,2026-05-11,FO,NSE,IDO,70548,,MIDCPNIFTY,,2026-05-26,2026-05-26,12750.00,CE,MIDCPNIFTY26MAY12750CE,0.00,0.00,0.00,1120.35,0.00,1120.35,14333.20,1615.70,0,0,0,0.00,0,F1,120,,,,,
2026-05-11,2026-05-11,FO,NSE,IDO,70536,,MIDCPNIFTY,,2026-05-26,2026-05-26,12625.00,CE,MIDCPNIFTY26MAY12625CE,0.00,0.00,0.00,1211.30,0.00,1211.30,14333.20,1739.65,0,0,0,0.00,0,F1,120,,,,,
2026-05-11,2026-05-11,FO,NSE,IDO,70528,,MIDCPNIFTY,,2026-05-26,2026-05-26,12525.00,CE,MIDCPNIFTY26MAY12525CE,0.00,0.00,0.00,1286.95,0.00,1286.95,14333.20,1839.10,0,0,0,0.00,0,F1,120,,,,,
2026-05-11,2026-05-11,FO,NSE,IDO,70524,,MIDCPNIFTY,,2026-05-26,2026-05-26,12475.00,CE,MIDCPNIFTY26MAY12475CE,0.00,0.00,0.00,1325.60,0.00,1325.60,14333.20,1888.85,0,0,0,0.00,0,F1,120,,,,,
2026-05-11,2026-05-11,FO,NSE,IDO,70512,,MIDCPNIFTY,,2026-05-26,2026-05-26,12325.00,CE,MIDCPNIFTY26MAY12325CE,0.00,0.00,0.00,1444.65,0.00,1444.65,14333.20,2038.25,0,0,0,0.00,0,F1,120,,,,,
2026-05-11,2026-05-11,FO,NSE,IDO,70498,,MIDCPNIFTY,,2026-05-26,2026-05-26,12225.00,CE,MIDCPNIFTY26MAY12225CE,0.00,0.00,0.00,1526.50,0.00,1526.50,14333.20,2137.95,0,0,0,0.00,0,F1,120,,,,,
2026-05-11,2026-05-11,FO,NSE,IDO,70494,,MIDCPNIFTY,,2026-05-26,2026-05-26,12175.00,CE,MIDCPNIFTY26MAY12175CE,0.00,0.00,0.00,1568.10,0.00,1568.10,14333.20,2187.80,0,0,0,0.00,0,F1,120,,,,,
2026-05-11,2026-05-11,FO,NSE,IDO,70457,,MIDCPNIFTY,,2026-05-26,2026-05-26,11975.00,CE,MIDCPNIFTY26MAY11975CE,0.00,0.00,0.00,1738.80,0.00,1738.80,14333.20,2387.30,0,0,0,0.00,0,F1,120,,,,,
2026-05-11,2026-05-11,FO,NSE,IDO,70342,,MIDCPNIFTY,,2026-05-26,2026-05-26,11650.00,CE,MIDCPNIFTY26MAY11650CE,0.00,0.00,0.00,2028.55,0.00,2028.55,14333.20,2711.50,0,0,0,0.00,0,F1,120,,,,,
2026-05-11,2026-05-11,FO,NSE,IDO,70305,,MIDCPNIFTY,,2026-05-26,2026-05-26,11425.00,CE,MIDCPNIFTY26MAY11425CE,0.00,0.00,0.00,2236.25,0.00,2236.25,14333.20,2935.95,0,0,0,0.00,0,F1,120,,,,,
2026-05-11,2026-05-11,FO,NSE,IDO,70293,,MIDCPNIFTY,,2026-05-26,2026-05-26,11375.00,CE,MIDCPNIFTY26MAY11375CE,0.00,0.00,0.00,2283.05,0.00,2283.05,14333.20,2985.80,0,0,0,0.00,0,F1,120,,,,,
2026-05-11,2026-05-11,FO,NSE,IDO,70247,,MIDCPNIFTY,,2026-05-26,2026-05-26,11350.00,CE,MIDCPNIFTY26MAY11350CE,0.00,0.00,0.00,2306.50,0.00,2306.50,14333.20,3010.75,0,0,0,0.00,0,F1,120,,,,,
2026-05-11,2026-05-11,FO,NSE,IDO,70243,,MIDCPNIFTY,,2026-05-26,2026-05-26,11300.00,CE,MIDCPNIFTY26MAY11300CE,0.00,0.00,0.00,2353.60,0.00,2353.60,14333.20,3060.65,0,0,0,0.00,0,F1,120,,,,,
2026-05-11,2026-05-11,FO,NSE,IDO,70614,,MIDCPNIFTY,,2026-05-26,2026-05-26,12825.00,CE,MIDCPNIFTY26MAY12825CE,0.00,0.00,0.00,1066.75,0.00,1066.75,14333.20,1541.60,0,0,0,0.00,0,F1,120,,,,,
2026-05-11,2026-05-11,FO,NSE,IDO,70501,,MIDCPNIFTY,,2026-05-26,2026-05-26,12250.00,CE,MIDCPNIFTY26MAY12250CE,0.00,0.00,0.00,1505.85,0.00,1505.85,14333.20,2113.05,0,0,0,0.00,0,F1,120,,,,,
2026-05-11,2026-05-11,FO,NSE,IDO,70485,,MIDCPNIFTY,,2026-05-26,2026-05-26,12100.00,CE,MIDCPNIFTY26MAY12100CE,0.00,0.00,0.00,1631.35,0.00,1631.35,14333.20,2262.60,0,0,0,0.00,0,F1,120,,,,,
2026-05-11,2026-05-11,FO,NSE,IDO,70459,,MIDCPNIFTY,,2026-05-26,2026-05-26,12000.00,CE,MIDCPNIFTY26MAY12000CE,0.00,0.00,0.00,1960.00,1960.00,1960.00,14333.20,2362.35,23160,0,0,0.00,0,F1,120,,,,,
2026-05-11,2026-05-11,FO,NSE,IDO,70373,,MIDCPNIFTY,,2026-05-26,2026-05-26,11775.00,CE,MIDCPNIFTY26MAY11775CE,0.00,0.00,0.00,1915.50,0.00,1915.50,14333.20,2586.80,0,0,0,0.00,0,F1,120,,,,,
2026-05-11,2026-05-11,FO,NSE,IDO,70303,,MIDCPNIFTY,,2026-05-26,2026-05-26,11400.00,CE,MIDCPNIFTY26MAY11400CE,0.00,0.00,0.00,2259.60,0.00,2259.60,14333.20,2960.85,0,0,0,0.00,0,F1,120,,,,,
2026-05-11,2026-05-11,FO,NSE,IDO,63328,,MIDCPNIFTY,,2026-07-28,2026-07-28,12450.00,PE,MIDCPNIFTY26JUL12450PE,0.00,0.00,0.00,113.95,0.00,113.95,14333.20,56.00,0,0,0,0.00,0,F1,120,,,,,
2026-05-11,2026-05-11,FO,NSE,IDO,78097,,MIDCPNIFTY,,2026-06-30,2026-06-30,11300.00,CE,MIDCPNIFTY26JUN11300CE,0.00,0.00,0.00,1233.40,0.00,1233.40,14333.20,3132.05,0,0,0,0.00,0,F1,120,,,,,
2026-05-11,2026-05-11,FO,NSE,IDO,78115,,MIDCPNIFTY,,2026-06-30,2026-06-30,11525.00,CE,MIDCPNIFTY26JUN11525CE,0.00,0.00,0.00,1071.00,0.00,1071.00,14333.20,2910.05,0,0,0,0.00,0,F1,120,,,,,
2026-05-11,2026-05-11,FO,NSE,IDO,78134,,MIDCPNIFTY,,2026-06-30,2026-06-30,11750.00,CE,MIDCPNIFTY26JUN11750CE,0.00,0.00,0.00,920.40,0.00,920.40,14333.20,2688.90,0,0,0,0.00,0,F1,120,,,,,
2026-05-11,2026-05-11,FO,NSE,IDO,78151,,MIDCPNIFTY,,2026-06-30,2026-06-30,11775.00,CE,MIDCPNIFTY26JUN11775CE,0.00,0.00,0.00,904.50,0.00,904.50,14333.20,2664.40,0,0,0,0.00,0,F1,120,,,,,
2026-05-11,2026-05-11,FO,NSE,IDO,78259,,MIDCPNIFTY,,2026-06-30,2026-06-30,12025.00,CE,MIDCPNIFTY26JUN12025CE,0.00,0.00,0.00,755.00,0.00,755.00,14333.20,2420.65,0,0,0,0.00,0,F1,120,,,,,
2026-05-11,2026-05-11,FO,NSE,IDO,78265,,MIDCPNIFTY,,2026-06-30,2026-06-30,12100.00,CE,MIDCPNIFTY26JUN12100CE,0.00,0.00,0.00,713.45,0.00,713.45,14333.20,2348.05,0,0,0,0.00,0,F1,120,,,,,
2026-05-11,2026-05-11,FO,NSE,IDO,78281,,MIDCPNIFTY,,2026-06-30,2026-06-30,12275.00,CE,MIDCPNIFTY26JUN12275CE,0.00,0.00,0.00,622.40,0.00,622.40,14333.20,2179.95,0,0,0,0.00,0,F1,120,,,,,
2026-05-11,2026-05-11,FO,NSE,IDO,78365,,MIDCPNIFTY,,2026-06-30,2026-06-30,12800.00,CE,MIDCPNIFTY26JUN12800CE,0.00,0.00,0.00,398.20,0.00,398.20,14333.20,1691.70,0,0,0,0.00,0,F1,120,,,,,
2026-05-11,2026-05-11,FO,NSE,IDO,78369,,MIDCPNIFTY,,2026-06-30,2026-06-30,12850.00,CE,MIDCPNIFTY26JUN12850CE,0.00,0.00,0.00,380.55,0.00,380.55,14333.20,1646.95,0,0,0,0.00,0,F1,120,,,,,
2026-05-11,2026-05-11,FO,NSE,IDO,78389,,MIDCPNIFTY,,2026-06-30,2026-06-30,13000.00,CE,MIDCPNIFTY26JUN13000CE,0.00,0.00,0.00,331.05,0.00,331.05,14333.20,1515.05,0,0,0,0.00,0,F1,120,,,,,
2026-05-11,2026-05-11,FO,NSE,IDO,78477,,MIDCPNIFTY,,2026-06-30,2026-06-30,13050.00,CE,MIDCPNIFTY26JUN13050CE,0.00,0.00,0.00,315.70,0.00,315.70,14333.20,1471.95,0,0,0,0.00,0,F1,120,,,,,
2026-05-11,2026-05-11,FO,NSE,IDO,78537,,MIDCPNIFTY,,2026-06-30,2026-06-30,13400.00,CE,MIDCPNIFTY26JUN13400CE,0.00,0.00,0.00,224.10,0.00,224.10,14333.20,1184.15,0,0,0,0.00,0,F1,120,,,,,
2026-05-11,2026-05-11,FO,NSE,IDO,78601,,MIDCPNIFTY,,2026-06-30,2026-06-30,13575.00,CE,MIDCPNIFTY26JUN13575CE,0.00,0.00,0.00,186.55,0.00,186.55,14333.20,1051.30,0,0,0,0.00,0,F1,120,,,,,
2026-05-11,2026-05-11,FO,NSE,IDO,78620,,MIDCPNIFTY,,2026-06-30,2026-06-30,13675.00,CE,MIDCPNIFTY26JUN13675CE,0.00,0.00,0.00,167.75,0.00,167.75,14333.20,978.50,0,0,0,0.00,0,F1,120,,,,,
2026-05-11,2026-05-11,FO,NSE,IDO,78662,,MIDCPNIFTY,,2026-06-30,2026-06-30,14200.00,CE,MIDCPNIFTY26JUN14200CE,0.00,0.00,0.00,93.05,0.00,93.05,14333.20,643.55,0,0,0,0.00,0,F1,120,,,,,
2026-05-11,2026-05-11,FO,NSE,IDO,78678,,MIDCPNIFTY,,2026-06-30,2026-06-30,14275.00,CE,MIDCPNIFTY26JUN14275CE,0.00,0.00,0.00,85.15,0.00,85.15,14333.20,602.60,0,0,0,0.00,0,F1,120,,,,,
2026-05-11,2026-05-11,FO,NSE,IDO,78699,,MIDCPNIFTY,,2026-06-30,2026-06-30,14350.00,CE,MIDCPNIFTY26JUN14350CE,0.00,0.00,0.00,77.90,0.00,77.90,14333.20,563.35,0,0,0,0.00,0,F1,120,,,,,
2026-05-11,2026-05-11,FO,NSE,IDO,35124,,MIDCPNIFTY,,2026-06-30,2026-06-30,14625.00,CE,MIDCPNIFTY26JUN14625CE,0.00,0.00,0.00,87.85,0.00,87.85,14333.20,434.25,0,0,0,0.00,0,F1,120,,,,,
2026-05-11,2026-05-11,FO,NSE,IDO,78775,,MIDCPNIFTY,,2026-06-30,2026-06-30,14700.00,CE,MIDCPNIFTY26JUN14700CE,0.00,0.00,0.00,50.65,0.00,50.65,14333.20,403.05,0,0,0,0.00,0,F1,120,,,,,
2026-05-11,2026-05-11,FO,NSE,IDO,40730,,MIDCPNIFTY,,2026-06-30,2026-06-30,14925.00,CE,MIDCPNIFTY26JUN14925CE,0.00,0.00,0.00,158.65,0.00,158.65,14333.20,319.10,0,0,0,0.00,0,F1,120,,,,,
2026-05-11,2026-05-11,FO,NSE,IDO,40772,,MIDCPNIFTY,,2026-06-30,2026-06-30,15275.00,CE,MIDCPNIFTY26JUN15275CE,0.00,0.00,0.00,109.75,0.00,109.75,14333.20,215.70,0,0,0,0.00,0,F1,120,,,,,
2026-05-11,2026-05-11,FO,NSE,IDO,78826,,MIDCPNIFTY,,2026-06-30,2026-06-30,16000.00,CE,MIDCPNIFTY26JUN16000CE,0.00,0.00,0.00,8.60,0.00,8.60,14333.20,86.05,0,0,0,0.00,0,F1,120,,,,,
2026-05-11,2026-05-11,FO,NSE,IDO,63331,,MIDCPNIFTY,,2026-07-28,2026-07-28,12500.00,CE,MIDCPNIFTY26JUL12500CE,0.00,0.00,0.00,1777.35,0.00,1777.35,14333.20,2062.35,0,0,0,0.00,0,F1,120,,,,,
2026-05-11,2026-05-11,FO,NSE,IDO,63333,,MIDCPNIFTY,,2026-07-28,2026-07-28,12525.00,CE,MIDCPNIFTY26JUL12525CE,0.00,0.00,0.00,1756.80,0.00,1756.80,14333.20,2040.15,0,0,0,0.00,0,F1,120,,,,,
2026-05-11,2026-05-11,FO,NSE,IDO,63349,,MIDCPNIFTY,,2026-07-28,2026-07-28,12725.00,CE,MIDCPNIFTY26JUL12725CE,0.00,0.00,0.00,1595.95,0.00,1595.95,14333.20,1865.40,0,0,0,0.00,0,F1,120,,,,,
2026-05-11,2026-05-11,FO,NSE,IDO,63379,,MIDCPNIFTY,,2026-07-28,2026-07-28,13100.00,CE,MIDCPNIFTY26JUL13100CE,0.00,0.00,0.00,1314.65,0.00,1314.65,14333.20,1554.10,0,0,0,0.00,0,F1,120,,,,,
2026-05-11,2026-05-11,FO,NSE,IDO,63405,,MIDCPNIFTY,,2026-07-28,2026-07-28,13425.00,CE,MIDCPNIFTY26JUL13425CE,0.00,0.00,0.00,1093.30,0.00,1093.30,14333.20,1305.50,0,0,0,0.00,0,F1,120,,,,,
2026-05-11,2026-05-11,FO,NSE,IDO,63427,,MIDCPNIFTY,,2026-07-28,2026-07-28,13700.00,CE,MIDCPNIFTY26JUL13700CE,0.00,0.00,0.00,925.05,0.00,925.05,14333.20,1111.25,0,0,0,0.00,0,F1,120,,,,,
2026-05-11,2026-05-11,FO,NSE,IDO,63441,,MIDCPNIFTY,,2026-07-28,2026-07-28,13875.00,CE,MIDCPNIFTY26JUL13875CE,0.00,0.00,0.00,827.05,0.00,827.05,14333.20,997.20,0,0,0,0.00,0,F1,120,,,,,
2026-05-11,2026-05-11,FO,NSE,IDO,63445,,MIDCPNIFTY,,2026-07-28,2026-07-28,13900.00,CE,MIDCPNIFTY26JUL13900CE,0.00,0.00,0.00,813.60,0.00,813.60,14333.20,981.50,0,0,0,0.00,0,F1,120,,,,,
2026-05-11,2026-05-11,FO,NSE,IDO,63465,,MIDCPNIFTY,,2026-07-28,2026-07-28,14125.00,CE,MIDCPNIFTY26JUL14125CE,0.00,0.00,0.00,699.35,0.00,699.35,14333.20,846.95,0,0,0,0.00,0,F1,120,,,,,
2026-05-11,2026-05-11,FO,NSE,IDO,63495,,MIDCPNIFTY,,2026-07-28,2026-07-28,14500.00,CE,MIDCPNIFTY26JUL14500CE,0.00,0.00,0.00,534.65,0.00,534.65,14333.20,650.25,0,0,0,0.00,0,F1,120,,,,,
2026-05-11,2026-05-11,FO,NSE,IDO,63501,,MIDCPNIFTY,,2026-07-28,2026-07-28,14575.00,CE,MIDCPNIFTY26JUL14575CE,0.00,0.00,0.00,505.50,0.00,505.50,14333.20,615.05,0,0,0,0.00,0,F1,120,,,,,
2026-05-11,2026-05-11,FO,NSE,IDO,63525,,MIDCPNIFTY,,2026-07-28,2026-07-28,14875.00,CE,MIDCPNIFTY26JUL14875CE,0.00,0.00,0.00,400.55,0.00,400.55,14333.20,487.70,0,0,0,0.00,0,F1,120,,,,,
2026-05-11,2026-05-11,FO,NSE,IDO,63531,,MIDCPNIFTY,,2026-07-28,2026-07-28,14925.00,CE,MIDCPNIFTY26JUL14925CE,0.00,0.00,0.00,384.80,0.00,384.80,14333.20,468.50,0,0,0,0.00,0,F1,120,,,,,
2026-05-11,2026-05-11,FO,NSE,IDO,63543,,MIDCPNIFTY,,2026-07-28,2026-07-28,15075.00,CE,MIDCPNIFTY26JUL15075CE,0.00,0.00,0.00,340.50,0.00,340.50,14333.20,414.30,0,0,0,0.00,0,F1,120,,,,,
2026-05-11,2026-05-11,FO,NSE,IDO,63577,,MIDCPNIFTY,,2026-07-28,2026-07-28,15500.00,CE,MIDCPNIFTY26JUL15500CE,0.00,0.00,0.00,237.05,0.00,237.05,14333.20,286.60,0,0,0,0.00,0,F1,120,,,,,
2026-05-11,2026-05-11,FO,NSE,IDO,63583,,MIDCPNIFTY,,2026-07-28,2026-07-28,15575.00,CE,MIDCPNIFTY26JUL15575CE,0.00,0.00,0.00,221.75,0.00,221.75,14333.20,268.40,0,0,0,0.00,0,F1,120,,,,,
2026-05-11,2026-05-11,FO,NSE,IDO,63599,,MIDCPNIFTY,,2026-07-28,2026-07-28,15775.00,CE,MIDCPNIFTY26JUL15775CE,0.00,0.00,0.00,184.95,0.00,184.95,14333.20,222.55,0,0,0,0.00,0,F1,120,,,,,
2026-05-11,2026-05-11,FO,NSE,IDO,63601,,MIDCPNIFTY,,2026-07-28,2026-07-28,15800.00,CE,MIDCPNIFTY26JUL15800CE,0.00,0.00,0.00,180.70,0.00,180.70,14333.20,217.30,0,0,0,0.00,0,F1,120,,,,,
2026-05-11,2026-05-11,FO,NSE,IDO,63605,,MIDCPNIFTY,,2026-07-28,2026-07-28,15850.00,CE,MIDCPNIFTY26JUL15850CE,0.00,0.00,0.00,172.55,0.00,172.55,14333.20,207.20,0,0,0,0.00,0,F1,120,,,,,
2026-05-11,2026-05-11,FO,NSE,IDO,43689,,MIDCPNIFTY,,2026-05-26,2026-05-26,10950.00,PE,MIDCPNIFTY26MAY10950PE,0.00,0.00,0.00,14.90,0.00,14.90,14333.20,0.00,0,0,0,0.00,0,F1,120,,,,,
2026-05-11,2026-05-11,FO,NSE,IDO,70244,,MIDCPNIFTY,,2026-05-26,2026-05-26,11300.00,PE,MIDCPNIFTY26MAY11300PE,0.00,0.00,0.00,2.25,2.25,2.25,14333.20,0.00,720,0,0,0.00,0,F1,120,,,,,
2026-05-11,2026-05-11,FO,NSE,IDO,70442,,MIDCPNIFTY,,2026-05-26,2026-05-26,11900.00,PE,MIDCPNIFTY26MAY11900PE,0.00,0.00,0.00,1.50,1.50,1.50,14333.20,0.05,1560,0,0,0.00,0,F1,120,,,,,
2026-05-11,2026-05-11,FO,NSE,IDO,70462,,MIDCPNIFTY,,2026-05-26,2026-05-26,12025.00,PE,MIDCPNIFTY26MAY12025PE,0.00,0.00,0.00,7.80,7.80,7.80,14333.20,0.05,3360,0,0,0.00,0,F1,120,,,,,
2026-05-11,2026-05-11,FO,NSE,IDO,70502,,MIDCPNIFTY,,2026-05-26,2026-05-26,12250.00,PE,MIDCPNIFTY26MAY12250PE,0.00,0.00,0.00,10.25,10.25,10.25,14333.20,0.10,720,0,0,0.00,0,F1,120,,,,,
2026-05-11,2026-05-11,FO,NSE,IDO,70525,,MIDCPNIFTY,,2026-05-26,2026-05-26,12475.00,PE,MIDCPNIFTY26MAY12475PE,0.00,0.00,0.00,4.95,4.95,4.95,14333.20,0.40,840,0,0,0.00,0,F1,120,,,,,
2026-05-11,2026-05-11,FO,NSE,IDO,70541,,MIDCPNIFTY,,2026-05-26,2026-05-26,12675.00,PE,MIDCPNIFTY26MAY12675PE,8.75,8.75,7.50,7.60,7.60,7.30,14333.20,1.10,960,0,8,12175536.00,4,F1,120,,,,,
2026-05-11,2026-05-11,FO,NSE,IDO,70551,,MIDCPNIFTY,,2026-05-26,2026-05-26,12775.00,PE,MIDCPNIFTY26MAY12775PE,7.70,10.10,7.50,8.65,9.45,7.15,14333.20,8.65,120,-480,37,56758188.00,30,F1,120,,,,,
2026-05-11,2026-05-11,FO,NSE,IDO,70619,,MIDCPNIFTY,,2026-05-26,2026-05-26,12875.00,PE,MIDCPNIFTY26MAY12875PE,9.70,11.50,9.25,10.95,11.50,11.45,14333.20,10.95,480,-1080,25,38655318.00,19,F1,120,,,,,
2026-05-11,2026-05-11,FO,NSE,IDO,70797,,MIDCPNIFTY,,2026-05-26,2026-05-26,13500.00,PE,MIDCPNIFTY26MAY13500PE,34.85,51.35,27.25,43.05,42.65,27.25,14333.20,43.05,539640,-20160,4424,7188586614.00,3393,F1,120,,,,,
2026-05-11,2026-05-11,FO,NSE,IDO,70807,,MIDCPNIFTY,,2026-05-26,2026-05-26,13625.00,PE,MIDCPNIFTY26MAY13625PE,60.00,60.30,41.30,60.30,60.30,35.25,14333.20,60.30,4440,1080,16,26256924.00,11,F1,120,,,,,
2026-05-11,2026-05-11,FO,NSE,IDO,70819,,MIDCPNIFTY,,2026-05-26,2026-05-26,13775.00,PE,MIDCPNIFTY26MAY13775PE,74.25,92.00,58.10,58.30,58.30,48.45,14333.20,73.80,8040,1200,47,78120672.00,35,F1,120,,,,,
2026-05-11,2026-05-11,FO,NSE,IDO,70821,,MIDCPNIFTY,,2026-05-26,2026-05-26,13800.00,PE,MIDCPNIFTY26MAY13800PE,70.00,98.65,60.00,80.35,82.55,52.35,14333.20,80.35,223560,2880,3604,6002602554.00,2786,F1,120,,,,,
2026-05-11,2026-05-11,FO,NSE,IDO,70825,,MIDCPNIFTY,,2026-05-26,2026-05-26,13850.00,PE,MIDCPNIFTY26MAY13850PE,67.00,106.80,67.00,87.25,90.95,57.45,14333.20,87.25,16560,600,183,306026820.00,160,F1,120,,,,,
2026-05-11,2026-05-11,FO,NSE,IDO,70953,,MIDCPNIFTY,,2026-05-26,2026-05-26,14400.00,PE,MIDCPNIFTY26MAY14400PE,214.50,312.90,208.10,263.60,270.95,184.90,14333.20,263.60,277080,-2040,10234,18000244722.00,8305,F1,120,,,,,
2026-05-11,2026-05-11,FO,NSE,IDO,70989,,MIDCPNIFTY,,2026-05-26,2026-05-26,14850.00,PE,MIDCPNIFTY26MAY14850PE,0.00,0.00,0.00,411.60,411.60,411.60,14333.20,587.40,480,0,0,0.00,0,F1,120,,,,,
2026-05-11,2026-05-11,FO,NSE,IDO,71015,,MIDCPNIFTY,,2026-05-26,2026-05-26,15000.00,PE,MIDCPNIFTY26MAY15000PE,610.00,720.00,570.00,641.25,666.85,517.30,14333.20,641.25,34080,-2880,429,804901062.00,283,F1,120,,,,,
2026-05-11,2026-05-11,FO,NSE,IDO,71126,,MIDCPNIFTY,,2026-05-26,2026-05-26,15325.00,PE,MIDCPNIFTY26MAY15325PE,0.00,0.00,0.00,1733.55,0.00,1733.55,14333.20,986.25,0,0,0,0.00,0,F1,120,,,,,
2026-05-11,2026-05-11,FO,NSE,IDO,71128,,MIDCPNIFTY,,2026-05-26,2026-05-26,15350.00,PE,MIDCPNIFTY26MAY15350PE,0.00,0.00,0.00,1754.95,0.00,1754.95,14333.20,1009.05,0,0,0,0.00,0,F1,120,,,,,
2026-05-11,2026-05-11,FO,NSE,IDO,71174,,MIDCPNIFTY,,2026-05-26,2026-05-26,15425.00,PE,MIDCPNIFTY26MAY15425PE,0.00,0.00,0.00,1819.70,0.00,1819.70,14333.20,1078.10,0,0,0,0.00,0,F1,120,,,,,
2026-05-11,2026-05-11,FO,NSE,IDO,71188,,MIDCPNIFTY,,2026-05-26,2026-05-26,15600.00,PE,MIDCPNIFTY26MAY15600PE,0.00,0.00,0.00,1090.00,1090.00,1090.00,14333.20,1242.90,1440,0,0,0.00,0,F1,120,,,,,
2026-05-11,2026-05-11,FO,NSE,IDO,71196,,MIDCPNIFTY,,2026-05-26,2026-05-26,15700.00,PE,MIDCPNIFTY26MAY15700PE,0.00,0.00,0.00,2062.55,0.00,2062.55,14333.20,1338.80,0,0,0,0.00,0,F1,120,,,,,
2026-05-11,2026-05-11,FO,NSE,IDO,78007,,MIDCPNIFTY,,2026-06-30,2026-06-30,10800.00,PE,MIDCPNIFTY26JUN10800PE,0.00,0.00,0.00,81.90,0.00,81.90,14333.20,0.20,0,0,0,0.00,0,F1,120,,,,,
2026-05-11,2026-05-11,FO,NSE,IDO,78229,,MIDCPNIFTY,,2026-06-30,2026-06-30,11850.00,PE,MIDCPNIFTY26JUN11850PE,0.00,0.00,0.00,336.90,0.00,336.90,14333.20,5.20,0,0,0,0.00,0,F1,120,,,,,
2026-05-11,2026-05-11,FO,NSE,IDO,78235,,MIDCPNIFTY,,2026-06-30,2026-06-30,11875.00,PE,MIDCPNIFTY26JUN11875PE,0.00,0.00,0.00,346.25,0.00,346.25,14333.20,5.60,0,0,0,0.00,0,F1,120,,,,,
2026-05-11,2026-05-11,FO,NSE,IDO,78284,,MIDCPNIFTY,,2026-06-30,2026-06-30,12300.00,PE,MIDCPNIFTY26JUN12300PE,0.00,0.00,0.00,530.95,0.00,530.95,14333.20,16.35,0,0,0,0.00,0,F1,120,,,,,
2026-05-11,2026-05-11,FO,NSE,IDO,78312,,MIDCPNIFTY,,2026-06-30,2026-06-30,12600.00,PE,MIDCPNIFTY26JUN12600PE,0.00,0.00,0.00,690.70,0.00,690.70,14333.20,31.80,0,0,0,0.00,0,F1,120,,,,,
2026-05-11,2026-05-11,FO,NSE,IDO,78362,,MIDCPNIFTY,,2026-06-30,2026-06-30,12750.00,PE,MIDCPNIFTY26JUN12750PE,0.00,0.00,0.00,779.35,0.00,779.35,14333.20,43.20,0,0,0,0.00,0,F1,120,,,,,
2026-05-11,2026-05-11,FO,NSE,IDO,78523,,MIDCPNIFTY,,2026-06-30,2026-06-30,13325.00,PE,MIDCPNIFTY26JUN13325PE,0.00,0.00,0.00,1169.20,0.00,1169.20,14333.20,119.95,0,0,0,0.00,0,F1,120,,,,,
2026-05-11,2026-05-11,FO,NSE,IDO,78602,,MIDCPNIFTY,,2026-06-30,2026-06-30,13575.00,PE,MIDCPNIFTY26JUN13575PE,0.00,0.00,0.00,1359.65,0.00,1359.65,14333.20,175.55,0,0,0,0.00,0,F1,120,,,,,
2026-05-11,2026-05-11,FO,NSE,IDO,78625,,MIDCPNIFTY,,2026-06-30,2026-06-30,13725.00,PE,MIDCPNIFTY26JUN13725PE,0.00,0.00,0.00,1479.30,0.00,1479.30,14333.20,215.55,0,0,0,0.00,0,F1,120,,,,,
2026-05-11,2026-05-11,FO,NSE,IDO,78633,,MIDCPNIFTY,,2026-06-30,2026-06-30,13825.00,PE,MIDCPNIFTY26JUN13825PE,0.00,0.00,0.00,1561.10,0.00,1561.10,14333.20,246.20,0,0,0,0.00,0,F1,120,,,,,
2026-05-11,2026-05-11,FO,NSE,IDO,78784,,MIDCPNIFTY,,2026-06-30,2026-06-30,15100.00,PE,MIDCPNIFTY26JUN15100PE,0.00,0.00,0.00,2700.95,0.00,2700.95,14333.20,899.50,0,0,0,0.00,0,F1,120,,,,,
2026-05-11,2026-05-11,FO,NSE,IDO,78786,,MIDCPNIFTY,,2026-06-30,2026-06-30,15200.00,PE,MIDCPNIFTY26JUN15200PE,0.00,0.00,0.00,2795.40,0.00,2795.40,14333.20,970.40,0,0,0,0.00,0,F1,120,,,,,
2026-05-11,2026-05-11,FO,NSE,IDO,63322,,MIDCPNIFTY,,2026-07-28,2026-07-28,12375.00,PE,MIDCPNIFTY26JUL12375PE,0.00,0.00,0.00,102.90,0.00,102.90,14333.20,49.50,0,0,0,0.00,0,F1,120,,,,,
2026-05-11,2026-05-11,FO,NSE,IDO,63372,,MIDCPNIFTY,,2026-07-28,2026-07-28,13000.00,PE,MIDCPNIFTY26JUL13000PE,0.00,0.00,0.00,224.40,0.00,224.40,14333.20,126.40,0,0,0,0.00,0,F1,120,,,,,
2026-05-11,2026-05-11,FO,NSE,IDO,63380,,MIDCPNIFTY,,2026-07-28,2026-07-28,13100.00,PE,MIDCPNIFTY26JUL13100PE,0.00,0.00,0.00,250.40,0.00,250.40,14333.20,144.35,0,0,0,0.00,0,F1,120,,,,,
2026-05-11,2026-05-11,FO,NSE,IDO,63388,,MIDCPNIFTY,,2026-07-28,2026-07-28,13200.00,PE,MIDCPNIFTY26JUL13200PE,0.00,0.00,0.00,278.00,0.00,278.00,14333.20,164.10,0,0,0,0.00,0,F1,120,,,,,
2026-05-11,2026-05-11,FO,NSE,IDO,63394,,MIDCPNIFTY,,2026-07-28,2026-07-28,13275.00,PE,MIDCPNIFTY26JUL13275PE,0.00,0.00,0.00,300.55,0.00,300.55,14333.20,180.20,0,0,0,0.00,0,F1,120,,,,,
2026-05-11,2026-05-11,FO,NSE,IDO,63408,,MIDCPNIFTY,,2026-07-28,2026-07-28,13450.00,PE,MIDCPNIFTY26JUL13450PE,0.00,0.00,0.00,358.05,0.00,358.05,14333.20,222.70,0,0,0,0.00,0,F1,120,,,,,
2026-05-11,2026-05-11,FO,NSE,IDO,63436,,MIDCPNIFTY,,2026-07-28,2026-07-28,13800.00,PE,MIDCPNIFTY26JUL13800PE,0.00,0.00,0.00,493.90,0.00,493.90,14333.20,326.00,0,0,0,0.00,0,F1,120,,,,,
2026-05-11,2026-05-11,FO,NSE,IDO,63438,,MIDCPNIFTY,,2026-07-28,2026-07-28,13825.00,PE,MIDCPNIFTY26JUL13825PE,0.00,0.00,0.00,504.70,0.00,504.70,14333.20,334.50,0,0,0,0.00,0,F1,120,,,,,
2026-05-11,2026-05-11,FO,NSE,IDO,63454,,MIDCPNIFTY,,2026-07-28,2026-07-28,13975.00,PE,MIDCPNIFTY26JUL13975PE,0.00,0.00,0.00,572.45,0.00,572.45,14333.20,388.70,0,0,0,0.00,0,F1,120,,,,,
2026-05-11,2026-05-11,FO,NSE,IDO,63470,,MIDCPNIFTY,,2026-07-28,2026-07-28,14175.00,PE,MIDCPNIFTY26JUL14175PE,0.00,0.00,0.00,670.90,0.00,670.90,14333.20,469.50,0,0,0,0.00,0,F1,120,,,,,
2026-05-11,2026-05-11,FO,NSE,IDO,63530,,MIDCPNIFTY,,2026-07-28,2026-07-28,14900.00,PE,MIDCPNIFTY26JUL14900PE,0.00,0.00,0.00,1102.55,0.00,1102.55,14333.20,844.00,0,0,0,0.00,0,F1,120,,,,,
2026-05-11,2026-05-11,FO,NSE,IDO,40446,,MIDCPNIFTY,,2026-05-26,2026-05-26,11050.00,CE,MIDCPNIFTY26MAY11050CE,0.00,0.00,0.00,2422.05,0.00,2422.05,14333.20,3310.05,0,0,0,0.00,0,F1,120,,,,,
2026-05-11,2026-05-11,FO,NSE,IDO,71039,,MIDCPNIFTY,,2026-05-26,2026-05-26,15225.00,CE,MIDCPNIFTY26MAY15225CE,19.65,22.45,15.80,19.10,19.00,30.60,14333.20,19.10,5400,-3240,77,140845044.00,58,F1,120,,,,,
2026-05-11,2026-05-11,FO,NSE,IDO,71021,,MIDCPNIFTY,,2026-05-26,2026-05-26,15050.00,CE,MIDCPNIFTY26MAY15050CE,38.00,48.00,29.80,35.90,35.85,60.05,14333.20,35.90,13200,1080,219,396513528.00,167,F1,120,,,,,
2026-05-11,2026-05-11,FO,NSE,IDO,70982,,MIDCPNIFTY,,2026-05-26,2026-05-26,14775.00,CE,MIDCPNIFTY26MAY14775CE,100.00,123.55,76.45,88.90,89.15,140.35,14333.20,88.90,14400,1680,187,333698964.00,167,F1,120,,,,,
2026-05-11,2026-05-11,FO,NSE,IDO,70956,,MIDCPNIFTY,,2026-05-26,2026-05-26,14450.00,CE,MIDCPNIFTY26MAY14450CE,307.25,307.25,187.00,209.40,210.85,301.25,14333.20,209.40,23160,8760,1728,3044537034.00,1581,F1,120,,,,,
2026-05-11,2026-05-11,FO,NSE,IDO,70804,,MIDCPNIFTY,,2026-05-26,2026-05-26,13600.00,CE,MIDCPNIFTY26MAY13600CE,827.65,827.65,811.50,811.50,811.50,1000.00,14333.20,810.80,9000,0,2,3460698.00,2,F1,120,,,,,
2026-05-11,2026-05-11,FO,NSE,IDO,70788,,MIDCPNIFTY,,2026-05-26,2026-05-26,13425.00,CE,MIDCPNIFTY26MAY13425CE,0.00,0.00,0.00,976.30,976.30,976.30,14333.20,966.25,1800,0,0,0.00,0,F1,120,,,,,
2026-05-11,2026-05-11,FO,NSE,IDO,70636,,MIDCPNIFTY,,2026-05-26,2026-05-26,13000.00,CE,MIDCPNIFTY26MAY13000CE,1417.70,1479.15,1383.85,1479.15,1479.15,1582.00,14333.20,1369.75,27360,0,4,6923472.00,4,F1,120,,,,,
2026-05-11,2026-05-11,FO,NSE,IDO,63578,,MIDCPNIFTY,,2026-07-28,2026-07-28,15500.00,PE,MIDCPNIFTY26JUL15500PE,0.00,0.00,0.00,1538.35,0.00,1538.35,14333.20,1244.50,0,0,0,0.00,0,F1,120,,,,,
2026-05-11,2026-05-11,FO,NSE,IDO,63576,,MIDCPNIFTY,,2026-07-28,2026-07-28,15475.00,PE,MIDCPNIFTY26JUL15475PE,0.00,0.00,0.00,1519.00,0.00,1519.00,14333.20,1226.35,0,0,0,0.00,0,F1,120,,,,,
2026-05-11,2026-05-11,FO,NSE,IDO,63558,,MIDCPNIFTY,,2026-07-28,2026-07-28,15250.00,PE,MIDCPNIFTY26JUL15250PE,0.00,0.00,0.00,1349.00,0.00,1349.00,14333.20,1068.55,0,0,0,0.00,0,F1,120,,,,,
2026-05-11,2026-05-11,FO,NSE,IDO,63476,,MIDCPNIFTY,,2026-07-28,2026-07-28,14250.00,PE,MIDCPNIFTY26JUL14250PE,0.00,0.00,0.00,710.20,0.00,710.20,14333.20,502.30,0,0,0,0.00,0,F1,120,,,,,
2026-05-11,2026-05-11,FO,NSE,IDO,63460,,MIDCPNIFTY,,2026-07-28,2026-07-28,14050.00,PE,MIDCPNIFTY26JUL14050PE,0.00,0.00,0.00,608.30,0.00,608.30,14333.20,417.85,0,0,0,0.00,0,F1,120,,,,,
2026-05-11,2026-05-11,FO,NSE,IDO,63432,,MIDCPNIFTY,,2026-07-28,2026-07-28,13750.00,PE,MIDCPNIFTY26JUL13750PE,0.00,0.00,0.00,472.75,0.00,472.75,14333.20,309.40,0,0,0,0.00,0,F1,120,,,,,
2026-05-11,2026-05-11,FO,NSE,IDO,63428,,MIDCPNIFTY,,2026-07-28,2026-07-28,13700.00,PE,MIDCPNIFTY26JUL13700PE,0.00,0.00,0.00,452.20,0.00,452.20,14333.20,293.40,0,0,0,0.00,0,F1,120,,,,,
2026-05-11,2026-05-11,FO,NSE,IDO,63404,,MIDCPNIFTY,,2026-07-28,2026-07-28,13400.00,PE,MIDCPNIFTY26JUL13400PE,0.00,0.00,0.00,340.95,0.00,340.95,14333.20,209.55,0,0,0,0.00,0,F1,120,,,,,
2026-05-11,2026-05-11,FO,NSE,IDO,63400,,MIDCPNIFTY,,2026-07-28,2026-07-28,13350.00,PE,MIDCPNIFTY26JUL13350PE,0.00,0.00,0.00,324.35,0.00,324.35,14333.20,197.45,0,0,0,0.00,0,F1,120,,,,,
2026-05-11,2026-05-11,FO,NSE,IDO,63370,,MIDCPNIFTY,,2026-07-28,2026-07-28,12975.00,PE,MIDCPNIFTY26JUL12975PE,0.00,0.00,0.00,217.65,0.00,217.65,14333.20,122.20,0,0,0,0.00,0,F1,120,,,,,
2026-05-11,2026-05-11,FO,NSE,IDO,63360,,MIDCPNIFTY,,2026-07-28,2026-07-28,12850.00,PE,MIDCPNIFTY26JUL12850PE,0.00,0.00,0.00,188.40,0.00,188.40,14333.20,102.70,0,0,0,0.00,0,F1,120,,,,,
2026-05-11,2026-05-11,FO,NSE,IDO,63354,,MIDCPNIFTY,,2026-07-28,2026-07-28,12775.00,PE,MIDCPNIFTY26JUL12775PE,0.00,0.00,0.00,172.30,0.00,172.30,14333.20,92.20,0,0,0,0.00,0,F1,120,,,,,
2026-05-11,2026-05-11,FO,NSE,IDO,63338,,MIDCPNIFTY,,2026-07-28,2026-07-28,12575.00,PE,MIDCPNIFTY26JUL12575PE,0.00,0.00,0.00,134.25,0.00,134.25,14333.20,68.25,0,0,0,0.00,0,F1,120,,,,,
2026-05-11,2026-05-11,FO,NSE,IDO,63330,,MIDCPNIFTY,,2026-07-28,2026-07-28,12475.00,PE,MIDCPNIFTY26JUL12475PE,0.00,0.00,0.00,117.80,0.00,117.80,14333.20,58.30,0,0,0,0.00,0,F1,120,,,,,
2026-05-11,2026-05-11,FO,NSE,IDO,63316,,MIDCPNIFTY,,2026-07-28,2026-07-28,12300.00,PE,MIDCPNIFTY26JUL12300PE,0.00,0.00,0.00,92.70,0.00,92.70,14333.20,43.65,0,0,0,0.00,0,F1,120,,,,,
2026-05-11,2026-05-11,FO,NSE,IDO,78808,,MIDCPNIFTY,,2026-06-30,2026-06-30,15700.00,PE,MIDCPNIFTY26JUN15700PE,0.00,0.00,0.00,3273.25,0.00,3273.25,14333.20,1359.00,0,0,0,0.00,0,F1,120,,,,,
2026-05-11,2026-05-11,FO,NSE,IDO,35123,,MIDCPNIFTY,,2026-06-30,2026-06-30,14575.00,PE,MIDCPNIFTY26JUN14575PE,0.00,0.00,0.00,1949.80,0.00,1949.80,14333.20,571.60,0,0,0,0.00,0,F1,120,,,,,
2026-05-11,2026-05-11,FO,NSE,IDO,78637,,MIDCPNIFTY,,2026-06-30,2026-06-30,13875.00,PE,MIDCPNIFTY26JUN13875PE,0.00,0.00,0.00,1602.50,0.00,1602.50,14333.20,262.60,0,0,0,0.00,0,F1,120,,,,,
2026-05-11,2026-05-11,FO,NSE,IDO,78631,,MIDCPNIFTY,,2026-06-30,2026-06-30,13800.00,PE,MIDCPNIFTY26JUN13800PE,0.00,0.00,0.00,1540.50,0.00,1540.50,14333.20,238.25,0,0,0,0.00,0,F1,120,,,,,
2026-05-11,2026-05-11,FO,NSE,IDO,78584,,MIDCPNIFTY,,2026-06-30,2026-06-30,13450.00,PE,MIDCPNIFTY26JUN13450PE,0.00,0.00,0.00,1263.30,0.00,1263.30,14333.20,145.55,0,0,0,0.00,0,F1,120,,,,,
2026-05-11,2026-05-11,FO,NSE,IDO,78484,,MIDCPNIFTY,,2026-06-30,2026-06-30,13125.00,PE,MIDCPNIFTY26JUN13125PE,0.00,0.00,0.00,1024.90,0.00,1024.90,14333.20,86.25,0,0,0,0.00,0,F1,120,,,,,
2026-05-11,2026-05-11,FO,NSE,IDO,78340,,MIDCPNIFTY,,2026-06-30,2026-06-30,12725.00,PE,MIDCPNIFTY26JUN12725PE,0.00,0.00,0.00,764.20,0.00,764.20,14333.20,41.10,0,0,0,0.00,0,F1,120,,,,,
2026-05-11,2026-05-11,FO,NSE,IDO,78308,,MIDCPNIFTY,,2026-06-30,2026-06-30,12550.00,PE,MIDCPNIFTY26JUN12550PE,0.00,0.00,0.00,662.45,0.00,662.45,14333.20,28.65,0,0,0,0.00,0,F1,120,,,,,
2026-05-11,2026-05-11,FO,NSE,IDO,78300,,MIDCPNIFTY,,2026-06-30,2026-06-30,12450.00,PE,MIDCPNIFTY26JUN12450PE,0.00,0.00,0.00,607.85,0.00,607.85,14333.20,23.05,0,0,0,0.00,0,F1,120,,,,,
2026-05-11,2026-05-11,FO,NSE,IDO,78288,,MIDCPNIFTY,,2026-06-30,2026-06-30,12350.00,PE,MIDCPNIFTY26JUN12350PE,0.00,0.00,0.00,555.90,0.00,555.90,14333.20,18.40,0,0,0,0.00,0,F1,120,,,,,
2026-05-11,2026-05-11,FO,NSE,IDO,78274,,MIDCPNIFTY,,2026-06-30,2026-06-30,12175.00,PE,MIDCPNIFTY26JUN12175PE,0.00,0.00,0.00,471.55,0.00,471.55,14333.20,12.15,0,0,0,0.00,0,F1,120,,,,,
2026-05-11,2026-05-11,FO,NSE,IDO,78266,,MIDCPNIFTY,,2026-06-30,2026-06-30,12100.00,PE,MIDCPNIFTY26JUN12100PE,0.00,0.00,0.00,437.95,0.00,437.95,14333.20,10.05,0,0,0,0.00,0,F1,120,,,,,
2026-05-11,2026-05-11,FO,NSE,IDO,78126,,MIDCPNIFTY,,2026-06-30,2026-06-30,11650.00,PE,MIDCPNIFTY26JUN11650PE,0.00,0.00,0.00,268.05,0.00,268.05,14333.20,2.95,0,0,0,0.00,0,F1,120,,,,,
2026-05-11,2026-05-11,FO,NSE,IDO,78120,,MIDCPNIFTY,,2026-06-30,2026-06-30,11575.00,PE,MIDCPNIFTY26JUN11575PE,0.00,0.00,0.00,244.90,0.00,244.90,14333.20,2.35,0,0,0,0.00,0,F1,120,,,,,
2026-05-11,2026-05-11,FO,NSE,IDO,78102,,MIDCPNIFTY,,2026-06-30,2026-06-30,11350.00,PE,MIDCPNIFTY26JUN11350PE,0.00,0.00,0.00,184.15,0.00,184.15,14333.20,1.15,0,0,0,0.00,0,F1,120,,,,,
2026-05-11,2026-05-11,FO,NSE,IDO,78094,,MIDCPNIFTY,,2026-06-30,2026-06-30,11250.00,PE,MIDCPNIFTY26JUN11250PE,0.00,0.00,0.00,160.85,0.00,160.85,14333.20,0.85,0,0,0,0.00,0,F1,120,,,,,
2026-05-11,2026-05-11,FO,NSE,IDO,78084,,MIDCPNIFTY,,2026-06-30,2026-06-30,11125.00,PE,MIDCPNIFTY26JUN11125PE,0.00,0.00,0.00,134.90,0.00,134.90,14333.20,0.55,0,0,0,0.00,0,F1,120,,,,,
2026-05-11,2026-05-11,FO,NSE,IDO,78069,,MIDCPNIFTY,,2026-06-30,2026-06-30,11025.00,PE,MIDCPNIFTY26JUN11025PE,0.00,0.00,0.00,116.45,0.00,116.45,14333.20,0.40,0,0,0,0.00,0,F1,120,,,,,
2026-05-11,2026-05-11,FO,NSE,IDO,78025,,MIDCPNIFTY,,2026-06-30,2026-06-30,10925.00,PE,MIDCPNIFTY26JUN10925PE,0.00,0.00,0.00,99.95,0.00,99.95,14333.20,0.25,0,0,0,0.00,0,F1,120,,,,,
2026-05-11,2026-05-11,FO,NSE,IDO,78023,,MIDCPNIFTY,,2026-06-30,2026-06-30,10900.00,PE,MIDCPNIFTY26JUN10900PE,0.00,0.00,0.00,96.10,0.00,96.10,14333.20,0.25,0,0,0,0.00,0,F1,120,,,,,
2026-05-11,2026-05-11,FO,NSE,IDO,71182,,MIDCPNIFTY,,2026-05-26,2026-05-26,15525.00,PE,MIDCPNIFTY26MAY15525PE,0.00,0.00,0.00,1907.10,0.00,1907.10,14333.20,1171.70,0,0,0,0.00,0,F1,120,,,,,
2026-05-11,2026-05-11,FO,NSE,IDO,71176,,MIDCPNIFTY,,2026-05-26,2026-05-26,15450.00,PE,MIDCPNIFTY26MAY15450PE,0.00,0.00,0.00,1841.45,0.00,1841.45,14333.20,1101.35,0,0,0,0.00,0,F1,120,,,,,
2026-05-11,2026-05-11,FO,NSE,IDO,71097,,MIDCPNIFTY,,2026-05-26,2026-05-26,15250.00,PE,MIDCPNIFTY26MAY15250PE,0.00,0.00,0.00,1669.75,0.00,1669.75,14333.20,918.75,0,0,0,0.00,0,F1,120,,,,,
2026-05-11,2026-05-11,FO,NSE,IDO,71033,,MIDCPNIFTY,,2026-05-26,2026-05-26,15175.00,PE,MIDCPNIFTY26MAY15175PE,0.00,0.00,0.00,1606.70,0.00,1606.70,14333.20,852.65,0,0,0,0.00,0,F1,120,,,,,
2026-05-11,2026-05-11,FO,NSE,IDO,71028,,MIDCPNIFTY,,2026-05-26,2026-05-26,15125.00,PE,MIDCPNIFTY26MAY15125PE,0.00,0.00,0.00,1565.10,0.00,1565.10,14333.20,809.45,0,0,0,0.00,0,F1,120,,,,,
2026-05-11,2026-05-11,FO,NSE,IDO,70987,,MIDCPNIFTY,,2026-05-26,2026-05-26,14825.00,PE,MIDCPNIFTY26MAY14825PE,0.00,0.00,0.00,394.45,394.80,394.45,14333.20,568.55,600,0,0,0.00,0,F1,120,,,,,
2026-05-11,2026-05-11,FO,NSE,IDO,70645,,MIDCPNIFTY,,2026-05-26,2026-05-26,13100.00,PE,MIDCPNIFTY26MAY13100PE,17.25,21.20,12.35,18.50,18.25,12.10,14333.20,18.50,60600,600,494,777598224.00,343,F1,120,,,,,
2026-05-11,2026-05-11,FO,NSE,IDO,70533,,MIDCPNIFTY,,2026-05-26,2026-05-26,12575.00,PE,MIDCPNIFTY26MAY12575PE,0.00,0.00,0.00,10.40,10.40,10.40,14333.20,0.65,2520,0,0,0.00,0,F1,120,,,,,
2026-05-11,2026-05-11,FO,NSE,IDO,70497,,MIDCPNIFTY,,2026-05-26,2026-05-26,12200.00,PE,MIDCPNIFTY26MAY12200PE,2.90,3.40,2.15,2.85,3.40,2.90,14333.20,2.85,25920,0,11,16107672.00,7,F1,120,,,,,
2026-05-11,2026-05-11,FO,NSE,IDO,70314,,MIDCPNIFTY,,2026-05-26,2026-05-26,11525.00,PE,MIDCPNIFTY26MAY11525PE,0.00,0.00,0.00,29.90,0.00,29.90,14333.20,0.00,0,0,0,0.00,0,F1,120,,,,,
2026-05-11,2026-05-11,FO,NSE,IDO,70294,,MIDCPNIFTY,,2026-05-26,2026-05-26,11375.00,PE,MIDCPNIFTY26MAY11375PE,0.00,0.00,0.00,22.05,0.00,22.05,14333.20,0.00,0,0,0,0.00,0,F1,120,,,,,
2026-05-11,2026-05-11,FO,NSE,IDO,70248,,MIDCPNIFTY,,2026-05-26,2026-05-26,11350.00,PE,MIDCPNIFTY26MAY11350PE,0.00,0.00,0.00,20.95,0.00,20.95,14333.20,0.00,0,0,0,0.00,0,F1,120,,,,,
2026-05-11,2026-05-11,FO,NSE,IDO,70150,,MIDCPNIFTY,,2026-05-26,2026-05-26,11200.00,PE,MIDCPNIFTY26MAY11200PE,0.00,0.00,0.00,2.15,2.15,2.15,14333.20,0.00,2640,0,0,0.00,0,F1,120,,,,,
2026-05-11,2026-05-11,FO,NSE,IDO,40455,,MIDCPNIFTY,,2026-05-26,2026-05-26,11150.00,PE,MIDCPNIFTY26MAY11150PE,1.25,1.25,1.25,1.25,1.25,1.50,14333.20,1.25,360,-600,5,6690750.00,1,F1,120,,,,,
2026-05-11,2026-05-11,FO,NSE,IDO,70148,,MIDCPNIFTY,,2026-05-26,2026-05-26,11100.00,PE,MIDCPNIFTY26MAY11100PE,0.00,0.00,0.00,2.00,2.00,2.00,14333.20,0.00,960,0,0,0.00,0,F1,120,,,,,
2026-05-11,2026-05-11,FO,NSE,IDO,70122,,MIDCPNIFTY,,2026-05-26,2026-05-26,10900.00,PE,MIDCPNIFTY26MAY10900PE,0.60,0.60,0.50,0.55,0.50,1.25,14333.20,0.55,480,0,4,5232264.00,2,F1,120,,,,,
2026-05-11,2026-05-11,FO,NSE,IDO,63591,,MIDCPNIFTY,,2026-07-28,2026-07-28,15675.00,CE,MIDCPNIFTY26JUL15675CE,0.00,0.00,0.00,202.65,0.00,202.65,14333.20,244.90,0,0,0,0.00,0,F1,120,,,,,
2026-05-11,2026-05-11,FO,NSE,IDO,63535,,MIDCPNIFTY,,2026-07-28,2026-07-28,14975.00,CE,MIDCPNIFTY26JUL14975CE,0.00,0.00,0.00,369.60,0.00,369.60,14333.20,449.90,0,0,0,0.00,0,F1,120,,,,,
2026-05-11,2026-05-11,FO,NSE,IDO,63503,,MIDCPNIFTY,,2026-07-28,2026-07-28,14600.00,CE,MIDCPNIFTY26JUL14600CE,0.00,0.00,0.00,496.00,0.00,496.00,14333.20,603.60,0,0,0,0.00,0,F1,120,,,,,
2026-05-11,2026-05-11,FO,NSE,IDO,63493,,MIDCPNIFTY,,2026-07-28,2026-07-28,14475.00,CE,MIDCPNIFTY26JUL14475CE,0.00,0.00,0.00,544.65,0.00,544.65,14333.20,662.30,0,0,0,0.00,0,F1,120,,,,,
2026-05-11,2026-05-11,FO,NSE,IDO,63435,,MIDCPNIFTY,,2026-07-28,2026-07-28,13800.00,CE,MIDCPNIFTY26JUL13800CE,0.00,0.00,0.00,868.15,0.00,868.15,14333.20,1045.20,0,0,0,0.00,0,F1,120,,,,,
2026-05-11,2026-05-11,FO,NSE,IDO,63421,,MIDCPNIFTY,,2026-07-28,2026-07-28,13625.00,CE,MIDCPNIFTY26JUL13625CE,0.00,0.00,0.00,969.20,0.00,969.20,14333.20,1162.35,0,0,0,0.00,0,F1,120,,,,,
2026-05-11,2026-05-11,FO,NSE,IDO,63383,,MIDCPNIFTY,,2026-07-28,2026-07-28,13150.00,CE,MIDCPNIFTY26JUL13150CE,0.00,0.00,0.00,1279.15,0.00,1279.15,14333.20,1514.45,0,0,0,0.00,0,F1,120,,,,,
2026-05-11,2026-05-11,FO,NSE,IDO,63377,,MIDCPNIFTY,,2026-07-28,2026-07-28,13075.00,CE,MIDCPNIFTY26JUL13075CE,0.00,0.00,0.00,1332.55,0.00,1332.55,14333.20,1574.10,0,0,0,0.00,0,F1,120,,,,,
2026-05-11,2026-05-11,FO,NSE,IDO,63375,,MIDCPNIFTY,,2026-07-28,2026-07-28,13050.00,CE,MIDCPNIFTY26JUL13050CE,0.00,0.00,0.00,1350.65,0.00,1350.65,14333.20,1594.25,0,0,0,0.00,0,F1,120,,,,,
2026-05-11,2026-05-11,FO,NSE,IDO,63359,,MIDCPNIFTY,,2026-07-28,2026-07-28,12850.00,CE,MIDCPNIFTY26JUL12850CE,0.00,0.00,0.00,1499.00,0.00,1499.00,14333.20,1759.10,0,0,0,0.00,0,F1,120,,,,,
2026-05-11,2026-05-11,FO,NSE,IDO,78801,,MIDCPNIFTY,,2026-06-30,2026-06-30,15600.00,CE,MIDCPNIFTY26JUN15600CE,0.00,0.00,0.00,15.25,0.00,15.25,14333.20,145.60,0,0,0,0.00,0,F1,120,,,,,
2026-05-11,2026-05-11,FO,NSE,IDO,40783,,MIDCPNIFTY,,2026-06-30,2026-06-30,15450.00,CE,MIDCPNIFTY26JUN15450CE,0.00,0.00,0.00,90.60,0.00,90.60,14333.20,175.25,0,0,0,0.00,0,F1,120,,,,,
2026-05-11,2026-05-11,FO,NSE,IDO,78787,,MIDCPNIFTY,,2026-06-30,2026-06-30,15300.00,CE,MIDCPNIFTY26JUN15300CE,0.00,0.00,0.00,23.05,0.00,23.05,14333.20,210.10,0,0,0,0.00,0,F1,120,,,,,
2026-05-11,2026-05-11,FO,NSE,IDO,40747,,MIDCPNIFTY,,2026-06-30,2026-06-30,15125.00,CE,MIDCPNIFTY26JUN15125CE,0.00,0.00,0.00,128.85,0.00,128.85,14333.20,256.20,0,0,0,0.00,0,F1,120,,,,,
2026-05-11,2026-05-11,FO,NSE,IDO,40742,,MIDCPNIFTY,,2026-06-30,2026-06-30,15075.00,CE,MIDCPNIFTY26JUN15075CE,0.00,0.00,0.00,135.80,0.00,135.80,14333.20,270.95,0,0,0,0.00,0,F1,120,,,,,
2026-05-11,2026-05-11,FO,NSE,IDO,40740,,MIDCPNIFTY,,2026-06-30,2026-06-30,15050.00,CE,MIDCPNIFTY26JUN15050CE,0.00,0.00,0.00,139.40,0.00,139.40,14333.20,278.55,0,0,0,0.00,0,F1,120,,,,,
2026-05-11,2026-05-11,FO,NSE,IDO,40738,,MIDCPNIFTY,,2026-06-30,2026-06-30,15025.00,CE,MIDCPNIFTY26JUN15025CE,0.00,0.00,0.00,143.10,0.00,143.10,14333.20,286.35,0,0,0,0.00,0,F1,120,,,,,
2026-05-11,2026-05-11,FO,NSE,IDO,78656,,MIDCPNIFTY,,2026-06-30,2026-06-30,14125.00,CE,MIDCPNIFTY26JUN14125CE,0.00,0.00,0.00,101.50,0.00,101.50,14333.20,686.25,0,0,0,0.00,0,F1,120,,,,,
2026-05-11,2026-05-11,FO,NSE,IDO,78648,,MIDCPNIFTY,,2026-06-30,2026-06-30,14025.00,CE,MIDCPNIFTY26JUN14025CE,0.00,0.00,0.00,113.90,0.00,113.90,14333.20,745.85,0,0,0,0.00,0,F1,120,,,,,
2026-05-11,2026-05-11,FO,NSE,IDO,78642,,MIDCPNIFTY,,2026-06-30,2026-06-30,13950.00,CE,MIDCPNIFTY26JUN13950CE,0.00,0.00,0.00,123.95,0.00,123.95,14333.20,792.55,0,0,0,0.00,0,F1,120,,,,,
2026-05-11,2026-05-11,FO,NSE,IDO,78618,,MIDCPNIFTY,,2026-06-30,2026-06-30,13650.00,CE,MIDCPNIFTY26JUN13650CE,0.00,0.00,0.00,172.30,0.00,172.30,14333.20,996.45,0,0,0,0.00,0,F1,120,,,,,
2026-05-11,2026-05-11,FO,NSE,IDO,78585,,MIDCPNIFTY,,2026-06-30,2026-06-30,13475.00,CE,MIDCPNIFTY26JUN13475CE,0.00,0.00,0.00,207.60,0.00,207.60,14333.20,1126.05,0,0,0,0.00,0,F1,120,,,,,
2026-05-11,2026-05-11,FO,NSE,IDO,78517,,MIDCPNIFTY,,2026-06-30,2026-06-30,13275.00,CE,MIDCPNIFTY26JUN13275CE,0.00,0.00,0.00,253.50,0.00,253.50,14333.20,1283.90,0,0,0,0.00,0,F1,120,,,,,
2026-05-11,2026-05-11,FO,NSE,IDO,78489,,MIDCPNIFTY,,2026-06-30,2026-06-30,13200.00,CE,MIDCPNIFTY26JUN13200CE,0.00,0.00,0.00,273.05,0.00,273.05,14333.20,1345.45,0,0,0,0.00,0,F1,120,,,,,
2026-05-11,2026-05-11,FO,NSE,IDO,78311,,MIDCPNIFTY,,2026-06-30,2026-06-30,12600.00,CE,MIDCPNIFTY26JUN12600CE,0.00,0.00,0.00,475.15,0.00,475.15,14333.20,1874.15,0,0,0,0.00,0,F1,120,,,,,
2026-05-11,2026-05-11,FO,NSE,IDO,78299,,MIDCPNIFTY,,2026-06-30,2026-06-30,12450.00,CE,MIDCPNIFTY26JUN12450CE,0.00,0.00,0.00,539.60,0.00,539.60,14333.20,2014.05,0,0,0,0.00,0,F1,120,,,,,
2026-05-11,2026-05-11,FO,NSE,IDO,78129,,MIDCPNIFTY,,2026-06-30,2026-06-30,11700.00,CE,MIDCPNIFTY26JUN11700CE,0.00,0.00,0.00,952.60,0.00,952.60,14333.20,2737.95,0,0,0,0.00,0,F1,120,,,,,
2026-05-11,2026-05-11,FO,NSE,IDO,78121,,MIDCPNIFTY,,2026-06-30,2026-06-30,11600.00,CE,MIDCPNIFTY26JUN11600CE,0.00,0.00,0.00,1019.00,0.00,1019.00,14333.20,2836.20,0,0,0,0.00,0,F1,120,,,,,
2026-05-11,2026-05-11,FO,NSE,IDO,78099,,MIDCPNIFTY,,2026-06-30,2026-06-30,11325.00,CE,MIDCPNIFTY26JUN11325CE,0.00,0.00,0.00,1214.70,0.00,1214.70,14333.20,3107.35,0,0,0,0.00,0,F1,120,,,,,
2026-05-11,2026-05-11,FO,NSE,IDO,78022,,MIDCPNIFTY,,2026-06-30,2026-06-30,10900.00,CE,MIDCPNIFTY26JUN10900CE,0.00,0.00,0.00,1550.10,0.00,1550.10,14333.20,3527.85,0,0,0,0.00,0,F1,120,,,,,
2026-05-11,2026-05-11,FO,NSE,IDO,77927,,MIDCPNIFTY,,2026-06-30,2026-06-30,10700.00,CE,MIDCPNIFTY26JUN10700CE,0.00,0.00,0.00,1719.80,0.00,1719.80,14333.20,3726.00,0,0,0,0.00,0,F1,120,,,,,
2026-05-11,2026-05-11,FO,NSE,IDO,71173,,MIDCPNIFTY,,2026-05-26,2026-05-26,15425.00,CE,MIDCPNIFTY26MAY15425CE,10.25,10.40,4.20,4.20,4.20,97.40,14333.20,23.70,720,720,10,18520956.00,7,F1,120,,,,,
2026-05-11,2026-05-11,FO,NSE,IDO,71099,,MIDCPNIFTY,,2026-05-26,2026-05-26,15275.00,CE,MIDCPNIFTY26MAY15275CE,17.85,19.75,13.10,16.20,15.95,23.20,14333.20,16.20,8040,-240,96,176149800.00,71,F1,120,,,,,
2026-05-11,2026-05-11,FO,NSE,IDO,70974,,MIDCPNIFTY,,2026-05-26,2026-05-26,14675.00,CE,MIDCPNIFTY26MAY14675CE,137.15,155.00,108.35,119.55,118.05,185.35,14333.20,119.55,11760,1440,172,305484486.00,119,F1,120,,,,,
2026-05-11,2026-05-11,FO,NSE,IDO,70836,,MIDCPNIFTY,,2026-05-26,2026-05-26,14000.00,CE,MIDCPNIFTY26MAY14000CE,551.00,584.80,410.00,504.25,484.70,627.40,14333.20,504.25,269760,-30360,1043,1815785940.00,892,F1,120,,,,,
2026-05-11,2026-05-11,FO,NSE,IDO,70622,,MIDCPNIFTY,,2026-05-26,2026-05-26,12925.00,CE,MIDCPNIFTY26MAY12925CE,0.00,0.00,0.00,998.25,0.00,998.25,14333.20,1443.15,0,0,0,0.00,0,F1,120,,,,,
2026-05-11,2026-05-11,FO,NSE,IDO,70538,,MIDCPNIFTY,,2026-05-26,2026-05-26,12650.00,CE,MIDCPNIFTY26MAY12650CE,0.00,0.00,0.00,1192.75,0.00,1192.75,14333.20,1714.85,0,0,0,0.00,0,F1,120,,,,,
2026-05-11,2026-05-11,FO,NSE,IDO,70441,,MIDCPNIFTY,,2026-05-26,2026-05-26,11900.00,CE,MIDCPNIFTY26MAY11900CE,0.00,0.00,0.00,1804.40,0.00,1804.40,14333.20,2462.10,0,0,0,0.00,0,F1,120,,,,,
2026-05-11,2026-05-11,FO,NSE,IDO,70423,,MIDCPNIFTY,,2026-05-26,2026-05-26,11825.00,CE,MIDCPNIFTY26MAY11825CE,0.00,0.00,0.00,1870.80,0.00,1870.80,14333.20,2536.90,0,0,0,0.00,0,F1,120,,,,,
2026-05-11,2026-05-11,FO,NSE,IDO,70375,,MIDCPNIFTY,,2026-05-26,2026-05-26,11800.00,CE,MIDCPNIFTY26MAY11800CE,0.00,0.00,0.00,1893.15,0.00,1893.15,14333.20,2561.85,0,0,0,0.00,0,F1,120,,,,,
2026-05-11,2026-05-11,FO,NSE,IDO,40456,,MIDCPNIFTY,,2026-05-26,2026-05-26,11175.00,CE,MIDCPNIFTY26MAY11175CE,0.00,0.00,0.00,2302.90,0.00,2302.90,14333.20,3185.35,0,0,0,0.00,0,F1,120,,,,,
2026-05-11,2026-05-11,FO,NSE,IDO,63320,,MIDCPNIFTY,,2026-07-28,2026-07-28,12350.00,PE,MIDCPNIFTY26JUL12350PE,0.00,0.00,0.00,99.40,0.00,99.40,14333.20,47.50,0,0,0,0.00,0,F1,120,,,,,
2026-05-11,2026-05-11,FO,NSE,IDO,43684,,MIDCPNIFTY,,2026-05-26,2026-05-26,10875.00,CE,MIDCPNIFTY26MAY10875CE,0.00,0.00,0.00,2338.20,0.00,2338.20,14333.20,3484.60,0,0,0,0.00,0,F1,120,,,,,
2026-05-11,2026-05-11,FO,NSE,IDO,40448,,MIDCPNIFTY,,2026-05-26,2026-05-26,11075.00,CE,MIDCPNIFTY26MAY11075CE,0.00,0.00,0.00,2398.15,0.00,2398.15,14333.20,3285.10,0,0,0,0.00,0,F1,120,,,,,
2026-05-11,2026-05-11,FO,NSE,IDO,70428,,MIDCPNIFTY,,2026-05-26,2026-05-26,11875.00,CE,MIDCPNIFTY26MAY11875CE,0.00,0.00,0.00,1826.45,0.00,1826.45,14333.20,2487.05,0,0,0,0.00,0,F1,120,,,,,
2026-05-11,2026-05-11,FO,NSE,IDO,70473,,MIDCPNIFTY,,2026-05-26,2026-05-26,12075.00,CE,MIDCPNIFTY26MAY12075CE,0.00,0.00,0.00,1652.65,0.00,1652.65,14333.20,2287.55,0,0,0,0.00,0,F1,120,,,,,
2026-05-11,2026-05-11,FO,NSE,IDO,70542,,MIDCPNIFTY,,2026-05-26,2026-05-26,12700.00,CE,MIDCPNIFTY26MAY12700CE,0.00,0.00,0.00,1156.55,0.00,1156.55,14333.20,1665.25,0,0,0,0.00,0,F1,120,,,,,
2026-05-11,2026-05-11,FO,NSE,IDO,70544,,MIDCPNIFTY,,2026-05-26,2026-05-26,12725.00,CE,MIDCPNIFTY26MAY12725CE,0.00,0.00,0.00,1138.35,0.00,1138.35,14333.20,1640.45,0,0,0,0.00,0,F1,120,,,,,
2026-05-11,2026-05-11,FO,NSE,IDO,70620,,MIDCPNIFTY,,2026-05-26,2026-05-26,12900.00,CE,MIDCPNIFTY26MAY12900CE,0.00,0.00,0.00,1015.15,0.00,1015.15,14333.20,1467.70,0,0,0,0.00,0,F1,120,,,,,
2026-05-11,2026-05-11,FO,NSE,IDO,70624,,MIDCPNIFTY,,2026-05-26,2026-05-26,12950.00,CE,MIDCPNIFTY26MAY12950CE,0.00,0.00,0.00,981.55,0.00,981.55,14333.20,1418.65,0,0,0,0.00,0,F1,120,,,,,
2026-05-11,2026-05-11,FO,NSE,IDO,70654,,MIDCPNIFTY,,2026-05-26,2026-05-26,13200.00,CE,MIDCPNIFTY26MAY13200CE,0.00,0.00,0.00,1378.55,1378.55,1378.55,14333.20,1176.50,2160,0,0,0.00,0,F1,120,,,,,
2026-05-11,2026-05-11,FO,NSE,IDO,70800,,MIDCPNIFTY,,2026-05-26,2026-05-26,13550.00,CE,MIDCPNIFTY26MAY13550CE,0.00,0.00,0.00,540.30,540.30,540.30,14333.20,854.35,840,0,0,0.00,0,F1,120,,,,,
2026-05-11,2026-05-11,FO,NSE,IDO,70859,,MIDCPNIFTY,,2026-05-26,2026-05-26,14200.00,CE,MIDCPNIFTY26MAY14200CE,375.30,430.30,314.05,351.40,349.30,472.80,14333.20,351.40,125880,-7800,682,1191660942.00,562,F1,120,,,,,
2026-05-11,2026-05-11,FO,NSE,IDO,70954,,MIDCPNIFTY,,2026-05-26,2026-05-26,14425.00,CE,MIDCPNIFTY26MAY14425CE,207.00,288.40,205.25,226.95,222.85,323.00,14333.20,226.95,16080,1920,426,750116976.00,369,F1,120,,,,,
2026-05-11,2026-05-11,FO,NSE,IDO,71127,,MIDCPNIFTY,,2026-05-26,2026-05-26,15350.00,CE,MIDCPNIFTY26MAY15350CE,10.90,13.25,10.90,12.35,12.20,106.40,14333.20,12.35,2400,2400,61,112450848.00,50,F1,120,,,,,
2026-05-11,2026-05-11,FO,NSE,IDO,71197,,MIDCPNIFTY,,2026-05-26,2026-05-26,15800.00,CE,MIDCPNIFTY26MAY15800CE,4.90,6.10,3.35,4.20,3.85,5.90,14333.20,4.20,92280,-4440,717,1359768108.00,346,F1,120,,,,,
2026-05-11,2026-05-11,FO,NSE,IDO,78113,,MIDCPNIFTY,,2026-06-30,2026-06-30,11500.00,CE,MIDCPNIFTY26JUN11500CE,0.00,0.00,0.00,1088.50,0.00,1088.50,14333.20,2934.70,0,0,0,0.00,0,F1,120,,,,,
2026-05-11,2026-05-11,FO,NSE,IDO,78131,,MIDCPNIFTY,,2026-06-30,2026-06-30,11725.00,CE,MIDCPNIFTY26JUN11725CE,0.00,0.00,0.00,936.40,0.00,936.40,14333.20,2713.40,0,0,0,0.00,0,F1,120,,,,,
2026-05-11,2026-05-11,FO,NSE,IDO,78275,,MIDCPNIFTY,,2026-06-30,2026-06-30,12200.00,CE,MIDCPNIFTY26JUN12200CE,0.00,0.00,0.00,660.40,0.00,660.40,14333.20,2251.75,0,0,0,0.00,0,F1,120,,,,,
2026-05-11,2026-05-11,FO,NSE,IDO,78283,,MIDCPNIFTY,,2026-06-30,2026-06-30,12300.00,CE,MIDCPNIFTY26JUN12300CE,0.00,0.00,0.00,610.05,0.00,610.05,14333.20,2156.10,0,0,0,0.00,0,F1,120,,,,,
2026-05-11,2026-05-11,FO,NSE,IDO,78481,,MIDCPNIFTY,,2026-06-30,2026-06-30,13100.00,CE,MIDCPNIFTY26JUN13100CE,0.00,0.00,0.00,300.95,0.00,300.95,14333.20,1429.30,0,0,0,0.00,0,F1,120,,,,,
2026-05-11,2026-05-11,FO,NSE,IDO,78524,,MIDCPNIFTY,,2026-06-30,2026-06-30,13350.00,CE,MIDCPNIFTY26JUN13350CE,0.00,0.00,0.00,235.70,0.00,235.70,14333.20,1223.60,0,0,0,0.00,0,F1,120,,,,,
2026-05-11,2026-05-11,FO,NSE,IDO,78773,,MIDCPNIFTY,,2026-06-30,2026-06-30,14600.00,CE,MIDCPNIFTY26JUN14600CE,0.00,0.00,0.00,57.40,0.00,57.40,14333.20,445.05,0,0,0,0.00,0,F1,120,,,,,
2026-05-11,2026-05-11,FO,NSE,IDO,35130,,MIDCPNIFTY,,2026-06-30,2026-06-30,14675.00,CE,MIDCPNIFTY26JUN14675CE,0.00,0.00,0.00,82.95,0.00,82.95,14333.20,413.25,0,0,0,0.00,0,F1,120,,,,,
2026-05-11,2026-05-11,FO,NSE,IDO,40754,,MIDCPNIFTY,,2026-06-30,2026-06-30,15175.00,CE,MIDCPNIFTY26JUN15175CE,0.00,0.00,0.00,122.20,0.00,122.20,14333.20,242.10,0,0,0,0.00,0,F1,120,,,,,
2026-05-11,2026-05-11,FO,NSE,IDO,40770,,MIDCPNIFTY,,2026-06-30,2026-06-30,15250.00,CE,MIDCPNIFTY26JUN15250CE,0.00,0.00,0.00,112.75,0.00,112.75,14333.20,222.05,0,0,0,0.00,0,F1,120,,,,,
2026-05-11,2026-05-11,FO,NSE,IDO,78813,,MIDCPNIFTY,,2026-06-30,2026-06-30,15800.00,CE,MIDCPNIFTY26JUN15800CE,0.00,0.00,0.00,11.45,0.00,11.45,14333.20,112.55,0,0,0,0.00,0,F1,120,,,,,
2026-05-11,2026-05-11,FO,NSE,IDO,63381,,MIDCPNIFTY,,2026-07-28,2026-07-28,13125.00,CE,MIDCPNIFTY26JUL13125CE,0.00,0.00,0.00,1296.80,0.00,1296.80,14333.20,1534.20,0,0,0,0.00,0,F1,120,,,,,
2026-05-11,2026-05-11,FO,NSE,IDO,63453,,MIDCPNIFTY,,2026-07-28,2026-07-28,13975.00,CE,MIDCPNIFTY26JUL13975CE,0.00,0.00,0.00,774.25,0.00,774.25,14333.20,935.30,0,0,0,0.00,0,F1,120,,,,,
2026-05-11,2026-05-11,FO,NSE,IDO,63511,,MIDCPNIFTY,,2026-07-28,2026-07-28,14700.00,CE,MIDCPNIFTY26JUL14700CE,0.00,0.00,0.00,459.50,0.00,459.50,14333.20,559.40,0,0,0,0.00,0,F1,120,,,,,
2026-05-11,2026-05-11,FO,NSE,IDO,63523,,MIDCPNIFTY,,2026-07-28,2026-07-28,14850.00,CE,MIDCPNIFTY26JUL14850CE,0.00,0.00,0.00,408.60,0.00,408.60,14333.20,497.50,0,0,0,0.00,0,F1,120,,,,,
2026-05-11,2026-05-11,FO,NSE,IDO,63579,,MIDCPNIFTY,,2026-07-28,2026-07-28,15525.00,CE,MIDCPNIFTY26JUL15525CE,0.00,0.00,0.00,231.85,0.00,231.85,14333.20,280.20,0,0,0,0.00,0,F1,120,,,,,
2026-05-11,2026-05-11,FO,NSE,IDO,63585,,MIDCPNIFTY,,2026-07-28,2026-07-28,15600.00,CE,MIDCPNIFTY26JUL15600CE,0.00,0.00,0.00,227.65,227.65,227.65,14333.20,262.35,120,0,0,0.00,0,F1,120,,,,,
2026-05-11,2026-05-11,FO,NSE,IDO,40451,,MIDCPNIFTY,,2026-05-26,2026-05-26,11075.00,PE,MIDCPNIFTY26MAY11075PE,0.00,0.00,0.00,12.35,0.00,12.35,14333.20,0.00,0,0,0,0.00,0,F1,120,,,,,
2026-05-11,2026-05-11,FO,NSE,IDO,70242,,MIDCPNIFTY,,2026-05-26,2026-05-26,11275.00,PE,MIDCPNIFTY26MAY11275PE,0.00,0.00,0.00,0.90,0.90,0.90,14333.20,0.00,480,0,0,0.00,0,F1,120,,,,,
2026-05-11,2026-05-11,FO,NSE,IDO,70306,,MIDCPNIFTY,,2026-05-26,2026-05-26,11425.00,PE,MIDCPNIFTY26MAY11425PE,0.00,0.00,0.00,24.45,0.00,24.45,14333.20,0.00,0,0,0,0.00,0,F1,120,,,,,
2026-05-11,2026-05-11,FO,NSE,IDO,70427,,MIDCPNIFTY,,2026-05-26,2026-05-26,11850.00,PE,MIDCPNIFTY26MAY11850PE,0.00,0.00,0.00,10.50,10.50,10.50,14333.20,0.05,480,0,0,0.00,0,F1,120,,,,,
2026-05-11,2026-05-11,FO,NSE,IDO,70458,,MIDCPNIFTY,,2026-05-26,2026-05-26,11975.00,PE,MIDCPNIFTY26MAY11975PE,0.00,0.00,0.00,8.75,8.75,8.75,14333.20,0.05,1920,0,0,0.00,0,F1,120,,,,,
2026-05-11,2026-05-11,FO,NSE,IDO,70490,,MIDCPNIFTY,,2026-05-26,2026-05-26,12150.00,PE,MIDCPNIFTY26MAY12150PE,0.00,0.00,0.00,8.25,8.25,8.25,14333.20,0.05,1440,0,0,0.00,0,F1,120,,,,,
2026-05-11,2026-05-11,FO,NSE,IDO,70617,,MIDCPNIFTY,,2026-05-26,2026-05-26,12850.00,PE,MIDCPNIFTY26MAY12850PE,9.25,11.75,8.80,10.25,10.80,8.00,14333.20,10.25,3000,-120,42,64813686.00,29,F1,120,,,,,
2026-05-11,2026-05-11,FO,NSE,IDO,70747,,MIDCPNIFTY,,2026-05-26,2026-05-26,13275.00,PE,MIDCPNIFTY26MAY13275PE,24.65,28.60,21.75,27.20,27.40,16.00,14333.20,27.20,2880,720,43,68629722.00,30,F1,120,,,,,
2026-05-11,2026-05-11,FO,NSE,IDO,70793,,MIDCPNIFTY,,2026-05-26,2026-05-26,13450.00,PE,MIDCPNIFTY26MAY13450PE,40.90,45.05,29.15,37.75,39.90,23.20,14333.20,37.75,5640,1560,24,38847870.00,16,F1,120,,,,,
2026-05-11,2026-05-11,FO,NSE,IDO,70809,,MIDCPNIFTY,,2026-05-26,2026-05-26,13650.00,PE,MIDCPNIFTY26MAY13650PE,56.60,70.40,44.20,58.55,58.80,36.90,14333.20,58.55,8280,1320,72,118414566.00,54,F1,120,,,,,
2026-05-11,2026-05-11,FO,NSE,IDO,70831,,MIDCPNIFTY,,2026-05-26,2026-05-26,13925.00,PE,MIDCPNIFTY26MAY13925PE,100.00,123.25,81.70,106.20,113.05,68.80,14333.20,106.20,9600,120,155,260942148.00,129,F1,120,,,,,
2026-05-11,2026-05-11,FO,NSE,IDO,70860,,MIDCPNIFTY,,2026-05-26,2026-05-26,14200.00,PE,MIDCPNIFTY26MAY14200PE,149.50,217.80,141.65,180.10,184.50,123.55,14333.20,180.10,202200,10920,4236,7310200278.00,3393,F1,120,,,,,
2026-05-11,2026-05-11,FO,NSE,IDO,70965,,MIDCPNIFTY,,2026-05-26,2026-05-26,14550.00,PE,MIDCPNIFTY26MAY14550PE,251.05,390.00,251.05,341.60,350.05,246.15,14333.20,341.60,17760,-5400,188,335580360.00,155,F1,120,,,,,
2026-05-11,2026-05-11,FO,NSE,IDO,71024,,MIDCPNIFTY,,2026-05-26,2026-05-26,15075.00,PE,MIDCPNIFTY26MAY15075PE,0.00,0.00,0.00,1523.85,0.00,1523.85,14333.20,767.00,0,0,0,0.00,0,F1,120,,,,,
2026-05-11,2026-05-11,FO,NSE,IDO,71038,,MIDCPNIFTY,,2026-05-26,2026-05-26,15200.00,PE,MIDCPNIFTY26MAY15200PE,0.00,0.00,0.00,1627.60,0.00,1627.60,14333.20,874.55,0,0,0,0.00,0,F1,120,,,,,
2026-05-11,2026-05-11,FO,NSE,IDO,71178,,MIDCPNIFTY,,2026-05-26,2026-05-26,15475.00,PE,MIDCPNIFTY26MAY15475PE,0.00,0.00,0.00,1863.25,0.00,1863.25,14333.20,1124.70,0,0,0,0.00,0,F1,120,,,,,
2026-05-11,2026-05-11,FO,NSE,IDO,35014,,MIDCPNIFTY,,2026-05-26,2026-05-26,15725.00,PE,MIDCPNIFTY26MAY15725PE,0.00,0.00,0.00,1987.25,0.00,1987.25,14333.20,1362.95,0,0,0,0.00,0,F1,120,,,,,
2026-05-11,2026-05-11,FO,NSE,IDO,78067,,MIDCPNIFTY,,2026-06-30,2026-06-30,11000.00,PE,MIDCPNIFTY26JUN11000PE,0.00,0.00,0.00,112.15,0.00,112.15,14333.20,0.35,0,0,0,0.00,0,F1,120,,,,,
2026-05-11,2026-05-11,FO,NSE,IDO,78098,,MIDCPNIFTY,,2026-06-30,2026-06-30,11300.00,PE,MIDCPNIFTY26JUN11300PE,0.00,0.00,0.00,172.20,0.00,172.20,14333.20,1.00,0,0,0,0.00,0,F1,120,,,,,
2026-05-11,2026-05-11,FO,NSE,IDO,78135,,MIDCPNIFTY,,2026-06-30,2026-06-30,11750.00,PE,MIDCPNIFTY26JUN11750PE,0.00,0.00,0.00,301.15,0.00,301.15,14333.20,3.95,0,0,0,0.00,0,F1,120,,,,,
2026-05-11,2026-05-11,FO,NSE,IDO,78241,,MIDCPNIFTY,,2026-06-30,2026-06-30,11950.00,PE,MIDCPNIFTY26JUN11950PE,0.00,0.00,0.00,375.30,0.00,375.30,14333.20,6.85,0,0,0,0.00,0,F1,120,,,,,
2026-05-11,2026-05-11,FO,NSE,IDO,78290,,MIDCPNIFTY,,2026-06-30,2026-06-30,12375.00,PE,MIDCPNIFTY26JUN12375PE,0.00,0.00,0.00,568.65,0.00,568.65,14333.20,19.45,0,0,0,0.00,0,F1,120,,,,,
2026-05-11,2026-05-11,FO,NSE,IDO,78304,,MIDCPNIFTY,,2026-06-30,2026-06-30,12500.00,PE,MIDCPNIFTY26JUN12500PE,30.00,40.00,26.85,34.60,37.00,26.90,14333.20,34.60,9720,5760,55,82714392.00,28,F1,120,,,,,
2026-05-11,2026-05-11,FO,NSE,IDO,78366,,MIDCPNIFTY,,2026-06-30,2026-06-30,12800.00,PE,MIDCPNIFTY26JUN12800PE,0.00,0.00,0.00,810.20,0.00,810.20,14333.20,47.65,0,0,0,0.00,0,F1,120,,,,,
2026-05-11,2026-05-11,FO,NSE,IDO,78374,,MIDCPNIFTY,,2026-06-30,2026-06-30,12900.00,PE,MIDCPNIFTY26JUN12900PE,0.00,0.00,0.00,873.60,0.00,873.60,14333.20,57.65,0,0,0,0.00,0,F1,120,,,,,
2026-05-11,2026-05-11,FO,NSE,IDO,78376,,MIDCPNIFTY,,2026-06-30,2026-06-30,12925.00,PE,MIDCPNIFTY26JUN12925PE,0.00,0.00,0.00,889.85,0.00,889.85,14333.20,60.40,0,0,0,0.00,0,F1,120,,,,,
2026-05-11,2026-05-11,FO,NSE,IDO,78386,,MIDCPNIFTY,,2026-06-30,2026-06-30,12950.00,PE,MIDCPNIFTY26JUN12950PE,0.00,0.00,0.00,906.25,0.00,906.25,14333.20,63.25,0,0,0,0.00,0,F1,120,,,,,
2026-05-11,2026-05-11,FO,NSE,IDO,78521,,MIDCPNIFTY,,2026-06-30,2026-06-30,13300.00,PE,MIDCPNIFTY26JUN13300PE,0.00,0.00,0.00,1150.75,0.00,1150.75,14333.20,115.30,0,0,0,0.00,0,F1,120,,,,,
2026-05-11,2026-05-11,FO,NSE,IDO,78525,,MIDCPNIFTY,,2026-06-30,2026-06-30,13350.00,PE,MIDCPNIFTY26JUN13350PE,0.00,0.00,0.00,1187.80,0.00,1187.80,14333.20,124.80,0,0,0,0.00,0,F1,120,,,,,
2026-05-11,2026-05-11,FO,NSE,IDO,78698,,MIDCPNIFTY,,2026-06-30,2026-06-30,14325.00,PE,MIDCPNIFTY26JUN14325PE,0.00,0.00,0.00,390.70,390.70,390.70,14333.20,444.00,120,0,0,0.00,0,F1,120,,,,,
2026-05-11,2026-05-11,FO,NSE,IDO,78717,,MIDCPNIFTY,,2026-06-30,2026-06-30,14375.00,PE,MIDCPNIFTY26JUN14375PE,0.00,0.00,0.00,2034.35,0.00,2034.35,14333.20,468.00,0,0,0,0.00,0,F1,120,,,,,
2026-05-11,2026-05-11,FO,NSE,IDO,35121,,MIDCPNIFTY,,2026-06-30,2026-06-30,14550.00,PE,MIDCPNIFTY26JUN14550PE,0.00,0.00,0.00,1927.90,0.00,1927.90,14333.20,557.95,0,0,0,0.00,0,F1,120,,,,,
2026-05-11,2026-05-11,FO,NSE,IDO,78774,,MIDCPNIFTY,,2026-06-30,2026-06-30,14600.00,PE,MIDCPNIFTY26JUN14600PE,0.00,0.00,0.00,2237.10,0.00,2237.10,14333.20,585.40,0,0,0,0.00,0,F1,120,,,,,
2026-05-11,2026-05-11,FO,NSE,IDO,41340,,MIDCPNIFTY,,2026-06-30,2026-06-30,14850.00,PE,MIDCPNIFTY26JUN14850PE,0.00,0.00,0.00,2083.35,0.00,2083.35,14333.20,733.70,0,0,0,0.00,0,F1,120,,,,,
2026-05-11,2026-05-11,FO,NSE,IDO,40731,,MIDCPNIFTY,,2026-06-30,2026-06-30,14925.00,PE,MIDCPNIFTY26JUN14925PE,0.00,0.00,0.00,1650.45,0.00,1650.45,14333.20,781.65,0,0,0,0.00,0,F1,120,,,,,
2026-05-11,2026-05-11,FO,NSE,IDO,49280,,MIDCPNIFTY,,2026-06-30,2026-06-30,15625.00,PE,MIDCPNIFTY26JUN15625PE,0.00,0.00,0.00,2094.65,0.00,2094.65,14333.20,1297.55,0,0,0,0.00,0,F1,120,,,,,
2026-05-11,2026-05-11,FO,NSE,IDO,53810,,MIDCPNIFTY,,2026-06-30,2026-06-30,15850.00,PE,MIDCPNIFTY26JUN15850PE,0.00,0.00,0.00,2066.45,0.00,2066.45,14333.20,1484.90,0,0,0,0.00,0,F1,120,,,,,
2026-05-11,2026-05-11,FO,NSE,IDO,54671,,MIDCPNIFTY,,2026-06-30,2026-06-30,15950.00,PE,MIDCPNIFTY26JUN15950PE,0.00,0.00,0.00,2019.80,0.00,2019.80,14333.20,1570.80,0,0,0,0.00,0,F1,120,,,,,
2026-05-11,2026-05-11,FO,NSE,IDO,63340,,MIDCPNIFTY,,2026-07-28,2026-07-28,12600.00,PE,MIDCPNIFTY26JUL12600PE,0.00,0.00,0.00,138.65,0.00,138.65,14333.20,70.95,0,0,0,0.00,0,F1,120,,,,,
2026-05-11,2026-05-11,FO,NSE,IDO,63348,,MIDCPNIFTY,,2026-07-28,2026-07-28,12700.00,PE,MIDCPNIFTY26JUL12700PE,0.00,0.00,0.00,157.20,0.00,157.20,14333.20,82.55,0,0,0,0.00,0,F1,120,,,,,
2026-05-11,2026-05-11,FO,NSE,IDO,63406,,MIDCPNIFTY,,2026-07-28,2026-07-28,13425.00,PE,MIDCPNIFTY26JUL13425PE,0.00,0.00,0.00,349.45,0.00,349.45,14333.20,216.35,0,0,0,0.00,0,F1,120,,,,,
2026-05-11,2026-05-11,FO,NSE,IDO,63434,,MIDCPNIFTY,,2026-07-28,2026-07-28,13775.00,PE,MIDCPNIFTY26JUL13775PE,0.00,0.00,0.00,483.25,0.00,483.25,14333.20,317.65,0,0,0,0.00,0,F1,120,,,,,
2026-05-11,2026-05-11,FO,NSE,IDO,63468,,MIDCPNIFTY,,2026-07-28,2026-07-28,14150.00,PE,MIDCPNIFTY26JUL14150PE,0.00,0.00,0.00,658.05,0.00,658.05,14333.20,458.85,0,0,0,0.00,0,F1,120,,,,,
2026-05-11,2026-05-11,FO,NSE,IDO,63484,,MIDCPNIFTY,,2026-07-28,2026-07-28,14350.00,PE,MIDCPNIFTY26JUL14350PE,0.00,0.00,0.00,764.60,0.00,764.60,14333.20,548.20,0,0,0,0.00,0,F1,120,,,,,
2026-05-11,2026-05-11,FO,NSE,IDO,63494,,MIDCPNIFTY,,2026-07-28,2026-07-28,14475.00,PE,MIDCPNIFTY26JUL14475PE,0.00,0.00,0.00,835.70,0.00,835.70,14333.20,609.00,0,0,0,0.00,0,F1,120,,,,,
2026-05-11,2026-05-11,FO,NSE,IDO,63510,,MIDCPNIFTY,,2026-07-28,2026-07-28,14675.00,PE,MIDCPNIFTY26JUL14675PE,0.00,0.00,0.00,956.60,0.00,956.60,14333.20,714.25,0,0,0,0.00,0,F1,120,,,,,
2026-05-11,2026-05-11,FO,NSE,IDO,63568,,MIDCPNIFTY,,2026-07-28,2026-07-28,15375.00,PE,MIDCPNIFTY26JUL15375PE,0.00,0.00,0.00,1443.00,0.00,1443.00,14333.20,1154.95,0,0,0,0.00,0,F1,120,,,,,
2026-05-11,2026-05-11,FO,NSE,IDO,70796,,MIDCPNIFTY,,2026-05-26,2026-05-26,13500.00,CE,MIDCPNIFTY26MAY13500CE,948.00,1005.00,874.30,917.60,910.00,1069.20,14333.20,917.60,70080,240,52,90114414.00,42,F1,120,,,,,
2026-05-11,2026-05-11,FO,NSE,IDF,66070,,MIDCPNIFTY,,2026-05-26,2026-05-26,,,MIDCPNIFTY26MAYFUT,14473.00,14499.95,14303.10,14374.00,14361.00,14551.15,14333.20,14374.00,2210040,-43080,4081,7046560668.00,3500,F1,120,,,,,
2026-05-11,2026-05-11,FO,NSE,IDO,43690,,MIDCPNIFTY,,2026-05-26,2026-05-26,10975.00,CE,MIDCPNIFTY26MAY10975CE,0.00,0.00,0.00,2243.05,0.00,2243.05,14333.20,3384.85,0,0,0,0.00,0,F1,120,,,,,
2026-05-11,2026-05-11,FO,NSE,IDO,70307,,MIDCPNIFTY,,2026-05-26,2026-05-26,11450.00,CE,MIDCPNIFTY26MAY11450CE,0.00,0.00,0.00,2212.95,0.00,2212.95,14333.20,2911.00,0,0,0,0.00,0,F1,120,,,,,
2026-05-11,2026-05-11,FO,NSE,IDO,70338,,MIDCPNIFTY,,2026-05-26,2026-05-26,11600.00,CE,MIDCPNIFTY26MAY11600CE,0.00,0.00,0.00,2074.30,0.00,2074.30,14333.20,2761.35,0,0,0,0.00,0,F1,120,,,,,
2026-05-11,2026-05-11,FO,NSE,IDO,70365,,MIDCPNIFTY,,2026-05-26,2026-05-26,11725.00,CE,MIDCPNIFTY26MAY11725CE,0.00,0.00,0.00,1960.50,0.00,1960.50,14333.20,2636.65,0,0,0,0.00,0,F1,120,,,,,
2026-05-11,2026-05-11,FO,NSE,IDO,70449,,MIDCPNIFTY,,2026-05-26,2026-05-26,11950.00,CE,MIDCPNIFTY26MAY11950CE,0.00,0.00,0.00,1760.55,0.00,1760.55,14333.20,2412.20,0,0,0,0.00,0,F1,120,,,,,
2026-05-11,2026-05-11,FO,NSE,IDO,70496,,MIDCPNIFTY,,2026-05-26,2026-05-26,12200.00,CE,MIDCPNIFTY26MAY12200CE,0.00,0.00,0.00,1547.25,0.00,1547.25,14333.20,2162.90,0,0,0,0.00,0,F1,120,,,,,
2026-05-11,2026-05-11,FO,NSE,IDO,70510,,MIDCPNIFTY,,2026-05-26,2026-05-26,12300.00,CE,MIDCPNIFTY26MAY12300CE,0.00,0.00,0.00,1464.95,0.00,1464.95,14333.20,2063.20,0,0,0,0.00,0,F1,120,,,,,
2026-05-11,2026-05-11,FO,NSE,IDO,70740,,MIDCPNIFTY,,2026-05-26,2026-05-26,13250.00,CE,MIDCPNIFTY26MAY13250CE,0.00,0.00,0.00,955.40,955.40,955.40,14333.20,1129.00,120,0,0,0.00,0,F1,120,,,,,
2026-05-11,2026-05-11,FO,NSE,IDO,70766,,MIDCPNIFTY,,2026-05-26,2026-05-26,13375.00,CE,MIDCPNIFTY26MAY13375CE,0.00,0.00,0.00,722.45,0.00,722.45,14333.20,1012.10,0,0,0,0.00,0,F1,120,,,,,
2026-05-11,2026-05-11,FO,NSE,IDO,70792,,MIDCPNIFTY,,2026-05-26,2026-05-26,13450.00,CE,MIDCPNIFTY26MAY13450CE,0.00,0.00,0.00,1178.60,1178.60,1178.60,14333.20,943.55,360,0,0,0.00,0,F1,120,,,,,
2026-05-11,2026-05-11,FO,NSE,IDO,70802,,MIDCPNIFTY,,2026-05-26,2026-05-26,13575.00,CE,MIDCPNIFTY26MAY13575CE,0.00,0.00,0.00,478.80,478.80,478.80,14333.20,832.50,960,0,0,0.00,0,F1,120,,,,,
2026-05-11,2026-05-11,FO,NSE,IDO,70830,,MIDCPNIFTY,,2026-05-26,2026-05-26,13925.00,CE,MIDCPNIFTY26MAY13925CE,0.00,0.00,0.00,670.95,670.95,670.95,14333.20,551.20,8880,0,0,0.00,0,F1,120,,,,,
2026-05-11,2026-05-11,FO,NSE,IDO,70832,,MIDCPNIFTY,,2026-05-26,2026-05-26,13950.00,CE,MIDCPNIFTY26MAY13950CE,538.60,538.60,528.95,528.95,528.95,650.60,14333.20,532.50,33840,-120,2,3476106.00,2,F1,120,,,,,
2026-05-11,2026-05-11,FO,NSE,IDO,70834,,MIDCPNIFTY,,2026-05-26,2026-05-26,13975.00,CE,MIDCPNIFTY26MAY13975CE,471.85,471.85,471.85,471.85,471.85,650.00,14333.20,514.75,6840,0,1,1733622.00,1,F1,120,,,,,
2026-05-11,2026-05-11,FO,NSE,IDO,70846,,MIDCPNIFTY,,2026-05-26,2026-05-26,14125.00,CE,MIDCPNIFTY26MAY14125CE,469.45,469.45,469.45,469.45,469.45,546.30,14333.20,414.85,8520,0,1,1751334.00,1,F1,120,,,,,
2026-05-11,2026-05-11,FO,NSE,IDO,70942,,MIDCPNIFTY,,2026-05-26,2026-05-26,14300.00,CE,MIDCPNIFTY26MAY14300CE,320.15,363.20,258.40,296.15,287.30,395.90,14333.20,296.15,118560,34680,5346,9367864074.00,4509,F1,120,,,,,
2026-05-11,2026-05-11,FO,NSE,IDO,70962,,MIDCPNIFTY,,2026-05-26,2026-05-26,14525.00,CE,MIDCPNIFTY26MAY14525CE,195.00,231.55,158.60,183.95,176.70,259.30,14333.20,183.95,11760,-4560,447,789195858.00,431,F1,120,,,,,
2026-05-11,2026-05-11,FO,NSE,IDO,70984,,MIDCPNIFTY,,2026-05-26,2026-05-26,14800.00,CE,MIDCPNIFTY26MAY14800CE,91.15,112.00,70.55,83.60,80.05,130.95,14333.20,83.60,214920,-8880,13068,23348581656.00,8926,F1,120,,,,,
2026-05-11,2026-05-11,FO,NSE,IDO,71016,,MIDCPNIFTY,,2026-05-26,2026-05-26,15025.00,CE,MIDCPNIFTY26MAY15025CE,0.00,0.00,0.00,47.70,47.70,47.70,14333.20,70.00,120,0,0,0.00,0,F1,120,,,,,
2026-05-11,2026-05-11,FO,NSE,IDO,71036,,MIDCPNIFTY,,2026-05-26,2026-05-26,15200.00,CE,MIDCPNIFTY26MAY15200CE,23.05,27.00,16.60,20.90,20.00,34.05,14333.20,20.90,447480,-97800,4951,9043513788.00,3081,F1,120,,,,,
2026-05-11,2026-05-11,FO,NSE,IDO,71158,,MIDCPNIFTY,,2026-05-26,2026-05-26,15400.00,CE,MIDCPNIFTY26MAY15400CE,14.00,14.00,8.10,10.70,9.80,16.00,14333.20,10.70,353400,31320,2053,3796515042.00,1304,F1,120,,,,,
2026-05-11,2026-05-11,FO,NSE,IDO,71179,,MIDCPNIFTY,,2026-05-26,2026-05-26,15500.00,CE,MIDCPNIFTY26MAY15500CE,8.95,9.75,6.55,8.40,8.15,11.80,14333.20,8.40,225600,-12120,1834,3412998126.00,938,F1,120,,,,,
2026-05-11,2026-05-11,FO,NSE,IDO,71191,,MIDCPNIFTY,,2026-05-26,2026-05-26,15650.00,CE,MIDCPNIFTY26MAY15650CE,0.00,0.00,0.00,74.15,0.00,74.15,14333.20,11.90,0,0,0,0.00,0,F1,120,,,,,
2026-05-11,2026-05-11,FO,NSE,IDO,35013,,MIDCPNIFTY,,2026-05-26,2026-05-26,15725.00,CE,MIDCPNIFTY26MAY15725CE,0.00,0.00,0.00,77.70,0.00,77.70,14333.20,9.30,0,0,0,0.00,0,F1,120,,,,,
2026-05-11,2026-05-11,FO,NSE,IDO,35030,,MIDCPNIFTY,,2026-05-26,2026-05-26,15775.00,CE,MIDCPNIFTY26MAY15775CE,0.00,0.00,0.00,73.05,0.00,73.05,14333.20,7.90,0,0,0,0.00,0,F1,120,,,,,
2026-05-11,2026-05-11,FO,NSE,IDO,53805,,MIDCPNIFTY,,2026-05-26,2026-05-26,15925.00,CE,MIDCPNIFTY26MAY15925CE,0.00,0.00,0.00,17.40,0.00,17.40,14333.20,4.70,0,0,0,0.00,0,F1,120,,,,,
2026-05-11,2026-05-11,FO,NSE,IDO,78236,,MIDCPNIFTY,,2026-06-30,2026-06-30,11900.00,CE,MIDCPNIFTY26JUN11900CE,0.00,0.00,0.00,827.65,0.00,827.65,14333.20,2542.25,0,0,0,0.00,0,F1,120,,,,,
2026-05-11,2026-05-11,FO,NSE,IDO,78371,,MIDCPNIFTY,,2026-06-30,2026-06-30,12875.00,CE,MIDCPNIFTY26JUN12875CE,0.00,0.00,0.00,371.90,0.00,371.90,14333.20,1624.70,0,0,0,0.00,0,F1,120,,,,,
2026-05-11,2026-05-11,FO,NSE,IDO,78377,,MIDCPNIFTY,,2026-06-30,2026-06-30,12950.00,CE,MIDCPNIFTY26JUN12950CE,0.00,0.00,0.00,346.95,0.00,346.95,14333.20,1558.60,0,0,0,0.00,0,F1,120,,,,,
2026-05-11,2026-05-11,FO,NSE,IDO,78499,,MIDCPNIFTY,,2026-06-30,2026-06-30,13225.00,CE,MIDCPNIFTY26JUN13225CE,0.00,0.00,0.00,266.40,0.00,266.40,14333.20,1324.80,0,0,0,0.00,0,F1,120,,,,,
2026-05-11,2026-05-11,FO,NSE,IDO,78522,,MIDCPNIFTY,,2026-06-30,2026-06-30,13325.00,CE,MIDCPNIFTY26JUN13325CE,0.00,0.00,0.00,241.65,0.00,241.65,14333.20,1243.60,0,0,0,0.00,0,F1,120,,,,,
2026-05-11,2026-05-11,FO,NSE,IDO,78587,,MIDCPNIFTY,,2026-06-30,2026-06-30,13500.00,CE,MIDCPNIFTY26JUN13500CE,0.00,0.00,0.00,201.80,0.00,201.80,14333.20,1107.00,0,0,0,0.00,0,F1,120,,,,,
2026-05-11,2026-05-11,FO,NSE,IDO,78622,,MIDCPNIFTY,,2026-06-30,2026-06-30,13700.00,CE,MIDCPNIFTY26JUN13700CE,0.00,0.00,0.00,163.30,0.00,163.30,14333.20,960.15,0,0,0,0.00,0,F1,120,,,,,
2026-05-11,2026-05-11,FO,NSE,IDO,78628,,MIDCPNIFTY,,2026-06-30,2026-06-30,13775.00,CE,MIDCPNIFTY26JUN13775CE,0.00,0.00,0.00,150.50,0.00,150.50,14333.20,908.00,0,0,0,0.00,0,F1,120,,,,,
2026-05-11,2026-05-11,FO,NSE,IDO,78640,,MIDCPNIFTY,,2026-06-30,2026-06-30,13925.00,CE,MIDCPNIFTY26JUN13925CE,0.00,0.00,0.00,127.50,0.00,127.50,14333.20,808.50,0,0,0,0.00,0,F1,120,,,,,
2026-05-11,2026-05-11,FO,NSE,IDO,78658,,MIDCPNIFTY,,2026-06-30,2026-06-30,14150.00,CE,MIDCPNIFTY26JUN14150CE,0.00,0.00,0.00,98.60,0.00,98.60,14333.20,671.85,0,0,0,0.00,0,F1,120,,,,,
2026-05-11,2026-05-11,FO,NSE,IDO,40778,,MIDCPNIFTY,,2026-06-30,2026-06-30,15375.00,CE,MIDCPNIFTY26JUN15375CE,0.00,0.00,0.00,98.45,0.00,98.45,14333.20,192.40,0,0,0,0.00,0,F1,120,,,,,
2026-05-11,2026-05-11,FO,NSE,IDO,49271,,MIDCPNIFTY,,2026-06-30,2026-06-30,15525.00,CE,MIDCPNIFTY26JUN15525CE,0.00,0.00,0.00,96.90,0.00,96.90,14333.20,159.85,0,0,0,0.00,0,F1,120,,,,,
2026-05-11,2026-05-11,FO,NSE,IDO,53813,,MIDCPNIFTY,,2026-06-30,2026-06-30,15925.00,CE,MIDCPNIFTY26JUN15925CE,0.00,0.00,0.00,81.00,0.00,81.00,14333.20,95.30,0,0,0,0.00,0,F1,120,,,,,
2026-05-11,2026-05-11,FO,NSE,IDO,63329,,MIDCPNIFTY,,2026-07-28,2026-07-28,12475.00,CE,MIDCPNIFTY26JUL12475CE,0.00,0.00,0.00,1798.05,0.00,1798.05,14333.20,2084.60,0,0,0,0.00,0,F1,120,,,,,
2026-05-11,2026-05-11,FO,NSE,IDO,63337,,MIDCPNIFTY,,2026-07-28,2026-07-28,12575.00,CE,MIDCPNIFTY26JUL12575CE,0.00,0.00,0.00,1715.95,0.00,1715.95,14333.20,1995.95,0,0,0,0.00,0,F1,120,,,,,
2026-05-11,2026-05-11,FO,NSE,IDO,63341,,MIDCPNIFTY,,2026-07-28,2026-07-28,12625.00,CE,MIDCPNIFTY26JUL12625CE,0.00,0.00,0.00,1675.50,0.00,1675.50,14333.20,1952.10,0,0,0,0.00,0,F1,120,,,,,
2026-05-11,2026-05-11,FO,NSE,IDO,63387,,MIDCPNIFTY,,2026-07-28,2026-07-28,13200.00,CE,MIDCPNIFTY26JUL13200CE,0.00,0.00,0.00,1243.65,0.00,1243.65,14333.20,1475.25,0,0,0,0.00,0,F1,120,,,,,
2026-05-11,2026-05-11,FO,NSE,IDO,63401,,MIDCPNIFTY,,2026-07-28,2026-07-28,13375.00,CE,MIDCPNIFTY26JUL13375CE,0.00,0.00,0.00,1125.75,0.00,1125.75,14333.20,1341.90,0,0,0,0.00,0,F1,120,,,,,
2026-05-11,2026-05-11,FO,NSE,IDO,63419,,MIDCPNIFTY,,2026-07-28,2026-07-28,13600.00,CE,MIDCPNIFTY26JUL13600CE,0.00,0.00,0.00,984.20,0.00,984.20,14333.20,1179.65,0,0,0,0.00,0,F1,120,,,,,
2026-05-11,2026-05-11,FO,NSE,IDO,63467,,MIDCPNIFTY,,2026-07-28,2026-07-28,14150.00,CE,MIDCPNIFTY26JUL14150CE,0.00,0.00,0.00,687.35,0.00,687.35,14333.20,832.75,0,0,0,0.00,0,F1,120,,,,,
2026-05-11,2026-05-11,FO,NSE,IDO,63483,,MIDCPNIFTY,,2026-07-28,2026-07-28,14350.00,CE,MIDCPNIFTY26JUL14350CE,0.00,0.00,0.00,596.75,0.00,596.75,14333.20,724.80,0,0,0,0.00,0,F1,120,,,,,
2026-05-11,2026-05-11,FO,NSE,IDO,63521,,MIDCPNIFTY,,2026-07-28,2026-07-28,14825.00,CE,MIDCPNIFTY26JUL14825CE,0.00,0.00,0.00,416.75,0.00,416.75,14333.20,507.45,0,0,0,0.00,0,F1,120,,,,,
2026-05-11,2026-05-11,FO,NSE,IDO,63553,,MIDCPNIFTY,,2026-07-28,2026-07-28,15200.00,CE,MIDCPNIFTY26JUL15200CE,0.00,0.00,0.00,306.80,0.00,306.80,14333.20,372.90,0,0,0,0.00,0,F1,120,,,,,
2026-05-11,2026-05-11,FO,NSE,IDO,70527,,MIDCPNIFTY,,2026-05-26,2026-05-26,12500.00,PE,MIDCPNIFTY26MAY12500PE,4.40,6.95,3.90,5.00,5.20,4.15,14333.20,5.00,265800,-12720,1332,1998814488.00,781,F1,120,,,,,
2026-05-11,2026-05-11,FO,NSE,IDO,70537,,MIDCPNIFTY,,2026-05-26,2026-05-26,12625.00,PE,MIDCPNIFTY26MAY12625PE,7.10,7.30,7.10,7.30,7.30,11.10,14333.20,0.85,1200,-480,10,15158652.00,8,F1,120,,,,,
2026-05-11,2026-05-11,FO,NSE,IDO,70799,,MIDCPNIFTY,,2026-05-26,2026-05-26,13525.00,PE,MIDCPNIFTY26MAY13525PE,42.00,54.40,33.85,43.35,46.75,28.70,14333.20,43.35,8640,2880,36,58613772.00,24,F1,120,,,,,
2026-05-11,2026-05-11,FO,NSE,IDO,70813,,MIDCPNIFTY,,2026-05-26,2026-05-26,13700.00,PE,MIDCPNIFTY26MAY13700PE,60.00,79.05,47.90,66.30,66.00,41.80,14333.20,66.30,153480,1440,1931,3189390354.00,1721,F1,120,,,,,
2026-05-11,2026-05-11,FO,NSE,IDO,70839,,MIDCPNIFTY,,2026-05-26,2026-05-26,14025.00,PE,MIDCPNIFTY26MAY14025PE,121.95,155.00,101.00,127.25,131.65,85.05,14333.20,127.25,12720,-2640,108,183377466.00,96,F1,120,,,,,
2026-05-11,2026-05-11,FO,NSE,IDO,70847,,MIDCPNIFTY,,2026-05-26,2026-05-26,14125.00,PE,MIDCPNIFTY26MAY14125PE,140.00,185.85,122.00,156.35,160.40,119.00,14333.20,156.35,14400,-6000,164,281123136.00,132,F1,120,,,,,
2026-05-11,2026-05-11,FO,NSE,IDO,70937,,MIDCPNIFTY,,2026-05-26,2026-05-26,14250.00,PE,MIDCPNIFTY26MAY14250PE,203.95,239.05,158.10,203.10,204.05,135.30,14333.20,203.10,16200,-3000,559,969660120.00,513,F1,120,,,,,
2026-05-11,2026-05-11,FO,NSE,IDO,70975,,MIDCPNIFTY,,2026-05-26,2026-05-26,14675.00,PE,MIDCPNIFTY26MAY14675PE,412.00,435.00,412.00,435.00,435.00,307.95,14333.20,461.30,4080,0,2,3623640.00,2,F1,120,,,,,
2026-05-11,2026-05-11,FO,NSE,IDO,71022,,MIDCPNIFTY,,2026-05-26,2026-05-26,15050.00,PE,MIDCPNIFTY26MAY15050PE,0.00,0.00,0.00,1503.40,0.00,1503.40,14333.20,746.10,0,0,0,0.00,0,F1,120,,,,,
2026-05-11,2026-05-11,FO,NSE,IDO,71157,,MIDCPNIFTY,,2026-05-26,2026-05-26,15375.00,PE,MIDCPNIFTY26MAY15375PE,0.00,0.00,0.00,1776.45,0.00,1776.45,14333.20,1031.95,0,0,0,0.00,0,F1,120,,,,,
2026-05-11,2026-05-11,FO,NSE,IDO,35031,,MIDCPNIFTY,,2026-05-26,2026-05-26,15775.00,PE,MIDCPNIFTY26MAY15775PE,0.00,0.00,0.00,2031.80,0.00,2031.80,14333.20,1411.40,0,0,0,0.00,0,F1,120,,,,,
2026-05-11,2026-05-11,FO,NSE,IDO,54659,,MIDCPNIFTY,,2026-05-26,2026-05-26,15950.00,PE,MIDCPNIFTY26MAY15950PE,0.00,0.00,0.00,2036.55,0.00,2036.55,14333.20,1582.45,0,0,0,0.00,0,F1,120,,,,,
2026-05-11,2026-05-11,FO,NSE,IDO,77931,,MIDCPNIFTY,,2026-06-30,2026-06-30,10700.00,PE,MIDCPNIFTY26JUN10700PE,0.00,0.00,0.00,69.40,0.00,69.40,14333.20,0.10,0,0,0,0.00,0,F1,120,,,,,
2026-05-11,2026-05-11,FO,NSE,IDO,78028,,MIDCPNIFTY,,2026-06-30,2026-06-30,10950.00,PE,MIDCPNIFTY26JUN10950PE,0.00,0.00,0.00,103.90,0.00,103.90,14333.20,0.30,0,0,0,0.00,0,F1,120,,,,,
2026-05-11,2026-05-11,FO,NSE,IDO,78100,,MIDCPNIFTY,,2026-06-30,2026-06-30,11325.00,PE,MIDCPNIFTY26JUN11325PE,0.00,0.00,0.00,178.10,0.00,178.10,14333.20,1.10,0,0,0,0.00,0,F1,120,,,,,
2026-05-11,2026-05-11,FO,NSE,IDO,78108,,MIDCPNIFTY,,2026-06-30,2026-06-30,11425.00,PE,MIDCPNIFTY26JUN11425PE,0.00,0.00,0.00,203.50,0.00,203.50,14333.20,1.50,0,0,0,0.00,0,F1,120,,,,,
2026-05-11,2026-05-11,FO,NSE,IDO,78130,,MIDCPNIFTY,,2026-06-30,2026-06-30,11700.00,PE,MIDCPNIFTY26JUN11700PE,0.00,0.00,0.00,284.30,0.00,284.30,14333.20,3.40,0,0,0,0.00,0,F1,120,,,,,
2026-05-11,2026-05-11,FO,NSE,IDO,78260,,MIDCPNIFTY,,2026-06-30,2026-06-30,12025.00,PE,MIDCPNIFTY26JUN12025PE,0.00,0.00,0.00,405.85,0.00,405.85,14333.20,8.30,0,0,0,0.00,0,F1,120,,,,,
2026-05-11,2026-05-11,FO,NSE,IDO,78270,,MIDCPNIFTY,,2026-06-30,2026-06-30,12150.00,PE,MIDCPNIFTY26JUN12150PE,0.00,0.00,0.00,460.20,0.00,460.20,14333.20,11.40,0,0,0,0.00,0,F1,120,,,,,
2026-05-11,2026-05-11,FO,NSE,IDO,78478,,MIDCPNIFTY,,2026-06-30,2026-06-30,13050.00,PE,MIDCPNIFTY26JUN13050PE,0.00,0.00,0.00,973.20,0.00,973.20,14333.20,75.70,0,0,0,0.00,0,F1,120,,,,,
2026-05-11,2026-05-11,FO,NSE,IDO,78500,,MIDCPNIFTY,,2026-06-30,2026-06-30,13225.00,PE,MIDCPNIFTY26JUN13225PE,0.00,0.00,0.00,1095.75,0.00,1095.75,14333.20,102.05,0,0,0,0.00,0,F1,120,,,,,
2026-05-11,2026-05-11,FO,NSE,IDO,78651,,MIDCPNIFTY,,2026-06-30,2026-06-30,14050.00,PE,MIDCPNIFTY26JUN14050PE,0.00,0.00,0.00,1750.25,0.00,1750.25,14333.20,325.80,0,0,0,0.00,0,F1,120,,,,,
2026-05-11,2026-05-11,FO,NSE,IDO,78676,,MIDCPNIFTY,,2026-06-30,2026-06-30,14250.00,PE,MIDCPNIFTY26JUN14250PE,0.00,0.00,0.00,1923.70,0.00,1923.70,14333.20,409.45,0,0,0,0.00,0,F1,120,,,,,
2026-05-11,2026-05-11,FO,NSE,IDO,35107,,MIDCPNIFTY,,2026-06-30,2026-06-30,14475.00,PE,MIDCPNIFTY26JUN14475PE,0.00,0.00,0.00,1862.75,0.00,1862.75,14333.20,518.25,0,0,0,0.00,0,F1,120,,,,,
2026-05-11,2026-05-11,FO,NSE,IDO,38741,,MIDCPNIFTY,,2026-06-30,2026-06-30,14775.00,PE,MIDCPNIFTY26JUN14775PE,0.00,0.00,0.00,2047.00,0.00,2047.00,14333.20,687.30,0,0,0,0.00,0,F1,120,,,,,
2026-05-11,2026-05-11,FO,NSE,IDO,40773,,MIDCPNIFTY,,2026-06-30,2026-06-30,15275.00,PE,MIDCPNIFTY26JUN15275PE,0.00,0.00,0.00,1946.55,0.00,1946.55,14333.20,1025.20,0,0,0,0.00,0,F1,120,,,,,
2026-05-11,2026-05-11,FO,NSE,IDO,40782,,MIDCPNIFTY,,2026-06-30,2026-06-30,15425.00,PE,MIDCPNIFTY26JUN15425PE,0.00,0.00,0.00,2077.80,0.00,2077.80,14333.20,1138.85,0,0,0,0.00,0,F1,120,,,,,
2026-05-11,2026-05-11,FO,NSE,IDO,63426,,MIDCPNIFTY,,2026-07-28,2026-07-28,13675.00,PE,MIDCPNIFTY26JUL13675PE,0.00,0.00,0.00,442.15,0.00,442.15,14333.20,285.65,0,0,0,0.00,0,F1,120,,,,,
2026-05-11,2026-05-11,FO,NSE,IDO,63450,,MIDCPNIFTY,,2026-07-28,2026-07-28,13950.00,PE,MIDCPNIFTY26JUL13950PE,0.00,0.00,0.00,560.80,0.00,560.80,14333.20,379.30,0,0,0,0.00,0,F1,120,,,,,
2026-05-11,2026-05-11,FO,NSE,IDO,63522,,MIDCPNIFTY,,2026-07-28,2026-07-28,14825.00,PE,MIDCPNIFTY26JUL14825PE,0.00,0.00,0.00,1052.75,0.00,1052.75,14333.20,799.45,0,0,0,0.00,0,F1,120,,,,,
2026-05-11,2026-05-11,FO,NSE,IDO,63544,,MIDCPNIFTY,,2026-07-28,2026-07-28,15075.00,PE,MIDCPNIFTY26JUL15075PE,0.00,0.00,0.00,1222.95,0.00,1222.95,14333.20,952.95,0,0,0,0.00,0,F1,120,,,,,
2026-05-11,2026-05-11,FO,NSE,IDO,63572,,MIDCPNIFTY,,2026-07-28,2026-07-28,15425.00,PE,MIDCPNIFTY26JUL15425PE,0.00,0.00,0.00,1481.10,0.00,1481.10,14333.20,1190.40,0,0,0,0.00,0,F1,120,,,,,
2026-05-11,2026-05-11,FO,NSE,IDO,63600,,MIDCPNIFTY,,2026-07-28,2026-07-28,15775.00,PE,MIDCPNIFTY26JUL15775PE,0.00,0.00,0.00,1757.30,0.00,1757.30,14333.20,1451.70,0,0,0,0.00,0,F1,120,,,,,
2026-05-11,2026-05-11,FO,NSE,IDO,63604,,MIDCPNIFTY,,2026-07-28,2026-07-28,15825.00,PE,MIDCPNIFTY26JUL15825PE,0.00,0.00,0.00,1798.25,0.00,1798.25,14333.20,1490.70,0,0,0,0.00,0,F1,120,,,,,
2026-05-11,2026-05-11,FO,NSE,IDO,63608,,MIDCPNIFTY,,2026-07-28,2026-07-28,15875.00,PE,MIDCPNIFTY26JUL15875PE,0.00,0.00,0.00,1839.50,0.00,1839.50,14333.20,1530.15,0,0,0,0.00,0,F1,120,,,,,
2026-05-11,2026-05-11,FO,NSE,IDO,63319,,MIDCPNIFTY,,2026-07-28,2026-07-28,12350.00,CE,MIDCPNIFTY26JUL12350CE,0.00,0.00,0.00,1902.85,0.00,1902.85,14333.20,2197.15,0,0,0,0.00,0,F1,120,,,,,
2026-05-11,2026-05-11,FO,NSE,IDF,62328,,MIDCPNIFTY,,2026-06-30,2026-06-30,,,MIDCPNIFTY26JUNFUT,14471.60,14530.00,14355.00,14417.65,14410.00,14593.85,14333.20,14417.65,72840,-240,203,351681102.00,195,F1,120,,,,,
2026-05-11,2026-05-11,FO,NSE,IDO,70121,,MIDCPNIFTY,,2026-05-26,2026-05-26,10900.00,CE,MIDCPNIFTY26MAY10900CE,0.00,0.00,0.00,2735.70,0.00,2735.70,14333.20,3459.65,0,0,0,0.00,0,F1,120,,,,,
2026-05-11,2026-05-11,FO,NSE,IDO,70487,,MIDCPNIFTY,,2026-05-26,2026-05-26,12125.00,CE,MIDCPNIFTY26MAY12125CE,0.00,0.00,0.00,1610.15,0.00,1610.15,14333.20,2237.65,0,0,0,0.00,0,F1,120,,,,,
2026-05-11,2026-05-11,FO,NSE,IDO,70530,,MIDCPNIFTY,,2026-05-26,2026-05-26,12550.00,CE,MIDCPNIFTY26MAY12550CE,0.00,0.00,0.00,1267.80,0.00,1267.80,14333.20,1814.20,0,0,0,0.00,0,F1,120,,,,,
2026-05-11,2026-05-11,FO,NSE,IDO,70540,,MIDCPNIFTY,,2026-05-26,2026-05-26,12675.00,CE,MIDCPNIFTY26MAY12675CE,0.00,0.00,0.00,1174.85,0.00,1174.85,14333.20,1690.05,0,0,0,0.00,0,F1,120,,,,,
2026-05-11,2026-05-11,FO,NSE,IDO,70634,,MIDCPNIFTY,,2026-05-26,2026-05-26,12975.00,CE,MIDCPNIFTY26MAY12975CE,0.00,0.00,0.00,964.95,0.00,964.95,14333.20,1394.15,0,0,0,0.00,0,F1,120,,,,,
2026-05-11,2026-05-11,FO,NSE,IDO,70646,,MIDCPNIFTY,,2026-05-26,2026-05-26,13125.00,CE,MIDCPNIFTY26MAY13125CE,0.00,0.00,0.00,869.00,0.00,869.00,14333.20,1248.45,0,0,0,0.00,0,F1,120,,,,,
2026-05-11,2026-05-11,FO,NSE,IDO,70744,,MIDCPNIFTY,,2026-05-26,2026-05-26,13275.00,CE,MIDCPNIFTY26MAY13275CE,0.00,0.00,0.00,828.00,828.00,828.00,14333.20,1105.40,120,0,0,0.00,0,F1,120,,,,,
2026-05-11,2026-05-11,FO,NSE,IDO,70816,,MIDCPNIFTY,,2026-05-26,2026-05-26,13750.00,CE,MIDCPNIFTY26MAY13750CE,0.00,0.00,0.00,875.00,875.00,875.00,14333.20,685.45,6600,0,0,0.00,0,F1,120,,,,,
2026-05-11,2026-05-11,FO,NSE,IDO,70842,,MIDCPNIFTY,,2026-05-26,2026-05-26,14075.00,CE,MIDCPNIFTY26MAY14075CE,462.00,507.35,434.00,439.95,434.00,602.90,14333.20,439.95,4680,-360,5,8722428.00,5,F1,120,,,,,
2026-05-11,2026-05-11,FO,NSE,IDO,70861,,MIDCPNIFTY,,2026-05-26,2026-05-26,14225.00,CE,MIDCPNIFTY26MAY14225CE,349.85,349.85,349.85,349.85,349.85,445.00,14333.20,355.05,4680,0,1,1748982.00,1,F1,120,,,,,
2026-05-11,2026-05-11,FO,NSE,IDO,70951,,MIDCPNIFTY,,2026-05-26,2026-05-26,14400.00,CE,MIDCPNIFTY26MAY14400CE,272.00,301.55,201.75,240.75,233.30,336.10,14333.20,240.75,212640,27480,8760,15402560520.00,7327,F1,120,,,,,
2026-05-11,2026-05-11,FO,NSE,IDO,70958,,MIDCPNIFTY,,2026-05-26,2026-05-26,14475.00,CE,MIDCPNIFTY26MAY14475CE,223.50,257.20,178.15,203.30,201.95,288.15,14333.20,203.30,9000,-480,274,483004512.00,227,F1,120,,,,,
2026-05-11,2026-05-11,FO,NSE,IDO,70964,,MIDCPNIFTY,,2026-05-26,2026-05-26,14550.00,CE,MIDCPNIFTY26MAY14550CE,225.00,249.65,152.50,170.00,164.35,244.75,14333.20,170.00,42120,-7320,841,1486273344.00,782,F1,120,,,,,
2026-05-11,2026-05-11,FO,NSE,IDO,71029,,MIDCPNIFTY,,2026-05-26,2026-05-26,15150.00,CE,MIDCPNIFTY26MAY15150CE,29.65,32.75,21.20,25.50,24.75,40.85,14333.20,25.50,12480,1320,141,256770798.00,91,F1,120,,,,,
2026-05-11,2026-05-11,FO,NSE,IDO,71125,,MIDCPNIFTY,,2026-05-26,2026-05-26,15325.00,CE,MIDCPNIFTY26MAY15325CE,14.90,15.00,11.55,14.00,15.00,23.60,14333.20,14.00,4920,1800,44,80985786.00,35,F1,120,,,,,
2026-05-11,2026-05-11,FO,NSE,IDO,71187,,MIDCPNIFTY,,2026-05-26,2026-05-26,15600.00,CE,MIDCPNIFTY26MAY15600CE,3.70,11.40,3.10,5.25,5.05,78.85,14333.20,5.25,9840,9840,121,226595232.00,79,F1,120,,,,,
2026-05-11,2026-05-11,FO,NSE,IDO,35024,,MIDCPNIFTY,,2026-05-26,2026-05-26,15750.00,CE,MIDCPNIFTY26MAY15750CE,0.00,0.00,0.00,75.35,0.00,75.35,14333.20,8.60,0,0,0,0.00,0,F1,120,,,,,
2026-05-11,2026-05-11,FO,NSE,IDO,71262,,MIDCPNIFTY,,2026-05-26,2026-05-26,16100.00,CE,MIDCPNIFTY26MAY16100CE,0.00,0.00,0.00,41.80,0.00,41.80,14333.20,2.50,0,0,0,0.00,0,F1,120,,,,,
2026-05-11,2026-05-11,FO,NSE,IDO,78020,,MIDCPNIFTY,,2026-06-30,2026-06-30,10875.00,CE,MIDCPNIFTY26JUN10875CE,0.00,0.00,0.00,1570.95,0.00,1570.95,14333.20,3552.60,0,0,0,0.00,0,F1,120,,,,,
2026-05-11,2026-05-11,FO,NSE,IDO,78076,,MIDCPNIFTY,,2026-06-30,2026-06-30,11075.00,CE,MIDCPNIFTY26JUN11075CE,0.00,0.00,0.00,1407.55,0.00,1407.55,14333.20,3354.60,0,0,0,0.00,0,F1,120,,,,,
2026-05-11,2026-05-11,FO,NSE,IDO,78230,,MIDCPNIFTY,,2026-06-30,2026-06-30,11875.00,CE,MIDCPNIFTY26JUN11875CE,0.00,0.00,0.00,842.70,0.00,842.70,14333.20,2566.65,0,0,0,0.00,0,F1,120,,,,,
2026-05-11,2026-05-11,FO,NSE,IDO,78240,,MIDCPNIFTY,,2026-06-30,2026-06-30,11950.00,CE,MIDCPNIFTY26JUN11950CE,0.00,0.00,0.00,798.10,0.00,798.10,14333.20,2493.55,0,0,0,0.00,0,F1,120,,,,,
2026-05-11,2026-05-11,FO,NSE,IDO,78271,,MIDCPNIFTY,,2026-06-30,2026-06-30,12175.00,CE,MIDCPNIFTY26JUN12175CE,0.00,0.00,0.00,673.40,0.00,673.40,14333.20,2275.80,0,0,0,0.00,0,F1,120,,,,,
2026-05-11,2026-05-11,FO,NSE,IDO,78339,,MIDCPNIFTY,,2026-06-30,2026-06-30,12725.00,CE,MIDCPNIFTY26JUN12725CE,0.00,0.00,0.00,425.90,0.00,425.90,14333.20,1759.50,0,0,0,0.00,0,F1,120,,,,,
2026-05-11,2026-05-11,FO,NSE,IDO,78363,,MIDCPNIFTY,,2026-06-30,2026-06-30,12775.00,CE,MIDCPNIFTY26JUN12775CE,0.00,0.00,0.00,407.30,0.00,407.30,14333.20,1714.20,0,0,0,0.00,0,F1,120,,,,,
2026-05-11,2026-05-11,FO,NSE,IDO,78589,,MIDCPNIFTY,,2026-06-30,2026-06-30,13525.00,CE,MIDCPNIFTY26JUN13525CE,0.00,0.00,0.00,196.60,0.00,196.60,14333.20,1088.10,0,0,0,0.00,0,F1,120,,,,,
2026-05-11,2026-05-11,FO,NSE,IDO,78630,,MIDCPNIFTY,,2026-06-30,2026-06-30,13800.00,CE,MIDCPNIFTY26JUN13800CE,0.00,0.00,0.00,146.45,0.00,146.45,14333.20,890.95,0,0,0,0.00,0,F1,120,,,,,
2026-05-11,2026-05-11,FO,NSE,IDO,78650,,MIDCPNIFTY,,2026-06-30,2026-06-30,14050.00,CE,MIDCPNIFTY26JUN14050CE,0.00,0.00,0.00,110.65,0.00,110.65,14333.20,730.70,0,0,0,0.00,0,F1,120,,,,,
2026-05-11,2026-05-11,FO,NSE,IDO,40774,,MIDCPNIFTY,,2026-06-30,2026-06-30,15325.00,CE,MIDCPNIFTY26JUN15325CE,0.00,0.00,0.00,103.95,0.00,103.95,14333.20,204.05,0,0,0,0.00,0,F1,120,,,,,
2026-05-11,2026-05-11,FO,NSE,IDO,40776,,MIDCPNIFTY,,2026-06-30,2026-06-30,15350.00,CE,MIDCPNIFTY26JUN15350CE,0.00,0.00,0.00,101.15,0.00,101.15,14333.20,198.15,0,0,0,0.00,0,F1,120,,,,,
2026-05-11,2026-05-11,FO,NSE,IDO,49275,,MIDCPNIFTY,,2026-06-30,2026-06-30,15550.00,CE,MIDCPNIFTY26JUN15550CE,0.00,0.00,0.00,94.25,0.00,94.25,14333.20,155.00,0,0,0,0.00,0,F1,120,,,,,
2026-05-11,2026-05-11,FO,NSE,IDO,49277,,MIDCPNIFTY,,2026-06-30,2026-06-30,15575.00,CE,MIDCPNIFTY26JUN15575CE,0.00,0.00,0.00,91.60,0.00,91.60,14333.20,150.20,0,0,0,0.00,0,F1,120,,,,,
2026-05-11,2026-05-11,FO,NSE,IDO,52004,,MIDCPNIFTY,,2026-06-30,2026-06-30,15675.00,CE,MIDCPNIFTY26JUN15675CE,0.00,0.00,0.00,92.50,0.00,92.50,14333.20,132.35,0,0,0,0.00,0,F1,120,,,,,
2026-05-11,2026-05-11,FO,NSE,IDO,63321,,MIDCPNIFTY,,2026-07-28,2026-07-28,12375.00,CE,MIDCPNIFTY26JUL12375CE,0.00,0.00,0.00,1881.70,0.00,1881.70,14333.20,2174.50,0,0,0,0.00,0,F1,120,,,,,
2026-05-11,2026-05-11,FO,NSE,IDO,63353,,MIDCPNIFTY,,2026-07-28,2026-07-28,12775.00,CE,MIDCPNIFTY26JUL12775CE,0.00,0.00,0.00,1556.85,0.00,1556.85,14333.20,1822.60,0,0,0,0.00,0,F1,120,,,,,
2026-05-11,2026-05-11,FO,NSE,IDO,63371,,MIDCPNIFTY,,2026-07-28,2026-07-28,13000.00,CE,MIDCPNIFTY26JUL13000CE,0.00,0.00,0.00,1387.15,0.00,1387.15,14333.20,1634.80,0,0,0,0.00,0,F1,120,,,,,
2026-05-11,2026-05-11,FO,NSE,IDO,63373,,MIDCPNIFTY,,2026-07-28,2026-07-28,13025.00,CE,MIDCPNIFTY26JUL13025CE,0.00,0.00,0.00,1368.85,0.00,1368.85,14333.20,1614.45,0,0,0,0.00,0,F1,120,,,,,
2026-05-11,2026-05-11,FO,NSE,IDO,63403,,MIDCPNIFTY,,2026-07-28,2026-07-28,13400.00,CE,MIDCPNIFTY26JUL13400CE,0.00,0.00,0.00,1109.45,0.00,1109.45,14333.20,1323.35,0,0,0,0.00,0,F1,120,,,,,
2026-05-11,2026-05-11,FO,NSE,IDO,63409,,MIDCPNIFTY,,2026-07-28,2026-07-28,13475.00,CE,MIDCPNIFTY26JUL13475CE,0.00,0.00,0.00,1061.45,0.00,1061.45,14333.20,1269.00,0,0,0,0.00,0,F1,120,,,,,
2026-05-11,2026-05-11,FO,NSE,IDO,63477,,MIDCPNIFTY,,2026-07-28,2026-07-28,14275.00,CE,MIDCPNIFTY26JUL14275CE,0.00,0.00,0.00,629.65,0.00,629.65,14333.20,764.15,0,0,0,0.00,0,F1,120,,,,,
2026-05-11,2026-05-11,FO,NSE,IDO,63479,,MIDCPNIFTY,,2026-07-28,2026-07-28,14300.00,CE,MIDCPNIFTY26JUL14300CE,0.00,0.00,0.00,618.55,0.00,618.55,14333.20,750.90,0,0,0,0.00,0,F1,120,,,,,
2026-05-11,2026-05-11,FO,NSE,IDO,63497,,MIDCPNIFTY,,2026-07-28,2026-07-28,14525.00,CE,MIDCPNIFTY26JUL14525CE,0.00,0.00,0.00,524.80,0.00,524.80,14333.20,638.35,0,0,0,0.00,0,F1,120,,,,,
2026-05-11,2026-05-11,FO,NSE,IDO,63513,,MIDCPNIFTY,,2026-07-28,2026-07-28,14725.00,CE,MIDCPNIFTY26JUL14725CE,0.00,0.00,0.00,450.70,0.00,450.70,14333.20,548.70,0,0,0,0.00,0,F1,120,,,,,
2026-05-11,2026-05-11,FO,NSE,IDO,63563,,MIDCPNIFTY,,2026-07-28,2026-07-28,15325.00,CE,MIDCPNIFTY26JUL15325CE,0.00,0.00,0.00,276.50,0.00,276.50,14333.20,334.75,0,0,0,0.00,0,F1,120,,,,,
2026-05-11,2026-05-11,FO,NSE,IDO,63567,,MIDCPNIFTY,,2026-07-28,2026-07-28,15375.00,CE,MIDCPNIFTY26JUL15375CE,0.00,0.00,0.00,264.90,0.00,264.90,14333.20,320.40,0,0,0,0.00,0,F1,120,,,,,
2026-05-11,2026-05-11,FO,NSE,IDO,63575,,MIDCPNIFTY,,2026-07-28,2026-07-28,15475.00,CE,MIDCPNIFTY26JUL15475CE,0.00,0.00,0.00,242.30,0.00,242.30,14333.20,293.10,0,0,0,0.00,0,F1,120,,,,,
2026-05-11,2026-05-11,FO,NSE,IDO,63607,,MIDCPNIFTY,,2026-07-28,2026-07-28,15875.00,CE,MIDCPNIFTY26JUL15875CE,0.00,0.00,0.00,168.55,0.00,168.55,14333.20,202.30,0,0,0,0.00,0,F1,120,,,,,
2026-05-11,2026-05-11,FO,NSE,IDO,63609,,MIDCPNIFTY,,2026-07-28,2026-07-28,15900.00,CE,MIDCPNIFTY26JUL15900CE,0.00,0.00,0.00,164.65,0.00,164.65,14333.20,197.50,0,0,0,0.00,0,F1,120,,,,,
2026-05-11,2026-05-11,FO,NSE,IDO,43685,,MIDCPNIFTY,,2026-05-26,2026-05-26,10875.00,PE,MIDCPNIFTY26MAY10875PE,0.00,0.00,0.00,12.45,0.00,12.45,14333.20,0.00,0,0,0,0.00,0,F1,120,,,,,
2026-05-11,2026-05-11,FO,NSE,IDO,43691,,MIDCPNIFTY,,2026-05-26,2026-05-26,10975.00,PE,MIDCPNIFTY26MAY10975PE,0.00,0.00,0.00,15.80,0.00,15.80,14333.20,0.00,0,0,0,0.00,0,F1,120,,,,,
2026-05-11,2026-05-11,FO,NSE,IDO,70474,,MIDCPNIFTY,,2026-05-26,2026-05-26,12075.00,PE,MIDCPNIFTY26MAY12075PE,0.00,0.00,0.00,1.50,1.50,1.50,14333.20,0.05,1200,0,0,0.00,0,F1,120,,,,,
2026-05-11,2026-05-11,FO,NSE,IDO,70641,,MIDCPNIFTY,,2026-05-26,2026-05-26,13050.00,PE,MIDCPNIFTY26MAY13050PE,14.65,16.80,13.05,16.80,16.75,10.50,14333.20,16.80,2880,-600,10,15678024.00,6,F1,120,,,,,
2026-05-11,2026-05-11,FO,NSE,IDO,70758,,MIDCPNIFTY,,2026-05-26,2026-05-26,13300.00,PE,MIDCPNIFTY26MAY13300PE,25.10,33.15,19.15,27.65,27.65,17.70,14333.20,27.65,43560,-1320,939,1501683978.00,669,F1,120,,,,,
2026-05-11,2026-05-11,FO,NSE,IDO,70835,,MIDCPNIFTY,,2026-05-26,2026-05-26,13975.00,PE,MIDCPNIFTY26MAY13975PE,78.70,141.00,78.65,118.90,123.55,76.00,14333.20,118.90,7920,1080,66,111565560.00,61,F1,120,,,,,
2026-05-11,2026-05-11,FO,NSE,IDO,70945,,MIDCPNIFTY,,2026-05-26,2026-05-26,14325.00,PE,MIDCPNIFTY26MAY14325PE,190.00,270.05,182.95,227.25,235.00,157.50,14333.20,227.25,13080,600,1139,1989437022.00,1004,F1,120,,,,,
2026-05-11,2026-05-11,FO,NSE,IDO,70957,,MIDCPNIFTY,,2026-05-26,2026-05-26,14450.00,PE,MIDCPNIFTY26MAY14450PE,258.00,330.00,216.60,291.45,293.30,203.50,14333.20,291.45,15240,-240,704,1244103756.00,608,F1,120,,,,,
2026-05-11,2026-05-11,FO,NSE,IDO,70971,,MIDCPNIFTY,,2026-05-26,2026-05-26,14625.00,PE,MIDCPNIFTY26MAY14625PE,327.00,385.00,321.20,385.00,385.00,282.50,14333.20,385.00,6720,-120,6,10777626.00,5,F1,120,,,,,
2026-05-11,2026-05-11,FO,NSE,IDO,70973,,MIDCPNIFTY,,2026-05-26,2026-05-26,14650.00,PE,MIDCPNIFTY26MAY14650PE,401.95,431.95,345.10,345.10,345.10,295.35,14333.20,444.60,7800,-240,4,7214910.00,4,F1,120,,,,,
2026-05-11,2026-05-11,FO,NSE,IDO,70991,,MIDCPNIFTY,,2026-05-26,2026-05-26,14875.00,PE,MIDCPNIFTY26MAY14875PE,0.00,0.00,0.00,451.55,451.55,451.55,14333.20,605.85,960,0,0,0.00,0,F1,120,,,,,
2026-05-11,2026-05-11,FO,NSE,IDO,71124,,MIDCPNIFTY,,2026-05-26,2026-05-26,15300.00,PE,MIDCPNIFTY26MAY15300PE,0.00,0.00,0.00,1712.20,0.00,1712.20,14333.20,963.60,0,0,0,0.00,0,F1,120,,,,,
2026-05-11,2026-05-11,FO,NSE,IDO,71180,,MIDCPNIFTY,,2026-05-26,2026-05-26,15500.00,PE,MIDCPNIFTY26MAY15500PE,0.00,0.00,0.00,920.00,920.00,920.00,14333.20,1148.15,360,0,0,0.00,0,F1,120,,,,,
2026-05-11,2026-05-11,FO,NSE,IDO,71184,,MIDCPNIFTY,,2026-05-26,2026-05-26,15550.00,PE,MIDCPNIFTY26MAY15550PE,0.00,0.00,0.00,1929.10,0.00,1929.10,14333.20,1195.35,0,0,0,0.00,0,F1,120,,,,,
2026-05-11,2026-05-11,FO,NSE,IDO,53806,,MIDCPNIFTY,,2026-05-26,2026-05-26,15925.00,PE,MIDCPNIFTY26MAY15925PE,0.00,0.00,0.00,2157.60,0.00,2157.60,14333.20,1557.90,0,0,0,0.00,0,F1,120,,,,,
2026-05-11,2026-05-11,FO,NSE,IDO,78021,,MIDCPNIFTY,,2026-06-30,2026-06-30,10875.00,PE,MIDCPNIFTY26JUN10875PE,0.00,0.00,0.00,92.40,0.00,92.40,14333.20,0.25,0,0,0,0.00,0,F1,120,,,,,
2026-05-11,2026-05-11,FO,NSE,IDO,78262,,MIDCPNIFTY,,2026-06-30,2026-06-30,12050.00,PE,MIDCPNIFTY26JUN12050PE,0.00,0.00,0.00,416.35,0.00,416.35,14333.20,8.85,0,0,0,0.00,0,F1,120,,,,,
2026-05-11,2026-05-11,FO,NSE,IDO,78278,,MIDCPNIFTY,,2026-06-30,2026-06-30,12225.00,PE,MIDCPNIFTY26JUN12225PE,0.00,0.00,0.00,494.85,0.00,494.85,14333.20,13.70,0,0,0,0.00,0,F1,120,,,,,
2026-05-11,2026-05-11,FO,NSE,IDO,78286,,MIDCPNIFTY,,2026-06-30,2026-06-30,12325.00,PE,MIDCPNIFTY26JUN12325PE,0.00,0.00,0.00,543.35,0.00,543.35,14333.20,17.35,0,0,0,0.00,0,F1,120,,,,,
2026-05-11,2026-05-11,FO,NSE,IDO,78490,,MIDCPNIFTY,,2026-06-30,2026-06-30,13200.00,PE,MIDCPNIFTY26JUN13200PE,0.00,0.00,0.00,1077.85,0.00,1077.85,14333.20,97.90,0,0,0,0.00,0,F1,120,,,,,
2026-05-11,2026-05-11,FO,NSE,IDO,78588,,MIDCPNIFTY,,2026-06-30,2026-06-30,13500.00,PE,MIDCPNIFTY26JUN13500PE,129.00,153.00,129.00,129.00,129.00,104.00,14333.20,129.00,360,0,3,4909320.00,3,F1,120,,,,,
2026-05-11,2026-05-11,FO,NSE,IDO,78590,,MIDCPNIFTY,,2026-06-30,2026-06-30,13525.00,PE,MIDCPNIFTY26JUN13525PE,0.00,0.00,0.00,1320.55,0.00,1320.55,14333.20,162.75,0,0,0,0.00,0,F1,120,,,,,
2026-05-11,2026-05-11,FO,NSE,IDO,78621,,MIDCPNIFTY,,2026-06-30,2026-06-30,13675.00,PE,MIDCPNIFTY26JUN13675PE,0.00,0.00,0.00,166.00,166.00,166.00,14333.20,201.85,120,0,0,0.00,0,F1,120,,,,,
2026-05-11,2026-05-11,FO,NSE,IDO,78635,,MIDCPNIFTY,,2026-06-30,2026-06-30,13850.00,PE,MIDCPNIFTY26JUN13850PE,0.00,0.00,0.00,1581.75,0.00,1581.75,14333.20,254.30,0,0,0,0.00,0,F1,120,,,,,
2026-05-11,2026-05-11,FO,NSE,IDO,35127,,MIDCPNIFTY,,2026-06-30,2026-06-30,14625.00,PE,MIDCPNIFTY26JUN14625PE,0.00,0.00,0.00,1993.70,0.00,1993.70,14333.20,599.40,0,0,0,0.00,0,F1,120,,,,,
2026-05-11,2026-05-11,FO,NSE,IDO,78780,,MIDCPNIFTY,,2026-06-30,2026-06-30,14900.00,PE,MIDCPNIFTY26JUN14900PE,0.00,0.00,0.00,2513.55,0.00,2513.55,14333.20,765.50,0,0,0,0.00,0,F1,120,,,,,
2026-05-11,2026-05-11,FO,NSE,IDO,40739,,MIDCPNIFTY,,2026-06-30,2026-06-30,15025.00,PE,MIDCPNIFTY26JUN15025PE,0.00,0.00,0.00,1733.45,0.00,1733.45,14333.20,848.00,0,0,0,0.00,0,F1,120,,,,,
2026-05-11,2026-05-11,FO,NSE,IDO,40751,,MIDCPNIFTY,,2026-06-30,2026-06-30,15125.00,PE,MIDCPNIFTY26JUN15125PE,0.00,0.00,0.00,1817.80,0.00,1817.80,14333.20,917.00,0,0,0,0.00,0,F1,120,,,,,
2026-05-11,2026-05-11,FO,NSE,IDO,40784,,MIDCPNIFTY,,2026-06-30,2026-06-30,15450.00,PE,MIDCPNIFTY26JUN15450PE,0.00,0.00,0.00,2099.90,0.00,2099.90,14333.20,1158.25,0,0,0,0.00,0,F1,120,,,,,
2026-05-11,2026-05-11,FO,NSE,IDO,40787,,MIDCPNIFTY,,2026-06-30,2026-06-30,15475.00,PE,MIDCPNIFTY26JUN15475PE,0.00,0.00,0.00,2122.10,0.00,2122.10,14333.20,1177.80,0,0,0,0.00,0,F1,120,,,,,
2026-05-11,2026-05-11,FO,NSE,IDO,53808,,MIDCPNIFTY,,2026-06-30,2026-06-30,15825.00,PE,MIDCPNIFTY26JUN15825PE,0.00,0.00,0.00,2044.30,0.00,2044.30,14333.20,1463.65,0,0,0,0.00,0,F1,120,,,,,
2026-05-11,2026-05-11,FO,NSE,IDO,63324,,MIDCPNIFTY,,2026-07-28,2026-07-28,12400.00,PE,MIDCPNIFTY26JUL12400PE,0.00,0.00,0.00,106.50,0.00,106.50,14333.20,51.60,0,0,0,0.00,0,F1,120,,,,,
2026-05-11,2026-05-11,FO,NSE,IDO,63342,,MIDCPNIFTY,,2026-07-28,2026-07-28,12625.00,PE,MIDCPNIFTY26JUL12625PE,0.00,0.00,0.00,143.10,0.00,143.10,14333.20,73.70,0,0,0,0.00,0,F1,120,,,,,
2026-05-11,2026-05-11,FO,NSE,IDO,63374,,MIDCPNIFTY,,2026-07-28,2026-07-28,13025.00,PE,MIDCPNIFTY26JUL13025PE,0.00,0.00,0.00,230.70,0.00,230.70,14333.20,130.70,0,0,0,0.00,0,F1,120,,,,,
2026-05-11,2026-05-11,FO,NSE,IDO,63382,,MIDCPNIFTY,,2026-07-28,2026-07-28,13125.00,PE,MIDCPNIFTY26JUL13125PE,0.00,0.00,0.00,257.25,0.00,257.25,14333.20,149.10,0,0,0,0.00,0,F1,120,,,,,
2026-05-11,2026-05-11,FO,NSE,IDO,63398,,MIDCPNIFTY,,2026-07-28,2026-07-28,13325.00,PE,MIDCPNIFTY26JUL13325PE,0.00,0.00,0.00,316.30,0.00,316.30,14333.20,191.55,0,0,0,0.00,0,F1,120,,,,,
2026-05-11,2026-05-11,FO,NSE,IDO,63418,,MIDCPNIFTY,,2026-07-28,2026-07-28,13575.00,PE,MIDCPNIFTY26JUL13575PE,0.00,0.00,0.00,403.35,0.00,403.35,14333.20,256.50,0,0,0,0.00,0,F1,120,,,,,
2026-05-11,2026-05-11,FO,NSE,IDO,63472,,MIDCPNIFTY,,2026-07-28,2026-07-28,14200.00,PE,MIDCPNIFTY26JUL14200PE,0.00,0.00,0.00,683.85,0.00,683.85,14333.20,480.25,0,0,0,0.00,0,F1,120,,,,,
2026-05-11,2026-05-11,FO,NSE,IDO,63488,,MIDCPNIFTY,,2026-07-28,2026-07-28,14400.00,PE,MIDCPNIFTY26JUL14400PE,0.00,0.00,0.00,792.60,0.00,792.60,14333.20,572.10,0,0,0,0.00,0,F1,120,,,,,
2026-05-11,2026-05-11,FO,NSE,IDO,63554,,MIDCPNIFTY,,2026-07-28,2026-07-28,15200.00,PE,MIDCPNIFTY26JUL15200PE,0.00,0.00,0.00,1312.40,0.00,1312.40,14333.20,1034.85,0,0,0,0.00,0,F1,120,,,,,
2026-05-11,2026-05-11,FO,NSE,IDO,63556,,MIDCPNIFTY,,2026-07-28,2026-07-28,15225.00,PE,MIDCPNIFTY26JUL15225PE,0.00,0.00,0.00,1330.65,0.00,1330.65,14333.20,1051.60,0,0,0,0.00,0,F1,120,,,,,
2026-05-11,2026-05-11,FO,NSE,IDO,63566,,MIDCPNIFTY,,2026-07-28,2026-07-28,15350.00,PE,MIDCPNIFTY26JUL15350PE,0.00,0.00,0.00,1424.10,0.00,1424.10,14333.20,1137.45,0,0,0,0.00,0,F1,120,,,,,
2026-05-11,2026-05-11,FO,NSE,IDO,78519,,MIDCPNIFTY,,2026-06-30,2026-06-30,13275.00,PE,MIDCPNIFTY26JUN13275PE,0.00,0.00,0.00,1131.95,0.00,1131.95,14333.20,110.75,0,0,0,0.00,0,F1,120,,,,,
2026-05-11,2026-05-11,FO,NSE,IDO,63614,,MIDCPNIFTY,,2026-07-28,2026-07-28,15925.00,PE,MIDCPNIFTY26JUL15925PE,0.00,0.00,0.00,1881.05,0.00,1881.05,14333.20,1569.90,0,0,0,0.00,0,F1,120,,,,,
2026-05-11,2026-05-11,FO,NSE,IDO,63588,,MIDCPNIFTY,,2026-07-28,2026-07-28,15625.00,PE,MIDCPNIFTY26JUL15625PE,0.00,0.00,0.00,1636.55,0.00,1636.55,14333.20,1337.65,0,0,0,0.00,0,F1,120,,,,,
2026-05-11,2026-05-11,FO,NSE,IDO,63582,,MIDCPNIFTY,,2026-07-28,2026-07-28,15550.00,PE,MIDCPNIFTY26JUL15550PE,0.00,0.00,0.00,1577.35,0.00,1577.35,14333.20,1281.75,0,0,0,0.00,0,F1,120,,,,,
2026-05-11,2026-05-11,FO,NSE,IDO,63548,,MIDCPNIFTY,,2026-07-28,2026-07-28,15125.00,PE,MIDCPNIFTY26JUL15125PE,0.00,0.00,0.00,1258.40,0.00,1258.40,14333.20,985.30,0,0,0,0.00,0,F1,120,,,,,
2026-05-11,2026-05-11,FO,NSE,IDO,63538,,MIDCPNIFTY,,2026-07-28,2026-07-28,15000.00,PE,MIDCPNIFTY26JUL15000PE,0.00,0.00,0.00,1170.65,0.00,1170.65,14333.20,905.40,0,0,0,0.00,0,F1,120,,,,,
2026-05-11,2026-05-11,FO,NSE,IDO,63532,,MIDCPNIFTY,,2026-07-28,2026-07-28,14925.00,PE,MIDCPNIFTY26JUL14925PE,0.00,0.00,0.00,1119.40,0.00,1119.40,14333.20,859.15,0,0,0,0.00,0,F1,120,,,,,
2026-05-11,2026-05-11,FO,NSE,IDO,63504,,MIDCPNIFTY,,2026-07-28,2026-07-28,14600.00,PE,MIDCPNIFTY26JUL14600PE,0.00,0.00,0.00,910.25,0.00,910.25,14333.20,673.65,0,0,0,0.00,0,F1,120,,,,,
2026-05-11,2026-05-11,FO,NSE,IDO,63498,,MIDCPNIFTY,,2026-07-28,2026-07-28,14525.00,PE,MIDCPNIFTY26JUL14525PE,0.00,0.00,0.00,865.15,0.00,865.15,14333.20,634.40,0,0,0,0.00,0,F1,120,,,,,
2026-05-11,2026-05-11,FO,NSE,IDO,63448,,MIDCPNIFTY,,2026-07-28,2026-07-28,13925.00,PE,MIDCPNIFTY26JUL13925PE,0.00,0.00,0.00,549.30,0.00,549.30,14333.20,370.05,0,0,0,0.00,0,F1,120,,,,,
2026-05-11,2026-05-11,FO,NSE,IDO,63444,,MIDCPNIFTY,,2026-07-28,2026-07-28,13875.00,PE,MIDCPNIFTY26JUL13875PE,0.00,0.00,0.00,526.70,0.00,526.70,14333.20,352.00,0,0,0,0.00,0,F1,120,,,,,
2026-05-11,2026-05-11,FO,NSE,IDO,63430,,MIDCPNIFTY,,2026-07-28,2026-07-28,13725.00,PE,MIDCPNIFTY26JUL13725PE,0.00,0.00,0.00,462.40,0.00,462.40,14333.20,301.35,0,0,0,0.00,0,F1,120,,,,,
2026-05-11,2026-05-11,FO,NSE,IDO,63362,,MIDCPNIFTY,,2026-07-28,2026-07-28,12875.00,PE,MIDCPNIFTY26JUL12875PE,0.00,0.00,0.00,194.00,0.00,194.00,14333.20,106.40,0,0,0,0.00,0,F1,120,,,,,
2026-05-11,2026-05-11,FO,NSE,IDO,78802,,MIDCPNIFTY,,2026-06-30,2026-06-30,15600.00,PE,MIDCPNIFTY26JUN15600PE,0.00,0.00,0.00,3177.05,0.00,3177.05,14333.20,1277.25,0,0,0,0.00,0,F1,120,,,,,
2026-05-11,2026-05-11,FO,NSE,IDO,49274,,MIDCPNIFTY,,2026-06-30,2026-06-30,15525.00,PE,MIDCPNIFTY26JUN15525PE,0.00,0.00,0.00,2006.30,0.00,2006.30,14333.20,1217.20,0,0,0,0.00,0,F1,120,,,,,
2026-05-11,2026-05-11,FO,NSE,IDO,40760,,MIDCPNIFTY,,2026-06-30,2026-06-30,15175.00,PE,MIDCPNIFTY26JUN15175PE,0.00,0.00,0.00,1860.40,0.00,1860.40,14333.20,952.45,0,0,0,0.00,0,F1,120,,,,,
2026-05-11,2026-05-11,FO,NSE,IDO,38743,,MIDCPNIFTY,,2026-06-30,2026-06-30,14825.00,PE,MIDCPNIFTY26JUN14825PE,0.00,0.00,0.00,2091.80,0.00,2091.80,14333.20,718.05,0,0,0,0.00,0,F1,120,,,,,
2026-05-11,2026-05-11,FO,NSE,IDO,78680,,MIDCPNIFTY,,2026-06-30,2026-06-30,14275.00,PE,MIDCPNIFTY26JUN14275PE,0.00,0.00,0.00,1945.70,0.00,1945.70,14333.20,420.75,0,0,0,0.00,0,F1,120,,,,,
2026-05-11,2026-05-11,FO,NSE,IDO,78659,,MIDCPNIFTY,,2026-06-30,2026-06-30,14150.00,PE,MIDCPNIFTY26JUN14150PE,0.00,0.00,0.00,582.75,582.75,582.75,14333.20,366.10,480,0,0,0.00,0,F1,120,,,,,
2026-05-11,2026-05-11,FO,NSE,IDO,78645,,MIDCPNIFTY,,2026-06-30,2026-06-30,13975.00,PE,MIDCPNIFTY26JUN13975PE,0.00,0.00,0.00,1686.45,0.00,1686.45,14333.20,297.60,0,0,0,0.00,0,F1,120,,,,,
2026-05-11,2026-05-11,FO,NSE,IDO,78615,,MIDCPNIFTY,,2026-06-30,2026-06-30,13600.00,PE,MIDCPNIFTY26JUN13600PE,0.00,0.00,0.00,1379.30,0.00,1379.30,14333.20,181.90,0,0,0,0.00,0,F1,120,,,,,
2026-05-11,2026-05-11,FO,NSE,IDO,78486,,MIDCPNIFTY,,2026-06-30,2026-06-30,13150.00,PE,MIDCPNIFTY26JUN13150PE,0.00,0.00,0.00,1042.40,0.00,1042.40,14333.20,90.00,0,0,0,0.00,0,F1,120,,,,,
2026-05-11,2026-05-11,FO,NSE,IDO,78482,,MIDCPNIFTY,,2026-06-30,2026-06-30,13100.00,PE,MIDCPNIFTY26JUN13100PE,0.00,0.00,0.00,1007.55,0.00,1007.55,14333.20,82.65,0,0,0,0.00,0,F1,120,,,,,
2026-05-11,2026-05-11,FO,NSE,IDO,78368,,MIDCPNIFTY,,2026-06-30,2026-06-30,12825.00,PE,MIDCPNIFTY26JUN12825PE,0.00,0.00,0.00,825.80,0.00,825.80,14333.20,50.00,0,0,0,0.00,0,F1,120,,,,,
2026-05-11,2026-05-11,FO,NSE,IDO,78314,,MIDCPNIFTY,,2026-06-30,2026-06-30,12625.00,PE,MIDCPNIFTY26JUN12625PE,0.00,0.00,0.00,705.10,0.00,705.10,14333.20,33.55,0,0,0,0.00,0,F1,120,,,,,
2026-05-11,2026-05-11,FO,NSE,IDO,78292,,MIDCPNIFTY,,2026-06-30,2026-06-30,12400.00,PE,MIDCPNIFTY26JUN12400PE,0.00,0.00,0.00,581.55,0.00,581.55,14333.20,20.60,0,0,0,0.00,0,F1,120,,,,,
2026-05-11,2026-05-11,FO,NSE,IDO,78128,,MIDCPNIFTY,,2026-06-30,2026-06-30,11675.00,PE,MIDCPNIFTY26JUN11675PE,0.00,0.00,0.00,276.10,0.00,276.10,14333.20,3.15,0,0,0,0.00,0,F1,120,,,,,
2026-05-11,2026-05-11,FO,NSE,IDO,78077,,MIDCPNIFTY,,2026-06-30,2026-06-30,11075.00,PE,MIDCPNIFTY26JUN11075PE,0.00,0.00,0.00,125.40,0.00,125.40,14333.20,0.45,0,0,0,0.00,0,F1,120,,,,,
2026-05-11,2026-05-11,FO,NSE,IDO,71225,,MIDCPNIFTY,,2026-05-26,2026-05-26,15900.00,PE,MIDCPNIFTY26MAY15900PE,0.00,0.00,0.00,2243.70,0.00,2243.70,14333.20,1533.40,0,0,0,0.00,0,F1,120,,,,,
2026-05-11,2026-05-11,FO,NSE,IDO,35401,,MIDCPNIFTY,,2026-05-26,2026-05-26,15825.00,PE,MIDCPNIFTY26MAY15825PE,0.00,0.00,0.00,1992.60,0.00,1992.60,14333.20,1460.10,0,0,0,0.00,0,F1,120,,,,,
2026-05-11,2026-05-11,FO,NSE,IDO,71044,,MIDCPNIFTY,,2026-05-26,2026-05-26,15225.00,PE,MIDCPNIFTY26MAY15225PE,0.00,0.00,0.00,1648.60,0.00,1648.60,14333.20,896.60,0,0,0,0.00,0,F1,120,,,,,
2026-05-11,2026-05-11,FO,NSE,IDO,71026,,MIDCPNIFTY,,2026-05-26,2026-05-26,15100.00,PE,MIDCPNIFTY26MAY15100PE,0.00,0.00,0.00,600.00,600.00,600.00,14333.20,788.15,240,0,0,0.00,0,F1,120,,,,,
2026-05-11,2026-05-11,FO,NSE,IDO,71013,,MIDCPNIFTY,,2026-05-26,2026-05-26,14975.00,PE,MIDCPNIFTY26MAY14975PE,0.00,0.00,0.00,1442.60,0.00,1442.60,14333.20,684.60,0,0,0,0.00,0,F1,120,,,,,
2026-05-11,2026-05-11,FO,NSE,IDO,71001,,MIDCPNIFTY,,2026-05-26,2026-05-26,14950.00,PE,MIDCPNIFTY26MAY14950PE,0.00,0.00,0.00,1422.50,0.00,1422.50,14333.20,664.55,0,0,0,0.00,0,F1,120,,,,,
2026-05-11,2026-05-11,FO,NSE,IDO,70856,,MIDCPNIFTY,,2026-05-26,2026-05-26,14150.00,PE,MIDCPNIFTY26MAY14150PE,164.95,195.00,129.25,166.65,168.75,110.15,14333.20,166.65,28560,-9480,439,754321134.00,358,F1,120,,,,,
2026-05-11,2026-05-11,FO,NSE,IDO,70841,,MIDCPNIFTY,,2026-05-26,2026-05-26,14050.00,PE,MIDCPNIFTY26MAY14050PE,130.00,157.70,105.00,136.95,138.60,90.75,14333.20,136.95,20760,-720,93,158232870.00,81,F1,120,,,,,
2026-05-11,2026-05-11,FO,NSE,IDO,70648,,MIDCPNIFTY,,2026-05-26,2026-05-26,13125.00,PE,MIDCPNIFTY26MAY13125PE,21.50,21.50,13.30,20.25,20.25,12.80,14333.20,20.25,1680,-1920,50,78865404.00,32,F1,120,,,,,
2026-05-11,2026-05-11,FO,NSE,IDO,70625,,MIDCPNIFTY,,2026-05-26,2026-05-26,12950.00,PE,MIDCPNIFTY26MAY12950PE,12.70,14.05,8.85,13.55,13.75,9.50,14333.20,13.55,840,120,15,23332932.00,13,F1,120,,,,,
2026-05-11,2026-05-11,FO,NSE,IDO,70529,,MIDCPNIFTY,,2026-05-26,2026-05-26,12525.00,PE,MIDCPNIFTY26MAY12525PE,0.00,0.00,0.00,4.35,4.35,4.35,14333.20,0.50,1680,0,0,0.00,0,F1,120,,,,,
2026-05-11,2026-05-11,FO,NSE,IDO,70513,,MIDCPNIFTY,,2026-05-26,2026-05-26,12325.00,PE,MIDCPNIFTY26MAY12325PE,0.00,0.00,0.00,11.60,11.60,11.60,14333.20,0.15,480,0,0,0.00,0,F1,120,,,,,
2026-05-11,2026-05-11,FO,NSE,IDO,70304,,MIDCPNIFTY,,2026-05-26,2026-05-26,11400.00,PE,MIDCPNIFTY26MAY11400PE,0.00,0.00,0.00,6.55,6.55,6.55,14333.20,0.00,1680,0,0,0.00,0,F1,120,,,,,
2026-05-11,2026-05-11,FO,NSE,IDO,70246,,MIDCPNIFTY,,2026-05-26,2026-05-26,11325.00,PE,MIDCPNIFTY26MAY11325PE,0.00,0.00,0.00,0.05,0.05,0.05,14333.20,0.00,480,0,0,0.00,0,F1,120,,,,,
2026-05-11,2026-05-11,FO,NSE,IDO,40447,,MIDCPNIFTY,,2026-05-26,2026-05-26,11050.00,PE,MIDCPNIFTY26MAY11050PE,0.00,0.00,0.00,1.00,1.00,1.00,14333.20,0.00,720,0,0,0.00,0,F1,120,,,,,
2026-05-11,2026-05-11,FO,NSE,IDO,43687,,MIDCPNIFTY,,2026-05-26,2026-05-26,10925.00,PE,MIDCPNIFTY26MAY10925PE,0.00,0.00,0.00,14.05,0.00,14.05,14333.20,0.00,0,0,0,0.00,0,F1,120,,,,,
2026-05-11,2026-05-11,FO,NSE,IDO,63595,,MIDCPNIFTY,,2026-07-28,2026-07-28,15725.00,CE,MIDCPNIFTY26JUL15725CE,0.00,0.00,0.00,193.65,0.00,193.65,14333.20,233.85,0,0,0,0.00,0,F1,120,,,,,
2026-05-11,2026-05-11,FO,NSE,IDO,63569,,MIDCPNIFTY,,2026-07-28,2026-07-28,15400.00,CE,MIDCPNIFTY26JUL15400CE,0.00,0.00,0.00,259.25,0.00,259.25,14333.20,313.40,0,0,0,0.00,0,F1,120,,,,,
2026-05-11,2026-05-11,FO,NSE,IDO,63551,,MIDCPNIFTY,,2026-07-28,2026-07-28,15175.00,CE,MIDCPNIFTY26JUL15175CE,0.00,0.00,0.00,313.30,0.00,313.30,14333.20,380.95,0,0,0,0.00,0,F1,120,,,,,
2026-05-11,2026-05-11,FO,NSE,IDO,63529,,MIDCPNIFTY,,2026-07-28,2026-07-28,14900.00,CE,MIDCPNIFTY26JUL14900CE,0.00,0.00,0.00,392.60,0.00,392.60,14333.20,478.05,0,0,0,0.00,0,F1,120,,,,,
2026-05-11,2026-05-11,FO,NSE,IDO,63515,,MIDCPNIFTY,,2026-07-28,2026-07-28,14750.00,CE,MIDCPNIFTY26JUL14750CE,0.00,0.00,0.00,442.00,0.00,442.00,14333.20,538.20,0,0,0,0.00,0,F1,120,,,,,
2026-05-11,2026-05-11,FO,NSE,IDO,63499,,MIDCPNIFTY,,2026-07-28,2026-07-28,14550.00,CE,MIDCPNIFTY26JUL14550CE,0.00,0.00,0.00,515.05,0.00,515.05,14333.20,626.65,0,0,0,0.00,0,F1,120,,,,,
2026-05-11,2026-05-11,FO,NSE,IDO,63491,,MIDCPNIFTY,,2026-07-28,2026-07-28,14450.00,CE,MIDCPNIFTY26JUL14450CE,0.00,0.00,0.00,554.80,0.00,554.80,14333.20,674.45,0,0,0,0.00,0,F1,120,,,,,
2026-05-11,2026-05-11,FO,NSE,IDO,63471,,MIDCPNIFTY,,2026-07-28,2026-07-28,14200.00,CE,MIDCPNIFTY26JUL14200CE,0.00,0.00,0.00,663.85,0.00,663.85,14333.20,804.85,0,0,0,0.00,0,F1,120,,,,,
2026-05-11,2026-05-11,FO,NSE,IDO,63459,,MIDCPNIFTY,,2026-07-28,2026-07-28,14050.00,CE,MIDCPNIFTY26JUL14050CE,0.00,0.00,0.00,736.15,0.00,736.15,14333.20,890.45,0,0,0,0.00,0,F1,120,,,,,
2026-05-11,2026-05-11,FO,NSE,IDO,63439,,MIDCPNIFTY,,2026-07-28,2026-07-28,13850.00,CE,MIDCPNIFTY26JUL13850CE,0.00,0.00,0.00,840.60,0.00,840.60,14333.20,1013.05,0,0,0,0.00,0,F1,120,,,,,
2026-05-11,2026-05-11,FO,NSE,IDO,63411,,MIDCPNIFTY,,2026-07-28,2026-07-28,13500.00,CE,MIDCPNIFTY26JUL13500CE,0.00,0.00,0.00,1045.70,0.00,1045.70,14333.20,1250.95,0,0,0,0.00,0,F1,120,,,,,
2026-05-11,2026-05-11,FO,NSE,IDO,63399,,MIDCPNIFTY,,2026-07-28,2026-07-28,13350.00,CE,MIDCPNIFTY26JUL13350CE,0.00,0.00,0.00,1142.20,0.00,1142.20,14333.20,1360.55,0,0,0,0.00,0,F1,120,,,,,
2026-05-11,2026-05-11,FO,NSE,IDO,63391,,MIDCPNIFTY,,2026-07-28,2026-07-28,13250.00,CE,MIDCPNIFTY26JUL13250CE,0.00,0.00,0.00,1209.25,0.00,1209.25,14333.20,1436.50,0,0,0,0.00,0,F1,120,,,,,
2026-05-11,2026-05-11,FO,NSE,IDO,63315,,MIDCPNIFTY,,2026-07-28,2026-07-28,12300.00,CE,MIDCPNIFTY26JUL12300CE,0.00,0.00,0.00,1945.45,0.00,1945.45,14333.20,2242.65,0,0,0,0.00,0,F1,120,,,,,
2026-05-11,2026-05-11,FO,NSE,IDO,54670,,MIDCPNIFTY,,2026-06-30,2026-06-30,15950.00,CE,MIDCPNIFTY26JUN15950CE,0.00,0.00,0.00,90.10,0.00,90.10,14333.20,92.10,0,0,0,0.00,0,F1,120,,,,,
2026-05-11,2026-05-11,FO,NSE,IDO,52006,,MIDCPNIFTY,,2026-06-30,2026-06-30,15725.00,CE,MIDCPNIFTY26JUN15725CE,0.00,0.00,0.00,87.40,0.00,87.40,14333.20,124.10,0,0,0,0.00,0,F1,120,,,,,
2026-05-11,2026-05-11,FO,NSE,IDO,40785,,MIDCPNIFTY,,2026-06-30,2026-06-30,15475.00,CE,MIDCPNIFTY26JUN15475CE,0.00,0.00,0.00,88.15,0.00,88.15,14333.20,170.00,0,0,0,0.00,0,F1,120,,,,,
2026-05-11,2026-05-11,FO,NSE,IDO,78785,,MIDCPNIFTY,,2026-06-30,2026-06-30,15200.00,CE,MIDCPNIFTY26JUN15200CE,0.00,0.00,0.00,26.40,0.00,26.40,14333.20,235.25,0,0,0,0.00,0,F1,120,,,,,
2026-05-11,2026-05-11,FO,NSE,IDO,40752,,MIDCPNIFTY,,2026-06-30,2026-06-30,15150.00,CE,MIDCPNIFTY26JUN15150CE,0.00,0.00,0.00,125.45,0.00,125.45,14333.20,249.05,0,0,0,0.00,0,F1,120,,,,,
2026-05-11,2026-05-11,FO,NSE,IDO,40732,,MIDCPNIFTY,,2026-06-30,2026-06-30,14950.00,CE,MIDCPNIFTY26JUN14950CE,0.00,0.00,0.00,154.60,0.00,154.60,14333.20,310.70,0,0,0,0.00,0,F1,120,,,,,
2026-05-11,2026-05-11,FO,NSE,IDO,35106,,MIDCPNIFTY,,2026-06-30,2026-06-30,14475.00,CE,MIDCPNIFTY26JUN14475CE,0.00,0.00,0.00,104.25,0.00,104.25,14333.20,501.80,0,0,0,0.00,0,F1,120,,,,,
2026-05-11,2026-05-11,FO,NSE,IDO,35104,,MIDCPNIFTY,,2026-06-30,2026-06-30,14450.00,CE,MIDCPNIFTY26JUN14450CE,0.00,0.00,0.00,107.25,0.00,107.25,14333.20,513.70,0,0,0,0.00,0,F1,120,,,,,
2026-05-11,2026-05-11,FO,NSE,IDO,78646,,MIDCPNIFTY,,2026-06-30,2026-06-30,14000.00,CE,MIDCPNIFTY26JUN14000CE,672.05,776.90,624.65,670.55,670.45,767.75,14333.20,670.55,5040,1560,41,72448326.00,36,F1,120,,,,,
2026-05-11,2026-05-11,FO,NSE,IDO,78644,,MIDCPNIFTY,,2026-06-30,2026-06-30,13975.00,CE,MIDCPNIFTY26JUN13975CE,0.00,0.00,0.00,120.50,0.00,120.50,14333.20,776.80,0,0,0,0.00,0,F1,120,,,,,
2026-05-11,2026-05-11,FO,NSE,IDO,78632,,MIDCPNIFTY,,2026-06-30,2026-06-30,13825.00,CE,MIDCPNIFTY26JUN13825CE,0.00,0.00,0.00,142.50,0.00,142.50,14333.20,874.10,0,0,0,0.00,0,F1,120,,,,,
2026-05-11,2026-05-11,FO,NSE,IDO,78626,,MIDCPNIFTY,,2026-06-30,2026-06-30,13750.00,CE,MIDCPNIFTY26JUN13750CE,0.00,0.00,0.00,154.65,0.00,154.65,14333.20,925.20,0,0,0,0.00,0,F1,120,,,,,
2026-05-11,2026-05-11,FO,NSE,IDO,78624,,MIDCPNIFTY,,2026-06-30,2026-06-30,13725.00,CE,MIDCPNIFTY26JUN13725CE,0.00,0.00,0.00,158.95,0.00,158.95,14333.20,942.60,0,0,0,0.00,0,F1,120,,,,,
2026-05-11,2026-05-11,FO,NSE,IDO,78479,,MIDCPNIFTY,,2026-06-30,2026-06-30,13075.00,CE,MIDCPNIFTY26JUN13075CE,0.00,0.00,0.00,308.25,0.00,308.25,14333.20,1450.55,0,0,0,0.00,0,F1,120,,,,,
2026-05-11,2026-05-11,FO,NSE,IDO,78287,,MIDCPNIFTY,,2026-06-30,2026-06-30,12350.00,CE,MIDCPNIFTY26JUN12350CE,0.00,0.00,0.00,585.90,0.00,585.90,14333.20,2108.55,0,0,0,0.00,0,F1,120,,,,,
2026-05-11,2026-05-11,FO,NSE,IDO,78279,,MIDCPNIFTY,,2026-06-30,2026-06-30,12250.00,CE,MIDCPNIFTY26JUN12250CE,0.00,0.00,0.00,634.90,0.00,634.90,14333.20,2203.85,0,0,0,0.00,0,F1,120,,,,,
2026-05-11,2026-05-11,FO,NSE,IDO,78093,,MIDCPNIFTY,,2026-06-30,2026-06-30,11250.00,CE,MIDCPNIFTY26JUN11250CE,0.00,0.00,0.00,1271.15,0.00,1271.15,14333.20,3181.50,0,0,0,0.00,0,F1,120,,,,,
2026-05-11,2026-05-11,FO,NSE,IDO,78091,,MIDCPNIFTY,,2026-06-30,2026-06-30,11225.00,CE,MIDCPNIFTY26JUN11225CE,0.00,0.00,0.00,1290.20,0.00,1290.20,14333.20,3206.20,0,0,0,0.00,0,F1,120,,,,,
2026-05-11,2026-05-11,FO,NSE,IDO,78087,,MIDCPNIFTY,,2026-06-30,2026-06-30,11175.00,CE,MIDCPNIFTY26JUN11175CE,0.00,0.00,0.00,1328.80,0.00,1328.80,14333.20,3255.65,0,0,0,0.00,0,F1,120,,,,,
2026-05-11,2026-05-11,FO,NSE,IDO,78083,,MIDCPNIFTY,,2026-06-30,2026-06-30,11125.00,CE,MIDCPNIFTY26JUN11125CE,0.00,0.00,0.00,1367.90,0.00,1367.90,14333.20,3305.10,0,0,0,0.00,0,F1,120,,,,,
2026-05-11,2026-05-11,FO,NSE,IDO,78024,,MIDCPNIFTY,,2026-06-30,2026-06-30,10925.00,CE,MIDCPNIFTY26JUN10925CE,0.00,0.00,0.00,1529.40,0.00,1529.40,14333.20,3503.10,0,0,0,0.00,0,F1,120,,,,,
2026-05-11,2026-05-11,FO,NSE,IDO,78006,,MIDCPNIFTY,,2026-06-30,2026-06-30,10800.00,CE,MIDCPNIFTY26JUN10800CE,0.00,0.00,0.00,1634.10,0.00,1634.10,14333.20,3626.90,0,0,0,0.00,0,F1,120,,,,,
2026-05-11,2026-05-11,FO,NSE,IDO,71226,,MIDCPNIFTY,,2026-05-26,2026-05-26,16000.00,CE,MIDCPNIFTY26MAY16000CE,3.55,3.55,3.55,3.55,3.55,47.65,14333.20,3.60,480,480,4,7681704.00,2,F1,120,,,,,
2026-05-11,2026-05-11,FO,NSE,IDO,71123,,MIDCPNIFTY,,2026-05-26,2026-05-26,15300.00,CE,MIDCPNIFTY26MAY15300CE,12.25,18.55,11.40,15.00,13.80,22.00,14333.20,15.00,233520,-44640,3894,7156212432.00,2249,F1,120,,,,,
2026-05-11,2026-05-11,FO,NSE,IDO,71045,,MIDCPNIFTY,,2026-05-26,2026-05-26,15250.00,CE,MIDCPNIFTY26MAY15250CE,19.80,21.85,14.40,17.50,17.65,26.70,14333.20,17.50,15840,2400,651,1192766436.00,331,F1,120,,,,,
2026-05-11,2026-05-11,FO,NSE,IDO,71032,,MIDCPNIFTY,,2026-05-26,2026-05-26,15175.00,CE,MIDCPNIFTY26MAY15175CE,24.00,28.90,18.35,23.00,21.70,36.10,14333.20,23.00,9240,-1320,107,195127374.00,78,F1,120,,,,,
2026-05-11,2026-05-11,FO,NSE,IDO,71023,,MIDCPNIFTY,,2026-05-26,2026-05-26,15075.00,CE,MIDCPNIFTY26MAY15075CE,31.70,45.15,28.00,32.85,32.75,53.40,14333.20,32.85,2520,240,49,88835676.00,32,F1,120,,,,,
2026-05-11,2026-05-11,FO,NSE,IDO,70976,,MIDCPNIFTY,,2026-05-26,2026-05-26,14700.00,CE,MIDCPNIFTY26MAY14700CE,119.00,149.05,96.00,112.50,109.95,172.70,14333.20,112.50,192600,-360,3929,6987092346.00,3214,F1,120,,,,,
2026-05-11,2026-05-11,FO,NSE,IDO,70968,,MIDCPNIFTY,,2026-05-26,2026-05-26,14600.00,CE,MIDCPNIFTY26MAY14600CE,175.50,192.55,126.90,148.90,144.60,219.35,14333.20,148.90,204240,43440,4202,7439970936.00,3435,F1,120,,,,,
2026-05-11,2026-05-11,FO,NSE,IDO,70948,,MIDCPNIFTY,,2026-05-26,2026-05-26,14375.00,CE,MIDCPNIFTY26MAY14375CE,290.95,314.95,227.95,253.90,248.10,349.95,14333.20,253.90,11640,6120,1154,2027526174.00,909,F1,120,,,,,
2026-05-11,2026-05-11,FO,NSE,IDO,70938,,MIDCPNIFTY,,2026-05-26,2026-05-26,14275.00,CE,MIDCPNIFTY26MAY14275CE,340.00,385.55,272.85,309.00,300.20,422.85,14333.20,309.00,5160,1920,197,344695896.00,160,F1,120,,,,,
2026-05-11,2026-05-11,FO,NSE,IDO,70927,,MIDCPNIFTY,,2026-05-26,2026-05-26,14250.00,CE,MIDCPNIFTY26MAY14250CE,336.00,388.55,286.60,325.30,324.65,426.00,14333.20,325.30,9360,-720,97,169560354.00,89,F1,120,,,,,
2026-05-11,2026-05-11,FO,NSE,IDO,70838,,MIDCPNIFTY,,2026-05-26,2026-05-26,14025.00,CE,MIDCPNIFTY26MAY14025CE,448.70,489.95,448.70,489.95,489.95,578.40,14333.20,480.15,4320,-120,3,5216064.00,3,F1,120,,,,,
2026-05-11,2026-05-11,FO,NSE,IDO,70828,,MIDCPNIFTY,,2026-05-26,2026-05-26,13900.00,CE,MIDCPNIFTY26MAY13900CE,585.25,611.10,532.15,604.35,594.20,705.20,14333.20,604.35,37320,-8040,91,157918584.00,60,F1,120,,,,,
2026-05-11,2026-05-11,FO,NSE,IDO,70794,,MIDCPNIFTY,,2026-05-26,2026-05-26,13475.00,CE,MIDCPNIFTY26MAY13475CE,0.00,0.00,0.00,1117.25,1117.25,1117.25,14333.20,921.00,600,0,0,0.00,0,F1,120,,,,,
2026-05-11,2026-05-11,FO,NSE,IDO,70520,,MIDCPNIFTY,,2026-05-26,2026-05-26,12425.00,CE,MIDCPNIFTY26MAY12425CE,0.00,0.00,0.00,1364.75,0.00,1364.75,14333.20,1938.65,0,0,0,0.00,0,F1,120,,,,,
2026-05-11,2026-05-11,FO,NSE,IDO,70518,,MIDCPNIFTY,,2026-05-26,2026-05-26,12400.00,CE,MIDCPNIFTY26MAY12400CE,0.00,0.00,0.00,1479.00,1479.00,1479.00,14333.20,1963.55,120,0,0,0.00,0,F1,120,,,,,
2026-05-11,2026-05-11,FO,NSE,IDO,70516,,MIDCPNIFTY,,2026-05-26,2026-05-26,12375.00,CE,MIDCPNIFTY26MAY12375CE,0.00,0.00,0.00,1404.45,0.00,1404.45,14333.20,1988.45,0,0,0,0.00,0,F1,120,,,,,
2026-05-11,2026-05-11,FO,NSE,IDO,70425,,MIDCPNIFTY,,2026-05-26,2026-05-26,11850.00,CE,MIDCPNIFTY26MAY11850CE,0.00,0.00,0.00,1848.60,0.00,1848.60,14333.20,2511.95,0,0,0,0.00,0,F1,120,,,,,
2026-05-11,2026-05-11,FO,NSE,IDO,70369,,MIDCPNIFTY,,2026-05-26,2026-05-26,11750.00,CE,MIDCPNIFTY26MAY11750CE,0.00,0.00,0.00,1937.95,0.00,1937.95,14333.20,2611.75,0,0,0,0.00,0,F1,120,,,,,
2026-05-11,2026-05-11,FO,NSE,IDO,70363,,MIDCPNIFTY,,2026-05-26,2026-05-26,11700.00,CE,MIDCPNIFTY26MAY11700CE,0.00,0.00,0.00,1983.15,0.00,1983.15,14333.20,2661.60,0,0,0,0.00,0,F1,120,,,,,
2026-05-11,2026-05-11,FO,NSE,IDO,70346,,MIDCPNIFTY,,2026-05-26,2026-05-26,11675.00,CE,MIDCPNIFTY26MAY11675CE,0.00,0.00,0.00,2005.80,0.00,2005.80,14333.20,2686.55,0,0,0,0.00,0,F1,120,,,,,
2026-05-11,2026-05-11,FO,NSE,IDO,70315,,MIDCPNIFTY,,2026-05-26,2026-05-26,11550.00,CE,MIDCPNIFTY26MAY11550CE,0.00,0.00,0.00,2120.25,0.00,2120.25,14333.20,2811.25,0,0,0,0.00,0,F1,120,,,,,
2026-05-11,2026-05-11,FO,NSE,IDO,40454,,MIDCPNIFTY,,2026-05-26,2026-05-26,11150.00,CE,MIDCPNIFTY26MAY11150CE,0.00,0.00,0.00,2326.65,0.00,2326.65,14333.20,3210.25,0,0,0,0.00,0,F1,120,,,,,
2026-05-11,2026-05-11,FO,NSE,IDF,61092,,MIDCPNIFTY,,2026-07-28,2026-07-28,,,MIDCPNIFTY26JULFUT,14475.00,14573.90,14400.00,14448.80,14440.40,14616.05,14333.20,14448.80,6960,360,28,48594018.00,27,F1,120,,,,,
2026-05-11,2026-05-11,FO,NSE,IDO,35119,,MIDCPNIFTY,,2026-06-30,2026-06-30,14525.00,PE,MIDCPNIFTY26JUN14525PE,0.00,0.00,0.00,1906.15,0.00,1906.15,14333.20,544.55,0,0,0,0.00,0,F1,120,,,,,
2026-05-11,2026-05-11,FO,NSE,IDO,63560,,MIDCPNIFTY,,2026-07-28,2026-07-28,15275.00,PE,MIDCPNIFTY26JUL15275PE,0.00,0.00,0.00,1368.05,0.00,1368.05,14333.20,1085.55,0,0,0,0.00,0,F1,120,,,,,
2026-05-11,2026-05-11,FO,NSE,IDO,63552,,MIDCPNIFTY,,2026-07-28,2026-07-28,15175.00,PE,MIDCPNIFTY26JUL15175PE,0.00,0.00,0.00,1294.30,0.00,1294.30,14333.20,1018.20,0,0,0,0.00,0,F1,120,,,,,
2026-05-11,2026-05-11,FO,NSE,IDO,63540,,MIDCPNIFTY,,2026-07-28,2026-07-28,15025.00,PE,MIDCPNIFTY26JUL15025PE,0.00,0.00,0.00,1187.95,0.00,1187.95,14333.20,921.10,0,0,0,0.00,0,F1,120,,,,,
2026-05-11,2026-05-11,FO,NSE,IDO,63536,,MIDCPNIFTY,,2026-07-28,2026-07-28,14975.00,PE,MIDCPNIFTY26JUL14975PE,0.00,0.00,0.00,1153.45,0.00,1153.45,14333.20,889.85,0,0,0,0.00,0,F1,120,,,,,
2026-05-11,2026-05-11,FO,NSE,IDO,63506,,MIDCPNIFTY,,2026-07-28,2026-07-28,14625.00,PE,MIDCPNIFTY26JUL14625PE,0.00,0.00,0.00,925.60,0.00,925.60,14333.20,687.00,0,0,0,0.00,0,F1,120,,,,,
2026-05-11,2026-05-11,FO,NSE,IDO,63492,,MIDCPNIFTY,,2026-07-28,2026-07-28,14450.00,PE,MIDCPNIFTY26JUL14450PE,0.00,0.00,0.00,821.20,0.00,821.20,14333.20,596.50,0,0,0,0.00,0,F1,120,,,,,
2026-05-11,2026-05-11,FO,NSE,IDO,63490,,MIDCPNIFTY,,2026-07-28,2026-07-28,14425.00,PE,MIDCPNIFTY26JUL14425PE,0.00,0.00,0.00,806.85,0.00,806.85,14333.20,584.25,0,0,0,0.00,0,F1,120,,,,,
2026-05-11,2026-05-11,FO,NSE,IDO,63478,,MIDCPNIFTY,,2026-07-28,2026-07-28,14275.00,PE,MIDCPNIFTY26JUL14275PE,0.00,0.00,0.00,723.60,0.00,723.60,14333.20,513.55,0,0,0,0.00,0,F1,120,,,,,
2026-05-11,2026-05-11,FO,NSE,IDO,63412,,MIDCPNIFTY,,2026-07-28,2026-07-28,13500.00,PE,MIDCPNIFTY26JUL13500PE,0.00,0.00,0.00,375.75,0.00,375.75,14333.20,235.80,0,0,0,0.00,0,F1,120,,,,,
2026-05-11,2026-05-11,FO,NSE,IDO,63410,,MIDCPNIFTY,,2026-07-28,2026-07-28,13475.00,PE,MIDCPNIFTY26JUL13475PE,0.00,0.00,0.00,366.85,0.00,366.85,14333.20,229.20,0,0,0,0.00,0,F1,120,,,,,
2026-05-11,2026-05-11,FO,NSE,IDO,63402,,MIDCPNIFTY,,2026-07-28,2026-07-28,13375.00,PE,MIDCPNIFTY26JUL13375PE,0.00,0.00,0.00,332.60,0.00,332.60,14333.20,203.45,0,0,0,0.00,0,F1,120,,,,,
2026-05-11,2026-05-11,FO,NSE,IDO,63396,,MIDCPNIFTY,,2026-07-28,2026-07-28,13300.00,PE,MIDCPNIFTY26JUL13300PE,0.00,0.00,0.00,308.35,0.00,308.35,14333.20,185.85,0,0,0,0.00,0,F1,120,,,,,
2026-05-11,2026-05-11,FO,NSE,IDO,63390,,MIDCPNIFTY,,2026-07-28,2026-07-28,13225.00,PE,MIDCPNIFTY26JUL13225PE,0.00,0.00,0.00,285.35,0.00,285.35,14333.20,169.35,0,0,0,0.00,0,F1,120,,,,,
2026-05-11,2026-05-11,FO,NSE,IDO,40777,,MIDCPNIFTY,,2026-06-30,2026-06-30,15350.00,PE,MIDCPNIFTY26JUN15350PE,0.00,0.00,0.00,2011.90,0.00,2011.90,14333.20,1082.00,0,0,0,0.00,0,F1,120,,,,,
2026-05-11,2026-05-11,FO,NSE,IDO,40775,,MIDCPNIFTY,,2026-06-30,2026-06-30,15325.00,PE,MIDCPNIFTY26JUN15325PE,0.00,0.00,0.00,1990.05,0.00,1990.05,14333.20,1063.15,0,0,0,0.00,0,F1,120,,,,,
2026-05-11,2026-05-11,FO,NSE,IDO,78782,,MIDCPNIFTY,,2026-06-30,2026-06-30,15000.00,PE,MIDCPNIFTY26JUN15000PE,0.00,0.00,0.00,2607.00,0.00,2607.00,14333.20,831.20,0,0,0,0.00,0,F1,120,,,,,
2026-05-11,2026-05-11,FO,NSE,IDO,40735,,MIDCPNIFTY,,2026-06-30,2026-06-30,14950.00,PE,MIDCPNIFTY26JUN14950PE,0.00,0.00,0.00,1671.05,0.00,1671.05,14333.20,798.00,0,0,0,0.00,0,F1,120,,,,,
2026-05-11,2026-05-11,FO,NSE,IDO,35129,,MIDCPNIFTY,,2026-06-30,2026-06-30,14650.00,PE,MIDCPNIFTY26JUN14650PE,0.00,0.00,0.00,2015.75,0.00,2015.75,14333.20,613.60,0,0,0,0.00,0,F1,120,,,,,
2026-05-11,2026-05-11,FO,NSE,IDO,78700,,MIDCPNIFTY,,2026-06-30,2026-06-30,14350.00,PE,MIDCPNIFTY26JUN14350PE,0.00,0.00,0.00,2012.10,0.00,2012.10,14333.20,455.90,0,0,0,0.00,0,F1,120,,,,,
2026-05-11,2026-05-11,FO,NSE,IDO,78684,,MIDCPNIFTY,,2026-06-30,2026-06-30,14300.00,PE,MIDCPNIFTY26JUN14300PE,0.00,0.00,0.00,700.00,700.00,700.00,14333.20,432.30,0,0,0,0.00,0,F1,120,,,,,
2026-05-11,2026-05-11,FO,NSE,IDO,78647,,MIDCPNIFTY,,2026-06-30,2026-06-30,14000.00,PE,MIDCPNIFTY26JUN14000PE,230.90,280.00,229.00,258.45,264.00,195.90,14333.20,258.45,7080,3120,76,130016442.00,66,F1,120,,,,,
2026-05-11,2026-05-11,FO,NSE,IDO,78641,,MIDCPNIFTY,,2026-06-30,2026-06-30,13925.00,PE,MIDCPNIFTY26JUN13925PE,0.00,0.00,0.00,1644.30,0.00,1644.30,14333.20,279.70,0,0,0,0.00,0,F1,120,,,,,
2026-05-11,2026-05-11,FO,NSE,IDO,78619,,MIDCPNIFTY,,2026-06-30,2026-06-30,13650.00,PE,MIDCPNIFTY26JUN13650PE,0.00,0.00,0.00,1419.00,0.00,1419.00,14333.20,195.05,0,0,0,0.00,0,F1,120,,,,,
2026-05-11,2026-05-11,FO,NSE,IDO,78594,,MIDCPNIFTY,,2026-06-30,2026-06-30,13550.00,PE,MIDCPNIFTY26JUN13550PE,0.00,0.00,0.00,1340.05,0.00,1340.05,14333.20,168.80,0,0,0,0.00,0,F1,120,,,,,
2026-05-11,2026-05-11,FO,NSE,IDO,78480,,MIDCPNIFTY,,2026-06-30,2026-06-30,13075.00,PE,MIDCPNIFTY26JUN13075PE,0.00,0.00,0.00,990.30,0.00,990.30,14333.20,79.10,0,0,0,0.00,0,F1,120,,,,,
2026-05-11,2026-05-11,FO,NSE,IDO,78264,,MIDCPNIFTY,,2026-06-30,2026-06-30,12075.00,PE,MIDCPNIFTY26JUN12075PE,0.00,0.00,0.00,427.05,0.00,427.05,14333.20,9.45,0,0,0,0.00,0,F1,120,,,,,
2026-05-11,2026-05-11,FO,NSE,IDO,78187,,MIDCPNIFTY,,2026-06-30,2026-06-30,11825.00,PE,MIDCPNIFTY26JUN11825PE,0.00,0.00,0.00,327.70,0.00,327.70,14333.20,4.85,0,0,0,0.00,0,F1,120,,,,,
2026-05-11,2026-05-11,FO,NSE,IDO,78133,,MIDCPNIFTY,,2026-06-30,2026-06-30,11725.00,PE,MIDCPNIFTY26JUN11725PE,0.00,0.00,0.00,292.65,0.00,292.65,14333.20,3.65,0,0,0,0.00,0,F1,120,,,,,
2026-05-11,2026-05-11,FO,NSE,IDO,78090,,MIDCPNIFTY,,2026-06-30,2026-06-30,11200.00,PE,MIDCPNIFTY26JUN11200PE,0.00,0.00,0.00,150.05,0.00,150.05,14333.20,0.70,0,0,0,0.00,0,F1,120,,,,,
2026-05-11,2026-05-11,FO,NSE,IDO,78075,,MIDCPNIFTY,,2026-06-30,2026-06-30,11050.00,PE,MIDCPNIFTY26JUN11050PE,0.00,0.00,0.00,120.85,0.00,120.85,14333.20,0.45,0,0,0,0.00,0,F1,120,,,,,
2026-05-11,2026-05-11,FO,NSE,IDO,78019,,MIDCPNIFTY,,2026-06-30,2026-06-30,10850.00,PE,MIDCPNIFTY26JUN10850PE,0.00,0.00,0.00,88.80,0.00,88.80,14333.20,0.20,0,0,0,0.00,0,F1,120,,,,,
2026-05-11,2026-05-11,FO,NSE,IDO,35563,,MIDCPNIFTY,,2026-05-26,2026-05-26,15875.00,PE,MIDCPNIFTY26MAY15875PE,0.00,0.00,0.00,2037.20,0.00,2037.20,14333.20,1508.90,0,0,0,0.00,0,F1,120,,,,,
2026-05-11,2026-05-11,FO,NSE,IDO,71186,,MIDCPNIFTY,,2026-05-26,2026-05-26,15575.00,PE,MIDCPNIFTY26MAY15575PE,0.00,0.00,0.00,1951.20,0.00,1951.20,14333.20,1219.10,0,0,0,0.00,0,F1,120,,,,,
2026-05-11,2026-05-11,FO,NSE,IDO,71031,,MIDCPNIFTY,,2026-05-26,2026-05-26,15150.00,PE,MIDCPNIFTY26MAY15150PE,0.00,0.00,0.00,1585.85,0.00,1585.85,14333.20,831.00,0,0,0,0.00,0,F1,120,,,,,
2026-05-11,2026-05-11,FO,NSE,IDO,70959,,MIDCPNIFTY,,2026-05-26,2026-05-26,14475.00,PE,MIDCPNIFTY26MAY14475PE,260.00,337.30,242.80,304.10,312.95,213.90,14333.20,304.10,8280,-3360,158,279952482.00,130,F1,120,,,,,
2026-05-11,2026-05-11,FO,NSE,IDO,70947,,MIDCPNIFTY,,2026-05-26,2026-05-26,14350.00,PE,MIDCPNIFTY26MAY14350PE,200.00,285.00,174.00,250.15,248.00,167.45,14333.20,250.15,95400,75120,6137,10744333986.00,5328,F1,120,,,,,
2026-05-11,2026-05-11,FO,NSE,IDO,70769,,MIDCPNIFTY,,2026-05-26,2026-05-26,13375.00,PE,MIDCPNIFTY26MAY13375PE,37.45,37.45,25.80,33.80,33.85,20.60,14333.20,33.80,3720,1320,12,19306224.00,8,F1,120,,,,,
2026-05-11,2026-05-11,FO,NSE,IDO,70655,,MIDCPNIFTY,,2026-05-26,2026-05-26,13200.00,PE,MIDCPNIFTY26MAY13200PE,21.00,26.55,15.00,22.25,23.00,14.80,14333.20,22.25,178920,-2880,773,1226393172.00,440,F1,120,,,,,
2026-05-11,2026-05-11,FO,NSE,IDO,70495,,MIDCPNIFTY,,2026-05-26,2026-05-26,12175.00,PE,MIDCPNIFTY26MAY12175PE,0.00,0.00,0.00,8.85,8.85,8.85,14333.20,0.10,1920,0,0,0.00,0,F1,120,,,,,
2026-05-11,2026-05-11,FO,NSE,IDO,70154,,MIDCPNIFTY,,2026-05-26,2026-05-26,11225.00,PE,MIDCPNIFTY26MAY11225PE,0.00,0.00,0.00,0.90,0.90,0.90,14333.20,0.00,480,0,0,0.00,0,F1,120,,,,,
2026-05-11,2026-05-11,FO,NSE,IDO,40453,,MIDCPNIFTY,,2026-05-26,2026-05-26,11125.00,PE,MIDCPNIFTY26MAY11125PE,0.00,0.00,0.00,1.55,1.50,1.55,14333.20,0.00,120,0,0,0.00,0,F1,120,,,,,
2026-05-11,2026-05-11,FO,NSE,IDO,43694,,MIDCPNIFTY,,2026-05-26,2026-05-26,11025.00,PE,MIDCPNIFTY26MAY11025PE,0.00,0.00,0.00,0.90,0.90,0.90,14333.20,0.00,720,0,0,0.00,0,F1,120,,,,,
2026-05-11,2026-05-11,FO,NSE,IDO,43683,,MIDCPNIFTY,,2026-05-26,2026-05-26,10850.00,PE,MIDCPNIFTY26MAY10850PE,0.00,0.00,0.00,11.75,0.00,11.75,14333.20,0.00,0,0,0,0.00,0,F1,120,,,,,
2026-05-11,2026-05-11,FO,NSE,IDO,63613,,MIDCPNIFTY,,2026-07-28,2026-07-28,15925.00,CE,MIDCPNIFTY26JUL15925CE,0.00,0.00,0.00,160.85,0.00,160.85,14333.20,192.75,0,0,0,0.00,0,F1,120,,,,,
2026-05-11,2026-05-11,FO,NSE,IDO,63589,,MIDCPNIFTY,,2026-07-28,2026-07-28,15650.00,CE,MIDCPNIFTY26JUL15650CE,0.00,0.00,0.00,207.30,0.00,207.30,14333.20,250.60,0,0,0,0.00,0,F1,120,,,,,
2026-05-11,2026-05-11,FO,NSE,IDO,63565,,MIDCPNIFTY,,2026-07-28,2026-07-28,15350.00,CE,MIDCPNIFTY26JUL15350CE,0.00,0.00,0.00,270.65,0.00,270.65,14333.20,327.50,0,0,0,0.00,0,F1,120,,,,,
2026-05-11,2026-05-11,FO,NSE,IDO,63539,,MIDCPNIFTY,,2026-07-28,2026-07-28,15025.00,CE,MIDCPNIFTY26JUL15025CE,0.00,0.00,0.00,354.80,0.00,354.80,14333.20,431.85,0,0,0,0.00,0,F1,120,,,,,
2026-05-11,2026-05-11,FO,NSE,IDO,63481,,MIDCPNIFTY,,2026-07-28,2026-07-28,14325.00,CE,MIDCPNIFTY26JUL14325CE,0.00,0.00,0.00,607.55,0.00,607.55,14333.20,737.75,0,0,0,0.00,0,F1,120,,,,,
2026-05-11,2026-05-11,FO,NSE,IDO,63469,,MIDCPNIFTY,,2026-07-28,2026-07-28,14175.00,CE,MIDCPNIFTY26JUL14175CE,0.00,0.00,0.00,675.55,0.00,675.55,14333.20,818.75,0,0,0,0.00,0,F1,120,,,,,
2026-05-11,2026-05-11,FO,NSE,IDO,63429,,MIDCPNIFTY,,2026-07-28,2026-07-28,13725.00,CE,MIDCPNIFTY26JUL13725CE,0.00,0.00,0.00,910.60,0.00,910.60,14333.20,1094.55,0,0,0,0.00,0,F1,120,,,,,
2026-05-11,2026-05-11,FO,NSE,IDO,63425,,MIDCPNIFTY,,2026-07-28,2026-07-28,13675.00,CE,MIDCPNIFTY26JUL13675CE,0.00,0.00,0.00,939.60,0.00,939.60,14333.20,1128.15,0,0,0,0.00,0,F1,120,,,,,
2026-05-11,2026-05-11,FO,NSE,IDO,63413,,MIDCPNIFTY,,2026-07-28,2026-07-28,13525.00,CE,MIDCPNIFTY26JUL13525CE,0.00,0.00,0.00,1030.10,0.00,1030.10,14333.20,1233.05,0,0,0,0.00,0,F1,120,,,,,
2026-05-11,2026-05-11,FO,NSE,IDO,63397,,MIDCPNIFTY,,2026-07-28,2026-07-28,13325.00,CE,MIDCPNIFTY26JUL13325CE,0.00,0.00,0.00,1158.75,0.00,1158.75,14333.20,1379.35,0,0,0,0.00,0,F1,120,,,,,
2026-05-11,2026-05-11,FO,NSE,IDO,49281,,MIDCPNIFTY,,2026-06-30,2026-06-30,15650.00,CE,MIDCPNIFTY26JUN15650CE,0.00,0.00,0.00,84.15,0.00,84.15,14333.20,136.65,0,0,0,0.00,0,F1,120,,,,,
2026-05-11,2026-05-11,FO,NSE,IDO,35102,,MIDCPNIFTY,,2026-06-30,2026-06-30,14425.00,CE,MIDCPNIFTY26JUN14425CE,0.00,0.00,0.00,110.30,0.00,110.30,14333.20,525.85,0,0,0,0.00,0,F1,120,,,,,
2026-05-11,2026-05-11,FO,NSE,IDO,78701,,MIDCPNIFTY,,2026-06-30,2026-06-30,14375.00,CE,MIDCPNIFTY26JUN14375CE,0.00,0.00,0.00,75.60,0.00,75.60,14333.20,550.70,0,0,0,0.00,0,F1,120,,,,,
2026-05-11,2026-05-11,FO,NSE,IDO,78614,,MIDCPNIFTY,,2026-06-30,2026-06-30,13600.00,CE,MIDCPNIFTY26JUN13600CE,0.00,0.00,0.00,181.70,0.00,181.70,14333.20,1032.85,0,0,0,0.00,0,F1,120,,,,,
2026-05-11,2026-05-11,FO,NSE,IDO,78532,,MIDCPNIFTY,,2026-06-30,2026-06-30,13375.00,CE,MIDCPNIFTY26JUN13375CE,0.00,0.00,0.00,229.80,0.00,229.80,14333.20,1203.80,0,0,0,0.00,0,F1,120,,,,,
2026-05-11,2026-05-11,FO,NSE,IDO,78475,,MIDCPNIFTY,,2026-06-30,2026-06-30,13025.00,CE,MIDCPNIFTY26JUN13025CE,0.00,0.00,0.00,323.30,0.00,323.30,14333.20,1493.45,0,0,0,0.00,0,F1,120,,,,,
2026-05-11,2026-05-11,FO,NSE,IDO,78305,,MIDCPNIFTY,,2026-06-30,2026-06-30,12525.00,CE,MIDCPNIFTY26JUN12525CE,0.00,0.00,0.00,506.65,0.00,506.65,14333.20,1943.80,0,0,0,0.00,0,F1,120,,,,,
2026-05-11,2026-05-11,FO,NSE,IDO,78244,,MIDCPNIFTY,,2026-06-30,2026-06-30,12000.00,CE,MIDCPNIFTY26JUN12000CE,0.00,0.00,0.00,769.20,0.00,769.20,14333.20,2444.90,0,0,0,0.00,0,F1,120,,,,,
2026-05-11,2026-05-11,FO,NSE,IDO,78238,,MIDCPNIFTY,,2026-06-30,2026-06-30,11925.00,CE,MIDCPNIFTY26JUN11925CE,0.00,0.00,0.00,812.80,0.00,812.80,14333.20,2517.85,0,0,0,0.00,0,F1,120,,,,,
2026-05-11,2026-05-11,FO,NSE,IDO,78125,,MIDCPNIFTY,,2026-06-30,2026-06-30,11650.00,CE,MIDCPNIFTY26JUN11650CE,0.00,0.00,0.00,985.50,0.00,985.50,14333.20,2787.05,0,0,0,0.00,0,F1,120,,,,,
2026-05-11,2026-05-11,FO,NSE,IDO,78123,,MIDCPNIFTY,,2026-06-30,2026-06-30,11625.00,CE,MIDCPNIFTY26JUN11625CE,0.00,0.00,0.00,1002.15,0.00,1002.15,14333.20,2811.60,0,0,0,0.00,0,F1,120,,,,,
2026-05-11,2026-05-11,FO,NSE,IDO,78119,,MIDCPNIFTY,,2026-06-30,2026-06-30,11575.00,CE,MIDCPNIFTY26JUN11575CE,0.00,0.00,0.00,1036.00,0.00,1036.00,14333.20,2860.80,0,0,0,0.00,0,F1,120,,,,,
2026-05-11,2026-05-11,FO,NSE,IDO,78085,,MIDCPNIFTY,,2026-06-30,2026-06-30,11150.00,CE,MIDCPNIFTY26JUN11150CE,0.00,0.00,0.00,1348.30,0.00,1348.30,14333.20,3280.35,0,0,0,0.00,0,F1,120,,,,,
2026-05-11,2026-05-11,FO,NSE,IDO,35562,,MIDCPNIFTY,,2026-05-26,2026-05-26,15875.00,CE,MIDCPNIFTY26MAY15875CE,0.00,0.00,0.00,72.40,0.00,72.40,14333.20,5.60,0,0,0,0.00,0,F1,120,,,,,
2026-05-11,2026-05-11,FO,NSE,IDO,71195,,MIDCPNIFTY,,2026-05-26,2026-05-26,15700.00,CE,MIDCPNIFTY26MAY15700CE,2.20,7.95,2.15,5.65,4.45,69.70,14333.20,5.65,21240,21240,252,474904944.00,147,F1,120,,,,,
2026-05-11,2026-05-11,FO,NSE,IDO,71177,,MIDCPNIFTY,,2026-05-26,2026-05-26,15475.00,CE,MIDCPNIFTY26MAY15475CE,0.00,0.00,0.00,91.75,0.00,91.75,14333.20,20.45,0,0,0,0.00,0,F1,120,,,,,
2026-05-11,2026-05-11,FO,NSE,IDO,71014,,MIDCPNIFTY,,2026-05-26,2026-05-26,15000.00,CE,MIDCPNIFTY26MAY15000CE,60.00,64.95,35.95,43.20,41.45,70.55,14333.20,43.20,606240,44280,12817,23140129614.00,9098,F1,120,,,,,
2026-05-11,2026-05-11,FO,NSE,IDO,70996,,MIDCPNIFTY,,2026-05-26,2026-05-26,14925.00,CE,MIDCPNIFTY26MAY14925CE,55.00,72.00,46.75,54.80,55.60,92.25,14333.20,54.80,20280,4920,226,406306200.00,197,F1,120,,,,,
2026-05-11,2026-05-11,FO,NSE,IDO,70993,,MIDCPNIFTY,,2026-05-26,2026-05-26,14900.00,CE,MIDCPNIFTY26MAY14900CE,76.00,90.00,50.65,60.85,59.00,96.15,14333.20,60.85,170400,-18720,3308,5939644644.00,2772,F1,120,,,,,
2026-05-11,2026-05-11,FO,NSE,IDO,70840,,MIDCPNIFTY,,2026-05-26,2026-05-26,14050.00,CE,MIDCPNIFTY26MAY14050CE,429.10,450.80,429.10,448.80,445.95,610.00,14333.20,448.80,19440,600,10,17395152.00,6,F1,120,,,,,
2026-05-11,2026-05-11,FO,NSE,IDO,70810,,MIDCPNIFTY,,2026-05-26,2026-05-26,13675.00,CE,MIDCPNIFTY26MAY13675CE,0.00,0.00,0.00,480.95,481.75,480.95,14333.20,747.10,1200,0,0,0.00,0,F1,120,,,,,
2026-05-11,2026-05-11,FO,NSE,IDO,70759,,MIDCPNIFTY,,2026-05-26,2026-05-26,13325.00,CE,MIDCPNIFTY26MAY13325CE,0.00,0.00,0.00,750.40,0.00,750.40,14333.20,1058.50,0,0,0,0.00,0,F1,120,,,,,
2026-05-11,2026-05-11,FO,NSE,IDO,70748,,MIDCPNIFTY,,2026-05-26,2026-05-26,13300.00,CE,MIDCPNIFTY26MAY13300CE,0.00,0.00,0.00,1169.00,1169.00,1169.00,14333.20,1081.90,480,0,0,0.00,0,F1,120,,,,,
2026-05-11,2026-05-11,FO,NSE,IDO,70652,,MIDCPNIFTY,,2026-05-26,2026-05-26,13175.00,CE,MIDCPNIFTY26MAY13175CE,0.00,0.00,0.00,838.35,0.00,838.35,14333.20,1200.40,0,0,0,0.00,0,F1,120,,,,,
2026-05-11,2026-05-11,FO,NSE,IDO,70534,,MIDCPNIFTY,,2026-05-26,2026-05-26,12600.00,CE,MIDCPNIFTY26MAY12600CE,0.00,0.00,0.00,1250.00,1250.00,1250.00,14333.20,1764.50,120,0,0,0.00,0,F1,120,,,,,
2026-05-11,2026-05-11,FO,NSE,IDO,70526,,MIDCPNIFTY,,2026-05-26,2026-05-26,12500.00,CE,MIDCPNIFTY26MAY12500CE,1905.45,1979.75,1843.40,1979.75,1979.75,2030.00,14333.20,1863.95,9480,-840,11,19026780.00,11,F1,120,,,,,
2026-05-11,2026-05-11,FO,NSE,IDO,70522,,MIDCPNIFTY,,2026-05-26,2026-05-26,12450.00,CE,MIDCPNIFTY26MAY12450CE,0.00,0.00,0.00,1345.10,0.00,1345.10,14333.20,1913.75,0,0,0,0.00,0,F1,120,,,,,
2026-05-11,2026-05-11,FO,NSE,IDO,70508,,MIDCPNIFTY,,2026-05-26,2026-05-26,12275.00,CE,MIDCPNIFTY26MAY12275CE,0.00,0.00,0.00,1485.35,0.00,1485.35,14333.20,2088.10,0,0,0,0.00,0,F1,120,,,,,
2026-05-11,2026-05-11,FO,NSE,IDO,70309,,MIDCPNIFTY,,2026-05-26,2026-05-26,11475.00,CE,MIDCPNIFTY26MAY11475CE,0.00,0.00,0.00,2189.70,0.00,2189.70,14333.20,2886.05,0,0,0,0.00,0,F1,120,,,,,
2026-05-11,2026-05-11,FO,NSE,IDO,70149,,MIDCPNIFTY,,2026-05-26,2026-05-26,11200.00,CE,MIDCPNIFTY26MAY11200CE,0.00,0.00,0.00,2448.25,0.00,2448.25,14333.20,3160.40,0,0,0,0.00,0,F1,120,,,,,
2026-05-11,2026-05-11,FO,NSE,IDO,40452,,MIDCPNIFTY,,2026-05-26,2026-05-26,11125.00,CE,MIDCPNIFTY26MAY11125CE,0.00,0.00,0.00,2350.45,0.00,2350.45,14333.20,3235.20,0,0,0,0.00,0,F1,120,,,,,
2026-05-11,2026-05-11,FO,NSE,IDO,63630,,MIDCPNIFTY,,2026-07-28,2026-07-28,16100.00,PE,MIDCPNIFTY26JUL16100PE,0.00,0.00,0.00,2028.85,0.00,2028.85,14333.20,1712.10,0,0,0,0.00,0,F1,120,,,,,
2026-05-11,2026-05-11,FO,NSE,IDO,63586,,MIDCPNIFTY,,2026-07-28,2026-07-28,15600.00,PE,MIDCPNIFTY26JUL15600PE,0.00,0.00,0.00,1616.75,0.00,1616.75,14333.20,1318.90,0,0,0,0.00,0,F1,120,,,,,
2026-05-11,2026-05-11,FO,NSE,IDO,63587,,MIDCPNIFTY,,2026-07-28,2026-07-28,15625.00,CE,MIDCPNIFTY26JUL15625CE,0.00,0.00,0.00,212.00,0.00,212.00,14333.20,256.40,0,0,0,0.00,0,F1,120,,,,,
2026-05-11,2026-05-11,FO,NSE,IDO,63593,,MIDCPNIFTY,,2026-07-28,2026-07-28,15700.00,CE,MIDCPNIFTY26JUL15700CE,0.00,0.00,0.00,198.10,0.00,198.10,14333.20,239.30,0,0,0,0.00,0,F1,120,,,,,
2026-05-11,2026-05-11,FO,NSE,IDO,70308,,MIDCPNIFTY,,2026-05-26,2026-05-26,11450.00,PE,MIDCPNIFTY26MAY11450PE,0.00,0.00,0.00,25.75,0.00,25.75,14333.20,0.00,0,0,0,0.00,0,F1,120,,,,,
2026-05-11,2026-05-11,FO,NSE,IDO,70312,,MIDCPNIFTY,,2026-05-26,2026-05-26,11500.00,PE,MIDCPNIFTY26MAY11500PE,2.00,2.40,1.20,1.40,2.05,1.60,14333.20,1.40,149880,-1680,68,93853086.00,36,F1,120,,,,,
2026-05-11,2026-05-11,FO,NSE,IDO,70316,,MIDCPNIFTY,,2026-05-26,2026-05-26,11550.00,PE,MIDCPNIFTY26MAY11550PE,0.00,0.00,0.00,31.40,0.00,31.40,14333.20,0.00,0,0,0,0.00,0,F1,120,,,,,
2026-05-11,2026-05-11,FO,NSE,IDO,70370,,MIDCPNIFTY,,2026-05-26,2026-05-26,11750.00,PE,MIDCPNIFTY26MAY11750PE,0.00,0.00,0.00,9.05,9.05,9.05,14333.20,0.00,2640,0,0,0.00,0,F1,120,,,,,
2026-05-11,2026-05-11,FO,NSE,IDO,70376,,MIDCPNIFTY,,2026-05-26,2026-05-26,11800.00,PE,MIDCPNIFTY26MAY11800PE,3.30,3.30,1.45,1.70,1.45,3.30,14333.20,1.70,1800,-240,24,33990564.00,11,F1,120,,,,,
2026-05-11,2026-05-11,FO,NSE,IDO,70511,,MIDCPNIFTY,,2026-05-26,2026-05-26,12300.00,PE,MIDCPNIFTY26MAY12300PE,2.60,3.95,2.30,3.20,3.15,2.90,14333.20,3.20,212160,0,960,1417326108.00,519,F1,120,,,,,
2026-05-11,2026-05-11,FO,NSE,IDO,70523,,MIDCPNIFTY,,2026-05-26,2026-05-26,12450.00,PE,MIDCPNIFTY26MAY12450PE,0.00,0.00,0.00,4.80,4.80,4.80,14333.20,0.35,2760,0,0,0.00,0,F1,120,,,,,
2026-05-11,2026-05-11,FO,NSE,IDO,70535,,MIDCPNIFTY,,2026-05-26,2026-05-26,12600.00,PE,MIDCPNIFTY26MAY12600PE,4.15,7.35,4.15,5.60,6.00,5.50,14333.20,5.60,33240,-1680,90,136135272.00,39,F1,120,,,,,
2026-05-11,2026-05-11,FO,NSE,IDO,70545,,MIDCPNIFTY,,2026-05-26,2026-05-26,12725.00,PE,MIDCPNIFTY26MAY12725PE,7.85,8.50,7.85,8.40,8.35,8.35,14333.20,8.40,720,360,21,32087508.00,11,F1,120,,,,,
2026-05-11,2026-05-11,FO,NSE,IDO,70637,,MIDCPNIFTY,,2026-05-26,2026-05-26,13000.00,PE,MIDCPNIFTY26MAY13000PE,11.90,17.00,9.80,14.60,14.65,9.55,14333.20,14.60,468720,30240,5612,8763637482.00,2596,F1,120,,,,,
2026-05-11,2026-05-11,FO,NSE,IDO,70653,,MIDCPNIFTY,,2026-05-26,2026-05-26,13175.00,PE,MIDCPNIFTY26MAY13175PE,19.85,24.05,15.05,22.10,22.10,13.95,14333.20,22.10,1200,-240,25,39584976.00,17,F1,120,,,,,
2026-05-11,2026-05-11,FO,NSE,IDO,70765,,MIDCPNIFTY,,2026-05-26,2026-05-26,13350.00,PE,MIDCPNIFTY26MAY13350PE,29.15,35.50,21.95,31.85,31.95,20.25,14333.20,31.85,5160,1560,47,75462426.00,30,F1,120,,,,,
2026-05-11,2026-05-11,FO,NSE,IDO,70791,,MIDCPNIFTY,,2026-05-26,2026-05-26,13425.00,PE,MIDCPNIFTY26MAY13425PE,34.30,41.80,27.15,37.70,37.70,23.60,14333.20,37.70,3360,1440,20,32302848.00,14,F1,120,,,,,
2026-05-11,2026-05-11,FO,NSE,IDO,70815,,MIDCPNIFTY,,2026-05-26,2026-05-26,13725.00,PE,MIDCPNIFTY26MAY13725PE,66.60,81.85,52.25,68.55,71.55,44.10,14333.20,68.55,5040,600,65,107549736.00,52,F1,120,,,,,
2026-05-11,2026-05-11,FO,NSE,IDO,70926,,MIDCPNIFTY,,2026-05-26,2026-05-26,14225.00,PE,MIDCPNIFTY26MAY14225PE,150.00,221.00,149.15,198.15,192.70,130.00,14333.20,198.15,5760,-2520,127,219795426.00,112,F1,120,,,,,
2026-05-11,2026-05-11,FO,NSE,IDO,70943,,MIDCPNIFTY,,2026-05-26,2026-05-26,14300.00,PE,MIDCPNIFTY26MAY14300PE,185.00,261.50,172.30,219.55,225.30,151.25,14333.20,219.55,306240,2280,9573,16677867522.00,8116,F1,120,,,,,
2026-05-11,2026-05-11,FO,NSE,IDO,70969,,MIDCPNIFTY,,2026-05-26,2026-05-26,14600.00,PE,MIDCPNIFTY26MAY14600PE,365.25,420.00,300.00,356.55,381.30,269.30,14333.20,356.55,65520,-24720,972,1744175196.00,711,F1,120,,,,,
2026-05-11,2026-05-11,FO,NSE,IDO,70983,,MIDCPNIFTY,,2026-05-26,2026-05-26,14775.00,PE,MIDCPNIFTY26MAY14775PE,0.00,0.00,0.00,377.85,377.85,377.85,14333.20,531.20,840,0,0,0.00,0,F1,120,,,,,
2026-05-11,2026-05-11,FO,NSE,IDO,70998,,MIDCPNIFTY,,2026-05-26,2026-05-26,14925.00,PE,MIDCPNIFTY26MAY14925PE,0.00,0.00,0.00,1402.55,0.00,1402.55,14333.20,644.75,0,0,0,0.00,0,F1,120,,,,,
2026-05-11,2026-05-11,FO,NSE,IDO,71017,,MIDCPNIFTY,,2026-05-26,2026-05-26,15025.00,PE,MIDCPNIFTY26MAY15025PE,0.00,0.00,0.00,1483.00,0.00,1483.00,14333.20,725.35,0,0,0,0.00,0,F1,120,,,,,
2026-05-11,2026-05-11,FO,NSE,IDO,78276,,MIDCPNIFTY,,2026-06-30,2026-06-30,12200.00,PE,MIDCPNIFTY26JUN12200PE,0.00,0.00,0.00,483.10,0.00,483.10,14333.20,12.90,0,0,0,0.00,0,F1,120,,,,,
2026-05-11,2026-05-11,FO,NSE,IDO,78282,,MIDCPNIFTY,,2026-06-30,2026-06-30,12275.00,PE,MIDCPNIFTY26JUN12275PE,0.00,0.00,0.00,518.80,0.00,518.80,14333.20,15.45,0,0,0,0.00,0,F1,120,,,,,
2026-05-11,2026-05-11,FO,NSE,IDO,78310,,MIDCPNIFTY,,2026-06-30,2026-06-30,12575.00,PE,MIDCPNIFTY26JUN12575PE,0.00,0.00,0.00,676.50,0.00,676.50,14333.20,30.20,0,0,0,0.00,0,F1,120,,,,,
2026-05-11,2026-05-11,FO,NSE,IDO,78316,,MIDCPNIFTY,,2026-06-30,2026-06-30,12650.00,PE,MIDCPNIFTY26JUN12650PE,0.00,0.00,0.00,719.65,0.00,719.65,14333.20,35.30,0,0,0,0.00,0,F1,120,,,,,
2026-05-11,2026-05-11,FO,NSE,IDO,78534,,MIDCPNIFTY,,2026-06-30,2026-06-30,13375.00,PE,MIDCPNIFTY26JUN13375PE,0.00,0.00,0.00,1206.50,0.00,1206.50,14333.20,129.75,0,0,0,0.00,0,F1,120,,,,,
2026-05-11,2026-05-11,FO,NSE,IDO,78623,,MIDCPNIFTY,,2026-06-30,2026-06-30,13700.00,PE,MIDCPNIFTY26JUN13700PE,0.00,0.00,0.00,1459.10,0.00,1459.10,14333.20,208.30,0,0,0,0.00,0,F1,120,,,,,
2026-05-11,2026-05-11,FO,NSE,IDO,78661,,MIDCPNIFTY,,2026-06-30,2026-06-30,14175.00,PE,MIDCPNIFTY26JUN14175PE,0.00,0.00,0.00,1858.10,0.00,1858.10,14333.20,376.65,0,0,0,0.00,0,F1,120,,,,,
2026-05-11,2026-05-11,FO,NSE,IDO,78776,,MIDCPNIFTY,,2026-06-30,2026-06-30,14700.00,PE,MIDCPNIFTY26JUN14700PE,0.00,0.00,0.00,2328.55,0.00,2328.55,14333.20,642.50,0,0,0,0.00,0,F1,120,,,,,
2026-05-11,2026-05-11,FO,NSE,IDO,40737,,MIDCPNIFTY,,2026-06-30,2026-06-30,14975.00,PE,MIDCPNIFTY26JUN14975PE,0.00,0.00,0.00,1691.80,0.00,1691.80,14333.20,814.50,0,0,0,0.00,0,F1,120,,,,,
2026-05-11,2026-05-11,FO,NSE,IDO,40771,,MIDCPNIFTY,,2026-06-30,2026-06-30,15250.00,PE,MIDCPNIFTY26JUN15250PE,0.00,0.00,0.00,1924.90,0.00,1924.90,14333.20,1006.80,0,0,0,0.00,0,F1,120,,,,,
2026-05-11,2026-05-11,FO,NSE,IDO,40779,,MIDCPNIFTY,,2026-06-30,2026-06-30,15375.00,PE,MIDCPNIFTY26JUN15375PE,0.00,0.00,0.00,2033.80,0.00,2033.80,14333.20,1101.05,0,0,0,0.00,0,F1,120,,,,,
2026-05-11,2026-05-11,FO,NSE,IDO,52005,,MIDCPNIFTY,,2026-06-30,2026-06-30,15675.00,PE,MIDCPNIFTY26JUN15675PE,0.00,0.00,0.00,2026.35,0.00,2026.35,14333.20,1338.40,0,0,0,0.00,0,F1,120,,,,,
2026-05-11,2026-05-11,FO,NSE,IDO,78823,,MIDCPNIFTY,,2026-06-30,2026-06-30,15800.00,PE,MIDCPNIFTY26JUN15800PE,0.00,0.00,0.00,3369.70,0.00,3369.70,14333.20,1442.50,0,0,0,0.00,0,F1,120,,,,,
2026-05-11,2026-05-11,FO,NSE,IDO,78829,,MIDCPNIFTY,,2026-06-30,2026-06-30,16000.00,PE,MIDCPNIFTY26JUN16000PE,0.00,0.00,0.00,3563.20,0.00,3563.20,14333.20,1614.30,0,0,0,0.00,0,F1,120,,,,,
2026-05-11,2026-05-11,FO,NSE,IDO,63334,,MIDCPNIFTY,,2026-07-28,2026-07-28,12525.00,PE,MIDCPNIFTY26JUL12525PE,0.00,0.00,0.00,125.80,0.00,125.80,14333.20,63.10,0,0,0,0.00,0,F1,120,,,,,
2026-05-11,2026-05-11,FO,NSE,IDO,63350,,MIDCPNIFTY,,2026-07-28,2026-07-28,12725.00,PE,MIDCPNIFTY26JUL12725PE,0.00,0.00,0.00,162.10,0.00,162.10,14333.20,85.70,0,0,0,0.00,0,F1,120,,,,,
2026-05-11,2026-05-11,FO,NSE,IDO,63358,,MIDCPNIFTY,,2026-07-28,2026-07-28,12825.00,PE,MIDCPNIFTY26JUL12825PE,0.00,0.00,0.00,182.90,0.00,182.90,14333.20,99.10,0,0,0,0.00,0,F1,120,,,,,
2026-05-11,2026-05-11,FO,NSE,IDO,63376,,MIDCPNIFTY,,2026-07-28,2026-07-28,13050.00,PE,MIDCPNIFTY26JUL13050PE,0.00,0.00,0.00,237.15,0.00,237.15,14333.20,135.15,0,0,0,0.00,0,F1,120,,,,,
2026-05-11,2026-05-11,FO,NSE,IDO,63386,,MIDCPNIFTY,,2026-07-28,2026-07-28,13175.00,PE,MIDCPNIFTY26JUL13175PE,0.00,0.00,0.00,271.30,0.00,271.30,14333.20,159.00,0,0,0,0.00,0,F1,120,,,,,
2026-05-11,2026-05-11,FO,NSE,IDO,63392,,MIDCPNIFTY,,2026-07-28,2026-07-28,13250.00,PE,MIDCPNIFTY26JUL13250PE,0.00,0.00,0.00,292.90,0.00,292.90,14333.20,174.75,0,0,0,0.00,0,F1,120,,,,,
2026-05-11,2026-05-11,FO,NSE,IDO,63414,,MIDCPNIFTY,,2026-07-28,2026-07-28,13525.00,PE,MIDCPNIFTY26JUL13525PE,0.00,0.00,0.00,384.80,0.00,384.80,14333.20,242.60,0,0,0,0.00,0,F1,120,,,,,
2026-05-11,2026-05-11,FO,NSE,IDO,63458,,MIDCPNIFTY,,2026-07-28,2026-07-28,14025.00,PE,MIDCPNIFTY26JUL14025PE,0.00,0.00,0.00,596.20,0.00,596.20,14333.20,408.00,0,0,0,0.00,0,F1,120,,,,,
2026-05-11,2026-05-11,FO,NSE,IDO,63464,,MIDCPNIFTY,,2026-07-28,2026-07-28,14100.00,PE,MIDCPNIFTY26JUL14100PE,0.00,0.00,0.00,632.85,0.00,632.85,14333.20,438.05,0,0,0,0.00,0,F1,120,,,,,
2026-05-11,2026-05-11,FO,NSE,IDO,63466,,MIDCPNIFTY,,2026-07-28,2026-07-28,14125.00,PE,MIDCPNIFTY26JUL14125PE,0.00,0.00,0.00,645.40,0.00,645.40,14333.20,448.35,0,0,0,0.00,0,F1,120,,,,,
2026-05-11,2026-05-11,FO,NSE,IDO,63486,,MIDCPNIFTY,,2026-07-28,2026-07-28,14375.00,PE,MIDCPNIFTY26JUL14375PE,0.00,0.00,0.00,778.55,0.00,778.55,14333.20,560.05,0,0,0,0.00,0,F1,120,,,,,
2026-05-11,2026-05-11,FO,NSE,IDO,63508,,MIDCPNIFTY,,2026-07-28,2026-07-28,14650.00,PE,MIDCPNIFTY26JUL14650PE,0.00,0.00,0.00,941.00,0.00,941.00,14333.20,700.55,0,0,0,0.00,0,F1,120,,,,,
2026-05-11,2026-05-11,FO,NSE,IDO,63512,,MIDCPNIFTY,,2026-07-28,2026-07-28,14700.00,PE,MIDCPNIFTY26JUL14700PE,0.00,0.00,0.00,972.30,0.00,972.30,14333.20,728.05,0,0,0,0.00,0,F1,120,,,,,
2026-05-11,2026-05-11,FO,NSE,IDO,63534,,MIDCPNIFTY,,2026-07-28,2026-07-28,14950.00,PE,MIDCPNIFTY26JUL14950PE,0.00,0.00,0.00,1136.35,0.00,1136.35,14333.20,874.45,0,0,0,0.00,0,F1,120,,,,,
2026-05-11,2026-05-11,FO,NSE,IDO,63562,,MIDCPNIFTY,,2026-07-28,2026-07-28,15300.00,PE,MIDCPNIFTY26JUL15300PE,0.00,0.00,0.00,1386.65,0.00,1386.65,14333.20,1102.75,0,0,0,0.00,0,F1,120,,,,,
2026-05-11,2026-05-11,FO,NSE,IDO,63598,,MIDCPNIFTY,,2026-07-28,2026-07-28,15750.00,PE,MIDCPNIFTY26JUL15750PE,0.00,0.00,0.00,1737.00,0.00,1737.00,14333.20,1432.35,0,0,0,0.00,0,F1,120,,,,,
2026-05-11,2026-05-11,FO,NSE,IDO,70532,,MIDCPNIFTY,,2026-05-26,2026-05-26,12575.00,CE,MIDCPNIFTY26MAY12575CE,0.00,0.00,0.00,1248.85,0.00,1248.85,14333.20,1789.35,0,0,0,0.00,0,F1,120,,,,,
2026-05-11,2026-05-11,FO,NSE,IDO,70514,,MIDCPNIFTY,,2026-05-26,2026-05-26,12350.00,CE,MIDCPNIFTY26MAY12350CE,0.00,0.00,0.00,1424.50,0.00,1424.50,14333.20,2013.35,0,0,0,0.00,0,F1,120,,,,,
2026-05-11,2026-05-11,FO,NSE,IDO,70465,,MIDCPNIFTY,,2026-05-26,2026-05-26,12050.00,CE,MIDCPNIFTY26MAY12050CE,0.00,0.00,0.00,1674.00,0.00,1674.00,14333.20,2312.50,0,0,0,0.00,0,F1,120,,,,,
2026-05-11,2026-05-11,FO,NSE,IDO,70461,,MIDCPNIFTY,,2026-05-26,2026-05-26,12025.00,CE,MIDCPNIFTY26MAY12025CE,0.00,0.00,0.00,1695.50,0.00,1695.50,14333.20,2337.40,0,0,0,0.00,0,F1,120,,,,,
2026-05-11,2026-05-11,FO,NSE,IDO,70447,,MIDCPNIFTY,,2026-05-26,2026-05-26,11925.00,CE,MIDCPNIFTY26MAY11925CE,0.00,0.00,0.00,1782.45,0.00,1782.45,14333.20,2437.15,0,0,0,0.00,0,F1,120,,,,,
2026-05-11,2026-05-11,FO,NSE,IDO,70317,,MIDCPNIFTY,,2026-05-26,2026-05-26,11575.00,CE,MIDCPNIFTY26MAY11575CE,0.00,0.00,0.00,2097.25,0.00,2097.25,14333.20,2786.30,0,0,0,0.00,0,F1,120,,,,,
2026-05-11,2026-05-11,FO,NSE,IDO,70237,,MIDCPNIFTY,,2026-05-26,2026-05-26,11250.00,CE,MIDCPNIFTY26MAY11250CE,0.00,0.00,0.00,2400.85,0.00,2400.85,14333.20,3110.50,0,0,0,0.00,0,F1,120,,,,,
2026-05-11,2026-05-11,FO,NSE,IDO,43686,,MIDCPNIFTY,,2026-05-26,2026-05-26,10925.00,CE,MIDCPNIFTY26MAY10925CE,0.00,0.00,0.00,2290.55,0.00,2290.55,14333.20,3434.70,0,0,0,0.00,0,F1,120,,,,,
2026-05-11,2026-05-11,FO,NSE,IDO,70117,,MIDCPNIFTY,,2026-05-26,2026-05-26,10700.00,CE,MIDCPNIFTY26MAY10700CE,0.00,0.00,0.00,2900.00,2900.00,2900.00,14333.20,3659.20,120,0,0,0.00,0,F1,120,,,,,
2026-05-11,2026-05-11,FO,NSE,IDO,63505,,MIDCPNIFTY,,2026-07-28,2026-07-28,14625.00,CE,MIDCPNIFTY26JUL14625CE,0.00,0.00,0.00,486.70,0.00,486.70,14333.20,592.35,0,0,0,0.00,0,F1,120,,,,,
2026-05-11,2026-05-11,FO,NSE,IDO,35122,,MIDCPNIFTY,,2026-06-30,2026-06-30,14575.00,CE,MIDCPNIFTY26JUN14575CE,0.00,0.00,0.00,93.05,0.00,93.05,14333.20,456.00,0,0,0,0.00,0,F1,120,,,,,
2026-05-11,2026-05-11,FO,NSE,IDO,78652,,MIDCPNIFTY,,2026-06-30,2026-06-30,14075.00,CE,MIDCPNIFTY26JUN14075CE,0.00,0.00,0.00,107.55,0.00,107.55,14333.20,715.70,0,0,0,0.00,0,F1,120,,,,,
2026-05-11,2026-05-11,FO,NSE,IDO,78616,,MIDCPNIFTY,,2026-06-30,2026-06-30,13625.00,CE,MIDCPNIFTY26JUN13625CE,0.00,0.00,0.00,176.95,0.00,176.95,14333.20,1014.55,0,0,0,0.00,0,F1,120,,,,,
2026-05-11,2026-05-11,FO,NSE,IDO,78568,,MIDCPNIFTY,,2026-06-30,2026-06-30,13450.00,CE,MIDCPNIFTY26JUN13450CE,0.00,0.00,0.00,212.95,0.00,212.95,14333.20,1145.25,0,0,0,0.00,0,F1,120,,,,,
2026-05-11,2026-05-11,FO,NSE,IDO,78485,,MIDCPNIFTY,,2026-06-30,2026-06-30,13150.00,CE,MIDCPNIFTY26JUN13150CE,0.00,0.00,0.00,286.75,0.00,286.75,14333.20,1387.10,0,0,0,0.00,0,F1,120,,,,,
2026-05-11,2026-05-11,FO,NSE,IDO,78373,,MIDCPNIFTY,,2026-06-30,2026-06-30,12900.00,CE,MIDCPNIFTY26JUN12900CE,0.00,0.00,0.00,363.45,0.00,363.45,14333.20,1602.60,0,0,0,0.00,0,F1,120,,,,,
2026-05-11,2026-05-11,FO,NSE,IDO,78303,,MIDCPNIFTY,,2026-06-30,2026-06-30,12500.00,CE,MIDCPNIFTY26JUN12500CE,0.00,0.00,0.00,517.45,0.00,517.45,14333.20,1967.15,0,0,0,0.00,0,F1,120,,,,,
2026-05-11,2026-05-11,FO,NSE,IDO,78261,,MIDCPNIFTY,,2026-06-30,2026-06-30,12050.00,CE,MIDCPNIFTY26JUN12050CE,0.00,0.00,0.00,740.95,0.00,740.95,14333.20,2396.45,0,0,0,0.00,0,F1,120,,,,,
2026-05-11,2026-05-11,FO,NSE,IDO,78242,,MIDCPNIFTY,,2026-06-30,2026-06-30,11975.00,CE,MIDCPNIFTY26JUN11975CE,0.00,0.00,0.00,783.55,0.00,783.55,14333.20,2469.20,0,0,0,0.00,0,F1,120,,,,,
2026-05-11,2026-05-11,FO,NSE,IDO,78228,,MIDCPNIFTY,,2026-06-30,2026-06-30,11850.00,CE,MIDCPNIFTY26JUN11850CE,0.00,0.00,0.00,857.90,0.00,857.90,14333.20,2591.05,0,0,0,0.00,0,F1,120,,,,,
2026-05-11,2026-05-11,FO,NSE,IDO,78107,,MIDCPNIFTY,,2026-06-30,2026-06-30,11425.00,CE,MIDCPNIFTY26JUN11425CE,0.00,0.00,0.00,1141.90,0.00,1141.90,14333.20,3008.65,0,0,0,0.00,0,F1,120,,,,,
2026-05-11,2026-05-11,FO,NSE,IDO,78103,,MIDCPNIFTY,,2026-06-30,2026-06-30,11375.00,CE,MIDCPNIFTY26JUN11375CE,0.00,0.00,0.00,1178.30,0.00,1178.30,14333.20,3058.00,0,0,0,0.00,0,F1,120,,,,,
2026-05-11,2026-05-11,FO,NSE,IDO,78095,,MIDCPNIFTY,,2026-06-30,2026-06-30,11275.00,CE,MIDCPNIFTY26JUN11275CE,0.00,0.00,0.00,1252.20,0.00,1252.20,14333.20,3156.75,0,0,0,0.00,0,F1,120,,,,,
2026-05-11,2026-05-11,FO,NSE,IDO,54658,,MIDCPNIFTY,,2026-05-26,2026-05-26,15950.00,CE,MIDCPNIFTY26MAY15950CE,0.00,0.00,0.00,6.20,6.20,6.20,14333.20,4.30,120,0,0,0.00,0,F1,120,,,,,
2026-05-11,2026-05-11,FO,NSE,IDO,71223,,MIDCPNIFTY,,2026-05-26,2026-05-26,15900.00,CE,MIDCPNIFTY26MAY15900CE,0.00,0.00,0.00,54.20,0.00,54.20,14333.20,5.15,0,0,0,0.00,0,F1,120,,,,,
2026-05-11,2026-05-11,FO,NSE,IDO,70986,,MIDCPNIFTY,,2026-05-26,2026-05-26,14825.00,CE,MIDCPNIFTY26MAY14825CE,91.50,103.55,69.30,77.00,78.10,122.40,14333.20,77.00,13320,0,154,275482938.00,135,F1,120,,,,,
2026-05-11,2026-05-11,FO,NSE,IDO,70844,,MIDCPNIFTY,,2026-05-26,2026-05-26,14100.00,CE,MIDCPNIFTY26MAY14100CE,438.10,498.30,389.20,425.70,420.00,540.25,14333.20,425.70,90360,-2160,67,116774922.00,57,F1,120,,,,,
2026-05-11,2026-05-11,FO,NSE,IDO,70771,,MIDCPNIFTY,,2026-05-26,2026-05-26,13400.00,CE,MIDCPNIFTY26MAY13400CE,0.00,0.00,0.00,1084.75,1084.75,1084.75,14333.20,989.10,1680,0,0,0.00,0,F1,120,,,,,
2026-05-11,2026-05-11,FO,NSE,IDO,70764,,MIDCPNIFTY,,2026-05-26,2026-05-26,13350.00,CE,MIDCPNIFTY26MAY13350CE,0.00,0.00,0.00,736.35,0.00,736.35,14333.20,1035.25,0,0,0,0.00,0,F1,120,,,,,
2026-05-11,2026-05-11,FO,NSE,IDO,78807,,MIDCPNIFTY,,2026-06-30,2026-06-30,15700.00,CE,MIDCPNIFTY26JUN15700CE,0.00,0.00,0.00,13.25,0.00,13.25,14333.20,128.20,0,0,0,0.00,0,F1,120,,,,,
2026-05-11,2026-05-11,FO,NSE,IDO,52010,,MIDCPNIFTY,,2026-06-30,2026-06-30,15775.00,CE,MIDCPNIFTY26JUN15775CE,0.00,0.00,0.00,82.55,0.00,82.55,14333.20,116.30,0,0,0,0.00,0,F1,120,,,,,
2026-05-11,2026-05-11,FO,NSE,IDO,53811,,MIDCPNIFTY,,2026-06-30,2026-06-30,15875.00,CE,MIDCPNIFTY26JUN15875CE,0.00,0.00,0.00,85.75,0.00,85.75,14333.20,101.90,0,0,0,0.00,0,F1,120,,,,,
2026-05-11,2026-05-11,FO,NSE,IDO,78824,,MIDCPNIFTY,,2026-06-30,2026-06-30,15900.00,CE,MIDCPNIFTY26JUN15900CE,0.00,0.00,0.00,9.95,0.00,9.95,14333.20,98.55,0,0,0,0.00,0,F1,120,,,,,
2026-05-11,2026-05-11,FO,NSE,IDO,78830,,MIDCPNIFTY,,2026-06-30,2026-06-30,16100.00,CE,MIDCPNIFTY26JUN16100CE,0.00,0.00,0.00,7.40,0.00,7.40,14333.20,74.95,0,0,0,0.00,0,F1,120,,,,,
2026-05-11,2026-05-11,FO,NSE,IDO,63351,,MIDCPNIFTY,,2026-07-28,2026-07-28,12750.00,CE,MIDCPNIFTY26JUL12750CE,0.00,0.00,0.00,1576.35,0.00,1576.35,14333.20,1843.95,0,0,0,0.00,0,F1,120,,,,,
2026-05-11,2026-05-11,FO,NSE,IDO,63365,,MIDCPNIFTY,,2026-07-28,2026-07-28,12925.00,CE,MIDCPNIFTY26JUL12925CE,0.00,0.00,0.00,1442.30,0.00,1442.30,14333.20,1696.50,0,0,0,0.00,0,F1,120,,,,,
2026-05-11,2026-05-11,FO,NSE,IDO,63389,,MIDCPNIFTY,,2026-07-28,2026-07-28,13225.00,CE,MIDCPNIFTY26JUL13225CE,0.00,0.00,0.00,1226.40,0.00,1226.40,14333.20,1455.80,0,0,0,0.00,0,F1,120,,,,,
2026-05-11,2026-05-11,FO,NSE,IDO,63437,,MIDCPNIFTY,,2026-07-28,2026-07-28,13825.00,CE,MIDCPNIFTY26JUL13825CE,0.00,0.00,0.00,854.30,0.00,854.30,14333.20,1029.05,0,0,0,0.00,0,F1,120,,,,,
2026-05-11,2026-05-11,FO,NSE,IDO,63475,,MIDCPNIFTY,,2026-07-28,2026-07-28,14250.00,CE,MIDCPNIFTY26JUL14250CE,0.00,0.00,0.00,640.90,0.00,640.90,14333.20,777.55,0,0,0,0.00,0,F1,120,,,,,
2026-05-11,2026-05-11,FO,NSE,IDO,63571,,MIDCPNIFTY,,2026-07-28,2026-07-28,15425.00,CE,MIDCPNIFTY26JUL15425CE,0.00,0.00,0.00,253.70,0.00,253.70,14333.20,306.50,0,0,0,0.00,0,F1,120,,,,,
2026-05-11,2026-05-11,FO,NSE,IDO,70123,,MIDCPNIFTY,,2026-05-26,2026-05-26,11000.00,CE,MIDCPNIFTY26MAY11000CE,3379.75,3379.75,3372.65,3372.65,3372.65,2902.90,14333.20,3359.90,1800,0,2,3450288.00,2,F1,120,,,,,
2026-05-11,2026-05-11,FO,NSE,IDO,70340,,MIDCPNIFTY,,2026-05-26,2026-05-26,11625.00,CE,MIDCPNIFTY26MAY11625CE,0.00,0.00,0.00,2051.40,0.00,2051.40,14333.20,2736.40,0,0,0,0.00,0,F1,120,,,,,
2026-05-11,2026-05-11,FO,NSE,IDO,70618,,MIDCPNIFTY,,2026-05-26,2026-05-26,12875.00,CE,MIDCPNIFTY26MAY12875CE,0.00,0.00,0.00,1032.20,0.00,1032.20,14333.20,1492.30,0,0,0,0.00,0,F1,120,,,,,
2026-05-11,2026-05-11,FO,NSE,IDO,70640,,MIDCPNIFTY,,2026-05-26,2026-05-26,13050.00,CE,MIDCPNIFTY26MAY13050CE,0.00,0.00,0.00,916.25,0.00,916.25,14333.20,1321.05,0,0,0,0.00,0,F1,120,,,,,
2026-05-11,2026-05-11,FO,NSE,IDO,70798,,MIDCPNIFTY,,2026-05-26,2026-05-26,13525.00,CE,MIDCPNIFTY26MAY13525CE,0.00,0.00,0.00,574.05,578.40,574.05,14333.20,876.35,600,0,0,0.00,0,F1,120,,,,,
2026-05-11,2026-05-11,FO,NSE,IDO,70806,,MIDCPNIFTY,,2026-05-26,2026-05-26,13625.00,CE,MIDCPNIFTY26MAY13625CE,0.00,0.00,0.00,498.50,499.30,498.50,14333.20,789.35,1320,0,0,0.00,0,F1,120,,,,,
2026-05-11,2026-05-11,FO,NSE,IDO,70814,,MIDCPNIFTY,,2026-05-26,2026-05-26,13725.00,CE,MIDCPNIFTY26MAY13725CE,0.00,0.00,0.00,896.00,896.00,896.00,14333.20,705.75,2160,0,0,0.00,0,F1,120,,,,,
2026-05-11,2026-05-11,FO,NSE,IDO,70857,,MIDCPNIFTY,,2026-05-26,2026-05-26,14175.00,CE,MIDCPNIFTY26MAY14175CE,0.00,0.00,0.00,486.10,486.10,486.10,14333.20,384.25,5520,0,0,0.00,0,F1,120,,,,,
2026-05-11,2026-05-11,FO,NSE,IDO,70980,,MIDCPNIFTY,,2026-05-26,2026-05-26,14750.00,CE,MIDCPNIFTY26MAY14750CE,105.05,128.00,86.35,95.90,91.05,151.10,14333.20,95.90,29640,-3000,338,602398338.00,296,F1,120,,,,,
2026-05-11,2026-05-11,FO,NSE,IDO,70990,,MIDCPNIFTY,,2026-05-26,2026-05-26,14875.00,CE,MIDCPNIFTY26MAY14875CE,77.35,86.65,58.25,65.05,63.80,104.05,14333.20,65.05,16440,1200,145,260020452.00,125,F1,120,,,,,
2026-05-11,2026-05-11,FO,NSE,IDO,71002,,MIDCPNIFTY,,2026-05-26,2026-05-26,14975.00,CE,MIDCPNIFTY26MAY14975CE,57.05,60.40,44.45,46.00,45.55,162.80,14333.20,46.00,2400,2400,30,54087690.00,26,F1,120,,,,,
2026-05-11,2026-05-11,FO,NSE,IDO,71156,,MIDCPNIFTY,,2026-05-26,2026-05-26,15375.00,CE,MIDCPNIFTY26MAY15375CE,11.00,14.95,10.20,14.95,14.95,103.30,14333.20,14.95,1560,1560,28,51699264.00,25,F1,120,,,,,
2026-05-11,2026-05-11,FO,NSE,IDO,71185,,MIDCPNIFTY,,2026-05-26,2026-05-26,15575.00,CE,MIDCPNIFTY26MAY15575CE,0.00,0.00,0.00,81.30,0.00,81.30,14333.20,15.05,0,0,0,0.00,0,F1,120,,,,,
2026-05-11,2026-05-11,FO,NSE,IDO,78018,,MIDCPNIFTY,,2026-06-30,2026-06-30,10850.00,CE,MIDCPNIFTY26JUN10850CE,0.00,0.00,0.00,1591.90,0.00,1591.90,14333.20,3577.40,0,0,0,0.00,0,F1,120,,,,,
2026-05-11,2026-05-11,FO,NSE,IDO,78263,,MIDCPNIFTY,,2026-06-30,2026-06-30,12075.00,CE,MIDCPNIFTY26JUN12075CE,0.00,0.00,0.00,727.10,0.00,727.10,14333.20,2372.25,0,0,0,0.00,0,F1,120,,,,,
2026-05-11,2026-05-11,FO,NSE,IDO,78289,,MIDCPNIFTY,,2026-06-30,2026-06-30,12375.00,CE,MIDCPNIFTY26JUN12375CE,0.00,0.00,0.00,574.05,0.00,574.05,14333.20,2084.85,0,0,0,0.00,0,F1,120,,,,,
2026-05-11,2026-05-11,FO,NSE,IDO,78301,,MIDCPNIFTY,,2026-06-30,2026-06-30,12475.00,CE,MIDCPNIFTY26JUN12475CE,0.00,0.00,0.00,528.45,0.00,528.45,14333.20,1990.60,0,0,0,0.00,0,F1,120,,,,,
2026-05-11,2026-05-11,FO,NSE,IDO,78309,,MIDCPNIFTY,,2026-06-30,2026-06-30,12575.00,CE,MIDCPNIFTY26JUN12575CE,0.00,0.00,0.00,485.50,0.00,485.50,14333.20,1897.30,0,0,0,0.00,0,F1,120,,,,,
2026-05-11,2026-05-11,FO,NSE,IDO,78315,,MIDCPNIFTY,,2026-06-30,2026-06-30,12650.00,CE,MIDCPNIFTY26JUN12650CE,0.00,0.00,0.00,455.00,0.00,455.00,14333.20,1828.05,0,0,0,0.00,0,F1,120,,,,,
2026-05-11,2026-05-11,FO,NSE,IDO,78541,,MIDCPNIFTY,,2026-06-30,2026-06-30,13425.00,CE,MIDCPNIFTY26JUN13425CE,0.00,0.00,0.00,218.45,0.00,218.45,14333.20,1164.65,0,0,0,0.00,0,F1,120,,,,,
2026-05-11,2026-05-11,FO,NSE,IDO,78634,,MIDCPNIFTY,,2026-06-30,2026-06-30,13850.00,CE,MIDCPNIFTY26JUN13850CE,0.00,0.00,0.00,138.60,0.00,138.60,14333.20,857.45,0,0,0,0.00,0,F1,120,,,,,
2026-05-11,2026-05-11,FO,NSE,IDO,78638,,MIDCPNIFTY,,2026-06-30,2026-06-30,13900.00,CE,MIDCPNIFTY26JUN13900CE,0.00,0.00,0.00,131.10,0.00,131.10,14333.20,824.65,0,0,0,0.00,0,F1,120,,,,,
2026-05-11,2026-05-11,FO,NSE,IDO,78670,,MIDCPNIFTY,,2026-06-30,2026-06-30,14225.00,CE,MIDCPNIFTY26JUN14225CE,0.00,0.00,0.00,90.35,0.00,90.35,14333.20,629.70,0,0,0,0.00,0,F1,120,,,,,
2026-05-11,2026-05-11,FO,NSE,IDO,38722,,MIDCPNIFTY,,2026-06-30,2026-06-30,14725.00,CE,MIDCPNIFTY26JUN14725CE,0.00,0.00,0.00,80.25,0.00,80.25,14333.20,393.00,0,0,0,0.00,0,F1,120,,,,,
2026-05-11,2026-05-11,FO,NSE,IDO,38742,,MIDCPNIFTY,,2026-06-30,2026-06-30,14825.00,CE,MIDCPNIFTY26JUN14825CE,0.00,0.00,0.00,71.10,0.00,71.10,14333.20,354.65,0,0,0,0.00,0,F1,120,,,,,
2026-05-11,2026-05-11,FO,NSE,IDO,41339,,MIDCPNIFTY,,2026-06-30,2026-06-30,14850.00,CE,MIDCPNIFTY26JUN14850CE,0.00,0.00,0.00,70.30,0.00,70.30,14333.20,345.50,0,0,0,0.00,0,F1,120,,,,,
2026-05-11,2026-05-11,FO,NSE,IDO,53807,,MIDCPNIFTY,,2026-06-30,2026-06-30,15825.00,CE,MIDCPNIFTY26JUN15825CE,0.00,0.00,0.00,90.80,0.00,90.80,14333.20,108.90,0,0,0,0.00,0,F1,120,,,,,
2026-05-11,2026-05-11,FO,NSE,IDO,63325,,MIDCPNIFTY,,2026-07-28,2026-07-28,12425.00,CE,MIDCPNIFTY26JUL12425CE,0.00,0.00,0.00,1839.70,0.00,1839.70,14333.20,2129.40,0,0,0,0.00,0,F1,120,,,,,
2026-05-11,2026-05-11,FO,NSE,IDO,63339,,MIDCPNIFTY,,2026-07-28,2026-07-28,12600.00,CE,MIDCPNIFTY26JUL12600CE,0.00,0.00,0.00,1695.65,0.00,1695.65,14333.20,1973.95,0,0,0,0.00,0,F1,120,,,,,
2026-05-11,2026-05-11,FO,NSE,IDO,63345,,MIDCPNIFTY,,2026-07-28,2026-07-28,12675.00,CE,MIDCPNIFTY26JUL12675CE,0.00,0.00,0.00,1635.50,0.00,1635.50,14333.20,1908.55,0,0,0,0.00,0,F1,120,,,,,
2026-05-11,2026-05-11,FO,NSE,IDO,63393,,MIDCPNIFTY,,2026-07-28,2026-07-28,13275.00,CE,MIDCPNIFTY26JUL13275CE,0.00,0.00,0.00,1192.30,0.00,1192.30,14333.20,1417.35,0,0,0,0.00,0,F1,120,,,,,
2026-05-11,2026-05-11,FO,NSE,IDO,63395,,MIDCPNIFTY,,2026-07-28,2026-07-28,13300.00,CE,MIDCPNIFTY26JUL13300CE,0.00,0.00,0.00,1175.45,0.00,1175.45,14333.20,1398.30,0,0,0,0.00,0,F1,120,,,,,
2026-05-11,2026-05-11,FO,NSE,IDO,63417,,MIDCPNIFTY,,2026-07-28,2026-07-28,13575.00,CE,MIDCPNIFTY26JUL13575CE,0.00,0.00,0.00,999.40,0.00,999.40,14333.20,1197.70,0,0,0,0.00,0,F1,120,,,,,
2026-05-11,2026-05-11,FO,NSE,IDO,63423,,MIDCPNIFTY,,2026-07-28,2026-07-28,13650.00,CE,MIDCPNIFTY26JUL13650CE,0.00,0.00,0.00,954.35,0.00,954.35,14333.20,1145.15,0,0,0,0.00,0,F1,120,,,,,
2026-05-11,2026-05-11,FO,NSE,IDO,63424,,MIDCPNIFTY,,2026-07-28,2026-07-28,13650.00,PE,MIDCPNIFTY26JUL13650PE,0.00,0.00,0.00,432.25,0.00,432.25,14333.20,278.00,0,0,0,0.00,0,F1,120,,,,,
2026-05-11,2026-05-11,FO,NSE,IDO,63446,,MIDCPNIFTY,,2026-07-28,2026-07-28,13900.00,PE,MIDCPNIFTY26JUL13900PE,0.00,0.00,0.00,537.90,0.00,537.90,14333.20,360.95,0,0,0,0.00,0,F1,120,,,,,
2026-05-11,2026-05-11,FO,NSE,IDO,63456,,MIDCPNIFTY,,2026-07-28,2026-07-28,14000.00,PE,MIDCPNIFTY26JUL14000PE,0.00,0.00,0.00,584.25,0.00,584.25,14333.20,398.30,0,0,0,0.00,0,F1,120,,,,,
2026-05-11,2026-05-11,FO,NSE,IDO,63514,,MIDCPNIFTY,,2026-07-28,2026-07-28,14725.00,PE,MIDCPNIFTY26JUL14725PE,0.00,0.00,0.00,988.15,0.00,988.15,14333.20,742.05,0,0,0,0.00,0,F1,120,,,,,
2026-05-11,2026-05-11,FO,NSE,IDO,63518,,MIDCPNIFTY,,2026-07-28,2026-07-28,14775.00,PE,MIDCPNIFTY26JUL14775PE,0.00,0.00,0.00,1020.20,0.00,1020.20,14333.20,770.45,0,0,0,0.00,0,F1,120,,,,,
2026-05-11,2026-05-11,FO,NSE,IDO,78763,,MIDCPNIFTY,,2026-06-30,2026-06-30,14500.00,CE,MIDCPNIFTY26JUN14500CE,0.00,0.00,0.00,64.95,0.00,64.95,14333.20,490.05,0,0,0,0.00,0,F1,120,,,,,
2026-05-11,2026-05-11,FO,NSE,IDO,78591,,MIDCPNIFTY,,2026-06-30,2026-06-30,13550.00,CE,MIDCPNIFTY26JUN13550CE,0.00,0.00,0.00,191.50,0.00,191.50,14333.20,1069.35,0,0,0,0.00,0,F1,120,,,,,
2026-05-11,2026-05-11,FO,NSE,IDO,70488,,MIDCPNIFTY,,2026-05-26,2026-05-26,12125.00,PE,MIDCPNIFTY26MAY12125PE,0.00,0.00,0.00,7.85,7.85,7.85,14333.20,0.05,1080,0,0,0.00,0,F1,120,,,,,
2026-05-11,2026-05-11,FO,NSE,IDO,70621,,MIDCPNIFTY,,2026-05-26,2026-05-26,12900.00,PE,MIDCPNIFTY26MAY12900PE,10.85,14.10,8.20,11.35,11.95,7.95,14333.20,11.35,33120,-720,326,505076946.00,233,F1,120,,,,,
2026-05-11,2026-05-11,FO,NSE,IDO,70739,,MIDCPNIFTY,,2026-05-26,2026-05-26,13225.00,PE,MIDCPNIFTY26MAY13225PE,22.15,26.90,17.15,22.95,24.70,15.90,14333.20,22.95,1320,-360,29,46097076.00,17,F1,120,,,,,
2026-05-11,2026-05-11,FO,NSE,IDO,70858,,MIDCPNIFTY,,2026-05-26,2026-05-26,14175.00,PE,MIDCPNIFTY26MAY14175PE,150.00,201.50,140.10,178.55,183.40,117.60,14333.20,178.55,10800,-6120,127,218625438.00,98,F1,120,,,,,
2026-05-11,2026-05-11,FO,NSE,IDO,70823,,MIDCPNIFTY,,2026-05-26,2026-05-26,13825.00,PE,MIDCPNIFTY26MAY13825PE,82.45,102.00,65.10,86.15,92.00,54.75,14333.20,86.15,5520,1200,80,133498662.00,72,F1,120,,,,,
