TradDt,BizDt,Sgmt,Src,FinInstrmTp,FinInstrmId,ISIN,TckrSymb,SctySrs,XpryDt,FininstrmActlXpryDt,StrkPric,OptnTp,FinInstrmNm,OpnPric,HghPric,LwPric,ClsPric,LastPric,PrvsClsgPric,UndrlygPric,SttlmPric,OpnIntrst,ChngInOpnIntrst,TtlTradgVol,TtlTrfVal,TtlNbOfTxsExctd,SsnId,NewBrdLotQty,Rmks,Rsvd1,Rsvd2,Rsvd3,Rsvd4
2026-05-15,2026-05-15,FO,NSE,IDO,78315,,MIDCPNIFTY,,2026-06-30,2026-06-30,12650.00,CE,MIDCPNIFTY26JUN12650CE,0.00,0.00,0.00,455.00,0.00,455.00,14168.90,1661.15,0,0,0,0.00,0,F1,120,,,,,
2026-05-15,2026-05-15,FO,NSE,IDO,78541,,MIDCPNIFTY,,2026-06-30,2026-06-30,13425.00,CE,MIDCPNIFTY26JUN13425CE,0.00,0.00,0.00,218.45,0.00,218.45,14168.90,1014.20,0,0,0,0.00,0,F1,120,,,,,
2026-05-15,2026-05-15,FO,NSE,IDO,78638,,MIDCPNIFTY,,2026-06-30,2026-06-30,13900.00,CE,MIDCPNIFTY26JUN13900CE,0.00,0.00,0.00,131.10,0.00,131.10,14168.90,692.90,0,0,0,0.00,0,F1,120,,,,,
2026-05-15,2026-05-15,FO,NSE,IDO,78670,,MIDCPNIFTY,,2026-06-30,2026-06-30,14225.00,CE,MIDCPNIFTY26JUN14225CE,0.00,0.00,0.00,90.35,0.00,90.35,14168.90,514.00,0,0,0,0.00,0,F1,120,,,,,
2026-05-15,2026-05-15,FO,NSE,IDO,38722,,MIDCPNIFTY,,2026-06-30,2026-06-30,14725.00,CE,MIDCPNIFTY26JUN14725CE,239.65,249.00,200.00,200.00,200.00,80.25,14168.90,200.00,1080,1080,14,25120296.00,9,F1,120,,,,,
2026-05-15,2026-05-15,FO,NSE,IDO,38742,,MIDCPNIFTY,,2026-06-30,2026-06-30,14825.00,CE,MIDCPNIFTY26JUN14825CE,0.00,0.00,0.00,71.10,0.00,71.10,14168.90,271.70,0,0,0,0.00,0,F1,120,,,,,
2026-05-15,2026-05-15,FO,NSE,IDO,41339,,MIDCPNIFTY,,2026-06-30,2026-06-30,14850.00,CE,MIDCPNIFTY26JUN14850CE,0.00,0.00,0.00,70.30,0.00,70.30,14168.90,263.90,0,0,0,0.00,0,F1,120,,,,,
2026-05-15,2026-05-15,FO,NSE,IDO,53807,,MIDCPNIFTY,,2026-06-30,2026-06-30,15825.00,CE,MIDCPNIFTY26JUN15825CE,0.00,0.00,0.00,90.80,0.00,90.80,14168.90,73.10,0,0,0,0.00,0,F1,120,,,,,
2026-05-15,2026-05-15,FO,NSE,IDO,63325,,MIDCPNIFTY,,2026-07-28,2026-07-28,12425.00,CE,MIDCPNIFTY26JUL12425CE,0.00,0.00,0.00,1839.70,0.00,1839.70,14168.90,1965.90,0,0,0,0.00,0,F1,120,,,,,
2026-05-15,2026-05-15,FO,NSE,IDO,63339,,MIDCPNIFTY,,2026-07-28,2026-07-28,12600.00,CE,MIDCPNIFTY26JUL12600CE,0.00,0.00,0.00,1695.65,0.00,1695.65,14168.90,1812.95,0,0,0,0.00,0,F1,120,,,,,
2026-05-15,2026-05-15,FO,NSE,IDO,63345,,MIDCPNIFTY,,2026-07-28,2026-07-28,12675.00,CE,MIDCPNIFTY26JUL12675CE,0.00,0.00,0.00,1635.50,0.00,1635.50,14168.90,1748.75,0,0,0,0.00,0,F1,120,,,,,
2026-05-15,2026-05-15,FO,NSE,IDO,63393,,MIDCPNIFTY,,2026-07-28,2026-07-28,13275.00,CE,MIDCPNIFTY26JUL13275CE,0.00,0.00,0.00,1192.30,0.00,1192.30,14168.90,1271.40,0,0,0,0.00,0,F1,120,,,,,
2026-05-15,2026-05-15,FO,NSE,IDO,63395,,MIDCPNIFTY,,2026-07-28,2026-07-28,13300.00,CE,MIDCPNIFTY26JUL13300CE,0.00,0.00,0.00,1175.45,0.00,1175.45,14168.90,1253.00,0,0,0,0.00,0,F1,120,,,,,
2026-05-15,2026-05-15,FO,NSE,IDO,63417,,MIDCPNIFTY,,2026-07-28,2026-07-28,13575.00,CE,MIDCPNIFTY26JUL13575CE,0.00,0.00,0.00,999.40,0.00,999.40,14168.90,1059.80,0,0,0,0.00,0,F1,120,,,,,
2026-05-15,2026-05-15,FO,NSE,IDO,63423,,MIDCPNIFTY,,2026-07-28,2026-07-28,13650.00,CE,MIDCPNIFTY26JUL13650CE,0.00,0.00,0.00,954.35,0.00,954.35,14168.90,1010.40,0,0,0,0.00,0,F1,120,,,,,
2026-05-15,2026-05-15,FO,NSE,IDO,63457,,MIDCPNIFTY,,2026-07-28,2026-07-28,14025.00,CE,MIDCPNIFTY26JUL14025CE,0.00,0.00,0.00,748.70,0.00,748.70,14168.90,784.35,0,0,0,0.00,0,F1,120,,,,,
2026-05-15,2026-05-15,FO,NSE,IDO,63473,,MIDCPNIFTY,,2026-07-28,2026-07-28,14225.00,CE,MIDCPNIFTY26JUL14225CE,0.00,0.00,0.00,652.30,0.00,652.30,14168.90,678.35,0,0,0,0.00,0,F1,120,,,,,
2026-05-15,2026-05-15,FO,NSE,IDO,63507,,MIDCPNIFTY,,2026-07-28,2026-07-28,14650.00,CE,MIDCPNIFTY26JUL14650CE,0.00,0.00,0.00,477.50,0.00,477.50,14168.90,486.50,0,0,0,0.00,0,F1,120,,,,,
2026-05-15,2026-05-15,FO,NSE,IDO,63509,,MIDCPNIFTY,,2026-07-28,2026-07-28,14675.00,CE,MIDCPNIFTY26JUL14675CE,0.00,0.00,0.00,468.45,0.00,468.45,14168.90,476.60,0,0,0,0.00,0,F1,120,,,,,
2026-05-15,2026-05-15,FO,NSE,IDO,63545,,MIDCPNIFTY,,2026-07-28,2026-07-28,15100.00,CE,MIDCPNIFTY26JUL15100CE,0.00,0.00,0.00,333.55,0.00,333.55,14168.90,330.20,0,0,0,0.00,0,F1,120,,,,,
2026-05-15,2026-05-15,FO,NSE,IDO,63597,,MIDCPNIFTY,,2026-07-28,2026-07-28,15750.00,CE,MIDCPNIFTY26JUL15750CE,0.00,0.00,0.00,189.25,0.00,189.25,14168.90,177.35,0,0,0,0.00,0,F1,120,,,,,
2026-05-15,2026-05-15,FO,NSE,IDO,63619,,MIDCPNIFTY,,2026-07-28,2026-07-28,16000.00,CE,MIDCPNIFTY26JUL16000CE,0.00,0.00,0.00,149.80,0.00,149.80,14168.90,136.90,0,0,0,0.00,0,F1,120,,,,,
2026-05-15,2026-05-15,FO,NSE,IDO,63629,,MIDCPNIFTY,,2026-07-28,2026-07-28,16100.00,CE,MIDCPNIFTY26JUL16100CE,0.00,0.00,0.00,136.10,0.00,136.10,14168.90,123.05,0,0,0,0.00,0,F1,120,,,,,
2026-05-15,2026-05-15,FO,NSE,IDO,70146,,MIDCPNIFTY,,2026-05-26,2026-05-26,11000.00,PE,MIDCPNIFTY26MAY11000PE,1.55,1.90,0.70,1.00,1.90,1.50,14168.90,1.00,11160,-360,17,22442184.00,15,F1,120,,,,,
2026-05-15,2026-05-15,FO,NSE,IDO,70448,,MIDCPNIFTY,,2026-05-26,2026-05-26,11925.00,PE,MIDCPNIFTY26MAY11925PE,0.00,0.00,0.00,2.85,2.85,2.85,14168.90,0.00,840,0,0,0.00,0,F1,120,,,,,
2026-05-15,2026-05-15,FO,NSE,IDO,70460,,MIDCPNIFTY,,2026-05-26,2026-05-26,12000.00,PE,MIDCPNIFTY26MAY12000PE,2.65,3.35,2.05,2.90,3.00,3.05,14168.90,2.90,196920,1080,195,280862664.00,76,F1,120,,,,,
2026-05-15,2026-05-15,FO,NSE,IDO,70543,,MIDCPNIFTY,,2026-05-26,2026-05-26,12700.00,PE,MIDCPNIFTY26MAY12700PE,5.60,7.60,4.70,6.60,6.30,6.60,14168.90,6.60,124320,-11520,322,490970100.00,140,F1,120,,,,,
2026-05-15,2026-05-15,FO,NSE,IDO,70549,,MIDCPNIFTY,,2026-05-26,2026-05-26,12750.00,PE,MIDCPNIFTY26MAY12750PE,7.35,7.50,7.35,7.50,7.50,6.70,14168.90,7.50,6240,-960,11,16839882.00,6,F1,120,,,,,
2026-05-15,2026-05-15,FO,NSE,IDO,70588,,MIDCPNIFTY,,2026-05-26,2026-05-26,12800.00,PE,MIDCPNIFTY26MAY12800PE,6.00,8.90,5.10,7.85,7.80,7.15,14168.90,7.85,202320,1080,450,691611060.00,268,F1,120,,,,,
2026-05-15,2026-05-15,FO,NSE,IDO,70623,,MIDCPNIFTY,,2026-05-26,2026-05-26,12925.00,PE,MIDCPNIFTY26MAY12925PE,8.20,10.90,7.90,10.15,10.15,9.05,14168.90,10.15,1560,120,24,37251516.00,19,F1,120,,,,,
2026-05-15,2026-05-15,FO,NSE,IDO,70635,,MIDCPNIFTY,,2026-05-26,2026-05-26,12975.00,PE,MIDCPNIFTY26MAY12975PE,9.55,12.10,8.90,12.10,12.10,9.85,14168.90,3.35,3720,-120,18,28048380.00,14,F1,120,,,,,
2026-05-15,2026-05-15,FO,NSE,IDO,70651,,MIDCPNIFTY,,2026-05-26,2026-05-26,13150.00,PE,MIDCPNIFTY26MAY13150PE,13.05,17.90,12.25,15.90,15.90,13.55,14168.90,15.90,5280,-480,34,53709810.00,30,F1,120,,,,,
2026-05-15,2026-05-15,FO,NSE,IDO,70801,,MIDCPNIFTY,,2026-05-26,2026-05-26,13550.00,PE,MIDCPNIFTY26MAY13550PE,37.35,49.70,33.20,44.70,46.00,37.40,14168.90,44.70,12480,600,82,133730616.00,73,F1,120,,,,,
2026-05-15,2026-05-15,FO,NSE,IDO,70827,,MIDCPNIFTY,,2026-05-26,2026-05-26,13875.00,PE,MIDCPNIFTY26MAY13875PE,90.20,114.80,81.55,104.25,100.10,85.00,14168.90,104.25,9360,240,57,95558646.00,53,F1,120,,,,,
2026-05-15,2026-05-15,FO,NSE,IDO,70829,,MIDCPNIFTY,,2026-05-26,2026-05-26,13900.00,PE,MIDCPNIFTY26MAY13900PE,92.00,126.75,80.60,112.95,112.10,88.40,14168.90,112.95,127800,5880,2613,4391010882.00,2261,F1,120,,,,,
2026-05-15,2026-05-15,FO,NSE,IDO,70837,,MIDCPNIFTY,,2026-05-26,2026-05-26,14000.00,PE,MIDCPNIFTY26MAY14000PE,110.55,161.20,103.30,143.55,138.80,113.35,14168.90,143.55,965160,133320,13703,23236229088.00,10896,F1,120,,,,,
2026-05-15,2026-05-15,FO,NSE,IDO,70843,,MIDCPNIFTY,,2026-05-26,2026-05-26,14075.00,PE,MIDCPNIFTY26MAY14075PE,146.05,188.90,132.65,171.85,176.85,134.40,14168.90,171.85,7800,-1320,163,278372688.00,153,F1,120,,,,,
2026-05-15,2026-05-15,FO,NSE,IDO,70979,,MIDCPNIFTY,,2026-05-26,2026-05-26,14725.00,PE,MIDCPNIFTY26MAY14725PE,0.00,0.00,0.00,336.40,337.55,336.40,14168.90,594.05,1920,0,0,0.00,0,F1,120,,,,,
2026-05-15,2026-05-15,FO,NSE,IDO,71159,,MIDCPNIFTY,,2026-05-26,2026-05-26,15400.00,PE,MIDCPNIFTY26MAY15400PE,0.00,0.00,0.00,944.10,944.10,944.10,14168.90,1210.10,480,0,0,0.00,0,F1,120,,,,,
2026-05-15,2026-05-15,FO,NSE,IDO,71194,,MIDCPNIFTY,,2026-05-26,2026-05-26,15675.00,PE,MIDCPNIFTY26MAY15675PE,0.00,0.00,0.00,2040.15,0.00,2040.15,14168.90,1480.35,0,0,0,0.00,0,F1,120,,,,,
2026-05-15,2026-05-15,FO,NSE,IDO,35025,,MIDCPNIFTY,,2026-05-26,2026-05-26,15750.00,PE,MIDCPNIFTY26MAY15750PE,0.00,0.00,0.00,2009.50,0.00,2009.50,14168.90,1554.65,0,0,0,0.00,0,F1,120,,,,,
2026-05-15,2026-05-15,FO,NSE,IDO,71198,,MIDCPNIFTY,,2026-05-26,2026-05-26,15800.00,PE,MIDCPNIFTY26MAY15800PE,0.00,0.00,0.00,2152.70,0.00,2152.70,14168.90,1604.25,0,0,0,0.00,0,F1,120,,,,,
2026-05-15,2026-05-15,FO,NSE,IDO,35477,,MIDCPNIFTY,,2026-05-26,2026-05-26,15850.00,PE,MIDCPNIFTY26MAY15850PE,0.00,0.00,0.00,2014.90,0.00,2014.90,14168.90,1653.95,0,0,0,0.00,0,F1,120,,,,,
2026-05-15,2026-05-15,FO,NSE,IDO,78096,,MIDCPNIFTY,,2026-06-30,2026-06-30,11275.00,PE,MIDCPNIFTY26JUN11275PE,0.00,0.00,0.00,166.45,0.00,166.45,14168.90,1.00,0,0,0,0.00,0,F1,120,,,,,
2026-05-15,2026-05-15,FO,NSE,IDO,63620,,MIDCPNIFTY,,2026-07-28,2026-07-28,16000.00,PE,MIDCPNIFTY26JUL16000PE,0.00,0.00,0.00,1943.95,0.00,1943.95,14168.90,1762.35,0,0,0,0.00,0,F1,120,,,,,
2026-05-15,2026-05-15,FO,NSE,IDO,63602,,MIDCPNIFTY,,2026-07-28,2026-07-28,15800.00,PE,MIDCPNIFTY26JUL15800PE,0.00,0.00,0.00,1777.75,0.00,1777.75,14168.90,1596.60,0,0,0,0.00,0,F1,120,,,,,
2026-05-15,2026-05-15,FO,NSE,IDO,63594,,MIDCPNIFTY,,2026-07-28,2026-07-28,15700.00,PE,MIDCPNIFTY26JUL15700PE,0.00,0.00,0.00,1696.55,0.00,1696.55,14168.90,1515.85,0,0,0,0.00,0,F1,120,,,,,
2026-05-15,2026-05-15,FO,NSE,IDO,63584,,MIDCPNIFTY,,2026-07-28,2026-07-28,15575.00,PE,MIDCPNIFTY26JUL15575PE,0.00,0.00,0.00,1597.00,0.00,1597.00,14168.90,1417.15,0,0,0,0.00,0,F1,120,,,,,
2026-05-15,2026-05-15,FO,NSE,IDO,63542,,MIDCPNIFTY,,2026-07-28,2026-07-28,15050.00,PE,MIDCPNIFTY26JUL15050PE,0.00,0.00,0.00,1205.40,0.00,1205.40,14168.90,1033.05,0,0,0,0.00,0,F1,120,,,,,
2026-05-15,2026-05-15,FO,NSE,IDO,63520,,MIDCPNIFTY,,2026-07-28,2026-07-28,14800.00,PE,MIDCPNIFTY26JUL14800PE,0.00,0.00,0.00,1036.40,0.00,1036.40,14168.90,870.20,0,0,0,0.00,0,F1,120,,,,,
2026-05-15,2026-05-15,FO,NSE,IDO,63480,,MIDCPNIFTY,,2026-07-28,2026-07-28,14300.00,PE,MIDCPNIFTY26JUL14300PE,0.00,0.00,0.00,737.10,0.00,737.10,14168.90,588.50,0,0,0,0.00,0,F1,120,,,,,
2026-05-15,2026-05-15,FO,NSE,IDO,63474,,MIDCPNIFTY,,2026-07-28,2026-07-28,14225.00,PE,MIDCPNIFTY26JUL14225PE,0.00,0.00,0.00,696.95,0.00,696.95,14168.90,551.65,0,0,0,0.00,0,F1,120,,,,,
2026-05-15,2026-05-15,FO,NSE,IDO,63440,,MIDCPNIFTY,,2026-07-28,2026-07-28,13850.00,PE,MIDCPNIFTY26JUL13850PE,0.00,0.00,0.00,515.60,0.00,515.60,14168.90,388.55,0,0,0,0.00,0,F1,120,,,,,
2026-05-15,2026-05-15,FO,NSE,IDO,63416,,MIDCPNIFTY,,2026-07-28,2026-07-28,13550.00,PE,MIDCPNIFTY26JUL13550PE,394.00,394.00,394.00,394.00,394.00,394.00,14168.90,283.50,120,120,1,1673280.00,1,F1,120,,,,,
2026-05-15,2026-05-15,FO,NSE,IDO,63336,,MIDCPNIFTY,,2026-07-28,2026-07-28,12550.00,PE,MIDCPNIFTY26JUL12550PE,0.00,0.00,0.00,130.00,0.00,130.00,14168.90,76.00,0,0,0,0.00,0,F1,120,,,,,
2026-05-15,2026-05-15,FO,NSE,IDO,63332,,MIDCPNIFTY,,2026-07-28,2026-07-28,12500.00,PE,MIDCPNIFTY26JUL12500PE,0.00,0.00,0.00,121.75,0.00,121.75,14168.90,70.30,0,0,0,0.00,0,F1,120,,,,,
2026-05-15,2026-05-15,FO,NSE,IDO,63326,,MIDCPNIFTY,,2026-07-28,2026-07-28,12425.00,PE,MIDCPNIFTY26JUL12425PE,0.00,0.00,0.00,110.15,0.00,110.15,14168.90,62.35,0,0,0,0.00,0,F1,120,,,,,
2026-05-15,2026-05-15,FO,NSE,IDO,52007,,MIDCPNIFTY,,2026-06-30,2026-06-30,15725.00,PE,MIDCPNIFTY26JUN15725PE,0.00,0.00,0.00,2070.65,0.00,2070.65,14168.90,1514.75,0,0,0,0.00,0,F1,120,,,,,
2026-05-15,2026-05-15,FO,NSE,IDO,78790,,MIDCPNIFTY,,2026-06-30,2026-06-30,15300.00,PE,MIDCPNIFTY26JUN15300PE,0.00,0.00,0.00,2890.25,0.00,2890.25,14168.90,1160.10,0,0,0,0.00,0,F1,120,,,,,
2026-05-15,2026-05-15,FO,NSE,IDO,78634,,MIDCPNIFTY,,2026-06-30,2026-06-30,13850.00,CE,MIDCPNIFTY26JUN13850CE,0.00,0.00,0.00,138.60,0.00,138.60,14168.90,723.45,0,0,0,0.00,0,F1,120,,,,,
2026-05-15,2026-05-15,FO,NSE,IDO,78237,,MIDCPNIFTY,,2026-06-30,2026-06-30,11900.00,PE,MIDCPNIFTY26JUN11900PE,0.00,0.00,0.00,355.75,0.00,355.75,14168.90,6.75,0,0,0,0.00,0,F1,120,,,,,
2026-05-15,2026-05-15,FO,NSE,IDO,78177,,MIDCPNIFTY,,2026-06-30,2026-06-30,11800.00,PE,MIDCPNIFTY26JUN11800PE,0.00,0.00,0.00,318.70,0.00,318.70,14168.90,5.10,0,0,0,0.00,0,F1,120,,,,,
2026-05-15,2026-05-15,FO,NSE,IDO,78153,,MIDCPNIFTY,,2026-06-30,2026-06-30,11775.00,PE,MIDCPNIFTY26JUN11775PE,0.00,0.00,0.00,309.85,0.00,309.85,14168.90,4.75,0,0,0,0.00,0,F1,120,,,,,
2026-05-15,2026-05-15,FO,NSE,IDO,78088,,MIDCPNIFTY,,2026-06-30,2026-06-30,11175.00,PE,MIDCPNIFTY26JUN11175PE,0.00,0.00,0.00,144.85,0.00,144.85,14168.90,0.70,0,0,0,0.00,0,F1,120,,,,,
2026-05-15,2026-05-15,FO,NSE,IDO,71263,,MIDCPNIFTY,,2026-05-26,2026-05-26,16100.00,PE,MIDCPNIFTY26MAY16100PE,0.00,0.00,0.00,2428.00,0.00,2428.00,14168.90,1902.90,0,0,0,0.00,0,F1,120,,,,,
2026-05-15,2026-05-15,FO,NSE,IDO,70967,,MIDCPNIFTY,,2026-05-26,2026-05-26,14575.00,PE,MIDCPNIFTY26MAY14575PE,401.85,403.70,401.85,403.70,403.70,362.65,14168.90,477.15,5400,0,2,3594666.00,2,F1,120,,,,,
2026-05-15,2026-05-15,FO,NSE,IDO,70955,,MIDCPNIFTY,,2026-05-26,2026-05-26,14425.00,PE,MIDCPNIFTY26MAY14425PE,295.65,358.35,281.40,358.35,358.35,287.45,14168.90,358.35,10440,0,4,7072086.00,4,F1,120,,,,,
2026-05-15,2026-05-15,FO,NSE,IDO,70858,,MIDCPNIFTY,,2026-05-26,2026-05-26,14175.00,PE,MIDCPNIFTY26MAY14175PE,175.65,235.85,154.60,218.75,213.65,171.40,14168.90,218.75,10920,-2160,755,1302663294.00,727,F1,120,,,,,
2026-05-15,2026-05-15,FO,NSE,IDO,70823,,MIDCPNIFTY,,2026-05-26,2026-05-26,13825.00,PE,MIDCPNIFTY26MAY13825PE,79.00,98.00,69.20,93.75,93.75,72.05,14168.90,93.75,7800,120,36,60083448.00,34,F1,120,,,,,
2026-05-15,2026-05-15,FO,NSE,IDO,70805,,MIDCPNIFTY,,2026-05-26,2026-05-26,13600.00,PE,MIDCPNIFTY26MAY13600PE,43.35,59.00,36.95,50.55,49.00,41.30,14168.90,50.55,138480,4680,3393,5555994480.00,2773,F1,120,,,,,
2026-05-15,2026-05-15,FO,NSE,IDO,70803,,MIDCPNIFTY,,2026-05-26,2026-05-26,13575.00,PE,MIDCPNIFTY26MAY13575PE,38.65,55.00,37.25,46.95,47.75,36.85,14168.90,46.95,8040,-600,28,45764868.00,26,F1,120,,,,,
2026-05-15,2026-05-15,FO,NSE,IDO,70795,,MIDCPNIFTY,,2026-05-26,2026-05-26,13475.00,PE,MIDCPNIFTY26MAY13475PE,29.55,40.50,29.40,33.30,37.40,29.50,14168.90,33.30,6840,-840,74,119972832.00,42,F1,120,,,,,
2026-05-15,2026-05-15,FO,NSE,IDO,70761,,MIDCPNIFTY,,2026-05-26,2026-05-26,13325.00,PE,MIDCPNIFTY26MAY13325PE,20.65,28.35,18.90,25.05,25.05,20.35,14168.90,25.05,9000,240,59,94499280.00,33,F1,120,,,,,
2026-05-15,2026-05-15,FO,NSE,IDO,70739,,MIDCPNIFTY,,2026-05-26,2026-05-26,13225.00,PE,MIDCPNIFTY26MAY13225PE,15.50,22.20,14.80,19.50,19.50,15.65,14168.90,19.50,7320,1200,56,88986516.00,34,F1,120,,,,,
2026-05-15,2026-05-15,FO,NSE,IDO,70621,,MIDCPNIFTY,,2026-05-26,2026-05-26,12900.00,PE,MIDCPNIFTY26MAY12900PE,7.25,10.80,7.25,9.25,9.40,8.45,14168.90,9.25,100920,47400,912,1412794668.00,483,F1,120,,,,,
2026-05-15,2026-05-15,FO,NSE,IDO,70488,,MIDCPNIFTY,,2026-05-26,2026-05-26,12125.00,PE,MIDCPNIFTY26MAY12125PE,0.00,0.00,0.00,3.30,3.30,3.30,14168.90,0.05,600,0,0,0.00,0,F1,120,,,,,
2026-05-15,2026-05-15,FO,NSE,IDO,70374,,MIDCPNIFTY,,2026-05-26,2026-05-26,11775.00,PE,MIDCPNIFTY26MAY11775PE,3.65,3.65,3.65,3.65,3.65,3.05,14168.90,0.00,5880,1320,11,15547818.00,1,F1,120,,,,,
2026-05-15,2026-05-15,FO,NSE,IDO,70366,,MIDCPNIFTY,,2026-05-26,2026-05-26,11725.00,PE,MIDCPNIFTY26MAY11725PE,0.00,0.00,0.00,1.90,1.90,1.90,14168.90,0.00,1680,0,0,0.00,0,F1,120,,,,,
2026-05-15,2026-05-15,FO,NSE,IDO,70345,,MIDCPNIFTY,,2026-05-26,2026-05-26,11650.00,PE,MIDCPNIFTY26MAY11650PE,1.45,1.45,1.45,1.45,1.45,1.70,14168.90,0.00,1320,720,6,8389044.00,2,F1,120,,,,,
2026-05-15,2026-05-15,FO,NSE,IDO,70341,,MIDCPNIFTY,,2026-05-26,2026-05-26,11625.00,PE,MIDCPNIFTY26MAY11625PE,0.00,0.00,0.00,1.80,1.80,1.80,14168.90,0.00,1080,0,0,0.00,0,F1,120,,,,,
2026-05-15,2026-05-15,FO,NSE,IDO,70310,,MIDCPNIFTY,,2026-05-26,2026-05-26,11475.00,PE,MIDCPNIFTY26MAY11475PE,0.00,0.00,0.00,27.10,0.00,27.10,14168.90,0.00,0,0,0,0.00,0,F1,120,,,,,
2026-05-15,2026-05-15,FO,NSE,IDO,40457,,MIDCPNIFTY,,2026-05-26,2026-05-26,11175.00,PE,MIDCPNIFTY26MAY11175PE,0.00,0.00,0.00,1.60,1.60,1.60,14168.90,0.00,600,0,0,0.00,0,F1,120,,,,,
2026-05-15,2026-05-15,FO,NSE,IDO,63615,,MIDCPNIFTY,,2026-07-28,2026-07-28,15950.00,CE,MIDCPNIFTY26JUL15950CE,0.00,0.00,0.00,157.10,0.00,157.10,14168.90,144.30,0,0,0,0.00,0,F1,120,,,,,
2026-05-15,2026-05-15,FO,NSE,IDO,63603,,MIDCPNIFTY,,2026-07-28,2026-07-28,15825.00,CE,MIDCPNIFTY26JUL15825CE,0.00,0.00,0.00,176.60,0.00,176.60,14168.90,164.30,0,0,0,0.00,0,F1,120,,,,,
2026-05-15,2026-05-15,FO,NSE,IDO,63581,,MIDCPNIFTY,,2026-07-28,2026-07-28,15550.00,CE,MIDCPNIFTY26JUL15550CE,0.00,0.00,0.00,226.75,0.00,226.75,14168.90,216.45,0,0,0,0.00,0,F1,120,,,,,
2026-05-15,2026-05-15,FO,NSE,IDO,63573,,MIDCPNIFTY,,2026-07-28,2026-07-28,15450.00,CE,MIDCPNIFTY26JUL15450CE,0.00,0.00,0.00,248.25,0.00,248.25,14168.90,239.00,0,0,0,0.00,0,F1,120,,,,,
2026-05-15,2026-05-15,FO,NSE,IDO,63555,,MIDCPNIFTY,,2026-07-28,2026-07-28,15225.00,CE,MIDCPNIFTY26JUL15225CE,0.00,0.00,0.00,300.35,0.00,300.35,14168.90,294.60,0,0,0,0.00,0,F1,120,,,,,
2026-05-15,2026-05-15,FO,NSE,IDO,63547,,MIDCPNIFTY,,2026-07-28,2026-07-28,15125.00,CE,MIDCPNIFTY26JUL15125CE,0.00,0.00,0.00,326.70,0.00,326.70,14168.90,322.85,0,0,0,0.00,0,F1,120,,,,,
2026-05-15,2026-05-15,FO,NSE,IDO,63367,,MIDCPNIFTY,,2026-07-28,2026-07-28,12950.00,CE,MIDCPNIFTY26JUL12950CE,0.00,0.00,0.00,1423.60,0.00,1423.60,14168.90,1521.25,0,0,0,0.00,0,F1,120,,,,,
2026-05-15,2026-05-15,FO,NSE,IDO,63355,,MIDCPNIFTY,,2026-07-28,2026-07-28,12800.00,CE,MIDCPNIFTY26JUL12800CE,0.00,0.00,0.00,1537.45,0.00,1537.45,14168.90,1643.75,0,0,0,0.00,0,F1,120,,,,,
2026-05-15,2026-05-15,FO,NSE,IDO,63343,,MIDCPNIFTY,,2026-07-28,2026-07-28,12650.00,CE,MIDCPNIFTY26JUL12650CE,0.00,0.00,0.00,1655.45,0.00,1655.45,14168.90,1770.05,0,0,0,0.00,0,F1,120,,,,,
2026-05-15,2026-05-15,FO,NSE,IDO,63323,,MIDCPNIFTY,,2026-07-28,2026-07-28,12400.00,CE,MIDCPNIFTY26JUL12400CE,0.00,0.00,0.00,1860.65,0.00,1860.65,14168.90,1988.10,0,0,0,0.00,0,F1,120,,,,,
2026-05-15,2026-05-15,FO,NSE,IDO,53809,,MIDCPNIFTY,,2026-06-30,2026-06-30,15850.00,CE,MIDCPNIFTY26JUN15850CE,0.00,0.00,0.00,88.25,0.00,88.25,14168.90,70.45,0,0,0,0.00,0,F1,120,,,,,
2026-05-15,2026-05-15,FO,NSE,IDO,52008,,MIDCPNIFTY,,2026-06-30,2026-06-30,15750.00,CE,MIDCPNIFTY26JUN15750CE,0.00,0.00,0.00,84.95,0.00,84.95,14168.90,81.55,0,0,0,0.00,0,F1,120,,,,,
2026-05-15,2026-05-15,FO,NSE,IDO,40781,,MIDCPNIFTY,,2026-06-30,2026-06-30,15425.00,CE,MIDCPNIFTY26JUN15425CE,0.00,0.00,0.00,93.15,0.00,93.15,14168.90,128.40,0,0,0,0.00,0,F1,120,,,,,
2026-05-15,2026-05-15,FO,NSE,IDO,40736,,MIDCPNIFTY,,2026-06-30,2026-06-30,14975.00,CE,MIDCPNIFTY26JUN14975CE,0.00,0.00,0.00,150.70,0.00,150.70,14168.90,227.60,0,0,0,0.00,0,F1,120,,,,,
2026-05-15,2026-05-15,FO,NSE,IDO,78777,,MIDCPNIFTY,,2026-06-30,2026-06-30,14800.00,CE,MIDCPNIFTY26JUN14800CE,0.00,0.00,0.00,250.50,250.50,250.50,14168.90,279.65,120,0,0,0.00,0,F1,120,,,,,
2026-05-15,2026-05-15,FO,NSE,IDO,38730,,MIDCPNIFTY,,2026-06-30,2026-06-30,14775.00,CE,MIDCPNIFTY26JUN14775CE,0.00,0.00,0.00,75.55,0.00,75.55,14168.90,287.75,0,0,0,0.00,0,F1,120,,,,,
2026-05-15,2026-05-15,FO,NSE,IDO,78685,,MIDCPNIFTY,,2026-06-30,2026-06-30,14325.00,CE,MIDCPNIFTY26JUN14325CE,0.00,0.00,0.00,80.25,0.00,80.25,14168.90,465.80,0,0,0,0.00,0,F1,120,,,,,
2026-05-15,2026-05-15,FO,NSE,IDO,78682,,MIDCPNIFTY,,2026-06-30,2026-06-30,14300.00,CE,MIDCPNIFTY26JUN14300CE,370.00,370.00,370.00,370.00,370.00,82.65,14168.90,370.00,120,120,1,1760400.00,1,F1,120,,,,,
2026-05-15,2026-05-15,FO,NSE,IDO,78675,,MIDCPNIFTY,,2026-06-30,2026-06-30,14250.00,CE,MIDCPNIFTY26JUN14250CE,0.00,0.00,0.00,87.70,0.00,87.70,14168.90,501.60,0,0,0,0.00,0,F1,120,,,,,
2026-05-15,2026-05-15,FO,NSE,IDO,78654,,MIDCPNIFTY,,2026-06-30,2026-06-30,14100.00,CE,MIDCPNIFTY26JUN14100CE,0.00,0.00,0.00,514.75,514.75,514.75,14168.90,578.75,360,0,0,0.00,0,F1,120,,,,,
2026-05-15,2026-05-15,FO,NSE,IDO,78502,,MIDCPNIFTY,,2026-06-30,2026-06-30,13250.00,CE,MIDCPNIFTY26JUN13250CE,0.00,0.00,0.00,259.90,0.00,259.90,14168.90,1148.70,0,0,0,0.00,0,F1,120,,,,,
2026-05-15,2026-05-15,FO,NSE,IDO,78487,,MIDCPNIFTY,,2026-06-30,2026-06-30,13175.00,CE,MIDCPNIFTY26JUN13175CE,0.00,0.00,0.00,279.80,0.00,279.80,14168.90,1208.65,0,0,0,0.00,0,F1,120,,,,,
2026-05-15,2026-05-15,FO,NSE,IDO,78483,,MIDCPNIFTY,,2026-06-30,2026-06-30,13125.00,CE,MIDCPNIFTY26JUN13125CE,0.00,0.00,0.00,293.75,0.00,293.75,14168.90,1249.40,0,0,0,0.00,0,F1,120,,,,,
2026-05-15,2026-05-15,FO,NSE,IDO,78341,,MIDCPNIFTY,,2026-06-30,2026-06-30,12750.00,CE,MIDCPNIFTY26JUN12750CE,0.00,0.00,0.00,416.50,0.00,416.50,14168.90,1571.20,0,0,0,0.00,0,F1,120,,,,,
2026-05-15,2026-05-15,FO,NSE,IDO,78317,,MIDCPNIFTY,,2026-06-30,2026-06-30,12675.00,CE,MIDCPNIFTY26JUN12675CE,0.00,0.00,0.00,445.10,0.00,445.10,14168.90,1638.50,0,0,0,0.00,0,F1,120,,,,,
2026-05-15,2026-05-15,FO,NSE,IDO,78307,,MIDCPNIFTY,,2026-06-30,2026-06-30,12550.00,CE,MIDCPNIFTY26JUN12550CE,0.00,0.00,0.00,496.00,0.00,496.00,14168.90,1752.55,0,0,0,0.00,0,F1,120,,,,,
2026-05-15,2026-05-15,FO,NSE,IDO,78269,,MIDCPNIFTY,,2026-06-30,2026-06-30,12150.00,CE,MIDCPNIFTY26JUN12150CE,0.00,0.00,0.00,686.60,0.00,686.60,14168.90,2129.25,0,0,0,0.00,0,F1,120,,,,,
2026-05-15,2026-05-15,FO,NSE,IDO,78174,,MIDCPNIFTY,,2026-06-30,2026-06-30,11800.00,CE,MIDCPNIFTY26JUN11800CE,0.00,0.00,0.00,888.80,0.00,888.80,14168.90,2468.50,0,0,0,0.00,0,F1,120,,,,,
2026-05-15,2026-05-15,FO,NSE,IDO,78117,,MIDCPNIFTY,,2026-06-30,2026-06-30,11550.00,CE,MIDCPNIFTY26JUN11550CE,0.00,0.00,0.00,1053.15,0.00,1053.15,14168.90,2713.80,0,0,0,0.00,0,F1,120,,,,,
2026-05-15,2026-05-15,FO,NSE,IDO,78111,,MIDCPNIFTY,,2026-06-30,2026-06-30,11475.00,CE,MIDCPNIFTY26JUN11475CE,0.00,0.00,0.00,1106.15,0.00,1106.15,14168.90,2787.70,0,0,0,0.00,0,F1,120,,,,,
2026-05-15,2026-05-15,FO,NSE,IDO,78109,,MIDCPNIFTY,,2026-06-30,2026-06-30,11450.00,CE,MIDCPNIFTY26JUN11450CE,0.00,0.00,0.00,1123.95,0.00,1123.95,14168.90,2812.35,0,0,0,0.00,0,F1,120,,,,,
2026-05-15,2026-05-15,FO,NSE,IDO,78089,,MIDCPNIFTY,,2026-06-30,2026-06-30,11200.00,CE,MIDCPNIFTY26JUN11200CE,0.00,0.00,0.00,1309.45,0.00,1309.45,14168.90,3059.35,0,0,0,0.00,0,F1,120,,,,,
2026-05-15,2026-05-15,FO,NSE,IDO,78078,,MIDCPNIFTY,,2026-06-30,2026-06-30,11100.00,CE,MIDCPNIFTY26JUN11100CE,0.00,0.00,0.00,1387.65,0.00,1387.65,14168.90,3158.35,0,0,0,0.00,0,F1,120,,,,,
2026-05-15,2026-05-15,FO,NSE,IDO,78068,,MIDCPNIFTY,,2026-06-30,2026-06-30,11025.00,CE,MIDCPNIFTY26JUN11025CE,0.00,0.00,0.00,1447.70,0.00,1447.70,14168.90,3232.60,0,0,0,0.00,0,F1,120,,,,,
2026-05-15,2026-05-15,FO,NSE,IDO,78065,,MIDCPNIFTY,,2026-06-30,2026-06-30,11000.00,CE,MIDCPNIFTY26JUN11000CE,0.00,0.00,0.00,1467.95,0.00,1467.95,14168.90,3257.35,0,0,0,0.00,0,F1,120,,,,,
2026-05-15,2026-05-15,FO,NSE,IDO,35400,,MIDCPNIFTY,,2026-05-26,2026-05-26,15825.00,CE,MIDCPNIFTY26MAY15825CE,0.00,0.00,0.00,77.00,0.00,77.00,14168.90,1.00,0,0,0,0.00,0,F1,120,,,,,
2026-05-15,2026-05-15,FO,NSE,IDO,71175,,MIDCPNIFTY,,2026-05-26,2026-05-26,15450.00,CE,MIDCPNIFTY26MAY15450CE,3.25,3.90,1.60,2.05,2.05,6.10,14168.90,2.05,600,120,27,50066022.00,10,F1,120,,,,,
2026-05-15,2026-05-15,FO,NSE,IDO,71025,,MIDCPNIFTY,,2026-05-26,2026-05-26,15100.00,CE,MIDCPNIFTY26MAY15100CE,11.75,15.45,8.80,9.60,9.80,13.30,14168.90,9.60,203760,-45240,2755,4995551730.00,1816,F1,120,,,,,
2026-05-15,2026-05-15,FO,NSE,IDO,70972,,MIDCPNIFTY,,2026-05-26,2026-05-26,14650.00,CE,MIDCPNIFTY26MAY14650CE,78.55,92.55,46.00,49.95,49.20,78.70,14168.90,49.95,16920,720,266,469665996.00,227,F1,120,,,,,
2026-05-15,2026-05-15,FO,NSE,IDO,70944,,MIDCPNIFTY,,2026-05-26,2026-05-26,14325.00,CE,MIDCPNIFTY26MAY14325CE,205.00,236.15,134.55,141.60,144.60,208.30,14168.90,141.60,14880,5760,837,1458026190.00,768,F1,120,,,,,
2026-05-15,2026-05-15,FO,NSE,IDO,70824,,MIDCPNIFTY,,2026-05-26,2026-05-26,13850.00,CE,MIDCPNIFTY26MAY13850CE,435.35,435.35,405.70,417.30,413.55,397.45,14168.90,417.30,6000,-1200,27,46230522.00,27,F1,120,,,,,
2026-05-15,2026-05-15,FO,NSE,IDO,70822,,MIDCPNIFTY,,2026-05-26,2026-05-26,13825.00,CE,MIDCPNIFTY26MAY13825CE,0.00,0.00,0.00,362.60,362.60,362.60,14168.90,463.20,4920,0,0,0.00,0,F1,120,,,,,
2026-05-15,2026-05-15,FO,NSE,IDO,70808,,MIDCPNIFTY,,2026-05-26,2026-05-26,13650.00,CE,MIDCPNIFTY26MAY13650CE,697.85,697.85,677.55,677.55,677.55,497.45,14168.90,598.65,1680,120,2,3441048.00,2,F1,120,,,,,
2026-05-15,2026-05-15,FO,NSE,IDO,70644,,MIDCPNIFTY,,2026-05-26,2026-05-26,13100.00,CE,MIDCPNIFTY26MAY13100CE,0.00,0.00,0.00,1148.85,1148.85,1148.85,14168.90,1098.30,360,0,0,0.00,0,F1,120,,,,,
2026-05-15,2026-05-15,FO,NSE,IDO,70616,,MIDCPNIFTY,,2026-05-26,2026-05-26,12850.00,CE,MIDCPNIFTY26MAY12850CE,0.00,0.00,0.00,1049.40,0.00,1049.40,14168.90,1343.35,0,0,0,0.00,0,F1,120,,,,,
2026-05-15,2026-05-15,FO,NSE,IDO,70313,,MIDCPNIFTY,,2026-05-26,2026-05-26,11525.00,CE,MIDCPNIFTY26MAY11525CE,0.00,0.00,0.00,2143.35,0.00,2143.35,14168.90,2664.30,0,0,0,0.00,0,F1,120,,,,,
2026-05-15,2026-05-15,FO,NSE,IDO,70311,,MIDCPNIFTY,,2026-05-26,2026-05-26,11500.00,CE,MIDCPNIFTY26MAY11500CE,0.00,0.00,0.00,2430.00,2430.00,2430.00,14168.90,2689.25,240,0,0,0.00,0,F1,120,,,,,
2026-05-15,2026-05-15,FO,NSE,IDO,70245,,MIDCPNIFTY,,2026-05-26,2026-05-26,11325.00,CE,MIDCPNIFTY26MAY11325CE,0.00,0.00,0.00,2330.00,0.00,2330.00,14168.90,2863.95,0,0,0,0.00,0,F1,120,,,,,
2026-05-15,2026-05-15,FO,NSE,IDO,70147,,MIDCPNIFTY,,2026-05-26,2026-05-26,11100.00,CE,MIDCPNIFTY26MAY11100CE,0.00,0.00,0.00,2543.55,0.00,2543.55,14168.90,3088.55,0,0,0,0.00,0,F1,120,,,,,
2026-05-15,2026-05-15,FO,NSE,IDO,43682,,MIDCPNIFTY,,2026-05-26,2026-05-26,10850.00,CE,MIDCPNIFTY26MAY10850CE,0.00,0.00,0.00,2362.05,0.00,2362.05,14168.90,3338.10,0,0,0,0.00,0,F1,120,,,,,
2026-05-15,2026-05-15,FO,NSE,IDO,70119,,MIDCPNIFTY,,2026-05-26,2026-05-26,10800.00,CE,MIDCPNIFTY26MAY10800CE,0.00,0.00,0.00,2832.35,0.00,2832.35,14168.90,3388.00,0,0,0,0.00,0,F1,120,,,,,
2026-05-15,2026-05-15,FO,NSE,IDO,63616,,MIDCPNIFTY,,2026-07-28,2026-07-28,15950.00,PE,MIDCPNIFTY26JUL15950PE,0.00,0.00,0.00,1901.95,0.00,1901.95,14168.90,1720.40,0,0,0,0.00,0,F1,120,,,,,
2026-05-15,2026-05-15,FO,NSE,IDO,63606,,MIDCPNIFTY,,2026-07-28,2026-07-28,15850.00,PE,MIDCPNIFTY26JUL15850PE,0.00,0.00,0.00,1818.85,0.00,1818.85,14168.90,1637.50,0,0,0,0.00,0,F1,120,,,,,
2026-05-15,2026-05-15,FO,NSE,IDO,63564,,MIDCPNIFTY,,2026-07-28,2026-07-28,15325.00,PE,MIDCPNIFTY26JUL15325PE,0.00,0.00,0.00,1405.35,0.00,1405.35,14168.90,1227.55,0,0,0,0.00,0,F1,120,,,,,
2026-05-15,2026-05-15,FO,NSE,IDO,63550,,MIDCPNIFTY,,2026-07-28,2026-07-28,15150.00,PE,MIDCPNIFTY26JUL15150PE,0.00,0.00,0.00,1276.30,0.00,1276.30,14168.90,1102.00,0,0,0,0.00,0,F1,120,,,,,
2026-05-15,2026-05-15,FO,NSE,IDO,63546,,MIDCPNIFTY,,2026-07-28,2026-07-28,15100.00,PE,MIDCPNIFTY26JUL15100PE,0.00,0.00,0.00,1240.60,0.00,1240.60,14168.90,1067.25,0,0,0,0.00,0,F1,120,,,,,
2026-05-15,2026-05-15,FO,NSE,IDO,63526,,MIDCPNIFTY,,2026-07-28,2026-07-28,14875.00,PE,MIDCPNIFTY26JUL14875PE,0.00,0.00,0.00,1085.85,0.00,1085.85,14168.90,917.60,0,0,0,0.00,0,F1,120,,,,,
2026-05-15,2026-05-15,FO,NSE,IDO,63524,,MIDCPNIFTY,,2026-07-28,2026-07-28,14850.00,PE,MIDCPNIFTY26JUL14850PE,0.00,0.00,0.00,1069.25,0.00,1069.25,14168.90,901.65,0,0,0,0.00,0,F1,120,,,,,
2026-05-15,2026-05-15,FO,NSE,IDO,63502,,MIDCPNIFTY,,2026-07-28,2026-07-28,14575.00,PE,MIDCPNIFTY26JUL14575PE,0.00,0.00,0.00,895.10,0.00,895.10,14168.90,735.90,0,0,0,0.00,0,F1,120,,,,,
2026-05-15,2026-05-15,FO,NSE,IDO,63496,,MIDCPNIFTY,,2026-07-28,2026-07-28,14500.00,PE,MIDCPNIFTY26JUL14500PE,0.00,0.00,0.00,850.35,0.00,850.35,14168.90,693.85,0,0,0,0.00,0,F1,120,,,,,
2026-05-15,2026-05-15,FO,NSE,IDO,63482,,MIDCPNIFTY,,2026-07-28,2026-07-28,14325.00,PE,MIDCPNIFTY26JUL14325PE,0.00,0.00,0.00,750.75,0.00,750.75,14168.90,601.10,0,0,0,0.00,0,F1,120,,,,,
2026-05-15,2026-05-15,FO,NSE,IDO,63366,,MIDCPNIFTY,,2026-07-28,2026-07-28,12925.00,PE,MIDCPNIFTY26JUL12925PE,0.00,0.00,0.00,205.60,0.00,205.60,14168.90,131.40,0,0,0,0.00,0,F1,120,,,,,
2026-05-15,2026-05-15,FO,NSE,IDO,63346,,MIDCPNIFTY,,2026-07-28,2026-07-28,12675.00,PE,MIDCPNIFTY26JUL12675PE,0.00,0.00,0.00,152.40,0.00,152.40,14168.90,91.95,0,0,0,0.00,0,F1,120,,,,,
2026-05-15,2026-05-15,FO,NSE,IDO,63344,,MIDCPNIFTY,,2026-07-28,2026-07-28,12650.00,PE,MIDCPNIFTY26JUL12650PE,0.00,0.00,0.00,147.70,0.00,147.70,14168.90,88.55,0,0,0,0.00,0,F1,120,,,,,
2026-05-15,2026-05-15,FO,NSE,IDO,78831,,MIDCPNIFTY,,2026-06-30,2026-06-30,16100.00,PE,MIDCPNIFTY26JUN16100PE,0.00,0.00,0.00,3660.25,0.00,3660.25,14168.90,1850.40,0,0,0,0.00,0,F1,120,,,,,
2026-05-15,2026-05-15,FO,NSE,IDO,78825,,MIDCPNIFTY,,2026-06-30,2026-06-30,15900.00,PE,MIDCPNIFTY26JUN15900PE,0.00,0.00,0.00,3466.35,0.00,3466.35,14168.90,1669.20,0,0,0,0.00,0,F1,120,,,,,
2026-05-15,2026-05-15,FO,NSE,IDO,52011,,MIDCPNIFTY,,2026-06-30,2026-06-30,15775.00,PE,MIDCPNIFTY26JUN15775PE,0.00,0.00,0.00,2115.20,0.00,2115.20,14168.90,1558.45,0,0,0,0.00,0,F1,120,,,,,
2026-05-15,2026-05-15,FO,NSE,IDO,40769,,MIDCPNIFTY,,2026-06-30,2026-06-30,15225.00,PE,MIDCPNIFTY26JUN15225PE,0.00,0.00,0.00,1903.35,0.00,1903.35,14168.90,1101.15,0,0,0,0.00,0,F1,120,,,,,
2026-05-15,2026-05-15,FO,NSE,IDO,63574,,MIDCPNIFTY,,2026-07-28,2026-07-28,15450.00,PE,MIDCPNIFTY26JUL15450PE,0.00,0.00,0.00,1500.30,0.00,1500.30,14168.90,1321.55,0,0,0,0.00,0,F1,120,,,,,
2026-05-15,2026-05-15,FO,NSE,IDO,63516,,MIDCPNIFTY,,2026-07-28,2026-07-28,14750.00,PE,MIDCPNIFTY26JUL14750PE,0.00,0.00,0.00,1004.10,0.00,1004.10,14168.90,839.30,0,0,0,0.00,0,F1,120,,,,,
2026-05-15,2026-05-15,FO,NSE,IDO,63500,,MIDCPNIFTY,,2026-07-28,2026-07-28,14550.00,PE,MIDCPNIFTY26JUL14550PE,0.00,0.00,0.00,880.05,0.00,880.05,14168.90,721.70,0,0,0,0.00,0,F1,120,,,,,
2026-05-15,2026-05-15,FO,NSE,IDO,63462,,MIDCPNIFTY,,2026-07-28,2026-07-28,14075.00,PE,MIDCPNIFTY26JUL14075PE,0.00,0.00,0.00,620.55,0.00,620.55,14168.90,482.10,0,0,0,0.00,0,F1,120,,,,,
2026-05-15,2026-05-15,FO,NSE,IDO,63420,,MIDCPNIFTY,,2026-07-28,2026-07-28,13600.00,PE,MIDCPNIFTY26JUL13600PE,0.00,0.00,0.00,412.85,0.00,412.85,14168.90,299.50,0,0,0,0.00,0,F1,120,,,,,
2026-05-15,2026-05-15,FO,NSE,IDO,63384,,MIDCPNIFTY,,2026-07-28,2026-07-28,13150.00,PE,MIDCPNIFTY26JUL13150PE,0.00,0.00,0.00,264.20,0.00,264.20,14168.90,176.70,0,0,0,0.00,0,F1,120,,,,,
2026-05-15,2026-05-15,FO,NSE,IDO,63378,,MIDCPNIFTY,,2026-07-28,2026-07-28,13075.00,PE,MIDCPNIFTY26JUL13075PE,0.00,0.00,0.00,243.70,0.00,243.70,14168.90,160.50,0,0,0,0.00,0,F1,120,,,,,
2026-05-15,2026-05-15,FO,NSE,IDO,63368,,MIDCPNIFTY,,2026-07-28,2026-07-28,12950.00,PE,MIDCPNIFTY26JUL12950PE,0.00,0.00,0.00,211.55,0.00,211.55,14168.90,135.95,0,0,0,0.00,0,F1,120,,,,,
2026-05-15,2026-05-15,FO,NSE,IDO,63364,,MIDCPNIFTY,,2026-07-28,2026-07-28,12900.00,PE,MIDCPNIFTY26JUL12900PE,0.00,0.00,0.00,199.75,0.00,199.75,14168.90,126.95,0,0,0,0.00,0,F1,120,,,,,
2026-05-15,2026-05-15,FO,NSE,IDO,63352,,MIDCPNIFTY,,2026-07-28,2026-07-28,12750.00,PE,MIDCPNIFTY26JUL12750PE,0.00,0.00,0.00,167.15,0.00,167.15,14168.90,102.65,0,0,0,0.00,0,F1,120,,,,,
2026-05-15,2026-05-15,FO,NSE,IDO,53814,,MIDCPNIFTY,,2026-06-30,2026-06-30,15925.00,PE,MIDCPNIFTY26JUN15925PE,0.00,0.00,0.00,2133.30,0.00,2133.30,14168.90,1691.60,0,0,0,0.00,0,F1,120,,,,,
2026-05-15,2026-05-15,FO,NSE,IDO,53812,,MIDCPNIFTY,,2026-06-30,2026-06-30,15875.00,PE,MIDCPNIFTY26JUN15875PE,0.00,0.00,0.00,2088.65,0.00,2088.65,14168.90,1646.90,0,0,0,0.00,0,F1,120,,,,,
2026-05-15,2026-05-15,FO,NSE,IDO,49284,,MIDCPNIFTY,,2026-06-30,2026-06-30,15650.00,PE,MIDCPNIFTY26JUN15650PE,0.00,0.00,0.00,2116.85,0.00,2116.85,14168.90,1449.90,0,0,0,0.00,0,F1,120,,,,,
2026-05-15,2026-05-15,FO,NSE,IDO,49276,,MIDCPNIFTY,,2026-06-30,2026-06-30,15550.00,PE,MIDCPNIFTY26JUN15550PE,0.00,0.00,0.00,2028.30,0.00,2028.30,14168.90,1364.85,0,0,0,0.00,0,F1,120,,,,,
2026-05-15,2026-05-15,FO,NSE,IDO,78800,,MIDCPNIFTY,,2026-06-30,2026-06-30,15500.00,PE,MIDCPNIFTY26JUN15500PE,0.00,0.00,0.00,3081.10,0.00,3081.10,14168.90,1322.95,0,0,0,0.00,0,F1,120,,,,,
2026-05-15,2026-05-15,FO,NSE,IDO,40753,,MIDCPNIFTY,,2026-06-30,2026-06-30,15150.00,PE,MIDCPNIFTY26JUN15150PE,0.00,0.00,0.00,1839.05,0.00,1839.05,14168.90,1043.95,0,0,0,0.00,0,F1,120,,,,,
2026-05-15,2026-05-15,FO,NSE,IDO,40745,,MIDCPNIFTY,,2026-06-30,2026-06-30,15075.00,PE,MIDCPNIFTY26JUN15075PE,0.00,0.00,0.00,1775.45,0.00,1775.45,14168.90,987.45,0,0,0,0.00,0,F1,120,,,,,
2026-05-15,2026-05-15,FO,NSE,IDO,40741,,MIDCPNIFTY,,2026-06-30,2026-06-30,15050.00,PE,MIDCPNIFTY26JUN15050PE,0.00,0.00,0.00,1754.40,0.00,1754.40,14168.90,968.30,0,0,0,0.00,0,F1,120,,,,,
2026-05-15,2026-05-15,FO,NSE,IDO,41342,,MIDCPNIFTY,,2026-06-30,2026-06-30,14875.00,PE,MIDCPNIFTY26JUN14875PE,0.00,0.00,0.00,2105.85,0.00,2105.85,14168.90,843.30,0,0,0,0.00,0,F1,120,,,,,
2026-05-15,2026-05-15,FO,NSE,IDO,78778,,MIDCPNIFTY,,2026-06-30,2026-06-30,14800.00,PE,MIDCPNIFTY26JUN14800PE,0.00,0.00,0.00,2420.75,0.00,2420.75,14168.90,792.20,0,0,0,0.00,0,F1,120,,,,,
2026-05-15,2026-05-15,FO,NSE,IDO,78772,,MIDCPNIFTY,,2026-06-30,2026-06-30,14500.00,PE,MIDCPNIFTY26JUN14500PE,520.70,552.00,480.00,510.80,496.80,504.70,14168.90,510.80,3240,-240,15,27037650.00,14,F1,120,,,,,
2026-05-15,2026-05-15,FO,NSE,IDO,78663,,MIDCPNIFTY,,2026-06-30,2026-06-30,14200.00,PE,MIDCPNIFTY26JUN14200PE,0.00,0.00,0.00,1879.90,0.00,1879.90,14168.90,443.95,0,0,0,0.00,0,F1,120,,,,,
2026-05-15,2026-05-15,FO,NSE,IDO,78657,,MIDCPNIFTY,,2026-06-30,2026-06-30,14125.00,PE,MIDCPNIFTY26JUN14125PE,0.00,0.00,0.00,1814.75,0.00,1814.75,14168.90,408.40,0,0,0,0.00,0,F1,120,,,,,
2026-05-15,2026-05-15,FO,NSE,IDO,78653,,MIDCPNIFTY,,2026-06-30,2026-06-30,14075.00,PE,MIDCPNIFTY26JUN14075PE,0.00,0.00,0.00,1771.65,0.00,1771.65,14168.90,385.70,0,0,0,0.00,0,F1,120,,,,,
2026-05-15,2026-05-15,FO,NSE,IDO,78538,,MIDCPNIFTY,,2026-06-30,2026-06-30,13400.00,PE,MIDCPNIFTY26JUN13400PE,0.00,0.00,0.00,1225.30,0.00,1225.30,14168.90,156.70,0,0,0,0.00,0,F1,120,,,,,
2026-05-15,2026-05-15,FO,NSE,IDO,78239,,MIDCPNIFTY,,2026-06-30,2026-06-30,11925.00,PE,MIDCPNIFTY26JUN11925PE,0.00,0.00,0.00,365.45,0.00,365.45,14168.90,7.25,0,0,0,0.00,0,F1,120,,,,,
2026-05-15,2026-05-15,FO,NSE,IDO,78124,,MIDCPNIFTY,,2026-06-30,2026-06-30,11625.00,PE,MIDCPNIFTY26JUN11625PE,0.00,0.00,0.00,260.20,0.00,260.20,14168.90,3.05,0,0,0,0.00,0,F1,120,,,,,
2026-05-15,2026-05-15,FO,NSE,IDO,78122,,MIDCPNIFTY,,2026-06-30,2026-06-30,11600.00,PE,MIDCPNIFTY26JUN11600PE,0.00,0.00,0.00,252.45,0.00,252.45,14168.90,2.80,0,0,0,0.00,0,F1,120,,,,,
2026-05-15,2026-05-15,FO,NSE,IDO,78118,,MIDCPNIFTY,,2026-06-30,2026-06-30,11550.00,PE,MIDCPNIFTY26JUN11550PE,0.00,0.00,0.00,237.50,0.00,237.50,14168.90,2.40,0,0,0,0.00,0,F1,120,,,,,
2026-05-15,2026-05-15,FO,NSE,IDO,78112,,MIDCPNIFTY,,2026-06-30,2026-06-30,11475.00,PE,MIDCPNIFTY26JUN11475PE,0.00,0.00,0.00,216.85,0.00,216.85,14168.90,1.90,0,0,0,0.00,0,F1,120,,,,,
2026-05-15,2026-05-15,FO,NSE,IDO,78106,,MIDCPNIFTY,,2026-06-30,2026-06-30,11400.00,PE,MIDCPNIFTY26JUN11400PE,0.00,0.00,0.00,197.05,0.00,197.05,14168.90,1.50,0,0,0,0.00,0,F1,120,,,,,
2026-05-15,2026-05-15,FO,NSE,IDO,78092,,MIDCPNIFTY,,2026-06-30,2026-06-30,11225.00,PE,MIDCPNIFTY26JUN11225PE,0.00,0.00,0.00,155.40,0.00,155.40,14168.90,0.85,0,0,0,0.00,0,F1,120,,,,,
2026-05-15,2026-05-15,FO,NSE,IDO,78086,,MIDCPNIFTY,,2026-06-30,2026-06-30,11150.00,PE,MIDCPNIFTY26JUN11150PE,0.00,0.00,0.00,139.80,0.00,139.80,14168.90,0.65,0,0,0,0.00,0,F1,120,,,,,
2026-05-15,2026-05-15,FO,NSE,IDO,78064,,MIDCPNIFTY,,2026-06-30,2026-06-30,10975.00,PE,MIDCPNIFTY26JUN10975PE,0.00,0.00,0.00,107.95,0.00,107.95,14168.90,0.35,0,0,0,0.00,0,F1,120,,,,,
2026-05-15,2026-05-15,FO,NSE,IDO,71192,,MIDCPNIFTY,,2026-05-26,2026-05-26,15650.00,PE,MIDCPNIFTY26MAY15650PE,0.00,0.00,0.00,2017.80,0.00,2017.80,14168.90,1455.60,0,0,0,0.00,0,F1,120,,,,,
2026-05-15,2026-05-15,FO,NSE,IDO,71102,,MIDCPNIFTY,,2026-05-26,2026-05-26,15275.00,PE,MIDCPNIFTY26MAY15275PE,0.00,0.00,0.00,1690.90,0.00,1690.90,14168.90,1089.20,0,0,0,0.00,0,F1,120,,,,,
2026-05-15,2026-05-15,FO,NSE,IDO,70995,,MIDCPNIFTY,,2026-05-26,2026-05-26,14900.00,PE,MIDCPNIFTY26MAY14900PE,625.15,651.35,625.15,651.35,651.35,606.75,14168.90,742.35,2400,-120,2,3729180.00,2,F1,120,,,,,
2026-05-15,2026-05-15,FO,NSE,IDO,70985,,MIDCPNIFTY,,2026-05-26,2026-05-26,14800.00,PE,MIDCPNIFTY26MAY14800PE,540.90,550.00,522.60,549.50,549.50,548.00,14168.90,656.20,3720,-240,7,12880926.00,7,F1,120,,,,,
2026-05-15,2026-05-15,FO,NSE,IDO,70981,,MIDCPNIFTY,,2026-05-26,2026-05-26,14750.00,PE,MIDCPNIFTY26MAY14750PE,499.00,518.90,499.00,518.90,518.90,503.10,14168.90,614.50,480,-120,2,3662148.00,2,F1,120,,,,,
2026-05-15,2026-05-15,FO,NSE,IDO,70961,,MIDCPNIFTY,,2026-05-26,2026-05-26,14500.00,PE,MIDCPNIFTY26MAY14500PE,338.00,439.00,300.00,409.60,415.00,327.45,14168.90,409.60,279120,40320,1801,3212879274.00,1325,F1,120,,,,,
2026-05-15,2026-05-15,FO,NSE,IDO,70941,,MIDCPNIFTY,,2026-05-26,2026-05-26,14275.00,PE,MIDCPNIFTY26MAY14275PE,212.65,285.00,192.05,266.10,267.55,209.90,14168.90,266.10,11640,2520,1724,3000372690.00,1505,F1,120,,,,,
2026-05-15,2026-05-15,FO,NSE,IDO,70833,,MIDCPNIFTY,,2026-05-26,2026-05-26,13950.00,PE,MIDCPNIFTY26MAY13950PE,108.50,143.85,92.30,124.75,127.05,101.85,14168.90,124.75,16440,-2640,292,492867042.00,242,F1,120,,,,,
2026-05-15,2026-05-15,FO,NSE,IDO,70817,,MIDCPNIFTY,,2026-05-26,2026-05-26,13750.00,PE,MIDCPNIFTY26MAY13750PE,62.00,86.00,55.75,73.50,72.80,62.15,14168.90,73.50,21240,480,186,308451540.00,152,F1,120,,,,,
2026-05-15,2026-05-15,FO,NSE,IDO,70811,,MIDCPNIFTY,,2026-05-26,2026-05-26,13675.00,PE,MIDCPNIFTY26MAY13675PE,54.90,69.55,46.25,64.35,63.30,52.60,14168.90,64.35,6240,480,55,90618156.00,50,F1,120,,,,,
2026-05-15,2026-05-15,FO,NSE,IDO,70787,,MIDCPNIFTY,,2026-05-26,2026-05-26,13400.00,PE,MIDCPNIFTY26MAY13400PE,25.20,35.00,22.00,28.80,28.70,24.35,14168.90,28.80,172080,-11640,1618,2606978562.00,1227,F1,120,,,,,
2026-05-15,2026-05-15,FO,NSE,IDO,70741,,MIDCPNIFTY,,2026-05-26,2026-05-26,13250.00,PE,MIDCPNIFTY26MAY13250PE,16.45,24.20,16.45,20.45,20.15,17.20,14168.90,20.45,17280,-840,47,74837100.00,31,F1,120,,,,,
2026-05-15,2026-05-15,FO,NSE,IDO,70643,,MIDCPNIFTY,,2026-05-26,2026-05-26,13075.00,PE,MIDCPNIFTY26MAY13075PE,11.05,14.95,11.00,13.25,12.50,12.35,14168.90,13.25,3120,120,15,23558100.00,11,F1,120,,,,,
2026-05-15,2026-05-15,FO,NSE,IDO,70639,,MIDCPNIFTY,,2026-05-26,2026-05-26,13025.00,PE,MIDCPNIFTY26MAY13025PE,9.85,13.50,9.75,12.55,12.55,11.25,14168.90,12.55,1200,-120,13,20336712.00,10,F1,120,,,,,
2026-05-15,2026-05-15,FO,NSE,IDO,70615,,MIDCPNIFTY,,2026-05-26,2026-05-26,12825.00,PE,MIDCPNIFTY26MAY12825PE,8.70,9.20,8.70,9.20,9.20,8.15,14168.90,1.50,1200,360,4,6160344.00,4,F1,120,,,,,
2026-05-15,2026-05-15,FO,NSE,IDO,70539,,MIDCPNIFTY,,2026-05-26,2026-05-26,12650.00,PE,MIDCPNIFTY26MAY12650PE,6.25,6.25,6.05,6.05,6.05,5.85,14168.90,0.55,1080,0,2,3037476.00,2,F1,120,,,,,
2026-05-15,2026-05-15,FO,NSE,IDO,70521,,MIDCPNIFTY,,2026-05-26,2026-05-26,12425.00,PE,MIDCPNIFTY26MAY12425PE,0.00,0.00,0.00,4.95,4.95,4.95,14168.90,0.15,480,0,0,0.00,0,F1,120,,,,,
2026-05-15,2026-05-15,FO,NSE,IDO,70519,,MIDCPNIFTY,,2026-05-26,2026-05-26,12400.00,PE,MIDCPNIFTY26MAY12400PE,3.40,4.60,3.15,4.10,3.80,4.05,14168.90,4.10,148320,0,132,196477152.00,96,F1,120,,,,,
2026-05-15,2026-05-15,FO,NSE,IDO,70517,,MIDCPNIFTY,,2026-05-26,2026-05-26,12375.00,PE,MIDCPNIFTY26MAY12375PE,0.00,0.00,0.00,6.50,6.50,6.50,14168.90,0.10,360,0,0,0.00,0,F1,120,,,,,
2026-05-15,2026-05-15,FO,NSE,IDO,70499,,MIDCPNIFTY,,2026-05-26,2026-05-26,12225.00,PE,MIDCPNIFTY26MAY12225PE,3.60,3.60,3.15,3.15,3.15,3.85,14168.90,3.15,960,0,2,2934810.00,2,F1,120,,,,,
2026-05-15,2026-05-15,FO,NSE,IDO,70429,,MIDCPNIFTY,,2026-05-26,2026-05-26,11875.00,PE,MIDCPNIFTY26MAY11875PE,0.00,0.00,0.00,2.65,2.65,2.65,14168.90,0.00,720,0,0,0.00,0,F1,120,,,,,
2026-05-15,2026-05-15,FO,NSE,IDO,70347,,MIDCPNIFTY,,2026-05-26,2026-05-26,11675.00,PE,MIDCPNIFTY26MAY11675PE,0.00,0.00,0.00,1.75,1.75,1.75,14168.90,0.00,5400,0,0,0.00,0,F1,120,,,,,
2026-05-15,2026-05-15,FO,NSE,IDO,70337,,MIDCPNIFTY,,2026-05-26,2026-05-26,11575.00,PE,MIDCPNIFTY26MAY11575PE,0.00,0.00,0.00,33.00,0.00,33.00,14168.90,0.00,0,0,0,0.00,0,F1,120,,,,,
2026-05-15,2026-05-15,FO,NSE,IDO,70238,,MIDCPNIFTY,,2026-05-26,2026-05-26,11250.00,PE,MIDCPNIFTY26MAY11250PE,0.00,0.00,0.00,1.60,1.60,1.60,14168.90,0.00,480,0,0,0.00,0,F1,120,,,,,
2026-05-15,2026-05-15,FO,NSE,IDO,70118,,MIDCPNIFTY,,2026-05-26,2026-05-26,10700.00,PE,MIDCPNIFTY26MAY10700PE,0.55,0.55,0.55,0.55,0.55,0.55,14168.90,0.55,6600,0,3,3852198.00,3,F1,120,,,,,
2026-05-15,2026-05-15,FO,NSE,IDO,63561,,MIDCPNIFTY,,2026-07-28,2026-07-28,15300.00,CE,MIDCPNIFTY26JUL15300CE,0.00,0.00,0.00,282.45,0.00,282.45,14168.90,274.75,0,0,0,0.00,0,F1,120,,,,,
2026-05-15,2026-05-15,FO,NSE,IDO,63559,,MIDCPNIFTY,,2026-07-28,2026-07-28,15275.00,CE,MIDCPNIFTY26JUL15275CE,0.00,0.00,0.00,288.50,0.00,288.50,14168.90,281.25,0,0,0,0.00,0,F1,120,,,,,
2026-05-15,2026-05-15,FO,NSE,IDO,63537,,MIDCPNIFTY,,2026-07-28,2026-07-28,15000.00,CE,MIDCPNIFTY26JUL15000CE,0.00,0.00,0.00,362.15,0.00,362.15,14168.90,361.05,0,0,0,0.00,0,F1,120,,,,,
2026-05-15,2026-05-15,FO,NSE,IDO,63533,,MIDCPNIFTY,,2026-07-28,2026-07-28,14950.00,CE,MIDCPNIFTY26JUL14950CE,0.00,0.00,0.00,377.15,0.00,377.15,14168.90,377.25,0,0,0,0.00,0,F1,120,,,,,
2026-05-15,2026-05-15,FO,NSE,IDO,63519,,MIDCPNIFTY,,2026-07-28,2026-07-28,14800.00,CE,MIDCPNIFTY26JUL14800CE,0.00,0.00,0.00,425.05,0.00,425.05,14168.90,429.30,0,0,0,0.00,0,F1,120,,,,,
2026-05-15,2026-05-15,FO,NSE,IDO,63517,,MIDCPNIFTY,,2026-07-28,2026-07-28,14775.00,CE,MIDCPNIFTY26JUL14775CE,0.00,0.00,0.00,433.45,0.00,433.45,14168.90,438.45,0,0,0,0.00,0,F1,120,,,,,
2026-05-15,2026-05-15,FO,NSE,IDO,63489,,MIDCPNIFTY,,2026-07-28,2026-07-28,14425.00,CE,MIDCPNIFTY26JUL14425CE,0.00,0.00,0.00,565.10,0.00,565.10,14168.90,582.45,0,0,0,0.00,0,F1,120,,,,,
2026-05-15,2026-05-15,FO,NSE,IDO,63487,,MIDCPNIFTY,,2026-07-28,2026-07-28,14400.00,CE,MIDCPNIFTY26JUL14400CE,0.00,0.00,0.00,575.50,0.00,575.50,14168.90,593.85,0,0,0,0.00,0,F1,120,,,,,
2026-05-15,2026-05-15,FO,NSE,IDO,63485,,MIDCPNIFTY,,2026-07-28,2026-07-28,14375.00,CE,MIDCPNIFTY26JUL14375CE,0.00,0.00,0.00,586.05,0.00,586.05,14168.90,605.45,0,0,0,0.00,0,F1,120,,,,,
2026-05-15,2026-05-15,FO,NSE,IDO,63455,,MIDCPNIFTY,,2026-07-28,2026-07-28,14000.00,CE,MIDCPNIFTY26JUL14000CE,0.00,0.00,0.00,761.40,0.00,761.40,14168.90,798.35,0,0,0,0.00,0,F1,120,,,,,
2026-05-15,2026-05-15,FO,NSE,IDO,63433,,MIDCPNIFTY,,2026-07-28,2026-07-28,13775.00,CE,MIDCPNIFTY26JUL13775CE,0.00,0.00,0.00,882.15,0.00,882.15,14168.90,931.15,0,0,0,0.00,0,F1,120,,,,,
2026-05-15,2026-05-15,FO,NSE,IDO,63415,,MIDCPNIFTY,,2026-07-28,2026-07-28,13550.00,CE,MIDCPNIFTY26JUL13550CE,0.00,0.00,0.00,1014.70,0.00,1014.70,14168.90,1076.55,0,0,0,0.00,0,F1,120,,,,,
2026-05-15,2026-05-15,FO,NSE,IDO,63385,,MIDCPNIFTY,,2026-07-28,2026-07-28,13175.00,CE,MIDCPNIFTY26JUL13175CE,0.00,0.00,0.00,1261.60,0.00,1261.60,14168.90,1345.60,0,0,0,0.00,0,F1,120,,,,,
2026-05-15,2026-05-15,FO,NSE,IDO,63363,,MIDCPNIFTY,,2026-07-28,2026-07-28,12900.00,CE,MIDCPNIFTY26JUL12900CE,0.00,0.00,0.00,1461.10,0.00,1461.10,14168.90,1561.65,0,0,0,0.00,0,F1,120,,,,,
2026-05-15,2026-05-15,FO,NSE,IDO,63357,,MIDCPNIFTY,,2026-07-28,2026-07-28,12825.00,CE,MIDCPNIFTY26JUL12825CE,0.00,0.00,0.00,1518.20,0.00,1518.20,14168.90,1623.05,0,0,0,0.00,0,F1,120,,,,,
2026-05-15,2026-05-15,FO,NSE,IDO,63335,,MIDCPNIFTY,,2026-07-28,2026-07-28,12550.00,CE,MIDCPNIFTY26JUL12550CE,0.00,0.00,0.00,1736.30,0.00,1736.30,14168.90,1856.20,0,0,0,0.00,0,F1,120,,,,,
2026-05-15,2026-05-15,FO,NSE,IDO,63327,,MIDCPNIFTY,,2026-07-28,2026-07-28,12450.00,CE,MIDCPNIFTY26JUL12450CE,0.00,0.00,0.00,1818.80,0.00,1818.80,14168.90,1943.80,0,0,0,0.00,0,F1,120,,,,,
2026-05-15,2026-05-15,FO,NSE,IDO,49279,,MIDCPNIFTY,,2026-06-30,2026-06-30,15625.00,CE,MIDCPNIFTY26JUN15625CE,0.00,0.00,0.00,86.60,0.00,86.60,14168.90,97.50,0,0,0,0.00,0,F1,120,,,,,
2026-05-15,2026-05-15,FO,NSE,IDO,78791,,MIDCPNIFTY,,2026-06-30,2026-06-30,15400.00,CE,MIDCPNIFTY26JUN15400CE,0.00,0.00,0.00,20.10,0.00,20.10,14168.90,132.80,0,0,0,0.00,0,F1,120,,,,,
2026-05-15,2026-05-15,FO,NSE,IDO,78779,,MIDCPNIFTY,,2026-06-30,2026-06-30,14900.00,CE,MIDCPNIFTY26JUN14900CE,0.00,0.00,0.00,39.25,0.00,39.25,14168.90,248.90,0,0,0,0.00,0,F1,120,,,,,
2026-05-15,2026-05-15,FO,NSE,IDO,35128,,MIDCPNIFTY,,2026-06-30,2026-06-30,14650.00,CE,MIDCPNIFTY26JUN14650CE,0.00,0.00,0.00,85.35,0.00,85.35,14168.90,331.05,0,0,0,0.00,0,F1,120,,,,,
2026-05-15,2026-05-15,FO,NSE,IDO,35120,,MIDCPNIFTY,,2026-06-30,2026-06-30,14550.00,CE,MIDCPNIFTY26JUN14550CE,311.65,311.65,311.65,311.65,311.65,607.80,14168.90,369.05,360,240,2,3566796.00,1,F1,120,,,,,
2026-05-15,2026-05-15,FO,NSE,IDO,78719,,MIDCPNIFTY,,2026-06-30,2026-06-30,14400.00,CE,MIDCPNIFTY26JUN14400CE,0.00,0.00,0.00,73.35,0.00,73.35,14168.90,431.75,0,0,0,0.00,0,F1,120,,,,,
2026-05-15,2026-05-15,FO,NSE,IDO,78520,,MIDCPNIFTY,,2026-06-30,2026-06-30,13300.00,CE,MIDCPNIFTY26JUN13300CE,0.00,0.00,0.00,247.75,0.00,247.75,14168.90,1109.45,0,0,0,0.00,0,F1,120,,,,,
2026-05-15,2026-05-15,FO,NSE,IDO,78387,,MIDCPNIFTY,,2026-06-30,2026-06-30,12975.00,CE,MIDCPNIFTY26JUN12975CE,0.00,0.00,0.00,338.95,0.00,338.95,14168.90,1374.85,0,0,0,0.00,0,F1,120,,,,,
2026-05-15,2026-05-15,FO,NSE,IDO,78323,,MIDCPNIFTY,,2026-06-30,2026-06-30,12700.00,CE,MIDCPNIFTY26JUN12700CE,0.00,0.00,0.00,435.45,0.00,435.45,14168.90,1616.00,0,0,0,0.00,0,F1,120,,,,,
2026-05-15,2026-05-15,FO,NSE,IDO,78313,,MIDCPNIFTY,,2026-06-30,2026-06-30,12625.00,CE,MIDCPNIFTY26JUN12625CE,0.00,0.00,0.00,465.00,0.00,465.00,14168.90,1683.90,0,0,0,0.00,0,F1,120,,,,,
2026-05-15,2026-05-15,FO,NSE,IDO,78297,,MIDCPNIFTY,,2026-06-30,2026-06-30,12425.00,CE,MIDCPNIFTY26JUN12425CE,0.00,0.00,0.00,550.95,0.00,550.95,14168.90,1868.55,0,0,0,0.00,0,F1,120,,,,,
2026-05-15,2026-05-15,FO,NSE,IDO,78291,,MIDCPNIFTY,,2026-06-30,2026-06-30,12400.00,CE,MIDCPNIFTY26JUN12400CE,0.00,0.00,0.00,562.40,0.00,562.40,14168.90,1891.95,0,0,0,0.00,0,F1,120,,,,,
2026-05-15,2026-05-15,FO,NSE,IDO,78127,,MIDCPNIFTY,,2026-06-30,2026-06-30,11675.00,CE,MIDCPNIFTY26JUN11675CE,0.00,0.00,0.00,968.95,0.00,968.95,14168.90,2590.95,0,0,0,0.00,0,F1,120,,,,,
2026-05-15,2026-05-15,FO,NSE,IDO,71193,,MIDCPNIFTY,,2026-05-26,2026-05-26,15675.00,CE,MIDCPNIFTY26MAY15675CE,0.00,0.00,0.00,1.90,2.40,1.90,14168.90,1.95,0,0,0,0.00,0,F1,120,,,,,
2026-05-15,2026-05-15,FO,NSE,IDO,71189,,MIDCPNIFTY,,2026-05-26,2026-05-26,15625.00,CE,MIDCPNIFTY26MAY15625CE,1.65,1.65,1.65,1.65,1.65,1.50,14168.90,2.40,1320,840,7,13126386.00,2,F1,120,,,,,
2026-05-15,2026-05-15,FO,NSE,IDO,71183,,MIDCPNIFTY,,2026-05-26,2026-05-26,15550.00,CE,MIDCPNIFTY26MAY15550CE,0.00,0.00,0.00,4.75,4.75,4.75,14168.90,3.35,240,0,0,0.00,0,F1,120,,,,,
2026-05-15,2026-05-15,FO,NSE,IDO,71000,,MIDCPNIFTY,,2026-05-26,2026-05-26,14950.00,CE,MIDCPNIFTY26MAY14950CE,22.95,25.85,15.50,16.60,16.90,26.30,14168.90,16.60,7800,2520,199,357457824.00,141,F1,120,,,,,
2026-05-15,2026-05-15,FO,NSE,IDO,70970,,MIDCPNIFTY,,2026-05-26,2026-05-26,14625.00,CE,MIDCPNIFTY26MAY14625CE,86.80,98.40,51.55,53.20,53.95,90.05,14168.90,53.20,16320,360,135,238048896.00,97,F1,120,,,,,
2026-05-15,2026-05-15,FO,NSE,IDO,70966,,MIDCPNIFTY,,2026-05-26,2026-05-26,14575.00,CE,MIDCPNIFTY26MAY14575CE,99.60,115.35,61.35,63.50,63.90,99.90,14168.90,63.50,17640,-1680,122,214593642.00,97,F1,120,,,,,
2026-05-15,2026-05-15,FO,NSE,IDO,70960,,MIDCPNIFTY,,2026-05-26,2026-05-26,14500.00,CE,MIDCPNIFTY26MAY14500CE,126.60,148.95,78.15,84.50,82.55,129.85,14168.90,84.50,437760,-63360,8422,14763869064.00,6756,F1,120,,,,,
2026-05-15,2026-05-15,FO,NSE,IDO,70848,,MIDCPNIFTY,,2026-05-26,2026-05-26,14150.00,CE,MIDCPNIFTY26MAY14150CE,301.15,344.45,213.45,226.05,220.30,308.85,14168.90,226.05,18360,2880,419,723787560.00,371,F1,120,,,,,
2026-05-15,2026-05-15,FO,NSE,IDO,70826,,MIDCPNIFTY,,2026-05-26,2026-05-26,13875.00,CE,MIDCPNIFTY26MAY13875CE,0.00,0.00,0.00,470.00,470.00,470.00,14168.90,427.60,5760,0,0,0.00,0,F1,120,,,,,
2026-05-15,2026-05-15,FO,NSE,IDO,70818,,MIDCPNIFTY,,2026-05-26,2026-05-26,13775.00,CE,MIDCPNIFTY26MAY13775CE,0.00,0.00,0.00,827.00,827.00,827.00,14168.90,500.35,4800,0,0,0.00,0,F1,120,,,,,
2026-05-15,2026-05-15,FO,NSE,IDO,70812,,MIDCPNIFTY,,2026-05-26,2026-05-26,13700.00,CE,MIDCPNIFTY26MAY13700CE,660.00,680.30,561.10,561.10,561.10,651.15,14168.90,558.40,18480,-120,8,13766874.00,8,F1,120,,,,,
2026-05-15,2026-05-15,FO,NSE,IDO,70738,,MIDCPNIFTY,,2026-05-26,2026-05-26,13225.00,CE,MIDCPNIFTY26MAY13225CE,0.00,0.00,0.00,871.25,871.25,871.25,14168.90,978.30,120,0,0,0.00,0,F1,120,,,,,
2026-05-15,2026-05-15,FO,NSE,IDO,70642,,MIDCPNIFTY,,2026-05-26,2026-05-26,13075.00,CE,MIDCPNIFTY26MAY13075CE,0.00,0.00,0.00,900.35,0.00,900.35,14168.90,1122.55,0,0,0,0.00,0,F1,120,,,,,
2026-05-15,2026-05-15,FO,NSE,IDO,70638,,MIDCPNIFTY,,2026-05-26,2026-05-26,13025.00,CE,MIDCPNIFTY26MAY13025CE,0.00,0.00,0.00,932.35,0.00,932.35,14168.90,1171.25,0,0,0,0.00,0,F1,120,,,,,
2026-05-15,2026-05-15,FO,NSE,IDO,70550,,MIDCPNIFTY,,2026-05-26,2026-05-26,12775.00,CE,MIDCPNIFTY26MAY12775CE,0.00,0.00,0.00,1102.50,0.00,1102.50,14168.90,1417.60,0,0,0,0.00,0,F1,120,,,,,
2026-05-15,2026-05-15,FO,NSE,IDO,70548,,MIDCPNIFTY,,2026-05-26,2026-05-26,12750.00,CE,MIDCPNIFTY26MAY12750CE,0.00,0.00,0.00,1120.35,0.00,1120.35,14168.90,1442.40,0,0,0,0.00,0,F1,120,,,,,
2026-05-15,2026-05-15,FO,NSE,IDO,70536,,MIDCPNIFTY,,2026-05-26,2026-05-26,12625.00,CE,MIDCPNIFTY26MAY12625CE,0.00,0.00,0.00,1211.30,0.00,1211.30,14168.90,1566.70,0,0,0,0.00,0,F1,120,,,,,
2026-05-15,2026-05-15,FO,NSE,IDO,70528,,MIDCPNIFTY,,2026-05-26,2026-05-26,12525.00,CE,MIDCPNIFTY26MAY12525CE,0.00,0.00,0.00,1286.95,0.00,1286.95,14168.90,1666.30,0,0,0,0.00,0,F1,120,,,,,
2026-05-15,2026-05-15,FO,NSE,IDO,70524,,MIDCPNIFTY,,2026-05-26,2026-05-26,12475.00,CE,MIDCPNIFTY26MAY12475CE,0.00,0.00,0.00,1325.60,0.00,1325.60,14168.90,1716.15,0,0,0,0.00,0,F1,120,,,,,
2026-05-15,2026-05-15,FO,NSE,IDO,70512,,MIDCPNIFTY,,2026-05-26,2026-05-26,12325.00,CE,MIDCPNIFTY26MAY12325CE,0.00,0.00,0.00,1444.65,0.00,1444.65,14168.90,1865.75,0,0,0,0.00,0,F1,120,,,,,
2026-05-15,2026-05-15,FO,NSE,IDO,70498,,MIDCPNIFTY,,2026-05-26,2026-05-26,12225.00,CE,MIDCPNIFTY26MAY12225CE,0.00,0.00,0.00,1526.50,0.00,1526.50,14168.90,1965.55,0,0,0,0.00,0,F1,120,,,,,
2026-05-15,2026-05-15,FO,NSE,IDO,70494,,MIDCPNIFTY,,2026-05-26,2026-05-26,12175.00,CE,MIDCPNIFTY26MAY12175CE,0.00,0.00,0.00,1568.10,0.00,1568.10,14168.90,2015.45,0,0,0,0.00,0,F1,120,,,,,
2026-05-15,2026-05-15,FO,NSE,IDO,70457,,MIDCPNIFTY,,2026-05-26,2026-05-26,11975.00,CE,MIDCPNIFTY26MAY11975CE,0.00,0.00,0.00,1738.80,0.00,1738.80,14168.90,2215.10,0,0,0,0.00,0,F1,120,,,,,
2026-05-15,2026-05-15,FO,NSE,IDO,70342,,MIDCPNIFTY,,2026-05-26,2026-05-26,11650.00,CE,MIDCPNIFTY26MAY11650CE,0.00,0.00,0.00,2028.55,0.00,2028.55,14168.90,2539.50,0,0,0,0.00,0,F1,120,,,,,
2026-05-15,2026-05-15,FO,NSE,IDO,70305,,MIDCPNIFTY,,2026-05-26,2026-05-26,11425.00,CE,MIDCPNIFTY26MAY11425CE,0.00,0.00,0.00,2236.25,0.00,2236.25,14168.90,2764.10,0,0,0,0.00,0,F1,120,,,,,
2026-05-15,2026-05-15,FO,NSE,IDO,70293,,MIDCPNIFTY,,2026-05-26,2026-05-26,11375.00,CE,MIDCPNIFTY26MAY11375CE,0.00,0.00,0.00,2283.05,0.00,2283.05,14168.90,2814.05,0,0,0,0.00,0,F1,120,,,,,
2026-05-15,2026-05-15,FO,NSE,IDO,70247,,MIDCPNIFTY,,2026-05-26,2026-05-26,11350.00,CE,MIDCPNIFTY26MAY11350CE,0.00,0.00,0.00,2306.50,0.00,2306.50,14168.90,2839.00,0,0,0,0.00,0,F1,120,,,,,
2026-05-15,2026-05-15,FO,NSE,IDO,70243,,MIDCPNIFTY,,2026-05-26,2026-05-26,11300.00,CE,MIDCPNIFTY26MAY11300CE,0.00,0.00,0.00,2353.60,0.00,2353.60,14168.90,2888.90,0,0,0,0.00,0,F1,120,,,,,
2026-05-15,2026-05-15,FO,NSE,IDO,70239,,MIDCPNIFTY,,2026-05-26,2026-05-26,11275.00,CE,MIDCPNIFTY26MAY11275CE,0.00,0.00,0.00,2377.20,0.00,2377.20,14168.90,2913.85,0,0,0,0.00,0,F1,120,,,,,
2026-05-15,2026-05-15,FO,NSE,IDO,70151,,MIDCPNIFTY,,2026-05-26,2026-05-26,11225.00,CE,MIDCPNIFTY26MAY11225CE,0.00,0.00,0.00,2424.50,0.00,2424.50,14168.90,2963.75,0,0,0,0.00,0,F1,120,,,,,
2026-05-15,2026-05-15,FO,NSE,IDO,43693,,MIDCPNIFTY,,2026-05-26,2026-05-26,11025.00,CE,MIDCPNIFTY26MAY11025CE,0.00,0.00,0.00,2195.70,0.00,2195.70,14168.90,3163.40,0,0,0,0.00,0,F1,120,,,,,
2026-05-15,2026-05-15,FO,NSE,IDO,63612,,MIDCPNIFTY,,2026-07-28,2026-07-28,15900.00,PE,MIDCPNIFTY26JUL15900PE,0.00,0.00,0.00,1860.25,0.00,1860.25,14168.90,1678.80,0,0,0,0.00,0,F1,120,,,,,
2026-05-15,2026-05-15,FO,NSE,IDO,63592,,MIDCPNIFTY,,2026-07-28,2026-07-28,15675.00,PE,MIDCPNIFTY26JUL15675PE,0.00,0.00,0.00,1676.45,0.00,1676.45,14168.90,1495.90,0,0,0,0.00,0,F1,120,,,,,
2026-05-15,2026-05-15,FO,NSE,IDO,63459,,MIDCPNIFTY,,2026-07-28,2026-07-28,14050.00,CE,MIDCPNIFTY26JUL14050CE,0.00,0.00,0.00,736.15,0.00,736.15,14168.90,770.55,0,0,0,0.00,0,F1,120,,,,,
2026-05-15,2026-05-15,FO,NSE,IDO,63439,,MIDCPNIFTY,,2026-07-28,2026-07-28,13850.00,CE,MIDCPNIFTY26JUL13850CE,0.00,0.00,0.00,840.60,0.00,840.60,14168.90,885.45,0,0,0,0.00,0,F1,120,,,,,
2026-05-15,2026-05-15,FO,NSE,IDO,63411,,MIDCPNIFTY,,2026-07-28,2026-07-28,13500.00,CE,MIDCPNIFTY26JUL13500CE,0.00,0.00,0.00,1045.70,0.00,1045.70,14168.90,1110.55,0,0,0,0.00,0,F1,120,,,,,
2026-05-15,2026-05-15,FO,NSE,IDO,63399,,MIDCPNIFTY,,2026-07-28,2026-07-28,13350.00,CE,MIDCPNIFTY26JUL13350CE,0.00,0.00,0.00,1142.20,0.00,1142.20,14168.90,1216.65,0,0,0,0.00,0,F1,120,,,,,
2026-05-15,2026-05-15,FO,NSE,IDO,63391,,MIDCPNIFTY,,2026-07-28,2026-07-28,13250.00,CE,MIDCPNIFTY26JUL13250CE,0.00,0.00,0.00,1209.25,0.00,1209.25,14168.90,1289.35,0,0,0,0.00,0,F1,120,,,,,
2026-05-15,2026-05-15,FO,NSE,IDO,63315,,MIDCPNIFTY,,2026-07-28,2026-07-28,12300.00,CE,MIDCPNIFTY26JUL12300CE,0.00,0.00,0.00,1945.45,0.00,1945.45,14168.90,2077.65,0,0,0,0.00,0,F1,120,,,,,
2026-05-15,2026-05-15,FO,NSE,IDO,54670,,MIDCPNIFTY,,2026-06-30,2026-06-30,15950.00,CE,MIDCPNIFTY26JUN15950CE,0.00,0.00,0.00,90.10,0.00,90.10,14168.90,60.70,0,0,0,0.00,0,F1,120,,,,,
2026-05-15,2026-05-15,FO,NSE,IDO,52006,,MIDCPNIFTY,,2026-06-30,2026-06-30,15725.00,CE,MIDCPNIFTY26JUN15725CE,0.00,0.00,0.00,87.40,0.00,87.40,14168.90,84.55,0,0,0,0.00,0,F1,120,,,,,
2026-05-15,2026-05-15,FO,NSE,IDO,40785,,MIDCPNIFTY,,2026-06-30,2026-06-30,15475.00,CE,MIDCPNIFTY26JUN15475CE,0.00,0.00,0.00,88.15,0.00,88.15,14168.90,120.00,0,0,0,0.00,0,F1,120,,,,,
2026-05-15,2026-05-15,FO,NSE,IDO,78646,,MIDCPNIFTY,,2026-06-30,2026-06-30,14000.00,CE,MIDCPNIFTY26JUN14000CE,600.00,640.00,520.35,529.75,524.60,616.55,14168.90,529.75,9000,-240,34,59420394.00,32,F1,120,,,,,
2026-05-15,2026-05-15,FO,NSE,IDO,35104,,MIDCPNIFTY,,2026-06-30,2026-06-30,14450.00,CE,MIDCPNIFTY26JUN14450CE,0.00,0.00,0.00,355.10,355.10,355.10,14168.90,410.05,960,0,0,0.00,0,F1,120,,,,,
2026-05-15,2026-05-15,FO,NSE,IDO,35106,,MIDCPNIFTY,,2026-06-30,2026-06-30,14475.00,CE,MIDCPNIFTY26JUN14475CE,0.00,0.00,0.00,332.75,332.75,332.75,14168.90,399.50,960,0,0,0.00,0,F1,120,,,,,
2026-05-15,2026-05-15,FO,NSE,IDO,78785,,MIDCPNIFTY,,2026-06-30,2026-06-30,15200.00,CE,MIDCPNIFTY26JUN15200CE,0.00,0.00,0.00,26.40,0.00,26.40,14168.90,172.40,0,0,0,0.00,0,F1,120,,,,,
2026-05-15,2026-05-15,FO,NSE,IDO,40752,,MIDCPNIFTY,,2026-06-30,2026-06-30,15150.00,CE,MIDCPNIFTY26JUN15150CE,0.00,0.00,0.00,125.45,0.00,125.45,14168.90,184.20,0,0,0,0.00,0,F1,120,,,,,
2026-05-15,2026-05-15,FO,NSE,IDO,40732,,MIDCPNIFTY,,2026-06-30,2026-06-30,14950.00,CE,MIDCPNIFTY26JUN14950CE,0.00,0.00,0.00,154.60,0.00,154.60,14168.90,234.50,0,0,0,0.00,0,F1,120,,,,,
2026-05-15,2026-05-15,FO,NSE,IDO,63582,,MIDCPNIFTY,,2026-07-28,2026-07-28,15550.00,PE,MIDCPNIFTY26JUL15550PE,0.00,0.00,0.00,1577.35,0.00,1577.35,14168.90,1397.75,0,0,0,0.00,0,F1,120,,,,,
2026-05-15,2026-05-15,FO,NSE,IDO,63548,,MIDCPNIFTY,,2026-07-28,2026-07-28,15125.00,PE,MIDCPNIFTY26JUL15125PE,0.00,0.00,0.00,1258.40,0.00,1258.40,14168.90,1084.55,0,0,0,0.00,0,F1,120,,,,,
2026-05-15,2026-05-15,FO,NSE,IDO,63538,,MIDCPNIFTY,,2026-07-28,2026-07-28,15000.00,PE,MIDCPNIFTY26JUL15000PE,0.00,0.00,0.00,1170.65,0.00,1170.65,14168.90,999.40,0,0,0,0.00,0,F1,120,,,,,
2026-05-15,2026-05-15,FO,NSE,IDO,63532,,MIDCPNIFTY,,2026-07-28,2026-07-28,14925.00,PE,MIDCPNIFTY26JUL14925PE,0.00,0.00,0.00,1119.40,0.00,1119.40,14168.90,949.90,0,0,0,0.00,0,F1,120,,,,,
2026-05-15,2026-05-15,FO,NSE,IDO,63504,,MIDCPNIFTY,,2026-07-28,2026-07-28,14600.00,PE,MIDCPNIFTY26JUL14600PE,0.00,0.00,0.00,910.25,0.00,910.25,14168.90,750.20,0,0,0,0.00,0,F1,120,,,,,
2026-05-15,2026-05-15,FO,NSE,IDO,63498,,MIDCPNIFTY,,2026-07-28,2026-07-28,14525.00,PE,MIDCPNIFTY26JUL14525PE,0.00,0.00,0.00,865.15,0.00,865.15,14168.90,707.70,0,0,0,0.00,0,F1,120,,,,,
2026-05-15,2026-05-15,FO,NSE,IDO,63448,,MIDCPNIFTY,,2026-07-28,2026-07-28,13925.00,PE,MIDCPNIFTY26JUL13925PE,0.00,0.00,0.00,549.30,0.00,549.30,14168.90,418.35,0,0,0,0.00,0,F1,120,,,,,
2026-05-15,2026-05-15,FO,NSE,IDO,63444,,MIDCPNIFTY,,2026-07-28,2026-07-28,13875.00,PE,MIDCPNIFTY26JUL13875PE,0.00,0.00,0.00,526.70,0.00,526.70,14168.90,398.35,0,0,0,0.00,0,F1,120,,,,,
2026-05-15,2026-05-15,FO,NSE,IDO,63430,,MIDCPNIFTY,,2026-07-28,2026-07-28,13725.00,PE,MIDCPNIFTY26JUL13725PE,0.00,0.00,0.00,462.40,0.00,462.40,14168.90,342.10,0,0,0,0.00,0,F1,120,,,,,
2026-05-15,2026-05-15,FO,NSE,IDO,63362,,MIDCPNIFTY,,2026-07-28,2026-07-28,12875.00,PE,MIDCPNIFTY26JUL12875PE,0.00,0.00,0.00,194.00,0.00,194.00,14168.90,122.65,0,0,0,0.00,0,F1,120,,,,,
2026-05-15,2026-05-15,FO,NSE,IDO,78802,,MIDCPNIFTY,,2026-06-30,2026-06-30,15600.00,PE,MIDCPNIFTY26JUN15600PE,0.00,0.00,0.00,3177.05,0.00,3177.05,14168.90,1407.15,0,0,0,0.00,0,F1,120,,,,,
2026-05-15,2026-05-15,FO,NSE,IDO,49274,,MIDCPNIFTY,,2026-06-30,2026-06-30,15525.00,PE,MIDCPNIFTY26JUN15525PE,0.00,0.00,0.00,2006.30,0.00,2006.30,14168.90,1343.85,0,0,0,0.00,0,F1,120,,,,,
2026-05-15,2026-05-15,FO,NSE,IDO,40760,,MIDCPNIFTY,,2026-06-30,2026-06-30,15175.00,PE,MIDCPNIFTY26JUN15175PE,0.00,0.00,0.00,1860.40,0.00,1860.40,14168.90,1063.10,0,0,0,0.00,0,F1,120,,,,,
2026-05-15,2026-05-15,FO,NSE,IDO,38743,,MIDCPNIFTY,,2026-06-30,2026-06-30,14825.00,PE,MIDCPNIFTY26JUN14825PE,0.00,0.00,0.00,2091.80,0.00,2091.80,14168.90,809.05,0,0,0,0.00,0,F1,120,,,,,
2026-05-15,2026-05-15,FO,NSE,IDO,35119,,MIDCPNIFTY,,2026-06-30,2026-06-30,14525.00,PE,MIDCPNIFTY26JUN14525PE,0.00,0.00,0.00,1906.15,0.00,1906.15,14168.90,618.80,0,0,0,0.00,0,F1,120,,,,,
2026-05-15,2026-05-15,FO,NSE,IDO,78680,,MIDCPNIFTY,,2026-06-30,2026-06-30,14275.00,PE,MIDCPNIFTY26JUN14275PE,0.00,0.00,0.00,1945.70,0.00,1945.70,14168.90,481.25,0,0,0,0.00,0,F1,120,,,,,
2026-05-15,2026-05-15,FO,NSE,IDO,78659,,MIDCPNIFTY,,2026-06-30,2026-06-30,14150.00,PE,MIDCPNIFTY26JUN14150PE,403.20,403.20,403.20,403.20,403.20,582.75,14168.90,403.20,600,120,1,1746384.00,1,F1,120,,,,,
2026-05-15,2026-05-15,FO,NSE,IDO,78645,,MIDCPNIFTY,,2026-06-30,2026-06-30,13975.00,PE,MIDCPNIFTY26JUN13975PE,0.00,0.00,0.00,1686.45,0.00,1686.45,14168.90,342.80,0,0,0,0.00,0,F1,120,,,,,
2026-05-15,2026-05-15,FO,NSE,IDO,78615,,MIDCPNIFTY,,2026-06-30,2026-06-30,13600.00,PE,MIDCPNIFTY26JUN13600PE,0.00,0.00,0.00,1379.30,0.00,1379.30,14168.90,210.05,0,0,0,0.00,0,F1,120,,,,,
2026-05-15,2026-05-15,FO,NSE,IDO,78486,,MIDCPNIFTY,,2026-06-30,2026-06-30,13150.00,PE,MIDCPNIFTY26JUN13150PE,0.00,0.00,0.00,1042.40,0.00,1042.40,14168.90,104.75,0,0,0,0.00,0,F1,120,,,,,
2026-05-15,2026-05-15,FO,NSE,IDO,78482,,MIDCPNIFTY,,2026-06-30,2026-06-30,13100.00,PE,MIDCPNIFTY26JUN13100PE,0.00,0.00,0.00,1007.55,0.00,1007.55,14168.90,96.15,0,0,0,0.00,0,F1,120,,,,,
2026-05-15,2026-05-15,FO,NSE,IDO,78368,,MIDCPNIFTY,,2026-06-30,2026-06-30,12825.00,PE,MIDCPNIFTY26JUN12825PE,0.00,0.00,0.00,825.80,0.00,825.80,14168.90,58.15,0,0,0,0.00,0,F1,120,,,,,
2026-05-15,2026-05-15,FO,NSE,IDO,78314,,MIDCPNIFTY,,2026-06-30,2026-06-30,12625.00,PE,MIDCPNIFTY26JUN12625PE,0.00,0.00,0.00,705.10,0.00,705.10,14168.90,38.85,0,0,0,0.00,0,F1,120,,,,,
2026-05-15,2026-05-15,FO,NSE,IDO,78292,,MIDCPNIFTY,,2026-06-30,2026-06-30,12400.00,PE,MIDCPNIFTY26JUN12400PE,0.00,0.00,0.00,581.55,0.00,581.55,14168.90,23.75,0,0,0,0.00,0,F1,120,,,,,
2026-05-15,2026-05-15,FO,NSE,IDO,78128,,MIDCPNIFTY,,2026-06-30,2026-06-30,11675.00,PE,MIDCPNIFTY26JUN11675PE,0.00,0.00,0.00,276.10,0.00,276.10,14168.90,3.55,0,0,0,0.00,0,F1,120,,,,,
2026-05-15,2026-05-15,FO,NSE,IDO,78077,,MIDCPNIFTY,,2026-06-30,2026-06-30,11075.00,PE,MIDCPNIFTY26JUN11075PE,0.00,0.00,0.00,125.40,0.00,125.40,14168.90,0.50,0,0,0,0.00,0,F1,120,,,,,
2026-05-15,2026-05-15,FO,NSE,IDO,71225,,MIDCPNIFTY,,2026-05-26,2026-05-26,15900.00,PE,MIDCPNIFTY26MAY15900PE,0.00,0.00,0.00,2243.70,0.00,2243.70,14168.90,1703.70,0,0,0,0.00,0,F1,120,,,,,
2026-05-15,2026-05-15,FO,NSE,IDO,35401,,MIDCPNIFTY,,2026-05-26,2026-05-26,15825.00,PE,MIDCPNIFTY26MAY15825PE,0.00,0.00,0.00,1992.60,0.00,1992.60,14168.90,1629.10,0,0,0,0.00,0,F1,120,,,,,
2026-05-15,2026-05-15,FO,NSE,IDO,71044,,MIDCPNIFTY,,2026-05-26,2026-05-26,15225.00,PE,MIDCPNIFTY26MAY15225PE,0.00,0.00,0.00,1648.60,0.00,1648.60,14168.90,1041.40,0,0,0,0.00,0,F1,120,,,,,
2026-05-15,2026-05-15,FO,NSE,IDO,71026,,MIDCPNIFTY,,2026-05-26,2026-05-26,15100.00,PE,MIDCPNIFTY26MAY15100PE,0.00,0.00,0.00,1135.80,1135.80,1135.80,14168.90,923.65,120,0,0,0.00,0,F1,120,,,,,
2026-05-15,2026-05-15,FO,NSE,IDO,71013,,MIDCPNIFTY,,2026-05-26,2026-05-26,14975.00,PE,MIDCPNIFTY26MAY14975PE,0.00,0.00,0.00,1442.60,0.00,1442.60,14168.90,809.10,0,0,0,0.00,0,F1,120,,,,,
2026-05-15,2026-05-15,FO,NSE,IDO,71001,,MIDCPNIFTY,,2026-05-26,2026-05-26,14950.00,PE,MIDCPNIFTY26MAY14950PE,0.00,0.00,0.00,1422.50,0.00,1422.50,14168.90,786.65,0,0,0,0.00,0,F1,120,,,,,
2026-05-15,2026-05-15,FO,NSE,IDO,70856,,MIDCPNIFTY,,2026-05-26,2026-05-26,14150.00,PE,MIDCPNIFTY26MAY14150PE,158.05,225.80,145.65,205.30,202.10,159.90,14168.90,205.30,21120,-19200,1517,2610501930.00,1328,F1,120,,,,,
2026-05-15,2026-05-15,FO,NSE,IDO,63614,,MIDCPNIFTY,,2026-07-28,2026-07-28,15925.00,PE,MIDCPNIFTY26JUL15925PE,0.00,0.00,0.00,1881.05,0.00,1881.05,14168.90,1699.55,0,0,0,0.00,0,F1,120,,,,,
2026-05-15,2026-05-15,FO,NSE,IDO,63588,,MIDCPNIFTY,,2026-07-28,2026-07-28,15625.00,PE,MIDCPNIFTY26JUL15625PE,0.00,0.00,0.00,1636.55,0.00,1636.55,14168.90,1456.35,0,0,0,0.00,0,F1,120,,,,,
2026-05-15,2026-05-15,FO,NSE,IDO,70841,,MIDCPNIFTY,,2026-05-26,2026-05-26,14050.00,PE,MIDCPNIFTY26MAY14050PE,138.00,180.85,117.25,163.80,165.00,127.95,14168.90,163.80,31560,720,335,570855684.00,313,F1,120,,,,,
2026-05-15,2026-05-15,FO,NSE,IDO,70648,,MIDCPNIFTY,,2026-05-26,2026-05-26,13125.00,PE,MIDCPNIFTY26MAY13125PE,11.40,16.75,11.40,15.25,15.25,13.25,14168.90,15.25,5040,240,34,53608278.00,23,F1,120,,,,,
2026-05-15,2026-05-15,FO,NSE,IDO,70625,,MIDCPNIFTY,,2026-05-26,2026-05-26,12950.00,PE,MIDCPNIFTY26MAY12950PE,8.15,11.60,8.15,10.30,10.40,9.30,14168.90,10.30,3720,240,25,38880354.00,16,F1,120,,,,,
2026-05-15,2026-05-15,FO,NSE,IDO,70529,,MIDCPNIFTY,,2026-05-26,2026-05-26,12525.00,PE,MIDCPNIFTY26MAY12525PE,0.00,0.00,0.00,5.65,5.65,5.65,14168.90,0.25,1320,0,0,0.00,0,F1,120,,,,,
2026-05-15,2026-05-15,FO,NSE,IDO,70513,,MIDCPNIFTY,,2026-05-26,2026-05-26,12325.00,PE,MIDCPNIFTY26MAY12325PE,0.00,0.00,0.00,3.90,3.90,3.90,14168.90,0.10,960,0,0,0.00,0,F1,120,,,,,
2026-05-15,2026-05-15,FO,NSE,IDO,70304,,MIDCPNIFTY,,2026-05-26,2026-05-26,11400.00,PE,MIDCPNIFTY26MAY11400PE,0.00,0.00,0.00,1.05,1.05,1.05,14168.90,0.00,1440,0,0,0.00,0,F1,120,,,,,
2026-05-15,2026-05-15,FO,NSE,IDO,70246,,MIDCPNIFTY,,2026-05-26,2026-05-26,11325.00,PE,MIDCPNIFTY26MAY11325PE,5.05,5.05,5.05,5.05,5.05,0.05,14168.90,0.00,600,120,1,1359606.00,1,F1,120,,,,,
2026-05-15,2026-05-15,FO,NSE,IDO,40447,,MIDCPNIFTY,,2026-05-26,2026-05-26,11050.00,PE,MIDCPNIFTY26MAY11050PE,0.00,0.00,0.00,1.00,1.00,1.00,14168.90,0.00,720,0,0,0.00,0,F1,120,,,,,
2026-05-15,2026-05-15,FO,NSE,IDO,43687,,MIDCPNIFTY,,2026-05-26,2026-05-26,10925.00,PE,MIDCPNIFTY26MAY10925PE,0.00,0.00,0.00,14.05,0.00,14.05,14168.90,0.00,0,0,0,0.00,0,F1,120,,,,,
2026-05-15,2026-05-15,FO,NSE,IDF,61092,,MIDCPNIFTY,,2026-07-28,2026-07-28,,,MIDCPNIFTY26JULFUT,14408.25,14422.00,14240.00,14261.85,14269.00,14401.00,14168.90,14261.85,11280,360,33,56680764.00,33,F1,120,,,,,
2026-05-15,2026-05-15,FO,NSE,IDO,63595,,MIDCPNIFTY,,2026-07-28,2026-07-28,15725.00,CE,MIDCPNIFTY26JUL15725CE,0.00,0.00,0.00,193.65,0.00,193.65,14168.90,181.90,0,0,0,0.00,0,F1,120,,,,,
2026-05-15,2026-05-15,FO,NSE,IDO,63569,,MIDCPNIFTY,,2026-07-28,2026-07-28,15400.00,CE,MIDCPNIFTY26JUL15400CE,0.00,0.00,0.00,259.25,0.00,259.25,14168.90,250.65,0,0,0,0.00,0,F1,120,,,,,
2026-05-15,2026-05-15,FO,NSE,IDO,63551,,MIDCPNIFTY,,2026-07-28,2026-07-28,15175.00,CE,MIDCPNIFTY26JUL15175CE,0.00,0.00,0.00,313.30,0.00,313.30,14168.90,308.50,0,0,0,0.00,0,F1,120,,,,,
2026-05-15,2026-05-15,FO,NSE,IDO,40454,,MIDCPNIFTY,,2026-05-26,2026-05-26,11150.00,CE,MIDCPNIFTY26MAY11150CE,0.00,0.00,0.00,2326.65,0.00,2326.65,14168.90,3038.65,0,0,0,0.00,0,F1,120,,,,,
2026-05-15,2026-05-15,FO,NSE,IDO,70315,,MIDCPNIFTY,,2026-05-26,2026-05-26,11550.00,CE,MIDCPNIFTY26MAY11550CE,0.00,0.00,0.00,2120.25,0.00,2120.25,14168.90,2639.35,0,0,0,0.00,0,F1,120,,,,,
2026-05-15,2026-05-15,FO,NSE,IDO,70346,,MIDCPNIFTY,,2026-05-26,2026-05-26,11675.00,CE,MIDCPNIFTY26MAY11675CE,0.00,0.00,0.00,2005.80,0.00,2005.80,14168.90,2514.55,0,0,0,0.00,0,F1,120,,,,,
2026-05-15,2026-05-15,FO,NSE,IDO,70363,,MIDCPNIFTY,,2026-05-26,2026-05-26,11700.00,CE,MIDCPNIFTY26MAY11700CE,0.00,0.00,0.00,1983.15,0.00,1983.15,14168.90,2489.60,0,0,0,0.00,0,F1,120,,,,,
2026-05-15,2026-05-15,FO,NSE,IDO,70369,,MIDCPNIFTY,,2026-05-26,2026-05-26,11750.00,CE,MIDCPNIFTY26MAY11750CE,0.00,0.00,0.00,1937.95,0.00,1937.95,14168.90,2439.70,0,0,0,0.00,0,F1,120,,,,,
2026-05-15,2026-05-15,FO,NSE,IDO,70425,,MIDCPNIFTY,,2026-05-26,2026-05-26,11850.00,CE,MIDCPNIFTY26MAY11850CE,0.00,0.00,0.00,1848.60,0.00,1848.60,14168.90,2339.85,0,0,0,0.00,0,F1,120,,,,,
2026-05-15,2026-05-15,FO,NSE,IDO,70516,,MIDCPNIFTY,,2026-05-26,2026-05-26,12375.00,CE,MIDCPNIFTY26MAY12375CE,0.00,0.00,0.00,1404.45,0.00,1404.45,14168.90,1815.85,0,0,0,0.00,0,F1,120,,,,,
2026-05-15,2026-05-15,FO,NSE,IDO,70518,,MIDCPNIFTY,,2026-05-26,2026-05-26,12400.00,CE,MIDCPNIFTY26MAY12400CE,0.00,0.00,0.00,1479.00,1479.00,1479.00,14168.90,1790.95,120,0,0,0.00,0,F1,120,,,,,
2026-05-15,2026-05-15,FO,NSE,IDO,70520,,MIDCPNIFTY,,2026-05-26,2026-05-26,12425.00,CE,MIDCPNIFTY26MAY12425CE,0.00,0.00,0.00,1364.75,0.00,1364.75,14168.90,1766.00,0,0,0,0.00,0,F1,120,,,,,
2026-05-15,2026-05-15,FO,NSE,IDO,70794,,MIDCPNIFTY,,2026-05-26,2026-05-26,13475.00,CE,MIDCPNIFTY26MAY13475CE,0.00,0.00,0.00,1117.25,1117.25,1117.25,14168.90,748.00,600,0,0,0.00,0,F1,120,,,,,
2026-05-15,2026-05-15,FO,NSE,IDO,70828,,MIDCPNIFTY,,2026-05-26,2026-05-26,13900.00,CE,MIDCPNIFTY26MAY13900CE,490.00,519.00,370.10,379.45,385.00,492.60,14168.90,379.45,36600,-3240,78,134179350.00,60,F1,120,,,,,
2026-05-15,2026-05-15,FO,NSE,IDO,70838,,MIDCPNIFTY,,2026-05-26,2026-05-26,14025.00,CE,MIDCPNIFTY26MAY14025CE,398.55,398.65,321.80,334.55,334.55,395.85,14168.90,330.00,3480,0,8,13811202.00,8,F1,120,,,,,
2026-05-15,2026-05-15,FO,NSE,IDO,70927,,MIDCPNIFTY,,2026-05-26,2026-05-26,14250.00,CE,MIDCPNIFTY26MAY14250CE,243.90,280.25,166.00,174.45,172.45,249.90,14168.90,174.45,52080,9840,3441,5974997442.00,2851,F1,120,,,,,
2026-05-15,2026-05-15,FO,NSE,IDO,63529,,MIDCPNIFTY,,2026-07-28,2026-07-28,14900.00,CE,MIDCPNIFTY26JUL14900CE,0.00,0.00,0.00,392.60,0.00,392.60,14168.90,394.05,0,0,0,0.00,0,F1,120,,,,,
2026-05-15,2026-05-15,FO,NSE,IDO,63515,,MIDCPNIFTY,,2026-07-28,2026-07-28,14750.00,CE,MIDCPNIFTY26JUL14750CE,0.00,0.00,0.00,442.00,0.00,442.00,14168.90,447.75,0,0,0,0.00,0,F1,120,,,,,
2026-05-15,2026-05-15,FO,NSE,IDO,70938,,MIDCPNIFTY,,2026-05-26,2026-05-26,14275.00,CE,MIDCPNIFTY26MAY14275CE,243.85,263.60,156.85,162.55,162.95,237.35,14168.90,162.55,24240,13560,1985,3451392456.00,1820,F1,120,,,,,
2026-05-15,2026-05-15,FO,NSE,IDO,70948,,MIDCPNIFTY,,2026-05-26,2026-05-26,14375.00,CE,MIDCPNIFTY26MAY14375CE,182.35,206.60,120.00,122.40,120.25,186.35,14168.90,122.40,11160,720,424,739978410.00,382,F1,120,,,,,
2026-05-15,2026-05-15,FO,NSE,IDO,70968,,MIDCPNIFTY,,2026-05-26,2026-05-26,14600.00,CE,MIDCPNIFTY26MAY14600CE,97.10,108.95,55.25,59.45,59.20,94.75,14168.90,59.45,202440,32400,5046,8887828014.00,4187,F1,120,,,,,
2026-05-15,2026-05-15,FO,NSE,IDO,70976,,MIDCPNIFTY,,2026-05-26,2026-05-26,14700.00,CE,MIDCPNIFTY26MAY14700CE,70.65,78.25,38.90,41.85,40.70,68.40,14168.90,41.85,199800,-24360,6666,11801287458.00,5262,F1,120,,,,,
2026-05-15,2026-05-15,FO,NSE,IDO,71023,,MIDCPNIFTY,,2026-05-26,2026-05-26,15075.00,CE,MIDCPNIFTY26MAY15075CE,14.65,16.60,10.15,10.75,10.95,15.50,14168.90,10.75,5880,1200,57,103189602.00,39,F1,120,,,,,
2026-05-15,2026-05-15,FO,NSE,IDO,71032,,MIDCPNIFTY,,2026-05-26,2026-05-26,15175.00,CE,MIDCPNIFTY26MAY15175CE,8.85,11.25,6.15,6.90,6.90,10.15,14168.90,14.70,9240,-480,41,74702844.00,25,F1,120,,,,,
2026-05-15,2026-05-15,FO,NSE,IDO,71045,,MIDCPNIFTY,,2026-05-26,2026-05-26,15250.00,CE,MIDCPNIFTY26MAY15250CE,8.15,8.15,4.30,5.60,5.60,7.10,14168.90,11.15,13800,-600,13,23799342.00,11,F1,120,,,,,
2026-05-15,2026-05-15,FO,NSE,IDO,71123,,MIDCPNIFTY,,2026-05-26,2026-05-26,15300.00,CE,MIDCPNIFTY26MAY15300CE,6.25,6.85,3.95,4.60,4.95,6.05,14168.90,4.60,195360,1080,1074,1972505352.00,611,F1,120,,,,,
2026-05-15,2026-05-15,FO,NSE,IDO,71226,,MIDCPNIFTY,,2026-05-26,2026-05-26,16000.00,CE,MIDCPNIFTY26MAY16000CE,1.40,1.50,1.30,1.35,1.40,1.50,14168.90,1.35,13200,600,15,28802526.00,11,F1,120,,,,,
2026-05-15,2026-05-15,FO,NSE,IDO,78006,,MIDCPNIFTY,,2026-06-30,2026-06-30,10800.00,CE,MIDCPNIFTY26JUN10800CE,0.00,0.00,0.00,1634.10,0.00,1634.10,14168.90,3455.55,0,0,0,0.00,0,F1,120,,,,,
2026-05-15,2026-05-15,FO,NSE,IDO,78024,,MIDCPNIFTY,,2026-06-30,2026-06-30,10925.00,CE,MIDCPNIFTY26JUN10925CE,0.00,0.00,0.00,1529.40,0.00,1529.40,14168.90,3331.70,0,0,0,0.00,0,F1,120,,,,,
2026-05-15,2026-05-15,FO,NSE,IDO,78083,,MIDCPNIFTY,,2026-06-30,2026-06-30,11125.00,CE,MIDCPNIFTY26JUN11125CE,0.00,0.00,0.00,1367.90,0.00,1367.90,14168.90,3133.60,0,0,0,0.00,0,F1,120,,,,,
2026-05-15,2026-05-15,FO,NSE,IDO,78087,,MIDCPNIFTY,,2026-06-30,2026-06-30,11175.00,CE,MIDCPNIFTY26JUN11175CE,0.00,0.00,0.00,1328.80,0.00,1328.80,14168.90,3084.10,0,0,0,0.00,0,F1,120,,,,,
2026-05-15,2026-05-15,FO,NSE,IDO,78091,,MIDCPNIFTY,,2026-06-30,2026-06-30,11225.00,CE,MIDCPNIFTY26JUN11225CE,0.00,0.00,0.00,1290.20,0.00,1290.20,14168.90,3034.60,0,0,0,0.00,0,F1,120,,,,,
2026-05-15,2026-05-15,FO,NSE,IDO,78093,,MIDCPNIFTY,,2026-06-30,2026-06-30,11250.00,CE,MIDCPNIFTY26JUN11250CE,0.00,0.00,0.00,1271.15,0.00,1271.15,14168.90,3009.90,0,0,0,0.00,0,F1,120,,,,,
2026-05-15,2026-05-15,FO,NSE,IDO,78279,,MIDCPNIFTY,,2026-06-30,2026-06-30,12250.00,CE,MIDCPNIFTY26JUN12250CE,0.00,0.00,0.00,634.90,0.00,634.90,14168.90,2033.70,0,0,0,0.00,0,F1,120,,,,,
2026-05-15,2026-05-15,FO,NSE,IDO,78287,,MIDCPNIFTY,,2026-06-30,2026-06-30,12350.00,CE,MIDCPNIFTY26JUN12350CE,0.00,0.00,0.00,585.90,0.00,585.90,14168.90,1939.00,0,0,0,0.00,0,F1,120,,,,,
2026-05-15,2026-05-15,FO,NSE,IDO,78479,,MIDCPNIFTY,,2026-06-30,2026-06-30,13075.00,CE,MIDCPNIFTY26JUN13075CE,0.00,0.00,0.00,308.25,0.00,308.25,14168.90,1290.65,0,0,0,0.00,0,F1,120,,,,,
2026-05-15,2026-05-15,FO,NSE,IDO,78624,,MIDCPNIFTY,,2026-06-30,2026-06-30,13725.00,CE,MIDCPNIFTY26JUN13725CE,0.00,0.00,0.00,158.95,0.00,158.95,14168.90,803.25,0,0,0,0.00,0,F1,120,,,,,
2026-05-15,2026-05-15,FO,NSE,IDO,78626,,MIDCPNIFTY,,2026-06-30,2026-06-30,13750.00,CE,MIDCPNIFTY26JUN13750CE,0.00,0.00,0.00,154.65,0.00,154.65,14168.90,786.90,0,0,0,0.00,0,F1,120,,,,,
2026-05-15,2026-05-15,FO,NSE,IDO,78632,,MIDCPNIFTY,,2026-06-30,2026-06-30,13825.00,CE,MIDCPNIFTY26JUN13825CE,0.00,0.00,0.00,142.50,0.00,142.50,14168.90,739.05,0,0,0,0.00,0,F1,120,,,,,
2026-05-15,2026-05-15,FO,NSE,IDO,78644,,MIDCPNIFTY,,2026-06-30,2026-06-30,13975.00,CE,MIDCPNIFTY26JUN13975CE,0.00,0.00,0.00,120.50,0.00,120.50,14168.90,648.60,0,0,0,0.00,0,F1,120,,,,,
2026-05-15,2026-05-15,FO,NSE,IDO,63499,,MIDCPNIFTY,,2026-07-28,2026-07-28,14550.00,CE,MIDCPNIFTY26JUL14550CE,0.00,0.00,0.00,515.05,0.00,515.05,14168.90,527.60,0,0,0,0.00,0,F1,120,,,,,
2026-05-15,2026-05-15,FO,NSE,IDO,63491,,MIDCPNIFTY,,2026-07-28,2026-07-28,14450.00,CE,MIDCPNIFTY26JUL14450CE,0.00,0.00,0.00,554.80,0.00,554.80,14168.90,571.15,0,0,0,0.00,0,F1,120,,,,,
2026-05-15,2026-05-15,FO,NSE,IDO,63471,,MIDCPNIFTY,,2026-07-28,2026-07-28,14200.00,CE,MIDCPNIFTY26JUL14200CE,0.00,0.00,0.00,663.85,0.00,663.85,14168.90,691.05,0,0,0,0.00,0,F1,120,,,,,
2026-05-15,2026-05-15,FO,NSE,IDO,63322,,MIDCPNIFTY,,2026-07-28,2026-07-28,12375.00,PE,MIDCPNIFTY26JUL12375PE,0.00,0.00,0.00,102.90,0.00,102.90,14168.90,57.45,0,0,0,0.00,0,F1,120,,,,,
2026-05-15,2026-05-15,FO,NSE,IDO,78784,,MIDCPNIFTY,,2026-06-30,2026-06-30,15100.00,PE,MIDCPNIFTY26JUN15100PE,0.00,0.00,0.00,2700.95,0.00,2700.95,14168.90,1006.10,0,0,0,0.00,0,F1,120,,,,,
2026-05-15,2026-05-15,FO,NSE,IDO,78633,,MIDCPNIFTY,,2026-06-30,2026-06-30,13825.00,PE,MIDCPNIFTY26JUN13825PE,0.00,0.00,0.00,1561.10,0.00,1561.10,14168.90,284.40,0,0,0,0.00,0,F1,120,,,,,
2026-05-15,2026-05-15,FO,NSE,IDO,78625,,MIDCPNIFTY,,2026-06-30,2026-06-30,13725.00,PE,MIDCPNIFTY26JUN13725PE,0.00,0.00,0.00,1479.30,0.00,1479.30,14168.90,249.45,0,0,0,0.00,0,F1,120,,,,,
2026-05-15,2026-05-15,FO,NSE,IDO,78602,,MIDCPNIFTY,,2026-06-30,2026-06-30,13575.00,PE,MIDCPNIFTY26JUN13575PE,0.00,0.00,0.00,1359.65,0.00,1359.65,14168.90,202.75,0,0,0,0.00,0,F1,120,,,,,
2026-05-15,2026-05-15,FO,NSE,IDO,78523,,MIDCPNIFTY,,2026-06-30,2026-06-30,13325.00,PE,MIDCPNIFTY26JUN13325PE,0.00,0.00,0.00,1169.20,0.00,1169.20,14168.90,139.50,0,0,0,0.00,0,F1,120,,,,,
2026-05-15,2026-05-15,FO,NSE,IDO,78362,,MIDCPNIFTY,,2026-06-30,2026-06-30,12750.00,PE,MIDCPNIFTY26JUN12750PE,0.00,0.00,0.00,779.35,0.00,779.35,14168.90,50.20,0,0,0,0.00,0,F1,120,,,,,
2026-05-15,2026-05-15,FO,NSE,IDO,78312,,MIDCPNIFTY,,2026-06-30,2026-06-30,12600.00,PE,MIDCPNIFTY26JUN12600PE,0.00,0.00,0.00,690.70,0.00,690.70,14168.90,36.90,0,0,0,0.00,0,F1,120,,,,,
2026-05-15,2026-05-15,FO,NSE,IDO,78284,,MIDCPNIFTY,,2026-06-30,2026-06-30,12300.00,PE,MIDCPNIFTY26JUN12300PE,0.00,0.00,0.00,47.20,49.40,47.20,14168.90,18.85,0,0,0,0.00,0,F1,120,,,,,
2026-05-15,2026-05-15,FO,NSE,IDO,78235,,MIDCPNIFTY,,2026-06-30,2026-06-30,11875.00,PE,MIDCPNIFTY26JUN11875PE,0.00,0.00,0.00,346.25,0.00,346.25,14168.90,6.30,0,0,0,0.00,0,F1,120,,,,,
2026-05-15,2026-05-15,FO,NSE,IDO,78229,,MIDCPNIFTY,,2026-06-30,2026-06-30,11850.00,PE,MIDCPNIFTY26JUN11850PE,0.00,0.00,0.00,336.90,0.00,336.90,14168.90,5.90,0,0,0,0.00,0,F1,120,,,,,
2026-05-15,2026-05-15,FO,NSE,IDO,78007,,MIDCPNIFTY,,2026-06-30,2026-06-30,10800.00,PE,MIDCPNIFTY26JUN10800PE,0.00,0.00,0.00,81.90,0.00,81.90,14168.90,0.20,0,0,0,0.00,0,F1,120,,,,,
2026-05-15,2026-05-15,FO,NSE,IDO,71196,,MIDCPNIFTY,,2026-05-26,2026-05-26,15700.00,PE,MIDCPNIFTY26MAY15700PE,0.00,0.00,0.00,2062.55,0.00,2062.55,14168.90,1505.10,0,0,0,0.00,0,F1,120,,,,,
2026-05-15,2026-05-15,FO,NSE,IDO,71188,,MIDCPNIFTY,,2026-05-26,2026-05-26,15600.00,PE,MIDCPNIFTY26MAY15600PE,1340.05,1340.05,1320.00,1320.00,1320.00,1480.20,14168.90,1406.20,2760,-120,2,4063206.00,2,F1,120,,,,,
2026-05-15,2026-05-15,FO,NSE,IDO,71174,,MIDCPNIFTY,,2026-05-26,2026-05-26,15425.00,PE,MIDCPNIFTY26MAY15425PE,0.00,0.00,0.00,1819.70,0.00,1819.70,14168.90,1234.45,0,0,0,0.00,0,F1,120,,,,,
2026-05-15,2026-05-15,FO,NSE,IDO,71128,,MIDCPNIFTY,,2026-05-26,2026-05-26,15350.00,PE,MIDCPNIFTY26MAY15350PE,0.00,0.00,0.00,1754.95,0.00,1754.95,14168.90,1161.55,0,0,0,0.00,0,F1,120,,,,,
2026-05-15,2026-05-15,FO,NSE,IDO,71126,,MIDCPNIFTY,,2026-05-26,2026-05-26,15325.00,PE,MIDCPNIFTY26MAY15325PE,0.00,0.00,0.00,1733.55,0.00,1733.55,14168.90,1137.35,0,0,0,0.00,0,F1,120,,,,,
2026-05-15,2026-05-15,FO,NSE,IDO,71015,,MIDCPNIFTY,,2026-05-26,2026-05-26,15000.00,PE,MIDCPNIFTY26MAY15000PE,728.20,870.00,682.00,841.60,831.20,713.30,14168.90,841.60,19080,-480,54,102063732.00,41,F1,120,,,,,
2026-05-15,2026-05-15,FO,NSE,IDO,70989,,MIDCPNIFTY,,2026-05-26,2026-05-26,14850.00,PE,MIDCPNIFTY26MAY14850PE,580.85,598.40,580.85,598.40,598.40,411.60,14168.90,698.85,360,-120,2,3705510.00,2,F1,120,,,,,
2026-05-15,2026-05-15,FO,NSE,IDO,70953,,MIDCPNIFTY,,2026-05-26,2026-05-26,14400.00,PE,MIDCPNIFTY26MAY14400PE,276.30,366.60,247.45,345.00,336.95,269.60,14168.90,345.00,180240,-11760,1430,2522220450.00,1262,F1,120,,,,,
2026-05-15,2026-05-15,FO,NSE,IDO,70825,,MIDCPNIFTY,,2026-05-26,2026-05-26,13850.00,PE,MIDCPNIFTY26MAY13850PE,81.40,111.00,74.00,100.80,100.90,77.65,14168.90,100.80,19080,-1320,153,255964860.00,146,F1,120,,,,,
2026-05-15,2026-05-15,FO,NSE,IDO,70821,,MIDCPNIFTY,,2026-05-26,2026-05-26,13800.00,PE,MIDCPNIFTY26MAY13800PE,60.00,99.00,60.00,86.75,83.30,68.85,14168.90,86.75,288360,-22920,4938,8224411194.00,3905,F1,120,,,,,
2026-05-15,2026-05-15,FO,NSE,IDO,70819,,MIDCPNIFTY,,2026-05-26,2026-05-26,13775.00,PE,MIDCPNIFTY26MAY13775PE,64.00,89.85,64.00,78.15,77.55,61.45,14168.90,78.15,6720,-240,29,48199314.00,27,F1,120,,,,,
2026-05-15,2026-05-15,FO,NSE,IDO,70807,,MIDCPNIFTY,,2026-05-26,2026-05-26,13625.00,PE,MIDCPNIFTY26MAY13625PE,45.30,59.15,40.00,59.15,59.15,43.50,14168.90,51.25,5280,-2040,72,118116768.00,68,F1,120,,,,,
2026-05-15,2026-05-15,FO,NSE,IDO,70797,,MIDCPNIFTY,,2026-05-26,2026-05-26,13500.00,PE,MIDCPNIFTY26MAY13500PE,29.85,46.05,28.15,38.40,36.30,31.40,14168.90,38.40,646200,-11400,10542,17123043756.00,7074,F1,120,,,,,
2026-05-15,2026-05-15,FO,NSE,IDO,70619,,MIDCPNIFTY,,2026-05-26,2026-05-26,12875.00,PE,MIDCPNIFTY26MAY12875PE,7.35,10.20,7.35,9.25,9.05,8.60,14168.90,9.25,1320,-480,20,30922524.00,19,F1,120,,,,,
2026-05-15,2026-05-15,FO,NSE,IDO,70551,,MIDCPNIFTY,,2026-05-26,2026-05-26,12775.00,PE,MIDCPNIFTY26MAY12775PE,0.00,0.00,0.00,7.65,7.65,7.65,14168.90,1.15,600,0,0,0.00,0,F1,120,,,,,
2026-05-15,2026-05-15,FO,NSE,IDO,70541,,MIDCPNIFTY,,2026-05-26,2026-05-26,12675.00,PE,MIDCPNIFTY26MAY12675PE,0.00,0.00,0.00,6.35,6.35,6.35,14168.90,0.65,480,0,0,0.00,0,F1,120,,,,,
2026-05-15,2026-05-15,FO,NSE,IDO,70525,,MIDCPNIFTY,,2026-05-26,2026-05-26,12475.00,PE,MIDCPNIFTY26MAY12475PE,0.00,0.00,0.00,5.35,5.35,5.35,14168.90,0.20,360,0,0,0.00,0,F1,120,,,,,
2026-05-15,2026-05-15,FO,NSE,IDO,70502,,MIDCPNIFTY,,2026-05-26,2026-05-26,12250.00,PE,MIDCPNIFTY26MAY12250PE,3.25,3.25,3.25,3.25,3.25,4.35,14168.90,0.05,600,240,2,2940780.00,1,F1,120,,,,,
2026-05-15,2026-05-15,FO,NSE,IDO,70462,,MIDCPNIFTY,,2026-05-26,2026-05-26,12025.00,PE,MIDCPNIFTY26MAY12025PE,0.00,0.00,0.00,2.75,2.75,2.75,14168.90,0.00,3360,0,0,0.00,0,F1,120,,,,,
2026-05-15,2026-05-15,FO,NSE,IDO,70442,,MIDCPNIFTY,,2026-05-26,2026-05-26,11900.00,PE,MIDCPNIFTY26MAY11900PE,0.00,0.00,0.00,3.10,3.10,3.10,14168.90,0.00,2760,0,0,0.00,0,F1,120,,,,,
2026-05-15,2026-05-15,FO,NSE,IDO,70244,,MIDCPNIFTY,,2026-05-26,2026-05-26,11300.00,PE,MIDCPNIFTY26MAY11300PE,1.55,1.55,1.55,1.55,1.55,2.25,14168.90,1.55,720,0,1,1356186.00,1,F1,120,,,,,
2026-05-15,2026-05-15,FO,NSE,IDO,43689,,MIDCPNIFTY,,2026-05-26,2026-05-26,10950.00,PE,MIDCPNIFTY26MAY10950PE,0.00,0.00,0.00,14.90,0.00,14.90,14168.90,0.00,0,0,0,0.00,0,F1,120,,,,,
2026-05-15,2026-05-15,FO,NSE,IDO,63605,,MIDCPNIFTY,,2026-07-28,2026-07-28,15850.00,CE,MIDCPNIFTY26JUL15850CE,0.00,0.00,0.00,172.55,0.00,172.55,14168.90,160.10,0,0,0,0.00,0,F1,120,,,,,
2026-05-15,2026-05-15,FO,NSE,IDO,63601,,MIDCPNIFTY,,2026-07-28,2026-07-28,15800.00,CE,MIDCPNIFTY26JUL15800CE,0.00,0.00,0.00,180.70,0.00,180.70,14168.90,168.55,0,0,0,0.00,0,F1,120,,,,,
2026-05-15,2026-05-15,FO,NSE,IDO,63599,,MIDCPNIFTY,,2026-07-28,2026-07-28,15775.00,CE,MIDCPNIFTY26JUL15775CE,0.00,0.00,0.00,184.95,0.00,184.95,14168.90,172.90,0,0,0,0.00,0,F1,120,,,,,
2026-05-15,2026-05-15,FO,NSE,IDO,63583,,MIDCPNIFTY,,2026-07-28,2026-07-28,15575.00,CE,MIDCPNIFTY26JUL15575CE,0.00,0.00,0.00,221.75,0.00,221.75,14168.90,211.20,0,0,0,0.00,0,F1,120,,,,,
2026-05-15,2026-05-15,FO,NSE,IDO,63577,,MIDCPNIFTY,,2026-07-28,2026-07-28,15500.00,CE,MIDCPNIFTY26JUL15500CE,0.00,0.00,0.00,237.05,0.00,237.05,14168.90,227.85,0,0,0,0.00,0,F1,120,,,,,
2026-05-15,2026-05-15,FO,NSE,IDO,63543,,MIDCPNIFTY,,2026-07-28,2026-07-28,15075.00,CE,MIDCPNIFTY26JUL15075CE,0.00,0.00,0.00,340.50,0.00,340.50,14168.90,337.75,0,0,0,0.00,0,F1,120,,,,,
2026-05-15,2026-05-15,FO,NSE,IDO,63531,,MIDCPNIFTY,,2026-07-28,2026-07-28,14925.00,CE,MIDCPNIFTY26JUL14925CE,0.00,0.00,0.00,384.80,0.00,384.80,14168.90,385.60,0,0,0,0.00,0,F1,120,,,,,
2026-05-15,2026-05-15,FO,NSE,IDO,63525,,MIDCPNIFTY,,2026-07-28,2026-07-28,14875.00,CE,MIDCPNIFTY26JUL14875CE,0.00,0.00,0.00,400.55,0.00,400.55,14168.90,402.65,0,0,0,0.00,0,F1,120,,,,,
2026-05-15,2026-05-15,FO,NSE,IDO,63501,,MIDCPNIFTY,,2026-07-28,2026-07-28,14575.00,CE,MIDCPNIFTY26JUL14575CE,0.00,0.00,0.00,505.50,0.00,505.50,14168.90,517.10,0,0,0,0.00,0,F1,120,,,,,
2026-05-15,2026-05-15,FO,NSE,IDO,63495,,MIDCPNIFTY,,2026-07-28,2026-07-28,14500.00,CE,MIDCPNIFTY26JUL14500CE,0.00,0.00,0.00,534.65,0.00,534.65,14168.90,549.10,0,0,0,0.00,0,F1,120,,,,,
2026-05-15,2026-05-15,FO,NSE,IDO,63465,,MIDCPNIFTY,,2026-07-28,2026-07-28,14125.00,CE,MIDCPNIFTY26JUL14125CE,0.00,0.00,0.00,699.35,0.00,699.35,14168.90,730.10,0,0,0,0.00,0,F1,120,,,,,
2026-05-15,2026-05-15,FO,NSE,IDO,63445,,MIDCPNIFTY,,2026-07-28,2026-07-28,13900.00,CE,MIDCPNIFTY26JUL13900CE,0.00,0.00,0.00,813.60,0.00,813.60,14168.90,855.80,0,0,0,0.00,0,F1,120,,,,,
2026-05-15,2026-05-15,FO,NSE,IDO,63441,,MIDCPNIFTY,,2026-07-28,2026-07-28,13875.00,CE,MIDCPNIFTY26JUL13875CE,0.00,0.00,0.00,827.05,0.00,827.05,14168.90,870.55,0,0,0,0.00,0,F1,120,,,,,
2026-05-15,2026-05-15,FO,NSE,IDO,63427,,MIDCPNIFTY,,2026-07-28,2026-07-28,13700.00,CE,MIDCPNIFTY26JUL13700CE,0.00,0.00,0.00,925.05,0.00,925.05,14168.90,978.25,0,0,0,0.00,0,F1,120,,,,,
2026-05-15,2026-05-15,FO,NSE,IDO,63405,,MIDCPNIFTY,,2026-07-28,2026-07-28,13425.00,CE,MIDCPNIFTY26JUL13425CE,0.00,0.00,0.00,1093.30,0.00,1093.30,14168.90,1163.20,0,0,0,0.00,0,F1,120,,,,,
2026-05-15,2026-05-15,FO,NSE,IDO,63379,,MIDCPNIFTY,,2026-07-28,2026-07-28,13100.00,CE,MIDCPNIFTY26JUL13100CE,0.00,0.00,0.00,1314.65,0.00,1314.65,14168.90,1403.05,0,0,0,0.00,0,F1,120,,,,,
2026-05-15,2026-05-15,FO,NSE,IDO,63349,,MIDCPNIFTY,,2026-07-28,2026-07-28,12725.00,CE,MIDCPNIFTY26JUL12725CE,0.00,0.00,0.00,1595.95,0.00,1595.95,14168.90,1706.40,0,0,0,0.00,0,F1,120,,,,,
2026-05-15,2026-05-15,FO,NSE,IDO,63333,,MIDCPNIFTY,,2026-07-28,2026-07-28,12525.00,CE,MIDCPNIFTY26JUL12525CE,0.00,0.00,0.00,1756.80,0.00,1756.80,14168.90,1877.95,0,0,0,0.00,0,F1,120,,,,,
2026-05-15,2026-05-15,FO,NSE,IDO,63331,,MIDCPNIFTY,,2026-07-28,2026-07-28,12500.00,CE,MIDCPNIFTY26JUL12500CE,0.00,0.00,0.00,1777.35,0.00,1777.35,14168.90,1899.80,0,0,0,0.00,0,F1,120,,,,,
2026-05-15,2026-05-15,FO,NSE,IDO,78826,,MIDCPNIFTY,,2026-06-30,2026-06-30,16000.00,CE,MIDCPNIFTY26JUN16000CE,0.00,0.00,0.00,15.00,15.00,15.00,14168.90,56.25,120,0,0,0.00,0,F1,120,,,,,
2026-05-15,2026-05-15,FO,NSE,IDO,40772,,MIDCPNIFTY,,2026-06-30,2026-06-30,15275.00,CE,MIDCPNIFTY26JUN15275CE,0.00,0.00,0.00,109.75,0.00,109.75,14168.90,156.55,0,0,0,0.00,0,F1,120,,,,,
2026-05-15,2026-05-15,FO,NSE,IDO,40730,,MIDCPNIFTY,,2026-06-30,2026-06-30,14925.00,CE,MIDCPNIFTY26JUN14925CE,0.00,0.00,0.00,158.65,0.00,158.65,14168.90,241.60,0,0,0,0.00,0,F1,120,,,,,
2026-05-15,2026-05-15,FO,NSE,IDO,78775,,MIDCPNIFTY,,2026-06-30,2026-06-30,14700.00,CE,MIDCPNIFTY26JUN14700CE,250.65,250.65,210.65,210.65,210.65,50.65,14168.90,210.65,600,600,5,8956668.00,4,F1,120,,,,,
2026-05-15,2026-05-15,FO,NSE,IDO,35124,,MIDCPNIFTY,,2026-06-30,2026-06-30,14625.00,CE,MIDCPNIFTY26JUN14625CE,0.00,0.00,0.00,87.85,0.00,87.85,14168.90,340.30,0,0,0,0.00,0,F1,120,,,,,
2026-05-15,2026-05-15,FO,NSE,IDO,78699,,MIDCPNIFTY,,2026-06-30,2026-06-30,14350.00,CE,MIDCPNIFTY26JUN14350CE,0.00,0.00,0.00,77.90,0.00,77.90,14168.90,454.25,0,0,0,0.00,0,F1,120,,,,,
2026-05-15,2026-05-15,FO,NSE,IDO,78678,,MIDCPNIFTY,,2026-06-30,2026-06-30,14275.00,CE,MIDCPNIFTY26JUN14275CE,0.00,0.00,0.00,85.15,0.00,85.15,14168.90,489.45,0,0,0,0.00,0,F1,120,,,,,
2026-05-15,2026-05-15,FO,NSE,IDO,78662,,MIDCPNIFTY,,2026-06-30,2026-06-30,14200.00,CE,MIDCPNIFTY26JUN14200CE,487.10,487.10,416.40,420.70,425.00,510.00,14168.90,420.70,1200,-360,20,35180886.00,20,F1,120,,,,,
2026-05-15,2026-05-15,FO,NSE,IDO,78620,,MIDCPNIFTY,,2026-06-30,2026-06-30,13675.00,CE,MIDCPNIFTY26JUN13675CE,0.00,0.00,0.00,167.75,0.00,167.75,14168.90,836.55,0,0,0,0.00,0,F1,120,,,,,
2026-05-15,2026-05-15,FO,NSE,IDO,78601,,MIDCPNIFTY,,2026-06-30,2026-06-30,13575.00,CE,MIDCPNIFTY26JUN13575CE,0.00,0.00,0.00,186.55,0.00,186.55,14168.90,905.35,0,0,0,0.00,0,F1,120,,,,,
2026-05-15,2026-05-15,FO,NSE,IDO,78537,,MIDCPNIFTY,,2026-06-30,2026-06-30,13400.00,CE,MIDCPNIFTY26JUN13400CE,0.00,0.00,0.00,224.10,0.00,224.10,14168.90,1032.95,0,0,0,0.00,0,F1,120,,,,,
2026-05-15,2026-05-15,FO,NSE,IDO,78477,,MIDCPNIFTY,,2026-06-30,2026-06-30,13050.00,CE,MIDCPNIFTY26JUN13050CE,0.00,0.00,0.00,315.70,0.00,315.70,14168.90,1311.50,0,0,0,0.00,0,F1,120,,,,,
2026-05-15,2026-05-15,FO,NSE,IDO,78389,,MIDCPNIFTY,,2026-06-30,2026-06-30,13000.00,CE,MIDCPNIFTY26JUN13000CE,0.00,0.00,0.00,331.05,0.00,331.05,14168.90,1353.60,0,0,0,0.00,0,F1,120,,,,,
2026-05-15,2026-05-15,FO,NSE,IDO,78369,,MIDCPNIFTY,,2026-06-30,2026-06-30,12850.00,CE,MIDCPNIFTY26JUN12850CE,0.00,0.00,0.00,380.55,0.00,380.55,14168.90,1482.80,0,0,0,0.00,0,F1,120,,,,,
2026-05-15,2026-05-15,FO,NSE,IDO,78365,,MIDCPNIFTY,,2026-06-30,2026-06-30,12800.00,CE,MIDCPNIFTY26JUN12800CE,0.00,0.00,0.00,398.20,0.00,398.20,14168.90,1526.80,0,0,0,0.00,0,F1,120,,,,,
2026-05-15,2026-05-15,FO,NSE,IDO,78281,,MIDCPNIFTY,,2026-06-30,2026-06-30,12275.00,CE,MIDCPNIFTY26JUN12275CE,0.00,0.00,0.00,622.40,0.00,622.40,14168.90,2009.95,0,0,0,0.00,0,F1,120,,,,,
2026-05-15,2026-05-15,FO,NSE,IDO,78265,,MIDCPNIFTY,,2026-06-30,2026-06-30,12100.00,CE,MIDCPNIFTY26JUN12100CE,0.00,0.00,0.00,713.45,0.00,713.45,14168.90,2177.30,0,0,0,0.00,0,F1,120,,,,,
2026-05-15,2026-05-15,FO,NSE,IDO,78259,,MIDCPNIFTY,,2026-06-30,2026-06-30,12025.00,CE,MIDCPNIFTY26JUN12025CE,0.00,0.00,0.00,755.00,0.00,755.00,14168.90,2249.65,0,0,0,0.00,0,F1,120,,,,,
2026-05-15,2026-05-15,FO,NSE,IDO,78151,,MIDCPNIFTY,,2026-06-30,2026-06-30,11775.00,CE,MIDCPNIFTY26JUN11775CE,0.00,0.00,0.00,904.50,0.00,904.50,14168.90,2492.95,0,0,0,0.00,0,F1,120,,,,,
2026-05-15,2026-05-15,FO,NSE,IDO,78134,,MIDCPNIFTY,,2026-06-30,2026-06-30,11750.00,CE,MIDCPNIFTY26JUN11750CE,0.00,0.00,0.00,920.40,0.00,920.40,14168.90,2517.40,0,0,0,0.00,0,F1,120,,,,,
2026-05-15,2026-05-15,FO,NSE,IDO,78115,,MIDCPNIFTY,,2026-06-30,2026-06-30,11525.00,CE,MIDCPNIFTY26JUN11525CE,0.00,0.00,0.00,1071.00,0.00,1071.00,14168.90,2738.45,0,0,0,0.00,0,F1,120,,,,,
2026-05-15,2026-05-15,FO,NSE,IDO,78097,,MIDCPNIFTY,,2026-06-30,2026-06-30,11300.00,CE,MIDCPNIFTY26JUN11300CE,0.00,0.00,0.00,1233.40,0.00,1233.40,14168.90,2960.45,0,0,0,0.00,0,F1,120,,,,,
2026-05-15,2026-05-15,FO,NSE,IDO,71039,,MIDCPNIFTY,,2026-05-26,2026-05-26,15225.00,CE,MIDCPNIFTY26MAY15225CE,7.30,9.20,6.05,6.25,6.25,7.70,14168.90,12.20,3480,-4320,91,166331502.00,66,F1,120,,,,,
2026-05-15,2026-05-15,FO,NSE,IDO,71021,,MIDCPNIFTY,,2026-05-26,2026-05-26,15050.00,CE,MIDCPNIFTY26MAY15050CE,20.00,20.00,10.65,11.65,11.85,16.55,14168.90,11.65,22680,2880,226,408521268.00,155,F1,120,,,,,
2026-05-15,2026-05-15,FO,NSE,IDO,70982,,MIDCPNIFTY,,2026-05-26,2026-05-26,14775.00,CE,MIDCPNIFTY26MAY14775CE,51.95,54.00,30.15,31.55,31.50,54.25,14168.90,31.55,7560,600,101,179536866.00,81,F1,120,,,,,
2026-05-15,2026-05-15,FO,NSE,IDO,70956,,MIDCPNIFTY,,2026-05-26,2026-05-26,14450.00,CE,MIDCPNIFTY26MAY14450CE,140.45,170.00,92.90,97.85,96.90,151.85,14168.90,97.85,26160,-3840,310,542227698.00,284,F1,120,,,,,
2026-05-15,2026-05-15,FO,NSE,IDO,70804,,MIDCPNIFTY,,2026-05-26,2026-05-26,13600.00,CE,MIDCPNIFTY26MAY13600CE,0.00,0.00,0.00,765.00,765.00,765.00,14168.90,640.05,8640,0,0,0.00,0,F1,120,,,,,
2026-05-15,2026-05-15,FO,NSE,IDO,70788,,MIDCPNIFTY,,2026-05-26,2026-05-26,13425.00,CE,MIDCPNIFTY26MAY13425CE,0.00,0.00,0.00,825.25,825.25,825.25,14168.90,792.70,1920,0,0,0.00,0,F1,120,,,,,
2026-05-15,2026-05-15,FO,NSE,IDO,70636,,MIDCPNIFTY,,2026-05-26,2026-05-26,13000.00,CE,MIDCPNIFTY26MAY13000CE,1295.00,1305.00,1151.00,1181.00,1182.85,1300.00,14168.90,1181.00,25200,-1200,31,52978446.00,26,F1,120,,,,,
2026-05-15,2026-05-15,FO,NSE,IDO,70614,,MIDCPNIFTY,,2026-05-26,2026-05-26,12825.00,CE,MIDCPNIFTY26MAY12825CE,0.00,0.00,0.00,1066.75,0.00,1066.75,14168.90,1368.05,0,0,0,0.00,0,F1,120,,,,,
2026-05-15,2026-05-15,FO,NSE,IDO,70501,,MIDCPNIFTY,,2026-05-26,2026-05-26,12250.00,CE,MIDCPNIFTY26MAY12250CE,0.00,0.00,0.00,1505.85,0.00,1505.85,14168.90,1940.60,0,0,0,0.00,0,F1,120,,,,,
2026-05-15,2026-05-15,FO,NSE,IDO,70485,,MIDCPNIFTY,,2026-05-26,2026-05-26,12100.00,CE,MIDCPNIFTY26MAY12100CE,0.00,0.00,0.00,1631.35,0.00,1631.35,14168.90,2090.30,0,0,0,0.00,0,F1,120,,,,,
2026-05-15,2026-05-15,FO,NSE,IDO,70459,,MIDCPNIFTY,,2026-05-26,2026-05-26,12000.00,CE,MIDCPNIFTY26MAY12000CE,0.00,0.00,0.00,1967.00,1967.00,1967.00,14168.90,2190.15,23160,0,0,0.00,0,F1,120,,,,,
2026-05-15,2026-05-15,FO,NSE,IDO,70373,,MIDCPNIFTY,,2026-05-26,2026-05-26,11775.00,CE,MIDCPNIFTY26MAY11775CE,0.00,0.00,0.00,1915.50,0.00,1915.50,14168.90,2414.75,0,0,0,0.00,0,F1,120,,,,,
2026-05-15,2026-05-15,FO,NSE,IDO,70303,,MIDCPNIFTY,,2026-05-26,2026-05-26,11400.00,CE,MIDCPNIFTY26MAY11400CE,0.00,0.00,0.00,2259.60,0.00,2259.60,14168.90,2789.05,0,0,0,0.00,0,F1,120,,,,,
2026-05-15,2026-05-15,FO,NSE,IDO,40446,,MIDCPNIFTY,,2026-05-26,2026-05-26,11050.00,CE,MIDCPNIFTY26MAY11050CE,0.00,0.00,0.00,2422.05,0.00,2422.05,14168.90,3138.45,0,0,0,0.00,0,F1,120,,,,,
2026-05-15,2026-05-15,FO,NSE,IDO,78786,,MIDCPNIFTY,,2026-06-30,2026-06-30,15200.00,PE,MIDCPNIFTY26JUN15200PE,0.00,0.00,0.00,2795.40,0.00,2795.40,14168.90,1081.75,0,0,0,0.00,0,F1,120,,,,,
2026-05-15,2026-05-15,FO,NSE,IDO,63530,,MIDCPNIFTY,,2026-07-28,2026-07-28,14900.00,PE,MIDCPNIFTY26JUL14900PE,0.00,0.00,0.00,1102.55,0.00,1102.55,14168.90,933.65,0,0,0,0.00,0,F1,120,,,,,
2026-05-15,2026-05-15,FO,NSE,IDO,63470,,MIDCPNIFTY,,2026-07-28,2026-07-28,14175.00,PE,MIDCPNIFTY26JUL14175PE,0.00,0.00,0.00,670.90,0.00,670.90,14168.90,527.85,0,0,0,0.00,0,F1,120,,,,,
2026-05-15,2026-05-15,FO,NSE,IDO,63454,,MIDCPNIFTY,,2026-07-28,2026-07-28,13975.00,PE,MIDCPNIFTY26JUL13975PE,0.00,0.00,0.00,572.45,0.00,572.45,14168.90,438.95,0,0,0,0.00,0,F1,120,,,,,
2026-05-15,2026-05-15,FO,NSE,IDO,63438,,MIDCPNIFTY,,2026-07-28,2026-07-28,13825.00,PE,MIDCPNIFTY26JUL13825PE,0.00,0.00,0.00,504.70,0.00,504.70,14168.90,378.95,0,0,0,0.00,0,F1,120,,,,,
2026-05-15,2026-05-15,FO,NSE,IDO,63436,,MIDCPNIFTY,,2026-07-28,2026-07-28,13800.00,PE,MIDCPNIFTY26JUL13800PE,0.00,0.00,0.00,493.90,0.00,493.90,14168.90,369.50,0,0,0,0.00,0,F1,120,,,,,
2026-05-15,2026-05-15,FO,NSE,IDO,63408,,MIDCPNIFTY,,2026-07-28,2026-07-28,13450.00,PE,MIDCPNIFTY26JUL13450PE,0.00,0.00,0.00,358.05,0.00,358.05,14168.90,253.35,0,0,0,0.00,0,F1,120,,,,,
2026-05-15,2026-05-15,FO,NSE,IDO,63394,,MIDCPNIFTY,,2026-07-28,2026-07-28,13275.00,PE,MIDCPNIFTY26JUL13275PE,0.00,0.00,0.00,300.55,0.00,300.55,14168.90,206.85,0,0,0,0.00,0,F1,120,,,,,
2026-05-15,2026-05-15,FO,NSE,IDO,63388,,MIDCPNIFTY,,2026-07-28,2026-07-28,13200.00,PE,MIDCPNIFTY26JUL13200PE,0.00,0.00,0.00,278.00,0.00,278.00,14168.90,188.15,0,0,0,0.00,0,F1,120,,,,,
2026-05-15,2026-05-15,FO,NSE,IDO,63380,,MIDCPNIFTY,,2026-07-28,2026-07-28,13100.00,PE,MIDCPNIFTY26JUL13100PE,0.00,0.00,0.00,250.40,0.00,250.40,14168.90,165.75,0,0,0,0.00,0,F1,120,,,,,
2026-05-15,2026-05-15,FO,NSE,IDO,63372,,MIDCPNIFTY,,2026-07-28,2026-07-28,13000.00,PE,MIDCPNIFTY26JUL13000PE,0.00,0.00,0.00,224.40,0.00,224.40,14168.90,145.40,0,0,0,0.00,0,F1,120,,,,,
2026-05-15,2026-05-15,FO,NSE,IDO,63328,,MIDCPNIFTY,,2026-07-28,2026-07-28,12450.00,PE,MIDCPNIFTY26JUL12450PE,0.00,0.00,0.00,113.95,0.00,113.95,14168.90,64.90,0,0,0,0.00,0,F1,120,,,,,
2026-05-15,2026-05-15,FO,NSE,IDO,63570,,MIDCPNIFTY,,2026-07-28,2026-07-28,15400.00,PE,MIDCPNIFTY26JUL15400PE,0.00,0.00,0.00,1462.00,0.00,1462.00,14168.90,1283.85,0,0,0,0.00,0,F1,120,,,,,
2026-05-15,2026-05-15,FO,NSE,IDO,63518,,MIDCPNIFTY,,2026-07-28,2026-07-28,14775.00,PE,MIDCPNIFTY26JUL14775PE,0.00,0.00,0.00,1020.20,0.00,1020.20,14168.90,854.65,0,0,0,0.00,0,F1,120,,,,,
2026-05-15,2026-05-15,FO,NSE,IDO,63514,,MIDCPNIFTY,,2026-07-28,2026-07-28,14725.00,PE,MIDCPNIFTY26JUL14725PE,0.00,0.00,0.00,988.15,0.00,988.15,14168.90,824.10,0,0,0,0.00,0,F1,120,,,,,
2026-05-15,2026-05-15,FO,NSE,IDO,63456,,MIDCPNIFTY,,2026-07-28,2026-07-28,14000.00,PE,MIDCPNIFTY26JUL14000PE,0.00,0.00,0.00,584.25,0.00,584.25,14168.90,449.50,0,0,0,0.00,0,F1,120,,,,,
2026-05-15,2026-05-15,FO,NSE,IDO,63446,,MIDCPNIFTY,,2026-07-28,2026-07-28,13900.00,PE,MIDCPNIFTY26JUL13900PE,0.00,0.00,0.00,537.90,0.00,537.90,14168.90,408.25,0,0,0,0.00,0,F1,120,,,,,
2026-05-15,2026-05-15,FO,NSE,IDO,63424,,MIDCPNIFTY,,2026-07-28,2026-07-28,13650.00,PE,MIDCPNIFTY26JUL13650PE,0.00,0.00,0.00,432.25,0.00,432.25,14168.90,316.10,0,0,0,0.00,0,F1,120,,,,,
2026-05-15,2026-05-15,FO,NSE,IDO,63422,,MIDCPNIFTY,,2026-07-28,2026-07-28,13625.00,PE,MIDCPNIFTY26JUL13625PE,0.00,0.00,0.00,422.45,0.00,422.45,14168.90,307.70,0,0,0,0.00,0,F1,120,,,,,
2026-05-15,2026-05-15,FO,NSE,IDO,63356,,MIDCPNIFTY,,2026-07-28,2026-07-28,12800.00,PE,MIDCPNIFTY26JUL12800PE,0.00,0.00,0.00,177.55,0.00,177.55,14168.90,110.35,0,0,0,0.00,0,F1,120,,,,,
2026-05-15,2026-05-15,FO,NSE,IDO,52009,,MIDCPNIFTY,,2026-06-30,2026-06-30,15750.00,PE,MIDCPNIFTY26JUN15750PE,0.00,0.00,0.00,2092.90,0.00,2092.90,14168.90,1536.55,0,0,0,0.00,0,F1,120,,,,,
2026-05-15,2026-05-15,FO,NSE,IDO,49278,,MIDCPNIFTY,,2026-06-30,2026-06-30,15575.00,PE,MIDCPNIFTY26JUN15575PE,0.00,0.00,0.00,2050.35,0.00,2050.35,14168.90,1385.95,0,0,0,0.00,0,F1,120,,,,,
2026-05-15,2026-05-15,FO,NSE,IDO,78792,,MIDCPNIFTY,,2026-06-30,2026-06-30,15400.00,PE,MIDCPNIFTY26JUN15400PE,0.00,0.00,0.00,2985.50,0.00,2985.50,14168.90,1240.55,0,0,0,0.00,0,F1,120,,,,,
2026-05-15,2026-05-15,FO,NSE,IDO,35131,,MIDCPNIFTY,,2026-06-30,2026-06-30,14675.00,PE,MIDCPNIFTY26JUN14675PE,0.00,0.00,0.00,2037.85,0.00,2037.85,14168.90,710.60,0,0,0,0.00,0,F1,120,,,,,
2026-05-15,2026-05-15,FO,NSE,IDO,78643,,MIDCPNIFTY,,2026-06-30,2026-06-30,13950.00,PE,MIDCPNIFTY26JUN13950PE,0.00,0.00,0.00,325.45,325.45,325.45,14168.90,332.55,240,0,0,0.00,0,F1,120,,,,,
2026-05-15,2026-05-15,FO,NSE,IDO,78629,,MIDCPNIFTY,,2026-06-30,2026-06-30,13775.00,PE,MIDCPNIFTY26JUN13775PE,0.00,0.00,0.00,1520.00,0.00,1520.00,14168.90,266.55,0,0,0,0.00,0,F1,120,,,,,
2026-05-15,2026-05-15,FO,NSE,IDO,78586,,MIDCPNIFTY,,2026-06-30,2026-06-30,13475.00,PE,MIDCPNIFTY26JUN13475PE,0.00,0.00,0.00,1282.45,0.00,1282.45,14168.90,175.95,0,0,0,0.00,0,F1,120,,,,,
2026-05-15,2026-05-15,FO,NSE,IDO,78566,,MIDCPNIFTY,,2026-06-30,2026-06-30,13425.00,PE,MIDCPNIFTY26JUN13425PE,0.00,0.00,0.00,1244.25,0.00,1244.25,14168.90,162.80,0,0,0,0.00,0,F1,120,,,,,
2026-05-15,2026-05-15,FO,NSE,IDO,78474,,MIDCPNIFTY,,2026-06-30,2026-06-30,13000.00,PE,MIDCPNIFTY26JUN13000PE,75.00,89.50,75.00,88.00,88.00,78.00,14168.90,80.60,4680,240,13,20411820.00,8,F1,120,,,,,
2026-05-15,2026-05-15,FO,NSE,IDO,78372,,MIDCPNIFTY,,2026-06-30,2026-06-30,12875.00,PE,MIDCPNIFTY26JUN12875PE,0.00,0.00,0.00,857.55,0.00,857.55,14168.90,63.95,0,0,0,0.00,0,F1,120,,,,,
2026-05-15,2026-05-15,FO,NSE,IDO,78324,,MIDCPNIFTY,,2026-06-30,2026-06-30,12700.00,PE,MIDCPNIFTY26JUN12700PE,0.00,0.00,0.00,749.20,0.00,749.20,14168.90,45.35,0,0,0,0.00,0,F1,120,,,,,
2026-05-15,2026-05-15,FO,NSE,IDO,78302,,MIDCPNIFTY,,2026-06-30,2026-06-30,12475.00,PE,MIDCPNIFTY26JUN12475PE,0.00,0.00,0.00,621.25,0.00,621.25,14168.90,28.15,0,0,0,0.00,0,F1,120,,,,,
2026-05-15,2026-05-15,FO,NSE,IDO,78298,,MIDCPNIFTY,,2026-06-30,2026-06-30,12425.00,PE,MIDCPNIFTY26JUN12425PE,0.00,0.00,0.00,594.60,0.00,594.60,14168.90,25.15,0,0,0,0.00,0,F1,120,,,,,
2026-05-15,2026-05-15,FO,NSE,IDO,78258,,MIDCPNIFTY,,2026-06-30,2026-06-30,12000.00,PE,MIDCPNIFTY26JUN12000PE,0.00,0.00,0.00,28.10,28.10,28.10,14168.90,8.85,480,0,0,0.00,0,F1,120,,,,,
2026-05-15,2026-05-15,FO,NSE,IDO,78114,,MIDCPNIFTY,,2026-06-30,2026-06-30,11500.00,PE,MIDCPNIFTY26JUN11500PE,0.00,0.00,0.00,223.75,0.00,223.75,14168.90,2.05,0,0,0,0.00,0,F1,120,,,,,
2026-05-15,2026-05-15,FO,NSE,IDO,78110,,MIDCPNIFTY,,2026-06-30,2026-06-30,11450.00,PE,MIDCPNIFTY26JUN11450PE,0.00,0.00,0.00,210.10,0.00,210.10,14168.90,1.75,0,0,0,0.00,0,F1,120,,,,,
2026-05-15,2026-05-15,FO,NSE,IDO,78082,,MIDCPNIFTY,,2026-06-30,2026-06-30,11100.00,PE,MIDCPNIFTY26JUN11100PE,0.00,0.00,0.00,130.10,0.00,130.10,14168.90,0.55,0,0,0,0.00,0,F1,120,,,,,
2026-05-15,2026-05-15,FO,NSE,IDO,71245,,MIDCPNIFTY,,2026-05-26,2026-05-26,16000.00,PE,MIDCPNIFTY26MAY16000PE,0.00,0.00,0.00,2335.50,0.00,2335.50,14168.90,1803.25,0,0,0,0.00,0,F1,120,,,,,
2026-05-15,2026-05-15,FO,NSE,IDO,71190,,MIDCPNIFTY,,2026-05-26,2026-05-26,15625.00,PE,MIDCPNIFTY26MAY15625PE,0.00,0.00,0.00,1995.55,0.00,1995.55,14168.90,1430.90,0,0,0,0.00,0,F1,120,,,,,
2026-05-15,2026-05-15,FO,NSE,IDO,70977,,MIDCPNIFTY,,2026-05-26,2026-05-26,14700.00,PE,MIDCPNIFTY26MAY14700PE,481.60,569.05,440.00,565.00,565.00,464.60,14168.90,565.00,117360,-120,70,127661232.00,52,F1,120,,,,,
2026-05-15,2026-05-15,FO,NSE,IDO,70963,,MIDCPNIFTY,,2026-05-26,2026-05-26,14525.00,PE,MIDCPNIFTY26MAY14525PE,338.85,401.05,338.85,401.05,401.05,339.90,14168.90,440.75,10680,120,2,3574788.00,2,F1,120,,,,,
2026-05-15,2026-05-15,FO,NSE,IDO,70949,,MIDCPNIFTY,,2026-05-26,2026-05-26,14375.00,PE,MIDCPNIFTY26MAY14375PE,268.35,334.80,236.90,330.95,324.30,263.40,14168.90,330.95,5400,-1200,72,126548058.00,66,F1,120,,,,,
2026-05-15,2026-05-15,FO,NSE,IDO,70845,,MIDCPNIFTY,,2026-05-26,2026-05-26,14100.00,PE,MIDCPNIFTY26MAY14100PE,140.15,202.15,131.25,186.25,179.90,144.20,14168.90,186.25,393960,-37320,6166,10558579548.00,5481,F1,120,,,,,
2026-05-15,2026-05-15,FO,NSE,IDO,70531,,MIDCPNIFTY,,2026-05-26,2026-05-26,12550.00,PE,MIDCPNIFTY26MAY12550PE,0.00,0.00,0.00,7.75,7.75,7.75,14168.90,0.30,5040,0,0,0.00,0,F1,120,,,,,
2026-05-15,2026-05-15,FO,NSE,IDO,70515,,MIDCPNIFTY,,2026-05-26,2026-05-26,12350.00,PE,MIDCPNIFTY26MAY12350PE,3.90,3.90,3.60,3.60,3.60,4.50,14168.90,0.10,360,0,2,2964900.00,2,F1,120,,,,,
2026-05-15,2026-05-15,FO,NSE,IDO,70509,,MIDCPNIFTY,,2026-05-26,2026-05-26,12275.00,PE,MIDCPNIFTY26MAY12275PE,3.15,3.35,3.15,3.35,3.35,3.55,14168.90,0.05,1680,0,2,2946780.00,2,F1,120,,,,,
2026-05-15,2026-05-15,FO,NSE,IDO,70486,,MIDCPNIFTY,,2026-05-26,2026-05-26,12100.00,PE,MIDCPNIFTY26MAY12100PE,0.00,0.00,0.00,7.45,7.45,7.45,14168.90,0.05,3120,0,0,0.00,0,F1,120,,,,,
2026-05-15,2026-05-15,FO,NSE,IDO,70472,,MIDCPNIFTY,,2026-05-26,2026-05-26,12050.00,PE,MIDCPNIFTY26MAY12050PE,2.35,5.15,1.40,5.15,5.15,2.85,14168.90,0.05,2040,240,4,5785350.00,3,F1,120,,,,,
2026-05-15,2026-05-15,FO,NSE,IDO,70450,,MIDCPNIFTY,,2026-05-26,2026-05-26,11950.00,PE,MIDCPNIFTY26MAY11950PE,3.60,3.60,3.60,3.60,3.60,3.00,14168.90,0.00,2640,1200,10,14344320.00,1,F1,120,,,,,
2026-05-15,2026-05-15,FO,NSE,IDO,70424,,MIDCPNIFTY,,2026-05-26,2026-05-26,11825.00,PE,MIDCPNIFTY26MAY11825PE,0.00,0.00,0.00,2.60,2.60,2.60,14168.90,0.00,2400,0,0,0.00,0,F1,120,,,,,
2026-05-15,2026-05-15,FO,NSE,IDO,70364,,MIDCPNIFTY,,2026-05-26,2026-05-26,11700.00,PE,MIDCPNIFTY26MAY11700PE,2.40,2.40,2.40,2.40,2.40,2.00,14168.90,0.00,9120,240,2,2808576.00,1,F1,120,,,,,
2026-05-15,2026-05-15,FO,NSE,IDO,70339,,MIDCPNIFTY,,2026-05-26,2026-05-26,11600.00,PE,MIDCPNIFTY26MAY11600PE,0.00,0.00,0.00,1.15,1.15,1.15,14168.90,0.00,840,0,0,0.00,0,F1,120,,,,,
2026-05-15,2026-05-15,FO,NSE,IDO,70120,,MIDCPNIFTY,,2026-05-26,2026-05-26,10800.00,PE,MIDCPNIFTY26MAY10800PE,0.00,0.00,0.00,0.90,0.90,0.90,14168.90,0.00,480,0,0,0.00,0,F1,120,,,,,
2026-05-15,2026-05-15,FO,NSE,IDO,63557,,MIDCPNIFTY,,2026-07-28,2026-07-28,15250.00,CE,MIDCPNIFTY26JUL15250CE,0.00,0.00,0.00,294.05,0.00,294.05,14168.90,287.90,0,0,0,0.00,0,F1,120,,,,,
2026-05-15,2026-05-15,FO,NSE,IDO,63549,,MIDCPNIFTY,,2026-07-28,2026-07-28,15150.00,CE,MIDCPNIFTY26JUL15150CE,0.00,0.00,0.00,319.95,0.00,319.95,14168.90,315.60,0,0,0,0.00,0,F1,120,,,,,
2026-05-15,2026-05-15,FO,NSE,IDO,63541,,MIDCPNIFTY,,2026-07-28,2026-07-28,15050.00,CE,MIDCPNIFTY26JUL15050CE,0.00,0.00,0.00,347.60,0.00,347.60,14168.90,345.35,0,0,0,0.00,0,F1,120,,,,,
2026-05-15,2026-05-15,FO,NSE,IDO,63463,,MIDCPNIFTY,,2026-07-28,2026-07-28,14100.00,CE,MIDCPNIFTY26JUL14100CE,0.00,0.00,0.00,711.45,0.00,711.45,14168.90,743.40,0,0,0,0.00,0,F1,120,,,,,
2026-05-15,2026-05-15,FO,NSE,IDO,63461,,MIDCPNIFTY,,2026-07-28,2026-07-28,14075.00,CE,MIDCPNIFTY26JUL14075CE,0.00,0.00,0.00,723.75,0.00,723.75,14168.90,756.90,0,0,0,0.00,0,F1,120,,,,,
2026-05-15,2026-05-15,FO,NSE,IDO,63449,,MIDCPNIFTY,,2026-07-28,2026-07-28,13950.00,CE,MIDCPNIFTY26JUL13950CE,0.00,0.00,0.00,787.20,0.00,787.20,14168.90,826.75,0,0,0,0.00,0,F1,120,,,,,
2026-05-15,2026-05-15,FO,NSE,IDO,63447,,MIDCPNIFTY,,2026-07-28,2026-07-28,13925.00,CE,MIDCPNIFTY26JUL13925CE,0.00,0.00,0.00,800.35,0.00,800.35,14168.90,841.20,0,0,0,0.00,0,F1,120,,,,,
2026-05-15,2026-05-15,FO,NSE,IDO,63431,,MIDCPNIFTY,,2026-07-28,2026-07-28,13750.00,CE,MIDCPNIFTY26JUL13750CE,0.00,0.00,0.00,896.30,0.00,896.30,14168.90,946.70,0,0,0,0.00,0,F1,120,,,,,
2026-05-15,2026-05-15,FO,NSE,IDO,63407,,MIDCPNIFTY,,2026-07-28,2026-07-28,13450.00,CE,MIDCPNIFTY26JUL13450CE,0.00,0.00,0.00,1077.30,0.00,1077.30,14168.90,1145.10,0,0,0,0.00,0,F1,120,,,,,
2026-05-15,2026-05-15,FO,NSE,IDO,63369,,MIDCPNIFTY,,2026-07-28,2026-07-28,12975.00,CE,MIDCPNIFTY26JUL12975CE,0.00,0.00,0.00,1405.05,0.00,1405.05,14168.90,1501.25,0,0,0,0.00,0,F1,120,,,,,
2026-05-15,2026-05-15,FO,NSE,IDO,63361,,MIDCPNIFTY,,2026-07-28,2026-07-28,12875.00,CE,MIDCPNIFTY26JUL12875CE,0.00,0.00,0.00,1480.00,0.00,1480.00,14168.90,1582.00,0,0,0,0.00,0,F1,120,,,,,
2026-05-15,2026-05-15,FO,NSE,IDO,63347,,MIDCPNIFTY,,2026-07-28,2026-07-28,12700.00,CE,MIDCPNIFTY26JUL12700CE,0.00,0.00,0.00,1615.65,0.00,1615.65,14168.90,1727.55,0,0,0,0.00,0,F1,120,,,,,
2026-05-15,2026-05-15,FO,NSE,IDO,78799,,MIDCPNIFTY,,2026-06-30,2026-06-30,15500.00,CE,MIDCPNIFTY26JUN15500CE,0.00,0.00,0.00,17.50,0.00,17.50,14168.90,116.00,0,0,0,0.00,0,F1,120,,,,,
2026-05-15,2026-05-15,FO,NSE,IDO,40761,,MIDCPNIFTY,,2026-06-30,2026-06-30,15225.00,CE,MIDCPNIFTY26JUN15225CE,0.00,0.00,0.00,115.85,0.00,115.85,14168.90,166.95,0,0,0,0.00,0,F1,120,,,,,
2026-05-15,2026-05-15,FO,NSE,IDO,78783,,MIDCPNIFTY,,2026-06-30,2026-06-30,15100.00,CE,MIDCPNIFTY26JUN15100CE,0.00,0.00,0.00,30.20,0.00,30.20,14168.90,195.95,0,0,0,0.00,0,F1,120,,,,,
2026-05-15,2026-05-15,FO,NSE,IDO,78781,,MIDCPNIFTY,,2026-06-30,2026-06-30,15000.00,CE,MIDCPNIFTY26JUN15000CE,0.00,0.00,0.00,34.45,0.00,34.45,14168.90,220.80,0,0,0,0.00,0,F1,120,,,,,
2026-05-15,2026-05-15,FO,NSE,IDO,41341,,MIDCPNIFTY,,2026-06-30,2026-06-30,14875.00,CE,MIDCPNIFTY26JUN14875CE,0.00,0.00,0.00,68.15,0.00,68.15,14168.90,256.30,0,0,0,0.00,0,F1,120,,,,,
2026-05-15,2026-05-15,FO,NSE,IDO,38726,,MIDCPNIFTY,,2026-06-30,2026-06-30,14750.00,CE,MIDCPNIFTY26JUN14750CE,0.00,0.00,0.00,77.85,0.00,77.85,14168.90,296.05,0,0,0,0.00,0,F1,120,,,,,
2026-05-15,2026-05-15,FO,NSE,IDO,35108,,MIDCPNIFTY,,2026-06-30,2026-06-30,14525.00,CE,MIDCPNIFTY26JUN14525CE,326.90,326.90,326.90,326.90,326.90,98.55,14168.90,379.00,240,240,2,3564456.00,1,F1,120,,,,,
2026-05-15,2026-05-15,FO,NSE,IDO,78763,,MIDCPNIFTY,,2026-06-30,2026-06-30,14500.00,CE,MIDCPNIFTY26JUN14500CE,347.05,349.00,272.15,282.90,280.00,341.15,14168.90,282.90,3120,1080,39,69314400.00,36,F1,120,,,,,
2026-05-15,2026-05-15,FO,NSE,IDO,78660,,MIDCPNIFTY,,2026-06-30,2026-06-30,14175.00,CE,MIDCPNIFTY26JUN14175CE,0.00,0.00,0.00,95.80,0.00,95.80,14168.90,539.30,0,0,0,0.00,0,F1,120,,,,,
2026-05-15,2026-05-15,FO,NSE,IDO,78636,,MIDCPNIFTY,,2026-06-30,2026-06-30,13875.00,CE,MIDCPNIFTY26JUN13875CE,0.00,0.00,0.00,134.80,0.00,134.80,14168.90,708.10,0,0,0,0.00,0,F1,120,,,,,
2026-05-15,2026-05-15,FO,NSE,IDO,78591,,MIDCPNIFTY,,2026-06-30,2026-06-30,13550.00,CE,MIDCPNIFTY26JUN13550CE,0.00,0.00,0.00,191.50,0.00,191.50,14168.90,923.00,0,0,0,0.00,0,F1,120,,,,,
2026-05-15,2026-05-15,FO,NSE,IDO,78375,,MIDCPNIFTY,,2026-06-30,2026-06-30,12925.00,CE,MIDCPNIFTY26JUN12925CE,0.00,0.00,0.00,355.15,0.00,355.15,14168.90,1417.65,0,0,0,0.00,0,F1,120,,,,,
2026-05-15,2026-05-15,FO,NSE,IDO,78367,,MIDCPNIFTY,,2026-06-30,2026-06-30,12825.00,CE,MIDCPNIFTY26JUN12825CE,0.00,0.00,0.00,389.30,0.00,389.30,14168.90,1504.75,0,0,0,0.00,0,F1,120,,,,,
2026-05-15,2026-05-15,FO,NSE,IDO,78285,,MIDCPNIFTY,,2026-06-30,2026-06-30,12325.00,CE,MIDCPNIFTY26JUN12325CE,0.00,0.00,0.00,597.90,0.00,597.90,14168.90,1962.60,0,0,0,0.00,0,F1,120,,,,,
2026-05-15,2026-05-15,FO,NSE,IDO,78277,,MIDCPNIFTY,,2026-06-30,2026-06-30,12225.00,CE,MIDCPNIFTY26JUN12225CE,0.00,0.00,0.00,647.55,0.00,647.55,14168.90,2057.50,0,0,0,0.00,0,F1,120,,,,,
2026-05-15,2026-05-15,FO,NSE,IDO,78267,,MIDCPNIFTY,,2026-06-30,2026-06-30,12125.00,CE,MIDCPNIFTY26JUN12125CE,0.00,0.00,0.00,699.90,0.00,699.90,14168.90,2153.25,0,0,0,0.00,0,F1,120,,,,,
2026-05-15,2026-05-15,FO,NSE,IDO,78186,,MIDCPNIFTY,,2026-06-30,2026-06-30,11825.00,CE,MIDCPNIFTY26JUN11825CE,0.00,0.00,0.00,873.25,0.00,873.25,14168.90,2444.10,0,0,0,0.00,0,F1,120,,,,,
2026-05-15,2026-05-15,FO,NSE,IDO,78105,,MIDCPNIFTY,,2026-06-30,2026-06-30,11400.00,CE,MIDCPNIFTY26JUN11400CE,0.00,0.00,0.00,1160.00,0.00,1160.00,14168.90,2861.70,0,0,0,0.00,0,F1,120,,,,,
2026-05-15,2026-05-15,FO,NSE,IDO,78101,,MIDCPNIFTY,,2026-06-30,2026-06-30,11350.00,CE,MIDCPNIFTY26JUN11350CE,0.00,0.00,0.00,1196.20,0.00,1196.20,14168.90,2911.05,0,0,0,0.00,0,F1,120,,,,,
2026-05-15,2026-05-15,FO,NSE,IDO,78070,,MIDCPNIFTY,,2026-06-30,2026-06-30,11050.00,CE,MIDCPNIFTY26JUN11050CE,0.00,0.00,0.00,1427.55,0.00,1427.55,14168.90,3207.85,0,0,0,0.00,0,F1,120,,,,,
2026-05-15,2026-05-15,FO,NSE,IDO,78063,,MIDCPNIFTY,,2026-06-30,2026-06-30,10975.00,CE,MIDCPNIFTY26JUN10975CE,0.00,0.00,0.00,1488.30,0.00,1488.30,14168.90,3282.15,0,0,0,0.00,0,F1,120,,,,,
2026-05-15,2026-05-15,FO,NSE,IDO,78027,,MIDCPNIFTY,,2026-06-30,2026-06-30,10950.00,CE,MIDCPNIFTY26JUN10950CE,0.00,0.00,0.00,1508.80,0.00,1508.80,14168.90,3306.90,0,0,0,0.00,0,F1,120,,,,,
2026-05-15,2026-05-15,FO,NSE,IDO,35476,,MIDCPNIFTY,,2026-05-26,2026-05-26,15850.00,CE,MIDCPNIFTY26MAY15850CE,0.00,0.00,0.00,74.65,0.00,74.65,14168.90,0.85,0,0,0,0.00,0,F1,120,,,,,
2026-05-15,2026-05-15,FO,NSE,IDO,71181,,MIDCPNIFTY,,2026-05-26,2026-05-26,15525.00,CE,MIDCPNIFTY26MAY15525CE,0.00,0.00,0.00,3.80,3.80,3.80,14168.90,3.70,600,0,0,0.00,0,F1,120,,,,,
2026-05-15,2026-05-15,FO,NSE,IDO,71027,,MIDCPNIFTY,,2026-05-26,2026-05-26,15125.00,CE,MIDCPNIFTY26MAY15125CE,11.50,11.95,8.60,9.00,9.20,13.00,14168.90,9.00,6240,-120,39,70829742.00,23,F1,120,,,,,
2026-05-15,2026-05-15,FO,NSE,IDO,70988,,MIDCPNIFTY,,2026-05-26,2026-05-26,14850.00,CE,MIDCPNIFTY26MAY14850CE,33.40,40.95,23.15,24.10,24.10,41.05,14168.90,24.10,20880,-1800,187,333886950.00,144,F1,120,,,,,
2026-05-15,2026-05-15,FO,NSE,IDO,70978,,MIDCPNIFTY,,2026-05-26,2026-05-26,14725.00,CE,MIDCPNIFTY26MAY14725CE,60.40,70.85,36.25,37.90,37.85,66.60,14168.90,37.90,8760,3000,153,271205484.00,122,F1,120,,,,,
2026-05-15,2026-05-15,FO,NSE,IDO,70946,,MIDCPNIFTY,,2026-05-26,2026-05-26,14350.00,CE,MIDCPNIFTY26MAY14350CE,183.00,223.00,125.10,131.95,130.25,197.80,14168.90,131.95,30600,5400,1428,2489413416.00,1331,F1,120,,,,,
2026-05-15,2026-05-15,FO,NSE,IDO,70820,,MIDCPNIFTY,,2026-05-26,2026-05-26,13800.00,CE,MIDCPNIFTY26MAY13800CE,550.10,596.35,443.45,455.70,443.45,575.35,14168.90,455.70,56280,-1800,41,70405794.00,30,F1,120,,,,,
2026-05-15,2026-05-15,FO,NSE,IDO,70649,,MIDCPNIFTY,,2026-05-26,2026-05-26,13150.00,CE,MIDCPNIFTY26MAY13150CE,0.00,0.00,0.00,853.60,0.00,853.60,14168.90,1050.00,0,0,0,0.00,0,F1,120,,,,,
2026-05-15,2026-05-15,FO,NSE,IDO,70587,,MIDCPNIFTY,,2026-05-26,2026-05-26,12800.00,CE,MIDCPNIFTY26MAY12800CE,0.00,0.00,0.00,1084.80,0.00,1084.80,14168.90,1392.85,0,0,0,0.00,0,F1,120,,,,,
2026-05-15,2026-05-15,FO,NSE,IDO,70489,,MIDCPNIFTY,,2026-05-26,2026-05-26,12150.00,CE,MIDCPNIFTY26MAY12150CE,0.00,0.00,0.00,1589.05,0.00,1589.05,14168.90,2040.40,0,0,0,0.00,0,F1,120,,,,,
2026-05-15,2026-05-15,FO,NSE,IDO,43688,,MIDCPNIFTY,,2026-05-26,2026-05-26,10950.00,CE,MIDCPNIFTY26MAY10950CE,0.00,0.00,0.00,2266.75,0.00,2266.75,14168.90,3238.25,0,0,0,0.00,0,F1,120,,,,,
2026-05-15,2026-05-15,FO,NSE,IDO,63596,,MIDCPNIFTY,,2026-07-28,2026-07-28,15725.00,PE,MIDCPNIFTY26JUL15725PE,0.00,0.00,0.00,1716.70,0.00,1716.70,14168.90,1535.90,0,0,0,0.00,0,F1,120,,,,,
2026-05-15,2026-05-15,FO,NSE,IDO,63590,,MIDCPNIFTY,,2026-07-28,2026-07-28,15650.00,PE,MIDCPNIFTY26JUL15650PE,0.00,0.00,0.00,1656.45,0.00,1656.45,14168.90,1476.10,0,0,0,0.00,0,F1,120,,,,,
2026-05-15,2026-05-15,FO,NSE,IDO,63580,,MIDCPNIFTY,,2026-07-28,2026-07-28,15525.00,PE,MIDCPNIFTY26JUL15525PE,0.00,0.00,0.00,1557.80,0.00,1557.80,14168.90,1378.40,0,0,0,0.00,0,F1,120,,,,,
2026-05-15,2026-05-15,FO,NSE,IDO,78717,,MIDCPNIFTY,,2026-06-30,2026-06-30,14375.00,PE,MIDCPNIFTY26JUN14375PE,0.00,0.00,0.00,2034.35,0.00,2034.35,14168.90,533.90,0,0,0,0.00,0,F1,120,,,,,
2026-05-15,2026-05-15,FO,NSE,IDO,78698,,MIDCPNIFTY,,2026-06-30,2026-06-30,14325.00,PE,MIDCPNIFTY26JUN14325PE,0.00,0.00,0.00,390.70,390.70,390.70,14168.90,507.15,120,0,0,0.00,0,F1,120,,,,,
2026-05-15,2026-05-15,FO,NSE,IDO,78525,,MIDCPNIFTY,,2026-06-30,2026-06-30,13350.00,PE,MIDCPNIFTY26JUN13350PE,0.00,0.00,0.00,1187.80,0.00,1187.80,14168.90,145.05,0,0,0,0.00,0,F1,120,,,,,
2026-05-15,2026-05-15,FO,NSE,IDO,78521,,MIDCPNIFTY,,2026-06-30,2026-06-30,13300.00,PE,MIDCPNIFTY26JUN13300PE,0.00,0.00,0.00,1150.75,0.00,1150.75,14168.90,134.05,0,0,0,0.00,0,F1,120,,,,,
2026-05-15,2026-05-15,FO,NSE,IDO,78386,,MIDCPNIFTY,,2026-06-30,2026-06-30,12950.00,PE,MIDCPNIFTY26JUN12950PE,0.00,0.00,0.00,906.25,0.00,906.25,14168.90,73.60,0,0,0,0.00,0,F1,120,,,,,
2026-05-15,2026-05-15,FO,NSE,IDO,78376,,MIDCPNIFTY,,2026-06-30,2026-06-30,12925.00,PE,MIDCPNIFTY26JUN12925PE,0.00,0.00,0.00,889.85,0.00,889.85,14168.90,70.25,0,0,0,0.00,0,F1,120,,,,,
2026-05-15,2026-05-15,FO,NSE,IDO,78374,,MIDCPNIFTY,,2026-06-30,2026-06-30,12900.00,PE,MIDCPNIFTY26JUN12900PE,0.00,0.00,0.00,873.60,0.00,873.60,14168.90,67.05,0,0,0,0.00,0,F1,120,,,,,
2026-05-15,2026-05-15,FO,NSE,IDO,78366,,MIDCPNIFTY,,2026-06-30,2026-06-30,12800.00,PE,MIDCPNIFTY26JUN12800PE,0.00,0.00,0.00,810.20,0.00,810.20,14168.90,55.35,0,0,0,0.00,0,F1,120,,,,,
2026-05-15,2026-05-15,FO,NSE,IDO,78304,,MIDCPNIFTY,,2026-06-30,2026-06-30,12500.00,PE,MIDCPNIFTY26JUN12500PE,36.05,42.50,33.25,41.00,41.00,36.05,14168.90,29.75,15480,2280,30,45133062.00,16,F1,120,,,,,
2026-05-15,2026-05-15,FO,NSE,IDO,78290,,MIDCPNIFTY,,2026-06-30,2026-06-30,12375.00,PE,MIDCPNIFTY26JUN12375PE,0.00,0.00,0.00,568.65,0.00,568.65,14168.90,22.45,0,0,0,0.00,0,F1,120,,,,,
2026-05-15,2026-05-15,FO,NSE,IDO,78241,,MIDCPNIFTY,,2026-06-30,2026-06-30,11950.00,PE,MIDCPNIFTY26JUN11950PE,0.00,0.00,0.00,375.30,0.00,375.30,14168.90,7.75,0,0,0,0.00,0,F1,120,,,,,
2026-05-15,2026-05-15,FO,NSE,IDO,78135,,MIDCPNIFTY,,2026-06-30,2026-06-30,11750.00,PE,MIDCPNIFTY26JUN11750PE,0.00,0.00,0.00,301.15,0.00,301.15,14168.90,4.40,0,0,0,0.00,0,F1,120,,,,,
2026-05-15,2026-05-15,FO,NSE,IDO,78098,,MIDCPNIFTY,,2026-06-30,2026-06-30,11300.00,PE,MIDCPNIFTY26JUN11300PE,0.00,0.00,0.00,172.20,0.00,172.20,14168.90,1.05,0,0,0,0.00,0,F1,120,,,,,
2026-05-15,2026-05-15,FO,NSE,IDO,78067,,MIDCPNIFTY,,2026-06-30,2026-06-30,11000.00,PE,MIDCPNIFTY26JUN11000PE,0.00,0.00,0.00,112.15,0.00,112.15,14168.90,0.35,0,0,0,0.00,0,F1,120,,,,,
2026-05-15,2026-05-15,FO,NSE,IDO,35014,,MIDCPNIFTY,,2026-05-26,2026-05-26,15725.00,PE,MIDCPNIFTY26MAY15725PE,0.00,0.00,0.00,1987.25,0.00,1987.25,14168.90,1529.85,0,0,0,0.00,0,F1,120,,,,,
2026-05-15,2026-05-15,FO,NSE,IDO,71178,,MIDCPNIFTY,,2026-05-26,2026-05-26,15475.00,PE,MIDCPNIFTY26MAY15475PE,0.00,0.00,0.00,1863.25,0.00,1863.25,14168.90,1283.30,0,0,0,0.00,0,F1,120,,,,,
2026-05-15,2026-05-15,FO,NSE,IDO,71038,,MIDCPNIFTY,,2026-05-26,2026-05-26,15200.00,PE,MIDCPNIFTY26MAY15200PE,0.00,0.00,0.00,1627.60,0.00,1627.60,14168.90,1017.65,0,0,0,0.00,0,F1,120,,,,,
2026-05-15,2026-05-15,FO,NSE,IDO,71024,,MIDCPNIFTY,,2026-05-26,2026-05-26,15075.00,PE,MIDCPNIFTY26MAY15075PE,0.00,0.00,0.00,1523.85,0.00,1523.85,14168.90,900.45,0,0,0,0.00,0,F1,120,,,,,
2026-05-15,2026-05-15,FO,NSE,IDO,70965,,MIDCPNIFTY,,2026-05-26,2026-05-26,14550.00,PE,MIDCPNIFTY26MAY14550PE,332.50,453.95,332.50,453.95,453.95,357.00,14168.90,453.95,15240,-120,25,44867922.00,25,F1,120,,,,,
2026-05-15,2026-05-15,FO,NSE,IDO,70860,,MIDCPNIFTY,,2026-05-26,2026-05-26,14200.00,PE,MIDCPNIFTY26MAY14200PE,185.25,250.00,162.25,227.85,220.15,179.10,14168.90,227.85,234720,43680,13907,24043697250.00,12329,F1,120,,,,,
2026-05-15,2026-05-15,FO,NSE,IDO,70831,,MIDCPNIFTY,,2026-05-26,2026-05-26,13925.00,PE,MIDCPNIFTY26MAY13925PE,93.75,125.35,87.10,119.90,114.15,98.00,14168.90,119.90,10320,2040,35,58938456.00,27,F1,120,,,,,
2026-05-15,2026-05-15,FO,NSE,IDO,70809,,MIDCPNIFTY,,2026-05-26,2026-05-26,13650.00,PE,MIDCPNIFTY26MAY13650PE,48.00,67.20,42.80,60.35,61.00,48.25,14168.90,60.35,13320,360,80,131538786.00,76,F1,120,,,,,
2026-05-15,2026-05-15,FO,NSE,IDO,70793,,MIDCPNIFTY,,2026-05-26,2026-05-26,13450.00,PE,MIDCPNIFTY26MAY13450PE,28.50,37.40,26.50,35.10,35.10,27.20,14168.90,35.10,12720,-1560,42,67940730.00,35,F1,120,,,,,
2026-05-15,2026-05-15,FO,NSE,IDO,70747,,MIDCPNIFTY,,2026-05-26,2026-05-26,13275.00,PE,MIDCPNIFTY26MAY13275PE,18.10,24.20,16.55,21.80,21.50,18.10,14168.90,21.80,9960,240,22,35096424.00,14,F1,120,,,,,
2026-05-15,2026-05-15,FO,NSE,IDO,70617,,MIDCPNIFTY,,2026-05-26,2026-05-26,12850.00,PE,MIDCPNIFTY26MAY12850PE,4.20,9.35,4.20,8.70,8.70,8.25,14168.90,1.75,3600,1680,52,80232060.00,39,F1,120,,,,,
2026-05-15,2026-05-15,FO,NSE,IDO,70490,,MIDCPNIFTY,,2026-05-26,2026-05-26,12150.00,PE,MIDCPNIFTY26MAY12150PE,2.85,9.75,2.40,2.40,2.40,2.70,14168.90,0.05,1200,0,18,26250930.00,8,F1,120,,,,,
2026-05-15,2026-05-15,FO,NSE,IDO,70458,,MIDCPNIFTY,,2026-05-26,2026-05-26,11975.00,PE,MIDCPNIFTY26MAY11975PE,0.00,0.00,0.00,3.00,3.00,3.00,14168.90,0.00,2400,0,0,0.00,0,F1,120,,,,,
2026-05-15,2026-05-15,FO,NSE,IDO,70427,,MIDCPNIFTY,,2026-05-26,2026-05-26,11850.00,PE,MIDCPNIFTY26MAY11850PE,0.00,0.00,0.00,2.65,2.65,2.65,14168.90,0.00,840,0,0,0.00,0,F1,120,,,,,
2026-05-15,2026-05-15,FO,NSE,IDO,70306,,MIDCPNIFTY,,2026-05-26,2026-05-26,11425.00,PE,MIDCPNIFTY26MAY11425PE,0.00,0.00,0.00,24.45,0.00,24.45,14168.90,0.00,0,0,0,0.00,0,F1,120,,,,,
2026-05-15,2026-05-15,FO,NSE,IDO,70242,,MIDCPNIFTY,,2026-05-26,2026-05-26,11275.00,PE,MIDCPNIFTY26MAY11275PE,0.00,0.00,0.00,0.90,0.90,0.90,14168.90,0.00,480,0,0,0.00,0,F1,120,,,,,
2026-05-15,2026-05-15,FO,NSE,IDO,40451,,MIDCPNIFTY,,2026-05-26,2026-05-26,11075.00,PE,MIDCPNIFTY26MAY11075PE,0.00,0.00,0.00,12.35,0.00,12.35,14168.90,0.00,0,0,0,0.00,0,F1,120,,,,,
2026-05-15,2026-05-15,FO,NSE,IDO,63585,,MIDCPNIFTY,,2026-07-28,2026-07-28,15600.00,CE,MIDCPNIFTY26JUL15600CE,0.00,0.00,0.00,227.65,227.65,227.65,14168.90,206.10,120,0,0,0.00,0,F1,120,,,,,
2026-05-15,2026-05-15,FO,NSE,IDO,63579,,MIDCPNIFTY,,2026-07-28,2026-07-28,15525.00,CE,MIDCPNIFTY26JUL15525CE,0.00,0.00,0.00,231.85,0.00,231.85,14168.90,221.80,0,0,0,0.00,0,F1,120,,,,,
2026-05-15,2026-05-15,FO,NSE,IDO,63523,,MIDCPNIFTY,,2026-07-28,2026-07-28,14850.00,CE,MIDCPNIFTY26JUL14850CE,0.00,0.00,0.00,408.60,0.00,408.60,14168.90,411.40,0,0,0,0.00,0,F1,120,,,,,
2026-05-15,2026-05-15,FO,NSE,IDO,63511,,MIDCPNIFTY,,2026-07-28,2026-07-28,14700.00,CE,MIDCPNIFTY26JUL14700CE,0.00,0.00,0.00,459.50,0.00,459.50,14168.90,466.85,0,0,0,0.00,0,F1,120,,,,,
2026-05-15,2026-05-15,FO,NSE,IDO,63453,,MIDCPNIFTY,,2026-07-28,2026-07-28,13975.00,CE,MIDCPNIFTY26JUL13975CE,0.00,0.00,0.00,774.25,0.00,774.25,14168.90,812.45,0,0,0,0.00,0,F1,120,,,,,
2026-05-15,2026-05-15,FO,NSE,IDO,63381,,MIDCPNIFTY,,2026-07-28,2026-07-28,13125.00,CE,MIDCPNIFTY26JUL13125CE,0.00,0.00,0.00,1296.80,0.00,1296.80,14168.90,1383.75,0,0,0,0.00,0,F1,120,,,,,
2026-05-15,2026-05-15,FO,NSE,IDO,78813,,MIDCPNIFTY,,2026-06-30,2026-06-30,15800.00,CE,MIDCPNIFTY26JUN15800CE,0.00,0.00,0.00,11.45,0.00,11.45,14168.90,75.85,0,0,0,0.00,0,F1,120,,,,,
2026-05-15,2026-05-15,FO,NSE,IDO,40770,,MIDCPNIFTY,,2026-06-30,2026-06-30,15250.00,CE,MIDCPNIFTY26JUN15250CE,0.00,0.00,0.00,112.75,0.00,112.75,14168.90,161.70,0,0,0,0.00,0,F1,120,,,,,
2026-05-15,2026-05-15,FO,NSE,IDO,40754,,MIDCPNIFTY,,2026-06-30,2026-06-30,15175.00,CE,MIDCPNIFTY26JUN15175CE,0.00,0.00,0.00,122.20,0.00,122.20,14168.90,178.50,0,0,0,0.00,0,F1,120,,,,,
2026-05-15,2026-05-15,FO,NSE,IDO,35130,,MIDCPNIFTY,,2026-06-30,2026-06-30,14675.00,CE,MIDCPNIFTY26JUN14675CE,0.00,0.00,0.00,82.95,0.00,82.95,14168.90,322.05,0,0,0,0.00,0,F1,120,,,,,
2026-05-15,2026-05-15,FO,NSE,IDO,78773,,MIDCPNIFTY,,2026-06-30,2026-06-30,14600.00,CE,MIDCPNIFTY26JUN14600CE,0.00,0.00,0.00,57.40,0.00,57.40,14168.90,349.65,0,0,0,0.00,0,F1,120,,,,,
2026-05-15,2026-05-15,FO,NSE,IDO,78524,,MIDCPNIFTY,,2026-06-30,2026-06-30,13350.00,CE,MIDCPNIFTY26JUN13350CE,0.00,0.00,0.00,235.70,0.00,235.70,14168.90,1070.85,0,0,0,0.00,0,F1,120,,,,,
2026-05-15,2026-05-15,FO,NSE,IDO,78481,,MIDCPNIFTY,,2026-06-30,2026-06-30,13100.00,CE,MIDCPNIFTY26JUN13100CE,0.00,0.00,0.00,300.95,0.00,300.95,14168.90,1269.95,0,0,0,0.00,0,F1,120,,,,,
2026-05-15,2026-05-15,FO,NSE,IDO,78283,,MIDCPNIFTY,,2026-06-30,2026-06-30,12300.00,CE,MIDCPNIFTY26JUN12300CE,0.00,0.00,0.00,610.05,0.00,610.05,14168.90,1986.25,0,0,0,0.00,0,F1,120,,,,,
2026-05-15,2026-05-15,FO,NSE,IDO,78275,,MIDCPNIFTY,,2026-06-30,2026-06-30,12200.00,CE,MIDCPNIFTY26JUN12200CE,0.00,0.00,0.00,660.40,0.00,660.40,14168.90,2081.40,0,0,0,0.00,0,F1,120,,,,,
2026-05-15,2026-05-15,FO,NSE,IDO,78131,,MIDCPNIFTY,,2026-06-30,2026-06-30,11725.00,CE,MIDCPNIFTY26JUN11725CE,0.00,0.00,0.00,936.40,0.00,936.40,14168.90,2541.90,0,0,0,0.00,0,F1,120,,,,,
2026-05-15,2026-05-15,FO,NSE,IDO,78113,,MIDCPNIFTY,,2026-06-30,2026-06-30,11500.00,CE,MIDCPNIFTY26JUN11500CE,0.00,0.00,0.00,1088.50,0.00,1088.50,14168.90,2763.05,0,0,0,0.00,0,F1,120,,,,,
2026-05-15,2026-05-15,FO,NSE,IDO,71197,,MIDCPNIFTY,,2026-05-26,2026-05-26,15800.00,CE,MIDCPNIFTY26MAY15800CE,1.75,1.90,1.20,1.60,1.30,1.85,14168.90,1.60,65400,3240,216,409577946.00,106,F1,120,,,,,
2026-05-15,2026-05-15,FO,NSE,IDO,71127,,MIDCPNIFTY,,2026-05-26,2026-05-26,15350.00,CE,MIDCPNIFTY26MAY15350CE,4.65,4.65,2.50,2.85,3.20,5.05,14168.90,2.85,7680,-480,35,64485618.00,12,F1,120,,,,,
2026-05-15,2026-05-15,FO,NSE,IDO,70954,,MIDCPNIFTY,,2026-05-26,2026-05-26,14425.00,CE,MIDCPNIFTY26MAY14425CE,159.10,182.75,101.45,106.10,104.85,159.75,14168.90,106.10,15000,-3000,310,542072214.00,255,F1,120,,,,,
2026-05-15,2026-05-15,FO,NSE,IDO,70859,,MIDCPNIFTY,,2026-05-26,2026-05-26,14200.00,CE,MIDCPNIFTY26MAY14200CE,290.05,312.40,188.30,199.55,198.00,279.15,14168.90,199.55,317400,18600,13957,24186998808.00,12059,F1,120,,,,,
2026-05-15,2026-05-15,FO,NSE,IDO,70800,,MIDCPNIFTY,,2026-05-26,2026-05-26,13550.00,CE,MIDCPNIFTY26MAY13550CE,0.00,0.00,0.00,540.30,540.30,540.30,14168.90,682.50,840,0,0,0.00,0,F1,120,,,,,
2026-05-15,2026-05-15,FO,NSE,IDO,70796,,MIDCPNIFTY,,2026-05-26,2026-05-26,13500.00,CE,MIDCPNIFTY26MAY13500CE,814.15,815.00,707.70,707.70,707.70,815.50,14168.90,725.95,65640,120,13,22280622.00,11,F1,120,,,,,
2026-05-15,2026-05-15,FO,NSE,IDO,70654,,MIDCPNIFTY,,2026-05-26,2026-05-26,13200.00,CE,MIDCPNIFTY26MAY13200CE,0.00,0.00,0.00,966.35,966.35,966.35,14168.90,1002.10,2160,0,0,0.00,0,F1,120,,,,,
2026-05-15,2026-05-15,FO,NSE,IDO,70624,,MIDCPNIFTY,,2026-05-26,2026-05-26,12950.00,CE,MIDCPNIFTY26MAY12950CE,0.00,0.00,0.00,981.55,0.00,981.55,14168.90,1244.75,0,0,0,0.00,0,F1,120,,,,,
2026-05-15,2026-05-15,FO,NSE,IDO,70620,,MIDCPNIFTY,,2026-05-26,2026-05-26,12900.00,CE,MIDCPNIFTY26MAY12900CE,0.00,0.00,0.00,1015.15,0.00,1015.15,14168.90,1293.95,0,0,0,0.00,0,F1,120,,,,,
2026-05-15,2026-05-15,FO,NSE,IDO,70544,,MIDCPNIFTY,,2026-05-26,2026-05-26,12725.00,CE,MIDCPNIFTY26MAY12725CE,0.00,0.00,0.00,1138.35,0.00,1138.35,14168.90,1467.25,0,0,0,0.00,0,F1,120,,,,,
2026-05-15,2026-05-15,FO,NSE,IDO,70542,,MIDCPNIFTY,,2026-05-26,2026-05-26,12700.00,CE,MIDCPNIFTY26MAY12700CE,0.00,0.00,0.00,1156.55,0.00,1156.55,14168.90,1492.10,0,0,0,0.00,0,F1,120,,,,,
2026-05-15,2026-05-15,FO,NSE,IDO,70473,,MIDCPNIFTY,,2026-05-26,2026-05-26,12075.00,CE,MIDCPNIFTY26MAY12075CE,0.00,0.00,0.00,1652.65,0.00,1652.65,14168.90,2115.25,0,0,0,0.00,0,F1,120,,,,,
2026-05-15,2026-05-15,FO,NSE,IDO,70428,,MIDCPNIFTY,,2026-05-26,2026-05-26,11875.00,CE,MIDCPNIFTY26MAY11875CE,0.00,0.00,0.00,1826.45,0.00,1826.45,14168.90,2314.90,0,0,0,0.00,0,F1,120,,,,,
2026-05-15,2026-05-15,FO,NSE,IDO,40448,,MIDCPNIFTY,,2026-05-26,2026-05-26,11075.00,CE,MIDCPNIFTY26MAY11075CE,0.00,0.00,0.00,2398.15,0.00,2398.15,14168.90,3113.50,0,0,0,0.00,0,F1,120,,,,,
2026-05-15,2026-05-15,FO,NSE,IDO,43684,,MIDCPNIFTY,,2026-05-26,2026-05-26,10875.00,CE,MIDCPNIFTY26MAY10875CE,0.00,0.00,0.00,2338.20,0.00,2338.20,14168.90,3313.15,0,0,0,0.00,0,F1,120,,,,,
2026-05-15,2026-05-15,FO,NSE,IDO,63568,,MIDCPNIFTY,,2026-07-28,2026-07-28,15375.00,PE,MIDCPNIFTY26JUL15375PE,0.00,0.00,0.00,1443.00,0.00,1443.00,14168.90,1265.15,0,0,0,0.00,0,F1,120,,,,,
2026-05-15,2026-05-15,FO,NSE,IDO,63510,,MIDCPNIFTY,,2026-07-28,2026-07-28,14675.00,PE,MIDCPNIFTY26JUL14675PE,0.00,0.00,0.00,956.60,0.00,956.60,14168.90,794.10,0,0,0,0.00,0,F1,120,,,,,
2026-05-15,2026-05-15,FO,NSE,IDO,63494,,MIDCPNIFTY,,2026-07-28,2026-07-28,14475.00,PE,MIDCPNIFTY26JUL14475PE,0.00,0.00,0.00,835.70,0.00,835.70,14168.90,680.10,0,0,0,0.00,0,F1,120,,,,,
2026-05-15,2026-05-15,FO,NSE,IDO,63484,,MIDCPNIFTY,,2026-07-28,2026-07-28,14350.00,PE,MIDCPNIFTY26JUL14350PE,0.00,0.00,0.00,764.60,0.00,764.60,14168.90,613.90,0,0,0,0.00,0,F1,120,,,,,
2026-05-15,2026-05-15,FO,NSE,IDO,63468,,MIDCPNIFTY,,2026-07-28,2026-07-28,14150.00,PE,MIDCPNIFTY26JUL14150PE,0.00,0.00,0.00,658.05,0.00,658.05,14168.90,516.15,0,0,0,0.00,0,F1,120,,,,,
2026-05-15,2026-05-15,FO,NSE,IDO,63434,,MIDCPNIFTY,,2026-07-28,2026-07-28,13775.00,PE,MIDCPNIFTY26JUL13775PE,0.00,0.00,0.00,483.25,0.00,483.25,14168.90,360.20,0,0,0,0.00,0,F1,120,,,,,
2026-05-15,2026-05-15,FO,NSE,IDO,63406,,MIDCPNIFTY,,2026-07-28,2026-07-28,13425.00,PE,MIDCPNIFTY26JUL13425PE,0.00,0.00,0.00,349.45,0.00,349.45,14168.90,246.75,0,0,0,0.00,0,F1,120,,,,,
2026-05-15,2026-05-15,FO,NSE,IDO,63348,,MIDCPNIFTY,,2026-07-28,2026-07-28,12700.00,PE,MIDCPNIFTY26JUL12700PE,0.00,0.00,0.00,157.20,0.00,157.20,14168.90,95.40,0,0,0,0.00,0,F1,120,,,,,
2026-05-15,2026-05-15,FO,NSE,IDO,63340,,MIDCPNIFTY,,2026-07-28,2026-07-28,12600.00,PE,MIDCPNIFTY26JUL12600PE,0.00,0.00,0.00,138.65,0.00,138.65,14168.90,82.10,0,0,0,0.00,0,F1,120,,,,,
2026-05-15,2026-05-15,FO,NSE,IDO,54671,,MIDCPNIFTY,,2026-06-30,2026-06-30,15950.00,PE,MIDCPNIFTY26JUN15950PE,0.00,0.00,0.00,2019.80,0.00,2019.80,14168.90,1714.05,0,0,0,0.00,0,F1,120,,,,,
2026-05-15,2026-05-15,FO,NSE,IDO,53810,,MIDCPNIFTY,,2026-06-30,2026-06-30,15850.00,PE,MIDCPNIFTY26JUN15850PE,0.00,0.00,0.00,2066.45,0.00,2066.45,14168.90,1624.65,0,0,0,0.00,0,F1,120,,,,,
2026-05-15,2026-05-15,FO,NSE,IDO,49280,,MIDCPNIFTY,,2026-06-30,2026-06-30,15625.00,PE,MIDCPNIFTY26JUN15625PE,0.00,0.00,0.00,2094.65,0.00,2094.65,14168.90,1428.45,0,0,0,0.00,0,F1,120,,,,,
2026-05-15,2026-05-15,FO,NSE,IDO,40731,,MIDCPNIFTY,,2026-06-30,2026-06-30,14925.00,PE,MIDCPNIFTY26JUN14925PE,0.00,0.00,0.00,1650.45,0.00,1650.45,14168.90,878.20,0,0,0,0.00,0,F1,120,,,,,
2026-05-15,2026-05-15,FO,NSE,IDO,41340,,MIDCPNIFTY,,2026-06-30,2026-06-30,14850.00,PE,MIDCPNIFTY26JUN14850PE,0.00,0.00,0.00,2083.35,0.00,2083.35,14168.90,826.10,0,0,0,0.00,0,F1,120,,,,,
2026-05-15,2026-05-15,FO,NSE,IDO,78774,,MIDCPNIFTY,,2026-06-30,2026-06-30,14600.00,PE,MIDCPNIFTY26JUN14600PE,0.00,0.00,0.00,2237.10,0.00,2237.10,14168.90,663.85,0,0,0,0.00,0,F1,120,,,,,
2026-05-15,2026-05-15,FO,NSE,IDO,35121,,MIDCPNIFTY,,2026-06-30,2026-06-30,14550.00,PE,MIDCPNIFTY26JUN14550PE,0.00,0.00,0.00,1927.90,0.00,1927.90,14168.90,633.60,0,0,0,0.00,0,F1,120,,,,,
2026-05-15,2026-05-15,FO,NSE,IDO,63586,,MIDCPNIFTY,,2026-07-28,2026-07-28,15600.00,PE,MIDCPNIFTY26JUL15600PE,0.00,0.00,0.00,1616.75,0.00,1616.75,14168.90,1436.70,0,0,0,0.00,0,F1,120,,,,,
2026-05-15,2026-05-15,FO,NSE,IDO,63560,,MIDCPNIFTY,,2026-07-28,2026-07-28,15275.00,PE,MIDCPNIFTY26JUL15275PE,0.00,0.00,0.00,1368.05,0.00,1368.05,14168.90,1191.05,0,0,0,0.00,0,F1,120,,,,,
2026-05-15,2026-05-15,FO,NSE,IDO,63552,,MIDCPNIFTY,,2026-07-28,2026-07-28,15175.00,PE,MIDCPNIFTY26JUL15175PE,0.00,0.00,0.00,1294.30,0.00,1294.30,14168.90,1119.55,0,0,0,0.00,0,F1,120,,,,,
2026-05-15,2026-05-15,FO,NSE,IDO,63540,,MIDCPNIFTY,,2026-07-28,2026-07-28,15025.00,PE,MIDCPNIFTY26JUL15025PE,0.00,0.00,0.00,1187.95,0.00,1187.95,14168.90,1016.15,0,0,0,0.00,0,F1,120,,,,,
2026-05-15,2026-05-15,FO,NSE,IDO,63536,,MIDCPNIFTY,,2026-07-28,2026-07-28,14975.00,PE,MIDCPNIFTY26JUL14975PE,0.00,0.00,0.00,1153.45,0.00,1153.45,14168.90,982.75,0,0,0,0.00,0,F1,120,,,,,
2026-05-15,2026-05-15,FO,NSE,IDO,63506,,MIDCPNIFTY,,2026-07-28,2026-07-28,14625.00,PE,MIDCPNIFTY26JUL14625PE,0.00,0.00,0.00,925.60,0.00,925.60,14168.90,764.70,0,0,0,0.00,0,F1,120,,,,,
2026-05-15,2026-05-15,FO,NSE,IDO,63492,,MIDCPNIFTY,,2026-07-28,2026-07-28,14450.00,PE,MIDCPNIFTY26JUL14450PE,0.00,0.00,0.00,821.20,0.00,821.20,14168.90,666.55,0,0,0,0.00,0,F1,120,,,,,
2026-05-15,2026-05-15,FO,NSE,IDO,63490,,MIDCPNIFTY,,2026-07-28,2026-07-28,14425.00,PE,MIDCPNIFTY26JUL14425PE,0.00,0.00,0.00,806.85,0.00,806.85,14168.90,653.15,0,0,0,0.00,0,F1,120,,,,,
2026-05-15,2026-05-15,FO,NSE,IDO,63478,,MIDCPNIFTY,,2026-07-28,2026-07-28,14275.00,PE,MIDCPNIFTY26JUL14275PE,0.00,0.00,0.00,723.60,0.00,723.60,14168.90,576.05,0,0,0,0.00,0,F1,120,,,,,
2026-05-15,2026-05-15,FO,NSE,IDO,63412,,MIDCPNIFTY,,2026-07-28,2026-07-28,13500.00,PE,MIDCPNIFTY26JUL13500PE,0.00,0.00,0.00,375.75,0.00,375.75,14168.90,268.15,0,0,0,0.00,0,F1,120,,,,,
2026-05-15,2026-05-15,FO,NSE,IDO,63410,,MIDCPNIFTY,,2026-07-28,2026-07-28,13475.00,PE,MIDCPNIFTY26JUL13475PE,0.00,0.00,0.00,366.85,0.00,366.85,14168.90,260.65,0,0,0,0.00,0,F1,120,,,,,
2026-05-15,2026-05-15,FO,NSE,IDO,63402,,MIDCPNIFTY,,2026-07-28,2026-07-28,13375.00,PE,MIDCPNIFTY26JUL13375PE,0.00,0.00,0.00,332.60,0.00,332.60,14168.90,232.90,0,0,0,0.00,0,F1,120,,,,,
2026-05-15,2026-05-15,FO,NSE,IDO,63396,,MIDCPNIFTY,,2026-07-28,2026-07-28,13300.00,PE,MIDCPNIFTY26JUL13300PE,0.00,0.00,0.00,308.35,0.00,308.35,14168.90,213.15,0,0,0,0.00,0,F1,120,,,,,
2026-05-15,2026-05-15,FO,NSE,IDO,63390,,MIDCPNIFTY,,2026-07-28,2026-07-28,13225.00,PE,MIDCPNIFTY26JUL13225PE,0.00,0.00,0.00,285.35,0.00,285.35,14168.90,194.10,0,0,0,0.00,0,F1,120,,,,,
2026-05-15,2026-05-15,FO,NSE,IDO,40777,,MIDCPNIFTY,,2026-06-30,2026-06-30,15350.00,PE,MIDCPNIFTY26JUN15350PE,0.00,0.00,0.00,2011.90,0.00,2011.90,14168.90,1200.05,0,0,0,0.00,0,F1,120,,,,,
2026-05-15,2026-05-15,FO,NSE,IDO,40775,,MIDCPNIFTY,,2026-06-30,2026-06-30,15325.00,PE,MIDCPNIFTY26JUN15325PE,0.00,0.00,0.00,1990.05,0.00,1990.05,14168.90,1180.00,0,0,0,0.00,0,F1,120,,,,,
2026-05-15,2026-05-15,FO,NSE,IDO,78782,,MIDCPNIFTY,,2026-06-30,2026-06-30,15000.00,PE,MIDCPNIFTY26JUN15000PE,850.00,850.00,850.00,850.00,850.00,2607.00,14168.90,850.00,240,240,2,3804000.00,2,F1,120,,,,,
2026-05-15,2026-05-15,FO,NSE,IDO,40735,,MIDCPNIFTY,,2026-06-30,2026-06-30,14950.00,PE,MIDCPNIFTY26JUN14950PE,0.00,0.00,0.00,1671.05,0.00,1671.05,14168.90,895.90,0,0,0,0.00,0,F1,120,,,,,
2026-05-15,2026-05-15,FO,NSE,IDO,35129,,MIDCPNIFTY,,2026-06-30,2026-06-30,14650.00,PE,MIDCPNIFTY26JUN14650PE,0.00,0.00,0.00,2015.75,0.00,2015.75,14168.90,694.85,0,0,0,0.00,0,F1,120,,,,,
2026-05-15,2026-05-15,FO,NSE,IDO,78700,,MIDCPNIFTY,,2026-06-30,2026-06-30,14350.00,PE,MIDCPNIFTY26JUN14350PE,399.60,399.60,399.60,399.60,399.60,2012.10,14168.90,520.40,240,240,2,3539904.00,1,F1,120,,,,,
2026-05-15,2026-05-15,FO,NSE,IDO,78684,,MIDCPNIFTY,,2026-06-30,2026-06-30,14300.00,PE,MIDCPNIFTY26JUN14300PE,389.35,469.95,384.10,467.10,464.25,393.30,14168.90,467.10,360,120,6,10598340.00,6,F1,120,,,,,
2026-05-15,2026-05-15,FO,NSE,IDO,78647,,MIDCPNIFTY,,2026-06-30,2026-06-30,14000.00,PE,MIDCPNIFTY26JUN14000PE,268.60,335.00,268.00,328.50,321.00,278.60,14168.90,328.50,13080,360,109,187064094.00,84,F1,120,,,,,
2026-05-15,2026-05-15,FO,NSE,IDO,78641,,MIDCPNIFTY,,2026-06-30,2026-06-30,13925.00,PE,MIDCPNIFTY26JUN13925PE,0.00,0.00,0.00,1644.30,0.00,1644.30,14168.90,322.55,0,0,0,0.00,0,F1,120,,,,,
2026-05-15,2026-05-15,FO,NSE,IDO,78619,,MIDCPNIFTY,,2026-06-30,2026-06-30,13650.00,PE,MIDCPNIFTY26JUN13650PE,0.00,0.00,0.00,186.15,186.15,186.15,14168.90,225.25,240,0,0,0.00,0,F1,120,,,,,
2026-05-15,2026-05-15,FO,NSE,IDO,78594,,MIDCPNIFTY,,2026-06-30,2026-06-30,13550.00,PE,MIDCPNIFTY26JUN13550PE,0.00,0.00,0.00,1340.05,0.00,1340.05,14168.90,195.60,0,0,0,0.00,0,F1,120,,,,,
2026-05-15,2026-05-15,FO,NSE,IDO,78480,,MIDCPNIFTY,,2026-06-30,2026-06-30,13075.00,PE,MIDCPNIFTY26JUN13075PE,0.00,0.00,0.00,990.30,0.00,990.30,14168.90,92.05,0,0,0,0.00,0,F1,120,,,,,
2026-05-15,2026-05-15,FO,NSE,IDO,78264,,MIDCPNIFTY,,2026-06-30,2026-06-30,12075.00,PE,MIDCPNIFTY26JUN12075PE,0.00,0.00,0.00,427.05,0.00,427.05,14168.90,10.80,0,0,0,0.00,0,F1,120,,,,,
2026-05-15,2026-05-15,FO,NSE,IDO,78187,,MIDCPNIFTY,,2026-06-30,2026-06-30,11825.00,PE,MIDCPNIFTY26JUN11825PE,0.00,0.00,0.00,327.70,0.00,327.70,14168.90,5.50,0,0,0,0.00,0,F1,120,,,,,
2026-05-15,2026-05-15,FO,NSE,IDO,78133,,MIDCPNIFTY,,2026-06-30,2026-06-30,11725.00,PE,MIDCPNIFTY26JUN11725PE,0.00,0.00,0.00,292.65,0.00,292.65,14168.90,4.10,0,0,0,0.00,0,F1,120,,,,,
2026-05-15,2026-05-15,FO,NSE,IDO,78090,,MIDCPNIFTY,,2026-06-30,2026-06-30,11200.00,PE,MIDCPNIFTY26JUN11200PE,0.00,0.00,0.00,150.05,0.00,150.05,14168.90,0.75,0,0,0,0.00,0,F1,120,,,,,
2026-05-15,2026-05-15,FO,NSE,IDO,78075,,MIDCPNIFTY,,2026-06-30,2026-06-30,11050.00,PE,MIDCPNIFTY26JUN11050PE,0.00,0.00,0.00,120.85,0.00,120.85,14168.90,0.45,0,0,0,0.00,0,F1,120,,,,,
2026-05-15,2026-05-15,FO,NSE,IDO,78019,,MIDCPNIFTY,,2026-06-30,2026-06-30,10850.00,PE,MIDCPNIFTY26JUN10850PE,0.00,0.00,0.00,88.80,0.00,88.80,14168.90,0.20,0,0,0,0.00,0,F1,120,,,,,
2026-05-15,2026-05-15,FO,NSE,IDO,35563,,MIDCPNIFTY,,2026-05-26,2026-05-26,15875.00,PE,MIDCPNIFTY26MAY15875PE,0.00,0.00,0.00,2037.20,0.00,2037.20,14168.90,1678.80,0,0,0,0.00,0,F1,120,,,,,
2026-05-15,2026-05-15,FO,NSE,IDO,71186,,MIDCPNIFTY,,2026-05-26,2026-05-26,15575.00,PE,MIDCPNIFTY26MAY15575PE,0.00,0.00,0.00,1951.20,0.00,1951.20,14168.90,1381.55,0,0,0,0.00,0,F1,120,,,,,
2026-05-15,2026-05-15,FO,NSE,IDO,71031,,MIDCPNIFTY,,2026-05-26,2026-05-26,15150.00,PE,MIDCPNIFTY26MAY15150PE,0.00,0.00,0.00,1585.85,0.00,1585.85,14168.90,970.40,0,0,0,0.00,0,F1,120,,,,,
2026-05-15,2026-05-15,FO,NSE,IDO,70959,,MIDCPNIFTY,,2026-05-26,2026-05-26,14475.00,PE,MIDCPNIFTY26MAY14475PE,308.70,366.75,308.70,366.75,366.75,306.65,14168.90,405.70,8160,240,2,3555054.00,2,F1,120,,,,,
2026-05-15,2026-05-15,FO,NSE,IDO,70947,,MIDCPNIFTY,,2026-05-26,2026-05-26,14350.00,PE,MIDCPNIFTY26MAY14350PE,249.40,335.70,222.65,313.45,318.55,241.45,14168.90,313.45,33000,-15480,955,1675538322.00,829,F1,120,,,,,
2026-05-15,2026-05-15,FO,NSE,IDO,70769,,MIDCPNIFTY,,2026-05-26,2026-05-26,13375.00,PE,MIDCPNIFTY26MAY13375PE,24.30,30.85,21.30,27.00,27.00,22.00,14168.90,27.00,6600,120,31,49848096.00,21,F1,120,,,,,
2026-05-15,2026-05-15,FO,NSE,IDO,70655,,MIDCPNIFTY,,2026-05-26,2026-05-26,13200.00,PE,MIDCPNIFTY26MAY13200PE,13.95,25.00,13.75,18.55,18.05,15.75,14168.90,18.55,153720,12120,1472,2334654450.00,895,F1,120,,,,,
2026-05-15,2026-05-15,FO,NSE,IDO,70495,,MIDCPNIFTY,,2026-05-26,2026-05-26,12175.00,PE,MIDCPNIFTY26MAY12175PE,3.30,3.30,3.30,3.30,3.30,3.50,14168.90,0.05,720,120,1,1461396.00,1,F1,120,,,,,
2026-05-15,2026-05-15,FO,NSE,IDO,70154,,MIDCPNIFTY,,2026-05-26,2026-05-26,11225.00,PE,MIDCPNIFTY26MAY11225PE,0.00,0.00,0.00,0.90,0.90,0.90,14168.90,0.00,480,0,0,0.00,0,F1,120,,,,,
2026-05-15,2026-05-15,FO,NSE,IDO,40453,,MIDCPNIFTY,,2026-05-26,2026-05-26,11125.00,PE,MIDCPNIFTY26MAY11125PE,0.00,0.00,0.00,1.55,1.50,1.55,14168.90,0.00,120,0,0,0.00,0,F1,120,,,,,
2026-05-15,2026-05-15,FO,NSE,IDO,43694,,MIDCPNIFTY,,2026-05-26,2026-05-26,11025.00,PE,MIDCPNIFTY26MAY11025PE,0.00,0.00,0.00,0.90,0.90,0.90,14168.90,0.00,720,0,0,0.00,0,F1,120,,,,,
2026-05-15,2026-05-15,FO,NSE,IDO,43683,,MIDCPNIFTY,,2026-05-26,2026-05-26,10850.00,PE,MIDCPNIFTY26MAY10850PE,0.00,0.00,0.00,11.75,0.00,11.75,14168.90,0.00,0,0,0,0.00,0,F1,120,,,,,
2026-05-15,2026-05-15,FO,NSE,IDO,63613,,MIDCPNIFTY,,2026-07-28,2026-07-28,15925.00,CE,MIDCPNIFTY26JUL15925CE,0.00,0.00,0.00,160.85,0.00,160.85,14168.90,148.10,0,0,0,0.00,0,F1,120,,,,,
2026-05-15,2026-05-15,FO,NSE,IDO,63589,,MIDCPNIFTY,,2026-07-28,2026-07-28,15650.00,CE,MIDCPNIFTY26JUL15650CE,0.00,0.00,0.00,207.30,0.00,207.30,14168.90,196.10,0,0,0,0.00,0,F1,120,,,,,
2026-05-15,2026-05-15,FO,NSE,IDO,63565,,MIDCPNIFTY,,2026-07-28,2026-07-28,15350.00,CE,MIDCPNIFTY26JUL15350CE,0.00,0.00,0.00,270.65,0.00,270.65,14168.90,262.75,0,0,0,0.00,0,F1,120,,,,,
2026-05-15,2026-05-15,FO,NSE,IDO,63539,,MIDCPNIFTY,,2026-07-28,2026-07-28,15025.00,CE,MIDCPNIFTY26JUL15025CE,0.00,0.00,0.00,354.80,0.00,354.80,14168.90,353.15,0,0,0,0.00,0,F1,120,,,,,
2026-05-15,2026-05-15,FO,NSE,IDO,63481,,MIDCPNIFTY,,2026-07-28,2026-07-28,14325.00,CE,MIDCPNIFTY26JUL14325CE,0.00,0.00,0.00,607.55,0.00,607.55,14168.90,629.10,0,0,0,0.00,0,F1,120,,,,,
2026-05-15,2026-05-15,FO,NSE,IDO,63469,,MIDCPNIFTY,,2026-07-28,2026-07-28,14175.00,CE,MIDCPNIFTY26JUL14175CE,0.00,0.00,0.00,675.55,0.00,675.55,14168.90,703.90,0,0,0,0.00,0,F1,120,,,,,
2026-05-15,2026-05-15,FO,NSE,IDO,63429,,MIDCPNIFTY,,2026-07-28,2026-07-28,13725.00,CE,MIDCPNIFTY26JUL13725CE,0.00,0.00,0.00,910.60,0.00,910.60,14168.90,962.40,0,0,0,0.00,0,F1,120,,,,,
2026-05-15,2026-05-15,FO,NSE,IDO,63425,,MIDCPNIFTY,,2026-07-28,2026-07-28,13675.00,CE,MIDCPNIFTY26JUL13675CE,0.00,0.00,0.00,939.60,0.00,939.60,14168.90,994.25,0,0,0,0.00,0,F1,120,,,,,
2026-05-15,2026-05-15,FO,NSE,IDO,63413,,MIDCPNIFTY,,2026-07-28,2026-07-28,13525.00,CE,MIDCPNIFTY26JUL13525CE,0.00,0.00,0.00,1030.10,0.00,1030.10,14168.90,1093.45,0,0,0,0.00,0,F1,120,,,,,
2026-05-15,2026-05-15,FO,NSE,IDO,63397,,MIDCPNIFTY,,2026-07-28,2026-07-28,13325.00,CE,MIDCPNIFTY26JUL13325CE,0.00,0.00,0.00,1158.75,0.00,1158.75,14168.90,1234.75,0,0,0,0.00,0,F1,120,,,,,
2026-05-15,2026-05-15,FO,NSE,IDO,49281,,MIDCPNIFTY,,2026-06-30,2026-06-30,15650.00,CE,MIDCPNIFTY26JUN15650CE,0.00,0.00,0.00,84.15,0.00,84.15,14168.90,94.10,0,0,0,0.00,0,F1,120,,,,,
2026-05-15,2026-05-15,FO,NSE,IDO,35102,,MIDCPNIFTY,,2026-06-30,2026-06-30,14425.00,CE,MIDCPNIFTY26JUN14425CE,0.00,0.00,0.00,110.30,0.00,110.30,14168.90,420.80,0,0,0,0.00,0,F1,120,,,,,
2026-05-15,2026-05-15,FO,NSE,IDO,78701,,MIDCPNIFTY,,2026-06-30,2026-06-30,14375.00,CE,MIDCPNIFTY26JUN14375CE,0.00,0.00,0.00,75.60,0.00,75.60,14168.90,442.90,0,0,0,0.00,0,F1,120,,,,,
2026-05-15,2026-05-15,FO,NSE,IDO,78614,,MIDCPNIFTY,,2026-06-30,2026-06-30,13600.00,CE,MIDCPNIFTY26JUN13600CE,0.00,0.00,0.00,181.70,0.00,181.70,14168.90,887.85,0,0,0,0.00,0,F1,120,,,,,
2026-05-15,2026-05-15,FO,NSE,IDO,78532,,MIDCPNIFTY,,2026-06-30,2026-06-30,13375.00,CE,MIDCPNIFTY26JUN13375CE,0.00,0.00,0.00,229.80,0.00,229.80,14168.90,1051.80,0,0,0,0.00,0,F1,120,,,,,
2026-05-15,2026-05-15,FO,NSE,IDO,78475,,MIDCPNIFTY,,2026-06-30,2026-06-30,13025.00,CE,MIDCPNIFTY26JUN13025CE,0.00,0.00,0.00,323.30,0.00,323.30,14168.90,1332.50,0,0,0,0.00,0,F1,120,,,,,
2026-05-15,2026-05-15,FO,NSE,IDO,78305,,MIDCPNIFTY,,2026-06-30,2026-06-30,12525.00,CE,MIDCPNIFTY26JUN12525CE,0.00,0.00,0.00,506.65,0.00,506.65,14168.90,1775.60,0,0,0,0.00,0,F1,120,,,,,
2026-05-15,2026-05-15,FO,NSE,IDO,78244,,MIDCPNIFTY,,2026-06-30,2026-06-30,12000.00,CE,MIDCPNIFTY26JUN12000CE,0.00,0.00,0.00,769.20,0.00,769.20,14168.90,2273.85,0,0,0,0.00,0,F1,120,,,,,
2026-05-15,2026-05-15,FO,NSE,IDO,78238,,MIDCPNIFTY,,2026-06-30,2026-06-30,11925.00,CE,MIDCPNIFTY26JUN11925CE,0.00,0.00,0.00,812.80,0.00,812.80,14168.90,2346.65,0,0,0,0.00,0,F1,120,,,,,
2026-05-15,2026-05-15,FO,NSE,IDO,78125,,MIDCPNIFTY,,2026-06-30,2026-06-30,11650.00,CE,MIDCPNIFTY26JUN11650CE,0.00,0.00,0.00,985.50,0.00,985.50,14168.90,2615.50,0,0,0,0.00,0,F1,120,,,,,
2026-05-15,2026-05-15,FO,NSE,IDO,78123,,MIDCPNIFTY,,2026-06-30,2026-06-30,11625.00,CE,MIDCPNIFTY26JUN11625CE,0.00,0.00,0.00,1002.15,0.00,1002.15,14168.90,2640.05,0,0,0,0.00,0,F1,120,,,,,
2026-05-15,2026-05-15,FO,NSE,IDO,78119,,MIDCPNIFTY,,2026-06-30,2026-06-30,11575.00,CE,MIDCPNIFTY26JUN11575CE,0.00,0.00,0.00,1036.00,0.00,1036.00,14168.90,2689.20,0,0,0,0.00,0,F1,120,,,,,
2026-05-15,2026-05-15,FO,NSE,IDO,78085,,MIDCPNIFTY,,2026-06-30,2026-06-30,11150.00,CE,MIDCPNIFTY26JUN11150CE,0.00,0.00,0.00,1348.30,0.00,1348.30,14168.90,3108.85,0,0,0,0.00,0,F1,120,,,,,
2026-05-15,2026-05-15,FO,NSE,IDO,35562,,MIDCPNIFTY,,2026-05-26,2026-05-26,15875.00,CE,MIDCPNIFTY26MAY15875CE,0.00,0.00,0.00,72.40,0.00,72.40,14168.90,0.75,0,0,0,0.00,0,F1,120,,,,,
2026-05-15,2026-05-15,FO,NSE,IDO,71195,,MIDCPNIFTY,,2026-05-26,2026-05-26,15700.00,CE,MIDCPNIFTY26MAY15700CE,1.15,1.45,1.15,1.25,1.25,1.90,14168.90,1.25,13680,0,91,171458394.00,33,F1,120,,,,,
2026-05-15,2026-05-15,FO,NSE,IDO,71177,,MIDCPNIFTY,,2026-05-26,2026-05-26,15475.00,CE,MIDCPNIFTY26MAY15475CE,1.70,3.10,1.70,3.10,3.10,6.80,14168.90,4.55,240,0,8,14858304.00,2,F1,120,,,,,
2026-05-15,2026-05-15,FO,NSE,IDO,71014,,MIDCPNIFTY,,2026-05-26,2026-05-26,15000.00,CE,MIDCPNIFTY26MAY15000CE,20.05,24.25,13.25,14.45,14.05,21.65,14168.90,14.45,691560,120000,8532,15374809932.00,5451,F1,120,,,,,
2026-05-15,2026-05-15,FO,NSE,IDO,70996,,MIDCPNIFTY,,2026-05-26,2026-05-26,14925.00,CE,MIDCPNIFTY26MAY14925CE,26.35,30.20,17.65,18.25,18.65,28.30,14168.90,18.25,9600,240,79,141712356.00,43,F1,120,,,,,
2026-05-15,2026-05-15,FO,NSE,IDO,70993,,MIDCPNIFTY,,2026-05-26,2026-05-26,14900.00,CE,MIDCPNIFTY26MAY14900CE,42.00,42.00,18.65,20.05,20.40,31.60,14168.90,20.05,249480,61320,4231,7577540766.00,3306,F1,120,,,,,
2026-05-15,2026-05-15,FO,NSE,IDO,70840,,MIDCPNIFTY,,2026-05-26,2026-05-26,14050.00,CE,MIDCPNIFTY26MAY14050CE,387.00,387.00,270.90,282.00,281.10,376.65,14168.90,282.00,26280,-14160,220,380187900.00,167,F1,120,,,,,
2026-05-15,2026-05-15,FO,NSE,IDO,70810,,MIDCPNIFTY,,2026-05-26,2026-05-26,13675.00,CE,MIDCPNIFTY26MAY13675CE,676.15,676.15,665.20,665.20,665.20,480.95,14168.90,578.35,1200,0,2,3442962.00,2,F1,120,,,,,
2026-05-15,2026-05-15,FO,NSE,IDO,70759,,MIDCPNIFTY,,2026-05-26,2026-05-26,13325.00,CE,MIDCPNIFTY26MAY13325CE,0.00,0.00,0.00,750.40,0.00,750.40,14168.90,884.30,0,0,0,0.00,0,F1,120,,,,,
2026-05-15,2026-05-15,FO,NSE,IDO,70748,,MIDCPNIFTY,,2026-05-26,2026-05-26,13300.00,CE,MIDCPNIFTY26MAY13300CE,0.00,0.00,0.00,825.50,825.50,825.50,14168.90,907.60,360,0,0,0.00,0,F1,120,,,,,
2026-05-15,2026-05-15,FO,NSE,IDO,70652,,MIDCPNIFTY,,2026-05-26,2026-05-26,13175.00,CE,MIDCPNIFTY26MAY13175CE,0.00,0.00,0.00,838.35,0.00,838.35,14168.90,1026.00,0,0,0,0.00,0,F1,120,,,,,
2026-05-15,2026-05-15,FO,NSE,IDO,70534,,MIDCPNIFTY,,2026-05-26,2026-05-26,12600.00,CE,MIDCPNIFTY26MAY12600CE,0.00,0.00,0.00,1250.00,1250.00,1250.00,14168.90,1591.55,120,0,0,0.00,0,F1,120,,,,,
2026-05-15,2026-05-15,FO,NSE,IDO,70526,,MIDCPNIFTY,,2026-05-26,2026-05-26,12500.00,CE,MIDCPNIFTY26MAY12500CE,1756.00,1801.00,1756.00,1801.00,1801.00,1815.55,14168.90,1691.20,8400,0,2,3426840.00,2,F1,120,,,,,
2026-05-15,2026-05-15,FO,NSE,IDO,70522,,MIDCPNIFTY,,2026-05-26,2026-05-26,12450.00,CE,MIDCPNIFTY26MAY12450CE,0.00,0.00,0.00,1345.10,0.00,1345.10,14168.90,1741.05,0,0,0,0.00,0,F1,120,,,,,
2026-05-15,2026-05-15,FO,NSE,IDO,70508,,MIDCPNIFTY,,2026-05-26,2026-05-26,12275.00,CE,MIDCPNIFTY26MAY12275CE,0.00,0.00,0.00,1485.35,0.00,1485.35,14168.90,1915.65,0,0,0,0.00,0,F1,120,,,,,
2026-05-15,2026-05-15,FO,NSE,IDO,70309,,MIDCPNIFTY,,2026-05-26,2026-05-26,11475.00,CE,MIDCPNIFTY26MAY11475CE,0.00,0.00,0.00,2189.70,0.00,2189.70,14168.90,2714.20,0,0,0,0.00,0,F1,120,,,,,
2026-05-15,2026-05-15,FO,NSE,IDO,70149,,MIDCPNIFTY,,2026-05-26,2026-05-26,11200.00,CE,MIDCPNIFTY26MAY11200CE,0.00,0.00,0.00,2448.25,0.00,2448.25,14168.90,2988.70,0,0,0,0.00,0,F1,120,,,,,
2026-05-15,2026-05-15,FO,NSE,IDO,40452,,MIDCPNIFTY,,2026-05-26,2026-05-26,11125.00,CE,MIDCPNIFTY26MAY11125CE,0.00,0.00,0.00,2350.45,0.00,2350.45,14168.90,3063.60,0,0,0,0.00,0,F1,120,,,,,
2026-05-15,2026-05-15,FO,NSE,IDO,63630,,MIDCPNIFTY,,2026-07-28,2026-07-28,16100.00,PE,MIDCPNIFTY26JUL16100PE,0.00,0.00,0.00,2028.85,0.00,2028.85,14168.90,1847.25,0,0,0,0.00,0,F1,120,,,,,
2026-05-15,2026-05-15,FO,NSE,IDO,63450,,MIDCPNIFTY,,2026-07-28,2026-07-28,13950.00,PE,MIDCPNIFTY26JUL13950PE,0.00,0.00,0.00,560.80,0.00,560.80,14168.90,428.55,0,0,0,0.00,0,F1,120,,,,,
2026-05-15,2026-05-15,FO,NSE,IDO,40782,,MIDCPNIFTY,,2026-06-30,2026-06-30,15425.00,PE,MIDCPNIFTY26JUN15425PE,0.00,0.00,0.00,2077.80,0.00,2077.80,14168.90,1260.95,0,0,0,0.00,0,F1,120,,,,,
2026-05-15,2026-05-15,FO,NSE,IDO,40773,,MIDCPNIFTY,,2026-06-30,2026-06-30,15275.00,PE,MIDCPNIFTY26JUN15275PE,0.00,0.00,0.00,1946.55,0.00,1946.55,14168.90,1140.30,0,0,0,0.00,0,F1,120,,,,,
2026-05-15,2026-05-15,FO,NSE,IDO,38741,,MIDCPNIFTY,,2026-06-30,2026-06-30,14775.00,PE,MIDCPNIFTY26JUN14775PE,0.00,0.00,0.00,2047.00,0.00,2047.00,14168.90,775.55,0,0,0,0.00,0,F1,120,,,,,
2026-05-15,2026-05-15,FO,NSE,IDO,35107,,MIDCPNIFTY,,2026-06-30,2026-06-30,14475.00,PE,MIDCPNIFTY26JUN14475PE,0.00,0.00,0.00,1862.75,0.00,1862.75,14168.90,589.70,0,0,0,0.00,0,F1,120,,,,,
2026-05-15,2026-05-15,FO,NSE,IDO,78676,,MIDCPNIFTY,,2026-06-30,2026-06-30,14250.00,PE,MIDCPNIFTY26JUN14250PE,0.00,0.00,0.00,1923.70,0.00,1923.70,14168.90,468.60,0,0,0,0.00,0,F1,120,,,,,
2026-05-15,2026-05-15,FO,NSE,IDO,78651,,MIDCPNIFTY,,2026-06-30,2026-06-30,14050.00,PE,MIDCPNIFTY26JUN14050PE,0.00,0.00,0.00,1750.25,0.00,1750.25,14168.90,374.70,0,0,0,0.00,0,F1,120,,,,,
2026-05-15,2026-05-15,FO,NSE,IDO,78500,,MIDCPNIFTY,,2026-06-30,2026-06-30,13225.00,PE,MIDCPNIFTY26JUN13225PE,0.00,0.00,0.00,1095.75,0.00,1095.75,14168.90,118.70,0,0,0,0.00,0,F1,120,,,,,
2026-05-15,2026-05-15,FO,NSE,IDO,78478,,MIDCPNIFTY,,2026-06-30,2026-06-30,13050.00,PE,MIDCPNIFTY26JUN13050PE,0.00,0.00,0.00,973.20,0.00,973.20,14168.90,88.10,0,0,0,0.00,0,F1,120,,,,,
2026-05-15,2026-05-15,FO,NSE,IDO,78270,,MIDCPNIFTY,,2026-06-30,2026-06-30,12150.00,PE,MIDCPNIFTY26JUN12150PE,0.00,0.00,0.00,460.20,0.00,460.20,14168.90,13.05,0,0,0,0.00,0,F1,120,,,,,
2026-05-15,2026-05-15,FO,NSE,IDO,78260,,MIDCPNIFTY,,2026-06-30,2026-06-30,12025.00,PE,MIDCPNIFTY26JUN12025PE,0.00,0.00,0.00,405.85,0.00,405.85,14168.90,9.45,0,0,0,0.00,0,F1,120,,,,,
2026-05-15,2026-05-15,FO,NSE,IDO,78130,,MIDCPNIFTY,,2026-06-30,2026-06-30,11700.00,PE,MIDCPNIFTY26JUN11700PE,0.00,0.00,0.00,284.30,0.00,284.30,14168.90,3.80,0,0,0,0.00,0,F1,120,,,,,
2026-05-15,2026-05-15,FO,NSE,IDO,78108,,MIDCPNIFTY,,2026-06-30,2026-06-30,11425.00,PE,MIDCPNIFTY26JUN11425PE,0.00,0.00,0.00,203.50,0.00,203.50,14168.90,1.60,0,0,0,0.00,0,F1,120,,,,,
2026-05-15,2026-05-15,FO,NSE,IDO,78100,,MIDCPNIFTY,,2026-06-30,2026-06-30,11325.00,PE,MIDCPNIFTY26JUN11325PE,0.00,0.00,0.00,178.10,0.00,178.10,14168.90,1.15,0,0,0,0.00,0,F1,120,,,,,
2026-05-15,2026-05-15,FO,NSE,IDO,78028,,MIDCPNIFTY,,2026-06-30,2026-06-30,10950.00,PE,MIDCPNIFTY26JUN10950PE,0.00,0.00,0.00,103.90,0.00,103.90,14168.90,0.30,0,0,0,0.00,0,F1,120,,,,,
2026-05-15,2026-05-15,FO,NSE,IDO,77931,,MIDCPNIFTY,,2026-06-30,2026-06-30,10700.00,PE,MIDCPNIFTY26JUN10700PE,0.00,0.00,0.00,69.40,0.00,69.40,14168.90,0.15,0,0,0,0.00,0,F1,120,,,,,
2026-05-15,2026-05-15,FO,NSE,IDO,54659,,MIDCPNIFTY,,2026-05-26,2026-05-26,15950.00,PE,MIDCPNIFTY26MAY15950PE,0.00,0.00,0.00,2036.55,0.00,2036.55,14168.90,1753.45,0,0,0,0.00,0,F1,120,,,,,
2026-05-15,2026-05-15,FO,NSE,IDO,35031,,MIDCPNIFTY,,2026-05-26,2026-05-26,15775.00,PE,MIDCPNIFTY26MAY15775PE,0.00,0.00,0.00,2031.80,0.00,2031.80,14168.90,1579.45,0,0,0,0.00,0,F1,120,,,,,
2026-05-15,2026-05-15,FO,NSE,IDO,71157,,MIDCPNIFTY,,2026-05-26,2026-05-26,15375.00,PE,MIDCPNIFTY26MAY15375PE,0.00,0.00,0.00,1776.45,0.00,1776.45,14168.90,1185.80,0,0,0,0.00,0,F1,120,,,,,
2026-05-15,2026-05-15,FO,NSE,IDO,71022,,MIDCPNIFTY,,2026-05-26,2026-05-26,15050.00,PE,MIDCPNIFTY26MAY15050PE,0.00,0.00,0.00,1503.40,0.00,1503.40,14168.90,877.40,0,0,0,0.00,0,F1,120,,,,,
2026-05-15,2026-05-15,FO,NSE,IDO,70975,,MIDCPNIFTY,,2026-05-26,2026-05-26,14675.00,PE,MIDCPNIFTY26MAY14675PE,0.00,0.00,0.00,437.50,437.50,437.50,14168.90,553.90,3120,0,0,0.00,0,F1,120,,,,,
2026-05-15,2026-05-15,FO,NSE,IDO,70937,,MIDCPNIFTY,,2026-05-26,2026-05-26,14250.00,PE,MIDCPNIFTY26MAY14250PE,200.50,275.00,180.40,255.15,251.60,200.55,14168.90,255.15,29880,-600,3712,6445699248.00,3153,F1,120,,,,,
2026-05-15,2026-05-15,FO,NSE,IDO,70847,,MIDCPNIFTY,,2026-05-26,2026-05-26,14125.00,PE,MIDCPNIFTY26MAY14125PE,161.95,207.80,140.00,195.40,189.15,152.10,14168.90,195.40,9600,-840,428,734452950.00,396,F1,120,,,,,
2026-05-15,2026-05-15,FO,NSE,IDO,70839,,MIDCPNIFTY,,2026-05-26,2026-05-26,14025.00,PE,MIDCPNIFTY26MAY14025PE,120.20,168.00,108.60,154.80,151.35,118.30,14168.90,154.80,8280,-5520,217,368934570.00,188,F1,120,,,,,
2026-05-15,2026-05-15,FO,NSE,IDO,70813,,MIDCPNIFTY,,2026-05-26,2026-05-26,13700.00,PE,MIDCPNIFTY26MAY13700PE,52.05,76.55,48.80,66.65,64.15,53.45,14168.90,66.65,126000,-5760,2971,4906031172.00,2670,F1,120,,,,,
2026-05-15,2026-05-15,FO,NSE,IDO,70799,,MIDCPNIFTY,,2026-05-26,2026-05-26,13525.00,PE,MIDCPNIFTY26MAY13525PE,34.25,46.20,32.10,42.40,40.80,33.50,14168.90,42.40,12600,960,58,94408434.00,47,F1,120,,,,,
2026-05-15,2026-05-15,FO,NSE,IDO,70537,,MIDCPNIFTY,,2026-05-26,2026-05-26,12625.00,PE,MIDCPNIFTY26MAY12625PE,5.35,5.75,5.05,5.75,5.75,6.10,14168.90,5.75,2640,0,4,6062616.00,4,F1,120,,,,,
2026-05-15,2026-05-15,FO,NSE,IDO,70527,,MIDCPNIFTY,,2026-05-26,2026-05-26,12500.00,PE,MIDCPNIFTY26MAY12500PE,4.15,5.60,4.10,4.60,4.95,4.75,14168.90,4.60,296040,-960,671,1006871748.00,362,F1,120,,,,,
2026-05-15,2026-05-15,FO,NSE,IDO,63553,,MIDCPNIFTY,,2026-07-28,2026-07-28,15200.00,CE,MIDCPNIFTY26JUL15200CE,0.00,0.00,0.00,306.80,0.00,306.80,14168.90,301.50,0,0,0,0.00,0,F1,120,,,,,
2026-05-15,2026-05-15,FO,NSE,IDO,63521,,MIDCPNIFTY,,2026-07-28,2026-07-28,14825.00,CE,MIDCPNIFTY26JUL14825CE,0.00,0.00,0.00,416.75,0.00,416.75,14168.90,420.25,0,0,0,0.00,0,F1,120,,,,,
2026-05-15,2026-05-15,FO,NSE,IDO,63483,,MIDCPNIFTY,,2026-07-28,2026-07-28,14350.00,CE,MIDCPNIFTY26JUL14350CE,0.00,0.00,0.00,596.75,0.00,596.75,14168.90,617.20,0,0,0,0.00,0,F1,120,,,,,
2026-05-15,2026-05-15,FO,NSE,IDO,63467,,MIDCPNIFTY,,2026-07-28,2026-07-28,14150.00,CE,MIDCPNIFTY26JUL14150CE,0.00,0.00,0.00,687.35,0.00,687.35,14168.90,716.90,0,0,0,0.00,0,F1,120,,,,,
2026-05-15,2026-05-15,FO,NSE,IDO,63419,,MIDCPNIFTY,,2026-07-28,2026-07-28,13600.00,CE,MIDCPNIFTY26JUL13600CE,0.00,0.00,0.00,984.20,0.00,984.20,14168.90,1043.20,0,0,0,0.00,0,F1,120,,,,,
2026-05-15,2026-05-15,FO,NSE,IDO,63401,,MIDCPNIFTY,,2026-07-28,2026-07-28,13375.00,CE,MIDCPNIFTY26JUL13375CE,0.00,0.00,0.00,1125.75,0.00,1125.75,14168.90,1198.70,0,0,0,0.00,0,F1,120,,,,,
2026-05-15,2026-05-15,FO,NSE,IDO,63387,,MIDCPNIFTY,,2026-07-28,2026-07-28,13200.00,CE,MIDCPNIFTY26JUL13200CE,0.00,0.00,0.00,1243.65,0.00,1243.65,14168.90,1326.70,0,0,0,0.00,0,F1,120,,,,,
2026-05-15,2026-05-15,FO,NSE,IDO,63341,,MIDCPNIFTY,,2026-07-28,2026-07-28,12625.00,CE,MIDCPNIFTY26JUL12625CE,0.00,0.00,0.00,1675.50,0.00,1675.50,14168.90,1791.45,0,0,0,0.00,0,F1,120,,,,,
2026-05-15,2026-05-15,FO,NSE,IDO,63337,,MIDCPNIFTY,,2026-07-28,2026-07-28,12575.00,CE,MIDCPNIFTY26JUL12575CE,0.00,0.00,0.00,1715.95,0.00,1715.95,14168.90,1834.50,0,0,0,0.00,0,F1,120,,,,,
2026-05-15,2026-05-15,FO,NSE,IDO,63329,,MIDCPNIFTY,,2026-07-28,2026-07-28,12475.00,CE,MIDCPNIFTY26JUL12475CE,0.00,0.00,0.00,1798.05,0.00,1798.05,14168.90,1921.75,0,0,0,0.00,0,F1,120,,,,,
2026-05-15,2026-05-15,FO,NSE,IDO,63319,,MIDCPNIFTY,,2026-07-28,2026-07-28,12350.00,CE,MIDCPNIFTY26JUL12350CE,0.00,0.00,0.00,1902.85,0.00,1902.85,14168.90,2032.70,0,0,0,0.00,0,F1,120,,,,,
2026-05-15,2026-05-15,FO,NSE,IDO,53813,,MIDCPNIFTY,,2026-06-30,2026-06-30,15925.00,CE,MIDCPNIFTY26JUN15925CE,0.00,0.00,0.00,81.00,0.00,81.00,14168.90,63.00,0,0,0,0.00,0,F1,120,,,,,
2026-05-15,2026-05-15,FO,NSE,IDO,49271,,MIDCPNIFTY,,2026-06-30,2026-06-30,15525.00,CE,MIDCPNIFTY26JUN15525CE,0.00,0.00,0.00,96.90,0.00,96.90,14168.90,112.05,0,0,0,0.00,0,F1,120,,,,,
2026-05-15,2026-05-15,FO,NSE,IDO,40778,,MIDCPNIFTY,,2026-06-30,2026-06-30,15375.00,CE,MIDCPNIFTY26JUN15375CE,0.00,0.00,0.00,98.45,0.00,98.45,14168.90,137.25,0,0,0,0.00,0,F1,120,,,,,
2026-05-15,2026-05-15,FO,NSE,IDO,78658,,MIDCPNIFTY,,2026-06-30,2026-06-30,14150.00,CE,MIDCPNIFTY26JUN14150CE,0.00,0.00,0.00,98.60,0.00,98.60,14168.90,552.25,0,0,0,0.00,0,F1,120,,,,,
2026-05-15,2026-05-15,FO,NSE,IDO,78640,,MIDCPNIFTY,,2026-06-30,2026-06-30,13925.00,CE,MIDCPNIFTY26JUN13925CE,0.00,0.00,0.00,127.50,0.00,127.50,14168.90,677.95,0,0,0,0.00,0,F1,120,,,,,
2026-05-15,2026-05-15,FO,NSE,IDO,78628,,MIDCPNIFTY,,2026-06-30,2026-06-30,13775.00,CE,MIDCPNIFTY26JUN13775CE,0.00,0.00,0.00,150.50,0.00,150.50,14168.90,770.75,0,0,0,0.00,0,F1,120,,,,,
2026-05-15,2026-05-15,FO,NSE,IDO,78622,,MIDCPNIFTY,,2026-06-30,2026-06-30,13700.00,CE,MIDCPNIFTY26JUN13700CE,0.00,0.00,0.00,163.30,0.00,163.30,14168.90,819.80,0,0,0,0.00,0,F1,120,,,,,
2026-05-15,2026-05-15,FO,NSE,IDO,78587,,MIDCPNIFTY,,2026-06-30,2026-06-30,13500.00,CE,MIDCPNIFTY26JUN13500CE,0.00,0.00,0.00,201.80,0.00,201.80,14168.90,959.55,0,0,0,0.00,0,F1,120,,,,,
2026-05-15,2026-05-15,FO,NSE,IDO,78522,,MIDCPNIFTY,,2026-06-30,2026-06-30,13325.00,CE,MIDCPNIFTY26JUN13325CE,0.00,0.00,0.00,241.65,0.00,241.65,14168.90,1090.10,0,0,0,0.00,0,F1,120,,,,,
2026-05-15,2026-05-15,FO,NSE,IDO,78499,,MIDCPNIFTY,,2026-06-30,2026-06-30,13225.00,CE,MIDCPNIFTY26JUN13225CE,0.00,0.00,0.00,266.40,0.00,266.40,14168.90,1168.55,0,0,0,0.00,0,F1,120,,,,,
2026-05-15,2026-05-15,FO,NSE,IDO,78377,,MIDCPNIFTY,,2026-06-30,2026-06-30,12950.00,CE,MIDCPNIFTY26JUN12950CE,0.00,0.00,0.00,346.95,0.00,346.95,14168.90,1396.20,0,0,0,0.00,0,F1,120,,,,,
2026-05-15,2026-05-15,FO,NSE,IDO,78371,,MIDCPNIFTY,,2026-06-30,2026-06-30,12875.00,CE,MIDCPNIFTY26JUN12875CE,0.00,0.00,0.00,371.90,0.00,371.90,14168.90,1460.95,0,0,0,0.00,0,F1,120,,,,,
2026-05-15,2026-05-15,FO,NSE,IDO,78236,,MIDCPNIFTY,,2026-06-30,2026-06-30,11900.00,CE,MIDCPNIFTY26JUN11900CE,0.00,0.00,0.00,827.65,0.00,827.65,14168.90,2370.95,0,0,0,0.00,0,F1,120,,,,,
2026-05-15,2026-05-15,FO,NSE,IDO,53805,,MIDCPNIFTY,,2026-05-26,2026-05-26,15925.00,CE,MIDCPNIFTY26MAY15925CE,0.00,0.00,0.00,17.40,0.00,17.40,14168.90,0.60,0,0,0,0.00,0,F1,120,,,,,
2026-05-15,2026-05-15,FO,NSE,IDO,35030,,MIDCPNIFTY,,2026-05-26,2026-05-26,15775.00,CE,MIDCPNIFTY26MAY15775CE,0.00,0.00,0.00,73.05,0.00,73.05,14168.90,1.25,0,0,0,0.00,0,F1,120,,,,,
2026-05-15,2026-05-15,FO,NSE,IDO,35013,,MIDCPNIFTY,,2026-05-26,2026-05-26,15725.00,CE,MIDCPNIFTY26MAY15725CE,0.00,0.00,0.00,77.70,0.00,77.70,14168.90,1.55,0,0,0,0.00,0,F1,120,,,,,
2026-05-15,2026-05-15,FO,NSE,IDO,71191,,MIDCPNIFTY,,2026-05-26,2026-05-26,15650.00,CE,MIDCPNIFTY26MAY15650CE,0.00,0.00,0.00,74.15,0.00,74.15,14168.90,2.15,0,0,0,0.00,0,F1,120,,,,,
2026-05-15,2026-05-15,FO,NSE,IDO,71179,,MIDCPNIFTY,,2026-05-26,2026-05-26,15500.00,CE,MIDCPNIFTY26MAY15500CE,3.45,3.95,2.05,2.20,2.25,3.40,14168.90,2.20,232800,26640,1438,2675117580.00,608,F1,120,,,,,
2026-05-15,2026-05-15,FO,NSE,IDO,71158,,MIDCPNIFTY,,2026-05-26,2026-05-26,15400.00,CE,MIDCPNIFTY26MAY15400CE,8.40,8.40,2.45,3.00,3.15,4.45,14168.90,3.00,334800,2040,786,1452867228.00,353,F1,120,,,,,
2026-05-15,2026-05-15,FO,NSE,IDO,71036,,MIDCPNIFTY,,2026-05-26,2026-05-26,15200.00,CE,MIDCPNIFTY26MAY15200CE,8.05,10.15,5.80,6.55,6.45,8.85,14168.90,6.55,515160,240,1939,3538453026.00,1339,F1,120,,,,,
2026-05-15,2026-05-15,FO,NSE,IDO,71016,,MIDCPNIFTY,,2026-05-26,2026-05-26,15025.00,CE,MIDCPNIFTY26MAY15025CE,17.75,18.55,12.00,12.90,13.00,19.70,14168.90,12.90,4320,-120,97,175066440.00,53,F1,120,,,,,
2026-05-15,2026-05-15,FO,NSE,IDO,70984,,MIDCPNIFTY,,2026-05-26,2026-05-26,14800.00,CE,MIDCPNIFTY26MAY14800CE,47.00,54.10,26.90,28.85,28.95,47.15,14168.90,28.85,306480,104880,6707,11940409626.00,5305,F1,120,,,,,
2026-05-15,2026-05-15,FO,NSE,IDO,70962,,MIDCPNIFTY,,2026-05-26,2026-05-26,14525.00,CE,MIDCPNIFTY26MAY14525CE,122.00,138.40,72.05,77.40,75.75,119.10,14168.90,77.40,15960,-240,112,196519986.00,100,F1,120,,,,,
2026-05-15,2026-05-15,FO,NSE,IDO,70942,,MIDCPNIFTY,,2026-05-26,2026-05-26,14300.00,CE,MIDCPNIFTY26MAY14300CE,231.05,250.60,144.00,153.60,151.00,220.95,14168.90,153.60,217920,47880,11133,19369542426.00,9322,F1,120,,,,,
2026-05-15,2026-05-15,FO,NSE,IDO,70846,,MIDCPNIFTY,,2026-05-26,2026-05-26,14125.00,CE,MIDCPNIFTY26MAY14125CE,316.95,363.85,230.50,238.70,236.55,326.80,14168.90,238.70,8640,-960,128,221249562.00,103,F1,120,,,,,
2026-05-15,2026-05-15,FO,NSE,IDO,70834,,MIDCPNIFTY,,2026-05-26,2026-05-26,13975.00,CE,MIDCPNIFTY26MAY13975CE,0.00,0.00,0.00,428.60,428.60,428.60,14168.90,360.95,5160,0,0,0.00,0,F1,120,,,,,
2026-05-15,2026-05-15,FO,NSE,IDO,70832,,MIDCPNIFTY,,2026-05-26,2026-05-26,13950.00,CE,MIDCPNIFTY26MAY13950CE,383.55,399.00,352.75,352.80,352.80,448.55,14168.90,377.00,23760,-2040,19,32660970.00,13,F1,120,,,,,
2026-05-15,2026-05-15,FO,NSE,IDO,70830,,MIDCPNIFTY,,2026-05-26,2026-05-26,13925.00,CE,MIDCPNIFTY26MAY13925CE,0.00,0.00,0.00,333.00,333.00,333.00,14168.90,393.50,8160,0,0,0.00,0,F1,120,,,,,
2026-05-15,2026-05-15,FO,NSE,IDO,70802,,MIDCPNIFTY,,2026-05-26,2026-05-26,13575.00,CE,MIDCPNIFTY26MAY13575CE,0.00,0.00,0.00,478.80,478.80,478.80,14168.90,661.15,960,0,0,0.00,0,F1,120,,,,,
2026-05-15,2026-05-15,FO,NSE,IDO,70792,,MIDCPNIFTY,,2026-05-26,2026-05-26,13450.00,CE,MIDCPNIFTY26MAY13450CE,0.00,0.00,0.00,1178.60,1178.60,1178.60,14168.90,770.25,360,0,0,0.00,0,F1,120,,,,,
2026-05-15,2026-05-15,FO,NSE,IDO,70766,,MIDCPNIFTY,,2026-05-26,2026-05-26,13375.00,CE,MIDCPNIFTY26MAY13375CE,0.00,0.00,0.00,722.45,0.00,722.45,14168.90,838.15,0,0,0,0.00,0,F1,120,,,,,
2026-05-15,2026-05-15,FO,NSE,IDO,70740,,MIDCPNIFTY,,2026-05-26,2026-05-26,13250.00,CE,MIDCPNIFTY26MAY13250CE,0.00,0.00,0.00,955.40,955.40,955.40,14168.90,954.60,120,0,0,0.00,0,F1,120,,,,,
2026-05-15,2026-05-15,FO,NSE,IDO,70510,,MIDCPNIFTY,,2026-05-26,2026-05-26,12300.00,CE,MIDCPNIFTY26MAY12300CE,0.00,0.00,0.00,1464.95,0.00,1464.95,14168.90,1890.70,0,0,0,0.00,0,F1,120,,,,,
2026-05-15,2026-05-15,FO,NSE,IDO,70496,,MIDCPNIFTY,,2026-05-26,2026-05-26,12200.00,CE,MIDCPNIFTY26MAY12200CE,0.00,0.00,0.00,1547.25,0.00,1547.25,14168.90,1990.50,0,0,0,0.00,0,F1,120,,,,,
2026-05-15,2026-05-15,FO,NSE,IDO,70449,,MIDCPNIFTY,,2026-05-26,2026-05-26,11950.00,CE,MIDCPNIFTY26MAY11950CE,0.00,0.00,0.00,1760.55,0.00,1760.55,14168.90,2240.05,0,0,0,0.00,0,F1,120,,,,,
2026-05-15,2026-05-15,FO,NSE,IDO,70365,,MIDCPNIFTY,,2026-05-26,2026-05-26,11725.00,CE,MIDCPNIFTY26MAY11725CE,0.00,0.00,0.00,1960.50,0.00,1960.50,14168.90,2464.65,0,0,0,0.00,0,F1,120,,,,,
2026-05-15,2026-05-15,FO,NSE,IDO,70338,,MIDCPNIFTY,,2026-05-26,2026-05-26,11600.00,CE,MIDCPNIFTY26MAY11600CE,0.00,0.00,0.00,2074.30,0.00,2074.30,14168.90,2589.40,0,0,0,0.00,0,F1,120,,,,,
2026-05-15,2026-05-15,FO,NSE,IDO,70307,,MIDCPNIFTY,,2026-05-26,2026-05-26,11450.00,CE,MIDCPNIFTY26MAY11450CE,0.00,0.00,0.00,2212.95,0.00,2212.95,14168.90,2739.15,0,0,0,0.00,0,F1,120,,,,,
2026-05-15,2026-05-15,FO,NSE,IDO,43690,,MIDCPNIFTY,,2026-05-26,2026-05-26,10975.00,CE,MIDCPNIFTY26MAY10975CE,0.00,0.00,0.00,2243.05,0.00,2243.05,14168.90,3213.30,0,0,0,0.00,0,F1,120,,,,,
2026-05-15,2026-05-15,FO,NSE,IDF,66070,,MIDCPNIFTY,,2026-05-26,2026-05-26,,,MIDCPNIFTY26MAYFUT,14300.00,14349.00,14139.65,14171.60,14175.00,14304.30,14168.90,14171.60,2099280,-3480,3540,6043197408.00,2905,F1,120,,,,,
2026-05-15,2026-05-15,FO,NSE,IDO,63426,,MIDCPNIFTY,,2026-07-28,2026-07-28,13675.00,PE,MIDCPNIFTY26JUL13675PE,0.00,0.00,0.00,442.15,0.00,442.15,14168.90,324.60,0,0,0,0.00,0,F1,120,,,,,
2026-05-15,2026-05-15,FO,NSE,IDO,63608,,MIDCPNIFTY,,2026-07-28,2026-07-28,15875.00,PE,MIDCPNIFTY26JUL15875PE,0.00,0.00,0.00,1839.50,0.00,1839.50,14168.90,1658.10,0,0,0,0.00,0,F1,120,,,,,
2026-05-15,2026-05-15,FO,NSE,IDO,63604,,MIDCPNIFTY,,2026-07-28,2026-07-28,15825.00,PE,MIDCPNIFTY26JUL15825PE,0.00,0.00,0.00,1798.25,0.00,1798.25,14168.90,1617.00,0,0,0,0.00,0,F1,120,,,,,
2026-05-15,2026-05-15,FO,NSE,IDO,63600,,MIDCPNIFTY,,2026-07-28,2026-07-28,15775.00,PE,MIDCPNIFTY26JUL15775PE,0.00,0.00,0.00,1757.30,0.00,1757.30,14168.90,1576.25,0,0,0,0.00,0,F1,120,,,,,
2026-05-15,2026-05-15,FO,NSE,IDO,63572,,MIDCPNIFTY,,2026-07-28,2026-07-28,15425.00,PE,MIDCPNIFTY26JUL15425PE,0.00,0.00,0.00,1481.10,0.00,1481.10,14168.90,1302.65,0,0,0,0.00,0,F1,120,,,,,
2026-05-15,2026-05-15,FO,NSE,IDO,63544,,MIDCPNIFTY,,2026-07-28,2026-07-28,15075.00,PE,MIDCPNIFTY26JUL15075PE,0.00,0.00,0.00,1222.95,0.00,1222.95,14168.90,1050.10,0,0,0,0.00,0,F1,120,,,,,
2026-05-15,2026-05-15,FO,NSE,IDO,63522,,MIDCPNIFTY,,2026-07-28,2026-07-28,14825.00,PE,MIDCPNIFTY26JUL14825PE,0.00,0.00,0.00,1052.75,0.00,1052.75,14168.90,885.85,0,0,0,0.00,0,F1,120,,,,,
2026-05-15,2026-05-15,FO,NSE,IDO,78780,,MIDCPNIFTY,,2026-06-30,2026-06-30,14900.00,PE,MIDCPNIFTY26JUN14900PE,0.00,0.00,0.00,2513.55,0.00,2513.55,14168.90,860.65,0,0,0,0.00,0,F1,120,,,,,
2026-05-15,2026-05-15,FO,NSE,IDO,35127,,MIDCPNIFTY,,2026-06-30,2026-06-30,14625.00,PE,MIDCPNIFTY26JUN14625PE,0.00,0.00,0.00,1993.70,0.00,1993.70,14168.90,679.25,0,0,0,0.00,0,F1,120,,,,,
2026-05-15,2026-05-15,FO,NSE,IDO,78635,,MIDCPNIFTY,,2026-06-30,2026-06-30,13850.00,PE,MIDCPNIFTY26JUN13850PE,0.00,0.00,0.00,1581.75,0.00,1581.75,14168.90,293.65,0,0,0,0.00,0,F1,120,,,,,
2026-05-15,2026-05-15,FO,NSE,IDO,78621,,MIDCPNIFTY,,2026-06-30,2026-06-30,13675.00,PE,MIDCPNIFTY26JUN13675PE,0.00,0.00,0.00,166.00,166.00,166.00,14168.90,233.15,120,0,0,0.00,0,F1,120,,,,,
2026-05-15,2026-05-15,FO,NSE,IDO,78590,,MIDCPNIFTY,,2026-06-30,2026-06-30,13525.00,PE,MIDCPNIFTY26JUN13525PE,0.00,0.00,0.00,1320.55,0.00,1320.55,14168.90,189.25,0,0,0,0.00,0,F1,120,,,,,
2026-05-15,2026-05-15,FO,NSE,IDO,78588,,MIDCPNIFTY,,2026-06-30,2026-06-30,13500.00,PE,MIDCPNIFTY26JUN13500PE,145.45,187.20,145.30,180.75,187.20,147.80,14168.90,180.75,3600,600,13,21313332.00,13,F1,120,,,,,
2026-05-15,2026-05-15,FO,NSE,IDO,78519,,MIDCPNIFTY,,2026-06-30,2026-06-30,13275.00,PE,MIDCPNIFTY26JUN13275PE,0.00,0.00,0.00,1131.95,0.00,1131.95,14168.90,128.80,0,0,0,0.00,0,F1,120,,,,,
2026-05-15,2026-05-15,FO,NSE,IDO,78490,,MIDCPNIFTY,,2026-06-30,2026-06-30,13200.00,PE,MIDCPNIFTY26JUN13200PE,0.00,0.00,0.00,1077.85,0.00,1077.85,14168.90,113.90,0,0,0,0.00,0,F1,120,,,,,
2026-05-15,2026-05-15,FO,NSE,IDO,78286,,MIDCPNIFTY,,2026-06-30,2026-06-30,12325.00,PE,MIDCPNIFTY26JUN12325PE,0.00,0.00,0.00,543.35,0.00,543.35,14168.90,20.00,0,0,0,0.00,0,F1,120,,,,,
2026-05-15,2026-05-15,FO,NSE,IDO,78278,,MIDCPNIFTY,,2026-06-30,2026-06-30,12225.00,PE,MIDCPNIFTY26JUN12225PE,0.00,0.00,0.00,494.85,0.00,494.85,14168.90,15.70,0,0,0,0.00,0,F1,120,,,,,
2026-05-15,2026-05-15,FO,NSE,IDO,78262,,MIDCPNIFTY,,2026-06-30,2026-06-30,12050.00,PE,MIDCPNIFTY26JUN12050PE,0.00,0.00,0.00,416.35,0.00,416.35,14168.90,10.10,0,0,0,0.00,0,F1,120,,,,,
2026-05-15,2026-05-15,FO,NSE,IDO,78021,,MIDCPNIFTY,,2026-06-30,2026-06-30,10875.00,PE,MIDCPNIFTY26JUN10875PE,0.00,0.00,0.00,92.40,0.00,92.40,14168.90,0.25,0,0,0,0.00,0,F1,120,,,,,
2026-05-15,2026-05-15,FO,NSE,IDO,53806,,MIDCPNIFTY,,2026-05-26,2026-05-26,15925.00,PE,MIDCPNIFTY26MAY15925PE,0.00,0.00,0.00,2157.60,0.00,2157.60,14168.90,1728.55,0,0,0,0.00,0,F1,120,,,,,
2026-05-15,2026-05-15,FO,NSE,IDO,71184,,MIDCPNIFTY,,2026-05-26,2026-05-26,15550.00,PE,MIDCPNIFTY26MAY15550PE,0.00,0.00,0.00,1929.10,0.00,1929.10,14168.90,1356.95,0,0,0,0.00,0,F1,120,,,,,
2026-05-15,2026-05-15,FO,NSE,IDO,71180,,MIDCPNIFTY,,2026-05-26,2026-05-26,15500.00,PE,MIDCPNIFTY26MAY15500PE,0.00,0.00,0.00,920.00,920.00,920.00,14168.90,1307.80,360,0,0,0.00,0,F1,120,,,,,
2026-05-15,2026-05-15,FO,NSE,IDO,71124,,MIDCPNIFTY,,2026-05-26,2026-05-26,15300.00,PE,MIDCPNIFTY26MAY15300PE,0.00,0.00,0.00,1712.20,0.00,1712.20,14168.90,1113.25,0,0,0,0.00,0,F1,120,,,,,
2026-05-15,2026-05-15,FO,NSE,IDO,70991,,MIDCPNIFTY,,2026-05-26,2026-05-26,14875.00,PE,MIDCPNIFTY26MAY14875PE,602.65,620.30,602.65,620.30,620.30,451.55,14168.90,720.50,960,0,2,3716754.00,2,F1,120,,,,,
2026-05-15,2026-05-15,FO,NSE,IDO,70973,,MIDCPNIFTY,,2026-05-26,2026-05-26,14650.00,PE,MIDCPNIFTY26MAY14650PE,425.75,480.90,425.75,480.90,480.90,420.70,14168.90,534.30,5040,-240,4,7249896.00,4,F1,120,,,,,
2026-05-15,2026-05-15,FO,NSE,IDO,70971,,MIDCPNIFTY,,2026-05-26,2026-05-26,14625.00,PE,MIDCPNIFTY26MAY14625PE,406.05,406.05,406.05,406.05,406.05,397.60,14168.90,514.95,5760,120,1,1803726.00,1,F1,120,,,,,
2026-05-15,2026-05-15,FO,NSE,IDO,70957,,MIDCPNIFTY,,2026-05-26,2026-05-26,14450.00,PE,MIDCPNIFTY26MAY14450PE,287.50,363.35,278.70,309.85,309.85,302.55,14168.90,388.75,10200,-240,12,21242586.00,10,F1,120,,,,,
2026-05-15,2026-05-15,FO,NSE,IDO,70945,,MIDCPNIFTY,,2026-05-26,2026-05-26,14325.00,PE,MIDCPNIFTY26MAY14325PE,233.45,311.00,212.10,297.80,305.00,233.70,14168.90,297.80,6720,-2400,417,729258630.00,366,F1,120,,,,,
2026-05-15,2026-05-15,FO,NSE,IDO,70835,,MIDCPNIFTY,,2026-05-26,2026-05-26,13975.00,PE,MIDCPNIFTY26MAY13975PE,115.65,150.10,101.40,141.10,141.10,108.30,14168.90,141.10,6000,-960,69,116751654.00,57,F1,120,,,,,
2026-05-15,2026-05-15,FO,NSE,IDO,70758,,MIDCPNIFTY,,2026-05-26,2026-05-26,13300.00,PE,MIDCPNIFTY26MAY13300PE,18.70,27.00,17.30,22.80,22.90,19.35,14168.90,22.80,95280,6600,1160,1854270510.00,856,F1,120,,,,,
2026-05-15,2026-05-15,FO,NSE,IDO,70641,,MIDCPNIFTY,,2026-05-26,2026-05-26,13050.00,PE,MIDCPNIFTY26MAY13050PE,11.25,13.75,10.45,13.00,13.00,10.95,14168.90,13.00,4200,240,8,12539196.00,5,F1,120,,,,,
2026-05-15,2026-05-15,FO,NSE,IDO,70474,,MIDCPNIFTY,,2026-05-26,2026-05-26,12075.00,PE,MIDCPNIFTY26MAY12075PE,0.00,0.00,0.00,3.10,3.10,3.10,14168.90,0.05,960,0,0,0.00,0,F1,120,,,,,
2026-05-15,2026-05-15,FO,NSE,IDO,43691,,MIDCPNIFTY,,2026-05-26,2026-05-26,10975.00,PE,MIDCPNIFTY26MAY10975PE,0.00,0.00,0.00,15.80,0.00,15.80,14168.90,0.00,0,0,0,0.00,0,F1,120,,,,,
2026-05-15,2026-05-15,FO,NSE,IDO,43685,,MIDCPNIFTY,,2026-05-26,2026-05-26,10875.00,PE,MIDCPNIFTY26MAY10875PE,0.00,0.00,0.00,12.45,0.00,12.45,14168.90,0.00,0,0,0,0.00,0,F1,120,,,,,
2026-05-15,2026-05-15,FO,NSE,IDO,63609,,MIDCPNIFTY,,2026-07-28,2026-07-28,15900.00,CE,MIDCPNIFTY26JUL15900CE,0.00,0.00,0.00,164.65,0.00,164.65,14168.90,152.00,0,0,0,0.00,0,F1,120,,,,,
2026-05-15,2026-05-15,FO,NSE,IDO,63607,,MIDCPNIFTY,,2026-07-28,2026-07-28,15875.00,CE,MIDCPNIFTY26JUL15875CE,0.00,0.00,0.00,168.55,0.00,168.55,14168.90,156.00,0,0,0,0.00,0,F1,120,,,,,
2026-05-15,2026-05-15,FO,NSE,IDO,63575,,MIDCPNIFTY,,2026-07-28,2026-07-28,15475.00,CE,MIDCPNIFTY26JUL15475CE,0.00,0.00,0.00,242.30,0.00,242.30,14168.90,233.35,0,0,0,0.00,0,F1,120,,,,,
2026-05-15,2026-05-15,FO,NSE,IDO,63567,,MIDCPNIFTY,,2026-07-28,2026-07-28,15375.00,CE,MIDCPNIFTY26JUL15375CE,0.00,0.00,0.00,264.90,0.00,264.90,14168.90,256.65,0,0,0,0.00,0,F1,120,,,,,
2026-05-15,2026-05-15,FO,NSE,IDO,63563,,MIDCPNIFTY,,2026-07-28,2026-07-28,15325.00,CE,MIDCPNIFTY26JUL15325CE,0.00,0.00,0.00,276.50,0.00,276.50,14168.90,268.40,0,0,0,0.00,0,F1,120,,,,,
2026-05-15,2026-05-15,FO,NSE,IDO,63513,,MIDCPNIFTY,,2026-07-28,2026-07-28,14725.00,CE,MIDCPNIFTY26JUL14725CE,0.00,0.00,0.00,450.70,0.00,450.70,14168.90,457.20,0,0,0,0.00,0,F1,120,,,,,
2026-05-15,2026-05-15,FO,NSE,IDO,63497,,MIDCPNIFTY,,2026-07-28,2026-07-28,14525.00,CE,MIDCPNIFTY26JUL14525CE,0.00,0.00,0.00,524.80,0.00,524.80,14168.90,538.25,0,0,0,0.00,0,F1,120,,,,,
2026-05-15,2026-05-15,FO,NSE,IDO,63479,,MIDCPNIFTY,,2026-07-28,2026-07-28,14300.00,CE,MIDCPNIFTY26JUL14300CE,0.00,0.00,0.00,618.55,0.00,618.55,14168.90,641.15,0,0,0,0.00,0,F1,120,,,,,
2026-05-15,2026-05-15,FO,NSE,IDO,63477,,MIDCPNIFTY,,2026-07-28,2026-07-28,14275.00,CE,MIDCPNIFTY26JUL14275CE,0.00,0.00,0.00,629.65,0.00,629.65,14168.90,653.40,0,0,0,0.00,0,F1,120,,,,,
2026-05-15,2026-05-15,FO,NSE,IDO,63409,,MIDCPNIFTY,,2026-07-28,2026-07-28,13475.00,CE,MIDCPNIFTY26JUL13475CE,0.00,0.00,0.00,1061.45,0.00,1061.45,14168.90,1127.75,0,0,0,0.00,0,F1,120,,,,,
2026-05-15,2026-05-15,FO,NSE,IDO,63403,,MIDCPNIFTY,,2026-07-28,2026-07-28,13400.00,CE,MIDCPNIFTY26JUL13400CE,0.00,0.00,0.00,1109.45,0.00,1109.45,14168.90,1180.85,0,0,0,0.00,0,F1,120,,,,,
2026-05-15,2026-05-15,FO,NSE,IDO,63373,,MIDCPNIFTY,,2026-07-28,2026-07-28,13025.00,CE,MIDCPNIFTY26JUL13025CE,0.00,0.00,0.00,1368.85,0.00,1368.85,14168.90,1461.60,0,0,0,0.00,0,F1,120,,,,,
2026-05-15,2026-05-15,FO,NSE,IDO,63371,,MIDCPNIFTY,,2026-07-28,2026-07-28,13000.00,CE,MIDCPNIFTY26JUL13000CE,0.00,0.00,0.00,1387.15,0.00,1387.15,14168.90,1481.35,0,0,0,0.00,0,F1,120,,,,,
2026-05-15,2026-05-15,FO,NSE,IDO,63353,,MIDCPNIFTY,,2026-07-28,2026-07-28,12775.00,CE,MIDCPNIFTY26JUL12775CE,0.00,0.00,0.00,1556.85,0.00,1556.85,14168.90,1664.50,0,0,0,0.00,0,F1,120,,,,,
2026-05-15,2026-05-15,FO,NSE,IDO,63321,,MIDCPNIFTY,,2026-07-28,2026-07-28,12375.00,CE,MIDCPNIFTY26JUL12375CE,0.00,0.00,0.00,1881.70,0.00,1881.70,14168.90,2010.35,0,0,0,0.00,0,F1,120,,,,,
2026-05-15,2026-05-15,FO,NSE,IDO,52004,,MIDCPNIFTY,,2026-06-30,2026-06-30,15675.00,CE,MIDCPNIFTY26JUN15675CE,0.00,0.00,0.00,92.50,0.00,92.50,14168.90,90.85,0,0,0,0.00,0,F1,120,,,,,
2026-05-15,2026-05-15,FO,NSE,IDO,49277,,MIDCPNIFTY,,2026-06-30,2026-06-30,15575.00,CE,MIDCPNIFTY26JUN15575CE,0.00,0.00,0.00,91.60,0.00,91.60,14168.90,104.55,0,0,0,0.00,0,F1,120,,,,,
2026-05-15,2026-05-15,FO,NSE,IDO,49275,,MIDCPNIFTY,,2026-06-30,2026-06-30,15550.00,CE,MIDCPNIFTY26JUN15550CE,0.00,0.00,0.00,94.25,0.00,94.25,14168.90,108.25,0,0,0,0.00,0,F1,120,,,,,
2026-05-15,2026-05-15,FO,NSE,IDO,40776,,MIDCPNIFTY,,2026-06-30,2026-06-30,15350.00,CE,MIDCPNIFTY26JUN15350CE,0.00,0.00,0.00,101.15,0.00,101.15,14168.90,141.90,0,0,0,0.00,0,F1,120,,,,,
2026-05-15,2026-05-15,FO,NSE,IDO,40774,,MIDCPNIFTY,,2026-06-30,2026-06-30,15325.00,CE,MIDCPNIFTY26JUN15325CE,0.00,0.00,0.00,103.95,0.00,103.95,14168.90,146.65,0,0,0,0.00,0,F1,120,,,,,
2026-05-15,2026-05-15,FO,NSE,IDO,78650,,MIDCPNIFTY,,2026-06-30,2026-06-30,14050.00,CE,MIDCPNIFTY26JUN14050CE,0.00,0.00,0.00,110.65,0.00,110.65,14168.90,606.10,0,0,0,0.00,0,F1,120,,,,,
2026-05-15,2026-05-15,FO,NSE,IDO,78630,,MIDCPNIFTY,,2026-06-30,2026-06-30,13800.00,CE,MIDCPNIFTY26JUN13800CE,0.00,0.00,0.00,146.45,0.00,146.45,14168.90,754.80,0,0,0,0.00,0,F1,120,,,,,
2026-05-15,2026-05-15,FO,NSE,IDO,78589,,MIDCPNIFTY,,2026-06-30,2026-06-30,13525.00,CE,MIDCPNIFTY26JUN13525CE,0.00,0.00,0.00,196.60,0.00,196.60,14168.90,941.45,0,0,0,0.00,0,F1,120,,,,,
2026-05-15,2026-05-15,FO,NSE,IDO,78363,,MIDCPNIFTY,,2026-06-30,2026-06-30,12775.00,CE,MIDCPNIFTY26JUN12775CE,0.00,0.00,0.00,407.30,0.00,407.30,14168.90,1548.95,0,0,0,0.00,0,F1,120,,,,,
2026-05-15,2026-05-15,FO,NSE,IDO,78339,,MIDCPNIFTY,,2026-06-30,2026-06-30,12725.00,CE,MIDCPNIFTY26JUN12725CE,0.00,0.00,0.00,425.90,0.00,425.90,14168.90,1593.55,0,0,0,0.00,0,F1,120,,,,,
2026-05-15,2026-05-15,FO,NSE,IDO,78271,,MIDCPNIFTY,,2026-06-30,2026-06-30,12175.00,CE,MIDCPNIFTY26JUN12175CE,0.00,0.00,0.00,673.40,0.00,673.40,14168.90,2105.30,0,0,0,0.00,0,F1,120,,,,,
2026-05-15,2026-05-15,FO,NSE,IDO,78240,,MIDCPNIFTY,,2026-06-30,2026-06-30,11950.00,CE,MIDCPNIFTY26JUN11950CE,0.00,0.00,0.00,798.10,0.00,798.10,14168.90,2322.35,0,0,0,0.00,0,F1,120,,,,,
2026-05-15,2026-05-15,FO,NSE,IDO,78230,,MIDCPNIFTY,,2026-06-30,2026-06-30,11875.00,CE,MIDCPNIFTY26JUN11875CE,0.00,0.00,0.00,842.70,0.00,842.70,14168.90,2395.30,0,0,0,0.00,0,F1,120,,,,,
2026-05-15,2026-05-15,FO,NSE,IDO,78076,,MIDCPNIFTY,,2026-06-30,2026-06-30,11075.00,CE,MIDCPNIFTY26JUN11075CE,0.00,0.00,0.00,1407.55,0.00,1407.55,14168.90,3183.10,0,0,0,0.00,0,F1,120,,,,,
2026-05-15,2026-05-15,FO,NSE,IDO,78020,,MIDCPNIFTY,,2026-06-30,2026-06-30,10875.00,CE,MIDCPNIFTY26JUN10875CE,0.00,0.00,0.00,1570.95,0.00,1570.95,14168.90,3381.25,0,0,0,0.00,0,F1,120,,,,,
2026-05-15,2026-05-15,FO,NSE,IDO,71262,,MIDCPNIFTY,,2026-05-26,2026-05-26,16100.00,CE,MIDCPNIFTY26MAY16100CE,0.00,0.00,0.00,41.80,0.00,41.80,14168.90,0.25,0,0,0,0.00,0,F1,120,,,,,
2026-05-15,2026-05-15,FO,NSE,IDO,35024,,MIDCPNIFTY,,2026-05-26,2026-05-26,15750.00,CE,MIDCPNIFTY26MAY15750CE,0.00,0.00,0.00,75.35,0.00,75.35,14168.90,1.40,0,0,0,0.00,0,F1,120,,,,,
2026-05-15,2026-05-15,FO,NSE,IDO,71187,,MIDCPNIFTY,,2026-05-26,2026-05-26,15600.00,CE,MIDCPNIFTY26MAY15600CE,1.55,2.50,1.35,1.40,1.40,2.30,14168.90,1.40,12480,1200,63,117951864.00,38,F1,120,,,,,
2026-05-15,2026-05-15,FO,NSE,IDO,71125,,MIDCPNIFTY,,2026-05-26,2026-05-26,15325.00,CE,MIDCPNIFTY26MAY15325CE,5.35,6.15,3.80,3.80,3.80,5.80,14168.90,8.35,4080,-14280,140,257534958.00,94,F1,120,,,,,
2026-05-15,2026-05-15,FO,NSE,IDO,71029,,MIDCPNIFTY,,2026-05-26,2026-05-26,15150.00,CE,MIDCPNIFTY26MAY15150CE,9.80,12.00,7.45,8.30,8.40,11.50,14168.90,8.30,14880,-120,140,254671170.00,106,F1,120,,,,,
2026-05-15,2026-05-15,FO,NSE,IDO,70964,,MIDCPNIFTY,,2026-05-26,2026-05-26,14550.00,CE,MIDCPNIFTY26MAY14550CE,104.05,129.45,67.45,70.35,69.70,109.50,14168.90,70.35,50760,240,365,641373186.00,306,F1,120,,,,,
2026-05-15,2026-05-15,FO,NSE,IDO,70958,,MIDCPNIFTY,,2026-05-26,2026-05-26,14475.00,CE,MIDCPNIFTY26MAY14475CE,135.10,155.65,86.85,89.50,89.35,135.10,14168.90,89.50,9000,-2160,179,313688376.00,159,F1,120,,,,,
2026-05-15,2026-05-15,FO,NSE,IDO,70951,,MIDCPNIFTY,,2026-05-26,2026-05-26,14400.00,CE,MIDCPNIFTY26MAY14400CE,181.05,196.00,107.55,113.50,113.90,171.55,14168.90,113.50,294960,34800,4303,7512576420.00,3686,F1,120,,,,,
2026-05-15,2026-05-15,FO,NSE,IDO,70861,,MIDCPNIFTY,,2026-05-26,2026-05-26,14225.00,CE,MIDCPNIFTY26MAY14225CE,270.45,295.00,177.15,187.50,186.40,263.85,14168.90,187.50,20400,-720,1433,2485325064.00,1204,F1,120,,,,,
2026-05-15,2026-05-15,FO,NSE,IDO,70842,,MIDCPNIFTY,,2026-05-26,2026-05-26,14075.00,CE,MIDCPNIFTY26MAY14075CE,381.55,381.55,272.55,273.25,273.25,361.35,14168.90,300.65,5520,-1200,21,36296340.00,19,F1,120,,,,,
2026-05-15,2026-05-15,FO,NSE,IDO,70816,,MIDCPNIFTY,,2026-05-26,2026-05-26,13750.00,CE,MIDCPNIFTY26MAY13750CE,0.00,0.00,0.00,422.10,422.10,422.10,14168.90,519.35,6240,0,0,0.00,0,F1,120,,,,,
2026-05-15,2026-05-15,FO,NSE,IDO,70744,,MIDCPNIFTY,,2026-05-26,2026-05-26,13275.00,CE,MIDCPNIFTY26MAY13275CE,0.00,0.00,0.00,828.00,828.00,828.00,14168.90,931.05,120,0,0,0.00,0,F1,120,,,,,
2026-05-15,2026-05-15,FO,NSE,IDO,70646,,MIDCPNIFTY,,2026-05-26,2026-05-26,13125.00,CE,MIDCPNIFTY26MAY13125CE,0.00,0.00,0.00,869.00,0.00,869.00,14168.90,1074.10,0,0,0,0.00,0,F1,120,,,,,
2026-05-15,2026-05-15,FO,NSE,IDO,70634,,MIDCPNIFTY,,2026-05-26,2026-05-26,12975.00,CE,MIDCPNIFTY26MAY12975CE,0.00,0.00,0.00,964.95,0.00,964.95,14168.90,1220.20,0,0,0,0.00,0,F1,120,,,,,
2026-05-15,2026-05-15,FO,NSE,IDO,70540,,MIDCPNIFTY,,2026-05-26,2026-05-26,12675.00,CE,MIDCPNIFTY26MAY12675CE,0.00,0.00,0.00,1174.85,0.00,1174.85,14168.90,1516.95,0,0,0,0.00,0,F1,120,,,,,
2026-05-15,2026-05-15,FO,NSE,IDO,70530,,MIDCPNIFTY,,2026-05-26,2026-05-26,12550.00,CE,MIDCPNIFTY26MAY12550CE,0.00,0.00,0.00,1267.80,0.00,1267.80,14168.90,1641.40,0,0,0,0.00,0,F1,120,,,,,
2026-05-15,2026-05-15,FO,NSE,IDO,70487,,MIDCPNIFTY,,2026-05-26,2026-05-26,12125.00,CE,MIDCPNIFTY26MAY12125CE,0.00,0.00,0.00,1610.15,0.00,1610.15,14168.90,2065.35,0,0,0,0.00,0,F1,120,,,,,
2026-05-15,2026-05-15,FO,NSE,IDO,70121,,MIDCPNIFTY,,2026-05-26,2026-05-26,10900.00,CE,MIDCPNIFTY26MAY10900CE,0.00,0.00,0.00,2735.70,0.00,2735.70,14168.90,3288.20,0,0,0,0.00,0,F1,120,,,,,
2026-05-15,2026-05-15,FO,NSE,IDF,62328,,MIDCPNIFTY,,2026-06-30,2026-06-30,,,MIDCPNIFTY26JUNFUT,14344.00,14402.35,14188.15,14219.50,14217.20,14353.20,14168.90,14219.50,102480,8280,516,884602566.00,423,F1,120,,,,,
2026-05-15,2026-05-15,FO,NSE,IDO,63566,,MIDCPNIFTY,,2026-07-28,2026-07-28,15350.00,PE,MIDCPNIFTY26JUL15350PE,0.00,0.00,0.00,1424.10,0.00,1424.10,14168.90,1246.60,0,0,0,0.00,0,F1,120,,,,,
2026-05-15,2026-05-15,FO,NSE,IDO,63556,,MIDCPNIFTY,,2026-07-28,2026-07-28,15225.00,PE,MIDCPNIFTY26JUL15225PE,0.00,0.00,0.00,1330.65,0.00,1330.65,14168.90,1155.05,0,0,0,0.00,0,F1,120,,,,,
2026-05-15,2026-05-15,FO,NSE,IDO,63554,,MIDCPNIFTY,,2026-07-28,2026-07-28,15200.00,PE,MIDCPNIFTY26JUL15200PE,0.00,0.00,0.00,1312.40,0.00,1312.40,14168.90,1137.25,0,0,0,0.00,0,F1,120,,,,,
2026-05-15,2026-05-15,FO,NSE,IDO,63488,,MIDCPNIFTY,,2026-07-28,2026-07-28,14400.00,PE,MIDCPNIFTY26JUL14400PE,0.00,0.00,0.00,792.60,0.00,792.60,14168.90,639.90,0,0,0,0.00,0,F1,120,,,,,
2026-05-15,2026-05-15,FO,NSE,IDO,63472,,MIDCPNIFTY,,2026-07-28,2026-07-28,14200.00,PE,MIDCPNIFTY26JUL14200PE,0.00,0.00,0.00,683.85,0.00,683.85,14168.90,539.65,0,0,0,0.00,0,F1,120,,,,,
2026-05-15,2026-05-15,FO,NSE,IDO,63418,,MIDCPNIFTY,,2026-07-28,2026-07-28,13575.00,PE,MIDCPNIFTY26JUL13575PE,0.00,0.00,0.00,403.35,0.00,403.35,14168.90,291.45,0,0,0,0.00,0,F1,120,,,,,
2026-05-15,2026-05-15,FO,NSE,IDO,63398,,MIDCPNIFTY,,2026-07-28,2026-07-28,13325.00,PE,MIDCPNIFTY26JUL13325PE,0.00,0.00,0.00,316.30,0.00,316.30,14168.90,219.60,0,0,0,0.00,0,F1,120,,,,,
2026-05-15,2026-05-15,FO,NSE,IDO,63382,,MIDCPNIFTY,,2026-07-28,2026-07-28,13125.00,PE,MIDCPNIFTY26JUL13125PE,0.00,0.00,0.00,257.25,0.00,257.25,14168.90,171.20,0,0,0,0.00,0,F1,120,,,,,
2026-05-15,2026-05-15,FO,NSE,IDO,63374,,MIDCPNIFTY,,2026-07-28,2026-07-28,13025.00,PE,MIDCPNIFTY26JUL13025PE,0.00,0.00,0.00,230.70,0.00,230.70,14168.90,150.30,0,0,0,0.00,0,F1,120,,,,,
2026-05-15,2026-05-15,FO,NSE,IDO,63342,,MIDCPNIFTY,,2026-07-28,2026-07-28,12625.00,PE,MIDCPNIFTY26JUL12625PE,0.00,0.00,0.00,143.10,0.00,143.10,14168.90,85.30,0,0,0,0.00,0,F1,120,,,,,
2026-05-15,2026-05-15,FO,NSE,IDO,63324,,MIDCPNIFTY,,2026-07-28,2026-07-28,12400.00,PE,MIDCPNIFTY26JUL12400PE,0.00,0.00,0.00,106.50,0.00,106.50,14168.90,59.85,0,0,0,0.00,0,F1,120,,,,,
2026-05-15,2026-05-15,FO,NSE,IDO,53808,,MIDCPNIFTY,,2026-06-30,2026-06-30,15825.00,PE,MIDCPNIFTY26JUN15825PE,0.00,0.00,0.00,2044.30,0.00,2044.30,14168.90,1602.50,0,0,0,0.00,0,F1,120,,,,,
2026-05-15,2026-05-15,FO,NSE,IDO,40787,,MIDCPNIFTY,,2026-06-30,2026-06-30,15475.00,PE,MIDCPNIFTY26JUN15475PE,0.00,0.00,0.00,2122.10,0.00,2122.10,14168.90,1302.15,0,0,0,0.00,0,F1,120,,,,,
2026-05-15,2026-05-15,FO,NSE,IDO,40784,,MIDCPNIFTY,,2026-06-30,2026-06-30,15450.00,PE,MIDCPNIFTY26JUN15450PE,0.00,0.00,0.00,2099.90,0.00,2099.90,14168.90,1281.50,0,0,0,0.00,0,F1,120,,,,,
2026-05-15,2026-05-15,FO,NSE,IDO,40751,,MIDCPNIFTY,,2026-06-30,2026-06-30,15125.00,PE,MIDCPNIFTY26JUN15125PE,0.00,0.00,0.00,1817.80,0.00,1817.80,14168.90,1024.95,0,0,0,0.00,0,F1,120,,,,,
2026-05-15,2026-05-15,FO,NSE,IDO,40739,,MIDCPNIFTY,,2026-06-30,2026-06-30,15025.00,PE,MIDCPNIFTY26JUN15025PE,0.00,0.00,0.00,1733.45,0.00,1733.45,14168.90,949.95,0,0,0,0.00,0,F1,120,,,,,
2026-05-15,2026-05-15,FO,NSE,IDO,78280,,MIDCPNIFTY,,2026-06-30,2026-06-30,12250.00,PE,MIDCPNIFTY26JUN12250PE,0.00,0.00,0.00,506.70,0.00,506.70,14168.90,16.70,0,0,0,0.00,0,F1,120,,,,,
2026-05-15,2026-05-15,FO,NSE,IDO,78364,,MIDCPNIFTY,,2026-06-30,2026-06-30,12775.00,PE,MIDCPNIFTY26JUN12775PE,0.00,0.00,0.00,794.70,0.00,794.70,14168.90,52.70,0,0,0,0.00,0,F1,120,,,,,
2026-05-15,2026-05-15,FO,NSE,IDO,78370,,MIDCPNIFTY,,2026-06-30,2026-06-30,12850.00,PE,MIDCPNIFTY26JUN12850PE,0.00,0.00,0.00,841.60,0.00,841.60,14168.90,61.00,0,0,0,0.00,0,F1,120,,,,,
2026-05-15,2026-05-15,FO,NSE,IDO,78388,,MIDCPNIFTY,,2026-06-30,2026-06-30,12975.00,PE,MIDCPNIFTY26JUN12975PE,0.00,0.00,0.00,922.75,0.00,922.75,14168.90,77.00,0,0,0,0.00,0,F1,120,,,,,
2026-05-15,2026-05-15,FO,NSE,IDO,78476,,MIDCPNIFTY,,2026-06-30,2026-06-30,13025.00,PE,MIDCPNIFTY26JUN13025PE,0.00,0.00,0.00,956.25,0.00,956.25,14168.90,84.30,0,0,0,0.00,0,F1,120,,,,,
2026-05-15,2026-05-15,FO,NSE,IDO,78488,,MIDCPNIFTY,,2026-06-30,2026-06-30,13175.00,PE,MIDCPNIFTY26JUN13175PE,0.00,0.00,0.00,1060.05,0.00,1060.05,14168.90,109.25,0,0,0,0.00,0,F1,120,,,,,
2026-05-15,2026-05-15,FO,NSE,IDO,78617,,MIDCPNIFTY,,2026-06-30,2026-06-30,13625.00,PE,MIDCPNIFTY26JUN13625PE,0.00,0.00,0.00,1399.10,0.00,1399.10,14168.90,217.55,0,0,0,0.00,0,F1,120,,,,,
2026-05-15,2026-05-15,FO,NSE,IDO,78639,,MIDCPNIFTY,,2026-06-30,2026-06-30,13900.00,PE,MIDCPNIFTY26JUN13900PE,0.00,0.00,0.00,1623.35,0.00,1623.35,14168.90,312.70,0,0,0,0.00,0,F1,120,,,,,
2026-05-15,2026-05-15,FO,NSE,IDO,78649,,MIDCPNIFTY,,2026-06-30,2026-06-30,14025.00,PE,MIDCPNIFTY26JUN14025PE,0.00,0.00,0.00,1728.90,0.00,1728.90,14168.90,363.85,0,0,0,0.00,0,F1,120,,,,,
2026-05-15,2026-05-15,FO,NSE,IDO,78762,,MIDCPNIFTY,,2026-06-30,2026-06-30,14400.00,PE,MIDCPNIFTY26JUN14400PE,0.00,0.00,0.00,2056.65,0.00,2056.65,14168.90,547.55,0,0,0,0.00,0,F1,120,,,,,
2026-05-15,2026-05-15,FO,NSE,IDO,35105,,MIDCPNIFTY,,2026-06-30,2026-06-30,14450.00,PE,MIDCPNIFTY26JUN14450PE,0.00,0.00,0.00,1841.15,0.00,1841.15,14168.90,575.45,0,0,0,0.00,0,F1,120,,,,,
2026-05-15,2026-05-15,FO,NSE,IDO,38729,,MIDCPNIFTY,,2026-06-30,2026-06-30,14750.00,PE,MIDCPNIFTY26JUN14750PE,0.00,0.00,0.00,2024.65,0.00,2024.65,14168.90,759.05,0,0,0,0.00,0,F1,120,,,,,
2026-05-15,2026-05-15,FO,NSE,IDO,63534,,MIDCPNIFTY,,2026-07-28,2026-07-28,14950.00,PE,MIDCPNIFTY26JUL14950PE,0.00,0.00,0.00,1136.35,0.00,1136.35,14168.90,966.25,0,0,0,0.00,0,F1,120,,,,,
2026-05-15,2026-05-15,FO,NSE,IDO,63562,,MIDCPNIFTY,,2026-07-28,2026-07-28,15300.00,PE,MIDCPNIFTY26JUL15300PE,0.00,0.00,0.00,1386.65,0.00,1386.65,14168.90,1209.25,0,0,0,0.00,0,F1,120,,,,,
2026-05-15,2026-05-15,FO,NSE,IDO,63598,,MIDCPNIFTY,,2026-07-28,2026-07-28,15750.00,PE,MIDCPNIFTY26JUL15750PE,0.00,0.00,0.00,1737.00,0.00,1737.00,14168.90,1556.05,0,0,0,0.00,0,F1,120,,,,,
2026-05-15,2026-05-15,FO,NSE,IDO,70117,,MIDCPNIFTY,,2026-05-26,2026-05-26,10700.00,CE,MIDCPNIFTY26MAY10700CE,0.00,0.00,0.00,2900.00,2900.00,2900.00,14168.90,3487.85,120,0,0,0.00,0,F1,120,,,,,
2026-05-15,2026-05-15,FO,NSE,IDO,43686,,MIDCPNIFTY,,2026-05-26,2026-05-26,10925.00,CE,MIDCPNIFTY26MAY10925CE,0.00,0.00,0.00,2290.55,0.00,2290.55,14168.90,3263.25,0,0,0,0.00,0,F1,120,,,,,
2026-05-15,2026-05-15,FO,NSE,IDO,70237,,MIDCPNIFTY,,2026-05-26,2026-05-26,11250.00,CE,MIDCPNIFTY26MAY11250CE,0.00,0.00,0.00,2400.85,0.00,2400.85,14168.90,2938.80,0,0,0,0.00,0,F1,120,,,,,
2026-05-15,2026-05-15,FO,NSE,IDO,70317,,MIDCPNIFTY,,2026-05-26,2026-05-26,11575.00,CE,MIDCPNIFTY26MAY11575CE,0.00,0.00,0.00,2097.25,0.00,2097.25,14168.90,2614.40,0,0,0,0.00,0,F1,120,,,,,
2026-05-15,2026-05-15,FO,NSE,IDO,70447,,MIDCPNIFTY,,2026-05-26,2026-05-26,11925.00,CE,MIDCPNIFTY26MAY11925CE,0.00,0.00,0.00,1782.45,0.00,1782.45,14168.90,2265.00,0,0,0,0.00,0,F1,120,,,,,
2026-05-15,2026-05-15,FO,NSE,IDO,70461,,MIDCPNIFTY,,2026-05-26,2026-05-26,12025.00,CE,MIDCPNIFTY26MAY12025CE,0.00,0.00,0.00,1695.50,0.00,1695.50,14168.90,2165.20,0,0,0,0.00,0,F1,120,,,,,
2026-05-15,2026-05-15,FO,NSE,IDO,70465,,MIDCPNIFTY,,2026-05-26,2026-05-26,12050.00,CE,MIDCPNIFTY26MAY12050CE,0.00,0.00,0.00,1674.00,0.00,1674.00,14168.90,2140.20,0,0,0,0.00,0,F1,120,,,,,
2026-05-15,2026-05-15,FO,NSE,IDO,70514,,MIDCPNIFTY,,2026-05-26,2026-05-26,12350.00,CE,MIDCPNIFTY26MAY12350CE,0.00,0.00,0.00,1424.50,0.00,1424.50,14168.90,1840.80,0,0,0,0.00,0,F1,120,,,,,
2026-05-15,2026-05-15,FO,NSE,IDO,70532,,MIDCPNIFTY,,2026-05-26,2026-05-26,12575.00,CE,MIDCPNIFTY26MAY12575CE,0.00,0.00,0.00,1248.85,0.00,1248.85,14168.90,1616.45,0,0,0,0.00,0,F1,120,,,,,
2026-05-15,2026-05-15,FO,NSE,IDO,70764,,MIDCPNIFTY,,2026-05-26,2026-05-26,13350.00,CE,MIDCPNIFTY26MAY13350CE,0.00,0.00,0.00,736.35,0.00,736.35,14168.90,861.15,0,0,0,0.00,0,F1,120,,,,,
2026-05-15,2026-05-15,FO,NSE,IDO,70771,,MIDCPNIFTY,,2026-05-26,2026-05-26,13400.00,CE,MIDCPNIFTY26MAY13400CE,922.75,922.75,897.95,899.80,899.80,1084.75,14168.90,815.35,1560,-120,5,8584236.00,5,F1,120,,,,,
2026-05-15,2026-05-15,FO,NSE,IDO,70844,,MIDCPNIFTY,,2026-05-26,2026-05-26,14100.00,CE,MIDCPNIFTY26MAY14100CE,338.50,378.20,240.80,253.70,252.00,343.10,14168.90,253.70,68640,-43560,1850,3195028392.00,1601,F1,120,,,,,
2026-05-15,2026-05-15,FO,NSE,IDO,70986,,MIDCPNIFTY,,2026-05-26,2026-05-26,14825.00,CE,MIDCPNIFTY26MAY14825CE,40.35,48.80,25.10,26.15,26.30,41.30,14168.90,26.15,10680,720,208,370891746.00,168,F1,120,,,,,
2026-05-15,2026-05-15,FO,NSE,IDO,71223,,MIDCPNIFTY,,2026-05-26,2026-05-26,15900.00,CE,MIDCPNIFTY26MAY15900CE,0.00,0.00,0.00,54.20,0.00,54.20,14168.90,0.70,0,0,0,0.00,0,F1,120,,,,,
2026-05-15,2026-05-15,FO,NSE,IDO,54658,,MIDCPNIFTY,,2026-05-26,2026-05-26,15950.00,CE,MIDCPNIFTY26MAY15950CE,0.00,0.00,0.00,0.05,0.05,0.05,14168.90,0.55,0,0,0,0.00,0,F1,120,,,,,
2026-05-15,2026-05-15,FO,NSE,IDO,78095,,MIDCPNIFTY,,2026-06-30,2026-06-30,11275.00,CE,MIDCPNIFTY26JUN11275CE,0.00,0.00,0.00,1252.20,0.00,1252.20,14168.90,2985.20,0,0,0,0.00,0,F1,120,,,,,
2026-05-15,2026-05-15,FO,NSE,IDO,78103,,MIDCPNIFTY,,2026-06-30,2026-06-30,11375.00,CE,MIDCPNIFTY26JUN11375CE,0.00,0.00,0.00,1178.30,0.00,1178.30,14168.90,2886.35,0,0,0,0.00,0,F1,120,,,,,
2026-05-15,2026-05-15,FO,NSE,IDO,78107,,MIDCPNIFTY,,2026-06-30,2026-06-30,11425.00,CE,MIDCPNIFTY26JUN11425CE,0.00,0.00,0.00,1141.90,0.00,1141.90,14168.90,2837.00,0,0,0,0.00,0,F1,120,,,,,
2026-05-15,2026-05-15,FO,NSE,IDO,78228,,MIDCPNIFTY,,2026-06-30,2026-06-30,11850.00,CE,MIDCPNIFTY26JUN11850CE,0.00,0.00,0.00,857.90,0.00,857.90,14168.90,2419.70,0,0,0,0.00,0,F1,120,,,,,
2026-05-15,2026-05-15,FO,NSE,IDO,78242,,MIDCPNIFTY,,2026-06-30,2026-06-30,11975.00,CE,MIDCPNIFTY26JUN11975CE,0.00,0.00,0.00,783.55,0.00,783.55,14168.90,2298.10,0,0,0,0.00,0,F1,120,,,,,
2026-05-15,2026-05-15,FO,NSE,IDO,78261,,MIDCPNIFTY,,2026-06-30,2026-06-30,12050.00,CE,MIDCPNIFTY26JUN12050CE,0.00,0.00,0.00,740.95,0.00,740.95,14168.90,2225.50,0,0,0,0.00,0,F1,120,,,,,
2026-05-15,2026-05-15,FO,NSE,IDO,78303,,MIDCPNIFTY,,2026-06-30,2026-06-30,12500.00,CE,MIDCPNIFTY26JUN12500CE,0.00,0.00,0.00,517.45,0.00,517.45,14168.90,1798.75,0,0,0,0.00,0,F1,120,,,,,
2026-05-15,2026-05-15,FO,NSE,IDO,78373,,MIDCPNIFTY,,2026-06-30,2026-06-30,12900.00,CE,MIDCPNIFTY26JUN12900CE,0.00,0.00,0.00,363.45,0.00,363.45,14168.90,1439.25,0,0,0,0.00,0,F1,120,,,,,
2026-05-15,2026-05-15,FO,NSE,IDO,78485,,MIDCPNIFTY,,2026-06-30,2026-06-30,13150.00,CE,MIDCPNIFTY26JUN13150CE,0.00,0.00,0.00,286.75,0.00,286.75,14168.90,1228.95,0,0,0,0.00,0,F1,120,,,,,
2026-05-15,2026-05-15,FO,NSE,IDO,78568,,MIDCPNIFTY,,2026-06-30,2026-06-30,13450.00,CE,MIDCPNIFTY26JUN13450CE,0.00,0.00,0.00,212.95,0.00,212.95,14168.90,996.20,0,0,0,0.00,0,F1,120,,,,,
2026-05-15,2026-05-15,FO,NSE,IDO,78616,,MIDCPNIFTY,,2026-06-30,2026-06-30,13625.00,CE,MIDCPNIFTY26JUN13625CE,0.00,0.00,0.00,176.95,0.00,176.95,14168.90,870.60,0,0,0,0.00,0,F1,120,,,,,
2026-05-15,2026-05-15,FO,NSE,IDO,78652,,MIDCPNIFTY,,2026-06-30,2026-06-30,14075.00,CE,MIDCPNIFTY26JUN14075CE,0.00,0.00,0.00,107.55,0.00,107.55,14168.90,592.35,0,0,0,0.00,0,F1,120,,,,,
2026-05-15,2026-05-15,FO,NSE,IDO,35122,,MIDCPNIFTY,,2026-06-30,2026-06-30,14575.00,CE,MIDCPNIFTY26JUN14575CE,0.00,0.00,0.00,93.05,0.00,93.05,14168.90,359.25,0,0,0,0.00,0,F1,120,,,,,
2026-05-15,2026-05-15,FO,NSE,IDO,78807,,MIDCPNIFTY,,2026-06-30,2026-06-30,15700.00,CE,MIDCPNIFTY26JUN15700CE,0.00,0.00,0.00,13.25,0.00,13.25,14168.90,87.65,0,0,0,0.00,0,F1,120,,,,,
2026-05-15,2026-05-15,FO,NSE,IDO,52010,,MIDCPNIFTY,,2026-06-30,2026-06-30,15775.00,CE,MIDCPNIFTY26JUN15775CE,0.00,0.00,0.00,82.55,0.00,82.55,14168.90,78.65,0,0,0,0.00,0,F1,120,,,,,
2026-05-15,2026-05-15,FO,NSE,IDO,53811,,MIDCPNIFTY,,2026-06-30,2026-06-30,15875.00,CE,MIDCPNIFTY26JUN15875CE,0.00,0.00,0.00,85.75,0.00,85.75,14168.90,67.90,0,0,0,0.00,0,F1,120,,,,,
2026-05-15,2026-05-15,FO,NSE,IDO,78824,,MIDCPNIFTY,,2026-06-30,2026-06-30,15900.00,CE,MIDCPNIFTY26JUN15900CE,0.00,0.00,0.00,9.95,0.00,9.95,14168.90,65.45,0,0,0,0.00,0,F1,120,,,,,
2026-05-15,2026-05-15,FO,NSE,IDO,78830,,MIDCPNIFTY,,2026-06-30,2026-06-30,16100.00,CE,MIDCPNIFTY26JUN16100CE,0.00,0.00,0.00,13.00,13.00,13.00,14168.90,48.25,0,0,0,0.00,0,F1,120,,,,,
2026-05-15,2026-05-15,FO,NSE,IDO,63351,,MIDCPNIFTY,,2026-07-28,2026-07-28,12750.00,CE,MIDCPNIFTY26JUL12750CE,0.00,0.00,0.00,1576.35,0.00,1576.35,14168.90,1685.40,0,0,0,0.00,0,F1,120,,,,,
2026-05-15,2026-05-15,FO,NSE,IDO,63365,,MIDCPNIFTY,,2026-07-28,2026-07-28,12925.00,CE,MIDCPNIFTY26JUL12925CE,0.00,0.00,0.00,1442.30,0.00,1442.30,14168.90,1541.40,0,0,0,0.00,0,F1,120,,,,,
2026-05-15,2026-05-15,FO,NSE,IDO,63389,,MIDCPNIFTY,,2026-07-28,2026-07-28,13225.00,CE,MIDCPNIFTY26JUL13225CE,0.00,0.00,0.00,1226.40,0.00,1226.40,14168.90,1307.95,0,0,0,0.00,0,F1,120,,,,,
2026-05-15,2026-05-15,FO,NSE,IDO,63437,,MIDCPNIFTY,,2026-07-28,2026-07-28,13825.00,CE,MIDCPNIFTY26JUL13825CE,0.00,0.00,0.00,854.30,0.00,854.30,14168.90,900.55,0,0,0,0.00,0,F1,120,,,,,
2026-05-15,2026-05-15,FO,NSE,IDO,63475,,MIDCPNIFTY,,2026-07-28,2026-07-28,14250.00,CE,MIDCPNIFTY26JUL14250CE,0.00,0.00,0.00,640.90,0.00,640.90,14168.90,665.80,0,0,0,0.00,0,F1,120,,,,,
2026-05-15,2026-05-15,FO,NSE,IDO,63505,,MIDCPNIFTY,,2026-07-28,2026-07-28,14625.00,CE,MIDCPNIFTY26JUL14625CE,0.00,0.00,0.00,486.70,0.00,486.70,14168.90,496.55,0,0,0,0.00,0,F1,120,,,,,
2026-05-15,2026-05-15,FO,NSE,IDO,63571,,MIDCPNIFTY,,2026-07-28,2026-07-28,15425.00,CE,MIDCPNIFTY26JUL15425CE,0.00,0.00,0.00,253.70,0.00,253.70,14168.90,244.80,0,0,0,0.00,0,F1,120,,,,,
2026-05-15,2026-05-15,FO,NSE,IDO,63587,,MIDCPNIFTY,,2026-07-28,2026-07-28,15625.00,CE,MIDCPNIFTY26JUL15625CE,0.00,0.00,0.00,212.00,0.00,212.00,14168.90,201.05,0,0,0,0.00,0,F1,120,,,,,
2026-05-15,2026-05-15,FO,NSE,IDO,63593,,MIDCPNIFTY,,2026-07-28,2026-07-28,15700.00,CE,MIDCPNIFTY26JUL15700CE,0.00,0.00,0.00,198.10,0.00,198.10,14168.90,186.55,0,0,0,0.00,0,F1,120,,,,,
2026-05-15,2026-05-15,FO,NSE,IDO,70308,,MIDCPNIFTY,,2026-05-26,2026-05-26,11450.00,PE,MIDCPNIFTY26MAY11450PE,0.00,0.00,0.00,25.75,0.00,25.75,14168.90,0.00,0,0,0,0.00,0,F1,120,,,,,
2026-05-15,2026-05-15,FO,NSE,IDO,70312,,MIDCPNIFTY,,2026-05-26,2026-05-26,11500.00,PE,MIDCPNIFTY26MAY11500PE,2.60,2.60,1.25,1.30,1.25,2.20,14168.90,1.30,57120,-1440,45,62108712.00,14,F1,120,,,,,
2026-05-15,2026-05-15,FO,NSE,IDO,70316,,MIDCPNIFTY,,2026-05-26,2026-05-26,11550.00,PE,MIDCPNIFTY26MAY11550PE,0.00,0.00,0.00,31.40,0.00,31.40,14168.90,0.00,0,0,0,0.00,0,F1,120,,,,,
2026-05-15,2026-05-15,FO,NSE,IDO,70370,,MIDCPNIFTY,,2026-05-26,2026-05-26,11750.00,PE,MIDCPNIFTY26MAY11750PE,5.15,11.45,0.65,0.65,0.65,0.15,14168.90,0.00,2640,0,6,8462988.00,6,F1,120,,,,,
2026-05-15,2026-05-15,FO,NSE,IDO,70376,,MIDCPNIFTY,,2026-05-26,2026-05-26,11800.00,PE,MIDCPNIFTY26MAY11800PE,0.00,0.00,0.00,2.15,2.15,2.15,14168.90,0.00,1800,0,0,0.00,0,F1,120,,,,,
2026-05-15,2026-05-15,FO,NSE,IDO,70511,,MIDCPNIFTY,,2026-05-26,2026-05-26,12300.00,PE,MIDCPNIFTY26MAY12300PE,4.05,4.55,2.65,3.70,3.95,4.05,14168.90,3.70,253920,-8280,209,308568558.00,94,F1,120,,,,,
2026-05-15,2026-05-15,FO,NSE,IDO,70523,,MIDCPNIFTY,,2026-05-26,2026-05-26,12450.00,PE,MIDCPNIFTY26MAY12450PE,4.15,4.15,3.40,3.55,3.55,5.10,14168.90,0.15,360,-360,4,5977830.00,4,F1,120,,,,,
2026-05-15,2026-05-15,FO,NSE,IDO,70535,,MIDCPNIFTY,,2026-05-26,2026-05-26,12600.00,PE,MIDCPNIFTY26MAY12600PE,4.80,6.15,4.65,5.15,5.60,5.20,14168.90,5.15,39480,4680,142,214792386.00,94,F1,120,,,,,
2026-05-15,2026-05-15,FO,NSE,IDO,70545,,MIDCPNIFTY,,2026-05-26,2026-05-26,12725.00,PE,MIDCPNIFTY26MAY12725PE,7.40,7.40,7.35,7.35,7.35,6.50,14168.90,0.85,4680,0,2,3055770.00,2,F1,120,,,,,
2026-05-15,2026-05-15,FO,NSE,IDO,70637,,MIDCPNIFTY,,2026-05-26,2026-05-26,13000.00,PE,MIDCPNIFTY26MAY13000PE,9.05,13.30,8.55,11.25,11.35,10.15,14168.90,11.25,641160,-1560,3346,5224132284.00,1801,F1,120,,,,,
2026-05-15,2026-05-15,FO,NSE,IDO,70653,,MIDCPNIFTY,,2026-05-26,2026-05-26,13175.00,PE,MIDCPNIFTY26MAY13175PE,13.45,18.80,13.05,17.35,17.35,14.95,14168.90,17.35,7320,720,41,64897536.00,31,F1,120,,,,,
2026-05-15,2026-05-15,FO,NSE,IDO,70765,,MIDCPNIFTY,,2026-05-26,2026-05-26,13350.00,PE,MIDCPNIFTY26MAY13350PE,21.95,29.00,20.80,24.80,24.80,21.95,14168.90,24.80,9720,-720,23,36910416.00,16,F1,120,,,,,
2026-05-15,2026-05-15,FO,NSE,IDO,70791,,MIDCPNIFTY,,2026-05-26,2026-05-26,13425.00,PE,MIDCPNIFTY26MAY13425PE,27.15,37.05,23.05,35.00,35.00,25.80,14168.90,25.05,12600,360,38,61353036.00,21,F1,120,,,,,
2026-05-15,2026-05-15,FO,NSE,IDO,70815,,MIDCPNIFTY,,2026-05-26,2026-05-26,13725.00,PE,MIDCPNIFTY26MAY13725PE,60.05,75.45,52.65,72.60,72.65,60.00,14168.90,72.60,6000,-120,69,114162198.00,61,F1,120,,,,,
2026-05-15,2026-05-15,FO,NSE,IDO,70926,,MIDCPNIFTY,,2026-05-26,2026-05-26,14225.00,PE,MIDCPNIFTY26MAY14225PE,201.20,256.00,171.80,242.70,237.60,190.15,14168.90,242.70,13200,4560,1538,2665330434.00,1312,F1,120,,,,,
2026-05-15,2026-05-15,FO,NSE,IDO,70943,,MIDCPNIFTY,,2026-05-26,2026-05-26,14300.00,PE,MIDCPNIFTY26MAY14300PE,221.00,304.50,201.25,281.25,278.30,221.45,14168.90,281.25,317520,-8880,11245,19626325392.00,8840,F1,120,,,,,
2026-05-15,2026-05-15,FO,NSE,IDO,70969,,MIDCPNIFTY,,2026-05-26,2026-05-26,14600.00,PE,MIDCPNIFTY26MAY14600PE,387.10,503.50,365.85,488.00,486.80,393.00,14168.90,488.00,46080,-7560,272,490560150.00,256,F1,120,,,,,
2026-05-15,2026-05-15,FO,NSE,IDO,70983,,MIDCPNIFTY,,2026-05-26,2026-05-26,14775.00,PE,MIDCPNIFTY26MAY14775PE,519.15,538.80,519.15,538.80,538.80,377.85,14168.90,635.20,960,120,2,3672954.00,2,F1,120,,,,,
2026-05-15,2026-05-15,FO,NSE,IDO,70998,,MIDCPNIFTY,,2026-05-26,2026-05-26,14925.00,PE,MIDCPNIFTY26MAY14925PE,0.00,0.00,0.00,1402.55,0.00,1402.55,14168.90,764.40,0,0,0,0.00,0,F1,120,,,,,
2026-05-15,2026-05-15,FO,NSE,IDO,71017,,MIDCPNIFTY,,2026-05-26,2026-05-26,15025.00,PE,MIDCPNIFTY26MAY15025PE,0.00,0.00,0.00,1483.00,0.00,1483.00,14168.90,854.45,0,0,0,0.00,0,F1,120,,,,,
2026-05-15,2026-05-15,FO,NSE,IDO,78276,,MIDCPNIFTY,,2026-06-30,2026-06-30,12200.00,PE,MIDCPNIFTY26JUN12200PE,0.00,0.00,0.00,483.10,0.00,483.10,14168.90,14.80,0,0,0,0.00,0,F1,120,,,,,
2026-05-15,2026-05-15,FO,NSE,IDO,78282,,MIDCPNIFTY,,2026-06-30,2026-06-30,12275.00,PE,MIDCPNIFTY26JUN12275PE,0.00,0.00,0.00,518.80,0.00,518.80,14168.90,17.75,0,0,0,0.00,0,F1,120,,,,,
2026-05-15,2026-05-15,FO,NSE,IDO,78310,,MIDCPNIFTY,,2026-06-30,2026-06-30,12575.00,PE,MIDCPNIFTY26JUN12575PE,0.00,0.00,0.00,676.50,0.00,676.50,14168.90,35.00,0,0,0,0.00,0,F1,120,,,,,
2026-05-15,2026-05-15,FO,NSE,IDO,78316,,MIDCPNIFTY,,2026-06-30,2026-06-30,12650.00,PE,MIDCPNIFTY26JUN12650PE,0.00,0.00,0.00,719.65,0.00,719.65,14168.90,40.95,0,0,0,0.00,0,F1,120,,,,,
2026-05-15,2026-05-15,FO,NSE,IDO,78534,,MIDCPNIFTY,,2026-06-30,2026-06-30,13375.00,PE,MIDCPNIFTY26JUN13375PE,0.00,0.00,0.00,1206.50,0.00,1206.50,14168.90,150.80,0,0,0,0.00,0,F1,120,,,,,
2026-05-15,2026-05-15,FO,NSE,IDO,78623,,MIDCPNIFTY,,2026-06-30,2026-06-30,13700.00,PE,MIDCPNIFTY26JUN13700PE,0.00,0.00,0.00,1459.10,0.00,1459.10,14168.90,241.20,0,0,0,0.00,0,F1,120,,,,,
2026-05-15,2026-05-15,FO,NSE,IDO,78661,,MIDCPNIFTY,,2026-06-30,2026-06-30,14175.00,PE,MIDCPNIFTY26JUN14175PE,0.00,0.00,0.00,1858.10,0.00,1858.10,14168.90,431.90,0,0,0,0.00,0,F1,120,,,,,
2026-05-15,2026-05-15,FO,NSE,IDO,78776,,MIDCPNIFTY,,2026-06-30,2026-06-30,14700.00,PE,MIDCPNIFTY26JUN14700PE,0.00,0.00,0.00,2328.55,0.00,2328.55,14168.90,726.60,0,0,0,0.00,0,F1,120,,,,,
2026-05-15,2026-05-15,FO,NSE,IDO,40737,,MIDCPNIFTY,,2026-06-30,2026-06-30,14975.00,PE,MIDCPNIFTY26JUN14975PE,0.00,0.00,0.00,1691.80,0.00,1691.80,14168.90,913.75,0,0,0,0.00,0,F1,120,,,,,
2026-05-15,2026-05-15,FO,NSE,IDO,40771,,MIDCPNIFTY,,2026-06-30,2026-06-30,15250.00,PE,MIDCPNIFTY26JUN15250PE,0.00,0.00,0.00,1924.90,0.00,1924.90,14168.90,1120.65,0,0,0,0.00,0,F1,120,,,,,
2026-05-15,2026-05-15,FO,NSE,IDO,40779,,MIDCPNIFTY,,2026-06-30,2026-06-30,15375.00,PE,MIDCPNIFTY26JUN15375PE,0.00,0.00,0.00,2033.80,0.00,2033.80,14168.90,1220.25,0,0,0,0.00,0,F1,120,,,,,
2026-05-15,2026-05-15,FO,NSE,IDO,52005,,MIDCPNIFTY,,2026-06-30,2026-06-30,15675.00,PE,MIDCPNIFTY26JUN15675PE,0.00,0.00,0.00,2026.35,0.00,2026.35,14168.90,1471.40,0,0,0,0.00,0,F1,120,,,,,
2026-05-15,2026-05-15,FO,NSE,IDO,78823,,MIDCPNIFTY,,2026-06-30,2026-06-30,15800.00,PE,MIDCPNIFTY26JUN15800PE,0.00,0.00,0.00,3369.70,0.00,3369.70,14168.90,1580.40,0,0,0,0.00,0,F1,120,,,,,
2026-05-15,2026-05-15,FO,NSE,IDO,78829,,MIDCPNIFTY,,2026-06-30,2026-06-30,16000.00,PE,MIDCPNIFTY26JUN16000PE,0.00,0.00,0.00,3563.20,0.00,3563.20,14168.90,1759.25,0,0,0,0.00,0,F1,120,,,,,
2026-05-15,2026-05-15,FO,NSE,IDO,63334,,MIDCPNIFTY,,2026-07-28,2026-07-28,12525.00,PE,MIDCPNIFTY26JUL12525PE,0.00,0.00,0.00,125.80,0.00,125.80,14168.90,73.10,0,0,0,0.00,0,F1,120,,,,,
2026-05-15,2026-05-15,FO,NSE,IDO,63350,,MIDCPNIFTY,,2026-07-28,2026-07-28,12725.00,PE,MIDCPNIFTY26JUL12725PE,0.00,0.00,0.00,162.10,0.00,162.10,14168.90,99.00,0,0,0,0.00,0,F1,120,,,,,
2026-05-15,2026-05-15,FO,NSE,IDO,63358,,MIDCPNIFTY,,2026-07-28,2026-07-28,12825.00,PE,MIDCPNIFTY26JUL12825PE,0.00,0.00,0.00,182.90,0.00,182.90,14168.90,114.30,0,0,0,0.00,0,F1,120,,,,,
2026-05-15,2026-05-15,FO,NSE,IDO,63376,,MIDCPNIFTY,,2026-07-28,2026-07-28,13050.00,PE,MIDCPNIFTY26JUL13050PE,0.00,0.00,0.00,237.15,0.00,237.15,14168.90,155.35,0,0,0,0.00,0,F1,120,,,,,
2026-05-15,2026-05-15,FO,NSE,IDO,63386,,MIDCPNIFTY,,2026-07-28,2026-07-28,13175.00,PE,MIDCPNIFTY26JUL13175PE,0.00,0.00,0.00,271.30,0.00,271.30,14168.90,182.35,0,0,0,0.00,0,F1,120,,,,,
2026-05-15,2026-05-15,FO,NSE,IDO,63392,,MIDCPNIFTY,,2026-07-28,2026-07-28,13250.00,PE,MIDCPNIFTY26JUL13250PE,0.00,0.00,0.00,292.90,0.00,292.90,14168.90,200.15,0,0,0,0.00,0,F1,120,,,,,
2026-05-15,2026-05-15,FO,NSE,IDO,63414,,MIDCPNIFTY,,2026-07-28,2026-07-28,13525.00,PE,MIDCPNIFTY26JUL13525PE,0.00,0.00,0.00,384.80,0.00,384.80,14168.90,275.75,0,0,0,0.00,0,F1,120,,,,,
2026-05-15,2026-05-15,FO,NSE,IDO,63458,,MIDCPNIFTY,,2026-07-28,2026-07-28,14025.00,PE,MIDCPNIFTY26JUL14025PE,0.00,0.00,0.00,596.20,0.00,596.20,14168.90,460.20,0,0,0,0.00,0,F1,120,,,,,
2026-05-15,2026-05-15,FO,NSE,IDO,63464,,MIDCPNIFTY,,2026-07-28,2026-07-28,14100.00,PE,MIDCPNIFTY26JUL14100PE,0.00,0.00,0.00,632.85,0.00,632.85,14168.90,493.30,0,0,0,0.00,0,F1,120,,,,,
2026-05-15,2026-05-15,FO,NSE,IDO,63466,,MIDCPNIFTY,,2026-07-28,2026-07-28,14125.00,PE,MIDCPNIFTY26JUL14125PE,0.00,0.00,0.00,645.40,0.00,645.40,14168.90,504.65,0,0,0,0.00,0,F1,120,,,,,
2026-05-15,2026-05-15,FO,NSE,IDO,63486,,MIDCPNIFTY,,2026-07-28,2026-07-28,14375.00,PE,MIDCPNIFTY26JUL14375PE,0.00,0.00,0.00,778.55,0.00,778.55,14168.90,626.80,0,0,0,0.00,0,F1,120,,,,,
2026-05-15,2026-05-15,FO,NSE,IDO,63508,,MIDCPNIFTY,,2026-07-28,2026-07-28,14650.00,PE,MIDCPNIFTY26JUL14650PE,0.00,0.00,0.00,941.00,0.00,941.00,14168.90,779.30,0,0,0,0.00,0,F1,120,,,,,
2026-05-15,2026-05-15,FO,NSE,IDO,63512,,MIDCPNIFTY,,2026-07-28,2026-07-28,14700.00,PE,MIDCPNIFTY26JUL14700PE,0.00,0.00,0.00,972.30,0.00,972.30,14168.90,809.00,0,0,0,0.00,0,F1,120,,,,,
2026-05-15,2026-05-15,FO,NSE,IDO,63435,,MIDCPNIFTY,,2026-07-28,2026-07-28,13800.00,CE,MIDCPNIFTY26JUL13800CE,0.00,0.00,0.00,868.15,0.00,868.15,14168.90,915.75,0,0,0,0.00,0,F1,120,,,,,
2026-05-15,2026-05-15,FO,NSE,IDO,63421,,MIDCPNIFTY,,2026-07-28,2026-07-28,13625.00,CE,MIDCPNIFTY26JUL13625CE,0.00,0.00,0.00,969.20,0.00,969.20,14168.90,1026.70,0,0,0,0.00,0,F1,120,,,,,
2026-05-15,2026-05-15,FO,NSE,IDO,63383,,MIDCPNIFTY,,2026-07-28,2026-07-28,13150.00,CE,MIDCPNIFTY26JUL13150CE,0.00,0.00,0.00,1279.15,0.00,1279.15,14168.90,1364.60,0,0,0,0.00,0,F1,120,,,,,
2026-05-15,2026-05-15,FO,NSE,IDO,63377,,MIDCPNIFTY,,2026-07-28,2026-07-28,13075.00,CE,MIDCPNIFTY26JUL13075CE,0.00,0.00,0.00,1332.55,0.00,1332.55,14168.90,1422.45,0,0,0,0.00,0,F1,120,,,,,
2026-05-15,2026-05-15,FO,NSE,IDO,63375,,MIDCPNIFTY,,2026-07-28,2026-07-28,13050.00,CE,MIDCPNIFTY26JUL13050CE,0.00,0.00,0.00,1350.65,0.00,1350.65,14168.90,1441.95,0,0,0,0.00,0,F1,120,,,,,
2026-05-15,2026-05-15,FO,NSE,IDO,63359,,MIDCPNIFTY,,2026-07-28,2026-07-28,12850.00,CE,MIDCPNIFTY26JUL12850CE,0.00,0.00,0.00,1499.00,0.00,1499.00,14168.90,1602.45,0,0,0,0.00,0,F1,120,,,,,
2026-05-15,2026-05-15,FO,NSE,IDO,78801,,MIDCPNIFTY,,2026-06-30,2026-06-30,15600.00,CE,MIDCPNIFTY26JUN15600CE,0.00,0.00,0.00,15.25,0.00,15.25,14168.90,101.00,0,0,0,0.00,0,F1,120,,,,,
2026-05-15,2026-05-15,FO,NSE,IDO,63503,,MIDCPNIFTY,,2026-07-28,2026-07-28,14600.00,CE,MIDCPNIFTY26JUL14600CE,0.00,0.00,0.00,496.00,0.00,496.00,14168.90,506.75,0,0,0,0.00,0,F1,120,,,,,
2026-05-15,2026-05-15,FO,NSE,IDO,40456,,MIDCPNIFTY,,2026-05-26,2026-05-26,11175.00,CE,MIDCPNIFTY26MAY11175CE,0.00,0.00,0.00,2302.90,0.00,2302.90,14168.90,3013.65,0,0,0,0.00,0,F1,120,,,,,
2026-05-15,2026-05-15,FO,NSE,IDO,70375,,MIDCPNIFTY,,2026-05-26,2026-05-26,11800.00,CE,MIDCPNIFTY26MAY11800CE,0.00,0.00,0.00,1893.15,0.00,1893.15,14168.90,2389.80,0,0,0,0.00,0,F1,120,,,,,
2026-05-15,2026-05-15,FO,NSE,IDO,70423,,MIDCPNIFTY,,2026-05-26,2026-05-26,11825.00,CE,MIDCPNIFTY26MAY11825CE,0.00,0.00,0.00,1870.80,0.00,1870.80,14168.90,2364.80,0,0,0,0.00,0,F1,120,,,,,
2026-05-15,2026-05-15,FO,NSE,IDO,70441,,MIDCPNIFTY,,2026-05-26,2026-05-26,11900.00,CE,MIDCPNIFTY26MAY11900CE,0.00,0.00,0.00,1804.40,0.00,1804.40,14168.90,2289.95,0,0,0,0.00,0,F1,120,,,,,
2026-05-15,2026-05-15,FO,NSE,IDO,70538,,MIDCPNIFTY,,2026-05-26,2026-05-26,12650.00,CE,MIDCPNIFTY26MAY12650CE,0.00,0.00,0.00,1192.75,0.00,1192.75,14168.90,1541.80,0,0,0,0.00,0,F1,120,,,,,
2026-05-15,2026-05-15,FO,NSE,IDO,70622,,MIDCPNIFTY,,2026-05-26,2026-05-26,12925.00,CE,MIDCPNIFTY26MAY12925CE,0.00,0.00,0.00,998.25,0.00,998.25,14168.90,1269.35,0,0,0,0.00,0,F1,120,,,,,
2026-05-15,2026-05-15,FO,NSE,IDO,70836,,MIDCPNIFTY,,2026-05-26,2026-05-26,14000.00,CE,MIDCPNIFTY26MAY14000CE,412.00,452.20,298.80,318.05,314.00,411.35,14168.90,318.05,308400,17520,2498,4302672804.00,2117,F1,120,,,,,
2026-05-15,2026-05-15,FO,NSE,IDO,70974,,MIDCPNIFTY,,2026-05-26,2026-05-26,14675.00,CE,MIDCPNIFTY26MAY14675CE,73.40,77.50,42.50,44.85,45.25,77.00,14168.90,44.85,13800,1920,134,236872512.00,108,F1,120,,,,,
2026-05-15,2026-05-15,FO,NSE,IDO,71099,,MIDCPNIFTY,,2026-05-26,2026-05-26,15275.00,CE,MIDCPNIFTY26MAY15275CE,7.35,7.35,4.75,5.80,5.80,6.25,14168.90,5.80,8520,-3600,104,190700592.00,79,F1,120,,,,,
2026-05-15,2026-05-15,FO,NSE,IDO,71173,,MIDCPNIFTY,,2026-05-26,2026-05-26,15425.00,CE,MIDCPNIFTY26MAY15425CE,0.00,0.00,0.00,4.50,4.50,4.50,14168.90,5.60,1200,0,0,0.00,0,F1,120,,,,,
2026-05-15,2026-05-15,FO,NSE,IDO,77927,,MIDCPNIFTY,,2026-06-30,2026-06-30,10700.00,CE,MIDCPNIFTY26JUN10700CE,0.00,0.00,0.00,1719.80,0.00,1719.80,14168.90,3554.70,0,0,0,0.00,0,F1,120,,,,,
2026-05-15,2026-05-15,FO,NSE,IDO,78022,,MIDCPNIFTY,,2026-06-30,2026-06-30,10900.00,CE,MIDCPNIFTY26JUN10900CE,0.00,0.00,0.00,1550.10,0.00,1550.10,14168.90,3356.45,0,0,0,0.00,0,F1,120,,,,,
2026-05-15,2026-05-15,FO,NSE,IDO,78099,,MIDCPNIFTY,,2026-06-30,2026-06-30,11325.00,CE,MIDCPNIFTY26JUN11325CE,0.00,0.00,0.00,1214.70,0.00,1214.70,14168.90,2935.75,0,0,0,0.00,0,F1,120,,,,,
2026-05-15,2026-05-15,FO,NSE,IDO,78121,,MIDCPNIFTY,,2026-06-30,2026-06-30,11600.00,CE,MIDCPNIFTY26JUN11600CE,0.00,0.00,0.00,1019.00,0.00,1019.00,14168.90,2664.60,0,0,0,0.00,0,F1,120,,,,,
2026-05-15,2026-05-15,FO,NSE,IDO,78129,,MIDCPNIFTY,,2026-06-30,2026-06-30,11700.00,CE,MIDCPNIFTY26JUN11700CE,0.00,0.00,0.00,952.60,0.00,952.60,14168.90,2566.40,0,0,0,0.00,0,F1,120,,,,,
2026-05-15,2026-05-15,FO,NSE,IDO,78299,,MIDCPNIFTY,,2026-06-30,2026-06-30,12450.00,CE,MIDCPNIFTY26JUN12450CE,0.00,0.00,0.00,539.60,0.00,539.60,14168.90,1845.20,0,0,0,0.00,0,F1,120,,,,,
2026-05-15,2026-05-15,FO,NSE,IDO,78311,,MIDCPNIFTY,,2026-06-30,2026-06-30,12600.00,CE,MIDCPNIFTY26JUN12600CE,0.00,0.00,0.00,475.15,0.00,475.15,14168.90,1706.70,0,0,0,0.00,0,F1,120,,,,,
2026-05-15,2026-05-15,FO,NSE,IDO,78489,,MIDCPNIFTY,,2026-06-30,2026-06-30,13200.00,CE,MIDCPNIFTY26JUN13200CE,0.00,0.00,0.00,273.05,0.00,273.05,14168.90,1188.55,0,0,0,0.00,0,F1,120,,,,,
2026-05-15,2026-05-15,FO,NSE,IDO,78517,,MIDCPNIFTY,,2026-06-30,2026-06-30,13275.00,CE,MIDCPNIFTY26JUN13275CE,0.00,0.00,0.00,253.50,0.00,253.50,14168.90,1129.00,0,0,0,0.00,0,F1,120,,,,,
2026-05-15,2026-05-15,FO,NSE,IDO,78585,,MIDCPNIFTY,,2026-06-30,2026-06-30,13475.00,CE,MIDCPNIFTY26JUN13475CE,0.00,0.00,0.00,207.60,0.00,207.60,14168.90,977.80,0,0,0,0.00,0,F1,120,,,,,
2026-05-15,2026-05-15,FO,NSE,IDO,78618,,MIDCPNIFTY,,2026-06-30,2026-06-30,13650.00,CE,MIDCPNIFTY26JUN13650CE,0.00,0.00,0.00,172.30,0.00,172.30,14168.90,853.45,0,0,0,0.00,0,F1,120,,,,,
2026-05-15,2026-05-15,FO,NSE,IDO,78642,,MIDCPNIFTY,,2026-06-30,2026-06-30,13950.00,CE,MIDCPNIFTY26JUN13950CE,0.00,0.00,0.00,123.95,0.00,123.95,14168.90,663.20,0,0,0,0.00,0,F1,120,,,,,
2026-05-15,2026-05-15,FO,NSE,IDO,78648,,MIDCPNIFTY,,2026-06-30,2026-06-30,14025.00,CE,MIDCPNIFTY26JUN14025CE,0.00,0.00,0.00,113.90,0.00,113.90,14168.90,620.05,0,0,0,0.00,0,F1,120,,,,,
2026-05-15,2026-05-15,FO,NSE,IDO,78656,,MIDCPNIFTY,,2026-06-30,2026-06-30,14125.00,CE,MIDCPNIFTY26JUN14125CE,0.00,0.00,0.00,101.50,0.00,101.50,14168.90,565.40,0,0,0,0.00,0,F1,120,,,,,
2026-05-15,2026-05-15,FO,NSE,IDO,40738,,MIDCPNIFTY,,2026-06-30,2026-06-30,15025.00,CE,MIDCPNIFTY26JUN15025CE,0.00,0.00,0.00,143.10,0.00,143.10,14168.90,214.20,0,0,0,0.00,0,F1,120,,,,,
2026-05-15,2026-05-15,FO,NSE,IDO,40740,,MIDCPNIFTY,,2026-06-30,2026-06-30,15050.00,CE,MIDCPNIFTY26JUN15050CE,0.00,0.00,0.00,139.40,0.00,139.40,14168.90,207.75,0,0,0,0.00,0,F1,120,,,,,
2026-05-15,2026-05-15,FO,NSE,IDO,40742,,MIDCPNIFTY,,2026-06-30,2026-06-30,15075.00,CE,MIDCPNIFTY26JUN15075CE,0.00,0.00,0.00,135.80,0.00,135.80,14168.90,202.05,0,0,0,0.00,0,F1,120,,,,,
2026-05-15,2026-05-15,FO,NSE,IDO,40747,,MIDCPNIFTY,,2026-06-30,2026-06-30,15125.00,CE,MIDCPNIFTY26JUN15125CE,0.00,0.00,0.00,128.85,0.00,128.85,14168.90,190.00,0,0,0,0.00,0,F1,120,,,,,
2026-05-15,2026-05-15,FO,NSE,IDO,78787,,MIDCPNIFTY,,2026-06-30,2026-06-30,15300.00,CE,MIDCPNIFTY26JUN15300CE,0.00,0.00,0.00,23.05,0.00,23.05,14168.90,151.55,0,0,0,0.00,0,F1,120,,,,,
2026-05-15,2026-05-15,FO,NSE,IDO,40783,,MIDCPNIFTY,,2026-06-30,2026-06-30,15450.00,CE,MIDCPNIFTY26JUN15450CE,0.00,0.00,0.00,90.60,0.00,90.60,14168.90,124.15,0,0,0,0.00,0,F1,120,,,,,
2026-05-15,2026-05-15,FO,NSE,IDO,63578,,MIDCPNIFTY,,2026-07-28,2026-07-28,15500.00,PE,MIDCPNIFTY26JUL15500PE,0.00,0.00,0.00,1538.35,0.00,1538.35,14168.90,1359.75,0,0,0,0.00,0,F1,120,,,,,
2026-05-15,2026-05-15,FO,NSE,IDO,63576,,MIDCPNIFTY,,2026-07-28,2026-07-28,15475.00,PE,MIDCPNIFTY26JUL15475PE,0.00,0.00,0.00,1519.00,0.00,1519.00,14168.90,1340.60,0,0,0,0.00,0,F1,120,,,,,
2026-05-15,2026-05-15,FO,NSE,IDO,63558,,MIDCPNIFTY,,2026-07-28,2026-07-28,15250.00,PE,MIDCPNIFTY26JUL15250PE,0.00,0.00,0.00,1349.00,0.00,1349.00,14168.90,1173.00,0,0,0,0.00,0,F1,120,,,,,
2026-05-15,2026-05-15,FO,NSE,IDO,63476,,MIDCPNIFTY,,2026-07-28,2026-07-28,14250.00,PE,MIDCPNIFTY26JUL14250PE,0.00,0.00,0.00,710.20,0.00,710.20,14168.90,563.80,0,0,0,0.00,0,F1,120,,,,,
2026-05-15,2026-05-15,FO,NSE,IDO,63460,,MIDCPNIFTY,,2026-07-28,2026-07-28,14050.00,PE,MIDCPNIFTY26JUL14050PE,0.00,0.00,0.00,608.30,0.00,608.30,14168.90,471.10,0,0,0,0.00,0,F1,120,,,,,
2026-05-15,2026-05-15,FO,NSE,IDO,63432,,MIDCPNIFTY,,2026-07-28,2026-07-28,13750.00,PE,MIDCPNIFTY26JUL13750PE,0.00,0.00,0.00,472.75,0.00,472.75,14168.90,351.10,0,0,0,0.00,0,F1,120,,,,,
2026-05-15,2026-05-15,FO,NSE,IDO,63428,,MIDCPNIFTY,,2026-07-28,2026-07-28,13700.00,PE,MIDCPNIFTY26JUL13700PE,0.00,0.00,0.00,452.20,0.00,452.20,14168.90,333.30,0,0,0,0.00,0,F1,120,,,,,
2026-05-15,2026-05-15,FO,NSE,IDO,63404,,MIDCPNIFTY,,2026-07-28,2026-07-28,13400.00,PE,MIDCPNIFTY26JUL13400PE,0.00,0.00,0.00,340.95,0.00,340.95,14168.90,239.75,0,0,0,0.00,0,F1,120,,,,,
2026-05-15,2026-05-15,FO,NSE,IDO,63400,,MIDCPNIFTY,,2026-07-28,2026-07-28,13350.00,PE,MIDCPNIFTY26JUL13350PE,0.00,0.00,0.00,324.35,0.00,324.35,14168.90,226.20,0,0,0,0.00,0,F1,120,,,,,
2026-05-15,2026-05-15,FO,NSE,IDO,63370,,MIDCPNIFTY,,2026-07-28,2026-07-28,12975.00,PE,MIDCPNIFTY26JUL12975PE,0.00,0.00,0.00,217.65,0.00,217.65,14168.90,140.60,0,0,0,0.00,0,F1,120,,,,,
2026-05-15,2026-05-15,FO,NSE,IDO,63360,,MIDCPNIFTY,,2026-07-28,2026-07-28,12850.00,PE,MIDCPNIFTY26JUL12850PE,0.00,0.00,0.00,188.40,0.00,188.40,14168.90,118.40,0,0,0,0.00,0,F1,120,,,,,
2026-05-15,2026-05-15,FO,NSE,IDO,63354,,MIDCPNIFTY,,2026-07-28,2026-07-28,12775.00,PE,MIDCPNIFTY26JUL12775PE,0.00,0.00,0.00,172.30,0.00,172.30,14168.90,106.45,0,0,0,0.00,0,F1,120,,,,,
2026-05-15,2026-05-15,FO,NSE,IDO,63338,,MIDCPNIFTY,,2026-07-28,2026-07-28,12575.00,PE,MIDCPNIFTY26JUL12575PE,0.00,0.00,0.00,134.25,0.00,134.25,14168.90,79.00,0,0,0,0.00,0,F1,120,,,,,
2026-05-15,2026-05-15,FO,NSE,IDO,63330,,MIDCPNIFTY,,2026-07-28,2026-07-28,12475.00,PE,MIDCPNIFTY26JUL12475PE,0.00,0.00,0.00,117.80,0.00,117.80,14168.90,67.55,0,0,0,0.00,0,F1,120,,,,,
2026-05-15,2026-05-15,FO,NSE,IDO,63320,,MIDCPNIFTY,,2026-07-28,2026-07-28,12350.00,PE,MIDCPNIFTY26JUL12350PE,0.00,0.00,0.00,99.40,0.00,99.40,14168.90,55.10,0,0,0,0.00,0,F1,120,,,,,
2026-05-15,2026-05-15,FO,NSE,IDO,63316,,MIDCPNIFTY,,2026-07-28,2026-07-28,12300.00,PE,MIDCPNIFTY26JUL12300PE,0.00,0.00,0.00,92.70,0.00,92.70,14168.90,50.70,0,0,0,0.00,0,F1,120,,,,,
2026-05-15,2026-05-15,FO,NSE,IDO,78808,,MIDCPNIFTY,,2026-06-30,2026-06-30,15700.00,PE,MIDCPNIFTY26JUN15700PE,0.00,0.00,0.00,3273.25,0.00,3273.25,14168.90,1493.05,0,0,0,0.00,0,F1,120,,,,,
2026-05-15,2026-05-15,FO,NSE,IDO,35123,,MIDCPNIFTY,,2026-06-30,2026-06-30,14575.00,PE,MIDCPNIFTY26JUN14575PE,0.00,0.00,0.00,1949.80,0.00,1949.80,14168.90,648.65,0,0,0,0.00,0,F1,120,,,,,
2026-05-15,2026-05-15,FO,NSE,IDO,78637,,MIDCPNIFTY,,2026-06-30,2026-06-30,13875.00,PE,MIDCPNIFTY26JUN13875PE,0.00,0.00,0.00,1602.50,0.00,1602.50,14168.90,303.10,0,0,0,0.00,0,F1,120,,,,,
2026-05-15,2026-05-15,FO,NSE,IDO,78631,,MIDCPNIFTY,,2026-06-30,2026-06-30,13800.00,PE,MIDCPNIFTY26JUN13800PE,0.00,0.00,0.00,1540.50,0.00,1540.50,14168.90,275.40,0,0,0,0.00,0,F1,120,,,,,
2026-05-15,2026-05-15,FO,NSE,IDO,78584,,MIDCPNIFTY,,2026-06-30,2026-06-30,13450.00,PE,MIDCPNIFTY26JUN13450PE,0.00,0.00,0.00,1263.30,0.00,1263.30,14168.90,169.60,0,0,0,0.00,0,F1,120,,,,,
2026-05-15,2026-05-15,FO,NSE,IDO,78484,,MIDCPNIFTY,,2026-06-30,2026-06-30,13125.00,PE,MIDCPNIFTY26JUN13125PE,0.00,0.00,0.00,1024.90,0.00,1024.90,14168.90,100.40,0,0,0,0.00,0,F1,120,,,,,
2026-05-15,2026-05-15,FO,NSE,IDO,78340,,MIDCPNIFTY,,2026-06-30,2026-06-30,12725.00,PE,MIDCPNIFTY26JUN12725PE,0.00,0.00,0.00,764.20,0.00,764.20,14168.90,47.75,0,0,0,0.00,0,F1,120,,,,,
2026-05-15,2026-05-15,FO,NSE,IDO,78308,,MIDCPNIFTY,,2026-06-30,2026-06-30,12550.00,PE,MIDCPNIFTY26JUN12550PE,0.00,0.00,0.00,662.45,0.00,662.45,14168.90,33.15,0,0,0,0.00,0,F1,120,,,,,
2026-05-15,2026-05-15,FO,NSE,IDO,78300,,MIDCPNIFTY,,2026-06-30,2026-06-30,12450.00,PE,MIDCPNIFTY26JUN12450PE,0.00,0.00,0.00,607.85,0.00,607.85,14168.90,26.60,0,0,0,0.00,0,F1,120,,,,,
2026-05-15,2026-05-15,FO,NSE,IDO,78288,,MIDCPNIFTY,,2026-06-30,2026-06-30,12350.00,PE,MIDCPNIFTY26JUN12350PE,0.00,0.00,0.00,555.90,0.00,555.90,14168.90,21.20,0,0,0,0.00,0,F1,120,,,,,
2026-05-15,2026-05-15,FO,NSE,IDO,78274,,MIDCPNIFTY,,2026-06-30,2026-06-30,12175.00,PE,MIDCPNIFTY26JUN12175PE,0.00,0.00,0.00,471.55,0.00,471.55,14168.90,13.90,0,0,0,0.00,0,F1,120,,,,,
2026-05-15,2026-05-15,FO,NSE,IDO,78266,,MIDCPNIFTY,,2026-06-30,2026-06-30,12100.00,PE,MIDCPNIFTY26JUN12100PE,0.00,0.00,0.00,437.95,0.00,437.95,14168.90,11.50,0,0,0,0.00,0,F1,120,,,,,
2026-05-15,2026-05-15,FO,NSE,IDO,78126,,MIDCPNIFTY,,2026-06-30,2026-06-30,11650.00,PE,MIDCPNIFTY26JUN11650PE,0.00,0.00,0.00,268.05,0.00,268.05,14168.90,3.30,0,0,0,0.00,0,F1,120,,,,,
2026-05-15,2026-05-15,FO,NSE,IDO,78120,,MIDCPNIFTY,,2026-06-30,2026-06-30,11575.00,PE,MIDCPNIFTY26JUN11575PE,0.00,0.00,0.00,244.90,0.00,244.90,14168.90,2.60,0,0,0,0.00,0,F1,120,,,,,
2026-05-15,2026-05-15,FO,NSE,IDO,78102,,MIDCPNIFTY,,2026-06-30,2026-06-30,11350.00,PE,MIDCPNIFTY26JUN11350PE,0.00,0.00,0.00,184.15,0.00,184.15,14168.90,1.25,0,0,0,0.00,0,F1,120,,,,,
2026-05-15,2026-05-15,FO,NSE,IDO,78094,,MIDCPNIFTY,,2026-06-30,2026-06-30,11250.00,PE,MIDCPNIFTY26JUN11250PE,0.00,0.00,0.00,160.85,0.00,160.85,14168.90,0.90,0,0,0,0.00,0,F1,120,,,,,
2026-05-15,2026-05-15,FO,NSE,IDO,78084,,MIDCPNIFTY,,2026-06-30,2026-06-30,11125.00,PE,MIDCPNIFTY26JUN11125PE,0.00,0.00,0.00,134.90,0.00,134.90,14168.90,0.60,0,0,0,0.00,0,F1,120,,,,,
2026-05-15,2026-05-15,FO,NSE,IDO,78069,,MIDCPNIFTY,,2026-06-30,2026-06-30,11025.00,PE,MIDCPNIFTY26JUN11025PE,0.00,0.00,0.00,116.45,0.00,116.45,14168.90,0.40,0,0,0,0.00,0,F1,120,,,,,
2026-05-15,2026-05-15,FO,NSE,IDO,78025,,MIDCPNIFTY,,2026-06-30,2026-06-30,10925.00,PE,MIDCPNIFTY26JUN10925PE,0.00,0.00,0.00,99.95,0.00,99.95,14168.90,0.30,0,0,0,0.00,0,F1,120,,,,,
2026-05-15,2026-05-15,FO,NSE,IDO,78023,,MIDCPNIFTY,,2026-06-30,2026-06-30,10900.00,PE,MIDCPNIFTY26JUN10900PE,0.00,0.00,0.00,96.10,0.00,96.10,14168.90,0.25,0,0,0,0.00,0,F1,120,,,,,
2026-05-15,2026-05-15,FO,NSE,IDO,71182,,MIDCPNIFTY,,2026-05-26,2026-05-26,15525.00,PE,MIDCPNIFTY26MAY15525PE,0.00,0.00,0.00,1907.10,0.00,1907.10,14168.90,1332.35,0,0,0,0.00,0,F1,120,,,,,
2026-05-15,2026-05-15,FO,NSE,IDO,71176,,MIDCPNIFTY,,2026-05-26,2026-05-26,15450.00,PE,MIDCPNIFTY26MAY15450PE,0.00,0.00,0.00,1841.45,0.00,1841.45,14168.90,1258.85,0,0,0,0.00,0,F1,120,,,,,
2026-05-15,2026-05-15,FO,NSE,IDO,71097,,MIDCPNIFTY,,2026-05-26,2026-05-26,15250.00,PE,MIDCPNIFTY26MAY15250PE,0.00,0.00,0.00,1669.75,0.00,1669.75,14168.90,1065.30,0,0,0,0.00,0,F1,120,,,,,
2026-05-15,2026-05-15,FO,NSE,IDO,71033,,MIDCPNIFTY,,2026-05-26,2026-05-26,15175.00,PE,MIDCPNIFTY26MAY15175PE,0.00,0.00,0.00,1606.70,0.00,1606.70,14168.90,994.00,0,0,0,0.00,0,F1,120,,,,,
2026-05-15,2026-05-15,FO,NSE,IDO,71028,,MIDCPNIFTY,,2026-05-26,2026-05-26,15125.00,PE,MIDCPNIFTY26MAY15125PE,0.00,0.00,0.00,1565.10,0.00,1565.10,14168.90,946.95,0,0,0,0.00,0,F1,120,,,,,
2026-05-15,2026-05-15,FO,NSE,IDO,70987,,MIDCPNIFTY,,2026-05-26,2026-05-26,14825.00,PE,MIDCPNIFTY26MAY14825PE,560.15,577.30,560.15,577.30,577.30,394.45,14168.90,677.40,600,0,2,3694494.00,2,F1,120,,,,,
2026-05-15,2026-05-15,FO,NSE,IDO,70645,,MIDCPNIFTY,,2026-05-26,2026-05-26,13100.00,PE,MIDCPNIFTY26MAY13100PE,10.00,16.80,9.05,14.45,14.80,12.40,14168.90,14.45,46560,4440,562,884354274.00,387,F1,120,,,,,
2026-05-15,2026-05-15,FO,NSE,IDO,70533,,MIDCPNIFTY,,2026-05-26,2026-05-26,12575.00,PE,MIDCPNIFTY26MAY12575PE,0.00,0.00,0.00,4.90,4.90,4.90,14168.90,0.35,3840,0,0,0.00,0,F1,120,,,,,
2026-05-15,2026-05-15,FO,NSE,IDO,70497,,MIDCPNIFTY,,2026-05-26,2026-05-26,12200.00,PE,MIDCPNIFTY26MAY12200PE,2.70,8.55,2.55,3.10,3.10,3.50,14168.90,3.10,27000,-1320,29,42467862.00,21,F1,120,,,,,
2026-05-15,2026-05-15,FO,NSE,IDO,70314,,MIDCPNIFTY,,2026-05-26,2026-05-26,11525.00,PE,MIDCPNIFTY26MAY11525PE,0.00,0.00,0.00,29.90,0.00,29.90,14168.90,0.00,0,0,0,0.00,0,F1,120,,,,,
2026-05-15,2026-05-15,FO,NSE,IDO,70294,,MIDCPNIFTY,,2026-05-26,2026-05-26,11375.00,PE,MIDCPNIFTY26MAY11375PE,0.00,0.00,0.00,22.05,0.00,22.05,14168.90,0.00,0,0,0,0.00,0,F1,120,,,,,
2026-05-15,2026-05-15,FO,NSE,IDO,70248,,MIDCPNIFTY,,2026-05-26,2026-05-26,11350.00,PE,MIDCPNIFTY26MAY11350PE,0.00,0.00,0.00,20.95,0.00,20.95,14168.90,0.00,0,0,0,0.00,0,F1,120,,,,,
2026-05-15,2026-05-15,FO,NSE,IDO,70150,,MIDCPNIFTY,,2026-05-26,2026-05-26,11200.00,PE,MIDCPNIFTY26MAY11200PE,1.50,1.50,1.50,1.50,1.50,2.15,14168.90,1.50,2640,0,2,2688360.00,1,F1,120,,,,,
2026-05-15,2026-05-15,FO,NSE,IDO,40455,,MIDCPNIFTY,,2026-05-26,2026-05-26,11150.00,PE,MIDCPNIFTY26MAY11150PE,0.00,0.00,0.00,1.25,1.25,1.25,14168.90,0.00,360,0,0,0.00,0,F1,120,,,,,
2026-05-15,2026-05-15,FO,NSE,IDO,70148,,MIDCPNIFTY,,2026-05-26,2026-05-26,11100.00,PE,MIDCPNIFTY26MAY11100PE,1.00,1.00,1.00,1.00,1.00,2.00,14168.90,1.00,960,0,2,2664240.00,2,F1,120,,,,,
2026-05-15,2026-05-15,FO,NSE,IDO,70122,,MIDCPNIFTY,,2026-05-26,2026-05-26,10900.00,PE,MIDCPNIFTY26MAY10900PE,0.90,0.90,0.90,0.90,0.90,0.55,14168.90,0.90,480,0,1,1308108.00,1,F1,120,,,,,
2026-05-15,2026-05-15,FO,NSE,IDO,63591,,MIDCPNIFTY,,2026-07-28,2026-07-28,15675.00,CE,MIDCPNIFTY26JUL15675CE,0.00,0.00,0.00,202.65,0.00,202.65,14168.90,191.25,0,0,0,0.00,0,F1,120,,,,,
2026-05-15,2026-05-15,FO,NSE,IDO,63535,,MIDCPNIFTY,,2026-07-28,2026-07-28,14975.00,CE,MIDCPNIFTY26JUL14975CE,0.00,0.00,0.00,369.60,0.00,369.60,14168.90,369.10,0,0,0,0.00,0,F1,120,,,,,
2026-05-15,2026-05-15,FO,NSE,IDO,63493,,MIDCPNIFTY,,2026-07-28,2026-07-28,14475.00,CE,MIDCPNIFTY26JUL14475CE,0.00,0.00,0.00,544.65,0.00,544.65,14168.90,560.05,0,0,0,0.00,0,F1,120,,,,,
2026-05-15,2026-05-15,FO,NSE,IDO,38725,,MIDCPNIFTY,,2026-06-30,2026-06-30,14725.00,PE,MIDCPNIFTY26JUN14725PE,0.00,0.00,0.00,2002.40,0.00,2002.40,14168.90,742.70,0,0,0,0.00,0,F1,120,,,,,
2026-05-15,2026-05-15,FO,NSE,IDO,35103,,MIDCPNIFTY,,2026-06-30,2026-06-30,14425.00,PE,MIDCPNIFTY26JUN14425PE,0.00,0.00,0.00,548.15,548.15,548.15,14168.90,561.40,240,0,0,0.00,0,F1,120,,,,,
2026-05-15,2026-05-15,FO,NSE,IDO,78671,,MIDCPNIFTY,,2026-06-30,2026-06-30,14225.00,PE,MIDCPNIFTY26JUN14225PE,0.00,0.00,0.00,1901.80,0.00,1901.80,14168.90,456.20,0,0,0,0.00,0,F1,120,,,,,
2026-05-15,2026-05-15,FO,NSE,IDO,78655,,MIDCPNIFTY,,2026-06-30,2026-06-30,14100.00,PE,MIDCPNIFTY26JUN14100PE,375.00,375.00,358.55,361.90,368.50,313.50,14168.90,361.90,1080,240,6,10417272.00,4,F1,120,,,,,
2026-05-15,2026-05-15,FO,NSE,IDO,78627,,MIDCPNIFTY,,2026-06-30,2026-06-30,13750.00,PE,MIDCPNIFTY26JUN13750PE,0.00,0.00,0.00,1499.60,0.00,1499.60,14168.90,257.90,0,0,0,0.00,0,F1,120,,,,,
2026-05-15,2026-05-15,FO,NSE,IDO,78504,,MIDCPNIFTY,,2026-06-30,2026-06-30,13250.00,PE,MIDCPNIFTY26JUN13250PE,0.00,0.00,0.00,1113.80,0.00,1113.80,14168.90,123.70,0,0,0,0.00,0,F1,120,,,,,
2026-05-15,2026-05-15,FO,NSE,IDO,78318,,MIDCPNIFTY,,2026-06-30,2026-06-30,12675.00,PE,MIDCPNIFTY26JUN12675PE,0.00,0.00,0.00,734.35,0.00,734.35,14168.90,43.10,0,0,0,0.00,0,F1,120,,,,,
2026-05-15,2026-05-15,FO,NSE,IDO,78306,,MIDCPNIFTY,,2026-06-30,2026-06-30,12525.00,PE,MIDCPNIFTY26JUN12525PE,0.00,0.00,0.00,648.55,0.00,648.55,14168.90,31.40,0,0,0,0.00,0,F1,120,,,,,
2026-05-15,2026-05-15,FO,NSE,IDO,78268,,MIDCPNIFTY,,2026-06-30,2026-06-30,12125.00,PE,MIDCPNIFTY26JUN12125PE,0.00,0.00,0.00,449.00,0.00,449.00,14168.90,12.25,0,0,0,0.00,0,F1,120,,,,,
2026-05-15,2026-05-15,FO,NSE,IDO,78243,,MIDCPNIFTY,,2026-06-30,2026-06-30,11975.00,PE,MIDCPNIFTY26JUN11975PE,0.00,0.00,0.00,385.30,0.00,385.30,14168.90,8.30,0,0,0,0.00,0,F1,120,,,,,
2026-05-15,2026-05-15,FO,NSE,IDO,78116,,MIDCPNIFTY,,2026-06-30,2026-06-30,11525.00,PE,MIDCPNIFTY26JUN11525PE,0.00,0.00,0.00,230.80,0.00,230.80,14168.90,2.25,0,0,0,0.00,0,F1,120,,,,,
2026-05-15,2026-05-15,FO,NSE,IDO,78104,,MIDCPNIFTY,,2026-06-30,2026-06-30,11375.00,PE,MIDCPNIFTY26JUN11375PE,0.00,0.00,0.00,190.75,0.00,190.75,14168.90,1.40,0,0,0,0.00,0,F1,120,,,,,
2026-05-15,2026-05-15,FO,NSE,IDO,70123,,MIDCPNIFTY,,2026-05-26,2026-05-26,11000.00,CE,MIDCPNIFTY26MAY11000CE,0.00,0.00,0.00,2999.75,2999.75,2999.75,14168.90,3188.35,1800,0,0,0.00,0,F1,120,,,,,
2026-05-15,2026-05-15,FO,NSE,IDO,70340,,MIDCPNIFTY,,2026-05-26,2026-05-26,11625.00,CE,MIDCPNIFTY26MAY11625CE,0.00,0.00,0.00,2051.40,0.00,2051.40,14168.90,2564.45,0,0,0,0.00,0,F1,120,,,,,
2026-05-15,2026-05-15,FO,NSE,IDO,70618,,MIDCPNIFTY,,2026-05-26,2026-05-26,12875.00,CE,MIDCPNIFTY26MAY12875CE,0.00,0.00,0.00,1032.20,0.00,1032.20,14168.90,1318.65,0,0,0,0.00,0,F1,120,,,,,
2026-05-15,2026-05-15,FO,NSE,IDO,70640,,MIDCPNIFTY,,2026-05-26,2026-05-26,13050.00,CE,MIDCPNIFTY26MAY13050CE,0.00,0.00,0.00,916.25,0.00,916.25,14168.90,1146.85,0,0,0,0.00,0,F1,120,,,,,
2026-05-15,2026-05-15,FO,NSE,IDO,70798,,MIDCPNIFTY,,2026-05-26,2026-05-26,13525.00,CE,MIDCPNIFTY26MAY13525CE,0.00,0.00,0.00,574.05,578.40,574.05,14168.90,704.10,600,0,0,0.00,0,F1,120,,,,,
2026-05-15,2026-05-15,FO,NSE,IDO,70806,,MIDCPNIFTY,,2026-05-26,2026-05-26,13625.00,CE,MIDCPNIFTY26MAY13625CE,719.85,719.85,708.50,708.50,708.50,498.50,14168.90,619.20,1200,-120,2,3441402.00,2,F1,120,,,,,
2026-05-15,2026-05-15,FO,NSE,IDO,70814,,MIDCPNIFTY,,2026-05-26,2026-05-26,13725.00,CE,MIDCPNIFTY26MAY13725CE,637.25,659.95,637.25,659.95,659.95,896.00,14168.90,538.70,2160,0,2,3449664.00,2,F1,120,,,,,
2026-05-15,2026-05-15,FO,NSE,IDO,70857,,MIDCPNIFTY,,2026-05-26,2026-05-26,14175.00,CE,MIDCPNIFTY26MAY14175CE,288.00,315.55,201.80,211.65,210.00,289.90,14168.90,211.65,12000,4560,432,747225012.00,415,F1,120,,,,,
2026-05-15,2026-05-15,FO,NSE,IDO,70980,,MIDCPNIFTY,,2026-05-26,2026-05-26,14750.00,CE,MIDCPNIFTY26MAY14750CE,54.50,65.60,33.00,35.10,34.40,57.60,14168.90,35.10,15600,-1920,245,434921328.00,210,F1,120,,,,,
2026-05-15,2026-05-15,FO,NSE,IDO,70990,,MIDCPNIFTY,,2026-05-26,2026-05-26,14875.00,CE,MIDCPNIFTY26MAY14875CE,33.65,39.55,21.05,22.35,22.05,35.40,14168.90,22.35,12120,-720,108,193141908.00,83,F1,120,,,,,
2026-05-15,2026-05-15,FO,NSE,IDO,71002,,MIDCPNIFTY,,2026-05-26,2026-05-26,14975.00,CE,MIDCPNIFTY26MAY14975CE,23.05,25.35,14.45,15.40,15.60,24.30,14168.90,15.40,4560,840,69,124142706.00,53,F1,120,,,,,
2026-05-15,2026-05-15,FO,NSE,IDO,71156,,MIDCPNIFTY,,2026-05-26,2026-05-26,15375.00,CE,MIDCPNIFTY26MAY15375CE,6.60,6.60,2.15,2.55,2.55,6.60,14168.90,2.55,2640,360,25,46137144.00,14,F1,120,,,,,
2026-05-15,2026-05-15,FO,NSE,IDO,71185,,MIDCPNIFTY,,2026-05-26,2026-05-26,15575.00,CE,MIDCPNIFTY26MAY15575CE,3.60,7.80,1.05,5.25,2.50,3.00,14168.90,5.25,2160,1920,34,63560250.00,10,F1,120,,,,,
2026-05-15,2026-05-15,FO,NSE,IDO,78018,,MIDCPNIFTY,,2026-06-30,2026-06-30,10850.00,CE,MIDCPNIFTY26JUN10850CE,0.00,0.00,0.00,1591.90,0.00,1591.90,14168.90,3406.00,0,0,0,0.00,0,F1,120,,,,,
2026-05-15,2026-05-15,FO,NSE,IDO,78263,,MIDCPNIFTY,,2026-06-30,2026-06-30,12075.00,CE,MIDCPNIFTY26JUN12075CE,0.00,0.00,0.00,727.10,0.00,727.10,14168.90,2201.40,0,0,0,0.00,0,F1,120,,,,,
2026-05-15,2026-05-15,FO,NSE,IDO,78289,,MIDCPNIFTY,,2026-06-30,2026-06-30,12375.00,CE,MIDCPNIFTY26JUN12375CE,0.00,0.00,0.00,574.05,0.00,574.05,14168.90,1915.45,0,0,0,0.00,0,F1,120,,,,,
2026-05-15,2026-05-15,FO,NSE,IDO,78301,,MIDCPNIFTY,,2026-06-30,2026-06-30,12475.00,CE,MIDCPNIFTY26JUN12475CE,0.00,0.00,0.00,528.45,0.00,528.45,14168.90,1821.95,0,0,0,0.00,0,F1,120,,,,,
2026-05-15,2026-05-15,FO,NSE,IDO,78309,,MIDCPNIFTY,,2026-06-30,2026-06-30,12575.00,CE,MIDCPNIFTY26JUN12575CE,0.00,0.00,0.00,485.50,0.00,485.50,14168.90,1729.60,0,0,0,0.00,0,F1,120,,,,,
