TradDt,BizDt,Sgmt,Src,FinInstrmTp,FinInstrmId,ISIN,TckrSymb,SctySrs,XpryDt,FininstrmActlXpryDt,StrkPric,OptnTp,FinInstrmNm,OpnPric,HghPric,LwPric,ClsPric,LastPric,PrvsClsgPric,UndrlygPric,SttlmPric,OpnIntrst,ChngInOpnIntrst,TtlTradgVol,TtlTrfVal,TtlNbOfTxsExctd,SsnId,NewBrdLotQty,Rmks,Rsvd1,Rsvd2,Rsvd3,Rsvd4
2026-04-27,2026-04-27,FO,NSE,IDO,67118,,BANKNIFTY,,2026-05-26,2026-05-26,53200.00,CE,BANKNIFTY26MAY53200CE,0.00,0.00,0.00,4761.65,4761.65,4761.65,56264.30,3575.45,540,0,0,0.00,0,F1,30,,,,,
2026-04-27,2026-04-27,FO,NSE,IDO,67200,,BANKNIFTY,,2026-05-26,2026-05-26,54000.00,CE,BANKNIFTY26MAY54000CE,3083.65,3199.25,2781.35,3060.40,3066.00,3013.35,56264.30,3060.40,88230,-5010,1921,3288575172.00,1630,F1,30,,,,,
2026-04-27,2026-04-27,FO,NSE,IDO,67808,,BANKNIFTY,,2026-05-26,2026-05-26,59500.00,CE,BANKNIFTY26MAY59500CE,251.30,267.15,208.55,222.60,226.50,243.70,56264.30,222.60,97200,9480,2876,5153673712.50,1637,F1,30,,,,,
2026-04-27,2026-04-27,FO,NSE,IDO,68000,,BANKNIFTY,,2026-05-26,2026-05-26,60100.00,CE,BANKNIFTY26MAY60100CE,162.80,166.55,138.30,141.20,143.05,159.80,56264.30,141.20,35910,450,339,612742786.50,191,F1,30,,,,,
2026-04-27,2026-04-27,FO,NSE,IDO,68004,,BANKNIFTY,,2026-05-26,2026-05-26,60200.00,CE,BANKNIFTY26MAY60200CE,148.00,153.10,128.75,131.25,132.25,148.30,56264.30,131.25,7350,180,78,141197601.00,53,F1,30,,,,,
2026-04-27,2026-04-27,FO,NSE,IDO,68010,,BANKNIFTY,,2026-05-26,2026-05-26,60300.00,CE,BANKNIFTY26MAY60300CE,139.80,144.20,120.35,121.35,121.85,141.85,56264.30,121.35,9870,750,256,464068500.00,124,F1,30,,,,,
2026-04-27,2026-04-27,FO,NSE,IDO,68080,,BANKNIFTY,,2026-05-26,2026-05-26,61000.00,CE,BANKNIFTY26MAY61000CE,82.25,90.05,66.50,69.75,71.00,82.00,56264.30,69.75,327330,53100,8686,15915236874.00,4518,F1,30,,,,,
2026-04-27,2026-04-27,FO,NSE,IDO,68094,,BANKNIFTY,,2026-05-26,2026-05-26,61600.00,CE,BANKNIFTY26MAY61600CE,72.90,72.90,46.00,50.15,50.15,114.05,56264.30,50.15,1140,360,29,53638885.50,15,F1,30,,,,,
2026-04-27,2026-04-27,FO,NSE,IDO,68136,,BANKNIFTY,,2026-05-26,2026-05-26,63300.00,CE,BANKNIFTY26MAY63300CE,17.65,18.55,17.05,18.10,18.10,46.00,56264.30,18.10,300,-90,39,74081847.00,16,F1,30,,,,,
2026-04-27,2026-04-27,FO,NSE,IDO,68173,,BANKNIFTY,,2026-05-26,2026-05-26,64700.00,CE,BANKNIFTY26MAY64700CE,11.70,14.00,7.70,12.00,12.00,11.75,56264.30,12.00,300,-120,69,133950322.50,40,F1,30,,,,,
2026-04-27,2026-04-27,FO,NSE,IDO,68175,,BANKNIFTY,,2026-05-26,2026-05-26,64800.00,CE,BANKNIFTY26MAY64800CE,12.35,12.40,7.55,8.90,9.60,10.00,56264.30,8.90,630,-150,14,27220237.50,10,F1,30,,,,,
2026-04-27,2026-04-27,FO,NSE,IDO,68445,,BANKNIFTY,,2026-05-26,2026-05-26,68500.00,CE,BANKNIFTY26MAY68500CE,6.20,6.20,4.90,4.90,4.90,5.25,56264.30,0.70,8850,780,32,65765182.50,8,F1,30,,,,,
2026-04-27,2026-04-27,FO,NSE,IDO,75168,,BANKNIFTY,,2026-06-30,2026-06-30,46700.00,CE,BANKNIFTY26JUN46700CE,0.00,0.00,0.00,4862.10,0.00,4862.10,56264.30,10093.65,0,0,0,0.00,0,F1,30,,,,,
2026-04-27,2026-04-27,FO,NSE,IDO,75178,,BANKNIFTY,,2026-06-30,2026-06-30,47100.00,CE,BANKNIFTY26JUN47100CE,0.00,0.00,0.00,4548.25,0.00,4548.25,56264.30,9704.70,0,0,0,0.00,0,F1,30,,,,,
2026-04-27,2026-04-27,FO,NSE,IDO,75245,,BANKNIFTY,,2026-06-30,2026-06-30,48200.00,CE,BANKNIFTY26JUN48200CE,0.00,0.00,0.00,3736.50,0.00,3736.50,56264.30,8645.20,0,0,0,0.00,0,F1,30,,,,,
2026-04-27,2026-04-27,FO,NSE,IDO,75565,,BANKNIFTY,,2026-06-30,2026-06-30,53300.00,CE,BANKNIFTY26JUN53300CE,0.00,0.00,0.00,1150.15,0.00,1150.15,56264.30,4200.90,0,0,0,0.00,0,F1,30,,,,,
2026-04-27,2026-04-27,FO,NSE,IDO,75573,,BANKNIFTY,,2026-06-30,2026-06-30,53700.00,CE,BANKNIFTY26JUN53700CE,0.00,0.00,0.00,1808.90,1808.90,1808.90,56264.30,3909.55,30,0,0,0.00,0,F1,30,,,,,
2026-04-27,2026-04-27,FO,NSE,IDO,75636,,BANKNIFTY,,2026-06-30,2026-06-30,56900.00,CE,BANKNIFTY26JUN56900CE,1666.65,1666.65,1666.65,1666.65,1666.65,1671.95,56264.30,1987.75,60,-30,1,1756999.50,1,F1,30,,,,,
2026-04-27,2026-04-27,FO,NSE,IDO,75811,,BANKNIFTY,,2026-06-30,2026-06-30,59400.00,CE,BANKNIFTY26JUN59400CE,663.65,663.65,644.80,644.80,644.80,608.10,56264.30,1032.00,1080,-60,4,7206507.00,2,F1,30,,,,,
2026-04-27,2026-04-27,FO,NSE,IDO,75842,,BANKNIFTY,,2026-06-30,2026-06-30,60700.00,CE,BANKNIFTY26JUN60700CE,0.00,0.00,0.00,92.90,0.00,92.90,56264.30,702.20,0,0,0,0.00,0,F1,30,,,,,
2026-04-27,2026-04-27,FO,NSE,IDO,75849,,BANKNIFTY,,2026-06-30,2026-06-30,61000.00,CE,BANKNIFTY26JUN61000CE,0.00,0.00,0.00,82.30,0.00,82.30,56264.30,639.55,0,0,0,0.00,0,F1,30,,,,,
2026-04-27,2026-04-27,FO,NSE,IDO,75853,,BANKNIFTY,,2026-06-30,2026-06-30,61100.00,CE,BANKNIFTY26JUN61100CE,0.00,0.00,0.00,79.00,0.00,79.00,56264.30,619.75,0,0,0,0.00,0,F1,30,,,,,
2026-04-27,2026-04-27,FO,NSE,IDO,75913,,BANKNIFTY,,2026-06-30,2026-06-30,62800.00,CE,BANKNIFTY26JUN62800CE,0.00,0.00,0.00,38.60,0.00,38.60,56264.30,352.75,0,0,0,0.00,0,F1,30,,,,,
2026-04-27,2026-04-27,FO,NSE,IDO,75943,,BANKNIFTY,,2026-06-30,2026-06-30,64000.00,CE,BANKNIFTY26JUN64000CE,71.95,71.95,59.00,59.00,59.00,70.60,56264.30,59.00,2670,180,58,111472879.50,26,F1,30,,,,,
2026-04-27,2026-04-27,FO,NSE,IDO,67135,,BANKNIFTY,,2026-04-28,2026-04-28,44000.00,PE,BANKNIFTY26APR44000PE,1.40,1.45,0.50,0.70,0.65,1.45,56264.30,0.70,147240,-23310,2806,3703991557.50,1054,F1,30,,,,,
2026-04-27,2026-04-27,FO,NSE,IDO,67232,,BANKNIFTY,,2026-04-28,2026-04-28,46600.00,PE,BANKNIFTY26APR46600PE,1.00,3.00,0.90,2.30,1.55,1.80,56264.30,2.30,1200,-30,43,60115582.50,10,F1,30,,,,,
2026-04-27,2026-04-27,FO,NSE,IDO,67271,,BANKNIFTY,,2026-04-28,2026-04-28,47800.00,PE,BANKNIFTY26APR47800PE,2.40,2.40,1.05,1.30,1.30,2.45,56264.30,1.30,3810,-30,29,41587438.50,17,F1,30,,,,,
2026-04-27,2026-04-27,FO,NSE,IDO,67308,,BANKNIFTY,,2026-04-28,2026-04-28,48600.00,PE,BANKNIFTY26APR48600PE,0.00,0.00,0.00,3.60,3.60,3.60,56264.30,0.00,4530,0,0,0.00,0,F1,30,,,,,
2026-04-27,2026-04-27,FO,NSE,IDO,67399,,BANKNIFTY,,2026-04-28,2026-04-28,50200.00,PE,BANKNIFTY26APR50200PE,4.45,4.45,0.65,0.95,0.85,4.45,56264.30,0.95,52980,-2310,893,1344898473.00,494,F1,30,,,,,
2026-04-27,2026-04-27,FO,NSE,IDO,67407,,BANKNIFTY,,2026-04-28,2026-04-28,50600.00,PE,BANKNIFTY26APR50600PE,5.25,5.25,0.70,1.15,0.70,4.60,56264.30,1.15,17850,-240,457,693753168.00,295,F1,30,,,,,
2026-04-27,2026-04-27,FO,NSE,IDO,67409,,BANKNIFTY,,2026-04-28,2026-04-28,50700.00,PE,BANKNIFTY26APR50700PE,5.85,5.85,0.75,1.70,1.40,5.85,56264.30,1.70,19380,-870,290,441107928.00,193,F1,30,,,,,
2026-04-27,2026-04-27,FO,NSE,IDO,67449,,BANKNIFTY,,2026-04-28,2026-04-28,52700.00,PE,BANKNIFTY26APR52700PE,4.40,6.65,1.85,2.85,2.90,13.70,56264.30,2.85,64800,-7560,4197,6635905542.00,2718,F1,30,,,,,
2026-04-27,2026-04-27,FO,NSE,IDO,67461,,BANKNIFTY,,2026-04-28,2026-04-28,53300.00,PE,BANKNIFTY26APR53300PE,13.05,15.40,2.50,4.75,4.70,20.55,56264.30,4.75,98910,8520,19046,30457250838.00,9371,F1,30,,,,,
2026-04-27,2026-04-27,FO,NSE,IDO,67469,,BANKNIFTY,,2026-04-28,2026-04-28,53700.00,PE,BANKNIFTY26APR53700PE,9.50,26.70,3.45,4.30,4.90,29.30,56264.30,4.30,94620,-37440,28889,46545241050.00,14954,F1,30,,,,,
2026-04-27,2026-04-27,FO,NSE,IDO,67497,,BANKNIFTY,,2026-04-28,2026-04-28,55000.00,PE,BANKNIFTY26APR55000PE,104.95,104.95,11.35,15.20,13.00,119.45,56264.30,15.20,807420,82530,465964,769276415446.50,174060,F1,30,,,,,
2026-04-27,2026-04-27,FO,NSE,IDO,67539,,BANKNIFTY,,2026-04-28,2026-04-28,56500.00,PE,BANKNIFTY26APR56500PE,556.00,664.00,301.30,345.10,319.55,630.90,56264.30,345.10,508410,75120,275423,470246045362.50,177286,F1,30,,,,,
2026-04-27,2026-04-27,FO,NSE,IDO,67780,,BANKNIFTY,,2026-04-28,2026-04-28,61500.00,PE,BANKNIFTY26APR61500PE,5289.90,5545.00,5137.05,5183.25,5167.80,5351.45,56264.30,5183.25,17580,-90,127,254435769.00,80,F1,30,,,,,
2026-04-27,2026-04-27,FO,NSE,IDO,68197,,BANKNIFTY,,2026-04-28,2026-04-28,66500.00,PE,BANKNIFTY26APR66500PE,0.00,0.00,0.00,4641.00,4641.00,4641.00,56264.30,10225.15,30,0,0,0.00,0,F1,30,,,,,
2026-04-27,2026-04-27,FO,NSE,IDO,38320,,BANKNIFTY,,2026-05-26,2026-05-26,45900.00,PE,BANKNIFTY26MAY45900PE,26.90,26.90,24.05,25.30,24.05,33.25,56264.30,25.30,420,-90,4,5511031.50,3,F1,30,,,,,
2026-04-27,2026-04-27,FO,NSE,IDO,75171,,BANKNIFTY,,2026-06-30,2026-06-30,46800.00,PE,BANKNIFTY26JUN46800PE,0.00,0.00,0.00,469.10,0.00,469.10,56264.30,22.70,0,0,0,0.00,0,F1,30,,,,,
2026-04-27,2026-04-27,FO,NSE,IDO,66602,,BANKNIFTY,,2026-05-26,2026-05-26,47500.00,PE,BANKNIFTY26MAY47500PE,46.00,50.60,32.50,34.50,32.50,57.75,56264.30,34.50,9210,4740,238,339420631.50,116,F1,30,,,,,
2026-04-27,2026-04-27,FO,NSE,IDO,67191,,BANKNIFTY,,2026-05-26,2026-05-26,53700.00,PE,BANKNIFTY26MAY53700PE,433.05,485.00,381.00,384.95,381.00,496.00,56264.30,384.95,6540,540,137,222456241.50,92,F1,30,,,,,
2026-04-27,2026-04-27,FO,NSE,IDO,67268,,BANKNIFTY,,2026-05-26,2026-05-26,55200.00,PE,BANKNIFTY26MAY55200PE,750.00,869.20,690.00,701.65,690.00,853.35,56264.30,701.65,5040,210,195,327378091.50,165,F1,30,,,,,
2026-04-27,2026-04-27,FO,NSE,IDO,67295,,BANKNIFTY,,2026-05-26,2026-05-26,56200.00,PE,BANKNIFTY26MAY56200PE,1112.15,1315.10,961.55,1027.85,1015.00,1206.60,56264.30,1027.85,28560,18300,7608,13084266883.50,4775,F1,30,,,,,
2026-04-27,2026-04-27,FO,NSE,IDO,67575,,BANKNIFTY,,2026-05-26,2026-05-26,56900.00,PE,BANKNIFTY26MAY56900PE,1469.75,1570.00,1295.05,1354.10,1320.00,1494.05,56264.30,1354.10,9000,540,69,120692043.00,57,F1,30,,,,,
2026-04-27,2026-04-27,FO,NSE,IDO,67615,,BANKNIFTY,,2026-05-26,2026-05-26,58200.00,PE,BANKNIFTY26MAY58200PE,2400.00,2400.00,2102.05,2162.15,2162.15,2138.90,56264.30,2356.60,2970,0,3,5437926.00,3,F1,30,,,,,
2026-04-27,2026-04-27,FO,NSE,IDO,67621,,BANKNIFTY,,2026-05-26,2026-05-26,58500.00,PE,BANKNIFTY26MAY58500PE,2276.25,2600.00,2229.30,2297.15,2241.05,2448.60,56264.30,2297.15,65310,2370,317,579038052.00,251,F1,30,,,,,
2026-04-27,2026-04-27,FO,NSE,IDO,67814,,BANKNIFTY,,2026-05-26,2026-05-26,59700.00,PE,BANKNIFTY26MAY59700PE,3160.00,3220.00,3156.20,3191.00,3170.00,3302.65,56264.30,3191.00,780,390,17,32069286.00,13,F1,30,,,,,
2026-04-27,2026-04-27,FO,NSE,IDO,68003,,BANKNIFTY,,2026-05-26,2026-05-26,60100.00,PE,BANKNIFTY26MAY60100PE,0.00,0.00,0.00,2700.00,2700.00,2700.00,56264.30,3836.00,810,0,0,0.00,0,F1,30,,,,,
2026-04-27,2026-04-27,FO,NSE,IDO,68081,,BANKNIFTY,,2026-05-26,2026-05-26,61000.00,PE,BANKNIFTY26MAY61000PE,4341.00,4720.00,4236.05,4343.20,4340.85,4536.00,56264.30,4343.20,52320,7950,308,604660377.00,285,F1,30,,,,,
2026-04-27,2026-04-27,FO,NSE,IDO,68113,,BANKNIFTY,,2026-05-26,2026-05-26,62300.00,PE,BANKNIFTY26MAY62300PE,0.00,0.00,0.00,7536.90,7536.90,7536.90,56264.30,5827.00,60,0,0,0.00,0,F1,30,,,,,
2026-04-27,2026-04-27,FO,NSE,IDO,68119,,BANKNIFTY,,2026-05-26,2026-05-26,62500.00,PE,BANKNIFTY26MAY62500PE,5900.00,6100.00,5860.00,5860.00,5860.00,5800.00,56264.30,6016.85,2610,30,3,6160800.00,3,F1,30,,,,,
2026-04-27,2026-04-27,FO,NSE,IDF,66688,,BANKNIFTY,,2026-04-28,2026-04-28,,,BANKNIFTY26APRFUT,56390.00,56570.00,55940.20,56348.60,56390.00,56206.60,56264.30,56348.60,857850,-383760,24879,41981075844.00,17425,F1,30,,,,,
2026-04-27,2026-04-27,FO,NSE,IDO,67173,,BANKNIFTY,,2026-04-28,2026-04-28,45800.00,CE,BANKNIFTY26APR45800CE,0.00,0.00,0.00,10353.10,10353.10,10353.10,56264.30,10471.60,0,0,0,0.00,0,F1,30,,,,,
2026-04-27,2026-04-27,FO,NSE,IDO,67221,,BANKNIFTY,,2026-04-28,2026-04-28,46300.00,CE,BANKNIFTY26APR46300CE,0.00,0.00,0.00,9663.70,9663.70,9663.70,56264.30,9971.70,0,0,0,0.00,0,F1,30,,,,,
2026-04-27,2026-04-27,FO,NSE,IDO,67272,,BANKNIFTY,,2026-04-28,2026-04-28,47900.00,CE,BANKNIFTY26APR47900CE,0.00,0.00,0.00,8500.00,8500.00,8500.00,56264.30,8371.95,600,0,0,0.00,0,F1,30,,,,,
2026-04-27,2026-04-27,FO,NSE,IDO,67274,,BANKNIFTY,,2026-04-28,2026-04-28,48000.00,CE,BANKNIFTY26APR48000CE,8346.50,8419.80,7970.05,8360.25,8361.90,8138.40,56264.30,8360.25,12930,-8370,336,567266964.00,258,F1,30,,,,,
2026-04-27,2026-04-27,FO,NSE,IDO,67276,,BANKNIFTY,,2026-04-28,2026-04-28,48100.00,CE,BANKNIFTY26APR48100CE,0.00,0.00,0.00,3802.50,3802.50,3802.50,56264.30,8171.95,870,0,0,0.00,0,F1,30,,,,,
2026-04-27,2026-04-27,FO,NSE,IDO,67454,,BANKNIFTY,,2026-04-28,2026-04-28,53000.00,CE,BANKNIFTY26APR53000CE,3399.95,3598.10,2950.55,3356.85,3396.90,3158.35,56264.30,3356.85,191520,-19860,1276,2154867700.50,923,F1,30,,,,,
2026-04-27,2026-04-27,FO,NSE,IDO,68121,,BANKNIFTY,,2026-05-26,2026-05-26,62600.00,PE,BANKNIFTY26MAY62600PE,0.00,0.00,0.00,9296.10,9296.10,9296.10,56264.30,6112.15,60,0,0,0.00,0,F1,30,,,,,
2026-04-27,2026-04-27,FO,NSE,IDO,67752,,BANKNIFTY,,2026-05-26,2026-05-26,59100.00,CE,BANKNIFTY26MAY59100CE,340.00,340.00,275.00,291.45,293.80,320.15,56264.30,291.45,6810,750,260,463340041.50,153,F1,30,,,,,
2026-04-27,2026-04-27,FO,NSE,IDO,67602,,BANKNIFTY,,2026-05-26,2026-05-26,58000.00,CE,BANKNIFTY26MAY58000CE,651.55,686.55,535.50,603.20,600.00,637.90,56264.30,603.20,425670,39360,10626,18684326515.50,7175,F1,30,,,,,
2026-04-27,2026-04-27,FO,NSE,IDO,67292,,BANKNIFTY,,2026-05-26,2026-05-26,56100.00,CE,BANKNIFTY26MAY56100CE,1559.85,1684.45,1374.10,1537.10,1511.40,1559.60,56264.30,1537.10,10950,1560,1363,2355331522.50,1139,F1,30,,,,,
2026-04-27,2026-04-27,FO,NSE,IDO,67269,,BANKNIFTY,,2026-05-26,2026-05-26,55300.00,CE,BANKNIFTY26MAY55300CE,2066.75,2121.90,2066.75,2121.90,2121.90,2052.45,56264.30,2026.25,2340,-30,6,10332633.00,5,F1,30,,,,,
2026-04-27,2026-04-27,FO,NSE,IDO,67490,,BANKNIFTY,,2026-04-28,2026-04-28,54700.00,CE,BANKNIFTY26APR54700CE,1621.35,1764.20,1276.40,1656.70,1669.10,1640.65,56264.30,1656.70,23070,-420,93,156953937.00,60,F1,30,,,,,
2026-04-27,2026-04-27,FO,NSE,IDO,67702,,BANKNIFTY,,2026-04-28,2026-04-28,59400.00,CE,BANKNIFTY26APR59400CE,6.50,6.50,2.20,2.95,2.20,9.25,56264.30,2.95,28440,-11970,8233,14672072446.50,3938,F1,30,,,,,
2026-04-27,2026-04-27,FO,NSE,IDO,67728,,BANKNIFTY,,2026-04-28,2026-04-28,60700.00,CE,BANKNIFTY26APR60700CE,3.25,3.50,1.25,2.10,1.80,3.50,56264.30,2.10,14910,120,1458,2655098661.00,694,F1,30,,,,,
2026-04-27,2026-04-27,FO,NSE,IDO,67793,,BANKNIFTY,,2026-04-28,2026-04-28,61800.00,CE,BANKNIFTY26APR61800CE,1.75,2.20,0.70,1.05,1.00,1.75,56264.30,1.05,5910,-1290,286,530255566.50,146,F1,30,,,,,
2026-04-27,2026-04-27,FO,NSE,IDO,67860,,BANKNIFTY,,2026-04-28,2026-04-28,63200.00,CE,BANKNIFTY26APR63200CE,1.50,2.00,0.40,0.75,0.90,1.85,56264.30,0.75,2010,-120,37,70153249.50,24,F1,30,,,,,
2026-04-27,2026-04-27,FO,NSE,IDO,67917,,BANKNIFTY,,2026-04-28,2026-04-28,64500.00,CE,BANKNIFTY26APR64500CE,0.70,1.30,0.35,0.80,0.45,1.20,56264.30,0.80,10500,-4950,517,1000405620.00,192,F1,30,,,,,
2026-04-27,2026-04-27,FO,NSE,IDO,68296,,BANKNIFTY,,2026-04-28,2026-04-28,68000.00,CE,BANKNIFTY26APR68000CE,0.80,0.80,0.30,0.50,0.30,0.80,56264.30,0.50,42360,-4740,410,836406361.50,156,F1,30,,,,,
2026-04-27,2026-04-27,FO,NSE,IDO,38319,,BANKNIFTY,,2026-05-26,2026-05-26,45900.00,CE,BANKNIFTY26MAY45900CE,0.00,0.00,0.00,15352.25,0.00,15352.25,56264.30,10575.55,0,0,0,0.00,0,F1,30,,,,,
2026-04-27,2026-04-27,FO,NSE,IDO,67250,,BANKNIFTY,,2026-05-26,2026-05-26,54700.00,CE,BANKNIFTY26MAY54700CE,2508.25,2508.25,2400.00,2410.00,2410.00,2427.95,56264.30,2423.45,2490,60,8,13708447.50,8,F1,30,,,,,
2026-04-27,2026-04-27,FO,NSE,IDO,76426,,BANKNIFTY,,2027-03-30,2027-03-30,63000.00,PE,BANKNIFTY27MAR63000PE,0.00,0.00,0.00,9669.30,0.00,9669.30,56264.30,6479.80,0,0,0,0.00,0,F1,30,,,,,
2026-04-27,2026-04-27,FO,NSE,IDO,76385,,BANKNIFTY,,2027-03-30,2027-03-30,46500.00,PE,BANKNIFTY27MAR46500PE,0.00,0.00,0.00,1180.70,0.00,1180.70,56264.30,550.40,0,0,0,0.00,0,F1,30,,,,,
2026-04-27,2026-04-27,FO,NSE,IDO,53219,,BANKNIFTY,,2026-12-29,2026-12-29,49500.00,PE,BANKNIFTY26DEC49500PE,0.00,0.00,0.00,232.05,0.00,232.05,56264.30,786.20,0,0,0,0.00,0,F1,30,,,,,
2026-04-27,2026-04-27,FO,NSE,IDO,53197,,BANKNIFTY,,2026-12-29,2026-12-29,43500.00,PE,BANKNIFTY26DEC43500PE,0.00,0.00,0.00,25.15,0.00,25.15,56264.30,148.60,0,0,0,0.00,0,F1,30,,,,,
2026-04-27,2026-04-27,FO,NSE,IDO,52413,,BANKNIFTY,,2026-09-29,2026-09-29,64500.00,PE,BANKNIFTY26SEP64500PE,0.00,0.00,0.00,7730.90,0.00,7730.90,56264.30,7546.25,0,0,0,0.00,0,F1,30,,,,,
2026-04-27,2026-04-27,FO,NSE,IDO,75189,,BANKNIFTY,,2026-06-30,2026-06-30,47500.00,PE,BANKNIFTY26JUN47500PE,0.00,0.00,0.00,617.95,0.00,617.95,56264.30,36.30,0,0,0,0.00,0,F1,30,,,,,
2026-04-27,2026-04-27,FO,NSE,IDO,75109,,BANKNIFTY,,2026-06-30,2026-06-30,46000.00,PE,BANKNIFTY26JUN46000PE,109.70,113.65,94.00,102.60,103.00,114.55,56264.30,102.60,6960,-120,70,96811762.50,27,F1,30,,,,,
2026-04-27,2026-04-27,FO,NSE,IDO,75072,,BANKNIFTY,,2026-06-30,2026-06-30,45500.00,PE,BANKNIFTY26JUN45500PE,0.00,0.00,0.00,265.95,0.00,265.95,56264.30,8.75,0,0,0,0.00,0,F1,30,,,,,
2026-04-27,2026-04-27,FO,NSE,IDO,68432,,BANKNIFTY,,2026-05-26,2026-05-26,68000.00,PE,BANKNIFTY26MAY68000PE,11000.00,11299.60,10894.65,11175.50,11142.65,11400.00,56264.30,11175.50,2400,630,25,59342067.00,17,F1,30,,,,,
2026-04-27,2026-04-27,FO,NSE,IDO,68212,,BANKNIFTY,,2026-05-26,2026-05-26,65600.00,PE,BANKNIFTY26MAY65600PE,0.00,0.00,0.00,10948.45,10948.45,10948.45,56264.30,9041.70,600,0,0,0.00,0,F1,30,,,,,
2026-04-27,2026-04-27,FO,NSE,IDO,68143,,BANKNIFTY,,2026-05-26,2026-05-26,63600.00,PE,BANKNIFTY26MAY63600PE,0.00,0.00,0.00,10249.10,10249.10,10249.10,56264.30,7076.30,30,0,0,0.00,0,F1,30,,,,,
2026-04-27,2026-04-27,FO,NSE,IDO,68091,,BANKNIFTY,,2026-05-26,2026-05-26,61400.00,PE,BANKNIFTY26MAY61400PE,0.00,0.00,0.00,6667.60,6667.60,6667.60,56264.30,4987.75,90,0,0,0.00,0,F1,30,,,,,
2026-04-27,2026-04-27,FO,NSE,IDO,67223,,BANKNIFTY,,2026-04-28,2026-04-28,46400.00,CE,BANKNIFTY26APR46400CE,0.00,0.00,0.00,9754.80,9754.80,9754.80,56264.30,9871.70,210,0,0,0.00,0,F1,30,,,,,
2026-04-27,2026-04-27,FO,NSE,IDO,67318,,BANKNIFTY,,2026-04-28,2026-04-28,49000.00,CE,BANKNIFTY26APR49000CE,7377.80,7415.00,7010.00,7383.60,7373.85,7183.35,56264.30,7383.60,13320,-1980,175,295518043.50,120,F1,30,,,,,
2026-04-27,2026-04-27,FO,NSE,IDO,67619,,BANKNIFTY,,2026-05-26,2026-05-26,58400.00,PE,BANKNIFTY26MAY58400PE,2299.00,2299.00,2165.60,2165.60,2165.60,2394.95,56264.30,2497.50,3390,-60,5,9093943.50,5,F1,30,,,,,
2026-04-27,2026-04-27,FO,NSE,IDO,67603,,BANKNIFTY,,2026-05-26,2026-05-26,58000.00,PE,BANKNIFTY26MAY58000PE,1940.00,2252.75,1849.50,1938.85,1915.00,2131.95,56264.30,1938.85,235710,19650,1859,3347802232.50,1685,F1,30,,,,,
2026-04-27,2026-04-27,FO,NSE,IDO,67593,,BANKNIFTY,,2026-05-26,2026-05-26,57600.00,PE,BANKNIFTY26MAY57600PE,1723.10,1885.40,1650.00,1650.00,1650.00,1900.00,56264.30,1958.35,3150,90,18,32076694.50,14,F1,30,,,,,
2026-04-27,2026-04-27,FO,NSE,IDO,67581,,BANKNIFTY,,2026-05-26,2026-05-26,57100.00,PE,BANKNIFTY26MAY57100PE,1524.00,1670.50,1396.45,1466.15,1475.00,1625.30,56264.30,1466.15,6150,1380,79,138814458.00,67,F1,30,,,,,
2026-04-27,2026-04-27,FO,NSE,IDO,67579,,BANKNIFTY,,2026-05-26,2026-05-26,57000.00,PE,BANKNIFTY26MAY57000PE,1550.00,1646.55,1340.00,1375.65,1342.70,1545.90,56264.30,1375.65,326280,14340,6588,11551643590.50,5228,F1,30,,,,,
2026-04-27,2026-04-27,FO,NSE,IDO,67565,,BANKNIFTY,,2026-05-26,2026-05-26,56400.00,PE,BANKNIFTY26MAY56400PE,1252.35,1338.40,1080.00,1113.85,1093.00,1268.20,56264.30,1113.85,19440,5790,1617,2793162790.50,1275,F1,30,,,,,
2026-04-27,2026-04-27,FO,NSE,IDO,67287,,BANKNIFTY,,2026-05-26,2026-05-26,55800.00,PE,BANKNIFTY26MAY55800PE,901.60,1100.00,805.90,884.45,867.50,1051.55,56264.30,884.45,11640,2400,730,1243261383.00,596,F1,30,,,,,
2026-04-27,2026-04-27,FO,NSE,IDO,67260,,BANKNIFTY,,2026-05-26,2026-05-26,55000.00,PE,BANKNIFTY26MAY55000PE,735.00,804.90,634.55,654.30,647.95,809.45,56264.30,654.30,279570,40140,10449,17464300743.00,7286,F1,30,,,,,
2026-04-27,2026-04-27,FO,NSE,IDO,67115,,BANKNIFTY,,2026-05-26,2026-05-26,53000.00,PE,BANKNIFTY26MAY53000PE,350.05,372.15,275.85,287.10,281.00,386.55,56264.30,287.10,170970,5340,6906,11045515743.00,4179,F1,30,,,,,
2026-04-27,2026-04-27,FO,NSE,IDO,67102,,BANKNIFTY,,2026-05-26,2026-05-26,52900.00,PE,BANKNIFTY26MAY52900PE,329.90,346.35,271.25,283.30,271.25,376.60,56264.30,283.30,4230,420,31,49487209.50,19,F1,30,,,,,
2026-04-27,2026-04-27,FO,NSE,IDO,67085,,BANKNIFTY,,2026-05-26,2026-05-26,52400.00,PE,BANKNIFTY26MAY52400PE,245.70,293.00,219.60,225.35,226.35,311.55,56264.30,225.35,4620,600,50,78961728.00,23,F1,30,,,,,
2026-04-27,2026-04-27,FO,NSE,IDO,66817,,BANKNIFTY,,2026-05-26,2026-05-26,52000.00,PE,BANKNIFTY26MAY52000PE,261.65,261.65,186.15,190.95,186.15,269.30,56264.30,190.95,195990,53880,6915,10830899479.50,3975,F1,30,,,,,
2026-04-27,2026-04-27,FO,NSE,IDO,66758,,BANKNIFTY,,2026-05-26,2026-05-26,50700.00,PE,BANKNIFTY26MAY50700PE,0.00,0.00,0.00,6.75,0.00,6.75,56264.30,43.90,0,0,0,0.00,0,F1,30,,,,,
2026-04-27,2026-04-27,FO,NSE,IDO,66676,,BANKNIFTY,,2026-05-26,2026-05-26,49800.00,PE,BANKNIFTY26MAY49800PE,0.00,0.00,0.00,3.20,0.00,3.20,56264.30,19.70,0,0,0,0.00,0,F1,30,,,,,
2026-04-27,2026-04-27,FO,NSE,IDO,66666,,BANKNIFTY,,2026-05-26,2026-05-26,49600.00,PE,BANKNIFTY26MAY49600PE,0.00,0.00,0.00,2.70,0.00,2.70,56264.30,16.30,0,0,0,0.00,0,F1,30,,,,,
2026-04-27,2026-04-27,FO,NSE,IDO,66643,,BANKNIFTY,,2026-05-26,2026-05-26,48500.00,PE,BANKNIFTY26MAY48500PE,75.00,75.00,46.50,48.00,46.50,74.70,56264.30,48.00,10350,2010,367,534584437.50,206,F1,30,,,,,
2026-04-27,2026-04-27,FO,NSE,IDO,66628,,BANKNIFTY,,2026-05-26,2026-05-26,48100.00,PE,BANKNIFTY26MAY48100PE,0.00,0.00,0.00,0.65,0.00,0.65,56264.30,3.35,0,0,0,0.00,0,F1,30,,,,,
2026-04-27,2026-04-27,FO,NSE,IDO,66552,,BANKNIFTY,,2026-05-26,2026-05-26,46700.00,PE,BANKNIFTY26MAY46700PE,0.00,0.00,0.00,0.15,0.00,0.15,56264.30,0.60,0,0,0,0.00,0,F1,30,,,,,
2026-04-27,2026-04-27,FO,NSE,IDO,67940,,BANKNIFTY,,2026-04-28,2026-04-28,65100.00,PE,BANKNIFTY26APR65100PE,0.00,0.00,0.00,10741.15,10741.15,10741.15,56264.30,8825.40,30,0,0,0.00,0,F1,30,,,,,
2026-04-27,2026-04-27,FO,NSE,IDO,67922,,BANKNIFTY,,2026-04-28,2026-04-28,64700.00,PE,BANKNIFTY26APR64700PE,0.00,0.00,0.00,11578.15,11578.15,11578.15,56264.30,8425.45,60,0,0,0.00,0,F1,30,,,,,
2026-04-27,2026-04-27,FO,NSE,IDO,67867,,BANKNIFTY,,2026-04-28,2026-04-28,63400.00,PE,BANKNIFTY26APR63400PE,0.00,0.00,0.00,10690.60,10690.60,10690.60,56264.30,7125.65,210,0,0,0.00,0,F1,30,,,,,
2026-04-27,2026-04-27,FO,NSE,IDO,67859,,BANKNIFTY,,2026-04-28,2026-04-28,63100.00,PE,BANKNIFTY26APR63100PE,0.00,0.00,0.00,6450.10,6450.10,6450.10,56264.30,6825.70,90,0,0,0.00,0,F1,30,,,,,
2026-04-27,2026-04-27,FO,NSE,IDO,67729,,BANKNIFTY,,2026-04-28,2026-04-28,60700.00,PE,BANKNIFTY26APR60700PE,0.00,0.00,0.00,4900.00,4900.00,4900.00,56264.30,4426.10,1260,0,0,0.00,0,F1,30,,,,,
2026-04-27,2026-04-27,FO,NSE,IDO,67529,,BANKNIFTY,,2026-04-28,2026-04-28,56000.00,PE,BANKNIFTY26APR56000PE,370.00,370.00,105.50,128.55,111.00,381.70,56264.30,128.55,670470,12810,974000,1642226905146.00,554354,F1,30,,,,,
2026-04-27,2026-04-27,FO,NSE,IDO,67477,,BANKNIFTY,,2026-04-28,2026-04-28,54100.00,PE,BANKNIFTY26APR54100PE,29.85,29.85,3.25,5.50,4.00,43.10,56264.30,5.50,54480,-16830,29536,47944289839.50,16077,F1,30,,,,,
2026-04-27,2026-04-27,FO,NSE,IDO,67467,,BANKNIFTY,,2026-04-28,2026-04-28,53600.00,PE,BANKNIFTY26APR53600PE,23.70,23.70,2.40,4.05,5.90,26.60,56264.30,4.05,50190,-25560,17601,28305369648.00,10402,F1,30,,,,,
2026-04-27,2026-04-27,FO,NSE,IDO,67445,,BANKNIFTY,,2026-04-28,2026-04-28,52500.00,PE,BANKNIFTY26APR52500PE,7.00,7.00,1.20,2.30,1.65,11.90,56264.30,2.30,315600,-105900,54693,86146738209.00,16741,F1,30,,,,,
2026-04-27,2026-04-27,FO,NSE,IDO,67429,,BANKNIFTY,,2026-04-28,2026-04-28,51700.00,PE,BANKNIFTY26APR51700PE,2.65,3.80,1.35,2.15,1.90,8.35,56264.30,2.15,26220,-1500,675,1046975008.50,359,F1,30,,,,,
2026-04-27,2026-04-27,FO,NSE,IDO,67393,,BANKNIFTY,,2026-04-28,2026-04-28,50000.00,PE,BANKNIFTY26APR50000PE,3.05,3.85,1.00,1.55,1.40,3.95,56264.30,1.55,409230,-175950,17847,26771552575.50,4908,F1,30,,,,,
2026-04-27,2026-04-27,FO,NSE,IDO,67314,,BANKNIFTY,,2026-04-28,2026-04-28,48800.00,PE,BANKNIFTY26APR48800PE,2.00,3.90,1.00,2.00,1.15,2.45,56264.30,2.00,9180,-300,60,87843414.00,32,F1,30,,,,,
2026-04-27,2026-04-27,FO,NSE,IDO,67310,,BANKNIFTY,,2026-04-28,2026-04-28,48700.00,PE,BANKNIFTY26APR48700PE,1.90,4.60,0.80,1.20,1.60,2.60,56264.30,1.20,11100,-120,33,48214645.50,24,F1,30,,,,,
2026-04-27,2026-04-27,FO,NSE,IDO,67302,,BANKNIFTY,,2026-04-28,2026-04-28,48300.00,PE,BANKNIFTY26APR48300PE,1.90,1.90,1.00,1.50,1.50,2.15,56264.30,0.00,4020,0,13,18837573.00,7,F1,30,,,,,
2026-04-27,2026-04-27,FO,NSE,IDO,67244,,BANKNIFTY,,2026-04-28,2026-04-28,47200.00,PE,BANKNIFTY26APR47200PE,2.75,6.15,0.65,2.80,0.65,2.00,56264.30,2.80,1170,-270,58,82132054.50,17,F1,30,,,,,
2026-04-27,2026-04-27,FO,NSE,IDO,67242,,BANKNIFTY,,2026-04-28,2026-04-28,47100.00,PE,BANKNIFTY26APR47100PE,1.90,1.90,1.00,1.20,1.05,2.10,56264.30,1.20,16050,-180,22,31086907.50,12,F1,30,,,,,
2026-04-27,2026-04-27,FO,NSE,IDO,67208,,BANKNIFTY,,2026-04-28,2026-04-28,46000.00,PE,BANKNIFTY26APR46000PE,1.20,1.50,0.50,1.15,1.10,1.75,56264.30,1.15,121200,-29400,2260,3118874965.50,727,F1,30,,,,,
2026-04-27,2026-04-27,FO,NSE,IDO,67168,,BANKNIFTY,,2026-04-28,2026-04-28,45600.00,PE,BANKNIFTY26APR45600PE,0.00,0.00,0.00,0.20,0.00,0.20,56264.30,0.00,0,0,0,0.00,0,F1,30,,,,,
2026-04-27,2026-04-27,FO,NSE,IDO,76400,,BANKNIFTY,,2027-03-30,2027-03-30,58500.00,CE,BANKNIFTY27MAR58500CE,0.00,0.00,0.00,2367.80,0.00,2367.80,56264.30,5069.45,0,0,0,0.00,0,F1,30,,,,,
2026-04-27,2026-04-27,FO,NSE,IDO,52360,,BANKNIFTY,,2026-09-29,2026-09-29,60000.00,CE,BANKNIFTY26SEP60000CE,1500.00,1500.00,1500.00,1500.00,1500.00,3017.70,56264.30,2197.75,30,30,1,1845000.00,1,F1,30,,,,,
2026-04-27,2026-04-27,FO,NSE,IDO,52297,,BANKNIFTY,,2026-09-29,2026-09-29,55500.00,CE,BANKNIFTY26SEP55500CE,0.00,0.00,0.00,5045.05,0.00,5045.05,56264.30,4278.30,0,0,0,0.00,0,F1,30,,,,,
2026-04-27,2026-04-27,FO,NSE,IDO,75838,,BANKNIFTY,,2026-06-30,2026-06-30,60500.00,CE,BANKNIFTY26JUN60500CE,0.00,0.00,0.00,100.65,0.00,100.65,56264.30,748.80,0,0,0,0.00,0,F1,30,,,,,
2026-04-27,2026-04-27,FO,NSE,IDO,75757,,BANKNIFTY,,2026-06-30,2026-06-30,58300.00,CE,BANKNIFTY26JUN58300CE,0.00,0.00,0.00,1070.15,1037.30,1070.15,56264.30,1396.70,480,0,0,0.00,0,F1,30,,,,,
2026-04-27,2026-04-27,FO,NSE,IDO,75753,,BANKNIFTY,,2026-06-30,2026-06-30,58100.00,CE,BANKNIFTY26JUN58100CE,0.00,0.00,0.00,1130.30,1130.30,1130.30,56264.30,1472.15,300,0,0,0.00,0,F1,30,,,,,
2026-04-27,2026-04-27,FO,NSE,IDO,75624,,BANKNIFTY,,2026-06-30,2026-06-30,56300.00,CE,BANKNIFTY26JUN56300CE,2034.25,2034.25,2031.30,2031.30,2031.30,2062.55,56264.30,2287.50,150,-30,2,3499966.50,2,F1,30,,,,,
2026-04-27,2026-04-27,FO,NSE,IDO,75602,,BANKNIFTY,,2026-06-30,2026-06-30,55100.00,CE,BANKNIFTY26JUN55100CE,0.00,0.00,0.00,3080.00,3080.00,3080.00,56264.30,2971.15,90,0,0,0.00,0,F1,30,,,,,
2026-04-27,2026-04-27,FO,NSE,IDO,75567,,BANKNIFTY,,2026-06-30,2026-06-30,53400.00,CE,BANKNIFTY26JUN53400CE,0.00,0.00,0.00,1118.70,0.00,1118.70,56264.30,4126.65,0,0,0,0.00,0,F1,30,,,,,
2026-04-27,2026-04-27,FO,NSE,IDO,75442,,BANKNIFTY,,2026-06-30,2026-06-30,51800.00,CE,BANKNIFTY26JUN51800CE,0.00,0.00,0.00,5406.90,5406.90,5406.90,56264.30,5388.50,420,0,0,0.00,0,F1,30,,,,,
2026-04-27,2026-04-27,FO,NSE,IDO,75292,,BANKNIFTY,,2026-06-30,2026-06-30,50200.00,CE,BANKNIFTY26JUN50200CE,0.00,0.00,0.00,2484.75,0.00,2484.75,56264.30,6781.60,0,0,0,0.00,0,F1,30,,,,,
2026-04-27,2026-04-27,FO,NSE,IDO,75286,,BANKNIFTY,,2026-06-30,2026-06-30,49900.00,CE,BANKNIFTY26JUN49900CE,0.00,0.00,0.00,2653.05,0.00,2653.05,56264.30,7054.05,0,0,0,0.00,0,F1,30,,,,,
2026-04-27,2026-04-27,FO,NSE,IDO,75004,,BANKNIFTY,,2026-06-30,2026-06-30,44500.00,CE,BANKNIFTY26JUN44500CE,0.00,0.00,0.00,6735.30,0.00,6735.30,56264.30,12252.40,0,0,0,0.00,0,F1,30,,,,,
2026-04-27,2026-04-27,FO,NSE,IDO,68221,,BANKNIFTY,,2026-05-26,2026-05-26,66000.00,CE,BANKNIFTY26MAY66000CE,6.35,6.55,4.75,4.90,4.75,6.35,56264.30,4.90,52830,5640,1697,3360338638.50,678,F1,30,,,,,
2026-04-27,2026-04-27,FO,NSE,IDO,68207,,BANKNIFTY,,2026-05-26,2026-05-26,65500.00,CE,BANKNIFTY26MAY65500CE,9.40,9.40,6.00,6.20,6.00,8.50,56264.30,6.20,5250,1560,99,194556528.00,53,F1,30,,,,,
2026-04-27,2026-04-27,FO,NSE,IDO,68166,,BANKNIFTY,,2026-05-26,2026-05-26,64400.00,CE,BANKNIFTY26MAY64400CE,11.65,11.65,10.50,10.50,10.50,11.65,56264.30,18.75,330,-30,6,11594062.50,3,F1,30,,,,,
2026-04-27,2026-04-27,FO,NSE,IDO,68154,,BANKNIFTY,,2026-05-26,2026-05-26,64100.00,CE,BANKNIFTY26MAY64100CE,15.35,15.40,11.85,13.40,14.90,20.75,56264.30,13.40,270,-60,12,23081068.50,9,F1,30,,,,,
2026-04-27,2026-04-27,FO,NSE,IDO,68108,,BANKNIFTY,,2026-05-26,2026-05-26,62100.00,CE,BANKNIFTY26MAY62100CE,39.60,40.00,32.40,32.40,32.40,40.80,56264.30,32.40,960,240,40,74566176.00,25,F1,30,,,,,
2026-04-27,2026-04-27,FO,NSE,IDO,68092,,BANKNIFTY,,2026-05-26,2026-05-26,61500.00,CE,BANKNIFTY26MAY61500CE,63.05,72.55,45.95,48.25,49.10,59.75,56264.30,48.25,97650,30600,2833,5231581980.00,1595,F1,30,,,,,
2026-04-27,2026-04-27,FO,NSE,IDO,67992,,BANKNIFTY,,2026-05-26,2026-05-26,59900.00,CE,BANKNIFTY26MAY59900CE,175.00,190.95,160.00,163.45,162.00,183.70,56264.30,163.45,11700,1020,232,418097631.00,167,F1,30,,,,,
2026-04-27,2026-04-27,FO,NSE,IDO,67660,,BANKNIFTY,,2026-05-26,2026-05-26,59000.00,CE,BANKNIFTY26MAY59000CE,356.05,370.95,290.25,314.40,318.00,342.70,56264.30,314.40,333450,19590,12260,21819784060.50,6710,F1,30,,,,,
2026-04-27,2026-04-27,FO,NSE,IDO,67596,,BANKNIFTY,,2026-05-26,2026-05-26,57800.00,CE,BANKNIFTY26MAY57800CE,755.00,755.00,611.00,670.90,673.85,723.20,56264.30,670.90,7380,870,220,385984167.00,148,F1,30,,,,,
2026-04-27,2026-04-27,FO,NSE,IDO,67589,,BANKNIFTY,,2026-05-26,2026-05-26,57500.00,CE,BANKNIFTY26MAY57500CE,888.00,895.00,706.55,796.15,800.00,826.65,56264.30,796.15,109830,29310,5347,9352283310.00,3958,F1,30,,,,,
2026-04-27,2026-04-27,FO,NSE,IDO,67580,,BANKNIFTY,,2026-05-26,2026-05-26,57100.00,CE,BANKNIFTY26MAY57100CE,995.00,1097.05,879.70,983.40,967.70,1020.50,56264.30,983.40,8850,2310,669,1165510734.00,483,F1,30,,,,,
2026-04-27,2026-04-27,FO,NSE,IDO,67578,,BANKNIFTY,,2026-05-26,2026-05-26,57000.00,CE,BANKNIFTY26MAY57000CE,1114.95,1158.35,914.05,1034.15,1035.00,1065.85,56264.30,1034.15,420630,25710,13473,23454903786.00,9548,F1,30,,,,,
2026-04-27,2026-04-27,FO,NSE,IDO,67564,,BANKNIFTY,,2026-05-26,2026-05-26,56400.00,CE,BANKNIFTY26MAY56400CE,1348.95,1489.90,1208.00,1359.30,1360.00,1383.50,56264.30,1359.30,15480,5430,1518,2630473737.00,1197,F1,30,,,,,
2026-04-27,2026-04-27,FO,NSE,IDO,67290,,BANKNIFTY,,2026-05-26,2026-05-26,56000.00,CE,BANKNIFTY26MAY56000CE,1649.95,1749.75,1421.00,1598.20,1599.85,1607.20,56264.30,1598.20,408990,195210,18122,31301476818.00,14799,F1,30,,,,,
2026-04-27,2026-04-27,FO,NSE,IDO,67267,,BANKNIFTY,,2026-05-26,2026-05-26,55200.00,CE,BANKNIFTY26MAY55200CE,2044.00,2180.15,2026.25,2097.15,2097.15,2158.70,56264.30,2097.15,2190,-30,7,12031533.00,7,F1,30,,,,,
2026-04-27,2026-04-27,FO,NSE,IDO,67255,,BANKNIFTY,,2026-05-26,2026-05-26,54800.00,CE,BANKNIFTY26MAY54800CE,2349.75,2507.90,2278.95,2507.90,2507.90,2344.00,56264.30,2354.50,2400,90,10,17147020.50,10,F1,30,,,,,
2026-04-27,2026-04-27,FO,NSE,IDO,67215,,BANKNIFTY,,2026-05-26,2026-05-26,54400.00,CE,BANKNIFTY26MAY54400CE,2786.00,2810.35,2512.40,2630.00,2630.00,2728.25,56264.30,2638.90,2370,570,42,72016560.00,28,F1,30,,,,,
2026-04-27,2026-04-27,FO,NSE,IDO,67196,,BANKNIFTY,,2026-05-26,2026-05-26,53800.00,CE,BANKNIFTY26MAY53800CE,3265.65,3265.65,3021.50,3021.50,3021.50,3314.85,56264.30,3090.15,3930,-60,5,8533201.50,4,F1,30,,,,,
2026-04-27,2026-04-27,FO,NSE,IDO,67080,,BANKNIFTY,,2026-05-26,2026-05-26,52300.00,CE,BANKNIFTY26MAY52300CE,0.00,0.00,0.00,4548.75,4539.55,4548.75,56264.30,4353.65,870,0,0,0.00,0,F1,30,,,,,
2026-04-27,2026-04-27,FO,NSE,IDO,66636,,BANKNIFTY,,2026-05-26,2026-05-26,48300.00,CE,BANKNIFTY26MAY48300CE,0.00,0.00,0.00,13543.45,0.00,13543.45,56264.30,8190.60,0,0,0,0.00,0,F1,30,,,,,
2026-04-27,2026-04-27,FO,NSE,IDO,66656,,BANKNIFTY,,2026-05-26,2026-05-26,49200.00,CE,BANKNIFTY26MAY49200CE,0.00,0.00,0.00,12659.35,0.00,12659.35,56264.30,7301.50,0,0,0,0.00,0,F1,30,,,,,
2026-04-27,2026-04-27,FO,NSE,IDO,66662,,BANKNIFTY,,2026-05-26,2026-05-26,49500.00,CE,BANKNIFTY26MAY49500CE,7168.75,7168.75,6930.00,7004.70,7004.70,7159.85,56264.30,7006.65,3300,30,8,13573650.00,4,F1,30,,,,,
2026-04-27,2026-04-27,FO,NSE,IDO,67916,,BANKNIFTY,,2026-04-28,2026-04-28,64400.00,PE,BANKNIFTY26APR64400PE,0.00,0.00,0.00,13239.60,13239.60,13239.60,56264.30,8125.50,90,0,0,0.00,0,F1,30,,,,,
2026-04-27,2026-04-27,FO,NSE,IDO,67918,,BANKNIFTY,,2026-04-28,2026-04-28,64500.00,PE,BANKNIFTY26APR64500PE,0.00,0.00,0.00,11275.00,11275.00,11275.00,56264.30,8225.45,90,0,0,0.00,0,F1,30,,,,,
2026-04-27,2026-04-27,FO,NSE,IDO,67926,,BANKNIFTY,,2026-04-28,2026-04-28,64900.00,PE,BANKNIFTY26APR64900PE,0.00,0.00,0.00,10543.85,10543.85,10543.85,56264.30,8625.40,30,0,0,0.00,0,F1,30,,,,,
2026-04-27,2026-04-27,FO,NSE,IDO,66459,,BANKNIFTY,,2026-05-26,2026-05-26,43000.00,PE,BANKNIFTY26MAY43000PE,12.50,14.45,10.05,10.70,11.50,15.70,56264.30,10.70,17280,1980,305,393556785.00,171,F1,30,,,,,
2026-04-27,2026-04-27,FO,NSE,IDO,66465,,BANKNIFTY,,2026-05-26,2026-05-26,44500.00,PE,BANKNIFTY26MAY44500PE,19.00,19.50,16.25,17.05,17.00,23.00,56264.30,17.05,1230,270,27,36059005.50,20,F1,30,,,,,
2026-04-27,2026-04-27,FO,NSE,IDO,66467,,BANKNIFTY,,2026-05-26,2026-05-26,45000.00,PE,BANKNIFTY26MAY45000PE,25.95,25.95,17.00,17.95,18.00,29.05,56264.30,17.95,27060,6720,912,1231754265.00,531,F1,30,,,,,
2026-04-27,2026-04-27,FO,NSE,IDO,66569,,BANKNIFTY,,2026-05-26,2026-05-26,46900.00,PE,BANKNIFTY26MAY46900PE,0.00,0.00,0.00,0.20,0.00,0.20,56264.30,0.80,0,0,0,0.00,0,F1,30,,,,,
2026-04-27,2026-04-27,FO,NSE,IDO,66639,,BANKNIFTY,,2026-05-26,2026-05-26,48400.00,PE,BANKNIFTY26MAY48400PE,0.00,0.00,0.00,0.90,0.00,0.90,56264.30,4.70,0,0,0,0.00,0,F1,30,,,,,
2026-04-27,2026-04-27,FO,NSE,IDO,66651,,BANKNIFTY,,2026-05-26,2026-05-26,48900.00,PE,BANKNIFTY26MAY48900PE,0.00,0.00,0.00,1.40,0.00,1.40,56264.30,8.05,0,0,0,0.00,0,F1,30,,,,,
2026-04-27,2026-04-27,FO,NSE,IDO,66657,,BANKNIFTY,,2026-05-26,2026-05-26,49200.00,PE,BANKNIFTY26MAY49200PE,75.75,82.85,59.00,66.00,59.60,68.30,56264.30,66.00,1620,-180,249,368062179.00,100,F1,30,,,,,
2026-04-27,2026-04-27,FO,NSE,IDO,66684,,BANKNIFTY,,2026-05-26,2026-05-26,50000.00,PE,BANKNIFTY26MAY50000PE,105.80,111.00,78.80,82.65,81.55,126.15,56264.30,82.65,389580,74490,8328,12515198715.00,4265,F1,30,,,,,
2026-04-27,2026-04-27,FO,NSE,IDO,66747,,BANKNIFTY,,2026-05-26,2026-05-26,50300.00,PE,BANKNIFTY26MAY50300PE,0.00,0.00,0.00,1163.35,1188.90,1163.35,56264.30,31.10,1140,0,0,0.00,0,F1,30,,,,,
2026-04-27,2026-04-27,FO,NSE,IDO,67573,,BANKNIFTY,,2026-05-26,2026-05-26,56800.00,PE,BANKNIFTY26MAY56800PE,1357.90,1528.50,1259.60,1288.50,1300.00,1428.05,56264.30,1288.50,66300,-150,279,486819916.50,208,F1,30,,,,,
2026-04-27,2026-04-27,FO,NSE,IDO,67583,,BANKNIFTY,,2026-05-26,2026-05-26,57200.00,PE,BANKNIFTY26MAY57200PE,1574.00,1733.10,1440.00,1471.85,1477.60,1659.55,56264.30,1471.85,8850,630,159,280063506.00,133,F1,30,,,,,
2026-04-27,2026-04-27,FO,NSE,IDO,67167,,BANKNIFTY,,2026-04-28,2026-04-28,45600.00,CE,BANKNIFTY26APR45600CE,0.00,0.00,0.00,10525.75,10525.75,10525.75,56264.30,10671.55,0,0,0,0.00,0,F1,30,,,,,
2026-04-27,2026-04-27,FO,NSE,IDO,67316,,BANKNIFTY,,2026-04-28,2026-04-28,48900.00,CE,BANKNIFTY26APR48900CE,0.00,0.00,0.00,6900.00,6900.00,6900.00,56264.30,7372.10,810,0,0,0.00,0,F1,30,,,,,
2026-04-27,2026-04-27,FO,NSE,IDO,67340,,BANKNIFTY,,2026-04-28,2026-04-28,49400.00,CE,BANKNIFTY26APR49400CE,0.00,0.00,0.00,6267.50,6267.50,6267.50,56264.30,6872.15,3150,0,0,0.00,0,F1,30,,,,,
2026-04-27,2026-04-27,FO,NSE,IDO,67384,,BANKNIFTY,,2026-04-28,2026-04-28,49800.00,CE,BANKNIFTY26APR49800CE,0.00,0.00,0.00,6308.00,6308.00,6308.00,56264.30,6472.25,6390,0,0,0.00,0,F1,30,,,,,
2026-04-27,2026-04-27,FO,NSE,IDO,67402,,BANKNIFTY,,2026-04-28,2026-04-28,50400.00,CE,BANKNIFTY26APR50400CE,5881.65,6012.25,5881.65,6004.55,6004.55,5835.00,56264.30,5872.35,26430,-690,23,38876847.00,16,F1,30,,,,,
2026-04-27,2026-04-27,FO,NSE,IDO,67404,,BANKNIFTY,,2026-04-28,2026-04-28,50500.00,CE,BANKNIFTY26APR50500CE,5740.00,5900.00,5550.00,5860.55,5876.20,5740.00,56264.30,5860.55,85920,0,73,123374320.50,50,F1,30,,,,,
2026-04-27,2026-04-27,FO,NSE,IDO,67414,,BANKNIFTY,,2026-04-28,2026-04-28,51000.00,CE,BANKNIFTY26APR51000CE,5593.95,5594.00,4948.25,5337.60,5370.00,5194.20,56264.30,5337.60,136920,-6510,361,609236044.50,311,F1,30,,,,,
2026-04-27,2026-04-27,FO,NSE,IDO,67450,,BANKNIFTY,,2026-04-28,2026-04-28,52800.00,CE,BANKNIFTY26APR52800CE,3275.00,3500.00,3275.00,3500.00,3500.00,3100.00,56264.30,3472.70,18960,0,2,3371250.00,2,F1,30,,,,,
2026-04-27,2026-04-27,FO,NSE,IDO,67452,,BANKNIFTY,,2026-04-28,2026-04-28,52900.00,CE,BANKNIFTY26APR52900CE,3350.00,3450.00,3100.00,3443.10,3443.10,3346.70,56264.30,3443.10,19230,-630,24,40358551.50,10,F1,30,,,,,
2026-04-27,2026-04-27,FO,NSE,IDO,67595,,BANKNIFTY,,2026-05-26,2026-05-26,57700.00,PE,BANKNIFTY26MAY57700PE,2000.00,2000.00,1709.05,1709.10,1709.05,1916.55,56264.30,1709.10,1830,60,9,16067538.00,7,F1,30,,,,,
2026-04-27,2026-04-27,FO,NSE,IDO,67995,,BANKNIFTY,,2026-05-26,2026-05-26,59900.00,PE,BANKNIFTY26MAY59900PE,3482.05,3703.80,3324.65,3389.40,3389.40,3410.65,56264.30,3667.25,810,-30,10,19020999.00,10,F1,30,,,,,
2026-04-27,2026-04-27,FO,NSE,IDO,68051,,BANKNIFTY,,2026-05-26,2026-05-26,60600.00,PE,BANKNIFTY26MAY60600PE,0.00,0.00,0.00,4012.60,4012.60,4012.60,56264.30,4268.60,1050,0,0,0.00,0,F1,30,,,,,
2026-04-27,2026-04-27,FO,NSE,IDO,68087,,BANKNIFTY,,2026-05-26,2026-05-26,61200.00,PE,BANKNIFTY26MAY61200PE,0.00,0.00,0.00,8804.90,8804.90,8804.90,56264.30,4805.25,240,0,0,0.00,0,F1,30,,,,,
2026-04-27,2026-04-27,FO,NSE,IDO,75571,,BANKNIFTY,,2026-06-30,2026-06-30,53600.00,CE,BANKNIFTY26JUN53600CE,0.00,0.00,0.00,1057.85,0.00,1057.85,56264.30,3981.95,0,0,0,0.00,0,F1,30,,,,,
2026-04-27,2026-04-27,FO,NSE,IDO,75434,,BANKNIFTY,,2026-06-30,2026-06-30,51600.00,CE,BANKNIFTY26JUN51600CE,0.00,0.00,0.00,5579.30,5579.30,5579.30,56264.30,5556.30,240,0,0,0.00,0,F1,30,,,,,
2026-04-27,2026-04-27,FO,NSE,IDO,75284,,BANKNIFTY,,2026-06-30,2026-06-30,49800.00,CE,BANKNIFTY26JUN49800CE,0.00,0.00,0.00,2710.70,0.00,2710.70,56264.30,7145.50,0,0,0,0.00,0,F1,30,,,,,
2026-04-27,2026-04-27,FO,NSE,IDO,75231,,BANKNIFTY,,2026-06-30,2026-06-30,48100.00,CE,BANKNIFTY26JUN48100CE,0.00,0.00,0.00,3809.00,0.00,3809.00,56264.30,8740.75,0,0,0,0.00,0,F1,30,,,,,
2026-04-27,2026-04-27,FO,NSE,IDO,57697,,BANKNIFTY,,2026-06-30,2026-06-30,48000.00,CE,BANKNIFTY26JUN48000CE,0.00,0.00,0.00,12636.60,0.00,12636.60,56264.30,8836.50,0,0,0,0.00,0,F1,30,,,,,
2026-04-27,2026-04-27,FO,NSE,IDO,75181,,BANKNIFTY,,2026-06-30,2026-06-30,47200.00,CE,BANKNIFTY26JUN47200CE,0.00,0.00,0.00,4471.30,0.00,4471.30,56264.30,9607.70,0,0,0,0.00,0,F1,30,,,,,
2026-04-27,2026-04-27,FO,NSE,IDO,75174,,BANKNIFTY,,2026-06-30,2026-06-30,47000.00,CE,BANKNIFTY26JUN47000CE,0.00,0.00,0.00,10009.65,10009.65,10009.65,56264.30,9801.80,0,0,0,0.00,0,F1,30,,,,,
2026-04-27,2026-04-27,FO,NSE,IDO,75160,,BANKNIFTY,,2026-06-30,2026-06-30,46300.00,CE,BANKNIFTY26JUN46300CE,0.00,0.00,0.00,5185.20,0.00,5185.20,56264.30,10484.05,0,0,0,0.00,0,F1,30,,,,,
2026-04-27,2026-04-27,FO,NSE,IDO,67727,,BANKNIFTY,,2026-04-28,2026-04-28,60600.00,PE,BANKNIFTY26APR60600PE,4200.00,4200.00,4200.00,4200.00,4200.00,3265.60,56264.30,4326.10,1440,-60,2,3888000.00,1,F1,30,,,,,
2026-04-27,2026-04-27,FO,NSE,IDO,67632,,BANKNIFTY,,2026-04-28,2026-04-28,58400.00,PE,BANKNIFTY26APR58400PE,0.00,0.00,0.00,2539.70,2539.70,2539.70,56264.30,2126.50,1950,0,0,0.00,0,F1,30,,,,,
2026-04-27,2026-04-27,FO,NSE,IDO,67561,,BANKNIFTY,,2026-04-28,2026-04-28,57600.00,PE,BANKNIFTY26APR57600PE,1253.65,1680.50,1140.00,1296.00,1272.75,1469.55,56264.30,1296.00,80520,-540,131,231854899.50,91,F1,30,,,,,
2026-04-27,2026-04-27,FO,NSE,IDO,67512,,BANKNIFTY,,2026-04-28,2026-04-28,55300.00,CE,BANKNIFTY26APR55300CE,1183.75,1274.30,741.00,1066.80,1103.45,1050.55,56264.30,1066.80,12810,-2760,1137,1918735450.50,744,F1,30,,,,,
2026-04-27,2026-04-27,FO,NSE,IDO,67542,,BANKNIFTY,,2026-04-28,2026-04-28,56700.00,CE,BANKNIFTY26APR56700CE,271.00,275.80,65.50,120.05,131.80,251.05,56264.30,120.05,320400,102480,273470,466135558740.00,162145,F1,30,,,,,
2026-04-27,2026-04-27,FO,NSE,IDO,67761,,BANKNIFTY,,2026-04-28,2026-04-28,61000.00,CE,BANKNIFTY26APR61000CE,1.35,2.35,1.20,1.60,1.70,2.60,56264.30,1.60,443130,-163020,33990,62203201600.50,7012,F1,30,,,,,
2026-04-27,2026-04-27,FO,NSE,IDO,67784,,BANKNIFTY,,2026-04-28,2026-04-28,61600.00,CE,BANKNIFTY26APR61600CE,1.65,2.50,1.20,1.75,1.70,1.75,56264.30,1.75,6900,810,165,304927966.50,129,F1,30,,,,,
2026-04-27,2026-04-27,FO,NSE,IDO,67891,,BANKNIFTY,,2026-04-28,2026-04-28,64200.00,CE,BANKNIFTY26APR64200CE,1.15,1.45,0.20,0.85,0.90,0.70,56264.30,0.85,6930,-210,304,585513229.50,137,F1,30,,,,,
2026-04-27,2026-04-27,FO,NSE,IDO,68196,,BANKNIFTY,,2026-04-28,2026-04-28,66500.00,CE,BANKNIFTY26APR66500CE,0.80,3.25,0.35,1.55,1.00,0.80,56264.30,1.55,6060,-180,83,165587253.00,41,F1,30,,,,,
2026-04-27,2026-04-27,FO,NSE,IDO,66527,,BANKNIFTY,,2026-05-26,2026-05-26,46500.00,CE,BANKNIFTY26MAY46500CE,0.00,0.00,0.00,10600.00,10600.00,10600.00,56264.30,9978.55,3240,0,0,0.00,0,F1,30,,,,,
2026-04-27,2026-04-27,FO,NSE,IDO,67275,,BANKNIFTY,,2026-04-28,2026-04-28,48000.00,PE,BANKNIFTY26APR48000PE,1.50,3.20,0.95,1.55,1.10,2.70,56264.30,1.55,189060,-50400,6356,9152938260.00,2586,F1,30,,,,,
2026-04-27,2026-04-27,FO,NSE,IDO,67265,,BANKNIFTY,,2026-04-28,2026-04-28,47700.00,PE,BANKNIFTY26APR47700PE,1.60,1.60,1.30,1.30,1.30,1.65,56264.30,0.00,900,0,2,2862087.00,2,F1,30,,,,,
2026-04-27,2026-04-27,FO,NSE,IDO,67261,,BANKNIFTY,,2026-04-28,2026-04-28,47600.00,PE,BANKNIFTY26APR47600PE,1.10,1.40,1.10,1.40,1.40,3.50,56264.30,0.00,960,0,2,2856075.00,2,F1,30,,,,,
2026-04-27,2026-04-27,FO,NSE,IDO,52272,,BANKNIFTY,,2026-09-29,2026-09-29,48000.00,CE,BANKNIFTY26SEP48000CE,0.00,0.00,0.00,10080.05,0.00,10080.05,56264.30,9817.45,0,0,0,0.00,0,F1,30,,,,,
2026-04-27,2026-04-27,FO,NSE,IDO,75933,,BANKNIFTY,,2026-06-30,2026-06-30,63500.00,CE,BANKNIFTY26JUN63500CE,0.00,0.00,0.00,28.40,0.00,28.40,56264.30,275.45,0,0,0,0.00,0,F1,30,,,,,
2026-04-27,2026-04-27,FO,NSE,IDO,75915,,BANKNIFTY,,2026-06-30,2026-06-30,62900.00,CE,BANKNIFTY26JUN62900CE,0.00,0.00,0.00,638.00,638.00,638.00,56264.30,340.70,30,0,0,0.00,0,F1,30,,,,,
2026-04-27,2026-04-27,FO,NSE,IDO,75901,,BANKNIFTY,,2026-06-30,2026-06-30,62200.00,CE,BANKNIFTY26JUN62200CE,0.00,0.00,0.00,49.95,0.00,49.95,56264.30,433.00,0,0,0,0.00,0,F1,30,,,,,
2026-04-27,2026-04-27,FO,NSE,IDO,75802,,BANKNIFTY,,2026-06-30,2026-06-30,59100.00,CE,BANKNIFTY26JUN59100CE,0.00,0.00,0.00,709.25,709.25,709.25,56264.30,1123.30,930,0,0,0.00,0,F1,30,,,,,
2026-04-27,2026-04-27,FO,NSE,IDO,75638,,BANKNIFTY,,2026-06-30,2026-06-30,57100.00,CE,BANKNIFTY26JUN57100CE,1558.85,1558.85,1558.65,1558.65,1558.65,1519.35,56264.30,1894.20,240,-90,3,5279290.50,3,F1,30,,,,,
2026-04-27,2026-04-27,FO,NSE,IDO,75622,,BANKNIFTY,,2026-06-30,2026-06-30,56200.00,CE,BANKNIFTY26JUN56200CE,2072.85,2072.85,2013.35,2013.35,2013.35,2205.90,56264.30,2340.15,240,30,2,3494586.00,2,F1,30,,,,,
2026-04-27,2026-04-27,FO,NSE,IDO,75594,,BANKNIFTY,,2026-06-30,2026-06-30,54700.00,CE,BANKNIFTY26JUN54700CE,0.00,0.00,0.00,770.45,0.00,770.45,56264.30,3223.75,0,0,0,0.00,0,F1,30,,,,,
2026-04-27,2026-04-27,FO,NSE,IDO,74892,,BANKNIFTY,,2026-06-30,2026-06-30,43000.00,CE,BANKNIFTY26JUN43000CE,0.00,0.00,0.00,8116.30,0.00,8116.30,56264.30,13733.20,0,0,0,0.00,0,F1,30,,,,,
2026-04-27,2026-04-27,FO,NSE,IDO,68160,,BANKNIFTY,,2026-05-26,2026-05-26,64300.00,CE,BANKNIFTY26MAY64300CE,27.20,27.20,9.15,14.95,16.00,60.35,56264.30,14.95,210,-330,71,136983870.00,57,F1,30,,,,,
2026-04-27,2026-04-27,FO,NSE,IDO,68093,,BANKNIFTY,,2026-05-26,2026-05-26,61500.00,PE,BANKNIFTY26MAY61500PE,4900.00,5160.00,4714.30,4800.00,4800.00,5000.00,56264.30,4800.00,3120,1200,46,91613979.00,40,F1,30,,,,,
2026-04-27,2026-04-27,FO,NSE,IDO,68145,,BANKNIFTY,,2026-05-26,2026-05-26,63700.00,PE,BANKNIFTY26MAY63700PE,0.00,0.00,0.00,10342.90,10342.90,10342.90,56264.30,7173.60,30,0,0,0.00,0,F1,30,,,,,
2026-04-27,2026-04-27,FO,NSE,IDO,68190,,BANKNIFTY,,2026-05-26,2026-05-26,64900.00,PE,BANKNIFTY26MAY64900PE,0.00,0.00,0.00,11514.05,11514.05,11514.05,56264.30,8350.30,600,0,0,0.00,0,F1,30,,,,,
2026-04-27,2026-04-27,FO,NSE,IDO,57696,,BANKNIFTY,,2026-06-30,2026-06-30,46500.00,PE,BANKNIFTY26JUN46500PE,0.00,0.00,0.00,110.15,107.75,110.15,56264.30,18.40,4620,0,0,0.00,0,F1,30,,,,,
2026-04-27,2026-04-27,FO,NSE,IDO,75177,,BANKNIFTY,,2026-06-30,2026-06-30,47000.00,PE,BANKNIFTY26JUN47000PE,0.00,0.00,0.00,508.55,0.00,508.55,56264.30,26.05,0,0,0,0.00,0,F1,30,,,,,
2026-04-27,2026-04-27,FO,NSE,IDO,75283,,BANKNIFTY,,2026-06-30,2026-06-30,49700.00,PE,BANKNIFTY26JUN49700PE,0.00,0.00,0.00,289.00,289.00,289.00,56264.30,132.15,1560,0,0,0.00,0,F1,30,,,,,
2026-04-27,2026-04-27,FO,NSE,IDO,75287,,BANKNIFTY,,2026-06-30,2026-06-30,49900.00,PE,BANKNIFTY26JUN49900PE,0.00,0.00,0.00,1383.85,0.00,1383.85,56264.30,146.75,0,0,0,0.00,0,F1,30,,,,,
2026-04-27,2026-04-27,FO,NSE,IDO,75618,,BANKNIFTY,,2026-06-30,2026-06-30,56000.00,CE,BANKNIFTY26JUN56000CE,2275.00,2275.00,2043.10,2225.40,2214.90,2191.40,56264.30,2225.40,18570,6960,553,965586366.00,271,F1,30,,,,,
2026-04-27,2026-04-27,FO,NSE,IDO,57750,,BANKNIFTY,,2026-06-30,2026-06-30,58500.00,CE,BANKNIFTY26JUN58500CE,990.00,1020.10,866.05,922.70,914.20,938.60,56264.30,922.70,34020,2520,546,973093020.00,336,F1,30,,,,,
2026-04-27,2026-04-27,FO,NSE,IDO,75819,,BANKNIFTY,,2026-06-30,2026-06-30,59700.00,CE,BANKNIFTY26JUN59700CE,562.85,585.65,527.50,582.90,582.90,548.80,56264.30,946.60,1470,300,27,48813178.50,20,F1,30,,,,,
2026-04-27,2026-04-27,FO,NSE,IDO,75897,,BANKNIFTY,,2026-06-30,2026-06-30,62000.00,CE,BANKNIFTY26JUN62000CE,187.95,194.80,165.00,173.55,170.00,188.20,56264.30,173.55,5490,900,169,315220659.00,67,F1,30,,,,,
2026-04-27,2026-04-27,FO,NSE,IDO,52439,,BANKNIFTY,,2026-09-29,2026-09-29,69000.00,CE,BANKNIFTY26SEP69000CE,0.00,0.00,0.00,882.60,0.00,882.60,56264.30,402.70,0,0,0,0.00,0,F1,30,,,,,
2026-04-27,2026-04-27,FO,NSE,IDO,53224,,BANKNIFTY,,2026-12-29,2026-12-29,54000.00,CE,BANKNIFTY26DEC54000CE,0.00,0.00,0.00,9099.90,0.00,9099.90,56264.30,6414.70,0,0,0,0.00,0,F1,30,,,,,
2026-04-27,2026-04-27,FO,NSE,IDO,53252,,BANKNIFTY,,2026-12-29,2026-12-29,67500.00,CE,BANKNIFTY26DEC67500CE,0.00,0.00,0.00,2043.80,0.00,2043.80,56264.30,1257.60,0,0,0,0.00,0,F1,30,,,,,
2026-04-27,2026-04-27,FO,NSE,IDO,76390,,BANKNIFTY,,2027-03-30,2027-03-30,51000.00,CE,BANKNIFTY27MAR51000CE,0.00,0.00,0.00,5420.45,0.00,5420.45,56264.30,9480.45,0,0,0,0.00,0,F1,30,,,,,
2026-04-27,2026-04-27,FO,NSE,IDO,76398,,BANKNIFTY,,2027-03-30,2027-03-30,57000.00,CE,BANKNIFTY27MAR57000CE,0.00,0.00,0.00,2831.15,0.00,2831.15,56264.30,5807.40,0,0,0,0.00,0,F1,30,,,,,
2026-04-27,2026-04-27,FO,NSE,IDO,67230,,BANKNIFTY,,2026-04-28,2026-04-28,46500.00,PE,BANKNIFTY26APR46500PE,1.80,1.90,1.10,1.45,1.50,2.00,56264.30,1.45,90420,-5010,934,1302972009.00,391,F1,30,,,,,
2026-04-27,2026-04-27,FO,NSE,IDO,67437,,BANKNIFTY,,2026-04-28,2026-04-28,52100.00,PE,BANKNIFTY26APR52100PE,5.15,5.20,1.60,2.20,1.60,9.95,56264.30,2.20,50670,-6090,2794,4367263905.00,1557,F1,30,,,,,
2026-04-27,2026-04-27,FO,NSE,IDO,67699,,BANKNIFTY,,2026-04-28,2026-04-28,59200.00,PE,BANKNIFTY26APR59200PE,0.00,0.00,0.00,1995.05,1995.05,1995.05,56264.30,2926.30,570,0,0,0.00,0,F1,30,,,,,
2026-04-27,2026-04-27,FO,NSE,IDO,67703,,BANKNIFTY,,2026-04-28,2026-04-28,59400.00,PE,BANKNIFTY26APR59400PE,2985.00,2985.00,2985.00,2985.00,2985.00,2065.35,56264.30,3126.30,930,0,1,1871550.00,1,F1,30,,,,,
2026-04-27,2026-04-27,FO,NSE,IDO,67798,,BANKNIFTY,,2026-04-28,2026-04-28,61900.00,PE,BANKNIFTY26APR61900PE,0.00,0.00,0.00,5911.50,5911.50,5911.50,56264.30,5625.90,390,0,0,0.00,0,F1,30,,,,,
2026-04-27,2026-04-27,FO,NSE,IDO,67815,,BANKNIFTY,,2026-04-28,2026-04-28,62000.00,PE,BANKNIFTY26APR62000PE,5501.00,6030.00,5500.00,5690.85,5684.35,5842.70,56264.30,5690.85,42390,420,702,1427397262.50,678,F1,30,,,,,
2026-04-27,2026-04-27,FO,NSE,IDO,67825,,BANKNIFTY,,2026-04-28,2026-04-28,62400.00,PE,BANKNIFTY26APR62400PE,0.00,0.00,0.00,8086.00,8086.00,8086.00,56264.30,6125.80,210,0,0,0.00,0,F1,30,,,,,
2026-04-27,2026-04-27,FO,NSE,IDO,67832,,BANKNIFTY,,2026-04-28,2026-04-28,62600.00,PE,BANKNIFTY26APR62600PE,0.00,0.00,0.00,8276.20,8276.20,8276.20,56264.30,6325.75,150,0,0,0.00,0,F1,30,,,,,
2026-04-27,2026-04-27,FO,NSE,IDO,67266,,BANKNIFTY,,2026-04-28,2026-04-28,47800.00,CE,BANKNIFTY26APR47800CE,0.00,0.00,0.00,3627.35,3627.35,3627.35,56264.30,8471.90,780,0,0,0.00,0,F1,30,,,,,
2026-04-27,2026-04-27,FO,NSE,IDO,67241,,BANKNIFTY,,2026-04-28,2026-04-28,47100.00,CE,BANKNIFTY26APR47100CE,0.00,0.00,0.00,9026.65,9026.65,9026.65,56264.30,9171.80,660,0,0,0.00,0,F1,30,,,,,
2026-04-27,2026-04-27,FO,NSE,IDO,67298,,BANKNIFTY,,2026-04-28,2026-04-28,48200.00,CE,BANKNIFTY26APR48200CE,0.00,0.00,0.00,4557.50,4557.50,4557.50,56264.30,8072.00,780,0,0,0.00,0,F1,30,,,,,
2026-04-27,2026-04-27,FO,NSE,IDO,75755,,BANKNIFTY,,2026-06-30,2026-06-30,58200.00,CE,BANKNIFTY26JUN58200CE,0.00,0.00,0.00,1086.25,1086.25,1086.25,56264.30,1434.05,360,0,0,0.00,0,F1,30,,,,,
2026-04-27,2026-04-27,FO,NSE,IDO,53255,,BANKNIFTY,,2026-12-29,2026-12-29,69000.00,PE,BANKNIFTY26DEC69000PE,0.00,0.00,0.00,7449.10,0.00,7449.10,56264.30,10906.75,0,0,0,0.00,0,F1,30,,,,,
2026-04-27,2026-04-27,FO,NSE,IDO,53229,,BANKNIFTY,,2026-12-29,2026-12-29,57000.00,PE,BANKNIFTY26DEC57000PE,0.00,0.00,0.00,1442.50,0.00,1442.50,56264.30,3100.60,0,0,0,0.00,0,F1,30,,,,,
2026-04-27,2026-04-27,FO,NSE,IDO,52361,,BANKNIFTY,,2026-09-29,2026-09-29,60000.00,PE,BANKNIFTY26SEP60000PE,0.00,0.00,0.00,4829.45,0.00,4829.45,56264.30,4364.40,0,0,0,0.00,0,F1,30,,,,,
2026-04-27,2026-04-27,FO,NSE,IDO,75918,,BANKNIFTY,,2026-06-30,2026-06-30,62900.00,PE,BANKNIFTY26JUN62900PE,0.00,0.00,0.00,11534.90,0.00,11534.90,56264.30,6291.95,0,0,0,0.00,0,F1,30,,,,,
2026-04-27,2026-04-27,FO,NSE,IDO,75886,,BANKNIFTY,,2026-06-30,2026-06-30,61300.00,PE,BANKNIFTY26JUN61300PE,0.00,0.00,0.00,9999.40,0.00,9999.40,56264.30,4950.25,0,0,0,0.00,0,F1,30,,,,,
2026-04-27,2026-04-27,FO,NSE,IDO,75662,,BANKNIFTY,,2026-06-30,2026-06-30,57500.00,PE,BANKNIFTY26JUN57500PE,2087.35,2205.65,1999.40,2003.30,2003.30,2217.05,56264.30,2003.30,6180,-30,29,51860569.50,26,F1,30,,,,,
2026-04-27,2026-04-27,FO,NSE,IDO,75629,,BANKNIFTY,,2026-06-30,2026-06-30,56500.00,PE,BANKNIFTY26JUN56500PE,1599.20,1727.50,1527.55,1558.10,1543.50,1711.50,56264.30,1558.10,17790,6870,593,1033237909.50,523,F1,30,,,,,
2026-04-27,2026-04-27,FO,NSE,IDO,75619,,BANKNIFTY,,2026-06-30,2026-06-30,56000.00,PE,BANKNIFTY26JUN56000PE,1401.95,1550.00,1353.00,1372.15,1365.00,1538.45,56264.30,1372.15,57090,180,401,690976791.00,299,F1,30,,,,,
2026-04-27,2026-04-27,FO,NSE,IDO,75607,,BANKNIFTY,,2026-06-30,2026-06-30,55300.00,PE,BANKNIFTY26JUN55300PE,1163.40,1163.40,1163.40,1163.40,1163.40,1262.60,56264.30,1283.35,330,-30,1,1693902.00,1,F1,30,,,,,
2026-04-27,2026-04-27,FO,NSE,IDO,75589,,BANKNIFTY,,2026-06-30,2026-06-30,54400.00,PE,BANKNIFTY26JUN54400PE,918.90,920.95,918.90,919.95,920.95,1020.15,56264.30,919.95,270,0,2,3319195.50,2,F1,30,,,,,
2026-04-27,2026-04-27,FO,NSE,IDO,75464,,BANKNIFTY,,2026-06-30,2026-06-30,52700.00,PE,BANKNIFTY26JUN52700PE,577.95,577.95,577.95,577.95,577.95,658.30,56264.30,522.20,330,-30,1,1598338.50,1,F1,30,,,,,
2026-04-27,2026-04-27,FO,NSE,IDO,67313,,BANKNIFTY,,2026-04-28,2026-04-28,48800.00,CE,BANKNIFTY26APR48800CE,0.00,0.00,0.00,3517.65,3517.65,3517.65,56264.30,7472.05,960,0,0,0.00,0,F1,30,,,,,
2026-04-27,2026-04-27,FO,NSE,IDO,75416,,BANKNIFTY,,2026-06-30,2026-06-30,50800.00,PE,BANKNIFTY26JUN50800PE,337.85,337.85,333.30,336.60,333.30,343.45,56264.30,336.60,1050,360,22,33750150.00,10,F1,30,,,,,
2026-04-27,2026-04-27,FO,NSE,IDO,75291,,BANKNIFTY,,2026-06-30,2026-06-30,50100.00,PE,BANKNIFTY26JUN50100PE,0.00,0.00,0.00,1467.25,0.00,1467.25,56264.30,162.60,0,0,0,0.00,0,F1,30,,,,,
2026-04-27,2026-04-27,FO,NSE,IDO,75410,,BANKNIFTY,,2026-06-30,2026-06-30,50500.00,PE,BANKNIFTY26JUN50500PE,359.50,359.50,311.65,311.65,311.65,368.05,56264.30,311.65,3150,150,19,28981792.50,12,F1,30,,,,,
2026-04-27,2026-04-27,FO,NSE,IDO,75456,,BANKNIFTY,,2026-06-30,2026-06-30,52200.00,PE,BANKNIFTY26JUN52200PE,512.30,512.30,493.25,495.65,495.35,456.00,56264.30,495.65,720,0,5,7904926.50,5,F1,30,,,,,
2026-04-27,2026-04-27,FO,NSE,IDO,75468,,BANKNIFTY,,2026-06-30,2026-06-30,52900.00,PE,BANKNIFTY26JUN52900PE,0.00,0.00,0.00,546.55,547.30,546.55,56264.30,564.50,300,0,0,0.00,0,F1,30,,,,,
2026-04-27,2026-04-27,FO,NSE,IDO,75572,,BANKNIFTY,,2026-06-30,2026-06-30,53600.00,PE,BANKNIFTY26JUN53600PE,744.40,744.40,744.40,744.40,744.40,817.95,56264.30,734.40,210,-30,1,1630332.00,1,F1,30,,,,,
2026-04-27,2026-04-27,FO,NSE,IDO,75595,,BANKNIFTY,,2026-06-30,2026-06-30,54700.00,PE,BANKNIFTY26JUN54700PE,989.55,989.55,982.20,985.90,982.20,1090.55,56264.30,985.90,90,0,2,3341152.50,2,F1,30,,,,,
2026-04-27,2026-04-27,FO,NSE,IDO,75597,,BANKNIFTY,,2026-06-30,2026-06-30,54800.00,PE,BANKNIFTY26JUN54800PE,1054.05,1054.05,1019.35,1021.00,1021.00,1155.95,56264.30,1098.85,360,-60,3,5024832.00,3,F1,30,,,,,
2026-04-27,2026-04-27,FO,NSE,IDO,75623,,BANKNIFTY,,2026-06-30,2026-06-30,56200.00,PE,BANKNIFTY26JUN56200PE,1494.15,1494.15,1494.15,1494.15,1494.15,1567.65,56264.30,1664.30,360,0,1,1730824.50,1,F1,30,,,,,
2026-04-27,2026-04-27,FO,NSE,IDO,57760,,BANKNIFTY,,2026-06-30,2026-06-30,61500.00,PE,BANKNIFTY26JUN61500PE,0.00,0.00,0.00,8718.00,8718.00,8718.00,56264.30,5111.85,330,0,0,0.00,0,F1,30,,,,,
2026-04-27,2026-04-27,FO,NSE,IDO,75890,,BANKNIFTY,,2026-06-30,2026-06-30,61600.00,PE,BANKNIFTY26JUN61600PE,0.00,0.00,0.00,10285.50,0.00,10285.50,56264.30,5193.35,0,0,0,0.00,0,F1,30,,,,,
2026-04-27,2026-04-27,FO,NSE,IDO,75900,,BANKNIFTY,,2026-06-30,2026-06-30,62100.00,PE,BANKNIFTY26JUN62100PE,0.00,0.00,0.00,10764.40,0.00,10764.40,56264.30,5607.70,0,0,0,0.00,0,F1,30,,,,,
2026-04-27,2026-04-27,FO,NSE,IDO,75912,,BANKNIFTY,,2026-06-30,2026-06-30,62700.00,PE,BANKNIFTY26JUN62700PE,0.00,0.00,0.00,11341.85,0.00,11341.85,56264.30,6118.60,0,0,0,0.00,0,F1,30,,,,,
2026-04-27,2026-04-27,FO,NSE,IDO,52283,,BANKNIFTY,,2026-09-29,2026-09-29,51000.00,PE,BANKNIFTY26SEP51000PE,705.00,722.60,705.00,722.60,722.60,760.50,56264.30,733.85,540,30,5,7756806.00,3,F1,30,,,,,
2026-04-27,2026-04-27,FO,NSE,IDO,52405,,BANKNIFTY,,2026-09-29,2026-09-29,63000.00,PE,BANKNIFTY26SEP63000PE,0.00,0.00,0.00,6693.90,0.00,6693.90,56264.30,6405.00,0,0,0,0.00,0,F1,30,,,,,
2026-04-27,2026-04-27,FO,NSE,IDO,53217,,BANKNIFTY,,2026-12-29,2026-12-29,48000.00,PE,BANKNIFTY26DEC48000PE,0.00,0.00,0.00,143.70,0.00,143.70,56264.30,549.05,0,0,0,0.00,0,F1,30,,,,,
2026-04-27,2026-04-27,FO,NSE,IDO,76387,,BANKNIFTY,,2027-03-30,2027-03-30,48000.00,PE,BANKNIFTY27MAR48000PE,0.00,0.00,0.00,1572.45,0.00,1572.45,56264.30,763.55,0,0,0,0.00,0,F1,30,,,,,
2026-04-27,2026-04-27,FO,NSE,IDO,76432,,BANKNIFTY,,2027-03-30,2027-03-30,64500.00,PE,BANKNIFTY27MAR64500PE,0.00,0.00,0.00,10820.75,0.00,10820.75,56264.30,7424.20,0,0,0,0.00,0,F1,30,,,,,
2026-04-27,2026-04-27,FO,NSE,IDO,68122,,BANKNIFTY,,2026-05-26,2026-05-26,62700.00,CE,BANKNIFTY26MAY62700CE,29.00,29.00,29.00,29.00,29.00,29.00,56264.30,60.20,780,120,4,7527480.00,1,F1,30,,,,,
2026-04-27,2026-04-27,FO,NSE,IDO,67656,,BANKNIFTY,,2026-05-26,2026-05-26,58900.00,CE,BANKNIFTY26MAY58900CE,384.95,394.65,309.05,339.60,360.00,371.55,56264.30,339.60,6870,930,235,417751440.00,172,F1,30,,,,,
2026-04-27,2026-04-27,FO,NSE,IDO,67598,,BANKNIFTY,,2026-05-26,2026-05-26,57900.00,CE,BANKNIFTY26MAY57900CE,700.00,729.75,558.85,637.65,638.05,681.60,56264.30,637.65,6330,270,161,282724996.50,124,F1,30,,,,,
2026-04-27,2026-04-27,FO,NSE,IDO,67294,,BANKNIFTY,,2026-05-26,2026-05-26,56200.00,CE,BANKNIFTY26MAY56200CE,1550.00,1786.50,1320.00,1482.65,1471.10,1503.70,56264.30,1482.65,17490,8700,2577,4457557945.50,2090,F1,30,,,,,
2026-04-27,2026-04-27,FO,NSE,IDO,67818,,BANKNIFTY,,2026-04-28,2026-04-28,62100.00,PE,BANKNIFTY26APR62100PE,0.00,0.00,0.00,11208.50,11208.50,11208.50,56264.30,5825.85,900,0,0,0.00,0,F1,30,,,,,
2026-04-27,2026-04-27,FO,NSE,IDO,67114,,BANKNIFTY,,2026-05-26,2026-05-26,53000.00,CE,BANKNIFTY26MAY53000CE,3923.45,3950.00,3583.75,3879.80,3900.50,3818.05,56264.30,3879.80,56220,16320,760,1296151315.50,698,F1,30,,,,,
2026-04-27,2026-04-27,FO,NSE,IDO,67084,,BANKNIFTY,,2026-05-26,2026-05-26,52400.00,CE,BANKNIFTY26MAY52400CE,0.00,0.00,0.00,4183.50,4183.50,4183.50,56264.30,4264.60,960,0,0,0.00,0,F1,30,,,,,
2026-04-27,2026-04-27,FO,NSE,IDO,66769,,BANKNIFTY,,2026-05-26,2026-05-26,51300.00,CE,BANKNIFTY26MAY51300CE,5472.00,5472.00,5220.00,5472.00,5472.00,5220.00,56264.30,5271.65,690,30,4,6805080.00,4,F1,30,,,,,
2026-04-27,2026-04-27,FO,NSE,IDO,66761,,BANKNIFTY,,2026-05-26,2026-05-26,50900.00,CE,BANKNIFTY26MAY50900CE,0.00,0.00,0.00,5000.00,5000.00,5000.00,56264.30,5650.20,300,0,0,0.00,0,F1,30,,,,,
2026-04-27,2026-04-27,FO,NSE,IDO,67547,,BANKNIFTY,,2026-04-28,2026-04-28,56900.00,PE,BANKNIFTY26APR56900PE,640.05,984.10,530.65,628.25,602.75,909.25,56264.30,628.25,64830,-6450,7359,12717415783.50,4211,F1,30,,,,,
2026-04-27,2026-04-27,FO,NSE,IDO,67527,,BANKNIFTY,,2026-04-28,2026-04-28,55900.00,PE,BANKNIFTY26APR55900PE,341.45,341.45,80.00,103.40,87.25,342.00,56264.30,103.40,258420,123840,352987,593736987037.50,221523,F1,30,,,,,
2026-04-27,2026-04-27,FO,NSE,IDO,67523,,BANKNIFTY,,2026-04-28,2026-04-28,55700.00,PE,BANKNIFTY26APR55700PE,180.00,200.50,51.00,66.50,54.85,274.00,56264.30,66.50,245370,138210,260195,435670717548.00,162770,F1,30,,,,,
2026-04-27,2026-04-27,FO,NSE,IDO,67499,,BANKNIFTY,,2026-04-28,2026-04-28,55100.00,PE,BANKNIFTY26APR55100PE,76.00,83.80,13.40,17.85,15.15,135.80,56264.30,17.85,102720,27720,103533,171260443156.50,63042,F1,30,,,,,
2026-04-27,2026-04-27,FO,NSE,IDO,67491,,BANKNIFTY,,2026-04-28,2026-04-28,54700.00,PE,BANKNIFTY26APR54700PE,83.90,92.10,6.70,9.55,8.60,86.15,56264.30,9.55,151290,18000,75105,123290042530.50,39736,F1,30,,,,,
2026-04-27,2026-04-27,FO,NSE,IDO,67463,,BANKNIFTY,,2026-04-28,2026-04-28,53400.00,PE,BANKNIFTY26APR53400PE,13.00,13.00,2.55,3.80,2.55,22.00,56264.30,3.80,36030,-48480,13533,21681944055.00,7213,F1,30,,,,,
2026-04-27,2026-04-27,FO,NSE,IDO,67447,,BANKNIFTY,,2026-04-28,2026-04-28,52600.00,PE,BANKNIFTY26APR52600PE,4.20,6.60,2.00,2.60,2.00,13.05,56264.30,2.60,25020,-9390,3013,4754827794.00,2119,F1,30,,,,,
2026-04-27,2026-04-27,FO,NSE,IDO,67433,,BANKNIFTY,,2026-04-28,2026-04-28,51900.00,PE,BANKNIFTY26APR51900PE,4.75,4.75,1.10,1.85,1.55,8.85,56264.30,1.85,18930,-5430,949,1477668757.50,556,F1,30,,,,,
2026-04-27,2026-04-27,FO,NSE,IDO,67425,,BANKNIFTY,,2026-04-28,2026-04-28,51500.00,PE,BANKNIFTY26APR51500PE,3.25,4.15,1.00,1.80,1.00,7.60,56264.30,1.80,182880,-101790,20931,32340009442.50,7212,F1,30,,,,,
2026-04-27,2026-04-27,FO,NSE,IDO,67411,,BANKNIFTY,,2026-04-28,2026-04-28,50800.00,PE,BANKNIFTY26APR50800PE,2.15,2.95,1.30,1.85,1.80,5.65,56264.30,1.85,16050,-3150,411,626389893.00,268,F1,30,,,,,
2026-04-27,2026-04-27,FO,NSE,IDO,67401,,BANKNIFTY,,2026-04-28,2026-04-28,50300.00,PE,BANKNIFTY26APR50300PE,3.70,3.70,1.20,1.85,1.75,5.50,56264.30,1.85,64830,11910,6350,9582519270.00,1883,F1,30,,,,,
2026-04-27,2026-04-27,FO,NSE,IDO,67389,,BANKNIFTY,,2026-04-28,2026-04-28,49900.00,PE,BANKNIFTY26APR49900PE,1.65,3.00,0.50,1.05,0.50,4.45,56264.30,1.05,13350,-870,210,314381317.50,134,F1,30,,,,,
2026-04-27,2026-04-27,FO,NSE,IDO,67385,,BANKNIFTY,,2026-04-28,2026-04-28,49800.00,PE,BANKNIFTY26APR49800PE,1.60,3.20,0.80,1.55,0.80,4.65,56264.30,1.55,25950,-2910,286,427300171.50,161,F1,30,,,,,
2026-04-27,2026-04-27,FO,NSE,IDO,67306,,BANKNIFTY,,2026-04-28,2026-04-28,48500.00,PE,BANKNIFTY26APR48500PE,2.00,3.00,1.35,1.55,1.35,3.00,56264.30,1.55,78450,-5250,1398,2034166348.50,703,F1,30,,,,,
2026-04-27,2026-04-27,FO,NSE,IDO,66609,,BANKNIFTY,,2026-05-26,2026-05-26,47800.00,CE,BANKNIFTY26MAY47800CE,0.00,0.00,0.00,14034.95,0.00,14034.95,56264.30,8686.45,0,0,0,0.00,0,F1,30,,,,,
2026-04-27,2026-04-27,FO,NSE,IDO,66613,,BANKNIFTY,,2026-05-26,2026-05-26,48000.00,CE,BANKNIFTY26MAY48000CE,8500.00,8601.00,8152.60,8503.65,8530.00,8401.15,56264.30,8503.65,8790,2850,99,167356698.00,87,F1,30,,,,,
2026-04-27,2026-04-27,FO,NSE,IDO,66648,,BANKNIFTY,,2026-05-26,2026-05-26,48800.00,CE,BANKNIFTY26MAY48800CE,0.00,0.00,0.00,13052.20,0.00,13052.20,56264.30,7695.95,0,0,0,0.00,0,F1,30,,,,,
2026-04-27,2026-04-27,FO,NSE,IDO,75191,,BANKNIFTY,,2026-06-30,2026-06-30,47600.00,PE,BANKNIFTY26JUN47600PE,0.00,0.00,0.00,641.70,0.00,641.70,56264.30,38.75,0,0,0,0.00,0,F1,30,,,,,
2026-04-27,2026-04-27,FO,NSE,IDO,75107,,BANKNIFTY,,2026-06-30,2026-06-30,45900.00,PE,BANKNIFTY26JUN45900PE,0.00,0.00,0.00,319.25,0.00,319.25,56264.30,11.85,0,0,0,0.00,0,F1,30,,,,,
2026-04-27,2026-04-27,FO,NSE,IDO,68266,,BANKNIFTY,,2026-05-26,2026-05-26,67000.00,PE,BANKNIFTY26MAY67000PE,0.00,0.00,0.00,5284.50,0.00,5284.50,56264.30,10430.10,0,0,0,0.00,0,F1,30,,,,,
2026-04-27,2026-04-27,FO,NSE,IDO,52440,,BANKNIFTY,,2026-09-29,2026-09-29,69000.00,PE,BANKNIFTY26SEP69000PE,0.00,0.00,0.00,11161.45,0.00,11161.45,56264.30,11334.00,0,0,0,0.00,0,F1,30,,,,,
2026-04-27,2026-04-27,FO,NSE,IDO,67335,,BANKNIFTY,,2026-04-28,2026-04-28,49200.00,PE,BANKNIFTY26APR49200PE,2.60,2.60,0.70,1.00,0.70,2.60,56264.30,1.00,29130,-60,335,494473230.00,93,F1,30,,,,,
2026-04-27,2026-04-27,FO,NSE,IDO,67379,,BANKNIFTY,,2026-04-28,2026-04-28,49600.00,PE,BANKNIFTY26APR49600PE,3.05,4.95,0.90,1.10,1.05,3.30,56264.30,1.10,7470,-240,117,174102240.00,87,F1,30,,,,,
2026-04-27,2026-04-27,FO,NSE,IDO,67413,,BANKNIFTY,,2026-04-28,2026-04-28,50900.00,PE,BANKNIFTY26APR50900PE,2.90,3.30,1.00,1.45,1.10,6.15,56264.30,1.45,24210,-840,424,647473581.00,218,F1,30,,,,,
2026-04-27,2026-04-27,FO,NSE,IDO,67453,,BANKNIFTY,,2026-04-28,2026-04-28,52900.00,PE,BANKNIFTY26APR52900PE,5.00,7.15,1.30,2.90,1.30,15.40,56264.30,2.90,22020,-660,3623,5750159907.00,2007,F1,30,,,,,
2026-04-27,2026-04-27,FO,NSE,IDO,67481,,BANKNIFTY,,2026-04-28,2026-04-28,54300.00,PE,BANKNIFTY26APR54300PE,53.65,60.00,4.65,6.25,6.50,53.65,56264.30,6.25,74040,-8880,42613,69429467362.50,24565,F1,30,,,,,
2026-04-27,2026-04-27,FO,NSE,IDO,67489,,BANKNIFTY,,2026-04-28,2026-04-28,54600.00,PE,BANKNIFTY26APR54600PE,42.00,51.10,6.50,8.70,7.20,75.10,56264.30,8.70,110880,-330,65893,107964338119.50,34597,F1,30,,,,,
2026-04-27,2026-04-27,FO,NSE,IDO,67630,,BANKNIFTY,,2026-04-28,2026-04-28,58300.00,PE,BANKNIFTY26APR58300PE,0.00,0.00,0.00,2117.35,2062.00,2117.35,56264.30,2026.60,2160,0,0,0.00,0,F1,30,,,,,
2026-04-27,2026-04-27,FO,NSE,IDO,67638,,BANKNIFTY,,2026-04-28,2026-04-28,58700.00,PE,BANKNIFTY26APR58700PE,2450.00,2450.00,2355.00,2355.30,2355.30,2715.00,56264.30,2355.30,510,-60,14,25662013.50,10,F1,30,,,,,
2026-04-27,2026-04-27,FO,NSE,IDO,67707,,BANKNIFTY,,2026-04-28,2026-04-28,59600.00,PE,BANKNIFTY26APR59600PE,0.00,0.00,0.00,2321.95,2321.95,2321.95,56264.30,3326.25,4380,0,0,0.00,0,F1,30,,,,,
2026-04-27,2026-04-27,FO,NSE,IDO,67717,,BANKNIFTY,,2026-04-28,2026-04-28,60100.00,PE,BANKNIFTY26APR60100PE,3950.00,3950.00,3750.10,3780.10,3780.10,3642.50,56264.30,3826.15,240,-120,6,11517906.00,6,F1,30,,,,,
2026-04-27,2026-04-27,FO,NSE,IDO,67721,,BANKNIFTY,,2026-04-28,2026-04-28,60300.00,PE,BANKNIFTY26APR60300PE,0.00,0.00,0.00,3853.00,3853.00,3853.00,56264.30,4026.15,600,0,0,0.00,0,F1,30,,,,,
2026-04-27,2026-04-27,FO,NSE,IDO,67768,,BANKNIFTY,,2026-04-28,2026-04-28,61200.00,PE,BANKNIFTY26APR61200PE,5093.20,5093.20,5093.20,5093.20,5093.20,5250.00,56264.30,4926.00,1140,0,1,1988796.00,1,F1,30,,,,,
2026-04-27,2026-04-27,FO,NSE,IDO,67834,,BANKNIFTY,,2026-04-28,2026-04-28,62700.00,PE,BANKNIFTY26APR62700PE,0.00,0.00,0.00,6320.00,6320.00,6320.00,56264.30,6425.75,240,0,0,0.00,0,F1,30,,,,,
2026-04-27,2026-04-27,FO,NSE,IDO,67882,,BANKNIFTY,,2026-04-28,2026-04-28,63700.00,PE,BANKNIFTY26APR63700PE,0.00,0.00,0.00,10986.45,10986.45,10986.45,56264.30,7425.60,600,0,0,0.00,0,F1,30,,,,,
2026-04-27,2026-04-27,FO,NSE,IDO,68178,,BANKNIFTY,,2026-04-28,2026-04-28,65800.00,PE,BANKNIFTY26APR65800PE,0.00,0.00,0.00,11432.00,11432.00,11432.00,56264.30,9525.25,60,0,0,0.00,0,F1,30,,,,,
2026-04-27,2026-04-27,FO,NSE,IDO,68195,,BANKNIFTY,,2026-04-28,2026-04-28,66400.00,PE,BANKNIFTY26APR66400PE,0.00,0.00,0.00,11812.85,11812.85,11812.85,56264.30,10125.15,60,0,0,0.00,0,F1,30,,,,,
2026-04-27,2026-04-27,FO,NSE,IDO,66608,,BANKNIFTY,,2026-05-26,2026-05-26,47700.00,PE,BANKNIFTY26MAY47700PE,0.00,0.00,0.00,0.45,0.00,0.45,56264.30,2.10,0,0,0,0.00,0,F1,30,,,,,
2026-04-27,2026-04-27,FO,NSE,IDO,66653,,BANKNIFTY,,2026-05-26,2026-05-26,49000.00,PE,BANKNIFTY26MAY49000PE,84.50,84.50,52.75,56.85,54.45,84.50,56264.30,56.85,97800,13410,2742,4035769782.00,1535,F1,30,,,,,
2026-04-27,2026-04-27,FO,NSE,IDO,66655,,BANKNIFTY,,2026-05-26,2026-05-26,49100.00,PE,BANKNIFTY26MAY49100PE,0.00,0.00,0.00,1.70,0.00,1.70,56264.30,9.90,0,0,0,0.00,0,F1,30,,,,,
2026-04-27,2026-04-27,FO,NSE,IDO,66659,,BANKNIFTY,,2026-05-26,2026-05-26,49300.00,PE,BANKNIFTY26MAY49300PE,0.00,0.00,0.00,2.05,0.00,2.05,56264.30,12.15,0,0,0,0.00,0,F1,30,,,,,
2026-04-27,2026-04-27,FO,NSE,IDO,66743,,BANKNIFTY,,2026-05-26,2026-05-26,50100.00,PE,BANKNIFTY26MAY50100PE,0.00,0.00,0.00,4.15,0.00,4.15,56264.30,26.00,0,0,0,0.00,0,F1,30,,,,,
2026-04-27,2026-04-27,FO,NSE,IDO,66770,,BANKNIFTY,,2026-05-26,2026-05-26,51300.00,PE,BANKNIFTY26MAY51300PE,185.00,185.00,138.20,140.80,141.45,213.25,56264.30,140.80,4620,360,35,54026503.50,25,F1,30,,,,,
2026-04-27,2026-04-27,FO,NSE,IDO,67098,,BANKNIFTY,,2026-05-26,2026-05-26,52800.00,PE,BANKNIFTY26MAY52800PE,292.20,340.85,258.60,262.30,258.60,373.20,56264.30,262.30,4530,180,40,63713394.00,22,F1,30,,,,,
2026-04-27,2026-04-27,FO,NSE,IDO,67117,,BANKNIFTY,,2026-05-26,2026-05-26,53100.00,PE,BANKNIFTY26MAY53100PE,324.30,384.05,291.35,297.05,300.80,404.75,56264.30,297.05,4920,1290,139,222759702.00,83,F1,30,,,,,
2026-04-27,2026-04-27,FO,NSE,IDO,67249,,BANKNIFTY,,2026-05-26,2026-05-26,54600.00,PE,BANKNIFTY26MAY54600PE,689.20,693.35,535.00,543.95,535.00,689.20,56264.30,543.95,4170,930,117,193749130.50,88,F1,30,,,,,
2026-04-27,2026-04-27,FO,NSE,IDO,67270,,BANKNIFTY,,2026-05-26,2026-05-26,55300.00,PE,BANKNIFTY26MAY55300PE,750.65,899.95,700.30,735.35,742.95,878.70,56264.30,735.35,3060,330,200,336600994.50,154,F1,30,,,,,
2026-04-27,2026-04-27,FO,NSE,IDO,67291,,BANKNIFTY,,2026-05-26,2026-05-26,56000.00,PE,BANKNIFTY26MAY56000PE,1000.00,1180.00,932.00,958.35,941.05,1131.10,56264.30,958.35,562800,226560,26206,44839713984.00,19685,F1,30,,,,,
2026-04-27,2026-04-27,FO,NSE,IDO,67599,,BANKNIFTY,,2026-05-26,2026-05-26,57900.00,PE,BANKNIFTY26MAY57900PE,2059.95,2060.00,2059.95,2060.00,2060.00,1933.70,56264.30,2152.80,1980,30,3,5396398.50,3,F1,30,,,,,
2026-04-27,2026-04-27,FO,NSE,IDO,67661,,BANKNIFTY,,2026-05-26,2026-05-26,59000.00,PE,BANKNIFTY26MAY59000PE,2650.00,3001.20,2569.95,2651.40,2605.00,2824.15,56264.30,2651.40,129630,-12600,2079,3848125513.50,1120,F1,30,,,,,
2026-04-27,2026-04-27,FO,NSE,IDO,68020,,BANKNIFTY,,2026-05-26,2026-05-26,60300.00,PE,BANKNIFTY26MAY60300PE,3831.35,3832.20,3830.00,3832.20,3832.20,5633.40,56264.30,4007.30,780,630,26,50021788.50,8,F1,30,,,,,
2026-04-27,2026-04-27,FO,NSE,IDO,68202,,BANKNIFTY,,2026-05-26,2026-05-26,65200.00,PE,BANKNIFTY26MAY65200PE,0.00,0.00,0.00,10572.45,10572.45,10572.45,56264.30,8646.30,600,0,0,0.00,0,F1,30,,,,,
2026-04-27,2026-04-27,FO,NSE,IDO,68420,,BANKNIFTY,,2026-05-26,2026-05-26,67500.00,PE,BANKNIFTY26MAY67500PE,0.00,0.00,0.00,9388.00,9388.00,9388.00,56264.30,10927.00,570,0,0,0.00,0,F1,30,,,,,
2026-04-27,2026-04-27,FO,NSE,IDO,75005,,BANKNIFTY,,2026-06-30,2026-06-30,44500.00,PE,BANKNIFTY26JUN44500PE,0.00,0.00,0.00,162.85,0.00,162.85,56264.30,3.90,0,0,0,0.00,0,F1,30,,,,,
2026-04-27,2026-04-27,FO,NSE,IDO,75082,,BANKNIFTY,,2026-06-30,2026-06-30,45800.00,PE,BANKNIFTY26JUN45800PE,0.00,0.00,0.00,305.20,0.00,305.20,56264.30,11.00,0,0,0,0.00,0,F1,30,,,,,
2026-04-27,2026-04-27,FO,NSE,IDO,75173,,BANKNIFTY,,2026-06-30,2026-06-30,46900.00,PE,BANKNIFTY26JUN46900PE,0.00,0.00,0.00,488.50,0.00,488.50,56264.30,24.30,0,0,0,0.00,0,F1,30,,,,,
2026-04-27,2026-04-27,FO,NSE,IDO,75203,,BANKNIFTY,,2026-06-30,2026-06-30,47700.00,PE,BANKNIFTY26JUN47700PE,0.00,0.00,0.00,666.15,0.00,666.15,56264.30,41.30,0,0,0,0.00,0,F1,30,,,,,
2026-04-27,2026-04-27,FO,NSE,IDO,75226,,BANKNIFTY,,2026-06-30,2026-06-30,47800.00,PE,BANKNIFTY26JUN47800PE,0.00,0.00,0.00,693.05,0.00,693.05,56264.30,44.00,0,0,0,0.00,0,F1,30,,,,,
2026-04-27,2026-04-27,FO,NSE,IDO,75248,,BANKNIFTY,,2026-06-30,2026-06-30,48300.00,PE,BANKNIFTY26JUN48300PE,0.00,0.00,0.00,826.30,0.00,826.30,56264.30,59.90,0,0,0,0.00,0,F1,30,,,,,
2026-04-27,2026-04-27,FO,NSE,IDO,75267,,BANKNIFTY,,2026-06-30,2026-06-30,48800.00,PE,BANKNIFTY26JUN48800PE,0.00,0.00,0.00,979.95,0.00,979.95,56264.30,80.45,0,0,0,0.00,0,F1,30,,,,,
2026-04-27,2026-04-27,FO,NSE,IDO,75285,,BANKNIFTY,,2026-06-30,2026-06-30,49800.00,PE,BANKNIFTY26JUN49800PE,0.00,0.00,0.00,1343.25,0.00,1343.25,56264.30,139.30,0,0,0,0.00,0,F1,30,,,,,
2026-04-27,2026-04-27,FO,NSE,IDO,75412,,BANKNIFTY,,2026-06-30,2026-06-30,50600.00,PE,BANKNIFTY26JUN50600PE,0.00,0.00,0.00,378.80,378.80,378.80,56264.30,208.40,1350,0,0,0.00,0,F1,30,,,,,
2026-04-27,2026-04-27,FO,NSE,IDO,57714,,BANKNIFTY,,2026-06-30,2026-06-30,51000.00,PE,BANKNIFTY26JUN51000PE,371.00,423.60,349.15,352.35,351.00,420.30,56264.30,352.35,58740,6570,464,714984900.00,355,F1,30,,,,,
2026-04-27,2026-04-27,FO,NSE,IDO,75445,,BANKNIFTY,,2026-06-30,2026-06-30,51900.00,PE,BANKNIFTY26JUN51900PE,0.00,0.00,0.00,505.80,505.80,505.80,56264.30,376.30,660,0,0,0.00,0,F1,30,,,,,
2026-04-27,2026-04-27,FO,NSE,IDO,75611,,BANKNIFTY,,2026-06-30,2026-06-30,55600.00,PE,BANKNIFTY26JUN55600PE,1253.80,1253.80,1253.80,1253.80,1253.80,1360.95,56264.30,1403.30,270,-30,1,1705614.00,1,F1,30,,,,,
2026-04-27,2026-04-27,FO,NSE,IDO,75615,,BANKNIFTY,,2026-06-30,2026-06-30,55800.00,PE,BANKNIFTY26JUN55800PE,1318.00,1349.40,1318.00,1339.55,1329.65,1578.55,56264.30,1339.55,1440,0,4,6855457.50,4,F1,30,,,,,
2026-04-27,2026-04-27,FO,NSE,IDO,75637,,BANKNIFTY,,2026-06-30,2026-06-30,56900.00,PE,BANKNIFTY26JUN56900PE,1717.80,1717.80,1714.90,1716.35,1714.90,1856.05,56264.30,1716.35,510,0,2,3516981.00,2,F1,30,,,,,
2026-04-27,2026-04-27,FO,NSE,IDO,76392,,BANKNIFTY,,2027-03-30,2027-03-30,52500.00,CE,BANKNIFTY27MAR52500CE,0.00,0.00,0.00,4655.40,0.00,4655.40,56264.30,8456.40,0,0,0,0.00,0,F1,30,,,,,
2026-04-27,2026-04-27,FO,NSE,IDO,76382,,BANKNIFTY,,2027-03-30,2027-03-30,45000.00,CE,BANKNIFTY27MAR45000CE,0.00,0.00,0.00,9276.60,0.00,9276.60,56264.30,14168.70,0,0,0,0.00,0,F1,30,,,,,
2026-04-27,2026-04-27,FO,NSE,IDO,53228,,BANKNIFTY,,2026-12-29,2026-12-29,57000.00,CE,BANKNIFTY26DEC57000CE,0.00,0.00,0.00,6951.10,0.00,6951.10,56264.30,4712.40,0,0,0,0.00,0,F1,30,,,,,
2026-04-27,2026-04-27,FO,NSE,IDO,53218,,BANKNIFTY,,2026-12-29,2026-12-29,49500.00,CE,BANKNIFTY26DEC49500CE,0.00,0.00,0.00,12801.50,0.00,12801.50,56264.30,9589.10,0,0,0,0.00,0,F1,30,,,,,
2026-04-27,2026-04-27,FO,NSE,IDO,53216,,BANKNIFTY,,2026-12-29,2026-12-29,48000.00,CE,BANKNIFTY26DEC48000CE,0.00,0.00,0.00,14125.35,0.00,14125.35,56264.30,10790.15,0,0,0,0.00,0,F1,30,,,,,
2026-04-27,2026-04-27,FO,NSE,IDO,75651,,BANKNIFTY,,2026-06-30,2026-06-30,57200.00,PE,BANKNIFTY26JUN57200PE,1863.90,1863.90,1862.15,1862.15,1862.15,1993.95,56264.30,2161.80,570,0,3,5315698.50,3,F1,30,,,,,
2026-04-27,2026-04-27,FO,NSE,IDO,75664,,BANKNIFTY,,2026-06-30,2026-06-30,57600.00,PE,BANKNIFTY26JUN57600PE,2053.85,2053.85,2053.85,2053.85,2053.85,2179.50,56264.30,2382.60,330,-30,1,1789615.50,1,F1,30,,,,,
2026-04-27,2026-04-27,FO,NSE,IDO,75752,,BANKNIFTY,,2026-06-30,2026-06-30,58000.00,PE,BANKNIFTY26JUN58000PE,2272.55,2489.80,2180.00,2246.55,2263.95,2422.75,56264.30,2246.55,46110,9690,844,1525498648.50,487,F1,30,,,,,
2026-04-27,2026-04-27,FO,NSE,IDO,75799,,BANKNIFTY,,2026-06-30,2026-06-30,58900.00,PE,BANKNIFTY26JUN58900PE,0.00,0.00,0.00,2211.35,2211.35,2211.35,56264.30,3182.25,930,0,0,0.00,0,F1,30,,,,,
2026-04-27,2026-04-27,FO,NSE,IDO,75823,,BANKNIFTY,,2026-06-30,2026-06-30,59800.00,PE,BANKNIFTY26JUN59800PE,0.00,0.00,0.00,8586.00,0.00,8586.00,56264.30,3804.35,0,0,0,0.00,0,F1,30,,,,,
2026-04-27,2026-04-27,FO,NSE,IDO,75841,,BANKNIFTY,,2026-06-30,2026-06-30,60600.00,PE,BANKNIFTY26JUN60600PE,0.00,0.00,0.00,9335.85,0.00,9335.85,56264.30,4400.40,0,0,0,0.00,0,F1,30,,,,,
2026-04-27,2026-04-27,FO,NSE,IDO,52421,,BANKNIFTY,,2026-09-29,2026-09-29,66000.00,PE,BANKNIFTY26SEP66000PE,0.00,0.00,0.00,8825.75,0.00,8825.75,56264.30,8756.10,0,0,0,0.00,0,F1,30,,,,,
2026-04-27,2026-04-27,FO,NSE,IDO,53215,,BANKNIFTY,,2026-12-29,2026-12-29,46500.00,PE,BANKNIFTY26DEC46500PE,0.00,0.00,0.00,84.85,0.00,84.85,56264.30,370.00,0,0,0,0.00,0,F1,30,,,,,
2026-04-27,2026-04-27,FO,NSE,IDO,53223,,BANKNIFTY,,2026-12-29,2026-12-29,52500.00,PE,BANKNIFTY26DEC52500PE,0.00,0.00,0.00,534.05,0.00,534.05,56264.30,1469.95,0,0,0,0.00,0,F1,30,,,,,
2026-04-27,2026-04-27,FO,NSE,IDO,53225,,BANKNIFTY,,2026-12-29,2026-12-29,54000.00,PE,BANKNIFTY26DEC54000PE,0.00,0.00,0.00,766.95,0.00,766.95,56264.30,1926.45,0,0,0,0.00,0,F1,30,,,,,
2026-04-27,2026-04-27,FO,NSE,IDO,53251,,BANKNIFTY,,2026-12-29,2026-12-29,66000.00,PE,BANKNIFTY26DEC66000PE,0.00,0.00,0.00,5463.50,0.00,5463.50,56264.30,8570.85,0,0,0,0.00,0,F1,30,,,,,
2026-04-27,2026-04-27,FO,NSE,IDO,76397,,BANKNIFTY,,2027-03-30,2027-03-30,55500.00,PE,BANKNIFTY27MAR55500PE,0.00,0.00,0.00,4717.35,0.00,4717.35,56264.30,2745.90,0,0,0,0.00,0,F1,30,,,,,
2026-04-27,2026-04-27,FO,NSE,IDO,76424,,BANKNIFTY,,2027-03-30,2027-03-30,61500.00,PE,BANKNIFTY27MAR61500PE,0.00,0.00,0.00,8564.80,0.00,8564.80,56264.30,5596.85,0,0,0,0.00,0,F1,30,,,,,
2026-04-27,2026-04-27,FO,NSE,IDO,75903,,BANKNIFTY,,2026-06-30,2026-06-30,62300.00,CE,BANKNIFTY26JUN62300CE,0.00,0.00,0.00,47.90,0.00,47.90,56264.30,418.65,0,0,0,0.00,0,F1,30,,,,,
2026-04-27,2026-04-27,FO,NSE,IDO,75891,,BANKNIFTY,,2026-06-30,2026-06-30,61700.00,CE,BANKNIFTY26JUN61700CE,0.00,0.00,0.00,61.65,0.00,61.65,56264.30,511.05,0,0,0,0.00,0,F1,30,,,,,
2026-04-27,2026-04-27,FO,NSE,IDO,75798,,BANKNIFTY,,2026-06-30,2026-06-30,58900.00,CE,BANKNIFTY26JUN58900CE,773.45,773.45,773.45,773.45,773.45,794.70,56264.30,1187.45,1020,-30,1,1790203.50,1,F1,30,,,,,
2026-04-27,2026-04-27,FO,NSE,IDO,75630,,BANKNIFTY,,2026-06-30,2026-06-30,56600.00,CE,BANKNIFTY26JUN56600CE,1875.85,1875.85,1702.40,1702.40,1702.40,1875.85,56264.30,2134.20,150,0,3,5257623.00,2,F1,30,,,,,
2026-04-27,2026-04-27,FO,NSE,IDO,75467,,BANKNIFTY,,2026-06-30,2026-06-30,52900.00,CE,BANKNIFTY26JUN52900CE,0.00,0.00,0.00,4611.25,4611.25,4611.25,56264.30,4504.45,30,0,0,0.00,0,F1,30,,,,,
2026-04-27,2026-04-27,FO,NSE,IDO,57705,,BANKNIFTY,,2026-06-30,2026-06-30,49500.00,CE,BANKNIFTY26JUN49500CE,0.00,0.00,0.00,11438.50,0.00,11438.50,56264.30,7421.75,0,0,0,0.00,0,F1,30,,,,,
2026-04-27,2026-04-27,FO,NSE,IDO,75274,,BANKNIFTY,,2026-06-30,2026-06-30,49200.00,CE,BANKNIFTY26JUN49200CE,0.00,0.00,0.00,3072.80,0.00,3072.80,56264.30,7700.50,0,0,0,0.00,0,F1,30,,,,,
2026-04-27,2026-04-27,FO,NSE,IDO,75272,,BANKNIFTY,,2026-06-30,2026-06-30,49100.00,CE,BANKNIFTY26JUN49100CE,0.00,0.00,0.00,3135.85,0.00,3135.85,56264.30,7793.95,0,0,0,0.00,0,F1,30,,,,,
2026-04-27,2026-04-27,FO,NSE,IDO,75268,,BANKNIFTY,,2026-06-30,2026-06-30,48900.00,CE,BANKNIFTY26JUN48900CE,0.00,0.00,0.00,3264.15,0.00,3264.15,56264.30,7981.60,0,0,0,0.00,0,F1,30,,,,,
2026-04-27,2026-04-27,FO,NSE,IDO,75247,,BANKNIFTY,,2026-06-30,2026-06-30,48300.00,CE,BANKNIFTY26JUN48300CE,0.00,0.00,0.00,3666.85,0.00,3666.85,56264.30,8549.80,0,0,0,0.00,0,F1,30,,,,,
2026-04-27,2026-04-27,FO,NSE,IDO,75183,,BANKNIFTY,,2026-06-30,2026-06-30,47300.00,CE,BANKNIFTY26JUN47300CE,0.00,0.00,0.00,4394.95,0.00,4394.95,56264.30,9510.85,0,0,0,0.00,0,F1,30,,,,,
2026-04-27,2026-04-27,FO,NSE,IDO,68429,,BANKNIFTY,,2026-05-26,2026-05-26,68000.00,CE,BANKNIFTY26MAY68000CE,6.00,6.45,4.75,5.20,4.80,6.00,56264.30,5.20,6720,-30,62,126489697.50,24,F1,30,,,,,
2026-04-27,2026-04-27,FO,NSE,IDO,68229,,BANKNIFTY,,2026-05-26,2026-05-26,66200.00,CE,BANKNIFTY26MAY66200CE,9.80,9.80,6.30,6.30,6.30,7.10,56264.30,4.75,330,0,32,63560148.00,6,F1,30,,,,,
2026-04-27,2026-04-27,FO,NSE,IDO,68116,,BANKNIFTY,,2026-05-26,2026-05-26,62500.00,CE,BANKNIFTY26MAY62500CE,31.10,31.10,21.75,25.15,25.30,30.20,56264.30,25.15,32280,4950,831,1558812052.50,515,F1,30,,,,,
2026-04-27,2026-04-27,FO,NSE,IDO,68112,,BANKNIFTY,,2026-05-26,2026-05-26,62300.00,CE,BANKNIFTY26MAY62300CE,35.60,39.20,28.85,30.20,33.45,38.50,56264.30,30.20,6990,90,106,198223239.00,47,F1,30,,,,,
2026-04-27,2026-04-27,FO,NSE,IDO,68088,,BANKNIFTY,,2026-05-26,2026-05-26,61300.00,CE,BANKNIFTY26MAY61300CE,67.70,67.75,52.40,55.00,52.50,69.00,56264.30,55.00,7200,5100,300,552225948.00,134,F1,30,,,,,
2026-04-27,2026-04-27,FO,NSE,IDO,67810,,BANKNIFTY,,2026-05-26,2026-05-26,59600.00,CE,BANKNIFTY26MAY59600CE,231.00,242.00,199.30,203.45,201.95,226.65,56264.30,203.45,8640,1170,194,348126709.50,132,F1,30,,,,,
2026-04-27,2026-04-27,FO,NSE,IDO,67620,,BANKNIFTY,,2026-05-26,2026-05-26,58500.00,CE,BANKNIFTY26MAY58500CE,499.85,515.55,390.25,437.15,439.00,465.40,56264.30,437.15,157020,47130,4942,8738224689.00,3184,F1,30,,,,,
2026-04-27,2026-04-27,FO,NSE,IDO,67586,,BANKNIFTY,,2026-05-26,2026-05-26,57400.00,CE,BANKNIFTY26MAY57400CE,892.20,942.70,748.75,847.80,836.45,868.85,56264.30,847.80,13470,510,339,592317411.00,284,F1,30,,,,,
2026-04-27,2026-04-27,FO,NSE,IDO,67584,,BANKNIFTY,,2026-05-26,2026-05-26,57300.00,CE,BANKNIFTY26MAY57300CE,939.95,1002.35,798.00,893.25,890.00,920.65,56264.30,893.25,35190,2310,732,1277809417.50,596,F1,30,,,,,
2026-04-27,2026-04-27,FO,NSE,IDO,67225,,BANKNIFTY,,2026-05-26,2026-05-26,54500.00,CE,BANKNIFTY26MAY54500CE,2769.00,2769.00,2446.25,2652.70,2644.20,2629.60,56264.30,2652.70,16200,2910,207,354411273.00,161,F1,30,,,,,
2026-04-27,2026-04-27,FO,NSE,IDO,67206,,BANKNIFTY,,2026-05-26,2026-05-26,54300.00,CE,BANKNIFTY26MAY54300CE,2855.05,2855.05,2650.60,2796.20,2796.20,2805.10,56264.30,2712.20,720,240,12,20515932.00,10,F1,30,,,,,
2026-04-27,2026-04-27,FO,NSE,IDO,67202,,BANKNIFTY,,2026-05-26,2026-05-26,54100.00,CE,BANKNIFTY26MAY54100CE,3032.70,3032.70,2736.20,2798.35,2798.35,2940.40,56264.30,2859.30,1290,-30,11,18801567.00,10,F1,30,,,,,
2026-04-27,2026-04-27,FO,NSE,IDO,66816,,BANKNIFTY,,2026-05-26,2026-05-26,52000.00,CE,BANKNIFTY26MAY52000CE,4900.00,4964.95,4459.10,4796.10,4770.00,4688.15,56264.30,4796.10,47670,930,589,1001660640.00,572,F1,30,,,,,
2026-04-27,2026-04-27,FO,NSE,IDO,66799,,BANKNIFTY,,2026-05-26,2026-05-26,51800.00,CE,BANKNIFTY26MAY51800CE,0.00,0.00,0.00,6002.85,6002.85,6002.85,56264.30,4806.85,840,0,0,0.00,0,F1,30,,,,,
2026-04-27,2026-04-27,FO,NSE,IDO,66797,,BANKNIFTY,,2026-05-26,2026-05-26,51700.00,CE,BANKNIFTY26MAY51700CE,0.00,0.00,0.00,6000.00,6000.00,6000.00,56264.30,4898.95,600,0,0,0.00,0,F1,30,,,,,
2026-04-27,2026-04-27,FO,NSE,IDO,66677,,BANKNIFTY,,2026-05-26,2026-05-26,49900.00,CE,BANKNIFTY26MAY49900CE,0.00,0.00,0.00,11972.50,0.00,11972.50,56264.30,6615.35,0,0,0,0.00,0,F1,30,,,,,
2026-04-27,2026-04-27,FO,NSE,IDO,66652,,BANKNIFTY,,2026-05-26,2026-05-26,49000.00,CE,BANKNIFTY26MAY49000CE,7554.15,7608.45,7220.00,7524.65,7526.95,7300.00,56264.30,7524.65,2400,990,42,71152326.00,36,F1,30,,,,,
2026-04-27,2026-04-27,FO,NSE,IDO,38309,,BANKNIFTY,,2026-05-26,2026-05-26,45600.00,CE,BANKNIFTY26MAY45600CE,0.00,0.00,0.00,15647.50,0.00,15647.50,56264.30,10874.10,0,0,0,0.00,0,F1,30,,,,,
2026-04-27,2026-04-27,FO,NSE,IDO,40396,,BANKNIFTY,,2026-05-26,2026-05-26,45400.00,CE,BANKNIFTY26MAY45400CE,0.00,0.00,0.00,15140.55,0.00,15140.55,56264.30,11073.15,0,0,0,0.00,0,F1,30,,,,,
2026-04-27,2026-04-27,FO,NSE,IDO,66462,,BANKNIFTY,,2026-05-26,2026-05-26,44000.00,CE,BANKNIFTY26MAY44000CE,11161.80,12333.00,11161.80,11711.25,11162.30,12165.55,56264.30,11711.25,1410,120,4,6685350.00,4,F1,30,,,,,
2026-04-27,2026-04-27,FO,NSE,IDO,66460,,BANKNIFTY,,2026-05-26,2026-05-26,43500.00,CE,BANKNIFTY26MAY43500CE,0.00,0.00,0.00,18263.65,0.00,18263.65,56264.30,12964.30,0,0,0,0.00,0,F1,30,,,,,
2026-04-27,2026-04-27,FO,NSE,IDO,68306,,BANKNIFTY,,2026-04-28,2026-04-28,68500.00,CE,BANKNIFTY26APR68500CE,0.55,0.60,0.30,0.55,0.60,0.60,56264.30,0.55,15450,-2160,108,221941585.50,25,F1,30,,,,,
2026-04-27,2026-04-27,FO,NSE,IDO,68227,,BANKNIFTY,,2026-04-28,2026-04-28,67000.00,CE,BANKNIFTY26APR67000CE,0.70,0.70,0.25,0.30,0.25,0.65,56264.30,0.30,59850,-2220,718,1443188488.50,211,F1,30,,,,,
2026-04-27,2026-04-27,FO,NSE,IDO,67877,,BANKNIFTY,,2026-04-28,2026-04-28,63500.00,CE,BANKNIFTY26APR63500CE,2.00,2.00,0.35,0.45,0.35,1.15,56264.30,0.45,24180,150,1453,2767991935.50,457,F1,30,,,,,
2026-04-27,2026-04-27,FO,NSE,IDO,67866,,BANKNIFTY,,2026-04-28,2026-04-28,63400.00,CE,BANKNIFTY26APR63400CE,0.80,2.45,0.55,1.60,2.00,1.00,56264.30,1.60,2100,180,195,370896846.00,114,F1,30,,,,,
2026-04-27,2026-04-27,FO,NSE,IDO,67819,,BANKNIFTY,,2026-04-28,2026-04-28,62200.00,CE,BANKNIFTY26APR62200CE,1.30,1.70,1.05,1.25,1.15,1.60,56264.30,1.25,5730,-690,91,169809577.50,52,F1,30,,,,,
2026-04-27,2026-04-27,FO,NSE,IDO,67791,,BANKNIFTY,,2026-04-28,2026-04-28,61700.00,CE,BANKNIFTY26APR61700CE,1.65,2.20,0.75,1.45,1.50,2.05,56264.30,1.45,10470,-1590,291,538653997.50,185,F1,30,,,,,
2026-04-27,2026-04-27,FO,NSE,IDO,67538,,BANKNIFTY,,2026-04-28,2026-04-28,56500.00,CE,BANKNIFTY26APR56500CE,295.45,365.00,99.65,186.10,198.75,319.75,56264.30,186.10,791460,121140,770929,1310952582472.50,446936,F1,30,,,,,
2026-04-27,2026-04-27,FO,NSE,IDO,67528,,BANKNIFTY,,2026-04-28,2026-04-28,56000.00,CE,BANKNIFTY26APR56000CE,580.00,688.00,269.00,471.30,489.05,563.80,56264.30,471.30,413490,-125010,425273,719565132396.00,254965,F1,30,,,,,
2026-04-27,2026-04-27,FO,NSE,IDO,67522,,BANKNIFTY,,2026-04-28,2026-04-28,55700.00,CE,BANKNIFTY26APR55700CE,858.50,936.60,438.60,714.70,735.60,742.15,56264.30,714.70,45120,-18120,16739,28275314086.50,11080,F1,30,,,,,
2026-04-27,2026-04-27,FO,NSE,IDO,67514,,BANKNIFTY,,2026-04-28,2026-04-28,55400.00,CE,BANKNIFTY26APR55400CE,1080.10,1158.25,653.45,979.15,1015.90,972.75,56264.30,979.15,19680,-5400,1967,3320947266.00,1238,F1,30,,,,,
2026-04-27,2026-04-27,FO,NSE,IDO,67488,,BANKNIFTY,,2026-04-28,2026-04-28,54600.00,CE,BANKNIFTY26APR54600CE,1843.25,1931.40,1415.90,1772.70,1759.45,1731.05,56264.30,1772.70,19800,-4710,841,1420013775.00,800,F1,30,,,,,
2026-04-27,2026-04-27,FO,NSE,IDO,67484,,BANKNIFTY,,2026-04-28,2026-04-28,54400.00,CE,BANKNIFTY26APR54400CE,1911.40,1960.60,1661.70,1940.00,1940.00,1851.75,56264.30,1873.15,18150,-240,48,80852907.00,44,F1,30,,,,,
2026-04-27,2026-04-27,FO,NSE,IDO,67472,,BANKNIFTY,,2026-04-28,2026-04-28,53900.00,CE,BANKNIFTY26APR53900CE,2150.00,2405.50,2150.00,2405.50,2405.50,2026.20,56264.30,2372.90,11940,0,8,13501666.50,6,F1,30,,,,,
2026-04-27,2026-04-27,FO,NSE,IDO,67444,,BANKNIFTY,,2026-04-28,2026-04-28,52500.00,CE,BANKNIFTY26APR52500CE,3815.00,3900.00,3519.95,3846.20,3863.80,3697.00,56264.30,3846.20,95340,-6630,336,567190638.00,216,F1,30,,,,,
2026-04-27,2026-04-27,FO,NSE,IDO,67442,,BANKNIFTY,,2026-04-28,2026-04-28,52400.00,CE,BANKNIFTY26APR52400CE,3576.10,4000.00,3576.10,4000.00,4000.00,3825.00,56264.30,3872.65,17010,0,4,6740868.00,4,F1,30,,,,,
2026-04-27,2026-04-27,FO,NSE,IDO,67432,,BANKNIFTY,,2026-04-28,2026-04-28,51900.00,CE,BANKNIFTY26APR51900CE,4125.00,4531.80,4100.00,4531.80,4531.80,4290.00,56264.30,4531.80,11220,-90,5,8428704.00,5,F1,30,,,,,
2026-04-27,2026-04-27,FO,NSE,IDO,67418,,BANKNIFTY,,2026-04-28,2026-04-28,51200.00,CE,BANKNIFTY26APR51200CE,5080.00,5199.10,4850.00,5142.45,5142.45,4766.35,56264.30,5142.45,39570,-390,18,30394464.00,14,F1,30,,,,,
2026-04-27,2026-04-27,FO,NSE,IDO,67400,,BANKNIFTY,,2026-04-28,2026-04-28,50300.00,CE,BANKNIFTY26APR50300CE,6055.60,6055.60,5730.05,6043.20,6044.00,5902.95,56264.30,6043.20,24330,-240,55,92917168.50,28,F1,30,,,,,
2026-04-27,2026-04-27,FO,NSE,IDO,67398,,BANKNIFTY,,2026-04-28,2026-04-28,50200.00,CE,BANKNIFTY26APR50200CE,6151.00,6215.50,6151.00,6202.75,6202.75,6001.00,56264.30,6072.30,56160,-1620,55,93058867.50,29,F1,30,,,,,
2026-04-27,2026-04-27,FO,NSE,IDO,67388,,BANKNIFTY,,2026-04-28,2026-04-28,49900.00,CE,BANKNIFTY26APR49900CE,0.00,0.00,0.00,6697.20,6697.20,6697.20,56264.30,6372.25,8400,0,0,0.00,0,F1,30,,,,,
2026-04-27,2026-04-27,FO,NSE,IDO,67336,,BANKNIFTY,,2026-04-28,2026-04-28,49300.00,CE,BANKNIFTY26APR49300CE,6453.20,6453.20,6453.20,6453.20,6453.20,2966.50,56264.30,6453.20,5520,0,3,5017788.00,1,F1,30,,,,,
2026-04-27,2026-04-27,FO,NSE,IDO,67307,,BANKNIFTY,,2026-04-28,2026-04-28,48600.00,CE,BANKNIFTY26APR48600CE,0.00,0.00,0.00,7366.90,7366.90,7366.90,56264.30,7672.05,930,0,0,0.00,0,F1,30,,,,,
2026-04-27,2026-04-27,FO,NSE,IDO,67235,,BANKNIFTY,,2026-04-28,2026-04-28,46800.00,CE,BANKNIFTY26APR46800CE,0.00,0.00,0.00,9368.45,9368.45,9368.45,56264.30,9471.75,30,0,0,0.00,0,F1,30,,,,,
2026-04-27,2026-04-27,FO,NSE,IDO,67219,,BANKNIFTY,,2026-04-28,2026-04-28,46200.00,CE,BANKNIFTY26APR46200CE,0.00,0.00,0.00,9935.30,9935.30,9935.30,56264.30,10071.65,0,0,0,0.00,0,F1,30,,,,,
2026-04-27,2026-04-27,FO,NSE,IDO,67160,,BANKNIFTY,,2026-04-28,2026-04-28,45300.00,CE,BANKNIFTY26APR45300CE,0.00,0.00,0.00,10666.00,10666.00,10666.00,56264.30,10971.50,30,0,0,0.00,0,F1,30,,,,,
2026-04-27,2026-04-27,FO,NSE,IDO,75583,,BANKNIFTY,,2026-06-30,2026-06-30,54100.00,PE,BANKNIFTY26JUN54100PE,841.50,841.50,839.00,840.80,841.30,3772.45,56264.30,840.80,90,90,4,6592893.00,3,F1,30,,,,,
2026-04-27,2026-04-27,FO,NSE,IDO,67143,,BANKNIFTY,,2026-04-28,2026-04-28,44500.00,PE,BANKNIFTY26APR44500PE,1.00,1.20,0.55,0.75,0.60,1.00,56264.30,0.75,38490,-3570,756,1009278666.00,315,F1,30,,,,,
2026-04-27,2026-04-27,FO,NSE,IDO,67163,,BANKNIFTY,,2026-04-28,2026-04-28,45400.00,PE,BANKNIFTY26APR45400PE,5.00,5.00,0.70,1.60,1.50,2.15,56264.30,1.60,1890,-30,98,133481179.50,52,F1,30,,,,,
2026-04-27,2026-04-27,FO,NSE,IDO,67228,,BANKNIFTY,,2026-04-28,2026-04-28,46400.00,PE,BANKNIFTY26APR46400PE,0.00,0.00,0.00,4.60,4.60,4.60,56264.30,0.00,570,0,0,0.00,0,F1,30,,,,,
2026-04-27,2026-04-27,FO,NSE,IDO,67277,,BANKNIFTY,,2026-04-28,2026-04-28,48100.00,PE,BANKNIFTY26APR48100PE,2.00,2.00,1.25,1.65,1.65,2.70,56264.30,0.00,2400,0,15,21645684.00,9,F1,30,,,,,
2026-04-27,2026-04-27,FO,NSE,IDO,67300,,BANKNIFTY,,2026-04-28,2026-04-28,48200.00,PE,BANKNIFTY26APR48200PE,2.00,2.00,1.00,1.70,1.70,2.60,56264.30,0.00,2100,-270,23,33259143.00,16,F1,30,,,,,
2026-04-27,2026-04-27,FO,NSE,IDO,67556,,BANKNIFTY,,2026-04-28,2026-04-28,57400.00,CE,BANKNIFTY26APR57400CE,91.50,94.10,17.45,26.65,29.00,97.95,56264.30,26.65,226290,-15750,115632,199220288980.50,64572,F1,30,,,,,
2026-04-27,2026-04-27,FO,NSE,IDO,67600,,BANKNIFTY,,2026-04-28,2026-04-28,57800.00,CE,BANKNIFTY26APR57800CE,59.00,59.00,9.65,13.20,13.60,57.85,56264.30,13.20,218970,48450,74953,130004551849.50,41872,F1,30,,,,,
2026-04-27,2026-04-27,FO,NSE,IDO,67806,,BANKNIFTY,,2026-05-26,2026-05-26,59400.00,CE,BANKNIFTY26MAY59400CE,273.10,277.00,229.95,239.35,242.10,257.00,56264.30,239.35,12360,600,166,297060742.50,92,F1,30,,,,,
2026-04-27,2026-04-27,FO,NSE,IDO,67803,,BANKNIFTY,,2026-05-26,2026-05-26,59300.00,CE,BANKNIFTY26MAY59300CE,293.30,335.00,222.05,254.35,257.00,277.30,56264.30,254.35,14490,2520,342,611181739.50,193,F1,30,,,,,
2026-04-27,2026-04-27,FO,NSE,IDO,67592,,BANKNIFTY,,2026-05-26,2026-05-26,57600.00,CE,BANKNIFTY26MAY57600CE,813.75,859.70,686.10,752.80,750.00,793.90,56264.30,752.80,5910,690,201,351872968.50,175,F1,30,,,,,
2026-04-27,2026-04-27,FO,NSE,IDO,67286,,BANKNIFTY,,2026-05-26,2026-05-26,55800.00,CE,BANKNIFTY26MAY55800CE,1806.00,1884.25,1550.00,1731.50,1712.90,1741.45,56264.30,1731.50,4890,900,194,334735240.50,170,F1,30,,,,,
2026-04-27,2026-04-27,FO,NSE,IDO,67282,,BANKNIFTY,,2026-05-26,2026-05-26,55600.00,CE,BANKNIFTY26MAY55600CE,1749.45,1927.00,1681.90,1855.85,1854.75,1855.35,56264.30,1855.85,2610,-180,53,91280689.50,28,F1,30,,,,,
2026-04-27,2026-04-27,FO,NSE,IDO,67263,,BANKNIFTY,,2026-05-26,2026-05-26,55100.00,CE,BANKNIFTY26MAY55100CE,2244.90,2244.90,2000.00,2214.80,2214.80,2203.55,56264.30,2154.25,1200,0,9,15454033.50,9,F1,30,,,,,
2026-04-27,2026-04-27,FO,NSE,IDO,67068,,BANKNIFTY,,2026-05-26,2026-05-26,52100.00,CE,BANKNIFTY26MAY52100CE,0.00,0.00,0.00,4450.00,4450.00,4450.00,56264.30,4533.35,660,0,0,0.00,0,F1,30,,,,,
2026-04-27,2026-04-27,FO,NSE,IDO,75814,,BANKNIFTY,,2026-06-30,2026-06-30,59500.00,PE,BANKNIFTY26JUN59500PE,0.00,0.00,0.00,3339.60,3339.60,3339.60,56264.30,3591.15,1350,0,0,0.00,0,F1,30,,,,,
2026-04-27,2026-04-27,FO,NSE,IDO,66757,,BANKNIFTY,,2026-05-26,2026-05-26,50700.00,CE,BANKNIFTY26MAY50700CE,0.00,0.00,0.00,5411.10,5411.10,5411.10,56264.30,5841.30,330,0,0,0.00,0,F1,30,,,,,
2026-04-27,2026-04-27,FO,NSE,IDO,66660,,BANKNIFTY,,2026-05-26,2026-05-26,49400.00,CE,BANKNIFTY26MAY49400CE,0.00,0.00,0.00,3202.10,3207.75,3202.10,56264.30,7104.85,60,0,0,0.00,0,F1,30,,,,,
2026-04-27,2026-04-27,FO,NSE,IDO,66658,,BANKNIFTY,,2026-05-26,2026-05-26,49300.00,CE,BANKNIFTY26MAY49300CE,0.00,0.00,0.00,12561.20,0.00,12561.20,56264.30,7203.10,0,0,0,0.00,0,F1,30,,,,,
2026-04-27,2026-04-27,FO,NSE,IDO,66640,,BANKNIFTY,,2026-05-26,2026-05-26,48500.00,CE,BANKNIFTY26MAY48500CE,8150.00,8150.00,8150.00,8150.00,8150.00,8574.00,56264.30,7992.55,390,30,1,1699500.00,1,F1,30,,,,,
2026-04-27,2026-04-27,FO,NSE,IDO,66634,,BANKNIFTY,,2026-05-26,2026-05-26,48200.00,CE,BANKNIFTY26MAY48200CE,0.00,0.00,0.00,13641.75,0.00,13641.75,56264.30,8289.70,0,0,0,0.00,0,F1,30,,,,,
2026-04-27,2026-04-27,FO,NSE,IDO,67698,,BANKNIFTY,,2026-04-28,2026-04-28,59200.00,CE,BANKNIFTY26APR59200CE,7.00,9.50,2.85,3.30,3.10,11.10,56264.30,3.30,62730,-25470,12916,22940473236.00,5810,F1,30,,,,,
2026-04-27,2026-04-27,FO,NSE,IDO,67730,,BANKNIFTY,,2026-04-28,2026-04-28,60800.00,CE,BANKNIFTY26APR60800CE,3.20,3.20,1.25,2.00,1.80,3.20,56264.30,2.00,8700,-1560,958,1747442860.50,559,F1,30,,,,,
2026-04-27,2026-04-27,FO,NSE,IDO,67778,,BANKNIFTY,,2026-04-28,2026-04-28,61500.00,CE,BANKNIFTY26APR61500CE,1.30,1.90,1.05,1.50,1.40,1.85,56264.30,1.50,134100,-20460,9971,18396915930.00,2743,F1,30,,,,,
2026-04-27,2026-04-27,FO,NSE,IDO,67833,,BANKNIFTY,,2026-04-28,2026-04-28,62700.00,CE,BANKNIFTY26APR62700CE,1.30,1.95,0.75,1.35,1.55,1.35,56264.30,1.35,2220,-1170,154,289679491.50,87,F1,30,,,,,
2026-04-27,2026-04-27,FO,NSE,IDO,67883,,BANKNIFTY,,2026-04-28,2026-04-28,63800.00,CE,BANKNIFTY26APR63800CE,0.90,1.95,0.55,0.95,0.55,0.85,56264.30,0.95,1980,-180,173,331127698.50,101,F1,30,,,,,
2026-04-27,2026-04-27,FO,NSE,IDO,68180,,BANKNIFTY,,2026-04-28,2026-04-28,65900.00,CE,BANKNIFTY26APR65900CE,0.45,1.90,0.25,0.90,0.35,0.60,56264.30,0.90,6330,-30,41,81057774.00,19,F1,30,,,,,
2026-04-27,2026-04-27,FO,NSE,IDO,68188,,BANKNIFTY,,2026-04-28,2026-04-28,66300.00,CE,BANKNIFTY26APR66300CE,0.80,0.95,0.25,0.30,0.30,0.65,56264.30,0.30,7470,-90,41,81549516.00,15,F1,30,,,,,
2026-04-27,2026-04-27,FO,NSE,IDO,68255,,BANKNIFTY,,2026-04-28,2026-04-28,67500.00,CE,BANKNIFTY26APR67500CE,0.75,0.90,0.50,0.60,0.60,0.65,56264.30,0.60,12570,-540,190,384753367.50,81,F1,30,,,,,
2026-04-27,2026-04-27,FO,NSE,IDO,66464,,BANKNIFTY,,2026-05-26,2026-05-26,44500.00,CE,BANKNIFTY26MAY44500CE,0.00,0.00,0.00,17280.10,0.00,17280.10,56264.30,11968.95,0,0,0,0.00,0,F1,30,,,,,
2026-04-27,2026-04-27,FO,NSE,IDO,66578,,BANKNIFTY,,2026-05-26,2026-05-26,47300.00,CE,BANKNIFTY26MAY47300CE,0.00,0.00,0.00,14526.50,0.00,14526.50,56264.30,9183.05,0,0,0,0.00,0,F1,30,,,,,
2026-04-27,2026-04-27,FO,NSE,IDO,57722,,BANKNIFTY,,2026-06-30,2026-06-30,55500.00,PE,BANKNIFTY26JUN55500PE,1218.20,1371.70,1200.00,1220.40,1213.30,1365.00,56264.30,1220.40,13500,510,89,151598620.50,73,F1,30,,,,,
2026-04-27,2026-04-27,FO,NSE,IDO,75605,,BANKNIFTY,,2026-06-30,2026-06-30,55200.00,PE,BANKNIFTY26JUN55200PE,1118.40,1118.40,1113.15,1115.80,1113.15,1231.40,56264.30,1115.80,180,-30,2,3378946.50,2,F1,30,,,,,
2026-04-27,2026-04-27,FO,NSE,IDO,75566,,BANKNIFTY,,2026-06-30,2026-06-30,53300.00,PE,BANKNIFTY26JUN53300PE,0.00,0.00,0.00,596.60,596.60,596.60,56264.30,656.60,210,0,0,0.00,0,F1,30,,,,,
2026-04-27,2026-04-27,FO,NSE,IDO,75460,,BANKNIFTY,,2026-06-30,2026-06-30,52400.00,PE,BANKNIFTY26JUN52400PE,534.20,534.20,534.20,534.20,534.20,614.20,56264.30,463.25,540,-30,1,1588026.00,1,F1,30,,,,,
2026-04-27,2026-04-27,FO,NSE,IDO,75427,,BANKNIFTY,,2026-06-30,2026-06-30,51300.00,PE,BANKNIFTY26JUN51300PE,436.50,436.50,382.80,382.80,382.80,456.15,56264.30,382.80,870,-90,8,12408705.00,2,F1,30,,,,,
2026-04-27,2026-04-27,FO,NSE,IDO,75279,,BANKNIFTY,,2026-06-30,2026-06-30,49400.00,PE,BANKNIFTY26JUN49400PE,0.00,0.00,0.00,1188.80,0.00,1188.80,56264.30,112.55,0,0,0,0.00,0,F1,30,,,,,
2026-04-27,2026-04-27,FO,NSE,IDO,75271,,BANKNIFTY,,2026-06-30,2026-06-30,49000.00,PE,BANKNIFTY26JUN49000PE,231.45,241.95,202.00,203.00,203.00,257.65,56264.30,203.00,7860,450,53,78262165.50,26,F1,30,,,,,
2026-04-27,2026-04-27,FO,NSE,IDO,75269,,BANKNIFTY,,2026-06-30,2026-06-30,48900.00,PE,BANKNIFTY26JUN48900PE,246.20,246.20,200.00,200.00,200.00,259.85,56264.30,200.00,2250,30,2,2947386.00,2,F1,30,,,,,
2026-04-27,2026-04-27,FO,NSE,IDO,75263,,BANKNIFTY,,2026-06-30,2026-06-30,48600.00,PE,BANKNIFTY26JUN48600PE,0.00,0.00,0.00,916.30,0.00,916.30,56264.30,71.60,0,0,0,0.00,0,F1,30,,,,,
2026-04-27,2026-04-27,FO,NSE,IDO,75031,,BANKNIFTY,,2026-06-30,2026-06-30,45300.00,PE,BANKNIFTY26JUN45300PE,0.00,0.00,0.00,242.05,0.00,242.05,56264.30,7.45,0,0,0,0.00,0,F1,30,,,,,
2026-04-27,2026-04-27,FO,NSE,IDO,74959,,BANKNIFTY,,2026-06-30,2026-06-30,44000.00,PE,BANKNIFTY26JUN44000PE,0.00,0.00,0.00,125.00,0.00,125.00,56264.30,2.50,0,0,0,0.00,0,F1,30,,,,,
2026-04-27,2026-04-27,FO,NSE,IDO,74899,,BANKNIFTY,,2026-06-30,2026-06-30,43000.00,PE,BANKNIFTY26JUN43000PE,50.00,55.00,45.10,45.25,45.25,68.00,56264.30,45.25,4320,1050,56,72323365.50,21,F1,30,,,,,
2026-04-27,2026-04-27,FO,NSE,IDO,68115,,BANKNIFTY,,2026-05-26,2026-05-26,62400.00,PE,BANKNIFTY26MAY62400PE,0.00,0.00,0.00,7634.05,7634.05,7634.05,56264.30,5921.80,60,0,0,0.00,0,F1,30,,,,,
2026-04-27,2026-04-27,FO,NSE,IDO,67807,,BANKNIFTY,,2026-05-26,2026-05-26,59400.00,PE,BANKNIFTY26MAY59400PE,3142.75,3142.75,2889.95,2932.40,2937.30,3151.30,56264.30,2932.40,510,90,12,22445890.50,12,F1,30,,,,,
2026-04-27,2026-04-27,FO,NSE,IDO,67759,,BANKNIFTY,,2026-05-26,2026-05-26,59200.00,PE,BANKNIFTY26MAY59200PE,2900.00,2900.00,2736.85,2801.00,2801.00,3163.80,56264.30,3098.75,1740,150,16,29786331.00,8,F1,30,,,,,
2026-04-27,2026-04-27,FO,NSE,IDO,67613,,BANKNIFTY,,2026-05-26,2026-05-26,58100.00,PE,BANKNIFTY26MAY58100PE,2050.00,2231.10,1982.40,2036.85,2036.85,2241.45,56264.30,2287.65,3000,150,14,25299684.00,14,F1,30,,,,,
2026-04-27,2026-04-27,FO,NSE,IDO,67585,,BANKNIFTY,,2026-05-26,2026-05-26,57300.00,PE,BANKNIFTY26MAY57300PE,1533.00,1688.00,1485.35,1526.90,1530.85,1705.55,56264.30,1526.90,10770,150,17,30013351.50,17,F1,30,,,,,
2026-04-27,2026-04-27,FO,NSE,IDO,67569,,BANKNIFTY,,2026-05-26,2026-05-26,56600.00,PE,BANKNIFTY26MAY56600PE,1234.45,1428.65,1160.00,1187.05,1174.65,1361.90,56264.30,1187.05,17070,1500,782,1357458949.50,648,F1,30,,,,,
2026-04-27,2026-04-27,FO,NSE,IDO,67567,,BANKNIFTY,,2026-05-26,2026-05-26,56500.00,PE,BANKNIFTY26MAY56500PE,1202.05,1400.00,1122.65,1147.95,1137.00,1323.35,56264.30,1147.95,345870,87180,12653,21914675818.50,9864,F1,30,,,,,
2026-04-27,2026-04-27,FO,NSE,IDO,67258,,BANKNIFTY,,2026-05-26,2026-05-26,54900.00,PE,BANKNIFTY26MAY54900PE,669.00,771.80,619.30,631.00,619.30,753.55,56264.30,631.00,3240,-150,57,95065723.50,44,F1,30,,,,,
2026-04-27,2026-04-27,FO,NSE,IDO,67226,,BANKNIFTY,,2026-05-26,2026-05-26,54500.00,PE,BANKNIFTY26MAY54500PE,701.70,701.75,520.70,532.35,530.00,670.45,56264.30,532.35,53940,1320,2426,4008853170.00,1904,F1,30,,,,,
2026-04-27,2026-04-27,FO,NSE,IDO,66771,,BANKNIFTY,,2026-05-26,2026-05-26,51400.00,CE,BANKNIFTY26MAY51400CE,5280.05,5280.05,5050.00,5050.00,5050.00,6200.00,56264.30,5177.90,450,0,3,5094301.50,3,F1,30,,,,,
2026-04-27,2026-04-27,FO,NSE,IDO,67203,,BANKNIFTY,,2026-05-26,2026-05-26,54100.00,PE,BANKNIFTY26MAY54100PE,491.00,570.45,456.00,456.20,456.15,580.55,56264.30,456.20,4200,330,70,114674211.00,53,F1,30,,,,,
2026-04-27,2026-04-27,FO,NSE,IDO,67119,,BANKNIFTY,,2026-05-26,2026-05-26,53200.00,PE,BANKNIFTY26MAY53200PE,338.90,391.65,306.35,323.05,315.10,419.10,56264.30,323.05,6450,1830,149,239290072.50,61,F1,30,,,,,
2026-04-27,2026-04-27,FO,NSE,IDO,67090,,BANKNIFTY,,2026-05-26,2026-05-26,52600.00,PE,BANKNIFTY26MAY52600PE,279.80,307.30,248.20,257.55,257.55,343.70,56264.30,182.20,4530,510,54,85688091.00,25,F1,30,,,,,
2026-04-27,2026-04-27,FO,NSE,IDO,66774,,BANKNIFTY,,2026-05-26,2026-05-26,51500.00,PE,BANKNIFTY26MAY51500PE,195.55,204.10,150.45,156.65,153.75,227.45,56264.30,156.65,32250,7620,989,1533041392.50,553,F1,30,,,,,
2026-04-27,2026-04-27,FO,NSE,IDO,66678,,BANKNIFTY,,2026-05-26,2026-05-26,49900.00,PE,BANKNIFTY26MAY49900PE,0.00,0.00,0.00,84.60,84.60,84.60,56264.30,21.65,30,0,0,0.00,0,F1,30,,,,,
2026-04-27,2026-04-27,FO,NSE,IDO,66649,,BANKNIFTY,,2026-05-26,2026-05-26,48800.00,PE,BANKNIFTY26MAY48800PE,0.00,0.00,0.00,1.30,0.00,1.30,56264.30,7.25,0,0,0,0.00,0,F1,30,,,,,
2026-04-27,2026-04-27,FO,NSE,IDO,66647,,BANKNIFTY,,2026-05-26,2026-05-26,48700.00,PE,BANKNIFTY26MAY48700PE,0.00,0.00,0.00,1.20,0.00,1.20,56264.30,6.55,0,0,0,0.00,0,F1,30,,,,,
2026-04-27,2026-04-27,FO,NSE,IDO,66645,,BANKNIFTY,,2026-05-26,2026-05-26,48600.00,PE,BANKNIFTY26MAY48600PE,0.00,0.00,0.00,1.05,0.00,1.05,56264.30,5.85,0,0,0,0.00,0,F1,30,,,,,
2026-04-27,2026-04-27,FO,NSE,IDO,66614,,BANKNIFTY,,2026-05-26,2026-05-26,48000.00,PE,BANKNIFTY26MAY48000PE,68.85,68.85,34.75,40.30,34.75,65.60,56264.30,40.30,48300,22800,2049,2953345932.00,1027,F1,30,,,,,
2026-04-27,2026-04-27,FO,NSE,IDO,66581,,BANKNIFTY,,2026-05-26,2026-05-26,47300.00,PE,BANKNIFTY26MAY47300PE,0.00,0.00,0.00,0.30,0.00,0.30,56264.30,1.30,0,0,0,0.00,0,F1,30,,,,,
2026-04-27,2026-04-27,FO,NSE,IDO,68323,,BANKNIFTY,,2026-04-28,2026-04-28,69000.00,PE,BANKNIFTY26APR69000PE,0.00,0.00,0.00,8812.35,0.00,8812.35,56264.30,12724.75,0,0,0,0.00,0,F1,30,,,,,
2026-04-27,2026-04-27,FO,NSE,IDO,68199,,BANKNIFTY,,2026-04-28,2026-04-28,66600.00,PE,BANKNIFTY26APR66600PE,0.00,0.00,0.00,10248.05,10248.05,10248.05,56264.30,10325.15,30,0,0,0.00,0,F1,30,,,,,
2026-04-27,2026-04-27,FO,NSE,IDO,68155,,BANKNIFTY,,2026-04-28,2026-04-28,65400.00,PE,BANKNIFTY26APR65400PE,0.00,0.00,0.00,11047.60,11047.60,11047.60,56264.30,9125.35,30,0,0,0.00,0,F1,30,,,,,
2026-04-27,2026-04-27,FO,NSE,IDO,67892,,BANKNIFTY,,2026-04-28,2026-04-28,64200.00,PE,BANKNIFTY26APR64200PE,0.00,0.00,0.00,9854.40,9854.40,9854.40,56264.30,7925.50,60,0,0,0.00,0,F1,30,,,,,
2026-04-27,2026-04-27,FO,NSE,IDO,67880,,BANKNIFTY,,2026-04-28,2026-04-28,63600.00,PE,BANKNIFTY26APR63600PE,7250.10,7250.10,7250.10,7250.10,7250.10,10886.70,56264.30,7325.60,270,-60,2,4251006.00,1,F1,30,,,,,
2026-04-27,2026-04-27,FO,NSE,IDO,67766,,BANKNIFTY,,2026-04-28,2026-04-28,61100.00,PE,BANKNIFTY26APR61100PE,0.00,0.00,0.00,3800.00,3800.00,3800.00,56264.30,4826.00,1320,0,0,0.00,0,F1,30,,,,,
2026-04-27,2026-04-27,FO,NSE,IDO,67731,,BANKNIFTY,,2026-04-28,2026-04-28,60800.00,PE,BANKNIFTY26APR60800PE,0.00,0.00,0.00,4850.00,4850.00,4850.00,56264.30,4526.05,840,0,0,0.00,0,F1,30,,,,,
2026-04-27,2026-04-27,FO,NSE,IDO,67701,,BANKNIFTY,,2026-04-28,2026-04-28,59300.00,PE,BANKNIFTY26APR59300PE,2950.00,2980.00,2940.00,2972.50,2980.00,3420.00,56264.30,2972.50,1260,-180,13,24282000.00,8,F1,30,,,,,
2026-04-27,2026-04-27,FO,NSE,IDO,67636,,BANKNIFTY,,2026-04-28,2026-04-28,58600.00,PE,BANKNIFTY26APR58600PE,0.00,0.00,0.00,2600.00,2600.00,2600.00,56264.30,2326.45,1590,0,0,0.00,0,F1,30,,,,,
2026-04-27,2026-04-27,FO,NSE,IDO,67626,,BANKNIFTY,,2026-04-28,2026-04-28,58100.00,PE,BANKNIFTY26APR58100PE,1995.00,2003.10,1705.90,1759.40,1757.55,1963.20,56264.30,1759.40,2970,-390,24,43198909.50,15,F1,30,,,,,
2026-04-27,2026-04-27,FO,NSE,IDO,67545,,BANKNIFTY,,2026-04-28,2026-04-28,56800.00,PE,BANKNIFTY26APR56800PE,622.00,910.45,463.25,548.80,526.95,831.35,56264.30,548.80,159210,2520,13223,22773361411.50,9076,F1,30,,,,,
2026-04-27,2026-04-27,FO,NSE,IDO,67531,,BANKNIFTY,,2026-04-28,2026-04-28,56100.00,PE,BANKNIFTY26APR56100PE,417.40,417.40,133.90,158.20,138.40,423.85,56264.30,158.20,250020,107520,485012,819752760781.50,315365,F1,30,,,,,
2026-04-27,2026-04-27,FO,NSE,IDO,67459,,BANKNIFTY,,2026-04-28,2026-04-28,53200.00,PE,BANKNIFTY26APR53200PE,5.75,9.20,1.70,3.35,2.45,19.10,56264.30,3.35,42540,-28140,9198,14681341606.50,4455,F1,30,,,,,
2026-04-27,2026-04-27,FO,NSE,IDO,67457,,BANKNIFTY,,2026-04-28,2026-04-28,53100.00,PE,BANKNIFTY26APR53100PE,14.80,22.50,2.15,4.10,5.10,19.45,56264.30,4.10,27330,-17910,10615,16911085912.50,5183,F1,30,,,,,
2026-04-27,2026-04-27,FO,NSE,IDO,67441,,BANKNIFTY,,2026-04-28,2026-04-28,52300.00,PE,BANKNIFTY26APR52300PE,3.85,5.40,1.20,2.20,1.20,10.60,56264.30,2.20,54330,-2250,4334,6800426658.00,2279,F1,30,,,,,
2026-04-27,2026-04-27,FO,NSE,IDO,67415,,BANKNIFTY,,2026-04-28,2026-04-28,51000.00,PE,BANKNIFTY26APR51000PE,4.25,4.30,1.05,1.40,1.20,6.40,56264.30,1.40,384180,-144120,25471,38972242359.00,7097,F1,30,,,,,
2026-04-27,2026-04-27,FO,NSE,IDO,67383,,BANKNIFTY,,2026-04-28,2026-04-28,49700.00,PE,BANKNIFTY26APR49700PE,3.05,3.10,0.90,1.50,1.10,4.05,56264.30,1.50,8160,-210,146,217693476.00,88,F1,30,,,,,
2026-04-27,2026-04-27,FO,NSE,IDO,67304,,BANKNIFTY,,2026-04-28,2026-04-28,48400.00,PE,BANKNIFTY26APR48400PE,1.35,2.00,1.35,1.35,1.35,2.70,56264.30,1.35,4230,-120,7,10164319.50,7,F1,30,,,,,
2026-04-27,2026-04-27,FO,NSE,IDO,67246,,BANKNIFTY,,2026-04-28,2026-04-28,47300.00,PE,BANKNIFTY26APR47300PE,0.00,0.00,0.00,3.40,3.40,3.40,56264.30,0.00,660,0,0,0.00,0,F1,30,,,,,
2026-04-27,2026-04-27,FO,NSE,IDO,67234,,BANKNIFTY,,2026-04-28,2026-04-28,46700.00,PE,BANKNIFTY26APR46700PE,0.00,0.00,0.00,3.20,3.20,3.20,56264.30,0.00,690,0,0,0.00,0,F1,30,,,,,
2026-04-27,2026-04-27,FO,NSE,IDO,67181,,BANKNIFTY,,2026-04-28,2026-04-28,45900.00,PE,BANKNIFTY26APR45900PE,1.75,2.15,0.45,0.95,1.05,1.60,56264.30,0.95,2370,120,50,68851771.50,16,F1,30,,,,,
2026-04-27,2026-04-27,FO,NSE,IDO,67165,,BANKNIFTY,,2026-04-28,2026-04-28,45500.00,PE,BANKNIFTY26APR45500PE,1.15,1.80,0.55,0.70,0.60,1.40,56264.30,0.70,45000,-5640,820,1119320469.00,389,F1,30,,,,,
2026-04-27,2026-04-27,FO,NSE,IDO,76425,,BANKNIFTY,,2027-03-30,2027-03-30,63000.00,CE,BANKNIFTY27MAR63000CE,0.00,0.00,0.00,1338.85,0.00,1338.85,56264.30,3271.15,0,0,0,0.00,0,F1,30,,,,,
2026-04-27,2026-04-27,FO,NSE,IDO,76402,,BANKNIFTY,,2027-03-30,2027-03-30,60000.00,CE,BANKNIFTY27MAR60000CE,0.00,0.00,0.00,1968.25,0.00,1968.25,56264.30,4402.55,0,0,0,0.00,0,F1,30,,,,,
2026-04-27,2026-04-27,FO,NSE,IDO,53250,,BANKNIFTY,,2026-12-29,2026-12-29,66000.00,CE,BANKNIFTY26DEC66000CE,0.00,0.00,0.00,2499.10,0.00,2499.10,56264.30,1553.25,0,0,0,0.00,0,F1,30,,,,,
2026-04-27,2026-04-27,FO,NSE,IDO,53244,,BANKNIFTY,,2026-12-29,2026-12-29,61500.00,CE,BANKNIFTY26DEC61500CE,0.00,0.00,0.00,4337.95,0.00,4337.95,56264.30,2795.10,0,0,0,0.00,0,F1,30,,,,,
2026-04-27,2026-04-27,FO,NSE,IDO,53240,,BANKNIFTY,,2026-12-29,2026-12-29,60000.00,CE,BANKNIFTY26DEC60000CE,0.00,0.00,0.00,5121.40,0.00,5121.40,56264.30,3352.60,0,0,0,0.00,0,F1,30,,,,,
2026-04-27,2026-04-27,FO,NSE,IDO,53222,,BANKNIFTY,,2026-12-29,2026-12-29,52500.00,CE,BANKNIFTY26DEC52500CE,0.00,0.00,0.00,10279.15,0.00,10279.15,56264.30,7396.40,0,0,0,0.00,0,F1,30,,,,,
2026-04-27,2026-04-27,FO,NSE,IDO,53220,,BANKNIFTY,,2026-12-29,2026-12-29,51000.00,CE,BANKNIFTY26DEC51000CE,0.00,0.00,0.00,11516.25,0.00,11516.25,56264.30,8454.90,0,0,0,0.00,0,F1,30,,,,,
2026-04-27,2026-04-27,FO,NSE,IDO,52270,,BANKNIFTY,,2026-09-29,2026-09-29,46500.00,CE,BANKNIFTY26SEP46500CE,0.00,0.00,0.00,11298.00,0.00,11298.00,56264.30,11155.65,0,0,0,0.00,0,F1,30,,,,,
2026-04-27,2026-04-27,FO,NSE,IDO,57812,,BANKNIFTY,,2026-06-30,2026-06-30,69000.00,CE,BANKNIFTY26JUN69000CE,0.00,0.00,0.00,1876.80,0.00,1876.80,56264.30,29.35,0,0,0,0.00,0,F1,30,,,,,
2026-04-27,2026-04-27,FO,NSE,IDO,57782,,BANKNIFTY,,2026-06-30,2026-06-30,67500.00,CE,BANKNIFTY26JUN67500CE,32.00,42.45,31.50,33.20,31.50,32.00,56264.30,33.20,2130,780,28,56728813.50,18,F1,30,,,,,
2026-04-27,2026-04-27,FO,NSE,IDO,75911,,BANKNIFTY,,2026-06-30,2026-06-30,62700.00,CE,BANKNIFTY26JUN62700CE,0.00,0.00,0.00,40.30,0.00,40.30,56264.30,365.20,0,0,0,0.00,0,F1,30,,,,,
2026-04-27,2026-04-27,FO,NSE,IDO,75844,,BANKNIFTY,,2026-06-30,2026-06-30,60800.00,CE,BANKNIFTY26JUN60800CE,0.00,0.00,0.00,89.25,0.00,89.25,56264.30,680.80,0,0,0,0.00,0,F1,30,,,,,
2026-04-27,2026-04-27,FO,NSE,IDO,75824,,BANKNIFTY,,2026-06-30,2026-06-30,59900.00,CE,BANKNIFTY26JUN59900CE,511.60,528.80,482.25,528.80,528.80,515.65,56264.30,892.75,750,120,11,19934086.50,7,F1,30,,,,,
2026-04-27,2026-04-27,FO,NSE,IDO,75822,,BANKNIFTY,,2026-06-30,2026-06-30,59800.00,CE,BANKNIFTY26JUN59800CE,535.60,554.25,500.40,554.25,554.25,526.95,56264.30,919.35,840,150,10,18100740.00,7,F1,30,,,,,
2026-04-27,2026-04-27,FO,NSE,IDO,75809,,BANKNIFTY,,2026-06-30,2026-06-30,59300.00,CE,BANKNIFTY26JUN59300CE,678.60,693.40,650.25,650.25,650.25,703.95,56264.30,1061.80,2130,120,7,12596581.50,5,F1,30,,,,,
2026-04-27,2026-04-27,FO,NSE,IDO,75794,,BANKNIFTY,,2026-06-30,2026-06-30,58700.00,CE,BANKNIFTY26JUN58700CE,841.50,841.50,841.50,841.50,841.50,925.95,56264.30,1254.40,570,-30,1,1786245.00,1,F1,30,,,,,
2026-04-27,2026-04-27,FO,NSE,IDO,75612,,BANKNIFTY,,2026-06-30,2026-06-30,55700.00,CE,BANKNIFTY26JUN55700CE,2429.75,2429.75,2414.80,2414.80,2414.80,2425.70,56264.30,2615.25,60,30,2,3487336.50,2,F1,30,,,,,
2026-04-27,2026-04-27,FO,NSE,IDO,75598,,BANKNIFTY,,2026-06-30,2026-06-30,54900.00,CE,BANKNIFTY26JUN54900CE,0.00,0.00,0.00,2969.10,2969.10,2969.10,56264.30,3095.95,60,0,0,0.00,0,F1,30,,,,,
2026-04-27,2026-04-27,FO,NSE,IDO,76389,,BANKNIFTY,,2027-03-30,2027-03-30,49500.00,PE,BANKNIFTY27MAR49500PE,0.00,0.00,0.00,2038.80,0.00,2038.80,56264.30,1031.15,0,0,0,0.00,0,F1,30,,,,,
2026-04-27,2026-04-27,FO,NSE,IDO,76381,,BANKNIFTY,,2027-03-30,2027-03-30,43500.00,PE,BANKNIFTY27MAR43500PE,0.00,0.00,0.00,610.65,0.00,610.65,56264.30,260.70,0,0,0,0.00,0,F1,30,,,,,
2026-04-27,2026-04-27,FO,NSE,IDO,53247,,BANKNIFTY,,2026-12-29,2026-12-29,63000.00,PE,BANKNIFTY26DEC63000PE,0.00,0.00,0.00,3781.45,0.00,3781.45,56264.30,6454.00,0,0,0,0.00,0,F1,30,,,,,
2026-04-27,2026-04-27,FO,NSE,IDO,53221,,BANKNIFTY,,2026-12-29,2026-12-29,51000.00,PE,BANKNIFTY26DEC51000PE,0.00,0.00,0.00,358.95,0.00,358.95,56264.30,1090.25,0,0,0,0.00,0,F1,30,,,,,
2026-04-27,2026-04-27,FO,NSE,IDO,52298,,BANKNIFTY,,2026-09-29,2026-09-29,55500.00,PE,BANKNIFTY26SEP55500PE,0.00,0.00,0.00,2623.20,0.00,2623.20,56264.30,2062.65,0,0,0,0.00,0,F1,30,,,,,
2026-04-27,2026-04-27,FO,NSE,IDO,52285,,BANKNIFTY,,2026-09-29,2026-09-29,52500.00,PE,BANKNIFTY26SEP52500PE,0.00,0.00,0.00,1578.80,0.00,1578.80,56264.30,1077.45,0,0,0,0.00,0,F1,30,,,,,
2026-04-27,2026-04-27,FO,NSE,IDO,75944,,BANKNIFTY,,2026-06-30,2026-06-30,64000.00,PE,BANKNIFTY26JUN64000PE,0.00,0.00,0.00,12600.90,0.00,12600.90,56264.30,7268.90,0,0,0,0.00,0,F1,30,,,,,
2026-04-27,2026-04-27,FO,NSE,IDO,75910,,BANKNIFTY,,2026-06-30,2026-06-30,62600.00,PE,BANKNIFTY26JUN62600PE,0.00,0.00,0.00,11245.40,0.00,11245.40,56264.30,6032.50,0,0,0,0.00,0,F1,30,,,,,
2026-04-27,2026-04-27,FO,NSE,IDO,75569,,BANKNIFTY,,2026-06-30,2026-06-30,53500.00,CE,BANKNIFTY26JUN53500CE,3989.05,4027.25,3970.05,4027.20,4027.20,4719.05,56264.30,4055.05,450,30,6,10350109.50,6,F1,30,,,,,
2026-04-27,2026-04-27,FO,NSE,IDO,75413,,BANKNIFTY,,2026-06-30,2026-06-30,50700.00,CE,BANKNIFTY26JUN50700CE,0.00,0.00,0.00,2219.90,0.00,2219.90,56264.30,6334.70,0,0,0,0.00,0,F1,30,,,,,
2026-04-27,2026-04-27,FO,NSE,IDO,75282,,BANKNIFTY,,2026-06-30,2026-06-30,49700.00,CE,BANKNIFTY26JUN49700CE,0.00,0.00,0.00,2769.10,0.00,2769.10,56264.30,7237.30,0,0,0,0.00,0,F1,30,,,,,
2026-04-27,2026-04-27,FO,NSE,IDO,75196,,BANKNIFTY,,2026-06-30,2026-06-30,47700.00,CE,BANKNIFTY26JUN47700CE,0.00,0.00,0.00,4095.95,0.00,4095.95,56264.30,9124.65,0,0,0,0.00,0,F1,30,,,,,
2026-04-27,2026-04-27,FO,NSE,IDO,75162,,BANKNIFTY,,2026-06-30,2026-06-30,46400.00,CE,BANKNIFTY26JUN46400CE,0.00,0.00,0.00,5103.60,0.00,5103.60,56264.30,10386.35,0,0,0,0.00,0,F1,30,,,,,
2026-04-27,2026-04-27,FO,NSE,IDO,68211,,BANKNIFTY,,2026-05-26,2026-05-26,65600.00,CE,BANKNIFTY26MAY65600CE,0.00,0.00,0.00,14.70,13.00,14.70,56264.30,7.60,210,0,0,0.00,0,F1,30,,,,,
2026-04-27,2026-04-27,FO,NSE,IDO,68193,,BANKNIFTY,,2026-05-26,2026-05-26,65100.00,CE,BANKNIFTY26MAY65100CE,14.80,15.85,7.15,7.15,7.15,11.00,56264.30,7.15,390,-30,147,287134950.00,70,F1,30,,,,,
2026-04-27,2026-04-27,FO,NSE,IDO,68191,,BANKNIFTY,,2026-05-26,2026-05-26,65000.00,CE,BANKNIFTY26MAY65000CE,10.50,10.50,6.30,6.75,6.35,10.00,56264.30,6.75,107310,32730,2447,4772198821.50,1830,F1,30,,,,,
2026-04-27,2026-04-27,FO,NSE,IDO,68169,,BANKNIFTY,,2026-05-26,2026-05-26,64500.00,CE,BANKNIFTY26MAY64500CE,12.35,12.80,8.55,9.10,8.80,12.20,56264.30,9.10,4950,2370,263,508985316.00,198,F1,30,,,,,
2026-04-27,2026-04-27,FO,NSE,IDO,68142,,BANKNIFTY,,2026-05-26,2026-05-26,63600.00,CE,BANKNIFTY26MAY63600CE,26.10,28.80,12.15,16.40,16.40,24.90,56264.30,16.40,1650,270,51,97337050.50,21,F1,30,,,,,
2026-04-27,2026-04-27,FO,NSE,IDO,68104,,BANKNIFTY,,2026-05-26,2026-05-26,61900.00,CE,BANKNIFTY26MAY61900CE,45.40,49.80,34.85,36.90,36.15,46.50,56264.30,36.90,2940,780,113,209986024.50,71,F1,30,,,,,
2026-04-27,2026-04-27,FO,NSE,IDO,68076,,BANKNIFTY,,2026-05-26,2026-05-26,60800.00,CE,BANKNIFTY26MAY60800CE,98.00,101.00,82.35,82.40,82.35,96.10,56264.30,82.40,7410,1680,180,328816143.00,127,F1,30,,,,,
2026-04-27,2026-04-27,FO,NSE,IDO,67813,,BANKNIFTY,,2026-05-26,2026-05-26,59700.00,CE,BANKNIFTY26MAY59700CE,209.00,221.05,184.40,189.50,189.35,214.35,56264.30,189.50,5310,-300,155,278538045.00,108,F1,30,,,,,
2026-04-27,2026-04-27,FO,NSE,IDF,62326,,BANKNIFTY,,2026-06-30,2026-06-30,,,BANKNIFTY26JUNFUT,56806.00,57001.00,56506.00,56850.20,56885.00,56666.00,56264.30,56850.20,143130,9960,1279,2177277912.00,1060,F1,30,,,,,
2026-04-27,2026-04-27,FO,NSE,IDO,67162,,BANKNIFTY,,2026-04-28,2026-04-28,45400.00,CE,BANKNIFTY26APR45400CE,0.00,0.00,0.00,11037.80,11037.80,11037.80,56264.30,10871.55,30,0,0,0.00,0,F1,30,,,,,
2026-04-27,2026-04-27,FO,NSE,IDO,67239,,BANKNIFTY,,2026-04-28,2026-04-28,47000.00,CE,BANKNIFTY26APR47000CE,9300.00,9412.05,9000.00,9407.90,9407.75,9250.00,56264.30,9407.90,5790,-540,37,62507946.00,21,F1,30,,,,,
2026-04-27,2026-04-27,FO,NSE,IDO,67410,,BANKNIFTY,,2026-04-28,2026-04-28,50800.00,CE,BANKNIFTY26APR50800CE,5288.15,5288.15,5267.05,5267.05,5267.05,5288.15,56264.30,5472.40,20430,-30,2,3364656.00,2,F1,30,,,,,
2026-04-27,2026-04-27,FO,NSE,IDO,67438,,BANKNIFTY,,2026-04-28,2026-04-28,52200.00,CE,BANKNIFTY26APR52200CE,4050.00,4200.00,3775.00,4170.00,4170.00,3750.00,56264.30,4170.00,12720,-270,13,21951090.00,9,F1,30,,,,,
2026-04-27,2026-04-27,FO,NSE,IDO,67440,,BANKNIFTY,,2026-04-28,2026-04-28,52300.00,CE,BANKNIFTY26APR52300CE,4025.45,4115.00,3691.00,4070.00,4070.00,4000.85,56264.30,4070.00,22020,-300,23,38827383.00,19,F1,30,,,,,
2026-04-27,2026-04-27,FO,NSE,IDO,67464,,BANKNIFTY,,2026-04-28,2026-04-28,53500.00,CE,BANKNIFTY26APR53500CE,2900.00,3039.05,2524.80,2860.80,2871.05,2724.45,56264.30,2860.80,42510,-2730,306,516617643.00,200,F1,30,,,,,
2026-04-27,2026-04-27,FO,NSE,IDO,67510,,BANKNIFTY,,2026-04-28,2026-04-28,55200.00,CE,BANKNIFTY26APR55200CE,1346.60,1375.10,831.80,1162.95,1192.95,1150.95,56264.30,1162.95,19020,-2190,1082,1826112804.00,666,F1,30,,,,,
2026-04-27,2026-04-27,FO,NSE,IDO,67544,,BANKNIFTY,,2026-04-28,2026-04-28,56800.00,CE,BANKNIFTY26APR56800CE,245.00,246.40,52.95,95.25,102.25,219.50,56264.30,95.25,435120,163470,286023,488194971600.00,174132,F1,30,,,,,
2026-04-27,2026-04-27,FO,NSE,IDO,67550,,BANKNIFTY,,2026-04-28,2026-04-28,57100.00,CE,BANKNIFTY26APR57100CE,151.35,151.35,29.50,49.75,53.00,145.85,56264.30,49.75,233760,64980,158326,271460467519.50,95091,F1,30,,,,,
2026-04-27,2026-04-27,FO,NSE,IDO,67424,,BANKNIFTY,,2026-04-28,2026-04-28,51500.00,CE,BANKNIFTY26APR51500CE,4830.00,4963.10,4477.50,4847.10,4872.20,4667.90,56264.30,4847.10,110910,-9360,520,878460645.00,475,F1,30,,,,,
2026-04-27,2026-04-27,FO,NSE,IDO,67422,,BANKNIFTY,,2026-04-28,2026-04-28,51400.00,CE,BANKNIFTY26APR51400CE,4950.00,4950.00,4875.00,4900.00,4900.00,4950.40,56264.30,4872.50,16950,-30,3,5067750.00,3,F1,30,,,,,
2026-04-27,2026-04-27,FO,NSE,IDO,67198,,BANKNIFTY,,2026-05-26,2026-05-26,53900.00,CE,BANKNIFTY26MAY53900CE,3237.80,3237.80,2932.90,3132.95,3132.95,3154.75,56264.30,3132.95,870,90,12,20510413.50,10,F1,30,,,,,
2026-04-27,2026-04-27,FO,NSE,IDO,67420,,BANKNIFTY,,2026-04-28,2026-04-28,51300.00,CE,BANKNIFTY26APR51300CE,5050.00,5200.00,4662.00,5031.00,5030.95,4600.00,56264.30,5031.00,18480,-450,26,43913020.50,15,F1,30,,,,,
2026-04-27,2026-04-27,FO,NSE,IDO,67251,,BANKNIFTY,,2026-04-28,2026-04-28,47500.00,CE,BANKNIFTY26APR47500CE,0.00,0.00,0.00,9600.00,9600.00,9600.00,56264.30,8771.85,630,0,0,0.00,0,F1,30,,,,,
2026-04-27,2026-04-27,FO,NSE,IDO,67164,,BANKNIFTY,,2026-04-28,2026-04-28,45500.00,CE,BANKNIFTY26APR45500CE,0.00,0.00,0.00,10500.00,10500.00,10500.00,56264.30,10771.55,210,0,0,0.00,0,F1,30,,,,,
2026-04-27,2026-04-27,FO,NSE,IDO,67142,,BANKNIFTY,,2026-04-28,2026-04-28,44500.00,CE,BANKNIFTY26APR44500CE,0.00,0.00,0.00,12900.00,12900.00,12900.00,56264.30,11771.40,630,0,0,0.00,0,F1,30,,,,,
2026-04-27,2026-04-27,FO,NSE,IDO,75431,,BANKNIFTY,,2026-06-30,2026-06-30,51500.00,PE,BANKNIFTY26JUN51500PE,442.50,476.00,405.00,414.50,415.00,500.00,56264.30,414.50,4890,420,78,121500067.50,33,F1,30,,,,,
2026-04-27,2026-04-27,FO,NSE,IDO,75452,,BANKNIFTY,,2026-06-30,2026-06-30,52100.00,PE,BANKNIFTY26JUN52100PE,0.00,0.00,0.00,564.05,564.05,564.05,56264.30,409.45,720,0,0,0.00,0,F1,30,,,,,
2026-04-27,2026-04-27,FO,NSE,IDO,75462,,BANKNIFTY,,2026-06-30,2026-06-30,52600.00,PE,BANKNIFTY26JUN52600PE,564.80,564.80,564.80,564.80,564.80,646.55,56264.30,564.80,1020,-30,1,1594944.00,1,F1,30,,,,,
2026-04-27,2026-04-27,FO,NSE,IDO,75633,,BANKNIFTY,,2026-06-30,2026-06-30,56700.00,PE,BANKNIFTY26JUN56700PE,1624.70,1624.70,1622.10,1623.40,1622.10,1714.60,56264.30,1623.40,330,-30,2,3499404.00,2,F1,30,,,,,
2026-04-27,2026-04-27,FO,NSE,IDO,75169,,BANKNIFTY,,2026-06-30,2026-06-30,46700.00,PE,BANKNIFTY26JUN46700PE,0.00,0.00,0.00,450.25,0.00,450.25,56264.30,21.15,0,0,0,0.00,0,F1,30,,,,,
2026-04-27,2026-04-27,FO,NSE,IDO,75165,,BANKNIFTY,,2026-06-30,2026-06-30,46400.00,PE,BANKNIFTY26JUN46400PE,0.00,0.00,0.00,397.10,0.00,397.10,56264.30,17.10,0,0,0,0.00,0,F1,30,,,,,
2026-04-27,2026-04-27,FO,NSE,IDO,75113,,BANKNIFTY,,2026-06-30,2026-06-30,46100.00,PE,BANKNIFTY26JUN46100PE,0.00,0.00,0.00,348.85,0.00,348.85,56264.30,13.75,0,0,0,0.00,0,F1,30,,,,,
2026-04-27,2026-04-27,FO,NSE,IDO,57642,,BANKNIFTY,,2026-06-30,2026-06-30,43500.00,PE,BANKNIFTY26JUN43500PE,0.00,0.00,0.00,165.75,0.00,165.75,56264.30,1.60,0,0,0,0.00,0,F1,30,,,,,
2026-04-27,2026-04-27,FO,NSE,IDO,68230,,BANKNIFTY,,2026-05-26,2026-05-26,66200.00,PE,BANKNIFTY26MAY66200PE,0.00,0.00,0.00,10450.45,10450.45,10450.45,56264.30,9636.05,600,0,0,0.00,0,F1,30,,,,,
2026-04-27,2026-04-27,FO,NSE,IDO,68200,,BANKNIFTY,,2026-05-26,2026-05-26,65100.00,PE,BANKNIFTY26MAY65100PE,0.00,0.00,0.00,10464.85,10464.85,10464.85,56264.30,8547.55,600,0,0,0.00,0,F1,30,,,,,
2026-04-27,2026-04-27,FO,NSE,IDO,68167,,BANKNIFTY,,2026-05-26,2026-05-26,64400.00,PE,BANKNIFTY26MAY64400PE,0.00,0.00,0.00,7000.05,7000.05,7000.05,56264.30,7858.35,120,0,0,0.00,0,F1,30,,,,,
2026-04-27,2026-04-27,FO,NSE,IDO,68139,,BANKNIFTY,,2026-05-26,2026-05-26,63400.00,PE,BANKNIFTY26MAY63400PE,0.00,0.00,0.00,10056.45,10056.45,10056.45,56264.30,6882.05,30,0,0,0.00,0,F1,30,,,,,
2026-04-27,2026-04-27,FO,NSE,IDO,68105,,BANKNIFTY,,2026-05-26,2026-05-26,61900.00,PE,BANKNIFTY26MAY61900PE,0.00,0.00,0.00,7146.40,7146.40,7146.40,56264.30,5450.70,90,0,0,0.00,0,F1,30,,,,,
2026-04-27,2026-04-27,FO,NSE,IDO,68101,,BANKNIFTY,,2026-05-26,2026-05-26,61700.00,PE,BANKNIFTY26MAY61700PE,0.00,0.00,0.00,6951.45,6951.45,6951.45,56264.30,5264.45,60,0,0,0.00,0,F1,30,,,,,
2026-04-27,2026-04-27,FO,NSE,IDO,68049,,BANKNIFTY,,2026-05-26,2026-05-26,60500.00,PE,BANKNIFTY26MAY60500PE,3800.00,4228.75,3800.00,3854.40,3854.40,4070.00,56264.30,3854.40,13860,2040,74,143294065.50,69,F1,30,,,,,
2026-04-27,2026-04-27,FO,NSE,IDO,67804,,BANKNIFTY,,2026-05-26,2026-05-26,59300.00,PE,BANKNIFTY26MAY59300PE,2900.00,2900.00,2840.00,2850.00,2850.00,3290.00,56264.30,2850.00,1020,210,9,16782000.00,7,F1,30,,,,,
2026-04-27,2026-04-27,FO,NSE,IDO,67657,,BANKNIFTY,,2026-05-26,2026-05-26,58900.00,PE,BANKNIFTY26MAY58900PE,0.00,0.00,0.00,2401.30,2401.30,2401.30,56264.30,2869.10,420,0,0,0.00,0,F1,30,,,,,
2026-04-27,2026-04-27,FO,NSE,IDO,67571,,BANKNIFTY,,2026-05-26,2026-05-26,56700.00,PE,BANKNIFTY26MAY56700PE,1241.05,1477.00,1205.45,1228.25,1207.60,1402.00,56264.30,1228.25,16290,1920,264,459440245.50,233,F1,30,,,,,
2026-04-27,2026-04-27,FO,NSE,IDO,67297,,BANKNIFTY,,2026-05-26,2026-05-26,56300.00,PE,BANKNIFTY26MAY56300PE,1172.10,1309.55,1041.05,1071.55,1064.20,1233.70,56264.30,1071.55,57420,40080,4430,7636906266.00,3714,F1,30,,,,,
2026-04-27,2026-04-27,FO,NSE,IDO,67283,,BANKNIFTY,,2026-05-26,2026-05-26,55600.00,PE,BANKNIFTY26MAY55600PE,850.05,1009.05,799.50,824.65,799.50,978.70,56264.30,824.65,6120,930,263,445731249.00,215,F1,30,,,,,
2026-04-27,2026-04-27,FO,NSE,IDO,67189,,BANKNIFTY,,2026-05-26,2026-05-26,53600.00,PE,BANKNIFTY26MAY53600PE,405.00,450.00,363.90,375.90,371.55,486.90,56264.30,375.90,4080,120,38,61564489.50,30,F1,30,,,,,
2026-04-27,2026-04-27,FO,NSE,IDO,66800,,BANKNIFTY,,2026-05-26,2026-05-26,51800.00,PE,BANKNIFTY26MAY51800PE,208.00,214.60,172.20,172.25,172.20,250.20,56264.30,172.25,5340,660,35,54600948.00,20,F1,30,,,,,
2026-04-27,2026-04-27,FO,NSE,IDO,66796,,BANKNIFTY,,2026-05-26,2026-05-26,51600.00,PE,BANKNIFTY26MAY51600PE,197.20,197.20,157.30,159.30,157.30,232.30,56264.30,159.30,6420,420,20,31069983.00,12,F1,30,,,,,
2026-04-27,2026-04-27,FO,NSE,IDO,66663,,BANKNIFTY,,2026-05-26,2026-05-26,49500.00,PE,BANKNIFTY26MAY49500PE,79.25,91.00,63.85,67.10,64.75,103.85,56264.30,67.10,53130,13860,1026,1525887561.00,552,F1,30,,,,,
2026-04-27,2026-04-27,FO,NSE,IDO,66604,,BANKNIFTY,,2026-05-26,2026-05-26,47600.00,PE,BANKNIFTY26MAY47600PE,0.00,0.00,0.00,0.40,0.00,0.40,56264.30,1.90,0,0,0,0.00,0,F1,30,,,,,
2026-04-27,2026-04-27,FO,NSE,IDO,66476,,BANKNIFTY,,2026-05-26,2026-05-26,46100.00,PE,BANKNIFTY26MAY46100PE,0.00,0.00,0.00,38.50,38.50,38.50,56264.30,0.30,390,0,0,0.00,0,F1,30,,,,,
2026-04-27,2026-04-27,FO,NSE,IDO,68297,,BANKNIFTY,,2026-04-28,2026-04-28,68000.00,PE,BANKNIFTY26APR68000PE,0.00,0.00,0.00,7869.95,0.00,7869.95,56264.30,11724.90,0,0,0,0.00,0,F1,30,,,,,
2026-04-27,2026-04-27,FO,NSE,IDO,68187,,BANKNIFTY,,2026-04-28,2026-04-28,66200.00,PE,BANKNIFTY26APR66200PE,0.00,0.00,0.00,11750.75,11750.75,11750.75,56264.30,9925.20,30,0,0,0.00,0,F1,30,,,,,
2026-04-27,2026-04-27,FO,NSE,IDO,67864,,BANKNIFTY,,2026-04-28,2026-04-28,63300.00,PE,BANKNIFTY26APR63300PE,0.00,0.00,0.00,10592.15,10592.15,10592.15,56264.30,7025.65,90,0,0,0.00,0,F1,30,,,,,
2026-04-27,2026-04-27,FO,NSE,IDO,67857,,BANKNIFTY,,2026-04-28,2026-04-28,63000.00,PE,BANKNIFTY26APR63000PE,7003.80,7074.70,6615.15,6694.85,6659.80,6910.00,56264.30,6694.85,11010,-25050,1011,2118141801.00,617,F1,30,,,,,
2026-04-27,2026-04-27,FO,NSE,IDO,67820,,BANKNIFTY,,2026-04-28,2026-04-28,62200.00,PE,BANKNIFTY26APR62200PE,0.00,0.00,0.00,11309.25,11309.25,11309.25,56264.30,5925.85,390,0,0,0.00,0,F1,30,,,,,
2026-04-27,2026-04-27,FO,NSE,IDO,67709,,BANKNIFTY,,2026-04-28,2026-04-28,59700.00,PE,BANKNIFTY26APR59700PE,3300.00,3400.00,3300.00,3400.00,3400.00,3400.00,56264.30,3400.00,870,-420,20,37848217.50,14,F1,30,,,,,
2026-04-27,2026-04-27,FO,NSE,IDO,67705,,BANKNIFTY,,2026-04-28,2026-04-28,59500.00,PE,BANKNIFTY26APR59500PE,3159.10,3518.00,3000.00,3191.45,3165.60,3278.60,56264.30,3191.45,28470,-2280,111,208780606.50,102,F1,30,,,,,
2026-04-27,2026-04-27,FO,NSE,IDO,67697,,BANKNIFTY,,2026-04-28,2026-04-28,59100.00,PE,BANKNIFTY26APR59100PE,2885.90,2885.90,2885.90,2885.90,2885.90,1865.05,56264.30,2826.35,420,0,1,1859577.00,1,F1,30,,,,,
2026-04-27,2026-04-27,FO,NSE,IDO,67601,,BANKNIFTY,,2026-04-28,2026-04-28,57800.00,PE,BANKNIFTY26APR57800PE,1350.05,1749.30,1310.00,1456.90,1432.00,1638.35,56264.30,1456.90,7320,-180,111,197391081.00,56,F1,30,,,,,
2026-04-27,2026-04-27,FO,NSE,IDO,67549,,BANKNIFTY,,2026-04-28,2026-04-28,57000.00,PE,BANKNIFTY26APR57000PE,742.05,1091.25,600.00,714.60,683.80,982.60,56264.30,714.60,522900,-80970,40426,70093604598.00,22913,F1,30,,,,,
2026-04-27,2026-04-27,FO,NSE,IDO,67543,,BANKNIFTY,,2026-04-28,2026-04-28,56700.00,PE,BANKNIFTY26APR56700PE,554.90,829.60,404.20,473.15,457.90,754.85,56264.30,473.15,64230,-2520,32036,55006623900.00,18699,F1,30,,,,,
2026-04-27,2026-04-27,FO,NSE,IDO,67541,,BANKNIFTY,,2026-04-28,2026-04-28,56600.00,PE,BANKNIFTY26APR56600PE,453.60,750.00,351.10,404.30,383.00,686.65,56264.30,404.30,64980,-2040,52394,89707552263.00,34127,F1,30,,,,,
2026-04-27,2026-04-27,FO,NSE,IDO,67427,,BANKNIFTY,,2026-04-28,2026-04-28,51600.00,PE,BANKNIFTY26APR51600PE,3.35,4.45,1.50,2.00,1.50,7.75,56264.30,2.00,40080,-4050,1302,2015600029.50,760,F1,30,,,,,
2026-04-27,2026-04-27,FO,NSE,IDO,67403,,BANKNIFTY,,2026-04-28,2026-04-28,50400.00,PE,BANKNIFTY26APR50400PE,2.25,3.25,1.05,1.40,1.05,5.20,56264.30,1.40,32460,-8880,917,1386560232.00,466,F1,30,,,,,
2026-04-27,2026-04-27,FO,NSE,IDO,67331,,BANKNIFTY,,2026-04-28,2026-04-28,49100.00,PE,BANKNIFTY26APR49100PE,1.45,1.50,0.80,1.20,0.85,2.85,56264.30,1.20,12600,-90,29,42718138.50,18,F1,30,,,,,
2026-04-27,2026-04-27,FO,NSE,IDO,67253,,BANKNIFTY,,2026-04-28,2026-04-28,47500.00,PE,BANKNIFTY26APR47500PE,1.20,2.00,0.80,1.60,1.05,2.70,56264.30,1.60,33270,-6810,990,1410798996.00,485,F1,30,,,,,
2026-04-27,2026-04-27,FO,NSE,IDO,67248,,BANKNIFTY,,2026-04-28,2026-04-28,47400.00,PE,BANKNIFTY26APR47400PE,1.25,1.40,0.60,0.80,1.00,2.75,56264.30,0.80,600,-150,10,14220334.50,7,F1,30,,,,,
2026-04-27,2026-04-27,FO,NSE,IDO,67131,,BANKNIFTY,,2026-04-28,2026-04-28,43000.00,PE,BANKNIFTY26APR43000PE,0.50,0.95,0.40,0.55,0.55,0.90,56264.30,0.55,94650,-16800,2647,3414676195.50,664,F1,30,,,,,
2026-04-27,2026-04-27,FO,NSE,IDO,76419,,BANKNIFTY,,2027-03-30,2027-03-30,61500.00,CE,BANKNIFTY27MAR61500CE,0.00,0.00,0.00,1629.75,0.00,1629.75,56264.30,3804.20,0,0,0,0.00,0,F1,30,,,,,
2026-04-27,2026-04-27,FO,NSE,IDO,76380,,BANKNIFTY,,2027-03-30,2027-03-30,43500.00,CE,BANKNIFTY27MAR43500CE,0.00,0.00,0.00,10420.10,0.00,10420.10,56264.30,15460.35,0,0,0,0.00,0,F1,30,,,,,
2026-04-27,2026-04-27,FO,NSE,IDO,75756,,BANKNIFTY,,2026-06-30,2026-06-30,58200.00,PE,BANKNIFTY26JUN58200PE,0.00,0.00,0.00,1956.10,1956.95,1956.10,56264.30,2736.45,390,0,0,0.00,0,F1,30,,,,,
2026-04-27,2026-04-27,FO,NSE,IDO,75760,,BANKNIFTY,,2026-06-30,2026-06-30,58400.00,PE,BANKNIFTY26JUN58400PE,0.00,0.00,0.00,2100.00,2100.00,2100.00,56264.30,2860.25,780,0,0,0.00,0,F1,30,,,,,
2026-04-27,2026-04-27,FO,NSE,IDO,75797,,BANKNIFTY,,2026-06-30,2026-06-30,58800.00,PE,BANKNIFTY26JUN58800PE,0.00,0.00,0.00,2164.95,2164.95,2164.95,56264.30,3116.45,390,0,0,0.00,0,F1,30,,,,,
2026-04-27,2026-04-27,FO,NSE,IDO,75812,,BANKNIFTY,,2026-06-30,2026-06-30,59400.00,PE,BANKNIFTY26JUN59400PE,0.00,0.00,0.00,8215.20,0.00,8215.20,56264.30,3521.35,0,0,0,0.00,0,F1,30,,,,,
2026-04-27,2026-04-27,FO,NSE,IDO,75835,,BANKNIFTY,,2026-06-30,2026-06-30,60400.00,PE,BANKNIFTY26JUN60400PE,0.00,0.00,0.00,9147.45,0.00,9147.45,56264.30,4250.15,0,0,0,0.00,0,F1,30,,,,,
2026-04-27,2026-04-27,FO,NSE,IDO,75848,,BANKNIFTY,,2026-06-30,2026-06-30,60900.00,PE,BANKNIFTY26JUN60900PE,0.00,0.00,0.00,9619.45,0.00,9619.45,56264.30,4632.90,0,0,0,0.00,0,F1,30,,,,,
2026-04-27,2026-04-27,FO,NSE,IDO,75894,,BANKNIFTY,,2026-06-30,2026-06-30,61800.00,PE,BANKNIFTY26JUN61800PE,0.00,0.00,0.00,10476.75,0.00,10476.75,56264.30,5357.75,0,0,0,0.00,0,F1,30,,,,,
2026-04-27,2026-04-27,FO,NSE,IDO,53254,,BANKNIFTY,,2026-12-29,2026-12-29,69000.00,CE,BANKNIFTY26DEC69000CE,0.00,0.00,0.00,1660.30,0.00,1660.30,56264.30,1012.70,0,0,0,0.00,0,F1,30,,,,,
2026-04-27,2026-04-27,FO,NSE,IDO,75182,,BANKNIFTY,,2026-06-30,2026-06-30,47200.00,PE,BANKNIFTY26JUN47200PE,0.00,0.00,0.00,550.45,0.00,550.45,56264.30,29.80,0,0,0,0.00,0,F1,30,,,,,
2026-04-27,2026-04-27,FO,NSE,IDO,53248,,BANKNIFTY,,2026-12-29,2026-12-29,64500.00,CE,BANKNIFTY26DEC64500CE,0.00,0.00,0.00,3029.80,0.00,3029.80,56264.30,1899.90,0,0,0,0.00,0,F1,30,,,,,
2026-04-27,2026-04-27,FO,NSE,IDO,53246,,BANKNIFTY,,2026-12-29,2026-12-29,63000.00,CE,BANKNIFTY26DEC63000CE,0.00,0.00,0.00,3641.35,0.00,3641.35,56264.30,2312.85,0,0,0,0.00,0,F1,30,,,,,
2026-04-27,2026-04-27,FO,NSE,IDO,52404,,BANKNIFTY,,2026-09-29,2026-09-29,63000.00,CE,BANKNIFTY26SEP63000CE,615.00,615.00,550.00,583.70,591.00,606.05,56264.30,583.70,1200,240,19,36238785.00,19,F1,30,,,,,
2026-04-27,2026-04-27,FO,NSE,IDO,76152,,BANKNIFTY,,2026-06-30,2026-06-30,65000.00,CE,BANKNIFTY26JUN65000CE,56.60,56.60,35.15,49.25,49.00,51.25,56264.30,49.25,4890,3450,145,282959002.50,57,F1,30,,,,,
2026-04-27,2026-04-27,FO,NSE,IDO,75887,,BANKNIFTY,,2026-06-30,2026-06-30,61400.00,CE,BANKNIFTY26JUN61400CE,0.00,0.00,0.00,69.85,0.00,69.85,56264.30,563.25,0,0,0,0.00,0,F1,30,,,,,
2026-04-27,2026-04-27,FO,NSE,IDO,57754,,BANKNIFTY,,2026-06-30,2026-06-30,60000.00,CE,BANKNIFTY26JUN60000CE,531.50,531.50,448.00,477.80,479.50,497.30,56264.30,477.80,130920,-210,1132,2054087121.00,787,F1,30,,,,,
2026-04-27,2026-04-27,FO,NSE,IDO,75813,,BANKNIFTY,,2026-06-30,2026-06-30,59500.00,CE,BANKNIFTY26JUN59500CE,629.25,638.45,566.10,595.00,595.00,613.95,56264.30,595.00,9810,360,71,128029681.50,63,F1,30,,,,,
2026-04-27,2026-04-27,FO,NSE,IDO,75804,,BANKNIFTY,,2026-06-30,2026-06-30,59200.00,CE,BANKNIFTY26JUN59200CE,0.00,0.00,0.00,666.00,666.00,666.00,56264.30,1092.20,960,0,0,0.00,0,F1,30,,,,,
2026-04-27,2026-04-27,FO,NSE,IDO,75608,,BANKNIFTY,,2026-06-30,2026-06-30,55400.00,CE,BANKNIFTY26JUN55400CE,2611.00,2611.00,2606.75,2606.75,2606.75,620.20,56264.30,2789.70,30,30,2,3480532.50,2,F1,30,,,,,
2026-04-27,2026-04-27,FO,NSE,IDO,75580,,BANKNIFTY,,2026-06-30,2026-06-30,53900.00,CE,BANKNIFTY26JUN53900CE,0.00,0.00,0.00,971.40,0.00,971.40,56264.30,3764.65,0,0,0,0.00,0,F1,30,,,,,
2026-04-27,2026-04-27,FO,NSE,IDO,75465,,BANKNIFTY,,2026-06-30,2026-06-30,52800.00,CE,BANKNIFTY26JUN52800CE,0.00,0.00,0.00,5041.75,5041.75,5041.75,56264.30,4581.90,240,0,0,0.00,0,F1,30,,,,,
2026-04-27,2026-04-27,FO,NSE,IDO,75374,,BANKNIFTY,,2026-06-30,2026-06-30,50400.00,CE,BANKNIFTY26JUN50400CE,0.00,0.00,0.00,6570.65,6570.65,6570.65,56264.30,6601.70,300,0,0,0.00,0,F1,30,,,,,
2026-04-27,2026-04-27,FO,NSE,IDO,75290,,BANKNIFTY,,2026-06-30,2026-06-30,50100.00,CE,BANKNIFTY26JUN50100CE,0.00,0.00,0.00,2540.05,0.00,2540.05,56264.30,6872.10,0,0,0,0.00,0,F1,30,,,,,
2026-04-27,2026-04-27,FO,NSE,IDO,75270,,BANKNIFTY,,2026-06-30,2026-06-30,49000.00,CE,BANKNIFTY26JUN49000CE,0.00,0.00,0.00,3199.65,0.00,3199.65,56264.30,7887.65,0,0,0,0.00,0,F1,30,,,,,
2026-04-27,2026-04-27,FO,NSE,IDO,75266,,BANKNIFTY,,2026-06-30,2026-06-30,48800.00,CE,BANKNIFTY26JUN48800CE,0.00,0.00,0.00,3329.45,0.00,3329.45,56264.30,8075.80,0,0,0,0.00,0,F1,30,,,,,
2026-04-27,2026-04-27,FO,NSE,IDO,75166,,BANKNIFTY,,2026-06-30,2026-06-30,46600.00,CE,BANKNIFTY26JUN46600CE,0.00,0.00,0.00,4942.05,0.00,4942.05,56264.30,10191.15,0,0,0,0.00,0,F1,30,,,,,
2026-04-27,2026-04-27,FO,NSE,IDO,57643,,BANKNIFTY,,2026-06-30,2026-06-30,45000.00,CE,BANKNIFTY26JUN45000CE,0.00,0.00,0.00,15169.75,0.00,15169.75,56264.30,11759.85,0,0,0,0.00,0,F1,30,,,,,
2026-04-27,2026-04-27,FO,NSE,IDO,68419,,BANKNIFTY,,2026-05-26,2026-05-26,67500.00,CE,BANKNIFTY26MAY67500CE,6.00,6.00,5.80,5.80,5.80,11.90,56264.30,1.60,180,-60,4,8100708.00,2,F1,30,,,,,
2026-04-27,2026-04-27,FO,NSE,IDO,68239,,BANKNIFTY,,2026-05-26,2026-05-26,66500.00,CE,BANKNIFTY26MAY66500CE,5.15,7.50,5.00,5.70,5.70,6.55,56264.30,3.70,6210,-390,44,87787254.00,19,F1,30,,,,,
2026-04-27,2026-04-27,FO,NSE,IDO,68205,,BANKNIFTY,,2026-05-26,2026-05-26,65400.00,CE,BANKNIFTY26MAY65400CE,9.80,13.80,8.05,8.05,8.05,9.30,56264.30,8.90,690,180,23,45132799.50,9,F1,30,,,,,
2026-04-27,2026-04-27,FO,NSE,IDO,68179,,BANKNIFTY,,2026-05-26,2026-05-26,64900.00,CE,BANKNIFTY26MAY64900CE,13.00,13.00,8.45,8.45,8.45,16.70,56264.30,8.45,690,180,16,31156660.50,8,F1,30,,,,,
2026-04-27,2026-04-27,FO,NSE,IDO,68128,,BANKNIFTY,,2026-05-26,2026-05-26,62900.00,CE,BANKNIFTY26MAY62900CE,23.95,23.95,20.15,20.15,20.15,23.45,56264.30,52.85,210,-390,43,81171033.00,27,F1,30,,,,,
2026-04-27,2026-04-27,FO,NSE,IDO,68120,,BANKNIFTY,,2026-05-26,2026-05-26,62600.00,CE,BANKNIFTY26MAY62600CE,27.05,30.00,23.35,27.35,27.35,32.75,56264.30,64.25,780,120,38,71395888.50,20,F1,30,,,,,
2026-04-27,2026-04-27,FO,NSE,IDO,68110,,BANKNIFTY,,2026-05-26,2026-05-26,62200.00,CE,BANKNIFTY26MAY62200CE,46.15,46.15,27.70,32.75,30.95,46.15,56264.30,32.75,720,270,45,84016854.00,30,F1,30,,,,,
2026-04-27,2026-04-27,FO,NSE,IDO,67625,,BANKNIFTY,,2026-05-26,2026-05-26,58700.00,CE,BANKNIFTY26MAY58700CE,438.00,438.00,365.00,389.25,384.05,420.65,56264.30,389.25,9510,2430,308,546106299.00,201,F1,30,,,,,
2026-04-27,2026-04-27,FO,NSE,IDO,67618,,BANKNIFTY,,2026-05-26,2026-05-26,58400.00,CE,BANKNIFTY26MAY58400CE,500.00,544.60,428.00,478.00,475.90,503.40,56264.30,478.00,7500,1020,186,328529251.50,141,F1,30,,,,,
2026-04-27,2026-04-27,FO,NSE,IDO,67582,,BANKNIFTY,,2026-05-26,2026-05-26,57200.00,CE,BANKNIFTY26MAY57200CE,1042.80,1042.80,834.45,937.20,995.00,975.15,56264.30,937.20,17040,3930,663,1156315791.00,509,F1,30,,,,,
2026-04-27,2026-04-27,FO,NSE,IDO,67566,,BANKNIFTY,,2026-05-26,2026-05-26,56500.00,CE,BANKNIFTY26MAY56500CE,1420.00,1435.90,1150.35,1293.65,1302.95,1329.85,56264.30,1293.65,328200,116430,13138,22775402166.00,10386,F1,30,,,,,
2026-04-27,2026-04-27,FO,NSE,IDO,67259,,BANKNIFTY,,2026-05-26,2026-05-26,55000.00,CE,BANKNIFTY26MAY55000CE,2399.95,2466.80,2050.00,2298.25,2290.00,2253.40,56264.30,2298.25,118650,13890,2369,4070937595.50,1959,F1,30,,,,,
2026-04-27,2026-04-27,FO,NSE,IDO,67070,,BANKNIFTY,,2026-05-26,2026-05-26,52200.00,CE,BANKNIFTY26MAY52200CE,0.00,0.00,0.00,4351.65,4351.65,4351.65,56264.30,4443.25,570,0,0,0.00,0,F1,30,,,,,
2026-04-27,2026-04-27,FO,NSE,IDO,66801,,BANKNIFTY,,2026-05-26,2026-05-26,51900.00,CE,BANKNIFTY26MAY51900CE,0.00,0.00,0.00,4700.00,4700.00,4700.00,56264.30,4715.20,570,0,0,0.00,0,F1,30,,,,,
2026-04-27,2026-04-27,FO,NSE,IDO,66763,,BANKNIFTY,,2026-05-26,2026-05-26,51000.00,CE,BANKNIFTY26MAY51000CE,5844.95,5875.35,5340.00,5691.25,5734.35,5577.45,56264.30,5691.25,24420,7350,437,741966466.50,418,F1,30,,,,,
2026-04-27,2026-04-27,FO,NSE,IDO,66755,,BANKNIFTY,,2026-05-26,2026-05-26,50600.00,CE,BANKNIFTY26MAY50600CE,0.00,0.00,0.00,7075.00,7075.00,7075.00,56264.30,5937.30,720,0,0,0.00,0,F1,30,,,,,
2026-04-27,2026-04-27,FO,NSE,IDO,66644,,BANKNIFTY,,2026-05-26,2026-05-26,48600.00,CE,BANKNIFTY26MAY48600CE,0.00,0.00,0.00,13248.70,0.00,13248.70,56264.30,7893.60,0,0,0,0.00,0,F1,30,,,,,
2026-04-27,2026-04-27,FO,NSE,IDO,66638,,BANKNIFTY,,2026-05-26,2026-05-26,48400.00,CE,BANKNIFTY26MAY48400CE,0.00,0.00,0.00,13445.20,0.00,13445.20,56264.30,8091.55,0,0,0,0.00,0,F1,30,,,,,
2026-04-27,2026-04-27,FO,NSE,IDO,66582,,BANKNIFTY,,2026-05-26,2026-05-26,47400.00,CE,BANKNIFTY26MAY47400CE,0.00,0.00,0.00,14428.20,0.00,14428.20,56264.30,9083.70,0,0,0,0.00,0,F1,30,,,,,
2026-04-27,2026-04-27,FO,NSE,IDO,66574,,BANKNIFTY,,2026-05-26,2026-05-26,47200.00,CE,BANKNIFTY26MAY47200CE,0.00,0.00,0.00,14624.85,0.00,14624.85,56264.30,9282.45,0,0,0,0.00,0,F1,30,,,,,
2026-04-27,2026-04-27,FO,NSE,IDO,66480,,BANKNIFTY,,2026-05-26,2026-05-26,46300.00,CE,BANKNIFTY26MAY46300CE,0.00,0.00,0.00,15509.85,0.00,15509.85,56264.30,10177.55,0,0,0,0.00,0,F1,30,,,,,
2026-04-27,2026-04-27,FO,NSE,IDO,40394,,BANKNIFTY,,2026-05-26,2026-05-26,45300.00,CE,BANKNIFTY26MAY45300CE,0.00,0.00,0.00,15239.00,0.00,15239.00,56264.30,11172.65,0,0,0,0.00,0,F1,30,,,,,
2026-04-27,2026-04-27,FO,NSE,IDO,67130,,BANKNIFTY,,2026-04-28,2026-04-28,43000.00,CE,BANKNIFTY26APR43000CE,0.00,0.00,0.00,13535.60,13535.60,13535.60,56264.30,13271.15,30,0,0,0.00,0,F1,30,,,,,
2026-04-27,2026-04-27,FO,NSE,IDF,66068,,BANKNIFTY,,2026-05-26,2026-05-26,,,BANKNIFTY26MAYFUT,56638.00,56774.80,56221.00,56607.60,56669.00,56452.80,56264.30,56607.60,1442820,386340,22201,37641656544.00,16188,F1,30,,,,,
2026-04-27,2026-04-27,FO,NSE,IDO,75914,,BANKNIFTY,,2026-06-30,2026-06-30,62800.00,PE,BANKNIFTY26JUN62800PE,0.00,0.00,0.00,11438.35,0.00,11438.35,56264.30,6205.10,0,0,0,0.00,0,F1,30,,,,,
2026-04-27,2026-04-27,FO,NSE,IDO,52273,,BANKNIFTY,,2026-09-29,2026-09-29,48000.00,PE,BANKNIFTY26SEP48000PE,0.00,0.00,0.00,602.25,0.00,602.25,56264.30,297.90,0,0,0,0.00,0,F1,30,,,,,
2026-04-27,2026-04-27,FO,NSE,IDO,53249,,BANKNIFTY,,2026-12-29,2026-12-29,64500.00,PE,BANKNIFTY26DEC64500PE,0.00,0.00,0.00,4582.05,0.00,4582.05,56264.30,7479.25,0,0,0,0.00,0,F1,30,,,,,
2026-04-27,2026-04-27,FO,NSE,IDO,76383,,BANKNIFTY,,2027-03-30,2027-03-30,45000.00,PE,BANKNIFTY27MAR45000PE,0.00,0.00,0.00,862.55,0.00,862.55,56264.30,385.10,0,0,0,0.00,0,F1,30,,,,,
2026-04-27,2026-04-27,FO,NSE,IDO,68184,,BANKNIFTY,,2026-04-28,2026-04-28,66100.00,CE,BANKNIFTY26APR66100CE,0.40,0.60,0.15,0.35,0.45,0.65,56264.30,0.35,1200,-60,16,31728193.50,10,F1,30,,,,,
2026-04-27,2026-04-27,FO,NSE,IDO,68165,,BANKNIFTY,,2026-04-28,2026-04-28,65700.00,CE,BANKNIFTY26APR65700CE,0.45,0.45,0.25,0.25,0.25,0.70,56264.30,0.25,7050,0,109,214840126.50,24,F1,30,,,,,
2026-04-27,2026-04-27,FO,NSE,IDO,68156,,BANKNIFTY,,2026-04-28,2026-04-28,65500.00,CE,BANKNIFTY26APR65500CE,1.00,1.45,0.40,0.95,0.90,1.05,56264.30,0.95,14010,-2100,185,363529270.50,56,F1,30,,,,,
2026-04-27,2026-04-27,FO,NSE,IDO,67773,,BANKNIFTY,,2026-04-28,2026-04-28,61400.00,CE,BANKNIFTY26APR61400CE,1.75,2.50,0.75,1.25,1.00,1.80,56264.30,1.25,6420,-2550,460,847339321.50,185,F1,30,,,,,
2026-04-27,2026-04-27,FO,NSE,IDO,67769,,BANKNIFTY,,2026-04-28,2026-04-28,61300.00,CE,BANKNIFTY26APR61300CE,1.20,2.15,0.90,1.40,0.90,2.20,56264.30,1.40,15930,-11700,869,1598128503.00,287,F1,30,,,,,
2026-04-27,2026-04-27,FO,NSE,IDO,76401,,BANKNIFTY,,2027-03-30,2027-03-30,58500.00,PE,BANKNIFTY27MAR58500PE,0.00,0.00,0.00,6512.10,0.00,6512.10,56264.30,4030.00,0,0,0,0.00,0,F1,30,,,,,
2026-04-27,2026-04-27,FO,NSE,IDO,67767,,BANKNIFTY,,2026-04-28,2026-04-28,61200.00,CE,BANKNIFTY26APR61200CE,2.35,2.50,1.10,2.00,1.70,2.35,56264.30,2.00,17940,-1860,305,559995643.50,156,F1,30,,,,,
2026-04-27,2026-04-27,FO,NSE,IDO,67726,,BANKNIFTY,,2026-04-28,2026-04-28,60600.00,CE,BANKNIFTY26APR60600CE,1.55,3.35,0.90,1.85,2.30,3.75,56264.30,1.85,29250,-4560,1627,2957985805.50,709,F1,30,,,,,
2026-04-27,2026-04-27,FO,NSE,IDO,67722,,BANKNIFTY,,2026-04-28,2026-04-28,60400.00,CE,BANKNIFTY26APR60400CE,3.80,3.80,1.50,2.05,2.40,3.75,56264.30,2.05,31530,15120,1432,2594873398.50,568,F1,30,,,,,
2026-04-27,2026-04-27,FO,NSE,IDO,67694,,BANKNIFTY,,2026-04-28,2026-04-28,59000.00,CE,BANKNIFTY26APR59000CE,6.00,9.10,3.05,3.65,3.30,13.70,56264.30,3.65,976380,10200,170120,301135078438.50,54999,F1,30,,,,,
2026-04-27,2026-04-27,FO,NSE,IDO,67637,,BANKNIFTY,,2026-04-28,2026-04-28,58700.00,CE,BANKNIFTY26APR58700CE,17.00,17.00,4.00,4.55,4.15,19.75,56264.30,4.55,95670,-24510,31430,55353493537.50,15515,F1,30,,,,,
2026-04-27,2026-04-27,FO,NSE,IDO,67635,,BANKNIFTY,,2026-04-28,2026-04-28,58600.00,CE,BANKNIFTY26APR58600CE,26.00,26.00,4.50,5.10,4.80,22.70,56264.30,5.10,74580,-51750,26562,46700998734.00,14066,F1,30,,,,,
2026-04-27,2026-04-27,FO,NSE,IDO,67633,,BANKNIFTY,,2026-04-28,2026-04-28,58500.00,CE,BANKNIFTY26APR58500CE,16.65,16.65,4.25,5.40,4.90,24.15,56264.30,5.40,589830,95670,181798,319091192512.50,65911,F1,30,,,,,
2026-04-27,2026-04-27,FO,NSE,IDO,67534,,BANKNIFTY,,2026-04-28,2026-04-28,56300.00,CE,BANKNIFTY26APR56300CE,446.75,478.45,151.30,280.80,298.50,412.35,56264.30,280.80,336120,87510,688402,1168272902200.50,418292,F1,30,,,,,
2026-04-27,2026-04-27,FO,NSE,IDO,57692,,BANKNIFTY,,2026-06-30,2026-06-30,45000.00,PE,BANKNIFTY26JUN45000PE,90.75,90.75,73.45,79.80,79.80,95.30,56264.30,79.80,9450,180,45,60858144.00,37,F1,30,,,,,
2026-04-27,2026-04-27,FO,NSE,IDO,75161,,BANKNIFTY,,2026-06-30,2026-06-30,46300.00,PE,BANKNIFTY26JUN46300PE,0.00,0.00,0.00,380.45,0.00,380.45,56264.30,15.95,0,0,0,0.00,0,F1,30,,,,,
2026-04-27,2026-04-27,FO,NSE,IDO,75167,,BANKNIFTY,,2026-06-30,2026-06-30,46600.00,PE,BANKNIFTY26JUN46600PE,0.00,0.00,0.00,431.95,0.00,431.95,56264.30,19.75,0,0,0,0.00,0,F1,30,,,,,
2026-04-27,2026-04-27,FO,NSE,IDO,57700,,BANKNIFTY,,2026-06-30,2026-06-30,48000.00,PE,BANKNIFTY26JUN48000PE,172.00,190.60,161.05,164.35,162.00,205.45,56264.30,164.35,17610,-930,86,124277488.50,44,F1,30,,,,,
2026-04-27,2026-04-27,FO,NSE,IDO,67655,,BANKNIFTY,,2026-05-26,2026-05-26,58800.00,PE,BANKNIFTY26MAY58800PE,0.00,0.00,0.00,2295.55,2295.55,2295.55,56264.30,2793.30,750,0,0,0.00,0,F1,30,,,,,
2026-04-27,2026-04-27,FO,NSE,IDO,67653,,BANKNIFTY,,2026-05-26,2026-05-26,58700.00,PE,BANKNIFTY26MAY58700PE,0.00,0.00,0.00,1970.55,1970.55,1970.55,56264.30,2716.00,1410,0,0,0.00,0,F1,30,,,,,
2026-04-27,2026-04-27,FO,NSE,IDO,67293,,BANKNIFTY,,2026-05-26,2026-05-26,56100.00,PE,BANKNIFTY26MAY56100PE,960.05,1217.60,960.05,993.25,971.15,1155.70,56264.30,993.25,16290,5820,1799,3087040885.50,1479,F1,30,,,,,
2026-04-27,2026-04-27,FO,NSE,IDO,67281,,BANKNIFTY,,2026-05-26,2026-05-26,55500.00,PE,BANKNIFTY26MAY55500PE,900.00,975.00,716.00,794.70,774.00,953.20,56264.30,794.70,136380,15000,5129,8673207651.00,3666,F1,30,,,,,
2026-04-27,2026-04-27,FO,NSE,IDO,75275,,BANKNIFTY,,2026-06-30,2026-06-30,49200.00,PE,BANKNIFTY26JUN49200PE,0.00,0.00,0.00,1116.15,0.00,1116.15,56264.30,100.85,0,0,0,0.00,0,F1,30,,,,,
2026-04-27,2026-04-27,FO,NSE,IDO,75551,,BANKNIFTY,,2026-06-30,2026-06-30,53100.00,PE,BANKNIFTY26JUN53100PE,644.75,644.75,644.75,644.75,644.75,563.40,56264.30,609.25,300,-30,1,1612342.50,1,F1,30,,,,,
2026-04-27,2026-04-27,FO,NSE,IDO,75603,,BANKNIFTY,,2026-06-30,2026-06-30,55100.00,PE,BANKNIFTY26JUN55100PE,1092.90,1092.90,1089.75,1089.75,1089.75,1087.25,56264.30,1089.75,540,0,2,3371479.50,2,F1,30,,,,,
2026-04-27,2026-04-27,FO,NSE,IDO,75609,,BANKNIFTY,,2026-06-30,2026-06-30,55400.00,PE,BANKNIFTY26JUN55400PE,1188.30,1190.40,1188.30,1190.40,1190.40,1300.00,56264.30,1322.55,450,-60,2,3395361.00,2,F1,30,,,,,
2026-04-27,2026-04-27,FO,NSE,IDO,75754,,BANKNIFTY,,2026-06-30,2026-06-30,58100.00,PE,BANKNIFTY26JUN58100PE,0.00,0.00,0.00,2407.95,2407.95,2407.95,56264.30,2675.60,600,0,0,0.00,0,F1,30,,,,,
2026-04-27,2026-04-27,FO,NSE,IDO,75810,,BANKNIFTY,,2026-06-30,2026-06-30,59300.00,PE,BANKNIFTY26JUN59300PE,0.00,0.00,0.00,8122.95,0.00,8122.95,56264.30,3452.20,0,0,0,0.00,0,F1,30,,,,,
2026-04-27,2026-04-27,FO,NSE,IDO,75825,,BANKNIFTY,,2026-06-30,2026-06-30,59900.00,PE,BANKNIFTY26JUN59900PE,0.00,0.00,0.00,8679.15,0.00,8679.15,56264.30,3876.65,0,0,0,0.00,0,F1,30,,,,,
2026-04-27,2026-04-27,FO,NSE,IDO,75833,,BANKNIFTY,,2026-06-30,2026-06-30,60300.00,PE,BANKNIFTY26JUN60300PE,0.00,0.00,0.00,9053.45,0.00,9053.45,56264.30,4174.70,0,0,0,0.00,0,F1,30,,,,,
2026-04-27,2026-04-27,FO,NSE,IDO,75904,,BANKNIFTY,,2026-06-30,2026-06-30,62300.00,PE,BANKNIFTY26JUN62300PE,0.00,0.00,0.00,10956.55,0.00,10956.55,56264.30,5776.40,0,0,0,0.00,0,F1,30,,,,,
2026-04-27,2026-04-27,FO,NSE,IDO,75934,,BANKNIFTY,,2026-06-30,2026-06-30,63500.00,PE,BANKNIFTY26JUN63500PE,6000.00,6000.00,6000.00,6000.00,6000.00,12115.55,56264.30,6820.20,30,30,1,2085000.00,1,F1,30,,,,,
2026-04-27,2026-04-27,FO,NSE,IDO,52359,,BANKNIFTY,,2026-09-29,2026-09-29,58500.00,PE,BANKNIFTY26SEP58500PE,0.00,0.00,0.00,4011.00,0.00,4011.00,56264.30,3489.40,0,0,0,0.00,0,F1,30,,,,,
2026-04-27,2026-04-27,FO,NSE,IDO,53213,,BANKNIFTY,,2026-12-29,2026-12-29,45000.00,PE,BANKNIFTY26DEC45000PE,0.00,0.00,0.00,47.55,0.00,47.55,56264.30,239.70,0,0,0,0.00,0,F1,30,,,,,
2026-04-27,2026-04-27,FO,NSE,IDO,67279,,BANKNIFTY,,2026-05-26,2026-05-26,55400.00,PE,BANKNIFTY26MAY55400PE,756.95,940.40,699.70,760.55,699.70,921.85,56264.30,760.55,5970,1050,352,593552859.00,270,F1,30,,,,,
2026-04-27,2026-04-27,FO,NSE,IDO,67252,,BANKNIFTY,,2026-05-26,2026-05-26,54700.00,PE,BANKNIFTY26MAY54700PE,592.35,716.55,568.85,585.95,574.00,733.35,56264.30,585.95,3810,120,60,99589495.50,52,F1,30,,,,,
2026-04-27,2026-04-27,FO,NSE,IDO,67199,,BANKNIFTY,,2026-05-26,2026-05-26,53900.00,PE,BANKNIFTY26MAY53900PE,450.00,534.40,419.05,422.05,419.05,546.90,56264.30,422.05,4260,90,73,119060238.00,60,F1,30,,,,,
2026-04-27,2026-04-27,FO,NSE,IDO,67197,,BANKNIFTY,,2026-05-26,2026-05-26,53800.00,PE,BANKNIFTY26MAY53800PE,449.95,499.65,394.95,405.95,394.95,525.40,56264.30,405.95,9900,570,68,110675866.50,31,F1,30,,,,,
2026-04-27,2026-04-27,FO,NSE,IDO,67096,,BANKNIFTY,,2026-05-26,2026-05-26,52700.00,PE,BANKNIFTY26MAY52700PE,296.00,312.20,248.80,256.20,248.80,345.10,56264.30,256.20,5850,510,34,54045750.00,22,F1,30,,,,,
2026-04-27,2026-04-27,FO,NSE,IDO,66772,,BANKNIFTY,,2026-05-26,2026-05-26,51400.00,PE,BANKNIFTY26MAY51400PE,228.30,228.30,141.90,146.95,141.90,217.45,56264.30,146.95,3600,-180,61,94348660.50,39,F1,30,,,,,
2026-04-27,2026-04-27,FO,NSE,IDO,66766,,BANKNIFTY,,2026-05-26,2026-05-26,51100.00,PE,BANKNIFTY26MAY51100PE,198.75,198.75,131.00,133.80,132.15,197.45,56264.30,133.80,4050,480,53,81488595.00,35,F1,30,,,,,
2026-04-27,2026-04-27,FO,NSE,IDO,66762,,BANKNIFTY,,2026-05-26,2026-05-26,50900.00,PE,BANKNIFTY26MAY50900PE,145.80,153.00,118.10,123.25,123.05,180.20,56264.30,123.25,3600,90,47,71954224.50,27,F1,30,,,,,
2026-04-27,2026-04-27,FO,NSE,IDO,66756,,BANKNIFTY,,2026-05-26,2026-05-26,50600.00,PE,BANKNIFTY26MAY50600PE,0.00,0.00,0.00,6.25,0.00,6.25,56264.30,40.35,0,0,0,0.00,0,F1,30,,,,,
2026-04-27,2026-04-27,FO,NSE,IDO,66745,,BANKNIFTY,,2026-05-26,2026-05-26,50200.00,PE,BANKNIFTY26MAY50200PE,0.00,0.00,0.00,4.50,0.00,4.50,56264.30,28.45,0,0,0,0.00,0,F1,30,,,,,
2026-04-27,2026-04-27,FO,NSE,IDO,66577,,BANKNIFTY,,2026-05-26,2026-05-26,47200.00,PE,BANKNIFTY26MAY47200PE,0.00,0.00,0.00,0.25,0.00,0.25,56264.30,1.15,0,0,0,0.00,0,F1,30,,,,,
2026-04-27,2026-04-27,FO,NSE,IDO,66556,,BANKNIFTY,,2026-05-26,2026-05-26,46800.00,PE,BANKNIFTY26MAY46800PE,0.00,0.00,0.00,0.20,0.00,0.20,56264.30,0.70,0,0,0,0.00,0,F1,30,,,,,
2026-04-27,2026-04-27,FO,NSE,IDO,66528,,BANKNIFTY,,2026-05-26,2026-05-26,46500.00,PE,BANKNIFTY26MAY46500PE,39.00,40.00,26.10,27.45,26.10,44.50,56264.30,27.45,6300,390,86,120054769.50,61,F1,30,,,,,
2026-04-27,2026-04-27,FO,NSE,IDO,66478,,BANKNIFTY,,2026-05-26,2026-05-26,46200.00,PE,BANKNIFTY26MAY46200PE,33.95,33.95,33.95,33.95,33.95,43.65,56264.30,0.30,330,-90,4,5548074.00,2,F1,30,,,,,
2026-04-27,2026-04-27,FO,NSE,IDO,66472,,BANKNIFTY,,2026-05-26,2026-05-26,45500.00,PE,BANKNIFTY26MAY45500PE,25.00,27.75,20.50,22.25,20.65,31.00,56264.30,22.25,1440,390,102,139299553.50,54,F1,30,,,,,
2026-04-27,2026-04-27,FO,NSE,IDO,68189,,BANKNIFTY,,2026-04-28,2026-04-28,66300.00,PE,BANKNIFTY26APR66300PE,0.00,0.00,0.00,11521.90,11521.90,11521.90,56264.30,10025.20,30,0,0,0.00,0,F1,30,,,,,
2026-04-27,2026-04-27,FO,NSE,IDO,68168,,BANKNIFTY,,2026-04-28,2026-04-28,65700.00,PE,BANKNIFTY26APR65700PE,0.00,0.00,0.00,11348.90,11348.90,11348.90,56264.30,9425.30,30,0,0,0.00,0,F1,30,,,,,
2026-04-27,2026-04-27,FO,NSE,IDO,67786,,BANKNIFTY,,2026-04-28,2026-04-28,61600.00,PE,BANKNIFTY26APR61600PE,0.00,0.00,0.00,10427.75,10427.75,10427.75,56264.30,5325.95,420,0,0,0.00,0,F1,30,,,,,
2026-04-27,2026-04-27,FO,NSE,IDO,67688,,BANKNIFTY,,2026-04-28,2026-04-28,58900.00,PE,BANKNIFTY26APR58900PE,0.00,0.00,0.00,2860.10,2860.10,2860.10,56264.30,2626.35,2250,0,0,0.00,0,F1,30,,,,,
2026-04-27,2026-04-27,FO,NSE,IDO,67634,,BANKNIFTY,,2026-04-28,2026-04-28,58500.00,PE,BANKNIFTY26APR58500PE,2100.00,2542.35,2050.00,2165.30,2137.75,2330.60,56264.30,2165.30,16320,-2760,240,437323080.00,163,F1,30,,,,,
2026-04-27,2026-04-27,FO,NSE,IDO,67612,,BANKNIFTY,,2026-04-28,2026-04-28,58000.00,PE,BANKNIFTY26APR58000PE,1694.05,2064.05,1469.75,1662.95,1622.05,1840.15,56264.30,1662.95,99030,-36870,3215,5762190412.50,2090,F1,30,,,,,
2026-04-27,2026-04-27,FO,NSE,IDO,67563,,BANKNIFTY,,2026-04-28,2026-04-28,57700.00,PE,BANKNIFTY26APR57700PE,1287.10,1646.70,1287.10,1370.45,1365.35,1583.50,56264.30,1370.45,7680,-630,81,143692461.00,62,F1,30,,,,,
2026-04-27,2026-04-27,FO,NSE,IDO,67553,,BANKNIFTY,,2026-04-28,2026-04-28,57200.00,PE,BANKNIFTY26APR57200PE,919.95,1280.00,766.40,888.55,862.60,1130.95,56264.30,888.55,67830,-660,1797,3135625057.50,1123,F1,30,,,,,
2026-04-27,2026-04-27,FO,NSE,IDO,67533,,BANKNIFTY,,2026-04-28,2026-04-28,56200.00,PE,BANKNIFTY26APR56200PE,300.65,447.25,166.25,196.25,177.85,469.75,56264.30,196.25,259590,85410,540546,915690738408.00,337001,F1,30,,,,,
2026-04-27,2026-04-27,FO,NSE,IDO,67513,,BANKNIFTY,,2026-04-28,2026-04-28,55300.00,PE,BANKNIFTY26APR55300PE,96.45,105.85,19.60,26.15,21.95,169.85,56264.30,26.15,260130,186870,162753,270269895495.00,97808,F1,30,,,,,
2026-04-27,2026-04-27,FO,NSE,IDO,67511,,BANKNIFTY,,2026-04-28,2026-04-28,55200.00,PE,BANKNIFTY26APR55200PE,106.75,106.75,15.90,21.40,18.00,151.20,56264.30,21.40,315150,212700,158209,262203238656.00,94714,F1,30,,,,,
2026-04-27,2026-04-27,FO,NSE,IDO,67495,,BANKNIFTY,,2026-04-28,2026-04-28,54900.00,PE,BANKNIFTY26APR54900PE,75.00,75.00,9.45,12.80,10.80,109.30,56264.30,12.80,116460,32160,91249,150358393939.50,48902,F1,30,,,,,
2026-04-27,2026-04-27,FO,NSE,IDO,67485,,BANKNIFTY,,2026-04-28,2026-04-28,54400.00,PE,BANKNIFTY26APR54400PE,59.70,59.70,5.45,6.80,5.50,59.70,56264.30,6.80,70650,-31920,42661,69638188555.50,24354,F1,30,,,,,
2026-04-27,2026-04-27,FO,NSE,IDO,67479,,BANKNIFTY,,2026-04-28,2026-04-28,54200.00,PE,BANKNIFTY26APR54200PE,28.00,30.00,3.80,5.70,4.00,48.00,56264.30,5.70,123540,14880,48419,78742011814.50,25221,F1,30,,,,,
2026-04-27,2026-04-27,FO,NSE,IDO,67465,,BANKNIFTY,,2026-04-28,2026-04-28,53500.00,PE,BANKNIFTY26APR53500PE,10.05,14.00,3.20,4.15,3.60,23.85,56264.30,4.15,449400,240,104676,168022065943.50,34148,F1,30,,,,,
2026-04-27,2026-04-27,FO,NSE,IDO,67455,,BANKNIFTY,,2026-04-28,2026-04-28,53000.00,PE,BANKNIFTY26APR53000PE,6.05,8.95,2.55,3.25,2.55,16.15,56264.30,3.25,576420,9780,106357,169121034822.00,30144,F1,30,,,,,
2026-04-27,2026-04-27,FO,NSE,IDO,67240,,BANKNIFTY,,2026-04-28,2026-04-28,47000.00,PE,BANKNIFTY26APR47000PE,1.95,1.95,1.20,1.40,1.35,2.20,56264.30,1.40,198300,-35310,9138,12884994928.50,2132,F1,30,,,,,
2026-04-27,2026-04-27,FO,NSE,IDO,67238,,BANKNIFTY,,2026-04-28,2026-04-28,46900.00,PE,BANKNIFTY26APR46900PE,0.00,0.00,0.00,2.30,2.30,2.30,56264.30,0.00,210,0,0,0.00,0,F1,30,,,,,
2026-04-27,2026-04-27,FO,NSE,IDO,67236,,BANKNIFTY,,2026-04-28,2026-04-28,46800.00,PE,BANKNIFTY26APR46800PE,2.20,2.80,1.20,1.50,1.50,2.20,56264.30,0.00,1170,630,34,47738220.00,5,F1,30,,,,,
2026-04-27,2026-04-27,FO,NSE,IDO,67170,,BANKNIFTY,,2026-04-28,2026-04-28,45700.00,PE,BANKNIFTY26APR45700PE,1.70,1.70,0.50,1.25,1.50,3.20,56264.30,1.25,390,30,6,8226237.00,6,F1,30,,,,,
2026-04-27,2026-04-27,FO,NSE,IDO,67153,,BANKNIFTY,,2026-04-28,2026-04-28,45000.00,PE,BANKNIFTY26APR45000PE,1.05,1.95,0.50,0.65,0.60,1.35,56264.30,0.65,133500,-20340,2551,3443911632.00,938,F1,30,,,,,
2026-04-27,2026-04-27,FO,NSE,IDO,67133,,BANKNIFTY,,2026-04-28,2026-04-28,43500.00,PE,BANKNIFTY26APR43500PE,1.00,1.25,0.70,0.90,0.70,1.50,56264.30,0.90,32460,-14790,1257,1640421534.00,311,F1,30,,,,,
2026-04-27,2026-04-27,FO,NSE,IDO,76396,,BANKNIFTY,,2027-03-30,2027-03-30,55500.00,CE,BANKNIFTY27MAR55500CE,0.00,0.00,0.00,3363.80,0.00,3363.80,56264.30,6617.35,0,0,0,0.00,0,F1,30,,,,,
2026-04-27,2026-04-27,FO,NSE,IDO,53226,,BANKNIFTY,,2026-12-29,2026-12-29,55500.00,CE,BANKNIFTY26DEC55500CE,0.00,0.00,0.00,7987.45,0.00,7987.45,56264.30,5520.35,0,0,0,0.00,0,F1,30,,,,,
2026-04-27,2026-04-27,FO,NSE,IDO,53198,,BANKNIFTY,,2026-12-29,2026-12-29,45000.00,CE,BANKNIFTY26DEC45000CE,0.00,0.00,0.00,16853.55,0.00,16853.55,56264.30,13357.25,0,0,0,0.00,0,F1,30,,,,,
2026-04-27,2026-04-27,FO,NSE,IDO,52334,,BANKNIFTY,,2026-09-29,2026-09-29,57000.00,CE,BANKNIFTY26SEP57000CE,0.00,0.00,0.00,4285.45,0.00,4285.45,56264.30,3475.80,0,0,0,0.00,0,F1,30,,,,,
2026-04-27,2026-04-27,FO,NSE,IDO,57761,,BANKNIFTY,,2026-06-30,2026-06-30,63000.00,CE,BANKNIFTY26JUN63000CE,114.95,125.50,98.00,101.20,98.50,105.15,56264.30,101.20,66390,3750,510,965521071.00,273,F1,30,,,,,
2026-04-27,2026-04-27,FO,NSE,IDO,75895,,BANKNIFTY,,2026-06-30,2026-06-30,61900.00,CE,BANKNIFTY26JUN61900CE,0.00,0.00,0.00,56.70,0.00,56.70,56264.30,478.50,0,0,0,0.00,0,F1,30,,,,,
2026-04-27,2026-04-27,FO,NSE,IDO,75832,,BANKNIFTY,,2026-06-30,2026-06-30,60300.00,CE,BANKNIFTY26JUN60300CE,0.00,0.00,0.00,108.95,0.00,108.95,56264.30,795.15,0,0,0,0.00,0,F1,30,,,,,
2026-04-27,2026-04-27,FO,NSE,IDO,75815,,BANKNIFTY,,2026-06-30,2026-06-30,59600.00,CE,BANKNIFTY26JUN59600CE,600.70,600.70,550.00,569.25,569.25,590.00,56264.30,974.40,870,90,9,16248673.50,5,F1,30,,,,,
2026-04-27,2026-04-27,FO,NSE,IDO,75800,,BANKNIFTY,,2026-06-30,2026-06-30,59000.00,CE,BANKNIFTY26JUN59000CE,805.00,807.55,700.00,738.65,741.00,778.00,56264.30,738.65,21000,3060,344,616596085.50,167,F1,30,,,,,
2026-04-27,2026-04-27,FO,NSE,IDO,75665,,BANKNIFTY,,2026-06-30,2026-06-30,57700.00,CE,BANKNIFTY26JUN57700CE,0.00,0.00,0.00,1305.35,1305.35,1305.35,56264.30,1631.90,210,0,0,0.00,0,F1,30,,,,,
2026-04-27,2026-04-27,FO,NSE,IDO,75657,,BANKNIFTY,,2026-06-30,2026-06-30,57400.00,CE,BANKNIFTY26JUN57400CE,0.00,0.00,0.00,1406.20,1409.50,1406.20,56264.30,1759.60,690,0,0,0.00,0,F1,30,,,,,
2026-04-27,2026-04-27,FO,NSE,IDO,75652,,BANKNIFTY,,2026-06-30,2026-06-30,57300.00,CE,BANKNIFTY26JUN57300CE,0.00,0.00,0.00,1552.35,1552.35,1552.35,56264.30,1803.70,780,0,0,0.00,0,F1,30,,,,,
2026-04-27,2026-04-27,FO,NSE,IDO,75626,,BANKNIFTY,,2026-06-30,2026-06-30,56400.00,CE,BANKNIFTY26JUN56400CE,1971.95,1971.95,1971.55,1971.55,1971.55,2036.80,56264.30,2235.60,150,0,2,3502305.00,2,F1,30,,,,,
2026-04-27,2026-04-27,FO,NSE,IDO,75459,,BANKNIFTY,,2026-06-30,2026-06-30,52400.00,CE,BANKNIFTY26JUN52400CE,0.00,0.00,0.00,4905.15,4905.15,4905.15,56264.30,4897.75,240,0,0,0.00,0,F1,30,,,,,
2026-04-27,2026-04-27,FO,NSE,IDO,75451,,BANKNIFTY,,2026-06-30,2026-06-30,52100.00,CE,BANKNIFTY26JUN52100CE,0.00,0.00,0.00,5159.30,5159.30,5159.30,56264.30,5140.70,240,0,0,0.00,0,F1,30,,,,,
2026-04-27,2026-04-27,FO,NSE,IDO,75280,,BANKNIFTY,,2026-06-30,2026-06-30,49600.00,CE,BANKNIFTY26JUN49600CE,0.00,0.00,0.00,2828.30,0.00,2828.30,56264.30,7329.35,0,0,0,0.00,0,F1,30,,,,,
2026-04-27,2026-04-27,FO,NSE,IDO,75278,,BANKNIFTY,,2026-06-30,2026-06-30,49400.00,CE,BANKNIFTY26JUN49400CE,0.00,0.00,0.00,2949.05,0.00,2949.05,56264.30,7514.40,0,0,0,0.00,0,F1,30,,,,,
2026-04-27,2026-04-27,FO,NSE,IDO,75251,,BANKNIFTY,,2026-06-30,2026-06-30,48500.00,CE,BANKNIFTY26JUN48500CE,0.00,0.00,0.00,3529.70,0.00,3529.70,56264.30,8359.60,0,0,0,0.00,0,F1,30,,,,,
2026-04-27,2026-04-27,FO,NSE,IDO,75227,,BANKNIFTY,,2026-06-30,2026-06-30,47900.00,CE,BANKNIFTY26JUN47900CE,0.00,0.00,0.00,3952.10,0.00,3952.10,56264.30,8932.40,0,0,0,0.00,0,F1,30,,,,,
2026-04-27,2026-04-27,FO,NSE,IDO,75083,,BANKNIFTY,,2026-06-30,2026-06-30,45900.00,CE,BANKNIFTY26JUN45900CE,0.00,0.00,0.00,5516.80,0.00,5516.80,56264.30,10875.65,0,0,0,0.00,0,F1,30,,,,,
2026-04-27,2026-04-27,FO,NSE,IDO,74958,,BANKNIFTY,,2026-06-30,2026-06-30,44000.00,CE,BANKNIFTY26JUN44000CE,0.00,0.00,0.00,7188.55,0.00,7188.55,56264.30,12745.60,0,0,0,0.00,0,F1,30,,,,,
2026-04-27,2026-04-27,FO,NSE,IDO,68223,,BANKNIFTY,,2026-05-26,2026-05-26,66100.00,CE,BANKNIFTY26MAY66100CE,8.25,9.90,5.15,6.85,6.85,6.90,56264.30,5.15,120,0,9,17848677.00,7,F1,30,,,,,
2026-04-27,2026-04-27,FO,NSE,IDO,68219,,BANKNIFTY,,2026-05-26,2026-05-26,65900.00,CE,BANKNIFTY26MAY65900CE,9.95,12.00,6.15,6.15,6.15,12.55,56264.30,6.00,480,270,27,53386884.00,15,F1,30,,,,,
2026-04-27,2026-04-27,FO,NSE,IDO,68201,,BANKNIFTY,,2026-05-26,2026-05-26,65200.00,CE,BANKNIFTY26MAY65200CE,9.75,9.75,7.90,7.90,7.90,9.75,56264.30,10.35,210,120,8,15649998.00,4,F1,30,,,,,
2026-04-27,2026-04-27,FO,NSE,IDO,68171,,BANKNIFTY,,2026-05-26,2026-05-26,64600.00,CE,BANKNIFTY26MAY64600CE,7.30,13.00,7.30,11.65,11.50,48.00,56264.30,11.65,210,-210,28,54272376.00,18,F1,30,,,,,
2026-04-27,2026-04-27,FO,NSE,IDO,68114,,BANKNIFTY,,2026-05-26,2026-05-26,62400.00,CE,BANKNIFTY26MAY62400CE,39.90,44.90,30.30,30.30,30.30,38.90,56264.30,30.30,1020,180,28,52445800.50,17,F1,30,,,,,
2026-04-27,2026-04-27,FO,NSE,IDO,68082,,BANKNIFTY,,2026-05-26,2026-05-26,61100.00,CE,BANKNIFTY26MAY61100CE,75.35,80.75,62.05,66.15,67.25,75.35,56264.30,66.15,6480,1530,270,495495769.50,142,F1,30,,,,,
2026-04-27,2026-04-27,FO,NSE,IDO,67654,,BANKNIFTY,,2026-05-26,2026-05-26,58800.00,CE,BANKNIFTY26MAY58800CE,395.55,409.00,334.05,361.60,358.55,397.00,56264.30,361.60,13980,810,216,383427408.00,164,F1,30,,,,,
2026-04-27,2026-04-27,FO,NSE,IDO,67616,,BANKNIFTY,,2026-05-26,2026-05-26,58300.00,CE,BANKNIFTY26MAY58300CE,567.10,567.10,448.50,504.85,492.00,540.10,56264.30,504.85,7770,1260,160,282255513.00,139,F1,30,,,,,
2026-04-27,2026-04-27,FO,NSE,IDO,67574,,BANKNIFTY,,2026-05-26,2026-05-26,56900.00,CE,BANKNIFTY26MAY56900CE,1190.00,1200.95,983.25,1078.90,1076.85,1125.35,56264.30,1078.90,10770,2160,289,502633072.50,252,F1,30,,,,,
2026-04-27,2026-04-27,FO,NSE,IDO,67280,,BANKNIFTY,,2026-05-26,2026-05-26,55500.00,CE,BANKNIFTY26MAY55500CE,1906.85,2083.90,1725.00,1934.40,1893.15,1932.40,56264.30,1934.40,22710,-270,898,1546798398.00,691,F1,30,,,,,
2026-04-27,2026-04-27,FO,NSE,IDO,67257,,BANKNIFTY,,2026-05-26,2026-05-26,54900.00,CE,BANKNIFTY26MAY54900CE,0.00,0.00,0.00,3302.75,3302.75,3302.75,56264.30,2286.65,1470,0,0,0.00,0,F1,30,,,,,
2026-04-27,2026-04-27,FO,NSE,IDO,67227,,BANKNIFTY,,2026-05-26,2026-05-26,54600.00,CE,BANKNIFTY26MAY54600CE,0.00,0.00,0.00,2883.90,2883.90,2883.90,56264.30,2493.40,900,0,0,0.00,0,F1,30,,,,,
2026-04-27,2026-04-27,FO,NSE,IDO,67177,,BANKNIFTY,,2026-05-26,2026-05-26,53400.00,CE,BANKNIFTY26MAY53400CE,3498.25,3587.55,3498.20,3587.55,3587.55,3232.75,56264.30,3587.55,540,0,6,10250538.00,6,F1,30,,,,,
2026-04-27,2026-04-27,FO,NSE,IDO,67091,,BANKNIFTY,,2026-05-26,2026-05-26,52700.00,CE,BANKNIFTY26MAY52700CE,3956.45,3956.45,3956.45,3956.45,3956.45,4233.25,56264.30,4001.15,720,0,1,1699693.50,1,F1,30,,,,,
2026-04-27,2026-04-27,FO,NSE,IDO,66773,,BANKNIFTY,,2026-05-26,2026-05-26,51500.00,CE,BANKNIFTY26MAY51500CE,5325.00,5325.00,4900.00,5200.00,5200.00,5150.00,56264.30,5084.50,6120,1170,47,79744914.00,45,F1,30,,,,,
2026-04-27,2026-04-27,FO,NSE,IDO,66767,,BANKNIFTY,,2026-05-26,2026-05-26,51200.00,CE,BANKNIFTY26MAY51200CE,0.00,0.00,0.00,4694.20,4694.20,4694.20,56264.30,5365.80,690,0,0,0.00,0,F1,30,,,,,
2026-04-27,2026-04-27,FO,NSE,IDO,66765,,BANKNIFTY,,2026-05-26,2026-05-26,51100.00,CE,BANKNIFTY26MAY51100CE,0.00,0.00,0.00,5184.90,5184.90,5184.90,56264.30,5460.25,420,0,0,0.00,0,F1,30,,,,,
2026-04-27,2026-04-27,FO,NSE,IDO,66744,,BANKNIFTY,,2026-05-26,2026-05-26,50200.00,CE,BANKNIFTY26MAY50200CE,0.00,0.00,0.00,5332.10,5332.10,5332.10,56264.30,6323.55,900,0,0,0.00,0,F1,30,,,,,
2026-04-27,2026-04-27,FO,NSE,IDO,67921,,BANKNIFTY,,2026-04-28,2026-04-28,64700.00,CE,BANKNIFTY26APR64700CE,1.30,2.00,0.60,1.70,1.45,1.30,56264.30,1.70,19380,-480,112,217396632.00,44,F1,30,,,,,
2026-04-27,2026-04-27,FO,NSE,IDO,67763,,BANKNIFTY,,2026-04-28,2026-04-28,61100.00,CE,BANKNIFTY26APR61100CE,3.00,3.00,0.90,1.65,0.90,2.30,56264.30,1.65,14400,-2790,1172,2148328131.00,387,F1,30,,,,,
2026-04-27,2026-04-27,FO,NSE,IDO,67700,,BANKNIFTY,,2026-04-28,2026-04-28,59300.00,CE,BANKNIFTY26APR59300CE,10.60,10.60,2.65,3.05,2.75,10.60,56264.30,3.05,44970,-1380,11406,20292591336.00,5367,F1,30,,,,,
2026-04-27,2026-04-27,FO,NSE,IDO,67639,,BANKNIFTY,,2026-04-28,2026-04-28,58800.00,CE,BANKNIFTY26APR58800CE,11.00,14.00,3.45,4.15,3.45,17.70,56264.30,4.15,97710,-29850,30854,54431511093.00,13585,F1,30,,,,,
2026-04-27,2026-04-27,FO,NSE,IDO,67546,,BANKNIFTY,,2026-04-28,2026-04-28,56900.00,CE,BANKNIFTY26APR56900CE,194.40,201.00,43.25,76.30,83.00,188.85,56264.30,76.30,214350,45330,205398,351094317678.00,128676,F1,30,,,,,
2026-04-27,2026-04-27,FO,NSE,IDO,67480,,BANKNIFTY,,2026-04-28,2026-04-28,54300.00,CE,BANKNIFTY26APR54300CE,2010.75,2025.75,1702.20,2003.65,2003.65,1936.00,56264.30,1973.05,15330,-30,16,26972272.50,12,F1,30,,,,,
2026-04-27,2026-04-27,FO,NSE,IDO,67470,,BANKNIFTY,,2026-04-28,2026-04-28,53800.00,CE,BANKNIFTY26APR53800CE,2450.00,2600.00,2232.45,2600.00,2600.00,2447.55,56264.30,2472.85,10440,-270,9,15178231.50,8,F1,30,,,,,
2026-04-27,2026-04-27,FO,NSE,IDO,67416,,BANKNIFTY,,2026-04-28,2026-04-28,51100.00,CE,BANKNIFTY26APR51100CE,5259.95,5259.95,5200.00,5225.60,5243.05,5259.95,56264.30,5225.60,11310,-360,12,20277466.50,7,F1,30,,,,,
2026-04-27,2026-04-27,FO,NSE,IDO,67394,,BANKNIFTY,,2026-04-28,2026-04-28,50100.00,CE,BANKNIFTY26APR50100CE,5900.00,6330.10,5900.00,6231.90,6231.85,5920.10,56264.30,6231.90,30030,-300,15,25302511.50,8,F1,30,,,,,
2026-04-27,2026-04-27,FO,NSE,IDO,67392,,BANKNIFTY,,2026-04-28,2026-04-28,50000.00,CE,BANKNIFTY26APR50000CE,6418.70,6537.20,5950.50,6371.75,6441.95,6221.40,56264.30,6371.75,108660,-18030,1215,2051377726.50,964,F1,30,,,,,
2026-04-27,2026-04-27,FO,NSE,IDO,67334,,BANKNIFTY,,2026-04-28,2026-04-28,49200.00,CE,BANKNIFTY26APR49200CE,7342.80,7342.80,7265.45,7265.45,7265.45,8050.10,56264.30,7072.15,2370,0,20,33902475.00,2,F1,30,,,,,
2026-04-27,2026-04-27,FO,NSE,IDO,67305,,BANKNIFTY,,2026-04-28,2026-04-28,48500.00,CE,BANKNIFTY26APR48500CE,8024.00,8024.00,7880.00,7890.00,7900.00,8653.10,56264.30,7890.00,2220,-60,3,5079120.00,3,F1,30,,,,,
2026-04-27,2026-04-27,FO,NSE,IDO,67247,,BANKNIFTY,,2026-04-28,2026-04-28,47400.00,CE,BANKNIFTY26APR47400CE,0.00,0.00,0.00,8800.65,8800.65,8800.65,56264.30,8871.85,30,0,0,0.00,0,F1,30,,,,,
2026-04-27,2026-04-27,FO,NSE,IDO,67175,,BANKNIFTY,,2026-04-28,2026-04-28,45900.00,CE,BANKNIFTY26APR45900CE,0.00,0.00,0.00,10081.05,10081.05,10081.05,56264.30,10371.60,450,0,0,0.00,0,F1,30,,,,,
2026-04-27,2026-04-27,FO,NSE,IDO,67134,,BANKNIFTY,,2026-04-28,2026-04-28,44000.00,CE,BANKNIFTY26APR44000CE,12370.75,12450.05,12100.00,12185.70,12185.70,12262.50,56264.30,12185.70,3780,-3030,184,310627086.00,51,F1,30,,,,,
2026-04-27,2026-04-27,FO,NSE,IDO,67132,,BANKNIFTY,,2026-04-28,2026-04-28,43500.00,CE,BANKNIFTY26APR43500CE,0.00,0.00,0.00,16371.65,0.00,16371.65,56264.30,12771.25,0,0,0,0.00,0,F1,30,,,,,
2026-04-27,2026-04-27,FO,NSE,IDO,68073,,BANKNIFTY,,2026-05-26,2026-05-26,60700.00,PE,BANKNIFTY26MAY60700PE,4279.55,4279.55,4277.05,4277.05,4277.05,8360.10,56264.30,4356.80,510,150,7,13645626.00,5,F1,30,,,,,
2026-04-27,2026-04-27,FO,NSE,IDO,68089,,BANKNIFTY,,2026-05-26,2026-05-26,61300.00,PE,BANKNIFTY26MAY61300PE,0.00,0.00,0.00,3600.00,3600.00,3600.00,56264.30,4896.30,150,0,0,0.00,0,F1,30,,,,,
2026-04-27,2026-04-27,FO,NSE,IDO,68097,,BANKNIFTY,,2026-05-26,2026-05-26,61600.00,PE,BANKNIFTY26MAY61600PE,0.00,0.00,0.00,6857.30,6857.30,6857.30,56264.30,5171.85,90,0,0,0.00,0,F1,30,,,,,
2026-04-27,2026-04-27,FO,NSE,IDO,68103,,BANKNIFTY,,2026-05-26,2026-05-26,61800.00,PE,BANKNIFTY26MAY61800PE,0.00,0.00,0.00,7051.00,7051.00,7051.00,56264.30,5357.40,60,0,0,0.00,0,F1,30,,,,,
2026-04-27,2026-04-27,FO,NSE,IDO,68206,,BANKNIFTY,,2026-05-26,2026-05-26,65400.00,PE,BANKNIFTY26MAY65400PE,0.00,0.00,0.00,10104.75,10104.75,10104.75,56264.30,8843.90,570,0,0,0.00,0,F1,30,,,,,
2026-04-27,2026-04-27,FO,NSE,IDO,75907,,BANKNIFTY,,2026-06-30,2026-06-30,62500.00,CE,BANKNIFTY26JUN62500CE,0.00,0.00,0.00,43.95,0.00,43.95,56264.30,391.15,0,0,0,0.00,0,F1,30,,,,,
2026-04-27,2026-04-27,FO,NSE,IDO,75909,,BANKNIFTY,,2026-06-30,2026-06-30,62600.00,CE,BANKNIFTY26JUN62600CE,0.00,0.00,0.00,42.10,0.00,42.10,56264.30,377.95,0,0,0,0.00,0,F1,30,,,,,
2026-04-27,2026-04-27,FO,NSE,IDO,52286,,BANKNIFTY,,2026-09-29,2026-09-29,54000.00,CE,BANKNIFTY26SEP54000CE,0.00,0.00,0.00,5890.50,0.00,5890.50,56264.30,5191.55,0,0,0,0.00,0,F1,30,,,,,
2026-04-27,2026-04-27,FO,NSE,IDO,52388,,BANKNIFTY,,2026-09-29,2026-09-29,61500.00,CE,BANKNIFTY26SEP61500CE,0.00,0.00,0.00,1400.00,1400.00,1400.00,56264.30,1711.05,150,0,0,0.00,0,F1,30,,,,,
2026-04-27,2026-04-27,FO,NSE,IDO,76388,,BANKNIFTY,,2027-03-30,2027-03-30,49500.00,CE,BANKNIFTY27MAR49500CE,0.00,0.00,0.00,6266.75,0.00,6266.75,56264.30,10566.70,0,0,0,0.00,0,F1,30,,,,,
2026-04-27,2026-04-27,FO,NSE,IDO,67174,,BANKNIFTY,,2026-04-28,2026-04-28,45800.00,PE,BANKNIFTY26APR45800PE,0.00,0.00,0.00,0.25,0.00,0.25,56264.30,0.00,0,0,0,0.00,0,F1,30,,,,,
2026-04-27,2026-04-27,FO,NSE,IDO,67220,,BANKNIFTY,,2026-04-28,2026-04-28,46200.00,PE,BANKNIFTY26APR46200PE,0.00,0.00,0.00,4.00,4.00,4.00,56264.30,0.00,930,0,0,0.00,0,F1,30,,,,,
2026-04-27,2026-04-27,FO,NSE,IDO,67373,,BANKNIFTY,,2026-04-28,2026-04-28,49500.00,PE,BANKNIFTY26APR49500PE,1.95,2.45,1.25,1.50,1.25,3.50,56264.30,1.50,79800,-13140,1095,1626129960.00,570,F1,30,,,,,
2026-04-27,2026-04-27,FO,NSE,IDO,67421,,BANKNIFTY,,2026-04-28,2026-04-28,51300.00,PE,BANKNIFTY26APR51300PE,2.50,3.10,0.70,2.05,1.80,6.65,56264.30,2.05,21540,2460,713,1097355927.00,378,F1,30,,,,,
2026-04-27,2026-04-27,FO,NSE,IDO,67423,,BANKNIFTY,,2026-04-28,2026-04-28,51400.00,PE,BANKNIFTY26APR51400PE,3.55,3.60,1.60,2.20,2.25,7.55,56264.30,2.20,37920,-9000,5631,8683418079.00,1960,F1,30,,,,,
2026-04-27,2026-04-27,FO,NSE,IDO,67451,,BANKNIFTY,,2026-04-28,2026-04-28,52800.00,PE,BANKNIFTY26APR52800PE,8.90,14.55,2.20,2.90,2.80,14.55,56264.30,2.90,47760,-15840,8395,13298667699.00,4326,F1,30,,,,,
2026-04-27,2026-04-27,FO,NSE,IDO,67471,,BANKNIFTY,,2026-04-28,2026-04-28,53800.00,PE,BANKNIFTY26APR53800PE,15.00,18.45,3.00,4.55,6.35,31.20,56264.30,4.55,71760,-28650,28868,46598337079.50,16972,F1,30,,,,,
2026-04-27,2026-04-27,FO,NSE,IDO,67487,,BANKNIFTY,,2026-04-28,2026-04-28,54500.00,PE,BANKNIFTY26APR54500PE,40.45,44.00,5.75,7.50,6.65,67.85,56264.30,7.50,539880,12810,217835,356249843355.00,78943,F1,30,,,,,
2026-04-27,2026-04-27,FO,NSE,IDO,67521,,BANKNIFTY,,2026-04-28,2026-04-28,55600.00,PE,BANKNIFTY26APR55600PE,243.90,243.90,37.40,53.15,44.00,244.75,56264.30,53.15,170970,70530,225165,376202731525.50,145371,F1,30,,,,,
2026-04-27,2026-04-27,FO,NSE,IDO,67525,,BANKNIFTY,,2026-04-28,2026-04-28,55800.00,PE,BANKNIFTY26APR55800PE,239.50,239.50,65.45,84.75,69.20,304.70,56264.30,84.75,243120,94650,333369,559421588220.00,200401,F1,30,,,,,
2026-04-27,2026-04-27,FO,NSE,IDO,67555,,BANKNIFTY,,2026-04-28,2026-04-28,57300.00,PE,BANKNIFTY26APR57300PE,950.00,1349.30,841.95,985.60,911.70,1207.70,56264.30,985.60,79890,-9180,1820,3184515354.00,1020,F1,30,,,,,
2026-04-27,2026-04-27,FO,NSE,IDO,67559,,BANKNIFTY,,2026-04-28,2026-04-28,57500.00,PE,BANKNIFTY26APR57500PE,1175.00,1578.15,1004.05,1173.50,1144.20,1359.30,56264.30,1173.50,93600,-83340,7200,12690946479.00,4211,F1,30,,,,,
2026-04-27,2026-04-27,FO,NSE,IDO,67723,,BANKNIFTY,,2026-04-28,2026-04-28,60400.00,PE,BANKNIFTY26APR60400PE,0.00,0.00,0.00,4436.30,4436.30,4436.30,56264.30,4126.10,1320,0,0,0.00,0,F1,30,,,,,
2026-04-27,2026-04-27,FO,NSE,IDO,67829,,BANKNIFTY,,2026-04-28,2026-04-28,62500.00,PE,BANKNIFTY26APR62500PE,6540.00,6540.00,6188.00,6188.00,6188.00,5371.25,56264.30,6225.80,3600,-90,7,14477254.50,6,F1,30,,,,,
2026-04-27,2026-04-27,FO,NSE,IDO,67890,,BANKNIFTY,,2026-04-28,2026-04-28,64100.00,PE,BANKNIFTY26APR64100PE,0.00,0.00,0.00,8109.25,8109.25,8109.25,56264.30,7825.55,90,0,0,0.00,0,F1,30,,,,,
2026-04-27,2026-04-27,FO,NSE,IDO,68164,,BANKNIFTY,,2026-04-28,2026-04-28,65600.00,PE,BANKNIFTY26APR65600PE,0.00,0.00,0.00,11234.55,11234.55,11234.55,56264.30,9325.30,30,0,0,0.00,0,F1,30,,,,,
2026-04-27,2026-04-27,FO,NSE,IDO,68181,,BANKNIFTY,,2026-04-28,2026-04-28,65900.00,PE,BANKNIFTY26APR65900PE,0.00,0.00,0.00,11541.85,11541.85,11541.85,56264.30,9625.25,30,0,0,0.00,0,F1,30,,,,,
2026-04-27,2026-04-27,FO,NSE,IDO,68183,,BANKNIFTY,,2026-04-28,2026-04-28,66000.00,PE,BANKNIFTY26APR66000PE,9700.00,10042.80,9662.90,9662.90,9662.90,9682.90,56264.30,9662.90,1980,-540,43,97681239.00,29,F1,30,,,,,
2026-04-27,2026-04-27,FO,NSE,IDO,40397,,BANKNIFTY,,2026-05-26,2026-05-26,45400.00,PE,BANKNIFTY26MAY45400PE,0.00,0.00,0.00,32.15,32.15,32.15,56264.30,0.10,510,0,0,0.00,0,F1,30,,,,,
2026-04-27,2026-04-27,FO,NSE,IDO,66474,,BANKNIFTY,,2026-05-26,2026-05-26,46000.00,PE,BANKNIFTY26MAY46000PE,32.00,35.00,22.55,24.50,23.80,37.55,56264.30,24.50,29040,13710,1162,1604486565.00,649,F1,30,,,,,
2026-04-27,2026-04-27,FO,NSE,IDO,66612,,BANKNIFTY,,2026-05-26,2026-05-26,47900.00,PE,BANKNIFTY26MAY47900PE,0.00,0.00,0.00,0.55,0.00,0.55,56264.30,2.70,0,0,0,0.00,0,F1,30,,,,,
2026-04-27,2026-04-27,FO,NSE,IDO,66754,,BANKNIFTY,,2026-05-26,2026-05-26,50500.00,PE,BANKNIFTY26MAY50500PE,145.00,145.00,97.80,103.20,99.50,153.80,56264.30,103.20,21120,3570,767,1164583174.50,407,F1,30,,,,,
2026-04-27,2026-04-27,FO,NSE,IDO,66764,,BANKNIFTY,,2026-05-26,2026-05-26,51000.00,PE,BANKNIFTY26MAY51000PE,159.90,169.00,120.85,124.35,124.50,187.65,56264.30,124.35,151380,49470,5920,9081912570.00,3140,F1,30,,,,,
2026-04-27,2026-04-27,FO,NSE,IDO,67071,,BANKNIFTY,,2026-05-26,2026-05-26,52200.00,PE,BANKNIFTY26MAY52200PE,237.50,258.65,200.05,206.10,200.05,288.40,56264.30,206.10,4860,120,17,26735752.50,14,F1,30,,,,,
2026-04-27,2026-04-27,FO,NSE,IDO,67224,,BANKNIFTY,,2026-05-26,2026-05-26,54400.00,PE,BANKNIFTY26MAY54400PE,563.15,640.00,507.95,518.90,512.35,638.15,56264.30,518.90,5040,1530,228,375875389.50,144,F1,30,,,,,
2026-04-27,2026-04-27,FO,NSE,IDO,67591,,BANKNIFTY,,2026-05-26,2026-05-26,57500.00,PE,BANKNIFTY26MAY57500PE,1559.75,1933.95,1559.75,1638.95,1624.90,1802.90,56264.30,1638.95,118260,45990,3347,5945655744.00,2797,F1,30,,,,,
2026-04-27,2026-04-27,FO,NSE,IDO,67617,,BANKNIFTY,,2026-05-26,2026-05-26,58300.00,PE,BANKNIFTY26MAY58300PE,2190.00,2190.00,2190.00,2190.00,2190.00,2179.50,56264.30,2426.55,2790,0,1,1814700.00,1,F1,30,,,,,
2026-04-27,2026-04-27,FO,NSE,IDO,68083,,BANKNIFTY,,2026-05-26,2026-05-26,61100.00,PE,BANKNIFTY26MAY61100PE,0.00,0.00,0.00,8733.60,8733.60,8733.60,56264.30,4714.65,330,0,0,0.00,0,F1,30,,,,,
2026-04-27,2026-04-27,FO,NSE,IDO,68107,,BANKNIFTY,,2026-05-26,2026-05-26,62000.00,PE,BANKNIFTY26MAY62000PE,5211.95,5670.00,5211.95,5286.55,5251.70,5483.70,56264.30,5286.55,49110,27000,952,1924185492.00,906,F1,30,,,,,
2026-04-27,2026-04-27,FO,NSE,IDO,68129,,BANKNIFTY,,2026-05-26,2026-05-26,62900.00,PE,BANKNIFTY26MAY62900PE,0.00,0.00,0.00,6473.50,6473.50,6473.50,56264.30,6399.35,30,0,0,0.00,0,F1,30,,,,,
2026-04-27,2026-04-27,FO,NSE,IDO,68151,,BANKNIFTY,,2026-05-26,2026-05-26,63900.00,PE,BANKNIFTY26MAY63900PE,0.00,0.00,0.00,10549.50,10549.50,10549.50,56264.30,7368.70,30,0,0,0.00,0,F1,30,,,,,
2026-04-27,2026-04-27,FO,NSE,IDO,68172,,BANKNIFTY,,2026-05-26,2026-05-26,64600.00,PE,BANKNIFTY26MAY64600PE,0.00,0.00,0.00,11223.95,11223.95,11223.95,56264.30,8054.90,30,0,0,0.00,0,F1,30,,,,,
2026-04-27,2026-04-27,FO,NSE,IDO,68174,,BANKNIFTY,,2026-05-26,2026-05-26,64700.00,PE,BANKNIFTY26MAY64700PE,0.00,0.00,0.00,11320.55,11320.55,11320.55,56264.30,8153.30,30,0,0,0.00,0,F1,30,,,,,
2026-04-27,2026-04-27,FO,NSE,IDO,68216,,BANKNIFTY,,2026-05-26,2026-05-26,65800.00,PE,BANKNIFTY26MAY65800PE,0.00,0.00,0.00,11153.90,11153.90,11153.90,56264.30,9239.70,600,0,0,0.00,0,F1,30,,,,,
2026-04-27,2026-04-27,FO,NSE,IDO,68240,,BANKNIFTY,,2026-05-26,2026-05-26,66500.00,PE,BANKNIFTY26MAY66500PE,0.00,0.00,0.00,9643.00,9643.00,9643.00,56264.30,9933.65,1200,0,0,0.00,0,F1,30,,,,,
2026-04-27,2026-04-27,FO,NSE,IDO,75186,,BANKNIFTY,,2026-06-30,2026-06-30,47400.00,PE,BANKNIFTY26JUN47400PE,0.00,0.00,0.00,594.80,0.00,594.80,56264.30,34.00,0,0,0,0.00,0,F1,30,,,,,
2026-04-27,2026-04-27,FO,NSE,IDO,75265,,BANKNIFTY,,2026-06-30,2026-06-30,48700.00,PE,BANKNIFTY26JUN48700PE,0.00,0.00,0.00,947.75,0.00,947.75,56264.30,75.95,0,0,0,0.00,0,F1,30,,,,,
2026-04-27,2026-04-27,FO,NSE,IDO,75550,,BANKNIFTY,,2026-06-30,2026-06-30,53100.00,CE,BANKNIFTY26JUN53100CE,0.00,0.00,0.00,1215.00,0.00,1215.00,56264.30,4351.40,0,0,0,0.00,0,F1,30,,,,,
2026-04-27,2026-04-27,FO,NSE,IDO,75446,,BANKNIFTY,,2026-06-30,2026-06-30,52000.00,CE,BANKNIFTY26JUN52000CE,5175.05,5175.05,5067.55,5067.55,5067.55,5150.00,56264.30,5222.75,7920,-60,2,3427278.00,2,F1,30,,,,,
2026-04-27,2026-04-27,FO,NSE,IDO,75444,,BANKNIFTY,,2026-06-30,2026-06-30,51900.00,CE,BANKNIFTY26JUN51900CE,0.00,0.00,0.00,5420.20,5420.20,5420.20,56264.30,5305.35,150,0,0,0.00,0,F1,30,,,,,
2026-04-27,2026-04-27,FO,NSE,IDO,75430,,BANKNIFTY,,2026-06-30,2026-06-30,51500.00,CE,BANKNIFTY26JUN51500CE,0.00,0.00,0.00,6250.75,6250.75,6250.75,56264.30,5640.95,300,0,0,0.00,0,F1,30,,,,,
2026-04-27,2026-04-27,FO,NSE,IDO,75426,,BANKNIFTY,,2026-06-30,2026-06-30,51300.00,CE,BANKNIFTY26JUN51300CE,0.00,0.00,0.00,6275.15,6275.15,6275.15,56264.30,5811.70,150,0,0,0.00,0,F1,30,,,,,
2026-04-27,2026-04-27,FO,NSE,IDO,75170,,BANKNIFTY,,2026-06-30,2026-06-30,46800.00,CE,BANKNIFTY26JUN46800CE,0.00,0.00,0.00,4782.75,0.00,4782.75,56264.30,9996.25,0,0,0,0.00,0,F1,30,,,,,
2026-04-27,2026-04-27,FO,NSE,IDO,75289,,BANKNIFTY,,2026-06-30,2026-06-30,50000.00,PE,BANKNIFTY26JUN50000PE,305.00,322.60,260.75,269.10,264.15,329.65,56264.30,269.10,41220,1050,206,310747345.50,136,F1,30,,,,,
2026-04-27,2026-04-27,FO,NSE,IDO,75418,,BANKNIFTY,,2026-06-30,2026-06-30,50900.00,PE,BANKNIFTY26JUN50900PE,360.20,366.35,360.20,366.35,366.35,407.00,56264.30,240.45,1620,60,5,7689583.50,2,F1,30,,,,,
2026-04-27,2026-04-27,FO,NSE,IDO,75437,,BANKNIFTY,,2026-06-30,2026-06-30,51700.00,PE,BANKNIFTY26JUN51700PE,0.00,0.00,0.00,486.15,486.15,486.15,56264.30,345.30,720,0,0,0.00,0,F1,30,,,,,
2026-04-27,2026-04-27,FO,NSE,IDO,75458,,BANKNIFTY,,2026-06-30,2026-06-30,52300.00,PE,BANKNIFTY26JUN52300PE,0.00,0.00,0.00,599.50,599.50,599.50,56264.30,444.75,750,0,0,0.00,0,F1,30,,,,,
2026-04-27,2026-04-27,FO,NSE,IDO,57720,,BANKNIFTY,,2026-06-30,2026-06-30,54000.00,PE,BANKNIFTY26JUN54000PE,941.85,941.85,806.50,818.50,809.30,921.90,56264.30,818.50,67470,420,171,281382295.50,138,F1,30,,,,,
2026-04-27,2026-04-27,FO,NSE,IDO,75601,,BANKNIFTY,,2026-06-30,2026-06-30,55000.00,PE,BANKNIFTY26JUN55000PE,1024.00,1185.95,1024.00,1056.00,1056.55,1197.00,56264.30,1056.00,20520,4290,375,631010277.00,244,F1,30,,,,,
2026-04-27,2026-04-27,FO,NSE,IDO,75625,,BANKNIFTY,,2026-06-30,2026-06-30,56300.00,PE,BANKNIFTY26JUN56300PE,1478.65,1498.05,1478.65,1498.05,1498.05,1613.20,56264.30,1498.05,330,0,2,3467301.00,2,F1,30,,,,,
2026-04-27,2026-04-27,FO,NSE,IDO,57747,,BANKNIFTY,,2026-06-30,2026-06-30,57000.00,PE,BANKNIFTY26JUN57000PE,1785.70,1978.20,1728.00,1748.15,1728.00,1923.25,56264.30,1748.15,62400,510,616,1087372872.00,536,F1,30,,,,,
2026-04-27,2026-04-27,FO,NSE,IDO,75656,,BANKNIFTY,,2026-06-30,2026-06-30,57300.00,PE,BANKNIFTY26JUN57300PE,1832.65,1913.85,1832.65,1911.75,1909.60,2037.80,56264.30,1911.75,420,-30,3,5326683.00,3,F1,30,,,,,
2026-04-27,2026-04-27,FO,NSE,IDO,57751,,BANKNIFTY,,2026-06-30,2026-06-30,58500.00,PE,BANKNIFTY26JUN58500PE,2488.65,2780.75,2488.65,2506.35,2512.65,2740.00,56264.30,2506.35,48600,180,56,102749098.50,56,F1,30,,,,,
2026-04-27,2026-04-27,FO,NSE,IDO,57755,,BANKNIFTY,,2026-06-30,2026-06-30,60000.00,PE,BANKNIFTY26JUN60000PE,3575.00,3817.00,3430.00,3458.00,3430.00,3679.40,56264.30,3458.00,110700,1440,153,291764422.50,121,F1,30,,,,,
2026-04-27,2026-04-27,FO,NSE,IDO,75854,,BANKNIFTY,,2026-06-30,2026-06-30,61100.00,PE,BANKNIFTY26JUN61100PE,0.00,0.00,0.00,9809.15,0.00,9809.15,56264.30,4790.55,0,0,0,0.00,0,F1,30,,,,,
2026-04-27,2026-04-27,FO,NSE,IDO,75888,,BANKNIFTY,,2026-06-30,2026-06-30,61400.00,PE,BANKNIFTY26JUN61400PE,0.00,0.00,0.00,10094.65,0.00,10094.65,56264.30,5030.80,0,0,0,0.00,0,F1,30,,,,,
2026-04-27,2026-04-27,FO,NSE,IDO,57775,,BANKNIFTY,,2026-06-30,2026-06-30,64500.00,PE,BANKNIFTY26JUN64500PE,0.00,0.00,0.00,6493.65,0.00,6493.65,56264.30,7724.40,0,0,0,0.00,0,F1,30,,,,,
2026-04-27,2026-04-27,FO,NSE,IDO,52271,,BANKNIFTY,,2026-09-29,2026-09-29,46500.00,PE,BANKNIFTY26SEP46500PE,0.00,0.00,0.00,409.05,0.00,409.05,56264.30,175.35,0,0,0,0.00,0,F1,30,,,,,
2026-04-27,2026-04-27,FO,NSE,IDO,52281,,BANKNIFTY,,2026-09-29,2026-09-29,49500.00,PE,BANKNIFTY26SEP49500PE,560.00,560.00,560.00,560.00,560.00,600.00,56264.30,479.15,330,60,3,4505400.00,3,F1,30,,,,,
2026-04-27,2026-04-27,FO,NSE,IDO,53241,,BANKNIFTY,,2026-12-29,2026-12-29,60000.00,PE,BANKNIFTY26DEC60000PE,0.00,0.00,0.00,2437.10,0.00,2437.10,56264.30,4617.25,0,0,0,0.00,0,F1,30,,,,,
2026-04-27,2026-04-27,FO,NSE,IDO,53253,,BANKNIFTY,,2026-12-29,2026-12-29,67500.00,PE,BANKNIFTY26DEC67500PE,0.00,0.00,0.00,6420.40,0.00,6420.40,56264.30,9713.40,0,0,0,0.00,0,F1,30,,,,,
2026-04-27,2026-04-27,FO,NSE,IDO,76399,,BANKNIFTY,,2027-03-30,2027-03-30,57000.00,PE,BANKNIFTY27MAR57000PE,0.00,0.00,0.00,5580.05,0.00,5580.05,56264.30,3351.95,0,0,0,0.00,0,F1,30,,,,,
2026-04-27,2026-04-27,FO,NSE,IDO,75114,,BANKNIFTY,,2026-06-30,2026-06-30,46200.00,CE,BANKNIFTY26JUN46200CE,0.00,0.00,0.00,5267.30,0.00,5267.30,56264.30,10581.85,0,0,0,0.00,0,F1,30,,,,,
2026-04-27,2026-04-27,FO,NSE,IDO,68203,,BANKNIFTY,,2026-05-26,2026-05-26,65300.00,CE,BANKNIFTY26MAY65300CE,0.00,0.00,0.00,48.95,48.95,48.95,56264.30,9.60,600,0,0,0.00,0,F1,30,,,,,
2026-04-27,2026-04-27,FO,NSE,IDO,68146,,BANKNIFTY,,2026-05-26,2026-05-26,63800.00,CE,BANKNIFTY26MAY63800CE,20.00,24.50,12.80,16.00,16.15,12.00,56264.30,16.00,1770,330,78,149330619.00,58,F1,30,,,,,
2026-04-27,2026-04-27,FO,NSE,IDO,67989,,BANKNIFTY,,2026-05-26,2026-05-26,59800.00,CE,BANKNIFTY26MAY59800CE,199.90,205.20,172.50,177.80,178.95,198.40,56264.30,177.80,12720,1560,261,469718853.00,184,F1,30,,,,,
2026-04-27,2026-04-27,FO,NSE,IDO,67594,,BANKNIFTY,,2026-05-26,2026-05-26,57700.00,CE,BANKNIFTY26MAY57700CE,828.60,828.60,633.55,712.85,702.55,753.10,56264.30,712.85,7560,780,153,268187811.00,130,F1,30,,,,,
2026-04-27,2026-04-27,FO,NSE,IDO,67568,,BANKNIFTY,,2026-05-26,2026-05-26,56600.00,CE,BANKNIFTY26MAY56600CE,1380.90,1380.90,1107.15,1239.40,1240.30,1261.45,56264.30,1239.40,21870,3000,1381,2396936527.50,1060,F1,30,,,,,
2026-04-27,2026-04-27,FO,NSE,IDO,67296,,BANKNIFTY,,2026-05-26,2026-05-26,56300.00,CE,BANKNIFTY26MAY56300CE,1525.45,1555.65,1254.65,1420.15,1409.05,1446.85,56264.30,1420.15,53130,38430,4204,7277578854.00,3412,F1,30,,,,,
2026-04-27,2026-04-27,FO,NSE,IDO,67284,,BANKNIFTY,,2026-05-26,2026-05-26,55700.00,CE,BANKNIFTY26MAY55700CE,1879.95,1926.25,1643.00,1788.65,1783.80,1801.40,56264.30,1788.65,3990,120,165,284501671.50,138,F1,30,,,,,
2026-04-27,2026-04-27,FO,NSE,IDO,67278,,BANKNIFTY,,2026-05-26,2026-05-26,55400.00,CE,BANKNIFTY26MAY55400CE,2007.40,2050.90,1874.95,1994.45,1992.80,1924.05,56264.30,1994.45,1530,270,38,65430907.50,21,F1,30,,,,,
2026-04-27,2026-04-27,FO,NSE,IDO,67190,,BANKNIFTY,,2026-05-26,2026-05-26,53700.00,CE,BANKNIFTY26MAY53700CE,3073.75,3338.85,3042.85,3338.85,3338.85,3061.10,56264.30,3338.85,3330,60,14,23871934.50,14,F1,30,,,,,
2026-04-27,2026-04-27,FO,NSE,IDO,67184,,BANKNIFTY,,2026-05-26,2026-05-26,53500.00,CE,BANKNIFTY26MAY53500CE,3475.65,3605.15,3201.55,3455.35,3444.40,3445.75,56264.30,3455.35,10140,1860,125,213506602.50,108,F1,30,,,,,
2026-04-27,2026-04-27,FO,NSE,IDO,67099,,BANKNIFTY,,2026-05-26,2026-05-26,52900.00,CE,BANKNIFTY26MAY52900CE,0.00,0.00,0.00,3700.00,3700.00,3700.00,56264.30,3828.75,600,0,0,0.00,0,F1,30,,,,,
2026-04-27,2026-04-27,FO,NSE,IDO,66664,,BANKNIFTY,,2026-05-26,2026-05-26,49600.00,CE,BANKNIFTY26MAY49600CE,0.00,0.00,0.00,5849.00,5849.00,5849.00,56264.30,6908.65,120,0,0,0.00,0,F1,30,,,,,
2026-04-27,2026-04-27,FO,NSE,IDO,66529,,BANKNIFTY,,2026-05-26,2026-05-26,46600.00,CE,BANKNIFTY26MAY46600CE,0.00,0.00,0.00,15214.80,0.00,15214.80,56264.30,9879.10,0,0,0,0.00,0,F1,30,,,,,
2026-04-27,2026-04-27,FO,NSE,IDO,66468,,BANKNIFTY,,2026-05-26,2026-05-26,45500.00,CE,BANKNIFTY26MAY45500CE,0.00,0.00,0.00,16296.60,0.00,16296.60,56264.30,10973.60,0,0,0,0.00,0,F1,30,,,,,
2026-04-27,2026-04-27,FO,NSE,IDO,68198,,BANKNIFTY,,2026-04-28,2026-04-28,66600.00,CE,BANKNIFTY26APR66600CE,1.00,1.20,0.45,0.55,0.60,0.70,56264.30,0.55,11400,-720,64,127873162.50,26,F1,30,,,,,
2026-04-27,2026-04-27,FO,NSE,IDO,68163,,BANKNIFTY,,2026-04-28,2026-04-28,65600.00,CE,BANKNIFTY26APR65600CE,1.20,1.30,0.25,0.50,0.90,1.20,56264.30,0.50,4530,-30,118,232226311.50,35,F1,30,,,,,
2026-04-27,2026-04-27,FO,NSE,IDO,67981,,BANKNIFTY,,2026-04-28,2026-04-28,65200.00,CE,BANKNIFTY26APR65200CE,0.40,0.40,0.20,0.25,0.25,0.70,56264.30,0.25,5430,0,52,101712492.00,29,F1,30,,,,,
2026-04-27,2026-04-27,FO,NSE,IDO,67923,,BANKNIFTY,,2026-04-28,2026-04-28,64800.00,CE,BANKNIFTY26APR64800CE,2.10,2.85,0.60,0.85,0.85,2.30,56264.30,0.00,10290,480,39,75818155.50,16,F1,30,,,,,
2026-04-27,2026-04-27,FO,NSE,IDO,67893,,BANKNIFTY,,2026-04-28,2026-04-28,64300.00,CE,BANKNIFTY26APR64300CE,0.90,1.65,0.20,0.35,0.45,1.40,56264.30,0.35,3540,0,74,142747867.50,18,F1,30,,,,,
2026-04-27,2026-04-27,FO,NSE,IDO,67838,,BANKNIFTY,,2026-04-28,2026-04-28,62900.00,CE,BANKNIFTY26APR62900CE,1.00,1.75,0.70,1.10,1.10,1.25,56264.30,1.10,3780,-150,51,96238807.50,42,F1,30,,,,,
2026-04-27,2026-04-27,FO,NSE,IDO,67799,,BANKNIFTY,,2026-04-28,2026-04-28,62000.00,CE,BANKNIFTY26APR62000CE,1.10,2.30,0.85,1.60,1.10,1.75,56264.30,1.60,274950,-21120,18402,34228540186.50,6377,F1,30,,,,,
2026-04-27,2026-04-27,FO,NSE,IDO,67714,,BANKNIFTY,,2026-04-28,2026-04-28,60000.00,CE,BANKNIFTY26APR60000CE,4.75,4.75,1.90,2.35,2.00,5.40,56264.30,2.35,1113840,-118890,99619,179321639064.00,26567,F1,30,,,,,
2026-04-27,2026-04-27,FO,NSE,IDO,67604,,BANKNIFTY,,2026-04-28,2026-04-28,57900.00,CE,BANKNIFTY26APR57900CE,49.85,49.85,8.45,11.60,12.70,51.15,56264.30,11.60,130740,20580,67731,117676657453.50,35654,F1,30,,,,,
2026-04-27,2026-04-27,FO,NSE,IDO,67520,,BANKNIFTY,,2026-04-28,2026-04-28,55600.00,CE,BANKNIFTY26APR55600CE,943.90,1022.40,507.95,803.20,821.85,823.50,56264.30,803.20,43710,-15210,7394,12486215454.00,4901,F1,30,,,,,
2026-04-27,2026-04-27,FO,NSE,IDO,67498,,BANKNIFTY,,2026-04-28,2026-04-28,55100.00,CE,BANKNIFTY26APR55100CE,1432.00,1469.45,915.00,1270.80,1288.25,1248.50,56264.30,1270.80,16380,-1440,294,496078630.50,237,F1,30,,,,,
2026-04-27,2026-04-27,FO,NSE,IDO,67478,,BANKNIFTY,,2026-04-28,2026-04-28,54200.00,CE,BANKNIFTY26APR54200CE,2020.00,2137.10,1815.00,2137.10,2137.10,2050.00,56264.30,2073.00,13200,-150,10,16842553.50,8,F1,30,,,,,
2026-04-27,2026-04-27,FO,NSE,IDO,67460,,BANKNIFTY,,2026-04-28,2026-04-28,53300.00,CE,BANKNIFTY26APR53300CE,2900.00,3056.30,2730.00,2795.00,2795.00,2830.00,56264.30,2972.80,14040,-330,13,21902439.00,13,F1,30,,,,,
2026-04-27,2026-04-27,FO,NSE,IDO,67446,,BANKNIFTY,,2026-04-28,2026-04-28,52600.00,CE,BANKNIFTY26APR52600CE,3400.00,3726.00,3400.00,3525.00,3525.00,3400.00,56264.30,3672.70,22830,-30,7,11777730.00,7,F1,30,,,,,
2026-04-27,2026-04-27,FO,NSE,IDO,67430,,BANKNIFTY,,2026-04-28,2026-04-28,51800.00,CE,BANKNIFTY26APR51800CE,4600.00,4631.60,4245.35,4585.00,4585.00,4302.65,56264.30,4585.00,19500,-120,17,28726132.50,15,F1,30,,,,,
2026-04-27,2026-04-27,FO,NSE,IDO,67428,,BANKNIFTY,,2026-04-28,2026-04-28,51700.00,CE,BANKNIFTY26APR51700CE,4688.75,4830.00,4400.00,4643.75,4646.70,4219.30,56264.30,4643.75,21270,30,16,27041811.00,15,F1,30,,,,,
2026-04-27,2026-04-27,FO,NSE,IDO,67378,,BANKNIFTY,,2026-04-28,2026-04-28,49600.00,CE,BANKNIFTY26APR49600CE,0.00,0.00,0.00,6260.35,6260.35,6260.35,56264.30,6672.20,4440,0,0,0.00,0,F1,30,,,,,
2026-04-27,2026-04-27,FO,NSE,IDO,67245,,BANKNIFTY,,2026-04-28,2026-04-28,47300.00,CE,BANKNIFTY26APR47300CE,0.00,0.00,0.00,12630.90,0.00,12630.90,56264.30,8971.85,0,0,0,0.00,0,F1,30,,,,,
2026-04-27,2026-04-27,FO,NSE,IDO,67152,,BANKNIFTY,,2026-04-28,2026-04-28,45000.00,CE,BANKNIFTY26APR45000CE,11350.00,11440.00,11010.00,11386.20,11430.00,11210.75,56264.30,11386.20,23850,-780,424,716091834.00,254,F1,30,,,,,
2026-04-27,2026-04-27,FO,NSE,IDO,75893,,BANKNIFTY,,2026-06-30,2026-06-30,61800.00,CE,BANKNIFTY26JUN61800CE,0.00,0.00,0.00,59.15,0.00,59.15,56264.30,494.55,0,0,0,0.00,0,F1,30,,,,,
2026-04-27,2026-04-27,FO,NSE,IDO,75786,,BANKNIFTY,,2026-06-30,2026-06-30,58600.00,CE,BANKNIFTY26JUN58600CE,878.20,878.20,878.20,878.20,878.20,969.45,56264.30,1288.90,420,-30,1,1784346.00,1,F1,30,,,,,
2026-04-27,2026-04-27,FO,NSE,IDO,75751,,BANKNIFTY,,2026-06-30,2026-06-30,58000.00,CE,BANKNIFTY26JUN58000CE,1235.40,1257.60,1045.45,1134.05,1134.90,1176.60,56264.30,1134.05,37380,-3690,1150,2040479556.00,628,F1,30,,,,,
2026-04-27,2026-04-27,FO,NSE,IDO,75650,,BANKNIFTY,,2026-06-30,2026-06-30,57200.00,CE,BANKNIFTY26JUN57200CE,0.00,0.00,0.00,1511.40,1511.40,1511.40,56264.30,1848.55,210,0,0,0.00,0,F1,30,,,,,
2026-04-27,2026-04-27,FO,NSE,IDO,75634,,BANKNIFTY,,2026-06-30,2026-06-30,56800.00,CE,BANKNIFTY26JUN56800CE,0.00,0.00,0.00,1646.00,1646.00,1646.00,56264.30,2035.75,90,0,0,0.00,0,F1,30,,,,,
2026-04-27,2026-04-27,FO,NSE,IDO,75632,,BANKNIFTY,,2026-06-30,2026-06-30,56700.00,CE,BANKNIFTY26JUN56700CE,0.00,0.00,0.00,2358.20,2355.70,2358.20,56264.30,2084.45,30,0,0,0.00,0,F1,30,,,,,
2026-04-27,2026-04-27,FO,NSE,IDO,75610,,BANKNIFTY,,2026-06-30,2026-06-30,55600.00,CE,BANKNIFTY26JUN55600CE,2476.65,2476.65,2476.65,2476.65,2476.65,582.40,56264.30,2672.65,30,30,1,1742299.50,1,F1,30,,,,,
2026-04-27,2026-04-27,FO,NSE,IDO,75590,,BANKNIFTY,,2026-06-30,2026-06-30,54500.00,CE,BANKNIFTY26JUN54500CE,3460.70,3460.70,2981.40,3259.00,3273.10,3257.20,56264.30,3259.00,540,300,56,96931390.50,55,F1,30,,,,,
2026-04-27,2026-04-27,FO,NSE,IDO,75830,,BANKNIFTY,,2026-06-30,2026-06-30,60200.00,CE,BANKNIFTY26JUN60200CE,445.60,446.30,443.45,443.45,443.45,463.10,56264.30,819.20,480,180,6,10916121.00,3,F1,30,,,,,
2026-04-27,2026-04-27,FO,NSE,IDO,75885,,BANKNIFTY,,2026-06-30,2026-06-30,61300.00,CE,BANKNIFTY26JUN61300CE,0.00,0.00,0.00,72.80,0.00,72.80,56264.30,581.60,0,0,0,0.00,0,F1,30,,,,,
2026-04-27,2026-04-27,FO,NSE,IDO,57758,,BANKNIFTY,,2026-06-30,2026-06-30,61500.00,CE,BANKNIFTY26JUN61500CE,236.50,246.50,213.65,223.75,224.15,230.75,56264.30,223.75,44880,300,112,207405117.00,88,F1,30,,,,,
2026-04-27,2026-04-27,FO,NSE,IDO,75889,,BANKNIFTY,,2026-06-30,2026-06-30,61600.00,CE,BANKNIFTY26JUN61600CE,0.00,0.00,0.00,64.30,0.00,64.30,56264.30,527.95,0,0,0,0.00,0,F1,30,,,,,
2026-04-27,2026-04-27,FO,NSE,IDO,75905,,BANKNIFTY,,2026-06-30,2026-06-30,62400.00,CE,BANKNIFTY26JUN62400CE,0.00,0.00,0.00,45.85,0.00,45.85,56264.30,404.70,0,0,0,0.00,0,F1,30,,,,,
2026-04-27,2026-04-27,FO,NSE,IDO,67557,,BANKNIFTY,,2026-04-28,2026-04-28,57400.00,PE,BANKNIFTY26APR57400PE,1089.90,1452.10,949.40,1075.05,1008.15,1292.90,56264.30,1075.05,84090,-3240,978,1717765327.50,516,F1,30,,,,,
2026-04-27,2026-04-27,FO,NSE,IDO,67537,,BANKNIFTY,,2026-04-28,2026-04-28,56400.00,PE,BANKNIFTY26APR56400PE,488.80,584.75,252.15,288.35,265.00,569.40,56264.30,288.35,209670,90300,284703,484575747982.50,191760,F1,30,,,,,
2026-04-27,2026-04-27,FO,NSE,IDO,67535,,BANKNIFTY,,2026-04-28,2026-04-28,56300.00,PE,BANKNIFTY26APR56300PE,438.50,513.15,209.30,239.10,217.65,517.15,56264.30,239.10,278130,168480,505345,857984297476.50,320885,F1,30,,,,,
2026-04-27,2026-04-27,FO,NSE,IDO,67412,,BANKNIFTY,,2026-04-28,2026-04-28,50900.00,CE,BANKNIFTY26APR50900CE,5325.00,5326.75,5325.00,5326.75,5326.75,5325.00,56264.30,5372.40,19560,0,2,3373552.50,2,F1,30,,,,,
2026-04-27,2026-04-27,FO,NSE,IDO,67436,,BANKNIFTY,,2026-04-28,2026-04-28,52100.00,CE,BANKNIFTY26APR52100CE,4150.00,4250.00,4150.00,4250.00,4250.00,4150.00,56264.30,4172.60,13980,-60,3,5065500.00,3,F1,30,,,,,
2026-04-27,2026-04-27,FO,NSE,IDO,67448,,BANKNIFTY,,2026-04-28,2026-04-28,52700.00,CE,BANKNIFTY26APR52700CE,3586.50,3586.50,3360.00,3550.00,3550.00,3522.85,56264.30,3572.70,54270,-240,13,21898018.50,9,F1,30,,,,,
2026-04-27,2026-04-27,FO,NSE,IDO,67486,,BANKNIFTY,,2026-04-28,2026-04-28,54500.00,CE,BANKNIFTY26APR54500CE,1980.40,2002.60,1464.10,1855.55,1876.70,1764.15,56264.30,1855.55,115680,-26220,1746,2947323847.50,1426,F1,30,,,,,
2026-04-27,2026-04-27,FO,NSE,IDO,67494,,BANKNIFTY,,2026-04-28,2026-04-28,54900.00,CE,BANKNIFTY26APR54900CE,1581.90,1606.15,1079.00,1455.05,1461.30,1358.70,56264.30,1455.05,20700,-390,133,224203588.50,111,F1,30,,,,,
2026-04-27,2026-04-27,FO,NSE,IDO,67526,,BANKNIFTY,,2026-04-28,2026-04-28,55900.00,CE,BANKNIFTY26APR55900CE,689.35,765.90,317.55,546.40,574.65,626.80,56264.30,546.40,59100,-7290,67694,114445994374.50,44236,F1,30,,,,,
2026-04-27,2026-04-27,FO,NSE,IDO,67530,,BANKNIFTY,,2026-04-28,2026-04-28,56100.00,CE,BANKNIFTY26APR56100CE,509.80,613.80,222.55,400.15,417.80,508.95,56264.30,400.15,158730,27090,366611,620709166567.50,233655,F1,30,,,,,
2026-04-27,2026-04-27,FO,NSE,IDO,67540,,BANKNIFTY,,2026-04-28,2026-04-28,56600.00,CE,BANKNIFTY26APR56600CE,298.45,319.80,80.70,152.15,161.50,283.20,56264.30,152.15,296430,126210,305951,520854014943.00,186910,F1,30,,,,,
2026-04-27,2026-04-27,FO,NSE,IDO,67629,,BANKNIFTY,,2026-04-28,2026-04-28,58300.00,CE,BANKNIFTY26APR58300CE,24.50,24.50,5.70,6.65,5.80,31.35,56264.30,6.65,125490,-41820,36615,64048597419.00,19657,F1,30,,,,,
2026-04-27,2026-04-27,FO,NSE,IDO,67706,,BANKNIFTY,,2026-04-28,2026-04-28,59600.00,CE,BANKNIFTY26APR59600CE,7.00,7.00,2.45,2.80,2.65,7.55,56264.30,2.80,50430,-3210,6049,10816174932.00,2812,F1,30,,,,,
2026-04-27,2026-04-27,FO,NSE,IDO,67708,,BANKNIFTY,,2026-04-28,2026-04-28,59700.00,CE,BANKNIFTY26APR59700CE,6.75,6.75,2.40,2.75,2.60,6.75,56264.30,2.75,50670,-18060,7521,13470763612.50,3401,F1,30,,,,,
2026-04-27,2026-04-27,FO,NSE,IDO,67710,,BANKNIFTY,,2026-04-28,2026-04-28,59800.00,CE,BANKNIFTY26APR59800CE,2.05,4.85,2.05,2.60,2.20,6.30,56264.30,2.60,46980,-14490,8235,14774287287.00,3334,F1,30,,,,,
2026-04-27,2026-04-27,FO,NSE,IDO,67720,,BANKNIFTY,,2026-04-28,2026-04-28,60300.00,CE,BANKNIFTY26APR60300CE,4.00,4.00,1.75,2.30,2.45,4.00,56264.30,2.30,99060,60810,6295,11388088288.50,2058,F1,30,,,,,
2026-04-27,2026-04-27,FO,NSE,IDO,67831,,BANKNIFTY,,2026-04-28,2026-04-28,62600.00,CE,BANKNIFTY26APR62600CE,1.45,1.80,1.00,1.25,1.50,1.20,56264.30,1.25,2580,30,107,200950581.00,98,F1,30,,,,,
2026-04-27,2026-04-27,FO,NSE,IDO,67858,,BANKNIFTY,,2026-04-28,2026-04-28,63100.00,CE,BANKNIFTY26APR63100CE,1.10,2.55,0.60,1.60,1.00,1.10,56264.30,1.60,5070,240,177,335067535.50,78,F1,30,,,,,
2026-04-27,2026-04-27,FO,NSE,IDO,67915,,BANKNIFTY,,2026-04-28,2026-04-28,64400.00,CE,BANKNIFTY26APR64400CE,0.70,1.00,0.25,0.40,0.35,0.75,56264.30,0.40,2580,-30,54,104328811.50,30,F1,30,,,,,
2026-04-27,2026-04-27,FO,NSE,IDO,67408,,BANKNIFTY,,2026-04-28,2026-04-28,50700.00,CE,BANKNIFTY26APR50700CE,0.00,0.00,0.00,5130.80,5130.80,5130.80,56264.30,5572.40,16290,0,0,0.00,0,F1,30,,,,,
2026-04-27,2026-04-27,FO,NSE,IDO,67342,,BANKNIFTY,,2026-04-28,2026-04-28,49500.00,CE,BANKNIFTY26APR49500CE,6758.75,6889.60,6680.00,6845.55,6889.60,6531.85,56264.30,6845.55,16950,-180,14,23657379.00,6,F1,30,,,,,
2026-04-27,2026-04-27,FO,NSE,IDO,67301,,BANKNIFTY,,2026-04-28,2026-04-28,48300.00,CE,BANKNIFTY26APR48300CE,0.00,0.00,0.00,4650.00,4650.00,4650.00,56264.30,7972.00,1020,0,0,0.00,0,F1,30,,,,,
2026-04-27,2026-04-27,FO,NSE,IDO,67919,,BANKNIFTY,,2026-04-28,2026-04-28,64600.00,CE,BANKNIFTY26APR64600CE,0.85,1.60,0.25,0.50,0.50,0.70,56264.30,0.50,2190,0,241,467063695.50,91,F1,30,,,,,
2026-04-27,2026-04-27,FO,NSE,IDO,67169,,BANKNIFTY,,2026-04-28,2026-04-28,45700.00,CE,BANKNIFTY26APR45700CE,0.00,0.00,0.00,10754.15,10754.15,10754.15,56264.30,10571.60,30,0,0,0.00,0,F1,30,,,,,
2026-04-27,2026-04-27,FO,NSE,IDO,68182,,BANKNIFTY,,2026-04-28,2026-04-28,66000.00,CE,BANKNIFTY26APR66000CE,0.75,0.75,0.25,0.25,0.25,0.65,56264.30,0.25,42930,1230,692,1370167641.00,234,F1,30,,,,,
2026-04-27,2026-04-27,FO,NSE,IDO,68194,,BANKNIFTY,,2026-04-28,2026-04-28,66400.00,CE,BANKNIFTY26APR66400CE,0.95,1.35,0.20,0.25,0.20,0.60,56264.30,0.25,8670,-30,74,147409446.00,34,F1,30,,,,,
2026-04-27,2026-04-27,FO,NSE,IDO,68320,,BANKNIFTY,,2026-04-28,2026-04-28,69000.00,CE,BANKNIFTY26APR69000CE,0.75,0.75,0.40,0.55,0.50,0.75,56264.30,0.55,130920,-30,1338,2769680880.00,218,F1,30,,,,,
2026-04-27,2026-04-27,FO,NSE,IDO,38316,,BANKNIFTY,,2026-05-26,2026-05-26,45800.00,CE,BANKNIFTY26MAY45800CE,0.00,0.00,0.00,15450.65,0.00,15450.65,56264.30,10675.05,0,0,0,0.00,0,F1,30,,,,,
2026-04-27,2026-04-27,FO,NSE,IDO,66605,,BANKNIFTY,,2026-05-26,2026-05-26,47700.00,CE,BANKNIFTY26MAY47700CE,0.00,0.00,0.00,14133.25,0.00,14133.25,56264.30,8785.70,0,0,0,0.00,0,F1,30,,,,,
2026-04-27,2026-04-27,FO,NSE,IDO,66654,,BANKNIFTY,,2026-05-26,2026-05-26,49100.00,CE,BANKNIFTY26MAY49100CE,0.00,0.00,0.00,7244.00,7244.00,7244.00,56264.30,7399.95,210,0,0,0.00,0,F1,30,,,,,
2026-04-27,2026-04-27,FO,NSE,IDO,66742,,BANKNIFTY,,2026-05-26,2026-05-26,50100.00,CE,BANKNIFTY26MAY50100CE,0.00,0.00,0.00,11776.45,0.00,11776.45,56264.30,6420.65,0,0,0,0.00,0,F1,30,,,,,
2026-04-27,2026-04-27,FO,NSE,IDO,66748,,BANKNIFTY,,2026-05-26,2026-05-26,50400.00,CE,BANKNIFTY26MAY50400CE,0.00,0.00,0.00,3633.85,3633.85,3633.85,56264.30,6129.95,120,0,0,0.00,0,F1,30,,,,,
2026-04-27,2026-04-27,FO,NSE,IDO,67570,,BANKNIFTY,,2026-05-26,2026-05-26,56700.00,CE,BANKNIFTY26MAY56700CE,1263.05,1298.00,1060.00,1187.85,1178.20,1226.00,56264.30,1187.85,19800,2310,533,925646182.50,461,F1,30,,,,,
2026-04-27,2026-04-27,FO,NSE,IDO,67622,,BANKNIFTY,,2026-05-26,2026-05-26,58600.00,CE,BANKNIFTY26MAY58600CE,453.80,459.75,382.00,414.10,413.50,445.65,56264.30,414.10,7920,-150,142,251404129.50,115,F1,30,,,,,
2026-04-27,2026-04-27,FO,NSE,IDO,67758,,BANKNIFTY,,2026-05-26,2026-05-26,59200.00,CE,BANKNIFTY26MAY59200CE,314.45,320.50,260.00,271.60,270.05,299.50,56264.30,271.60,9180,210,305,544315081.50,167,F1,30,,,,,
2026-04-27,2026-04-27,FO,NSE,IDO,68072,,BANKNIFTY,,2026-05-26,2026-05-26,60700.00,CE,BANKNIFTY26MAY60700CE,104.30,108.95,88.05,90.50,92.45,104.80,56264.30,90.50,3660,1920,156,284539926.00,109,F1,30,,,,,
2026-04-27,2026-04-27,FO,NSE,IDO,68090,,BANKNIFTY,,2026-05-26,2026-05-26,61400.00,CE,BANKNIFTY26MAY61400CE,63.90,63.95,51.85,51.85,51.85,64.90,56264.30,51.85,1440,330,20,36875829.00,9,F1,30,,,,,
2026-04-27,2026-04-27,FO,NSE,IDO,68098,,BANKNIFTY,,2026-05-26,2026-05-26,61700.00,CE,BANKNIFTY26MAY61700CE,0.00,0.00,0.00,132.00,132.00,132.00,56264.30,112.45,630,0,0,0.00,0,F1,30,,,,,
2026-04-27,2026-04-27,FO,NSE,IDO,68102,,BANKNIFTY,,2026-05-26,2026-05-26,61800.00,CE,BANKNIFTY26MAY61800CE,49.00,49.95,39.50,40.65,40.10,48.15,56264.30,40.65,1890,300,78,144715956.00,59,F1,30,,,,,
2026-04-27,2026-04-27,FO,NSE,IDO,68106,,BANKNIFTY,,2026-05-26,2026-05-26,62000.00,CE,BANKNIFTY26MAY62000CE,43.00,45.70,33.35,34.70,35.00,42.45,56264.30,34.70,286560,36540,7142,13292265324.00,3864,F1,30,,,,,
2026-04-27,2026-04-27,FO,NSE,IDO,68132,,BANKNIFTY,,2026-05-26,2026-05-26,63100.00,CE,BANKNIFTY26MAY63100CE,24.95,26.15,17.00,17.75,17.50,21.00,56264.30,17.75,2070,1710,178,337068033.00,119,F1,30,,,,,
2026-04-27,2026-04-27,FO,NSE,IDO,68150,,BANKNIFTY,,2026-05-26,2026-05-26,63900.00,CE,BANKNIFTY26MAY63900CE,35.40,35.40,12.25,14.00,15.90,26.65,56264.30,14.00,900,480,138,264615790.50,46,F1,30,,,,,
2026-04-27,2026-04-27,FO,NSE,IDO,75028,,BANKNIFTY,,2026-06-30,2026-06-30,45300.00,CE,BANKNIFTY26JUN45300CE,0.00,0.00,0.00,6028.85,0.00,6028.85,56264.30,11464.70,0,0,0,0.00,0,F1,30,,,,,
2026-04-27,2026-04-27,FO,NSE,IDO,75032,,BANKNIFTY,,2026-06-30,2026-06-30,45400.00,CE,BANKNIFTY26JUN45400CE,0.00,0.00,0.00,5942.35,0.00,5942.35,56264.30,11366.40,0,0,0,0.00,0,F1,30,,,,,
2026-04-27,2026-04-27,FO,NSE,IDO,75172,,BANKNIFTY,,2026-06-30,2026-06-30,46900.00,CE,BANKNIFTY26JUN46900CE,0.00,0.00,0.00,4704.00,0.00,4704.00,56264.30,9898.95,0,0,0,0.00,0,F1,30,,,,,
2026-04-27,2026-04-27,FO,NSE,IDO,75415,,BANKNIFTY,,2026-06-30,2026-06-30,50800.00,CE,BANKNIFTY26JUN50800CE,0.00,0.00,0.00,2169.30,0.00,2169.30,56264.30,6246.45,0,0,0,0.00,0,F1,30,,,,,
2026-04-27,2026-04-27,FO,NSE,IDO,57717,,BANKNIFTY,,2026-06-30,2026-06-30,52500.00,CE,BANKNIFTY26JUN52500CE,4771.50,4804.90,4771.50,4804.90,4804.90,5680.00,56264.30,4817.90,420,30,3,5155438.50,3,F1,30,,,,,
2026-04-27,2026-04-27,FO,NSE,IDO,75584,,BANKNIFTY,,2026-06-30,2026-06-30,54200.00,CE,BANKNIFTY26JUN54200CE,0.00,0.00,0.00,890.60,0.00,890.60,56264.30,3556.35,0,0,0,0.00,0,F1,30,,,,,
2026-04-27,2026-04-27,FO,NSE,IDO,52335,,BANKNIFTY,,2026-09-29,2026-09-29,57000.00,PE,BANKNIFTY26SEP57000PE,0.00,0.00,0.00,3274.80,0.00,3274.80,56264.30,2720.90,0,0,0,0.00,0,F1,30,,,,,
2026-04-27,2026-04-27,FO,NSE,IDO,75892,,BANKNIFTY,,2026-06-30,2026-06-30,61700.00,PE,BANKNIFTY26JUN61700PE,0.00,0.00,0.00,10381.10,0.00,10381.10,56264.30,5275.35,0,0,0,0.00,0,F1,30,,,,,
2026-04-27,2026-04-27,FO,NSE,IDO,75843,,BANKNIFTY,,2026-06-30,2026-06-30,60700.00,PE,BANKNIFTY26JUN60700PE,0.00,0.00,0.00,9430.25,0.00,9430.25,56264.30,4477.35,0,0,0,0.00,0,F1,30,,,,,
2026-04-27,2026-04-27,FO,NSE,IDO,75821,,BANKNIFTY,,2026-06-30,2026-06-30,59700.00,PE,BANKNIFTY26JUN59700PE,0.00,0.00,0.00,8493.00,0.00,8493.00,56264.30,3732.65,0,0,0,0.00,0,F1,30,,,,,
2026-04-27,2026-04-27,FO,NSE,IDO,75805,,BANKNIFTY,,2026-06-30,2026-06-30,59200.00,PE,BANKNIFTY26JUN59200PE,0.00,0.00,0.00,8030.95,0.00,8030.95,56264.30,3383.70,0,0,0,0.00,0,F1,30,,,,,
2026-04-27,2026-04-27,FO,NSE,IDO,75793,,BANKNIFTY,,2026-06-30,2026-06-30,58600.00,PE,BANKNIFTY26JUN58600PE,0.00,0.00,0.00,2156.70,2156.70,2156.70,56264.30,2986.95,210,0,0,0.00,0,F1,30,,,,,
2026-04-27,2026-04-27,FO,NSE,IDO,75732,,BANKNIFTY,,2026-06-30,2026-06-30,57700.00,PE,BANKNIFTY26JUN57700PE,2101.75,2104.35,2101.75,2104.35,2104.35,2003.85,56264.30,2439.70,390,-90,4,7176402.00,4,F1,30,,,,,
2026-04-27,2026-04-27,FO,NSE,IDO,75658,,BANKNIFTY,,2026-06-30,2026-06-30,57400.00,PE,BANKNIFTY26JUN57400PE,1952.35,1952.35,1952.35,1952.35,1952.35,2082.40,56264.30,2270.70,360,0,1,1780570.50,1,F1,30,,,,,
2026-04-27,2026-04-27,FO,NSE,IDO,75631,,BANKNIFTY,,2026-06-30,2026-06-30,56600.00,PE,BANKNIFTY26JUN56600PE,0.00,0.00,0.00,1634.10,1634.10,1634.10,56264.30,1854.00,510,0,0,0.00,0,F1,30,,,,,
2026-04-27,2026-04-27,FO,NSE,IDO,75617,,BANKNIFTY,,2026-06-30,2026-06-30,55900.00,PE,BANKNIFTY26JUN55900PE,1335.80,1335.80,1333.40,1334.30,1333.40,1576.85,56264.30,1334.30,420,-90,3,5151084.00,3,F1,30,,,,,
2026-04-27,2026-04-27,FO,NSE,IDO,75613,,BANKNIFTY,,2026-06-30,2026-06-30,55700.00,PE,BANKNIFTY26JUN55700PE,1284.35,1284.35,1273.30,1273.30,1273.30,1391.50,56264.30,1444.85,510,-60,2,3418729.50,2,F1,30,,,,,
2026-04-27,2026-04-27,FO,NSE,IDO,75593,,BANKNIFTY,,2026-06-30,2026-06-30,54600.00,PE,BANKNIFTY26JUN54600PE,1001.25,1001.25,979.05,979.05,979.05,1065.40,56264.30,1030.35,240,30,6,10005651.00,3,F1,30,,,,,
2026-04-27,2026-04-27,FO,NSE,IDO,75581,,BANKNIFTY,,2026-06-30,2026-06-30,53900.00,PE,BANKNIFTY26JUN53900PE,0.00,0.00,0.00,901.15,901.15,901.15,56264.30,813.80,120,0,0,0.00,0,F1,30,,,,,
2026-04-27,2026-04-27,FO,NSE,IDO,75574,,BANKNIFTY,,2026-06-30,2026-06-30,53700.00,PE,BANKNIFTY26JUN53700PE,0.00,0.00,0.00,850.90,850.90,850.90,56264.30,760.90,900,0,0,0.00,0,F1,30,,,,,
2026-04-27,2026-04-27,FO,NSE,IDO,75435,,BANKNIFTY,,2026-06-30,2026-06-30,51600.00,PE,BANKNIFTY26JUN51600PE,0.00,0.00,0.00,320.25,320.25,320.25,56264.30,330.50,630,0,0,0.00,0,F1,30,,,,,
2026-04-27,2026-04-27,FO,NSE,IDO,75420,,BANKNIFTY,,2026-06-30,2026-06-30,51100.00,PE,BANKNIFTY26JUN51100PE,363.00,363.00,363.00,363.00,363.00,389.70,56264.30,363.00,690,0,5,7719450.00,1,F1,30,,,,,
2026-04-27,2026-04-27,FO,NSE,IDO,75246,,BANKNIFTY,,2026-06-30,2026-06-30,48200.00,PE,BANKNIFTY26JUN48200PE,0.00,0.00,0.00,797.75,0.00,797.75,56264.30,56.40,0,0,0,0.00,0,F1,30,,,,,
2026-04-27,2026-04-27,FO,NSE,IDO,75230,,BANKNIFTY,,2026-06-30,2026-06-30,47900.00,PE,BANKNIFTY26JUN47900PE,0.00,0.00,0.00,718.70,0.00,718.70,56264.30,46.85,0,0,0,0.00,0,F1,30,,,,,
2026-04-27,2026-04-27,FO,NSE,IDO,75070,,BANKNIFTY,,2026-06-30,2026-06-30,45400.00,PE,BANKNIFTY26JUN45400PE,0.00,0.00,0.00,253.75,0.00,253.75,56264.30,8.10,0,0,0,0.00,0,F1,30,,,,,
2026-04-27,2026-04-27,FO,NSE,IDO,68170,,BANKNIFTY,,2026-05-26,2026-05-26,64500.00,PE,BANKNIFTY26MAY64500PE,0.00,0.00,0.00,11127.60,11127.60,11127.60,56264.30,7956.60,30,0,0,0.00,0,F1,30,,,,,
2026-04-27,2026-04-27,FO,NSE,IDO,68162,,BANKNIFTY,,2026-05-26,2026-05-26,64300.00,PE,BANKNIFTY26MAY64300PE,0.00,0.00,0.00,10935.20,10935.20,10935.20,56264.30,7760.20,30,0,0,0.00,0,F1,30,,,,,
2026-04-27,2026-04-27,FO,NSE,IDO,68157,,BANKNIFTY,,2026-05-26,2026-05-26,64100.00,PE,BANKNIFTY26MAY64100PE,0.00,0.00,0.00,10727.50,10727.50,10727.50,56264.30,7564.25,30,0,0,0.00,0,F1,30,,,,,
2026-04-27,2026-04-27,FO,NSE,IDO,68131,,BANKNIFTY,,2026-05-26,2026-05-26,63000.00,PE,BANKNIFTY26MAY63000PE,6220.00,6570.00,6211.00,6251.30,6227.50,6409.50,56264.30,6251.30,39810,6540,242,503133588.00,217,F1,30,,,,,
2026-04-27,2026-04-27,FO,NSE,IDO,68125,,BANKNIFTY,,2026-05-26,2026-05-26,62700.00,PE,BANKNIFTY26MAY62700PE,0.00,0.00,0.00,9390.50,9390.50,9390.50,56264.30,6207.65,60,0,0,0.00,0,F1,30,,,,,
2026-04-27,2026-04-27,FO,NSE,IDO,68109,,BANKNIFTY,,2026-05-26,2026-05-26,62100.00,PE,BANKNIFTY26MAY62100PE,0.00,0.00,0.00,7339.75,7339.75,7339.75,56264.30,5638.25,60,0,0,0.00,0,F1,30,,,,,
2026-04-27,2026-04-27,FO,NSE,IDO,68079,,BANKNIFTY,,2026-05-26,2026-05-26,60900.00,PE,BANKNIFTY26MAY60900PE,0.00,0.00,0.00,7396.60,7396.60,7396.60,56264.30,4534.75,180,0,0,0.00,0,F1,30,,,,,
2026-04-27,2026-04-27,FO,NSE,IDO,68007,,BANKNIFTY,,2026-05-26,2026-05-26,60200.00,PE,BANKNIFTY26MAY60200PE,3830.00,3940.00,3525.05,3620.00,3620.00,3497.90,56264.30,3921.35,540,180,21,40247221.50,16,F1,30,,,,,
2026-04-27,2026-04-27,FO,NSE,IDO,67623,,BANKNIFTY,,2026-05-26,2026-05-26,58600.00,PE,BANKNIFTY26MAY58600PE,0.00,0.00,0.00,2427.80,2427.80,2427.80,56264.30,2642.25,1680,0,0,0.00,0,F1,30,,,,,
2026-04-27,2026-04-27,FO,NSE,IDO,67588,,BANKNIFTY,,2026-05-26,2026-05-26,57400.00,PE,BANKNIFTY26MAY57400PE,1716.45,1803.60,1540.05,1605.00,1605.00,1716.45,56264.30,1605.00,5610,210,25,44303197.50,25,F1,30,,,,,
2026-04-27,2026-04-27,FO,NSE,IDO,67285,,BANKNIFTY,,2026-05-26,2026-05-26,55700.00,PE,BANKNIFTY26MAY55700PE,922.00,1055.00,834.05,853.65,851.90,1017.75,56264.30,853.65,9300,2100,579,984129430.50,474,F1,30,,,,,
2026-04-27,2026-04-27,FO,NSE,IDO,67264,,BANKNIFTY,,2026-05-26,2026-05-26,55100.00,PE,BANKNIFTY26MAY55100PE,686.30,824.65,666.55,675.85,670.10,820.30,56264.30,675.85,4140,240,136,227829712.50,108,F1,30,,,,,
2026-04-27,2026-04-27,FO,NSE,IDO,67201,,BANKNIFTY,,2026-05-26,2026-05-26,54000.00,PE,BANKNIFTY26MAY54000PE,485.00,549.05,425.00,435.85,440.60,564.30,56264.30,435.85,236910,34860,10040,16408737049.50,6157,F1,30,,,,,
2026-04-27,2026-04-27,FO,NSE,IDO,67069,,BANKNIFTY,,2026-05-26,2026-05-26,52100.00,PE,BANKNIFTY26MAY52100PE,228.45,258.15,192.35,195.55,192.35,280.00,56264.30,195.55,6960,1050,49,76899688.50,27,F1,30,,,,,
2026-04-27,2026-04-27,FO,NSE,IDO,66815,,BANKNIFTY,,2026-05-26,2026-05-26,51900.00,PE,BANKNIFTY26MAY51900PE,222.70,222.70,181.60,183.10,181.60,263.55,56264.30,183.10,4410,420,26,40641934.50,18,F1,30,,,,,
2026-04-27,2026-04-27,FO,NSE,IDO,66798,,BANKNIFTY,,2026-05-26,2026-05-26,51700.00,PE,BANKNIFTY26MAY51700PE,206.05,206.05,166.15,166.15,166.15,232.95,56264.30,166.15,3480,-150,21,32687859.00,15,F1,30,,,,,
2026-04-27,2026-04-27,FO,NSE,IDO,66749,,BANKNIFTY,,2026-05-26,2026-05-26,50400.00,PE,BANKNIFTY26MAY50400PE,0.00,0.00,0.00,5.30,0.00,5.30,56264.30,33.95,0,0,0,0.00,0,F1,30,,,,,
2026-04-27,2026-04-27,FO,NSE,IDO,66661,,BANKNIFTY,,2026-05-26,2026-05-26,49400.00,PE,BANKNIFTY26MAY49400PE,0.00,0.00,0.00,2.25,0.00,2.25,56264.30,13.40,0,0,0,0.00,0,F1,30,,,,,
2026-04-27,2026-04-27,FO,NSE,IDO,66610,,BANKNIFTY,,2026-05-26,2026-05-26,47800.00,PE,BANKNIFTY26MAY47800PE,0.00,0.00,0.00,0.50,0.00,0.50,56264.30,2.40,0,0,0,0.00,0,F1,30,,,,,
2026-04-27,2026-04-27,FO,NSE,IDO,66483,,BANKNIFTY,,2026-05-26,2026-05-26,46400.00,PE,BANKNIFTY26MAY46400PE,32.45,32.45,32.45,32.45,32.45,38.80,56264.30,0.40,360,-90,3,4178920.50,1,F1,30,,,,,
2026-04-27,2026-04-27,FO,NSE,IDO,68307,,BANKNIFTY,,2026-04-28,2026-04-28,68500.00,PE,BANKNIFTY26APR68500PE,0.00,0.00,0.00,8339.05,0.00,8339.05,56264.30,12224.85,0,0,0,0.00,0,F1,30,,,,,
2026-04-27,2026-04-27,FO,NSE,IDO,75586,,BANKNIFTY,,2026-06-30,2026-06-30,54300.00,CE,BANKNIFTY26JUN54300CE,0.00,0.00,0.00,864.85,0.00,864.85,56264.30,3488.35,0,0,0,0.00,0,F1,30,,,,,
2026-04-27,2026-04-27,FO,NSE,IDO,75600,,BANKNIFTY,,2026-06-30,2026-06-30,55000.00,CE,BANKNIFTY26JUN55000CE,2950.00,2950.00,2655.60,2888.40,2913.60,2880.80,56264.30,2888.40,5250,480,149,258345967.50,119,F1,30,,,,,
2026-04-27,2026-04-27,FO,NSE,IDO,75614,,BANKNIFTY,,2026-06-30,2026-06-30,55800.00,CE,BANKNIFTY26JUN55800CE,2356.70,2359.45,2356.70,2359.45,2359.45,2495.75,56264.30,2558.65,30,-60,2,3489484.50,2,F1,30,,,,,
2026-04-27,2026-04-27,FO,NSE,IDO,75840,,BANKNIFTY,,2026-06-30,2026-06-30,60600.00,CE,BANKNIFTY26JUN60600CE,0.00,0.00,0.00,96.70,0.00,96.70,56264.30,724.15,0,0,0,0.00,0,F1,30,,,,,
2026-04-27,2026-04-27,FO,NSE,IDO,52268,,BANKNIFTY,,2026-09-29,2026-09-29,45000.00,CE,BANKNIFTY26SEP45000CE,0.00,0.00,0.00,12567.35,0.00,12567.35,56264.30,12538.20,0,0,0,0.00,0,F1,30,,,,,
2026-04-27,2026-04-27,FO,NSE,IDO,52426,,BANKNIFTY,,2026-09-29,2026-09-29,67500.00,CE,BANKNIFTY26SEP67500CE,0.00,0.00,0.00,1102.10,0.00,1102.10,56264.30,551.60,0,0,0,0.00,0,F1,30,,,,,
2026-04-27,2026-04-27,FO,NSE,IDO,53214,,BANKNIFTY,,2026-12-29,2026-12-29,46500.00,CE,BANKNIFTY26DEC46500CE,0.00,0.00,0.00,15478.70,0.00,15478.70,56264.30,12049.35,0,0,0,0.00,0,F1,30,,,,,
2026-04-27,2026-04-27,FO,NSE,IDO,67161,,BANKNIFTY,,2026-04-28,2026-04-28,45300.00,PE,BANKNIFTY26APR45300PE,1.05,1.90,1.00,1.15,1.10,2.35,56264.30,1.15,15570,3120,436,592540606.50,129,F1,30,,,,,
2026-04-27,2026-04-27,FO,NSE,IDO,67222,,BANKNIFTY,,2026-04-28,2026-04-28,46300.00,PE,BANKNIFTY26APR46300PE,2.50,2.50,0.95,1.30,1.30,4.60,56264.30,1.30,3180,-510,52,72230466.00,24,F1,30,,,,,
2026-04-27,2026-04-27,FO,NSE,IDO,67317,,BANKNIFTY,,2026-04-28,2026-04-28,48900.00,PE,BANKNIFTY26APR48900PE,1.00,2.25,1.00,1.30,1.05,2.90,56264.30,1.30,14730,-120,133,195116254.50,49,F1,30,,,,,
2026-04-27,2026-04-27,FO,NSE,IDO,67395,,BANKNIFTY,,2026-04-28,2026-04-28,50100.00,PE,BANKNIFTY26APR50100PE,3.35,3.70,1.05,1.55,1.35,4.50,56264.30,1.55,51270,-2430,549,825176818.50,276,F1,30,,,,,
2026-04-27,2026-04-27,FO,NSE,IDO,67419,,BANKNIFTY,,2026-04-28,2026-04-28,51200.00,PE,BANKNIFTY26APR51200PE,4.30,4.30,0.70,2.05,0.70,6.75,56264.30,2.05,48630,480,3205,4923106252.50,1146,F1,30,,,,,
2026-04-27,2026-04-27,FO,NSE,IDO,67431,,BANKNIFTY,,2026-04-28,2026-04-28,51800.00,PE,BANKNIFTY26APR51800PE,4.40,4.40,1.60,2.15,1.85,8.65,56264.30,2.15,29940,-1050,3164,4917091654.50,1501,F1,30,,,,,
2026-04-27,2026-04-27,FO,NSE,IDO,67443,,BANKNIFTY,,2026-04-28,2026-04-28,52400.00,PE,BANKNIFTY26APR52400PE,4.10,5.70,1.20,2.15,1.35,11.00,56264.30,2.15,48210,20880,8922,14026089823.50,3929,F1,30,,,,,
2026-04-27,2026-04-27,FO,NSE,IDO,67475,,BANKNIFTY,,2026-04-28,2026-04-28,54000.00,PE,BANKNIFTY26APR54000PE,25.10,25.10,4.25,5.40,6.15,38.90,56264.30,5.40,834120,-3870,178790,289680274128.00,60992,F1,30,,,,,
2026-04-27,2026-04-27,FO,NSE,IDO,67515,,BANKNIFTY,,2026-04-28,2026-04-28,55400.00,PE,BANKNIFTY26APR55400PE,160.00,160.00,23.00,33.45,26.90,192.75,56264.30,33.45,171660,29580,168310,280064976337.50,103891,F1,30,,,,,
2026-04-27,2026-04-27,FO,NSE,IDO,67982,,BANKNIFTY,,2026-04-28,2026-04-28,65200.00,PE,BANKNIFTY26APR65200PE,0.00,0.00,0.00,10839.85,10839.85,10839.85,56264.30,8925.35,30,0,0,0.00,0,F1,30,,,,,
2026-04-27,2026-04-27,FO,NSE,IDO,67924,,BANKNIFTY,,2026-04-28,2026-04-28,64800.00,PE,BANKNIFTY26APR64800PE,0.00,0.00,0.00,11650.90,11650.90,11650.90,56264.30,8525.40,60,0,0,0.00,0,F1,30,,,,,
2026-04-27,2026-04-27,FO,NSE,IDO,67920,,BANKNIFTY,,2026-04-28,2026-04-28,64600.00,PE,BANKNIFTY26APR64600PE,0.00,0.00,0.00,11479.70,11479.70,11479.70,56264.30,8325.45,60,0,0,0.00,0,F1,30,,,,,
2026-04-27,2026-04-27,FO,NSE,IDO,67884,,BANKNIFTY,,2026-04-28,2026-04-28,63800.00,PE,BANKNIFTY26APR63800PE,0.00,0.00,0.00,11085.30,11085.30,11085.30,56264.30,7525.60,120,0,0,0.00,0,F1,30,,,,,
2026-04-27,2026-04-27,FO,NSE,IDO,67774,,BANKNIFTY,,2026-04-28,2026-04-28,61400.00,PE,BANKNIFTY26APR61400PE,0.00,0.00,0.00,5891.95,5891.95,5891.95,56264.30,5125.95,600,0,0,0.00,0,F1,30,,,,,
2026-04-27,2026-04-27,FO,NSE,IDO,67762,,BANKNIFTY,,2026-04-28,2026-04-28,61000.00,PE,BANKNIFTY26APR61000PE,4640.20,5040.00,4500.00,4660.65,4644.50,4788.35,56264.30,4660.65,68670,-12690,567,1118597988.00,500,F1,30,,,,,
2026-04-27,2026-04-27,FO,NSE,IDO,67756,,BANKNIFTY,,2026-04-28,2026-04-28,60900.00,PE,BANKNIFTY26APR60900PE,4289.75,4415.40,4289.70,4415.40,4415.40,3840.00,56264.30,4626.05,780,360,14,27387231.00,3,F1,30,,,,,
2026-04-27,2026-04-27,FO,NSE,IDO,67713,,BANKNIFTY,,2026-04-28,2026-04-28,59900.00,PE,BANKNIFTY26APR59900PE,0.00,0.00,0.00,3516.20,3516.20,3516.20,56264.30,3626.20,1320,0,0,0.00,0,F1,30,,,,,
2026-04-27,2026-04-27,FO,NSE,IDO,67695,,BANKNIFTY,,2026-04-28,2026-04-28,59000.00,PE,BANKNIFTY26APR59000PE,2720.00,3065.45,2394.15,2635.90,2622.20,2806.85,56264.30,2635.90,95820,-55530,5604,10379318479.50,5095,F1,30,,,,,
2026-04-27,2026-04-27,FO,NSE,IDO,67686,,BANKNIFTY,,2026-04-28,2026-04-28,58800.00,PE,BANKNIFTY26APR58800PE,2512.00,2512.00,2512.00,2512.00,2512.00,2590.00,56264.30,2526.40,9210,-60,2,3678720.00,1,F1,30,,,,,
2026-04-27,2026-04-27,FO,NSE,IDO,67229,,BANKNIFTY,,2026-04-28,2026-04-28,46500.00,CE,BANKNIFTY26APR46500CE,9864.85,9864.85,9700.00,9700.00,9700.00,9873.85,56264.30,9771.70,1170,-30,2,3376945.50,2,F1,30,,,,,
2026-04-27,2026-04-27,FO,NSE,IDO,67231,,BANKNIFTY,,2026-04-28,2026-04-28,46600.00,CE,BANKNIFTY26APR46600CE,0.00,0.00,0.00,9442.90,9442.90,9442.90,56264.30,9671.70,360,0,0,0.00,0,F1,30,,,,,
2026-04-27,2026-04-27,FO,NSE,IDO,67233,,BANKNIFTY,,2026-04-28,2026-04-28,46700.00,CE,BANKNIFTY26APR46700CE,0.00,0.00,0.00,9614.85,9614.85,9614.85,56264.30,9571.75,300,0,0,0.00,0,F1,30,,,,,
2026-04-27,2026-04-27,FO,NSE,IDO,67243,,BANKNIFTY,,2026-04-28,2026-04-28,47200.00,CE,BANKNIFTY26APR47200CE,0.00,0.00,0.00,8804.30,8804.30,8804.30,56264.30,9071.80,0,0,0,0.00,0,F1,30,,,,,
2026-04-27,2026-04-27,FO,NSE,IDO,67262,,BANKNIFTY,,2026-04-28,2026-04-28,47700.00,CE,BANKNIFTY26APR47700CE,0.00,0.00,0.00,8357.40,8357.40,8357.40,56264.30,8571.90,30,0,0,0.00,0,F1,30,,,,,
2026-04-27,2026-04-27,FO,NSE,IDO,67303,,BANKNIFTY,,2026-04-28,2026-04-28,48400.00,CE,BANKNIFTY26APR48400CE,0.00,0.00,0.00,6288.90,6288.90,6288.90,56264.30,7872.00,30,0,0,0.00,0,F1,30,,,,,
2026-04-27,2026-04-27,FO,NSE,IDO,67382,,BANKNIFTY,,2026-04-28,2026-04-28,49700.00,CE,BANKNIFTY26APR49700CE,0.00,0.00,0.00,6900.00,6900.00,6900.00,56264.30,6572.20,4530,0,0,0.00,0,F1,30,,,,,
2026-04-27,2026-04-27,FO,NSE,IDO,67426,,BANKNIFTY,,2026-04-28,2026-04-28,51600.00,CE,BANKNIFTY26APR51600CE,4692.85,4880.55,4475.00,4880.55,4880.55,4611.80,56264.30,4880.55,20490,-150,7,11808118.50,5,F1,30,,,,,
2026-04-27,2026-04-27,FO,NSE,IDO,67466,,BANKNIFTY,,2026-04-28,2026-04-28,53600.00,CE,BANKNIFTY26APR53600CE,2600.00,2750.45,2500.00,2718.00,2718.00,2503.20,56264.30,2672.85,8100,-180,21,35384572.50,15,F1,30,,,,,
2026-04-27,2026-04-27,FO,NSE,IDO,67468,,BANKNIFTY,,2026-04-28,2026-04-28,53700.00,CE,BANKNIFTY26APR53700CE,2550.00,2668.90,2302.00,2668.90,2668.90,2559.40,56264.30,2668.90,13350,-480,30,50491638.00,15,F1,30,,,,,
2026-04-27,2026-04-27,FO,NSE,IDO,67496,,BANKNIFTY,,2026-04-28,2026-04-28,55000.00,CE,BANKNIFTY26APR55000CE,1333.00,1574.90,995.00,1357.10,1384.50,1303.20,56264.30,1357.10,259680,-76380,10354,17469237264.00,6483,F1,30,,,,,
2026-04-27,2026-04-27,FO,NSE,IDO,67516,,BANKNIFTY,,2026-04-28,2026-04-28,55500.00,CE,BANKNIFTY26APR55500CE,968.70,1128.60,578.20,887.75,900.90,901.05,56264.30,887.75,114480,-17760,17944,30301760827.50,12422,F1,30,,,,,
2026-04-27,2026-04-27,FO,NSE,IDO,67524,,BANKNIFTY,,2026-04-28,2026-04-28,55800.00,CE,BANKNIFTY26APR55800CE,765.85,850.30,376.60,626.10,636.05,689.35,56264.30,626.10,42870,-11970,43091,72827885268.00,26273,F1,30,,,,,
2026-04-27,2026-04-27,FO,NSE,IDO,67552,,BANKNIFTY,,2026-04-28,2026-04-28,57200.00,CE,BANKNIFTY26APR57200CE,128.10,131.10,24.70,39.80,43.80,128.10,56264.30,39.80,232980,7590,155124,266396952991.50,87730,F1,30,,,,,
2026-04-27,2026-04-27,FO,NSE,IDO,67696,,BANKNIFTY,,2026-04-28,2026-04-28,59100.00,CE,BANKNIFTY26APR59100CE,4.15,7.90,3.10,3.55,3.10,12.80,56264.30,3.55,68910,-11760,11988,21256245696.00,5669,F1,30,,,,,
2026-04-27,2026-04-27,FO,NSE,IDO,67716,,BANKNIFTY,,2026-04-28,2026-04-28,60100.00,CE,BANKNIFTY26APR60100CE,4.50,4.50,1.85,2.25,1.85,4.55,56264.30,2.25,27930,960,1990,3588111802.50,1075,F1,30,,,,,
2026-04-27,2026-04-27,FO,NSE,IDO,67732,,BANKNIFTY,,2026-04-28,2026-04-28,60900.00,CE,BANKNIFTY26APR60900CE,2.50,2.50,1.15,1.70,1.60,2.90,56264.30,1.70,14790,330,673,1229603626.50,368,F1,30,,,,,
2026-04-27,2026-04-27,FO,NSE,IDO,67828,,BANKNIFTY,,2026-04-28,2026-04-28,62500.00,CE,BANKNIFTY26APR62500CE,1.20,2.50,0.65,0.95,0.80,1.30,56264.30,0.95,53340,-7080,2769,5191963722.00,1364,F1,30,,,,,
2026-04-27,2026-04-27,FO,NSE,IDO,67863,,BANKNIFTY,,2026-04-28,2026-04-28,63300.00,CE,BANKNIFTY26APR63300CE,1.00,1.90,0.15,0.40,0.15,1.50,56264.30,0.40,12210,-2190,715,1357799724.00,166,F1,30,,,,,
2026-04-27,2026-04-27,FO,NSE,IDO,67887,,BANKNIFTY,,2026-04-28,2026-04-28,64000.00,CE,BANKNIFTY26APR64000CE,0.90,2.00,0.35,0.65,0.70,1.40,56264.30,0.65,120090,-13980,5722,10986389926.50,1386,F1,30,,,,,
2026-04-27,2026-04-27,FO,NSE,IDO,67925,,BANKNIFTY,,2026-04-28,2026-04-28,64900.00,CE,BANKNIFTY26APR64900CE,0.50,0.80,0.30,0.35,0.30,0.80,56264.30,0.35,7110,0,75,146026111.50,22,F1,30,,,,,
2026-04-27,2026-04-27,FO,NSE,IDO,66475,,BANKNIFTY,,2026-05-26,2026-05-26,46100.00,CE,BANKNIFTY26MAY46100CE,0.00,0.00,0.00,15706.55,0.00,15706.55,56264.30,10376.55,0,0,0,0.00,0,F1,30,,,,,
2026-04-27,2026-04-27,FO,NSE,IDO,66477,,BANKNIFTY,,2026-05-26,2026-05-26,46200.00,CE,BANKNIFTY26MAY46200CE,0.00,0.00,0.00,15608.20,0.00,15608.20,56264.30,10277.05,0,0,0,0.00,0,F1,30,,,,,
2026-04-27,2026-04-27,FO,NSE,IDO,66482,,BANKNIFTY,,2026-05-26,2026-05-26,46400.00,CE,BANKNIFTY26MAY46400CE,0.00,0.00,0.00,15411.50,0.00,15411.50,56264.30,10078.05,0,0,0,0.00,0,F1,30,,,,,
2026-04-27,2026-04-27,FO,NSE,IDO,66667,,BANKNIFTY,,2026-05-26,2026-05-26,49700.00,CE,BANKNIFTY26MAY49700CE,0.00,0.00,0.00,12168.65,0.00,12168.65,56264.30,6810.70,0,0,0,0.00,0,F1,30,,,,,
2026-04-27,2026-04-27,FO,NSE,IDO,66746,,BANKNIFTY,,2026-05-26,2026-05-26,50300.00,CE,BANKNIFTY26MAY50300CE,0.00,0.00,0.00,5228.40,5228.40,5228.40,56264.30,6226.65,30,0,0,0.00,0,F1,30,,,,,
2026-04-27,2026-04-27,FO,NSE,IDO,67120,,BANKNIFTY,,2026-05-26,2026-05-26,53300.00,CE,BANKNIFTY26MAY53300CE,0.00,0.00,0.00,3507.35,3507.35,3507.35,56264.30,3492.55,2760,0,0,0.00,0,F1,30,,,,,
2026-04-27,2026-04-27,FO,NSE,IDO,67204,,BANKNIFTY,,2026-05-26,2026-05-26,54200.00,CE,BANKNIFTY26MAY54200CE,2900.00,2949.85,2738.05,2738.05,2738.05,2729.95,56264.30,2784.25,750,30,4,6848028.00,4,F1,30,,,,,
2026-04-27,2026-04-27,FO,NSE,IDO,67288,,BANKNIFTY,,2026-05-26,2026-05-26,55900.00,CE,BANKNIFTY26MAY55900CE,1719.00,1791.10,1488.00,1669.80,1676.10,1664.15,56264.30,1669.80,4950,720,388,669494865.00,344,F1,30,,,,,
2026-04-27,2026-04-27,FO,NSE,IDO,68046,,BANKNIFTY,,2026-05-26,2026-05-26,60400.00,CE,BANKNIFTY26MAY60400CE,130.55,136.55,110.05,112.15,112.45,127.30,56264.30,112.15,3900,420,222,403069048.50,123,F1,30,,,,,
2026-04-27,2026-04-27,FO,NSE,IDO,68050,,BANKNIFTY,,2026-05-26,2026-05-26,60600.00,CE,BANKNIFTY26MAY60600CE,116.95,116.95,93.20,96.30,94.00,115.35,56264.30,96.30,4500,3210,211,384255048.00,101,F1,30,,,,,
2026-04-27,2026-04-27,FO,NSE,IDO,68078,,BANKNIFTY,,2026-05-26,2026-05-26,60900.00,CE,BANKNIFTY26MAY60900CE,92.25,94.30,75.50,76.75,76.35,87.95,56264.30,76.75,6300,2340,256,468363073.50,172,F1,30,,,,,
2026-04-27,2026-04-27,FO,NSE,IDO,68152,,BANKNIFTY,,2026-05-26,2026-05-26,64000.00,CE,BANKNIFTY26MAY64000CE,11.80,15.95,9.10,9.75,9.50,13.80,56264.30,9.75,57660,27420,1850,3552621814.50,1151,F1,30,,,,,
2026-04-27,2026-04-27,FO,NSE,IDO,68265,,BANKNIFTY,,2026-05-26,2026-05-26,67000.00,CE,BANKNIFTY26MAY67000CE,6.35,6.85,4.80,5.80,5.80,6.35,56264.30,5.80,5940,1770,148,297507178.50,57,F1,30,,,,,
2026-04-27,2026-04-27,FO,NSE,IDO,57565,,BANKNIFTY,,2026-06-30,2026-06-30,43500.00,CE,BANKNIFTY26JUN43500CE,0.00,0.00,0.00,16490.50,0.00,16490.50,56264.30,13239.25,0,0,0,0.00,0,F1,30,,,,,
2026-04-27,2026-04-27,FO,NSE,IDO,75108,,BANKNIFTY,,2026-06-30,2026-06-30,46000.00,CE,BANKNIFTY26JUN46000CE,0.00,0.00,0.00,5433.15,0.00,5433.15,56264.30,10777.65,0,0,0,0.00,0,F1,30,,,,,
2026-04-27,2026-04-27,FO,NSE,IDO,57693,,BANKNIFTY,,2026-06-30,2026-06-30,46500.00,CE,BANKNIFTY26JUN46500CE,0.00,0.00,0.00,13882.70,0.00,13882.70,56264.30,10288.70,0,0,0,0.00,0,F1,30,,,,,
2026-04-27,2026-04-27,FO,NSE,IDO,75204,,BANKNIFTY,,2026-06-30,2026-06-30,47800.00,CE,BANKNIFTY26JUN47800CE,0.00,0.00,0.00,4024.65,0.00,4024.65,56264.30,9028.45,0,0,0,0.00,0,F1,30,,,,,
2026-04-27,2026-04-27,FO,NSE,IDO,75253,,BANKNIFTY,,2026-06-30,2026-06-30,48600.00,CE,BANKNIFTY26JUN48600CE,0.00,0.00,0.00,3462.25,0.00,3462.25,56264.30,8264.80,0,0,0,0.00,0,F1,30,,,,,
2026-04-27,2026-04-27,FO,NSE,IDO,75264,,BANKNIFTY,,2026-06-30,2026-06-30,48700.00,CE,BANKNIFTY26JUN48700CE,0.00,0.00,0.00,3395.45,0.00,3395.45,56264.30,8170.15,0,0,0,0.00,0,F1,30,,,,,
2026-04-27,2026-04-27,FO,NSE,IDO,75276,,BANKNIFTY,,2026-06-30,2026-06-30,49300.00,CE,BANKNIFTY26JUN49300CE,0.00,0.00,0.00,3010.55,0.00,3010.55,56264.30,7607.35,0,0,0,0.00,0,F1,30,,,,,
2026-04-27,2026-04-27,FO,NSE,IDO,75303,,BANKNIFTY,,2026-06-30,2026-06-30,50300.00,CE,BANKNIFTY26JUN50300CE,0.00,0.00,0.00,2430.20,0.00,2430.20,56264.30,6691.50,0,0,0,0.00,0,F1,30,,,,,
2026-04-27,2026-04-27,FO,NSE,IDO,75411,,BANKNIFTY,,2026-06-30,2026-06-30,50600.00,CE,BANKNIFTY26JUN50600CE,0.00,0.00,0.00,4144.85,4144.85,4144.85,56264.30,6423.30,30,0,0,0.00,0,F1,30,,,,,
2026-04-27,2026-04-27,FO,NSE,IDO,57713,,BANKNIFTY,,2026-06-30,2026-06-30,51000.00,CE,BANKNIFTY26JUN51000CE,0.00,0.00,0.00,5800.00,5800.00,5800.00,56264.30,6071.25,1800,0,0,0.00,0,F1,30,,,,,
2026-04-27,2026-04-27,FO,NSE,IDO,75461,,BANKNIFTY,,2026-06-30,2026-06-30,52600.00,CE,BANKNIFTY26JUN52600CE,0.00,0.00,0.00,4675.80,4675.80,4675.80,56264.30,4738.65,390,0,0,0.00,0,F1,30,,,,,
2026-04-27,2026-04-27,FO,NSE,IDO,75469,,BANKNIFTY,,2026-06-30,2026-06-30,53000.00,CE,BANKNIFTY26JUN53000CE,4249.95,4393.45,4200.00,4335.00,4335.00,4361.00,56264.30,4427.60,9480,960,43,73854880.50,43,F1,30,,,,,
2026-04-27,2026-04-27,FO,NSE,IDO,75558,,BANKNIFTY,,2026-06-30,2026-06-30,53200.00,CE,BANKNIFTY26JUN53200CE,0.00,0.00,0.00,1182.25,0.00,1182.25,56264.30,4275.80,0,0,0,0.00,0,F1,30,,,,,
2026-04-27,2026-04-27,FO,NSE,IDO,75582,,BANKNIFTY,,2026-06-30,2026-06-30,54100.00,CE,BANKNIFTY26JUN54100CE,0.00,0.00,0.00,916.90,0.00,916.90,56264.30,3625.05,0,0,0,0.00,0,F1,30,,,,,
2026-04-27,2026-04-27,FO,NSE,IDO,57721,,BANKNIFTY,,2026-06-30,2026-06-30,55500.00,CE,BANKNIFTY26JUN55500CE,2632.60,2669.40,2350.00,2576.80,2576.80,2350.00,56264.30,2730.80,6720,-510,33,57396082.50,24,F1,30,,,,,
2026-04-27,2026-04-27,FO,NSE,IDO,75616,,BANKNIFTY,,2026-06-30,2026-06-30,55900.00,CE,BANKNIFTY26JUN55900CE,2283.55,2283.55,2283.55,2283.55,2283.55,2297.25,56264.30,2502.85,90,0,1,1745506.50,1,F1,30,,,,,
2026-04-27,2026-04-27,FO,NSE,IDO,75620,,BANKNIFTY,,2026-06-30,2026-06-30,56100.00,CE,BANKNIFTY26JUN56100CE,2102.80,2102.80,2044.95,2044.95,2044.95,2044.95,56264.30,2393.60,240,210,7,12217381.50,4,F1,30,,,,,
2026-04-27,2026-04-27,FO,NSE,IDO,75628,,BANKNIFTY,,2026-06-30,2026-06-30,56500.00,CE,BANKNIFTY26JUN56500CE,1930.70,1960.00,1756.80,1896.90,1927.10,1904.65,56264.30,1896.90,15900,11310,495,867364011.00,476,F1,30,,,,,
2026-04-27,2026-04-27,FO,NSE,IDO,75661,,BANKNIFTY,,2026-06-30,2026-06-30,57500.00,CE,BANKNIFTY26JUN57500CE,1400.65,1401.00,1268.70,1377.80,1383.40,1387.80,56264.30,1377.80,7470,660,66,116527723.50,44,F1,30,,,,,
2026-04-27,2026-04-27,FO,NSE,IDO,75663,,BANKNIFTY,,2026-06-30,2026-06-30,57600.00,CE,BANKNIFTY26JUN57600CE,0.00,0.00,0.00,1352.80,1352.80,1352.80,56264.30,1673.70,90,0,0,0.00,0,F1,30,,,,,
2026-04-27,2026-04-27,FO,NSE,IDO,75749,,BANKNIFTY,,2026-06-30,2026-06-30,57900.00,CE,BANKNIFTY26JUN57900CE,1199.95,1226.30,1197.75,1197.75,1197.75,1302.30,56264.30,1550.50,450,60,10,17732095.50,6,F1,30,,,,,
2026-04-27,2026-04-27,FO,NSE,IDO,75796,,BANKNIFTY,,2026-06-30,2026-06-30,58800.00,CE,BANKNIFTY26JUN58800CE,806.95,820.95,806.95,820.65,820.65,903.15,56264.30,1220.60,1080,-60,12,21460906.50,11,F1,30,,,,,
2026-04-27,2026-04-27,FO,NSE,IDO,75828,,BANKNIFTY,,2026-06-30,2026-06-30,60100.00,CE,BANKNIFTY26JUN60100CE,0.00,0.00,0.00,117.90,0.00,117.90,56264.30,843.85,0,0,0,0.00,0,F1,30,,,,,
2026-04-27,2026-04-27,FO,NSE,IDO,75847,,BANKNIFTY,,2026-06-30,2026-06-30,60900.00,CE,BANKNIFTY26JUN60900CE,0.00,0.00,0.00,85.70,0.00,85.70,56264.30,659.90,0,0,0,0.00,0,F1,30,,,,,
2026-04-27,2026-04-27,FO,NSE,IDO,75880,,BANKNIFTY,,2026-06-30,2026-06-30,61200.00,CE,BANKNIFTY26JUN61200CE,285.30,285.30,262.95,267.30,267.05,285.30,56264.30,267.30,3420,270,15,27660946.50,11,F1,30,,,,,
2026-04-27,2026-04-27,FO,NSE,IDO,52264,,BANKNIFTY,,2026-09-29,2026-09-29,43500.00,CE,BANKNIFTY26SEP43500CE,0.00,0.00,0.00,13878.45,0.00,13878.45,56264.30,13952.10,0,0,0,0.00,0,F1,30,,,,,
2026-04-27,2026-04-27,FO,NSE,IDO,52282,,BANKNIFTY,,2026-09-29,2026-09-29,51000.00,CE,BANKNIFTY26SEP51000CE,0.00,0.00,0.00,7836.25,0.00,7836.25,56264.30,7331.85,0,0,0,0.00,0,F1,30,,,,,
2026-04-27,2026-04-27,FO,NSE,IDO,52284,,BANKNIFTY,,2026-09-29,2026-09-29,52500.00,CE,BANKNIFTY26SEP52500CE,0.00,0.00,0.00,6823.00,0.00,6823.00,56264.30,6214.65,0,0,0,0.00,0,F1,30,,,,,
2026-04-27,2026-04-27,FO,NSE,IDO,52412,,BANKNIFTY,,2026-09-29,2026-09-29,64500.00,CE,BANKNIFTY26SEP64500CE,0.00,0.00,0.00,1685.65,0.00,1685.65,56264.30,997.25,0,0,0,0.00,0,F1,30,,,,,
2026-04-27,2026-04-27,FO,NSE,IDO,53184,,BANKNIFTY,,2026-12-29,2026-12-29,43500.00,CE,BANKNIFTY26DEC43500CE,0.00,0.00,0.00,18243.35,0.00,18243.35,56264.30,14704.40,0,0,0,0.00,0,F1,30,,,,,
2026-04-27,2026-04-27,FO,NSE,IDO,67405,,BANKNIFTY,,2026-04-28,2026-04-28,50500.00,PE,BANKNIFTY26APR50500PE,3.00,4.65,0.70,1.30,0.95,5.10,56264.30,1.30,182670,-1620,7482,11335676062.50,2486,F1,30,,,,,
2026-04-27,2026-04-27,FO,NSE,IDO,67439,,BANKNIFTY,,2026-04-28,2026-04-28,52200.00,PE,BANKNIFTY26APR52200PE,8.00,8.00,1.45,2.20,1.45,10.20,56264.30,2.20,20040,-6210,2453,3841620574.50,1422,F1,30,,,,,
2026-04-27,2026-04-27,FO,NSE,IDO,67473,,BANKNIFTY,,2026-04-28,2026-04-28,53900.00,PE,BANKNIFTY26APR53900PE,24.80,24.80,3.10,4.75,5.70,34.60,56264.30,4.75,51660,-39330,24441,39526239636.00,13630,F1,30,,,,,
2026-04-27,2026-04-27,FO,NSE,IDO,67493,,BANKNIFTY,,2026-04-28,2026-04-28,54800.00,PE,BANKNIFTY26APR54800PE,70.00,84.55,8.40,10.85,10.25,95.20,56264.30,10.85,177540,49740,110531,181784404326.00,57831,F1,30,,,,,
2026-04-27,2026-04-27,FO,NSE,IDO,67551,,BANKNIFTY,,2026-04-28,2026-04-28,57100.00,PE,BANKNIFTY26APR57100PE,780.05,1181.00,685.05,803.70,785.30,1051.90,56264.30,803.70,51420,-10980,1847,3212129668.50,1334,F1,30,,,,,
2026-04-27,2026-04-27,FO,NSE,IDO,67715,,BANKNIFTY,,2026-04-28,2026-04-28,60000.00,PE,BANKNIFTY26APR60000PE,3608.00,4066.20,3485.95,3674.45,3650.10,3854.75,56264.30,3674.45,182070,-76260,3611,6912721866.00,3278,F1,30,,,,,
2026-04-27,2026-04-27,FO,NSE,IDO,67719,,BANKNIFTY,,2026-04-28,2026-04-28,60200.00,PE,BANKNIFTY26APR60200PE,4228.00,4228.00,3840.50,3920.00,3920.00,3930.00,56264.30,3926.15,1590,-840,40,77125315.50,18,F1,30,,,,,
2026-04-27,2026-04-27,FO,NSE,IDO,67725,,BANKNIFTY,,2026-04-28,2026-04-28,60500.00,PE,BANKNIFTY26APR60500PE,4000.05,4500.00,3995.00,4182.80,4150.00,4309.05,56264.30,4182.80,10500,-1680,220,427211362.50,153,F1,30,,,,,
2026-04-27,2026-04-27,FO,NSE,IDO,67792,,BANKNIFTY,,2026-04-28,2026-04-28,61700.00,PE,BANKNIFTY26APR61700PE,0.00,0.00,0.00,5279.00,5279.00,5279.00,56264.30,5425.90,240,0,0,0.00,0,F1,30,,,,,
2026-04-27,2026-04-27,FO,NSE,IDO,67822,,BANKNIFTY,,2026-04-28,2026-04-28,62300.00,PE,BANKNIFTY26APR62300PE,0.00,0.00,0.00,5605.00,5605.00,5605.00,56264.30,6025.80,240,0,0,0.00,0,F1,30,,,,,
2026-04-27,2026-04-27,FO,NSE,IDO,67837,,BANKNIFTY,,2026-04-28,2026-04-28,62800.00,PE,BANKNIFTY26APR62800PE,0.00,0.00,0.00,10099.00,10099.00,10099.00,56264.30,6525.75,60,0,0,0.00,0,F1,30,,,,,
2026-04-27,2026-04-27,FO,NSE,IDO,67878,,BANKNIFTY,,2026-04-28,2026-04-28,63500.00,PE,BANKNIFTY26APR63500PE,7200.00,7200.00,7200.00,7200.00,7200.00,6700.10,56264.30,7200.00,390,-360,15,31815000.00,6,F1,30,,,,,
2026-04-27,2026-04-27,FO,NSE,IDO,67894,,BANKNIFTY,,2026-04-28,2026-04-28,64300.00,PE,BANKNIFTY26APR64300PE,0.00,0.00,0.00,11183.70,11183.70,11183.70,56264.30,8025.50,60,0,0,0.00,0,F1,30,,,,,
2026-04-27,2026-04-27,FO,NSE,IDO,68228,,BANKNIFTY,,2026-04-28,2026-04-28,67000.00,PE,BANKNIFTY26APR67000PE,0.00,0.00,0.00,10600.00,10600.00,10600.00,56264.30,10725.05,30,0,0,0.00,0,F1,30,,,,,
2026-04-27,2026-04-27,FO,NSE,IDO,68256,,BANKNIFTY,,2026-04-28,2026-04-28,67500.00,PE,BANKNIFTY26APR67500PE,11500.00,11500.00,11500.00,11500.00,11500.00,14000.00,56264.30,11225.00,0,-30,1,2370000.00,1,F1,30,,,,,
2026-04-27,2026-04-27,FO,NSE,IDO,40395,,BANKNIFTY,,2026-05-26,2026-05-26,45300.00,PE,BANKNIFTY26MAY45300PE,0.00,0.00,0.00,29.35,29.35,29.35,56264.30,0.10,510,0,0,0.00,0,F1,30,,,,,
2026-04-27,2026-04-27,FO,NSE,IDO,38317,,BANKNIFTY,,2026-05-26,2026-05-26,45800.00,PE,BANKNIFTY26MAY45800PE,0.00,0.00,0.00,31.00,31.00,31.00,56264.30,0.20,570,0,0,0.00,0,F1,30,,,,,
2026-04-27,2026-04-27,FO,NSE,IDO,66481,,BANKNIFTY,,2026-05-26,2026-05-26,46300.00,PE,BANKNIFTY26MAY46300PE,0.00,0.00,0.00,40.35,40.35,40.35,56264.30,0.35,450,0,0,0.00,0,F1,30,,,,,
2026-04-27,2026-04-27,FO,NSE,IDO,66530,,BANKNIFTY,,2026-05-26,2026-05-26,46600.00,PE,BANKNIFTY26MAY46600PE,36.90,36.95,36.90,36.95,36.95,48.40,56264.30,0.55,360,-180,6,8394646.50,2,F1,30,,,,,
2026-04-27,2026-04-27,FO,NSE,IDO,66573,,BANKNIFTY,,2026-05-26,2026-05-26,47100.00,PE,BANKNIFTY26MAY47100PE,0.00,0.00,0.00,0.25,0.00,0.25,56264.30,1.00,0,0,0,0.00,0,F1,30,,,,,
2026-04-27,2026-04-27,FO,NSE,IDO,66668,,BANKNIFTY,,2026-05-26,2026-05-26,49700.00,PE,BANKNIFTY26MAY49700PE,0.00,0.00,0.00,2.95,0.00,2.95,56264.30,17.90,0,0,0,0.00,0,F1,30,,,,,
2026-04-27,2026-04-27,FO,NSE,IDO,66760,,BANKNIFTY,,2026-05-26,2026-05-26,50800.00,PE,BANKNIFTY26MAY50800PE,91.35,120.40,91.35,116.00,119.35,1275.60,56264.30,116.00,1290,180,26,39714460.50,17,F1,30,,,,,
2026-04-27,2026-04-27,FO,NSE,IDO,67088,,BANKNIFTY,,2026-05-26,2026-05-26,52500.00,PE,BANKNIFTY26MAY52500PE,250.65,305.25,228.60,237.10,228.60,327.20,56264.30,237.10,72390,7020,1624,2570372935.50,791,F1,30,,,,,
2026-04-27,2026-04-27,FO,NSE,IDO,67182,,BANKNIFTY,,2026-05-26,2026-05-26,53400.00,PE,BANKNIFTY26MAY53400PE,384.00,423.25,341.55,341.55,341.55,453.65,56264.30,341.55,4620,90,33,53249605.50,22,F1,30,,,,,
2026-04-27,2026-04-27,FO,NSE,IDO,67214,,BANKNIFTY,,2026-05-26,2026-05-26,54300.00,PE,BANKNIFTY26MAY54300PE,561.95,617.20,483.65,497.95,500.00,617.80,56264.30,497.95,3900,-1830,135,222061437.00,60,F1,30,,,,,
2026-04-27,2026-04-27,FO,NSE,IDO,67256,,BANKNIFTY,,2026-05-26,2026-05-26,54800.00,PE,BANKNIFTY26MAY54800PE,610.00,745.00,580.85,595.45,592.65,748.00,56264.30,595.45,4890,-780,130,216267861.00,95,F1,30,,,,,
2026-04-27,2026-04-27,FO,NSE,IDO,67289,,BANKNIFTY,,2026-05-26,2026-05-26,55900.00,PE,BANKNIFTY26MAY55900PE,921.50,1129.80,899.35,920.35,911.55,1086.40,56264.30,920.35,8970,1800,538,918778467.00,453,F1,30,,,,,
2026-04-27,2026-04-27,FO,NSE,IDO,67597,,BANKNIFTY,,2026-05-26,2026-05-26,57800.00,PE,BANKNIFTY26MAY57800PE,1830.00,1830.00,1830.00,1830.00,1830.00,2002.45,56264.30,2086.90,2190,-30,1,1788900.00,1,F1,30,,,,,
2026-04-27,2026-04-27,FO,NSE,IDO,68047,,BANKNIFTY,,2026-05-26,2026-05-26,60400.00,PE,BANKNIFTY26MAY60400PE,3805.20,4203.70,3805.15,4130.00,4130.00,3933.65,56264.30,4093.85,450,-120,7,13540651.50,6,F1,30,,,,,
2026-04-27,2026-04-27,FO,NSE,IDO,68137,,BANKNIFTY,,2026-05-26,2026-05-26,63300.00,PE,BANKNIFTY26MAY63300PE,0.00,0.00,0.00,9961.00,9961.00,9961.00,56264.30,6785.15,30,0,0,0.00,0,F1,30,,,,,
2026-04-27,2026-04-27,FO,NSE,IDO,68204,,BANKNIFTY,,2026-05-26,2026-05-26,65300.00,PE,BANKNIFTY26MAY65300PE,0.00,0.00,0.00,7350.00,7350.00,7350.00,56264.30,8745.05,510,0,0,0.00,0,F1,30,,,,,
2026-04-27,2026-04-27,FO,NSE,IDO,68210,,BANKNIFTY,,2026-05-26,2026-05-26,65500.00,PE,BANKNIFTY26MAY65500PE,0.00,0.00,0.00,10851.45,10851.45,10851.45,56264.30,8942.75,600,0,0,0.00,0,F1,30,,,,,
2026-04-27,2026-04-27,FO,NSE,IDO,68222,,BANKNIFTY,,2026-05-26,2026-05-26,66000.00,PE,BANKNIFTY26MAY66000PE,9300.00,9552.90,9130.00,9184.35,9195.60,9338.30,56264.30,9184.35,18450,9360,333,752268084.00,309,F1,30,,,,,
2026-04-27,2026-04-27,FO,NSE,IDO,75184,,BANKNIFTY,,2026-06-30,2026-06-30,47300.00,PE,BANKNIFTY26JUN47300PE,0.00,0.00,0.00,572.30,0.00,572.30,56264.30,31.85,0,0,0,0.00,0,F1,30,,,,,
2026-04-27,2026-04-27,FO,NSE,IDO,75293,,BANKNIFTY,,2026-06-30,2026-06-30,50200.00,PE,BANKNIFTY26JUN50200PE,284.55,289.05,280.00,282.10,282.30,333.90,56264.30,282.10,1560,-420,72,109043154.00,18,F1,30,,,,,
2026-04-27,2026-04-27,FO,NSE,IDO,75429,,BANKNIFTY,,2026-06-30,2026-06-30,51400.00,PE,BANKNIFTY26JUN51400PE,0.00,0.00,0.00,447.30,447.30,447.30,56264.30,302.50,480,0,0,0.00,0,F1,30,,,,,
2026-04-27,2026-04-27,FO,NSE,IDO,75559,,BANKNIFTY,,2026-06-30,2026-06-30,53200.00,PE,BANKNIFTY26JUN53200PE,680.10,680.10,680.10,680.10,680.10,750.95,56264.30,632.60,540,-30,2,3232806.00,1,F1,30,,,,,
2026-04-27,2026-04-27,FO,NSE,IDO,75568,,BANKNIFTY,,2026-06-30,2026-06-30,53400.00,PE,BANKNIFTY26JUN53400PE,700.50,700.50,700.50,700.50,700.50,607.40,56264.30,681.25,270,-30,1,1623015.00,1,F1,30,,,,,
2026-04-27,2026-04-27,FO,NSE,IDO,75627,,BANKNIFTY,,2026-06-30,2026-06-30,56400.00,PE,BANKNIFTY26JUN56400PE,1540.40,1540.40,1540.40,1540.40,1540.40,1646.25,56264.30,1757.60,330,0,1,1738212.00,1,F1,30,,,,,
2026-04-27,2026-04-27,FO,NSE,IDO,75635,,BANKNIFTY,,2026-06-30,2026-06-30,56800.00,PE,BANKNIFTY26JUN56800PE,1668.05,1682.45,1668.05,1676.05,1677.55,1736.10,56264.30,1676.05,420,0,3,5262841.50,3,F1,30,,,,,
2026-04-27,2026-04-27,FO,NSE,IDO,75649,,BANKNIFTY,,2026-06-30,2026-06-30,57100.00,PE,BANKNIFTY26JUN57100PE,1808.60,1808.60,1805.85,1807.25,1805.85,1944.05,56264.30,1807.25,330,0,2,3534433.50,2,F1,30,,,,,
2026-04-27,2026-04-27,FO,NSE,IDO,75748,,BANKNIFTY,,2026-06-30,2026-06-30,57800.00,PE,BANKNIFTY26JUN57800PE,2119.30,2119.30,2119.30,2119.30,2119.30,2300.50,56264.30,2119.30,390,-30,1,1797579.00,1,F1,30,,,,,
2026-04-27,2026-04-27,FO,NSE,IDO,75758,,BANKNIFTY,,2026-06-30,2026-06-30,58300.00,PE,BANKNIFTY26JUN58300PE,0.00,0.00,0.00,1842.55,1842.55,1842.55,56264.30,2798.00,240,0,0,0.00,0,F1,30,,,,,
2026-04-27,2026-04-27,FO,NSE,IDO,75803,,BANKNIFTY,,2026-06-30,2026-06-30,59100.00,PE,BANKNIFTY26JUN59100PE,0.00,0.00,0.00,7939.15,0.00,7939.15,56264.30,3315.85,0,0,0,0.00,0,F1,30,,,,,
2026-04-27,2026-04-27,FO,NSE,IDO,75845,,BANKNIFTY,,2026-06-30,2026-06-30,60800.00,PE,BANKNIFTY26JUN60800PE,0.00,0.00,0.00,9524.80,0.00,9524.80,56264.30,4554.90,0,0,0,0.00,0,F1,30,,,,,
2026-04-27,2026-04-27,FO,NSE,IDO,57767,,BANKNIFTY,,2026-06-30,2026-06-30,63000.00,PE,BANKNIFTY26JUN63000PE,6006.85,6006.85,5422.55,6000.15,6000.15,6006.85,56264.30,6379.15,1440,240,8,16505377.50,8,F1,30,,,,,
2026-04-27,2026-04-27,FO,NSE,IDO,52265,,BANKNIFTY,,2026-09-29,2026-09-29,43500.00,PE,BANKNIFTY26SEP43500PE,0.00,0.00,0.00,167.10,0.00,167.10,56264.30,50.25,0,0,0,0.00,0,F1,30,,,,,
2026-04-27,2026-04-27,FO,NSE,IDO,52287,,BANKNIFTY,,2026-09-29,2026-09-29,54000.00,PE,BANKNIFTY26SEP54000PE,1345.05,1356.00,1220.00,1240.75,1257.15,1345.05,56264.30,1240.75,3480,990,39,64650412.50,36,F1,30,,,,,
2026-04-27,2026-04-27,FO,NSE,IDO,53236,,BANKNIFTY,,2026-12-29,2026-12-29,58500.00,PE,BANKNIFTY26DEC58500PE,0.00,0.00,0.00,1895.70,0.00,1895.70,56264.30,3816.80,0,0,0,0.00,0,F1,30,,,,,
2026-04-27,2026-04-27,FO,NSE,IDO,53245,,BANKNIFTY,,2026-12-29,2026-12-29,61500.00,PE,BANKNIFTY26DEC61500PE,0.00,0.00,0.00,3065.85,0.00,3065.85,56264.30,5498.00,0,0,0,0.00,0,F1,30,,,,,
2026-04-27,2026-04-27,FO,NSE,IDO,76418,,BANKNIFTY,,2027-03-30,2027-03-30,60000.00,PE,BANKNIFTY27MAR60000PE,0.00,0.00,0.00,7507.95,0.00,7507.95,56264.30,4779.20,0,0,0,0.00,0,F1,30,,,,,
2026-04-27,2026-04-27,FO,NSE,IDO,67087,,BANKNIFTY,,2026-05-26,2026-05-26,52500.00,CE,BANKNIFTY26MAY52500CE,4425.00,4425.00,4080.00,4325.00,4325.00,4020.00,56264.30,4325.00,5790,930,47,80039605.50,44,F1,30,,,,,
2026-04-27,2026-04-27,FO,NSE,IDO,67809,,BANKNIFTY,,2026-05-26,2026-05-26,59500.00,PE,BANKNIFTY26MAY59500PE,3142.55,3320.00,2985.00,3055.85,2985.00,3225.10,56264.30,3055.85,14220,810,51,95801457.00,43,F1,30,,,,,
2026-04-27,2026-04-27,FO,NSE,IDO,67812,,BANKNIFTY,,2026-05-26,2026-05-26,59600.00,PE,BANKNIFTY26MAY59600PE,0.00,0.00,0.00,3627.55,3627.55,3627.55,56264.30,3419.20,780,0,0,0.00,0,F1,30,,,,,
2026-04-27,2026-04-27,FO,NSE,IDO,67991,,BANKNIFTY,,2026-05-26,2026-05-26,59800.00,PE,BANKNIFTY26MAY59800PE,3270.00,3302.70,3270.00,3280.00,3280.00,6455.25,56264.30,3583.90,1050,990,33,62447862.00,16,F1,30,,,,,
2026-04-27,2026-04-27,FO,NSE,IDO,68077,,BANKNIFTY,,2026-05-26,2026-05-26,60800.00,PE,BANKNIFTY26MAY60800PE,0.00,0.00,0.00,4339.95,4339.95,4339.95,56264.30,4445.55,300,0,0,0.00,0,F1,30,,,,,
2026-04-27,2026-04-27,FO,NSE,IDO,68141,,BANKNIFTY,,2026-05-26,2026-05-26,63500.00,PE,BANKNIFTY26MAY63500PE,0.00,0.00,0.00,7069.55,7069.55,7069.55,56264.30,6979.10,60,0,0,0.00,0,F1,30,,,,,
2026-04-27,2026-04-27,FO,NSE,IDO,68153,,BANKNIFTY,,2026-05-26,2026-05-26,64000.00,PE,BANKNIFTY26MAY64000PE,7220.00,7666.85,7189.95,7225.10,7210.00,7388.50,56264.30,7225.10,21270,10110,398,851628331.50,366,F1,30,,,,,
2026-04-27,2026-04-27,FO,NSE,IDO,68176,,BANKNIFTY,,2026-05-26,2026-05-26,64800.00,PE,BANKNIFTY26MAY64800PE,0.00,0.00,0.00,11417.50,11417.50,11417.50,56264.30,8251.75,600,0,0,0.00,0,F1,30,,,,,
2026-04-27,2026-04-27,FO,NSE,IDO,68214,,BANKNIFTY,,2026-05-26,2026-05-26,65700.00,PE,BANKNIFTY26MAY65700PE,0.00,0.00,0.00,11045.75,11045.75,11045.75,56264.30,9140.65,600,0,0,0.00,0,F1,30,,,,,
2026-04-27,2026-04-27,FO,NSE,IDO,68446,,BANKNIFTY,,2026-05-26,2026-05-26,68500.00,PE,BANKNIFTY26MAY68500PE,0.00,0.00,0.00,10900.00,10900.00,10900.00,56264.30,11921.45,150,0,0,0.00,0,F1,30,,,,,
2026-04-27,2026-04-27,FO,NSE,IDO,66635,,BANKNIFTY,,2026-05-26,2026-05-26,48200.00,PE,BANKNIFTY26MAY48200PE,0.00,0.00,0.00,0.75,0.00,0.75,56264.30,3.80,0,0,0,0.00,0,F1,30,,,,,
2026-04-27,2026-04-27,FO,NSE,IDO,38314,,BANKNIFTY,,2026-05-26,2026-05-26,45700.00,PE,BANKNIFTY26MAY45700PE,0.00,0.00,0.00,35.50,35.50,35.50,56264.30,0.15,390,0,0,0.00,0,F1,30,,,,,
2026-04-27,2026-04-27,FO,NSE,IDO,38312,,BANKNIFTY,,2026-05-26,2026-05-26,45600.00,PE,BANKNIFTY26MAY45600PE,0.00,0.00,0.00,31.50,31.50,31.50,56264.30,0.15,390,0,0,0.00,0,F1,30,,,,,
2026-04-27,2026-04-27,FO,NSE,IDO,75273,,BANKNIFTY,,2026-06-30,2026-06-30,49100.00,PE,BANKNIFTY26JUN49100PE,0.00,0.00,0.00,1081.00,0.00,1081.00,56264.30,95.40,0,0,0,0.00,0,F1,30,,,,,
2026-04-27,2026-04-27,FO,NSE,IDO,75422,,BANKNIFTY,,2026-06-30,2026-06-30,51200.00,PE,BANKNIFTY26JUN51200PE,0.00,0.00,0.00,699.30,699.30,699.30,56264.30,276.35,900,0,0,0.00,0,F1,30,,,,,
2026-04-27,2026-04-27,FO,NSE,IDO,68185,,BANKNIFTY,,2026-04-28,2026-04-28,66100.00,PE,BANKNIFTY26APR66100PE,0.00,0.00,0.00,10051.60,10051.60,10051.60,56264.30,9825.20,60,0,0,0.00,0,F1,30,,,,,
2026-04-27,2026-04-27,FO,NSE,IDO,67984,,BANKNIFTY,,2026-04-28,2026-04-28,65300.00,PE,BANKNIFTY26APR65300PE,0.00,0.00,0.00,10938.50,10938.50,10938.50,56264.30,9025.35,30,0,0,0.00,0,F1,30,,,,,
2026-04-27,2026-04-27,FO,NSE,IDO,67928,,BANKNIFTY,,2026-04-28,2026-04-28,65000.00,PE,BANKNIFTY26APR65000PE,8882.45,9044.00,8590.00,8694.05,8649.40,8830.05,56264.30,8694.05,20460,-17520,680,1504360365.00,594,F1,30,,,,,
2026-04-27,2026-04-27,FO,NSE,IDO,67888,,BANKNIFTY,,2026-04-28,2026-04-28,64000.00,PE,BANKNIFTY26APR64000PE,7764.00,8020.00,7657.00,7727.25,7727.25,7762.70,56264.30,7727.25,5220,-3630,125,269250790.50,69,F1,30,,,,,
2026-04-27,2026-04-27,FO,NSE,IDO,67861,,BANKNIFTY,,2026-04-28,2026-04-28,63200.00,PE,BANKNIFTY26APR63200PE,0.00,0.00,0.00,7015.10,7015.10,7015.10,56264.30,6925.70,30,0,0,0.00,0,F1,30,,,,,
2026-04-27,2026-04-27,FO,NSE,IDO,67796,,BANKNIFTY,,2026-04-28,2026-04-28,61800.00,PE,BANKNIFTY26APR61800PE,0.00,0.00,0.00,5600.00,5600.00,5600.00,56264.30,5525.90,750,0,0,0.00,0,F1,30,,,,,
2026-04-27,2026-04-27,FO,NSE,IDO,67772,,BANKNIFTY,,2026-04-28,2026-04-28,61300.00,PE,BANKNIFTY26APR61300PE,0.00,0.00,0.00,5217.75,5217.75,5217.75,56264.30,5026.00,1500,0,0,0.00,0,F1,30,,,,,
2026-04-27,2026-04-27,FO,NSE,IDO,67711,,BANKNIFTY,,2026-04-28,2026-04-28,59800.00,PE,BANKNIFTY26APR59800PE,3500.00,3819.30,3446.35,3470.00,3470.00,3550.00,56264.30,3526.20,930,-1350,60,114157429.50,13,F1,30,,,,,
2026-04-27,2026-04-27,FO,NSE,IDO,67628,,BANKNIFTY,,2026-04-28,2026-04-28,58200.00,PE,BANKNIFTY26APR58200PE,2020.00,2112.95,2020.00,2094.35,2094.35,1902.75,56264.30,1926.70,2850,-210,13,23510908.50,9,F1,30,,,,,
2026-04-27,2026-04-27,FO,NSE,IDO,67605,,BANKNIFTY,,2026-04-28,2026-04-28,57900.00,PE,BANKNIFTY26APR57900PE,1457.15,1821.85,1431.75,1550.30,1540.00,1698.30,56264.30,1550.30,8370,-660,55,98133040.50,44,F1,30,,,,,
2026-04-27,2026-04-27,FO,NSE,IDO,67519,,BANKNIFTY,,2026-04-28,2026-04-28,55500.00,PE,BANKNIFTY26APR55500PE,149.95,149.95,31.65,42.70,33.10,216.75,56264.30,42.70,525540,136770,515540,859586975274.00,258428,F1,30,,,,,
2026-04-27,2026-04-27,FO,NSE,IDO,67435,,BANKNIFTY,,2026-04-28,2026-04-28,52000.00,PE,BANKNIFTY26APR52000PE,6.90,6.90,1.05,1.85,1.45,9.20,56264.30,1.85,476580,-337920,65050,101483560816.50,16341,F1,30,,,,,
2026-04-27,2026-04-27,FO,NSE,IDO,67417,,BANKNIFTY,,2026-04-28,2026-04-28,51100.00,PE,BANKNIFTY26APR51100PE,4.35,4.35,1.80,2.10,1.95,6.80,56264.30,2.10,13980,-2940,707,1083882208.50,374,F1,30,,,,,
2026-04-27,2026-04-27,FO,NSE,IDO,67341,,BANKNIFTY,,2026-04-28,2026-04-28,49400.00,PE,BANKNIFTY26APR49400PE,3.45,3.45,1.10,1.25,1.25,5.30,56264.30,1.25,7560,-330,65,96333006.00,36,F1,30,,,,,
2026-04-27,2026-04-27,FO,NSE,IDO,67339,,BANKNIFTY,,2026-04-28,2026-04-28,49300.00,PE,BANKNIFTY26APR49300PE,3.20,3.20,0.75,1.40,1.20,3.40,56264.30,1.40,9210,30,149,220377637.50,50,F1,30,,,,,
2026-04-27,2026-04-27,FO,NSE,IDO,67321,,BANKNIFTY,,2026-04-28,2026-04-28,49000.00,PE,BANKNIFTY26APR49000PE,3.20,3.60,1.00,1.65,1.00,3.20,56264.30,1.65,194910,-15840,4001,5881686114.00,1613,F1,30,,,,,
2026-04-27,2026-04-27,FO,NSE,IDO,67273,,BANKNIFTY,,2026-04-28,2026-04-28,47900.00,PE,BANKNIFTY26APR47900PE,3.95,3.95,1.25,1.40,1.40,5.00,56264.30,0.00,2010,-30,27,38800656.00,12,F1,30,,,,,
2026-04-27,2026-04-27,FO,NSE,IDO,67218,,BANKNIFTY,,2026-04-28,2026-04-28,46100.00,PE,BANKNIFTY26APR46100PE,1.80,1.80,1.10,1.10,1.10,1.80,56264.30,0.00,900,0,11,15213468.00,7,F1,30,,,,,
2026-04-27,2026-04-27,FO,NSE,IDO,76429,,BANKNIFTY,,2027-03-30,2027-03-30,64500.00,CE,BANKNIFTY27MAR64500CE,0.00,0.00,0.00,1094.95,0.00,1094.95,56264.30,2799.50,0,0,0,0.00,0,F1,30,,,,,
2026-04-27,2026-04-27,FO,NSE,IDO,75549,,BANKNIFTY,,2026-06-30,2026-06-30,53000.00,PE,BANKNIFTY26JUN53000PE,668.05,704.95,610.60,620.80,616.00,722.55,56264.30,620.80,33300,2430,209,336396207.00,144,F1,30,,,,,
2026-04-27,2026-04-27,FO,NSE,IDO,75570,,BANKNIFTY,,2026-06-30,2026-06-30,53500.00,PE,BANKNIFTY26JUN53500PE,787.95,800.50,682.80,697.90,682.80,830.05,56264.30,697.90,4650,150,20,32548864.50,13,F1,30,,,,,
2026-04-27,2026-04-27,FO,NSE,IDO,75599,,BANKNIFTY,,2026-06-30,2026-06-30,54900.00,PE,BANKNIFTY26JUN54900PE,1051.30,1051.30,1051.30,1051.30,1051.30,1150.05,56264.30,1134.25,90,30,1,1678539.00,1,F1,30,,,,,
2026-04-27,2026-04-27,FO,NSE,IDO,75621,,BANKNIFTY,,2026-06-30,2026-06-30,56100.00,PE,BANKNIFTY26JUN56100PE,1527.00,1531.50,1417.30,1417.30,1417.30,1527.00,56264.30,1618.85,450,90,16,27650823.00,9,F1,30,,,,,
2026-04-27,2026-04-27,FO,NSE,IDO,75750,,BANKNIFTY,,2026-06-30,2026-06-30,57900.00,PE,BANKNIFTY26JUN57900PE,0.00,0.00,0.00,2357.05,2357.05,2357.05,56264.30,2556.15,300,0,0,0.00,0,F1,30,,,,,
2026-04-27,2026-04-27,FO,NSE,IDO,75795,,BANKNIFTY,,2026-06-30,2026-06-30,58700.00,PE,BANKNIFTY26JUN58700PE,0.00,0.00,0.00,2195.50,2194.00,2195.50,56264.30,3051.35,450,0,0,0.00,0,F1,30,,,,,
2026-04-27,2026-04-27,FO,NSE,IDO,75829,,BANKNIFTY,,2026-06-30,2026-06-30,60100.00,PE,BANKNIFTY26JUN60100PE,0.00,0.00,0.00,8866.00,0.00,8866.00,56264.30,4025.55,0,0,0,0.00,0,F1,30,,,,,
2026-04-27,2026-04-27,FO,NSE,IDO,75839,,BANKNIFTY,,2026-06-30,2026-06-30,60500.00,PE,BANKNIFTY26JUN60500PE,0.00,0.00,0.00,9241.55,0.00,9241.55,56264.30,4326.15,0,0,0,0.00,0,F1,30,,,,,
2026-04-27,2026-04-27,FO,NSE,IDO,75850,,BANKNIFTY,,2026-06-30,2026-06-30,61000.00,PE,BANKNIFTY26JUN61000PE,4450.00,4450.00,4450.00,4450.00,4450.00,9714.25,56264.30,4711.50,30,30,1,1963500.00,1,F1,30,,,,,
2026-04-27,2026-04-27,FO,NSE,IDO,75881,,BANKNIFTY,,2026-06-30,2026-06-30,61200.00,PE,BANKNIFTY26JUN61200PE,0.00,0.00,0.00,9904.20,0.00,9904.20,56264.30,4870.15,0,0,0,0.00,0,F1,30,,,,,
2026-04-27,2026-04-27,FO,NSE,IDO,75896,,BANKNIFTY,,2026-06-30,2026-06-30,61900.00,PE,BANKNIFTY26JUN61900PE,0.00,0.00,0.00,10572.55,0.00,10572.55,56264.30,5440.65,0,0,0,0.00,0,F1,30,,,,,
2026-04-27,2026-04-27,FO,NSE,IDO,75906,,BANKNIFTY,,2026-06-30,2026-06-30,62400.00,PE,BANKNIFTY26JUN62400PE,0.00,0.00,0.00,11052.75,0.00,11052.75,56264.30,5861.35,0,0,0,0.00,0,F1,30,,,,,
2026-04-27,2026-04-27,FO,NSE,IDO,57807,,BANKNIFTY,,2026-06-30,2026-06-30,67500.00,PE,BANKNIFTY26JUN67500PE,0.00,0.00,0.00,14646.30,14646.10,14646.30,56264.30,10558.05,2610,0,0,0.00,0,F1,30,,,,,
2026-04-27,2026-04-27,FO,NSE,IDO,57815,,BANKNIFTY,,2026-06-30,2026-06-30,69000.00,PE,BANKNIFTY26JUN69000PE,0.00,0.00,0.00,15956.60,15956.15,15956.60,56264.30,12014.20,2610,0,0,0.00,0,F1,30,,,,,
2026-04-27,2026-04-27,FO,NSE,IDO,52389,,BANKNIFTY,,2026-09-29,2026-09-29,61500.00,PE,BANKNIFTY26SEP61500PE,0.00,0.00,0.00,5725.60,0.00,5725.60,56264.30,5338.50,0,0,0,0.00,0,F1,30,,,,,
2026-04-27,2026-04-27,FO,NSE,IDO,76394,,BANKNIFTY,,2027-03-30,2027-03-30,54000.00,CE,BANKNIFTY27MAR54000CE,0.00,0.00,0.00,3970.55,0.00,3970.55,56264.30,7499.80,0,0,0,0.00,0,F1,30,,,,,
2026-04-27,2026-04-27,FO,NSE,IDO,76386,,BANKNIFTY,,2027-03-30,2027-03-30,48000.00,CE,BANKNIFTY27MAR48000CE,0.00,0.00,0.00,7195.75,0.00,7195.75,56264.30,11715.15,0,0,0,0.00,0,F1,30,,,,,
2026-04-27,2026-04-27,FO,NSE,IDO,76384,,BANKNIFTY,,2027-03-30,2027-03-30,46500.00,CE,BANKNIFTY27MAR46500CE,0.00,0.00,0.00,8199.45,0.00,8199.45,56264.30,12918.00,0,0,0,0.00,0,F1,30,,,,,
2026-04-27,2026-04-27,FO,NSE,IDO,53235,,BANKNIFTY,,2026-12-29,2026-12-29,58500.00,CE,BANKNIFTY26DEC58500CE,0.00,0.00,0.00,5992.15,0.00,5992.15,56264.30,3990.35,0,0,0,0.00,0,F1,30,,,,,
2026-04-27,2026-04-27,FO,NSE,IDO,52420,,BANKNIFTY,,2026-09-29,2026-09-29,66000.00,CE,BANKNIFTY26SEP66000CE,0.00,0.00,0.00,1369.25,0.00,1369.25,56264.30,746.35,0,0,0,0.00,0,F1,30,,,,,
2026-04-27,2026-04-27,FO,NSE,IDO,52358,,BANKNIFTY,,2026-09-29,2026-09-29,58500.00,CE,BANKNIFTY26SEP58500CE,2249.00,2249.05,2100.00,2138.65,2138.65,2210.05,56264.30,2783.50,840,120,5,9103101.00,5,F1,30,,,,,
2026-04-27,2026-04-27,FO,NSE,IDO,52280,,BANKNIFTY,,2026-09-29,2026-09-29,49500.00,CE,BANKNIFTY26SEP49500CE,0.00,0.00,0.00,8922.65,0.00,8922.65,56264.30,8537.95,0,0,0,0.00,0,F1,30,,,,,
2026-04-27,2026-04-27,FO,NSE,IDO,57778,,BANKNIFTY,,2026-06-30,2026-06-30,66000.00,CE,BANKNIFTY26JUN66000CE,80.00,80.00,80.00,80.00,80.00,163.00,56264.30,106.10,60,30,1,1982400.00,1,F1,30,,,,,
2026-04-27,2026-04-27,FO,NSE,IDO,57770,,BANKNIFTY,,2026-06-30,2026-06-30,64500.00,CE,BANKNIFTY26JUN64500CE,0.00,0.00,0.00,155.95,155.95,155.95,56264.30,190.55,30,0,0,0.00,0,F1,30,,,,,
2026-04-27,2026-04-27,FO,NSE,IDO,75899,,BANKNIFTY,,2026-06-30,2026-06-30,62100.00,CE,BANKNIFTY26JUN62100CE,0.00,0.00,0.00,52.10,0.00,52.10,56264.30,447.75,0,0,0,0.00,0,F1,30,,,,,
2026-04-27,2026-04-27,FO,NSE,IDO,75834,,BANKNIFTY,,2026-06-30,2026-06-30,60400.00,CE,BANKNIFTY26JUN60400CE,0.00,0.00,0.00,104.75,0.00,104.75,56264.30,771.70,0,0,0,0.00,0,F1,30,,,,,
2026-04-27,2026-04-27,FO,NSE,IDO,75759,,BANKNIFTY,,2026-06-30,2026-06-30,58400.00,CE,BANKNIFTY26JUN58400CE,0.00,0.00,0.00,1010.00,1010.00,1010.00,56264.30,1360.05,750,0,0,0.00,0,F1,30,,,,,
2026-04-27,2026-04-27,FO,NSE,IDO,75733,,BANKNIFTY,,2026-06-30,2026-06-30,57800.00,CE,BANKNIFTY26JUN57800CE,0.00,0.00,0.00,1260.75,1260.75,1260.75,56264.30,1590.85,270,0,0,0.00,0,F1,30,,,,,
2026-04-27,2026-04-27,FO,NSE,IDO,67187,,BANKNIFTY,,2026-05-26,2026-05-26,53500.00,PE,BANKNIFTY26MAY53500PE,415.05,453.50,348.95,363.35,356.10,473.45,56264.30,363.35,45210,5400,1943,3140859421.50,1150,F1,30,,,,,
2026-04-27,2026-04-27,FO,NSE,IDO,57746,,BANKNIFTY,,2026-06-30,2026-06-30,57000.00,CE,BANKNIFTY26JUN57000CE,1704.85,1750.00,1469.95,1616.60,1615.00,1647.30,56264.30,1616.60,53820,9030,750,1318355730.00,622,F1,30,,,,,
2026-04-27,2026-04-27,FO,NSE,IDO,75604,,BANKNIFTY,,2026-06-30,2026-06-30,55200.00,CE,BANKNIFTY26JUN55200CE,0.00,0.00,0.00,1364.50,1364.50,1364.50,56264.30,2909.90,120,0,0,0.00,0,F1,30,,,,,
2026-04-27,2026-04-27,FO,NSE,IDO,57719,,BANKNIFTY,,2026-06-30,2026-06-30,54000.00,CE,BANKNIFTY26JUN54000CE,3749.95,3749.95,3371.05,3600.10,3600.00,3553.75,56264.30,3600.10,15810,90,83,143202745.50,77,F1,30,,,,,
2026-04-27,2026-04-27,FO,NSE,IDO,75575,,BANKNIFTY,,2026-06-30,2026-06-30,53800.00,CE,BANKNIFTY26JUN53800CE,0.00,0.00,0.00,999.60,0.00,999.60,56264.30,3837.85,0,0,0,0.00,0,F1,30,,,,,
2026-04-27,2026-04-27,FO,NSE,IDO,75428,,BANKNIFTY,,2026-06-30,2026-06-30,51400.00,CE,BANKNIFTY26JUN51400CE,0.00,0.00,0.00,5839.60,5839.60,5839.60,56264.30,5726.10,210,0,0,0.00,0,F1,30,,,,,
2026-04-27,2026-04-27,FO,NSE,IDO,75417,,BANKNIFTY,,2026-06-30,2026-06-30,50900.00,CE,BANKNIFTY26JUN50900CE,0.00,0.00,0.00,5961.25,5961.25,5961.25,56264.30,6158.65,300,0,0,0.00,0,F1,30,,,,,
2026-04-27,2026-04-27,FO,NSE,IDO,75288,,BANKNIFTY,,2026-06-30,2026-06-30,50000.00,CE,BANKNIFTY26JUN50000CE,6976.50,7135.45,6755.00,7000.00,7000.00,6690.70,56264.30,7000.00,6720,0,53,90583923.00,20,F1,30,,,,,
2026-04-27,2026-04-27,FO,NSE,IDO,75249,,BANKNIFTY,,2026-06-30,2026-06-30,48400.00,CE,BANKNIFTY26JUN48400CE,0.00,0.00,0.00,3597.90,0.00,3597.90,56264.30,8454.60,0,0,0,0.00,0,F1,30,,,,,
2026-04-27,2026-04-27,FO,NSE,IDO,75187,,BANKNIFTY,,2026-06-30,2026-06-30,47500.00,CE,BANKNIFTY26JUN47500CE,0.00,0.00,0.00,4244.15,0.00,4244.15,56264.30,9317.50,0,0,0,0.00,0,F1,30,,,,,
2026-04-27,2026-04-27,FO,NSE,IDO,75185,,BANKNIFTY,,2026-06-30,2026-06-30,47400.00,CE,BANKNIFTY26JUN47400CE,0.00,0.00,0.00,4319.20,0.00,4319.20,56264.30,9414.10,0,0,0,0.00,0,F1,30,,,,,
2026-04-27,2026-04-27,FO,NSE,IDO,75075,,BANKNIFTY,,2026-06-30,2026-06-30,45700.00,CE,BANKNIFTY26JUN45700CE,0.00,0.00,0.00,5685.65,0.00,5685.65,56264.30,11071.80,0,0,0,0.00,0,F1,30,,,,,
2026-04-27,2026-04-27,FO,NSE,IDO,75071,,BANKNIFTY,,2026-06-30,2026-06-30,45500.00,CE,BANKNIFTY26JUN45500CE,0.00,0.00,0.00,5856.35,0.00,5856.35,56264.30,11268.15,0,0,0,0.00,0,F1,30,,,,,
2026-04-27,2026-04-27,FO,NSE,IDO,68213,,BANKNIFTY,,2026-05-26,2026-05-26,65700.00,CE,BANKNIFTY26MAY65700CE,6.90,7.50,4.30,4.50,4.30,9.15,56264.30,4.50,270,-180,89,175435272.00,20,F1,30,,,,,
2026-04-27,2026-04-27,FO,NSE,IDO,68144,,BANKNIFTY,,2026-05-26,2026-05-26,63700.00,CE,BANKNIFTY26MAY63700CE,0.00,0.00,0.00,107.00,107.00,107.00,56264.30,30.80,270,0,0,0.00,0,F1,30,,,,,
2026-04-27,2026-04-27,FO,NSE,IDO,68140,,BANKNIFTY,,2026-05-26,2026-05-26,63500.00,CE,BANKNIFTY26MAY63500CE,12.05,19.10,12.00,13.65,13.70,18.25,56264.30,13.65,13320,3390,484,922252464.00,384,F1,30,,,,,
2026-04-27,2026-04-27,FO,NSE,IDO,68130,,BANKNIFTY,,2026-05-26,2026-05-26,63000.00,CE,BANKNIFTY26MAY63000CE,20.05,22.50,14.15,17.45,17.00,21.80,56264.30,17.45,145110,-10380,3015,5700149577.00,1864,F1,30,,,,,
2026-04-27,2026-04-27,FO,NSE,IDO,68048,,BANKNIFTY,,2026-05-26,2026-05-26,60500.00,CE,BANKNIFTY26MAY60500CE,102.70,125.15,100.00,103.60,104.80,118.90,56264.30,103.60,83970,14220,2133,3878534400.00,1374,F1,30,,,,,
2026-04-27,2026-04-27,FO,NSE,IDO,67996,,BANKNIFTY,,2026-05-26,2026-05-26,60000.00,CE,BANKNIFTY26MAY60000CE,167.95,180.65,145.00,148.15,153.85,166.65,56264.30,148.15,1533060,19350,17364,31337828733.00,8269,F1,30,,,,,
2026-04-27,2026-04-27,FO,NSE,IDO,67188,,BANKNIFTY,,2026-05-26,2026-05-26,53600.00,CE,BANKNIFTY26MAY53600CE,0.00,0.00,0.00,3326.80,3326.80,3326.80,56264.30,3248.55,720,0,0,0.00,0,F1,30,,,,,
2026-04-27,2026-04-27,FO,NSE,IDO,67116,,BANKNIFTY,,2026-05-26,2026-05-26,53100.00,CE,BANKNIFTY26MAY53100CE,3633.60,3709.40,3633.60,3709.35,3709.35,3584.00,56264.30,3659.15,630,30,4,6814051.50,4,F1,30,,,,,
2026-04-27,2026-04-27,FO,NSE,IDO,67097,,BANKNIFTY,,2026-05-26,2026-05-26,52800.00,CE,BANKNIFTY26MAY52800CE,0.00,0.00,0.00,4084.30,4084.30,4084.30,56264.30,3914.60,2460,0,0,0.00,0,F1,30,,,,,
2026-04-27,2026-04-27,FO,NSE,IDO,66683,,BANKNIFTY,,2026-05-26,2026-05-26,50000.00,CE,BANKNIFTY26MAY50000CE,6664.00,6750.85,6300.00,6637.40,6652.55,6563.70,56264.30,6637.40,38010,24540,925,1570778098.50,892,F1,30,,,,,
2026-04-27,2026-04-27,FO,NSE,IDO,66646,,BANKNIFTY,,2026-05-26,2026-05-26,48700.00,CE,BANKNIFTY26MAY48700CE,0.00,0.00,0.00,13150.45,0.00,13150.45,56264.30,7794.75,0,0,0,0.00,0,F1,30,,,,,
2026-04-27,2026-04-27,FO,NSE,IDO,66603,,BANKNIFTY,,2026-05-26,2026-05-26,47600.00,CE,BANKNIFTY26MAY47600CE,0.00,0.00,0.00,14231.55,0.00,14231.55,56264.30,8885.05,0,0,0,0.00,0,F1,30,,,,,
2026-04-27,2026-04-27,FO,NSE,IDO,66531,,BANKNIFTY,,2026-05-26,2026-05-26,46700.00,CE,BANKNIFTY26MAY46700CE,0.00,0.00,0.00,15116.50,0.00,15116.50,56264.30,9779.60,0,0,0,0.00,0,F1,30,,,,,
2026-04-27,2026-04-27,FO,NSE,IDO,66458,,BANKNIFTY,,2026-05-26,2026-05-26,43000.00,CE,BANKNIFTY26MAY43000CE,0.00,0.00,0.00,8000.00,8000.00,8000.00,56264.30,13462.00,30,0,0,0.00,0,F1,30,,,,,
2026-04-27,2026-04-27,FO,NSE,IDO,68177,,BANKNIFTY,,2026-04-28,2026-04-28,65800.00,CE,BANKNIFTY26APR65800CE,0.45,0.45,0.30,0.35,0.35,0.55,56264.30,0.00,5610,0,4,7896043.50,4,F1,30,,,,,
2026-04-27,2026-04-27,FO,NSE,IDO,67929,,BANKNIFTY,,2026-04-28,2026-04-28,65100.00,CE,BANKNIFTY26APR65100CE,0.70,0.70,0.45,0.50,0.50,0.85,56264.30,0.50,5040,-900,96,187489585.50,27,F1,30,,,,,
2026-04-27,2026-04-27,FO,NSE,IDO,67835,,BANKNIFTY,,2026-04-28,2026-04-28,62800.00,CE,BANKNIFTY26APR62800CE,1.20,6.60,0.15,0.85,0.90,1.10,56264.30,0.85,2790,1320,1064,2004620574.00,344,F1,30,,,,,
2026-04-27,2026-04-27,FO,NSE,IDO,67821,,BANKNIFTY,,2026-04-28,2026-04-28,62300.00,CE,BANKNIFTY26APR62300CE,1.70,2.05,0.65,1.55,1.10,1.15,56264.30,1.55,4800,600,315,588749340.00,204,F1,30,,,,,
2026-04-27,2026-04-27,FO,NSE,IDO,67718,,BANKNIFTY,,2026-04-28,2026-04-28,60200.00,CE,BANKNIFTY26APR60200CE,1.50,4.00,1.50,2.10,2.45,4.50,56264.30,2.10,21480,-5370,2554,4612704925.50,1152,F1,30,,,,,
2026-04-27,2026-04-27,FO,NSE,IDO,67704,,BANKNIFTY,,2026-04-28,2026-04-28,59500.00,CE,BANKNIFTY26APR59500CE,7.80,8.00,2.20,2.85,2.20,7.95,56264.30,2.85,336840,-137940,87075,155437355874.00,23611,F1,30,,,,,
2026-04-27,2026-04-27,FO,NSE,IDO,67627,,BANKNIFTY,,2026-04-28,2026-04-28,58200.00,CE,BANKNIFTY26APR58200CE,32.00,32.00,6.00,7.70,7.15,34.85,56264.30,7.70,154800,20370,45484,79427659825.50,22771,F1,30,,,,,
2026-04-27,2026-04-27,FO,NSE,IDO,67624,,BANKNIFTY,,2026-04-28,2026-04-28,58100.00,CE,BANKNIFTY26APR58100CE,39.50,39.50,6.85,8.60,7.95,39.50,56264.30,8.60,166440,29940,50197,87509463586.50,25652,F1,30,,,,,
2026-04-27,2026-04-27,FO,NSE,IDO,67560,,BANKNIFTY,,2026-04-28,2026-04-28,57600.00,CE,BANKNIFTY26APR57600CE,61.40,61.45,12.85,18.55,19.65,74.35,56264.30,18.55,179850,31830,83658,144614616019.50,45836,F1,30,,,,,
2026-04-27,2026-04-27,FO,NSE,IDO,67548,,BANKNIFTY,,2026-04-28,2026-04-28,57000.00,CE,BANKNIFTY26APR57000CE,164.90,175.70,35.50,61.75,66.75,167.35,56264.30,61.75,897900,83670,629884,1078307055312.00,279059,F1,30,,,,,
2026-04-27,2026-04-27,FO,NSE,IDO,67476,,BANKNIFTY,,2026-04-28,2026-04-28,54100.00,CE,BANKNIFTY26APR54100CE,2250.00,2325.00,1870.00,2325.00,2325.00,2050.00,56264.30,2172.95,12060,-210,34,57243613.50,19,F1,30,,,,,
2026-04-27,2026-04-27,FO,NSE,IDO,67458,,BANKNIFTY,,2026-04-28,2026-04-28,53200.00,CE,BANKNIFTY26APR53200CE,3350.00,3350.00,2824.15,3166.20,3166.20,3500.00,56264.30,3166.20,13080,-420,23,38874403.50,14,F1,30,,,,,
2026-04-27,2026-04-27,FO,NSE,IDO,67456,,BANKNIFTY,,2026-04-28,2026-04-28,53100.00,CE,BANKNIFTY26APR53100CE,2948.00,3372.60,2948.00,3296.65,3208.25,3104.45,56264.30,3296.65,15570,-90,6,10137061.50,6,F1,30,,,,,
2026-04-27,2026-04-27,FO,NSE,IDO,67406,,BANKNIFTY,,2026-04-28,2026-04-28,50600.00,CE,BANKNIFTY26APR50600CE,5650.00,5779.60,5650.00,5766.50,5766.50,5390.10,56264.30,5672.35,19530,-150,7,11827981.50,6,F1,30,,,,,
2026-04-27,2026-04-27,FO,NSE,IDO,67309,,BANKNIFTY,,2026-04-28,2026-04-28,48700.00,CE,BANKNIFTY26APR48700CE,0.00,0.00,0.00,7186.65,7186.65,7186.65,56264.30,7572.05,1710,0,0,0.00,0,F1,30,,,,,
2026-04-27,2026-04-27,FO,NSE,IDO,67254,,BANKNIFTY,,2026-04-28,2026-04-28,47600.00,CE,BANKNIFTY26APR47600CE,0.00,0.00,0.00,8492.80,8492.80,8492.80,56264.30,8671.90,30,0,0,0.00,0,F1,30,,,,,
2026-04-27,2026-04-27,FO,NSE,IDO,67237,,BANKNIFTY,,2026-04-28,2026-04-28,46900.00,CE,BANKNIFTY26APR46900CE,0.00,0.00,0.00,10128.35,10128.35,10128.35,56264.30,9371.75,210,0,0,0.00,0,F1,30,,,,,
2026-04-27,2026-04-27,FO,NSE,IDO,67217,,BANKNIFTY,,2026-04-28,2026-04-28,46100.00,CE,BANKNIFTY26APR46100CE,0.00,0.00,0.00,9841.60,9841.60,9841.60,56264.30,10171.65,30,0,0,0.00,0,F1,30,,,,,
2026-04-27,2026-04-27,FO,NSE,IDO,67207,,BANKNIFTY,,2026-04-28,2026-04-28,46000.00,CE,BANKNIFTY26APR46000CE,10155.00,10392.05,10045.00,10323.10,10323.10,9900.00,56264.30,10271.65,6690,-120,87,146525878.50,70,F1,30,,,,,
2026-04-27,2026-04-27,FO,NSE,IDO,66768,,BANKNIFTY,,2026-05-26,2026-05-26,51200.00,PE,BANKNIFTY26MAY51200PE,160.15,179.30,131.20,139.75,131.20,208.20,56264.30,139.75,6330,1200,100,154078101.00,65,F1,30,,,,,
2026-04-27,2026-04-27,FO,NSE,IDO,67176,,BANKNIFTY,,2026-05-26,2026-05-26,53300.00,PE,BANKNIFTY26MAY53300PE,383.35,415.70,320.80,322.25,321.80,420.25,56264.30,322.25,4950,1200,142,228605577.00,66,F1,30,,,,,
2026-04-27,2026-04-27,FO,NSE,IDO,67757,,BANKNIFTY,,2026-05-26,2026-05-26,59100.00,PE,BANKNIFTY26MAY59100PE,2964.70,2964.70,2964.70,2964.70,2964.70,2919.65,56264.30,3020.65,450,0,1,1861941.00,1,F1,30,,,,,
2026-04-27,2026-04-27,FO,NSE,IDO,75244,,BANKNIFTY,,2026-06-30,2026-06-30,48100.00,PE,BANKNIFTY26JUN48100PE,0.00,0.00,0.00,772.05,0.00,772.05,56264.30,53.05,0,0,0,0.00,0,F1,30,,,,,
2026-04-27,2026-04-27,FO,NSE,IDO,75443,,BANKNIFTY,,2026-06-30,2026-06-30,51800.00,PE,BANKNIFTY26JUN51800PE,0.00,0.00,0.00,564.30,564.30,564.30,56264.30,360.55,3540,0,0,0.00,0,F1,30,,,,,
2026-04-27,2026-04-27,FO,NSE,IDO,75579,,BANKNIFTY,,2026-06-30,2026-06-30,53800.00,PE,BANKNIFTY26JUN53800PE,767.45,767.45,767.45,767.45,767.45,865.65,56264.30,767.45,150,-30,1,1637023.50,1,F1,30,,,,,
2026-04-27,2026-04-27,FO,NSE,IDO,75585,,BANKNIFTY,,2026-06-30,2026-06-30,54200.00,PE,BANKNIFTY26JUN54200PE,881.15,881.15,881.15,881.15,881.15,969.45,56264.30,902.25,180,0,1,1652434.50,1,F1,30,,,,,
2026-04-27,2026-04-27,FO,NSE,IDO,75587,,BANKNIFTY,,2026-06-30,2026-06-30,54300.00,PE,BANKNIFTY26JUN54300PE,903.30,903.30,903.30,903.30,903.30,3916.85,56264.30,933.20,30,30,1,1656099.00,1,F1,30,,,,,
2026-04-27,2026-04-27,FO,NSE,IDO,75591,,BANKNIFTY,,2026-06-30,2026-06-30,54500.00,PE,BANKNIFTY26JUN54500PE,968.30,1039.00,920.35,920.75,920.70,1096.80,56264.30,920.75,2790,360,70,116480158.50,51,F1,30,,,,,
2026-04-27,2026-04-27,FO,NSE,IDO,75801,,BANKNIFTY,,2026-06-30,2026-06-30,59000.00,PE,BANKNIFTY26JUN59000PE,0.00,0.00,0.00,7847.55,0.00,7847.55,56264.30,3248.70,0,0,0,0.00,0,F1,30,,,,,
2026-04-27,2026-04-27,FO,NSE,IDO,75818,,BANKNIFTY,,2026-06-30,2026-06-30,59600.00,PE,BANKNIFTY26JUN59600PE,0.00,0.00,0.00,8400.20,0.00,8400.20,56264.30,3661.55,0,0,0,0.00,0,F1,30,,,,,
2026-04-27,2026-04-27,FO,NSE,IDO,75898,,BANKNIFTY,,2026-06-30,2026-06-30,62000.00,PE,BANKNIFTY26JUN62000PE,0.00,0.00,0.00,4458.00,4458.00,4458.00,56264.30,5523.95,60,0,0,0.00,0,F1,30,,,,,
2026-04-27,2026-04-27,FO,NSE,IDO,75902,,BANKNIFTY,,2026-06-30,2026-06-30,62200.00,PE,BANKNIFTY26JUN62200PE,0.00,0.00,0.00,10860.40,0.00,10860.40,56264.30,5691.85,0,0,0,0.00,0,F1,30,,,,,
2026-04-27,2026-04-27,FO,NSE,IDO,75908,,BANKNIFTY,,2026-06-30,2026-06-30,62500.00,PE,BANKNIFTY26JUN62500PE,0.00,0.00,0.00,11149.05,0.00,11149.05,56264.30,5946.75,0,0,0,0.00,0,F1,30,,,,,
2026-04-27,2026-04-27,FO,NSE,IDO,76153,,BANKNIFTY,,2026-06-30,2026-06-30,65000.00,PE,BANKNIFTY26JUN65000PE,0.00,0.00,0.00,13574.65,0.00,13574.65,56264.30,8185.85,0,0,0,0.00,0,F1,30,,,,,
2026-04-27,2026-04-27,FO,NSE,IDO,57779,,BANKNIFTY,,2026-06-30,2026-06-30,66000.00,PE,BANKNIFTY26JUN66000PE,0.00,0.00,0.00,13336.45,13336.10,13336.45,56264.30,9123.60,1740,0,0,0.00,0,F1,30,,,,,
2026-04-27,2026-04-27,FO,NSE,IDO,52269,,BANKNIFTY,,2026-09-29,2026-09-29,45000.00,PE,BANKNIFTY26SEP45000PE,0.00,0.00,0.00,267.15,0.00,267.15,56264.30,97.10,0,0,0,0.00,0,F1,30,,,,,
2026-04-27,2026-04-27,FO,NSE,IDO,75250,,BANKNIFTY,,2026-06-30,2026-06-30,48400.00,PE,BANKNIFTY26JUN48400PE,0.00,0.00,0.00,855.60,0.00,855.60,56264.30,63.65,0,0,0,0.00,0,F1,30,,,,,
2026-04-27,2026-04-27,FO,NSE,IDO,75252,,BANKNIFTY,,2026-06-30,2026-06-30,48500.00,PE,BANKNIFTY26JUN48500PE,0.00,0.00,0.00,885.60,0.00,885.60,56264.30,67.55,0,0,0,0.00,0,F1,30,,,,,
2026-04-27,2026-04-27,FO,NSE,IDO,57707,,BANKNIFTY,,2026-06-30,2026-06-30,49500.00,PE,BANKNIFTY26JUN49500PE,240.00,240.00,239.00,239.00,239.00,296.55,56264.30,239.00,2460,-60,3,4476570.00,3,F1,30,,,,,
2026-04-27,2026-04-27,FO,NSE,IDO,75281,,BANKNIFTY,,2026-06-30,2026-06-30,49600.00,PE,BANKNIFTY26JUN49600PE,0.00,0.00,0.00,349.55,349.55,349.55,56264.30,125.35,1110,0,0,0.00,0,F1,30,,,,,
2026-04-27,2026-04-27,FO,NSE,IDO,75406,,BANKNIFTY,,2026-06-30,2026-06-30,50400.00,PE,BANKNIFTY26JUN50400PE,330.05,330.05,313.80,313.80,313.80,387.00,56264.30,313.80,570,0,6,9129946.50,2,F1,30,,,,,
2026-04-27,2026-04-27,FO,NSE,IDO,75447,,BANKNIFTY,,2026-06-30,2026-06-30,52000.00,PE,BANKNIFTY26JUN52000PE,491.00,546.00,458.45,463.35,459.35,559.70,56264.30,463.35,23430,540,212,333805702.50,122,F1,30,,,,,
2026-04-27,2026-04-27,FO,NSE,IDO,57718,,BANKNIFTY,,2026-06-30,2026-06-30,52500.00,PE,BANKNIFTY26JUN52500PE,573.45,626.35,539.70,557.05,557.05,624.05,56264.30,557.05,14700,1770,137,218168793.00,66,F1,30,,,,,
2026-04-27,2026-04-27,FO,NSE,IDO,75466,,BANKNIFTY,,2026-06-30,2026-06-30,52800.00,PE,BANKNIFTY26JUN52800PE,676.90,676.90,668.65,669.00,669.00,667.45,56264.30,543.05,480,180,6,9624873.00,3,F1,30,,,,,
2026-04-27,2026-04-27,FO,NSE,IDO,75831,,BANKNIFTY,,2026-06-30,2026-06-30,60200.00,PE,BANKNIFTY26JUN60200PE,0.00,0.00,0.00,8959.65,0.00,8959.65,56264.30,4099.80,0,0,0,0.00,0,F1,30,,,,,
2026-04-27,2026-04-27,FO,NSE,IDO,52427,,BANKNIFTY,,2026-09-29,2026-09-29,67500.00,PE,BANKNIFTY26SEP67500PE,0.00,0.00,0.00,9969.75,0.00,9969.75,56264.30,10022.10,0,0,0,0.00,0,F1,30,,,,,
2026-04-27,2026-04-27,FO,NSE,IDO,53227,,BANKNIFTY,,2026-12-29,2026-12-29,55500.00,PE,BANKNIFTY26DEC55500PE,0.00,0.00,0.00,1066.65,0.00,1066.65,56264.30,2470.35,0,0,0,0.00,0,F1,30,,,,,
2026-04-27,2026-04-27,FO,NSE,IDO,76391,,BANKNIFTY,,2027-03-30,2027-03-30,51000.00,PE,BANKNIFTY27MAR51000PE,0.00,0.00,0.00,2587.90,0.00,2587.90,56264.30,1360.90,0,0,0,0.00,0,F1,30,,,,,
2026-04-27,2026-04-27,FO,NSE,IDO,76393,,BANKNIFTY,,2027-03-30,2027-03-30,52500.00,PE,BANKNIFTY27MAR52500PE,0.00,0.00,0.00,3218.25,0.00,3218.25,56264.30,1752.90,0,0,0,0.00,0,F1,30,,,,,
2026-04-27,2026-04-27,FO,NSE,IDO,76395,,BANKNIFTY,,2027-03-30,2027-03-30,54000.00,PE,BANKNIFTY27MAR54000PE,0.00,0.00,0.00,3928.75,0.00,3928.75,56264.30,2212.30,0,0,0,0.00,0,F1,30,,,,,
2026-04-27,2026-04-27,FO,NSE,IDO,67986,,BANKNIFTY,,2026-04-28,2026-04-28,65400.00,CE,BANKNIFTY26APR65400CE,0.45,1.10,0.30,0.60,1.10,0.55,56264.30,0.60,5010,-60,21,41202306.00,8,F1,30,,,,,
2026-04-27,2026-04-27,FO,NSE,IDO,67324,,BANKNIFTY,,2026-04-28,2026-04-28,49100.00,CE,BANKNIFTY26APR49100CE,0.00,0.00,0.00,6700.10,6700.10,6700.10,56264.30,7172.10,1140,0,0,0.00,0,F1,30,,,,,
2026-04-27,2026-04-27,FO,NSE,IDO,67474,,BANKNIFTY,,2026-04-28,2026-04-28,54000.00,CE,BANKNIFTY26APR54000CE,2565.95,2566.25,1953.70,2351.55,2395.45,2233.35,56264.30,2351.55,242910,-30930,2127,3591517539.00,1687,F1,30,,,,,
2026-04-27,2026-04-27,FO,NSE,IDO,67532,,BANKNIFTY,,2026-04-28,2026-04-28,56200.00,CE,BANKNIFTY26APR56200CE,458.65,544.95,185.00,338.40,354.30,458.60,56264.30,338.40,204330,-810,526765,892927584043.50,320944,F1,30,,,,,
2026-04-27,2026-04-27,FO,NSE,IDO,67536,,BANKNIFTY,,2026-04-28,2026-04-28,56400.00,CE,BANKNIFTY26APR56400CE,381.15,418.15,123.30,231.80,244.25,361.75,56264.30,231.80,280590,144270,517454,879086986512.00,327857,F1,30,,,,,
2026-04-27,2026-04-27,FO,NSE,IDO,67554,,BANKNIFTY,,2026-04-28,2026-04-28,57300.00,CE,BANKNIFTY26APR57300CE,96.05,98.05,20.60,32.85,34.25,110.55,56264.30,32.85,275490,45600,141228,242923145049.00,79272,F1,30,,,,,
2026-04-27,2026-04-27,FO,NSE,IDO,67611,,BANKNIFTY,,2026-04-28,2026-04-28,58000.00,CE,BANKNIFTY26APR58000CE,39.35,39.40,7.65,9.85,9.05,44.90,56264.30,9.85,907920,44790,253733,441585930739.50,93789,F1,30,,,,,
2026-04-27,2026-04-27,FO,NSE,IDO,67631,,BANKNIFTY,,2026-04-28,2026-04-28,58400.00,CE,BANKNIFTY26APR58400CE,17.70,17.70,4.65,5.95,5.45,28.55,56264.30,5.95,100770,6750,26275,46039527033.00,14006,F1,30,,,,,
2026-04-27,2026-04-27,FO,NSE,IDO,67687,,BANKNIFTY,,2026-04-28,2026-04-28,58900.00,CE,BANKNIFTY26APR58900CE,15.55,15.55,2.80,3.95,4.00,15.55,56264.30,3.95,73800,-9510,19387,34259680437.00,8111,F1,30,,,,,
2026-04-27,2026-04-27,FO,NSE,IDO,67879,,BANKNIFTY,,2026-04-28,2026-04-28,63600.00,CE,BANKNIFTY26APR63600CE,1.00,1.55,0.25,0.40,0.25,1.00,56264.30,0.40,5220,2460,113,215607354.00,26,F1,30,,,,,
2026-04-27,2026-04-27,FO,NSE,IDO,67881,,BANKNIFTY,,2026-04-28,2026-04-28,63700.00,CE,BANKNIFTY26APR63700CE,0.80,1.85,0.25,0.95,1.00,0.70,56264.30,0.95,2820,1230,420,802634727.00,151,F1,30,,,,,
2026-04-27,2026-04-27,FO,NSE,IDO,67889,,BANKNIFTY,,2026-04-28,2026-04-28,64100.00,CE,BANKNIFTY26APR64100CE,0.70,1.40,0.20,0.45,0.55,0.70,56264.30,0.45,6030,0,81,155765151.00,60,F1,30,,,,,
2026-04-27,2026-04-27,FO,NSE,IDO,67927,,BANKNIFTY,,2026-04-28,2026-04-28,65000.00,CE,BANKNIFTY26APR65000CE,0.60,0.60,0.20,0.30,0.30,0.60,56264.30,0.30,153390,-34650,10320,20124115716.00,3839,F1,30,,,,,
2026-04-27,2026-04-27,FO,NSE,IDO,67983,,BANKNIFTY,,2026-04-28,2026-04-28,65300.00,CE,BANKNIFTY26APR65300CE,0.50,0.50,0.45,0.45,0.45,0.70,56264.30,0.00,3510,0,4,7836057.00,4,F1,30,,,,,
2026-04-27,2026-04-27,FO,NSE,IDO,66558,,BANKNIFTY,,2026-05-26,2026-05-26,46900.00,CE,BANKNIFTY26MAY46900CE,0.00,0.00,0.00,14919.80,0.00,14919.80,56264.30,9580.70,0,0,0,0.00,0,F1,30,,,,,
2026-04-27,2026-04-27,FO,NSE,IDO,75606,,BANKNIFTY,,2026-06-30,2026-06-30,55300.00,CE,BANKNIFTY26JUN55300CE,0.00,0.00,0.00,639.85,0.00,639.85,56264.30,2849.40,0,0,0,0.00,0,F1,30,,,,,
2026-04-27,2026-04-27,FO,NSE,IDO,75596,,BANKNIFTY,,2026-06-30,2026-06-30,54800.00,CE,BANKNIFTY26JUN54800CE,0.00,0.00,0.00,747.80,0.00,747.80,56264.30,3159.45,0,0,0,0.00,0,F1,30,,,,,
2026-04-27,2026-04-27,FO,NSE,IDO,75592,,BANKNIFTY,,2026-06-30,2026-06-30,54600.00,CE,BANKNIFTY26JUN54600CE,0.00,0.00,0.00,793.70,0.00,793.70,56264.30,3288.80,0,0,0,0.00,0,F1,30,,,,,
2026-04-27,2026-04-27,FO,NSE,IDO,75588,,BANKNIFTY,,2026-06-30,2026-06-30,54400.00,CE,BANKNIFTY26JUN54400CE,0.00,0.00,0.00,3700.00,3700.00,3700.00,56264.30,3421.10,0,0,0,0.00,0,F1,30,,,,,
2026-04-27,2026-04-27,FO,NSE,IDO,75463,,BANKNIFTY,,2026-06-30,2026-06-30,52700.00,CE,BANKNIFTY26JUN52700CE,0.00,0.00,0.00,2781.25,2788.15,2781.25,56264.30,4659.95,150,0,0,0.00,0,F1,30,,,,,
2026-04-27,2026-04-27,FO,NSE,IDO,75457,,BANKNIFTY,,2026-06-30,2026-06-30,52300.00,CE,BANKNIFTY26JUN52300CE,0.00,0.00,0.00,5062.40,5062.40,5062.40,56264.30,4978.15,30,0,0,0.00,0,F1,30,,,,,
2026-04-27,2026-04-27,FO,NSE,IDO,75455,,BANKNIFTY,,2026-06-30,2026-06-30,52200.00,CE,BANKNIFTY26JUN52200CE,0.00,0.00,0.00,5067.80,5067.80,5067.80,56264.30,5059.15,240,0,0,0.00,0,F1,30,,,,,
2026-04-27,2026-04-27,FO,NSE,IDO,75436,,BANKNIFTY,,2026-06-30,2026-06-30,51700.00,CE,BANKNIFTY26JUN51700CE,0.00,0.00,0.00,5351.35,5351.35,5351.35,56264.30,5472.15,90,0,0,0.00,0,F1,30,,,,,
2026-04-27,2026-04-27,FO,NSE,IDO,75421,,BANKNIFTY,,2026-06-30,2026-06-30,51200.00,CE,BANKNIFTY26JUN51200CE,0.00,0.00,0.00,4996.10,4996.10,4996.10,56264.30,5897.75,240,0,0,0.00,0,F1,30,,,,,
2026-04-27,2026-04-27,FO,NSE,IDO,75419,,BANKNIFTY,,2026-06-30,2026-06-30,51100.00,CE,BANKNIFTY26JUN51100CE,0.00,0.00,0.00,6022.85,6021.95,6022.85,56264.30,5984.30,30,0,0,0.00,0,F1,30,,,,,
2026-04-27,2026-04-27,FO,NSE,IDO,75407,,BANKNIFTY,,2026-06-30,2026-06-30,50500.00,CE,BANKNIFTY26JUN50500CE,0.00,0.00,0.00,6333.50,6333.50,6333.50,56264.30,6512.30,480,0,0,0.00,0,F1,30,,,,,
2026-04-27,2026-04-27,FO,NSE,IDO,75190,,BANKNIFTY,,2026-06-30,2026-06-30,47600.00,CE,BANKNIFTY26JUN47600CE,0.00,0.00,0.00,4169.75,0.00,4169.75,56264.30,9221.00,0,0,0,0.00,0,F1,30,,,,,
2026-04-27,2026-04-27,FO,NSE,IDO,75110,,BANKNIFTY,,2026-06-30,2026-06-30,46100.00,CE,BANKNIFTY26JUN46100CE,0.00,0.00,0.00,5349.95,0.00,5349.95,56264.30,10679.70,0,0,0,0.00,0,F1,30,,,,,
2026-04-27,2026-04-27,FO,NSE,IDO,75081,,BANKNIFTY,,2026-06-30,2026-06-30,45800.00,CE,BANKNIFTY26JUN45800CE,0.00,0.00,0.00,5601.00,0.00,5601.00,56264.30,10973.70,0,0,0,0.00,0,F1,30,,,,,
2026-04-27,2026-04-27,FO,NSE,IDO,75073,,BANKNIFTY,,2026-06-30,2026-06-30,45600.00,CE,BANKNIFTY26JUN45600CE,0.00,0.00,0.00,5770.75,0.00,5770.75,56264.30,11169.95,0,0,0,0.00,0,F1,30,,,,,
2026-04-27,2026-04-27,FO,NSE,IDO,68215,,BANKNIFTY,,2026-05-26,2026-05-26,65800.00,CE,BANKNIFTY26MAY65800CE,6.90,8.50,4.70,5.50,5.50,8.50,56264.30,6.50,270,-90,51,100682913.00,17,F1,30,,,,,
2026-04-27,2026-04-27,FO,NSE,IDO,68158,,BANKNIFTY,,2026-05-26,2026-05-26,64200.00,CE,BANKNIFTY26MAY64200CE,21.60,21.60,10.15,11.25,10.20,21.60,56264.30,11.25,5160,1350,117,225387217.50,56,F1,30,,,,,
2026-04-27,2026-04-27,FO,NSE,IDO,68138,,BANKNIFTY,,2026-05-26,2026-05-26,63400.00,CE,BANKNIFTY26MAY63400CE,14.95,20.45,14.95,19.90,19.90,27.50,56264.30,37.85,600,0,7,13318059.00,6,F1,30,,,,,
2026-04-27,2026-04-27,FO,NSE,IDO,68134,,BANKNIFTY,,2026-05-26,2026-05-26,63200.00,CE,BANKNIFTY26MAY63200CE,21.95,22.95,17.00,17.85,17.75,24.00,56264.30,17.85,9150,990,276,523466026.50,159,F1,30,,,,,
2026-04-27,2026-04-27,FO,NSE,IDO,68126,,BANKNIFTY,,2026-05-26,2026-05-26,62800.00,CE,BANKNIFTY26MAY62800CE,0.00,0.00,0.00,60.00,60.00,60.00,56264.30,56.45,630,0,0,0.00,0,F1,30,,,,,
2026-04-27,2026-04-27,FO,NSE,IDO,68084,,BANKNIFTY,,2026-05-26,2026-05-26,61200.00,CE,BANKNIFTY26MAY61200CE,0.00,0.00,0.00,190.35,190.35,190.35,56264.30,150.90,2040,0,0,0.00,0,F1,30,,,,,
2026-04-27,2026-04-27,FO,NSE,IDO,67842,,BANKNIFTY,,2026-04-28,2026-04-28,62900.00,PE,BANKNIFTY26APR62900PE,0.00,0.00,0.00,10197.90,10197.90,10197.90,56264.30,6625.75,540,0,0,0.00,0,F1,30,,,,,
2026-04-27,2026-04-27,FO,NSE,IDO,67886,,BANKNIFTY,,2026-04-28,2026-04-28,63900.00,PE,BANKNIFTY26APR63900PE,7800.10,7800.10,7800.10,7800.10,7800.10,11183.20,56264.30,7625.55,120,0,1,2151003.00,1,F1,30,,,,,
2026-04-27,2026-04-27,FO,NSE,IDO,68161,,BANKNIFTY,,2026-04-28,2026-04-28,65500.00,PE,BANKNIFTY26APR65500PE,0.00,0.00,0.00,11136.90,11136.90,11136.90,56264.30,9225.30,30,0,0,0.00,0,F1,30,,,,,
2026-04-27,2026-04-27,FO,NSE,IDO,66461,,BANKNIFTY,,2026-05-26,2026-05-26,43500.00,PE,BANKNIFTY26MAY43500PE,17.00,17.00,12.10,12.35,12.10,19.00,56264.30,12.35,810,-150,23,30024499.50,16,F1,30,,,,,
2026-04-27,2026-04-27,FO,NSE,IDO,66463,,BANKNIFTY,,2026-05-26,2026-05-26,44000.00,PE,BANKNIFTY26MAY44000PE,19.75,19.75,13.25,13.55,14.40,20.60,56264.30,13.55,4080,300,47,62060781.00,30,F1,30,,,,,
2026-04-27,2026-04-27,FO,NSE,IDO,66571,,BANKNIFTY,,2026-05-26,2026-05-26,47000.00,PE,BANKNIFTY26MAY47000PE,56.65,56.65,29.35,31.95,30.00,51.15,56264.30,31.95,37830,9510,1000,1411121874.00,556,F1,30,,,,,
2026-04-27,2026-04-27,FO,NSE,IDO,66583,,BANKNIFTY,,2026-05-26,2026-05-26,47400.00,PE,BANKNIFTY26MAY47400PE,0.00,0.00,0.00,0.35,0.00,0.35,56264.30,1.50,0,0,0,0.00,0,F1,30,,,,,
2026-04-27,2026-04-27,FO,NSE,IDO,66637,,BANKNIFTY,,2026-05-26,2026-05-26,48300.00,PE,BANKNIFTY26MAY48300PE,0.00,0.00,0.00,0.80,0.00,0.80,56264.30,4.20,0,0,0,0.00,0,F1,30,,,,,
2026-04-27,2026-04-27,FO,NSE,IDO,67081,,BANKNIFTY,,2026-05-26,2026-05-26,52300.00,PE,BANKNIFTY26MAY52300PE,254.20,261.80,214.70,214.70,214.70,299.45,56264.30,214.70,4260,150,36,56745225.00,22,F1,30,,,,,
2026-04-27,2026-04-27,FO,NSE,IDO,67205,,BANKNIFTY,,2026-05-26,2026-05-26,54200.00,PE,BANKNIFTY26MAY54200PE,490.90,592.75,467.00,480.40,468.00,612.85,56264.30,480.40,4050,540,74,121474326.00,62,F1,30,,,,,
2026-04-27,2026-04-27,FO,NSE,IDO,67999,,BANKNIFTY,,2026-05-26,2026-05-26,60000.00,PE,BANKNIFTY26MAY60000PE,3482.60,3819.30,3356.00,3435.70,3430.00,3614.85,56264.30,3435.70,1079880,-9720,3388,6459107961.00,1851,F1,30,,,,,
2026-04-27,2026-04-27,FO,NSE,IDO,67614,,BANKNIFTY,,2026-05-26,2026-05-26,58200.00,CE,BANKNIFTY26MAY58200CE,593.30,605.05,480.60,537.30,533.00,565.05,56264.30,537.30,11430,2970,322,567490153.50,282,F1,30,,,,,
2026-04-27,2026-04-27,FO,NSE,IDO,67610,,BANKNIFTY,,2026-05-26,2026-05-26,58100.00,CE,BANKNIFTY26MAY58100CE,636.40,637.55,517.00,569.85,551.90,606.05,56264.30,569.85,9810,810,164,288675583.50,127,F1,30,,,,,
2026-04-27,2026-04-27,FO,NSE,IDO,67572,,BANKNIFTY,,2026-05-26,2026-05-26,56800.00,CE,BANKNIFTY26MAY56800CE,1269.15,1269.20,1010.90,1136.55,1137.00,1164.05,56264.30,1136.55,71910,2370,726,1261337734.50,572,F1,30,,,,,
2026-04-27,2026-04-27,FO,NSE,IDO,66759,,BANKNIFTY,,2026-05-26,2026-05-26,50800.00,CE,BANKNIFTY26MAY50800CE,0.00,0.00,0.00,7000.00,7000.00,7000.00,56264.30,5745.60,300,0,0,0.00,0,F1,30,,,,,
2026-04-27,2026-04-27,FO,NSE,IDO,66675,,BANKNIFTY,,2026-05-26,2026-05-26,49800.00,CE,BANKNIFTY26MAY49800CE,0.00,0.00,0.00,5672.70,5672.70,5672.70,56264.30,6712.95,90,0,0,0.00,0,F1,30,,,,,
2026-04-27,2026-04-27,FO,NSE,IDO,66650,,BANKNIFTY,,2026-05-26,2026-05-26,48900.00,CE,BANKNIFTY26MAY48900CE,0.00,0.00,0.00,7361.00,7361.00,7361.00,56264.30,7597.20,210,0,0,0.00,0,F1,30,,,,,
2026-04-27,2026-04-27,FO,NSE,IDO,66585,,BANKNIFTY,,2026-05-26,2026-05-26,47500.00,CE,BANKNIFTY26MAY47500CE,0.00,0.00,0.00,9500.00,9500.00,9500.00,56264.30,8984.35,420,0,0,0.00,0,F1,30,,,,,
2026-04-27,2026-04-27,FO,NSE,IDO,66572,,BANKNIFTY,,2026-05-26,2026-05-26,47100.00,CE,BANKNIFTY26MAY47100CE,0.00,0.00,0.00,14723.15,0.00,14723.15,56264.30,9381.85,0,0,0,0.00,0,F1,30,,,,,
2026-04-27,2026-04-27,FO,NSE,IDO,66570,,BANKNIFTY,,2026-05-26,2026-05-26,47000.00,CE,BANKNIFTY26MAY47000CE,9370.00,9649.45,9250.00,9543.70,9440.90,9150.00,56264.30,9543.70,1680,-180,15,25358703.00,14,F1,30,,,,,
2026-04-27,2026-04-27,FO,NSE,IDO,66553,,BANKNIFTY,,2026-05-26,2026-05-26,46800.00,CE,BANKNIFTY26MAY46800CE,0.00,0.00,0.00,15018.15,0.00,15018.15,56264.30,9680.15,0,0,0,0.00,0,F1,30,,,,,
2026-04-27,2026-04-27,FO,NSE,IDO,66473,,BANKNIFTY,,2026-05-26,2026-05-26,46000.00,CE,BANKNIFTY26MAY46000CE,10300.00,10560.00,10102.20,10436.80,10499.95,10337.50,56264.30,10436.80,18630,13590,463,782816302.50,326,F1,30,,,,,
2026-04-27,2026-04-27,FO,NSE,IDO,38313,,BANKNIFTY,,2026-05-26,2026-05-26,45700.00,CE,BANKNIFTY26MAY45700CE,0.00,0.00,0.00,15549.05,0.00,15549.05,56264.30,10774.60,0,0,0,0.00,0,F1,30,,,,,
2026-04-27,2026-04-27,FO,NSE,IDO,66466,,BANKNIFTY,,2026-05-26,2026-05-26,45000.00,CE,BANKNIFTY26MAY45000CE,0.00,0.00,0.00,16788.35,0.00,16788.35,56264.30,11471.25,0,0,0,0.00,0,F1,30,,,,,
2026-04-27,2026-04-27,FO,NSE,IDO,68186,,BANKNIFTY,,2026-04-28,2026-04-28,66200.00,CE,BANKNIFTY26APR66200CE,0.45,0.55,0.30,0.35,0.35,0.55,56264.30,0.35,5640,-60,16,31776181.50,9,F1,30,,,,,
2026-04-27,2026-04-27,FO,NSE,IDO,67885,,BANKNIFTY,,2026-04-28,2026-04-28,63900.00,CE,BANKNIFTY26APR63900CE,0.90,2.00,0.50,1.55,1.00,0.70,56264.30,1.55,4560,1740,165,316311103.50,68,F1,30,,,,,
2026-04-27,2026-04-27,FO,NSE,IDO,67856,,BANKNIFTY,,2026-04-28,2026-04-28,63000.00,CE,BANKNIFTY26APR63000CE,1.05,1.50,0.70,1.10,0.70,1.30,56264.30,1.10,157620,-49410,8219,15534170824.50,2920,F1,30,,,,,
2026-04-27,2026-04-27,FO,NSE,IDO,67824,,BANKNIFTY,,2026-04-28,2026-04-28,62400.00,CE,BANKNIFTY26APR62400CE,1.50,2.15,0.75,1.45,1.65,2.70,56264.30,1.45,6690,60,158,295783042.50,116,F1,30,,,,,
2026-04-27,2026-04-27,FO,NSE,IDO,67816,,BANKNIFTY,,2026-04-28,2026-04-28,62100.00,CE,BANKNIFTY26APR62100CE,1.40,2.05,0.65,1.30,1.40,1.35,56264.30,1.30,8130,1500,367,683737617.00,181,F1,30,,,,,
2026-04-27,2026-04-27,FO,NSE,IDO,67797,,BANKNIFTY,,2026-04-28,2026-04-28,61900.00,CE,BANKNIFTY26APR61900CE,1.10,2.25,0.65,1.65,1.60,1.40,56264.30,1.65,13380,4920,606,1125372013.50,271,F1,30,,,,,
2026-04-27,2026-04-27,FO,NSE,IDO,67724,,BANKNIFTY,,2026-04-28,2026-04-28,60500.00,CE,BANKNIFTY26APR60500CE,2.80,3.25,1.40,1.80,2.45,3.30,56264.30,1.80,257490,-120780,35236,63955172199.00,9459,F1,30,,,,,
2026-04-27,2026-04-27,FO,NSE,IDO,67712,,BANKNIFTY,,2026-04-28,2026-04-28,59900.00,CE,BANKNIFTY26APR59900CE,2.20,4.05,1.50,2.40,2.05,5.75,56264.30,2.40,42960,2190,2917,5242079427.00,1517,F1,30,,,,,
2026-04-27,2026-04-27,FO,NSE,IDO,67562,,BANKNIFTY,,2026-04-28,2026-04-28,57700.00,CE,BANKNIFTY26APR57700CE,51.50,51.50,10.95,15.50,15.25,65.65,56264.30,15.50,191070,59130,73302,126925814454.00,39126,F1,30,,,,,
2026-04-27,2026-04-27,FO,NSE,IDO,67558,,BANKNIFTY,,2026-04-28,2026-04-28,57500.00,CE,BANKNIFTY26APR57500CE,85.00,88.00,14.40,22.40,22.50,85.85,56264.30,22.40,725670,96240,310778,536330414022.00,126213,F1,30,,,,,
2026-04-27,2026-04-27,FO,NSE,IDO,67492,,BANKNIFTY,,2026-04-28,2026-04-28,54800.00,CE,BANKNIFTY26APR54800CE,1643.90,1730.55,1190.00,1564.40,1566.50,1511.80,56264.30,1564.40,20550,-870,110,185774116.50,78,F1,30,,,,,
2026-04-27,2026-04-27,FO,NSE,IDO,67462,,BANKNIFTY,,2026-04-28,2026-04-28,53400.00,CE,BANKNIFTY26APR53400CE,2900.00,2980.00,2775.00,2950.00,2950.00,2900.00,56264.30,2950.00,10260,-300,14,23657104.50,9,F1,30,,,,,
2026-04-27,2026-04-27,FO,NSE,IDO,67434,,BANKNIFTY,,2026-04-28,2026-04-28,52000.00,CE,BANKNIFTY26APR52000CE,4493.50,4544.25,3990.20,4344.05,4388.90,4181.70,56264.30,4344.05,223050,-22860,1171,1978356436.50,1102,F1,30,,,,,
2026-04-27,2026-04-27,FO,NSE,IDO,68111,,BANKNIFTY,,2026-05-26,2026-05-26,62200.00,PE,BANKNIFTY26MAY62200PE,0.00,0.00,0.00,7439.85,7439.85,7439.85,56264.30,5732.50,60,0,0,0.00,0,F1,30,,,,,
2026-04-27,2026-04-27,FO,NSE,IDO,68133,,BANKNIFTY,,2026-05-26,2026-05-26,63100.00,PE,BANKNIFTY26MAY63100PE,6570.00,6570.00,6570.00,6570.00,6570.00,7085.00,56264.30,6591.90,90,-30,1,2090100.00,1,F1,30,,,,,
2026-04-27,2026-04-27,FO,NSE,IDO,68149,,BANKNIFTY,,2026-05-26,2026-05-26,63800.00,PE,BANKNIFTY26MAY63800PE,0.00,0.00,0.00,10438.40,10438.40,10438.40,56264.30,7271.10,30,0,0,0.00,0,F1,30,,,,,
2026-04-27,2026-04-27,FO,NSE,IDO,68226,,BANKNIFTY,,2026-05-26,2026-05-26,66100.00,PE,BANKNIFTY26MAY66100PE,0.00,0.00,0.00,8550.00,8550.00,8550.00,56264.30,9536.95,360,0,0,0.00,0,F1,30,,,,,
2026-04-27,2026-04-27,FO,NSE,IDO,75074,,BANKNIFTY,,2026-06-30,2026-06-30,45600.00,PE,BANKNIFTY26JUN45600PE,0.00,0.00,0.00,278.55,0.00,278.55,56264.30,9.45,0,0,0,0.00,0,F1,30,,,,,
2026-04-27,2026-04-27,FO,NSE,IDO,75080,,BANKNIFTY,,2026-06-30,2026-06-30,45700.00,PE,BANKNIFTY26JUN45700PE,0.00,0.00,0.00,291.65,0.00,291.65,56264.30,10.20,0,0,0,0.00,0,F1,30,,,,,
2026-04-27,2026-04-27,FO,NSE,IDO,75159,,BANKNIFTY,,2026-06-30,2026-06-30,46200.00,PE,BANKNIFTY26JUN46200PE,0.00,0.00,0.00,364.40,0.00,364.40,56264.30,14.80,0,0,0,0.00,0,F1,30,,,,,
2026-04-27,2026-04-27,FO,NSE,IDO,75179,,BANKNIFTY,,2026-06-30,2026-06-30,47100.00,PE,BANKNIFTY26JUN47100PE,0.00,0.00,0.00,529.20,0.00,529.20,56264.30,27.85,0,0,0,0.00,0,F1,30,,,,,
2026-04-27,2026-04-27,FO,NSE,IDO,75277,,BANKNIFTY,,2026-06-30,2026-06-30,49300.00,PE,BANKNIFTY26JUN49300PE,0.00,0.00,0.00,1152.10,0.00,1152.10,56264.30,106.55,0,0,0,0.00,0,F1,30,,,,,
2026-04-27,2026-04-27,FO,NSE,IDO,75373,,BANKNIFTY,,2026-06-30,2026-06-30,50300.00,PE,BANKNIFTY26JUN50300PE,0.00,0.00,0.00,138.30,138.30,138.30,56264.30,179.85,900,0,0,0.00,0,F1,30,,,,,
2026-04-27,2026-04-27,FO,NSE,IDO,75414,,BANKNIFTY,,2026-06-30,2026-06-30,50700.00,PE,BANKNIFTY26JUN50700PE,0.00,0.00,0.00,453.55,453.55,453.55,56264.30,218.70,300,0,0,0.00,0,F1,30,,,,,
2026-04-27,2026-04-27,FO,NSE,IDO,68220,,BANKNIFTY,,2026-05-26,2026-05-26,65900.00,PE,BANKNIFTY26MAY65900PE,0.00,0.00,0.00,11256.00,11256.00,11256.00,56264.30,9338.75,600,0,0,0.00,0,F1,30,,,,,
2026-04-27,2026-04-27,FO,NSE,IDO,68192,,BANKNIFTY,,2026-05-26,2026-05-26,65000.00,PE,BANKNIFTY26MAY65000PE,8183.95,8620.00,8124.95,8228.40,8238.85,8385.70,56264.30,8228.40,57510,37950,1395,3068517313.50,1152,F1,30,,,,,
2026-04-27,2026-04-27,FO,NSE,IDO,68159,,BANKNIFTY,,2026-05-26,2026-05-26,64200.00,PE,BANKNIFTY26MAY64200PE,0.00,0.00,0.00,10822.75,10822.75,10822.75,56264.30,7662.20,30,0,0,0.00,0,F1,30,,,,,
2026-04-27,2026-04-27,FO,NSE,IDO,68135,,BANKNIFTY,,2026-05-26,2026-05-26,63200.00,PE,BANKNIFTY26MAY63200PE,0.00,0.00,0.00,9865.35,9865.35,9865.35,56264.30,6688.45,60,0,0,0.00,0,F1,30,,,,,
2026-04-27,2026-04-27,FO,NSE,IDO,68127,,BANKNIFTY,,2026-05-26,2026-05-26,62800.00,PE,BANKNIFTY26MAY62800PE,0.00,0.00,0.00,9484.15,9484.15,9484.15,56264.30,6303.40,60,0,0,0.00,0,F1,30,,,,,
2026-04-27,2026-04-27,FO,NSE,IDO,66611,,BANKNIFTY,,2026-05-26,2026-05-26,47900.00,CE,BANKNIFTY26MAY47900CE,0.00,0.00,0.00,13936.65,0.00,13936.65,56264.30,8587.20,0,0,0,0.00,0,F1,30,,,,,
2026-04-27,2026-04-27,FO,NSE,IDO,66615,,BANKNIFTY,,2026-05-26,2026-05-26,48100.00,CE,BANKNIFTY26MAY48100CE,0.00,0.00,0.00,13740.05,0.00,13740.05,56264.30,8388.80,0,0,0,0.00,0,F1,30,,,,,
2026-04-27,2026-04-27,FO,NSE,IDO,66750,,BANKNIFTY,,2026-05-26,2026-05-26,50500.00,CE,BANKNIFTY26MAY50500CE,6000.00,6000.00,6000.00,6000.00,6000.00,6105.00,56264.30,6033.50,1230,0,1,1695000.00,1,F1,30,,,,,
2026-04-27,2026-04-27,FO,NSE,IDO,66775,,BANKNIFTY,,2026-05-26,2026-05-26,51600.00,CE,BANKNIFTY26MAY51600CE,0.00,0.00,0.00,4361.95,4361.95,4361.95,56264.30,4991.55,360,0,0,0.00,0,F1,30,,,,,
2026-04-27,2026-04-27,FO,NSE,IDO,67089,,BANKNIFTY,,2026-05-26,2026-05-26,52600.00,CE,BANKNIFTY26MAY52600CE,0.00,0.00,0.00,4409.25,4409.25,4409.25,56264.30,4088.35,540,0,0,0.00,0,F1,30,,,,,
