TradDt,BizDt,Sgmt,Src,FinInstrmTp,FinInstrmId,ISIN,TckrSymb,SctySrs,XpryDt,FininstrmActlXpryDt,StrkPric,OptnTp,FinInstrmNm,OpnPric,HghPric,LwPric,ClsPric,LastPric,PrvsClsgPric,UndrlygPric,SttlmPric,OpnIntrst,ChngInOpnIntrst,TtlTradgVol,TtlTrfVal,TtlNbOfTxsExctd,SsnId,NewBrdLotQty,Rmks,Rsvd1,Rsvd2,Rsvd3,Rsvd4
2026-04-24,2026-04-24,FO,NSE,IDO,74352,,NIFTYNXT50,,2026-04-28,2026-04-28,75300.00,CE,NIFTYNXT5026APR75300CE,0.00,0.00,0.00,497.30,0.00,497.30,69883.95,0.55,0,0,0,0.00,0,F1,25,,,,,
2026-04-24,2026-04-24,FO,NSE,IDO,74364,,NIFTYNXT50,,2026-04-28,2026-04-28,75900.00,CE,NIFTYNXT5026APR75900CE,0.00,0.00,0.00,425.30,0.00,425.30,69883.95,0.20,0,0,0,0.00,0,F1,25,,,,,
2026-04-24,2026-04-24,FO,NSE,IDO,74372,,NIFTYNXT50,,2026-04-28,2026-04-28,76200.00,CE,NIFTYNXT5026APR76200CE,0.00,0.00,0.00,392.80,0.00,392.80,69883.95,0.10,0,0,0,0.00,0,F1,25,,,,,
2026-04-24,2026-04-24,FO,NSE,IDO,74489,,NIFTYNXT50,,2026-04-28,2026-04-28,77500.00,CE,NIFTYNXT5026APR77500CE,0.00,0.00,0.00,275.45,0.00,275.45,69883.95,0.00,0,0,0,0.00,0,F1,25,,,,,
2026-04-24,2026-04-24,FO,NSE,IDO,74509,,NIFTYNXT50,,2026-04-28,2026-04-28,78000.00,CE,NIFTYNXT5026APR78000CE,0.00,0.00,0.00,239.30,0.00,239.30,69883.95,0.00,0,0,0,0.00,0,F1,25,,,,,
2026-04-24,2026-04-24,FO,NSE,IDO,49892,,NIFTYNXT50,,2026-05-26,2026-05-26,54100.00,CE,NIFTYNXT5026MAY54100CE,0.00,0.00,0.00,12776.75,0.00,12776.75,69883.95,16078.70,0,0,0,0.00,0,F1,25,,,,,
2026-04-24,2026-04-24,FO,NSE,IDO,43914,,NIFTYNXT50,,2026-05-26,2026-05-26,55400.00,CE,NIFTYNXT5026MAY55400CE,0.00,0.00,0.00,12285.25,0.00,12285.25,69883.95,14786.00,0,0,0,0.00,0,F1,25,,,,,
2026-04-24,2026-04-24,FO,NSE,IDO,73133,,NIFTYNXT50,,2026-05-26,2026-05-26,56500.00,CE,NIFTYNXT5026MAY56500CE,0.00,0.00,0.00,14232.55,0.00,14232.55,69883.95,13692.55,0,0,0,0.00,0,F1,25,,,,,
2026-04-24,2026-04-24,FO,NSE,IDO,73243,,NIFTYNXT50,,2026-05-26,2026-05-26,58500.00,CE,NIFTYNXT5026MAY58500CE,0.00,0.00,0.00,12305.30,0.00,12305.30,69883.95,11707.65,0,0,0,0.00,0,F1,25,,,,,
2026-04-24,2026-04-24,FO,NSE,IDO,73349,,NIFTYNXT50,,2026-05-26,2026-05-26,59700.00,CE,NIFTYNXT5026MAY59700CE,0.00,0.00,0.00,11169.35,0.00,11169.35,69883.95,10521.95,0,0,0,0.00,0,F1,25,,,,,
2026-04-24,2026-04-24,FO,NSE,IDO,73421,,NIFTYNXT50,,2026-05-26,2026-05-26,62000.00,CE,NIFTYNXT5026MAY62000CE,0.00,0.00,0.00,9063.70,0.00,9063.70,69883.95,8281.80,0,0,0,0.00,0,F1,25,,,,,
2026-04-24,2026-04-24,FO,NSE,IDO,81781,,NIFTYNXT50,,2026-06-30,2026-06-30,67700.00,CE,NIFTYNXT5026JUN67700CE,0.00,0.00,0.00,740.45,0.00,740.45,69883.95,4432.70,0,0,0,0.00,0,F1,25,,,,,
2026-04-24,2026-04-24,FO,NSE,IDO,81722,,NIFTYNXT50,,2026-06-30,2026-06-30,66300.00,CE,NIFTYNXT5026JUN66300CE,0.00,0.00,0.00,1020.30,0.00,1020.30,69883.95,5388.30,0,0,0,0.00,0,F1,25,,,,,
2026-04-24,2026-04-24,FO,NSE,IDO,81672,,NIFTYNXT50,,2026-06-30,2026-06-30,65700.00,CE,NIFTYNXT5026JUN65700CE,0.00,0.00,0.00,1159.55,0.00,1159.55,69883.95,5825.20,0,0,0,0.00,0,F1,25,,,,,
2026-04-24,2026-04-24,FO,NSE,IDO,81628,,NIFTYNXT50,,2026-06-30,2026-06-30,64500.00,CE,NIFTYNXT5026JUN64500CE,0.00,0.00,0.00,1492.55,0.00,1492.55,69883.95,6753.55,0,0,0,0.00,0,F1,25,,,,,
2026-04-24,2026-04-24,FO,NSE,IDO,81616,,NIFTYNXT50,,2026-06-30,2026-06-30,64000.00,CE,NIFTYNXT5026JUN64000CE,0.00,0.00,0.00,1651.55,0.00,1651.55,69883.95,7158.65,0,0,0,0.00,0,F1,25,,,,,
2026-04-24,2026-04-24,FO,NSE,IDO,81614,,NIFTYNXT50,,2026-06-30,2026-06-30,63900.00,CE,NIFTYNXT5026JUN63900CE,0.00,0.00,0.00,1684.85,0.00,1684.85,69883.95,7240.90,0,0,0,0.00,0,F1,25,,,,,
2026-04-24,2026-04-24,FO,NSE,IDO,74382,,NIFTYNXT50,,2026-04-28,2026-04-28,76400.00,CE,NIFTYNXT5026APR76400CE,0.00,0.00,0.00,372.30,0.00,372.30,69883.95,0.05,0,0,0,0.00,0,F1,25,,,,,
2026-04-24,2026-04-24,FO,NSE,IDO,81812,,NIFTYNXT50,,2026-06-30,2026-06-30,69000.00,CE,NIFTYNXT5026JUN69000CE,0.00,0.00,0.00,542.20,0.00,542.20,69883.95,3643.70,0,0,0,0.00,0,F1,25,,,,,
2026-04-24,2026-04-24,FO,NSE,IDO,81972,,NIFTYNXT50,,2026-06-30,2026-06-30,70300.00,CE,NIFTYNXT5026JUN70300CE,0.00,0.00,0.00,391.10,0.00,391.10,69883.95,2950.10,0,0,0,0.00,0,F1,25,,,,,
2026-04-24,2026-04-24,FO,NSE,IDO,82017,,NIFTYNXT50,,2026-06-30,2026-06-30,72300.00,CE,NIFTYNXT5026JUN72300CE,0.00,0.00,0.00,229.95,0.00,229.95,69883.95,2067.95,0,0,0,0.00,0,F1,25,,,,,
2026-04-24,2026-04-24,FO,NSE,IDO,81379,,NIFTYNXT50,,2026-06-30,2026-06-30,61300.00,CE,NIFTYNXT5026JUN61300CE,0.00,0.00,0.00,2738.55,0.00,2738.55,69883.95,9499.15,0,0,0,0.00,0,F1,25,,,,,
2026-04-24,2026-04-24,FO,NSE,IDO,81365,,NIFTYNXT50,,2026-06-30,2026-06-30,60600.00,CE,NIFTYNXT5026JUN60600CE,0.00,0.00,0.00,3087.60,0.00,3087.60,69883.95,10139.70,0,0,0,0.00,0,F1,25,,,,,
2026-04-24,2026-04-24,FO,NSE,IDO,81357,,NIFTYNXT50,,2026-06-30,2026-06-30,60200.00,CE,NIFTYNXT5026JUN60200CE,0.00,0.00,0.00,3299.65,0.00,3299.65,69883.95,10510.50,0,0,0,0.00,0,F1,25,,,,,
2026-04-24,2026-04-24,FO,NSE,IDO,81345,,NIFTYNXT50,,2026-06-30,2026-06-30,59800.00,CE,NIFTYNXT5026JUN59800CE,0.00,0.00,0.00,3521.05,0.00,3521.05,69883.95,10884.35,0,0,0,0.00,0,F1,25,,,,,
2026-04-24,2026-04-24,FO,NSE,IDO,81298,,NIFTYNXT50,,2026-06-30,2026-06-30,58700.00,CE,NIFTYNXT5026JUN58700CE,0.00,0.00,0.00,4177.55,0.00,4177.55,69883.95,11926.10,0,0,0,0.00,0,F1,25,,,,,
2026-04-24,2026-04-24,FO,NSE,IDO,81241,,NIFTYNXT50,,2026-06-30,2026-06-30,57500.00,CE,NIFTYNXT5026JUN57500CE,0.00,0.00,0.00,4971.45,0.00,4971.45,69883.95,13080.20,0,0,0,0.00,0,F1,25,,,,,
2026-04-24,2026-04-24,FO,NSE,IDO,81216,,NIFTYNXT50,,2026-06-30,2026-06-30,56600.00,CE,NIFTYNXT5026JUN56600CE,0.00,0.00,0.00,5618.40,0.00,5618.40,69883.95,13954.45,0,0,0,0.00,0,F1,25,,,,,
2026-04-24,2026-04-24,FO,NSE,IDO,81212,,NIFTYNXT50,,2026-06-30,2026-06-30,56400.00,CE,NIFTYNXT5026JUN56400CE,0.00,0.00,0.00,5767.45,0.00,5767.45,69883.95,14149.50,0,0,0,0.00,0,F1,25,,,,,
2026-04-24,2026-04-24,FO,NSE,IDO,81013,,NIFTYNXT50,,2026-06-30,2026-06-30,55500.00,CE,NIFTYNXT5026JUN55500CE,0.00,0.00,0.00,6461.55,0.00,6461.55,69883.95,15029.85,0,0,0,0.00,0,F1,25,,,,,
2026-04-24,2026-04-24,FO,NSE,IDO,80971,,NIFTYNXT50,,2026-06-30,2026-06-30,54400.00,CE,NIFTYNXT5026JUN54400CE,0.00,0.00,0.00,7357.55,0.00,7357.55,69883.95,16110.30,0,0,0,0.00,0,F1,25,,,,,
2026-04-24,2026-04-24,FO,NSE,IDO,74684,,NIFTYNXT50,,2026-05-26,2026-05-26,81000.00,CE,NIFTYNXT5026MAY81000CE,0.00,0.00,0.00,317.20,0.00,317.20,69883.95,35.70,0,0,0,0.00,0,F1,25,,,,,
2026-04-24,2026-04-24,FO,NSE,IDO,74550,,NIFTYNXT50,,2026-05-26,2026-05-26,76800.00,CE,NIFTYNXT5026MAY76800CE,0.00,0.00,0.00,875.45,0.00,875.45,69883.95,229.40,0,0,0,0.00,0,F1,25,,,,,
2026-04-24,2026-04-24,FO,NSE,IDO,74064,,NIFTYNXT50,,2026-05-26,2026-05-26,73000.00,CE,NIFTYNXT5026MAY73000CE,0.00,0.00,0.00,1915.25,0.00,1915.25,69883.95,881.20,0,0,0,0.00,0,F1,25,,,,,
2026-04-24,2026-04-24,FO,NSE,IDO,73886,,NIFTYNXT50,,2026-05-26,2026-05-26,70500.00,CE,NIFTYNXT5026MAY70500CE,0.00,0.00,0.00,2987.20,0.00,2987.20,69883.95,1798.25,0,0,0,0.00,0,F1,25,,,,,
2026-04-24,2026-04-24,FO,NSE,IDO,73876,,NIFTYNXT50,,2026-05-26,2026-05-26,70000.00,CE,NIFTYNXT5026MAY70000CE,0.00,0.00,0.00,3242.75,0.00,3242.75,69883.95,2041.05,0,0,0,0.00,0,F1,25,,,,,
2026-04-24,2026-04-24,FO,NSE,IDO,73858,,NIFTYNXT50,,2026-05-26,2026-05-26,69300.00,CE,NIFTYNXT5026MAY69300CE,0.00,0.00,0.00,3624.10,0.00,3624.10,69883.95,2415.35,0,0,0,0.00,0,F1,25,,,,,
2026-04-24,2026-04-24,FO,NSE,IDO,73695,,NIFTYNXT50,,2026-05-26,2026-05-26,67900.00,CE,NIFTYNXT5026MAY67900CE,0.00,0.00,0.00,4468.45,0.00,4468.45,69883.95,3283.85,0,0,0,0.00,0,F1,25,,,,,
2026-04-24,2026-04-24,FO,NSE,IDO,73549,,NIFTYNXT50,,2026-05-26,2026-05-26,64100.00,CE,NIFTYNXT5026MAY64100CE,0.00,0.00,0.00,7265.35,0.00,7265.35,69883.95,6324.35,0,0,0,0.00,0,F1,25,,,,,
2026-04-24,2026-04-24,FO,NSE,IDO,73547,,NIFTYNXT50,,2026-05-26,2026-05-26,64000.00,CE,NIFTYNXT5026MAY64000CE,0.00,0.00,0.00,7347.55,0.00,7347.55,69883.95,6414.50,0,0,0,0.00,0,F1,25,,,,,
2026-04-24,2026-04-24,FO,NSE,IDO,73543,,NIFTYNXT50,,2026-05-26,2026-05-26,63900.00,CE,NIFTYNXT5026MAY63900CE,0.00,0.00,0.00,7430.10,0.00,7430.10,69883.95,6504.95,0,0,0,0.00,0,F1,25,,,,,
2026-04-24,2026-04-24,FO,NSE,IDO,73389,,NIFTYNXT50,,2026-05-26,2026-05-26,60800.00,CE,NIFTYNXT5026MAY60800CE,0.00,0.00,0.00,10148.25,0.00,10148.25,69883.95,9443.05,0,0,0,0.00,0,F1,25,,,,,
2026-04-24,2026-04-24,FO,NSE,IDO,73373,,NIFTYNXT50,,2026-05-26,2026-05-26,60100.00,CE,NIFTYNXT5026MAY60100CE,0.00,0.00,0.00,10795.50,0.00,10795.50,69883.95,10128.50,0,0,0,0.00,0,F1,25,,,,,
2026-04-24,2026-04-24,FO,NSE,IDO,73353,,NIFTYNXT50,,2026-05-26,2026-05-26,59900.00,CE,NIFTYNXT5026MAY59900CE,0.00,0.00,0.00,10982.10,0.00,10982.10,69883.95,10325.10,0,0,0,0.00,0,F1,25,,,,,
2026-04-24,2026-04-24,FO,NSE,IDO,73226,,NIFTYNXT50,,2026-05-26,2026-05-26,58300.00,CE,NIFTYNXT5026MAY58300CE,0.00,0.00,0.00,12496.40,0.00,12496.40,69883.95,11905.80,0,0,0,0.00,0,F1,25,,,,,
2026-04-24,2026-04-24,FO,NSE,IDO,73179,,NIFTYNXT50,,2026-05-26,2026-05-26,57800.00,CE,NIFTYNXT5026MAY57800CE,0.00,0.00,0.00,12975.95,0.00,12975.95,69883.95,12401.60,0,0,0,0.00,0,F1,25,,,,,
2026-04-24,2026-04-24,FO,NSE,IDO,43902,,NIFTYNXT50,,2026-05-26,2026-05-26,54800.00,CE,NIFTYNXT5026MAY54800CE,0.00,0.00,0.00,12865.55,0.00,12865.55,69883.95,15382.60,0,0,0,0.00,0,F1,25,,,,,
2026-04-24,2026-04-24,FO,NSE,IDO,73103,,NIFTYNXT50,,2026-05-26,2026-05-26,51000.00,CE,NIFTYNXT5026MAY51000CE,0.00,0.00,0.00,19619.00,0.00,19619.00,69883.95,19161.75,0,0,0,0.00,0,F1,25,,,,,
2026-04-24,2026-04-24,FO,NSE,IDO,74597,,NIFTYNXT50,,2026-04-28,2026-04-28,81000.00,CE,NIFTYNXT5026APR81000CE,0.00,0.00,0.00,97.85,0.00,97.85,69883.95,0.00,0,0,0,0.00,0,F1,25,,,,,
2026-04-24,2026-04-24,FO,NSE,IDO,74419,,NIFTYNXT50,,2026-04-28,2026-04-28,76500.00,CE,NIFTYNXT5026APR76500CE,0.00,0.00,0.00,362.45,0.00,362.45,69883.95,0.05,0,0,0,0.00,0,F1,25,,,,,
2026-04-24,2026-04-24,FO,NSE,IDO,35276,,NIFTYNXT50,,2026-06-30,2026-06-30,72900.00,CE,NIFTYNXT5026JUN72900CE,0.00,0.00,0.00,332.85,0.00,332.85,69883.95,1845.55,0,0,0,0.00,0,F1,25,,,,,
2026-04-24,2026-04-24,FO,NSE,IDO,74374,,NIFTYNXT50,,2026-04-28,2026-04-28,76300.00,CE,NIFTYNXT5026APR76300CE,0.00,0.00,0.00,382.45,0.00,382.45,69883.95,0.10,0,0,0,0.00,0,F1,25,,,,,
2026-04-24,2026-04-24,FO,NSE,IDO,74366,,NIFTYNXT50,,2026-04-28,2026-04-28,76000.00,CE,NIFTYNXT5026APR76000CE,0.00,0.00,0.00,414.20,0.00,414.20,69883.95,0.15,0,0,0,0.00,0,F1,25,,,,,
2026-04-24,2026-04-24,FO,NSE,IDO,74324,,NIFTYNXT50,,2026-04-28,2026-04-28,73900.00,CE,NIFTYNXT5026APR73900CE,0.00,0.00,0.00,706.30,0.00,706.30,69883.95,6.75,0,0,0,0.00,0,F1,25,,,,,
2026-04-24,2026-04-24,FO,NSE,IDO,74322,,NIFTYNXT50,,2026-04-28,2026-04-28,73800.00,CE,NIFTYNXT5026APR73800CE,0.00,0.00,0.00,723.70,0.00,723.70,69883.95,7.95,0,0,0,0.00,0,F1,25,,,,,
2026-04-24,2026-04-24,FO,NSE,IDO,74286,,NIFTYNXT50,,2026-04-28,2026-04-28,72100.00,CE,NIFTYNXT5026APR72100CE,0.00,0.00,0.00,1079.20,0.00,1079.20,69883.95,84.85,0,0,0,0.00,0,F1,25,,,,,
2026-04-24,2026-04-24,FO,NSE,IDO,74203,,NIFTYNXT50,,2026-04-28,2026-04-28,70300.00,CE,NIFTYNXT5026APR70300CE,0.00,0.00,0.00,1589.10,0.00,1589.10,69883.95,507.25,0,0,0,0.00,0,F1,25,,,,,
2026-04-24,2026-04-24,FO,NSE,IDO,74188,,NIFTYNXT50,,2026-04-28,2026-04-28,69700.00,CE,NIFTYNXT5026APR69700CE,0.00,0.00,0.00,1796.20,0.00,1796.20,69883.95,794.40,0,0,0,0.00,0,F1,25,,,,,
2026-04-24,2026-04-24,FO,NSE,IDO,74152,,NIFTYNXT50,,2026-04-28,2026-04-28,69000.00,CE,NIFTYNXT5026APR69000CE,1000.00,1350.65,757.60,1254.70,1285.00,1578.60,69883.95,1254.70,1650,575,207,361633293.75,161,F1,25,,,,,
2026-04-24,2026-04-24,FO,NSE,IDO,74150,,NIFTYNXT50,,2026-04-28,2026-04-28,68900.00,CE,NIFTYNXT5026APR68900CE,0.00,0.00,0.00,2102.80,0.00,2102.80,69883.95,1305.80,0,0,0,0.00,0,F1,25,,,,,
2026-04-24,2026-04-24,FO,NSE,IDO,73963,,NIFTYNXT50,,2026-04-28,2026-04-28,64000.00,CE,NIFTYNXT5026APR64000CE,0.00,0.00,0.00,7458.00,7458.00,7458.00,69883.95,5924.70,150,0,0,0.00,0,F1,25,,,,,
2026-04-24,2026-04-24,FO,NSE,IDO,73941,,NIFTYNXT50,,2026-04-28,2026-04-28,63000.00,CE,NIFTYNXT5026APR63000CE,0.00,0.00,0.00,1431.10,1431.10,1431.10,69883.95,6924.00,150,0,0,0.00,0,F1,25,,,,,
2026-04-24,2026-04-24,FO,NSE,IDO,73933,,NIFTYNXT50,,2026-04-28,2026-04-28,62600.00,CE,NIFTYNXT5026APR62600CE,0.00,0.00,0.00,5811.55,0.00,5811.55,69883.95,7323.75,0,0,0,0.00,0,F1,25,,,,,
2026-04-24,2026-04-24,FO,NSE,IDO,73820,,NIFTYNXT50,,2026-04-28,2026-04-28,60400.00,CE,NIFTYNXT5026APR60400CE,0.00,0.00,0.00,7595.10,0.00,7595.10,69883.95,9522.35,0,0,0,0.00,0,F1,25,,,,,
2026-04-24,2026-04-24,FO,NSE,IDO,73768,,NIFTYNXT50,,2026-04-28,2026-04-28,58200.00,CE,NIFTYNXT5026APR58200CE,0.00,0.00,0.00,9549.85,0.00,9549.85,69883.95,11720.95,0,0,0,0.00,0,F1,25,,,,,
2026-04-24,2026-04-24,FO,NSE,IDO,73731,,NIFTYNXT50,,2026-04-28,2026-04-28,57300.00,CE,NIFTYNXT5026APR57300CE,0.00,0.00,0.00,10384.40,0.00,10384.40,69883.95,12620.40,0,0,0,0.00,0,F1,25,,,,,
2026-04-24,2026-04-24,FO,NSE,IDO,73545,,NIFTYNXT50,,2026-04-28,2026-04-28,55500.00,CE,NIFTYNXT5026APR55500CE,0.00,0.00,0.00,12093.65,0.00,12093.65,69883.95,14419.25,0,0,0,0.00,0,F1,25,,,,,
2026-04-24,2026-04-24,FO,NSE,IDO,73511,,NIFTYNXT50,,2026-04-28,2026-04-28,55100.00,CE,NIFTYNXT5026APR55100CE,0.00,0.00,0.00,12478.80,0.00,12478.80,69883.95,14819.00,0,0,0,0.00,0,F1,25,,,,,
2026-04-24,2026-04-24,FO,NSE,IDO,73501,,NIFTYNXT50,,2026-04-28,2026-04-28,54900.00,CE,NIFTYNXT5026APR54900CE,0.00,0.00,0.00,12671.95,0.00,12671.95,69883.95,15018.85,0,0,0,0.00,0,F1,25,,,,,
2026-04-24,2026-04-24,FO,NSE,IDO,73497,,NIFTYNXT50,,2026-04-28,2026-04-28,54700.00,CE,NIFTYNXT5026APR54700CE,0.00,0.00,0.00,12865.40,0.00,12865.40,69883.95,15218.75,0,0,0,0.00,0,F1,25,,,,,
2026-04-24,2026-04-24,FO,NSE,IDO,73493,,NIFTYNXT50,,2026-04-28,2026-04-28,54000.00,CE,NIFTYNXT5026APR54000CE,0.00,0.00,0.00,13544.75,0.00,13544.75,69883.95,15918.30,0,0,0,0.00,0,F1,25,,,,,
2026-04-24,2026-04-24,FO,NSE,IDF,62330,,NIFTYNXT50,,2026-06-30,2026-06-30,,,NIFTYNXT5026JUNFUT,70000.00,70580.20,69415.00,70580.20,70580.20,67400.00,69883.95,70580.20,75,50,6,10509090.00,6,F1,25,,,,,
2026-04-24,2026-04-24,FO,NSE,IDO,82039,,NIFTYNXT50,,2026-06-30,2026-06-30,74500.00,CE,NIFTYNXT5026JUN74500CE,0.00,0.00,0.00,123.35,0.00,123.35,69883.95,1340.45,0,0,0,0.00,0,F1,25,,,,,
2026-04-24,2026-04-24,FO,NSE,IDO,41008,,NIFTYNXT50,,2026-06-30,2026-06-30,76700.00,CE,NIFTYNXT5026JUN76700CE,0.00,0.00,0.00,428.75,0.00,428.75,69883.95,832.20,0,0,0,0.00,0,F1,25,,,,,
2026-04-24,2026-04-24,FO,NSE,IDO,41019,,NIFTYNXT50,,2026-06-30,2026-06-30,77100.00,CE,NIFTYNXT5026JUN77100CE,0.00,0.00,0.00,389.85,0.00,389.85,69883.95,759.40,0,0,0,0.00,0,F1,25,,,,,
2026-04-24,2026-04-24,FO,NSE,IDO,82091,,NIFTYNXT50,,2026-06-30,2026-06-30,77500.00,CE,NIFTYNXT5026JUN77500CE,0.00,0.00,0.00,49.65,0.00,49.65,69883.95,692.00,0,0,0,0.00,0,F1,25,,,,,
2026-04-24,2026-04-24,FO,NSE,IDO,73480,,NIFTYNXT50,,2026-04-28,2026-04-28,50500.00,PE,NIFTYNXT5026APR50500PE,0.00,0.00,0.00,2.30,0.00,2.30,69883.95,0.00,0,0,0,0.00,0,F1,25,,,,,
2026-04-24,2026-04-24,FO,NSE,IDO,73490,,NIFTYNXT50,,2026-04-28,2026-04-28,53000.00,PE,NIFTYNXT5026APR53000PE,0.00,0.00,0.00,11.85,0.00,11.85,69883.95,0.00,0,0,0,0.00,0,F1,25,,,,,
2026-04-24,2026-04-24,FO,NSE,IDO,73693,,NIFTYNXT50,,2026-04-28,2026-04-28,56100.00,PE,NIFTYNXT5026APR56100PE,0.00,0.00,0.00,63.45,0.00,63.45,69883.95,0.00,0,0,0,0.00,0,F1,25,,,,,
2026-04-24,2026-04-24,FO,NSE,IDO,73771,,NIFTYNXT50,,2026-04-28,2026-04-28,58300.00,PE,NIFTYNXT5026APR58300PE,0.00,0.00,0.00,168.80,0.00,168.80,69883.95,0.00,0,0,0,0.00,0,F1,25,,,,,
2026-04-24,2026-04-24,FO,NSE,IDO,73797,,NIFTYNXT50,,2026-04-28,2026-04-28,59300.00,PE,NIFTYNXT5026APR59300PE,0.00,0.00,0.00,250.35,0.00,250.35,69883.95,0.00,0,0,0,0.00,0,F1,25,,,,,
2026-04-24,2026-04-24,FO,NSE,IDO,73809,,NIFTYNXT50,,2026-04-28,2026-04-28,59800.00,PE,NIFTYNXT5026APR59800PE,0.00,0.00,0.00,301.60,0.00,301.60,69883.95,0.00,0,0,0,0.00,0,F1,25,,,,,
2026-04-24,2026-04-24,FO,NSE,IDO,73834,,NIFTYNXT50,,2026-04-28,2026-04-28,60900.00,PE,NIFTYNXT5026APR60900PE,0.00,0.00,0.00,443.30,0.00,443.30,69883.95,0.00,0,0,0,0.00,0,F1,25,,,,,
2026-04-24,2026-04-24,FO,NSE,IDO,73946,,NIFTYNXT50,,2026-04-28,2026-04-28,63200.00,PE,NIFTYNXT5026APR63200PE,0.00,0.00,0.00,901.00,0.00,901.00,69883.95,0.05,0,0,0,0.00,0,F1,25,,,,,
2026-04-24,2026-04-24,FO,NSE,IDO,73972,,NIFTYNXT50,,2026-04-28,2026-04-28,64200.00,PE,NIFTYNXT5026APR64200PE,0.00,0.00,0.00,1175.70,0.00,1175.70,69883.95,0.10,0,0,0,0.00,0,F1,25,,,,,
2026-04-24,2026-04-24,FO,NSE,IDO,74018,,NIFTYNXT50,,2026-04-28,2026-04-28,65700.00,PE,NIFTYNXT5026APR65700PE,0.00,0.00,0.00,1697.20,0.00,1697.20,69883.95,2.65,0,0,0,0.00,0,F1,25,,,,,
2026-04-24,2026-04-24,FO,NSE,IDO,74038,,NIFTYNXT50,,2026-04-28,2026-04-28,66600.00,PE,NIFTYNXT5026APR66600PE,0.00,0.00,0.00,1167.50,1167.50,1167.50,69883.95,13.60,25,0,0,0.00,0,F1,25,,,,,
2026-04-24,2026-04-24,FO,NSE,IDO,74202,,NIFTYNXT50,,2026-04-28,2026-04-28,70200.00,PE,NIFTYNXT5026APR70200PE,0.00,0.00,0.00,4050.70,0.00,4050.70,69883.95,820.65,0,0,0,0.00,0,F1,25,,,,,
2026-04-24,2026-04-24,FO,NSE,IDO,74301,,NIFTYNXT50,,2026-04-28,2026-04-28,72700.00,PE,NIFTYNXT5026APR72700PE,0.00,0.00,0.00,5829.35,0.00,5829.35,69883.95,2809.65,0,0,0,0.00,0,F1,25,,,,,
2026-04-24,2026-04-24,FO,NSE,IDO,74337,,NIFTYNXT50,,2026-04-28,2026-04-28,74500.00,PE,NIFTYNXT5026APR74500PE,0.00,0.00,0.00,7271.70,0.00,7271.70,69883.95,4571.15,0,0,0,0.00,0,F1,25,,,,,
2026-04-24,2026-04-24,FO,NSE,IDO,74361,,NIFTYNXT50,,2026-04-28,2026-04-28,75700.00,PE,NIFTYNXT5026APR75700PE,0.00,0.00,0.00,8292.40,0.00,8292.40,69883.95,5768.20,0,0,0,0.00,0,F1,25,,,,,
2026-04-24,2026-04-24,FO,NSE,IDO,74484,,NIFTYNXT50,,2026-04-28,2026-04-28,77200.00,PE,NIFTYNXT5026APR77200PE,0.00,0.00,0.00,9620.60,0.00,9620.60,69883.95,7267.00,0,0,0,0.00,0,F1,25,,,,,
2026-04-24,2026-04-24,FO,NSE,IDO,74579,,NIFTYNXT50,,2026-04-28,2026-04-28,79000.00,PE,NIFTYNXT5026APR79000PE,0.00,0.00,0.00,11272.90,0.00,11272.90,69883.95,9065.85,0,0,0,0.00,0,F1,25,,,,,
2026-04-24,2026-04-24,FO,NSE,IDO,73118,,NIFTYNXT50,,2026-05-26,2026-05-26,52500.00,PE,NIFTYNXT5026MAY52500PE,0.00,0.00,0.00,2.10,0.00,2.10,69883.95,0.05,0,0,0,0.00,0,F1,25,,,,,
2026-04-24,2026-04-24,FO,NSE,IDO,49893,,NIFTYNXT50,,2026-05-26,2026-05-26,54100.00,PE,NIFTYNXT5026MAY54100PE,0.00,0.00,0.00,22.20,0.00,22.20,69883.95,0.10,0,0,0,0.00,0,F1,25,,,,,
2026-04-24,2026-04-24,FO,NSE,IDO,43933,,NIFTYNXT50,,2026-05-26,2026-05-26,55800.00,PE,NIFTYNXT5026MAY55800PE,0.00,0.00,0.00,47.10,0.00,47.10,69883.95,0.45,0,0,0,0.00,0,F1,25,,,,,
2026-04-24,2026-04-24,FO,NSE,IDO,41296,,NIFTYNXT50,,2026-05-26,2026-05-26,56700.00,PE,NIFTYNXT5026MAY56700PE,0.00,0.00,0.00,32.75,0.00,32.75,69883.95,1.05,0,0,0,0.00,0,F1,25,,,,,
2026-04-24,2026-04-24,FO,NSE,IDO,73205,,NIFTYNXT50,,2026-05-26,2026-05-26,58100.00,PE,NIFTYNXT5026MAY58100PE,0.00,0.00,0.00,52.70,0.00,52.70,69883.95,3.60,0,0,0,0.00,0,F1,25,,,,,
2026-04-24,2026-04-24,FO,NSE,IDO,73267,,NIFTYNXT50,,2026-05-26,2026-05-26,58500.00,PE,NIFTYNXT5026MAY58500PE,0.00,0.00,0.00,63.50,0.00,63.50,69883.95,5.05,0,0,0,0.00,0,F1,25,,,,,
2026-04-24,2026-04-24,FO,NSE,IDO,73322,,NIFTYNXT50,,2026-05-26,2026-05-26,59200.00,PE,NIFTYNXT5026MAY59200PE,0.00,0.00,0.00,86.95,0.00,86.95,69883.95,8.80,0,0,0,0.00,0,F1,25,,,,,
2026-04-24,2026-04-24,FO,NSE,IDO,73418,,NIFTYNXT50,,2026-05-26,2026-05-26,61800.00,PE,NIFTYNXT5026MAY61800PE,0.00,0.00,0.00,245.85,0.00,245.85,69883.95,53.25,0,0,0,0.00,0,F1,25,,,,,
2026-04-24,2026-04-24,FO,NSE,IDO,73443,,NIFTYNXT50,,2026-05-26,2026-05-26,62500.00,PE,NIFTYNXT5026MAY62500PE,0.00,0.00,0.00,315.15,0.00,315.15,69883.95,80.90,0,0,0,0.00,0,F1,25,,,,,
2026-04-24,2026-04-24,FO,NSE,IDO,73447,,NIFTYNXT50,,2026-05-26,2026-05-26,62700.00,PE,NIFTYNXT5026MAY62700PE,0.00,0.00,0.00,337.55,0.00,337.55,69883.95,90.70,0,0,0,0.00,0,F1,25,,,,,
2026-04-24,2026-04-24,FO,NSE,IDO,73503,,NIFTYNXT50,,2026-05-26,2026-05-26,63400.00,PE,NIFTYNXT5026MAY63400PE,0.00,0.00,0.00,426.00,0.00,426.00,69883.95,133.35,0,0,0,0.00,0,F1,25,,,,,
2026-04-24,2026-04-24,FO,NSE,IDO,73510,,NIFTYNXT50,,2026-05-26,2026-05-26,63600.00,PE,NIFTYNXT5026MAY63600PE,0.00,0.00,0.00,454.30,0.00,454.30,69883.95,148.20,0,0,0,0.00,0,F1,25,,,,,
2026-04-24,2026-04-24,FO,NSE,IDO,73528,,NIFTYNXT50,,2026-05-26,2026-05-26,63800.00,PE,NIFTYNXT5026MAY63800PE,0.00,0.00,0.00,484.00,0.00,484.00,69883.95,164.35,0,0,0,0.00,0,F1,25,,,,,
2026-04-24,2026-04-24,FO,NSE,IDO,73548,,NIFTYNXT50,,2026-05-26,2026-05-26,64000.00,PE,NIFTYNXT5026MAY64000PE,0.00,0.00,0.00,515.20,0.00,515.20,69883.95,181.90,0,0,0,0.00,0,F1,25,,,,,
2026-04-24,2026-04-24,FO,NSE,IDO,73556,,NIFTYNXT50,,2026-05-26,2026-05-26,64400.00,PE,NIFTYNXT5026MAY64400PE,0.00,0.00,0.00,582.15,0.00,582.15,69883.95,221.65,0,0,0,0.00,0,F1,25,,,,,
2026-04-24,2026-04-24,FO,NSE,IDO,73560,,NIFTYNXT50,,2026-05-26,2026-05-26,64600.00,PE,NIFTYNXT5026MAY64600PE,0.00,0.00,0.00,618.00,0.00,618.00,69883.95,243.95,0,0,0,0.00,0,F1,25,,,,,
2026-04-24,2026-04-24,FO,NSE,IDO,73632,,NIFTYNXT50,,2026-05-26,2026-05-26,66800.00,PE,NIFTYNXT5026MAY66800PE,0.00,0.00,0.00,1127.45,0.00,1127.45,69883.95,624.85,0,0,0,0.00,0,F1,25,,,,,
2026-04-24,2026-04-24,FO,NSE,IDO,73659,,NIFTYNXT50,,2026-05-26,2026-05-26,67600.00,PE,NIFTYNXT5026MAY67600PE,0.00,0.00,0.00,1371.65,0.00,1371.65,69883.95,837.80,0,0,0,0.00,0,F1,25,,,,,
2026-04-24,2026-04-24,FO,NSE,IDO,73871,,NIFTYNXT50,,2026-05-26,2026-05-26,69700.00,PE,NIFTYNXT5026MAY69700PE,0.00,0.00,0.00,2176.60,0.00,2176.60,69883.95,1632.90,0,0,0,0.00,0,F1,25,,,,,
2026-04-24,2026-04-24,FO,NSE,IDO,73881,,NIFTYNXT50,,2026-05-26,2026-05-26,70200.00,PE,NIFTYNXT5026MAY70200PE,0.00,0.00,0.00,2404.40,0.00,2404.40,69883.95,1874.95,0,0,0,0.00,0,F1,25,,,,,
2026-04-24,2026-04-24,FO,NSE,IDO,73891,,NIFTYNXT50,,2026-05-26,2026-05-26,70700.00,PE,NIFTYNXT5026MAY70700PE,0.00,0.00,0.00,2645.90,0.00,2645.90,69883.95,2137.90,0,0,0,0.00,0,F1,25,,,,,
2026-04-24,2026-04-24,FO,NSE,IDO,73897,,NIFTYNXT50,,2026-05-26,2026-05-26,71000.00,PE,NIFTYNXT5026MAY71000PE,0.00,0.00,0.00,2797.70,0.00,2797.70,69883.95,2305.45,0,0,0,0.00,0,F1,25,,,,,
2026-04-24,2026-04-24,FO,NSE,IDO,73909,,NIFTYNXT50,,2026-05-26,2026-05-26,71600.00,PE,NIFTYNXT5026MAY71600PE,0.00,0.00,0.00,3116.15,0.00,3116.15,69883.95,2662.10,0,0,0,0.00,0,F1,25,,,,,
2026-04-24,2026-04-24,FO,NSE,IDO,74059,,NIFTYNXT50,,2026-05-26,2026-05-26,72800.00,PE,NIFTYNXT5026MAY72800PE,0.00,0.00,0.00,3811.45,0.00,3811.45,69883.95,3457.15,0,0,0,0.00,0,F1,25,,,,,
2026-04-24,2026-04-24,FO,NSE,IDO,74407,,NIFTYNXT50,,2026-05-26,2026-05-26,74100.00,PE,NIFTYNXT5026MAY74100PE,0.00,0.00,0.00,4648.25,0.00,4648.25,69883.95,4429.75,0,0,0,0.00,0,F1,25,,,,,
2026-04-24,2026-04-24,FO,NSE,IDO,74422,,NIFTYNXT50,,2026-05-26,2026-05-26,74500.00,PE,NIFTYNXT5026MAY74500PE,0.00,0.00,0.00,4922.15,0.00,4922.15,69883.95,4748.85,0,0,0,0.00,0,F1,25,,,,,
2026-04-24,2026-04-24,FO,NSE,IDO,74504,,NIFTYNXT50,,2026-05-26,2026-05-26,75400.00,PE,NIFTYNXT5026MAY75400PE,0.00,0.00,0.00,5564.80,0.00,5564.80,69883.95,5496.50,0,0,0,0.00,0,F1,25,,,,,
2026-04-24,2026-04-24,FO,NSE,IDO,80744,,NIFTYNXT50,,2026-06-30,2026-06-30,50500.00,PE,NIFTYNXT5026JUN50500PE,0.00,0.00,0.00,93.55,0.00,93.55,69883.95,0.55,0,0,0,0.00,0,F1,25,,,,,
2026-04-24,2026-04-24,FO,NSE,IDO,80956,,NIFTYNXT50,,2026-06-30,2026-06-30,54200.00,PE,NIFTYNXT5026JUN54200PE,0.00,0.00,0.00,404.90,0.00,404.90,69883.95,6.90,0,0,0,0.00,0,F1,25,,,,,
2026-04-24,2026-04-24,FO,NSE,IDO,80975,,NIFTYNXT50,,2026-06-30,2026-06-30,54500.00,PE,NIFTYNXT5026JUN54500PE,0.00,0.00,0.00,448.05,0.00,448.05,69883.95,8.30,0,0,0,0.00,0,F1,25,,,,,
2026-04-24,2026-04-24,FO,NSE,IDO,81209,,NIFTYNXT50,,2026-06-30,2026-06-30,56200.00,PE,NIFTYNXT5026JUN56200PE,0.00,0.00,0.00,761.95,0.00,761.95,69883.95,21.75,0,0,0,0.00,0,F1,25,,,,,
2026-04-24,2026-04-24,FO,NSE,IDO,81213,,NIFTYNXT50,,2026-06-30,2026-06-30,56400.00,PE,NIFTYNXT5026JUN56400PE,0.00,0.00,0.00,807.35,0.00,807.35,69883.95,24.20,0,0,0,0.00,0,F1,25,,,,,
2026-04-24,2026-04-24,FO,NSE,IDO,81232,,NIFTYNXT50,,2026-06-30,2026-06-30,57200.00,PE,NIFTYNXT5026JUN57200PE,0.00,0.00,0.00,1010.45,0.00,1010.45,69883.95,36.60,0,0,0,0.00,0,F1,25,,,,,
2026-04-24,2026-04-24,FO,NSE,IDO,81364,,NIFTYNXT50,,2026-06-30,2026-06-30,60500.00,PE,NIFTYNXT5026JUN60500PE,0.00,0.00,0.00,2206.20,0.00,2206.20,69883.95,160.20,0,0,0,0.00,0,F1,25,,,,,
2026-04-24,2026-04-24,FO,NSE,IDO,81394,,NIFTYNXT50,,2026-06-30,2026-06-30,61500.00,PE,NIFTYNXT5026JUN61500PE,0.00,0.00,0.00,2692.65,0.00,2692.65,69883.95,235.05,0,0,0,0.00,0,F1,25,,,,,
2026-04-24,2026-04-24,FO,NSE,IDO,81546,,NIFTYNXT50,,2026-06-30,2026-06-30,63100.00,PE,NIFTYNXT5026JUN63100PE,0.00,0.00,0.00,3589.70,0.00,3589.70,69883.95,410.75,0,0,0,0.00,0,F1,25,,,,,
2026-04-24,2026-04-24,FO,NSE,IDO,81793,,NIFTYNXT50,,2026-06-30,2026-06-30,68200.00,PE,NIFTYNXT5026JUN68200PE,0.00,0.00,0.00,7286.50,0.00,7286.50,69883.95,1658.70,0,0,0,0.00,0,F1,25,,,,,
2026-04-24,2026-04-24,FO,NSE,IDO,81802,,NIFTYNXT50,,2026-06-30,2026-06-30,68600.00,PE,NIFTYNXT5026JUN68600PE,0.00,0.00,0.00,7619.10,0.00,7619.10,69883.95,1812.45,0,0,0,0.00,0,F1,25,,,,,
2026-04-24,2026-04-24,FO,NSE,IDO,81995,,NIFTYNXT50,,2026-06-30,2026-06-30,71400.00,PE,NIFTYNXT5026JUN71400PE,0.00,0.00,0.00,10064.45,0.00,10064.45,69883.95,3141.65,0,0,0,0.00,0,F1,25,,,,,
2026-04-24,2026-04-24,FO,NSE,IDO,35269,,NIFTYNXT50,,2026-06-30,2026-06-30,72600.00,PE,NIFTYNXT5026JUN72600PE,0.00,0.00,0.00,9760.20,0.00,9760.20,69883.95,3844.95,0,0,0,0.00,0,F1,25,,,,,
2026-04-24,2026-04-24,FO,NSE,IDO,35291,,NIFTYNXT50,,2026-06-30,2026-06-30,73400.00,PE,NIFTYNXT5026JUN73400PE,0.00,0.00,0.00,10479.40,0.00,10479.40,69883.95,4355.75,0,0,0,0.00,0,F1,25,,,,,
2026-04-24,2026-04-24,FO,NSE,IDO,38773,,NIFTYNXT50,,2026-06-30,2026-06-30,74200.00,PE,NIFTYNXT5026JUN74200PE,0.00,0.00,0.00,10505.95,0.00,10505.95,69883.95,4898.20,0,0,0,0.00,0,F1,25,,,,,
2026-04-24,2026-04-24,FO,NSE,IDO,41001,,NIFTYNXT50,,2026-06-30,2026-06-30,76200.00,PE,NIFTYNXT5026JUN76200PE,0.00,0.00,0.00,9447.80,0.00,9447.80,69883.95,6380.80,0,0,0,0.00,0,F1,25,,,,,
2026-04-24,2026-04-24,FO,NSE,IDO,41007,,NIFTYNXT50,,2026-06-30,2026-06-30,76600.00,PE,NIFTYNXT5026JUN76600PE,0.00,0.00,0.00,9799.00,0.00,9799.00,69883.95,6696.35,0,0,0,0.00,0,F1,25,,,,,
2026-04-24,2026-04-24,FO,NSE,IDO,82092,,NIFTYNXT50,,2026-06-30,2026-06-30,77500.00,PE,NIFTYNXT5026JUN77500PE,0.00,0.00,0.00,15811.60,0.00,15811.60,69883.95,7426.80,0,0,0,0.00,0,F1,25,,,,,
2026-04-24,2026-04-24,FO,NSE,IDO,82048,,NIFTYNXT50,,2026-06-30,2026-06-30,76000.00,CE,NIFTYNXT5026JUN76000CE,0.00,0.00,0.00,78.95,0.00,78.95,69883.95,973.40,0,0,0,0.00,0,F1,25,,,,,
2026-04-24,2026-04-24,FO,NSE,IDO,81808,,NIFTYNXT50,,2026-06-30,2026-06-30,68800.00,CE,NIFTYNXT5026JUN68800CE,0.00,0.00,0.00,569.40,0.00,569.40,69883.95,3758.95,0,0,0,0.00,0,F1,25,,,,,
2026-04-24,2026-04-24,FO,NSE,IDO,81787,,NIFTYNXT50,,2026-06-30,2026-06-30,68000.00,CE,NIFTYNXT5026JUN68000CE,0.00,0.00,0.00,690.00,0.00,690.00,69883.95,4242.30,0,0,0,0.00,0,F1,25,,,,,
2026-04-24,2026-04-24,FO,NSE,IDO,81785,,NIFTYNXT50,,2026-06-30,2026-06-30,67900.00,CE,NIFTYNXT5026JUN67900CE,0.00,0.00,0.00,706.50,0.00,706.50,69883.95,4305.25,0,0,0,0.00,0,F1,25,,,,,
2026-04-24,2026-04-24,FO,NSE,IDO,74642,,NIFTYNXT50,,2026-05-26,2026-05-26,79500.00,CE,NIFTYNXT5026MAY79500CE,0.00,0.00,0.00,464.00,0.00,464.00,69883.95,72.50,0,0,0,0.00,0,F1,25,,,,,
2026-04-24,2026-04-24,FO,NSE,IDO,74418,,NIFTYNXT50,,2026-05-26,2026-05-26,74400.00,CE,NIFTYNXT5026MAY74400CE,0.00,0.00,0.00,1456.60,0.00,1456.60,69883.95,557.50,0,0,0,0.00,0,F1,25,,,,,
2026-04-24,2026-04-24,FO,NSE,IDO,73910,,NIFTYNXT50,,2026-05-26,2026-05-26,71700.00,CE,NIFTYNXT5026MAY71700CE,0.00,0.00,0.00,2430.30,0.00,2430.30,69883.95,1298.75,0,0,0,0.00,0,F1,25,,,,,
2026-04-24,2026-04-24,FO,NSE,IDO,73906,,NIFTYNXT50,,2026-05-26,2026-05-26,71500.00,CE,NIFTYNXT5026MAY71500CE,0.00,0.00,0.00,2517.55,0.00,2517.55,69883.95,1374.10,0,0,0,0.00,0,F1,25,,,,,
2026-04-24,2026-04-24,FO,NSE,IDO,73898,,NIFTYNXT50,,2026-05-26,2026-05-26,71100.00,CE,NIFTYNXT5026MAY71100CE,0.00,0.00,0.00,2698.65,0.00,2698.65,69883.95,1534.15,0,0,0,0.00,0,F1,25,,,,,
2026-04-24,2026-04-24,FO,NSE,IDO,73882,,NIFTYNXT50,,2026-05-26,2026-05-26,70300.00,CE,NIFTYNXT5026MAY70300CE,0.00,0.00,0.00,3087.75,0.00,3087.75,69883.95,1892.80,0,0,0,0.00,0,F1,25,,,,,
2026-04-24,2026-04-24,FO,NSE,IDO,73874,,NIFTYNXT50,,2026-05-26,2026-05-26,69900.00,CE,NIFTYNXT5026MAY69900CE,0.00,0.00,0.00,3295.55,0.00,3295.55,69883.95,2092.05,0,0,0,0.00,0,F1,25,,,,,
2026-04-24,2026-04-24,FO,NSE,IDO,73851,,NIFTYNXT50,,2026-05-26,2026-05-26,69000.00,CE,NIFTYNXT5026MAY69000CE,0.00,0.00,0.00,3795.90,0.00,3795.90,69883.95,2588.15,0,0,0,0.00,0,F1,25,,,,,
2026-04-24,2026-04-24,FO,NSE,IDO,73784,,NIFTYNXT50,,2026-05-26,2026-05-26,68500.00,CE,NIFTYNXT5026MAY68500CE,0.00,0.00,0.00,4093.35,0.00,4093.35,69883.95,2892.40,0,0,0,0.00,0,F1,25,,,,,
2026-04-24,2026-04-24,FO,NSE,IDO,73697,,NIFTYNXT50,,2026-05-26,2026-05-26,68000.00,CE,NIFTYNXT5026MAY68000CE,0.00,0.00,0.00,4404.55,0.00,4404.55,69883.95,3216.65,0,0,0,0.00,0,F1,25,,,,,
2026-04-24,2026-04-24,FO,NSE,IDO,73647,,NIFTYNXT50,,2026-05-26,2026-05-26,67200.00,CE,NIFTYNXT5026MAY67200CE,0.00,0.00,0.00,4930.45,0.00,4930.45,69883.95,3778.25,0,0,0,0.00,0,F1,25,,,,,
2026-04-24,2026-04-24,FO,NSE,IDO,73588,,NIFTYNXT50,,2026-05-26,2026-05-26,65800.00,CE,NIFTYNXT5026MAY65800CE,0.00,0.00,0.00,5930.80,0.00,5930.80,69883.95,4860.25,0,0,0,0.00,0,F1,25,,,,,
2026-04-24,2026-04-24,FO,NSE,IDO,73573,,NIFTYNXT50,,2026-05-26,2026-05-26,65200.00,CE,NIFTYNXT5026MAY65200CE,0.00,0.00,0.00,6387.65,0.00,6387.65,69883.95,5360.90,0,0,0,0.00,0,F1,25,,,,,
2026-04-24,2026-04-24,FO,NSE,IDO,73525,,NIFTYNXT50,,2026-05-26,2026-05-26,63700.00,CE,NIFTYNXT5026MAY63700CE,0.00,0.00,0.00,7596.40,0.00,7596.40,69883.95,6687.00,0,0,0,0.00,0,F1,25,,,,,
2026-04-24,2026-04-24,FO,NSE,IDO,73442,,NIFTYNXT50,,2026-05-26,2026-05-26,62500.00,CE,NIFTYNXT5026MAY62500CE,0.00,0.00,0.00,8622.85,0.00,8622.85,69883.95,7805.30,0,0,0,0.00,0,F1,25,,,,,
2026-04-24,2026-04-24,FO,NSE,IDO,73391,,NIFTYNXT50,,2026-05-26,2026-05-26,60900.00,CE,NIFTYNXT5026MAY60900CE,0.00,0.00,0.00,10056.60,0.00,10056.60,69883.95,9345.55,0,0,0,0.00,0,F1,25,,,,,
2026-04-24,2026-04-24,FO,NSE,IDO,73375,,NIFTYNXT50,,2026-05-26,2026-05-26,60200.00,CE,NIFTYNXT5026MAY60200CE,0.00,0.00,0.00,10702.45,0.00,10702.45,69883.95,10030.30,0,0,0,0.00,0,F1,25,,,,,
2026-04-24,2026-04-24,FO,NSE,IDO,73346,,NIFTYNXT50,,2026-05-26,2026-05-26,59600.00,CE,NIFTYNXT5026MAY59600CE,0.00,0.00,0.00,11263.25,0.00,11263.25,69883.95,10620.50,0,0,0,0.00,0,F1,25,,,,,
2026-04-24,2026-04-24,FO,NSE,IDO,73332,,NIFTYNXT50,,2026-05-26,2026-05-26,59400.00,CE,NIFTYNXT5026MAY59400CE,0.00,0.00,0.00,11451.45,0.00,11451.45,69883.95,10817.75,0,0,0,0.00,0,F1,25,,,,,
2026-04-24,2026-04-24,FO,NSE,IDO,74544,,NIFTYNXT50,,2026-05-26,2026-05-26,76600.00,CE,NIFTYNXT5026MAY76600CE,0.00,0.00,0.00,915.25,0.00,915.25,69883.95,248.25,0,0,0,0.00,0,F1,25,,,,,
2026-04-24,2026-04-24,FO,NSE,IDO,82118,,NIFTYNXT50,,2026-06-30,2026-06-30,79000.00,PE,NIFTYNXT5026JUN79000PE,0.00,0.00,0.00,17265.80,0.00,17265.80,69883.95,8699.75,0,0,0,0.00,0,F1,25,,,,,
2026-04-24,2026-04-24,FO,NSE,IDO,40985,,NIFTYNXT50,,2026-06-30,2026-06-30,75400.00,PE,NIFTYNXT5026JUN75400PE,0.00,0.00,0.00,8756.50,0.00,8756.50,69883.95,5770.30,0,0,0,0.00,0,F1,25,,,,,
2026-04-24,2026-04-24,FO,NSE,IDO,38781,,NIFTYNXT50,,2026-06-30,2026-06-30,74600.00,PE,NIFTYNXT5026JUN74600PE,0.00,0.00,0.00,10872.30,0.00,10872.30,69883.95,5180.65,0,0,0,0.00,0,F1,25,,,,,
2026-04-24,2026-04-24,FO,NSE,IDO,82038,,NIFTYNXT50,,2026-06-30,2026-06-30,74000.00,PE,NIFTYNXT5026JUN74000PE,0.00,0.00,0.00,12467.25,0.00,12467.25,69883.95,4759.70,0,0,0,0.00,0,F1,25,,,,,
2026-04-24,2026-04-24,FO,NSE,IDO,35277,,NIFTYNXT50,,2026-06-30,2026-06-30,72900.00,PE,NIFTYNXT5026JUN72900PE,0.00,0.00,0.00,10028.50,0.00,10028.50,69883.95,4032.70,0,0,0,0.00,0,F1,25,,,,,
2026-04-24,2026-04-24,FO,NSE,IDO,82022,,NIFTYNXT50,,2026-06-30,2026-06-30,72300.00,PE,NIFTYNXT5026JUN72300PE,0.00,0.00,0.00,10885.05,0.00,10885.05,69883.95,3661.90,0,0,0,0.00,0,F1,25,,,,,
2026-04-24,2026-04-24,FO,NSE,IDO,81817,,NIFTYNXT50,,2026-06-30,2026-06-30,69200.00,PE,NIFTYNXT5026JUN69200PE,0.00,0.00,0.00,8126.75,0.00,8126.75,69883.95,2059.95,0,0,0,0.00,0,F1,25,,,,,
2026-04-24,2026-04-24,FO,NSE,IDO,81795,,NIFTYNXT50,,2026-06-30,2026-06-30,68300.00,PE,NIFTYNXT5026JUN68300PE,0.00,0.00,0.00,7369.20,0.00,7369.20,69883.95,1696.30,0,0,0,0.00,0,F1,25,,,,,
2026-04-24,2026-04-24,FO,NSE,IDO,81780,,NIFTYNXT50,,2026-06-30,2026-06-30,67600.00,PE,NIFTYNXT5026JUN67600PE,0.00,0.00,0.00,6797.20,0.00,6797.20,69883.95,1444.70,0,0,0,0.00,0,F1,25,,,,,
2026-04-24,2026-04-24,FO,NSE,IDO,81776,,NIFTYNXT50,,2026-06-30,2026-06-30,67400.00,PE,NIFTYNXT5026JUN67400PE,0.00,0.00,0.00,6636.80,0.00,6636.80,69883.95,1377.70,0,0,0,0.00,0,F1,25,,,,,
2026-04-24,2026-04-24,FO,NSE,IDO,81736,,NIFTYNXT50,,2026-06-30,2026-06-30,66600.00,PE,NIFTYNXT5026JUN66600PE,0.00,0.00,0.00,6009.60,0.00,6009.60,69883.95,1131.15,0,0,0,0.00,0,F1,25,,,,,
2026-04-24,2026-04-24,FO,NSE,IDO,81673,,NIFTYNXT50,,2026-06-30,2026-06-30,65700.00,PE,NIFTYNXT5026JUN65700PE,0.00,0.00,0.00,5332.85,0.00,5332.85,69883.95,894.15,0,0,0,0.00,0,F1,25,,,,,
2026-04-24,2026-04-24,FO,NSE,IDO,81669,,NIFTYNXT50,,2026-06-30,2026-06-30,65500.00,PE,NIFTYNXT5026JUN65500PE,0.00,0.00,0.00,5187.40,0.00,5187.40,69883.95,846.60,0,0,0,0.00,0,F1,25,,,,,
2026-04-24,2026-04-24,FO,NSE,IDO,81633,,NIFTYNXT50,,2026-06-30,2026-06-30,64700.00,PE,NIFTYNXT5026JUN64700PE,0.00,0.00,0.00,4623.65,0.00,4623.65,69883.95,674.75,0,0,0,0.00,0,F1,25,,,,,
2026-04-24,2026-04-24,FO,NSE,IDO,81623,,NIFTYNXT50,,2026-06-30,2026-06-30,64200.00,PE,NIFTYNXT5026JUN64200PE,0.00,0.00,0.00,4286.65,0.00,4286.65,69883.95,581.45,0,0,0,0.00,0,F1,25,,,,,
2026-04-24,2026-04-24,FO,NSE,IDO,81542,,NIFTYNXT50,,2026-06-30,2026-06-30,62900.00,PE,NIFTYNXT5026JUN62900PE,0.00,0.00,0.00,3469.85,0.00,3469.85,69883.95,384.45,0,0,0,0.00,0,F1,25,,,,,
2026-04-24,2026-04-24,FO,NSE,IDO,81424,,NIFTYNXT50,,2026-06-30,2026-06-30,61900.00,PE,NIFTYNXT5026JUN61900PE,0.00,0.00,0.00,2903.45,0.00,2903.45,69883.95,271.90,0,0,0,0.00,0,F1,25,,,,,
2026-04-24,2026-04-24,FO,NSE,IDO,81378,,NIFTYNXT50,,2026-06-30,2026-06-30,61200.00,PE,NIFTYNXT5026JUN61200PE,0.00,0.00,0.00,2540.60,0.00,2540.60,69883.95,210.10,0,0,0,0.00,0,F1,25,,,,,
2026-04-24,2026-04-24,FO,NSE,IDO,81376,,NIFTYNXT50,,2026-06-30,2026-06-30,61100.00,PE,NIFTYNXT5026JUN61100PE,0.00,0.00,0.00,2491.05,0.00,2491.05,69883.95,202.30,0,0,0,0.00,0,F1,25,,,,,
2026-04-24,2026-04-24,FO,NSE,IDO,81374,,NIFTYNXT50,,2026-06-30,2026-06-30,61000.00,PE,NIFTYNXT5026JUN61000PE,0.00,0.00,0.00,2442.30,0.00,2442.30,69883.95,194.70,0,0,0,0.00,0,F1,25,,,,,
2026-04-24,2026-04-24,FO,NSE,IDO,81356,,NIFTYNXT50,,2026-06-30,2026-06-30,60100.00,PE,NIFTYNXT5026JUN60100PE,0.00,0.00,0.00,2027.75,0.00,2027.75,69883.95,136.35,0,0,0,0.00,0,F1,25,,,,,
2026-04-24,2026-04-24,FO,NSE,IDO,81207,,NIFTYNXT50,,2026-06-30,2026-06-30,56100.00,PE,NIFTYNXT5026JUN56100PE,0.00,0.00,0.00,739.95,0.00,739.95,69883.95,20.65,0,0,0,0.00,0,F1,25,,,,,
2026-04-24,2026-04-24,FO,NSE,IDO,81025,,NIFTYNXT50,,2026-06-30,2026-06-30,55900.00,PE,NIFTYNXT5026JUN55900PE,0.00,0.00,0.00,697.35,0.00,697.35,69883.95,18.50,0,0,0,0.00,0,F1,25,,,,,
2026-04-24,2026-04-24,FO,NSE,IDO,81023,,NIFTYNXT50,,2026-06-30,2026-06-30,55800.00,PE,NIFTYNXT5026JUN55800PE,0.00,0.00,0.00,676.70,0.00,676.70,69883.95,17.50,0,0,0,0.00,0,F1,25,,,,,
2026-04-24,2026-04-24,FO,NSE,IDO,80982,,NIFTYNXT50,,2026-06-30,2026-06-30,54700.00,PE,NIFTYNXT5026JUN54700PE,0.00,0.00,0.00,478.70,0.00,478.70,69883.95,9.35,0,0,0,0.00,0,F1,25,,,,,
2026-04-24,2026-04-24,FO,NSE,IDO,80861,,NIFTYNXT50,,2026-06-30,2026-06-30,52000.00,PE,NIFTYNXT5026JUN52000PE,0.00,0.00,0.00,178.30,0.00,178.30,69883.95,1.60,0,0,0,0.00,0,F1,25,,,,,
2026-04-24,2026-04-24,FO,NSE,IDO,74565,,NIFTYNXT50,,2026-05-26,2026-05-26,77500.00,PE,NIFTYNXT5026MAY77500PE,0.00,0.00,0.00,7192.55,0.00,7192.55,69883.95,7366.70,0,0,0,0.00,0,F1,25,,,,,
2026-04-24,2026-04-24,FO,NSE,IDO,74443,,NIFTYNXT50,,2026-05-26,2026-05-26,74800.00,PE,NIFTYNXT5026MAY74800PE,0.00,0.00,0.00,5132.40,0.00,5132.40,69883.95,4993.75,0,0,0,0.00,0,F1,25,,,,,
2026-04-24,2026-04-24,FO,NSE,IDO,74420,,NIFTYNXT50,,2026-05-26,2026-05-26,74400.00,PE,NIFTYNXT5026MAY74400PE,0.00,0.00,0.00,4853.00,0.00,4853.00,69883.95,4668.25,0,0,0,0.00,0,F1,25,,,,,
2026-04-24,2026-04-24,FO,NSE,IDO,74055,,NIFTYNXT50,,2026-05-26,2026-05-26,72600.00,PE,NIFTYNXT5026MAY72600PE,0.00,0.00,0.00,3690.30,0.00,3690.30,69883.95,3317.45,0,0,0,0.00,0,F1,25,,,,,
2026-04-24,2026-04-24,FO,NSE,IDO,74002,,NIFTYNXT50,,2026-05-26,2026-05-26,72100.00,PE,NIFTYNXT5026MAY72100PE,0.00,0.00,0.00,3396.55,0.00,3396.55,69883.95,2980.55,0,0,0,0.00,0,F1,25,,,,,
2026-04-24,2026-04-24,FO,NSE,IDO,73905,,NIFTYNXT50,,2026-05-26,2026-05-26,71400.00,PE,NIFTYNXT5026MAY71400PE,0.00,0.00,0.00,3007.80,0.00,3007.80,69883.95,2540.05,0,0,0,0.00,0,F1,25,,,,,
2026-04-24,2026-04-24,FO,NSE,IDO,73895,,NIFTYNXT50,,2026-05-26,2026-05-26,70900.00,PE,NIFTYNXT5026MAY70900PE,0.00,0.00,0.00,2746.55,0.00,2746.55,69883.95,2248.80,0,0,0,0.00,0,F1,25,,,,,
2026-04-24,2026-04-24,FO,NSE,IDO,73854,,NIFTYNXT50,,2026-05-26,2026-05-26,69100.00,PE,NIFTYNXT5026MAY69100PE,0.00,0.00,0.00,1921.75,0.00,1921.75,69883.95,1369.35,0,0,0,0.00,0,F1,25,,,,,
2026-04-24,2026-04-24,FO,NSE,IDO,73783,,NIFTYNXT50,,2026-05-26,2026-05-26,68400.00,PE,NIFTYNXT5026MAY68400PE,0.00,0.00,0.00,1649.70,0.00,1649.70,69883.95,1099.15,0,0,0,0.00,0,F1,25,,,,,
2026-04-24,2026-04-24,FO,NSE,IDO,73763,,NIFTYNXT50,,2026-05-26,2026-05-26,68200.00,PE,NIFTYNXT5026MAY68200PE,0.00,0.00,0.00,1576.95,0.00,1576.95,69883.95,1029.15,0,0,0,0.00,0,F1,25,,,,,
2026-04-24,2026-04-24,FO,NSE,IDO,73650,,NIFTYNXT50,,2026-05-26,2026-05-26,67200.00,PE,NIFTYNXT5026MAY67200PE,0.00,0.00,0.00,1245.40,0.00,1245.40,69883.95,728.30,0,0,0,0.00,0,F1,25,,,,,
2026-04-24,2026-04-24,FO,NSE,IDO,73634,,NIFTYNXT50,,2026-05-26,2026-05-26,66900.00,PE,NIFTYNXT5026MAY66900PE,0.00,0.00,0.00,1156.15,0.00,1156.15,69883.95,649.10,0,0,0,0.00,0,F1,25,,,,,
2026-04-24,2026-04-24,FO,NSE,IDO,73574,,NIFTYNXT50,,2026-05-26,2026-05-26,65200.00,PE,NIFTYNXT5026MAY65200PE,0.00,0.00,0.00,735.50,0.00,735.50,69883.95,321.80,0,0,0,0.00,0,F1,25,,,,,
2026-04-24,2026-04-24,FO,NSE,IDO,73328,,NIFTYNXT50,,2026-05-26,2026-05-26,59300.00,PE,NIFTYNXT5026MAY59300PE,0.00,0.00,0.00,90.85,0.00,90.85,69883.95,9.50,0,0,0,0.00,0,F1,25,,,,,
2026-04-24,2026-04-24,FO,NSE,IDO,73199,,NIFTYNXT50,,2026-05-26,2026-05-26,58000.00,PE,NIFTYNXT5026MAY58000PE,0.00,0.00,0.00,50.30,0.00,50.30,69883.95,3.30,0,0,0,0.00,0,F1,25,,,,,
2026-04-24,2026-04-24,FO,NSE,IDO,73186,,NIFTYNXT50,,2026-05-26,2026-05-26,57800.00,PE,NIFTYNXT5026MAY57800PE,0.00,0.00,0.00,45.70,0.00,45.70,69883.95,2.80,0,0,0,0.00,0,F1,25,,,,,
2026-04-24,2026-04-24,FO,NSE,IDO,73176,,NIFTYNXT50,,2026-05-26,2026-05-26,57000.00,PE,NIFTYNXT5026MAY57000PE,0.00,0.00,0.00,30.70,0.00,30.70,69883.95,1.40,0,0,0,0.00,0,F1,25,,,,,
2026-04-24,2026-04-24,FO,NSE,IDO,43945,,NIFTYNXT50,,2026-05-26,2026-05-26,56400.00,PE,NIFTYNXT5026MAY56400PE,0.00,0.00,0.00,63.50,0.00,63.50,69883.95,0.80,0,0,0,0.00,0,F1,25,,,,,
2026-04-24,2026-04-24,FO,NSE,IDO,73132,,NIFTYNXT50,,2026-05-26,2026-05-26,56000.00,PE,NIFTYNXT5026MAY56000PE,0.00,0.00,0.00,18.15,0.00,18.15,69883.95,0.55,0,0,0,0.00,0,F1,25,,,,,
2026-04-24,2026-04-24,FO,NSE,IDO,73130,,NIFTYNXT50,,2026-05-26,2026-05-26,55500.00,PE,NIFTYNXT5026MAY55500PE,0.00,0.00,0.00,13.75,0.00,13.75,69883.95,0.35,0,0,0,0.00,0,F1,25,,,,,
2026-04-24,2026-04-24,FO,NSE,IDO,73128,,NIFTYNXT50,,2026-05-26,2026-05-26,55000.00,PE,NIFTYNXT5026MAY55000PE,0.00,0.00,0.00,10.30,0.00,10.30,69883.95,0.20,0,0,0,0.00,0,F1,25,,,,,
2026-04-24,2026-04-24,FO,NSE,IDO,73122,,NIFTYNXT50,,2026-05-26,2026-05-26,53500.00,PE,NIFTYNXT5026MAY53500PE,0.00,0.00,0.00,4.10,0.00,4.10,69883.95,0.05,0,0,0,0.00,0,F1,25,,,,,
2026-04-24,2026-04-24,FO,NSE,IDO,73099,,NIFTYNXT50,,2026-05-26,2026-05-26,50500.00,PE,NIFTYNXT5026MAY50500PE,0.00,0.00,0.00,0.50,0.00,0.50,69883.95,0.00,0,0,0,0.00,0,F1,25,,,,,
2026-04-24,2026-04-24,FO,NSE,IDO,74606,,NIFTYNXT50,,2026-04-28,2026-04-28,81500.00,PE,NIFTYNXT5026APR81500PE,0.00,0.00,0.00,13639.00,0.00,13639.00,69883.95,11564.30,0,0,0,0.00,0,F1,25,,,,,
2026-04-24,2026-04-24,FO,NSE,IDO,74533,,NIFTYNXT50,,2026-04-28,2026-04-28,78500.00,PE,NIFTYNXT5026APR78500PE,0.00,0.00,0.00,10808.65,0.00,10808.65,69883.95,8566.20,0,0,0,0.00,0,F1,25,,,,,
2026-04-24,2026-04-24,FO,NSE,IDO,74482,,NIFTYNXT50,,2026-04-28,2026-04-28,77100.00,PE,NIFTYNXT5026APR77100PE,0.00,0.00,0.00,9530.50,0.00,9530.50,69883.95,7167.10,0,0,0,0.00,0,F1,25,,,,,
2026-04-24,2026-04-24,FO,NSE,IDO,74423,,NIFTYNXT50,,2026-04-28,2026-04-28,76500.00,PE,NIFTYNXT5026APR76500PE,0.00,0.00,0.00,8994.35,0.00,8994.35,69883.95,6567.50,0,0,0,0.00,0,F1,25,,,,,
2026-04-24,2026-04-24,FO,NSE,IDO,74365,,NIFTYNXT50,,2026-04-28,2026-04-28,75900.00,PE,NIFTYNXT5026APR75900PE,0.00,0.00,0.00,8466.40,0.00,8466.40,69883.95,5968.00,0,0,0,0.00,0,F1,25,,,,,
2026-04-24,2026-04-24,FO,NSE,IDO,74351,,NIFTYNXT50,,2026-04-28,2026-04-28,75200.00,PE,NIFTYNXT5026APR75200PE,0.00,0.00,0.00,7862.05,0.00,7862.05,69883.95,5268.95,0,0,0,0.00,0,F1,25,,,,,
2026-04-24,2026-04-24,FO,NSE,IDO,74347,,NIFTYNXT50,,2026-04-28,2026-04-28,75000.00,PE,NIFTYNXT5026APR75000PE,0.00,0.00,0.00,7691.90,0.00,7691.90,69883.95,5069.40,0,0,0,0.00,0,F1,25,,,,,
2026-04-24,2026-04-24,FO,NSE,IDO,74313,,NIFTYNXT50,,2026-04-28,2026-04-28,73300.00,PE,NIFTYNXT5026APR73300PE,0.00,0.00,0.00,6296.90,0.00,6296.90,69883.95,3386.60,0,0,0,0.00,0,F1,25,,,,,
2026-04-24,2026-04-24,FO,NSE,IDO,74305,,NIFTYNXT50,,2026-04-28,2026-04-28,72900.00,PE,NIFTYNXT5026APR72900PE,0.00,0.00,0.00,5983.65,0.00,5983.65,69883.95,3000.05,0,0,0,0.00,0,F1,25,,,,,
2026-04-24,2026-04-24,FO,NSE,IDO,74277,,NIFTYNXT50,,2026-04-28,2026-04-28,71700.00,PE,NIFTYNXT5026APR71700PE,0.00,0.00,0.00,5082.25,0.00,5082.25,69883.95,1904.75,0,0,0,0.00,0,F1,25,,,,,
2026-04-24,2026-04-24,FO,NSE,IDO,73815,,NIFTYNXT50,,2026-04-28,2026-04-28,60100.00,PE,NIFTYNXT5026APR60100PE,0.00,0.00,0.00,336.10,0.00,336.10,69883.95,0.00,0,0,0,0.00,0,F1,25,,,,,
2026-04-24,2026-04-24,FO,NSE,IDO,73795,,NIFTYNXT50,,2026-04-28,2026-04-28,59200.00,PE,NIFTYNXT5026APR59200PE,0.00,0.00,0.00,241.00,0.00,241.00,69883.95,0.00,0,0,0,0.00,0,F1,25,,,,,
2026-04-24,2026-04-24,FO,NSE,IDO,73767,,NIFTYNXT50,,2026-04-28,2026-04-28,58100.00,PE,NIFTYNXT5026APR58100PE,0.00,0.00,0.00,155.45,0.00,155.45,69883.95,0.00,0,0,0,0.00,0,F1,25,,,,,
2026-04-24,2026-04-24,FO,NSE,IDO,73739,,NIFTYNXT50,,2026-04-28,2026-04-28,57300.00,PE,NIFTYNXT5026APR57300PE,0.00,0.00,0.00,110.35,0.00,110.35,69883.95,0.00,0,0,0,0.00,0,F1,25,,,,,
2026-04-24,2026-04-24,FO,NSE,IDO,73706,,NIFTYNXT50,,2026-04-28,2026-04-28,56500.00,PE,NIFTYNXT5026APR56500PE,0.00,0.00,0.00,76.70,0.00,76.70,69883.95,0.00,0,0,0,0.00,0,F1,25,,,,,
2026-04-24,2026-04-24,FO,NSE,IDO,73704,,NIFTYNXT50,,2026-04-28,2026-04-28,56400.00,PE,NIFTYNXT5026APR56400PE,0.00,0.00,0.00,73.20,0.00,73.20,69883.95,0.00,0,0,0,0.00,0,F1,25,,,,,
2026-04-24,2026-04-24,FO,NSE,IDO,73677,,NIFTYNXT50,,2026-04-28,2026-04-28,55800.00,PE,NIFTYNXT5026APR55800PE,0.00,0.00,0.00,54.80,0.00,54.80,69883.95,0.00,0,0,0,0.00,0,F1,25,,,,,
2026-04-24,2026-04-24,FO,NSE,IDO,49887,,NIFTYNXT50,,2026-04-28,2026-04-28,54300.00,PE,NIFTYNXT5026APR54300PE,0.00,0.00,0.00,4.45,0.00,4.45,69883.95,0.00,0,0,0,0.00,0,F1,25,,,,,
2026-04-24,2026-04-24,FO,NSE,IDO,82125,,NIFTYNXT50,,2026-06-30,2026-06-30,81000.00,CE,NIFTYNXT5026JUN81000CE,0.00,0.00,0.00,15.85,0.00,15.85,69883.95,288.50,0,0,0,0.00,0,F1,25,,,,,
2026-04-24,2026-04-24,FO,NSE,IDO,82117,,NIFTYNXT50,,2026-06-30,2026-06-30,79000.00,CE,NIFTYNXT5026JUN79000CE,0.00,0.00,0.00,30.75,0.00,30.75,69883.95,482.00,0,0,0,0.00,0,F1,25,,,,,
2026-04-24,2026-04-24,FO,NSE,IDO,82100,,NIFTYNXT50,,2026-06-30,2026-06-30,78500.00,CE,NIFTYNXT5026JUN78500CE,0.00,0.00,0.00,36.15,0.00,36.15,69883.95,544.95,0,0,0,0.00,0,F1,25,,,,,
2026-04-24,2026-04-24,FO,NSE,IDO,82086,,NIFTYNXT50,,2026-06-30,2026-06-30,76500.00,CE,NIFTYNXT5026JUN76500CE,0.00,0.00,0.00,67.75,0.00,67.75,69883.95,870.70,0,0,0,0.00,0,F1,25,,,,,
2026-04-24,2026-04-24,FO,NSE,IDO,40998,,NIFTYNXT50,,2026-06-30,2026-06-30,76100.00,CE,NIFTYNXT5026JUN76100CE,0.00,0.00,0.00,493.45,0.00,493.45,69883.95,952.10,0,0,0,0.00,0,F1,25,,,,,
2026-04-24,2026-04-24,FO,NSE,IDO,35294,,NIFTYNXT50,,2026-06-30,2026-06-30,73600.00,CE,NIFTYNXT5026JUN73600CE,0.00,0.00,0.00,277.80,0.00,277.80,69883.95,1609.30,0,0,0,0.00,0,F1,25,,,,,
2026-04-24,2026-04-24,FO,NSE,IDO,35288,,NIFTYNXT50,,2026-06-30,2026-06-30,73300.00,CE,NIFTYNXT5026JUN73300CE,0.00,0.00,0.00,300.35,0.00,300.35,69883.95,1707.55,0,0,0,0.00,0,F1,25,,,,,
2026-04-24,2026-04-24,FO,NSE,IDO,82012,,NIFTYNXT50,,2026-06-30,2026-06-30,72200.00,CE,NIFTYNXT5026JUN72200CE,0.00,0.00,0.00,236.30,0.00,236.30,69883.95,2106.85,0,0,0,0.00,0,F1,25,,,,,
2026-04-24,2026-04-24,FO,NSE,IDO,81992,,NIFTYNXT50,,2026-06-30,2026-06-30,71300.00,CE,NIFTYNXT5026JUN71300CE,0.00,0.00,0.00,301.15,0.00,301.15,69883.95,2481.30,0,0,0,0.00,0,F1,25,,,,,
2026-04-24,2026-04-24,FO,NSE,IDO,81990,,NIFTYNXT50,,2026-06-30,2026-06-30,71200.00,CE,NIFTYNXT5026JUN71200CE,0.00,0.00,0.00,309.25,0.00,309.25,69883.95,2525.60,0,0,0,0.00,0,F1,25,,,,,
2026-04-24,2026-04-24,FO,NSE,IDO,73485,,NIFTYNXT50,,2026-04-28,2026-04-28,52000.00,CE,NIFTYNXT5026APR52000CE,0.00,0.00,0.00,15499.25,0.00,15499.25,69883.95,17917.00,0,0,0,0.00,0,F1,25,,,,,
2026-04-24,2026-04-24,FO,NSE,IDO,73686,,NIFTYNXT50,,2026-04-28,2026-04-28,56000.00,CE,NIFTYNXT5026APR56000CE,0.00,0.00,0.00,11614.55,0.00,11614.55,69883.95,13919.55,0,0,0,0.00,0,F1,25,,,,,
2026-04-24,2026-04-24,FO,NSE,IDO,73724,,NIFTYNXT50,,2026-04-28,2026-04-28,57100.00,CE,NIFTYNXT5026APR57100CE,0.00,0.00,0.00,10571.95,0.00,10571.95,69883.95,12820.25,0,0,0,0.00,0,F1,25,,,,,
2026-04-24,2026-04-24,FO,NSE,IDO,73786,,NIFTYNXT50,,2026-04-28,2026-04-28,58900.00,CE,NIFTYNXT5026APR58900CE,0.00,0.00,0.00,8913.15,0.00,8913.15,69883.95,11021.40,0,0,0,0.00,0,F1,25,,,,,
2026-04-24,2026-04-24,FO,NSE,IDO,73808,,NIFTYNXT50,,2026-04-28,2026-04-28,59800.00,CE,NIFTYNXT5026APR59800CE,0.00,0.00,0.00,8113.90,0.00,8113.90,69883.95,10121.95,0,0,0,0.00,0,F1,25,,,,,
2026-04-24,2026-04-24,FO,NSE,IDO,73935,,NIFTYNXT50,,2026-04-28,2026-04-28,62700.00,CE,NIFTYNXT5026APR62700CE,0.00,0.00,0.00,5735.55,0.00,5735.55,69883.95,7223.80,0,0,0,0.00,0,F1,25,,,,,
2026-04-24,2026-04-24,FO,NSE,IDO,73973,,NIFTYNXT50,,2026-04-28,2026-04-28,64300.00,CE,NIFTYNXT5026APR64300CE,0.00,0.00,0.00,4587.75,0.00,4587.75,69883.95,5624.95,0,0,0,0.00,0,F1,25,,,,,
2026-04-24,2026-04-24,FO,NSE,IDO,73990,,NIFTYNXT50,,2026-04-28,2026-04-28,64900.00,CE,NIFTYNXT5026APR64900CE,0.00,0.00,0.00,4193.50,0.00,4193.50,69883.95,5025.70,0,0,0,0.00,0,F1,25,,,,,
2026-04-24,2026-04-24,FO,NSE,IDO,74037,,NIFTYNXT50,,2026-04-28,2026-04-28,66600.00,CE,NIFTYNXT5026APR66600CE,0.00,0.00,0.00,3189.50,0.00,3189.50,69883.95,3339.90,0,0,0,0.00,0,F1,25,,,,,
2026-04-24,2026-04-24,FO,NSE,IDO,74043,,NIFTYNXT50,,2026-04-28,2026-04-28,66900.00,CE,NIFTYNXT5026APR66900CE,0.00,0.00,0.00,3030.10,0.00,3030.10,69883.95,3048.60,0,0,0,0.00,0,F1,25,,,,,
2026-04-24,2026-04-24,FO,NSE,IDO,74070,,NIFTYNXT50,,2026-04-28,2026-04-28,67500.00,CE,NIFTYNXT5026APR67500CE,0.00,0.00,0.00,2727.05,0.00,2727.05,69883.95,2480.50,0,0,0,0.00,0,F1,25,,,,,
2026-04-24,2026-04-24,FO,NSE,IDO,74162,,NIFTYNXT50,,2026-04-28,2026-04-28,69300.00,CE,NIFTYNXT5026APR69300CE,0.00,0.00,0.00,1945.05,0.00,1945.05,69883.95,1032.35,0,0,0,0.00,0,F1,25,,,,,
2026-04-24,2026-04-24,FO,NSE,IDO,74176,,NIFTYNXT50,,2026-04-28,2026-04-28,69400.00,CE,NIFTYNXT5026APR69400CE,0.00,0.00,0.00,1907.05,0.00,1907.05,69883.95,969.45,0,0,0,0.00,0,F1,25,,,,,
2026-04-24,2026-04-24,FO,NSE,IDO,74300,,NIFTYNXT50,,2026-04-28,2026-04-28,72700.00,CE,NIFTYNXT5026APR72700CE,0.00,0.00,0.00,939.25,0.00,939.25,69883.95,39.75,0,0,0,0.00,0,F1,25,,,,,
2026-04-24,2026-04-24,FO,NSE,IDO,74342,,NIFTYNXT50,,2026-04-28,2026-04-28,74800.00,CE,NIFTYNXT5026APR74800CE,0.00,0.00,0.00,564.95,0.00,564.95,69883.95,1.45,0,0,0,0.00,0,F1,25,,,,,
2026-04-24,2026-04-24,FO,NSE,IDO,74348,,NIFTYNXT50,,2026-04-28,2026-04-28,75100.00,CE,NIFTYNXT5026APR75100CE,0.00,0.00,0.00,523.45,0.00,523.45,69883.95,0.85,0,0,0,0.00,0,F1,25,,,,,
2026-04-24,2026-04-24,FO,NSE,IDO,74354,,NIFTYNXT50,,2026-04-28,2026-04-28,75400.00,CE,NIFTYNXT5026APR75400CE,0.00,0.00,0.00,484.60,0.00,484.60,69883.95,0.45,0,0,0,0.00,0,F1,25,,,,,
2026-04-24,2026-04-24,FO,NSE,IDO,74358,,NIFTYNXT50,,2026-04-28,2026-04-28,75600.00,CE,NIFTYNXT5026APR75600CE,0.00,0.00,0.00,460.10,0.00,460.10,69883.95,0.30,0,0,0,0.00,0,F1,25,,,,,
2026-04-24,2026-04-24,FO,NSE,IDO,74479,,NIFTYNXT50,,2026-04-28,2026-04-28,77000.00,CE,NIFTYNXT5026APR77000CE,0.00,0.00,0.00,316.35,0.00,316.35,69883.95,0.05,0,0,0,0.00,0,F1,25,,,,,
2026-04-24,2026-04-24,FO,NSE,IDO,73117,,NIFTYNXT50,,2026-05-26,2026-05-26,52500.00,CE,NIFTYNXT5026MAY52500CE,0.00,0.00,0.00,18145.10,0.00,18145.10,69883.95,17669.95,0,0,0,0.00,0,F1,25,,,,,
2026-04-24,2026-04-24,FO,NSE,IDO,49894,,NIFTYNXT50,,2026-05-26,2026-05-26,54200.00,CE,NIFTYNXT5026MAY54200CE,0.00,0.00,0.00,12679.50,0.00,12679.50,69883.95,15979.25,0,0,0,0.00,0,F1,25,,,,,
2026-04-24,2026-04-24,FO,NSE,IDO,43916,,NIFTYNXT50,,2026-05-26,2026-05-26,55600.00,CE,NIFTYNXT5026MAY55600CE,0.00,0.00,0.00,12092.55,0.00,12092.55,69883.95,14587.15,0,0,0,0.00,0,F1,25,,,,,
2026-04-24,2026-04-24,FO,NSE,IDO,43932,,NIFTYNXT50,,2026-05-26,2026-05-26,55800.00,CE,NIFTYNXT5026MAY55800CE,0.00,0.00,0.00,11900.20,0.00,11900.20,69883.95,14388.35,0,0,0,0.00,0,F1,25,,,,,
2026-04-24,2026-04-24,FO,NSE,IDO,73131,,NIFTYNXT50,,2026-05-26,2026-05-26,56000.00,CE,NIFTYNXT5026MAY56000CE,0.00,0.00,0.00,14718.75,0.00,14718.75,69883.95,14189.50,0,0,0,0.00,0,F1,25,,,,,
2026-04-24,2026-04-24,FO,NSE,IDO,81970,,NIFTYNXT50,,2026-06-30,2026-06-30,70200.00,CE,NIFTYNXT5026JUN70200CE,0.00,0.00,0.00,401.25,0.00,401.25,69883.95,3000.05,0,0,0,0.00,0,F1,25,,,,,
2026-04-24,2026-04-24,FO,NSE,IDO,81916,,NIFTYNXT50,,2026-06-30,2026-06-30,70100.00,CE,NIFTYNXT5026JUN70100CE,0.00,0.00,0.00,411.65,0.00,411.65,69883.95,3050.55,0,0,0,0.00,0,F1,25,,,,,
2026-04-24,2026-04-24,FO,NSE,IDO,81796,,NIFTYNXT50,,2026-06-30,2026-06-30,68400.00,CE,NIFTYNXT5026JUN68400CE,0.00,0.00,0.00,627.25,0.00,627.25,69883.95,3996.15,0,0,0,0.00,0,F1,25,,,,,
2026-04-24,2026-04-24,FO,NSE,IDO,81791,,NIFTYNXT50,,2026-06-30,2026-06-30,68200.00,CE,NIFTYNXT5026JUN68200CE,0.00,0.00,0.00,658.00,0.00,658.00,69883.95,4118.10,0,0,0,0.00,0,F1,25,,,,,
2026-04-24,2026-04-24,FO,NSE,IDO,81775,,NIFTYNXT50,,2026-06-30,2026-06-30,67400.00,CE,NIFTYNXT5026JUN67400CE,0.00,0.00,0.00,793.95,0.00,793.95,69883.95,4628.05,0,0,0,0.00,0,F1,25,,,,,
2026-04-24,2026-04-24,FO,NSE,IDO,81767,,NIFTYNXT50,,2026-06-30,2026-06-30,67000.00,CE,NIFTYNXT5026JUN67000CE,0.00,0.00,0.00,870.20,0.00,870.20,69883.95,4896.00,0,0,0,0.00,0,F1,25,,,,,
2026-04-24,2026-04-24,FO,NSE,IDO,81699,,NIFTYNXT50,,2026-06-30,2026-06-30,66100.00,CE,NIFTYNXT5026JUN66100CE,0.00,0.00,0.00,1065.90,0.00,1065.90,69883.95,5532.90,0,0,0,0.00,0,F1,25,,,,,
2026-04-24,2026-04-24,FO,NSE,IDO,81666,,NIFTYNXT50,,2026-06-30,2026-06-30,65400.00,CE,NIFTYNXT5026JUN65400CE,0.00,0.00,0.00,1236.65,0.00,1236.65,69883.95,6051.15,0,0,0,0.00,0,F1,25,,,,,
2026-04-24,2026-04-24,FO,NSE,IDO,81511,,NIFTYNXT50,,2026-06-30,2026-06-30,62800.00,CE,NIFTYNXT5026JUN62800CE,0.00,0.00,0.00,2085.45,0.00,2085.45,69883.95,8169.80,0,0,0,0.00,0,F1,25,,,,,
2026-04-24,2026-04-24,FO,NSE,IDO,81375,,NIFTYNXT50,,2026-06-30,2026-06-30,61100.00,CE,NIFTYNXT5026JUN61100CE,0.00,0.00,0.00,2835.30,0.00,2835.30,69883.95,9681.00,0,0,0,0.00,0,F1,25,,,,,
2026-04-24,2026-04-24,FO,NSE,IDO,81328,,NIFTYNXT50,,2026-06-30,2026-06-30,59200.00,CE,NIFTYNXT5026JUN59200CE,0.00,0.00,0.00,3870.55,0.00,3870.55,69883.95,11450.35,0,0,0,0.00,0,F1,25,,,,,
2026-04-24,2026-04-24,FO,NSE,IDO,81208,,NIFTYNXT50,,2026-06-30,2026-06-30,56200.00,CE,NIFTYNXT5026JUN56200CE,0.00,0.00,0.00,5918.45,0.00,5918.45,69883.95,14344.75,0,0,0,0.00,0,F1,25,,,,,
2026-04-24,2026-04-24,FO,NSE,IDO,81007,,NIFTYNXT50,,2026-06-30,2026-06-30,55200.00,CE,NIFTYNXT5026JUN55200CE,0.00,0.00,0.00,6701.00,0.00,6701.00,69883.95,15324.10,0,0,0,0.00,0,F1,25,,,,,
2026-04-24,2026-04-24,FO,NSE,IDO,80993,,NIFTYNXT50,,2026-06-30,2026-06-30,54900.00,CE,NIFTYNXT5026JUN54900CE,0.00,0.00,0.00,6944.20,0.00,6944.20,69883.95,15618.70,0,0,0,0.00,0,F1,25,,,,,
2026-04-24,2026-04-24,FO,NSE,IDO,80965,,NIFTYNXT50,,2026-06-30,2026-06-30,54300.00,CE,NIFTYNXT5026JUN54300CE,0.00,0.00,0.00,7441.35,0.00,7441.35,69883.95,16208.70,0,0,0,0.00,0,F1,25,,,,,
2026-04-24,2026-04-24,FO,NSE,IDO,80950,,NIFTYNXT50,,2026-06-30,2026-06-30,54200.00,CE,NIFTYNXT5026JUN54200CE,0.00,0.00,0.00,7525.55,0.00,7525.55,69883.95,16307.15,0,0,0,0.00,0,F1,25,,,,,
2026-04-24,2026-04-24,FO,NSE,IDO,81915,,NIFTYNXT50,,2026-06-30,2026-06-30,70000.00,PE,NIFTYNXT5026JUN70000PE,0.00,0.00,0.00,8818.55,0.00,8818.55,69883.95,2421.75,0,0,0,0.00,0,F1,25,,,,,
2026-04-24,2026-04-24,FO,NSE,IDO,81991,,NIFTYNXT50,,2026-06-30,2026-06-30,71200.00,PE,NIFTYNXT5026JUN71200PE,0.00,0.00,0.00,9884.05,0.00,9884.05,69883.95,3032.05,0,0,0,0.00,0,F1,25,,,,,
2026-04-24,2026-04-24,FO,NSE,IDO,82009,,NIFTYNXT50,,2026-06-30,2026-06-30,72000.00,PE,NIFTYNXT5026JUN72000PE,0.00,0.00,0.00,10610.00,0.00,10610.00,69883.95,3483.65,0,0,0,0.00,0,F1,25,,,,,
2026-04-24,2026-04-24,FO,NSE,IDO,35283,,NIFTYNXT50,,2026-06-30,2026-06-30,73100.00,PE,NIFTYNXT5026JUN73100PE,0.00,0.00,0.00,10208.30,0.00,10208.30,69883.95,4160.40,0,0,0,0.00,0,F1,25,,,,,
2026-04-24,2026-04-24,FO,NSE,IDO,81979,,NIFTYNXT50,,2026-06-30,2026-06-30,70600.00,PE,NIFTYNXT5026JUN70600PE,0.00,0.00,0.00,9347.50,0.00,9347.50,69883.95,2716.65,0,0,0,0.00,0,F1,25,,,,,
2026-04-24,2026-04-24,FO,NSE,IDO,82128,,NIFTYNXT50,,2026-06-30,2026-06-30,81500.00,PE,NIFTYNXT5026JUN81500PE,0.00,0.00,0.00,19703.65,0.00,19703.65,69883.95,10941.70,0,0,0,0.00,0,F1,25,,,,,
2026-04-24,2026-04-24,FO,NSE,IDO,41026,,NIFTYNXT50,,2026-06-30,2026-06-30,77200.00,PE,NIFTYNXT5026JUN77200PE,0.00,0.00,0.00,10332.00,0.00,10332.00,69883.95,7180.30,0,0,0,0.00,0,F1,25,,,,,
2026-04-24,2026-04-24,FO,NSE,IDO,41013,,NIFTYNXT50,,2026-06-30,2026-06-30,76800.00,PE,NIFTYNXT5026JUN76800PE,0.00,0.00,0.00,9975.85,0.00,9975.85,69883.95,6856.30,0,0,0,0.00,0,F1,25,,,,,
2026-04-24,2026-04-24,FO,NSE,IDO,82087,,NIFTYNXT50,,2026-06-30,2026-06-30,76500.00,PE,NIFTYNXT5026JUN76500PE,0.00,0.00,0.00,14847.60,0.00,14847.60,69883.95,6616.90,0,0,0,0.00,0,F1,25,,,,,
2026-04-24,2026-04-24,FO,NSE,IDO,82047,,NIFTYNXT50,,2026-06-30,2026-06-30,75500.00,PE,NIFTYNXT5026JUN75500PE,0.00,0.00,0.00,13889.55,0.00,13889.55,69883.95,5845.65,0,0,0,0.00,0,F1,25,,,,,
2026-04-24,2026-04-24,FO,NSE,IDO,59609,,NIFTYNXT50,,2026-04-28,2026-04-28,53900.00,CE,NIFTYNXT5026APR53900CE,0.00,0.00,0.00,11247.60,0.00,11247.60,69883.95,16018.20,0,0,0,0.00,0,F1,25,,,,,
2026-04-24,2026-04-24,FO,NSE,IDO,73495,,NIFTYNXT50,,2026-04-28,2026-04-28,54500.00,CE,NIFTYNXT5026APR54500CE,0.00,0.00,0.00,13059.15,0.00,13059.15,69883.95,15418.60,0,0,0,0.00,0,F1,25,,,,,
2026-04-24,2026-04-24,FO,NSE,IDO,73499,,NIFTYNXT50,,2026-04-28,2026-04-28,54800.00,CE,NIFTYNXT5026APR54800CE,0.00,0.00,0.00,12768.65,0.00,12768.65,69883.95,15118.80,0,0,0,0.00,0,F1,25,,,,,
2026-04-24,2026-04-24,FO,NSE,IDO,73515,,NIFTYNXT50,,2026-04-28,2026-04-28,55300.00,CE,NIFTYNXT5026APR55300CE,0.00,0.00,0.00,12286.05,0.00,12286.05,69883.95,14619.10,0,0,0,0.00,0,F1,25,,,,,
2026-04-24,2026-04-24,FO,NSE,IDO,73674,,NIFTYNXT50,,2026-04-28,2026-04-28,55700.00,CE,NIFTYNXT5026APR55700CE,0.00,0.00,0.00,11901.70,0.00,11901.70,69883.95,14219.35,0,0,0,0.00,0,F1,25,,,,,
2026-04-24,2026-04-24,FO,NSE,IDO,73678,,NIFTYNXT50,,2026-04-28,2026-04-28,55900.00,CE,NIFTYNXT5026APR55900CE,0.00,0.00,0.00,11710.15,0.00,11710.15,69883.95,14019.50,0,0,0,0.00,0,F1,25,,,,,
2026-04-24,2026-04-24,FO,NSE,IDO,73709,,NIFTYNXT50,,2026-04-28,2026-04-28,56700.00,CE,NIFTYNXT5026APR56700CE,0.00,0.00,0.00,10949.05,0.00,10949.05,69883.95,13220.00,0,0,0,0.00,0,F1,25,,,,,
2026-04-24,2026-04-24,FO,NSE,IDO,73772,,NIFTYNXT50,,2026-04-28,2026-04-28,58400.00,CE,NIFTYNXT5026APR58400CE,0.00,0.00,0.00,9366.75,0.00,9366.75,69883.95,11521.10,0,0,0,0.00,0,F1,25,,,,,
2026-04-24,2026-04-24,FO,NSE,IDO,73778,,NIFTYNXT50,,2026-04-28,2026-04-28,58600.00,CE,NIFTYNXT5026APR58600CE,0.00,0.00,0.00,9184.55,0.00,9184.55,69883.95,11321.20,0,0,0,0.00,0,F1,25,,,,,
2026-04-24,2026-04-24,FO,NSE,IDO,73792,,NIFTYNXT50,,2026-04-28,2026-04-28,59200.00,CE,NIFTYNXT5026APR59200CE,0.00,0.00,0.00,8644.15,0.00,8644.15,69883.95,10721.60,0,0,0,0.00,0,F1,25,,,,,
2026-04-24,2026-04-24,FO,NSE,IDO,73810,,NIFTYNXT50,,2026-04-28,2026-04-28,59900.00,CE,NIFTYNXT5026APR59900CE,0.00,0.00,0.00,8026.65,0.00,8026.65,69883.95,10022.05,0,0,0,0.00,0,F1,25,,,,,
2026-04-24,2026-04-24,FO,NSE,IDO,73818,,NIFTYNXT50,,2026-04-28,2026-04-28,60300.00,CE,NIFTYNXT5026APR60300CE,0.00,0.00,0.00,7680.75,0.00,7680.75,69883.95,9622.30,0,0,0,0.00,0,F1,25,,,,,
2026-04-24,2026-04-24,FO,NSE,IDO,73857,,NIFTYNXT50,,2026-04-28,2026-04-28,61700.00,CE,NIFTYNXT5026APR61700CE,0.00,0.00,0.00,6516.50,0.00,6516.50,69883.95,8223.20,0,0,0,0.00,0,F1,25,,,,,
2026-04-24,2026-04-24,FO,NSE,IDO,73957,,NIFTYNXT50,,2026-04-28,2026-04-28,63800.00,CE,NIFTYNXT5026APR63800CE,0.00,0.00,0.00,4931.60,0.00,4931.60,69883.95,6124.55,0,0,0,0.00,0,F1,25,,,,,
2026-04-24,2026-04-24,FO,NSE,IDO,73977,,NIFTYNXT50,,2026-04-28,2026-04-28,64500.00,CE,NIFTYNXT5026APR64500CE,0.00,0.00,0.00,3756.30,3756.30,3756.30,69883.95,5425.15,300,0,0,0.00,0,F1,25,,,,,
2026-04-24,2026-04-24,FO,NSE,IDO,73994,,NIFTYNXT50,,2026-04-28,2026-04-28,65000.00,CE,NIFTYNXT5026APR65000CE,4868.20,5000.00,4865.00,5000.00,5000.00,5431.40,69883.95,4925.85,300,-250,12,20966890.00,5,F1,25,,,,,
2026-04-24,2026-04-24,FO,NSE,IDO,74126,,NIFTYNXT50,,2026-04-28,2026-04-28,68200.00,CE,NIFTYNXT5026APR68200CE,0.00,0.00,0.00,2400.65,0.00,2400.65,69883.95,1858.30,0,0,0,0.00,0,F1,25,,,,,
2026-04-24,2026-04-24,FO,NSE,IDO,74227,,NIFTYNXT50,,2026-04-28,2026-04-28,71000.00,CE,NIFTYNXT5026APR71000CE,305.00,308.00,68.30,131.00,167.00,305.60,69883.95,131.00,3075,1600,366,650863476.25,268,F1,25,,,,,
2026-04-24,2026-04-24,FO,NSE,IDO,74481,,NIFTYNXT50,,2026-04-28,2026-04-28,77100.00,CE,NIFTYNXT5026APR77100CE,0.00,0.00,0.00,307.80,0.00,307.80,69883.95,0.05,0,0,0,0.00,0,F1,25,,,,,
2026-04-24,2026-04-24,FO,NSE,IDO,74580,,NIFTYNXT50,,2026-04-28,2026-04-28,79500.00,CE,NIFTYNXT5026APR79500CE,0.00,0.00,0.00,154.65,0.00,154.65,69883.95,0.00,0,0,0,0.00,0,F1,25,,,,,
2026-04-24,2026-04-24,FO,NSE,IDO,73125,,NIFTYNXT50,,2026-05-26,2026-05-26,54500.00,CE,NIFTYNXT5026MAY54500CE,0.00,0.00,0.00,16183.60,0.00,16183.60,69883.95,15680.95,0,0,0,0.00,0,F1,25,,,,,
2026-04-24,2026-04-24,FO,NSE,IDO,41307,,NIFTYNXT50,,2026-05-26,2026-05-26,57300.00,CE,NIFTYNXT5026MAY57300CE,0.00,0.00,0.00,12279.35,0.00,12279.35,69883.95,12897.85,0,0,0,0.00,0,F1,25,,,,,
2026-04-24,2026-04-24,FO,NSE,IDO,73381,,NIFTYNXT50,,2026-05-26,2026-05-26,60500.00,CE,NIFTYNXT5026MAY60500CE,0.00,0.00,0.00,10424.50,0.00,10424.50,69883.95,9736.25,0,0,0,0.00,0,F1,25,,,,,
2026-04-24,2026-04-24,FO,NSE,IDO,73383,,NIFTYNXT50,,2026-05-26,2026-05-26,60600.00,CE,NIFTYNXT5026MAY60600CE,0.00,0.00,0.00,10332.20,0.00,10332.20,69883.95,9638.40,0,0,0,0.00,0,F1,25,,,,,
2026-04-24,2026-04-24,FO,NSE,IDO,73417,,NIFTYNXT50,,2026-05-26,2026-05-26,61800.00,CE,NIFTYNXT5026MAY61800CE,0.00,0.00,0.00,9242.00,0.00,9242.00,69883.95,8473.80,0,0,0,0.00,0,F1,25,,,,,
2026-04-24,2026-04-24,FO,NSE,IDO,73440,,NIFTYNXT50,,2026-05-26,2026-05-26,62400.00,CE,NIFTYNXT5026MAY62400CE,0.00,0.00,0.00,8710.45,0.00,8710.45,69883.95,7900.15,0,0,0,0.00,0,F1,25,,,,,
2026-04-24,2026-04-24,FO,NSE,IDO,73444,,NIFTYNXT50,,2026-05-26,2026-05-26,62600.00,CE,NIFTYNXT5026MAY62600CE,0.00,0.00,0.00,8535.50,0.00,8535.50,69883.95,7710.60,0,0,0,0.00,0,F1,25,,,,,
2026-04-24,2026-04-24,FO,NSE,IDO,73462,,NIFTYNXT50,,2026-05-26,2026-05-26,63200.00,CE,NIFTYNXT5026MAY63200CE,0.00,0.00,0.00,8018.25,0.00,8018.25,69883.95,7147.95,0,0,0,0.00,0,F1,25,,,,,
2026-04-24,2026-04-24,FO,NSE,IDO,73565,,NIFTYNXT50,,2026-05-26,2026-05-26,64900.00,CE,NIFTYNXT5026MAY64900CE,0.00,0.00,0.00,6622.05,0.00,6622.05,69883.95,5618.20,0,0,0,0.00,0,F1,25,,,,,
2026-04-24,2026-04-24,FO,NSE,IDO,73577,,NIFTYNXT50,,2026-05-26,2026-05-26,65400.00,CE,NIFTYNXT5026MAY65400CE,0.00,0.00,0.00,6233.55,0.00,6233.55,69883.95,5191.90,0,0,0,0.00,0,F1,25,,,,,
2026-04-24,2026-04-24,FO,NSE,IDO,73623,,NIFTYNXT50,,2026-05-26,2026-05-26,66400.00,CE,NIFTYNXT5026MAY66400CE,0.00,0.00,0.00,5492.90,0.00,5492.90,69883.95,4380.15,0,0,0,0.00,0,F1,25,,,,,
2026-04-24,2026-04-24,FO,NSE,IDO,73635,,NIFTYNXT50,,2026-05-26,2026-05-26,67000.00,CE,NIFTYNXT5026MAY67000CE,0.00,0.00,0.00,5067.15,0.00,5067.15,69883.95,3925.65,0,0,0,0.00,0,F1,25,,,,,
2026-04-24,2026-04-24,FO,NSE,IDO,73890,,NIFTYNXT50,,2026-05-26,2026-05-26,70700.00,CE,NIFTYNXT5026MAY70700CE,0.00,0.00,0.00,2888.60,0.00,2888.60,69883.95,1706.95,0,0,0,0.00,0,F1,25,,,,,
2026-04-24,2026-04-24,FO,NSE,IDO,74416,,NIFTYNXT50,,2026-05-26,2026-05-26,74300.00,CE,NIFTYNXT5026MAY74300CE,0.00,0.00,0.00,1486.25,0.00,1486.25,69883.95,576.90,0,0,0,0.00,0,F1,25,,,,,
2026-04-24,2026-04-24,FO,NSE,IDO,74498,,NIFTYNXT50,,2026-05-26,2026-05-26,75200.00,CE,NIFTYNXT5026MAY75200CE,0.00,0.00,0.00,1235.75,0.00,1235.75,69883.95,420.65,0,0,0,0.00,0,F1,25,,,,,
2026-04-24,2026-04-24,FO,NSE,IDO,74501,,NIFTYNXT50,,2026-05-26,2026-05-26,75300.00,CE,NIFTYNXT5026MAY75300CE,0.00,0.00,0.00,1210.10,0.00,1210.10,69883.95,405.65,0,0,0,0.00,0,F1,25,,,,,
2026-04-24,2026-04-24,FO,NSE,IDO,74540,,NIFTYNXT50,,2026-05-26,2026-05-26,76400.00,CE,NIFTYNXT5026MAY76400CE,0.00,0.00,0.00,956.50,0.00,956.50,69883.95,268.35,0,0,0,0.00,0,F1,25,,,,,
2026-04-24,2026-04-24,FO,NSE,IDO,80948,,NIFTYNXT50,,2026-06-30,2026-06-30,54100.00,CE,NIFTYNXT5026JUN54100CE,0.00,0.00,0.00,7610.10,0.00,7610.10,69883.95,16405.60,0,0,0,0.00,0,F1,25,,,,,
2026-04-24,2026-04-24,FO,NSE,IDO,80974,,NIFTYNXT50,,2026-06-30,2026-06-30,54500.00,CE,NIFTYNXT5026JUN54500CE,0.00,0.00,0.00,7274.10,0.00,7274.10,69883.95,16011.95,0,0,0,0.00,0,F1,25,,,,,
2026-04-24,2026-04-24,FO,NSE,IDO,81247,,NIFTYNXT50,,2026-06-30,2026-06-30,57800.00,CE,NIFTYNXT5026JUN57800CE,0.00,0.00,0.00,4765.60,0.00,4765.60,69883.95,12790.30,0,0,0,0.00,0,F1,25,,,,,
2026-04-24,2026-04-24,FO,NSE,IDO,81333,,NIFTYNXT50,,2026-06-30,2026-06-30,59400.00,CE,NIFTYNXT5026JUN59400CE,0.00,0.00,0.00,3751.75,0.00,3751.75,69883.95,11261.05,0,0,0,0.00,0,F1,25,,,,,
2026-04-24,2026-04-24,FO,NSE,IDO,81359,,NIFTYNXT50,,2026-06-30,2026-06-30,60300.00,CE,NIFTYNXT5026JUN60300CE,0.00,0.00,0.00,3245.75,0.00,3245.75,69883.95,10417.50,0,0,0,0.00,0,F1,25,,,,,
2026-04-24,2026-04-24,FO,NSE,IDO,81363,,NIFTYNXT50,,2026-06-30,2026-06-30,60500.00,CE,NIFTYNXT5026JUN60500CE,0.00,0.00,0.00,3139.75,0.00,3139.75,69883.95,10232.10,0,0,0,0.00,0,F1,25,,,,,
2026-04-24,2026-04-24,FO,NSE,IDO,81371,,NIFTYNXT50,,2026-06-30,2026-06-30,60900.00,CE,NIFTYNXT5026JUN60900CE,0.00,0.00,0.00,2934.65,0.00,2934.65,69883.95,9863.80,0,0,0,0.00,0,F1,25,,,,,
2026-04-24,2026-04-24,FO,NSE,IDO,81416,,NIFTYNXT50,,2026-06-30,2026-06-30,61800.00,CE,NIFTYNXT5026JUN61800CE,0.00,0.00,0.00,2506.75,0.00,2506.75,69883.95,9048.95,0,0,0,0.00,0,F1,25,,,,,
2026-04-24,2026-04-24,FO,NSE,IDO,81654,,NIFTYNXT50,,2026-06-30,2026-06-30,64800.00,CE,NIFTYNXT5026JUN64800CE,0.00,0.00,0.00,1403.05,0.00,1403.05,69883.95,6515.45,0,0,0,0.00,0,F1,25,,,,,
2026-04-24,2026-04-24,FO,NSE,IDO,81664,,NIFTYNXT50,,2026-06-30,2026-06-30,65300.00,CE,NIFTYNXT5026JUN65300CE,0.00,0.00,0.00,1263.25,0.00,1263.25,69883.95,6127.40,0,0,0,0.00,0,F1,25,,,,,
2026-04-24,2026-04-24,FO,NSE,IDO,81737,,NIFTYNXT50,,2026-06-30,2026-06-30,66700.00,CE,NIFTYNXT5026JUN66700CE,0.00,0.00,0.00,931.25,0.00,931.25,69883.95,5102.50,0,0,0,0.00,0,F1,25,,,,,
2026-04-24,2026-04-24,FO,NSE,IDO,81769,,NIFTYNXT50,,2026-06-30,2026-06-30,67100.00,CE,NIFTYNXT5026JUN67100CE,0.00,0.00,0.00,850.60,0.00,850.60,69883.95,4828.20,0,0,0,0.00,0,F1,25,,,,,
2026-04-24,2026-04-24,FO,NSE,IDO,81816,,NIFTYNXT50,,2026-06-30,2026-06-30,69200.00,CE,NIFTYNXT5026JUN69200CE,0.00,0.00,0.00,516.10,0.00,516.10,69883.95,3530.75,0,0,0,0.00,0,F1,25,,,,,
2026-04-24,2026-04-24,FO,NSE,IDO,81818,,NIFTYNXT50,,2026-06-30,2026-06-30,69300.00,CE,NIFTYNXT5026JUN69300CE,0.00,0.00,0.00,503.50,0.00,503.50,69883.95,3475.15,0,0,0,0.00,0,F1,25,,,,,
2026-04-24,2026-04-24,FO,NSE,IDO,81891,,NIFTYNXT50,,2026-06-30,2026-06-30,69400.00,CE,NIFTYNXT5026JUN69400CE,0.00,0.00,0.00,491.10,0.00,491.10,69883.95,3420.05,0,0,0,0.00,0,F1,25,,,,,
2026-04-24,2026-04-24,FO,NSE,IDO,81986,,NIFTYNXT50,,2026-06-30,2026-06-30,71000.00,CE,NIFTYNXT5026JUN71000CE,0.00,0.00,0.00,326.00,0.00,326.00,69883.95,2615.95,0,0,0,0.00,0,F1,25,,,,,
2026-04-24,2026-04-24,FO,NSE,IDO,81998,,NIFTYNXT50,,2026-06-30,2026-06-30,71600.00,CE,NIFTYNXT5026JUN71600CE,0.00,0.00,0.00,278.00,0.00,278.00,69883.95,2351.55,0,0,0,0.00,0,F1,25,,,,,
2026-04-24,2026-04-24,FO,NSE,IDO,82034,,NIFTYNXT50,,2026-06-30,2026-06-30,73500.00,CE,NIFTYNXT5026JUN73500CE,0.00,0.00,0.00,164.55,0.00,164.55,69883.95,1641.55,0,0,0,0.00,0,F1,25,,,,,
2026-04-24,2026-04-24,FO,NSE,IDO,35306,,NIFTYNXT50,,2026-06-30,2026-06-30,73800.00,CE,NIFTYNXT5026JUN73800CE,0.00,0.00,0.00,263.60,0.00,263.60,69883.95,1546.25,0,0,0,0.00,0,F1,25,,,,,
2026-04-24,2026-04-24,FO,NSE,IDO,40984,,NIFTYNXT50,,2026-06-30,2026-06-30,75400.00,CE,NIFTYNXT5026JUN75400CE,0.00,0.00,0.00,579.35,0.00,579.35,69883.95,1111.60,0,0,0,0.00,0,F1,25,,,,,
2026-04-24,2026-04-24,FO,NSE,IDO,82098,,NIFTYNXT50,,2026-06-30,2026-06-30,78000.00,CE,NIFTYNXT5026JUN78000CE,0.00,0.00,0.00,42.40,0.00,42.40,69883.95,614.80,0,0,0,0.00,0,F1,25,,,,,
2026-04-24,2026-04-24,FO,NSE,IDO,82119,,NIFTYNXT50,,2026-06-30,2026-06-30,79500.00,CE,NIFTYNXT5026JUN79500CE,0.00,0.00,0.00,26.10,0.00,26.10,69883.95,425.35,0,0,0,0.00,0,F1,25,,,,,
2026-04-24,2026-04-24,FO,NSE,IDO,73512,,NIFTYNXT50,,2026-04-28,2026-04-28,55100.00,PE,NIFTYNXT5026APR55100PE,0.00,0.00,0.00,38.45,0.00,38.45,69883.95,0.00,0,0,0,0.00,0,F1,25,,,,,
2026-04-24,2026-04-24,FO,NSE,IDO,73514,,NIFTYNXT50,,2026-04-28,2026-04-28,55200.00,PE,NIFTYNXT5026APR55200PE,0.00,0.00,0.00,40.50,0.00,40.50,69883.95,0.00,0,0,0,0.00,0,F1,25,,,,,
2026-04-24,2026-04-24,FO,NSE,IDO,73716,,NIFTYNXT50,,2026-04-28,2026-04-28,56900.00,PE,NIFTYNXT5026APR56900PE,0.00,0.00,0.00,92.25,0.00,92.25,69883.95,0.00,0,0,0,0.00,0,F1,25,,,,,
2026-04-24,2026-04-24,FO,NSE,IDO,73755,,NIFTYNXT50,,2026-04-28,2026-04-28,57600.00,PE,NIFTYNXT5026APR57600PE,0.00,0.00,0.00,125.80,0.00,125.80,69883.95,0.00,0,0,0,0.00,0,F1,25,,,,,
2026-04-24,2026-04-24,FO,NSE,IDO,73787,,NIFTYNXT50,,2026-04-28,2026-04-28,58900.00,PE,NIFTYNXT5026APR58900PE,0.00,0.00,0.00,214.60,0.00,214.60,69883.95,0.00,0,0,0,0.00,0,F1,25,,,,,
2026-04-24,2026-04-24,FO,NSE,IDO,73789,,NIFTYNXT50,,2026-04-28,2026-04-28,59000.00,PE,NIFTYNXT5026APR59000PE,0.00,0.00,0.00,223.15,0.00,223.15,69883.95,0.00,0,0,0,0.00,0,F1,25,,,,,
2026-04-24,2026-04-24,FO,NSE,IDO,73934,,NIFTYNXT50,,2026-04-28,2026-04-28,62600.00,PE,NIFTYNXT5026APR62600PE,0.00,0.00,0.00,756.35,0.00,756.35,69883.95,0.00,0,0,0,0.00,0,F1,25,,,,,
2026-04-24,2026-04-24,FO,NSE,IDO,74030,,NIFTYNXT50,,2026-04-28,2026-04-28,66200.00,PE,NIFTYNXT5026APR66200PE,0.25,6.10,0.25,6.10,6.10,0.15,69883.95,6.80,200,-75,4,6620410.00,4,F1,25,,,,,
2026-04-24,2026-04-24,FO,NSE,IDO,74234,,NIFTYNXT50,,2026-04-28,2026-04-28,71000.00,PE,NIFTYNXT5026APR71000PE,941.20,1850.00,941.20,1164.35,1112.70,965.20,69883.95,1164.35,725,-125,49,88667345.00,46,F1,25,,,,,
2026-04-24,2026-04-24,FO,NSE,IDO,74246,,NIFTYNXT50,,2026-04-28,2026-04-28,71100.00,PE,NIFTYNXT5026APR71100PE,1378.80,1872.90,1378.80,1872.90,1872.90,1028.30,69883.95,1420.65,225,-175,8,14541888.75,5,F1,25,,,,,
2026-04-24,2026-04-24,FO,NSE,IDO,74293,,NIFTYNXT50,,2026-04-28,2026-04-28,72300.00,PE,NIFTYNXT5026APR72300PE,0.00,0.00,0.00,5528.05,0.00,5528.05,69883.95,2436.65,0,0,0,0.00,0,F1,25,,,,,
2026-04-24,2026-04-24,FO,NSE,IDO,74303,,NIFTYNXT50,,2026-04-28,2026-04-28,72800.00,PE,NIFTYNXT5026APR72800PE,0.00,0.00,0.00,5906.30,0.00,5906.30,69883.95,2904.55,0,0,0,0.00,0,F1,25,,,,,
2026-04-24,2026-04-24,FO,NSE,IDO,74317,,NIFTYNXT50,,2026-04-28,2026-04-28,73500.00,PE,NIFTYNXT5026APR73500PE,0.00,0.00,0.00,6455.85,0.00,6455.85,69883.95,3582.05,0,0,0,0.00,0,F1,25,,,,,
2026-04-24,2026-04-24,FO,NSE,IDO,74331,,NIFTYNXT50,,2026-04-28,2026-04-28,74200.00,PE,NIFTYNXT5026APR74200PE,0.00,0.00,0.00,7023.35,0.00,7023.35,69883.95,4273.00,0,0,0,0.00,0,F1,25,,,,,
2026-04-24,2026-04-24,FO,NSE,IDO,74341,,NIFTYNXT50,,2026-04-28,2026-04-28,74700.00,PE,NIFTYNXT5026APR74700PE,0.00,0.00,0.00,7438.85,0.00,7438.85,69883.95,4770.30,0,0,0,0.00,0,F1,25,,,,,
2026-04-24,2026-04-24,FO,NSE,IDO,74383,,NIFTYNXT50,,2026-04-28,2026-04-28,76400.00,PE,NIFTYNXT5026APR76400PE,0.00,0.00,0.00,8905.75,0.00,8905.75,69883.95,6467.60,0,0,0,0.00,0,F1,25,,,,,
2026-04-24,2026-04-24,FO,NSE,IDO,74468,,NIFTYNXT50,,2026-04-28,2026-04-28,76700.00,PE,NIFTYNXT5026APR76700PE,0.00,0.00,0.00,9172.20,0.00,9172.20,69883.95,6767.35,0,0,0,0.00,0,F1,25,,,,,
2026-04-24,2026-04-24,FO,NSE,IDO,74583,,NIFTYNXT50,,2026-04-28,2026-04-28,79500.00,PE,NIFTYNXT5026APR79500PE,0.00,0.00,0.00,11740.60,0.00,11740.60,69883.95,9565.55,0,0,0,0.00,0,F1,25,,,,,
2026-04-24,2026-04-24,FO,NSE,IDO,43941,,NIFTYNXT50,,2026-05-26,2026-05-26,56200.00,PE,NIFTYNXT5026MAY56200PE,0.00,0.00,0.00,57.55,0.00,57.55,69883.95,0.65,0,0,0,0.00,0,F1,25,,,,,
2026-04-24,2026-04-24,FO,NSE,IDO,73302,,NIFTYNXT50,,2026-05-26,2026-05-26,58900.00,PE,NIFTYNXT5026MAY58900PE,0.00,0.00,0.00,76.15,0.00,76.15,69883.95,6.95,0,0,0,0.00,0,F1,25,,,,,
2026-04-24,2026-04-24,FO,NSE,IDO,73374,,NIFTYNXT50,,2026-05-26,2026-05-26,60100.00,PE,NIFTYNXT5026MAY60100PE,0.00,0.00,0.00,127.35,0.00,127.35,69883.95,17.20,0,0,0,0.00,0,F1,25,,,,,
2026-04-24,2026-04-24,FO,NSE,IDO,73416,,NIFTYNXT50,,2026-05-26,2026-05-26,61700.00,PE,NIFTYNXT5026MAY61700PE,0.00,0.00,0.00,237.05,0.00,237.05,69883.95,50.05,0,0,0,0.00,0,F1,25,,,,,
2026-04-24,2026-04-24,FO,NSE,IDO,73451,,NIFTYNXT50,,2026-05-26,2026-05-26,62900.00,PE,NIFTYNXT5026MAY62900PE,0.00,0.00,0.00,361.20,0.00,361.20,69883.95,101.55,0,0,0,0.00,0,F1,25,,,,,
2026-04-24,2026-04-24,FO,NSE,IDO,73453,,NIFTYNXT50,,2026-05-26,2026-05-26,63000.00,PE,NIFTYNXT5026MAY63000PE,0.00,0.00,0.00,373.50,0.00,373.50,69883.95,107.35,0,0,0,0.00,0,F1,25,,,,,
2026-04-24,2026-04-24,FO,NSE,IDO,73526,,NIFTYNXT50,,2026-05-26,2026-05-26,63700.00,PE,NIFTYNXT5026MAY63700PE,0.00,0.00,0.00,468.95,0.00,468.95,69883.95,156.10,0,0,0,0.00,0,F1,25,,,,,
2026-04-24,2026-04-24,FO,NSE,IDO,73568,,NIFTYNXT50,,2026-05-26,2026-05-26,65000.00,PE,NIFTYNXT5026MAY65000PE,0.00,0.00,0.00,694.65,0.00,694.65,69883.95,293.95,0,0,0,0.00,0,F1,25,,,,,
2026-04-24,2026-04-24,FO,NSE,IDO,73580,,NIFTYNXT50,,2026-05-26,2026-05-26,65500.00,PE,NIFTYNXT5026MAY65500PE,0.00,0.00,0.00,800.10,0.00,800.10,69883.95,367.40,0,0,0,0.00,0,F1,25,,,,,
2026-04-24,2026-04-24,FO,NSE,IDO,73612,,NIFTYNXT50,,2026-05-26,2026-05-26,66100.00,PE,NIFTYNXT5026MAY66100PE,0.00,0.00,0.00,944.25,0.00,944.25,69883.95,473.50,0,0,0,0.00,0,F1,25,,,,,
2026-04-24,2026-04-24,FO,NSE,IDO,73628,,NIFTYNXT50,,2026-05-26,2026-05-26,66600.00,PE,NIFTYNXT5026MAY66600PE,0.00,0.00,0.00,1074.60,0.00,1074.60,69883.95,578.40,0,0,0,0.00,0,F1,25,,,,,
2026-04-24,2026-04-24,FO,NSE,IDO,73661,,NIFTYNXT50,,2026-05-26,2026-05-26,67700.00,PE,NIFTYNXT5026MAY67700PE,0.00,0.00,0.00,1404.50,0.00,1404.50,69883.95,867.80,0,0,0,0.00,0,F1,25,,,,,
2026-04-24,2026-04-24,FO,NSE,IDO,73696,,NIFTYNXT50,,2026-05-26,2026-05-26,67900.00,PE,NIFTYNXT5026MAY67900PE,0.00,0.00,0.00,1471.85,0.00,1471.85,69883.95,930.05,0,0,0,0.00,0,F1,25,,,,,
2026-04-24,2026-04-24,FO,NSE,IDO,73703,,NIFTYNXT50,,2026-05-26,2026-05-26,68000.00,PE,NIFTYNXT5026MAY68000PE,0.00,0.00,0.00,1506.35,0.00,1506.35,69883.95,962.30,0,0,0,0.00,0,F1,25,,,,,
2026-04-24,2026-04-24,FO,NSE,IDO,73805,,NIFTYNXT50,,2026-05-26,2026-05-26,68600.00,PE,NIFTYNXT5026MAY68600PE,0.00,0.00,0.00,1724.65,0.00,1724.65,69883.95,1172.30,0,0,0,0.00,0,F1,25,,,,,
2026-04-24,2026-04-24,FO,NSE,IDO,73859,,NIFTYNXT50,,2026-05-26,2026-05-26,69300.00,PE,NIFTYNXT5026MAY69300PE,0.00,0.00,0.00,2004.45,0.00,2004.45,69883.95,1453.90,0,0,0,0.00,0,F1,25,,,,,
2026-04-24,2026-04-24,FO,NSE,IDO,73879,,NIFTYNXT50,,2026-05-26,2026-05-26,70100.00,PE,NIFTYNXT5026MAY70100PE,0.00,0.00,0.00,2357.70,0.00,2357.70,69883.95,1825.10,0,0,0,0.00,0,F1,25,,,,,
2026-04-24,2026-04-24,FO,NSE,IDO,73883,,NIFTYNXT50,,2026-05-26,2026-05-26,70300.00,PE,NIFTYNXT5026MAY70300PE,0.00,0.00,0.00,2451.65,0.00,2451.65,69883.95,1925.90,0,0,0,0.00,0,F1,25,,,,,
2026-04-24,2026-04-24,FO,NSE,IDO,73885,,NIFTYNXT50,,2026-05-26,2026-05-26,70400.00,PE,NIFTYNXT5026MAY70400PE,0.00,0.00,0.00,2499.45,0.00,2499.45,69883.95,1977.70,0,0,0,0.00,0,F1,25,,,,,
2026-04-24,2026-04-24,FO,NSE,IDO,73903,,NIFTYNXT50,,2026-05-26,2026-05-26,71300.00,PE,NIFTYNXT5026MAY71300PE,0.00,0.00,0.00,2954.45,0.00,2954.45,69883.95,2480.25,0,0,0,0.00,0,F1,25,,,,,
2026-04-24,2026-04-24,FO,NSE,IDO,74005,,NIFTYNXT50,,2026-05-26,2026-05-26,72200.00,PE,NIFTYNXT5026MAY72200PE,0.00,0.00,0.00,3454.25,0.00,3454.25,69883.95,3046.45,0,0,0,0.00,0,F1,25,,,,,
2026-04-24,2026-04-24,FO,NSE,IDO,74067,,NIFTYNXT50,,2026-05-26,2026-05-26,73100.00,PE,NIFTYNXT5026MAY73100PE,0.00,0.00,0.00,3997.10,0.00,3997.10,69883.95,3671.85,0,0,0,0.00,0,F1,25,,,,,
2026-04-24,2026-04-24,FO,NSE,IDO,74384,,NIFTYNXT50,,2026-05-26,2026-05-26,73500.00,PE,NIFTYNXT5026MAY73500PE,0.00,0.00,0.00,4251.65,0.00,4251.65,69883.95,3970.55,0,0,0,0.00,0,F1,25,,,,,
2026-04-24,2026-04-24,FO,NSE,IDO,74553,,NIFTYNXT50,,2026-05-26,2026-05-26,76900.00,PE,NIFTYNXT5026MAY76900PE,0.00,0.00,0.00,6711.35,0.00,6711.35,69883.95,6817.60,0,0,0,0.00,0,F1,25,,,,,
2026-04-24,2026-04-24,FO,NSE,IDO,74667,,NIFTYNXT50,,2026-05-26,2026-05-26,80500.00,PE,NIFTYNXT5026MAY80500PE,0.00,0.00,0.00,9756.80,0.00,9756.80,69883.95,10223.00,0,0,0,0.00,0,F1,25,,,,,
2026-04-24,2026-04-24,FO,NSE,IDO,74776,,NIFTYNXT50,,2026-05-26,2026-05-26,81500.00,PE,NIFTYNXT5026MAY81500PE,0.00,0.00,0.00,10657.70,0.00,10657.70,69883.95,11200.00,0,0,0,0.00,0,F1,25,,,,,
2026-04-24,2026-04-24,FO,NSE,IDO,80992,,NIFTYNXT50,,2026-06-30,2026-06-30,54800.00,PE,NIFTYNXT5026JUN54800PE,0.00,0.00,0.00,494.65,0.00,494.65,69883.95,9.90,0,0,0,0.00,0,F1,25,,,,,
2026-04-24,2026-04-24,FO,NSE,IDO,81006,,NIFTYNXT50,,2026-06-30,2026-06-30,55100.00,PE,NIFTYNXT5026JUN55100PE,0.00,0.00,0.00,544.85,0.00,544.85,69883.95,11.80,0,0,0,0.00,0,F1,25,,,,,
2026-04-24,2026-04-24,FO,NSE,IDO,81240,,NIFTYNXT50,,2026-06-30,2026-06-30,57400.00,PE,NIFTYNXT5026JUN57400PE,0.00,0.00,0.00,1065.65,0.00,1065.65,69883.95,40.40,0,0,0,0.00,0,F1,25,,,,,
2026-04-24,2026-04-24,FO,NSE,IDO,81297,,NIFTYNXT50,,2026-06-30,2026-06-30,58600.00,PE,NIFTYNXT5026JUN58600PE,0.00,0.00,0.00,1441.20,0.00,1441.20,69883.95,71.40,0,0,0,0.00,0,F1,25,,,,,
2026-04-24,2026-04-24,FO,NSE,IDO,81307,,NIFTYNXT50,,2026-06-30,2026-06-30,58800.00,PE,NIFTYNXT5026JUN58800PE,0.00,0.00,0.00,1511.95,0.00,1511.95,69883.95,78.15,0,0,0,0.00,0,F1,25,,,,,
2026-04-24,2026-04-24,FO,NSE,IDO,81334,,NIFTYNXT50,,2026-06-30,2026-06-30,59400.00,PE,NIFTYNXT5026JUN59400PE,0.00,0.00,0.00,1737.90,0.00,1737.90,69883.95,101.70,0,0,0,0.00,0,F1,25,,,,,
2026-04-24,2026-04-24,FO,NSE,IDO,81346,,NIFTYNXT50,,2026-06-30,2026-06-30,59800.00,PE,NIFTYNXT5026JUN59800PE,0.00,0.00,0.00,1900.05,0.00,1900.05,69883.95,120.45,0,0,0,0.00,0,F1,25,,,,,
2026-04-24,2026-04-24,FO,NSE,IDO,81544,,NIFTYNXT50,,2026-06-30,2026-06-30,63000.00,PE,NIFTYNXT5026JUN63000PE,0.00,0.00,0.00,3529.50,0.00,3529.50,69883.95,397.40,0,0,0,0.00,0,F1,25,,,,,
2026-04-24,2026-04-24,FO,NSE,IDO,81721,,NIFTYNXT50,,2026-06-30,2026-06-30,66200.00,PE,NIFTYNXT5026JUN66200PE,0.00,0.00,0.00,5707.25,0.00,5707.25,69883.95,1023.65,0,0,0,0.00,0,F1,25,,,,,
2026-04-24,2026-04-24,FO,NSE,IDO,81727,,NIFTYNXT50,,2026-06-30,2026-06-30,66500.00,PE,NIFTYNXT5026JUN66500PE,0.00,0.00,0.00,5935.30,0.00,5935.30,69883.95,1105.55,0,0,0,0.00,0,F1,25,,,,,
2026-04-24,2026-04-24,FO,NSE,IDO,81770,,NIFTYNXT50,,2026-06-30,2026-06-30,67100.00,PE,NIFTYNXT5026JUN67100PE,0.00,0.00,0.00,6398.80,0.00,6398.80,69883.95,1281.30,0,0,0,0.00,0,F1,25,,,,,
2026-04-24,2026-04-24,FO,NSE,IDO,81790,,NIFTYNXT50,,2026-06-30,2026-06-30,68100.00,PE,NIFTYNXT5026JUN68100PE,0.00,0.00,0.00,7204.15,0.00,7204.15,69883.95,1621.65,0,0,0,0.00,0,F1,25,,,,,
2026-04-24,2026-04-24,FO,NSE,IDO,81811,,NIFTYNXT50,,2026-06-30,2026-06-30,68900.00,PE,NIFTYNXT5026JUN68900PE,0.00,0.00,0.00,7871.65,0.00,7871.65,69883.95,1933.65,0,0,0,0.00,0,F1,25,,,,,
2026-04-24,2026-04-24,FO,NSE,IDO,81894,,NIFTYNXT50,,2026-06-30,2026-06-30,69500.00,PE,NIFTYNXT5026JUN69500PE,0.00,0.00,0.00,8384.25,0.00,8384.25,69883.95,2191.35,0,0,0,0.00,0,F1,25,,,,,
2026-04-24,2026-04-24,FO,NSE,IDO,81901,,NIFTYNXT50,,2026-06-30,2026-06-30,69800.00,PE,NIFTYNXT5026JUN69800PE,0.00,0.00,0.00,8644.10,0.00,8644.10,69883.95,2327.90,0,0,0,0.00,0,F1,25,,,,,
2026-04-24,2026-04-24,FO,NSE,IDO,73842,,NIFTYNXT50,,2026-04-28,2026-04-28,61300.00,PE,NIFTYNXT5026APR61300PE,0.00,0.00,0.00,505.90,0.00,505.90,69883.95,0.00,0,0,0,0.00,0,F1,25,,,,,
2026-04-24,2026-04-24,FO,NSE,IDO,73976,,NIFTYNXT50,,2026-04-28,2026-04-28,64400.00,PE,NIFTYNXT5026APR64400PE,0.00,0.00,0.00,1237.85,0.00,1237.85,69883.95,0.15,0,0,0,0.00,0,F1,25,,,,,
2026-04-24,2026-04-24,FO,NSE,IDO,73995,,NIFTYNXT50,,2026-04-28,2026-04-28,65000.00,PE,NIFTYNXT5026APR65000PE,0.00,0.00,0.00,1437.80,0.00,1437.80,69883.95,0.60,0,0,0,0.00,0,F1,25,,,,,
2026-04-24,2026-04-24,FO,NSE,IDO,73999,,NIFTYNXT50,,2026-04-28,2026-04-28,65200.00,PE,NIFTYNXT5026APR65200PE,0.00,0.00,0.00,790.00,790.00,790.00,69883.95,0.95,75,0,0,0.00,0,F1,25,,,,,
2026-04-24,2026-04-24,FO,NSE,IDO,74014,,NIFTYNXT50,,2026-04-28,2026-04-28,65500.00,PE,NIFTYNXT5026APR65500PE,0.00,0.00,0.00,1620.20,0.00,1620.20,69883.95,1.75,0,0,0,0.00,0,F1,25,,,,,
2026-04-24,2026-04-24,FO,NSE,IDO,74026,,NIFTYNXT50,,2026-04-28,2026-04-28,66000.00,PE,NIFTYNXT5026APR66000PE,0.00,0.00,0.00,1817.15,0.00,1817.15,69883.95,4.70,0,0,0,0.00,0,F1,25,,,,,
2026-04-24,2026-04-24,FO,NSE,IDO,74036,,NIFTYNXT50,,2026-04-28,2026-04-28,66500.00,PE,NIFTYNXT5026APR66500PE,0.00,0.00,0.00,2028.90,0.00,2028.90,69883.95,11.50,0,0,0,0.00,0,F1,25,,,,,
2026-04-24,2026-04-24,FO,NSE,IDO,74040,,NIFTYNXT50,,2026-04-28,2026-04-28,66700.00,PE,NIFTYNXT5026APR66700PE,0.00,0.00,0.00,2117.80,0.00,2117.80,69883.95,16.05,0,0,0,0.00,0,F1,25,,,,,
2026-04-24,2026-04-24,FO,NSE,IDO,74121,,NIFTYNXT50,,2026-04-28,2026-04-28,68000.00,PE,NIFTYNXT5026APR68000PE,101.05,256.25,101.00,112.95,106.00,101.05,69883.95,112.95,975,225,41,69858607.50,27,F1,25,,,,,
2026-04-24,2026-04-24,FO,NSE,IDO,74125,,NIFTYNXT50,,2026-04-28,2026-04-28,68100.00,PE,NIFTYNXT5026APR68100PE,0.00,0.00,0.00,2806.10,0.00,2806.10,69883.95,116.35,0,0,0,0.00,0,F1,25,,,,,
2026-04-24,2026-04-24,FO,NSE,IDO,74137,,NIFTYNXT50,,2026-04-28,2026-04-28,68300.00,PE,NIFTYNXT5026APR68300PE,0.00,0.00,0.00,2913.90,0.00,2913.90,69883.95,147.10,0,0,0,0.00,0,F1,25,,,,,
2026-04-24,2026-04-24,FO,NSE,IDO,74183,,NIFTYNXT50,,2026-04-28,2026-04-28,69500.00,PE,NIFTYNXT5026APR69500PE,0.00,0.00,0.00,3608.65,0.00,3608.65,69883.95,480.65,0,0,0,0.00,0,F1,25,,,,,
2026-04-24,2026-04-24,FO,NSE,IDO,74197,,NIFTYNXT50,,2026-04-28,2026-04-28,70100.00,PE,NIFTYNXT5026APR70100PE,0.00,0.00,0.00,3985.95,0.00,3985.95,69883.95,765.00,0,0,0,0.00,0,F1,25,,,,,
2026-04-24,2026-04-24,FO,NSE,IDO,74222,,NIFTYNXT50,,2026-04-28,2026-04-28,70800.00,PE,NIFTYNXT5026APR70800PE,0.00,0.00,0.00,4450.00,0.00,4450.00,69883.95,1201.70,0,0,0,0.00,0,F1,25,,,,,
2026-04-24,2026-04-24,FO,NSE,IDO,74480,,NIFTYNXT50,,2026-04-28,2026-04-28,77000.00,PE,NIFTYNXT5026APR77000PE,0.00,0.00,0.00,9440.65,0.00,9440.65,69883.95,7067.15,0,0,0,0.00,0,F1,25,,,,,
2026-04-24,2026-04-24,FO,NSE,IDO,73207,,NIFTYNXT50,,2026-05-26,2026-05-26,58200.00,PE,NIFTYNXT5026MAY58200PE,0.00,0.00,0.00,55.25,0.00,55.25,69883.95,3.95,0,0,0,0.00,0,F1,25,,,,,
2026-04-24,2026-04-24,FO,NSE,IDO,73291,,NIFTYNXT50,,2026-05-26,2026-05-26,58700.00,PE,NIFTYNXT5026MAY58700PE,0.00,0.00,0.00,69.60,0.00,69.60,69883.95,5.95,0,0,0,0.00,0,F1,25,,,,,
2026-04-24,2026-04-24,FO,NSE,IDO,73294,,NIFTYNXT50,,2026-05-26,2026-05-26,58800.00,PE,NIFTYNXT5026MAY58800PE,0.00,0.00,0.00,72.80,0.00,72.80,69883.95,6.45,0,0,0,0.00,0,F1,25,,,,,
2026-04-24,2026-04-24,FO,NSE,IDO,73333,,NIFTYNXT50,,2026-05-26,2026-05-26,59400.00,PE,NIFTYNXT5026MAY59400PE,0.00,0.00,0.00,94.85,0.00,94.85,69883.95,10.25,0,0,0,0.00,0,F1,25,,,,,
2026-04-24,2026-04-24,FO,NSE,IDO,73352,,NIFTYNXT50,,2026-05-26,2026-05-26,59800.00,PE,NIFTYNXT5026MAY59800PE,0.00,0.00,0.00,112.45,0.00,112.45,69883.95,13.80,0,0,0,0.00,0,F1,25,,,,,
2026-04-24,2026-04-24,FO,NSE,IDO,73356,,NIFTYNXT50,,2026-05-26,2026-05-26,60000.00,PE,NIFTYNXT5026MAY60000PE,0.00,0.00,0.00,122.20,0.00,122.20,69883.95,16.00,0,0,0,0.00,0,F1,25,,,,,
2026-04-24,2026-04-24,FO,NSE,IDO,73404,,NIFTYNXT50,,2026-05-26,2026-05-26,61300.00,PE,NIFTYNXT5026MAY61300PE,0.00,0.00,0.00,204.30,0.00,204.30,69883.95,38.85,0,0,0,0.00,0,F1,25,,,,,
2026-04-24,2026-04-24,FO,NSE,IDO,73441,,NIFTYNXT50,,2026-05-26,2026-05-26,62400.00,PE,NIFTYNXT5026MAY62400PE,0.00,0.00,0.00,304.40,0.00,304.40,69883.95,76.30,0,0,0,0.00,0,F1,25,,,,,
2026-04-24,2026-04-24,FO,NSE,IDO,73445,,NIFTYNXT50,,2026-05-26,2026-05-26,62600.00,PE,NIFTYNXT5026MAY62600PE,0.00,0.00,0.00,326.20,0.00,326.20,69883.95,85.70,0,0,0,0.00,0,F1,25,,,,,
2026-04-24,2026-04-24,FO,NSE,IDO,73558,,NIFTYNXT50,,2026-05-26,2026-05-26,64500.00,PE,NIFTYNXT5026MAY64500PE,0.00,0.00,0.00,599.90,0.00,599.90,69883.95,232.60,0,0,0,0.00,0,F1,25,,,,,
2026-04-24,2026-04-24,FO,NSE,IDO,73624,,NIFTYNXT50,,2026-05-26,2026-05-26,66400.00,PE,NIFTYNXT5026MAY66400PE,0.00,0.00,0.00,1021.00,0.00,1021.00,69883.95,534.55,0,0,0,0.00,0,F1,25,,,,,
2026-04-24,2026-04-24,FO,NSE,IDO,73831,,NIFTYNXT50,,2026-05-26,2026-05-26,68700.00,PE,NIFTYNXT5026MAY68700PE,0.00,0.00,0.00,1762.95,0.00,1762.95,69883.95,1210.10,0,0,0,0.00,0,F1,25,,,,,
2026-04-24,2026-04-24,FO,NSE,IDO,73833,,NIFTYNXT50,,2026-05-26,2026-05-26,68800.00,PE,NIFTYNXT5026MAY68800PE,0.00,0.00,0.00,1801.85,0.00,1801.85,69883.95,1248.70,0,0,0,0.00,0,F1,25,,,,,
2026-04-24,2026-04-24,FO,NSE,IDO,73982,,NIFTYNXT50,,2026-05-26,2026-05-26,72000.00,PE,NIFTYNXT5026MAY72000PE,0.00,0.00,0.00,3339.40,0.00,3339.40,69883.95,2915.35,0,0,0,0.00,0,F1,25,,,,,
2026-04-24,2026-04-24,FO,NSE,IDO,81724,,NIFTYNXT50,,2026-06-30,2026-06-30,66400.00,CE,NIFTYNXT5026JUN66400CE,0.00,0.00,0.00,998.10,0.00,998.10,69883.95,5316.75,0,0,0,0.00,0,F1,25,,,,,
2026-04-24,2026-04-24,FO,NSE,IDO,81680,,NIFTYNXT50,,2026-06-30,2026-06-30,65900.00,CE,NIFTYNXT5026JUN65900CE,0.00,0.00,0.00,1113.15,0.00,1113.15,69883.95,5679.55,0,0,0,0.00,0,F1,25,,,,,
2026-04-24,2026-04-24,FO,NSE,IDO,81395,,NIFTYNXT50,,2026-06-30,2026-06-30,61600.00,CE,NIFTYNXT5026JUN61600CE,0.00,0.00,0.00,2597.75,0.00,2597.75,69883.95,9228.25,0,0,0,0.00,0,F1,25,,,,,
2026-04-24,2026-04-24,FO,NSE,IDO,81373,,NIFTYNXT50,,2026-06-30,2026-06-30,61000.00,CE,NIFTYNXT5026JUN61000CE,0.00,0.00,0.00,2884.80,0.00,2884.80,69883.95,9772.30,0,0,0,0.00,0,F1,25,,,,,
2026-04-24,2026-04-24,FO,NSE,IDO,81355,,NIFTYNXT50,,2026-06-30,2026-06-30,60100.00,CE,NIFTYNXT5026JUN60100CE,0.00,0.00,0.00,3354.15,0.00,3354.15,69883.95,10603.70,0,0,0,0.00,0,F1,25,,,,,
2026-04-24,2026-04-24,FO,NSE,IDO,81341,,NIFTYNXT50,,2026-06-30,2026-06-30,59600.00,CE,NIFTYNXT5026JUN59600CE,0.00,0.00,0.00,3635.25,0.00,3635.25,69883.95,11072.40,0,0,0,0.00,0,F1,25,,,,,
2026-04-24,2026-04-24,FO,NSE,IDO,74518,,NIFTYNXT50,,2026-05-26,2026-05-26,75600.00,PE,NIFTYNXT5026MAY75600PE,0.00,0.00,0.00,5715.65,0.00,5715.65,69883.95,5667.65,0,0,0,0.00,0,F1,25,,,,,
2026-04-24,2026-04-24,FO,NSE,IDO,74524,,NIFTYNXT50,,2026-05-26,2026-05-26,75900.00,PE,NIFTYNXT5026MAY75900PE,0.00,0.00,0.00,5940.50,0.00,5940.50,69883.95,5927.55,0,0,0,0.00,0,F1,25,,,,,
2026-04-24,2026-04-24,FO,NSE,IDO,74537,,NIFTYNXT50,,2026-05-26,2026-05-26,76200.00,PE,NIFTYNXT5026MAY76200PE,0.00,0.00,0.00,6166.00,0.00,6166.00,69883.95,6190.90,0,0,0,0.00,0,F1,25,,,,,
2026-04-24,2026-04-24,FO,NSE,IDO,74545,,NIFTYNXT50,,2026-05-26,2026-05-26,76600.00,PE,NIFTYNXT5026MAY76600PE,0.00,0.00,0.00,6475.40,0.00,6475.40,69883.95,6547.05,0,0,0,0.00,0,F1,25,,,,,
2026-04-24,2026-04-24,FO,NSE,IDO,81012,,NIFTYNXT50,,2026-06-30,2026-06-30,55400.00,PE,NIFTYNXT5026JUN55400PE,0.00,0.00,0.00,598.75,0.00,598.75,69883.95,14.00,0,0,0,0.00,0,F1,25,,,,,
2026-04-24,2026-04-24,FO,NSE,IDO,81268,,NIFTYNXT50,,2026-06-30,2026-06-30,58100.00,PE,NIFTYNXT5026JUN58100PE,0.00,0.00,0.00,1274.05,0.00,1274.05,69883.95,56.65,0,0,0,0.00,0,F1,25,,,,,
2026-04-24,2026-04-24,FO,NSE,IDO,81296,,NIFTYNXT50,,2026-06-30,2026-06-30,58600.00,CE,NIFTYNXT5026JUN58600CE,0.00,0.00,0.00,4240.70,0.00,4240.70,69883.95,12021.65,0,0,0,0.00,0,F1,25,,,,,
2026-04-24,2026-04-24,FO,NSE,IDO,81284,,NIFTYNXT50,,2026-06-30,2026-06-30,58400.00,CE,NIFTYNXT5026JUN58400CE,0.00,0.00,0.00,4368.60,0.00,4368.60,69883.95,12213.15,0,0,0,0.00,0,F1,25,,,,,
2026-04-24,2026-04-24,FO,NSE,IDO,81269,,NIFTYNXT50,,2026-06-30,2026-06-30,58200.00,CE,NIFTYNXT5026JUN58200CE,0.00,0.00,0.00,4498.70,0.00,4498.70,69883.95,12405.10,0,0,0,0.00,0,F1,25,,,,,
2026-04-24,2026-04-24,FO,NSE,IDO,81210,,NIFTYNXT50,,2026-06-30,2026-06-30,56300.00,CE,NIFTYNXT5026JUN56300CE,0.00,0.00,0.00,5842.70,0.00,5842.70,69883.95,14247.10,0,0,0,0.00,0,F1,25,,,,,
2026-04-24,2026-04-24,FO,NSE,IDO,81009,,NIFTYNXT50,,2026-06-30,2026-06-30,55300.00,CE,NIFTYNXT5026JUN55300CE,0.00,0.00,0.00,6620.75,0.00,6620.75,69883.95,15226.00,0,0,0,0.00,0,F1,25,,,,,
2026-04-24,2026-04-24,FO,NSE,IDO,80900,,NIFTYNXT50,,2026-06-30,2026-06-30,53500.00,CE,NIFTYNXT5026JUN53500CE,0.00,0.00,0.00,8124.80,0.00,8124.80,69883.95,16996.75,0,0,0,0.00,0,F1,25,,,,,
2026-04-24,2026-04-24,FO,NSE,IDO,80860,,NIFTYNXT50,,2026-06-30,2026-06-30,52000.00,CE,NIFTYNXT5026JUN52000CE,0.00,0.00,0.00,9459.60,0.00,9459.60,69883.95,18476.85,0,0,0,0.00,0,F1,25,,,,,
2026-04-24,2026-04-24,FO,NSE,IDO,74523,,NIFTYNXT50,,2026-05-26,2026-05-26,75900.00,CE,NIFTYNXT5026MAY75900CE,0.00,0.00,0.00,1068.80,0.00,1068.80,69883.95,324.90,0,0,0,0.00,0,F1,25,,,,,
2026-04-24,2026-04-24,FO,NSE,IDO,74438,,NIFTYNXT50,,2026-05-26,2026-05-26,74700.00,CE,NIFTYNXT5026MAY74700CE,0.00,0.00,0.00,1370.45,0.00,1370.45,69883.95,502.45,0,0,0,0.00,0,F1,25,,,,,
2026-04-24,2026-04-24,FO,NSE,IDO,74421,,NIFTYNXT50,,2026-05-26,2026-05-26,74500.00,CE,NIFTYNXT5026MAY74500CE,0.00,0.00,0.00,1427.45,0.00,1427.45,69883.95,538.60,0,0,0,0.00,0,F1,25,,,,,
2026-04-24,2026-04-24,FO,NSE,IDO,74414,,NIFTYNXT50,,2026-05-26,2026-05-26,74200.00,CE,NIFTYNXT5026MAY74200CE,0.00,0.00,0.00,1516.35,0.00,1516.35,69883.95,596.80,0,0,0,0.00,0,F1,25,,,,,
2026-04-24,2026-04-24,FO,NSE,IDO,74060,,NIFTYNXT50,,2026-05-26,2026-05-26,72900.00,CE,NIFTYNXT5026MAY72900CE,0.00,0.00,0.00,1951.75,0.00,1951.75,69883.95,909.05,0,0,0,0.00,0,F1,25,,,,,
2026-04-24,2026-04-24,FO,NSE,IDO,74007,,NIFTYNXT50,,2026-05-26,2026-05-26,72300.00,CE,NIFTYNXT5026MAY72300CE,0.00,0.00,0.00,2181.50,0.00,2181.50,69883.95,1090.90,0,0,0,0.00,0,F1,25,,,,,
2026-04-24,2026-04-24,FO,NSE,IDO,73884,,NIFTYNXT50,,2026-05-26,2026-05-26,70400.00,CE,NIFTYNXT5026MAY70400CE,0.00,0.00,0.00,3037.20,0.00,3037.20,69883.95,1845.10,0,0,0,0.00,0,F1,25,,,,,
2026-04-24,2026-04-24,FO,NSE,IDO,73669,,NIFTYNXT50,,2026-05-26,2026-05-26,67800.00,CE,NIFTYNXT5026MAY67800CE,0.00,0.00,0.00,4532.85,0.00,4532.85,69883.95,3351.80,0,0,0,0.00,0,F1,25,,,,,
2026-04-24,2026-04-24,FO,NSE,IDO,73609,,NIFTYNXT50,,2026-05-26,2026-05-26,66000.00,CE,NIFTYNXT5026MAY66000CE,0.00,0.00,0.00,5782.15,0.00,5782.15,69883.95,4697.80,0,0,0,0.00,0,F1,25,,,,,
2026-04-24,2026-04-24,FO,NSE,IDO,73581,,NIFTYNXT50,,2026-05-26,2026-05-26,65600.00,CE,NIFTYNXT5026MAY65600CE,0.00,0.00,0.00,6081.25,0.00,6081.25,69883.95,5024.95,0,0,0,0.00,0,F1,25,,,,,
2026-04-24,2026-04-24,FO,NSE,IDO,73470,,NIFTYNXT50,,2026-05-26,2026-05-26,63300.00,CE,NIFTYNXT5026MAY63300CE,0.00,0.00,0.00,7933.20,0.00,7933.20,69883.95,7055.15,0,0,0,0.00,0,F1,25,,,,,
2026-04-24,2026-04-24,FO,NSE,IDO,73419,,NIFTYNXT50,,2026-05-26,2026-05-26,61900.00,CE,NIFTYNXT5026MAY61900CE,0.00,0.00,0.00,9152.70,0.00,9152.70,69883.95,8377.75,0,0,0,0.00,0,F1,25,,,,,
2026-04-24,2026-04-24,FO,NSE,IDO,73405,,NIFTYNXT50,,2026-05-26,2026-05-26,61400.00,CE,NIFTYNXT5026MAY61400CE,0.00,0.00,0.00,9601.65,0.00,9601.65,69883.95,8859.80,0,0,0,0.00,0,F1,25,,,,,
2026-04-24,2026-04-24,FO,NSE,IDO,73336,,NIFTYNXT50,,2026-05-26,2026-05-26,59500.00,CE,NIFTYNXT5026MAY59500CE,0.00,0.00,0.00,11357.25,0.00,11357.25,69883.95,10719.10,0,0,0,0.00,0,F1,25,,,,,
2026-04-24,2026-04-24,FO,NSE,IDO,73327,,NIFTYNXT50,,2026-05-26,2026-05-26,59300.00,CE,NIFTYNXT5026MAY59300CE,0.00,0.00,0.00,11545.80,0.00,11545.80,69883.95,10916.45,0,0,0,0.00,0,F1,25,,,,,
2026-04-24,2026-04-24,FO,NSE,IDO,73321,,NIFTYNXT50,,2026-05-26,2026-05-26,59200.00,CE,NIFTYNXT5026MAY59200CE,0.00,0.00,0.00,11640.25,0.00,11640.25,69883.95,11015.20,0,0,0,0.00,0,F1,25,,,,,
2026-04-24,2026-04-24,FO,NSE,IDO,38414,,NIFTYNXT50,,2026-05-26,2026-05-26,57700.00,CE,NIFTYNXT5026MAY57700CE,0.00,0.00,0.00,12957.25,0.00,12957.25,69883.95,12500.80,0,0,0,0.00,0,F1,25,,,,,
2026-04-24,2026-04-24,FO,NSE,IDO,43940,,NIFTYNXT50,,2026-05-26,2026-05-26,56200.00,CE,NIFTYNXT5026MAY56200CE,0.00,0.00,0.00,11516.75,0.00,11516.75,69883.95,13990.70,0,0,0,0.00,0,F1,25,,,,,
2026-04-24,2026-04-24,FO,NSE,IDO,73115,,NIFTYNXT50,,2026-05-26,2026-05-26,52000.00,CE,NIFTYNXT5026MAY52000CE,0.00,0.00,0.00,18636.25,0.00,18636.25,69883.95,18167.20,0,0,0,0.00,0,F1,25,,,,,
2026-04-24,2026-04-24,FO,NSE,IDO,74532,,NIFTYNXT50,,2026-04-28,2026-04-28,78500.00,CE,NIFTYNXT5026APR78500CE,0.00,0.00,0.00,207.35,0.00,207.35,69883.95,0.00,0,0,0,0.00,0,F1,25,,,,,
2026-04-24,2026-04-24,FO,NSE,IDO,74475,,NIFTYNXT50,,2026-04-28,2026-04-28,76800.00,CE,NIFTYNXT5026APR76800CE,0.00,0.00,0.00,334.15,0.00,334.15,69883.95,0.05,0,0,0,0.00,0,F1,25,,,,,
2026-04-24,2026-04-24,FO,NSE,IDO,74318,,NIFTYNXT50,,2026-04-28,2026-04-28,73600.00,CE,NIFTYNXT5026APR73600CE,0.00,0.00,0.00,759.50,0.00,759.50,69883.95,10.90,0,0,0,0.00,0,F1,25,,,,,
2026-04-24,2026-04-24,FO,NSE,IDO,74306,,NIFTYNXT50,,2026-04-28,2026-04-28,73000.00,CE,NIFTYNXT5026APR73000CE,25.00,25.00,18.60,19.95,19.95,875.85,69883.95,19.95,1000,1000,62,113182437.50,8,F1,25,,,,,
2026-04-24,2026-04-24,FO,NSE,IDO,81289,,NIFTYNXT50,,2026-06-30,2026-06-30,58400.00,PE,NIFTYNXT5026JUN58400PE,0.00,0.00,0.00,1372.65,0.00,1372.65,69883.95,65.15,0,0,0,0.00,0,F1,25,,,,,
2026-04-24,2026-04-24,FO,NSE,IDO,81327,,NIFTYNXT50,,2026-06-30,2026-06-30,59100.00,PE,NIFTYNXT5026JUN59100PE,0.00,0.00,0.00,1622.35,0.00,1622.35,69883.95,89.25,0,0,0,0.00,0,F1,25,,,,,
2026-04-24,2026-04-24,FO,NSE,IDO,81342,,NIFTYNXT50,,2026-06-30,2026-06-30,59600.00,PE,NIFTYNXT5026JUN59600PE,0.00,0.00,0.00,1817.85,0.00,1817.85,69883.95,110.75,0,0,0,0.00,0,F1,25,,,,,
2026-04-24,2026-04-24,FO,NSE,IDO,81354,,NIFTYNXT50,,2026-06-30,2026-06-30,60000.00,PE,NIFTYNXT5026JUN60000PE,0.00,0.00,0.00,1984.60,0.00,1984.60,69883.95,130.85,0,0,0,0.00,0,F1,25,,,,,
2026-04-24,2026-04-24,FO,NSE,IDO,81508,,NIFTYNXT50,,2026-06-30,2026-06-30,62600.00,PE,NIFTYNXT5026JUN62600PE,0.00,0.00,0.00,3294.10,0.00,3294.10,69883.95,347.40,0,0,0,0.00,0,F1,25,,,,,
2026-04-24,2026-04-24,FO,NSE,IDO,81615,,NIFTYNXT50,,2026-06-30,2026-06-30,63900.00,PE,NIFTYNXT5026JUN63900PE,0.00,0.00,0.00,4090.40,0.00,4090.40,69883.95,530.35,0,0,0,0.00,0,F1,25,,,,,
2026-04-24,2026-04-24,FO,NSE,IDO,81629,,NIFTYNXT50,,2026-06-30,2026-06-30,64500.00,PE,NIFTYNXT5026JUN64500PE,0.00,0.00,0.00,4487.40,0.00,4487.40,69883.95,636.15,0,0,0,0.00,0,F1,25,,,,,
2026-04-24,2026-04-24,FO,NSE,IDO,81663,,NIFTYNXT50,,2026-06-30,2026-06-30,65200.00,PE,NIFTYNXT5026JUN65200PE,0.00,0.00,0.00,4972.55,0.00,4972.55,69883.95,778.80,0,0,0,0.00,0,F1,25,,,,,
2026-04-24,2026-04-24,FO,NSE,IDO,81997,,NIFTYNXT50,,2026-06-30,2026-06-30,71500.00,PE,NIFTYNXT5026JUN71500PE,0.00,0.00,0.00,10154.95,0.00,10154.95,69883.95,3197.30,0,0,0,0.00,0,F1,25,,,,,
2026-04-24,2026-04-24,FO,NSE,IDO,74292,,NIFTYNXT50,,2026-04-28,2026-04-28,72300.00,CE,NIFTYNXT5026APR72300CE,0.00,0.00,0.00,1031.80,0.00,1031.80,69883.95,66.55,0,0,0,0.00,0,F1,25,,,,,
2026-04-24,2026-04-24,FO,NSE,IDO,74282,,NIFTYNXT50,,2026-04-28,2026-04-28,71900.00,CE,NIFTYNXT5026APR71900CE,0.05,33.00,0.05,27.05,27.05,107.25,69883.95,107.20,425,-150,15,26967526.25,10,F1,25,,,,,
2026-04-24,2026-04-24,FO,NSE,IDO,74278,,NIFTYNXT50,,2026-04-28,2026-04-28,71800.00,CE,NIFTYNXT5026APR71800CE,0.00,0.00,0.00,380.00,380.00,380.00,69883.95,120.10,200,0,0,0.00,0,F1,25,,,,,
2026-04-24,2026-04-24,FO,NSE,IDO,74196,,NIFTYNXT50,,2026-04-28,2026-04-28,70100.00,CE,NIFTYNXT5026APR70100CE,450.00,450.00,450.00,450.00,450.00,1656.00,69883.95,593.50,25,25,1,1763750.00,1,F1,25,,,,,
2026-04-24,2026-04-24,FO,NSE,IDO,74023,,NIFTYNXT50,,2026-04-28,2026-04-28,65900.00,CE,NIFTYNXT5026APR65900CE,0.00,0.00,0.00,3582.35,0.00,3582.35,69883.95,4029.70,0,0,0,0.00,0,F1,25,,,,,
2026-04-24,2026-04-24,FO,NSE,IDO,74015,,NIFTYNXT50,,2026-04-28,2026-04-28,65600.00,CE,NIFTYNXT5026APR65600CE,0.00,0.00,0.00,3759.55,0.00,3759.55,69883.95,4327.80,0,0,0,0.00,0,F1,25,,,,,
2026-04-24,2026-04-24,FO,NSE,IDO,73986,,NIFTYNXT50,,2026-04-28,2026-04-28,64800.00,CE,NIFTYNXT5026APR64800CE,0.00,0.00,0.00,4257.80,0.00,4257.80,69883.95,5125.50,0,0,0,0.00,0,F1,25,,,,,
2026-04-24,2026-04-24,FO,NSE,IDO,73945,,NIFTYNXT50,,2026-04-28,2026-04-28,63200.00,CE,NIFTYNXT5026APR63200CE,0.00,0.00,0.00,5365.40,0.00,5365.40,69883.95,6724.15,0,0,0,0.00,0,F1,25,,,,,
2026-04-24,2026-04-24,FO,NSE,IDO,73913,,NIFTYNXT50,,2026-04-28,2026-04-28,62000.00,CE,NIFTYNXT5026APR62000CE,0.00,0.00,0.00,6277.45,0.00,6277.45,69883.95,7923.35,0,0,0,0.00,0,F1,25,,,,,
2026-04-24,2026-04-24,FO,NSE,IDO,73816,,NIFTYNXT50,,2026-04-28,2026-04-28,60200.00,CE,NIFTYNXT5026APR60200CE,0.00,0.00,0.00,7766.70,0.00,7766.70,69883.95,9722.20,0,0,0,0.00,0,F1,25,,,,,
2026-04-24,2026-04-24,FO,NSE,IDO,73812,,NIFTYNXT50,,2026-04-28,2026-04-28,60000.00,CE,NIFTYNXT5026APR60000CE,0.00,0.00,0.00,7939.65,0.00,7939.65,69883.95,9922.10,0,0,0,0.00,0,F1,25,,,,,
2026-04-24,2026-04-24,FO,NSE,IDO,82003,,NIFTYNXT50,,2026-06-30,2026-06-30,71800.00,PE,NIFTYNXT5026JUN71800PE,0.00,0.00,0.00,10427.50,0.00,10427.50,69883.95,3367.45,0,0,0,0.00,0,F1,25,,,,,
2026-04-24,2026-04-24,FO,NSE,IDO,35274,,NIFTYNXT50,,2026-06-30,2026-06-30,72800.00,PE,NIFTYNXT5026JUN72800PE,0.00,0.00,0.00,9938.85,0.00,9938.85,69883.95,3969.60,0,0,0,0.00,0,F1,25,,,,,
2026-04-24,2026-04-24,FO,NSE,IDO,38783,,NIFTYNXT50,,2026-06-30,2026-06-30,74700.00,PE,NIFTYNXT5026JUN74700PE,0.00,0.00,0.00,10964.30,0.00,10964.30,69883.95,5252.40,0,0,0,0.00,0,F1,25,,,,,
2026-04-24,2026-04-24,FO,NSE,IDO,73802,,NIFTYNXT50,,2026-04-28,2026-04-28,59600.00,CE,NIFTYNXT5026APR59600CE,0.00,0.00,0.00,8289.45,0.00,8289.45,69883.95,10321.85,0,0,0,0.00,0,F1,25,,,,,
2026-04-24,2026-04-24,FO,NSE,IDO,73740,,NIFTYNXT50,,2026-04-28,2026-04-28,57400.00,CE,NIFTYNXT5026APR57400CE,0.00,0.00,0.00,10290.90,0.00,10290.90,69883.95,12520.45,0,0,0,0.00,0,F1,25,,,,,
2026-04-24,2026-04-24,FO,NSE,IDO,73705,,NIFTYNXT50,,2026-04-28,2026-04-28,56500.00,CE,NIFTYNXT5026APR56500CE,0.00,0.00,0.00,11138.50,0.00,11138.50,69883.95,13419.85,0,0,0,0.00,0,F1,25,,,,,
2026-04-24,2026-04-24,FO,NSE,IDO,49882,,NIFTYNXT50,,2026-04-28,2026-04-28,54100.00,CE,NIFTYNXT5026APR54100CE,0.00,0.00,0.00,12478.25,0.00,12478.25,69883.95,15818.35,0,0,0,0.00,0,F1,25,,,,,
2026-04-24,2026-04-24,FO,NSE,IDO,73491,,NIFTYNXT50,,2026-04-28,2026-04-28,53500.00,CE,NIFTYNXT5026APR53500CE,0.00,0.00,0.00,14031.80,0.00,14031.80,69883.95,16417.95,0,0,0,0.00,0,F1,25,,,,,
2026-04-24,2026-04-24,FO,NSE,IDO,81748,,NIFTYNXT50,,2026-06-30,2026-06-30,66900.00,CE,NIFTYNXT5026JUN66900CE,0.00,0.00,0.00,890.20,0.00,890.20,69883.95,4964.35,0,0,0,0.00,0,F1,25,,,,,
2026-04-24,2026-04-24,FO,NSE,IDO,35270,,NIFTYNXT50,,2026-06-30,2026-06-30,72700.00,CE,NIFTYNXT5026JUN72700CE,0.00,0.00,0.00,350.25,0.00,350.25,69883.95,1917.60,0,0,0,0.00,0,F1,25,,,,,
2026-04-24,2026-04-24,FO,NSE,IDO,40992,,NIFTYNXT50,,2026-06-30,2026-06-30,75700.00,CE,NIFTYNXT5026JUN75700CE,0.00,0.00,0.00,541.10,0.00,541.10,69883.95,1042.25,0,0,0,0.00,0,F1,25,,,,,
2026-04-24,2026-04-24,FO,NSE,IDO,73482,,NIFTYNXT50,,2026-04-28,2026-04-28,51000.00,PE,NIFTYNXT5026APR51000PE,0.00,0.00,0.00,3.25,0.00,3.25,69883.95,0.00,0,0,0,0.00,0,F1,25,,,,,
2026-04-24,2026-04-24,FO,NSE,IDO,73494,,NIFTYNXT50,,2026-04-28,2026-04-28,54000.00,PE,NIFTYNXT5026APR54000PE,0.00,0.00,0.00,2.80,2.55,2.80,69883.95,0.00,1000,0,0,0.00,0,F1,25,,,,,
2026-04-24,2026-04-24,FO,NSE,IDO,73675,,NIFTYNXT50,,2026-04-28,2026-04-28,55700.00,PE,NIFTYNXT5026APR55700PE,0.00,0.00,0.00,52.15,0.00,52.15,69883.95,0.00,0,0,0,0.00,0,F1,25,,,,,
2026-04-24,2026-04-24,FO,NSE,IDO,73803,,NIFTYNXT50,,2026-04-28,2026-04-28,59600.00,PE,NIFTYNXT5026APR59600PE,0.00,0.00,0.00,280.20,0.00,280.20,69883.95,0.00,0,0,0,0.00,0,F1,25,,,,,
2026-04-24,2026-04-24,FO,NSE,IDO,73829,,NIFTYNXT50,,2026-04-28,2026-04-28,60800.00,PE,NIFTYNXT5026APR60800PE,0.00,0.00,0.00,428.60,0.00,428.60,69883.95,0.00,0,0,0,0.00,0,F1,25,,,,,
2026-04-24,2026-04-24,FO,NSE,IDO,73838,,NIFTYNXT50,,2026-04-28,2026-04-28,61100.00,PE,NIFTYNXT5026APR61100PE,0.00,0.00,0.00,473.80,0.00,473.80,69883.95,0.00,0,0,0,0.00,0,F1,25,,,,,
2026-04-24,2026-04-24,FO,NSE,IDO,74298,,NIFTYNXT50,,2026-04-28,2026-04-28,72600.00,CE,NIFTYNXT5026APR72600CE,0.00,0.00,0.00,963.85,0.00,963.85,69883.95,45.40,0,0,0,0.00,0,F1,25,,,,,
2026-04-24,2026-04-24,FO,NSE,IDO,74194,,NIFTYNXT50,,2026-04-28,2026-04-28,70000.00,CE,NIFTYNXT5026APR70000CE,853.35,853.35,266.25,593.40,660.00,832.55,69883.95,593.40,6300,225,270,475342648.75,204,F1,25,,,,,
2026-04-24,2026-04-24,FO,NSE,IDO,74148,,NIFTYNXT50,,2026-04-28,2026-04-28,68800.00,CE,NIFTYNXT5026APR68800CE,0.00,0.00,0.00,2143.60,0.00,2143.60,69883.95,1382.35,0,0,0,0.00,0,F1,25,,,,,
2026-04-24,2026-04-24,FO,NSE,IDO,74086,,NIFTYNXT50,,2026-04-28,2026-04-28,67800.00,CE,NIFTYNXT5026APR67800CE,0.00,0.00,0.00,2583.65,0.00,2583.65,69883.95,2207.15,0,0,0,0.00,0,F1,25,,,,,
2026-04-24,2026-04-24,FO,NSE,IDO,74052,,NIFTYNXT50,,2026-04-28,2026-04-28,67200.00,CE,NIFTYNXT5026APR67200CE,0.00,0.00,0.00,2876.00,0.00,2876.00,69883.95,2761.65,0,0,0,0.00,0,F1,25,,,,,
2026-04-24,2026-04-24,FO,NSE,IDO,74029,,NIFTYNXT50,,2026-04-28,2026-04-28,66200.00,CE,NIFTYNXT5026APR66200CE,0.00,0.00,0.00,3410.40,0.00,3410.40,69883.95,3732.80,0,0,0,0.00,0,F1,25,,,,,
2026-04-24,2026-04-24,FO,NSE,IDO,73996,,NIFTYNXT50,,2026-04-28,2026-04-28,65100.00,CE,NIFTYNXT5026APR65100CE,0.00,0.00,0.00,4066.60,0.00,4066.60,69883.95,4826.05,0,0,0,0.00,0,F1,25,,,,,
2026-04-24,2026-04-24,FO,NSE,IDO,73835,,NIFTYNXT50,,2026-04-28,2026-04-28,61000.00,CE,NIFTYNXT5026APR61000CE,0.00,0.00,0.00,6144.55,6144.55,6144.55,69883.95,8922.75,175,0,0,0.00,0,F1,25,,,,,
2026-04-24,2026-04-24,FO,NSE,IDO,73760,,NIFTYNXT50,,2026-04-28,2026-04-28,57900.00,CE,NIFTYNXT5026APR57900CE,0.00,0.00,0.00,9826.20,0.00,9826.20,69883.95,12020.75,0,0,0,0.00,0,F1,25,,,,,
2026-04-24,2026-04-24,FO,NSE,IDO,73513,,NIFTYNXT50,,2026-04-28,2026-04-28,55200.00,CE,NIFTYNXT5026APR55200CE,0.00,0.00,0.00,12382.40,0.00,12382.40,69883.95,14719.05,0,0,0,0.00,0,F1,25,,,,,
2026-04-24,2026-04-24,FO,NSE,IDF,66072,,NIFTYNXT50,,2026-05-26,2026-05-26,,,NIFTYNXT5026MAYFUT,70500.00,70500.00,69333.40,70208.00,70230.00,70717.00,69883.95,70208.00,9425,3000,419,730219320.00,389,F1,25,,,,,
2026-04-24,2026-04-24,FO,NSE,IDO,74242,,NIFTYNXT50,,2026-04-28,2026-04-28,71100.00,CE,NIFTYNXT5026APR71100CE,113.00,113.00,113.00,113.00,113.00,304.90,69883.95,249.75,275,25,1,1780325.00,1,F1,25,,,,,
2026-04-24,2026-04-24,FO,NSE,IDO,42134,,NIFTYNXT50,,2026-06-30,2026-06-30,75200.00,PE,NIFTYNXT5026JUN75200PE,0.00,0.00,0.00,11173.35,0.00,11173.35,69883.95,5620.90,0,0,0,0.00,0,F1,25,,,,,
2026-04-24,2026-04-24,FO,NSE,IDO,81973,,NIFTYNXT50,,2026-06-30,2026-06-30,70300.00,PE,NIFTYNXT5026JUN70300PE,0.00,0.00,0.00,9082.00,0.00,9082.00,69883.95,2566.75,0,0,0,0.00,0,F1,25,,,,,
2026-04-24,2026-04-24,FO,NSE,IDO,81899,,NIFTYNXT50,,2026-06-30,2026-06-30,69700.00,PE,NIFTYNXT5026JUN69700PE,0.00,0.00,0.00,8557.25,0.00,8557.25,69883.95,2281.80,0,0,0,0.00,0,F1,25,,,,,
2026-04-24,2026-04-24,FO,NSE,IDO,81723,,NIFTYNXT50,,2026-06-30,2026-06-30,66300.00,PE,NIFTYNXT5026JUN66300PE,0.00,0.00,0.00,5782.90,0.00,5782.90,69883.95,1050.45,0,0,0,0.00,0,F1,25,,,,,
2026-04-24,2026-04-24,FO,NSE,IDO,81659,,NIFTYNXT50,,2026-06-30,2026-06-30,65000.00,PE,NIFTYNXT5026JUN65000PE,0.00,0.00,0.00,4831.60,0.00,4831.60,69883.95,735.85,0,0,0,0.00,0,F1,25,,,,,
2026-04-24,2026-04-24,FO,NSE,IDO,81564,,NIFTYNXT50,,2026-06-30,2026-06-30,63400.00,PE,NIFTYNXT5026JUN63400PE,0.00,0.00,0.00,3773.55,0.00,3773.55,69883.95,452.85,0,0,0,0.00,0,F1,25,,,,,
2026-04-24,2026-04-24,FO,NSE,IDO,81550,,NIFTYNXT50,,2026-06-30,2026-06-30,63200.00,PE,NIFTYNXT5026JUN63200PE,0.00,0.00,0.00,3650.45,0.00,3650.45,69883.95,424.45,0,0,0,0.00,0,F1,25,,,,,
2026-04-24,2026-04-24,FO,NSE,IDO,81396,,NIFTYNXT50,,2026-06-30,2026-06-30,61600.00,PE,NIFTYNXT5026JUN61600PE,0.00,0.00,0.00,2744.50,0.00,2744.50,69883.95,243.85,0,0,0,0.00,0,F1,25,,,,,
2026-04-24,2026-04-24,FO,NSE,IDO,81360,,NIFTYNXT50,,2026-06-30,2026-06-30,60300.00,PE,NIFTYNXT5026JUN60300PE,0.00,0.00,0.00,2115.80,0.00,2115.80,69883.95,147.90,0,0,0,0.00,0,F1,25,,,,,
2026-04-24,2026-04-24,FO,NSE,IDO,81295,,NIFTYNXT50,,2026-06-30,2026-06-30,58500.00,PE,NIFTYNXT5026JUN58500PE,0.00,0.00,0.00,1406.65,0.00,1406.65,69883.95,68.20,0,0,0,0.00,0,F1,25,,,,,
2026-04-24,2026-04-24,FO,NSE,IDO,81266,,NIFTYNXT50,,2026-06-30,2026-06-30,58000.00,PE,NIFTYNXT5026JUN58000PE,0.00,0.00,0.00,1242.30,0.00,1242.30,69883.95,54.05,0,0,0,0.00,0,F1,25,,,,,
2026-04-24,2026-04-24,FO,NSE,IDO,81227,,NIFTYNXT50,,2026-06-30,2026-06-30,57100.00,PE,NIFTYNXT5026JUN57100PE,0.00,0.00,0.00,983.60,0.00,983.60,69883.95,34.80,0,0,0,0.00,0,F1,25,,,,,
2026-04-24,2026-04-24,FO,NSE,IDO,81225,,NIFTYNXT50,,2026-06-30,2026-06-30,57000.00,PE,NIFTYNXT5026JUN57000PE,0.00,0.00,0.00,957.30,0.00,957.30,69883.95,33.05,0,0,0,0.00,0,F1,25,,,,,
2026-04-24,2026-04-24,FO,NSE,IDO,80949,,NIFTYNXT50,,2026-06-30,2026-06-30,54100.00,PE,NIFTYNXT5026JUN54100PE,0.00,0.00,0.00,391.25,0.00,391.25,69883.95,6.50,0,0,0,0.00,0,F1,25,,,,,
2026-04-24,2026-04-24,FO,NSE,IDO,74575,,NIFTYNXT50,,2026-05-26,2026-05-26,78000.00,PE,NIFTYNXT5026MAY78000PE,0.00,0.00,0.00,7602.60,0.00,7602.60,69883.95,7831.40,0,0,0,0.00,0,F1,25,,,,,
2026-04-24,2026-04-24,FO,NSE,IDO,74417,,NIFTYNXT50,,2026-05-26,2026-05-26,74300.00,PE,NIFTYNXT5026MAY74300PE,0.00,0.00,0.00,4784.30,0.00,4784.30,69883.95,4588.20,0,0,0,0.00,0,F1,25,,,,,
2026-04-24,2026-04-24,FO,NSE,IDO,74115,,NIFTYNXT50,,2026-05-26,2026-05-26,73400.00,PE,NIFTYNXT5026MAY73400PE,0.00,0.00,0.00,4187.25,0.00,4187.25,69883.95,3895.50,0,0,0,0.00,0,F1,25,,,,,
2026-04-24,2026-04-24,FO,NSE,IDO,74113,,NIFTYNXT50,,2026-05-26,2026-05-26,73300.00,PE,NIFTYNXT5026MAY73300PE,0.00,0.00,0.00,4123.35,0.00,4123.35,69883.95,3818.25,0,0,0,0.00,0,F1,25,,,,,
2026-04-24,2026-04-24,FO,NSE,IDO,73907,,NIFTYNXT50,,2026-05-26,2026-05-26,71500.00,PE,NIFTYNXT5026MAY71500PE,0.00,0.00,0.00,3061.70,0.00,3061.70,69883.95,2600.70,0,0,0,0.00,0,F1,25,,,,,
2026-04-24,2026-04-24,FO,NSE,IDO,73901,,NIFTYNXT50,,2026-05-26,2026-05-26,71200.00,PE,NIFTYNXT5026MAY71200PE,0.00,0.00,0.00,2901.65,0.00,2901.65,69883.95,2421.20,0,0,0,0.00,0,F1,25,,,,,
2026-04-24,2026-04-24,FO,NSE,IDO,73887,,NIFTYNXT50,,2026-05-26,2026-05-26,70500.00,PE,NIFTYNXT5026MAY70500PE,0.00,0.00,0.00,2547.80,0.00,2547.80,69883.95,2030.25,0,0,0,0.00,0,F1,25,,,,,
2026-04-24,2026-04-24,FO,NSE,IDO,73867,,NIFTYNXT50,,2026-05-26,2026-05-26,69500.00,PE,NIFTYNXT5026MAY69500PE,0.00,0.00,0.00,2089.40,0.00,2089.40,69883.95,1541.75,0,0,0,0.00,0,F1,25,,,,,
2026-04-24,2026-04-24,FO,NSE,IDO,73865,,NIFTYNXT50,,2026-05-26,2026-05-26,69400.00,PE,NIFTYNXT5026MAY69400PE,0.00,0.00,0.00,2046.65,0.00,2046.65,69883.95,1497.40,0,0,0,0.00,0,F1,25,,,,,
2026-04-24,2026-04-24,FO,NSE,IDO,73654,,NIFTYNXT50,,2026-05-26,2026-05-26,67400.00,PE,NIFTYNXT5026MAY67400PE,0.00,0.00,0.00,1307.45,0.00,1307.45,69883.95,780.05,0,0,0,0.00,0,F1,25,,,,,
2026-04-24,2026-04-24,FO,NSE,IDO,73630,,NIFTYNXT50,,2026-05-26,2026-05-26,66700.00,PE,NIFTYNXT5026MAY66700PE,0.00,0.00,0.00,1102.15,0.00,1102.15,69883.95,601.30,0,0,0,0.00,0,F1,25,,,,,
2026-04-24,2026-04-24,FO,NSE,IDO,73422,,NIFTYNXT50,,2026-05-26,2026-05-26,62000.00,PE,NIFTYNXT5026MAY62000PE,0.00,0.00,0.00,264.30,0.00,264.30,69883.95,60.15,0,0,0,0.00,0,F1,25,,,,,
2026-04-24,2026-04-24,FO,NSE,IDO,73178,,NIFTYNXT50,,2026-05-26,2026-05-26,57500.00,PE,NIFTYNXT5026MAY57500PE,0.00,0.00,0.00,39.45,0.00,39.45,69883.95,2.15,0,0,0,0.00,0,F1,25,,,,,
2026-04-24,2026-04-24,FO,NSE,IDO,41308,,NIFTYNXT50,,2026-05-26,2026-05-26,57300.00,PE,NIFTYNXT5026MAY57300PE,0.00,0.00,0.00,44.60,0.00,44.60,69883.95,1.80,0,0,0,0.00,0,F1,25,,,,,
2026-04-24,2026-04-24,FO,NSE,IDO,43935,,NIFTYNXT50,,2026-05-26,2026-05-26,55900.00,PE,NIFTYNXT5026MAY55900PE,0.00,0.00,0.00,49.55,0.00,49.55,69883.95,0.50,0,0,0,0.00,0,F1,25,,,,,
2026-04-24,2026-04-24,FO,NSE,IDO,43915,,NIFTYNXT50,,2026-05-26,2026-05-26,55400.00,PE,NIFTYNXT5026MAY55400PE,0.00,0.00,0.00,38.30,0.00,38.30,69883.95,0.30,0,0,0,0.00,0,F1,25,,,,,
2026-04-24,2026-04-24,FO,NSE,IDO,73114,,NIFTYNXT50,,2026-05-26,2026-05-26,51500.00,PE,NIFTYNXT5026MAY51500PE,0.00,0.00,0.00,1.05,0.00,1.05,69883.95,0.00,0,0,0,0.00,0,F1,25,,,,,
2026-04-24,2026-04-24,FO,NSE,IDO,74585,,NIFTYNXT50,,2026-04-28,2026-04-28,80000.00,PE,NIFTYNXT5026APR80000PE,0.00,0.00,0.00,12211.40,0.00,12211.40,69883.95,10065.25,0,0,0,0.00,0,F1,25,,,,,
2026-04-24,2026-04-24,FO,NSE,IDO,74510,,NIFTYNXT50,,2026-04-28,2026-04-28,78000.00,PE,NIFTYNXT5026APR78000PE,0.00,0.00,0.00,10348.25,0.00,10348.25,69883.95,8066.50,0,0,0,0.00,0,F1,25,,,,,
2026-04-24,2026-04-24,FO,NSE,IDO,74433,,NIFTYNXT50,,2026-04-28,2026-04-28,76600.00,PE,NIFTYNXT5026APR76600PE,0.00,0.00,0.00,9083.15,0.00,9083.15,69883.95,6667.45,0,0,0,0.00,0,F1,25,,,,,
2026-04-24,2026-04-24,FO,NSE,IDO,74295,,NIFTYNXT50,,2026-04-28,2026-04-28,72400.00,PE,NIFTYNXT5026APR72400PE,0.00,0.00,0.00,5603.45,0.00,5603.45,69883.95,2528.75,0,0,0,0.00,0,F1,25,,,,,
2026-04-24,2026-04-24,FO,NSE,IDO,74211,,NIFTYNXT50,,2026-04-28,2026-04-28,70600.00,PE,NIFTYNXT5026APR70600PE,0.00,0.00,0.00,4314.85,0.00,4314.85,69883.95,1066.00,0,0,0,0.00,0,F1,25,,,,,
2026-04-24,2026-04-24,FO,NSE,IDO,74191,,NIFTYNXT50,,2026-04-28,2026-04-28,69800.00,PE,NIFTYNXT5026APR69800PE,0.00,0.00,0.00,3794.90,0.00,3794.90,69883.95,612.40,0,0,0,0.00,0,F1,25,,,,,
2026-04-24,2026-04-24,FO,NSE,IDO,74153,,NIFTYNXT50,,2026-04-28,2026-04-28,69000.00,PE,NIFTYNXT5026APR69000PE,390.00,575.00,211.35,232.50,214.50,236.50,69883.95,232.50,1700,475,186,322848197.50,140,F1,25,,,,,
2026-04-24,2026-04-24,FO,NSE,IDO,74149,,NIFTYNXT50,,2026-04-28,2026-04-28,68800.00,PE,NIFTYNXT5026APR68800PE,0.00,0.00,0.00,3193.45,0.00,3193.45,69883.95,254.70,0,0,0,0.00,0,F1,25,,,,,
2026-04-24,2026-04-24,FO,NSE,IDO,74044,,NIFTYNXT50,,2026-04-28,2026-04-28,66900.00,PE,NIFTYNXT5026APR66900PE,0.00,0.00,0.00,2209.05,0.00,2209.05,69883.95,22.15,0,0,0,0.00,0,F1,25,,,,,
2026-04-24,2026-04-24,FO,NSE,IDO,74022,,NIFTYNXT50,,2026-04-28,2026-04-28,65800.00,PE,NIFTYNXT5026APR65800PE,0.00,0.00,0.00,1736.60,0.00,1736.60,69883.95,3.20,0,0,0,0.00,0,F1,25,,,,,
2026-04-24,2026-04-24,FO,NSE,IDO,74006,,NIFTYNXT50,,2026-04-28,2026-04-28,65300.00,PE,NIFTYNXT5026APR65300PE,0.00,0.00,0.00,1545.50,0.00,1545.50,69883.95,1.15,0,0,0,0.00,0,F1,25,,,,,
2026-04-24,2026-04-24,FO,NSE,IDO,73956,,NIFTYNXT50,,2026-04-28,2026-04-28,63700.00,PE,NIFTYNXT5026APR63700PE,0.00,0.00,0.00,1032.75,0.00,1032.75,69883.95,0.05,0,0,0,0.00,0,F1,25,,,,,
2026-04-24,2026-04-24,FO,NSE,IDO,73944,,NIFTYNXT50,,2026-04-28,2026-04-28,63100.00,PE,NIFTYNXT5026APR63100PE,0.00,0.00,0.00,873.60,0.00,873.60,69883.95,0.00,0,0,0,0.00,0,F1,25,,,,,
2026-04-24,2026-04-24,FO,NSE,IDO,73914,,NIFTYNXT50,,2026-04-28,2026-04-28,62000.00,PE,NIFTYNXT5026APR62000PE,0.00,0.00,0.00,631.40,0.00,631.40,69883.95,0.00,0,0,0,0.00,0,F1,25,,,,,
2026-04-24,2026-04-24,FO,NSE,IDO,73840,,NIFTYNXT50,,2026-04-28,2026-04-28,61200.00,PE,NIFTYNXT5026APR61200PE,0.00,0.00,0.00,121.00,121.00,121.00,69883.95,0.00,0,0,0,0.00,0,F1,25,,,,,
2026-04-24,2026-04-24,FO,NSE,IDO,73799,,NIFTYNXT50,,2026-04-28,2026-04-28,59400.00,PE,NIFTYNXT5026APR59400PE,0.00,0.00,0.00,260.00,0.00,260.00,69883.95,0.00,0,0,0,0.00,0,F1,25,,,,,
2026-04-24,2026-04-24,FO,NSE,IDO,73699,,NIFTYNXT50,,2026-04-28,2026-04-28,56200.00,PE,NIFTYNXT5026APR56200PE,0.00,0.00,0.00,66.55,0.00,66.55,69883.95,0.00,0,0,0,0.00,0,F1,25,,,,,
2026-04-24,2026-04-24,FO,NSE,IDO,73687,,NIFTYNXT50,,2026-04-28,2026-04-28,56000.00,PE,NIFTYNXT5026APR56000PE,0.00,0.00,0.00,60.45,0.00,60.45,69883.95,0.00,0,0,0,0.00,0,F1,25,,,,,
2026-04-24,2026-04-24,FO,NSE,IDO,73500,,NIFTYNXT50,,2026-04-28,2026-04-28,54800.00,PE,NIFTYNXT5026APR54800PE,0.00,0.00,0.00,32.85,0.00,32.85,69883.95,0.00,0,0,0,0.00,0,F1,25,,,,,
2026-04-24,2026-04-24,FO,NSE,IDO,73498,,NIFTYNXT50,,2026-04-28,2026-04-28,54700.00,PE,NIFTYNXT5026APR54700PE,0.00,0.00,0.00,31.15,0.00,31.15,69883.95,0.00,0,0,0,0.00,0,F1,25,,,,,
2026-04-24,2026-04-24,FO,NSE,IDO,73488,,NIFTYNXT50,,2026-04-28,2026-04-28,52500.00,PE,NIFTYNXT5026APR52500PE,0.00,0.00,0.00,8.75,0.00,8.75,69883.95,0.00,0,0,0,0.00,0,F1,25,,,,,
2026-04-24,2026-04-24,FO,NSE,IDO,82123,,NIFTYNXT50,,2026-06-30,2026-06-30,80500.00,CE,NIFTYNXT5026JUN80500CE,0.00,0.00,0.00,18.75,0.00,18.75,69883.95,329.05,0,0,0,0.00,0,F1,25,,,,,
2026-04-24,2026-04-24,FO,NSE,IDO,38784,,NIFTYNXT50,,2026-06-30,2026-06-30,74800.00,CE,NIFTYNXT5026JUN74800CE,0.00,0.00,0.00,230.55,0.00,230.55,69883.95,1259.10,0,0,0,0.00,0,F1,25,,,,,
2026-04-24,2026-04-24,FO,NSE,IDO,38776,,NIFTYNXT50,,2026-06-30,2026-06-30,74400.00,CE,NIFTYNXT5026JUN74400CE,0.00,0.00,0.00,256.90,0.00,256.90,69883.95,1368.45,0,0,0,0.00,0,F1,25,,,,,
2026-04-24,2026-04-24,FO,NSE,IDO,38766,,NIFTYNXT50,,2026-06-30,2026-06-30,74100.00,CE,NIFTYNXT5026JUN74100CE,0.00,0.00,0.00,278.40,0.00,278.40,69883.95,1455.25,0,0,0,0.00,0,F1,25,,,,,
2026-04-24,2026-04-24,FO,NSE,IDO,82030,,NIFTYNXT50,,2026-06-30,2026-06-30,72500.00,CE,NIFTYNXT5026JUN72500CE,0.00,0.00,0.00,217.65,0.00,217.65,69883.95,1991.75,0,0,0,0.00,0,F1,25,,,,,
2026-04-24,2026-04-24,FO,NSE,IDO,81908,,NIFTYNXT50,,2026-06-30,2026-06-30,69900.00,CE,NIFTYNXT5026JUN69900CE,0.00,0.00,0.00,433.15,0.00,433.15,69883.95,3153.30,0,0,0,0.00,0,F1,25,,,,,
2026-04-24,2026-04-24,FO,NSE,IDO,81814,,NIFTYNXT50,,2026-06-30,2026-06-30,69100.00,CE,NIFTYNXT5026JUN69100CE,0.00,0.00,0.00,529.00,0.00,529.00,69883.95,3586.95,0,0,0,0.00,0,F1,25,,,,,
2026-04-24,2026-04-24,FO,NSE,IDO,81803,,NIFTYNXT50,,2026-06-30,2026-06-30,68700.00,CE,NIFTYNXT5026JUN68700CE,0.00,0.00,0.00,583.40,0.00,583.40,69883.95,3817.40,0,0,0,0.00,0,F1,25,,,,,
2026-04-24,2026-04-24,FO,NSE,IDO,81794,,NIFTYNXT50,,2026-06-30,2026-06-30,68300.00,CE,NIFTYNXT5026JUN68300CE,0.00,0.00,0.00,642.45,0.00,642.45,69883.95,4056.85,0,0,0,0.00,0,F1,25,,,,,
2026-04-24,2026-04-24,FO,NSE,IDO,81674,,NIFTYNXT50,,2026-06-30,2026-06-30,65800.00,CE,NIFTYNXT5026JUN65800CE,0.00,0.00,0.00,1137.45,0.00,1137.45,69883.95,5750.80,0,0,0,0.00,0,F1,25,,,,,
2026-04-24,2026-04-24,FO,NSE,IDO,81656,,NIFTYNXT50,,2026-06-30,2026-06-30,64900.00,CE,NIFTYNXT5026JUN64900CE,0.00,0.00,0.00,1374.15,0.00,1374.15,69883.95,6436.95,0,0,0,0.00,0,F1,25,,,,,
2026-04-24,2026-04-24,FO,NSE,IDO,81632,,NIFTYNXT50,,2026-06-30,2026-06-30,64700.00,CE,NIFTYNXT5026JUN64700CE,0.00,0.00,0.00,1432.40,0.00,1432.40,69883.95,6594.40,0,0,0,0.00,0,F1,25,,,,,
2026-04-24,2026-04-24,FO,NSE,IDO,81567,,NIFTYNXT50,,2026-06-30,2026-06-30,63600.00,CE,NIFTYNXT5026JUN63600CE,0.00,0.00,0.00,1787.80,0.00,1787.80,69883.95,7489.85,0,0,0,0.00,0,F1,25,,,,,
2026-04-24,2026-04-24,FO,NSE,IDO,81543,,NIFTYNXT50,,2026-06-30,2026-06-30,63000.00,CE,NIFTYNXT5026JUN63000CE,0.00,0.00,0.00,2007.85,0.00,2007.85,69883.95,7997.75,0,0,0,0.00,0,F1,25,,,,,
2026-04-24,2026-04-24,FO,NSE,IDO,81503,,NIFTYNXT50,,2026-06-30,2026-06-30,62400.00,CE,NIFTYNXT5026JUN62400CE,0.00,0.00,0.00,2247.30,0.00,2247.30,69883.95,8517.80,0,0,0,0.00,0,F1,25,,,,,
2026-04-24,2026-04-24,FO,NSE,IDO,81499,,NIFTYNXT50,,2026-06-30,2026-06-30,62200.00,CE,NIFTYNXT5026JUN62200CE,0.00,0.00,0.00,2331.50,0.00,2331.50,69883.95,8693.70,0,0,0,0.00,0,F1,25,,,,,
2026-04-24,2026-04-24,FO,NSE,IDO,81497,,NIFTYNXT50,,2026-06-30,2026-06-30,62100.00,CE,NIFTYNXT5026JUN62100CE,0.00,0.00,0.00,2374.50,0.00,2374.50,69883.95,8782.10,0,0,0,0.00,0,F1,25,,,,,
2026-04-24,2026-04-24,FO,NSE,IDO,81367,,NIFTYNXT50,,2026-06-30,2026-06-30,60700.00,CE,NIFTYNXT5026JUN60700CE,0.00,0.00,0.00,3036.00,0.00,3036.00,69883.95,10047.50,0,0,0,0.00,0,F1,25,,,,,
2026-04-24,2026-04-24,FO,NSE,IDO,81347,,NIFTYNXT50,,2026-06-30,2026-06-30,59900.00,CE,NIFTYNXT5026JUN59900CE,0.00,0.00,0.00,3464.85,0.00,3464.85,69883.95,10790.65,0,0,0,0.00,0,F1,25,,,,,
2026-04-24,2026-04-24,FO,NSE,IDO,81331,,NIFTYNXT50,,2026-06-30,2026-06-30,59300.00,CE,NIFTYNXT5026JUN59300CE,0.00,0.00,0.00,3810.85,0.00,3810.85,69883.95,11355.60,0,0,0,0.00,0,F1,25,,,,,
2026-04-24,2026-04-24,FO,NSE,IDO,81282,,NIFTYNXT50,,2026-06-30,2026-06-30,58300.00,CE,NIFTYNXT5026JUN58300CE,0.00,0.00,0.00,4433.35,0.00,4433.35,69883.95,12309.05,0,0,0,0.00,0,F1,25,,,,,
2026-04-24,2026-04-24,FO,NSE,IDO,81262,,NIFTYNXT50,,2026-06-30,2026-06-30,58000.00,CE,NIFTYNXT5026JUN58000CE,0.00,0.00,0.00,4631.05,0.00,4631.05,69883.95,12597.50,0,0,0,0.00,0,F1,25,,,,,
2026-04-24,2026-04-24,FO,NSE,IDO,81024,,NIFTYNXT50,,2026-06-30,2026-06-30,55900.00,CE,NIFTYNXT5026JUN55900CE,0.00,0.00,0.00,6148.45,0.00,6148.45,69883.95,14638.10,0,0,0,0.00,0,F1,25,,,,,
2026-04-24,2026-04-24,FO,NSE,IDO,81015,,NIFTYNXT50,,2026-06-30,2026-06-30,55600.00,CE,NIFTYNXT5026JUN55600CE,0.00,0.00,0.00,6382.60,0.00,6382.60,69883.95,14931.85,0,0,0,0.00,0,F1,25,,,,,
2026-04-24,2026-04-24,FO,NSE,IDO,74552,,NIFTYNXT50,,2026-05-26,2026-05-26,76900.00,CE,NIFTYNXT5026MAY76900CE,0.00,0.00,0.00,856.10,0.00,856.10,69883.95,220.45,0,0,0,0.00,0,F1,25,,,,,
2026-04-24,2026-04-24,FO,NSE,IDO,74519,,NIFTYNXT50,,2026-05-26,2026-05-26,75700.00,CE,NIFTYNXT5026MAY75700CE,0.00,0.00,0.00,1115.20,0.00,1115.20,69883.95,350.20,0,0,0,0.00,0,F1,25,,,,,
2026-04-24,2026-04-24,FO,NSE,IDO,74442,,NIFTYNXT50,,2026-05-26,2026-05-26,74800.00,CE,NIFTYNXT5026MAY74800CE,0.00,0.00,0.00,1342.60,0.00,1342.60,69883.95,485.10,0,0,0,0.00,0,F1,25,,,,,
2026-04-24,2026-04-24,FO,NSE,IDO,74112,,NIFTYNXT50,,2026-05-26,2026-05-26,73300.00,CE,NIFTYNXT5026MAY73300CE,0.00,0.00,0.00,1808.85,0.00,1808.85,69883.95,801.45,0,0,0,0.00,0,F1,25,,,,,
2026-04-24,2026-04-24,FO,NSE,IDO,74066,,NIFTYNXT50,,2026-05-26,2026-05-26,73100.00,CE,NIFTYNXT5026MAY73100CE,0.00,0.00,0.00,1879.30,0.00,1879.30,69883.95,853.95,0,0,0,0.00,0,F1,25,,,,,
2026-04-24,2026-04-24,FO,NSE,IDO,73902,,NIFTYNXT50,,2026-05-26,2026-05-26,71300.00,CE,NIFTYNXT5026MAY71300CE,0.00,0.00,0.00,2607.00,0.00,2607.00,69883.95,1452.55,0,0,0,0.00,0,F1,25,,,,,
2026-04-24,2026-04-24,FO,NSE,IDO,73892,,NIFTYNXT50,,2026-05-26,2026-05-26,70800.00,CE,NIFTYNXT5026MAY70800CE,0.00,0.00,0.00,2840.30,0.00,2840.30,69883.95,1662.55,0,0,0,0.00,0,F1,25,,,,,
2026-04-24,2026-04-24,FO,NSE,IDO,73866,,NIFTYNXT50,,2026-05-26,2026-05-26,69500.00,CE,NIFTYNXT5026MAY69500CE,0.00,0.00,0.00,3512.35,0.00,3512.35,69883.95,2304.25,0,0,0,0.00,0,F1,25,,,,,
2026-04-24,2026-04-24,FO,NSE,IDO,73806,,NIFTYNXT50,,2026-05-26,2026-05-26,68700.00,CE,NIFTYNXT5026MAY68700CE,0.00,0.00,0.00,3972.70,0.00,3972.70,69883.95,2768.25,0,0,0,0.00,0,F1,25,,,,,
2026-04-24,2026-04-24,FO,NSE,IDO,73631,,NIFTYNXT50,,2026-05-26,2026-05-26,66800.00,CE,NIFTYNXT5026MAY66800CE,0.00,0.00,0.00,5205.90,0.00,5205.90,69883.95,4072.70,0,0,0,0.00,0,F1,25,,,,,
2026-04-24,2026-04-24,FO,NSE,IDO,73627,,NIFTYNXT50,,2026-05-26,2026-05-26,66600.00,CE,NIFTYNXT5026MAY66600CE,0.00,0.00,0.00,5349.80,0.00,5349.80,69883.95,4225.10,0,0,0,0.00,0,F1,25,,,,,
2026-04-24,2026-04-24,FO,NSE,IDO,73579,,NIFTYNXT50,,2026-05-26,2026-05-26,65500.00,CE,NIFTYNXT5026MAY65500CE,0.00,0.00,0.00,6157.15,0.00,6157.15,69883.95,5108.15,0,0,0,0.00,0,F1,25,,,,,
2026-04-24,2026-04-24,FO,NSE,IDO,73567,,NIFTYNXT50,,2026-05-26,2026-05-26,65000.00,CE,NIFTYNXT5026MAY65000CE,0.00,0.00,0.00,6543.45,0.00,6543.45,69883.95,5531.95,0,0,0,0.00,0,F1,25,,,,,
2026-04-24,2026-04-24,FO,NSE,IDO,73563,,NIFTYNXT50,,2026-05-26,2026-05-26,64800.00,CE,NIFTYNXT5026MAY64800CE,0.00,0.00,0.00,6701.00,0.00,6701.00,69883.95,5704.95,0,0,0,0.00,0,F1,25,,,,,
2026-04-24,2026-04-24,FO,NSE,IDO,73509,,NIFTYNXT50,,2026-05-26,2026-05-26,63600.00,CE,NIFTYNXT5026MAY63600CE,0.00,0.00,0.00,7680.05,0.00,7680.05,69883.95,6778.55,0,0,0,0.00,0,F1,25,,,,,
2026-04-24,2026-04-24,FO,NSE,IDO,73395,,NIFTYNXT50,,2026-05-26,2026-05-26,61100.00,CE,NIFTYNXT5026MAY61100CE,0.00,0.00,0.00,9873.95,0.00,9873.95,69883.95,9150.85,0,0,0,0.00,0,F1,25,,,,,
2026-04-24,2026-04-24,FO,NSE,IDO,73385,,NIFTYNXT50,,2026-05-26,2026-05-26,60700.00,CE,NIFTYNXT5026MAY60700CE,0.00,0.00,0.00,10240.15,0.00,10240.15,69883.95,9540.70,0,0,0,0.00,0,F1,25,,,,,
2026-04-24,2026-04-24,FO,NSE,IDO,73312,,NIFTYNXT50,,2026-05-26,2026-05-26,59100.00,CE,NIFTYNXT5026MAY59100CE,0.00,0.00,0.00,11734.90,0.00,11734.90,69883.95,11114.00,0,0,0,0.00,0,F1,25,,,,,
2026-04-24,2026-04-24,FO,NSE,IDO,73295,,NIFTYNXT50,,2026-05-26,2026-05-26,58900.00,CE,NIFTYNXT5026MAY58900CE,0.00,0.00,0.00,11924.50,0.00,11924.50,69883.95,11311.75,0,0,0,0.00,0,F1,25,,,,,
2026-04-24,2026-04-24,FO,NSE,IDO,73286,,NIFTYNXT50,,2026-05-26,2026-05-26,58700.00,CE,NIFTYNXT5026MAY58700CE,0.00,0.00,0.00,12114.65,0.00,12114.65,69883.95,11509.60,0,0,0,0.00,0,F1,25,,,,,
2026-04-24,2026-04-24,FO,NSE,IDO,73232,,NIFTYNXT50,,2026-05-26,2026-05-26,58400.00,CE,NIFTYNXT5026MAY58400CE,0.00,0.00,0.00,12400.80,0.00,12400.80,69883.95,11806.70,0,0,0,0.00,0,F1,25,,,,,
2026-04-24,2026-04-24,FO,NSE,IDO,49896,,NIFTYNXT50,,2026-05-26,2026-05-26,54300.00,CE,NIFTYNXT5026MAY54300CE,0.00,0.00,0.00,12582.35,0.00,12582.35,69883.95,15879.85,0,0,0,0.00,0,F1,25,,,,,
2026-04-24,2026-04-24,FO,NSE,IDO,73119,,NIFTYNXT50,,2026-05-26,2026-05-26,53000.00,CE,NIFTYNXT5026MAY53000CE,0.00,0.00,0.00,17654.20,0.00,17654.20,69883.95,17172.70,0,0,0,0.00,0,F1,25,,,,,
2026-04-24,2026-04-24,FO,NSE,IDO,73111,,NIFTYNXT50,,2026-05-26,2026-05-26,51500.00,CE,NIFTYNXT5026MAY51500CE,0.00,0.00,0.00,19127.55,0.00,19127.55,69883.95,18664.50,0,0,0,0.00,0,F1,25,,,,,
2026-04-24,2026-04-24,FO,NSE,IDO,74548,,NIFTYNXT50,,2026-04-28,2026-04-28,79000.00,CE,NIFTYNXT5026APR79000CE,0.00,0.00,0.00,179.30,0.00,179.30,69883.95,0.00,0,0,0,0.00,0,F1,25,,,,,
2026-04-24,2026-04-24,FO,NSE,IDO,74432,,NIFTYNXT50,,2026-04-28,2026-04-28,76600.00,CE,NIFTYNXT5026APR76600CE,0.00,0.00,0.00,352.80,0.00,352.80,69883.95,0.05,0,0,0,0.00,0,F1,25,,,,,
2026-04-24,2026-04-24,FO,NSE,IDO,74330,,NIFTYNXT50,,2026-04-28,2026-04-28,74200.00,CE,NIFTYNXT5026APR74200CE,0.00,0.00,0.00,656.25,0.00,656.25,69883.95,4.10,0,0,0,0.00,0,F1,25,,,,,
2026-04-24,2026-04-24,FO,NSE,IDO,74326,,NIFTYNXT50,,2026-04-28,2026-04-28,74000.00,CE,NIFTYNXT5026APR74000CE,0.00,0.00,0.00,689.25,0.00,689.25,69883.95,5.75,0,0,0,0.00,0,F1,25,,,,,
2026-04-24,2026-04-24,FO,NSE,IDO,74308,,NIFTYNXT50,,2026-04-28,2026-04-28,73100.00,CE,NIFTYNXT5026APR73100CE,0.00,0.00,0.00,855.50,0.00,855.50,69883.95,22.90,0,0,0,0.00,0,F1,25,,,,,
2026-04-24,2026-04-24,FO,NSE,IDO,74304,,NIFTYNXT50,,2026-04-28,2026-04-28,72900.00,CE,NIFTYNXT5026APR72900CE,0.00,0.00,0.00,896.60,0.00,896.60,69883.95,30.30,0,0,0,0.00,0,F1,25,,,,,
2026-04-24,2026-04-24,FO,NSE,IDO,73505,,NIFTYNXT50,,2026-04-28,2026-04-28,55000.00,CE,NIFTYNXT5026APR55000CE,0.00,0.00,0.00,12575.35,0.00,12575.35,69883.95,14918.90,0,0,0,0.00,0,F1,25,,,,,
2026-04-24,2026-04-24,FO,NSE,IDO,73727,,NIFTYNXT50,,2026-04-28,2026-04-28,57200.00,CE,NIFTYNXT5026APR57200CE,0.00,0.00,0.00,10478.10,0.00,10478.10,69883.95,12720.30,0,0,0,0.00,0,F1,25,,,,,
2026-04-24,2026-04-24,FO,NSE,IDO,73766,,NIFTYNXT50,,2026-04-28,2026-04-28,58100.00,CE,NIFTYNXT5026APR58100CE,0.00,0.00,0.00,9641.75,0.00,9641.75,69883.95,11820.90,0,0,0,0.00,0,F1,25,,,,,
2026-04-24,2026-04-24,FO,NSE,IDO,73770,,NIFTYNXT50,,2026-04-28,2026-04-28,58300.00,CE,NIFTYNXT5026APR58300CE,0.00,0.00,0.00,9458.15,0.00,9458.15,69883.95,11621.00,0,0,0,0.00,0,F1,25,,,,,
2026-04-24,2026-04-24,FO,NSE,IDO,73955,,NIFTYNXT50,,2026-04-28,2026-04-28,63700.00,CE,NIFTYNXT5026APR63700CE,0.00,0.00,0.00,5004.80,0.00,5004.80,69883.95,6224.45,0,0,0,0.00,0,F1,25,,,,,
2026-04-24,2026-04-24,FO,NSE,IDO,74019,,NIFTYNXT50,,2026-04-28,2026-04-28,65800.00,CE,NIFTYNXT5026APR65800CE,0.00,0.00,0.00,3640.80,0.00,3640.80,69883.95,4128.95,0,0,0,0.00,0,F1,25,,,,,
2026-04-24,2026-04-24,FO,NSE,IDO,74047,,NIFTYNXT50,,2026-04-28,2026-04-28,67000.00,CE,NIFTYNXT5026APR67000CE,2897.00,2897.00,2897.00,2897.00,2897.00,3688.00,69883.95,2952.40,225,-25,1,1747425.00,1,F1,25,,,,,
2026-04-24,2026-04-24,FO,NSE,IDO,74084,,NIFTYNXT50,,2026-04-28,2026-04-28,67700.00,CE,NIFTYNXT5026APR67700CE,0.00,0.00,0.00,1013.75,1030.00,1013.75,69883.95,2297.30,50,0,0,0.00,0,F1,25,,,,,
2026-04-24,2026-04-24,FO,NSE,IDO,74213,,NIFTYNXT50,,2026-04-28,2026-04-28,70700.00,CE,NIFTYNXT5026APR70700CE,218.20,218.20,218.20,218.20,218.20,1461.45,69883.95,361.70,75,75,3,5318865.00,2,F1,25,,,,,
2026-04-24,2026-04-24,FO,NSE,IDO,74248,,NIFTYNXT50,,2026-04-28,2026-04-28,71200.00,CE,NIFTYNXT5026APR71200CE,0.00,0.00,0.00,690.00,690.00,690.00,69883.95,226.45,75,0,0,0.00,0,F1,25,,,,,
2026-04-24,2026-04-24,FO,NSE,IDO,74264,,NIFTYNXT50,,2026-04-28,2026-04-28,71300.00,CE,NIFTYNXT5026APR71300CE,0.00,0.00,0.00,345.00,345.00,345.00,69883.95,204.90,575,0,0,0.00,0,F1,25,,,,,
2026-04-24,2026-04-24,FO,NSE,IDO,74465,,NIFTYNXT50,,2026-04-28,2026-04-28,76700.00,CE,NIFTYNXT5026APR76700CE,0.00,0.00,0.00,343.35,0.00,343.35,69883.95,0.05,0,0,0,0.00,0,F1,25,,,,,
2026-04-24,2026-04-24,FO,NSE,IDO,74483,,NIFTYNXT50,,2026-04-28,2026-04-28,77200.00,CE,NIFTYNXT5026APR77200CE,0.00,0.00,0.00,299.40,0.00,299.40,69883.95,0.05,0,0,0,0.00,0,F1,25,,,,,
2026-04-24,2026-04-24,FO,NSE,IDO,74584,,NIFTYNXT50,,2026-04-28,2026-04-28,80000.00,CE,NIFTYNXT5026APR80000CE,0.00,0.00,0.00,133.05,0.00,133.05,69883.95,0.00,0,0,0,0.00,0,F1,25,,,,,
2026-04-24,2026-04-24,FO,NSE,IDO,59643,,NIFTYNXT50,,2026-05-26,2026-05-26,53900.00,CE,NIFTYNXT5026MAY53900CE,0.00,0.00,0.00,11559.20,0.00,11559.20,69883.95,16277.60,0,0,0,0.00,0,F1,25,,,,,
2026-04-24,2026-04-24,FO,NSE,IDO,73127,,NIFTYNXT50,,2026-05-26,2026-05-26,55000.00,CE,NIFTYNXT5026MAY55000CE,0.00,0.00,0.00,15694.45,0.00,15694.45,69883.95,15183.75,0,0,0,0.00,0,F1,25,,,,,
2026-04-24,2026-04-24,FO,NSE,IDO,73129,,NIFTYNXT50,,2026-05-26,2026-05-26,55500.00,CE,NIFTYNXT5026MAY55500CE,0.00,0.00,0.00,15206.10,0.00,15206.10,69883.95,14686.60,0,0,0,0.00,0,F1,25,,,,,
2026-04-24,2026-04-24,FO,NSE,IDO,43934,,NIFTYNXT50,,2026-05-26,2026-05-26,55900.00,CE,NIFTYNXT5026MAY55900CE,0.00,0.00,0.00,11804.15,0.00,11804.15,69883.95,14288.95,0,0,0,0.00,0,F1,25,,,,,
2026-04-24,2026-04-24,FO,NSE,IDO,41311,,NIFTYNXT50,,2026-05-26,2026-05-26,57600.00,CE,NIFTYNXT5026MAY57600CE,0.00,0.00,0.00,11991.20,0.00,11991.20,69883.95,12600.05,0,0,0,0.00,0,F1,25,,,,,
2026-04-24,2026-04-24,FO,NSE,IDO,73393,,NIFTYNXT50,,2026-05-26,2026-05-26,61000.00,CE,NIFTYNXT5026MAY61000CE,0.00,0.00,0.00,9965.15,0.00,9965.15,69883.95,9248.15,0,0,0,0.00,0,F1,25,,,,,
2026-04-24,2026-04-24,FO,NSE,IDO,73446,,NIFTYNXT50,,2026-05-26,2026-05-26,62700.00,CE,NIFTYNXT5026MAY62700CE,0.00,0.00,0.00,8448.50,0.00,8448.50,69883.95,7616.20,0,0,0,0.00,0,F1,25,,,,,
2026-04-24,2026-04-24,FO,NSE,IDO,73571,,NIFTYNXT50,,2026-05-26,2026-05-26,65100.00,CE,NIFTYNXT5026MAY65100CE,0.00,0.00,0.00,6465.35,0.00,6465.35,69883.95,5446.20,0,0,0,0.00,0,F1,25,,,,,
2026-04-24,2026-04-24,FO,NSE,IDO,73611,,NIFTYNXT50,,2026-05-26,2026-05-26,66100.00,CE,NIFTYNXT5026MAY66100CE,0.00,0.00,0.00,5711.20,0.00,5711.20,69883.95,4617.50,0,0,0,0.00,0,F1,25,,,,,
2026-04-24,2026-04-24,FO,NSE,IDO,73774,,NIFTYNXT50,,2026-05-26,2026-05-26,68400.00,CE,NIFTYNXT5026MAY68400CE,0.00,0.00,0.00,4154.50,0.00,4154.50,69883.95,2955.70,0,0,0,0.00,0,F1,25,,,,,
2026-04-24,2026-04-24,FO,NSE,IDO,73880,,NIFTYNXT50,,2026-05-26,2026-05-26,70200.00,CE,NIFTYNXT5026MAY70200CE,0.00,0.00,0.00,3138.85,0.00,3138.85,69883.95,1941.30,0,0,0,0.00,0,F1,25,,,,,
2026-04-24,2026-04-24,FO,NSE,IDO,73894,,NIFTYNXT50,,2026-05-26,2026-05-26,70900.00,CE,NIFTYNXT5026MAY70900CE,0.00,0.00,0.00,2792.50,0.00,2792.50,69883.95,1618.95,0,0,0,0.00,0,F1,25,,,,,
2026-04-24,2026-04-24,FO,NSE,IDO,74010,,NIFTYNXT50,,2026-05-26,2026-05-26,72400.00,CE,NIFTYNXT5026MAY72400CE,0.00,0.00,0.00,2141.90,0.00,2141.90,69883.95,1058.85,0,0,0,0.00,0,F1,25,,,,,
2026-04-24,2026-04-24,FO,NSE,IDO,74068,,NIFTYNXT50,,2026-05-26,2026-05-26,73200.00,CE,NIFTYNXT5026MAY73200CE,0.00,0.00,0.00,1843.85,0.00,1843.85,69883.95,827.40,0,0,0,0.00,0,F1,25,,,,,
2026-04-24,2026-04-24,FO,NSE,IDO,74116,,NIFTYNXT50,,2026-05-26,2026-05-26,73500.00,CE,NIFTYNXT5026MAY73500CE,0.00,0.00,0.00,1740.45,0.00,1740.45,69883.95,754.85,0,0,0,0.00,0,F1,25,,,,,
2026-04-24,2026-04-24,FO,NSE,IDO,74406,,NIFTYNXT50,,2026-05-26,2026-05-26,74100.00,CE,NIFTYNXT5026MAY74100CE,0.00,0.00,0.00,1546.95,0.00,1546.95,69883.95,617.30,0,0,0,0.00,0,F1,25,,,,,
2026-04-24,2026-04-24,FO,NSE,IDO,74517,,NIFTYNXT50,,2026-05-26,2026-05-26,75600.00,CE,NIFTYNXT5026MAY75600CE,0.00,0.00,0.00,1139.05,0.00,1139.05,69883.95,363.40,0,0,0,0.00,0,F1,25,,,,,
2026-04-24,2026-04-24,FO,NSE,IDO,74666,,NIFTYNXT50,,2026-05-26,2026-05-26,80500.00,CE,NIFTYNXT5026MAY80500CE,0.00,0.00,0.00,360.85,0.00,360.85,69883.95,45.45,0,0,0,0.00,0,F1,25,,,,,
2026-04-24,2026-04-24,FO,NSE,IDO,81011,,NIFTYNXT50,,2026-06-30,2026-06-30,55400.00,CE,NIFTYNXT5026JUN55400CE,0.00,0.00,0.00,6540.95,0.00,6540.95,69883.95,15127.90,0,0,0,0.00,0,F1,25,,,,,
2026-04-24,2026-04-24,FO,NSE,IDO,81130,,NIFTYNXT50,,2026-06-30,2026-06-30,56100.00,CE,NIFTYNXT5026JUN56100CE,0.00,0.00,0.00,5994.65,0.00,5994.65,69883.95,14442.50,0,0,0,0.00,0,F1,25,,,,,
2026-04-24,2026-04-24,FO,NSE,IDO,81353,,NIFTYNXT50,,2026-06-30,2026-06-30,60000.00,CE,NIFTYNXT5026JUN60000CE,0.00,0.00,0.00,3409.20,0.00,3409.20,69883.95,10697.05,0,0,0,0.00,0,F1,25,,,,,
2026-04-24,2026-04-24,FO,NSE,IDO,81381,,NIFTYNXT50,,2026-06-30,2026-06-30,61400.00,CE,NIFTYNXT5026JUN61400CE,0.00,0.00,0.00,2691.05,0.00,2691.05,69883.95,9408.60,0,0,0,0.00,0,F1,25,,,,,
2026-04-24,2026-04-24,FO,NSE,IDO,81420,,NIFTYNXT50,,2026-06-30,2026-06-30,61900.00,CE,NIFTYNXT5026JUN61900CE,0.00,0.00,0.00,2462.10,0.00,2462.10,69883.95,8959.70,0,0,0,0.00,0,F1,25,,,,,
2026-04-24,2026-04-24,FO,NSE,IDO,81658,,NIFTYNXT50,,2026-06-30,2026-06-30,65000.00,CE,NIFTYNXT5026JUN65000CE,0.00,0.00,0.00,1345.75,0.00,1345.75,69883.95,6358.90,0,0,0,0.00,0,F1,25,,,,,
2026-04-24,2026-04-24,FO,NSE,IDO,81720,,NIFTYNXT50,,2026-06-30,2026-06-30,66200.00,CE,NIFTYNXT5026JUN66200CE,0.00,0.00,0.00,1042.90,0.00,1042.90,69883.95,5460.35,0,0,0,0.00,0,F1,25,,,,,
2026-04-24,2026-04-24,FO,NSE,IDO,81735,,NIFTYNXT50,,2026-06-30,2026-06-30,66600.00,CE,NIFTYNXT5026JUN66600CE,0.00,0.00,0.00,952.40,0.00,952.40,69883.95,5172.40,0,0,0,0.00,0,F1,25,,,,,
2026-04-24,2026-04-24,FO,NSE,IDO,81773,,NIFTYNXT50,,2026-06-30,2026-06-30,67300.00,CE,NIFTYNXT5026JUN67300CE,0.00,0.00,0.00,812.45,0.00,812.45,69883.95,4694.25,0,0,0,0.00,0,F1,25,,,,,
2026-04-24,2026-04-24,FO,NSE,IDO,81779,,NIFTYNXT50,,2026-06-30,2026-06-30,67600.00,CE,NIFTYNXT5026JUN67600CE,0.00,0.00,0.00,757.95,0.00,757.95,69883.95,4497.30,0,0,0,0.00,0,F1,25,,,,,
2026-04-24,2026-04-24,FO,NSE,IDO,81800,,NIFTYNXT50,,2026-06-30,2026-06-30,68600.00,CE,NIFTYNXT5026JUN68600CE,0.00,0.00,0.00,597.70,0.00,597.70,69883.95,3876.45,0,0,0,0.00,0,F1,25,,,,,
2026-04-24,2026-04-24,FO,NSE,IDO,81893,,NIFTYNXT50,,2026-06-30,2026-06-30,69500.00,CE,NIFTYNXT5026JUN69500CE,0.00,0.00,0.00,479.00,0.00,479.00,69883.95,3365.55,0,0,0,0.00,0,F1,25,,,,,
2026-04-24,2026-04-24,FO,NSE,IDO,81900,,NIFTYNXT50,,2026-06-30,2026-06-30,69800.00,CE,NIFTYNXT5026JUN69800CE,0.00,0.00,0.00,444.25,0.00,444.25,69883.95,3205.50,0,0,0,0.00,0,F1,25,,,,,
2026-04-24,2026-04-24,FO,NSE,IDO,82004,,NIFTYNXT50,,2026-06-30,2026-06-30,71900.00,CE,NIFTYNXT5026JUN71900CE,0.00,0.00,0.00,256.40,0.00,256.40,69883.95,2226.80,0,0,0,0.00,0,F1,25,,,,,
2026-04-24,2026-04-24,FO,NSE,IDO,38770,,NIFTYNXT50,,2026-06-30,2026-06-30,74200.00,CE,NIFTYNXT5026JUN74200CE,0.00,0.00,0.00,271.10,0.00,271.10,69883.95,1425.85,0,0,0,0.00,0,F1,25,,,,,
2026-04-24,2026-04-24,FO,NSE,IDO,40990,,NIFTYNXT50,,2026-06-30,2026-06-30,75600.00,CE,NIFTYNXT5026JUN75600CE,0.00,0.00,0.00,553.60,0.00,553.60,69883.95,1064.95,0,0,0,0.00,0,F1,25,,,,,
2026-04-24,2026-04-24,FO,NSE,IDO,41006,,NIFTYNXT50,,2026-06-30,2026-06-30,76600.00,CE,NIFTYNXT5026JUN76600CE,0.00,0.00,0.00,439.00,0.00,439.00,69883.95,851.30,0,0,0,0.00,0,F1,25,,,,,
2026-04-24,2026-04-24,FO,NSE,IDO,73486,,NIFTYNXT50,,2026-04-28,2026-04-28,52000.00,PE,NIFTYNXT5026APR52000PE,0.00,0.00,0.00,6.35,0.00,6.35,69883.95,0.00,0,0,0,0.00,0,F1,25,,,,,
2026-04-24,2026-04-24,FO,NSE,IDO,49885,,NIFTYNXT50,,2026-04-28,2026-04-28,54200.00,PE,NIFTYNXT5026APR54200PE,0.00,0.00,0.00,4.10,0.00,4.10,69883.95,0.00,0,0,0,0.00,0,F1,25,,,,,
2026-04-24,2026-04-24,FO,NSE,IDO,73504,,NIFTYNXT50,,2026-04-28,2026-04-28,54900.00,PE,NIFTYNXT5026APR54900PE,0.00,0.00,0.00,34.65,0.00,34.65,69883.95,0.00,0,0,0,0.00,0,F1,25,,,,,
2026-04-24,2026-04-24,FO,NSE,IDO,73817,,NIFTYNXT50,,2026-04-28,2026-04-28,60200.00,PE,NIFTYNXT5026APR60200PE,0.00,0.00,0.00,1537.35,1537.35,1537.35,69883.95,0.00,450,0,0,0.00,0,F1,25,,,,,
2026-04-24,2026-04-24,FO,NSE,IDO,73846,,NIFTYNXT50,,2026-04-28,2026-04-28,61500.00,PE,NIFTYNXT5026APR61500PE,0.00,0.00,0.00,539.65,0.00,539.65,69883.95,0.00,0,0,0,0.00,0,F1,25,,,,,
2026-04-24,2026-04-24,FO,NSE,IDO,73962,,NIFTYNXT50,,2026-04-28,2026-04-28,63900.00,PE,NIFTYNXT5026APR63900PE,0.00,0.00,0.00,1086.60,0.00,1086.60,69883.95,0.05,0,0,0,0.00,0,F1,25,,,,,
2026-04-24,2026-04-24,FO,NSE,IDO,74034,,NIFTYNXT50,,2026-04-28,2026-04-28,66400.00,PE,NIFTYNXT5026APR66400PE,0.00,0.00,0.00,1985.35,0.00,1985.35,69883.95,9.65,0,0,0,0.00,0,F1,25,,,,,
2026-04-24,2026-04-24,FO,NSE,IDO,74117,,NIFTYNXT50,,2026-04-28,2026-04-28,67800.00,PE,NIFTYNXT5026APR67800PE,0.00,0.00,0.00,2648.80,0.00,2648.80,69883.95,80.10,0,0,0,0.00,0,F1,25,,,,,
2026-04-24,2026-04-24,FO,NSE,IDO,74119,,NIFTYNXT50,,2026-04-28,2026-04-28,67900.00,PE,NIFTYNXT5026APR67900PE,0.00,0.00,0.00,2700.65,0.00,2700.65,69883.95,91.00,0,0,0,0.00,0,F1,25,,,,,
2026-04-24,2026-04-24,FO,NSE,IDO,74163,,NIFTYNXT50,,2026-04-28,2026-04-28,69300.00,PE,NIFTYNXT5026APR69300PE,0.00,0.00,0.00,3487.25,0.00,3487.25,69883.95,404.35,0,0,0,0.00,0,F1,25,,,,,
2026-04-24,2026-04-24,FO,NSE,IDO,74214,,NIFTYNXT50,,2026-04-28,2026-04-28,70700.00,PE,NIFTYNXT5026APR70700PE,0.00,0.00,0.00,4382.15,0.00,4382.15,69883.95,1132.80,0,0,0,0.00,0,F1,25,,,,,
2026-04-24,2026-04-24,FO,NSE,IDO,74266,,NIFTYNXT50,,2026-04-28,2026-04-28,71300.00,PE,NIFTYNXT5026APR71300PE,0.00,0.00,0.00,1096.50,1096.50,1096.50,69883.95,1575.60,300,0,0,0.00,0,F1,25,,,,,
2026-04-24,2026-04-24,FO,NSE,IDO,74291,,NIFTYNXT50,,2026-04-28,2026-04-28,72200.00,PE,NIFTYNXT5026APR72200PE,0.00,0.00,0.00,5453.05,0.00,5453.05,69883.95,2345.40,0,0,0,0.00,0,F1,25,,,,,
2026-04-24,2026-04-24,FO,NSE,IDO,74297,,NIFTYNXT50,,2026-04-28,2026-04-28,72500.00,PE,NIFTYNXT5026APR72500PE,0.00,0.00,0.00,5679.25,0.00,5679.25,69883.95,2621.65,0,0,0,0.00,0,F1,25,,,,,
2026-04-24,2026-04-24,FO,NSE,IDO,74299,,NIFTYNXT50,,2026-04-28,2026-04-28,72600.00,PE,NIFTYNXT5026APR72600PE,0.00,0.00,0.00,5755.50,0.00,5755.50,69883.95,2715.30,0,0,0,0.00,0,F1,25,,,,,
2026-04-24,2026-04-24,FO,NSE,IDO,74319,,NIFTYNXT50,,2026-04-28,2026-04-28,73600.00,PE,NIFTYNXT5026APR73600PE,0.00,0.00,0.00,6535.85,0.00,6535.85,69883.95,3680.15,0,0,0,0.00,0,F1,25,,,,,
2026-04-24,2026-04-24,FO,NSE,IDO,74325,,NIFTYNXT50,,2026-04-28,2026-04-28,73900.00,PE,NIFTYNXT5026APR73900PE,0.00,0.00,0.00,6778.05,0.00,6778.05,69883.95,3975.85,0,0,0,0.00,0,F1,25,,,,,
2026-04-24,2026-04-24,FO,NSE,IDO,74327,,NIFTYNXT50,,2026-04-28,2026-04-28,74000.00,PE,NIFTYNXT5026APR74000PE,0.00,0.00,0.00,6859.50,0.00,6859.50,69883.95,4074.80,0,0,0,0.00,0,F1,25,,,,,
2026-04-24,2026-04-24,FO,NSE,IDO,74333,,NIFTYNXT50,,2026-04-28,2026-04-28,74300.00,PE,NIFTYNXT5026APR74300PE,0.00,0.00,0.00,7105.80,0.00,7105.80,69883.95,4372.30,0,0,0,0.00,0,F1,25,,,,,
2026-04-24,2026-04-24,FO,NSE,IDO,74335,,NIFTYNXT50,,2026-04-28,2026-04-28,74400.00,PE,NIFTYNXT5026APR74400PE,0.00,0.00,0.00,7188.60,0.00,7188.60,69883.95,4471.70,0,0,0,0.00,0,F1,25,,,,,
2026-04-24,2026-04-24,FO,NSE,IDO,74343,,NIFTYNXT50,,2026-04-28,2026-04-28,74800.00,PE,NIFTYNXT5026APR74800PE,0.00,0.00,0.00,7522.90,0.00,7522.90,69883.95,4869.95,0,0,0,0.00,0,F1,25,,,,,
2026-04-24,2026-04-24,FO,NSE,IDO,74353,,NIFTYNXT50,,2026-04-28,2026-04-28,75300.00,PE,NIFTYNXT5026APR75300PE,0.00,0.00,0.00,7947.60,0.00,7947.60,69883.95,5368.75,0,0,0,0.00,0,F1,25,,,,,
2026-04-24,2026-04-24,FO,NSE,IDO,74357,,NIFTYNXT50,,2026-04-28,2026-04-28,75500.00,PE,NIFTYNXT5026APR75500PE,0.00,0.00,0.00,8119.45,0.00,8119.45,69883.95,5568.45,0,0,0,0.00,0,F1,25,,,,,
2026-04-24,2026-04-24,FO,NSE,IDO,74367,,NIFTYNXT50,,2026-04-28,2026-04-28,76000.00,PE,NIFTYNXT5026APR76000PE,0.00,0.00,0.00,8553.80,0.00,8553.80,69883.95,6067.90,0,0,0,0.00,0,F1,25,,,,,
2026-04-24,2026-04-24,FO,NSE,IDO,59644,,NIFTYNXT50,,2026-05-26,2026-05-26,53900.00,PE,NIFTYNXT5026MAY53900PE,0.00,0.00,0.00,31.75,0.00,31.75,69883.95,0.05,0,0,0,0.00,0,F1,25,,,,,
2026-04-24,2026-04-24,FO,NSE,IDO,49897,,NIFTYNXT50,,2026-05-26,2026-05-26,54300.00,PE,NIFTYNXT5026MAY54300PE,0.00,0.00,0.00,24.90,0.00,24.90,69883.95,0.10,0,0,0,0.00,0,F1,25,,,,,
2026-04-24,2026-04-24,FO,NSE,IDO,49899,,NIFTYNXT50,,2026-05-26,2026-05-26,54400.00,PE,NIFTYNXT5026MAY54400PE,0.00,0.00,0.00,26.35,0.00,26.35,69883.95,0.10,0,0,0,0.00,0,F1,25,,,,,
2026-04-24,2026-04-24,FO,NSE,IDO,43939,,NIFTYNXT50,,2026-05-26,2026-05-26,56100.00,PE,NIFTYNXT5026MAY56100PE,0.00,0.00,0.00,54.75,0.00,54.75,69883.95,0.60,0,0,0,0.00,0,F1,25,,,,,
2026-04-24,2026-04-24,FO,NSE,IDO,73304,,NIFTYNXT50,,2026-05-26,2026-05-26,59000.00,PE,NIFTYNXT5026MAY59000PE,0.00,0.00,0.00,79.60,0.00,79.60,69883.95,7.55,0,0,0,0.00,0,F1,25,,,,,
2026-04-24,2026-04-24,FO,NSE,IDO,73313,,NIFTYNXT50,,2026-05-26,2026-05-26,59100.00,PE,NIFTYNXT5026MAY59100PE,0.00,0.00,0.00,83.20,0.00,83.20,69883.95,8.15,0,0,0,0.00,0,F1,25,,,,,
2026-04-24,2026-04-24,FO,NSE,IDO,73350,,NIFTYNXT50,,2026-05-26,2026-05-26,59700.00,PE,NIFTYNXT5026MAY59700PE,0.00,0.00,0.00,107.80,0.00,107.80,69883.95,12.85,0,0,0,0.00,0,F1,25,,,,,
2026-04-24,2026-04-24,FO,NSE,IDO,73390,,NIFTYNXT50,,2026-05-26,2026-05-26,60800.00,PE,NIFTYNXT5026MAY60800PE,0.00,0.00,0.00,168.60,0.00,168.60,69883.95,27.95,0,0,0,0.00,0,F1,25,,,,,
2026-04-24,2026-04-24,FO,NSE,IDO,73435,,NIFTYNXT50,,2026-05-26,2026-05-26,62200.00,PE,NIFTYNXT5026MAY62200PE,0.00,0.00,0.00,283.80,0.00,283.80,69883.95,67.85,0,0,0,0.00,0,F1,25,,,,,
2026-04-24,2026-04-24,FO,NSE,IDO,73477,,NIFTYNXT50,,2026-05-26,2026-05-26,63300.00,PE,NIFTYNXT5026MAY63300PE,0.00,0.00,0.00,412.35,0.00,412.35,69883.95,126.40,0,0,0,0.00,0,F1,25,,,,,
2026-04-24,2026-04-24,FO,NSE,IDO,73508,,NIFTYNXT50,,2026-05-26,2026-05-26,63500.00,PE,NIFTYNXT5026MAY63500PE,0.00,0.00,0.00,439.95,0.00,439.95,69883.95,140.60,0,0,0,0.00,0,F1,25,,,,,
2026-04-24,2026-04-24,FO,NSE,IDO,73589,,NIFTYNXT50,,2026-05-26,2026-05-26,65800.00,PE,NIFTYNXT5026MAY65800PE,0.00,0.00,0.00,868.80,0.00,868.80,69883.95,417.90,0,0,0,0.00,0,F1,25,,,,,
2026-04-24,2026-04-24,FO,NSE,IDO,73620,,NIFTYNXT50,,2026-05-26,2026-05-26,66200.00,PE,NIFTYNXT5026MAY66200PE,0.00,0.00,0.00,969.35,0.00,969.35,69883.95,493.20,0,0,0,0.00,0,F1,25,,,,,
2026-04-24,2026-04-24,FO,NSE,IDO,73622,,NIFTYNXT50,,2026-05-26,2026-05-26,66300.00,PE,NIFTYNXT5026MAY66300PE,0.00,0.00,0.00,994.95,0.00,994.95,69883.95,513.55,0,0,0,0.00,0,F1,25,,,,,
2026-04-24,2026-04-24,FO,NSE,IDO,73638,,NIFTYNXT50,,2026-05-26,2026-05-26,67100.00,PE,NIFTYNXT5026MAY67100PE,0.00,0.00,0.00,1215.15,0.00,1215.15,69883.95,702.15,0,0,0,0.00,0,F1,25,,,,,
2026-04-24,2026-04-24,FO,NSE,IDO,73852,,NIFTYNXT50,,2026-05-26,2026-05-26,69000.00,PE,NIFTYNXT5026MAY69000PE,0.00,0.00,0.00,1881.20,0.00,1881.20,69883.95,1328.35,0,0,0,0.00,0,F1,25,,,,,
2026-04-24,2026-04-24,FO,NSE,IDO,73856,,NIFTYNXT50,,2026-05-26,2026-05-26,69200.00,PE,NIFTYNXT5026MAY69200PE,0.00,0.00,0.00,1962.80,0.00,1962.80,69883.95,1411.25,0,0,0,0.00,0,F1,25,,,,,
2026-04-24,2026-04-24,FO,NSE,IDO,74386,,NIFTYNXT50,,2026-05-26,2026-05-26,73600.00,PE,NIFTYNXT5026MAY73600PE,0.00,0.00,0.00,4316.55,0.00,4316.55,69883.95,4046.20,0,0,0,0.00,0,F1,25,,,,,
2026-04-24,2026-04-24,FO,NSE,IDO,74395,,NIFTYNXT50,,2026-05-26,2026-05-26,73900.00,PE,NIFTYNXT5026MAY73900PE,0.00,0.00,0.00,4514.15,0.00,4514.15,69883.95,4273.50,0,0,0,0.00,0,F1,25,,,,,
2026-04-24,2026-04-24,FO,NSE,IDO,74397,,NIFTYNXT50,,2026-05-26,2026-05-26,74000.00,PE,NIFTYNXT5026MAY74000PE,0.00,0.00,0.00,4580.95,0.00,4580.95,69883.95,4351.35,0,0,0,0.00,0,F1,25,,,,,
2026-04-24,2026-04-24,FO,NSE,IDO,74499,,NIFTYNXT50,,2026-05-26,2026-05-26,75200.00,PE,NIFTYNXT5026MAY75200PE,0.00,0.00,0.00,5418.95,0.00,5418.95,69883.95,5327.05,0,0,0,0.00,0,F1,25,,,,,
2026-04-24,2026-04-24,FO,NSE,IDO,74520,,NIFTYNXT50,,2026-05-26,2026-05-26,75700.00,PE,NIFTYNXT5026MAY75700PE,0.00,0.00,0.00,5790.20,0.00,5790.20,69883.95,5753.90,0,0,0,0.00,0,F1,25,,,,,
2026-04-24,2026-04-24,FO,NSE,IDO,74551,,NIFTYNXT50,,2026-05-26,2026-05-26,76800.00,PE,NIFTYNXT5026MAY76800PE,0.00,0.00,0.00,6632.35,0.00,6632.35,69883.95,6727.10,0,0,0,0.00,0,F1,25,,,,,
2026-04-24,2026-04-24,FO,NSE,IDO,74555,,NIFTYNXT50,,2026-05-26,2026-05-26,77000.00,PE,NIFTYNXT5026MAY77000PE,0.00,0.00,0.00,6790.70,0.00,6790.70,69883.95,6908.40,0,0,0,0.00,0,F1,25,,,,,
2026-04-24,2026-04-24,FO,NSE,IDO,74557,,NIFTYNXT50,,2026-05-26,2026-05-26,77100.00,PE,NIFTYNXT5026MAY77100PE,0.00,0.00,0.00,6870.35,0.00,6870.35,69883.95,6999.50,0,0,0,0.00,0,F1,25,,,,,
2026-04-24,2026-04-24,FO,NSE,IDO,74622,,NIFTYNXT50,,2026-05-26,2026-05-26,78500.00,PE,NIFTYNXT5026MAY78500PE,0.00,0.00,0.00,8020.30,0.00,8020.30,69883.95,8301.60,0,0,0,0.00,0,F1,25,,,,,
2026-04-24,2026-04-24,FO,NSE,IDO,74643,,NIFTYNXT50,,2026-05-26,2026-05-26,79500.00,PE,NIFTYNXT5026MAY79500PE,0.00,0.00,0.00,8876.40,0.00,8876.40,69883.95,9255.50,0,0,0,0.00,0,F1,25,,,,,
2026-04-24,2026-04-24,FO,NSE,IDO,80871,,NIFTYNXT50,,2026-06-30,2026-06-30,52500.00,PE,NIFTYNXT5026JUN52500PE,0.00,0.00,0.00,217.55,0.00,217.55,69883.95,2.30,0,0,0,0.00,0,F1,25,,,,,
2026-04-24,2026-04-24,FO,NSE,IDO,81217,,NIFTYNXT50,,2026-06-30,2026-06-30,56600.00,PE,NIFTYNXT5026JUN56600PE,0.00,0.00,0.00,854.70,0.00,854.70,69883.95,26.90,0,0,0,0.00,0,F1,25,,,,,
2026-04-24,2026-04-24,FO,NSE,IDO,81219,,NIFTYNXT50,,2026-06-30,2026-06-30,56700.00,PE,NIFTYNXT5026JUN56700PE,0.00,0.00,0.00,879.10,0.00,879.10,69883.95,28.35,0,0,0,0.00,0,F1,25,,,,,
2026-04-24,2026-04-24,FO,NSE,IDO,81352,,NIFTYNXT50,,2026-06-30,2026-06-30,59900.00,PE,NIFTYNXT5026JUN59900PE,0.00,0.00,0.00,1942.05,0.00,1942.05,69883.95,125.55,0,0,0,0.00,0,F1,25,,,,,
2026-04-24,2026-04-24,FO,NSE,IDO,81380,,NIFTYNXT50,,2026-06-30,2026-06-30,61300.00,PE,NIFTYNXT5026JUN61300PE,0.00,0.00,0.00,2590.70,0.00,2590.70,69883.95,218.15,0,0,0,0.00,0,F1,25,,,,,
2026-04-24,2026-04-24,FO,NSE,IDO,81415,,NIFTYNXT50,,2026-06-30,2026-06-30,61700.00,PE,NIFTYNXT5026JUN61700PE,0.00,0.00,0.00,2796.95,0.00,2796.95,69883.95,252.95,0,0,0,0.00,0,F1,25,,,,,
2026-04-24,2026-04-24,FO,NSE,IDO,81417,,NIFTYNXT50,,2026-06-30,2026-06-30,61800.00,PE,NIFTYNXT5026JUN61800PE,0.00,0.00,0.00,2849.90,0.00,2849.90,69883.95,262.30,0,0,0,0.00,0,F1,25,,,,,
2026-04-24,2026-04-24,FO,NSE,IDO,81627,,NIFTYNXT50,,2026-06-30,2026-06-30,64400.00,PE,NIFTYNXT5026JUN64400PE,0.00,0.00,0.00,4420.00,0.00,4420.00,69883.95,617.50,0,0,0,0.00,0,F1,25,,,,,
2026-04-24,2026-04-24,FO,NSE,IDO,81681,,NIFTYNXT50,,2026-06-30,2026-06-30,65900.00,PE,NIFTYNXT5026JUN65900PE,0.00,0.00,0.00,5482.90,0.00,5482.90,69883.95,946.25,0,0,0,0.00,0,F1,25,,,,,
2026-04-24,2026-04-24,FO,NSE,IDO,81683,,NIFTYNXT50,,2026-06-30,2026-06-30,66000.00,PE,NIFTYNXT5026JUN66000PE,0.00,0.00,0.00,5557.25,0.00,5557.25,69883.95,971.55,0,0,0,0.00,0,F1,25,,,,,
2026-04-24,2026-04-24,FO,NSE,IDO,81740,,NIFTYNXT50,,2026-06-30,2026-06-30,66700.00,PE,NIFTYNXT5026JUN66700PE,0.00,0.00,0.00,6086.70,0.00,6086.70,69883.95,1160.15,0,0,0,0.00,0,F1,25,,,,,
2026-04-24,2026-04-24,FO,NSE,IDO,81782,,NIFTYNXT50,,2026-06-30,2026-06-30,67700.00,PE,NIFTYNXT5026JUN67700PE,0.00,0.00,0.00,6877.95,0.00,6877.95,69883.95,1478.95,0,0,0,0.00,0,F1,25,,,,,
2026-04-24,2026-04-24,FO,NSE,IDO,81797,,NIFTYNXT50,,2026-06-30,2026-06-30,68400.00,PE,NIFTYNXT5026JUN68400PE,0.00,0.00,0.00,7452.20,0.00,7452.20,69883.95,1734.45,0,0,0,0.00,0,F1,25,,,,,
2026-04-24,2026-04-24,FO,NSE,IDO,81890,,NIFTYNXT50,,2026-06-30,2026-06-30,69300.00,PE,NIFTYNXT5026JUN69300PE,0.00,0.00,0.00,8212.30,0.00,8212.30,69883.95,2103.20,0,0,0,0.00,0,F1,25,,,,,
2026-04-24,2026-04-24,FO,NSE,IDO,81985,,NIFTYNXT50,,2026-06-30,2026-06-30,70900.00,PE,NIFTYNXT5026JUN70900PE,0.00,0.00,0.00,9614.85,0.00,9614.85,69883.95,2871.85,0,0,0,0.00,0,F1,25,,,,,
2026-04-24,2026-04-24,FO,NSE,IDO,81987,,NIFTYNXT50,,2026-06-30,2026-06-30,71000.00,PE,NIFTYNXT5026JUN71000PE,0.00,0.00,0.00,9704.40,0.00,9704.40,69883.95,2924.70,0,0,0,0.00,0,F1,25,,,,,
2026-04-24,2026-04-24,FO,NSE,IDO,35271,,NIFTYNXT50,,2026-06-30,2026-06-30,72700.00,PE,NIFTYNXT5026JUN72700PE,0.00,0.00,0.00,9849.45,0.00,9849.45,69883.95,3907.00,0,0,0,0.00,0,F1,25,,,,,
2026-04-24,2026-04-24,FO,NSE,IDO,82033,,NIFTYNXT50,,2026-06-30,2026-06-30,73000.00,PE,NIFTYNXT5026JUN73000PE,0.00,0.00,0.00,11532.00,0.00,11532.00,69883.95,4096.30,0,0,0,0.00,0,F1,25,,,,,
2026-04-24,2026-04-24,FO,NSE,IDO,82035,,NIFTYNXT50,,2026-06-30,2026-06-30,73500.00,PE,NIFTYNXT5026JUN73500PE,0.00,0.00,0.00,11998.10,0.00,11998.10,69883.95,4421.85,0,0,0,0.00,0,F1,25,,,,,
2026-04-24,2026-04-24,FO,NSE,IDO,82043,,NIFTYNXT50,,2026-06-30,2026-06-30,75000.00,PE,NIFTYNXT5026JUN75000PE,0.00,0.00,0.00,13413.25,0.00,13413.25,69883.95,5470.30,0,0,0,0.00,0,F1,25,,,,,
2026-04-24,2026-04-24,FO,NSE,IDO,41016,,NIFTYNXT50,,2026-06-30,2026-06-30,76900.00,PE,NIFTYNXT5026JUN76900PE,0.00,0.00,0.00,10064.60,0.00,10064.60,69883.95,6936.75,0,0,0,0.00,0,F1,25,,,,,
2026-04-24,2026-04-24,FO,NSE,IDO,43947,,NIFTYNXT50,,2026-05-26,2026-05-26,56600.00,PE,NIFTYNXT5026MAY56600PE,0.00,0.00,0.00,69.95,0.00,69.95,69883.95,0.95,0,0,0,0.00,0,F1,25,,,,,
2026-04-24,2026-04-24,FO,NSE,IDO,81981,,NIFTYNXT50,,2026-06-30,2026-06-30,70700.00,PE,NIFTYNXT5026JUN70700PE,0.00,0.00,0.00,9436.40,0.00,9436.40,69883.95,2767.80,0,0,0,0.00,0,F1,25,,,,,
2026-04-24,2026-04-24,FO,NSE,IDO,81993,,NIFTYNXT50,,2026-06-30,2026-06-30,71300.00,PE,NIFTYNXT5026JUN71300PE,0.00,0.00,0.00,9974.15,0.00,9974.15,69883.95,3086.60,0,0,0,0.00,0,F1,25,,,,,
2026-04-24,2026-04-24,FO,NSE,IDO,35287,,NIFTYNXT50,,2026-06-30,2026-06-30,73200.00,PE,NIFTYNXT5026JUN73200PE,0.00,0.00,0.00,10298.50,0.00,10298.50,69883.95,4225.00,0,0,0,0.00,0,F1,25,,,,,
2026-04-24,2026-04-24,FO,NSE,IDO,38785,,NIFTYNXT50,,2026-06-30,2026-06-30,74800.00,PE,NIFTYNXT5026JUN74800PE,0.00,0.00,0.00,11056.45,0.00,11056.45,69883.95,5324.60,0,0,0,0.00,0,F1,25,,,,,
2026-04-24,2026-04-24,FO,NSE,IDO,40991,,NIFTYNXT50,,2026-06-30,2026-06-30,75600.00,PE,NIFTYNXT5026JUN75600PE,0.00,0.00,0.00,8927.90,0.00,8927.90,69883.95,5921.35,0,0,0,0.00,0,F1,25,,,,,
2026-04-24,2026-04-24,FO,NSE,IDO,40995,,NIFTYNXT50,,2026-06-30,2026-06-30,75800.00,PE,NIFTYNXT5026JUN75800PE,0.00,0.00,0.00,9100.25,0.00,9100.25,69883.95,6074.05,0,0,0,0.00,0,F1,25,,,,,
2026-04-24,2026-04-24,FO,NSE,IDO,41005,,NIFTYNXT50,,2026-06-30,2026-06-30,76400.00,PE,NIFTYNXT5026JUN76400PE,0.00,0.00,0.00,9622.95,0.00,9622.95,69883.95,6537.85,0,0,0,0.00,0,F1,25,,,,,
2026-04-24,2026-04-24,FO,NSE,IDO,82090,,NIFTYNXT50,,2026-06-30,2026-06-30,77000.00,PE,NIFTYNXT5026JUN77000PE,0.00,0.00,0.00,15328.95,0.00,15328.95,69883.95,7017.60,0,0,0,0.00,0,F1,25,,,,,
2026-04-24,2026-04-24,FO,NSE,IDO,82122,,NIFTYNXT50,,2026-06-30,2026-06-30,80000.00,PE,NIFTYNXT5026JUN80000PE,0.00,0.00,0.00,18239.30,0.00,18239.30,69883.95,9580.95,0,0,0,0.00,0,F1,25,,,,,
2026-04-24,2026-04-24,FO,NSE,IDF,66692,,NIFTYNXT50,,2026-04-28,2026-04-28,,,NIFTYNXT5026APRFUT,70312.80,70432.60,69098.60,70144.80,70100.20,70376.00,69883.95,70144.80,11525,-6275,660,1148335775.00,595,F1,25,,,,,
2026-04-24,2026-04-24,FO,NSE,IDO,73479,,NIFTYNXT50,,2026-04-28,2026-04-28,50500.00,CE,NIFTYNXT5026APR50500CE,0.00,0.00,0.00,16972.20,0.00,16972.20,69883.95,19416.05,0,0,0,0.00,0,F1,25,,,,,
2026-04-24,2026-04-24,FO,NSE,IDO,49886,,NIFTYNXT50,,2026-04-28,2026-04-28,54300.00,CE,NIFTYNXT5026APR54300CE,0.00,0.00,0.00,12280.80,0.00,12280.80,69883.95,15618.45,0,0,0,0.00,0,F1,25,,,,,
2026-04-24,2026-04-24,FO,NSE,IDO,73671,,NIFTYNXT50,,2026-04-28,2026-04-28,55600.00,CE,NIFTYNXT5026APR55600CE,0.00,0.00,0.00,11997.65,0.00,11997.65,69883.95,14319.30,0,0,0,0.00,0,F1,25,,,,,
2026-04-24,2026-04-24,FO,NSE,IDO,73676,,NIFTYNXT50,,2026-04-28,2026-04-28,55800.00,CE,NIFTYNXT5026APR55800CE,0.00,0.00,0.00,11805.90,0.00,11805.90,69883.95,14119.45,0,0,0,0.00,0,F1,25,,,,,
2026-04-24,2026-04-24,FO,NSE,IDO,73707,,NIFTYNXT50,,2026-04-28,2026-04-28,56600.00,CE,NIFTYNXT5026APR56600CE,0.00,0.00,0.00,11043.70,0.00,11043.70,69883.95,13319.95,0,0,0,0.00,0,F1,25,,,,,
2026-04-24,2026-04-24,FO,NSE,IDO,73719,,NIFTYNXT50,,2026-04-28,2026-04-28,57000.00,CE,NIFTYNXT5026APR57000CE,0.00,0.00,0.00,10666.00,0.00,10666.00,69883.95,12920.20,0,0,0,0.00,0,F1,25,,,,,
2026-04-24,2026-04-24,FO,NSE,IDO,73744,,NIFTYNXT50,,2026-04-28,2026-04-28,57600.00,CE,NIFTYNXT5026APR57600CE,0.00,0.00,0.00,10104.45,0.00,10104.45,69883.95,12320.55,0,0,0,0.00,0,F1,25,,,,,
2026-04-24,2026-04-24,FO,NSE,IDO,73758,,NIFTYNXT50,,2026-04-28,2026-04-28,57800.00,CE,NIFTYNXT5026APR57800CE,0.00,0.00,0.00,9918.75,0.00,9918.75,69883.95,12120.70,0,0,0,0.00,0,F1,25,,,,,
2026-04-24,2026-04-24,FO,NSE,IDO,73828,,NIFTYNXT50,,2026-04-28,2026-04-28,60800.00,CE,NIFTYNXT5026APR60800CE,0.00,0.00,0.00,7256.25,0.00,7256.25,69883.95,9122.60,0,0,0,0.00,0,F1,25,,,,,
2026-04-24,2026-04-24,FO,NSE,IDO,73845,,NIFTYNXT50,,2026-04-28,2026-04-28,61500.00,CE,NIFTYNXT5026APR61500CE,0.00,0.00,0.00,6678.00,0.00,6678.00,69883.95,8423.05,0,0,0,0.00,0,F1,25,,,,,
2026-04-24,2026-04-24,FO,NSE,IDO,73931,,NIFTYNXT50,,2026-04-28,2026-04-28,62500.00,CE,NIFTYNXT5026APR62500CE,0.00,0.00,0.00,5888.05,0.00,5888.05,69883.95,7423.70,0,0,0,0.00,0,F1,25,,,,,
2026-04-24,2026-04-24,FO,NSE,IDO,73937,,NIFTYNXT50,,2026-04-28,2026-04-28,62800.00,CE,NIFTYNXT5026APR62800CE,0.00,0.00,0.00,5660.05,0.00,5660.05,69883.95,7123.90,0,0,0,0.00,0,F1,25,,,,,
2026-04-24,2026-04-24,FO,NSE,IDO,73939,,NIFTYNXT50,,2026-04-28,2026-04-28,62900.00,CE,NIFTYNXT5026APR62900CE,0.00,0.00,0.00,5585.00,0.00,5585.00,69883.95,7023.95,0,0,0,0.00,0,F1,25,,,,,
2026-04-24,2026-04-24,FO,NSE,IDO,73949,,NIFTYNXT50,,2026-04-28,2026-04-28,63400.00,CE,NIFTYNXT5026APR63400CE,0.00,0.00,0.00,5219.60,0.00,5219.60,69883.95,6524.25,0,0,0,0.00,0,F1,25,,,,,
2026-04-24,2026-04-24,FO,NSE,IDO,73967,,NIFTYNXT50,,2026-04-28,2026-04-28,64100.00,CE,NIFTYNXT5026APR64100CE,0.00,0.00,0.00,4723.65,0.00,4723.65,69883.95,5824.75,0,0,0,0.00,0,F1,25,,,,,
2026-04-24,2026-04-24,FO,NSE,IDO,73998,,NIFTYNXT50,,2026-04-28,2026-04-28,65200.00,CE,NIFTYNXT5026APR65200CE,0.00,0.00,0.00,4004.05,0.00,4004.05,69883.95,4726.30,0,0,0,0.00,0,F1,25,,,,,
2026-04-24,2026-04-24,FO,NSE,IDO,74013,,NIFTYNXT50,,2026-04-28,2026-04-28,65500.00,CE,NIFTYNXT5026APR65500CE,0.00,0.00,0.00,3819.80,0.00,3819.80,69883.95,4427.35,0,0,0,0.00,0,F1,25,,,,,
2026-04-24,2026-04-24,FO,NSE,IDO,74033,,NIFTYNXT50,,2026-04-28,2026-04-28,66400.00,CE,NIFTYNXT5026APR66400CE,0.00,0.00,0.00,3298.80,0.00,3298.80,69883.95,3535.80,0,0,0,0.00,0,F1,25,,,,,
2026-04-24,2026-04-24,FO,NSE,IDO,74050,,NIFTYNXT50,,2026-04-28,2026-04-28,67100.00,CE,NIFTYNXT5026APR67100CE,0.00,0.00,0.00,1145.05,1145.05,1145.05,69883.95,2856.70,25,0,0,0.00,0,F1,25,,,,,
2026-04-24,2026-04-24,FO,NSE,IDO,74078,,NIFTYNXT50,,2026-04-28,2026-04-28,67600.00,CE,NIFTYNXT5026APR67600CE,0.00,0.00,0.00,2678.65,0.00,2678.65,69883.95,2388.45,0,0,0,0.00,0,F1,25,,,,,
2026-04-24,2026-04-24,FO,NSE,IDO,74136,,NIFTYNXT50,,2026-04-28,2026-04-28,68300.00,CE,NIFTYNXT5026APR68300CE,0.00,0.00,0.00,2356.40,0.00,2356.40,69883.95,1774.45,0,0,0,0.00,0,F1,25,,,,,
2026-04-24,2026-04-24,FO,NSE,IDO,74192,,NIFTYNXT50,,2026-04-28,2026-04-28,69900.00,CE,NIFTYNXT5026APR69900CE,0.00,0.00,0.00,1725.05,0.00,1725.05,69883.95,689.40,0,0,0,0.00,0,F1,25,,,,,
2026-04-24,2026-04-24,FO,NSE,IDO,74201,,NIFTYNXT50,,2026-04-28,2026-04-28,70200.00,CE,NIFTYNXT5026APR70200CE,0.00,0.00,0.00,1622.30,0.00,1622.30,69883.95,549.20,0,0,0,0.00,0,F1,25,,,,,
2026-04-24,2026-04-24,FO,NSE,IDO,74205,,NIFTYNXT50,,2026-04-28,2026-04-28,70400.00,CE,NIFTYNXT5026APR70400CE,0.00,0.00,0.00,1556.40,0.00,1556.40,69883.95,467.50,0,0,0,0.00,0,F1,25,,,,,
2026-04-24,2026-04-24,FO,NSE,IDO,74267,,NIFTYNXT50,,2026-04-28,2026-04-28,71400.00,CE,NIFTYNXT5026APR71400CE,0.00,0.00,0.00,459.65,459.65,459.65,69883.95,184.95,250,0,0,0.00,0,F1,25,,,,,
2026-04-24,2026-04-24,FO,NSE,IDO,74271,,NIFTYNXT50,,2026-04-28,2026-04-28,71500.00,CE,NIFTYNXT5026APR71500CE,160.00,160.00,41.15,65.80,81.00,160.00,69883.95,65.80,1700,-375,215,384673487.50,168,F1,25,,,,,
2026-04-24,2026-04-24,FO,NSE,IDO,74340,,NIFTYNXT50,,2026-04-28,2026-04-28,74700.00,CE,NIFTYNXT5026APR74700CE,0.00,0.00,0.00,579.35,0.00,579.35,69883.95,1.70,0,0,0,0.00,0,F1,25,,,,,
2026-04-24,2026-04-24,FO,NSE,IDO,74350,,NIFTYNXT50,,2026-04-28,2026-04-28,75200.00,CE,NIFTYNXT5026APR75200CE,0.00,0.00,0.00,510.25,0.00,510.25,69883.95,0.70,0,0,0,0.00,0,F1,25,,,,,
2026-04-24,2026-04-24,FO,NSE,IDO,74356,,NIFTYNXT50,,2026-04-28,2026-04-28,75500.00,CE,NIFTYNXT5026APR75500CE,0.00,0.00,0.00,472.20,0.00,472.20,69883.95,0.40,0,0,0,0.00,0,F1,25,,,,,
2026-04-24,2026-04-24,FO,NSE,IDO,74368,,NIFTYNXT50,,2026-04-28,2026-04-28,76100.00,CE,NIFTYNXT5026APR76100CE,0.00,0.00,0.00,403.40,0.00,403.40,69883.95,0.15,0,0,0,0.00,0,F1,25,,,,,
2026-04-24,2026-04-24,FO,NSE,IDO,49898,,NIFTYNXT50,,2026-05-26,2026-05-26,54400.00,CE,NIFTYNXT5026MAY54400CE,0.00,0.00,0.00,12485.25,0.00,12485.25,69883.95,15780.40,0,0,0,0.00,0,F1,25,,,,,
2026-04-24,2026-04-24,FO,NSE,IDO,49900,,NIFTYNXT50,,2026-05-26,2026-05-26,54600.00,CE,NIFTYNXT5026MAY54600CE,0.00,0.00,0.00,12291.25,0.00,12291.25,69883.95,15581.50,0,0,0,0.00,0,F1,25,,,,,
2026-04-24,2026-04-24,FO,NSE,IDO,43930,,NIFTYNXT50,,2026-05-26,2026-05-26,55700.00,CE,NIFTYNXT5026MAY55700CE,0.00,0.00,0.00,11996.30,0.00,11996.30,69883.95,14487.75,0,0,0,0.00,0,F1,25,,,,,
2026-04-24,2026-04-24,FO,NSE,IDO,73135,,NIFTYNXT50,,2026-05-26,2026-05-26,57000.00,CE,NIFTYNXT5026MAY57000CE,0.00,0.00,0.00,13747.80,0.00,13747.80,69883.95,13195.80,0,0,0,0.00,0,F1,25,,,,,
2026-04-24,2026-04-24,FO,NSE,IDO,41309,,NIFTYNXT50,,2026-05-26,2026-05-26,57400.00,CE,NIFTYNXT5026MAY57400CE,0.00,0.00,0.00,12183.20,0.00,12183.20,69883.95,12798.60,0,0,0,0.00,0,F1,25,,,,,
2026-04-24,2026-04-24,FO,NSE,IDO,73177,,NIFTYNXT50,,2026-05-26,2026-05-26,57500.00,CE,NIFTYNXT5026MAY57500CE,0.00,0.00,0.00,13264.80,0.00,13264.80,69883.95,12699.30,0,0,0,0.00,0,F1,25,,,,,
2026-04-24,2026-04-24,FO,NSE,IDO,73187,,NIFTYNXT50,,2026-05-26,2026-05-26,57900.00,CE,NIFTYNXT5026MAY57900CE,0.00,0.00,0.00,12879.85,0.00,12879.85,69883.95,12302.40,0,0,0,0.00,0,F1,25,,,,,
2026-04-24,2026-04-24,FO,NSE,IDO,73206,,NIFTYNXT50,,2026-05-26,2026-05-26,58200.00,CE,NIFTYNXT5026MAY58200CE,0.00,0.00,0.00,12592.10,0.00,12592.10,69883.95,12004.90,0,0,0,0.00,0,F1,25,,,,,
2026-04-24,2026-04-24,FO,NSE,IDO,73355,,NIFTYNXT50,,2026-05-26,2026-05-26,60000.00,CE,NIFTYNXT5026MAY60000CE,0.00,0.00,0.00,10888.70,0.00,10888.70,69883.95,10226.75,0,0,0,0.00,0,F1,25,,,,,
2026-04-24,2026-04-24,FO,NSE,IDO,73377,,NIFTYNXT50,,2026-05-26,2026-05-26,60300.00,CE,NIFTYNXT5026MAY60300CE,0.00,0.00,0.00,10609.60,0.00,10609.60,69883.95,9932.20,0,0,0,0.00,0,F1,25,,,,,
2026-04-24,2026-04-24,FO,NSE,IDO,73401,,NIFTYNXT50,,2026-05-26,2026-05-26,61200.00,CE,NIFTYNXT5026MAY61200CE,0.00,0.00,0.00,9782.95,0.00,9782.95,69883.95,9053.70,0,0,0,0.00,0,F1,25,,,,,
2026-04-24,2026-04-24,FO,NSE,IDO,73431,,NIFTYNXT50,,2026-05-26,2026-05-26,62200.00,CE,NIFTYNXT5026MAY62200CE,0.00,0.00,0.00,8886.50,0.00,8886.50,69883.95,8090.60,0,0,0,0.00,0,F1,25,,,,,
2026-04-24,2026-04-24,FO,NSE,IDO,73438,,NIFTYNXT50,,2026-05-26,2026-05-26,62300.00,CE,NIFTYNXT5026MAY62300CE,0.00,0.00,0.00,8798.30,0.00,8798.30,69883.95,7995.25,0,0,0,0.00,0,F1,25,,,,,
2026-04-24,2026-04-24,FO,NSE,IDO,73551,,NIFTYNXT50,,2026-05-26,2026-05-26,64200.00,CE,NIFTYNXT5026MAY64200CE,0.00,0.00,0.00,7183.55,0.00,7183.55,69883.95,6234.65,0,0,0,0.00,0,F1,25,,,,,
2026-04-24,2026-04-24,FO,NSE,IDO,73555,,NIFTYNXT50,,2026-05-26,2026-05-26,64400.00,CE,NIFTYNXT5026MAY64400CE,0.00,0.00,0.00,7021.10,0.00,7021.10,69883.95,6056.40,0,0,0,0.00,0,F1,25,,,,,
2026-04-24,2026-04-24,FO,NSE,IDO,73575,,NIFTYNXT50,,2026-05-26,2026-05-26,65300.00,CE,NIFTYNXT5026MAY65300CE,0.00,0.00,0.00,6310.35,0.00,6310.35,69883.95,5276.15,0,0,0,0.00,0,F1,25,,,,,
2026-04-24,2026-04-24,FO,NSE,IDO,73586,,NIFTYNXT50,,2026-05-26,2026-05-26,65700.00,CE,NIFTYNXT5026MAY65700CE,0.00,0.00,0.00,6005.80,0.00,6005.80,69883.95,4942.30,0,0,0,0.00,0,F1,25,,,,,
2026-04-24,2026-04-24,FO,NSE,IDO,73613,,NIFTYNXT50,,2026-05-26,2026-05-26,66200.00,CE,NIFTYNXT5026MAY66200CE,0.00,0.00,0.00,5637.95,0.00,5637.95,69883.95,4537.75,0,0,0,0.00,0,F1,25,,,,,
2026-04-24,2026-04-24,FO,NSE,IDO,73713,,NIFTYNXT50,,2026-05-26,2026-05-26,68100.00,CE,NIFTYNXT5026MAY68100CE,0.00,0.00,0.00,4341.25,0.00,4341.25,69883.95,3150.25,0,0,0,0.00,0,F1,25,,,,,
2026-04-24,2026-04-24,FO,NSE,IDO,73764,,NIFTYNXT50,,2026-05-26,2026-05-26,68300.00,CE,NIFTYNXT5026MAY68300CE,0.00,0.00,0.00,4216.20,0.00,4216.20,69883.95,3019.75,0,0,0,0.00,0,F1,25,,,,,
2026-04-24,2026-04-24,FO,NSE,IDO,73868,,NIFTYNXT50,,2026-05-26,2026-05-26,69600.00,CE,NIFTYNXT5026MAY69600CE,0.00,0.00,0.00,3457.30,0.00,3457.30,69883.95,2249.95,0,0,0,0.00,0,F1,25,,,,,
2026-04-24,2026-04-24,FO,NSE,IDO,73888,,NIFTYNXT50,,2026-05-26,2026-05-26,70600.00,CE,NIFTYNXT5026MAY70600CE,0.00,0.00,0.00,2937.50,0.00,2937.50,69883.95,1752.20,0,0,0,0.00,0,F1,25,,,,,
2026-04-24,2026-04-24,FO,NSE,IDO,74056,,NIFTYNXT50,,2026-05-26,2026-05-26,72700.00,CE,NIFTYNXT5026MAY72700CE,0.00,0.00,0.00,2026.25,0.00,2026.25,69883.95,966.90,0,0,0,0.00,0,F1,25,,,,,
2026-04-24,2026-04-24,FO,NSE,IDO,74507,,NIFTYNXT50,,2026-05-26,2026-05-26,75500.00,CE,NIFTYNXT5026MAY75500CE,0.00,0.00,0.00,1163.25,0.00,1163.25,69883.95,377.05,0,0,0,0.00,0,F1,25,,,,,
2026-04-24,2026-04-24,FO,NSE,IDO,74527,,NIFTYNXT50,,2026-05-26,2026-05-26,76100.00,CE,NIFTYNXT5026MAY76100CE,0.00,0.00,0.00,1024.00,0.00,1024.00,69883.95,301.20,0,0,0,0.00,0,F1,25,,,,,
2026-04-24,2026-04-24,FO,NSE,IDO,80771,,NIFTYNXT50,,2026-06-30,2026-06-30,51000.00,CE,NIFTYNXT5026JUN51000CE,0.00,0.00,0.00,10380.35,0.00,10380.35,69883.95,19464.65,0,0,0,0.00,0,F1,25,,,,,
2026-04-24,2026-04-24,FO,NSE,IDO,81222,,NIFTYNXT50,,2026-06-30,2026-06-30,56900.00,CE,NIFTYNXT5026JUN56900CE,0.00,0.00,0.00,5400.55,0.00,5400.55,69883.95,13662.35,0,0,0,0.00,0,F1,25,,,,,
2026-04-24,2026-04-24,FO,NSE,IDO,81228,,NIFTYNXT50,,2026-06-30,2026-06-30,57200.00,CE,NIFTYNXT5026JUN57200CE,0.00,0.00,0.00,5184.85,0.00,5184.85,69883.95,13370.95,0,0,0,0.00,0,F1,25,,,,,
2026-04-24,2026-04-24,FO,NSE,IDO,81245,,NIFTYNXT50,,2026-06-30,2026-06-30,57700.00,CE,NIFTYNXT5026JUN57700CE,0.00,0.00,0.00,4833.65,0.00,4833.65,69883.95,12886.85,0,0,0,0.00,0,F1,25,,,,,
2026-04-24,2026-04-24,FO,NSE,IDO,81547,,NIFTYNXT50,,2026-06-30,2026-06-30,63200.00,CE,NIFTYNXT5026JUN63200CE,0.00,0.00,0.00,1932.35,0.00,1932.35,69883.95,7827.05,0,0,0,0.00,0,F1,25,,,,,
2026-04-24,2026-04-24,FO,NSE,IDO,81771,,NIFTYNXT50,,2026-06-30,2026-06-30,67200.00,CE,NIFTYNXT5026JUN67200CE,0.00,0.00,0.00,831.35,0.00,831.35,69883.95,4760.95,0,0,0,0.00,0,F1,25,,,,,
2026-04-24,2026-04-24,FO,NSE,IDO,81789,,NIFTYNXT50,,2026-06-30,2026-06-30,68100.00,CE,NIFTYNXT5026JUN68100CE,0.00,0.00,0.00,673.85,0.00,673.85,69883.95,4179.95,0,0,0,0.00,0,F1,25,,,,,
2026-04-24,2026-04-24,FO,NSE,IDO,82037,,NIFTYNXT50,,2026-06-30,2026-06-30,74000.00,CE,NIFTYNXT5026JUN74000CE,0.00,0.00,0.00,142.60,0.00,142.60,69883.95,1485.10,0,0,0,0.00,0,F1,25,,,,,
2026-04-24,2026-04-24,FO,NSE,IDO,41004,,NIFTYNXT50,,2026-06-30,2026-06-30,76400.00,CE,NIFTYNXT5026JUN76400CE,0.00,0.00,0.00,460.10,0.00,460.10,69883.95,890.50,0,0,0,0.00,0,F1,25,,,,,
2026-04-24,2026-04-24,FO,NSE,IDO,41230,,NIFTYNXT50,,2026-04-28,2026-04-28,54400.00,PE,NIFTYNXT5026APR54400PE,0.00,0.00,0.00,28.15,0.00,28.15,69883.95,0.00,0,0,0,0.00,0,F1,25,,,,,
2026-04-24,2026-04-24,FO,NSE,IDO,81983,,NIFTYNXT50,,2026-06-30,2026-06-30,70800.00,PE,NIFTYNXT5026JUN70800PE,0.00,0.00,0.00,9525.55,0.00,9525.55,69883.95,2819.55,0,0,0,0.00,0,F1,25,,,,,
2026-04-24,2026-04-24,FO,NSE,IDO,73708,,NIFTYNXT50,,2026-04-28,2026-04-28,56600.00,PE,NIFTYNXT5026APR56600PE,0.00,0.00,0.00,80.35,0.00,80.35,69883.95,0.00,0,0,0,0.00,0,F1,25,,,,,
2026-04-24,2026-04-24,FO,NSE,IDO,73723,,NIFTYNXT50,,2026-04-28,2026-04-28,57000.00,PE,NIFTYNXT5026APR57000PE,0.00,0.00,0.00,96.55,0.00,96.55,69883.95,0.00,0,0,0,0.00,0,F1,25,,,,,
2026-04-24,2026-04-24,FO,NSE,IDO,73725,,NIFTYNXT50,,2026-04-28,2026-04-28,57100.00,PE,NIFTYNXT5026APR57100PE,0.00,0.00,0.00,100.95,0.00,100.95,69883.95,0.00,0,0,0,0.00,0,F1,25,,,,,
2026-04-24,2026-04-24,FO,NSE,IDO,73757,,NIFTYNXT50,,2026-04-28,2026-04-28,57700.00,PE,NIFTYNXT5026APR57700PE,0.00,0.00,0.00,131.30,0.00,131.30,69883.95,0.00,0,0,0,0.00,0,F1,25,,,,,
2026-04-24,2026-04-24,FO,NSE,IDO,73844,,NIFTYNXT50,,2026-04-28,2026-04-28,61400.00,PE,NIFTYNXT5026APR61400PE,0.00,0.00,0.00,522.55,0.00,522.55,69883.95,0.00,0,0,0,0.00,0,F1,25,,,,,
2026-04-24,2026-04-24,FO,NSE,IDO,73860,,NIFTYNXT50,,2026-04-28,2026-04-28,61700.00,PE,NIFTYNXT5026APR61700PE,0.00,0.00,0.00,575.05,0.00,575.05,69883.95,0.00,0,0,0,0.00,0,F1,25,,,,,
2026-04-24,2026-04-24,FO,NSE,IDO,73926,,NIFTYNXT50,,2026-04-28,2026-04-28,62200.00,PE,NIFTYNXT5026APR62200PE,0.00,0.00,0.00,671.20,0.00,671.20,69883.95,0.00,0,0,0,0.00,0,F1,25,,,,,
2026-04-24,2026-04-24,FO,NSE,IDO,73952,,NIFTYNXT50,,2026-04-28,2026-04-28,63500.00,PE,NIFTYNXT5026APR63500PE,0.00,0.00,0.00,978.45,0.00,978.45,69883.95,0.05,0,0,0,0.00,0,F1,25,,,,,
2026-04-24,2026-04-24,FO,NSE,IDO,73954,,NIFTYNXT50,,2026-04-28,2026-04-28,63600.00,PE,NIFTYNXT5026APR63600PE,0.00,0.00,0.00,1005.35,0.00,1005.35,69883.95,0.05,0,0,0,0.00,0,F1,25,,,,,
2026-04-24,2026-04-24,FO,NSE,IDO,74042,,NIFTYNXT50,,2026-04-28,2026-04-28,66800.00,PE,NIFTYNXT5026APR66800PE,0.00,0.00,0.00,2163.10,0.00,2163.10,69883.95,18.90,0,0,0,0.00,0,F1,25,,,,,
2026-04-24,2026-04-24,FO,NSE,IDO,74177,,NIFTYNXT50,,2026-04-28,2026-04-28,69400.00,PE,NIFTYNXT5026APR69400PE,0.00,0.00,0.00,3547.70,0.00,3547.70,69883.95,441.40,0,0,0,0.00,0,F1,25,,,,,
2026-04-24,2026-04-24,FO,NSE,IDO,74224,,NIFTYNXT50,,2026-04-28,2026-04-28,70900.00,PE,NIFTYNXT5026APR70900PE,0.00,0.00,0.00,630.00,630.00,630.00,69883.95,1272.65,0,0,0,0.00,0,F1,25,,,,,
2026-04-24,2026-04-24,FO,NSE,IDO,74263,,NIFTYNXT50,,2026-04-28,2026-04-28,71200.00,PE,NIFTYNXT5026APR71200PE,0.00,0.00,0.00,4726.20,0.00,4726.20,69883.95,1497.25,0,0,0,0.00,0,F1,25,,,,,
2026-04-24,2026-04-24,FO,NSE,IDO,74268,,NIFTYNXT50,,2026-04-28,2026-04-28,71400.00,PE,NIFTYNXT5026APR71400PE,0.00,0.00,0.00,4867.20,0.00,4867.20,69883.95,1655.65,0,0,0,0.00,0,F1,25,,,,,
2026-04-24,2026-04-24,FO,NSE,IDO,74275,,NIFTYNXT50,,2026-04-28,2026-04-28,71600.00,PE,NIFTYNXT5026APR71600PE,0.00,0.00,0.00,5010.10,0.00,5010.10,69883.95,1820.25,0,0,0,0.00,0,F1,25,,,,,
2026-04-24,2026-04-24,FO,NSE,IDO,74281,,NIFTYNXT50,,2026-04-28,2026-04-28,71800.00,PE,NIFTYNXT5026APR71800PE,0.00,0.00,0.00,5154.85,0.00,5154.85,69883.95,1990.55,0,0,0,0.00,0,F1,25,,,,,
2026-04-24,2026-04-24,FO,NSE,IDO,74283,,NIFTYNXT50,,2026-04-28,2026-04-28,71900.00,PE,NIFTYNXT5026APR71900PE,0.00,0.00,0.00,5227.95,0.00,5227.95,69883.95,2077.60,0,0,0,0.00,0,F1,25,,,,,
2026-04-24,2026-04-24,FO,NSE,IDO,74321,,NIFTYNXT50,,2026-04-28,2026-04-28,73700.00,PE,NIFTYNXT5026APR73700PE,0.00,0.00,0.00,6616.20,0.00,6616.20,69883.95,3778.55,0,0,0,0.00,0,F1,25,,,,,
2026-04-24,2026-04-24,FO,NSE,IDO,74373,,NIFTYNXT50,,2026-04-28,2026-04-28,76200.00,PE,NIFTYNXT5026APR76200PE,0.00,0.00,0.00,8729.30,0.00,8729.30,69883.95,6267.75,0,0,0,0.00,0,F1,25,,,,,
2026-04-24,2026-04-24,FO,NSE,IDO,43905,,NIFTYNXT50,,2026-05-26,2026-05-26,54900.00,PE,NIFTYNXT5026MAY54900PE,0.00,0.00,0.00,29.30,0.00,29.30,69883.95,0.20,0,0,0,0.00,0,F1,25,,,,,
2026-04-24,2026-04-24,FO,NSE,IDO,73134,,NIFTYNXT50,,2026-05-26,2026-05-26,56500.00,PE,NIFTYNXT5026MAY56500PE,0.00,0.00,0.00,23.70,0.00,23.70,69883.95,0.85,0,0,0,0.00,0,F1,25,,,,,
2026-04-24,2026-04-24,FO,NSE,IDO,41298,,NIFTYNXT50,,2026-05-26,2026-05-26,56800.00,PE,NIFTYNXT5026MAY56800PE,0.00,0.00,0.00,34.50,0.00,34.50,69883.95,1.15,0,0,0,0.00,0,F1,25,,,,,
2026-04-24,2026-04-24,FO,NSE,IDO,41312,,NIFTYNXT50,,2026-05-26,2026-05-26,57600.00,PE,NIFTYNXT5026MAY57600PE,0.00,0.00,0.00,51.80,0.00,51.80,69883.95,2.35,0,0,0,0.00,0,F1,25,,,,,
2026-04-24,2026-04-24,FO,NSE,IDO,38415,,NIFTYNXT50,,2026-05-26,2026-05-26,57700.00,PE,NIFTYNXT5026MAY57700PE,0.00,0.00,0.00,37.30,0.00,37.30,69883.95,2.55,0,0,0,0.00,0,F1,25,,,,,
2026-04-24,2026-04-24,FO,NSE,IDO,73347,,NIFTYNXT50,,2026-05-26,2026-05-26,59600.00,PE,NIFTYNXT5026MAY59600PE,0.00,0.00,0.00,103.35,0.00,103.35,69883.95,11.90,0,0,0,0.00,0,F1,25,,,,,
2026-04-24,2026-04-24,FO,NSE,IDO,73376,,NIFTYNXT50,,2026-05-26,2026-05-26,60200.00,PE,NIFTYNXT5026MAY60200PE,0.00,0.00,0.00,132.70,0.00,132.70,69883.95,18.45,0,0,0,0.00,0,F1,25,,,,,
2026-04-24,2026-04-24,FO,NSE,IDO,73384,,NIFTYNXT50,,2026-05-26,2026-05-26,60600.00,PE,NIFTYNXT5026MAY60600PE,0.00,0.00,0.00,155.85,0.00,155.85,69883.95,24.40,0,0,0,0.00,0,F1,25,,,,,
2026-04-24,2026-04-24,FO,NSE,IDO,73400,,NIFTYNXT50,,2026-05-26,2026-05-26,61100.00,PE,NIFTYNXT5026MAY61100PE,0.00,0.00,0.00,189.35,0.00,189.35,69883.95,34.10,0,0,0,0.00,0,F1,25,,,,,
2026-04-24,2026-04-24,FO,NSE,IDO,73402,,NIFTYNXT50,,2026-05-26,2026-05-26,61200.00,PE,NIFTYNXT5026MAY61200PE,0.00,0.00,0.00,196.70,0.00,196.70,69883.95,36.40,0,0,0,0.00,0,F1,25,,,,,
2026-04-24,2026-04-24,FO,NSE,IDO,73554,,NIFTYNXT50,,2026-05-26,2026-05-26,64300.00,PE,NIFTYNXT5026MAY64300PE,0.00,0.00,0.00,564.85,0.00,564.85,69883.95,211.10,0,0,0,0.00,0,F1,25,,,,,
2026-04-24,2026-04-24,FO,NSE,IDO,73566,,NIFTYNXT50,,2026-05-26,2026-05-26,64900.00,PE,NIFTYNXT5026MAY64900PE,0.00,0.00,0.00,674.85,0.00,674.85,69883.95,280.75,0,0,0,0.00,0,F1,25,,,,,
2026-04-24,2026-04-24,FO,NSE,IDO,73610,,NIFTYNXT50,,2026-05-26,2026-05-26,66000.00,PE,NIFTYNXT5026MAY66000PE,0.00,0.00,0.00,916.85,0.00,916.85,69883.95,454.35,0,0,0,0.00,0,F1,25,,,,,
2026-04-24,2026-04-24,FO,NSE,IDO,73657,,NIFTYNXT50,,2026-05-26,2026-05-26,67500.00,PE,NIFTYNXT5026MAY67500PE,0.00,0.00,0.00,1339.30,0.00,1339.30,69883.95,808.55,0,0,0,0.00,0,F1,25,,,,,
2026-04-24,2026-04-24,FO,NSE,IDO,73773,,NIFTYNXT50,,2026-05-26,2026-05-26,68300.00,PE,NIFTYNXT5026MAY68300PE,0.00,0.00,0.00,1613.05,0.00,1613.05,69883.95,1063.75,0,0,0,0.00,0,F1,25,,,,,
2026-04-24,2026-04-24,FO,NSE,IDO,73793,,NIFTYNXT50,,2026-05-26,2026-05-26,68500.00,PE,NIFTYNXT5026MAY68500PE,0.00,0.00,0.00,1686.90,0.00,1686.90,69883.95,1135.35,0,0,0,0.00,0,F1,25,,,,,
2026-04-24,2026-04-24,FO,NSE,IDO,73849,,NIFTYNXT50,,2026-05-26,2026-05-26,68900.00,PE,NIFTYNXT5026MAY68900PE,0.00,0.00,0.00,1841.25,0.00,1841.25,69883.95,1288.10,0,0,0,0.00,0,F1,25,,,,,
2026-04-24,2026-04-24,FO,NSE,IDO,73925,,NIFTYNXT50,,2026-05-26,2026-05-26,71900.00,PE,NIFTYNXT5026MAY71900PE,0.00,0.00,0.00,3282.75,0.00,3282.75,69883.95,2850.90,0,0,0,0.00,0,F1,25,,,,,
2026-04-24,2026-04-24,FO,NSE,IDO,74063,,NIFTYNXT50,,2026-05-26,2026-05-26,72900.00,PE,NIFTYNXT5026MAY72900PE,0.00,0.00,0.00,3872.80,0.00,3872.80,69883.95,3528.05,0,0,0,0.00,0,F1,25,,,,,
2026-04-24,2026-04-24,FO,NSE,IDO,74522,,NIFTYNXT50,,2026-05-26,2026-05-26,75800.00,PE,NIFTYNXT5026MAY75800PE,0.00,0.00,0.00,5865.15,0.00,5865.15,69883.95,5840.50,0,0,0,0.00,0,F1,25,,,,,
2026-04-24,2026-04-24,FO,NSE,IDO,74685,,NIFTYNXT50,,2026-05-26,2026-05-26,81000.00,PE,NIFTYNXT5026MAY81000PE,0.00,0.00,0.00,10204.90,0.00,10204.90,69883.95,10710.55,0,0,0,0.00,0,F1,25,,,,,
2026-04-24,2026-04-24,FO,NSE,IDO,81016,,NIFTYNXT50,,2026-06-30,2026-06-30,55600.00,PE,NIFTYNXT5026JUN55600PE,0.00,0.00,0.00,636.85,0.00,636.85,69883.95,15.65,0,0,0,0.00,0,F1,25,,,,,
2026-04-24,2026-04-24,FO,NSE,IDO,81129,,NIFTYNXT50,,2026-06-30,2026-06-30,56000.00,PE,NIFTYNXT5026JUN56000PE,0.00,0.00,0.00,718.40,0.00,718.40,69883.95,19.55,0,0,0,0.00,0,F1,25,,,,,
2026-04-24,2026-04-24,FO,NSE,IDO,81238,,NIFTYNXT50,,2026-06-30,2026-06-30,57300.00,PE,NIFTYNXT5026JUN57300PE,0.00,0.00,0.00,1037.80,0.00,1037.80,69883.95,38.45,0,0,0,0.00,0,F1,25,,,,,
2026-04-24,2026-04-24,FO,NSE,IDO,81242,,NIFTYNXT50,,2026-06-30,2026-06-30,57500.00,PE,NIFTYNXT5026JUN57500PE,0.00,0.00,0.00,1091.65,0.00,1091.65,69883.95,42.45,0,0,0,0.00,0,F1,25,,,,,
2026-04-24,2026-04-24,FO,NSE,IDO,81332,,NIFTYNXT50,,2026-06-30,2026-06-30,59300.00,PE,NIFTYNXT5026JUN59300PE,0.00,0.00,0.00,1698.80,0.00,1698.80,69883.95,97.40,0,0,0,0.00,0,F1,25,,,,,
2026-04-24,2026-04-24,FO,NSE,IDO,81362,,NIFTYNXT50,,2026-06-30,2026-06-30,60400.00,PE,NIFTYNXT5026JUN60400PE,0.00,0.00,0.00,2160.70,0.00,2160.70,69883.95,153.95,0,0,0,0.00,0,F1,25,,,,,
2026-04-24,2026-04-24,FO,NSE,IDO,81366,,NIFTYNXT50,,2026-06-30,2026-06-30,60600.00,PE,NIFTYNXT5026JUN60600PE,0.00,0.00,0.00,2252.25,0.00,2252.25,69883.95,166.65,0,0,0,0.00,0,F1,25,,,,,
2026-04-24,2026-04-24,FO,NSE,IDO,81368,,NIFTYNXT50,,2026-06-30,2026-06-30,60700.00,PE,NIFTYNXT5026JUN60700PE,0.00,0.00,0.00,2298.90,0.00,2298.90,69883.95,173.35,0,0,0,0.00,0,F1,25,,,,,
2026-04-24,2026-04-24,FO,NSE,IDO,81496,,NIFTYNXT50,,2026-06-30,2026-06-30,62000.00,PE,NIFTYNXT5026JUN62000PE,0.00,0.00,0.00,2957.60,0.00,2957.60,69883.95,281.80,0,0,0,0.00,0,F1,25,,,,,
2026-04-24,2026-04-24,FO,NSE,IDO,81500,,NIFTYNXT50,,2026-06-30,2026-06-30,62200.00,PE,NIFTYNXT5026JUN62200PE,0.00,0.00,0.00,3067.55,0.00,3067.55,69883.95,302.50,0,0,0,0.00,0,F1,25,,,,,
2026-04-24,2026-04-24,FO,NSE,IDO,81502,,NIFTYNXT50,,2026-06-30,2026-06-30,62300.00,PE,NIFTYNXT5026JUN62300PE,0.00,0.00,0.00,3123.35,0.00,3123.35,69883.95,313.25,0,0,0,0.00,0,F1,25,,,,,
2026-04-24,2026-04-24,FO,NSE,IDO,81617,,NIFTYNXT50,,2026-06-30,2026-06-30,64000.00,PE,NIFTYNXT5026JUN64000PE,0.00,0.00,0.00,4155.30,0.00,4155.30,69883.95,547.00,0,0,0,0.00,0,F1,25,,,,,
2026-04-24,2026-04-24,FO,NSE,IDO,81665,,NIFTYNXT50,,2026-06-30,2026-06-30,65300.00,PE,NIFTYNXT5026JUN65300PE,0.00,0.00,0.00,5043.70,0.00,5043.70,69883.95,800.95,0,0,0,0.00,0,F1,25,,,,,
2026-04-24,2026-04-24,FO,NSE,IDO,81675,,NIFTYNXT50,,2026-06-30,2026-06-30,65800.00,PE,NIFTYNXT5026JUN65800PE,0.00,0.00,0.00,5408.95,0.00,5408.95,69883.95,918.65,0,0,0,0.00,0,F1,25,,,,,
2026-04-24,2026-04-24,FO,NSE,IDO,81725,,NIFTYNXT50,,2026-06-30,2026-06-30,66400.00,PE,NIFTYNXT5026JUN66400PE,0.00,0.00,0.00,5858.90,0.00,5858.90,69883.95,1077.75,0,0,0,0.00,0,F1,25,,,,,
2026-04-24,2026-04-24,FO,NSE,IDO,81778,,NIFTYNXT50,,2026-06-30,2026-06-30,67500.00,PE,NIFTYNXT5026JUN67500PE,0.00,0.00,0.00,6716.85,0.00,6716.85,69883.95,1410.95,0,0,0,0.00,0,F1,25,,,,,
2026-04-24,2026-04-24,FO,NSE,IDO,81804,,NIFTYNXT50,,2026-06-30,2026-06-30,68700.00,PE,NIFTYNXT5026JUN68700PE,0.00,0.00,0.00,7703.00,0.00,7703.00,69883.95,1852.30,0,0,0,0.00,0,F1,25,,,,,
2026-04-24,2026-04-24,FO,NSE,IDO,81815,,NIFTYNXT50,,2026-06-30,2026-06-30,69100.00,PE,NIFTYNXT5026JUN69100PE,0.00,0.00,0.00,8041.45,0.00,8041.45,69883.95,2017.30,0,0,0,0.00,0,F1,25,,,,,
2026-04-24,2026-04-24,FO,NSE,IDO,81897,,NIFTYNXT50,,2026-06-30,2026-06-30,69600.00,PE,NIFTYNXT5026JUN69600PE,0.00,0.00,0.00,8470.65,0.00,8470.65,69883.95,2236.30,0,0,0,0.00,0,F1,25,,,,,
2026-04-24,2026-04-24,FO,NSE,IDO,81909,,NIFTYNXT50,,2026-06-30,2026-06-30,69900.00,PE,NIFTYNXT5026JUN69900PE,0.00,0.00,0.00,8731.20,0.00,8731.20,69883.95,2374.50,0,0,0,0.00,0,F1,25,,,,,
2026-04-24,2026-04-24,FO,NSE,IDO,81917,,NIFTYNXT50,,2026-06-30,2026-06-30,70100.00,PE,NIFTYNXT5026JUN70100PE,0.00,0.00,0.00,8906.15,0.00,8906.15,69883.95,2469.50,0,0,0,0.00,0,F1,25,,,,,
2026-04-24,2026-04-24,FO,NSE,IDO,81977,,NIFTYNXT50,,2026-06-30,2026-06-30,70500.00,PE,NIFTYNXT5026JUN70500PE,0.00,0.00,0.00,9258.75,0.00,9258.75,69883.95,2666.00,0,0,0,0.00,0,F1,25,,,,,
2026-04-24,2026-04-24,FO,NSE,IDO,74127,,NIFTYNXT50,,2026-04-28,2026-04-28,68200.00,PE,NIFTYNXT5026APR68200PE,0.00,0.00,0.00,2859.70,0.00,2859.70,69883.95,131.00,0,0,0,0.00,0,F1,25,,,,,
2026-04-24,2026-04-24,FO,NSE,IDO,74053,,NIFTYNXT50,,2026-04-28,2026-04-28,67200.00,PE,NIFTYNXT5026APR67200PE,0.00,0.00,0.00,2350.35,0.00,2350.35,69883.95,35.00,0,0,0,0.00,0,F1,25,,,,,
2026-04-24,2026-04-24,FO,NSE,IDO,73980,,NIFTYNXT50,,2026-04-28,2026-04-28,64600.00,PE,NIFTYNXT5026APR64600PE,0.00,0.00,0.00,1302.25,0.00,1302.25,69883.95,0.25,0,0,0,0.00,0,F1,25,,,,,
2026-04-24,2026-04-24,FO,NSE,IDO,73978,,NIFTYNXT50,,2026-04-28,2026-04-28,64500.00,PE,NIFTYNXT5026APR64500PE,0.00,0.00,0.00,1269.80,0.00,1269.80,69883.95,0.20,0,0,0,0.00,0,F1,25,,,,,
2026-04-24,2026-04-24,FO,NSE,IDO,73966,,NIFTYNXT50,,2026-04-28,2026-04-28,64000.00,PE,NIFTYNXT5026APR64000PE,20.05,25.00,20.00,25.00,25.00,25.00,69883.95,0.05,450,0,4,6402126.25,3,F1,25,,,,,
2026-04-24,2026-04-24,FO,NSE,IDO,73950,,NIFTYNXT50,,2026-04-28,2026-04-28,63400.00,PE,NIFTYNXT5026APR63400PE,0.00,0.00,0.00,952.15,0.00,952.15,69883.95,0.05,0,0,0,0.00,0,F1,25,,,,,
2026-04-24,2026-04-24,FO,NSE,IDO,73938,,NIFTYNXT50,,2026-04-28,2026-04-28,62800.00,PE,NIFTYNXT5026APR62800PE,0.00,0.00,0.00,801.75,0.00,801.75,69883.95,0.00,0,0,0,0.00,0,F1,25,,,,,
2026-04-24,2026-04-24,FO,NSE,IDO,73836,,NIFTYNXT50,,2026-04-28,2026-04-28,61000.00,PE,NIFTYNXT5026APR61000PE,7.00,9.90,3.20,6.25,3.20,2.55,69883.95,6.25,350,100,26,39654322.50,11,F1,25,,,,,
2026-04-24,2026-04-24,FO,NSE,IDO,73825,,NIFTYNXT50,,2026-04-28,2026-04-28,60600.00,PE,NIFTYNXT5026APR60600PE,0.00,0.00,0.00,400.35,0.00,400.35,69883.95,0.00,0,0,0,0.00,0,F1,25,,,,,
2026-04-24,2026-04-24,FO,NSE,IDO,73823,,NIFTYNXT50,,2026-04-28,2026-04-28,60500.00,PE,NIFTYNXT5026APR60500PE,0.00,0.00,0.00,386.80,0.00,386.80,69883.95,0.00,0,0,0,0.00,0,F1,25,,,,,
2026-04-24,2026-04-24,FO,NSE,IDO,73777,,NIFTYNXT50,,2026-04-28,2026-04-28,58500.00,PE,NIFTYNXT5026APR58500PE,0.00,0.00,0.00,183.10,0.00,183.10,69883.95,0.00,0,0,0,0.00,0,F1,25,,,,,
2026-04-24,2026-04-24,FO,NSE,IDO,73775,,NIFTYNXT50,,2026-04-28,2026-04-28,58400.00,PE,NIFTYNXT5026APR58400PE,0.00,0.00,0.00,175.85,0.00,175.85,69883.95,0.00,0,0,0,0.00,0,F1,25,,,,,
2026-04-24,2026-04-24,FO,NSE,IDO,73743,,NIFTYNXT50,,2026-04-28,2026-04-28,57500.00,PE,NIFTYNXT5026APR57500PE,0.00,0.00,0.00,120.45,0.00,120.45,69883.95,0.00,0,0,0,0.00,0,F1,25,,,,,
2026-04-24,2026-04-24,FO,NSE,IDO,73741,,NIFTYNXT50,,2026-04-28,2026-04-28,57400.00,PE,NIFTYNXT5026APR57400PE,0.00,0.00,0.00,115.30,0.00,115.30,69883.95,0.00,0,0,0,0.00,0,F1,25,,,,,
2026-04-24,2026-04-24,FO,NSE,IDO,81299,,NIFTYNXT50,,2026-06-30,2026-06-30,58700.00,PE,NIFTYNXT5026JUN58700PE,0.00,0.00,0.00,1476.30,0.00,1476.30,69883.95,74.70,0,0,0,0.00,0,F1,25,,,,,
2026-04-24,2026-04-24,FO,NSE,IDO,82121,,NIFTYNXT50,,2026-06-30,2026-06-30,80000.00,CE,NIFTYNXT5026JUN80000CE,0.00,0.00,0.00,22.15,0.00,22.15,69883.95,374.55,0,0,0,0.00,0,F1,25,,,,,
2026-04-24,2026-04-24,FO,NSE,IDO,74081,,NIFTYNXT50,,2026-04-28,2026-04-28,67600.00,PE,NIFTYNXT5026APR67600PE,0.00,0.00,0.00,2546.85,0.00,2546.85,69883.95,61.55,0,0,0,0.00,0,F1,25,,,,,
2026-04-24,2026-04-24,FO,NSE,IDO,73483,,NIFTYNXT50,,2026-04-28,2026-04-28,51500.00,CE,NIFTYNXT5026APR51500CE,0.00,0.00,0.00,15989.80,0.00,15989.80,69883.95,18416.70,0,0,0,0.00,0,F1,25,,,,,
2026-04-24,2026-04-24,FO,NSE,IDO,49884,,NIFTYNXT50,,2026-04-28,2026-04-28,54200.00,CE,NIFTYNXT5026APR54200CE,0.00,0.00,0.00,12379.50,0.00,12379.50,69883.95,15718.40,0,0,0,0.00,0,F1,25,,,,,
2026-04-24,2026-04-24,FO,NSE,IDO,41231,,NIFTYNXT50,,2026-04-28,2026-04-28,54600.00,CE,NIFTYNXT5026APR54600CE,0.00,0.00,0.00,12595.15,0.00,12595.15,69883.95,15318.65,0,0,0,0.00,0,F1,25,,,,,
2026-04-24,2026-04-24,FO,NSE,IDO,73698,,NIFTYNXT50,,2026-04-28,2026-04-28,56200.00,CE,NIFTYNXT5026APR56200CE,0.00,0.00,0.00,11423.75,0.00,11423.75,69883.95,13719.70,0,0,0,0.00,0,F1,25,,,,,
2026-04-24,2026-04-24,FO,NSE,IDO,73790,,NIFTYNXT50,,2026-04-28,2026-04-28,59100.00,CE,NIFTYNXT5026APR59100CE,0.00,0.00,0.00,8733.55,0.00,8733.55,69883.95,10821.50,0,0,0,0.00,0,F1,25,,,,,
2026-04-24,2026-04-24,FO,NSE,IDO,73804,,NIFTYNXT50,,2026-04-28,2026-04-28,59700.00,CE,NIFTYNXT5026APR59700CE,0.00,0.00,0.00,8201.55,0.00,8201.55,69883.95,10221.90,0,0,0,0.00,0,F1,25,,,,,
2026-04-24,2026-04-24,FO,NSE,IDO,73822,,NIFTYNXT50,,2026-04-28,2026-04-28,60500.00,CE,NIFTYNXT5026APR60500CE,0.00,0.00,0.00,7509.85,0.00,7509.85,69883.95,9422.40,0,0,0,0.00,0,F1,25,,,,,
2026-04-24,2026-04-24,FO,NSE,IDO,73839,,NIFTYNXT50,,2026-04-28,2026-04-28,61200.00,CE,NIFTYNXT5026APR61200CE,0.00,0.00,0.00,6923.45,0.00,6923.45,69883.95,8722.85,0,0,0,0.00,0,F1,25,,,,,
2026-04-24,2026-04-24,FO,NSE,IDO,73953,,NIFTYNXT50,,2026-04-28,2026-04-28,63600.00,CE,NIFTYNXT5026APR63600CE,0.00,0.00,0.00,5075.85,0.00,5075.85,69883.95,6324.40,0,0,0,0.00,0,F1,25,,,,,
2026-04-24,2026-04-24,FO,NSE,IDO,73969,,NIFTYNXT50,,2026-04-28,2026-04-28,64200.00,CE,NIFTYNXT5026APR64200CE,0.00,0.00,0.00,4655.45,0.00,4655.45,69883.95,5724.85,0,0,0,0.00,0,F1,25,,,,,
2026-04-24,2026-04-24,FO,NSE,IDO,74004,,NIFTYNXT50,,2026-04-28,2026-04-28,65300.00,CE,NIFTYNXT5026APR65300CE,0.00,0.00,0.00,3942.05,0.00,3942.05,69883.95,4626.60,0,0,0,0.00,0,F1,25,,,,,
2026-04-24,2026-04-24,FO,NSE,IDO,74035,,NIFTYNXT50,,2026-04-28,2026-04-28,66500.00,CE,NIFTYNXT5026APR66500CE,0.00,0.00,0.00,3243.85,0.00,3243.85,69883.95,3437.70,0,0,0,0.00,0,F1,25,,,,,
2026-04-24,2026-04-24,FO,NSE,IDO,74144,,NIFTYNXT50,,2026-04-28,2026-04-28,68700.00,CE,NIFTYNXT5026APR68700CE,0.00,0.00,0.00,2185.05,0.00,2185.05,69883.95,1455.00,0,0,0,0.00,0,F1,25,,,,,
2026-04-24,2026-04-24,FO,NSE,IDO,74186,,NIFTYNXT50,,2026-04-28,2026-04-28,69600.00,CE,NIFTYNXT5026APR69600CE,0.00,0.00,0.00,1832.60,0.00,1832.60,69883.95,850.45,0,0,0,0.00,0,F1,25,,,,,
2026-04-24,2026-04-24,FO,NSE,IDO,74215,,NIFTYNXT50,,2026-04-28,2026-04-28,70800.00,CE,NIFTYNXT5026APR70800CE,379.95,379.95,379.95,379.95,379.95,400.20,69883.95,330.65,75,25,1,1779498.75,1,F1,25,,,,,
2026-04-24,2026-04-24,FO,NSE,IDO,74223,,NIFTYNXT50,,2026-04-28,2026-04-28,70900.00,CE,NIFTYNXT5026APR70900CE,0.00,0.00,0.00,344.45,344.45,344.45,69883.95,301.65,225,0,0,0.00,0,F1,25,,,,,
2026-04-24,2026-04-24,FO,NSE,IDO,74290,,NIFTYNXT50,,2026-04-28,2026-04-28,72200.00,CE,NIFTYNXT5026APR72200CE,0.00,0.00,0.00,1055.30,0.00,1055.30,69883.95,75.20,0,0,0,0.00,0,F1,25,,,,,
2026-04-24,2026-04-24,FO,NSE,IDO,74312,,NIFTYNXT50,,2026-04-28,2026-04-28,73300.00,CE,NIFTYNXT5026APR73300CE,0.00,0.00,0.00,816.00,0.00,816.00,69883.95,17.10,0,0,0,0.00,0,F1,25,,,,,
2026-04-24,2026-04-24,FO,NSE,IDO,74332,,NIFTYNXT50,,2026-04-28,2026-04-28,74300.00,CE,NIFTYNXT5026APR74300CE,0.00,0.00,0.00,640.20,0.00,640.20,69883.95,3.50,0,0,0,0.00,0,F1,25,,,,,
2026-04-24,2026-04-24,FO,NSE,IDO,74334,,NIFTYNXT50,,2026-04-28,2026-04-28,74400.00,CE,NIFTYNXT5026APR74400CE,0.00,0.00,0.00,624.50,0.00,624.50,69883.95,2.95,0,0,0,0.00,0,F1,25,,,,,
2026-04-24,2026-04-24,FO,NSE,IDO,74344,,NIFTYNXT50,,2026-04-28,2026-04-28,74900.00,CE,NIFTYNXT5026APR74900CE,0.00,0.00,0.00,550.80,0.00,550.80,69883.95,1.20,0,0,0,0.00,0,F1,25,,,,,
2026-04-24,2026-04-24,FO,NSE,IDO,74603,,NIFTYNXT50,,2026-04-28,2026-04-28,81500.00,CE,NIFTYNXT5026APR81500CE,0.00,0.00,0.00,83.65,0.00,83.65,69883.95,0.00,0,0,0,0.00,0,F1,25,,,,,
2026-04-24,2026-04-24,FO,NSE,IDO,73123,,NIFTYNXT50,,2026-05-26,2026-05-26,54000.00,CE,NIFTYNXT5026MAY54000CE,0.00,0.00,0.00,16673.35,0.00,16673.35,69883.95,16178.15,0,0,0,0.00,0,F1,25,,,,,
2026-04-24,2026-04-24,FO,NSE,IDO,49902,,NIFTYNXT50,,2026-05-26,2026-05-26,54700.00,CE,NIFTYNXT5026MAY54700CE,0.00,0.00,0.00,12194.40,0.00,12194.40,69883.95,15482.05,0,0,0,0.00,0,F1,25,,,,,
2026-04-24,2026-04-24,FO,NSE,IDO,43910,,NIFTYNXT50,,2026-05-26,2026-05-26,55200.00,CE,NIFTYNXT5026MAY55200CE,0.00,0.00,0.00,12478.40,0.00,12478.40,69883.95,14984.85,0,0,0,0.00,0,F1,25,,,,,
2026-04-24,2026-04-24,FO,NSE,IDO,73292,,NIFTYNXT50,,2026-05-26,2026-05-26,58800.00,CE,NIFTYNXT5026MAY58800CE,0.00,0.00,0.00,12019.55,0.00,12019.55,69883.95,11410.65,0,0,0,0.00,0,F1,25,,,,,
2026-04-24,2026-04-24,FO,NSE,IDO,73403,,NIFTYNXT50,,2026-05-26,2026-05-26,61300.00,CE,NIFTYNXT5026MAY61300CE,0.00,0.00,0.00,9692.20,0.00,9692.20,69883.95,8956.70,0,0,0,0.00,0,F1,25,,,,,
2026-04-24,2026-04-24,FO,NSE,IDO,73409,,NIFTYNXT50,,2026-05-26,2026-05-26,61600.00,CE,NIFTYNXT5026MAY61600CE,0.00,0.00,0.00,9421.35,0.00,9421.35,69883.95,8666.50,0,0,0,0.00,0,F1,25,,,,,
2026-04-24,2026-04-24,FO,NSE,IDO,73415,,NIFTYNXT50,,2026-05-26,2026-05-26,61700.00,CE,NIFTYNXT5026MAY61700CE,0.00,0.00,0.00,9331.55,0.00,9331.55,69883.95,8570.05,0,0,0,0.00,0,F1,25,,,,,
2026-04-24,2026-04-24,FO,NSE,IDO,73448,,NIFTYNXT50,,2026-05-26,2026-05-26,62800.00,CE,NIFTYNXT5026MAY62800CE,0.00,0.00,0.00,8361.85,0.00,8361.85,69883.95,7522.00,0,0,0,0.00,0,F1,25,,,,,
2026-04-24,2026-04-24,FO,NSE,IDO,73452,,NIFTYNXT50,,2026-05-26,2026-05-26,63000.00,CE,NIFTYNXT5026MAY63000CE,0.00,0.00,0.00,8189.40,0.00,8189.40,69883.95,7334.45,0,0,0,0.00,0,F1,25,,,,,
2026-04-24,2026-04-24,FO,NSE,IDO,73633,,NIFTYNXT50,,2026-05-26,2026-05-26,66900.00,CE,NIFTYNXT5026MAY66900CE,0.00,0.00,0.00,5136.30,0.00,5136.30,69883.95,3997.45,0,0,0,0.00,0,F1,25,,,,,
2026-04-24,2026-04-24,FO,NSE,IDO,73651,,NIFTYNXT50,,2026-05-26,2026-05-26,67300.00,CE,NIFTYNXT5026MAY67300CE,0.00,0.00,0.00,4862.85,0.00,4862.85,69883.95,3705.65,0,0,0,0.00,0,F1,25,,,,,
2026-04-24,2026-04-24,FO,NSE,IDO,73855,,NIFTYNXT50,,2026-05-26,2026-05-26,69200.00,CE,NIFTYNXT5026MAY69200CE,0.00,0.00,0.00,3680.80,0.00,3680.80,69883.95,2472.10,0,0,0,0.00,0,F1,25,,,,,
2026-04-24,2026-04-24,FO,NSE,IDO,73985,,NIFTYNXT50,,2026-05-26,2026-05-26,72100.00,CE,NIFTYNXT5026MAY72100CE,0.00,0.00,0.00,2262.30,0.00,2262.30,69883.95,1157.20,0,0,0,0.00,0,F1,25,,,,,
2026-04-24,2026-04-24,FO,NSE,IDO,74058,,NIFTYNXT50,,2026-05-26,2026-05-26,72800.00,CE,NIFTYNXT5026MAY72800CE,0.00,0.00,0.00,1988.75,0.00,1988.75,69883.95,937.65,0,0,0,0.00,0,F1,25,,,,,
2026-04-24,2026-04-24,FO,NSE,IDO,74394,,NIFTYNXT50,,2026-05-26,2026-05-26,73900.00,CE,NIFTYNXT5026MAY73900CE,0.00,0.00,0.00,1609.50,0.00,1609.50,69883.95,660.00,0,0,0,0.00,0,F1,25,,,,,
2026-04-24,2026-04-24,FO,NSE,IDO,74556,,NIFTYNXT50,,2026-05-26,2026-05-26,77100.00,CE,NIFTYNXT5026MAY77100CE,0.00,0.00,0.00,818.45,0.00,818.45,69883.95,203.45,0,0,0,0.00,0,F1,25,,,,,
2026-04-24,2026-04-24,FO,NSE,IDO,74558,,NIFTYNXT50,,2026-05-26,2026-05-26,77200.00,CE,NIFTYNXT5026MAY77200CE,0.00,0.00,0.00,800.15,0.00,800.15,69883.95,195.35,0,0,0,0.00,0,F1,25,,,,,
2026-04-24,2026-04-24,FO,NSE,IDO,74564,,NIFTYNXT50,,2026-05-26,2026-05-26,77500.00,CE,NIFTYNXT5026MAY77500CE,0.00,0.00,0.00,747.25,0.00,747.25,69883.95,172.80,0,0,0,0.00,0,F1,25,,,,,
2026-04-24,2026-04-24,FO,NSE,IDO,74574,,NIFTYNXT50,,2026-05-26,2026-05-26,78000.00,CE,NIFTYNXT5026MAY78000CE,0.00,0.00,0.00,665.50,0.00,665.50,69883.95,140.20,0,0,0,0.00,0,F1,25,,,,,
2026-04-24,2026-04-24,FO,NSE,IDO,81022,,NIFTYNXT50,,2026-06-30,2026-06-30,55800.00,CE,NIFTYNXT5026JUN55800CE,0.00,0.00,0.00,6226.05,0.00,6226.05,69883.95,14735.95,0,0,0,0.00,0,F1,25,,,,,
2026-04-24,2026-04-24,FO,NSE,IDO,81233,,NIFTYNXT50,,2026-06-30,2026-06-30,57300.00,CE,NIFTYNXT5026JUN57300CE,0.00,0.00,0.00,5114.00,0.00,5114.00,69883.95,13273.95,0,0,0,0.00,0,F1,25,,,,,
2026-04-24,2026-04-24,FO,NSE,IDO,81290,,NIFTYNXT50,,2026-06-30,2026-06-30,58500.00,CE,NIFTYNXT5026JUN58500CE,0.00,0.00,0.00,4304.35,0.00,4304.35,69883.95,12117.35,0,0,0,0.00,0,F1,25,,,,,
2026-04-24,2026-04-24,FO,NSE,IDO,81316,,NIFTYNXT50,,2026-06-30,2026-06-30,59000.00,CE,NIFTYNXT5026JUN59000CE,0.00,0.00,0.00,3991.65,0.00,3991.65,69883.95,11640.25,0,0,0,0.00,0,F1,25,,,,,
2026-04-24,2026-04-24,FO,NSE,IDO,81339,,NIFTYNXT50,,2026-06-30,2026-06-30,59500.00,CE,NIFTYNXT5026JUN59500CE,0.00,0.00,0.00,3693.20,0.00,3693.20,69883.95,11166.65,0,0,0,0.00,0,F1,25,,,,,
2026-04-24,2026-04-24,FO,NSE,IDO,81369,,NIFTYNXT50,,2026-06-30,2026-06-30,60800.00,CE,NIFTYNXT5026JUN60800CE,0.00,0.00,0.00,2985.05,0.00,2985.05,69883.95,9955.55,0,0,0,0.00,0,F1,25,,,,,
2026-04-24,2026-04-24,FO,NSE,IDO,81383,,NIFTYNXT50,,2026-06-30,2026-06-30,61500.00,CE,NIFTYNXT5026JUN61500CE,0.00,0.00,0.00,2644.10,0.00,2644.10,69883.95,9318.30,0,0,0,0.00,0,F1,25,,,,,
2026-04-24,2026-04-24,FO,NSE,IDO,81571,,NIFTYNXT50,,2026-06-30,2026-06-30,63800.00,CE,NIFTYNXT5026JUN63800CE,0.00,0.00,0.00,1718.65,0.00,1718.65,69883.95,7323.50,0,0,0,0.00,0,F1,25,,,,,
2026-04-24,2026-04-24,FO,NSE,IDO,81620,,NIFTYNXT50,,2026-06-30,2026-06-30,64200.00,CE,NIFTYNXT5026JUN64200CE,0.00,0.00,0.00,1586.45,0.00,1586.45,69883.95,6995.40,0,0,0,0.00,0,F1,25,,,,,
2026-04-24,2026-04-24,FO,NSE,IDO,81660,,NIFTYNXT50,,2026-06-30,2026-06-30,65100.00,CE,NIFTYNXT5026JUN65100CE,0.00,0.00,0.00,1317.75,0.00,1317.75,69883.95,6281.30,0,0,0,0.00,0,F1,25,,,,,
2026-04-24,2026-04-24,FO,NSE,IDO,81682,,NIFTYNXT50,,2026-06-30,2026-06-30,66000.00,CE,NIFTYNXT5026JUN66000CE,0.00,0.00,0.00,1089.35,0.00,1089.35,69883.95,5606.00,0,0,0,0.00,0,F1,25,,,,,
2026-04-24,2026-04-24,FO,NSE,IDO,81726,,NIFTYNXT50,,2026-06-30,2026-06-30,66500.00,CE,NIFTYNXT5026JUN66500CE,0.00,0.00,0.00,976.35,0.00,976.35,69883.95,5245.65,0,0,0,0.00,0,F1,25,,,,,
2026-04-24,2026-04-24,FO,NSE,IDO,81783,,NIFTYNXT50,,2026-06-30,2026-06-30,67800.00,CE,NIFTYNXT5026JUN67800CE,0.00,0.00,0.00,723.30,0.00,723.30,69883.95,4368.70,0,0,0,0.00,0,F1,25,,,,,
2026-04-24,2026-04-24,FO,NSE,IDO,81810,,NIFTYNXT50,,2026-06-30,2026-06-30,68900.00,CE,NIFTYNXT5026JUN68900CE,0.00,0.00,0.00,555.65,0.00,555.65,69883.95,3701.05,0,0,0,0.00,0,F1,25,,,,,
2026-04-24,2026-04-24,FO,NSE,IDO,81895,,NIFTYNXT50,,2026-06-30,2026-06-30,69600.00,CE,NIFTYNXT5026JUN69600CE,0.00,0.00,0.00,467.15,0.00,467.15,69883.95,3311.65,0,0,0,0.00,0,F1,25,,,,,
2026-04-24,2026-04-24,FO,NSE,IDO,81976,,NIFTYNXT50,,2026-06-30,2026-06-30,70500.00,CE,NIFTYNXT5026JUN70500CE,0.00,0.00,0.00,371.45,0.00,371.45,69883.95,2851.60,0,0,0,0.00,0,F1,25,,,,,
2026-04-24,2026-04-24,FO,NSE,IDO,82002,,NIFTYNXT50,,2026-06-30,2026-06-30,71800.00,CE,NIFTYNXT5026JUN71800CE,0.00,0.00,0.00,263.45,0.00,263.45,69883.95,2267.85,0,0,0,0.00,0,F1,25,,,,,
2026-04-24,2026-04-24,FO,NSE,IDO,35264,,NIFTYNXT50,,2026-06-30,2026-06-30,72400.00,CE,NIFTYNXT5026JUN72400CE,0.00,0.00,0.00,377.85,0.00,377.85,69883.95,2029.60,0,0,0,0.00,0,F1,25,,,,,
2026-04-24,2026-04-24,FO,NSE,IDO,35273,,NIFTYNXT50,,2026-06-30,2026-06-30,72800.00,CE,NIFTYNXT5026JUN72800CE,0.00,0.00,0.00,341.45,0.00,341.45,69883.95,1881.35,0,0,0,0.00,0,F1,25,,,,,
2026-04-24,2026-04-24,FO,NSE,IDO,35300,,NIFTYNXT50,,2026-06-30,2026-06-30,73700.00,CE,NIFTYNXT5026JUN73700CE,0.00,0.00,0.00,270.60,0.00,270.60,69883.95,1577.55,0,0,0,0.00,0,F1,25,,,,,
2026-04-24,2026-04-24,FO,NSE,IDO,38778,,NIFTYNXT50,,2026-06-30,2026-06-30,74600.00,CE,NIFTYNXT5026JUN74600CE,0.00,0.00,0.00,243.40,0.00,243.40,69883.95,1312.90,0,0,0,0.00,0,F1,25,,,,,
2026-04-24,2026-04-24,FO,NSE,IDO,38782,,NIFTYNXT50,,2026-06-30,2026-06-30,74700.00,CE,NIFTYNXT5026JUN74700CE,0.00,0.00,0.00,236.90,0.00,236.90,69883.95,1285.75,0,0,0,0.00,0,F1,25,,,,,
2026-04-24,2026-04-24,FO,NSE,IDO,82042,,NIFTYNXT50,,2026-06-30,2026-06-30,75000.00,CE,NIFTYNXT5026JUN75000CE,0.00,0.00,0.00,106.50,0.00,106.50,69883.95,1207.05,0,0,0,0.00,0,F1,25,,,,,
2026-04-24,2026-04-24,FO,NSE,IDO,42132,,NIFTYNXT50,,2026-06-30,2026-06-30,75200.00,CE,NIFTYNXT5026JUN75200CE,0.00,0.00,0.00,218.80,0.00,218.80,69883.95,1159.90,0,0,0,0.00,0,F1,25,,,,,
2026-04-24,2026-04-24,FO,NSE,IDO,41020,,NIFTYNXT50,,2026-06-30,2026-06-30,77100.00,PE,NIFTYNXT5026JUN77100PE,0.00,0.00,0.00,10242.70,0.00,10242.70,69883.95,7098.80,0,0,0,0.00,0,F1,25,,,,,
2026-04-24,2026-04-24,FO,NSE,IDO,41011,,NIFTYNXT50,,2026-06-30,2026-06-30,76700.00,PE,NIFTYNXT5026JUN76700PE,0.00,0.00,0.00,9887.30,0.00,9887.30,69883.95,6776.15,0,0,0,0.00,0,F1,25,,,,,
2026-04-24,2026-04-24,FO,NSE,IDO,40999,,NIFTYNXT50,,2026-06-30,2026-06-30,76100.00,PE,NIFTYNXT5026JUN76100PE,0.00,0.00,0.00,9360.60,0.00,9360.60,69883.95,6302.85,0,0,0,0.00,0,F1,25,,,,,
2026-04-24,2026-04-24,FO,NSE,IDO,40983,,NIFTYNXT50,,2026-06-30,2026-06-30,75300.00,PE,NIFTYNXT5026JUN75300PE,0.00,0.00,0.00,8671.20,0.00,8671.20,69883.95,5695.40,0,0,0,0.00,0,F1,25,,,,,
2026-04-24,2026-04-24,FO,NSE,IDO,82040,,NIFTYNXT50,,2026-06-30,2026-06-30,74500.00,PE,NIFTYNXT5026JUN74500PE,0.00,0.00,0.00,12939.05,0.00,12939.05,69883.95,5109.35,0,0,0,0.00,0,F1,25,,,,,
2026-04-24,2026-04-24,FO,NSE,IDO,38775,,NIFTYNXT50,,2026-06-30,2026-06-30,74300.00,PE,NIFTYNXT5026JUN74300PE,0.00,0.00,0.00,10597.30,0.00,10597.30,69883.95,4968.10,0,0,0,0.00,0,F1,25,,,,,
2026-04-24,2026-04-24,FO,NSE,IDO,35309,,NIFTYNXT50,,2026-06-30,2026-06-30,73900.00,PE,NIFTYNXT5026JUN73900PE,0.00,0.00,0.00,10934.65,0.00,10934.65,69883.95,4691.20,0,0,0,0.00,0,F1,25,,,,,
2026-04-24,2026-04-24,FO,NSE,IDO,35295,,NIFTYNXT50,,2026-06-30,2026-06-30,73600.00,PE,NIFTYNXT5026JUN73600PE,0.00,0.00,0.00,10661.00,0.00,10661.00,69883.95,4488.45,0,0,0,0.00,0,F1,25,,,,,
2026-04-24,2026-04-24,FO,NSE,IDO,82031,,NIFTYNXT50,,2026-06-30,2026-06-30,72500.00,PE,NIFTYNXT5026JUN72500PE,0.00,0.00,0.00,11069.15,0.00,11069.15,69883.95,3783.40,0,0,0,0.00,0,F1,25,,,,,
2026-04-24,2026-04-24,FO,NSE,IDO,81989,,NIFTYNXT50,,2026-06-30,2026-06-30,71100.00,PE,NIFTYNXT5026JUN71100PE,0.00,0.00,0.00,9794.15,0.00,9794.15,69883.95,2978.10,0,0,0,0.00,0,F1,25,,,,,
2026-04-24,2026-04-24,FO,NSE,IDO,81809,,NIFTYNXT50,,2026-06-30,2026-06-30,68800.00,PE,NIFTYNXT5026JUN68800PE,0.00,0.00,0.00,7787.15,0.00,7787.15,69883.95,1892.70,0,0,0,0.00,0,F1,25,,,,,
2026-04-24,2026-04-24,FO,NSE,IDO,81786,,NIFTYNXT50,,2026-06-30,2026-06-30,67900.00,PE,NIFTYNXT5026JUN67900PE,0.00,0.00,0.00,7040.40,0.00,7040.40,69883.95,1549.20,0,0,0,0.00,0,F1,25,,,,,
2026-04-24,2026-04-24,FO,NSE,IDO,81774,,NIFTYNXT50,,2026-06-30,2026-06-30,67300.00,PE,NIFTYNXT5026JUN67300PE,0.00,0.00,0.00,6557.10,0.00,6557.10,69883.95,1345.05,0,0,0,0.00,0,F1,25,,,,,
2026-04-24,2026-04-24,FO,NSE,IDO,81631,,NIFTYNXT50,,2026-06-30,2026-06-30,64600.00,PE,NIFTYNXT5026JUN64600PE,0.00,0.00,0.00,4555.25,0.00,4555.25,69883.95,655.25,0,0,0,0.00,0,F1,25,,,,,
2026-04-24,2026-04-24,FO,NSE,IDO,81572,,NIFTYNXT50,,2026-06-30,2026-06-30,63800.00,PE,NIFTYNXT5026JUN63800PE,0.00,0.00,0.00,4026.00,0.00,4026.00,69883.95,514.10,0,0,0,0.00,0,F1,25,,,,,
2026-04-24,2026-04-24,FO,NSE,IDO,81498,,NIFTYNXT50,,2026-06-30,2026-06-30,62100.00,PE,NIFTYNXT5026JUN62100PE,0.00,0.00,0.00,3012.30,0.00,3012.30,69883.95,292.00,0,0,0,0.00,0,F1,25,,,,,
2026-04-24,2026-04-24,FO,NSE,IDO,81261,,NIFTYNXT50,,2026-06-30,2026-06-30,57900.00,PE,NIFTYNXT5026JUN57900PE,0.00,0.00,0.00,1211.10,0.00,1211.10,69883.95,51.50,0,0,0,0.00,0,F1,25,,,,,
2026-04-24,2026-04-24,FO,NSE,IDO,81244,,NIFTYNXT50,,2026-06-30,2026-06-30,57600.00,PE,NIFTYNXT5026JUN57600PE,0.00,0.00,0.00,1120.70,0.00,1120.70,69883.95,44.60,0,0,0,0.00,0,F1,25,,,,,
2026-04-24,2026-04-24,FO,NSE,IDO,81008,,NIFTYNXT50,,2026-06-30,2026-06-30,55200.00,PE,NIFTYNXT5026JUN55200PE,0.00,0.00,0.00,562.40,0.00,562.40,69883.95,12.50,0,0,0,0.00,0,F1,25,,,,,
2026-04-24,2026-04-24,FO,NSE,IDO,74528,,NIFTYNXT50,,2026-05-26,2026-05-26,76100.00,PE,NIFTYNXT5026MAY76100PE,0.00,0.00,0.00,6092.40,0.00,6092.40,69883.95,6102.70,0,0,0,0.00,0,F1,25,,,,,
2026-04-24,2026-04-24,FO,NSE,IDO,74065,,NIFTYNXT50,,2026-05-26,2026-05-26,73000.00,PE,NIFTYNXT5026MAY73000PE,0.00,0.00,0.00,3934.70,0.00,3934.70,69883.95,3599.60,0,0,0,0.00,0,F1,25,,,,,
2026-04-24,2026-04-24,FO,NSE,IDO,73923,,NIFTYNXT50,,2026-05-26,2026-05-26,71800.00,PE,NIFTYNXT5026MAY71800PE,0.00,0.00,0.00,3226.70,0.00,3226.70,69883.95,2787.20,0,0,0,0.00,0,F1,25,,,,,
2026-04-24,2026-04-24,FO,NSE,IDO,73889,,NIFTYNXT50,,2026-05-26,2026-05-26,70600.00,PE,NIFTYNXT5026MAY70600PE,0.00,0.00,0.00,2596.45,0.00,2596.45,69883.95,2083.70,0,0,0,0.00,0,F1,25,,,,,
2026-04-24,2026-04-24,FO,NSE,IDO,73636,,NIFTYNXT50,,2026-05-26,2026-05-26,67000.00,PE,NIFTYNXT5026MAY67000PE,0.00,0.00,0.00,1185.40,0.00,1185.40,69883.95,676.75,0,0,0,0.00,0,F1,25,,,,,
2026-04-24,2026-04-24,FO,NSE,IDO,73439,,NIFTYNXT50,,2026-05-26,2026-05-26,62300.00,PE,NIFTYNXT5026MAY62300PE,0.00,0.00,0.00,293.95,0.00,293.95,69883.95,71.95,0,0,0,0.00,0,F1,25,,,,,
2026-04-24,2026-04-24,FO,NSE,IDO,73426,,NIFTYNXT50,,2026-05-26,2026-05-26,62100.00,PE,NIFTYNXT5026MAY62100PE,0.00,0.00,0.00,273.90,0.00,273.90,69883.95,63.90,0,0,0,0.00,0,F1,25,,,,,
2026-04-24,2026-04-24,FO,NSE,IDO,73394,,NIFTYNXT50,,2026-05-26,2026-05-26,61000.00,PE,NIFTYNXT5026MAY61000PE,0.00,0.00,0.00,182.20,0.00,182.20,69883.95,31.90,0,0,0,0.00,0,F1,25,,,,,
2026-04-24,2026-04-24,FO,NSE,IDO,73382,,NIFTYNXT50,,2026-05-26,2026-05-26,60500.00,PE,NIFTYNXT5026MAY60500PE,0.00,0.00,0.00,149.75,0.00,149.75,69883.95,22.75,0,0,0,0.00,0,F1,25,,,,,
2026-04-24,2026-04-24,FO,NSE,IDO,73236,,NIFTYNXT50,,2026-05-26,2026-05-26,58400.00,PE,NIFTYNXT5026MAY58400PE,0.00,0.00,0.00,60.65,0.00,60.65,69883.95,4.65,0,0,0,0.00,0,F1,25,,,,,
2026-04-24,2026-04-24,FO,NSE,IDO,41302,,NIFTYNXT50,,2026-05-26,2026-05-26,57100.00,PE,NIFTYNXT5026MAY57100PE,0.00,0.00,0.00,40.30,0.00,40.30,69883.95,1.50,0,0,0,0.00,0,F1,25,,,,,
2026-04-24,2026-04-24,FO,NSE,IDO,43913,,NIFTYNXT50,,2026-05-26,2026-05-26,55300.00,PE,NIFTYNXT5026MAY55300PE,0.00,0.00,0.00,36.35,0.00,36.35,69883.95,0.25,0,0,0,0.00,0,F1,25,,,,,
2026-04-24,2026-04-24,FO,NSE,IDO,49903,,NIFTYNXT50,,2026-05-26,2026-05-26,54700.00,PE,NIFTYNXT5026MAY54700PE,0.00,0.00,0.00,31.15,0.00,31.15,69883.95,0.15,0,0,0,0.00,0,F1,25,,,,,
2026-04-24,2026-04-24,FO,NSE,IDO,73110,,NIFTYNXT50,,2026-05-26,2026-05-26,51000.00,PE,NIFTYNXT5026MAY51000PE,0.00,0.00,0.00,0.75,0.00,0.75,69883.95,0.00,0,0,0,0.00,0,F1,25,,,,,
2026-04-24,2026-04-24,FO,NSE,IDO,74349,,NIFTYNXT50,,2026-04-28,2026-04-28,75100.00,PE,NIFTYNXT5026APR75100PE,0.00,0.00,0.00,7776.85,0.00,7776.85,69883.95,5169.15,0,0,0,0.00,0,F1,25,,,,,
2026-04-24,2026-04-24,FO,NSE,IDO,74323,,NIFTYNXT50,,2026-04-28,2026-04-28,73800.00,PE,NIFTYNXT5026APR73800PE,0.00,0.00,0.00,6696.95,0.00,6696.95,69883.95,3877.10,0,0,0,0.00,0,F1,25,,,,,
2026-04-24,2026-04-24,FO,NSE,IDO,74309,,NIFTYNXT50,,2026-04-28,2026-04-28,73100.00,PE,NIFTYNXT5026APR73100PE,0.00,0.00,0.00,6139.50,0.00,6139.50,69883.95,3192.50,0,0,0,0.00,0,F1,25,,,,,
2026-04-24,2026-04-24,FO,NSE,IDO,74195,,NIFTYNXT50,,2026-04-28,2026-04-28,70000.00,PE,NIFTYNXT5026APR70000PE,501.55,1130.75,485.05,547.85,505.05,514.40,69883.95,547.85,1125,-1025,132,233209702.50,91,F1,25,,,,,
2026-04-24,2026-04-24,FO,NSE,IDO,74161,,NIFTYNXT50,,2026-04-28,2026-04-28,69200.00,PE,NIFTYNXT5026APR69200PE,0.00,0.00,0.00,525.00,525.00,525.00,69883.95,369.60,0,0,0,0.00,0,F1,25,,,,,
2026-04-24,2026-04-24,FO,NSE,IDO,74151,,NIFTYNXT50,,2026-04-28,2026-04-28,68900.00,PE,NIFTYNXT5026APR68900PE,0.00,0.00,0.00,424.00,424.00,424.00,69883.95,278.05,0,0,0,0.00,0,F1,25,,,,,
2026-04-24,2026-04-24,FO,NSE,IDO,74143,,NIFTYNXT50,,2026-04-28,2026-04-28,68600.00,PE,NIFTYNXT5026APR68600PE,0.00,0.00,0.00,1203.50,1203.50,1203.50,69883.95,204.80,25,0,0,0.00,0,F1,25,,,,,
2026-04-24,2026-04-24,FO,NSE,IDO,82001,,NIFTYNXT50,,2026-06-30,2026-06-30,71700.00,PE,NIFTYNXT5026JUN71700PE,0.00,0.00,0.00,10336.45,0.00,10336.45,69883.95,3310.20,0,0,0,0.00,0,F1,25,,,,,
2026-04-24,2026-04-24,FO,NSE,IDO,81743,,NIFTYNXT50,,2026-06-30,2026-06-30,66800.00,PE,NIFTYNXT5026JUN66800PE,0.00,0.00,0.00,6164.15,0.00,6164.15,69883.95,1189.65,0,0,0,0.00,0,F1,25,,,,,
2026-04-24,2026-04-24,FO,NSE,IDO,81657,,NIFTYNXT50,,2026-06-30,2026-06-30,64900.00,PE,NIFTYNXT5026JUN64900PE,0.00,0.00,0.00,4761.80,0.00,4761.80,69883.95,715.05,0,0,0,0.00,0,F1,25,,,,,
2026-04-24,2026-04-24,FO,NSE,IDO,81655,,NIFTYNXT50,,2026-06-30,2026-06-30,64800.00,PE,NIFTYNXT5026JUN64800PE,0.00,0.00,0.00,4692.50,0.00,4692.50,69883.95,694.70,0,0,0,0.00,0,F1,25,,,,,
2026-04-24,2026-04-24,FO,NSE,IDO,81570,,NIFTYNXT50,,2026-06-30,2026-06-30,63700.00,PE,NIFTYNXT5026JUN63700PE,0.00,0.00,0.00,3962.10,0.00,3962.10,69883.95,498.20,0,0,0,0.00,0,F1,25,,,,,
2026-04-24,2026-04-24,FO,NSE,IDO,81370,,NIFTYNXT50,,2026-06-30,2026-06-30,60800.00,PE,NIFTYNXT5026JUN60800PE,0.00,0.00,0.00,2346.10,0.00,2346.10,69883.95,180.25,0,0,0,0.00,0,F1,25,,,,,
2026-04-24,2026-04-24,FO,NSE,IDO,81344,,NIFTYNXT50,,2026-06-30,2026-06-30,59700.00,PE,NIFTYNXT5026JUN59700PE,0.00,0.00,0.00,1858.65,0.00,1858.65,69883.95,115.50,0,0,0,0.00,0,F1,25,,,,,
2026-04-24,2026-04-24,FO,NSE,IDO,81329,,NIFTYNXT50,,2026-06-30,2026-06-30,59200.00,PE,NIFTYNXT5026JUN59200PE,0.00,0.00,0.00,1660.30,0.00,1660.30,69883.95,93.25,0,0,0,0.00,0,F1,25,,,,,
2026-04-24,2026-04-24,FO,NSE,IDO,81281,,NIFTYNXT50,,2026-06-30,2026-06-30,58200.00,PE,NIFTYNXT5026JUN58200PE,0.00,0.00,0.00,1306.40,0.00,1306.40,69883.95,59.35,0,0,0,0.00,0,F1,25,,,,,
2026-04-24,2026-04-24,FO,NSE,IDO,81254,,NIFTYNXT50,,2026-06-30,2026-06-30,57800.00,PE,NIFTYNXT5026JUN57800PE,0.00,0.00,0.00,1180.40,0.00,1180.40,69883.95,49.10,0,0,0,0.00,0,F1,25,,,,,
2026-04-24,2026-04-24,FO,NSE,IDO,81246,,NIFTYNXT50,,2026-06-30,2026-06-30,57700.00,PE,NIFTYNXT5026JUN57700PE,0.00,0.00,0.00,1150.30,0.00,1150.30,69883.95,46.80,0,0,0,0.00,0,F1,25,,,,,
2026-04-24,2026-04-24,FO,NSE,IDO,81215,,NIFTYNXT50,,2026-06-30,2026-06-30,56500.00,PE,NIFTYNXT5026JUN56500PE,0.00,0.00,0.00,830.80,0.00,830.80,69883.95,25.55,0,0,0,0.00,0,F1,25,,,,,
2026-04-24,2026-04-24,FO,NSE,IDO,73481,,NIFTYNXT50,,2026-04-28,2026-04-28,51000.00,CE,NIFTYNXT5026APR51000CE,0.00,0.00,0.00,16480.85,0.00,16480.85,69883.95,18916.40,0,0,0,0.00,0,F1,25,,,,,
2026-04-24,2026-04-24,FO,NSE,IDO,73702,,NIFTYNXT50,,2026-04-28,2026-04-28,56400.00,CE,NIFTYNXT5026APR56400CE,0.00,0.00,0.00,11233.45,0.00,11233.45,69883.95,13519.80,0,0,0,0.00,0,F1,25,,,,,
2026-04-24,2026-04-24,FO,NSE,IDO,73780,,NIFTYNXT50,,2026-04-28,2026-04-28,58700.00,CE,NIFTYNXT5026APR58700CE,0.00,0.00,0.00,9093.85,0.00,9093.85,69883.95,11221.25,0,0,0,0.00,0,F1,25,,,,,
2026-04-24,2026-04-24,FO,NSE,IDO,73796,,NIFTYNXT50,,2026-04-28,2026-04-28,59300.00,CE,NIFTYNXT5026APR59300CE,0.00,0.00,0.00,8555.05,0.00,8555.05,69883.95,10621.65,0,0,0,0.00,0,F1,25,,,,,
2026-04-24,2026-04-24,FO,NSE,IDO,73814,,NIFTYNXT50,,2026-04-28,2026-04-28,60100.00,CE,NIFTYNXT5026APR60100CE,0.00,0.00,0.00,7853.00,0.00,7853.00,69883.95,9822.15,0,0,0,0.00,0,F1,25,,,,,
2026-04-24,2026-04-24,FO,NSE,IDO,73826,,NIFTYNXT50,,2026-04-28,2026-04-28,60700.00,CE,NIFTYNXT5026APR60700CE,0.00,0.00,0.00,7340.40,0.00,7340.40,69883.95,9222.55,0,0,0,0.00,0,F1,25,,,,,
2026-04-24,2026-04-24,FO,NSE,IDO,73847,,NIFTYNXT50,,2026-04-28,2026-04-28,61600.00,CE,NIFTYNXT5026APR61600CE,0.00,0.00,0.00,6597.05,0.00,6597.05,69883.95,8323.10,0,0,0,0.00,0,F1,25,,,,,
2026-04-24,2026-04-24,FO,NSE,IDO,73863,,NIFTYNXT50,,2026-04-28,2026-04-28,61900.00,CE,NIFTYNXT5026APR61900CE,0.00,0.00,0.00,6356.70,0.00,6356.70,69883.95,8023.30,0,0,0,0.00,0,F1,25,,,,,
2026-04-24,2026-04-24,FO,NSE,IDO,73951,,NIFTYNXT50,,2026-04-28,2026-04-28,63500.00,CE,NIFTYNXT5026APR63500CE,0.00,0.00,0.00,5147.45,0.00,5147.45,69883.95,6424.35,0,0,0,0.00,0,F1,25,,,,,
2026-04-24,2026-04-24,FO,NSE,IDO,74008,,NIFTYNXT50,,2026-04-28,2026-04-28,65400.00,CE,NIFTYNXT5026APR65400CE,0.00,0.00,0.00,3880.65,0.00,3880.65,69883.95,4526.95,0,0,0,0.00,0,F1,25,,,,,
2026-04-24,2026-04-24,FO,NSE,IDO,74017,,NIFTYNXT50,,2026-04-28,2026-04-28,65700.00,CE,NIFTYNXT5026APR65700CE,0.00,0.00,0.00,3699.90,0.00,3699.90,69883.95,4228.30,0,0,0,0.00,0,F1,25,,,,,
2026-04-24,2026-04-24,FO,NSE,IDO,74025,,NIFTYNXT50,,2026-04-28,2026-04-28,66000.00,CE,NIFTYNXT5026APR66000CE,0.00,0.00,0.00,2200.00,2200.00,2200.00,69883.95,3930.60,300,0,0,0.00,0,F1,25,,,,,
2026-04-24,2026-04-24,FO,NSE,IDO,74027,,NIFTYNXT50,,2026-04-28,2026-04-28,66100.00,CE,NIFTYNXT5026APR66100CE,0.00,0.00,0.00,3467.15,0.00,3467.15,69883.95,3831.60,0,0,0,0.00,0,F1,25,,,,,
2026-04-24,2026-04-24,FO,NSE,IDO,74031,,NIFTYNXT50,,2026-04-28,2026-04-28,66300.00,CE,NIFTYNXT5026APR66300CE,0.00,0.00,0.00,3354.30,0.00,3354.30,69883.95,3634.20,0,0,0,0.00,0,F1,25,,,,,
2026-04-24,2026-04-24,FO,NSE,IDO,74054,,NIFTYNXT50,,2026-04-28,2026-04-28,67300.00,CE,NIFTYNXT5026APR67300CE,0.00,0.00,0.00,1751.75,1751.75,1751.75,69883.95,2667.20,25,0,0,0.00,0,F1,25,,,,,
2026-04-24,2026-04-24,FO,NSE,IDO,74158,,NIFTYNXT50,,2026-04-28,2026-04-28,69100.00,CE,NIFTYNXT5026APR69100CE,0.00,0.00,0.00,2022.80,0.00,2022.80,69883.95,1164.80,0,0,0,0.00,0,F1,25,,,,,
2026-04-24,2026-04-24,FO,NSE,IDO,74210,,NIFTYNXT50,,2026-04-28,2026-04-28,70600.00,CE,NIFTYNXT5026APR70600CE,0.00,0.00,0.00,845.20,845.20,845.20,69883.95,394.80,75,0,0,0.00,0,F1,25,,,,,
2026-04-24,2026-04-24,FO,NSE,IDO,74276,,NIFTYNXT50,,2026-04-28,2026-04-28,71700.00,CE,NIFTYNXT5026APR71700CE,0.00,0.00,0.00,373.80,373.80,373.80,69883.95,134.25,400,0,0,0.00,0,F1,25,,,,,
2026-04-24,2026-04-24,FO,NSE,IDO,74302,,NIFTYNXT50,,2026-04-28,2026-04-28,72800.00,CE,NIFTYNXT5026APR72800CE,0.00,0.00,0.00,917.70,0.00,917.70,69883.95,34.75,0,0,0,0.00,0,F1,25,,,,,
2026-04-24,2026-04-24,FO,NSE,IDO,74316,,NIFTYNXT50,,2026-04-28,2026-04-28,73500.00,CE,NIFTYNXT5026APR73500CE,0.00,0.00,0.00,777.95,0.00,777.95,69883.95,12.70,0,0,0,0.00,0,F1,25,,,,,
2026-04-24,2026-04-24,FO,NSE,IDO,74320,,NIFTYNXT50,,2026-04-28,2026-04-28,73700.00,CE,NIFTYNXT5026APR73700CE,0.00,0.00,0.00,741.40,0.00,741.40,69883.95,9.30,0,0,0,0.00,0,F1,25,,,,,
2026-04-24,2026-04-24,FO,NSE,IDO,74360,,NIFTYNXT50,,2026-04-28,2026-04-28,75700.00,CE,NIFTYNXT5026APR75700CE,0.00,0.00,0.00,448.25,0.00,448.25,69883.95,0.25,0,0,0,0.00,0,F1,25,,,,,
2026-04-24,2026-04-24,FO,NSE,IDO,43938,,NIFTYNXT50,,2026-05-26,2026-05-26,56100.00,CE,NIFTYNXT5026MAY56100CE,0.00,0.00,0.00,11612.45,0.00,11612.45,69883.95,14090.10,0,0,0,0.00,0,F1,25,,,,,
2026-04-24,2026-04-24,FO,NSE,IDO,43942,,NIFTYNXT50,,2026-05-26,2026-05-26,56300.00,CE,NIFTYNXT5026MAY56300CE,0.00,0.00,0.00,11421.20,0.00,11421.20,69883.95,13891.35,0,0,0,0.00,0,F1,25,,,,,
2026-04-24,2026-04-24,FO,NSE,IDO,43944,,NIFTYNXT50,,2026-05-26,2026-05-26,56400.00,CE,NIFTYNXT5026MAY56400CE,0.00,0.00,0.00,11325.75,0.00,11325.75,69883.95,13791.95,0,0,0,0.00,0,F1,25,,,,,
2026-04-24,2026-04-24,FO,NSE,IDO,43946,,NIFTYNXT50,,2026-05-26,2026-05-26,56600.00,CE,NIFTYNXT5026MAY56600CE,0.00,0.00,0.00,11135.25,0.00,11135.25,69883.95,13593.20,0,0,0,0.00,0,F1,25,,,,,
2026-04-24,2026-04-24,FO,NSE,IDO,41297,,NIFTYNXT50,,2026-05-26,2026-05-26,56800.00,CE,NIFTYNXT5026MAY56800CE,0.00,0.00,0.00,12761.55,0.00,12761.55,69883.95,13394.50,0,0,0,0.00,0,F1,25,,,,,
2026-04-24,2026-04-24,FO,NSE,IDO,73195,,NIFTYNXT50,,2026-05-26,2026-05-26,58000.00,CE,NIFTYNXT5026MAY58000CE,0.00,0.00,0.00,12783.85,0.00,12783.85,69883.95,12203.20,0,0,0,0.00,0,F1,25,,,,,
2026-04-24,2026-04-24,FO,NSE,IDO,73203,,NIFTYNXT50,,2026-05-26,2026-05-26,58100.00,CE,NIFTYNXT5026MAY58100CE,0.00,0.00,0.00,12687.90,0.00,12687.90,69883.95,12104.05,0,0,0,0.00,0,F1,25,,,,,
2026-04-24,2026-04-24,FO,NSE,IDO,73351,,NIFTYNXT50,,2026-05-26,2026-05-26,59800.00,CE,NIFTYNXT5026MAY59800CE,0.00,0.00,0.00,11075.65,0.00,11075.65,69883.95,10423.50,0,0,0,0.00,0,F1,25,,,,,
2026-04-24,2026-04-24,FO,NSE,IDO,73407,,NIFTYNXT50,,2026-05-26,2026-05-26,61500.00,CE,NIFTYNXT5026MAY61500CE,0.00,0.00,0.00,9511.35,0.00,9511.35,69883.95,8763.10,0,0,0,0.00,0,F1,25,,,,,
2026-04-24,2026-04-24,FO,NSE,IDO,73502,,NIFTYNXT50,,2026-05-26,2026-05-26,63400.00,CE,NIFTYNXT5026MAY63400CE,0.00,0.00,0.00,7848.45,0.00,7848.45,69883.95,6962.65,0,0,0,0.00,0,F1,25,,,,,
2026-04-24,2026-04-24,FO,NSE,IDO,73553,,NIFTYNXT50,,2026-05-26,2026-05-26,64300.00,CE,NIFTYNXT5026MAY64300CE,0.00,0.00,0.00,7102.10,0.00,7102.10,69883.95,6145.30,0,0,0,0.00,0,F1,25,,,,,
2026-04-24,2026-04-24,FO,NSE,IDO,73557,,NIFTYNXT50,,2026-05-26,2026-05-26,64500.00,CE,NIFTYNXT5026MAY64500CE,0.00,0.00,0.00,6940.45,0.00,6940.45,69883.95,5967.85,0,0,0,0.00,0,F1,25,,,,,
2026-04-24,2026-04-24,FO,NSE,IDO,73590,,NIFTYNXT50,,2026-05-26,2026-05-26,65900.00,CE,NIFTYNXT5026MAY65900CE,0.00,0.00,0.00,5856.25,0.00,5856.25,69883.95,4778.75,0,0,0,0.00,0,F1,25,,,,,
2026-04-24,2026-04-24,FO,NSE,IDO,73625,,NIFTYNXT50,,2026-05-26,2026-05-26,66500.00,CE,NIFTYNXT5026MAY66500CE,0.00,0.00,0.00,5421.10,0.00,5421.10,69883.95,4302.30,0,0,0,0.00,0,F1,25,,,,,
2026-04-24,2026-04-24,FO,NSE,IDO,73653,,NIFTYNXT50,,2026-05-26,2026-05-26,67400.00,CE,NIFTYNXT5026MAY67400CE,0.00,0.00,0.00,4795.80,0.00,4795.80,69883.95,3631.10,0,0,0,0.00,0,F1,25,,,,,
2026-04-24,2026-04-24,FO,NSE,IDO,73655,,NIFTYNXT50,,2026-05-26,2026-05-26,67500.00,CE,NIFTYNXT5026MAY67500CE,0.00,0.00,0.00,4729.25,0.00,4729.25,69883.95,3560.15,0,0,0,0.00,0,F1,25,,,,,
2026-04-24,2026-04-24,FO,NSE,IDO,73660,,NIFTYNXT50,,2026-05-26,2026-05-26,67700.00,CE,NIFTYNXT5026MAY67700CE,0.00,0.00,0.00,4597.80,0.00,4597.80,69883.95,3420.50,0,0,0,0.00,0,F1,25,,,,,
2026-04-24,2026-04-24,FO,NSE,IDO,73870,,NIFTYNXT50,,2026-05-26,2026-05-26,69700.00,CE,NIFTYNXT5026MAY69700CE,0.00,0.00,0.00,3402.80,0.00,3402.80,69883.95,2196.50,0,0,0,0.00,0,F1,25,,,,,
2026-04-24,2026-04-24,FO,NSE,IDO,73878,,NIFTYNXT50,,2026-05-26,2026-05-26,70100.00,CE,NIFTYNXT5026MAY70100CE,0.00,0.00,0.00,3190.50,0.00,3190.50,69883.95,1990.90,0,0,0,0.00,0,F1,25,,,,,
2026-04-24,2026-04-24,FO,NSE,IDO,73896,,NIFTYNXT50,,2026-05-26,2026-05-26,71000.00,CE,NIFTYNXT5026MAY71000CE,0.00,0.00,0.00,2745.30,0.00,2745.30,69883.95,1576.15,0,0,0,0.00,0,F1,25,,,,,
2026-04-24,2026-04-24,FO,NSE,IDO,73904,,NIFTYNXT50,,2026-05-26,2026-05-26,71400.00,CE,NIFTYNXT5026MAY71400CE,0.00,0.00,0.00,2562.00,0.00,2562.00,69883.95,1412.95,0,0,0,0.00,0,F1,25,,,,,
2026-04-24,2026-04-24,FO,NSE,IDO,73921,,NIFTYNXT50,,2026-05-26,2026-05-26,71800.00,CE,NIFTYNXT5026MAY71800CE,0.00,0.00,0.00,2387.50,0.00,2387.50,69883.95,1262.25,0,0,0,0.00,0,F1,25,,,,,
2026-04-24,2026-04-24,FO,NSE,IDO,73924,,NIFTYNXT50,,2026-05-26,2026-05-26,71900.00,CE,NIFTYNXT5026MAY71900CE,0.00,0.00,0.00,2345.20,0.00,2345.20,69883.95,1226.50,0,0,0,0.00,0,F1,25,,,,,
2026-04-24,2026-04-24,FO,NSE,IDO,74045,,NIFTYNXT50,,2026-05-26,2026-05-26,72500.00,CE,NIFTYNXT5026MAY72500CE,0.00,0.00,0.00,2102.80,0.00,2102.80,69883.95,1027.45,0,0,0,0.00,0,F1,25,,,,,
2026-04-24,2026-04-24,FO,NSE,IDO,74048,,NIFTYNXT50,,2026-05-26,2026-05-26,72600.00,CE,NIFTYNXT5026MAY72600CE,0.00,0.00,0.00,2064.25,0.00,2064.25,69883.95,996.85,0,0,0,0.00,0,F1,25,,,,,
2026-04-24,2026-04-24,FO,NSE,IDO,74114,,NIFTYNXT50,,2026-05-26,2026-05-26,73400.00,CE,NIFTYNXT5026MAY73400CE,0.00,0.00,0.00,1774.40,0.00,1774.40,69883.95,779.25,0,0,0,0.00,0,F1,25,,,,,
2026-04-24,2026-04-24,FO,NSE,IDO,74471,,NIFTYNXT50,,2026-05-26,2026-05-26,75000.00,CE,NIFTYNXT5026MAY75000CE,0.00,0.00,0.00,1288.30,0.00,1288.30,69883.95,451.95,0,0,0,0.00,0,F1,25,,,,,
2026-04-24,2026-04-24,FO,NSE,IDO,74554,,NIFTYNXT50,,2026-05-26,2026-05-26,77000.00,CE,NIFTYNXT5026MAY77000CE,0.00,0.00,0.00,837.10,0.00,837.10,69883.95,211.80,0,0,0,0.00,0,F1,25,,,,,
2026-04-24,2026-04-24,FO,NSE,IDO,74621,,NIFTYNXT50,,2026-05-26,2026-05-26,78500.00,CE,NIFTYNXT5026MAY78500CE,0.00,0.00,0.00,591.40,0.00,591.40,69883.95,113.15,0,0,0,0.00,0,F1,25,,,,,
2026-04-24,2026-04-24,FO,NSE,IDO,74652,,NIFTYNXT50,,2026-05-26,2026-05-26,80000.00,CE,NIFTYNXT5026MAY80000CE,0.00,0.00,0.00,409.65,0.00,409.65,69883.95,57.55,0,0,0,0.00,0,F1,25,,,,,
2026-04-24,2026-04-24,FO,NSE,IDO,80870,,NIFTYNXT50,,2026-06-30,2026-06-30,52500.00,CE,NIFTYNXT5026JUN52500CE,0.00,0.00,0.00,9007.75,0.00,9007.75,69883.95,17983.20,0,0,0,0.00,0,F1,25,,,,,
2026-04-24,2026-04-24,FO,NSE,IDO,81226,,NIFTYNXT50,,2026-06-30,2026-06-30,57100.00,CE,NIFTYNXT5026JUN57100CE,0.00,0.00,0.00,5256.25,0.00,5256.25,69883.95,13468.00,0,0,0,0.00,0,F1,25,,,,,
2026-04-24,2026-04-24,FO,NSE,IDO,81243,,NIFTYNXT50,,2026-06-30,2026-06-30,57600.00,CE,NIFTYNXT5026JUN57600CE,0.00,0.00,0.00,4902.30,0.00,4902.30,69883.95,12983.50,0,0,0,0.00,0,F1,25,,,,,
2026-04-24,2026-04-24,FO,NSE,IDO,81314,,NIFTYNXT50,,2026-06-30,2026-06-30,58900.00,CE,NIFTYNXT5026JUN58900CE,0.00,0.00,0.00,4053.05,0.00,4053.05,69883.95,11735.40,0,0,0,0.00,0,F1,25,,,,,
2026-04-24,2026-04-24,FO,NSE,IDO,81326,,NIFTYNXT50,,2026-06-30,2026-06-30,59100.00,CE,NIFTYNXT5026JUN59100CE,0.00,0.00,0.00,3930.80,0.00,3930.80,69883.95,11545.20,0,0,0,0.00,0,F1,25,,,,,
2026-04-24,2026-04-24,FO,NSE,IDO,81561,,NIFTYNXT50,,2026-06-30,2026-06-30,63300.00,CE,NIFTYNXT5026JUN63300CE,0.00,0.00,0.00,1895.45,0.00,1895.45,69883.95,7742.20,0,0,0,0.00,0,F1,25,,,,,
2026-04-24,2026-04-24,FO,NSE,IDO,81565,,NIFTYNXT50,,2026-06-30,2026-06-30,63500.00,CE,NIFTYNXT5026JUN63500CE,0.00,0.00,0.00,1823.15,0.00,1823.15,69883.95,7573.60,0,0,0,0.00,0,F1,25,,,,,
2026-04-24,2026-04-24,FO,NSE,IDO,81618,,NIFTYNXT50,,2026-06-30,2026-06-30,64100.00,CE,NIFTYNXT5026JUN64100CE,0.00,0.00,0.00,1618.75,0.00,1618.75,69883.95,7076.80,0,0,0,0.00,0,F1,25,,,,,
2026-04-24,2026-04-24,FO,NSE,IDO,81624,,NIFTYNXT50,,2026-06-30,2026-06-30,64300.00,CE,NIFTYNXT5026JUN64300CE,0.00,0.00,0.00,1554.65,0.00,1554.65,69883.95,6914.35,0,0,0,0.00,0,F1,25,,,,,
2026-04-24,2026-04-24,FO,NSE,IDO,81670,,NIFTYNXT50,,2026-06-30,2026-06-30,65600.00,CE,NIFTYNXT5026JUN65600CE,0.00,0.00,0.00,1184.80,0.00,1184.80,69883.95,5900.05,0,0,0,0.00,0,F1,25,,,,,
2026-04-24,2026-04-24,FO,NSE,IDO,81980,,NIFTYNXT50,,2026-06-30,2026-06-30,70700.00,CE,NIFTYNXT5026JUN70700CE,0.00,0.00,0.00,352.65,0.00,352.65,69883.95,2755.65,0,0,0,0.00,0,F1,25,,,,,
2026-04-24,2026-04-24,FO,NSE,IDO,81982,,NIFTYNXT50,,2026-06-30,2026-06-30,70800.00,CE,NIFTYNXT5026JUN70800CE,0.00,0.00,0.00,343.55,0.00,343.55,69883.95,2708.55,0,0,0,0.00,0,F1,25,,,,,
2026-04-24,2026-04-24,FO,NSE,IDO,81988,,NIFTYNXT50,,2026-06-30,2026-06-30,71100.00,CE,NIFTYNXT5026JUN71100CE,0.00,0.00,0.00,317.55,0.00,317.55,69883.95,2570.50,0,0,0,0.00,0,F1,25,,,,,
2026-04-24,2026-04-24,FO,NSE,IDO,81996,,NIFTYNXT50,,2026-06-30,2026-06-30,71500.00,CE,NIFTYNXT5026JUN71500CE,0.00,0.00,0.00,285.55,0.00,285.55,69883.95,2394.25,0,0,0,0.00,0,F1,25,,,,,
2026-04-24,2026-04-24,FO,NSE,IDO,82006,,NIFTYNXT50,,2026-06-30,2026-06-30,72000.00,CE,NIFTYNXT5026JUN72000CE,0.00,0.00,0.00,249.55,0.00,249.55,69883.95,2186.30,0,0,0,0.00,0,F1,25,,,,,
2026-04-24,2026-04-24,FO,NSE,IDO,82010,,NIFTYNXT50,,2026-06-30,2026-06-30,72100.00,CE,NIFTYNXT5026JUN72100CE,0.00,0.00,0.00,242.85,0.00,242.85,69883.95,2146.30,0,0,0,0.00,0,F1,25,,,,,
2026-04-24,2026-04-24,FO,NSE,IDO,35284,,NIFTYNXT50,,2026-06-30,2026-06-30,73200.00,CE,NIFTYNXT5026JUN73200CE,0.00,0.00,0.00,308.20,0.00,308.20,69883.95,1741.30,0,0,0,0.00,0,F1,25,,,,,
2026-04-24,2026-04-24,FO,NSE,IDO,38786,,NIFTYNXT50,,2026-06-30,2026-06-30,74900.00,CE,NIFTYNXT5026JUN74900CE,0.00,0.00,0.00,224.35,0.00,224.35,69883.95,1232.85,0,0,0,0.00,0,F1,25,,,,,
2026-04-24,2026-04-24,FO,NSE,IDO,42130,,NIFTYNXT50,,2026-06-30,2026-06-30,75100.00,CE,NIFTYNXT5026JUN75100CE,0.00,0.00,0.00,224.90,0.00,224.90,69883.95,1181.70,0,0,0,0.00,0,F1,25,,,,,
2026-04-24,2026-04-24,FO,NSE,IDO,40982,,NIFTYNXT50,,2026-06-30,2026-06-30,75300.00,CE,NIFTYNXT5026JUN75300CE,0.00,0.00,0.00,592.60,0.00,592.60,69883.95,1135.55,0,0,0,0.00,0,F1,25,,,,,
2026-04-24,2026-04-24,FO,NSE,IDO,41000,,NIFTYNXT50,,2026-06-30,2026-06-30,76200.00,CE,NIFTYNXT5026JUN76200CE,0.00,0.00,0.00,482.10,0.00,482.10,69883.95,931.20,0,0,0,0.00,0,F1,25,,,,,
2026-04-24,2026-04-24,FO,NSE,IDO,41002,,NIFTYNXT50,,2026-06-30,2026-06-30,76300.00,CE,NIFTYNXT5026JUN76300CE,0.00,0.00,0.00,471.00,0.00,471.00,69883.95,910.65,0,0,0,0.00,0,F1,25,,,,,
2026-04-24,2026-04-24,FO,NSE,IDO,41012,,NIFTYNXT50,,2026-06-30,2026-06-30,76800.00,CE,NIFTYNXT5026JUN76800CE,0.00,0.00,0.00,418.70,0.00,418.70,69883.95,813.50,0,0,0,0.00,0,F1,25,,,,,
2026-04-24,2026-04-24,FO,NSE,IDO,41025,,NIFTYNXT50,,2026-06-30,2026-06-30,77200.00,CE,NIFTYNXT5026JUN77200CE,0.00,0.00,0.00,380.60,0.00,380.60,69883.95,742.05,0,0,0,0.00,0,F1,25,,,,,
2026-04-24,2026-04-24,FO,NSE,IDO,41232,,NIFTYNXT50,,2026-04-28,2026-04-28,54600.00,PE,NIFTYNXT5026APR54600PE,0.00,0.00,0.00,31.40,0.00,31.40,69883.95,0.00,0,0,0,0.00,0,F1,25,,,,,
2026-04-24,2026-04-24,FO,NSE,IDO,73540,,NIFTYNXT50,,2026-04-28,2026-04-28,55400.00,PE,NIFTYNXT5026APR55400PE,0.00,0.00,0.00,44.85,0.00,44.85,69883.95,0.00,0,0,0,0.00,0,F1,25,,,,,
2026-04-24,2026-04-24,FO,NSE,IDO,73761,,NIFTYNXT50,,2026-04-28,2026-04-28,57900.00,PE,NIFTYNXT5026APR57900PE,0.00,0.00,0.00,142.95,0.00,142.95,69883.95,0.00,0,0,0,0.00,0,F1,25,,,,,
2026-04-24,2026-04-24,FO,NSE,IDO,73791,,NIFTYNXT50,,2026-04-28,2026-04-28,59100.00,PE,NIFTYNXT5026APR59100PE,0.00,0.00,0.00,231.95,0.00,231.95,69883.95,0.00,0,0,0,0.00,0,F1,25,,,,,
2026-04-24,2026-04-24,FO,NSE,IDO,73807,,NIFTYNXT50,,2026-04-28,2026-04-28,59700.00,PE,NIFTYNXT5026APR59700PE,0.00,0.00,0.00,290.75,0.00,290.75,69883.95,0.00,0,0,0,0.00,0,F1,25,,,,,
2026-04-24,2026-04-24,FO,NSE,IDO,73819,,NIFTYNXT50,,2026-04-28,2026-04-28,60300.00,PE,NIFTYNXT5026APR60300PE,0.00,0.00,0.00,360.75,0.00,360.75,69883.95,0.00,0,0,0,0.00,0,F1,25,,,,,
2026-04-24,2026-04-24,FO,NSE,IDO,73821,,NIFTYNXT50,,2026-04-28,2026-04-28,60400.00,PE,NIFTYNXT5026APR60400PE,0.00,0.00,0.00,373.60,0.00,373.60,69883.95,0.00,0,0,0,0.00,0,F1,25,,,,,
2026-04-24,2026-04-24,FO,NSE,IDO,73862,,NIFTYNXT50,,2026-04-28,2026-04-28,61800.00,PE,NIFTYNXT5026APR61800PE,0.00,0.00,0.00,593.40,0.00,593.40,69883.95,0.00,0,0,0,0.00,0,F1,25,,,,,
2026-04-24,2026-04-24,FO,NSE,IDO,73942,,NIFTYNXT50,,2026-04-28,2026-04-28,63000.00,PE,NIFTYNXT5026APR63000PE,20.00,22.00,20.00,21.00,22.00,10.00,69883.95,21.00,700,150,6,9453050.00,5,F1,25,,,,,
2026-04-24,2026-04-24,FO,NSE,IDO,73974,,NIFTYNXT50,,2026-04-28,2026-04-28,64300.00,PE,NIFTYNXT5026APR64300PE,0.00,0.00,0.00,1206.50,0.00,1206.50,69883.95,0.15,0,0,0,0.00,0,F1,25,,,,,
2026-04-24,2026-04-24,FO,NSE,IDO,73987,,NIFTYNXT50,,2026-04-28,2026-04-28,64800.00,PE,NIFTYNXT5026APR64800PE,0.00,0.00,0.00,1368.90,0.00,1368.90,69883.95,0.40,0,0,0,0.00,0,F1,25,,,,,
2026-04-24,2026-04-24,FO,NSE,IDO,74012,,NIFTYNXT50,,2026-04-28,2026-04-28,65400.00,PE,NIFTYNXT5026APR65400PE,0.00,0.00,0.00,1582.55,0.00,1582.55,69883.95,1.45,0,0,0,0.00,0,F1,25,,,,,
2026-04-24,2026-04-24,FO,NSE,IDO,74024,,NIFTYNXT50,,2026-04-28,2026-04-28,65900.00,PE,NIFTYNXT5026APR65900PE,0.00,0.00,0.00,1776.60,0.00,1776.60,69883.95,3.90,0,0,0,0.00,0,F1,25,,,,,
2026-04-24,2026-04-24,FO,NSE,IDO,74028,,NIFTYNXT50,,2026-04-28,2026-04-28,66100.00,PE,NIFTYNXT5026APR66100PE,0.00,0.00,0.00,1858.30,0.00,1858.30,69883.95,5.65,0,0,0,0.00,0,F1,25,,,,,
2026-04-24,2026-04-24,FO,NSE,IDO,74159,,NIFTYNXT50,,2026-04-28,2026-04-28,69100.00,PE,NIFTYNXT5026APR69100PE,0.00,0.00,0.00,3368.05,0.00,3368.05,69883.95,336.95,0,0,0,0.00,0,F1,25,,,,,
2026-04-24,2026-04-24,FO,NSE,IDO,74187,,NIFTYNXT50,,2026-04-28,2026-04-28,69600.00,PE,NIFTYNXT5026APR69600PE,0.00,0.00,0.00,3670.20,0.00,3670.20,69883.95,522.25,0,0,0,0.00,0,F1,25,,,,,
2026-04-24,2026-04-24,FO,NSE,IDO,74189,,NIFTYNXT50,,2026-04-28,2026-04-28,69700.00,PE,NIFTYNXT5026APR69700PE,0.00,0.00,0.00,3732.25,0.00,3732.25,69883.95,566.15,0,0,0,0.00,0,F1,25,,,,,
2026-04-24,2026-04-24,FO,NSE,IDO,74204,,NIFTYNXT50,,2026-04-28,2026-04-28,70300.00,PE,NIFTYNXT5026APR70300PE,0.00,0.00,0.00,4115.95,0.00,4115.95,69883.95,878.60,0,0,0,0.00,0,F1,25,,,,,
2026-04-24,2026-04-24,FO,NSE,IDO,73561,,NIFTYNXT50,,2026-05-26,2026-05-26,64700.00,CE,NIFTYNXT5026MAY64700CE,0.00,0.00,0.00,6780.40,0.00,6780.40,69883.95,5792.15,0,0,0,0.00,0,F1,25,,,,,
2026-04-24,2026-04-24,FO,NSE,IDO,73559,,NIFTYNXT50,,2026-05-26,2026-05-26,64600.00,CE,NIFTYNXT5026MAY64600CE,0.00,0.00,0.00,6860.25,0.00,6860.25,69883.95,5879.80,0,0,0,0.00,0,F1,25,,,,,
2026-04-24,2026-04-24,FO,NSE,IDO,73379,,NIFTYNXT50,,2026-05-26,2026-05-26,60400.00,CE,NIFTYNXT5026MAY60400CE,0.00,0.00,0.00,10516.95,0.00,10516.95,69883.95,9834.20,0,0,0,0.00,0,F1,25,,,,,
2026-04-24,2026-04-24,FO,NSE,IDO,41303,,NIFTYNXT50,,2026-05-26,2026-05-26,57200.00,CE,NIFTYNXT5026MAY57200CE,0.00,0.00,0.00,12375.65,0.00,12375.65,69883.95,12997.15,0,0,0,0.00,0,F1,25,,,,,
2026-04-24,2026-04-24,FO,NSE,IDO,41295,,NIFTYNXT50,,2026-05-26,2026-05-26,56700.00,CE,NIFTYNXT5026MAY56700CE,0.00,0.00,0.00,12858.25,0.00,12858.25,69883.95,13493.85,0,0,0,0.00,0,F1,25,,,,,
2026-04-24,2026-04-24,FO,NSE,IDO,43912,,NIFTYNXT50,,2026-05-26,2026-05-26,55300.00,CE,NIFTYNXT5026MAY55300CE,0.00,0.00,0.00,12381.80,0.00,12381.80,69883.95,14885.45,0,0,0,0.00,0,F1,25,,,,,
2026-04-24,2026-04-24,FO,NSE,IDO,43906,,NIFTYNXT50,,2026-05-26,2026-05-26,55100.00,CE,NIFTYNXT5026MAY55100CE,0.00,0.00,0.00,12575.05,0.00,12575.05,69883.95,15084.30,0,0,0,0.00,0,F1,25,,,,,
2026-04-24,2026-04-24,FO,NSE,IDO,43904,,NIFTYNXT50,,2026-05-26,2026-05-26,54900.00,CE,NIFTYNXT5026MAY54900CE,0.00,0.00,0.00,12768.65,0.00,12768.65,69883.95,15283.20,0,0,0,0.00,0,F1,25,,,,,
2026-04-24,2026-04-24,FO,NSE,IDO,74142,,NIFTYNXT50,,2026-04-28,2026-04-28,68600.00,CE,NIFTYNXT5026APR68600CE,0.00,0.00,0.00,2227.00,0.00,2227.00,69883.95,1532.30,0,0,0,0.00,0,F1,25,,,,,
2026-04-24,2026-04-24,FO,NSE,IDO,74140,,NIFTYNXT50,,2026-04-28,2026-04-28,68500.00,CE,NIFTYNXT5026APR68500CE,0.00,0.00,0.00,2269.55,0.00,2269.55,69883.95,1611.35,0,0,0,0.00,0,F1,25,,,,,
2026-04-24,2026-04-24,FO,NSE,IDO,74124,,NIFTYNXT50,,2026-04-28,2026-04-28,68100.00,CE,NIFTYNXT5026APR68100CE,0.00,0.00,0.00,2445.55,0.00,2445.55,69883.95,1943.60,0,0,0,0.00,0,F1,25,,,,,
2026-04-24,2026-04-24,FO,NSE,IDO,74120,,NIFTYNXT50,,2026-04-28,2026-04-28,68000.00,CE,NIFTYNXT5026APR68000CE,2384.80,2384.80,1823.00,1823.00,1823.00,2387.00,69883.95,2030.20,200,-50,3,5251670.00,3,F1,25,,,,,
2026-04-24,2026-04-24,FO,NSE,IDO,41229,,NIFTYNXT50,,2026-04-28,2026-04-28,54400.00,CE,NIFTYNXT5026APR54400CE,0.00,0.00,0.00,12788.95,0.00,12788.95,69883.95,15518.55,0,0,0,0.00,0,F1,25,,,,,
2026-04-24,2026-04-24,FO,NSE,IDO,73539,,NIFTYNXT50,,2026-04-28,2026-04-28,55400.00,CE,NIFTYNXT5026APR55400CE,0.00,0.00,0.00,12189.80,0.00,12189.80,69883.95,14519.15,0,0,0,0.00,0,F1,25,,,,,
2026-04-24,2026-04-24,FO,NSE,IDO,73692,,NIFTYNXT50,,2026-04-28,2026-04-28,56100.00,CE,NIFTYNXT5026APR56100CE,0.00,0.00,0.00,11519.10,0.00,11519.10,69883.95,13819.60,0,0,0,0.00,0,F1,25,,,,,
2026-04-24,2026-04-24,FO,NSE,IDO,73700,,NIFTYNXT50,,2026-04-28,2026-04-28,56300.00,CE,NIFTYNXT5026APR56300CE,0.00,0.00,0.00,11328.55,0.00,11328.55,69883.95,13619.75,0,0,0,0.00,0,F1,25,,,,,
2026-04-24,2026-04-24,FO,NSE,IDO,73714,,NIFTYNXT50,,2026-04-28,2026-04-28,56900.00,CE,NIFTYNXT5026APR56900CE,0.00,0.00,0.00,10760.20,0.00,10760.20,69883.95,13020.15,0,0,0,0.00,0,F1,25,,,,,
2026-04-24,2026-04-24,FO,NSE,IDO,73936,,NIFTYNXT50,,2026-04-28,2026-04-28,62700.00,PE,NIFTYNXT5026APR62700PE,0.00,0.00,0.00,1538.00,1538.00,1538.00,69883.95,0.00,200,0,0,0.00,0,F1,25,,,,,
2026-04-24,2026-04-24,FO,NSE,IDO,73920,,NIFTYNXT50,,2026-04-28,2026-04-28,62100.00,PE,NIFTYNXT5026APR62100PE,0.00,0.00,0.00,651.10,0.00,651.10,69883.95,0.00,0,0,0,0.00,0,F1,25,,,,,
2026-04-24,2026-04-24,FO,NSE,IDO,73813,,NIFTYNXT50,,2026-04-28,2026-04-28,60000.00,PE,NIFTYNXT5026APR60000PE,0.00,0.00,0.00,324.25,0.00,324.25,69883.95,0.00,0,0,0,0.00,0,F1,25,,,,,
2026-04-24,2026-04-24,FO,NSE,IDO,73781,,NIFTYNXT50,,2026-04-28,2026-04-28,58700.00,PE,NIFTYNXT5026APR58700PE,0.00,0.00,0.00,198.35,0.00,198.35,69883.95,0.00,0,0,0,0.00,0,F1,25,,,,,
2026-04-24,2026-04-24,FO,NSE,IDO,73769,,NIFTYNXT50,,2026-04-28,2026-04-28,58200.00,PE,NIFTYNXT5026APR58200PE,0.00,0.00,0.00,162.00,0.00,162.00,69883.95,0.00,0,0,0,0.00,0,F1,25,,,,,
2026-04-24,2026-04-24,FO,NSE,IDO,73765,,NIFTYNXT50,,2026-04-28,2026-04-28,58000.00,PE,NIFTYNXT5026APR58000PE,0.00,0.00,0.00,149.10,0.00,149.10,69883.95,0.00,0,0,0,0.00,0,F1,25,,,,,
2026-04-24,2026-04-24,FO,NSE,IDO,73672,,NIFTYNXT50,,2026-04-28,2026-04-28,55600.00,PE,NIFTYNXT5026APR55600PE,0.00,0.00,0.00,49.60,0.00,49.60,69883.95,0.00,0,0,0,0.00,0,F1,25,,,,,
2026-04-24,2026-04-24,FO,NSE,IDO,73776,,NIFTYNXT50,,2026-04-28,2026-04-28,58500.00,CE,NIFTYNXT5026APR58500CE,0.00,0.00,0.00,9275.50,0.00,9275.50,69883.95,11421.15,0,0,0,0.00,0,F1,25,,,,,
2026-04-24,2026-04-24,FO,NSE,IDO,73782,,NIFTYNXT50,,2026-04-28,2026-04-28,58800.00,CE,NIFTYNXT5026APR58800CE,0.00,0.00,0.00,9003.35,0.00,9003.35,69883.95,11121.35,0,0,0,0.00,0,F1,25,,,,,
2026-04-24,2026-04-24,FO,NSE,IDO,73915,,NIFTYNXT50,,2026-04-28,2026-04-28,62100.00,CE,NIFTYNXT5026APR62100CE,0.00,0.00,0.00,6198.65,0.00,6198.65,69883.95,7823.45,0,0,0,0.00,0,F1,25,,,,,
2026-04-24,2026-04-24,FO,NSE,IDO,73975,,NIFTYNXT50,,2026-04-28,2026-04-28,64400.00,CE,NIFTYNXT5026APR64400CE,0.00,0.00,0.00,4520.65,0.00,4520.65,69883.95,5525.05,0,0,0,0.00,0,F1,25,,,,,
2026-04-24,2026-04-24,FO,NSE,IDO,81898,,NIFTYNXT50,,2026-06-30,2026-06-30,69700.00,CE,NIFTYNXT5026JUN69700CE,0.00,0.00,0.00,455.60,0.00,455.60,69883.95,3258.30,0,0,0,0.00,0,F1,25,,,,,
2026-04-24,2026-04-24,FO,NSE,IDO,82016,,NIFTYNXT50,,2026-06-30,2026-06-30,72200.00,PE,NIFTYNXT5026JUN72200PE,0.00,0.00,0.00,10793.20,0.00,10793.20,69883.95,3601.95,0,0,0,0.00,0,F1,25,,,,,
2026-04-24,2026-04-24,FO,NSE,IDO,38769,,NIFTYNXT50,,2026-06-30,2026-06-30,74100.00,PE,NIFTYNXT5026JUN74100PE,0.00,0.00,0.00,10414.75,0.00,10414.75,69883.95,4828.70,0,0,0,0.00,0,F1,25,,,,,
2026-04-24,2026-04-24,FO,NSE,IDO,42131,,NIFTYNXT50,,2026-06-30,2026-06-30,75100.00,PE,NIFTYNXT5026JUN75100PE,0.00,0.00,0.00,11080.95,0.00,11080.95,69883.95,5543.80,0,0,0,0.00,0,F1,25,,,,,
2026-04-24,2026-04-24,FO,NSE,IDO,40997,,NIFTYNXT50,,2026-06-30,2026-06-30,75900.00,PE,NIFTYNXT5026JUN75900PE,0.00,0.00,0.00,9186.80,0.00,9186.80,69883.95,6148.10,0,0,0,0.00,0,F1,25,,,,,
2026-04-24,2026-04-24,FO,NSE,IDO,82120,,NIFTYNXT50,,2026-06-30,2026-06-30,79500.00,PE,NIFTYNXT5026JUN79500PE,0.00,0.00,0.00,17752.25,0.00,17752.25,69883.95,9137.45,0,0,0,0.00,0,F1,25,,,,,
2026-04-24,2026-04-24,FO,NSE,IDO,82124,,NIFTYNXT50,,2026-06-30,2026-06-30,80500.00,PE,NIFTYNXT5026JUN80500PE,0.00,0.00,0.00,18726.95,0.00,18726.95,69883.95,10029.75,0,0,0,0.00,0,F1,25,,,,,
2026-04-24,2026-04-24,FO,NSE,IDO,81010,,NIFTYNXT50,,2026-06-30,2026-06-30,55300.00,PE,NIFTYNXT5026JUN55300PE,0.00,0.00,0.00,580.35,0.00,580.35,69883.95,13.25,0,0,0,0.00,0,F1,25,,,,,
2026-04-24,2026-04-24,FO,NSE,IDO,81004,,NIFTYNXT50,,2026-06-30,2026-06-30,55000.00,PE,NIFTYNXT5026JUN55000PE,0.00,0.00,0.00,527.70,0.00,527.70,69883.95,11.15,0,0,0,0.00,0,F1,25,,,,,
2026-04-24,2026-04-24,FO,NSE,IDO,80980,,NIFTYNXT50,,2026-06-30,2026-06-30,54600.00,PE,NIFTYNXT5026JUN54600PE,0.00,0.00,0.00,463.20,0.00,463.20,69883.95,8.80,0,0,0,0.00,0,F1,25,,,,,
2026-04-24,2026-04-24,FO,NSE,IDO,80969,,NIFTYNXT50,,2026-06-30,2026-06-30,54300.00,PE,NIFTYNXT5026JUN54300PE,0.00,0.00,0.00,418.90,0.00,418.90,69883.95,7.35,0,0,0,0.00,0,F1,25,,,,,
2026-04-24,2026-04-24,FO,NSE,IDO,80881,,NIFTYNXT50,,2026-06-30,2026-06-30,53000.00,PE,NIFTYNXT5026JUN53000PE,0.00,0.00,0.00,263.40,0.00,263.40,69883.95,3.20,0,0,0,0.00,0,F1,25,,,,,
2026-04-24,2026-04-24,FO,NSE,IDO,74549,,NIFTYNXT50,,2026-05-26,2026-05-26,76700.00,PE,NIFTYNXT5026MAY76700PE,0.00,0.00,0.00,6553.70,0.00,6553.70,69883.95,6636.90,0,0,0,0.00,0,F1,25,,,,,
2026-04-24,2026-04-24,FO,NSE,IDO,74539,,NIFTYNXT50,,2026-05-26,2026-05-26,76300.00,PE,NIFTYNXT5026MAY76300PE,0.00,0.00,0.00,6242.80,0.00,6242.80,69883.95,6279.40,0,0,0,0.00,0,F1,25,,,,,
2026-04-24,2026-04-24,FO,NSE,IDO,74526,,NIFTYNXT50,,2026-05-26,2026-05-26,76000.00,PE,NIFTYNXT5026MAY76000PE,0.00,0.00,0.00,6016.25,0.00,6016.25,69883.95,6014.95,0,0,0,0.00,0,F1,25,,,,,
2026-04-24,2026-04-24,FO,NSE,IDO,74502,,NIFTYNXT50,,2026-05-26,2026-05-26,75300.00,PE,NIFTYNXT5026MAY75300PE,0.00,0.00,0.00,5491.65,0.00,5491.65,69883.95,5411.55,0,0,0,0.00,0,F1,25,,,,,
2026-04-24,2026-04-24,FO,NSE,IDO,74497,,NIFTYNXT50,,2026-05-26,2026-05-26,75100.00,PE,NIFTYNXT5026MAY75100PE,0.00,0.00,0.00,5346.65,0.00,5346.65,69883.95,5243.05,0,0,0,0.00,0,F1,25,,,,,
2026-04-24,2026-04-24,FO,NSE,IDO,74388,,NIFTYNXT50,,2026-05-26,2026-05-26,73700.00,PE,NIFTYNXT5026MAY73700PE,0.00,0.00,0.00,4381.90,0.00,4381.90,69883.95,4122.45,0,0,0,0.00,0,F1,25,,,,,
2026-04-24,2026-04-24,FO,NSE,IDO,74009,,NIFTYNXT50,,2026-05-26,2026-05-26,72300.00,PE,NIFTYNXT5026MAY72300PE,0.00,0.00,0.00,3512.45,0.00,3512.45,69883.95,3113.10,0,0,0,0.00,0,F1,25,,,,,
2026-04-24,2026-04-24,FO,NSE,IDO,73875,,NIFTYNXT50,,2026-05-26,2026-05-26,69900.00,PE,NIFTYNXT5026MAY69900PE,0.00,0.00,0.00,2266.05,0.00,2266.05,69883.95,1727.35,0,0,0,0.00,0,F1,25,,,,,
2026-04-24,2026-04-24,FO,NSE,IDO,73869,,NIFTYNXT50,,2026-05-26,2026-05-26,69600.00,PE,NIFTYNXT5026MAY69600PE,0.00,0.00,0.00,2132.70,0.00,2132.70,69883.95,1586.90,0,0,0,0.00,0,F1,25,,,,,
2026-04-24,2026-04-24,FO,NSE,IDO,73562,,NIFTYNXT50,,2026-05-26,2026-05-26,64700.00,PE,NIFTYNXT5026MAY64700PE,0.00,0.00,0.00,636.55,0.00,636.55,69883.95,255.75,0,0,0,0.00,0,F1,25,,,,,
2026-04-24,2026-04-24,FO,NSE,IDO,73550,,NIFTYNXT50,,2026-05-26,2026-05-26,64100.00,PE,NIFTYNXT5026MAY64100PE,0.00,0.00,0.00,531.35,0.00,531.35,69883.95,191.25,0,0,0,0.00,0,F1,25,,,,,
2026-04-24,2026-04-24,FO,NSE,IDO,73544,,NIFTYNXT50,,2026-05-26,2026-05-26,63900.00,PE,NIFTYNXT5026MAY63900PE,0.00,0.00,0.00,499.40,0.00,499.40,69883.95,172.95,0,0,0,0.00,0,F1,25,,,,,
2026-04-24,2026-04-24,FO,NSE,IDO,73380,,NIFTYNXT50,,2026-05-26,2026-05-26,60400.00,PE,NIFTYNXT5026MAY60400PE,0.00,0.00,0.00,143.90,0.00,143.90,69883.95,21.25,0,0,0,0.00,0,F1,25,,,,,
2026-04-24,2026-04-24,FO,NSE,IDO,73337,,NIFTYNXT50,,2026-05-26,2026-05-26,59500.00,PE,NIFTYNXT5026MAY59500PE,0.00,0.00,0.00,99.00,0.00,99.00,69883.95,11.05,0,0,0,0.00,0,F1,25,,,,,
2026-04-24,2026-04-24,FO,NSE,IDO,73285,,NIFTYNXT50,,2026-05-26,2026-05-26,58600.00,PE,NIFTYNXT5026MAY58600PE,0.00,0.00,0.00,66.50,0.00,66.50,69883.95,5.45,0,0,0,0.00,0,F1,25,,,,,
2026-04-24,2026-04-24,FO,NSE,IDO,41304,,NIFTYNXT50,,2026-05-26,2026-05-26,57200.00,PE,NIFTYNXT5026MAY57200PE,0.00,0.00,0.00,42.40,0.00,42.40,69883.95,1.65,0,0,0,0.00,0,F1,25,,,,,
2026-04-24,2026-04-24,FO,NSE,IDO,73124,,NIFTYNXT50,,2026-05-26,2026-05-26,54000.00,PE,NIFTYNXT5026MAY54000PE,0.00,0.00,0.00,5.65,0.00,5.65,69883.95,0.10,0,0,0,0.00,0,F1,25,,,,,
2026-04-24,2026-04-24,FO,NSE,IDO,74490,,NIFTYNXT50,,2026-04-28,2026-04-28,77500.00,PE,NIFTYNXT5026APR77500PE,0.00,0.00,0.00,9892.10,0.00,9892.10,69883.95,7566.85,0,0,0,0.00,0,F1,25,,,,,
2026-04-24,2026-04-24,FO,NSE,IDO,74381,,NIFTYNXT50,,2026-04-28,2026-04-28,76300.00,PE,NIFTYNXT5026APR76300PE,0.00,0.00,0.00,8817.40,0.00,8817.40,69883.95,6367.65,0,0,0,0.00,0,F1,25,,,,,
2026-04-24,2026-04-24,FO,NSE,IDO,74329,,NIFTYNXT50,,2026-04-28,2026-04-28,74100.00,PE,NIFTYNXT5026APR74100PE,0.00,0.00,0.00,6941.25,0.00,6941.25,69883.95,4173.85,0,0,0,0.00,0,F1,25,,,,,
2026-04-24,2026-04-24,FO,NSE,IDO,74307,,NIFTYNXT50,,2026-04-28,2026-04-28,73000.00,PE,NIFTYNXT5026APR73000PE,0.00,0.00,0.00,6061.35,0.00,6061.35,69883.95,3096.05,0,0,0,0.00,0,F1,25,,,,,
2026-04-24,2026-04-24,FO,NSE,IDO,73637,,NIFTYNXT50,,2026-05-26,2026-05-26,67100.00,CE,NIFTYNXT5026MAY67100CE,0.00,0.00,0.00,4998.55,0.00,4998.55,69883.95,3851.60,0,0,0,0.00,0,F1,25,,,,,
2026-04-24,2026-04-24,FO,NSE,IDO,73658,,NIFTYNXT50,,2026-05-26,2026-05-26,67600.00,CE,NIFTYNXT5026MAY67600CE,0.00,0.00,0.00,4663.25,0.00,4663.25,69883.95,3489.95,0,0,0,0.00,0,F1,25,,,,,
2026-04-24,2026-04-24,FO,NSE,IDO,73717,,NIFTYNXT50,,2026-05-26,2026-05-26,68200.00,CE,NIFTYNXT5026MAY68200CE,0.00,0.00,0.00,4278.45,0.00,4278.45,69883.95,3084.60,0,0,0,0.00,0,F1,25,,,,,
2026-04-24,2026-04-24,FO,NSE,IDO,73853,,NIFTYNXT50,,2026-05-26,2026-05-26,69100.00,CE,NIFTYNXT5026MAY69100CE,0.00,0.00,0.00,3738.05,0.00,3738.05,69883.95,2529.70,0,0,0,0.00,0,F1,25,,,,,
2026-04-24,2026-04-24,FO,NSE,IDO,74390,,NIFTYNXT50,,2026-05-26,2026-05-26,73800.00,CE,NIFTYNXT5026MAY73800CE,0.00,0.00,0.00,1641.50,0.00,1641.50,69883.95,682.20,0,0,0,0.00,0,F1,25,,,,,
2026-04-24,2026-04-24,FO,NSE,IDO,74547,,NIFTYNXT50,,2026-05-26,2026-05-26,76700.00,CE,NIFTYNXT5026MAY76700CE,0.00,0.00,0.00,895.20,0.00,895.20,69883.95,238.65,0,0,0,0.00,0,F1,25,,,,,
2026-04-24,2026-04-24,FO,NSE,IDO,80880,,NIFTYNXT50,,2026-06-30,2026-06-30,53000.00,CE,NIFTYNXT5026JUN53000CE,0.00,0.00,0.00,8562.60,0.00,8562.60,69883.95,17489.80,0,0,0,0.00,0,F1,25,,,,,
2026-04-24,2026-04-24,FO,NSE,IDO,73948,,NIFTYNXT50,,2026-04-28,2026-04-28,63300.00,PE,NIFTYNXT5026APR63300PE,0.00,0.00,0.00,926.30,0.00,926.30,69883.95,0.05,0,0,0,0.00,0,F1,25,,,,,
2026-04-24,2026-04-24,FO,NSE,IDO,74016,,NIFTYNXT50,,2026-04-28,2026-04-28,65600.00,PE,NIFTYNXT5026APR65600PE,0.00,0.00,0.00,1658.40,0.00,1658.40,69883.95,2.15,0,0,0,0.00,0,F1,25,,,,,
2026-04-24,2026-04-24,FO,NSE,IDO,74032,,NIFTYNXT50,,2026-04-28,2026-04-28,66300.00,PE,NIFTYNXT5026APR66300PE,0.00,0.00,0.00,1942.45,0.00,1942.45,69883.95,8.10,0,0,0,0.00,0,F1,25,,,,,
2026-04-24,2026-04-24,FO,NSE,IDO,74085,,NIFTYNXT50,,2026-04-28,2026-04-28,67700.00,PE,NIFTYNXT5026APR67700PE,0.00,0.00,0.00,2597.55,0.00,2597.55,69883.95,70.30,0,0,0,0.00,0,F1,25,,,,,
2026-04-24,2026-04-24,FO,NSE,IDO,74139,,NIFTYNXT50,,2026-04-28,2026-04-28,68400.00,PE,NIFTYNXT5026APR68400PE,0.00,0.00,0.00,2968.65,0.00,2968.65,69883.95,164.70,0,0,0,0.00,0,F1,25,,,,,
2026-04-24,2026-04-24,FO,NSE,IDO,74206,,NIFTYNXT50,,2026-04-28,2026-04-28,70400.00,PE,NIFTYNXT5026APR70400PE,0.00,0.00,0.00,4181.75,0.00,4181.75,69883.95,938.85,0,0,0,0.00,0,F1,25,,,,,
2026-04-24,2026-04-24,FO,NSE,IDO,74273,,NIFTYNXT50,,2026-04-28,2026-04-28,71500.00,PE,NIFTYNXT5026APR71500PE,0.00,0.00,0.00,4938.45,0.00,4938.45,69883.95,1737.20,0,0,0,0.00,0,F1,25,,,,,
2026-04-24,2026-04-24,FO,NSE,IDO,74315,,NIFTYNXT50,,2026-04-28,2026-04-28,73400.00,PE,NIFTYNXT5026APR73400PE,0.00,0.00,0.00,6376.20,0.00,6376.20,69883.95,3484.15,0,0,0,0.00,0,F1,25,,,,,
2026-04-24,2026-04-24,FO,NSE,IDO,74363,,NIFTYNXT50,,2026-04-28,2026-04-28,75800.00,PE,NIFTYNXT5026APR75800PE,0.00,0.00,0.00,8379.25,0.00,8379.25,69883.95,5868.10,0,0,0,0.00,0,F1,25,,,,,
2026-04-24,2026-04-24,FO,NSE,IDO,74476,,NIFTYNXT50,,2026-04-28,2026-04-28,76800.00,PE,NIFTYNXT5026APR76800PE,0.00,0.00,0.00,9261.45,0.00,9261.45,69883.95,6867.30,0,0,0,0.00,0,F1,25,,,,,
2026-04-24,2026-04-24,FO,NSE,IDO,74478,,NIFTYNXT50,,2026-04-28,2026-04-28,76900.00,PE,NIFTYNXT5026APR76900PE,0.00,0.00,0.00,9350.95,0.00,9350.95,69883.95,6967.20,0,0,0,0.00,0,F1,25,,,,,
2026-04-24,2026-04-24,FO,NSE,IDO,73120,,NIFTYNXT50,,2026-05-26,2026-05-26,53000.00,PE,NIFTYNXT5026MAY53000PE,0.00,0.00,0.00,2.95,0.00,2.95,69883.95,0.05,0,0,0,0.00,0,F1,25,,,,,
2026-04-24,2026-04-24,FO,NSE,IDO,49895,,NIFTYNXT50,,2026-05-26,2026-05-26,54200.00,PE,NIFTYNXT5026MAY54200PE,0.00,0.00,0.00,23.50,0.00,23.50,69883.95,0.10,0,0,0,0.00,0,F1,25,,,,,
2026-04-24,2026-04-24,FO,NSE,IDO,43943,,NIFTYNXT50,,2026-05-26,2026-05-26,56300.00,PE,NIFTYNXT5026MAY56300PE,0.00,0.00,0.00,60.45,0.00,60.45,69883.95,0.70,0,0,0,0.00,0,F1,25,,,,,
2026-04-24,2026-04-24,FO,NSE,IDO,41300,,NIFTYNXT50,,2026-05-26,2026-05-26,56900.00,PE,NIFTYNXT5026MAY56900PE,0.00,0.00,0.00,36.35,0.00,36.35,69883.95,1.25,0,0,0,0.00,0,F1,25,,,,,
2026-04-24,2026-04-24,FO,NSE,IDO,73354,,NIFTYNXT50,,2026-05-26,2026-05-26,59900.00,PE,NIFTYNXT5026MAY59900PE,0.00,0.00,0.00,117.25,0.00,117.25,69883.95,14.85,0,0,0,0.00,0,F1,25,,,,,
2026-04-24,2026-04-24,FO,NSE,IDO,73388,,NIFTYNXT50,,2026-05-26,2026-05-26,60700.00,PE,NIFTYNXT5026MAY60700PE,0.00,0.00,0.00,162.15,0.00,162.15,69883.95,26.10,0,0,0,0.00,0,F1,25,,,,,
2026-04-24,2026-04-24,FO,NSE,IDO,73392,,NIFTYNXT50,,2026-05-26,2026-05-26,60900.00,PE,NIFTYNXT5026MAY60900PE,0.00,0.00,0.00,175.30,0.00,175.30,69883.95,29.85,0,0,0,0.00,0,F1,25,,,,,
2026-04-24,2026-04-24,FO,NSE,IDO,73408,,NIFTYNXT50,,2026-05-26,2026-05-26,61500.00,PE,NIFTYNXT5026MAY61500PE,0.00,0.00,0.00,220.20,0.00,220.20,69883.95,44.15,0,0,0,0.00,0,F1,25,,,,,
2026-04-24,2026-04-24,FO,NSE,IDO,73458,,NIFTYNXT50,,2026-05-26,2026-05-26,63100.00,PE,NIFTYNXT5026MAY63100PE,0.00,0.00,0.00,386.10,0.00,386.10,69883.95,113.40,0,0,0,0.00,0,F1,25,,,,,
2026-04-24,2026-04-24,FO,NSE,IDO,73608,,NIFTYNXT50,,2026-05-26,2026-05-26,65900.00,PE,NIFTYNXT5026MAY65900PE,0.00,0.00,0.00,892.60,0.00,892.60,69883.95,435.85,0,0,0,0.00,0,F1,25,,,,,
2026-04-24,2026-04-24,FO,NSE,IDO,73670,,NIFTYNXT50,,2026-05-26,2026-05-26,67800.00,PE,NIFTYNXT5026MAY67800PE,0.00,0.00,0.00,1437.90,0.00,1437.90,69883.95,898.55,0,0,0,0.00,0,F1,25,,,,,
2026-04-24,2026-04-24,FO,NSE,IDO,73873,,NIFTYNXT50,,2026-05-26,2026-05-26,69800.00,PE,NIFTYNXT5026MAY69800PE,0.00,0.00,0.00,2221.05,0.00,2221.05,69883.95,1679.70,0,0,0,0.00,0,F1,25,,,,,
2026-04-24,2026-04-24,FO,NSE,IDO,74415,,NIFTYNXT50,,2026-05-26,2026-05-26,74200.00,PE,NIFTYNXT5026MAY74200PE,0.00,0.00,0.00,4716.05,0.00,4716.05,69883.95,4508.70,0,0,0,0.00,0,F1,25,,,,,
2026-04-24,2026-04-24,FO,NSE,IDO,74427,,NIFTYNXT50,,2026-05-26,2026-05-26,74600.00,PE,NIFTYNXT5026MAY74600PE,0.00,0.00,0.00,4991.80,0.00,4991.80,69883.95,4830.00,0,0,0,0.00,0,F1,25,,,,,
2026-04-24,2026-04-24,FO,NSE,IDO,74464,,NIFTYNXT50,,2026-05-26,2026-05-26,74900.00,PE,NIFTYNXT5026MAY74900PE,0.00,0.00,0.00,5203.40,0.00,5203.40,69883.95,5076.35,0,0,0,0.00,0,F1,25,,,,,
2026-04-24,2026-04-24,FO,NSE,IDO,74472,,NIFTYNXT50,,2026-05-26,2026-05-26,75000.00,PE,NIFTYNXT5026MAY75000PE,0.00,0.00,0.00,5274.80,0.00,5274.80,69883.95,5159.45,0,0,0,0.00,0,F1,25,,,,,
2026-04-24,2026-04-24,FO,NSE,IDO,74653,,NIFTYNXT50,,2026-05-26,2026-05-26,80000.00,PE,NIFTYNXT5026MAY80000PE,0.00,0.00,0.00,9313.80,0.00,9313.80,69883.95,9737.85,0,0,0,0.00,0,F1,25,,,,,
2026-04-24,2026-04-24,FO,NSE,IDO,80902,,NIFTYNXT50,,2026-06-30,2026-06-30,53500.00,PE,NIFTYNXT5026JUN53500PE,0.00,0.00,0.00,316.65,0.00,316.65,69883.95,4.45,0,0,0,0.00,0,F1,25,,,,,
2026-04-24,2026-04-24,FO,NSE,IDO,80944,,NIFTYNXT50,,2026-06-30,2026-06-30,53900.00,PE,NIFTYNXT5026JUN53900PE,0.00,0.00,0.00,365.00,0.00,365.00,69883.95,5.75,0,0,0,0.00,0,F1,25,,,,,
2026-04-24,2026-04-24,FO,NSE,IDO,81021,,NIFTYNXT50,,2026-06-30,2026-06-30,55700.00,PE,NIFTYNXT5026JUN55700PE,0.00,0.00,0.00,656.55,0.00,656.55,69883.95,16.55,0,0,0,0.00,0,F1,25,,,,,
2026-04-24,2026-04-24,FO,NSE,IDO,81223,,NIFTYNXT50,,2026-06-30,2026-06-30,56900.00,PE,NIFTYNXT5026JUN56900PE,0.00,0.00,0.00,931.50,0.00,931.50,69883.95,31.40,0,0,0,0.00,0,F1,25,,,,,
2026-04-24,2026-04-24,FO,NSE,IDO,81315,,NIFTYNXT50,,2026-06-30,2026-06-30,58900.00,PE,NIFTYNXT5026JUN58900PE,0.00,0.00,0.00,1548.20,0.00,1548.20,69883.95,81.70,0,0,0,0.00,0,F1,25,,,,,
2026-04-24,2026-04-24,FO,NSE,IDO,81358,,NIFTYNXT50,,2026-06-30,2026-06-30,60200.00,PE,NIFTYNXT5026JUN60200PE,0.00,0.00,0.00,2071.50,0.00,2071.50,69883.95,142.00,0,0,0,0.00,0,F1,25,,,,,
2026-04-24,2026-04-24,FO,NSE,IDO,81568,,NIFTYNXT50,,2026-06-30,2026-06-30,63600.00,PE,NIFTYNXT5026JUN63600PE,0.00,0.00,0.00,3898.75,0.00,3898.75,69883.95,482.75,0,0,0,0.00,0,F1,25,,,,,
2026-04-24,2026-04-24,FO,NSE,IDO,81619,,NIFTYNXT50,,2026-06-30,2026-06-30,64100.00,PE,NIFTYNXT5026JUN64100PE,0.00,0.00,0.00,4220.75,0.00,4220.75,69883.95,564.00,0,0,0,0.00,0,F1,25,,,,,
2026-04-24,2026-04-24,FO,NSE,IDO,81625,,NIFTYNXT50,,2026-06-30,2026-06-30,64300.00,PE,NIFTYNXT5026JUN64300PE,0.00,0.00,0.00,4353.05,0.00,4353.05,69883.95,599.25,0,0,0,0.00,0,F1,25,,,,,
2026-04-24,2026-04-24,FO,NSE,IDO,81667,,NIFTYNXT50,,2026-06-30,2026-06-30,65400.00,PE,NIFTYNXT5026JUN65400PE,0.00,0.00,0.00,5115.35,0.00,5115.35,69883.95,823.55,0,0,0,0.00,0,F1,25,,,,,
2026-04-24,2026-04-24,FO,NSE,IDO,81700,,NIFTYNXT50,,2026-06-30,2026-06-30,66100.00,PE,NIFTYNXT5026JUN66100PE,0.00,0.00,0.00,5632.05,0.00,5632.05,69883.95,997.35,0,0,0,0.00,0,F1,25,,,,,
2026-04-24,2026-04-24,FO,NSE,IDO,81799,,NIFTYNXT50,,2026-06-30,2026-06-30,68500.00,PE,NIFTYNXT5026JUN68500PE,0.00,0.00,0.00,7535.50,0.00,7535.50,69883.95,1773.15,0,0,0,0.00,0,F1,25,,,,,
2026-04-24,2026-04-24,FO,NSE,IDO,74207,,NIFTYNXT50,,2026-04-28,2026-04-28,70500.00,CE,NIFTYNXT5026APR70500CE,572.65,572.65,148.40,315.35,324.00,558.70,69883.95,315.35,750,75,126,222875545.00,91,F1,25,,,,,
2026-04-24,2026-04-24,FO,NSE,IDO,74314,,NIFTYNXT50,,2026-04-28,2026-04-28,73400.00,CE,NIFTYNXT5026APR73400CE,0.00,0.00,0.00,796.80,0.00,796.80,69883.95,14.75,0,0,0,0.00,0,F1,25,,,,,
2026-04-24,2026-04-24,FO,NSE,IDO,74362,,NIFTYNXT50,,2026-04-28,2026-04-28,75800.00,CE,NIFTYNXT5026APR75800CE,0.00,0.00,0.00,436.65,0.00,436.65,69883.95,0.20,0,0,0,0.00,0,F1,25,,,,,
2026-04-24,2026-04-24,FO,NSE,IDO,74592,,NIFTYNXT50,,2026-04-28,2026-04-28,80500.00,CE,NIFTYNXT5026APR80500CE,0.00,0.00,0.00,114.25,0.00,114.25,69883.95,0.00,0,0,0,0.00,0,F1,25,,,,,
2026-04-24,2026-04-24,FO,NSE,IDO,81971,,NIFTYNXT50,,2026-06-30,2026-06-30,70200.00,PE,NIFTYNXT5026JUN70200PE,0.00,0.00,0.00,8993.95,0.00,8993.95,69883.95,2517.85,0,0,0,0.00,0,F1,25,,,,,
2026-04-24,2026-04-24,FO,NSE,IDO,82049,,NIFTYNXT50,,2026-06-30,2026-06-30,76000.00,PE,NIFTYNXT5026JUN76000PE,0.00,0.00,0.00,14367.75,0.00,14367.75,69883.95,6225.25,0,0,0,0.00,0,F1,25,,,,,
2026-04-24,2026-04-24,FO,NSE,IDO,82101,,NIFTYNXT50,,2026-06-30,2026-06-30,78500.00,PE,NIFTYNXT5026JUN78500PE,0.00,0.00,0.00,16780.15,0.00,16780.15,69883.95,8268.40,0,0,0,0.00,0,F1,25,,,,,
2026-04-24,2026-04-24,FO,NSE,IDO,82126,,NIFTYNXT50,,2026-06-30,2026-06-30,81000.00,PE,NIFTYNXT5026JUN81000PE,0.00,0.00,0.00,19215.10,0.00,19215.10,69883.95,10483.50,0,0,0,0.00,0,F1,25,,,,,
2026-04-24,2026-04-24,FO,NSE,IDO,73489,,NIFTYNXT50,,2026-04-28,2026-04-28,53000.00,CE,NIFTYNXT5026APR53000CE,0.00,0.00,0.00,14520.05,0.00,14520.05,69883.95,16917.65,0,0,0,0.00,0,F1,25,,,,,
2026-04-24,2026-04-24,FO,NSE,IDO,80940,,NIFTYNXT50,,2026-06-30,2026-06-30,53900.00,CE,NIFTYNXT5026JUN53900CE,0.00,0.00,0.00,7780.30,0.00,7780.30,69883.95,16602.55,0,0,0,0.00,0,F1,25,,,,,
2026-04-24,2026-04-24,FO,NSE,IDO,80983,,NIFTYNXT50,,2026-06-30,2026-06-30,54800.00,CE,NIFTYNXT5026JUN54800CE,0.00,0.00,0.00,7026.05,0.00,7026.05,69883.95,15716.95,0,0,0,0.00,0,F1,25,,,,,
2026-04-24,2026-04-24,FO,NSE,IDO,81005,,NIFTYNXT50,,2026-06-30,2026-06-30,55100.00,CE,NIFTYNXT5026JUN55100CE,0.00,0.00,0.00,6781.65,0.00,6781.65,69883.95,15422.25,0,0,0,0.00,0,F1,25,,,,,
2026-04-24,2026-04-24,FO,NSE,IDO,81020,,NIFTYNXT50,,2026-06-30,2026-06-30,55700.00,CE,NIFTYNXT5026JUN55700CE,0.00,0.00,0.00,6304.10,0.00,6304.10,69883.95,14833.85,0,0,0,0.00,0,F1,25,,,,,
2026-04-24,2026-04-24,FO,NSE,IDO,81026,,NIFTYNXT50,,2026-06-30,2026-06-30,56000.00,CE,NIFTYNXT5026JUN56000CE,0.00,0.00,0.00,6071.30,0.00,6071.30,69883.95,14540.25,0,0,0,0.00,0,F1,25,,,,,
2026-04-24,2026-04-24,FO,NSE,IDO,81218,,NIFTYNXT50,,2026-06-30,2026-06-30,56700.00,CE,NIFTYNXT5026JUN56700CE,0.00,0.00,0.00,5544.60,0.00,5544.60,69883.95,13857.00,0,0,0,0.00,0,F1,25,,,,,
2026-04-24,2026-04-24,FO,NSE,IDO,81220,,NIFTYNXT50,,2026-06-30,2026-06-30,56800.00,CE,NIFTYNXT5026JUN56800CE,0.00,0.00,0.00,5473.50,0.00,5473.50,69883.95,13759.65,0,0,0,0.00,0,F1,25,,,,,
2026-04-24,2026-04-24,FO,NSE,IDO,81224,,NIFTYNXT50,,2026-06-30,2026-06-30,57000.00,CE,NIFTYNXT5026JUN57000CE,0.00,0.00,0.00,5328.15,0.00,5328.15,69883.95,13565.15,0,0,0,0.00,0,F1,25,,,,,
2026-04-24,2026-04-24,FO,NSE,IDO,81255,,NIFTYNXT50,,2026-06-30,2026-06-30,57900.00,CE,NIFTYNXT5026JUN57900CE,0.00,0.00,0.00,4698.05,0.00,4698.05,69883.95,12693.85,0,0,0,0.00,0,F1,25,,,,,
2026-04-24,2026-04-24,FO,NSE,IDO,81306,,NIFTYNXT50,,2026-06-30,2026-06-30,58800.00,CE,NIFTYNXT5026JUN58800CE,0.00,0.00,0.00,4115.05,0.00,4115.05,69883.95,11830.70,0,0,0,0.00,0,F1,25,,,,,
2026-04-24,2026-04-24,FO,NSE,IDO,81377,,NIFTYNXT50,,2026-06-30,2026-06-30,61200.00,CE,NIFTYNXT5026JUN61200CE,0.00,0.00,0.00,2786.65,0.00,2786.65,69883.95,9589.95,0,0,0,0.00,0,F1,25,,,,,
2026-04-24,2026-04-24,FO,NSE,IDO,81427,,NIFTYNXT50,,2026-06-30,2026-06-30,62000.00,CE,NIFTYNXT5026JUN62000CE,0.00,0.00,0.00,2418.00,0.00,2418.00,69883.95,8870.75,0,0,0,0.00,0,F1,25,,,,,
2026-04-24,2026-04-24,FO,NSE,IDO,81501,,NIFTYNXT50,,2026-06-30,2026-06-30,62300.00,CE,NIFTYNXT5026JUN62300CE,0.00,0.00,0.00,2289.10,0.00,2289.10,69883.95,8605.60,0,0,0,0.00,0,F1,25,,,,,
2026-04-24,2026-04-24,FO,NSE,IDO,81505,,NIFTYNXT50,,2026-06-30,2026-06-30,62500.00,CE,NIFTYNXT5026JUN62500CE,0.00,0.00,0.00,2206.00,0.00,2206.00,69883.95,8430.35,0,0,0,0.00,0,F1,25,,,,,
2026-04-24,2026-04-24,FO,NSE,IDO,81507,,NIFTYNXT50,,2026-06-30,2026-06-30,62600.00,CE,NIFTYNXT5026JUN62600CE,0.00,0.00,0.00,2165.25,0.00,2165.25,69883.95,8343.15,0,0,0,0.00,0,F1,25,,,,,
2026-04-24,2026-04-24,FO,NSE,IDO,81509,,NIFTYNXT50,,2026-06-30,2026-06-30,62700.00,CE,NIFTYNXT5026JUN62700CE,0.00,0.00,0.00,2125.10,0.00,2125.10,69883.95,8256.30,0,0,0,0.00,0,F1,25,,,,,
2026-04-24,2026-04-24,FO,NSE,IDO,81662,,NIFTYNXT50,,2026-06-30,2026-06-30,65200.00,CE,NIFTYNXT5026JUN65200CE,0.00,0.00,0.00,1290.25,0.00,1290.25,69883.95,6204.10,0,0,0,0.00,0,F1,25,,,,,
2026-04-24,2026-04-24,FO,NSE,IDO,81668,,NIFTYNXT50,,2026-06-30,2026-06-30,65500.00,CE,NIFTYNXT5026JUN65500CE,0.00,0.00,0.00,1210.50,0.00,1210.50,69883.95,5975.35,0,0,0,0.00,0,F1,25,,,,,
2026-04-24,2026-04-24,FO,NSE,IDO,81798,,NIFTYNXT50,,2026-06-30,2026-06-30,68500.00,CE,NIFTYNXT5026JUN68500CE,0.00,0.00,0.00,612.35,0.00,612.35,69883.95,3936.00,0,0,0,0.00,0,F1,25,,,,,
2026-04-24,2026-04-24,FO,NSE,IDO,73496,,NIFTYNXT50,,2026-04-28,2026-04-28,54500.00,PE,NIFTYNXT5026APR54500PE,0.00,0.00,0.00,28.00,0.00,28.00,69883.95,0.00,0,0,0,0.00,0,F1,25,,,,,
2026-04-24,2026-04-24,FO,NSE,IDO,59610,,NIFTYNXT50,,2026-04-28,2026-04-28,53900.00,PE,NIFTYNXT5026APR53900PE,0.00,0.00,0.00,5.20,0.00,5.20,69883.95,0.00,0,0,0,0.00,0,F1,25,,,,,
2026-04-24,2026-04-24,FO,NSE,IDO,73484,,NIFTYNXT50,,2026-04-28,2026-04-28,51500.00,PE,NIFTYNXT5026APR51500PE,0.00,0.00,0.00,4.60,0.00,4.60,69883.95,0.00,0,0,0,0.00,0,F1,25,,,,,
2026-04-24,2026-04-24,FO,NSE,IDO,82089,,NIFTYNXT50,,2026-06-30,2026-06-30,77000.00,CE,NIFTYNXT5026JUN77000CE,0.00,0.00,0.00,58.05,0.00,58.05,69883.95,777.10,0,0,0,0.00,0,F1,25,,,,,
2026-04-24,2026-04-24,FO,NSE,IDO,82046,,NIFTYNXT50,,2026-06-30,2026-06-30,75500.00,CE,NIFTYNXT5026JUN75500CE,0.00,0.00,0.00,91.80,0.00,91.80,69883.95,1088.05,0,0,0,0.00,0,F1,25,,,,,
2026-04-24,2026-04-24,FO,NSE,IDO,35282,,NIFTYNXT50,,2026-06-30,2026-06-30,73100.00,CE,NIFTYNXT5026JUN73100CE,0.00,0.00,0.00,316.25,0.00,316.25,69883.95,1775.55,0,0,0,0.00,0,F1,25,,,,,
2026-04-24,2026-04-24,FO,NSE,IDO,81910,,NIFTYNXT50,,2026-06-30,2026-06-30,70000.00,CE,NIFTYNXT5026JUN70000CE,0.00,0.00,0.00,422.25,0.00,422.25,69883.95,3101.65,0,0,0,0.00,0,F1,25,,,,,
2026-04-24,2026-04-24,FO,NSE,IDO,73940,,NIFTYNXT50,,2026-04-28,2026-04-28,62900.00,PE,NIFTYNXT5026APR62900PE,0.00,0.00,0.00,825.20,0.00,825.20,69883.95,0.00,0,0,0,0.00,0,F1,25,,,,,
2026-04-24,2026-04-24,FO,NSE,IDO,73930,,NIFTYNXT50,,2026-04-28,2026-04-28,62400.00,PE,NIFTYNXT5026APR62400PE,0.00,0.00,0.00,1451.55,1451.55,1451.55,69883.95,0.00,150,0,0,0.00,0,F1,25,,,,,
2026-04-24,2026-04-24,FO,NSE,IDO,73928,,NIFTYNXT50,,2026-04-28,2026-04-28,62300.00,PE,NIFTYNXT5026APR62300PE,0.00,0.00,0.00,691.80,0.00,691.80,69883.95,0.00,0,0,0,0.00,0,F1,25,,,,,
2026-04-24,2026-04-24,FO,NSE,IDO,73912,,NIFTYNXT50,,2026-04-28,2026-04-28,61900.00,PE,NIFTYNXT5026APR61900PE,0.00,0.00,0.00,612.20,0.00,612.20,69883.95,0.00,0,0,0,0.00,0,F1,25,,,,,
2026-04-24,2026-04-24,FO,NSE,IDO,73850,,NIFTYNXT50,,2026-04-28,2026-04-28,61600.00,PE,NIFTYNXT5026APR61600PE,0.00,0.00,0.00,557.15,0.00,557.15,69883.95,0.00,0,0,0,0.00,0,F1,25,,,,,
2026-04-24,2026-04-24,FO,NSE,IDO,73827,,NIFTYNXT50,,2026-04-28,2026-04-28,60700.00,PE,NIFTYNXT5026APR60700PE,0.00,0.00,0.00,414.30,0.00,414.30,69883.95,0.00,0,0,0,0.00,0,F1,25,,,,,
2026-04-24,2026-04-24,FO,NSE,IDO,73785,,NIFTYNXT50,,2026-04-28,2026-04-28,58800.00,PE,NIFTYNXT5026APR58800PE,0.00,0.00,0.00,206.35,0.00,206.35,69883.95,0.00,0,0,0,0.00,0,F1,25,,,,,
2026-04-24,2026-04-24,FO,NSE,IDO,73779,,NIFTYNXT50,,2026-04-28,2026-04-28,58600.00,PE,NIFTYNXT5026APR58600PE,0.00,0.00,0.00,190.60,0.00,190.60,69883.95,0.00,0,0,0,0.00,0,F1,25,,,,,
2026-04-24,2026-04-24,FO,NSE,IDO,73728,,NIFTYNXT50,,2026-04-28,2026-04-28,57200.00,PE,NIFTYNXT5026APR57200PE,0.00,0.00,0.00,105.55,0.00,105.55,69883.95,0.00,0,0,0,0.00,0,F1,25,,,,,
2026-04-24,2026-04-24,FO,NSE,IDO,73710,,NIFTYNXT50,,2026-04-28,2026-04-28,56700.00,PE,NIFTYNXT5026APR56700PE,0.00,0.00,0.00,84.20,0.00,84.20,69883.95,0.00,0,0,0,0.00,0,F1,25,,,,,
2026-04-24,2026-04-24,FO,NSE,IDO,73506,,NIFTYNXT50,,2026-04-28,2026-04-28,55000.00,PE,NIFTYNXT5026APR55000PE,0.00,0.00,0.00,36.50,0.00,36.50,69883.95,0.00,0,0,0,0.00,0,F1,25,,,,,
2026-04-24,2026-04-24,FO,NSE,IDO,73492,,NIFTYNXT50,,2026-04-28,2026-04-28,53500.00,PE,NIFTYNXT5026APR53500PE,0.00,0.00,0.00,15.95,0.00,15.95,69883.95,0.00,0,0,0,0.00,0,F1,25,,,,,
2026-04-24,2026-04-24,FO,NSE,IDO,41014,,NIFTYNXT50,,2026-06-30,2026-06-30,76900.00,CE,NIFTYNXT5026JUN76900CE,0.00,0.00,0.00,408.90,0.00,408.90,69883.95,795.15,0,0,0,0.00,0,F1,25,,,,,
2026-04-24,2026-04-24,FO,NSE,IDO,40996,,NIFTYNXT50,,2026-06-30,2026-06-30,75900.00,CE,NIFTYNXT5026JUN75900CE,0.00,0.00,0.00,516.80,0.00,516.80,69883.95,995.05,0,0,0,0.00,0,F1,25,,,,,
2026-04-24,2026-04-24,FO,NSE,IDO,40994,,NIFTYNXT50,,2026-06-30,2026-06-30,75800.00,CE,NIFTYNXT5026JUN75800CE,0.00,0.00,0.00,528.80,0.00,528.80,69883.95,1019.90,0,0,0,0.00,0,F1,25,,,,,
2026-04-24,2026-04-24,FO,NSE,IDO,35308,,NIFTYNXT50,,2026-06-30,2026-06-30,73900.00,CE,NIFTYNXT5026JUN73900CE,0.00,0.00,0.00,256.75,0.00,256.75,69883.95,1515.45,0,0,0,0.00,0,F1,25,,,,,
2026-04-24,2026-04-24,FO,NSE,IDO,81994,,NIFTYNXT50,,2026-06-30,2026-06-30,71400.00,CE,NIFTYNXT5026JUN71400CE,0.00,0.00,0.00,293.25,0.00,293.25,69883.95,2437.50,0,0,0,0.00,0,F1,25,,,,,
2026-04-24,2026-04-24,FO,NSE,IDO,81984,,NIFTYNXT50,,2026-06-30,2026-06-30,70900.00,CE,NIFTYNXT5026JUN70900CE,0.00,0.00,0.00,334.70,0.00,334.70,69883.95,2661.95,0,0,0,0.00,0,F1,25,,,,,
2026-04-24,2026-04-24,FO,NSE,IDO,81978,,NIFTYNXT50,,2026-06-30,2026-06-30,70600.00,CE,NIFTYNXT5026JUN70600CE,0.00,0.00,0.00,361.95,0.00,361.95,69883.95,2803.35,0,0,0,0.00,0,F1,25,,,,,
2026-04-24,2026-04-24,FO,NSE,IDO,81974,,NIFTYNXT50,,2026-06-30,2026-06-30,70400.00,CE,NIFTYNXT5026JUN70400CE,0.00,0.00,0.00,381.15,0.00,381.15,69883.95,2900.40,0,0,0,0.00,0,F1,25,,,,,
2026-04-24,2026-04-24,FO,NSE,IDO,81741,,NIFTYNXT50,,2026-06-30,2026-06-30,66800.00,CE,NIFTYNXT5026JUN66800CE,0.00,0.00,0.00,910.55,0.00,910.55,69883.95,5033.15,0,0,0,0.00,0,F1,25,,,,,
2026-04-24,2026-04-24,FO,NSE,IDO,81630,,NIFTYNXT50,,2026-06-30,2026-06-30,64600.00,CE,NIFTYNXT5026JUN64600CE,0.00,0.00,0.00,1462.25,0.00,1462.25,69883.95,6673.75,0,0,0,0.00,0,F1,25,,,,,
2026-04-24,2026-04-24,FO,NSE,IDO,81569,,NIFTYNXT50,,2026-06-30,2026-06-30,63700.00,CE,NIFTYNXT5026JUN63700CE,0.00,0.00,0.00,1752.95,0.00,1752.95,69883.95,7406.50,0,0,0,0.00,0,F1,25,,,,,
2026-04-24,2026-04-24,FO,NSE,IDO,81563,,NIFTYNXT50,,2026-06-30,2026-06-30,63400.00,CE,NIFTYNXT5026JUN63400CE,0.00,0.00,0.00,1859.05,0.00,1859.05,69883.95,7657.70,0,0,0,0.00,0,F1,25,,,,,
2026-04-24,2026-04-24,FO,NSE,IDO,81513,,NIFTYNXT50,,2026-06-30,2026-06-30,62900.00,CE,NIFTYNXT5026JUN62900CE,0.00,0.00,0.00,2046.40,0.00,2046.40,69883.95,8083.60,0,0,0,0.00,0,F1,25,,,,,
2026-04-24,2026-04-24,FO,NSE,IDO,81414,,NIFTYNXT50,,2026-06-30,2026-06-30,61700.00,CE,NIFTYNXT5026JUN61700CE,0.00,0.00,0.00,2551.95,0.00,2551.95,69883.95,9138.45,0,0,0,0.00,0,F1,25,,,,,
2026-04-24,2026-04-24,FO,NSE,IDO,81361,,NIFTYNXT50,,2026-06-30,2026-06-30,60400.00,CE,NIFTYNXT5026JUN60400CE,0.00,0.00,0.00,3192.45,0.00,3192.45,69883.95,10324.70,0,0,0,0.00,0,F1,25,,,,,
2026-04-24,2026-04-24,FO,NSE,IDO,81343,,NIFTYNXT50,,2026-06-30,2026-06-30,59700.00,CE,NIFTYNXT5026JUN59700CE,0.00,0.00,0.00,3577.85,0.00,3577.85,69883.95,10978.30,0,0,0,0.00,0,F1,25,,,,,
2026-04-24,2026-04-24,FO,NSE,IDO,81267,,NIFTYNXT50,,2026-06-30,2026-06-30,58100.00,CE,NIFTYNXT5026JUN58100CE,0.00,0.00,0.00,4564.60,0.00,4564.60,69883.95,12501.25,0,0,0,0.00,0,F1,25,,,,,
2026-04-24,2026-04-24,FO,NSE,IDO,81239,,NIFTYNXT50,,2026-06-30,2026-06-30,57400.00,CE,NIFTYNXT5026JUN57400CE,0.00,0.00,0.00,5043.65,0.00,5043.65,69883.95,13177.05,0,0,0,0.00,0,F1,25,,,,,
2026-04-24,2026-04-24,FO,NSE,IDO,80981,,NIFTYNXT50,,2026-06-30,2026-06-30,54700.00,CE,NIFTYNXT5026JUN54700CE,0.00,0.00,0.00,7108.35,0.00,7108.35,69883.95,15815.25,0,0,0,0.00,0,F1,25,,,,,
2026-04-24,2026-04-24,FO,NSE,IDO,80979,,NIFTYNXT50,,2026-06-30,2026-06-30,54600.00,CE,NIFTYNXT5026JUN54600CE,0.00,0.00,0.00,7191.05,0.00,7191.05,69883.95,15913.60,0,0,0,0.00,0,F1,25,,,,,
2026-04-24,2026-04-24,FO,NSE,IDO,80946,,NIFTYNXT50,,2026-06-30,2026-06-30,54000.00,CE,NIFTYNXT5026JUN54000CE,0.00,0.00,0.00,7695.05,0.00,7695.05,69883.95,16504.05,0,0,0,0.00,0,F1,25,,,,,
2026-04-24,2026-04-24,FO,NSE,IDO,80823,,NIFTYNXT50,,2026-06-30,2026-06-30,51500.00,CE,NIFTYNXT5026JUN51500CE,0.00,0.00,0.00,9917.30,0.00,9917.30,69883.95,18970.70,0,0,0,0.00,0,F1,25,,,,,
2026-04-24,2026-04-24,FO,NSE,IDO,74775,,NIFTYNXT50,,2026-05-26,2026-05-26,81500.00,CE,NIFTYNXT5026MAY81500CE,0.00,0.00,0.00,278.25,0.00,278.25,69883.95,27.90,0,0,0,0.00,0,F1,25,,,,,
2026-04-24,2026-04-24,FO,NSE,IDO,74542,,NIFTYNXT50,,2026-05-26,2026-05-26,76500.00,CE,NIFTYNXT5026MAY76500CE,0.00,0.00,0.00,935.70,0.00,935.70,69883.95,258.15,0,0,0,0.00,0,F1,25,,,,,
2026-04-24,2026-04-24,FO,NSE,IDO,74538,,NIFTYNXT50,,2026-05-26,2026-05-26,76300.00,CE,NIFTYNXT5026MAY76300CE,0.00,0.00,0.00,977.70,0.00,977.70,69883.95,278.95,0,0,0,0.00,0,F1,25,,,,,
2026-04-24,2026-04-24,FO,NSE,IDO,74525,,NIFTYNXT50,,2026-05-26,2026-05-26,76000.00,CE,NIFTYNXT5026MAY76000CE,0.00,0.00,0.00,1046.20,0.00,1046.20,69883.95,312.85,0,0,0,0.00,0,F1,25,,,,,
2026-04-24,2026-04-24,FO,NSE,IDO,74496,,NIFTYNXT50,,2026-05-26,2026-05-26,75100.00,CE,NIFTYNXT5026MAY75100CE,0.00,0.00,0.00,1261.80,0.00,1261.80,69883.95,436.05,0,0,0,0.00,0,F1,25,,,,,
2026-04-24,2026-04-24,FO,NSE,IDO,74463,,NIFTYNXT50,,2026-05-26,2026-05-26,74900.00,CE,NIFTYNXT5026MAY74900CE,0.00,0.00,0.00,1315.25,0.00,1315.25,69883.95,468.30,0,0,0,0.00,0,F1,25,,,,,
2026-04-24,2026-04-24,FO,NSE,IDO,74426,,NIFTYNXT50,,2026-05-26,2026-05-26,74600.00,CE,NIFTYNXT5026MAY74600CE,0.00,0.00,0.00,1398.70,0.00,1398.70,69883.95,520.25,0,0,0,0.00,0,F1,25,,,,,
2026-04-24,2026-04-24,FO,NSE,IDO,74396,,NIFTYNXT50,,2026-05-26,2026-05-26,74000.00,CE,NIFTYNXT5026MAY74000CE,0.00,0.00,0.00,1578.00,0.00,1578.00,69883.95,638.35,0,0,0,0.00,0,F1,25,,,,,
2026-04-24,2026-04-24,FO,NSE,IDO,74387,,NIFTYNXT50,,2026-05-26,2026-05-26,73700.00,CE,NIFTYNXT5026MAY73700CE,0.00,0.00,0.00,1674.00,0.00,1674.00,69883.95,707.85,0,0,0,0.00,0,F1,25,,,,,
2026-04-24,2026-04-24,FO,NSE,IDO,73964,,NIFTYNXT50,,2026-05-26,2026-05-26,72000.00,CE,NIFTYNXT5026MAY72000CE,0.00,0.00,0.00,2303.50,0.00,2303.50,69883.95,1191.45,0,0,0,0.00,0,F1,25,,,,,
2026-04-24,2026-04-24,FO,NSE,IDO,73864,,NIFTYNXT50,,2026-05-26,2026-05-26,69400.00,CE,NIFTYNXT5026MAY69400CE,0.00,0.00,0.00,3567.90,0.00,3567.90,69883.95,2359.40,0,0,0,0.00,0,F1,25,,,,,
2026-04-24,2026-04-24,FO,NSE,IDO,73848,,NIFTYNXT50,,2026-05-26,2026-05-26,68900.00,CE,NIFTYNXT5026MAY68900CE,0.00,0.00,0.00,3854.30,0.00,3854.30,69883.95,2647.35,0,0,0,0.00,0,F1,25,,,,,
2026-04-24,2026-04-24,FO,NSE,IDO,73832,,NIFTYNXT50,,2026-05-26,2026-05-26,68800.00,CE,NIFTYNXT5026MAY68800CE,0.00,0.00,0.00,3913.25,0.00,3913.25,69883.95,2707.40,0,0,0,0.00,0,F1,25,,,,,
2026-04-24,2026-04-24,FO,NSE,IDO,73527,,NIFTYNXT50,,2026-05-26,2026-05-26,63800.00,CE,NIFTYNXT5026MAY63800CE,0.00,0.00,0.00,7513.05,0.00,7513.05,69883.95,6595.80,0,0,0,0.00,0,F1,25,,,,,
2026-04-24,2026-04-24,FO,NSE,IDO,73303,,NIFTYNXT50,,2026-05-26,2026-05-26,59000.00,CE,NIFTYNXT5026MAY59000CE,0.00,0.00,0.00,11829.65,0.00,11829.65,69883.95,11212.85,0,0,0,0.00,0,F1,25,,,,,
2026-04-24,2026-04-24,FO,NSE,IDO,73268,,NIFTYNXT50,,2026-05-26,2026-05-26,58600.00,CE,NIFTYNXT5026MAY58600CE,0.00,0.00,0.00,12209.95,0.00,12209.95,69883.95,11608.60,0,0,0,0.00,0,F1,25,,,,,
2026-04-24,2026-04-24,FO,NSE,IDO,41301,,NIFTYNXT50,,2026-05-26,2026-05-26,57100.00,CE,NIFTYNXT5026MAY57100CE,0.00,0.00,0.00,12472.00,0.00,12472.00,69883.95,13096.50,0,0,0,0.00,0,F1,25,,,,,
2026-04-24,2026-04-24,FO,NSE,IDO,41299,,NIFTYNXT50,,2026-05-26,2026-05-26,56900.00,CE,NIFTYNXT5026MAY56900CE,0.00,0.00,0.00,12664.95,0.00,12664.95,69883.95,13295.15,0,0,0,0.00,0,F1,25,,,,,
2026-04-24,2026-04-24,FO,NSE,IDO,73121,,NIFTYNXT50,,2026-05-26,2026-05-26,53500.00,CE,NIFTYNXT5026MAY53500CE,0.00,0.00,0.00,17163.55,0.00,17163.55,69883.95,16675.40,0,0,0,0.00,0,F1,25,,,,,
2026-04-24,2026-04-24,FO,NSE,IDO,73098,,NIFTYNXT50,,2026-05-26,2026-05-26,50500.00,CE,NIFTYNXT5026MAY50500CE,0.00,0.00,0.00,20110.55,0.00,20110.55,69883.95,19659.05,0,0,0,0.00,0,F1,25,,,,,
2026-04-24,2026-04-24,FO,NSE,IDO,74477,,NIFTYNXT50,,2026-04-28,2026-04-28,76900.00,CE,NIFTYNXT5026APR76900CE,0.00,0.00,0.00,325.15,0.00,325.15,69883.95,0.05,0,0,0,0.00,0,F1,25,,,,,
2026-04-24,2026-04-24,FO,NSE,IDO,74296,,NIFTYNXT50,,2026-04-28,2026-04-28,72500.00,CE,NIFTYNXT5026APR72500CE,42.00,42.00,18.85,20.45,18.85,38.45,69883.95,20.45,625,300,70,126934145.00,47,F1,25,,,,,
2026-04-24,2026-04-24,FO,NSE,IDO,74190,,NIFTYNXT50,,2026-04-28,2026-04-28,69800.00,CE,NIFTYNXT5026APR69800CE,0.00,0.00,0.00,1760.35,0.00,1760.35,69883.95,740.70,0,0,0,0.00,0,F1,25,,,,,
2026-04-24,2026-04-24,FO,NSE,IDO,74138,,NIFTYNXT50,,2026-04-28,2026-04-28,68400.00,CE,NIFTYNXT5026APR68400CE,0.00,0.00,0.00,2312.70,0.00,2312.70,69883.95,1692.10,0,0,0,0.00,0,F1,25,,,,,
2026-04-24,2026-04-24,FO,NSE,IDO,74041,,NIFTYNXT50,,2026-04-28,2026-04-28,66800.00,CE,NIFTYNXT5026APR66800CE,0.00,0.00,0.00,3082.65,0.00,3082.65,69883.95,3145.30,0,0,0,0.00,0,F1,25,,,,,
2026-04-24,2026-04-24,FO,NSE,IDO,73959,,NIFTYNXT50,,2026-04-28,2026-04-28,63900.00,CE,NIFTYNXT5026APR63900CE,0.00,0.00,0.00,4861.75,0.00,4861.75,69883.95,6024.60,0,0,0,0.00,0,F1,25,,,,,
2026-04-24,2026-04-24,FO,NSE,IDO,73943,,NIFTYNXT50,,2026-04-28,2026-04-28,63100.00,CE,NIFTYNXT5026APR63100CE,0.00,0.00,0.00,5436.45,0.00,5436.45,69883.95,6824.05,0,0,0,0.00,0,F1,25,,,,,
2026-04-24,2026-04-24,FO,NSE,IDO,73922,,NIFTYNXT50,,2026-04-28,2026-04-28,62200.00,CE,NIFTYNXT5026APR62200CE,0.00,0.00,0.00,6120.30,0.00,6120.30,69883.95,7723.50,0,0,0,0.00,0,F1,25,,,,,
2026-04-24,2026-04-24,FO,NSE,IDO,73843,,NIFTYNXT50,,2026-04-28,2026-04-28,61400.00,CE,NIFTYNXT5026APR61400CE,0.00,0.00,0.00,6759.40,0.00,6759.40,69883.95,8523.00,0,0,0,0.00,0,F1,25,,,,,
2026-04-24,2026-04-24,FO,NSE,IDO,73841,,NIFTYNXT50,,2026-04-28,2026-04-28,61300.00,CE,NIFTYNXT5026APR61300CE,0.00,0.00,0.00,6841.20,0.00,6841.20,69883.95,8622.90,0,0,0,0.00,0,F1,25,,,,,
2026-04-24,2026-04-24,FO,NSE,IDO,73788,,NIFTYNXT50,,2026-04-28,2026-04-28,59000.00,CE,NIFTYNXT5026APR59000CE,0.00,0.00,0.00,8823.20,0.00,8823.20,69883.95,10921.45,0,0,0,0.00,0,F1,25,,,,,
2026-04-24,2026-04-24,FO,NSE,IDO,73762,,NIFTYNXT50,,2026-04-28,2026-04-28,58000.00,CE,NIFTYNXT5026APR58000CE,0.00,0.00,0.00,9733.85,0.00,9733.85,69883.95,11920.80,0,0,0,0.00,0,F1,25,,,,,
2026-04-24,2026-04-24,FO,NSE,IDO,73756,,NIFTYNXT50,,2026-04-28,2026-04-28,57700.00,CE,NIFTYNXT5026APR57700CE,0.00,0.00,0.00,10011.50,0.00,10011.50,69883.95,12220.65,0,0,0,0.00,0,F1,25,,,,,
2026-04-24,2026-04-24,FO,NSE,IDO,73487,,NIFTYNXT50,,2026-04-28,2026-04-28,52500.00,CE,NIFTYNXT5026APR52500CE,0.00,0.00,0.00,15009.30,0.00,15009.30,69883.95,17417.35,0,0,0,0.00,0,F1,25,,,,,
2026-04-24,2026-04-24,FO,NSE,IDO,73712,,NIFTYNXT50,,2026-04-28,2026-04-28,56800.00,PE,NIFTYNXT5026APR56800PE,0.00,0.00,0.00,88.15,0.00,88.15,69883.95,0.00,0,0,0,0.00,0,F1,25,,,,,
2026-04-24,2026-04-24,FO,NSE,IDO,82099,,NIFTYNXT50,,2026-06-30,2026-06-30,78000.00,PE,NIFTYNXT5026JUN78000PE,0.00,0.00,0.00,16295.40,0.00,16295.40,69883.95,7843.90,0,0,0,0.00,0,F1,25,,,,,
2026-04-24,2026-04-24,FO,NSE,IDO,40993,,NIFTYNXT50,,2026-06-30,2026-06-30,75700.00,PE,NIFTYNXT5026JUN75700PE,0.00,0.00,0.00,9013.95,0.00,9013.95,69883.95,5997.50,0,0,0,0.00,0,F1,25,,,,,
2026-04-24,2026-04-24,FO,NSE,IDO,38777,,NIFTYNXT50,,2026-06-30,2026-06-30,74400.00,PE,NIFTYNXT5026JUN74400PE,0.00,0.00,0.00,10688.80,0.00,10688.80,69883.95,5038.50,0,0,0,0.00,0,F1,25,,,,,
2026-04-24,2026-04-24,FO,NSE,IDO,35301,,NIFTYNXT50,,2026-06-30,2026-06-30,73700.00,PE,NIFTYNXT5026JUN73700PE,0.00,0.00,0.00,10752.05,0.00,10752.05,69883.95,4555.55,0,0,0,0.00,0,F1,25,,,,,
2026-04-24,2026-04-24,FO,NSE,IDO,35265,,NIFTYNXT50,,2026-06-30,2026-06-30,72400.00,PE,NIFTYNXT5026JUN72400PE,0.00,0.00,0.00,9582.35,0.00,9582.35,69883.95,3722.40,0,0,0,0.00,0,F1,25,,,,,
2026-04-24,2026-04-24,FO,NSE,IDO,82005,,NIFTYNXT50,,2026-06-30,2026-06-30,71900.00,PE,NIFTYNXT5026JUN71900PE,0.00,0.00,0.00,10518.65,0.00,10518.65,69883.95,3425.30,0,0,0,0.00,0,F1,25,,,,,
2026-04-24,2026-04-24,FO,NSE,IDO,81813,,NIFTYNXT50,,2026-06-30,2026-06-30,69000.00,PE,NIFTYNXT5026JUN69000PE,0.00,0.00,0.00,7956.40,0.00,7956.40,69883.95,1975.20,0,0,0,0.00,0,F1,25,,,,,
2026-04-24,2026-04-24,FO,NSE,IDO,81788,,NIFTYNXT50,,2026-06-30,2026-06-30,68000.00,PE,NIFTYNXT5026JUN68000PE,0.00,0.00,0.00,7122.10,0.00,7122.10,69883.95,1585.15,0,0,0,0.00,0,F1,25,,,,,
2026-04-24,2026-04-24,FO,NSE,IDO,81784,,NIFTYNXT50,,2026-06-30,2026-06-30,67800.00,PE,NIFTYNXT5026JUN67800PE,0.00,0.00,0.00,6959.00,0.00,6959.00,69883.95,1513.80,0,0,0,0.00,0,F1,25,,,,,
2026-04-24,2026-04-24,FO,NSE,IDO,81772,,NIFTYNXT50,,2026-06-30,2026-06-30,67200.00,PE,NIFTYNXT5026JUN67200PE,0.00,0.00,0.00,6477.80,0.00,6477.80,69883.95,1312.90,0,0,0,0.00,0,F1,25,,,,,
2026-04-24,2026-04-24,FO,NSE,IDO,81749,,NIFTYNXT50,,2026-06-30,2026-06-30,66900.00,PE,NIFTYNXT5026JUN66900PE,0.00,0.00,0.00,6242.00,0.00,6242.00,69883.95,1219.65,0,0,0,0.00,0,F1,25,,,,,
2026-04-24,2026-04-24,FO,NSE,IDO,81661,,NIFTYNXT50,,2026-06-30,2026-06-30,65100.00,PE,NIFTYNXT5026JUN65100PE,0.00,0.00,0.00,4901.85,0.00,4901.85,69883.95,757.10,0,0,0,0.00,0,F1,25,,,,,
2026-04-24,2026-04-24,FO,NSE,IDO,81566,,NIFTYNXT50,,2026-06-30,2026-06-30,63500.00,PE,NIFTYNXT5026JUN63500PE,0.00,0.00,0.00,3835.90,0.00,3835.90,69883.95,467.60,0,0,0,0.00,0,F1,25,,,,,
2026-04-24,2026-04-24,FO,NSE,IDO,81512,,NIFTYNXT50,,2026-06-30,2026-06-30,62800.00,PE,NIFTYNXT5026JUN62800PE,0.00,0.00,0.00,3410.75,0.00,3410.75,69883.95,371.75,0,0,0,0.00,0,F1,25,,,,,
2026-04-24,2026-04-24,FO,NSE,IDO,81382,,NIFTYNXT50,,2026-06-30,2026-06-30,61400.00,PE,NIFTYNXT5026JUN61400PE,0.00,0.00,0.00,2641.40,0.00,2641.40,69883.95,226.50,0,0,0,0.00,0,F1,25,,,,,
2026-04-24,2026-04-24,FO,NSE,IDO,81372,,NIFTYNXT50,,2026-06-30,2026-06-30,60900.00,PE,NIFTYNXT5026JUN60900PE,0.00,0.00,0.00,2393.95,0.00,2393.95,69883.95,187.35,0,0,0,0.00,0,F1,25,,,,,
2026-04-24,2026-04-24,FO,NSE,IDO,81221,,NIFTYNXT50,,2026-06-30,2026-06-30,56800.00,PE,NIFTYNXT5026JUN56800PE,0.00,0.00,0.00,906.25,0.00,906.25,69883.95,29.85,0,0,0,0.00,0,F1,25,,,,,
2026-04-24,2026-04-24,FO,NSE,IDO,81211,,NIFTYNXT50,,2026-06-30,2026-06-30,56300.00,PE,NIFTYNXT5026JUN56300PE,0.00,0.00,0.00,784.40,0.00,784.40,69883.95,22.95,0,0,0,0.00,0,F1,25,,,,,
2026-04-24,2026-04-24,FO,NSE,IDO,80998,,NIFTYNXT50,,2026-06-30,2026-06-30,54900.00,PE,NIFTYNXT5026JUN54900PE,0.00,0.00,0.00,510.95,0.00,510.95,69883.95,10.50,0,0,0,0.00,0,F1,25,,,,,
2026-04-24,2026-04-24,FO,NSE,IDO,80973,,NIFTYNXT50,,2026-06-30,2026-06-30,54400.00,PE,NIFTYNXT5026JUN54400PE,0.00,0.00,0.00,433.30,0.00,433.30,69883.95,7.80,0,0,0,0.00,0,F1,25,,,,,
2026-04-24,2026-04-24,FO,NSE,IDO,80831,,NIFTYNXT50,,2026-06-30,2026-06-30,51500.00,PE,NIFTYNXT5026JUN51500PE,0.00,0.00,0.00,145.00,0.00,145.00,69883.95,1.15,0,0,0,0.00,0,F1,25,,,,,
2026-04-24,2026-04-24,FO,NSE,IDO,74632,,NIFTYNXT50,,2026-05-26,2026-05-26,79000.00,PE,NIFTYNXT5026MAY79000PE,0.00,0.00,0.00,8445.05,0.00,8445.05,69883.95,8776.55,0,0,0,0.00,0,F1,25,,,,,
2026-04-24,2026-04-24,FO,NSE,IDO,74559,,NIFTYNXT50,,2026-05-26,2026-05-26,77200.00,PE,NIFTYNXT5026MAY77200PE,0.00,0.00,0.00,6950.40,0.00,6950.40,69883.95,7090.90,0,0,0,0.00,0,F1,25,,,,,
2026-04-24,2026-04-24,FO,NSE,IDO,74439,,NIFTYNXT50,,2026-05-26,2026-05-26,74700.00,PE,NIFTYNXT5026MAY74700PE,0.00,0.00,0.00,5061.90,0.00,5061.90,69883.95,4911.60,0,0,0,0.00,0,F1,25,,,,,
2026-04-24,2026-04-24,FO,NSE,IDO,74057,,NIFTYNXT50,,2026-05-26,2026-05-26,72700.00,PE,NIFTYNXT5026MAY72700PE,0.00,0.00,0.00,3750.60,0.00,3750.60,69883.95,3386.95,0,0,0,0.00,0,F1,25,,,,,
2026-04-24,2026-04-24,FO,NSE,IDO,74011,,NIFTYNXT50,,2026-05-26,2026-05-26,72400.00,PE,NIFTYNXT5026MAY72400PE,0.00,0.00,0.00,3571.20,0.00,3571.20,69883.95,3180.50,0,0,0,0.00,0,F1,25,,,,,
2026-04-24,2026-04-24,FO,NSE,IDO,73893,,NIFTYNXT50,,2026-05-26,2026-05-26,70800.00,PE,NIFTYNXT5026MAY70800PE,0.00,0.00,0.00,2695.95,0.00,2695.95,69883.95,2192.95,0,0,0,0.00,0,F1,25,,,,,
2026-04-24,2026-04-24,FO,NSE,IDO,73877,,NIFTYNXT50,,2026-05-26,2026-05-26,70000.00,PE,NIFTYNXT5026MAY70000PE,0.00,0.00,0.00,2311.60,0.00,2311.60,69883.95,1775.80,0,0,0,0.00,0,F1,25,,,,,
2026-04-24,2026-04-24,FO,NSE,IDO,73715,,NIFTYNXT50,,2026-05-26,2026-05-26,68100.00,PE,NIFTYNXT5026MAY68100PE,0.00,0.00,0.00,1541.35,0.00,1541.35,69883.95,995.35,0,0,0,0.00,0,F1,25,,,,,
2026-04-24,2026-04-24,FO,NSE,IDO,73626,,NIFTYNXT50,,2026-05-26,2026-05-26,66500.00,PE,NIFTYNXT5026MAY66500PE,0.00,0.00,0.00,1047.55,0.00,1047.55,69883.95,556.15,0,0,0,0.00,0,F1,25,,,,,
2026-04-24,2026-04-24,FO,NSE,IDO,73587,,NIFTYNXT50,,2026-05-26,2026-05-26,65700.00,PE,NIFTYNXT5026MAY65700PE,0.00,0.00,0.00,845.45,0.00,845.45,69883.95,400.50,0,0,0,0.00,0,F1,25,,,,,
2026-04-24,2026-04-24,FO,NSE,IDO,73564,,NIFTYNXT50,,2026-05-26,2026-05-26,64800.00,PE,NIFTYNXT5026MAY64800PE,0.00,0.00,0.00,655.50,0.00,655.50,69883.95,268.05,0,0,0,0.00,0,F1,25,,,,,
2026-04-24,2026-04-24,FO,NSE,IDO,73463,,NIFTYNXT50,,2026-05-26,2026-05-26,63200.00,PE,NIFTYNXT5026MAY63200PE,0.00,0.00,0.00,399.05,0.00,399.05,69883.95,119.75,0,0,0,0.00,0,F1,25,,,,,
2026-04-24,2026-04-24,FO,NSE,IDO,73449,,NIFTYNXT50,,2026-05-26,2026-05-26,62800.00,PE,NIFTYNXT5026MAY62800PE,0.00,0.00,0.00,349.25,0.00,349.25,69883.95,96.00,0,0,0,0.00,0,F1,25,,,,,
2026-04-24,2026-04-24,FO,NSE,IDO,73406,,NIFTYNXT50,,2026-05-26,2026-05-26,61400.00,PE,NIFTYNXT5026MAY61400PE,0.00,0.00,0.00,212.10,0.00,212.10,69883.95,41.40,0,0,0,0.00,0,F1,25,,,,,
2026-04-24,2026-04-24,FO,NSE,IDO,73228,,NIFTYNXT50,,2026-05-26,2026-05-26,58300.00,PE,NIFTYNXT5026MAY58300PE,0.00,0.00,0.00,57.90,0.00,57.90,69883.95,4.30,0,0,0,0.00,0,F1,25,,,,,
2026-04-24,2026-04-24,FO,NSE,IDO,73193,,NIFTYNXT50,,2026-05-26,2026-05-26,57900.00,PE,NIFTYNXT5026MAY57900PE,0.00,0.00,0.00,47.95,0.00,47.95,69883.95,3.05,0,0,0,0.00,0,F1,25,,,,,
2026-04-24,2026-04-24,FO,NSE,IDO,41310,,NIFTYNXT50,,2026-05-26,2026-05-26,57400.00,PE,NIFTYNXT5026MAY57400PE,0.00,0.00,0.00,46.90,0.00,46.90,69883.95,1.95,0,0,0,0.00,0,F1,25,,,,,
2026-04-24,2026-04-24,FO,NSE,IDO,43931,,NIFTYNXT50,,2026-05-26,2026-05-26,55700.00,PE,NIFTYNXT5026MAY55700PE,0.00,0.00,0.00,44.75,0.00,44.75,69883.95,0.40,0,0,0,0.00,0,F1,25,,,,,
2026-04-24,2026-04-24,FO,NSE,IDO,43907,,NIFTYNXT50,,2026-05-26,2026-05-26,55100.00,PE,NIFTYNXT5026MAY55100PE,0.00,0.00,0.00,32.65,0.00,32.65,69883.95,0.20,0,0,0,0.00,0,F1,25,,,,,
2026-04-24,2026-04-24,FO,NSE,IDO,73116,,NIFTYNXT50,,2026-05-26,2026-05-26,52000.00,PE,NIFTYNXT5026MAY52000PE,0.00,0.00,0.00,1.50,0.00,1.50,69883.95,0.00,0,0,0,0.00,0,F1,25,,,,,
2026-04-24,2026-04-24,FO,NSE,IDO,74345,,NIFTYNXT50,,2026-04-28,2026-04-28,74900.00,PE,NIFTYNXT5026APR74900PE,0.00,0.00,0.00,7607.25,0.00,7607.25,69883.95,4969.65,0,0,0,0.00,0,F1,25,,,,,
2026-04-24,2026-04-24,FO,NSE,IDO,74339,,NIFTYNXT50,,2026-04-28,2026-04-28,74600.00,PE,NIFTYNXT5026APR74600PE,0.00,0.00,0.00,7355.10,0.00,7355.10,69883.95,4670.70,0,0,0,0.00,0,F1,25,,,,,
2026-04-24,2026-04-24,FO,NSE,IDO,74311,,NIFTYNXT50,,2026-04-28,2026-04-28,73200.00,PE,NIFTYNXT5026APR73200PE,0.00,0.00,0.00,6218.00,0.00,6218.00,69883.95,3289.35,0,0,0,0.00,0,F1,25,,,,,
2026-04-24,2026-04-24,FO,NSE,IDO,74285,,NIFTYNXT50,,2026-04-28,2026-04-28,72000.00,PE,NIFTYNXT5026APR72000PE,0.00,0.00,0.00,5304.40,0.00,5304.40,69883.95,2165.80,0,0,0,0.00,0,F1,25,,,,,
2026-04-24,2026-04-24,FO,NSE,IDO,74208,,NIFTYNXT50,,2026-04-28,2026-04-28,70500.00,PE,NIFTYNXT5026APR70500PE,0.00,0.00,0.00,4248.05,0.00,4248.05,69883.95,1001.30,0,0,0,0.00,0,F1,25,,,,,
2026-04-24,2026-04-24,FO,NSE,IDO,74193,,NIFTYNXT50,,2026-04-28,2026-04-28,69900.00,PE,NIFTYNXT5026APR69900PE,0.00,0.00,0.00,3858.05,0.00,3858.05,69883.95,661.00,0,0,0,0.00,0,F1,25,,,,,
2026-04-24,2026-04-24,FO,NSE,IDO,74141,,NIFTYNXT50,,2026-04-28,2026-04-28,68500.00,PE,NIFTYNXT5026APR68500PE,0.00,0.00,0.00,3024.00,0.00,3024.00,69883.95,183.90,0,0,0,0.00,0,F1,25,,,,,
2026-04-24,2026-04-24,FO,NSE,IDO,73984,,NIFTYNXT50,,2026-04-28,2026-04-28,64700.00,PE,NIFTYNXT5026APR64700PE,0.00,0.00,0.00,1335.30,0.00,1335.30,69883.95,0.30,0,0,0,0.00,0,F1,25,,,,,
2026-04-24,2026-04-24,FO,NSE,IDO,73425,,NIFTYNXT50,,2026-05-26,2026-05-26,62100.00,CE,NIFTYNXT5026MAY62100CE,0.00,0.00,0.00,8974.95,0.00,8974.95,69883.95,8186.10,0,0,0,0.00,0,F1,25,,,,,
2026-04-24,2026-04-24,FO,NSE,IDO,73450,,NIFTYNXT50,,2026-05-26,2026-05-26,62900.00,CE,NIFTYNXT5026MAY62900CE,0.00,0.00,0.00,8275.45,0.00,8275.45,69883.95,7428.10,0,0,0,0.00,0,F1,25,,,,,
2026-04-24,2026-04-24,FO,NSE,IDO,73454,,NIFTYNXT50,,2026-05-26,2026-05-26,63100.00,CE,NIFTYNXT5026MAY63100CE,0.00,0.00,0.00,8103.65,0.00,8103.65,69883.95,7241.05,0,0,0,0.00,0,F1,25,,,,,
2026-04-24,2026-04-24,FO,NSE,IDO,73507,,NIFTYNXT50,,2026-05-26,2026-05-26,63500.00,CE,NIFTYNXT5026MAY63500CE,0.00,0.00,0.00,7764.10,0.00,7764.10,69883.95,6870.45,0,0,0,0.00,0,F1,25,,,,,
2026-04-24,2026-04-24,FO,NSE,IDO,73621,,NIFTYNXT50,,2026-05-26,2026-05-26,66300.00,CE,NIFTYNXT5026MAY66300CE,0.00,0.00,0.00,5565.15,0.00,5565.15,69883.95,4458.65,0,0,0,0.00,0,F1,25,,,,,
2026-04-24,2026-04-24,FO,NSE,IDO,73629,,NIFTYNXT50,,2026-05-26,2026-05-26,66700.00,CE,NIFTYNXT5026MAY66700CE,0.00,0.00,0.00,5279.00,0.00,5279.00,69883.95,4148.55,0,0,0,0.00,0,F1,25,,,,,
2026-04-24,2026-04-24,FO,NSE,IDO,73794,,NIFTYNXT50,,2026-05-26,2026-05-26,68600.00,CE,NIFTYNXT5026MAY68600CE,0.00,0.00,0.00,4032.75,0.00,4032.75,69883.95,2829.95,0,0,0,0.00,0,F1,25,,,,,
2026-04-24,2026-04-24,FO,NSE,IDO,73872,,NIFTYNXT50,,2026-05-26,2026-05-26,69800.00,CE,NIFTYNXT5026MAY69800CE,0.00,0.00,0.00,3348.90,0.00,3348.90,69883.95,2143.85,0,0,0,0.00,0,F1,25,,,,,
2026-04-24,2026-04-24,FO,NSE,IDO,73900,,NIFTYNXT50,,2026-05-26,2026-05-26,71200.00,CE,NIFTYNXT5026MAY71200CE,0.00,0.00,0.00,2652.55,0.00,2652.55,69883.95,1492.95,0,0,0,0.00,0,F1,25,,,,,
2026-04-24,2026-04-24,FO,NSE,IDO,73908,,NIFTYNXT50,,2026-05-26,2026-05-26,71600.00,CE,NIFTYNXT5026MAY71600CE,0.00,0.00,0.00,2473.65,0.00,2473.65,69883.95,1336.05,0,0,0,0.00,0,F1,25,,,,,
2026-04-24,2026-04-24,FO,NSE,IDO,74003,,NIFTYNXT50,,2026-05-26,2026-05-26,72200.00,CE,NIFTYNXT5026MAY72200CE,0.00,0.00,0.00,2221.65,0.00,2221.65,69883.95,1123.70,0,0,0,0.00,0,F1,25,,,,,
2026-04-24,2026-04-24,FO,NSE,IDO,74385,,NIFTYNXT50,,2026-05-26,2026-05-26,73600.00,CE,NIFTYNXT5026MAY73600CE,0.00,0.00,0.00,1707.00,0.00,1707.00,69883.95,731.05,0,0,0,0.00,0,F1,25,,,,,
2026-04-24,2026-04-24,FO,NSE,IDO,41003,,NIFTYNXT50,,2026-06-30,2026-06-30,76300.00,PE,NIFTYNXT5026JUN76300PE,0.00,0.00,0.00,9535.30,0.00,9535.30,69883.95,6459.15,0,0,0,0.00,0,F1,25,,,,,
2026-04-24,2026-04-24,FO,NSE,IDO,38787,,NIFTYNXT50,,2026-06-30,2026-06-30,74900.00,PE,NIFTYNXT5026JUN74900PE,0.00,0.00,0.00,11148.75,0.00,11148.75,69883.95,5397.25,0,0,0,0.00,0,F1,25,,,,,
2026-04-24,2026-04-24,FO,NSE,IDO,35307,,NIFTYNXT50,,2026-06-30,2026-06-30,73800.00,PE,NIFTYNXT5026JUN73800PE,0.00,0.00,0.00,10843.30,0.00,10843.30,69883.95,4623.15,0,0,0,0.00,0,F1,25,,,,,
2026-04-24,2026-04-24,FO,NSE,IDO,35289,,NIFTYNXT50,,2026-06-30,2026-06-30,73300.00,PE,NIFTYNXT5026JUN73300PE,0.00,0.00,0.00,10388.85,0.00,10388.85,69883.95,4290.15,0,0,0,0.00,0,F1,25,,,,,
2026-04-24,2026-04-24,FO,NSE,IDO,82011,,NIFTYNXT50,,2026-06-30,2026-06-30,72100.00,PE,NIFTYNXT5026JUN72100PE,0.00,0.00,0.00,10701.55,0.00,10701.55,69883.95,3542.55,0,0,0,0.00,0,F1,25,,,,,
2026-04-24,2026-04-24,FO,NSE,IDO,81999,,NIFTYNXT50,,2026-06-30,2026-06-30,71600.00,PE,NIFTYNXT5026JUN71600PE,0.00,0.00,0.00,10245.60,0.00,10245.60,69883.95,3253.50,0,0,0,0.00,0,F1,25,,,,,
2026-04-24,2026-04-24,FO,NSE,IDO,81975,,NIFTYNXT50,,2026-06-30,2026-06-30,70400.00,PE,NIFTYNXT5026JUN70400PE,0.00,0.00,0.00,9170.30,0.00,9170.30,69883.95,2615.95,0,0,0,0.00,0,F1,25,,,,,
2026-04-24,2026-04-24,FO,NSE,IDO,81892,,NIFTYNXT50,,2026-06-30,2026-06-30,69400.00,PE,NIFTYNXT5026JUN69400PE,0.00,0.00,0.00,8298.15,0.00,8298.15,69883.95,2147.00,0,0,0,0.00,0,F1,25,,,,,
2026-04-24,2026-04-24,FO,NSE,IDO,81768,,NIFTYNXT50,,2026-06-30,2026-06-30,67000.00,PE,NIFTYNXT5026JUN67000PE,0.00,0.00,0.00,6320.25,0.00,6320.25,69883.95,1250.20,0,0,0,0.00,0,F1,25,,,,,
2026-04-24,2026-04-24,FO,NSE,IDO,81671,,NIFTYNXT50,,2026-06-30,2026-06-30,65600.00,PE,NIFTYNXT5026JUN65600PE,0.00,0.00,0.00,5259.90,0.00,5259.90,69883.95,870.15,0,0,0,0.00,0,F1,25,,,,,
2026-04-24,2026-04-24,FO,NSE,IDO,81562,,NIFTYNXT50,,2026-06-30,2026-06-30,63300.00,PE,NIFTYNXT5026JUN63300PE,0.00,0.00,0.00,3711.75,0.00,3711.75,69883.95,438.50,0,0,0,0.00,0,F1,25,,,,,
2026-04-24,2026-04-24,FO,NSE,IDO,81510,,NIFTYNXT50,,2026-06-30,2026-06-30,62700.00,PE,NIFTYNXT5026JUN62700PE,0.00,0.00,0.00,3352.15,0.00,3352.15,69883.95,359.45,0,0,0,0.00,0,F1,25,,,,,
2026-04-24,2026-04-24,FO,NSE,IDO,81506,,NIFTYNXT50,,2026-06-30,2026-06-30,62500.00,PE,NIFTYNXT5026JUN62500PE,0.00,0.00,0.00,3236.65,0.00,3236.65,69883.95,335.70,0,0,0,0.00,0,F1,25,,,,,
2026-04-24,2026-04-24,FO,NSE,IDO,81504,,NIFTYNXT50,,2026-06-30,2026-06-30,62400.00,PE,NIFTYNXT5026JUN62400PE,0.00,0.00,0.00,3179.70,0.00,3179.70,69883.95,324.35,0,0,0,0.00,0,F1,25,,,,,
2026-04-24,2026-04-24,FO,NSE,IDO,81340,,NIFTYNXT50,,2026-06-30,2026-06-30,59500.00,PE,NIFTYNXT5026JUN59500PE,0.00,0.00,0.00,1777.60,0.00,1777.60,69883.95,106.10,0,0,0,0.00,0,F1,25,,,,,
2026-04-24,2026-04-24,FO,NSE,IDO,81317,,NIFTYNXT50,,2026-06-30,2026-06-30,59000.00,PE,NIFTYNXT5026JUN59000PE,0.00,0.00,0.00,1585.00,0.00,1585.00,69883.95,85.40,0,0,0,0.00,0,F1,25,,,,,
2026-04-24,2026-04-24,FO,NSE,IDO,81283,,NIFTYNXT50,,2026-06-30,2026-06-30,58300.00,PE,NIFTYNXT5026JUN58300PE,0.00,0.00,0.00,1339.25,0.00,1339.25,69883.95,62.20,0,0,0,0.00,0,F1,25,,,,,
2026-04-24,2026-04-24,FO,NSE,IDO,81014,,NIFTYNXT50,,2026-06-30,2026-06-30,55500.00,PE,NIFTYNXT5026JUN55500PE,0.00,0.00,0.00,617.60,0.00,617.60,69883.95,14.80,0,0,0,0.00,0,F1,25,,,,,
2026-04-24,2026-04-24,FO,NSE,IDO,80947,,NIFTYNXT50,,2026-06-30,2026-06-30,54000.00,PE,NIFTYNXT5026JUN54000PE,0.00,0.00,0.00,377.95,0.00,377.95,69883.95,6.10,0,0,0,0.00,0,F1,25,,,,,
2026-04-24,2026-04-24,FO,NSE,IDO,80772,,NIFTYNXT50,,2026-06-30,2026-06-30,51000.00,PE,NIFTYNXT5026JUN51000PE,0.00,0.00,0.00,116.95,0.00,116.95,69883.95,0.80,0,0,0,0.00,0,F1,25,,,,,
2026-04-24,2026-04-24,FO,NSE,IDO,74543,,NIFTYNXT50,,2026-05-26,2026-05-26,76500.00,PE,NIFTYNXT5026MAY76500PE,0.00,0.00,0.00,6397.50,0.00,6397.50,69883.95,6457.50,0,0,0,0.00,0,F1,25,,,,,
2026-04-24,2026-04-24,FO,NSE,IDO,74541,,NIFTYNXT50,,2026-05-26,2026-05-26,76400.00,PE,NIFTYNXT5026MAY76400PE,0.00,0.00,0.00,6319.95,0.00,6319.95,69883.95,6368.25,0,0,0,0.00,0,F1,25,,,,,
2026-04-24,2026-04-24,FO,NSE,IDO,74508,,NIFTYNXT50,,2026-05-26,2026-05-26,75500.00,PE,NIFTYNXT5026MAY75500PE,0.00,0.00,0.00,5641.55,0.00,5641.55,69883.95,5581.85,0,0,0,0.00,0,F1,25,,,,,
2026-04-24,2026-04-24,FO,NSE,IDO,74391,,NIFTYNXT50,,2026-05-26,2026-05-26,73800.00,PE,NIFTYNXT5026MAY73800PE,0.00,0.00,0.00,4447.80,0.00,4447.80,69883.95,4196.25,0,0,0,0.00,0,F1,25,,,,,
2026-04-24,2026-04-24,FO,NSE,IDO,74083,,NIFTYNXT50,,2026-05-26,2026-05-26,73200.00,PE,NIFTYNXT5026MAY73200PE,0.00,0.00,0.00,4059.95,0.00,4059.95,69883.95,3744.70,0,0,0,0.00,0,F1,25,,,,,
2026-04-24,2026-04-24,FO,NSE,IDO,74046,,NIFTYNXT50,,2026-05-26,2026-05-26,72500.00,PE,NIFTYNXT5026MAY72500PE,0.00,0.00,0.00,3630.50,0.00,3630.50,69883.95,3248.60,0,0,0,0.00,0,F1,25,,,,,
2026-04-24,2026-04-24,FO,NSE,IDO,73911,,NIFTYNXT50,,2026-05-26,2026-05-26,71700.00,PE,NIFTYNXT5026MAY71700PE,0.00,0.00,0.00,3171.15,0.00,3171.15,69883.95,2724.25,0,0,0,0.00,0,F1,25,,,,,
2026-04-24,2026-04-24,FO,NSE,IDO,73899,,NIFTYNXT50,,2026-05-26,2026-05-26,71100.00,PE,NIFTYNXT5026MAY71100PE,0.00,0.00,0.00,2849.40,0.00,2849.40,69883.95,2362.90,0,0,0,0.00,0,F1,25,,,,,
2026-04-24,2026-04-24,FO,NSE,IDO,73652,,NIFTYNXT50,,2026-05-26,2026-05-26,67300.00,PE,NIFTYNXT5026MAY67300PE,0.00,0.00,0.00,1276.15,0.00,1276.15,69883.95,755.10,0,0,0,0.00,0,F1,25,,,,,
2026-04-24,2026-04-24,FO,NSE,IDO,73585,,NIFTYNXT50,,2026-05-26,2026-05-26,65600.00,PE,NIFTYNXT5026MAY65600PE,0.00,0.00,0.00,822.55,0.00,822.55,69883.95,383.70,0,0,0,0.00,0,F1,25,,,,,
2026-04-24,2026-04-24,FO,NSE,IDO,73578,,NIFTYNXT50,,2026-05-26,2026-05-26,65400.00,PE,NIFTYNXT5026MAY65400PE,0.00,0.00,0.00,778.15,0.00,778.15,69883.95,351.70,0,0,0,0.00,0,F1,25,,,,,
2026-04-24,2026-04-24,FO,NSE,IDO,73576,,NIFTYNXT50,,2026-05-26,2026-05-26,65300.00,PE,NIFTYNXT5026MAY65300PE,0.00,0.00,0.00,756.60,0.00,756.60,69883.95,336.50,0,0,0,0.00,0,F1,25,,,,,
2026-04-24,2026-04-24,FO,NSE,IDO,73572,,NIFTYNXT50,,2026-05-26,2026-05-26,65100.00,PE,NIFTYNXT5026MAY65100PE,0.00,0.00,0.00,714.85,0.00,714.85,69883.95,307.65,0,0,0,0.00,0,F1,25,,,,,
2026-04-24,2026-04-24,FO,NSE,IDO,73552,,NIFTYNXT50,,2026-05-26,2026-05-26,64200.00,PE,NIFTYNXT5026MAY64200PE,0.00,0.00,0.00,547.90,0.00,547.90,69883.95,201.00,0,0,0,0.00,0,F1,25,,,,,
2026-04-24,2026-04-24,FO,NSE,IDO,73420,,NIFTYNXT50,,2026-05-26,2026-05-26,61900.00,PE,NIFTYNXT5026MAY61900PE,0.00,0.00,0.00,254.95,0.00,254.95,69883.95,56.60,0,0,0,0.00,0,F1,25,,,,,
2026-04-24,2026-04-24,FO,NSE,IDO,73410,,NIFTYNXT50,,2026-05-26,2026-05-26,61600.00,PE,NIFTYNXT5026MAY61600PE,0.00,0.00,0.00,228.50,0.00,228.50,69883.95,47.00,0,0,0,0.00,0,F1,25,,,,,
2026-04-24,2026-04-24,FO,NSE,IDO,73378,,NIFTYNXT50,,2026-05-26,2026-05-26,60300.00,PE,NIFTYNXT5026MAY60300PE,0.00,0.00,0.00,138.20,0.00,138.20,69883.95,19.80,0,0,0,0.00,0,F1,25,,,,,
2026-04-24,2026-04-24,FO,NSE,IDO,43917,,NIFTYNXT50,,2026-05-26,2026-05-26,55600.00,PE,NIFTYNXT5026MAY55600PE,0.00,0.00,0.00,42.50,0.00,42.50,69883.95,0.35,0,0,0,0.00,0,F1,25,,,,,
2026-04-24,2026-04-24,FO,NSE,IDO,43911,,NIFTYNXT50,,2026-05-26,2026-05-26,55200.00,PE,NIFTYNXT5026MAY55200PE,0.00,0.00,0.00,34.45,0.00,34.45,69883.95,0.25,0,0,0,0.00,0,F1,25,,,,,
2026-04-24,2026-04-24,FO,NSE,IDO,43903,,NIFTYNXT50,,2026-05-26,2026-05-26,54800.00,PE,NIFTYNXT5026MAY54800PE,0.00,0.00,0.00,27.75,0.00,27.75,69883.95,0.15,0,0,0,0.00,0,F1,25,,,,,
2026-04-24,2026-04-24,FO,NSE,IDO,49901,,NIFTYNXT50,,2026-05-26,2026-05-26,54600.00,PE,NIFTYNXT5026MAY54600PE,0.00,0.00,0.00,29.50,0.00,29.50,69883.95,0.15,0,0,0,0.00,0,F1,25,,,,,
2026-04-24,2026-04-24,FO,NSE,IDO,73126,,NIFTYNXT50,,2026-05-26,2026-05-26,54500.00,PE,NIFTYNXT5026MAY54500PE,0.00,0.00,0.00,7.65,0.00,7.65,69883.95,0.10,0,0,0,0.00,0,F1,25,,,,,
2026-04-24,2026-04-24,FO,NSE,IDO,74600,,NIFTYNXT50,,2026-04-28,2026-04-28,81000.00,PE,NIFTYNXT5026APR81000PE,0.00,0.00,0.00,13160.90,0.00,13160.90,69883.95,11064.60,0,0,0,0.00,0,F1,25,,,,,
2026-04-24,2026-04-24,FO,NSE,IDO,74593,,NIFTYNXT50,,2026-04-28,2026-04-28,80500.00,PE,NIFTYNXT5026APR80500PE,0.00,0.00,0.00,12684.90,0.00,12684.90,69883.95,10564.90,0,0,0,0.00,0,F1,25,,,,,
2026-04-24,2026-04-24,FO,NSE,IDO,74371,,NIFTYNXT50,,2026-04-28,2026-04-28,76100.00,PE,NIFTYNXT5026APR76100PE,0.00,0.00,0.00,8641.40,0.00,8641.40,69883.95,6167.80,0,0,0,0.00,0,F1,25,,,,,
2026-04-24,2026-04-24,FO,NSE,IDO,74359,,NIFTYNXT50,,2026-04-28,2026-04-28,75600.00,PE,NIFTYNXT5026APR75600PE,0.00,0.00,0.00,8205.80,0.00,8205.80,69883.95,5668.35,0,0,0,0.00,0,F1,25,,,,,
2026-04-24,2026-04-24,FO,NSE,IDO,74355,,NIFTYNXT50,,2026-04-28,2026-04-28,75400.00,PE,NIFTYNXT5026APR75400PE,0.00,0.00,0.00,8033.35,0.00,8033.35,69883.95,5468.60,0,0,0,0.00,0,F1,25,,,,,
2026-04-24,2026-04-24,FO,NSE,IDO,74287,,NIFTYNXT50,,2026-04-28,2026-04-28,72100.00,PE,NIFTYNXT5026APR72100PE,0.00,0.00,0.00,5378.50,0.00,5378.50,69883.95,2255.10,0,0,0,0.00,0,F1,25,,,,,
2026-04-24,2026-04-24,FO,NSE,IDO,74145,,NIFTYNXT50,,2026-04-28,2026-04-28,68700.00,PE,NIFTYNXT5026APR68700PE,0.00,0.00,0.00,3136.40,0.00,3136.40,69883.95,227.40,0,0,0,0.00,0,F1,25,,,,,
2026-04-24,2026-04-24,FO,NSE,IDO,74075,,NIFTYNXT50,,2026-04-28,2026-04-28,67500.00,PE,NIFTYNXT5026APR67500PE,0.00,0.00,0.00,2496.80,0.00,2496.80,69883.95,53.70,0,0,0,0.00,0,F1,25,,,,,
2026-04-24,2026-04-24,FO,NSE,IDO,74069,,NIFTYNXT50,,2026-04-28,2026-04-28,67400.00,PE,NIFTYNXT5026APR67400PE,0.00,0.00,0.00,2447.55,0.00,2447.55,69883.95,46.70,0,0,0,0.00,0,F1,25,,,,,
2026-04-24,2026-04-24,FO,NSE,IDO,74061,,NIFTYNXT50,,2026-04-28,2026-04-28,67300.00,PE,NIFTYNXT5026APR67300PE,0.00,0.00,0.00,2398.65,0.00,2398.65,69883.95,40.50,0,0,0,0.00,0,F1,25,,,,,
2026-04-24,2026-04-24,FO,NSE,IDO,74051,,NIFTYNXT50,,2026-04-28,2026-04-28,67100.00,PE,NIFTYNXT5026APR67100PE,0.00,0.00,0.00,2302.65,0.00,2302.65,69883.95,30.15,0,0,0,0.00,0,F1,25,,,,,
2026-04-24,2026-04-24,FO,NSE,IDO,74049,,NIFTYNXT50,,2026-04-28,2026-04-28,67000.00,PE,NIFTYNXT5026APR67000PE,45.05,123.00,37.95,44.15,38.95,45.05,69883.95,44.15,1075,825,54,90539723.75,28,F1,25,,,,,
2026-04-24,2026-04-24,FO,NSE,IDO,73997,,NIFTYNXT50,,2026-04-28,2026-04-28,65100.00,PE,NIFTYNXT5026APR65100PE,0.00,0.00,0.00,1473.15,0.00,1473.15,69883.95,0.75,0,0,0,0.00,0,F1,25,,,,,
2026-04-24,2026-04-24,FO,NSE,IDO,73991,,NIFTYNXT50,,2026-04-28,2026-04-28,64900.00,PE,NIFTYNXT5026APR64900PE,0.00,0.00,0.00,1403.05,0.00,1403.05,69883.95,0.50,0,0,0,0.00,0,F1,25,,,,,
2026-04-24,2026-04-24,FO,NSE,IDO,73968,,NIFTYNXT50,,2026-04-28,2026-04-28,64100.00,PE,NIFTYNXT5026APR64100PE,0.00,0.00,0.00,1145.45,0.00,1145.45,69883.95,0.10,0,0,0,0.00,0,F1,25,,,,,
2026-04-24,2026-04-24,FO,NSE,IDO,73958,,NIFTYNXT50,,2026-04-28,2026-04-28,63800.00,PE,NIFTYNXT5026APR63800PE,0.00,0.00,0.00,1058.00,0.00,1058.00,69883.95,0.05,0,0,0,0.00,0,F1,25,,,,,
2026-04-24,2026-04-24,FO,NSE,IDO,73932,,NIFTYNXT50,,2026-04-28,2026-04-28,62500.00,PE,NIFTYNXT5026APR62500PE,0.00,0.00,0.00,734.35,0.00,734.35,69883.95,0.00,0,0,0,0.00,0,F1,25,,,,,
2026-04-24,2026-04-24,FO,NSE,IDO,73811,,NIFTYNXT50,,2026-04-28,2026-04-28,59900.00,PE,NIFTYNXT5026APR59900PE,0.00,0.00,0.00,312.75,0.00,312.75,69883.95,0.00,0,0,0,0.00,0,F1,25,,,,,
2026-04-24,2026-04-24,FO,NSE,IDO,73801,,NIFTYNXT50,,2026-04-28,2026-04-28,59500.00,PE,NIFTYNXT5026APR59500PE,0.00,0.00,0.00,269.95,0.00,269.95,69883.95,0.00,0,0,0,0.00,0,F1,25,,,,,
2026-04-24,2026-04-24,FO,NSE,IDO,73759,,NIFTYNXT50,,2026-04-28,2026-04-28,57800.00,PE,NIFTYNXT5026APR57800PE,0.00,0.00,0.00,137.05,0.00,137.05,69883.95,0.00,0,0,0,0.00,0,F1,25,,,,,
2026-04-24,2026-04-24,FO,NSE,IDO,73701,,NIFTYNXT50,,2026-04-28,2026-04-28,56300.00,PE,NIFTYNXT5026APR56300PE,0.00,0.00,0.00,69.80,0.00,69.80,69883.95,0.00,0,0,0,0.00,0,F1,25,,,,,
2026-04-24,2026-04-24,FO,NSE,IDO,73679,,NIFTYNXT50,,2026-04-28,2026-04-28,55900.00,PE,NIFTYNXT5026APR55900PE,0.00,0.00,0.00,57.55,0.00,57.55,69883.95,0.00,0,0,0,0.00,0,F1,25,,,,,
2026-04-24,2026-04-24,FO,NSE,IDO,73546,,NIFTYNXT50,,2026-04-28,2026-04-28,55500.00,PE,NIFTYNXT5026APR55500PE,0.00,0.00,0.00,47.20,0.00,47.20,69883.95,0.00,0,0,0,0.00,0,F1,25,,,,,
2026-04-24,2026-04-24,FO,NSE,IDO,73516,,NIFTYNXT50,,2026-04-28,2026-04-28,55300.00,PE,NIFTYNXT5026APR55300PE,0.00,0.00,0.00,42.65,0.00,42.65,69883.95,0.00,0,0,0,0.00,0,F1,25,,,,,
2026-04-24,2026-04-24,FO,NSE,IDO,49883,,NIFTYNXT50,,2026-04-28,2026-04-28,54100.00,PE,NIFTYNXT5026APR54100PE,0.00,0.00,0.00,3.80,0.00,3.80,69883.95,0.00,0,0,0,0.00,0,F1,25,,,,,
2026-04-24,2026-04-24,FO,NSE,IDO,82127,,NIFTYNXT50,,2026-06-30,2026-06-30,81500.00,CE,NIFTYNXT5026JUN81500CE,0.00,0.00,0.00,13.35,0.00,13.35,69883.95,252.35,0,0,0,0.00,0,F1,25,,,,,
2026-04-24,2026-04-24,FO,NSE,IDO,38774,,NIFTYNXT50,,2026-06-30,2026-06-30,74300.00,CE,NIFTYNXT5026JUN74300CE,0.00,0.00,0.00,263.90,0.00,263.90,69883.95,1396.90,0,0,0,0.00,0,F1,25,,,,,
2026-04-24,2026-04-24,FO,NSE,IDO,35290,,NIFTYNXT50,,2026-06-30,2026-06-30,73400.00,CE,NIFTYNXT5026JUN73400CE,0.00,0.00,0.00,292.65,0.00,292.65,69883.95,1674.30,0,0,0,0.00,0,F1,25,,,,,
2026-04-24,2026-04-24,FO,NSE,IDO,82032,,NIFTYNXT50,,2026-06-30,2026-06-30,73000.00,CE,NIFTYNXT5026JUN73000CE,0.00,0.00,0.00,189.40,0.00,189.40,69883.95,1810.30,0,0,0,0.00,0,F1,25,,,,,
2026-04-24,2026-04-24,FO,NSE,IDO,35268,,NIFTYNXT50,,2026-06-30,2026-06-30,72600.00,CE,NIFTYNXT5026JUN72600CE,0.00,0.00,0.00,359.25,0.00,359.25,69883.95,1954.40,0,0,0,0.00,0,F1,25,,,,,
2026-04-24,2026-04-24,FO,NSE,IDO,82000,,NIFTYNXT50,,2026-06-30,2026-06-30,71700.00,CE,NIFTYNXT5026JUN71700CE,0.00,0.00,0.00,270.60,0.00,270.60,69883.95,2309.45,0,0,0,0.00,0,F1,25,,,,,
2026-04-24,2026-04-24,FO,NSE,IDO,81777,,NIFTYNXT50,,2026-06-30,2026-06-30,67500.00,CE,NIFTYNXT5026JUN67500CE,0.00,0.00,0.00,775.75,0.00,775.75,69883.95,4562.40,0,0,0,0.00,0,F1,25,,,,,
2026-04-24,2026-04-24,FO,NSE,IDO,81626,,NIFTYNXT50,,2026-06-30,2026-06-30,64400.00,CE,NIFTYNXT5026JUN64400CE,0.00,0.00,0.00,1523.40,0.00,1523.40,69883.95,6833.75,0,0,0,0.00,0,F1,25,,,,,
2026-04-24,2026-04-24,FO,NSE,IDO,81545,,NIFTYNXT50,,2026-06-30,2026-06-30,63100.00,CE,NIFTYNXT5026JUN63100CE,0.00,0.00,0.00,1969.85,0.00,1969.85,69883.95,7912.20,0,0,0,0.00,0,F1,25,,,,,
2026-04-24,2026-04-24,FO,NSE,IDO,81214,,NIFTYNXT50,,2026-06-30,2026-06-30,56500.00,CE,NIFTYNXT5026JUN56500CE,0.00,0.00,0.00,5692.65,0.00,5692.65,69883.95,14051.95,0,0,0,0.00,0,F1,25,,,,,
2026-04-24,2026-04-24,FO,NSE,IDO,80999,,NIFTYNXT50,,2026-06-30,2026-06-30,55000.00,CE,NIFTYNXT5026JUN55000CE,0.00,0.00,0.00,6862.70,0.00,6862.70,69883.95,15520.45,0,0,0,0.00,0,F1,25,,,,,
2026-04-24,2026-04-24,FO,NSE,IDO,80743,,NIFTYNXT50,,2026-06-30,2026-06-30,50500.00,CE,NIFTYNXT5026JUN50500CE,0.00,0.00,0.00,10847.95,0.00,10847.95,69883.95,19958.70,0,0,0,0.00,0,F1,25,,,,,
2026-04-24,2026-04-24,FO,NSE,IDO,74631,,NIFTYNXT50,,2026-05-26,2026-05-26,79000.00,CE,NIFTYNXT5026MAY79000CE,0.00,0.00,0.00,524.40,0.00,524.40,69883.95,90.80,0,0,0,0.00,0,F1,25,,,,,
2026-04-24,2026-04-24,FO,NSE,IDO,74529,,NIFTYNXT50,,2026-05-26,2026-05-26,76200.00,CE,NIFTYNXT5026MAY76200CE,0.00,0.00,0.00,999.25,0.00,999.25,69883.95,289.90,0,0,0,0.00,0,F1,25,,,,,
2026-04-24,2026-04-24,FO,NSE,IDO,74521,,NIFTYNXT50,,2026-05-26,2026-05-26,75800.00,CE,NIFTYNXT5026MAY75800CE,0.00,0.00,0.00,1091.80,0.00,1091.80,69883.95,337.35,0,0,0,0.00,0,F1,25,,,,,
2026-04-24,2026-04-24,FO,NSE,IDO,74503,,NIFTYNXT50,,2026-05-26,2026-05-26,75400.00,CE,NIFTYNXT5026MAY75400CE,0.00,0.00,0.00,1184.90,0.00,1184.90,69883.95,391.15,0,0,0,0.00,0,F1,25,,,,,
2026-04-24,2026-04-24,FO,NSE,IDO,73711,,NIFTYNXT50,,2026-04-28,2026-04-28,56800.00,CE,NIFTYNXT5026APR56800CE,0.00,0.00,0.00,10854.55,0.00,10854.55,69883.95,13120.05,0,0,0,0.00,0,F1,25,,,,,
2026-04-24,2026-04-24,FO,NSE,IDO,73742,,NIFTYNXT50,,2026-04-28,2026-04-28,57500.00,CE,NIFTYNXT5026APR57500CE,0.00,0.00,0.00,10197.55,0.00,10197.55,69883.95,12420.50,0,0,0,0.00,0,F1,25,,,,,
2026-04-24,2026-04-24,FO,NSE,IDO,73798,,NIFTYNXT50,,2026-04-28,2026-04-28,59400.00,CE,NIFTYNXT5026APR59400CE,0.00,0.00,0.00,8466.20,0.00,8466.20,69883.95,10521.70,0,0,0,0.00,0,F1,25,,,,,
2026-04-24,2026-04-24,FO,NSE,IDO,73800,,NIFTYNXT50,,2026-04-28,2026-04-28,59500.00,CE,NIFTYNXT5026APR59500CE,0.00,0.00,0.00,8377.70,0.00,8377.70,69883.95,10421.80,0,0,0,0.00,0,F1,25,,,,,
2026-04-24,2026-04-24,FO,NSE,IDO,73824,,NIFTYNXT50,,2026-04-28,2026-04-28,60600.00,CE,NIFTYNXT5026APR60600CE,0.00,0.00,0.00,7424.95,0.00,7424.95,69883.95,9322.50,0,0,0,0.00,0,F1,25,,,,,
2026-04-24,2026-04-24,FO,NSE,IDO,73830,,NIFTYNXT50,,2026-04-28,2026-04-28,60900.00,CE,NIFTYNXT5026APR60900CE,0.00,0.00,0.00,7172.45,0.00,7172.45,69883.95,9022.65,0,0,0,0.00,0,F1,25,,,,,
2026-04-24,2026-04-24,FO,NSE,IDO,73837,,NIFTYNXT50,,2026-04-28,2026-04-28,61100.00,CE,NIFTYNXT5026APR61100CE,0.00,0.00,0.00,7006.05,0.00,7006.05,69883.95,8822.80,0,0,0,0.00,0,F1,25,,,,,
2026-04-24,2026-04-24,FO,NSE,IDO,73861,,NIFTYNXT50,,2026-04-28,2026-04-28,61800.00,CE,NIFTYNXT5026APR61800CE,0.00,0.00,0.00,6436.35,0.00,6436.35,69883.95,8123.25,0,0,0,0.00,0,F1,25,,,,,
2026-04-24,2026-04-24,FO,NSE,IDO,73927,,NIFTYNXT50,,2026-04-28,2026-04-28,62300.00,CE,NIFTYNXT5026APR62300CE,0.00,0.00,0.00,6042.40,0.00,6042.40,69883.95,7623.55,0,0,0,0.00,0,F1,25,,,,,
2026-04-24,2026-04-24,FO,NSE,IDO,73929,,NIFTYNXT50,,2026-04-28,2026-04-28,62400.00,CE,NIFTYNXT5026APR62400CE,0.00,0.00,0.00,5965.00,0.00,5965.00,69883.95,7523.60,0,0,0,0.00,0,F1,25,,,,,
2026-04-24,2026-04-24,FO,NSE,IDO,73947,,NIFTYNXT50,,2026-04-28,2026-04-28,63300.00,CE,NIFTYNXT5026APR63300CE,0.00,0.00,0.00,5292.25,0.00,5292.25,69883.95,6624.20,0,0,0,0.00,0,F1,25,,,,,
2026-04-24,2026-04-24,FO,NSE,IDO,73979,,NIFTYNXT50,,2026-04-28,2026-04-28,64600.00,CE,NIFTYNXT5026APR64600CE,0.00,0.00,0.00,4388.10,0.00,4388.10,69883.95,5325.25,0,0,0,0.00,0,F1,25,,,,,
2026-04-24,2026-04-24,FO,NSE,IDO,73981,,NIFTYNXT50,,2026-04-28,2026-04-28,64700.00,CE,NIFTYNXT5026APR64700CE,0.00,0.00,0.00,4322.65,0.00,4322.65,69883.95,5225.35,0,0,0,0.00,0,F1,25,,,,,
2026-04-24,2026-04-24,FO,NSE,IDO,74039,,NIFTYNXT50,,2026-04-28,2026-04-28,66700.00,CE,NIFTYNXT5026APR66700CE,0.00,0.00,0.00,3135.80,0.00,3135.80,69883.95,3242.40,0,0,0,0.00,0,F1,25,,,,,
2026-04-24,2026-04-24,FO,NSE,IDO,74062,,NIFTYNXT50,,2026-04-28,2026-04-28,67400.00,CE,NIFTYNXT5026APR67400CE,0.00,0.00,0.00,2776.30,0.00,2776.30,69883.95,2573.45,0,0,0,0.00,0,F1,25,,,,,
2026-04-24,2026-04-24,FO,NSE,IDO,74118,,NIFTYNXT50,,2026-04-28,2026-04-28,67900.00,CE,NIFTYNXT5026APR67900CE,0.00,0.00,0.00,2537.00,0.00,2537.00,69883.95,2118.10,0,0,0,0.00,0,F1,25,,,,,
2026-04-24,2026-04-24,FO,NSE,IDO,74160,,NIFTYNXT50,,2026-04-28,2026-04-28,69200.00,CE,NIFTYNXT5026APR69200CE,0.00,0.00,0.00,1983.65,0.00,1983.65,69883.95,1097.50,0,0,0,0.00,0,F1,25,,,,,
2026-04-24,2026-04-24,FO,NSE,IDO,74182,,NIFTYNXT50,,2026-04-28,2026-04-28,69500.00,CE,NIFTYNXT5026APR69500CE,0.00,0.00,0.00,1869.55,0.00,1869.55,69883.95,908.80,0,0,0,0.00,0,F1,25,,,,,
2026-04-24,2026-04-24,FO,NSE,IDO,74274,,NIFTYNXT50,,2026-04-28,2026-04-28,71600.00,CE,NIFTYNXT5026APR71600CE,140.15,140.15,9.75,36.10,36.10,140.15,69883.95,149.70,250,25,8,14336688.75,5,F1,25,,,,,
2026-04-24,2026-04-24,FO,NSE,IDO,74284,,NIFTYNXT50,,2026-04-28,2026-04-28,72000.00,CE,NIFTYNXT5026APR72000CE,151.85,151.90,20.00,30.25,38.50,282.60,69883.95,30.25,675,600,238,428598628.75,71,F1,25,,,,,
2026-04-24,2026-04-24,FO,NSE,IDO,74294,,NIFTYNXT50,,2026-04-28,2026-04-28,72400.00,CE,NIFTYNXT5026APR72400CE,0.00,0.00,0.00,1008.70,0.00,1008.70,69883.95,58.70,0,0,0,0.00,0,F1,25,,,,,
2026-04-24,2026-04-24,FO,NSE,IDO,74310,,NIFTYNXT50,,2026-04-28,2026-04-28,73200.00,CE,NIFTYNXT5026APR73200CE,0.00,0.00,0.00,835.55,0.00,835.55,69883.95,19.80,0,0,0,0.00,0,F1,25,,,,,
2026-04-24,2026-04-24,FO,NSE,IDO,74328,,NIFTYNXT50,,2026-04-28,2026-04-28,74100.00,CE,NIFTYNXT5026APR74100CE,0.00,0.00,0.00,672.60,0.00,672.60,69883.95,4.85,0,0,0,0.00,0,F1,25,,,,,
2026-04-24,2026-04-24,FO,NSE,IDO,74336,,NIFTYNXT50,,2026-04-28,2026-04-28,74500.00,CE,NIFTYNXT5026APR74500CE,20.00,20.00,12.00,12.00,12.00,609.15,69883.95,2.45,1525,1525,61,113642800.00,4,F1,25,,,,,
2026-04-24,2026-04-24,FO,NSE,IDO,74338,,NIFTYNXT50,,2026-04-28,2026-04-28,74600.00,CE,NIFTYNXT5026APR74600CE,20.90,22.00,3.80,5.25,5.25,19.00,69883.95,2.05,950,75,38,70884738.75,22,F1,25,,,,,
2026-04-24,2026-04-24,FO,NSE,IDO,74346,,NIFTYNXT50,,2026-04-28,2026-04-28,75000.00,CE,NIFTYNXT5026APR75000CE,0.00,0.00,0.00,537.00,0.00,537.00,69883.95,1.00,0,0,0,0.00,0,F1,25,,,,,
