TradDt,BizDt,Sgmt,Src,FinInstrmTp,FinInstrmId,ISIN,TckrSymb,SctySrs,XpryDt,FininstrmActlXpryDt,StrkPric,OptnTp,FinInstrmNm,OpnPric,HghPric,LwPric,ClsPric,LastPric,PrvsClsgPric,UndrlygPric,SttlmPric,OpnIntrst,ChngInOpnIntrst,TtlTradgVol,TtlTrfVal,TtlNbOfTxsExctd,SsnId,NewBrdLotQty,Rmks,Rsvd1,Rsvd2,Rsvd3,Rsvd4
2026-06-08,2026-06-08,FO,NSE,IDO,60645,,MIDCPNIFTY,,2026-08-25,2026-08-25,15075.00,CE,MIDCPNIFTY26AUG15075CE,0.00,0.00,0.00,620.00,0.00,620.00,13994.75,289.15,0,0,0,0.00,0,F1,120,,,,,
2026-06-08,2026-06-08,FO,NSE,IDO,60675,,MIDCPNIFTY,,2026-08-25,2026-08-25,15325.00,CE,MIDCPNIFTY26AUG15325CE,0.00,0.00,0.00,519.10,0.00,519.10,13994.75,228.55,0,0,0,0.00,0,F1,120,,,,,
2026-06-08,2026-06-08,FO,NSE,IDO,60677,,MIDCPNIFTY,,2026-08-25,2026-08-25,15350.00,CE,MIDCPNIFTY26AUG15350CE,0.00,0.00,0.00,509.70,0.00,509.70,13994.75,223.10,0,0,0,0.00,0,F1,120,,,,,
2026-06-08,2026-06-08,FO,NSE,IDO,60683,,MIDCPNIFTY,,2026-08-25,2026-08-25,15400.00,CE,MIDCPNIFTY26AUG15400CE,0.00,0.00,0.00,491.35,0.00,491.35,13994.75,211.85,0,0,0,0.00,0,F1,120,,,,,
2026-06-08,2026-06-08,FO,NSE,IDO,60727,,MIDCPNIFTY,,2026-08-25,2026-08-25,15800.00,CE,MIDCPNIFTY26AUG15800CE,0.00,0.00,0.00,361.95,0.00,361.95,13994.75,140.70,0,0,0,0.00,0,F1,120,,,,,
2026-06-08,2026-06-08,FO,NSE,IDO,78023,,MIDCPNIFTY,,2026-06-30,2026-06-30,10900.00,PE,MIDCPNIFTY26JUN10900PE,0.00,0.00,0.00,96.10,0.00,96.10,13994.75,0.00,0,0,0,0.00,0,F1,120,,,,,
2026-06-08,2026-06-08,FO,NSE,IDO,78025,,MIDCPNIFTY,,2026-06-30,2026-06-30,10925.00,PE,MIDCPNIFTY26JUN10925PE,0.00,0.00,0.00,99.95,0.00,99.95,13994.75,0.00,0,0,0,0.00,0,F1,120,,,,,
2026-06-08,2026-06-08,FO,NSE,IDO,78069,,MIDCPNIFTY,,2026-06-30,2026-06-30,11025.00,PE,MIDCPNIFTY26JUN11025PE,0.00,0.00,0.00,116.45,0.00,116.45,13994.75,0.00,0,0,0,0.00,0,F1,120,,,,,
2026-06-08,2026-06-08,FO,NSE,IDO,78084,,MIDCPNIFTY,,2026-06-30,2026-06-30,11125.00,PE,MIDCPNIFTY26JUN11125PE,0.00,0.00,0.00,134.90,0.00,134.90,13994.75,0.00,0,0,0,0.00,0,F1,120,,,,,
2026-06-08,2026-06-08,FO,NSE,IDO,78094,,MIDCPNIFTY,,2026-06-30,2026-06-30,11250.00,PE,MIDCPNIFTY26JUN11250PE,0.00,0.00,0.00,160.85,0.00,160.85,13994.75,0.05,0,0,0,0.00,0,F1,120,,,,,
2026-06-08,2026-06-08,FO,NSE,IDO,78102,,MIDCPNIFTY,,2026-06-30,2026-06-30,11350.00,PE,MIDCPNIFTY26JUN11350PE,0.00,0.00,0.00,184.15,0.00,184.15,13994.75,0.05,0,0,0,0.00,0,F1,120,,,,,
2026-06-08,2026-06-08,FO,NSE,IDO,78120,,MIDCPNIFTY,,2026-06-30,2026-06-30,11575.00,PE,MIDCPNIFTY26JUN11575PE,0.00,0.00,0.00,244.90,0.00,244.90,13994.75,0.10,0,0,0,0.00,0,F1,120,,,,,
2026-06-08,2026-06-08,FO,NSE,IDO,78126,,MIDCPNIFTY,,2026-06-30,2026-06-30,11650.00,PE,MIDCPNIFTY26JUN11650PE,0.00,0.00,0.00,268.05,0.00,268.05,13994.75,0.15,0,0,0,0.00,0,F1,120,,,,,
2026-06-08,2026-06-08,FO,NSE,IDO,78266,,MIDCPNIFTY,,2026-06-30,2026-06-30,12100.00,PE,MIDCPNIFTY26JUN12100PE,4.85,6.15,4.85,5.90,6.15,5.00,13994.75,5.90,1200,240,6,8715984.00,3,F1,120,,,,,
2026-06-08,2026-06-08,FO,NSE,IDO,78274,,MIDCPNIFTY,,2026-06-30,2026-06-30,12175.00,PE,MIDCPNIFTY26JUN12175PE,0.00,0.00,0.00,4.40,4.40,4.40,13994.75,1.75,240,0,0,0.00,0,F1,120,,,,,
2026-06-08,2026-06-08,FO,NSE,IDO,78288,,MIDCPNIFTY,,2026-06-30,2026-06-30,12350.00,PE,MIDCPNIFTY26JUN12350PE,0.00,0.00,0.00,3.00,3.00,3.00,13994.75,3.60,120,0,0,0.00,0,F1,120,,,,,
2026-06-08,2026-06-08,FO,NSE,IDO,78300,,MIDCPNIFTY,,2026-06-30,2026-06-30,12450.00,PE,MIDCPNIFTY26JUN12450PE,6.85,10.20,6.85,9.15,10.20,5.25,13994.75,9.15,9960,9240,94,140529324.00,64,F1,120,,,,,
2026-06-08,2026-06-08,FO,NSE,IDO,78308,,MIDCPNIFTY,,2026-06-30,2026-06-30,12550.00,PE,MIDCPNIFTY26JUN12550PE,9.25,12.35,8.05,12.05,12.35,6.10,13994.75,12.05,9000,600,20,30143394.00,13,F1,120,,,,,
2026-06-08,2026-06-08,FO,NSE,IDO,60642,,MIDCPNIFTY,,2026-08-25,2026-08-25,15025.00,PE,MIDCPNIFTY26AUG15025PE,0.00,0.00,0.00,769.15,0.00,769.15,13994.75,1117.60,0,0,0,0.00,0,F1,120,,,,,
2026-06-08,2026-06-08,FO,NSE,IDO,60634,,MIDCPNIFTY,,2026-08-25,2026-08-25,14950.00,PE,MIDCPNIFTY26AUG14950PE,0.00,0.00,0.00,728.95,0.00,728.95,13994.75,1065.25,0,0,0,0.00,0,F1,120,,,,,
2026-06-08,2026-06-08,FO,NSE,IDO,60626,,MIDCPNIFTY,,2026-08-25,2026-08-25,14900.00,PE,MIDCPNIFTY26AUG14900PE,0.00,0.00,0.00,702.85,0.00,702.85,13994.75,1030.95,0,0,0,0.00,0,F1,120,,,,,
2026-06-08,2026-06-08,FO,NSE,IDO,60624,,MIDCPNIFTY,,2026-08-25,2026-08-25,14875.00,PE,MIDCPNIFTY26AUG14875PE,0.00,0.00,0.00,689.95,0.00,689.95,13994.75,1014.05,0,0,0,0.00,0,F1,120,,,,,
2026-06-08,2026-06-08,FO,NSE,IDO,60550,,MIDCPNIFTY,,2026-08-25,2026-08-25,14275.00,PE,MIDCPNIFTY26AUG14275PE,0.00,0.00,0.00,423.15,0.00,423.15,13994.75,650.50,0,0,0,0.00,0,F1,120,,,,,
2026-06-08,2026-06-08,FO,NSE,IDO,60540,,MIDCPNIFTY,,2026-08-25,2026-08-25,14250.00,PE,MIDCPNIFTY26AUG14250PE,0.00,0.00,0.00,413.75,0.00,413.75,13994.75,637.20,0,0,0,0.00,0,F1,120,,,,,
2026-06-08,2026-06-08,FO,NSE,IDO,60536,,MIDCPNIFTY,,2026-08-25,2026-08-25,14200.00,PE,MIDCPNIFTY26AUG14200PE,0.00,0.00,0.00,395.40,0.00,395.40,13994.75,611.15,0,0,0,0.00,0,F1,120,,,,,
2026-06-08,2026-06-08,FO,NSE,IDO,60528,,MIDCPNIFTY,,2026-08-25,2026-08-25,14175.00,PE,MIDCPNIFTY26AUG14175PE,0.00,0.00,0.00,386.40,0.00,386.40,13994.75,598.40,0,0,0,0.00,0,F1,120,,,,,
2026-06-08,2026-06-08,FO,NSE,IDO,60479,,MIDCPNIFTY,,2026-08-25,2026-08-25,13650.00,PE,MIDCPNIFTY26AUG13650PE,0.00,0.00,0.00,228.75,0.00,228.75,13994.75,366.70,0,0,0,0.00,0,F1,120,,,,,
2026-06-08,2026-06-08,FO,NSE,IDO,60444,,MIDCPNIFTY,,2026-08-25,2026-08-25,13400.00,PE,MIDCPNIFTY26AUG13400PE,0.00,0.00,0.00,172.65,0.00,172.65,13994.75,280.80,0,0,0,0.00,0,F1,120,,,,,
2026-06-08,2026-06-08,FO,NSE,IDO,60393,,MIDCPNIFTY,,2026-08-25,2026-08-25,12975.00,PE,MIDCPNIFTY26AUG12975PE,0.00,0.00,0.00,101.50,0.00,101.50,13994.75,168.80,0,0,0,0.00,0,F1,120,,,,,
2026-06-08,2026-06-08,FO,NSE,IDO,60362,,MIDCPNIFTY,,2026-08-25,2026-08-25,12775.00,PE,MIDCPNIFTY26AUG12775PE,0.00,0.00,0.00,77.10,0.00,77.10,13994.75,129.25,0,0,0,0.00,0,F1,120,,,,,
2026-06-08,2026-06-08,FO,NSE,IDO,60352,,MIDCPNIFTY,,2026-08-25,2026-08-25,12675.00,PE,MIDCPNIFTY26AUG12675PE,0.00,0.00,0.00,66.75,0.00,66.75,13994.75,112.30,0,0,0,0.00,0,F1,120,,,,,
2026-06-08,2026-06-08,FO,NSE,IDO,63578,,MIDCPNIFTY,,2026-07-28,2026-07-28,15500.00,PE,MIDCPNIFTY26JUL15500PE,0.00,0.00,0.00,1538.35,0.00,1538.35,13994.75,1457.70,0,0,0,0.00,0,F1,120,,,,,
2026-06-08,2026-06-08,FO,NSE,IDO,63576,,MIDCPNIFTY,,2026-07-28,2026-07-28,15475.00,PE,MIDCPNIFTY26JUL15475PE,0.00,0.00,0.00,1519.00,0.00,1519.00,13994.75,1436.30,0,0,0,0.00,0,F1,120,,,,,
2026-06-08,2026-06-08,FO,NSE,IDO,63558,,MIDCPNIFTY,,2026-07-28,2026-07-28,15250.00,PE,MIDCPNIFTY26JUL15250PE,0.00,0.00,0.00,1349.00,0.00,1349.00,13994.75,1248.65,0,0,0,0.00,0,F1,120,,,,,
2026-06-08,2026-06-08,FO,NSE,IDO,63476,,MIDCPNIFTY,,2026-07-28,2026-07-28,14250.00,PE,MIDCPNIFTY26JUL14250PE,0.00,0.00,0.00,710.20,0.00,710.20,13994.75,555.30,0,0,0,0.00,0,F1,120,,,,,
2026-06-08,2026-06-08,FO,NSE,IDO,63460,,MIDCPNIFTY,,2026-07-28,2026-07-28,14050.00,PE,MIDCPNIFTY26JUL14050PE,608.30,608.30,608.30,608.30,608.30,608.30,13994.75,451.25,120,120,1,1758996.00,1,F1,120,,,,,
2026-06-08,2026-06-08,FO,NSE,IDO,63432,,MIDCPNIFTY,,2026-07-28,2026-07-28,13750.00,PE,MIDCPNIFTY26JUL13750PE,0.00,0.00,0.00,472.75,0.00,472.75,13994.75,319.10,0,0,0,0.00,0,F1,120,,,,,
2026-06-08,2026-06-08,FO,NSE,IDO,63428,,MIDCPNIFTY,,2026-07-28,2026-07-28,13700.00,PE,MIDCPNIFTY26JUL13700PE,0.00,0.00,0.00,452.20,0.00,452.20,13994.75,299.90,0,0,0,0.00,0,F1,120,,,,,
2026-06-08,2026-06-08,FO,NSE,IDO,63404,,MIDCPNIFTY,,2026-07-28,2026-07-28,13400.00,PE,MIDCPNIFTY26JUL13400PE,0.00,0.00,0.00,340.95,0.00,340.95,13994.75,200.70,0,0,0,0.00,0,F1,120,,,,,
2026-06-08,2026-06-08,FO,NSE,IDO,63400,,MIDCPNIFTY,,2026-07-28,2026-07-28,13350.00,PE,MIDCPNIFTY26JUL13350PE,0.00,0.00,0.00,324.35,0.00,324.35,13994.75,187.40,0,0,0,0.00,0,F1,120,,,,,
2026-06-08,2026-06-08,FO,NSE,IDO,63370,,MIDCPNIFTY,,2026-07-28,2026-07-28,12975.00,PE,MIDCPNIFTY26JUL12975PE,0.00,0.00,0.00,217.65,0.00,217.65,13994.75,103.85,0,0,0,0.00,0,F1,120,,,,,
2026-06-08,2026-06-08,FO,NSE,IDO,63360,,MIDCPNIFTY,,2026-07-28,2026-07-28,12850.00,PE,MIDCPNIFTY26JUL12850PE,0.00,0.00,0.00,188.40,0.00,188.40,13994.75,83.60,0,0,0,0.00,0,F1,120,,,,,
2026-06-08,2026-06-08,FO,NSE,IDO,63354,,MIDCPNIFTY,,2026-07-28,2026-07-28,12775.00,PE,MIDCPNIFTY26JUL12775PE,0.00,0.00,0.00,172.30,0.00,172.30,13994.75,73.00,0,0,0,0.00,0,F1,120,,,,,
2026-06-08,2026-06-08,FO,NSE,IDO,63338,,MIDCPNIFTY,,2026-07-28,2026-07-28,12575.00,PE,MIDCPNIFTY26JUL12575PE,0.00,0.00,0.00,134.25,0.00,134.25,13994.75,49.85,0,0,0,0.00,0,F1,120,,,,,
2026-06-08,2026-06-08,FO,NSE,IDO,63330,,MIDCPNIFTY,,2026-07-28,2026-07-28,12475.00,PE,MIDCPNIFTY26JUL12475PE,0.00,0.00,0.00,117.80,0.00,117.80,13994.75,40.70,0,0,0,0.00,0,F1,120,,,,,
2026-06-08,2026-06-08,FO,NSE,IDO,63320,,MIDCPNIFTY,,2026-07-28,2026-07-28,12350.00,PE,MIDCPNIFTY26JUL12350PE,0.00,0.00,0.00,99.40,0.00,99.40,13994.75,31.25,0,0,0,0.00,0,F1,120,,,,,
2026-06-08,2026-06-08,FO,NSE,IDO,63316,,MIDCPNIFTY,,2026-07-28,2026-07-28,12300.00,PE,MIDCPNIFTY26JUL12300PE,0.00,0.00,0.00,92.70,0.00,92.70,13994.75,28.00,0,0,0,0.00,0,F1,120,,,,,
2026-06-08,2026-06-08,FO,NSE,IDO,78808,,MIDCPNIFTY,,2026-06-30,2026-06-30,15700.00,PE,MIDCPNIFTY26JUN15700PE,0.00,0.00,0.00,3273.25,0.00,3273.25,13994.75,1656.60,0,0,0,0.00,0,F1,120,,,,,
2026-06-08,2026-06-08,FO,NSE,IDO,35123,,MIDCPNIFTY,,2026-06-30,2026-06-30,14575.00,PE,MIDCPNIFTY26JUN14575PE,598.05,612.85,552.05,612.85,612.85,500.25,13994.75,612.85,6600,-240,3,5458554.00,3,F1,120,,,,,
2026-06-08,2026-06-08,FO,NSE,IDO,78637,,MIDCPNIFTY,,2026-06-30,2026-06-30,13875.00,PE,MIDCPNIFTY26JUN13875PE,221.75,234.30,162.30,213.55,226.10,143.35,13994.75,213.55,11280,7680,283,477688722.00,268,F1,120,,,,,
2026-06-08,2026-06-08,FO,NSE,IDO,63502,,MIDCPNIFTY,,2026-07-28,2026-07-28,14575.00,PE,MIDCPNIFTY26JUL14575PE,0.00,0.00,0.00,895.10,0.00,895.10,13994.75,750.95,0,0,0,0.00,0,F1,120,,,,,
2026-06-08,2026-06-08,FO,NSE,IDO,63496,,MIDCPNIFTY,,2026-07-28,2026-07-28,14500.00,PE,MIDCPNIFTY26JUL14500PE,0.00,0.00,0.00,600.00,600.00,600.00,13994.75,703.00,120,0,0,0.00,0,F1,120,,,,,
2026-06-08,2026-06-08,FO,NSE,IDO,63482,,MIDCPNIFTY,,2026-07-28,2026-07-28,14325.00,PE,MIDCPNIFTY26JUL14325PE,0.00,0.00,0.00,750.75,0.00,750.75,13994.75,597.60,0,0,0,0.00,0,F1,120,,,,,
2026-06-08,2026-06-08,FO,NSE,IDO,63366,,MIDCPNIFTY,,2026-07-28,2026-07-28,12925.00,PE,MIDCPNIFTY26JUL12925PE,0.00,0.00,0.00,205.60,0.00,205.60,13994.75,95.35,0,0,0,0.00,0,F1,120,,,,,
2026-06-08,2026-06-08,FO,NSE,IDO,63346,,MIDCPNIFTY,,2026-07-28,2026-07-28,12675.00,PE,MIDCPNIFTY26JUL12675PE,0.00,0.00,0.00,152.40,0.00,152.40,13994.75,60.55,0,0,0,0.00,0,F1,120,,,,,
2026-06-08,2026-06-08,FO,NSE,IDO,63344,,MIDCPNIFTY,,2026-07-28,2026-07-28,12650.00,PE,MIDCPNIFTY26JUL12650PE,0.00,0.00,0.00,147.70,0.00,147.70,13994.75,57.70,0,0,0,0.00,0,F1,120,,,,,
2026-06-08,2026-06-08,FO,NSE,IDO,78831,,MIDCPNIFTY,,2026-06-30,2026-06-30,16100.00,PE,MIDCPNIFTY26JUN16100PE,0.00,0.00,0.00,1500.00,1500.00,1500.00,13994.75,2048.75,120,0,0,0.00,0,F1,120,,,,,
2026-06-08,2026-06-08,FO,NSE,IDO,78825,,MIDCPNIFTY,,2026-06-30,2026-06-30,15900.00,PE,MIDCPNIFTY26JUN15900PE,0.00,0.00,0.00,1590.00,1590.00,1590.00,13994.75,1851.85,2520,0,0,0.00,0,F1,120,,,,,
2026-06-08,2026-06-08,FO,NSE,IDO,78065,,MIDCPNIFTY,,2026-06-30,2026-06-30,11000.00,CE,MIDCPNIFTY26JUN11000CE,0.00,0.00,0.00,3100.15,3100.15,3100.15,13994.75,3035.25,1920,0,0,0.00,0,F1,120,,,,,
2026-06-08,2026-06-08,FO,NSE,IDO,78068,,MIDCPNIFTY,,2026-06-30,2026-06-30,11025.00,CE,MIDCPNIFTY26JUN11025CE,0.00,0.00,0.00,1447.70,0.00,1447.70,13994.75,3010.35,0,0,0,0.00,0,F1,120,,,,,
2026-06-08,2026-06-08,FO,NSE,IDO,78078,,MIDCPNIFTY,,2026-06-30,2026-06-30,11100.00,CE,MIDCPNIFTY26JUN11100CE,0.00,0.00,0.00,1387.65,0.00,1387.65,13994.75,2935.65,0,0,0,0.00,0,F1,120,,,,,
2026-06-08,2026-06-08,FO,NSE,IDO,78089,,MIDCPNIFTY,,2026-06-30,2026-06-30,11200.00,CE,MIDCPNIFTY26JUN11200CE,0.00,0.00,0.00,1309.45,0.00,1309.45,13994.75,2836.00,0,0,0,0.00,0,F1,120,,,,,
2026-06-08,2026-06-08,FO,NSE,IDO,78109,,MIDCPNIFTY,,2026-06-30,2026-06-30,11450.00,CE,MIDCPNIFTY26JUN11450CE,0.00,0.00,0.00,1123.95,0.00,1123.95,13994.75,2586.95,0,0,0,0.00,0,F1,120,,,,,
2026-06-08,2026-06-08,FO,NSE,IDO,78111,,MIDCPNIFTY,,2026-06-30,2026-06-30,11475.00,CE,MIDCPNIFTY26JUN11475CE,0.00,0.00,0.00,1106.15,0.00,1106.15,13994.75,2562.05,0,0,0,0.00,0,F1,120,,,,,
2026-06-08,2026-06-08,FO,NSE,IDO,78117,,MIDCPNIFTY,,2026-06-30,2026-06-30,11550.00,CE,MIDCPNIFTY26JUN11550CE,0.00,0.00,0.00,1053.15,0.00,1053.15,13994.75,2487.35,0,0,0,0.00,0,F1,120,,,,,
2026-06-08,2026-06-08,FO,NSE,IDO,78174,,MIDCPNIFTY,,2026-06-30,2026-06-30,11800.00,CE,MIDCPNIFTY26JUN11800CE,0.00,0.00,0.00,888.80,0.00,888.80,13994.75,2238.50,0,0,0,0.00,0,F1,120,,,,,
2026-06-08,2026-06-08,FO,NSE,IDO,78269,,MIDCPNIFTY,,2026-06-30,2026-06-30,12150.00,CE,MIDCPNIFTY26JUN12150CE,0.00,0.00,0.00,686.60,0.00,686.60,13994.75,1891.05,0,0,0,0.00,0,F1,120,,,,,
2026-06-08,2026-06-08,FO,NSE,IDO,78307,,MIDCPNIFTY,,2026-06-30,2026-06-30,12550.00,CE,MIDCPNIFTY26JUN12550CE,0.00,0.00,0.00,496.00,0.00,496.00,13994.75,1498.70,0,0,0,0.00,0,F1,120,,,,,
2026-06-08,2026-06-08,FO,NSE,IDO,78317,,MIDCPNIFTY,,2026-06-30,2026-06-30,12675.00,CE,MIDCPNIFTY26JUN12675CE,0.00,0.00,0.00,445.10,0.00,445.10,13994.75,1378.40,0,0,0,0.00,0,F1,120,,,,,
2026-06-08,2026-06-08,FO,NSE,IDO,78341,,MIDCPNIFTY,,2026-06-30,2026-06-30,12750.00,CE,MIDCPNIFTY26JUN12750CE,0.00,0.00,0.00,416.50,0.00,416.50,13994.75,1307.10,0,0,0,0.00,0,F1,120,,,,,
2026-06-08,2026-06-08,FO,NSE,IDO,78483,,MIDCPNIFTY,,2026-06-30,2026-06-30,13125.00,CE,MIDCPNIFTY26JUN13125CE,0.00,0.00,0.00,293.75,0.00,293.75,13994.75,965.30,0,0,0,0.00,0,F1,120,,,,,
2026-06-08,2026-06-08,FO,NSE,IDO,78487,,MIDCPNIFTY,,2026-06-30,2026-06-30,13175.00,CE,MIDCPNIFTY26JUN13175CE,0.00,0.00,0.00,279.80,0.00,279.80,13994.75,922.15,0,0,0,0.00,0,F1,120,,,,,
2026-06-08,2026-06-08,FO,NSE,IDO,78502,,MIDCPNIFTY,,2026-06-30,2026-06-30,13250.00,CE,MIDCPNIFTY26JUN13250CE,0.00,0.00,0.00,259.90,0.00,259.90,13994.75,858.90,0,0,0,0.00,0,F1,120,,,,,
2026-06-08,2026-06-08,FO,NSE,IDO,78654,,MIDCPNIFTY,,2026-06-30,2026-06-30,14100.00,CE,MIDCPNIFTY26JUN14100CE,228.20,351.85,219.70,265.35,252.00,338.95,13994.75,265.35,144240,22200,6309,10905189624.00,5564,F1,120,,,,,
2026-06-08,2026-06-08,FO,NSE,IDO,78675,,MIDCPNIFTY,,2026-06-30,2026-06-30,14250.00,CE,MIDCPNIFTY26JUN14250CE,180.00,271.00,134.25,201.95,188.40,260.25,13994.75,201.95,136680,-17160,1451,2520656748.00,1303,F1,120,,,,,
2026-06-08,2026-06-08,FO,NSE,IDO,78682,,MIDCPNIFTY,,2026-06-30,2026-06-30,14300.00,CE,MIDCPNIFTY26JUN14300CE,151.00,247.15,140.00,178.80,169.55,237.45,13994.75,178.80,234120,-20760,3181,5536172280.00,2634,F1,120,,,,,
2026-06-08,2026-06-08,FO,NSE,IDO,78685,,MIDCPNIFTY,,2026-06-30,2026-06-30,14325.00,CE,MIDCPNIFTY26JUN14325CE,150.00,235.70,150.00,176.40,176.85,224.85,13994.75,176.40,10680,-2880,153,266689716.00,133,F1,120,,,,,
2026-06-08,2026-06-08,FO,NSE,IDO,38730,,MIDCPNIFTY,,2026-06-30,2026-06-30,14775.00,CE,MIDCPNIFTY26JUN14775CE,55.35,86.65,50.00,54.85,51.50,78.05,13994.75,54.85,9000,2880,81,144321834.00,67,F1,120,,,,,
2026-06-08,2026-06-08,FO,NSE,IDO,78777,,MIDCPNIFTY,,2026-06-30,2026-06-30,14800.00,CE,MIDCPNIFTY26JUN14800CE,40.40,81.60,36.10,53.05,48.85,73.25,13994.75,53.05,177360,-16440,2760,4922224200.00,1994,F1,120,,,,,
2026-06-08,2026-06-08,FO,NSE,IDO,40736,,MIDCPNIFTY,,2026-06-30,2026-06-30,14975.00,CE,MIDCPNIFTY26JUN14975CE,32.15,42.00,29.05,31.05,29.05,45.85,13994.75,31.05,3840,-120,22,39629994.00,20,F1,120,,,,,
2026-06-08,2026-06-08,FO,NSE,IDO,40781,,MIDCPNIFTY,,2026-06-30,2026-06-30,15425.00,CE,MIDCPNIFTY26JUN15425CE,10.45,12.20,9.80,9.80,9.80,12.80,13994.75,19.35,480,-240,7,12966024.00,7,F1,120,,,,,
2026-06-08,2026-06-08,FO,NSE,IDO,52008,,MIDCPNIFTY,,2026-06-30,2026-06-30,15750.00,CE,MIDCPNIFTY26JUN15750CE,3.85,3.85,3.85,3.85,3.85,7.20,13994.75,7.95,9600,0,2,3780924.00,1,F1,120,,,,,
2026-06-08,2026-06-08,FO,NSE,IDO,53809,,MIDCPNIFTY,,2026-06-30,2026-06-30,15850.00,CE,MIDCPNIFTY26JUN15850CE,0.00,0.00,0.00,5.45,5.45,5.45,13994.75,5.95,5280,0,0,0.00,0,F1,120,,,,,
2026-06-08,2026-06-08,FO,NSE,IDO,63323,,MIDCPNIFTY,,2026-07-28,2026-07-28,12400.00,CE,MIDCPNIFTY26JUL12400CE,0.00,0.00,0.00,1860.65,0.00,1860.65,13994.75,1743.85,0,0,0,0.00,0,F1,120,,,,,
2026-06-08,2026-06-08,FO,NSE,IDO,63343,,MIDCPNIFTY,,2026-07-28,2026-07-28,12650.00,CE,MIDCPNIFTY26JUL12650CE,0.00,0.00,0.00,1655.45,0.00,1655.45,13994.75,1519.05,0,0,0,0.00,0,F1,120,,,,,
2026-06-08,2026-06-08,FO,NSE,IDO,63355,,MIDCPNIFTY,,2026-07-28,2026-07-28,12800.00,CE,MIDCPNIFTY26JUL12800CE,0.00,0.00,0.00,1537.45,0.00,1537.45,13994.75,1389.15,0,0,0,0.00,0,F1,120,,,,,
2026-06-08,2026-06-08,FO,NSE,IDO,63367,,MIDCPNIFTY,,2026-07-28,2026-07-28,12950.00,CE,MIDCPNIFTY26JUL12950CE,0.00,0.00,0.00,1423.60,0.00,1423.60,13994.75,1263.65,0,0,0,0.00,0,F1,120,,,,,
2026-06-08,2026-06-08,FO,NSE,IDO,63547,,MIDCPNIFTY,,2026-07-28,2026-07-28,15125.00,CE,MIDCPNIFTY26JUL15125CE,0.00,0.00,0.00,326.70,0.00,326.70,13994.75,157.70,0,0,0,0.00,0,F1,120,,,,,
2026-06-08,2026-06-08,FO,NSE,IDO,63555,,MIDCPNIFTY,,2026-07-28,2026-07-28,15225.00,CE,MIDCPNIFTY26JUL15225CE,0.00,0.00,0.00,300.35,0.00,300.35,13994.75,138.50,0,0,0,0.00,0,F1,120,,,,,
2026-06-08,2026-06-08,FO,NSE,IDO,63573,,MIDCPNIFTY,,2026-07-28,2026-07-28,15450.00,CE,MIDCPNIFTY26JUL15450CE,0.00,0.00,0.00,248.25,0.00,248.25,13994.75,102.20,0,0,0,0.00,0,F1,120,,,,,
2026-06-08,2026-06-08,FO,NSE,IDO,63581,,MIDCPNIFTY,,2026-07-28,2026-07-28,15550.00,CE,MIDCPNIFTY26JUL15550CE,0.00,0.00,0.00,226.75,0.00,226.75,13994.75,88.85,0,0,0,0.00,0,F1,120,,,,,
2026-06-08,2026-06-08,FO,NSE,IDO,63603,,MIDCPNIFTY,,2026-07-28,2026-07-28,15825.00,CE,MIDCPNIFTY26JUL15825CE,0.00,0.00,0.00,176.60,0.00,176.60,13994.75,59.50,0,0,0,0.00,0,F1,120,,,,,
2026-06-08,2026-06-08,FO,NSE,IDO,63615,,MIDCPNIFTY,,2026-07-28,2026-07-28,15950.00,CE,MIDCPNIFTY26JUL15950CE,0.00,0.00,0.00,157.10,0.00,157.10,13994.75,49.25,0,0,0,0.00,0,F1,120,,,,,
2026-06-08,2026-06-08,FO,NSE,IDO,60339,,MIDCPNIFTY,,2026-08-25,2026-08-25,12525.00,CE,MIDCPNIFTY26AUG12525CE,0.00,0.00,0.00,2388.95,0.00,2388.95,13994.75,1739.50,0,0,0,0.00,0,F1,120,,,,,
2026-06-08,2026-06-08,FO,NSE,IDO,60363,,MIDCPNIFTY,,2026-08-25,2026-08-25,12800.00,CE,MIDCPNIFTY26AUG12800CE,0.00,0.00,0.00,2144.55,0.00,2144.55,13994.75,1512.10,0,0,0,0.00,0,F1,120,,,,,
2026-06-08,2026-06-08,FO,NSE,IDO,60386,,MIDCPNIFTY,,2026-08-25,2026-08-25,12900.00,CE,MIDCPNIFTY26AUG12900CE,0.00,0.00,0.00,2057.90,0.00,2057.90,13994.75,1432.85,0,0,0,0.00,0,F1,120,,,,,
2026-06-08,2026-06-08,FO,NSE,IDO,60421,,MIDCPNIFTY,,2026-08-25,2026-08-25,13175.00,CE,MIDCPNIFTY26AUG13175CE,0.00,0.00,0.00,1826.70,0.00,1826.70,13994.75,1225.75,0,0,0,0.00,0,F1,120,,,,,
2026-06-08,2026-06-08,FO,NSE,IDO,60447,,MIDCPNIFTY,,2026-08-25,2026-08-25,13450.00,CE,MIDCPNIFTY26AUG13450CE,0.00,0.00,0.00,1607.25,0.00,1607.25,13994.75,1034.40,0,0,0,0.00,0,F1,120,,,,,
2026-06-08,2026-06-08,FO,NSE,IDO,60449,,MIDCPNIFTY,,2026-08-25,2026-08-25,13475.00,CE,MIDCPNIFTY26AUG13475CE,0.00,0.00,0.00,1587.95,0.00,1587.95,13994.75,1018.00,0,0,0,0.00,0,F1,120,,,,,
2026-06-08,2026-06-08,FO,NSE,IDO,60457,,MIDCPNIFTY,,2026-08-25,2026-08-25,13500.00,CE,MIDCPNIFTY26AUG13500CE,0.00,0.00,0.00,1568.75,0.00,1568.75,13994.75,1001.70,0,0,0,0.00,0,F1,120,,,,,
2026-06-08,2026-06-08,FO,NSE,IDO,60511,,MIDCPNIFTY,,2026-08-25,2026-08-25,14000.00,CE,MIDCPNIFTY26AUG14000CE,0.00,0.00,0.00,1209.80,0.00,1209.80,13994.75,708.90,0,0,0,0.00,0,F1,120,,,,,
2026-06-08,2026-06-08,FO,NSE,IDO,60517,,MIDCPNIFTY,,2026-08-25,2026-08-25,14050.00,CE,MIDCPNIFTY26AUG14050CE,0.00,0.00,0.00,1176.75,0.00,1176.75,13994.75,683.15,0,0,0,0.00,0,F1,120,,,,,
2026-06-08,2026-06-08,FO,NSE,IDO,60537,,MIDCPNIFTY,,2026-08-25,2026-08-25,14225.00,CE,MIDCPNIFTY26AUG14225CE,0.00,0.00,0.00,1065.25,0.00,1065.25,13994.75,597.90,0,0,0,0.00,0,F1,120,,,,,
2026-06-08,2026-06-08,FO,NSE,IDO,60621,,MIDCPNIFTY,,2026-08-25,2026-08-25,14850.00,CE,MIDCPNIFTY26AUG14850CE,0.00,0.00,0.00,722.25,0.00,722.25,13994.75,354.95,0,0,0,0.00,0,F1,120,,,,,
2026-06-08,2026-06-08,FO,NSE,IDO,60635,,MIDCPNIFTY,,2026-08-25,2026-08-25,14975.00,CE,MIDCPNIFTY26AUG14975CE,0.00,0.00,0.00,664.05,0.00,664.05,13994.75,317.10,0,0,0,0.00,0,F1,120,,,,,
2026-06-08,2026-06-08,FO,NSE,IDO,60639,,MIDCPNIFTY,,2026-08-25,2026-08-25,15000.00,CE,MIDCPNIFTY26AUG15000CE,0.00,0.00,0.00,652.85,0.00,652.85,13994.75,309.90,0,0,0,0.00,0,F1,120,,,,,
2026-06-08,2026-06-08,FO,NSE,IDO,60657,,MIDCPNIFTY,,2026-08-25,2026-08-25,15175.00,CE,MIDCPNIFTY26AUG15175CE,0.00,0.00,0.00,578.05,0.00,578.05,13994.75,263.15,0,0,0,0.00,0,F1,120,,,,,
2026-06-08,2026-06-08,FO,NSE,IDO,60659,,MIDCPNIFTY,,2026-08-25,2026-08-25,15200.00,CE,MIDCPNIFTY26AUG15200CE,0.00,0.00,0.00,567.90,0.00,567.90,13994.75,257.60,0,0,0,0.00,0,F1,120,,,,,
2026-06-08,2026-06-08,FO,NSE,IDO,60747,,MIDCPNIFTY,,2026-08-25,2026-08-25,16000.00,CE,MIDCPNIFTY26AUG16000CE,0.00,0.00,0.00,308.25,0.00,308.25,13994.75,113.45,0,0,0,0.00,0,F1,120,,,,,
2026-06-08,2026-06-08,FO,NSE,IDO,78088,,MIDCPNIFTY,,2026-06-30,2026-06-30,11175.00,PE,MIDCPNIFTY26JUN11175PE,0.00,0.00,0.00,144.85,0.00,144.85,13994.75,0.05,0,0,0,0.00,0,F1,120,,,,,
2026-06-08,2026-06-08,FO,NSE,IDO,78153,,MIDCPNIFTY,,2026-06-30,2026-06-30,11775.00,PE,MIDCPNIFTY26JUN11775PE,0.00,0.00,0.00,309.85,0.00,309.85,13994.75,0.25,0,0,0,0.00,0,F1,120,,,,,
2026-06-08,2026-06-08,FO,NSE,IDO,78177,,MIDCPNIFTY,,2026-06-30,2026-06-30,11800.00,PE,MIDCPNIFTY26JUN11800PE,3.95,4.10,2.55,4.10,4.10,3.30,13994.75,4.10,720,0,9,12747636.00,8,F1,120,,,,,
2026-06-08,2026-06-08,FO,NSE,IDO,78237,,MIDCPNIFTY,,2026-06-30,2026-06-30,11900.00,PE,MIDCPNIFTY26JUN11900PE,3.95,3.95,3.95,3.95,3.95,4.65,13994.75,0.50,1080,-240,2,2856948.00,1,F1,120,,,,,
2026-06-08,2026-06-08,FO,NSE,IDO,78280,,MIDCPNIFTY,,2026-06-30,2026-06-30,12250.00,PE,MIDCPNIFTY26JUN12250PE,0.00,0.00,0.00,506.70,0.00,506.70,13994.75,2.40,0,0,0,0.00,0,F1,120,,,,,
2026-06-08,2026-06-08,FO,NSE,IDO,78364,,MIDCPNIFTY,,2026-06-30,2026-06-30,12775.00,PE,MIDCPNIFTY26JUN12775PE,16.05,19.95,11.75,19.95,19.95,10.25,13994.75,19.95,360,-240,38,58325010.00,21,F1,120,,,,,
2026-06-08,2026-06-08,FO,NSE,IDO,78370,,MIDCPNIFTY,,2026-06-30,2026-06-30,12850.00,PE,MIDCPNIFTY26JUN12850PE,19.95,24.35,16.60,24.35,24.35,13.40,13994.75,24.35,2040,720,18,27797820.00,11,F1,120,,,,,
2026-06-08,2026-06-08,FO,NSE,IDO,78388,,MIDCPNIFTY,,2026-06-30,2026-06-30,12975.00,PE,MIDCPNIFTY26JUN12975PE,27.00,31.00,24.40,30.25,29.10,17.20,13994.75,30.25,1440,-720,23,35888514.00,21,F1,120,,,,,
2026-06-08,2026-06-08,FO,NSE,IDO,78476,,MIDCPNIFTY,,2026-06-30,2026-06-30,13025.00,PE,MIDCPNIFTY26JUN13025PE,28.55,35.35,28.55,34.05,33.20,19.90,13994.75,34.05,2160,-240,5,7834236.00,5,F1,120,,,,,
2026-06-08,2026-06-08,FO,NSE,IDO,78488,,MIDCPNIFTY,,2026-06-30,2026-06-30,13175.00,PE,MIDCPNIFTY26JUN13175PE,0.00,0.00,0.00,25.00,25.00,25.00,13994.75,53.90,2760,0,0,0.00,0,F1,120,,,,,
2026-06-08,2026-06-08,FO,NSE,IDO,78617,,MIDCPNIFTY,,2026-06-30,2026-06-30,13625.00,PE,MIDCPNIFTY26JUN13625PE,141.20,141.20,96.25,118.50,118.50,86.30,13994.75,152.40,2880,840,38,62658270.00,38,F1,120,,,,,
2026-06-08,2026-06-08,FO,NSE,IDO,78639,,MIDCPNIFTY,,2026-06-30,2026-06-30,13900.00,PE,MIDCPNIFTY26JUN13900PE,249.95,258.90,165.50,229.60,235.00,156.55,13994.75,229.60,70440,5520,2663,4508623182.00,2399,F1,120,,,,,
2026-06-08,2026-06-08,FO,NSE,IDO,78649,,MIDCPNIFTY,,2026-06-30,2026-06-30,14025.00,PE,MIDCPNIFTY26JUN14025PE,248.15,306.35,211.35,281.40,291.00,199.35,13994.75,281.40,10920,4440,1144,1959777354.00,1081,F1,120,,,,,
2026-06-08,2026-06-08,FO,NSE,IDO,78762,,MIDCPNIFTY,,2026-06-30,2026-06-30,14400.00,PE,MIDCPNIFTY26JUN14400PE,497.00,551.20,392.55,502.30,519.35,376.40,13994.75,502.30,85920,-20280,385,686220648.00,280,F1,120,,,,,
2026-06-08,2026-06-08,FO,NSE,IDO,35105,,MIDCPNIFTY,,2026-06-30,2026-06-30,14450.00,PE,MIDCPNIFTY26JUN14450PE,529.25,552.65,460.85,531.70,552.65,410.30,13994.75,531.70,8400,-720,24,43076448.00,21,F1,120,,,,,
2026-06-08,2026-06-08,FO,NSE,IDO,38729,,MIDCPNIFTY,,2026-06-30,2026-06-30,14750.00,PE,MIDCPNIFTY26JUN14750PE,726.30,726.30,654.90,705.00,705.00,655.00,13994.75,794.10,14400,-360,5,9272610.00,5,F1,120,,,,,
2026-06-08,2026-06-08,FO,NSE,IDO,40769,,MIDCPNIFTY,,2026-06-30,2026-06-30,15225.00,PE,MIDCPNIFTY26JUN15225PE,0.00,0.00,0.00,1903.35,0.00,1903.35,13994.75,1206.25,0,0,0,0.00,0,F1,120,,,,,
2026-06-08,2026-06-08,FO,NSE,IDO,52011,,MIDCPNIFTY,,2026-06-30,2026-06-30,15775.00,PE,MIDCPNIFTY26JUN15775PE,0.00,0.00,0.00,2115.20,0.00,2115.20,13994.75,1729.55,0,0,0,0.00,0,F1,120,,,,,
2026-06-08,2026-06-08,FO,NSE,IDO,60706,,MIDCPNIFTY,,2026-08-25,2026-08-25,15600.00,PE,MIDCPNIFTY26AUG15600PE,0.00,0.00,0.00,1116.80,0.00,1116.80,13994.75,1554.75,0,0,0,0.00,0,F1,120,,,,,
2026-06-08,2026-06-08,FO,NSE,IDO,60694,,MIDCPNIFTY,,2026-08-25,2026-08-25,15500.00,PE,MIDCPNIFTY26AUG15500PE,0.00,0.00,0.00,1051.50,0.00,1051.50,13994.75,1474.70,0,0,0,0.00,0,F1,120,,,,,
2026-06-08,2026-06-08,FO,NSE,IDO,60678,,MIDCPNIFTY,,2026-08-25,2026-08-25,15350.00,PE,MIDCPNIFTY26AUG15350PE,0.00,0.00,0.00,957.35,0.00,957.35,13994.75,1358.20,0,0,0,0.00,0,F1,120,,,,,
2026-06-08,2026-06-08,FO,NSE,IDO,60676,,MIDCPNIFTY,,2026-08-25,2026-08-25,15325.00,PE,MIDCPNIFTY26AUG15325PE,0.00,0.00,0.00,942.05,0.00,942.05,13994.75,1339.00,0,0,0,0.00,0,F1,120,,,,,
2026-06-08,2026-06-08,FO,NSE,IDO,60602,,MIDCPNIFTY,,2026-08-25,2026-08-25,14625.00,PE,MIDCPNIFTY26AUG14625PE,0.00,0.00,0.00,569.05,0.00,569.05,13994.75,852.30,0,0,0,0.00,0,F1,120,,,,,
2026-06-08,2026-06-08,FO,NSE,IDO,60491,,MIDCPNIFTY,,2026-08-25,2026-08-25,13750.00,PE,MIDCPNIFTY26AUG13750PE,0.00,0.00,0.00,254.95,0.00,254.95,13994.75,405.40,0,0,0,0.00,0,F1,120,,,,,
2026-06-08,2026-06-08,FO,NSE,IDO,60460,,MIDCPNIFTY,,2026-08-25,2026-08-25,13500.00,PE,MIDCPNIFTY26AUG13500PE,0.00,0.00,0.00,193.70,0.00,193.70,13994.75,313.30,0,0,0,0.00,0,F1,120,,,,,
2026-06-08,2026-06-08,FO,NSE,IDO,60370,,MIDCPNIFTY,,2026-08-25,2026-08-25,12825.00,PE,MIDCPNIFTY26AUG12825PE,0.00,0.00,0.00,82.70,0.00,82.70,13994.75,138.45,0,0,0,0.00,0,F1,120,,,,,
2026-06-08,2026-06-08,FO,NSE,IDO,63616,,MIDCPNIFTY,,2026-07-28,2026-07-28,15950.00,PE,MIDCPNIFTY26JUL15950PE,0.00,0.00,0.00,1901.95,0.00,1901.95,13994.75,1857.45,0,0,0,0.00,0,F1,120,,,,,
2026-06-08,2026-06-08,FO,NSE,IDO,63606,,MIDCPNIFTY,,2026-07-28,2026-07-28,15850.00,PE,MIDCPNIFTY26JUL15850PE,0.00,0.00,0.00,1818.85,0.00,1818.85,13994.75,1766.45,0,0,0,0.00,0,F1,120,,,,,
2026-06-08,2026-06-08,FO,NSE,IDO,63564,,MIDCPNIFTY,,2026-07-28,2026-07-28,15325.00,PE,MIDCPNIFTY26JUL15325PE,0.00,0.00,0.00,1405.35,0.00,1405.35,13994.75,1310.20,0,0,0,0.00,0,F1,120,,,,,
2026-06-08,2026-06-08,FO,NSE,IDO,63550,,MIDCPNIFTY,,2026-07-28,2026-07-28,15150.00,PE,MIDCPNIFTY26JUL15150PE,0.00,0.00,0.00,1276.30,0.00,1276.30,13994.75,1168.30,0,0,0,0.00,0,F1,120,,,,,
2026-06-08,2026-06-08,FO,NSE,IDO,63546,,MIDCPNIFTY,,2026-07-28,2026-07-28,15100.00,PE,MIDCPNIFTY26JUL15100PE,0.00,0.00,0.00,1240.60,0.00,1240.60,13994.75,1128.90,0,0,0,0.00,0,F1,120,,,,,
2026-06-08,2026-06-08,FO,NSE,IDO,63526,,MIDCPNIFTY,,2026-07-28,2026-07-28,14875.00,PE,MIDCPNIFTY26JUL14875PE,0.00,0.00,0.00,1085.85,0.00,1085.85,13994.75,958.30,0,0,0,0.00,0,F1,120,,,,,
2026-06-08,2026-06-08,FO,NSE,IDO,63524,,MIDCPNIFTY,,2026-07-28,2026-07-28,14850.00,PE,MIDCPNIFTY26JUL14850PE,0.00,0.00,0.00,1069.25,0.00,1069.25,13994.75,940.15,0,0,0,0.00,0,F1,120,,,,,
2026-06-08,2026-06-08,FO,NSE,IDO,60345,,MIDCPNIFTY,,2026-08-25,2026-08-25,12600.00,CE,MIDCPNIFTY26AUG12600CE,0.00,0.00,0.00,2321.50,0.00,2321.50,13994.75,1676.20,0,0,0,0.00,0,F1,120,,,,,
2026-06-08,2026-06-08,FO,NSE,IDO,60353,,MIDCPNIFTY,,2026-08-25,2026-08-25,12700.00,CE,MIDCPNIFTY26AUG12700CE,0.00,0.00,0.00,2232.45,0.00,2232.45,13994.75,1593.30,0,0,0,0.00,0,F1,120,,,,,
2026-06-08,2026-06-08,FO,NSE,IDO,60429,,MIDCPNIFTY,,2026-08-25,2026-08-25,13225.00,CE,MIDCPNIFTY26AUG13225CE,0.00,0.00,0.00,1785.85,0.00,1785.85,13994.75,1189.75,0,0,0,0.00,0,F1,120,,,,,
2026-06-08,2026-06-08,FO,NSE,IDO,60483,,MIDCPNIFTY,,2026-08-25,2026-08-25,13700.00,CE,MIDCPNIFTY26AUG13700CE,0.00,0.00,0.00,1419.85,0.00,1419.85,13994.75,877.00,0,0,0,0.00,0,F1,120,,,,,
2026-06-08,2026-06-08,FO,NSE,IDO,60525,,MIDCPNIFTY,,2026-08-25,2026-08-25,14150.00,CE,MIDCPNIFTY26AUG14150CE,0.00,0.00,0.00,1112.20,0.00,1112.20,13994.75,633.45,0,0,0,0.00,0,F1,120,,,,,
2026-06-08,2026-06-08,FO,NSE,IDO,60527,,MIDCPNIFTY,,2026-08-25,2026-08-25,14175.00,CE,MIDCPNIFTY26AUG14175CE,0.00,0.00,0.00,1096.45,0.00,1096.45,13994.75,621.45,0,0,0,0.00,0,F1,120,,,,,
2026-06-08,2026-06-08,FO,NSE,IDO,60619,,MIDCPNIFTY,,2026-08-25,2026-08-25,14825.00,CE,MIDCPNIFTY26AUG14825CE,0.00,0.00,0.00,734.30,0.00,734.30,13994.75,362.95,0,0,0,0.00,0,F1,120,,,,,
2026-06-08,2026-06-08,FO,NSE,IDO,60623,,MIDCPNIFTY,,2026-08-25,2026-08-25,14875.00,CE,MIDCPNIFTY26AUG14875CE,0.00,0.00,0.00,710.35,0.00,710.35,13994.75,347.15,0,0,0,0.00,0,F1,120,,,,,
2026-06-08,2026-06-08,FO,NSE,IDO,60671,,MIDCPNIFTY,,2026-08-25,2026-08-25,15275.00,CE,MIDCPNIFTY26AUG15275CE,0.00,0.00,0.00,538.20,0.00,538.20,13994.75,239.85,0,0,0,0.00,0,F1,120,,,,,
2026-06-08,2026-06-08,FO,NSE,IDO,60735,,MIDCPNIFTY,,2026-08-25,2026-08-25,15900.00,CE,MIDCPNIFTY26AUG15900CE,0.00,0.00,0.00,334.25,0.00,334.25,13994.75,126.45,0,0,0,0.00,0,F1,120,,,,,
2026-06-08,2026-06-08,FO,NSE,IDO,78077,,MIDCPNIFTY,,2026-06-30,2026-06-30,11075.00,PE,MIDCPNIFTY26JUN11075PE,0.00,0.00,0.00,125.40,0.00,125.40,13994.75,0.00,0,0,0,0.00,0,F1,120,,,,,
2026-06-08,2026-06-08,FO,NSE,IDO,78128,,MIDCPNIFTY,,2026-06-30,2026-06-30,11675.00,PE,MIDCPNIFTY26JUN11675PE,0.00,0.00,0.00,276.10,0.00,276.10,13994.75,0.15,0,0,0,0.00,0,F1,120,,,,,
2026-06-08,2026-06-08,FO,NSE,IDO,78292,,MIDCPNIFTY,,2026-06-30,2026-06-30,12400.00,PE,MIDCPNIFTY26JUN12400PE,7.10,9.00,5.45,8.80,9.00,5.45,13994.75,8.80,2160,-1920,40,59555832.00,30,F1,120,,,,,
2026-06-08,2026-06-08,FO,NSE,IDO,78314,,MIDCPNIFTY,,2026-06-30,2026-06-30,12625.00,PE,MIDCPNIFTY26JUN12625PE,10.50,14.10,10.50,14.10,14.10,6.90,13994.75,14.10,3480,-240,19,28811034.00,13,F1,120,,,,,
2026-06-08,2026-06-08,FO,NSE,IDO,78368,,MIDCPNIFTY,,2026-06-30,2026-06-30,12825.00,PE,MIDCPNIFTY26JUN12825PE,18.65,22.75,14.95,22.75,22.75,11.95,13994.75,22.75,1680,0,17,26201400.00,13,F1,120,,,,,
2026-06-08,2026-06-08,FO,NSE,IDO,78482,,MIDCPNIFTY,,2026-06-30,2026-06-30,13100.00,PE,MIDCPNIFTY26JUN13100PE,48.15,48.15,29.60,42.45,44.00,24.20,13994.75,42.45,100080,4680,951,1499372364.00,739,F1,120,,,,,
2026-06-08,2026-06-08,FO,NSE,IDO,78486,,MIDCPNIFTY,,2026-06-30,2026-06-30,13150.00,PE,MIDCPNIFTY26JUN13150PE,44.95,52.10,38.25,49.35,52.10,23.00,13994.75,49.35,6720,1440,34,53837772.00,25,F1,120,,,,,
2026-06-08,2026-06-08,FO,NSE,IDO,78615,,MIDCPNIFTY,,2026-06-30,2026-06-30,13600.00,PE,MIDCPNIFTY26JUN13600PE,141.00,143.30,90.80,127.25,130.90,82.90,13994.75,127.25,81000,14640,1466,2412419880.00,1238,F1,120,,,,,
2026-06-08,2026-06-08,FO,NSE,IDO,78645,,MIDCPNIFTY,,2026-06-30,2026-06-30,13975.00,PE,MIDCPNIFTY26JUN13975PE,260.20,278.45,195.05,259.80,266.80,181.30,13994.75,259.80,12960,9360,624,1063702776.00,594,F1,120,,,,,
2026-06-08,2026-06-08,FO,NSE,IDO,78659,,MIDCPNIFTY,,2026-06-30,2026-06-30,14150.00,PE,MIDCPNIFTY26JUN14150PE,323.25,375.00,264.50,342.50,367.55,250.70,13994.75,342.50,26760,-1080,616,1068734376.00,541,F1,120,,,,,
2026-06-08,2026-06-08,FO,NSE,IDO,78680,,MIDCPNIFTY,,2026-06-30,2026-06-30,14275.00,PE,MIDCPNIFTY26JUN14275PE,380.15,410.20,324.85,380.75,410.20,308.70,13994.75,380.75,8640,-1320,68,119456340.00,68,F1,120,,,,,
2026-06-08,2026-06-08,FO,NSE,IDO,35119,,MIDCPNIFTY,,2026-06-30,2026-06-30,14525.00,PE,MIDCPNIFTY26JUN14525PE,0.00,0.00,0.00,461.15,453.05,461.15,13994.75,621.50,6960,0,0,0.00,0,F1,120,,,,,
2026-06-08,2026-06-08,FO,NSE,IDO,38743,,MIDCPNIFTY,,2026-06-30,2026-06-30,14825.00,PE,MIDCPNIFTY26JUN14825PE,811.45,811.45,779.70,779.70,779.70,674.40,13994.75,855.35,3240,-120,2,3748938.00,2,F1,120,,,,,
2026-06-08,2026-06-08,FO,NSE,IDO,40760,,MIDCPNIFTY,,2026-06-30,2026-06-30,15175.00,PE,MIDCPNIFTY26JUN15175PE,0.00,0.00,0.00,1860.40,0.00,1860.40,13994.75,1160.55,0,0,0,0.00,0,F1,120,,,,,
2026-06-08,2026-06-08,FO,NSE,IDO,49274,,MIDCPNIFTY,,2026-06-30,2026-06-30,15525.00,PE,MIDCPNIFTY26JUN15525PE,0.00,0.00,0.00,2006.30,0.00,2006.30,13994.75,1487.95,0,0,0,0.00,0,F1,120,,,,,
2026-06-08,2026-06-08,FO,NSE,IDO,78802,,MIDCPNIFTY,,2026-06-30,2026-06-30,15600.00,PE,MIDCPNIFTY26JUN15600PE,0.00,0.00,0.00,3177.05,0.00,3177.05,13994.75,1559.95,0,0,0,0.00,0,F1,120,,,,,
2026-06-08,2026-06-08,FO,NSE,IDO,63362,,MIDCPNIFTY,,2026-07-28,2026-07-28,12875.00,PE,MIDCPNIFTY26JUL12875PE,0.00,0.00,0.00,194.00,0.00,194.00,13994.75,87.40,0,0,0,0.00,0,F1,120,,,,,
2026-06-08,2026-06-08,FO,NSE,IDO,63430,,MIDCPNIFTY,,2026-07-28,2026-07-28,13725.00,PE,MIDCPNIFTY26JUL13725PE,0.00,0.00,0.00,462.40,0.00,462.40,13994.75,309.40,0,0,0,0.00,0,F1,120,,,,,
2026-06-08,2026-06-08,FO,NSE,IDO,63444,,MIDCPNIFTY,,2026-07-28,2026-07-28,13875.00,PE,MIDCPNIFTY26JUL13875PE,0.00,0.00,0.00,526.70,0.00,526.70,13994.75,370.65,0,0,0,0.00,0,F1,120,,,,,
2026-06-08,2026-06-08,FO,NSE,IDO,63448,,MIDCPNIFTY,,2026-07-28,2026-07-28,13925.00,PE,MIDCPNIFTY26JUL13925PE,0.00,0.00,0.00,549.30,0.00,549.30,13994.75,392.70,0,0,0,0.00,0,F1,120,,,,,
2026-06-08,2026-06-08,FO,NSE,IDO,63498,,MIDCPNIFTY,,2026-07-28,2026-07-28,14525.00,PE,MIDCPNIFTY26JUL14525PE,0.00,0.00,0.00,865.15,0.00,865.15,13994.75,718.80,0,0,0,0.00,0,F1,120,,,,,
2026-06-08,2026-06-08,FO,NSE,IDO,63504,,MIDCPNIFTY,,2026-07-28,2026-07-28,14600.00,PE,MIDCPNIFTY26JUL14600PE,0.00,0.00,0.00,910.25,0.00,910.25,13994.75,767.30,0,0,0,0.00,0,F1,120,,,,,
2026-06-08,2026-06-08,FO,NSE,IDO,63532,,MIDCPNIFTY,,2026-07-28,2026-07-28,14925.00,PE,MIDCPNIFTY26JUL14925PE,0.00,0.00,0.00,1119.40,0.00,1119.40,13994.75,995.75,0,0,0,0.00,0,F1,120,,,,,
2026-06-08,2026-06-08,FO,NSE,IDO,63538,,MIDCPNIFTY,,2026-07-28,2026-07-28,15000.00,PE,MIDCPNIFTY26JUL15000PE,0.00,0.00,0.00,1170.65,0.00,1170.65,13994.75,1052.25,0,0,0,0.00,0,F1,120,,,,,
2026-06-08,2026-06-08,FO,NSE,IDO,63548,,MIDCPNIFTY,,2026-07-28,2026-07-28,15125.00,PE,MIDCPNIFTY26JUL15125PE,0.00,0.00,0.00,1258.40,0.00,1258.40,13994.75,1148.55,0,0,0,0.00,0,F1,120,,,,,
2026-06-08,2026-06-08,FO,NSE,IDO,63582,,MIDCPNIFTY,,2026-07-28,2026-07-28,15550.00,PE,MIDCPNIFTY26JUL15550PE,0.00,0.00,0.00,1577.35,0.00,1577.35,13994.75,1500.75,0,0,0,0.00,0,F1,120,,,,,
2026-06-08,2026-06-08,FO,NSE,IDO,63588,,MIDCPNIFTY,,2026-07-28,2026-07-28,15625.00,PE,MIDCPNIFTY26JUL15625PE,0.00,0.00,0.00,1636.55,0.00,1636.55,13994.75,1566.05,0,0,0,0.00,0,F1,120,,,,,
2026-06-08,2026-06-08,FO,NSE,IDO,63614,,MIDCPNIFTY,,2026-07-28,2026-07-28,15925.00,PE,MIDCPNIFTY26JUL15925PE,0.00,0.00,0.00,1881.05,0.00,1881.05,13994.75,1834.60,0,0,0,0.00,0,F1,120,,,,,
2026-06-08,2026-06-08,FO,NSE,IDO,63638,,MIDCPNIFTY,,2026-07-28,2026-07-28,16200.00,PE,MIDCPNIFTY26JUL16200PE,0.00,0.00,0.00,2114.80,0.00,2114.80,13994.75,2089.15,0,0,0,0.00,0,F1,120,,,,,
2026-06-08,2026-06-08,FO,NSE,IDO,60340,,MIDCPNIFTY,,2026-08-25,2026-08-25,12525.00,PE,MIDCPNIFTY26AUG12525PE,0.00,0.00,0.00,53.30,0.00,53.30,13994.75,90.15,0,0,0,0.00,0,F1,120,,,,,
2026-06-08,2026-06-08,FO,NSE,IDO,60346,,MIDCPNIFTY,,2026-08-25,2026-08-25,12600.00,PE,MIDCPNIFTY26AUG12600PE,0.00,0.00,0.00,59.75,0.00,59.75,13994.75,100.75,0,0,0,0.00,0,F1,120,,,,,
2026-06-08,2026-06-08,FO,NSE,IDO,60354,,MIDCPNIFTY,,2026-08-25,2026-08-25,12700.00,PE,MIDCPNIFTY26AUG12700PE,0.00,0.00,0.00,69.20,0.00,69.20,13994.75,116.40,0,0,0,0.00,0,F1,120,,,,,
2026-06-08,2026-06-08,FO,NSE,IDO,60418,,MIDCPNIFTY,,2026-08-25,2026-08-25,13125.00,PE,MIDCPNIFTY26AUG13125PE,0.00,0.00,0.00,123.40,0.00,123.40,13994.75,203.85,0,0,0,0.00,0,F1,120,,,,,
2026-06-08,2026-06-08,FO,NSE,IDO,60462,,MIDCPNIFTY,,2026-08-25,2026-08-25,13525.00,PE,MIDCPNIFTY26AUG13525PE,0.00,0.00,0.00,199.25,0.00,199.25,13994.75,321.85,0,0,0,0.00,0,F1,120,,,,,
2026-06-08,2026-06-08,FO,NSE,IDO,60464,,MIDCPNIFTY,,2026-08-25,2026-08-25,13550.00,PE,MIDCPNIFTY26AUG13550PE,0.00,0.00,0.00,204.90,0.00,204.90,13994.75,330.50,0,0,0,0.00,0,F1,120,,,,,
2026-06-08,2026-06-08,FO,NSE,IDO,60494,,MIDCPNIFTY,,2026-08-25,2026-08-25,13775.00,PE,MIDCPNIFTY26AUG13775PE,0.00,0.00,0.00,261.65,0.00,261.65,13994.75,415.50,0,0,0,0.00,0,F1,120,,,,,
2026-06-08,2026-06-08,FO,NSE,IDO,60496,,MIDCPNIFTY,,2026-08-25,2026-08-25,13800.00,PE,MIDCPNIFTY26AUG13800PE,0.00,0.00,0.00,268.50,0.00,268.50,13994.75,425.75,0,0,0,0.00,0,F1,120,,,,,
2026-06-08,2026-06-08,FO,NSE,IDO,60526,,MIDCPNIFTY,,2026-08-25,2026-08-25,14150.00,PE,MIDCPNIFTY26AUG14150PE,0.00,0.00,0.00,377.55,0.00,377.55,13994.75,585.75,0,0,0,0.00,0,F1,120,,,,,
2026-06-08,2026-06-08,FO,NSE,IDO,60538,,MIDCPNIFTY,,2026-08-25,2026-08-25,14225.00,PE,MIDCPNIFTY26AUG14225PE,0.00,0.00,0.00,404.50,0.00,404.50,13994.75,624.10,0,0,0,0.00,0,F1,120,,,,,
2026-06-08,2026-06-08,FO,NSE,IDO,60610,,MIDCPNIFTY,,2026-08-25,2026-08-25,14700.00,PE,MIDCPNIFTY26AUG14700PE,0.00,0.00,0.00,603.90,0.00,603.90,13994.75,899.35,0,0,0,0.00,0,F1,120,,,,,
2026-06-08,2026-06-08,FO,NSE,IDO,40752,,MIDCPNIFTY,,2026-06-30,2026-06-30,15150.00,CE,MIDCPNIFTY26JUN15150CE,21.90,27.85,16.00,16.40,16.05,26.40,13994.75,16.40,4920,840,39,70996386.00,27,F1,120,,,,,
2026-06-08,2026-06-08,FO,NSE,IDF,61092,,MIDCPNIFTY,,2026-07-28,2026-07-28,,,MIDCPNIFTY26JULFUT,14100.00,14239.30,14003.45,14098.70,14050.85,14251.65,13994.75,14098.70,70920,10800,404,686358930.00,313,F1,120,,,,,
2026-06-08,2026-06-08,FO,NSE,IDO,78006,,MIDCPNIFTY,,2026-06-30,2026-06-30,10800.00,CE,MIDCPNIFTY26JUN10800CE,0.00,0.00,0.00,1634.10,0.00,1634.10,13994.75,3234.55,0,0,0,0.00,0,F1,120,,,,,
2026-06-08,2026-06-08,FO,NSE,IDO,78024,,MIDCPNIFTY,,2026-06-30,2026-06-30,10925.00,CE,MIDCPNIFTY26JUN10925CE,0.00,0.00,0.00,1529.40,0.00,1529.40,13994.75,3110.00,0,0,0,0.00,0,F1,120,,,,,
2026-06-08,2026-06-08,FO,NSE,IDO,78083,,MIDCPNIFTY,,2026-06-30,2026-06-30,11125.00,CE,MIDCPNIFTY26JUN11125CE,0.00,0.00,0.00,1367.90,0.00,1367.90,13994.75,2910.75,0,0,0,0.00,0,F1,120,,,,,
2026-06-08,2026-06-08,FO,NSE,IDO,78087,,MIDCPNIFTY,,2026-06-30,2026-06-30,11175.00,CE,MIDCPNIFTY26JUN11175CE,0.00,0.00,0.00,1328.80,0.00,1328.80,13994.75,2860.90,0,0,0,0.00,0,F1,120,,,,,
2026-06-08,2026-06-08,FO,NSE,IDO,78091,,MIDCPNIFTY,,2026-06-30,2026-06-30,11225.00,CE,MIDCPNIFTY26JUN11225CE,0.00,0.00,0.00,1290.20,0.00,1290.20,13994.75,2811.10,0,0,0,0.00,0,F1,120,,,,,
2026-06-08,2026-06-08,FO,NSE,IDO,78093,,MIDCPNIFTY,,2026-06-30,2026-06-30,11250.00,CE,MIDCPNIFTY26JUN11250CE,0.00,0.00,0.00,1271.15,0.00,1271.15,13994.75,2786.20,0,0,0,0.00,0,F1,120,,,,,
2026-06-08,2026-06-08,FO,NSE,IDO,78279,,MIDCPNIFTY,,2026-06-30,2026-06-30,12250.00,CE,MIDCPNIFTY26JUN12250CE,0.00,0.00,0.00,634.90,0.00,634.90,13994.75,1792.25,0,0,0,0.00,0,F1,120,,,,,
2026-06-08,2026-06-08,FO,NSE,IDO,78287,,MIDCPNIFTY,,2026-06-30,2026-06-30,12350.00,CE,MIDCPNIFTY26JUN12350CE,0.00,0.00,0.00,585.90,0.00,585.90,13994.75,1693.80,0,0,0,0.00,0,F1,120,,,,,
2026-06-08,2026-06-08,FO,NSE,IDO,78479,,MIDCPNIFTY,,2026-06-30,2026-06-30,13075.00,CE,MIDCPNIFTY26JUN13075CE,0.00,0.00,0.00,308.25,0.00,308.25,13994.75,1009.10,0,0,0,0.00,0,F1,120,,,,,
2026-06-08,2026-06-08,FO,NSE,IDO,78624,,MIDCPNIFTY,,2026-06-30,2026-06-30,13725.00,CE,MIDCPNIFTY26JUN13725CE,469.75,550.55,469.75,500.00,497.00,158.95,13994.75,500.00,1320,1320,13,22233546.00,12,F1,120,,,,,
2026-06-08,2026-06-08,FO,NSE,IDO,78626,,MIDCPNIFTY,,2026-06-30,2026-06-30,13750.00,CE,MIDCPNIFTY26JUN13750CE,473.15,536.45,473.15,514.90,514.90,558.75,13994.75,489.95,360,240,4,6847308.00,4,F1,120,,,,,
2026-06-08,2026-06-08,FO,NSE,IDO,78632,,MIDCPNIFTY,,2026-06-30,2026-06-30,13825.00,CE,MIDCPNIFTY26JUN13825CE,413.00,487.95,413.00,468.35,468.35,523.75,13994.75,444.05,600,-120,7,12009588.00,6,F1,120,,,,,
2026-06-08,2026-06-08,FO,NSE,IDO,78644,,MIDCPNIFTY,,2026-06-30,2026-06-30,13975.00,CE,MIDCPNIFTY26JUN13975CE,327.15,415.10,303.60,322.60,316.80,418.65,13994.75,322.60,4440,1680,76,130619496.00,66,F1,120,,,,,
2026-06-08,2026-06-08,FO,NSE,IDO,78646,,MIDCPNIFTY,,2026-06-30,2026-06-30,14000.00,CE,MIDCPNIFTY26JUN14000CE,264.60,412.10,263.05,317.75,298.00,401.55,13994.75,317.75,191880,48600,4887,8415505038.00,3940,F1,120,,,,,
2026-06-08,2026-06-08,FO,NSE,IDO,35104,,MIDCPNIFTY,,2026-06-30,2026-06-30,14450.00,CE,MIDCPNIFTY26JUN14450CE,106.65,184.05,106.65,132.80,120.00,174.20,13994.75,132.80,23760,5640,192,336501378.00,184,F1,120,,,,,
2026-06-08,2026-06-08,FO,NSE,IDO,35106,,MIDCPNIFTY,,2026-06-30,2026-06-30,14475.00,CE,MIDCPNIFTY26JUN14475CE,97.70,173.10,95.55,148.50,148.50,165.20,13994.75,158.80,17760,4680,140,245692134.00,126,F1,120,,,,,
2026-06-08,2026-06-08,FO,NSE,IDO,40732,,MIDCPNIFTY,,2026-06-30,2026-06-30,14950.00,CE,MIDCPNIFTY26JUN14950CE,36.45,49.65,31.65,34.55,35.85,48.70,13994.75,34.55,8400,-480,46,82753974.00,41,F1,120,,,,,
2026-06-08,2026-06-08,FO,NSE,IDO,78785,,MIDCPNIFTY,,2026-06-30,2026-06-30,15200.00,CE,MIDCPNIFTY26JUN15200CE,14.95,25.55,13.80,15.65,14.50,23.20,13994.75,15.65,135120,-22920,1881,3435613980.00,1095,F1,120,,,,,
2026-06-08,2026-06-08,FO,NSE,IDO,78187,,MIDCPNIFTY,,2026-06-30,2026-06-30,11825.00,PE,MIDCPNIFTY26JUN11825PE,0.00,0.00,0.00,327.70,0.00,327.70,13994.75,0.35,0,0,0,0.00,0,F1,120,,,,,
2026-06-08,2026-06-08,FO,NSE,IDO,78133,,MIDCPNIFTY,,2026-06-30,2026-06-30,11725.00,PE,MIDCPNIFTY26JUN11725PE,0.00,0.00,0.00,292.65,0.00,292.65,13994.75,0.20,0,0,0,0.00,0,F1,120,,,,,
2026-06-08,2026-06-08,FO,NSE,IDO,78090,,MIDCPNIFTY,,2026-06-30,2026-06-30,11200.00,PE,MIDCPNIFTY26JUN11200PE,0.00,0.00,0.00,150.05,0.00,150.05,13994.75,0.05,0,0,0,0.00,0,F1,120,,,,,
2026-06-08,2026-06-08,FO,NSE,IDO,78075,,MIDCPNIFTY,,2026-06-30,2026-06-30,11050.00,PE,MIDCPNIFTY26JUN11050PE,0.00,0.00,0.00,120.85,0.00,120.85,13994.75,0.00,0,0,0,0.00,0,F1,120,,,,,
2026-06-08,2026-06-08,FO,NSE,IDO,78019,,MIDCPNIFTY,,2026-06-30,2026-06-30,10850.00,PE,MIDCPNIFTY26JUN10850PE,0.00,0.00,0.00,88.80,0.00,88.80,13994.75,0.00,0,0,0,0.00,0,F1,120,,,,,
2026-06-08,2026-06-08,FO,NSE,IDO,60667,,MIDCPNIFTY,,2026-08-25,2026-08-25,15225.00,CE,MIDCPNIFTY26AUG15225CE,0.00,0.00,0.00,557.85,0.00,557.85,13994.75,251.60,0,0,0,0.00,0,F1,120,,,,,
2026-06-08,2026-06-08,FO,NSE,IDO,60627,,MIDCPNIFTY,,2026-08-25,2026-08-25,14925.00,CE,MIDCPNIFTY26AUG14925CE,0.00,0.00,0.00,686.90,0.00,686.90,13994.75,331.85,0,0,0,0.00,0,F1,120,,,,,
2026-06-08,2026-06-08,FO,NSE,IDO,60591,,MIDCPNIFTY,,2026-08-25,2026-08-25,14600.00,CE,MIDCPNIFTY26AUG14600CE,0.00,0.00,0.00,849.05,0.00,849.05,13994.75,441.05,0,0,0,0.00,0,F1,120,,,,,
2026-06-08,2026-06-08,FO,NSE,IDO,60553,,MIDCPNIFTY,,2026-08-25,2026-08-25,14325.00,CE,MIDCPNIFTY26AUG14325CE,0.00,0.00,0.00,1004.55,0.00,1004.55,13994.75,552.70,0,0,0,0.00,0,F1,120,,,,,
2026-06-08,2026-06-08,FO,NSE,IDO,60549,,MIDCPNIFTY,,2026-08-25,2026-08-25,14275.00,CE,MIDCPNIFTY26AUG14275CE,0.00,0.00,0.00,1034.60,0.00,1034.60,13994.75,574.95,0,0,0,0.00,0,F1,120,,,,,
2026-06-08,2026-06-08,FO,NSE,IDO,60523,,MIDCPNIFTY,,2026-08-25,2026-08-25,14125.00,CE,MIDCPNIFTY26AUG14125CE,0.00,0.00,0.00,1128.15,0.00,1128.15,13994.75,645.60,0,0,0,0.00,0,F1,120,,,,,
2026-06-08,2026-06-08,FO,NSE,IDO,60521,,MIDCPNIFTY,,2026-08-25,2026-08-25,14100.00,CE,MIDCPNIFTY26AUG14100CE,0.00,0.00,0.00,1144.20,0.00,1144.20,13994.75,658.00,0,0,0,0.00,0,F1,120,,,,,
2026-06-08,2026-06-08,FO,NSE,IDO,60445,,MIDCPNIFTY,,2026-08-25,2026-08-25,13425.00,CE,MIDCPNIFTY26AUG13425CE,0.00,0.00,0.00,1626.65,0.00,1626.65,13994.75,1051.00,0,0,0,0.00,0,F1,120,,,,,
2026-06-08,2026-06-08,FO,NSE,IDO,35129,,MIDCPNIFTY,,2026-06-30,2026-06-30,14650.00,PE,MIDCPNIFTY26JUN14650PE,655.20,669.25,613.70,669.25,669.25,467.40,13994.75,669.25,13440,-1320,13,23843502.00,13,F1,120,,,,,
2026-06-08,2026-06-08,FO,NSE,IDO,40735,,MIDCPNIFTY,,2026-06-30,2026-06-30,14950.00,PE,MIDCPNIFTY26JUN14950PE,944.60,944.60,879.00,879.00,879.00,722.30,13994.75,961.00,720,-240,3,5709342.00,3,F1,120,,,,,
2026-06-08,2026-06-08,FO,NSE,IDO,78782,,MIDCPNIFTY,,2026-06-30,2026-06-30,15000.00,PE,MIDCPNIFTY26JUN15000PE,1034.95,1034.95,848.00,962.35,968.50,818.10,13994.75,962.35,36840,-1080,36,68661114.00,24,F1,120,,,,,
2026-06-08,2026-06-08,FO,NSE,IDO,40775,,MIDCPNIFTY,,2026-06-30,2026-06-30,15325.00,PE,MIDCPNIFTY26JUN15325PE,0.00,0.00,0.00,1990.05,0.00,1990.05,13994.75,1298.85,0,0,0,0.00,0,F1,120,,,,,
2026-06-08,2026-06-08,FO,NSE,IDO,40777,,MIDCPNIFTY,,2026-06-30,2026-06-30,15350.00,PE,MIDCPNIFTY26JUN15350PE,0.00,0.00,0.00,2011.90,0.00,2011.90,13994.75,1322.20,0,0,0,0.00,0,F1,120,,,,,
2026-06-08,2026-06-08,FO,NSE,IDO,63390,,MIDCPNIFTY,,2026-07-28,2026-07-28,13225.00,PE,MIDCPNIFTY26JUL13225PE,0.00,0.00,0.00,285.35,0.00,285.35,13994.75,155.25,0,0,0,0.00,0,F1,120,,,,,
2026-06-08,2026-06-08,FO,NSE,IDO,63396,,MIDCPNIFTY,,2026-07-28,2026-07-28,13300.00,PE,MIDCPNIFTY26JUL13300PE,0.00,0.00,0.00,308.35,0.00,308.35,13994.75,174.25,0,0,0,0.00,0,F1,120,,,,,
2026-06-08,2026-06-08,FO,NSE,IDO,63402,,MIDCPNIFTY,,2026-07-28,2026-07-28,13375.00,PE,MIDCPNIFTY26JUL13375PE,0.00,0.00,0.00,332.60,0.00,332.60,13994.75,194.25,0,0,0,0.00,0,F1,120,,,,,
2026-06-08,2026-06-08,FO,NSE,IDO,63410,,MIDCPNIFTY,,2026-07-28,2026-07-28,13475.00,PE,MIDCPNIFTY26JUL13475PE,0.00,0.00,0.00,366.85,0.00,366.85,13994.75,222.95,0,0,0,0.00,0,F1,120,,,,,
2026-06-08,2026-06-08,FO,NSE,IDO,63412,,MIDCPNIFTY,,2026-07-28,2026-07-28,13500.00,PE,MIDCPNIFTY26JUL13500PE,241.25,241.45,180.85,232.40,238.00,175.00,13994.75,232.40,8280,-840,43,70764912.00,40,F1,120,,,,,
2026-06-08,2026-06-08,FO,NSE,IDO,63478,,MIDCPNIFTY,,2026-07-28,2026-07-28,14275.00,PE,MIDCPNIFTY26JUL14275PE,0.00,0.00,0.00,723.60,0.00,723.60,13994.75,569.20,0,0,0,0.00,0,F1,120,,,,,
2026-06-08,2026-06-08,FO,NSE,IDO,63490,,MIDCPNIFTY,,2026-07-28,2026-07-28,14425.00,PE,MIDCPNIFTY26JUL14425PE,0.00,0.00,0.00,806.85,0.00,806.85,13994.75,656.70,0,0,0,0.00,0,F1,120,,,,,
2026-06-08,2026-06-08,FO,NSE,IDO,63492,,MIDCPNIFTY,,2026-07-28,2026-07-28,14450.00,PE,MIDCPNIFTY26JUL14450PE,0.00,0.00,0.00,821.20,0.00,821.20,13994.75,671.95,0,0,0,0.00,0,F1,120,,,,,
2026-06-08,2026-06-08,FO,NSE,IDO,63506,,MIDCPNIFTY,,2026-07-28,2026-07-28,14625.00,PE,MIDCPNIFTY26JUL14625PE,0.00,0.00,0.00,925.60,0.00,925.60,13994.75,783.80,0,0,0,0.00,0,F1,120,,,,,
2026-06-08,2026-06-08,FO,NSE,IDO,63536,,MIDCPNIFTY,,2026-07-28,2026-07-28,14975.00,PE,MIDCPNIFTY26JUL14975PE,0.00,0.00,0.00,1153.45,0.00,1153.45,13994.75,1033.30,0,0,0,0.00,0,F1,120,,,,,
2026-06-08,2026-06-08,FO,NSE,IDO,63540,,MIDCPNIFTY,,2026-07-28,2026-07-28,15025.00,PE,MIDCPNIFTY26JUL15025PE,0.00,0.00,0.00,1187.95,0.00,1187.95,13994.75,1071.40,0,0,0,0.00,0,F1,120,,,,,
2026-06-08,2026-06-08,FO,NSE,IDO,63552,,MIDCPNIFTY,,2026-07-28,2026-07-28,15175.00,PE,MIDCPNIFTY26JUL15175PE,0.00,0.00,0.00,1294.30,0.00,1294.30,13994.75,1188.20,0,0,0,0.00,0,F1,120,,,,,
2026-06-08,2026-06-08,FO,NSE,IDO,63560,,MIDCPNIFTY,,2026-07-28,2026-07-28,15275.00,PE,MIDCPNIFTY26JUL15275PE,0.00,0.00,0.00,1368.05,0.00,1368.05,13994.75,1269.05,0,0,0,0.00,0,F1,120,,,,,
2026-06-08,2026-06-08,FO,NSE,IDO,63586,,MIDCPNIFTY,,2026-07-28,2026-07-28,15600.00,PE,MIDCPNIFTY26JUL15600PE,0.00,0.00,0.00,1616.75,0.00,1616.75,13994.75,1544.20,0,0,0,0.00,0,F1,120,,,,,
2026-06-08,2026-06-08,FO,NSE,IDO,63630,,MIDCPNIFTY,,2026-07-28,2026-07-28,16100.00,PE,MIDCPNIFTY26JUL16100PE,0.00,0.00,0.00,2028.85,0.00,2028.85,13994.75,1995.80,0,0,0,0.00,0,F1,120,,,,,
2026-06-08,2026-06-08,FO,NSE,IDO,60333,,MIDCPNIFTY,,2026-08-25,2026-08-25,12500.00,PE,MIDCPNIFTY26AUG12500PE,0.00,0.00,0.00,51.30,0.00,51.30,13994.75,86.80,0,0,0,0.00,0,F1,120,,,,,
2026-06-08,2026-06-08,FO,NSE,IDO,60434,,MIDCPNIFTY,,2026-08-25,2026-08-25,13275.00,PE,MIDCPNIFTY26AUG13275PE,0.00,0.00,0.00,148.70,0.00,148.70,13994.75,244.10,0,0,0,0.00,0,F1,120,,,,,
2026-06-08,2026-06-08,FO,NSE,IDO,60435,,MIDCPNIFTY,,2026-08-25,2026-08-25,13300.00,CE,MIDCPNIFTY26AUG13300CE,0.00,0.00,0.00,1725.40,0.00,1725.40,13994.75,1136.20,0,0,0,0.00,0,F1,120,,,,,
2026-06-08,2026-06-08,FO,NSE,IDO,60369,,MIDCPNIFTY,,2026-08-25,2026-08-25,12825.00,CE,MIDCPNIFTY26AUG12825CE,0.00,0.00,0.00,2122.75,0.00,2122.75,13994.75,1492.10,0,0,0,0.00,0,F1,120,,,,,
2026-06-08,2026-06-08,FO,NSE,IDO,60347,,MIDCPNIFTY,,2026-08-25,2026-08-25,12625.00,CE,MIDCPNIFTY26AUG12625CE,0.00,0.00,0.00,2299.10,0.00,2299.10,13994.75,1655.35,0,0,0,0.00,0,F1,120,,,,,
2026-06-08,2026-06-08,FO,NSE,IDO,63613,,MIDCPNIFTY,,2026-07-28,2026-07-28,15925.00,CE,MIDCPNIFTY26JUL15925CE,0.00,0.00,0.00,160.85,0.00,160.85,13994.75,51.15,0,0,0,0.00,0,F1,120,,,,,
2026-06-08,2026-06-08,FO,NSE,IDO,63589,,MIDCPNIFTY,,2026-07-28,2026-07-28,15650.00,CE,MIDCPNIFTY26JUL15650CE,0.00,0.00,0.00,207.30,0.00,207.30,13994.75,77.00,0,0,0,0.00,0,F1,120,,,,,
2026-06-08,2026-06-08,FO,NSE,IDO,63565,,MIDCPNIFTY,,2026-07-28,2026-07-28,15350.00,CE,MIDCPNIFTY26JUL15350CE,0.00,0.00,0.00,270.65,0.00,270.65,13994.75,117.20,0,0,0,0.00,0,F1,120,,,,,
2026-06-08,2026-06-08,FO,NSE,IDO,63539,,MIDCPNIFTY,,2026-07-28,2026-07-28,15025.00,CE,MIDCPNIFTY26JUL15025CE,0.00,0.00,0.00,354.80,0.00,354.80,13994.75,179.65,0,0,0,0.00,0,F1,120,,,,,
2026-06-08,2026-06-08,FO,NSE,IDO,63481,,MIDCPNIFTY,,2026-07-28,2026-07-28,14325.00,CE,MIDCPNIFTY26JUL14325CE,0.00,0.00,0.00,607.55,0.00,607.55,13994.75,399.40,0,0,0,0.00,0,F1,120,,,,,
2026-06-08,2026-06-08,FO,NSE,IDO,63469,,MIDCPNIFTY,,2026-07-28,2026-07-28,14175.00,CE,MIDCPNIFTY26JUL14175CE,0.00,0.00,0.00,675.55,0.00,675.55,13994.75,465.20,0,0,0,0.00,0,F1,120,,,,,
2026-06-08,2026-06-08,FO,NSE,IDO,63429,,MIDCPNIFTY,,2026-07-28,2026-07-28,13725.00,CE,MIDCPNIFTY26JUL13725CE,0.00,0.00,0.00,910.60,0.00,910.60,13994.75,705.65,0,0,0,0.00,0,F1,120,,,,,
2026-06-08,2026-06-08,FO,NSE,IDO,63425,,MIDCPNIFTY,,2026-07-28,2026-07-28,13675.00,CE,MIDCPNIFTY26JUL13675CE,0.00,0.00,0.00,939.60,0.00,939.60,13994.75,736.35,0,0,0,0.00,0,F1,120,,,,,
2026-06-08,2026-06-08,FO,NSE,IDO,63413,,MIDCPNIFTY,,2026-07-28,2026-07-28,13525.00,CE,MIDCPNIFTY26JUL13525CE,0.00,0.00,0.00,1030.10,0.00,1030.10,13994.75,833.15,0,0,0,0.00,0,F1,120,,,,,
2026-06-08,2026-06-08,FO,NSE,IDO,63397,,MIDCPNIFTY,,2026-07-28,2026-07-28,13325.00,CE,MIDCPNIFTY26JUL13325CE,0.00,0.00,0.00,1158.75,0.00,1158.75,13994.75,973.30,0,0,0,0.00,0,F1,120,,,,,
2026-06-08,2026-06-08,FO,NSE,IDO,49281,,MIDCPNIFTY,,2026-06-30,2026-06-30,15650.00,CE,MIDCPNIFTY26JUN15650CE,4.90,7.00,3.05,6.00,6.00,6.70,13994.75,10.55,9840,0,5,9393102.00,4,F1,120,,,,,
2026-06-08,2026-06-08,FO,NSE,IDO,35102,,MIDCPNIFTY,,2026-06-30,2026-06-30,14425.00,CE,MIDCPNIFTY26JUN14425CE,131.00,193.95,131.00,142.35,142.35,182.30,13994.75,142.35,15840,4080,133,233047350.00,115,F1,120,,,,,
2026-06-08,2026-06-08,FO,NSE,IDO,78701,,MIDCPNIFTY,,2026-06-30,2026-06-30,14375.00,CE,MIDCPNIFTY26JUN14375CE,137.95,213.85,137.95,158.90,146.95,202.55,13994.75,158.90,20280,3000,82,143308974.00,80,F1,120,,,,,
2026-06-08,2026-06-08,FO,NSE,IDO,78614,,MIDCPNIFTY,,2026-06-30,2026-06-30,13600.00,CE,MIDCPNIFTY26JUN13600CE,535.05,625.00,535.00,585.00,585.00,635.00,13994.75,585.00,840,480,37,62965218.00,29,F1,120,,,,,
2026-06-08,2026-06-08,FO,NSE,IDO,78532,,MIDCPNIFTY,,2026-06-30,2026-06-30,13375.00,CE,MIDCPNIFTY26JUN13375CE,0.00,0.00,0.00,229.80,0.00,229.80,13994.75,757.45,0,0,0,0.00,0,F1,120,,,,,
2026-06-08,2026-06-08,FO,NSE,IDO,78475,,MIDCPNIFTY,,2026-06-30,2026-06-30,13025.00,CE,MIDCPNIFTY26JUN13025CE,0.00,0.00,0.00,323.30,0.00,323.30,13994.75,1053.50,0,0,0,0.00,0,F1,120,,,,,
2026-06-08,2026-06-08,FO,NSE,IDO,78305,,MIDCPNIFTY,,2026-06-30,2026-06-30,12525.00,CE,MIDCPNIFTY26JUN12525CE,0.00,0.00,0.00,506.65,0.00,506.65,13994.75,1522.90,0,0,0,0.00,0,F1,120,,,,,
2026-06-08,2026-06-08,FO,NSE,IDO,78244,,MIDCPNIFTY,,2026-06-30,2026-06-30,12000.00,CE,MIDCPNIFTY26JUN12000CE,0.00,0.00,0.00,2295.75,2295.75,2295.75,13994.75,2039.75,24240,0,0,0.00,0,F1,120,,,,,
2026-06-08,2026-06-08,FO,NSE,IDO,78238,,MIDCPNIFTY,,2026-06-30,2026-06-30,11925.00,CE,MIDCPNIFTY26JUN11925CE,0.00,0.00,0.00,812.80,0.00,812.80,13994.75,2114.20,0,0,0,0.00,0,F1,120,,,,,
2026-06-08,2026-06-08,FO,NSE,IDO,78125,,MIDCPNIFTY,,2026-06-30,2026-06-30,11650.00,CE,MIDCPNIFTY26JUN11650CE,0.00,0.00,0.00,985.50,0.00,985.50,13994.75,2387.80,0,0,0,0.00,0,F1,120,,,,,
2026-06-08,2026-06-08,FO,NSE,IDO,78123,,MIDCPNIFTY,,2026-06-30,2026-06-30,11625.00,CE,MIDCPNIFTY26JUN11625CE,0.00,0.00,0.00,1002.15,0.00,1002.15,13994.75,2412.70,0,0,0,0.00,0,F1,120,,,,,
2026-06-08,2026-06-08,FO,NSE,IDO,78119,,MIDCPNIFTY,,2026-06-30,2026-06-30,11575.00,CE,MIDCPNIFTY26JUN11575CE,0.00,0.00,0.00,1036.00,0.00,1036.00,13994.75,2462.45,0,0,0,0.00,0,F1,120,,,,,
2026-06-08,2026-06-08,FO,NSE,IDO,78085,,MIDCPNIFTY,,2026-06-30,2026-06-30,11150.00,CE,MIDCPNIFTY26JUN11150CE,0.00,0.00,0.00,1348.30,0.00,1348.30,13994.75,2885.85,0,0,0,0.00,0,F1,120,,,,,
2026-06-08,2026-06-08,FO,NSE,IDO,60450,,MIDCPNIFTY,,2026-08-25,2026-08-25,13475.00,PE,MIDCPNIFTY26AUG13475PE,0.00,0.00,0.00,188.25,0.00,188.25,13994.75,304.95,0,0,0,0.00,0,F1,120,,,,,
2026-06-08,2026-06-08,FO,NSE,IDO,60506,,MIDCPNIFTY,,2026-08-25,2026-08-25,13925.00,PE,MIDCPNIFTY26AUG13925PE,0.00,0.00,0.00,304.05,0.00,304.05,13994.75,479.30,0,0,0,0.00,0,F1,120,,,,,
2026-06-08,2026-06-08,FO,NSE,IDO,60574,,MIDCPNIFTY,,2026-08-25,2026-08-25,14425.00,PE,MIDCPNIFTY26AUG14425PE,0.00,0.00,0.00,482.35,0.00,482.35,13994.75,733.30,0,0,0,0.00,0,F1,120,,,,,
2026-06-08,2026-06-08,FO,NSE,IDO,60576,,MIDCPNIFTY,,2026-08-25,2026-08-25,14450.00,PE,MIDCPNIFTY26AUG14450PE,0.00,0.00,0.00,492.70,0.00,492.70,13994.75,747.65,0,0,0,0.00,0,F1,120,,,,,
2026-06-08,2026-06-08,FO,NSE,IDO,78684,,MIDCPNIFTY,,2026-06-30,2026-06-30,14300.00,PE,MIDCPNIFTY26JUN14300PE,477.35,483.55,338.40,438.80,448.90,323.10,13994.75,438.80,350280,-13200,1416,2496714768.00,1134,F1,120,,,,,
2026-06-08,2026-06-08,FO,NSE,IDO,78700,,MIDCPNIFTY,,2026-06-30,2026-06-30,14350.00,PE,MIDCPNIFTY26JUN14350PE,480.20,484.55,366.35,478.85,483.95,348.65,13994.75,478.85,10800,-1320,43,76221606.00,40,F1,120,,,,,
2026-06-08,2026-06-08,FO,NSE,IDO,78647,,MIDCPNIFTY,,2026-06-30,2026-06-30,14000.00,PE,MIDCPNIFTY26JUN14000PE,250.00,308.60,202.00,270.15,282.95,191.25,13994.75,270.15,475200,99120,10720,18325013118.00,9003,F1,120,,,,,
2026-06-08,2026-06-08,FO,NSE,IDO,78641,,MIDCPNIFTY,,2026-06-30,2026-06-30,13925.00,PE,MIDCPNIFTY26JUN13925PE,241.05,258.50,174.75,243.00,248.30,157.95,13994.75,243.00,15480,13800,351,595445412.00,332,F1,120,,,,,
2026-06-08,2026-06-08,FO,NSE,IDO,78619,,MIDCPNIFTY,,2026-06-30,2026-06-30,13650.00,PE,MIDCPNIFTY26JUN13650PE,150.00,156.15,100.20,141.05,150.75,94.45,13994.75,141.05,6120,960,149,246167790.00,120,F1,120,,,,,
2026-06-08,2026-06-08,FO,NSE,IDO,78594,,MIDCPNIFTY,,2026-06-30,2026-06-30,13550.00,PE,MIDCPNIFTY26JUN13550PE,104.80,126.45,82.00,117.15,122.55,76.35,13994.75,117.15,3000,600,78,127736544.00,74,F1,120,,,,,
2026-06-08,2026-06-08,FO,NSE,IDO,78480,,MIDCPNIFTY,,2026-06-30,2026-06-30,13075.00,PE,MIDCPNIFTY26JUN13075PE,0.00,0.00,0.00,18.85,18.85,18.85,13994.75,41.20,1680,0,0,0.00,0,F1,120,,,,,
2026-06-08,2026-06-08,FO,NSE,IDO,78264,,MIDCPNIFTY,,2026-06-30,2026-06-30,12075.00,PE,MIDCPNIFTY26JUN12075PE,0.00,0.00,0.00,2.55,2.55,2.55,13994.75,1.10,360,0,0,0.00,0,F1,120,,,,,
2026-06-08,2026-06-08,FO,NSE,IDO,78134,,MIDCPNIFTY,,2026-06-30,2026-06-30,11750.00,CE,MIDCPNIFTY26JUN11750CE,0.00,0.00,0.00,920.40,0.00,920.40,13994.75,2288.25,0,0,0,0.00,0,F1,120,,,,,
2026-06-08,2026-06-08,FO,NSE,IDO,78151,,MIDCPNIFTY,,2026-06-30,2026-06-30,11775.00,CE,MIDCPNIFTY26JUN11775CE,0.00,0.00,0.00,904.50,0.00,904.50,13994.75,2263.40,0,0,0,0.00,0,F1,120,,,,,
2026-06-08,2026-06-08,FO,NSE,IDO,78259,,MIDCPNIFTY,,2026-06-30,2026-06-30,12025.00,CE,MIDCPNIFTY26JUN12025CE,0.00,0.00,0.00,755.00,0.00,755.00,13994.75,2014.90,0,0,0,0.00,0,F1,120,,,,,
2026-06-08,2026-06-08,FO,NSE,IDO,78265,,MIDCPNIFTY,,2026-06-30,2026-06-30,12100.00,CE,MIDCPNIFTY26JUN12100CE,0.00,0.00,0.00,713.45,0.00,713.45,13994.75,1940.55,0,0,0,0.00,0,F1,120,,,,,
2026-06-08,2026-06-08,FO,NSE,IDO,78281,,MIDCPNIFTY,,2026-06-30,2026-06-30,12275.00,CE,MIDCPNIFTY26JUN12275CE,0.00,0.00,0.00,622.40,0.00,622.40,13994.75,1767.60,0,0,0,0.00,0,F1,120,,,,,
2026-06-08,2026-06-08,FO,NSE,IDO,78365,,MIDCPNIFTY,,2026-06-30,2026-06-30,12800.00,CE,MIDCPNIFTY26JUN12800CE,0.00,0.00,0.00,398.20,0.00,398.20,13994.75,1260.05,0,0,0,0.00,0,F1,120,,,,,
2026-06-08,2026-06-08,FO,NSE,IDO,78369,,MIDCPNIFTY,,2026-06-30,2026-06-30,12850.00,CE,MIDCPNIFTY26JUN12850CE,0.00,0.00,0.00,380.55,0.00,380.55,13994.75,1213.30,0,0,0,0.00,0,F1,120,,,,,
2026-06-08,2026-06-08,FO,NSE,IDO,78389,,MIDCPNIFTY,,2026-06-30,2026-06-30,13000.00,CE,MIDCPNIFTY26JUN13000CE,1120.00,1199.35,1120.00,1137.25,1137.25,1222.40,13994.75,1075.95,3600,-240,4,6798282.00,4,F1,120,,,,,
2026-06-08,2026-06-08,FO,NSE,IDO,78477,,MIDCPNIFTY,,2026-06-30,2026-06-30,13050.00,CE,MIDCPNIFTY26JUN13050CE,0.00,0.00,0.00,315.70,0.00,315.70,13994.75,1031.20,0,0,0,0.00,0,F1,120,,,,,
2026-06-08,2026-06-08,FO,NSE,IDO,78537,,MIDCPNIFTY,,2026-06-30,2026-06-30,13400.00,CE,MIDCPNIFTY26JUN13400CE,0.00,0.00,0.00,1045.40,1045.40,1045.40,13994.75,737.85,120,0,0,0.00,0,F1,120,,,,,
2026-06-08,2026-06-08,FO,NSE,IDO,78601,,MIDCPNIFTY,,2026-06-30,2026-06-30,13575.00,CE,MIDCPNIFTY26JUN13575CE,0.00,0.00,0.00,186.55,0.00,186.55,13994.75,607.25,0,0,0,0.00,0,F1,120,,,,,
2026-06-08,2026-06-08,FO,NSE,IDO,78620,,MIDCPNIFTY,,2026-06-30,2026-06-30,13675.00,CE,MIDCPNIFTY26JUN13675CE,0.00,0.00,0.00,167.75,0.00,167.75,13994.75,538.50,0,0,0,0.00,0,F1,120,,,,,
2026-06-08,2026-06-08,FO,NSE,IDO,78662,,MIDCPNIFTY,,2026-06-30,2026-06-30,14200.00,CE,MIDCPNIFTY26JUN14200CE,200.00,297.40,176.00,221.60,204.00,284.35,13994.75,221.60,188040,-21840,4597,7972580946.00,3962,F1,120,,,,,
2026-06-08,2026-06-08,FO,NSE,IDO,78678,,MIDCPNIFTY,,2026-06-30,2026-06-30,14275.00,CE,MIDCPNIFTY26JUN14275CE,179.95,258.25,179.95,196.60,180.00,249.10,13994.75,196.60,10560,-3360,179,311506578.00,173,F1,120,,,,,
2026-06-08,2026-06-08,FO,NSE,IDO,78699,,MIDCPNIFTY,,2026-06-30,2026-06-30,14350.00,CE,MIDCPNIFTY26JUN14350CE,147.45,224.35,145.65,158.05,146.40,214.10,13994.75,158.05,26040,-1920,206,359506332.00,200,F1,120,,,,,
2026-06-08,2026-06-08,FO,NSE,IDO,35124,,MIDCPNIFTY,,2026-06-30,2026-06-30,14625.00,CE,MIDCPNIFTY26JUN14625CE,81.50,125.30,73.50,80.70,74.85,115.90,13994.75,80.70,7440,0,89,157282446.00,74,F1,120,,,,,
2026-06-08,2026-06-08,FO,NSE,IDO,78775,,MIDCPNIFTY,,2026-06-30,2026-06-30,14700.00,CE,MIDCPNIFTY26JUN14700CE,60.00,105.00,53.70,67.55,62.90,95.50,13994.75,67.55,264120,-25440,3435,6092676606.00,2597,F1,120,,,,,
2026-06-08,2026-06-08,FO,NSE,IDO,40730,,MIDCPNIFTY,,2026-06-30,2026-06-30,14925.00,CE,MIDCPNIFTY26JUN14925CE,40.00,51.15,39.85,39.85,39.85,52.00,13994.75,39.85,3480,360,15,26946198.00,10,F1,120,,,,,
2026-06-08,2026-06-08,FO,NSE,IDO,40772,,MIDCPNIFTY,,2026-06-30,2026-06-30,15275.00,CE,MIDCPNIFTY26JUN15275CE,17.30,17.30,11.70,11.70,11.70,19.20,13994.75,11.70,1920,0,3,5504520.00,3,F1,120,,,,,
2026-06-08,2026-06-08,FO,NSE,IDO,78826,,MIDCPNIFTY,,2026-06-30,2026-06-30,16000.00,CE,MIDCPNIFTY26JUN16000CE,2.75,3.05,1.80,2.00,1.90,3.05,13994.75,2.00,404760,6240,879,1687939818.00,366,F1,120,,,,,
2026-06-08,2026-06-08,FO,NSE,IDO,63331,,MIDCPNIFTY,,2026-07-28,2026-07-28,12500.00,CE,MIDCPNIFTY26JUL12500CE,0.00,0.00,0.00,1777.35,0.00,1777.35,13994.75,1652.80,0,0,0,0.00,0,F1,120,,,,,
2026-06-08,2026-06-08,FO,NSE,IDO,63333,,MIDCPNIFTY,,2026-07-28,2026-07-28,12525.00,CE,MIDCPNIFTY26JUL12525CE,0.00,0.00,0.00,1756.80,0.00,1756.80,13994.75,1630.30,0,0,0,0.00,0,F1,120,,,,,
2026-06-08,2026-06-08,FO,NSE,IDO,63349,,MIDCPNIFTY,,2026-07-28,2026-07-28,12725.00,CE,MIDCPNIFTY26JUL12725CE,0.00,0.00,0.00,1595.95,0.00,1595.95,13994.75,1453.60,0,0,0,0.00,0,F1,120,,,,,
2026-06-08,2026-06-08,FO,NSE,IDO,63379,,MIDCPNIFTY,,2026-07-28,2026-07-28,13100.00,CE,MIDCPNIFTY26JUL13100CE,0.00,0.00,0.00,1314.65,0.00,1314.65,13994.75,1143.10,0,0,0,0.00,0,F1,120,,,,,
2026-06-08,2026-06-08,FO,NSE,IDO,63405,,MIDCPNIFTY,,2026-07-28,2026-07-28,13425.00,CE,MIDCPNIFTY26JUL13425CE,0.00,0.00,0.00,1093.30,0.00,1093.30,13994.75,901.45,0,0,0,0.00,0,F1,120,,,,,
2026-06-08,2026-06-08,FO,NSE,IDO,63427,,MIDCPNIFTY,,2026-07-28,2026-07-28,13700.00,CE,MIDCPNIFTY26JUL13700CE,0.00,0.00,0.00,925.05,0.00,925.05,13994.75,720.90,0,0,0,0.00,0,F1,120,,,,,
2026-06-08,2026-06-08,FO,NSE,IDO,63441,,MIDCPNIFTY,,2026-07-28,2026-07-28,13875.00,CE,MIDCPNIFTY26JUL13875CE,0.00,0.00,0.00,827.05,0.00,827.05,13994.75,618.30,0,0,0,0.00,0,F1,120,,,,,
2026-06-08,2026-06-08,FO,NSE,IDO,63445,,MIDCPNIFTY,,2026-07-28,2026-07-28,13900.00,CE,MIDCPNIFTY26JUL13900CE,0.00,0.00,0.00,813.60,0.00,813.60,13994.75,604.45,0,0,0,0.00,0,F1,120,,,,,
2026-06-08,2026-06-08,FO,NSE,IDO,63465,,MIDCPNIFTY,,2026-07-28,2026-07-28,14125.00,CE,MIDCPNIFTY26JUL14125CE,0.00,0.00,0.00,699.35,0.00,699.35,13994.75,488.70,0,0,0,0.00,0,F1,120,,,,,
2026-06-08,2026-06-08,FO,NSE,IDO,63495,,MIDCPNIFTY,,2026-07-28,2026-07-28,14500.00,CE,MIDCPNIFTY26JUL14500CE,0.00,0.00,0.00,534.65,0.00,534.65,13994.75,331.40,0,0,0,0.00,0,F1,120,,,,,
2026-06-08,2026-06-08,FO,NSE,IDO,63501,,MIDCPNIFTY,,2026-07-28,2026-07-28,14575.00,CE,MIDCPNIFTY26JUL14575CE,0.00,0.00,0.00,505.50,0.00,505.50,13994.75,305.05,0,0,0,0.00,0,F1,120,,,,,
2026-06-08,2026-06-08,FO,NSE,IDO,63525,,MIDCPNIFTY,,2026-07-28,2026-07-28,14875.00,CE,MIDCPNIFTY26JUL14875CE,0.00,0.00,0.00,400.55,0.00,400.55,13994.75,215.15,0,0,0,0.00,0,F1,120,,,,,
2026-06-08,2026-06-08,FO,NSE,IDO,63531,,MIDCPNIFTY,,2026-07-28,2026-07-28,14925.00,CE,MIDCPNIFTY26JUL14925CE,0.00,0.00,0.00,384.80,0.00,384.80,13994.75,203.10,0,0,0,0.00,0,F1,120,,,,,
2026-06-08,2026-06-08,FO,NSE,IDO,63543,,MIDCPNIFTY,,2026-07-28,2026-07-28,15075.00,CE,MIDCPNIFTY26JUL15075CE,0.00,0.00,0.00,340.50,0.00,340.50,13994.75,168.10,0,0,0,0.00,0,F1,120,,,,,
2026-06-08,2026-06-08,FO,NSE,IDO,63577,,MIDCPNIFTY,,2026-07-28,2026-07-28,15500.00,CE,MIDCPNIFTY26JUL15500CE,0.00,0.00,0.00,237.05,0.00,237.05,13994.75,95.35,0,0,0,0.00,0,F1,120,,,,,
2026-06-08,2026-06-08,FO,NSE,IDO,63583,,MIDCPNIFTY,,2026-07-28,2026-07-28,15575.00,CE,MIDCPNIFTY26JUL15575CE,0.00,0.00,0.00,221.75,0.00,221.75,13994.75,85.75,0,0,0,0.00,0,F1,120,,,,,
2026-06-08,2026-06-08,FO,NSE,IDO,63599,,MIDCPNIFTY,,2026-07-28,2026-07-28,15775.00,CE,MIDCPNIFTY26JUL15775CE,0.00,0.00,0.00,184.95,0.00,184.95,13994.75,64.10,0,0,0,0.00,0,F1,120,,,,,
2026-06-08,2026-06-08,FO,NSE,IDO,63601,,MIDCPNIFTY,,2026-07-28,2026-07-28,15800.00,CE,MIDCPNIFTY26JUL15800CE,0.00,0.00,0.00,180.70,0.00,180.70,13994.75,61.80,0,0,0,0.00,0,F1,120,,,,,
2026-06-08,2026-06-08,FO,NSE,IDO,63605,,MIDCPNIFTY,,2026-07-28,2026-07-28,15850.00,CE,MIDCPNIFTY26JUL15850CE,0.00,0.00,0.00,172.55,0.00,172.55,13994.75,57.30,0,0,0,0.00,0,F1,120,,,,,
2026-06-08,2026-06-08,FO,NSE,IDO,60480,,MIDCPNIFTY,,2026-08-25,2026-08-25,13675.00,CE,MIDCPNIFTY26AUG13675CE,0.00,0.00,0.00,1438.15,0.00,1438.15,13994.75,892.00,0,0,0,0.00,0,F1,120,,,,,
2026-06-08,2026-06-08,FO,NSE,IDO,60490,,MIDCPNIFTY,,2026-08-25,2026-08-25,13750.00,CE,MIDCPNIFTY26AUG13750CE,0.00,0.00,0.00,1383.65,0.00,1383.65,13994.75,847.35,0,0,0,0.00,0,F1,120,,,,,
2026-06-08,2026-06-08,FO,NSE,IDO,60503,,MIDCPNIFTY,,2026-08-25,2026-08-25,13900.00,CE,MIDCPNIFTY26AUG13900CE,0.00,0.00,0.00,1277.50,0.00,1277.50,13994.75,762.35,0,0,0,0.00,0,F1,120,,,,,
2026-06-08,2026-06-08,FO,NSE,IDO,60613,,MIDCPNIFTY,,2026-08-25,2026-08-25,14750.00,CE,MIDCPNIFTY26AUG14750CE,0.00,0.00,0.00,771.30,0.00,771.30,13994.75,387.70,0,0,0,0.00,0,F1,120,,,,,
2026-06-08,2026-06-08,FO,NSE,IDO,60615,,MIDCPNIFTY,,2026-08-25,2026-08-25,14775.00,CE,MIDCPNIFTY26AUG14775CE,0.00,0.00,0.00,758.85,0.00,758.85,13994.75,379.30,0,0,0,0.00,0,F1,120,,,,,
2026-06-08,2026-06-08,FO,NSE,IDO,60633,,MIDCPNIFTY,,2026-08-25,2026-08-25,14950.00,CE,MIDCPNIFTY26AUG14950CE,0.00,0.00,0.00,675.40,0.00,675.40,13994.75,324.40,0,0,0,0.00,0,F1,120,,,,,
2026-06-08,2026-06-08,FO,NSE,IDO,60679,,MIDCPNIFTY,,2026-08-25,2026-08-25,15375.00,CE,MIDCPNIFTY26AUG15375CE,0.00,0.00,0.00,500.45,0.00,500.45,13994.75,217.15,0,0,0,0.00,0,F1,120,,,,,
2026-06-08,2026-06-08,FO,NSE,IDO,60685,,MIDCPNIFTY,,2026-08-25,2026-08-25,15425.00,CE,MIDCPNIFTY26AUG15425CE,0.00,0.00,0.00,482.35,0.00,482.35,13994.75,206.65,0,0,0,0.00,0,F1,120,,,,,
2026-06-08,2026-06-08,FO,NSE,IDO,60705,,MIDCPNIFTY,,2026-08-25,2026-08-25,15600.00,CE,MIDCPNIFTY26AUG15600CE,0.00,0.00,0.00,422.85,0.00,422.85,13994.75,173.25,0,0,0,0.00,0,F1,120,,,,,
2026-06-08,2026-06-08,FO,NSE,IDO,78007,,MIDCPNIFTY,,2026-06-30,2026-06-30,10800.00,PE,MIDCPNIFTY26JUN10800PE,0.00,0.00,0.00,81.90,0.00,81.90,13994.75,0.00,0,0,0,0.00,0,F1,120,,,,,
2026-06-08,2026-06-08,FO,NSE,IDO,78229,,MIDCPNIFTY,,2026-06-30,2026-06-30,11850.00,PE,MIDCPNIFTY26JUN11850PE,0.00,0.00,0.00,336.90,0.00,336.90,13994.75,0.40,0,0,0,0.00,0,F1,120,,,,,
2026-06-08,2026-06-08,FO,NSE,IDO,78235,,MIDCPNIFTY,,2026-06-30,2026-06-30,11875.00,PE,MIDCPNIFTY26JUN11875PE,0.00,0.00,0.00,346.25,0.00,346.25,13994.75,0.45,0,0,0,0.00,0,F1,120,,,,,
2026-06-08,2026-06-08,FO,NSE,IDO,78284,,MIDCPNIFTY,,2026-06-30,2026-06-30,12300.00,PE,MIDCPNIFTY26JUN12300PE,5.60,6.80,5.60,6.75,6.80,3.85,13994.75,6.75,1440,0,12,17720952.00,8,F1,120,,,,,
2026-06-08,2026-06-08,FO,NSE,IDO,78312,,MIDCPNIFTY,,2026-06-30,2026-06-30,12600.00,PE,MIDCPNIFTY26JUN12600PE,10.10,13.90,8.85,12.35,13.90,7.50,13994.75,12.35,9120,3840,242,366207780.00,153,F1,120,,,,,
2026-06-08,2026-06-08,FO,NSE,IDO,78362,,MIDCPNIFTY,,2026-06-30,2026-06-30,12750.00,PE,MIDCPNIFTY26JUN12750PE,15.35,24.10,5.15,18.90,19.10,7.80,13994.75,18.90,720,360,50,76589796.00,32,F1,120,,,,,
2026-06-08,2026-06-08,FO,NSE,IDO,78523,,MIDCPNIFTY,,2026-06-30,2026-06-30,13325.00,PE,MIDCPNIFTY26JUN13325PE,65.55,73.60,55.50,70.75,72.40,43.55,13994.75,70.75,1800,120,20,32134548.00,15,F1,120,,,,,
2026-06-08,2026-06-08,FO,NSE,IDO,78602,,MIDCPNIFTY,,2026-06-30,2026-06-30,13575.00,PE,MIDCPNIFTY26JUN13575PE,119.90,119.90,86.35,109.00,109.00,80.30,13994.75,137.50,2640,480,44,72222192.00,44,F1,120,,,,,
2026-06-08,2026-06-08,FO,NSE,IDO,78625,,MIDCPNIFTY,,2026-06-30,2026-06-30,13725.00,PE,MIDCPNIFTY26JUN13725PE,146.55,170.80,121.80,164.45,163.20,109.25,13994.75,164.45,2640,960,47,78218712.00,42,F1,120,,,,,
2026-06-08,2026-06-08,FO,NSE,IDO,78633,,MIDCPNIFTY,,2026-06-30,2026-06-30,13825.00,PE,MIDCPNIFTY26JUN13825PE,193.65,215.60,144.00,201.35,199.75,133.55,13994.75,201.35,2520,360,208,349174746.00,164,F1,120,,,,,
2026-06-08,2026-06-08,FO,NSE,IDO,78784,,MIDCPNIFTY,,2026-06-30,2026-06-30,15100.00,PE,MIDCPNIFTY26JUN15100PE,1000.00,1000.00,1000.00,1000.00,1000.00,919.40,13994.75,1092.85,12960,-360,3,5796000.00,1,F1,120,,,,,
2026-06-08,2026-06-08,FO,NSE,IDO,78786,,MIDCPNIFTY,,2026-06-30,2026-06-30,15200.00,PE,MIDCPNIFTY26JUN15200PE,0.00,0.00,0.00,956.85,956.85,956.85,13994.75,1183.35,120,0,0,0.00,0,F1,120,,,,,
2026-06-08,2026-06-08,FO,NSE,IDO,63322,,MIDCPNIFTY,,2026-07-28,2026-07-28,12375.00,PE,MIDCPNIFTY26JUL12375PE,0.00,0.00,0.00,102.90,0.00,102.90,13994.75,32.95,0,0,0,0.00,0,F1,120,,,,,
2026-06-08,2026-06-08,FO,NSE,IDO,63328,,MIDCPNIFTY,,2026-07-28,2026-07-28,12450.00,PE,MIDCPNIFTY26JUL12450PE,0.00,0.00,0.00,113.95,0.00,113.95,13994.75,38.65,0,0,0,0.00,0,F1,120,,,,,
2026-06-08,2026-06-08,FO,NSE,IDO,63372,,MIDCPNIFTY,,2026-07-28,2026-07-28,13000.00,PE,MIDCPNIFTY26JUL13000PE,0.00,0.00,0.00,224.40,0.00,224.40,13994.75,108.30,0,0,0,0.00,0,F1,120,,,,,
2026-06-08,2026-06-08,FO,NSE,IDO,63380,,MIDCPNIFTY,,2026-07-28,2026-07-28,13100.00,PE,MIDCPNIFTY26JUL13100PE,0.00,0.00,0.00,250.40,0.00,250.40,13994.75,127.60,0,0,0,0.00,0,F1,120,,,,,
2026-06-08,2026-06-08,FO,NSE,IDO,63388,,MIDCPNIFTY,,2026-07-28,2026-07-28,13200.00,PE,MIDCPNIFTY26JUL13200PE,0.00,0.00,0.00,278.00,0.00,278.00,13994.75,149.40,0,0,0,0.00,0,F1,120,,,,,
2026-06-08,2026-06-08,FO,NSE,IDO,63394,,MIDCPNIFTY,,2026-07-28,2026-07-28,13275.00,PE,MIDCPNIFTY26JUL13275PE,0.00,0.00,0.00,300.55,0.00,300.55,13994.75,167.40,0,0,0,0.00,0,F1,120,,,,,
2026-06-08,2026-06-08,FO,NSE,IDO,63408,,MIDCPNIFTY,,2026-07-28,2026-07-28,13450.00,PE,MIDCPNIFTY26JUL13450PE,0.00,0.00,0.00,358.05,0.00,358.05,13994.75,215.35,0,0,0,0.00,0,F1,120,,,,,
2026-06-08,2026-06-08,FO,NSE,IDO,63436,,MIDCPNIFTY,,2026-07-28,2026-07-28,13800.00,PE,MIDCPNIFTY26JUL13800PE,0.00,0.00,0.00,493.90,0.00,493.90,13994.75,339.15,0,0,0,0.00,0,F1,120,,,,,
2026-06-08,2026-06-08,FO,NSE,IDO,63438,,MIDCPNIFTY,,2026-07-28,2026-07-28,13825.00,PE,MIDCPNIFTY26JUL13825PE,0.00,0.00,0.00,504.70,0.00,504.70,13994.75,349.45,0,0,0,0.00,0,F1,120,,,,,
2026-06-08,2026-06-08,FO,NSE,IDO,63454,,MIDCPNIFTY,,2026-07-28,2026-07-28,13975.00,PE,MIDCPNIFTY26JUL13975PE,0.00,0.00,0.00,572.45,0.00,572.45,13994.75,415.50,0,0,0,0.00,0,F1,120,,,,,
2026-06-08,2026-06-08,FO,NSE,IDO,63470,,MIDCPNIFTY,,2026-07-28,2026-07-28,14175.00,PE,MIDCPNIFTY26JUL14175PE,0.00,0.00,0.00,670.90,0.00,670.90,13994.75,514.80,0,0,0,0.00,0,F1,120,,,,,
2026-06-08,2026-06-08,FO,NSE,IDO,63530,,MIDCPNIFTY,,2026-07-28,2026-07-28,14900.00,PE,MIDCPNIFTY26JUL14900PE,0.00,0.00,0.00,1102.55,0.00,1102.55,13994.75,976.65,0,0,0,0.00,0,F1,120,,,,,
2026-06-08,2026-06-08,FO,NSE,IDO,60348,,MIDCPNIFTY,,2026-08-25,2026-08-25,12625.00,PE,MIDCPNIFTY26AUG12625PE,0.00,0.00,0.00,62.00,0.00,62.00,13994.75,104.50,0,0,0,0.00,0,F1,120,,,,,
2026-06-08,2026-06-08,FO,NSE,IDO,60522,,MIDCPNIFTY,,2026-08-25,2026-08-25,14100.00,PE,MIDCPNIFTY26AUG14100PE,0.00,0.00,0.00,360.30,0.00,360.30,13994.75,561.00,0,0,0,0.00,0,F1,120,,,,,
2026-06-08,2026-06-08,FO,NSE,IDO,60558,,MIDCPNIFTY,,2026-08-25,2026-08-25,14375.00,PE,MIDCPNIFTY26AUG14375PE,0.00,0.00,0.00,462.05,0.00,462.05,13994.75,705.10,0,0,0,0.00,0,F1,120,,,,,
2026-06-08,2026-06-08,FO,NSE,IDO,60620,,MIDCPNIFTY,,2026-08-25,2026-08-25,14825.00,PE,MIDCPNIFTY26AUG14825PE,0.00,0.00,0.00,664.65,0.00,664.65,13994.75,980.55,0,0,0,0.00,0,F1,120,,,,,
2026-06-08,2026-06-08,FO,NSE,IDO,60686,,MIDCPNIFTY,,2026-08-25,2026-08-25,15425.00,PE,MIDCPNIFTY26AUG15425PE,0.00,0.00,0.00,1003.85,0.00,1003.85,13994.75,1415.70,0,0,0,0.00,0,F1,120,,,,,
2026-06-08,2026-06-08,FO,NSE,IDO,60762,,MIDCPNIFTY,,2026-08-25,2026-08-25,16100.00,PE,MIDCPNIFTY26AUG16100PE,0.00,0.00,0.00,1471.15,0.00,1471.15,13994.75,1975.95,0,0,0,0.00,0,F1,120,,,,,
2026-06-08,2026-06-08,FO,NSE,IDO,78097,,MIDCPNIFTY,,2026-06-30,2026-06-30,11300.00,CE,MIDCPNIFTY26JUN11300CE,0.00,0.00,0.00,3000.00,3000.00,3000.00,13994.75,2736.40,240,0,0,0.00,0,F1,120,,,,,
2026-06-08,2026-06-08,FO,NSE,IDO,78115,,MIDCPNIFTY,,2026-06-30,2026-06-30,11525.00,CE,MIDCPNIFTY26JUN11525CE,0.00,0.00,0.00,1071.00,0.00,1071.00,13994.75,2512.25,0,0,0,0.00,0,F1,120,,,,,
2026-06-08,2026-06-08,FO,NSE,IDO,60693,,MIDCPNIFTY,,2026-08-25,2026-08-25,15500.00,CE,MIDCPNIFTY26AUG15500CE,0.00,0.00,0.00,456.10,0.00,456.10,13994.75,191.75,0,0,0,0.00,0,F1,120,,,,,
2026-06-08,2026-06-08,FO,NSE,IDO,60771,,MIDCPNIFTY,,2026-08-25,2026-08-25,16200.00,CE,MIDCPNIFTY26AUG16200CE,0.00,0.00,0.00,262.00,0.00,262.00,13994.75,90.85,0,0,0,0.00,0,F1,120,,,,,
2026-06-08,2026-06-08,FO,NSE,IDO,78067,,MIDCPNIFTY,,2026-06-30,2026-06-30,11000.00,PE,MIDCPNIFTY26JUN11000PE,0.00,0.00,0.00,1.70,1.70,1.70,13994.75,0.00,5280,0,0,0.00,0,F1,120,,,,,
2026-06-08,2026-06-08,FO,NSE,IDO,78098,,MIDCPNIFTY,,2026-06-30,2026-06-30,11300.00,PE,MIDCPNIFTY26JUN11300PE,0.00,0.00,0.00,172.20,0.00,172.20,13994.75,0.05,0,0,0,0.00,0,F1,120,,,,,
2026-06-08,2026-06-08,FO,NSE,IDO,78135,,MIDCPNIFTY,,2026-06-30,2026-06-30,11750.00,PE,MIDCPNIFTY26JUN11750PE,0.00,0.00,0.00,0.05,0.05,0.05,13994.75,0.25,120,0,0,0.00,0,F1,120,,,,,
2026-06-08,2026-06-08,FO,NSE,IDO,78241,,MIDCPNIFTY,,2026-06-30,2026-06-30,11950.00,PE,MIDCPNIFTY26JUN11950PE,0.00,0.00,0.00,375.30,0.00,375.30,13994.75,0.65,0,0,0,0.00,0,F1,120,,,,,
2026-06-08,2026-06-08,FO,NSE,IDO,78290,,MIDCPNIFTY,,2026-06-30,2026-06-30,12375.00,PE,MIDCPNIFTY26JUN12375PE,0.00,0.00,0.00,6.95,6.95,6.95,13994.75,3.95,120,0,0,0.00,0,F1,120,,,,,
2026-06-08,2026-06-08,FO,NSE,IDO,78304,,MIDCPNIFTY,,2026-06-30,2026-06-30,12500.00,PE,MIDCPNIFTY26JUN12500PE,9.40,11.70,7.40,10.60,11.70,6.55,13994.75,10.60,162240,9600,1733,2601401502.00,922,F1,120,,,,,
2026-06-08,2026-06-08,FO,NSE,IDO,78366,,MIDCPNIFTY,,2026-06-30,2026-06-30,12800.00,PE,MIDCPNIFTY26JUN12800PE,16.85,21.70,14.20,19.80,21.45,10.85,13994.75,19.80,132480,2520,1070,1645764264.00,621,F1,120,,,,,
2026-06-08,2026-06-08,FO,NSE,IDO,78374,,MIDCPNIFTY,,2026-06-30,2026-06-30,12900.00,PE,MIDCPNIFTY26JUN12900PE,22.40,27.65,18.20,25.50,27.10,14.00,13994.75,25.50,12840,6720,313,485350188.00,156,F1,120,,,,,
2026-06-08,2026-06-08,FO,NSE,IDO,78376,,MIDCPNIFTY,,2026-06-30,2026-06-30,12925.00,PE,MIDCPNIFTY26JUN12925PE,24.00,24.20,21.50,22.10,22.10,14.15,13994.75,26.75,3000,-720,20,31076148.00,18,F1,120,,,,,
2026-06-08,2026-06-08,FO,NSE,IDO,78386,,MIDCPNIFTY,,2026-06-30,2026-06-30,12950.00,PE,MIDCPNIFTY26JUN12950PE,25.90,28.40,21.90,27.50,27.45,16.00,13994.75,27.50,1920,-480,42,65401296.00,23,F1,120,,,,,
2026-06-08,2026-06-08,FO,NSE,IDO,78521,,MIDCPNIFTY,,2026-06-30,2026-06-30,13300.00,PE,MIDCPNIFTY26JUN13300PE,69.70,73.10,46.45,67.30,69.00,40.45,13994.75,67.30,203640,8160,2037,3265312272.00,1654,F1,120,,,,,
2026-06-08,2026-06-08,FO,NSE,IDO,78525,,MIDCPNIFTY,,2026-06-30,2026-06-30,13350.00,PE,MIDCPNIFTY26JUN13350PE,83.80,83.80,54.00,75.45,76.00,47.00,13994.75,75.45,1920,-120,37,59571708.00,25,F1,120,,,,,
2026-06-08,2026-06-08,FO,NSE,IDO,78698,,MIDCPNIFTY,,2026-06-30,2026-06-30,14325.00,PE,MIDCPNIFTY26JUN14325PE,420.70,469.70,352.05,418.15,469.70,338.05,13994.75,418.15,3480,-1800,51,90074034.00,51,F1,120,,,,,
2026-06-08,2026-06-08,FO,NSE,IDO,78717,,MIDCPNIFTY,,2026-06-30,2026-06-30,14375.00,PE,MIDCPNIFTY26JUN14375PE,499.85,502.85,399.05,478.80,478.80,365.35,13994.75,478.80,6360,-1320,14,24901752.00,11,F1,120,,,,,
2026-06-08,2026-06-08,FO,NSE,IDO,35121,,MIDCPNIFTY,,2026-06-30,2026-06-30,14550.00,PE,MIDCPNIFTY26JUN14550PE,579.35,579.35,555.00,562.10,562.10,478.35,13994.75,639.75,13800,-360,4,7254174.00,3,F1,120,,,,,
2026-06-08,2026-06-08,FO,NSE,IDO,78774,,MIDCPNIFTY,,2026-06-30,2026-06-30,14600.00,PE,MIDCPNIFTY26JUN14600PE,621.00,670.00,525.00,637.40,670.00,502.25,13994.75,637.40,57840,-2400,98,178362756.00,72,F1,120,,,,,
2026-06-08,2026-06-08,FO,NSE,IDO,41340,,MIDCPNIFTY,,2026-06-30,2026-06-30,14850.00,PE,MIDCPNIFTY26JUN14850PE,821.60,835.10,821.60,832.35,835.10,841.05,13994.75,832.35,5160,-960,16,30108792.00,12,F1,120,,,,,
2026-06-08,2026-06-08,FO,NSE,IDO,40731,,MIDCPNIFTY,,2026-06-30,2026-06-30,14925.00,PE,MIDCPNIFTY26JUN14925PE,925.55,925.55,900.45,900.45,900.45,724.40,13994.75,900.45,1440,-240,3,5700522.00,3,F1,120,,,,,
2026-06-08,2026-06-08,FO,NSE,IDO,49280,,MIDCPNIFTY,,2026-06-30,2026-06-30,15625.00,PE,MIDCPNIFTY26JUN15625PE,0.00,0.00,0.00,2094.65,0.00,2094.65,13994.75,1584.05,0,0,0,0.00,0,F1,120,,,,,
2026-06-08,2026-06-08,FO,NSE,IDO,53810,,MIDCPNIFTY,,2026-06-30,2026-06-30,15850.00,PE,MIDCPNIFTY26JUN15850PE,0.00,0.00,0.00,2066.45,0.00,2066.45,13994.75,1802.85,0,0,0,0.00,0,F1,120,,,,,
2026-06-08,2026-06-08,FO,NSE,IDO,54671,,MIDCPNIFTY,,2026-06-30,2026-06-30,15950.00,PE,MIDCPNIFTY26JUN15950PE,0.00,0.00,0.00,2019.80,0.00,2019.80,13994.75,1900.95,0,0,0,0.00,0,F1,120,,,,,
2026-06-08,2026-06-08,FO,NSE,IDO,63340,,MIDCPNIFTY,,2026-07-28,2026-07-28,12600.00,PE,MIDCPNIFTY26JUL12600PE,0.00,0.00,0.00,138.65,0.00,138.65,13994.75,52.35,0,0,0,0.00,0,F1,120,,,,,
2026-06-08,2026-06-08,FO,NSE,IDO,63348,,MIDCPNIFTY,,2026-07-28,2026-07-28,12700.00,PE,MIDCPNIFTY26JUL12700PE,0.00,0.00,0.00,157.20,0.00,157.20,13994.75,63.50,0,0,0,0.00,0,F1,120,,,,,
2026-06-08,2026-06-08,FO,NSE,IDO,63406,,MIDCPNIFTY,,2026-07-28,2026-07-28,13425.00,PE,MIDCPNIFTY26JUL13425PE,0.00,0.00,0.00,349.45,0.00,349.45,13994.75,207.95,0,0,0,0.00,0,F1,120,,,,,
2026-06-08,2026-06-08,FO,NSE,IDO,63434,,MIDCPNIFTY,,2026-07-28,2026-07-28,13775.00,PE,MIDCPNIFTY26JUL13775PE,0.00,0.00,0.00,483.25,0.00,483.25,13994.75,329.00,0,0,0,0.00,0,F1,120,,,,,
2026-06-08,2026-06-08,FO,NSE,IDO,63468,,MIDCPNIFTY,,2026-07-28,2026-07-28,14150.00,PE,MIDCPNIFTY26JUL14150PE,0.00,0.00,0.00,658.05,0.00,658.05,13994.75,501.65,0,0,0,0.00,0,F1,120,,,,,
2026-06-08,2026-06-08,FO,NSE,IDO,63484,,MIDCPNIFTY,,2026-07-28,2026-07-28,14350.00,PE,MIDCPNIFTY26JUL14350PE,0.00,0.00,0.00,344.00,344.00,344.00,13994.75,612.10,120,0,0,0.00,0,F1,120,,,,,
2026-06-08,2026-06-08,FO,NSE,IDO,63494,,MIDCPNIFTY,,2026-07-28,2026-07-28,14475.00,PE,MIDCPNIFTY26JUL14475PE,0.00,0.00,0.00,835.70,0.00,835.70,13994.75,687.40,0,0,0,0.00,0,F1,120,,,,,
2026-06-08,2026-06-08,FO,NSE,IDO,63510,,MIDCPNIFTY,,2026-07-28,2026-07-28,14675.00,PE,MIDCPNIFTY26JUL14675PE,0.00,0.00,0.00,956.60,0.00,956.60,13994.75,817.35,0,0,0,0.00,0,F1,120,,,,,
2026-06-08,2026-06-08,FO,NSE,IDO,63568,,MIDCPNIFTY,,2026-07-28,2026-07-28,15375.00,PE,MIDCPNIFTY26JUL15375PE,0.00,0.00,0.00,1443.00,0.00,1443.00,13994.75,1351.80,0,0,0,0.00,0,F1,120,,,,,
2026-06-08,2026-06-08,FO,NSE,IDO,60344,,MIDCPNIFTY,,2026-08-25,2026-08-25,12575.00,PE,MIDCPNIFTY26AUG12575PE,0.00,0.00,0.00,57.55,0.00,57.55,13994.75,97.10,0,0,0,0.00,0,F1,120,,,,,
2026-06-08,2026-06-08,FO,NSE,IDO,60364,,MIDCPNIFTY,,2026-08-25,2026-08-25,12800.00,PE,MIDCPNIFTY26AUG12800PE,0.00,0.00,0.00,79.85,0.00,79.85,13994.75,133.80,0,0,0,0.00,0,F1,120,,,,,
2026-06-08,2026-06-08,FO,NSE,IDO,60614,,MIDCPNIFTY,,2026-08-25,2026-08-25,14750.00,PE,MIDCPNIFTY26AUG14750PE,0.00,0.00,0.00,627.80,0.00,627.80,13994.75,931.40,0,0,0,0.00,0,F1,120,,,,,
2026-06-08,2026-06-08,FO,NSE,IDO,60656,,MIDCPNIFTY,,2026-08-25,2026-08-25,15150.00,PE,MIDCPNIFTY26AUG15150PE,0.00,0.00,0.00,838.90,0.00,838.90,13994.75,1207.45,0,0,0,0.00,0,F1,120,,,,,
2026-06-08,2026-06-08,FO,NSE,IDO,60672,,MIDCPNIFTY,,2026-08-25,2026-08-25,15275.00,PE,MIDCPNIFTY26AUG15275PE,0.00,0.00,0.00,911.95,0.00,911.95,13994.75,1301.00,0,0,0,0.00,0,F1,120,,,,,
2026-06-08,2026-06-08,FO,NSE,IDO,60720,,MIDCPNIFTY,,2026-08-25,2026-08-25,15700.00,PE,MIDCPNIFTY26AUG15700PE,0.00,0.00,0.00,1183.95,0.00,1183.95,13994.75,1636.35,0,0,0,0.00,0,F1,120,,,,,
2026-06-08,2026-06-08,FO,NSE,IDO,60641,,MIDCPNIFTY,,2026-08-25,2026-08-25,15025.00,CE,MIDCPNIFTY26AUG15025CE,0.00,0.00,0.00,641.75,0.00,641.75,13994.75,302.85,0,0,0,0.00,0,F1,120,,,,,
2026-06-08,2026-06-08,FO,NSE,IDO,60625,,MIDCPNIFTY,,2026-08-25,2026-08-25,14900.00,CE,MIDCPNIFTY26AUG14900CE,0.00,0.00,0.00,698.55,0.00,698.55,13994.75,339.40,0,0,0,0.00,0,F1,120,,,,,
2026-06-08,2026-06-08,FO,NSE,IDO,60611,,MIDCPNIFTY,,2026-08-25,2026-08-25,14725.00,CE,MIDCPNIFTY26AUG14725CE,0.00,0.00,0.00,783.90,0.00,783.90,13994.75,396.25,0,0,0,0.00,0,F1,120,,,,,
2026-06-08,2026-06-08,FO,NSE,IDO,60573,,MIDCPNIFTY,,2026-08-25,2026-08-25,14425.00,CE,MIDCPNIFTY26AUG14425CE,0.00,0.00,0.00,946.05,0.00,946.05,13994.75,509.95,0,0,0,0.00,0,F1,120,,,,,
2026-06-08,2026-06-08,FO,NSE,IDO,60513,,MIDCPNIFTY,,2026-08-25,2026-08-25,14025.00,CE,MIDCPNIFTY26AUG14025CE,0.00,0.00,0.00,1193.20,0.00,1193.20,13994.75,695.95,0,0,0,0.00,0,F1,120,,,,,
2026-06-08,2026-06-08,FO,NSE,IDO,60493,,MIDCPNIFTY,,2026-08-25,2026-08-25,13775.00,CE,MIDCPNIFTY26AUG13775CE,0.00,0.00,0.00,1365.75,0.00,1365.75,13994.75,832.80,0,0,0,0.00,0,F1,120,,,,,
2026-06-08,2026-06-08,FO,NSE,IDO,60465,,MIDCPNIFTY,,2026-08-25,2026-08-25,13575.00,CE,MIDCPNIFTY26AUG13575CE,0.00,0.00,0.00,1511.85,0.00,1511.85,13994.75,953.75,0,0,0,0.00,0,F1,120,,,,,
2026-06-08,2026-06-08,FO,NSE,IDO,60441,,MIDCPNIFTY,,2026-08-25,2026-08-25,13375.00,CE,MIDCPNIFTY26AUG13375CE,0.00,0.00,0.00,1665.85,0.00,1665.85,13994.75,1084.65,0,0,0,0.00,0,F1,120,,,,,
2026-06-08,2026-06-08,FO,NSE,IDO,60417,,MIDCPNIFTY,,2026-08-25,2026-08-25,13125.00,CE,MIDCPNIFTY26AUG13125CE,0.00,0.00,0.00,1867.90,0.00,1867.90,13994.75,1261.85,0,0,0,0.00,0,F1,120,,,,,
2026-06-08,2026-06-08,FO,NSE,IDO,60341,,MIDCPNIFTY,,2026-08-25,2026-08-25,12550.00,CE,MIDCPNIFTY26AUG12550CE,0.00,0.00,0.00,2366.40,0.00,2366.40,13994.75,1718.30,0,0,0,0.00,0,F1,120,,,,,
2026-06-08,2026-06-08,FO,NSE,IDO,63585,,MIDCPNIFTY,,2026-07-28,2026-07-28,15600.00,CE,MIDCPNIFTY26JUL15600CE,0.00,0.00,0.00,227.65,227.65,227.65,13994.75,82.75,120,0,0,0.00,0,F1,120,,,,,
2026-06-08,2026-06-08,FO,NSE,IDO,63579,,MIDCPNIFTY,,2026-07-28,2026-07-28,15525.00,CE,MIDCPNIFTY26JUL15525CE,0.00,0.00,0.00,231.85,0.00,231.85,13994.75,92.05,0,0,0,0.00,0,F1,120,,,,,
2026-06-08,2026-06-08,FO,NSE,IDO,63523,,MIDCPNIFTY,,2026-07-28,2026-07-28,14850.00,CE,MIDCPNIFTY26JUL14850CE,0.00,0.00,0.00,408.60,0.00,408.60,13994.75,221.75,0,0,0,0.00,0,F1,120,,,,,
2026-06-08,2026-06-08,FO,NSE,IDO,63511,,MIDCPNIFTY,,2026-07-28,2026-07-28,14700.00,CE,MIDCPNIFTY26JUL14700CE,0.00,0.00,0.00,459.50,0.00,459.50,13994.75,264.65,0,0,0,0.00,0,F1,120,,,,,
2026-06-08,2026-06-08,FO,NSE,IDO,63453,,MIDCPNIFTY,,2026-07-28,2026-07-28,13975.00,CE,MIDCPNIFTY26JUL13975CE,0.00,0.00,0.00,774.25,0.00,774.25,13994.75,564.05,0,0,0,0.00,0,F1,120,,,,,
2026-06-08,2026-06-08,FO,NSE,IDO,63381,,MIDCPNIFTY,,2026-07-28,2026-07-28,13125.00,CE,MIDCPNIFTY26JUL13125CE,0.00,0.00,0.00,1296.80,0.00,1296.80,13994.75,1123.55,0,0,0,0.00,0,F1,120,,,,,
2026-06-08,2026-06-08,FO,NSE,IDO,78813,,MIDCPNIFTY,,2026-06-30,2026-06-30,15800.00,CE,MIDCPNIFTY26JUN15800CE,3.40,4.10,2.25,2.45,2.50,4.15,13994.75,2.45,219960,-3960,303,574603164.00,175,F1,120,,,,,
2026-06-08,2026-06-08,FO,NSE,IDO,40770,,MIDCPNIFTY,,2026-06-30,2026-06-30,15250.00,CE,MIDCPNIFTY26JUN15250CE,18.30,20.70,12.65,12.70,12.65,21.25,13994.75,12.70,3720,2760,33,60461838.00,13,F1,120,,,,,
2026-06-08,2026-06-08,FO,NSE,IDO,40754,,MIDCPNIFTY,,2026-06-30,2026-06-30,15175.00,CE,MIDCPNIFTY26JUN15175CE,19.00,23.95,16.10,16.75,16.10,25.00,13994.75,16.75,2880,-120,20,36464454.00,14,F1,120,,,,,
2026-06-08,2026-06-08,FO,NSE,IDO,35130,,MIDCPNIFTY,,2026-06-30,2026-06-30,14675.00,CE,MIDCPNIFTY26JUN14675CE,80.55,112.85,64.15,75.35,64.15,102.20,13994.75,75.35,18240,5160,133,235713792.00,109,F1,120,,,,,
2026-06-08,2026-06-08,FO,NSE,IDO,78773,,MIDCPNIFTY,,2026-06-30,2026-06-30,14600.00,CE,MIDCPNIFTY26JUN14600CE,65.00,132.90,65.00,84.40,82.00,121.90,13994.75,84.40,161760,-11160,2601,4590159750.00,2050,F1,120,,,,,
2026-06-08,2026-06-08,FO,NSE,IDO,78524,,MIDCPNIFTY,,2026-06-30,2026-06-30,13350.00,CE,MIDCPNIFTY26JUN13350CE,0.00,0.00,0.00,235.70,0.00,235.70,13994.75,777.30,0,0,0,0.00,0,F1,120,,,,,
2026-06-08,2026-06-08,FO,NSE,IDO,78481,,MIDCPNIFTY,,2026-06-30,2026-06-30,13100.00,CE,MIDCPNIFTY26JUN13100CE,0.00,0.00,0.00,1480.00,1480.00,1480.00,13994.75,987.10,720,0,0,0.00,0,F1,120,,,,,
2026-06-08,2026-06-08,FO,NSE,IDO,78283,,MIDCPNIFTY,,2026-06-30,2026-06-30,12300.00,CE,MIDCPNIFTY26JUN12300CE,0.00,0.00,0.00,2050.00,2050.00,2050.00,13994.75,1743.00,120,0,0,0.00,0,F1,120,,,,,
2026-06-08,2026-06-08,FO,NSE,IDO,78275,,MIDCPNIFTY,,2026-06-30,2026-06-30,12200.00,CE,MIDCPNIFTY26JUN12200CE,0.00,0.00,0.00,660.40,0.00,660.40,13994.75,1841.60,0,0,0,0.00,0,F1,120,,,,,
2026-06-08,2026-06-08,FO,NSE,IDO,78131,,MIDCPNIFTY,,2026-06-30,2026-06-30,11725.00,CE,MIDCPNIFTY26JUN11725CE,0.00,0.00,0.00,936.40,0.00,936.40,13994.75,2313.15,0,0,0,0.00,0,F1,120,,,,,
2026-06-08,2026-06-08,FO,NSE,IDO,78113,,MIDCPNIFTY,,2026-06-30,2026-06-30,11500.00,CE,MIDCPNIFTY26JUN11500CE,0.00,0.00,0.00,1088.50,0.00,1088.50,13994.75,2537.15,0,0,0,0.00,0,F1,120,,,,,
2026-06-08,2026-06-08,FO,NSE,IDO,60687,,MIDCPNIFTY,,2026-08-25,2026-08-25,15450.00,CE,MIDCPNIFTY26AUG15450CE,0.00,0.00,0.00,473.50,0.00,473.50,13994.75,201.60,0,0,0,0.00,0,F1,120,,,,,
2026-06-08,2026-06-08,FO,NSE,IDO,60332,,MIDCPNIFTY,,2026-08-25,2026-08-25,12500.00,CE,MIDCPNIFTY26AUG12500CE,0.00,0.00,0.00,2411.60,0.00,2411.60,13994.75,1760.80,0,0,0,0.00,0,F1,120,,,,,
2026-06-08,2026-06-08,FO,NSE,IDO,63595,,MIDCPNIFTY,,2026-07-28,2026-07-28,15725.00,CE,MIDCPNIFTY26JUL15725CE,0.00,0.00,0.00,193.65,0.00,193.65,13994.75,69.05,0,0,0,0.00,0,F1,120,,,,,
2026-06-08,2026-06-08,FO,NSE,IDO,63569,,MIDCPNIFTY,,2026-07-28,2026-07-28,15400.00,CE,MIDCPNIFTY26JUL15400CE,0.00,0.00,0.00,205.00,205.00,205.00,13994.75,109.50,120,0,0,0.00,0,F1,120,,,,,
2026-06-08,2026-06-08,FO,NSE,IDO,63551,,MIDCPNIFTY,,2026-07-28,2026-07-28,15175.00,CE,MIDCPNIFTY26JUL15175CE,0.00,0.00,0.00,313.30,0.00,313.30,13994.75,147.85,0,0,0,0.00,0,F1,120,,,,,
2026-06-08,2026-06-08,FO,NSE,IDO,63529,,MIDCPNIFTY,,2026-07-28,2026-07-28,14900.00,CE,MIDCPNIFTY26JUL14900CE,0.00,0.00,0.00,392.60,0.00,392.60,13994.75,208.75,0,0,0,0.00,0,F1,120,,,,,
2026-06-08,2026-06-08,FO,NSE,IDO,63515,,MIDCPNIFTY,,2026-07-28,2026-07-28,14750.00,CE,MIDCPNIFTY26JUL14750CE,0.00,0.00,0.00,442.00,0.00,442.00,13994.75,249.70,0,0,0,0.00,0,F1,120,,,,,
2026-06-08,2026-06-08,FO,NSE,IDO,63499,,MIDCPNIFTY,,2026-07-28,2026-07-28,14550.00,CE,MIDCPNIFTY26JUL14550CE,0.00,0.00,0.00,515.05,0.00,515.05,13994.75,313.65,0,0,0,0.00,0,F1,120,,,,,
2026-06-08,2026-06-08,FO,NSE,IDO,63491,,MIDCPNIFTY,,2026-07-28,2026-07-28,14450.00,CE,MIDCPNIFTY26JUL14450CE,0.00,0.00,0.00,554.80,0.00,554.80,13994.75,349.90,0,0,0,0.00,0,F1,120,,,,,
2026-06-08,2026-06-08,FO,NSE,IDO,63471,,MIDCPNIFTY,,2026-07-28,2026-07-28,14200.00,CE,MIDCPNIFTY26JUL14200CE,0.00,0.00,0.00,663.85,0.00,663.85,13994.75,453.75,0,0,0,0.00,0,F1,120,,,,,
2026-06-08,2026-06-08,FO,NSE,IDO,63459,,MIDCPNIFTY,,2026-07-28,2026-07-28,14050.00,CE,MIDCPNIFTY26JUL14050CE,0.00,0.00,0.00,736.15,0.00,736.15,13994.75,525.50,0,0,0,0.00,0,F1,120,,,,,
2026-06-08,2026-06-08,FO,NSE,IDO,63439,,MIDCPNIFTY,,2026-07-28,2026-07-28,13850.00,CE,MIDCPNIFTY26JUL13850CE,0.00,0.00,0.00,840.60,0.00,840.60,13994.75,632.35,0,0,0,0.00,0,F1,120,,,,,
2026-06-08,2026-06-08,FO,NSE,IDO,63411,,MIDCPNIFTY,,2026-07-28,2026-07-28,13500.00,CE,MIDCPNIFTY26JUL13500CE,0.00,0.00,0.00,1045.70,0.00,1045.70,13994.75,849.95,0,0,0,0.00,0,F1,120,,,,,
2026-06-08,2026-06-08,FO,NSE,IDO,63399,,MIDCPNIFTY,,2026-07-28,2026-07-28,13350.00,CE,MIDCPNIFTY26JUL13350CE,0.00,0.00,0.00,1142.20,0.00,1142.20,13994.75,955.20,0,0,0,0.00,0,F1,120,,,,,
2026-06-08,2026-06-08,FO,NSE,IDO,63391,,MIDCPNIFTY,,2026-07-28,2026-07-28,13250.00,CE,MIDCPNIFTY26JUL13250CE,0.00,0.00,0.00,1209.25,0.00,1209.25,13994.75,1028.10,0,0,0,0.00,0,F1,120,,,,,
2026-06-08,2026-06-08,FO,NSE,IDO,63315,,MIDCPNIFTY,,2026-07-28,2026-07-28,12300.00,CE,MIDCPNIFTY26JUL12300CE,0.00,0.00,0.00,1945.45,0.00,1945.45,13994.75,1836.10,0,0,0,0.00,0,F1,120,,,,,
2026-06-08,2026-06-08,FO,NSE,IDO,54670,,MIDCPNIFTY,,2026-06-30,2026-06-30,15950.00,CE,MIDCPNIFTY26JUN15950CE,0.00,0.00,0.00,4.05,4.05,4.05,13994.75,4.40,360,0,0,0.00,0,F1,120,,,,,
2026-06-08,2026-06-08,FO,NSE,IDO,52006,,MIDCPNIFTY,,2026-06-30,2026-06-30,15725.00,CE,MIDCPNIFTY26JUN15725CE,0.00,0.00,0.00,7.05,5.05,7.05,13994.75,8.55,720,0,0,0.00,0,F1,120,,,,,
2026-06-08,2026-06-08,FO,NSE,IDO,40785,,MIDCPNIFTY,,2026-06-30,2026-06-30,15475.00,CE,MIDCPNIFTY26JUN15475CE,8.35,10.95,7.30,7.30,7.30,11.35,13994.75,7.30,1320,-600,28,52025694.00,22,F1,120,,,,,
2026-06-08,2026-06-08,FO,NSE,IDO,78790,,MIDCPNIFTY,,2026-06-30,2026-06-30,15300.00,PE,MIDCPNIFTY26JUN15300PE,0.00,0.00,0.00,2890.25,0.00,2890.25,13994.75,1275.55,0,0,0,0.00,0,F1,120,,,,,
2026-06-08,2026-06-08,FO,NSE,IDO,63326,,MIDCPNIFTY,,2026-07-28,2026-07-28,12425.00,PE,MIDCPNIFTY26JUL12425PE,0.00,0.00,0.00,110.15,0.00,110.15,13994.75,36.65,0,0,0,0.00,0,F1,120,,,,,
2026-06-08,2026-06-08,FO,NSE,IDO,63332,,MIDCPNIFTY,,2026-07-28,2026-07-28,12500.00,PE,MIDCPNIFTY26JUL12500PE,0.00,0.00,0.00,121.75,0.00,121.75,13994.75,42.85,0,0,0,0.00,0,F1,120,,,,,
2026-06-08,2026-06-08,FO,NSE,IDO,63336,,MIDCPNIFTY,,2026-07-28,2026-07-28,12550.00,PE,MIDCPNIFTY26JUL12550PE,0.00,0.00,0.00,130.00,0.00,130.00,13994.75,47.40,0,0,0,0.00,0,F1,120,,,,,
2026-06-08,2026-06-08,FO,NSE,IDO,63416,,MIDCPNIFTY,,2026-07-28,2026-07-28,13550.00,PE,MIDCPNIFTY26JUL13550PE,0.00,0.00,0.00,394.00,394.00,394.00,13994.75,246.90,120,0,0,0.00,0,F1,120,,,,,
2026-06-08,2026-06-08,FO,NSE,IDO,63440,,MIDCPNIFTY,,2026-07-28,2026-07-28,13850.00,PE,MIDCPNIFTY26JUL13850PE,0.00,0.00,0.00,515.60,0.00,515.60,13994.75,359.95,0,0,0,0.00,0,F1,120,,,,,
2026-06-08,2026-06-08,FO,NSE,IDO,63474,,MIDCPNIFTY,,2026-07-28,2026-07-28,14225.00,PE,MIDCPNIFTY26JUL14225PE,0.00,0.00,0.00,696.95,0.00,696.95,13994.75,541.60,0,0,0,0.00,0,F1,120,,,,,
2026-06-08,2026-06-08,FO,NSE,IDO,63480,,MIDCPNIFTY,,2026-07-28,2026-07-28,14300.00,PE,MIDCPNIFTY26JUL14300PE,0.00,0.00,0.00,737.10,0.00,737.10,13994.75,583.30,0,0,0,0.00,0,F1,120,,,,,
2026-06-08,2026-06-08,FO,NSE,IDO,63520,,MIDCPNIFTY,,2026-07-28,2026-07-28,14800.00,PE,MIDCPNIFTY26JUL14800PE,0.00,0.00,0.00,1036.40,0.00,1036.40,13994.75,904.25,0,0,0,0.00,0,F1,120,,,,,
2026-06-08,2026-06-08,FO,NSE,IDO,63542,,MIDCPNIFTY,,2026-07-28,2026-07-28,15050.00,PE,MIDCPNIFTY26JUL15050PE,0.00,0.00,0.00,1205.40,0.00,1205.40,13994.75,1090.05,0,0,0,0.00,0,F1,120,,,,,
2026-06-08,2026-06-08,FO,NSE,IDO,63584,,MIDCPNIFTY,,2026-07-28,2026-07-28,15575.00,PE,MIDCPNIFTY26JUL15575PE,0.00,0.00,0.00,1597.00,0.00,1597.00,13994.75,1522.45,0,0,0,0.00,0,F1,120,,,,,
2026-06-08,2026-06-08,FO,NSE,IDO,63594,,MIDCPNIFTY,,2026-07-28,2026-07-28,15700.00,PE,MIDCPNIFTY26JUL15700PE,0.00,0.00,0.00,1696.55,0.00,1696.55,13994.75,1632.15,0,0,0,0.00,0,F1,120,,,,,
2026-06-08,2026-06-08,FO,NSE,IDO,63602,,MIDCPNIFTY,,2026-07-28,2026-07-28,15800.00,PE,MIDCPNIFTY26JUL15800PE,0.00,0.00,0.00,1777.75,0.00,1777.75,13994.75,1721.40,0,0,0,0.00,0,F1,120,,,,,
2026-06-08,2026-06-08,FO,NSE,IDO,78504,,MIDCPNIFTY,,2026-06-30,2026-06-30,13250.00,PE,MIDCPNIFTY26JUN13250PE,53.00,63.00,44.50,61.75,63.00,38.95,13994.75,61.75,1920,360,22,35123688.00,18,F1,120,,,,,
2026-06-08,2026-06-08,FO,NSE,IDO,78318,,MIDCPNIFTY,,2026-06-30,2026-06-30,12675.00,PE,MIDCPNIFTY26JUN12675PE,12.70,16.30,12.70,16.30,16.30,7.20,13994.75,16.30,480,-120,3,4568004.00,2,F1,120,,,,,
2026-06-08,2026-06-08,FO,NSE,IDO,78306,,MIDCPNIFTY,,2026-06-30,2026-06-30,12525.00,PE,MIDCPNIFTY26JUN12525PE,8.65,11.80,8.05,11.45,11.80,7.00,13994.75,11.45,4080,0,15,22562448.00,10,F1,120,,,,,
2026-06-08,2026-06-08,FO,NSE,IDO,78268,,MIDCPNIFTY,,2026-06-30,2026-06-30,12125.00,PE,MIDCPNIFTY26JUN12125PE,0.00,0.00,0.00,3.75,3.75,3.75,13994.75,1.40,1320,0,0,0.00,0,F1,120,,,,,
2026-06-08,2026-06-08,FO,NSE,IDO,78243,,MIDCPNIFTY,,2026-06-30,2026-06-30,11975.00,PE,MIDCPNIFTY26JUN11975PE,0.00,0.00,0.00,3.70,3.70,3.70,13994.75,0.70,720,0,0,0.00,0,F1,120,,,,,
2026-06-08,2026-06-08,FO,NSE,IDO,78116,,MIDCPNIFTY,,2026-06-30,2026-06-30,11525.00,PE,MIDCPNIFTY26JUN11525PE,0.00,0.00,0.00,230.80,0.00,230.80,13994.75,0.10,0,0,0,0.00,0,F1,120,,,,,
2026-06-08,2026-06-08,FO,NSE,IDO,78104,,MIDCPNIFTY,,2026-06-30,2026-06-30,11375.00,PE,MIDCPNIFTY26JUN11375PE,0.00,0.00,0.00,190.75,0.00,190.75,13994.75,0.05,0,0,0,0.00,0,F1,120,,,,,
2026-06-08,2026-06-08,FO,NSE,IDO,63620,,MIDCPNIFTY,,2026-07-28,2026-07-28,16000.00,PE,MIDCPNIFTY26JUL16000PE,0.00,0.00,0.00,1943.95,0.00,1943.95,13994.75,1903.35,0,0,0,0.00,0,F1,120,,,,,
2026-06-08,2026-06-08,FO,NSE,IDO,60416,,MIDCPNIFTY,,2026-08-25,2026-08-25,13100.00,PE,MIDCPNIFTY26AUG13100PE,0.00,0.00,0.00,119.50,0.00,119.50,13994.75,197.65,0,0,0,0.00,0,F1,120,,,,,
2026-06-08,2026-06-08,FO,NSE,IDO,60426,,MIDCPNIFTY,,2026-08-25,2026-08-25,13175.00,PE,MIDCPNIFTY26AUG13175PE,0.00,0.00,0.00,131.45,0.00,131.45,13994.75,217.05,0,0,0,0.00,0,F1,120,,,,,
2026-06-08,2026-06-08,FO,NSE,IDO,60486,,MIDCPNIFTY,,2026-08-25,2026-08-25,13725.00,PE,MIDCPNIFTY26AUG13725PE,0.00,0.00,0.00,248.35,0.00,248.35,13994.75,395.50,0,0,0,0.00,0,F1,120,,,,,
2026-06-08,2026-06-08,FO,NSE,IDO,60502,,MIDCPNIFTY,,2026-08-25,2026-08-25,13875.00,PE,MIDCPNIFTY26AUG13875PE,0.00,0.00,0.00,289.20,0.00,289.20,13994.75,457.40,0,0,0,0.00,0,F1,120,,,,,
2026-06-08,2026-06-08,FO,NSE,IDO,60552,,MIDCPNIFTY,,2026-08-25,2026-08-25,14300.00,PE,MIDCPNIFTY26AUG14300PE,0.00,0.00,0.00,432.65,0.00,432.65,13994.75,663.90,0,0,0,0.00,0,F1,120,,,,,
2026-06-08,2026-06-08,FO,NSE,IDO,60560,,MIDCPNIFTY,,2026-08-25,2026-08-25,14400.00,PE,MIDCPNIFTY26AUG14400PE,0.00,0.00,0.00,472.10,0.00,472.10,13994.75,719.15,0,0,0,0.00,0,F1,120,,,,,
2026-06-08,2026-06-08,FO,NSE,IDO,60584,,MIDCPNIFTY,,2026-08-25,2026-08-25,14550.00,PE,MIDCPNIFTY26AUG14550PE,0.00,0.00,0.00,535.50,0.00,535.50,13994.75,806.55,0,0,0,0.00,0,F1,120,,,,,
2026-06-08,2026-06-08,FO,NSE,IDO,60606,,MIDCPNIFTY,,2026-08-25,2026-08-25,14650.00,PE,MIDCPNIFTY26AUG14650PE,0.00,0.00,0.00,580.55,0.00,580.55,13994.75,867.80,0,0,0,0.00,0,F1,120,,,,,
2026-06-08,2026-06-08,FO,NSE,IDO,60608,,MIDCPNIFTY,,2026-08-25,2026-08-25,14675.00,PE,MIDCPNIFTY26AUG14675PE,0.00,0.00,0.00,592.15,0.00,592.15,13994.75,883.50,0,0,0,0.00,0,F1,120,,,,,
2026-06-08,2026-06-08,FO,NSE,IDO,60648,,MIDCPNIFTY,,2026-08-25,2026-08-25,15100.00,PE,MIDCPNIFTY26AUG15100PE,0.00,0.00,0.00,810.60,0.00,810.60,13994.75,1171.15,0,0,0,0.00,0,F1,120,,,,,
2026-06-08,2026-06-08,FO,NSE,IDO,60684,,MIDCPNIFTY,,2026-08-25,2026-08-25,15400.00,PE,MIDCPNIFTY26AUG15400PE,0.00,0.00,0.00,988.25,0.00,988.25,13994.75,1396.25,0,0,0,0.00,0,F1,120,,,,,
2026-06-08,2026-06-08,FO,NSE,IDO,78096,,MIDCPNIFTY,,2026-06-30,2026-06-30,11275.00,PE,MIDCPNIFTY26JUN11275PE,0.00,0.00,0.00,166.45,0.00,166.45,13994.75,0.05,0,0,0,0.00,0,F1,120,,,,,
2026-06-08,2026-06-08,FO,NSE,IDO,60649,,MIDCPNIFTY,,2026-08-25,2026-08-25,15125.00,CE,MIDCPNIFTY26AUG15125CE,0.00,0.00,0.00,598.75,0.00,598.75,13994.75,275.90,0,0,0,0.00,0,F1,120,,,,,
2026-06-08,2026-06-08,FO,NSE,IDO,60643,,MIDCPNIFTY,,2026-08-25,2026-08-25,15050.00,CE,MIDCPNIFTY26AUG15050CE,0.00,0.00,0.00,630.80,0.00,630.80,13994.75,295.95,0,0,0,0.00,0,F1,120,,,,,
2026-06-08,2026-06-08,FO,NSE,IDO,60609,,MIDCPNIFTY,,2026-08-25,2026-08-25,14700.00,CE,MIDCPNIFTY26AUG14700CE,0.00,0.00,0.00,796.65,0.00,796.65,13994.75,404.90,0,0,0,0.00,0,F1,120,,,,,
2026-06-08,2026-06-08,FO,NSE,IDO,60501,,MIDCPNIFTY,,2026-08-25,2026-08-25,13875.00,CE,MIDCPNIFTY26AUG13875CE,0.00,0.00,0.00,1294.75,0.00,1294.75,13994.75,776.15,0,0,0,0.00,0,F1,120,,,,,
2026-06-08,2026-06-08,FO,NSE,IDO,60499,,MIDCPNIFTY,,2026-08-25,2026-08-25,13850.00,CE,MIDCPNIFTY26AUG13850CE,0.00,0.00,0.00,1312.75,0.00,1312.75,13994.75,790.05,0,0,0,0.00,0,F1,120,,,,,
2026-06-08,2026-06-08,FO,NSE,IDO,60413,,MIDCPNIFTY,,2026-08-25,2026-08-25,13075.00,CE,MIDCPNIFTY26AUG13075CE,0.00,0.00,0.00,1909.50,0.00,1909.50,13994.75,1298.90,0,0,0,0.00,0,F1,120,,,,,
2026-06-08,2026-06-08,FO,NSE,IDO,60382,,MIDCPNIFTY,,2026-08-25,2026-08-25,12850.00,CE,MIDCPNIFTY26AUG12850CE,0.00,0.00,0.00,2101.05,0.00,2101.05,13994.75,1472.25,0,0,0,0.00,0,F1,120,,,,,
2026-06-08,2026-06-08,FO,NSE,IDO,63629,,MIDCPNIFTY,,2026-07-28,2026-07-28,16100.00,CE,MIDCPNIFTY26JUL16100CE,0.00,0.00,0.00,136.10,0.00,136.10,13994.75,38.95,0,0,0,0.00,0,F1,120,,,,,
2026-06-08,2026-06-08,FO,NSE,IDO,63619,,MIDCPNIFTY,,2026-07-28,2026-07-28,16000.00,CE,MIDCPNIFTY26JUL16000CE,0.00,0.00,0.00,149.80,0.00,149.80,13994.75,45.55,0,0,0,0.00,0,F1,120,,,,,
2026-06-08,2026-06-08,FO,NSE,IDO,63597,,MIDCPNIFTY,,2026-07-28,2026-07-28,15750.00,CE,MIDCPNIFTY26JUL15750CE,0.00,0.00,0.00,189.25,0.00,189.25,13994.75,66.55,0,0,0,0.00,0,F1,120,,,,,
2026-06-08,2026-06-08,FO,NSE,IDO,63545,,MIDCPNIFTY,,2026-07-28,2026-07-28,15100.00,CE,MIDCPNIFTY26JUL15100CE,0.00,0.00,0.00,333.55,0.00,333.55,13994.75,162.85,0,0,0,0.00,0,F1,120,,,,,
2026-06-08,2026-06-08,FO,NSE,IDO,63509,,MIDCPNIFTY,,2026-07-28,2026-07-28,14675.00,CE,MIDCPNIFTY26JUL14675CE,0.00,0.00,0.00,393.15,393.15,393.15,13994.75,272.40,240,0,0,0.00,0,F1,120,,,,,
2026-06-08,2026-06-08,FO,NSE,IDO,63507,,MIDCPNIFTY,,2026-07-28,2026-07-28,14650.00,CE,MIDCPNIFTY26JUL14650CE,0.00,0.00,0.00,477.50,0.00,477.50,13994.75,280.30,0,0,0,0.00,0,F1,120,,,,,
2026-06-08,2026-06-08,FO,NSE,IDO,63473,,MIDCPNIFTY,,2026-07-28,2026-07-28,14225.00,CE,MIDCPNIFTY26JUL14225CE,0.00,0.00,0.00,652.30,0.00,652.30,13994.75,442.50,0,0,0,0.00,0,F1,120,,,,,
2026-06-08,2026-06-08,FO,NSE,IDO,63457,,MIDCPNIFTY,,2026-07-28,2026-07-28,14025.00,CE,MIDCPNIFTY26JUL14025CE,0.00,0.00,0.00,748.70,0.00,748.70,13994.75,538.15,0,0,0,0.00,0,F1,120,,,,,
2026-06-08,2026-06-08,FO,NSE,IDO,63423,,MIDCPNIFTY,,2026-07-28,2026-07-28,13650.00,CE,MIDCPNIFTY26JUL13650CE,0.00,0.00,0.00,954.35,0.00,954.35,13994.75,752.00,0,0,0,0.00,0,F1,120,,,,,
2026-06-08,2026-06-08,FO,NSE,IDO,63417,,MIDCPNIFTY,,2026-07-28,2026-07-28,13575.00,CE,MIDCPNIFTY26JUL13575CE,0.00,0.00,0.00,999.40,0.00,999.40,13994.75,800.10,0,0,0,0.00,0,F1,120,,,,,
2026-06-08,2026-06-08,FO,NSE,IDO,63395,,MIDCPNIFTY,,2026-07-28,2026-07-28,13300.00,CE,MIDCPNIFTY26JUL13300CE,0.00,0.00,0.00,1175.45,0.00,1175.45,13994.75,991.60,0,0,0,0.00,0,F1,120,,,,,
2026-06-08,2026-06-08,FO,NSE,IDO,63393,,MIDCPNIFTY,,2026-07-28,2026-07-28,13275.00,CE,MIDCPNIFTY26JUL13275CE,0.00,0.00,0.00,1192.30,0.00,1192.30,13994.75,1009.55,0,0,0,0.00,0,F1,120,,,,,
2026-06-08,2026-06-08,FO,NSE,IDO,63345,,MIDCPNIFTY,,2026-07-28,2026-07-28,12675.00,CE,MIDCPNIFTY26JUL12675CE,0.00,0.00,0.00,1635.50,0.00,1635.50,13994.75,1497.15,0,0,0,0.00,0,F1,120,,,,,
2026-06-08,2026-06-08,FO,NSE,IDO,63339,,MIDCPNIFTY,,2026-07-28,2026-07-28,12600.00,CE,MIDCPNIFTY26JUL12600CE,0.00,0.00,0.00,1695.65,0.00,1695.65,13994.75,1563.25,0,0,0,0.00,0,F1,120,,,,,
2026-06-08,2026-06-08,FO,NSE,IDO,63325,,MIDCPNIFTY,,2026-07-28,2026-07-28,12425.00,CE,MIDCPNIFTY26JUL12425CE,0.00,0.00,0.00,1839.70,0.00,1839.70,13994.75,1720.95,0,0,0,0.00,0,F1,120,,,,,
2026-06-08,2026-06-08,FO,NSE,IDO,53807,,MIDCPNIFTY,,2026-06-30,2026-06-30,15825.00,CE,MIDCPNIFTY26JUN15825CE,0.00,0.00,0.00,5.80,5.80,5.80,13994.75,6.40,720,0,0,0.00,0,F1,120,,,,,
2026-06-08,2026-06-08,FO,NSE,IDO,41339,,MIDCPNIFTY,,2026-06-30,2026-06-30,14850.00,CE,MIDCPNIFTY26JUN14850CE,48.85,67.00,41.60,42.20,41.60,65.90,13994.75,42.20,7200,1800,67,119798268.00,40,F1,120,,,,,
2026-06-08,2026-06-08,FO,NSE,IDO,38742,,MIDCPNIFTY,,2026-06-30,2026-06-30,14825.00,CE,MIDCPNIFTY26JUN14825CE,52.30,73.10,52.30,62.00,62.00,76.05,13994.75,79.70,5880,1800,45,80408268.00,29,F1,120,,,,,
2026-06-08,2026-06-08,FO,NSE,IDO,38722,,MIDCPNIFTY,,2026-06-30,2026-06-30,14725.00,CE,MIDCPNIFTY26JUN14725CE,66.25,97.00,56.10,59.20,60.35,88.50,13994.75,59.20,18000,1440,76,135039846.00,73,F1,120,,,,,
2026-06-08,2026-06-08,FO,NSE,IDO,52007,,MIDCPNIFTY,,2026-06-30,2026-06-30,15725.00,PE,MIDCPNIFTY26JUN15725PE,0.00,0.00,0.00,2070.65,0.00,2070.65,13994.75,1680.90,0,0,0,0.00,0,F1,120,,,,,
2026-06-08,2026-06-08,FO,NSE,IDO,78670,,MIDCPNIFTY,,2026-06-30,2026-06-30,14225.00,CE,MIDCPNIFTY26JUN14225CE,240.00,283.15,174.80,210.95,199.05,271.65,13994.75,210.95,21000,-480,272,472072518.00,265,F1,120,,,,,
2026-06-08,2026-06-08,FO,NSE,IDO,78638,,MIDCPNIFTY,,2026-06-30,2026-06-30,13900.00,CE,MIDCPNIFTY26JUN13900CE,400.00,476.55,301.60,380.85,349.80,468.85,13994.75,380.85,12240,5880,706,1211274834.00,551,F1,120,,,,,
2026-06-08,2026-06-08,FO,NSE,IDO,78634,,MIDCPNIFTY,,2026-06-30,2026-06-30,13850.00,CE,MIDCPNIFTY26JUN13850CE,416.45,482.35,414.40,427.30,414.40,505.00,13994.75,427.30,1080,360,16,27463062.00,12,F1,120,,,,,
2026-06-08,2026-06-08,FO,NSE,IDO,78541,,MIDCPNIFTY,,2026-06-30,2026-06-30,13425.00,CE,MIDCPNIFTY26JUN13425CE,0.00,0.00,0.00,218.45,0.00,218.45,13994.75,718.45,0,0,0,0.00,0,F1,120,,,,,
2026-06-08,2026-06-08,FO,NSE,IDO,78315,,MIDCPNIFTY,,2026-06-30,2026-06-30,12650.00,CE,MIDCPNIFTY26JUN12650CE,0.00,0.00,0.00,455.00,0.00,455.00,13994.75,1402.35,0,0,0,0.00,0,F1,120,,,,,
2026-06-08,2026-06-08,FO,NSE,IDO,78309,,MIDCPNIFTY,,2026-06-30,2026-06-30,12575.00,CE,MIDCPNIFTY26JUN12575CE,0.00,0.00,0.00,485.50,0.00,485.50,13994.75,1474.50,0,0,0,0.00,0,F1,120,,,,,
2026-06-08,2026-06-08,FO,NSE,IDO,78301,,MIDCPNIFTY,,2026-06-30,2026-06-30,12475.00,CE,MIDCPNIFTY26JUN12475CE,0.00,0.00,0.00,528.45,0.00,528.45,13994.75,1571.55,0,0,0,0.00,0,F1,120,,,,,
2026-06-08,2026-06-08,FO,NSE,IDO,78289,,MIDCPNIFTY,,2026-06-30,2026-06-30,12375.00,CE,MIDCPNIFTY26JUN12375CE,0.00,0.00,0.00,574.05,0.00,574.05,13994.75,1669.30,0,0,0,0.00,0,F1,120,,,,,
2026-06-08,2026-06-08,FO,NSE,IDO,78263,,MIDCPNIFTY,,2026-06-30,2026-06-30,12075.00,CE,MIDCPNIFTY26JUN12075CE,0.00,0.00,0.00,727.10,0.00,727.10,13994.75,1965.30,0,0,0,0.00,0,F1,120,,,,,
2026-06-08,2026-06-08,FO,NSE,IDO,78018,,MIDCPNIFTY,,2026-06-30,2026-06-30,10850.00,CE,MIDCPNIFTY26JUN10850CE,0.00,0.00,0.00,1591.90,0.00,1591.90,13994.75,3184.70,0,0,0,0.00,0,F1,120,,,,,
2026-06-08,2026-06-08,FO,NSE,IDF,58071,,MIDCPNIFTY,,2026-08-25,2026-08-25,,,MIDCPNIFTY26AUGFUT,14200.00,14267.10,14088.80,14102.00,14088.80,14308.35,13994.75,14102.00,6840,-1200,70,119071656.00,53,F1,120,,,,,
2026-06-08,2026-06-08,FO,NSE,IDO,78627,,MIDCPNIFTY,,2026-06-30,2026-06-30,13750.00,PE,MIDCPNIFTY26JUN13750PE,157.35,183.05,127.30,175.10,177.00,101.25,13994.75,175.10,3600,1080,169,281779500.00,138,F1,120,,,,,
2026-06-08,2026-06-08,FO,NSE,IDO,78655,,MIDCPNIFTY,,2026-06-30,2026-06-30,14100.00,PE,MIDCPNIFTY26JUN14100PE,323.45,360.00,241.30,320.30,327.20,229.35,13994.75,320.30,322200,11400,8295,14320154934.00,6980,F1,120,,,,,
2026-06-08,2026-06-08,FO,NSE,IDO,78671,,MIDCPNIFTY,,2026-06-30,2026-06-30,14225.00,PE,MIDCPNIFTY26JUN14225PE,404.60,404.60,299.80,358.30,381.95,284.20,13994.75,358.30,7800,120,110,192328356.00,108,F1,120,,,,,
2026-06-08,2026-06-08,FO,NSE,IDO,35103,,MIDCPNIFTY,,2026-06-30,2026-06-30,14425.00,PE,MIDCPNIFTY26JUN14425PE,478.10,502.25,432.65,497.00,502.25,397.15,13994.75,497.00,6360,-840,9,16092498.00,9,F1,120,,,,,
2026-06-08,2026-06-08,FO,NSE,IDO,38725,,MIDCPNIFTY,,2026-06-30,2026-06-30,14725.00,PE,MIDCPNIFTY26JUN14725PE,714.95,714.95,636.35,699.05,699.05,592.75,13994.75,774.10,4680,-840,8,14783718.00,8,F1,120,,,,,
2026-06-08,2026-06-08,FO,NSE,IDO,35108,,MIDCPNIFTY,,2026-06-30,2026-06-30,14525.00,CE,MIDCPNIFTY26JUN14525CE,104.45,156.80,92.85,101.65,98.60,148.00,13994.75,101.65,21480,9960,138,242835906.00,122,F1,120,,,,,
2026-06-08,2026-06-08,FO,NSE,IDO,78027,,MIDCPNIFTY,,2026-06-30,2026-06-30,10950.00,CE,MIDCPNIFTY26JUN10950CE,0.00,0.00,0.00,1508.80,0.00,1508.80,13994.75,3085.10,0,0,0,0.00,0,F1,120,,,,,
2026-06-08,2026-06-08,FO,NSE,IDO,78063,,MIDCPNIFTY,,2026-06-30,2026-06-30,10975.00,CE,MIDCPNIFTY26JUN10975CE,0.00,0.00,0.00,1488.30,0.00,1488.30,13994.75,3060.20,0,0,0,0.00,0,F1,120,,,,,
2026-06-08,2026-06-08,FO,NSE,IDO,78070,,MIDCPNIFTY,,2026-06-30,2026-06-30,11050.00,CE,MIDCPNIFTY26JUN11050CE,0.00,0.00,0.00,1427.55,0.00,1427.55,13994.75,2985.45,0,0,0,0.00,0,F1,120,,,,,
2026-06-08,2026-06-08,FO,NSE,IDO,78101,,MIDCPNIFTY,,2026-06-30,2026-06-30,11350.00,CE,MIDCPNIFTY26JUN11350CE,0.00,0.00,0.00,1196.20,0.00,1196.20,13994.75,2686.60,0,0,0,0.00,0,F1,120,,,,,
2026-06-08,2026-06-08,FO,NSE,IDO,78105,,MIDCPNIFTY,,2026-06-30,2026-06-30,11400.00,CE,MIDCPNIFTY26JUN11400CE,0.00,0.00,0.00,1160.00,0.00,1160.00,13994.75,2636.75,0,0,0,0.00,0,F1,120,,,,,
2026-06-08,2026-06-08,FO,NSE,IDO,78186,,MIDCPNIFTY,,2026-06-30,2026-06-30,11825.00,CE,MIDCPNIFTY26JUN11825CE,0.00,0.00,0.00,873.25,0.00,873.25,13994.75,2213.65,0,0,0,0.00,0,F1,120,,,,,
2026-06-08,2026-06-08,FO,NSE,IDO,78267,,MIDCPNIFTY,,2026-06-30,2026-06-30,12125.00,CE,MIDCPNIFTY26JUN12125CE,0.00,0.00,0.00,699.90,0.00,699.90,13994.75,1915.80,0,0,0,0.00,0,F1,120,,,,,
2026-06-08,2026-06-08,FO,NSE,IDO,78277,,MIDCPNIFTY,,2026-06-30,2026-06-30,12225.00,CE,MIDCPNIFTY26JUN12225CE,0.00,0.00,0.00,647.55,0.00,647.55,13994.75,1816.90,0,0,0,0.00,0,F1,120,,,,,
2026-06-08,2026-06-08,FO,NSE,IDO,78285,,MIDCPNIFTY,,2026-06-30,2026-06-30,12325.00,CE,MIDCPNIFTY26JUN12325CE,0.00,0.00,0.00,597.90,0.00,597.90,13994.75,1718.40,0,0,0,0.00,0,F1,120,,,,,
2026-06-08,2026-06-08,FO,NSE,IDO,78367,,MIDCPNIFTY,,2026-06-30,2026-06-30,12825.00,CE,MIDCPNIFTY26JUN12825CE,0.00,0.00,0.00,389.30,0.00,389.30,13994.75,1236.60,0,0,0,0.00,0,F1,120,,,,,
2026-06-08,2026-06-08,FO,NSE,IDO,78375,,MIDCPNIFTY,,2026-06-30,2026-06-30,12925.00,CE,MIDCPNIFTY26JUN12925CE,0.00,0.00,0.00,355.15,0.00,355.15,13994.75,1144.10,0,0,0,0.00,0,F1,120,,,,,
2026-06-08,2026-06-08,FO,NSE,IDO,78591,,MIDCPNIFTY,,2026-06-30,2026-06-30,13550.00,CE,MIDCPNIFTY26JUN13550CE,0.00,0.00,0.00,191.50,0.00,191.50,13994.75,625.10,0,0,0,0.00,0,F1,120,,,,,
2026-06-08,2026-06-08,FO,NSE,IDO,78636,,MIDCPNIFTY,,2026-06-30,2026-06-30,13875.00,CE,MIDCPNIFTY26JUN13875CE,450.85,465.50,399.00,399.00,399.00,499.10,13994.75,399.00,1200,0,7,12026382.00,5,F1,120,,,,,
2026-06-08,2026-06-08,FO,NSE,IDO,78660,,MIDCPNIFTY,,2026-06-30,2026-06-30,14175.00,CE,MIDCPNIFTY26JUN14175CE,213.85,308.80,209.30,232.75,210.90,299.20,13994.75,232.75,10320,-1320,296,513072234.00,288,F1,120,,,,,
2026-06-08,2026-06-08,FO,NSE,IDO,78763,,MIDCPNIFTY,,2026-06-30,2026-06-30,14500.00,CE,MIDCPNIFTY26JUN14500CE,85.25,166.75,83.50,112.80,107.00,155.20,13994.75,112.80,537120,29760,4677,8212899450.00,3774,F1,120,,,,,
2026-06-08,2026-06-08,FO,NSE,IDO,60748,,MIDCPNIFTY,,2026-08-25,2026-08-25,16000.00,PE,MIDCPNIFTY26AUG16000PE,0.00,0.00,0.00,1396.25,0.00,1396.25,13994.75,1889.25,0,0,0,0.00,0,F1,120,,,,,
2026-06-08,2026-06-08,FO,NSE,IDO,60736,,MIDCPNIFTY,,2026-08-25,2026-08-25,15900.00,PE,MIDCPNIFTY26AUG15900PE,0.00,0.00,0.00,1323.75,0.00,1323.75,13994.75,1803.65,0,0,0,0.00,0,F1,120,,,,,
2026-06-08,2026-06-08,FO,NSE,IDO,60658,,MIDCPNIFTY,,2026-08-25,2026-08-25,15175.00,PE,MIDCPNIFTY26AUG15175PE,0.00,0.00,0.00,853.25,0.00,853.25,13994.75,1225.75,0,0,0,0.00,0,F1,120,,,,,
2026-06-08,2026-06-08,FO,NSE,IDO,60646,,MIDCPNIFTY,,2026-08-25,2026-08-25,15075.00,PE,MIDCPNIFTY26AUG15075PE,0.00,0.00,0.00,796.65,0.00,796.65,13994.75,1153.15,0,0,0,0.00,0,F1,120,,,,,
2026-06-08,2026-06-08,FO,NSE,IDO,60638,,MIDCPNIFTY,,2026-08-25,2026-08-25,14975.00,PE,MIDCPNIFTY26AUG14975PE,0.00,0.00,0.00,742.20,0.00,742.20,13994.75,1082.55,0,0,0,0.00,0,F1,120,,,,,
2026-06-08,2026-06-08,FO,NSE,IDO,60632,,MIDCPNIFTY,,2026-08-25,2026-08-25,14925.00,PE,MIDCPNIFTY26AUG14925PE,0.00,0.00,0.00,715.80,0.00,715.80,13994.75,1048.05,0,0,0,0.00,0,F1,120,,,,,
2026-06-08,2026-06-08,FO,NSE,IDO,60582,,MIDCPNIFTY,,2026-08-25,2026-08-25,14525.00,PE,MIDCPNIFTY26AUG14525PE,0.00,0.00,0.00,524.60,0.00,524.60,13994.75,791.60,0,0,0,0.00,0,F1,120,,,,,
2026-06-08,2026-06-08,FO,NSE,IDO,60578,,MIDCPNIFTY,,2026-08-25,2026-08-25,14475.00,PE,MIDCPNIFTY26AUG14475PE,0.00,0.00,0.00,503.20,0.00,503.20,13994.75,762.15,0,0,0,0.00,0,F1,120,,,,,
2026-06-08,2026-06-08,FO,NSE,IDO,60504,,MIDCPNIFTY,,2026-08-25,2026-08-25,13900.00,PE,MIDCPNIFTY26AUG13900PE,0.00,0.00,0.00,296.55,0.00,296.55,13994.75,468.25,0,0,0,0.00,0,F1,120,,,,,
2026-06-08,2026-06-08,FO,NSE,IDO,60482,,MIDCPNIFTY,,2026-08-25,2026-08-25,13675.00,PE,MIDCPNIFTY26AUG13675PE,0.00,0.00,0.00,235.55,0.00,235.55,13994.75,376.15,0,0,0,0.00,0,F1,120,,,,,
2026-06-08,2026-06-08,FO,NSE,IDO,60432,,MIDCPNIFTY,,2026-08-25,2026-08-25,13250.00,PE,MIDCPNIFTY26AUG13250PE,0.00,0.00,0.00,144.25,0.00,144.25,13994.75,237.15,0,0,0,0.00,0,F1,120,,,,,
2026-06-08,2026-06-08,FO,NSE,IDO,60410,,MIDCPNIFTY,,2026-08-25,2026-08-25,13025.00,PE,MIDCPNIFTY26AUG13025PE,0.00,0.00,0.00,108.45,0.00,108.45,13994.75,179.95,0,0,0,0.00,0,F1,120,,,,,
2026-06-08,2026-06-08,FO,NSE,IDO,63596,,MIDCPNIFTY,,2026-07-28,2026-07-28,15725.00,PE,MIDCPNIFTY26JUL15725PE,0.00,0.00,0.00,1716.70,0.00,1716.70,13994.75,1654.35,0,0,0,0.00,0,F1,120,,,,,
2026-06-08,2026-06-08,FO,NSE,IDO,63590,,MIDCPNIFTY,,2026-07-28,2026-07-28,15650.00,PE,MIDCPNIFTY26JUL15650PE,0.00,0.00,0.00,1656.45,0.00,1656.45,13994.75,1588.00,0,0,0,0.00,0,F1,120,,,,,
2026-06-08,2026-06-08,FO,NSE,IDO,63580,,MIDCPNIFTY,,2026-07-28,2026-07-28,15525.00,PE,MIDCPNIFTY26JUL15525PE,0.00,0.00,0.00,1557.80,0.00,1557.80,13994.75,1479.20,0,0,0,0.00,0,F1,120,,,,,
2026-06-08,2026-06-08,FO,NSE,IDO,63570,,MIDCPNIFTY,,2026-07-28,2026-07-28,15400.00,PE,MIDCPNIFTY26JUL15400PE,0.00,0.00,0.00,1462.00,0.00,1462.00,13994.75,1372.80,0,0,0,0.00,0,F1,120,,,,,
2026-06-08,2026-06-08,FO,NSE,IDO,63518,,MIDCPNIFTY,,2026-07-28,2026-07-28,14775.00,PE,MIDCPNIFTY26JUL14775PE,0.00,0.00,0.00,1020.20,0.00,1020.20,13994.75,886.55,0,0,0,0.00,0,F1,120,,,,,
2026-06-08,2026-06-08,FO,NSE,IDO,63514,,MIDCPNIFTY,,2026-07-28,2026-07-28,14725.00,PE,MIDCPNIFTY26JUL14725PE,0.00,0.00,0.00,988.15,0.00,988.15,13994.75,851.60,0,0,0,0.00,0,F1,120,,,,,
2026-06-08,2026-06-08,FO,NSE,IDO,63456,,MIDCPNIFTY,,2026-07-28,2026-07-28,14000.00,PE,MIDCPNIFTY26JUL14000PE,364.00,396.95,344.95,382.30,396.95,318.50,13994.75,382.30,1800,960,15,25862658.00,15,F1,120,,,,,
2026-06-08,2026-06-08,FO,NSE,IDO,63446,,MIDCPNIFTY,,2026-07-28,2026-07-28,13900.00,PE,MIDCPNIFTY26JUL13900PE,0.00,0.00,0.00,537.90,0.00,537.90,13994.75,381.55,0,0,0,0.00,0,F1,120,,,,,
2026-06-08,2026-06-08,FO,NSE,IDO,63424,,MIDCPNIFTY,,2026-07-28,2026-07-28,13650.00,PE,MIDCPNIFTY26JUL13650PE,0.00,0.00,0.00,432.25,0.00,432.25,13994.75,281.45,0,0,0,0.00,0,F1,120,,,,,
2026-06-08,2026-06-08,FO,NSE,IDO,63422,,MIDCPNIFTY,,2026-07-28,2026-07-28,13625.00,PE,MIDCPNIFTY26JUL13625PE,0.00,0.00,0.00,422.45,0.00,422.45,13994.75,272.50,0,0,0,0.00,0,F1,120,,,,,
2026-06-08,2026-06-08,FO,NSE,IDO,63356,,MIDCPNIFTY,,2026-07-28,2026-07-28,12800.00,PE,MIDCPNIFTY26JUL12800PE,0.00,0.00,0.00,177.55,0.00,177.55,13994.75,76.40,0,0,0,0.00,0,F1,120,,,,,
2026-06-08,2026-06-08,FO,NSE,IDO,52009,,MIDCPNIFTY,,2026-06-30,2026-06-30,15750.00,PE,MIDCPNIFTY26JUN15750PE,0.00,0.00,0.00,2092.90,0.00,2092.90,13994.75,1705.20,0,0,0,0.00,0,F1,120,,,,,
2026-06-08,2026-06-08,FO,NSE,IDO,49278,,MIDCPNIFTY,,2026-06-30,2026-06-30,15575.00,PE,MIDCPNIFTY26JUN15575PE,0.00,0.00,0.00,2050.35,0.00,2050.35,13994.75,1535.90,0,0,0,0.00,0,F1,120,,,,,
2026-06-08,2026-06-08,FO,NSE,IDO,78792,,MIDCPNIFTY,,2026-06-30,2026-06-30,15400.00,PE,MIDCPNIFTY26JUN15400PE,0.00,0.00,0.00,2985.50,0.00,2985.50,13994.75,1369.20,0,0,0,0.00,0,F1,120,,,,,
2026-06-08,2026-06-08,FO,NSE,IDO,35131,,MIDCPNIFTY,,2026-06-30,2026-06-30,14675.00,PE,MIDCPNIFTY26JUN14675PE,665.05,665.05,654.40,654.40,654.40,572.40,13994.75,734.65,7080,-120,2,3680334.00,2,F1,120,,,,,
2026-06-08,2026-06-08,FO,NSE,IDO,78643,,MIDCPNIFTY,,2026-06-30,2026-06-30,13950.00,PE,MIDCPNIFTY26JUN13950PE,250.80,270.00,182.45,253.35,256.00,172.30,13994.75,253.35,65880,59400,2221,3783049578.00,1992,F1,120,,,,,
2026-06-08,2026-06-08,FO,NSE,IDO,78629,,MIDCPNIFTY,,2026-06-30,2026-06-30,13775.00,PE,MIDCPNIFTY26JUN13775PE,160.00,194.50,134.85,188.90,190.00,121.55,13994.75,188.90,9960,8040,140,233984046.00,103,F1,120,,,,,
2026-06-08,2026-06-08,FO,NSE,IDO,78586,,MIDCPNIFTY,,2026-06-30,2026-06-30,13475.00,PE,MIDCPNIFTY26JUN13475PE,90.55,100.95,78.45,93.40,100.95,65.00,13994.75,93.40,2280,720,23,37436052.00,19,F1,120,,,,,
2026-06-08,2026-06-08,FO,NSE,IDO,78566,,MIDCPNIFTY,,2026-06-30,2026-06-30,13425.00,PE,MIDCPNIFTY26JUN13425PE,78.10,92.45,69.00,92.45,92.45,56.05,13994.75,92.45,840,240,16,25922508.00,16,F1,120,,,,,
2026-06-08,2026-06-08,FO,NSE,IDO,78474,,MIDCPNIFTY,,2026-06-30,2026-06-30,13000.00,PE,MIDCPNIFTY26JUN13000PE,29.00,36.70,22.65,32.95,34.50,18.75,13994.75,32.95,721200,22200,8109,12678605094.00,4171,F1,120,,,,,
2026-06-08,2026-06-08,FO,NSE,IDO,78372,,MIDCPNIFTY,,2026-06-30,2026-06-30,12875.00,PE,MIDCPNIFTY26JUN12875PE,21.10,22.55,17.80,18.15,18.15,12.90,13994.75,22.95,720,-360,14,21663816.00,12,F1,120,,,,,
2026-06-08,2026-06-08,FO,NSE,IDO,78324,,MIDCPNIFTY,,2026-06-30,2026-06-30,12700.00,PE,MIDCPNIFTY26JUN12700PE,11.95,17.30,11.35,14.85,17.25,8.75,13994.75,14.85,106320,64680,1229,1874977146.00,598,F1,120,,,,,
2026-06-08,2026-06-08,FO,NSE,IDO,78302,,MIDCPNIFTY,,2026-06-30,2026-06-30,12475.00,PE,MIDCPNIFTY26JUN12475PE,7.25,10.50,7.00,9.70,10.50,4.85,13994.75,9.70,4440,4320,51,76398372.00,41,F1,120,,,,,
2026-06-08,2026-06-08,FO,NSE,IDO,78298,,MIDCPNIFTY,,2026-06-30,2026-06-30,12425.00,PE,MIDCPNIFTY26JUN12425PE,6.50,9.70,6.50,8.30,9.70,4.60,13994.75,8.30,3240,2640,37,55202694.00,20,F1,120,,,,,
2026-06-08,2026-06-08,FO,NSE,IDO,78258,,MIDCPNIFTY,,2026-06-30,2026-06-30,12000.00,PE,MIDCPNIFTY26JUN12000PE,4.00,6.15,4.00,5.10,6.15,3.80,13994.75,5.10,41640,8520,205,295312992.00,85,F1,120,,,,,
2026-06-08,2026-06-08,FO,NSE,IDO,78114,,MIDCPNIFTY,,2026-06-30,2026-06-30,11500.00,PE,MIDCPNIFTY26JUN11500PE,0.00,0.00,0.00,1.50,1.50,1.50,13994.75,0.05,3840,0,0,0.00,0,F1,120,,,,,
2026-06-08,2026-06-08,FO,NSE,IDO,78110,,MIDCPNIFTY,,2026-06-30,2026-06-30,11450.00,PE,MIDCPNIFTY26JUN11450PE,0.00,0.00,0.00,210.10,0.00,210.10,13994.75,0.05,0,0,0,0.00,0,F1,120,,,,,
2026-06-08,2026-06-08,FO,NSE,IDO,78082,,MIDCPNIFTY,,2026-06-30,2026-06-30,11100.00,PE,MIDCPNIFTY26JUN11100PE,0.00,0.00,0.00,130.10,0.00,130.10,13994.75,0.00,0,0,0,0.00,0,F1,120,,,,,
2026-06-08,2026-06-08,FO,NSE,IDO,60653,,MIDCPNIFTY,,2026-08-25,2026-08-25,15150.00,CE,MIDCPNIFTY26AUG15150CE,0.00,0.00,0.00,588.30,0.00,588.30,13994.75,269.45,0,0,0,0.00,0,F1,120,,,,,
2026-06-08,2026-06-08,FO,NSE,IDO,60583,,MIDCPNIFTY,,2026-08-25,2026-08-25,14550.00,CE,MIDCPNIFTY26AUG14550CE,0.00,0.00,0.00,876.05,0.00,876.05,13994.75,460.00,0,0,0,0.00,0,F1,120,,,,,
2026-06-08,2026-06-08,FO,NSE,IDO,60581,,MIDCPNIFTY,,2026-08-25,2026-08-25,14525.00,CE,MIDCPNIFTY26AUG14525CE,0.00,0.00,0.00,889.75,0.00,889.75,13994.75,469.70,0,0,0,0.00,0,F1,120,,,,,
2026-06-08,2026-06-08,FO,NSE,IDO,60557,,MIDCPNIFTY,,2026-08-25,2026-08-25,14375.00,CE,MIDCPNIFTY26AUG14375CE,0.00,0.00,0.00,975.00,0.00,975.00,13994.75,531.00,0,0,0,0.00,0,F1,120,,,,,
2026-06-08,2026-06-08,FO,NSE,IDO,60555,,MIDCPNIFTY,,2026-08-25,2026-08-25,14350.00,CE,MIDCPNIFTY26AUG14350CE,0.00,0.00,0.00,989.70,0.00,989.70,13994.75,541.75,0,0,0,0.00,0,F1,120,,,,,
2026-06-08,2026-06-08,FO,NSE,IDO,60539,,MIDCPNIFTY,,2026-08-25,2026-08-25,14250.00,CE,MIDCPNIFTY26AUG14250CE,0.00,0.00,0.00,1049.85,0.00,1049.85,13994.75,586.35,0,0,0,0.00,0,F1,120,,,,,
2026-06-08,2026-06-08,FO,NSE,IDO,60509,,MIDCPNIFTY,,2026-08-25,2026-08-25,13975.00,CE,MIDCPNIFTY26AUG13975CE,0.00,0.00,0.00,1226.55,0.00,1226.55,13994.75,722.05,0,0,0,0.00,0,F1,120,,,,,
2026-06-08,2026-06-08,FO,NSE,IDO,60485,,MIDCPNIFTY,,2026-08-25,2026-08-25,13725.00,CE,MIDCPNIFTY26AUG13725CE,0.00,0.00,0.00,1401.70,0.00,1401.70,13994.75,862.10,0,0,0,0.00,0,F1,120,,,,,
2026-06-08,2026-06-08,FO,NSE,IDO,60463,,MIDCPNIFTY,,2026-08-25,2026-08-25,13550.00,CE,MIDCPNIFTY26AUG13550CE,0.00,0.00,0.00,1530.70,0.00,1530.70,13994.75,969.60,0,0,0,0.00,0,F1,120,,,,,
2026-06-08,2026-06-08,FO,NSE,IDO,60439,,MIDCPNIFTY,,2026-08-25,2026-08-25,13350.00,CE,MIDCPNIFTY26AUG13350CE,0.00,0.00,0.00,1685.60,0.00,1685.60,13994.75,1101.70,0,0,0,0.00,0,F1,120,,,,,
2026-06-08,2026-06-08,FO,NSE,IDO,60419,,MIDCPNIFTY,,2026-08-25,2026-08-25,13150.00,CE,MIDCPNIFTY26AUG13150CE,0.00,0.00,0.00,1847.25,0.00,1847.25,13994.75,1244.00,0,0,0,0.00,0,F1,120,,,,,
2026-06-08,2026-06-08,FO,NSE,IDO,60392,,MIDCPNIFTY,,2026-08-25,2026-08-25,12975.00,CE,MIDCPNIFTY26AUG12975CE,0.00,0.00,0.00,1993.75,0.00,1993.75,13994.75,1374.65,0,0,0,0.00,0,F1,120,,,,,
2026-06-08,2026-06-08,FO,NSE,IDO,60390,,MIDCPNIFTY,,2026-08-25,2026-08-25,12950.00,CE,MIDCPNIFTY26AUG12950CE,0.00,0.00,0.00,2015.05,0.00,2015.05,13994.75,1393.95,0,0,0,0.00,0,F1,120,,,,,
2026-06-08,2026-06-08,FO,NSE,IDO,63557,,MIDCPNIFTY,,2026-07-28,2026-07-28,15250.00,CE,MIDCPNIFTY26JUL15250CE,0.00,0.00,0.00,294.05,0.00,294.05,13994.75,134.00,0,0,0,0.00,0,F1,120,,,,,
2026-06-08,2026-06-08,FO,NSE,IDO,63549,,MIDCPNIFTY,,2026-07-28,2026-07-28,15150.00,CE,MIDCPNIFTY26JUL15150CE,0.00,0.00,0.00,319.95,0.00,319.95,13994.75,152.70,0,0,0,0.00,0,F1,120,,,,,
2026-06-08,2026-06-08,FO,NSE,IDO,63541,,MIDCPNIFTY,,2026-07-28,2026-07-28,15050.00,CE,MIDCPNIFTY26JUL15050CE,0.00,0.00,0.00,347.60,0.00,347.60,13994.75,173.50,0,0,0,0.00,0,F1,120,,,,,
2026-06-08,2026-06-08,FO,NSE,IDO,63463,,MIDCPNIFTY,,2026-07-28,2026-07-28,14100.00,CE,MIDCPNIFTY26JUL14100CE,0.00,0.00,0.00,711.45,0.00,711.45,13994.75,500.75,0,0,0,0.00,0,F1,120,,,,,
2026-06-08,2026-06-08,FO,NSE,IDO,63461,,MIDCPNIFTY,,2026-07-28,2026-07-28,14075.00,CE,MIDCPNIFTY26JUL14075CE,0.00,0.00,0.00,723.75,0.00,723.75,13994.75,513.00,0,0,0,0.00,0,F1,120,,,,,
2026-06-08,2026-06-08,FO,NSE,IDO,63449,,MIDCPNIFTY,,2026-07-28,2026-07-28,13950.00,CE,MIDCPNIFTY26JUL13950CE,0.00,0.00,0.00,787.20,0.00,787.20,13994.75,577.30,0,0,0,0.00,0,F1,120,,,,,
2026-06-08,2026-06-08,FO,NSE,IDO,63447,,MIDCPNIFTY,,2026-07-28,2026-07-28,13925.00,CE,MIDCPNIFTY26JUL13925CE,0.00,0.00,0.00,800.35,0.00,800.35,13994.75,590.80,0,0,0,0.00,0,F1,120,,,,,
2026-06-08,2026-06-08,FO,NSE,IDO,63431,,MIDCPNIFTY,,2026-07-28,2026-07-28,13750.00,CE,MIDCPNIFTY26JUL13750CE,0.00,0.00,0.00,896.30,0.00,896.30,13994.75,690.60,0,0,0,0.00,0,F1,120,,,,,
2026-06-08,2026-06-08,FO,NSE,IDO,63407,,MIDCPNIFTY,,2026-07-28,2026-07-28,13450.00,CE,MIDCPNIFTY26JUL13450CE,0.00,0.00,0.00,1077.30,0.00,1077.30,13994.75,884.10,0,0,0,0.00,0,F1,120,,,,,
2026-06-08,2026-06-08,FO,NSE,IDO,63369,,MIDCPNIFTY,,2026-07-28,2026-07-28,12975.00,CE,MIDCPNIFTY26JUL12975CE,0.00,0.00,0.00,1405.05,0.00,1405.05,13994.75,1243.20,0,0,0,0.00,0,F1,120,,,,,
2026-06-08,2026-06-08,FO,NSE,IDO,63361,,MIDCPNIFTY,,2026-07-28,2026-07-28,12875.00,CE,MIDCPNIFTY26JUL12875CE,0.00,0.00,0.00,1480.00,0.00,1480.00,13994.75,1325.80,0,0,0,0.00,0,F1,120,,,,,
2026-06-08,2026-06-08,FO,NSE,IDO,63347,,MIDCPNIFTY,,2026-07-28,2026-07-28,12700.00,CE,MIDCPNIFTY26JUL12700CE,0.00,0.00,0.00,1615.65,0.00,1615.65,13994.75,1475.30,0,0,0,0.00,0,F1,120,,,,,
2026-06-08,2026-06-08,FO,NSE,IDO,78799,,MIDCPNIFTY,,2026-06-30,2026-06-30,15500.00,CE,MIDCPNIFTY26JUN15500CE,7.05,10.35,5.75,6.45,5.80,10.00,13994.75,6.45,460080,-60120,3007,5596162656.00,1686,F1,120,,,,,
2026-06-08,2026-06-08,FO,NSE,IDO,40761,,MIDCPNIFTY,,2026-06-30,2026-06-30,15225.00,CE,MIDCPNIFTY26JUN15225CE,16.80,20.95,12.45,12.45,12.45,28.20,13994.75,12.45,840,120,8,14633838.00,5,F1,120,,,,,
2026-06-08,2026-06-08,FO,NSE,IDO,78783,,MIDCPNIFTY,,2026-06-30,2026-06-30,15100.00,CE,MIDCPNIFTY26JUN15100CE,12.75,34.45,12.75,21.50,20.45,31.70,13994.75,21.50,73200,480,1650,2994995430.00,1143,F1,120,,,,,
2026-06-08,2026-06-08,FO,NSE,IDO,78781,,MIDCPNIFTY,,2026-06-30,2026-06-30,15000.00,CE,MIDCPNIFTY26JUN15000CE,26.20,47.15,21.35,29.15,27.95,42.05,13994.75,29.15,702240,61080,8734,15759781896.00,5576,F1,120,,,,,
2026-06-08,2026-06-08,FO,NSE,IDO,41341,,MIDCPNIFTY,,2026-06-30,2026-06-30,14875.00,CE,MIDCPNIFTY26JUN14875CE,35.75,66.70,35.75,53.55,53.55,59.95,13994.75,71.65,4320,600,22,39418200.00,17,F1,120,,,,,
2026-06-08,2026-06-08,FO,NSE,IDO,38726,,MIDCPNIFTY,,2026-06-30,2026-06-30,14750.00,CE,MIDCPNIFTY26JUN14750CE,52.65,92.80,52.65,60.10,54.85,84.45,13994.75,60.10,42960,4560,202,359308056.00,156,F1,120,,,,,
2026-06-08,2026-06-08,FO,NSE,IDO,35107,,MIDCPNIFTY,,2026-06-30,2026-06-30,14475.00,PE,MIDCPNIFTY26JUN14475PE,497.00,499.10,497.00,499.10,499.10,430.85,13994.75,585.75,5400,-240,2,3593532.00,2,F1,120,,,,,
2026-06-08,2026-06-08,FO,NSE,IDO,78676,,MIDCPNIFTY,,2026-06-30,2026-06-30,14250.00,PE,MIDCPNIFTY26JUN14250PE,350.45,431.50,285.85,400.15,420.00,294.75,13994.75,400.15,19800,-840,187,327809940.00,166,F1,120,,,,,
2026-06-08,2026-06-08,FO,NSE,IDO,78651,,MIDCPNIFTY,,2026-06-30,2026-06-30,14050.00,PE,MIDCPNIFTY26JUN14050PE,259.85,323.15,220.80,290.80,302.20,209.20,13994.75,290.80,12480,1680,2244,3854405064.00,2051,F1,120,,,,,
2026-06-08,2026-06-08,FO,NSE,IDO,78500,,MIDCPNIFTY,,2026-06-30,2026-06-30,13225.00,PE,MIDCPNIFTY26JUN13225PE,0.00,0.00,0.00,23.70,23.70,23.70,13994.75,61.35,240,0,0,0.00,0,F1,120,,,,,
2026-06-08,2026-06-08,FO,NSE,IDO,78478,,MIDCPNIFTY,,2026-06-30,2026-06-30,13050.00,PE,MIDCPNIFTY26JUN13050PE,30.50,33.00,30.50,33.00,33.00,23.00,13994.75,38.40,2880,-120,5,7849200.00,3,F1,120,,,,,
2026-06-08,2026-06-08,FO,NSE,IDO,78270,,MIDCPNIFTY,,2026-06-30,2026-06-30,12150.00,PE,MIDCPNIFTY26JUN12150PE,0.00,0.00,0.00,4.10,4.10,4.10,13994.75,1.55,360,0,0,0.00,0,F1,120,,,,,
2026-06-08,2026-06-08,FO,NSE,IDO,78260,,MIDCPNIFTY,,2026-06-30,2026-06-30,12025.00,PE,MIDCPNIFTY26JUN12025PE,3.50,5.45,3.50,4.95,5.45,2.30,13994.75,4.95,840,480,10,14435592.00,5,F1,120,,,,,
2026-06-08,2026-06-08,FO,NSE,IDO,78130,,MIDCPNIFTY,,2026-06-30,2026-06-30,11700.00,PE,MIDCPNIFTY26JUN11700PE,0.00,0.00,0.00,284.30,0.00,284.30,13994.75,0.20,0,0,0,0.00,0,F1,120,,,,,
2026-06-08,2026-06-08,FO,NSE,IDO,78236,,MIDCPNIFTY,,2026-06-30,2026-06-30,11900.00,CE,MIDCPNIFTY26JUN11900CE,0.00,0.00,0.00,827.65,0.00,827.65,13994.75,2139.05,0,0,0,0.00,0,F1,120,,,,,
2026-06-08,2026-06-08,FO,NSE,IDO,78371,,MIDCPNIFTY,,2026-06-30,2026-06-30,12875.00,CE,MIDCPNIFTY26JUN12875CE,0.00,0.00,0.00,371.90,0.00,371.90,13994.75,1190.10,0,0,0,0.00,0,F1,120,,,,,
2026-06-08,2026-06-08,FO,NSE,IDO,78377,,MIDCPNIFTY,,2026-06-30,2026-06-30,12950.00,CE,MIDCPNIFTY26JUN12950CE,0.00,0.00,0.00,346.95,0.00,346.95,13994.75,1121.25,0,0,0,0.00,0,F1,120,,,,,
2026-06-08,2026-06-08,FO,NSE,IDO,78499,,MIDCPNIFTY,,2026-06-30,2026-06-30,13225.00,CE,MIDCPNIFTY26JUN13225CE,0.00,0.00,0.00,266.40,0.00,266.40,13994.75,879.80,0,0,0,0.00,0,F1,120,,,,,
2026-06-08,2026-06-08,FO,NSE,IDO,78522,,MIDCPNIFTY,,2026-06-30,2026-06-30,13325.00,CE,MIDCPNIFTY26JUN13325CE,0.00,0.00,0.00,241.65,0.00,241.65,13994.75,797.40,0,0,0,0.00,0,F1,120,,,,,
2026-06-08,2026-06-08,FO,NSE,IDO,78587,,MIDCPNIFTY,,2026-06-30,2026-06-30,13500.00,CE,MIDCPNIFTY26JUN13500CE,636.50,760.85,607.20,655.80,619.95,820.50,13994.75,655.80,24840,-240,27,45999804.00,25,F1,120,,,,,
2026-06-08,2026-06-08,FO,NSE,IDO,78622,,MIDCPNIFTY,,2026-06-30,2026-06-30,13700.00,CE,MIDCPNIFTY26JUN13700CE,486.55,601.60,468.30,473.75,468.30,585.00,13994.75,473.75,2280,1680,62,105851892.00,47,F1,120,,,,,
2026-06-08,2026-06-08,FO,NSE,IDO,78628,,MIDCPNIFTY,,2026-06-30,2026-06-30,13775.00,CE,MIDCPNIFTY26JUN13775CE,444.55,524.85,424.15,424.20,424.15,541.00,13994.75,424.20,360,240,4,6830130.00,4,F1,120,,,,,
2026-06-08,2026-06-08,FO,NSE,IDO,78640,,MIDCPNIFTY,,2026-06-30,2026-06-30,13925.00,CE,MIDCPNIFTY26JUN13925CE,356.00,454.00,333.00,352.75,336.00,464.80,13994.75,352.75,1920,840,95,163298304.00,64,F1,120,,,,,
2026-06-08,2026-06-08,FO,NSE,IDO,78658,,MIDCPNIFTY,,2026-06-30,2026-06-30,14150.00,CE,MIDCPNIFTY26JUN14150CE,242.60,325.05,198.60,239.05,229.55,310.70,13994.75,239.05,52200,32160,2571,4450894374.00,2432,F1,120,,,,,
2026-06-08,2026-06-08,FO,NSE,IDO,40778,,MIDCPNIFTY,,2026-06-30,2026-06-30,15375.00,CE,MIDCPNIFTY26JUN15375CE,12.20,14.00,8.70,8.70,8.70,14.85,13994.75,8.70,720,0,11,20310576.00,9,F1,120,,,,,
2026-06-08,2026-06-08,FO,NSE,IDO,49271,,MIDCPNIFTY,,2026-06-30,2026-06-30,15525.00,CE,MIDCPNIFTY26JUN15525CE,9.50,9.50,5.00,6.30,5.00,9.50,13994.75,6.30,6720,-960,16,29822964.00,12,F1,120,,,,,
2026-06-08,2026-06-08,FO,NSE,IDO,53813,,MIDCPNIFTY,,2026-06-30,2026-06-30,15925.00,CE,MIDCPNIFTY26JUN15925CE,0.00,0.00,0.00,4.40,4.40,4.40,13994.75,4.75,600,0,0,0.00,0,F1,120,,,,,
2026-06-08,2026-06-08,FO,NSE,IDO,63319,,MIDCPNIFTY,,2026-07-28,2026-07-28,12350.00,CE,MIDCPNIFTY26JUL12350CE,0.00,0.00,0.00,1902.85,0.00,1902.85,13994.75,1789.80,0,0,0,0.00,0,F1,120,,,,,
2026-06-08,2026-06-08,FO,NSE,IDO,63329,,MIDCPNIFTY,,2026-07-28,2026-07-28,12475.00,CE,MIDCPNIFTY26JUL12475CE,0.00,0.00,0.00,1798.05,0.00,1798.05,13994.75,1675.45,0,0,0,0.00,0,F1,120,,,,,
2026-06-08,2026-06-08,FO,NSE,IDO,63337,,MIDCPNIFTY,,2026-07-28,2026-07-28,12575.00,CE,MIDCPNIFTY26JUL12575CE,0.00,0.00,0.00,1715.95,0.00,1715.95,13994.75,1585.50,0,0,0,0.00,0,F1,120,,,,,
2026-06-08,2026-06-08,FO,NSE,IDO,63341,,MIDCPNIFTY,,2026-07-28,2026-07-28,12625.00,CE,MIDCPNIFTY26JUL12625CE,0.00,0.00,0.00,1675.50,0.00,1675.50,13994.75,1541.10,0,0,0,0.00,0,F1,120,,,,,
2026-06-08,2026-06-08,FO,NSE,IDO,63387,,MIDCPNIFTY,,2026-07-28,2026-07-28,13200.00,CE,MIDCPNIFTY26JUL13200CE,0.00,0.00,0.00,1243.65,0.00,1243.65,13994.75,1065.80,0,0,0,0.00,0,F1,120,,,,,
2026-06-08,2026-06-08,FO,NSE,IDO,63401,,MIDCPNIFTY,,2026-07-28,2026-07-28,13375.00,CE,MIDCPNIFTY26JUL13375CE,0.00,0.00,0.00,1125.75,0.00,1125.75,13994.75,937.25,0,0,0,0.00,0,F1,120,,,,,
2026-06-08,2026-06-08,FO,NSE,IDO,63419,,MIDCPNIFTY,,2026-07-28,2026-07-28,13600.00,CE,MIDCPNIFTY26JUL13600CE,0.00,0.00,0.00,984.20,0.00,984.20,13994.75,783.90,0,0,0,0.00,0,F1,120,,,,,
2026-06-08,2026-06-08,FO,NSE,IDO,63467,,MIDCPNIFTY,,2026-07-28,2026-07-28,14150.00,CE,MIDCPNIFTY26JUL14150CE,0.00,0.00,0.00,687.35,0.00,687.35,13994.75,476.85,0,0,0,0.00,0,F1,120,,,,,
2026-06-08,2026-06-08,FO,NSE,IDO,63483,,MIDCPNIFTY,,2026-07-28,2026-07-28,14350.00,CE,MIDCPNIFTY26JUL14350CE,0.00,0.00,0.00,596.75,0.00,596.75,13994.75,389.10,0,0,0,0.00,0,F1,120,,,,,
2026-06-08,2026-06-08,FO,NSE,IDO,63521,,MIDCPNIFTY,,2026-07-28,2026-07-28,14825.00,CE,MIDCPNIFTY26JUL14825CE,0.00,0.00,0.00,416.75,0.00,416.75,13994.75,228.50,0,0,0,0.00,0,F1,120,,,,,
2026-06-08,2026-06-08,FO,NSE,IDO,63553,,MIDCPNIFTY,,2026-07-28,2026-07-28,15200.00,CE,MIDCPNIFTY26JUL15200CE,0.00,0.00,0.00,306.80,0.00,306.80,13994.75,143.10,0,0,0,0.00,0,F1,120,,,,,
2026-06-08,2026-06-08,FO,NSE,IDO,63637,,MIDCPNIFTY,,2026-07-28,2026-07-28,16200.00,CE,MIDCPNIFTY26JUL16200CE,0.00,0.00,0.00,123.50,0.00,123.50,13994.75,33.20,0,0,0,0.00,0,F1,120,,,,,
2026-06-08,2026-06-08,FO,NSE,IDO,60356,,MIDCPNIFTY,,2026-08-25,2026-08-25,12725.00,CE,MIDCPNIFTY26AUG12725CE,0.00,0.00,0.00,2210.35,0.00,2210.35,13994.75,1572.85,0,0,0,0.00,0,F1,120,,,,,
2026-06-08,2026-06-08,FO,NSE,IDO,60358,,MIDCPNIFTY,,2026-08-25,2026-08-25,12750.00,CE,MIDCPNIFTY26AUG12750CE,0.00,0.00,0.00,2188.35,0.00,2188.35,13994.75,1552.50,0,0,0,0.00,0,F1,120,,,,,
2026-06-08,2026-06-08,FO,NSE,IDO,60361,,MIDCPNIFTY,,2026-08-25,2026-08-25,12775.00,CE,MIDCPNIFTY26AUG12775CE,0.00,0.00,0.00,2166.40,0.00,2166.40,13994.75,1532.25,0,0,0,0.00,0,F1,120,,,,,
2026-06-08,2026-06-08,FO,NSE,IDO,60478,,MIDCPNIFTY,,2026-08-25,2026-08-25,13650.00,CE,MIDCPNIFTY26AUG13650CE,0.00,0.00,0.00,1456.00,0.00,1456.00,13994.75,907.20,0,0,0,0.00,0,F1,120,,,,,
2026-06-08,2026-06-08,FO,NSE,IDO,60505,,MIDCPNIFTY,,2026-08-25,2026-08-25,13925.00,CE,MIDCPNIFTY26AUG13925CE,0.00,0.00,0.00,1260.40,0.00,1260.40,13994.75,748.75,0,0,0,0.00,0,F1,120,,,,,
2026-06-08,2026-06-08,FO,NSE,IDO,60535,,MIDCPNIFTY,,2026-08-25,2026-08-25,14200.00,CE,MIDCPNIFTY26AUG14200CE,0.00,0.00,0.00,1080.75,0.00,1080.75,13994.75,609.60,0,0,0,0.00,0,F1,120,,,,,
2026-06-08,2026-06-08,FO,NSE,IDO,60577,,MIDCPNIFTY,,2026-08-25,2026-08-25,14475.00,CE,MIDCPNIFTY26AUG14475CE,0.00,0.00,0.00,917.65,0.00,917.65,13994.75,489.50,0,0,0,0.00,0,F1,120,,,,,
2026-06-08,2026-06-08,FO,NSE,IDO,60607,,MIDCPNIFTY,,2026-08-25,2026-08-25,14675.00,CE,MIDCPNIFTY26AUG14675CE,0.00,0.00,0.00,809.55,0.00,809.55,13994.75,413.75,0,0,0,0.00,0,F1,120,,,,,
2026-06-08,2026-06-08,FO,NSE,IDO,60617,,MIDCPNIFTY,,2026-08-25,2026-08-25,14800.00,CE,MIDCPNIFTY26AUG14800CE,0.00,0.00,0.00,746.45,0.00,746.45,13994.75,371.05,0,0,0,0.00,0,F1,120,,,,,
2026-06-08,2026-06-08,FO,NSE,IDO,77931,,MIDCPNIFTY,,2026-06-30,2026-06-30,10700.00,PE,MIDCPNIFTY26JUN10700PE,7.70,7.80,1.60,1.85,1.85,69.40,13994.75,0.00,1080,1080,14,17984874.00,6,F1,120,,,,,
2026-06-08,2026-06-08,FO,NSE,IDO,78028,,MIDCPNIFTY,,2026-06-30,2026-06-30,10950.00,PE,MIDCPNIFTY26JUN10950PE,0.00,0.00,0.00,103.90,0.00,103.90,13994.75,0.00,0,0,0,0.00,0,F1,120,,,,,
2026-06-08,2026-06-08,FO,NSE,IDO,78100,,MIDCPNIFTY,,2026-06-30,2026-06-30,11325.00,PE,MIDCPNIFTY26JUN11325PE,0.00,0.00,0.00,178.10,0.00,178.10,13994.75,0.05,0,0,0,0.00,0,F1,120,,,,,
2026-06-08,2026-06-08,FO,NSE,IDO,78108,,MIDCPNIFTY,,2026-06-30,2026-06-30,11425.00,PE,MIDCPNIFTY26JUN11425PE,0.00,0.00,0.00,203.50,0.00,203.50,13994.75,0.05,0,0,0,0.00,0,F1,120,,,,,
2026-06-08,2026-06-08,FO,NSE,IDO,60728,,MIDCPNIFTY,,2026-08-25,2026-08-25,15800.00,PE,MIDCPNIFTY26AUG15800PE,0.00,0.00,0.00,1252.95,0.00,1252.95,13994.75,1719.35,0,0,0,0.00,0,F1,120,,,,,
2026-06-08,2026-06-08,FO,NSE,IDO,60688,,MIDCPNIFTY,,2026-08-25,2026-08-25,15450.00,PE,MIDCPNIFTY26AUG15450PE,0.00,0.00,0.00,1019.60,0.00,1019.60,13994.75,1435.25,0,0,0,0.00,0,F1,120,,,,,
2026-06-08,2026-06-08,FO,NSE,IDO,60674,,MIDCPNIFTY,,2026-08-25,2026-08-25,15300.00,PE,MIDCPNIFTY26AUG15300PE,0.00,0.00,0.00,926.95,0.00,926.95,13994.75,1319.95,0,0,0,0.00,0,F1,120,,,,,
2026-06-08,2026-06-08,FO,NSE,IDO,60670,,MIDCPNIFTY,,2026-08-25,2026-08-25,15250.00,PE,MIDCPNIFTY26AUG15250PE,0.00,0.00,0.00,897.05,0.00,897.05,13994.75,1282.20,0,0,0,0.00,0,F1,120,,,,,
2026-06-08,2026-06-08,FO,NSE,IDO,60665,,MIDCPNIFTY,,2026-08-25,2026-08-25,15200.00,PE,MIDCPNIFTY26AUG15200PE,0.00,0.00,0.00,867.70,0.00,867.70,13994.75,1244.85,0,0,0,0.00,0,F1,120,,,,,
2026-06-08,2026-06-08,FO,NSE,IDO,60652,,MIDCPNIFTY,,2026-08-25,2026-08-25,15125.00,PE,MIDCPNIFTY26AUG15125PE,0.00,0.00,0.00,824.70,0.00,824.70,13994.75,1189.25,0,0,0,0.00,0,F1,120,,,,,
2026-06-08,2026-06-08,FO,NSE,IDO,60612,,MIDCPNIFTY,,2026-08-25,2026-08-25,14725.00,PE,MIDCPNIFTY26AUG14725PE,0.00,0.00,0.00,615.80,0.00,615.80,13994.75,915.30,0,0,0,0.00,0,F1,120,,,,,
2026-06-08,2026-06-08,FO,NSE,IDO,60556,,MIDCPNIFTY,,2026-08-25,2026-08-25,14350.00,PE,MIDCPNIFTY26AUG14350PE,0.00,0.00,0.00,452.10,0.00,452.10,13994.75,691.20,0,0,0,0.00,0,F1,120,,,,,
2026-06-08,2026-06-08,FO,NSE,IDO,60520,,MIDCPNIFTY,,2026-08-25,2026-08-25,14075.00,PE,MIDCPNIFTY26AUG14075PE,0.00,0.00,0.00,351.85,0.00,351.85,13994.75,548.85,0,0,0,0.00,0,F1,120,,,,,
2026-06-08,2026-06-08,FO,NSE,IDO,60518,,MIDCPNIFTY,,2026-08-25,2026-08-25,14050.00,PE,MIDCPNIFTY26AUG14050PE,0.00,0.00,0.00,343.55,0.00,343.55,13994.75,536.85,0,0,0,0.00,0,F1,120,,,,,
2026-06-08,2026-06-08,FO,NSE,IDO,60508,,MIDCPNIFTY,,2026-08-25,2026-08-25,13950.00,PE,MIDCPNIFTY26AUG13950PE,0.00,0.00,0.00,311.70,0.00,311.70,13994.75,490.50,0,0,0,0.00,0,F1,120,,,,,
2026-06-08,2026-06-08,FO,NSE,IDO,60484,,MIDCPNIFTY,,2026-08-25,2026-08-25,13700.00,PE,MIDCPNIFTY26AUG13700PE,0.00,0.00,0.00,241.85,0.00,241.85,13994.75,385.75,0,0,0,0.00,0,F1,120,,,,,
2026-06-08,2026-06-08,FO,NSE,IDO,60469,,MIDCPNIFTY,,2026-08-25,2026-08-25,13600.00,PE,MIDCPNIFTY26AUG13600PE,0.00,0.00,0.00,216.60,0.00,216.60,13994.75,348.30,0,0,0,0.00,0,F1,120,,,,,
2026-06-08,2026-06-08,FO,NSE,IDO,60448,,MIDCPNIFTY,,2026-08-25,2026-08-25,13450.00,PE,MIDCPNIFTY26AUG13450PE,0.00,0.00,0.00,182.95,0.00,182.95,13994.75,296.75,0,0,0,0.00,0,F1,120,,,,,
2026-06-08,2026-06-08,FO,NSE,IDO,60442,,MIDCPNIFTY,,2026-08-25,2026-08-25,13375.00,PE,MIDCPNIFTY26AUG13375PE,0.00,0.00,0.00,167.65,0.00,167.65,13994.75,273.05,0,0,0,0.00,0,F1,120,,,,,
2026-06-08,2026-06-08,FO,NSE,IDO,60440,,MIDCPNIFTY,,2026-08-25,2026-08-25,13350.00,PE,MIDCPNIFTY26AUG13350PE,0.00,0.00,0.00,162.75,0.00,162.75,13994.75,265.45,0,0,0,0.00,0,F1,120,,,,,
2026-06-08,2026-06-08,FO,NSE,IDO,60430,,MIDCPNIFTY,,2026-08-25,2026-08-25,13225.00,PE,MIDCPNIFTY26AUG13225PE,0.00,0.00,0.00,139.90,0.00,139.90,13994.75,230.30,0,0,0,0.00,0,F1,120,,,,,
2026-06-08,2026-06-08,FO,NSE,IDO,60428,,MIDCPNIFTY,,2026-08-25,2026-08-25,13200.00,PE,MIDCPNIFTY26AUG13200PE,0.00,0.00,0.00,135.60,0.00,135.60,13994.75,223.60,0,0,0,0.00,0,F1,120,,,,,
2026-06-08,2026-06-08,FO,NSE,IDO,60391,,MIDCPNIFTY,,2026-08-25,2026-08-25,12950.00,PE,MIDCPNIFTY26AUG12950PE,0.00,0.00,0.00,98.15,0.00,98.15,13994.75,163.45,0,0,0,0.00,0,F1,120,,,,,
2026-06-08,2026-06-08,FO,NSE,IDO,60350,,MIDCPNIFTY,,2026-08-25,2026-08-25,12650.00,PE,MIDCPNIFTY26AUG12650PE,0.00,0.00,0.00,64.35,0.00,64.35,13994.75,108.35,0,0,0,0.00,0,F1,120,,,,,
2026-06-08,2026-06-08,FO,NSE,IDO,60342,,MIDCPNIFTY,,2026-08-25,2026-08-25,12550.00,PE,MIDCPNIFTY26AUG12550PE,0.00,0.00,0.00,55.40,0.00,55.40,13994.75,93.60,0,0,0,0.00,0,F1,120,,,,,
2026-06-08,2026-06-08,FO,NSE,IDO,63608,,MIDCPNIFTY,,2026-07-28,2026-07-28,15875.00,PE,MIDCPNIFTY26JUL15875PE,0.00,0.00,0.00,1839.50,0.00,1839.50,13994.75,1789.10,0,0,0,0.00,0,F1,120,,,,,
2026-06-08,2026-06-08,FO,NSE,IDO,63604,,MIDCPNIFTY,,2026-07-28,2026-07-28,15825.00,PE,MIDCPNIFTY26JUL15825PE,0.00,0.00,0.00,1798.25,0.00,1798.25,13994.75,1743.90,0,0,0,0.00,0,F1,120,,,,,
2026-06-08,2026-06-08,FO,NSE,IDO,63600,,MIDCPNIFTY,,2026-07-28,2026-07-28,15775.00,PE,MIDCPNIFTY26JUL15775PE,0.00,0.00,0.00,1757.30,0.00,1757.30,13994.75,1698.95,0,0,0,0.00,0,F1,120,,,,,
2026-06-08,2026-06-08,FO,NSE,IDO,63572,,MIDCPNIFTY,,2026-07-28,2026-07-28,15425.00,PE,MIDCPNIFTY26JUL15425PE,0.00,0.00,0.00,1481.10,0.00,1481.10,13994.75,1393.85,0,0,0,0.00,0,F1,120,,,,,
2026-06-08,2026-06-08,FO,NSE,IDO,63544,,MIDCPNIFTY,,2026-07-28,2026-07-28,15075.00,PE,MIDCPNIFTY26JUL15075PE,0.00,0.00,0.00,1222.95,0.00,1222.95,13994.75,1109.40,0,0,0,0.00,0,F1,120,,,,,
2026-06-08,2026-06-08,FO,NSE,IDO,63522,,MIDCPNIFTY,,2026-07-28,2026-07-28,14825.00,PE,MIDCPNIFTY26JUL14825PE,0.00,0.00,0.00,1052.75,0.00,1052.75,13994.75,922.10,0,0,0,0.00,0,F1,120,,,,,
2026-06-08,2026-06-08,FO,NSE,IDO,63450,,MIDCPNIFTY,,2026-07-28,2026-07-28,13950.00,PE,MIDCPNIFTY26JUL13950PE,0.00,0.00,0.00,560.80,0.00,560.80,13994.75,404.00,0,0,0,0.00,0,F1,120,,,,,
2026-06-08,2026-06-08,FO,NSE,IDO,63426,,MIDCPNIFTY,,2026-07-28,2026-07-28,13675.00,PE,MIDCPNIFTY26JUL13675PE,0.00,0.00,0.00,442.15,0.00,442.15,13994.75,290.55,0,0,0,0.00,0,F1,120,,,,,
2026-06-08,2026-06-08,FO,NSE,IDO,40782,,MIDCPNIFTY,,2026-06-30,2026-06-30,15425.00,PE,MIDCPNIFTY26JUN15425PE,0.00,0.00,0.00,2077.80,0.00,2077.80,13994.75,1392.80,0,0,0,0.00,0,F1,120,,,,,
2026-06-08,2026-06-08,FO,NSE,IDO,40773,,MIDCPNIFTY,,2026-06-30,2026-06-30,15275.00,PE,MIDCPNIFTY26JUN15275PE,0.00,0.00,0.00,1946.55,0.00,1946.55,13994.75,1252.35,0,0,0,0.00,0,F1,120,,,,,
2026-06-08,2026-06-08,FO,NSE,IDO,38741,,MIDCPNIFTY,,2026-06-30,2026-06-30,14775.00,PE,MIDCPNIFTY26JUN14775PE,757.65,757.65,672.50,726.65,726.65,589.45,13994.75,814.35,2880,-360,4,7438656.00,4,F1,120,,,,,
2026-06-08,2026-06-08,FO,NSE,IDO,63458,,MIDCPNIFTY,,2026-07-28,2026-07-28,14025.00,PE,MIDCPNIFTY26JUL14025PE,0.00,0.00,0.00,596.20,0.00,596.20,13994.75,439.15,0,0,0,0.00,0,F1,120,,,,,
2026-06-08,2026-06-08,FO,NSE,IDO,63414,,MIDCPNIFTY,,2026-07-28,2026-07-28,13525.00,PE,MIDCPNIFTY26JUL13525PE,0.00,0.00,0.00,384.80,0.00,384.80,13994.75,238.70,0,0,0,0.00,0,F1,120,,,,,
2026-06-08,2026-06-08,FO,NSE,IDO,63392,,MIDCPNIFTY,,2026-07-28,2026-07-28,13250.00,PE,MIDCPNIFTY26JUL13250PE,0.00,0.00,0.00,292.90,0.00,292.90,13994.75,161.25,0,0,0,0.00,0,F1,120,,,,,
2026-06-08,2026-06-08,FO,NSE,IDO,63386,,MIDCPNIFTY,,2026-07-28,2026-07-28,13175.00,PE,MIDCPNIFTY26JUL13175PE,0.00,0.00,0.00,271.30,0.00,271.30,13994.75,143.70,0,0,0,0.00,0,F1,120,,,,,
2026-06-08,2026-06-08,FO,NSE,IDO,63376,,MIDCPNIFTY,,2026-07-28,2026-07-28,13050.00,PE,MIDCPNIFTY26JUL13050PE,0.00,0.00,0.00,237.15,0.00,237.15,13994.75,117.65,0,0,0,0.00,0,F1,120,,,,,
2026-06-08,2026-06-08,FO,NSE,IDO,63358,,MIDCPNIFTY,,2026-07-28,2026-07-28,12825.00,PE,MIDCPNIFTY26JUL12825PE,0.00,0.00,0.00,182.90,0.00,182.90,13994.75,79.95,0,0,0,0.00,0,F1,120,,,,,
2026-06-08,2026-06-08,FO,NSE,IDO,63350,,MIDCPNIFTY,,2026-07-28,2026-07-28,12725.00,PE,MIDCPNIFTY26JUL12725PE,0.00,0.00,0.00,162.10,0.00,162.10,13994.75,66.55,0,0,0,0.00,0,F1,120,,,,,
2026-06-08,2026-06-08,FO,NSE,IDO,63334,,MIDCPNIFTY,,2026-07-28,2026-07-28,12525.00,PE,MIDCPNIFTY26JUL12525PE,0.00,0.00,0.00,125.80,0.00,125.80,13994.75,45.10,0,0,0,0.00,0,F1,120,,,,,
2026-06-08,2026-06-08,FO,NSE,IDO,60644,,MIDCPNIFTY,,2026-08-25,2026-08-25,15050.00,PE,MIDCPNIFTY26AUG15050PE,0.00,0.00,0.00,782.85,0.00,782.85,13994.75,1135.35,0,0,0,0.00,0,F1,120,,,,,
2026-06-08,2026-06-08,FO,NSE,IDO,60622,,MIDCPNIFTY,,2026-08-25,2026-08-25,14850.00,PE,MIDCPNIFTY26AUG14850PE,0.00,0.00,0.00,677.25,0.00,677.25,13994.75,997.25,0,0,0,0.00,0,F1,120,,,,,
2026-06-08,2026-06-08,FO,NSE,IDO,60618,,MIDCPNIFTY,,2026-08-25,2026-08-25,14800.00,PE,MIDCPNIFTY26AUG14800PE,0.00,0.00,0.00,652.20,0.00,652.20,13994.75,964.05,0,0,0,0.00,0,F1,120,,,,,
2026-06-08,2026-06-08,FO,NSE,IDO,60590,,MIDCPNIFTY,,2026-08-25,2026-08-25,14575.00,PE,MIDCPNIFTY26AUG14575PE,0.00,0.00,0.00,546.55,0.00,546.55,13994.75,821.65,0,0,0,0.00,0,F1,120,,,,,
2026-06-08,2026-06-08,FO,NSE,IDO,60512,,MIDCPNIFTY,,2026-08-25,2026-08-25,14000.00,PE,MIDCPNIFTY26AUG14000PE,0.00,0.00,0.00,327.35,0.00,327.35,13994.75,513.35,0,0,0,0.00,0,F1,120,,,,,
2026-06-08,2026-06-08,FO,NSE,IDO,60498,,MIDCPNIFTY,,2026-08-25,2026-08-25,13825.00,PE,MIDCPNIFTY26AUG13825PE,0.00,0.00,0.00,275.45,0.00,275.45,13994.75,436.15,0,0,0,0.00,0,F1,120,,,,,
2026-06-08,2026-06-08,FO,NSE,IDO,60466,,MIDCPNIFTY,,2026-08-25,2026-08-25,13575.00,PE,MIDCPNIFTY26AUG13575PE,0.00,0.00,0.00,210.70,0.00,210.70,13994.75,339.30,0,0,0,0.00,0,F1,120,,,,,
2026-06-08,2026-06-08,FO,NSE,IDO,60403,,MIDCPNIFTY,,2026-08-25,2026-08-25,13000.00,PE,MIDCPNIFTY26AUG13000PE,0.00,0.00,0.00,104.90,0.00,104.90,13994.75,174.35,0,0,0,0.00,0,F1,120,,,,,
2026-06-08,2026-06-08,FO,NSE,IDO,60387,,MIDCPNIFTY,,2026-08-25,2026-08-25,12900.00,PE,MIDCPNIFTY26AUG12900PE,0.00,0.00,0.00,91.70,0.00,91.70,13994.75,153.05,0,0,0,0.00,0,F1,120,,,,,
2026-06-08,2026-06-08,FO,NSE,IDO,60385,,MIDCPNIFTY,,2026-08-25,2026-08-25,12875.00,PE,MIDCPNIFTY26AUG12875PE,0.00,0.00,0.00,88.65,0.00,88.65,13994.75,148.05,0,0,0,0.00,0,F1,120,,,,,
2026-06-08,2026-06-08,FO,NSE,IDO,63598,,MIDCPNIFTY,,2026-07-28,2026-07-28,15750.00,PE,MIDCPNIFTY26JUL15750PE,0.00,0.00,0.00,1737.00,0.00,1737.00,13994.75,1676.60,0,0,0,0.00,0,F1,120,,,,,
2026-06-08,2026-06-08,FO,NSE,IDO,63562,,MIDCPNIFTY,,2026-07-28,2026-07-28,15300.00,PE,MIDCPNIFTY26JUL15300PE,0.00,0.00,0.00,1386.65,0.00,1386.65,13994.75,1289.60,0,0,0,0.00,0,F1,120,,,,,
2026-06-08,2026-06-08,FO,NSE,IDO,78095,,MIDCPNIFTY,,2026-06-30,2026-06-30,11275.00,CE,MIDCPNIFTY26JUN11275CE,0.00,0.00,0.00,1252.20,0.00,1252.20,13994.75,2761.30,0,0,0,0.00,0,F1,120,,,,,
2026-06-08,2026-06-08,FO,NSE,IDO,78103,,MIDCPNIFTY,,2026-06-30,2026-06-30,11375.00,CE,MIDCPNIFTY26JUN11375CE,0.00,0.00,0.00,1178.30,0.00,1178.30,13994.75,2661.70,0,0,0,0.00,0,F1,120,,,,,
2026-06-08,2026-06-08,FO,NSE,IDO,78107,,MIDCPNIFTY,,2026-06-30,2026-06-30,11425.00,CE,MIDCPNIFTY26JUN11425CE,0.00,0.00,0.00,1141.90,0.00,1141.90,13994.75,2611.85,0,0,0,0.00,0,F1,120,,,,,
2026-06-08,2026-06-08,FO,NSE,IDO,78228,,MIDCPNIFTY,,2026-06-30,2026-06-30,11850.00,CE,MIDCPNIFTY26JUN11850CE,0.00,0.00,0.00,857.90,0.00,857.90,13994.75,2188.75,0,0,0,0.00,0,F1,120,,,,,
2026-06-08,2026-06-08,FO,NSE,IDO,78242,,MIDCPNIFTY,,2026-06-30,2026-06-30,11975.00,CE,MIDCPNIFTY26JUN11975CE,0.00,0.00,0.00,783.55,0.00,783.55,13994.75,2064.55,0,0,0,0.00,0,F1,120,,,,,
2026-06-08,2026-06-08,FO,NSE,IDO,78261,,MIDCPNIFTY,,2026-06-30,2026-06-30,12050.00,CE,MIDCPNIFTY26JUN12050CE,0.00,0.00,0.00,740.95,0.00,740.95,13994.75,1990.10,0,0,0,0.00,0,F1,120,,,,,
2026-06-08,2026-06-08,FO,NSE,IDO,78303,,MIDCPNIFTY,,2026-06-30,2026-06-30,12500.00,CE,MIDCPNIFTY26JUN12500CE,1669.90,1669.90,1669.90,1669.90,1669.90,1875.00,13994.75,1547.20,1320,0,1,1700388.00,1,F1,120,,,,,
2026-06-08,2026-06-08,FO,NSE,IDO,78373,,MIDCPNIFTY,,2026-06-30,2026-06-30,12900.00,CE,MIDCPNIFTY26JUN12900CE,0.00,0.00,0.00,363.45,0.00,363.45,13994.75,1167.05,0,0,0,0.00,0,F1,120,,,,,
2026-06-08,2026-06-08,FO,NSE,IDO,78485,,MIDCPNIFTY,,2026-06-30,2026-06-30,13150.00,CE,MIDCPNIFTY26JUN13150CE,0.00,0.00,0.00,286.75,0.00,286.75,13994.75,943.65,0,0,0,0.00,0,F1,120,,,,,
2026-06-08,2026-06-08,FO,NSE,IDO,78568,,MIDCPNIFTY,,2026-06-30,2026-06-30,13450.00,CE,MIDCPNIFTY26JUN13450CE,0.00,0.00,0.00,212.95,0.00,212.95,13994.75,699.30,0,0,0,0.00,0,F1,120,,,,,
2026-06-08,2026-06-08,FO,NSE,IDO,78616,,MIDCPNIFTY,,2026-06-30,2026-06-30,13625.00,CE,MIDCPNIFTY26JUN13625CE,0.00,0.00,0.00,176.95,0.00,176.95,13994.75,572.30,0,0,0,0.00,0,F1,120,,,,,
2026-06-08,2026-06-08,FO,NSE,IDO,78652,,MIDCPNIFTY,,2026-06-30,2026-06-30,14075.00,CE,MIDCPNIFTY26JUN14075CE,265.15,362.00,253.00,278.10,258.85,353.60,13994.75,278.10,11880,4800,716,1237262490.00,652,F1,120,,,,,
2026-06-08,2026-06-08,FO,NSE,IDO,35122,,MIDCPNIFTY,,2026-06-30,2026-06-30,14575.00,CE,MIDCPNIFTY26JUN14575CE,104.00,142.20,84.60,95.50,89.10,128.95,13994.75,95.50,10440,4680,95,167534298.00,76,F1,120,,,,,
2026-06-08,2026-06-08,FO,NSE,IDO,78807,,MIDCPNIFTY,,2026-06-30,2026-06-30,15700.00,CE,MIDCPNIFTY26JUN15700CE,4.55,5.75,2.90,3.35,3.30,5.45,13994.75,3.35,198840,-6240,444,836728254.00,240,F1,120,,,,,
2026-06-08,2026-06-08,FO,NSE,IDO,52010,,MIDCPNIFTY,,2026-06-30,2026-06-30,15775.00,CE,MIDCPNIFTY26JUN15775CE,0.00,0.00,0.00,5.45,5.45,5.45,13994.75,7.40,480,0,0,0.00,0,F1,120,,,,,
2026-06-08,2026-06-08,FO,NSE,IDO,53811,,MIDCPNIFTY,,2026-06-30,2026-06-30,15875.00,CE,MIDCPNIFTY26JUN15875CE,0.00,0.00,0.00,5.15,5.15,5.15,13994.75,5.55,600,0,0,0.00,0,F1,120,,,,,
2026-06-08,2026-06-08,FO,NSE,IDO,78824,,MIDCPNIFTY,,2026-06-30,2026-06-30,15900.00,CE,MIDCPNIFTY26JUN15900CE,2.80,3.20,1.75,1.95,1.80,3.15,13994.75,1.95,92520,-2040,344,656456166.00,168,F1,120,,,,,
2026-06-08,2026-06-08,FO,NSE,IDO,78830,,MIDCPNIFTY,,2026-06-30,2026-06-30,16100.00,CE,MIDCPNIFTY26JUN16100CE,2.55,2.95,1.60,1.75,1.65,2.60,13994.75,1.75,18000,4680,95,183566634.00,57,F1,120,,,,,
2026-06-08,2026-06-08,FO,NSE,IDO,63351,,MIDCPNIFTY,,2026-07-28,2026-07-28,12750.00,CE,MIDCPNIFTY26JUL12750CE,0.00,0.00,0.00,1576.35,0.00,1576.35,13994.75,1432.00,0,0,0,0.00,0,F1,120,,,,,
2026-06-08,2026-06-08,FO,NSE,IDO,63365,,MIDCPNIFTY,,2026-07-28,2026-07-28,12925.00,CE,MIDCPNIFTY26JUL12925CE,0.00,0.00,0.00,1442.30,0.00,1442.30,13994.75,1284.25,0,0,0,0.00,0,F1,120,,,,,
2026-06-08,2026-06-08,FO,NSE,IDO,63389,,MIDCPNIFTY,,2026-07-28,2026-07-28,13225.00,CE,MIDCPNIFTY26JUL13225CE,0.00,0.00,0.00,1226.40,0.00,1226.40,13994.75,1046.90,0,0,0,0.00,0,F1,120,,,,,
2026-06-08,2026-06-08,FO,NSE,IDO,63437,,MIDCPNIFTY,,2026-07-28,2026-07-28,13825.00,CE,MIDCPNIFTY26JUL13825CE,0.00,0.00,0.00,854.30,0.00,854.30,13994.75,646.60,0,0,0,0.00,0,F1,120,,,,,
2026-06-08,2026-06-08,FO,NSE,IDO,63475,,MIDCPNIFTY,,2026-07-28,2026-07-28,14250.00,CE,MIDCPNIFTY26JUL14250CE,0.00,0.00,0.00,640.90,0.00,640.90,13994.75,431.40,0,0,0,0.00,0,F1,120,,,,,
2026-06-08,2026-06-08,FO,NSE,IDO,63505,,MIDCPNIFTY,,2026-07-28,2026-07-28,14625.00,CE,MIDCPNIFTY26JUL14625CE,0.00,0.00,0.00,486.70,0.00,486.70,13994.75,288.35,0,0,0,0.00,0,F1,120,,,,,
2026-06-08,2026-06-08,FO,NSE,IDO,63571,,MIDCPNIFTY,,2026-07-28,2026-07-28,15425.00,CE,MIDCPNIFTY26JUL15425CE,0.00,0.00,0.00,253.70,0.00,253.70,13994.75,105.80,0,0,0,0.00,0,F1,120,,,,,
2026-06-08,2026-06-08,FO,NSE,IDO,63587,,MIDCPNIFTY,,2026-07-28,2026-07-28,15625.00,CE,MIDCPNIFTY26JUL15625CE,0.00,0.00,0.00,212.00,0.00,212.00,13994.75,79.85,0,0,0,0.00,0,F1,120,,,,,
2026-06-08,2026-06-08,FO,NSE,IDO,63593,,MIDCPNIFTY,,2026-07-28,2026-07-28,15700.00,CE,MIDCPNIFTY26JUL15700CE,0.00,0.00,0.00,198.10,0.00,198.10,13994.75,71.60,0,0,0,0.00,0,F1,120,,,,,
2026-06-08,2026-06-08,FO,NSE,IDO,60468,,MIDCPNIFTY,,2026-08-25,2026-08-25,13600.00,CE,MIDCPNIFTY26AUG13600CE,0.00,0.00,0.00,1493.10,0.00,1493.10,13994.75,938.10,0,0,0,0.00,0,F1,120,,,,,
2026-06-08,2026-06-08,FO,NSE,IDO,60495,,MIDCPNIFTY,,2026-08-25,2026-08-25,13800.00,CE,MIDCPNIFTY26AUG13800CE,0.00,0.00,0.00,1347.95,0.00,1347.95,13994.75,818.40,0,0,0,0.00,0,F1,120,,,,,
2026-06-08,2026-06-08,FO,NSE,IDO,60519,,MIDCPNIFTY,,2026-08-25,2026-08-25,14075.00,CE,MIDCPNIFTY26AUG14075CE,0.00,0.00,0.00,1160.40,0.00,1160.40,13994.75,670.50,0,0,0,0.00,0,F1,120,,,,,
2026-06-08,2026-06-08,FO,NSE,IDO,60575,,MIDCPNIFTY,,2026-08-25,2026-08-25,14450.00,CE,MIDCPNIFTY26AUG14450CE,0.00,0.00,0.00,931.75,0.00,931.75,13994.75,499.65,0,0,0,0.00,0,F1,120,,,,,
2026-06-08,2026-06-08,FO,NSE,IDO,60603,,MIDCPNIFTY,,2026-08-25,2026-08-25,14650.00,CE,MIDCPNIFTY26AUG14650CE,0.00,0.00,0.00,822.55,0.00,822.55,13994.75,422.70,0,0,0,0.00,0,F1,120,,,,,
2026-06-08,2026-06-08,FO,NSE,IDO,60673,,MIDCPNIFTY,,2026-08-25,2026-08-25,15300.00,CE,MIDCPNIFTY26AUG15300CE,0.00,0.00,0.00,528.60,0.00,528.60,13994.75,234.15,0,0,0,0.00,0,F1,120,,,,,
2026-06-08,2026-06-08,FO,NSE,IDO,78276,,MIDCPNIFTY,,2026-06-30,2026-06-30,12200.00,PE,MIDCPNIFTY26JUN12200PE,4.60,6.50,4.60,6.30,6.50,3.50,13994.75,6.30,1200,-480,18,26364330.00,13,F1,120,,,,,
2026-06-08,2026-06-08,FO,NSE,IDO,78282,,MIDCPNIFTY,,2026-06-30,2026-06-30,12275.00,PE,MIDCPNIFTY26JUN12275PE,0.00,0.00,0.00,5.20,5.20,5.20,13994.75,2.65,1440,0,0,0.00,0,F1,120,,,,,
2026-06-08,2026-06-08,FO,NSE,IDO,78310,,MIDCPNIFTY,,2026-06-30,2026-06-30,12575.00,PE,MIDCPNIFTY26JUN12575PE,10.00,13.10,9.60,12.70,13.10,6.50,13994.75,12.70,1920,0,13,19634280.00,11,F1,120,,,,,
2026-06-08,2026-06-08,FO,NSE,IDO,78316,,MIDCPNIFTY,,2026-06-30,2026-06-30,12650.00,PE,MIDCPNIFTY26JUN12650PE,11.75,15.40,11.45,14.30,15.40,7.25,13994.75,14.30,600,-120,12,18234270.00,10,F1,120,,,,,
2026-06-08,2026-06-08,FO,NSE,IDO,78534,,MIDCPNIFTY,,2026-06-30,2026-06-30,13375.00,PE,MIDCPNIFTY26JUN13375PE,73.65,81.00,62.30,79.35,81.00,49.95,13994.75,79.35,960,120,16,25820982.00,10,F1,120,,,,,
2026-06-08,2026-06-08,FO,NSE,IDO,78623,,MIDCPNIFTY,,2026-06-30,2026-06-30,13700.00,PE,MIDCPNIFTY26JUN13700PE,160.00,178.00,112.75,156.85,160.45,103.65,13994.75,156.85,157320,-3000,1615,2682365274.00,1371,F1,120,,,,,
2026-06-08,2026-06-08,FO,NSE,IDO,78661,,MIDCPNIFTY,,2026-06-30,2026-06-30,14175.00,PE,MIDCPNIFTY26JUN14175PE,340.05,386.25,274.30,350.85,374.70,261.05,13994.75,350.85,6600,-1560,265,460778640.00,225,F1,120,,,,,
2026-06-08,2026-06-08,FO,NSE,IDO,78776,,MIDCPNIFTY,,2026-06-30,2026-06-30,14700.00,PE,MIDCPNIFTY26JUN14700PE,684.00,749.00,609.80,749.00,749.00,550.00,13994.75,749.00,94320,-1920,24,44162340.00,24,F1,120,,,,,
2026-06-08,2026-06-08,FO,NSE,IDO,40737,,MIDCPNIFTY,,2026-06-30,2026-06-30,14975.00,PE,MIDCPNIFTY26JUN14975PE,941.15,941.15,909.50,909.50,909.50,913.75,13994.75,982.65,960,-120,2,3816078.00,2,F1,120,,,,,
2026-06-08,2026-06-08,FO,NSE,IDO,40771,,MIDCPNIFTY,,2026-06-30,2026-06-30,15250.00,PE,MIDCPNIFTY26JUN15250PE,0.00,0.00,0.00,1058.15,1058.15,1058.15,13994.75,1229.25,240,0,0,0.00,0,F1,120,,,,,
2026-06-08,2026-06-08,FO,NSE,IDO,40779,,MIDCPNIFTY,,2026-06-30,2026-06-30,15375.00,PE,MIDCPNIFTY26JUN15375PE,0.00,0.00,0.00,2033.80,0.00,2033.80,13994.75,1345.65,0,0,0,0.00,0,F1,120,,,,,
2026-06-08,2026-06-08,FO,NSE,IDO,52005,,MIDCPNIFTY,,2026-06-30,2026-06-30,15675.00,PE,MIDCPNIFTY26JUN15675PE,0.00,0.00,0.00,2026.35,0.00,2026.35,13994.75,1632.35,0,0,0,0.00,0,F1,120,,,,,
2026-06-08,2026-06-08,FO,NSE,IDO,78823,,MIDCPNIFTY,,2026-06-30,2026-06-30,15800.00,PE,MIDCPNIFTY26JUN15800PE,0.00,0.00,0.00,3369.70,0.00,3369.70,13994.75,1753.95,0,0,0,0.00,0,F1,120,,,,,
2026-06-08,2026-06-08,FO,NSE,IDO,78829,,MIDCPNIFTY,,2026-06-30,2026-06-30,16000.00,PE,MIDCPNIFTY26JUN16000PE,0.00,0.00,0.00,1507.70,1507.70,1507.70,13994.75,1950.15,1320,0,0,0.00,0,F1,120,,,,,
2026-06-08,2026-06-08,FO,NSE,IDO,63534,,MIDCPNIFTY,,2026-07-28,2026-07-28,14950.00,PE,MIDCPNIFTY26JUL14950PE,0.00,0.00,0.00,1136.35,0.00,1136.35,13994.75,1014.45,0,0,0,0.00,0,F1,120,,,,,
2026-06-08,2026-06-08,FO,NSE,IDO,63512,,MIDCPNIFTY,,2026-07-28,2026-07-28,14700.00,PE,MIDCPNIFTY26JUL14700PE,0.00,0.00,0.00,972.30,0.00,972.30,13994.75,834.40,0,0,0,0.00,0,F1,120,,,,,
2026-06-08,2026-06-08,FO,NSE,IDO,63508,,MIDCPNIFTY,,2026-07-28,2026-07-28,14650.00,PE,MIDCPNIFTY26JUL14650PE,0.00,0.00,0.00,941.00,0.00,941.00,13994.75,800.50,0,0,0,0.00,0,F1,120,,,,,
2026-06-08,2026-06-08,FO,NSE,IDO,63486,,MIDCPNIFTY,,2026-07-28,2026-07-28,14375.00,PE,MIDCPNIFTY26JUL14375PE,0.00,0.00,0.00,778.55,0.00,778.55,13994.75,626.80,0,0,0,0.00,0,F1,120,,,,,
2026-06-08,2026-06-08,FO,NSE,IDO,63466,,MIDCPNIFTY,,2026-07-28,2026-07-28,14125.00,PE,MIDCPNIFTY26JUL14125PE,0.00,0.00,0.00,645.40,0.00,645.40,13994.75,488.75,0,0,0,0.00,0,F1,120,,,,,
2026-06-08,2026-06-08,FO,NSE,IDO,63464,,MIDCPNIFTY,,2026-07-28,2026-07-28,14100.00,PE,MIDCPNIFTY26JUL14100PE,0.00,0.00,0.00,632.85,0.00,632.85,13994.75,476.05,0,0,0,0.00,0,F1,120,,,,,
2026-06-08,2026-06-08,FO,NSE,IDO,78590,,MIDCPNIFTY,,2026-06-30,2026-06-30,13525.00,PE,MIDCPNIFTY26JUN13525PE,102.05,112.10,79.20,106.10,112.10,70.60,13994.75,106.10,1800,-600,36,58828566.00,34,F1,120,,,,,
2026-06-08,2026-06-08,FO,NSE,IDO,78519,,MIDCPNIFTY,,2026-06-30,2026-06-30,13275.00,PE,MIDCPNIFTY26JUN13275PE,57.65,64.95,47.30,63.70,64.95,36.50,13994.75,63.70,1200,840,23,36788634.00,15,F1,120,,,,,
2026-06-08,2026-06-08,FO,NSE,IDO,78490,,MIDCPNIFTY,,2026-06-30,2026-06-30,13200.00,PE,MIDCPNIFTY26JUN13200PE,54.15,57.90,37.10,54.60,55.50,31.65,13994.75,54.60,206400,2280,1488,2365600866.00,1095,F1,120,,,,,
2026-06-08,2026-06-08,FO,NSE,IDO,78286,,MIDCPNIFTY,,2026-06-30,2026-06-30,12325.00,PE,MIDCPNIFTY26JUN12325PE,0.00,0.00,0.00,2.90,2.90,2.90,13994.75,3.25,240,0,0,0.00,0,F1,120,,,,,
2026-06-08,2026-06-08,FO,NSE,IDF,62328,,MIDCPNIFTY,,2026-06-30,2026-06-30,,,MIDCPNIFTY26JUNFUT,14063.00,14215.00,13960.85,14043.00,14024.75,14211.60,13994.75,14043.00,2112000,42840,3823,6477771408.00,3089,F1,120,,,,,
2026-06-08,2026-06-08,FO,NSE,IDO,78020,,MIDCPNIFTY,,2026-06-30,2026-06-30,10875.00,CE,MIDCPNIFTY26JUN10875CE,0.00,0.00,0.00,1570.95,0.00,1570.95,13994.75,3159.80,0,0,0,0.00,0,F1,120,,,,,
2026-06-08,2026-06-08,FO,NSE,IDO,78076,,MIDCPNIFTY,,2026-06-30,2026-06-30,11075.00,CE,MIDCPNIFTY26JUN11075CE,0.00,0.00,0.00,1407.55,0.00,1407.55,13994.75,2960.55,0,0,0,0.00,0,F1,120,,,,,
2026-06-08,2026-06-08,FO,NSE,IDO,78230,,MIDCPNIFTY,,2026-06-30,2026-06-30,11875.00,CE,MIDCPNIFTY26JUN11875CE,0.00,0.00,0.00,842.70,0.00,842.70,13994.75,2163.90,0,0,0,0.00,0,F1,120,,,,,
2026-06-08,2026-06-08,FO,NSE,IDO,78240,,MIDCPNIFTY,,2026-06-30,2026-06-30,11950.00,CE,MIDCPNIFTY26JUN11950CE,0.00,0.00,0.00,798.10,0.00,798.10,13994.75,2089.40,0,0,0,0.00,0,F1,120,,,,,
2026-06-08,2026-06-08,FO,NSE,IDO,78271,,MIDCPNIFTY,,2026-06-30,2026-06-30,12175.00,CE,MIDCPNIFTY26JUN12175CE,0.00,0.00,0.00,673.40,0.00,673.40,13994.75,1866.30,0,0,0,0.00,0,F1,120,,,,,
2026-06-08,2026-06-08,FO,NSE,IDO,78339,,MIDCPNIFTY,,2026-06-30,2026-06-30,12725.00,CE,MIDCPNIFTY26JUN12725CE,0.00,0.00,0.00,425.90,0.00,425.90,13994.75,1330.80,0,0,0,0.00,0,F1,120,,,,,
2026-06-08,2026-06-08,FO,NSE,IDO,78363,,MIDCPNIFTY,,2026-06-30,2026-06-30,12775.00,CE,MIDCPNIFTY26JUN12775CE,0.00,0.00,0.00,407.30,0.00,407.30,13994.75,1283.55,0,0,0,0.00,0,F1,120,,,,,
2026-06-08,2026-06-08,FO,NSE,IDO,78589,,MIDCPNIFTY,,2026-06-30,2026-06-30,13525.00,CE,MIDCPNIFTY26JUN13525CE,0.00,0.00,0.00,196.60,0.00,196.60,13994.75,643.85,0,0,0,0.00,0,F1,120,,,,,
2026-06-08,2026-06-08,FO,NSE,IDO,78630,,MIDCPNIFTY,,2026-06-30,2026-06-30,13800.00,CE,MIDCPNIFTY26JUN13800CE,400.00,547.15,400.00,427.30,412.90,539.40,13994.75,427.30,5400,1080,114,195085782.00,95,F1,120,,,,,
2026-06-08,2026-06-08,FO,NSE,IDO,78650,,MIDCPNIFTY,,2026-06-30,2026-06-30,14050.00,CE,MIDCPNIFTY26JUN14050CE,281.35,379.50,266.05,295.85,270.70,374.25,13994.75,295.85,16560,11760,2272,3921123948.00,1927,F1,120,,,,,
2026-06-08,2026-06-08,FO,NSE,IDO,40774,,MIDCPNIFTY,,2026-06-30,2026-06-30,15325.00,CE,MIDCPNIFTY26JUN15325CE,14.05,15.15,12.50,13.70,13.70,16.20,13994.75,25.00,720,0,11,20247000.00,9,F1,120,,,,,
2026-06-08,2026-06-08,FO,NSE,IDO,40776,,MIDCPNIFTY,,2026-06-30,2026-06-30,15350.00,CE,MIDCPNIFTY26JUN15350CE,11.00,13.15,8.20,9.35,9.00,16.00,13994.75,9.35,1800,0,17,31337172.00,13,F1,120,,,,,
2026-06-08,2026-06-08,FO,NSE,IDO,49275,,MIDCPNIFTY,,2026-06-30,2026-06-30,15550.00,CE,MIDCPNIFTY26JUN15550CE,8.95,9.50,4.90,5.40,4.90,8.95,13994.75,5.40,8400,-840,46,85871280.00,36,F1,120,,,,,
2026-06-08,2026-06-08,FO,NSE,IDO,49277,,MIDCPNIFTY,,2026-06-30,2026-06-30,15575.00,CE,MIDCPNIFTY26JUN15575CE,6.05,8.15,4.40,4.90,4.50,8.05,13994.75,4.90,960,120,27,50483130.00,16,F1,120,,,,,
2026-06-08,2026-06-08,FO,NSE,IDO,52004,,MIDCPNIFTY,,2026-06-30,2026-06-30,15675.00,CE,MIDCPNIFTY26JUN15675CE,6.40,6.40,6.40,6.40,6.40,6.75,13994.75,9.85,360,-240,2,3763536.00,1,F1,120,,,,,
2026-06-08,2026-06-08,FO,NSE,IDO,63321,,MIDCPNIFTY,,2026-07-28,2026-07-28,12375.00,CE,MIDCPNIFTY26JUL12375CE,0.00,0.00,0.00,1881.70,0.00,1881.70,13994.75,1766.80,0,0,0,0.00,0,F1,120,,,,,
2026-06-08,2026-06-08,FO,NSE,IDO,63353,,MIDCPNIFTY,,2026-07-28,2026-07-28,12775.00,CE,MIDCPNIFTY26JUL12775CE,0.00,0.00,0.00,1556.85,0.00,1556.85,13994.75,1410.50,0,0,0,0.00,0,F1,120,,,,,
2026-06-08,2026-06-08,FO,NSE,IDO,63371,,MIDCPNIFTY,,2026-07-28,2026-07-28,13000.00,CE,MIDCPNIFTY26JUL13000CE,0.00,0.00,0.00,1387.15,0.00,1387.15,13994.75,1222.90,0,0,0,0.00,0,F1,120,,,,,
2026-06-08,2026-06-08,FO,NSE,IDO,63373,,MIDCPNIFTY,,2026-07-28,2026-07-28,13025.00,CE,MIDCPNIFTY26JUL13025CE,0.00,0.00,0.00,1368.85,0.00,1368.85,13994.75,1202.70,0,0,0,0.00,0,F1,120,,,,,
2026-06-08,2026-06-08,FO,NSE,IDO,63403,,MIDCPNIFTY,,2026-07-28,2026-07-28,13400.00,CE,MIDCPNIFTY26JUL13400CE,0.00,0.00,0.00,1109.45,0.00,1109.45,13994.75,919.00,0,0,0,0.00,0,F1,120,,,,,
2026-06-08,2026-06-08,FO,NSE,IDO,63409,,MIDCPNIFTY,,2026-07-28,2026-07-28,13475.00,CE,MIDCPNIFTY26JUL13475CE,0.00,0.00,0.00,1061.45,0.00,1061.45,13994.75,866.90,0,0,0,0.00,0,F1,120,,,,,
2026-06-08,2026-06-08,FO,NSE,IDO,63477,,MIDCPNIFTY,,2026-07-28,2026-07-28,14275.00,CE,MIDCPNIFTY26JUL14275CE,0.00,0.00,0.00,629.65,0.00,629.65,13994.75,420.55,0,0,0,0.00,0,F1,120,,,,,
2026-06-08,2026-06-08,FO,NSE,IDO,63479,,MIDCPNIFTY,,2026-07-28,2026-07-28,14300.00,CE,MIDCPNIFTY26JUL14300CE,0.00,0.00,0.00,618.55,0.00,618.55,13994.75,409.90,0,0,0,0.00,0,F1,120,,,,,
2026-06-08,2026-06-08,FO,NSE,IDO,63497,,MIDCPNIFTY,,2026-07-28,2026-07-28,14525.00,CE,MIDCPNIFTY26JUL14525CE,0.00,0.00,0.00,524.80,0.00,524.80,13994.75,322.45,0,0,0,0.00,0,F1,120,,,,,
2026-06-08,2026-06-08,FO,NSE,IDO,63513,,MIDCPNIFTY,,2026-07-28,2026-07-28,14725.00,CE,MIDCPNIFTY26JUL14725CE,0.00,0.00,0.00,450.70,0.00,450.70,13994.75,257.10,0,0,0,0.00,0,F1,120,,,,,
2026-06-08,2026-06-08,FO,NSE,IDO,63563,,MIDCPNIFTY,,2026-07-28,2026-07-28,15325.00,CE,MIDCPNIFTY26JUL15325CE,0.00,0.00,0.00,276.50,0.00,276.50,13994.75,121.20,0,0,0,0.00,0,F1,120,,,,,
2026-06-08,2026-06-08,FO,NSE,IDO,63567,,MIDCPNIFTY,,2026-07-28,2026-07-28,15375.00,CE,MIDCPNIFTY26JUL15375CE,0.00,0.00,0.00,264.90,0.00,264.90,13994.75,113.30,0,0,0,0.00,0,F1,120,,,,,
2026-06-08,2026-06-08,FO,NSE,IDO,63575,,MIDCPNIFTY,,2026-07-28,2026-07-28,15475.00,CE,MIDCPNIFTY26JUL15475CE,0.00,0.00,0.00,242.30,0.00,242.30,13994.75,98.70,0,0,0,0.00,0,F1,120,,,,,
2026-06-08,2026-06-08,FO,NSE,IDO,63607,,MIDCPNIFTY,,2026-07-28,2026-07-28,15875.00,CE,MIDCPNIFTY26JUL15875CE,0.00,0.00,0.00,168.55,0.00,168.55,13994.75,55.20,0,0,0,0.00,0,F1,120,,,,,
2026-06-08,2026-06-08,FO,NSE,IDO,63609,,MIDCPNIFTY,,2026-07-28,2026-07-28,15900.00,CE,MIDCPNIFTY26JUL15900CE,0.00,0.00,0.00,164.65,0.00,164.65,13994.75,53.15,0,0,0,0.00,0,F1,120,,,,,
2026-06-08,2026-06-08,FO,NSE,IDO,60388,,MIDCPNIFTY,,2026-08-25,2026-08-25,12925.00,CE,MIDCPNIFTY26AUG12925CE,0.00,0.00,0.00,2036.45,0.00,2036.45,13994.75,1413.30,0,0,0,0.00,0,F1,120,,,,,
2026-06-08,2026-06-08,FO,NSE,IDO,60409,,MIDCPNIFTY,,2026-08-25,2026-08-25,13025.00,CE,MIDCPNIFTY26AUG13025CE,0.00,0.00,0.00,1951.45,0.00,1951.45,13994.75,1336.50,0,0,0,0.00,0,F1,120,,,,,
2026-06-08,2026-06-08,FO,NSE,IDO,60411,,MIDCPNIFTY,,2026-08-25,2026-08-25,13050.00,CE,MIDCPNIFTY26AUG13050CE,0.00,0.00,0.00,1930.45,0.00,1930.45,13994.75,1317.65,0,0,0,0.00,0,F1,120,,,,,
2026-06-08,2026-06-08,FO,NSE,IDO,60431,,MIDCPNIFTY,,2026-08-25,2026-08-25,13250.00,CE,MIDCPNIFTY26AUG13250CE,0.00,0.00,0.00,1765.60,0.00,1765.60,13994.75,1171.90,0,0,0,0.00,0,F1,120,,,,,
2026-06-08,2026-06-08,FO,NSE,IDO,60585,,MIDCPNIFTY,,2026-08-25,2026-08-25,14575.00,CE,MIDCPNIFTY26AUG14575CE,0.00,0.00,0.00,862.45,0.00,862.45,13994.75,450.45,0,0,0,0.00,0,F1,120,,,,,
2026-06-08,2026-06-08,FO,NSE,IDO,60597,,MIDCPNIFTY,,2026-08-25,2026-08-25,14625.00,CE,MIDCPNIFTY26AUG14625CE,0.00,0.00,0.00,835.75,0.00,835.75,13994.75,431.80,0,0,0,0.00,0,F1,120,,,,,
2026-06-08,2026-06-08,FO,NSE,IDO,60647,,MIDCPNIFTY,,2026-08-25,2026-08-25,15100.00,CE,MIDCPNIFTY26AUG15100CE,0.00,0.00,0.00,609.30,0.00,609.30,13994.75,282.45,0,0,0,0.00,0,F1,120,,,,,
2026-06-08,2026-06-08,FO,NSE,IDO,78588,,MIDCPNIFTY,,2026-06-30,2026-06-30,13500.00,PE,MIDCPNIFTY26JUN13500PE,100.00,120.00,73.35,105.05,106.05,66.70,13994.75,105.05,688560,6240,8469,13814748798.00,5962,F1,120,,,,,
2026-06-08,2026-06-08,FO,NSE,IDO,60761,,MIDCPNIFTY,,2026-08-25,2026-08-25,16100.00,CE,MIDCPNIFTY26AUG16100CE,0.00,0.00,0.00,284.65,0.00,284.65,13994.75,101.60,0,0,0,0.00,0,F1,120,,,,,
2026-06-08,2026-06-08,FO,NSE,IDO,78021,,MIDCPNIFTY,,2026-06-30,2026-06-30,10875.00,PE,MIDCPNIFTY26JUN10875PE,0.00,0.00,0.00,92.40,0.00,92.40,13994.75,0.00,0,0,0,0.00,0,F1,120,,,,,
2026-06-08,2026-06-08,FO,NSE,IDO,78262,,MIDCPNIFTY,,2026-06-30,2026-06-30,12050.00,PE,MIDCPNIFTY26JUN12050PE,5.15,5.15,5.15,5.15,5.15,2.35,13994.75,5.15,480,240,2,2893236.00,1,F1,120,,,,,
2026-06-08,2026-06-08,FO,NSE,IDO,78278,,MIDCPNIFTY,,2026-06-30,2026-06-30,12225.00,PE,MIDCPNIFTY26JUN12225PE,0.00,0.00,0.00,494.85,0.00,494.85,13994.75,2.15,0,0,0,0.00,0,F1,120,,,,,
2026-06-08,2026-06-08,FO,NSE,IDO,60680,,MIDCPNIFTY,,2026-08-25,2026-08-25,15375.00,PE,MIDCPNIFTY26AUG15375PE,0.00,0.00,0.00,972.70,0.00,972.70,13994.75,1376.90,0,0,0,0.00,0,F1,120,,,,,
2026-06-08,2026-06-08,FO,NSE,IDO,60616,,MIDCPNIFTY,,2026-08-25,2026-08-25,14775.00,PE,MIDCPNIFTY26AUG14775PE,0.00,0.00,0.00,639.95,0.00,639.95,13994.75,947.65,0,0,0,0.00,0,F1,120,,,,,
2026-06-08,2026-06-08,FO,NSE,IDO,60596,,MIDCPNIFTY,,2026-08-25,2026-08-25,14600.00,PE,MIDCPNIFTY26AUG14600PE,0.00,0.00,0.00,557.75,0.00,557.75,13994.75,836.90,0,0,0,0.00,0,F1,120,,,,,
2026-06-08,2026-06-08,FO,NSE,IDO,60580,,MIDCPNIFTY,,2026-08-25,2026-08-25,14500.00,PE,MIDCPNIFTY26AUG14500PE,0.00,0.00,0.00,513.80,0.00,513.80,13994.75,776.80,0,0,0,0.00,0,F1,120,,,,,
2026-06-08,2026-06-08,FO,NSE,IDO,60554,,MIDCPNIFTY,,2026-08-25,2026-08-25,14325.00,PE,MIDCPNIFTY26AUG14325PE,0.00,0.00,0.00,442.30,0.00,442.30,13994.75,677.50,0,0,0,0.00,0,F1,120,,,,,
2026-06-08,2026-06-08,FO,NSE,IDO,60524,,MIDCPNIFTY,,2026-08-25,2026-08-25,14125.00,PE,MIDCPNIFTY26AUG14125PE,0.00,0.00,0.00,368.85,0.00,368.85,13994.75,573.30,0,0,0,0.00,0,F1,120,,,,,
2026-06-08,2026-06-08,FO,NSE,IDO,60516,,MIDCPNIFTY,,2026-08-25,2026-08-25,14025.00,PE,MIDCPNIFTY26AUG14025PE,0.00,0.00,0.00,335.40,0.00,335.40,13994.75,525.05,0,0,0,0.00,0,F1,120,,,,,
2026-06-08,2026-06-08,FO,NSE,IDO,60510,,MIDCPNIFTY,,2026-08-25,2026-08-25,13975.00,PE,MIDCPNIFTY26AUG13975PE,0.00,0.00,0.00,319.45,0.00,319.45,13994.75,501.85,0,0,0,0.00,0,F1,120,,,,,
2026-06-08,2026-06-08,FO,NSE,IDO,60477,,MIDCPNIFTY,,2026-08-25,2026-08-25,13625.00,PE,MIDCPNIFTY26AUG13625PE,0.00,0.00,0.00,222.60,0.00,222.60,13994.75,357.40,0,0,0,0.00,0,F1,120,,,,,
2026-06-08,2026-06-08,FO,NSE,IDO,60438,,MIDCPNIFTY,,2026-08-25,2026-08-25,13325.00,PE,MIDCPNIFTY26AUG13325PE,0.00,0.00,0.00,157.95,0.00,157.95,13994.75,258.00,0,0,0,0.00,0,F1,120,,,,,
2026-06-08,2026-06-08,FO,NSE,IDO,60436,,MIDCPNIFTY,,2026-08-25,2026-08-25,13300.00,PE,MIDCPNIFTY26AUG13300PE,0.00,0.00,0.00,153.30,0.00,153.30,13994.75,250.70,0,0,0,0.00,0,F1,120,,,,,
2026-06-08,2026-06-08,FO,NSE,IDO,60420,,MIDCPNIFTY,,2026-08-25,2026-08-25,13150.00,PE,MIDCPNIFTY26AUG13150PE,0.00,0.00,0.00,127.35,0.00,127.35,13994.75,210.65,0,0,0,0.00,0,F1,120,,,,,
2026-06-08,2026-06-08,FO,NSE,IDO,60389,,MIDCPNIFTY,,2026-08-25,2026-08-25,12925.00,PE,MIDCPNIFTY26AUG12925PE,0.00,0.00,0.00,94.90,0.00,94.90,13994.75,158.20,0,0,0,0.00,0,F1,120,,,,,
2026-06-08,2026-06-08,FO,NSE,IDO,60383,,MIDCPNIFTY,,2026-08-25,2026-08-25,12850.00,PE,MIDCPNIFTY26AUG12850PE,0.00,0.00,0.00,85.60,0.00,85.60,13994.75,143.20,0,0,0,0.00,0,F1,120,,,,,
2026-06-08,2026-06-08,FO,NSE,IDO,60357,,MIDCPNIFTY,,2026-08-25,2026-08-25,12725.00,PE,MIDCPNIFTY26AUG12725PE,0.00,0.00,0.00,71.75,0.00,71.75,13994.75,120.55,0,0,0,0.00,0,F1,120,,,,,
2026-06-08,2026-06-08,FO,NSE,IDO,63566,,MIDCPNIFTY,,2026-07-28,2026-07-28,15350.00,PE,MIDCPNIFTY26JUL15350PE,0.00,0.00,0.00,1424.10,0.00,1424.10,13994.75,1330.95,0,0,0,0.00,0,F1,120,,,,,
2026-06-08,2026-06-08,FO,NSE,IDO,63556,,MIDCPNIFTY,,2026-07-28,2026-07-28,15225.00,PE,MIDCPNIFTY26JUL15225PE,0.00,0.00,0.00,1330.65,0.00,1330.65,13994.75,1228.40,0,0,0,0.00,0,F1,120,,,,,
2026-06-08,2026-06-08,FO,NSE,IDO,63554,,MIDCPNIFTY,,2026-07-28,2026-07-28,15200.00,PE,MIDCPNIFTY26JUL15200PE,0.00,0.00,0.00,1312.40,0.00,1312.40,13994.75,1208.25,0,0,0,0.00,0,F1,120,,,,,
2026-06-08,2026-06-08,FO,NSE,IDO,63488,,MIDCPNIFTY,,2026-07-28,2026-07-28,14400.00,PE,MIDCPNIFTY26JUL14400PE,0.00,0.00,0.00,792.60,0.00,792.60,13994.75,641.65,0,0,0,0.00,0,F1,120,,,,,
2026-06-08,2026-06-08,FO,NSE,IDO,63472,,MIDCPNIFTY,,2026-07-28,2026-07-28,14200.00,PE,MIDCPNIFTY26JUL14200PE,0.00,0.00,0.00,683.85,0.00,683.85,13994.75,528.10,0,0,0,0.00,0,F1,120,,,,,
2026-06-08,2026-06-08,FO,NSE,IDO,63418,,MIDCPNIFTY,,2026-07-28,2026-07-28,13575.00,PE,MIDCPNIFTY26JUL13575PE,0.00,0.00,0.00,403.35,0.00,403.35,13994.75,255.25,0,0,0,0.00,0,F1,120,,,,,
2026-06-08,2026-06-08,FO,NSE,IDO,63398,,MIDCPNIFTY,,2026-07-28,2026-07-28,13325.00,PE,MIDCPNIFTY26JUL13325PE,0.00,0.00,0.00,316.30,0.00,316.30,13994.75,180.75,0,0,0,0.00,0,F1,120,,,,,
2026-06-08,2026-06-08,FO,NSE,IDO,63382,,MIDCPNIFTY,,2026-07-28,2026-07-28,13125.00,PE,MIDCPNIFTY26JUL13125PE,0.00,0.00,0.00,257.25,0.00,257.25,13994.75,132.80,0,0,0,0.00,0,F1,120,,,,,
2026-06-08,2026-06-08,FO,NSE,IDO,63374,,MIDCPNIFTY,,2026-07-28,2026-07-28,13025.00,PE,MIDCPNIFTY26JUL13025PE,0.00,0.00,0.00,230.70,0.00,230.70,13994.75,112.90,0,0,0,0.00,0,F1,120,,,,,
2026-06-08,2026-06-08,FO,NSE,IDO,63342,,MIDCPNIFTY,,2026-07-28,2026-07-28,12625.00,PE,MIDCPNIFTY26JUL12625PE,0.00,0.00,0.00,143.10,0.00,143.10,13994.75,55.00,0,0,0,0.00,0,F1,120,,,,,
2026-06-08,2026-06-08,FO,NSE,IDO,63324,,MIDCPNIFTY,,2026-07-28,2026-07-28,12400.00,PE,MIDCPNIFTY26JUL12400PE,0.00,0.00,0.00,106.50,0.00,106.50,13994.75,34.80,0,0,0,0.00,0,F1,120,,,,,
2026-06-08,2026-06-08,FO,NSE,IDO,53808,,MIDCPNIFTY,,2026-06-30,2026-06-30,15825.00,PE,MIDCPNIFTY26JUN15825PE,0.00,0.00,0.00,2044.30,0.00,2044.30,13994.75,1778.40,0,0,0,0.00,0,F1,120,,,,,
2026-06-08,2026-06-08,FO,NSE,IDO,40787,,MIDCPNIFTY,,2026-06-30,2026-06-30,15475.00,PE,MIDCPNIFTY26JUN15475PE,0.00,0.00,0.00,2122.10,0.00,2122.10,13994.75,1440.25,0,0,0,0.00,0,F1,120,,,,,
2026-06-08,2026-06-08,FO,NSE,IDO,40784,,MIDCPNIFTY,,2026-06-30,2026-06-30,15450.00,PE,MIDCPNIFTY26JUN15450PE,0.00,0.00,0.00,2099.90,0.00,2099.90,13994.75,1416.50,0,0,0,0.00,0,F1,120,,,,,
2026-06-08,2026-06-08,FO,NSE,IDO,40751,,MIDCPNIFTY,,2026-06-30,2026-06-30,15125.00,PE,MIDCPNIFTY26JUN15125PE,0.00,0.00,0.00,973.10,973.10,973.10,13994.75,1115.30,720,0,0,0.00,0,F1,120,,,,,
2026-06-08,2026-06-08,FO,NSE,IDO,40739,,MIDCPNIFTY,,2026-06-30,2026-06-30,15025.00,PE,MIDCPNIFTY26JUN15025PE,1012.50,1012.50,978.80,983.20,983.20,788.20,13994.75,1026.30,720,-120,3,5765940.00,3,F1,120,,,,,
2026-06-08,2026-06-08,FO,NSE,IDO,78780,,MIDCPNIFTY,,2026-06-30,2026-06-30,14900.00,PE,MIDCPNIFTY26JUN14900PE,0.00,0.00,0.00,626.25,626.25,626.25,13994.75,918.25,11880,0,0,0.00,0,F1,120,,,,,
2026-06-08,2026-06-08,FO,NSE,IDO,35127,,MIDCPNIFTY,,2026-06-30,2026-06-30,14625.00,PE,MIDCPNIFTY26JUN14625PE,613.95,613.95,613.95,613.95,613.95,483.70,13994.75,696.05,8040,-120,1,1828674.00,1,F1,120,,,,,
2026-06-08,2026-06-08,FO,NSE,IDO,78635,,MIDCPNIFTY,,2026-06-30,2026-06-30,13850.00,PE,MIDCPNIFTY26JUN13850PE,202.95,225.00,151.45,213.80,216.95,140.80,13994.75,213.80,9840,3720,248,417592302.00,228,F1,120,,,,,
2026-06-08,2026-06-08,FO,NSE,IDO,78621,,MIDCPNIFTY,,2026-06-30,2026-06-30,13675.00,PE,MIDCPNIFTY26JUN13675PE,156.45,159.60,107.25,155.20,159.25,98.05,13994.75,155.20,2040,-360,46,76211118.00,43,F1,120,,,,,
2026-06-08,2026-06-08,FO,NSE,IDO,49276,,MIDCPNIFTY,,2026-06-30,2026-06-30,15550.00,PE,MIDCPNIFTY26JUN15550PE,0.00,0.00,0.00,2028.30,0.00,2028.30,13994.75,1511.90,0,0,0,0.00,0,F1,120,,,,,
2026-06-08,2026-06-08,FO,NSE,IDO,78800,,MIDCPNIFTY,,2026-06-30,2026-06-30,15500.00,PE,MIDCPNIFTY26JUN15500PE,1406.50,1460.35,1311.65,1443.20,1460.35,1150.00,13994.75,1443.20,3480,0,7,14193672.00,7,F1,120,,,,,
2026-06-08,2026-06-08,FO,NSE,IDO,78127,,MIDCPNIFTY,,2026-06-30,2026-06-30,11675.00,CE,MIDCPNIFTY26JUN11675CE,0.00,0.00,0.00,968.95,0.00,968.95,13994.75,2362.90,0,0,0,0.00,0,F1,120,,,,,
2026-06-08,2026-06-08,FO,NSE,IDO,78291,,MIDCPNIFTY,,2026-06-30,2026-06-30,12400.00,CE,MIDCPNIFTY26JUN12400CE,0.00,0.00,0.00,562.40,0.00,562.40,13994.75,1644.80,0,0,0,0.00,0,F1,120,,,,,
2026-06-08,2026-06-08,FO,NSE,IDO,78297,,MIDCPNIFTY,,2026-06-30,2026-06-30,12425.00,CE,MIDCPNIFTY26JUN12425CE,0.00,0.00,0.00,550.95,0.00,550.95,13994.75,1620.35,0,0,0,0.00,0,F1,120,,,,,
2026-06-08,2026-06-08,FO,NSE,IDO,78313,,MIDCPNIFTY,,2026-06-30,2026-06-30,12625.00,CE,MIDCPNIFTY26JUN12625CE,0.00,0.00,0.00,465.00,0.00,465.00,13994.75,1426.35,0,0,0,0.00,0,F1,120,,,,,
2026-06-08,2026-06-08,FO,NSE,IDO,78323,,MIDCPNIFTY,,2026-06-30,2026-06-30,12700.00,CE,MIDCPNIFTY26JUN12700CE,0.00,0.00,0.00,435.45,0.00,435.45,13994.75,1354.55,0,0,0,0.00,0,F1,120,,,,,
2026-06-08,2026-06-08,FO,NSE,IDO,78387,,MIDCPNIFTY,,2026-06-30,2026-06-30,12975.00,CE,MIDCPNIFTY26JUN12975CE,0.00,0.00,0.00,338.95,0.00,338.95,13994.75,1098.50,0,0,0,0.00,0,F1,120,,,,,
2026-06-08,2026-06-08,FO,NSE,IDO,78520,,MIDCPNIFTY,,2026-06-30,2026-06-30,13300.00,CE,MIDCPNIFTY26JUN13300CE,860.00,860.00,860.00,860.00,860.00,1295.00,13994.75,817.65,240,120,1,1699200.00,1,F1,120,,,,,
2026-06-08,2026-06-08,FO,NSE,IDO,78719,,MIDCPNIFTY,,2026-06-30,2026-06-30,14400.00,CE,MIDCPNIFTY26JUN14400CE,155.20,204.35,115.10,147.10,133.35,191.10,13994.75,147.10,201960,11040,2320,4056358386.00,1875,F1,120,,,,,
2026-06-08,2026-06-08,FO,NSE,IDO,35120,,MIDCPNIFTY,,2026-06-30,2026-06-30,14550.00,CE,MIDCPNIFTY26JUN14550CE,107.45,148.40,89.65,95.60,91.25,137.20,13994.75,95.60,24960,840,177,311670348.00,163,F1,120,,,,,
2026-06-08,2026-06-08,FO,NSE,IDO,35128,,MIDCPNIFTY,,2026-06-30,2026-06-30,14650.00,CE,MIDCPNIFTY26JUN14650CE,69.95,117.55,66.80,78.30,73.85,108.15,13994.75,78.30,21720,-600,150,265352100.00,128,F1,120,,,,,
2026-06-08,2026-06-08,FO,NSE,IDO,78779,,MIDCPNIFTY,,2026-06-30,2026-06-30,14900.00,CE,MIDCPNIFTY26JUN14900CE,30.00,62.00,30.00,38.80,36.55,55.70,13994.75,38.80,158040,-9720,1873,3359388882.00,1518,F1,120,,,,,
2026-06-08,2026-06-08,FO,NSE,IDO,78791,,MIDCPNIFTY,,2026-06-30,2026-06-30,15400.00,CE,MIDCPNIFTY26JUN15400CE,10.00,13.70,7.50,8.30,8.40,12.95,13994.75,8.30,30240,3840,300,554767614.00,216,F1,120,,,,,
2026-06-08,2026-06-08,FO,NSE,IDO,49279,,MIDCPNIFTY,,2026-06-30,2026-06-30,15625.00,CE,MIDCPNIFTY26JUN15625CE,5.20,5.40,5.20,5.40,5.40,7.50,13994.75,11.30,3120,0,4,7502544.00,2,F1,120,,,,,
2026-06-08,2026-06-08,FO,NSE,IDO,63327,,MIDCPNIFTY,,2026-07-28,2026-07-28,12450.00,CE,MIDCPNIFTY26JUL12450CE,0.00,0.00,0.00,1818.80,0.00,1818.80,13994.75,1698.15,0,0,0,0.00,0,F1,120,,,,,
2026-06-08,2026-06-08,FO,NSE,IDO,63335,,MIDCPNIFTY,,2026-07-28,2026-07-28,12550.00,CE,MIDCPNIFTY26JUL12550CE,0.00,0.00,0.00,1736.30,0.00,1736.30,13994.75,1607.85,0,0,0,0.00,0,F1,120,,,,,
2026-06-08,2026-06-08,FO,NSE,IDO,63357,,MIDCPNIFTY,,2026-07-28,2026-07-28,12825.00,CE,MIDCPNIFTY26JUL12825CE,0.00,0.00,0.00,1518.20,0.00,1518.20,13994.75,1367.90,0,0,0,0.00,0,F1,120,,,,,
2026-06-08,2026-06-08,FO,NSE,IDO,63363,,MIDCPNIFTY,,2026-07-28,2026-07-28,12900.00,CE,MIDCPNIFTY26JUL12900CE,0.00,0.00,0.00,1461.10,0.00,1461.10,13994.75,1304.95,0,0,0,0.00,0,F1,120,,,,,
2026-06-08,2026-06-08,FO,NSE,IDO,63385,,MIDCPNIFTY,,2026-07-28,2026-07-28,13175.00,CE,MIDCPNIFTY26JUL13175CE,0.00,0.00,0.00,1261.60,0.00,1261.60,13994.75,1084.90,0,0,0,0.00,0,F1,120,,,,,
2026-06-08,2026-06-08,FO,NSE,IDO,63415,,MIDCPNIFTY,,2026-07-28,2026-07-28,13550.00,CE,MIDCPNIFTY26JUL13550CE,0.00,0.00,0.00,1014.70,0.00,1014.70,13994.75,816.55,0,0,0,0.00,0,F1,120,,,,,
2026-06-08,2026-06-08,FO,NSE,IDO,63433,,MIDCPNIFTY,,2026-07-28,2026-07-28,13775.00,CE,MIDCPNIFTY26JUL13775CE,0.00,0.00,0.00,882.15,0.00,882.15,13994.75,675.75,0,0,0,0.00,0,F1,120,,,,,
2026-06-08,2026-06-08,FO,NSE,IDO,63455,,MIDCPNIFTY,,2026-07-28,2026-07-28,14000.00,CE,MIDCPNIFTY26JUL14000CE,461.20,545.00,461.20,492.55,466.45,565.25,13994.75,492.55,2880,1200,18,31329366.00,17,F1,120,,,,,
2026-06-08,2026-06-08,FO,NSE,IDO,63485,,MIDCPNIFTY,,2026-07-28,2026-07-28,14375.00,CE,MIDCPNIFTY26JUL14375CE,0.00,0.00,0.00,586.05,0.00,586.05,13994.75,379.05,0,0,0,0.00,0,F1,120,,,,,
2026-06-08,2026-06-08,FO,NSE,IDO,63487,,MIDCPNIFTY,,2026-07-28,2026-07-28,14400.00,CE,MIDCPNIFTY26JUL14400CE,0.00,0.00,0.00,575.50,0.00,575.50,13994.75,369.15,0,0,0,0.00,0,F1,120,,,,,
2026-06-08,2026-06-08,FO,NSE,IDO,63489,,MIDCPNIFTY,,2026-07-28,2026-07-28,14425.00,CE,MIDCPNIFTY26JUL14425CE,0.00,0.00,0.00,565.10,0.00,565.10,13994.75,359.40,0,0,0,0.00,0,F1,120,,,,,
2026-06-08,2026-06-08,FO,NSE,IDO,63517,,MIDCPNIFTY,,2026-07-28,2026-07-28,14775.00,CE,MIDCPNIFTY26JUL14775CE,0.00,0.00,0.00,433.45,0.00,433.45,13994.75,242.45,0,0,0,0.00,0,F1,120,,,,,
2026-06-08,2026-06-08,FO,NSE,IDO,63519,,MIDCPNIFTY,,2026-07-28,2026-07-28,14800.00,CE,MIDCPNIFTY26JUL14800CE,0.00,0.00,0.00,425.05,0.00,425.05,13994.75,235.40,0,0,0,0.00,0,F1,120,,,,,
2026-06-08,2026-06-08,FO,NSE,IDO,63533,,MIDCPNIFTY,,2026-07-28,2026-07-28,14950.00,CE,MIDCPNIFTY26JUL14950CE,0.00,0.00,0.00,377.15,0.00,377.15,13994.75,197.00,0,0,0,0.00,0,F1,120,,,,,
2026-06-08,2026-06-08,FO,NSE,IDO,63537,,MIDCPNIFTY,,2026-07-28,2026-07-28,15000.00,CE,MIDCPNIFTY26JUL15000CE,120.00,144.70,108.55,114.95,108.55,149.95,13994.75,114.95,8400,1560,32,58081608.00,29,F1,120,,,,,
2026-06-08,2026-06-08,FO,NSE,IDO,63559,,MIDCPNIFTY,,2026-07-28,2026-07-28,15275.00,CE,MIDCPNIFTY26JUL15275CE,0.00,0.00,0.00,288.50,0.00,288.50,13994.75,129.60,0,0,0,0.00,0,F1,120,,,,,
2026-06-08,2026-06-08,FO,NSE,IDO,63561,,MIDCPNIFTY,,2026-07-28,2026-07-28,15300.00,CE,MIDCPNIFTY26JUL15300CE,0.00,0.00,0.00,282.45,0.00,282.45,13994.75,125.35,0,0,0,0.00,0,F1,120,,,,,
2026-06-08,2026-06-08,FO,NSE,IDO,60343,,MIDCPNIFTY,,2026-08-25,2026-08-25,12575.00,CE,MIDCPNIFTY26AUG12575CE,0.00,0.00,0.00,2343.90,0.00,2343.90,13994.75,1697.20,0,0,0,0.00,0,F1,120,,,,,
2026-06-08,2026-06-08,FO,NSE,IDO,60384,,MIDCPNIFTY,,2026-08-25,2026-08-25,12875.00,CE,MIDCPNIFTY26AUG12875CE,0.00,0.00,0.00,2079.45,0.00,2079.45,13994.75,1452.50,0,0,0,0.00,0,F1,120,,,,,
2026-06-08,2026-06-08,FO,NSE,IDO,60415,,MIDCPNIFTY,,2026-08-25,2026-08-25,13100.00,CE,MIDCPNIFTY26AUG13100CE,0.00,0.00,0.00,1888.65,0.00,1888.65,13994.75,1280.30,0,0,0,0.00,0,F1,120,,,,,
2026-06-08,2026-06-08,FO,NSE,IDO,60427,,MIDCPNIFTY,,2026-08-25,2026-08-25,13200.00,CE,MIDCPNIFTY26AUG13200CE,0.00,0.00,0.00,1806.25,0.00,1806.25,13994.75,1207.65,0,0,0,0.00,0,F1,120,,,,,
2026-06-08,2026-06-08,FO,NSE,IDO,60433,,MIDCPNIFTY,,2026-08-25,2026-08-25,13275.00,CE,MIDCPNIFTY26AUG13275CE,0.00,0.00,0.00,1745.45,0.00,1745.45,13994.75,1154.25,0,0,0,0.00,0,F1,120,,,,,
2026-06-08,2026-06-08,FO,NSE,IDO,60437,,MIDCPNIFTY,,2026-08-25,2026-08-25,13325.00,CE,MIDCPNIFTY26AUG13325CE,0.00,0.00,0.00,1705.45,0.00,1705.45,13994.75,1118.85,0,0,0,0.00,0,F1,120,,,,,
2026-06-08,2026-06-08,FO,NSE,IDO,60443,,MIDCPNIFTY,,2026-08-25,2026-08-25,13400.00,CE,MIDCPNIFTY26AUG13400CE,0.00,0.00,0.00,1646.20,0.00,1646.20,13994.75,1067.75,0,0,0,0.00,0,F1,120,,,,,
2026-06-08,2026-06-08,FO,NSE,IDO,60497,,MIDCPNIFTY,,2026-08-25,2026-08-25,13825.00,CE,MIDCPNIFTY26AUG13825CE,0.00,0.00,0.00,1330.30,0.00,1330.30,13994.75,804.15,0,0,0,0.00,0,F1,120,,,,,
2026-06-08,2026-06-08,FO,NSE,IDO,60551,,MIDCPNIFTY,,2026-08-25,2026-08-25,14300.00,CE,MIDCPNIFTY26AUG14300CE,0.00,0.00,0.00,1019.50,0.00,1019.50,13994.75,563.75,0,0,0,0.00,0,F1,120,,,,,
2026-06-08,2026-06-08,FO,NSE,IDO,60579,,MIDCPNIFTY,,2026-08-25,2026-08-25,14500.00,CE,MIDCPNIFTY26AUG14500CE,0.00,0.00,0.00,903.65,0.00,903.65,13994.75,479.50,0,0,0,0.00,0,F1,120,,,,,
2026-06-08,2026-06-08,FO,NSE,IDO,60669,,MIDCPNIFTY,,2026-08-25,2026-08-25,15250.00,CE,MIDCPNIFTY26AUG15250CE,0.00,0.00,0.00,547.95,0.00,547.95,13994.75,245.65,0,0,0,0.00,0,F1,120,,,,,
2026-06-08,2026-06-08,FO,NSE,IDO,60717,,MIDCPNIFTY,,2026-08-25,2026-08-25,15700.00,CE,MIDCPNIFTY26AUG15700CE,0.00,0.00,0.00,391.50,0.00,391.50,13994.75,156.25,0,0,0,0.00,0,F1,120,,,,,
2026-06-08,2026-06-08,FO,NSE,IDO,78064,,MIDCPNIFTY,,2026-06-30,2026-06-30,10975.00,PE,MIDCPNIFTY26JUN10975PE,0.00,0.00,0.00,107.95,0.00,107.95,13994.75,0.00,0,0,0,0.00,0,F1,120,,,,,
2026-06-08,2026-06-08,FO,NSE,IDO,78086,,MIDCPNIFTY,,2026-06-30,2026-06-30,11150.00,PE,MIDCPNIFTY26JUN11150PE,0.00,0.00,0.00,139.80,0.00,139.80,13994.75,0.05,0,0,0,0.00,0,F1,120,,,,,
2026-06-08,2026-06-08,FO,NSE,IDO,78092,,MIDCPNIFTY,,2026-06-30,2026-06-30,11225.00,PE,MIDCPNIFTY26JUN11225PE,0.00,0.00,0.00,155.40,0.00,155.40,13994.75,0.05,0,0,0,0.00,0,F1,120,,,,,
2026-06-08,2026-06-08,FO,NSE,IDO,78106,,MIDCPNIFTY,,2026-06-30,2026-06-30,11400.00,PE,MIDCPNIFTY26JUN11400PE,0.00,0.00,0.00,0.05,0.05,0.05,13994.75,0.05,360,0,0,0.00,0,F1,120,,,,,
2026-06-08,2026-06-08,FO,NSE,IDO,78112,,MIDCPNIFTY,,2026-06-30,2026-06-30,11475.00,PE,MIDCPNIFTY26JUN11475PE,0.00,0.00,0.00,216.85,0.00,216.85,13994.75,0.05,0,0,0,0.00,0,F1,120,,,,,
2026-06-08,2026-06-08,FO,NSE,IDO,78118,,MIDCPNIFTY,,2026-06-30,2026-06-30,11550.00,PE,MIDCPNIFTY26JUN11550PE,0.00,0.00,0.00,237.50,0.00,237.50,13994.75,0.10,0,0,0,0.00,0,F1,120,,,,,
2026-06-08,2026-06-08,FO,NSE,IDO,78122,,MIDCPNIFTY,,2026-06-30,2026-06-30,11600.00,PE,MIDCPNIFTY26JUN11600PE,0.00,0.00,0.00,252.45,0.00,252.45,13994.75,0.10,0,0,0,0.00,0,F1,120,,,,,
2026-06-08,2026-06-08,FO,NSE,IDO,78124,,MIDCPNIFTY,,2026-06-30,2026-06-30,11625.00,PE,MIDCPNIFTY26JUN11625PE,0.00,0.00,0.00,260.20,0.00,260.20,13994.75,0.15,0,0,0,0.00,0,F1,120,,,,,
2026-06-08,2026-06-08,FO,NSE,IDO,78239,,MIDCPNIFTY,,2026-06-30,2026-06-30,11925.00,PE,MIDCPNIFTY26JUN11925PE,0.00,0.00,0.00,2.55,2.55,2.55,13994.75,0.55,960,0,0,0.00,0,F1,120,,,,,
2026-06-08,2026-06-08,FO,NSE,IDO,78538,,MIDCPNIFTY,,2026-06-30,2026-06-30,13400.00,PE,MIDCPNIFTY26JUN13400PE,93.80,94.75,59.00,84.95,85.70,52.85,13994.75,84.95,51240,-7680,930,1503774888.00,785,F1,120,,,,,
2026-06-08,2026-06-08,FO,NSE,IDO,78653,,MIDCPNIFTY,,2026-06-30,2026-06-30,14075.00,PE,MIDCPNIFTY26JUN14075PE,300.65,330.00,231.70,309.20,322.65,219.00,13994.75,309.20,10080,-840,890,1531699734.00,791,F1,120,,,,,
2026-06-08,2026-06-08,FO,NSE,IDO,78657,,MIDCPNIFTY,,2026-06-30,2026-06-30,14125.00,PE,MIDCPNIFTY26JUN14125PE,360.00,360.00,252.60,333.15,347.10,239.35,13994.75,333.15,7080,120,574,993266460.00,513,F1,120,,,,,
2026-06-08,2026-06-08,FO,NSE,IDO,78663,,MIDCPNIFTY,,2026-06-30,2026-06-30,14200.00,PE,MIDCPNIFTY26JUN14200PE,389.25,435.30,287.00,372.15,388.60,272.30,13994.75,372.15,260040,-32400,3952,6894833016.00,3300,F1,120,,,,,
2026-06-08,2026-06-08,FO,NSE,IDO,78772,,MIDCPNIFTY,,2026-06-30,2026-06-30,14500.00,PE,MIDCPNIFTY26JUN14500PE,613.50,615.00,452.25,572.90,593.95,442.65,13994.75,572.90,322920,-23040,832,1500717792.00,673,F1,120,,,,,
2026-06-08,2026-06-08,FO,NSE,IDO,78778,,MIDCPNIFTY,,2026-06-30,2026-06-30,14800.00,PE,MIDCPNIFTY26JUN14800PE,743.65,810.70,686.75,802.00,810.40,660.00,13994.75,802.00,43440,-600,29,54041568.00,27,F1,120,,,,,
2026-06-08,2026-06-08,FO,NSE,IDO,41342,,MIDCPNIFTY,,2026-06-30,2026-06-30,14875.00,PE,MIDCPNIFTY26JUN14875PE,881.35,903.00,826.65,903.00,903.00,809.70,13994.75,903.00,3720,-240,3,5668320.00,3,F1,120,,,,,
2026-06-08,2026-06-08,FO,NSE,IDO,40741,,MIDCPNIFTY,,2026-06-30,2026-06-30,15050.00,PE,MIDCPNIFTY26JUN15050PE,985.10,985.10,980.85,980.85,980.85,943.80,13994.75,1048.35,960,-120,6,11543526.00,4,F1,120,,,,,
2026-06-08,2026-06-08,FO,NSE,IDO,40745,,MIDCPNIFTY,,2026-06-30,2026-06-30,15075.00,PE,MIDCPNIFTY26JUN15075PE,0.00,0.00,0.00,1044.65,1044.65,1044.65,13994.75,1070.55,960,0,0,0.00,0,F1,120,,,,,
2026-06-08,2026-06-08,FO,NSE,IDO,40753,,MIDCPNIFTY,,2026-06-30,2026-06-30,15150.00,PE,MIDCPNIFTY26JUN15150PE,0.00,0.00,0.00,936.20,936.20,936.20,13994.75,1137.90,1800,0,0,0.00,0,F1,120,,,,,
2026-06-08,2026-06-08,FO,NSE,IDO,60772,,MIDCPNIFTY,,2026-08-25,2026-08-25,16200.00,PE,MIDCPNIFTY26AUG16200PE,0.00,0.00,0.00,1547.05,0.00,1547.05,13994.75,2063.75,0,0,0,0.00,0,F1,120,,,,,
2026-06-08,2026-06-08,FO,NSE,IDO,60668,,MIDCPNIFTY,,2026-08-25,2026-08-25,15225.00,PE,MIDCPNIFTY26AUG15225PE,0.00,0.00,0.00,882.35,0.00,882.35,13994.75,1263.45,0,0,0,0.00,0,F1,120,,,,,
2026-06-08,2026-06-08,FO,NSE,IDO,60640,,MIDCPNIFTY,,2026-08-25,2026-08-25,15000.00,PE,MIDCPNIFTY26AUG15000PE,0.00,0.00,0.00,755.65,0.00,755.65,13994.75,1100.05,0,0,0,0.00,0,F1,120,,,,,
2026-06-08,2026-06-08,FO,NSE,IDO,60500,,MIDCPNIFTY,,2026-08-25,2026-08-25,13850.00,PE,MIDCPNIFTY26AUG13850PE,0.00,0.00,0.00,282.55,0.00,282.55,13994.75,446.70,0,0,0,0.00,0,F1,120,,,,,
2026-06-08,2026-06-08,FO,NSE,IDO,60446,,MIDCPNIFTY,,2026-08-25,2026-08-25,13425.00,PE,MIDCPNIFTY26AUG13425PE,0.00,0.00,0.00,177.75,0.00,177.75,13994.75,288.70,0,0,0,0.00,0,F1,120,,,,,
2026-06-08,2026-06-08,FO,NSE,IDO,60414,,MIDCPNIFTY,,2026-08-25,2026-08-25,13075.00,PE,MIDCPNIFTY26AUG13075PE,0.00,0.00,0.00,115.75,0.00,115.75,13994.75,191.65,0,0,0,0.00,0,F1,120,,,,,
2026-06-08,2026-06-08,FO,NSE,IDO,60412,,MIDCPNIFTY,,2026-08-25,2026-08-25,13050.00,PE,MIDCPNIFTY26AUG13050PE,0.00,0.00,0.00,112.05,0.00,112.05,13994.75,185.75,0,0,0,0.00,0,F1,120,,,,,
2026-06-08,2026-06-08,FO,NSE,IDO,60359,,MIDCPNIFTY,,2026-08-25,2026-08-25,12750.00,PE,MIDCPNIFTY26AUG12750PE,0.00,0.00,0.00,74.40,0.00,74.40,13994.75,124.85,0,0,0,0.00,0,F1,120,,,,,
2026-06-08,2026-06-08,FO,NSE,IDO,63612,,MIDCPNIFTY,,2026-07-28,2026-07-28,15900.00,PE,MIDCPNIFTY26JUL15900PE,0.00,0.00,0.00,1860.25,0.00,1860.25,13994.75,1811.85,0,0,0,0.00,0,F1,120,,,,,
2026-06-08,2026-06-08,FO,NSE,IDO,63592,,MIDCPNIFTY,,2026-07-28,2026-07-28,15675.00,PE,MIDCPNIFTY26JUL15675PE,0.00,0.00,0.00,1676.45,0.00,1676.45,13994.75,1610.05,0,0,0,0.00,0,F1,120,,,,,
2026-06-08,2026-06-08,FO,NSE,IDO,63574,,MIDCPNIFTY,,2026-07-28,2026-07-28,15450.00,PE,MIDCPNIFTY26JUL15450PE,0.00,0.00,0.00,1500.30,0.00,1500.30,13994.75,1415.05,0,0,0,0.00,0,F1,120,,,,,
2026-06-08,2026-06-08,FO,NSE,IDO,63516,,MIDCPNIFTY,,2026-07-28,2026-07-28,14750.00,PE,MIDCPNIFTY26JUL14750PE,0.00,0.00,0.00,560.30,560.30,560.30,13994.75,869.00,360,0,0,0.00,0,F1,120,,,,,
2026-06-08,2026-06-08,FO,NSE,IDO,63500,,MIDCPNIFTY,,2026-07-28,2026-07-28,14550.00,PE,MIDCPNIFTY26JUL14550PE,0.00,0.00,0.00,880.05,0.00,880.05,13994.75,734.80,0,0,0,0.00,0,F1,120,,,,,
2026-06-08,2026-06-08,FO,NSE,IDO,63462,,MIDCPNIFTY,,2026-07-28,2026-07-28,14075.00,PE,MIDCPNIFTY26JUL14075PE,0.00,0.00,0.00,620.55,0.00,620.55,13994.75,463.50,0,0,0,0.00,0,F1,120,,,,,
2026-06-08,2026-06-08,FO,NSE,IDO,63420,,MIDCPNIFTY,,2026-07-28,2026-07-28,13600.00,PE,MIDCPNIFTY26JUL13600PE,0.00,0.00,0.00,412.85,0.00,412.85,13994.75,263.80,0,0,0,0.00,0,F1,120,,,,,
2026-06-08,2026-06-08,FO,NSE,IDO,63384,,MIDCPNIFTY,,2026-07-28,2026-07-28,13150.00,PE,MIDCPNIFTY26JUL13150PE,0.00,0.00,0.00,264.20,0.00,264.20,13994.75,138.20,0,0,0,0.00,0,F1,120,,,,,
2026-06-08,2026-06-08,FO,NSE,IDO,63378,,MIDCPNIFTY,,2026-07-28,2026-07-28,13075.00,PE,MIDCPNIFTY26JUL13075PE,0.00,0.00,0.00,243.70,0.00,243.70,13994.75,122.55,0,0,0,0.00,0,F1,120,,,,,
2026-06-08,2026-06-08,FO,NSE,IDO,63368,,MIDCPNIFTY,,2026-07-28,2026-07-28,12950.00,PE,MIDCPNIFTY26JUL12950PE,0.00,0.00,0.00,211.55,0.00,211.55,13994.75,99.50,0,0,0,0.00,0,F1,120,,,,,
2026-06-08,2026-06-08,FO,NSE,IDO,63364,,MIDCPNIFTY,,2026-07-28,2026-07-28,12900.00,PE,MIDCPNIFTY26JUL12900PE,0.00,0.00,0.00,199.75,0.00,199.75,13994.75,91.30,0,0,0,0.00,0,F1,120,,,,,
2026-06-08,2026-06-08,FO,NSE,IDO,63352,,MIDCPNIFTY,,2026-07-28,2026-07-28,12750.00,PE,MIDCPNIFTY26JUL12750PE,0.00,0.00,0.00,167.15,0.00,167.15,13994.75,69.70,0,0,0,0.00,0,F1,120,,,,,
2026-06-08,2026-06-08,FO,NSE,IDO,78835,,MIDCPNIFTY,,2026-06-30,2026-06-30,16200.00,PE,MIDCPNIFTY26JUN16200PE,0.00,0.00,0.00,3757.45,0.00,3757.45,13994.75,2147.65,0,0,0,0.00,0,F1,120,,,,,
2026-06-08,2026-06-08,FO,NSE,IDO,53814,,MIDCPNIFTY,,2026-06-30,2026-06-30,15925.00,PE,MIDCPNIFTY26JUN15925PE,0.00,0.00,0.00,2133.30,0.00,2133.30,13994.75,1876.40,0,0,0,0.00,0,F1,120,,,,,
2026-06-08,2026-06-08,FO,NSE,IDO,53812,,MIDCPNIFTY,,2026-06-30,2026-06-30,15875.00,PE,MIDCPNIFTY26JUN15875PE,0.00,0.00,0.00,2088.65,0.00,2088.65,13994.75,1827.35,0,0,0,0.00,0,F1,120,,,,,
2026-06-08,2026-06-08,FO,NSE,IDO,49284,,MIDCPNIFTY,,2026-06-30,2026-06-30,15650.00,PE,MIDCPNIFTY26JUN15650PE,0.00,0.00,0.00,2116.85,0.00,2116.85,13994.75,1608.20,0,0,0,0.00,0,F1,120,,,,,
2026-06-08,2026-06-08,FO,NSE,IDO,78631,,MIDCPNIFTY,,2026-06-30,2026-06-30,13800.00,PE,MIDCPNIFTY26JUN13800PE,175.00,213.55,137.70,190.35,196.00,128.55,13994.75,190.35,244440,-63240,4109,6887551230.00,3057,F1,120,,,,,
2026-06-08,2026-06-08,FO,NSE,IDO,78584,,MIDCPNIFTY,,2026-06-30,2026-06-30,13450.00,PE,MIDCPNIFTY26JUN13450PE,86.75,98.45,69.00,96.00,98.45,59.90,13994.75,96.00,2160,-240,26,42209388.00,21,F1,120,,,,,
2026-06-08,2026-06-08,FO,NSE,IDO,78484,,MIDCPNIFTY,,2026-06-30,2026-06-30,13125.00,PE,MIDCPNIFTY26JUN13125PE,40.60,40.60,38.15,38.45,38.15,18.00,13994.75,38.45,960,-480,13,20535708.00,6,F1,120,,,,,
2026-06-08,2026-06-08,FO,NSE,IDO,78340,,MIDCPNIFTY,,2026-06-30,2026-06-30,12725.00,PE,MIDCPNIFTY26JUN12725PE,14.50,18.15,14.40,18.15,18.15,9.40,13994.75,18.15,720,0,6,9172890.00,4,F1,120,,,,,
2026-06-08,2026-06-08,FO,NSE,IDO,77927,,MIDCPNIFTY,,2026-06-30,2026-06-30,10700.00,CE,MIDCPNIFTY26JUN10700CE,0.00,0.00,0.00,1719.80,0.00,1719.80,13994.75,3334.15,0,0,0,0.00,0,F1,120,,,,,
2026-06-08,2026-06-08,FO,NSE,IDO,78022,,MIDCPNIFTY,,2026-06-30,2026-06-30,10900.00,CE,MIDCPNIFTY26JUN10900CE,0.00,0.00,0.00,1550.10,0.00,1550.10,13994.75,3134.90,0,0,0,0.00,0,F1,120,,,,,
2026-06-08,2026-06-08,FO,NSE,IDO,78099,,MIDCPNIFTY,,2026-06-30,2026-06-30,11325.00,CE,MIDCPNIFTY26JUN11325CE,0.00,0.00,0.00,1214.70,0.00,1214.70,13994.75,2711.50,0,0,0,0.00,0,F1,120,,,,,
2026-06-08,2026-06-08,FO,NSE,IDO,78121,,MIDCPNIFTY,,2026-06-30,2026-06-30,11600.00,CE,MIDCPNIFTY26JUN11600CE,0.00,0.00,0.00,1019.00,0.00,1019.00,13994.75,2437.60,0,0,0,0.00,0,F1,120,,,,,
2026-06-08,2026-06-08,FO,NSE,IDO,78129,,MIDCPNIFTY,,2026-06-30,2026-06-30,11700.00,CE,MIDCPNIFTY26JUN11700CE,0.00,0.00,0.00,952.60,0.00,952.60,13994.75,2338.00,0,0,0,0.00,0,F1,120,,,,,
2026-06-08,2026-06-08,FO,NSE,IDO,78299,,MIDCPNIFTY,,2026-06-30,2026-06-30,12450.00,CE,MIDCPNIFTY26JUN12450CE,0.00,0.00,0.00,539.60,0.00,539.60,13994.75,1595.90,0,0,0,0.00,0,F1,120,,,,,
2026-06-08,2026-06-08,FO,NSE,IDO,78311,,MIDCPNIFTY,,2026-06-30,2026-06-30,12600.00,CE,MIDCPNIFTY26JUN12600CE,0.00,0.00,0.00,475.15,0.00,475.15,13994.75,1450.40,0,0,0,0.00,0,F1,120,,,,,
2026-06-08,2026-06-08,FO,NSE,IDO,78489,,MIDCPNIFTY,,2026-06-30,2026-06-30,13200.00,CE,MIDCPNIFTY26JUN13200CE,0.00,0.00,0.00,1190.00,1190.00,1190.00,13994.75,900.90,120,0,0,0.00,0,F1,120,,,,,
2026-06-08,2026-06-08,FO,NSE,IDO,78517,,MIDCPNIFTY,,2026-06-30,2026-06-30,13275.00,CE,MIDCPNIFTY26JUN13275CE,0.00,0.00,0.00,253.50,0.00,253.50,13994.75,838.15,0,0,0,0.00,0,F1,120,,,,,
2026-06-08,2026-06-08,FO,NSE,IDO,78585,,MIDCPNIFTY,,2026-06-30,2026-06-30,13475.00,CE,MIDCPNIFTY26JUN13475CE,0.00,0.00,0.00,207.60,0.00,207.60,13994.75,680.40,0,0,0,0.00,0,F1,120,,,,,
2026-06-08,2026-06-08,FO,NSE,IDO,78618,,MIDCPNIFTY,,2026-06-30,2026-06-30,13650.00,CE,MIDCPNIFTY26JUN13650CE,0.00,0.00,0.00,172.30,0.00,172.30,13994.75,555.30,0,0,0,0.00,0,F1,120,,,,,
2026-06-08,2026-06-08,FO,NSE,IDO,78642,,MIDCPNIFTY,,2026-06-30,2026-06-30,13950.00,CE,MIDCPNIFTY26JUN13950CE,332.30,435.00,315.85,335.95,325.00,438.15,13994.75,335.95,7680,5160,239,410212410.00,208,F1,120,,,,,
2026-06-08,2026-06-08,FO,NSE,IDO,78648,,MIDCPNIFTY,,2026-06-30,2026-06-30,14025.00,CE,MIDCPNIFTY26JUN14025CE,294.15,397.60,278.95,305.85,286.55,389.20,13994.75,305.85,11880,7560,563,970605960.00,505,F1,120,,,,,
2026-06-08,2026-06-08,FO,NSE,IDO,78656,,MIDCPNIFTY,,2026-06-30,2026-06-30,14125.00,CE,MIDCPNIFTY26JUN14125CE,245.50,337.35,235.50,258.15,242.45,325.40,13994.75,258.15,8280,720,350,605817492.00,336,F1,120,,,,,
2026-06-08,2026-06-08,FO,NSE,IDO,40738,,MIDCPNIFTY,,2026-06-30,2026-06-30,15025.00,CE,MIDCPNIFTY26JUN15025CE,33.70,36.20,32.25,32.65,32.65,39.75,13994.75,51.40,3240,-120,12,21685002.00,10,F1,120,,,,,
2026-06-08,2026-06-08,FO,NSE,IDO,40740,,MIDCPNIFTY,,2026-06-30,2026-06-30,15050.00,CE,MIDCPNIFTY26JUN15050CE,27.60,37.00,27.60,31.00,31.00,36.20,13994.75,48.55,2520,120,7,12667770.00,7,F1,120,,,,,
2026-06-08,2026-06-08,FO,NSE,IDO,40742,,MIDCPNIFTY,,2026-06-30,2026-06-30,15075.00,CE,MIDCPNIFTY26JUN15075CE,29.00,34.80,22.90,23.75,23.00,34.25,13994.75,23.75,1320,120,11,19934376.00,10,F1,120,,,,,
2026-06-08,2026-06-08,FO,NSE,IDO,40747,,MIDCPNIFTY,,2026-06-30,2026-06-30,15125.00,CE,MIDCPNIFTY26JUN15125CE,25.00,26.25,23.75,23.75,23.75,34.05,13994.75,40.75,960,-240,5,9090000.00,5,F1,120,,,,,
2026-06-08,2026-06-08,FO,NSE,IDO,78787,,MIDCPNIFTY,,2026-06-30,2026-06-30,15300.00,CE,MIDCPNIFTY26JUN15300CE,11.35,18.90,10.00,11.25,11.00,17.20,13994.75,11.25,103200,-21360,1735,3188630886.00,1071,F1,120,,,,,
2026-06-08,2026-06-08,FO,NSE,IDO,40783,,MIDCPNIFTY,,2026-06-30,2026-06-30,15450.00,CE,MIDCPNIFTY26JUN15450CE,10.25,11.55,6.75,6.75,6.75,11.35,13994.75,6.75,2880,-720,13,24117396.00,9,F1,120,,,,,
2026-06-08,2026-06-08,FO,NSE,IDO,78801,,MIDCPNIFTY,,2026-06-30,2026-06-30,15600.00,CE,MIDCPNIFTY26JUN15600CE,5.55,7.80,4.40,4.75,4.40,7.10,13994.75,4.75,16440,1560,127,237836166.00,66,F1,120,,,,,
2026-06-08,2026-06-08,FO,NSE,IDO,78834,,MIDCPNIFTY,,2026-06-30,2026-06-30,16200.00,CE,MIDCPNIFTY26JUN16200CE,2.40,2.60,1.85,2.15,1.85,2.40,13994.75,2.15,7080,-120,47,91380342.00,25,F1,120,,,,,
2026-06-08,2026-06-08,FO,NSE,IDO,63359,,MIDCPNIFTY,,2026-07-28,2026-07-28,12850.00,CE,MIDCPNIFTY26JUL12850CE,0.00,0.00,0.00,1499.00,0.00,1499.00,13994.75,1346.80,0,0,0,0.00,0,F1,120,,,,,
2026-06-08,2026-06-08,FO,NSE,IDO,63375,,MIDCPNIFTY,,2026-07-28,2026-07-28,13050.00,CE,MIDCPNIFTY26JUL13050CE,0.00,0.00,0.00,1350.65,0.00,1350.65,13994.75,1182.70,0,0,0,0.00,0,F1,120,,,,,
2026-06-08,2026-06-08,FO,NSE,IDO,63377,,MIDCPNIFTY,,2026-07-28,2026-07-28,13075.00,CE,MIDCPNIFTY26JUL13075CE,0.00,0.00,0.00,1332.55,0.00,1332.55,13994.75,1162.85,0,0,0,0.00,0,F1,120,,,,,
2026-06-08,2026-06-08,FO,NSE,IDO,63383,,MIDCPNIFTY,,2026-07-28,2026-07-28,13150.00,CE,MIDCPNIFTY26JUL13150CE,0.00,0.00,0.00,1279.15,0.00,1279.15,13994.75,1104.15,0,0,0,0.00,0,F1,120,,,,,
2026-06-08,2026-06-08,FO,NSE,IDO,63421,,MIDCPNIFTY,,2026-07-28,2026-07-28,13625.00,CE,MIDCPNIFTY26JUL13625CE,0.00,0.00,0.00,969.20,0.00,969.20,13994.75,767.85,0,0,0,0.00,0,F1,120,,,,,
2026-06-08,2026-06-08,FO,NSE,IDO,63435,,MIDCPNIFTY,,2026-07-28,2026-07-28,13800.00,CE,MIDCPNIFTY26JUL13800CE,0.00,0.00,0.00,868.15,0.00,868.15,13994.75,661.10,0,0,0,0.00,0,F1,120,,,,,
2026-06-08,2026-06-08,FO,NSE,IDO,63493,,MIDCPNIFTY,,2026-07-28,2026-07-28,14475.00,CE,MIDCPNIFTY26JUL14475CE,0.00,0.00,0.00,544.65,0.00,544.65,13994.75,340.55,0,0,0,0.00,0,F1,120,,,,,
2026-06-08,2026-06-08,FO,NSE,IDO,63503,,MIDCPNIFTY,,2026-07-28,2026-07-28,14600.00,CE,MIDCPNIFTY26JUL14600CE,0.00,0.00,0.00,496.00,0.00,496.00,13994.75,296.60,0,0,0,0.00,0,F1,120,,,,,
2026-06-08,2026-06-08,FO,NSE,IDO,63535,,MIDCPNIFTY,,2026-07-28,2026-07-28,14975.00,CE,MIDCPNIFTY26JUL14975CE,0.00,0.00,0.00,369.60,0.00,369.60,13994.75,191.05,0,0,0,0.00,0,F1,120,,,,,
2026-06-08,2026-06-08,FO,NSE,IDO,63591,,MIDCPNIFTY,,2026-07-28,2026-07-28,15675.00,CE,MIDCPNIFTY26JUL15675CE,0.00,0.00,0.00,202.65,0.00,202.65,13994.75,74.25,0,0,0,0.00,0,F1,120,,,,,
2026-06-08,2026-06-08,FO,NSE,IDO,60349,,MIDCPNIFTY,,2026-08-25,2026-08-25,12650.00,CE,MIDCPNIFTY26AUG12650CE,0.00,0.00,0.00,2276.85,0.00,2276.85,13994.75,1634.55,0,0,0,0.00,0,F1,120,,,,,
2026-06-08,2026-06-08,FO,NSE,IDO,60351,,MIDCPNIFTY,,2026-08-25,2026-08-25,12675.00,CE,MIDCPNIFTY26AUG12675CE,0.00,0.00,0.00,2254.60,0.00,2254.60,13994.75,1613.85,0,0,0,0.00,0,F1,120,,,,,
2026-06-08,2026-06-08,FO,NSE,IDO,60402,,MIDCPNIFTY,,2026-08-25,2026-08-25,13000.00,CE,MIDCPNIFTY26AUG13000CE,0.00,0.00,0.00,1972.55,0.00,1972.55,13994.75,1355.55,0,0,0,0.00,0,F1,120,,,,,
2026-06-08,2026-06-08,FO,NSE,IDO,60461,,MIDCPNIFTY,,2026-08-25,2026-08-25,13525.00,CE,MIDCPNIFTY26AUG13525CE,0.00,0.00,0.00,1549.65,0.00,1549.65,13994.75,985.55,0,0,0,0.00,0,F1,120,,,,,
2026-06-08,2026-06-08,FO,NSE,IDO,60476,,MIDCPNIFTY,,2026-08-25,2026-08-25,13625.00,CE,MIDCPNIFTY26AUG13625CE,0.00,0.00,0.00,1474.50,0.00,1474.50,13994.75,922.60,0,0,0,0.00,0,F1,120,,,,,
2026-06-08,2026-06-08,FO,NSE,IDO,60507,,MIDCPNIFTY,,2026-08-25,2026-08-25,13950.00,CE,MIDCPNIFTY26AUG13950CE,0.00,0.00,0.00,1243.40,0.00,1243.40,13994.75,735.30,0,0,0,0.00,0,F1,120,,,,,
2026-06-08,2026-06-08,FO,NSE,IDO,60559,,MIDCPNIFTY,,2026-08-25,2026-08-25,14400.00,CE,MIDCPNIFTY26AUG14400CE,0.00,0.00,0.00,960.45,0.00,960.45,13994.75,520.40,0,0,0,0.00,0,F1,120,,,,,
