TradDt,BizDt,Sgmt,Src,FinInstrmTp,FinInstrmId,ISIN,TckrSymb,SctySrs,XpryDt,FininstrmActlXpryDt,StrkPric,OptnTp,FinInstrmNm,OpnPric,HghPric,LwPric,ClsPric,LastPric,PrvsClsgPric,UndrlygPric,SttlmPric,OpnIntrst,ChngInOpnIntrst,TtlTradgVol,TtlTrfVal,TtlNbOfTxsExctd,SsnId,NewBrdLotQty,Rmks,Rsvd1,Rsvd2,Rsvd3,Rsvd4
2026-10-01,2026-10-01,FO,NSE,IDO,66800,,NIFTYNXT50,,2026-12-29,2026-12-29,63500.00,CE,NIFTYNXT5026DEC63500CE,0.00,0.00,0.00,7465.15,0.00,7465.15,68981.35,7070.10,0,0,0,0.00,0,F1,25,,,,,
2026-10-01,2026-10-01,FO,NSE,IDO,66822,,NIFTYNXT50,,2026-12-29,2026-12-29,63900.00,CE,NIFTYNXT5026DEC63900CE,0.00,0.00,0.00,7141.70,0.00,7141.70,68981.35,6751.56,0,0,0,0.00,0,F1,25,,,,,
2026-10-01,2026-10-01,FO,NSE,IDO,66824,,NIFTYNXT50,,2026-12-29,2026-12-29,64000.00,CE,NIFTYNXT5026DEC64000CE,0.00,0.00,0.00,7061.85,0.00,7061.85,68981.35,6672.96,0,0,0,0.00,0,F1,25,,,,,
2026-10-01,2026-10-01,FO,NSE,IDO,66981,,NIFTYNXT50,,2026-12-29,2026-12-29,65800.00,CE,NIFTYNXT5026DEC65800CE,0.00,0.00,0.00,5698.90,0.00,5698.90,68981.35,5333.45,0,0,0,0.00,0,F1,25,,,,,
2026-10-01,2026-10-01,FO,NSE,IDO,65711,,NIFTYNXT50,,2026-11-23,2026-11-23,73400.00,CE,NIFTYNXT5026NOV73400CE,0.00,0.00,0.00,4309.55,0.00,4309.55,68981.35,853.46,0,0,0,0.00,0,F1,25,,,,,
2026-10-01,2026-10-01,FO,NSE,IDO,65696,,NIFTYNXT50,,2026-11-23,2026-11-23,73100.00,CE,NIFTYNXT5026NOV73100CE,0.00,0.00,0.00,4486.60,0.00,4486.60,68981.35,923.82,0,0,0,0.00,0,F1,25,,,,,
2026-10-01,2026-10-01,FO,NSE,IDO,65588,,NIFTYNXT50,,2026-11-23,2026-11-23,71700.00,CE,NIFTYNXT5026NOV71700CE,0.00,0.00,0.00,5370.70,0.00,5370.70,68981.35,1336.57,0,0,0,0.00,0,F1,25,,,,,
2026-10-01,2026-10-01,FO,NSE,IDO,65550,,NIFTYNXT50,,2026-11-23,2026-11-23,70200.00,CE,NIFTYNXT5026NOV70200CE,0.00,0.00,0.00,6423.70,0.00,6423.70,68981.35,1917.52,0,0,0,0.00,0,F1,25,,,,,
2026-10-01,2026-10-01,FO,NSE,IDO,65528,,NIFTYNXT50,,2026-11-23,2026-11-23,69100.00,CE,NIFTYNXT5026NOV69100CE,0.00,0.00,0.00,7252.05,0.00,7252.05,68981.35,2443.25,0,0,0,0.00,0,F1,25,,,,,
2026-10-01,2026-10-01,FO,NSE,IDO,65486,,NIFTYNXT50,,2026-11-23,2026-11-23,67800.00,CE,NIFTYNXT5026NOV67800CE,0.00,0.00,0.00,8294.50,0.00,8294.50,68981.35,3176.08,0,0,0,0.00,0,F1,25,,,,,
2026-10-01,2026-10-01,FO,NSE,IDO,65442,,NIFTYNXT50,,2026-11-23,2026-11-23,66200.00,CE,NIFTYNXT5026NOV66200CE,0.00,0.00,0.00,9654.75,0.00,9654.75,68981.35,4242.53,0,0,0,0.00,0,F1,25,,,,,
2026-10-01,2026-10-01,FO,NSE,IDO,65436,,NIFTYNXT50,,2026-11-23,2026-11-23,65900.00,CE,NIFTYNXT5026NOV65900CE,0.00,0.00,0.00,9918.05,0.00,9918.05,68981.35,4461.15,0,0,0,0.00,0,F1,25,,,,,
2026-10-01,2026-10-01,FO,NSE,IDO,65416,,NIFTYNXT50,,2026-11-23,2026-11-23,64900.00,CE,NIFTYNXT5026NOV64900CE,0.00,0.00,0.00,10811.75,0.00,10811.75,68981.35,5224.12,0,0,0,0.00,0,F1,25,,,,,
2026-10-01,2026-10-01,FO,NSE,IDO,65244,,NIFTYNXT50,,2026-11-23,2026-11-23,62900.00,CE,NIFTYNXT5026NOV62900CE,0.00,0.00,0.00,12660.10,0.00,12660.10,68981.35,6907.27,0,0,0,0.00,0,F1,25,,,,,
2026-10-01,2026-10-01,FO,NSE,IDO,38650,,NIFTYNXT50,,2026-11-23,2026-11-23,61900.00,CE,NIFTYNXT5026NOV61900CE,0.00,0.00,0.00,12795.90,0.00,12795.90,68981.35,7808.17,0,0,0,0.00,0,F1,25,,,,,
2026-10-01,2026-10-01,FO,NSE,IDO,38648,,NIFTYNXT50,,2026-11-23,2026-11-23,61800.00,CE,NIFTYNXT5026NOV61800CE,0.00,0.00,0.00,12891.20,0.00,12891.20,68981.35,7899.96,0,0,0,0.00,0,F1,25,,,,,
2026-10-01,2026-10-01,FO,NSE,IDO,52318,,NIFTYNXT50,,2026-10-27,2026-10-27,80100.00,CE,NIFTYNXT5026OCT80100CE,0.00,0.00,0.00,963.30,0.00,963.30,68981.35,5.82,0,0,0,0.00,0,F1,25,,,,,
2026-10-01,2026-10-01,FO,NSE,IDO,52306,,NIFTYNXT50,,2026-10-27,2026-10-27,79500.00,CE,NIFTYNXT5026OCT79500CE,0.00,0.00,0.00,1081.50,0.00,1081.50,68981.35,8.87,0,0,0,0.00,0,F1,25,,,,,
2026-10-01,2026-10-01,FO,NSE,IDO,52300,,NIFTYNXT50,,2026-10-27,2026-10-27,79200.00,CE,NIFTYNXT5026OCT79200CE,0.00,0.00,0.00,1147.85,0.00,1147.85,68981.35,10.89,0,0,0,0.00,0,F1,25,,,,,
2026-10-01,2026-10-01,FO,NSE,IDO,52255,,NIFTYNXT50,,2026-10-27,2026-10-27,78400.00,CE,NIFTYNXT5026OCT78400CE,0.00,0.00,0.00,1331.00,0.00,1331.00,68981.35,18.56,0,0,0,0.00,0,F1,25,,,,,
2026-10-01,2026-10-01,FO,NSE,IDO,52234,,NIFTYNXT50,,2026-10-27,2026-10-27,77500.00,CE,NIFTYNXT5026OCT77500CE,0.00,0.00,0.00,1562.60,0.00,1562.60,68981.35,32.89,0,0,0,0.00,0,F1,25,,,,,
2026-10-01,2026-10-01,FO,NSE,IDO,52212,,NIFTYNXT50,,2026-10-27,2026-10-27,76400.00,CE,NIFTYNXT5026OCT76400CE,0.00,0.00,0.00,1893.00,0.00,1893.00,68981.35,63.56,0,0,0,0.00,0,F1,25,,,,,
2026-10-01,2026-10-01,FO,NSE,IDO,52193,,NIFTYNXT50,,2026-10-27,2026-10-27,75600.00,CE,NIFTYNXT5026OCT75600CE,0.00,0.00,0.00,2165.25,0.00,2165.25,68981.35,99.78,0,0,0,0.00,0,F1,25,,,,,
2026-10-01,2026-10-01,FO,NSE,IDO,52173,,NIFTYNXT50,,2026-10-27,2026-10-27,74600.00,CE,NIFTYNXT5026OCT74600CE,0.00,0.00,0.00,2545.60,0.00,2545.60,68981.35,169.52,0,0,0,0.00,0,F1,25,,,,,
2026-10-01,2026-10-01,FO,NSE,IDO,52171,,NIFTYNXT50,,2026-10-27,2026-10-27,74500.00,CE,NIFTYNXT5026OCT74500CE,0.00,0.00,0.00,2586.15,0.00,2586.15,68981.35,178.38,0,0,0,0.00,0,F1,25,,,,,
2026-10-01,2026-10-01,FO,NSE,IDO,52133,,NIFTYNXT50,,2026-10-27,2026-10-27,73000.00,CE,NIFTYNXT5026OCT73000CE,0.00,0.00,0.00,3251.80,0.00,3251.80,68981.35,366.08,0,0,0,0.00,0,F1,25,,,,,
2026-10-01,2026-10-01,FO,NSE,IDO,52131,,NIFTYNXT50,,2026-10-27,2026-10-27,72900.00,CE,NIFTYNXT5026OCT72900CE,0.00,0.00,0.00,3300.05,0.00,3300.05,68981.35,382.91,0,0,0,0.00,0,F1,25,,,,,
2026-10-01,2026-10-01,FO,NSE,IDO,52089,,NIFTYNXT50,,2026-10-27,2026-10-27,72300.00,CE,NIFTYNXT5026OCT72300CE,0.00,0.00,0.00,3600.10,0.00,3600.10,68981.35,497.52,0,0,0,0.00,0,F1,25,,,,,
2026-10-01,2026-10-01,FO,NSE,IDO,52027,,NIFTYNXT50,,2026-10-27,2026-10-27,70300.00,CE,NIFTYNXT5026OCT70300CE,0.00,0.00,0.00,4727.40,0.00,4727.40,68981.35,1083.23,0,0,0,0.00,0,F1,25,,,,,
2026-10-01,2026-10-01,FO,NSE,IDO,52019,,NIFTYNXT50,,2026-10-27,2026-10-27,70100.00,CE,NIFTYNXT5026OCT70100CE,0.00,0.00,0.00,4850.90,0.00,4850.90,68981.35,1161.85,0,0,0,0.00,0,F1,25,,,,,
2026-10-01,2026-10-01,FO,NSE,IDO,52009,,NIFTYNXT50,,2026-10-27,2026-10-27,69700.00,CE,NIFTYNXT5026OCT69700CE,0.00,0.00,0.00,5103.65,0.00,5103.65,68981.35,1331.03,0,0,0,0.00,0,F1,25,,,,,
2026-10-01,2026-10-01,FO,NSE,IDO,51969,,NIFTYNXT50,,2026-10-27,2026-10-27,68500.00,CE,NIFTYNXT5026OCT68500CE,0.00,0.00,0.00,5906.95,0.00,5906.95,68981.35,1937.02,0,0,0,0.00,0,F1,25,,,,,
2026-10-01,2026-10-01,FO,NSE,IDO,51953,,NIFTYNXT50,,2026-10-27,2026-10-27,67900.00,CE,NIFTYNXT5026OCT67900CE,0.00,0.00,0.00,6336.90,0.00,6336.90,68981.35,2295.36,0,0,0,0.00,0,F1,25,,,,,
2026-10-01,2026-10-01,FO,NSE,IDO,51931,,NIFTYNXT50,,2026-10-27,2026-10-27,67200.00,CE,NIFTYNXT5026OCT67200CE,0.00,0.00,0.00,6851.45,0.00,6851.45,68981.35,2758.52,0,0,0,0.00,0,F1,25,,,,,
2026-10-01,2026-10-01,FO,NSE,IDO,51925,,NIFTYNXT50,,2026-10-27,2026-10-27,66900.00,CE,NIFTYNXT5026OCT66900CE,0.00,0.00,0.00,7079.15,0.00,7079.15,68981.35,2971.17,0,0,0,0.00,0,F1,25,,,,,
2026-10-01,2026-10-01,FO,NSE,IDO,51816,,NIFTYNXT50,,2026-10-27,2026-10-27,63400.00,CE,NIFTYNXT5026OCT63400CE,0.00,0.00,0.00,9973.65,0.00,9973.65,68981.35,5935.14,0,0,0,0.00,0,F1,25,,,,,
2026-10-01,2026-10-01,FO,NSE,IDO,51810,,NIFTYNXT50,,2026-10-27,2026-10-27,63100.00,CE,NIFTYNXT5026OCT63100CE,0.00,0.00,0.00,10238.95,0.00,10238.95,68981.35,6217.70,0,0,0,0.00,0,F1,25,,,,,
2026-10-01,2026-10-01,FO,NSE,IDO,51922,,NIFTYNXT50,,2026-10-27,2026-10-27,66700.00,PE,NIFTYNXT5026OCT66700PE,0.00,0.00,0.00,843.75,0.00,843.75,68981.35,558.68,0,0,0,0.00,0,F1,25,,,,,
2026-10-01,2026-10-01,FO,NSE,IDO,51950,,NIFTYNXT50,,2026-10-27,2026-10-27,67700.00,PE,NIFTYNXT5026OCT67700PE,0.00,0.00,0.00,1078.45,0.00,1078.45,68981.35,856.60,0,0,0,0.00,0,F1,25,,,,,
2026-10-01,2026-10-01,FO,NSE,IDO,52136,,NIFTYNXT50,,2026-10-27,2026-10-27,73100.00,PE,NIFTYNXT5026OCT73100PE,0.00,0.00,0.00,3118.65,0.00,3118.65,68981.35,4160.90,0,0,0,0.00,0,F1,25,,,,,
2026-10-01,2026-10-01,FO,NSE,IDO,52138,,NIFTYNXT50,,2026-10-27,2026-10-27,73200.00,PE,NIFTYNXT5026OCT73200PE,0.00,0.00,0.00,3169.90,0.00,3169.90,68981.35,4244.86,0,0,0,0.00,0,F1,25,,,,,
2026-10-01,2026-10-01,FO,NSE,IDO,52162,,NIFTYNXT50,,2026-10-27,2026-10-27,74000.00,PE,NIFTYNXT5026OCT74000PE,0.00,0.00,0.00,3597.20,0.00,3597.20,68981.35,4936.07,0,0,0,0.00,0,F1,25,,,,,
2026-10-01,2026-10-01,FO,NSE,IDO,52174,,NIFTYNXT50,,2026-10-27,2026-10-27,74600.00,PE,NIFTYNXT5026OCT74600PE,0.00,0.00,0.00,3937.70,0.00,3937.70,68981.35,5474.25,0,0,0,0.00,0,F1,25,,,,,
2026-10-01,2026-10-01,FO,NSE,IDO,52182,,NIFTYNXT50,,2026-10-27,2026-10-27,75000.00,PE,NIFTYNXT5026OCT75000PE,0.00,0.00,0.00,4174.05,0.00,4174.05,68981.35,5840.80,0,0,0,0.00,0,F1,25,,,,,
2026-10-01,2026-10-01,FO,NSE,IDO,52211,,NIFTYNXT50,,2026-10-27,2026-10-27,76300.00,PE,NIFTYNXT5026OCT76300PE,0.00,0.00,0.00,4992.10,0.00,4992.10,68981.35,7064.91,0,0,0,0.00,0,F1,25,,,,,
2026-10-01,2026-10-01,FO,NSE,IDO,52229,,NIFTYNXT50,,2026-10-27,2026-10-27,77200.00,PE,NIFTYNXT5026OCT77200PE,0.00,0.00,0.00,5600.90,0.00,5600.90,68981.35,7933.32,0,0,0,0.00,0,F1,25,,,,,
2026-10-01,2026-10-01,FO,NSE,IDO,52241,,NIFTYNXT50,,2026-10-27,2026-10-27,77800.00,PE,NIFTYNXT5026OCT77800PE,0.00,0.00,0.00,6024.95,0.00,6024.95,68981.35,8518.53,0,0,0,0.00,0,F1,25,,,,,
2026-10-01,2026-10-01,FO,NSE,IDO,52315,,NIFTYNXT50,,2026-10-27,2026-10-27,79900.00,PE,NIFTYNXT5026OCT79900PE,0.00,0.00,0.00,7613.95,0.00,7613.95,68981.35,10589.13,0,0,0,0.00,0,F1,25,,,,,
2026-10-01,2026-10-01,FO,NSE,IDO,65241,,NIFTYNXT50,,2026-11-23,2026-11-23,62800.00,PE,NIFTYNXT5026NOV62800PE,0.00,0.00,0.00,112.40,0.00,112.40,68981.35,238.11,0,0,0,0.00,0,F1,25,,,,,
2026-10-01,2026-10-01,FO,NSE,IDO,65435,,NIFTYNXT50,,2026-11-23,2026-11-23,65800.00,PE,NIFTYNXT5026NOV65800PE,0.00,0.00,0.00,319.95,0.00,319.95,68981.35,747.24,0,0,0,0.00,0,F1,25,,,,,
2026-10-01,2026-10-01,FO,NSE,IDO,65479,,NIFTYNXT50,,2026-11-23,2026-11-23,67400.00,PE,NIFTYNXT5026NOV67400PE,0.00,0.00,0.00,516.95,0.00,516.95,68981.35,1225.71,0,0,0,0.00,0,F1,25,,,,,
2026-10-01,2026-10-01,FO,NSE,IDO,65491,,NIFTYNXT50,,2026-11-23,2026-11-23,68000.00,PE,NIFTYNXT5026NOV68000PE,0.00,0.00,0.00,611.10,0.00,611.10,68981.35,1450.02,0,0,0,0.00,0,F1,25,,,,,
2026-10-01,2026-10-01,FO,NSE,IDO,65493,,NIFTYNXT50,,2026-11-23,2026-11-23,68100.00,PE,NIFTYNXT5026NOV68100PE,0.00,0.00,0.00,627.95,0.00,627.95,68981.35,1489.87,0,0,0,0.00,0,F1,25,,,,,
2026-10-01,2026-10-01,FO,NSE,IDO,65561,,NIFTYNXT50,,2026-11-23,2026-11-23,70700.00,PE,NIFTYNXT5026NOV70700PE,0.00,0.00,0.00,1202.90,0.00,1202.90,68981.35,2776.68,0,0,0,0.00,0,F1,25,,,,,
2026-10-01,2026-10-01,FO,NSE,IDO,65573,,NIFTYNXT50,,2026-11-23,2026-11-23,71200.00,PE,NIFTYNXT5026NOV71200PE,0.00,0.00,0.00,1342.40,0.00,1342.40,68981.35,3078.61,0,0,0,0.00,0,F1,25,,,,,
2026-10-01,2026-10-01,FO,NSE,IDO,65575,,NIFTYNXT50,,2026-11-23,2026-11-23,71300.00,PE,NIFTYNXT5026NOV71300PE,0.00,0.00,0.00,1372.30,0.00,1372.30,68981.35,3141.01,0,0,0,0.00,0,F1,25,,,,,
2026-10-01,2026-10-01,FO,NSE,IDO,65673,,NIFTYNXT50,,2026-11-23,2026-11-23,71900.00,PE,NIFTYNXT5026NOV71900PE,0.00,0.00,0.00,1561.60,0.00,1561.60,68981.35,3529.06,0,0,0,0.00,0,F1,25,,,,,
2026-10-01,2026-10-01,FO,NSE,IDO,65677,,NIFTYNXT50,,2026-11-23,2026-11-23,72100.00,PE,NIFTYNXT5026NOV72100PE,0.00,0.00,0.00,1628.50,0.00,1628.50,68981.35,3663.49,0,0,0,0.00,0,F1,25,,,,,
2026-10-01,2026-10-01,FO,NSE,IDO,65714,,NIFTYNXT50,,2026-11-23,2026-11-23,73500.00,PE,NIFTYNXT5026NOV73500PE,0.00,0.00,0.00,2150.70,0.00,2150.70,68981.35,4674.18,0,0,0,0.00,0,F1,25,,,,,
2026-10-01,2026-10-01,FO,NSE,IDO,65759,,NIFTYNXT50,,2026-11-23,2026-11-23,74900.00,PE,NIFTYNXT5026NOV74900PE,0.00,0.00,0.00,2769.75,0.00,2769.75,68981.35,5780.90,0,0,0,0.00,0,F1,25,,,,,
2026-10-01,2026-10-01,FO,NSE,IDO,65815,,NIFTYNXT50,,2026-11-23,2026-11-23,75900.00,PE,NIFTYNXT5026NOV75900PE,0.00,0.00,0.00,3271.25,0.00,3271.25,68981.35,6624.61,0,0,0,0.00,0,F1,25,,,,,
2026-10-01,2026-10-01,FO,NSE,IDO,65829,,NIFTYNXT50,,2026-11-23,2026-11-23,76600.00,PE,NIFTYNXT5026NOV76600PE,0.00,0.00,0.00,3651.65,0.00,3651.65,68981.35,7236.24,0,0,0,0.00,0,F1,25,,,,,
2026-10-01,2026-10-01,FO,NSE,IDO,65831,,NIFTYNXT50,,2026-11-23,2026-11-23,76700.00,PE,NIFTYNXT5026NOV76700PE,0.00,0.00,0.00,3707.90,0.00,3707.90,68981.35,7324.87,0,0,0,0.00,0,F1,25,,,,,
2026-10-01,2026-10-01,FO,NSE,IDO,65845,,NIFTYNXT50,,2026-11-23,2026-11-23,77400.00,PE,NIFTYNXT5026NOV77400PE,0.00,0.00,0.00,4115.10,0.00,4115.10,68981.35,7953.12,0,0,0,0.00,0,F1,25,,,,,
2026-10-01,2026-10-01,FO,NSE,IDO,66738,,NIFTYNXT50,,2026-12-29,2026-12-29,62300.00,PE,NIFTYNXT5026DEC62300PE,0.00,0.00,0.00,397.35,0.00,397.35,68981.35,424.12,0,0,0,0.00,0,F1,25,,,,,
2026-10-01,2026-10-01,FO,NSE,IDO,66801,,NIFTYNXT50,,2026-12-29,2026-12-29,63500.00,PE,NIFTYNXT5026DEC63500PE,0.00,0.00,0.00,574.60,0.00,574.60,68981.35,613.11,0,0,0,0.00,0,F1,25,,,,,
2026-10-01,2026-10-01,FO,NSE,IDO,52214,,NIFTYNXT50,,2026-10-27,2026-10-27,76500.00,CE,NIFTYNXT5026OCT76500CE,0.00,0.00,0.00,1860.90,0.00,1860.90,68981.35,59.98,0,0,0,0.00,0,F1,25,,,,,
2026-10-01,2026-10-01,FO,NSE,IDO,52314,,NIFTYNXT50,,2026-10-27,2026-10-27,79900.00,CE,NIFTYNXT5026OCT79900CE,0.00,0.00,0.00,1001.45,0.00,1001.45,68981.35,6.71,0,0,0,0.00,0,F1,25,,,,,
2026-10-01,2026-10-01,FO,NSE,IDO,52316,,NIFTYNXT50,,2026-10-27,2026-10-27,80000.00,CE,NIFTYNXT5026OCT80000CE,0.00,0.00,0.00,982.20,0.00,982.20,68981.35,6.25,0,0,0,0.00,0,F1,25,,,,,
2026-10-01,2026-10-01,FO,NSE,IDO,52352,,NIFTYNXT50,,2026-10-27,2026-10-27,81500.00,CE,NIFTYNXT5026OCT81500CE,0.00,0.00,0.00,728.60,0.00,728.60,68981.35,2.08,0,0,0,0.00,0,F1,25,,,,,
2026-10-01,2026-10-01,FO,NSE,IDO,52323,,NIFTYNXT50,,2026-10-27,2026-10-27,80300.00,PE,NIFTYNXT5026OCT80300PE,0.00,0.00,0.00,7932.85,0.00,7932.85,68981.35,10985.78,0,0,0,0.00,0,F1,25,,,,,
2026-10-01,2026-10-01,FO,NSE,IDO,65809,,NIFTYNXT50,,2026-11-23,2026-11-23,75600.00,PE,NIFTYNXT5026NOV75600PE,0.00,0.00,0.00,3115.50,0.00,3115.50,68981.35,6367.54,0,0,0,0.00,0,F1,25,,,,,
2026-10-01,2026-10-01,FO,NSE,IDO,67908,,NIFTYNXT50,,2026-12-29,2026-12-29,79000.00,PE,NIFTYNXT5026DEC79000PE,0.00,0.00,0.00,8920.15,0.00,8920.15,68981.35,9257.11,0,0,0,0.00,0,F1,25,,,,,
2026-10-01,2026-10-01,FO,NSE,IDO,67629,,NIFTYNXT50,,2026-12-29,2026-12-29,76500.00,PE,NIFTYNXT5026DEC76500PE,0.00,0.00,0.00,6855.95,0.00,6855.95,68981.35,7151.71,0,0,0,0.00,0,F1,25,,,,,
2026-10-01,2026-10-01,FO,NSE,IDO,67356,,NIFTYNXT50,,2026-12-29,2026-12-29,73300.00,PE,NIFTYNXT5026DEC73300PE,0.00,0.00,0.00,4537.20,0.00,4537.20,68981.35,4766.14,0,0,0,0.00,0,F1,25,,,,,
2026-10-01,2026-10-01,FO,NSE,IDO,38652,,NIFTYNXT50,,2026-11-23,2026-11-23,62100.00,CE,NIFTYNXT5026NOV62100CE,0.00,0.00,0.00,12605.65,0.00,12605.65,68981.35,7625.45,0,0,0,0.00,0,F1,25,,,,,
2026-10-01,2026-10-01,FO,NSE,IDO,65374,,NIFTYNXT50,,2026-11-23,2026-11-23,64200.00,CE,NIFTYNXT5026NOV64200CE,0.00,0.00,0.00,11450.45,0.00,11450.45,68981.35,5792.27,0,0,0,0.00,0,F1,25,,,,,
2026-10-01,2026-10-01,FO,NSE,IDO,65432,,NIFTYNXT50,,2026-11-23,2026-11-23,65700.00,CE,NIFTYNXT5026NOV65700CE,0.00,0.00,0.00,10094.85,0.00,10094.85,68981.35,4607.04,0,0,0,0.00,0,F1,25,,,,,
2026-10-01,2026-10-01,FO,NSE,IDO,65452,,NIFTYNXT50,,2026-11-23,2026-11-23,66700.00,CE,NIFTYNXT5026NOV66700CE,0.00,0.00,0.00,9221.45,0.00,9221.45,68981.35,3888.87,0,0,0,0.00,0,F1,25,,,,,
2026-10-01,2026-10-01,FO,NSE,IDO,65456,,NIFTYNXT50,,2026-11-23,2026-11-23,66900.00,CE,NIFTYNXT5026NOV66900CE,0.00,0.00,0.00,9050.10,0.00,9050.10,68981.35,3753.16,0,0,0,0.00,0,F1,25,,,,,
2026-10-01,2026-10-01,FO,NSE,IDO,65488,,NIFTYNXT50,,2026-11-23,2026-11-23,67900.00,CE,NIFTYNXT5026NOV67900CE,0.00,0.00,0.00,8212.15,0.00,8212.15,68981.35,3115.43,0,0,0,0.00,0,F1,25,,,,,
2026-10-01,2026-10-01,FO,NSE,IDO,65498,,NIFTYNXT50,,2026-11-23,2026-11-23,68400.00,CE,NIFTYNXT5026NOV68400CE,0.00,0.00,0.00,7805.75,0.00,7805.75,68981.35,2822.83,0,0,0,0.00,0,F1,25,,,,,
2026-10-01,2026-10-01,FO,NSE,IDO,65526,,NIFTYNXT50,,2026-11-23,2026-11-23,69000.00,CE,NIFTYNXT5026NOV69000CE,0.00,0.00,0.00,7330.00,0.00,7330.00,68981.35,2495.32,0,0,0,0.00,0,F1,25,,,,,
2026-10-01,2026-10-01,FO,NSE,IDO,65576,,NIFTYNXT50,,2026-11-23,2026-11-23,71400.00,CE,NIFTYNXT5026NOV71400CE,0.00,0.00,0.00,5572.30,0.00,5572.30,68981.35,1440.74,0,0,0,0.00,0,F1,25,,,,,
2026-10-01,2026-10-01,FO,NSE,IDO,65684,,NIFTYNXT50,,2026-11-23,2026-11-23,72500.00,CE,NIFTYNXT5026NOV72500CE,0.00,0.00,0.00,4853.90,0.00,4853.90,68981.35,1086.44,0,0,0,0.00,0,F1,25,,,,,
2026-10-01,2026-10-01,FO,NSE,IDO,65736,,NIFTYNXT50,,2026-11-23,2026-11-23,73900.00,CE,NIFTYNXT5026NOV73900CE,0.00,0.00,0.00,4024.35,0.00,4024.35,68981.35,738.59,0,0,0,0.00,0,F1,25,,,,,
2026-10-01,2026-10-01,FO,NSE,IDO,65738,,NIFTYNXT50,,2026-11-23,2026-11-23,74000.00,CE,NIFTYNXT5026NOV74000CE,0.00,0.00,0.00,3968.80,0.00,3968.80,68981.35,717.61,0,0,0,0.00,0,F1,25,,,,,
2026-10-01,2026-10-01,FO,NSE,IDO,65806,,NIFTYNXT50,,2026-11-23,2026-11-23,75500.00,CE,NIFTYNXT5026NOV75500CE,0.00,0.00,0.00,3195.10,0.00,3195.10,68981.35,456.87,0,0,0,0.00,0,F1,25,,,,,
2026-10-01,2026-10-01,FO,NSE,IDO,65928,,NIFTYNXT50,,2026-11-23,2026-11-23,79500.00,CE,NIFTYNXT5026NOV79500CE,0.00,0.00,0.00,1659.65,0.00,1659.65,68981.35,115.00,0,0,0,0.00,0,F1,25,,,,,
2026-10-01,2026-10-01,FO,NSE,IDO,66698,,NIFTYNXT50,,2026-12-29,2026-12-29,61900.00,CE,NIFTYNXT5026DEC61900CE,0.00,0.00,0.00,8816.00,0.00,8816.00,68981.35,8404.76,0,0,0,0.00,0,F1,25,,,,,
2026-10-01,2026-10-01,FO,NSE,IDO,66846,,NIFTYNXT50,,2026-12-29,2026-12-29,64700.00,CE,NIFTYNXT5026DEC64700CE,0.00,0.00,0.00,6514.15,0.00,6514.15,68981.35,6134.82,0,0,0,0.00,0,F1,25,,,,,
2026-10-01,2026-10-01,FO,NSE,IDO,67013,,NIFTYNXT50,,2026-12-29,2026-12-29,66800.00,CE,NIFTYNXT5026DEC66800CE,0.00,0.00,0.00,5002.35,0.00,5002.35,68981.35,4658.10,0,0,0,0.00,0,F1,25,,,,,
2026-10-01,2026-10-01,FO,NSE,IDO,67015,,NIFTYNXT50,,2026-12-29,2026-12-29,66900.00,CE,NIFTYNXT5026DEC66900CE,0.00,0.00,0.00,4935.75,0.00,4935.75,68981.35,4593.41,0,0,0,0.00,0,F1,25,,,,,
2026-10-01,2026-10-01,FO,NSE,IDO,67029,,NIFTYNXT50,,2026-12-29,2026-12-29,67600.00,CE,NIFTYNXT5026DEC67600CE,0.00,0.00,0.00,4484.05,0.00,4484.05,68981.35,4155.48,0,0,0,0.00,0,F1,25,,,,,
2026-10-01,2026-10-01,FO,NSE,IDO,67228,,NIFTYNXT50,,2026-12-29,2026-12-29,71400.00,CE,NIFTYNXT5026DEC71400CE,0.00,0.00,0.00,2486.60,0.00,2486.60,68981.35,2243.87,0,0,0,0.00,0,F1,25,,,,,
2026-10-01,2026-10-01,FO,NSE,IDO,67261,,NIFTYNXT50,,2026-12-29,2026-12-29,72600.00,CE,NIFTYNXT5026DEC72600CE,0.00,0.00,0.00,2014.10,0.00,2014.10,68981.35,1799.98,0,0,0,0.00,0,F1,25,,,,,
2026-10-01,2026-10-01,FO,NSE,IDO,67575,,NIFTYNXT50,,2026-12-29,2026-12-29,76000.00,CE,NIFTYNXT5026DEC76000CE,0.00,0.00,0.00,1040.70,0.00,1040.70,68981.35,902.33,0,0,0,0.00,0,F1,25,,,,,
2026-10-01,2026-10-01,FO,NSE,IDO,51729,,NIFTYNXT50,,2026-10-27,2026-10-27,59500.00,PE,NIFTYNXT5026OCT59500PE,0.00,0.00,0.00,83.30,0.00,83.30,68981.35,3.37,0,0,0,0.00,0,F1,25,,,,,
2026-10-01,2026-10-01,FO,NSE,IDO,51773,,NIFTYNXT50,,2026-10-27,2026-10-27,61900.00,PE,NIFTYNXT5026OCT61900PE,0.00,0.00,0.00,204.00,0.00,204.00,68981.35,28.99,0,0,0,0.00,0,F1,25,,,,,
2026-10-01,2026-10-01,FO,NSE,IDO,51866,,NIFTYNXT50,,2026-10-27,2026-10-27,64600.00,PE,NIFTYNXT5026OCT64600PE,0.00,0.00,0.00,479.00,0.00,479.00,68981.35,185.60,0,0,0,0.00,0,F1,25,,,,,
2026-10-01,2026-10-01,FO,NSE,IDO,51912,,NIFTYNXT50,,2026-10-27,2026-10-27,66200.00,PE,NIFTYNXT5026OCT66200PE,0.00,0.00,0.00,742.60,0.00,742.60,68981.35,438.76,0,0,0,0.00,0,F1,25,,,,,
2026-10-01,2026-10-01,FO,NSE,IDO,51956,,NIFTYNXT50,,2026-10-27,2026-10-27,68000.00,PE,NIFTYNXT5026OCT68000PE,0.00,0.00,0.00,1155.85,0.00,1155.85,68981.35,965.61,0,0,0,0.00,0,F1,25,,,,,
2026-10-01,2026-10-01,FO,NSE,IDO,52086,,NIFTYNXT50,,2026-10-27,2026-10-27,72100.00,PE,NIFTYNXT5026OCT72100PE,0.00,0.00,0.00,2633.60,0.00,2633.60,68981.35,3356.54,0,0,0,0.00,0,F1,25,,,,,
2026-10-01,2026-10-01,FO,NSE,IDO,52088,,NIFTYNXT50,,2026-10-27,2026-10-27,72200.00,PE,NIFTYNXT5026OCT72200PE,0.00,0.00,0.00,2679.90,0.00,2679.90,68981.35,3433.87,0,0,0,0.00,0,F1,25,,,,,
2026-10-01,2026-10-01,FO,NSE,IDO,52132,,NIFTYNXT50,,2026-10-27,2026-10-27,72900.00,PE,NIFTYNXT5026OCT72900PE,0.00,0.00,0.00,3017.65,0.00,3017.65,68981.35,3994.79,0,0,0,0.00,0,F1,25,,,,,
2026-10-01,2026-10-01,FO,NSE,IDO,52205,,NIFTYNXT50,,2026-10-27,2026-10-27,76100.00,PE,NIFTYNXT5026OCT76100PE,0.00,0.00,0.00,4861.40,0.00,4861.40,68981.35,6873.90,0,0,0,0.00,0,F1,25,,,,,
2026-10-01,2026-10-01,FO,NSE,IDO,52289,,NIFTYNXT50,,2026-10-27,2026-10-27,78900.00,PE,NIFTYNXT5026OCT78900PE,0.00,0.00,0.00,6841.45,0.00,6841.45,68981.35,9599.97,0,0,0,0.00,0,F1,25,,,,,
2026-10-01,2026-10-01,FO,NSE,IDO,52327,,NIFTYNXT50,,2026-10-27,2026-10-27,80400.00,PE,NIFTYNXT5026OCT80400PE,0.00,0.00,0.00,8013.30,0.00,8013.30,68981.35,11085.01,0,0,0,0.00,0,F1,25,,,,,
2026-10-01,2026-10-01,FO,NSE,IDO,65223,,NIFTYNXT50,,2026-11-23,2026-11-23,60000.00,PE,NIFTYNXT5026NOV60000PE,0.00,0.00,0.00,34.70,0.00,34.70,68981.35,60.45,0,0,0,0.00,0,F1,25,,,,,
2026-10-01,2026-10-01,FO,NSE,IDO,65225,,NIFTYNXT50,,2026-11-23,2026-11-23,60500.00,PE,NIFTYNXT5026NOV60500PE,0.00,0.00,0.00,43.50,0.00,43.50,68981.35,79.10,0,0,0,0.00,0,F1,25,,,,,
2026-10-01,2026-10-01,FO,NSE,IDO,38651,,NIFTYNXT50,,2026-11-23,2026-11-23,61900.00,PE,NIFTYNXT5026NOV61900PE,0.00,0.00,0.00,80.30,0.00,80.30,68981.35,158.69,0,0,0,0.00,0,F1,25,,,,,
2026-10-01,2026-10-01,FO,NSE,IDO,35179,,NIFTYNXT50,,2026-11-23,2026-11-23,62300.00,PE,NIFTYNXT5026NOV62300PE,0.00,0.00,0.00,89.75,0.00,89.75,68981.35,190.79,0,0,0,0.00,0,F1,25,,,,,
2026-10-01,2026-10-01,FO,NSE,IDO,65237,,NIFTYNXT50,,2026-11-23,2026-11-23,62600.00,PE,NIFTYNXT5026NOV62600PE,0.00,0.00,0.00,104.05,0.00,104.05,68981.35,218.16,0,0,0,0.00,0,F1,25,,,,,
2026-10-01,2026-10-01,FO,NSE,IDO,65377,,NIFTYNXT50,,2026-11-23,2026-11-23,64300.00,PE,NIFTYNXT5026NOV64300PE,0.00,0.00,0.00,194.50,0.00,194.50,68981.35,438.10,0,0,0,0.00,0,F1,25,,,,,
2026-10-01,2026-10-01,FO,NSE,IDO,65433,,NIFTYNXT50,,2026-11-23,2026-11-23,65700.00,PE,NIFTYNXT5026NOV65700PE,0.00,0.00,0.00,309.95,0.00,309.95,68981.35,722.69,0,0,0,0.00,0,F1,25,,,,,
2026-10-01,2026-10-01,FO,NSE,IDO,65519,,NIFTYNXT50,,2026-11-23,2026-11-23,68600.00,PE,NIFTYNXT5026NOV68600PE,0.00,0.00,0.00,717.65,0.00,717.65,68981.35,1699.81,0,0,0,0.00,0,F1,25,,,,,
2026-10-01,2026-10-01,FO,NSE,IDO,65669,,NIFTYNXT50,,2026-11-23,2026-11-23,71800.00,PE,NIFTYNXT5026NOV71800PE,0.00,0.00,0.00,1528.90,0.00,1528.90,68981.35,3462.78,0,0,0,0.00,0,F1,25,,,,,
2026-10-01,2026-10-01,FO,NSE,IDO,65697,,NIFTYNXT50,,2026-11-23,2026-11-23,73100.00,PE,NIFTYNXT5026NOV73100PE,0.00,0.00,0.00,1991.75,0.00,1991.75,68981.35,4371.54,0,0,0,0.00,0,F1,25,,,,,
2026-10-01,2026-10-01,FO,NSE,IDO,65753,,NIFTYNXT50,,2026-11-23,2026-11-23,74600.00,PE,NIFTYNXT5026NOV74600PE,0.00,0.00,0.00,2628.90,0.00,2628.90,68981.35,5535.60,0,0,0,0.00,0,F1,25,,,,,
2026-10-01,2026-10-01,FO,NSE,IDO,65757,,NIFTYNXT50,,2026-11-23,2026-11-23,74800.00,PE,NIFTYNXT5026NOV74800PE,0.00,0.00,0.00,2722.30,0.00,2722.30,68981.35,5698.71,0,0,0,0.00,0,F1,25,,,,,
2026-10-01,2026-10-01,FO,NSE,IDO,65917,,NIFTYNXT50,,2026-11-23,2026-11-23,79000.00,PE,NIFTYNXT5026NOV79000PE,0.00,0.00,0.00,5129.85,0.00,5129.85,68981.35,9432.11,0,0,0,0.00,0,F1,25,,,,,
2026-10-01,2026-10-01,FO,NSE,IDO,67403,,NIFTYNXT50,,2026-12-29,2026-12-29,74500.00,CE,NIFTYNXT5026DEC74500CE,0.00,0.00,0.00,1408.00,0.00,1408.00,68981.35,1237.68,0,0,0,0.00,0,F1,25,,,,,
2026-10-01,2026-10-01,FO,NSE,IDO,51811,,NIFTYNXT50,,2026-10-27,2026-10-27,63100.00,PE,NIFTYNXT5026OCT63100PE,0.00,0.00,0.00,303.75,0.00,303.75,68981.35,70.81,0,0,0,0.00,0,F1,25,,,,,
2026-10-01,2026-10-01,FO,NSE,IDO,51837,,NIFTYNXT50,,2026-10-27,2026-10-27,63900.00,PE,NIFTYNXT5026OCT63900PE,0.00,0.00,0.00,389.45,0.00,389.45,68981.35,120.79,0,0,0,0.00,0,F1,25,,,,,
2026-10-01,2026-10-01,FO,NSE,IDO,51887,,NIFTYNXT50,,2026-10-27,2026-10-27,65400.00,PE,NIFTYNXT5026OCT65400PE,0.00,0.00,0.00,599.90,0.00,599.90,68981.35,291.20,0,0,0,0.00,0,F1,25,,,,,
2026-10-01,2026-10-01,FO,NSE,IDO,67360,,NIFTYNXT50,,2026-12-29,2026-12-29,73400.00,PE,NIFTYNXT5026DEC73400PE,0.00,0.00,0.00,4602.95,0.00,4602.95,68981.35,4834.15,0,0,0,0.00,0,F1,25,,,,,
2026-10-01,2026-10-01,FO,NSE,IDO,67266,,NIFTYNXT50,,2026-12-29,2026-12-29,72700.00,PE,NIFTYNXT5026DEC72700PE,0.00,0.00,0.00,4152.65,0.00,4152.65,68981.35,4367.89,0,0,0,0.00,0,F1,25,,,,,
2026-10-01,2026-10-01,FO,NSE,IDO,67223,,NIFTYNXT50,,2026-12-29,2026-12-29,71300.00,PE,NIFTYNXT5026DEC71300PE,0.00,0.00,0.00,3324.45,0.00,3324.45,68981.35,3507.35,0,0,0,0.00,0,F1,25,,,,,
2026-10-01,2026-10-01,FO,NSE,IDO,67127,,NIFTYNXT50,,2026-12-29,2026-12-29,70400.00,PE,NIFTYNXT5026DEC70400PE,0.00,0.00,0.00,2845.60,0.00,2845.60,68981.35,3007.73,0,0,0,0.00,0,F1,25,,,,,
2026-10-01,2026-10-01,FO,NSE,IDO,67046,,NIFTYNXT50,,2026-12-29,2026-12-29,68400.00,PE,NIFTYNXT5026DEC68400PE,0.00,0.00,0.00,1936.95,0.00,1936.95,68981.35,2055.17,0,0,0,0.00,0,F1,25,,,,,
2026-10-01,2026-10-01,FO,NSE,IDO,67010,,NIFTYNXT50,,2026-12-29,2026-12-29,66600.00,PE,NIFTYNXT5026DEC66600PE,0.00,0.00,0.00,1301.05,0.00,1301.05,68981.35,1384.44,0,0,0,0.00,0,F1,25,,,,,
2026-10-01,2026-10-01,FO,NSE,IDO,66960,,NIFTYNXT50,,2026-12-29,2026-12-29,65700.00,PE,NIFTYNXT5026DEC65700PE,0.00,0.00,0.00,1048.25,0.00,1048.25,68981.35,1115.94,0,0,0,0.00,0,F1,25,,,,,
2026-10-01,2026-10-01,FO,NSE,IDO,66847,,NIFTYNXT50,,2026-12-29,2026-12-29,64700.00,PE,NIFTYNXT5026DEC64700PE,0.00,0.00,0.00,806.05,0.00,806.05,68981.35,859.39,0,0,0,0.00,0,F1,25,,,,,
2026-10-01,2026-10-01,FO,NSE,IDO,66570,,NIFTYNXT50,,2026-12-29,2026-12-29,60000.00,PE,NIFTYNXT5026DEC60000PE,0.00,0.00,0.00,178.40,0.00,178.40,68981.35,190.17,0,0,0,0.00,0,F1,25,,,,,
2026-10-01,2026-10-01,FO,NSE,IDO,66007,,NIFTYNXT50,,2026-11-23,2026-11-23,80500.00,PE,NIFTYNXT5026NOV80500PE,0.00,0.00,0.00,6179.75,0.00,6179.75,68981.35,10858.16,0,0,0,0.00,0,F1,25,,,,,
2026-10-01,2026-10-01,FO,NSE,IDO,65859,,NIFTYNXT50,,2026-11-23,2026-11-23,77900.00,PE,NIFTYNXT5026NOV77900PE,0.00,0.00,0.00,4419.90,0.00,4419.90,68981.35,8409.49,0,0,0,0.00,0,F1,25,,,,,
2026-10-01,2026-10-01,FO,NSE,IDO,65839,,NIFTYNXT50,,2026-11-23,2026-11-23,77100.00,PE,NIFTYNXT5026NOV77100PE,0.00,0.00,0.00,3937.75,0.00,3937.75,68981.35,7682.25,0,0,0,0.00,0,F1,25,,,,,
2026-10-01,2026-10-01,FO,NSE,IDO,65489,,NIFTYNXT50,,2026-11-23,2026-11-23,67900.00,PE,NIFTYNXT5026NOV67900PE,0.00,0.00,0.00,594.55,0.00,594.55,68981.35,1410.88,0,0,0,0.00,0,F1,25,,,,,
2026-10-01,2026-10-01,FO,NSE,IDO,65453,,NIFTYNXT50,,2026-11-23,2026-11-23,66700.00,PE,NIFTYNXT5026NOV66700PE,0.00,0.00,0.00,421.65,0.00,421.65,68981.35,995.34,0,0,0,0.00,0,F1,25,,,,,
2026-10-01,2026-10-01,FO,NSE,IDO,65449,,NIFTYNXT50,,2026-11-23,2026-11-23,66500.00,PE,NIFTYNXT5026NOV66500PE,0.00,0.00,0.00,397.10,0.00,397.10,68981.35,935.52,0,0,0,0.00,0,F1,25,,,,,
2026-10-01,2026-10-01,FO,NSE,IDO,65445,,NIFTYNXT50,,2026-11-23,2026-11-23,66300.00,PE,NIFTYNXT5026NOV66300PE,0.00,0.00,0.00,373.70,0.00,373.70,68981.35,878.30,0,0,0,0.00,0,F1,25,,,,,
2026-10-01,2026-10-01,FO,NSE,IDO,65425,,NIFTYNXT50,,2026-11-23,2026-11-23,65300.00,PE,NIFTYNXT5026NOV65300PE,0.00,0.00,0.00,272.45,0.00,272.45,68981.35,630.37,0,0,0,0.00,0,F1,25,,,,,
2026-10-01,2026-10-01,FO,NSE,IDO,65413,,NIFTYNXT50,,2026-11-23,2026-11-23,64700.00,PE,NIFTYNXT5026NOV64700PE,0.00,0.00,0.00,223.15,0.00,223.15,68981.35,508.72,0,0,0,0.00,0,F1,25,,,,,
2026-10-01,2026-10-01,FO,NSE,IDO,52415,,NIFTYNXT50,,2026-10-27,2026-10-27,84000.00,PE,NIFTYNXT5026OCT84000PE,0.00,0.00,0.00,11079.85,0.00,11079.85,68981.35,14665.45,0,0,0,0.00,0,F1,25,,,,,
2026-10-01,2026-10-01,FO,NSE,IDO,52367,,NIFTYNXT50,,2026-10-27,2026-10-27,82000.00,PE,NIFTYNXT5026OCT82000PE,0.00,0.00,0.00,9338.40,0.00,9338.40,68981.35,12675.00,0,0,0,0.00,0,F1,25,,,,,
2026-10-01,2026-10-01,FO,NSE,IDO,52305,,NIFTYNXT50,,2026-10-27,2026-10-27,79400.00,PE,NIFTYNXT5026OCT79400PE,0.00,0.00,0.00,7222.30,0.00,7222.30,68981.35,10094.03,0,0,0,0.00,0,F1,25,,,,,
2026-10-01,2026-10-01,FO,NSE,IDO,52279,,NIFTYNXT50,,2026-10-27,2026-10-27,78800.00,PE,NIFTYNXT5026OCT78800PE,0.00,0.00,0.00,6765.65,0.00,6765.65,68981.35,9501.31,0,0,0,0.00,0,F1,25,,,,,
2026-10-01,2026-10-01,FO,NSE,IDO,52247,,NIFTYNXT50,,2026-10-27,2026-10-27,78100.00,PE,NIFTYNXT5026OCT78100PE,0.00,0.00,0.00,6242.10,0.00,6242.10,68981.35,8812.53,0,0,0,0.00,0,F1,25,,,,,
2026-10-01,2026-10-01,FO,NSE,IDO,52168,,NIFTYNXT50,,2026-10-27,2026-10-27,74300.00,PE,NIFTYNXT5026OCT74300PE,0.00,0.00,0.00,3765.30,0.00,3765.30,68981.35,5203.27,0,0,0,0.00,0,F1,25,,,,,
2026-10-01,2026-10-01,FO,NSE,IDO,52152,,NIFTYNXT50,,2026-10-27,2026-10-27,73500.00,PE,NIFTYNXT5026OCT73500PE,0.00,0.00,0.00,3326.50,0.00,3326.50,68981.35,4500.14,0,0,0,0.00,0,F1,25,,,,,
2026-10-01,2026-10-01,FO,NSE,IDO,52144,,NIFTYNXT50,,2026-10-27,2026-10-27,73400.00,PE,NIFTYNXT5026OCT73400PE,0.00,0.00,0.00,3273.80,0.00,3273.80,68981.35,4414.49,0,0,0,0.00,0,F1,25,,,,,
2026-10-01,2026-10-01,FO,NSE,IDO,52126,,NIFTYNXT50,,2026-10-27,2026-10-27,72700.00,PE,NIFTYNXT5026OCT72700PE,0.00,0.00,0.00,2918.90,0.00,2918.90,68981.35,3831.17,0,0,0,0.00,0,F1,25,,,,,
2026-10-01,2026-10-01,FO,NSE,IDO,52076,,NIFTYNXT50,,2026-10-27,2026-10-27,71700.00,PE,NIFTYNXT5026OCT71700PE,0.00,0.00,0.00,2453.25,0.00,2453.25,68981.35,3054.23,0,0,0,0.00,0,F1,25,,,,,
2026-10-01,2026-10-01,FO,NSE,IDO,52064,,NIFTYNXT50,,2026-10-27,2026-10-27,71100.00,PE,NIFTYNXT5026OCT71100PE,0.00,0.00,0.00,2197.55,0.00,2197.55,68981.35,2626.38,0,0,0,0.00,0,F1,25,,,,,
2026-10-01,2026-10-01,FO,NSE,IDO,52049,,NIFTYNXT50,,2026-10-27,2026-10-27,70500.00,PE,NIFTYNXT5026OCT70500PE,0.00,0.00,0.00,1959.50,0.00,1959.50,68981.35,2230.48,0,0,0,0.00,0,F1,25,,,,,
2026-10-01,2026-10-01,FO,NSE,IDO,52008,,NIFTYNXT50,,2026-10-27,2026-10-27,69600.00,PE,NIFTYNXT5026OCT69600PE,0.00,0.00,0.00,1635.20,0.00,1635.20,68981.35,1701.61,0,0,0,0.00,0,F1,25,,,,,
2026-10-01,2026-10-01,FO,NSE,IDO,52000,,NIFTYNXT50,,2026-10-27,2026-10-27,69200.00,PE,NIFTYNXT5026OCT69200PE,1503.45,1503.45,920.00,920.00,920.00,1503.45,68981.35,920.00,25,25,2,3520586.25,2,F1,25,,,,,
2026-10-01,2026-10-01,FO,NSE,IDO,51958,,NIFTYNXT50,,2026-10-27,2026-10-27,68100.00,PE,NIFTYNXT5026OCT68100PE,0.00,0.00,0.00,1182.50,0.00,1182.50,68981.35,1003.94,0,0,0,0.00,0,F1,25,,,,,
2026-10-01,2026-10-01,FO,NSE,IDO,51894,,NIFTYNXT50,,2026-10-27,2026-10-27,65700.00,PE,NIFTYNXT5026OCT65700PE,0.00,0.00,0.00,650.75,0.00,650.75,68981.35,341.15,0,0,0,0.00,0,F1,25,,,,,
2026-10-01,2026-10-01,FO,NSE,IDO,51909,,NIFTYNXT50,,2026-10-27,2026-10-27,66100.00,CE,NIFTYNXT5026OCT66100CE,0.00,0.00,0.00,7703.70,0.00,7703.70,68981.35,3577.23,0,0,0,0.00,0,F1,25,,,,,
2026-10-01,2026-10-01,FO,NSE,IDO,51915,,NIFTYNXT50,,2026-10-27,2026-10-27,66400.00,CE,NIFTYNXT5026OCT66400CE,0.00,0.00,0.00,7466.65,0.00,7466.65,68981.35,3343.97,0,0,0,0.00,0,F1,25,,,,,
2026-10-01,2026-10-01,FO,NSE,IDO,51935,,NIFTYNXT50,,2026-10-27,2026-10-27,67400.00,CE,NIFTYNXT5026OCT67400CE,0.00,0.00,0.00,6701.65,0.00,6701.65,68981.35,2621.39,0,0,0,0.00,0,F1,25,,,,,
2026-10-01,2026-10-01,FO,NSE,IDO,52003,,NIFTYNXT50,,2026-10-27,2026-10-27,69400.00,CE,NIFTYNXT5026OCT69400CE,0.00,0.00,0.00,5298.20,0.00,5298.20,68981.35,1468.55,0,0,0,0.00,0,F1,25,,,,,
2026-10-01,2026-10-01,FO,NSE,IDO,52169,,NIFTYNXT50,,2026-10-27,2026-10-27,74400.00,CE,NIFTYNXT5026OCT74400CE,0.00,0.00,0.00,2627.20,0.00,2627.20,68981.35,187.63,0,0,0,0.00,0,F1,25,,,,,
2026-10-01,2026-10-01,FO,NSE,IDO,52187,,NIFTYNXT50,,2026-10-27,2026-10-27,75300.00,CE,NIFTYNXT5026OCT75300CE,0.00,0.00,0.00,2274.55,0.00,2274.55,68981.35,117.44,0,0,0,0.00,0,F1,25,,,,,
2026-10-01,2026-10-01,FO,NSE,IDO,52198,,NIFTYNXT50,,2026-10-27,2026-10-27,75800.00,CE,NIFTYNXT5026OCT75800CE,0.00,0.00,0.00,2094.55,0.00,2094.55,68981.35,89.34,0,0,0,0.00,0,F1,25,,,,,
2026-10-01,2026-10-01,FO,NSE,IDO,52202,,NIFTYNXT50,,2026-10-27,2026-10-27,76000.00,CE,NIFTYNXT5026OCT76000CE,0.00,0.00,0.00,2025.65,0.00,2025.65,68981.35,79.88,0,0,0,0.00,0,F1,25,,,,,
2026-10-01,2026-10-01,FO,NSE,IDO,52218,,NIFTYNXT50,,2026-10-27,2026-10-27,76700.00,CE,NIFTYNXT5026OCT76700CE,0.00,0.00,0.00,1798.00,0.00,1798.00,68981.35,53.34,0,0,0,0.00,0,F1,25,,,,,
2026-10-01,2026-10-01,FO,NSE,IDO,52232,,NIFTYNXT50,,2026-10-27,2026-10-27,77400.00,CE,NIFTYNXT5026OCT77400CE,0.00,0.00,0.00,1590.65,0.00,1590.65,68981.35,34.98,0,0,0,0.00,0,F1,25,,,,,
2026-10-01,2026-10-01,FO,NSE,IDO,52242,,NIFTYNXT50,,2026-10-27,2026-10-27,77900.00,CE,NIFTYNXT5026OCT77900CE,0.00,0.00,0.00,1454.40,0.00,1454.40,68981.35,25.60,0,0,0,0.00,0,F1,25,,,,,
2026-10-01,2026-10-01,FO,NSE,IDO,52244,,NIFTYNXT50,,2026-10-27,2026-10-27,78000.00,CE,NIFTYNXT5026OCT78000CE,0.00,0.00,0.00,1428.30,0.00,1428.30,68981.35,24.02,0,0,0,0.00,0,F1,25,,,,,
2026-10-01,2026-10-01,FO,NSE,IDO,37537,,NIFTYNXT50,,2026-11-23,2026-11-23,62200.00,CE,NIFTYNXT5026NOV62200CE,0.00,0.00,0.00,12913.60,0.00,12913.60,68981.35,7534.54,0,0,0,0.00,0,F1,25,,,,,
2026-10-01,2026-10-01,FO,NSE,IDO,35212,,NIFTYNXT50,,2026-11-23,2026-11-23,62400.00,CE,NIFTYNXT5026NOV62400CE,0.00,0.00,0.00,12945.90,0.00,12945.90,68981.35,7353.65,0,0,0,0.00,0,F1,25,,,,,
2026-10-01,2026-10-01,FO,NSE,IDO,65390,,NIFTYNXT50,,2026-11-23,2026-11-23,64600.00,CE,NIFTYNXT5026NOV64600CE,0.00,0.00,0.00,11084.25,0.00,11084.25,68981.35,5464.57,0,0,0,0.00,0,F1,25,,,,,
2026-10-01,2026-10-01,FO,NSE,IDO,65422,,NIFTYNXT50,,2026-11-23,2026-11-23,65200.00,CE,NIFTYNXT5026NOV65200CE,0.00,0.00,0.00,10541.20,0.00,10541.20,68981.35,4988.49,0,0,0,0.00,0,F1,25,,,,,
2026-10-01,2026-10-01,FO,NSE,IDO,65490,,NIFTYNXT50,,2026-11-23,2026-11-23,68000.00,CE,NIFTYNXT5026NOV68000CE,0.00,0.00,0.00,8130.15,0.00,8130.15,68981.35,3055.49,0,0,0,0.00,0,F1,25,,,,,
2026-10-01,2026-10-01,FO,NSE,IDO,65494,,NIFTYNXT50,,2026-11-23,2026-11-23,68200.00,CE,NIFTYNXT5026NOV68200CE,0.00,0.00,0.00,7967.25,0.00,7967.25,68981.35,2937.73,0,0,0,0.00,0,F1,25,,,,,
2026-10-01,2026-10-01,FO,NSE,IDO,65530,,NIFTYNXT50,,2026-11-23,2026-11-23,69200.00,CE,NIFTYNXT5026NOV69200CE,0.00,0.00,0.00,7174.50,0.00,7174.50,68981.35,2391.91,0,0,0,0.00,0,F1,25,,,,,
2026-10-01,2026-10-01,FO,NSE,IDO,65534,,NIFTYNXT50,,2026-11-23,2026-11-23,69400.00,CE,NIFTYNXT5026NOV69400CE,0.00,0.00,0.00,7020.50,0.00,7020.50,68981.35,2291.37,0,0,0,0.00,0,F1,25,,,,,
2026-10-01,2026-10-01,FO,NSE,IDO,65694,,NIFTYNXT50,,2026-11-23,2026-11-23,73000.00,CE,NIFTYNXT5026NOV73000CE,0.00,0.00,0.00,4546.60,0.00,4546.60,68981.35,949.50,0,0,0,0.00,0,F1,25,,,,,
2026-10-01,2026-10-01,FO,NSE,IDO,65852,,NIFTYNXT50,,2026-11-23,2026-11-23,77700.00,CE,NIFTYNXT5026NOV77700CE,0.00,0.00,0.00,2259.80,0.00,2259.80,68981.35,220.73,0,0,0,0.00,0,F1,25,,,,,
2026-10-01,2026-10-01,FO,NSE,IDO,66078,,NIFTYNXT50,,2026-11-23,2026-11-23,82000.00,CE,NIFTYNXT5026NOV82000CE,0.00,0.00,0.00,1042.85,0.00,1042.85,68981.35,42.84,0,0,0,0.00,0,F1,25,,,,,
2026-10-01,2026-10-01,FO,NSE,IDO,66128,,NIFTYNXT50,,2026-11-23,2026-11-23,84500.00,CE,NIFTYNXT5026NOV84500CE,0.00,0.00,0.00,627.50,0.00,627.50,68981.35,14.57,0,0,0,0.00,0,F1,25,,,,,
2026-10-01,2026-10-01,FO,NSE,IDO,66745,,NIFTYNXT50,,2026-12-29,2026-12-29,62500.00,CE,NIFTYNXT5026DEC62500CE,0.00,0.00,0.00,8299.40,0.00,8299.40,68981.35,7893.62,0,0,0,0.00,0,F1,25,,,,,
2026-10-01,2026-10-01,FO,NSE,IDO,67023,,NIFTYNXT50,,2026-12-29,2026-12-29,67300.00,CE,NIFTYNXT5026DEC67300CE,0.00,0.00,0.00,4674.55,0.00,4674.55,68981.35,4339.95,0,0,0,0.00,0,F1,25,,,,,
2026-10-01,2026-10-01,FO,NSE,IDO,67047,,NIFTYNXT50,,2026-12-29,2026-12-29,68500.00,CE,NIFTYNXT5026DEC68500CE,0.00,0.00,0.00,3941.10,0.00,3941.10,68981.35,3631.39,0,0,0,0.00,0,F1,25,,,,,
2026-10-01,2026-10-01,FO,NSE,IDO,67049,,NIFTYNXT50,,2026-12-29,2026-12-29,68600.00,CE,NIFTYNXT5026DEC68600CE,0.00,0.00,0.00,3883.40,0.00,3883.40,68981.35,3575.90,0,0,0,0.00,0,F1,25,,,,,
2026-10-01,2026-10-01,FO,NSE,IDO,67232,,NIFTYNXT50,,2026-12-29,2026-12-29,71600.00,CE,NIFTYNXT5026DEC71600CE,0.00,0.00,0.00,2402.75,0.00,2402.75,68981.35,2164.81,0,0,0,0.00,0,F1,25,,,,,
2026-10-01,2026-10-01,FO,NSE,IDO,65733,,NIFTYNXT50,,2026-11-23,2026-11-23,73800.00,CE,NIFTYNXT5026NOV73800CE,0.00,0.00,0.00,4080.40,0.00,4080.40,68981.35,760.06,0,0,0,0.00,0,F1,25,,,,,
2026-10-01,2026-10-01,FO,NSE,IDO,65746,,NIFTYNXT50,,2026-11-23,2026-11-23,74400.00,CE,NIFTYNXT5026NOV74400CE,0.00,0.00,0.00,3751.60,0.00,3751.60,68981.35,638.46,0,0,0,0.00,0,F1,25,,,,,
2026-10-01,2026-10-01,FO,NSE,IDO,65764,,NIFTYNXT50,,2026-11-23,2026-11-23,75200.00,CE,NIFTYNXT5026NOV75200CE,0.00,0.00,0.00,3341.15,0.00,3341.15,68981.35,501.50,0,0,0,0.00,0,F1,25,,,,,
2026-10-01,2026-10-01,FO,NSE,IDO,65834,,NIFTYNXT50,,2026-11-23,2026-11-23,76900.00,CE,NIFTYNXT5026NOV76900CE,0.00,0.00,0.00,2573.20,0.00,2573.20,68981.35,290.15,0,0,0,0.00,0,F1,25,,,,,
2026-10-01,2026-10-01,FO,NSE,IDO,65860,,NIFTYNXT50,,2026-11-23,2026-11-23,78000.00,CE,NIFTYNXT5026NOV78000CE,0.00,0.00,0.00,2149.85,0.00,2149.85,68981.35,198.70,0,0,0,0.00,0,F1,25,,,,,
2026-10-01,2026-10-01,FO,NSE,IDO,66006,,NIFTYNXT50,,2026-11-23,2026-11-23,80500.00,CE,NIFTYNXT5026NOV80500CE,0.00,0.00,0.00,1384.50,0.00,1384.50,68981.35,78.35,0,0,0,0.00,0,F1,25,,,,,
2026-10-01,2026-10-01,FO,NSE,IDO,66700,,NIFTYNXT50,,2026-12-29,2026-12-29,62000.00,CE,NIFTYNXT5026DEC62000CE,0.00,0.00,0.00,8729.10,0.00,8729.10,68981.35,8318.75,0,0,0,0.00,0,F1,25,,,,,
2026-10-01,2026-10-01,FO,NSE,IDO,66788,,NIFTYNXT50,,2026-12-29,2026-12-29,63200.00,CE,NIFTYNXT5026DEC63200CE,0.00,0.00,0.00,7711.65,0.00,7711.65,68981.35,7313.20,0,0,0,0.00,0,F1,25,,,,,
2026-10-01,2026-10-01,FO,NSE,IDO,66811,,NIFTYNXT50,,2026-12-29,2026-12-29,63600.00,CE,NIFTYNXT5026DEC63600CE,0.00,0.00,0.00,7383.70,0.00,7383.70,68981.35,6989.85,0,0,0,0.00,0,F1,25,,,,,
2026-10-01,2026-10-01,FO,NSE,IDO,66984,,NIFTYNXT50,,2026-12-29,2026-12-29,65900.00,CE,NIFTYNXT5026DEC65900CE,0.00,0.00,0.00,5627.25,0.00,5627.25,68981.35,5263.63,0,0,0,0.00,0,F1,25,,,,,
2026-10-01,2026-10-01,FO,NSE,IDO,67017,,NIFTYNXT50,,2026-12-29,2026-12-29,67000.00,CE,NIFTYNXT5026DEC67000CE,0.00,0.00,0.00,4869.70,0.00,4869.70,68981.35,4529.25,0,0,0,0.00,0,F1,25,,,,,
2026-10-01,2026-10-01,FO,NSE,IDO,67091,,NIFTYNXT50,,2026-12-29,2026-12-29,69800.00,CE,NIFTYNXT5026DEC69800CE,0.00,0.00,0.00,3233.40,0.00,3233.40,68981.35,2952.64,0,0,0,0.00,0,F1,25,,,,,
2026-10-01,2026-10-01,FO,NSE,IDO,67272,,NIFTYNXT50,,2026-12-29,2026-12-29,72900.00,CE,NIFTYNXT5026DEC72900CE,0.00,0.00,0.00,1907.15,0.00,1907.15,68981.35,1700.15,0,0,0,0.00,0,F1,25,,,,,
2026-10-01,2026-10-01,FO,NSE,IDO,67864,,NIFTYNXT50,,2026-12-29,2026-12-29,78000.00,CE,NIFTYNXT5026DEC78000CE,0.00,0.00,0.00,675.55,0.00,675.55,68981.35,574.10,0,0,0,0.00,0,F1,25,,,,,
2026-10-01,2026-10-01,FO,NSE,IDO,67922,,NIFTYNXT50,,2026-12-29,2026-12-29,79500.00,CE,NIFTYNXT5026DEC79500CE,0.00,0.00,0.00,478.40,0.00,478.40,68981.35,400.14,0,0,0,0.00,0,F1,25,,,,,
2026-10-01,2026-10-01,FO,NSE,IDO,51765,,NIFTYNXT50,,2026-10-27,2026-10-27,61500.00,PE,NIFTYNXT5026OCT61500PE,0.00,0.00,0.00,177.40,0.00,177.40,68981.35,20.97,0,0,0,0.00,0,F1,25,,,,,
2026-10-01,2026-10-01,FO,NSE,IDO,51805,,NIFTYNXT50,,2026-10-27,2026-10-27,62900.00,PE,NIFTYNXT5026OCT62900PE,0.00,0.00,0.00,284.90,0.00,284.90,68981.35,61.50,0,0,0,0.00,0,F1,25,,,,,
2026-10-01,2026-10-01,FO,NSE,IDO,51813,,NIFTYNXT50,,2026-10-27,2026-10-27,63200.00,PE,NIFTYNXT5026OCT63200PE,0.00,0.00,0.00,313.55,0.00,313.55,68981.35,75.90,0,0,0,0.00,0,F1,25,,,,,
2026-10-01,2026-10-01,FO,NSE,IDO,51829,,NIFTYNXT50,,2026-10-27,2026-10-27,63600.00,PE,NIFTYNXT5026OCT63600PE,0.00,0.00,0.00,355.35,0.00,355.35,68981.35,99.42,0,0,0,0.00,0,F1,25,,,,,
2026-10-01,2026-10-01,FO,NSE,IDO,51848,,NIFTYNXT50,,2026-10-27,2026-10-27,64200.00,PE,NIFTYNXT5026OCT64200PE,0.00,0.00,0.00,426.05,0.00,426.05,68981.35,145.81,0,0,0,0.00,0,F1,25,,,,,
2026-10-01,2026-10-01,FO,NSE,IDO,51890,,NIFTYNXT50,,2026-10-27,2026-10-27,65500.00,PE,NIFTYNXT5026OCT65500PE,0.00,0.00,0.00,616.50,0.00,616.50,68981.35,307.17,0,0,0,0.00,0,F1,25,,,,,
2026-10-01,2026-10-01,FO,NSE,IDO,51926,,NIFTYNXT50,,2026-10-27,2026-10-27,66900.00,PE,NIFTYNXT5026OCT66900PE,0.00,0.00,0.00,886.90,0.00,886.90,68981.35,608.30,0,0,0,0.00,0,F1,25,,,,,
2026-10-01,2026-10-01,FO,NSE,IDO,51970,,NIFTYNXT50,,2026-10-27,2026-10-27,68500.00,PE,NIFTYNXT5026OCT68500PE,0.00,0.00,0.00,1290.70,0.00,1290.70,68981.35,1167.42,0,0,0,0.00,0,F1,25,,,,,
2026-10-01,2026-10-01,FO,NSE,IDO,51976,,NIFTYNXT50,,2026-10-27,2026-10-27,68600.00,PE,NIFTYNXT5026OCT68600PE,0.00,0.00,0.00,1319.70,0.00,1319.70,68981.35,1210.84,0,0,0,0.00,0,F1,25,,,,,
2026-10-01,2026-10-01,FO,NSE,IDO,51978,,NIFTYNXT50,,2026-10-27,2026-10-27,68700.00,PE,NIFTYNXT5026OCT68700PE,0.00,0.00,0.00,1349.20,0.00,1349.20,68981.35,1255.30,0,0,0,0.00,0,F1,25,,,,,
2026-10-01,2026-10-01,FO,NSE,IDO,52004,,NIFTYNXT50,,2026-10-27,2026-10-27,69400.00,PE,NIFTYNXT5026OCT69400PE,0.00,0.00,0.00,1568.40,0.00,1568.40,68981.35,1595.16,0,0,0,0.00,0,F1,25,,,,,
2026-10-01,2026-10-01,FO,NSE,IDO,52134,,NIFTYNXT50,,2026-10-27,2026-10-27,73000.00,PE,NIFTYNXT5026OCT73000PE,0.00,0.00,0.00,3067.90,0.00,3067.90,68981.35,4077.54,0,0,0,0.00,0,F1,25,,,,,
2026-10-01,2026-10-01,FO,NSE,IDO,52142,,NIFTYNXT50,,2026-10-27,2026-10-27,73300.00,PE,NIFTYNXT5026OCT73300PE,0.00,0.00,0.00,3221.60,0.00,3221.60,68981.35,4329.39,0,0,0,0.00,0,F1,25,,,,,
2026-10-01,2026-10-01,FO,NSE,IDO,52235,,NIFTYNXT50,,2026-10-27,2026-10-27,77500.00,PE,NIFTYNXT5026OCT77500PE,0.00,0.00,0.00,5811.15,0.00,5811.15,68981.35,8225.41,0,0,0,0.00,0,F1,25,,,,,
2026-10-01,2026-10-01,FO,NSE,IDO,52267,,NIFTYNXT50,,2026-10-27,2026-10-27,78500.00,PE,NIFTYNXT5026OCT78500PE,0.00,0.00,0.00,6540.40,0.00,6540.40,68981.35,9205.70,0,0,0,0.00,0,F1,25,,,,,
2026-10-01,2026-10-01,FO,NSE,IDO,52309,,NIFTYNXT50,,2026-10-27,2026-10-27,79600.00,PE,NIFTYNXT5026OCT79600PE,0.00,0.00,0.00,7378.00,0.00,7378.00,68981.35,10291.96,0,0,0,0.00,0,F1,25,,,,,
2026-10-01,2026-10-01,FO,NSE,IDO,52317,,NIFTYNXT50,,2026-10-27,2026-10-27,80000.00,PE,NIFTYNXT5026OCT80000PE,0.00,0.00,0.00,7693.20,0.00,7693.20,68981.35,10688.25,0,0,0,0.00,0,F1,25,,,,,
2026-10-01,2026-10-01,FO,NSE,IDO,52321,,NIFTYNXT50,,2026-10-27,2026-10-27,80200.00,PE,NIFTYNXT5026OCT80200PE,0.00,0.00,0.00,7852.65,0.00,7852.65,68981.35,10886.58,0,0,0,0.00,0,F1,25,,,,,
2026-10-01,2026-10-01,FO,NSE,IDO,52401,,NIFTYNXT50,,2026-10-27,2026-10-27,83500.00,PE,NIFTYNXT5026OCT83500PE,0.00,0.00,0.00,10636.80,0.00,10636.80,68981.35,14167.70,0,0,0,0.00,0,F1,25,,,,,
2026-10-01,2026-10-01,FO,NSE,IDO,52419,,NIFTYNXT50,,2026-10-27,2026-10-27,84500.00,PE,NIFTYNXT5026OCT84500PE,0.00,0.00,0.00,11527.40,0.00,11527.40,68981.35,15163.25,0,0,0,0.00,0,F1,25,,,,,
2026-10-01,2026-10-01,FO,NSE,IDO,35213,,NIFTYNXT50,,2026-11-23,2026-11-23,62400.00,PE,NIFTYNXT5026NOV62400PE,0.00,0.00,0.00,93.40,0.00,93.40,68981.35,199.59,0,0,0,0.00,0,F1,25,,,,,
2026-10-01,2026-10-01,FO,NSE,IDO,65255,,NIFTYNXT50,,2026-11-23,2026-11-23,63400.00,PE,NIFTYNXT5026NOV63400PE,0.00,0.00,0.00,140.85,0.00,140.85,68981.35,306.82,0,0,0,0.00,0,F1,25,,,,,
2026-10-01,2026-10-01,FO,NSE,IDO,65417,,NIFTYNXT50,,2026-11-23,2026-11-23,64900.00,PE,NIFTYNXT5026NOV64900PE,0.00,0.00,0.00,238.70,0.00,238.70,68981.35,547.11,0,0,0,0.00,0,F1,25,,,,,
2026-10-01,2026-10-01,FO,NSE,IDO,65421,,NIFTYNXT50,,2026-11-23,2026-11-23,65100.00,PE,NIFTYNXT5026NOV65100PE,0.00,0.00,0.00,255.15,0.00,255.15,68981.35,587.64,0,0,0,0.00,0,F1,25,,,,,
2026-10-01,2026-10-01,FO,NSE,IDO,65427,,NIFTYNXT50,,2026-11-23,2026-11-23,65400.00,PE,NIFTYNXT5026NOV65400PE,0.00,0.00,0.00,281.50,0.00,281.50,68981.35,652.58,0,0,0,0.00,0,F1,25,,,,,
2026-10-01,2026-10-01,FO,NSE,IDO,65455,,NIFTYNXT50,,2026-11-23,2026-11-23,66800.00,PE,NIFTYNXT5026NOV66800PE,0.00,0.00,0.00,434.35,0.00,434.35,68981.35,1026.23,0,0,0,0.00,0,F1,25,,,,,
2026-10-01,2026-10-01,FO,NSE,IDO,65485,,NIFTYNXT50,,2026-11-23,2026-11-23,67700.00,PE,NIFTYNXT5026NOV67700PE,0.00,0.00,0.00,562.50,0.00,562.50,68981.35,1334.72,0,0,0,0.00,0,F1,25,,,,,
2026-10-01,2026-10-01,FO,NSE,IDO,65501,,NIFTYNXT50,,2026-11-23,2026-11-23,68500.00,PE,NIFTYNXT5026NOV68500PE,0.00,0.00,0.00,699.00,0.00,699.00,68981.35,1656.39,0,0,0,0.00,0,F1,25,,,,,
2026-10-01,2026-10-01,FO,NSE,IDO,65537,,NIFTYNXT50,,2026-11-23,2026-11-23,69500.00,PE,NIFTYNXT5026NOV69500PE,0.00,0.00,0.00,902.75,0.00,902.75,68981.35,2122.67,0,0,0,0.00,0,F1,25,,,,,
2026-10-01,2026-10-01,FO,NSE,IDO,65563,,NIFTYNXT50,,2026-11-23,2026-11-23,70800.00,PE,NIFTYNXT5026NOV70800PE,0.00,0.00,0.00,1230.45,0.00,1230.45,68981.35,2835.71,0,0,0,0.00,0,F1,25,,,,,
2026-10-01,2026-10-01,FO,NSE,IDO,65567,,NIFTYNXT50,,2026-11-23,2026-11-23,71000.00,PE,NIFTYNXT5026NOV71000PE,0.00,0.00,0.00,1283.90,0.00,1283.90,68981.35,2955.81,0,0,0,0.00,0,F1,25,,,,,
2026-10-01,2026-10-01,FO,NSE,IDO,65581,,NIFTYNXT50,,2026-11-23,2026-11-23,71600.00,PE,NIFTYNXT5026NOV71600PE,0.00,0.00,0.00,1464.85,0.00,1464.85,68981.35,3332.14,0,0,0,0.00,0,F1,25,,,,,
2026-10-01,2026-10-01,FO,NSE,IDO,65675,,NIFTYNXT50,,2026-11-23,2026-11-23,72000.00,PE,NIFTYNXT5026NOV72000PE,0.00,0.00,0.00,1594.80,0.00,1594.80,68981.35,3595.96,0,0,0,0.00,0,F1,25,,,,,
2026-10-01,2026-10-01,FO,NSE,IDO,65699,,NIFTYNXT50,,2026-11-23,2026-11-23,73200.00,PE,NIFTYNXT5026NOV73200PE,0.00,0.00,0.00,2030.75,0.00,2030.75,68981.35,4448.54,0,0,0,0.00,0,F1,25,,,,,
2026-10-01,2026-10-01,FO,NSE,IDO,65745,,NIFTYNXT50,,2026-11-23,2026-11-23,74300.00,PE,NIFTYNXT5026NOV74300PE,0.00,0.00,0.00,2492.50,0.00,2492.50,68981.35,5294.26,0,0,0,0.00,0,F1,25,,,,,
2026-10-01,2026-10-01,FO,NSE,IDO,65767,,NIFTYNXT50,,2026-11-23,2026-11-23,75300.00,PE,NIFTYNXT5026NOV75300PE,0.00,0.00,0.00,2964.25,0.00,2964.25,68981.35,6113.77,0,0,0,0.00,0,F1,25,,,,,
2026-10-01,2026-10-01,FO,NSE,IDO,65853,,NIFTYNXT50,,2026-11-23,2026-11-23,77700.00,PE,NIFTYNXT5026NOV77700PE,0.00,0.00,0.00,4296.60,0.00,4296.60,68981.35,8226.24,0,0,0,0.00,0,F1,25,,,,,
2026-10-01,2026-10-01,FO,NSE,IDO,66057,,NIFTYNXT50,,2026-11-23,2026-11-23,81000.00,PE,NIFTYNXT5026NOV81000PE,0.00,0.00,0.00,6552.75,0.00,6552.75,68981.35,11339.52,0,0,0,0.00,0,F1,25,,,,,
2026-10-01,2026-10-01,FO,NSE,IDO,66129,,NIFTYNXT50,,2026-11-23,2026-11-23,84500.00,PE,NIFTYNXT5026NOV84500PE,0.00,0.00,0.00,9363.30,0.00,9363.30,68981.35,14757.66,0,0,0,0.00,0,F1,25,,,,,
2026-10-01,2026-10-01,FO,NSE,IDO,66673,,NIFTYNXT50,,2026-12-29,2026-12-29,61000.00,PE,NIFTYNXT5026DEC61000PE,0.00,0.00,0.00,256.80,0.00,256.80,68981.35,273.95,0,0,0,0.00,0,F1,25,,,,,
2026-10-01,2026-10-01,FO,NSE,IDO,66821,,NIFTYNXT50,,2026-12-29,2026-12-29,63800.00,PE,NIFTYNXT5026DEC63800PE,0.00,0.00,0.00,627.05,0.00,627.05,68981.35,668.99,0,0,0,0.00,0,F1,25,,,,,
2026-10-01,2026-10-01,FO,NSE,IDO,66849,,NIFTYNXT50,,2026-12-29,2026-12-29,64800.00,PE,NIFTYNXT5026DEC64800PE,0.00,0.00,0.00,828.05,0.00,828.05,68981.35,882.76,0,0,0,0.00,0,F1,25,,,,,
2026-10-01,2026-10-01,FO,NSE,IDO,66958,,NIFTYNXT50,,2026-12-29,2026-12-29,65600.00,PE,NIFTYNXT5026DEC65600PE,0.00,0.00,0.00,1022.35,0.00,1022.35,68981.35,1088.44,0,0,0,0.00,0,F1,25,,,,,
2026-10-01,2026-10-01,FO,NSE,IDO,67006,,NIFTYNXT50,,2026-12-29,2026-12-29,66400.00,PE,NIFTYNXT5026DEC66400PE,0.00,0.00,0.00,1240.70,0.00,1240.70,68981.35,1320.54,0,0,0,0.00,0,F1,25,,,,,
2026-10-01,2026-10-01,FO,NSE,IDO,67012,,NIFTYNXT50,,2026-12-29,2026-12-29,66700.00,PE,NIFTYNXT5026DEC66700PE,0.00,0.00,0.00,1332.00,0.00,1332.00,68981.35,1417.16,0,0,0,0.00,0,F1,25,,,,,
2026-10-01,2026-10-01,FO,NSE,IDO,67062,,NIFTYNXT50,,2026-12-29,2026-12-29,69200.00,PE,NIFTYNXT5026DEC69200PE,0.00,0.00,0.00,2274.65,0.00,2274.65,68981.35,2409.94,0,0,0,0.00,0,F1,25,,,,,
2026-10-01,2026-10-01,FO,NSE,IDO,67219,,NIFTYNXT50,,2026-12-29,2026-12-29,71100.00,PE,NIFTYNXT5026DEC71100PE,0.00,0.00,0.00,3214.35,0.00,3214.35,68981.35,3392.61,0,0,0,0.00,0,F1,25,,,,,
2026-10-01,2026-10-01,FO,NSE,IDO,67262,,NIFTYNXT50,,2026-12-29,2026-12-29,72600.00,PE,NIFTYNXT5026DEC72600PE,0.00,0.00,0.00,4090.20,0.00,4090.20,68981.35,4303.18,0,0,0,0.00,0,F1,25,,,,,
2026-10-01,2026-10-01,FO,NSE,IDO,65751,,NIFTYNXT50,,2026-11-23,2026-11-23,74500.00,PE,NIFTYNXT5026NOV74500PE,0.00,0.00,0.00,2582.90,0.00,2582.90,68981.35,5454.71,0,0,0,0.00,0,F1,25,,,,,
2026-10-01,2026-10-01,FO,NSE,IDO,67750,,NIFTYNXT50,,2026-12-29,2026-12-29,77000.00,CE,NIFTYNXT5026DEC77000CE,0.00,0.00,0.00,841.85,0.00,841.85,68981.35,722.78,0,0,0,0.00,0,F1,25,,,,,
2026-10-01,2026-10-01,FO,NSE,IDO,67353,,NIFTYNXT50,,2026-12-29,2026-12-29,73200.00,CE,NIFTYNXT5026DEC73200CE,0.00,0.00,0.00,1804.60,0.00,1804.60,68981.35,1604.60,0,0,0,0.00,0,F1,25,,,,,
2026-10-01,2026-10-01,FO,NSE,IDO,67240,,NIFTYNXT50,,2026-12-29,2026-12-29,72000.00,CE,NIFTYNXT5026DEC72000CE,0.00,0.00,0.00,2241.25,0.00,2241.25,68981.35,2012.85,0,0,0,0.00,0,F1,25,,,,,
2026-10-01,2026-10-01,FO,NSE,IDO,67222,,NIFTYNXT50,,2026-12-29,2026-12-29,71300.00,CE,NIFTYNXT5026DEC71300CE,0.00,0.00,0.00,2529.30,0.00,2529.30,68981.35,2284.18,0,0,0,0.00,0,F1,25,,,,,
2026-10-01,2026-10-01,FO,NSE,IDO,67126,,NIFTYNXT50,,2026-12-29,2026-12-29,70400.00,CE,NIFTYNXT5026DEC70400CE,0.00,0.00,0.00,2937.20,0.00,2937.20,68981.35,2670.73,0,0,0,0.00,0,F1,25,,,,,
2026-10-01,2026-10-01,FO,NSE,IDO,67005,,NIFTYNXT50,,2026-12-29,2026-12-29,66400.00,CE,NIFTYNXT5026DEC66400CE,0.00,0.00,0.00,5273.70,0.00,5273.70,68981.35,4922.08,0,0,0,0.00,0,F1,25,,,,,
2026-10-01,2026-10-01,FO,NSE,IDO,67003,,NIFTYNXT50,,2026-12-29,2026-12-29,66300.00,CE,NIFTYNXT5026DEC66300CE,0.00,0.00,0.00,5342.80,0.00,5342.80,68981.35,4989.37,0,0,0,0.00,0,F1,25,,,,,
2026-10-01,2026-10-01,FO,NSE,IDO,66986,,NIFTYNXT50,,2026-12-29,2026-12-29,66000.00,CE,NIFTYNXT5026DEC66000CE,0.00,0.00,0.00,5556.05,0.00,5556.05,68981.35,5194.31,0,0,0,0.00,0,F1,25,,,,,
2026-10-01,2026-10-01,FO,NSE,IDO,66957,,NIFTYNXT50,,2026-12-29,2026-12-29,65600.00,CE,NIFTYNXT5026DEC65600CE,0.00,0.00,0.00,5843.65,0.00,5843.65,68981.35,5477.69,0,0,0,0.00,0,F1,25,,,,,
2026-10-01,2026-10-01,FO,NSE,IDO,66848,,NIFTYNXT50,,2026-12-29,2026-12-29,64800.00,CE,NIFTYNXT5026DEC64800CE,0.00,0.00,0.00,6437.60,0.00,6437.60,68981.35,6059.72,0,0,0,0.00,0,F1,25,,,,,
2026-10-01,2026-10-01,FO,NSE,IDO,66826,,NIFTYNXT50,,2026-12-29,2026-12-29,64100.00,CE,NIFTYNXT5026DEC64100CE,0.00,0.00,0.00,6982.35,0.00,6982.35,68981.35,6594.78,0,0,0,0.00,0,F1,25,,,,,
2026-10-01,2026-10-01,FO,NSE,IDO,66704,,NIFTYNXT50,,2026-12-29,2026-12-29,62200.00,CE,NIFTYNXT5026DEC62200CE,0.00,0.00,0.00,8556.30,0.00,8556.30,68981.35,8147.69,0,0,0,0.00,0,F1,25,,,,,
2026-10-01,2026-10-01,FO,NSE,IDO,66702,,NIFTYNXT50,,2026-12-29,2026-12-29,62100.00,CE,NIFTYNXT5026DEC62100CE,0.00,0.00,0.00,8642.55,0.00,8642.55,68981.35,8233.06,0,0,0,0.00,0,F1,25,,,,,
2026-10-01,2026-10-01,FO,NSE,IDO,66612,,NIFTYNXT50,,2026-12-29,2026-12-29,60500.00,CE,NIFTYNXT5026DEC60500CE,0.00,0.00,0.00,10061.30,0.00,10061.30,68981.35,9639.88,0,0,0,0.00,0,F1,25,,,,,
2026-10-01,2026-10-01,FO,NSE,IDO,65883,,NIFTYNXT50,,2026-11-23,2026-11-23,78400.00,CE,NIFTYNXT5026NOV78400CE,0.00,0.00,0.00,2009.60,0.00,2009.60,68981.35,172.32,0,0,0,0.00,0,F1,25,,,,,
2026-10-01,2026-10-01,FO,NSE,IDO,65840,,NIFTYNXT50,,2026-11-23,2026-11-23,77200.00,CE,NIFTYNXT5026NOV77200CE,0.00,0.00,0.00,2452.15,0.00,2452.15,68981.35,262.18,0,0,0,0.00,0,F1,25,,,,,
2026-10-01,2026-10-01,FO,NSE,IDO,65824,,NIFTYNXT50,,2026-11-23,2026-11-23,76400.00,CE,NIFTYNXT5026NOV76400CE,0.00,0.00,0.00,2784.40,0.00,2784.40,68981.35,342.45,0,0,0,0.00,0,F1,25,,,,,
2026-10-01,2026-10-01,FO,NSE,IDO,65766,,NIFTYNXT50,,2026-11-23,2026-11-23,75300.00,CE,NIFTYNXT5026NOV75300CE,0.00,0.00,0.00,3291.75,0.00,3291.75,68981.35,486.24,0,0,0,0.00,0,F1,25,,,,,
2026-10-01,2026-10-01,FO,NSE,IDO,65742,,NIFTYNXT50,,2026-11-23,2026-11-23,74200.00,CE,NIFTYNXT5026NOV74200CE,0.00,0.00,0.00,3859.20,0.00,3859.20,68981.35,677.10,0,0,0,0.00,0,F1,25,,,,,
2026-10-01,2026-10-01,FO,NSE,IDO,65680,,NIFTYNXT50,,2026-11-23,2026-11-23,72300.00,CE,NIFTYNXT5026NOV72300CE,0.00,0.00,0.00,4980.25,0.00,4980.25,68981.35,1145.31,0,0,0,0.00,0,F1,25,,,,,
2026-10-01,2026-10-01,FO,NSE,IDO,65562,,NIFTYNXT50,,2026-11-23,2026-11-23,70800.00,CE,NIFTYNXT5026NOV70800CE,0.00,0.00,0.00,5991.10,0.00,5991.10,68981.35,1666.87,0,0,0,0.00,0,F1,25,,,,,
2026-10-01,2026-10-01,FO,NSE,IDO,65546,,NIFTYNXT50,,2026-11-23,2026-11-23,70000.00,CE,NIFTYNXT5026NOV70000CE,0.00,0.00,0.00,6568.35,0.00,6568.35,68981.35,2006.66,0,0,0,0.00,0,F1,25,,,,,
2026-10-01,2026-10-01,FO,NSE,IDO,65538,,NIFTYNXT50,,2026-11-23,2026-11-23,69600.00,CE,NIFTYNXT5026NOV69600CE,0.00,0.00,0.00,6868.15,0.00,6868.15,68981.35,2193.43,0,0,0,0.00,0,F1,25,,,,,
2026-10-01,2026-10-01,FO,NSE,IDO,65450,,NIFTYNXT50,,2026-11-23,2026-11-23,66600.00,CE,NIFTYNXT5026NOV66600CE,0.00,0.00,0.00,9307.55,0.00,9307.55,68981.35,3957.72,0,0,0,0.00,0,F1,25,,,,,
2026-10-01,2026-10-01,FO,NSE,IDO,65448,,NIFTYNXT50,,2026-11-23,2026-11-23,66500.00,CE,NIFTYNXT5026NOV66500CE,0.00,0.00,0.00,9393.95,0.00,9393.95,68981.35,4027.22,0,0,0,0.00,0,F1,25,,,,,
2026-10-01,2026-10-01,FO,NSE,IDO,65430,,NIFTYNXT50,,2026-11-23,2026-11-23,65600.00,CE,NIFTYNXT5026NOV65600CE,0.00,0.00,0.00,10183.65,0.00,10183.65,68981.35,4682.17,0,0,0,0.00,0,F1,25,,,,,
2026-10-01,2026-10-01,FO,NSE,IDO,65380,,NIFTYNXT50,,2026-11-23,2026-11-23,64500.00,CE,NIFTYNXT5026NOV64500CE,0.00,0.00,0.00,11175.50,0.00,11175.50,68981.35,5545.75,0,0,0,0.00,0,F1,25,,,,,
2026-10-01,2026-10-01,FO,NSE,IDO,65378,,NIFTYNXT50,,2026-11-23,2026-11-23,64400.00,CE,NIFTYNXT5026NOV64400CE,0.00,0.00,0.00,11266.95,0.00,11266.95,68981.35,5627.43,0,0,0,0.00,0,F1,25,,,,,
2026-10-01,2026-10-01,FO,NSE,IDO,65248,,NIFTYNXT50,,2026-11-23,2026-11-23,63100.00,CE,NIFTYNXT5026NOV63100CE,0.00,0.00,0.00,12472.25,0.00,12472.25,68981.35,6731.23,0,0,0,0.00,0,F1,25,,,,,
2026-10-01,2026-10-01,FO,NSE,IDO,65236,,NIFTYNXT50,,2026-11-23,2026-11-23,62600.00,CE,NIFTYNXT5026NOV62600CE,0.00,0.00,0.00,12942.90,0.00,12942.90,68981.35,7174.07,0,0,0,0.00,0,F1,25,,,,,
2026-10-01,2026-10-01,FO,NSE,IDO,52414,,NIFTYNXT50,,2026-10-27,2026-10-27,84000.00,CE,NIFTYNXT5026OCT84000CE,0.00,0.00,0.00,428.95,0.00,428.95,68981.35,0.28,0,0,0,0.00,0,F1,25,,,,,
2026-10-01,2026-10-01,FO,NSE,IDO,52302,,NIFTYNXT50,,2026-10-27,2026-10-27,79300.00,CE,NIFTYNXT5026OCT79300CE,0.00,0.00,0.00,1123.45,0.00,1123.45,68981.35,10.18,0,0,0,0.00,0,F1,25,,,,,
2026-10-01,2026-10-01,FO,NSE,IDO,52226,,NIFTYNXT50,,2026-10-27,2026-10-27,77100.00,CE,NIFTYNXT5026OCT77100CE,0.00,0.00,0.00,1677.10,0.00,1677.10,68981.35,42.01,0,0,0,0.00,0,F1,25,,,,,
2026-10-01,2026-10-01,FO,NSE,IDO,52210,,NIFTYNXT50,,2026-10-27,2026-10-27,76300.00,CE,NIFTYNXT5026OCT76300CE,0.00,0.00,0.00,1925.55,0.00,1925.55,68981.35,67.34,0,0,0,0.00,0,F1,25,,,,,
2026-10-01,2026-10-01,FO,NSE,IDO,52200,,NIFTYNXT50,,2026-10-27,2026-10-27,75900.00,CE,NIFTYNXT5026OCT75900CE,0.00,0.00,0.00,2059.90,0.00,2059.90,68981.35,84.49,0,0,0,0.00,0,F1,25,,,,,
2026-10-01,2026-10-01,FO,NSE,IDO,52163,,NIFTYNXT50,,2026-10-27,2026-10-27,74100.00,CE,NIFTYNXT5026OCT74100CE,0.00,0.00,0.00,2753.15,0.00,2753.15,68981.35,217.87,0,0,0,0.00,0,F1,25,,,,,
2026-10-01,2026-10-01,FO,NSE,IDO,52052,,NIFTYNXT50,,2026-10-27,2026-10-27,70700.00,CE,NIFTYNXT5026OCT70700CE,0.00,0.00,0.00,4486.25,0.00,4486.25,68981.35,937.60,0,0,0,0.00,0,F1,25,,,,,
2026-10-01,2026-10-01,FO,NSE,IDO,52015,,NIFTYNXT50,,2026-10-27,2026-10-27,70000.00,CE,NIFTYNXT5026OCT70000CE,1000.00,1000.00,800.00,800.00,800.00,1231.00,68981.35,800.00,75,50,3,5320000.00,3,F1,25,,,,,
2026-10-01,2026-10-01,FO,NSE,IDO,52011,,NIFTYNXT50,,2026-10-27,2026-10-27,69800.00,CE,NIFTYNXT5026OCT69800CE,0.00,0.00,0.00,5039.75,0.00,5039.75,68981.35,1287.23,0,0,0,0.00,0,F1,25,,,,,
2026-10-01,2026-10-01,FO,NSE,IDO,51987,,NIFTYNXT50,,2026-10-27,2026-10-27,68900.00,CE,NIFTYNXT5026OCT68900CE,0.00,0.00,0.00,5631.80,0.00,5631.80,68981.35,1718.60,0,0,0,0.00,0,F1,25,,,,,
2026-10-01,2026-10-01,FO,NSE,IDO,51929,,NIFTYNXT50,,2026-10-27,2026-10-27,67100.00,CE,NIFTYNXT5026OCT67100CE,0.00,0.00,0.00,6926.95,0.00,6926.95,68981.35,2828.49,0,0,0,0.00,0,F1,25,,,,,
2026-10-01,2026-10-01,FO,NSE,IDO,51907,,NIFTYNXT50,,2026-10-27,2026-10-27,66000.00,CE,NIFTYNXT5026OCT66000CE,0.00,0.00,0.00,7783.50,0.00,7783.50,68981.35,3656.55,0,0,0,0.00,0,F1,25,,,,,
2026-10-01,2026-10-01,FO,NSE,IDO,51895,,NIFTYNXT50,,2026-10-27,2026-10-27,65800.00,CE,NIFTYNXT5026OCT65800CE,0.00,0.00,0.00,7944.10,0.00,7944.10,68981.35,3817.44,0,0,0,0.00,0,F1,25,,,,,
2026-10-01,2026-10-01,FO,NSE,IDO,51893,,NIFTYNXT50,,2026-10-27,2026-10-27,65700.00,CE,NIFTYNXT5026OCT65700CE,0.00,0.00,0.00,8024.95,0.00,8024.95,68981.35,3898.97,0,0,0,0.00,0,F1,25,,,,,
2026-10-01,2026-10-01,FO,NSE,IDO,51891,,NIFTYNXT50,,2026-10-27,2026-10-27,65600.00,CE,NIFTYNXT5026OCT65600CE,0.00,0.00,0.00,8106.15,0.00,8106.15,68981.35,3981.22,0,0,0,0.00,0,F1,25,,,,,
2026-10-01,2026-10-01,FO,NSE,IDO,51869,,NIFTYNXT50,,2026-10-27,2026-10-27,64800.00,CE,NIFTYNXT5026OCT64800CE,0.00,0.00,0.00,8768.00,0.00,8768.00,68981.35,4662.58,0,0,0,0.00,0,F1,25,,,,,
2026-10-01,2026-10-01,FO,NSE,IDO,51858,,NIFTYNXT50,,2026-10-27,2026-10-27,64500.00,CE,NIFTYNXT5026OCT64500CE,0.00,0.00,0.00,9021.50,0.00,9021.50,68981.35,4927.69,0,0,0,0.00,0,F1,25,,,,,
2026-10-01,2026-10-01,FO,NSE,IDO,51804,,NIFTYNXT50,,2026-10-27,2026-10-27,62900.00,CE,NIFTYNXT5026OCT62900CE,0.00,0.00,0.00,10417.05,0.00,10417.05,68981.35,6407.54,0,0,0,0.00,0,F1,25,,,,,
2026-10-01,2026-10-01,FO,NSE,IDO,51784,,NIFTYNXT50,,2026-10-27,2026-10-27,62300.00,CE,NIFTYNXT5026OCT62300CE,0.00,0.00,0.00,10956.95,0.00,10956.95,68981.35,6983.06,0,0,0,0.00,0,F1,25,,,,,
2026-10-01,2026-10-01,FO,NSE,IDO,51774,,NIFTYNXT50,,2026-10-27,2026-10-27,62000.00,CE,NIFTYNXT5026OCT62000CE,0.00,0.00,0.00,11229.80,0.00,11229.80,68981.35,7273.62,0,0,0,0.00,0,F1,25,,,,,
2026-10-01,2026-10-01,FO,NSE,IDO,51770,,NIFTYNXT50,,2026-10-27,2026-10-27,61800.00,CE,NIFTYNXT5026OCT61800CE,0.00,0.00,0.00,11412.75,0.00,11412.75,68981.35,7468.18,0,0,0,0.00,0,F1,25,,,,,
2026-10-01,2026-10-01,FO,NSE,IDO,51728,,NIFTYNXT50,,2026-10-27,2026-10-27,59500.00,CE,NIFTYNXT5026OCT59500CE,0.00,0.00,0.00,13564.45,0.00,13564.45,68981.35,9735.10,0,0,0,0.00,0,F1,25,,,,,
2026-10-01,2026-10-01,FO,NSE,IDO,52078,,NIFTYNXT50,,2026-10-27,2026-10-27,71800.00,PE,NIFTYNXT5026OCT71800PE,0.00,0.00,0.00,2497.60,0.00,2497.60,68981.35,3131.48,0,0,0,0.00,0,F1,25,,,,,
2026-10-01,2026-10-01,FO,NSE,IDO,52170,,NIFTYNXT50,,2026-10-27,2026-10-27,74400.00,PE,NIFTYNXT5026OCT74400PE,0.00,0.00,0.00,3822.30,0.00,3822.30,68981.35,5293.20,0,0,0,0.00,0,F1,25,,,,,
2026-10-01,2026-10-01,FO,NSE,IDO,52172,,NIFTYNXT50,,2026-10-27,2026-10-27,74500.00,PE,NIFTYNXT5026OCT74500PE,0.00,0.00,0.00,3879.75,0.00,3879.75,68981.35,5383.52,0,0,0,0.00,0,F1,25,,,,,
2026-10-01,2026-10-01,FO,NSE,IDO,52186,,NIFTYNXT50,,2026-10-27,2026-10-27,75200.00,PE,NIFTYNXT5026OCT75200PE,0.00,0.00,0.00,4295.00,0.00,4295.00,68981.35,6026.10,0,0,0,0.00,0,F1,25,,,,,
2026-10-01,2026-10-01,FO,NSE,IDO,52190,,NIFTYNXT50,,2026-10-27,2026-10-27,75400.00,PE,NIFTYNXT5026OCT75400PE,0.00,0.00,0.00,4417.75,0.00,4417.75,68981.35,6212.63,0,0,0,0.00,0,F1,25,,,,,
2026-10-01,2026-10-01,FO,NSE,IDO,52203,,NIFTYNXT50,,2026-10-27,2026-10-27,76000.00,PE,NIFTYNXT5026OCT76000PE,0.00,0.00,0.00,4796.70,0.00,4796.70,68981.35,6778.71,0,0,0,0.00,0,F1,25,,,,,
2026-10-01,2026-10-01,FO,NSE,IDO,52225,,NIFTYNXT50,,2026-10-27,2026-10-27,77000.00,PE,NIFTYNXT5026OCT77000PE,0.00,0.00,0.00,5462.75,0.00,5462.75,68981.35,7739.25,0,0,0,0.00,0,F1,25,,,,,
2026-10-01,2026-10-01,FO,NSE,IDO,52227,,NIFTYNXT50,,2026-10-27,2026-10-27,77100.00,PE,NIFTYNXT5026OCT77100PE,0.00,0.00,0.00,5531.65,0.00,5531.65,68981.35,7836.22,0,0,0,0.00,0,F1,25,,,,,
2026-10-01,2026-10-01,FO,NSE,IDO,52341,,NIFTYNXT50,,2026-10-27,2026-10-27,81000.00,PE,NIFTYNXT5026OCT81000PE,0.00,0.00,0.00,8502.15,0.00,8502.15,68981.35,11680.82,0,0,0,0.00,0,F1,25,,,,,
2026-10-01,2026-10-01,FO,NSE,IDO,37538,,NIFTYNXT50,,2026-11-23,2026-11-23,62200.00,PE,NIFTYNXT5026NOV62200PE,0.00,0.00,0.00,82.85,0.00,82.85,68981.35,182.31,0,0,0,0.00,0,F1,25,,,,,
2026-10-01,2026-10-01,FO,NSE,IDO,65233,,NIFTYNXT50,,2026-11-23,2026-11-23,62500.00,PE,NIFTYNXT5026NOV62500PE,0.00,0.00,0.00,100.05,0.00,100.05,68981.35,208.71,0,0,0,0.00,0,F1,25,,,,,
2026-10-01,2026-10-01,FO,NSE,IDO,65239,,NIFTYNXT50,,2026-11-23,2026-11-23,62700.00,PE,NIFTYNXT5026NOV62700PE,0.00,0.00,0.00,108.15,0.00,108.15,68981.35,227.96,0,0,0,0.00,0,F1,25,,,,,
2026-10-01,2026-10-01,FO,NSE,IDO,65379,,NIFTYNXT50,,2026-11-23,2026-11-23,64400.00,PE,NIFTYNXT5026NOV64400PE,0.00,0.00,0.00,201.35,0.00,201.35,68981.35,455.01,0,0,0,0.00,0,F1,25,,,,,
2026-10-01,2026-10-01,FO,NSE,IDO,65471,,NIFTYNXT50,,2026-11-23,2026-11-23,67000.00,PE,NIFTYNXT5026NOV67000PE,0.00,0.00,0.00,460.65,0.00,460.65,68981.35,1090.02,0,0,0,0.00,0,F1,25,,,,,
2026-10-01,2026-10-01,FO,NSE,IDO,65481,,NIFTYNXT50,,2026-11-23,2026-11-23,67500.00,PE,NIFTYNXT5026NOV67500PE,0.00,0.00,0.00,531.80,0.00,531.80,68981.35,1261.35,0,0,0,0.00,0,F1,25,,,,,
2026-10-01,2026-10-01,FO,NSE,IDO,65531,,NIFTYNXT50,,2026-11-23,2026-11-23,69200.00,PE,NIFTYNXT5026NOV69200PE,0.00,0.00,0.00,837.55,0.00,837.55,68981.35,1975.43,0,0,0,0.00,0,F1,25,,,,,
2026-10-01,2026-10-01,FO,NSE,IDO,65547,,NIFTYNXT50,,2026-11-23,2026-11-23,70000.00,PE,NIFTYNXT5026NOV70000PE,0.00,0.00,0.00,1019.55,0.00,1019.55,68981.35,2382.83,0,0,0,0.00,0,F1,25,,,,,
2026-10-01,2026-10-01,FO,NSE,IDO,65555,,NIFTYNXT50,,2026-11-23,2026-11-23,70400.00,PE,NIFTYNXT5026NOV70400PE,0.00,0.00,0.00,1123.00,0.00,1123.00,68981.35,2603.70,0,0,0,0.00,0,F1,25,,,,,
2026-10-01,2026-10-01,FO,NSE,IDO,65729,,NIFTYNXT50,,2026-11-23,2026-11-23,73600.00,PE,NIFTYNXT5026NOV73600PE,0.00,0.00,0.00,2191.70,0.00,2191.70,68981.35,4750.44,0,0,0,0.00,0,F1,25,,,,,
2026-10-01,2026-10-01,FO,NSE,IDO,65741,,NIFTYNXT50,,2026-11-23,2026-11-23,74100.00,PE,NIFTYNXT5026NOV74100PE,0.00,0.00,0.00,2404.05,0.00,2404.05,68981.35,5135.67,0,0,0,0.00,0,F1,25,,,,,
2026-10-01,2026-10-01,FO,NSE,IDO,65765,,NIFTYNXT50,,2026-11-23,2026-11-23,75200.00,PE,NIFTYNXT5026NOV75200PE,0.00,0.00,0.00,2915.10,0.00,2915.10,68981.35,6029.95,0,0,0,0.00,0,F1,25,,,,,
2026-10-01,2026-10-01,FO,NSE,IDO,65776,,NIFTYNXT50,,2026-11-23,2026-11-23,75400.00,PE,NIFTYNXT5026NOV75400PE,0.00,0.00,0.00,3014.15,0.00,3014.15,68981.35,6197.98,0,0,0,0.00,0,F1,25,,,,,
2026-10-01,2026-10-01,FO,NSE,IDO,65819,,NIFTYNXT50,,2026-11-23,2026-11-23,76100.00,PE,NIFTYNXT5026NOV76100PE,0.00,0.00,0.00,3377.50,0.00,3377.50,68981.35,6797.73,0,0,0,0.00,0,F1,25,,,,,
2026-10-01,2026-10-01,FO,NSE,IDO,65849,,NIFTYNXT50,,2026-11-23,2026-11-23,77500.00,PE,NIFTYNXT5026NOV77500PE,0.00,0.00,0.00,4175.15,0.00,4175.15,68981.35,8043.91,0,0,0,0.00,0,F1,25,,,,,
2026-10-01,2026-10-01,FO,NSE,IDO,65872,,NIFTYNXT50,,2026-11-23,2026-11-23,78200.00,PE,NIFTYNXT5026NOV78200PE,0.00,0.00,0.00,4608.25,0.00,4608.25,68981.35,8686.02,0,0,0,0.00,0,F1,25,,,,,
2026-10-01,2026-10-01,FO,NSE,IDO,65931,,NIFTYNXT50,,2026-11-23,2026-11-23,79500.00,PE,NIFTYNXT5026NOV79500PE,0.00,0.00,0.00,5469.75,0.00,5469.75,68981.35,9903.99,0,0,0,0.00,0,F1,25,,,,,
2026-10-01,2026-10-01,FO,NSE,IDO,66079,,NIFTYNXT50,,2026-11-23,2026-11-23,82000.00,PE,NIFTYNXT5026NOV82000PE,0.00,0.00,0.00,7315.75,0.00,7315.75,68981.35,12308.88,0,0,0,0.00,0,F1,25,,,,,
2026-10-01,2026-10-01,FO,NSE,IDO,66099,,NIFTYNXT50,,2026-11-23,2026-11-23,83000.00,PE,NIFTYNXT5026NOV83000PE,0.00,0.00,0.00,8113.50,0.00,8113.50,68981.35,13284.99,0,0,0,0.00,0,F1,25,,,,,
2026-10-01,2026-10-01,FO,NSE,IDO,66823,,NIFTYNXT50,,2026-12-29,2026-12-29,63900.00,PE,NIFTYNXT5026DEC63900PE,0.00,0.00,0.00,645.30,0.00,645.30,68981.35,688.43,0,0,0,0.00,0,F1,25,,,,,
2026-10-01,2026-10-01,FO,NSE,IDO,66985,,NIFTYNXT50,,2026-12-29,2026-12-29,65900.00,PE,NIFTYNXT5026DEC65900PE,0.00,0.00,0.00,1101.50,0.00,1101.50,68981.35,1169.77,0,0,0,0.00,0,F1,25,,,,,
2026-10-01,2026-10-01,FO,NSE,IDO,66987,,NIFTYNXT50,,2026-12-29,2026-12-29,66000.00,PE,NIFTYNXT5026DEC66000PE,0.00,0.00,0.00,1128.85,0.00,1128.85,68981.35,1198.91,0,0,0,0.00,0,F1,25,,,,,
2026-10-01,2026-10-01,FO,NSE,IDO,67032,,NIFTYNXT50,,2026-12-29,2026-12-29,67700.00,PE,NIFTYNXT5026DEC67700PE,0.00,0.00,0.00,1669.55,0.00,1669.55,68981.35,1773.56,0,0,0,0.00,0,F1,25,,,,,
2026-10-01,2026-10-01,FO,NSE,IDO,67040,,NIFTYNXT50,,2026-12-29,2026-12-29,68100.00,PE,NIFTYNXT5026DEC68100PE,0.00,0.00,0.00,1819.15,0.00,1819.15,68981.35,1931.20,0,0,0,0.00,0,F1,25,,,,,
2026-10-01,2026-10-01,FO,NSE,IDO,67125,,NIFTYNXT50,,2026-12-29,2026-12-29,70300.00,PE,NIFTYNXT5026DEC70300PE,0.00,0.00,0.00,2795.05,0.00,2795.05,68981.35,2954.90,0,0,0,0.00,0,F1,25,,,,,
2026-10-01,2026-10-01,FO,NSE,IDO,67221,,NIFTYNXT50,,2026-12-29,2026-12-29,71200.00,PE,NIFTYNXT5026DEC71200PE,0.00,0.00,0.00,3269.15,0.00,3269.15,68981.35,3449.72,0,0,0,0.00,0,F1,25,,,,,
2026-10-01,2026-10-01,FO,NSE,IDO,67278,,NIFTYNXT50,,2026-12-29,2026-12-29,72900.00,PE,NIFTYNXT5026DEC72900PE,0.00,0.00,0.00,4278.90,0.00,4278.90,68981.35,4498.74,0,0,0,0.00,0,F1,25,,,,,
2026-10-01,2026-10-01,FO,NSE,IDO,67384,,NIFTYNXT50,,2026-12-29,2026-12-29,73700.00,PE,NIFTYNXT5026DEC73700PE,0.00,0.00,0.00,4803.00,0.00,4803.00,68981.35,5040.92,0,0,0,0.00,0,F1,25,,,,,
2026-10-01,2026-10-01,FO,NSE,IDO,67392,,NIFTYNXT50,,2026-12-29,2026-12-29,74000.00,PE,NIFTYNXT5026DEC74000PE,0.00,0.00,0.00,5007.15,0.00,5007.15,68981.35,5251.71,0,0,0,0.00,0,F1,25,,,,,
2026-10-01,2026-10-01,FO,NSE,IDO,67751,,NIFTYNXT50,,2026-12-29,2026-12-29,77000.00,PE,NIFTYNXT5026DEC77000PE,0.00,0.00,0.00,7253.50,0.00,7253.50,68981.35,7558.37,0,0,0,0.00,0,F1,25,,,,,
2026-10-01,2026-10-01,FO,NSE,IDO,67923,,NIFTYNXT50,,2026-12-29,2026-12-29,79500.00,PE,NIFTYNXT5026DEC79500PE,0.00,0.00,0.00,9353.45,0.00,9353.45,68981.35,9697.33,0,0,0,0.00,0,F1,25,,,,,
2026-10-01,2026-10-01,FO,NSE,IDO,51954,,NIFTYNXT50,,2026-10-27,2026-10-27,67900.00,PE,NIFTYNXT5026OCT67900PE,0.00,0.00,0.00,1129.60,0.00,1129.60,68981.35,928.28,0,0,0,0.00,0,F1,25,,,,,
2026-10-01,2026-10-01,FO,NSE,IDO,52074,,NIFTYNXT50,,2026-10-27,2026-10-27,71600.00,PE,NIFTYNXT5026OCT71600PE,0.00,0.00,0.00,2409.40,0.00,2409.40,68981.35,2980.82,0,0,0,0.00,0,F1,25,,,,,
2026-10-01,2026-10-01,FO,NSE,IDO,52068,,NIFTYNXT50,,2026-10-27,2026-10-27,71300.00,PE,NIFTYNXT5026OCT71300PE,0.00,0.00,0.00,2280.80,0.00,2280.80,68981.35,2765.58,0,0,0,0.00,0,F1,25,,,,,
2026-10-01,2026-10-01,FO,NSE,IDO,52032,,NIFTYNXT50,,2026-10-27,2026-10-27,70400.00,PE,NIFTYNXT5026OCT70400PE,0.00,0.00,0.00,1921.55,0.00,1921.55,68981.35,2167.79,0,0,0,0.00,0,F1,25,,,,,
2026-10-01,2026-10-01,FO,NSE,IDO,52014,,NIFTYNXT50,,2026-10-27,2026-10-27,69900.00,PE,NIFTYNXT5026OCT69900PE,0.00,0.00,0.00,1739.00,0.00,1739.00,68981.35,1868.94,0,0,0,0.00,0,F1,25,,,,,
2026-10-01,2026-10-01,FO,NSE,IDO,52006,,NIFTYNXT50,,2026-10-27,2026-10-27,69500.00,PE,NIFTYNXT5026OCT69500PE,0.00,0.00,0.00,1601.55,0.00,1601.55,68981.35,1647.87,0,0,0,0.00,0,F1,25,,,,,
2026-10-01,2026-10-01,FO,NSE,IDO,52002,,NIFTYNXT50,,2026-10-27,2026-10-27,69300.00,PE,NIFTYNXT5026OCT69300PE,0.00,0.00,0.00,1535.65,0.00,1535.65,68981.35,1543.47,0,0,0,0.00,0,F1,25,,,,,
2026-10-01,2026-10-01,FO,NSE,IDO,51924,,NIFTYNXT50,,2026-10-27,2026-10-27,66800.00,PE,NIFTYNXT5026OCT66800PE,0.00,0.00,0.00,865.15,0.00,865.15,68981.35,584.42,0,0,0,0.00,0,F1,25,,,,,
2026-10-01,2026-10-01,FO,NSE,IDO,67066,,NIFTYNXT50,,2026-12-29,2026-12-29,69400.00,PE,NIFTYNXT5026DEC69400PE,0.00,0.00,0.00,2364.45,0.00,2364.45,68981.35,2504.14,0,0,0,0.00,0,F1,25,,,,,
2026-10-01,2026-10-01,FO,NSE,IDO,67243,,NIFTYNXT50,,2026-12-29,2026-12-29,72100.00,PE,NIFTYNXT5026DEC72100PE,0.00,0.00,0.00,3785.60,0.00,3785.60,68981.35,3987.01,0,0,0,0.00,0,F1,25,,,,,
2026-10-01,2026-10-01,FO,NSE,IDO,51798,,NIFTYNXT50,,2026-10-27,2026-10-27,62700.00,CE,NIFTYNXT5026OCT62700CE,0.00,0.00,0.00,10596.10,0.00,10596.10,68981.35,6598.45,0,0,0,0.00,0,F1,25,,,,,
2026-10-01,2026-10-01,FO,NSE,IDO,52165,,NIFTYNXT50,,2026-10-27,2026-10-27,74200.00,CE,NIFTYNXT5026OCT74200CE,0.00,0.00,0.00,2710.70,0.00,2710.70,68981.35,207.36,0,0,0,0.00,0,F1,25,,,,,
2026-10-01,2026-10-01,FO,NSE,IDO,52181,,NIFTYNXT50,,2026-10-27,2026-10-27,75000.00,CE,NIFTYNXT5026OCT75000CE,0.00,0.00,0.00,2387.95,0.00,2387.95,68981.35,137.76,0,0,0,0.00,0,F1,25,,,,,
2026-10-01,2026-10-01,FO,NSE,IDO,65412,,NIFTYNXT50,,2026-11-23,2026-11-23,64700.00,CE,NIFTYNXT5026NOV64700CE,0.00,0.00,0.00,10993.20,0.00,10993.20,68981.35,5383.90,0,0,0,0.00,0,F1,25,,,,,
2026-10-01,2026-10-01,FO,NSE,IDO,65496,,NIFTYNXT50,,2026-11-23,2026-11-23,68300.00,CE,NIFTYNXT5026NOV68300CE,0.00,0.00,0.00,7886.30,0.00,7886.30,68981.35,2879.92,0,0,0,0.00,0,F1,25,,,,,
2026-10-01,2026-10-01,FO,NSE,IDO,65752,,NIFTYNXT50,,2026-11-23,2026-11-23,74600.00,CE,NIFTYNXT5026NOV74600CE,0.00,0.00,0.00,3646.00,0.00,3646.00,68981.35,601.64,0,0,0,0.00,0,F1,25,,,,,
2026-10-01,2026-10-01,FO,NSE,IDO,66794,,NIFTYNXT50,,2026-12-29,2026-12-29,63300.00,CE,NIFTYNXT5026DEC63300CE,0.00,0.00,0.00,7629.15,0.00,7629.15,68981.35,7231.77,0,0,0,0.00,0,F1,25,,,,,
2026-10-01,2026-10-01,FO,NSE,IDO,66988,,NIFTYNXT50,,2026-12-29,2026-12-29,66100.00,CE,NIFTYNXT5026DEC66100CE,0.00,0.00,0.00,5485.35,0.00,5485.35,68981.35,5125.49,0,0,0,0.00,0,F1,25,,,,,
2026-10-01,2026-10-01,FO,NSE,IDO,67074,,NIFTYNXT50,,2026-12-29,2026-12-29,69700.00,CE,NIFTYNXT5026DEC69700CE,0.00,0.00,0.00,3284.60,0.00,3284.60,68981.35,3001.53,0,0,0,0.00,0,F1,25,,,,,
2026-10-01,2026-10-01,FO,NSE,IDO,51870,,NIFTYNXT50,,2026-10-27,2026-10-27,64800.00,PE,NIFTYNXT5026OCT64800PE,0.00,0.00,0.00,507.30,0.00,507.30,68981.35,208.54,0,0,0,0.00,0,F1,25,,,,,
2026-10-01,2026-10-01,FO,NSE,IDO,65441,,NIFTYNXT50,,2026-11-23,2026-11-23,66100.00,PE,NIFTYNXT5026NOV66100PE,0.00,0.00,0.00,351.40,0.00,351.40,68981.35,826.75,0,0,0,0.00,0,F1,25,,,,,
2026-10-01,2026-10-01,FO,NSE,IDO,65851,,NIFTYNXT50,,2026-11-23,2026-11-23,77600.00,PE,NIFTYNXT5026NOV77600PE,0.00,0.00,0.00,4235.65,0.00,4235.65,68981.35,8134.95,0,0,0,0.00,0,F1,25,,,,,
2026-10-01,2026-10-01,FO,NSE,IDO,66781,,NIFTYNXT50,,2026-12-29,2026-12-29,62900.00,PE,NIFTYNXT5026DEC62900PE,0.00,0.00,0.00,479.70,0.00,479.70,68981.35,511.98,0,0,0,0.00,0,F1,25,,,,,
2026-10-01,2026-10-01,FO,NSE,IDO,66845,,NIFTYNXT50,,2026-12-29,2026-12-29,64600.00,PE,NIFTYNXT5026DEC64600PE,0.00,0.00,0.00,784.50,0.00,784.50,68981.35,836.48,0,0,0,0.00,0,F1,25,,,,,
2026-10-01,2026-10-01,FO,NSE,IDO,66855,,NIFTYNXT50,,2026-12-29,2026-12-29,65100.00,PE,NIFTYNXT5026DEC65100PE,0.00,0.00,0.00,896.60,0.00,896.60,68981.35,958.23,0,0,0,0.00,0,F1,25,,,,,
2026-10-01,2026-10-01,FO,NSE,IDO,67016,,NIFTYNXT50,,2026-12-29,2026-12-29,66900.00,PE,NIFTYNXT5026DEC66900PE,0.00,0.00,0.00,1395.40,0.00,1395.40,68981.35,1484.19,0,0,0,0.00,0,F1,25,,,,,
2026-10-01,2026-10-01,FO,NSE,IDF,48705,,NIFTYNXT50,,2026-10-27,2026-10-27,,,NIFTYNXT5026OCTFUT,70000.00,70128.20,68500.00,69210.40,69001.00,70016.40,68981.35,69210.40,16675,750,153,264493580.00,138,F1,25,,,,,
2026-10-01,2026-10-01,FO,NSE,IDO,51764,,NIFTYNXT50,,2026-10-27,2026-10-27,61500.00,CE,NIFTYNXT5026OCT61500CE,0.00,0.00,0.00,11688.55,0.00,11688.55,68981.35,7761.12,0,0,0,0.00,0,F1,25,,,,,
2026-10-01,2026-10-01,FO,NSE,IDO,51794,,NIFTYNXT50,,2026-10-27,2026-10-27,62600.00,CE,NIFTYNXT5026OCT62600CE,0.00,0.00,0.00,10686.00,0.00,10686.00,68981.35,6694.27,0,0,0,0.00,0,F1,25,,,,,
2026-10-01,2026-10-01,FO,NSE,IDO,51802,,NIFTYNXT50,,2026-10-27,2026-10-27,62800.00,CE,NIFTYNXT5026OCT62800CE,0.00,0.00,0.00,10506.45,0.00,10506.45,68981.35,6502.87,0,0,0,0.00,0,F1,25,,,,,
2026-10-01,2026-10-01,FO,NSE,IDO,51865,,NIFTYNXT50,,2026-10-27,2026-10-27,64600.00,CE,NIFTYNXT5026OCT64600CE,0.00,0.00,0.00,8936.70,0.00,8936.70,68981.35,4838.79,0,0,0,0.00,0,F1,25,,,,,
2026-10-01,2026-10-01,FO,NSE,IDO,51913,,NIFTYNXT50,,2026-10-27,2026-10-27,66300.00,CE,NIFTYNXT5026OCT66300CE,0.00,0.00,0.00,7545.30,0.00,7545.30,68981.35,3420.93,0,0,0,0.00,0,F1,25,,,,,
2026-10-01,2026-10-01,FO,NSE,IDO,51961,,NIFTYNXT50,,2026-10-27,2026-10-27,68300.00,CE,NIFTYNXT5026OCT68300CE,0.00,0.00,0.00,6050.40,0.00,6050.40,68981.35,2052.40,0,0,0,0.00,0,F1,25,,,,,
2026-10-01,2026-10-01,FO,NSE,IDO,52005,,NIFTYNXT50,,2026-10-27,2026-10-27,69500.00,CE,NIFTYNXT5026OCT69500CE,0.00,0.00,0.00,5232.85,0.00,5232.85,68981.35,1421.69,0,0,0,0.00,0,F1,25,,,,,
2026-10-01,2026-10-01,FO,NSE,IDO,52054,,NIFTYNXT50,,2026-10-27,2026-10-27,70800.00,CE,NIFTYNXT5026OCT70800CE,0.00,0.00,0.00,4427.15,0.00,4427.15,68981.35,903.56,0,0,0,0.00,0,F1,25,,,,,
2026-10-01,2026-10-01,FO,NSE,IDO,52061,,NIFTYNXT50,,2026-10-27,2026-10-27,71000.00,CE,NIFTYNXT5026OCT71000CE,622.00,622.00,622.00,622.00,622.00,4310.50,68981.35,838.23,75,75,3,5371650.00,1,F1,25,,,,,
2026-10-01,2026-10-01,FO,NSE,IDO,52073,,NIFTYNXT50,,2026-10-27,2026-10-27,71600.00,CE,NIFTYNXT5026OCT71600CE,0.00,0.00,0.00,3972.25,0.00,3972.25,68981.35,663.47,0,0,0,0.00,0,F1,25,,,,,
2026-10-01,2026-10-01,FO,NSE,IDO,52151,,NIFTYNXT50,,2026-10-27,2026-10-27,73500.00,CE,NIFTYNXT5026OCT73500CE,0.00,0.00,0.00,3017.90,0.00,3017.90,68981.35,290.78,0,0,0,0.00,0,F1,25,,,,,
2026-10-01,2026-10-01,FO,NSE,IDO,52228,,NIFTYNXT50,,2026-10-27,2026-10-27,77200.00,CE,NIFTYNXT5026OCT77200CE,0.00,0.00,0.00,1647.85,0.00,1647.85,68981.35,39.54,0,0,0,0.00,0,F1,25,,,,,
2026-10-01,2026-10-01,FO,NSE,IDO,52236,,NIFTYNXT50,,2026-10-27,2026-10-27,77600.00,CE,NIFTYNXT5026OCT77600CE,0.00,0.00,0.00,1535.00,0.00,1535.00,68981.35,30.91,0,0,0,0.00,0,F1,25,,,,,
2026-10-01,2026-10-01,FO,NSE,IDO,52248,,NIFTYNXT50,,2026-10-27,2026-10-27,78200.00,CE,NIFTYNXT5026OCT78200CE,0.00,0.00,0.00,1377.25,0.00,1377.25,68981.35,21.13,0,0,0,0.00,0,F1,25,,,,,
2026-10-01,2026-10-01,FO,NSE,IDO,52276,,NIFTYNXT50,,2026-10-27,2026-10-27,78700.00,CE,NIFTYNXT5026OCT78700CE,0.00,0.00,0.00,1259.70,0.00,1259.70,68981.35,15.24,0,0,0,0.00,0,F1,25,,,,,
2026-10-01,2026-10-01,FO,NSE,IDO,52288,,NIFTYNXT50,,2026-10-27,2026-10-27,78900.00,CE,NIFTYNXT5026OCT78900CE,0.00,0.00,0.00,1213.95,0.00,1213.95,68981.35,13.34,0,0,0,0.00,0,F1,25,,,,,
2026-10-01,2026-10-01,FO,NSE,IDO,52332,,NIFTYNXT50,,2026-10-27,2026-10-27,80700.00,CE,NIFTYNXT5026OCT80700CE,0.00,0.00,0.00,856.00,0.00,856.00,68981.35,3.77,0,0,0,0.00,0,F1,25,,,,,
2026-10-01,2026-10-01,FO,NSE,IDO,52376,,NIFTYNXT50,,2026-10-27,2026-10-27,82500.00,CE,NIFTYNXT5026OCT82500CE,0.00,0.00,0.00,592.25,0.00,592.25,68981.35,0.96,0,0,0,0.00,0,F1,25,,,,,
2026-10-01,2026-10-01,FO,NSE,IDO,52418,,NIFTYNXT50,,2026-10-27,2026-10-27,84500.00,CE,NIFTYNXT5026OCT84500CE,0.00,0.00,0.00,384.00,0.00,384.00,68981.35,0.18,0,0,0,0.00,0,F1,25,,,,,
2026-10-01,2026-10-01,FO,NSE,IDO,65350,,NIFTYNXT50,,2026-11-23,2026-11-23,63900.00,CE,NIFTYNXT5026NOV63900CE,0.00,0.00,0.00,11727.05,0.00,11727.05,68981.35,6043.10,0,0,0,0.00,0,F1,25,,,,,
2026-10-01,2026-10-01,FO,NSE,IDO,65482,,NIFTYNXT50,,2026-11-23,2026-11-23,67600.00,CE,NIFTYNXT5026NOV67600CE,0.00,0.00,0.00,8460.15,0.00,8460.15,68981.35,3299.48,0,0,0,0.00,0,F1,25,,,,,
2026-10-01,2026-10-01,FO,NSE,IDO,65500,,NIFTYNXT50,,2026-11-23,2026-11-23,68500.00,CE,NIFTYNXT5026NOV68500CE,0.00,0.00,0.00,7725.50,0.00,7725.50,68981.35,2766.45,0,0,0,0.00,0,F1,25,,,,,
2026-10-01,2026-10-01,FO,NSE,IDO,65542,,NIFTYNXT50,,2026-11-23,2026-11-23,69800.00,CE,NIFTYNXT5026NOV69800CE,0.00,0.00,0.00,6717.40,0.00,6717.40,68981.35,2098.62,0,0,0,0.00,0,F1,25,,,,,
2026-10-01,2026-10-01,FO,NSE,IDO,65560,,NIFTYNXT50,,2026-11-23,2026-11-23,70700.00,CE,NIFTYNXT5026NOV70700CE,0.00,0.00,0.00,6062.10,0.00,6062.10,68981.35,1706.92,0,0,0,0.00,0,F1,25,,,,,
2026-10-01,2026-10-01,FO,NSE,IDO,65686,,NIFTYNXT50,,2026-11-23,2026-11-23,72600.00,CE,NIFTYNXT5026NOV72600CE,0.00,0.00,0.00,4791.45,0.00,4791.45,68981.35,1057.90,0,0,0,0.00,0,F1,25,,,,,
2026-10-01,2026-10-01,FO,NSE,IDO,65698,,NIFTYNXT50,,2026-11-23,2026-11-23,73200.00,CE,NIFTYNXT5026NOV73200CE,0.00,0.00,0.00,4427.05,0.00,4427.05,68981.35,901.74,0,0,0,0.00,0,F1,25,,,,,
2026-10-01,2026-10-01,FO,NSE,IDO,65744,,NIFTYNXT50,,2026-11-23,2026-11-23,74300.00,CE,NIFTYNXT5026NOV74300CE,0.00,0.00,0.00,3805.15,0.00,3805.15,68981.35,657.55,0,0,0,0.00,0,F1,25,,,,,
2026-10-01,2026-10-01,FO,NSE,IDO,65842,,NIFTYNXT50,,2026-11-23,2026-11-23,77300.00,CE,NIFTYNXT5026NOV77300CE,0.00,0.00,0.00,2412.75,0.00,2412.75,68981.35,253.39,0,0,0,0.00,0,F1,25,,,,,
2026-10-01,2026-10-01,FO,NSE,IDO,65850,,NIFTYNXT50,,2026-11-23,2026-11-23,77600.00,CE,NIFTYNXT5026NOV77600CE,0.00,0.00,0.00,2297.35,0.00,2297.35,68981.35,228.53,0,0,0,0.00,0,F1,25,,,,,
2026-10-01,2026-10-01,FO,NSE,IDO,65942,,NIFTYNXT50,,2026-11-23,2026-11-23,80000.00,CE,NIFTYNXT5026NOV80000CE,0.00,0.00,0.00,1517.20,0.00,1517.20,68981.35,95.10,0,0,0,0.00,0,F1,25,,,,,
2026-10-01,2026-10-01,FO,NSE,IDO,66838,,NIFTYNXT50,,2026-12-29,2026-12-29,64300.00,CE,NIFTYNXT5026DEC64300CE,0.00,0.00,0.00,6824.65,0.00,6824.65,68981.35,6439.70,0,0,0,0.00,0,F1,25,,,,,
2026-10-01,2026-10-01,FO,NSE,IDO,66854,,NIFTYNXT50,,2026-12-29,2026-12-29,65100.00,CE,NIFTYNXT5026DEC65100CE,0.00,0.00,0.00,6210.60,0.00,6210.60,68981.35,5839.79,0,0,0,0.00,0,F1,25,,,,,
2026-10-01,2026-10-01,FO,NSE,IDO,66949,,NIFTYNXT50,,2026-12-29,2026-12-29,65200.00,CE,NIFTYNXT5026DEC65200CE,0.00,0.00,0.00,6135.80,0.00,6135.80,68981.35,5766.41,0,0,0,0.00,0,F1,25,,,,,
2026-10-01,2026-10-01,FO,NSE,IDO,67019,,NIFTYNXT50,,2026-12-29,2026-12-29,67100.00,CE,NIFTYNXT5026DEC67100CE,0.00,0.00,0.00,4804.15,0.00,4804.15,68981.35,4465.62,0,0,0,0.00,0,F1,25,,,,,
2026-10-01,2026-10-01,FO,NSE,IDO,67053,,NIFTYNXT50,,2026-12-29,2026-12-29,68800.00,CE,NIFTYNXT5026DEC68800CE,4154.15,4154.15,4154.15,4154.15,4154.15,3769.70,68981.35,3466.56,25,25,1,1823853.75,1,F1,25,,,,,
2026-10-01,2026-10-01,FO,NSE,IDO,67061,,NIFTYNXT50,,2026-12-29,2026-12-29,69200.00,CE,NIFTYNXT5026DEC69200CE,0.00,0.00,0.00,3548.70,0.00,3548.70,68981.35,3254.50,0,0,0,0.00,0,F1,25,,,,,
2026-10-01,2026-10-01,FO,NSE,IDO,67236,,NIFTYNXT50,,2026-12-29,2026-12-29,71800.00,CE,NIFTYNXT5026DEC71800CE,0.00,0.00,0.00,2321.00,0.00,2321.00,68981.35,2087.81,0,0,0,0.00,0,F1,25,,,,,
2026-10-01,2026-10-01,FO,NSE,IDO,67302,,NIFTYNXT50,,2026-12-29,2026-12-29,73100.00,CE,NIFTYNXT5026DEC73100CE,0.00,0.00,0.00,1838.30,0.00,1838.30,68981.35,1635.98,0,0,0,0.00,0,F1,25,,,,,
2026-10-01,2026-10-01,FO,NSE,IDO,67894,,NIFTYNXT50,,2026-12-29,2026-12-29,79000.00,CE,NIFTYNXT5026DEC79000CE,0.00,0.00,0.00,537.80,0.00,537.80,68981.35,452.24,0,0,0,0.00,0,F1,25,,,,,
2026-10-01,2026-10-01,FO,NSE,IDO,51755,,NIFTYNXT50,,2026-10-27,2026-10-27,61000.00,PE,NIFTYNXT5026OCT61000PE,0.00,0.00,0.00,148.20,0.00,148.20,68981.35,13.73,0,0,0,0.00,0,F1,25,,,,,
2026-10-01,2026-10-01,FO,NSE,IDO,51815,,NIFTYNXT50,,2026-10-27,2026-10-27,63300.00,PE,NIFTYNXT5026OCT63300PE,0.00,0.00,0.00,323.65,0.00,323.65,68981.35,81.29,0,0,0,0.00,0,F1,25,,,,,
2026-10-01,2026-10-01,FO,NSE,IDO,51856,,NIFTYNXT50,,2026-10-27,2026-10-27,64400.00,PE,NIFTYNXT5026OCT64400PE,0.00,0.00,0.00,451.95,0.00,451.95,68981.35,164.73,0,0,0,0.00,0,F1,25,,,,,
2026-10-01,2026-10-01,FO,NSE,IDO,51868,,NIFTYNXT50,,2026-10-27,2026-10-27,64700.00,PE,NIFTYNXT5026OCT64700PE,0.00,0.00,0.00,493.00,0.00,493.00,68981.35,196.80,0,0,0,0.00,0,F1,25,,,,,
2026-10-01,2026-10-01,FO,NSE,IDO,51914,,NIFTYNXT50,,2026-10-27,2026-10-27,66300.00,PE,NIFTYNXT5026OCT66300PE,0.00,0.00,0.00,762.05,0.00,762.05,68981.35,460.58,0,0,0,0.00,0,F1,25,,,,,
2026-10-01,2026-10-01,FO,NSE,IDO,51928,,NIFTYNXT50,,2026-10-27,2026-10-27,67000.00,PE,NIFTYNXT5026OCT67000PE,0.00,0.00,0.00,909.10,0.00,909.10,68981.35,636.08,0,0,0,0.00,0,F1,25,,,,,
2026-10-01,2026-10-01,FO,NSE,IDO,51967,,NIFTYNXT50,,2026-10-27,2026-10-27,68400.00,PE,NIFTYNXT5026OCT68400PE,0.00,0.00,0.00,1265.15,0.00,1265.15,68981.35,1125.02,0,0,0,0.00,0,F1,25,,,,,
2026-10-01,2026-10-01,FO,NSE,IDO,51996,,NIFTYNXT50,,2026-10-27,2026-10-27,69000.00,PE,NIFTYNXT5026OCT69000PE,1111.00,1360.00,990.00,990.00,990.00,482.00,68981.35,990.00,75,-125,22,38630538.75,21,F1,25,,,,,
2026-10-01,2026-10-01,FO,NSE,IDO,52010,,NIFTYNXT50,,2026-10-27,2026-10-27,69700.00,PE,NIFTYNXT5026OCT69700PE,0.00,0.00,0.00,1669.30,0.00,1669.30,68981.35,1756.37,0,0,0,0.00,0,F1,25,,,,,
2026-10-01,2026-10-01,FO,NSE,IDO,52012,,NIFTYNXT50,,2026-10-27,2026-10-27,69800.00,PE,NIFTYNXT5026OCT69800PE,0.00,0.00,0.00,1703.90,0.00,1703.90,68981.35,1812.15,0,0,0,0.00,0,F1,25,,,,,
2026-10-01,2026-10-01,FO,NSE,IDO,52020,,NIFTYNXT50,,2026-10-27,2026-10-27,70100.00,PE,NIFTYNXT5026OCT70100PE,0.00,0.00,0.00,1810.55,0.00,1810.55,68981.35,1985.51,0,0,0,0.00,0,F1,25,,,,,
2026-10-01,2026-10-01,FO,NSE,IDO,52066,,NIFTYNXT50,,2026-10-27,2026-10-27,71200.00,PE,NIFTYNXT5026OCT71200PE,0.00,0.00,0.00,2238.95,0.00,2238.95,68981.35,2695.54,0,0,0,0.00,0,F1,25,,,,,
2026-10-01,2026-10-01,FO,NSE,IDO,52080,,NIFTYNXT50,,2026-10-27,2026-10-27,71900.00,PE,NIFTYNXT5026OCT71900PE,0.00,0.00,0.00,2542.45,0.00,2542.45,68981.35,3206.76,0,0,0,0.00,0,F1,25,,,,,
2026-10-01,2026-10-01,FO,NSE,IDO,52164,,NIFTYNXT50,,2026-10-27,2026-10-27,74100.00,PE,NIFTYNXT5026OCT74100PE,0.00,0.00,0.00,3652.75,0.00,3652.75,68981.35,5024.70,0,0,0,0.00,0,F1,25,,,,,
2026-10-01,2026-10-01,FO,NSE,IDO,52176,,NIFTYNXT50,,2026-10-27,2026-10-27,74700.00,PE,NIFTYNXT5026OCT74700PE,0.00,0.00,0.00,3996.10,0.00,3996.10,68981.35,5565.35,0,0,0,0.00,0,F1,25,,,,,
2026-10-01,2026-10-01,FO,NSE,IDO,52217,,NIFTYNXT50,,2026-10-27,2026-10-27,76600.00,PE,NIFTYNXT5026OCT76600PE,0.00,0.00,0.00,5191.30,0.00,5191.30,68981.35,7352.88,0,0,0,0.00,0,F1,25,,,,,
2026-10-01,2026-10-01,FO,NSE,IDO,52245,,NIFTYNXT50,,2026-10-27,2026-10-27,78000.00,PE,NIFTYNXT5026OCT78000PE,0.00,0.00,0.00,6169.35,0.00,6169.35,68981.35,8714.44,0,0,0,0.00,0,F1,25,,,,,
2026-10-01,2026-10-01,FO,NSE,IDO,52295,,NIFTYNXT50,,2026-10-27,2026-10-27,79000.00,PE,NIFTYNXT5026OCT79000PE,0.00,0.00,0.00,6917.60,0.00,6917.60,68981.35,9698.68,0,0,0,0.00,0,F1,25,,,,,
2026-10-01,2026-10-01,FO,NSE,IDO,52311,,NIFTYNXT50,,2026-10-27,2026-10-27,79700.00,PE,NIFTYNXT5026OCT79700PE,0.00,0.00,0.00,7456.35,0.00,7456.35,68981.35,10390.98,0,0,0,0.00,0,F1,25,,,,,
2026-10-01,2026-10-01,FO,NSE,IDO,52423,,NIFTYNXT50,,2026-10-27,2026-10-27,85000.00,PE,NIFTYNXT5026OCT85000PE,0.00,0.00,0.00,11979.10,0.00,11979.10,68981.35,15661.08,0,0,0,0.00,0,F1,25,,,,,
2026-10-01,2026-10-01,FO,NSE,IDO,38653,,NIFTYNXT50,,2026-11-23,2026-11-23,62100.00,PE,NIFTYNXT5026NOV62100PE,0.00,0.00,0.00,87.30,0.00,87.30,68981.35,174.14,0,0,0,0.00,0,F1,25,,,,,
2026-10-01,2026-10-01,FO,NSE,IDO,65431,,NIFTYNXT50,,2026-11-23,2026-11-23,65600.00,PE,NIFTYNXT5026NOV65600PE,0.00,0.00,0.00,300.20,0.00,300.20,68981.35,698.73,0,0,0,0.00,0,F1,25,,,,,
2026-10-01,2026-10-01,FO,NSE,IDO,65525,,NIFTYNXT50,,2026-11-23,2026-11-23,68900.00,PE,NIFTYNXT5026NOV68900PE,0.00,0.00,0.00,775.90,0.00,775.90,68981.35,1834.38,0,0,0,0.00,0,F1,25,,,,,
2026-10-01,2026-10-01,FO,NSE,IDO,65529,,NIFTYNXT50,,2026-11-23,2026-11-23,69100.00,PE,NIFTYNXT5026NOV69100PE,0.00,0.00,0.00,816.60,0.00,816.60,68981.35,1927.69,0,0,0,0.00,0,F1,25,,,,,
2026-10-01,2026-10-01,FO,NSE,IDO,65541,,NIFTYNXT50,,2026-11-23,2026-11-23,69700.00,PE,NIFTYNXT5026NOV69700PE,0.00,0.00,0.00,948.25,0.00,948.25,68981.35,2224.60,0,0,0,0.00,0,F1,25,,,,,
2026-10-01,2026-10-01,FO,NSE,IDO,65565,,NIFTYNXT50,,2026-11-23,2026-11-23,70900.00,PE,NIFTYNXT5026NOV70900PE,0.00,0.00,0.00,1258.40,0.00,1258.40,68981.35,2895.42,0,0,0,0.00,0,F1,25,,,,,
2026-10-01,2026-10-01,FO,NSE,IDO,65681,,NIFTYNXT50,,2026-11-23,2026-11-23,72300.00,PE,NIFTYNXT5026NOV72300PE,0.00,0.00,0.00,1697.25,0.00,1697.25,68981.35,3800.37,0,0,0,0.00,0,F1,25,,,,,
2026-10-01,2026-10-01,FO,NSE,IDO,65739,,NIFTYNXT50,,2026-11-23,2026-11-23,74000.00,PE,NIFTYNXT5026NOV74000PE,0.00,0.00,0.00,2360.60,0.00,2360.60,68981.35,5057.08,0,0,0,0.00,0,F1,25,,,,,
2026-10-01,2026-10-01,FO,NSE,IDO,65749,,NIFTYNXT50,,2026-11-23,2026-11-23,74400.00,PE,NIFTYNXT5026NOV74400PE,0.00,0.00,0.00,2537.45,0.00,2537.45,68981.35,5374.26,0,0,0,0.00,0,F1,25,,,,,
2026-10-01,2026-10-01,FO,NSE,IDO,65761,,NIFTYNXT50,,2026-11-23,2026-11-23,75000.00,PE,NIFTYNXT5026NOV75000PE,0.00,0.00,0.00,2817.70,0.00,2817.70,68981.35,5863.51,0,0,0,0.00,0,F1,25,,,,,
2026-10-01,2026-10-01,FO,NSE,IDO,65807,,NIFTYNXT50,,2026-11-23,2026-11-23,75500.00,PE,NIFTYNXT5026NOV75500PE,0.00,0.00,0.00,3064.60,0.00,3064.60,68981.35,6282.57,0,0,0,0.00,0,F1,25,,,,,
2026-10-01,2026-10-01,FO,NSE,IDO,65837,,NIFTYNXT50,,2026-11-23,2026-11-23,77000.00,PE,NIFTYNXT5026NOV77000PE,0.00,0.00,0.00,3879.60,0.00,3879.60,68981.35,7592.48,0,0,0,0.00,0,F1,25,,,,,
2026-10-01,2026-10-01,FO,NSE,IDO,65843,,NIFTYNXT50,,2026-11-23,2026-11-23,77300.00,PE,NIFTYNXT5026NOV77300PE,0.00,0.00,0.00,4055.50,0.00,4055.50,68981.35,7862.57,0,0,0,0.00,0,F1,25,,,,,
2026-10-01,2026-10-01,FO,NSE,IDO,65884,,NIFTYNXT50,,2026-11-23,2026-11-23,78400.00,PE,NIFTYNXT5026NOV78400PE,0.00,0.00,0.00,4736.05,0.00,4736.05,68981.35,8871.41,0,0,0,0.00,0,F1,25,,,,,
2026-10-01,2026-10-01,FO,NSE,IDO,66089,,NIFTYNXT50,,2026-11-23,2026-11-23,82500.00,PE,NIFTYNXT5026NOV82500PE,0.00,0.00,0.00,7710.80,0.00,7710.80,68981.35,12796.22,0,0,0,0.00,0,F1,25,,,,,
2026-10-01,2026-10-01,FO,NSE,IDO,66703,,NIFTYNXT50,,2026-12-29,2026-12-29,62100.00,PE,NIFTYNXT5026DEC62100PE,0.00,0.00,0.00,372.50,0.00,372.50,68981.35,397.58,0,0,0,0.00,0,F1,25,,,,,
2026-10-01,2026-10-01,FO,NSE,IDO,66785,,NIFTYNXT50,,2026-12-29,2026-12-29,63000.00,PE,NIFTYNXT5026DEC63000PE,0.00,0.00,0.00,494.65,0.00,494.65,68981.35,527.89,0,0,0,0.00,0,F1,25,,,,,
2026-10-01,2026-10-01,FO,NSE,IDO,66799,,NIFTYNXT50,,2026-12-29,2026-12-29,63400.00,PE,NIFTYNXT5026DEC63400PE,0.00,0.00,0.00,557.85,0.00,557.85,68981.35,595.29,0,0,0,0.00,0,F1,25,,,,,
2026-10-01,2026-10-01,FO,NSE,IDO,66827,,NIFTYNXT50,,2026-12-29,2026-12-29,64100.00,PE,NIFTYNXT5026DEC64100PE,0.00,0.00,0.00,683.05,0.00,683.05,68981.35,728.58,0,0,0,0.00,0,F1,25,,,,,
2026-10-01,2026-10-01,FO,NSE,IDO,66839,,NIFTYNXT50,,2026-12-29,2026-12-29,64300.00,PE,NIFTYNXT5026DEC64300PE,0.00,0.00,0.00,722.35,0.00,722.35,68981.35,770.43,0,0,0,0.00,0,F1,25,,,,,
2026-10-01,2026-10-01,FO,NSE,IDO,66954,,NIFTYNXT50,,2026-12-29,2026-12-29,65400.00,PE,NIFTYNXT5026DEC65400PE,0.00,0.00,0.00,969.25,0.00,969.25,68981.35,1034.91,0,0,0,0.00,0,F1,25,,,,,
2026-10-01,2026-10-01,FO,NSE,IDO,67054,,NIFTYNXT50,,2026-12-29,2026-12-29,68800.00,PE,NIFTYNXT5026DEC68800PE,0.00,0.00,0.00,2101.50,0.00,2101.50,68981.35,2228.15,0,0,0,0.00,0,F1,25,,,,,
2026-10-01,2026-10-01,FO,NSE,IDO,67060,,NIFTYNXT50,,2026-12-29,2026-12-29,69100.00,PE,NIFTYNXT5026DEC69100PE,0.00,0.00,0.00,2230.55,0.00,2230.55,68981.35,2363.67,0,0,0,0.00,0,F1,25,,,,,
2026-10-01,2026-10-01,FO,NSE,IDO,67203,,NIFTYNXT50,,2026-12-29,2026-12-29,70500.00,PE,NIFTYNXT5026DEC70500PE,0.00,0.00,0.00,2896.65,0.00,2896.65,68981.35,3061.11,0,0,0,0.00,0,F1,25,,,,,
2026-10-01,2026-10-01,FO,NSE,IDO,67217,,NIFTYNXT50,,2026-12-29,2026-12-29,71000.00,PE,NIFTYNXT5026DEC71000PE,0.00,0.00,0.00,3160.10,0.00,3160.10,68981.35,3336.03,0,0,0,0.00,0,F1,25,,,,,
2026-10-01,2026-10-01,FO,NSE,IDO,67271,,NIFTYNXT50,,2026-12-29,2026-12-29,72800.00,PE,NIFTYNXT5026DEC72800PE,0.00,0.00,0.00,4215.55,0.00,4215.55,68981.35,4433.08,0,0,0,0.00,0,F1,25,,,,,
2026-10-01,2026-10-01,FO,NSE,IDO,67288,,NIFTYNXT50,,2026-12-29,2026-12-29,73000.00,PE,NIFTYNXT5026DEC73000PE,0.00,0.00,0.00,4342.75,0.00,4342.75,68981.35,4564.89,0,0,0,0.00,0,F1,25,,,,,
2026-10-01,2026-10-01,FO,NSE,IDO,65249,,NIFTYNXT50,,2026-11-23,2026-11-23,63100.00,PE,NIFTYNXT5026NOV63100PE,0.00,0.00,0.00,125.95,0.00,125.95,68981.35,270.74,0,0,0,0.00,0,F1,25,,,,,
2026-10-01,2026-10-01,FO,NSE,IDO,65687,,NIFTYNXT50,,2026-11-23,2026-11-23,72600.00,PE,NIFTYNXT5026NOV72600PE,0.00,0.00,0.00,1804.05,0.00,1804.05,68981.35,4010.21,0,0,0,0.00,0,F1,25,,,,,
2026-10-01,2026-10-01,FO,NSE,IDO,65841,,NIFTYNXT50,,2026-11-23,2026-11-23,77200.00,PE,NIFTYNXT5026NOV77200PE,0.00,0.00,0.00,3996.40,0.00,3996.40,68981.35,7772.28,0,0,0,0.00,0,F1,25,,,,,
2026-10-01,2026-10-01,FO,NSE,IDO,65892,,NIFTYNXT50,,2026-11-23,2026-11-23,78500.00,PE,NIFTYNXT5026NOV78500PE,0.00,0.00,0.00,4800.60,0.00,4800.60,68981.35,8964.40,0,0,0,0.00,0,F1,25,,,,,
2026-10-01,2026-10-01,FO,NSE,IDO,66109,,NIFTYNXT50,,2026-11-23,2026-11-23,83500.00,PE,NIFTYNXT5026NOV83500PE,0.00,0.00,0.00,8523.45,0.00,8523.45,68981.35,13774.94,0,0,0,0.00,0,F1,25,,,,,
2026-10-01,2026-10-01,FO,NSE,IDO,66819,,NIFTYNXT50,,2026-12-29,2026-12-29,63700.00,PE,NIFTYNXT5026DEC63700PE,0.00,0.00,0.00,609.20,0.00,609.20,68981.35,649.96,0,0,0,0.00,0,F1,25,,,,,
2026-10-01,2026-10-01,FO,NSE,IDO,65473,,NIFTYNXT50,,2026-11-23,2026-11-23,67100.00,PE,NIFTYNXT5026NOV67100PE,0.00,0.00,0.00,474.25,0.00,474.25,68981.35,1122.92,0,0,0,0.00,0,F1,25,,,,,
2026-10-01,2026-10-01,FO,NSE,IDO,65451,,NIFTYNXT50,,2026-11-23,2026-11-23,66600.00,PE,NIFTYNXT5026NOV66600PE,0.00,0.00,0.00,409.25,0.00,409.25,68981.35,965.10,0,0,0,0.00,0,F1,25,,,,,
2026-10-01,2026-10-01,FO,NSE,IDO,65437,,NIFTYNXT50,,2026-11-23,2026-11-23,65900.00,PE,NIFTYNXT5026NOV65900PE,0.00,0.00,0.00,330.15,0.00,330.15,68981.35,774.96,0,0,0,0.00,0,F1,25,,,,,
2026-10-01,2026-10-01,FO,NSE,IDO,65371,,NIFTYNXT50,,2026-11-23,2026-11-23,64000.00,PE,NIFTYNXT5026NOV64000PE,0.00,0.00,0.00,175.00,0.00,175.00,68981.35,390.27,0,0,0,0.00,0,F1,25,,,,,
2026-10-01,2026-10-01,FO,NSE,IDO,65261,,NIFTYNXT50,,2026-11-23,2026-11-23,63600.00,PE,NIFTYNXT5026NOV63600PE,0.00,0.00,0.00,151.55,0.00,151.55,68981.35,332.91,0,0,0,0.00,0,F1,25,,,,,
2026-10-01,2026-10-01,FO,NSE,IDO,65251,,NIFTYNXT50,,2026-11-23,2026-11-23,63200.00,PE,NIFTYNXT5026NOV63200PE,0.00,0.00,0.00,130.75,0.00,130.75,68981.35,282.37,0,0,0,0.00,0,F1,25,,,,,
2026-10-01,2026-10-01,FO,NSE,IDO,52377,,NIFTYNXT50,,2026-10-27,2026-10-27,82500.00,PE,NIFTYNXT5026OCT82500PE,0.00,0.00,0.00,9765.70,0.00,9765.70,68981.35,13172.44,0,0,0,0.00,0,F1,25,,,,,
2026-10-01,2026-10-01,FO,NSE,IDO,66843,,NIFTYNXT50,,2026-12-29,2026-12-29,64500.00,PE,NIFTYNXT5026DEC64500PE,0.00,0.00,0.00,763.35,0.00,763.35,68981.35,814.02,0,0,0,0.00,0,F1,25,,,,,
2026-10-01,2026-10-01,FO,NSE,IDO,67028,,NIFTYNXT50,,2026-12-29,2026-12-29,67500.00,PE,NIFTYNXT5026DEC67500PE,0.00,0.00,0.00,1597.90,0.00,1597.90,68981.35,1697.99,0,0,0,0.00,0,F1,25,,,,,
2026-10-01,2026-10-01,FO,NSE,IDO,67036,,NIFTYNXT50,,2026-12-29,2026-12-29,67900.00,PE,NIFTYNXT5026DEC67900PE,0.00,0.00,0.00,1743.30,0.00,1743.30,68981.35,1851.29,0,0,0,0.00,0,F1,25,,,,,
2026-10-01,2026-10-01,FO,NSE,IDO,67044,,NIFTYNXT50,,2026-12-29,2026-12-29,68300.00,PE,NIFTYNXT5026DEC68300PE,0.00,0.00,0.00,1897.15,0.00,1897.15,68981.35,2013.30,0,0,0,0.00,0,F1,25,,,,,
2026-10-01,2026-10-01,FO,NSE,IDO,67064,,NIFTYNXT50,,2026-12-29,2026-12-29,69300.00,PE,NIFTYNXT5026DEC69300PE,0.00,0.00,0.00,2319.30,0.00,2319.30,68981.35,2456.77,0,0,0,0.00,0,F1,25,,,,,
2026-10-01,2026-10-01,FO,NSE,IDO,67233,,NIFTYNXT50,,2026-12-29,2026-12-29,71600.00,PE,NIFTYNXT5026DEC71600PE,0.00,0.00,0.00,3493.55,0.00,3493.55,68981.35,3683.37,0,0,0,0.00,0,F1,25,,,,,
2026-10-01,2026-10-01,FO,NSE,IDO,67378,,NIFTYNXT50,,2026-12-29,2026-12-29,73500.00,PE,NIFTYNXT5026DEC73500PE,0.00,0.00,0.00,4669.20,0.00,4669.20,68981.35,4902.62,0,0,0,0.00,0,F1,25,,,,,
2026-10-01,2026-10-01,FO,NSE,IDO,67533,,NIFTYNXT50,,2026-12-29,2026-12-29,75500.00,PE,NIFTYNXT5026DEC75500PE,0.00,0.00,0.00,6089.55,0.00,6089.55,68981.35,6363.65,0,0,0,0.00,0,F1,25,,,,,
2026-10-01,2026-10-01,FO,NSE,IDO,52353,,NIFTYNXT50,,2026-10-27,2026-10-27,81500.00,PE,NIFTYNXT5026OCT81500PE,0.00,0.00,0.00,8917.10,0.00,8917.10,68981.35,12177.77,0,0,0,0.00,0,F1,25,,,,,
2026-10-01,2026-10-01,FO,NSE,IDO,52299,,NIFTYNXT50,,2026-10-27,2026-10-27,79100.00,PE,NIFTYNXT5026OCT79100PE,0.00,0.00,0.00,6994.05,0.00,6994.05,68981.35,9797.45,0,0,0,0.00,0,F1,25,,,,,
2026-10-01,2026-10-01,FO,NSE,IDO,52213,,NIFTYNXT50,,2026-10-27,2026-10-27,76400.00,PE,NIFTYNXT5026OCT76400PE,0.00,0.00,0.00,5058.05,0.00,5058.05,68981.35,7160.71,0,0,0,0.00,0,F1,25,,,,,
2026-10-01,2026-10-01,FO,NSE,IDO,52154,,NIFTYNXT50,,2026-10-27,2026-10-27,73600.00,PE,NIFTYNXT5026OCT73600PE,0.00,0.00,0.00,3379.65,0.00,3379.65,68981.35,4586.32,0,0,0,0.00,0,F1,25,,,,,
2026-10-01,2026-10-01,FO,NSE,IDO,52098,,NIFTYNXT50,,2026-10-27,2026-10-27,72300.00,PE,NIFTYNXT5026OCT72300PE,0.00,0.00,0.00,2726.75,0.00,2726.75,68981.35,3511.93,0,0,0,0.00,0,F1,25,,,,,
2026-10-01,2026-10-01,FO,NSE,IDO,51962,,NIFTYNXT50,,2026-10-27,2026-10-27,68300.00,PE,NIFTYNXT5026OCT68300PE,0.00,0.00,0.00,1237.15,0.00,1237.15,68981.35,1083.64,0,0,0,0.00,0,F1,25,,,,,
2026-10-01,2026-10-01,FO,NSE,IDO,51930,,NIFTYNXT50,,2026-10-27,2026-10-27,67100.00,PE,NIFTYNXT5026OCT67100PE,0.00,0.00,0.00,931.70,0.00,931.70,68981.35,664.78,0,0,0,0.00,0,F1,25,,,,,
2026-10-01,2026-10-01,FO,NSE,IDO,51896,,NIFTYNXT50,,2026-10-27,2026-10-27,65800.00,PE,NIFTYNXT5026OCT65800PE,0.00,0.00,0.00,668.40,0.00,668.40,68981.35,359.19,0,0,0,0.00,0,F1,25,,,,,
2026-10-01,2026-10-01,FO,NSE,IDO,51876,,NIFTYNXT50,,2026-10-27,2026-10-27,65000.00,PE,NIFTYNXT5026OCT65000PE,0.00,0.00,0.00,536.85,0.00,536.85,68981.35,233.70,0,0,0,0.00,0,F1,25,,,,,
2026-10-01,2026-10-01,FO,NSE,IDO,51846,,NIFTYNXT50,,2026-10-27,2026-10-27,64100.00,PE,NIFTYNXT5026OCT64100PE,0.00,0.00,0.00,413.60,0.00,413.60,68981.35,137.04,0,0,0,0.00,0,F1,25,,,,,
2026-10-01,2026-10-01,FO,NSE,IDO,51834,,NIFTYNXT50,,2026-10-27,2026-10-27,63800.00,PE,NIFTYNXT5026OCT63800PE,0.00,0.00,0.00,377.80,0.00,377.80,68981.35,113.28,0,0,0,0.00,0,F1,25,,,,,
2026-10-01,2026-10-01,FO,NSE,IDO,51779,,NIFTYNXT50,,2026-10-27,2026-10-27,62100.00,PE,NIFTYNXT5026OCT62100PE,0.00,0.00,0.00,218.50,0.00,218.50,68981.35,33.91,0,0,0,0.00,0,F1,25,,,,,
2026-10-01,2026-10-01,FO,NSE,IDO,67884,,NIFTYNXT50,,2026-12-29,2026-12-29,78500.00,CE,NIFTYNXT5026DEC78500CE,0.00,0.00,0.00,603.35,0.00,603.35,68981.35,510.07,0,0,0,0.00,0,F1,25,,,,,
2026-10-01,2026-10-01,FO,NSE,IDO,67628,,NIFTYNXT50,,2026-12-29,2026-12-29,76500.00,CE,NIFTYNXT5026DEC76500CE,0.00,0.00,0.00,936.95,0.00,936.95,68981.35,808.43,0,0,0,0.00,0,F1,25,,,,,
2026-10-01,2026-10-01,FO,NSE,IDO,67373,,NIFTYNXT50,,2026-12-29,2026-12-29,73500.00,CE,NIFTYNXT5026DEC73500CE,0.00,0.00,0.00,1706.25,0.00,1706.25,68981.35,1513.25,0,0,0,0.00,0,F1,25,,,,,
2026-10-01,2026-10-01,FO,NSE,IDO,67359,,NIFTYNXT50,,2026-12-29,2026-12-29,73400.00,CE,NIFTYNXT5026DEC73400CE,0.00,0.00,0.00,1738.55,0.00,1738.55,68981.35,1543.24,0,0,0,0.00,0,F1,25,,,,,
2026-10-01,2026-10-01,FO,NSE,IDO,67287,,NIFTYNXT50,,2026-12-29,2026-12-29,73000.00,CE,NIFTYNXT5026DEC73000CE,0.00,0.00,0.00,1872.50,0.00,1872.50,68981.35,1667.83,0,0,0,0.00,0,F1,25,,,,,
2026-10-01,2026-10-01,FO,NSE,IDO,67253,,NIFTYNXT50,,2026-12-29,2026-12-29,72500.00,CE,NIFTYNXT5026DEC72500CE,0.00,0.00,0.00,2050.70,0.00,2050.70,68981.35,1834.23,0,0,0,0.00,0,F1,25,,,,,
2026-10-01,2026-10-01,FO,NSE,IDO,67242,,NIFTYNXT50,,2026-12-29,2026-12-29,72100.00,CE,NIFTYNXT5026DEC72100CE,0.00,0.00,0.00,2202.15,0.00,2202.15,68981.35,1976.13,0,0,0,0.00,0,F1,25,,,,,
2026-10-01,2026-10-01,FO,NSE,IDO,67234,,NIFTYNXT50,,2026-12-29,2026-12-29,71700.00,CE,NIFTYNXT5026DEC71700CE,0.00,0.00,0.00,2361.60,0.00,2361.60,68981.35,2126.05,0,0,0,0.00,0,F1,25,,,,,
2026-10-01,2026-10-01,FO,NSE,IDO,67210,,NIFTYNXT50,,2026-12-29,2026-12-29,70800.00,CE,NIFTYNXT5026DEC70800CE,0.00,0.00,0.00,2750.65,0.00,2750.65,68981.35,2493.61,0,0,0,0.00,0,F1,25,,,,,
2026-10-01,2026-10-01,FO,NSE,IDO,67124,,NIFTYNXT50,,2026-12-29,2026-12-29,70300.00,CE,NIFTYNXT5026DEC70300CE,0.00,0.00,0.00,2985.20,0.00,2985.20,68981.35,2716.36,0,0,0,0.00,0,F1,25,,,,,
2026-10-01,2026-10-01,FO,NSE,IDO,67113,,NIFTYNXT50,,2026-12-29,2026-12-29,70100.00,CE,NIFTYNXT5026DEC70100CE,0.00,0.00,0.00,3083.05,0.00,3083.05,68981.35,2809.24,0,0,0,0.00,0,F1,25,,,,,
2026-10-01,2026-10-01,FO,NSE,IDO,67055,,NIFTYNXT50,,2026-12-29,2026-12-29,68900.00,CE,NIFTYNXT5026DEC68900CE,0.00,0.00,0.00,3713.65,0.00,3713.65,68981.35,3412.72,0,0,0,0.00,0,F1,25,,,,,
2026-10-01,2026-10-01,FO,NSE,IDO,67045,,NIFTYNXT50,,2026-12-29,2026-12-29,68400.00,CE,NIFTYNXT5026DEC68400CE,0.00,0.00,0.00,3999.30,0.00,3999.30,68981.35,3687.43,0,0,0,0.00,0,F1,25,,,,,
2026-10-01,2026-10-01,FO,NSE,IDO,67033,,NIFTYNXT50,,2026-12-29,2026-12-29,67800.00,CE,NIFTYNXT5026DEC67800CE,0.00,0.00,0.00,4359.70,0.00,4359.70,68981.35,4035.20,0,0,0,0.00,0,F1,25,,,,,
2026-10-01,2026-10-01,FO,NSE,IDO,67031,,NIFTYNXT50,,2026-12-29,2026-12-29,67700.00,CE,NIFTYNXT5026DEC67700CE,0.00,0.00,0.00,4421.60,0.00,4421.60,68981.35,4095.07,0,0,0,0.00,0,F1,25,,,,,
2026-10-01,2026-10-01,FO,NSE,IDO,67009,,NIFTYNXT50,,2026-12-29,2026-12-29,66600.00,CE,NIFTYNXT5026DEC66600CE,0.00,0.00,0.00,5137.05,0.00,5137.05,68981.35,4789.05,0,0,0,0.00,0,F1,25,,,,,
2026-10-01,2026-10-01,FO,NSE,IDO,51916,,NIFTYNXT50,,2026-10-27,2026-10-27,66400.00,PE,NIFTYNXT5026OCT66400PE,0.00,0.00,0.00,781.90,0.00,781.90,68981.35,483.20,0,0,0,0.00,0,F1,25,,,,,
2026-10-01,2026-10-01,FO,NSE,IDO,51908,,NIFTYNXT50,,2026-10-27,2026-10-27,66000.00,PE,NIFTYNXT5026OCT66000PE,0.00,0.00,0.00,704.75,0.00,704.75,68981.35,397.46,0,0,0,0.00,0,F1,25,,,,,
2026-10-01,2026-10-01,FO,NSE,IDO,51878,,NIFTYNXT50,,2026-10-27,2026-10-27,65100.00,PE,NIFTYNXT5026OCT65100PE,0.00,0.00,0.00,552.10,0.00,552.10,68981.35,247.15,0,0,0,0.00,0,F1,25,,,,,
2026-10-01,2026-10-01,FO,NSE,IDO,51831,,NIFTYNXT50,,2026-10-27,2026-10-27,63700.00,PE,NIFTYNXT5026OCT63700PE,0.00,0.00,0.00,366.45,0.00,366.45,68981.35,106.16,0,0,0,0.00,0,F1,25,,,,,
2026-10-01,2026-10-01,FO,NSE,IDO,51775,,NIFTYNXT50,,2026-10-27,2026-10-27,62000.00,PE,NIFTYNXT5026OCT62000PE,0.00,0.00,0.00,211.15,0.00,211.15,68981.35,31.37,0,0,0,0.00,0,F1,25,,,,,
2026-10-01,2026-10-01,FO,NSE,IDO,67379,,NIFTYNXT50,,2026-12-29,2026-12-29,73600.00,CE,NIFTYNXT5026DEC73600CE,0.00,0.00,0.00,1674.40,0.00,1674.40,68981.35,1483.71,0,0,0,0.00,0,F1,25,,,,,
2026-10-01,2026-10-01,FO,NSE,IDO,67270,,NIFTYNXT50,,2026-12-29,2026-12-29,72800.00,CE,NIFTYNXT5026DEC72800CE,0.00,0.00,0.00,1942.35,0.00,1942.35,68981.35,1732.95,0,0,0,0.00,0,F1,25,,,,,
2026-10-01,2026-10-01,FO,NSE,IDO,67265,,NIFTYNXT50,,2026-12-29,2026-12-29,72700.00,CE,NIFTYNXT5026DEC72700CE,0.00,0.00,0.00,1977.95,0.00,1977.95,68981.35,1766.22,0,0,0,0.00,0,F1,25,,,,,
2026-10-01,2026-10-01,FO,NSE,IDO,67248,,NIFTYNXT50,,2026-12-29,2026-12-29,72400.00,CE,NIFTYNXT5026DEC72400CE,0.00,0.00,0.00,2087.80,0.00,2087.80,68981.35,1868.96,0,0,0,0.00,0,F1,25,,,,,
2026-10-01,2026-10-01,FO,NSE,IDO,67244,,NIFTYNXT50,,2026-12-29,2026-12-29,72200.00,CE,NIFTYNXT5026DEC72200CE,0.00,0.00,0.00,2163.55,0.00,2163.55,68981.35,1939.91,0,0,0,0.00,0,F1,25,,,,,
2026-10-01,2026-10-01,FO,NSE,IDO,51832,,NIFTYNXT50,,2026-10-27,2026-10-27,63800.00,CE,NIFTYNXT5026OCT63800CE,0.00,0.00,0.00,9623.50,0.00,9623.50,68981.35,5563.11,0,0,0,0.00,0,F1,25,,,,,
2026-10-01,2026-10-01,FO,NSE,IDO,51840,,NIFTYNXT50,,2026-10-27,2026-10-27,64000.00,CE,NIFTYNXT5026OCT64000CE,0.00,0.00,0.00,9450.05,0.00,9450.05,68981.35,5379.37,0,0,0,0.00,0,F1,25,,,,,
2026-10-01,2026-10-01,FO,NSE,IDO,51855,,NIFTYNXT50,,2026-10-27,2026-10-27,64400.00,CE,NIFTYNXT5026OCT64400CE,0.00,0.00,0.00,9106.65,0.00,9106.65,68981.35,5017.09,0,0,0,0.00,0,F1,25,,,,,
2026-10-01,2026-10-01,FO,NSE,IDO,51885,,NIFTYNXT50,,2026-10-27,2026-10-27,65400.00,CE,NIFTYNXT5026OCT65400CE,0.00,0.00,0.00,8269.60,0.00,8269.60,68981.35,4147.76,0,0,0,0.00,0,F1,25,,,,,
2026-10-01,2026-10-01,FO,NSE,IDO,51889,,NIFTYNXT50,,2026-10-27,2026-10-27,65500.00,CE,NIFTYNXT5026OCT65500CE,0.00,0.00,0.00,8187.70,0.00,8187.70,68981.35,4064.15,0,0,0,0.00,0,F1,25,,,,,
2026-10-01,2026-10-01,FO,NSE,IDO,51943,,NIFTYNXT50,,2026-10-27,2026-10-27,67600.00,CE,NIFTYNXT5026OCT67600CE,0.00,0.00,0.00,6553.50,0.00,6553.50,68981.35,2488.05,0,0,0,0.00,0,F1,25,,,,,
2026-10-01,2026-10-01,FO,NSE,IDO,51997,,NIFTYNXT50,,2026-10-27,2026-10-27,69100.00,CE,NIFTYNXT5026OCT69100CE,0.00,0.00,0.00,5496.95,0.00,5496.95,68981.35,1615.59,0,0,0,0.00,0,F1,25,,,,,
2026-10-01,2026-10-01,FO,NSE,IDO,51999,,NIFTYNXT50,,2026-10-27,2026-10-27,69200.00,CE,NIFTYNXT5026OCT69200CE,0.00,0.00,0.00,5430.25,0.00,5430.25,68981.35,1565.36,0,0,0,0.00,0,F1,25,,,,,
2026-10-01,2026-10-01,FO,NSE,IDO,52013,,NIFTYNXT50,,2026-10-27,2026-10-27,69900.00,CE,NIFTYNXT5026OCT69900CE,0.00,0.00,0.00,4976.30,0.00,4976.30,68981.35,1244.43,0,0,0,0.00,0,F1,25,,,,,
2026-10-01,2026-10-01,FO,NSE,IDO,52057,,NIFTYNXT50,,2026-10-27,2026-10-27,70900.00,CE,NIFTYNXT5026OCT70900CE,0.00,0.00,0.00,4368.55,0.00,4368.55,68981.35,870.44,0,0,0,0.00,0,F1,25,,,,,
2026-10-01,2026-10-01,FO,NSE,IDO,52079,,NIFTYNXT50,,2026-10-27,2026-10-27,71900.00,CE,NIFTYNXT5026OCT71900CE,0.00,0.00,0.00,3809.80,0.00,3809.80,68981.35,590.67,0,0,0,0.00,0,F1,25,,,,,
2026-10-01,2026-10-01,FO,NSE,IDO,52124,,NIFTYNXT50,,2026-10-27,2026-10-27,72700.00,CE,NIFTYNXT5026OCT72700CE,0.00,0.00,0.00,3398.25,0.00,3398.25,68981.35,418.45,0,0,0,0.00,0,F1,25,,,,,
2026-10-01,2026-10-01,FO,NSE,IDO,52159,,NIFTYNXT50,,2026-10-27,2026-10-27,73900.00,CE,NIFTYNXT5026OCT73900CE,0.00,0.00,0.00,2839.45,0.00,2839.45,68981.35,240.23,0,0,0,0.00,0,F1,25,,,,,
2026-10-01,2026-10-01,FO,NSE,IDO,52196,,NIFTYNXT50,,2026-10-27,2026-10-27,75700.00,CE,NIFTYNXT5026OCT75700CE,0.00,0.00,0.00,2129.65,0.00,2129.65,68981.35,94.43,0,0,0,0.00,0,F1,25,,,,,
2026-10-01,2026-10-01,FO,NSE,IDO,52290,,NIFTYNXT50,,2026-10-27,2026-10-27,79000.00,CE,NIFTYNXT5026OCT79000CE,0.00,0.00,0.00,1191.55,0.00,1191.55,68981.35,12.47,0,0,0,0.00,0,F1,25,,,,,
2026-10-01,2026-10-01,FO,NSE,IDO,52304,,NIFTYNXT50,,2026-10-27,2026-10-27,79400.00,CE,NIFTYNXT5026OCT79400CE,0.00,0.00,0.00,1102.30,0.00,1102.30,68981.35,9.50,0,0,0,0.00,0,F1,25,,,,,
2026-10-01,2026-10-01,FO,NSE,IDO,65226,,NIFTYNXT50,,2026-11-23,2026-11-23,61000.00,CE,NIFTYNXT5026NOV61000CE,0.00,0.00,0.00,14469.20,0.00,14469.20,68981.35,8643.61,0,0,0,0.00,0,F1,25,,,,,
2026-10-01,2026-10-01,FO,NSE,IDO,65238,,NIFTYNXT50,,2026-11-23,2026-11-23,62700.00,CE,NIFTYNXT5026NOV62700CE,0.00,0.00,0.00,12848.50,0.00,12848.50,68981.35,7084.78,0,0,0,0.00,0,F1,25,,,,,
2026-10-01,2026-10-01,FO,NSE,IDO,65258,,NIFTYNXT50,,2026-11-23,2026-11-23,63500.00,CE,NIFTYNXT5026NOV63500CE,0.00,0.00,0.00,12098.35,0.00,12098.35,68981.35,6383.82,0,0,0,0.00,0,F1,25,,,,,
2026-10-01,2026-10-01,FO,NSE,IDO,65424,,NIFTYNXT50,,2026-11-23,2026-11-23,65300.00,CE,NIFTYNXT5026NOV65300CE,0.00,0.00,0.00,10451.45,0.00,10451.45,68981.35,4911.06,0,0,0,0.00,0,F1,25,,,,,
2026-10-01,2026-10-01,FO,NSE,IDO,65440,,NIFTYNXT50,,2026-11-23,2026-11-23,66100.00,CE,NIFTYNXT5026NOV66100CE,0.00,0.00,0.00,9742.25,0.00,9742.25,68981.35,4314.78,0,0,0,0.00,0,F1,25,,,,,
2026-10-01,2026-10-01,FO,NSE,IDO,65476,,NIFTYNXT50,,2026-11-23,2026-11-23,67300.00,CE,NIFTYNXT5026NOV67300CE,0.00,0.00,0.00,8711.10,0.00,8711.10,68981.35,3489.81,0,0,0,0.00,0,F1,25,,,,,
2026-10-01,2026-10-01,FO,NSE,IDO,65478,,NIFTYNXT50,,2026-11-23,2026-11-23,67400.00,CE,NIFTYNXT5026NOV67400CE,0.00,0.00,0.00,8627.10,0.00,8627.10,68981.35,3425.67,0,0,0,0.00,0,F1,25,,,,,
2026-10-01,2026-10-01,FO,NSE,IDO,65756,,NIFTYNXT50,,2026-11-23,2026-11-23,74800.00,CE,NIFTYNXT5026NOV74800CE,0.00,0.00,0.00,3542.40,0.00,3542.40,68981.35,566.58,0,0,0,0.00,0,F1,25,,,,,
2026-10-01,2026-10-01,FO,NSE,IDO,65774,,NIFTYNXT50,,2026-11-23,2026-11-23,75400.00,CE,NIFTYNXT5026NOV75400CE,0.00,0.00,0.00,3243.20,0.00,3243.20,68981.35,471.37,0,0,0,0.00,0,F1,25,,,,,
2026-10-01,2026-10-01,FO,NSE,IDO,65812,,NIFTYNXT50,,2026-11-23,2026-11-23,75800.00,CE,NIFTYNXT5026NOV75800CE,0.00,0.00,0.00,3053.80,0.00,3053.80,68981.35,415.62,0,0,0,0.00,0,F1,25,,,,,
2026-10-01,2026-10-01,FO,NSE,IDO,65820,,NIFTYNXT50,,2026-11-23,2026-11-23,76200.00,CE,NIFTYNXT5026NOV76200CE,0.00,0.00,0.00,2872.25,0.00,2872.25,68981.35,365.52,0,0,0,0.00,0,F1,25,,,,,
2026-10-01,2026-10-01,FO,NSE,IDO,65830,,NIFTYNXT50,,2026-11-23,2026-11-23,76700.00,CE,NIFTYNXT5026NOV76700CE,0.00,0.00,0.00,2656.25,0.00,2656.25,68981.35,310.19,0,0,0,0.00,0,F1,25,,,,,
2026-10-01,2026-10-01,FO,NSE,IDO,65844,,NIFTYNXT50,,2026-11-23,2026-11-23,77400.00,CE,NIFTYNXT5026NOV77400CE,0.00,0.00,0.00,2373.80,0.00,2373.80,68981.35,244.86,0,0,0,0.00,0,F1,25,,,,,
2026-10-01,2026-10-01,FO,NSE,IDO,66706,,NIFTYNXT50,,2026-12-29,2026-12-29,62300.00,CE,NIFTYNXT5026DEC62300CE,0.00,0.00,0.00,8470.35,0.00,8470.35,68981.35,8062.66,0,0,0,0.00,0,F1,25,,,,,
2026-10-01,2026-10-01,FO,NSE,IDO,67855,,NIFTYNXT50,,2026-12-29,2026-12-29,77500.00,PE,NIFTYNXT5026DEC77500PE,0.00,0.00,0.00,7659.20,0.00,7659.20,68981.35,7972.76,0,0,0,0.00,0,F1,25,,,,,
2026-10-01,2026-10-01,FO,NSE,IDO,67354,,NIFTYNXT50,,2026-12-29,2026-12-29,73200.00,PE,NIFTYNXT5026DEC73200PE,0.00,0.00,0.00,4471.95,0.00,4471.95,68981.35,4698.59,0,0,0,0.00,0,F1,25,,,,,
2026-10-01,2026-10-01,FO,NSE,IDO,67247,,NIFTYNXT50,,2026-12-29,2026-12-29,72300.00,PE,NIFTYNXT5026DEC72300PE,0.00,0.00,0.00,3905.95,0.00,3905.95,68981.35,4112.00,0,0,0,0.00,0,F1,25,,,,,
2026-10-01,2026-10-01,FO,NSE,IDO,66739,,NIFTYNXT50,,2026-12-29,2026-12-29,62400.00,CE,NIFTYNXT5026DEC62400CE,0.00,0.00,0.00,8384.70,0.00,8384.70,68981.35,7977.97,0,0,0,0.00,0,F1,25,,,,,
2026-10-01,2026-10-01,FO,NSE,IDO,66747,,NIFTYNXT50,,2026-12-29,2026-12-29,62600.00,CE,NIFTYNXT5026DEC62600CE,0.00,0.00,0.00,8214.40,0.00,8214.40,68981.35,7809.62,0,0,0,0.00,0,F1,25,,,,,
2026-10-01,2026-10-01,FO,NSE,IDO,66840,,NIFTYNXT50,,2026-12-29,2026-12-29,64400.00,CE,NIFTYNXT5026DEC64400CE,0.00,0.00,0.00,6746.40,0.00,6746.40,68981.35,6362.82,0,0,0,0.00,0,F1,25,,,,,
2026-10-01,2026-10-01,FO,NSE,IDO,66999,,NIFTYNXT50,,2026-12-29,2026-12-29,66200.00,CE,NIFTYNXT5026DEC66200CE,0.00,0.00,0.00,5412.40,0.00,5412.40,68981.35,5057.18,0,0,0,0.00,0,F1,25,,,,,
2026-10-01,2026-10-01,FO,NSE,IDO,67027,,NIFTYNXT50,,2026-12-29,2026-12-29,67500.00,CE,NIFTYNXT5026DEC67500CE,0.00,0.00,0.00,4547.05,0.00,4547.05,68981.35,4216.43,0,0,0,0.00,0,F1,25,,,,,
2026-10-01,2026-10-01,FO,NSE,IDO,67037,,NIFTYNXT50,,2026-12-29,2026-12-29,68000.00,CE,NIFTYNXT5026DEC68000CE,0.00,0.00,0.00,4237.45,0.00,4237.45,68981.35,3917.09,0,0,0,0.00,0,F1,25,,,,,
2026-10-01,2026-10-01,FO,NSE,IDO,67122,,NIFTYNXT50,,2026-12-29,2026-12-29,70200.00,CE,NIFTYNXT5026DEC70200CE,0.00,0.00,0.00,3033.70,0.00,3033.70,68981.35,2762.53,0,0,0,0.00,0,F1,25,,,,,
2026-10-01,2026-10-01,FO,NSE,IDO,67212,,NIFTYNXT50,,2026-12-29,2026-12-29,70900.00,CE,NIFTYNXT5026DEC70900CE,0.00,0.00,0.00,2705.30,0.00,2705.30,68981.35,2450.66,0,0,0,0.00,0,F1,25,,,,,
2026-10-01,2026-10-01,FO,NSE,IDO,67090,,NIFTYNXT50,,2026-12-29,2026-12-29,69700.00,PE,NIFTYNXT5026DEC69700PE,0.00,0.00,0.00,2503.25,0.00,2503.25,68981.35,2649.29,0,0,0,0.00,0,F1,25,,,,,
2026-10-01,2026-10-01,FO,NSE,IDO,67073,,NIFTYNXT50,,2026-12-29,2026-12-29,69600.00,PE,NIFTYNXT5026DEC69600PE,0.00,0.00,0.00,2456.45,0.00,2456.45,68981.35,2600.54,0,0,0,0.00,0,F1,25,,,,,
2026-10-01,2026-10-01,FO,NSE,IDO,67020,,NIFTYNXT50,,2026-12-29,2026-12-29,67100.00,PE,NIFTYNXT5026DEC67100PE,0.00,0.00,0.00,1460.85,0.00,1460.85,68981.35,1553.32,0,0,0,0.00,0,F1,25,,,,,
2026-10-01,2026-10-01,FO,NSE,IDO,66952,,NIFTYNXT50,,2026-12-29,2026-12-29,65300.00,PE,NIFTYNXT5026DEC65300PE,0.00,0.00,0.00,944.60,0.00,944.60,68981.35,1008.87,0,0,0,0.00,0,F1,25,,,,,
2026-10-01,2026-10-01,FO,NSE,IDO,66851,,NIFTYNXT50,,2026-12-29,2026-12-29,64900.00,PE,NIFTYNXT5026DEC64900PE,0.00,0.00,0.00,850.45,0.00,850.45,68981.35,906.58,0,0,0,0.00,0,F1,25,,,,,
2026-10-01,2026-10-01,FO,NSE,IDO,66836,,NIFTYNXT50,,2026-12-29,2026-12-29,64200.00,PE,NIFTYNXT5026DEC64200PE,0.00,0.00,0.00,702.50,0.00,702.50,68981.35,749.29,0,0,0,0.00,0,F1,25,,,,,
2026-10-01,2026-10-01,FO,NSE,IDO,66825,,NIFTYNXT50,,2026-12-29,2026-12-29,64000.00,PE,NIFTYNXT5026DEC64000PE,0.00,0.00,0.00,664.00,0.00,664.00,68981.35,708.29,0,0,0,0.00,0,F1,25,,,,,
2026-10-01,2026-10-01,FO,NSE,IDO,66812,,NIFTYNXT50,,2026-12-29,2026-12-29,63600.00,PE,NIFTYNXT5026DEC63600PE,0.00,0.00,0.00,591.70,0.00,591.70,68981.35,631.33,0,0,0,0.00,0,F1,25,,,,,
2026-10-01,2026-10-01,FO,NSE,IDO,52204,,NIFTYNXT50,,2026-10-27,2026-10-27,76100.00,CE,NIFTYNXT5026OCT76100CE,0.00,0.00,0.00,1991.85,0.00,1991.85,68981.35,75.48,0,0,0,0.00,0,F1,25,,,,,
2026-10-01,2026-10-01,FO,NSE,IDO,52183,,NIFTYNXT50,,2026-10-27,2026-10-27,75100.00,CE,NIFTYNXT5026OCT75100CE,0.00,0.00,0.00,2349.70,0.00,2349.70,68981.35,130.67,0,0,0,0.00,0,F1,25,,,,,
2026-10-01,2026-10-01,FO,NSE,IDO,52141,,NIFTYNXT50,,2026-10-27,2026-10-27,73300.00,CE,NIFTYNXT5026OCT73300CE,0.00,0.00,0.00,3110.00,0.00,3110.00,68981.35,319.20,0,0,0,0.00,0,F1,25,,,,,
2026-10-01,2026-10-01,FO,NSE,IDO,52137,,NIFTYNXT50,,2026-10-27,2026-10-27,73200.00,CE,NIFTYNXT5026OCT73200CE,0.00,0.00,0.00,3156.75,0.00,3156.75,68981.35,334.24,0,0,0,0.00,0,F1,25,,,,,
2026-10-01,2026-10-01,FO,NSE,IDO,52063,,NIFTYNXT50,,2026-10-27,2026-10-27,71100.00,CE,NIFTYNXT5026OCT71100CE,0.00,0.00,0.00,4252.90,0.00,4252.90,68981.35,806.93,0,0,0,0.00,0,F1,25,,,,,
2026-10-01,2026-10-01,FO,NSE,IDO,52007,,NIFTYNXT50,,2026-10-27,2026-10-27,69600.00,CE,NIFTYNXT5026OCT69600CE,0.00,0.00,0.00,5168.00,0.00,5168.00,68981.35,1375.85,0,0,0,0.00,0,F1,25,,,,,
2026-10-01,2026-10-01,FO,NSE,IDO,51995,,NIFTYNXT50,,2026-10-27,2026-10-27,69000.00,CE,NIFTYNXT5026OCT69000CE,0.00,0.00,0.00,5564.15,0.00,5564.15,68981.35,1666.58,0,0,0,0.00,0,F1,25,,,,,
2026-10-01,2026-10-01,FO,NSE,IDO,51959,,NIFTYNXT50,,2026-10-27,2026-10-27,68200.00,CE,NIFTYNXT5026OCT68200CE,0.00,0.00,0.00,6121.40,0.00,6121.40,68981.35,2111.63,0,0,0,0.00,0,F1,25,,,,,
2026-10-01,2026-10-01,FO,NSE,IDO,51933,,NIFTYNXT50,,2026-10-27,2026-10-27,67300.00,CE,NIFTYNXT5026OCT67300CE,0.00,0.00,0.00,6776.35,0.00,6776.35,68981.35,2689.48,0,0,0,0.00,0,F1,25,,,,,
2026-10-01,2026-10-01,FO,NSE,IDO,51927,,NIFTYNXT50,,2026-10-27,2026-10-27,67000.00,CE,NIFTYNXT5026OCT67000CE,0.00,0.00,0.00,7002.85,0.00,7002.85,68981.35,2899.38,0,0,0,0.00,0,F1,25,,,,,
2026-10-01,2026-10-01,FO,NSE,IDO,51921,,NIFTYNXT50,,2026-10-27,2026-10-27,66700.00,CE,NIFTYNXT5026OCT66700CE,0.00,0.00,0.00,7233.00,0.00,7233.00,68981.35,3120.71,0,0,0,0.00,0,F1,25,,,,,
2026-10-01,2026-10-01,FO,NSE,IDO,51883,,NIFTYNXT50,,2026-10-27,2026-10-27,65300.00,CE,NIFTYNXT5026OCT65300CE,0.00,0.00,0.00,8351.85,0.00,8351.85,68981.35,4232.02,0,0,0,0.00,0,F1,25,,,,,
2026-10-01,2026-10-01,FO,NSE,IDO,51822,,NIFTYNXT50,,2026-10-27,2026-10-27,63500.00,CE,NIFTYNXT5026OCT63500CE,0.00,0.00,0.00,9885.70,0.00,9885.70,68981.35,5841.60,0,0,0,0.00,0,F1,25,,,,,
2026-10-01,2026-10-01,FO,NSE,IDF,58877,,NIFTYNXT50,,2026-12-29,2026-12-29,,,NIFTYNXT5026DECFUT,70493.00,70493.00,70493.00,70493.00,70493.00,70493.00,68981.35,70057.74,25,25,1,1762325.00,1,F1,25,,,,,
2026-10-01,2026-10-01,FO,NSE,IDO,67102,,NIFTYNXT50,,2026-12-29,2026-12-29,69800.00,PE,NIFTYNXT5026DEC69800PE,0.00,0.00,0.00,2550.55,0.00,2550.55,68981.35,2698.86,0,0,0,0.00,0,F1,25,,,,,
2026-10-01,2026-10-01,FO,NSE,IDO,67058,,NIFTYNXT50,,2026-12-29,2026-12-29,69000.00,PE,NIFTYNXT5026DEC69000PE,0.00,0.00,0.00,2187.00,0.00,2187.00,68981.35,2317.94,0,0,0,0.00,0,F1,25,,,,,
2026-10-01,2026-10-01,FO,NSE,IDO,67022,,NIFTYNXT50,,2026-12-29,2026-12-29,67200.00,PE,NIFTYNXT5026DEC67200PE,0.00,0.00,0.00,1494.35,0.00,1494.35,68981.35,1588.69,0,0,0,0.00,0,F1,25,,,,,
2026-10-01,2026-10-01,FO,NSE,IDO,66956,,NIFTYNXT50,,2026-12-29,2026-12-29,65500.00,PE,NIFTYNXT5026DEC65500PE,0.00,0.00,0.00,996.90,0.00,996.90,68981.35,1061.43,0,0,0,0.00,0,F1,25,,,,,
2026-10-01,2026-10-01,FO,NSE,IDO,66705,,NIFTYNXT50,,2026-12-29,2026-12-29,62200.00,PE,NIFTYNXT5026DEC62200PE,0.00,0.00,0.00,384.80,0.00,384.80,68981.35,410.68,0,0,0,0.00,0,F1,25,,,,,
2026-10-01,2026-10-01,FO,NSE,IDO,66699,,NIFTYNXT50,,2026-12-29,2026-12-29,61900.00,PE,NIFTYNXT5026DEC61900PE,0.00,0.00,0.00,348.90,0.00,348.90,68981.35,372.36,0,0,0,0.00,0,F1,25,,,,,
2026-10-01,2026-10-01,FO,NSE,IDO,67208,,NIFTYNXT50,,2026-12-29,2026-12-29,70700.00,CE,NIFTYNXT5026DEC70700CE,0.00,0.00,0.00,2796.50,0.00,2796.50,68981.35,2537.08,0,0,0,0.00,0,F1,25,,,,,
2026-10-01,2026-10-01,FO,NSE,IDO,67109,,NIFTYNXT50,,2026-12-29,2026-12-29,70000.00,CE,NIFTYNXT5026DEC70000CE,0.00,0.00,0.00,3132.60,0.00,3132.60,68981.35,2856.49,0,0,0,0.00,0,F1,25,,,,,
2026-10-01,2026-10-01,FO,NSE,IDO,67057,,NIFTYNXT50,,2026-12-29,2026-12-29,69000.00,CE,NIFTYNXT5026DEC69000CE,0.00,0.00,0.00,3658.10,0.00,3658.10,68981.35,3359.43,0,0,0,0.00,0,F1,25,,,,,
2026-10-01,2026-10-01,FO,NSE,IDO,67041,,NIFTYNXT50,,2026-12-29,2026-12-29,68200.00,CE,NIFTYNXT5026DEC68200CE,0.00,0.00,0.00,4117.30,0.00,4117.30,68981.35,3801.17,0,0,0,0.00,0,F1,25,,,,,
2026-10-01,2026-10-01,FO,NSE,IDO,67025,,NIFTYNXT50,,2026-12-29,2026-12-29,67400.00,CE,NIFTYNXT5026DEC67400CE,0.00,0.00,0.00,4610.55,0.00,4610.55,68981.35,4277.93,0,0,0,0.00,0,F1,25,,,,,
2026-10-01,2026-10-01,FO,NSE,IDO,66844,,NIFTYNXT50,,2026-12-29,2026-12-29,64600.00,CE,NIFTYNXT5026DEC64600CE,0.00,0.00,0.00,6591.15,0.00,6591.15,68981.35,6210.37,0,0,0,0.00,0,F1,25,,,,,
2026-10-01,2026-10-01,FO,NSE,IDO,66815,,NIFTYNXT50,,2026-12-29,2026-12-29,63700.00,CE,NIFTYNXT5026DEC63700CE,0.00,0.00,0.00,7302.65,0.00,7302.65,68981.35,6910.01,0,0,0,0.00,0,F1,25,,,,,
2026-10-01,2026-10-01,FO,NSE,IDO,66786,,NIFTYNXT50,,2026-12-29,2026-12-29,63100.00,CE,NIFTYNXT5026DEC63100CE,0.00,0.00,0.00,7794.60,0.00,7794.60,68981.35,7395.00,0,0,0,0.00,0,F1,25,,,,,
2026-10-01,2026-10-01,FO,NSE,IDO,66118,,NIFTYNXT50,,2026-11-23,2026-11-23,84000.00,CE,NIFTYNXT5026NOV84000CE,0.00,0.00,0.00,696.95,0.00,696.95,68981.35,18.20,0,0,0,0.00,0,F1,25,,,,,
2026-10-01,2026-10-01,FO,NSE,IDO,51944,,NIFTYNXT50,,2026-10-27,2026-10-27,67600.00,PE,NIFTYNXT5026OCT67600PE,0.00,0.00,0.00,1050.75,0.00,1050.75,68981.35,822.24,0,0,0,0.00,0,F1,25,,,,,
2026-10-01,2026-10-01,FO,NSE,IDF,61473,,NIFTYNXT50,,2026-11-23,2026-11-23,,,NIFTYNXT5026NOVFUT,70127.80,70127.80,68701.20,69383.60,69383.60,70175.40,68981.35,69383.60,325,275,13,22492220.00,13,F1,25,,,,,
2026-10-01,2026-10-01,FO,NSE,IDO,51780,,NIFTYNXT50,,2026-10-27,2026-10-27,62200.00,CE,NIFTYNXT5026OCT62200CE,0.00,0.00,0.00,11047.70,0.00,11047.70,68981.35,7079.73,0,0,0,0.00,0,F1,25,,,,,
2026-10-01,2026-10-01,FO,NSE,IDO,51806,,NIFTYNXT50,,2026-10-27,2026-10-27,63000.00,CE,NIFTYNXT5026OCT63000CE,0.00,0.00,0.00,10327.90,0.00,10327.90,68981.35,6312.48,0,0,0,0.00,0,F1,25,,,,,
2026-10-01,2026-10-01,FO,NSE,IDO,51814,,NIFTYNXT50,,2026-10-27,2026-10-27,63300.00,CE,NIFTYNXT5026OCT63300CE,0.00,0.00,0.00,10061.80,0.00,10061.80,68981.35,6029.01,0,0,0,0.00,0,F1,25,,,,,
2026-10-01,2026-10-01,FO,NSE,IDO,51824,,NIFTYNXT50,,2026-10-27,2026-10-27,63600.00,CE,NIFTYNXT5026OCT63600CE,0.00,0.00,0.00,9798.05,0.00,9798.05,68981.35,5748.40,0,0,0,0.00,0,F1,25,,,,,
2026-10-01,2026-10-01,FO,NSE,IDO,51830,,NIFTYNXT50,,2026-10-27,2026-10-27,63700.00,CE,NIFTYNXT5026OCT63700CE,0.00,0.00,0.00,9710.65,0.00,9710.65,68981.35,5655.57,0,0,0,0.00,0,F1,25,,,,,
2026-10-01,2026-10-01,FO,NSE,IDO,51871,,NIFTYNXT50,,2026-10-27,2026-10-27,64900.00,CE,NIFTYNXT5026OCT64900CE,0.00,0.00,0.00,8684.10,0.00,8684.10,68981.35,4575.29,0,0,0,0.00,0,F1,25,,,,,
2026-10-01,2026-10-01,FO,NSE,IDO,51975,,NIFTYNXT50,,2026-10-27,2026-10-27,68600.00,CE,NIFTYNXT5026OCT68600CE,0.00,0.00,0.00,5837.50,0.00,5837.50,68981.35,1880.87,0,0,0,0.00,0,F1,25,,,,,
2026-10-01,2026-10-01,FO,NSE,IDO,52048,,NIFTYNXT50,,2026-10-27,2026-10-27,70500.00,CE,NIFTYNXT5026OCT70500CE,0.00,0.00,0.00,4605.85,0.00,4605.85,68981.35,1008.51,0,0,0,0.00,0,F1,25,,,,,
2026-10-01,2026-10-01,FO,NSE,IDO,52050,,NIFTYNXT50,,2026-10-27,2026-10-27,70600.00,CE,NIFTYNXT5026OCT70600CE,0.00,0.00,0.00,4545.80,0.00,4545.80,68981.35,972.58,0,0,0,0.00,0,F1,25,,,,,
2026-10-01,2026-10-01,FO,NSE,IDO,52065,,NIFTYNXT50,,2026-10-27,2026-10-27,71200.00,CE,NIFTYNXT5026OCT71200CE,0.00,0.00,0.00,4195.75,0.00,4195.75,68981.35,776.51,0,0,0,0.00,0,F1,25,,,,,
2026-10-01,2026-10-01,FO,NSE,IDO,52104,,NIFTYNXT50,,2026-10-27,2026-10-27,72500.00,CE,NIFTYNXT5026OCT72500CE,0.00,0.00,0.00,3498.20,0.00,3498.20,68981.35,456.62,0,0,0,0.00,0,F1,25,,,,,
2026-10-01,2026-10-01,FO,NSE,IDO,52167,,NIFTYNXT50,,2026-10-27,2026-10-27,74300.00,CE,NIFTYNXT5026OCT74300CE,0.00,0.00,0.00,2668.70,0.00,2668.70,68981.35,197.28,0,0,0,0.00,0,F1,25,,,,,
2026-10-01,2026-10-01,FO,NSE,IDO,52179,,NIFTYNXT50,,2026-10-27,2026-10-27,74900.00,CE,NIFTYNXT5026OCT74900CE,0.00,0.00,0.00,2426.70,0.00,2426.70,68981.35,145.17,0,0,0,0.00,0,F1,25,,,,,
2026-10-01,2026-10-01,FO,NSE,IDO,52207,,NIFTYNXT50,,2026-10-27,2026-10-27,76200.00,CE,NIFTYNXT5026OCT76200CE,0.00,0.00,0.00,1958.45,0.00,1958.45,68981.35,71.31,0,0,0,0.00,0,F1,25,,,,,
2026-10-01,2026-10-01,FO,NSE,IDO,52252,,NIFTYNXT50,,2026-10-27,2026-10-27,78300.00,CE,NIFTYNXT5026OCT78300CE,0.00,0.00,0.00,1355.45,0.00,1355.45,68981.35,19.81,0,0,0,0.00,0,F1,25,,,,,
2026-10-01,2026-10-01,FO,NSE,IDO,52308,,NIFTYNXT50,,2026-10-27,2026-10-27,79600.00,CE,NIFTYNXT5026OCT79600CE,0.00,0.00,0.00,1061.00,0.00,1061.00,68981.35,8.28,0,0,0,0.00,0,F1,25,,,,,
2026-10-01,2026-10-01,FO,NSE,IDO,52320,,NIFTYNXT50,,2026-10-27,2026-10-27,80200.00,CE,NIFTYNXT5026OCT80200CE,0.00,0.00,0.00,944.65,0.00,944.65,68981.35,5.42,0,0,0,0.00,0,F1,25,,,,,
2026-10-01,2026-10-01,FO,NSE,IDO,65246,,NIFTYNXT50,,2026-11-23,2026-11-23,63000.00,CE,NIFTYNXT5026NOV63000CE,0.00,0.00,0.00,12566.10,0.00,12566.10,68981.35,6819.06,0,0,0,0.00,0,F1,25,,,,,
2026-10-01,2026-10-01,FO,NSE,IDO,65254,,NIFTYNXT50,,2026-11-23,2026-11-23,63400.00,CE,NIFTYNXT5026NOV63400CE,0.00,0.00,0.00,12191.60,0.00,12191.60,68981.35,6470.07,0,0,0,0.00,0,F1,25,,,,,
2026-10-01,2026-10-01,FO,NSE,IDO,67251,,NIFTYNXT50,,2026-12-29,2026-12-29,72400.00,PE,NIFTYNXT5026DEC72400PE,0.00,0.00,0.00,3966.90,0.00,3966.90,68981.35,4175.23,0,0,0,0.00,0,F1,25,,,,,
2026-10-01,2026-10-01,FO,NSE,IDO,67237,,NIFTYNXT50,,2026-12-29,2026-12-29,71800.00,PE,NIFTYNXT5026DEC71800PE,0.00,0.00,0.00,3608.85,0.00,3608.85,68981.35,3803.30,0,0,0,0.00,0,F1,25,,,,,
2026-10-01,2026-10-01,FO,NSE,IDO,67211,,NIFTYNXT50,,2026-12-29,2026-12-29,70800.00,PE,NIFTYNXT5026DEC70800PE,0.00,0.00,0.00,3053.15,0.00,3053.15,68981.35,3224.46,0,0,0,0.00,0,F1,25,,,,,
2026-10-01,2026-10-01,FO,NSE,IDO,67207,,NIFTYNXT50,,2026-12-29,2026-12-29,70600.00,PE,NIFTYNXT5026DEC70600PE,0.00,0.00,0.00,2948.30,0.00,2948.30,68981.35,3115.03,0,0,0,0.00,0,F1,25,,,,,
2026-10-01,2026-10-01,FO,NSE,IDO,67056,,NIFTYNXT50,,2026-12-29,2026-12-29,68900.00,PE,NIFTYNXT5026DEC68900PE,0.00,0.00,0.00,2144.00,0.00,2144.00,68981.35,2272.77,0,0,0,0.00,0,F1,25,,,,,
2026-10-01,2026-10-01,FO,NSE,IDO,67050,,NIFTYNXT50,,2026-12-29,2026-12-29,68600.00,PE,NIFTYNXT5026DEC68600PE,0.00,0.00,0.00,2018.15,0.00,2018.15,68981.35,2140.56,0,0,0,0.00,0,F1,25,,,,,
2026-10-01,2026-10-01,FO,NSE,IDO,67038,,NIFTYNXT50,,2026-12-29,2026-12-29,68000.00,PE,NIFTYNXT5026DEC68000PE,0.00,0.00,0.00,1780.95,0.00,1780.95,68981.35,1890.97,0,0,0,0.00,0,F1,25,,,,,
2026-10-01,2026-10-01,FO,NSE,IDO,67018,,NIFTYNXT50,,2026-12-29,2026-12-29,67000.00,PE,NIFTYNXT5026DEC67000PE,0.00,0.00,0.00,1427.85,0.00,1427.85,68981.35,1518.49,0,0,0,0.00,0,F1,25,,,,,
2026-10-01,2026-10-01,FO,NSE,IDO,65262,,NIFTYNXT50,,2026-11-23,2026-11-23,63700.00,CE,NIFTYNXT5026NOV63700CE,0.00,0.00,0.00,11912.35,0.00,11912.35,68981.35,6212.59,0,0,0,0.00,0,F1,25,,,,,
2026-10-01,2026-10-01,FO,NSE,IDO,65376,,NIFTYNXT50,,2026-11-23,2026-11-23,64300.00,CE,NIFTYNXT5026NOV64300CE,0.00,0.00,0.00,11358.60,0.00,11358.60,68981.35,5709.61,0,0,0,0.00,0,F1,25,,,,,
2026-10-01,2026-10-01,FO,NSE,IDO,65414,,NIFTYNXT50,,2026-11-23,2026-11-23,64800.00,CE,NIFTYNXT5026NOV64800CE,0.00,0.00,0.00,10902.35,0.00,10902.35,68981.35,5303.75,0,0,0,0.00,0,F1,25,,,,,
2026-10-01,2026-10-01,FO,NSE,IDO,65454,,NIFTYNXT50,,2026-11-23,2026-11-23,66800.00,CE,NIFTYNXT5026NOV66800CE,0.00,0.00,0.00,9135.60,0.00,9135.60,68981.35,3820.69,0,0,0,0.00,0,F1,25,,,,,
2026-10-01,2026-10-01,FO,NSE,IDO,65470,,NIFTYNXT50,,2026-11-23,2026-11-23,67000.00,CE,NIFTYNXT5026NOV67000CE,0.00,0.00,0.00,8964.90,0.00,8964.90,68981.35,3686.31,0,0,0,0.00,0,F1,25,,,,,
2026-10-01,2026-10-01,FO,NSE,IDO,65524,,NIFTYNXT50,,2026-11-23,2026-11-23,68900.00,CE,NIFTYNXT5026NOV68900CE,0.00,0.00,0.00,7408.35,0.00,7408.35,68981.35,2548.11,0,0,0,0.00,0,F1,25,,,,,
2026-10-01,2026-10-01,FO,NSE,IDO,65572,,NIFTYNXT50,,2026-11-23,2026-11-23,71200.00,CE,NIFTYNXT5026NOV71200CE,0.00,0.00,0.00,5709.00,0.00,5709.00,68981.35,1513.45,0,0,0,0.00,0,F1,25,,,,,
2026-10-01,2026-10-01,FO,NSE,IDO,65580,,NIFTYNXT50,,2026-11-23,2026-11-23,71600.00,CE,NIFTYNXT5026NOV71600CE,0.00,0.00,0.00,5437.45,0.00,5437.45,68981.35,1370.64,0,0,0,0.00,0,F1,25,,,,,
2026-10-01,2026-10-01,FO,NSE,IDO,65676,,NIFTYNXT50,,2026-11-23,2026-11-23,72100.00,CE,NIFTYNXT5026NOV72100CE,0.00,0.00,0.00,5108.50,0.00,5108.50,68981.35,1206.58,0,0,0,0.00,0,F1,25,,,,,
2026-10-01,2026-10-01,FO,NSE,IDO,65700,,NIFTYNXT50,,2026-11-23,2026-11-23,73300.00,CE,NIFTYNXT5026NOV73300CE,0.00,0.00,0.00,4368.05,0.00,4368.05,68981.35,877.33,0,0,0,0.00,0,F1,25,,,,,
2026-10-01,2026-10-01,FO,NSE,IDO,65740,,NIFTYNXT50,,2026-11-23,2026-11-23,74100.00,CE,NIFTYNXT5026NOV74100CE,0.00,0.00,0.00,3913.75,0.00,3913.75,68981.35,697.12,0,0,0,0.00,0,F1,25,,,,,
2026-10-01,2026-10-01,FO,NSE,IDO,65754,,NIFTYNXT50,,2026-11-23,2026-11-23,74700.00,CE,NIFTYNXT5026NOV74700CE,0.00,0.00,0.00,3593.95,0.00,3593.95,68981.35,583.90,0,0,0,0.00,0,F1,25,,,,,
2026-10-01,2026-10-01,FO,NSE,IDO,65822,,NIFTYNXT50,,2026-11-23,2026-11-23,76300.00,CE,NIFTYNXT5026NOV76300CE,0.00,0.00,0.00,2828.10,0.00,2828.10,68981.35,353.83,0,0,0,0.00,0,F1,25,,,,,
2026-10-01,2026-10-01,FO,NSE,IDO,65832,,NIFTYNXT50,,2026-11-23,2026-11-23,76800.00,CE,NIFTYNXT5026NOV76800CE,0.00,0.00,0.00,2614.45,0.00,2614.45,68981.35,300.02,0,0,0,0.00,0,F1,25,,,,,
2026-10-01,2026-10-01,FO,NSE,IDO,65871,,NIFTYNXT50,,2026-11-23,2026-11-23,78200.00,CE,NIFTYNXT5026NOV78200CE,0.00,0.00,0.00,2078.85,0.00,2078.85,68981.35,185.10,0,0,0,0.00,0,F1,25,,,,,
2026-10-01,2026-10-01,FO,NSE,IDO,65879,,NIFTYNXT50,,2026-11-23,2026-11-23,78300.00,CE,NIFTYNXT5026NOV78300CE,0.00,0.00,0.00,2044.00,0.00,2044.00,68981.35,178.61,0,0,0,0.00,0,F1,25,,,,,
2026-10-01,2026-10-01,FO,NSE,IDO,66056,,NIFTYNXT50,,2026-11-23,2026-11-23,81000.00,CE,NIFTYNXT5026NOV81000CE,0.00,0.00,0.00,1265.00,0.00,1265.00,68981.35,64.30,0,0,0,0.00,0,F1,25,,,,,
2026-10-01,2026-10-01,FO,NSE,IDO,66841,,NIFTYNXT50,,2026-12-29,2026-12-29,64400.00,PE,NIFTYNXT5026DEC64400PE,0.00,0.00,0.00,742.65,0.00,742.65,68981.35,792.00,0,0,0,0.00,0,F1,25,,,,,
2026-10-01,2026-10-01,FO,NSE,IDO,66787,,NIFTYNXT50,,2026-12-29,2026-12-29,63100.00,PE,NIFTYNXT5026DEC63100PE,0.00,0.00,0.00,509.90,0.00,509.90,68981.35,544.17,0,0,0,0.00,0,F1,25,,,,,
2026-10-01,2026-10-01,FO,NSE,IDO,66748,,NIFTYNXT50,,2026-12-29,2026-12-29,62600.00,PE,NIFTYNXT5026DEC62600PE,0.00,0.00,0.00,437.05,0.00,437.05,68981.35,466.46,0,0,0,0.00,0,F1,25,,,,,
2026-10-01,2026-10-01,FO,NSE,IDO,66746,,NIFTYNXT50,,2026-12-29,2026-12-29,62500.00,PE,NIFTYNXT5026DEC62500PE,0.00,0.00,0.00,423.50,0.00,423.50,68981.35,452.00,0,0,0,0.00,0,F1,25,,,,,
2026-10-01,2026-10-01,FO,NSE,IDO,66740,,NIFTYNXT50,,2026-12-29,2026-12-29,62400.00,PE,NIFTYNXT5026DEC62400PE,0.00,0.00,0.00,410.25,0.00,410.25,68981.35,437.89,0,0,0,0.00,0,F1,25,,,,,
2026-10-01,2026-10-01,FO,NSE,IDO,65868,,NIFTYNXT50,,2026-11-23,2026-11-23,78100.00,PE,NIFTYNXT5026NOV78100PE,0.00,0.00,0.00,4545.00,0.00,4545.00,68981.35,8593.63,0,0,0,0.00,0,F1,25,,,,,
2026-10-01,2026-10-01,FO,NSE,IDO,65861,,NIFTYNXT50,,2026-11-23,2026-11-23,78000.00,PE,NIFTYNXT5026NOV78000PE,0.00,0.00,0.00,4482.25,0.00,4482.25,68981.35,8501.45,0,0,0,0.00,0,F1,25,,,,,
2026-10-01,2026-10-01,FO,NSE,IDO,65833,,NIFTYNXT50,,2026-11-23,2026-11-23,76800.00,PE,NIFTYNXT5026NOV76800PE,0.00,0.00,0.00,3764.65,0.00,3764.65,68981.35,7413.79,0,0,0,0.00,0,F1,25,,,,,
2026-10-01,2026-10-01,FO,NSE,IDO,65827,,NIFTYNXT50,,2026-11-23,2026-11-23,76500.00,PE,NIFTYNXT5026NOV76500PE,0.00,0.00,0.00,3595.85,0.00,3595.85,68981.35,7147.91,0,0,0,0.00,0,F1,25,,,,,
2026-10-01,2026-10-01,FO,NSE,IDO,65823,,NIFTYNXT50,,2026-11-23,2026-11-23,76300.00,PE,NIFTYNXT5026NOV76300PE,0.00,0.00,0.00,3485.70,0.00,3485.70,68981.35,6972.18,0,0,0,0.00,0,F1,25,,,,,
2026-10-01,2026-10-01,FO,NSE,IDO,65817,,NIFTYNXT50,,2026-11-23,2026-11-23,76000.00,PE,NIFTYNXT5026NOV76000PE,0.00,0.00,0.00,3324.10,0.00,3324.10,68981.35,6711.00,0,0,0,0.00,0,F1,25,,,,,
2026-10-01,2026-10-01,FO,NSE,IDO,65755,,NIFTYNXT50,,2026-11-23,2026-11-23,74700.00,PE,NIFTYNXT5026NOV74700PE,0.00,0.00,0.00,2675.35,0.00,2675.35,68981.35,5616.94,0,0,0,0.00,0,F1,25,,,,,
2026-10-01,2026-10-01,FO,NSE,IDO,65732,,NIFTYNXT50,,2026-11-23,2026-11-23,73700.00,PE,NIFTYNXT5026NOV73700PE,0.00,0.00,0.00,2233.20,0.00,2233.20,68981.35,4824.25,0,0,0,0.00,0,F1,25,,,,,
2026-10-01,2026-10-01,FO,NSE,IDO,65712,,NIFTYNXT50,,2026-11-23,2026-11-23,73400.00,PE,NIFTYNXT5026NOV73400PE,0.00,0.00,0.00,2110.25,0.00,2110.25,68981.35,4598.43,0,0,0,0.00,0,F1,25,,,,,
2026-10-01,2026-10-01,FO,NSE,IDO,65559,,NIFTYNXT50,,2026-11-23,2026-11-23,70600.00,PE,NIFTYNXT5026NOV70600PE,0.00,0.00,0.00,1175.85,0.00,1175.85,68981.35,2718.33,0,0,0,0.00,0,F1,25,,,,,
2026-10-01,2026-10-01,FO,NSE,IDO,65545,,NIFTYNXT50,,2026-11-23,2026-11-23,69900.00,PE,NIFTYNXT5026NOV69900PE,0.00,0.00,0.00,995.35,0.00,995.35,68981.35,2329.38,0,0,0,0.00,0,F1,25,,,,,
2026-10-01,2026-10-01,FO,NSE,IDO,65527,,NIFTYNXT50,,2026-11-23,2026-11-23,69000.00,PE,NIFTYNXT5026NOV69000PE,0.00,0.00,0.00,796.05,0.00,796.05,68981.35,1880.68,0,0,0,0.00,0,F1,25,,,,,
2026-10-01,2026-10-01,FO,NSE,IDO,65477,,NIFTYNXT50,,2026-11-23,2026-11-23,67300.00,PE,NIFTYNXT5026NOV67300PE,0.00,0.00,0.00,502.40,0.00,502.40,68981.35,1190.76,0,0,0,0.00,0,F1,25,,,,,
2026-10-01,2026-10-01,FO,NSE,IDO,65429,,NIFTYNXT50,,2026-11-23,2026-11-23,65500.00,PE,NIFTYNXT5026NOV65500PE,0.00,0.00,0.00,290.75,0.00,290.75,68981.35,675.37,0,0,0,0.00,0,F1,25,,,,,
2026-10-01,2026-10-01,FO,NSE,IDO,65375,,NIFTYNXT50,,2026-11-23,2026-11-23,64200.00,PE,NIFTYNXT5026NOV64200PE,0.00,0.00,0.00,187.80,0.00,187.80,68981.35,421.68,0,0,0,0.00,0,F1,25,,,,,
2026-10-01,2026-10-01,FO,NSE,IDO,65351,,NIFTYNXT50,,2026-11-23,2026-11-23,63900.00,PE,NIFTYNXT5026NOV63900PE,0.00,0.00,0.00,168.90,0.00,168.90,68981.35,375.26,0,0,0,0.00,0,F1,25,,,,,
2026-10-01,2026-10-01,FO,NSE,IDO,65263,,NIFTYNXT50,,2026-11-23,2026-11-23,63700.00,PE,NIFTYNXT5026NOV63700PE,0.00,0.00,0.00,157.15,0.00,157.15,68981.35,346.59,0,0,0,0.00,0,F1,25,,,,,
2026-10-01,2026-10-01,FO,NSE,IDO,65259,,NIFTYNXT50,,2026-11-23,2026-11-23,63500.00,PE,NIFTYNXT5026NOV63500PE,0.00,0.00,0.00,146.10,0.00,146.10,68981.35,319.65,0,0,0,0.00,0,F1,25,,,,,
2026-10-01,2026-10-01,FO,NSE,IDO,65247,,NIFTYNXT50,,2026-11-23,2026-11-23,63000.00,PE,NIFTYNXT5026NOV63000PE,0.00,0.00,0.00,121.30,0.00,121.30,68981.35,259.49,0,0,0,0.00,0,F1,25,,,,,
2026-10-01,2026-10-01,FO,NSE,IDO,52333,,NIFTYNXT50,,2026-10-27,2026-10-27,80700.00,PE,NIFTYNXT5026OCT80700PE,0.00,0.00,0.00,8256.45,0.00,8256.45,68981.35,11382.83,0,0,0,0.00,0,F1,25,,,,,
2026-10-01,2026-10-01,FO,NSE,IDO,52329,,NIFTYNXT50,,2026-10-27,2026-10-27,80500.00,PE,NIFTYNXT5026OCT80500PE,0.00,0.00,0.00,8094.05,0.00,8094.05,68981.35,11184.26,0,0,0,0.00,0,F1,25,,,,,
2026-10-01,2026-10-01,FO,NSE,IDO,52243,,NIFTYNXT50,,2026-10-27,2026-10-27,77900.00,PE,NIFTYNXT5026OCT77900PE,0.00,0.00,0.00,6096.95,0.00,6096.95,68981.35,8616.44,0,0,0,0.00,0,F1,25,,,,,
2026-10-01,2026-10-01,FO,NSE,IDO,52221,,NIFTYNXT50,,2026-10-27,2026-10-27,76800.00,PE,NIFTYNXT5026OCT76800PE,0.00,0.00,0.00,5326.20,0.00,5326.20,68981.35,7545.75,0,0,0,0.00,0,F1,25,,,,,
2026-10-01,2026-10-01,FO,NSE,IDO,52201,,NIFTYNXT50,,2026-10-27,2026-10-27,75900.00,PE,NIFTYNXT5026OCT75900PE,0.00,0.00,0.00,4732.45,0.00,4732.45,68981.35,6683.75,0,0,0,0.00,0,F1,25,,,,,
2026-10-01,2026-10-01,FO,NSE,IDO,52166,,NIFTYNXT50,,2026-10-27,2026-10-27,74200.00,PE,NIFTYNXT5026OCT74200PE,0.00,0.00,0.00,3708.80,0.00,3708.80,68981.35,5113.77,0,0,0,0.00,0,F1,25,,,,,
2026-10-01,2026-10-01,FO,NSE,IDO,52158,,NIFTYNXT50,,2026-10-27,2026-10-27,73800.00,PE,NIFTYNXT5026OCT73800PE,0.00,0.00,0.00,3487.45,0.00,3487.45,68981.35,4760.22,0,0,0,0.00,0,F1,25,,,,,
2026-10-01,2026-10-01,FO,NSE,IDO,52101,,NIFTYNXT50,,2026-10-27,2026-10-27,72400.00,PE,NIFTYNXT5026OCT72400PE,0.00,0.00,0.00,2774.05,0.00,2774.05,68981.35,3590.70,0,0,0,0.00,0,F1,25,,,,,
2026-10-01,2026-10-01,FO,NSE,IDO,52084,,NIFTYNXT50,,2026-10-27,2026-10-27,72000.00,PE,NIFTYNXT5026OCT72000PE,0.00,0.00,0.00,2587.75,0.00,2587.75,68981.35,3279.96,0,0,0,0.00,0,F1,25,,,,,
2026-10-01,2026-10-01,FO,NSE,IDO,52055,,NIFTYNXT50,,2026-10-27,2026-10-27,70800.00,PE,NIFTYNXT5026OCT70800PE,0.00,0.00,0.00,2076.30,0.00,2076.30,68981.35,2424.27,0,0,0,0.00,0,F1,25,,,,,
2026-10-01,2026-10-01,FO,NSE,IDO,52053,,NIFTYNXT50,,2026-10-27,2026-10-27,70700.00,PE,NIFTYNXT5026OCT70700PE,0.00,0.00,0.00,2036.90,0.00,2036.90,68981.35,2358.74,0,0,0,0.00,0,F1,25,,,,,
2026-10-01,2026-10-01,FO,NSE,IDO,52028,,NIFTYNXT50,,2026-10-27,2026-10-27,70300.00,PE,NIFTYNXT5026OCT70300PE,0.00,0.00,0.00,1884.05,0.00,1884.05,68981.35,2106.05,0,0,0,0.00,0,F1,25,,,,,
2026-10-01,2026-10-01,FO,NSE,IDO,66098,,NIFTYNXT50,,2026-11-23,2026-11-23,83000.00,CE,NIFTYNXT5026NOV83000CE,0.00,0.00,0.00,855.40,0.00,855.40,68981.35,28.12,0,0,0,0.00,0,F1,25,,,,,
2026-10-01,2026-10-01,FO,NSE,IDO,51938,,NIFTYNXT50,,2026-10-27,2026-10-27,67500.00,PE,NIFTYNXT5026OCT67500PE,0.00,0.00,0.00,1026.10,0.00,1026.10,68981.35,788.84,0,0,0,0.00,0,F1,25,,,,,
2026-10-01,2026-10-01,FO,NSE,IDO,51882,,NIFTYNXT50,,2026-10-27,2026-10-27,65200.00,PE,NIFTYNXT5026OCT65200PE,0.00,0.00,0.00,567.70,0.00,567.70,68981.35,261.21,0,0,0,0.00,0,F1,25,,,,,
2026-10-01,2026-10-01,FO,NSE,IDO,51872,,NIFTYNXT50,,2026-10-27,2026-10-27,64900.00,PE,NIFTYNXT5026OCT64900PE,0.00,0.00,0.00,521.90,0.00,521.90,68981.35,220.84,0,0,0,0.00,0,F1,25,,,,,
2026-10-01,2026-10-01,FO,NSE,IDO,51823,,NIFTYNXT50,,2026-10-27,2026-10-27,63500.00,PE,NIFTYNXT5026OCT63500PE,0.00,0.00,0.00,344.50,0.00,344.50,68981.35,93.03,0,0,0,0.00,0,F1,25,,,,,
2026-10-01,2026-10-01,FO,NSE,IDO,51793,,NIFTYNXT50,,2026-10-27,2026-10-27,62500.00,PE,NIFTYNXT5026OCT62500PE,0.00,0.00,0.00,249.90,0.00,249.90,68981.35,45.96,0,0,0,0.00,0,F1,25,,,,,
2026-10-01,2026-10-01,FO,NSE,IDO,51785,,NIFTYNXT50,,2026-10-27,2026-10-27,62300.00,PE,NIFTYNXT5026OCT62300PE,0.00,0.00,0.00,233.80,0.00,233.80,68981.35,39.54,0,0,0,0.00,0,F1,25,,,,,
2026-10-01,2026-10-01,FO,NSE,IDO,51771,,NIFTYNXT50,,2026-10-27,2026-10-27,61800.00,PE,NIFTYNXT5026OCT61800PE,0.00,0.00,0.00,197.10,0.00,197.10,68981.35,26.77,0,0,0,0.00,0,F1,25,,,,,
2026-10-01,2026-10-01,FO,NSE,IDO,51745,,NIFTYNXT50,,2026-10-27,2026-10-27,60500.00,PE,NIFTYNXT5026OCT60500PE,0.00,0.00,0.00,123.05,0.00,123.05,68981.35,8.79,0,0,0,0.00,0,F1,25,,,,,
2026-10-01,2026-10-01,FO,NSE,IDO,67383,,NIFTYNXT50,,2026-12-29,2026-12-29,73700.00,CE,NIFTYNXT5026DEC73700CE,0.00,0.00,0.00,1643.00,0.00,1643.00,68981.35,1454.62,0,0,0,0.00,0,F1,25,,,,,
2026-10-01,2026-10-01,FO,NSE,IDO,67355,,NIFTYNXT50,,2026-12-29,2026-12-29,73300.00,CE,NIFTYNXT5026DEC73300CE,0.00,0.00,0.00,1771.35,0.00,1771.35,68981.35,1573.69,0,0,0,0.00,0,F1,25,,,,,
2026-10-01,2026-10-01,FO,NSE,IDO,52386,,NIFTYNXT50,,2026-10-27,2026-10-27,83000.00,CE,NIFTYNXT5026OCT83000CE,0.00,0.00,0.00,532.70,0.00,532.70,68981.35,0.64,0,0,0,0.00,0,F1,25,,,,,
2026-10-01,2026-10-01,FO,NSE,IDO,52366,,NIFTYNXT50,,2026-10-27,2026-10-27,82000.00,CE,NIFTYNXT5026OCT82000CE,0.00,0.00,0.00,657.45,0.00,657.45,68981.35,1.42,0,0,0,0.00,0,F1,25,,,,,
2026-10-01,2026-10-01,FO,NSE,IDO,52238,,NIFTYNXT50,,2026-10-27,2026-10-27,77700.00,CE,NIFTYNXT5026OCT77700CE,0.00,0.00,0.00,1507.75,0.00,1507.75,68981.35,29.04,0,0,0,0.00,0,F1,25,,,,,
2026-10-01,2026-10-01,FO,NSE,IDO,52224,,NIFTYNXT50,,2026-10-27,2026-10-27,77000.00,CE,NIFTYNXT5026OCT77000CE,0.00,0.00,0.00,1706.70,0.00,1706.70,68981.35,44.62,0,0,0,0.00,0,F1,25,,,,,
2026-10-01,2026-10-01,FO,NSE,IDO,52222,,NIFTYNXT50,,2026-10-27,2026-10-27,76900.00,CE,NIFTYNXT5026OCT76900CE,0.00,0.00,0.00,1736.70,0.00,1736.70,68981.35,47.37,0,0,0,0.00,0,F1,25,,,,,
2026-10-01,2026-10-01,FO,NSE,IDO,52189,,NIFTYNXT50,,2026-10-27,2026-10-27,75400.00,CE,NIFTYNXT5026OCT75400CE,0.00,0.00,0.00,2237.65,0.00,2237.65,68981.35,111.27,0,0,0,0.00,0,F1,25,,,,,
2026-10-01,2026-10-01,FO,NSE,IDO,52185,,NIFTYNXT50,,2026-10-27,2026-10-27,75200.00,CE,NIFTYNXT5026OCT75200CE,0.00,0.00,0.00,2311.90,0.00,2311.90,68981.35,123.90,0,0,0,0.00,0,F1,25,,,,,
2026-10-01,2026-10-01,FO,NSE,IDO,52161,,NIFTYNXT50,,2026-10-27,2026-10-27,74000.00,CE,NIFTYNXT5026OCT74000CE,0.00,0.00,0.00,2796.05,0.00,2796.05,68981.35,228.82,0,0,0,0.00,0,F1,25,,,,,
2026-10-01,2026-10-01,FO,NSE,IDO,52157,,NIFTYNXT50,,2026-10-27,2026-10-27,73800.00,CE,NIFTYNXT5026OCT73800CE,0.00,0.00,0.00,2883.35,0.00,2883.35,68981.35,252.12,0,0,0,0.00,0,F1,25,,,,,
2026-10-01,2026-10-01,FO,NSE,IDO,67312,,NIFTYNXT50,,2026-12-29,2026-12-29,73100.00,PE,NIFTYNXT5026DEC73100PE,0.00,0.00,0.00,4407.10,0.00,4407.10,68981.35,4631.50,0,0,0,0.00,0,F1,25,,,,,
2026-10-01,2026-10-01,FO,NSE,IDO,67239,,NIFTYNXT50,,2026-12-29,2026-12-29,71900.00,PE,NIFTYNXT5026DEC71900PE,0.00,0.00,0.00,3667.25,0.00,3667.25,68981.35,3864.03,0,0,0,0.00,0,F1,25,,,,,
2026-10-01,2026-10-01,FO,NSE,IDO,67231,,NIFTYNXT50,,2026-12-29,2026-12-29,71500.00,PE,NIFTYNXT5026DEC71500PE,0.00,0.00,0.00,3436.65,0.00,3436.65,68981.35,3624.18,0,0,0,0.00,0,F1,25,,,,,
2026-10-01,2026-10-01,FO,NSE,IDO,67229,,NIFTYNXT50,,2026-12-29,2026-12-29,71400.00,PE,NIFTYNXT5026DEC71400PE,0.00,0.00,0.00,3380.30,0.00,3380.30,68981.35,3565.51,0,0,0,0.00,0,F1,25,,,,,
2026-10-01,2026-10-01,FO,NSE,IDO,67404,,NIFTYNXT50,,2026-12-29,2026-12-29,74500.00,PE,NIFTYNXT5026DEC74500PE,0.00,0.00,0.00,5356.25,0.00,5356.25,68981.35,5611.69,0,0,0,0.00,0,F1,25,,,,,
2026-10-01,2026-10-01,FO,NSE,IDO,51835,,NIFTYNXT50,,2026-10-27,2026-10-27,63900.00,CE,NIFTYNXT5026OCT63900CE,0.00,0.00,0.00,9536.65,0.00,9536.65,68981.35,5471.04,0,0,0,0.00,0,F1,25,,,,,
2026-10-01,2026-10-01,FO,NSE,IDO,51875,,NIFTYNXT50,,2026-10-27,2026-10-27,65000.00,CE,NIFTYNXT5026OCT65000CE,0.00,0.00,0.00,8600.55,0.00,8600.55,68981.35,4488.58,0,0,0,0.00,0,F1,25,,,,,
2026-10-01,2026-10-01,FO,NSE,IDO,51917,,NIFTYNXT50,,2026-10-27,2026-10-27,66500.00,CE,NIFTYNXT5026OCT66500CE,0.00,0.00,0.00,7388.40,0.00,7388.40,68981.35,3267.84,0,0,0,0.00,0,F1,25,,,,,
2026-10-01,2026-10-01,FO,NSE,IDO,52083,,NIFTYNXT50,,2026-10-27,2026-10-27,72000.00,CE,NIFTYNXT5026OCT72000CE,0.00,0.00,0.00,3756.60,0.00,3756.60,68981.35,564.30,0,0,0,0.00,0,F1,25,,,,,
2026-10-01,2026-10-01,FO,NSE,IDO,52114,,NIFTYNXT50,,2026-10-27,2026-10-27,72600.00,CE,NIFTYNXT5026OCT72600CE,0.00,0.00,0.00,3448.00,0.00,3448.00,68981.35,437.20,0,0,0,0.00,0,F1,25,,,,,
2026-10-01,2026-10-01,FO,NSE,IDO,52129,,NIFTYNXT50,,2026-10-27,2026-10-27,72800.00,CE,NIFTYNXT5026OCT72800CE,0.00,0.00,0.00,3348.75,0.00,3348.75,68981.35,400.36,0,0,0,0.00,0,F1,25,,,,,
2026-10-01,2026-10-01,FO,NSE,IDO,52155,,NIFTYNXT50,,2026-10-27,2026-10-27,73700.00,CE,NIFTYNXT5026OCT73700CE,0.00,0.00,0.00,2927.70,0.00,2927.70,68981.35,264.50,0,0,0,0.00,0,F1,25,,,,,
2026-10-01,2026-10-01,FO,NSE,IDO,67213,,NIFTYNXT50,,2026-12-29,2026-12-29,70900.00,PE,NIFTYNXT5026DEC70900PE,0.00,0.00,0.00,3106.35,0.00,3106.35,68981.35,3279.98,0,0,0,0.00,0,F1,25,,,,,
2026-10-01,2026-10-01,FO,NSE,IDO,67026,,NIFTYNXT50,,2026-12-29,2026-12-29,67400.00,PE,NIFTYNXT5026DEC67400PE,0.00,0.00,0.00,1562.85,0.00,1562.85,68981.35,1661.02,0,0,0,0.00,0,F1,25,,,,,
2026-10-01,2026-10-01,FO,NSE,IDO,67004,,NIFTYNXT50,,2026-12-29,2026-12-29,66300.00,PE,NIFTYNXT5026DEC66300PE,0.00,0.00,0.00,1211.25,0.00,1211.25,68981.35,1289.37,0,0,0,0.00,0,F1,25,,,,,
2026-10-01,2026-10-01,FO,NSE,IDO,66797,,NIFTYNXT50,,2026-12-29,2026-12-29,63300.00,PE,NIFTYNXT5026DEC63300PE,0.00,0.00,0.00,541.50,0.00,541.50,68981.35,577.86,0,0,0,0.00,0,F1,25,,,,,
2026-10-01,2026-10-01,FO,NSE,IDO,66632,,NIFTYNXT50,,2026-12-29,2026-12-29,60500.00,PE,NIFTYNXT5026DEC60500PE,0.00,0.00,0.00,214.70,0.00,214.70,68981.35,228.99,0,0,0,0.00,0,F1,25,,,,,
2026-10-01,2026-10-01,FO,NSE,IDO,66119,,NIFTYNXT50,,2026-11-23,2026-11-23,84000.00,PE,NIFTYNXT5026NOV84000PE,0.00,0.00,0.00,8940.15,0.00,8940.15,68981.35,14265.89,0,0,0,0.00,0,F1,25,,,,,
2026-10-01,2026-10-01,FO,NSE,IDO,65855,,NIFTYNXT50,,2026-11-23,2026-11-23,77800.00,PE,NIFTYNXT5026NOV77800PE,0.00,0.00,0.00,4358.00,0.00,4358.00,68981.35,8317.75,0,0,0,0.00,0,F1,25,,,,,
2026-10-01,2026-10-01,FO,NSE,IDO,65743,,NIFTYNXT50,,2026-11-23,2026-11-23,74200.00,PE,NIFTYNXT5026NOV74200PE,0.00,0.00,0.00,2448.05,0.00,2448.05,68981.35,5214.73,0,0,0,0.00,0,F1,25,,,,,
2026-10-01,2026-10-01,FO,NSE,IDO,65734,,NIFTYNXT50,,2026-11-23,2026-11-23,73800.00,PE,NIFTYNXT5026NOV73800PE,0.00,0.00,0.00,2275.15,0.00,2275.15,68981.35,4901.36,0,0,0,0.00,0,F1,25,,,,,
2026-10-01,2026-10-01,FO,NSE,IDO,65579,,NIFTYNXT50,,2026-11-23,2026-11-23,71500.00,PE,NIFTYNXT5026NOV71500PE,0.00,0.00,0.00,1433.55,0.00,1433.55,68981.35,3267.78,0,0,0,0.00,0,F1,25,,,,,
2026-10-01,2026-10-01,FO,NSE,IDO,65577,,NIFTYNXT50,,2026-11-23,2026-11-23,71400.00,PE,NIFTYNXT5026NOV71400PE,0.00,0.00,0.00,1402.70,0.00,1402.70,68981.35,3204.07,0,0,0,0.00,0,F1,25,,,,,
2026-10-01,2026-10-01,FO,NSE,IDO,65569,,NIFTYNXT50,,2026-11-23,2026-11-23,71100.00,PE,NIFTYNXT5026NOV71100PE,0.00,0.00,0.00,1312.90,0.00,1312.90,68981.35,3016.88,0,0,0,0.00,0,F1,25,,,,,
2026-10-01,2026-10-01,FO,NSE,IDO,65543,,NIFTYNXT50,,2026-11-23,2026-11-23,69800.00,PE,NIFTYNXT5026NOV69800PE,0.00,0.00,0.00,971.60,0.00,971.60,68981.35,2276.63,0,0,0,0.00,0,F1,25,,,,,
2026-10-01,2026-10-01,FO,NSE,IDO,65447,,NIFTYNXT50,,2026-11-23,2026-11-23,66400.00,PE,NIFTYNXT5026NOV66400PE,0.00,0.00,0.00,385.30,0.00,385.30,68981.35,906.59,0,0,0,0.00,0,F1,25,,,,,
2026-10-01,2026-10-01,FO,NSE,IDO,65415,,NIFTYNXT50,,2026-11-23,2026-11-23,64800.00,PE,NIFTYNXT5026NOV64800PE,0.00,0.00,0.00,230.85,0.00,230.85,68981.35,527.65,0,0,0,0.00,0,F1,25,,,,,
2026-10-01,2026-10-01,FO,NSE,IDO,65389,,NIFTYNXT50,,2026-11-23,2026-11-23,64500.00,PE,NIFTYNXT5026NOV64500PE,0.00,0.00,0.00,208.40,0.00,208.40,68981.35,472.41,0,0,0,0.00,0,F1,25,,,,,
2026-10-01,2026-10-01,FO,NSE,IDO,65231,,NIFTYNXT50,,2026-11-23,2026-11-23,62000.00,PE,NIFTYNXT5026NOV62000PE,0.00,0.00,0.00,82.05,0.00,82.05,68981.35,166.27,0,0,0,0.00,0,F1,25,,,,,
2026-10-01,2026-10-01,FO,NSE,IDO,38649,,NIFTYNXT50,,2026-11-23,2026-11-23,61800.00,PE,NIFTYNXT5026NOV61800PE,0.00,0.00,0.00,77.00,0.00,77.00,68981.35,151.40,0,0,0,0.00,0,F1,25,,,,,
2026-10-01,2026-10-01,FO,NSE,IDO,65227,,NIFTYNXT50,,2026-11-23,2026-11-23,61000.00,PE,NIFTYNXT5026NOV61000PE,0.00,0.00,0.00,54.10,0.00,54.10,68981.35,102.40,0,0,0,0.00,0,F1,25,,,,,
2026-10-01,2026-10-01,FO,NSE,IDO,52387,,NIFTYNXT50,,2026-10-27,2026-10-27,83000.00,PE,NIFTYNXT5026OCT83000PE,0.00,0.00,0.00,10198.65,0.00,10198.65,68981.35,13670.02,0,0,0,0.00,0,F1,25,,,,,
2026-10-01,2026-10-01,FO,NSE,IDO,52337,,NIFTYNXT50,,2026-10-27,2026-10-27,80800.00,PE,NIFTYNXT5026OCT80800PE,0.00,0.00,0.00,8338.10,0.00,8338.10,68981.35,11482.14,0,0,0,0.00,0,F1,25,,,,,
2026-10-01,2026-10-01,FO,NSE,IDO,52275,,NIFTYNXT50,,2026-10-27,2026-10-27,78600.00,PE,NIFTYNXT5026OCT78600PE,0.00,0.00,0.00,6615.10,0.00,6615.10,68981.35,9304.18,0,0,0,0.00,0,F1,25,,,,,
2026-10-01,2026-10-01,FO,NSE,IDO,52253,,NIFTYNXT50,,2026-10-27,2026-10-27,78300.00,PE,NIFTYNXT5026OCT78300PE,0.00,0.00,0.00,6392.00,0.00,6392.00,68981.35,9008.97,0,0,0,0.00,0,F1,25,,,,,
2026-10-01,2026-10-01,FO,NSE,IDO,52249,,NIFTYNXT50,,2026-10-27,2026-10-27,78200.00,PE,NIFTYNXT5026OCT78200PE,0.00,0.00,0.00,6315.25,0.00,6315.25,68981.35,8910.71,0,0,0,0.00,0,F1,25,,,,,
2026-10-01,2026-10-01,FO,NSE,IDO,52239,,NIFTYNXT50,,2026-10-27,2026-10-27,77700.00,PE,NIFTYNXT5026OCT77700PE,0.00,0.00,0.00,5953.30,0.00,5953.30,68981.35,8420.72,0,0,0,0.00,0,F1,25,,,,,
2026-10-01,2026-10-01,FO,NSE,IDO,52237,,NIFTYNXT50,,2026-10-27,2026-10-27,77600.00,PE,NIFTYNXT5026OCT77600PE,0.00,0.00,0.00,5882.05,0.00,5882.05,68981.35,8323.01,0,0,0,0.00,0,F1,25,,,,,
2026-10-01,2026-10-01,FO,NSE,IDO,52209,,NIFTYNXT50,,2026-10-27,2026-10-27,76200.00,PE,NIFTYNXT5026OCT76200PE,0.00,0.00,0.00,4926.55,0.00,4926.55,68981.35,6969.30,0,0,0,0.00,0,F1,25,,,,,
2026-10-01,2026-10-01,FO,NSE,IDO,52156,,NIFTYNXT50,,2026-10-27,2026-10-27,73700.00,PE,NIFTYNXT5026OCT73700PE,0.00,0.00,0.00,3433.35,0.00,3433.35,68981.35,4673.01,0,0,0,0.00,0,F1,25,,,,,
2026-10-01,2026-10-01,FO,NSE,IDO,52113,,NIFTYNXT50,,2026-10-27,2026-10-27,72500.00,PE,NIFTYNXT5026OCT72500PE,0.00,0.00,0.00,2821.85,0.00,2821.85,68981.35,3670.18,0,0,0,0.00,0,F1,25,,,,,
2026-10-01,2026-10-01,FO,NSE,IDO,52062,,NIFTYNXT50,,2026-10-27,2026-10-27,71000.00,PE,NIFTYNXT5026OCT71000PE,0.00,0.00,0.00,2156.65,0.00,2156.65,68981.35,2558.11,0,0,0,0.00,0,F1,25,,,,,
2026-10-01,2026-10-01,FO,NSE,IDO,52025,,NIFTYNXT50,,2026-10-27,2026-10-27,70200.00,PE,NIFTYNXT5026OCT70200PE,0.00,0.00,0.00,1847.10,0.00,1847.10,68981.35,2045.29,0,0,0,0.00,0,F1,25,,,,,
2026-10-01,2026-10-01,FO,NSE,IDO,51960,,NIFTYNXT50,,2026-10-27,2026-10-27,68200.00,PE,NIFTYNXT5026OCT68200PE,0.00,0.00,0.00,1209.60,0.00,1209.60,68981.35,1043.28,0,0,0,0.00,0,F1,25,,,,,
2026-10-01,2026-10-01,FO,NSE,IDO,51841,,NIFTYNXT50,,2026-10-27,2026-10-27,64000.00,PE,NIFTYNXT5026OCT64000PE,0.00,0.00,0.00,401.40,0.00,401.40,68981.35,128.70,0,0,0,0.00,0,F1,25,,,,,
2026-10-01,2026-10-01,FO,NSE,IDO,51797,,NIFTYNXT50,,2026-10-27,2026-10-27,62600.00,PE,NIFTYNXT5026OCT62600PE,0.00,0.00,0.00,258.30,0.00,258.30,68981.35,49.49,0,0,0,0.00,0,F1,25,,,,,
2026-10-01,2026-10-01,FO,NSE,IDO,67847,,NIFTYNXT50,,2026-12-29,2026-12-29,77500.00,CE,NIFTYNXT5026DEC77500CE,0.00,0.00,0.00,754.90,0.00,754.90,68981.35,644.84,0,0,0,0.00,0,F1,25,,,,,
2026-10-01,2026-10-01,FO,NSE,IDO,67531,,NIFTYNXT50,,2026-12-29,2026-12-29,75500.00,CE,NIFTYNXT5026DEC75500CE,0.00,0.00,0.00,1155.90,0.00,1155.90,68981.35,1005.01,0,0,0,0.00,0,F1,25,,,,,
2026-10-01,2026-10-01,FO,NSE,IDO,67230,,NIFTYNXT50,,2026-12-29,2026-12-29,71500.00,CE,NIFTYNXT5026DEC71500CE,0.00,0.00,0.00,2444.40,0.00,2444.40,68981.35,2204.08,0,0,0,0.00,0,F1,25,,,,,
2026-10-01,2026-10-01,FO,NSE,IDO,67216,,NIFTYNXT50,,2026-12-29,2026-12-29,71000.00,CE,NIFTYNXT5026DEC71000CE,0.00,0.00,0.00,2660.50,0.00,2660.50,68981.35,2408.25,0,0,0,0.00,0,F1,25,,,,,
2026-10-01,2026-10-01,FO,NSE,IDO,67051,,NIFTYNXT50,,2026-12-29,2026-12-29,68700.00,CE,NIFTYNXT5026DEC68700CE,0.00,0.00,0.00,3826.30,0.00,3826.30,68981.35,3520.96,0,0,0,0.00,0,F1,25,,,,,
2026-10-01,2026-10-01,FO,NSE,IDO,67039,,NIFTYNXT50,,2026-12-29,2026-12-29,68100.00,CE,NIFTYNXT5026DEC68100CE,0.00,0.00,0.00,4177.10,0.00,4177.10,68981.35,3858.86,0,0,0,0.00,0,F1,25,,,,,
2026-10-01,2026-10-01,FO,NSE,IDO,67021,,NIFTYNXT50,,2026-12-29,2026-12-29,67200.00,CE,NIFTYNXT5026DEC67200CE,0.00,0.00,0.00,4739.10,0.00,4739.10,68981.35,4402.52,0,0,0,0.00,0,F1,25,,,,,
2026-10-01,2026-10-01,FO,NSE,IDO,67011,,NIFTYNXT50,,2026-12-29,2026-12-29,66700.00,CE,NIFTYNXT5026DEC66700CE,0.00,0.00,0.00,5069.45,0.00,5069.45,68981.35,4723.31,0,0,0,0.00,0,F1,25,,,,,
2026-10-01,2026-10-01,FO,NSE,IDO,67007,,NIFTYNXT50,,2026-12-29,2026-12-29,66500.00,CE,NIFTYNXT5026DEC66500CE,0.00,0.00,0.00,5205.10,0.00,5205.10,68981.35,4855.31,0,0,0,0.00,0,F1,25,,,,,
2026-10-01,2026-10-01,FO,NSE,IDO,66784,,NIFTYNXT50,,2026-12-29,2026-12-29,63000.00,CE,NIFTYNXT5026DEC63000CE,0.00,0.00,0.00,7877.85,0.00,7877.85,68981.35,7477.19,0,0,0,0.00,0,F1,25,,,,,
2026-10-01,2026-10-01,FO,NSE,IDO,66672,,NIFTYNXT50,,2026-12-29,2026-12-29,61000.00,CE,NIFTYNXT5026DEC61000CE,0.00,0.00,0.00,9610.70,0.00,9610.70,68981.35,9192.53,0,0,0,0.00,0,F1,25,,,,,
2026-10-01,2026-10-01,FO,NSE,IDO,65858,,NIFTYNXT50,,2026-11-23,2026-11-23,77900.00,CE,NIFTYNXT5026NOV77900CE,0.00,0.00,0.00,2186.05,0.00,2186.05,68981.35,205.82,0,0,0,0.00,0,F1,25,,,,,
2026-10-01,2026-10-01,FO,NSE,IDO,65854,,NIFTYNXT50,,2026-11-23,2026-11-23,77800.00,CE,NIFTYNXT5026NOV77800CE,0.00,0.00,0.00,2222.70,0.00,2222.70,68981.35,213.16,0,0,0,0.00,0,F1,25,,,,,
2026-10-01,2026-10-01,FO,NSE,IDO,65760,,NIFTYNXT50,,2026-11-23,2026-11-23,75000.00,CE,NIFTYNXT5026NOV75000CE,0.00,0.00,0.00,3440.75,0.00,3440.75,68981.35,533.22,0,0,0,0.00,0,F1,25,,,,,
2026-10-01,2026-10-01,FO,NSE,IDO,65674,,NIFTYNXT50,,2026-11-23,2026-11-23,72000.00,CE,NIFTYNXT5026NOV72000CE,0.00,0.00,0.00,5173.35,0.00,5173.35,68981.35,1238.14,0,0,0,0.00,0,F1,25,,,,,
2026-10-01,2026-10-01,FO,NSE,IDO,65558,,NIFTYNXT50,,2026-11-23,2026-11-23,70600.00,CE,NIFTYNXT5026NOV70600CE,0.00,0.00,0.00,6133.55,0.00,6133.55,68981.35,1747.66,0,0,0,0.00,0,F1,25,,,,,
2026-10-01,2026-10-01,FO,NSE,IDO,65522,,NIFTYNXT50,,2026-11-23,2026-11-23,68800.00,CE,NIFTYNXT5026NOV68800CE,0.00,0.00,0.00,7487.10,0.00,7487.10,68981.35,2601.61,0,0,0,0.00,0,F1,25,,,,,
2026-10-01,2026-10-01,FO,NSE,IDO,65480,,NIFTYNXT50,,2026-11-23,2026-11-23,67500.00,CE,NIFTYNXT5026NOV67500CE,0.00,0.00,0.00,8543.45,0.00,8543.45,68981.35,3362.23,0,0,0,0.00,0,F1,25,,,,,
2026-10-01,2026-10-01,FO,NSE,IDO,65474,,NIFTYNXT50,,2026-11-23,2026-11-23,67200.00,CE,NIFTYNXT5026NOV67200CE,0.00,0.00,0.00,8795.40,0.00,8795.40,68981.35,3554.63,0,0,0,0.00,0,F1,25,,,,,
2026-10-01,2026-10-01,FO,NSE,IDO,65434,,NIFTYNXT50,,2026-11-23,2026-11-23,65800.00,CE,NIFTYNXT5026NOV65800CE,0.00,0.00,0.00,10006.35,0.00,10006.35,68981.35,4532.51,0,0,0,0.00,0,F1,25,,,,,
2026-10-01,2026-10-01,FO,NSE,IDO,65420,,NIFTYNXT50,,2026-11-23,2026-11-23,65100.00,CE,NIFTYNXT5026NOV65100CE,0.00,0.00,0.00,10631.15,0.00,10631.15,68981.35,5066.49,0,0,0,0.00,0,F1,25,,,,,
2026-10-01,2026-10-01,FO,NSE,IDO,65264,,NIFTYNXT50,,2026-11-23,2026-11-23,63800.00,CE,NIFTYNXT5026NOV63800CE,0.00,0.00,0.00,11819.65,0.00,11819.65,68981.35,6127.62,0,0,0,0.00,0,F1,25,,,,,
2026-10-01,2026-10-01,FO,NSE,IDO,65240,,NIFTYNXT50,,2026-11-23,2026-11-23,62800.00,CE,NIFTYNXT5026NOV62800CE,0.00,0.00,0.00,12754.20,0.00,12754.20,68981.35,6995.85,0,0,0,0.00,0,F1,25,,,,,
2026-10-01,2026-10-01,FO,NSE,IDO,51776,,NIFTYNXT50,,2026-10-27,2026-10-27,62100.00,CE,NIFTYNXT5026OCT62100CE,0.00,0.00,0.00,11138.65,0.00,11138.65,68981.35,7176.59,0,0,0,0.00,0,F1,25,,,,,
2026-10-01,2026-10-01,FO,NSE,IDO,51772,,NIFTYNXT50,,2026-10-27,2026-10-27,61900.00,CE,NIFTYNXT5026OCT61900CE,0.00,0.00,0.00,11321.15,0.00,11321.15,68981.35,7370.82,0,0,0,0.00,0,F1,25,,,,,
2026-10-01,2026-10-01,FO,NSE,IDO,51754,,NIFTYNXT50,,2026-10-27,2026-10-27,61000.00,CE,NIFTYNXT5026OCT61000CE,0.00,0.00,0.00,12151.85,0.00,12151.85,68981.35,8251.77,0,0,0,0.00,0,F1,25,,,,,
2026-10-01,2026-10-01,FO,NSE,IDO,67204,,NIFTYNXT50,,2026-12-29,2026-12-29,70600.00,CE,NIFTYNXT5026DEC70600CE,0.00,0.00,0.00,2842.85,0.00,2842.85,68981.35,2581.10,0,0,0,0.00,0,F1,25,,,,,
2026-10-01,2026-10-01,FO,NSE,IDO,67121,,NIFTYNXT50,,2026-12-29,2026-12-29,70100.00,PE,NIFTYNXT5026DEC70100PE,0.00,0.00,0.00,2695.80,0.00,2695.80,68981.35,2850.85,0,0,0,0.00,0,F1,25,,,,,
2026-10-01,2026-10-01,FO,NSE,IDO,67071,,NIFTYNXT50,,2026-12-29,2026-12-29,69500.00,PE,NIFTYNXT5026DEC69500PE,0.00,0.00,0.00,2410.20,0.00,2410.20,68981.35,2552.07,0,0,0,0.00,0,F1,25,,,,,
2026-10-01,2026-10-01,FO,NSE,IDO,67052,,NIFTYNXT50,,2026-12-29,2026-12-29,68700.00,PE,NIFTYNXT5026DEC68700PE,0.00,0.00,0.00,2059.55,0.00,2059.55,68981.35,2184.08,0,0,0,0.00,0,F1,25,,,,,
2026-10-01,2026-10-01,FO,NSE,IDO,67042,,NIFTYNXT50,,2026-12-29,2026-12-29,68200.00,PE,NIFTYNXT5026DEC68200PE,0.00,0.00,0.00,1857.90,0.00,1857.90,68981.35,1971.97,0,0,0,0.00,0,F1,25,,,,,
2026-10-01,2026-10-01,FO,NSE,IDO,67014,,NIFTYNXT50,,2026-12-29,2026-12-29,66800.00,PE,NIFTYNXT5026DEC66800PE,0.00,0.00,0.00,1363.45,0.00,1363.45,68981.35,1450.41,0,0,0,0.00,0,F1,25,,,,,
2026-10-01,2026-10-01,FO,NSE,IDO,67008,,NIFTYNXT50,,2026-12-29,2026-12-29,66500.00,PE,NIFTYNXT5026DEC66500PE,0.00,0.00,0.00,1270.65,0.00,1270.65,68981.35,1352.23,0,0,0,0.00,0,F1,25,,,,,
2026-10-01,2026-10-01,FO,NSE,IDO,66983,,NIFTYNXT50,,2026-12-29,2026-12-29,65800.00,PE,NIFTYNXT5026DEC65800PE,0.00,0.00,0.00,1074.65,0.00,1074.65,68981.35,1141.13,0,0,0,0.00,0,F1,25,,,,,
2026-10-01,2026-10-01,FO,NSE,IDO,66793,,NIFTYNXT50,,2026-12-29,2026-12-29,63200.00,PE,NIFTYNXT5026DEC63200PE,0.00,0.00,0.00,525.55,0.00,525.55,68981.35,560.82,0,0,0,0.00,0,F1,25,,,,,
2026-10-01,2026-10-01,FO,NSE,IDO,66779,,NIFTYNXT50,,2026-12-29,2026-12-29,62800.00,PE,NIFTYNXT5026DEC62800PE,0.00,0.00,0.00,465.15,0.00,465.15,68981.35,496.45,0,0,0,0.00,0,F1,25,,,,,
2026-10-01,2026-10-01,FO,NSE,IDO,66691,,NIFTYNXT50,,2026-12-29,2026-12-29,61500.00,PE,NIFTYNXT5026DEC61500PE,0.00,0.00,0.00,305.20,0.00,305.20,68981.35,325.68,0,0,0,0.00,0,F1,25,,,,,
2026-10-01,2026-10-01,FO,NSE,IDO,66069,,NIFTYNXT50,,2026-11-23,2026-11-23,81500.00,PE,NIFTYNXT5026NOV81500PE,0.00,0.00,0.00,6931.80,0.00,6931.80,68981.35,11823.21,0,0,0,0.00,0,F1,25,,,,,
2026-10-01,2026-10-01,FO,NSE,IDO,65880,,NIFTYNXT50,,2026-11-23,2026-11-23,78300.00,PE,NIFTYNXT5026NOV78300PE,0.00,0.00,0.00,4671.90,0.00,4671.90,68981.35,8778.61,0,0,0,0.00,0,F1,25,,,,,
2026-10-01,2026-10-01,FO,NSE,IDO,65811,,NIFTYNXT50,,2026-11-23,2026-11-23,75700.00,PE,NIFTYNXT5026NOV75700PE,0.00,0.00,0.00,3166.95,0.00,3166.95,68981.35,6452.87,0,0,0,0.00,0,F1,25,,,,,
2026-10-01,2026-10-01,FO,NSE,IDO,65737,,NIFTYNXT50,,2026-11-23,2026-11-23,73900.00,PE,NIFTYNXT5026NOV73900PE,0.00,0.00,0.00,2317.65,0.00,2317.65,68981.35,4978.98,0,0,0,0.00,0,F1,25,,,,,
2026-10-01,2026-10-01,FO,NSE,IDO,65695,,NIFTYNXT50,,2026-11-23,2026-11-23,73000.00,PE,NIFTYNXT5026NOV73000PE,0.00,0.00,0.00,1953.20,0.00,1953.20,68981.35,4298.15,0,0,0,0.00,0,F1,25,,,,,
2026-10-01,2026-10-01,FO,NSE,IDO,65693,,NIFTYNXT50,,2026-11-23,2026-11-23,72900.00,PE,NIFTYNXT5026NOV72900PE,0.00,0.00,0.00,1915.20,0.00,1915.20,68981.35,4225.31,0,0,0,0.00,0,F1,25,,,,,
2026-10-01,2026-10-01,FO,NSE,IDO,65551,,NIFTYNXT50,,2026-11-23,2026-11-23,70200.00,PE,NIFTYNXT5026NOV70200PE,0.00,0.00,0.00,1071.95,0.00,1071.95,68981.35,2491.87,0,0,0,0.00,0,F1,25,,,,,
2026-10-01,2026-10-01,FO,NSE,IDO,65549,,NIFTYNXT50,,2026-11-23,2026-11-23,70100.00,PE,NIFTYNXT5026NOV70100PE,0.00,0.00,0.00,1044.15,0.00,1044.15,68981.35,2437.00,0,0,0,0.00,0,F1,25,,,,,
2026-10-01,2026-10-01,FO,NSE,IDO,65521,,NIFTYNXT50,,2026-11-23,2026-11-23,68700.00,PE,NIFTYNXT5026NOV68700PE,0.00,0.00,0.00,736.70,0.00,736.70,68981.35,1743.95,0,0,0,0.00,0,F1,25,,,,,
2026-10-01,2026-10-01,FO,NSE,IDO,65419,,NIFTYNXT50,,2026-11-23,2026-11-23,65000.00,PE,NIFTYNXT5026NOV65000PE,0.00,0.00,0.00,246.80,0.00,246.80,68981.35,567.10,0,0,0,0.00,0,F1,25,,,,,
2026-10-01,2026-10-01,FO,NSE,IDO,65373,,NIFTYNXT50,,2026-11-23,2026-11-23,64100.00,PE,NIFTYNXT5026NOV64100PE,0.00,0.00,0.00,181.30,0.00,181.30,68981.35,405.74,0,0,0,0.00,0,F1,25,,,,,
2026-10-01,2026-10-01,FO,NSE,IDO,65221,,NIFTYNXT50,,2026-11-23,2026-11-23,59500.00,PE,NIFTYNXT5026NOV59500PE,0.00,0.00,0.00,27.50,0.00,27.50,68981.35,45.67,0,0,0,0.00,0,F1,25,,,,,
2026-10-01,2026-10-01,FO,NSE,IDO,52303,,NIFTYNXT50,,2026-10-27,2026-10-27,79300.00,PE,NIFTYNXT5026OCT79300PE,0.00,0.00,0.00,7144.95,0.00,7144.95,68981.35,9995.12,0,0,0,0.00,0,F1,25,,,,,
2026-10-01,2026-10-01,FO,NSE,IDO,52233,,NIFTYNXT50,,2026-10-27,2026-10-27,77400.00,PE,NIFTYNXT5026OCT77400PE,0.00,0.00,0.00,5740.70,0.00,5740.70,68981.35,8127.93,0,0,0,0.00,0,F1,25,,,,,
2026-10-01,2026-10-01,FO,NSE,IDO,52192,,NIFTYNXT50,,2026-10-27,2026-10-27,75500.00,PE,NIFTYNXT5026OCT75500PE,0.00,0.00,0.00,4479.80,0.00,4479.80,68981.35,6306.33,0,0,0,0.00,0,F1,25,,,,,
2026-10-01,2026-10-01,FO,NSE,IDO,52130,,NIFTYNXT50,,2026-10-27,2026-10-27,72800.00,PE,NIFTYNXT5026OCT72800PE,0.00,0.00,0.00,2967.90,0.00,2967.90,68981.35,3912.66,0,0,0,0.00,0,F1,25,,,,,
2026-10-01,2026-10-01,FO,NSE,IDO,52070,,NIFTYNXT50,,2026-10-27,2026-10-27,71400.00,PE,NIFTYNXT5026OCT71400PE,0.00,0.00,0.00,2323.20,0.00,2323.20,68981.35,2836.48,0,0,0,0.00,0,F1,25,,,,,
2026-10-01,2026-10-01,FO,NSE,IDO,52051,,NIFTYNXT50,,2026-10-27,2026-10-27,70600.00,PE,NIFTYNXT5026OCT70600PE,0.00,0.00,0.00,1997.95,0.00,1997.95,68981.35,2294.14,0,0,0,0.00,0,F1,25,,,,,
2026-10-01,2026-10-01,FO,NSE,IDO,52016,,NIFTYNXT50,,2026-10-27,2026-10-27,70000.00,PE,NIFTYNXT5026OCT70000PE,0.00,0.00,0.00,1774.55,0.00,1774.55,68981.35,1926.73,0,0,0,0.00,0,F1,25,,,,,
2026-10-01,2026-10-01,FO,NSE,IDO,51998,,NIFTYNXT50,,2026-10-27,2026-10-27,69100.00,PE,NIFTYNXT5026OCT69100PE,0.00,0.00,0.00,1471.65,0.00,1471.65,68981.35,1443.46,0,0,0,0.00,0,F1,25,,,,,
2026-10-01,2026-10-01,FO,NSE,IDO,51918,,NIFTYNXT50,,2026-10-27,2026-10-27,66500.00,PE,NIFTYNXT5026OCT66500PE,0.00,0.00,0.00,802.15,0.00,802.15,68981.35,506.65,0,0,0,0.00,0,F1,25,,,,,
2026-10-01,2026-10-01,FO,NSE,IDO,51884,,NIFTYNXT50,,2026-10-27,2026-10-27,65300.00,PE,NIFTYNXT5026OCT65300PE,0.00,0.00,0.00,583.60,0.00,583.60,68981.35,275.88,0,0,0,0.00,0,F1,25,,,,,
2026-10-01,2026-10-01,FO,NSE,IDO,51809,,NIFTYNXT50,,2026-10-27,2026-10-27,63000.00,PE,NIFTYNXT5026OCT63000PE,0.00,0.00,0.00,294.20,0.00,294.20,68981.35,66.02,0,0,0,0.00,0,F1,25,,,,,
2026-10-01,2026-10-01,FO,NSE,IDO,51783,,NIFTYNXT50,,2026-10-27,2026-10-27,62200.00,PE,NIFTYNXT5026OCT62200PE,0.00,0.00,0.00,226.05,0.00,226.05,68981.35,36.64,0,0,0,0.00,0,F1,25,,,,,
2026-10-01,2026-10-01,FO,NSE,IDO,67413,,NIFTYNXT50,,2026-12-29,2026-12-29,75000.00,CE,NIFTYNXT5026DEC75000CE,0.00,0.00,0.00,1275.05,0.00,1275.05,68981.35,1119.31,0,0,0,0.00,0,F1,25,,,,,
2026-10-01,2026-10-01,FO,NSE,IDO,67218,,NIFTYNXT50,,2026-12-29,2026-12-29,71100.00,CE,NIFTYNXT5026DEC71100CE,0.00,0.00,0.00,2616.25,0.00,2616.25,68981.35,2366.37,0,0,0,0.00,0,F1,25,,,,,
2026-10-01,2026-10-01,FO,NSE,IDO,67195,,NIFTYNXT50,,2026-12-29,2026-12-29,70500.00,CE,NIFTYNXT5026DEC70500CE,0.00,0.00,0.00,2889.75,0.00,2889.75,68981.35,2625.64,0,0,0,0.00,0,F1,25,,,,,
2026-10-01,2026-10-01,FO,NSE,IDO,67103,,NIFTYNXT50,,2026-12-29,2026-12-29,69900.00,CE,NIFTYNXT5026DEC69900CE,0.00,0.00,0.00,3182.75,0.00,3182.75,68981.35,2904.29,0,0,0,0.00,0,F1,25,,,,,
2026-10-01,2026-10-01,FO,NSE,IDO,67072,,NIFTYNXT50,,2026-12-29,2026-12-29,69600.00,CE,NIFTYNXT5026DEC69600CE,0.00,0.00,0.00,3336.35,0.00,3336.35,68981.35,3051.25,0,0,0,0.00,0,F1,25,,,,,
2026-10-01,2026-10-01,FO,NSE,IDO,67065,,NIFTYNXT50,,2026-12-29,2026-12-29,69400.00,CE,NIFTYNXT5026DEC69400CE,0.00,0.00,0.00,3441.45,0.00,3441.45,68981.35,3151.77,0,0,0,0.00,0,F1,25,,,,,
2026-10-01,2026-10-01,FO,NSE,IDO,67035,,NIFTYNXT50,,2026-12-29,2026-12-29,67900.00,CE,NIFTYNXT5026DEC67900CE,0.00,0.00,0.00,4298.30,0.00,4298.30,68981.35,3975.87,0,0,0,0.00,0,F1,25,,,,,
2026-10-01,2026-10-01,FO,NSE,IDO,66953,,NIFTYNXT50,,2026-12-29,2026-12-29,65400.00,CE,NIFTYNXT5026DEC65400CE,0.00,0.00,0.00,5987.60,0.00,5987.60,68981.35,5621.08,0,0,0,0.00,0,F1,25,,,,,
2026-10-01,2026-10-01,FO,NSE,IDO,66842,,NIFTYNXT50,,2026-12-29,2026-12-29,64500.00,CE,NIFTYNXT5026DEC64500CE,0.00,0.00,0.00,6668.55,0.00,6668.55,68981.35,6286.37,0,0,0,0.00,0,F1,25,,,,,
2026-10-01,2026-10-01,FO,NSE,IDO,66835,,NIFTYNXT50,,2026-12-29,2026-12-29,64200.00,CE,NIFTYNXT5026DEC64200CE,0.00,0.00,0.00,6903.30,0.00,6903.30,68981.35,6517.03,0,0,0,0.00,0,F1,25,,,,,
2026-10-01,2026-10-01,FO,NSE,IDO,66749,,NIFTYNXT50,,2026-12-29,2026-12-29,62700.00,CE,NIFTYNXT5026DEC62700CE,0.00,0.00,0.00,8129.75,0.00,8129.75,68981.35,7725.97,0,0,0,0.00,0,F1,25,,,,,
2026-10-01,2026-10-01,FO,NSE,IDO,66569,,NIFTYNXT50,,2026-12-29,2026-12-29,60000.00,CE,NIFTYNXT5026DEC60000CE,0.00,0.00,0.00,10517.70,0.00,10517.70,68981.35,10093.38,0,0,0,0.00,0,F1,25,,,,,
2026-10-01,2026-10-01,FO,NSE,IDO,65762,,NIFTYNXT50,,2026-11-23,2026-11-23,75100.00,CE,NIFTYNXT5026NOV75100CE,0.00,0.00,0.00,3390.70,0.00,3390.70,68981.35,517.16,0,0,0,0.00,0,F1,25,,,,,
2026-10-01,2026-10-01,FO,NSE,IDO,65688,,NIFTYNXT50,,2026-11-23,2026-11-23,72700.00,CE,NIFTYNXT5026NOV72700CE,0.00,0.00,0.00,4729.50,0.00,4729.50,68981.35,1029.94,0,0,0,0.00,0,F1,25,,,,,
2026-10-01,2026-10-01,FO,NSE,IDO,65568,,NIFTYNXT50,,2026-11-23,2026-11-23,71100.00,CE,NIFTYNXT5026NOV71100CE,0.00,0.00,0.00,5778.05,0.00,5778.05,68981.35,1550.80,0,0,0,0.00,0,F1,25,,,,,
2026-10-01,2026-10-01,FO,NSE,IDO,65548,,NIFTYNXT50,,2026-11-23,2026-11-23,70100.00,CE,NIFTYNXT5026NOV70100CE,0.00,0.00,0.00,6494.45,0.00,6494.45,68981.35,1961.74,0,0,0,0.00,0,F1,25,,,,,
2026-10-01,2026-10-01,FO,NSE,IDO,65544,,NIFTYNXT50,,2026-11-23,2026-11-23,69900.00,CE,NIFTYNXT5026NOV69900CE,0.00,0.00,0.00,6642.70,0.00,6642.70,68981.35,2052.28,0,0,0,0.00,0,F1,25,,,,,
2026-10-01,2026-10-01,FO,NSE,IDO,65532,,NIFTYNXT50,,2026-11-23,2026-11-23,69300.00,CE,NIFTYNXT5026NOV69300CE,0.00,0.00,0.00,7097.30,0.00,7097.30,68981.35,2341.28,0,0,0,0.00,0,F1,25,,,,,
2026-10-01,2026-10-01,FO,NSE,IDO,65444,,NIFTYNXT50,,2026-11-23,2026-11-23,66300.00,CE,NIFTYNXT5026NOV66300CE,0.00,0.00,0.00,9567.55,0.00,9567.55,68981.35,4168.16,0,0,0,0.00,0,F1,25,,,,,
2026-10-01,2026-10-01,FO,NSE,IDO,65428,,NIFTYNXT50,,2026-11-23,2026-11-23,65500.00,CE,NIFTYNXT5026NOV65500CE,0.00,0.00,0.00,10272.70,0.00,10272.70,68981.35,4757.89,0,0,0,0.00,0,F1,25,,,,,
2026-10-01,2026-10-01,FO,NSE,IDO,65418,,NIFTYNXT50,,2026-11-23,2026-11-23,65000.00,CE,NIFTYNXT5026NOV65000CE,0.00,0.00,0.00,10721.35,0.00,10721.35,68981.35,5145.03,0,0,0,0.00,0,F1,25,,,,,
2026-10-01,2026-10-01,FO,NSE,IDO,65260,,NIFTYNXT50,,2026-11-23,2026-11-23,63600.00,CE,NIFTYNXT5026NOV63600CE,0.00,0.00,0.00,12005.30,0.00,12005.30,68981.35,6297.99,0,0,0,0.00,0,F1,25,,,,,
2026-10-01,2026-10-01,FO,NSE,IDO,65230,,NIFTYNXT50,,2026-11-23,2026-11-23,62000.00,CE,NIFTYNXT5026NOV62000CE,0.00,0.00,0.00,13512.00,0.00,13512.00,68981.35,7716.66,0,0,0,0.00,0,F1,25,,,,,
2026-10-01,2026-10-01,FO,NSE,IDO,52328,,NIFTYNXT50,,2026-10-27,2026-10-27,80500.00,CE,NIFTYNXT5026OCT80500CE,0.00,0.00,0.00,890.60,0.00,890.60,68981.35,4.37,0,0,0,0.00,0,F1,25,,,,,
2026-10-01,2026-10-01,FO,NSE,IDO,52312,,NIFTYNXT50,,2026-10-27,2026-10-27,79800.00,CE,NIFTYNXT5026OCT79800CE,0.00,0.00,0.00,1021.00,0.00,1021.00,68981.35,7.20,0,0,0,0.00,0,F1,25,,,,,
2026-10-01,2026-10-01,FO,NSE,IDO,52240,,NIFTYNXT50,,2026-10-27,2026-10-27,77800.00,CE,NIFTYNXT5026OCT77800CE,0.00,0.00,0.00,1480.90,0.00,1480.90,68981.35,27.27,0,0,0,0.00,0,F1,25,,,,,
2026-10-01,2026-10-01,FO,NSE,IDO,52191,,NIFTYNXT50,,2026-10-27,2026-10-27,75500.00,CE,NIFTYNXT5026OCT75500CE,0.00,0.00,0.00,2201.20,0.00,2201.20,68981.35,105.39,0,0,0,0.00,0,F1,25,,,,,
2026-10-01,2026-10-01,FO,NSE,IDO,52153,,NIFTYNXT50,,2026-10-27,2026-10-27,73600.00,CE,NIFTYNXT5026OCT73600CE,0.00,0.00,0.00,2972.55,0.00,2972.55,68981.35,277.38,0,0,0,0.00,0,F1,25,,,,,
2026-10-01,2026-10-01,FO,NSE,IDO,52143,,NIFTYNXT50,,2026-10-27,2026-10-27,73400.00,CE,NIFTYNXT5026OCT73400CE,0.00,0.00,0.00,3063.70,0.00,3063.70,68981.35,304.72,0,0,0,0.00,0,F1,25,,,,,
2026-10-01,2026-10-01,FO,NSE,IDO,52135,,NIFTYNXT50,,2026-10-27,2026-10-27,73100.00,CE,NIFTYNXT5026OCT73100CE,0.00,0.00,0.00,3204.05,0.00,3204.05,68981.35,349.87,0,0,0,0.00,0,F1,25,,,,,
2026-10-01,2026-10-01,FO,NSE,IDO,52099,,NIFTYNXT50,,2026-10-27,2026-10-27,72400.00,CE,NIFTYNXT5026OCT72400CE,0.00,0.00,0.00,3548.90,0.00,3548.90,68981.35,476.72,0,0,0,0.00,0,F1,25,,,,,
2026-10-01,2026-10-01,FO,NSE,IDO,51957,,NIFTYNXT50,,2026-10-27,2026-10-27,68100.00,CE,NIFTYNXT5026OCT68100CE,0.00,0.00,0.00,6192.80,0.00,6192.80,68981.35,2171.87,0,0,0,0.00,0,F1,25,,,,,
2026-10-01,2026-10-01,FO,NSE,IDO,51955,,NIFTYNXT50,,2026-10-27,2026-10-27,68000.00,CE,NIFTYNXT5026OCT68000CE,0.00,0.00,0.00,6264.60,0.00,6264.60,68981.35,2233.11,0,0,0,0.00,0,F1,25,,,,,
2026-10-01,2026-10-01,FO,NSE,IDO,51949,,NIFTYNXT50,,2026-10-27,2026-10-27,67700.00,CE,NIFTYNXT5026OCT67700CE,0.00,0.00,0.00,6482.70,0.00,6482.70,68981.35,2422.84,0,0,0,0.00,0,F1,25,,,,,
2026-10-01,2026-10-01,FO,NSE,IDO,51937,,NIFTYNXT50,,2026-10-27,2026-10-27,67500.00,CE,NIFTYNXT5026OCT67500CE,0.00,0.00,0.00,6627.35,0.00,6627.35,68981.35,2554.24,0,0,0,0.00,0,F1,25,,,,,
2026-10-01,2026-10-01,FO,NSE,IDO,51911,,NIFTYNXT50,,2026-10-27,2026-10-27,66200.00,CE,NIFTYNXT5026OCT66200CE,0.00,0.00,0.00,7624.30,0.00,7624.30,68981.35,3498.68,0,0,0,0.00,0,F1,25,,,,,
2026-10-01,2026-10-01,FO,NSE,IDO,51845,,NIFTYNXT50,,2026-10-27,2026-10-27,64100.00,CE,NIFTYNXT5026OCT64100CE,0.00,0.00,0.00,9363.80,0.00,9363.80,68981.35,5288.13,0,0,0,0.00,0,F1,25,,,,,
2026-10-01,2026-10-01,FO,NSE,IDO,51792,,NIFTYNXT50,,2026-10-27,2026-10-27,62500.00,CE,NIFTYNXT5026OCT62500CE,0.00,0.00,0.00,10776.10,0.00,10776.10,68981.35,6790.32,0,0,0,0.00,0,F1,25,,,,,
2026-10-01,2026-10-01,FO,NSE,IDO,52319,,NIFTYNXT50,,2026-10-27,2026-10-27,80100.00,PE,NIFTYNXT5026OCT80100PE,0.00,0.00,0.00,7772.80,0.00,7772.80,68981.35,10787.40,0,0,0,0.00,0,F1,25,,,,,
2026-10-01,2026-10-01,FO,NSE,IDO,52313,,NIFTYNXT50,,2026-10-27,2026-10-27,79800.00,PE,NIFTYNXT5026OCT79800PE,0.00,0.00,0.00,7535.00,0.00,7535.00,68981.35,10490.04,0,0,0,0.00,0,F1,25,,,,,
2026-10-01,2026-10-01,FO,NSE,IDO,52277,,NIFTYNXT50,,2026-10-27,2026-10-27,78700.00,PE,NIFTYNXT5026OCT78700PE,0.00,0.00,0.00,6690.20,0.00,6690.20,68981.35,9402.71,0,0,0,0.00,0,F1,25,,,,,
2026-10-01,2026-10-01,FO,NSE,IDO,52256,,NIFTYNXT50,,2026-10-27,2026-10-27,78400.00,PE,NIFTYNXT5026OCT78400PE,0.00,0.00,0.00,6466.00,0.00,6466.00,68981.35,9107.30,0,0,0,0.00,0,F1,25,,,,,
2026-10-01,2026-10-01,FO,NSE,IDO,52223,,NIFTYNXT50,,2026-10-27,2026-10-27,76900.00,PE,NIFTYNXT5026OCT76900PE,0.00,0.00,0.00,5394.25,0.00,5394.25,68981.35,7642.42,0,0,0,0.00,0,F1,25,,,,,
2026-10-01,2026-10-01,FO,NSE,IDO,52215,,NIFTYNXT50,,2026-10-27,2026-10-27,76500.00,PE,NIFTYNXT5026OCT76500PE,0.00,0.00,0.00,5124.45,0.00,5124.45,68981.35,7256.71,0,0,0,0.00,0,F1,25,,,,,
2026-10-01,2026-10-01,FO,NSE,IDO,52199,,NIFTYNXT50,,2026-10-27,2026-10-27,75800.00,PE,NIFTYNXT5026OCT75800PE,0.00,0.00,0.00,4668.65,0.00,4668.65,68981.35,6589.02,0,0,0,0.00,0,F1,25,,,,,
2026-10-01,2026-10-01,FO,NSE,IDO,52197,,NIFTYNXT50,,2026-10-27,2026-10-27,75700.00,PE,NIFTYNXT5026OCT75700PE,0.00,0.00,0.00,4605.25,0.00,4605.25,68981.35,6494.53,0,0,0,0.00,0,F1,25,,,,,
2026-10-01,2026-10-01,FO,NSE,IDO,52194,,NIFTYNXT50,,2026-10-27,2026-10-27,75600.00,PE,NIFTYNXT5026OCT75600PE,0.00,0.00,0.00,4542.30,0.00,4542.30,68981.35,6400.30,0,0,0,0.00,0,F1,25,,,,,
2026-10-01,2026-10-01,FO,NSE,IDO,52180,,NIFTYNXT50,,2026-10-27,2026-10-27,74900.00,PE,NIFTYNXT5026OCT74900PE,0.00,0.00,0.00,4114.30,0.00,4114.30,68981.35,5748.63,0,0,0,0.00,0,F1,25,,,,,
2026-10-01,2026-10-01,FO,NSE,IDO,52178,,NIFTYNXT50,,2026-10-27,2026-10-27,74800.00,PE,NIFTYNXT5026OCT74800PE,0.00,0.00,0.00,4054.95,0.00,4054.95,68981.35,5656.81,0,0,0,0.00,0,F1,25,,,,,
2026-10-01,2026-10-01,FO,NSE,IDO,52160,,NIFTYNXT50,,2026-10-27,2026-10-27,73900.00,PE,NIFTYNXT5026OCT73900PE,0.00,0.00,0.00,3542.10,0.00,3542.10,68981.35,4847.91,0,0,0,0.00,0,F1,25,,,,,
2026-10-01,2026-10-01,FO,NSE,IDO,52123,,NIFTYNXT50,,2026-10-27,2026-10-27,72600.00,PE,NIFTYNXT5026OCT72600PE,0.00,0.00,0.00,2870.10,0.00,2870.10,68981.35,3750.34,0,0,0,0.00,0,F1,25,,,,,
2026-10-01,2026-10-01,FO,NSE,IDO,52072,,NIFTYNXT50,,2026-10-27,2026-10-27,71500.00,PE,NIFTYNXT5026OCT71500PE,0.00,0.00,0.00,2366.05,0.00,2366.05,68981.35,2908.23,0,0,0,0.00,0,F1,25,,,,,
2026-10-01,2026-10-01,FO,NSE,IDO,52060,,NIFTYNXT50,,2026-10-27,2026-10-27,70900.00,PE,NIFTYNXT5026OCT70900PE,0.00,0.00,0.00,2116.25,0.00,2116.25,68981.35,2490.73,0,0,0,0.00,0,F1,25,,,,,
2026-10-01,2026-10-01,FO,NSE,IDO,51952,,NIFTYNXT50,,2026-10-27,2026-10-27,67800.00,PE,NIFTYNXT5026OCT67800PE,0.00,0.00,0.00,1103.80,0.00,1103.80,68981.35,891.95,0,0,0,0.00,0,F1,25,,,,,
2026-10-01,2026-10-01,FO,NSE,IDO,51936,,NIFTYNXT50,,2026-10-27,2026-10-27,67400.00,PE,NIFTYNXT5026OCT67400PE,0.00,0.00,0.00,1001.90,0.00,1001.90,68981.35,756.41,0,0,0,0.00,0,F1,25,,,,,
2026-10-01,2026-10-01,FO,NSE,IDO,51934,,NIFTYNXT50,,2026-10-27,2026-10-27,67300.00,PE,NIFTYNXT5026OCT67300PE,0.00,0.00,0.00,978.05,0.00,978.05,68981.35,724.93,0,0,0,0.00,0,F1,25,,,,,
2026-10-01,2026-10-01,FO,NSE,IDO,51910,,NIFTYNXT50,,2026-10-27,2026-10-27,66100.00,PE,NIFTYNXT5026OCT66100PE,0.00,0.00,0.00,723.50,0.00,723.50,68981.35,417.72,0,0,0,0.00,0,F1,25,,,,,
2026-10-01,2026-10-01,FO,NSE,IDO,51859,,NIFTYNXT50,,2026-10-27,2026-10-27,64500.00,PE,NIFTYNXT5026OCT64500PE,0.00,0.00,0.00,465.30,0.00,465.30,68981.35,174.91,0,0,0,0.00,0,F1,25,,,,,
2026-10-01,2026-10-01,FO,NSE,IDO,51731,,NIFTYNXT50,,2026-10-27,2026-10-27,60000.00,PE,NIFTYNXT5026OCT60000PE,0.00,0.00,0.00,101.60,0.00,101.60,68981.35,5.50,0,0,0,0.00,0,F1,25,,,,,
2026-10-01,2026-10-01,FO,NSE,IDO,67246,,NIFTYNXT50,,2026-12-29,2026-12-29,72300.00,CE,NIFTYNXT5026DEC72300CE,0.00,0.00,0.00,2125.40,0.00,2125.40,68981.35,1904.19,0,0,0,0.00,0,F1,25,,,,,
2026-10-01,2026-10-01,FO,NSE,IDO,67067,,NIFTYNXT50,,2026-12-29,2026-12-29,69500.00,CE,NIFTYNXT5026DEC69500CE,0.00,0.00,0.00,3388.65,0.00,3388.65,68981.35,3101.24,0,0,0,0.00,0,F1,25,,,,,
2026-10-01,2026-10-01,FO,NSE,IDO,67063,,NIFTYNXT50,,2026-12-29,2026-12-29,69300.00,CE,NIFTYNXT5026DEC69300CE,0.00,0.00,0.00,3494.80,0.00,3494.80,68981.35,3202.86,0,0,0,0.00,0,F1,25,,,,,
2026-10-01,2026-10-01,FO,NSE,IDO,67043,,NIFTYNXT50,,2026-12-29,2026-12-29,68300.00,CE,NIFTYNXT5026DEC68300CE,0.00,0.00,0.00,4058.00,0.00,4058.00,68981.35,3744.03,0,0,0,0.00,0,F1,25,,,,,
2026-10-01,2026-10-01,FO,NSE,IDO,66955,,NIFTYNXT50,,2026-12-29,2026-12-29,65500.00,CE,NIFTYNXT5026DEC65500CE,0.00,0.00,0.00,5916.75,0.00,5916.75,68981.35,5549.14,0,0,0,0.00,0,F1,25,,,,,
2026-10-01,2026-10-01,FO,NSE,IDO,66951,,NIFTYNXT50,,2026-12-29,2026-12-29,65300.00,CE,NIFTYNXT5026DEC65300CE,0.00,0.00,0.00,6061.50,0.00,6061.50,68981.35,5693.51,0,0,0,0.00,0,F1,25,,,,,
2026-10-01,2026-10-01,FO,NSE,IDO,66852,,NIFTYNXT50,,2026-12-29,2026-12-29,65000.00,CE,NIFTYNXT5026DEC65000CE,0.00,0.00,0.00,6285.85,0.00,6285.85,68981.35,5910.89,0,0,0,0.00,0,F1,25,,,,,
2026-10-01,2026-10-01,FO,NSE,IDO,66850,,NIFTYNXT50,,2026-12-29,2026-12-29,64900.00,CE,NIFTYNXT5026DEC64900CE,0.00,0.00,0.00,6361.50,0.00,6361.50,68981.35,5985.07,0,0,0,0.00,0,F1,25,,,,,
2026-10-01,2026-10-01,FO,NSE,IDO,66690,,NIFTYNXT50,,2026-12-29,2026-12-29,61500.00,CE,NIFTYNXT5026DEC61500CE,0.00,0.00,0.00,9166.45,0.00,9166.45,68981.35,8751.93,0,0,0,0.00,0,F1,25,,,,,
2026-10-01,2026-10-01,FO,NSE,IDO,66088,,NIFTYNXT50,,2026-11-23,2026-11-23,82500.00,CE,NIFTYNXT5026NOV82500CE,0.00,0.00,0.00,945.30,0.00,945.30,68981.35,34.77,0,0,0,0.00,0,F1,25,,,,,
2026-10-01,2026-10-01,FO,NSE,IDO,65867,,NIFTYNXT50,,2026-11-23,2026-11-23,78100.00,CE,NIFTYNXT5026NOV78100CE,0.00,0.00,0.00,2114.15,0.00,2114.15,68981.35,191.79,0,0,0,0.00,0,F1,25,,,,,
2026-10-01,2026-10-01,FO,NSE,IDO,65810,,NIFTYNXT50,,2026-11-23,2026-11-23,75700.00,CE,NIFTYNXT5026NOV75700CE,0.00,0.00,0.00,3100.40,0.00,3100.40,68981.35,429.01,0,0,0,0.00,0,F1,25,,,,,
2026-10-01,2026-10-01,FO,NSE,IDO,65808,,NIFTYNXT50,,2026-11-23,2026-11-23,75600.00,CE,NIFTYNXT5026NOV75600CE,0.00,0.00,0.00,3147.50,0.00,3147.50,68981.35,442.76,0,0,0,0.00,0,F1,25,,,,,
2026-10-01,2026-10-01,FO,NSE,IDO,65758,,NIFTYNXT50,,2026-11-23,2026-11-23,74900.00,CE,NIFTYNXT5026NOV74900CE,0.00,0.00,0.00,3491.35,0.00,3491.35,68981.35,549.69,0,0,0,0.00,0,F1,25,,,,,
2026-10-01,2026-10-01,FO,NSE,IDO,65713,,NIFTYNXT50,,2026-11-23,2026-11-23,73500.00,CE,NIFTYNXT5026NOV73500CE,0.00,0.00,0.00,4251.50,0.00,4251.50,68981.35,830.12,0,0,0,0.00,0,F1,25,,,,,
2026-10-01,2026-10-01,FO,NSE,IDO,65690,,NIFTYNXT50,,2026-11-23,2026-11-23,72800.00,CE,NIFTYNXT5026NOV72800CE,0.00,0.00,0.00,4668.05,0.00,4668.05,68981.35,1002.56,0,0,0,0.00,0,F1,25,,,,,
2026-10-01,2026-10-01,FO,NSE,IDO,65678,,NIFTYNXT50,,2026-11-23,2026-11-23,72200.00,CE,NIFTYNXT5026NOV72200CE,0.00,0.00,0.00,5044.10,0.00,5044.10,68981.35,1175.64,0,0,0,0.00,0,F1,25,,,,,
2026-10-01,2026-10-01,FO,NSE,IDO,65672,,NIFTYNXT50,,2026-11-23,2026-11-23,71900.00,CE,NIFTYNXT5026NOV71900CE,0.00,0.00,0.00,5238.65,0.00,5238.65,68981.35,1270.32,0,0,0,0.00,0,F1,25,,,,,
2026-10-01,2026-10-01,FO,NSE,IDO,65578,,NIFTYNXT50,,2026-11-23,2026-11-23,71500.00,CE,NIFTYNXT5026NOV71500CE,0.00,0.00,0.00,5504.65,0.00,5504.65,68981.35,1405.37,0,0,0,0.00,0,F1,25,,,,,
2026-10-01,2026-10-01,FO,NSE,IDO,65566,,NIFTYNXT50,,2026-11-23,2026-11-23,71000.00,CE,NIFTYNXT5026NOV71000CE,0.00,0.00,0.00,5847.55,0.00,5847.55,68981.35,1588.81,0,0,0,0.00,0,F1,25,,,,,
2026-10-01,2026-10-01,FO,NSE,IDO,65552,,NIFTYNXT50,,2026-11-23,2026-11-23,70300.00,CE,NIFTYNXT5026NOV70300CE,0.00,0.00,0.00,6350.50,0.00,6350.50,68981.35,1874.01,0,0,0,0.00,0,F1,25,,,,,
2026-10-01,2026-10-01,FO,NSE,IDO,65536,,NIFTYNXT50,,2026-11-23,2026-11-23,69500.00,CE,NIFTYNXT5026NOV69500CE,0.00,0.00,0.00,6944.15,0.00,6944.15,68981.35,2241.90,0,0,0,0.00,0,F1,25,,,,,
2026-10-01,2026-10-01,FO,NSE,IDO,65520,,NIFTYNXT50,,2026-11-23,2026-11-23,68700.00,CE,NIFTYNXT5026NOV68700CE,0.00,0.00,0.00,7566.20,0.00,7566.20,68981.35,2655.84,0,0,0,0.00,0,F1,25,,,,,
2026-10-01,2026-10-01,FO,NSE,IDO,65492,,NIFTYNXT50,,2026-11-23,2026-11-23,68100.00,CE,NIFTYNXT5026NOV68100CE,0.00,0.00,0.00,8048.55,0.00,8048.55,68981.35,2996.25,0,0,0,0.00,0,F1,25,,,,,
2026-10-01,2026-10-01,FO,NSE,IDO,65484,,NIFTYNXT50,,2026-11-23,2026-11-23,67700.00,CE,NIFTYNXT5026NOV67700CE,0.00,0.00,0.00,8377.15,0.00,8377.15,68981.35,3237.43,0,0,0,0.00,0,F1,25,,,,,
2026-10-01,2026-10-01,FO,NSE,IDO,65372,,NIFTYNXT50,,2026-11-23,2026-11-23,64100.00,CE,NIFTYNXT5026NOV64100CE,0.00,0.00,0.00,11542.45,0.00,11542.45,68981.35,5875.41,0,0,0,0.00,0,F1,25,,,,,
2026-10-01,2026-10-01,FO,NSE,IDO,65232,,NIFTYNXT50,,2026-11-23,2026-11-23,62500.00,CE,NIFTYNXT5026NOV62500CE,0.00,0.00,0.00,13037.45,0.00,13037.45,68981.35,7263.69,0,0,0,0.00,0,F1,25,,,,,
2026-10-01,2026-10-01,FO,NSE,IDO,65222,,NIFTYNXT50,,2026-11-23,2026-11-23,60000.00,CE,NIFTYNXT5026NOV60000CE,0.00,0.00,0.00,15434.95,0.00,15434.95,68981.35,9592.49,0,0,0,0.00,0,F1,25,,,,,
2026-10-01,2026-10-01,FO,NSE,IDO,52340,,NIFTYNXT50,,2026-10-27,2026-10-27,81000.00,CE,NIFTYNXT5026OCT81000CE,0.00,0.00,0.00,806.20,0.00,806.20,68981.35,3.02,0,0,0,0.00,0,F1,25,,,,,
2026-10-01,2026-10-01,FO,NSE,IDO,52338,,NIFTYNXT50,,2026-10-27,2026-10-27,80900.00,CE,NIFTYNXT5026OCT80900CE,0.00,0.00,0.00,822.50,0.00,822.50,68981.35,3.26,0,0,0,0.00,0,F1,25,,,,,
2026-10-01,2026-10-01,FO,NSE,IDO,52330,,NIFTYNXT50,,2026-10-27,2026-10-27,80600.00,CE,NIFTYNXT5026OCT80600CE,0.00,0.00,0.00,873.15,0.00,873.15,68981.35,4.06,0,0,0,0.00,0,F1,25,,,,,
2026-10-01,2026-10-01,FO,NSE,IDO,52230,,NIFTYNXT50,,2026-10-27,2026-10-27,77300.00,CE,NIFTYNXT5026OCT77300CE,0.00,0.00,0.00,1619.05,0.00,1619.05,68981.35,37.20,0,0,0,0.00,0,F1,25,,,,,
2026-10-01,2026-10-01,FO,NSE,IDO,52177,,NIFTYNXT50,,2026-10-27,2026-10-27,74800.00,CE,NIFTYNXT5026OCT74800CE,0.00,0.00,0.00,2465.85,0.00,2465.85,68981.35,152.93,0,0,0,0.00,0,F1,25,,,,,
2026-10-01,2026-10-01,FO,NSE,IDO,52175,,NIFTYNXT50,,2026-10-27,2026-10-27,74700.00,CE,NIFTYNXT5026OCT74700CE,0.00,0.00,0.00,2505.50,0.00,2505.50,68981.35,161.04,0,0,0,0.00,0,F1,25,,,,,
2026-10-01,2026-10-01,FO,NSE,IDO,52087,,NIFTYNXT50,,2026-10-27,2026-10-27,72200.00,CE,NIFTYNXT5026OCT72200CE,0.00,0.00,0.00,3651.75,0.00,3651.75,68981.35,519.04,0,0,0,0.00,0,F1,25,,,,,
2026-10-01,2026-10-01,FO,NSE,IDO,52031,,NIFTYNXT50,,2026-10-27,2026-10-27,70400.00,CE,NIFTYNXT5026OCT70400CE,0.00,0.00,0.00,4666.35,0.00,4666.35,68981.35,1045.39,0,0,0,0.00,0,F1,25,,,,,
2026-10-01,2026-10-01,FO,NSE,IDO,51919,,NIFTYNXT50,,2026-10-27,2026-10-27,66600.00,CE,NIFTYNXT5026OCT66600CE,0.00,0.00,0.00,7310.50,0.00,7310.50,68981.35,3192.54,0,0,0,0.00,0,F1,25,,,,,
2026-10-01,2026-10-01,FO,NSE,IDO,51847,,NIFTYNXT50,,2026-10-27,2026-10-27,64200.00,CE,NIFTYNXT5026OCT64200CE,0.00,0.00,0.00,9277.75,0.00,9277.75,68981.35,5197.32,0,0,0,0.00,0,F1,25,,,,,
2026-10-01,2026-10-01,FO,NSE,IDO,51790,,NIFTYNXT50,,2026-10-27,2026-10-27,62400.00,CE,NIFTYNXT5026OCT62400CE,0.00,0.00,0.00,10866.40,0.00,10866.40,68981.35,6886.59,0,0,0,0.00,0,F1,25,,,,,
2026-10-01,2026-10-01,FO,NSE,IDO,65685,,NIFTYNXT50,,2026-11-23,2026-11-23,72500.00,PE,NIFTYNXT5026NOV72500PE,0.00,0.00,0.00,1767.95,0.00,1767.95,68981.35,3939.67,0,0,0,0.00,0,F1,25,,,,,
2026-10-01,2026-10-01,FO,NSE,IDO,65689,,NIFTYNXT50,,2026-11-23,2026-11-23,72700.00,PE,NIFTYNXT5026NOV72700PE,0.00,0.00,0.00,1840.60,0.00,1840.60,68981.35,4081.34,0,0,0,0.00,0,F1,25,,,,,
2026-10-01,2026-10-01,FO,NSE,IDO,65701,,NIFTYNXT50,,2026-11-23,2026-11-23,73300.00,PE,NIFTYNXT5026NOV73300PE,0.00,0.00,0.00,2070.25,0.00,2070.25,68981.35,4523.22,0,0,0,0.00,0,F1,25,,,,,
2026-10-01,2026-10-01,FO,NSE,IDO,65763,,NIFTYNXT50,,2026-11-23,2026-11-23,75100.00,PE,NIFTYNXT5026NOV75100PE,0.00,0.00,0.00,2866.15,0.00,2866.15,68981.35,5946.53,0,0,0,0.00,0,F1,25,,,,,
2026-10-01,2026-10-01,FO,NSE,IDO,65943,,NIFTYNXT50,,2026-11-23,2026-11-23,80000.00,PE,NIFTYNXT5026NOV80000PE,0.00,0.00,0.00,5819.80,0.00,5819.80,68981.35,10379.50,0,0,0,0.00,0,F1,25,,,,,
2026-10-01,2026-10-01,FO,NSE,IDO,66501,,NIFTYNXT50,,2026-12-29,2026-12-29,59500.00,PE,NIFTYNXT5026DEC59500PE,0.00,0.00,0.00,147.25,0.00,147.25,68981.35,156.87,0,0,0,0.00,0,F1,25,,,,,
2026-10-01,2026-10-01,FO,NSE,IDO,66697,,NIFTYNXT50,,2026-12-29,2026-12-29,61800.00,PE,NIFTYNXT5026DEC61800PE,0.00,0.00,0.00,337.55,0.00,337.55,68981.35,360.23,0,0,0,0.00,0,F1,25,,,,,
2026-10-01,2026-10-01,FO,NSE,IDO,66701,,NIFTYNXT50,,2026-12-29,2026-12-29,62000.00,PE,NIFTYNXT5026DEC62000PE,0.00,0.00,0.00,360.55,0.00,360.55,68981.35,384.81,0,0,0,0.00,0,F1,25,,,,,
2026-10-01,2026-10-01,FO,NSE,IDO,66853,,NIFTYNXT50,,2026-12-29,2026-12-29,65000.00,PE,NIFTYNXT5026DEC65000PE,0.00,0.00,0.00,873.30,0.00,873.30,68981.35,930.86,0,0,0,0.00,0,F1,25,,,,,
2026-10-01,2026-10-01,FO,NSE,IDO,66996,,NIFTYNXT50,,2026-12-29,2026-12-29,66100.00,PE,NIFTYNXT5026DEC66100PE,0.00,0.00,0.00,1156.70,0.00,1156.70,68981.35,1228.56,0,0,0,0.00,0,F1,25,,,,,
2026-10-01,2026-10-01,FO,NSE,IDO,67048,,NIFTYNXT50,,2026-12-29,2026-12-29,68500.00,PE,NIFTYNXT5026DEC68500PE,0.00,0.00,0.00,1977.30,0.00,1977.30,68981.35,2097.59,0,0,0,0.00,0,F1,25,,,,,
2026-10-01,2026-10-01,FO,NSE,IDO,67108,,NIFTYNXT50,,2026-12-29,2026-12-29,69900.00,PE,NIFTYNXT5026DEC69900PE,0.00,0.00,0.00,2598.45,0.00,2598.45,68981.35,2748.98,0,0,0,0.00,0,F1,25,,,,,
2026-10-01,2026-10-01,FO,NSE,IDO,67235,,NIFTYNXT50,,2026-12-29,2026-12-29,71700.00,PE,NIFTYNXT5026DEC71700PE,0.00,0.00,0.00,3550.95,0.00,3550.95,68981.35,3743.08,0,0,0,0.00,0,F1,25,,,,,
2026-10-01,2026-10-01,FO,NSE,IDO,67241,,NIFTYNXT50,,2026-12-29,2026-12-29,72000.00,PE,NIFTYNXT5026DEC72000PE,0.00,0.00,0.00,3726.15,0.00,3726.15,68981.35,3925.27,0,0,0,0.00,0,F1,25,,,,,
2026-10-01,2026-10-01,FO,NSE,IDO,67245,,NIFTYNXT50,,2026-12-29,2026-12-29,72200.00,PE,NIFTYNXT5026DEC72200PE,0.00,0.00,0.00,3845.50,0.00,3845.50,68981.35,4049.25,0,0,0,0.00,0,F1,25,,,,,
2026-10-01,2026-10-01,FO,NSE,IDO,67576,,NIFTYNXT50,,2026-12-29,2026-12-29,76000.00,PE,NIFTYNXT5026DEC76000PE,0.00,0.00,0.00,6467.05,0.00,6467.05,68981.35,6753.30,0,0,0,0.00,0,F1,25,,,,,
2026-10-01,2026-10-01,FO,NSE,IDO,67866,,NIFTYNXT50,,2026-12-29,2026-12-29,78000.00,PE,NIFTYNXT5026DEC78000PE,0.00,0.00,0.00,8072.55,0.00,8072.55,68981.35,8394.34,0,0,0,0.00,0,F1,25,,,,,
2026-10-01,2026-10-01,FO,NSE,IDO,67885,,NIFTYNXT50,,2026-12-29,2026-12-29,78500.00,PE,NIFTYNXT5026DEC78500PE,0.00,0.00,0.00,8493.05,0.00,8493.05,68981.35,8822.62,0,0,0,0.00,0,F1,25,,,,,
2026-10-01,2026-10-01,FO,NSE,IDO,65679,,NIFTYNXT50,,2026-11-23,2026-11-23,72200.00,PE,NIFTYNXT5026NOV72200PE,0.00,0.00,0.00,1662.65,0.00,1662.65,68981.35,3731.62,0,0,0,0.00,0,F1,25,,,,,
2026-10-01,2026-10-01,FO,NSE,IDO,65483,,NIFTYNXT50,,2026-11-23,2026-11-23,67600.00,PE,NIFTYNXT5026NOV67600PE,0.00,0.00,0.00,547.00,0.00,547.00,68981.35,1297.69,0,0,0,0.00,0,F1,25,,,,,
2026-10-01,2026-10-01,FO,NSE,IDO,65469,,NIFTYNXT50,,2026-11-23,2026-11-23,66900.00,PE,NIFTYNXT5026NOV66900PE,0.00,0.00,0.00,447.35,0.00,447.35,68981.35,1057.79,0,0,0,0.00,0,F1,25,,,,,
2026-10-01,2026-10-01,FO,NSE,IDO,65265,,NIFTYNXT50,,2026-11-23,2026-11-23,63800.00,PE,NIFTYNXT5026NOV63800PE,0.00,0.00,0.00,162.95,0.00,162.95,68981.35,360.70,0,0,0,0.00,0,F1,25,,,,,
2026-10-01,2026-10-01,FO,NSE,IDO,52339,,NIFTYNXT50,,2026-10-27,2026-10-27,80900.00,PE,NIFTYNXT5026OCT80900PE,0.00,0.00,0.00,8420.00,0.00,8420.00,68981.35,11581.47,0,0,0,0.00,0,F1,25,,,,,
2026-10-01,2026-10-01,FO,NSE,IDO,52331,,NIFTYNXT50,,2026-10-27,2026-10-27,80600.00,PE,NIFTYNXT5026OCT80600PE,0.00,0.00,0.00,8175.10,0.00,8175.10,68981.35,11283.54,0,0,0,0.00,0,F1,25,,,,,
2026-10-01,2026-10-01,FO,NSE,IDO,51988,,NIFTYNXT50,,2026-10-27,2026-10-27,68900.00,PE,NIFTYNXT5026OCT68900PE,0.00,0.00,0.00,1409.50,0.00,1409.50,68981.35,1347.31,0,0,0,0.00,0,F1,25,,,,,
2026-10-01,2026-10-01,FO,NSE,IDO,51744,,NIFTYNXT50,,2026-10-27,2026-10-27,60500.00,CE,NIFTYNXT5026OCT60500CE,0.00,0.00,0.00,12619.20,0.00,12619.20,68981.35,8744.73,0,0,0,0.00,0,F1,25,,,,,
2026-10-01,2026-10-01,FO,NSE,IDO,51853,,NIFTYNXT50,,2026-10-27,2026-10-27,64300.00,CE,NIFTYNXT5026OCT64300CE,0.00,0.00,0.00,9192.05,0.00,9192.05,68981.35,5106.97,0,0,0,0.00,0,F1,25,,,,,
2026-10-01,2026-10-01,FO,NSE,IDO,51923,,NIFTYNXT50,,2026-10-27,2026-10-27,66800.00,CE,NIFTYNXT5026OCT66800CE,0.00,0.00,0.00,7155.90,0.00,7155.90,68981.35,3046.87,0,0,0,0.00,0,F1,25,,,,,
2026-10-01,2026-10-01,FO,NSE,IDO,51951,,NIFTYNXT50,,2026-10-27,2026-10-27,67800.00,CE,NIFTYNXT5026OCT67800CE,0.00,0.00,0.00,6409.60,0.00,6409.60,68981.35,2358.61,0,0,0,0.00,0,F1,25,,,,,
2026-10-01,2026-10-01,FO,NSE,IDO,51977,,NIFTYNXT50,,2026-10-27,2026-10-27,68700.00,CE,NIFTYNXT5026OCT68700CE,0.00,0.00,0.00,5768.50,0.00,5768.50,68981.35,1825.75,0,0,0,0.00,0,F1,25,,,,,
2026-10-01,2026-10-01,FO,NSE,IDO,51985,,NIFTYNXT50,,2026-10-27,2026-10-27,68800.00,CE,NIFTYNXT5026OCT68800CE,0.00,0.00,0.00,5699.90,0.00,5699.90,68981.35,1771.66,0,0,0,0.00,0,F1,25,,,,,
2026-10-01,2026-10-01,FO,NSE,IDO,52024,,NIFTYNXT50,,2026-10-27,2026-10-27,70200.00,CE,NIFTYNXT5026OCT70200CE,0.00,0.00,0.00,4788.90,0.00,4788.90,68981.35,1122.05,0,0,0,0.00,0,F1,25,,,,,
2026-10-01,2026-10-01,FO,NSE,IDO,52067,,NIFTYNXT50,,2026-10-27,2026-10-27,71300.00,CE,NIFTYNXT5026OCT71300CE,0.00,0.00,0.00,4139.15,0.00,4139.15,68981.35,746.97,0,0,0,0.00,0,F1,25,,,,,
2026-10-01,2026-10-01,FO,NSE,IDO,52077,,NIFTYNXT50,,2026-10-27,2026-10-27,71800.00,CE,NIFTYNXT5026OCT71800CE,0.00,0.00,0.00,3863.45,0.00,3863.45,68981.35,614.97,0,0,0,0.00,0,F1,25,,,,,
2026-10-01,2026-10-01,FO,NSE,IDO,52085,,NIFTYNXT50,,2026-10-27,2026-10-27,72100.00,CE,NIFTYNXT5026OCT72100CE,0.00,0.00,0.00,3703.95,0.00,3703.95,68981.35,541.30,0,0,0,0.00,0,F1,25,,,,,
2026-10-01,2026-10-01,FO,NSE,IDO,52220,,NIFTYNXT50,,2026-10-27,2026-10-27,76800.00,CE,NIFTYNXT5026OCT76800CE,0.00,0.00,0.00,1767.15,0.00,1767.15,68981.35,50.28,0,0,0,0.00,0,F1,25,,,,,
2026-10-01,2026-10-01,FO,NSE,IDO,52274,,NIFTYNXT50,,2026-10-27,2026-10-27,78600.00,CE,NIFTYNXT5026OCT78600CE,0.00,0.00,0.00,1283.10,0.00,1283.10,68981.35,16.28,0,0,0,0.00,0,F1,25,,,,,
2026-10-01,2026-10-01,FO,NSE,IDO,52278,,NIFTYNXT50,,2026-10-27,2026-10-27,78800.00,CE,NIFTYNXT5026OCT78800CE,0.00,0.00,0.00,1236.65,0.00,1236.65,68981.35,14.26,0,0,0,0.00,0,F1,25,,,,,
2026-10-01,2026-10-01,FO,NSE,IDO,52310,,NIFTYNXT50,,2026-10-27,2026-10-27,79700.00,CE,NIFTYNXT5026OCT79700CE,0.00,0.00,0.00,1040.85,0.00,1040.85,68981.35,7.72,0,0,0,0.00,0,F1,25,,,,,
2026-10-01,2026-10-01,FO,NSE,IDO,52322,,NIFTYNXT50,,2026-10-27,2026-10-27,80300.00,CE,NIFTYNXT5026OCT80300CE,0.00,0.00,0.00,926.35,0.00,926.35,68981.35,5.05,0,0,0,0.00,0,F1,25,,,,,
2026-10-01,2026-10-01,FO,NSE,IDO,52324,,NIFTYNXT50,,2026-10-27,2026-10-27,80400.00,CE,NIFTYNXT5026OCT80400CE,0.00,0.00,0.00,908.30,0.00,908.30,68981.35,4.69,0,0,0,0.00,0,F1,25,,,,,
2026-10-01,2026-10-01,FO,NSE,IDO,52336,,NIFTYNXT50,,2026-10-27,2026-10-27,80800.00,CE,NIFTYNXT5026OCT80800CE,0.00,0.00,0.00,839.10,0.00,839.10,68981.35,3.51,0,0,0,0.00,0,F1,25,,,,,
2026-10-01,2026-10-01,FO,NSE,IDO,52422,,NIFTYNXT50,,2026-10-27,2026-10-27,85000.00,CE,NIFTYNXT5026OCT85000CE,0.00,0.00,0.00,343.25,0.00,343.25,68981.35,0.12,0,0,0,0.00,0,F1,25,,,,,
2026-10-01,2026-10-01,FO,NSE,IDO,65220,,NIFTYNXT50,,2026-11-23,2026-11-23,59500.00,CE,NIFTYNXT5026NOV59500CE,0.00,0.00,0.00,15920.35,0.00,15920.35,68981.35,10073.12,0,0,0,0.00,0,F1,25,,,,,
2026-10-01,2026-10-01,FO,NSE,IDO,65228,,NIFTYNXT50,,2026-11-23,2026-11-23,61500.00,CE,NIFTYNXT5026NOV61500CE,0.00,0.00,0.00,13989.35,0.00,13989.35,68981.35,8176.96,0,0,0,0.00,0,F1,25,,,,,
2026-10-01,2026-10-01,FO,NSE,IDO,35178,,NIFTYNXT50,,2026-11-23,2026-11-23,62300.00,CE,NIFTYNXT5026NOV62300CE,0.00,0.00,0.00,13040.80,0.00,13040.80,68981.35,7443.94,0,0,0,0.00,0,F1,25,,,,,
2026-10-01,2026-10-01,FO,NSE,IDO,65252,,NIFTYNXT50,,2026-11-23,2026-11-23,63300.00,CE,NIFTYNXT5026NOV63300CE,0.00,0.00,0.00,12285.00,0.00,12285.00,68981.35,6556.72,0,0,0,0.00,0,F1,25,,,,,
2026-10-01,2026-10-01,FO,NSE,IDO,65426,,NIFTYNXT50,,2026-11-23,2026-11-23,65400.00,CE,NIFTYNXT5026NOV65400CE,0.00,0.00,0.00,10361.95,0.00,10361.95,68981.35,4834.19,0,0,0,0.00,0,F1,25,,,,,
2026-10-01,2026-10-01,FO,NSE,IDO,65554,,NIFTYNXT50,,2026-11-23,2026-11-23,70400.00,CE,NIFTYNXT5026NOV70400CE,0.00,0.00,0.00,6277.75,0.00,6277.75,68981.35,1831.20,0,0,0,0.00,0,F1,25,,,,,
2026-10-01,2026-10-01,FO,NSE,IDO,65556,,NIFTYNXT50,,2026-11-23,2026-11-23,70500.00,CE,NIFTYNXT5026NOV70500CE,0.00,0.00,0.00,6205.45,0.00,6205.45,68981.35,1789.08,0,0,0,0.00,0,F1,25,,,,,
2026-10-01,2026-10-01,FO,NSE,IDO,65668,,NIFTYNXT50,,2026-11-23,2026-11-23,71800.00,CE,NIFTYNXT5026NOV71800CE,0.00,0.00,0.00,5304.45,0.00,5304.45,68981.35,1303.13,0,0,0,0.00,0,F1,25,,,,,
2026-10-01,2026-10-01,FO,NSE,IDO,65692,,NIFTYNXT50,,2026-11-23,2026-11-23,72900.00,CE,NIFTYNXT5026NOV72900CE,0.00,0.00,0.00,4607.05,0.00,4607.05,68981.35,975.75,0,0,0,0.00,0,F1,25,,,,,
2026-10-01,2026-10-01,FO,NSE,IDO,65728,,NIFTYNXT50,,2026-11-23,2026-11-23,73600.00,CE,NIFTYNXT5026NOV73600CE,0.00,0.00,0.00,4194.00,0.00,4194.00,68981.35,807.30,0,0,0,0.00,0,F1,25,,,,,
2026-10-01,2026-10-01,FO,NSE,IDO,65814,,NIFTYNXT50,,2026-11-23,2026-11-23,75900.00,CE,NIFTYNXT5026NOV75900CE,0.00,0.00,0.00,3007.65,0.00,3007.65,68981.35,402.58,0,0,0,0.00,0,F1,25,,,,,
2026-10-01,2026-10-01,FO,NSE,IDO,65816,,NIFTYNXT50,,2026-11-23,2026-11-23,76000.00,CE,NIFTYNXT5026NOV76000CE,0.00,0.00,0.00,2962.05,0.00,2962.05,68981.35,389.89,0,0,0,0.00,0,F1,25,,,,,
2026-10-01,2026-10-01,FO,NSE,IDO,65826,,NIFTYNXT50,,2026-11-23,2026-11-23,76500.00,CE,NIFTYNXT5026NOV76500CE,0.00,0.00,0.00,2741.20,0.00,2741.20,68981.35,331.39,0,0,0,0.00,0,F1,25,,,,,
2026-10-01,2026-10-01,FO,NSE,IDO,65828,,NIFTYNXT50,,2026-11-23,2026-11-23,76600.00,CE,NIFTYNXT5026NOV76600CE,0.00,0.00,0.00,2698.45,0.00,2698.45,68981.35,320.64,0,0,0,0.00,0,F1,25,,,,,
2026-10-01,2026-10-01,FO,NSE,IDO,65836,,NIFTYNXT50,,2026-11-23,2026-11-23,77000.00,CE,NIFTYNXT5026NOV77000CE,0.00,0.00,0.00,2532.35,0.00,2532.35,68981.35,280.55,0,0,0,0.00,0,F1,25,,,,,
2026-10-01,2026-10-01,FO,NSE,IDO,65891,,NIFTYNXT50,,2026-11-23,2026-11-23,78500.00,CE,NIFTYNXT5026NOV78500CE,0.00,0.00,0.00,1975.65,0.00,1975.65,68981.35,166.23,0,0,0,0.00,0,F1,25,,,,,
2026-10-01,2026-10-01,FO,NSE,IDO,65916,,NIFTYNXT50,,2026-11-23,2026-11-23,79000.00,CE,NIFTYNXT5026NOV79000CE,0.00,0.00,0.00,1812.35,0.00,1812.35,68981.35,138.53,0,0,0,0.00,0,F1,25,,,,,
2026-10-01,2026-10-01,FO,NSE,IDO,66068,,NIFTYNXT50,,2026-11-23,2026-11-23,81500.00,CE,NIFTYNXT5026NOV81500CE,0.00,0.00,0.00,1151.45,0.00,1151.45,68981.35,52.58,0,0,0,0.00,0,F1,25,,,,,
2026-10-01,2026-10-01,FO,NSE,IDO,66499,,NIFTYNXT50,,2026-12-29,2026-12-29,59500.00,CE,NIFTYNXT5026DEC59500CE,0.00,0.00,0.00,10979.20,0.00,10979.20,68981.35,10552.40,0,0,0,0.00,0,F1,25,,,,,
2026-10-01,2026-10-01,FO,NSE,IDO,66778,,NIFTYNXT50,,2026-12-29,2026-12-29,62800.00,CE,NIFTYNXT5026DEC62800CE,0.00,0.00,0.00,8045.45,0.00,8045.45,68981.35,7642.68,0,0,0,0.00,0,F1,25,,,,,
2026-10-01,2026-10-01,FO,NSE,IDO,66780,,NIFTYNXT50,,2026-12-29,2026-12-29,62900.00,CE,NIFTYNXT5026DEC62900CE,0.00,0.00,0.00,7961.45,0.00,7961.45,68981.35,7559.75,0,0,0,0.00,0,F1,25,,,,,
2026-10-01,2026-10-01,FO,NSE,IDO,66820,,NIFTYNXT50,,2026-12-29,2026-12-29,63800.00,CE,NIFTYNXT5026DEC63800CE,0.00,0.00,0.00,7222.00,0.00,7222.00,68981.35,6830.58,0,0,0,0.00,0,F1,25,,,,,
2026-10-01,2026-10-01,FO,NSE,IDO,66959,,NIFTYNXT50,,2026-12-29,2026-12-29,65700.00,CE,NIFTYNXT5026DEC65700CE,0.00,0.00,0.00,5771.05,0.00,5771.05,68981.35,5406.72,0,0,0,0.00,0,F1,25,,,,,
2026-10-01,2026-10-01,FO,NSE,IDO,67059,,NIFTYNXT50,,2026-12-29,2026-12-29,69100.00,CE,NIFTYNXT5026DEC69100CE,0.00,0.00,0.00,3603.15,0.00,3603.15,68981.35,3306.69,0,0,0,0.00,0,F1,25,,,,,
2026-10-01,2026-10-01,FO,NSE,IDO,67220,,NIFTYNXT50,,2026-12-29,2026-12-29,71200.00,CE,NIFTYNXT5026DEC71200CE,0.00,0.00,0.00,2572.50,0.00,2572.50,68981.35,2325.01,0,0,0,0.00,0,F1,25,,,,,
2026-10-01,2026-10-01,FO,NSE,IDO,67238,,NIFTYNXT50,,2026-12-29,2026-12-29,71900.00,CE,NIFTYNXT5026DEC71900CE,0.00,0.00,0.00,2280.85,0.00,2280.85,68981.35,2050.07,0,0,0,0.00,0,F1,25,,,,,
2026-10-01,2026-10-01,FO,NSE,IDO,67391,,NIFTYNXT50,,2026-12-29,2026-12-29,74000.00,CE,NIFTYNXT5026DEC74000CE,0.00,0.00,0.00,1551.55,0.00,1551.55,68981.35,1370.02,0,0,0,0.00,0,F1,25,,,,,
2026-10-01,2026-10-01,FO,NSE,IDO,51791,,NIFTYNXT50,,2026-10-27,2026-10-27,62400.00,PE,NIFTYNXT5026OCT62400PE,0.00,0.00,0.00,241.75,0.00,241.75,68981.35,42.65,0,0,0,0.00,0,F1,25,,,,,
2026-10-01,2026-10-01,FO,NSE,IDO,51801,,NIFTYNXT50,,2026-10-27,2026-10-27,62700.00,PE,NIFTYNXT5026OCT62700PE,0.00,0.00,0.00,266.95,0.00,266.95,68981.35,53.25,0,0,0,0.00,0,F1,25,,,,,
2026-10-01,2026-10-01,FO,NSE,IDO,51803,,NIFTYNXT50,,2026-10-27,2026-10-27,62800.00,PE,NIFTYNXT5026OCT62800PE,0.00,0.00,0.00,275.80,0.00,275.80,68981.35,57.25,0,0,0,0.00,0,F1,25,,,,,
2026-10-01,2026-10-01,FO,NSE,IDO,51821,,NIFTYNXT50,,2026-10-27,2026-10-27,63400.00,PE,NIFTYNXT5026OCT63400PE,0.00,0.00,0.00,333.95,0.00,333.95,68981.35,86.99,0,0,0,0.00,0,F1,25,,,,,
2026-10-01,2026-10-01,FO,NSE,IDO,51854,,NIFTYNXT50,,2026-10-27,2026-10-27,64300.00,PE,NIFTYNXT5026OCT64300PE,0.00,0.00,0.00,438.85,0.00,438.85,68981.35,155.04,0,0,0,0.00,0,F1,25,,,,,
2026-10-01,2026-10-01,FO,NSE,IDO,51892,,NIFTYNXT50,,2026-10-27,2026-10-27,65600.00,PE,NIFTYNXT5026OCT65600PE,0.00,0.00,0.00,633.45,0.00,633.45,68981.35,323.82,0,0,0,0.00,0,F1,25,,,,,
2026-10-01,2026-10-01,FO,NSE,IDO,51906,,NIFTYNXT50,,2026-10-27,2026-10-27,65900.00,PE,NIFTYNXT5026OCT65900PE,0.00,0.00,0.00,686.40,0.00,686.40,68981.35,377.96,0,0,0,0.00,0,F1,25,,,,,
2026-10-01,2026-10-01,FO,NSE,IDO,51920,,NIFTYNXT50,,2026-10-27,2026-10-27,66600.00,PE,NIFTYNXT5026OCT66600PE,0.00,0.00,0.00,822.75,0.00,822.75,68981.35,530.93,0,0,0,0.00,0,F1,25,,,,,
2026-10-01,2026-10-01,FO,NSE,IDO,51932,,NIFTYNXT50,,2026-10-27,2026-10-27,67200.00,PE,NIFTYNXT5026OCT67200PE,0.00,0.00,0.00,954.65,0.00,954.65,68981.35,694.39,0,0,0,0.00,0,F1,25,,,,,
2026-10-01,2026-10-01,FO,NSE,IDO,51986,,NIFTYNXT50,,2026-10-27,2026-10-27,68800.00,PE,NIFTYNXT5026OCT68800PE,0.00,0.00,0.00,1379.10,0.00,1379.10,68981.35,1300.79,0,0,0,0.00,0,F1,25,,,,,
2026-10-01,2026-10-01,FO,NSE,IDO,67414,,NIFTYNXT50,,2026-12-29,2026-12-29,75000.00,PE,NIFTYNXT5026DEC75000PE,0.00,0.00,0.00,5716.05,0.00,5716.05,68981.35,5985.64,0,0,0,0.00,0,F1,25,,,,,
2026-10-01,2026-10-01,FO,NSE,IDO,67382,,NIFTYNXT50,,2026-12-29,2026-12-29,73600.00,PE,NIFTYNXT5026DEC73600PE,0.00,0.00,0.00,4735.90,0.00,4735.90,68981.35,4971.54,0,0,0,0.00,0,F1,25,,,,,
2026-10-01,2026-10-01,FO,NSE,IDO,67254,,NIFTYNXT50,,2026-12-29,2026-12-29,72500.00,PE,NIFTYNXT5026DEC72500PE,0.00,0.00,0.00,4028.30,0.00,4028.30,68981.35,4238.96,0,0,0,0.00,0,F1,25,,,,,
2026-10-01,2026-10-01,FO,NSE,IDO,67209,,NIFTYNXT50,,2026-12-29,2026-12-29,70700.00,PE,NIFTYNXT5026DEC70700PE,0.00,0.00,0.00,3000.45,0.00,3000.45,68981.35,3169.48,0,0,0,0.00,0,F1,25,,,,,
2026-10-01,2026-10-01,FO,NSE,IDO,67123,,NIFTYNXT50,,2026-12-29,2026-12-29,70200.00,PE,NIFTYNXT5026DEC70200PE,0.00,0.00,0.00,2745.00,0.00,2745.00,68981.35,2902.60,0,0,0,0.00,0,F1,25,,,,,
2026-10-01,2026-10-01,FO,NSE,IDO,67112,,NIFTYNXT50,,2026-12-29,2026-12-29,70000.00,PE,NIFTYNXT5026DEC70000PE,0.00,0.00,0.00,2646.85,0.00,2646.85,68981.35,2799.64,0,0,0,0.00,0,F1,25,,,,,
2026-10-01,2026-10-01,FO,NSE,IDO,67034,,NIFTYNXT50,,2026-12-29,2026-12-29,67800.00,PE,NIFTYNXT5026DEC67800PE,0.00,0.00,0.00,1706.15,0.00,1706.15,68981.35,1812.15,0,0,0,0.00,0,F1,25,,,,,
2026-10-01,2026-10-01,FO,NSE,IDO,67030,,NIFTYNXT50,,2026-12-29,2026-12-29,67600.00,PE,NIFTYNXT5026DEC67600PE,0.00,0.00,0.00,1633.45,0.00,1633.45,68981.35,1735.50,0,0,0,0.00,0,F1,25,,,,,
2026-10-01,2026-10-01,FO,NSE,IDO,67024,,NIFTYNXT50,,2026-12-29,2026-12-29,67300.00,PE,NIFTYNXT5026DEC67300PE,0.00,0.00,0.00,1528.35,0.00,1528.35,68981.35,1624.59,0,0,0,0.00,0,F1,25,,,,,
2026-10-01,2026-10-01,FO,NSE,IDO,67000,,NIFTYNXT50,,2026-12-29,2026-12-29,66200.00,PE,NIFTYNXT5026DEC66200PE,0.00,0.00,0.00,1182.30,0.00,1182.30,68981.35,1258.71,0,0,0,0.00,0,F1,25,,,,,
2026-10-01,2026-10-01,FO,NSE,IDO,66950,,NIFTYNXT50,,2026-12-29,2026-12-29,65200.00,PE,NIFTYNXT5026DEC65200PE,0.00,0.00,0.00,920.35,0.00,920.35,68981.35,983.31,0,0,0,0.00,0,F1,25,,,,,
2026-10-01,2026-10-01,FO,NSE,IDO,66750,,NIFTYNXT50,,2026-12-29,2026-12-29,62700.00,PE,NIFTYNXT5026DEC62700PE,0.00,0.00,0.00,450.95,0.00,450.95,68981.35,481.28,0,0,0,0.00,0,F1,25,,,,,
2026-10-01,2026-10-01,FO,NSE,IDO,65835,,NIFTYNXT50,,2026-11-23,2026-11-23,76900.00,PE,NIFTYNXT5026NOV76900PE,0.00,0.00,0.00,3821.90,0.00,3821.90,68981.35,7503.00,0,0,0,0.00,0,F1,25,,,,,
2026-10-01,2026-10-01,FO,NSE,IDO,65825,,NIFTYNXT50,,2026-11-23,2026-11-23,76400.00,PE,NIFTYNXT5026NOV76400PE,0.00,0.00,0.00,3540.50,0.00,3540.50,68981.35,7059.89,0,0,0,0.00,0,F1,25,,,,,
2026-10-01,2026-10-01,FO,NSE,IDO,65821,,NIFTYNXT50,,2026-11-23,2026-11-23,76200.00,PE,NIFTYNXT5026NOV76200PE,0.00,0.00,0.00,3431.35,0.00,3431.35,68981.35,6884.79,0,0,0,0.00,0,F1,25,,,,,
2026-10-01,2026-10-01,FO,NSE,IDO,65813,,NIFTYNXT50,,2026-11-23,2026-11-23,75800.00,PE,NIFTYNXT5026NOV75800PE,0.00,0.00,0.00,3218.85,0.00,3218.85,68981.35,6538.56,0,0,0,0.00,0,F1,25,,,,,
2026-10-01,2026-10-01,FO,NSE,IDO,65691,,NIFTYNXT50,,2026-11-23,2026-11-23,72800.00,PE,NIFTYNXT5026NOV72800PE,0.00,0.00,0.00,1877.65,0.00,1877.65,68981.35,4153.04,0,0,0,0.00,0,F1,25,,,,,
2026-10-01,2026-10-01,FO,NSE,IDO,65683,,NIFTYNXT50,,2026-11-23,2026-11-23,72400.00,PE,NIFTYNXT5026NOV72400PE,0.00,0.00,0.00,1732.40,0.00,1732.40,68981.35,3869.73,0,0,0,0.00,0,F1,25,,,,,
2026-10-01,2026-10-01,FO,NSE,IDO,65589,,NIFTYNXT50,,2026-11-23,2026-11-23,71700.00,PE,NIFTYNXT5026NOV71700PE,0.00,0.00,0.00,1496.65,0.00,1496.65,68981.35,3397.14,0,0,0,0.00,0,F1,25,,,,,
2026-10-01,2026-10-01,FO,NSE,IDO,65557,,NIFTYNXT50,,2026-11-23,2026-11-23,70500.00,PE,NIFTYNXT5026NOV70500PE,0.00,0.00,0.00,1149.20,0.00,1149.20,68981.35,2660.67,0,0,0,0.00,0,F1,25,,,,,
2026-10-01,2026-10-01,FO,NSE,IDO,65553,,NIFTYNXT50,,2026-11-23,2026-11-23,70300.00,PE,NIFTYNXT5026NOV70300PE,0.00,0.00,0.00,1097.25,0.00,1097.25,68981.35,2547.44,0,0,0,0.00,0,F1,25,,,,,
2026-10-01,2026-10-01,FO,NSE,IDO,65539,,NIFTYNXT50,,2026-11-23,2026-11-23,69600.00,PE,NIFTYNXT5026NOV69600PE,0.00,0.00,0.00,925.30,0.00,925.30,68981.35,2173.28,0,0,0,0.00,0,F1,25,,,,,
2026-10-01,2026-10-01,FO,NSE,IDO,65533,,NIFTYNXT50,,2026-11-23,2026-11-23,69300.00,PE,NIFTYNXT5026NOV69300PE,0.00,0.00,0.00,858.90,0.00,858.90,68981.35,2023.88,0,0,0,0.00,0,F1,25,,,,,
2026-10-01,2026-10-01,FO,NSE,IDO,65523,,NIFTYNXT50,,2026-11-23,2026-11-23,68800.00,PE,NIFTYNXT5026NOV68800PE,0.00,0.00,0.00,756.10,0.00,756.10,68981.35,1788.81,0,0,0,0.00,0,F1,25,,,,,
2026-10-01,2026-10-01,FO,NSE,IDO,65499,,NIFTYNXT50,,2026-11-23,2026-11-23,68400.00,PE,NIFTYNXT5026NOV68400PE,0.00,0.00,0.00,680.70,0.00,680.70,68981.35,1613.69,0,0,0,0.00,0,F1,25,,,,,
2026-10-01,2026-10-01,FO,NSE,IDO,65497,,NIFTYNXT50,,2026-11-23,2026-11-23,68300.00,PE,NIFTYNXT5026NOV68300PE,0.00,0.00,0.00,662.75,0.00,662.75,68981.35,1571.70,0,0,0,0.00,0,F1,25,,,,,
2026-10-01,2026-10-01,FO,NSE,IDO,65487,,NIFTYNXT50,,2026-11-23,2026-11-23,67800.00,PE,NIFTYNXT5026NOV67800PE,0.00,0.00,0.00,578.35,0.00,578.35,68981.35,1372.45,0,0,0,0.00,0,F1,25,,,,,
2026-10-01,2026-10-01,FO,NSE,IDO,65475,,NIFTYNXT50,,2026-11-23,2026-11-23,67200.00,PE,NIFTYNXT5026NOV67200PE,0.00,0.00,0.00,488.20,0.00,488.20,68981.35,1156.50,0,0,0,0.00,0,F1,25,,,,,
2026-10-01,2026-10-01,FO,NSE,IDO,65443,,NIFTYNXT50,,2026-11-23,2026-11-23,66200.00,PE,NIFTYNXT5026NOV66200PE,0.00,0.00,0.00,362.45,0.00,362.45,68981.35,853.58,0,0,0,0.00,0,F1,25,,,,,
2026-10-01,2026-10-01,FO,NSE,IDO,65439,,NIFTYNXT50,,2026-11-23,2026-11-23,66000.00,PE,NIFTYNXT5026NOV66000PE,0.00,0.00,0.00,340.65,0.00,340.65,68981.35,800.55,0,0,0,0.00,0,F1,25,,,,,
2026-10-01,2026-10-01,FO,NSE,IDO,65423,,NIFTYNXT50,,2026-11-23,2026-11-23,65200.00,PE,NIFTYNXT5026NOV65200PE,0.00,0.00,0.00,263.70,0.00,263.70,68981.35,608.73,0,0,0,0.00,0,F1,25,,,,,
2026-10-01,2026-10-01,FO,NSE,IDO,65411,,NIFTYNXT50,,2026-11-23,2026-11-23,64600.00,PE,NIFTYNXT5026NOV64600PE,0.00,0.00,0.00,215.70,0.00,215.70,68981.35,490.31,0,0,0,0.00,0,F1,25,,,,,
2026-10-01,2026-10-01,FO,NSE,IDO,65253,,NIFTYNXT50,,2026-11-23,2026-11-23,63300.00,PE,NIFTYNXT5026NOV63300PE,0.00,0.00,0.00,135.70,0.00,135.70,68981.35,294.39,0,0,0,0.00,0,F1,25,,,,,
2026-10-01,2026-10-01,FO,NSE,IDO,65245,,NIFTYNXT50,,2026-11-23,2026-11-23,62900.00,PE,NIFTYNXT5026NOV62900PE,0.00,0.00,0.00,116.75,0.00,116.75,68981.35,248.62,0,0,0,0.00,0,F1,25,,,,,
2026-10-01,2026-10-01,FO,NSE,IDO,65229,,NIFTYNXT50,,2026-11-23,2026-11-23,61500.00,PE,NIFTYNXT5026NOV61500PE,0.00,0.00,0.00,66.85,0.00,66.85,68981.35,131.15,0,0,0,0.00,0,F1,25,,,,,
2026-10-01,2026-10-01,FO,NSE,IDO,52307,,NIFTYNXT50,,2026-10-27,2026-10-27,79500.00,PE,NIFTYNXT5026OCT79500PE,0.00,0.00,0.00,7300.00,0.00,7300.00,68981.35,10192.97,0,0,0,0.00,0,F1,25,,,,,
2026-10-01,2026-10-01,FO,NSE,IDO,52301,,NIFTYNXT50,,2026-10-27,2026-10-27,79200.00,PE,NIFTYNXT5026OCT79200PE,0.00,0.00,0.00,7070.85,0.00,7070.85,68981.35,9896.26,0,0,0,0.00,0,F1,25,,,,,
2026-10-01,2026-10-01,FO,NSE,IDO,52231,,NIFTYNXT50,,2026-10-27,2026-10-27,77300.00,PE,NIFTYNXT5026OCT77300PE,0.00,0.00,0.00,5670.60,0.00,5670.60,68981.35,8030.56,0,0,0,0.00,0,F1,25,,,,,
2026-10-01,2026-10-01,FO,NSE,IDO,52219,,NIFTYNXT50,,2026-10-27,2026-10-27,76700.00,PE,NIFTYNXT5026OCT76700PE,0.00,0.00,0.00,5258.55,0.00,5258.55,68981.35,7449.23,0,0,0,0.00,0,F1,25,,,,,
2026-10-01,2026-10-01,FO,NSE,IDO,52188,,NIFTYNXT50,,2026-10-27,2026-10-27,75300.00,PE,NIFTYNXT5026OCT75300PE,0.00,0.00,0.00,4356.15,0.00,4356.15,68981.35,6119.22,0,0,0,0.00,0,F1,25,,,,,
2026-10-01,2026-10-01,FO,NSE,IDO,52184,,NIFTYNXT50,,2026-10-27,2026-10-27,75100.00,PE,NIFTYNXT5026OCT75100PE,0.00,0.00,0.00,4234.30,0.00,4234.30,68981.35,5933.29,0,0,0,0.00,0,F1,25,,,,,
2026-10-01,2026-10-01,FO,NSE,IDO,65535,,NIFTYNXT50,,2026-11-23,2026-11-23,69400.00,PE,NIFTYNXT5026NOV69400PE,0.00,0.00,0.00,880.65,0.00,880.65,68981.35,2073.05,0,0,0,0.00,0,F1,25,,,,,
2026-10-01,2026-10-01,FO,NSE,IDO,65495,,NIFTYNXT50,,2026-11-23,2026-11-23,68200.00,PE,NIFTYNXT5026NOV68200PE,0.00,0.00,0.00,645.20,0.00,645.20,68981.35,1530.43,0,0,0,0.00,0,F1,25,,,,,
2026-10-01,2026-10-01,FO,NSE,IDO,51730,,NIFTYNXT50,,2026-10-27,2026-10-27,60000.00,CE,NIFTYNXT5026OCT60000CE,0.00,0.00,0.00,13090.20,0.00,13090.20,68981.35,9239.34,0,0,0,0.00,0,F1,25,,,,,
2026-10-01,2026-10-01,FO,NSE,IDO,51812,,NIFTYNXT50,,2026-10-27,2026-10-27,63200.00,CE,NIFTYNXT5026OCT63200CE,0.00,0.00,0.00,10150.25,0.00,10150.25,68981.35,6123.20,0,0,0,0.00,0,F1,25,,,,,
2026-10-01,2026-10-01,FO,NSE,IDO,51867,,NIFTYNXT50,,2026-10-27,2026-10-27,64700.00,CE,NIFTYNXT5026OCT64700CE,0.00,0.00,0.00,8852.20,0.00,8852.20,68981.35,4750.42,0,0,0,0.00,0,F1,25,,,,,
2026-10-01,2026-10-01,FO,NSE,IDO,51877,,NIFTYNXT50,,2026-10-27,2026-10-27,65100.00,CE,NIFTYNXT5026OCT65100CE,0.00,0.00,0.00,8517.30,0.00,8517.30,68981.35,4402.45,0,0,0,0.00,0,F1,25,,,,,
2026-10-01,2026-10-01,FO,NSE,IDO,51879,,NIFTYNXT50,,2026-10-27,2026-10-27,65200.00,CE,NIFTYNXT5026OCT65200CE,0.00,0.00,0.00,8434.40,0.00,8434.40,68981.35,4316.92,0,0,0,0.00,0,F1,25,,,,,
2026-10-01,2026-10-01,FO,NSE,IDO,51905,,NIFTYNXT50,,2026-10-27,2026-10-27,65900.00,CE,NIFTYNXT5026OCT65900CE,0.00,0.00,0.00,7863.60,0.00,7863.60,68981.35,3736.62,0,0,0,0.00,0,F1,25,,,,,
2026-10-01,2026-10-01,FO,NSE,IDO,51966,,NIFTYNXT50,,2026-10-27,2026-10-27,68400.00,CE,NIFTYNXT5026OCT68400CE,0.00,0.00,0.00,5979.90,0.00,5979.90,68981.35,1994.20,0,0,0,0.00,0,F1,25,,,,,
2026-10-01,2026-10-01,FO,NSE,IDO,52001,,NIFTYNXT50,,2026-10-27,2026-10-27,69300.00,CE,NIFTYNXT5026OCT69300CE,0.00,0.00,0.00,5363.95,0.00,5363.95,68981.35,1516.44,0,0,0,0.00,0,F1,25,,,,,
2026-10-01,2026-10-01,FO,NSE,IDO,52069,,NIFTYNXT50,,2026-10-27,2026-10-27,71400.00,CE,NIFTYNXT5026OCT71400CE,0.00,0.00,0.00,4083.00,0.00,4083.00,68981.35,718.29,0,0,0,0.00,0,F1,25,,,,,
2026-10-01,2026-10-01,FO,NSE,IDO,52071,,NIFTYNXT50,,2026-10-27,2026-10-27,71500.00,CE,NIFTYNXT5026OCT71500CE,0.00,0.00,0.00,4027.40,0.00,4027.40,68981.35,690.46,0,0,0,0.00,0,F1,25,,,,,
2026-10-01,2026-10-01,FO,NSE,IDO,52075,,NIFTYNXT50,,2026-10-27,2026-10-27,71700.00,CE,NIFTYNXT5026OCT71700CE,0.00,0.00,0.00,3917.60,0.00,3917.60,68981.35,637.30,0,0,0,0.00,0,F1,25,,,,,
2026-10-01,2026-10-01,FO,NSE,IDO,52216,,NIFTYNXT50,,2026-10-27,2026-10-27,76600.00,CE,NIFTYNXT5026OCT76600CE,0.00,0.00,0.00,1829.25,0.00,1829.25,68981.35,56.57,0,0,0,0.00,0,F1,25,,,,,
2026-10-01,2026-10-01,FO,NSE,IDO,52246,,NIFTYNXT50,,2026-10-27,2026-10-27,78100.00,CE,NIFTYNXT5026OCT78100CE,0.00,0.00,0.00,1402.60,0.00,1402.60,68981.35,22.54,0,0,0,0.00,0,F1,25,,,,,
2026-10-01,2026-10-01,FO,NSE,IDO,52266,,NIFTYNXT50,,2026-10-27,2026-10-27,78500.00,CE,NIFTYNXT5026OCT78500CE,0.00,0.00,0.00,1306.85,0.00,1306.85,68981.35,17.39,0,0,0,0.00,0,F1,25,,,,,
2026-10-01,2026-10-01,FO,NSE,IDO,52296,,NIFTYNXT50,,2026-10-27,2026-10-27,79100.00,CE,NIFTYNXT5026OCT79100CE,0.00,0.00,0.00,1169.55,0.00,1169.55,68981.35,11.66,0,0,0,0.00,0,F1,25,,,,,
2026-10-01,2026-10-01,FO,NSE,IDO,52400,,NIFTYNXT50,,2026-10-27,2026-10-27,83500.00,CE,NIFTYNXT5026OCT83500CE,0.00,0.00,0.00,478.40,0.00,478.40,68981.35,0.43,0,0,0,0.00,0,F1,25,,,,,
2026-10-01,2026-10-01,FO,NSE,IDO,65224,,NIFTYNXT50,,2026-11-23,2026-11-23,60500.00,CE,NIFTYNXT5026NOV60500CE,0.00,0.00,0.00,14951.15,0.00,14951.15,68981.35,9115.73,0,0,0,0.00,0,F1,25,,,,,
2026-10-01,2026-10-01,FO,NSE,IDO,65250,,NIFTYNXT50,,2026-11-23,2026-11-23,63200.00,CE,NIFTYNXT5026NOV63200CE,0.00,0.00,0.00,12378.55,0.00,12378.55,68981.35,6643.78,0,0,0,0.00,0,F1,25,,,,,
2026-10-01,2026-10-01,FO,NSE,IDO,65370,,NIFTYNXT50,,2026-11-23,2026-11-23,64000.00,CE,NIFTYNXT5026NOV64000CE,0.00,0.00,0.00,11634.65,0.00,11634.65,68981.35,5959.02,0,0,0,0.00,0,F1,25,,,,,
2026-10-01,2026-10-01,FO,NSE,IDO,65438,,NIFTYNXT50,,2026-11-23,2026-11-23,66000.00,CE,NIFTYNXT5026NOV66000CE,0.00,0.00,0.00,9830.05,0.00,9830.05,68981.35,4387.65,0,0,0,0.00,0,F1,25,,,,,
2026-10-01,2026-10-01,FO,NSE,IDO,65446,,NIFTYNXT50,,2026-11-23,2026-11-23,66400.00,CE,NIFTYNXT5026NOV66400CE,0.00,0.00,0.00,9480.60,0.00,9480.60,68981.35,4097.37,0,0,0,0.00,0,F1,25,,,,,
2026-10-01,2026-10-01,FO,NSE,IDO,65472,,NIFTYNXT50,,2026-11-23,2026-11-23,67100.00,CE,NIFTYNXT5026NOV67100CE,0.00,0.00,0.00,8880.00,0.00,8880.00,68981.35,3620.13,0,0,0,0.00,0,F1,25,,,,,
2026-10-01,2026-10-01,FO,NSE,IDO,65518,,NIFTYNXT50,,2026-11-23,2026-11-23,68600.00,CE,NIFTYNXT5026NOV68600CE,0.00,0.00,0.00,7645.65,0.00,7645.65,68981.35,2710.78,0,0,0,0.00,0,F1,25,,,,,
2026-10-01,2026-10-01,FO,NSE,IDO,65540,,NIFTYNXT50,,2026-11-23,2026-11-23,69700.00,CE,NIFTYNXT5026NOV69700CE,0.00,0.00,0.00,6792.60,0.00,6792.60,68981.35,2145.67,0,0,0,0.00,0,F1,25,,,,,
2026-10-01,2026-10-01,FO,NSE,IDO,65564,,NIFTYNXT50,,2026-11-23,2026-11-23,70900.00,CE,NIFTYNXT5026NOV70900CE,0.00,0.00,0.00,5920.55,0.00,5920.55,68981.35,1627.50,0,0,0,0.00,0,F1,25,,,,,
2026-10-01,2026-10-01,FO,NSE,IDO,65574,,NIFTYNXT50,,2026-11-23,2026-11-23,71300.00,CE,NIFTYNXT5026NOV71300CE,0.00,0.00,0.00,5640.40,0.00,5640.40,68981.35,1476.76,0,0,0,0.00,0,F1,25,,,,,
2026-10-01,2026-10-01,FO,NSE,IDO,65682,,NIFTYNXT50,,2026-11-23,2026-11-23,72400.00,CE,NIFTYNXT5026NOV72400CE,0.00,0.00,0.00,4916.85,0.00,4916.85,68981.35,1115.58,0,0,0,0.00,0,F1,25,,,,,
2026-10-01,2026-10-01,FO,NSE,IDO,65731,,NIFTYNXT50,,2026-11-23,2026-11-23,73700.00,CE,NIFTYNXT5026NOV73700CE,0.00,0.00,0.00,4136.95,0.00,4136.95,68981.35,782.03,0,0,0,0.00,0,F1,25,,,,,
2026-10-01,2026-10-01,FO,NSE,IDO,65750,,NIFTYNXT50,,2026-11-23,2026-11-23,74500.00,CE,NIFTYNXT5026NOV74500CE,0.00,0.00,0.00,3698.55,0.00,3698.55,68981.35,619.83,0,0,0,0.00,0,F1,25,,,,,
2026-10-01,2026-10-01,FO,NSE,IDO,65818,,NIFTYNXT50,,2026-11-23,2026-11-23,76100.00,CE,NIFTYNXT5026NOV76100CE,0.00,0.00,0.00,2916.90,0.00,2916.90,68981.35,377.54,0,0,0,0.00,0,F1,25,,,,,
2026-10-01,2026-10-01,FO,NSE,IDO,65838,,NIFTYNXT50,,2026-11-23,2026-11-23,77100.00,CE,NIFTYNXT5026NOV77100CE,0.00,0.00,0.00,2492.05,0.00,2492.05,68981.35,271.23,0,0,0,0.00,0,F1,25,,,,,
2026-10-01,2026-10-01,FO,NSE,IDO,65848,,NIFTYNXT50,,2026-11-23,2026-11-23,77500.00,CE,NIFTYNXT5026NOV77500CE,0.00,0.00,0.00,2335.35,0.00,2335.35,68981.35,236.57,0,0,0,0.00,0,F1,25,,,,,
2026-10-01,2026-10-01,FO,NSE,IDO,66108,,NIFTYNXT50,,2026-11-23,2026-11-23,83500.00,CE,NIFTYNXT5026NOV83500CE,0.00,0.00,0.00,772.80,0.00,772.80,68981.35,22.67,0,0,0,0.00,0,F1,25,,,,,
2026-10-01,2026-10-01,FO,NSE,IDO,66696,,NIFTYNXT50,,2026-12-29,2026-12-29,61800.00,CE,NIFTYNXT5026DEC61800CE,0.00,0.00,0.00,8903.15,0.00,8903.15,68981.35,8491.09,0,0,0,0.00,0,F1,25,,,,,
2026-10-01,2026-10-01,FO,NSE,IDO,66798,,NIFTYNXT50,,2026-12-29,2026-12-29,63400.00,CE,NIFTYNXT5026DEC63400CE,0.00,0.00,0.00,7546.95,0.00,7546.95,68981.35,7150.74,0,0,0,0.00,0,F1,25,,,,,
