TradDt,BizDt,Sgmt,Src,FinInstrmTp,FinInstrmId,ISIN,TckrSymb,SctySrs,XpryDt,FininstrmActlXpryDt,StrkPric,OptnTp,FinInstrmNm,OpnPric,HghPric,LwPric,ClsPric,LastPric,PrvsClsgPric,UndrlygPric,SttlmPric,OpnIntrst,ChngInOpnIntrst,TtlTradgVol,TtlTrfVal,TtlNbOfTxsExctd,SsnId,NewBrdLotQty,Rmks,Rsvd1,Rsvd2,Rsvd3,Rsvd4
2026-04-13,2026-04-13,FO,NSE,IDO,77512,,FINNIFTY,,2026-06-30,2026-06-30,25600.00,PE,FINNIFTY26JUN25600PE,0.00,0.00,0.00,1999.55,0.00,1999.55,26047.50,685.05,0,0,0,0.00,0,F1,60,,,,,
2026-04-13,2026-04-13,FO,NSE,IDO,77473,,FINNIFTY,,2026-06-30,2026-06-30,23800.00,PE,FINNIFTY26JUN23800PE,0.00,0.00,0.00,876.10,0.00,876.10,26047.50,197.35,0,0,0,0.00,0,F1,60,,,,,
2026-04-13,2026-04-13,FO,NSE,IDO,77471,,FINNIFTY,,2026-06-30,2026-06-30,23700.00,PE,FINNIFTY26JUN23700PE,0.00,0.00,0.00,828.25,0.00,828.25,26047.50,181.60,0,0,0,0.00,0,F1,60,,,,,
2026-04-13,2026-04-13,FO,NSE,IDO,77459,,FINNIFTY,,2026-06-30,2026-06-30,23200.00,PE,FINNIFTY26JUN23200PE,0.00,0.00,0.00,613.50,0.00,613.50,26047.50,117.00,0,0,0,0.00,0,F1,60,,,,,
2026-04-13,2026-04-13,FO,NSE,IDO,77327,,FINNIFTY,,2026-06-30,2026-06-30,22700.00,CE,FINNIFTY26JUN22700CE,0.00,0.00,0.00,1667.20,0.00,1667.20,26047.50,3720.25,0,0,0,0.00,0,F1,60,,,,,
2026-04-13,2026-04-13,FO,NSE,IDO,77383,,FINNIFTY,,2026-06-30,2026-06-30,23000.00,CE,FINNIFTY26JUN23000CE,0.00,0.00,0.00,1472.65,0.00,1472.65,26047.50,3449.05,0,0,0,0.00,0,F1,60,,,,,
2026-04-13,2026-04-13,FO,NSE,IDO,77502,,FINNIFTY,,2026-06-30,2026-06-30,25300.00,CE,FINNIFTY26JUN25300CE,0.00,0.00,0.00,454.80,0.00,454.80,26047.50,1655.90,0,0,0,0.00,0,F1,60,,,,,
2026-04-13,2026-04-13,FO,NSE,IDO,77519,,FINNIFTY,,2026-06-30,2026-06-30,26000.00,CE,FINNIFTY26JUN26000CE,0.00,0.00,0.00,294.10,0.00,294.10,26047.50,1246.65,0,0,0,0.00,0,F1,60,,,,,
2026-04-13,2026-04-13,FO,NSE,IDO,77527,,FINNIFTY,,2026-06-30,2026-06-30,26400.00,CE,FINNIFTY26JUN26400CE,0.00,0.00,0.00,225.40,0.00,225.40,26047.50,1045.40,0,0,0,0.00,0,F1,60,,,,,
2026-04-13,2026-04-13,FO,NSE,IDO,77531,,FINNIFTY,,2026-06-30,2026-06-30,26600.00,CE,FINNIFTY26JUN26600CE,0.00,0.00,0.00,196.40,0.00,196.40,26047.50,953.70,0,0,0,0.00,0,F1,60,,,,,
2026-04-13,2026-04-13,FO,NSE,IDO,77582,,FINNIFTY,,2026-06-30,2026-06-30,27400.00,CE,FINNIFTY26JUN27400CE,0.00,0.00,0.00,110.05,0.00,110.05,26047.50,643.95,0,0,0,0.00,0,F1,60,,,,,
2026-04-13,2026-04-13,FO,NSE,IDO,69429,,FINNIFTY,,2026-04-28,2026-04-28,21300.00,PE,FINNIFTY26APR21300PE,0.00,0.00,0.00,0.40,0.00,0.40,26047.50,0.00,0,0,0,0.00,0,F1,60,,,,,
2026-04-13,2026-04-13,FO,NSE,IDO,76703,,FINNIFTY,,2026-04-28,2026-04-28,22050.00,PE,FINNIFTY26APR22050PE,0.00,0.00,0.00,65.15,0.00,65.15,26047.50,0.05,0,0,0,0.00,0,F1,60,,,,,
2026-04-13,2026-04-13,FO,NSE,IDO,76740,,FINNIFTY,,2026-04-28,2026-04-28,23050.00,PE,FINNIFTY26APR23050PE,0.00,0.00,0.00,275.00,0.00,275.00,26047.50,0.80,0,0,0,0.00,0,F1,60,,,,,
2026-04-13,2026-04-13,FO,NSE,IDO,76744,,FINNIFTY,,2026-04-28,2026-04-28,23250.00,PE,FINNIFTY26APR23250PE,0.00,0.00,0.00,346.90,0.00,346.90,26047.50,1.50,0,0,0,0.00,0,F1,60,,,,,
2026-04-13,2026-04-13,FO,NSE,IDO,69727,,FINNIFTY,,2026-04-28,2026-04-28,23700.00,PE,FINNIFTY26APR23700PE,0.00,0.00,0.00,26.25,0.00,26.25,26047.50,5.55,0,0,0,0.00,0,F1,60,,,,,
2026-04-13,2026-04-13,FO,NSE,IDO,69731,,FINNIFTY,,2026-04-28,2026-04-28,23900.00,PE,FINNIFTY26APR23900PE,0.00,0.00,0.00,34.25,0.00,34.25,26047.50,9.40,0,0,0,0.00,0,F1,60,,,,,
2026-04-13,2026-04-13,FO,NSE,IDO,69743,,FINNIFTY,,2026-04-28,2026-04-28,24500.00,PE,FINNIFTY26APR24500PE,0.00,0.00,0.00,71.35,0.00,71.35,26047.50,37.60,0,0,0,0.00,0,F1,60,,,,,
2026-04-13,2026-04-13,FO,NSE,IDO,69751,,FINNIFTY,,2026-04-28,2026-04-28,24900.00,PE,FINNIFTY26APR24900PE,0.00,0.00,0.00,778.05,787.55,778.05,26047.50,81.55,780,0,0,0.00,0,F1,60,,,,,
2026-04-13,2026-04-13,FO,NSE,IDO,76856,,FINNIFTY,,2026-04-28,2026-04-28,25150.00,PE,FINNIFTY26APR25150PE,0.00,0.00,0.00,315.55,315.55,315.55,26047.50,125.10,180,0,0,0.00,0,F1,60,,,,,
2026-04-13,2026-04-13,FO,NSE,IDO,69771,,FINNIFTY,,2026-04-28,2026-04-28,25300.00,PE,FINNIFTY26APR25300PE,0.00,0.00,0.00,165.60,0.00,165.60,26047.50,158.65,0,0,0,0.00,0,F1,60,,,,,
2026-04-13,2026-04-13,FO,NSE,IDO,76980,,FINNIFTY,,2026-04-28,2026-04-28,25950.00,PE,FINNIFTY26APR25950PE,535.50,535.50,436.65,439.35,436.65,634.35,26047.50,439.35,900,-900,37,58639395.00,27,F1,60,,,,,
2026-04-13,2026-04-13,FO,NSE,IDO,77011,,FINNIFTY,,2026-04-28,2026-04-28,26550.00,PE,FINNIFTY26APR26550PE,0.00,0.00,0.00,625.00,610.00,625.00,26047.50,715.40,240,0,0,0.00,0,F1,60,,,,,
2026-04-13,2026-04-13,FO,NSE,IDO,70055,,FINNIFTY,,2026-04-28,2026-04-28,26700.00,PE,FINNIFTY26APR26700PE,0.00,0.00,0.00,526.40,0.00,526.40,26047.50,816.95,0,0,0,0.00,0,F1,60,,,,,
2026-04-13,2026-04-13,FO,NSE,IDO,38685,,FINNIFTY,,2026-04-28,2026-04-28,28050.00,PE,FINNIFTY26APR28050PE,0.00,0.00,0.00,3347.80,0.00,3347.80,26047.50,1962.05,0,0,0,0.00,0,F1,60,,,,,
2026-04-13,2026-04-13,FO,NSE,IDO,38689,,FINNIFTY,,2026-04-28,2026-04-28,28250.00,PE,FINNIFTY26APR28250PE,0.00,0.00,0.00,3546.20,0.00,3546.20,26047.50,2153.05,0,0,0,0.00,0,F1,60,,,,,
2026-04-13,2026-04-13,FO,NSE,IDO,77308,,FINNIFTY,,2026-06-30,2026-06-30,21700.00,PE,FINNIFTY26JUN21700PE,0.00,0.00,0.00,199.40,0.00,199.40,26047.50,23.55,0,0,0,0.00,0,F1,60,,,,,
2026-04-13,2026-04-13,FO,NSE,IDO,69773,,FINNIFTY,,2026-05-26,2026-05-26,29500.00,PE,FINNIFTY26MAY29500PE,0.00,0.00,0.00,1351.45,0.00,1351.45,26047.50,3288.75,0,0,0,0.00,0,F1,60,,,,,
2026-04-13,2026-04-13,FO,NSE,IDO,69759,,FINNIFTY,,2026-04-28,2026-04-28,25200.00,PE,FINNIFTY26APR25200PE,303.00,370.70,232.00,242.30,242.20,218.00,26047.50,242.30,3300,1380,87,133051794.00,56,F1,60,,,,,
2026-04-13,2026-04-13,FO,NSE,IDF,66689,,FINNIFTY,,2026-04-28,2026-04-28,,,FINNIFTY26APRFUT,25940.00,26195.90,25551.00,26120.40,26094.90,26287.30,26047.50,26120.40,25620,-1260,253,393646938.00,243,F1,60,,,,,
2026-04-13,2026-04-13,FO,NSE,IDO,69430,,FINNIFTY,,2026-04-28,2026-04-28,21400.00,CE,FINNIFTY26APR21400CE,0.00,0.00,0.00,5986.25,0.00,5986.25,26047.50,4698.55,0,0,0,0.00,0,F1,60,,,,,
2026-04-13,2026-04-13,FO,NSE,IDO,69464,,FINNIFTY,,2026-04-28,2026-04-28,22500.00,CE,FINNIFTY26APR22500CE,0.00,0.00,0.00,4906.75,0.00,4906.75,26047.50,3601.30,0,0,0,0.00,0,F1,60,,,,,
2026-04-13,2026-04-13,FO,NSE,IDO,76720,,FINNIFTY,,2026-04-28,2026-04-28,22850.00,CE,FINNIFTY26APR22850CE,0.00,0.00,0.00,1013.60,0.00,1013.60,26047.50,3252.40,0,0,0,0.00,0,F1,60,,,,,
2026-04-13,2026-04-13,FO,NSE,IDO,76773,,FINNIFTY,,2026-04-28,2026-04-28,23950.00,CE,FINNIFTY26APR23950CE,0.00,0.00,0.00,685.40,685.40,685.40,26047.50,2165.30,60,0,0,0.00,0,F1,60,,,,,
2026-04-13,2026-04-13,FO,NSE,IDO,69732,,FINNIFTY,,2026-04-28,2026-04-28,24000.00,CE,FINNIFTY26APR24000CE,2331.25,2331.25,2160.00,2160.25,2160.00,2355.00,26047.50,2160.25,9360,0,10,15737184.00,3,F1,60,,,,,
2026-04-13,2026-04-13,FO,NSE,IDO,69750,,FINNIFTY,,2026-04-28,2026-04-28,24900.00,CE,FINNIFTY26APR24900CE,0.00,0.00,0.00,2650.05,0.00,2650.05,26047.50,1288.45,0,0,0,0.00,0,F1,60,,,,,
2026-04-13,2026-04-13,FO,NSE,IDO,76992,,FINNIFTY,,2026-04-28,2026-04-28,26250.00,CE,FINNIFTY26APR26250CE,340.00,438.35,324.80,437.30,438.35,501.20,26047.50,437.30,720,-120,16,25561203.00,15,F1,60,,,,,
2026-04-13,2026-04-13,FO,NSE,IDO,70133,,FINNIFTY,,2026-04-28,2026-04-28,27700.00,CE,FINNIFTY26APR27700CE,0.00,0.00,0.00,11.40,11.40,11.40,26047.50,49.95,60,0,0,0.00,0,F1,60,,,,,
2026-04-13,2026-04-13,FO,NSE,IDO,38680,,FINNIFTY,,2026-04-28,2026-04-28,28050.00,CE,FINNIFTY26APR28050CE,26.15,26.55,25.30,26.55,26.55,27.75,26047.50,26.55,180,60,5,8422767.00,3,F1,60,,,,,
2026-04-13,2026-04-13,FO,NSE,IDO,70182,,FINNIFTY,,2026-04-28,2026-04-28,28500.00,CE,FINNIFTY26APR28500CE,15.00,17.15,10.65,15.40,15.50,19.15,26047.50,15.40,43440,15300,324,554317731.00,147,F1,60,,,,,
2026-04-13,2026-04-13,FO,NSE,IDO,69695,,FINNIFTY,,2026-05-26,2026-05-26,28100.00,CE,FINNIFTY26MAY28100CE,0.00,0.00,0.00,1292.05,0.00,1292.05,26047.50,197.25,0,0,0,0.00,0,F1,60,,,,,
2026-04-13,2026-04-13,FO,NSE,IDO,69685,,FINNIFTY,,2026-05-26,2026-05-26,27600.00,CE,FINNIFTY26MAY27600CE,0.00,0.00,0.00,1605.00,0.00,1605.00,26047.50,298.85,0,0,0,0.00,0,F1,60,,,,,
2026-04-13,2026-04-13,FO,NSE,IDO,69679,,FINNIFTY,,2026-05-26,2026-05-26,27300.00,CE,FINNIFTY26MAY27300CE,0.00,0.00,0.00,1812.60,0.00,1812.60,26047.50,375.30,0,0,0,0.00,0,F1,60,,,,,
2026-04-13,2026-04-13,FO,NSE,IDO,69551,,FINNIFTY,,2026-05-26,2026-05-26,24500.00,CE,FINNIFTY26MAY24500CE,0.00,0.00,0.00,4220.60,0.00,4220.60,26047.50,1910.70,0,0,0,0.00,0,F1,60,,,,,
2026-04-13,2026-04-13,FO,NSE,IDO,69515,,FINNIFTY,,2026-05-26,2026-05-26,22700.00,CE,FINNIFTY26MAY22700CE,0.00,0.00,0.00,5970.25,0.00,5970.25,26047.50,3532.10,0,0,0,0.00,0,F1,60,,,,,
2026-04-13,2026-04-13,FO,NSE,IDO,40442,,FINNIFTY,,2026-05-26,2026-05-26,21800.00,CE,FINNIFTY26MAY21800CE,0.00,0.00,0.00,6101.10,0.00,6101.10,26047.50,4411.00,0,0,0,0.00,0,F1,60,,,,,
2026-04-13,2026-04-13,FO,NSE,IDO,35058,,FINNIFTY,,2026-04-28,2026-04-28,27450.00,CE,FINNIFTY26APR27450CE,50.60,50.60,49.35,49.35,49.35,74.80,26047.50,76.10,840,60,2,3299997.00,2,F1,60,,,,,
2026-04-13,2026-04-13,FO,NSE,IDO,70072,,FINNIFTY,,2026-04-28,2026-04-28,27200.00,CE,FINNIFTY26APR27200CE,105.05,110.15,98.00,98.00,98.00,115.15,26047.50,98.00,180,120,6,9828993.00,4,F1,60,,,,,
2026-04-13,2026-04-13,FO,NSE,IDO,69818,,FINNIFTY,,2026-04-28,2026-04-28,25600.00,CE,FINNIFTY26APR25600CE,557.35,864.60,557.35,864.60,864.60,2069.05,26047.50,864.60,1080,1080,54,85097556.00,52,F1,60,,,,,
2026-04-13,2026-04-13,FO,NSE,IDO,77600,,FINNIFTY,,2026-06-30,2026-06-30,27700.00,PE,FINNIFTY26JUN27700PE,0.00,0.00,0.00,3769.55,0.00,3769.55,26047.50,1835.50,0,0,0,0.00,0,F1,60,,,,,
2026-04-13,2026-04-13,FO,NSE,IDO,76700,,FINNIFTY,,2026-04-28,2026-04-28,21950.00,CE,FINNIFTY26APR21950CE,0.00,0.00,0.00,1749.15,0.00,1749.15,26047.50,4149.90,0,0,0,0.00,0,F1,60,,,,,
2026-04-13,2026-04-13,FO,NSE,IDO,69746,,FINNIFTY,,2026-04-28,2026-04-28,24700.00,CE,FINNIFTY26APR24700CE,0.00,0.00,0.00,2825.55,0.00,2825.55,26047.50,1462.60,0,0,0,0.00,0,F1,60,,,,,
2026-04-13,2026-04-13,FO,NSE,IDO,76917,,FINNIFTY,,2026-04-28,2026-04-28,25450.00,CE,FINNIFTY26APR25450CE,0.00,0.00,0.00,62.55,0.00,62.55,26047.50,856.55,0,0,0,0.00,0,F1,60,,,,,
2026-04-13,2026-04-13,FO,NSE,IDO,76946,,FINNIFTY,,2026-04-28,2026-04-28,25750.00,CE,FINNIFTY26APR25750CE,526.90,660.00,526.90,660.00,660.00,797.35,26047.50,657.85,900,600,35,55274976.00,34,F1,60,,,,,
2026-04-13,2026-04-13,FO,NSE,IDO,76990,,FINNIFTY,,2026-04-28,2026-04-28,26150.00,CE,FINNIFTY26APR26150CE,222.60,536.25,222.60,498.15,497.00,554.35,26047.50,498.15,1260,-540,37,59058702.00,30,F1,60,,,,,
2026-04-13,2026-04-13,FO,NSE,IDO,69903,,FINNIFTY,,2026-04-28,2026-04-28,26200.00,CE,FINNIFTY26APR26200CE,250.00,506.85,150.00,467.70,467.25,529.60,26047.50,467.70,3000,60,108,171980160.00,89,F1,60,,,,,
2026-04-13,2026-04-13,FO,NSE,IDO,77014,,FINNIFTY,,2026-04-28,2026-04-28,26750.00,CE,FINNIFTY26APR26750CE,115.80,233.15,115.80,233.15,233.15,129.85,26047.50,213.60,720,120,45,72708576.00,26,F1,60,,,,,
2026-04-13,2026-04-13,FO,NSE,IDO,77028,,FINNIFTY,,2026-04-28,2026-04-28,27150.00,CE,FINNIFTY26APR27150CE,0.00,0.00,0.00,3.35,0.00,3.35,26047.50,121.60,0,0,0,0.00,0,F1,60,,,,,
2026-04-13,2026-04-13,FO,NSE,IDO,70265,,FINNIFTY,,2026-04-28,2026-04-28,29800.00,CE,FINNIFTY26APR29800CE,7.00,7.00,7.00,7.00,7.00,7.00,26047.50,0.50,420,60,1,1788420.00,1,F1,60,,,,,
2026-04-13,2026-04-13,FO,NSE,IDO,70267,,FINNIFTY,,2026-04-28,2026-04-28,29900.00,CE,FINNIFTY26APR29900CE,4.90,4.90,4.90,4.90,4.90,6.90,26047.50,0.40,60,60,1,1794294.00,1,F1,60,,,,,
2026-04-13,2026-04-13,FO,NSE,IDO,40434,,FINNIFTY,,2026-05-26,2026-05-26,21700.00,CE,FINNIFTY26MAY21700CE,0.00,0.00,0.00,6199.50,0.00,6199.50,26047.50,4509.60,0,0,0,0.00,0,F1,60,,,,,
2026-04-13,2026-04-13,FO,NSE,IDO,69507,,FINNIFTY,,2026-05-26,2026-05-26,22300.00,CE,FINNIFTY26MAY22300CE,0.00,0.00,0.00,6362.95,0.00,6362.95,26047.50,3920.35,0,0,0,0.00,0,F1,60,,,,,
2026-04-13,2026-04-13,FO,NSE,IDO,69563,,FINNIFTY,,2026-05-26,2026-05-26,25100.00,CE,FINNIFTY26MAY25100CE,0.00,0.00,0.00,3654.70,0.00,3654.70,26047.50,1456.25,0,0,0,0.00,0,F1,60,,,,,
2026-04-13,2026-04-13,FO,NSE,IDO,69643,,FINNIFTY,,2026-05-26,2026-05-26,25500.00,CE,FINNIFTY26MAY25500CE,0.00,0.00,0.00,3287.50,0.00,3287.50,26047.50,1188.85,0,0,0,0.00,0,F1,60,,,,,
2026-04-13,2026-04-13,FO,NSE,IDO,69673,,FINNIFTY,,2026-05-26,2026-05-26,27000.00,CE,FINNIFTY26MAY27000CE,0.00,0.00,0.00,2031.35,0.00,2031.35,26047.50,467.95,0,0,0,0.00,0,F1,60,,,,,
2026-04-13,2026-04-13,FO,NSE,IDO,69683,,FINNIFTY,,2026-05-26,2026-05-26,27500.00,CE,FINNIFTY26MAY27500CE,0.00,0.00,0.00,1672.30,0.00,1672.30,26047.50,323.00,0,0,0,0.00,0,F1,60,,,,,
2026-04-13,2026-04-13,FO,NSE,IDO,69687,,FINNIFTY,,2026-05-26,2026-05-26,27700.00,CE,FINNIFTY26MAY27700CE,0.00,0.00,0.00,1539.25,0.00,1539.25,26047.50,275.00,0,0,0,0.00,0,F1,60,,,,,
2026-04-13,2026-04-13,FO,NSE,IDO,69699,,FINNIFTY,,2026-05-26,2026-05-26,28300.00,CE,FINNIFTY26MAY28300CE,0.00,0.00,0.00,1178.15,0.00,1178.15,26047.50,165.75,0,0,0,0.00,0,F1,60,,,,,
2026-04-13,2026-04-13,FO,NSE,IDO,69764,,FINNIFTY,,2026-05-26,2026-05-26,29200.00,CE,FINNIFTY26MAY29200CE,0.00,0.00,0.00,747.10,0.00,747.10,26047.50,71.00,0,0,0,0.00,0,F1,60,,,,,
2026-04-13,2026-04-13,FO,NSE,IDO,69772,,FINNIFTY,,2026-05-26,2026-05-26,29500.00,CE,FINNIFTY26MAY29500CE,0.00,0.00,0.00,632.35,0.00,632.35,26047.50,52.30,0,0,0,0.00,0,F1,60,,,,,
2026-04-13,2026-04-13,FO,NSE,IDO,69792,,FINNIFTY,,2026-05-26,2026-05-26,30300.00,CE,FINNIFTY26MAY30300CE,0.00,0.00,0.00,391.75,0.00,391.75,26047.50,21.90,0,0,0,0.00,0,F1,60,,,,,
2026-04-13,2026-04-13,FO,NSE,IDO,77293,,FINNIFTY,,2026-06-30,2026-06-30,21000.00,CE,FINNIFTY26JUN21000CE,0.00,0.00,0.00,3000.75,0.00,3000.75,26047.50,5335.10,0,0,0,0.00,0,F1,60,,,,,
2026-04-13,2026-04-13,FO,NSE,IDO,77315,,FINNIFTY,,2026-06-30,2026-06-30,22100.00,CE,FINNIFTY26JUN22100CE,0.00,0.00,0.00,2096.85,0.00,2096.85,26047.50,4278.00,0,0,0,0.00,0,F1,60,,,,,
2026-04-13,2026-04-13,FO,NSE,IDO,77515,,FINNIFTY,,2026-06-30,2026-06-30,25800.00,CE,FINNIFTY26JUN25800CE,0.00,0.00,0.00,334.40,0.00,334.40,26047.50,1356.15,0,0,0,0.00,0,F1,60,,,,,
2026-04-13,2026-04-13,FO,NSE,IDO,77525,,FINNIFTY,,2026-06-30,2026-06-30,26300.00,CE,FINNIFTY26JUN26300CE,0.00,0.00,0.00,241.15,0.00,241.15,26047.50,1093.45,0,0,0,0.00,0,F1,60,,,,,
2026-04-13,2026-04-13,FO,NSE,IDO,77547,,FINNIFTY,,2026-06-30,2026-06-30,27100.00,CE,FINNIFTY26JUN27100CE,0.00,0.00,0.00,137.50,0.00,137.50,26047.50,749.70,0,0,0,0.00,0,F1,60,,,,,
2026-04-13,2026-04-13,FO,NSE,IDO,76615,,FINNIFTY,,2026-04-28,2026-04-28,21450.00,PE,FINNIFTY26APR21450PE,0.00,0.00,0.00,21.10,0.00,21.10,26047.50,0.00,0,0,0,0.00,0,F1,60,,,,,
2026-04-13,2026-04-13,FO,NSE,IDO,76751,,FINNIFTY,,2026-04-28,2026-04-28,23350.00,PE,FINNIFTY26APR23350PE,0.00,0.00,0.00,387.20,0.00,387.20,26047.50,2.05,0,0,0,0.00,0,F1,60,,,,,
2026-04-13,2026-04-13,FO,NSE,IDO,76756,,FINNIFTY,,2026-04-28,2026-04-28,23450.00,PE,FINNIFTY26APR23450PE,0.00,0.00,0.00,430.45,0.00,430.45,26047.50,2.75,0,0,0,0.00,0,F1,60,,,,,
2026-04-13,2026-04-13,FO,NSE,IDO,69725,,FINNIFTY,,2026-04-28,2026-04-28,23600.00,PE,FINNIFTY26APR23600PE,0.00,0.00,0.00,22.90,0.00,22.90,26047.50,4.20,0,0,0,0.00,0,F1,60,,,,,
2026-04-13,2026-04-13,FO,NSE,IDO,69741,,FINNIFTY,,2026-04-28,2026-04-28,24400.00,PE,FINNIFTY26APR24400PE,0.00,0.00,0.00,63.55,0.00,63.55,26047.50,30.45,0,0,0,0.00,0,F1,60,,,,,
2026-04-13,2026-04-13,FO,NSE,IDO,69749,,FINNIFTY,,2026-04-28,2026-04-28,24800.00,PE,FINNIFTY26APR24800PE,0.00,0.00,0.00,698.50,699.75,698.50,26047.50,67.90,120,0,0,0.00,0,F1,60,,,,,
2026-04-13,2026-04-13,FO,NSE,IDO,76850,,FINNIFTY,,2026-04-28,2026-04-28,24950.00,PE,FINNIFTY26APR24950PE,0.00,0.00,0.00,261.25,261.25,261.25,26047.50,89.10,840,0,0,0.00,0,F1,60,,,,,
2026-04-13,2026-04-13,FO,NSE,IDO,69901,,FINNIFTY,,2026-04-28,2026-04-28,26100.00,PE,FINNIFTY26APR26100PE,481.45,736.35,481.45,509.75,512.60,418.75,26047.50,509.75,4080,-120,152,243338520.00,129,F1,60,,,,,
2026-04-13,2026-04-13,FO,NSE,IDO,77021,,FINNIFTY,,2026-04-28,2026-04-28,26750.00,PE,FINNIFTY26APR26750PE,0.00,0.00,0.00,3086.00,0.00,3086.00,26047.50,852.30,0,0,0,0.00,0,F1,60,,,,,
2026-04-13,2026-04-13,FO,NSE,IDO,70075,,FINNIFTY,,2026-04-28,2026-04-28,27200.00,PE,FINNIFTY26APR27200PE,0.00,0.00,0.00,733.35,0.00,733.35,26047.50,1200.40,0,0,0,0.00,0,F1,60,,,,,
2026-04-13,2026-04-13,FO,NSE,IDO,70089,,FINNIFTY,,2026-04-28,2026-04-28,27300.00,PE,FINNIFTY26APR27300PE,0.00,0.00,0.00,780.10,0.00,780.10,26047.50,1284.10,0,0,0,0.00,0,F1,60,,,,,
2026-04-13,2026-04-13,FO,NSE,IDO,35059,,FINNIFTY,,2026-04-28,2026-04-28,27450.00,PE,FINNIFTY26APR27450PE,0.00,0.00,0.00,3325.10,0.00,3325.10,26047.50,1413.15,0,0,0,0.00,0,F1,60,,,,,
2026-04-13,2026-04-13,FO,NSE,IDO,70180,,FINNIFTY,,2026-04-28,2026-04-28,28400.00,PE,FINNIFTY26APR28400PE,0.00,0.00,0.00,1409.20,0.00,1409.20,26047.50,2298.05,0,0,0,0.00,0,F1,60,,,,,
2026-04-13,2026-04-13,FO,NSE,IDO,41330,,FINNIFTY,,2026-04-28,2026-04-28,28450.00,PE,FINNIFTY26APR28450PE,0.00,0.00,0.00,3667.85,0.00,3667.85,26047.50,2346.60,0,0,0,0.00,0,F1,60,,,,,
2026-04-13,2026-04-13,FO,NSE,IDO,70264,,FINNIFTY,,2026-04-28,2026-04-28,29700.00,PE,FINNIFTY26APR29700PE,0.00,0.00,0.00,2388.45,0.00,2388.45,26047.50,3582.30,0,0,0,0.00,0,F1,60,,,,,
2026-04-13,2026-04-13,FO,NSE,IDO,70272,,FINNIFTY,,2026-04-28,2026-04-28,30100.00,PE,FINNIFTY26APR30100PE,0.00,0.00,0.00,2727.85,0.00,2727.85,26047.50,3980.95,0,0,0,0.00,0,F1,60,,,,,
2026-04-13,2026-04-13,FO,NSE,IDO,70276,,FINNIFTY,,2026-04-28,2026-04-28,30300.00,PE,FINNIFTY26APR30300PE,0.00,0.00,0.00,2902.65,0.00,2902.65,26047.50,4180.40,0,0,0,0.00,0,F1,60,,,,,
2026-04-13,2026-04-13,FO,NSE,IDO,69500,,FINNIFTY,,2026-05-26,2026-05-26,20500.00,PE,FINNIFTY26MAY20500PE,0.00,0.00,0.00,0.05,0.00,0.05,26047.50,0.25,0,0,0,0.00,0,F1,60,,,,,
2026-04-13,2026-04-13,FO,NSE,IDO,69552,,FINNIFTY,,2026-05-26,2026-05-26,24500.00,PE,FINNIFTY26MAY24500PE,0.00,0.00,0.00,22.05,0.00,22.05,26047.50,183.75,0,0,0,0.00,0,F1,60,,,,,
2026-04-13,2026-04-13,FO,NSE,IDO,69666,,FINNIFTY,,2026-05-26,2026-05-26,26600.00,PE,FINNIFTY26MAY26600PE,0.00,0.00,0.00,209.60,0.00,209.60,26047.50,974.45,0,0,0,0.00,0,F1,60,,,,,
2026-04-13,2026-04-13,FO,NSE,IDO,69674,,FINNIFTY,,2026-05-26,2026-05-26,27000.00,PE,FINNIFTY26MAY27000PE,0.00,0.00,0.00,291.65,0.00,291.65,26047.50,1222.70,0,0,0,0.00,0,F1,60,,,,,
2026-04-13,2026-04-13,FO,NSE,IDO,69682,,FINNIFTY,,2026-05-26,2026-05-26,27400.00,PE,FINNIFTY26MAY27400PE,0.00,0.00,0.00,394.80,0.00,394.80,26047.50,1499.60,0,0,0,0.00,0,F1,60,,,,,
2026-04-13,2026-04-13,FO,NSE,IDO,69808,,FINNIFTY,,2026-05-26,2026-05-26,31000.00,PE,FINNIFTY26MAY31000PE,0.00,0.00,0.00,2439.95,0.00,2439.95,26047.50,4735.05,0,0,0,0.00,0,F1,60,,,,,
2026-04-13,2026-04-13,FO,NSE,IDO,77465,,FINNIFTY,,2026-06-30,2026-06-30,23500.00,PE,FINNIFTY26JUN23500PE,0.00,0.00,0.00,737.45,0.00,737.45,26047.50,153.10,0,0,0,0.00,0,F1,60,,,,,
2026-04-13,2026-04-13,FO,NSE,IDO,77481,,FINNIFTY,,2026-06-30,2026-06-30,24200.00,PE,FINNIFTY26JUN24200PE,0.00,0.00,0.00,1083.50,0.00,1083.50,26047.50,270.70,0,0,0,0.00,0,F1,60,,,,,
2026-04-13,2026-04-13,FO,NSE,IDO,77485,,FINNIFTY,,2026-06-30,2026-06-30,24400.00,PE,FINNIFTY26JUN24400PE,0.00,0.00,0.00,1196.75,0.00,1196.75,26047.50,314.15,0,0,0,0.00,0,F1,60,,,,,
2026-04-13,2026-04-13,FO,NSE,IDO,77487,,FINNIFTY,,2026-06-30,2026-06-30,24500.00,PE,FINNIFTY26JUN24500PE,0.00,0.00,0.00,1255.70,0.00,1255.70,26047.50,337.70,0,0,0,0.00,0,F1,60,,,,,
2026-04-13,2026-04-13,FO,NSE,IDO,77493,,FINNIFTY,,2026-06-30,2026-06-30,24800.00,PE,FINNIFTY26JUN24800PE,0.00,0.00,0.00,1441.60,0.00,1441.60,26047.50,416.70,0,0,0,0.00,0,F1,60,,,,,
2026-04-13,2026-04-13,FO,NSE,IDO,77495,,FINNIFTY,,2026-06-30,2026-06-30,24900.00,PE,FINNIFTY26JUN24900PE,0.00,0.00,0.00,1506.45,0.00,1506.45,26047.50,444.35,0,0,0,0.00,0,F1,60,,,,,
2026-04-13,2026-04-13,FO,NSE,IDO,77503,,FINNIFTY,,2026-06-30,2026-06-30,25300.00,PE,FINNIFTY26JUN25300PE,0.00,0.00,0.00,1779.80,0.00,1779.80,26047.50,573.30,0,0,0,0.00,0,F1,60,,,,,
2026-04-13,2026-04-13,FO,NSE,IDO,77534,,FINNIFTY,,2026-06-30,2026-06-30,26700.00,PE,FINNIFTY26JUN26700PE,0.00,0.00,0.00,2883.10,0.00,2883.10,26047.50,1208.85,0,0,0,0.00,0,F1,60,,,,,
2026-04-13,2026-04-13,FO,NSE,IDO,77548,,FINNIFTY,,2026-06-30,2026-06-30,27100.00,PE,FINNIFTY26JUN27100PE,0.00,0.00,0.00,3230.25,0.00,3230.25,26047.50,1443.25,0,0,0,0.00,0,F1,60,,,,,
2026-04-13,2026-04-13,FO,NSE,IDO,69560,,FINNIFTY,,2026-05-26,2026-05-26,24900.00,PE,FINNIFTY26MAY24900PE,0.00,0.00,0.00,36.50,0.00,36.50,26047.50,271.40,0,0,0,0.00,0,F1,60,,,,,
2026-04-13,2026-04-13,FO,NSE,IDO,69654,,FINNIFTY,,2026-05-26,2026-05-26,26000.00,PE,FINNIFTY26MAY26000PE,0.00,0.00,0.00,120.95,0.00,120.95,26047.50,660.70,0,0,0,0.00,0,F1,60,,,,,
2026-04-13,2026-04-13,FO,NSE,IDO,69664,,FINNIFTY,,2026-05-26,2026-05-26,26500.00,PE,FINNIFTY26MAY26500PE,0.00,0.00,0.00,192.15,0.00,192.15,26047.50,917.15,0,0,0,0.00,0,F1,60,,,,,
2026-04-13,2026-04-13,FO,NSE,IDO,69678,,FINNIFTY,,2026-05-26,2026-05-26,27200.00,PE,FINNIFTY26MAY27200PE,0.00,0.00,0.00,341.55,0.00,341.55,26047.50,1357.75,0,0,0,0.00,0,F1,60,,,,,
2026-04-13,2026-04-13,FO,NSE,IDO,69694,,FINNIFTY,,2026-05-26,2026-05-26,28000.00,PE,FINNIFTY26MAY28000PE,0.00,0.00,0.00,595.25,0.00,595.25,26047.50,1962.15,0,0,0,0.00,0,F1,60,,,,,
2026-04-13,2026-04-13,FO,NSE,IDO,69538,,FINNIFTY,,2026-05-26,2026-05-26,23800.00,PE,FINNIFTY26MAY23800PE,0.00,0.00,0.00,8.25,0.00,8.25,26047.50,84.05,0,0,0,0.00,0,F1,60,,,,,
2026-04-13,2026-04-13,FO,NSE,IDO,77528,,FINNIFTY,,2026-06-30,2026-06-30,26400.00,PE,FINNIFTY26JUN26400PE,0.00,0.00,0.00,2630.65,0.00,2630.65,26047.50,1048.20,0,0,0,0.00,0,F1,60,,,,,
2026-04-13,2026-04-13,FO,NSE,IDO,77483,,FINNIFTY,,2026-06-30,2026-06-30,24300.00,PE,FINNIFTY26JUN24300PE,0.00,0.00,0.00,1139.35,0.00,1139.35,26047.50,291.85,0,0,0,0.00,0,F1,60,,,,,
2026-04-13,2026-04-13,FO,NSE,IDO,77475,,FINNIFTY,,2026-06-30,2026-06-30,23900.00,PE,FINNIFTY26JUN23900PE,0.00,0.00,0.00,925.45,0.00,925.45,26047.50,214.05,0,0,0,0.00,0,F1,60,,,,,
2026-04-13,2026-04-13,FO,NSE,IDO,77461,,FINNIFTY,,2026-06-30,2026-06-30,23300.00,PE,FINNIFTY26JUN23300PE,0.00,0.00,0.00,653.20,0.00,653.20,26047.50,128.20,0,0,0,0.00,0,F1,60,,,,,
2026-04-13,2026-04-13,FO,NSE,IDO,77326,,FINNIFTY,,2026-06-30,2026-06-30,22600.00,PE,FINNIFTY26JUN22600PE,0.00,0.00,0.00,408.45,0.00,408.45,26047.50,65.05,0,0,0,0.00,0,F1,60,,,,,
2026-04-13,2026-04-13,FO,NSE,IDO,76790,,FINNIFTY,,2026-04-28,2026-04-28,24450.00,CE,FINNIFTY26APR24450CE,0.00,0.00,0.00,231.15,0.00,231.15,26047.50,1689.70,0,0,0,0.00,0,F1,60,,,,,
2026-04-13,2026-04-13,FO,NSE,IDO,76802,,FINNIFTY,,2026-04-28,2026-04-28,24750.00,CE,FINNIFTY26APR24750CE,0.00,0.00,0.00,161.45,0.00,161.45,26047.50,1418.35,0,0,0,0.00,0,F1,60,,,,,
2026-04-13,2026-04-13,FO,NSE,IDO,76811,,FINNIFTY,,2026-04-28,2026-04-28,24850.00,CE,FINNIFTY26APR24850CE,0.00,0.00,0.00,142.30,0.00,142.30,26047.50,1331.25,0,0,0,0.00,0,F1,60,,,,,
2026-04-13,2026-04-13,FO,NSE,IDO,76907,,FINNIFTY,,2026-04-28,2026-04-28,25350.00,CE,FINNIFTY26APR25350CE,0.00,0.00,0.00,72.30,0.00,72.30,26047.50,930.15,0,0,0,0.00,0,F1,60,,,,,
2026-04-13,2026-04-13,FO,NSE,IDO,69835,,FINNIFTY,,2026-04-28,2026-04-28,26000.00,CE,FINNIFTY26APR26000CE,300.00,621.95,272.80,584.85,562.65,658.05,26047.50,584.85,21840,-1800,1569,2490106761.00,1364,F1,60,,,,,
2026-04-13,2026-04-13,FO,NSE,IDO,77022,,FINNIFTY,,2026-04-28,2026-04-28,26850.00,CE,FINNIFTY26APR26850CE,80.00,182.35,80.00,164.15,164.15,212.45,26047.50,186.65,780,120,27,43722435.00,19,F1,60,,,,,
2026-04-13,2026-04-13,FO,NSE,IDO,70062,,FINNIFTY,,2026-04-28,2026-04-28,27000.00,CE,FINNIFTY26APR27000CE,88.10,163.55,56.90,146.55,131.75,169.40,26047.50,146.55,20640,6660,1220,1984717323.00,934,F1,60,,,,,
2026-04-13,2026-04-13,FO,NSE,IDO,77026,,FINNIFTY,,2026-04-28,2026-04-28,27050.00,CE,FINNIFTY26APR27050CE,106.35,133.75,103.70,132.45,131.15,106.35,26047.50,132.45,1020,0,4,6520497.00,4,F1,60,,,,,
2026-04-13,2026-04-13,FO,NSE,IDO,70076,,FINNIFTY,,2026-04-28,2026-04-28,27300.00,CE,FINNIFTY26APR27300CE,0.00,0.00,0.00,94.00,93.80,94.00,26047.50,96.70,240,0,0,0.00,0,F1,60,,,,,
2026-04-13,2026-04-13,FO,NSE,IDO,35062,,FINNIFTY,,2026-04-28,2026-04-28,27650.00,CE,FINNIFTY26APR27650CE,0.00,0.00,0.00,3.20,0.00,3.20,26047.50,54.50,0,0,0,0.00,0,F1,60,,,,,
2026-04-13,2026-04-13,FO,NSE,IDO,35064,,FINNIFTY,,2026-04-28,2026-04-28,27750.00,CE,FINNIFTY26APR27750CE,0.00,0.00,0.00,2.65,0.00,2.65,26047.50,45.80,0,0,0,0.00,0,F1,60,,,,,
2026-04-13,2026-04-13,FO,NSE,IDO,70135,,FINNIFTY,,2026-04-28,2026-04-28,27800.00,CE,FINNIFTY26APR27800CE,35.60,38.30,35.60,38.30,38.30,44.95,26047.50,41.90,960,-60,3,5010723.00,3,F1,60,,,,,
2026-04-13,2026-04-13,FO,NSE,IDO,38674,,FINNIFTY,,2026-04-28,2026-04-28,27850.00,CE,FINNIFTY26APR27850CE,0.00,0.00,0.00,3.80,0.00,3.80,26047.50,38.30,0,0,0,0.00,0,F1,60,,,,,
2026-04-13,2026-04-13,FO,NSE,IDO,70253,,FINNIFTY,,2026-04-28,2026-04-28,29200.00,CE,FINNIFTY26APR29200CE,0.00,0.00,0.00,12.00,12.00,12.00,26047.50,2.25,420,0,0,0.00,0,F1,60,,,,,
2026-04-13,2026-04-13,FO,NSE,IDO,69519,,FINNIFTY,,2026-05-26,2026-05-26,22900.00,CE,FINNIFTY26MAY22900CE,0.00,0.00,0.00,5774.15,0.00,5774.15,26047.50,3340.10,0,0,0,0.00,0,F1,60,,,,,
2026-04-13,2026-04-13,FO,NSE,IDO,69525,,FINNIFTY,,2026-05-26,2026-05-26,23200.00,CE,FINNIFTY26MAY23200CE,0.00,0.00,0.00,5480.35,0.00,5480.35,26047.50,3055.85,0,0,0,0.00,0,F1,60,,,,,
2026-04-13,2026-04-13,FO,NSE,IDO,69531,,FINNIFTY,,2026-05-26,2026-05-26,23500.00,CE,FINNIFTY26MAY23500CE,0.00,0.00,0.00,5187.30,0.00,5187.30,26047.50,2777.25,0,0,0,0.00,0,F1,60,,,,,
2026-04-13,2026-04-13,FO,NSE,IDO,69793,,FINNIFTY,,2026-05-26,2026-05-26,30300.00,PE,FINNIFTY26MAY30300PE,0.00,0.00,0.00,1897.70,0.00,1897.70,26047.50,4052.50,0,0,0,0.00,0,F1,60,,,,,
2026-04-13,2026-04-13,FO,NSE,IDO,69777,,FINNIFTY,,2026-05-26,2026-05-26,29700.00,PE,FINNIFTY26MAY29700PE,0.00,0.00,0.00,1479.25,0.00,1479.25,26047.50,3477.40,0,0,0,0.00,0,F1,60,,,,,
2026-04-13,2026-04-13,FO,NSE,IDO,69763,,FINNIFTY,,2026-05-26,2026-05-26,29100.00,PE,FINNIFTY26MAY29100PE,0.00,0.00,0.00,1114.20,0.00,1114.20,26047.50,2917.80,0,0,0,0.00,0,F1,60,,,,,
2026-04-13,2026-04-13,FO,NSE,IDO,69698,,FINNIFTY,,2026-05-26,2026-05-26,28200.00,PE,FINNIFTY26MAY28200PE,0.00,0.00,0.00,674.80,0.00,674.80,26047.50,2126.85,0,0,0,0.00,0,F1,60,,,,,
2026-04-13,2026-04-13,FO,NSE,IDO,69542,,FINNIFTY,,2026-05-26,2026-05-26,24000.00,PE,FINNIFTY26MAY24000PE,0.00,0.00,0.00,11.10,0.00,11.10,26047.50,106.55,0,0,0,0.00,0,F1,60,,,,,
2026-04-13,2026-04-13,FO,NSE,IDO,69518,,FINNIFTY,,2026-05-26,2026-05-26,22800.00,PE,FINNIFTY26MAY22800PE,0.00,0.00,0.00,1.60,0.00,1.60,26047.50,21.40,0,0,0,0.00,0,F1,60,,,,,
2026-04-13,2026-04-13,FO,NSE,IDO,69514,,FINNIFTY,,2026-05-26,2026-05-26,22600.00,PE,FINNIFTY26MAY22600PE,0.00,0.00,0.00,1.15,0.00,1.15,26047.50,15.65,0,0,0,0.00,0,F1,60,,,,,
2026-04-13,2026-04-13,FO,NSE,IDO,69502,,FINNIFTY,,2026-05-26,2026-05-26,21000.00,PE,FINNIFTY26MAY21000PE,0.00,0.00,0.00,0.05,0.00,0.05,26047.50,0.75,0,0,0,0.00,0,F1,60,,,,,
2026-04-13,2026-04-13,FO,NSE,IDO,70252,,FINNIFTY,,2026-04-28,2026-04-28,29100.00,PE,FINNIFTY26APR29100PE,0.00,0.00,0.00,1909.80,0.00,1909.80,26047.50,2985.95,0,0,0,0.00,0,F1,60,,,,,
2026-04-13,2026-04-13,FO,NSE,IDO,70195,,FINNIFTY,,2026-04-28,2026-04-28,28700.00,PE,FINNIFTY26APR28700PE,0.00,0.00,0.00,1615.00,0.00,1615.00,26047.50,2591.10,0,0,0,0.00,0,F1,60,,,,,
2026-04-13,2026-04-13,FO,NSE,IDO,70132,,FINNIFTY,,2026-04-28,2026-04-28,27600.00,PE,FINNIFTY26APR27600PE,0.00,0.00,0.00,930.85,0.00,930.85,26047.50,1546.00,0,0,0,0.00,0,F1,60,,,,,
2026-04-13,2026-04-13,FO,NSE,IDO,35061,,FINNIFTY,,2026-04-28,2026-04-28,27550.00,PE,FINNIFTY26APR27550PE,0.00,0.00,0.00,3423.75,0.00,3423.75,26047.50,1501.35,0,0,0,0.00,0,F1,60,,,,,
2026-04-13,2026-04-13,FO,NSE,IDO,76852,,FINNIFTY,,2026-04-28,2026-04-28,25050.00,PE,FINNIFTY26APR25050PE,0.00,0.00,0.00,278.75,278.75,278.75,26047.50,105.95,1260,0,0,0.00,0,F1,60,,,,,
2026-04-13,2026-04-13,FO,NSE,IDO,76799,,FINNIFTY,,2026-04-28,2026-04-28,24550.00,PE,FINNIFTY26APR24550PE,0.00,0.00,0.00,1097.80,0.00,1097.80,26047.50,41.70,0,0,0,0.00,0,F1,60,,,,,
2026-04-13,2026-04-13,FO,NSE,IDO,76777,,FINNIFTY,,2026-04-28,2026-04-28,23950.00,PE,FINNIFTY26APR23950PE,0.00,0.00,0.00,691.25,0.00,691.25,26047.50,10.65,0,0,0,0.00,0,F1,60,,,,,
2026-04-13,2026-04-13,FO,NSE,IDO,69729,,FINNIFTY,,2026-04-28,2026-04-28,23800.00,PE,FINNIFTY26APR23800PE,0.00,0.00,0.00,30.05,0.00,30.05,26047.50,7.25,0,0,0,0.00,0,F1,60,,,,,
2026-04-13,2026-04-13,FO,NSE,IDO,76770,,FINNIFTY,,2026-04-28,2026-04-28,23750.00,PE,FINNIFTY26APR23750PE,0.00,0.00,0.00,72.00,72.00,72.00,26047.50,6.35,1080,0,0,0.00,0,F1,60,,,,,
2026-04-13,2026-04-13,FO,NSE,IDO,69721,,FINNIFTY,,2026-04-28,2026-04-28,23400.00,PE,FINNIFTY26APR23400PE,0.00,0.00,0.00,352.55,352.55,352.55,26047.50,2.35,120,0,0,0.00,0,F1,60,,,,,
2026-04-13,2026-04-13,FO,NSE,IDO,76742,,FINNIFTY,,2026-04-28,2026-04-28,23150.00,PE,FINNIFTY26APR23150PE,0.00,0.00,0.00,309.50,0.00,309.50,26047.50,1.10,0,0,0,0.00,0,F1,60,,,,,
2026-04-13,2026-04-13,FO,NSE,IDO,76719,,FINNIFTY,,2026-04-28,2026-04-28,22750.00,PE,FINNIFTY26APR22750PE,0.00,0.00,0.00,188.00,0.00,188.00,26047.50,0.30,0,0,0,0.00,0,F1,60,,,,,
2026-04-13,2026-04-13,FO,NSE,IDO,69637,,FINNIFTY,,2026-04-28,2026-04-28,22700.00,PE,FINNIFTY26APR22700PE,0.00,0.00,0.00,5.85,0.00,5.85,26047.50,0.25,0,0,0,0.00,0,F1,60,,,,,
2026-04-13,2026-04-13,FO,NSE,IDO,77513,,FINNIFTY,,2026-06-30,2026-06-30,25700.00,CE,FINNIFTY26JUN25700CE,0.00,0.00,0.00,357.10,0.00,357.10,26047.50,1413.15,0,0,0,0.00,0,F1,60,,,,,
2026-04-13,2026-04-13,FO,NSE,IDO,77537,,FINNIFTY,,2026-06-30,2026-06-30,26900.00,CE,FINNIFTY26JUN26900CE,0.00,0.00,0.00,158.95,0.00,158.95,26047.50,827.05,0,0,0,0.00,0,F1,60,,,,,
2026-04-13,2026-04-13,FO,NSE,IDO,77608,,FINNIFTY,,2026-06-30,2026-06-30,28100.00,CE,FINNIFTY26JUN28100CE,0.00,0.00,0.00,63.85,0.00,63.85,26047.50,442.75,0,0,0,0.00,0,F1,60,,,,,
2026-04-13,2026-04-13,FO,NSE,IDO,76711,,FINNIFTY,,2026-04-28,2026-04-28,22450.00,PE,FINNIFTY26APR22450PE,0.00,0.00,0.00,123.10,0.00,123.10,26047.50,0.10,0,0,0,0.00,0,F1,60,,,,,
2026-04-13,2026-04-13,FO,NSE,IDO,69463,,FINNIFTY,,2026-04-28,2026-04-28,22400.00,PE,FINNIFTY26APR22400PE,0.00,0.00,0.00,3.50,0.00,3.50,26047.50,0.10,0,0,0,0.00,0,F1,60,,,,,
2026-04-13,2026-04-13,FO,NSE,IDO,76701,,FINNIFTY,,2026-04-28,2026-04-28,21950.00,PE,FINNIFTY26APR21950PE,0.00,0.00,0.00,54.80,0.00,54.80,26047.50,0.05,0,0,0,0.00,0,F1,60,,,,,
2026-04-13,2026-04-13,FO,NSE,IDO,77589,,FINNIFTY,,2026-06-30,2026-06-30,27500.00,PE,FINNIFTY26JUN27500PE,0.00,0.00,0.00,3587.65,0.00,3587.65,26047.50,1699.55,0,0,0,0.00,0,F1,60,,,,,
2026-04-13,2026-04-13,FO,NSE,IDO,77626,,FINNIFTY,,2026-06-30,2026-06-30,28200.00,PE,FINNIFTY26JUN28200PE,0.00,0.00,0.00,4231.95,0.00,4231.95,26047.50,2197.60,0,0,0,0.00,0,F1,60,,,,,
2026-04-13,2026-04-13,FO,NSE,IDO,69450,,FINNIFTY,,2026-04-28,2026-04-28,21800.00,CE,FINNIFTY26APR21800CE,0.00,0.00,0.00,5593.00,0.00,5593.00,26047.50,4299.50,0,0,0,0.00,0,F1,60,,,,,
2026-04-13,2026-04-13,FO,NSE,IDO,76640,,FINNIFTY,,2026-04-28,2026-04-28,21850.00,CE,FINNIFTY26APR21850CE,0.00,0.00,0.00,1839.65,0.00,1839.65,26047.50,4249.65,0,0,0,0.00,0,F1,60,,,,,
2026-04-13,2026-04-13,FO,NSE,IDO,76702,,FINNIFTY,,2026-04-28,2026-04-28,22050.00,CE,FINNIFTY26APR22050CE,0.00,0.00,0.00,1660.05,0.00,1660.05,26047.50,4050.10,0,0,0,0.00,0,F1,60,,,,,
2026-04-13,2026-04-13,FO,NSE,IDO,76743,,FINNIFTY,,2026-04-28,2026-04-28,23250.00,CE,FINNIFTY26APR23250CE,0.00,0.00,0.00,748.50,0.00,748.50,26047.50,2854.45,0,0,0,0.00,0,F1,60,,,,,
2026-04-13,2026-04-13,FO,NSE,IDO,69720,,FINNIFTY,,2026-04-28,2026-04-28,23400.00,CE,FINNIFTY26APR23400CE,0.00,0.00,0.00,4033.60,0.00,4033.60,26047.50,2705.65,0,0,0,0.00,0,F1,60,,,,,
2026-04-13,2026-04-13,FO,NSE,IDO,76759,,FINNIFTY,,2026-04-28,2026-04-28,23650.00,CE,FINNIFTY26APR23650CE,0.00,0.00,0.00,529.70,0.00,529.70,26047.50,2458.75,0,0,0,0.00,0,F1,60,,,,,
2026-04-13,2026-04-13,FO,NSE,IDO,76851,,FINNIFTY,,2026-04-28,2026-04-28,25050.00,CE,FINNIFTY26APR25050CE,0.00,0.00,0.00,109.55,0.00,109.55,26047.50,1163.15,0,0,0,0.00,0,F1,60,,,,,
2026-04-13,2026-04-13,FO,NSE,IDO,69556,,FINNIFTY,,2026-05-26,2026-05-26,24700.00,PE,FINNIFTY26MAY24700PE,0.00,0.00,0.00,28.50,0.00,28.50,26047.50,224.40,0,0,0,0.00,0,F1,60,,,,,
2026-04-13,2026-04-13,FO,NSE,IDO,77474,,FINNIFTY,,2026-06-30,2026-06-30,23900.00,CE,FINNIFTY26JUN23900CE,0.00,0.00,0.00,975.40,0.00,975.40,26047.50,2678.15,0,0,0,0.00,0,F1,60,,,,,
2026-04-13,2026-04-13,FO,NSE,IDO,77470,,FINNIFTY,,2026-06-30,2026-06-30,23700.00,CE,FINNIFTY26JUN23700CE,0.00,0.00,0.00,1074.60,0.00,1074.60,26047.50,2843.05,0,0,0,0.00,0,F1,60,,,,,
2026-04-13,2026-04-13,FO,NSE,IDO,77451,,FINNIFTY,,2026-06-30,2026-06-30,23100.00,CE,FINNIFTY26JUN23100CE,0.00,0.00,0.00,1410.95,0.00,1410.95,26047.50,3360.05,0,0,0,0.00,0,F1,60,,,,,
2026-04-13,2026-04-13,FO,NSE,IDO,69651,,FINNIFTY,,2026-05-26,2026-05-26,25900.00,CE,FINNIFTY26MAY25900CE,0.00,0.00,0.00,2931.25,0.00,2931.25,26047.50,952.65,0,0,0,0.00,0,F1,60,,,,,
2026-04-13,2026-04-13,FO,NSE,IDO,69645,,FINNIFTY,,2026-05-26,2026-05-26,25600.00,CE,FINNIFTY26MAY25600CE,0.00,0.00,0.00,3197.30,0.00,3197.30,26047.50,1126.85,0,0,0,0.00,0,F1,60,,,,,
2026-04-13,2026-04-13,FO,NSE,IDO,69561,,FINNIFTY,,2026-05-26,2026-05-26,25000.00,CE,FINNIFTY26MAY25000CE,0.00,0.00,0.00,3747.90,0.00,3747.90,26047.50,1528.85,0,0,0,0.00,0,F1,60,,,,,
2026-04-13,2026-04-13,FO,NSE,IDO,69557,,FINNIFTY,,2026-05-26,2026-05-26,24800.00,CE,FINNIFTY26MAY24800CE,0.00,0.00,0.00,3935.75,0.00,3935.75,26047.50,1676.25,0,0,0,0.00,0,F1,60,,,,,
2026-04-13,2026-04-13,FO,NSE,IDO,69535,,FINNIFTY,,2026-05-26,2026-05-26,23700.00,CE,FINNIFTY26MAY23700CE,0.00,0.00,0.00,4992.50,0.00,4992.50,26047.50,2595.45,0,0,0,0.00,0,F1,60,,,,,
2026-04-13,2026-04-13,FO,NSE,IDO,69511,,FINNIFTY,,2026-05-26,2026-05-26,22500.00,CE,FINNIFTY26MAY22500CE,0.00,0.00,0.00,6166.55,0.00,6166.55,26047.50,3725.60,0,0,0,0.00,0,F1,60,,,,,
2026-04-13,2026-04-13,FO,NSE,IDO,38351,,FINNIFTY,,2026-05-26,2026-05-26,22100.00,CE,FINNIFTY26MAY22100CE,0.00,0.00,0.00,6118.55,0.00,6118.55,26047.50,4116.05,0,0,0,0.00,0,F1,60,,,,,
2026-04-13,2026-04-13,FO,NSE,IDO,69754,,FINNIFTY,,2026-04-28,2026-04-28,25100.00,CE,FINNIFTY26APR25100CE,0.00,0.00,0.00,2478.40,0.00,2478.40,26047.50,1122.55,0,0,0,0.00,0,F1,60,,,,,
2026-04-13,2026-04-13,FO,NSE,IDO,69788,,FINNIFTY,,2026-04-28,2026-04-28,25400.00,CE,FINNIFTY26APR25400CE,0.00,0.00,0.00,2229.15,0.00,2229.15,26047.50,892.40,0,0,0,0.00,0,F1,60,,,,,
2026-04-13,2026-04-13,FO,NSE,IDO,70125,,FINNIFTY,,2026-04-28,2026-04-28,27500.00,CE,FINNIFTY26APR27500CE,20.00,68.40,18.65,62.95,61.40,70.80,26047.50,62.95,10620,2760,344,568622046.00,216,F1,60,,,,,
2026-04-13,2026-04-13,FO,NSE,IDO,70275,,FINNIFTY,,2026-04-28,2026-04-28,30300.00,CE,FINNIFTY26APR30300CE,0.00,0.00,0.00,124.65,0.00,124.65,26047.50,0.15,0,0,0,0.00,0,F1,60,,,,,
2026-04-13,2026-04-13,FO,NSE,IDO,69458,,FINNIFTY,,2026-04-28,2026-04-28,22200.00,CE,FINNIFTY26APR22200CE,0.00,0.00,0.00,5200.45,0.00,5200.45,26047.50,3900.50,0,0,0,0.00,0,F1,60,,,,,
2026-04-13,2026-04-13,FO,NSE,IDO,76708,,FINNIFTY,,2026-04-28,2026-04-28,22350.00,CE,FINNIFTY26APR22350CE,0.00,0.00,0.00,1402.45,0.00,1402.45,26047.50,3750.90,0,0,0,0.00,0,F1,60,,,,,
2026-04-13,2026-04-13,FO,NSE,IDO,77316,,FINNIFTY,,2026-06-30,2026-06-30,22100.00,PE,FINNIFTY26JUN22100PE,0.00,0.00,0.00,279.15,0.00,279.15,26047.50,37.75,0,0,0,0.00,0,F1,60,,,,,
2026-04-13,2026-04-13,FO,NSE,IDO,77269,,FINNIFTY,,2026-06-30,2026-06-30,20500.00,PE,FINNIFTY26JUN20500PE,0.00,0.00,0.00,60.05,0.00,60.05,26047.50,4.55,0,0,0,0.00,0,F1,60,,,,,
2026-04-13,2026-04-13,FO,NSE,IDO,69775,,FINNIFTY,,2026-05-26,2026-05-26,29600.00,PE,FINNIFTY26MAY29600PE,0.00,0.00,0.00,1414.60,0.00,1414.60,26047.50,3382.85,0,0,0,0.00,0,F1,60,,,,,
2026-04-13,2026-04-13,FO,NSE,IDO,69757,,FINNIFTY,,2026-05-26,2026-05-26,28900.00,PE,FINNIFTY26MAY28900PE,0.00,0.00,0.00,1005.05,0.00,1005.05,26047.50,2736.15,0,0,0,0.00,0,F1,60,,,,,
2026-04-13,2026-04-13,FO,NSE,IDO,69704,,FINNIFTY,,2026-05-26,2026-05-26,28500.00,PE,FINNIFTY26MAY28500PE,0.00,0.00,0.00,806.50,0.00,806.50,26047.50,2382.30,0,0,0,0.00,0,F1,60,,,,,
2026-04-13,2026-04-13,FO,NSE,IDO,76781,,FINNIFTY,,2026-04-28,2026-04-28,24050.00,PE,FINNIFTY26APR24050PE,0.00,0.00,0.00,752.20,0.00,752.20,26047.50,13.65,0,0,0,0.00,0,F1,60,,,,,
2026-04-13,2026-04-13,FO,NSE,IDO,69832,,FINNIFTY,,2026-04-28,2026-04-28,25800.00,PE,FINNIFTY26APR25800PE,520.25,584.20,370.00,397.00,389.15,323.35,26047.50,397.00,3840,1860,282,444642810.00,217,F1,60,,,,,
2026-04-13,2026-04-13,FO,NSE,IDO,77029,,FINNIFTY,,2026-04-28,2026-04-28,27150.00,PE,FINNIFTY26APR27150PE,0.00,0.00,0.00,3479.90,0.00,3479.90,26047.50,1159.35,0,0,0,0.00,0,F1,60,,,,,
2026-04-13,2026-04-13,FO,NSE,IDO,70138,,FINNIFTY,,2026-04-28,2026-04-28,27900.00,PE,FINNIFTY26APR27900PE,0.00,0.00,0.00,1097.60,0.00,1097.60,26047.50,1820.95,0,0,0,0.00,0,F1,60,,,,,
2026-04-13,2026-04-13,FO,NSE,IDO,69418,,FINNIFTY,,2026-04-28,2026-04-28,21000.00,CE,FINNIFTY26APR21000CE,0.00,0.00,0.00,6379.80,0.00,6379.80,26047.50,5097.60,0,0,0,0.00,0,F1,60,,,,,
2026-04-13,2026-04-13,FO,NSE,IDO,43656,,FINNIFTY,,2026-05-26,2026-05-26,21300.00,PE,FINNIFTY26MAY21300PE,0.00,0.00,0.00,0.45,0.00,0.45,26047.50,1.40,0,0,0,0.00,0,F1,60,,,,,
2026-04-13,2026-04-13,FO,NSE,IDO,40441,,FINNIFTY,,2026-05-26,2026-05-26,21700.00,PE,FINNIFTY26MAY21700PE,0.00,0.00,0.00,0.40,0.00,0.40,26047.50,3.20,0,0,0,0.00,0,F1,60,,,,,
2026-04-13,2026-04-13,FO,NSE,IDO,69562,,FINNIFTY,,2026-05-26,2026-05-26,25000.00,PE,FINNIFTY26MAY25000PE,0.00,0.00,0.00,41.15,0.00,41.15,26047.50,298.25,0,0,0,0.00,0,F1,60,,,,,
2026-04-13,2026-04-13,FO,NSE,IDO,35056,,FINNIFTY,,2026-04-28,2026-04-28,27350.00,CE,FINNIFTY26APR27350CE,0.00,0.00,0.00,5.75,0.00,5.75,26047.50,89.40,0,0,0,0.00,0,F1,60,,,,,
2026-04-13,2026-04-13,FO,NSE,IDO,69730,,FINNIFTY,,2026-04-28,2026-04-28,23900.00,CE,FINNIFTY26APR23900CE,0.00,0.00,0.00,798.95,798.95,798.95,26047.50,2213.90,240,0,0,0.00,0,F1,60,,,,,
2026-04-13,2026-04-13,FO,NSE,IDO,76782,,FINNIFTY,,2026-04-28,2026-04-28,24150.00,CE,FINNIFTY26APR24150CE,0.00,0.00,0.00,2169.95,2169.95,2169.95,26047.50,1972.45,1260,0,0,0.00,0,F1,60,,,,,
2026-04-13,2026-04-13,FO,NSE,IDO,76786,,FINNIFTY,,2026-04-28,2026-04-28,24250.00,CE,FINNIFTY26APR24250CE,0.00,0.00,0.00,289.50,0.00,289.50,26047.50,1877.20,0,0,0,0.00,0,F1,60,,,,,
2026-04-13,2026-04-13,FO,NSE,IDO,76800,,FINNIFTY,,2026-04-28,2026-04-28,24650.00,CE,FINNIFTY26APR24650CE,0.00,0.00,0.00,757.95,753.40,757.95,26047.50,1507.25,1440,0,0,0.00,0,F1,60,,,,,
2026-04-13,2026-04-13,FO,NSE,IDO,69843,,FINNIFTY,,2026-04-28,2026-04-28,26100.00,CE,FINNIFTY26APR26100CE,350.00,561.00,334.00,526.45,515.00,593.35,26047.50,526.45,4140,1080,178,283995600.00,164,F1,60,,,,,
2026-04-13,2026-04-13,FO,NSE,IDO,76757,,FINNIFTY,,2026-04-28,2026-04-28,23550.00,CE,FINNIFTY26APR23550CE,0.00,0.00,0.00,580.00,0.00,580.00,26047.50,2557.30,0,0,0,0.00,0,F1,60,,,,,
2026-04-13,2026-04-13,FO,NSE,IDO,77643,,FINNIFTY,,2026-06-30,2026-06-30,29000.00,PE,FINNIFTY26JUN29000PE,0.00,0.00,0.00,4988.90,0.00,4988.90,26047.50,2828.65,0,0,0,0.00,0,F1,60,,,,,
2026-04-13,2026-04-13,FO,NSE,IDO,77635,,FINNIFTY,,2026-06-30,2026-06-30,28600.00,PE,FINNIFTY26JUN28600PE,0.00,0.00,0.00,4608.30,0.00,4608.30,26047.50,2505.10,0,0,0,0.00,0,F1,60,,,,,
2026-04-13,2026-04-13,FO,NSE,IDO,77540,,FINNIFTY,,2026-06-30,2026-06-30,26900.00,PE,FINNIFTY26JUN26900PE,0.00,0.00,0.00,3055.30,0.00,3055.30,26047.50,1323.25,0,0,0,0.00,0,F1,60,,,,,
2026-04-13,2026-04-13,FO,NSE,IDO,77524,,FINNIFTY,,2026-06-30,2026-06-30,26200.00,PE,FINNIFTY26JUN26200PE,0.00,0.00,0.00,2466.70,0.00,2466.70,26047.50,948.50,0,0,0,0.00,0,F1,60,,,,,
2026-04-13,2026-04-13,FO,NSE,IDO,77499,,FINNIFTY,,2026-06-30,2026-06-30,25100.00,PE,FINNIFTY26JUN25100PE,0.00,0.00,0.00,1640.45,0.00,1640.45,26047.50,506.00,0,0,0,0.00,0,F1,60,,,,,
2026-04-13,2026-04-13,FO,NSE,IDO,77497,,FINNIFTY,,2026-06-30,2026-06-30,25000.00,PE,FINNIFTY26JUN25000PE,0.00,0.00,0.00,1572.75,0.00,1572.75,26047.50,474.50,0,0,0,0.00,0,F1,60,,,,,
2026-04-13,2026-04-13,FO,NSE,IDO,77328,,FINNIFTY,,2026-06-30,2026-06-30,22700.00,PE,FINNIFTY26JUN22700PE,0.00,0.00,0.00,438.75,0.00,438.75,26047.50,72.05,0,0,0,0.00,0,F1,60,,,,,
2026-04-13,2026-04-13,FO,NSE,IDO,77294,,FINNIFTY,,2026-06-30,2026-06-30,21000.00,PE,FINNIFTY26JUN21000PE,0.00,0.00,0.00,102.80,0.00,102.80,26047.50,9.40,0,0,0,0.00,0,F1,60,,,,,
2026-04-13,2026-04-13,FO,NSE,IDO,69797,,FINNIFTY,,2026-05-26,2026-05-26,30500.00,PE,FINNIFTY26MAY30500PE,0.00,0.00,0.00,2047.55,0.00,2047.55,26047.50,4246.55,0,0,0,0.00,0,F1,60,,,,,
2026-04-13,2026-04-13,FO,NSE,IDO,69710,,FINNIFTY,,2026-05-26,2026-05-26,28800.00,PE,FINNIFTY26MAY28800PE,0.00,0.00,0.00,952.90,0.00,952.90,26047.50,2646.40,0,0,0,0.00,0,F1,60,,,,,
2026-04-13,2026-04-13,FO,NSE,IDO,69696,,FINNIFTY,,2026-05-26,2026-05-26,28100.00,PE,FINNIFTY26MAY28100PE,0.00,0.00,0.00,634.20,0.00,634.20,26047.50,2043.90,0,0,0,0.00,0,F1,60,,,,,
2026-04-13,2026-04-13,FO,NSE,IDO,69692,,FINNIFTY,,2026-05-26,2026-05-26,27900.00,PE,FINNIFTY26MAY27900PE,0.00,0.00,0.00,557.90,0.00,557.90,26047.50,1881.65,0,0,0,0.00,0,F1,60,,,,,
2026-04-13,2026-04-13,FO,NSE,IDO,69670,,FINNIFTY,,2026-05-26,2026-05-26,26800.00,PE,FINNIFTY26MAY26800PE,0.00,0.00,0.00,248.10,0.00,248.10,26047.50,1094.85,0,0,0,0.00,0,F1,60,,,,,
2026-04-13,2026-04-13,FO,NSE,IDO,69554,,FINNIFTY,,2026-05-26,2026-05-26,24600.00,PE,FINNIFTY26MAY24600PE,0.00,0.00,0.00,25.10,0.00,25.10,26047.50,203.30,0,0,0,0.00,0,F1,60,,,,,
2026-04-13,2026-04-13,FO,NSE,IDO,69524,,FINNIFTY,,2026-05-26,2026-05-26,23100.00,PE,FINNIFTY26MAY23100PE,0.00,0.00,0.00,2.70,0.00,2.70,26047.50,33.35,0,0,0,0.00,0,F1,60,,,,,
2026-04-13,2026-04-13,FO,NSE,IDO,69520,,FINNIFTY,,2026-05-26,2026-05-26,22900.00,PE,FINNIFTY26MAY22900PE,0.00,0.00,0.00,1.95,0.00,1.95,26047.50,24.90,0,0,0,0.00,0,F1,60,,,,,
2026-04-13,2026-04-13,FO,NSE,IDO,69506,,FINNIFTY,,2026-05-26,2026-05-26,22000.00,PE,FINNIFTY26MAY22000PE,0.00,0.00,0.00,0.35,0.00,0.35,26047.50,5.60,0,0,0,0.00,0,F1,60,,,,,
2026-04-13,2026-04-13,FO,NSE,IDO,43658,,FINNIFTY,,2026-05-26,2026-05-26,21400.00,PE,FINNIFTY26MAY21400PE,0.00,0.00,0.00,0.55,0.00,0.55,26047.50,1.75,0,0,0,0.00,0,F1,60,,,,,
2026-04-13,2026-04-13,FO,NSE,IDO,70258,,FINNIFTY,,2026-04-28,2026-04-28,29400.00,PE,FINNIFTY26APR29400PE,0.00,0.00,0.00,2144.05,0.00,2144.05,26047.50,3283.75,0,0,0,0.00,0,F1,60,,,,,
2026-04-13,2026-04-13,FO,NSE,IDO,70216,,FINNIFTY,,2026-04-28,2026-04-28,28800.00,PE,FINNIFTY26APR28800PE,0.00,0.00,0.00,1686.55,0.00,1686.55,26047.50,2689.45,0,0,0,0.00,0,F1,60,,,,,
2026-04-13,2026-04-13,FO,NSE,IDO,70172,,FINNIFTY,,2026-04-28,2026-04-28,28200.00,PE,FINNIFTY26APR28200PE,0.00,0.00,0.00,1279.65,0.00,1279.65,26047.50,2105.05,0,0,0,0.00,0,F1,60,,,,,
2026-04-13,2026-04-13,FO,NSE,IDO,76993,,FINNIFTY,,2026-04-28,2026-04-28,26250.00,PE,FINNIFTY26APR26250PE,0.00,0.00,0.00,719.40,719.40,719.40,26047.50,533.75,780,0,0,0.00,0,F1,60,,,,,
2026-04-13,2026-04-13,FO,NSE,IDO,69842,,FINNIFTY,,2026-04-28,2026-04-28,26000.00,PE,FINNIFTY26APR26000PE,544.05,694.00,405.00,466.35,465.00,385.25,26047.50,466.35,18120,-180,1089,1734640518.00,969,F1,60,,,,,
2026-04-13,2026-04-13,FO,NSE,IDO,69755,,FINNIFTY,,2026-04-28,2026-04-28,25100.00,PE,FINNIFTY26APR25100PE,0.00,0.00,0.00,176.60,173.60,176.60,26047.50,115.20,2520,0,0,0.00,0,F1,60,,,,,
2026-04-13,2026-04-13,FO,NSE,IDO,76810,,FINNIFTY,,2026-04-28,2026-04-28,24750.00,PE,FINNIFTY26APR24750PE,0.00,0.00,0.00,1251.40,0.00,1251.40,26047.50,61.80,0,0,0,0.00,0,F1,60,,,,,
2026-04-13,2026-04-13,FO,NSE,IDO,76797,,FINNIFTY,,2026-04-28,2026-04-28,24450.00,PE,FINNIFTY26APR24450PE,0.00,0.00,0.00,1022.80,0.00,1022.80,26047.50,33.85,0,0,0,0.00,0,F1,60,,,,,
2026-04-13,2026-04-13,FO,NSE,IDO,76789,,FINNIFTY,,2026-04-28,2026-04-28,24350.00,PE,FINNIFTY26APR24350PE,0.00,0.00,0.00,159.65,159.65,159.65,26047.50,27.30,1020,0,0,0.00,0,F1,60,,,,,
2026-04-13,2026-04-13,FO,NSE,IDO,69711,,FINNIFTY,,2026-04-28,2026-04-28,22900.00,PE,FINNIFTY26APR22900PE,0.00,0.00,0.00,8.10,0.00,8.10,26047.50,0.50,0,0,0,0.00,0,F1,60,,,,,
2026-04-13,2026-04-13,FO,NSE,IDO,69633,,FINNIFTY,,2026-04-28,2026-04-28,22500.00,PE,FINNIFTY26APR22500PE,0.00,0.00,0.00,4.15,0.00,4.15,26047.50,0.15,0,0,0,0.00,0,F1,60,,,,,
2026-04-13,2026-04-13,FO,NSE,IDO,69459,,FINNIFTY,,2026-04-28,2026-04-28,22200.00,PE,FINNIFTY26APR22200PE,0.00,0.00,0.00,2.45,0.00,2.45,26047.50,0.05,0,0,0,0.00,0,F1,60,,,,,
2026-04-13,2026-04-13,FO,NSE,IDO,69453,,FINNIFTY,,2026-04-28,2026-04-28,21900.00,PE,FINNIFTY26APR21900PE,0.00,0.00,0.00,1.40,0.00,1.40,26047.50,0.05,0,0,0,0.00,0,F1,60,,,,,
2026-04-13,2026-04-13,FO,NSE,IDO,76617,,FINNIFTY,,2026-04-28,2026-04-28,21550.00,PE,FINNIFTY26APR21550PE,0.00,0.00,0.00,25.85,0.00,25.85,26047.50,0.00,0,0,0,0.00,0,F1,60,,,,,
2026-04-13,2026-04-13,FO,NSE,IDO,77642,,FINNIFTY,,2026-06-30,2026-06-30,29000.00,CE,FINNIFTY26JUN29000CE,0.00,0.00,0.00,30.20,0.00,30.20,26047.50,260.30,0,0,0,0.00,0,F1,60,,,,,
2026-04-13,2026-04-13,FO,NSE,IDO,77586,,FINNIFTY,,2026-06-30,2026-06-30,27500.00,CE,FINNIFTY26JUN27500CE,0.00,0.00,0.00,102.05,0.00,102.05,26047.50,611.35,0,0,0,0.00,0,F1,60,,,,,
2026-04-13,2026-04-13,FO,NSE,IDO,77529,,FINNIFTY,,2026-06-30,2026-06-30,26500.00,CE,FINNIFTY26JUN26500CE,0.00,0.00,0.00,210.50,0.00,210.50,26047.50,998.80,0,0,0,0.00,0,F1,60,,,,,
2026-04-13,2026-04-13,FO,NSE,IDO,77478,,FINNIFTY,,2026-06-30,2026-06-30,24100.00,CE,FINNIFTY26JUN24100CE,0.00,0.00,0.00,882.75,0.00,882.75,26047.50,2517.45,0,0,0,0.00,0,F1,60,,,,,
2026-04-13,2026-04-13,FO,NSE,IDO,77476,,FINNIFTY,,2026-06-30,2026-06-30,24000.00,CE,FINNIFTY26JUN24000CE,0.00,0.00,0.00,928.25,0.00,928.25,26047.50,2597.25,0,0,0,0.00,0,F1,60,,,,,
2026-04-13,2026-04-13,FO,NSE,IDO,77458,,FINNIFTY,,2026-06-30,2026-06-30,23200.00,CE,FINNIFTY26JUN23200CE,0.00,0.00,0.00,1350.85,0.00,1350.85,26047.50,3271.80,0,0,0,0.00,0,F1,60,,,,,
2026-04-13,2026-04-13,FO,NSE,IDO,77268,,FINNIFTY,,2026-06-30,2026-06-30,20500.00,CE,FINNIFTY26JUN20500CE,0.00,0.00,0.00,3449.05,0.00,3449.05,26047.50,5823.60,0,0,0,0.00,0,F1,60,,,,,
2026-04-13,2026-04-13,FO,NSE,IDO,69796,,FINNIFTY,,2026-05-26,2026-05-26,30500.00,CE,FINNIFTY26MAY30500CE,0.00,0.00,0.00,344.90,0.00,344.90,26047.50,17.40,0,0,0,0.00,0,F1,60,,,,,
2026-04-13,2026-04-13,FO,NSE,IDO,69780,,FINNIFTY,,2026-05-26,2026-05-26,29900.00,CE,FINNIFTY26MAY29900CE,0.00,0.00,0.00,500.35,0.00,500.35,26047.50,34.20,0,0,0,0.00,0,F1,60,,,,,
2026-04-13,2026-04-13,FO,NSE,IDO,69709,,FINNIFTY,,2026-05-26,2026-05-26,28800.00,CE,FINNIFTY26MAY28800CE,0.00,0.00,0.00,922.25,0.00,922.25,26047.50,104.85,0,0,0,0.00,0,F1,60,,,,,
2026-04-13,2026-04-13,FO,NSE,IDO,69681,,FINNIFTY,,2026-05-26,2026-05-26,27400.00,CE,FINNIFTY26MAY27400CE,0.00,0.00,0.00,1741.10,0.00,1741.10,26047.50,347.80,0,0,0,0.00,0,F1,60,,,,,
2026-04-13,2026-04-13,FO,NSE,IDO,69667,,FINNIFTY,,2026-05-26,2026-05-26,26700.00,CE,FINNIFTY26MAY26700CE,0.00,0.00,0.00,2263.05,0.00,2263.05,26047.50,576.75,0,0,0,0.00,0,F1,60,,,,,
2026-04-13,2026-04-13,FO,NSE,IDO,69661,,FINNIFTY,,2026-05-26,2026-05-26,26400.00,CE,FINNIFTY26MAY26400CE,0.00,0.00,0.00,2505.65,0.00,2505.65,26047.50,702.70,0,0,0,0.00,0,F1,60,,,,,
2026-04-13,2026-04-13,FO,NSE,IDO,69649,,FINNIFTY,,2026-05-26,2026-05-26,25800.00,CE,FINNIFTY26MAY25800CE,0.00,0.00,0.00,3019.10,0.00,3019.10,26047.50,1008.70,0,0,0,0.00,0,F1,60,,,,,
2026-04-13,2026-04-13,FO,NSE,IDO,69647,,FINNIFTY,,2026-05-26,2026-05-26,25700.00,CE,FINNIFTY26MAY25700CE,0.00,0.00,0.00,3107.80,0.00,3107.80,26047.50,1066.75,0,0,0,0.00,0,F1,60,,,,,
2026-04-13,2026-04-13,FO,NSE,IDO,69523,,FINNIFTY,,2026-05-26,2026-05-26,23100.00,CE,FINNIFTY26MAY23100CE,0.00,0.00,0.00,5578.20,0.00,5578.20,26047.50,3150.05,0,0,0,0.00,0,F1,60,,,,,
2026-04-13,2026-04-13,FO,NSE,IDO,69503,,FINNIFTY,,2026-05-26,2026-05-26,21500.00,CE,FINNIFTY26MAY21500CE,0.00,0.00,0.00,7149.30,0.00,7149.30,26047.50,4707.10,0,0,0,0.00,0,F1,60,,,,,
2026-04-13,2026-04-13,FO,NSE,IDO,43657,,FINNIFTY,,2026-05-26,2026-05-26,21400.00,CE,FINNIFTY26MAY21400CE,0.00,0.00,0.00,5948.40,0.00,5948.40,26047.50,4806.00,0,0,0,0.00,0,F1,60,,,,,
2026-04-13,2026-04-13,FO,NSE,IDO,43655,,FINNIFTY,,2026-05-26,2026-05-26,21300.00,CE,FINNIFTY26MAY21300CE,0.00,0.00,0.00,6046.75,0.00,6046.75,26047.50,4904.95,0,0,0,0.00,0,F1,60,,,,,
2026-04-13,2026-04-13,FO,NSE,IDO,69499,,FINNIFTY,,2026-05-26,2026-05-26,20500.00,CE,FINNIFTY26MAY20500CE,0.00,0.00,0.00,8132.70,0.00,8132.70,26047.50,5697.90,0,0,0,0.00,0,F1,60,,,,,
2026-04-13,2026-04-13,FO,NSE,IDO,70255,,FINNIFTY,,2026-04-28,2026-04-28,29300.00,CE,FINNIFTY26APR29300CE,7.80,7.85,5.10,5.10,5.10,9.80,26047.50,1.75,1140,-360,13,22859046.00,6,F1,60,,,,,
2026-04-13,2026-04-13,FO,NSE,IDO,70131,,FINNIFTY,,2026-04-28,2026-04-28,27600.00,CE,FINNIFTY26APR27600CE,37.90,40.20,37.90,40.20,40.20,57.30,26047.50,59.35,1440,0,2,3316686.00,2,F1,60,,,,,
2026-04-13,2026-04-13,FO,NSE,IDO,77603,,FINNIFTY,,2026-06-30,2026-06-30,27900.00,CE,FINNIFTY26JUN27900CE,0.00,0.00,0.00,74.85,0.00,74.85,26047.50,493.40,0,0,0,0.00,0,F1,60,,,,,
2026-04-13,2026-04-13,FO,NSE,IDO,76627,,FINNIFTY,,2026-04-28,2026-04-28,21650.00,PE,FINNIFTY26APR21650PE,0.00,0.00,0.00,31.45,0.00,31.45,26047.50,0.00,0,0,0,0.00,0,F1,60,,,,,
2026-04-13,2026-04-13,FO,NSE,IDO,69638,,FINNIFTY,,2026-04-28,2026-04-28,22800.00,CE,FINNIFTY26APR22800CE,0.00,0.00,0.00,4614.05,0.00,4614.05,26047.50,3302.20,0,0,0,0.00,0,F1,60,,,,,
2026-04-13,2026-04-13,FO,NSE,IDO,69640,,FINNIFTY,,2026-04-28,2026-04-28,22900.00,CE,FINNIFTY26APR22900CE,0.00,0.00,0.00,4516.80,0.00,4516.80,26047.50,3202.60,0,0,0,0.00,0,F1,60,,,,,
2026-04-13,2026-04-13,FO,NSE,IDO,76722,,FINNIFTY,,2026-04-28,2026-04-28,22950.00,CE,FINNIFTY26APR22950CE,0.00,0.00,0.00,943.20,0.00,943.20,26047.50,3152.80,0,0,0,0.00,0,F1,60,,,,,
2026-04-13,2026-04-13,FO,NSE,IDO,69712,,FINNIFTY,,2026-04-28,2026-04-28,23000.00,CE,FINNIFTY26APR23000CE,2750.35,2751.65,2750.05,2751.25,2751.25,4419.70,26047.50,3103.00,240,240,4,6180198.00,4,F1,60,,,,,
2026-04-13,2026-04-13,FO,NSE,IDO,69716,,FINNIFTY,,2026-04-28,2026-04-28,23200.00,CE,FINNIFTY26APR23200CE,0.00,0.00,0.00,4226.15,0.00,4226.15,26047.50,2904.10,0,0,0,0.00,0,F1,60,,,,,
2026-04-13,2026-04-13,FO,NSE,IDO,69718,,FINNIFTY,,2026-04-28,2026-04-28,23300.00,CE,FINNIFTY26APR23300CE,0.00,0.00,0.00,4129.75,0.00,4129.75,26047.50,2804.80,0,0,0,0.00,0,F1,60,,,,,
2026-04-13,2026-04-13,FO,NSE,IDO,76748,,FINNIFTY,,2026-04-28,2026-04-28,23350.00,CE,FINNIFTY26APR23350CE,0.00,0.00,0.00,689.40,0.00,689.40,26047.50,2755.20,0,0,0,0.00,0,F1,60,,,,,
2026-04-13,2026-04-13,FO,NSE,IDO,69736,,FINNIFTY,,2026-04-28,2026-04-28,24200.00,CE,FINNIFTY26APR24200CE,0.00,0.00,0.00,3278.60,0.00,3278.60,26047.50,1924.70,0,0,0,0.00,0,F1,60,,,,,
2026-04-13,2026-04-13,FO,NSE,IDO,76788,,FINNIFTY,,2026-04-28,2026-04-28,24350.00,CE,FINNIFTY26APR24350CE,0.00,0.00,0.00,259.10,0.00,259.10,26047.50,1782.90,0,0,0,0.00,0,F1,60,,,,,
2026-04-13,2026-04-13,FO,NSE,IDO,77602,,FINNIFTY,,2026-06-30,2026-06-30,27800.00,PE,FINNIFTY26JUN27800PE,0.00,0.00,0.00,3861.20,0.00,3861.20,26047.50,1905.30,0,0,0,0.00,0,F1,60,,,,,
2026-04-13,2026-04-13,FO,NSE,IDO,77550,,FINNIFTY,,2026-06-30,2026-06-30,27200.00,PE,FINNIFTY26JUN27200PE,0.00,0.00,0.00,3318.75,0.00,3318.75,26047.50,1505.30,0,0,0,0.00,0,F1,60,,,,,
2026-04-13,2026-04-13,FO,NSE,IDO,69553,,FINNIFTY,,2026-05-26,2026-05-26,24600.00,CE,FINNIFTY26MAY24600CE,0.00,0.00,0.00,4125.30,0.00,4125.30,26047.50,1831.00,0,0,0,0.00,0,F1,60,,,,,
2026-04-13,2026-04-13,FO,NSE,IDO,69762,,FINNIFTY,,2026-05-26,2026-05-26,29100.00,CE,FINNIFTY26MAY29100CE,0.00,0.00,0.00,788.50,0.00,788.50,26047.50,78.45,0,0,0,0.00,0,F1,60,,,,,
2026-04-13,2026-04-13,FO,NSE,IDO,69774,,FINNIFTY,,2026-05-26,2026-05-26,29600.00,CE,FINNIFTY26MAY29600CE,0.00,0.00,0.00,597.15,0.00,597.15,26047.50,47.15,0,0,0,0.00,0,F1,60,,,,,
2026-04-13,2026-04-13,FO,NSE,IDO,69782,,FINNIFTY,,2026-05-26,2026-05-26,30000.00,CE,FINNIFTY26MAY30000CE,0.00,0.00,0.00,470.90,0.00,470.90,26047.50,30.65,0,0,0,0.00,0,F1,60,,,,,
2026-04-13,2026-04-13,FO,NSE,IDO,69807,,FINNIFTY,,2026-05-26,2026-05-26,31000.00,CE,FINNIFTY26MAY31000CE,0.00,0.00,0.00,245.50,0.00,245.50,26047.50,9.60,0,0,0,0.00,0,F1,60,,,,,
2026-04-13,2026-04-13,FO,NSE,IDO,69820,,FINNIFTY,,2026-05-26,2026-05-26,31500.00,CE,FINNIFTY26MAY31500CE,0.00,0.00,0.00,171.70,0.00,171.70,26047.50,5.15,0,0,0,0.00,0,F1,60,,,,,
2026-04-13,2026-04-13,FO,NSE,IDO,77309,,FINNIFTY,,2026-06-30,2026-06-30,21800.00,CE,FINNIFTY26JUN21800CE,0.00,0.00,0.00,2329.80,0.00,2329.80,26047.50,4562.85,0,0,0,0.00,0,F1,60,,,,,
2026-04-13,2026-04-13,FO,NSE,IDO,77313,,FINNIFTY,,2026-06-30,2026-06-30,22000.00,CE,FINNIFTY26JUN22000CE,0.00,0.00,0.00,2173.20,0.00,2173.20,26047.50,4372.60,0,0,0,0.00,0,F1,60,,,,,
2026-04-13,2026-04-13,FO,NSE,IDO,77498,,FINNIFTY,,2026-06-30,2026-06-30,25100.00,CE,FINNIFTY26JUN25100CE,0.00,0.00,0.00,511.85,0.00,511.85,26047.50,1786.00,0,0,0,0.00,0,F1,60,,,,,
2026-04-13,2026-04-13,FO,NSE,IDO,77533,,FINNIFTY,,2026-06-30,2026-06-30,26700.00,CE,FINNIFTY26JUN26700CE,0.00,0.00,0.00,183.15,0.00,183.15,26047.50,910.05,0,0,0,0.00,0,F1,60,,,,,
2026-04-13,2026-04-13,FO,NSE,IDO,77482,,FINNIFTY,,2026-06-30,2026-06-30,24300.00,CE,FINNIFTY26JUN24300CE,0.00,0.00,0.00,796.45,0.00,796.45,26047.50,2361.20,0,0,0,0.00,0,F1,60,,,,,
2026-04-13,2026-04-13,FO,NSE,IDO,77331,,FINNIFTY,,2026-06-30,2026-06-30,22800.00,CE,FINNIFTY26JUN22800CE,0.00,0.00,0.00,1600.80,0.00,1600.80,26047.50,3629.20,0,0,0,0.00,0,F1,60,,,,,
2026-04-13,2026-04-13,FO,NSE,IDO,77311,,FINNIFTY,,2026-06-30,2026-06-30,21900.00,CE,FINNIFTY26JUN21900CE,0.00,0.00,0.00,2250.90,0.00,2250.90,26047.50,4467.55,0,0,0,0.00,0,F1,60,,,,,
2026-04-13,2026-04-13,FO,NSE,IDO,69784,,FINNIFTY,,2026-05-26,2026-05-26,30100.00,CE,FINNIFTY26MAY30100CE,0.00,0.00,0.00,442.80,0.00,442.80,26047.50,27.45,0,0,0,0.00,0,F1,60,,,,,
2026-04-13,2026-04-13,FO,NSE,IDO,69701,,FINNIFTY,,2026-05-26,2026-05-26,28400.00,CE,FINNIFTY26MAY28400CE,0.00,0.00,0.00,1123.70,0.00,1123.70,26047.50,151.60,0,0,0,0.00,0,F1,60,,,,,
2026-04-13,2026-04-13,FO,NSE,IDO,69697,,FINNIFTY,,2026-05-26,2026-05-26,28200.00,CE,FINNIFTY26MAY28200CE,0.00,0.00,0.00,1234.30,0.00,1234.30,26047.50,180.90,0,0,0,0.00,0,F1,60,,,,,
2026-04-13,2026-04-13,FO,NSE,IDO,76769,,FINNIFTY,,2026-04-28,2026-04-28,23750.00,CE,FINNIFTY26APR23750CE,0.00,0.00,0.00,482.45,0.00,482.45,26047.50,2360.50,0,0,0,0.00,0,F1,60,,,,,
2026-04-13,2026-04-13,FO,NSE,IDO,69738,,FINNIFTY,,2026-04-28,2026-04-28,24300.00,CE,FINNIFTY26APR24300CE,0.00,0.00,0.00,2046.60,2046.75,2046.60,26047.50,1829.90,5400,0,0,0.00,0,F1,60,,,,,
2026-04-13,2026-04-13,FO,NSE,IDO,69742,,FINNIFTY,,2026-04-28,2026-04-28,24500.00,CE,FINNIFTY26APR24500CE,0.00,0.00,0.00,1450.00,1450.00,1450.00,26047.50,1643.55,2460,0,0,0.00,0,F1,60,,,,,
2026-04-13,2026-04-13,FO,NSE,IDO,76798,,FINNIFTY,,2026-04-28,2026-04-28,24550.00,CE,FINNIFTY26APR24550CE,0.00,0.00,0.00,1825.30,1825.30,1825.30,26047.50,1597.75,840,0,0,0.00,0,F1,60,,,,,
2026-04-13,2026-04-13,FO,NSE,IDO,69744,,FINNIFTY,,2026-04-28,2026-04-28,24600.00,CE,FINNIFTY26APR24600CE,0.00,0.00,0.00,1784.15,1784.15,1784.15,26047.50,1552.30,120,0,0,0.00,0,F1,60,,,,,
2026-04-13,2026-04-13,FO,NSE,IDO,69752,,FINNIFTY,,2026-04-28,2026-04-28,25000.00,CE,FINNIFTY26APR25000CE,990.75,1378.05,990.75,1296.05,1290.70,1425.00,26047.50,1296.05,4800,240,58,90803328.00,56,F1,60,,,,,
2026-04-13,2026-04-13,FO,NSE,IDO,69770,,FINNIFTY,,2026-04-28,2026-04-28,25300.00,CE,FINNIFTY26APR25300CE,1071.80,1086.95,1065.30,1082.15,1085.80,1208.80,26047.50,1082.15,5760,-120,20,31652961.00,20,F1,60,,,,,
2026-04-13,2026-04-13,FO,NSE,IDO,76938,,FINNIFTY,,2026-04-28,2026-04-28,25650.00,CE,FINNIFTY26APR25650CE,556.30,796.00,544.00,796.00,796.00,847.20,26047.50,720.85,780,480,47,74082690.00,42,F1,60,,,,,
2026-04-13,2026-04-13,FO,NSE,IDO,76988,,FINNIFTY,,2026-04-28,2026-04-28,26050.00,CE,FINNIFTY26APR26050CE,544.00,585.10,528.25,550.10,552.05,632.90,26047.50,550.10,240,-60,26,41509614.00,23,F1,60,,,,,
2026-04-13,2026-04-13,FO,NSE,IDO,69912,,FINNIFTY,,2026-04-28,2026-04-28,26400.00,CE,FINNIFTY26APR26400CE,0.00,0.00,0.00,1485.50,0.00,1485.50,26047.50,331.35,0,0,0,0.00,0,F1,60,,,,,
2026-04-13,2026-04-13,FO,NSE,IDO,76999,,FINNIFTY,,2026-04-28,2026-04-28,26450.00,CE,FINNIFTY26APR26450CE,0.00,0.00,0.00,12.40,0.00,12.40,26047.50,312.15,0,0,0,0.00,0,F1,60,,,,,
2026-04-13,2026-04-13,FO,NSE,IDO,70170,,FINNIFTY,,2026-04-28,2026-04-28,28200.00,CE,FINNIFTY26APR28200CE,0.00,0.00,0.00,22.00,22.00,22.00,26047.50,19.80,60,0,0,0.00,0,F1,60,,,,,
2026-04-13,2026-04-13,FO,NSE,IDO,70173,,FINNIFTY,,2026-04-28,2026-04-28,28300.00,CE,FINNIFTY26APR28300CE,0.00,0.00,0.00,23.60,23.60,23.60,26047.50,16.25,120,0,0,0.00,0,F1,60,,,,,
2026-04-13,2026-04-13,FO,NSE,IDO,70184,,FINNIFTY,,2026-04-28,2026-04-28,28600.00,CE,FINNIFTY26APR28600CE,16.25,16.25,6.70,6.70,6.70,440.90,26047.50,8.70,0,0,2,3433377.00,2,F1,60,,,,,
2026-04-13,2026-04-13,FO,NSE,IDO,70194,,FINNIFTY,,2026-04-28,2026-04-28,28700.00,CE,FINNIFTY26APR28700CE,0.00,0.00,0.00,18.75,18.75,18.75,26047.50,7.05,60,0,0,0.00,0,F1,60,,,,,
2026-04-13,2026-04-13,FO,NSE,IDO,70234,,FINNIFTY,,2026-04-28,2026-04-28,28900.00,CE,FINNIFTY26APR28900CE,0.00,0.00,0.00,14.80,14.80,14.80,26047.50,4.50,960,0,0,0.00,0,F1,60,,,,,
2026-04-13,2026-04-13,FO,NSE,IDO,70273,,FINNIFTY,,2026-04-28,2026-04-28,30200.00,CE,FINNIFTY26APR30200CE,0.00,0.00,0.00,135.35,0.00,135.35,26047.50,0.20,0,0,0,0.00,0,F1,60,,,,,
2026-04-13,2026-04-13,FO,NSE,IDO,69517,,FINNIFTY,,2026-05-26,2026-05-26,22800.00,CE,FINNIFTY26MAY22800CE,0.00,0.00,0.00,5872.15,0.00,5872.15,26047.50,3435.90,0,0,0,0.00,0,F1,60,,,,,
2026-04-13,2026-04-13,FO,NSE,IDO,69537,,FINNIFTY,,2026-05-26,2026-05-26,23800.00,CE,FINNIFTY26MAY23800CE,0.00,0.00,0.00,4895.30,0.00,4895.30,26047.50,2505.90,0,0,0,0.00,0,F1,60,,,,,
2026-04-13,2026-04-13,FO,NSE,IDO,69539,,FINNIFTY,,2026-05-26,2026-05-26,23900.00,CE,FINNIFTY26MAY23900CE,0.00,0.00,0.00,4798.25,0.00,4798.25,26047.50,2417.35,0,0,0,0.00,0,F1,60,,,,,
2026-04-13,2026-04-13,FO,NSE,IDO,69547,,FINNIFTY,,2026-05-26,2026-05-26,24300.00,CE,FINNIFTY26MAY24300CE,0.00,0.00,0.00,4412.10,0.00,4412.10,26047.50,2074.45,0,0,0,0.00,0,F1,60,,,,,
2026-04-13,2026-04-13,FO,NSE,IDO,69663,,FINNIFTY,,2026-05-26,2026-05-26,26500.00,CE,FINNIFTY26MAY26500CE,0.00,0.00,0.00,2423.65,0.00,2423.65,26047.50,658.75,0,0,0,0.00,0,F1,60,,,,,
2026-04-13,2026-04-13,FO,NSE,IDO,69665,,FINNIFTY,,2026-05-26,2026-05-26,26600.00,CE,FINNIFTY26MAY26600CE,0.00,0.00,0.00,2342.75,0.00,2342.75,26047.50,616.80,0,0,0,0.00,0,F1,60,,,,,
2026-04-13,2026-04-13,FO,NSE,IDO,69675,,FINNIFTY,,2026-05-26,2026-05-26,27100.00,CE,FINNIFTY26MAY27100CE,0.00,0.00,0.00,1956.80,0.00,1956.80,26047.50,435.35,0,0,0,0.00,0,F1,60,,,,,
2026-04-13,2026-04-13,FO,NSE,IDO,76636,,FINNIFTY,,2026-04-28,2026-04-28,21750.00,CE,FINNIFTY26APR21750CE,0.00,0.00,0.00,1931.35,0.00,1931.35,26047.50,4349.40,0,0,0,0.00,0,F1,60,,,,,
2026-04-13,2026-04-13,FO,NSE,IDO,76704,,FINNIFTY,,2026-04-28,2026-04-28,22150.00,CE,FINNIFTY26APR22150CE,0.00,0.00,0.00,1572.50,0.00,1572.50,26047.50,3950.35,0,0,0,0.00,0,F1,60,,,,,
2026-04-13,2026-04-13,FO,NSE,IDO,76706,,FINNIFTY,,2026-04-28,2026-04-28,22250.00,CE,FINNIFTY26APR22250CE,0.00,0.00,0.00,1486.55,0.00,1486.55,26047.50,3850.60,0,0,0,0.00,0,F1,60,,,,,
2026-04-13,2026-04-13,FO,NSE,IDO,77605,,FINNIFTY,,2026-06-30,2026-06-30,27900.00,PE,FINNIFTY26JUN27900PE,0.00,0.00,0.00,3953.30,0.00,3953.30,26047.50,1976.35,0,0,0,0.00,0,F1,60,,,,,
2026-04-13,2026-04-13,FO,NSE,IDO,77595,,FINNIFTY,,2026-06-30,2026-06-30,27600.00,PE,FINNIFTY26JUN27600PE,0.00,0.00,0.00,3678.35,0.00,3678.35,26047.50,1766.90,0,0,0,0.00,0,F1,60,,,,,
2026-04-13,2026-04-13,FO,NSE,IDO,77546,,FINNIFTY,,2026-06-30,2026-06-30,27000.00,PE,FINNIFTY26JUN27000PE,0.00,0.00,0.00,3142.45,0.00,3142.45,26047.50,1382.55,0,0,0,0.00,0,F1,60,,,,,
2026-04-13,2026-04-13,FO,NSE,IDO,77526,,FINNIFTY,,2026-06-30,2026-06-30,26300.00,PE,FINNIFTY26JUN26300PE,0.00,0.00,0.00,2548.25,0.00,2548.25,26047.50,997.55,0,0,0,0.00,0,F1,60,,,,,
2026-04-13,2026-04-13,FO,NSE,IDO,77463,,FINNIFTY,,2026-06-30,2026-06-30,23400.00,PE,FINNIFTY26JUN23400PE,0.00,0.00,0.00,694.50,0.00,694.50,26047.50,140.20,0,0,0,0.00,0,F1,60,,,,,
2026-04-13,2026-04-13,FO,NSE,IDO,77320,,FINNIFTY,,2026-06-30,2026-06-30,22300.00,PE,FINNIFTY26JUN22300PE,0.00,0.00,0.00,327.65,0.00,327.65,26047.50,47.25,0,0,0,0.00,0,F1,60,,,,,
2026-04-13,2026-04-13,FO,NSE,IDO,77312,,FINNIFTY,,2026-06-30,2026-06-30,21900.00,PE,FINNIFTY26JUN21900PE,0.00,0.00,0.00,236.80,0.00,236.80,26047.50,29.95,0,0,0,0.00,0,F1,60,,,,,
2026-04-13,2026-04-13,FO,NSE,IDO,69783,,FINNIFTY,,2026-05-26,2026-05-26,30000.00,PE,FINNIFTY26MAY30000PE,0.00,0.00,0.00,1681.75,0.00,1681.75,26047.50,3763.45,0,0,0,0.00,0,F1,60,,,,,
2026-04-13,2026-04-13,FO,NSE,IDO,69781,,FINNIFTY,,2026-05-26,2026-05-26,29900.00,PE,FINNIFTY26MAY29900PE,0.00,0.00,0.00,1612.85,0.00,1612.85,26047.50,3667.70,0,0,0,0.00,0,F1,60,,,,,
2026-04-13,2026-04-13,FO,NSE,IDO,69779,,FINNIFTY,,2026-05-26,2026-05-26,29800.00,PE,FINNIFTY26MAY29800PE,0.00,0.00,0.00,1545.35,0.00,1545.35,26047.50,3572.35,0,0,0,0.00,0,F1,60,,,,,
2026-04-13,2026-04-13,FO,NSE,IDO,69769,,FINNIFTY,,2026-05-26,2026-05-26,29400.00,PE,FINNIFTY26MAY29400PE,0.00,0.00,0.00,1289.80,0.00,1289.80,26047.50,3195.15,0,0,0,0.00,0,F1,60,,,,,
2026-04-13,2026-04-13,FO,NSE,IDO,69566,,FINNIFTY,,2026-05-26,2026-05-26,25200.00,PE,FINNIFTY26MAY25200PE,0.00,0.00,0.00,51.95,0.00,51.95,26047.50,354.50,0,0,0,0.00,0,F1,60,,,,,
2026-04-13,2026-04-13,FO,NSE,IDO,69536,,FINNIFTY,,2026-05-26,2026-05-26,23700.00,PE,FINNIFTY26MAY23700PE,0.00,0.00,0.00,7.10,0.00,7.10,26047.50,74.35,0,0,0,0.00,0,F1,60,,,,,
2026-04-13,2026-04-13,FO,NSE,IDO,69522,,FINNIFTY,,2026-05-26,2026-05-26,23000.00,PE,FINNIFTY26MAY23000PE,0.00,0.00,0.00,2.30,0.00,2.30,26047.50,28.85,0,0,0,0.00,0,F1,60,,,,,
2026-04-13,2026-04-13,FO,NSE,IDO,70254,,FINNIFTY,,2026-04-28,2026-04-28,29200.00,PE,FINNIFTY26APR29200PE,0.00,0.00,0.00,1986.70,0.00,1986.70,26047.50,3085.10,0,0,0,0.00,0,F1,60,,,,,
2026-04-13,2026-04-13,FO,NSE,IDO,69714,,FINNIFTY,,2026-04-28,2026-04-28,23100.00,CE,FINNIFTY26APR23100CE,0.00,0.00,0.00,4322.80,0.00,4322.80,26047.50,3003.50,0,0,0,0.00,0,F1,60,,,,,
2026-04-13,2026-04-13,FO,NSE,IDO,76613,,FINNIFTY,,2026-04-28,2026-04-28,21450.00,CE,FINNIFTY26APR21450CE,0.00,0.00,0.00,2212.65,0.00,2212.65,26047.50,4648.70,0,0,0,0.00,0,F1,60,,,,,
2026-04-13,2026-04-13,FO,NSE,IDO,69691,,FINNIFTY,,2026-05-26,2026-05-26,27900.00,CE,FINNIFTY26MAY27900CE,0.00,0.00,0.00,1412.40,0.00,1412.40,26047.50,233.50,0,0,0,0.00,0,F1,60,,,,,
2026-04-13,2026-04-13,FO,NSE,IDO,70071,,FINNIFTY,,2026-04-28,2026-04-28,27100.00,PE,FINNIFTY26APR27100PE,0.00,0.00,0.00,688.40,0.00,688.40,26047.50,1118.85,0,0,0,0.00,0,F1,60,,,,,
2026-04-13,2026-04-13,FO,NSE,IDO,77023,,FINNIFTY,,2026-04-28,2026-04-28,26850.00,PE,FINNIFTY26APR26850PE,0.00,0.00,0.00,3184.20,0.00,3184.20,26047.50,925.10,0,0,0,0.00,0,F1,60,,,,,
2026-04-13,2026-04-13,FO,NSE,IDO,77000,,FINNIFTY,,2026-04-28,2026-04-28,26450.00,PE,FINNIFTY26APR26450PE,0.00,0.00,0.00,2792.90,0.00,2792.90,26047.50,651.55,0,0,0,0.00,0,F1,60,,,,,
2026-04-13,2026-04-13,FO,NSE,IDO,69791,,FINNIFTY,,2026-04-28,2026-04-28,25400.00,PE,FINNIFTY26APR25400PE,307.85,307.85,272.60,274.60,278.00,388.35,26047.50,274.60,780,60,6,9245214.00,6,F1,60,,,,,
2026-04-13,2026-04-13,FO,NSE,IDO,76813,,FINNIFTY,,2026-04-28,2026-04-28,24850.00,PE,FINNIFTY26APR24850PE,0.00,0.00,0.00,1331.75,0.00,1331.75,26047.50,74.50,0,0,0,0.00,0,F1,60,,,,,
2026-04-13,2026-04-13,FO,NSE,IDO,69747,,FINNIFTY,,2026-04-28,2026-04-28,24700.00,PE,FINNIFTY26APR24700PE,0.00,0.00,0.00,1325.00,1325.00,1325.00,26047.50,56.15,660,0,0,0.00,0,F1,60,,,,,
2026-04-13,2026-04-13,FO,NSE,IDO,76787,,FINNIFTY,,2026-04-28,2026-04-28,24250.00,PE,FINNIFTY26APR24250PE,0.00,0.00,0.00,882.30,0.00,882.30,26047.50,21.85,0,0,0,0.00,0,F1,60,,,,,
2026-04-13,2026-04-13,FO,NSE,IDO,69715,,FINNIFTY,,2026-04-28,2026-04-28,23100.00,PE,FINNIFTY26APR23100PE,0.00,0.00,0.00,11.05,0.00,11.05,26047.50,0.95,0,0,0,0.00,0,F1,60,,,,,
2026-04-13,2026-04-13,FO,NSE,IDO,69427,,FINNIFTY,,2026-04-28,2026-04-28,21200.00,PE,FINNIFTY26APR21200PE,0.00,0.00,0.00,0.35,0.00,0.35,26047.50,0.00,0,0,0,0.00,0,F1,60,,,,,
2026-04-13,2026-04-13,FO,NSE,IDO,77627,,FINNIFTY,,2026-06-30,2026-06-30,28300.00,CE,FINNIFTY26JUN28300CE,0.00,0.00,0.00,54.30,0.00,54.30,26047.50,395.65,0,0,0,0.00,0,F1,60,,,,,
2026-04-13,2026-04-13,FO,NSE,IDO,70054,,FINNIFTY,,2026-04-28,2026-04-28,26700.00,CE,FINNIFTY26APR26700CE,224.20,241.60,209.85,241.60,241.60,257.35,26047.50,228.10,1080,-840,23,37165146.00,9,F1,60,,,,,
2026-04-13,2026-04-13,FO,NSE,IDO,77450,,FINNIFTY,,2026-06-30,2026-06-30,23000.00,PE,FINNIFTY26JUN23000PE,0.00,0.00,0.00,538.85,0.00,538.85,26047.50,96.90,0,0,0,0.00,0,F1,60,,,,,
2026-04-13,2026-04-13,FO,NSE,IDO,77469,,FINNIFTY,,2026-06-30,2026-06-30,23600.00,PE,FINNIFTY26JUN23600PE,0.00,0.00,0.00,782.05,0.00,782.05,26047.50,166.90,0,0,0,0.00,0,F1,60,,,,,
2026-04-13,2026-04-13,FO,NSE,IDO,77477,,FINNIFTY,,2026-06-30,2026-06-30,24000.00,PE,FINNIFTY26JUN24000PE,0.00,0.00,0.00,976.55,0.00,976.55,26047.50,231.85,0,0,0,0.00,0,F1,60,,,,,
2026-04-13,2026-04-13,FO,NSE,IDO,77505,,FINNIFTY,,2026-06-30,2026-06-30,25400.00,PE,FINNIFTY26JUN25400PE,0.00,0.00,0.00,1851.40,0.00,1851.40,26047.50,609.10,0,0,0,0.00,0,F1,60,,,,,
2026-04-13,2026-04-13,FO,NSE,IDO,77624,,FINNIFTY,,2026-06-30,2026-06-30,28100.00,PE,FINNIFTY26JUN28100PE,0.00,0.00,0.00,4138.70,0.00,4138.70,26047.50,2123.05,0,0,0,0.00,0,F1,60,,,,,
2026-04-13,2026-04-13,FO,NSE,IDO,70140,,FINNIFTY,,2026-04-28,2026-04-28,28000.00,CE,FINNIFTY26APR28000CE,18.10,31.00,12.95,27.55,26.05,33.60,26047.50,27.55,22260,4440,329,553210842.00,189,F1,60,,,,,
2026-04-13,2026-04-13,FO,NSE,IDO,38686,,FINNIFTY,,2026-04-28,2026-04-28,28150.00,CE,FINNIFTY26APR28150CE,22.65,27.25,18.00,25.70,25.70,27.25,26047.50,21.85,540,480,51,86207979.00,12,F1,60,,,,,
2026-04-13,2026-04-13,FO,NSE,IDO,70279,,FINNIFTY,,2026-04-28,2026-04-28,30500.00,CE,FINNIFTY26APR30500CE,2.85,2.85,2.75,2.75,2.75,2.85,26047.50,0.10,4320,0,4,7320678.00,2,F1,60,,,,,
2026-04-13,2026-04-13,FO,NSE,IDO,69501,,FINNIFTY,,2026-05-26,2026-05-26,21000.00,CE,FINNIFTY26MAY21000CE,0.00,0.00,0.00,7640.95,0.00,7640.95,26047.50,5202.05,0,0,0,0.00,0,F1,60,,,,,
2026-04-13,2026-04-13,FO,NSE,IDO,38355,,FINNIFTY,,2026-05-26,2026-05-26,22200.00,CE,FINNIFTY26MAY22200CE,0.00,0.00,0.00,6020.25,0.00,6020.25,26047.50,4018.10,0,0,0,0.00,0,F1,60,,,,,
2026-04-13,2026-04-13,FO,NSE,IDO,69509,,FINNIFTY,,2026-05-26,2026-05-26,22400.00,CE,FINNIFTY26MAY22400CE,0.00,0.00,0.00,6264.75,0.00,6264.75,26047.50,3822.85,0,0,0,0.00,0,F1,60,,,,,
2026-04-13,2026-04-13,FO,NSE,IDO,69545,,FINNIFTY,,2026-05-26,2026-05-26,24200.00,CE,FINNIFTY26MAY24200CE,0.00,0.00,0.00,4508.30,0.00,4508.30,26047.50,2158.35,0,0,0,0.00,0,F1,60,,,,,
2026-04-13,2026-04-13,FO,NSE,IDO,69655,,FINNIFTY,,2026-05-26,2026-05-26,26100.00,CE,FINNIFTY26MAY26100CE,0.00,0.00,0.00,2758.10,0.00,2758.10,26047.50,846.65,0,0,0,0.00,0,F1,60,,,,,
2026-04-13,2026-04-13,FO,NSE,IDO,69657,,FINNIFTY,,2026-05-26,2026-05-26,26200.00,CE,FINNIFTY26MAY26200CE,0.00,0.00,0.00,2672.95,0.00,2672.95,26047.50,796.60,0,0,0,0.00,0,F1,60,,,,,
2026-04-13,2026-04-13,FO,NSE,IDO,69671,,FINNIFTY,,2026-05-26,2026-05-26,26900.00,CE,FINNIFTY26MAY26900CE,0.00,0.00,0.00,2107.30,0.00,2107.30,26047.50,502.35,0,0,0,0.00,0,F1,60,,,,,
2026-04-13,2026-04-13,FO,NSE,IDO,69778,,FINNIFTY,,2026-05-26,2026-05-26,29800.00,CE,FINNIFTY26MAY29800CE,0.00,0.00,0.00,531.15,0.00,531.15,26047.50,38.10,0,0,0,0.00,0,F1,60,,,,,
2026-04-13,2026-04-13,FO,NSE,IDO,77305,,FINNIFTY,,2026-06-30,2026-06-30,21600.00,CE,FINNIFTY26JUN21600CE,0.00,0.00,0.00,2491.20,0.00,2491.20,26047.50,4754.40,0,0,0,0.00,0,F1,60,,,,,
2026-04-13,2026-04-13,FO,NSE,IDO,77319,,FINNIFTY,,2026-06-30,2026-06-30,22300.00,CE,FINNIFTY26JUN22300CE,0.00,0.00,0.00,1948.90,0.00,1948.90,26047.50,4090.10,0,0,0,0.00,0,F1,60,,,,,
2026-04-13,2026-04-13,FO,NSE,IDO,77325,,FINNIFTY,,2026-06-30,2026-06-30,22600.00,CE,FINNIFTY26JUN22600CE,0.00,0.00,0.00,1735.10,0.00,1735.10,26047.50,3811.90,0,0,0,0.00,0,F1,60,,,,,
2026-04-13,2026-04-13,FO,NSE,IDO,77460,,FINNIFTY,,2026-06-30,2026-06-30,23300.00,CE,FINNIFTY26JUN23300CE,0.00,0.00,0.00,1292.35,0.00,1292.35,26047.50,3184.30,0,0,0,0.00,0,F1,60,,,,,
2026-04-13,2026-04-13,FO,NSE,IDO,77466,,FINNIFTY,,2026-06-30,2026-06-30,23600.00,CE,FINNIFTY26JUN23600CE,0.00,0.00,0.00,1126.60,0.00,1126.60,26047.50,2927.00,0,0,0,0.00,0,F1,60,,,,,
2026-04-13,2026-04-13,FO,NSE,IDO,77488,,FINNIFTY,,2026-06-30,2026-06-30,24600.00,CE,FINNIFTY26JUN24600CE,0.00,0.00,0.00,678.65,0.00,678.65,26047.50,2136.85,0,0,0,0.00,0,F1,60,,,,,
2026-04-13,2026-04-13,FO,NSE,IDO,77494,,FINNIFTY,,2026-06-30,2026-06-30,24900.00,CE,FINNIFTY26JUN24900CE,0.00,0.00,0.00,574.30,0.00,574.30,26047.50,1921.70,0,0,0,0.00,0,F1,60,,,,,
2026-04-13,2026-04-13,FO,NSE,IDO,77504,,FINNIFTY,,2026-06-30,2026-06-30,25400.00,CE,FINNIFTY26JUN25400CE,0.00,0.00,0.00,428.20,0.00,428.20,26047.50,1593.05,0,0,0,0.00,0,F1,60,,,,,
2026-04-13,2026-04-13,FO,NSE,IDO,77506,,FINNIFTY,,2026-06-30,2026-06-30,25500.00,CE,FINNIFTY26JUN25500CE,0.00,0.00,0.00,403.90,0.00,403.90,26047.50,1531.60,0,0,0,0.00,0,F1,60,,,,,
2026-04-13,2026-04-13,FO,NSE,IDO,77541,,FINNIFTY,,2026-06-30,2026-06-30,27000.00,CE,FINNIFTY26JUN27000CE,0.00,0.00,0.00,147.90,0.00,147.90,26047.50,787.70,0,0,0,0.00,0,F1,60,,,,,
2026-04-13,2026-04-13,FO,NSE,IDO,77555,,FINNIFTY,,2026-06-30,2026-06-30,27300.00,CE,FINNIFTY26JUN27300CE,0.00,0.00,0.00,118.60,0.00,118.60,26047.50,677.85,0,0,0,0.00,0,F1,60,,,,,
2026-04-13,2026-04-13,FO,NSE,IDO,69423,,FINNIFTY,,2026-04-28,2026-04-28,21100.00,PE,FINNIFTY26APR21100PE,0.00,0.00,0.00,17.55,17.35,17.55,26047.50,0.00,60,0,0,0.00,0,F1,60,,,,,
2026-04-13,2026-04-13,FO,NSE,IDO,76612,,FINNIFTY,,2026-04-28,2026-04-28,21350.00,PE,FINNIFTY26APR21350PE,0.00,0.00,0.00,17.10,0.00,17.10,26047.50,0.00,0,0,0,0.00,0,F1,60,,,,,
2026-04-13,2026-04-13,FO,NSE,IDO,69451,,FINNIFTY,,2026-04-28,2026-04-28,21800.00,PE,FINNIFTY26APR21800PE,0.00,0.00,0.00,1.15,0.00,1.15,26047.50,0.05,0,0,0,0.00,0,F1,60,,,,,
2026-04-13,2026-04-13,FO,NSE,IDO,69455,,FINNIFTY,,2026-04-28,2026-04-28,22000.00,PE,FINNIFTY26APR22000PE,40.00,40.00,18.95,19.80,19.10,20.00,26047.50,19.80,9480,4680,150,198212004.00,75,F1,60,,,,,
2026-04-13,2026-04-13,FO,NSE,IDO,76709,,FINNIFTY,,2026-04-28,2026-04-28,22350.00,PE,FINNIFTY26APR22350PE,0.00,0.00,0.00,105.85,0.00,105.85,26047.50,0.10,0,0,0,0.00,0,F1,60,,,,,
2026-04-13,2026-04-13,FO,NSE,IDO,76713,,FINNIFTY,,2026-04-28,2026-04-28,22550.00,PE,FINNIFTY26APR22550PE,0.00,0.00,0.00,142.50,0.00,142.50,26047.50,0.15,0,0,0,0.00,0,F1,60,,,,,
2026-04-13,2026-04-13,FO,NSE,IDO,69635,,FINNIFTY,,2026-04-28,2026-04-28,22600.00,PE,FINNIFTY26APR22600PE,0.00,0.00,0.00,4.95,0.00,4.95,26047.50,0.20,0,0,0,0.00,0,F1,60,,,,,
2026-04-13,2026-04-13,FO,NSE,IDO,69713,,FINNIFTY,,2026-04-28,2026-04-28,23000.00,PE,FINNIFTY26APR23000PE,58.00,74.60,37.35,40.05,38.50,37.35,26047.50,40.05,17040,3840,343,474537390.00,203,F1,60,,,,,
2026-04-13,2026-04-13,FO,NSE,IDO,69719,,FINNIFTY,,2026-04-28,2026-04-28,23300.00,PE,FINNIFTY26APR23300PE,0.00,0.00,0.00,14.90,0.00,14.90,26047.50,1.75,0,0,0,0.00,0,F1,60,,,,,
2026-04-13,2026-04-13,FO,NSE,IDO,76772,,FINNIFTY,,2026-04-28,2026-04-28,23850.00,PE,FINNIFTY26APR23850PE,0.00,0.00,0.00,633.20,0.00,633.20,26047.50,8.25,0,0,0,0.00,0,F1,60,,,,,
2026-04-13,2026-04-13,FO,NSE,IDO,76801,,FINNIFTY,,2026-04-28,2026-04-28,24650.00,PE,FINNIFTY26APR24650PE,202.60,202.60,123.00,151.35,149.75,119.20,26047.50,151.35,960,300,65,96702702.00,43,F1,60,,,,,
2026-04-13,2026-04-13,FO,NSE,IDO,76939,,FINNIFTY,,2026-04-28,2026-04-28,25650.00,PE,FINNIFTY26APR25650PE,359.65,359.65,359.65,359.65,359.65,471.75,26047.50,262.20,480,0,1,1560579.00,1,F1,60,,,,,
2026-04-13,2026-04-13,FO,NSE,IDO,69830,,FINNIFTY,,2026-04-28,2026-04-28,25700.00,PE,FINNIFTY26APR25700PE,450.00,558.30,335.35,365.30,369.40,299.05,26047.50,365.30,3780,2100,334,524389356.00,257,F1,60,,,,,
2026-04-13,2026-04-13,FO,NSE,IDO,76947,,FINNIFTY,,2026-04-28,2026-04-28,25750.00,PE,FINNIFTY26APR25750PE,540.70,540.75,417.30,417.30,417.30,2124.20,26047.50,298.95,960,960,27,42554733.00,21,F1,60,,,,,
2026-04-13,2026-04-13,FO,NSE,IDO,70048,,FINNIFTY,,2026-04-28,2026-04-28,26500.00,PE,FINNIFTY26APR26500PE,780.00,780.00,670.70,697.05,699.00,577.95,26047.50,697.05,720,60,12,19595154.00,12,F1,60,,,,,
2026-04-13,2026-04-13,FO,NSE,IDO,70060,,FINNIFTY,,2026-04-28,2026-04-28,26900.00,PE,FINNIFTY26APR26900PE,0.00,0.00,0.00,603.85,0.00,603.85,26047.50,963.75,0,0,0,0.00,0,F1,60,,,,,
2026-04-13,2026-04-13,FO,NSE,IDO,70063,,FINNIFTY,,2026-04-28,2026-04-28,27000.00,PE,FINNIFTY26APR27000PE,0.00,0.00,0.00,3190.00,3190.00,3190.00,26047.50,1039.55,1260,0,0,0.00,0,F1,60,,,,,
2026-04-13,2026-04-13,FO,NSE,IDO,70130,,FINNIFTY,,2026-04-28,2026-04-28,27500.00,PE,FINNIFTY26APR27500PE,0.00,0.00,0.00,3650.00,3650.00,3650.00,26047.50,1457.05,360,0,0,0.00,0,F1,60,,,,,
2026-04-13,2026-04-13,FO,NSE,IDO,69454,,FINNIFTY,,2026-04-28,2026-04-28,22000.00,CE,FINNIFTY26APR22000CE,0.00,0.00,0.00,5396.60,0.00,5396.60,26047.50,4100.00,0,0,0,0.00,0,F1,60,,,,,
2026-04-13,2026-04-13,FO,NSE,IDO,76716,,FINNIFTY,,2026-04-28,2026-04-28,22750.00,CE,FINNIFTY26APR22750CE,0.00,0.00,0.00,1086.85,0.00,1086.85,26047.50,3352.05,0,0,0,0.00,0,F1,60,,,,,
2026-04-13,2026-04-13,FO,NSE,IDO,35063,,FINNIFTY,,2026-04-28,2026-04-28,27650.00,PE,FINNIFTY26APR27650PE,0.00,0.00,0.00,3522.50,0.00,3522.50,26047.50,1591.05,0,0,0,0.00,0,F1,60,,,,,
2026-04-13,2026-04-13,FO,NSE,IDO,70134,,FINNIFTY,,2026-04-28,2026-04-28,27700.00,PE,FINNIFTY26APR27700PE,0.00,0.00,0.00,984.70,0.00,984.70,26047.50,1636.40,0,0,0,0.00,0,F1,60,,,,,
2026-04-13,2026-04-13,FO,NSE,IDO,35065,,FINNIFTY,,2026-04-28,2026-04-28,27750.00,PE,FINNIFTY26APR27750PE,0.00,0.00,0.00,3621.40,0.00,3621.40,26047.50,1682.10,0,0,0,0.00,0,F1,60,,,,,
2026-04-13,2026-04-13,FO,NSE,IDO,70153,,FINNIFTY,,2026-04-28,2026-04-28,28000.00,PE,FINNIFTY26APR28000PE,0.00,0.00,0.00,4140.00,4140.00,4140.00,26047.50,1914.80,60,0,0,0.00,0,F1,60,,,,,
2026-04-13,2026-04-13,FO,NSE,IDO,70274,,FINNIFTY,,2026-04-28,2026-04-28,30200.00,PE,FINNIFTY26APR30200PE,0.00,0.00,0.00,2814.85,0.00,2814.85,26047.50,4080.65,0,0,0,0.00,0,F1,60,,,,,
2026-04-13,2026-04-13,FO,NSE,IDO,70319,,FINNIFTY,,2026-04-28,2026-04-28,31500.00,PE,FINNIFTY26APR31500PE,0.00,0.00,0.00,4002.60,0.00,4002.60,26047.50,5377.40,0,0,0,0.00,0,F1,60,,,,,
2026-04-13,2026-04-13,FO,NSE,IDO,38352,,FINNIFTY,,2026-05-26,2026-05-26,22100.00,PE,FINNIFTY26MAY22100PE,0.00,0.00,0.00,0.60,0.00,0.60,26047.50,6.70,0,0,0,0.00,0,F1,60,,,,,
2026-04-13,2026-04-13,FO,NSE,IDO,69544,,FINNIFTY,,2026-05-26,2026-05-26,24100.00,PE,FINNIFTY26MAY24100PE,0.00,0.00,0.00,12.80,0.00,12.80,26047.50,119.50,0,0,0,0.00,0,F1,60,,,,,
2026-04-13,2026-04-13,FO,NSE,IDO,69546,,FINNIFTY,,2026-05-26,2026-05-26,24200.00,PE,FINNIFTY26MAY24200PE,0.00,0.00,0.00,14.70,0.00,14.70,26047.50,133.60,0,0,0,0.00,0,F1,60,,,,,
2026-04-13,2026-04-13,FO,NSE,IDO,69652,,FINNIFTY,,2026-05-26,2026-05-26,25900.00,PE,FINNIFTY26MAY25900PE,0.00,0.00,0.00,109.65,0.00,109.65,26047.50,615.45,0,0,0,0.00,0,F1,60,,,,,
2026-04-13,2026-04-13,FO,NSE,IDO,69700,,FINNIFTY,,2026-05-26,2026-05-26,28300.00,PE,FINNIFTY26MAY28300PE,0.00,0.00,0.00,717.05,0.00,717.05,26047.50,2210.95,0,0,0,0.00,0,F1,60,,,,,
2026-04-13,2026-04-13,FO,NSE,IDO,69702,,FINNIFTY,,2026-05-26,2026-05-26,28400.00,PE,FINNIFTY26MAY28400PE,0.00,0.00,0.00,760.95,0.00,760.95,26047.50,2296.10,0,0,0,0.00,0,F1,60,,,,,
2026-04-13,2026-04-13,FO,NSE,IDO,69785,,FINNIFTY,,2026-05-26,2026-05-26,30100.00,PE,FINNIFTY26MAY30100PE,0.00,0.00,0.00,1752.05,0.00,1752.05,26047.50,3859.50,0,0,0,0.00,0,F1,60,,,,,
2026-04-13,2026-04-13,FO,NSE,IDO,69787,,FINNIFTY,,2026-05-26,2026-05-26,30200.00,PE,FINNIFTY26MAY30200PE,0.00,0.00,0.00,1823.60,0.00,1823.60,26047.50,3955.85,0,0,0,0.00,0,F1,60,,,,,
2026-04-13,2026-04-13,FO,NSE,IDO,77300,,FINNIFTY,,2026-06-30,2026-06-30,21300.00,PE,FINNIFTY26JUN21300PE,0.00,0.00,0.00,138.25,0.00,138.25,26047.50,14.15,0,0,0,0.00,0,F1,60,,,,,
2026-04-13,2026-04-13,FO,NSE,IDO,77302,,FINNIFTY,,2026-06-30,2026-06-30,21400.00,PE,FINNIFTY26JUN21400PE,0.00,0.00,0.00,151.95,0.00,151.95,26047.50,16.15,0,0,0,0.00,0,F1,60,,,,,
2026-04-13,2026-04-13,FO,NSE,IDO,69758,,FINNIFTY,,2026-04-28,2026-04-28,25200.00,CE,FINNIFTY26APR25200CE,0.00,0.00,0.00,2394.15,0.00,2394.15,26047.50,1043.20,0,0,0,0.00,0,F1,60,,,,,
2026-04-13,2026-04-13,FO,NSE,IDO,76971,,FINNIFTY,,2026-04-28,2026-04-28,25850.00,CE,FINNIFTY26APR25850CE,555.65,630.05,534.20,630.05,630.05,752.10,26047.50,598.20,240,60,6,9512142.00,6,F1,60,,,,,
2026-04-13,2026-04-13,FO,NSE,IDF,66069,,FINNIFTY,,2026-05-26,2026-05-26,,,FINNIFTY26MAYFUT,26000.00,26300.00,26000.00,26230.20,26195.30,26392.60,26047.50,26230.20,1260,60,6,9429150.00,6,F1,60,,,,,
2026-04-13,2026-04-13,FO,NSE,IDO,69833,,FINNIFTY,,2026-04-28,2026-04-28,25900.00,CE,FINNIFTY26APR25900CE,300.15,689.20,300.15,633.85,625.00,736.10,26047.50,633.85,3720,2160,222,352304055.00,185,F1,60,,,,,
2026-04-13,2026-04-13,FO,NSE,IDO,76979,,FINNIFTY,,2026-04-28,2026-04-28,25950.00,CE,FINNIFTY26APR25950CE,556.00,650.00,551.35,647.60,647.60,659.60,26047.50,542.00,240,120,24,38224596.00,22,F1,60,,,,,
2026-04-13,2026-04-13,FO,NSE,IDO,77012,,FINNIFTY,,2026-04-28,2026-04-28,26650.00,CE,FINNIFTY26APR26650CE,129.50,163.55,129.50,162.25,162.25,196.50,26047.50,243.40,540,-120,18,28943634.00,14,F1,60,,,,,
2026-04-13,2026-04-13,FO,NSE,IDO,69767,,FINNIFTY,,2026-05-26,2026-05-26,29300.00,PE,FINNIFTY26MAY29300PE,0.00,0.00,0.00,1229.70,0.00,1229.70,26047.50,3102.10,0,0,0,0.00,0,F1,60,,,,,
2026-04-13,2026-04-13,FO,NSE,IDO,69676,,FINNIFTY,,2026-05-26,2026-05-26,27100.00,PE,FINNIFTY26MAY27100PE,0.00,0.00,0.00,315.45,0.00,315.45,26047.50,1289.35,0,0,0,0.00,0,F1,60,,,,,
2026-04-13,2026-04-13,FO,NSE,IDO,69642,,FINNIFTY,,2026-05-26,2026-05-26,25400.00,PE,FINNIFTY26MAY25400PE,0.00,0.00,0.00,65.00,0.00,65.00,26047.50,419.30,0,0,0,0.00,0,F1,60,,,,,
2026-04-13,2026-04-13,FO,NSE,IDO,38350,,FINNIFTY,,2026-05-26,2026-05-26,21900.00,PE,FINNIFTY26MAY21900PE,0.00,0.00,0.00,0.40,0.00,0.40,26047.50,4.65,0,0,0,0.00,0,F1,60,,,,,
2026-04-13,2026-04-13,FO,NSE,IDO,70278,,FINNIFTY,,2026-04-28,2026-04-28,30400.00,PE,FINNIFTY26APR30400PE,0.00,0.00,0.00,2991.15,0.00,2991.15,26047.50,4280.10,0,0,0,0.00,0,F1,60,,,,,
2026-04-13,2026-04-13,FO,NSE,IDO,70262,,FINNIFTY,,2026-04-28,2026-04-28,29600.00,PE,FINNIFTY26APR29600PE,0.00,0.00,0.00,2305.95,0.00,2305.95,26047.50,3482.75,0,0,0,0.00,0,F1,60,,,,,
2026-04-13,2026-04-13,FO,NSE,IDO,70193,,FINNIFTY,,2026-04-28,2026-04-28,28600.00,PE,FINNIFTY26APR28600PE,0.00,0.00,0.00,1544.90,0.00,1544.90,26047.50,2493.00,0,0,0,0.00,0,F1,60,,,,,
2026-04-13,2026-04-13,FO,NSE,IDO,38695,,FINNIFTY,,2026-04-28,2026-04-28,28350.00,PE,FINNIFTY26APR28350PE,0.00,0.00,0.00,3645.50,0.00,3645.50,26047.50,2249.55,0,0,0,0.00,0,F1,60,,,,,
2026-04-13,2026-04-13,FO,NSE,IDF,62327,,FINNIFTY,,2026-06-30,2026-06-30,,,FINNIFTY26JUNFUT,0.00,0.00,0.00,23950.80,0.00,23950.80,26047.50,26397.20,0,0,0,0.00,0,F1,60,,,,,
2026-04-13,2026-04-13,FO,NSE,IDO,69424,,FINNIFTY,,2026-04-28,2026-04-28,21200.00,CE,FINNIFTY26APR21200CE,0.00,0.00,0.00,6183.00,0.00,6183.00,26047.50,4898.10,0,0,0,0.00,0,F1,60,,,,,
2026-04-13,2026-04-13,FO,NSE,IDO,76607,,FINNIFTY,,2026-04-28,2026-04-28,21250.00,CE,FINNIFTY26APR21250CE,0.00,0.00,0.00,2404.25,0.00,2404.25,26047.50,4848.20,0,0,0,0.00,0,F1,60,,,,,
2026-04-13,2026-04-13,FO,NSE,IDO,76626,,FINNIFTY,,2026-04-28,2026-04-28,21650.00,CE,FINNIFTY26APR21650CE,0.00,0.00,0.00,2024.15,0.00,2024.15,26047.50,4449.15,0,0,0,0.00,0,F1,60,,,,,
2026-04-13,2026-04-13,FO,NSE,IDO,69636,,FINNIFTY,,2026-04-28,2026-04-28,22700.00,CE,FINNIFTY26APR22700CE,0.00,0.00,0.00,4711.45,0.00,4711.45,26047.50,3401.90,0,0,0,0.00,0,F1,60,,,,,
2026-04-13,2026-04-13,FO,NSE,IDO,76741,,FINNIFTY,,2026-04-28,2026-04-28,23150.00,CE,FINNIFTY26APR23150CE,0.00,0.00,0.00,810.60,0.00,810.60,26047.50,2953.80,0,0,0,0.00,0,F1,60,,,,,
2026-04-13,2026-04-13,FO,NSE,IDO,69722,,FINNIFTY,,2026-04-28,2026-04-28,23500.00,CE,FINNIFTY26APR23500CE,0.00,0.00,0.00,3937.80,0.00,3937.80,26047.50,2606.70,0,0,0,0.00,0,F1,60,,,,,
2026-04-13,2026-04-13,FO,NSE,IDO,69724,,FINNIFTY,,2026-04-28,2026-04-28,23600.00,CE,FINNIFTY26APR23600CE,0.00,0.00,0.00,3842.30,0.00,3842.30,26047.50,2508.00,0,0,0,0.00,0,F1,60,,,,,
2026-04-13,2026-04-13,FO,NSE,IDO,76816,,FINNIFTY,,2026-04-28,2026-04-28,24950.00,CE,FINNIFTY26APR24950CE,0.00,0.00,0.00,125.05,0.00,125.05,26047.50,1246.10,0,0,0,0.00,0,F1,60,,,,,
2026-04-13,2026-04-13,FO,NSE,IDO,69828,,FINNIFTY,,2026-04-28,2026-04-28,25700.00,CE,FINNIFTY26APR25700CE,546.65,804.75,488.00,777.05,774.10,841.70,26047.50,777.05,1740,180,186,293719455.00,161,F1,60,,,,,
2026-04-13,2026-04-13,FO,NSE,IDO,70056,,FINNIFTY,,2026-04-28,2026-04-28,26800.00,CE,FINNIFTY26APR26800CE,126.55,149.35,126.55,149.35,149.35,237.45,26047.50,199.75,960,120,13,21009210.00,7,F1,60,,,,,
2026-04-13,2026-04-13,FO,NSE,IDO,70259,,FINNIFTY,,2026-04-28,2026-04-28,29500.00,CE,FINNIFTY26APR29500CE,5.70,6.65,5.50,5.50,5.50,8.00,26047.50,1.10,1560,420,10,17703393.00,10,F1,60,,,,,
2026-04-13,2026-04-13,FO,NSE,IDO,43652,,FINNIFTY,,2026-05-26,2026-05-26,21200.00,CE,FINNIFTY26MAY21200CE,0.00,0.00,0.00,6145.15,0.00,6145.15,26047.50,5003.90,0,0,0,0.00,0,F1,60,,,,,
2026-04-13,2026-04-13,FO,NSE,IDO,40432,,FINNIFTY,,2026-05-26,2026-05-26,21600.00,CE,FINNIFTY26MAY21600CE,0.00,0.00,0.00,6297.85,0.00,6297.85,26047.50,4608.30,0,0,0,0.00,0,F1,60,,,,,
2026-04-13,2026-04-13,FO,NSE,IDO,69521,,FINNIFTY,,2026-05-26,2026-05-26,23000.00,CE,FINNIFTY26MAY23000CE,0.00,0.00,0.00,5676.15,0.00,5676.15,26047.50,3244.80,0,0,0,0.00,0,F1,60,,,,,
2026-04-13,2026-04-13,FO,NSE,IDO,69529,,FINNIFTY,,2026-05-26,2026-05-26,23400.00,CE,FINNIFTY26MAY23400CE,0.00,0.00,0.00,5284.90,0.00,5284.90,26047.50,2869.40,0,0,0,0.00,0,F1,60,,,,,
2026-04-13,2026-04-13,FO,NSE,IDO,69533,,FINNIFTY,,2026-05-26,2026-05-26,23600.00,CE,FINNIFTY26MAY23600CE,0.00,0.00,0.00,5089.85,0.00,5089.85,26047.50,2685.90,0,0,0,0.00,0,F1,60,,,,,
2026-04-13,2026-04-13,FO,NSE,IDO,69565,,FINNIFTY,,2026-05-26,2026-05-26,25200.00,CE,FINNIFTY26MAY25200CE,0.00,0.00,0.00,3562.00,0.00,3562.00,26047.50,1386.60,0,0,0,0.00,0,F1,60,,,,,
2026-04-13,2026-04-13,FO,NSE,IDO,69567,,FINNIFTY,,2026-05-26,2026-05-26,25300.00,CE,FINNIFTY26MAY25300CE,0.00,0.00,0.00,3469.90,0.00,3469.90,26047.50,1318.80,0,0,0,0.00,0,F1,60,,,,,
2026-04-13,2026-04-13,FO,NSE,IDO,69768,,FINNIFTY,,2026-05-26,2026-05-26,29400.00,CE,FINNIFTY26MAY29400CE,0.00,0.00,0.00,669.05,0.00,669.05,26047.50,58.00,0,0,0,0.00,0,F1,60,,,,,
2026-04-13,2026-04-13,FO,NSE,IDO,77501,,FINNIFTY,,2026-06-30,2026-06-30,25200.00,PE,FINNIFTY26JUN25200PE,0.00,0.00,0.00,1709.45,0.00,1709.45,26047.50,538.95,0,0,0,0.00,0,F1,60,,,,,
2026-04-13,2026-04-13,FO,NSE,IDO,77514,,FINNIFTY,,2026-06-30,2026-06-30,25700.00,PE,FINNIFTY26JUN25700PE,0.00,0.00,0.00,2074.95,0.00,2074.95,26047.50,725.20,0,0,0,0.00,0,F1,60,,,,,
2026-04-13,2026-04-13,FO,NSE,IDO,77522,,FINNIFTY,,2026-06-30,2026-06-30,26100.00,PE,FINNIFTY26JUN26100PE,0.00,0.00,0.00,2386.15,0.00,2386.15,26047.50,900.90,0,0,0,0.00,0,F1,60,,,,,
2026-04-13,2026-04-13,FO,NSE,IDO,76737,,FINNIFTY,,2026-04-28,2026-04-28,22950.00,PE,FINNIFTY26APR22950PE,0.00,0.00,0.00,243.25,0.00,243.25,26047.50,0.55,0,0,0,0.00,0,F1,60,,,,,
2026-04-13,2026-04-13,FO,NSE,IDO,76721,,FINNIFTY,,2026-04-28,2026-04-28,22850.00,PE,FINNIFTY26APR22850PE,0.00,0.00,0.00,214.20,0.00,214.20,26047.50,0.40,0,0,0,0.00,0,F1,60,,,,,
2026-04-13,2026-04-13,FO,NSE,IDO,69461,,FINNIFTY,,2026-04-28,2026-04-28,22300.00,PE,FINNIFTY26APR22300PE,0.00,0.00,0.00,2.95,0.00,2.95,26047.50,0.05,0,0,0,0.00,0,F1,60,,,,,
2026-04-13,2026-04-13,FO,NSE,IDO,76608,,FINNIFTY,,2026-04-28,2026-04-28,21250.00,PE,FINNIFTY26APR21250PE,0.00,0.00,0.00,13.75,0.00,13.75,26047.50,0.00,0,0,0,0.00,0,F1,60,,,,,
2026-04-13,2026-04-13,FO,NSE,IDO,77625,,FINNIFTY,,2026-06-30,2026-06-30,28200.00,CE,FINNIFTY26JUN28200CE,0.00,0.00,0.00,58.90,0.00,58.90,26047.50,418.65,0,0,0,0.00,0,F1,60,,,,,
2026-04-13,2026-04-13,FO,NSE,IDO,77590,,FINNIFTY,,2026-06-30,2026-06-30,27600.00,CE,FINNIFTY26JUN27600CE,0.00,0.00,0.00,94.55,0.00,94.55,26047.50,580.00,0,0,0,0.00,0,F1,60,,,,,
2026-04-13,2026-04-13,FO,NSE,IDO,77549,,FINNIFTY,,2026-06-30,2026-06-30,27200.00,CE,FINNIFTY26JUN27200CE,0.00,0.00,0.00,127.75,0.00,127.75,26047.50,713.10,0,0,0,0.00,0,F1,60,,,,,
2026-04-13,2026-04-13,FO,NSE,IDO,77464,,FINNIFTY,,2026-06-30,2026-06-30,23500.00,CE,FINNIFTY26JUN23500CE,0.00,0.00,0.00,1180.20,0.00,1180.20,26047.50,3011.90,0,0,0,0.00,0,F1,60,,,,,
2026-04-13,2026-04-13,FO,NSE,IDO,77321,,FINNIFTY,,2026-06-30,2026-06-30,22400.00,CE,FINNIFTY26JUN22400CE,0.00,0.00,0.00,1876.45,0.00,1876.45,26047.50,3996.85,0,0,0,0.00,0,F1,60,,,,,
2026-04-13,2026-04-13,FO,NSE,IDO,69703,,FINNIFTY,,2026-05-26,2026-05-26,28500.00,CE,FINNIFTY26MAY28500CE,0.00,0.00,0.00,1070.90,0.00,1070.90,26047.50,138.55,0,0,0,0.00,0,F1,60,,,,,
2026-04-13,2026-04-13,FO,NSE,IDO,69669,,FINNIFTY,,2026-05-26,2026-05-26,26800.00,CE,FINNIFTY26MAY26800CE,0.00,0.00,0.00,2184.55,0.00,2184.55,26047.50,538.60,0,0,0,0.00,0,F1,60,,,,,
2026-04-13,2026-04-13,FO,NSE,IDO,69659,,FINNIFTY,,2026-05-26,2026-05-26,26300.00,CE,FINNIFTY26MAY26300CE,0.00,0.00,0.00,2588.80,0.00,2588.80,26047.50,748.65,0,0,0,0.00,0,F1,60,,,,,
2026-04-13,2026-04-13,FO,NSE,IDO,69641,,FINNIFTY,,2026-05-26,2026-05-26,25400.00,CE,FINNIFTY26MAY25400CE,0.00,0.00,0.00,3378.35,0.00,3378.35,26047.50,1252.85,0,0,0,0.00,0,F1,60,,,,,
2026-04-13,2026-04-13,FO,NSE,IDO,69549,,FINNIFTY,,2026-05-26,2026-05-26,24400.00,CE,FINNIFTY26MAY24400CE,0.00,0.00,0.00,4316.20,0.00,4316.20,26047.50,1991.85,0,0,0,0.00,0,F1,60,,,,,
2026-04-13,2026-04-13,FO,NSE,IDO,69513,,FINNIFTY,,2026-05-26,2026-05-26,22600.00,CE,FINNIFTY26MAY22600CE,0.00,0.00,0.00,6068.40,0.00,6068.40,26047.50,3628.65,0,0,0,0.00,0,F1,60,,,,,
2026-04-13,2026-04-13,FO,NSE,IDO,70289,,FINNIFTY,,2026-04-28,2026-04-28,31000.00,CE,FINNIFTY26APR31000CE,7.45,7.45,1.55,2.10,2.50,2.95,26047.50,2.10,8400,2280,87,161832834.00,12,F1,60,,,,,
2026-04-13,2026-04-13,FO,NSE,IDO,70263,,FINNIFTY,,2026-04-28,2026-04-28,29700.00,CE,FINNIFTY26APR29700CE,0.00,0.00,0.00,7.45,7.45,7.45,26047.50,0.65,180,0,0,0.00,0,F1,60,,,,,
2026-04-13,2026-04-13,FO,NSE,IDO,70240,,FINNIFTY,,2026-04-28,2026-04-28,29000.00,CE,FINNIFTY26APR29000CE,9.55,9.55,7.00,7.65,7.70,11.05,26047.50,7.65,5400,1260,32,55694742.00,31,F1,60,,,,,
2026-04-13,2026-04-13,FO,NSE,IDO,40644,,FINNIFTY,,2026-04-28,2026-04-28,28550.00,CE,FINNIFTY26APR28550CE,0.00,0.00,0.00,23.30,0.00,23.30,26047.50,9.70,0,0,0,0.00,0,F1,60,,,,,
2026-04-13,2026-04-13,FO,NSE,IDO,77301,,FINNIFTY,,2026-06-30,2026-06-30,21400.00,CE,FINNIFTY26JUN21400CE,0.00,0.00,0.00,2657.10,0.00,2657.10,26047.50,4947.10,0,0,0,0.00,0,F1,60,,,,,
2026-04-13,2026-04-13,FO,NSE,IDO,77303,,FINNIFTY,,2026-06-30,2026-06-30,21500.00,CE,FINNIFTY26JUN21500CE,0.00,0.00,0.00,2573.60,0.00,2573.60,26047.50,4850.65,0,0,0,0.00,0,F1,60,,,,,
2026-04-13,2026-04-13,FO,NSE,IDO,77632,,FINNIFTY,,2026-06-30,2026-06-30,28500.00,PE,FINNIFTY26JUN28500PE,0.00,0.00,0.00,4513.75,0.00,4513.75,26047.50,2426.50,0,0,0,0.00,0,F1,60,,,,,
2026-04-13,2026-04-13,FO,NSE,IDO,77585,,FINNIFTY,,2026-06-30,2026-06-30,27400.00,PE,FINNIFTY26JUN27400PE,0.00,0.00,0.00,3497.45,0.00,3497.45,26047.50,1633.50,0,0,0,0.00,0,F1,60,,,,,
2026-04-13,2026-04-13,FO,NSE,IDO,69540,,FINNIFTY,,2026-05-26,2026-05-26,23900.00,PE,FINNIFTY26MAY23900PE,0.00,0.00,0.00,9.60,0.00,9.60,26047.50,94.80,0,0,0,0.00,0,F1,60,,,,,
2026-04-13,2026-04-13,FO,NSE,IDO,40433,,FINNIFTY,,2026-05-26,2026-05-26,21600.00,PE,FINNIFTY26MAY21600PE,0.00,0.00,0.00,0.35,0.00,0.35,26047.50,2.60,0,0,0,0.00,0,F1,60,,,,,
2026-04-13,2026-04-13,FO,NSE,IDO,70270,,FINNIFTY,,2026-04-28,2026-04-28,30000.00,PE,FINNIFTY26APR30000PE,0.00,0.00,0.00,2641.70,0.00,2641.70,26047.50,3881.25,0,0,0,0.00,0,F1,60,,,,,
2026-04-13,2026-04-13,FO,NSE,IDO,70268,,FINNIFTY,,2026-04-28,2026-04-28,29900.00,PE,FINNIFTY26APR29900PE,0.00,0.00,0.00,2556.35,0.00,2556.35,26047.50,3781.60,0,0,0,0.00,0,F1,60,,,,,
2026-04-13,2026-04-13,FO,NSE,IDO,35057,,FINNIFTY,,2026-04-28,2026-04-28,27350.00,PE,FINNIFTY26APR27350PE,0.00,0.00,0.00,3226.65,0.00,3226.65,26047.50,1326.65,0,0,0,0.00,0,F1,60,,,,,
2026-04-13,2026-04-13,FO,NSE,IDO,76997,,FINNIFTY,,2026-04-28,2026-04-28,26350.00,PE,FINNIFTY26APR26350PE,0.00,0.00,0.00,520.90,511.80,520.90,26047.50,591.00,600,0,0,0.00,0,F1,60,,,,,
2026-04-13,2026-04-13,FO,NSE,IDO,76972,,FINNIFTY,,2026-04-28,2026-04-28,25850.00,PE,FINNIFTY26APR25850PE,544.40,598.55,486.30,486.30,486.30,543.80,26047.50,339.05,960,120,6,9497994.00,6,F1,60,,,,,
2026-04-13,2026-04-13,FO,NSE,IDO,69819,,FINNIFTY,,2026-04-28,2026-04-28,25600.00,PE,FINNIFTY26APR25600PE,355.30,505.05,330.00,332.10,330.00,219.00,26047.50,332.10,1740,1740,206,321804852.00,150,F1,60,,,,,
2026-04-13,2026-04-13,FO,NSE,IDO,76906,,FINNIFTY,,2026-04-28,2026-04-28,25250.00,PE,FINNIFTY26APR25250PE,0.00,0.00,0.00,1670.50,0.00,1670.50,26047.50,146.80,0,0,0,0.00,0,F1,60,,,,,
2026-04-13,2026-04-13,FO,NSE,IDO,76785,,FINNIFTY,,2026-04-28,2026-04-28,24150.00,PE,FINNIFTY26APR24150PE,0.00,0.00,0.00,815.90,0.00,815.90,26047.50,17.35,0,0,0,0.00,0,F1,60,,,,,
2026-04-13,2026-04-13,FO,NSE,IDO,69639,,FINNIFTY,,2026-04-28,2026-04-28,22800.00,PE,FINNIFTY26APR22800PE,0.00,0.00,0.00,6.90,0.00,6.90,26047.50,0.35,0,0,0,0.00,0,F1,60,,,,,
2026-04-13,2026-04-13,FO,NSE,IDO,76641,,FINNIFTY,,2026-04-28,2026-04-28,21850.00,PE,FINNIFTY26APR21850PE,0.00,0.00,0.00,45.80,0.00,45.80,26047.50,0.05,0,0,0,0.00,0,F1,60,,,,,
2026-04-13,2026-04-13,FO,NSE,IDO,76637,,FINNIFTY,,2026-04-28,2026-04-28,21750.00,PE,FINNIFTY26APR21750PE,0.00,0.00,0.00,38.10,0.00,38.10,26047.50,0.00,0,0,0,0.00,0,F1,60,,,,,
2026-04-13,2026-04-13,FO,NSE,IDO,70251,,FINNIFTY,,2026-04-28,2026-04-28,29100.00,CE,FINNIFTY26APR29100CE,9.00,9.00,9.00,9.00,9.00,9.00,26047.50,2.85,540,0,1,1746540.00,1,F1,60,,,,,
2026-04-13,2026-04-13,FO,NSE,IDO,70261,,FINNIFTY,,2026-04-28,2026-04-28,29600.00,CE,FINNIFTY26APR29600CE,0.00,0.00,0.00,5.15,5.20,5.15,26047.50,0.85,120,0,0,0.00,0,F1,60,,,,,
2026-04-13,2026-04-13,FO,NSE,IDO,70269,,FINNIFTY,,2026-04-28,2026-04-28,30000.00,CE,FINNIFTY26APR30000CE,0.00,0.00,0.00,5.80,5.80,5.80,26047.50,0.30,660,0,0,0.00,0,F1,60,,,,,
2026-04-13,2026-04-13,FO,NSE,IDO,70271,,FINNIFTY,,2026-04-28,2026-04-28,30100.00,CE,FINNIFTY26APR30100CE,0.00,0.00,0.00,146.80,0.00,146.80,26047.50,0.25,0,0,0,0.00,0,F1,60,,,,,
2026-04-13,2026-04-13,FO,NSE,IDO,69559,,FINNIFTY,,2026-05-26,2026-05-26,24900.00,CE,FINNIFTY26MAY24900CE,0.00,0.00,0.00,3841.60,0.00,3841.60,26047.50,1601.30,0,0,0,0.00,0,F1,60,,,,,
2026-04-13,2026-04-13,FO,NSE,IDO,69653,,FINNIFTY,,2026-05-26,2026-05-26,26000.00,CE,FINNIFTY26MAY26000CE,0.00,0.00,0.00,2844.20,0.00,2844.20,26047.50,898.65,0,0,0,0.00,0,F1,60,,,,,
2026-04-13,2026-04-13,FO,NSE,IDO,69748,,FINNIFTY,,2026-04-28,2026-04-28,24800.00,CE,FINNIFTY26APR24800CE,0.00,0.00,0.00,2737.35,0.00,2737.35,26047.50,1374.55,0,0,0,0.00,0,F1,60,,,,,
2026-04-13,2026-04-13,FO,NSE,IDO,76778,,FINNIFTY,,2026-04-28,2026-04-28,24050.00,CE,FINNIFTY26APR24050CE,0.00,0.00,0.00,358.30,0.00,358.30,26047.50,2068.50,0,0,0,0.00,0,F1,60,,,,,
2026-04-13,2026-04-13,FO,NSE,IDO,76738,,FINNIFTY,,2026-04-28,2026-04-28,23050.00,CE,FINNIFTY26APR23050CE,0.00,0.00,0.00,875.50,0.00,875.50,26047.50,3053.25,0,0,0,0.00,0,F1,60,,,,,
2026-04-13,2026-04-13,FO,NSE,IDO,76710,,FINNIFTY,,2026-04-28,2026-04-28,22450.00,CE,FINNIFTY26APR22450CE,0.00,0.00,0.00,1320.30,0.00,1320.30,26047.50,3651.15,0,0,0,0.00,0,F1,60,,,,,
2026-04-13,2026-04-13,FO,NSE,IDO,69462,,FINNIFTY,,2026-04-28,2026-04-28,22400.00,CE,FINNIFTY26APR22400CE,0.00,0.00,0.00,5004.55,0.00,5004.55,26047.50,3701.00,0,0,0,0.00,0,F1,60,,,,,
2026-04-13,2026-04-13,FO,NSE,IDO,69460,,FINNIFTY,,2026-04-28,2026-04-28,22300.00,CE,FINNIFTY26APR22300CE,0.00,0.00,0.00,5102.45,0.00,5102.45,26047.50,3800.75,0,0,0,0.00,0,F1,60,,,,,
2026-04-13,2026-04-13,FO,NSE,IDO,69433,,FINNIFTY,,2026-04-28,2026-04-28,21500.00,CE,FINNIFTY26APR21500CE,0.00,0.00,0.00,5887.90,0.00,5887.90,26047.50,4598.80,0,0,0,0.00,0,F1,60,,,,,
2026-04-13,2026-04-13,FO,NSE,IDO,69740,,FINNIFTY,,2026-04-28,2026-04-28,24400.00,CE,FINNIFTY26APR24400CE,0.00,0.00,0.00,3095.20,0.00,3095.20,26047.50,1736.15,0,0,0,0.00,0,F1,60,,,,,
2026-04-13,2026-04-13,FO,NSE,IDO,69428,,FINNIFTY,,2026-04-28,2026-04-28,21300.00,CE,FINNIFTY26APR21300CE,0.00,0.00,0.00,6084.60,0.00,6084.60,26047.50,4798.30,0,0,0,0.00,0,F1,60,,,,,
2026-04-13,2026-04-13,FO,NSE,IDO,76611,,FINNIFTY,,2026-04-28,2026-04-28,21350.00,CE,FINNIFTY26APR21350CE,0.00,0.00,0.00,2308.10,0.00,2308.10,26047.50,4748.45,0,0,0,0.00,0,F1,60,,,,,
2026-04-13,2026-04-13,FO,NSE,IDO,77630,,FINNIFTY,,2026-06-30,2026-06-30,28400.00,PE,FINNIFTY26JUN28400PE,0.00,0.00,0.00,4419.50,0.00,4419.50,26047.50,2348.90,0,0,0,0.00,0,F1,60,,,,,
2026-04-13,2026-04-13,FO,NSE,IDO,77628,,FINNIFTY,,2026-06-30,2026-06-30,28300.00,PE,FINNIFTY26JUN28300PE,0.00,0.00,0.00,4325.60,0.00,4325.60,26047.50,2273.30,0,0,0,0.00,0,F1,60,,,,,
2026-04-13,2026-04-13,FO,NSE,IDO,77491,,FINNIFTY,,2026-06-30,2026-06-30,24700.00,PE,FINNIFTY26JUN24700PE,0.00,0.00,0.00,1378.15,0.00,1378.15,26047.50,389.40,0,0,0,0.00,0,F1,60,,,,,
2026-04-13,2026-04-13,FO,NSE,IDO,77457,,FINNIFTY,,2026-06-30,2026-06-30,23100.00,PE,FINNIFTY26JUN23100PE,0.00,0.00,0.00,575.35,0.00,575.35,26047.50,106.55,0,0,0,0.00,0,F1,60,,,,,
2026-04-13,2026-04-13,FO,NSE,IDO,77318,,FINNIFTY,,2026-06-30,2026-06-30,22200.00,PE,FINNIFTY26JUN22200PE,0.00,0.00,0.00,302.30,0.00,302.30,26047.50,42.30,0,0,0,0.00,0,F1,60,,,,,
2026-04-13,2026-04-13,FO,NSE,IDO,69708,,FINNIFTY,,2026-05-26,2026-05-26,28700.00,PE,FINNIFTY26MAY28700PE,0.00,0.00,0.00,902.40,0.00,902.40,26047.50,2557.50,0,0,0,0.00,0,F1,60,,,,,
2026-04-13,2026-04-13,FO,NSE,IDO,69672,,FINNIFTY,,2026-05-26,2026-05-26,26900.00,PE,FINNIFTY26MAY26900PE,0.00,0.00,0.00,269.25,0.00,269.25,26047.50,1157.85,0,0,0,0.00,0,F1,60,,,,,
2026-04-13,2026-04-13,FO,NSE,IDO,69660,,FINNIFTY,,2026-05-26,2026-05-26,26300.00,PE,FINNIFTY26MAY26300PE,0.00,0.00,0.00,160.60,0.00,160.60,26047.50,808.50,0,0,0,0.00,0,F1,60,,,,,
2026-04-13,2026-04-13,FO,NSE,IDO,69568,,FINNIFTY,,2026-05-26,2026-05-26,25300.00,PE,FINNIFTY26MAY25300PE,0.00,0.00,0.00,58.15,0.00,58.15,26047.50,385.95,0,0,0,0.00,0,F1,60,,,,,
2026-04-13,2026-04-13,FO,NSE,IDO,69532,,FINNIFTY,,2026-05-26,2026-05-26,23500.00,PE,FINNIFTY26MAY23500PE,0.00,0.00,0.00,5.20,0.00,5.20,26047.50,57.60,0,0,0,0.00,0,F1,60,,,,,
2026-04-13,2026-04-13,FO,NSE,IDO,69528,,FINNIFTY,,2026-05-26,2026-05-26,23300.00,PE,FINNIFTY26MAY23300PE,0.00,0.00,0.00,3.80,0.00,3.80,26047.50,44.10,0,0,0,0.00,0,F1,60,,,,,
2026-04-13,2026-04-13,FO,NSE,IDO,38356,,FINNIFTY,,2026-05-26,2026-05-26,22200.00,PE,FINNIFTY26MAY22200PE,0.00,0.00,0.00,0.75,0.00,0.75,26047.50,8.00,0,0,0,0.00,0,F1,60,,,,,
2026-04-13,2026-04-13,FO,NSE,IDO,69504,,FINNIFTY,,2026-05-26,2026-05-26,21500.00,PE,FINNIFTY26MAY21500PE,0.00,0.00,0.00,0.15,0.00,0.15,26047.50,2.15,0,0,0,0.00,0,F1,60,,,,,
2026-04-13,2026-04-13,FO,NSE,IDO,70241,,FINNIFTY,,2026-04-28,2026-04-28,29000.00,PE,FINNIFTY26APR29000PE,0.00,0.00,0.00,1835.15,0.00,1835.15,26047.50,2886.90,0,0,0,0.00,0,F1,60,,,,,
2026-04-13,2026-04-13,FO,NSE,IDO,40647,,FINNIFTY,,2026-04-28,2026-04-28,28550.00,PE,FINNIFTY26APR28550PE,0.00,0.00,0.00,2428.10,0.00,2428.10,26047.50,2444.10,0,0,0,0.00,0,F1,60,,,,,
2026-04-13,2026-04-13,FO,NSE,IDO,70174,,FINNIFTY,,2026-04-28,2026-04-28,28300.00,PE,FINNIFTY26APR28300PE,0.00,0.00,0.00,1343.60,0.00,1343.60,26047.50,2201.25,0,0,0,0.00,0,F1,60,,,,,
2026-04-13,2026-04-13,FO,NSE,IDO,70160,,FINNIFTY,,2026-04-28,2026-04-28,28100.00,PE,FINNIFTY26APR28100PE,0.00,0.00,0.00,1217.30,0.00,1217.30,26047.50,2009.55,0,0,0,0.00,0,F1,60,,,,,
2026-04-13,2026-04-13,FO,NSE,IDO,77025,,FINNIFTY,,2026-04-28,2026-04-28,26950.00,PE,FINNIFTY26APR26950PE,0.00,0.00,0.00,3282.65,0.00,3282.65,26047.50,1000.85,0,0,0,0.00,0,F1,60,,,,,
2026-04-13,2026-04-13,FO,NSE,IDO,69911,,FINNIFTY,,2026-04-28,2026-04-28,26300.00,PE,FINNIFTY26APR26300PE,750.00,856.70,563.95,596.50,593.05,495.10,26047.50,596.50,1920,-240,28,45367938.00,19,F1,60,,,,,
2026-04-13,2026-04-13,FO,NSE,IDO,69753,,FINNIFTY,,2026-04-28,2026-04-28,25000.00,PE,FINNIFTY26APR25000PE,200.00,319.80,172.20,201.65,204.15,165.05,26047.50,201.65,10260,-360,359,543916497.00,294,F1,60,,,,,
2026-04-13,2026-04-13,FO,NSE,IDO,69745,,FINNIFTY,,2026-04-28,2026-04-28,24600.00,PE,FINNIFTY26APR24600PE,221.65,221.65,139.85,145.50,145.00,119.15,26047.50,145.50,720,360,101,150177543.00,92,F1,60,,,,,
2026-04-13,2026-04-13,FO,NSE,IDO,76707,,FINNIFTY,,2026-04-28,2026-04-28,22250.00,PE,FINNIFTY26APR22250PE,0.00,0.00,0.00,90.50,0.00,90.50,26047.50,0.05,0,0,0,0.00,0,F1,60,,,,,
2026-04-13,2026-04-13,FO,NSE,IDO,76705,,FINNIFTY,,2026-04-28,2026-04-28,22150.00,PE,FINNIFTY26APR22150PE,0.00,0.00,0.00,77.00,0.00,77.00,26047.50,0.05,0,0,0,0.00,0,F1,60,,,,,
2026-04-13,2026-04-13,FO,NSE,IDO,69457,,FINNIFTY,,2026-04-28,2026-04-28,22100.00,PE,FINNIFTY26APR22100PE,0.00,0.00,0.00,2.05,0.00,2.05,26047.50,0.05,0,0,0,0.00,0,F1,60,,,,,
2026-04-13,2026-04-13,FO,NSE,IDO,69449,,FINNIFTY,,2026-04-28,2026-04-28,21700.00,PE,FINNIFTY26APR21700PE,0.00,0.00,0.00,0.95,0.00,0.95,26047.50,0.00,0,0,0,0.00,0,F1,60,,,,,
2026-04-13,2026-04-13,FO,NSE,IDO,69439,,FINNIFTY,,2026-04-28,2026-04-28,21600.00,PE,FINNIFTY26APR21600PE,0.00,0.00,0.00,0.80,0.00,0.80,26047.50,0.00,0,0,0,0.00,0,F1,60,,,,,
2026-04-13,2026-04-13,FO,NSE,IDO,77631,,FINNIFTY,,2026-06-30,2026-06-30,28500.00,CE,FINNIFTY26JUN28500CE,0.00,0.00,0.00,46.10,0.00,46.10,26047.50,351.50,0,0,0,0.00,0,F1,60,,,,,
2026-04-13,2026-04-13,FO,NSE,IDO,77629,,FINNIFTY,,2026-06-30,2026-06-30,28400.00,CE,FINNIFTY26JUN28400CE,0.00,0.00,0.00,50.05,0.00,50.05,26047.50,372.60,0,0,0,0.00,0,F1,60,,,,,
2026-04-13,2026-04-13,FO,NSE,IDO,77601,,FINNIFTY,,2026-06-30,2026-06-30,27800.00,CE,FINNIFTY26JUN27800CE,0.00,0.00,0.00,80.95,0.00,80.95,26047.50,521.05,0,0,0,0.00,0,F1,60,,,,,
2026-04-13,2026-04-13,FO,NSE,IDO,77521,,FINNIFTY,,2026-06-30,2026-06-30,26100.00,CE,FINNIFTY26JUN26100CE,0.00,0.00,0.00,275.45,0.00,275.45,26047.50,1194.10,0,0,0,0.00,0,F1,60,,,,,
2026-04-13,2026-04-13,FO,NSE,IDO,77496,,FINNIFTY,,2026-06-30,2026-06-30,25000.00,CE,FINNIFTY26JUN25000CE,0.00,0.00,0.00,542.40,0.00,542.40,26047.50,1853.15,0,0,0,0.00,0,F1,60,,,,,
2026-04-13,2026-04-13,FO,NSE,IDO,77490,,FINNIFTY,,2026-06-30,2026-06-30,24700.00,CE,FINNIFTY26JUN24700CE,0.00,0.00,0.00,642.40,0.00,642.40,26047.50,2064.10,0,0,0,0.00,0,F1,60,,,,,
2026-04-13,2026-04-13,FO,NSE,IDO,77486,,FINNIFTY,,2026-06-30,2026-06-30,24500.00,CE,FINNIFTY26JUN24500CE,0.00,0.00,0.00,716.40,0.00,716.40,26047.50,2209.75,0,0,0,0.00,0,F1,60,,,,,
2026-04-13,2026-04-13,FO,NSE,IDO,77484,,FINNIFTY,,2026-06-30,2026-06-30,24400.00,CE,FINNIFTY26JUN24400CE,0.00,0.00,0.00,755.65,0.00,755.65,26047.50,2284.85,0,0,0,0.00,0,F1,60,,,,,
2026-04-13,2026-04-13,FO,NSE,IDO,77462,,FINNIFTY,,2026-06-30,2026-06-30,23400.00,CE,FINNIFTY26JUN23400CE,0.00,0.00,0.00,1235.50,0.00,1235.50,26047.50,3097.65,0,0,0,0.00,0,F1,60,,,,,
2026-04-13,2026-04-13,FO,NSE,IDO,69776,,FINNIFTY,,2026-05-26,2026-05-26,29700.00,CE,FINNIFTY26MAY29700CE,0.00,0.00,0.00,563.45,0.00,563.45,26047.50,42.40,0,0,0,0.00,0,F1,60,,,,,
2026-04-13,2026-04-13,FO,NSE,IDO,69756,,FINNIFTY,,2026-05-26,2026-05-26,28900.00,CE,FINNIFTY26MAY28900CE,0.00,0.00,0.00,876.05,0.00,876.05,26047.50,95.30,0,0,0,0.00,0,F1,60,,,,,
2026-04-13,2026-04-13,FO,NSE,IDO,69707,,FINNIFTY,,2026-05-26,2026-05-26,28700.00,CE,FINNIFTY26MAY28700CE,0.00,0.00,0.00,970.15,0.00,970.15,26047.50,115.20,0,0,0,0.00,0,F1,60,,,,,
2026-04-13,2026-04-13,FO,NSE,IDO,40443,,FINNIFTY,,2026-05-26,2026-05-26,21800.00,PE,FINNIFTY26MAY21800PE,0.00,0.00,0.00,0.50,0.00,0.50,26047.50,3.85,0,0,0,0.00,0,F1,60,,,,,
2026-04-13,2026-04-13,FO,NSE,IDO,77489,,FINNIFTY,,2026-06-30,2026-06-30,24600.00,PE,FINNIFTY26JUN24600PE,0.00,0.00,0.00,1316.20,0.00,1316.20,26047.50,363.45,0,0,0,0.00,0,F1,60,,,,,
2026-04-13,2026-04-13,FO,NSE,IDO,77332,,FINNIFTY,,2026-06-30,2026-06-30,22800.00,PE,FINNIFTY26JUN22800PE,0.00,0.00,0.00,470.60,0.00,470.60,26047.50,79.70,0,0,0,0.00,0,F1,60,,,,,
2026-04-13,2026-04-13,FO,NSE,IDO,77324,,FINNIFTY,,2026-06-30,2026-06-30,22500.00,PE,FINNIFTY26JUN22500PE,0.00,0.00,0.00,380.60,0.00,380.60,26047.50,58.55,0,0,0,0.00,0,F1,60,,,,,
2026-04-13,2026-04-13,FO,NSE,IDO,77310,,FINNIFTY,,2026-06-30,2026-06-30,21800.00,PE,FINNIFTY26JUN21800PE,0.00,0.00,0.00,217.50,0.00,217.50,26047.50,26.60,0,0,0,0.00,0,F1,60,,,,,
2026-04-13,2026-04-13,FO,NSE,IDO,77304,,FINNIFTY,,2026-06-30,2026-06-30,21500.00,PE,FINNIFTY26JUN21500PE,0.00,0.00,0.00,166.70,0.00,166.70,26047.50,18.35,0,0,0,0.00,0,F1,60,,,,,
2026-04-13,2026-04-13,FO,NSE,IDO,69821,,FINNIFTY,,2026-05-26,2026-05-26,31500.00,PE,FINNIFTY26MAY31500PE,0.00,0.00,0.00,2857.90,0.00,2857.90,26047.50,5226.95,0,0,0,0.00,0,F1,60,,,,,
2026-04-13,2026-04-13,FO,NSE,IDO,69688,,FINNIFTY,,2026-05-26,2026-05-26,27700.00,PE,FINNIFTY26MAY27700PE,0.00,0.00,0.00,488.00,0.00,488.00,26047.50,1724.60,0,0,0,0.00,0,F1,60,,,,,
2026-04-13,2026-04-13,FO,NSE,IDO,69686,,FINNIFTY,,2026-05-26,2026-05-26,27600.00,PE,FINNIFTY26MAY27600PE,0.00,0.00,0.00,455.40,0.00,455.40,26047.50,1649.20,0,0,0,0.00,0,F1,60,,,,,
2026-04-13,2026-04-13,FO,NSE,IDO,69662,,FINNIFTY,,2026-05-26,2026-05-26,26400.00,PE,FINNIFTY26MAY26400PE,0.00,0.00,0.00,175.80,0.00,175.80,26047.50,861.85,0,0,0,0.00,0,F1,60,,,,,
2026-04-13,2026-04-13,FO,NSE,IDO,69658,,FINNIFTY,,2026-05-26,2026-05-26,26200.00,PE,FINNIFTY26MAY26200PE,0.00,0.00,0.00,146.40,0.00,146.40,26047.50,757.20,0,0,0,0.00,0,F1,60,,,,,
2026-04-13,2026-04-13,FO,NSE,IDO,69648,,FINNIFTY,,2026-05-26,2026-05-26,25700.00,PE,FINNIFTY26MAY25700PE,0.00,0.00,0.00,89.50,0.00,89.50,26047.50,531.05,0,0,0,0.00,0,F1,60,,,,,
2026-04-13,2026-04-13,FO,NSE,IDO,69550,,FINNIFTY,,2026-05-26,2026-05-26,24400.00,PE,FINNIFTY26MAY24400PE,0.00,0.00,0.00,19.30,0.00,19.30,26047.50,165.65,0,0,0,0.00,0,F1,60,,,,,
2026-04-13,2026-04-13,FO,NSE,IDO,69534,,FINNIFTY,,2026-05-26,2026-05-26,23600.00,PE,FINNIFTY26MAY23600PE,0.00,0.00,0.00,6.10,0.00,6.10,26047.50,65.55,0,0,0,0.00,0,F1,60,,,,,
2026-04-13,2026-04-13,FO,NSE,IDO,43653,,FINNIFTY,,2026-05-26,2026-05-26,21200.00,PE,FINNIFTY26MAY21200PE,0.00,0.00,0.00,0.35,0.00,0.35,26047.50,1.15,0,0,0,0.00,0,F1,60,,,,,
2026-04-13,2026-04-13,FO,NSE,IDO,70256,,FINNIFTY,,2026-04-28,2026-04-28,29300.00,PE,FINNIFTY26APR29300PE,0.00,0.00,0.00,2064.80,0.00,2064.80,26047.50,3184.40,0,0,0,0.00,0,F1,60,,,,,
2026-04-13,2026-04-13,FO,NSE,IDO,70039,,FINNIFTY,,2026-04-28,2026-04-28,26400.00,PE,FINNIFTY26APR26400PE,0.00,0.00,0.00,565.00,565.00,565.00,26047.50,620.85,660,0,0,0.00,0,F1,60,,,,,
2026-04-13,2026-04-13,FO,NSE,IDO,70057,,FINNIFTY,,2026-04-28,2026-04-28,26800.00,PE,FINNIFTY26APR26800PE,0.00,0.00,0.00,564.25,0.00,564.25,26047.50,888.35,0,0,0,0.00,0,F1,60,,,,,
2026-04-13,2026-04-13,FO,NSE,IDO,70124,,FINNIFTY,,2026-04-28,2026-04-28,27400.00,PE,FINNIFTY26APR27400PE,0.00,0.00,0.00,828.50,0.00,828.50,26047.50,1369.70,0,0,0,0.00,0,F1,60,,,,,
2026-04-13,2026-04-13,FO,NSE,IDO,38679,,FINNIFTY,,2026-04-28,2026-04-28,27950.00,PE,FINNIFTY26APR27950PE,0.00,0.00,0.00,3248.75,0.00,3248.75,26047.50,1867.75,0,0,0,0.00,0,F1,60,,,,,
2026-04-13,2026-04-13,FO,NSE,IDO,38687,,FINNIFTY,,2026-04-28,2026-04-28,28150.00,PE,FINNIFTY26APR28150PE,0.00,0.00,0.00,3446.95,0.00,3446.95,26047.50,2057.20,0,0,0,0.00,0,F1,60,,,,,
2026-04-13,2026-04-13,FO,NSE,IDO,70235,,FINNIFTY,,2026-04-28,2026-04-28,28900.00,PE,FINNIFTY26APR28900PE,0.00,0.00,0.00,1760.70,0.00,1760.70,26047.50,2788.10,0,0,0,0.00,0,F1,60,,,,,
2026-04-13,2026-04-13,FO,NSE,IDO,69904,,FINNIFTY,,2026-04-28,2026-04-28,26200.00,PE,FINNIFTY26APR26200PE,556.00,687.25,530.90,553.75,553.75,460.80,26047.50,553.75,2640,-300,20,32136018.00,16,F1,60,,,,,
2026-04-13,2026-04-13,FO,NSE,IDO,76991,,FINNIFTY,,2026-04-28,2026-04-28,26150.00,PE,FINNIFTY26APR26150PE,650.00,654.00,511.40,517.90,517.90,438.15,26047.50,517.90,1620,-180,14,22452897.00,11,F1,60,,,,,
2026-04-13,2026-04-13,FO,NSE,IDO,76989,,FINNIFTY,,2026-04-28,2026-04-28,26050.00,PE,FINNIFTY26APR26050PE,489.00,609.20,456.55,483.60,476.00,388.75,26047.50,483.60,840,-120,24,38239629.00,23,F1,60,,,,,
2026-04-13,2026-04-13,FO,NSE,IDO,69723,,FINNIFTY,,2026-04-28,2026-04-28,23500.00,PE,FINNIFTY26APR23500PE,0.00,0.00,0.00,19.90,0.00,19.90,26047.50,3.15,0,0,0,0.00,0,F1,60,,,,,
2026-04-13,2026-04-13,FO,NSE,IDO,76758,,FINNIFTY,,2026-04-28,2026-04-28,23550.00,PE,FINNIFTY26APR23550PE,0.00,0.00,0.00,476.70,0.00,476.70,26047.50,3.65,0,0,0,0.00,0,F1,60,,,,,
2026-04-13,2026-04-13,FO,NSE,IDO,77532,,FINNIFTY,,2026-06-30,2026-06-30,26600.00,PE,FINNIFTY26JUN26600PE,0.00,0.00,0.00,2798.15,0.00,2798.15,26047.50,1153.85,0,0,0,0.00,0,F1,60,,,,,
2026-04-13,2026-04-13,FO,NSE,IDO,69440,,FINNIFTY,,2026-04-28,2026-04-28,21700.00,CE,FINNIFTY26APR21700CE,0.00,0.00,0.00,5691.25,0.00,5691.25,26047.50,4399.25,0,0,0,0.00,0,F1,60,,,,,
2026-04-13,2026-04-13,FO,NSE,IDO,69456,,FINNIFTY,,2026-04-28,2026-04-28,22100.00,CE,FINNIFTY26APR22100CE,0.00,0.00,0.00,3800.00,3800.00,3800.00,26047.50,4000.25,0,0,0,0.00,0,F1,60,,,,,
2026-04-13,2026-04-13,FO,NSE,IDO,76752,,FINNIFTY,,2026-04-28,2026-04-28,23450.00,CE,FINNIFTY26APR23450CE,0.00,0.00,0.00,633.20,0.00,633.20,26047.50,2656.15,0,0,0,0.00,0,F1,60,,,,,
2026-04-13,2026-04-13,FO,NSE,IDO,69734,,FINNIFTY,,2026-04-28,2026-04-28,24100.00,CE,FINNIFTY26APR24100CE,0.00,0.00,0.00,3371.30,0.00,3371.30,26047.50,2020.40,0,0,0,0.00,0,F1,60,,,,,
2026-04-13,2026-04-13,FO,NSE,IDO,69805,,FINNIFTY,,2026-04-28,2026-04-28,25500.00,CE,FINNIFTY26APR25500CE,531.20,968.05,531.20,968.05,968.05,716.70,26047.50,821.45,600,480,12,18907956.00,10,F1,60,,,,,
2026-04-13,2026-04-13,FO,NSE,IDO,76936,,FINNIFTY,,2026-04-28,2026-04-28,25550.00,CE,FINNIFTY26APR25550CE,0.00,0.00,0.00,53.95,0.00,53.95,26047.50,787.10,0,0,0,0.00,0,F1,60,,,,,
2026-04-13,2026-04-13,FO,NSE,IDO,69908,,FINNIFTY,,2026-04-28,2026-04-28,26300.00,CE,FINNIFTY26APR26300CE,280.00,412.65,250.10,411.70,412.65,474.50,26047.50,411.70,900,0,19,30375393.00,17,F1,60,,,,,
2026-04-13,2026-04-13,FO,NSE,IDO,70040,,FINNIFTY,,2026-04-28,2026-04-28,26500.00,CE,FINNIFTY26APR26500CE,118.05,350.00,118.05,319.40,308.00,370.85,26047.50,319.40,5340,300,563,903838749.00,411,F1,60,,,,,
2026-04-13,2026-04-13,FO,NSE,IDO,77005,,FINNIFTY,,2026-04-28,2026-04-28,26550.00,CE,FINNIFTY26APR26550CE,0.00,0.00,0.00,10.35,0.00,10.35,26047.50,276.20,0,0,0,0.00,0,F1,60,,,,,
2026-04-13,2026-04-13,FO,NSE,IDO,70067,,FINNIFTY,,2026-04-28,2026-04-28,27100.00,CE,FINNIFTY26APR27100CE,89.30,128.55,85.05,121.35,121.35,1061.40,26047.50,121.35,360,360,16,26111757.00,13,F1,60,,,,,
2026-04-13,2026-04-13,FO,NSE,IDO,77032,,FINNIFTY,,2026-04-28,2026-04-28,27250.00,CE,FINNIFTY26APR27250CE,20.15,20.15,20.15,20.15,20.15,105.55,26047.50,104.50,420,0,1,1636209.00,1,F1,60,,,,,
2026-04-13,2026-04-13,FO,NSE,IDO,70090,,FINNIFTY,,2026-04-28,2026-04-28,27400.00,CE,FINNIFTY26APR27400CE,55.10,55.10,52.30,52.30,52.30,82.65,26047.50,82.55,600,120,14,23060892.00,10,F1,60,,,,,
2026-04-13,2026-04-13,FO,NSE,IDO,70137,,FINNIFTY,,2026-04-28,2026-04-28,27900.00,CE,FINNIFTY26APR27900CE,34.65,34.65,24.80,31.05,32.00,39.10,26047.50,31.05,1140,300,52,87143112.00,15,F1,60,,,,,
2026-04-13,2026-04-13,FO,NSE,IDO,70257,,FINNIFTY,,2026-04-28,2026-04-28,29400.00,CE,FINNIFTY26APR29400CE,5.70,9.00,5.70,9.00,9.00,7.10,26047.50,1.40,300,-120,3,5293224.00,2,F1,60,,,,,
2026-04-13,2026-04-13,FO,NSE,IDO,69505,,FINNIFTY,,2026-05-26,2026-05-26,22000.00,CE,FINNIFTY26MAY22000CE,0.00,0.00,0.00,6657.75,0.00,6657.75,26047.50,4214.25,0,0,0,0.00,0,F1,60,,,,,
2026-04-13,2026-04-13,FO,NSE,IDO,69527,,FINNIFTY,,2026-05-26,2026-05-26,23300.00,CE,FINNIFTY26MAY23300CE,0.00,0.00,0.00,5382.55,0.00,5382.55,26047.50,2962.30,0,0,0,0.00,0,F1,60,,,,,
2026-04-13,2026-04-13,FO,NSE,IDO,69555,,FINNIFTY,,2026-05-26,2026-05-26,24700.00,CE,FINNIFTY26MAY24700CE,0.00,0.00,0.00,4030.35,0.00,4030.35,26047.50,1752.80,0,0,0,0.00,0,F1,60,,,,,
2026-04-13,2026-04-13,FO,NSE,IDO,77607,,FINNIFTY,,2026-06-30,2026-06-30,28000.00,PE,FINNIFTY26JUN28000PE,0.00,0.00,0.00,4045.80,0.00,4045.80,26047.50,2048.55,0,0,0,0.00,0,F1,60,,,,,
2026-04-13,2026-04-13,FO,NSE,IDO,69705,,FINNIFTY,,2026-05-26,2026-05-26,28600.00,CE,FINNIFTY26MAY28600CE,0.00,0.00,0.00,1019.75,0.00,1019.75,26047.50,126.40,0,0,0,0.00,0,F1,60,,,,,
2026-04-13,2026-04-13,FO,NSE,IDO,69766,,FINNIFTY,,2026-05-26,2026-05-26,29300.00,CE,FINNIFTY26MAY29300CE,0.00,0.00,0.00,707.30,0.00,707.30,26047.50,64.20,0,0,0,0.00,0,F1,60,,,,,
2026-04-13,2026-04-13,FO,NSE,IDO,69786,,FINNIFTY,,2026-05-26,2026-05-26,30200.00,CE,FINNIFTY26MAY30200CE,0.00,0.00,0.00,416.00,0.00,416.00,26047.50,24.55,0,0,0,0.00,0,F1,60,,,,,
2026-04-13,2026-04-13,FO,NSE,IDO,77299,,FINNIFTY,,2026-06-30,2026-06-30,21300.00,CE,FINNIFTY26JUN21300CE,0.00,0.00,0.00,2741.55,0.00,2741.55,26047.50,5043.80,0,0,0,0.00,0,F1,60,,,,,
2026-04-13,2026-04-13,FO,NSE,IDO,77307,,FINNIFTY,,2026-06-30,2026-06-30,21700.00,CE,FINNIFTY26JUN21700CE,0.00,0.00,0.00,2409.95,0.00,2409.95,26047.50,4658.50,0,0,0,0.00,0,F1,60,,,,,
2026-04-13,2026-04-13,FO,NSE,IDO,77317,,FINNIFTY,,2026-06-30,2026-06-30,22200.00,CE,FINNIFTY26JUN22200CE,0.00,0.00,0.00,2021.75,0.00,2021.75,26047.50,4183.85,0,0,0,0.00,0,F1,60,,,,,
2026-04-13,2026-04-13,FO,NSE,IDO,77323,,FINNIFTY,,2026-06-30,2026-06-30,22500.00,CE,FINNIFTY26JUN22500CE,0.00,0.00,0.00,1805.45,0.00,1805.45,26047.50,3904.10,0,0,0,0.00,0,F1,60,,,,,
2026-04-13,2026-04-13,FO,NSE,IDO,77480,,FINNIFTY,,2026-06-30,2026-06-30,24200.00,CE,FINNIFTY26JUN24200CE,0.00,0.00,0.00,838.80,0.00,838.80,26047.50,2438.75,0,0,0,0.00,0,F1,60,,,,,
2026-04-13,2026-04-13,FO,NSE,IDO,77492,,FINNIFTY,,2026-06-30,2026-06-30,24800.00,CE,FINNIFTY26JUN24800CE,0.00,0.00,0.00,607.65,0.00,607.65,26047.50,1992.70,0,0,0,0.00,0,F1,60,,,,,
2026-04-13,2026-04-13,FO,NSE,IDO,77508,,FINNIFTY,,2026-06-30,2026-06-30,25600.00,CE,FINNIFTY26JUN25600CE,0.00,0.00,0.00,379.90,0.00,379.90,26047.50,1471.65,0,0,0,0.00,0,F1,60,,,,,
2026-04-13,2026-04-13,FO,NSE,IDO,77523,,FINNIFTY,,2026-06-30,2026-06-30,26200.00,CE,FINNIFTY26JUN26200CE,0.00,0.00,0.00,257.85,0.00,257.85,26047.50,1143.10,0,0,0,0.00,0,F1,60,,,,,
2026-04-13,2026-04-13,FO,NSE,IDO,77596,,FINNIFTY,,2026-06-30,2026-06-30,27700.00,CE,FINNIFTY26JUN27700CE,0.00,0.00,0.00,87.50,0.00,87.50,26047.50,549.90,0,0,0,0.00,0,F1,60,,,,,
2026-04-13,2026-04-13,FO,NSE,IDO,77606,,FINNIFTY,,2026-06-30,2026-06-30,28000.00,CE,FINNIFTY26JUN28000CE,0.00,0.00,0.00,69.15,0.00,69.15,26047.50,466.95,0,0,0,0.00,0,F1,60,,,,,
2026-04-13,2026-04-13,FO,NSE,IDO,77634,,FINNIFTY,,2026-06-30,2026-06-30,28600.00,CE,FINNIFTY26JUN28600CE,0.00,0.00,0.00,42.40,0.00,42.40,26047.50,331.45,0,0,0,0.00,0,F1,60,,,,,
2026-04-13,2026-04-13,FO,NSE,IDO,69419,,FINNIFTY,,2026-04-28,2026-04-28,21000.00,PE,FINNIFTY26APR21000PE,11.65,17.95,10.00,10.30,10.00,11.65,26047.50,10.30,40860,24000,508,640500240.00,228,F1,60,,,,,
2026-04-13,2026-04-13,FO,NSE,IDO,76715,,FINNIFTY,,2026-04-28,2026-04-28,22650.00,PE,FINNIFTY26APR22650PE,0.00,0.00,0.00,164.05,0.00,164.05,26047.50,0.20,0,0,0,0.00,0,F1,60,,,,,
2026-04-13,2026-04-13,FO,NSE,IDO,76768,,FINNIFTY,,2026-04-28,2026-04-28,23650.00,PE,FINNIFTY26APR23650PE,0.00,0.00,0.00,525.80,0.00,525.80,26047.50,4.85,0,0,0,0.00,0,F1,60,,,,,
2026-04-13,2026-04-13,FO,NSE,IDO,69733,,FINNIFTY,,2026-04-28,2026-04-28,24000.00,PE,FINNIFTY26APR24000PE,99.00,150.20,83.60,87.85,85.00,73.25,26047.50,87.85,27240,2880,1320,1909385037.00,1069,F1,60,,,,,
2026-04-13,2026-04-13,FO,NSE,IDO,69737,,FINNIFTY,,2026-04-28,2026-04-28,24200.00,PE,FINNIFTY26APR24200PE,102.15,102.15,102.15,102.15,102.15,87.75,26047.50,102.15,1320,0,1,1458129.00,1,F1,60,,,,,
2026-04-13,2026-04-13,FO,NSE,IDO,76918,,FINNIFTY,,2026-04-28,2026-04-28,25450.00,PE,FINNIFTY26APR25450PE,0.00,0.00,0.00,365.90,365.90,365.90,26047.50,198.35,660,0,0,0.00,0,F1,60,,,,,
2026-04-13,2026-04-13,FO,NSE,IDO,69809,,FINNIFTY,,2026-04-28,2026-04-28,25500.00,PE,FINNIFTY26APR25500PE,320.10,465.00,290.00,307.75,297.90,249.20,26047.50,307.75,4320,480,220,341588727.00,154,F1,60,,,,,
2026-04-13,2026-04-13,FO,NSE,IDO,76937,,FINNIFTY,,2026-04-28,2026-04-28,25550.00,PE,FINNIFTY26APR25550PE,464.80,464.80,464.80,464.80,464.80,1939.50,26047.50,228.70,780,780,13,20291544.00,13,F1,60,,,,,
2026-04-13,2026-04-13,FO,NSE,IDO,77013,,FINNIFTY,,2026-04-28,2026-04-28,26650.00,PE,FINNIFTY26APR26650PE,0.00,0.00,0.00,2988.00,0.00,2988.00,26047.50,782.35,0,0,0,0.00,0,F1,60,,,,,
2026-04-13,2026-04-13,FO,NSE,IDO,70183,,FINNIFTY,,2026-04-28,2026-04-28,28500.00,PE,FINNIFTY26APR28500PE,0.00,0.00,0.00,1476.30,0.00,1476.30,26047.50,2395.30,0,0,0,0.00,0,F1,60,,,,,
2026-04-13,2026-04-13,FO,NSE,IDO,70260,,FINNIFTY,,2026-04-28,2026-04-28,29500.00,PE,FINNIFTY26APR29500PE,0.00,0.00,0.00,2224.45,0.00,2224.45,26047.50,3383.25,0,0,0,0.00,0,F1,60,,,,,
2026-04-13,2026-04-13,FO,NSE,IDO,70266,,FINNIFTY,,2026-04-28,2026-04-28,29800.00,PE,FINNIFTY26APR29800PE,0.00,0.00,0.00,2471.90,0.00,2471.90,26047.50,3681.95,0,0,0,0.00,0,F1,60,,,,,
2026-04-13,2026-04-13,FO,NSE,IDO,70280,,FINNIFTY,,2026-04-28,2026-04-28,30500.00,PE,FINNIFTY26APR30500PE,0.00,0.00,0.00,3080.35,0.00,3080.35,26047.50,4379.85,0,0,0,0.00,0,F1,60,,,,,
2026-04-13,2026-04-13,FO,NSE,IDO,69510,,FINNIFTY,,2026-05-26,2026-05-26,22400.00,PE,FINNIFTY26MAY22400PE,0.00,0.00,0.00,0.80,0.00,0.80,26047.50,11.25,0,0,0,0.00,0,F1,60,,,,,
2026-04-13,2026-04-13,FO,NSE,IDO,69512,,FINNIFTY,,2026-05-26,2026-05-26,22500.00,PE,FINNIFTY26MAY22500PE,0.00,0.00,0.00,0.95,0.00,0.95,26047.50,13.30,0,0,0,0.00,0,F1,60,,,,,
2026-04-13,2026-04-13,FO,NSE,IDO,69558,,FINNIFTY,,2026-05-26,2026-05-26,24800.00,PE,FINNIFTY26MAY24800PE,0.00,0.00,0.00,32.25,0.00,32.25,26047.50,247.10,0,0,0,0.00,0,F1,60,,,,,
2026-04-13,2026-04-13,FO,NSE,IDO,69680,,FINNIFTY,,2026-05-26,2026-05-26,27300.00,PE,FINNIFTY26MAY27300PE,0.00,0.00,0.00,367.95,0.00,367.95,26047.50,1427.85,0,0,0,0.00,0,F1,60,,,,,
2026-04-13,2026-04-13,FO,NSE,IDO,69706,,FINNIFTY,,2026-05-26,2026-05-26,28600.00,PE,FINNIFTY26MAY28600PE,0.00,0.00,0.00,853.70,0.00,853.70,26047.50,2469.45,0,0,0,0.00,0,F1,60,,,,,
2026-04-13,2026-04-13,FO,NSE,IDO,69765,,FINNIFTY,,2026-05-26,2026-05-26,29200.00,PE,FINNIFTY26MAY29200PE,0.00,0.00,0.00,1171.15,0.00,1171.15,26047.50,3009.65,0,0,0,0.00,0,F1,60,,,,,
2026-04-13,2026-04-13,FO,NSE,IDO,77306,,FINNIFTY,,2026-06-30,2026-06-30,21600.00,PE,FINNIFTY26JUN21600PE,0.00,0.00,0.00,182.50,0.00,182.50,26047.50,20.80,0,0,0,0.00,0,F1,60,,,,,
2026-04-13,2026-04-13,FO,NSE,IDO,77369,,FINNIFTY,,2026-06-30,2026-06-30,22900.00,PE,FINNIFTY26JUN22900PE,0.00,0.00,0.00,503.95,0.00,503.95,26047.50,87.95,0,0,0,0.00,0,F1,60,,,,,
2026-04-13,2026-04-13,FO,NSE,IDO,77507,,FINNIFTY,,2026-06-30,2026-06-30,25500.00,PE,FINNIFTY26JUN25500PE,0.00,0.00,0.00,1925.30,0.00,1925.30,26047.50,646.30,0,0,0,0.00,0,F1,60,,,,,
2026-04-13,2026-04-13,FO,NSE,IDO,77520,,FINNIFTY,,2026-06-30,2026-06-30,26000.00,PE,FINNIFTY26JUN26000PE,0.00,0.00,0.00,2306.55,0.00,2306.55,26047.50,854.70,0,0,0,0.00,0,F1,60,,,,,
2026-04-13,2026-04-13,FO,NSE,IDO,69677,,FINNIFTY,,2026-05-26,2026-05-26,27200.00,CE,FINNIFTY26MAY27200CE,0.00,0.00,0.00,1884.55,0.00,1884.55,26047.50,404.50,0,0,0,0.00,0,F1,60,,,,,
2026-04-13,2026-04-13,FO,NSE,IDO,38349,,FINNIFTY,,2026-05-26,2026-05-26,21900.00,CE,FINNIFTY26MAY21900CE,0.00,0.00,0.00,6315.20,0.00,6315.20,26047.50,4312.55,0,0,0,0.00,0,F1,60,,,,,
2026-04-13,2026-04-13,FO,NSE,IDO,69541,,FINNIFTY,,2026-05-26,2026-05-26,24000.00,CE,FINNIFTY26MAY24000CE,0.00,0.00,0.00,4701.40,0.00,4701.40,26047.50,2329.85,0,0,0,0.00,0,F1,60,,,,,
2026-04-13,2026-04-13,FO,NSE,IDO,76616,,FINNIFTY,,2026-04-28,2026-04-28,21550.00,CE,FINNIFTY26APR21550CE,0.00,0.00,0.00,2118.00,0.00,2118.00,26047.50,4548.90,0,0,0,0.00,0,F1,60,,,,,
2026-04-13,2026-04-13,FO,NSE,IDO,69438,,FINNIFTY,,2026-04-28,2026-04-28,21600.00,CE,FINNIFTY26APR21600CE,0.00,0.00,0.00,5789.55,0.00,5789.55,26047.50,4499.05,0,0,0,0.00,0,F1,60,,,,,
2026-04-13,2026-04-13,FO,NSE,IDO,69452,,FINNIFTY,,2026-04-28,2026-04-28,21900.00,CE,FINNIFTY26APR21900CE,0.00,0.00,0.00,5494.80,0.00,5494.80,26047.50,4199.75,0,0,0,0.00,0,F1,60,,,,,
2026-04-13,2026-04-13,FO,NSE,IDO,76712,,FINNIFTY,,2026-04-28,2026-04-28,22550.00,CE,FINNIFTY26APR22550CE,0.00,0.00,0.00,1240.20,0.00,1240.20,26047.50,3551.45,0,0,0,0.00,0,F1,60,,,,,
2026-04-13,2026-04-13,FO,NSE,IDO,69726,,FINNIFTY,,2026-04-28,2026-04-28,23700.00,CE,FINNIFTY26APR23700CE,0.00,0.00,0.00,3747.20,0.00,3747.20,26047.50,2409.55,0,0,0,0.00,0,F1,60,,,,,
2026-04-13,2026-04-13,FO,NSE,IDO,76771,,FINNIFTY,,2026-04-28,2026-04-28,23850.00,CE,FINNIFTY26APR23850CE,0.00,0.00,0.00,438.15,0.00,438.15,26047.50,2262.65,0,0,0,0.00,0,F1,60,,,,,
2026-04-13,2026-04-13,FO,NSE,IDO,69831,,FINNIFTY,,2026-04-28,2026-04-28,25800.00,CE,FINNIFTY26APR25800CE,449.30,750.00,448.75,709.10,709.05,797.60,26047.50,709.10,3180,1680,226,357826161.00,197,F1,60,,,,,
2026-04-13,2026-04-13,FO,NSE,IDO,76996,,FINNIFTY,,2026-04-28,2026-04-28,26350.00,CE,FINNIFTY26APR26350CE,0.00,0.00,0.00,14.80,0.00,14.80,26047.50,351.35,0,0,0,0.00,0,F1,60,,,,,
2026-04-13,2026-04-13,FO,NSE,IDO,70058,,FINNIFTY,,2026-04-28,2026-04-28,26900.00,CE,FINNIFTY26APR26900CE,135.90,139.10,135.90,139.10,139.10,1173.80,26047.50,175.40,180,180,3,4866657.00,3,F1,60,,,,,
2026-04-13,2026-04-13,FO,NSE,IDO,38688,,FINNIFTY,,2026-04-28,2026-04-28,28250.00,CE,FINNIFTY26APR28250CE,21.35,25.05,20.05,20.05,20.05,1.60,26047.50,17.95,0,0,4,6785190.00,4,F1,60,,,,,
2026-04-13,2026-04-13,FO,NSE,IDO,70215,,FINNIFTY,,2026-04-28,2026-04-28,28800.00,CE,FINNIFTY26APR28800CE,16.00,16.00,7.05,7.05,7.05,385.60,26047.50,5.65,60,60,2,3457383.00,2,F1,60,,,,,
2026-04-13,2026-04-13,FO,NSE,IDO,77556,,FINNIFTY,,2026-06-30,2026-06-30,27300.00,PE,FINNIFTY26JUN27300PE,0.00,0.00,0.00,3407.80,0.00,3407.80,26047.50,1568.75,0,0,0,0.00,0,F1,60,,,,,
2026-04-13,2026-04-13,FO,NSE,IDO,77536,,FINNIFTY,,2026-06-30,2026-06-30,26800.00,PE,FINNIFTY26JUN26800PE,0.00,0.00,0.00,2968.80,0.00,2968.80,26047.50,1265.35,0,0,0,0.00,0,F1,60,,,,,
2026-04-13,2026-04-13,FO,NSE,IDO,77530,,FINNIFTY,,2026-06-30,2026-06-30,26500.00,PE,FINNIFTY26JUN26500PE,0.00,0.00,0.00,2714.00,0.00,2714.00,26047.50,1100.30,0,0,0,0.00,0,F1,60,,,,,
2026-04-13,2026-04-13,FO,NSE,IDO,69543,,FINNIFTY,,2026-05-26,2026-05-26,24100.00,CE,FINNIFTY26MAY24100CE,0.00,0.00,0.00,4604.75,0.00,4604.75,26047.50,2243.50,0,0,0,0.00,0,F1,60,,,,,
2026-04-13,2026-04-13,FO,NSE,IDO,77518,,FINNIFTY,,2026-06-30,2026-06-30,25900.00,PE,FINNIFTY26JUN25900PE,0.00,0.00,0.00,2227.95,0.00,2227.95,26047.50,810.05,0,0,0,0.00,0,F1,60,,,,,
2026-04-13,2026-04-13,FO,NSE,IDO,77479,,FINNIFTY,,2026-06-30,2026-06-30,24100.00,PE,FINNIFTY26JUN24100PE,0.00,0.00,0.00,1029.20,0.00,1029.20,26047.50,250.70,0,0,0,0.00,0,F1,60,,,,,
2026-04-13,2026-04-13,FO,NSE,IDO,77314,,FINNIFTY,,2026-06-30,2026-06-30,22000.00,PE,FINNIFTY26JUN22000PE,0.00,0.00,0.00,257.35,0.00,257.35,26047.50,33.65,0,0,0,0.00,0,F1,60,,,,,
2026-04-13,2026-04-13,FO,NSE,IDO,69761,,FINNIFTY,,2026-05-26,2026-05-26,29000.00,PE,FINNIFTY26MAY29000PE,0.00,0.00,0.00,1058.80,0.00,1058.80,26047.50,2826.60,0,0,0,0.00,0,F1,60,,,,,
2026-04-13,2026-04-13,FO,NSE,IDO,69690,,FINNIFTY,,2026-05-26,2026-05-26,27800.00,PE,FINNIFTY26MAY27800PE,0.00,0.00,0.00,522.15,0.00,522.15,26047.50,1802.45,0,0,0,0.00,0,F1,60,,,,,
2026-04-13,2026-04-13,FO,NSE,IDO,69650,,FINNIFTY,,2026-05-26,2026-05-26,25800.00,PE,FINNIFTY26MAY25800PE,0.00,0.00,0.00,99.15,0.00,99.15,26047.50,572.25,0,0,0,0.00,0,F1,60,,,,,
2026-04-13,2026-04-13,FO,NSE,IDO,69564,,FINNIFTY,,2026-05-26,2026-05-26,25100.00,PE,FINNIFTY26MAY25100PE,0.00,0.00,0.00,46.25,0.00,46.25,26047.50,324.90,0,0,0,0.00,0,F1,60,,,,,
2026-04-13,2026-04-13,FO,NSE,IDO,69530,,FINNIFTY,,2026-05-26,2026-05-26,23400.00,PE,FINNIFTY26MAY23400PE,0.00,0.00,0.00,4.45,0.00,4.45,26047.50,50.50,0,0,0,0.00,0,F1,60,,,,,
2026-04-13,2026-04-13,FO,NSE,IDO,69526,,FINNIFTY,,2026-05-26,2026-05-26,23200.00,PE,FINNIFTY26MAY23200PE,0.00,0.00,0.00,3.20,0.00,3.20,26047.50,38.40,0,0,0,0.00,0,F1,60,,,,,
2026-04-13,2026-04-13,FO,NSE,IDO,69516,,FINNIFTY,,2026-05-26,2026-05-26,22700.00,PE,FINNIFTY26MAY22700PE,0.00,0.00,0.00,1.35,0.00,1.35,26047.50,18.30,0,0,0,0.00,0,F1,60,,,,,
2026-04-13,2026-04-13,FO,NSE,IDO,69508,,FINNIFTY,,2026-05-26,2026-05-26,22300.00,PE,FINNIFTY26MAY22300PE,0.00,0.00,0.00,0.65,0.00,0.65,26047.50,9.50,0,0,0,0.00,0,F1,60,,,,,
2026-04-13,2026-04-13,FO,NSE,IDO,70290,,FINNIFTY,,2026-04-28,2026-04-28,31000.00,PE,FINNIFTY26APR31000PE,0.00,0.00,0.00,3535.40,0.00,3535.40,26047.50,4878.60,0,0,0,0.00,0,F1,60,,,,,
2026-04-13,2026-04-13,FO,NSE,IDO,38675,,FINNIFTY,,2026-04-28,2026-04-28,27850.00,PE,FINNIFTY26APR27850PE,0.00,0.00,0.00,3149.85,0.00,3149.85,26047.50,1774.40,0,0,0,0.00,0,F1,60,,,,,
2026-04-13,2026-04-13,FO,NSE,IDO,70136,,FINNIFTY,,2026-04-28,2026-04-28,27800.00,PE,FINNIFTY26APR27800PE,0.00,0.00,0.00,1040.30,0.00,1040.30,26047.50,1728.10,0,0,0,0.00,0,F1,60,,,,,
2026-04-13,2026-04-13,FO,NSE,IDO,77033,,FINNIFTY,,2026-04-28,2026-04-28,27250.00,PE,FINNIFTY26APR27250PE,0.00,0.00,0.00,3578.75,0.00,3578.75,26047.50,1242.00,0,0,0,0.00,0,F1,60,,,,,
2026-04-13,2026-04-13,FO,NSE,IDO,77027,,FINNIFTY,,2026-04-28,2026-04-28,27050.00,PE,FINNIFTY26APR27050PE,0.00,0.00,0.00,3381.20,0.00,3381.20,26047.50,1078.90,0,0,0,0.00,0,F1,60,,,,,
2026-04-13,2026-04-13,FO,NSE,IDO,70052,,FINNIFTY,,2026-04-28,2026-04-28,26600.00,PE,FINNIFTY26APR26600PE,0.00,0.00,0.00,655.50,645.00,655.50,26047.50,748.50,180,0,0,0.00,0,F1,60,,,,,
2026-04-13,2026-04-13,FO,NSE,IDO,69834,,FINNIFTY,,2026-04-28,2026-04-28,25900.00,PE,FINNIFTY26APR25900PE,528.00,636.05,411.00,429.85,427.05,353.50,26047.50,429.85,4920,-600,320,506603865.00,268,F1,60,,,,,
2026-04-13,2026-04-13,FO,NSE,IDO,76912,,FINNIFTY,,2026-04-28,2026-04-28,25350.00,PE,FINNIFTY26APR25350PE,0.00,0.00,0.00,1758.95,0.00,1758.95,26047.50,172.20,0,0,0,0.00,0,F1,60,,,,,
2026-04-13,2026-04-13,FO,NSE,IDO,69739,,FINNIFTY,,2026-04-28,2026-04-28,24300.00,PE,FINNIFTY26APR24300PE,114.85,114.85,114.85,114.85,114.85,93.00,26047.50,114.85,5280,-60,1,1464891.00,1,F1,60,,,,,
2026-04-13,2026-04-13,FO,NSE,IDO,69735,,FINNIFTY,,2026-04-28,2026-04-28,24100.00,PE,FINNIFTY26APR24100PE,0.00,0.00,0.00,44.20,0.00,44.20,26047.50,15.40,0,0,0,0.00,0,F1,60,,,,,
2026-04-13,2026-04-13,FO,NSE,IDO,69717,,FINNIFTY,,2026-04-28,2026-04-28,23200.00,PE,FINNIFTY26APR23200PE,0.00,0.00,0.00,12.85,0.00,12.85,26047.50,1.30,0,0,0,0.00,0,F1,60,,,,,
2026-04-13,2026-04-13,FO,NSE,IDO,69435,,FINNIFTY,,2026-04-28,2026-04-28,21500.00,PE,FINNIFTY26APR21500PE,0.00,0.00,0.00,0.65,0.00,0.65,26047.50,0.00,0,0,0,0.00,0,F1,60,,,,,
2026-04-13,2026-04-13,FO,NSE,IDO,77517,,FINNIFTY,,2026-06-30,2026-06-30,25900.00,CE,FINNIFTY26JUN25900CE,0.00,0.00,0.00,313.70,0.00,313.70,26047.50,1300.65,0,0,0,0.00,0,F1,60,,,,,
2026-04-13,2026-04-13,FO,NSE,IDO,70277,,FINNIFTY,,2026-04-28,2026-04-28,30400.00,CE,FINNIFTY26APR30400CE,0.00,0.00,0.00,114.70,0.00,114.70,26047.50,0.10,0,0,0,0.00,0,F1,60,,,,,
2026-04-13,2026-04-13,FO,NSE,IDO,70318,,FINNIFTY,,2026-04-28,2026-04-28,31500.00,CE,FINNIFTY26APR31500CE,0.00,0.00,0.00,1.50,1.50,1.50,26047.50,0.00,1140,0,0,0.00,0,F1,60,,,,,
2026-04-13,2026-04-13,FO,NSE,IDO,77500,,FINNIFTY,,2026-06-30,2026-06-30,25200.00,CE,FINNIFTY26JUN25200CE,0.00,0.00,0.00,482.65,0.00,482.65,26047.50,1720.25,0,0,0,0.00,0,F1,60,,,,,
2026-04-13,2026-04-13,FO,NSE,IDO,77472,,FINNIFTY,,2026-06-30,2026-06-30,23800.00,CE,FINNIFTY26JUN23800CE,0.00,0.00,0.00,1024.25,0.00,1024.25,26047.50,2760.10,0,0,0,0.00,0,F1,60,,,,,
2026-04-13,2026-04-13,FO,NSE,IDO,77333,,FINNIFTY,,2026-06-30,2026-06-30,22900.00,CE,FINNIFTY26JUN22900CE,0.00,0.00,0.00,1535.95,0.00,1535.95,26047.50,3538.80,0,0,0,0.00,0,F1,60,,,,,
2026-04-13,2026-04-13,FO,NSE,IDO,69689,,FINNIFTY,,2026-05-26,2026-05-26,27800.00,CE,FINNIFTY26MAY27800CE,0.00,0.00,0.00,1475.05,0.00,1475.05,26047.50,253.55,0,0,0,0.00,0,F1,60,,,,,
2026-04-13,2026-04-13,FO,NSE,IDO,69693,,FINNIFTY,,2026-05-26,2026-05-26,28000.00,CE,FINNIFTY26MAY28000CE,0.00,0.00,0.00,1351.40,0.00,1351.40,26047.50,214.75,0,0,0,0.00,0,F1,60,,,,,
2026-04-13,2026-04-13,FO,NSE,IDO,77535,,FINNIFTY,,2026-06-30,2026-06-30,26800.00,CE,FINNIFTY26JUN26800CE,0.00,0.00,0.00,170.70,0.00,170.70,26047.50,867.85,0,0,0,0.00,0,F1,60,,,,,
2026-04-13,2026-04-13,FO,NSE,IDO,69432,,FINNIFTY,,2026-04-28,2026-04-28,21400.00,PE,FINNIFTY26APR21400PE,0.00,0.00,0.00,0.50,0.00,0.50,26047.50,0.00,0,0,0,0.00,0,F1,60,,,,,
2026-04-13,2026-04-13,FO,NSE,IDO,69420,,FINNIFTY,,2026-04-28,2026-04-28,21100.00,CE,FINNIFTY26APR21100CE,0.00,0.00,0.00,6281.40,0.00,6281.40,26047.50,4997.85,0,0,0,0.00,0,F1,60,,,,,
2026-04-13,2026-04-13,FO,NSE,IDO,69634,,FINNIFTY,,2026-04-28,2026-04-28,22600.00,CE,FINNIFTY26APR22600CE,0.00,0.00,0.00,4809.05,0.00,4809.05,26047.50,3501.55,0,0,0,0.00,0,F1,60,,,,,
2026-04-13,2026-04-13,FO,NSE,IDO,76714,,FINNIFTY,,2026-04-28,2026-04-28,22650.00,CE,FINNIFTY26APR22650CE,0.00,0.00,0.00,1162.35,0.00,1162.35,26047.50,3451.70,0,0,0,0.00,0,F1,60,,,,,
2026-04-13,2026-04-13,FO,NSE,IDO,69728,,FINNIFTY,,2026-04-28,2026-04-28,23800.00,CE,FINNIFTY26APR23800CE,0.00,0.00,0.00,3652.50,0.00,3652.50,26047.50,2311.50,0,0,0,0.00,0,F1,60,,,,,
2026-04-13,2026-04-13,FO,NSE,IDO,76855,,FINNIFTY,,2026-04-28,2026-04-28,25150.00,CE,FINNIFTY26APR25150CE,0.00,0.00,0.00,95.70,0.00,95.70,26047.50,1082.60,0,0,0,0.00,0,F1,60,,,,,
2026-04-13,2026-04-13,FO,NSE,IDO,76859,,FINNIFTY,,2026-04-28,2026-04-28,25250.00,CE,FINNIFTY26APR25250CE,0.00,0.00,0.00,83.30,0.00,83.30,26047.50,1004.50,0,0,0,0.00,0,F1,60,,,,,
2026-04-13,2026-04-13,FO,NSE,IDO,70050,,FINNIFTY,,2026-04-28,2026-04-28,26600.00,CE,FINNIFTY26APR26600CE,133.50,133.50,133.50,133.50,133.50,180.35,26047.50,259.40,180,60,1,1604010.00,1,F1,60,,,,,
2026-04-13,2026-04-13,FO,NSE,IDO,77024,,FINNIFTY,,2026-04-28,2026-04-28,26950.00,CE,FINNIFTY26APR26950CE,110.40,174.90,110.40,154.15,154.15,134.90,26047.50,154.15,900,0,4,6503235.00,4,F1,60,,,,,
2026-04-13,2026-04-13,FO,NSE,IDO,35060,,FINNIFTY,,2026-04-28,2026-04-28,27550.00,CE,FINNIFTY26APR27550CE,43.80,43.80,43.80,43.80,43.80,63.95,26047.50,64.55,840,60,1,1655628.00,1,F1,60,,,,,
2026-04-13,2026-04-13,FO,NSE,IDO,38676,,FINNIFTY,,2026-04-28,2026-04-28,27950.00,CE,FINNIFTY26APR27950CE,28.80,28.80,27.80,27.80,27.80,30.50,26047.50,31.90,120,0,2,3357396.00,2,F1,60,,,,,
2026-04-13,2026-04-13,FO,NSE,IDO,70156,,FINNIFTY,,2026-04-28,2026-04-28,28100.00,CE,FINNIFTY26APR28100CE,22.30,22.30,22.30,22.30,22.30,605.65,26047.50,24.05,240,240,4,6749352.00,1,F1,60,,,,,
2026-04-13,2026-04-13,FO,NSE,IDO,38690,,FINNIFTY,,2026-04-28,2026-04-28,28350.00,CE,FINNIFTY26APR28350CE,0.00,0.00,0.00,1.30,0.00,1.30,26047.50,14.70,0,0,0,0.00,0,F1,60,,,,,
2026-04-13,2026-04-13,FO,NSE,IDO,70179,,FINNIFTY,,2026-04-28,2026-04-28,28400.00,CE,FINNIFTY26APR28400CE,0.00,0.00,0.00,502.10,0.00,502.10,26047.50,13.25,0,0,0,0.00,0,F1,60,,,,,
2026-04-13,2026-04-13,FO,NSE,IDO,41329,,FINNIFTY,,2026-04-28,2026-04-28,28450.00,CE,FINNIFTY26APR28450CE,0.00,0.00,0.00,0.95,0.00,0.95,26047.50,11.95,0,0,0,0.00,0,F1,60,,,,,
2026-04-13,2026-04-13,FO,NSE,IDO,69760,,FINNIFTY,,2026-05-26,2026-05-26,29000.00,CE,FINNIFTY26MAY29000CE,0.00,0.00,0.00,831.45,0.00,831.45,26047.50,86.50,0,0,0,0.00,0,F1,60,,,,,
2026-04-13,2026-04-13,FO,NSE,IDO,77516,,FINNIFTY,,2026-06-30,2026-06-30,25800.00,PE,FINNIFTY26JUN25800PE,0.00,0.00,0.00,2150.45,0.00,2150.45,26047.50,766.90,0,0,0,0.00,0,F1,60,,,,,
2026-04-13,2026-04-13,FO,NSE,IDO,77322,,FINNIFTY,,2026-06-30,2026-06-30,22400.00,PE,FINNIFTY26JUN22400PE,0.00,0.00,0.00,353.40,0.00,353.40,26047.50,52.65,0,0,0,0.00,0,F1,60,,,,,
2026-04-13,2026-04-13,FO,NSE,IDO,69684,,FINNIFTY,,2026-05-26,2026-05-26,27500.00,PE,FINNIFTY26MAY27500PE,0.00,0.00,0.00,424.35,0.00,424.35,26047.50,1574.10,0,0,0,0.00,0,F1,60,,,,,
2026-04-13,2026-04-13,FO,NSE,IDO,69668,,FINNIFTY,,2026-05-26,2026-05-26,26700.00,PE,FINNIFTY26MAY26700PE,0.00,0.00,0.00,228.25,0.00,228.25,26047.50,1033.70,0,0,0,0.00,0,F1,60,,,,,
2026-04-13,2026-04-13,FO,NSE,IDO,69656,,FINNIFTY,,2026-05-26,2026-05-26,26100.00,PE,FINNIFTY26MAY26100PE,0.00,0.00,0.00,133.20,0.00,133.20,26047.50,708.00,0,0,0,0.00,0,F1,60,,,,,
2026-04-13,2026-04-13,FO,NSE,IDO,69646,,FINNIFTY,,2026-05-26,2026-05-26,25600.00,PE,FINNIFTY26MAY25600PE,0.00,0.00,0.00,80.60,0.00,80.60,26047.50,491.85,0,0,0,0.00,0,F1,60,,,,,
2026-04-13,2026-04-13,FO,NSE,IDO,69644,,FINNIFTY,,2026-05-26,2026-05-26,25500.00,PE,FINNIFTY26MAY25500PE,0.00,0.00,0.00,72.45,0.00,72.45,26047.50,454.60,0,0,0,0.00,0,F1,60,,,,,
2026-04-13,2026-04-13,FO,NSE,IDO,69548,,FINNIFTY,,2026-05-26,2026-05-26,24300.00,PE,FINNIFTY26MAY24300PE,0.00,0.00,0.00,16.85,0.00,16.85,26047.50,148.95,0,0,0,0.00,0,F1,60,,,,,
