TradDt,BizDt,Sgmt,Src,FinInstrmTp,FinInstrmId,ISIN,TckrSymb,SctySrs,XpryDt,FininstrmActlXpryDt,StrkPric,OptnTp,FinInstrmNm,OpnPric,HghPric,LwPric,ClsPric,LastPric,PrvsClsgPric,UndrlygPric,SttlmPric,OpnIntrst,ChngInOpnIntrst,TtlTradgVol,TtlTrfVal,TtlNbOfTxsExctd,SsnId,NewBrdLotQty,Rmks,Rsvd1,Rsvd2,Rsvd3,Rsvd4
2026-04-13,2026-04-13,FO,NSE,IDO,74145,,NIFTYNXT50,,2026-04-28,2026-04-28,68700.00,PE,NIFTYNXT5026APR68700PE,0.00,0.00,0.00,3136.40,0.00,3136.40,67123.30,2099.80,0,0,0,0.00,0,F1,25,,,,,
2026-04-13,2026-04-13,FO,NSE,IDO,74593,,NIFTYNXT50,,2026-04-28,2026-04-28,80500.00,PE,NIFTYNXT5026APR80500PE,0.00,0.00,0.00,12684.90,0.00,12684.90,67123.30,13184.80,0,0,0,0.00,0,F1,25,,,,,
2026-04-13,2026-04-13,FO,NSE,IDO,73126,,NIFTYNXT50,,2026-05-26,2026-05-26,54500.00,PE,NIFTYNXT5026MAY54500PE,0.00,0.00,0.00,7.65,0.00,7.65,67123.30,4.90,0,0,0,0.00,0,F1,25,,,,,
2026-04-13,2026-04-13,FO,NSE,IDO,49901,,NIFTYNXT50,,2026-05-26,2026-05-26,54600.00,PE,NIFTYNXT5026MAY54600PE,0.00,0.00,0.00,29.50,0.00,29.50,67123.30,5.30,0,0,0,0.00,0,F1,25,,,,,
2026-04-13,2026-04-13,FO,NSE,IDO,43903,,NIFTYNXT50,,2026-05-26,2026-05-26,54800.00,PE,NIFTYNXT5026MAY54800PE,0.00,0.00,0.00,27.75,0.00,27.75,67123.30,6.15,0,0,0,0.00,0,F1,25,,,,,
2026-04-13,2026-04-13,FO,NSE,IDO,43911,,NIFTYNXT50,,2026-05-26,2026-05-26,55200.00,PE,NIFTYNXT5026MAY55200PE,0.00,0.00,0.00,34.45,0.00,34.45,67123.30,8.25,0,0,0,0.00,0,F1,25,,,,,
2026-04-13,2026-04-13,FO,NSE,IDO,43917,,NIFTYNXT50,,2026-05-26,2026-05-26,55600.00,PE,NIFTYNXT5026MAY55600PE,0.00,0.00,0.00,42.50,0.00,42.50,67123.30,10.95,0,0,0,0.00,0,F1,25,,,,,
2026-04-13,2026-04-13,FO,NSE,IDO,73378,,NIFTYNXT50,,2026-05-26,2026-05-26,60300.00,PE,NIFTYNXT5026MAY60300PE,0.00,0.00,0.00,138.20,0.00,138.20,67123.30,169.40,0,0,0,0.00,0,F1,25,,,,,
2026-04-13,2026-04-13,FO,NSE,IDO,73410,,NIFTYNXT50,,2026-05-26,2026-05-26,61600.00,PE,NIFTYNXT5026MAY61600PE,0.00,0.00,0.00,228.50,0.00,228.50,67123.30,303.05,0,0,0,0.00,0,F1,25,,,,,
2026-04-13,2026-04-13,FO,NSE,IDO,73420,,NIFTYNXT50,,2026-05-26,2026-05-26,61900.00,PE,NIFTYNXT5026MAY61900PE,0.00,0.00,0.00,254.95,0.00,254.95,67123.30,343.35,0,0,0,0.00,0,F1,25,,,,,
2026-04-13,2026-04-13,FO,NSE,IDO,73552,,NIFTYNXT50,,2026-05-26,2026-05-26,64200.00,PE,NIFTYNXT5026MAY64200PE,0.00,0.00,0.00,547.90,0.00,547.90,67123.30,807.15,0,0,0,0.00,0,F1,25,,,,,
2026-04-13,2026-04-13,FO,NSE,IDO,73572,,NIFTYNXT50,,2026-05-26,2026-05-26,65100.00,PE,NIFTYNXT5026MAY65100PE,0.00,0.00,0.00,714.85,0.00,714.85,67123.30,1072.15,0,0,0,0.00,0,F1,25,,,,,
2026-04-13,2026-04-13,FO,NSE,IDO,73576,,NIFTYNXT50,,2026-05-26,2026-05-26,65300.00,PE,NIFTYNXT5026MAY65300PE,0.00,0.00,0.00,756.60,0.00,756.60,67123.30,1139.20,0,0,0,0.00,0,F1,25,,,,,
2026-04-13,2026-04-13,FO,NSE,IDO,73578,,NIFTYNXT50,,2026-05-26,2026-05-26,65400.00,PE,NIFTYNXT5026MAY65400PE,0.00,0.00,0.00,778.15,0.00,778.15,67123.30,1173.80,0,0,0,0.00,0,F1,25,,,,,
2026-04-13,2026-04-13,FO,NSE,IDO,73585,,NIFTYNXT50,,2026-05-26,2026-05-26,65600.00,PE,NIFTYNXT5026MAY65600PE,0.00,0.00,0.00,822.55,0.00,822.55,67123.30,1245.10,0,0,0,0.00,0,F1,25,,,,,
2026-04-13,2026-04-13,FO,NSE,IDO,73652,,NIFTYNXT50,,2026-05-26,2026-05-26,67300.00,PE,NIFTYNXT5026MAY67300PE,0.00,0.00,0.00,1276.15,0.00,1276.15,67123.30,1968.95,0,0,0,0.00,0,F1,25,,,,,
2026-04-13,2026-04-13,FO,NSE,IDO,73899,,NIFTYNXT50,,2026-05-26,2026-05-26,71100.00,PE,NIFTYNXT5026MAY71100PE,0.00,0.00,0.00,2849.40,0.00,2849.40,67123.30,4334.95,0,0,0,0.00,0,F1,25,,,,,
2026-04-13,2026-04-13,FO,NSE,IDO,73911,,NIFTYNXT50,,2026-05-26,2026-05-26,71700.00,PE,NIFTYNXT5026MAY71700PE,0.00,0.00,0.00,3171.15,0.00,3171.15,67123.30,4788.90,0,0,0,0.00,0,F1,25,,,,,
2026-04-13,2026-04-13,FO,NSE,IDO,74046,,NIFTYNXT50,,2026-05-26,2026-05-26,72500.00,PE,NIFTYNXT5026MAY72500PE,0.00,0.00,0.00,3630.50,0.00,3630.50,67123.30,5425.35,0,0,0,0.00,0,F1,25,,,,,
2026-04-13,2026-04-13,FO,NSE,IDO,74083,,NIFTYNXT50,,2026-05-26,2026-05-26,73200.00,PE,NIFTYNXT5026MAY73200PE,0.00,0.00,0.00,4059.95,0.00,4059.95,67123.30,6006.00,0,0,0,0.00,0,F1,25,,,,,
2026-04-13,2026-04-13,FO,NSE,IDO,74391,,NIFTYNXT50,,2026-05-26,2026-05-26,73800.00,PE,NIFTYNXT5026MAY73800PE,0.00,0.00,0.00,4447.80,0.00,4447.80,67123.30,6519.25,0,0,0,0.00,0,F1,25,,,,,
2026-04-13,2026-04-13,FO,NSE,IDO,74508,,NIFTYNXT50,,2026-05-26,2026-05-26,75500.00,PE,NIFTYNXT5026MAY75500PE,0.00,0.00,0.00,5641.55,0.00,5641.55,67123.30,8037.20,0,0,0,0.00,0,F1,25,,,,,
2026-04-13,2026-04-13,FO,NSE,IDO,74543,,NIFTYNXT50,,2026-05-26,2026-05-26,76500.00,PE,NIFTYNXT5026MAY76500PE,0.00,0.00,0.00,6397.50,0.00,6397.50,67123.30,8964.40,0,0,0,0.00,0,F1,25,,,,,
2026-04-13,2026-04-13,FO,NSE,IDO,80772,,NIFTYNXT50,,2026-06-30,2026-06-30,51000.00,PE,NIFTYNXT5026JUN51000PE,0.00,0.00,0.00,116.95,0.00,116.95,67123.30,6.85,0,0,0,0.00,0,F1,25,,,,,
2026-04-13,2026-04-13,FO,NSE,IDO,80947,,NIFTYNXT50,,2026-06-30,2026-06-30,54000.00,PE,NIFTYNXT5026JUN54000PE,0.00,0.00,0.00,377.95,0.00,377.95,67123.30,35.55,0,0,0,0.00,0,F1,25,,,,,
2026-04-13,2026-04-13,FO,NSE,IDO,81014,,NIFTYNXT50,,2026-06-30,2026-06-30,55500.00,PE,NIFTYNXT5026JUN55500PE,0.00,0.00,0.00,617.60,0.00,617.60,67123.30,71.95,0,0,0,0.00,0,F1,25,,,,,
2026-04-13,2026-04-13,FO,NSE,IDO,81283,,NIFTYNXT50,,2026-06-30,2026-06-30,58300.00,PE,NIFTYNXT5026JUN58300PE,0.00,0.00,0.00,1339.25,0.00,1339.25,67123.30,223.60,0,0,0,0.00,0,F1,25,,,,,
2026-04-13,2026-04-13,FO,NSE,IDO,81317,,NIFTYNXT50,,2026-06-30,2026-06-30,59000.00,PE,NIFTYNXT5026JUN59000PE,0.00,0.00,0.00,1585.00,0.00,1585.00,67123.30,287.05,0,0,0,0.00,0,F1,25,,,,,
2026-04-13,2026-04-13,FO,NSE,IDO,81340,,NIFTYNXT50,,2026-06-30,2026-06-30,59500.00,PE,NIFTYNXT5026JUN59500PE,0.00,0.00,0.00,1777.60,0.00,1777.60,67123.30,340.55,0,0,0,0.00,0,F1,25,,,,,
2026-04-13,2026-04-13,FO,NSE,IDO,81504,,NIFTYNXT50,,2026-06-30,2026-06-30,62400.00,PE,NIFTYNXT5026JUN62400PE,0.00,0.00,0.00,3179.70,0.00,3179.70,67123.30,819.40,0,0,0,0.00,0,F1,25,,,,,
2026-04-13,2026-04-13,FO,NSE,IDO,81506,,NIFTYNXT50,,2026-06-30,2026-06-30,62500.00,PE,NIFTYNXT5026JUN62500PE,0.00,0.00,0.00,3236.65,0.00,3236.65,67123.30,841.90,0,0,0,0.00,0,F1,25,,,,,
2026-04-13,2026-04-13,FO,NSE,IDO,81510,,NIFTYNXT50,,2026-06-30,2026-06-30,62700.00,PE,NIFTYNXT5026JUN62700PE,0.00,0.00,0.00,3352.15,0.00,3352.15,67123.30,888.25,0,0,0,0.00,0,F1,25,,,,,
2026-04-13,2026-04-13,FO,NSE,IDO,74302,,NIFTYNXT50,,2026-04-28,2026-04-28,72800.00,CE,NIFTYNXT5026APR72800CE,0.00,0.00,0.00,917.70,0.00,917.70,67123.30,63.50,0,0,0,0.00,0,F1,25,,,,,
2026-04-13,2026-04-13,FO,NSE,IDO,74276,,NIFTYNXT50,,2026-04-28,2026-04-28,71700.00,CE,NIFTYNXT5026APR71700CE,0.00,0.00,0.00,1176.85,0.00,1176.85,67123.30,132.40,0,0,0,0.00,0,F1,25,,,,,
2026-04-13,2026-04-13,FO,NSE,IDO,74210,,NIFTYNXT50,,2026-04-28,2026-04-28,70600.00,CE,NIFTYNXT5026APR70600CE,0.00,0.00,0.00,1492.60,0.00,1492.60,67123.30,257.20,0,0,0,0.00,0,F1,25,,,,,
2026-04-13,2026-04-13,FO,NSE,IDO,74158,,NIFTYNXT50,,2026-04-28,2026-04-28,69100.00,CE,NIFTYNXT5026APR69100CE,0.00,0.00,0.00,2022.80,0.00,2022.80,67123.30,567.80,0,0,0,0.00,0,F1,25,,,,,
2026-04-13,2026-04-13,FO,NSE,IDO,73557,,NIFTYNXT50,,2026-05-26,2026-05-26,64500.00,CE,NIFTYNXT5026MAY64500CE,0.00,0.00,0.00,6940.45,0.00,6940.45,67123.30,3983.15,0,0,0,0.00,0,F1,25,,,,,
2026-04-13,2026-04-13,FO,NSE,IDO,73481,,NIFTYNXT50,,2026-04-28,2026-04-28,51000.00,CE,NIFTYNXT5026APR51000CE,0.00,0.00,0.00,16480.85,0.00,16480.85,67123.30,16244.95,0,0,0,0.00,0,F1,25,,,,,
2026-04-13,2026-04-13,FO,NSE,IDO,73702,,NIFTYNXT50,,2026-04-28,2026-04-28,56400.00,CE,NIFTYNXT5026APR56400CE,0.00,0.00,0.00,11233.45,0.00,11233.45,67123.30,10857.90,0,0,0,0.00,0,F1,25,,,,,
2026-04-13,2026-04-13,FO,NSE,IDO,73780,,NIFTYNXT50,,2026-04-28,2026-04-28,58700.00,CE,NIFTYNXT5026APR58700CE,0.00,0.00,0.00,9093.85,0.00,9093.85,67123.30,8564.85,0,0,0,0.00,0,F1,25,,,,,
2026-04-13,2026-04-13,FO,NSE,IDO,73796,,NIFTYNXT50,,2026-04-28,2026-04-28,59300.00,CE,NIFTYNXT5026APR59300CE,0.00,0.00,0.00,8555.05,0.00,8555.05,67123.30,7968.00,0,0,0,0.00,0,F1,25,,,,,
2026-04-13,2026-04-13,FO,NSE,IDO,73814,,NIFTYNXT50,,2026-04-28,2026-04-28,60100.00,CE,NIFTYNXT5026APR60100CE,0.00,0.00,0.00,7853.00,0.00,7853.00,67123.30,7174.70,0,0,0,0.00,0,F1,25,,,,,
2026-04-13,2026-04-13,FO,NSE,IDO,73826,,NIFTYNXT50,,2026-04-28,2026-04-28,60700.00,CE,NIFTYNXT5026APR60700CE,0.00,0.00,0.00,7340.40,0.00,7340.40,67123.30,6583.10,0,0,0,0.00,0,F1,25,,,,,
2026-04-13,2026-04-13,FO,NSE,IDO,73847,,NIFTYNXT50,,2026-04-28,2026-04-28,61600.00,CE,NIFTYNXT5026APR61600CE,0.00,0.00,0.00,6597.05,0.00,6597.05,67123.30,5705.55,0,0,0,0.00,0,F1,25,,,,,
2026-04-13,2026-04-13,FO,NSE,IDO,73863,,NIFTYNXT50,,2026-04-28,2026-04-28,61900.00,CE,NIFTYNXT5026APR61900CE,0.00,0.00,0.00,6356.70,0.00,6356.70,67123.30,5417.00,0,0,0,0.00,0,F1,25,,,,,
2026-04-13,2026-04-13,FO,NSE,IDO,73951,,NIFTYNXT50,,2026-04-28,2026-04-28,63500.00,CE,NIFTYNXT5026APR63500CE,0.00,0.00,0.00,5147.45,0.00,5147.45,67123.30,3935.95,0,0,0,0.00,0,F1,25,,,,,
2026-04-13,2026-04-13,FO,NSE,IDO,74008,,NIFTYNXT50,,2026-04-28,2026-04-28,65400.00,CE,NIFTYNXT5026APR65400CE,0.00,0.00,0.00,3880.65,0.00,3880.65,67123.30,2399.40,0,0,0,0.00,0,F1,25,,,,,
2026-04-13,2026-04-13,FO,NSE,IDO,74017,,NIFTYNXT50,,2026-04-28,2026-04-28,65700.00,CE,NIFTYNXT5026APR65700CE,0.00,0.00,0.00,3699.90,0.00,3699.90,67123.30,2189.10,0,0,0,0.00,0,F1,25,,,,,
2026-04-13,2026-04-13,FO,NSE,IDO,74025,,NIFTYNXT50,,2026-04-28,2026-04-28,66000.00,CE,NIFTYNXT5026APR66000CE,2200.00,2200.00,2200.00,2200.00,2200.00,1800.00,67123.30,1989.10,300,0,1,1705000.00,1,F1,25,,,,,
2026-04-13,2026-04-13,FO,NSE,IDO,74027,,NIFTYNXT50,,2026-04-28,2026-04-28,66100.00,CE,NIFTYNXT5026APR66100CE,0.00,0.00,0.00,3467.15,0.00,3467.15,67123.30,1924.80,0,0,0,0.00,0,F1,25,,,,,
2026-04-13,2026-04-13,FO,NSE,IDO,74031,,NIFTYNXT50,,2026-04-28,2026-04-28,66300.00,CE,NIFTYNXT5026APR66300CE,0.00,0.00,0.00,3354.30,0.00,3354.30,67123.30,1799.80,0,0,0,0.00,0,F1,25,,,,,
2026-04-13,2026-04-13,FO,NSE,IDO,74054,,NIFTYNXT50,,2026-04-28,2026-04-28,67300.00,CE,NIFTYNXT5026APR67300CE,1751.75,1751.75,1751.75,1751.75,1751.75,2825.85,67123.30,1249.20,25,25,1,1726293.75,1,F1,25,,,,,
2026-04-13,2026-04-13,FO,NSE,IDO,82016,,NIFTYNXT50,,2026-06-30,2026-06-30,72200.00,PE,NIFTYNXT5026JUN72200PE,0.00,0.00,0.00,10793.20,0.00,10793.20,67123.30,5458.90,0,0,0,0.00,0,F1,25,,,,,
2026-04-13,2026-04-13,FO,NSE,IDO,82001,,NIFTYNXT50,,2026-06-30,2026-06-30,71700.00,PE,NIFTYNXT5026JUN71700PE,0.00,0.00,0.00,10336.45,0.00,10336.45,67123.30,5104.55,0,0,0,0.00,0,F1,25,,,,,
2026-04-13,2026-04-13,FO,NSE,IDO,81743,,NIFTYNXT50,,2026-06-30,2026-06-30,66800.00,PE,NIFTYNXT5026JUN66800PE,0.00,0.00,0.00,6164.15,0.00,6164.15,67123.30,2276.65,0,0,0,0.00,0,F1,25,,,,,
2026-04-13,2026-04-13,FO,NSE,IDO,81657,,NIFTYNXT50,,2026-06-30,2026-06-30,64900.00,PE,NIFTYNXT5026JUN64900PE,0.00,0.00,0.00,4761.80,0.00,4761.80,67123.30,1523.90,0,0,0,0.00,0,F1,25,,,,,
2026-04-13,2026-04-13,FO,NSE,IDO,81655,,NIFTYNXT50,,2026-06-30,2026-06-30,64800.00,PE,NIFTYNXT5026JUN64800PE,0.00,0.00,0.00,4692.50,0.00,4692.50,67123.30,1489.65,0,0,0,0.00,0,F1,25,,,,,
2026-04-13,2026-04-13,FO,NSE,IDO,81570,,NIFTYNXT50,,2026-06-30,2026-06-30,63700.00,PE,NIFTYNXT5026JUN63700PE,0.00,0.00,0.00,3962.10,0.00,3962.10,67123.30,1149.55,0,0,0,0.00,0,F1,25,,,,,
2026-04-13,2026-04-13,FO,NSE,IDO,81370,,NIFTYNXT50,,2026-06-30,2026-06-30,60800.00,PE,NIFTYNXT5026JUN60800PE,0.00,0.00,0.00,2346.10,0.00,2346.10,67123.30,516.55,0,0,0,0.00,0,F1,25,,,,,
2026-04-13,2026-04-13,FO,NSE,IDO,81344,,NIFTYNXT50,,2026-06-30,2026-06-30,59700.00,PE,NIFTYNXT5026JUN59700PE,0.00,0.00,0.00,1858.65,0.00,1858.65,67123.30,364.05,0,0,0,0.00,0,F1,25,,,,,
2026-04-13,2026-04-13,FO,NSE,IDO,81329,,NIFTYNXT50,,2026-06-30,2026-06-30,59200.00,PE,NIFTYNXT5026JUN59200PE,0.00,0.00,0.00,1660.30,0.00,1660.30,67123.30,307.60,0,0,0,0.00,0,F1,25,,,,,
2026-04-13,2026-04-13,FO,NSE,IDO,81281,,NIFTYNXT50,,2026-06-30,2026-06-30,58200.00,PE,NIFTYNXT5026JUN58200PE,0.00,0.00,0.00,1306.40,0.00,1306.40,67123.30,215.50,0,0,0,0.00,0,F1,25,,,,,
2026-04-13,2026-04-13,FO,NSE,IDO,81254,,NIFTYNXT50,,2026-06-30,2026-06-30,57800.00,PE,NIFTYNXT5026JUN57800PE,0.00,0.00,0.00,1180.40,0.00,1180.40,67123.30,185.60,0,0,0,0.00,0,F1,25,,,,,
2026-04-13,2026-04-13,FO,NSE,IDO,81246,,NIFTYNXT50,,2026-06-30,2026-06-30,57700.00,PE,NIFTYNXT5026JUN57700PE,0.00,0.00,0.00,1150.30,0.00,1150.30,67123.30,178.65,0,0,0,0.00,0,F1,25,,,,,
2026-04-13,2026-04-13,FO,NSE,IDO,81215,,NIFTYNXT50,,2026-06-30,2026-06-30,56500.00,PE,NIFTYNXT5026JUN56500PE,0.00,0.00,0.00,830.80,0.00,830.80,67123.30,110.70,0,0,0,0.00,0,F1,25,,,,,
2026-04-13,2026-04-13,FO,NSE,IDO,81010,,NIFTYNXT50,,2026-06-30,2026-06-30,55300.00,PE,NIFTYNXT5026JUN55300PE,0.00,0.00,0.00,580.35,0.00,580.35,67123.30,65.80,0,0,0,0.00,0,F1,25,,,,,
2026-04-13,2026-04-13,FO,NSE,IDO,81004,,NIFTYNXT50,,2026-06-30,2026-06-30,55000.00,PE,NIFTYNXT5026JUN55000PE,0.00,0.00,0.00,527.70,0.00,527.70,67123.30,57.35,0,0,0,0.00,0,F1,25,,,,,
2026-04-13,2026-04-13,FO,NSE,IDO,80980,,NIFTYNXT50,,2026-06-30,2026-06-30,54600.00,PE,NIFTYNXT5026JUN54600PE,0.00,0.00,0.00,463.20,0.00,463.20,67123.30,47.55,0,0,0,0.00,0,F1,25,,,,,
2026-04-13,2026-04-13,FO,NSE,IDO,80969,,NIFTYNXT50,,2026-06-30,2026-06-30,54300.00,PE,NIFTYNXT5026JUN54300PE,0.00,0.00,0.00,418.90,0.00,418.90,67123.30,41.15,0,0,0,0.00,0,F1,25,,,,,
2026-04-13,2026-04-13,FO,NSE,IDO,80881,,NIFTYNXT50,,2026-06-30,2026-06-30,53000.00,PE,NIFTYNXT5026JUN53000PE,0.00,0.00,0.00,263.40,0.00,263.40,67123.30,21.30,0,0,0,0.00,0,F1,25,,,,,
2026-04-13,2026-04-13,FO,NSE,IDO,74526,,NIFTYNXT50,,2026-05-26,2026-05-26,76000.00,PE,NIFTYNXT5026MAY76000PE,0.00,0.00,0.00,6016.25,0.00,6016.25,67123.30,8498.15,0,0,0,0.00,0,F1,25,,,,,
2026-04-13,2026-04-13,FO,NSE,IDO,74388,,NIFTYNXT50,,2026-05-26,2026-05-26,73700.00,PE,NIFTYNXT5026MAY73700PE,0.00,0.00,0.00,4381.90,0.00,4381.90,67123.30,6432.80,0,0,0,0.00,0,F1,25,,,,,
2026-04-13,2026-04-13,FO,NSE,IDO,74009,,NIFTYNXT50,,2026-05-26,2026-05-26,72300.00,PE,NIFTYNXT5026MAY72300PE,0.00,0.00,0.00,3512.45,0.00,3512.45,67123.30,5263.40,0,0,0,0.00,0,F1,25,,,,,
2026-04-13,2026-04-13,FO,NSE,IDO,73875,,NIFTYNXT50,,2026-05-26,2026-05-26,69900.00,PE,NIFTYNXT5026MAY69900PE,0.00,0.00,0.00,2266.05,0.00,2266.05,67123.30,3482.10,0,0,0,0.00,0,F1,25,,,,,
2026-04-13,2026-04-13,FO,NSE,IDO,73869,,NIFTYNXT50,,2026-05-26,2026-05-26,69600.00,PE,NIFTYNXT5026MAY69600PE,0.00,0.00,0.00,2132.70,0.00,2132.70,67123.30,3283.60,0,0,0,0.00,0,F1,25,,,,,
2026-04-13,2026-04-13,FO,NSE,IDO,73562,,NIFTYNXT50,,2026-05-26,2026-05-26,64700.00,PE,NIFTYNXT5026MAY64700PE,0.00,0.00,0.00,636.55,0.00,636.55,67123.30,946.30,0,0,0,0.00,0,F1,25,,,,,
2026-04-13,2026-04-13,FO,NSE,IDO,73550,,NIFTYNXT50,,2026-05-26,2026-05-26,64100.00,PE,NIFTYNXT5026MAY64100PE,0.00,0.00,0.00,531.35,0.00,531.35,67123.30,780.90,0,0,0,0.00,0,F1,25,,,,,
2026-04-13,2026-04-13,FO,NSE,IDO,73544,,NIFTYNXT50,,2026-05-26,2026-05-26,63900.00,PE,NIFTYNXT5026MAY63900PE,0.00,0.00,0.00,499.40,0.00,499.40,67123.30,727.55,0,0,0,0.00,0,F1,25,,,,,
2026-04-13,2026-04-13,FO,NSE,IDO,73380,,NIFTYNXT50,,2026-05-26,2026-05-26,60400.00,PE,NIFTYNXT5026MAY60400PE,0.00,0.00,0.00,143.90,0.00,143.90,67123.30,177.55,0,0,0,0.00,0,F1,25,,,,,
2026-04-13,2026-04-13,FO,NSE,IDO,73337,,NIFTYNXT50,,2026-05-26,2026-05-26,59500.00,PE,NIFTYNXT5026MAY59500PE,0.00,0.00,0.00,99.00,0.00,99.00,67123.30,114.40,0,0,0,0.00,0,F1,25,,,,,
2026-04-13,2026-04-13,FO,NSE,IDO,73285,,NIFTYNXT50,,2026-05-26,2026-05-26,58600.00,PE,NIFTYNXT5026MAY58600PE,0.00,0.00,0.00,66.50,0.00,66.50,67123.30,71.15,0,0,0,0.00,0,F1,25,,,,,
2026-04-13,2026-04-13,FO,NSE,IDO,41304,,NIFTYNXT50,,2026-05-26,2026-05-26,57200.00,PE,NIFTYNXT5026MAY57200PE,0.00,0.00,0.00,42.40,0.00,42.40,67123.30,31.50,0,0,0,0.00,0,F1,25,,,,,
2026-04-13,2026-04-13,FO,NSE,IDO,73124,,NIFTYNXT50,,2026-05-26,2026-05-26,54000.00,PE,NIFTYNXT5026MAY54000PE,0.00,0.00,0.00,5.65,0.00,5.65,67123.30,3.30,0,0,0,0.00,0,F1,25,,,,,
2026-04-13,2026-04-13,FO,NSE,IDO,74490,,NIFTYNXT50,,2026-04-28,2026-04-28,77500.00,PE,NIFTYNXT5026APR77500PE,0.00,0.00,0.00,9892.10,0.00,9892.10,67123.30,10193.15,0,0,0,0.00,0,F1,25,,,,,
2026-04-13,2026-04-13,FO,NSE,IDO,74329,,NIFTYNXT50,,2026-04-28,2026-04-28,74100.00,PE,NIFTYNXT5026APR74100PE,0.00,0.00,0.00,6941.25,0.00,6941.25,67123.30,6824.30,0,0,0,0.00,0,F1,25,,,,,
2026-04-13,2026-04-13,FO,NSE,IDO,74307,,NIFTYNXT50,,2026-04-28,2026-04-28,73000.00,PE,NIFTYNXT5026APR73000PE,0.00,0.00,0.00,6061.35,0.00,6061.35,67123.30,5757.75,0,0,0,0.00,0,F1,25,,,,,
2026-04-13,2026-04-13,FO,NSE,IDO,74204,,NIFTYNXT50,,2026-04-28,2026-04-28,70300.00,PE,NIFTYNXT5026APR70300PE,0.00,0.00,0.00,4115.95,0.00,4115.95,67123.30,3313.55,0,0,0,0.00,0,F1,25,,,,,
2026-04-13,2026-04-13,FO,NSE,IDO,74189,,NIFTYNXT50,,2026-04-28,2026-04-28,69700.00,PE,NIFTYNXT5026APR69700PE,0.00,0.00,0.00,3732.25,0.00,3732.25,67123.30,2830.70,0,0,0,0.00,0,F1,25,,,,,
2026-04-13,2026-04-13,FO,NSE,IDO,74187,,NIFTYNXT50,,2026-04-28,2026-04-28,69600.00,PE,NIFTYNXT5026APR69600PE,0.00,0.00,0.00,3670.20,0.00,3670.20,67123.30,2753.25,0,0,0,0.00,0,F1,25,,,,,
2026-04-13,2026-04-13,FO,NSE,IDO,74159,,NIFTYNXT50,,2026-04-28,2026-04-28,69100.00,PE,NIFTYNXT5026APR69100PE,0.00,0.00,0.00,3368.05,0.00,3368.05,67123.30,2379.75,0,0,0,0.00,0,F1,25,,,,,
2026-04-13,2026-04-13,FO,NSE,IDO,74028,,NIFTYNXT50,,2026-04-28,2026-04-28,66100.00,PE,NIFTYNXT5026APR66100PE,0.00,0.00,0.00,1858.30,0.00,1858.30,67123.30,743.85,0,0,0,0.00,0,F1,25,,,,,
2026-04-13,2026-04-13,FO,NSE,IDO,74024,,NIFTYNXT50,,2026-04-28,2026-04-28,65900.00,PE,NIFTYNXT5026APR65900PE,0.00,0.00,0.00,1776.60,0.00,1776.60,67123.30,674.10,0,0,0,0.00,0,F1,25,,,,,
2026-04-13,2026-04-13,FO,NSE,IDO,74012,,NIFTYNXT50,,2026-04-28,2026-04-28,65400.00,PE,NIFTYNXT5026APR65400PE,0.00,0.00,0.00,1582.55,0.00,1582.55,67123.30,520.15,0,0,0,0.00,0,F1,25,,,,,
2026-04-13,2026-04-13,FO,NSE,IDO,73987,,NIFTYNXT50,,2026-04-28,2026-04-28,64800.00,PE,NIFTYNXT5026APR64800PE,0.00,0.00,0.00,1368.90,0.00,1368.90,67123.30,371.80,0,0,0,0.00,0,F1,25,,,,,
2026-04-13,2026-04-13,FO,NSE,IDO,73974,,NIFTYNXT50,,2026-04-28,2026-04-28,64300.00,PE,NIFTYNXT5026APR64300PE,0.00,0.00,0.00,1206.50,0.00,1206.50,67123.30,274.45,0,0,0,0.00,0,F1,25,,,,,
2026-04-13,2026-04-13,FO,NSE,IDO,73942,,NIFTYNXT50,,2026-04-28,2026-04-28,63000.00,PE,NIFTYNXT5026APR63000PE,0.00,0.00,0.00,390.00,390.00,390.00,67123.30,112.10,300,0,0,0.00,0,F1,25,,,,,
2026-04-13,2026-04-13,FO,NSE,IDO,73862,,NIFTYNXT50,,2026-04-28,2026-04-28,61800.00,PE,NIFTYNXT5026APR61800PE,0.00,0.00,0.00,593.40,0.00,593.40,67123.30,42.20,0,0,0,0.00,0,F1,25,,,,,
2026-04-13,2026-04-13,FO,NSE,IDO,73821,,NIFTYNXT50,,2026-04-28,2026-04-28,60400.00,PE,NIFTYNXT5026APR60400PE,0.00,0.00,0.00,373.60,0.00,373.60,67123.30,11.05,0,0,0,0.00,0,F1,25,,,,,
2026-04-13,2026-04-13,FO,NSE,IDO,73819,,NIFTYNXT50,,2026-04-28,2026-04-28,60300.00,PE,NIFTYNXT5026APR60300PE,0.00,0.00,0.00,360.75,0.00,360.75,67123.30,9.95,0,0,0,0.00,0,F1,25,,,,,
2026-04-13,2026-04-13,FO,NSE,IDO,73807,,NIFTYNXT50,,2026-04-28,2026-04-28,59700.00,PE,NIFTYNXT5026APR59700PE,0.00,0.00,0.00,290.75,0.00,290.75,67123.30,5.20,0,0,0,0.00,0,F1,25,,,,,
2026-04-13,2026-04-13,FO,NSE,IDO,73791,,NIFTYNXT50,,2026-04-28,2026-04-28,59100.00,PE,NIFTYNXT5026APR59100PE,0.00,0.00,0.00,231.95,0.00,231.95,67123.30,2.60,0,0,0,0.00,0,F1,25,,,,,
2026-04-13,2026-04-13,FO,NSE,IDO,73761,,NIFTYNXT50,,2026-04-28,2026-04-28,57900.00,PE,NIFTYNXT5026APR57900PE,0.00,0.00,0.00,142.95,0.00,142.95,67123.30,0.55,0,0,0,0.00,0,F1,25,,,,,
2026-04-13,2026-04-13,FO,NSE,IDO,73540,,NIFTYNXT50,,2026-04-28,2026-04-28,55400.00,PE,NIFTYNXT5026APR55400PE,0.00,0.00,0.00,44.85,0.00,44.85,67123.30,0.05,0,0,0,0.00,0,F1,25,,,,,
2026-04-13,2026-04-13,FO,NSE,IDO,41232,,NIFTYNXT50,,2026-04-28,2026-04-28,54600.00,PE,NIFTYNXT5026APR54600PE,0.00,0.00,0.00,31.40,0.00,31.40,67123.30,0.00,0,0,0,0.00,0,F1,25,,,,,
2026-04-13,2026-04-13,FO,NSE,IDO,35284,,NIFTYNXT50,,2026-06-30,2026-06-30,73200.00,CE,NIFTYNXT5026JUN73200CE,0.00,0.00,0.00,308.20,0.00,308.20,67123.30,1095.50,0,0,0,0.00,0,F1,25,,,,,
2026-04-13,2026-04-13,FO,NSE,IDO,82010,,NIFTYNXT50,,2026-06-30,2026-06-30,72100.00,CE,NIFTYNXT5026JUN72100CE,0.00,0.00,0.00,242.85,0.00,242.85,67123.30,1365.50,0,0,0,0.00,0,F1,25,,,,,
2026-04-13,2026-04-13,FO,NSE,IDO,82006,,NIFTYNXT50,,2026-06-30,2026-06-30,72000.00,CE,NIFTYNXT5026JUN72000CE,0.00,0.00,0.00,249.55,0.00,249.55,67123.30,1392.90,0,0,0,0.00,0,F1,25,,,,,
2026-04-13,2026-04-13,FO,NSE,IDO,81996,,NIFTYNXT50,,2026-06-30,2026-06-30,71500.00,CE,NIFTYNXT5026JUN71500CE,0.00,0.00,0.00,285.55,0.00,285.55,67123.30,1536.30,0,0,0,0.00,0,F1,25,,,,,
2026-04-13,2026-04-13,FO,NSE,IDO,81988,,NIFTYNXT50,,2026-06-30,2026-06-30,71100.00,CE,NIFTYNXT5026JUN71100CE,0.00,0.00,0.00,317.55,0.00,317.55,67123.30,1659.05,0,0,0,0.00,0,F1,25,,,,,
2026-04-13,2026-04-13,FO,NSE,IDO,81982,,NIFTYNXT50,,2026-06-30,2026-06-30,70800.00,CE,NIFTYNXT5026JUN70800CE,0.00,0.00,0.00,343.55,0.00,343.55,67123.30,1756.00,0,0,0,0.00,0,F1,25,,,,,
2026-04-13,2026-04-13,FO,NSE,IDO,81980,,NIFTYNXT50,,2026-06-30,2026-06-30,70700.00,CE,NIFTYNXT5026JUN70700CE,0.00,0.00,0.00,352.65,0.00,352.65,67123.30,1789.30,0,0,0,0.00,0,F1,25,,,,,
2026-04-13,2026-04-13,FO,NSE,IDO,81670,,NIFTYNXT50,,2026-06-30,2026-06-30,65600.00,CE,NIFTYNXT5026JUN65600CE,0.00,0.00,0.00,1184.80,0.00,1184.80,67123.30,4170.85,0,0,0,0.00,0,F1,25,,,,,
2026-04-13,2026-04-13,FO,NSE,IDO,81624,,NIFTYNXT50,,2026-06-30,2026-06-30,64300.00,CE,NIFTYNXT5026JUN64300CE,0.00,0.00,0.00,1554.65,0.00,1554.65,67123.30,5001.15,0,0,0,0.00,0,F1,25,,,,,
2026-04-13,2026-04-13,FO,NSE,IDO,81618,,NIFTYNXT50,,2026-06-30,2026-06-30,64100.00,CE,NIFTYNXT5026JUN64100CE,0.00,0.00,0.00,1618.75,0.00,1618.75,67123.30,5136.70,0,0,0,0.00,0,F1,25,,,,,
2026-04-13,2026-04-13,FO,NSE,IDO,81565,,NIFTYNXT50,,2026-06-30,2026-06-30,63500.00,CE,NIFTYNXT5026JUN63500CE,0.00,0.00,0.00,1823.15,0.00,1823.15,67123.30,5558.50,0,0,0,0.00,0,F1,25,,,,,
2026-04-13,2026-04-13,FO,NSE,IDO,81561,,NIFTYNXT50,,2026-06-30,2026-06-30,63300.00,CE,NIFTYNXT5026JUN63300CE,0.00,0.00,0.00,1895.45,0.00,1895.45,67123.30,5702.30,0,0,0,0.00,0,F1,25,,,,,
2026-04-13,2026-04-13,FO,NSE,IDO,81326,,NIFTYNXT50,,2026-06-30,2026-06-30,59100.00,CE,NIFTYNXT5026JUN59100CE,0.00,0.00,0.00,3930.80,0.00,3930.80,67123.30,9103.35,0,0,0,0.00,0,F1,25,,,,,
2026-04-13,2026-04-13,FO,NSE,IDO,81314,,NIFTYNXT50,,2026-06-30,2026-06-30,58900.00,CE,NIFTYNXT5026JUN58900CE,0.00,0.00,0.00,4053.05,0.00,4053.05,67123.30,9280.70,0,0,0,0.00,0,F1,25,,,,,
2026-04-13,2026-04-13,FO,NSE,IDO,81243,,NIFTYNXT50,,2026-06-30,2026-06-30,57600.00,CE,NIFTYNXT5026JUN57600CE,0.00,0.00,0.00,4902.30,0.00,4902.30,67123.30,10458.20,0,0,0,0.00,0,F1,25,,,,,
2026-04-13,2026-04-13,FO,NSE,IDO,81226,,NIFTYNXT50,,2026-06-30,2026-06-30,57100.00,CE,NIFTYNXT5026JUN57100CE,0.00,0.00,0.00,5256.25,0.00,5256.25,67123.30,10921.00,0,0,0,0.00,0,F1,25,,,,,
2026-04-13,2026-04-13,FO,NSE,IDO,80870,,NIFTYNXT50,,2026-06-30,2026-06-30,52500.00,CE,NIFTYNXT5026JUN52500CE,0.00,0.00,0.00,9007.75,0.00,9007.75,67123.30,15335.00,0,0,0,0.00,0,F1,25,,,,,
2026-04-13,2026-04-13,FO,NSE,IDO,74652,,NIFTYNXT50,,2026-05-26,2026-05-26,80000.00,CE,NIFTYNXT5026MAY80000CE,0.00,0.00,0.00,409.65,0.00,409.65,67123.30,36.15,0,0,0,0.00,0,F1,25,,,,,
2026-04-13,2026-04-13,FO,NSE,IDO,74621,,NIFTYNXT50,,2026-05-26,2026-05-26,78500.00,CE,NIFTYNXT5026MAY78500CE,0.00,0.00,0.00,591.40,0.00,591.40,67123.30,67.70,0,0,0,0.00,0,F1,25,,,,,
2026-04-13,2026-04-13,FO,NSE,IDO,74554,,NIFTYNXT50,,2026-05-26,2026-05-26,77000.00,CE,NIFTYNXT5026MAY77000CE,0.00,0.00,0.00,837.10,0.00,837.10,67123.30,122.45,0,0,0,0.00,0,F1,25,,,,,
2026-04-13,2026-04-13,FO,NSE,IDO,74471,,NIFTYNXT50,,2026-05-26,2026-05-26,75000.00,CE,NIFTYNXT5026MAY75000CE,0.00,0.00,0.00,1288.30,0.00,1288.30,67123.30,254.85,0,0,0,0.00,0,F1,25,,,,,
2026-04-13,2026-04-13,FO,NSE,IDO,74114,,NIFTYNXT50,,2026-05-26,2026-05-26,73400.00,CE,NIFTYNXT5026MAY73400CE,0.00,0.00,0.00,1774.40,0.00,1774.40,67123.30,436.50,0,0,0,0.00,0,F1,25,,,,,
2026-04-13,2026-04-13,FO,NSE,IDO,74048,,NIFTYNXT50,,2026-05-26,2026-05-26,72600.00,CE,NIFTYNXT5026MAY72600CE,0.00,0.00,0.00,2064.25,0.00,2064.25,67123.30,562.05,0,0,0,0.00,0,F1,25,,,,,
2026-04-13,2026-04-13,FO,NSE,IDO,74045,,NIFTYNXT50,,2026-05-26,2026-05-26,72500.00,CE,NIFTYNXT5026MAY72500CE,0.00,0.00,0.00,2102.80,0.00,2102.80,67123.30,579.70,0,0,0,0.00,0,F1,25,,,,,
2026-04-13,2026-04-13,FO,NSE,IDO,73924,,NIFTYNXT50,,2026-05-26,2026-05-26,71900.00,CE,NIFTYNXT5026MAY71900CE,0.00,0.00,0.00,2345.20,0.00,2345.20,67123.30,695.00,0,0,0,0.00,0,F1,25,,,,,
2026-04-13,2026-04-13,FO,NSE,IDO,73921,,NIFTYNXT50,,2026-05-26,2026-05-26,71800.00,CE,NIFTYNXT5026MAY71800CE,0.00,0.00,0.00,2387.50,0.00,2387.50,67123.30,715.95,0,0,0,0.00,0,F1,25,,,,,
2026-04-13,2026-04-13,FO,NSE,IDO,73904,,NIFTYNXT50,,2026-05-26,2026-05-26,71400.00,CE,NIFTYNXT5026MAY71400CE,0.00,0.00,0.00,2562.00,0.00,2562.00,67123.30,807.30,0,0,0,0.00,0,F1,25,,,,,
2026-04-13,2026-04-13,FO,NSE,IDO,73896,,NIFTYNXT50,,2026-05-26,2026-05-26,71000.00,CE,NIFTYNXT5026MAY71000CE,0.00,0.00,0.00,2745.30,0.00,2745.30,67123.30,901.20,0,0,0,0.00,0,F1,25,,,,,
2026-04-13,2026-04-13,FO,NSE,IDO,73878,,NIFTYNXT50,,2026-05-26,2026-05-26,70100.00,CE,NIFTYNXT5026MAY70100CE,0.00,0.00,0.00,3190.50,0.00,3190.50,67123.30,1154.35,0,0,0,0.00,0,F1,25,,,,,
2026-04-13,2026-04-13,FO,NSE,IDO,73870,,NIFTYNXT50,,2026-05-26,2026-05-26,69700.00,CE,NIFTYNXT5026MAY69700CE,0.00,0.00,0.00,3402.80,0.00,3402.80,67123.30,1282.90,0,0,0,0.00,0,F1,25,,,,,
2026-04-13,2026-04-13,FO,NSE,IDO,73660,,NIFTYNXT50,,2026-05-26,2026-05-26,67700.00,CE,NIFTYNXT5026MAY67700CE,0.00,0.00,0.00,4597.80,0.00,4597.80,67123.30,2089.15,0,0,0,0.00,0,F1,25,,,,,
2026-04-13,2026-04-13,FO,NSE,IDO,73655,,NIFTYNXT50,,2026-05-26,2026-05-26,67500.00,CE,NIFTYNXT5026MAY67500CE,0.00,0.00,0.00,4729.25,0.00,4729.25,67123.30,2185.55,0,0,0,0.00,0,F1,25,,,,,
2026-04-13,2026-04-13,FO,NSE,IDO,73653,,NIFTYNXT50,,2026-05-26,2026-05-26,67400.00,CE,NIFTYNXT5026MAY67400CE,0.00,0.00,0.00,4795.80,0.00,4795.80,67123.30,2235.15,0,0,0,0.00,0,F1,25,,,,,
2026-04-13,2026-04-13,FO,NSE,IDO,73625,,NIFTYNXT50,,2026-05-26,2026-05-26,66500.00,CE,NIFTYNXT5026MAY66500CE,0.00,0.00,0.00,5421.10,0.00,5421.10,67123.30,2712.20,0,0,0,0.00,0,F1,25,,,,,
2026-04-13,2026-04-13,FO,NSE,IDO,73590,,NIFTYNXT50,,2026-05-26,2026-05-26,65900.00,CE,NIFTYNXT5026MAY65900CE,0.00,0.00,0.00,5856.25,0.00,5856.25,67123.30,3063.45,0,0,0,0.00,0,F1,25,,,,,
2026-04-13,2026-04-13,FO,NSE,IDO,73553,,NIFTYNXT50,,2026-05-26,2026-05-26,64300.00,CE,NIFTYNXT5026MAY64300CE,0.00,0.00,0.00,7102.10,0.00,7102.10,67123.30,4128.35,0,0,0,0.00,0,F1,25,,,,,
2026-04-13,2026-04-13,FO,NSE,IDO,73502,,NIFTYNXT50,,2026-05-26,2026-05-26,63400.00,CE,NIFTYNXT5026MAY63400CE,0.00,0.00,0.00,7848.45,0.00,7848.45,67123.30,4798.40,0,0,0,0.00,0,F1,25,,,,,
2026-04-13,2026-04-13,FO,NSE,IDO,73407,,NIFTYNXT50,,2026-05-26,2026-05-26,61500.00,CE,NIFTYNXT5026MAY61500CE,0.00,0.00,0.00,9511.35,0.00,9511.35,67123.30,6364.20,0,0,0,0.00,0,F1,25,,,,,
2026-04-13,2026-04-13,FO,NSE,IDO,73351,,NIFTYNXT50,,2026-05-26,2026-05-26,59800.00,CE,NIFTYNXT5026MAY59800CE,0.00,0.00,0.00,11075.65,0.00,11075.65,67123.30,7894.25,0,0,0,0.00,0,F1,25,,,,,
2026-04-13,2026-04-13,FO,NSE,IDO,73203,,NIFTYNXT50,,2026-05-26,2026-05-26,58100.00,CE,NIFTYNXT5026MAY58100CE,0.00,0.00,0.00,12687.90,0.00,12687.90,67123.30,9502.60,0,0,0,0.00,0,F1,25,,,,,
2026-04-13,2026-04-13,FO,NSE,IDO,73195,,NIFTYNXT50,,2026-05-26,2026-05-26,58000.00,CE,NIFTYNXT5026MAY58000CE,0.00,0.00,0.00,12783.85,0.00,12783.85,67123.30,9598.85,0,0,0,0.00,0,F1,25,,,,,
2026-04-13,2026-04-13,FO,NSE,IDO,41297,,NIFTYNXT50,,2026-05-26,2026-05-26,56800.00,CE,NIFTYNXT5026MAY56800CE,0.00,0.00,0.00,12761.55,0.00,12761.55,67123.30,10763.80,0,0,0,0.00,0,F1,25,,,,,
2026-04-13,2026-04-13,FO,NSE,IDO,43946,,NIFTYNXT50,,2026-05-26,2026-05-26,56600.00,CE,NIFTYNXT5026MAY56600CE,0.00,0.00,0.00,11135.25,0.00,11135.25,67123.30,10959.40,0,0,0,0.00,0,F1,25,,,,,
2026-04-13,2026-04-13,FO,NSE,IDO,43942,,NIFTYNXT50,,2026-05-26,2026-05-26,56300.00,CE,NIFTYNXT5026MAY56300CE,0.00,0.00,0.00,11421.20,0.00,11421.20,67123.30,11253.35,0,0,0,0.00,0,F1,25,,,,,
2026-04-13,2026-04-13,FO,NSE,IDO,43938,,NIFTYNXT50,,2026-05-26,2026-05-26,56100.00,CE,NIFTYNXT5026MAY56100CE,0.00,0.00,0.00,11612.45,0.00,11612.45,67123.30,11449.65,0,0,0,0.00,0,F1,25,,,,,
2026-04-13,2026-04-13,FO,NSE,IDO,74320,,NIFTYNXT50,,2026-04-28,2026-04-28,73700.00,CE,NIFTYNXT5026APR73700CE,0.00,0.00,0.00,741.40,0.00,741.40,67123.30,33.00,0,0,0,0.00,0,F1,25,,,,,
2026-04-13,2026-04-13,FO,NSE,IDO,74316,,NIFTYNXT50,,2026-04-28,2026-04-28,73500.00,CE,NIFTYNXT5026APR73500CE,0.00,0.00,0.00,777.95,0.00,777.95,67123.30,38.35,0,0,0,0.00,0,F1,25,,,,,
2026-04-13,2026-04-13,FO,NSE,IDO,81629,,NIFTYNXT50,,2026-06-30,2026-06-30,64500.00,PE,NIFTYNXT5026JUN64500PE,0.00,0.00,0.00,4487.40,0.00,4487.40,67123.30,1390.00,0,0,0,0.00,0,F1,25,,,,,
2026-04-13,2026-04-13,FO,NSE,IDO,81615,,NIFTYNXT50,,2026-06-30,2026-06-30,63900.00,PE,NIFTYNXT5026JUN63900PE,0.00,0.00,0.00,4090.40,0.00,4090.40,67123.30,1204.55,0,0,0,0.00,0,F1,25,,,,,
2026-04-13,2026-04-13,FO,NSE,IDO,81508,,NIFTYNXT50,,2026-06-30,2026-06-30,62600.00,PE,NIFTYNXT5026JUN62600PE,0.00,0.00,0.00,3294.10,0.00,3294.10,67123.30,864.85,0,0,0,0.00,0,F1,25,,,,,
2026-04-13,2026-04-13,FO,NSE,IDO,81354,,NIFTYNXT50,,2026-06-30,2026-06-30,60000.00,PE,NIFTYNXT5026JUN60000PE,0.00,0.00,0.00,1984.60,0.00,1984.60,67123.30,401.60,0,0,0,0.00,0,F1,25,,,,,
2026-04-13,2026-04-13,FO,NSE,IDO,81342,,NIFTYNXT50,,2026-06-30,2026-06-30,59600.00,PE,NIFTYNXT5026JUN59600PE,0.00,0.00,0.00,1817.85,0.00,1817.85,67123.30,352.15,0,0,0,0.00,0,F1,25,,,,,
2026-04-13,2026-04-13,FO,NSE,IDO,81327,,NIFTYNXT50,,2026-06-30,2026-06-30,59100.00,PE,NIFTYNXT5026JUN59100PE,0.00,0.00,0.00,1622.35,0.00,1622.35,67123.30,297.20,0,0,0,0.00,0,F1,25,,,,,
2026-04-13,2026-04-13,FO,NSE,IDO,81289,,NIFTYNXT50,,2026-06-30,2026-06-30,58400.00,PE,NIFTYNXT5026JUN58400PE,0.00,0.00,0.00,1372.65,0.00,1372.65,67123.30,231.90,0,0,0,0.00,0,F1,25,,,,,
2026-04-13,2026-04-13,FO,NSE,IDO,81268,,NIFTYNXT50,,2026-06-30,2026-06-30,58100.00,PE,NIFTYNXT5026JUN58100PE,0.00,0.00,0.00,1274.05,0.00,1274.05,67123.30,207.70,0,0,0,0.00,0,F1,25,,,,,
2026-04-13,2026-04-13,FO,NSE,IDO,81012,,NIFTYNXT50,,2026-06-30,2026-06-30,55400.00,PE,NIFTYNXT5026JUN55400PE,0.00,0.00,0.00,598.75,0.00,598.75,67123.30,68.80,0,0,0,0.00,0,F1,25,,,,,
2026-04-13,2026-04-13,FO,NSE,IDO,73982,,NIFTYNXT50,,2026-05-26,2026-05-26,72000.00,PE,NIFTYNXT5026MAY72000PE,0.00,0.00,0.00,3339.40,0.00,3339.40,67123.30,5023.95,0,0,0,0.00,0,F1,25,,,,,
2026-04-13,2026-04-13,FO,NSE,IDO,73833,,NIFTYNXT50,,2026-05-26,2026-05-26,68800.00,PE,NIFTYNXT5026MAY68800PE,0.00,0.00,0.00,1801.85,0.00,1801.85,67123.30,2783.80,0,0,0,0.00,0,F1,25,,,,,
2026-04-13,2026-04-13,FO,NSE,IDO,73831,,NIFTYNXT50,,2026-05-26,2026-05-26,68700.00,PE,NIFTYNXT5026MAY68700PE,0.00,0.00,0.00,1762.95,0.00,1762.95,67123.30,2724.40,0,0,0,0.00,0,F1,25,,,,,
2026-04-13,2026-04-13,FO,NSE,IDO,73624,,NIFTYNXT50,,2026-05-26,2026-05-26,66400.00,PE,NIFTYNXT5026MAY66400PE,0.00,0.00,0.00,1021.00,0.00,1021.00,67123.30,1559.25,0,0,0,0.00,0,F1,25,,,,,
2026-04-13,2026-04-13,FO,NSE,IDO,73558,,NIFTYNXT50,,2026-05-26,2026-05-26,64500.00,PE,NIFTYNXT5026MAY64500PE,0.00,0.00,0.00,599.90,0.00,599.90,67123.30,887.45,0,0,0,0.00,0,F1,25,,,,,
2026-04-13,2026-04-13,FO,NSE,IDO,73445,,NIFTYNXT50,,2026-05-26,2026-05-26,62600.00,PE,NIFTYNXT5026MAY62600PE,0.00,0.00,0.00,326.20,0.00,326.20,67123.30,453.65,0,0,0,0.00,0,F1,25,,,,,
2026-04-13,2026-04-13,FO,NSE,IDO,73441,,NIFTYNXT50,,2026-05-26,2026-05-26,62400.00,PE,NIFTYNXT5026MAY62400PE,0.00,0.00,0.00,304.40,0.00,304.40,67123.30,419.70,0,0,0,0.00,0,F1,25,,,,,
2026-04-13,2026-04-13,FO,NSE,IDO,73404,,NIFTYNXT50,,2026-05-26,2026-05-26,61300.00,PE,NIFTYNXT5026MAY61300PE,0.00,0.00,0.00,204.30,0.00,204.30,67123.30,266.55,0,0,0,0.00,0,F1,25,,,,,
2026-04-13,2026-04-13,FO,NSE,IDO,73356,,NIFTYNXT50,,2026-05-26,2026-05-26,60000.00,PE,NIFTYNXT5026MAY60000PE,0.00,0.00,0.00,122.20,0.00,122.20,67123.30,146.65,0,0,0,0.00,0,F1,25,,,,,
2026-04-13,2026-04-13,FO,NSE,IDO,73352,,NIFTYNXT50,,2026-05-26,2026-05-26,59800.00,PE,NIFTYNXT5026MAY59800PE,0.00,0.00,0.00,112.45,0.00,112.45,67123.30,132.95,0,0,0,0.00,0,F1,25,,,,,
2026-04-13,2026-04-13,FO,NSE,IDO,73333,,NIFTYNXT50,,2026-05-26,2026-05-26,59400.00,PE,NIFTYNXT5026MAY59400PE,0.00,0.00,0.00,94.85,0.00,94.85,67123.30,108.70,0,0,0,0.00,0,F1,25,,,,,
2026-04-13,2026-04-13,FO,NSE,IDO,73294,,NIFTYNXT50,,2026-05-26,2026-05-26,58800.00,PE,NIFTYNXT5026MAY58800PE,0.00,0.00,0.00,72.80,0.00,72.80,67123.30,79.30,0,0,0,0.00,0,F1,25,,,,,
2026-04-13,2026-04-13,FO,NSE,IDO,73291,,NIFTYNXT50,,2026-05-26,2026-05-26,58700.00,PE,NIFTYNXT5026MAY58700PE,0.00,0.00,0.00,69.60,0.00,69.60,67123.30,75.10,0,0,0,0.00,0,F1,25,,,,,
2026-04-13,2026-04-13,FO,NSE,IDO,73207,,NIFTYNXT50,,2026-05-26,2026-05-26,58200.00,PE,NIFTYNXT5026MAY58200PE,0.00,0.00,0.00,55.25,0.00,55.25,67123.30,56.90,0,0,0,0.00,0,F1,25,,,,,
2026-04-13,2026-04-13,FO,NSE,IDO,74480,,NIFTYNXT50,,2026-04-28,2026-04-28,77000.00,PE,NIFTYNXT5026APR77000PE,0.00,0.00,0.00,9440.65,0.00,9440.65,67123.30,9695.10,0,0,0,0.00,0,F1,25,,,,,
2026-04-13,2026-04-13,FO,NSE,IDO,74222,,NIFTYNXT50,,2026-04-28,2026-04-28,70800.00,PE,NIFTYNXT5026APR70800PE,0.00,0.00,0.00,4450.00,0.00,4450.00,67123.30,3737.00,0,0,0,0.00,0,F1,25,,,,,
2026-04-13,2026-04-13,FO,NSE,IDO,74197,,NIFTYNXT50,,2026-04-28,2026-04-28,70100.00,PE,NIFTYNXT5026APR70100PE,0.00,0.00,0.00,3985.95,0.00,3985.95,67123.30,3149.30,0,0,0,0.00,0,F1,25,,,,,
2026-04-13,2026-04-13,FO,NSE,IDO,74183,,NIFTYNXT50,,2026-04-28,2026-04-28,69500.00,PE,NIFTYNXT5026APR69500PE,0.00,0.00,0.00,3608.65,0.00,3608.65,67123.30,2676.70,0,0,0,0.00,0,F1,25,,,,,
2026-04-13,2026-04-13,FO,NSE,IDO,74137,,NIFTYNXT50,,2026-04-28,2026-04-28,68300.00,PE,NIFTYNXT5026APR68300PE,0.00,0.00,0.00,2913.90,0.00,2913.90,67123.30,1837.55,0,0,0,0.00,0,F1,25,,,,,
2026-04-13,2026-04-13,FO,NSE,IDO,74125,,NIFTYNXT50,,2026-04-28,2026-04-28,68100.00,PE,NIFTYNXT5026APR68100PE,0.00,0.00,0.00,2806.10,0.00,2806.10,67123.30,1713.40,0,0,0,0.00,0,F1,25,,,,,
2026-04-13,2026-04-13,FO,NSE,IDO,74121,,NIFTYNXT50,,2026-04-28,2026-04-28,68000.00,PE,NIFTYNXT5026APR68000PE,0.00,0.00,0.00,2753.05,0.00,2753.05,67123.30,1653.10,0,0,0,0.00,0,F1,25,,,,,
2026-04-13,2026-04-13,FO,NSE,IDO,74040,,NIFTYNXT50,,2026-04-28,2026-04-28,66700.00,PE,NIFTYNXT5026APR66700PE,0.00,0.00,0.00,2117.80,0.00,2117.80,67123.30,982.25,0,0,0,0.00,0,F1,25,,,,,
2026-04-13,2026-04-13,FO,NSE,IDO,74036,,NIFTYNXT50,,2026-04-28,2026-04-28,66500.00,PE,NIFTYNXT5026APR66500PE,0.00,0.00,0.00,2028.90,0.00,2028.90,67123.30,897.85,0,0,0,0.00,0,F1,25,,,,,
2026-04-13,2026-04-13,FO,NSE,IDO,74026,,NIFTYNXT50,,2026-04-28,2026-04-28,66000.00,PE,NIFTYNXT5026APR66000PE,0.00,0.00,0.00,1817.15,0.00,1817.15,67123.30,708.40,0,0,0,0.00,0,F1,25,,,,,
2026-04-13,2026-04-13,FO,NSE,IDO,74014,,NIFTYNXT50,,2026-04-28,2026-04-28,65500.00,PE,NIFTYNXT5026APR65500PE,0.00,0.00,0.00,1620.20,0.00,1620.20,67123.30,548.65,0,0,0,0.00,0,F1,25,,,,,
2026-04-13,2026-04-13,FO,NSE,IDO,73999,,NIFTYNXT50,,2026-04-28,2026-04-28,65200.00,PE,NIFTYNXT5026APR65200PE,0.00,0.00,0.00,790.00,790.00,790.00,67123.30,469.40,75,0,0,0.00,0,F1,25,,,,,
2026-04-13,2026-04-13,FO,NSE,IDO,73995,,NIFTYNXT50,,2026-04-28,2026-04-28,65000.00,PE,NIFTYNXT5026APR65000PE,0.00,0.00,0.00,1437.80,0.00,1437.80,67123.30,417.30,0,0,0,0.00,0,F1,25,,,,,
2026-04-13,2026-04-13,FO,NSE,IDO,73976,,NIFTYNXT50,,2026-04-28,2026-04-28,64400.00,PE,NIFTYNXT5026APR64400PE,0.00,0.00,0.00,1237.85,0.00,1237.85,67123.30,292.15,0,0,0,0.00,0,F1,25,,,,,
2026-04-13,2026-04-13,FO,NSE,IDO,73842,,NIFTYNXT50,,2026-04-28,2026-04-28,61300.00,PE,NIFTYNXT5026APR61300PE,0.00,0.00,0.00,505.90,0.00,505.90,67123.30,26.85,0,0,0,0.00,0,F1,25,,,,,
2026-04-13,2026-04-13,FO,NSE,IDO,73838,,NIFTYNXT50,,2026-04-28,2026-04-28,61100.00,PE,NIFTYNXT5026APR61100PE,0.00,0.00,0.00,473.80,0.00,473.80,67123.30,22.25,0,0,0,0.00,0,F1,25,,,,,
2026-04-13,2026-04-13,FO,NSE,IDO,73829,,NIFTYNXT50,,2026-04-28,2026-04-28,60800.00,PE,NIFTYNXT5026APR60800PE,0.00,0.00,0.00,428.60,0.00,428.60,67123.30,16.60,0,0,0,0.00,0,F1,25,,,,,
2026-04-13,2026-04-13,FO,NSE,IDO,73803,,NIFTYNXT50,,2026-04-28,2026-04-28,59600.00,PE,NIFTYNXT5026APR59600PE,0.00,0.00,0.00,280.20,0.00,280.20,67123.30,4.65,0,0,0,0.00,0,F1,25,,,,,
2026-04-13,2026-04-13,FO,NSE,IDO,73675,,NIFTYNXT50,,2026-04-28,2026-04-28,55700.00,PE,NIFTYNXT5026APR55700PE,0.00,0.00,0.00,52.15,0.00,52.15,67123.30,0.05,0,0,0,0.00,0,F1,25,,,,,
2026-04-13,2026-04-13,FO,NSE,IDO,73494,,NIFTYNXT50,,2026-04-28,2026-04-28,54000.00,PE,NIFTYNXT5026APR54000PE,20.05,20.05,20.05,20.05,20.05,98.00,67123.30,0.00,450,200,8,10804010.00,5,F1,25,,,,,
2026-04-13,2026-04-13,FO,NSE,IDO,73482,,NIFTYNXT50,,2026-04-28,2026-04-28,51000.00,PE,NIFTYNXT5026APR51000PE,0.00,0.00,0.00,3.25,0.00,3.25,67123.30,0.00,0,0,0,0.00,0,F1,25,,,,,
2026-04-13,2026-04-13,FO,NSE,IDO,35270,,NIFTYNXT50,,2026-06-30,2026-06-30,72700.00,CE,NIFTYNXT5026JUN72700CE,0.00,0.00,0.00,350.25,0.00,350.25,67123.30,1213.15,0,0,0,0.00,0,F1,25,,,,,
2026-04-13,2026-04-13,FO,NSE,IDO,81748,,NIFTYNXT50,,2026-06-30,2026-06-30,66900.00,CE,NIFTYNXT5026JUN66900CE,0.00,0.00,0.00,890.20,0.00,890.20,67123.30,3431.20,0,0,0,0.00,0,F1,25,,,,,
2026-04-13,2026-04-13,FO,NSE,IDO,81724,,NIFTYNXT50,,2026-06-30,2026-06-30,66400.00,CE,NIFTYNXT5026JUN66400CE,0.00,0.00,0.00,998.10,0.00,998.10,67123.30,3704.80,0,0,0,0.00,0,F1,25,,,,,
2026-04-13,2026-04-13,FO,NSE,IDO,81680,,NIFTYNXT50,,2026-06-30,2026-06-30,65900.00,CE,NIFTYNXT5026JUN65900CE,0.00,0.00,0.00,1113.15,0.00,1113.15,67123.30,3992.00,0,0,0,0.00,0,F1,25,,,,,
2026-04-13,2026-04-13,FO,NSE,IDO,81395,,NIFTYNXT50,,2026-06-30,2026-06-30,61600.00,CE,NIFTYNXT5026JUN61600CE,0.00,0.00,0.00,2597.75,0.00,2597.75,67123.30,6994.25,0,0,0,0.00,0,F1,25,,,,,
2026-04-13,2026-04-13,FO,NSE,IDO,81373,,NIFTYNXT50,,2026-06-30,2026-06-30,61000.00,CE,NIFTYNXT5026JUN61000CE,0.00,0.00,0.00,2884.80,0.00,2884.80,67123.30,7480.20,0,0,0,0.00,0,F1,25,,,,,
2026-04-13,2026-04-13,FO,NSE,IDO,81355,,NIFTYNXT50,,2026-06-30,2026-06-30,60100.00,CE,NIFTYNXT5026JUN60100CE,0.00,0.00,0.00,3354.15,0.00,3354.15,67123.30,8234.20,0,0,0,0.00,0,F1,25,,,,,
2026-04-13,2026-04-13,FO,NSE,IDO,81341,,NIFTYNXT50,,2026-06-30,2026-06-30,59600.00,CE,NIFTYNXT5026JUN59600CE,0.00,0.00,0.00,3635.25,0.00,3635.25,67123.30,8664.95,0,0,0,0.00,0,F1,25,,,,,
2026-04-13,2026-04-13,FO,NSE,IDO,81296,,NIFTYNXT50,,2026-06-30,2026-06-30,58600.00,CE,NIFTYNXT5026JUN58600CE,0.00,0.00,0.00,4240.70,0.00,4240.70,67123.30,9548.75,0,0,0,0.00,0,F1,25,,,,,
2026-04-13,2026-04-13,FO,NSE,IDO,81284,,NIFTYNXT50,,2026-06-30,2026-06-30,58400.00,CE,NIFTYNXT5026JUN58400CE,0.00,0.00,0.00,4368.60,0.00,4368.60,67123.30,9728.75,0,0,0,0.00,0,F1,25,,,,,
2026-04-13,2026-04-13,FO,NSE,IDO,81269,,NIFTYNXT50,,2026-06-30,2026-06-30,58200.00,CE,NIFTYNXT5026JUN58200CE,0.00,0.00,0.00,4498.70,0.00,4498.70,67123.30,9909.75,0,0,0,0.00,0,F1,25,,,,,
2026-04-13,2026-04-13,FO,NSE,IDO,81210,,NIFTYNXT50,,2026-06-30,2026-06-30,56300.00,CE,NIFTYNXT5026JUN56300CE,0.00,0.00,0.00,5842.70,0.00,5842.70,67123.30,11670.90,0,0,0,0.00,0,F1,25,,,,,
2026-04-13,2026-04-13,FO,NSE,IDO,81009,,NIFTYNXT50,,2026-06-30,2026-06-30,55300.00,CE,NIFTYNXT5026JUN55300CE,0.00,0.00,0.00,6620.75,0.00,6620.75,67123.30,12621.60,0,0,0,0.00,0,F1,25,,,,,
2026-04-13,2026-04-13,FO,NSE,IDO,80900,,NIFTYNXT50,,2026-06-30,2026-06-30,53500.00,CE,NIFTYNXT5026JUN53500CE,0.00,0.00,0.00,8124.80,0.00,8124.80,67123.30,14359.60,0,0,0,0.00,0,F1,25,,,,,
2026-04-13,2026-04-13,FO,NSE,IDO,80860,,NIFTYNXT50,,2026-06-30,2026-06-30,52000.00,CE,NIFTYNXT5026JUN52000CE,0.00,0.00,0.00,9459.60,0.00,9459.60,67123.30,15824.40,0,0,0,0.00,0,F1,25,,,,,
2026-04-13,2026-04-13,FO,NSE,IDO,74421,,NIFTYNXT50,,2026-05-26,2026-05-26,74500.00,CE,NIFTYNXT5026MAY74500CE,0.00,0.00,0.00,1427.45,0.00,1427.45,67123.30,302.90,0,0,0,0.00,0,F1,25,,,,,
2026-04-13,2026-04-13,FO,NSE,IDO,74414,,NIFTYNXT50,,2026-05-26,2026-05-26,74200.00,CE,NIFTYNXT5026MAY74200CE,0.00,0.00,0.00,1516.35,0.00,1516.35,67123.30,335.30,0,0,0,0.00,0,F1,25,,,,,
2026-04-13,2026-04-13,FO,NSE,IDO,74060,,NIFTYNXT50,,2026-05-26,2026-05-26,72900.00,CE,NIFTYNXT5026MAY72900CE,0.00,0.00,0.00,1951.75,0.00,1951.75,67123.30,511.90,0,0,0,0.00,0,F1,25,,,,,
2026-04-13,2026-04-13,FO,NSE,IDO,74007,,NIFTYNXT50,,2026-05-26,2026-05-26,72300.00,CE,NIFTYNXT5026MAY72300CE,0.00,0.00,0.00,2181.50,0.00,2181.50,67123.30,616.25,0,0,0,0.00,0,F1,25,,,,,
2026-04-13,2026-04-13,FO,NSE,IDO,73884,,NIFTYNXT50,,2026-05-26,2026-05-26,70400.00,CE,NIFTYNXT5026MAY70400CE,0.00,0.00,0.00,3037.20,0.00,3037.20,67123.30,1064.55,0,0,0,0.00,0,F1,25,,,,,
2026-04-13,2026-04-13,FO,NSE,IDO,73669,,NIFTYNXT50,,2026-05-26,2026-05-26,67800.00,CE,NIFTYNXT5026MAY67800CE,0.00,0.00,0.00,4532.85,0.00,4532.85,67123.30,2042.10,0,0,0,0.00,0,F1,25,,,,,
2026-04-13,2026-04-13,FO,NSE,IDO,73609,,NIFTYNXT50,,2026-05-26,2026-05-26,66000.00,CE,NIFTYNXT5026MAY66000CE,0.00,0.00,0.00,5782.15,0.00,5782.15,67123.30,3003.05,0,0,0,0.00,0,F1,25,,,,,
2026-04-13,2026-04-13,FO,NSE,IDO,73581,,NIFTYNXT50,,2026-05-26,2026-05-26,65600.00,CE,NIFTYNXT5026MAY65600CE,0.00,0.00,0.00,6081.25,0.00,6081.25,67123.30,3248.90,0,0,0,0.00,0,F1,25,,,,,
2026-04-13,2026-04-13,FO,NSE,IDO,73470,,NIFTYNXT50,,2026-05-26,2026-05-26,63300.00,CE,NIFTYNXT5026MAY63300CE,0.00,0.00,0.00,7933.20,0.00,7933.20,67123.30,4876.10,0,0,0,0.00,0,F1,25,,,,,
2026-04-13,2026-04-13,FO,NSE,IDO,73419,,NIFTYNXT50,,2026-05-26,2026-05-26,61900.00,CE,NIFTYNXT5026MAY61900CE,0.00,0.00,0.00,9152.70,0.00,9152.70,67123.30,6020.00,0,0,0,0.00,0,F1,25,,,,,
2026-04-13,2026-04-13,FO,NSE,IDO,73405,,NIFTYNXT50,,2026-05-26,2026-05-26,61400.00,CE,NIFTYNXT5026MAY61400CE,0.00,0.00,0.00,9601.65,0.00,9601.65,67123.30,6451.30,0,0,0,0.00,0,F1,25,,,,,
2026-04-13,2026-04-13,FO,NSE,IDO,73336,,NIFTYNXT50,,2026-05-26,2026-05-26,59500.00,CE,NIFTYNXT5026MAY59500CE,0.00,0.00,0.00,11357.25,0.00,11357.25,67123.30,8173.50,0,0,0,0.00,0,F1,25,,,,,
2026-04-13,2026-04-13,FO,NSE,IDO,73327,,NIFTYNXT50,,2026-05-26,2026-05-26,59300.00,CE,NIFTYNXT5026MAY59300CE,0.00,0.00,0.00,11545.80,0.00,11545.80,67123.30,8360.90,0,0,0,0.00,0,F1,25,,,,,
2026-04-13,2026-04-13,FO,NSE,IDO,73321,,NIFTYNXT50,,2026-05-26,2026-05-26,59200.00,CE,NIFTYNXT5026MAY59200CE,0.00,0.00,0.00,11640.25,0.00,11640.25,67123.30,8454.95,0,0,0,0.00,0,F1,25,,,,,
2026-04-13,2026-04-13,FO,NSE,IDO,38414,,NIFTYNXT50,,2026-05-26,2026-05-26,57700.00,CE,NIFTYNXT5026MAY57700CE,0.00,0.00,0.00,12957.25,0.00,12957.25,67123.30,9888.50,0,0,0,0.00,0,F1,25,,,,,
2026-04-13,2026-04-13,FO,NSE,IDO,43940,,NIFTYNXT50,,2026-05-26,2026-05-26,56200.00,CE,NIFTYNXT5026MAY56200CE,0.00,0.00,0.00,11516.75,0.00,11516.75,67123.30,11351.50,0,0,0,0.00,0,F1,25,,,,,
2026-04-13,2026-04-13,FO,NSE,IDO,73115,,NIFTYNXT50,,2026-05-26,2026-05-26,52000.00,CE,NIFTYNXT5026MAY52000CE,0.00,0.00,0.00,18636.25,0.00,18636.25,67123.30,15504.75,0,0,0,0.00,0,F1,25,,,,,
2026-04-13,2026-04-13,FO,NSE,IDO,74532,,NIFTYNXT50,,2026-04-28,2026-04-28,78500.00,CE,NIFTYNXT5026APR78500CE,0.00,0.00,0.00,207.35,0.00,207.35,67123.30,0.50,0,0,0,0.00,0,F1,25,,,,,
2026-04-13,2026-04-13,FO,NSE,IDO,74318,,NIFTYNXT50,,2026-04-28,2026-04-28,73600.00,CE,NIFTYNXT5026APR73600CE,0.00,0.00,0.00,759.50,0.00,759.50,67123.30,35.60,0,0,0,0.00,0,F1,25,,,,,
2026-04-13,2026-04-13,FO,NSE,IDO,74306,,NIFTYNXT50,,2026-04-28,2026-04-28,73000.00,CE,NIFTYNXT5026APR73000CE,0.00,0.00,0.00,875.85,0.00,875.85,67123.30,55.15,0,0,0,0.00,0,F1,25,,,,,
2026-04-13,2026-04-13,FO,NSE,IDO,74292,,NIFTYNXT50,,2026-04-28,2026-04-28,72300.00,CE,NIFTYNXT5026APR72300CE,0.00,0.00,0.00,1031.80,0.00,1031.80,67123.30,89.45,0,0,0,0.00,0,F1,25,,,,,
2026-04-13,2026-04-13,FO,NSE,IDO,74282,,NIFTYNXT50,,2026-04-28,2026-04-28,71900.00,CE,NIFTYNXT5026APR71900CE,0.00,0.00,0.00,1125.55,0.00,1125.55,67123.30,116.45,0,0,0,0.00,0,F1,25,,,,,
2026-04-13,2026-04-13,FO,NSE,IDO,74278,,NIFTYNXT50,,2026-04-28,2026-04-28,71800.00,CE,NIFTYNXT5026APR71800CE,0.00,0.00,0.00,1151.00,0.00,1151.00,67123.30,124.20,0,0,0,0.00,0,F1,25,,,,,
2026-04-13,2026-04-13,FO,NSE,IDO,74196,,NIFTYNXT50,,2026-04-28,2026-04-28,70100.00,CE,NIFTYNXT5026APR70100CE,0.00,0.00,0.00,1656.00,0.00,1656.00,67123.30,339.80,0,0,0,0.00,0,F1,25,,,,,
2026-04-13,2026-04-13,FO,NSE,IDO,74023,,NIFTYNXT50,,2026-04-28,2026-04-28,65900.00,CE,NIFTYNXT5026APR65900CE,0.00,0.00,0.00,3582.35,0.00,3582.35,67123.30,2054.60,0,0,0,0.00,0,F1,25,,,,,
2026-04-13,2026-04-13,FO,NSE,IDO,74015,,NIFTYNXT50,,2026-04-28,2026-04-28,65600.00,CE,NIFTYNXT5026APR65600CE,0.00,0.00,0.00,3759.55,0.00,3759.55,67123.30,2258.05,0,0,0,0.00,0,F1,25,,,,,
2026-04-13,2026-04-13,FO,NSE,IDO,73986,,NIFTYNXT50,,2026-04-28,2026-04-28,64800.00,CE,NIFTYNXT5026APR64800CE,0.00,0.00,0.00,4257.80,0.00,4257.80,67123.30,2849.65,0,0,0,0.00,0,F1,25,,,,,
2026-04-13,2026-04-13,FO,NSE,IDO,73945,,NIFTYNXT50,,2026-04-28,2026-04-28,63200.00,CE,NIFTYNXT5026APR63200CE,0.00,0.00,0.00,5365.40,0.00,5365.40,67123.30,4204.00,0,0,0,0.00,0,F1,25,,,,,
2026-04-13,2026-04-13,FO,NSE,IDO,73913,,NIFTYNXT50,,2026-04-28,2026-04-28,62000.00,CE,NIFTYNXT5026APR62000CE,0.00,0.00,0.00,6277.45,0.00,6277.45,67123.30,5321.35,0,0,0,0.00,0,F1,25,,,,,
2026-04-13,2026-04-13,FO,NSE,IDO,73816,,NIFTYNXT50,,2026-04-28,2026-04-28,60200.00,CE,NIFTYNXT5026APR60200CE,0.00,0.00,0.00,7766.70,0.00,7766.70,67123.30,7075.85,0,0,0,0.00,0,F1,25,,,,,
2026-04-13,2026-04-13,FO,NSE,IDO,73812,,NIFTYNXT50,,2026-04-28,2026-04-28,60000.00,CE,NIFTYNXT5026APR60000CE,0.00,0.00,0.00,7939.65,0.00,7939.65,67123.30,7273.60,0,0,0,0.00,0,F1,25,,,,,
2026-04-13,2026-04-13,FO,NSE,IDO,73802,,NIFTYNXT50,,2026-04-28,2026-04-28,59600.00,CE,NIFTYNXT5026APR59600CE,0.00,0.00,0.00,8289.45,0.00,8289.45,67123.30,7670.05,0,0,0,0.00,0,F1,25,,,,,
2026-04-13,2026-04-13,FO,NSE,IDO,73740,,NIFTYNXT50,,2026-04-28,2026-04-28,57400.00,CE,NIFTYNXT5026APR57400CE,0.00,0.00,0.00,10290.90,0.00,10290.90,67123.30,9860.50,0,0,0,0.00,0,F1,25,,,,,
2026-04-13,2026-04-13,FO,NSE,IDO,73705,,NIFTYNXT50,,2026-04-28,2026-04-28,56500.00,CE,NIFTYNXT5026APR56500CE,0.00,0.00,0.00,11138.50,0.00,11138.50,67123.30,10758.15,0,0,0,0.00,0,F1,25,,,,,
2026-04-13,2026-04-13,FO,NSE,IDO,49882,,NIFTYNXT50,,2026-04-28,2026-04-28,54100.00,CE,NIFTYNXT5026APR54100CE,0.00,0.00,0.00,12478.25,0.00,12478.25,67123.30,13152.35,0,0,0,0.00,0,F1,25,,,,,
2026-04-13,2026-04-13,FO,NSE,IDO,73491,,NIFTYNXT50,,2026-04-28,2026-04-28,53500.00,CE,NIFTYNXT5026APR53500CE,0.00,0.00,0.00,14031.80,0.00,14031.80,67123.30,13750.90,0,0,0,0.00,0,F1,25,,,,,
2026-04-13,2026-04-13,FO,NSE,IDO,35274,,NIFTYNXT50,,2026-06-30,2026-06-30,72800.00,PE,NIFTYNXT5026JUN72800PE,0.00,0.00,0.00,9938.85,0.00,9938.85,67123.30,5901.20,0,0,0,0.00,0,F1,25,,,,,
2026-04-13,2026-04-13,FO,NSE,IDO,82003,,NIFTYNXT50,,2026-06-30,2026-06-30,71800.00,PE,NIFTYNXT5026JUN71800PE,0.00,0.00,0.00,10427.50,0.00,10427.50,67123.30,5174.55,0,0,0,0.00,0,F1,25,,,,,
2026-04-13,2026-04-13,FO,NSE,IDO,81997,,NIFTYNXT50,,2026-06-30,2026-06-30,71500.00,PE,NIFTYNXT5026JUN71500PE,0.00,0.00,0.00,10154.95,0.00,10154.95,67123.30,4965.85,0,0,0,0.00,0,F1,25,,,,,
2026-04-13,2026-04-13,FO,NSE,IDO,81663,,NIFTYNXT50,,2026-06-30,2026-06-30,65200.00,PE,NIFTYNXT5026JUN65200PE,0.00,0.00,0.00,4972.55,0.00,4972.55,67123.30,1629.85,0,0,0,0.00,0,F1,25,,,,,
2026-04-13,2026-04-13,FO,NSE,IDO,74127,,NIFTYNXT50,,2026-04-28,2026-04-28,68200.00,PE,NIFTYNXT5026APR68200PE,0.00,0.00,0.00,2859.70,0.00,2859.70,67123.30,1774.90,0,0,0,0.00,0,F1,25,,,,,
2026-04-13,2026-04-13,FO,NSE,IDO,74081,,NIFTYNXT50,,2026-04-28,2026-04-28,67600.00,PE,NIFTYNXT5026APR67600PE,0.00,0.00,0.00,2546.85,0.00,2546.85,67123.30,1424.10,0,0,0,0.00,0,F1,25,,,,,
2026-04-13,2026-04-13,FO,NSE,IDO,74053,,NIFTYNXT50,,2026-04-28,2026-04-28,67200.00,PE,NIFTYNXT5026APR67200PE,0.00,0.00,0.00,2350.35,0.00,2350.35,67123.30,1215.30,0,0,0,0.00,0,F1,25,,,,,
2026-04-13,2026-04-13,FO,NSE,IDO,73980,,NIFTYNXT50,,2026-04-28,2026-04-28,64600.00,PE,NIFTYNXT5026APR64600PE,0.00,0.00,0.00,1302.25,0.00,1302.25,67123.30,330.15,0,0,0,0.00,0,F1,25,,,,,
2026-04-13,2026-04-13,FO,NSE,IDO,73978,,NIFTYNXT50,,2026-04-28,2026-04-28,64500.00,PE,NIFTYNXT5026APR64500PE,0.00,0.00,0.00,1269.80,0.00,1269.80,67123.30,310.70,0,0,0,0.00,0,F1,25,,,,,
2026-04-13,2026-04-13,FO,NSE,IDO,73966,,NIFTYNXT50,,2026-04-28,2026-04-28,64000.00,PE,NIFTYNXT5026APR64000PE,0.00,0.00,0.00,246.70,240.00,246.70,67123.30,226.35,225,0,0,0.00,0,F1,25,,,,,
2026-04-13,2026-04-13,FO,NSE,IDO,74394,,NIFTYNXT50,,2026-05-26,2026-05-26,73900.00,CE,NIFTYNXT5026MAY73900CE,0.00,0.00,0.00,1609.50,0.00,1609.50,67123.30,370.65,0,0,0,0.00,0,F1,25,,,,,
2026-04-13,2026-04-13,FO,NSE,IDO,74058,,NIFTYNXT50,,2026-05-26,2026-05-26,72800.00,CE,NIFTYNXT5026MAY72800CE,0.00,0.00,0.00,1988.75,0.00,1988.75,67123.30,528.20,0,0,0,0.00,0,F1,25,,,,,
2026-04-13,2026-04-13,FO,NSE,IDO,73985,,NIFTYNXT50,,2026-05-26,2026-05-26,72100.00,CE,NIFTYNXT5026MAY72100CE,0.00,0.00,0.00,2262.30,0.00,2262.30,67123.30,654.65,0,0,0,0.00,0,F1,25,,,,,
2026-04-13,2026-04-13,FO,NSE,IDO,74564,,NIFTYNXT50,,2026-05-26,2026-05-26,77500.00,CE,NIFTYNXT5026MAY77500CE,0.00,0.00,0.00,747.25,0.00,747.25,67123.30,100.90,0,0,0,0.00,0,F1,25,,,,,
2026-04-13,2026-04-13,FO,NSE,IDO,74574,,NIFTYNXT50,,2026-05-26,2026-05-26,78000.00,CE,NIFTYNXT5026MAY78000CE,0.00,0.00,0.00,665.50,0.00,665.50,67123.30,82.85,0,0,0,0.00,0,F1,25,,,,,
2026-04-13,2026-04-13,FO,NSE,IDO,81022,,NIFTYNXT50,,2026-06-30,2026-06-30,55800.00,CE,NIFTYNXT5026JUN55800CE,0.00,0.00,0.00,6226.05,0.00,6226.05,67123.30,12144.60,0,0,0,0.00,0,F1,25,,,,,
2026-04-13,2026-04-13,FO,NSE,IDO,81233,,NIFTYNXT50,,2026-06-30,2026-06-30,57300.00,CE,NIFTYNXT5026JUN57300CE,0.00,0.00,0.00,5114.00,0.00,5114.00,67123.30,10735.30,0,0,0,0.00,0,F1,25,,,,,
2026-04-13,2026-04-13,FO,NSE,IDO,81290,,NIFTYNXT50,,2026-06-30,2026-06-30,58500.00,CE,NIFTYNXT5026JUN58500CE,0.00,0.00,0.00,4304.35,0.00,4304.35,67123.30,9638.65,0,0,0,0.00,0,F1,25,,,,,
2026-04-13,2026-04-13,FO,NSE,IDO,73855,,NIFTYNXT50,,2026-05-26,2026-05-26,69200.00,CE,NIFTYNXT5026MAY69200CE,0.00,0.00,0.00,3680.80,0.00,3680.80,67123.30,1458.40,0,0,0,0.00,0,F1,25,,,,,
2026-04-13,2026-04-13,FO,NSE,IDO,73651,,NIFTYNXT50,,2026-05-26,2026-05-26,67300.00,CE,NIFTYNXT5026MAY67300CE,0.00,0.00,0.00,4862.85,0.00,4862.85,67123.30,2285.20,0,0,0,0.00,0,F1,25,,,,,
2026-04-13,2026-04-13,FO,NSE,IDO,73633,,NIFTYNXT50,,2026-05-26,2026-05-26,66900.00,CE,NIFTYNXT5026MAY66900CE,0.00,0.00,0.00,5136.30,0.00,5136.30,67123.30,2492.75,0,0,0,0.00,0,F1,25,,,,,
2026-04-13,2026-04-13,FO,NSE,IDO,73452,,NIFTYNXT50,,2026-05-26,2026-05-26,63000.00,CE,NIFTYNXT5026MAY63000CE,0.00,0.00,0.00,8189.40,0.00,8189.40,67123.30,5112.55,0,0,0,0.00,0,F1,25,,,,,
2026-04-13,2026-04-13,FO,NSE,IDO,81316,,NIFTYNXT50,,2026-06-30,2026-06-30,59000.00,CE,NIFTYNXT5026JUN59000CE,0.00,0.00,0.00,3991.65,0.00,3991.65,67123.30,9191.90,0,0,0,0.00,0,F1,25,,,,,
2026-04-13,2026-04-13,FO,NSE,IDO,81339,,NIFTYNXT50,,2026-06-30,2026-06-30,59500.00,CE,NIFTYNXT5026JUN59500CE,0.00,0.00,0.00,3693.20,0.00,3693.20,67123.30,8752.00,0,0,0,0.00,0,F1,25,,,,,
2026-04-13,2026-04-13,FO,NSE,IDO,81369,,NIFTYNXT50,,2026-06-30,2026-06-30,60800.00,CE,NIFTYNXT5026JUN60800CE,0.00,0.00,0.00,2985.05,0.00,2985.05,67123.30,7645.20,0,0,0,0.00,0,F1,25,,,,,
2026-04-13,2026-04-13,FO,NSE,IDO,73448,,NIFTYNXT50,,2026-05-26,2026-05-26,62800.00,CE,NIFTYNXT5026MAY62800CE,0.00,0.00,0.00,8361.85,0.00,8361.85,67123.30,5272.95,0,0,0,0.00,0,F1,25,,,,,
2026-04-13,2026-04-13,FO,NSE,IDO,49902,,NIFTYNXT50,,2026-05-26,2026-05-26,54700.00,CE,NIFTYNXT5026MAY54700CE,0.00,0.00,0.00,12194.40,0.00,12194.40,67123.30,12829.65,0,0,0,0.00,0,F1,25,,,,,
2026-04-13,2026-04-13,FO,NSE,IDO,73415,,NIFTYNXT50,,2026-05-26,2026-05-26,61700.00,CE,NIFTYNXT5026MAY61700CE,0.00,0.00,0.00,9331.55,0.00,9331.55,67123.30,6191.25,0,0,0,0.00,0,F1,25,,,,,
2026-04-13,2026-04-13,FO,NSE,IDO,73409,,NIFTYNXT50,,2026-05-26,2026-05-26,61600.00,CE,NIFTYNXT5026MAY61600CE,0.00,0.00,0.00,9421.35,0.00,9421.35,67123.30,6277.50,0,0,0,0.00,0,F1,25,,,,,
2026-04-13,2026-04-13,FO,NSE,IDO,73403,,NIFTYNXT50,,2026-05-26,2026-05-26,61300.00,CE,NIFTYNXT5026MAY61300CE,0.00,0.00,0.00,9692.20,0.00,9692.20,67123.30,6538.80,0,0,0,0.00,0,F1,25,,,,,
2026-04-13,2026-04-13,FO,NSE,IDO,73292,,NIFTYNXT50,,2026-05-26,2026-05-26,58800.00,CE,NIFTYNXT5026MAY58800CE,0.00,0.00,0.00,12019.55,0.00,12019.55,67123.30,8833.25,0,0,0,0.00,0,F1,25,,,,,
2026-04-13,2026-04-13,FO,NSE,IDO,81383,,NIFTYNXT50,,2026-06-30,2026-06-30,61500.00,CE,NIFTYNXT5026JUN61500CE,0.00,0.00,0.00,2644.10,0.00,2644.10,67123.30,7074.25,0,0,0,0.00,0,F1,25,,,,,
2026-04-13,2026-04-13,FO,NSE,IDO,81571,,NIFTYNXT50,,2026-06-30,2026-06-30,63800.00,CE,NIFTYNXT5026JUN63800CE,0.00,0.00,0.00,1718.65,0.00,1718.65,67123.30,5343.85,0,0,0,0.00,0,F1,25,,,,,
2026-04-13,2026-04-13,FO,NSE,IDO,81620,,NIFTYNXT50,,2026-06-30,2026-06-30,64200.00,CE,NIFTYNXT5026JUN64200CE,0.00,0.00,0.00,1586.45,0.00,1586.45,67123.30,5068.70,0,0,0,0.00,0,F1,25,,,,,
2026-04-13,2026-04-13,FO,NSE,IDO,73483,,NIFTYNXT50,,2026-04-28,2026-04-28,51500.00,CE,NIFTYNXT5026APR51500CE,0.00,0.00,0.00,15989.80,0.00,15989.80,67123.30,15746.15,0,0,0,0.00,0,F1,25,,,,,
2026-04-13,2026-04-13,FO,NSE,IDO,49884,,NIFTYNXT50,,2026-04-28,2026-04-28,54200.00,CE,NIFTYNXT5026APR54200CE,0.00,0.00,0.00,12379.50,0.00,12379.50,67123.30,13052.60,0,0,0,0.00,0,F1,25,,,,,
2026-04-13,2026-04-13,FO,NSE,IDO,41231,,NIFTYNXT50,,2026-04-28,2026-04-28,54600.00,CE,NIFTYNXT5026APR54600CE,0.00,0.00,0.00,12595.15,0.00,12595.15,67123.30,12653.55,0,0,0,0.00,0,F1,25,,,,,
2026-04-13,2026-04-13,FO,NSE,IDO,73698,,NIFTYNXT50,,2026-04-28,2026-04-28,56200.00,CE,NIFTYNXT5026APR56200CE,0.00,0.00,0.00,11423.75,0.00,11423.75,67123.30,11057.40,0,0,0,0.00,0,F1,25,,,,,
2026-04-13,2026-04-13,FO,NSE,IDO,73790,,NIFTYNXT50,,2026-04-28,2026-04-28,59100.00,CE,NIFTYNXT5026APR59100CE,0.00,0.00,0.00,8733.55,0.00,8733.55,67123.30,8166.85,0,0,0,0.00,0,F1,25,,,,,
2026-04-13,2026-04-13,FO,NSE,IDO,73804,,NIFTYNXT50,,2026-04-28,2026-04-28,59700.00,CE,NIFTYNXT5026APR59700CE,0.00,0.00,0.00,8201.55,0.00,8201.55,67123.30,7570.85,0,0,0,0.00,0,F1,25,,,,,
2026-04-13,2026-04-13,FO,NSE,IDO,73822,,NIFTYNXT50,,2026-04-28,2026-04-28,60500.00,CE,NIFTYNXT5026APR60500CE,0.00,0.00,0.00,7509.85,0.00,7509.85,67123.30,6779.85,0,0,0,0.00,0,F1,25,,,,,
2026-04-13,2026-04-13,FO,NSE,IDO,73839,,NIFTYNXT50,,2026-04-28,2026-04-28,61200.00,CE,NIFTYNXT5026APR61200CE,0.00,0.00,0.00,6923.45,0.00,6923.45,67123.30,6093.70,0,0,0,0.00,0,F1,25,,,,,
2026-04-13,2026-04-13,FO,NSE,IDO,73953,,NIFTYNXT50,,2026-04-28,2026-04-28,63600.00,CE,NIFTYNXT5026APR63600CE,0.00,0.00,0.00,5075.85,0.00,5075.85,67123.30,3847.80,0,0,0,0.00,0,F1,25,,,,,
2026-04-13,2026-04-13,FO,NSE,IDO,73969,,NIFTYNXT50,,2026-04-28,2026-04-28,64200.00,CE,NIFTYNXT5026APR64200CE,0.00,0.00,0.00,4655.45,0.00,4655.45,67123.30,3334.05,0,0,0,0.00,0,F1,25,,,,,
2026-04-13,2026-04-13,FO,NSE,IDO,74004,,NIFTYNXT50,,2026-04-28,2026-04-28,65300.00,CE,NIFTYNXT5026APR65300CE,0.00,0.00,0.00,3942.05,0.00,3942.05,67123.30,2471.70,0,0,0,0.00,0,F1,25,,,,,
2026-04-13,2026-04-13,FO,NSE,IDO,74035,,NIFTYNXT50,,2026-04-28,2026-04-28,66500.00,CE,NIFTYNXT5026APR66500CE,0.00,0.00,0.00,3243.85,0.00,3243.85,67123.30,1679.75,0,0,0,0.00,0,F1,25,,,,,
2026-04-13,2026-04-13,FO,NSE,IDO,74144,,NIFTYNXT50,,2026-04-28,2026-04-28,68700.00,CE,NIFTYNXT5026APR68700CE,0.00,0.00,0.00,2185.05,0.00,2185.05,67123.30,686.95,0,0,0,0.00,0,F1,25,,,,,
2026-04-13,2026-04-13,FO,NSE,IDO,74186,,NIFTYNXT50,,2026-04-28,2026-04-28,69600.00,CE,NIFTYNXT5026APR69600CE,0.00,0.00,0.00,1832.60,0.00,1832.60,67123.30,442.55,0,0,0,0.00,0,F1,25,,,,,
2026-04-13,2026-04-13,FO,NSE,IDO,74215,,NIFTYNXT50,,2026-04-28,2026-04-28,70800.00,CE,NIFTYNXT5026APR70800CE,0.00,0.00,0.00,1430.80,0.00,1430.80,67123.30,229.15,0,0,0,0.00,0,F1,25,,,,,
2026-04-13,2026-04-13,FO,NSE,IDO,74223,,NIFTYNXT50,,2026-04-28,2026-04-28,70900.00,CE,NIFTYNXT5026APR70900CE,0.00,0.00,0.00,1400.65,0.00,1400.65,67123.30,216.10,0,0,0,0.00,0,F1,25,,,,,
2026-04-13,2026-04-13,FO,NSE,IDO,74290,,NIFTYNXT50,,2026-04-28,2026-04-28,72200.00,CE,NIFTYNXT5026APR72200CE,0.00,0.00,0.00,1055.30,0.00,1055.30,67123.30,95.65,0,0,0,0.00,0,F1,25,,,,,
2026-04-13,2026-04-13,FO,NSE,IDO,74312,,NIFTYNXT50,,2026-04-28,2026-04-28,73300.00,CE,NIFTYNXT5026APR73300CE,0.00,0.00,0.00,816.00,0.00,816.00,67123.30,44.40,0,0,0,0.00,0,F1,25,,,,,
2026-04-13,2026-04-13,FO,NSE,IDO,74332,,NIFTYNXT50,,2026-04-28,2026-04-28,74300.00,CE,NIFTYNXT5026APR74300CE,0.00,0.00,0.00,640.20,0.00,640.20,67123.30,20.80,0,0,0,0.00,0,F1,25,,,,,
2026-04-13,2026-04-13,FO,NSE,IDO,74334,,NIFTYNXT50,,2026-04-28,2026-04-28,74400.00,CE,NIFTYNXT5026APR74400CE,0.00,0.00,0.00,624.50,0.00,624.50,67123.30,19.20,0,0,0,0.00,0,F1,25,,,,,
2026-04-13,2026-04-13,FO,NSE,IDO,73123,,NIFTYNXT50,,2026-05-26,2026-05-26,54000.00,CE,NIFTYNXT5026MAY54000CE,0.00,0.00,0.00,16673.35,0.00,16673.35,67123.30,13522.15,0,0,0,0.00,0,F1,25,,,,,
2026-04-13,2026-04-13,FO,NSE,IDO,81660,,NIFTYNXT50,,2026-06-30,2026-06-30,65100.00,CE,NIFTYNXT5026JUN65100CE,0.00,0.00,0.00,1317.75,0.00,1317.75,67123.30,4479.65,0,0,0,0.00,0,F1,25,,,,,
2026-04-13,2026-04-13,FO,NSE,IDO,81682,,NIFTYNXT50,,2026-06-30,2026-06-30,66000.00,CE,NIFTYNXT5026JUN66000CE,0.00,0.00,0.00,1089.35,0.00,1089.35,67123.30,3933.45,0,0,0,0.00,0,F1,25,,,,,
2026-04-13,2026-04-13,FO,NSE,IDO,81726,,NIFTYNXT50,,2026-06-30,2026-06-30,66500.00,CE,NIFTYNXT5026JUN66500CE,0.00,0.00,0.00,976.35,0.00,976.35,67123.30,3648.95,0,0,0,0.00,0,F1,25,,,,,
2026-04-13,2026-04-13,FO,NSE,IDO,81783,,NIFTYNXT50,,2026-06-30,2026-06-30,67800.00,CE,NIFTYNXT5026JUN67800CE,0.00,0.00,0.00,723.30,0.00,723.30,67123.30,2972.85,0,0,0,0.00,0,F1,25,,,,,
2026-04-13,2026-04-13,FO,NSE,IDO,81810,,NIFTYNXT50,,2026-06-30,2026-06-30,68900.00,CE,NIFTYNXT5026JUN68900CE,0.00,0.00,0.00,555.65,0.00,555.65,67123.30,2472.50,0,0,0,0.00,0,F1,25,,,,,
2026-04-13,2026-04-13,FO,NSE,IDO,43910,,NIFTYNXT50,,2026-05-26,2026-05-26,55200.00,CE,NIFTYNXT5026MAY55200CE,0.00,0.00,0.00,12478.40,0.00,12478.40,67123.30,12335.85,0,0,0,0.00,0,F1,25,,,,,
2026-04-13,2026-04-13,FO,NSE,IDO,81895,,NIFTYNXT50,,2026-06-30,2026-06-30,69600.00,CE,NIFTYNXT5026JUN69600CE,0.00,0.00,0.00,467.15,0.00,467.15,67123.30,2187.35,0,0,0,0.00,0,F1,25,,,,,
2026-04-13,2026-04-13,FO,NSE,IDO,81976,,NIFTYNXT50,,2026-06-30,2026-06-30,70500.00,CE,NIFTYNXT5026JUN70500CE,0.00,0.00,0.00,371.45,0.00,371.45,67123.30,1857.25,0,0,0,0.00,0,F1,25,,,,,
2026-04-13,2026-04-13,FO,NSE,IDO,82002,,NIFTYNXT50,,2026-06-30,2026-06-30,71800.00,CE,NIFTYNXT5026JUN71800CE,0.00,0.00,0.00,263.45,0.00,263.45,67123.30,1448.90,0,0,0,0.00,0,F1,25,,,,,
2026-04-13,2026-04-13,FO,NSE,IDO,35264,,NIFTYNXT50,,2026-06-30,2026-06-30,72400.00,CE,NIFTYNXT5026JUN72400CE,0.00,0.00,0.00,377.85,0.00,377.85,67123.30,1285.95,0,0,0,0.00,0,F1,25,,,,,
2026-04-13,2026-04-13,FO,NSE,IDO,35273,,NIFTYNXT50,,2026-06-30,2026-06-30,72800.00,CE,NIFTYNXT5026JUN72800CE,0.00,0.00,0.00,341.45,0.00,341.45,67123.30,1188.85,0,0,0,0.00,0,F1,25,,,,,
2026-04-13,2026-04-13,FO,NSE,IDO,35300,,NIFTYNXT50,,2026-06-30,2026-06-30,73700.00,CE,NIFTYNXT5026JUN73700CE,0.00,0.00,0.00,270.60,0.00,270.60,67123.30,984.30,0,0,0,0.00,0,F1,25,,,,,
2026-04-13,2026-04-13,FO,NSE,IDO,82042,,NIFTYNXT50,,2026-06-30,2026-06-30,75000.00,CE,NIFTYNXT5026JUN75000CE,0.00,0.00,0.00,106.50,0.00,106.50,67123.30,742.50,0,0,0,0.00,0,F1,25,,,,,
2026-04-13,2026-04-13,FO,NSE,IDO,73741,,NIFTYNXT50,,2026-04-28,2026-04-28,57400.00,PE,NIFTYNXT5026APR57400PE,0.00,0.00,0.00,115.30,0.00,115.30,67123.30,0.30,0,0,0,0.00,0,F1,25,,,,,
2026-04-13,2026-04-13,FO,NSE,IDO,73743,,NIFTYNXT50,,2026-04-28,2026-04-28,57500.00,PE,NIFTYNXT5026APR57500PE,0.00,0.00,0.00,120.45,0.00,120.45,67123.30,0.35,0,0,0,0.00,0,F1,25,,,,,
2026-04-13,2026-04-13,FO,NSE,IDO,73775,,NIFTYNXT50,,2026-04-28,2026-04-28,58400.00,PE,NIFTYNXT5026APR58400PE,0.00,0.00,0.00,175.85,0.00,175.85,67123.30,1.10,0,0,0,0.00,0,F1,25,,,,,
2026-04-13,2026-04-13,FO,NSE,IDO,73777,,NIFTYNXT50,,2026-04-28,2026-04-28,58500.00,PE,NIFTYNXT5026APR58500PE,0.00,0.00,0.00,183.10,0.00,183.10,67123.30,1.25,0,0,0,0.00,0,F1,25,,,,,
2026-04-13,2026-04-13,FO,NSE,IDO,73823,,NIFTYNXT50,,2026-04-28,2026-04-28,60500.00,PE,NIFTYNXT5026APR60500PE,0.00,0.00,0.00,386.80,0.00,386.80,67123.30,12.25,0,0,0,0.00,0,F1,25,,,,,
2026-04-13,2026-04-13,FO,NSE,IDO,73825,,NIFTYNXT50,,2026-04-28,2026-04-28,60600.00,PE,NIFTYNXT5026APR60600PE,0.00,0.00,0.00,400.35,0.00,400.35,67123.30,13.60,0,0,0,0.00,0,F1,25,,,,,
2026-04-13,2026-04-13,FO,NSE,IDO,73836,,NIFTYNXT50,,2026-04-28,2026-04-28,61000.00,PE,NIFTYNXT5026APR61000PE,0.00,0.00,0.00,200.00,200.00,200.00,67123.30,20.20,350,0,0,0.00,0,F1,25,,,,,
2026-04-13,2026-04-13,FO,NSE,IDO,73938,,NIFTYNXT50,,2026-04-28,2026-04-28,62800.00,PE,NIFTYNXT5026APR62800PE,0.00,0.00,0.00,801.75,0.00,801.75,67123.30,96.25,0,0,0,0.00,0,F1,25,,,,,
2026-04-13,2026-04-13,FO,NSE,IDO,73950,,NIFTYNXT50,,2026-04-28,2026-04-28,63400.00,PE,NIFTYNXT5026APR63400PE,0.00,0.00,0.00,952.15,0.00,952.15,67123.30,150.20,0,0,0,0.00,0,F1,25,,,,,
2026-04-13,2026-04-13,FO,NSE,IDO,82040,,NIFTYNXT50,,2026-06-30,2026-06-30,74500.00,PE,NIFTYNXT5026JUN74500PE,0.00,0.00,0.00,12939.05,0.00,12939.05,67123.30,7218.70,0,0,0,0.00,0,F1,25,,,,,
2026-04-13,2026-04-13,FO,NSE,IDO,35295,,NIFTYNXT50,,2026-06-30,2026-06-30,73600.00,PE,NIFTYNXT5026JUN73600PE,0.00,0.00,0.00,10661.00,0.00,10661.00,67123.30,6507.10,0,0,0,0.00,0,F1,25,,,,,
2026-04-13,2026-04-13,FO,NSE,IDO,82031,,NIFTYNXT50,,2026-06-30,2026-06-30,72500.00,PE,NIFTYNXT5026JUN72500PE,0.00,0.00,0.00,11069.15,0.00,11069.15,67123.30,5676.60,0,0,0,0.00,0,F1,25,,,,,
2026-04-13,2026-04-13,FO,NSE,IDO,81989,,NIFTYNXT50,,2026-06-30,2026-06-30,71100.00,PE,NIFTYNXT5026JUN71100PE,0.00,0.00,0.00,9794.15,0.00,9794.15,67123.30,4693.95,0,0,0,0.00,0,F1,25,,,,,
2026-04-13,2026-04-13,FO,NSE,IDO,81809,,NIFTYNXT50,,2026-06-30,2026-06-30,68800.00,PE,NIFTYNXT5026JUN68800PE,0.00,0.00,0.00,7787.15,0.00,7787.15,67123.30,3280.70,0,0,0,0.00,0,F1,25,,,,,
2026-04-13,2026-04-13,FO,NSE,IDO,81786,,NIFTYNXT50,,2026-06-30,2026-06-30,67900.00,PE,NIFTYNXT5026JUN67900PE,0.00,0.00,0.00,7040.40,0.00,7040.40,67123.30,2802.00,0,0,0,0.00,0,F1,25,,,,,
2026-04-13,2026-04-13,FO,NSE,IDO,81774,,NIFTYNXT50,,2026-06-30,2026-06-30,67300.00,PE,NIFTYNXT5026JUN67300PE,0.00,0.00,0.00,6557.10,0.00,6557.10,67123.30,2507.40,0,0,0,0.00,0,F1,25,,,,,
2026-04-13,2026-04-13,FO,NSE,IDO,81631,,NIFTYNXT50,,2026-06-30,2026-06-30,64600.00,PE,NIFTYNXT5026JUN64600PE,0.00,0.00,0.00,4555.25,0.00,4555.25,67123.30,1422.70,0,0,0,0.00,0,F1,25,,,,,
2026-04-13,2026-04-13,FO,NSE,IDO,81572,,NIFTYNXT50,,2026-06-30,2026-06-30,63800.00,PE,NIFTYNXT5026JUN63800PE,0.00,0.00,0.00,4026.00,0.00,4026.00,67123.30,1175.40,0,0,0,0.00,0,F1,25,,,,,
2026-04-13,2026-04-13,FO,NSE,IDO,81498,,NIFTYNXT50,,2026-06-30,2026-06-30,62100.00,PE,NIFTYNXT5026JUN62100PE,0.00,0.00,0.00,3012.30,0.00,3012.30,67123.30,754.55,0,0,0,0.00,0,F1,25,,,,,
2026-04-13,2026-04-13,FO,NSE,IDO,81261,,NIFTYNXT50,,2026-06-30,2026-06-30,57900.00,PE,NIFTYNXT5026JUN57900PE,0.00,0.00,0.00,1211.10,0.00,1211.10,67123.30,192.75,0,0,0,0.00,0,F1,25,,,,,
2026-04-13,2026-04-13,FO,NSE,IDO,81244,,NIFTYNXT50,,2026-06-30,2026-06-30,57600.00,PE,NIFTYNXT5026JUN57600PE,0.00,0.00,0.00,1120.70,0.00,1120.70,67123.30,171.95,0,0,0,0.00,0,F1,25,,,,,
2026-04-13,2026-04-13,FO,NSE,IDO,81008,,NIFTYNXT50,,2026-06-30,2026-06-30,55200.00,PE,NIFTYNXT5026JUN55200PE,0.00,0.00,0.00,562.40,0.00,562.40,67123.30,62.85,0,0,0,0.00,0,F1,25,,,,,
2026-04-13,2026-04-13,FO,NSE,IDO,74065,,NIFTYNXT50,,2026-05-26,2026-05-26,73000.00,PE,NIFTYNXT5026MAY73000PE,0.00,0.00,0.00,3934.70,0.00,3934.70,67123.30,5838.00,0,0,0,0.00,0,F1,25,,,,,
2026-04-13,2026-04-13,FO,NSE,IDO,73923,,NIFTYNXT50,,2026-05-26,2026-05-26,71800.00,PE,NIFTYNXT5026MAY71800PE,0.00,0.00,0.00,3226.70,0.00,3226.70,67123.30,4866.75,0,0,0,0.00,0,F1,25,,,,,
2026-04-13,2026-04-13,FO,NSE,IDO,73889,,NIFTYNXT50,,2026-05-26,2026-05-26,70600.00,PE,NIFTYNXT5026MAY70600PE,0.00,0.00,0.00,2596.45,0.00,2596.45,67123.30,3967.35,0,0,0,0.00,0,F1,25,,,,,
2026-04-13,2026-04-13,FO,NSE,IDO,73636,,NIFTYNXT50,,2026-05-26,2026-05-26,67000.00,PE,NIFTYNXT5026MAY67000PE,0.00,0.00,0.00,1185.40,0.00,1185.40,67123.30,1825.70,0,0,0,0.00,0,F1,25,,,,,
2026-04-13,2026-04-13,FO,NSE,IDO,73439,,NIFTYNXT50,,2026-05-26,2026-05-26,62300.00,PE,NIFTYNXT5026MAY62300PE,0.00,0.00,0.00,293.95,0.00,293.95,67123.30,403.45,0,0,0,0.00,0,F1,25,,,,,
2026-04-13,2026-04-13,FO,NSE,IDO,73426,,NIFTYNXT50,,2026-05-26,2026-05-26,62100.00,PE,NIFTYNXT5026MAY62100PE,0.00,0.00,0.00,273.90,0.00,273.90,67123.30,372.45,0,0,0,0.00,0,F1,25,,,,,
2026-04-13,2026-04-13,FO,NSE,IDO,73394,,NIFTYNXT50,,2026-05-26,2026-05-26,61000.00,PE,NIFTYNXT5026MAY61000PE,0.00,0.00,0.00,182.20,0.00,182.20,67123.30,233.60,0,0,0,0.00,0,F1,25,,,,,
2026-04-13,2026-04-13,FO,NSE,IDO,73382,,NIFTYNXT50,,2026-05-26,2026-05-26,60500.00,PE,NIFTYNXT5026MAY60500PE,0.00,0.00,0.00,149.75,0.00,149.75,67123.30,186.05,0,0,0,0.00,0,F1,25,,,,,
2026-04-13,2026-04-13,FO,NSE,IDO,73236,,NIFTYNXT50,,2026-05-26,2026-05-26,58400.00,PE,NIFTYNXT5026MAY58400PE,0.00,0.00,0.00,60.65,0.00,60.65,67123.30,63.70,0,0,0,0.00,0,F1,25,,,,,
2026-04-13,2026-04-13,FO,NSE,IDO,41302,,NIFTYNXT50,,2026-05-26,2026-05-26,57100.00,PE,NIFTYNXT5026MAY57100PE,0.00,0.00,0.00,40.30,0.00,40.30,67123.30,29.60,0,0,0,0.00,0,F1,25,,,,,
2026-04-13,2026-04-13,FO,NSE,IDO,43913,,NIFTYNXT50,,2026-05-26,2026-05-26,55300.00,PE,NIFTYNXT5026MAY55300PE,0.00,0.00,0.00,36.35,0.00,36.35,67123.30,8.85,0,0,0,0.00,0,F1,25,,,,,
2026-04-13,2026-04-13,FO,NSE,IDO,49903,,NIFTYNXT50,,2026-05-26,2026-05-26,54700.00,PE,NIFTYNXT5026MAY54700PE,0.00,0.00,0.00,31.15,0.00,31.15,67123.30,5.70,0,0,0,0.00,0,F1,25,,,,,
2026-04-13,2026-04-13,FO,NSE,IDO,73110,,NIFTYNXT50,,2026-05-26,2026-05-26,51000.00,PE,NIFTYNXT5026MAY51000PE,0.00,0.00,0.00,0.75,0.00,0.75,67123.30,0.25,0,0,0,0.00,0,F1,25,,,,,
2026-04-13,2026-04-13,FO,NSE,IDO,74323,,NIFTYNXT50,,2026-04-28,2026-04-28,73800.00,PE,NIFTYNXT5026APR73800PE,0.00,0.00,0.00,6696.95,0.00,6696.95,67123.30,6531.30,0,0,0,0.00,0,F1,25,,,,,
2026-04-13,2026-04-13,FO,NSE,IDO,74309,,NIFTYNXT50,,2026-04-28,2026-04-28,73100.00,PE,NIFTYNXT5026APR73100PE,0.00,0.00,0.00,6139.50,0.00,6139.50,67123.30,5853.70,0,0,0,0.00,0,F1,25,,,,,
2026-04-13,2026-04-13,FO,NSE,IDO,74195,,NIFTYNXT50,,2026-04-28,2026-04-28,70000.00,PE,NIFTYNXT5026APR70000PE,0.00,0.00,0.00,3921.70,0.00,3921.70,67123.30,3068.40,0,0,0,0.00,0,F1,25,,,,,
2026-04-13,2026-04-13,FO,NSE,IDO,74161,,NIFTYNXT50,,2026-04-28,2026-04-28,69200.00,PE,NIFTYNXT5026APR69200PE,0.00,0.00,0.00,3427.35,0.00,3427.35,67123.30,2452.35,0,0,0,0.00,0,F1,25,,,,,
2026-04-13,2026-04-13,FO,NSE,IDO,74151,,NIFTYNXT50,,2026-04-28,2026-04-28,68900.00,PE,NIFTYNXT5026APR68900PE,0.00,0.00,0.00,3251.10,0.00,3251.10,67123.30,2237.65,0,0,0,0.00,0,F1,25,,,,,
2026-04-13,2026-04-13,FO,NSE,IDO,74143,,NIFTYNXT50,,2026-04-28,2026-04-28,68600.00,PE,NIFTYNXT5026APR68600PE,0.00,0.00,0.00,3079.90,0.00,3079.90,67123.30,2032.55,0,0,0,0.00,0,F1,25,,,,,
2026-04-13,2026-04-13,FO,NSE,IDO,80998,,NIFTYNXT50,,2026-06-30,2026-06-30,54900.00,PE,NIFTYNXT5026JUN54900PE,0.00,0.00,0.00,510.95,0.00,510.95,67123.30,54.75,0,0,0,0.00,0,F1,25,,,,,
2026-04-13,2026-04-13,FO,NSE,IDO,80973,,NIFTYNXT50,,2026-06-30,2026-06-30,54400.00,PE,NIFTYNXT5026JUN54400PE,0.00,0.00,0.00,433.30,0.00,433.30,67123.30,43.20,0,0,0,0.00,0,F1,25,,,,,
2026-04-13,2026-04-13,FO,NSE,IDO,80831,,NIFTYNXT50,,2026-06-30,2026-06-30,51500.00,PE,NIFTYNXT5026JUN51500PE,0.00,0.00,0.00,145.00,0.00,145.00,67123.30,9.20,0,0,0,0.00,0,F1,25,,,,,
2026-04-13,2026-04-13,FO,NSE,IDO,74632,,NIFTYNXT50,,2026-05-26,2026-05-26,79000.00,PE,NIFTYNXT5026MAY79000PE,0.00,0.00,0.00,8445.05,0.00,8445.05,67123.30,11353.25,0,0,0,0.00,0,F1,25,,,,,
2026-04-13,2026-04-13,FO,NSE,IDO,74057,,NIFTYNXT50,,2026-05-26,2026-05-26,72700.00,PE,NIFTYNXT5026MAY72700PE,0.00,0.00,0.00,3750.60,0.00,3750.60,67123.30,5589.15,0,0,0,0.00,0,F1,25,,,,,
2026-04-13,2026-04-13,FO,NSE,IDO,74011,,NIFTYNXT50,,2026-05-26,2026-05-26,72400.00,PE,NIFTYNXT5026MAY72400PE,0.00,0.00,0.00,3571.20,0.00,3571.20,67123.30,5344.15,0,0,0,0.00,0,F1,25,,,,,
2026-04-13,2026-04-13,FO,NSE,IDO,73893,,NIFTYNXT50,,2026-05-26,2026-05-26,70800.00,PE,NIFTYNXT5026MAY70800PE,0.00,0.00,0.00,2695.95,0.00,2695.95,67123.30,4111.45,0,0,0,0.00,0,F1,25,,,,,
2026-04-13,2026-04-13,FO,NSE,IDO,73877,,NIFTYNXT50,,2026-05-26,2026-05-26,70000.00,PE,NIFTYNXT5026MAY70000PE,0.00,0.00,0.00,2311.60,0.00,2311.60,67123.30,3549.50,0,0,0,0.00,0,F1,25,,,,,
2026-04-13,2026-04-13,FO,NSE,IDO,73715,,NIFTYNXT50,,2026-05-26,2026-05-26,68100.00,PE,NIFTYNXT5026MAY68100PE,0.00,0.00,0.00,1541.35,0.00,1541.35,67123.30,2383.10,0,0,0,0.00,0,F1,25,,,,,
2026-04-13,2026-04-13,FO,NSE,IDO,73626,,NIFTYNXT50,,2026-05-26,2026-05-26,66500.00,PE,NIFTYNXT5026MAY66500PE,0.00,0.00,0.00,1047.55,0.00,1047.55,67123.30,1601.80,0,0,0,0.00,0,F1,25,,,,,
2026-04-13,2026-04-13,FO,NSE,IDO,73587,,NIFTYNXT50,,2026-05-26,2026-05-26,65700.00,PE,NIFTYNXT5026MAY65700PE,0.00,0.00,0.00,845.45,0.00,845.45,67123.30,1281.85,0,0,0,0.00,0,F1,25,,,,,
2026-04-13,2026-04-13,FO,NSE,IDO,73564,,NIFTYNXT50,,2026-05-26,2026-05-26,64800.00,PE,NIFTYNXT5026MAY64800PE,0.00,0.00,0.00,655.50,0.00,655.50,67123.30,976.75,0,0,0,0.00,0,F1,25,,,,,
2026-04-13,2026-04-13,FO,NSE,IDO,73463,,NIFTYNXT50,,2026-05-26,2026-05-26,63200.00,PE,NIFTYNXT5026MAY63200PE,0.00,0.00,0.00,399.05,0.00,399.05,67123.30,568.15,0,0,0,0.00,0,F1,25,,,,,
2026-04-13,2026-04-13,FO,NSE,IDO,73449,,NIFTYNXT50,,2026-05-26,2026-05-26,62800.00,PE,NIFTYNXT5026MAY62800PE,0.00,0.00,0.00,349.25,0.00,349.25,67123.30,489.65,0,0,0,0.00,0,F1,25,,,,,
2026-04-13,2026-04-13,FO,NSE,IDO,73406,,NIFTYNXT50,,2026-05-26,2026-05-26,61400.00,PE,NIFTYNXT5026MAY61400PE,0.00,0.00,0.00,212.10,0.00,212.10,67123.30,278.30,0,0,0,0.00,0,F1,25,,,,,
2026-04-13,2026-04-13,FO,NSE,IDO,73228,,NIFTYNXT50,,2026-05-26,2026-05-26,58300.00,PE,NIFTYNXT5026MAY58300PE,0.00,0.00,0.00,57.90,0.00,57.90,67123.30,60.20,0,0,0,0.00,0,F1,25,,,,,
2026-04-13,2026-04-13,FO,NSE,IDO,73193,,NIFTYNXT50,,2026-05-26,2026-05-26,57900.00,PE,NIFTYNXT5026MAY57900PE,0.00,0.00,0.00,47.95,0.00,47.95,67123.30,47.90,0,0,0,0.00,0,F1,25,,,,,
2026-04-13,2026-04-13,FO,NSE,IDO,41310,,NIFTYNXT50,,2026-05-26,2026-05-26,57400.00,PE,NIFTYNXT5026MAY57400PE,0.00,0.00,0.00,46.90,0.00,46.90,67123.30,35.60,0,0,0,0.00,0,F1,25,,,,,
2026-04-13,2026-04-13,FO,NSE,IDO,43931,,NIFTYNXT50,,2026-05-26,2026-05-26,55700.00,PE,NIFTYNXT5026MAY55700PE,0.00,0.00,0.00,44.75,0.00,44.75,67123.30,11.75,0,0,0,0.00,0,F1,25,,,,,
2026-04-13,2026-04-13,FO,NSE,IDO,43907,,NIFTYNXT50,,2026-05-26,2026-05-26,55100.00,PE,NIFTYNXT5026MAY55100PE,0.00,0.00,0.00,32.65,0.00,32.65,67123.30,7.65,0,0,0,0.00,0,F1,25,,,,,
2026-04-13,2026-04-13,FO,NSE,IDO,73116,,NIFTYNXT50,,2026-05-26,2026-05-26,52000.00,PE,NIFTYNXT5026MAY52000PE,0.00,0.00,0.00,1.50,0.00,1.50,67123.30,0.60,0,0,0,0.00,0,F1,25,,,,,
2026-04-13,2026-04-13,FO,NSE,IDO,74339,,NIFTYNXT50,,2026-04-28,2026-04-28,74600.00,PE,NIFTYNXT5026APR74600PE,0.00,0.00,0.00,7355.10,0.00,7355.10,67123.30,7315.15,0,0,0,0.00,0,F1,25,,,,,
2026-04-13,2026-04-13,FO,NSE,IDO,74311,,NIFTYNXT50,,2026-04-28,2026-04-28,73200.00,PE,NIFTYNXT5026APR73200PE,0.00,0.00,0.00,6218.00,0.00,6218.00,67123.30,5949.90,0,0,0,0.00,0,F1,25,,,,,
2026-04-13,2026-04-13,FO,NSE,IDO,74285,,NIFTYNXT50,,2026-04-28,2026-04-28,72000.00,PE,NIFTYNXT5026APR72000PE,0.00,0.00,0.00,5304.40,0.00,5304.40,67123.30,4814.10,0,0,0,0.00,0,F1,25,,,,,
2026-04-13,2026-04-13,FO,NSE,IDO,74208,,NIFTYNXT50,,2026-04-28,2026-04-28,70500.00,PE,NIFTYNXT5026APR70500PE,0.00,0.00,0.00,4248.05,0.00,4248.05,67123.30,3480.80,0,0,0,0.00,0,F1,25,,,,,
2026-04-13,2026-04-13,FO,NSE,IDO,74193,,NIFTYNXT50,,2026-04-28,2026-04-28,69900.00,PE,NIFTYNXT5026APR69900PE,0.00,0.00,0.00,3858.05,0.00,3858.05,67123.30,2988.30,0,0,0,0.00,0,F1,25,,,,,
2026-04-13,2026-04-13,FO,NSE,IDO,74141,,NIFTYNXT50,,2026-04-28,2026-04-28,68500.00,PE,NIFTYNXT5026APR68500PE,0.00,0.00,0.00,3024.00,0.00,3024.00,67123.30,1966.40,0,0,0,0.00,0,F1,25,,,,,
2026-04-13,2026-04-13,FO,NSE,IDO,73984,,NIFTYNXT50,,2026-04-28,2026-04-28,64700.00,PE,NIFTYNXT5026APR64700PE,0.00,0.00,0.00,1335.30,0.00,1335.30,67123.30,350.50,0,0,0,0.00,0,F1,25,,,,,
2026-04-13,2026-04-13,FO,NSE,IDO,73940,,NIFTYNXT50,,2026-04-28,2026-04-28,62900.00,PE,NIFTYNXT5026APR62900PE,0.00,0.00,0.00,825.20,0.00,825.20,67123.30,103.90,0,0,0,0.00,0,F1,25,,,,,
2026-04-13,2026-04-13,FO,NSE,IDO,73930,,NIFTYNXT50,,2026-04-28,2026-04-28,62400.00,PE,NIFTYNXT5026APR62400PE,0.00,0.00,0.00,1451.55,1451.55,1451.55,67123.30,70.10,150,0,0,0.00,0,F1,25,,,,,
2026-04-13,2026-04-13,FO,NSE,IDO,73928,,NIFTYNXT50,,2026-04-28,2026-04-28,62300.00,PE,NIFTYNXT5026APR62300PE,0.00,0.00,0.00,691.80,0.00,691.80,67123.30,64.60,0,0,0,0.00,0,F1,25,,,,,
2026-04-13,2026-04-13,FO,NSE,IDO,73912,,NIFTYNXT50,,2026-04-28,2026-04-28,61900.00,PE,NIFTYNXT5026APR61900PE,0.00,0.00,0.00,612.20,0.00,612.20,67123.30,46.05,0,0,0,0.00,0,F1,25,,,,,
2026-04-13,2026-04-13,FO,NSE,IDO,73850,,NIFTYNXT50,,2026-04-28,2026-04-28,61600.00,PE,NIFTYNXT5026APR61600PE,0.00,0.00,0.00,557.15,0.00,557.15,67123.30,35.35,0,0,0,0.00,0,F1,25,,,,,
2026-04-13,2026-04-13,FO,NSE,IDO,73827,,NIFTYNXT50,,2026-04-28,2026-04-28,60700.00,PE,NIFTYNXT5026APR60700PE,0.00,0.00,0.00,414.30,0.00,414.30,67123.30,15.00,0,0,0,0.00,0,F1,25,,,,,
2026-04-13,2026-04-13,FO,NSE,IDO,73785,,NIFTYNXT50,,2026-04-28,2026-04-28,58800.00,PE,NIFTYNXT5026APR58800PE,0.00,0.00,0.00,206.35,0.00,206.35,67123.30,1.80,0,0,0,0.00,0,F1,25,,,,,
2026-04-13,2026-04-13,FO,NSE,IDO,73779,,NIFTYNXT50,,2026-04-28,2026-04-28,58600.00,PE,NIFTYNXT5026APR58600PE,0.00,0.00,0.00,190.60,0.00,190.60,67123.30,1.40,0,0,0,0.00,0,F1,25,,,,,
2026-04-13,2026-04-13,FO,NSE,IDO,73728,,NIFTYNXT50,,2026-04-28,2026-04-28,57200.00,PE,NIFTYNXT5026APR57200PE,0.00,0.00,0.00,105.55,0.00,105.55,67123.30,0.20,0,0,0,0.00,0,F1,25,,,,,
2026-04-13,2026-04-13,FO,NSE,IDO,73712,,NIFTYNXT50,,2026-04-28,2026-04-28,56800.00,PE,NIFTYNXT5026APR56800PE,0.00,0.00,0.00,88.15,0.00,88.15,67123.30,0.15,0,0,0,0.00,0,F1,25,,,,,
2026-04-13,2026-04-13,FO,NSE,IDO,73710,,NIFTYNXT50,,2026-04-28,2026-04-28,56700.00,PE,NIFTYNXT5026APR56700PE,0.00,0.00,0.00,84.20,0.00,84.20,67123.30,0.10,0,0,0,0.00,0,F1,25,,,,,
2026-04-13,2026-04-13,FO,NSE,IDO,73506,,NIFTYNXT50,,2026-04-28,2026-04-28,55000.00,PE,NIFTYNXT5026APR55000PE,0.00,0.00,0.00,36.50,0.00,36.50,67123.30,0.05,0,0,0,0.00,0,F1,25,,,,,
2026-04-13,2026-04-13,FO,NSE,IDO,73492,,NIFTYNXT50,,2026-04-28,2026-04-28,53500.00,PE,NIFTYNXT5026APR53500PE,0.00,0.00,0.00,15.95,0.00,15.95,67123.30,0.00,0,0,0,0.00,0,F1,25,,,,,
2026-04-13,2026-04-13,FO,NSE,IDO,81994,,NIFTYNXT50,,2026-06-30,2026-06-30,71400.00,CE,NIFTYNXT5026JUN71400CE,0.00,0.00,0.00,293.25,0.00,293.25,67123.30,1566.30,0,0,0,0.00,0,F1,25,,,,,
2026-04-13,2026-04-13,FO,NSE,IDO,81984,,NIFTYNXT50,,2026-06-30,2026-06-30,70900.00,CE,NIFTYNXT5026JUN70900CE,0.00,0.00,0.00,334.70,0.00,334.70,67123.30,1723.25,0,0,0,0.00,0,F1,25,,,,,
2026-04-13,2026-04-13,FO,NSE,IDO,81978,,NIFTYNXT50,,2026-06-30,2026-06-30,70600.00,CE,NIFTYNXT5026JUN70600CE,0.00,0.00,0.00,361.95,0.00,361.95,67123.30,1823.00,0,0,0,0.00,0,F1,25,,,,,
2026-04-13,2026-04-13,FO,NSE,IDO,81974,,NIFTYNXT50,,2026-06-30,2026-06-30,70400.00,CE,NIFTYNXT5026JUN70400CE,0.00,0.00,0.00,381.15,0.00,381.15,67123.30,1891.95,0,0,0,0.00,0,F1,25,,,,,
2026-04-13,2026-04-13,FO,NSE,IDO,81741,,NIFTYNXT50,,2026-06-30,2026-06-30,66800.00,CE,NIFTYNXT5026JUN66800CE,0.00,0.00,0.00,910.55,0.00,910.55,67123.30,3484.80,0,0,0,0.00,0,F1,25,,,,,
2026-04-13,2026-04-13,FO,NSE,IDO,81630,,NIFTYNXT50,,2026-06-30,2026-06-30,64600.00,CE,NIFTYNXT5026JUN64600CE,0.00,0.00,0.00,1462.25,0.00,1462.25,67123.30,4801.70,0,0,0,0.00,0,F1,25,,,,,
2026-04-13,2026-04-13,FO,NSE,IDO,81569,,NIFTYNXT50,,2026-06-30,2026-06-30,63700.00,CE,NIFTYNXT5026JUN63700CE,0.00,0.00,0.00,1752.95,0.00,1752.95,67123.30,5416.65,0,0,0,0.00,0,F1,25,,,,,
2026-04-13,2026-04-13,FO,NSE,IDO,81563,,NIFTYNXT50,,2026-06-30,2026-06-30,63400.00,CE,NIFTYNXT5026JUN63400CE,0.00,0.00,0.00,1859.05,0.00,1859.05,67123.30,5630.15,0,0,0,0.00,0,F1,25,,,,,
2026-04-13,2026-04-13,FO,NSE,IDO,81513,,NIFTYNXT50,,2026-06-30,2026-06-30,62900.00,CE,NIFTYNXT5026JUN62900CE,0.00,0.00,0.00,2046.40,0.00,2046.40,67123.30,5992.90,0,0,0,0.00,0,F1,25,,,,,
2026-04-13,2026-04-13,FO,NSE,IDO,81414,,NIFTYNXT50,,2026-06-30,2026-06-30,61700.00,CE,NIFTYNXT5026JUN61700CE,0.00,0.00,0.00,2551.95,0.00,2551.95,67123.30,6914.65,0,0,0,0.00,0,F1,25,,,,,
2026-04-13,2026-04-13,FO,NSE,IDO,81361,,NIFTYNXT50,,2026-06-30,2026-06-30,60400.00,CE,NIFTYNXT5026JUN60400CE,0.00,0.00,0.00,3192.45,0.00,3192.45,67123.30,7979.65,0,0,0,0.00,0,F1,25,,,,,
2026-04-13,2026-04-13,FO,NSE,IDO,81343,,NIFTYNXT50,,2026-06-30,2026-06-30,59700.00,CE,NIFTYNXT5026JUN59700CE,0.00,0.00,0.00,3577.85,0.00,3577.85,67123.30,8578.15,0,0,0,0.00,0,F1,25,,,,,
2026-04-13,2026-04-13,FO,NSE,IDO,81267,,NIFTYNXT50,,2026-06-30,2026-06-30,58100.00,CE,NIFTYNXT5026JUN58100CE,0.00,0.00,0.00,4564.60,0.00,4564.60,67123.30,10000.60,0,0,0,0.00,0,F1,25,,,,,
2026-04-13,2026-04-13,FO,NSE,IDO,81239,,NIFTYNXT50,,2026-06-30,2026-06-30,57400.00,CE,NIFTYNXT5026JUN57400CE,0.00,0.00,0.00,5043.65,0.00,5043.65,67123.30,10642.75,0,0,0,0.00,0,F1,25,,,,,
2026-04-13,2026-04-13,FO,NSE,IDO,80981,,NIFTYNXT50,,2026-06-30,2026-06-30,54700.00,CE,NIFTYNXT5026JUN54700CE,0.00,0.00,0.00,7108.35,0.00,7108.35,67123.30,13197.75,0,0,0,0.00,0,F1,25,,,,,
2026-04-13,2026-04-13,FO,NSE,IDO,80979,,NIFTYNXT50,,2026-06-30,2026-06-30,54600.00,CE,NIFTYNXT5026JUN54600CE,0.00,0.00,0.00,7191.05,0.00,7191.05,67123.30,13294.10,0,0,0,0.00,0,F1,25,,,,,
2026-04-13,2026-04-13,FO,NSE,IDO,80946,,NIFTYNXT50,,2026-06-30,2026-06-30,54000.00,CE,NIFTYNXT5026JUN54000CE,0.00,0.00,0.00,7695.05,0.00,7695.05,67123.30,13874.15,0,0,0,0.00,0,F1,25,,,,,
2026-04-13,2026-04-13,FO,NSE,IDO,80823,,NIFTYNXT50,,2026-06-30,2026-06-30,51500.00,CE,NIFTYNXT5026JUN51500CE,0.00,0.00,0.00,9917.30,0.00,9917.30,67123.30,16314.70,0,0,0,0.00,0,F1,25,,,,,
2026-04-13,2026-04-13,FO,NSE,IDO,74542,,NIFTYNXT50,,2026-05-26,2026-05-26,76500.00,CE,NIFTYNXT5026MAY76500CE,0.00,0.00,0.00,935.70,0.00,935.70,67123.30,148.00,0,0,0,0.00,0,F1,25,,,,,
2026-04-13,2026-04-13,FO,NSE,IDO,74525,,NIFTYNXT50,,2026-05-26,2026-05-26,76000.00,CE,NIFTYNXT5026MAY76000CE,0.00,0.00,0.00,1046.20,0.00,1046.20,67123.30,178.10,0,0,0,0.00,0,F1,25,,,,,
2026-04-13,2026-04-13,FO,NSE,IDO,74426,,NIFTYNXT50,,2026-05-26,2026-05-26,74600.00,CE,NIFTYNXT5026MAY74600CE,0.00,0.00,0.00,1398.70,0.00,1398.70,67123.30,292.70,0,0,0,0.00,0,F1,25,,,,,
2026-04-13,2026-04-13,FO,NSE,IDO,74396,,NIFTYNXT50,,2026-05-26,2026-05-26,74000.00,CE,NIFTYNXT5026MAY74000CE,0.00,0.00,0.00,1578.00,0.00,1578.00,67123.30,358.55,0,0,0,0.00,0,F1,25,,,,,
2026-04-13,2026-04-13,FO,NSE,IDO,74387,,NIFTYNXT50,,2026-05-26,2026-05-26,73700.00,CE,NIFTYNXT5026MAY73700CE,0.00,0.00,0.00,1674.00,0.00,1674.00,67123.30,395.90,0,0,0,0.00,0,F1,25,,,,,
2026-04-13,2026-04-13,FO,NSE,IDO,73964,,NIFTYNXT50,,2026-05-26,2026-05-26,72000.00,CE,NIFTYNXT5026MAY72000CE,0.00,0.00,0.00,2303.50,0.00,2303.50,67123.30,674.60,0,0,0,0.00,0,F1,25,,,,,
2026-04-13,2026-04-13,FO,NSE,IDO,73864,,NIFTYNXT50,,2026-05-26,2026-05-26,69400.00,CE,NIFTYNXT5026MAY69400CE,0.00,0.00,0.00,3567.90,0.00,3567.90,67123.30,1386.20,0,0,0,0.00,0,F1,25,,,,,
2026-04-13,2026-04-13,FO,NSE,IDO,73848,,NIFTYNXT50,,2026-05-26,2026-05-26,68900.00,CE,NIFTYNXT5026MAY68900CE,0.00,0.00,0.00,3854.30,0.00,3854.30,67123.30,1571.80,0,0,0,0.00,0,F1,25,,,,,
2026-04-13,2026-04-13,FO,NSE,IDO,73832,,NIFTYNXT50,,2026-05-26,2026-05-26,68800.00,CE,NIFTYNXT5026MAY68800CE,0.00,0.00,0.00,3913.25,0.00,3913.25,67123.30,1611.00,0,0,0,0.00,0,F1,25,,,,,
2026-04-13,2026-04-13,FO,NSE,IDO,73527,,NIFTYNXT50,,2026-05-26,2026-05-26,63800.00,CE,NIFTYNXT5026MAY63800CE,0.00,0.00,0.00,7513.05,0.00,7513.05,67123.30,4493.55,0,0,0,0.00,0,F1,25,,,,,
2026-04-13,2026-04-13,FO,NSE,IDO,73303,,NIFTYNXT50,,2026-05-26,2026-05-26,59000.00,CE,NIFTYNXT5026MAY59000CE,0.00,0.00,0.00,11829.65,0.00,11829.65,67123.30,8643.70,0,0,0,0.00,0,F1,25,,,,,
2026-04-13,2026-04-13,FO,NSE,IDO,73268,,NIFTYNXT50,,2026-05-26,2026-05-26,58600.00,CE,NIFTYNXT5026MAY58600CE,0.00,0.00,0.00,12209.95,0.00,12209.95,67123.30,9023.65,0,0,0,0.00,0,F1,25,,,,,
2026-04-13,2026-04-13,FO,NSE,IDO,41301,,NIFTYNXT50,,2026-05-26,2026-05-26,57100.00,CE,NIFTYNXT5026MAY57100CE,0.00,0.00,0.00,12472.00,0.00,12472.00,67123.30,10471.10,0,0,0,0.00,0,F1,25,,,,,
2026-04-13,2026-04-13,FO,NSE,IDO,41299,,NIFTYNXT50,,2026-05-26,2026-05-26,56900.00,CE,NIFTYNXT5026MAY56900CE,0.00,0.00,0.00,12664.95,0.00,12664.95,67123.30,10666.15,0,0,0,0.00,0,F1,25,,,,,
2026-04-13,2026-04-13,FO,NSE,IDO,73121,,NIFTYNXT50,,2026-05-26,2026-05-26,53500.00,CE,NIFTYNXT5026MAY53500CE,0.00,0.00,0.00,17163.55,0.00,17163.55,67123.30,14017.35,0,0,0,0.00,0,F1,25,,,,,
2026-04-13,2026-04-13,FO,NSE,IDO,73098,,NIFTYNXT50,,2026-05-26,2026-05-26,50500.00,CE,NIFTYNXT5026MAY50500CE,0.00,0.00,0.00,20110.55,0.00,20110.55,67123.30,16993.35,0,0,0,0.00,0,F1,25,,,,,
2026-04-13,2026-04-13,FO,NSE,IDO,74296,,NIFTYNXT50,,2026-04-28,2026-04-28,72500.00,CE,NIFTYNXT5026APR72500CE,0.00,0.00,0.00,986.10,0.00,986.10,67123.30,78.15,0,0,0,0.00,0,F1,25,,,,,
2026-04-13,2026-04-13,FO,NSE,IDO,74190,,NIFTYNXT50,,2026-04-28,2026-04-28,69800.00,CE,NIFTYNXT5026APR69800CE,0.00,0.00,0.00,1760.35,0.00,1760.35,67123.30,398.85,0,0,0,0.00,0,F1,25,,,,,
2026-04-13,2026-04-13,FO,NSE,IDO,74138,,NIFTYNXT50,,2026-04-28,2026-04-28,68400.00,CE,NIFTYNXT5026APR68400CE,0.00,0.00,0.00,2312.70,0.00,2312.70,67123.30,787.80,0,0,0,0.00,0,F1,25,,,,,
2026-04-13,2026-04-13,FO,NSE,IDO,74041,,NIFTYNXT50,,2026-04-28,2026-04-28,66800.00,CE,NIFTYNXT5026APR66800CE,0.00,0.00,0.00,3082.65,0.00,3082.65,67123.30,1508.95,0,0,0,0.00,0,F1,25,,,,,
2026-04-13,2026-04-13,FO,NSE,IDO,73959,,NIFTYNXT50,,2026-04-28,2026-04-28,63900.00,CE,NIFTYNXT5026APR63900CE,0.00,0.00,0.00,4861.75,0.00,4861.75,67123.30,3587.60,0,0,0,0.00,0,F1,25,,,,,
2026-04-13,2026-04-13,FO,NSE,IDO,73943,,NIFTYNXT50,,2026-04-28,2026-04-28,63100.00,CE,NIFTYNXT5026APR63100CE,0.00,0.00,0.00,5436.45,0.00,5436.45,67123.30,4294.55,0,0,0,0.00,0,F1,25,,,,,
2026-04-13,2026-04-13,FO,NSE,IDO,73922,,NIFTYNXT50,,2026-04-28,2026-04-28,62200.00,CE,NIFTYNXT5026APR62200CE,0.00,0.00,0.00,6120.30,0.00,6120.30,67123.30,5131.10,0,0,0,0.00,0,F1,25,,,,,
2026-04-13,2026-04-13,FO,NSE,IDO,73843,,NIFTYNXT50,,2026-04-28,2026-04-28,61400.00,CE,NIFTYNXT5026APR61400CE,0.00,0.00,0.00,6759.40,0.00,6759.40,67123.30,5899.20,0,0,0,0.00,0,F1,25,,,,,
2026-04-13,2026-04-13,FO,NSE,IDO,73841,,NIFTYNXT50,,2026-04-28,2026-04-28,61300.00,CE,NIFTYNXT5026APR61300CE,0.00,0.00,0.00,6841.20,0.00,6841.20,67123.30,5996.35,0,0,0,0.00,0,F1,25,,,,,
2026-04-13,2026-04-13,FO,NSE,IDO,73788,,NIFTYNXT50,,2026-04-28,2026-04-28,59000.00,CE,NIFTYNXT5026APR59000CE,0.00,0.00,0.00,8823.20,0.00,8823.20,67123.30,8266.30,0,0,0,0.00,0,F1,25,,,,,
2026-04-13,2026-04-13,FO,NSE,IDO,73762,,NIFTYNXT50,,2026-04-28,2026-04-28,58000.00,CE,NIFTYNXT5026APR58000CE,0.00,0.00,0.00,9733.85,0.00,9733.85,67123.30,9262.25,0,0,0,0.00,0,F1,25,,,,,
2026-04-13,2026-04-13,FO,NSE,IDO,73756,,NIFTYNXT50,,2026-04-28,2026-04-28,57700.00,CE,NIFTYNXT5026APR57700CE,0.00,0.00,0.00,10011.50,0.00,10011.50,67123.30,9561.35,0,0,0,0.00,0,F1,25,,,,,
2026-04-13,2026-04-13,FO,NSE,IDO,73487,,NIFTYNXT50,,2026-04-28,2026-04-28,52500.00,CE,NIFTYNXT5026APR52500CE,0.00,0.00,0.00,15009.30,0.00,15009.30,67123.30,14748.50,0,0,0,0.00,0,F1,25,,,,,
2026-04-13,2026-04-13,FO,NSE,IDO,81772,,NIFTYNXT50,,2026-06-30,2026-06-30,67200.00,PE,NIFTYNXT5026JUN67200PE,0.00,0.00,0.00,6477.80,0.00,6477.80,67123.30,2460.15,0,0,0,0.00,0,F1,25,,,,,
2026-04-13,2026-04-13,FO,NSE,IDO,81784,,NIFTYNXT50,,2026-06-30,2026-06-30,67800.00,PE,NIFTYNXT5026JUN67800PE,0.00,0.00,0.00,6959.00,0.00,6959.00,67123.30,2751.45,0,0,0,0.00,0,F1,25,,,,,
2026-04-13,2026-04-13,FO,NSE,IDO,81788,,NIFTYNXT50,,2026-06-30,2026-06-30,68000.00,PE,NIFTYNXT5026JUN68000PE,0.00,0.00,0.00,7122.10,0.00,7122.10,67123.30,2853.00,0,0,0,0.00,0,F1,25,,,,,
2026-04-13,2026-04-13,FO,NSE,IDO,81813,,NIFTYNXT50,,2026-06-30,2026-06-30,69000.00,PE,NIFTYNXT5026JUN69000PE,0.00,0.00,0.00,7956.40,0.00,7956.40,67123.30,3392.90,0,0,0,0.00,0,F1,25,,,,,
2026-04-13,2026-04-13,FO,NSE,IDO,82005,,NIFTYNXT50,,2026-06-30,2026-06-30,71900.00,PE,NIFTYNXT5026JUN71900PE,0.00,0.00,0.00,10518.65,0.00,10518.65,67123.30,5245.00,0,0,0,0.00,0,F1,25,,,,,
2026-04-13,2026-04-13,FO,NSE,IDO,35265,,NIFTYNXT50,,2026-06-30,2026-06-30,72400.00,PE,NIFTYNXT5026JUN72400PE,0.00,0.00,0.00,9582.35,0.00,9582.35,67123.30,5603.60,0,0,0,0.00,0,F1,25,,,,,
2026-04-13,2026-04-13,FO,NSE,IDO,35301,,NIFTYNXT50,,2026-06-30,2026-06-30,73700.00,PE,NIFTYNXT5026JUN73700PE,0.00,0.00,0.00,10752.05,0.00,10752.05,67123.30,6584.75,0,0,0,0.00,0,F1,25,,,,,
2026-04-13,2026-04-13,FO,NSE,IDO,81749,,NIFTYNXT50,,2026-06-30,2026-06-30,66900.00,PE,NIFTYNXT5026JUN66900PE,0.00,0.00,0.00,6242.00,0.00,6242.00,67123.30,2321.70,0,0,0,0.00,0,F1,25,,,,,
2026-04-13,2026-04-13,FO,NSE,IDO,81661,,NIFTYNXT50,,2026-06-30,2026-06-30,65100.00,PE,NIFTYNXT5026JUN65100PE,0.00,0.00,0.00,4901.85,0.00,4901.85,67123.30,1594.00,0,0,0,0.00,0,F1,25,,,,,
2026-04-13,2026-04-13,FO,NSE,IDO,81566,,NIFTYNXT50,,2026-06-30,2026-06-30,63500.00,PE,NIFTYNXT5026JUN63500PE,0.00,0.00,0.00,3835.90,0.00,3835.90,67123.30,1094.05,0,0,0,0.00,0,F1,25,,,,,
2026-04-13,2026-04-13,FO,NSE,IDO,81512,,NIFTYNXT50,,2026-06-30,2026-06-30,62800.00,PE,NIFTYNXT5026JUN62800PE,0.00,0.00,0.00,3410.75,0.00,3410.75,67123.30,912.10,0,0,0,0.00,0,F1,25,,,,,
2026-04-13,2026-04-13,FO,NSE,IDO,81382,,NIFTYNXT50,,2026-06-30,2026-06-30,61400.00,PE,NIFTYNXT5026JUN61400PE,0.00,0.00,0.00,2641.40,0.00,2641.40,67123.30,618.05,0,0,0,0.00,0,F1,25,,,,,
2026-04-13,2026-04-13,FO,NSE,IDO,81372,,NIFTYNXT50,,2026-06-30,2026-06-30,60900.00,PE,NIFTYNXT5026JUN60900PE,0.00,0.00,0.00,2393.95,0.00,2393.95,67123.30,532.50,0,0,0,0.00,0,F1,25,,,,,
2026-04-13,2026-04-13,FO,NSE,IDO,81221,,NIFTYNXT50,,2026-06-30,2026-06-30,56800.00,PE,NIFTYNXT5026JUN56800PE,0.00,0.00,0.00,906.25,0.00,906.25,67123.30,125.25,0,0,0,0.00,0,F1,25,,,,,
2026-04-13,2026-04-13,FO,NSE,IDO,81211,,NIFTYNXT50,,2026-06-30,2026-06-30,56300.00,PE,NIFTYNXT5026JUN56300PE,0.00,0.00,0.00,784.40,0.00,784.40,67123.30,101.80,0,0,0,0.00,0,F1,25,,,,,
2026-04-13,2026-04-13,FO,NSE,IDO,73820,,NIFTYNXT50,,2026-04-28,2026-04-28,60400.00,CE,NIFTYNXT5026APR60400CE,0.00,0.00,0.00,7595.10,0.00,7595.10,67123.30,6878.40,0,0,0,0.00,0,F1,25,,,,,
2026-04-13,2026-04-13,FO,NSE,IDO,73768,,NIFTYNXT50,,2026-04-28,2026-04-28,58200.00,CE,NIFTYNXT5026APR58200CE,0.00,0.00,0.00,9549.85,0.00,9549.85,67123.30,9062.95,0,0,0,0.00,0,F1,25,,,,,
2026-04-13,2026-04-13,FO,NSE,IDO,73731,,NIFTYNXT50,,2026-04-28,2026-04-28,57300.00,CE,NIFTYNXT5026APR57300CE,0.00,0.00,0.00,10384.40,0.00,10384.40,67123.30,9960.20,0,0,0,0.00,0,F1,25,,,,,
2026-04-13,2026-04-13,FO,NSE,IDO,73545,,NIFTYNXT50,,2026-04-28,2026-04-28,55500.00,CE,NIFTYNXT5026APR55500CE,0.00,0.00,0.00,12093.65,0.00,12093.65,67123.30,11755.70,0,0,0,0.00,0,F1,25,,,,,
2026-04-13,2026-04-13,FO,NSE,IDO,73511,,NIFTYNXT50,,2026-04-28,2026-04-28,55100.00,CE,NIFTYNXT5026APR55100CE,0.00,0.00,0.00,12478.80,0.00,12478.80,67123.30,12154.75,0,0,0,0.00,0,F1,25,,,,,
2026-04-13,2026-04-13,FO,NSE,IDO,73501,,NIFTYNXT50,,2026-04-28,2026-04-28,54900.00,CE,NIFTYNXT5026APR54900CE,0.00,0.00,0.00,12671.95,0.00,12671.95,67123.30,12354.25,0,0,0,0.00,0,F1,25,,,,,
2026-04-13,2026-04-13,FO,NSE,IDO,73497,,NIFTYNXT50,,2026-04-28,2026-04-28,54700.00,CE,NIFTYNXT5026APR54700CE,0.00,0.00,0.00,12865.40,0.00,12865.40,67123.30,12553.75,0,0,0,0.00,0,F1,25,,,,,
2026-04-13,2026-04-13,FO,NSE,IDO,73493,,NIFTYNXT50,,2026-04-28,2026-04-28,54000.00,CE,NIFTYNXT5026APR54000CE,0.00,0.00,0.00,13544.75,0.00,13544.75,67123.30,13252.10,0,0,0,0.00,0,F1,25,,,,,
2026-04-13,2026-04-13,FO,NSE,IDF,62330,,NIFTYNXT50,,2026-06-30,2026-06-30,,,NIFTYNXT5026JUNFUT,67400.00,67400.00,67400.00,67400.00,67400.00,61450.60,67123.30,68024.40,25,25,1,1685000.00,1,F1,25,,,,,
2026-04-13,2026-04-13,FO,NSE,IDO,73941,,NIFTYNXT50,,2026-04-28,2026-04-28,63000.00,CE,NIFTYNXT5026APR63000CE,0.00,0.00,0.00,1431.10,1431.10,1431.10,67123.30,4385.60,150,0,0,0.00,0,F1,25,,,,,
2026-04-13,2026-04-13,FO,NSE,IDO,82092,,NIFTYNXT50,,2026-06-30,2026-06-30,77500.00,PE,NIFTYNXT5026JUN77500PE,0.00,0.00,0.00,15811.60,0.00,15811.60,67123.30,9765.75,0,0,0,0.00,0,F1,25,,,,,
2026-04-13,2026-04-13,FO,NSE,IDO,35291,,NIFTYNXT50,,2026-06-30,2026-06-30,73400.00,PE,NIFTYNXT5026JUN73400PE,0.00,0.00,0.00,10479.40,0.00,10479.40,67123.30,6355.55,0,0,0,0.00,0,F1,25,,,,,
2026-04-13,2026-04-13,FO,NSE,IDO,35269,,NIFTYNXT50,,2026-06-30,2026-06-30,72600.00,PE,NIFTYNXT5026JUN72600PE,0.00,0.00,0.00,9760.20,0.00,9760.20,67123.30,5750.00,0,0,0,0.00,0,F1,25,,,,,
2026-04-13,2026-04-13,FO,NSE,IDO,81995,,NIFTYNXT50,,2026-06-30,2026-06-30,71400.00,PE,NIFTYNXT5026JUN71400PE,0.00,0.00,0.00,10064.45,0.00,10064.45,67123.30,4897.20,0,0,0,0.00,0,F1,25,,,,,
2026-04-13,2026-04-13,FO,NSE,IDO,81802,,NIFTYNXT50,,2026-06-30,2026-06-30,68600.00,PE,NIFTYNXT5026JUN68600PE,0.00,0.00,0.00,7619.10,0.00,7619.10,67123.30,3170.55,0,0,0,0.00,0,F1,25,,,,,
2026-04-13,2026-04-13,FO,NSE,IDO,81793,,NIFTYNXT50,,2026-06-30,2026-06-30,68200.00,PE,NIFTYNXT5026JUN68200PE,0.00,0.00,0.00,7286.50,0.00,7286.50,67123.30,2956.70,0,0,0,0.00,0,F1,25,,,,,
2026-04-13,2026-04-13,FO,NSE,IDO,81546,,NIFTYNXT50,,2026-06-30,2026-06-30,63100.00,PE,NIFTYNXT5026JUN63100PE,0.00,0.00,0.00,3589.70,0.00,3589.70,67123.30,988.85,0,0,0,0.00,0,F1,25,,,,,
2026-04-13,2026-04-13,FO,NSE,IDO,81394,,NIFTYNXT50,,2026-06-30,2026-06-30,61500.00,PE,NIFTYNXT5026JUN61500PE,0.00,0.00,0.00,2692.65,0.00,2692.65,67123.30,636.30,0,0,0,0.00,0,F1,25,,,,,
2026-04-13,2026-04-13,FO,NSE,IDO,81364,,NIFTYNXT50,,2026-06-30,2026-06-30,60500.00,PE,NIFTYNXT5026JUN60500PE,0.00,0.00,0.00,2206.20,0.00,2206.20,67123.30,470.85,0,0,0,0.00,0,F1,25,,,,,
2026-04-13,2026-04-13,FO,NSE,IDO,81232,,NIFTYNXT50,,2026-06-30,2026-06-30,57200.00,PE,NIFTYNXT5026JUN57200PE,0.00,0.00,0.00,1010.45,0.00,1010.45,67123.30,147.10,0,0,0,0.00,0,F1,25,,,,,
2026-04-13,2026-04-13,FO,NSE,IDO,81213,,NIFTYNXT50,,2026-06-30,2026-06-30,56400.00,PE,NIFTYNXT5026JUN56400PE,0.00,0.00,0.00,807.35,0.00,807.35,67123.30,106.20,0,0,0,0.00,0,F1,25,,,,,
2026-04-13,2026-04-13,FO,NSE,IDO,81209,,NIFTYNXT50,,2026-06-30,2026-06-30,56200.00,PE,NIFTYNXT5026JUN56200PE,0.00,0.00,0.00,761.95,0.00,761.95,67123.30,97.60,0,0,0,0.00,0,F1,25,,,,,
2026-04-13,2026-04-13,FO,NSE,IDO,80975,,NIFTYNXT50,,2026-06-30,2026-06-30,54500.00,PE,NIFTYNXT5026JUN54500PE,0.00,0.00,0.00,448.05,0.00,448.05,67123.30,45.35,0,0,0,0.00,0,F1,25,,,,,
2026-04-13,2026-04-13,FO,NSE,IDO,80956,,NIFTYNXT50,,2026-06-30,2026-06-30,54200.00,PE,NIFTYNXT5026JUN54200PE,0.00,0.00,0.00,404.90,0.00,404.90,67123.30,39.20,0,0,0,0.00,0,F1,25,,,,,
2026-04-13,2026-04-13,FO,NSE,IDO,80744,,NIFTYNXT50,,2026-06-30,2026-06-30,50500.00,PE,NIFTYNXT5026JUN50500PE,0.00,0.00,0.00,93.55,0.00,93.55,67123.30,5.05,0,0,0,0.00,0,F1,25,,,,,
2026-04-13,2026-04-13,FO,NSE,IDO,74422,,NIFTYNXT50,,2026-05-26,2026-05-26,74500.00,PE,NIFTYNXT5026MAY74500PE,0.00,0.00,0.00,4922.15,0.00,4922.15,67123.30,7133.95,0,0,0,0.00,0,F1,25,,,,,
2026-04-13,2026-04-13,FO,NSE,IDO,74407,,NIFTYNXT50,,2026-05-26,2026-05-26,74100.00,PE,NIFTYNXT5026MAY74100PE,0.00,0.00,0.00,4648.25,0.00,4648.25,67123.30,6780.75,0,0,0,0.00,0,F1,25,,,,,
2026-04-13,2026-04-13,FO,NSE,IDO,74059,,NIFTYNXT50,,2026-05-26,2026-05-26,72800.00,PE,NIFTYNXT5026MAY72800PE,0.00,0.00,0.00,3811.45,0.00,3811.45,67123.30,5671.65,0,0,0,0.00,0,F1,25,,,,,
2026-04-13,2026-04-13,FO,NSE,IDO,73909,,NIFTYNXT50,,2026-05-26,2026-05-26,71600.00,PE,NIFTYNXT5026MAY71600PE,0.00,0.00,0.00,3116.15,0.00,3116.15,67123.30,4711.60,0,0,0,0.00,0,F1,25,,,,,
2026-04-13,2026-04-13,FO,NSE,IDO,73897,,NIFTYNXT50,,2026-05-26,2026-05-26,71000.00,PE,NIFTYNXT5026MAY71000PE,0.00,0.00,0.00,2797.70,0.00,2797.70,67123.30,4257.90,0,0,0,0.00,0,F1,25,,,,,
2026-04-13,2026-04-13,FO,NSE,IDO,73891,,NIFTYNXT50,,2026-05-26,2026-05-26,70700.00,PE,NIFTYNXT5026MAY70700PE,0.00,0.00,0.00,2645.90,0.00,2645.90,67123.30,4039.10,0,0,0,0.00,0,F1,25,,,,,
2026-04-13,2026-04-13,FO,NSE,IDO,73881,,NIFTYNXT50,,2026-05-26,2026-05-26,70200.00,PE,NIFTYNXT5026MAY70200PE,0.00,0.00,0.00,2404.40,0.00,2404.40,67123.30,3686.30,0,0,0,0.00,0,F1,25,,,,,
2026-04-13,2026-04-13,FO,NSE,IDO,73871,,NIFTYNXT50,,2026-05-26,2026-05-26,69700.00,PE,NIFTYNXT5026MAY69700PE,0.00,0.00,0.00,2176.60,0.00,2176.60,67123.30,3349.10,0,0,0,0.00,0,F1,25,,,,,
2026-04-13,2026-04-13,FO,NSE,IDO,73659,,NIFTYNXT50,,2026-05-26,2026-05-26,67600.00,PE,NIFTYNXT5026MAY67600PE,0.00,0.00,0.00,1371.65,0.00,1371.65,67123.30,2118.60,0,0,0,0.00,0,F1,25,,,,,
2026-04-13,2026-04-13,FO,NSE,IDO,73632,,NIFTYNXT50,,2026-05-26,2026-05-26,66800.00,PE,NIFTYNXT5026MAY66800PE,0.00,0.00,0.00,1127.45,0.00,1127.45,67123.30,1733.95,0,0,0,0.00,0,F1,25,,,,,
2026-04-13,2026-04-13,FO,NSE,IDO,73560,,NIFTYNXT50,,2026-05-26,2026-05-26,64600.00,PE,NIFTYNXT5026MAY64600PE,0.00,0.00,0.00,618.00,0.00,618.00,67123.30,916.55,0,0,0,0.00,0,F1,25,,,,,
2026-04-13,2026-04-13,FO,NSE,IDO,73556,,NIFTYNXT50,,2026-05-26,2026-05-26,64400.00,PE,NIFTYNXT5026MAY64400PE,0.00,0.00,0.00,582.15,0.00,582.15,67123.30,859.00,0,0,0,0.00,0,F1,25,,,,,
2026-04-13,2026-04-13,FO,NSE,IDO,73548,,NIFTYNXT50,,2026-05-26,2026-05-26,64000.00,PE,NIFTYNXT5026MAY64000PE,0.00,0.00,0.00,515.20,0.00,515.20,67123.30,755.25,0,0,0,0.00,0,F1,25,,,,,
2026-04-13,2026-04-13,FO,NSE,IDO,73528,,NIFTYNXT50,,2026-05-26,2026-05-26,63800.00,PE,NIFTYNXT5026MAY63800PE,0.00,0.00,0.00,484.00,0.00,484.00,67123.30,702.95,0,0,0,0.00,0,F1,25,,,,,
2026-04-13,2026-04-13,FO,NSE,IDO,73510,,NIFTYNXT50,,2026-05-26,2026-05-26,63600.00,PE,NIFTYNXT5026MAY63600PE,0.00,0.00,0.00,454.30,0.00,454.30,67123.30,655.65,0,0,0,0.00,0,F1,25,,,,,
2026-04-13,2026-04-13,FO,NSE,IDO,73503,,NIFTYNXT50,,2026-05-26,2026-05-26,63400.00,PE,NIFTYNXT5026MAY63400PE,0.00,0.00,0.00,426.00,0.00,426.00,67123.30,610.75,0,0,0,0.00,0,F1,25,,,,,
2026-04-13,2026-04-13,FO,NSE,IDO,73447,,NIFTYNXT50,,2026-05-26,2026-05-26,62700.00,PE,NIFTYNXT5026MAY62700PE,0.00,0.00,0.00,337.55,0.00,337.55,67123.30,471.40,0,0,0,0.00,0,F1,25,,,,,
2026-04-13,2026-04-13,FO,NSE,IDO,73443,,NIFTYNXT50,,2026-05-26,2026-05-26,62500.00,PE,NIFTYNXT5026MAY62500PE,0.00,0.00,0.00,315.15,0.00,315.15,67123.30,436.40,0,0,0,0.00,0,F1,25,,,,,
2026-04-13,2026-04-13,FO,NSE,IDO,73418,,NIFTYNXT50,,2026-05-26,2026-05-26,61800.00,PE,NIFTYNXT5026MAY61800PE,0.00,0.00,0.00,245.85,0.00,245.85,67123.30,329.45,0,0,0,0.00,0,F1,25,,,,,
2026-04-13,2026-04-13,FO,NSE,IDO,73322,,NIFTYNXT50,,2026-05-26,2026-05-26,59200.00,PE,NIFTYNXT5026MAY59200PE,0.00,0.00,0.00,86.95,0.00,86.95,67123.30,98.05,0,0,0,0.00,0,F1,25,,,,,
2026-04-13,2026-04-13,FO,NSE,IDO,73267,,NIFTYNXT50,,2026-05-26,2026-05-26,58500.00,PE,NIFTYNXT5026MAY58500PE,0.00,0.00,0.00,63.50,0.00,63.50,67123.30,67.30,0,0,0,0.00,0,F1,25,,,,,
2026-04-13,2026-04-13,FO,NSE,IDO,73205,,NIFTYNXT50,,2026-05-26,2026-05-26,58100.00,PE,NIFTYNXT5026MAY58100PE,0.00,0.00,0.00,52.70,0.00,52.70,67123.30,53.75,0,0,0,0.00,0,F1,25,,,,,
2026-04-13,2026-04-13,FO,NSE,IDO,41296,,NIFTYNXT50,,2026-05-26,2026-05-26,56700.00,PE,NIFTYNXT5026MAY56700PE,0.00,0.00,0.00,32.75,0.00,32.75,67123.30,23.00,0,0,0,0.00,0,F1,25,,,,,
2026-04-13,2026-04-13,FO,NSE,IDO,43933,,NIFTYNXT50,,2026-05-26,2026-05-26,55800.00,PE,NIFTYNXT5026MAY55800PE,0.00,0.00,0.00,47.10,0.00,47.10,67123.30,12.60,0,0,0,0.00,0,F1,25,,,,,
2026-04-13,2026-04-13,FO,NSE,IDO,49893,,NIFTYNXT50,,2026-05-26,2026-05-26,54100.00,PE,NIFTYNXT5026MAY54100PE,0.00,0.00,0.00,22.20,0.00,22.20,67123.30,3.60,0,0,0,0.00,0,F1,25,,,,,
2026-04-13,2026-04-13,FO,NSE,IDO,73118,,NIFTYNXT50,,2026-05-26,2026-05-26,52500.00,PE,NIFTYNXT5026MAY52500PE,0.00,0.00,0.00,2.10,0.00,2.10,67123.30,0.95,0,0,0,0.00,0,F1,25,,,,,
2026-04-13,2026-04-13,FO,NSE,IDO,74579,,NIFTYNXT50,,2026-04-28,2026-04-28,79000.00,PE,NIFTYNXT5026APR79000PE,0.00,0.00,0.00,11272.90,0.00,11272.90,67123.30,11688.60,0,0,0,0.00,0,F1,25,,,,,
2026-04-13,2026-04-13,FO,NSE,IDO,74337,,NIFTYNXT50,,2026-04-28,2026-04-28,74500.00,PE,NIFTYNXT5026APR74500PE,0.00,0.00,0.00,7271.70,0.00,7271.70,67123.30,7216.75,0,0,0,0.00,0,F1,25,,,,,
2026-04-13,2026-04-13,FO,NSE,IDO,74301,,NIFTYNXT50,,2026-04-28,2026-04-28,72700.00,PE,NIFTYNXT5026APR72700PE,0.00,0.00,0.00,5829.35,0.00,5829.35,67123.30,5471.40,0,0,0,0.00,0,F1,25,,,,,
2026-04-13,2026-04-13,FO,NSE,IDO,74202,,NIFTYNXT50,,2026-04-28,2026-04-28,70200.00,PE,NIFTYNXT5026APR70200PE,0.00,0.00,0.00,4050.70,0.00,4050.70,67123.30,3231.05,0,0,0,0.00,0,F1,25,,,,,
2026-04-13,2026-04-13,FO,NSE,IDO,74038,,NIFTYNXT50,,2026-04-28,2026-04-28,66600.00,PE,NIFTYNXT5026APR66600PE,0.00,0.00,0.00,1167.50,1167.50,1167.50,67123.30,939.45,25,0,0,0.00,0,F1,25,,,,,
2026-04-13,2026-04-13,FO,NSE,IDO,74018,,NIFTYNXT50,,2026-04-28,2026-04-28,65700.00,PE,NIFTYNXT5026APR65700PE,0.00,0.00,0.00,1697.20,0.00,1697.20,67123.30,609.10,0,0,0,0.00,0,F1,25,,,,,
2026-04-13,2026-04-13,FO,NSE,IDO,73972,,NIFTYNXT50,,2026-04-28,2026-04-28,64200.00,PE,NIFTYNXT5026APR64200PE,0.00,0.00,0.00,1175.70,0.00,1175.70,67123.30,257.60,0,0,0,0.00,0,F1,25,,,,,
2026-04-13,2026-04-13,FO,NSE,IDO,73946,,NIFTYNXT50,,2026-04-28,2026-04-28,63200.00,PE,NIFTYNXT5026APR63200PE,0.00,0.00,0.00,901.00,0.00,901.00,67123.30,130.00,0,0,0,0.00,0,F1,25,,,,,
2026-04-13,2026-04-13,FO,NSE,IDO,73834,,NIFTYNXT50,,2026-04-28,2026-04-28,60900.00,PE,NIFTYNXT5026APR60900PE,0.00,0.00,0.00,443.30,0.00,443.30,67123.30,18.30,0,0,0,0.00,0,F1,25,,,,,
2026-04-13,2026-04-13,FO,NSE,IDO,73809,,NIFTYNXT50,,2026-04-28,2026-04-28,59800.00,PE,NIFTYNXT5026APR59800PE,0.00,0.00,0.00,301.60,0.00,301.60,67123.30,5.80,0,0,0,0.00,0,F1,25,,,,,
2026-04-13,2026-04-13,FO,NSE,IDO,73797,,NIFTYNXT50,,2026-04-28,2026-04-28,59300.00,PE,NIFTYNXT5026APR59300PE,0.00,0.00,0.00,250.35,0.00,250.35,67123.30,3.25,0,0,0,0.00,0,F1,25,,,,,
2026-04-13,2026-04-13,FO,NSE,IDO,73771,,NIFTYNXT50,,2026-04-28,2026-04-28,58300.00,PE,NIFTYNXT5026APR58300PE,0.00,0.00,0.00,168.80,0.00,168.80,67123.30,0.95,0,0,0,0.00,0,F1,25,,,,,
2026-04-13,2026-04-13,FO,NSE,IDO,73693,,NIFTYNXT50,,2026-04-28,2026-04-28,56100.00,PE,NIFTYNXT5026APR56100PE,0.00,0.00,0.00,63.45,0.00,63.45,67123.30,0.05,0,0,0,0.00,0,F1,25,,,,,
2026-04-13,2026-04-13,FO,NSE,IDO,73490,,NIFTYNXT50,,2026-04-28,2026-04-28,53000.00,PE,NIFTYNXT5026APR53000PE,0.00,0.00,0.00,11.85,0.00,11.85,67123.30,0.00,0,0,0,0.00,0,F1,25,,,,,
2026-04-13,2026-04-13,FO,NSE,IDO,73480,,NIFTYNXT50,,2026-04-28,2026-04-28,50500.00,PE,NIFTYNXT5026APR50500PE,0.00,0.00,0.00,2.30,0.00,2.30,67123.30,0.00,0,0,0,0.00,0,F1,25,,,,,
2026-04-13,2026-04-13,FO,NSE,IDO,82091,,NIFTYNXT50,,2026-06-30,2026-06-30,77500.00,CE,NIFTYNXT5026JUN77500CE,0.00,0.00,0.00,49.65,0.00,49.65,67123.30,415.60,0,0,0,0.00,0,F1,25,,,,,
2026-04-13,2026-04-13,FO,NSE,IDO,82048,,NIFTYNXT50,,2026-06-30,2026-06-30,76000.00,CE,NIFTYNXT5026JUN76000CE,0.00,0.00,0.00,78.95,0.00,78.95,67123.30,592.20,0,0,0,0.00,0,F1,25,,,,,
2026-04-13,2026-04-13,FO,NSE,IDO,82039,,NIFTYNXT50,,2026-06-30,2026-06-30,74500.00,CE,NIFTYNXT5026JUN74500CE,0.00,0.00,0.00,123.35,0.00,123.35,67123.30,828.85,0,0,0,0.00,0,F1,25,,,,,
2026-04-13,2026-04-13,FO,NSE,IDO,35276,,NIFTYNXT50,,2026-06-30,2026-06-30,72900.00,CE,NIFTYNXT5026JUN72900CE,0.00,0.00,0.00,332.85,0.00,332.85,67123.30,1164.90,0,0,0,0.00,0,F1,25,,,,,
2026-04-13,2026-04-13,FO,NSE,IDO,82017,,NIFTYNXT50,,2026-06-30,2026-06-30,72300.00,CE,NIFTYNXT5026JUN72300CE,0.00,0.00,0.00,229.95,0.00,229.95,67123.30,1312.05,0,0,0,0.00,0,F1,25,,,,,
2026-04-13,2026-04-13,FO,NSE,IDO,81972,,NIFTYNXT50,,2026-06-30,2026-06-30,70300.00,CE,NIFTYNXT5026JUN70300CE,0.00,0.00,0.00,391.10,0.00,391.10,67123.30,1927.10,0,0,0,0.00,0,F1,25,,,,,
2026-04-13,2026-04-13,FO,NSE,IDO,81812,,NIFTYNXT50,,2026-06-30,2026-06-30,69000.00,CE,NIFTYNXT5026JUN69000CE,0.00,0.00,0.00,542.20,0.00,542.20,67123.30,2430.20,0,0,0,0.00,0,F1,25,,,,,
2026-04-13,2026-04-13,FO,NSE,IDO,81808,,NIFTYNXT50,,2026-06-30,2026-06-30,68800.00,CE,NIFTYNXT5026JUN68800CE,0.00,0.00,0.00,569.40,0.00,569.40,67123.30,2515.35,0,0,0,0.00,0,F1,25,,,,,
2026-04-13,2026-04-13,FO,NSE,IDO,81787,,NIFTYNXT50,,2026-06-30,2026-06-30,68000.00,CE,NIFTYNXT5026JUN68000CE,0.00,0.00,0.00,690.00,0.00,690.00,67123.30,2877.05,0,0,0,0.00,0,F1,25,,,,,
2026-04-13,2026-04-13,FO,NSE,IDO,81785,,NIFTYNXT50,,2026-06-30,2026-06-30,67900.00,CE,NIFTYNXT5026JUN67900CE,0.00,0.00,0.00,706.50,0.00,706.50,67123.30,2924.70,0,0,0,0.00,0,F1,25,,,,,
2026-04-13,2026-04-13,FO,NSE,IDO,81781,,NIFTYNXT50,,2026-06-30,2026-06-30,67700.00,CE,NIFTYNXT5026JUN67700CE,0.00,0.00,0.00,740.45,0.00,740.45,67123.30,3021.60,0,0,0,0.00,0,F1,25,,,,,
2026-04-13,2026-04-13,FO,NSE,IDO,81722,,NIFTYNXT50,,2026-06-30,2026-06-30,66300.00,CE,NIFTYNXT5026JUN66300CE,0.00,0.00,0.00,1020.30,0.00,1020.30,67123.30,3761.15,0,0,0,0.00,0,F1,25,,,,,
2026-04-13,2026-04-13,FO,NSE,IDO,81672,,NIFTYNXT50,,2026-06-30,2026-06-30,65700.00,CE,NIFTYNXT5026JUN65700CE,0.00,0.00,0.00,1159.55,0.00,1159.55,67123.30,4110.70,0,0,0,0.00,0,F1,25,,,,,
2026-04-13,2026-04-13,FO,NSE,IDO,81628,,NIFTYNXT50,,2026-06-30,2026-06-30,64500.00,CE,NIFTYNXT5026JUN64500CE,0.00,0.00,0.00,1492.55,0.00,1492.55,67123.30,4867.65,0,0,0,0.00,0,F1,25,,,,,
2026-04-13,2026-04-13,FO,NSE,IDO,81616,,NIFTYNXT50,,2026-06-30,2026-06-30,64000.00,CE,NIFTYNXT5026JUN64000CE,0.00,0.00,0.00,1651.55,0.00,1651.55,67123.30,5205.25,0,0,0,0.00,0,F1,25,,,,,
2026-04-13,2026-04-13,FO,NSE,IDO,81614,,NIFTYNXT50,,2026-06-30,2026-06-30,63900.00,CE,NIFTYNXT5026JUN63900CE,0.00,0.00,0.00,1684.85,0.00,1684.85,67123.30,5274.30,0,0,0,0.00,0,F1,25,,,,,
2026-04-13,2026-04-13,FO,NSE,IDO,81379,,NIFTYNXT50,,2026-06-30,2026-06-30,61300.00,CE,NIFTYNXT5026JUN61300CE,0.00,0.00,0.00,2738.55,0.00,2738.55,67123.30,7235.45,0,0,0,0.00,0,F1,25,,,,,
2026-04-13,2026-04-13,FO,NSE,IDO,81365,,NIFTYNXT50,,2026-06-30,2026-06-30,60600.00,CE,NIFTYNXT5026JUN60600CE,0.00,0.00,0.00,3087.60,0.00,3087.60,67123.30,7811.75,0,0,0,0.00,0,F1,25,,,,,
2026-04-13,2026-04-13,FO,NSE,IDO,81357,,NIFTYNXT50,,2026-06-30,2026-06-30,60200.00,CE,NIFTYNXT5026JUN60200CE,0.00,0.00,0.00,3299.65,0.00,3299.65,67123.30,8149.00,0,0,0,0.00,0,F1,25,,,,,
2026-04-13,2026-04-13,FO,NSE,IDO,81345,,NIFTYNXT50,,2026-06-30,2026-06-30,59800.00,CE,NIFTYNXT5026JUN59800CE,0.00,0.00,0.00,3521.05,0.00,3521.05,67123.30,8491.65,0,0,0,0.00,0,F1,25,,,,,
2026-04-13,2026-04-13,FO,NSE,IDO,81298,,NIFTYNXT50,,2026-06-30,2026-06-30,58700.00,CE,NIFTYNXT5026JUN58700CE,0.00,0.00,0.00,4177.55,0.00,4177.55,67123.30,9459.15,0,0,0,0.00,0,F1,25,,,,,
2026-04-13,2026-04-13,FO,NSE,IDO,81241,,NIFTYNXT50,,2026-06-30,2026-06-30,57500.00,CE,NIFTYNXT5026JUN57500CE,0.00,0.00,0.00,4971.45,0.00,4971.45,67123.30,10550.40,0,0,0,0.00,0,F1,25,,,,,
2026-04-13,2026-04-13,FO,NSE,IDO,81216,,NIFTYNXT50,,2026-06-30,2026-06-30,56600.00,CE,NIFTYNXT5026JUN56600CE,0.00,0.00,0.00,5618.40,0.00,5618.40,67123.30,11388.45,0,0,0,0.00,0,F1,25,,,,,
2026-04-13,2026-04-13,FO,NSE,IDO,81212,,NIFTYNXT50,,2026-06-30,2026-06-30,56400.00,CE,NIFTYNXT5026JUN56400CE,0.00,0.00,0.00,5767.45,0.00,5767.45,67123.30,11576.60,0,0,0,0.00,0,F1,25,,,,,
2026-04-13,2026-04-13,FO,NSE,IDO,81013,,NIFTYNXT50,,2026-06-30,2026-06-30,55500.00,CE,NIFTYNXT5026JUN55500CE,0.00,0.00,0.00,6461.55,0.00,6461.55,67123.30,12430.45,0,0,0,0.00,0,F1,25,,,,,
2026-04-13,2026-04-13,FO,NSE,IDO,80971,,NIFTYNXT50,,2026-06-30,2026-06-30,54400.00,CE,NIFTYNXT5026JUN54400CE,0.00,0.00,0.00,7357.55,0.00,7357.55,67123.30,13487.10,0,0,0,0.00,0,F1,25,,,,,
2026-04-13,2026-04-13,FO,NSE,IDO,74064,,NIFTYNXT50,,2026-05-26,2026-05-26,73000.00,CE,NIFTYNXT5026MAY73000CE,0.00,0.00,0.00,1915.25,0.00,1915.25,67123.30,496.00,0,0,0,0.00,0,F1,25,,,,,
2026-04-13,2026-04-13,FO,NSE,IDO,73886,,NIFTYNXT50,,2026-05-26,2026-05-26,70500.00,CE,NIFTYNXT5026MAY70500CE,0.00,0.00,0.00,2987.20,0.00,2987.20,67123.30,1035.85,0,0,0,0.00,0,F1,25,,,,,
2026-04-13,2026-04-13,FO,NSE,IDO,73876,,NIFTYNXT50,,2026-05-26,2026-05-26,70000.00,CE,NIFTYNXT5026MAY70000CE,0.00,0.00,0.00,3242.75,0.00,3242.75,67123.30,1185.50,0,0,0,0.00,0,F1,25,,,,,
2026-04-13,2026-04-13,FO,NSE,IDO,73858,,NIFTYNXT50,,2026-05-26,2026-05-26,69300.00,CE,NIFTYNXT5026MAY69300CE,0.00,0.00,0.00,3624.10,0.00,3624.10,67123.30,1421.95,0,0,0,0.00,0,F1,25,,,,,
2026-04-13,2026-04-13,FO,NSE,IDO,73695,,NIFTYNXT50,,2026-05-26,2026-05-26,67900.00,CE,NIFTYNXT5026MAY67900CE,0.00,0.00,0.00,4468.45,0.00,4468.45,67123.30,1995.70,0,0,0,0.00,0,F1,25,,,,,
2026-04-13,2026-04-13,FO,NSE,IDO,73549,,NIFTYNXT50,,2026-05-26,2026-05-26,64100.00,CE,NIFTYNXT5026MAY64100CE,0.00,0.00,0.00,7265.35,0.00,7265.35,67123.30,4273.65,0,0,0,0.00,0,F1,25,,,,,
2026-04-13,2026-04-13,FO,NSE,IDO,73547,,NIFTYNXT50,,2026-05-26,2026-05-26,64000.00,CE,NIFTYNXT5026MAY64000CE,0.00,0.00,0.00,7347.55,0.00,7347.55,67123.30,4347.30,0,0,0,0.00,0,F1,25,,,,,
2026-04-13,2026-04-13,FO,NSE,IDO,73543,,NIFTYNXT50,,2026-05-26,2026-05-26,63900.00,CE,NIFTYNXT5026MAY63900CE,0.00,0.00,0.00,7430.10,0.00,7430.10,67123.30,4418.85,0,0,0,0.00,0,F1,25,,,,,
2026-04-13,2026-04-13,FO,NSE,IDO,73389,,NIFTYNXT50,,2026-05-26,2026-05-26,60800.00,CE,NIFTYNXT5026MAY60800CE,0.00,0.00,0.00,10148.25,0.00,10148.25,67123.30,6982.15,0,0,0,0.00,0,F1,25,,,,,
2026-04-13,2026-04-13,FO,NSE,IDO,73373,,NIFTYNXT50,,2026-05-26,2026-05-26,60100.00,CE,NIFTYNXT5026MAY60100CE,0.00,0.00,0.00,10795.50,0.00,10795.50,67123.30,7617.45,0,0,0,0.00,0,F1,25,,,,,
2026-04-13,2026-04-13,FO,NSE,IDO,73353,,NIFTYNXT50,,2026-05-26,2026-05-26,59900.00,CE,NIFTYNXT5026MAY59900CE,0.00,0.00,0.00,10982.10,0.00,10982.10,67123.30,7801.70,0,0,0,0.00,0,F1,25,,,,,
2026-04-13,2026-04-13,FO,NSE,IDO,73226,,NIFTYNXT50,,2026-05-26,2026-05-26,58300.00,CE,NIFTYNXT5026MAY58300CE,0.00,0.00,0.00,12496.40,0.00,12496.40,67123.30,9310.50,0,0,0,0.00,0,F1,25,,,,,
2026-04-13,2026-04-13,FO,NSE,IDO,73179,,NIFTYNXT50,,2026-05-26,2026-05-26,57800.00,CE,NIFTYNXT5026MAY57800CE,0.00,0.00,0.00,12975.95,0.00,12975.95,67123.30,9791.80,0,0,0,0.00,0,F1,25,,,,,
2026-04-13,2026-04-13,FO,NSE,IDO,43902,,NIFTYNXT50,,2026-05-26,2026-05-26,54800.00,CE,NIFTYNXT5026MAY54800CE,0.00,0.00,0.00,12865.55,0.00,12865.55,67123.30,12730.80,0,0,0,0.00,0,F1,25,,,,,
2026-04-13,2026-04-13,FO,NSE,IDO,73103,,NIFTYNXT50,,2026-05-26,2026-05-26,51000.00,CE,NIFTYNXT5026MAY51000CE,0.00,0.00,0.00,19619.00,0.00,19619.00,67123.30,16497.10,0,0,0,0.00,0,F1,25,,,,,
2026-04-13,2026-04-13,FO,NSE,IDO,74419,,NIFTYNXT50,,2026-04-28,2026-04-28,76500.00,CE,NIFTYNXT5026APR76500CE,0.00,0.00,0.00,362.45,0.00,362.45,67123.30,3.20,0,0,0,0.00,0,F1,25,,,,,
2026-04-13,2026-04-13,FO,NSE,IDO,74366,,NIFTYNXT50,,2026-04-28,2026-04-28,76000.00,CE,NIFTYNXT5026APR76000CE,0.00,0.00,0.00,414.20,0.00,414.20,67123.30,5.05,0,0,0,0.00,0,F1,25,,,,,
2026-04-13,2026-04-13,FO,NSE,IDO,74324,,NIFTYNXT50,,2026-04-28,2026-04-28,73900.00,CE,NIFTYNXT5026APR73900CE,0.00,0.00,0.00,706.30,0.00,706.30,67123.30,28.35,0,0,0,0.00,0,F1,25,,,,,
2026-04-13,2026-04-13,FO,NSE,IDO,74322,,NIFTYNXT50,,2026-04-28,2026-04-28,73800.00,CE,NIFTYNXT5026APR73800CE,0.00,0.00,0.00,723.70,0.00,723.70,67123.30,30.60,0,0,0,0.00,0,F1,25,,,,,
2026-04-13,2026-04-13,FO,NSE,IDO,74286,,NIFTYNXT50,,2026-04-28,2026-04-28,72100.00,CE,NIFTYNXT5026APR72100CE,0.00,0.00,0.00,1079.20,0.00,1079.20,67123.30,102.20,0,0,0,0.00,0,F1,25,,,,,
2026-04-13,2026-04-13,FO,NSE,IDO,74203,,NIFTYNXT50,,2026-04-28,2026-04-28,70300.00,CE,NIFTYNXT5026APR70300CE,0.00,0.00,0.00,1589.10,0.00,1589.10,67123.30,304.50,0,0,0,0.00,0,F1,25,,,,,
2026-04-13,2026-04-13,FO,NSE,IDO,74188,,NIFTYNXT50,,2026-04-28,2026-04-28,69700.00,CE,NIFTYNXT5026APR69700CE,0.00,0.00,0.00,1796.20,0.00,1796.20,67123.30,420.25,0,0,0,0.00,0,F1,25,,,,,
2026-04-13,2026-04-13,FO,NSE,IDO,74152,,NIFTYNXT50,,2026-04-28,2026-04-28,69000.00,CE,NIFTYNXT5026APR69000CE,0.00,0.00,0.00,2062.50,0.00,2062.50,67123.30,596.00,0,0,0,0.00,0,F1,25,,,,,
2026-04-13,2026-04-13,FO,NSE,IDO,74150,,NIFTYNXT50,,2026-04-28,2026-04-28,68900.00,CE,NIFTYNXT5026APR68900CE,0.00,0.00,0.00,2102.80,0.00,2102.80,67123.30,625.25,0,0,0,0.00,0,F1,25,,,,,
2026-04-13,2026-04-13,FO,NSE,IDO,73963,,NIFTYNXT50,,2026-04-28,2026-04-28,64000.00,CE,NIFTYNXT5026APR64000CE,0.00,0.00,0.00,3020.35,3020.35,3020.35,67123.30,3502.30,375,0,0,0.00,0,F1,25,,,,,
2026-04-13,2026-04-13,FO,NSE,IDO,73933,,NIFTYNXT50,,2026-04-28,2026-04-28,62600.00,CE,NIFTYNXT5026APR62600CE,0.00,0.00,0.00,5811.55,0.00,5811.55,67123.30,4754.90,0,0,0,0.00,0,F1,25,,,,,
2026-04-13,2026-04-13,FO,NSE,IDO,74086,,NIFTYNXT50,,2026-04-28,2026-04-28,67800.00,CE,NIFTYNXT5026APR67800CE,0.00,0.00,0.00,2583.65,0.00,2583.65,67123.30,1021.15,0,0,0,0.00,0,F1,25,,,,,
2026-04-13,2026-04-13,FO,NSE,IDO,74052,,NIFTYNXT50,,2026-04-28,2026-04-28,67200.00,CE,NIFTYNXT5026APR67200CE,0.00,0.00,0.00,2876.00,0.00,2876.00,67123.30,1298.85,0,0,0,0.00,0,F1,25,,,,,
2026-04-13,2026-04-13,FO,NSE,IDO,74029,,NIFTYNXT50,,2026-04-28,2026-04-28,66200.00,CE,NIFTYNXT5026APR66200CE,0.00,0.00,0.00,3410.40,0.00,3410.40,67123.30,1861.70,0,0,0,0.00,0,F1,25,,,,,
2026-04-13,2026-04-13,FO,NSE,IDO,73996,,NIFTYNXT50,,2026-04-28,2026-04-28,65100.00,CE,NIFTYNXT5026APR65100CE,0.00,0.00,0.00,4066.60,0.00,4066.60,67123.30,2620.15,0,0,0,0.00,0,F1,25,,,,,
2026-04-13,2026-04-13,FO,NSE,IDO,73835,,NIFTYNXT50,,2026-04-28,2026-04-28,61000.00,CE,NIFTYNXT5026APR61000CE,0.00,0.00,0.00,6144.55,6144.55,6144.55,67123.30,6288.95,175,0,0,0.00,0,F1,25,,,,,
2026-04-13,2026-04-13,FO,NSE,IDO,73760,,NIFTYNXT50,,2026-04-28,2026-04-28,57900.00,CE,NIFTYNXT5026APR57900CE,0.00,0.00,0.00,9826.20,0.00,9826.20,67123.30,9361.95,0,0,0,0.00,0,F1,25,,,,,
2026-04-13,2026-04-13,FO,NSE,IDO,73513,,NIFTYNXT50,,2026-04-28,2026-04-28,55200.00,CE,NIFTYNXT5026APR55200CE,0.00,0.00,0.00,12382.40,0.00,12382.40,67123.30,12054.95,0,0,0,0.00,0,F1,25,,,,,
2026-04-13,2026-04-13,FO,NSE,IDF,66072,,NIFTYNXT50,,2026-05-26,2026-05-26,,,NIFTYNXT5026MAYFUT,67194.80,67700.00,66585.40,67571.40,67615.80,68056.20,67123.30,67571.40,1775,475,51,85825120.00,51,F1,25,,,,,
2026-04-13,2026-04-13,FO,NSE,IDO,81973,,NIFTYNXT50,,2026-06-30,2026-06-30,70300.00,PE,NIFTYNXT5026JUN70300PE,0.00,0.00,0.00,9082.00,0.00,9082.00,67123.30,4172.60,0,0,0,0.00,0,F1,25,,,,,
2026-04-13,2026-04-13,FO,NSE,IDO,81899,,NIFTYNXT50,,2026-06-30,2026-06-30,69700.00,PE,NIFTYNXT5026JUN69700PE,0.00,0.00,0.00,8557.25,0.00,8557.25,67123.30,3802.10,0,0,0,0.00,0,F1,25,,,,,
2026-04-13,2026-04-13,FO,NSE,IDO,81723,,NIFTYNXT50,,2026-06-30,2026-06-30,66300.00,PE,NIFTYNXT5026JUN66300PE,0.00,0.00,0.00,5782.90,0.00,5782.90,67123.30,2059.60,0,0,0,0.00,0,F1,25,,,,,
2026-04-13,2026-04-13,FO,NSE,IDO,81659,,NIFTYNXT50,,2026-06-30,2026-06-30,65000.00,PE,NIFTYNXT5026JUN65000PE,0.00,0.00,0.00,4831.60,0.00,4831.60,67123.30,1558.70,0,0,0,0.00,0,F1,25,,,,,
2026-04-13,2026-04-13,FO,NSE,IDO,81564,,NIFTYNXT50,,2026-06-30,2026-06-30,63400.00,PE,NIFTYNXT5026JUN63400PE,0.00,0.00,0.00,3773.55,0.00,3773.55,67123.30,1067.05,0,0,0,0.00,0,F1,25,,,,,
2026-04-13,2026-04-13,FO,NSE,IDO,81550,,NIFTYNXT50,,2026-06-30,2026-06-30,63200.00,PE,NIFTYNXT5026JUN63200PE,0.00,0.00,0.00,3650.45,0.00,3650.45,67123.30,1014.45,0,0,0,0.00,0,F1,25,,,,,
2026-04-13,2026-04-13,FO,NSE,IDO,81396,,NIFTYNXT50,,2026-06-30,2026-06-30,61600.00,PE,NIFTYNXT5026JUN61600PE,0.00,0.00,0.00,2744.50,0.00,2744.50,67123.30,655.00,0,0,0,0.00,0,F1,25,,,,,
2026-04-13,2026-04-13,FO,NSE,IDO,81360,,NIFTYNXT50,,2026-06-30,2026-06-30,60300.00,PE,NIFTYNXT5026JUN60300PE,0.00,0.00,0.00,2115.80,0.00,2115.80,67123.30,442.10,0,0,0,0.00,0,F1,25,,,,,
2026-04-13,2026-04-13,FO,NSE,IDO,81295,,NIFTYNXT50,,2026-06-30,2026-06-30,58500.00,PE,NIFTYNXT5026JUN58500PE,0.00,0.00,0.00,1406.65,0.00,1406.65,67123.30,240.45,0,0,0,0.00,0,F1,25,,,,,
2026-04-13,2026-04-13,FO,NSE,IDO,81266,,NIFTYNXT50,,2026-06-30,2026-06-30,58000.00,PE,NIFTYNXT5026JUN58000PE,0.00,0.00,0.00,1242.30,0.00,1242.30,67123.30,200.10,0,0,0,0.00,0,F1,25,,,,,
2026-04-13,2026-04-13,FO,NSE,IDO,81227,,NIFTYNXT50,,2026-06-30,2026-06-30,57100.00,PE,NIFTYNXT5026JUN57100PE,0.00,0.00,0.00,983.60,0.00,983.60,67123.30,141.35,0,0,0,0.00,0,F1,25,,,,,
2026-04-13,2026-04-13,FO,NSE,IDO,81225,,NIFTYNXT50,,2026-06-30,2026-06-30,57000.00,PE,NIFTYNXT5026JUN57000PE,0.00,0.00,0.00,957.30,0.00,957.30,67123.30,135.80,0,0,0,0.00,0,F1,25,,,,,
2026-04-13,2026-04-13,FO,NSE,IDO,80949,,NIFTYNXT50,,2026-06-30,2026-06-30,54100.00,PE,NIFTYNXT5026JUN54100PE,0.00,0.00,0.00,391.25,0.00,391.25,67123.30,37.35,0,0,0,0.00,0,F1,25,,,,,
2026-04-13,2026-04-13,FO,NSE,IDO,74575,,NIFTYNXT50,,2026-05-26,2026-05-26,78000.00,PE,NIFTYNXT5026MAY78000PE,0.00,0.00,0.00,7602.60,0.00,7602.60,67123.30,10388.25,0,0,0,0.00,0,F1,25,,,,,
2026-04-13,2026-04-13,FO,NSE,IDO,74417,,NIFTYNXT50,,2026-05-26,2026-05-26,74300.00,PE,NIFTYNXT5026MAY74300PE,0.00,0.00,0.00,4784.30,0.00,4784.30,67123.30,6956.70,0,0,0,0.00,0,F1,25,,,,,
2026-04-13,2026-04-13,FO,NSE,IDO,74115,,NIFTYNXT50,,2026-05-26,2026-05-26,73400.00,PE,NIFTYNXT5026MAY73400PE,0.00,0.00,0.00,4187.25,0.00,4187.25,67123.30,6175.60,0,0,0,0.00,0,F1,25,,,,,
2026-04-13,2026-04-13,FO,NSE,IDO,74113,,NIFTYNXT50,,2026-05-26,2026-05-26,73300.00,PE,NIFTYNXT5026MAY73300PE,0.00,0.00,0.00,4123.35,0.00,4123.35,67123.30,6090.60,0,0,0,0.00,0,F1,25,,,,,
2026-04-13,2026-04-13,FO,NSE,IDO,73907,,NIFTYNXT50,,2026-05-26,2026-05-26,71500.00,PE,NIFTYNXT5026MAY71500PE,0.00,0.00,0.00,3061.70,0.00,3061.70,67123.30,4637.50,0,0,0,0.00,0,F1,25,,,,,
2026-04-13,2026-04-13,FO,NSE,IDO,73901,,NIFTYNXT50,,2026-05-26,2026-05-26,71200.00,PE,NIFTYNXT5026MAY71200PE,0.00,0.00,0.00,2901.65,0.00,2901.65,67123.30,4409.75,0,0,0,0.00,0,F1,25,,,,,
2026-04-13,2026-04-13,FO,NSE,IDO,73887,,NIFTYNXT50,,2026-05-26,2026-05-26,70500.00,PE,NIFTYNXT5026MAY70500PE,0.00,0.00,0.00,2547.80,0.00,2547.80,67123.30,3896.15,0,0,0,0.00,0,F1,25,,,,,
2026-04-13,2026-04-13,FO,NSE,IDO,73867,,NIFTYNXT50,,2026-05-26,2026-05-26,69500.00,PE,NIFTYNXT5026MAY69500PE,0.00,0.00,0.00,2089.40,0.00,2089.40,67123.30,3218.75,0,0,0,0.00,0,F1,25,,,,,
2026-04-13,2026-04-13,FO,NSE,IDO,73865,,NIFTYNXT50,,2026-05-26,2026-05-26,69400.00,PE,NIFTYNXT5026MAY69400PE,0.00,0.00,0.00,2046.65,0.00,2046.65,67123.30,3154.60,0,0,0,0.00,0,F1,25,,,,,
2026-04-13,2026-04-13,FO,NSE,IDO,73654,,NIFTYNXT50,,2026-05-26,2026-05-26,67400.00,PE,NIFTYNXT5026MAY67400PE,0.00,0.00,0.00,1307.45,0.00,1307.45,67123.30,2018.20,0,0,0,0.00,0,F1,25,,,,,
2026-04-13,2026-04-13,FO,NSE,IDO,73630,,NIFTYNXT50,,2026-05-26,2026-05-26,66700.00,PE,NIFTYNXT5026MAY66700PE,0.00,0.00,0.00,1102.15,0.00,1102.15,67123.30,1689.15,0,0,0,0.00,0,F1,25,,,,,
2026-04-13,2026-04-13,FO,NSE,IDO,73422,,NIFTYNXT50,,2026-05-26,2026-05-26,62000.00,PE,NIFTYNXT5026MAY62000PE,0.00,0.00,0.00,264.30,0.00,264.30,67123.30,357.65,0,0,0,0.00,0,F1,25,,,,,
2026-04-13,2026-04-13,FO,NSE,IDO,73178,,NIFTYNXT50,,2026-05-26,2026-05-26,57500.00,PE,NIFTYNXT5026MAY57500PE,0.00,0.00,0.00,39.45,0.00,39.45,67123.30,37.80,0,0,0,0.00,0,F1,25,,,,,
2026-04-13,2026-04-13,FO,NSE,IDO,41308,,NIFTYNXT50,,2026-05-26,2026-05-26,57300.00,PE,NIFTYNXT5026MAY57300PE,0.00,0.00,0.00,44.60,0.00,44.60,67123.30,33.50,0,0,0,0.00,0,F1,25,,,,,
2026-04-13,2026-04-13,FO,NSE,IDO,43935,,NIFTYNXT50,,2026-05-26,2026-05-26,55900.00,PE,NIFTYNXT5026MAY55900PE,0.00,0.00,0.00,49.55,0.00,49.55,67123.30,13.50,0,0,0,0.00,0,F1,25,,,,,
2026-04-13,2026-04-13,FO,NSE,IDO,43915,,NIFTYNXT50,,2026-05-26,2026-05-26,55400.00,PE,NIFTYNXT5026MAY55400PE,0.00,0.00,0.00,38.30,0.00,38.30,67123.30,9.55,0,0,0,0.00,0,F1,25,,,,,
2026-04-13,2026-04-13,FO,NSE,IDO,73114,,NIFTYNXT50,,2026-05-26,2026-05-26,51500.00,PE,NIFTYNXT5026MAY51500PE,0.00,0.00,0.00,1.05,0.00,1.05,67123.30,0.40,0,0,0,0.00,0,F1,25,,,,,
2026-04-13,2026-04-13,FO,NSE,IDO,74585,,NIFTYNXT50,,2026-04-28,2026-04-28,80000.00,PE,NIFTYNXT5026APR80000PE,0.00,0.00,0.00,12211.40,0.00,12211.40,67123.30,12686.05,0,0,0,0.00,0,F1,25,,,,,
2026-04-13,2026-04-13,FO,NSE,IDO,74510,,NIFTYNXT50,,2026-04-28,2026-04-28,78000.00,PE,NIFTYNXT5026APR78000PE,0.00,0.00,0.00,10348.25,0.00,10348.25,67123.30,10691.45,0,0,0,0.00,0,F1,25,,,,,
2026-04-13,2026-04-13,FO,NSE,IDO,74295,,NIFTYNXT50,,2026-04-28,2026-04-28,72400.00,PE,NIFTYNXT5026APR72400PE,0.00,0.00,0.00,5603.45,0.00,5603.45,67123.30,5187.65,0,0,0,0.00,0,F1,25,,,,,
2026-04-13,2026-04-13,FO,NSE,IDO,74211,,NIFTYNXT50,,2026-04-28,2026-04-28,70600.00,PE,NIFTYNXT5026APR70600PE,0.00,0.00,0.00,4314.85,0.00,4314.85,67123.30,3565.50,0,0,0,0.00,0,F1,25,,,,,
2026-04-13,2026-04-13,FO,NSE,IDO,74191,,NIFTYNXT50,,2026-04-28,2026-04-28,69800.00,PE,NIFTYNXT5026APR69800PE,0.00,0.00,0.00,3794.90,0.00,3794.90,67123.30,2909.10,0,0,0,0.00,0,F1,25,,,,,
2026-04-13,2026-04-13,FO,NSE,IDO,74153,,NIFTYNXT50,,2026-04-28,2026-04-28,69000.00,PE,NIFTYNXT5026APR69000PE,0.00,0.00,0.00,3309.30,0.00,3309.30,67123.30,2308.15,0,0,0,0.00,0,F1,25,,,,,
2026-04-13,2026-04-13,FO,NSE,IDO,74149,,NIFTYNXT50,,2026-04-28,2026-04-28,68800.00,PE,NIFTYNXT5026APR68800PE,0.00,0.00,0.00,3193.45,0.00,3193.45,67123.30,2168.15,0,0,0,0.00,0,F1,25,,,,,
2026-04-13,2026-04-13,FO,NSE,IDO,74044,,NIFTYNXT50,,2026-04-28,2026-04-28,66900.00,PE,NIFTYNXT5026APR66900PE,0.00,0.00,0.00,2209.05,0.00,2209.05,67123.30,1071.70,0,0,0,0.00,0,F1,25,,,,,
2026-04-13,2026-04-13,FO,NSE,IDO,74022,,NIFTYNXT50,,2026-04-28,2026-04-28,65800.00,PE,NIFTYNXT5026APR65800PE,0.00,0.00,0.00,1736.60,0.00,1736.60,67123.30,641.05,0,0,0,0.00,0,F1,25,,,,,
2026-04-13,2026-04-13,FO,NSE,IDO,74006,,NIFTYNXT50,,2026-04-28,2026-04-28,65300.00,PE,NIFTYNXT5026APR65300PE,0.00,0.00,0.00,1545.50,0.00,1545.50,67123.30,492.70,0,0,0,0.00,0,F1,25,,,,,
2026-04-13,2026-04-13,FO,NSE,IDO,73956,,NIFTYNXT50,,2026-04-28,2026-04-28,63700.00,PE,NIFTYNXT5026APR63700PE,0.00,0.00,0.00,1032.75,0.00,1032.75,67123.30,185.15,0,0,0,0.00,0,F1,25,,,,,
2026-04-13,2026-04-13,FO,NSE,IDO,73944,,NIFTYNXT50,,2026-04-28,2026-04-28,63100.00,PE,NIFTYNXT5026APR63100PE,0.00,0.00,0.00,873.60,0.00,873.60,67123.30,120.75,0,0,0,0.00,0,F1,25,,,,,
2026-04-13,2026-04-13,FO,NSE,IDO,73914,,NIFTYNXT50,,2026-04-28,2026-04-28,62000.00,PE,NIFTYNXT5026APR62000PE,0.00,0.00,0.00,631.40,0.00,631.40,67123.30,50.20,0,0,0,0.00,0,F1,25,,,,,
2026-04-13,2026-04-13,FO,NSE,IDO,73840,,NIFTYNXT50,,2026-04-28,2026-04-28,61200.00,PE,NIFTYNXT5026APR61200PE,0.00,0.00,0.00,121.00,121.00,121.00,67123.30,24.45,0,0,0,0.00,0,F1,25,,,,,
2026-04-13,2026-04-13,FO,NSE,IDO,73799,,NIFTYNXT50,,2026-04-28,2026-04-28,59400.00,PE,NIFTYNXT5026APR59400PE,0.00,0.00,0.00,260.00,0.00,260.00,67123.30,3.70,0,0,0,0.00,0,F1,25,,,,,
2026-04-13,2026-04-13,FO,NSE,IDO,73699,,NIFTYNXT50,,2026-04-28,2026-04-28,56200.00,PE,NIFTYNXT5026APR56200PE,0.00,0.00,0.00,66.55,0.00,66.55,67123.30,0.05,0,0,0,0.00,0,F1,25,,,,,
2026-04-13,2026-04-13,FO,NSE,IDO,73687,,NIFTYNXT50,,2026-04-28,2026-04-28,56000.00,PE,NIFTYNXT5026APR56000PE,0.00,0.00,0.00,60.45,0.00,60.45,67123.30,0.05,0,0,0,0.00,0,F1,25,,,,,
2026-04-13,2026-04-13,FO,NSE,IDO,73500,,NIFTYNXT50,,2026-04-28,2026-04-28,54800.00,PE,NIFTYNXT5026APR54800PE,0.00,0.00,0.00,32.85,0.00,32.85,67123.30,0.00,0,0,0,0.00,0,F1,25,,,,,
2026-04-13,2026-04-13,FO,NSE,IDO,73498,,NIFTYNXT50,,2026-04-28,2026-04-28,54700.00,PE,NIFTYNXT5026APR54700PE,0.00,0.00,0.00,31.15,0.00,31.15,67123.30,0.00,0,0,0,0.00,0,F1,25,,,,,
2026-04-13,2026-04-13,FO,NSE,IDO,73488,,NIFTYNXT50,,2026-04-28,2026-04-28,52500.00,PE,NIFTYNXT5026APR52500PE,0.00,0.00,0.00,8.75,0.00,8.75,67123.30,0.00,0,0,0,0.00,0,F1,25,,,,,
2026-04-13,2026-04-13,FO,NSE,IDO,82030,,NIFTYNXT50,,2026-06-30,2026-06-30,72500.00,CE,NIFTYNXT5026JUN72500CE,0.00,0.00,0.00,217.65,0.00,217.65,67123.30,1260.25,0,0,0,0.00,0,F1,25,,,,,
2026-04-13,2026-04-13,FO,NSE,IDO,81908,,NIFTYNXT50,,2026-06-30,2026-06-30,69900.00,CE,NIFTYNXT5026JUN69900CE,0.00,0.00,0.00,433.15,0.00,433.15,67123.30,2072.80,0,0,0,0.00,0,F1,25,,,,,
2026-04-13,2026-04-13,FO,NSE,IDO,81814,,NIFTYNXT50,,2026-06-30,2026-06-30,69100.00,CE,NIFTYNXT5026JUN69100CE,0.00,0.00,0.00,529.00,0.00,529.00,67123.30,2388.45,0,0,0,0.00,0,F1,25,,,,,
2026-04-13,2026-04-13,FO,NSE,IDO,81803,,NIFTYNXT50,,2026-06-30,2026-06-30,68700.00,CE,NIFTYNXT5026JUN68700CE,0.00,0.00,0.00,583.40,0.00,583.40,67123.30,2558.70,0,0,0,0.00,0,F1,25,,,,,
2026-04-13,2026-04-13,FO,NSE,IDO,81794,,NIFTYNXT50,,2026-06-30,2026-06-30,68300.00,CE,NIFTYNXT5026JUN68300CE,0.00,0.00,0.00,642.45,0.00,642.45,67123.30,2737.40,0,0,0,0.00,0,F1,25,,,,,
2026-04-13,2026-04-13,FO,NSE,IDO,81674,,NIFTYNXT50,,2026-06-30,2026-06-30,65800.00,CE,NIFTYNXT5026JUN65800CE,0.00,0.00,0.00,1137.45,0.00,1137.45,67123.30,4051.05,0,0,0,0.00,0,F1,25,,,,,
2026-04-13,2026-04-13,FO,NSE,IDO,81656,,NIFTYNXT50,,2026-06-30,2026-06-30,64900.00,CE,NIFTYNXT5026JUN64900CE,0.00,0.00,0.00,1374.15,0.00,1374.15,67123.30,4606.90,0,0,0,0.00,0,F1,25,,,,,
2026-04-13,2026-04-13,FO,NSE,IDO,81632,,NIFTYNXT50,,2026-06-30,2026-06-30,64700.00,CE,NIFTYNXT5026JUN64700CE,0.00,0.00,0.00,1432.40,0.00,1432.40,67123.30,4736.25,0,0,0,0.00,0,F1,25,,,,,
2026-04-13,2026-04-13,FO,NSE,IDO,81567,,NIFTYNXT50,,2026-06-30,2026-06-30,63600.00,CE,NIFTYNXT5026JUN63600CE,0.00,0.00,0.00,1787.80,0.00,1787.80,67123.30,5487.35,0,0,0,0.00,0,F1,25,,,,,
2026-04-13,2026-04-13,FO,NSE,IDO,81543,,NIFTYNXT50,,2026-06-30,2026-06-30,63000.00,CE,NIFTYNXT5026JUN63000CE,0.00,0.00,0.00,2007.85,0.00,2007.85,67123.30,5919.00,0,0,0,0.00,0,F1,25,,,,,
2026-04-13,2026-04-13,FO,NSE,IDO,81503,,NIFTYNXT50,,2026-06-30,2026-06-30,62400.00,CE,NIFTYNXT5026JUN62400CE,0.00,0.00,0.00,2247.30,0.00,2247.30,67123.30,6369.30,0,0,0,0.00,0,F1,25,,,,,
2026-04-13,2026-04-13,FO,NSE,IDO,81499,,NIFTYNXT50,,2026-06-30,2026-06-30,62200.00,CE,NIFTYNXT5026JUN62200CE,0.00,0.00,0.00,2331.50,0.00,2331.50,67123.30,6522.95,0,0,0,0.00,0,F1,25,,,,,
2026-04-13,2026-04-13,FO,NSE,IDO,81497,,NIFTYNXT50,,2026-06-30,2026-06-30,62100.00,CE,NIFTYNXT5026JUN62100CE,0.00,0.00,0.00,2374.50,0.00,2374.50,67123.30,6600.45,0,0,0,0.00,0,F1,25,,,,,
2026-04-13,2026-04-13,FO,NSE,IDO,81367,,NIFTYNXT50,,2026-06-30,2026-06-30,60700.00,CE,NIFTYNXT5026JUN60700CE,0.00,0.00,0.00,3036.00,0.00,3036.00,67123.30,7728.30,0,0,0,0.00,0,F1,25,,,,,
2026-04-13,2026-04-13,FO,NSE,IDO,81347,,NIFTYNXT50,,2026-06-30,2026-06-30,59900.00,CE,NIFTYNXT5026JUN59900CE,0.00,0.00,0.00,3464.85,0.00,3464.85,67123.30,8405.50,0,0,0,0.00,0,F1,25,,,,,
2026-04-13,2026-04-13,FO,NSE,IDO,81331,,NIFTYNXT50,,2026-06-30,2026-06-30,59300.00,CE,NIFTYNXT5026JUN59300CE,0.00,0.00,0.00,3810.85,0.00,3810.85,67123.30,8927.10,0,0,0,0.00,0,F1,25,,,,,
2026-04-13,2026-04-13,FO,NSE,IDO,81282,,NIFTYNXT50,,2026-06-30,2026-06-30,58300.00,CE,NIFTYNXT5026JUN58300CE,0.00,0.00,0.00,4433.35,0.00,4433.35,67123.30,9819.15,0,0,0,0.00,0,F1,25,,,,,
2026-04-13,2026-04-13,FO,NSE,IDO,81262,,NIFTYNXT50,,2026-06-30,2026-06-30,58000.00,CE,NIFTYNXT5026JUN58000CE,0.00,0.00,0.00,4631.05,0.00,4631.05,67123.30,10091.70,0,0,0,0.00,0,F1,25,,,,,
2026-04-13,2026-04-13,FO,NSE,IDO,81024,,NIFTYNXT50,,2026-06-30,2026-06-30,55900.00,CE,NIFTYNXT5026JUN55900CE,0.00,0.00,0.00,6148.45,0.00,6148.45,67123.30,12049.55,0,0,0,0.00,0,F1,25,,,,,
2026-04-13,2026-04-13,FO,NSE,IDO,81015,,NIFTYNXT50,,2026-06-30,2026-06-30,55600.00,CE,NIFTYNXT5026JUN55600CE,0.00,0.00,0.00,6382.60,0.00,6382.60,67123.30,12335.00,0,0,0,0.00,0,F1,25,,,,,
2026-04-13,2026-04-13,FO,NSE,IDO,74112,,NIFTYNXT50,,2026-05-26,2026-05-26,73300.00,CE,NIFTYNXT5026MAY73300CE,0.00,0.00,0.00,1808.85,0.00,1808.85,67123.30,450.80,0,0,0,0.00,0,F1,25,,,,,
2026-04-13,2026-04-13,FO,NSE,IDO,74066,,NIFTYNXT50,,2026-05-26,2026-05-26,73100.00,CE,NIFTYNXT5026MAY73100CE,0.00,0.00,0.00,1879.30,0.00,1879.30,67123.30,480.50,0,0,0,0.00,0,F1,25,,,,,
2026-04-13,2026-04-13,FO,NSE,IDO,73902,,NIFTYNXT50,,2026-05-26,2026-05-26,71300.00,CE,NIFTYNXT5026MAY71300CE,0.00,0.00,0.00,2607.00,0.00,2607.00,67123.30,830.65,0,0,0,0.00,0,F1,25,,,,,
2026-04-13,2026-04-13,FO,NSE,IDO,73892,,NIFTYNXT50,,2026-05-26,2026-05-26,70800.00,CE,NIFTYNXT5026MAY70800CE,0.00,0.00,0.00,2840.30,0.00,2840.30,67123.30,953.30,0,0,0,0.00,0,F1,25,,,,,
2026-04-13,2026-04-13,FO,NSE,IDO,73866,,NIFTYNXT50,,2026-05-26,2026-05-26,69500.00,CE,NIFTYNXT5026MAY69500CE,0.00,0.00,0.00,3512.35,0.00,3512.35,67123.30,1351.10,0,0,0,0.00,0,F1,25,,,,,
2026-04-13,2026-04-13,FO,NSE,IDO,73806,,NIFTYNXT50,,2026-05-26,2026-05-26,68700.00,CE,NIFTYNXT5026MAY68700CE,0.00,0.00,0.00,3972.70,0.00,3972.70,67123.30,1650.90,0,0,0,0.00,0,F1,25,,,,,
2026-04-13,2026-04-13,FO,NSE,IDO,73631,,NIFTYNXT50,,2026-05-26,2026-05-26,66800.00,CE,NIFTYNXT5026MAY66800CE,0.00,0.00,0.00,5205.90,0.00,5205.90,67123.30,2546.50,0,0,0,0.00,0,F1,25,,,,,
2026-04-13,2026-04-13,FO,NSE,IDO,73627,,NIFTYNXT50,,2026-05-26,2026-05-26,66600.00,CE,NIFTYNXT5026MAY66600CE,0.00,0.00,0.00,5349.80,0.00,5349.80,67123.30,2656.20,0,0,0,0.00,0,F1,25,,,,,
2026-04-13,2026-04-13,FO,NSE,IDO,73579,,NIFTYNXT50,,2026-05-26,2026-05-26,65500.00,CE,NIFTYNXT5026MAY65500CE,0.00,0.00,0.00,6157.15,0.00,6157.15,67123.30,3312.15,0,0,0,0.00,0,F1,25,,,,,
2026-04-13,2026-04-13,FO,NSE,IDO,73567,,NIFTYNXT50,,2026-05-26,2026-05-26,65000.00,CE,NIFTYNXT5026MAY65000CE,0.00,0.00,0.00,6543.45,0.00,6543.45,67123.30,3639.05,0,0,0,0.00,0,F1,25,,,,,
2026-04-13,2026-04-13,FO,NSE,IDO,73563,,NIFTYNXT50,,2026-05-26,2026-05-26,64800.00,CE,NIFTYNXT5026MAY64800CE,0.00,0.00,0.00,6701.00,0.00,6701.00,67123.30,3774.65,0,0,0,0.00,0,F1,25,,,,,
2026-04-13,2026-04-13,FO,NSE,IDO,73509,,NIFTYNXT50,,2026-05-26,2026-05-26,63600.00,CE,NIFTYNXT5026MAY63600CE,0.00,0.00,0.00,7680.05,0.00,7680.05,67123.30,4644.80,0,0,0,0.00,0,F1,25,,,,,
2026-04-13,2026-04-13,FO,NSE,IDO,73395,,NIFTYNXT50,,2026-05-26,2026-05-26,61100.00,CE,NIFTYNXT5026MAY61100CE,0.00,0.00,0.00,9873.95,0.00,9873.95,67123.30,6715.05,0,0,0,0.00,0,F1,25,,,,,
2026-04-13,2026-04-13,FO,NSE,IDO,73385,,NIFTYNXT50,,2026-05-26,2026-05-26,60700.00,CE,NIFTYNXT5026MAY60700CE,0.00,0.00,0.00,10240.15,0.00,10240.15,67123.30,7071.95,0,0,0,0.00,0,F1,25,,,,,
2026-04-13,2026-04-13,FO,NSE,IDO,73312,,NIFTYNXT50,,2026-05-26,2026-05-26,59100.00,CE,NIFTYNXT5026MAY59100CE,0.00,0.00,0.00,11734.90,0.00,11734.90,67123.30,8549.20,0,0,0,0.00,0,F1,25,,,,,
2026-04-13,2026-04-13,FO,NSE,IDO,73295,,NIFTYNXT50,,2026-05-26,2026-05-26,58900.00,CE,NIFTYNXT5026MAY58900CE,0.00,0.00,0.00,11924.50,0.00,11924.50,67123.30,8738.40,0,0,0,0.00,0,F1,25,,,,,
2026-04-13,2026-04-13,FO,NSE,IDO,73286,,NIFTYNXT50,,2026-05-26,2026-05-26,58700.00,CE,NIFTYNXT5026MAY58700CE,0.00,0.00,0.00,12114.65,0.00,12114.65,67123.30,8928.35,0,0,0,0.00,0,F1,25,,,,,
2026-04-13,2026-04-13,FO,NSE,IDO,73232,,NIFTYNXT50,,2026-05-26,2026-05-26,58400.00,CE,NIFTYNXT5026MAY58400CE,0.00,0.00,0.00,12400.80,0.00,12400.80,67123.30,9214.70,0,0,0,0.00,0,F1,25,,,,,
2026-04-13,2026-04-13,FO,NSE,IDO,49896,,NIFTYNXT50,,2026-05-26,2026-05-26,54300.00,CE,NIFTYNXT5026MAY54300CE,0.00,0.00,0.00,12582.35,0.00,12582.35,67123.30,13225.20,0,0,0,0.00,0,F1,25,,,,,
2026-04-13,2026-04-13,FO,NSE,IDO,73119,,NIFTYNXT50,,2026-05-26,2026-05-26,53000.00,CE,NIFTYNXT5026MAY53000CE,0.00,0.00,0.00,17654.20,0.00,17654.20,67123.30,14512.95,0,0,0,0.00,0,F1,25,,,,,
2026-04-13,2026-04-13,FO,NSE,IDO,73111,,NIFTYNXT50,,2026-05-26,2026-05-26,51500.00,CE,NIFTYNXT5026MAY51500CE,0.00,0.00,0.00,19127.55,0.00,19127.55,67123.30,16000.90,0,0,0,0.00,0,F1,25,,,,,
2026-04-13,2026-04-13,FO,NSE,IDO,74548,,NIFTYNXT50,,2026-04-28,2026-04-28,79000.00,CE,NIFTYNXT5026APR79000CE,0.00,0.00,0.00,179.30,0.00,179.30,67123.30,0.30,0,0,0,0.00,0,F1,25,,,,,
2026-04-13,2026-04-13,FO,NSE,IDO,74330,,NIFTYNXT50,,2026-04-28,2026-04-28,74200.00,CE,NIFTYNXT5026APR74200CE,0.00,0.00,0.00,656.25,0.00,656.25,67123.30,22.50,0,0,0,0.00,0,F1,25,,,,,
2026-04-13,2026-04-13,FO,NSE,IDO,74326,,NIFTYNXT50,,2026-04-28,2026-04-28,74000.00,CE,NIFTYNXT5026APR74000CE,0.00,0.00,0.00,689.25,0.00,689.25,67123.30,26.25,0,0,0,0.00,0,F1,25,,,,,
2026-04-13,2026-04-13,FO,NSE,IDO,74308,,NIFTYNXT50,,2026-04-28,2026-04-28,73100.00,CE,NIFTYNXT5026APR73100CE,0.00,0.00,0.00,855.50,0.00,855.50,67123.30,51.30,0,0,0,0.00,0,F1,25,,,,,
2026-04-13,2026-04-13,FO,NSE,IDO,74298,,NIFTYNXT50,,2026-04-28,2026-04-28,72600.00,CE,NIFTYNXT5026APR72600CE,0.00,0.00,0.00,963.85,0.00,963.85,67123.30,72.95,0,0,0,0.00,0,F1,25,,,,,
2026-04-13,2026-04-13,FO,NSE,IDO,74242,,NIFTYNXT50,,2026-04-28,2026-04-28,71100.00,CE,NIFTYNXT5026APR71100CE,0.00,0.00,0.00,1341.80,0.00,1341.80,67123.30,191.85,0,0,0,0.00,0,F1,25,,,,,
2026-04-13,2026-04-13,FO,NSE,IDO,74194,,NIFTYNXT50,,2026-04-28,2026-04-28,70000.00,CE,NIFTYNXT5026APR70000CE,0.00,0.00,0.00,1690.25,0.00,1690.25,67123.30,358.65,0,0,0,0.00,0,F1,25,,,,,
2026-04-13,2026-04-13,FO,NSE,IDO,74148,,NIFTYNXT50,,2026-04-28,2026-04-28,68800.00,CE,NIFTYNXT5026APR68800CE,0.00,0.00,0.00,2143.60,0.00,2143.60,67123.30,655.55,0,0,0,0.00,0,F1,25,,,,,
2026-04-13,2026-04-13,FO,NSE,IDO,73937,,NIFTYNXT50,,2026-04-28,2026-04-28,62800.00,CE,NIFTYNXT5026APR62800CE,0.00,0.00,0.00,5660.05,0.00,5660.05,67123.30,4569.30,0,0,0,0.00,0,F1,25,,,,,
2026-04-13,2026-04-13,FO,NSE,IDF,66692,,NIFTYNXT50,,2026-04-28,2026-04-28,,,NIFTYNXT5026APRFUT,66800.00,67390.00,66000.00,67238.80,67349.20,67764.20,67123.30,67238.80,16375,-625,206,344447860.00,200,F1,25,,,,,
2026-04-13,2026-04-13,FO,NSE,IDO,73479,,NIFTYNXT50,,2026-04-28,2026-04-28,50500.00,CE,NIFTYNXT5026APR50500CE,0.00,0.00,0.00,16972.20,0.00,16972.20,67123.30,16743.75,0,0,0,0.00,0,F1,25,,,,,
2026-04-13,2026-04-13,FO,NSE,IDO,49886,,NIFTYNXT50,,2026-04-28,2026-04-28,54300.00,CE,NIFTYNXT5026APR54300CE,0.00,0.00,0.00,12280.80,0.00,12280.80,67123.30,12952.80,0,0,0,0.00,0,F1,25,,,,,
2026-04-13,2026-04-13,FO,NSE,IDO,73671,,NIFTYNXT50,,2026-04-28,2026-04-28,55600.00,CE,NIFTYNXT5026APR55600CE,0.00,0.00,0.00,11997.65,0.00,11997.65,67123.30,11655.95,0,0,0,0.00,0,F1,25,,,,,
2026-04-13,2026-04-13,FO,NSE,IDO,73676,,NIFTYNXT50,,2026-04-28,2026-04-28,55800.00,CE,NIFTYNXT5026APR55800CE,0.00,0.00,0.00,11805.90,0.00,11805.90,67123.30,11456.40,0,0,0,0.00,0,F1,25,,,,,
2026-04-13,2026-04-13,FO,NSE,IDO,73707,,NIFTYNXT50,,2026-04-28,2026-04-28,56600.00,CE,NIFTYNXT5026APR56600CE,0.00,0.00,0.00,11043.70,0.00,11043.70,67123.30,10658.40,0,0,0,0.00,0,F1,25,,,,,
2026-04-13,2026-04-13,FO,NSE,IDO,73719,,NIFTYNXT50,,2026-04-28,2026-04-28,57000.00,CE,NIFTYNXT5026APR57000CE,0.00,0.00,0.00,10666.00,0.00,10666.00,67123.30,10259.40,0,0,0,0.00,0,F1,25,,,,,
2026-04-13,2026-04-13,FO,NSE,IDO,73744,,NIFTYNXT50,,2026-04-28,2026-04-28,57600.00,CE,NIFTYNXT5026APR57600CE,0.00,0.00,0.00,10104.45,0.00,10104.45,67123.30,9661.05,0,0,0,0.00,0,F1,25,,,,,
2026-04-13,2026-04-13,FO,NSE,IDO,73758,,NIFTYNXT50,,2026-04-28,2026-04-28,57800.00,CE,NIFTYNXT5026APR57800CE,0.00,0.00,0.00,9918.75,0.00,9918.75,67123.30,9461.65,0,0,0,0.00,0,F1,25,,,,,
2026-04-13,2026-04-13,FO,NSE,IDO,73828,,NIFTYNXT50,,2026-04-28,2026-04-28,60800.00,CE,NIFTYNXT5026APR60800CE,0.00,0.00,0.00,7256.25,0.00,7256.25,67123.30,6484.90,0,0,0,0.00,0,F1,25,,,,,
2026-04-13,2026-04-13,FO,NSE,IDO,73845,,NIFTYNXT50,,2026-04-28,2026-04-28,61500.00,CE,NIFTYNXT5026APR61500CE,0.00,0.00,0.00,6678.00,0.00,6678.00,67123.30,5802.25,0,0,0,0.00,0,F1,25,,,,,
2026-04-13,2026-04-13,FO,NSE,IDO,82090,,NIFTYNXT50,,2026-06-30,2026-06-30,77000.00,PE,NIFTYNXT5026JUN77000PE,0.00,0.00,0.00,15328.95,0.00,15328.95,67123.30,9325.35,0,0,0,0.00,0,F1,25,,,,,
2026-04-13,2026-04-13,FO,NSE,IDO,35287,,NIFTYNXT50,,2026-06-30,2026-06-30,73200.00,PE,NIFTYNXT5026JUN73200PE,0.00,0.00,0.00,10298.50,0.00,10298.50,67123.30,6202.55,0,0,0,0.00,0,F1,25,,,,,
2026-04-13,2026-04-13,FO,NSE,IDO,81993,,NIFTYNXT50,,2026-06-30,2026-06-30,71300.00,PE,NIFTYNXT5026JUN71300PE,0.00,0.00,0.00,9974.15,0.00,9974.15,67123.30,4829.00,0,0,0,0.00,0,F1,25,,,,,
2026-04-13,2026-04-13,FO,NSE,IDO,81983,,NIFTYNXT50,,2026-06-30,2026-06-30,70800.00,PE,NIFTYNXT5026JUN70800PE,0.00,0.00,0.00,9525.55,0.00,9525.55,67123.30,4494.90,0,0,0,0.00,0,F1,25,,,,,
2026-04-13,2026-04-13,FO,NSE,IDO,81981,,NIFTYNXT50,,2026-06-30,2026-06-30,70700.00,PE,NIFTYNXT5026JUN70700PE,0.00,0.00,0.00,9436.40,0.00,9436.40,67123.30,4429.45,0,0,0,0.00,0,F1,25,,,,,
2026-04-13,2026-04-13,FO,NSE,IDO,81977,,NIFTYNXT50,,2026-06-30,2026-06-30,70500.00,PE,NIFTYNXT5026JUN70500PE,0.00,0.00,0.00,9258.75,0.00,9258.75,67123.30,4300.05,0,0,0,0.00,0,F1,25,,,,,
2026-04-13,2026-04-13,FO,NSE,IDO,81917,,NIFTYNXT50,,2026-06-30,2026-06-30,70100.00,PE,NIFTYNXT5026JUN70100PE,0.00,0.00,0.00,8906.15,0.00,8906.15,67123.30,4047.10,0,0,0,0.00,0,F1,25,,,,,
2026-04-13,2026-04-13,FO,NSE,IDO,81909,,NIFTYNXT50,,2026-06-30,2026-06-30,69900.00,PE,NIFTYNXT5026JUN69900PE,0.00,0.00,0.00,8731.20,0.00,8731.20,67123.30,3923.60,0,0,0,0.00,0,F1,25,,,,,
2026-04-13,2026-04-13,FO,NSE,IDO,81897,,NIFTYNXT50,,2026-06-30,2026-06-30,69600.00,PE,NIFTYNXT5026JUN69600PE,0.00,0.00,0.00,8470.65,0.00,8470.65,67123.30,3742.10,0,0,0,0.00,0,F1,25,,,,,
2026-04-13,2026-04-13,FO,NSE,IDO,81815,,NIFTYNXT50,,2026-06-30,2026-06-30,69100.00,PE,NIFTYNXT5026JUN69100PE,0.00,0.00,0.00,8041.45,0.00,8041.45,67123.30,3449.80,0,0,0,0.00,0,F1,25,,,,,
2026-04-13,2026-04-13,FO,NSE,IDO,81804,,NIFTYNXT50,,2026-06-30,2026-06-30,68700.00,PE,NIFTYNXT5026JUN68700PE,0.00,0.00,0.00,7703.00,0.00,7703.00,67123.30,3225.35,0,0,0,0.00,0,F1,25,,,,,
2026-04-13,2026-04-13,FO,NSE,IDO,81778,,NIFTYNXT50,,2026-06-30,2026-06-30,67500.00,PE,NIFTYNXT5026JUN67500PE,0.00,0.00,0.00,6716.85,0.00,6716.85,67123.30,2603.50,0,0,0,0.00,0,F1,25,,,,,
2026-04-13,2026-04-13,FO,NSE,IDO,81725,,NIFTYNXT50,,2026-06-30,2026-06-30,66400.00,PE,NIFTYNXT5026JUN66400PE,0.00,0.00,0.00,5858.90,0.00,5858.90,67123.30,2101.95,0,0,0,0.00,0,F1,25,,,,,
2026-04-13,2026-04-13,FO,NSE,IDO,81675,,NIFTYNXT50,,2026-06-30,2026-06-30,65800.00,PE,NIFTYNXT5026JUN65800PE,0.00,0.00,0.00,5408.95,0.00,5408.95,67123.30,1856.15,0,0,0,0.00,0,F1,25,,,,,
2026-04-13,2026-04-13,FO,NSE,IDO,81665,,NIFTYNXT50,,2026-06-30,2026-06-30,65300.00,PE,NIFTYNXT5026JUN65300PE,0.00,0.00,0.00,5043.70,0.00,5043.70,67123.30,1666.25,0,0,0,0.00,0,F1,25,,,,,
2026-04-13,2026-04-13,FO,NSE,IDO,81617,,NIFTYNXT50,,2026-06-30,2026-06-30,64000.00,PE,NIFTYNXT5026JUN64000PE,0.00,0.00,0.00,4155.30,0.00,4155.30,67123.30,1234.20,0,0,0,0.00,0,F1,25,,,,,
2026-04-13,2026-04-13,FO,NSE,IDO,81502,,NIFTYNXT50,,2026-06-30,2026-06-30,62300.00,PE,NIFTYNXT5026JUN62300PE,0.00,0.00,0.00,3123.35,0.00,3123.35,67123.30,797.35,0,0,0,0.00,0,F1,25,,,,,
2026-04-13,2026-04-13,FO,NSE,IDO,81500,,NIFTYNXT50,,2026-06-30,2026-06-30,62200.00,PE,NIFTYNXT5026JUN62200PE,0.00,0.00,0.00,3067.55,0.00,3067.55,67123.30,775.75,0,0,0,0.00,0,F1,25,,,,,
2026-04-13,2026-04-13,FO,NSE,IDO,81496,,NIFTYNXT50,,2026-06-30,2026-06-30,62000.00,PE,NIFTYNXT5026JUN62000PE,0.00,0.00,0.00,2957.60,0.00,2957.60,67123.30,733.80,0,0,0,0.00,0,F1,25,,,,,
2026-04-13,2026-04-13,FO,NSE,IDO,81368,,NIFTYNXT50,,2026-06-30,2026-06-30,60700.00,PE,NIFTYNXT5026JUN60700PE,0.00,0.00,0.00,2298.90,0.00,2298.90,67123.30,500.95,0,0,0,0.00,0,F1,25,,,,,
2026-04-13,2026-04-13,FO,NSE,IDO,81366,,NIFTYNXT50,,2026-06-30,2026-06-30,60600.00,PE,NIFTYNXT5026JUN60600PE,0.00,0.00,0.00,2252.25,0.00,2252.25,67123.30,485.70,0,0,0,0.00,0,F1,25,,,,,
2026-04-13,2026-04-13,FO,NSE,IDO,81362,,NIFTYNXT50,,2026-06-30,2026-06-30,60400.00,PE,NIFTYNXT5026JUN60400PE,0.00,0.00,0.00,2160.70,0.00,2160.70,67123.30,456.30,0,0,0,0.00,0,F1,25,,,,,
2026-04-13,2026-04-13,FO,NSE,IDO,81332,,NIFTYNXT50,,2026-06-30,2026-06-30,59300.00,PE,NIFTYNXT5026JUN59300PE,0.00,0.00,0.00,1698.80,0.00,1698.80,67123.30,318.30,0,0,0,0.00,0,F1,25,,,,,
2026-04-13,2026-04-13,FO,NSE,IDO,81242,,NIFTYNXT50,,2026-06-30,2026-06-30,57500.00,PE,NIFTYNXT5026JUN57500PE,0.00,0.00,0.00,1091.65,0.00,1091.65,67123.30,165.40,0,0,0,0.00,0,F1,25,,,,,
2026-04-13,2026-04-13,FO,NSE,IDO,81238,,NIFTYNXT50,,2026-06-30,2026-06-30,57300.00,PE,NIFTYNXT5026JUN57300PE,0.00,0.00,0.00,1037.80,0.00,1037.80,67123.30,153.00,0,0,0,0.00,0,F1,25,,,,,
2026-04-13,2026-04-13,FO,NSE,IDO,81129,,NIFTYNXT50,,2026-06-30,2026-06-30,56000.00,PE,NIFTYNXT5026JUN56000PE,0.00,0.00,0.00,718.40,0.00,718.40,67123.30,89.60,0,0,0,0.00,0,F1,25,,,,,
2026-04-13,2026-04-13,FO,NSE,IDO,81016,,NIFTYNXT50,,2026-06-30,2026-06-30,55600.00,PE,NIFTYNXT5026JUN55600PE,0.00,0.00,0.00,636.85,0.00,636.85,67123.30,75.25,0,0,0,0.00,0,F1,25,,,,,
2026-04-13,2026-04-13,FO,NSE,IDO,74063,,NIFTYNXT50,,2026-05-26,2026-05-26,72900.00,PE,NIFTYNXT5026MAY72900PE,0.00,0.00,0.00,3872.80,0.00,3872.80,67123.30,5754.65,0,0,0,0.00,0,F1,25,,,,,
2026-04-13,2026-04-13,FO,NSE,IDO,73925,,NIFTYNXT50,,2026-05-26,2026-05-26,71900.00,PE,NIFTYNXT5026MAY71900PE,0.00,0.00,0.00,3282.75,0.00,3282.75,67123.30,4945.10,0,0,0,0.00,0,F1,25,,,,,
2026-04-13,2026-04-13,FO,NSE,IDO,73849,,NIFTYNXT50,,2026-05-26,2026-05-26,68900.00,PE,NIFTYNXT5026MAY68900PE,0.00,0.00,0.00,1841.25,0.00,1841.25,67123.30,2843.85,0,0,0,0.00,0,F1,25,,,,,
2026-04-13,2026-04-13,FO,NSE,IDO,73793,,NIFTYNXT50,,2026-05-26,2026-05-26,68500.00,PE,NIFTYNXT5026MAY68500PE,0.00,0.00,0.00,1686.90,0.00,1686.90,67123.30,2607.80,0,0,0,0.00,0,F1,25,,,,,
2026-04-13,2026-04-13,FO,NSE,IDO,73773,,NIFTYNXT50,,2026-05-26,2026-05-26,68300.00,PE,NIFTYNXT5026MAY68300PE,0.00,0.00,0.00,1613.05,0.00,1613.05,67123.30,2494.00,0,0,0,0.00,0,F1,25,,,,,
2026-04-13,2026-04-13,FO,NSE,IDO,73657,,NIFTYNXT50,,2026-05-26,2026-05-26,67500.00,PE,NIFTYNXT5026MAY67500PE,0.00,0.00,0.00,1339.30,0.00,1339.30,67123.30,2067.90,0,0,0,0.00,0,F1,25,,,,,
2026-04-13,2026-04-13,FO,NSE,IDO,73610,,NIFTYNXT50,,2026-05-26,2026-05-26,66000.00,PE,NIFTYNXT5026MAY66000PE,0.00,0.00,0.00,916.85,0.00,916.85,67123.30,1396.35,0,0,0,0.00,0,F1,25,,,,,
2026-04-13,2026-04-13,FO,NSE,IDO,73566,,NIFTYNXT50,,2026-05-26,2026-05-26,64900.00,PE,NIFTYNXT5026MAY64900PE,0.00,0.00,0.00,674.85,0.00,674.85,67123.30,1007.85,0,0,0,0.00,0,F1,25,,,,,
2026-04-13,2026-04-13,FO,NSE,IDO,73554,,NIFTYNXT50,,2026-05-26,2026-05-26,64300.00,PE,NIFTYNXT5026MAY64300PE,0.00,0.00,0.00,564.85,0.00,564.85,67123.30,834.10,0,0,0,0.00,0,F1,25,,,,,
2026-04-13,2026-04-13,FO,NSE,IDO,73402,,NIFTYNXT50,,2026-05-26,2026-05-26,61200.00,PE,NIFTYNXT5026MAY61200PE,0.00,0.00,0.00,196.70,0.00,196.70,67123.30,255.20,0,0,0,0.00,0,F1,25,,,,,
2026-04-13,2026-04-13,FO,NSE,IDO,73400,,NIFTYNXT50,,2026-05-26,2026-05-26,61100.00,PE,NIFTYNXT5026MAY61100PE,0.00,0.00,0.00,189.35,0.00,189.35,67123.30,244.20,0,0,0,0.00,0,F1,25,,,,,
2026-04-13,2026-04-13,FO,NSE,IDO,73384,,NIFTYNXT50,,2026-05-26,2026-05-26,60600.00,PE,NIFTYNXT5026MAY60600PE,0.00,0.00,0.00,155.85,0.00,155.85,67123.30,194.90,0,0,0,0.00,0,F1,25,,,,,
2026-04-13,2026-04-13,FO,NSE,IDO,73376,,NIFTYNXT50,,2026-05-26,2026-05-26,60200.00,PE,NIFTYNXT5026MAY60200PE,0.00,0.00,0.00,132.70,0.00,132.70,67123.30,161.50,0,0,0,0.00,0,F1,25,,,,,
2026-04-13,2026-04-13,FO,NSE,IDO,73347,,NIFTYNXT50,,2026-05-26,2026-05-26,59600.00,PE,NIFTYNXT5026MAY59600PE,0.00,0.00,0.00,103.35,0.00,103.35,67123.30,120.35,0,0,0,0.00,0,F1,25,,,,,
2026-04-13,2026-04-13,FO,NSE,IDO,38415,,NIFTYNXT50,,2026-05-26,2026-05-26,57700.00,PE,NIFTYNXT5026MAY57700PE,0.00,0.00,0.00,37.30,0.00,37.30,67123.30,42.60,0,0,0,0.00,0,F1,25,,,,,
2026-04-13,2026-04-13,FO,NSE,IDO,41312,,NIFTYNXT50,,2026-05-26,2026-05-26,57600.00,PE,NIFTYNXT5026MAY57600PE,0.00,0.00,0.00,51.80,0.00,51.80,67123.30,40.15,0,0,0,0.00,0,F1,25,,,,,
2026-04-13,2026-04-13,FO,NSE,IDO,41298,,NIFTYNXT50,,2026-05-26,2026-05-26,56800.00,PE,NIFTYNXT5026MAY56800PE,0.00,0.00,0.00,34.50,0.00,34.50,67123.30,24.50,0,0,0,0.00,0,F1,25,,,,,
2026-04-13,2026-04-13,FO,NSE,IDO,73134,,NIFTYNXT50,,2026-05-26,2026-05-26,56500.00,PE,NIFTYNXT5026MAY56500PE,0.00,0.00,0.00,23.70,0.00,23.70,67123.30,20.20,0,0,0,0.00,0,F1,25,,,,,
2026-04-13,2026-04-13,FO,NSE,IDO,43905,,NIFTYNXT50,,2026-05-26,2026-05-26,54900.00,PE,NIFTYNXT5026MAY54900PE,0.00,0.00,0.00,29.30,0.00,29.30,67123.30,6.60,0,0,0,0.00,0,F1,25,,,,,
2026-04-13,2026-04-13,FO,NSE,IDO,74321,,NIFTYNXT50,,2026-04-28,2026-04-28,73700.00,PE,NIFTYNXT5026APR73700PE,0.00,0.00,0.00,6616.20,0.00,6616.20,67123.30,6433.95,0,0,0,0.00,0,F1,25,,,,,
2026-04-13,2026-04-13,FO,NSE,IDO,74283,,NIFTYNXT50,,2026-04-28,2026-04-28,71900.00,PE,NIFTYNXT5026APR71900PE,0.00,0.00,0.00,5227.95,0.00,5227.95,67123.30,4721.70,0,0,0,0.00,0,F1,25,,,,,
2026-04-13,2026-04-13,FO,NSE,IDO,74281,,NIFTYNXT50,,2026-04-28,2026-04-28,71800.00,PE,NIFTYNXT5026APR71800PE,0.00,0.00,0.00,5154.85,0.00,5154.85,67123.30,4629.70,0,0,0,0.00,0,F1,25,,,,,
2026-04-13,2026-04-13,FO,NSE,IDO,74275,,NIFTYNXT50,,2026-04-28,2026-04-28,71600.00,PE,NIFTYNXT5026APR71600PE,0.00,0.00,0.00,5010.10,0.00,5010.10,67123.30,4447.00,0,0,0,0.00,0,F1,25,,,,,
2026-04-13,2026-04-13,FO,NSE,IDO,74268,,NIFTYNXT50,,2026-04-28,2026-04-28,71400.00,PE,NIFTYNXT5026APR71400PE,0.00,0.00,0.00,4867.20,0.00,4867.20,67123.30,4266.20,0,0,0,0.00,0,F1,25,,,,,
2026-04-13,2026-04-13,FO,NSE,IDO,74263,,NIFTYNXT50,,2026-04-28,2026-04-28,71200.00,PE,NIFTYNXT5026APR71200PE,0.00,0.00,0.00,4726.20,0.00,4726.20,67123.30,4087.50,0,0,0,0.00,0,F1,25,,,,,
2026-04-13,2026-04-13,FO,NSE,IDO,74224,,NIFTYNXT50,,2026-04-28,2026-04-28,70900.00,PE,NIFTYNXT5026APR70900PE,0.00,0.00,0.00,4518.30,0.00,4518.30,67123.30,3823.70,0,0,0,0.00,0,F1,25,,,,,
2026-04-13,2026-04-13,FO,NSE,IDO,74177,,NIFTYNXT50,,2026-04-28,2026-04-28,69400.00,PE,NIFTYNXT5026APR69400PE,0.00,0.00,0.00,3547.70,0.00,3547.70,67123.30,2603.60,0,0,0,0.00,0,F1,25,,,,,
2026-04-13,2026-04-13,FO,NSE,IDO,74042,,NIFTYNXT50,,2026-04-28,2026-04-28,66800.00,PE,NIFTYNXT5026APR66800PE,0.00,0.00,0.00,2163.10,0.00,2163.10,67123.30,1026.35,0,0,0,0.00,0,F1,25,,,,,
2026-04-13,2026-04-13,FO,NSE,IDO,73954,,NIFTYNXT50,,2026-04-28,2026-04-28,63600.00,PE,NIFTYNXT5026APR63600PE,0.00,0.00,0.00,1005.35,0.00,1005.35,67123.30,172.85,0,0,0,0.00,0,F1,25,,,,,
2026-04-13,2026-04-13,FO,NSE,IDO,73952,,NIFTYNXT50,,2026-04-28,2026-04-28,63500.00,PE,NIFTYNXT5026APR63500PE,0.00,0.00,0.00,978.45,0.00,978.45,67123.30,161.20,0,0,0,0.00,0,F1,25,,,,,
2026-04-13,2026-04-13,FO,NSE,IDO,73926,,NIFTYNXT50,,2026-04-28,2026-04-28,62200.00,PE,NIFTYNXT5026APR62200PE,0.00,0.00,0.00,671.20,0.00,671.20,67123.30,59.45,0,0,0,0.00,0,F1,25,,,,,
2026-04-13,2026-04-13,FO,NSE,IDO,73860,,NIFTYNXT50,,2026-04-28,2026-04-28,61700.00,PE,NIFTYNXT5026APR61700PE,0.00,0.00,0.00,575.05,0.00,575.05,67123.30,38.65,0,0,0,0.00,0,F1,25,,,,,
2026-04-13,2026-04-13,FO,NSE,IDO,73844,,NIFTYNXT50,,2026-04-28,2026-04-28,61400.00,PE,NIFTYNXT5026APR61400PE,0.00,0.00,0.00,522.55,0.00,522.55,67123.30,29.45,0,0,0,0.00,0,F1,25,,,,,
2026-04-13,2026-04-13,FO,NSE,IDO,73757,,NIFTYNXT50,,2026-04-28,2026-04-28,57700.00,PE,NIFTYNXT5026APR57700PE,0.00,0.00,0.00,131.30,0.00,131.30,67123.30,0.45,0,0,0,0.00,0,F1,25,,,,,
2026-04-13,2026-04-13,FO,NSE,IDO,73725,,NIFTYNXT50,,2026-04-28,2026-04-28,57100.00,PE,NIFTYNXT5026APR57100PE,0.00,0.00,0.00,100.95,0.00,100.95,67123.30,0.20,0,0,0,0.00,0,F1,25,,,,,
2026-04-13,2026-04-13,FO,NSE,IDO,73723,,NIFTYNXT50,,2026-04-28,2026-04-28,57000.00,PE,NIFTYNXT5026APR57000PE,0.00,0.00,0.00,96.55,0.00,96.55,67123.30,0.15,0,0,0,0.00,0,F1,25,,,,,
2026-04-13,2026-04-13,FO,NSE,IDO,73708,,NIFTYNXT50,,2026-04-28,2026-04-28,56600.00,PE,NIFTYNXT5026APR56600PE,0.00,0.00,0.00,80.35,0.00,80.35,67123.30,0.10,0,0,0,0.00,0,F1,25,,,,,
2026-04-13,2026-04-13,FO,NSE,IDO,41230,,NIFTYNXT50,,2026-04-28,2026-04-28,54400.00,PE,NIFTYNXT5026APR54400PE,0.00,0.00,0.00,28.15,0.00,28.15,67123.30,0.00,0,0,0,0.00,0,F1,25,,,,,
2026-04-13,2026-04-13,FO,NSE,IDO,82037,,NIFTYNXT50,,2026-06-30,2026-06-30,74000.00,CE,NIFTYNXT5026JUN74000CE,0.00,0.00,0.00,142.60,0.00,142.60,67123.30,923.45,0,0,0,0.00,0,F1,25,,,,,
2026-04-13,2026-04-13,FO,NSE,IDO,81789,,NIFTYNXT50,,2026-06-30,2026-06-30,68100.00,CE,NIFTYNXT5026JUN68100CE,0.00,0.00,0.00,673.85,0.00,673.85,67123.30,2829.95,0,0,0,0.00,0,F1,25,,,,,
2026-04-13,2026-04-13,FO,NSE,IDO,81771,,NIFTYNXT50,,2026-06-30,2026-06-30,67200.00,CE,NIFTYNXT5026JUN67200CE,0.00,0.00,0.00,831.35,0.00,831.35,67123.30,3273.60,0,0,0,0.00,0,F1,25,,,,,
2026-04-13,2026-04-13,FO,NSE,IDO,81547,,NIFTYNXT50,,2026-06-30,2026-06-30,63200.00,CE,NIFTYNXT5026JUN63200CE,0.00,0.00,0.00,1932.35,0.00,1932.35,67123.30,5774.90,0,0,0,0.00,0,F1,25,,,,,
2026-04-13,2026-04-13,FO,NSE,IDO,81245,,NIFTYNXT50,,2026-06-30,2026-06-30,57700.00,CE,NIFTYNXT5026JUN57700CE,0.00,0.00,0.00,4833.65,0.00,4833.65,67123.30,10366.25,0,0,0,0.00,0,F1,25,,,,,
2026-04-13,2026-04-13,FO,NSE,IDO,81228,,NIFTYNXT50,,2026-06-30,2026-06-30,57200.00,CE,NIFTYNXT5026JUN57200CE,0.00,0.00,0.00,5184.85,0.00,5184.85,67123.30,10828.05,0,0,0,0.00,0,F1,25,,,,,
2026-04-13,2026-04-13,FO,NSE,IDO,81222,,NIFTYNXT50,,2026-06-30,2026-06-30,56900.00,CE,NIFTYNXT5026JUN56900CE,0.00,0.00,0.00,5400.55,0.00,5400.55,67123.30,11107.45,0,0,0,0.00,0,F1,25,,,,,
2026-04-13,2026-04-13,FO,NSE,IDO,80771,,NIFTYNXT50,,2026-06-30,2026-06-30,51000.00,CE,NIFTYNXT5026JUN51000CE,0.00,0.00,0.00,10380.35,0.00,10380.35,67123.30,16805.70,0,0,0,0.00,0,F1,25,,,,,
2026-04-13,2026-04-13,FO,NSE,IDO,74507,,NIFTYNXT50,,2026-05-26,2026-05-26,75500.00,CE,NIFTYNXT5026MAY75500CE,0.00,0.00,0.00,1163.25,0.00,1163.25,67123.30,213.50,0,0,0,0.00,0,F1,25,,,,,
2026-04-13,2026-04-13,FO,NSE,IDO,74056,,NIFTYNXT50,,2026-05-26,2026-05-26,72700.00,CE,NIFTYNXT5026MAY72700CE,0.00,0.00,0.00,2026.25,0.00,2026.25,67123.30,544.90,0,0,0,0.00,0,F1,25,,,,,
2026-04-13,2026-04-13,FO,NSE,IDO,73888,,NIFTYNXT50,,2026-05-26,2026-05-26,70600.00,CE,NIFTYNXT5026MAY70600CE,0.00,0.00,0.00,2937.50,0.00,2937.50,67123.30,1007.75,0,0,0,0.00,0,F1,25,,,,,
2026-04-13,2026-04-13,FO,NSE,IDO,73868,,NIFTYNXT50,,2026-05-26,2026-05-26,69600.00,CE,NIFTYNXT5026MAY69600CE,0.00,0.00,0.00,3457.30,0.00,3457.30,67123.30,1316.70,0,0,0,0.00,0,F1,25,,,,,
2026-04-13,2026-04-13,FO,NSE,IDO,73764,,NIFTYNXT50,,2026-05-26,2026-05-26,68300.00,CE,NIFTYNXT5026MAY68300CE,0.00,0.00,0.00,4216.20,0.00,4216.20,67123.30,1817.55,0,0,0,0.00,0,F1,25,,,,,
2026-04-13,2026-04-13,FO,NSE,IDO,73713,,NIFTYNXT50,,2026-05-26,2026-05-26,68100.00,CE,NIFTYNXT5026MAY68100CE,0.00,0.00,0.00,4341.25,0.00,4341.25,67123.30,1905.20,0,0,0,0.00,0,F1,25,,,,,
2026-04-13,2026-04-13,FO,NSE,IDO,73613,,NIFTYNXT50,,2026-05-26,2026-05-26,66200.00,CE,NIFTYNXT5026MAY66200CE,0.00,0.00,0.00,5637.95,0.00,5637.95,67123.30,2884.50,0,0,0,0.00,0,F1,25,,,,,
2026-04-13,2026-04-13,FO,NSE,IDO,73586,,NIFTYNXT50,,2026-05-26,2026-05-26,65700.00,CE,NIFTYNXT5026MAY65700CE,0.00,0.00,0.00,6005.80,0.00,6005.80,67123.30,3186.35,0,0,0,0.00,0,F1,25,,,,,
2026-04-13,2026-04-13,FO,NSE,IDO,73575,,NIFTYNXT50,,2026-05-26,2026-05-26,65300.00,CE,NIFTYNXT5026MAY65300CE,0.00,0.00,0.00,6310.35,0.00,6310.35,67123.30,3440.80,0,0,0,0.00,0,F1,25,,,,,
2026-04-13,2026-04-13,FO,NSE,IDO,73555,,NIFTYNXT50,,2026-05-26,2026-05-26,64400.00,CE,NIFTYNXT5026MAY64400CE,0.00,0.00,0.00,7021.10,0.00,7021.10,67123.30,4054.00,0,0,0,0.00,0,F1,25,,,,,
2026-04-13,2026-04-13,FO,NSE,IDO,73551,,NIFTYNXT50,,2026-05-26,2026-05-26,64200.00,CE,NIFTYNXT5026MAY64200CE,0.00,0.00,0.00,7183.55,0.00,7183.55,67123.30,4200.70,0,0,0,0.00,0,F1,25,,,,,
2026-04-13,2026-04-13,FO,NSE,IDO,73438,,NIFTYNXT50,,2026-05-26,2026-05-26,62300.00,CE,NIFTYNXT5026MAY62300CE,0.00,0.00,0.00,8798.30,0.00,8798.30,67123.30,5683.05,0,0,0,0.00,0,F1,25,,,,,
2026-04-13,2026-04-13,FO,NSE,IDO,73431,,NIFTYNXT50,,2026-05-26,2026-05-26,62200.00,CE,NIFTYNXT5026MAY62200CE,0.00,0.00,0.00,8886.50,0.00,8886.50,67123.30,5766.60,0,0,0,0.00,0,F1,25,,,,,
2026-04-13,2026-04-13,FO,NSE,IDO,73401,,NIFTYNXT50,,2026-05-26,2026-05-26,61200.00,CE,NIFTYNXT5026MAY61200CE,0.00,0.00,0.00,9782.95,0.00,9782.95,67123.30,6626.75,0,0,0,0.00,0,F1,25,,,,,
2026-04-13,2026-04-13,FO,NSE,IDO,73377,,NIFTYNXT50,,2026-05-26,2026-05-26,60300.00,CE,NIFTYNXT5026MAY60300CE,0.00,0.00,0.00,10609.60,0.00,10609.60,67123.30,7434.35,0,0,0,0.00,0,F1,25,,,,,
2026-04-13,2026-04-13,FO,NSE,IDO,73355,,NIFTYNXT50,,2026-05-26,2026-05-26,60000.00,CE,NIFTYNXT5026MAY60000CE,0.00,0.00,0.00,10888.70,0.00,10888.70,67123.30,7709.45,0,0,0,0.00,0,F1,25,,,,,
2026-04-13,2026-04-13,FO,NSE,IDO,73206,,NIFTYNXT50,,2026-05-26,2026-05-26,58200.00,CE,NIFTYNXT5026MAY58200CE,0.00,0.00,0.00,12592.10,0.00,12592.10,67123.30,9406.45,0,0,0,0.00,0,F1,25,,,,,
2026-04-13,2026-04-13,FO,NSE,IDO,73187,,NIFTYNXT50,,2026-05-26,2026-05-26,57900.00,CE,NIFTYNXT5026MAY57900CE,0.00,0.00,0.00,12879.85,0.00,12879.85,67123.30,9695.25,0,0,0,0.00,0,F1,25,,,,,
2026-04-13,2026-04-13,FO,NSE,IDO,73177,,NIFTYNXT50,,2026-05-26,2026-05-26,57500.00,CE,NIFTYNXT5026MAY57500CE,0.00,0.00,0.00,13264.80,0.00,13264.80,67123.30,10082.25,0,0,0,0.00,0,F1,25,,,,,
2026-04-13,2026-04-13,FO,NSE,IDO,41309,,NIFTYNXT50,,2026-05-26,2026-05-26,57400.00,CE,NIFTYNXT5026MAY57400CE,0.00,0.00,0.00,12183.20,0.00,12183.20,67123.30,10179.30,0,0,0,0.00,0,F1,25,,,,,
2026-04-13,2026-04-13,FO,NSE,IDO,73135,,NIFTYNXT50,,2026-05-26,2026-05-26,57000.00,CE,NIFTYNXT5026MAY57000CE,0.00,0.00,0.00,13747.80,0.00,13747.80,67123.30,10568.60,0,0,0,0.00,0,F1,25,,,,,
2026-04-13,2026-04-13,FO,NSE,IDO,43930,,NIFTYNXT50,,2026-05-26,2026-05-26,55700.00,CE,NIFTYNXT5026MAY55700CE,0.00,0.00,0.00,11996.30,0.00,11996.30,67123.30,11843.05,0,0,0,0.00,0,F1,25,,,,,
2026-04-13,2026-04-13,FO,NSE,IDO,49900,,NIFTYNXT50,,2026-05-26,2026-05-26,54600.00,CE,NIFTYNXT5026MAY54600CE,0.00,0.00,0.00,12291.25,0.00,12291.25,67123.30,12928.50,0,0,0,0.00,0,F1,25,,,,,
2026-04-13,2026-04-13,FO,NSE,IDO,49898,,NIFTYNXT50,,2026-05-26,2026-05-26,54400.00,CE,NIFTYNXT5026MAY54400CE,0.00,0.00,0.00,12485.25,0.00,12485.25,67123.30,13126.30,0,0,0,0.00,0,F1,25,,,,,
2026-04-13,2026-04-13,FO,NSE,IDO,74356,,NIFTYNXT50,,2026-04-28,2026-04-28,75500.00,CE,NIFTYNXT5026APR75500CE,0.00,0.00,0.00,472.20,0.00,472.20,67123.30,7.75,0,0,0,0.00,0,F1,25,,,,,
2026-04-13,2026-04-13,FO,NSE,IDO,74271,,NIFTYNXT50,,2026-04-28,2026-04-28,71500.00,CE,NIFTYNXT5026APR71500CE,0.00,0.00,0.00,1229.95,0.00,1229.95,67123.30,150.20,0,0,0,0.00,0,F1,25,,,,,
2026-04-13,2026-04-13,FO,NSE,IDO,74267,,NIFTYNXT50,,2026-04-28,2026-04-28,71400.00,CE,NIFTYNXT5026APR71400CE,0.00,0.00,0.00,1257.20,0.00,1257.20,67123.30,159.80,0,0,0,0.00,0,F1,25,,,,,
2026-04-13,2026-04-13,FO,NSE,IDO,74205,,NIFTYNXT50,,2026-04-28,2026-04-28,70400.00,CE,NIFTYNXT5026APR70400CE,0.00,0.00,0.00,1556.40,0.00,1556.40,67123.30,288.00,0,0,0,0.00,0,F1,25,,,,,
2026-04-13,2026-04-13,FO,NSE,IDO,74201,,NIFTYNXT50,,2026-04-28,2026-04-28,70200.00,CE,NIFTYNXT5026APR70200CE,0.00,0.00,0.00,1622.30,0.00,1622.30,67123.30,321.75,0,0,0,0.00,0,F1,25,,,,,
2026-04-13,2026-04-13,FO,NSE,IDO,74192,,NIFTYNXT50,,2026-04-28,2026-04-28,69900.00,CE,NIFTYNXT5026APR69900CE,0.00,0.00,0.00,1725.05,0.00,1725.05,67123.30,378.30,0,0,0,0.00,0,F1,25,,,,,
2026-04-13,2026-04-13,FO,NSE,IDO,74136,,NIFTYNXT50,,2026-04-28,2026-04-28,68300.00,CE,NIFTYNXT5026APR68300CE,0.00,0.00,0.00,2356.40,0.00,2356.40,67123.30,823.75,0,0,0,0.00,0,F1,25,,,,,
2026-04-13,2026-04-13,FO,NSE,IDO,74078,,NIFTYNXT50,,2026-04-28,2026-04-28,67600.00,CE,NIFTYNXT5026APR67600CE,0.00,0.00,0.00,2678.65,0.00,2678.65,67123.30,1108.65,0,0,0,0.00,0,F1,25,,,,,
2026-04-13,2026-04-13,FO,NSE,IDO,74050,,NIFTYNXT50,,2026-04-28,2026-04-28,67100.00,CE,NIFTYNXT5026APR67100CE,0.00,0.00,0.00,1145.05,1145.05,1145.05,67123.30,1349.50,25,0,0,0.00,0,F1,25,,,,,
2026-04-13,2026-04-13,FO,NSE,IDO,74033,,NIFTYNXT50,,2026-04-28,2026-04-28,66400.00,CE,NIFTYNXT5026APR66400CE,0.00,0.00,0.00,3298.80,0.00,3298.80,67123.30,1739.15,0,0,0,0.00,0,F1,25,,,,,
2026-04-13,2026-04-13,FO,NSE,IDO,74013,,NIFTYNXT50,,2026-04-28,2026-04-28,65500.00,CE,NIFTYNXT5026APR65500CE,0.00,0.00,0.00,3819.80,0.00,3819.80,67123.30,2328.20,0,0,0,0.00,0,F1,25,,,,,
2026-04-13,2026-04-13,FO,NSE,IDO,73998,,NIFTYNXT50,,2026-04-28,2026-04-28,65200.00,CE,NIFTYNXT5026APR65200CE,0.00,0.00,0.00,4004.05,0.00,4004.05,67123.30,2548.15,0,0,0,0.00,0,F1,25,,,,,
2026-04-13,2026-04-13,FO,NSE,IDO,73967,,NIFTYNXT50,,2026-04-28,2026-04-28,64100.00,CE,NIFTYNXT5026APR64100CE,0.00,0.00,0.00,4723.65,0.00,4723.65,67123.30,3417.75,0,0,0,0.00,0,F1,25,,,,,
2026-04-13,2026-04-13,FO,NSE,IDO,73949,,NIFTYNXT50,,2026-04-28,2026-04-28,63400.00,CE,NIFTYNXT5026APR63400CE,0.00,0.00,0.00,5219.60,0.00,5219.60,67123.30,4024.70,0,0,0,0.00,0,F1,25,,,,,
2026-04-13,2026-04-13,FO,NSE,IDO,73939,,NIFTYNXT50,,2026-04-28,2026-04-28,62900.00,CE,NIFTYNXT5026APR62900CE,0.00,0.00,0.00,5585.00,0.00,5585.00,67123.30,4477.20,0,0,0,0.00,0,F1,25,,,,,
2026-04-13,2026-04-13,FO,NSE,IDO,73931,,NIFTYNXT50,,2026-04-28,2026-04-28,62500.00,CE,NIFTYNXT5026APR62500CE,0.00,0.00,0.00,5888.05,0.00,5888.05,67123.30,4848.35,0,0,0,0.00,0,F1,25,,,,,
2026-04-13,2026-04-13,FO,NSE,IDO,82043,,NIFTYNXT50,,2026-06-30,2026-06-30,75000.00,PE,NIFTYNXT5026JUN75000PE,0.00,0.00,0.00,13413.25,0.00,13413.25,67123.30,7625.70,0,0,0,0.00,0,F1,25,,,,,
2026-04-13,2026-04-13,FO,NSE,IDO,82035,,NIFTYNXT50,,2026-06-30,2026-06-30,73500.00,PE,NIFTYNXT5026JUN73500PE,0.00,0.00,0.00,11998.10,0.00,11998.10,67123.30,6429.80,0,0,0,0.00,0,F1,25,,,,,
2026-04-13,2026-04-13,FO,NSE,IDO,82033,,NIFTYNXT50,,2026-06-30,2026-06-30,73000.00,PE,NIFTYNXT5026JUN73000PE,0.00,0.00,0.00,11532.00,0.00,11532.00,67123.30,6051.10,0,0,0,0.00,0,F1,25,,,,,
2026-04-13,2026-04-13,FO,NSE,IDO,35271,,NIFTYNXT50,,2026-06-30,2026-06-30,72700.00,PE,NIFTYNXT5026JUN72700PE,0.00,0.00,0.00,9849.45,0.00,9849.45,67123.30,5826.85,0,0,0,0.00,0,F1,25,,,,,
2026-04-13,2026-04-13,FO,NSE,IDO,81987,,NIFTYNXT50,,2026-06-30,2026-06-30,71000.00,PE,NIFTYNXT5026JUN71000PE,0.00,0.00,0.00,9704.40,0.00,9704.40,67123.30,4627.15,0,0,0,0.00,0,F1,25,,,,,
2026-04-13,2026-04-13,FO,NSE,IDO,81985,,NIFTYNXT50,,2026-06-30,2026-06-30,70900.00,PE,NIFTYNXT5026JUN70900PE,0.00,0.00,0.00,9614.85,0.00,9614.85,67123.30,4560.75,0,0,0,0.00,0,F1,25,,,,,
2026-04-13,2026-04-13,FO,NSE,IDO,81890,,NIFTYNXT50,,2026-06-30,2026-06-30,69300.00,PE,NIFTYNXT5026JUN69300PE,0.00,0.00,0.00,8212.30,0.00,8212.30,67123.30,3565.15,0,0,0,0.00,0,F1,25,,,,,
2026-04-13,2026-04-13,FO,NSE,IDO,81797,,NIFTYNXT50,,2026-06-30,2026-06-30,68400.00,PE,NIFTYNXT5026JUN68400PE,0.00,0.00,0.00,7452.20,0.00,7452.20,67123.30,3062.55,0,0,0,0.00,0,F1,25,,,,,
2026-04-13,2026-04-13,FO,NSE,IDO,81782,,NIFTYNXT50,,2026-06-30,2026-06-30,67700.00,PE,NIFTYNXT5026JUN67700PE,0.00,0.00,0.00,6877.95,0.00,6877.95,67123.30,2701.50,0,0,0,0.00,0,F1,25,,,,,
2026-04-13,2026-04-13,FO,NSE,IDO,81740,,NIFTYNXT50,,2026-06-30,2026-06-30,66700.00,PE,NIFTYNXT5026JUN66700PE,0.00,0.00,0.00,6086.70,0.00,6086.70,67123.30,2232.15,0,0,0,0.00,0,F1,25,,,,,
2026-04-13,2026-04-13,FO,NSE,IDO,81683,,NIFTYNXT50,,2026-06-30,2026-06-30,66000.00,PE,NIFTYNXT5026JUN66000PE,0.00,0.00,0.00,5557.25,0.00,5557.25,67123.30,1935.90,0,0,0,0.00,0,F1,25,,,,,
2026-04-13,2026-04-13,FO,NSE,IDO,81681,,NIFTYNXT50,,2026-06-30,2026-06-30,65900.00,PE,NIFTYNXT5026JUN65900PE,0.00,0.00,0.00,5482.90,0.00,5482.90,67123.30,1895.75,0,0,0,0.00,0,F1,25,,,,,
2026-04-13,2026-04-13,FO,NSE,IDO,81627,,NIFTYNXT50,,2026-06-30,2026-06-30,64400.00,PE,NIFTYNXT5026JUN64400PE,0.00,0.00,0.00,4420.00,0.00,4420.00,67123.30,1357.80,0,0,0,0.00,0,F1,25,,,,,
2026-04-13,2026-04-13,FO,NSE,IDO,81417,,NIFTYNXT50,,2026-06-30,2026-06-30,61800.00,PE,NIFTYNXT5026JUN61800PE,0.00,0.00,0.00,2849.90,0.00,2849.90,67123.30,693.55,0,0,0,0.00,0,F1,25,,,,,
2026-04-13,2026-04-13,FO,NSE,IDO,81415,,NIFTYNXT50,,2026-06-30,2026-06-30,61700.00,PE,NIFTYNXT5026JUN61700PE,0.00,0.00,0.00,2796.95,0.00,2796.95,67123.30,674.05,0,0,0,0.00,0,F1,25,,,,,
2026-04-13,2026-04-13,FO,NSE,IDO,81380,,NIFTYNXT50,,2026-06-30,2026-06-30,61300.00,PE,NIFTYNXT5026JUN61300PE,0.00,0.00,0.00,2590.70,0.00,2590.70,67123.30,600.15,0,0,0,0.00,0,F1,25,,,,,
2026-04-13,2026-04-13,FO,NSE,IDO,81352,,NIFTYNXT50,,2026-06-30,2026-06-30,59900.00,PE,NIFTYNXT5026JUN59900PE,0.00,0.00,0.00,1942.05,0.00,1942.05,67123.30,388.75,0,0,0,0.00,0,F1,25,,,,,
2026-04-13,2026-04-13,FO,NSE,IDO,81219,,NIFTYNXT50,,2026-06-30,2026-06-30,56700.00,PE,NIFTYNXT5026JUN56700PE,0.00,0.00,0.00,879.10,0.00,879.10,67123.30,120.25,0,0,0,0.00,0,F1,25,,,,,
2026-04-13,2026-04-13,FO,NSE,IDO,80871,,NIFTYNXT50,,2026-06-30,2026-06-30,52500.00,PE,NIFTYNXT5026JUN52500PE,0.00,0.00,0.00,217.55,0.00,217.55,67123.30,16.25,0,0,0,0.00,0,F1,25,,,,,
2026-04-13,2026-04-13,FO,NSE,IDO,74643,,NIFTYNXT50,,2026-05-26,2026-05-26,79500.00,PE,NIFTYNXT5026MAY79500PE,0.00,0.00,0.00,8876.40,0.00,8876.40,67123.30,11839.15,0,0,0,0.00,0,F1,25,,,,,
2026-04-13,2026-04-13,FO,NSE,IDO,74622,,NIFTYNXT50,,2026-05-26,2026-05-26,78500.00,PE,NIFTYNXT5026MAY78500PE,0.00,0.00,0.00,8020.30,0.00,8020.30,67123.30,10869.45,0,0,0,0.00,0,F1,25,,,,,
2026-04-13,2026-04-13,FO,NSE,IDO,74555,,NIFTYNXT50,,2026-05-26,2026-05-26,77000.00,PE,NIFTYNXT5026MAY77000PE,0.00,0.00,0.00,6790.70,0.00,6790.70,67123.30,9435.20,0,0,0,0.00,0,F1,25,,,,,
2026-04-13,2026-04-13,FO,NSE,IDO,74397,,NIFTYNXT50,,2026-05-26,2026-05-26,74000.00,PE,NIFTYNXT5026MAY74000PE,0.00,0.00,0.00,4580.95,0.00,4580.95,67123.30,6693.25,0,0,0,0.00,0,F1,25,,,,,
2026-04-13,2026-04-13,FO,NSE,IDO,74395,,NIFTYNXT50,,2026-05-26,2026-05-26,73900.00,PE,NIFTYNXT5026MAY73900PE,0.00,0.00,0.00,4514.15,0.00,4514.15,67123.30,6606.10,0,0,0,0.00,0,F1,25,,,,,
2026-04-13,2026-04-13,FO,NSE,IDO,74386,,NIFTYNXT50,,2026-05-26,2026-05-26,73600.00,PE,NIFTYNXT5026MAY73600PE,0.00,0.00,0.00,4316.55,0.00,4316.55,67123.30,6346.70,0,0,0,0.00,0,F1,25,,,,,
2026-04-13,2026-04-13,FO,NSE,IDO,73856,,NIFTYNXT50,,2026-05-26,2026-05-26,69200.00,PE,NIFTYNXT5026MAY69200PE,0.00,0.00,0.00,1962.80,0.00,1962.80,67123.30,3028.25,0,0,0,0.00,0,F1,25,,,,,
2026-04-13,2026-04-13,FO,NSE,IDO,73852,,NIFTYNXT50,,2026-05-26,2026-05-26,69000.00,PE,NIFTYNXT5026MAY69000PE,0.00,0.00,0.00,1881.20,0.00,1881.20,67123.30,2904.65,0,0,0,0.00,0,F1,25,,,,,
2026-04-13,2026-04-13,FO,NSE,IDO,73638,,NIFTYNXT50,,2026-05-26,2026-05-26,67100.00,PE,NIFTYNXT5026MAY67100PE,0.00,0.00,0.00,1215.15,0.00,1215.15,67123.30,1872.70,0,0,0,0.00,0,F1,25,,,,,
2026-04-13,2026-04-13,FO,NSE,IDO,73622,,NIFTYNXT50,,2026-05-26,2026-05-26,66300.00,PE,NIFTYNXT5026MAY66300PE,0.00,0.00,0.00,994.95,0.00,994.95,67123.30,1517.45,0,0,0,0.00,0,F1,25,,,,,
2026-04-13,2026-04-13,FO,NSE,IDO,73620,,NIFTYNXT50,,2026-05-26,2026-05-26,66200.00,PE,NIFTYNXT5026MAY66200PE,0.00,0.00,0.00,969.35,0.00,969.35,67123.30,1476.35,0,0,0,0.00,0,F1,25,,,,,
2026-04-13,2026-04-13,FO,NSE,IDO,73589,,NIFTYNXT50,,2026-05-26,2026-05-26,65800.00,PE,NIFTYNXT5026MAY65800PE,0.00,0.00,0.00,868.80,0.00,868.80,67123.30,1319.30,0,0,0,0.00,0,F1,25,,,,,
2026-04-13,2026-04-13,FO,NSE,IDO,73508,,NIFTYNXT50,,2026-05-26,2026-05-26,63500.00,PE,NIFTYNXT5026MAY63500PE,0.00,0.00,0.00,439.95,0.00,439.95,67123.30,632.90,0,0,0,0.00,0,F1,25,,,,,
2026-04-13,2026-04-13,FO,NSE,IDO,73477,,NIFTYNXT50,,2026-05-26,2026-05-26,63300.00,PE,NIFTYNXT5026MAY63300PE,0.00,0.00,0.00,412.35,0.00,412.35,67123.30,589.15,0,0,0,0.00,0,F1,25,,,,,
2026-04-13,2026-04-13,FO,NSE,IDO,73435,,NIFTYNXT50,,2026-05-26,2026-05-26,62200.00,PE,NIFTYNXT5026MAY62200PE,0.00,0.00,0.00,283.80,0.00,283.80,67123.30,387.75,0,0,0,0.00,0,F1,25,,,,,
2026-04-13,2026-04-13,FO,NSE,IDO,73390,,NIFTYNXT50,,2026-05-26,2026-05-26,60800.00,PE,NIFTYNXT5026MAY60800PE,0.00,0.00,0.00,168.60,0.00,168.60,67123.30,213.55,0,0,0,0.00,0,F1,25,,,,,
2026-04-13,2026-04-13,FO,NSE,IDO,73350,,NIFTYNXT50,,2026-05-26,2026-05-26,59700.00,PE,NIFTYNXT5026MAY59700PE,0.00,0.00,0.00,107.80,0.00,107.80,67123.30,126.50,0,0,0,0.00,0,F1,25,,,,,
2026-04-13,2026-04-13,FO,NSE,IDO,73313,,NIFTYNXT50,,2026-05-26,2026-05-26,59100.00,PE,NIFTYNXT5026MAY59100PE,0.00,0.00,0.00,83.20,0.00,83.20,67123.30,93.05,0,0,0,0.00,0,F1,25,,,,,
2026-04-13,2026-04-13,FO,NSE,IDO,73304,,NIFTYNXT50,,2026-05-26,2026-05-26,59000.00,PE,NIFTYNXT5026MAY59000PE,0.00,0.00,0.00,79.60,0.00,79.60,67123.30,88.25,0,0,0,0.00,0,F1,25,,,,,
2026-04-13,2026-04-13,FO,NSE,IDO,43947,,NIFTYNXT50,,2026-05-26,2026-05-26,56600.00,PE,NIFTYNXT5026MAY56600PE,0.00,0.00,0.00,69.95,0.00,69.95,67123.30,21.55,0,0,0,0.00,0,F1,25,,,,,
2026-04-13,2026-04-13,FO,NSE,IDO,43939,,NIFTYNXT50,,2026-05-26,2026-05-26,56100.00,PE,NIFTYNXT5026MAY56100PE,0.00,0.00,0.00,54.75,0.00,54.75,67123.30,15.50,0,0,0,0.00,0,F1,25,,,,,
2026-04-13,2026-04-13,FO,NSE,IDO,49899,,NIFTYNXT50,,2026-05-26,2026-05-26,54400.00,PE,NIFTYNXT5026MAY54400PE,0.00,0.00,0.00,26.35,0.00,26.35,67123.30,4.55,0,0,0,0.00,0,F1,25,,,,,
2026-04-13,2026-04-13,FO,NSE,IDO,49897,,NIFTYNXT50,,2026-05-26,2026-05-26,54300.00,PE,NIFTYNXT5026MAY54300PE,0.00,0.00,0.00,24.90,0.00,24.90,67123.30,4.20,0,0,0,0.00,0,F1,25,,,,,
2026-04-13,2026-04-13,FO,NSE,IDO,59644,,NIFTYNXT50,,2026-05-26,2026-05-26,53900.00,PE,NIFTYNXT5026MAY53900PE,0.00,0.00,0.00,31.75,0.00,31.75,67123.30,3.05,0,0,0,0.00,0,F1,25,,,,,
2026-04-13,2026-04-13,FO,NSE,IDO,74367,,NIFTYNXT50,,2026-04-28,2026-04-28,76000.00,PE,NIFTYNXT5026APR76000PE,0.00,0.00,0.00,8553.80,0.00,8553.80,67123.30,8700.50,0,0,0,0.00,0,F1,25,,,,,
2026-04-13,2026-04-13,FO,NSE,IDO,74357,,NIFTYNXT50,,2026-04-28,2026-04-28,75500.00,PE,NIFTYNXT5026APR75500PE,0.00,0.00,0.00,8119.45,0.00,8119.45,67123.30,8204.40,0,0,0,0.00,0,F1,25,,,,,
2026-04-13,2026-04-13,FO,NSE,IDO,74335,,NIFTYNXT50,,2026-04-28,2026-04-28,74400.00,PE,NIFTYNXT5026APR74400PE,0.00,0.00,0.00,7188.60,0.00,7188.60,67123.30,7118.50,0,0,0,0.00,0,F1,25,,,,,
2026-04-13,2026-04-13,FO,NSE,IDO,74333,,NIFTYNXT50,,2026-04-28,2026-04-28,74300.00,PE,NIFTYNXT5026APR74300PE,0.00,0.00,0.00,7105.80,0.00,7105.80,67123.30,7020.30,0,0,0,0.00,0,F1,25,,,,,
2026-04-13,2026-04-13,FO,NSE,IDO,74327,,NIFTYNXT50,,2026-04-28,2026-04-28,74000.00,PE,NIFTYNXT5026APR74000PE,0.00,0.00,0.00,6859.50,0.00,6859.50,67123.30,6726.50,0,0,0,0.00,0,F1,25,,,,,
2026-04-13,2026-04-13,FO,NSE,IDO,74325,,NIFTYNXT50,,2026-04-28,2026-04-28,73900.00,PE,NIFTYNXT5026APR73900PE,0.00,0.00,0.00,6778.05,0.00,6778.05,67123.30,6628.80,0,0,0,0.00,0,F1,25,,,,,
2026-04-13,2026-04-13,FO,NSE,IDO,74319,,NIFTYNXT50,,2026-04-28,2026-04-28,73600.00,PE,NIFTYNXT5026APR73600PE,0.00,0.00,0.00,6535.85,0.00,6535.85,67123.30,6336.75,0,0,0,0.00,0,F1,25,,,,,
2026-04-13,2026-04-13,FO,NSE,IDO,74299,,NIFTYNXT50,,2026-04-28,2026-04-28,72600.00,PE,NIFTYNXT5026APR72600PE,0.00,0.00,0.00,5755.50,0.00,5755.50,67123.30,5376.50,0,0,0,0.00,0,F1,25,,,,,
2026-04-13,2026-04-13,FO,NSE,IDO,74297,,NIFTYNXT50,,2026-04-28,2026-04-28,72500.00,PE,NIFTYNXT5026APR72500PE,0.00,0.00,0.00,5679.25,0.00,5679.25,67123.30,5281.95,0,0,0,0.00,0,F1,25,,,,,
2026-04-13,2026-04-13,FO,NSE,IDO,74291,,NIFTYNXT50,,2026-04-28,2026-04-28,72200.00,PE,NIFTYNXT5026APR72200PE,0.00,0.00,0.00,5453.05,0.00,5453.05,67123.30,5000.15,0,0,0,0.00,0,F1,25,,,,,
2026-04-13,2026-04-13,FO,NSE,IDO,74266,,NIFTYNXT50,,2026-04-28,2026-04-28,71300.00,PE,NIFTYNXT5026APR71300PE,0.00,0.00,0.00,4796.50,0.00,4796.50,67123.30,4176.60,0,0,0,0.00,0,F1,25,,,,,
2026-04-13,2026-04-13,FO,NSE,IDO,74214,,NIFTYNXT50,,2026-04-28,2026-04-28,70700.00,PE,NIFTYNXT5026APR70700PE,0.00,0.00,0.00,4382.15,0.00,4382.15,67123.30,3650.90,0,0,0,0.00,0,F1,25,,,,,
2026-04-13,2026-04-13,FO,NSE,IDO,74163,,NIFTYNXT50,,2026-04-28,2026-04-28,69300.00,PE,NIFTYNXT5026APR69300PE,0.00,0.00,0.00,3487.25,0.00,3487.25,67123.30,2525.95,0,0,0,0.00,0,F1,25,,,,,
2026-04-13,2026-04-13,FO,NSE,IDO,74119,,NIFTYNXT50,,2026-04-28,2026-04-28,67900.00,PE,NIFTYNXT5026APR67900PE,0.00,0.00,0.00,2700.65,0.00,2700.65,67123.30,1594.00,0,0,0,0.00,0,F1,25,,,,,
2026-04-13,2026-04-13,FO,NSE,IDO,74117,,NIFTYNXT50,,2026-04-28,2026-04-28,67800.00,PE,NIFTYNXT5026APR67800PE,0.00,0.00,0.00,2648.80,0.00,2648.80,67123.30,1536.15,0,0,0,0.00,0,F1,25,,,,,
2026-04-13,2026-04-13,FO,NSE,IDO,74034,,NIFTYNXT50,,2026-04-28,2026-04-28,66400.00,PE,NIFTYNXT5026APR66400PE,0.00,0.00,0.00,1985.35,0.00,1985.35,67123.30,857.50,0,0,0,0.00,0,F1,25,,,,,
2026-04-13,2026-04-13,FO,NSE,IDO,73962,,NIFTYNXT50,,2026-04-28,2026-04-28,63900.00,PE,NIFTYNXT5026APR63900PE,0.00,0.00,0.00,1086.60,0.00,1086.60,67123.30,211.90,0,0,0,0.00,0,F1,25,,,,,
2026-04-13,2026-04-13,FO,NSE,IDO,73846,,NIFTYNXT50,,2026-04-28,2026-04-28,61500.00,PE,NIFTYNXT5026APR61500PE,0.00,0.00,0.00,539.65,0.00,539.65,67123.30,32.30,0,0,0,0.00,0,F1,25,,,,,
2026-04-13,2026-04-13,FO,NSE,IDO,73817,,NIFTYNXT50,,2026-04-28,2026-04-28,60200.00,PE,NIFTYNXT5026APR60200PE,0.00,0.00,0.00,1537.35,1537.35,1537.35,67123.30,8.95,450,0,0,0.00,0,F1,25,,,,,
2026-04-13,2026-04-13,FO,NSE,IDO,73504,,NIFTYNXT50,,2026-04-28,2026-04-28,54900.00,PE,NIFTYNXT5026APR54900PE,0.00,0.00,0.00,34.65,0.00,34.65,67123.30,0.00,0,0,0,0.00,0,F1,25,,,,,
2026-04-13,2026-04-13,FO,NSE,IDO,49885,,NIFTYNXT50,,2026-04-28,2026-04-28,54200.00,PE,NIFTYNXT5026APR54200PE,0.00,0.00,0.00,4.10,0.00,4.10,67123.30,0.00,0,0,0,0.00,0,F1,25,,,,,
2026-04-13,2026-04-13,FO,NSE,IDO,73486,,NIFTYNXT50,,2026-04-28,2026-04-28,52000.00,PE,NIFTYNXT5026APR52000PE,0.00,0.00,0.00,6.35,0.00,6.35,67123.30,0.00,0,0,0,0.00,0,F1,25,,,,,
2026-04-13,2026-04-13,FO,NSE,IDO,82004,,NIFTYNXT50,,2026-06-30,2026-06-30,71900.00,CE,NIFTYNXT5026JUN71900CE,0.00,0.00,0.00,256.40,0.00,256.40,67123.30,1420.70,0,0,0,0.00,0,F1,25,,,,,
2026-04-13,2026-04-13,FO,NSE,IDO,81900,,NIFTYNXT50,,2026-06-30,2026-06-30,69800.00,CE,NIFTYNXT5026JUN69800CE,0.00,0.00,0.00,444.25,0.00,444.25,67123.30,2110.50,0,0,0,0.00,0,F1,25,,,,,
2026-04-13,2026-04-13,FO,NSE,IDO,81893,,NIFTYNXT50,,2026-06-30,2026-06-30,69500.00,CE,NIFTYNXT5026JUN69500CE,0.00,0.00,0.00,479.00,0.00,479.00,67123.30,2226.50,0,0,0,0.00,0,F1,25,,,,,
2026-04-13,2026-04-13,FO,NSE,IDO,81800,,NIFTYNXT50,,2026-06-30,2026-06-30,68600.00,CE,NIFTYNXT5026JUN68600CE,0.00,0.00,0.00,597.70,0.00,597.70,67123.30,2602.55,0,0,0,0.00,0,F1,25,,,,,
2026-04-13,2026-04-13,FO,NSE,IDO,81779,,NIFTYNXT50,,2026-06-30,2026-06-30,67600.00,CE,NIFTYNXT5026JUN67600CE,0.00,0.00,0.00,757.95,0.00,757.95,67123.30,3071.10,0,0,0,0.00,0,F1,25,,,,,
2026-04-13,2026-04-13,FO,NSE,IDO,81773,,NIFTYNXT50,,2026-06-30,2026-06-30,67300.00,CE,NIFTYNXT5026JUN67300CE,0.00,0.00,0.00,812.45,0.00,812.45,67123.30,3222.15,0,0,0,0.00,0,F1,25,,,,,
2026-04-13,2026-04-13,FO,NSE,IDO,81735,,NIFTYNXT50,,2026-06-30,2026-06-30,66600.00,CE,NIFTYNXT5026JUN66600CE,0.00,0.00,0.00,952.40,0.00,952.40,67123.30,3593.70,0,0,0,0.00,0,F1,25,,,,,
2026-04-13,2026-04-13,FO,NSE,IDO,81720,,NIFTYNXT50,,2026-06-30,2026-06-30,66200.00,CE,NIFTYNXT5026JUN66200CE,0.00,0.00,0.00,1042.90,0.00,1042.90,67123.30,3818.05,0,0,0,0.00,0,F1,25,,,,,
2026-04-13,2026-04-13,FO,NSE,IDO,81658,,NIFTYNXT50,,2026-06-30,2026-06-30,65000.00,CE,NIFTYNXT5026JUN65000CE,0.00,0.00,0.00,1345.75,0.00,1345.75,67123.30,4543.00,0,0,0,0.00,0,F1,25,,,,,
2026-04-13,2026-04-13,FO,NSE,IDO,81420,,NIFTYNXT50,,2026-06-30,2026-06-30,61900.00,CE,NIFTYNXT5026JUN61900CE,0.00,0.00,0.00,2462.10,0.00,2462.10,67123.30,6756.70,0,0,0,0.00,0,F1,25,,,,,
2026-04-13,2026-04-13,FO,NSE,IDO,81381,,NIFTYNXT50,,2026-06-30,2026-06-30,61400.00,CE,NIFTYNXT5026JUN61400CE,0.00,0.00,0.00,2691.05,0.00,2691.05,67123.30,7154.65,0,0,0,0.00,0,F1,25,,,,,
2026-04-13,2026-04-13,FO,NSE,IDO,81353,,NIFTYNXT50,,2026-06-30,2026-06-30,60000.00,CE,NIFTYNXT5026JUN60000CE,0.00,0.00,0.00,3409.20,0.00,3409.20,67123.30,8319.70,0,0,0,0.00,0,F1,25,,,,,
2026-04-13,2026-04-13,FO,NSE,IDO,81130,,NIFTYNXT50,,2026-06-30,2026-06-30,56100.00,CE,NIFTYNXT5026JUN56100CE,0.00,0.00,0.00,5994.65,0.00,5994.65,67123.30,11859.95,0,0,0,0.00,0,F1,25,,,,,
2026-04-13,2026-04-13,FO,NSE,IDO,81011,,NIFTYNXT50,,2026-06-30,2026-06-30,55400.00,CE,NIFTYNXT5026JUN55400CE,0.00,0.00,0.00,6540.95,0.00,6540.95,67123.30,12525.95,0,0,0,0.00,0,F1,25,,,,,
2026-04-13,2026-04-13,FO,NSE,IDO,74666,,NIFTYNXT50,,2026-05-26,2026-05-26,80500.00,CE,NIFTYNXT5026MAY80500CE,0.00,0.00,0.00,360.85,0.00,360.85,67123.30,29.10,0,0,0,0.00,0,F1,25,,,,,
2026-04-13,2026-04-13,FO,NSE,IDO,74406,,NIFTYNXT50,,2026-05-26,2026-05-26,74100.00,CE,NIFTYNXT5026MAY74100CE,0.00,0.00,0.00,1546.95,0.00,1546.95,67123.30,346.75,0,0,0,0.00,0,F1,25,,,,,
2026-04-13,2026-04-13,FO,NSE,IDO,74116,,NIFTYNXT50,,2026-05-26,2026-05-26,73500.00,CE,NIFTYNXT5026MAY73500CE,0.00,0.00,0.00,1740.45,0.00,1740.45,67123.30,422.60,0,0,0,0.00,0,F1,25,,,,,
2026-04-13,2026-04-13,FO,NSE,IDO,74068,,NIFTYNXT50,,2026-05-26,2026-05-26,73200.00,CE,NIFTYNXT5026MAY73200CE,0.00,0.00,0.00,1843.85,0.00,1843.85,67123.30,465.45,0,0,0,0.00,0,F1,25,,,,,
2026-04-13,2026-04-13,FO,NSE,IDO,74010,,NIFTYNXT50,,2026-05-26,2026-05-26,72400.00,CE,NIFTYNXT5026MAY72400CE,0.00,0.00,0.00,2141.90,0.00,2141.90,67123.30,597.75,0,0,0,0.00,0,F1,25,,,,,
2026-04-13,2026-04-13,FO,NSE,IDO,73894,,NIFTYNXT50,,2026-05-26,2026-05-26,70900.00,CE,NIFTYNXT5026MAY70900CE,0.00,0.00,0.00,2792.50,0.00,2792.50,67123.30,926.95,0,0,0,0.00,0,F1,25,,,,,
2026-04-13,2026-04-13,FO,NSE,IDO,73880,,NIFTYNXT50,,2026-05-26,2026-05-26,70200.00,CE,NIFTYNXT5026MAY70200CE,0.00,0.00,0.00,3138.85,0.00,3138.85,67123.30,1123.80,0,0,0,0.00,0,F1,25,,,,,
2026-04-13,2026-04-13,FO,NSE,IDO,73774,,NIFTYNXT50,,2026-05-26,2026-05-26,68400.00,CE,NIFTYNXT5026MAY68400CE,0.00,0.00,0.00,4154.50,0.00,4154.50,67123.30,1774.80,0,0,0,0.00,0,F1,25,,,,,
2026-04-13,2026-04-13,FO,NSE,IDO,73611,,NIFTYNXT50,,2026-05-26,2026-05-26,66100.00,CE,NIFTYNXT5026MAY66100CE,0.00,0.00,0.00,5711.20,0.00,5711.20,67123.30,2943.40,0,0,0,0.00,0,F1,25,,,,,
2026-04-13,2026-04-13,FO,NSE,IDO,73571,,NIFTYNXT50,,2026-05-26,2026-05-26,65100.00,CE,NIFTYNXT5026MAY65100CE,0.00,0.00,0.00,6465.35,0.00,6465.35,67123.30,3572.25,0,0,0,0.00,0,F1,25,,,,,
2026-04-13,2026-04-13,FO,NSE,IDO,73446,,NIFTYNXT50,,2026-05-26,2026-05-26,62700.00,CE,NIFTYNXT5026MAY62700CE,0.00,0.00,0.00,8448.50,0.00,8448.50,67123.30,5353.95,0,0,0,0.00,0,F1,25,,,,,
2026-04-13,2026-04-13,FO,NSE,IDO,73393,,NIFTYNXT50,,2026-05-26,2026-05-26,61000.00,CE,NIFTYNXT5026MAY61000CE,0.00,0.00,0.00,9965.15,0.00,9965.15,67123.30,6803.70,0,0,0,0.00,0,F1,25,,,,,
2026-04-13,2026-04-13,FO,NSE,IDO,41311,,NIFTYNXT50,,2026-05-26,2026-05-26,57600.00,CE,NIFTYNXT5026MAY57600CE,0.00,0.00,0.00,11991.20,0.00,11991.20,67123.30,9985.30,0,0,0,0.00,0,F1,25,,,,,
2026-04-13,2026-04-13,FO,NSE,IDO,43934,,NIFTYNXT50,,2026-05-26,2026-05-26,55900.00,CE,NIFTYNXT5026MAY55900CE,0.00,0.00,0.00,11804.15,0.00,11804.15,67123.30,11646.25,0,0,0,0.00,0,F1,25,,,,,
2026-04-13,2026-04-13,FO,NSE,IDO,73129,,NIFTYNXT50,,2026-05-26,2026-05-26,55500.00,CE,NIFTYNXT5026MAY55500CE,0.00,0.00,0.00,15206.10,0.00,15206.10,67123.30,12040.00,0,0,0,0.00,0,F1,25,,,,,
2026-04-13,2026-04-13,FO,NSE,IDO,73127,,NIFTYNXT50,,2026-05-26,2026-05-26,55000.00,CE,NIFTYNXT5026MAY55000CE,0.00,0.00,0.00,15694.45,0.00,15694.45,67123.30,12533.25,0,0,0,0.00,0,F1,25,,,,,
2026-04-13,2026-04-13,FO,NSE,IDO,59643,,NIFTYNXT50,,2026-05-26,2026-05-26,53900.00,CE,NIFTYNXT5026MAY53900CE,0.00,0.00,0.00,11559.20,0.00,11559.20,67123.30,13621.15,0,0,0,0.00,0,F1,25,,,,,
2026-04-13,2026-04-13,FO,NSE,IDO,74584,,NIFTYNXT50,,2026-04-28,2026-04-28,80000.00,CE,NIFTYNXT5026APR80000CE,0.00,0.00,0.00,133.05,0.00,133.05,67123.30,0.10,0,0,0,0.00,0,F1,25,,,,,
2026-04-13,2026-04-13,FO,NSE,IDO,74304,,NIFTYNXT50,,2026-04-28,2026-04-28,72900.00,CE,NIFTYNXT5026APR72900CE,0.00,0.00,0.00,896.60,0.00,896.60,67123.30,59.20,0,0,0,0.00,0,F1,25,,,,,
2026-04-13,2026-04-13,FO,NSE,IDO,74264,,NIFTYNXT50,,2026-04-28,2026-04-28,71300.00,CE,NIFTYNXT5026APR71300CE,0.00,0.00,0.00,1284.90,0.00,1284.90,67123.30,169.95,0,0,0,0.00,0,F1,25,,,,,
2026-04-13,2026-04-13,FO,NSE,IDO,74248,,NIFTYNXT50,,2026-04-28,2026-04-28,71200.00,CE,NIFTYNXT5026APR71200CE,0.00,0.00,0.00,1313.10,0.00,1313.10,67123.30,180.60,0,0,0,0.00,0,F1,25,,,,,
2026-04-13,2026-04-13,FO,NSE,IDO,74213,,NIFTYNXT50,,2026-04-28,2026-04-28,70700.00,CE,NIFTYNXT5026APR70700CE,0.00,0.00,0.00,1461.45,0.00,1461.45,67123.30,242.80,0,0,0,0.00,0,F1,25,,,,,
2026-04-13,2026-04-13,FO,NSE,IDO,74084,,NIFTYNXT50,,2026-04-28,2026-04-28,67700.00,CE,NIFTYNXT5026APR67700CE,1000.00,1030.00,1000.00,1013.75,1030.00,2630.85,67123.30,1013.75,50,50,4,6871375.00,3,F1,25,,,,,
2026-04-13,2026-04-13,FO,NSE,IDO,74047,,NIFTYNXT50,,2026-04-28,2026-04-28,67000.00,CE,NIFTYNXT5026APR67000CE,1200.00,1500.00,1170.00,1421.05,1400.00,1480.00,67123.30,1421.05,600,225,46,78620638.75,38,F1,25,,,,,
2026-04-13,2026-04-13,FO,NSE,IDO,74019,,NIFTYNXT50,,2026-04-28,2026-04-28,65800.00,CE,NIFTYNXT5026APR65800CE,0.00,0.00,0.00,3640.80,0.00,3640.80,67123.30,2121.25,0,0,0,0.00,0,F1,25,,,,,
2026-04-13,2026-04-13,FO,NSE,IDO,73955,,NIFTYNXT50,,2026-04-28,2026-04-28,63700.00,CE,NIFTYNXT5026APR63700CE,0.00,0.00,0.00,5004.80,0.00,5004.80,67123.30,3760.40,0,0,0,0.00,0,F1,25,,,,,
2026-04-13,2026-04-13,FO,NSE,IDO,73770,,NIFTYNXT50,,2026-04-28,2026-04-28,58300.00,CE,NIFTYNXT5026APR58300CE,0.00,0.00,0.00,9458.15,0.00,9458.15,67123.30,8963.30,0,0,0,0.00,0,F1,25,,,,,
2026-04-13,2026-04-13,FO,NSE,IDO,73766,,NIFTYNXT50,,2026-04-28,2026-04-28,58100.00,CE,NIFTYNXT5026APR58100CE,0.00,0.00,0.00,9641.75,0.00,9641.75,67123.30,9162.60,0,0,0,0.00,0,F1,25,,,,,
2026-04-13,2026-04-13,FO,NSE,IDO,73727,,NIFTYNXT50,,2026-04-28,2026-04-28,57200.00,CE,NIFTYNXT5026APR57200CE,0.00,0.00,0.00,10478.10,0.00,10478.10,67123.30,10059.95,0,0,0,0.00,0,F1,25,,,,,
2026-04-13,2026-04-13,FO,NSE,IDO,73505,,NIFTYNXT50,,2026-04-28,2026-04-28,55000.00,CE,NIFTYNXT5026APR55000CE,0.00,0.00,0.00,12575.35,0.00,12575.35,67123.30,12254.50,0,0,0,0.00,0,F1,25,,,,,
2026-04-13,2026-04-13,FO,NSE,IDO,81217,,NIFTYNXT50,,2026-06-30,2026-06-30,56600.00,PE,NIFTYNXT5026JUN56600PE,0.00,0.00,0.00,854.70,0.00,854.70,67123.30,115.40,0,0,0,0.00,0,F1,25,,,,,
2026-04-13,2026-04-13,FO,NSE,IDO,81633,,NIFTYNXT50,,2026-06-30,2026-06-30,64700.00,PE,NIFTYNXT5026JUN64700PE,0.00,0.00,0.00,4623.65,0.00,4623.65,67123.30,1455.90,0,0,0,0.00,0,F1,25,,,,,
2026-04-13,2026-04-13,FO,NSE,IDO,81623,,NIFTYNXT50,,2026-06-30,2026-06-30,64200.00,PE,NIFTYNXT5026JUN64200PE,0.00,0.00,0.00,4286.65,0.00,4286.65,67123.30,1295.00,0,0,0,0.00,0,F1,25,,,,,
2026-04-13,2026-04-13,FO,NSE,IDO,81542,,NIFTYNXT50,,2026-06-30,2026-06-30,62900.00,PE,NIFTYNXT5026JUN62900PE,0.00,0.00,0.00,3469.85,0.00,3469.85,67123.30,936.40,0,0,0,0.00,0,F1,25,,,,,
2026-04-13,2026-04-13,FO,NSE,IDO,81424,,NIFTYNXT50,,2026-06-30,2026-06-30,61900.00,PE,NIFTYNXT5026JUN61900PE,0.00,0.00,0.00,2903.45,0.00,2903.45,67123.30,713.50,0,0,0,0.00,0,F1,25,,,,,
2026-04-13,2026-04-13,FO,NSE,IDO,81378,,NIFTYNXT50,,2026-06-30,2026-06-30,61200.00,PE,NIFTYNXT5026JUN61200PE,0.00,0.00,0.00,2540.60,0.00,2540.60,67123.30,582.65,0,0,0,0.00,0,F1,25,,,,,
2026-04-13,2026-04-13,FO,NSE,IDO,81376,,NIFTYNXT50,,2026-06-30,2026-06-30,61100.00,PE,NIFTYNXT5026JUN61100PE,0.00,0.00,0.00,2491.05,0.00,2491.05,67123.30,565.55,0,0,0,0.00,0,F1,25,,,,,
2026-04-13,2026-04-13,FO,NSE,IDO,81374,,NIFTYNXT50,,2026-06-30,2026-06-30,61000.00,PE,NIFTYNXT5026JUN61000PE,0.00,0.00,0.00,2442.30,0.00,2442.30,67123.30,548.85,0,0,0,0.00,0,F1,25,,,,,
2026-04-13,2026-04-13,FO,NSE,IDO,81356,,NIFTYNXT50,,2026-06-30,2026-06-30,60100.00,PE,NIFTYNXT5026JUN60100PE,0.00,0.00,0.00,2027.75,0.00,2027.75,67123.30,414.80,0,0,0,0.00,0,F1,25,,,,,
2026-04-13,2026-04-13,FO,NSE,IDO,81207,,NIFTYNXT50,,2026-06-30,2026-06-30,56100.00,PE,NIFTYNXT5026JUN56100PE,0.00,0.00,0.00,739.95,0.00,739.95,67123.30,93.55,0,0,0,0.00,0,F1,25,,,,,
2026-04-13,2026-04-13,FO,NSE,IDO,81025,,NIFTYNXT50,,2026-06-30,2026-06-30,55900.00,PE,NIFTYNXT5026JUN55900PE,0.00,0.00,0.00,697.35,0.00,697.35,67123.30,85.80,0,0,0,0.00,0,F1,25,,,,,
2026-04-13,2026-04-13,FO,NSE,IDO,81023,,NIFTYNXT50,,2026-06-30,2026-06-30,55800.00,PE,NIFTYNXT5026JUN55800PE,0.00,0.00,0.00,676.70,0.00,676.70,67123.30,82.15,0,0,0,0.00,0,F1,25,,,,,
2026-04-13,2026-04-13,FO,NSE,IDO,80982,,NIFTYNXT50,,2026-06-30,2026-06-30,54700.00,PE,NIFTYNXT5026JUN54700PE,0.00,0.00,0.00,478.70,0.00,478.70,67123.30,49.85,0,0,0,0.00,0,F1,25,,,,,
2026-04-13,2026-04-13,FO,NSE,IDO,80861,,NIFTYNXT50,,2026-06-30,2026-06-30,52000.00,PE,NIFTYNXT5026JUN52000PE,0.00,0.00,0.00,178.30,0.00,178.30,67123.30,12.30,0,0,0,0.00,0,F1,25,,,,,
2026-04-13,2026-04-13,FO,NSE,IDO,74565,,NIFTYNXT50,,2026-05-26,2026-05-26,77500.00,PE,NIFTYNXT5026MAY77500PE,0.00,0.00,0.00,7192.55,0.00,7192.55,67123.30,9910.00,0,0,0,0.00,0,F1,25,,,,,
2026-04-13,2026-04-13,FO,NSE,IDO,74420,,NIFTYNXT50,,2026-05-26,2026-05-26,74400.00,PE,NIFTYNXT5026MAY74400PE,0.00,0.00,0.00,4853.00,0.00,4853.00,67123.30,7045.15,0,0,0,0.00,0,F1,25,,,,,
2026-04-13,2026-04-13,FO,NSE,IDO,74055,,NIFTYNXT50,,2026-05-26,2026-05-26,72600.00,PE,NIFTYNXT5026MAY72600PE,0.00,0.00,0.00,3690.30,0.00,3690.30,67123.30,5507.05,0,0,0,0.00,0,F1,25,,,,,
2026-04-13,2026-04-13,FO,NSE,IDO,74002,,NIFTYNXT50,,2026-05-26,2026-05-26,72100.00,PE,NIFTYNXT5026MAY72100PE,0.00,0.00,0.00,3396.55,0.00,3396.55,67123.30,5103.30,0,0,0,0.00,0,F1,25,,,,,
2026-04-13,2026-04-13,FO,NSE,IDO,73905,,NIFTYNXT50,,2026-05-26,2026-05-26,71400.00,PE,NIFTYNXT5026MAY71400PE,0.00,0.00,0.00,3007.80,0.00,3007.80,67123.30,4561.05,0,0,0,0.00,0,F1,25,,,,,
2026-04-13,2026-04-13,FO,NSE,IDO,73895,,NIFTYNXT50,,2026-05-26,2026-05-26,70900.00,PE,NIFTYNXT5026MAY70900PE,0.00,0.00,0.00,2746.55,0.00,2746.55,67123.30,4184.40,0,0,0,0.00,0,F1,25,,,,,
2026-04-13,2026-04-13,FO,NSE,IDO,73854,,NIFTYNXT50,,2026-05-26,2026-05-26,69100.00,PE,NIFTYNXT5026MAY69100PE,0.00,0.00,0.00,1921.75,0.00,1921.75,67123.30,2966.10,0,0,0,0.00,0,F1,25,,,,,
2026-04-13,2026-04-13,FO,NSE,IDO,73783,,NIFTYNXT50,,2026-05-26,2026-05-26,68400.00,PE,NIFTYNXT5026MAY68400PE,0.00,0.00,0.00,1649.70,0.00,1649.70,67123.30,2550.55,0,0,0,0.00,0,F1,25,,,,,
2026-04-13,2026-04-13,FO,NSE,IDO,73763,,NIFTYNXT50,,2026-05-26,2026-05-26,68200.00,PE,NIFTYNXT5026MAY68200PE,0.00,0.00,0.00,1576.95,0.00,1576.95,67123.30,2438.20,0,0,0,0.00,0,F1,25,,,,,
2026-04-13,2026-04-13,FO,NSE,IDO,73650,,NIFTYNXT50,,2026-05-26,2026-05-26,67200.00,PE,NIFTYNXT5026MAY67200PE,0.00,0.00,0.00,1245.40,0.00,1245.40,67123.30,1920.45,0,0,0,0.00,0,F1,25,,,,,
2026-04-13,2026-04-13,FO,NSE,IDO,73634,,NIFTYNXT50,,2026-05-26,2026-05-26,66900.00,PE,NIFTYNXT5026MAY66900PE,0.00,0.00,0.00,1156.15,0.00,1156.15,67123.30,1779.45,0,0,0,0.00,0,F1,25,,,,,
2026-04-13,2026-04-13,FO,NSE,IDO,73574,,NIFTYNXT50,,2026-05-26,2026-05-26,65200.00,PE,NIFTYNXT5026MAY65200PE,0.00,0.00,0.00,735.50,0.00,735.50,67123.30,1105.35,0,0,0,0.00,0,F1,25,,,,,
2026-04-13,2026-04-13,FO,NSE,IDO,73328,,NIFTYNXT50,,2026-05-26,2026-05-26,59300.00,PE,NIFTYNXT5026MAY59300PE,0.00,0.00,0.00,90.85,0.00,90.85,67123.30,103.25,0,0,0,0.00,0,F1,25,,,,,
2026-04-13,2026-04-13,FO,NSE,IDO,73199,,NIFTYNXT50,,2026-05-26,2026-05-26,58000.00,PE,NIFTYNXT5026MAY58000PE,0.00,0.00,0.00,50.30,0.00,50.30,67123.30,50.75,0,0,0,0.00,0,F1,25,,,,,
2026-04-13,2026-04-13,FO,NSE,IDO,73186,,NIFTYNXT50,,2026-05-26,2026-05-26,57800.00,PE,NIFTYNXT5026MAY57800PE,0.00,0.00,0.00,45.70,0.00,45.70,67123.30,45.15,0,0,0,0.00,0,F1,25,,,,,
2026-04-13,2026-04-13,FO,NSE,IDO,73176,,NIFTYNXT50,,2026-05-26,2026-05-26,57000.00,PE,NIFTYNXT5026MAY57000PE,0.00,0.00,0.00,30.70,0.00,30.70,67123.30,27.80,0,0,0,0.00,0,F1,25,,,,,
2026-04-13,2026-04-13,FO,NSE,IDO,43945,,NIFTYNXT50,,2026-05-26,2026-05-26,56400.00,PE,NIFTYNXT5026MAY56400PE,0.00,0.00,0.00,63.50,0.00,63.50,67123.30,18.90,0,0,0,0.00,0,F1,25,,,,,
2026-04-13,2026-04-13,FO,NSE,IDO,73132,,NIFTYNXT50,,2026-05-26,2026-05-26,56000.00,PE,NIFTYNXT5026MAY56000PE,0.00,0.00,0.00,18.15,0.00,18.15,67123.30,14.45,0,0,0,0.00,0,F1,25,,,,,
2026-04-13,2026-04-13,FO,NSE,IDO,73130,,NIFTYNXT50,,2026-05-26,2026-05-26,55500.00,PE,NIFTYNXT5026MAY55500PE,0.00,0.00,0.00,13.75,0.00,13.75,67123.30,10.25,0,0,0,0.00,0,F1,25,,,,,
2026-04-13,2026-04-13,FO,NSE,IDO,73128,,NIFTYNXT50,,2026-05-26,2026-05-26,55000.00,PE,NIFTYNXT5026MAY55000PE,0.00,0.00,0.00,10.30,0.00,10.30,67123.30,7.15,0,0,0,0.00,0,F1,25,,,,,
2026-04-13,2026-04-13,FO,NSE,IDO,73122,,NIFTYNXT50,,2026-05-26,2026-05-26,53500.00,PE,NIFTYNXT5026MAY53500PE,0.00,0.00,0.00,4.10,0.00,4.10,67123.30,2.20,0,0,0,0.00,0,F1,25,,,,,
2026-04-13,2026-04-13,FO,NSE,IDO,73099,,NIFTYNXT50,,2026-05-26,2026-05-26,50500.00,PE,NIFTYNXT5026MAY50500PE,0.00,0.00,0.00,0.50,0.00,0.50,67123.30,0.15,0,0,0,0.00,0,F1,25,,,,,
2026-04-13,2026-04-13,FO,NSE,IDO,74533,,NIFTYNXT50,,2026-04-28,2026-04-28,78500.00,PE,NIFTYNXT5026APR78500PE,0.00,0.00,0.00,10808.65,0.00,10808.65,67123.30,11189.95,0,0,0,0.00,0,F1,25,,,,,
2026-04-13,2026-04-13,FO,NSE,IDO,74423,,NIFTYNXT50,,2026-04-28,2026-04-28,76500.00,PE,NIFTYNXT5026APR76500PE,0.00,0.00,0.00,8994.35,0.00,8994.35,67123.30,9197.45,0,0,0,0.00,0,F1,25,,,,,
2026-04-13,2026-04-13,FO,NSE,IDO,74347,,NIFTYNXT50,,2026-04-28,2026-04-28,75000.00,PE,NIFTYNXT5026APR75000PE,0.00,0.00,0.00,7691.90,0.00,7691.90,67123.30,7709.65,0,0,0,0.00,0,F1,25,,,,,
2026-04-13,2026-04-13,FO,NSE,IDO,74313,,NIFTYNXT50,,2026-04-28,2026-04-28,73300.00,PE,NIFTYNXT5026APR73300PE,0.00,0.00,0.00,6296.90,0.00,6296.90,67123.30,6046.30,0,0,0,0.00,0,F1,25,,,,,
2026-04-13,2026-04-13,FO,NSE,IDO,74305,,NIFTYNXT50,,2026-04-28,2026-04-28,72900.00,PE,NIFTYNXT5026APR72900PE,0.00,0.00,0.00,5983.65,0.00,5983.65,67123.30,5662.00,0,0,0,0.00,0,F1,25,,,,,
2026-04-13,2026-04-13,FO,NSE,IDO,74277,,NIFTYNXT50,,2026-04-28,2026-04-28,71700.00,PE,NIFTYNXT5026APR71700PE,0.00,0.00,0.00,5082.25,0.00,5082.25,67123.30,4538.10,0,0,0,0.00,0,F1,25,,,,,
2026-04-13,2026-04-13,FO,NSE,IDO,73815,,NIFTYNXT50,,2026-04-28,2026-04-28,60100.00,PE,NIFTYNXT5026APR60100PE,0.00,0.00,0.00,336.10,0.00,336.10,67123.30,8.05,0,0,0,0.00,0,F1,25,,,,,
2026-04-13,2026-04-13,FO,NSE,IDO,73795,,NIFTYNXT50,,2026-04-28,2026-04-28,59200.00,PE,NIFTYNXT5026APR59200PE,0.00,0.00,0.00,241.00,0.00,241.00,67123.30,2.90,0,0,0,0.00,0,F1,25,,,,,
2026-04-13,2026-04-13,FO,NSE,IDO,73767,,NIFTYNXT50,,2026-04-28,2026-04-28,58100.00,PE,NIFTYNXT5026APR58100PE,0.00,0.00,0.00,155.45,0.00,155.45,67123.30,0.75,0,0,0,0.00,0,F1,25,,,,,
2026-04-13,2026-04-13,FO,NSE,IDO,73739,,NIFTYNXT50,,2026-04-28,2026-04-28,57300.00,PE,NIFTYNXT5026APR57300PE,0.00,0.00,0.00,110.35,0.00,110.35,67123.30,0.25,0,0,0,0.00,0,F1,25,,,,,
2026-04-13,2026-04-13,FO,NSE,IDO,73706,,NIFTYNXT50,,2026-04-28,2026-04-28,56500.00,PE,NIFTYNXT5026APR56500PE,0.00,0.00,0.00,76.70,0.00,76.70,67123.30,0.10,0,0,0,0.00,0,F1,25,,,,,
2026-04-13,2026-04-13,FO,NSE,IDO,73704,,NIFTYNXT50,,2026-04-28,2026-04-28,56400.00,PE,NIFTYNXT5026APR56400PE,0.00,0.00,0.00,73.20,0.00,73.20,67123.30,0.10,0,0,0,0.00,0,F1,25,,,,,
2026-04-13,2026-04-13,FO,NSE,IDO,73677,,NIFTYNXT50,,2026-04-28,2026-04-28,55800.00,PE,NIFTYNXT5026APR55800PE,0.00,0.00,0.00,54.80,0.00,54.80,67123.30,0.05,0,0,0,0.00,0,F1,25,,,,,
2026-04-13,2026-04-13,FO,NSE,IDO,49887,,NIFTYNXT50,,2026-04-28,2026-04-28,54300.00,PE,NIFTYNXT5026APR54300PE,0.00,0.00,0.00,4.45,0.00,4.45,67123.30,0.00,0,0,0,0.00,0,F1,25,,,,,
2026-04-13,2026-04-13,FO,NSE,IDO,82086,,NIFTYNXT50,,2026-06-30,2026-06-30,76500.00,CE,NIFTYNXT5026JUN76500CE,0.00,0.00,0.00,67.75,0.00,67.75,67123.30,527.30,0,0,0,0.00,0,F1,25,,,,,
2026-04-13,2026-04-13,FO,NSE,IDO,35294,,NIFTYNXT50,,2026-06-30,2026-06-30,73600.00,CE,NIFTYNXT5026JUN73600CE,0.00,0.00,0.00,277.80,0.00,277.80,67123.30,1005.30,0,0,0,0.00,0,F1,25,,,,,
2026-04-13,2026-04-13,FO,NSE,IDO,35288,,NIFTYNXT50,,2026-06-30,2026-06-30,73300.00,CE,NIFTYNXT5026JUN73300CE,0.00,0.00,0.00,300.35,0.00,300.35,67123.30,1073.10,0,0,0,0.00,0,F1,25,,,,,
2026-04-13,2026-04-13,FO,NSE,IDO,82012,,NIFTYNXT50,,2026-06-30,2026-06-30,72200.00,CE,NIFTYNXT5026JUN72200CE,0.00,0.00,0.00,236.30,0.00,236.30,67123.30,1338.55,0,0,0,0.00,0,F1,25,,,,,
2026-04-13,2026-04-13,FO,NSE,IDO,81992,,NIFTYNXT50,,2026-06-30,2026-06-30,71300.00,CE,NIFTYNXT5026JUN71300CE,0.00,0.00,0.00,301.15,0.00,301.15,67123.30,1596.75,0,0,0,0.00,0,F1,25,,,,,
2026-04-13,2026-04-13,FO,NSE,IDO,81990,,NIFTYNXT50,,2026-06-30,2026-06-30,71200.00,CE,NIFTYNXT5026JUN71200CE,0.00,0.00,0.00,309.25,0.00,309.25,67123.30,1627.70,0,0,0,0.00,0,F1,25,,,,,
2026-04-13,2026-04-13,FO,NSE,IDO,81970,,NIFTYNXT50,,2026-06-30,2026-06-30,70200.00,CE,NIFTYNXT5026JUN70200CE,0.00,0.00,0.00,401.25,0.00,401.25,67123.30,1962.80,0,0,0,0.00,0,F1,25,,,,,
2026-04-13,2026-04-13,FO,NSE,IDO,81916,,NIFTYNXT50,,2026-06-30,2026-06-30,70100.00,CE,NIFTYNXT5026JUN70100CE,0.00,0.00,0.00,411.65,0.00,411.65,67123.30,1998.95,0,0,0,0.00,0,F1,25,,,,,
2026-04-13,2026-04-13,FO,NSE,IDO,81796,,NIFTYNXT50,,2026-06-30,2026-06-30,68400.00,CE,NIFTYNXT5026JUN68400CE,0.00,0.00,0.00,627.25,0.00,627.25,67123.30,2691.90,0,0,0,0.00,0,F1,25,,,,,
2026-04-13,2026-04-13,FO,NSE,IDO,81791,,NIFTYNXT50,,2026-06-30,2026-06-30,68200.00,CE,NIFTYNXT5026JUN68200CE,0.00,0.00,0.00,658.00,0.00,658.00,67123.30,2783.40,0,0,0,0.00,0,F1,25,,,,,
2026-04-13,2026-04-13,FO,NSE,IDO,81775,,NIFTYNXT50,,2026-06-30,2026-06-30,67400.00,CE,NIFTYNXT5026JUN67400CE,0.00,0.00,0.00,793.95,0.00,793.95,67123.30,3171.25,0,0,0,0.00,0,F1,25,,,,,
2026-04-13,2026-04-13,FO,NSE,IDO,81767,,NIFTYNXT50,,2026-06-30,2026-06-30,67000.00,CE,NIFTYNXT5026JUN67000CE,0.00,0.00,0.00,870.20,0.00,870.20,67123.30,3378.10,0,0,0,0.00,0,F1,25,,,,,
2026-04-13,2026-04-13,FO,NSE,IDO,81699,,NIFTYNXT50,,2026-06-30,2026-06-30,66100.00,CE,NIFTYNXT5026JUN66100CE,0.00,0.00,0.00,1065.90,0.00,1065.90,67123.30,3875.50,0,0,0,0.00,0,F1,25,,,,,
2026-04-13,2026-04-13,FO,NSE,IDO,81666,,NIFTYNXT50,,2026-06-30,2026-06-30,65400.00,CE,NIFTYNXT5026JUN65400CE,0.00,0.00,0.00,1236.65,0.00,1236.65,67123.30,4292.75,0,0,0,0.00,0,F1,25,,,,,
2026-04-13,2026-04-13,FO,NSE,IDO,81511,,NIFTYNXT50,,2026-06-30,2026-06-30,62800.00,CE,NIFTYNXT5026JUN62800CE,0.00,0.00,0.00,2085.45,0.00,2085.45,67123.30,6067.30,0,0,0,0.00,0,F1,25,,,,,
2026-04-13,2026-04-13,FO,NSE,IDO,81375,,NIFTYNXT50,,2026-06-30,2026-06-30,61100.00,CE,NIFTYNXT5026JUN61100CE,0.00,0.00,0.00,2835.30,0.00,2835.30,67123.30,7398.20,0,0,0,0.00,0,F1,25,,,,,
2026-04-13,2026-04-13,FO,NSE,IDO,81328,,NIFTYNXT50,,2026-06-30,2026-06-30,59200.00,CE,NIFTYNXT5026JUN59200CE,0.00,0.00,0.00,3870.55,0.00,3870.55,67123.30,9015.05,0,0,0,0.00,0,F1,25,,,,,
2026-04-13,2026-04-13,FO,NSE,IDO,81208,,NIFTYNXT50,,2026-06-30,2026-06-30,56200.00,CE,NIFTYNXT5026JUN56200CE,0.00,0.00,0.00,5918.45,0.00,5918.45,67123.30,11765.35,0,0,0,0.00,0,F1,25,,,,,
2026-04-13,2026-04-13,FO,NSE,IDO,81007,,NIFTYNXT50,,2026-06-30,2026-06-30,55200.00,CE,NIFTYNXT5026JUN55200CE,0.00,0.00,0.00,6701.00,0.00,6701.00,67123.30,12717.35,0,0,0,0.00,0,F1,25,,,,,
2026-04-13,2026-04-13,FO,NSE,IDO,80993,,NIFTYNXT50,,2026-06-30,2026-06-30,54900.00,CE,NIFTYNXT5026JUN54900CE,0.00,0.00,0.00,6944.20,0.00,6944.20,67123.30,13005.25,0,0,0,0.00,0,F1,25,,,,,
2026-04-13,2026-04-13,FO,NSE,IDO,80965,,NIFTYNXT50,,2026-06-30,2026-06-30,54300.00,CE,NIFTYNXT5026JUN54300CE,0.00,0.00,0.00,7441.35,0.00,7441.35,67123.30,13583.75,0,0,0,0.00,0,F1,25,,,,,
2026-04-13,2026-04-13,FO,NSE,IDO,80950,,NIFTYNXT50,,2026-06-30,2026-06-30,54200.00,CE,NIFTYNXT5026JUN54200CE,0.00,0.00,0.00,7525.55,0.00,7525.55,67123.30,13680.45,0,0,0,0.00,0,F1,25,,,,,
2026-04-13,2026-04-13,FO,NSE,IDO,74642,,NIFTYNXT50,,2026-05-26,2026-05-26,79500.00,CE,NIFTYNXT5026MAY79500CE,0.00,0.00,0.00,464.00,0.00,464.00,67123.30,44.75,0,0,0,0.00,0,F1,25,,,,,
2026-04-13,2026-04-13,FO,NSE,IDO,74418,,NIFTYNXT50,,2026-05-26,2026-05-26,74400.00,CE,NIFTYNXT5026MAY74400CE,0.00,0.00,0.00,1456.60,0.00,1456.60,67123.30,313.40,0,0,0,0.00,0,F1,25,,,,,
2026-04-13,2026-04-13,FO,NSE,IDO,73910,,NIFTYNXT50,,2026-05-26,2026-05-26,71700.00,CE,NIFTYNXT5026MAY71700CE,0.00,0.00,0.00,2430.30,0.00,2430.30,67123.30,737.35,0,0,0,0.00,0,F1,25,,,,,
2026-04-13,2026-04-13,FO,NSE,IDO,73906,,NIFTYNXT50,,2026-05-26,2026-05-26,71500.00,CE,NIFTYNXT5026MAY71500CE,0.00,0.00,0.00,2517.55,0.00,2517.55,67123.30,784.50,0,0,0,0.00,0,F1,25,,,,,
2026-04-13,2026-04-13,FO,NSE,IDO,73898,,NIFTYNXT50,,2026-05-26,2026-05-26,71100.00,CE,NIFTYNXT5026MAY71100CE,0.00,0.00,0.00,2698.65,0.00,2698.65,67123.30,879.00,0,0,0,0.00,0,F1,25,,,,,
2026-04-13,2026-04-13,FO,NSE,IDO,73882,,NIFTYNXT50,,2026-05-26,2026-05-26,70300.00,CE,NIFTYNXT5026MAY70300CE,0.00,0.00,0.00,3087.75,0.00,3087.75,67123.30,1093.85,0,0,0,0.00,0,F1,25,,,,,
2026-04-13,2026-04-13,FO,NSE,IDO,73874,,NIFTYNXT50,,2026-05-26,2026-05-26,69900.00,CE,NIFTYNXT5026MAY69900CE,0.00,0.00,0.00,3295.55,0.00,3295.55,67123.30,1217.35,0,0,0,0.00,0,F1,25,,,,,
2026-04-13,2026-04-13,FO,NSE,IDO,73851,,NIFTYNXT50,,2026-05-26,2026-05-26,69000.00,CE,NIFTYNXT5026MAY69000CE,0.00,0.00,0.00,3795.90,0.00,3795.90,67123.30,1533.30,0,0,0,0.00,0,F1,25,,,,,
2026-04-13,2026-04-13,FO,NSE,IDO,73784,,NIFTYNXT50,,2026-05-26,2026-05-26,68500.00,CE,NIFTYNXT5026MAY68500CE,0.00,0.00,0.00,4093.35,0.00,4093.35,67123.30,1732.80,0,0,0,0.00,0,F1,25,,,,,
2026-04-13,2026-04-13,FO,NSE,IDO,73697,,NIFTYNXT50,,2026-05-26,2026-05-26,68000.00,CE,NIFTYNXT5026MAY68000CE,0.00,0.00,0.00,4404.55,0.00,4404.55,67123.30,1950.10,0,0,0,0.00,0,F1,25,,,,,
2026-04-13,2026-04-13,FO,NSE,IDO,73647,,NIFTYNXT50,,2026-05-26,2026-05-26,67200.00,CE,NIFTYNXT5026MAY67200CE,0.00,0.00,0.00,4930.45,0.00,4930.45,67123.30,2335.95,0,0,0,0.00,0,F1,25,,,,,
2026-04-13,2026-04-13,FO,NSE,IDO,73588,,NIFTYNXT50,,2026-05-26,2026-05-26,65800.00,CE,NIFTYNXT5026MAY65800CE,0.00,0.00,0.00,5930.80,0.00,5930.80,67123.30,3124.55,0,0,0,0.00,0,F1,25,,,,,
2026-04-13,2026-04-13,FO,NSE,IDO,73573,,NIFTYNXT50,,2026-05-26,2026-05-26,65200.00,CE,NIFTYNXT5026MAY65200CE,0.00,0.00,0.00,6387.65,0.00,6387.65,67123.30,3506.15,0,0,0,0.00,0,F1,25,,,,,
2026-04-13,2026-04-13,FO,NSE,IDO,73525,,NIFTYNXT50,,2026-05-26,2026-05-26,63700.00,CE,NIFTYNXT5026MAY63700CE,0.00,0.00,0.00,7596.40,0.00,7596.40,67123.30,4568.85,0,0,0,0.00,0,F1,25,,,,,
2026-04-13,2026-04-13,FO,NSE,IDO,73442,,NIFTYNXT50,,2026-05-26,2026-05-26,62500.00,CE,NIFTYNXT5026MAY62500CE,0.00,0.00,0.00,8622.85,0.00,8622.85,67123.30,5517.50,0,0,0,0.00,0,F1,25,,,,,
2026-04-13,2026-04-13,FO,NSE,IDO,73391,,NIFTYNXT50,,2026-05-26,2026-05-26,60900.00,CE,NIFTYNXT5026MAY60900CE,0.00,0.00,0.00,10056.60,0.00,10056.60,67123.30,6892.75,0,0,0,0.00,0,F1,25,,,,,
2026-04-13,2026-04-13,FO,NSE,IDO,73375,,NIFTYNXT50,,2026-05-26,2026-05-26,60200.00,CE,NIFTYNXT5026MAY60200CE,0.00,0.00,0.00,10702.45,0.00,10702.45,67123.30,7525.75,0,0,0,0.00,0,F1,25,,,,,
2026-04-13,2026-04-13,FO,NSE,IDO,73346,,NIFTYNXT50,,2026-05-26,2026-05-26,59600.00,CE,NIFTYNXT5026MAY59600CE,0.00,0.00,0.00,11263.25,0.00,11263.25,67123.30,8080.15,0,0,0,0.00,0,F1,25,,,,,
2026-04-13,2026-04-13,FO,NSE,IDO,73332,,NIFTYNXT50,,2026-05-26,2026-05-26,59400.00,CE,NIFTYNXT5026MAY59400CE,0.00,0.00,0.00,11451.45,0.00,11451.45,67123.30,8267.05,0,0,0,0.00,0,F1,25,,,,,
2026-04-13,2026-04-13,FO,NSE,IDO,73131,,NIFTYNXT50,,2026-05-26,2026-05-26,56000.00,CE,NIFTYNXT5026MAY56000CE,0.00,0.00,0.00,14718.75,0.00,14718.75,67123.30,11547.95,0,0,0,0.00,0,F1,25,,,,,
2026-04-13,2026-04-13,FO,NSE,IDO,43932,,NIFTYNXT50,,2026-05-26,2026-05-26,55800.00,CE,NIFTYNXT5026MAY55800CE,0.00,0.00,0.00,11900.20,0.00,11900.20,67123.30,11744.60,0,0,0,0.00,0,F1,25,,,,,
2026-04-13,2026-04-13,FO,NSE,IDO,43916,,NIFTYNXT50,,2026-05-26,2026-05-26,55600.00,CE,NIFTYNXT5026MAY55600CE,0.00,0.00,0.00,12092.55,0.00,12092.55,67123.30,11941.50,0,0,0,0.00,0,F1,25,,,,,
2026-04-13,2026-04-13,FO,NSE,IDO,49894,,NIFTYNXT50,,2026-05-26,2026-05-26,54200.00,CE,NIFTYNXT5026MAY54200CE,0.00,0.00,0.00,12679.50,0.00,12679.50,67123.30,13324.15,0,0,0,0.00,0,F1,25,,,,,
2026-04-13,2026-04-13,FO,NSE,IDO,73117,,NIFTYNXT50,,2026-05-26,2026-05-26,52500.00,CE,NIFTYNXT5026MAY52500CE,0.00,0.00,0.00,18145.10,0.00,18145.10,67123.30,15008.75,0,0,0,0.00,0,F1,25,,,,,
2026-04-13,2026-04-13,FO,NSE,IDO,74479,,NIFTYNXT50,,2026-04-28,2026-04-28,77000.00,CE,NIFTYNXT5026APR77000CE,0.00,0.00,0.00,316.35,0.00,316.35,67123.30,2.05,0,0,0,0.00,0,F1,25,,,,,
2026-04-13,2026-04-13,FO,NSE,IDO,74300,,NIFTYNXT50,,2026-04-28,2026-04-28,72700.00,CE,NIFTYNXT5026APR72700CE,0.00,0.00,0.00,939.25,0.00,939.25,67123.30,68.10,0,0,0,0.00,0,F1,25,,,,,
2026-04-13,2026-04-13,FO,NSE,IDO,74176,,NIFTYNXT50,,2026-04-28,2026-04-28,69400.00,CE,NIFTYNXT5026APR69400CE,0.00,0.00,0.00,1907.05,0.00,1907.05,67123.30,492.40,0,0,0,0.00,0,F1,25,,,,,
2026-04-13,2026-04-13,FO,NSE,IDO,74162,,NIFTYNXT50,,2026-04-28,2026-04-28,69300.00,CE,NIFTYNXT5026APR69300CE,0.00,0.00,0.00,1945.05,0.00,1945.05,67123.30,514.55,0,0,0,0.00,0,F1,25,,,,,
2026-04-13,2026-04-13,FO,NSE,IDO,74070,,NIFTYNXT50,,2026-04-28,2026-04-28,67500.00,CE,NIFTYNXT5026APR67500CE,0.00,0.00,0.00,2727.05,0.00,2727.05,67123.30,1154.25,0,0,0,0.00,0,F1,25,,,,,
2026-04-13,2026-04-13,FO,NSE,IDO,74043,,NIFTYNXT50,,2026-04-28,2026-04-28,66900.00,CE,NIFTYNXT5026APR66900CE,0.00,0.00,0.00,3030.10,0.00,3030.10,67123.30,1454.55,0,0,0,0.00,0,F1,25,,,,,
2026-04-13,2026-04-13,FO,NSE,IDO,74037,,NIFTYNXT50,,2026-04-28,2026-04-28,66600.00,CE,NIFTYNXT5026APR66600CE,0.00,0.00,0.00,3189.50,0.00,3189.50,67123.30,1621.55,0,0,0,0.00,0,F1,25,,,,,
2026-04-13,2026-04-13,FO,NSE,IDO,73990,,NIFTYNXT50,,2026-04-28,2026-04-28,64900.00,CE,NIFTYNXT5026APR64900CE,0.00,0.00,0.00,4193.50,0.00,4193.50,67123.30,2772.15,0,0,0,0.00,0,F1,25,,,,,
2026-04-13,2026-04-13,FO,NSE,IDO,73973,,NIFTYNXT50,,2026-04-28,2026-04-28,64300.00,CE,NIFTYNXT5026APR64300CE,0.00,0.00,0.00,4587.75,0.00,4587.75,67123.30,3251.10,0,0,0,0.00,0,F1,25,,,,,
2026-04-13,2026-04-13,FO,NSE,IDO,73485,,NIFTYNXT50,,2026-04-28,2026-04-28,52000.00,CE,NIFTYNXT5026APR52000CE,0.00,0.00,0.00,15499.25,0.00,15499.25,67123.30,15247.35,0,0,0,0.00,0,F1,25,,,,,
2026-04-13,2026-04-13,FO,NSE,IDO,73686,,NIFTYNXT50,,2026-04-28,2026-04-28,56000.00,CE,NIFTYNXT5026APR56000CE,0.00,0.00,0.00,11614.55,0.00,11614.55,67123.30,11256.90,0,0,0,0.00,0,F1,25,,,,,
2026-04-13,2026-04-13,FO,NSE,IDO,73724,,NIFTYNXT50,,2026-04-28,2026-04-28,57100.00,CE,NIFTYNXT5026APR57100CE,0.00,0.00,0.00,10571.95,0.00,10571.95,67123.30,10159.65,0,0,0,0.00,0,F1,25,,,,,
2026-04-13,2026-04-13,FO,NSE,IDO,73786,,NIFTYNXT50,,2026-04-28,2026-04-28,58900.00,CE,NIFTYNXT5026APR58900CE,0.00,0.00,0.00,8913.15,0.00,8913.15,67123.30,8365.80,0,0,0,0.00,0,F1,25,,,,,
2026-04-13,2026-04-13,FO,NSE,IDO,73808,,NIFTYNXT50,,2026-04-28,2026-04-28,59800.00,CE,NIFTYNXT5026APR59800CE,0.00,0.00,0.00,8113.90,0.00,8113.90,67123.30,7471.70,0,0,0,0.00,0,F1,25,,,,,
2026-04-13,2026-04-13,FO,NSE,IDO,73935,,NIFTYNXT50,,2026-04-28,2026-04-28,62700.00,CE,NIFTYNXT5026APR62700CE,0.00,0.00,0.00,5735.55,0.00,5735.55,67123.30,4661.90,0,0,0,0.00,0,F1,25,,,,,
2026-04-13,2026-04-13,FO,NSE,IDO,82038,,NIFTYNXT50,,2026-06-30,2026-06-30,74000.00,PE,NIFTYNXT5026JUN74000PE,0.00,0.00,0.00,12467.25,0.00,12467.25,67123.30,6819.90,0,0,0,0.00,0,F1,25,,,,,
2026-04-13,2026-04-13,FO,NSE,IDO,35277,,NIFTYNXT50,,2026-06-30,2026-06-30,72900.00,PE,NIFTYNXT5026JUN72900PE,0.00,0.00,0.00,10028.50,0.00,10028.50,67123.30,5975.95,0,0,0,0.00,0,F1,25,,,,,
2026-04-13,2026-04-13,FO,NSE,IDO,82022,,NIFTYNXT50,,2026-06-30,2026-06-30,72300.00,PE,NIFTYNXT5026JUN72300PE,0.00,0.00,0.00,10885.05,0.00,10885.05,67123.30,5531.05,0,0,0,0.00,0,F1,25,,,,,
2026-04-13,2026-04-13,FO,NSE,IDO,81817,,NIFTYNXT50,,2026-06-30,2026-06-30,69200.00,PE,NIFTYNXT5026JUN69200PE,0.00,0.00,0.00,8126.75,0.00,8126.75,67123.30,3507.25,0,0,0,0.00,0,F1,25,,,,,
2026-04-13,2026-04-13,FO,NSE,IDO,81795,,NIFTYNXT50,,2026-06-30,2026-06-30,68300.00,PE,NIFTYNXT5026JUN68300PE,0.00,0.00,0.00,7369.20,0.00,7369.20,67123.30,3009.40,0,0,0,0.00,0,F1,25,,,,,
2026-04-13,2026-04-13,FO,NSE,IDO,81780,,NIFTYNXT50,,2026-06-30,2026-06-30,67600.00,PE,NIFTYNXT5026JUN67600PE,0.00,0.00,0.00,6797.20,0.00,6797.20,67123.30,2652.35,0,0,0,0.00,0,F1,25,,,,,
2026-04-13,2026-04-13,FO,NSE,IDO,81776,,NIFTYNXT50,,2026-06-30,2026-06-30,67400.00,PE,NIFTYNXT5026JUN67400PE,0.00,0.00,0.00,6636.80,0.00,6636.80,67123.30,2555.15,0,0,0,0.00,0,F1,25,,,,,
2026-04-13,2026-04-13,FO,NSE,IDO,81736,,NIFTYNXT50,,2026-06-30,2026-06-30,66600.00,PE,NIFTYNXT5026JUN66600PE,0.00,0.00,0.00,6009.60,0.00,6009.60,67123.30,2188.20,0,0,0,0.00,0,F1,25,,,,,
2026-04-13,2026-04-13,FO,NSE,IDO,81673,,NIFTYNXT50,,2026-06-30,2026-06-30,65700.00,PE,NIFTYNXT5026JUN65700PE,0.00,0.00,0.00,5332.85,0.00,5332.85,67123.30,1817.10,0,0,0,0.00,0,F1,25,,,,,
2026-04-13,2026-04-13,FO,NSE,IDO,81669,,NIFTYNXT50,,2026-06-30,2026-06-30,65500.00,PE,NIFTYNXT5026JUN65500PE,0.00,0.00,0.00,5187.40,0.00,5187.40,67123.30,1740.60,0,0,0,0.00,0,F1,25,,,,,
2026-04-13,2026-04-13,FO,NSE,IDO,73507,,NIFTYNXT50,,2026-05-26,2026-05-26,63500.00,CE,NIFTYNXT5026MAY63500CE,0.00,0.00,0.00,7764.10,0.00,7764.10,67123.30,4721.30,0,0,0,0.00,0,F1,25,,,,,
2026-04-13,2026-04-13,FO,NSE,IDO,73454,,NIFTYNXT50,,2026-05-26,2026-05-26,63100.00,CE,NIFTYNXT5026MAY63100CE,0.00,0.00,0.00,8103.65,0.00,8103.65,67123.30,5033.15,0,0,0,0.00,0,F1,25,,,,,
2026-04-13,2026-04-13,FO,NSE,IDO,73450,,NIFTYNXT50,,2026-05-26,2026-05-26,62900.00,CE,NIFTYNXT5026MAY62900CE,0.00,0.00,0.00,8275.45,0.00,8275.45,67123.30,5192.45,0,0,0,0.00,0,F1,25,,,,,
2026-04-13,2026-04-13,FO,NSE,IDO,73425,,NIFTYNXT50,,2026-05-26,2026-05-26,62100.00,CE,NIFTYNXT5026MAY62100CE,0.00,0.00,0.00,8974.95,0.00,8974.95,67123.30,5850.60,0,0,0,0.00,0,F1,25,,,,,
2026-04-13,2026-04-13,FO,NSE,IDO,73421,,NIFTYNXT50,,2026-05-26,2026-05-26,62000.00,CE,NIFTYNXT5026MAY62000CE,0.00,0.00,0.00,9063.70,0.00,9063.70,67123.30,5935.10,0,0,0,0.00,0,F1,25,,,,,
2026-04-13,2026-04-13,FO,NSE,IDO,73349,,NIFTYNXT50,,2026-05-26,2026-05-26,59700.00,CE,NIFTYNXT5026MAY59700CE,0.00,0.00,0.00,11169.35,0.00,11169.35,67123.30,7987.10,0,0,0,0.00,0,F1,25,,,,,
2026-04-13,2026-04-13,FO,NSE,IDO,73243,,NIFTYNXT50,,2026-05-26,2026-05-26,58500.00,CE,NIFTYNXT5026MAY58500CE,0.00,0.00,0.00,12305.30,0.00,12305.30,67123.30,9119.10,0,0,0,0.00,0,F1,25,,,,,
2026-04-13,2026-04-13,FO,NSE,IDO,73133,,NIFTYNXT50,,2026-05-26,2026-05-26,56500.00,CE,NIFTYNXT5026MAY56500CE,0.00,0.00,0.00,14232.55,0.00,14232.55,67123.30,11057.30,0,0,0,0.00,0,F1,25,,,,,
2026-04-13,2026-04-13,FO,NSE,IDO,43914,,NIFTYNXT50,,2026-05-26,2026-05-26,55400.00,CE,NIFTYNXT5026MAY55400CE,0.00,0.00,0.00,12285.25,0.00,12285.25,67123.30,12138.60,0,0,0,0.00,0,F1,25,,,,,
2026-04-13,2026-04-13,FO,NSE,IDO,49892,,NIFTYNXT50,,2026-05-26,2026-05-26,54100.00,CE,NIFTYNXT5026MAY54100CE,0.00,0.00,0.00,12776.75,0.00,12776.75,67123.30,13423.15,0,0,0,0.00,0,F1,25,,,,,
2026-04-13,2026-04-13,FO,NSE,IDO,73711,,NIFTYNXT50,,2026-04-28,2026-04-28,56800.00,CE,NIFTYNXT5026APR56800CE,0.00,0.00,0.00,10854.55,0.00,10854.55,67123.30,10458.90,0,0,0,0.00,0,F1,25,,,,,
2026-04-13,2026-04-13,FO,NSE,IDO,73742,,NIFTYNXT50,,2026-04-28,2026-04-28,57500.00,CE,NIFTYNXT5026APR57500CE,0.00,0.00,0.00,10197.55,0.00,10197.55,67123.30,9760.75,0,0,0,0.00,0,F1,25,,,,,
2026-04-13,2026-04-13,FO,NSE,IDO,73798,,NIFTYNXT50,,2026-04-28,2026-04-28,59400.00,CE,NIFTYNXT5026APR59400CE,0.00,0.00,0.00,8466.20,0.00,8466.20,67123.30,7868.65,0,0,0,0.00,0,F1,25,,,,,
2026-04-13,2026-04-13,FO,NSE,IDO,73800,,NIFTYNXT50,,2026-04-28,2026-04-28,59500.00,CE,NIFTYNXT5026APR59500CE,0.00,0.00,0.00,8377.70,0.00,8377.70,67123.30,7769.35,0,0,0,0.00,0,F1,25,,,,,
2026-04-13,2026-04-13,FO,NSE,IDO,73824,,NIFTYNXT50,,2026-04-28,2026-04-28,60600.00,CE,NIFTYNXT5026APR60600CE,0.00,0.00,0.00,7424.95,0.00,7424.95,67123.30,6681.40,0,0,0,0.00,0,F1,25,,,,,
2026-04-13,2026-04-13,FO,NSE,IDO,73830,,NIFTYNXT50,,2026-04-28,2026-04-28,60900.00,CE,NIFTYNXT5026APR60900CE,0.00,0.00,0.00,7172.45,0.00,7172.45,67123.30,6386.85,0,0,0,0.00,0,F1,25,,,,,
2026-04-13,2026-04-13,FO,NSE,IDO,73837,,NIFTYNXT50,,2026-04-28,2026-04-28,61100.00,CE,NIFTYNXT5026APR61100CE,0.00,0.00,0.00,7006.05,0.00,7006.05,67123.30,6191.25,0,0,0,0.00,0,F1,25,,,,,
2026-04-13,2026-04-13,FO,NSE,IDO,73861,,NIFTYNXT50,,2026-04-28,2026-04-28,61800.00,CE,NIFTYNXT5026APR61800CE,0.00,0.00,0.00,6436.35,0.00,6436.35,67123.30,5512.90,0,0,0,0.00,0,F1,25,,,,,
2026-04-13,2026-04-13,FO,NSE,IDO,73927,,NIFTYNXT50,,2026-04-28,2026-04-28,62300.00,CE,NIFTYNXT5026APR62300CE,0.00,0.00,0.00,6042.40,0.00,6042.40,67123.30,5036.45,0,0,0,0.00,0,F1,25,,,,,
2026-04-13,2026-04-13,FO,NSE,IDO,73929,,NIFTYNXT50,,2026-04-28,2026-04-28,62400.00,CE,NIFTYNXT5026APR62400CE,0.00,0.00,0.00,5965.00,0.00,5965.00,67123.30,4942.20,0,0,0,0.00,0,F1,25,,,,,
2026-04-13,2026-04-13,FO,NSE,IDO,73947,,NIFTYNXT50,,2026-04-28,2026-04-28,63300.00,CE,NIFTYNXT5026APR63300CE,0.00,0.00,0.00,5292.25,0.00,5292.25,67123.30,4114.05,0,0,0,0.00,0,F1,25,,,,,
2026-04-13,2026-04-13,FO,NSE,IDO,73979,,NIFTYNXT50,,2026-04-28,2026-04-28,64600.00,CE,NIFTYNXT5026APR64600CE,0.00,0.00,0.00,4388.10,0.00,4388.10,67123.30,3007.50,0,0,0,0.00,0,F1,25,,,,,
2026-04-13,2026-04-13,FO,NSE,IDO,73981,,NIFTYNXT50,,2026-04-28,2026-04-28,64700.00,CE,NIFTYNXT5026APR64700CE,0.00,0.00,0.00,4322.65,0.00,4322.65,67123.30,2928.10,0,0,0,0.00,0,F1,25,,,,,
2026-04-13,2026-04-13,FO,NSE,IDO,74039,,NIFTYNXT50,,2026-04-28,2026-04-28,66700.00,CE,NIFTYNXT5026APR66700CE,0.00,0.00,0.00,3135.80,0.00,3135.80,67123.30,1564.65,0,0,0,0.00,0,F1,25,,,,,
2026-04-13,2026-04-13,FO,NSE,IDO,74062,,NIFTYNXT50,,2026-04-28,2026-04-28,67400.00,CE,NIFTYNXT5026APR67400CE,0.00,0.00,0.00,2776.30,0.00,2776.30,67123.30,1201.10,0,0,0,0.00,0,F1,25,,,,,
2026-04-13,2026-04-13,FO,NSE,IDO,74118,,NIFTYNXT50,,2026-04-28,2026-04-28,67900.00,CE,NIFTYNXT5026APR67900CE,0.00,0.00,0.00,2537.00,0.00,2537.00,67123.30,979.25,0,0,0,0.00,0,F1,25,,,,,
2026-04-13,2026-04-13,FO,NSE,IDO,74160,,NIFTYNXT50,,2026-04-28,2026-04-28,69200.00,CE,NIFTYNXT5026APR69200CE,0.00,0.00,0.00,1983.65,0.00,1983.65,67123.30,540.65,0,0,0,0.00,0,F1,25,,,,,
2026-04-13,2026-04-13,FO,NSE,IDO,74182,,NIFTYNXT50,,2026-04-28,2026-04-28,69500.00,CE,NIFTYNXT5026APR69500CE,0.00,0.00,0.00,1869.55,0.00,1869.55,67123.30,465.75,0,0,0,0.00,0,F1,25,,,,,
2026-04-13,2026-04-13,FO,NSE,IDO,74274,,NIFTYNXT50,,2026-04-28,2026-04-28,71600.00,CE,NIFTYNXT5026APR71600CE,0.00,0.00,0.00,1203.15,0.00,1203.15,67123.30,141.05,0,0,0,0.00,0,F1,25,,,,,
2026-04-13,2026-04-13,FO,NSE,IDO,74284,,NIFTYNXT50,,2026-04-28,2026-04-28,72000.00,CE,NIFTYNXT5026APR72000CE,0.00,0.00,0.00,1103.60,0.00,1103.60,67123.30,109.10,0,0,0,0.00,0,F1,25,,,,,
2026-04-13,2026-04-13,FO,NSE,IDO,74294,,NIFTYNXT50,,2026-04-28,2026-04-28,72400.00,CE,NIFTYNXT5026APR72400CE,0.00,0.00,0.00,1008.70,0.00,1008.70,67123.30,83.65,0,0,0,0.00,0,F1,25,,,,,
2026-04-13,2026-04-13,FO,NSE,IDO,74310,,NIFTYNXT50,,2026-04-28,2026-04-28,73200.00,CE,NIFTYNXT5026APR73200CE,0.00,0.00,0.00,835.55,0.00,835.55,67123.30,47.75,0,0,0,0.00,0,F1,25,,,,,
2026-04-13,2026-04-13,FO,NSE,IDO,74328,,NIFTYNXT50,,2026-04-28,2026-04-28,74100.00,CE,NIFTYNXT5026APR74100CE,0.00,0.00,0.00,672.60,0.00,672.60,67123.30,24.30,0,0,0,0.00,0,F1,25,,,,,
2026-04-13,2026-04-13,FO,NSE,IDO,74336,,NIFTYNXT50,,2026-04-28,2026-04-28,74500.00,CE,NIFTYNXT5026APR74500CE,0.00,0.00,0.00,609.15,0.00,609.15,67123.30,17.75,0,0,0,0.00,0,F1,25,,,,,
2026-04-13,2026-04-13,FO,NSE,IDO,74338,,NIFTYNXT50,,2026-04-28,2026-04-28,74600.00,CE,NIFTYNXT5026APR74600CE,0.00,0.00,0.00,594.10,0.00,594.10,67123.30,16.40,0,0,0,0.00,0,F1,25,,,,,
2026-04-13,2026-04-13,FO,NSE,IDO,74346,,NIFTYNXT50,,2026-04-28,2026-04-28,75000.00,CE,NIFTYNXT5026APR75000CE,0.00,0.00,0.00,537.00,0.00,537.00,67123.30,11.80,0,0,0,0.00,0,F1,25,,,,,
2026-04-13,2026-04-13,FO,NSE,IDO,74489,,NIFTYNXT50,,2026-04-28,2026-04-28,77500.00,CE,NIFTYNXT5026APR77500CE,0.00,0.00,0.00,275.45,0.00,275.45,67123.30,1.25,0,0,0,0.00,0,F1,25,,,,,
2026-04-13,2026-04-13,FO,NSE,IDO,74509,,NIFTYNXT50,,2026-04-28,2026-04-28,78000.00,CE,NIFTYNXT5026APR78000CE,0.00,0.00,0.00,239.30,0.00,239.30,67123.30,0.80,0,0,0,0.00,0,F1,25,,,,,
2026-04-13,2026-04-13,FO,NSE,IDO,35307,,NIFTYNXT50,,2026-06-30,2026-06-30,73800.00,PE,NIFTYNXT5026JUN73800PE,0.00,0.00,0.00,10843.30,0.00,10843.30,67123.30,6662.80,0,0,0,0.00,0,F1,25,,,,,
2026-04-13,2026-04-13,FO,NSE,IDO,35289,,NIFTYNXT50,,2026-06-30,2026-06-30,73300.00,PE,NIFTYNXT5026JUN73300PE,0.00,0.00,0.00,10388.85,0.00,10388.85,67123.30,6278.85,0,0,0,0.00,0,F1,25,,,,,
2026-04-13,2026-04-13,FO,NSE,IDO,82011,,NIFTYNXT50,,2026-06-30,2026-06-30,72100.00,PE,NIFTYNXT5026JUN72100PE,0.00,0.00,0.00,10701.55,0.00,10701.55,67123.30,5387.15,0,0,0,0.00,0,F1,25,,,,,
2026-04-13,2026-04-13,FO,NSE,IDO,81999,,NIFTYNXT50,,2026-06-30,2026-06-30,71600.00,PE,NIFTYNXT5026JUN71600PE,0.00,0.00,0.00,10245.60,0.00,10245.60,67123.30,5035.00,0,0,0,0.00,0,F1,25,,,,,
2026-04-13,2026-04-13,FO,NSE,IDO,81975,,NIFTYNXT50,,2026-06-30,2026-06-30,70400.00,PE,NIFTYNXT5026JUN70400PE,0.00,0.00,0.00,9170.30,0.00,9170.30,67123.30,4236.10,0,0,0,0.00,0,F1,25,,,,,
2026-04-13,2026-04-13,FO,NSE,IDO,81892,,NIFTYNXT50,,2026-06-30,2026-06-30,69400.00,PE,NIFTYNXT5026JUN69400PE,0.00,0.00,0.00,8298.15,0.00,8298.15,67123.30,3623.65,0,0,0,0.00,0,F1,25,,,,,
2026-04-13,2026-04-13,FO,NSE,IDO,81768,,NIFTYNXT50,,2026-06-30,2026-06-30,67000.00,PE,NIFTYNXT5026JUN67000PE,0.00,0.00,0.00,6320.25,0.00,6320.25,67123.30,2367.30,0,0,0,0.00,0,F1,25,,,,,
2026-04-13,2026-04-13,FO,NSE,IDO,81671,,NIFTYNXT50,,2026-06-30,2026-06-30,65600.00,PE,NIFTYNXT5026JUN65600PE,0.00,0.00,0.00,5259.90,0.00,5259.90,67123.30,1778.60,0,0,0,0.00,0,F1,25,,,,,
2026-04-13,2026-04-13,FO,NSE,IDO,81562,,NIFTYNXT50,,2026-06-30,2026-06-30,63300.00,PE,NIFTYNXT5026JUN63300PE,0.00,0.00,0.00,3711.75,0.00,3711.75,67123.30,1040.50,0,0,0,0.00,0,F1,25,,,,,
2026-04-13,2026-04-13,FO,NSE,IDO,74142,,NIFTYNXT50,,2026-04-28,2026-04-28,68600.00,CE,NIFTYNXT5026APR68600CE,0.00,0.00,0.00,2227.00,0.00,2227.00,67123.30,719.45,0,0,0,0.00,0,F1,25,,,,,
2026-04-13,2026-04-13,FO,NSE,IDO,74140,,NIFTYNXT50,,2026-04-28,2026-04-28,68500.00,CE,NIFTYNXT5026APR68500CE,0.00,0.00,0.00,2269.55,0.00,2269.55,67123.30,753.05,0,0,0,0.00,0,F1,25,,,,,
2026-04-13,2026-04-13,FO,NSE,IDO,74124,,NIFTYNXT50,,2026-04-28,2026-04-28,68100.00,CE,NIFTYNXT5026APR68100CE,0.00,0.00,0.00,2445.55,0.00,2445.55,67123.30,899.10,0,0,0,0.00,0,F1,25,,,,,
2026-04-13,2026-04-13,FO,NSE,IDO,74120,,NIFTYNXT50,,2026-04-28,2026-04-28,68000.00,CE,NIFTYNXT5026APR68000CE,759.95,975.00,730.30,863.85,859.00,950.00,67123.30,863.85,375,50,42,72283233.75,40,F1,25,,,,,
2026-04-13,2026-04-13,FO,NSE,IDO,73975,,NIFTYNXT50,,2026-04-28,2026-04-28,64400.00,CE,NIFTYNXT5026APR64400CE,0.00,0.00,0.00,4520.65,0.00,4520.65,67123.30,3169.05,0,0,0,0.00,0,F1,25,,,,,
2026-04-13,2026-04-13,FO,NSE,IDO,73915,,NIFTYNXT50,,2026-04-28,2026-04-28,62100.00,CE,NIFTYNXT5026APR62100CE,0.00,0.00,0.00,6198.65,0.00,6198.65,67123.30,5226.05,0,0,0,0.00,0,F1,25,,,,,
2026-04-13,2026-04-13,FO,NSE,IDO,73782,,NIFTYNXT50,,2026-04-28,2026-04-28,58800.00,CE,NIFTYNXT5026APR58800CE,0.00,0.00,0.00,9003.35,0.00,9003.35,67123.30,8465.30,0,0,0,0.00,0,F1,25,,,,,
2026-04-13,2026-04-13,FO,NSE,IDO,73776,,NIFTYNXT50,,2026-04-28,2026-04-28,58500.00,CE,NIFTYNXT5026APR58500CE,0.00,0.00,0.00,9275.50,0.00,9275.50,67123.30,8764.05,0,0,0,0.00,0,F1,25,,,,,
2026-04-13,2026-04-13,FO,NSE,IDO,73714,,NIFTYNXT50,,2026-04-28,2026-04-28,56900.00,CE,NIFTYNXT5026APR56900CE,0.00,0.00,0.00,10760.20,0.00,10760.20,67123.30,10359.15,0,0,0,0.00,0,F1,25,,,,,
2026-04-13,2026-04-13,FO,NSE,IDO,73700,,NIFTYNXT50,,2026-04-28,2026-04-28,56300.00,CE,NIFTYNXT5026APR56300CE,0.00,0.00,0.00,11328.55,0.00,11328.55,67123.30,10957.65,0,0,0,0.00,0,F1,25,,,,,
2026-04-13,2026-04-13,FO,NSE,IDO,73692,,NIFTYNXT50,,2026-04-28,2026-04-28,56100.00,CE,NIFTYNXT5026APR56100CE,0.00,0.00,0.00,11519.10,0.00,11519.10,67123.30,11157.15,0,0,0,0.00,0,F1,25,,,,,
2026-04-13,2026-04-13,FO,NSE,IDO,73539,,NIFTYNXT50,,2026-04-28,2026-04-28,55400.00,CE,NIFTYNXT5026APR55400CE,0.00,0.00,0.00,12189.80,0.00,12189.80,67123.30,11855.45,0,0,0,0.00,0,F1,25,,,,,
2026-04-13,2026-04-13,FO,NSE,IDO,41229,,NIFTYNXT50,,2026-04-28,2026-04-28,54400.00,CE,NIFTYNXT5026APR54400CE,0.00,0.00,0.00,12788.95,0.00,12788.95,67123.30,12853.05,0,0,0,0.00,0,F1,25,,,,,
2026-04-13,2026-04-13,FO,NSE,IDO,73853,,NIFTYNXT50,,2026-05-26,2026-05-26,69100.00,CE,NIFTYNXT5026MAY69100CE,0.00,0.00,0.00,3738.05,0.00,3738.05,67123.30,1495.50,0,0,0,0.00,0,F1,25,,,,,
2026-04-13,2026-04-13,FO,NSE,IDO,74390,,NIFTYNXT50,,2026-05-26,2026-05-26,73800.00,CE,NIFTYNXT5026MAY73800CE,0.00,0.00,0.00,1641.50,0.00,1641.50,67123.30,383.10,0,0,0,0.00,0,F1,25,,,,,
2026-04-13,2026-04-13,FO,NSE,IDO,80880,,NIFTYNXT50,,2026-06-30,2026-06-30,53000.00,CE,NIFTYNXT5026JUN53000CE,0.00,0.00,0.00,8562.60,0.00,8562.60,67123.30,14846.65,0,0,0,0.00,0,F1,25,,,,,
2026-04-13,2026-04-13,FO,NSE,IDO,80940,,NIFTYNXT50,,2026-06-30,2026-06-30,53900.00,CE,NIFTYNXT5026JUN53900CE,0.00,0.00,0.00,7780.30,0.00,7780.30,67123.30,13971.10,0,0,0,0.00,0,F1,25,,,,,
2026-04-13,2026-04-13,FO,NSE,IDO,80983,,NIFTYNXT50,,2026-06-30,2026-06-30,54800.00,CE,NIFTYNXT5026JUN54800CE,0.00,0.00,0.00,7026.05,0.00,7026.05,67123.30,13101.45,0,0,0,0.00,0,F1,25,,,,,
2026-04-13,2026-04-13,FO,NSE,IDO,81005,,NIFTYNXT50,,2026-06-30,2026-06-30,55100.00,CE,NIFTYNXT5026JUN55100CE,0.00,0.00,0.00,6781.65,0.00,6781.65,67123.30,12813.20,0,0,0,0.00,0,F1,25,,,,,
2026-04-13,2026-04-13,FO,NSE,IDO,81020,,NIFTYNXT50,,2026-06-30,2026-06-30,55700.00,CE,NIFTYNXT5026JUN55700CE,0.00,0.00,0.00,6304.10,0.00,6304.10,67123.30,12239.75,0,0,0,0.00,0,F1,25,,,,,
2026-04-13,2026-04-13,FO,NSE,IDO,81026,,NIFTYNXT50,,2026-06-30,2026-06-30,56000.00,CE,NIFTYNXT5026JUN56000CE,0.00,0.00,0.00,6071.30,0.00,6071.30,67123.30,11954.70,0,0,0,0.00,0,F1,25,,,,,
2026-04-13,2026-04-13,FO,NSE,IDO,81218,,NIFTYNXT50,,2026-06-30,2026-06-30,56700.00,CE,NIFTYNXT5026JUN56700CE,0.00,0.00,0.00,5544.60,0.00,5544.60,67123.30,11294.60,0,0,0,0.00,0,F1,25,,,,,
2026-04-13,2026-04-13,FO,NSE,IDO,81220,,NIFTYNXT50,,2026-06-30,2026-06-30,56800.00,CE,NIFTYNXT5026JUN56800CE,0.00,0.00,0.00,5473.50,0.00,5473.50,67123.30,11200.95,0,0,0,0.00,0,F1,25,,,,,
2026-04-13,2026-04-13,FO,NSE,IDO,81224,,NIFTYNXT50,,2026-06-30,2026-06-30,57000.00,CE,NIFTYNXT5026JUN57000CE,0.00,0.00,0.00,5328.15,0.00,5328.15,67123.30,11014.15,0,0,0,0.00,0,F1,25,,,,,
2026-04-13,2026-04-13,FO,NSE,IDO,81255,,NIFTYNXT50,,2026-06-30,2026-06-30,57900.00,CE,NIFTYNXT5026JUN57900CE,0.00,0.00,0.00,4698.05,0.00,4698.05,67123.30,10183.00,0,0,0,0.00,0,F1,25,,,,,
2026-04-13,2026-04-13,FO,NSE,IDO,81306,,NIFTYNXT50,,2026-06-30,2026-06-30,58800.00,CE,NIFTYNXT5026JUN58800CE,0.00,0.00,0.00,4115.05,0.00,4115.05,67123.30,9369.80,0,0,0,0.00,0,F1,25,,,,,
2026-04-13,2026-04-13,FO,NSE,IDO,81377,,NIFTYNXT50,,2026-06-30,2026-06-30,61200.00,CE,NIFTYNXT5026JUN61200CE,0.00,0.00,0.00,2786.65,0.00,2786.65,67123.30,7316.65,0,0,0,0.00,0,F1,25,,,,,
2026-04-13,2026-04-13,FO,NSE,IDO,81427,,NIFTYNXT50,,2026-06-30,2026-06-30,62000.00,CE,NIFTYNXT5026JUN62000CE,0.00,0.00,0.00,2418.00,0.00,2418.00,67123.30,6678.40,0,0,0,0.00,0,F1,25,,,,,
2026-04-13,2026-04-13,FO,NSE,IDO,81501,,NIFTYNXT50,,2026-06-30,2026-06-30,62300.00,CE,NIFTYNXT5026JUN62300CE,0.00,0.00,0.00,2289.10,0.00,2289.10,67123.30,6445.90,0,0,0,0.00,0,F1,25,,,,,
2026-04-13,2026-04-13,FO,NSE,IDO,81505,,NIFTYNXT50,,2026-06-30,2026-06-30,62500.00,CE,NIFTYNXT5026JUN62500CE,0.00,0.00,0.00,2206.00,0.00,2206.00,67123.30,6293.10,0,0,0,0.00,0,F1,25,,,,,
2026-04-13,2026-04-13,FO,NSE,IDO,81507,,NIFTYNXT50,,2026-06-30,2026-06-30,62600.00,CE,NIFTYNXT5026JUN62600CE,0.00,0.00,0.00,2165.25,0.00,2165.25,67123.30,6217.40,0,0,0,0.00,0,F1,25,,,,,
2026-04-13,2026-04-13,FO,NSE,IDO,81509,,NIFTYNXT50,,2026-06-30,2026-06-30,62700.00,CE,NIFTYNXT5026JUN62700CE,0.00,0.00,0.00,2125.10,0.00,2125.10,67123.30,6142.10,0,0,0,0.00,0,F1,25,,,,,
2026-04-13,2026-04-13,FO,NSE,IDO,81662,,NIFTYNXT50,,2026-06-30,2026-06-30,65200.00,CE,NIFTYNXT5026JUN65200CE,0.00,0.00,0.00,1290.25,0.00,1290.25,67123.30,4416.80,0,0,0,0.00,0,F1,25,,,,,
2026-04-13,2026-04-13,FO,NSE,IDO,81668,,NIFTYNXT50,,2026-06-30,2026-06-30,65500.00,CE,NIFTYNXT5026JUN65500CE,0.00,0.00,0.00,1210.50,0.00,1210.50,67123.30,4231.55,0,0,0,0.00,0,F1,25,,,,,
2026-04-13,2026-04-13,FO,NSE,IDO,81798,,NIFTYNXT50,,2026-06-30,2026-06-30,68500.00,CE,NIFTYNXT5026JUN68500CE,0.00,0.00,0.00,612.35,0.00,612.35,67123.30,2646.95,0,0,0,0.00,0,F1,25,,,,,
2026-04-13,2026-04-13,FO,NSE,IDO,81898,,NIFTYNXT50,,2026-06-30,2026-06-30,69700.00,CE,NIFTYNXT5026JUN69700CE,0.00,0.00,0.00,455.60,0.00,455.60,67123.30,2148.65,0,0,0,0.00,0,F1,25,,,,,
2026-04-13,2026-04-13,FO,NSE,IDO,81910,,NIFTYNXT50,,2026-06-30,2026-06-30,70000.00,CE,NIFTYNXT5026JUN70000CE,0.00,0.00,0.00,422.25,0.00,422.25,67123.30,2035.65,0,0,0,0.00,0,F1,25,,,,,
2026-04-13,2026-04-13,FO,NSE,IDO,73489,,NIFTYNXT50,,2026-04-28,2026-04-28,53000.00,CE,NIFTYNXT5026APR53000CE,0.00,0.00,0.00,14520.05,0.00,14520.05,67123.30,14249.70,0,0,0,0.00,0,F1,25,,,,,
2026-04-13,2026-04-13,FO,NSE,IDO,82046,,NIFTYNXT50,,2026-06-30,2026-06-30,75500.00,CE,NIFTYNXT5026JUN75500CE,0.00,0.00,0.00,91.80,0.00,91.80,67123.30,663.75,0,0,0,0.00,0,F1,25,,,,,
2026-04-13,2026-04-13,FO,NSE,IDO,82089,,NIFTYNXT50,,2026-06-30,2026-06-30,77000.00,CE,NIFTYNXT5026JUN77000CE,0.00,0.00,0.00,58.05,0.00,58.05,67123.30,468.60,0,0,0,0.00,0,F1,25,,,,,
2026-04-13,2026-04-13,FO,NSE,IDO,73484,,NIFTYNXT50,,2026-04-28,2026-04-28,51500.00,PE,NIFTYNXT5026APR51500PE,0.00,0.00,0.00,4.60,0.00,4.60,67123.30,0.00,0,0,0,0.00,0,F1,25,,,,,
2026-04-13,2026-04-13,FO,NSE,IDO,59610,,NIFTYNXT50,,2026-04-28,2026-04-28,53900.00,PE,NIFTYNXT5026APR53900PE,0.00,0.00,0.00,5.20,0.00,5.20,67123.30,0.00,0,0,0,0.00,0,F1,25,,,,,
2026-04-13,2026-04-13,FO,NSE,IDO,73496,,NIFTYNXT50,,2026-04-28,2026-04-28,54500.00,PE,NIFTYNXT5026APR54500PE,0.00,0.00,0.00,28.00,0.00,28.00,67123.30,0.00,0,0,0,0.00,0,F1,25,,,,,
2026-04-13,2026-04-13,FO,NSE,IDO,73672,,NIFTYNXT50,,2026-04-28,2026-04-28,55600.00,PE,NIFTYNXT5026APR55600PE,0.00,0.00,0.00,49.60,0.00,49.60,67123.30,0.05,0,0,0,0.00,0,F1,25,,,,,
2026-04-13,2026-04-13,FO,NSE,IDO,73765,,NIFTYNXT50,,2026-04-28,2026-04-28,58000.00,PE,NIFTYNXT5026APR58000PE,0.00,0.00,0.00,149.10,0.00,149.10,67123.30,0.65,0,0,0,0.00,0,F1,25,,,,,
2026-04-13,2026-04-13,FO,NSE,IDO,73769,,NIFTYNXT50,,2026-04-28,2026-04-28,58200.00,PE,NIFTYNXT5026APR58200PE,0.00,0.00,0.00,162.00,0.00,162.00,67123.30,0.85,0,0,0,0.00,0,F1,25,,,,,
2026-04-13,2026-04-13,FO,NSE,IDO,73781,,NIFTYNXT50,,2026-04-28,2026-04-28,58700.00,PE,NIFTYNXT5026APR58700PE,0.00,0.00,0.00,198.35,0.00,198.35,67123.30,1.60,0,0,0,0.00,0,F1,25,,,,,
2026-04-13,2026-04-13,FO,NSE,IDO,73813,,NIFTYNXT50,,2026-04-28,2026-04-28,60000.00,PE,NIFTYNXT5026APR60000PE,0.00,0.00,0.00,324.25,0.00,324.25,67123.30,7.25,0,0,0,0.00,0,F1,25,,,,,
2026-04-13,2026-04-13,FO,NSE,IDO,73920,,NIFTYNXT50,,2026-04-28,2026-04-28,62100.00,PE,NIFTYNXT5026APR62100PE,0.00,0.00,0.00,651.10,0.00,651.10,67123.30,54.65,0,0,0,0.00,0,F1,25,,,,,
2026-04-13,2026-04-13,FO,NSE,IDO,73936,,NIFTYNXT50,,2026-04-28,2026-04-28,62700.00,PE,NIFTYNXT5026APR62700PE,0.00,0.00,0.00,1538.00,1538.00,1538.00,67123.30,89.05,200,0,0,0.00,0,F1,25,,,,,
2026-04-13,2026-04-13,FO,NSE,IDO,73948,,NIFTYNXT50,,2026-04-28,2026-04-28,63300.00,PE,NIFTYNXT5026APR63300PE,0.00,0.00,0.00,926.30,0.00,926.30,67123.30,139.80,0,0,0,0.00,0,F1,25,,,,,
2026-04-13,2026-04-13,FO,NSE,IDO,74016,,NIFTYNXT50,,2026-04-28,2026-04-28,65600.00,PE,NIFTYNXT5026APR65600PE,0.00,0.00,0.00,1658.40,0.00,1658.40,67123.30,578.30,0,0,0,0.00,0,F1,25,,,,,
2026-04-13,2026-04-13,FO,NSE,IDO,74032,,NIFTYNXT50,,2026-04-28,2026-04-28,66300.00,PE,NIFTYNXT5026APR66300PE,0.00,0.00,0.00,1942.45,0.00,1942.45,67123.30,818.40,0,0,0,0.00,0,F1,25,,,,,
2026-04-13,2026-04-13,FO,NSE,IDO,74085,,NIFTYNXT50,,2026-04-28,2026-04-28,67700.00,PE,NIFTYNXT5026APR67700PE,0.00,0.00,0.00,2597.55,0.00,2597.55,67123.30,1479.50,0,0,0,0.00,0,F1,25,,,,,
2026-04-13,2026-04-13,FO,NSE,IDO,74139,,NIFTYNXT50,,2026-04-28,2026-04-28,68400.00,PE,NIFTYNXT5026APR68400PE,0.00,0.00,0.00,2968.65,0.00,2968.65,67123.30,1901.40,0,0,0,0.00,0,F1,25,,,,,
2026-04-13,2026-04-13,FO,NSE,IDO,74206,,NIFTYNXT50,,2026-04-28,2026-04-28,70400.00,PE,NIFTYNXT5026APR70400PE,0.00,0.00,0.00,4181.75,0.00,4181.75,67123.30,3396.80,0,0,0,0.00,0,F1,25,,,,,
2026-04-13,2026-04-13,FO,NSE,IDO,74273,,NIFTYNXT50,,2026-04-28,2026-04-28,71500.00,PE,NIFTYNXT5026APR71500PE,0.00,0.00,0.00,4938.45,0.00,4938.45,67123.30,4356.35,0,0,0,0.00,0,F1,25,,,,,
2026-04-13,2026-04-13,FO,NSE,IDO,74315,,NIFTYNXT50,,2026-04-28,2026-04-28,73400.00,PE,NIFTYNXT5026APR73400PE,0.00,0.00,0.00,6376.20,0.00,6376.20,67123.30,6142.90,0,0,0,0.00,0,F1,25,,,,,
2026-04-13,2026-04-13,FO,NSE,IDO,73120,,NIFTYNXT50,,2026-05-26,2026-05-26,53000.00,PE,NIFTYNXT5026MAY53000PE,0.00,0.00,0.00,2.95,0.00,2.95,67123.30,1.45,0,0,0,0.00,0,F1,25,,,,,
2026-04-13,2026-04-13,FO,NSE,IDO,49895,,NIFTYNXT50,,2026-05-26,2026-05-26,54200.00,PE,NIFTYNXT5026MAY54200PE,0.00,0.00,0.00,23.50,0.00,23.50,67123.30,3.90,0,0,0,0.00,0,F1,25,,,,,
2026-04-13,2026-04-13,FO,NSE,IDO,43943,,NIFTYNXT50,,2026-05-26,2026-05-26,56300.00,PE,NIFTYNXT5026MAY56300PE,0.00,0.00,0.00,60.45,0.00,60.45,67123.30,17.70,0,0,0,0.00,0,F1,25,,,,,
2026-04-13,2026-04-13,FO,NSE,IDO,41300,,NIFTYNXT50,,2026-05-26,2026-05-26,56900.00,PE,NIFTYNXT5026MAY56900PE,0.00,0.00,0.00,36.35,0.00,36.35,67123.30,26.10,0,0,0,0.00,0,F1,25,,,,,
2026-04-13,2026-04-13,FO,NSE,IDO,73354,,NIFTYNXT50,,2026-05-26,2026-05-26,59900.00,PE,NIFTYNXT5026MAY59900PE,0.00,0.00,0.00,117.25,0.00,117.25,67123.30,139.70,0,0,0,0.00,0,F1,25,,,,,
2026-04-13,2026-04-13,FO,NSE,IDO,73388,,NIFTYNXT50,,2026-05-26,2026-05-26,60700.00,PE,NIFTYNXT5026MAY60700PE,0.00,0.00,0.00,162.15,0.00,162.15,67123.30,204.05,0,0,0,0.00,0,F1,25,,,,,
2026-04-13,2026-04-13,FO,NSE,IDO,73392,,NIFTYNXT50,,2026-05-26,2026-05-26,60900.00,PE,NIFTYNXT5026MAY60900PE,0.00,0.00,0.00,175.30,0.00,175.30,67123.30,223.40,0,0,0,0.00,0,F1,25,,,,,
2026-04-13,2026-04-13,FO,NSE,IDO,73408,,NIFTYNXT50,,2026-05-26,2026-05-26,61500.00,PE,NIFTYNXT5026MAY61500PE,0.00,0.00,0.00,220.20,0.00,220.20,67123.30,290.45,0,0,0,0.00,0,F1,25,,,,,
2026-04-13,2026-04-13,FO,NSE,IDO,73458,,NIFTYNXT50,,2026-05-26,2026-05-26,63100.00,PE,NIFTYNXT5026MAY63100PE,0.00,0.00,0.00,386.10,0.00,386.10,67123.30,547.70,0,0,0,0.00,0,F1,25,,,,,
2026-04-13,2026-04-13,FO,NSE,IDO,74051,,NIFTYNXT50,,2026-04-28,2026-04-28,67100.00,PE,NIFTYNXT5026APR67100PE,0.00,0.00,0.00,2302.65,0.00,2302.65,67123.30,1166.15,0,0,0,0.00,0,F1,25,,,,,
2026-04-13,2026-04-13,FO,NSE,IDO,74049,,NIFTYNXT50,,2026-04-28,2026-04-28,67000.00,PE,NIFTYNXT5026APR67000PE,0.00,0.00,0.00,880.00,860.00,880.00,67123.30,1118.30,150,0,0,0.00,0,F1,25,,,,,
2026-04-13,2026-04-13,FO,NSE,IDO,73997,,NIFTYNXT50,,2026-04-28,2026-04-28,65100.00,PE,NIFTYNXT5026APR65100PE,0.00,0.00,0.00,1473.15,0.00,1473.15,67123.30,441.60,0,0,0,0.00,0,F1,25,,,,,
2026-04-13,2026-04-13,FO,NSE,IDO,73991,,NIFTYNXT50,,2026-04-28,2026-04-28,64900.00,PE,NIFTYNXT5026APR64900PE,0.00,0.00,0.00,1403.05,0.00,1403.05,67123.30,394.05,0,0,0,0.00,0,F1,25,,,,,
2026-04-13,2026-04-13,FO,NSE,IDO,73968,,NIFTYNXT50,,2026-04-28,2026-04-28,64100.00,PE,NIFTYNXT5026APR64100PE,0.00,0.00,0.00,1145.45,0.00,1145.45,67123.30,241.60,0,0,0,0.00,0,F1,25,,,,,
2026-04-13,2026-04-13,FO,NSE,IDO,73958,,NIFTYNXT50,,2026-04-28,2026-04-28,63800.00,PE,NIFTYNXT5026APR63800PE,0.00,0.00,0.00,1058.00,0.00,1058.00,67123.30,198.15,0,0,0,0.00,0,F1,25,,,,,
2026-04-13,2026-04-13,FO,NSE,IDO,73932,,NIFTYNXT50,,2026-04-28,2026-04-28,62500.00,PE,NIFTYNXT5026APR62500PE,0.00,0.00,0.00,734.35,0.00,734.35,67123.30,76.00,0,0,0,0.00,0,F1,25,,,,,
2026-04-13,2026-04-13,FO,NSE,IDO,73811,,NIFTYNXT50,,2026-04-28,2026-04-28,59900.00,PE,NIFTYNXT5026APR59900PE,0.00,0.00,0.00,312.75,0.00,312.75,67123.30,6.50,0,0,0,0.00,0,F1,25,,,,,
2026-04-13,2026-04-13,FO,NSE,IDO,73801,,NIFTYNXT50,,2026-04-28,2026-04-28,59500.00,PE,NIFTYNXT5026APR59500PE,0.00,0.00,0.00,269.95,0.00,269.95,67123.30,4.15,0,0,0,0.00,0,F1,25,,,,,
2026-04-13,2026-04-13,FO,NSE,IDO,73759,,NIFTYNXT50,,2026-04-28,2026-04-28,57800.00,PE,NIFTYNXT5026APR57800PE,0.00,0.00,0.00,137.05,0.00,137.05,67123.30,0.50,0,0,0,0.00,0,F1,25,,,,,
2026-04-13,2026-04-13,FO,NSE,IDO,73701,,NIFTYNXT50,,2026-04-28,2026-04-28,56300.00,PE,NIFTYNXT5026APR56300PE,0.00,0.00,0.00,69.80,0.00,69.80,67123.30,0.05,0,0,0,0.00,0,F1,25,,,,,
2026-04-13,2026-04-13,FO,NSE,IDO,73679,,NIFTYNXT50,,2026-04-28,2026-04-28,55900.00,PE,NIFTYNXT5026APR55900PE,0.00,0.00,0.00,57.55,0.00,57.55,67123.30,0.05,0,0,0,0.00,0,F1,25,,,,,
2026-04-13,2026-04-13,FO,NSE,IDO,73546,,NIFTYNXT50,,2026-04-28,2026-04-28,55500.00,PE,NIFTYNXT5026APR55500PE,0.00,0.00,0.00,47.20,0.00,47.20,67123.30,0.05,0,0,0,0.00,0,F1,25,,,,,
2026-04-13,2026-04-13,FO,NSE,IDO,73516,,NIFTYNXT50,,2026-04-28,2026-04-28,55300.00,PE,NIFTYNXT5026APR55300PE,0.00,0.00,0.00,42.65,0.00,42.65,67123.30,0.05,0,0,0,0.00,0,F1,25,,,,,
2026-04-13,2026-04-13,FO,NSE,IDO,49883,,NIFTYNXT50,,2026-04-28,2026-04-28,54100.00,PE,NIFTYNXT5026APR54100PE,0.00,0.00,0.00,3.80,0.00,3.80,67123.30,0.00,0,0,0,0.00,0,F1,25,,,,,
2026-04-13,2026-04-13,FO,NSE,IDO,35290,,NIFTYNXT50,,2026-06-30,2026-06-30,73400.00,CE,NIFTYNXT5026JUN73400CE,0.00,0.00,0.00,292.65,0.00,292.65,67123.30,1051.10,0,0,0,0.00,0,F1,25,,,,,
2026-04-13,2026-04-13,FO,NSE,IDO,82032,,NIFTYNXT50,,2026-06-30,2026-06-30,73000.00,CE,NIFTYNXT5026JUN73000CE,0.00,0.00,0.00,189.40,0.00,189.40,67123.30,1141.35,0,0,0,0.00,0,F1,25,,,,,
2026-04-13,2026-04-13,FO,NSE,IDO,35268,,NIFTYNXT50,,2026-06-30,2026-06-30,72600.00,CE,NIFTYNXT5026JUN72600CE,0.00,0.00,0.00,359.25,0.00,359.25,67123.30,1234.95,0,0,0,0.00,0,F1,25,,,,,
2026-04-13,2026-04-13,FO,NSE,IDO,82000,,NIFTYNXT50,,2026-06-30,2026-06-30,71700.00,CE,NIFTYNXT5026JUN71700CE,0.00,0.00,0.00,270.60,0.00,270.60,67123.30,1477.60,0,0,0,0.00,0,F1,25,,,,,
2026-04-13,2026-04-13,FO,NSE,IDO,81777,,NIFTYNXT50,,2026-06-30,2026-06-30,67500.00,CE,NIFTYNXT5026JUN67500CE,0.00,0.00,0.00,775.75,0.00,775.75,67123.30,3120.90,0,0,0,0.00,0,F1,25,,,,,
2026-04-13,2026-04-13,FO,NSE,IDO,81626,,NIFTYNXT50,,2026-06-30,2026-06-30,64400.00,CE,NIFTYNXT5026JUN64400CE,0.00,0.00,0.00,1523.40,0.00,1523.40,67123.30,4934.15,0,0,0,0.00,0,F1,25,,,,,
2026-04-13,2026-04-13,FO,NSE,IDO,81545,,NIFTYNXT50,,2026-06-30,2026-06-30,63100.00,CE,NIFTYNXT5026JUN63100CE,0.00,0.00,0.00,1969.85,0.00,1969.85,67123.30,5848.00,0,0,0,0.00,0,F1,25,,,,,
2026-04-13,2026-04-13,FO,NSE,IDO,81214,,NIFTYNXT50,,2026-06-30,2026-06-30,56500.00,CE,NIFTYNXT5026JUN56500CE,0.00,0.00,0.00,5692.65,0.00,5692.65,67123.30,11482.45,0,0,0,0.00,0,F1,25,,,,,
2026-04-13,2026-04-13,FO,NSE,IDO,80999,,NIFTYNXT50,,2026-06-30,2026-06-30,55000.00,CE,NIFTYNXT5026JUN55000CE,0.00,0.00,0.00,6862.70,0.00,6862.70,67123.30,12909.20,0,0,0,0.00,0,F1,25,,,,,
2026-04-13,2026-04-13,FO,NSE,IDO,80743,,NIFTYNXT50,,2026-06-30,2026-06-30,50500.00,CE,NIFTYNXT5026JUN50500CE,0.00,0.00,0.00,10847.95,0.00,10847.95,67123.30,17297.25,0,0,0,0.00,0,F1,25,,,,,
2026-04-13,2026-04-13,FO,NSE,IDO,74631,,NIFTYNXT50,,2026-05-26,2026-05-26,79000.00,CE,NIFTYNXT5026MAY79000CE,0.00,0.00,0.00,524.40,0.00,524.40,67123.30,55.15,0,0,0,0.00,0,F1,25,,,,,
2026-04-13,2026-04-13,FO,NSE,IDO,74385,,NIFTYNXT50,,2026-05-26,2026-05-26,73600.00,CE,NIFTYNXT5026MAY73600CE,0.00,0.00,0.00,1707.00,0.00,1707.00,67123.30,409.05,0,0,0,0.00,0,F1,25,,,,,
2026-04-13,2026-04-13,FO,NSE,IDO,74003,,NIFTYNXT50,,2026-05-26,2026-05-26,72200.00,CE,NIFTYNXT5026MAY72200CE,0.00,0.00,0.00,2221.65,0.00,2221.65,67123.30,635.20,0,0,0,0.00,0,F1,25,,,,,
2026-04-13,2026-04-13,FO,NSE,IDO,73908,,NIFTYNXT50,,2026-05-26,2026-05-26,71600.00,CE,NIFTYNXT5026MAY71600CE,0.00,0.00,0.00,2473.65,0.00,2473.65,67123.30,759.30,0,0,0,0.00,0,F1,25,,,,,
2026-04-13,2026-04-13,FO,NSE,IDO,73900,,NIFTYNXT50,,2026-05-26,2026-05-26,71200.00,CE,NIFTYNXT5026MAY71200CE,0.00,0.00,0.00,2652.55,0.00,2652.55,67123.30,854.55,0,0,0,0.00,0,F1,25,,,,,
2026-04-13,2026-04-13,FO,NSE,IDO,73872,,NIFTYNXT50,,2026-05-26,2026-05-26,69800.00,CE,NIFTYNXT5026MAY69800CE,0.00,0.00,0.00,3348.90,0.00,3348.90,67123.30,1249.80,0,0,0,0.00,0,F1,25,,,,,
2026-04-13,2026-04-13,FO,NSE,IDO,73794,,NIFTYNXT50,,2026-05-26,2026-05-26,68600.00,CE,NIFTYNXT5026MAY68600CE,0.00,0.00,0.00,4032.75,0.00,4032.75,67123.30,1691.50,0,0,0,0.00,0,F1,25,,,,,
2026-04-13,2026-04-13,FO,NSE,IDO,73629,,NIFTYNXT50,,2026-05-26,2026-05-26,66700.00,CE,NIFTYNXT5026MAY66700CE,0.00,0.00,0.00,5279.00,0.00,5279.00,67123.30,2601.00,0,0,0,0.00,0,F1,25,,,,,
2026-04-13,2026-04-13,FO,NSE,IDO,73621,,NIFTYNXT50,,2026-05-26,2026-05-26,66300.00,CE,NIFTYNXT5026MAY66300CE,0.00,0.00,0.00,5565.15,0.00,5565.15,67123.30,2826.35,0,0,0,0.00,0,F1,25,,,,,
2026-04-13,2026-04-13,FO,NSE,IDO,81544,,NIFTYNXT50,,2026-06-30,2026-06-30,63000.00,PE,NIFTYNXT5026JUN63000PE,0.00,0.00,0.00,3529.50,0.00,3529.50,67123.30,961.20,0,0,0,0.00,0,F1,25,,,,,
2026-04-13,2026-04-13,FO,NSE,IDO,81346,,NIFTYNXT50,,2026-06-30,2026-06-30,59800.00,PE,NIFTYNXT5026JUN59800PE,0.00,0.00,0.00,1900.05,0.00,1900.05,67123.30,376.25,0,0,0,0.00,0,F1,25,,,,,
2026-04-13,2026-04-13,FO,NSE,IDO,81334,,NIFTYNXT50,,2026-06-30,2026-06-30,59400.00,PE,NIFTYNXT5026JUN59400PE,0.00,0.00,0.00,1737.90,0.00,1737.90,67123.30,329.30,0,0,0,0.00,0,F1,25,,,,,
2026-04-13,2026-04-13,FO,NSE,IDO,81307,,NIFTYNXT50,,2026-06-30,2026-06-30,58800.00,PE,NIFTYNXT5026JUN58800PE,0.00,0.00,0.00,1511.95,0.00,1511.95,67123.30,267.60,0,0,0,0.00,0,F1,25,,,,,
2026-04-13,2026-04-13,FO,NSE,IDO,81297,,NIFTYNXT50,,2026-06-30,2026-06-30,58600.00,PE,NIFTYNXT5026JUN58600PE,0.00,0.00,0.00,1441.20,0.00,1441.20,67123.30,249.25,0,0,0,0.00,0,F1,25,,,,,
2026-04-13,2026-04-13,FO,NSE,IDO,81240,,NIFTYNXT50,,2026-06-30,2026-06-30,57400.00,PE,NIFTYNXT5026JUN57400PE,0.00,0.00,0.00,1065.65,0.00,1065.65,67123.30,159.10,0,0,0,0.00,0,F1,25,,,,,
2026-04-13,2026-04-13,FO,NSE,IDO,81006,,NIFTYNXT50,,2026-06-30,2026-06-30,55100.00,PE,NIFTYNXT5026JUN55100PE,0.00,0.00,0.00,544.85,0.00,544.85,67123.30,60.05,0,0,0,0.00,0,F1,25,,,,,
2026-04-13,2026-04-13,FO,NSE,IDO,80992,,NIFTYNXT50,,2026-06-30,2026-06-30,54800.00,PE,NIFTYNXT5026JUN54800PE,0.00,0.00,0.00,494.65,0.00,494.65,67123.30,52.25,0,0,0,0.00,0,F1,25,,,,,
2026-04-13,2026-04-13,FO,NSE,IDO,74667,,NIFTYNXT50,,2026-05-26,2026-05-26,80500.00,PE,NIFTYNXT5026MAY80500PE,0.00,0.00,0.00,9756.80,0.00,9756.80,67123.30,12816.20,0,0,0,0.00,0,F1,25,,,,,
2026-04-13,2026-04-13,FO,NSE,IDO,74384,,NIFTYNXT50,,2026-05-26,2026-05-26,73500.00,PE,NIFTYNXT5026MAY73500PE,0.00,0.00,0.00,4251.65,0.00,4251.65,67123.30,6260.95,0,0,0,0.00,0,F1,25,,,,,
2026-04-13,2026-04-13,FO,NSE,IDO,74067,,NIFTYNXT50,,2026-05-26,2026-05-26,73100.00,PE,NIFTYNXT5026MAY73100PE,0.00,0.00,0.00,3997.10,0.00,3997.10,67123.30,5921.80,0,0,0,0.00,0,F1,25,,,,,
2026-04-13,2026-04-13,FO,NSE,IDO,74005,,NIFTYNXT50,,2026-05-26,2026-05-26,72200.00,PE,NIFTYNXT5026MAY72200PE,0.00,0.00,0.00,3454.25,0.00,3454.25,67123.30,5183.10,0,0,0,0.00,0,F1,25,,,,,
2026-04-13,2026-04-13,FO,NSE,IDO,73903,,NIFTYNXT50,,2026-05-26,2026-05-26,71300.00,PE,NIFTYNXT5026MAY71300PE,0.00,0.00,0.00,2954.45,0.00,2954.45,67123.30,4485.15,0,0,0,0.00,0,F1,25,,,,,
2026-04-13,2026-04-13,FO,NSE,IDO,73885,,NIFTYNXT50,,2026-05-26,2026-05-26,70400.00,PE,NIFTYNXT5026MAY70400PE,0.00,0.00,0.00,2499.45,0.00,2499.45,67123.30,3825.60,0,0,0,0.00,0,F1,25,,,,,
2026-04-13,2026-04-13,FO,NSE,IDO,73883,,NIFTYNXT50,,2026-05-26,2026-05-26,70300.00,PE,NIFTYNXT5026MAY70300PE,0.00,0.00,0.00,2451.65,0.00,2451.65,67123.30,3755.65,0,0,0,0.00,0,F1,25,,,,,
2026-04-13,2026-04-13,FO,NSE,IDO,73879,,NIFTYNXT50,,2026-05-26,2026-05-26,70100.00,PE,NIFTYNXT5026MAY70100PE,0.00,0.00,0.00,2357.70,0.00,2357.70,67123.30,3617.60,0,0,0,0.00,0,F1,25,,,,,
2026-04-13,2026-04-13,FO,NSE,IDO,73859,,NIFTYNXT50,,2026-05-26,2026-05-26,69300.00,PE,NIFTYNXT5026MAY69300PE,0.00,0.00,0.00,2004.45,0.00,2004.45,67123.30,3091.10,0,0,0,0.00,0,F1,25,,,,,
2026-04-13,2026-04-13,FO,NSE,IDO,73805,,NIFTYNXT50,,2026-05-26,2026-05-26,68600.00,PE,NIFTYNXT5026MAY68600PE,0.00,0.00,0.00,1724.65,0.00,1724.65,67123.30,2665.75,0,0,0,0.00,0,F1,25,,,,,
2026-04-13,2026-04-13,FO,NSE,IDO,73703,,NIFTYNXT50,,2026-05-26,2026-05-26,68000.00,PE,NIFTYNXT5026MAY68000PE,0.00,0.00,0.00,1506.35,0.00,1506.35,67123.30,2328.75,0,0,0,0.00,0,F1,25,,,,,
2026-04-13,2026-04-13,FO,NSE,IDO,73696,,NIFTYNXT50,,2026-05-26,2026-05-26,67900.00,PE,NIFTYNXT5026MAY67900PE,0.00,0.00,0.00,1471.85,0.00,1471.85,67123.30,2275.10,0,0,0,0.00,0,F1,25,,,,,
2026-04-13,2026-04-13,FO,NSE,IDO,73661,,NIFTYNXT50,,2026-05-26,2026-05-26,67700.00,PE,NIFTYNXT5026MAY67700PE,0.00,0.00,0.00,1404.50,0.00,1404.50,67123.30,2170.00,0,0,0,0.00,0,F1,25,,,,,
2026-04-13,2026-04-13,FO,NSE,IDO,73628,,NIFTYNXT50,,2026-05-26,2026-05-26,66600.00,PE,NIFTYNXT5026MAY66600PE,0.00,0.00,0.00,1074.60,0.00,1074.60,67123.30,1645.10,0,0,0,0.00,0,F1,25,,,,,
2026-04-13,2026-04-13,FO,NSE,IDO,73612,,NIFTYNXT50,,2026-05-26,2026-05-26,66100.00,PE,NIFTYNXT5026MAY66100PE,0.00,0.00,0.00,944.25,0.00,944.25,67123.30,1436.00,0,0,0,0.00,0,F1,25,,,,,
2026-04-13,2026-04-13,FO,NSE,IDO,73580,,NIFTYNXT50,,2026-05-26,2026-05-26,65500.00,PE,NIFTYNXT5026MAY65500PE,0.00,0.00,0.00,800.10,0.00,800.10,67123.30,1209.10,0,0,0,0.00,0,F1,25,,,,,
2026-04-13,2026-04-13,FO,NSE,IDO,73568,,NIFTYNXT50,,2026-05-26,2026-05-26,65000.00,PE,NIFTYNXT5026MAY65000PE,0.00,0.00,0.00,694.65,0.00,694.65,67123.30,1039.65,0,0,0,0.00,0,F1,25,,,,,
2026-04-13,2026-04-13,FO,NSE,IDO,73526,,NIFTYNXT50,,2026-05-26,2026-05-26,63700.00,PE,NIFTYNXT5026MAY63700PE,0.00,0.00,0.00,468.95,0.00,468.95,67123.30,679.00,0,0,0,0.00,0,F1,25,,,,,
2026-04-13,2026-04-13,FO,NSE,IDO,73453,,NIFTYNXT50,,2026-05-26,2026-05-26,63000.00,PE,NIFTYNXT5026MAY63000PE,0.00,0.00,0.00,373.50,0.00,373.50,67123.30,527.80,0,0,0,0.00,0,F1,25,,,,,
2026-04-13,2026-04-13,FO,NSE,IDO,73451,,NIFTYNXT50,,2026-05-26,2026-05-26,62900.00,PE,NIFTYNXT5026MAY62900PE,0.00,0.00,0.00,361.20,0.00,361.20,67123.30,508.45,0,0,0,0.00,0,F1,25,,,,,
2026-04-13,2026-04-13,FO,NSE,IDO,73416,,NIFTYNXT50,,2026-05-26,2026-05-26,61700.00,PE,NIFTYNXT5026MAY61700PE,0.00,0.00,0.00,237.05,0.00,237.05,67123.30,316.05,0,0,0,0.00,0,F1,25,,,,,
2026-04-13,2026-04-13,FO,NSE,IDO,73374,,NIFTYNXT50,,2026-05-26,2026-05-26,60100.00,PE,NIFTYNXT5026MAY60100PE,0.00,0.00,0.00,127.35,0.00,127.35,67123.30,153.95,0,0,0,0.00,0,F1,25,,,,,
2026-04-13,2026-04-13,FO,NSE,IDO,73302,,NIFTYNXT50,,2026-05-26,2026-05-26,58900.00,PE,NIFTYNXT5026MAY58900PE,0.00,0.00,0.00,76.15,0.00,76.15,67123.30,83.70,0,0,0,0.00,0,F1,25,,,,,
2026-04-13,2026-04-13,FO,NSE,IDO,43941,,NIFTYNXT50,,2026-05-26,2026-05-26,56200.00,PE,NIFTYNXT5026MAY56200PE,0.00,0.00,0.00,57.55,0.00,57.55,67123.30,16.55,0,0,0,0.00,0,F1,25,,,,,
2026-04-13,2026-04-13,FO,NSE,IDO,74583,,NIFTYNXT50,,2026-04-28,2026-04-28,79500.00,PE,NIFTYNXT5026APR79500PE,0.00,0.00,0.00,11740.60,0.00,11740.60,67123.30,12187.30,0,0,0,0.00,0,F1,25,,,,,
2026-04-13,2026-04-13,FO,NSE,IDO,74331,,NIFTYNXT50,,2026-04-28,2026-04-28,74200.00,PE,NIFTYNXT5026APR74200PE,0.00,0.00,0.00,7023.35,0.00,7023.35,67123.30,6922.25,0,0,0,0.00,0,F1,25,,,,,
2026-04-13,2026-04-13,FO,NSE,IDO,74317,,NIFTYNXT50,,2026-04-28,2026-04-28,73500.00,PE,NIFTYNXT5026APR73500PE,0.00,0.00,0.00,6455.85,0.00,6455.85,67123.30,6239.75,0,0,0,0.00,0,F1,25,,,,,
2026-04-13,2026-04-13,FO,NSE,IDO,74303,,NIFTYNXT50,,2026-04-28,2026-04-28,72800.00,PE,NIFTYNXT5026APR72800PE,0.00,0.00,0.00,5906.30,0.00,5906.30,67123.30,5566.60,0,0,0,0.00,0,F1,25,,,,,
2026-04-13,2026-04-13,FO,NSE,IDO,74293,,NIFTYNXT50,,2026-04-28,2026-04-28,72300.00,PE,NIFTYNXT5026APR72300PE,0.00,0.00,0.00,5528.05,0.00,5528.05,67123.30,5093.75,0,0,0,0.00,0,F1,25,,,,,
2026-04-13,2026-04-13,FO,NSE,IDO,74246,,NIFTYNXT50,,2026-04-28,2026-04-28,71100.00,PE,NIFTYNXT5026APR71100PE,0.00,0.00,0.00,4656.40,0.00,4656.40,67123.30,3999.00,0,0,0,0.00,0,F1,25,,,,,
2026-04-13,2026-04-13,FO,NSE,IDO,74234,,NIFTYNXT50,,2026-04-28,2026-04-28,71000.00,PE,NIFTYNXT5026APR71000PE,0.00,0.00,0.00,4587.10,0.00,4587.10,67123.30,3911.05,0,0,0,0.00,0,F1,25,,,,,
2026-04-13,2026-04-13,FO,NSE,IDO,74030,,NIFTYNXT50,,2026-04-28,2026-04-28,66200.00,PE,NIFTYNXT5026APR66200PE,0.00,0.00,0.00,1024.75,1024.75,1024.75,67123.30,780.50,325,0,0,0.00,0,F1,25,,,,,
2026-04-13,2026-04-13,FO,NSE,IDO,73934,,NIFTYNXT50,,2026-04-28,2026-04-28,62600.00,PE,NIFTYNXT5026APR62600PE,0.00,0.00,0.00,756.35,0.00,756.35,67123.30,82.30,0,0,0,0.00,0,F1,25,,,,,
2026-04-13,2026-04-13,FO,NSE,IDO,73789,,NIFTYNXT50,,2026-04-28,2026-04-28,59000.00,PE,NIFTYNXT5026APR59000PE,0.00,0.00,0.00,223.15,0.00,223.15,67123.30,2.30,0,0,0,0.00,0,F1,25,,,,,
2026-04-13,2026-04-13,FO,NSE,IDO,73787,,NIFTYNXT50,,2026-04-28,2026-04-28,58900.00,PE,NIFTYNXT5026APR58900PE,0.00,0.00,0.00,214.60,0.00,214.60,67123.30,2.05,0,0,0,0.00,0,F1,25,,,,,
2026-04-13,2026-04-13,FO,NSE,IDO,73755,,NIFTYNXT50,,2026-04-28,2026-04-28,57600.00,PE,NIFTYNXT5026APR57600PE,0.00,0.00,0.00,125.80,0.00,125.80,67123.30,0.40,0,0,0,0.00,0,F1,25,,,,,
2026-04-13,2026-04-13,FO,NSE,IDO,73716,,NIFTYNXT50,,2026-04-28,2026-04-28,56900.00,PE,NIFTYNXT5026APR56900PE,0.00,0.00,0.00,92.25,0.00,92.25,67123.30,0.15,0,0,0,0.00,0,F1,25,,,,,
2026-04-13,2026-04-13,FO,NSE,IDO,73514,,NIFTYNXT50,,2026-04-28,2026-04-28,55200.00,PE,NIFTYNXT5026APR55200PE,0.00,0.00,0.00,40.50,0.00,40.50,67123.30,0.05,0,0,0,0.00,0,F1,25,,,,,
2026-04-13,2026-04-13,FO,NSE,IDO,73512,,NIFTYNXT50,,2026-04-28,2026-04-28,55100.00,PE,NIFTYNXT5026APR55100PE,0.00,0.00,0.00,38.45,0.00,38.45,67123.30,0.05,0,0,0,0.00,0,F1,25,,,,,
2026-04-13,2026-04-13,FO,NSE,IDO,35306,,NIFTYNXT50,,2026-06-30,2026-06-30,73800.00,CE,NIFTYNXT5026JUN73800CE,0.00,0.00,0.00,263.60,0.00,263.60,67123.30,963.65,0,0,0,0.00,0,F1,25,,,,,
2026-04-13,2026-04-13,FO,NSE,IDO,82034,,NIFTYNXT50,,2026-06-30,2026-06-30,73500.00,CE,NIFTYNXT5026JUN73500CE,0.00,0.00,0.00,164.55,0.00,164.55,67123.30,1026.70,0,0,0,0.00,0,F1,25,,,,,
2026-04-13,2026-04-13,FO,NSE,IDO,81998,,NIFTYNXT50,,2026-06-30,2026-06-30,71600.00,CE,NIFTYNXT5026JUN71600CE,0.00,0.00,0.00,278.00,0.00,278.00,67123.30,1506.70,0,0,0,0.00,0,F1,25,,,,,
2026-04-13,2026-04-13,FO,NSE,IDO,81986,,NIFTYNXT50,,2026-06-30,2026-06-30,71000.00,CE,NIFTYNXT5026JUN71000CE,0.00,0.00,0.00,326.00,0.00,326.00,67123.30,1690.90,0,0,0,0.00,0,F1,25,,,,,
2026-04-13,2026-04-13,FO,NSE,IDO,81891,,NIFTYNXT50,,2026-06-30,2026-06-30,69400.00,CE,NIFTYNXT5026JUN69400CE,0.00,0.00,0.00,491.10,0.00,491.10,67123.30,2266.20,0,0,0,0.00,0,F1,25,,,,,
2026-04-13,2026-04-13,FO,NSE,IDO,81818,,NIFTYNXT50,,2026-06-30,2026-06-30,69300.00,CE,NIFTYNXT5026JUN69300CE,0.00,0.00,0.00,503.50,0.00,503.50,67123.30,2306.45,0,0,0,0.00,0,F1,25,,,,,
2026-04-13,2026-04-13,FO,NSE,IDO,81816,,NIFTYNXT50,,2026-06-30,2026-06-30,69200.00,CE,NIFTYNXT5026JUN69200CE,0.00,0.00,0.00,516.10,0.00,516.10,67123.30,2347.15,0,0,0,0.00,0,F1,25,,,,,
2026-04-13,2026-04-13,FO,NSE,IDO,81769,,NIFTYNXT50,,2026-06-30,2026-06-30,67100.00,CE,NIFTYNXT5026JUN67100CE,0.00,0.00,0.00,850.60,0.00,850.60,67123.30,3325.60,0,0,0,0.00,0,F1,25,,,,,
2026-04-13,2026-04-13,FO,NSE,IDO,81737,,NIFTYNXT50,,2026-06-30,2026-06-30,66700.00,CE,NIFTYNXT5026JUN66700CE,0.00,0.00,0.00,931.25,0.00,931.25,67123.30,3539.00,0,0,0,0.00,0,F1,25,,,,,
2026-04-13,2026-04-13,FO,NSE,IDO,81664,,NIFTYNXT50,,2026-06-30,2026-06-30,65300.00,CE,NIFTYNXT5026JUN65300CE,0.00,0.00,0.00,1263.25,0.00,1263.25,67123.30,4354.50,0,0,0,0.00,0,F1,25,,,,,
2026-04-13,2026-04-13,FO,NSE,IDO,81654,,NIFTYNXT50,,2026-06-30,2026-06-30,64800.00,CE,NIFTYNXT5026JUN64800CE,0.00,0.00,0.00,1403.05,0.00,1403.05,67123.30,4671.30,0,0,0,0.00,0,F1,25,,,,,
2026-04-13,2026-04-13,FO,NSE,IDO,81416,,NIFTYNXT50,,2026-06-30,2026-06-30,61800.00,CE,NIFTYNXT5026JUN61800CE,0.00,0.00,0.00,2506.75,0.00,2506.75,67123.30,6835.50,0,0,0,0.00,0,F1,25,,,,,
2026-04-13,2026-04-13,FO,NSE,IDO,81371,,NIFTYNXT50,,2026-06-30,2026-06-30,60900.00,CE,NIFTYNXT5026JUN60900CE,0.00,0.00,0.00,2934.65,0.00,2934.65,67123.30,7562.50,0,0,0,0.00,0,F1,25,,,,,
2026-04-13,2026-04-13,FO,NSE,IDO,81363,,NIFTYNXT50,,2026-06-30,2026-06-30,60500.00,CE,NIFTYNXT5026JUN60500CE,0.00,0.00,0.00,3139.75,0.00,3139.75,67123.30,7895.55,0,0,0,0.00,0,F1,25,,,,,
2026-04-13,2026-04-13,FO,NSE,IDO,81359,,NIFTYNXT50,,2026-06-30,2026-06-30,60300.00,CE,NIFTYNXT5026JUN60300CE,0.00,0.00,0.00,3245.75,0.00,3245.75,67123.30,8064.15,0,0,0,0.00,0,F1,25,,,,,
2026-04-13,2026-04-13,FO,NSE,IDO,81333,,NIFTYNXT50,,2026-06-30,2026-06-30,59400.00,CE,NIFTYNXT5026JUN59400CE,0.00,0.00,0.00,3751.75,0.00,3751.75,67123.30,8839.40,0,0,0,0.00,0,F1,25,,,,,
2026-04-13,2026-04-13,FO,NSE,IDO,81247,,NIFTYNXT50,,2026-06-30,2026-06-30,57800.00,CE,NIFTYNXT5026JUN57800CE,0.00,0.00,0.00,4765.60,0.00,4765.60,67123.30,10274.50,0,0,0,0.00,0,F1,25,,,,,
2026-04-13,2026-04-13,FO,NSE,IDO,80974,,NIFTYNXT50,,2026-06-30,2026-06-30,54500.00,CE,NIFTYNXT5026JUN54500CE,0.00,0.00,0.00,7274.10,0.00,7274.10,67123.30,13390.55,0,0,0,0.00,0,F1,25,,,,,
2026-04-13,2026-04-13,FO,NSE,IDO,80948,,NIFTYNXT50,,2026-06-30,2026-06-30,54100.00,CE,NIFTYNXT5026JUN54100CE,0.00,0.00,0.00,7610.10,0.00,7610.10,67123.30,13777.25,0,0,0,0.00,0,F1,25,,,,,
2026-04-13,2026-04-13,FO,NSE,IDO,74416,,NIFTYNXT50,,2026-05-26,2026-05-26,74300.00,CE,NIFTYNXT5026MAY74300CE,0.00,0.00,0.00,1486.25,0.00,1486.25,67123.30,324.20,0,0,0,0.00,0,F1,25,,,,,
2026-04-13,2026-04-13,FO,NSE,IDO,73890,,NIFTYNXT50,,2026-05-26,2026-05-26,70700.00,CE,NIFTYNXT5026MAY70700CE,0.00,0.00,0.00,2888.60,0.00,2888.60,67123.30,980.25,0,0,0,0.00,0,F1,25,,,,,
2026-04-13,2026-04-13,FO,NSE,IDO,73635,,NIFTYNXT50,,2026-05-26,2026-05-26,67000.00,CE,NIFTYNXT5026MAY67000CE,0.00,0.00,0.00,5067.15,0.00,5067.15,67123.30,2439.75,0,0,0,0.00,0,F1,25,,,,,
2026-04-13,2026-04-13,FO,NSE,IDO,73623,,NIFTYNXT50,,2026-05-26,2026-05-26,66400.00,CE,NIFTYNXT5026MAY66400CE,0.00,0.00,0.00,5492.90,0.00,5492.90,67123.30,2768.90,0,0,0,0.00,0,F1,25,,,,,
2026-04-13,2026-04-13,FO,NSE,IDO,73577,,NIFTYNXT50,,2026-05-26,2026-05-26,65400.00,CE,NIFTYNXT5026MAY65400CE,0.00,0.00,0.00,6233.55,0.00,6233.55,67123.30,3376.10,0,0,0,0.00,0,F1,25,,,,,
2026-04-13,2026-04-13,FO,NSE,IDO,73608,,NIFTYNXT50,,2026-05-26,2026-05-26,65900.00,PE,NIFTYNXT5026MAY65900PE,0.00,0.00,0.00,892.60,0.00,892.60,67123.30,1357.45,0,0,0,0.00,0,F1,25,,,,,
2026-04-13,2026-04-13,FO,NSE,IDO,73670,,NIFTYNXT50,,2026-05-26,2026-05-26,67800.00,PE,NIFTYNXT5026MAY67800PE,0.00,0.00,0.00,1437.90,0.00,1437.90,67123.30,2222.20,0,0,0,0.00,0,F1,25,,,,,
2026-04-13,2026-04-13,FO,NSE,IDO,73873,,NIFTYNXT50,,2026-05-26,2026-05-26,69800.00,PE,NIFTYNXT5026MAY69800PE,0.00,0.00,0.00,2221.05,0.00,2221.05,67123.30,3415.25,0,0,0,0.00,0,F1,25,,,,,
2026-04-13,2026-04-13,FO,NSE,IDO,74415,,NIFTYNXT50,,2026-05-26,2026-05-26,74200.00,PE,NIFTYNXT5026MAY74200PE,0.00,0.00,0.00,4716.05,0.00,4716.05,67123.30,6868.55,0,0,0,0.00,0,F1,25,,,,,
2026-04-13,2026-04-13,FO,NSE,IDO,74427,,NIFTYNXT50,,2026-05-26,2026-05-26,74600.00,PE,NIFTYNXT5026MAY74600PE,0.00,0.00,0.00,4991.80,0.00,4991.80,67123.30,7223.00,0,0,0,0.00,0,F1,25,,,,,
2026-04-13,2026-04-13,FO,NSE,IDO,74472,,NIFTYNXT50,,2026-05-26,2026-05-26,75000.00,PE,NIFTYNXT5026MAY75000PE,0.00,0.00,0.00,5274.80,0.00,5274.80,67123.30,7582.20,0,0,0,0.00,0,F1,25,,,,,
2026-04-13,2026-04-13,FO,NSE,IDO,74653,,NIFTYNXT50,,2026-05-26,2026-05-26,80000.00,PE,NIFTYNXT5026MAY80000PE,0.00,0.00,0.00,9313.80,0.00,9313.80,67123.30,12326.90,0,0,0,0.00,0,F1,25,,,,,
2026-04-13,2026-04-13,FO,NSE,IDO,80902,,NIFTYNXT50,,2026-06-30,2026-06-30,53500.00,PE,NIFTYNXT5026JUN53500PE,0.00,0.00,0.00,316.65,0.00,316.65,67123.30,27.65,0,0,0,0.00,0,F1,25,,,,,
2026-04-13,2026-04-13,FO,NSE,IDO,80944,,NIFTYNXT50,,2026-06-30,2026-06-30,53900.00,PE,NIFTYNXT5026JUN53900PE,0.00,0.00,0.00,365.00,0.00,365.00,67123.30,33.80,0,0,0,0.00,0,F1,25,,,,,
2026-04-13,2026-04-13,FO,NSE,IDO,81021,,NIFTYNXT50,,2026-06-30,2026-06-30,55700.00,PE,NIFTYNXT5026JUN55700PE,0.00,0.00,0.00,656.55,0.00,656.55,67123.30,78.65,0,0,0,0.00,0,F1,25,,,,,
2026-04-13,2026-04-13,FO,NSE,IDO,81223,,NIFTYNXT50,,2026-06-30,2026-06-30,56900.00,PE,NIFTYNXT5026JUN56900PE,0.00,0.00,0.00,931.50,0.00,931.50,67123.30,130.45,0,0,0,0.00,0,F1,25,,,,,
2026-04-13,2026-04-13,FO,NSE,IDO,81299,,NIFTYNXT50,,2026-06-30,2026-06-30,58700.00,PE,NIFTYNXT5026JUN58700PE,0.00,0.00,0.00,1476.30,0.00,1476.30,67123.30,258.30,0,0,0,0.00,0,F1,25,,,,,
2026-04-13,2026-04-13,FO,NSE,IDO,81315,,NIFTYNXT50,,2026-06-30,2026-06-30,58900.00,PE,NIFTYNXT5026JUN58900PE,0.00,0.00,0.00,1548.20,0.00,1548.20,67123.30,277.20,0,0,0,0.00,0,F1,25,,,,,
2026-04-13,2026-04-13,FO,NSE,IDO,81358,,NIFTYNXT50,,2026-06-30,2026-06-30,60200.00,PE,NIFTYNXT5026JUN60200PE,0.00,0.00,0.00,2071.50,0.00,2071.50,67123.30,428.30,0,0,0,0.00,0,F1,25,,,,,
2026-04-13,2026-04-13,FO,NSE,IDO,81568,,NIFTYNXT50,,2026-06-30,2026-06-30,63600.00,PE,NIFTYNXT5026JUN63600PE,0.00,0.00,0.00,3898.75,0.00,3898.75,67123.30,1121.55,0,0,0,0.00,0,F1,25,,,,,
2026-04-13,2026-04-13,FO,NSE,IDO,81619,,NIFTYNXT50,,2026-06-30,2026-06-30,64100.00,PE,NIFTYNXT5026JUN64100PE,0.00,0.00,0.00,4220.75,0.00,4220.75,67123.30,1264.35,0,0,0,0.00,0,F1,25,,,,,
2026-04-13,2026-04-13,FO,NSE,IDO,81625,,NIFTYNXT50,,2026-06-30,2026-06-30,64300.00,PE,NIFTYNXT5026JUN64300PE,0.00,0.00,0.00,4353.05,0.00,4353.05,67123.30,1326.15,0,0,0,0.00,0,F1,25,,,,,
2026-04-13,2026-04-13,FO,NSE,IDO,81667,,NIFTYNXT50,,2026-06-30,2026-06-30,65400.00,PE,NIFTYNXT5026JUN65400PE,0.00,0.00,0.00,5115.35,0.00,5115.35,67123.30,1703.15,0,0,0,0.00,0,F1,25,,,,,
2026-04-13,2026-04-13,FO,NSE,IDO,81700,,NIFTYNXT50,,2026-06-30,2026-06-30,66100.00,PE,NIFTYNXT5026JUN66100PE,0.00,0.00,0.00,5632.05,0.00,5632.05,67123.30,1976.60,0,0,0,0.00,0,F1,25,,,,,
2026-04-13,2026-04-13,FO,NSE,IDO,81799,,NIFTYNXT50,,2026-06-30,2026-06-30,68500.00,PE,NIFTYNXT5026JUN68500PE,0.00,0.00,0.00,7535.50,0.00,7535.50,67123.30,3116.30,0,0,0,0.00,0,F1,25,,,,,
2026-04-13,2026-04-13,FO,NSE,IDO,81971,,NIFTYNXT50,,2026-06-30,2026-06-30,70200.00,PE,NIFTYNXT5026JUN70200PE,0.00,0.00,0.00,8993.95,0.00,8993.95,67123.30,4109.60,0,0,0,0.00,0,F1,25,,,,,
2026-04-13,2026-04-13,FO,NSE,IDO,82049,,NIFTYNXT50,,2026-06-30,2026-06-30,76000.00,PE,NIFTYNXT5026JUN76000PE,0.00,0.00,0.00,14367.75,0.00,14367.75,67123.30,8462.20,0,0,0,0.00,0,F1,25,,,,,
2026-04-13,2026-04-13,FO,NSE,IDO,35282,,NIFTYNXT50,,2026-06-30,2026-06-30,73100.00,CE,NIFTYNXT5026JUN73100CE,0.00,0.00,0.00,316.25,0.00,316.25,67123.30,1118.25,0,0,0,0.00,0,F1,25,,,,,
2026-04-13,2026-04-13,FO,NSE,IDO,43904,,NIFTYNXT50,,2026-05-26,2026-05-26,54900.00,CE,NIFTYNXT5026MAY54900CE,0.00,0.00,0.00,12768.65,0.00,12768.65,67123.30,12632.00,0,0,0,0.00,0,F1,25,,,,,
2026-04-13,2026-04-13,FO,NSE,IDO,43906,,NIFTYNXT50,,2026-05-26,2026-05-26,55100.00,CE,NIFTYNXT5026MAY55100CE,0.00,0.00,0.00,12575.05,0.00,12575.05,67123.30,12434.55,0,0,0,0.00,0,F1,25,,,,,
2026-04-13,2026-04-13,FO,NSE,IDO,43912,,NIFTYNXT50,,2026-05-26,2026-05-26,55300.00,CE,NIFTYNXT5026MAY55300CE,0.00,0.00,0.00,12381.80,0.00,12381.80,67123.30,12237.20,0,0,0,0.00,0,F1,25,,,,,
2026-04-13,2026-04-13,FO,NSE,IDO,41295,,NIFTYNXT50,,2026-05-26,2026-05-26,56700.00,CE,NIFTYNXT5026MAY56700CE,0.00,0.00,0.00,12858.25,0.00,12858.25,67123.30,10861.55,0,0,0,0.00,0,F1,25,,,,,
2026-04-13,2026-04-13,FO,NSE,IDO,41303,,NIFTYNXT50,,2026-05-26,2026-05-26,57200.00,CE,NIFTYNXT5026MAY57200CE,0.00,0.00,0.00,12375.65,0.00,12375.65,67123.30,10373.75,0,0,0,0.00,0,F1,25,,,,,
2026-04-13,2026-04-13,FO,NSE,IDO,73379,,NIFTYNXT50,,2026-05-26,2026-05-26,60400.00,CE,NIFTYNXT5026MAY60400CE,0.00,0.00,0.00,10516.95,0.00,10516.95,67123.30,7343.25,0,0,0,0.00,0,F1,25,,,,,
2026-04-13,2026-04-13,FO,NSE,IDO,73559,,NIFTYNXT50,,2026-05-26,2026-05-26,64600.00,CE,NIFTYNXT5026MAY64600CE,0.00,0.00,0.00,6860.25,0.00,6860.25,67123.30,3913.00,0,0,0,0.00,0,F1,25,,,,,
2026-04-13,2026-04-13,FO,NSE,IDO,73561,,NIFTYNXT50,,2026-05-26,2026-05-26,64700.00,CE,NIFTYNXT5026MAY64700CE,0.00,0.00,0.00,6780.40,0.00,6780.40,67123.30,3843.50,0,0,0,0.00,0,F1,25,,,,,
2026-04-13,2026-04-13,FO,NSE,IDO,73637,,NIFTYNXT50,,2026-05-26,2026-05-26,67100.00,CE,NIFTYNXT5026MAY67100CE,0.00,0.00,0.00,4998.55,0.00,4998.55,67123.30,2387.50,0,0,0,0.00,0,F1,25,,,,,
2026-04-13,2026-04-13,FO,NSE,IDO,73658,,NIFTYNXT50,,2026-05-26,2026-05-26,67600.00,CE,NIFTYNXT5026MAY67600CE,0.00,0.00,0.00,4663.25,0.00,4663.25,67123.30,2137.00,0,0,0,0.00,0,F1,25,,,,,
2026-04-13,2026-04-13,FO,NSE,IDO,73717,,NIFTYNXT50,,2026-05-26,2026-05-26,68200.00,CE,NIFTYNXT5026MAY68200CE,0.00,0.00,0.00,4278.45,0.00,4278.45,67123.30,1861.00,0,0,0,0.00,0,F1,25,,,,,
2026-04-13,2026-04-13,FO,NSE,IDO,74592,,NIFTYNXT50,,2026-04-28,2026-04-28,80500.00,CE,NIFTYNXT5026APR80500CE,0.00,0.00,0.00,114.25,0.00,114.25,67123.30,0.05,0,0,0,0.00,0,F1,25,,,,,
2026-04-13,2026-04-13,FO,NSE,IDO,74314,,NIFTYNXT50,,2026-04-28,2026-04-28,73400.00,CE,NIFTYNXT5026APR73400CE,0.00,0.00,0.00,796.80,0.00,796.80,67123.30,41.25,0,0,0,0.00,0,F1,25,,,,,
2026-04-13,2026-04-13,FO,NSE,IDO,74207,,NIFTYNXT50,,2026-04-28,2026-04-28,70500.00,CE,NIFTYNXT5026APR70500CE,0.00,0.00,0.00,1524.25,0.00,1524.25,67123.30,272.25,0,0,0,0.00,0,F1,25,,,,,
2026-04-13,2026-04-13,FO,NSE,IDO,81721,,NIFTYNXT50,,2026-06-30,2026-06-30,66200.00,PE,NIFTYNXT5026JUN66200PE,0.00,0.00,0.00,5707.25,0.00,5707.25,67123.30,2017.85,0,0,0,0.00,0,F1,25,,,,,
2026-04-13,2026-04-13,FO,NSE,IDO,82087,,NIFTYNXT50,,2026-06-30,2026-06-30,76500.00,PE,NIFTYNXT5026JUN76500PE,0.00,0.00,0.00,14847.60,0.00,14847.60,67123.30,8890.65,0,0,0,0.00,0,F1,25,,,,,
2026-04-13,2026-04-13,FO,NSE,IDO,82047,,NIFTYNXT50,,2026-06-30,2026-06-30,75500.00,PE,NIFTYNXT5026JUN75500PE,0.00,0.00,0.00,13889.55,0.00,13889.55,67123.30,8040.35,0,0,0,0.00,0,F1,25,,,,,
2026-04-13,2026-04-13,FO,NSE,IDO,35283,,NIFTYNXT50,,2026-06-30,2026-06-30,73100.00,PE,NIFTYNXT5026JUN73100PE,0.00,0.00,0.00,10208.30,0.00,10208.30,67123.30,6126.65,0,0,0,0.00,0,F1,25,,,,,
2026-04-13,2026-04-13,FO,NSE,IDO,82009,,NIFTYNXT50,,2026-06-30,2026-06-30,72000.00,PE,NIFTYNXT5026JUN72000PE,0.00,0.00,0.00,10610.00,0.00,10610.00,67123.30,5315.85,0,0,0,0.00,0,F1,25,,,,,
2026-04-13,2026-04-13,FO,NSE,IDO,81991,,NIFTYNXT50,,2026-06-30,2026-06-30,71200.00,PE,NIFTYNXT5026JUN71200PE,0.00,0.00,0.00,9884.05,0.00,9884.05,67123.30,4761.25,0,0,0,0.00,0,F1,25,,,,,
2026-04-13,2026-04-13,FO,NSE,IDO,81979,,NIFTYNXT50,,2026-06-30,2026-06-30,70600.00,PE,NIFTYNXT5026JUN70600PE,0.00,0.00,0.00,9347.50,0.00,9347.50,67123.30,4364.55,0,0,0,0.00,0,F1,25,,,,,
2026-04-13,2026-04-13,FO,NSE,IDO,81915,,NIFTYNXT50,,2026-06-30,2026-06-30,70000.00,PE,NIFTYNXT5026JUN70000PE,0.00,0.00,0.00,8818.55,0.00,8818.55,67123.30,3985.10,0,0,0,0.00,0,F1,25,,,,,
2026-04-13,2026-04-13,FO,NSE,IDO,81901,,NIFTYNXT50,,2026-06-30,2026-06-30,69800.00,PE,NIFTYNXT5026JUN69800PE,0.00,0.00,0.00,8644.10,0.00,8644.10,67123.30,3862.60,0,0,0,0.00,0,F1,25,,,,,
2026-04-13,2026-04-13,FO,NSE,IDO,81894,,NIFTYNXT50,,2026-06-30,2026-06-30,69500.00,PE,NIFTYNXT5026JUN69500PE,0.00,0.00,0.00,8384.25,0.00,8384.25,67123.30,3682.60,0,0,0,0.00,0,F1,25,,,,,
2026-04-13,2026-04-13,FO,NSE,IDO,81811,,NIFTYNXT50,,2026-06-30,2026-06-30,68900.00,PE,NIFTYNXT5026JUN68900PE,0.00,0.00,0.00,7871.65,0.00,7871.65,67123.30,3336.55,0,0,0,0.00,0,F1,25,,,,,
2026-04-13,2026-04-13,FO,NSE,IDO,81790,,NIFTYNXT50,,2026-06-30,2026-06-30,68100.00,PE,NIFTYNXT5026JUN68100PE,0.00,0.00,0.00,7204.15,0.00,7204.15,67123.30,2904.60,0,0,0,0.00,0,F1,25,,,,,
2026-04-13,2026-04-13,FO,NSE,IDO,81770,,NIFTYNXT50,,2026-06-30,2026-06-30,67100.00,PE,NIFTYNXT5026JUN67100PE,0.00,0.00,0.00,6398.80,0.00,6398.80,67123.30,2413.45,0,0,0,0.00,0,F1,25,,,,,
2026-04-13,2026-04-13,FO,NSE,IDO,81727,,NIFTYNXT50,,2026-06-30,2026-06-30,66500.00,PE,NIFTYNXT5026JUN66500PE,0.00,0.00,0.00,5935.30,0.00,5935.30,67123.30,2144.80,0,0,0,0.00,0,F1,25,,,,,
2026-04-13,2026-04-13,FO,NSE,IDO,59609,,NIFTYNXT50,,2026-04-28,2026-04-28,53900.00,CE,NIFTYNXT5026APR53900CE,0.00,0.00,0.00,11247.60,0.00,11247.60,67123.30,13351.85,0,0,0,0.00,0,F1,25,,,,,
2026-04-13,2026-04-13,FO,NSE,IDO,73495,,NIFTYNXT50,,2026-04-28,2026-04-28,54500.00,CE,NIFTYNXT5026APR54500CE,0.00,0.00,0.00,13059.15,0.00,13059.15,67123.30,12753.30,0,0,0,0.00,0,F1,25,,,,,
2026-04-13,2026-04-13,FO,NSE,IDO,73499,,NIFTYNXT50,,2026-04-28,2026-04-28,54800.00,CE,NIFTYNXT5026APR54800CE,0.00,0.00,0.00,12768.65,0.00,12768.65,67123.30,12454.00,0,0,0,0.00,0,F1,25,,,,,
2026-04-13,2026-04-13,FO,NSE,IDO,73515,,NIFTYNXT50,,2026-04-28,2026-04-28,55300.00,CE,NIFTYNXT5026APR55300CE,0.00,0.00,0.00,12286.05,0.00,12286.05,67123.30,11955.20,0,0,0,0.00,0,F1,25,,,,,
2026-04-13,2026-04-13,FO,NSE,IDO,73674,,NIFTYNXT50,,2026-04-28,2026-04-28,55700.00,CE,NIFTYNXT5026APR55700CE,0.00,0.00,0.00,11901.70,0.00,11901.70,67123.30,11556.15,0,0,0,0.00,0,F1,25,,,,,
2026-04-13,2026-04-13,FO,NSE,IDO,73678,,NIFTYNXT50,,2026-04-28,2026-04-28,55900.00,CE,NIFTYNXT5026APR55900CE,0.00,0.00,0.00,11710.15,0.00,11710.15,67123.30,11356.65,0,0,0,0.00,0,F1,25,,,,,
2026-04-13,2026-04-13,FO,NSE,IDO,73709,,NIFTYNXT50,,2026-04-28,2026-04-28,56700.00,CE,NIFTYNXT5026APR56700CE,0.00,0.00,0.00,10949.05,0.00,10949.05,67123.30,10558.65,0,0,0,0.00,0,F1,25,,,,,
2026-04-13,2026-04-13,FO,NSE,IDO,73772,,NIFTYNXT50,,2026-04-28,2026-04-28,58400.00,CE,NIFTYNXT5026APR58400CE,0.00,0.00,0.00,9366.75,0.00,9366.75,67123.30,8863.65,0,0,0,0.00,0,F1,25,,,,,
2026-04-13,2026-04-13,FO,NSE,IDO,73778,,NIFTYNXT50,,2026-04-28,2026-04-28,58600.00,CE,NIFTYNXT5026APR58600CE,0.00,0.00,0.00,9184.55,0.00,9184.55,67123.30,8664.45,0,0,0,0.00,0,F1,25,,,,,
2026-04-13,2026-04-13,FO,NSE,IDO,73792,,NIFTYNXT50,,2026-04-28,2026-04-28,59200.00,CE,NIFTYNXT5026APR59200CE,0.00,0.00,0.00,8644.15,0.00,8644.15,67123.30,8067.40,0,0,0,0.00,0,F1,25,,,,,
2026-04-13,2026-04-13,FO,NSE,IDO,73810,,NIFTYNXT50,,2026-04-28,2026-04-28,59900.00,CE,NIFTYNXT5026APR59900CE,0.00,0.00,0.00,8026.65,0.00,8026.65,67123.30,7372.65,0,0,0,0.00,0,F1,25,,,,,
2026-04-13,2026-04-13,FO,NSE,IDO,73818,,NIFTYNXT50,,2026-04-28,2026-04-28,60300.00,CE,NIFTYNXT5026APR60300CE,0.00,0.00,0.00,7680.75,0.00,7680.75,67123.30,6977.05,0,0,0,0.00,0,F1,25,,,,,
2026-04-13,2026-04-13,FO,NSE,IDO,73857,,NIFTYNXT50,,2026-04-28,2026-04-28,61700.00,CE,NIFTYNXT5026APR61700CE,0.00,0.00,0.00,6516.50,0.00,6516.50,67123.30,5609.10,0,0,0,0.00,0,F1,25,,,,,
2026-04-13,2026-04-13,FO,NSE,IDO,73957,,NIFTYNXT50,,2026-04-28,2026-04-28,63800.00,CE,NIFTYNXT5026APR63800CE,0.00,0.00,0.00,4931.60,0.00,4931.60,67123.30,3673.60,0,0,0,0.00,0,F1,25,,,,,
2026-04-13,2026-04-13,FO,NSE,IDO,73977,,NIFTYNXT50,,2026-04-28,2026-04-28,64500.00,CE,NIFTYNXT5026APR64500CE,0.00,0.00,0.00,2546.05,2546.05,2546.05,67123.30,3087.80,325,0,0,0.00,0,F1,25,,,,,
2026-04-13,2026-04-13,FO,NSE,IDO,73994,,NIFTYNXT50,,2026-04-28,2026-04-28,65000.00,CE,NIFTYNXT5026APR65000CE,0.00,0.00,0.00,2180.20,2180.20,2180.20,67123.30,2695.65,600,0,0,0.00,0,F1,25,,,,,
2026-04-13,2026-04-13,FO,NSE,IDO,74126,,NIFTYNXT50,,2026-04-28,2026-04-28,68200.00,CE,NIFTYNXT5026APR68200CE,0.00,0.00,0.00,2400.65,0.00,2400.65,67123.30,860.85,0,0,0,0.00,0,F1,25,,,,,
2026-04-13,2026-04-13,FO,NSE,IDO,74227,,NIFTYNXT50,,2026-04-28,2026-04-28,71000.00,CE,NIFTYNXT5026APR71000CE,0.00,0.00,0.00,1370.95,0.00,1370.95,67123.30,203.65,0,0,0,0.00,0,F1,25,,,,,
2026-04-13,2026-04-13,FO,NSE,IDO,74580,,NIFTYNXT50,,2026-04-28,2026-04-28,79500.00,CE,NIFTYNXT5026APR79500CE,0.00,0.00,0.00,154.65,0.00,154.65,67123.30,0.20,0,0,0,0.00,0,F1,25,,,,,
2026-04-13,2026-04-13,FO,NSE,IDO,73125,,NIFTYNXT50,,2026-05-26,2026-05-26,54500.00,CE,NIFTYNXT5026MAY54500CE,0.00,0.00,0.00,16183.60,0.00,16183.60,67123.30,13027.35,0,0,0,0.00,0,F1,25,,,,,
2026-04-13,2026-04-13,FO,NSE,IDO,41307,,NIFTYNXT50,,2026-05-26,2026-05-26,57300.00,CE,NIFTYNXT5026MAY57300CE,0.00,0.00,0.00,12279.35,0.00,12279.35,67123.30,10276.45,0,0,0,0.00,0,F1,25,,,,,
2026-04-13,2026-04-13,FO,NSE,IDO,73381,,NIFTYNXT50,,2026-05-26,2026-05-26,60500.00,CE,NIFTYNXT5026MAY60500CE,0.00,0.00,0.00,10424.50,0.00,10424.50,67123.30,7252.50,0,0,0,0.00,0,F1,25,,,,,
2026-04-13,2026-04-13,FO,NSE,IDO,73383,,NIFTYNXT50,,2026-05-26,2026-05-26,60600.00,CE,NIFTYNXT5026MAY60600CE,0.00,0.00,0.00,10332.20,0.00,10332.20,67123.30,7162.05,0,0,0,0.00,0,F1,25,,,,,
2026-04-13,2026-04-13,FO,NSE,IDO,73417,,NIFTYNXT50,,2026-05-26,2026-05-26,61800.00,CE,NIFTYNXT5026MAY61800CE,0.00,0.00,0.00,9242.00,0.00,9242.00,67123.30,6105.40,0,0,0,0.00,0,F1,25,,,,,
2026-04-13,2026-04-13,FO,NSE,IDO,73440,,NIFTYNXT50,,2026-05-26,2026-05-26,62400.00,CE,NIFTYNXT5026MAY62400CE,0.00,0.00,0.00,8710.45,0.00,8710.45,67123.30,5600.05,0,0,0,0.00,0,F1,25,,,,,
2026-04-13,2026-04-13,FO,NSE,IDO,73444,,NIFTYNXT50,,2026-05-26,2026-05-26,62600.00,CE,NIFTYNXT5026MAY62600CE,0.00,0.00,0.00,8535.50,0.00,8535.50,67123.30,5435.45,0,0,0,0.00,0,F1,25,,,,,
2026-04-13,2026-04-13,FO,NSE,IDO,73462,,NIFTYNXT50,,2026-05-26,2026-05-26,63200.00,CE,NIFTYNXT5026MAY63200CE,0.00,0.00,0.00,8018.25,0.00,8018.25,67123.30,4954.35,0,0,0,0.00,0,F1,25,,,,,
2026-04-13,2026-04-13,FO,NSE,IDO,73565,,NIFTYNXT50,,2026-05-26,2026-05-26,64900.00,CE,NIFTYNXT5026MAY64900CE,0.00,0.00,0.00,6622.05,0.00,6622.05,67123.30,3706.50,0,0,0,0.00,0,F1,25,,,,,
2026-04-13,2026-04-13,FO,NSE,IDO,74287,,NIFTYNXT50,,2026-04-28,2026-04-28,72100.00,PE,NIFTYNXT5026APR72100PE,0.00,0.00,0.00,5378.50,0.00,5378.50,67123.30,4906.95,0,0,0,0.00,0,F1,25,,,,,
2026-04-13,2026-04-13,FO,NSE,IDO,43944,,NIFTYNXT50,,2026-05-26,2026-05-26,56400.00,CE,NIFTYNXT5026MAY56400CE,0.00,0.00,0.00,11325.75,0.00,11325.75,67123.30,11155.30,0,0,0,0.00,0,F1,25,,,,,
2026-04-13,2026-04-13,FO,NSE,IDO,74061,,NIFTYNXT50,,2026-04-28,2026-04-28,67300.00,PE,NIFTYNXT5026APR67300PE,0.00,0.00,0.00,2398.65,0.00,2398.65,67123.30,1265.40,0,0,0,0.00,0,F1,25,,,,,
2026-04-13,2026-04-13,FO,NSE,IDO,74069,,NIFTYNXT50,,2026-04-28,2026-04-28,67400.00,PE,NIFTYNXT5026APR67400PE,0.00,0.00,0.00,2447.55,0.00,2447.55,67123.30,1317.05,0,0,0,0.00,0,F1,25,,,,,
2026-04-13,2026-04-13,FO,NSE,IDO,74075,,NIFTYNXT50,,2026-04-28,2026-04-28,67500.00,PE,NIFTYNXT5026APR67500PE,0.00,0.00,0.00,2496.80,0.00,2496.80,67123.30,1369.95,0,0,0,0.00,0,F1,25,,,,,
