TradDt,BizDt,Sgmt,Src,FinInstrmTp,FinInstrmId,ISIN,TckrSymb,SctySrs,XpryDt,FininstrmActlXpryDt,StrkPric,OptnTp,FinInstrmNm,OpnPric,HghPric,LwPric,ClsPric,LastPric,PrvsClsgPric,UndrlygPric,SttlmPric,OpnIntrst,ChngInOpnIntrst,TtlTradgVol,TtlTrfVal,TtlNbOfTxsExctd,SsnId,NewBrdLotQty,Rmks,Rsvd1,Rsvd2,Rsvd3,Rsvd4
2026-05-25,2026-05-25,FO,NSE,IDO,62415,,FINNIFTY,,2026-05-26,2026-05-26,23750.00,CE,FINNIFTY26MAY23750CE,0.00,0.00,0.00,2332.35,0.00,2332.35,26102.15,2356.05,0,0,0,0.00,0,F1,60,,,,,
2026-05-25,2026-05-25,FO,NSE,IDO,62457,,FINNIFTY,,2026-05-26,2026-05-26,24750.00,CE,FINNIFTY26MAY24750CE,0.00,0.00,0.00,620.15,620.15,620.15,26102.15,1356.20,240,0,0,0.00,0,F1,60,,,,,
2026-05-25,2026-05-25,FO,NSE,IDO,77316,,FINNIFTY,,2026-06-30,2026-06-30,22100.00,PE,FINNIFTY26JUN22100PE,0.00,0.00,0.00,279.15,0.00,279.15,26102.15,2.95,0,0,0,0.00,0,F1,60,,,,,
2026-05-25,2026-05-25,FO,NSE,IDO,77269,,FINNIFTY,,2026-06-30,2026-06-30,20500.00,PE,FINNIFTY26JUN20500PE,3.05,13.50,3.05,13.50,13.50,18.00,26102.15,0.05,360,240,6,7383159.00,5,F1,60,,,,,
2026-05-25,2026-05-25,FO,NSE,IDO,69775,,FINNIFTY,,2026-05-26,2026-05-26,29600.00,PE,FINNIFTY26MAY29600PE,0.00,0.00,0.00,1414.60,0.00,1414.60,26102.15,3493.05,0,0,0,0.00,0,F1,60,,,,,
2026-05-25,2026-05-25,FO,NSE,IDO,69757,,FINNIFTY,,2026-05-26,2026-05-26,28900.00,PE,FINNIFTY26MAY28900PE,0.00,0.00,0.00,1005.05,0.00,1005.05,26102.15,2793.15,0,0,0,0.00,0,F1,60,,,,,
2026-05-25,2026-05-25,FO,NSE,IDO,69704,,FINNIFTY,,2026-05-26,2026-05-26,28500.00,PE,FINNIFTY26MAY28500PE,0.00,0.00,0.00,806.50,0.00,806.50,26102.15,2393.20,0,0,0,0.00,0,F1,60,,,,,
2026-05-25,2026-05-25,FO,NSE,IDO,69694,,FINNIFTY,,2026-05-26,2026-05-26,28000.00,PE,FINNIFTY26MAY28000PE,0.00,0.00,0.00,595.25,0.00,595.25,26102.15,1893.30,0,0,0,0.00,0,F1,60,,,,,
2026-05-25,2026-05-25,FO,NSE,IDO,69678,,FINNIFTY,,2026-05-26,2026-05-26,27200.00,PE,FINNIFTY26MAY27200PE,0.00,0.00,0.00,341.55,0.00,341.55,26102.15,1093.45,0,0,0,0.00,0,F1,60,,,,,
2026-05-25,2026-05-25,FO,NSE,IDO,62514,,FINNIFTY,,2026-05-26,2026-05-26,26750.00,PE,FINNIFTY26MAY26750PE,0.00,0.00,0.00,1034.90,0.00,1034.90,26102.15,645.25,0,0,0,0.00,0,F1,60,,,,,
2026-05-25,2026-05-25,FO,NSE,IDO,62512,,FINNIFTY,,2026-05-26,2026-05-26,26650.00,PE,FINNIFTY26MAY26650PE,0.00,0.00,0.00,513.15,513.15,513.15,26102.15,547.65,60,0,0,0.00,0,F1,60,,,,,
2026-05-25,2026-05-25,FO,NSE,IDO,69664,,FINNIFTY,,2026-05-26,2026-05-26,26500.00,PE,FINNIFTY26MAY26500PE,561.80,561.80,320.00,353.00,320.00,938.80,26102.15,353.00,11640,-1440,75,121446885.00,64,F1,60,,,,,
2026-05-25,2026-05-25,FO,NSE,IDO,69654,,FINNIFTY,,2026-05-26,2026-05-26,26000.00,PE,FINNIFTY26MAY26000PE,200.05,203.80,42.80,59.70,43.55,474.30,26102.15,59.70,72180,58680,18122,28380420150.00,12211,F1,60,,,,,
2026-05-25,2026-05-25,FO,NSE,IDO,69562,,FINNIFTY,,2026-05-26,2026-05-26,25000.00,PE,FINNIFTY26MAY25000PE,19.00,19.00,1.50,2.55,2.55,29.60,26102.15,2.55,45300,9060,4377,6566470698.00,2032,F1,60,,,,,
2026-05-25,2026-05-25,FO,NSE,IDO,77589,,FINNIFTY,,2026-06-30,2026-06-30,27500.00,PE,FINNIFTY26JUN27500PE,1180.00,1450.00,1180.00,1450.00,1450.00,3587.65,26102.15,1494.80,300,300,5,8633322.00,5,F1,60,,,,,
2026-05-25,2026-05-25,FO,NSE,IDO,69560,,FINNIFTY,,2026-05-26,2026-05-26,24900.00,PE,FINNIFTY26MAY24900PE,6.00,6.00,1.80,2.50,2.50,20.15,26102.15,2.50,18840,-27960,2322,3469536696.00,1062,F1,60,,,,,
2026-05-25,2026-05-25,FO,NSE,IDO,69556,,FINNIFTY,,2026-05-26,2026-05-26,24700.00,PE,FINNIFTY26MAY24700PE,4.00,4.00,1.10,2.20,2.80,9.85,26102.15,2.20,4500,-9180,462,684756753.00,218,F1,60,,,,,
2026-05-25,2026-05-25,FO,NSE,IDO,62420,,FINNIFTY,,2026-05-26,2026-05-26,23850.00,PE,FINNIFTY26MAY23850PE,1.45,1.60,0.25,0.50,0.50,1.45,26102.15,0.50,1680,-2580,137,196053951.00,28,F1,60,,,,,
2026-05-25,2026-05-25,FO,NSE,IDO,69538,,FINNIFTY,,2026-05-26,2026-05-26,23800.00,PE,FINNIFTY26MAY23800PE,0.85,1.40,0.60,1.15,1.40,1.85,26102.15,1.15,4140,-8580,349,498389757.00,80,F1,60,,,,,
2026-05-25,2026-05-25,FO,NSE,IDO,62414,,FINNIFTY,,2026-05-26,2026-05-26,23650.00,PE,FINNIFTY26MAY23650PE,1.25,12.00,0.50,0.50,0.50,1.25,26102.15,0.50,1980,-600,57,80888286.00,21,F1,60,,,,,
2026-05-25,2026-05-25,FO,NSE,IDO,62400,,FINNIFTY,,2026-05-26,2026-05-26,23150.00,PE,FINNIFTY26MAY23150PE,0.00,0.00,0.00,13.50,0.00,13.50,26102.15,0.00,0,0,0,0.00,0,F1,60,,,,,
2026-05-25,2026-05-25,FO,NSE,IDO,40441,,FINNIFTY,,2026-05-26,2026-05-26,21700.00,PE,FINNIFTY26MAY21700PE,0.00,0.00,0.00,0.40,0.00,0.40,26102.15,0.00,0,0,0,0.00,0,F1,60,,,,,
2026-05-25,2026-05-25,FO,NSE,IDO,43656,,FINNIFTY,,2026-05-26,2026-05-26,21300.00,PE,FINNIFTY26MAY21300PE,0.00,0.00,0.00,0.45,0.00,0.45,26102.15,0.00,0,0,0,0.00,0,F1,60,,,,,
2026-05-25,2026-05-25,FO,NSE,IDO,62956,,FINNIFTY,,2026-07-28,2026-07-28,27600.00,CE,FINNIFTY26JUL27600CE,0.00,0.00,0.00,620.70,0.00,620.70,26102.15,489.45,0,0,0,0.00,0,F1,60,,,,,
2026-05-25,2026-05-25,FO,NSE,IDO,62937,,FINNIFTY,,2026-07-28,2026-07-28,27200.00,CE,FINNIFTY26JUL27200CE,0.00,0.00,0.00,752.55,0.00,752.55,26102.15,618.25,0,0,0,0.00,0,F1,60,,,,,
2026-05-25,2026-05-25,FO,NSE,IDO,62930,,FINNIFTY,,2026-07-28,2026-07-28,26900.00,CE,FINNIFTY26JUL26900CE,0.00,0.00,0.00,864.55,0.00,864.55,26102.15,730.35,0,0,0,0.00,0,F1,60,,,,,
2026-05-25,2026-05-25,FO,NSE,IDO,62922,,FINNIFTY,,2026-07-28,2026-07-28,26500.00,CE,FINNIFTY26JUL26500CE,0.00,0.00,0.00,1032.25,0.00,1032.25,26102.15,901.75,0,0,0,0.00,0,F1,60,,,,,
2026-05-25,2026-05-25,FO,NSE,IDO,62918,,FINNIFTY,,2026-07-28,2026-07-28,26300.00,CE,FINNIFTY26JUL26300CE,0.00,0.00,0.00,1124.25,0.00,1124.25,26102.15,997.20,0,0,0,0.00,0,F1,60,,,,,
2026-05-25,2026-05-25,FO,NSE,IDO,62908,,FINNIFTY,,2026-07-28,2026-07-28,25800.00,CE,FINNIFTY26JUL25800CE,0.00,0.00,0.00,1378.60,0.00,1378.60,26102.15,1264.80,0,0,0,0.00,0,F1,60,,,,,
2026-05-25,2026-05-25,FO,NSE,IDO,62857,,FINNIFTY,,2026-07-28,2026-07-28,24500.00,CE,FINNIFTY26JUL24500CE,0.00,0.00,0.00,2202.05,0.00,2202.05,26102.15,2147.00,0,0,0,0.00,0,F1,60,,,,,
2026-05-25,2026-05-25,FO,NSE,IDO,77636,,FINNIFTY,,2026-06-30,2026-06-30,28700.00,CE,FINNIFTY26JUN28700CE,0.00,0.00,0.00,39.00,0.00,39.00,26102.15,85.65,0,0,0,0.00,0,F1,60,,,,,
2026-05-25,2026-05-25,FO,NSE,IDO,77608,,FINNIFTY,,2026-06-30,2026-06-30,28100.00,CE,FINNIFTY26JUN28100CE,0.00,0.00,0.00,63.85,0.00,63.85,26102.15,157.65,0,0,0,0.00,0,F1,60,,,,,
2026-05-25,2026-05-25,FO,NSE,IDO,77537,,FINNIFTY,,2026-06-30,2026-06-30,26900.00,CE,FINNIFTY26JUN26900CE,0.00,0.00,0.00,158.95,0.00,158.95,26102.15,449.10,0,0,0,0.00,0,F1,60,,,,,
2026-05-25,2026-05-25,FO,NSE,IDO,77513,,FINNIFTY,,2026-06-30,2026-06-30,25700.00,CE,FINNIFTY26JUN25700CE,0.00,0.00,0.00,357.10,0.00,357.10,26102.15,1022.70,0,0,0,0.00,0,F1,60,,,,,
2026-05-25,2026-05-25,FO,NSE,IDO,77474,,FINNIFTY,,2026-06-30,2026-06-30,23900.00,CE,FINNIFTY26JUN23900CE,0.00,0.00,0.00,975.40,0.00,975.40,26102.15,2420.95,0,0,0,0.00,0,F1,60,,,,,
2026-05-25,2026-05-25,FO,NSE,IDO,77470,,FINNIFTY,,2026-06-30,2026-06-30,23700.00,CE,FINNIFTY26JUN23700CE,0.00,0.00,0.00,1074.60,0.00,1074.60,26102.15,2604.00,0,0,0,0.00,0,F1,60,,,,,
2026-05-25,2026-05-25,FO,NSE,IDO,77451,,FINNIFTY,,2026-06-30,2026-06-30,23100.00,CE,FINNIFTY26JUN23100CE,0.00,0.00,0.00,1410.95,0.00,1410.95,26102.15,3170.75,0,0,0,0.00,0,F1,60,,,,,
2026-05-25,2026-05-25,FO,NSE,IDO,62529,,FINNIFTY,,2026-05-26,2026-05-26,27550.00,CE,FINNIFTY26MAY27550CE,1.50,1.50,1.50,1.50,1.50,1.45,26102.15,0.00,120,0,2,3306180.00,1,F1,60,,,,,
2026-05-25,2026-05-25,FO,NSE,IDO,62501,,FINNIFTY,,2026-05-26,2026-05-26,26550.00,CE,FINNIFTY26MAY26550CE,11.00,25.35,6.25,16.25,23.55,10.50,26102.15,16.25,8940,7500,519,827180091.00,279,F1,60,,,,,
2026-05-25,2026-05-25,FO,NSE,IDO,62485,,FINNIFTY,,2026-05-26,2026-05-26,25950.00,CE,FINNIFTY26MAY25950CE,113.95,323.85,111.40,246.45,299.25,64.80,26102.15,246.45,5280,1800,6773,10611126138.00,4973,F1,60,,,,,
2026-05-25,2026-05-25,FO,NSE,IDO,69651,,FINNIFTY,,2026-05-26,2026-05-26,25900.00,CE,FINNIFTY26MAY25900CE,120.00,425.65,118.70,300.05,425.65,79.80,26102.15,300.05,31140,17100,7221,11300279394.00,5377,F1,60,,,,,
2026-05-25,2026-05-25,FO,NSE,IDO,62481,,FINNIFTY,,2026-05-26,2026-05-26,25750.00,CE,FINNIFTY26MAY25750CE,204.00,440.10,198.80,397.25,440.10,124.60,26102.15,397.25,2940,-2340,370,577502412.00,216,F1,60,,,,,
2026-05-25,2026-05-25,FO,NSE,IDO,69645,,FINNIFTY,,2026-05-26,2026-05-26,25600.00,CE,FINNIFTY26MAY25600CE,279.95,650.10,263.40,555.40,650.10,193.35,26102.15,555.40,7920,-6120,417,649840410.00,299,F1,60,,,,,
2026-05-25,2026-05-25,FO,NSE,IDO,62463,,FINNIFTY,,2026-05-26,2026-05-26,25050.00,CE,FINNIFTY26MAY25050CE,0.00,0.00,0.00,494.40,494.40,494.40,26102.15,1056.25,1020,0,0,0.00,0,F1,60,,,,,
2026-05-25,2026-05-25,FO,NSE,IDO,69561,,FINNIFTY,,2026-05-26,2026-05-26,25000.00,CE,FINNIFTY26MAY25000CE,892.95,1231.65,851.40,1214.40,1231.65,619.65,26102.15,1214.40,10620,-5580,164,255701946.00,124,F1,60,,,,,
2026-05-25,2026-05-25,FO,NSE,IDO,69557,,FINNIFTY,,2026-05-26,2026-05-26,24800.00,CE,FINNIFTY26MAY24800CE,0.00,0.00,0.00,528.30,528.30,528.30,26102.15,1306.20,600,0,0,0.00,0,F1,60,,,,,
2026-05-25,2026-05-25,FO,NSE,IDO,69535,,FINNIFTY,,2026-05-26,2026-05-26,23700.00,CE,FINNIFTY26MAY23700CE,0.00,0.00,0.00,2100.70,2100.70,2100.70,26102.15,2406.05,0,0,0,0.00,0,F1,60,,,,,
2026-05-25,2026-05-25,FO,NSE,IDO,62388,,FINNIFTY,,2026-05-26,2026-05-26,22950.00,CE,FINNIFTY26MAY22950CE,0.00,0.00,0.00,3098.45,0.00,3098.45,26102.15,3155.90,0,0,0,0.00,0,F1,60,,,,,
2026-05-25,2026-05-25,FO,NSE,IDO,69511,,FINNIFTY,,2026-05-26,2026-05-26,22500.00,CE,FINNIFTY26MAY22500CE,0.00,0.00,0.00,6166.55,0.00,6166.55,26102.15,3605.85,0,0,0,0.00,0,F1,60,,,,,
2026-05-25,2026-05-25,FO,NSE,IDO,38351,,FINNIFTY,,2026-05-26,2026-05-26,22100.00,CE,FINNIFTY26MAY22100CE,0.00,0.00,0.00,6118.55,0.00,6118.55,26102.15,4005.75,0,0,0,0.00,0,F1,60,,,,,
2026-05-25,2026-05-25,FO,NSE,IDO,62993,,FINNIFTY,,2026-07-28,2026-07-28,28200.00,PE,FINNIFTY26JUL28200PE,0.00,0.00,0.00,2316.30,0.00,2316.30,26102.15,2111.25,0,0,0,0.00,0,F1,60,,,,,
2026-05-25,2026-05-25,FO,NSE,IDO,62893,,FINNIFTY,,2026-07-28,2026-07-28,25000.00,PE,FINNIFTY26JUL25000PE,0.00,0.00,0.00,561.30,0.00,561.30,26102.15,388.35,0,0,0,0.00,0,F1,60,,,,,
2026-05-25,2026-05-25,FO,NSE,IDO,62828,,FINNIFTY,,2026-07-28,2026-07-28,23800.00,PE,FINNIFTY26JUL23800PE,0.00,0.00,0.00,253.45,0.00,253.45,26102.15,142.40,0,0,0,0.00,0,F1,60,,,,,
2026-05-25,2026-05-25,FO,NSE,IDO,77319,,FINNIFTY,,2026-06-30,2026-06-30,22300.00,CE,FINNIFTY26JUN22300CE,0.00,0.00,0.00,1948.90,0.00,1948.90,26102.15,3950.85,0,0,0,0.00,0,F1,60,,,,,
2026-05-25,2026-05-25,FO,NSE,IDO,77460,,FINNIFTY,,2026-06-30,2026-06-30,23300.00,CE,FINNIFTY26JUN23300CE,0.00,0.00,0.00,1292.35,0.00,1292.35,26102.15,2979.40,0,0,0,0.00,0,F1,60,,,,,
2026-05-25,2026-05-25,FO,NSE,IDO,77466,,FINNIFTY,,2026-06-30,2026-06-30,23600.00,CE,FINNIFTY26JUN23600CE,0.00,0.00,0.00,1126.60,0.00,1126.60,26102.15,2696.80,0,0,0,0.00,0,F1,60,,,,,
2026-05-25,2026-05-25,FO,NSE,IDO,77488,,FINNIFTY,,2026-06-30,2026-06-30,24600.00,CE,FINNIFTY26JUN24600CE,0.00,0.00,0.00,678.65,0.00,678.65,26102.15,1815.10,0,0,0,0.00,0,F1,60,,,,,
2026-05-25,2026-05-25,FO,NSE,IDO,77494,,FINNIFTY,,2026-06-30,2026-06-30,24900.00,CE,FINNIFTY26JUN24900CE,0.00,0.00,0.00,574.30,0.00,574.30,26102.15,1576.75,0,0,0,0.00,0,F1,60,,,,,
2026-05-25,2026-05-25,FO,NSE,IDO,77504,,FINNIFTY,,2026-06-30,2026-06-30,25400.00,CE,FINNIFTY26JUN25400CE,0.00,0.00,0.00,428.20,0.00,428.20,26102.15,1215.20,0,0,0,0.00,0,F1,60,,,,,
2026-05-25,2026-05-25,FO,NSE,IDO,77506,,FINNIFTY,,2026-06-30,2026-06-30,25500.00,CE,FINNIFTY26JUN25500CE,963.30,1058.35,963.30,968.65,968.65,755.00,26102.15,1148.95,300,60,4,6357537.00,4,F1,60,,,,,
2026-05-25,2026-05-25,FO,NSE,IDO,77541,,FINNIFTY,,2026-06-30,2026-06-30,27000.00,CE,FINNIFTY26JUN27000CE,0.00,0.00,0.00,147.90,0.00,147.90,26102.15,415.10,0,0,0,0.00,0,F1,60,,,,,
2026-05-25,2026-05-25,FO,NSE,IDO,77555,,FINNIFTY,,2026-06-30,2026-06-30,27300.00,CE,FINNIFTY26JUN27300CE,0.00,0.00,0.00,118.60,0.00,118.60,26102.15,324.80,0,0,0,0.00,0,F1,60,,,,,
2026-05-25,2026-05-25,FO,NSE,IDO,77688,,FINNIFTY,,2026-06-30,2026-06-30,29500.00,CE,FINNIFTY26JUN29500CE,0.00,0.00,0.00,19.45,0.00,19.45,26102.15,34.70,0,0,0,0.00,0,F1,60,,,,,
2026-05-25,2026-05-25,FO,NSE,IDO,62916,,FINNIFTY,,2026-07-28,2026-07-28,26200.00,CE,FINNIFTY26JUL26200CE,0.00,0.00,0.00,1172.30,0.00,1172.30,26102.15,1047.50,0,0,0,0.00,0,F1,60,,,,,
2026-05-25,2026-05-25,FO,NSE,IDO,62928,,FINNIFTY,,2026-07-28,2026-07-28,26800.00,CE,FINNIFTY26JUL26800CE,0.00,0.00,0.00,904.45,0.00,904.45,26102.15,770.80,0,0,0,0.00,0,F1,60,,,,,
2026-05-25,2026-05-25,FO,NSE,IDO,38352,,FINNIFTY,,2026-05-26,2026-05-26,22100.00,PE,FINNIFTY26MAY22100PE,0.00,0.00,0.00,11.20,11.20,11.20,26102.15,0.00,120,0,0,0.00,0,F1,60,,,,,
2026-05-25,2026-05-25,FO,NSE,IDO,69544,,FINNIFTY,,2026-05-26,2026-05-26,24100.00,PE,FINNIFTY26MAY24100PE,1.10,1.50,0.80,1.10,1.20,2.80,26102.15,1.10,2220,-1560,72,104117112.00,38,F1,60,,,,,
2026-05-25,2026-05-25,FO,NSE,IDO,69546,,FINNIFTY,,2026-05-26,2026-05-26,24200.00,PE,FINNIFTY26MAY24200PE,3.00,3.00,0.70,1.20,1.75,2.75,26102.15,1.20,3960,-3600,207,300582804.00,98,F1,60,,,,,
2026-05-25,2026-05-25,FO,NSE,IDO,62442,,FINNIFTY,,2026-05-26,2026-05-26,24350.00,PE,FINNIFTY26MAY24350PE,3.30,3.30,1.00,1.60,1.60,4.15,26102.15,1.60,1080,-600,16,23377308.00,8,F1,60,,,,,
2026-05-25,2026-05-25,FO,NSE,IDO,62460,,FINNIFTY,,2026-05-26,2026-05-26,24850.00,PE,FINNIFTY26MAY24850PE,3.25,4.15,1.45,2.25,3.05,17.00,26102.15,2.25,2940,840,95,141661320.00,59,F1,60,,,,,
2026-05-25,2026-05-25,FO,NSE,IDO,69652,,FINNIFTY,,2026-05-26,2026-05-26,25900.00,PE,FINNIFTY26MAY25900PE,154.25,158.70,28.10,36.70,30.20,710.05,26102.15,36.70,48180,47280,18890,29446047852.00,12763,F1,60,,,,,
2026-05-25,2026-05-25,FO,NSE,IDO,62520,,FINNIFTY,,2026-05-26,2026-05-26,27050.00,PE,FINNIFTY26MAY27050PE,0.00,0.00,0.00,1247.95,0.00,1247.95,26102.15,943.55,0,0,0,0.00,0,F1,60,,,,,
2026-05-25,2026-05-25,FO,NSE,IDO,62526,,FINNIFTY,,2026-05-26,2026-05-26,27350.00,PE,FINNIFTY26MAY27350PE,0.00,0.00,0.00,1479.05,0.00,1479.05,26102.15,1243.40,0,0,0,0.00,0,F1,60,,,,,
2026-05-25,2026-05-25,FO,NSE,IDO,62528,,FINNIFTY,,2026-05-26,2026-05-26,27450.00,PE,FINNIFTY26MAY27450PE,0.00,0.00,0.00,1559.55,0.00,1559.55,26102.15,1343.40,0,0,0,0.00,0,F1,60,,,,,
2026-05-25,2026-05-25,FO,NSE,IDO,69700,,FINNIFTY,,2026-05-26,2026-05-26,28300.00,PE,FINNIFTY26MAY28300PE,0.00,0.00,0.00,717.05,0.00,717.05,26102.15,2193.25,0,0,0,0.00,0,F1,60,,,,,
2026-05-25,2026-05-25,FO,NSE,IDO,69702,,FINNIFTY,,2026-05-26,2026-05-26,28400.00,PE,FINNIFTY26MAY28400PE,0.00,0.00,0.00,760.95,0.00,760.95,26102.15,2293.25,0,0,0,0.00,0,F1,60,,,,,
2026-05-25,2026-05-25,FO,NSE,IDO,62559,,FINNIFTY,,2026-05-26,2026-05-26,28650.00,PE,FINNIFTY26MAY28650PE,0.00,0.00,0.00,2624.60,0.00,2624.60,26102.15,2543.20,0,0,0,0.00,0,F1,60,,,,,
2026-05-25,2026-05-25,FO,NSE,IDO,69785,,FINNIFTY,,2026-05-26,2026-05-26,30100.00,PE,FINNIFTY26MAY30100PE,0.00,0.00,0.00,1752.05,0.00,1752.05,26102.15,3992.95,0,0,0,0.00,0,F1,60,,,,,
2026-05-25,2026-05-25,FO,NSE,IDO,69787,,FINNIFTY,,2026-05-26,2026-05-26,30200.00,PE,FINNIFTY26MAY30200PE,0.00,0.00,0.00,1823.60,0.00,1823.60,26102.15,4092.95,0,0,0,0.00,0,F1,60,,,,,
2026-05-25,2026-05-25,FO,NSE,IDO,77300,,FINNIFTY,,2026-06-30,2026-06-30,21300.00,PE,FINNIFTY26JUN21300PE,0.00,0.00,0.00,138.25,0.00,138.25,26102.15,0.50,0,0,0,0.00,0,F1,60,,,,,
2026-05-25,2026-05-25,FO,NSE,IDO,77302,,FINNIFTY,,2026-06-30,2026-06-30,21400.00,PE,FINNIFTY26JUN21400PE,0.00,0.00,0.00,151.95,0.00,151.95,26102.15,0.60,0,0,0,0.00,0,F1,60,,,,,
2026-05-25,2026-05-25,FO,NSE,IDO,77450,,FINNIFTY,,2026-06-30,2026-06-30,23000.00,PE,FINNIFTY26JUN23000PE,33.00,33.00,33.00,33.00,33.00,538.85,26102.15,16.20,60,60,1,1381980.00,1,F1,60,,,,,
2026-05-25,2026-05-25,FO,NSE,IDO,77469,,FINNIFTY,,2026-06-30,2026-06-30,23600.00,PE,FINNIFTY26JUN23600PE,0.00,0.00,0.00,782.05,0.00,782.05,26102.15,41.95,0,0,0,0.00,0,F1,60,,,,,
2026-05-25,2026-05-25,FO,NSE,IDO,77477,,FINNIFTY,,2026-06-30,2026-06-30,24000.00,PE,FINNIFTY26JUN24000PE,100.00,100.00,98.95,98.95,98.95,175.00,26102.15,98.95,300,240,5,7229748.00,5,F1,60,,,,,
2026-05-25,2026-05-25,FO,NSE,IDO,77505,,FINNIFTY,,2026-06-30,2026-06-30,25400.00,PE,FINNIFTY26JUN25400PE,0.00,0.00,0.00,1851.40,0.00,1851.40,26102.15,348.75,0,0,0,0.00,0,F1,60,,,,,
2026-05-25,2026-05-25,FO,NSE,IDO,77624,,FINNIFTY,,2026-06-30,2026-06-30,28100.00,PE,FINNIFTY26JUN28100PE,0.00,0.00,0.00,4138.70,0.00,4138.70,26102.15,1973.75,0,0,0,0.00,0,F1,60,,,,,
2026-05-25,2026-05-25,FO,NSE,IDO,77691,,FINNIFTY,,2026-06-30,2026-06-30,30000.00,PE,FINNIFTY26JUN30000PE,0.00,0.00,0.00,5953.20,0.00,5953.20,26102.15,3722.50,0,0,0,0.00,0,F1,60,,,,,
2026-05-25,2026-05-25,FO,NSE,IDO,62877,,FINNIFTY,,2026-07-28,2026-07-28,24600.00,PE,FINNIFTY26JUL24600PE,0.00,0.00,0.00,440.05,0.00,440.05,26102.15,286.00,0,0,0,0.00,0,F1,60,,,,,
2026-05-25,2026-05-25,FO,NSE,IDO,62891,,FINNIFTY,,2026-07-28,2026-07-28,24900.00,PE,FINNIFTY26JUL24900PE,0.00,0.00,0.00,528.75,0.00,528.75,26102.15,361.70,0,0,0,0.00,0,F1,60,,,,,
2026-05-25,2026-05-25,FO,NSE,IDO,62897,,FINNIFTY,,2026-07-28,2026-07-28,25200.00,PE,FINNIFTY26JUL25200PE,0.00,0.00,0.00,630.45,0.00,630.45,26102.15,448.50,0,0,0,0.00,0,F1,60,,,,,
2026-05-25,2026-05-25,FO,NSE,IDO,77325,,FINNIFTY,,2026-06-30,2026-06-30,22600.00,CE,FINNIFTY26JUN22600CE,0.00,0.00,0.00,1735.10,0.00,1735.10,26102.15,3656.30,0,0,0,0.00,0,F1,60,,,,,
2026-05-25,2026-05-25,FO,NSE,IDF,66069,,FINNIFTY,,2026-05-26,2026-05-26,,,FINNIFTY26MAYFUT,25706.10,26247.10,25706.10,26172.70,26218.60,25629.00,26102.15,26172.70,26160,-6660,397,619430700.00,326,F1,60,,,,,
2026-05-25,2026-05-25,FO,NSE,IDF,61091,,FINNIFTY,,2026-07-28,2026-07-28,,,FINNIFTY26JULFUT,0.00,0.00,0.00,26315.30,0.00,26315.30,26102.15,26405.10,0,0,0,0.00,0,F1,60,,,,,
2026-05-25,2026-05-25,FO,NSE,IDO,69501,,FINNIFTY,,2026-05-26,2026-05-26,21000.00,CE,FINNIFTY26MAY21000CE,0.00,0.00,0.00,7640.95,0.00,7640.95,26102.15,5105.60,0,0,0,0.00,0,F1,60,,,,,
2026-05-25,2026-05-25,FO,NSE,IDO,38355,,FINNIFTY,,2026-05-26,2026-05-26,22200.00,CE,FINNIFTY26MAY22200CE,0.00,0.00,0.00,6020.25,0.00,6020.25,26102.15,3905.80,0,0,0,0.00,0,F1,60,,,,,
2026-05-25,2026-05-25,FO,NSE,IDO,69509,,FINNIFTY,,2026-05-26,2026-05-26,22400.00,CE,FINNIFTY26MAY22400CE,0.00,0.00,0.00,6264.75,0.00,6264.75,26102.15,3705.80,0,0,0,0.00,0,F1,60,,,,,
2026-05-25,2026-05-25,FO,NSE,IDO,62390,,FINNIFTY,,2026-05-26,2026-05-26,23050.00,CE,FINNIFTY26MAY23050CE,0.00,0.00,0.00,3000.90,0.00,3000.90,26102.15,3055.95,0,0,0,0.00,0,F1,60,,,,,
2026-05-25,2026-05-25,FO,NSE,IDO,69545,,FINNIFTY,,2026-05-26,2026-05-26,24200.00,CE,FINNIFTY26MAY24200CE,0.00,0.00,0.00,4508.30,0.00,4508.30,26102.15,1906.10,0,0,0,0.00,0,F1,60,,,,,
2026-05-25,2026-05-25,FO,NSE,IDO,69655,,FINNIFTY,,2026-05-26,2026-05-26,26100.00,CE,FINNIFTY26MAY26100CE,75.00,210.85,63.70,148.50,200.75,41.20,26102.15,148.50,39540,22020,15572,24486659946.00,11365,F1,60,,,,,
2026-05-25,2026-05-25,FO,NSE,IDO,69657,,FINNIFTY,,2026-05-26,2026-05-26,26200.00,CE,FINNIFTY26MAY26200CE,48.70,144.00,39.50,96.70,137.00,32.10,26102.15,96.70,61140,24240,18170,28634729619.00,13111,F1,60,,,,,
2026-05-25,2026-05-25,FO,NSE,IDO,69671,,FINNIFTY,,2026-05-26,2026-05-26,26900.00,CE,FINNIFTY26MAY26900CE,3.75,5.15,2.05,3.50,5.15,5.00,26102.15,3.50,14100,180,684,1104101496.00,414,F1,60,,,,,
2026-05-25,2026-05-25,FO,NSE,IDO,62553,,FINNIFTY,,2026-05-26,2026-05-26,28550.00,CE,FINNIFTY26MAY28550CE,0.00,0.00,0.00,44.90,0.00,44.90,26102.15,0.00,0,0,0,0.00,0,F1,60,,,,,
2026-05-25,2026-05-25,FO,NSE,IDO,69778,,FINNIFTY,,2026-05-26,2026-05-26,29800.00,CE,FINNIFTY26MAY29800CE,0.00,0.00,0.00,0.70,0.70,0.70,26102.15,0.00,60,0,0,0.00,0,F1,60,,,,,
2026-05-25,2026-05-25,FO,NSE,IDO,77305,,FINNIFTY,,2026-06-30,2026-06-30,21600.00,CE,FINNIFTY26JUN21600CE,0.00,0.00,0.00,2491.20,0.00,2491.20,26102.15,4642.85,0,0,0,0.00,0,F1,60,,,,,
2026-05-25,2026-05-25,FO,NSE,IDO,69691,,FINNIFTY,,2026-05-26,2026-05-26,27900.00,CE,FINNIFTY26MAY27900CE,0.00,0.00,0.00,1.00,1.00,1.00,26102.15,0.00,0,0,0,0.00,0,F1,60,,,,,
2026-05-25,2026-05-25,FO,NSE,IDO,69697,,FINNIFTY,,2026-05-26,2026-05-26,28200.00,CE,FINNIFTY26MAY28200CE,0.00,0.00,0.00,0.70,0.70,0.70,26102.15,0.00,840,0,0,0.00,0,F1,60,,,,,
2026-05-25,2026-05-25,FO,NSE,IDO,69701,,FINNIFTY,,2026-05-26,2026-05-26,28400.00,CE,FINNIFTY26MAY28400CE,0.00,0.00,0.00,1123.70,0.00,1123.70,26102.15,0.00,0,0,0,0.00,0,F1,60,,,,,
2026-05-25,2026-05-25,FO,NSE,IDO,69784,,FINNIFTY,,2026-05-26,2026-05-26,30100.00,CE,FINNIFTY26MAY30100CE,0.00,0.00,0.00,2.60,2.60,2.60,26102.15,0.00,660,0,0,0.00,0,F1,60,,,,,
2026-05-25,2026-05-25,FO,NSE,IDO,77311,,FINNIFTY,,2026-06-30,2026-06-30,21900.00,CE,FINNIFTY26JUN21900CE,0.00,0.00,0.00,2250.90,0.00,2250.90,26102.15,4345.75,0,0,0,0.00,0,F1,60,,,,,
2026-05-25,2026-05-25,FO,NSE,IDO,77331,,FINNIFTY,,2026-06-30,2026-06-30,22800.00,CE,FINNIFTY26JUN22800CE,0.00,0.00,0.00,1600.80,0.00,1600.80,26102.15,3461.10,0,0,0,0.00,0,F1,60,,,,,
2026-05-25,2026-05-25,FO,NSE,IDO,77482,,FINNIFTY,,2026-06-30,2026-06-30,24300.00,CE,FINNIFTY26JUN24300CE,0.00,0.00,0.00,796.45,0.00,796.45,26102.15,2067.20,0,0,0,0.00,0,F1,60,,,,,
2026-05-25,2026-05-25,FO,NSE,IDO,77627,,FINNIFTY,,2026-06-30,2026-06-30,28300.00,CE,FINNIFTY26JUN28300CE,75.40,75.40,45.25,45.30,45.30,54.30,26102.15,45.30,300,300,6,10207917.00,6,F1,60,,,,,
2026-05-25,2026-05-25,FO,NSE,IDO,62783,,FINNIFTY,,2026-07-28,2026-07-28,22800.00,CE,FINNIFTY26JUL22800CE,0.00,0.00,0.00,3577.10,0.00,3577.10,26102.15,3613.40,0,0,0,0.00,0,F1,60,,,,,
2026-05-25,2026-05-25,FO,NSE,IDO,62809,,FINNIFTY,,2026-07-28,2026-07-28,23400.00,CE,FINNIFTY26JUL23400CE,0.00,0.00,0.00,3059.80,0.00,3059.80,26102.15,3066.50,0,0,0,0.00,0,F1,60,,,,,
2026-05-25,2026-05-25,FO,NSE,IDO,62920,,FINNIFTY,,2026-07-28,2026-07-28,26400.00,CE,FINNIFTY26JUL26400CE,0.00,0.00,0.00,1077.55,0.00,1077.55,26102.15,948.65,0,0,0,0.00,0,F1,60,,,,,
2026-05-25,2026-05-25,FO,NSE,IDO,69522,,FINNIFTY,,2026-05-26,2026-05-26,23000.00,PE,FINNIFTY26MAY23000PE,0.85,1.50,0.50,0.80,0.50,0.75,26102.15,0.80,32160,-3300,92,126965232.00,36,F1,60,,,,,
2026-05-25,2026-05-25,FO,NSE,IDO,69536,,FINNIFTY,,2026-05-26,2026-05-26,23700.00,PE,FINNIFTY26MAY23700PE,1.00,1.85,0.75,1.30,1.50,1.40,26102.15,1.30,17220,3660,265,376850046.00,110,F1,60,,,,,
2026-05-25,2026-05-25,FO,NSE,IDO,62444,,FINNIFTY,,2026-05-26,2026-05-26,24450.00,PE,FINNIFTY26MAY24450PE,2.00,2.15,0.80,1.75,1.75,4.75,26102.15,1.75,1800,300,191,280215189.00,170,F1,60,,,,,
2026-05-25,2026-05-25,FO,NSE,IDO,69566,,FINNIFTY,,2026-05-26,2026-05-26,25200.00,PE,FINNIFTY26MAY25200PE,20.00,20.90,2.15,2.90,5.05,57.30,26102.15,2.90,29280,7920,3710,5610686817.00,2059,F1,60,,,,,
2026-05-25,2026-05-25,FO,NSE,IDO,62480,,FINNIFTY,,2026-05-26,2026-05-26,25650.00,PE,FINNIFTY26MAY25650PE,72.10,72.10,6.65,9.35,11.10,201.50,26102.15,9.35,28140,26280,5606,8637021165.00,3609,F1,60,,,,,
2026-05-25,2026-05-25,FO,NSE,IDO,62532,,FINNIFTY,,2026-05-26,2026-05-26,27650.00,PE,FINNIFTY26MAY27650PE,0.00,0.00,0.00,1725.20,0.00,1725.20,26102.15,1543.35,0,0,0,0.00,0,F1,60,,,,,
2026-05-25,2026-05-25,FO,NSE,IDO,69769,,FINNIFTY,,2026-05-26,2026-05-26,29400.00,PE,FINNIFTY26MAY29400PE,0.00,0.00,0.00,1289.80,0.00,1289.80,26102.15,3293.10,0,0,0,0.00,0,F1,60,,,,,
2026-05-25,2026-05-25,FO,NSE,IDO,69779,,FINNIFTY,,2026-05-26,2026-05-26,29800.00,PE,FINNIFTY26MAY29800PE,0.00,0.00,0.00,1545.35,0.00,1545.35,26102.15,3693.00,0,0,0,0.00,0,F1,60,,,,,
2026-05-25,2026-05-25,FO,NSE,IDO,69781,,FINNIFTY,,2026-05-26,2026-05-26,29900.00,PE,FINNIFTY26MAY29900PE,0.00,0.00,0.00,1612.85,0.00,1612.85,26102.15,3793.00,0,0,0,0.00,0,F1,60,,,,,
2026-05-25,2026-05-25,FO,NSE,IDO,69783,,FINNIFTY,,2026-05-26,2026-05-26,30000.00,PE,FINNIFTY26MAY30000PE,0.00,0.00,0.00,1681.75,0.00,1681.75,26102.15,3893.00,0,0,0,0.00,0,F1,60,,,,,
2026-05-25,2026-05-25,FO,NSE,IDO,77312,,FINNIFTY,,2026-06-30,2026-06-30,21900.00,PE,FINNIFTY26JUN21900PE,0.00,0.00,0.00,236.80,0.00,236.80,26102.15,1.95,0,0,0,0.00,0,F1,60,,,,,
2026-05-25,2026-05-25,FO,NSE,IDO,77320,,FINNIFTY,,2026-06-30,2026-06-30,22300.00,PE,FINNIFTY26JUN22300PE,0.00,0.00,0.00,327.65,0.00,327.65,26102.15,4.45,0,0,0,0.00,0,F1,60,,,,,
2026-05-25,2026-05-25,FO,NSE,IDO,77463,,FINNIFTY,,2026-06-30,2026-06-30,23400.00,PE,FINNIFTY26JUN23400PE,0.00,0.00,0.00,694.50,0.00,694.50,26102.15,31.05,0,0,0,0.00,0,F1,60,,,,,
2026-05-25,2026-05-25,FO,NSE,IDO,77526,,FINNIFTY,,2026-06-30,2026-06-30,26300.00,PE,FINNIFTY26JUN26300PE,0.00,0.00,0.00,2548.25,0.00,2548.25,26102.15,724.20,0,0,0,0.00,0,F1,60,,,,,
2026-05-25,2026-05-25,FO,NSE,IDO,77546,,FINNIFTY,,2026-06-30,2026-06-30,27000.00,PE,FINNIFTY26JUN27000PE,0.00,0.00,0.00,3142.45,0.00,3142.45,26102.15,1138.30,0,0,0,0.00,0,F1,60,,,,,
2026-05-25,2026-05-25,FO,NSE,IDO,62364,,FINNIFTY,,2026-05-26,2026-05-26,22750.00,CE,FINNIFTY26MAY22750CE,0.00,0.00,0.00,3294.45,0.00,3294.45,26102.15,3355.90,0,0,0,0.00,0,F1,60,,,,,
2026-05-25,2026-05-25,FO,NSE,IDO,77595,,FINNIFTY,,2026-06-30,2026-06-30,27600.00,PE,FINNIFTY26JUN27600PE,0.00,0.00,0.00,3678.35,0.00,3678.35,26102.15,1570.15,0,0,0,0.00,0,F1,60,,,,,
2026-05-25,2026-05-25,FO,NSE,IDO,77605,,FINNIFTY,,2026-06-30,2026-06-30,27900.00,PE,FINNIFTY26JUN27900PE,0.00,0.00,0.00,3953.30,0.00,3953.30,26102.15,1808.15,0,0,0,0.00,0,F1,60,,,,,
2026-05-25,2026-05-25,FO,NSE,IDO,62808,,FINNIFTY,,2026-07-28,2026-07-28,23300.00,PE,FINNIFTY26JUL23300PE,0.00,0.00,0.00,171.90,0.00,171.90,26102.15,86.45,0,0,0,0.00,0,F1,60,,,,,
2026-05-25,2026-05-25,FO,NSE,IDO,62819,,FINNIFTY,,2026-07-28,2026-07-28,23600.00,PE,FINNIFTY26JUL23600PE,0.00,0.00,0.00,217.95,0.00,217.95,26102.15,117.35,0,0,0,0.00,0,F1,60,,,,,
2026-05-25,2026-05-25,FO,NSE,IDO,62844,,FINNIFTY,,2026-07-28,2026-07-28,24200.00,PE,FINNIFTY26JUL24200PE,0.00,0.00,0.00,337.20,0.00,337.20,26102.15,204.80,0,0,0,0.00,0,F1,60,,,,,
2026-05-25,2026-05-25,FO,NSE,IDO,62856,,FINNIFTY,,2026-07-28,2026-07-28,24400.00,PE,FINNIFTY26JUL24400PE,0.00,0.00,0.00,386.80,0.00,386.80,26102.15,242.90,0,0,0,0.00,0,F1,60,,,,,
2026-05-25,2026-05-25,FO,NSE,IDO,62887,,FINNIFTY,,2026-07-28,2026-07-28,24700.00,PE,FINNIFTY26JUL24700PE,0.00,0.00,0.00,467.60,0.00,467.60,26102.15,309.60,0,0,0,0.00,0,F1,60,,,,,
2026-05-25,2026-05-25,FO,NSE,IDO,62905,,FINNIFTY,,2026-07-28,2026-07-28,25600.00,PE,FINNIFTY26JUL25600PE,0.00,0.00,0.00,785.05,0.00,785.05,26102.15,587.50,0,0,0,0.00,0,F1,60,,,,,
2026-05-25,2026-05-25,FO,NSE,IDO,62952,,FINNIFTY,,2026-07-28,2026-07-28,27400.00,PE,FINNIFTY26JUL27400PE,0.00,0.00,0.00,1753.35,0.00,1753.35,26102.15,1534.50,0,0,0,0.00,0,F1,60,,,,,
2026-05-25,2026-05-25,FO,NSE,IDO,62986,,FINNIFTY,,2026-07-28,2026-07-28,28100.00,PE,FINNIFTY26JUL28100PE,0.00,0.00,0.00,2241.00,0.00,2241.00,26102.15,2035.80,0,0,0,0.00,0,F1,60,,,,,
2026-05-25,2026-05-25,FO,NSE,IDO,62399,,FINNIFTY,,2026-05-26,2026-05-26,23150.00,CE,FINNIFTY26MAY23150CE,0.00,0.00,0.00,2903.75,0.00,2903.75,26102.15,2955.95,0,0,0,0.00,0,F1,60,,,,,
2026-05-25,2026-05-25,FO,NSE,IDO,69537,,FINNIFTY,,2026-05-26,2026-05-26,23800.00,CE,FINNIFTY26MAY23800CE,0.00,0.00,0.00,4895.30,0.00,4895.30,26102.15,2306.05,0,0,0,0.00,0,F1,60,,,,,
2026-05-25,2026-05-25,FO,NSE,IDO,69539,,FINNIFTY,,2026-05-26,2026-05-26,23900.00,CE,FINNIFTY26MAY23900CE,0.00,0.00,0.00,4798.25,0.00,4798.25,26102.15,2206.05,0,0,0,0.00,0,F1,60,,,,,
2026-05-25,2026-05-25,FO,NSE,IDO,69547,,FINNIFTY,,2026-05-26,2026-05-26,24300.00,CE,FINNIFTY26MAY24300CE,0.00,0.00,0.00,4412.10,0.00,4412.10,26102.15,1806.15,0,0,0,0.00,0,F1,60,,,,,
2026-05-25,2026-05-25,FO,NSE,IDO,62447,,FINNIFTY,,2026-05-26,2026-05-26,24650.00,CE,FINNIFTY26MAY24650CE,0.00,0.00,0.00,1542.45,0.00,1542.45,26102.15,1456.20,0,0,0,0.00,0,F1,60,,,,,
2026-05-25,2026-05-25,FO,NSE,IDO,69663,,FINNIFTY,,2026-05-26,2026-05-26,26500.00,CE,FINNIFTY26MAY26500CE,16.05,34.90,8.70,21.00,31.00,12.25,26102.15,21.00,126180,-20520,13838,22014813156.00,6608,F1,60,,,,,
2026-05-25,2026-05-25,FO,NSE,IDO,69665,,FINNIFTY,,2026-05-26,2026-05-26,26600.00,CE,FINNIFTY26MAY26600CE,8.00,19.15,5.40,13.25,18.70,9.15,26102.15,13.25,37740,27960,3602,5750774439.00,2350,F1,60,,,,,
2026-05-25,2026-05-25,FO,NSE,IDO,62513,,FINNIFTY,,2026-05-26,2026-05-26,26750.00,CE,FINNIFTY26MAY26750CE,1.90,8.95,1.90,6.30,7.10,4.95,26102.15,6.30,3420,1440,120,192632079.00,79,F1,60,,,,,
2026-05-25,2026-05-25,FO,NSE,IDO,62517,,FINNIFTY,,2026-05-26,2026-05-26,26950.00,CE,FINNIFTY26MAY26950CE,0.00,0.00,0.00,4.00,4.00,4.00,26102.15,0.25,360,0,0,0.00,0,F1,60,,,,,
2026-05-25,2026-05-25,FO,NSE,IDO,69675,,FINNIFTY,,2026-05-26,2026-05-26,27100.00,CE,FINNIFTY26MAY27100CE,4.65,4.65,1.75,2.65,2.50,3.30,26102.15,2.65,2460,-420,75,121960347.00,46,F1,60,,,,,
2026-05-25,2026-05-25,FO,NSE,IDO,62525,,FINNIFTY,,2026-05-26,2026-05-26,27350.00,CE,FINNIFTY26MAY27350CE,0.00,0.00,0.00,6.20,6.20,6.20,26102.15,0.00,60,0,0,0.00,0,F1,60,,,,,
2026-05-25,2026-05-25,FO,NSE,IDO,77315,,FINNIFTY,,2026-06-30,2026-06-30,22100.00,CE,FINNIFTY26JUN22100CE,0.00,0.00,0.00,2096.85,0.00,2096.85,26102.15,4148.05,0,0,0,0.00,0,F1,60,,,,,
2026-05-25,2026-05-25,FO,NSE,IDO,77515,,FINNIFTY,,2026-06-30,2026-06-30,25800.00,CE,FINNIFTY26JUN25800CE,0.00,0.00,0.00,334.40,0.00,334.40,26102.15,962.85,0,0,0,0.00,0,F1,60,,,,,
2026-05-25,2026-05-25,FO,NSE,IDO,77525,,FINNIFTY,,2026-06-30,2026-06-30,26300.00,CE,FINNIFTY26JUN26300CE,0.00,0.00,0.00,241.15,0.00,241.15,26102.15,696.45,0,0,0,0.00,0,F1,60,,,,,
2026-05-25,2026-05-25,FO,NSE,IDO,77547,,FINNIFTY,,2026-06-30,2026-06-30,27100.00,CE,FINNIFTY26JUN27100CE,0.00,0.00,0.00,137.50,0.00,137.50,26102.15,383.15,0,0,0,0.00,0,F1,60,,,,,
2026-05-25,2026-05-25,FO,NSE,IDO,62834,,FINNIFTY,,2026-07-28,2026-07-28,24000.00,CE,FINNIFTY26JUL24000CE,0.00,0.00,0.00,2575.20,0.00,2575.20,26102.15,2548.90,0,0,0,0.00,0,F1,60,,,,,
2026-05-25,2026-05-25,FO,NSE,IDO,62836,,FINNIFTY,,2026-07-28,2026-07-28,24100.00,CE,FINNIFTY26JUL24100CE,0.00,0.00,0.00,2498.10,0.00,2498.10,26102.15,2466.15,0,0,0,0.00,0,F1,60,,,,,
2026-05-25,2026-05-25,FO,NSE,IDO,62843,,FINNIFTY,,2026-07-28,2026-07-28,24200.00,CE,FINNIFTY26JUL24200CE,0.00,0.00,0.00,2422.10,0.00,2422.10,26102.15,2384.55,0,0,0,0.00,0,F1,60,,,,,
2026-05-25,2026-05-25,FO,NSE,IDO,69500,,FINNIFTY,,2026-05-26,2026-05-26,20500.00,PE,FINNIFTY26MAY20500PE,0.10,0.80,0.05,0.05,0.05,0.80,26102.15,0.00,660,-780,16,19680135.00,5,F1,60,,,,,
2026-05-25,2026-05-25,FO,NSE,IDO,62356,,FINNIFTY,,2026-05-26,2026-05-26,22550.00,PE,FINNIFTY26MAY22550PE,4.00,4.00,0.05,0.30,0.05,3.85,26102.15,0.30,2700,2700,98,132605226.00,13,F1,60,,,,,
2026-05-25,2026-05-25,FO,NSE,IDO,62369,,FINNIFTY,,2026-05-26,2026-05-26,22850.00,PE,FINNIFTY26MAY22850PE,0.00,0.00,0.00,7.35,0.00,7.35,26102.15,0.00,0,0,0,0.00,0,F1,60,,,,,
2026-05-25,2026-05-25,FO,NSE,IDO,69552,,FINNIFTY,,2026-05-26,2026-05-26,24500.00,PE,FINNIFTY26MAY24500PE,3.00,3.00,0.85,1.45,1.40,5.95,26102.15,1.45,22140,-17100,2031,2985773568.00,891,F1,60,,,,,
2026-05-25,2026-05-25,FO,NSE,IDO,62484,,FINNIFTY,,2026-05-26,2026-05-26,25850.00,PE,FINNIFTY26MAY25850PE,114.45,119.35,21.90,28.05,24.45,358.15,26102.15,28.05,18840,18060,5063,7873661862.00,3571,F1,60,,,,,
2026-05-25,2026-05-25,FO,NSE,IDO,62486,,FINNIFTY,,2026-05-26,2026-05-26,25950.00,PE,FINNIFTY26MAY25950PE,167.25,167.25,35.00,48.10,35.20,402.00,26102.15,48.10,26940,25800,7952,12426781122.00,4959,F1,60,,,,,
2026-05-25,2026-05-25,FO,NSE,IDO,69666,,FINNIFTY,,2026-05-26,2026-05-26,26600.00,PE,FINNIFTY26MAY26600PE,0.00,0.00,0.00,469.15,462.20,469.15,26102.15,499.75,1320,0,0,0.00,0,F1,60,,,,,
2026-05-25,2026-05-25,FO,NSE,IDO,69674,,FINNIFTY,,2026-05-26,2026-05-26,27000.00,PE,FINNIFTY26MAY27000PE,1000.00,1000.00,889.20,889.20,889.20,867.85,26102.15,889.20,660,-60,2,3353352.00,2,F1,60,,,,,
2026-05-25,2026-05-25,FO,NSE,IDO,62524,,FINNIFTY,,2026-05-26,2026-05-26,27250.00,PE,FINNIFTY26MAY27250PE,0.00,0.00,0.00,1400.30,0.00,1400.30,26102.15,1143.45,0,0,0,0.00,0,F1,60,,,,,
2026-05-25,2026-05-25,FO,NSE,IDO,69682,,FINNIFTY,,2026-05-26,2026-05-26,27400.00,PE,FINNIFTY26MAY27400PE,0.00,0.00,0.00,394.80,0.00,394.80,26102.15,1293.40,0,0,0,0.00,0,F1,60,,,,,
2026-05-25,2026-05-25,FO,NSE,IDO,69808,,FINNIFTY,,2026-05-26,2026-05-26,31000.00,PE,FINNIFTY26MAY31000PE,0.00,0.00,0.00,2439.95,0.00,2439.95,26102.15,4892.80,0,0,0,0.00,0,F1,60,,,,,
2026-05-25,2026-05-25,FO,NSE,IDO,77465,,FINNIFTY,,2026-06-30,2026-06-30,23500.00,PE,FINNIFTY26JUN23500PE,0.00,0.00,0.00,737.45,0.00,737.45,26102.15,36.15,0,0,0,0.00,0,F1,60,,,,,
2026-05-25,2026-05-25,FO,NSE,IDO,77481,,FINNIFTY,,2026-06-30,2026-06-30,24200.00,PE,FINNIFTY26JUN24200PE,0.00,0.00,0.00,1083.50,0.00,1083.50,26102.15,95.20,0,0,0,0.00,0,F1,60,,,,,
2026-05-25,2026-05-25,FO,NSE,IDO,77485,,FINNIFTY,,2026-06-30,2026-06-30,24400.00,PE,FINNIFTY26JUN24400PE,0.00,0.00,0.00,1196.75,0.00,1196.75,26102.15,121.80,0,0,0,0.00,0,F1,60,,,,,
2026-05-25,2026-05-25,FO,NSE,IDO,77487,,FINNIFTY,,2026-06-30,2026-06-30,24500.00,PE,FINNIFTY26JUN24500PE,0.00,0.00,0.00,1255.70,0.00,1255.70,26102.15,137.10,0,0,0,0.00,0,F1,60,,,,,
2026-05-25,2026-05-25,FO,NSE,IDO,77493,,FINNIFTY,,2026-06-30,2026-06-30,24800.00,PE,FINNIFTY26JUN24800PE,0.00,0.00,0.00,1441.60,0.00,1441.60,26102.15,192.00,0,0,0,0.00,0,F1,60,,,,,
2026-05-25,2026-05-25,FO,NSE,IDO,77495,,FINNIFTY,,2026-06-30,2026-06-30,24900.00,PE,FINNIFTY26JUN24900PE,0.00,0.00,0.00,1506.45,0.00,1506.45,26102.15,213.55,0,0,0,0.00,0,F1,60,,,,,
2026-05-25,2026-05-25,FO,NSE,IDO,77503,,FINNIFTY,,2026-06-30,2026-06-30,25300.00,PE,FINNIFTY26JUN25300PE,0.00,0.00,0.00,1779.80,0.00,1779.80,26102.15,317.75,0,0,0,0.00,0,F1,60,,,,,
2026-05-25,2026-05-25,FO,NSE,IDO,77534,,FINNIFTY,,2026-06-30,2026-06-30,26700.00,PE,FINNIFTY26JUN26700PE,0.00,0.00,0.00,2883.10,0.00,2883.10,26102.15,948.20,0,0,0,0.00,0,F1,60,,,,,
2026-05-25,2026-05-25,FO,NSE,IDO,77548,,FINNIFTY,,2026-06-30,2026-06-30,27100.00,PE,FINNIFTY26JUN27100PE,0.00,0.00,0.00,3230.25,0.00,3230.25,26102.15,1205.65,0,0,0,0.00,0,F1,60,,,,,
2026-05-25,2026-05-25,FO,NSE,IDO,77600,,FINNIFTY,,2026-06-30,2026-06-30,27700.00,PE,FINNIFTY26JUN27700PE,0.00,0.00,0.00,3769.55,0.00,3769.55,26102.15,1648.00,0,0,0,0.00,0,F1,60,,,,,
2026-05-25,2026-05-25,FO,NSE,IDO,77639,,FINNIFTY,,2026-06-30,2026-06-30,28800.00,PE,FINNIFTY26JUN28800PE,0.00,0.00,0.00,4798.15,0.00,4798.15,26102.15,2588.45,0,0,0,0.00,0,F1,60,,,,,
2026-05-25,2026-05-25,FO,NSE,IDO,62788,,FINNIFTY,,2026-07-28,2026-07-28,23000.00,PE,FINNIFTY26JUL23000PE,0.00,0.00,0.00,133.75,0.00,133.75,26102.15,62.45,0,0,0,0.00,0,F1,60,,,,,
2026-05-25,2026-05-25,FO,NSE,IDO,62817,,FINNIFTY,,2026-07-28,2026-07-28,23500.00,PE,FINNIFTY26JUL23500PE,0.00,0.00,0.00,201.70,0.00,201.70,26102.15,106.20,0,0,0,0.00,0,F1,60,,,,,
2026-05-25,2026-05-25,FO,NSE,IDO,62911,,FINNIFTY,,2026-07-28,2026-07-28,25900.00,PE,FINNIFTY26JUL25900PE,0.00,0.00,0.00,915.65,0.00,915.65,26102.15,708.75,0,0,0,0.00,0,F1,60,,,,,
2026-05-25,2026-05-25,FO,NSE,IDO,62917,,FINNIFTY,,2026-07-28,2026-07-28,26200.00,PE,FINNIFTY26JUL26200PE,0.00,0.00,0.00,1058.65,0.00,1058.65,26102.15,844.80,0,0,0,0.00,0,F1,60,,,,,
2026-05-25,2026-05-25,FO,NSE,IDO,62923,,FINNIFTY,,2026-07-28,2026-07-28,26500.00,PE,FINNIFTY26JUL26500PE,0.00,0.00,0.00,1214.30,0.00,1214.30,26102.15,995.65,0,0,0,0.00,0,F1,60,,,,,
2026-05-25,2026-05-25,FO,NSE,IDO,62964,,FINNIFTY,,2026-07-28,2026-07-28,27600.00,PE,FINNIFTY26JUL27600PE,0.00,0.00,0.00,1886.95,0.00,1886.95,26102.15,1670.70,0,0,0,0.00,0,F1,60,,,,,
2026-05-25,2026-05-25,FO,NSE,IDO,69563,,FINNIFTY,,2026-05-26,2026-05-26,25100.00,CE,FINNIFTY26MAY25100CE,824.45,1089.35,824.20,1071.45,1089.35,550.40,26102.15,1071.45,5460,-540,30,46729155.00,27,F1,60,,,,,
2026-05-25,2026-05-25,FO,NSE,IDO,62459,,FINNIFTY,,2026-05-26,2026-05-26,24850.00,CE,FINNIFTY26MAY24850CE,0.00,0.00,0.00,470.10,470.10,470.10,26102.15,1256.20,360,0,0,0.00,0,F1,60,,,,,
2026-05-25,2026-05-25,FO,NSE,IDO,62441,,FINNIFTY,,2026-05-26,2026-05-26,24350.00,CE,FINNIFTY26MAY24350CE,0.00,0.00,0.00,1793.30,0.00,1793.30,26102.15,1756.15,0,0,0,0.00,0,F1,60,,,,,
2026-05-25,2026-05-25,FO,NSE,IDO,62431,,FINNIFTY,,2026-05-26,2026-05-26,24050.00,CE,FINNIFTY26MAY24050CE,0.00,0.00,0.00,2057.50,0.00,2057.50,26102.15,2056.10,0,0,0,0.00,0,F1,60,,,,,
2026-05-25,2026-05-25,FO,NSE,IDO,62401,,FINNIFTY,,2026-05-26,2026-05-26,23250.00,CE,FINNIFTY26MAY23250CE,0.00,0.00,0.00,2807.05,0.00,2807.05,26102.15,2855.95,0,0,0,0.00,0,F1,60,,,,,
2026-05-25,2026-05-25,FO,NSE,IDO,62357,,FINNIFTY,,2026-05-26,2026-05-26,22650.00,CE,FINNIFTY26MAY22650CE,0.00,0.00,0.00,3392.85,0.00,3392.85,26102.15,3455.85,0,0,0,0.00,0,F1,60,,,,,
2026-05-25,2026-05-25,FO,NSE,IDO,62353,,FINNIFTY,,2026-05-26,2026-05-26,22450.00,CE,FINNIFTY26MAY22450CE,0.00,0.00,0.00,3590.25,0.00,3590.25,26102.15,3655.85,0,0,0,0.00,0,F1,60,,,,,
2026-05-25,2026-05-25,FO,NSE,IDO,69507,,FINNIFTY,,2026-05-26,2026-05-26,22300.00,CE,FINNIFTY26MAY22300CE,0.00,0.00,0.00,6362.95,0.00,6362.95,26102.15,3805.80,0,0,0,0.00,0,F1,60,,,,,
2026-05-25,2026-05-25,FO,NSE,IDO,40434,,FINNIFTY,,2026-05-26,2026-05-26,21700.00,CE,FINNIFTY26MAY21700CE,0.00,0.00,0.00,6199.50,0.00,6199.50,26102.15,4405.70,0,0,0,0.00,0,F1,60,,,,,
2026-05-25,2026-05-25,FO,NSE,IDO,62473,,FINNIFTY,,2026-05-26,2026-05-26,25450.00,CE,FINNIFTY26MAY25450CE,520.00,661.05,509.70,661.05,661.05,278.40,26102.15,661.05,6240,-1200,103,160765827.00,63,F1,60,,,,,
2026-05-25,2026-05-25,FO,NSE,IDO,69643,,FINNIFTY,,2026-05-26,2026-05-26,25500.00,CE,FINNIFTY26MAY25500CE,401.00,771.95,288.05,703.65,726.55,245.10,26102.15,703.65,33660,-15420,982,1532524380.00,868,F1,60,,,,,
2026-05-25,2026-05-25,FO,NSE,IDO,62483,,FINNIFTY,,2026-05-26,2026-05-26,25850.00,CE,FINNIFTY26MAY25850CE,139.10,440.05,138.75,332.20,440.05,93.65,26102.15,332.20,4080,-1140,1513,2364988980.00,1188,F1,60,,,,,
2026-05-25,2026-05-25,FO,NSE,IDO,62515,,FINNIFTY,,2026-05-26,2026-05-26,26850.00,CE,FINNIFTY26MAY26850CE,5.20,6.60,1.85,4.85,6.10,5.95,26102.15,4.85,5160,3300,207,333524640.00,124,F1,60,,,,,
2026-05-25,2026-05-25,FO,NSE,IDO,69673,,FINNIFTY,,2026-05-26,2026-05-26,27000.00,CE,FINNIFTY26MAY27000CE,3.05,4.40,1.80,2.95,4.00,3.90,26102.15,2.95,65820,-6480,3317,5374058514.00,1397,F1,60,,,,,
2026-05-25,2026-05-25,FO,NSE,IDO,69683,,FINNIFTY,,2026-05-26,2026-05-26,27500.00,CE,FINNIFTY26MAY27500CE,1.80,7.25,0.70,1.05,0.75,1.80,26102.15,1.05,41760,-9180,913,1506507642.00,229,F1,60,,,,,
2026-05-25,2026-05-25,FO,NSE,IDO,69687,,FINNIFTY,,2026-05-26,2026-05-26,27700.00,CE,FINNIFTY26MAY27700CE,0.00,0.00,0.00,1.40,1.00,1.40,26102.15,0.00,1200,0,0,0.00,0,F1,60,,,,,
2026-05-25,2026-05-25,FO,NSE,IDO,69699,,FINNIFTY,,2026-05-26,2026-05-26,28300.00,CE,FINNIFTY26MAY28300CE,0.35,0.35,0.35,0.35,0.35,4.50,26102.15,0.00,240,0,4,6792084.00,2,F1,60,,,,,
2026-05-25,2026-05-25,FO,NSE,IDO,69764,,FINNIFTY,,2026-05-26,2026-05-26,29200.00,CE,FINNIFTY26MAY29200CE,0.00,0.00,0.00,0.60,0.60,0.60,26102.15,0.00,600,0,0,0.00,0,F1,60,,,,,
2026-05-25,2026-05-25,FO,NSE,IDO,69772,,FINNIFTY,,2026-05-26,2026-05-26,29500.00,CE,FINNIFTY26MAY29500CE,0.50,0.50,0.50,0.50,0.50,0.50,26102.15,0.00,1620,-660,15,26550450.00,2,F1,60,,,,,
2026-05-25,2026-05-25,FO,NSE,IDO,69792,,FINNIFTY,,2026-05-26,2026-05-26,30300.00,CE,FINNIFTY26MAY30300CE,0.00,0.00,0.00,391.75,0.00,391.75,26102.15,0.00,0,0,0,0.00,0,F1,60,,,,,
2026-05-25,2026-05-25,FO,NSE,IDO,77293,,FINNIFTY,,2026-06-30,2026-06-30,21000.00,CE,FINNIFTY26JUN21000CE,0.00,0.00,0.00,3000.75,0.00,3000.75,26102.15,5238.25,0,0,0,0.00,0,F1,60,,,,,
2026-05-25,2026-05-25,FO,NSE,IDO,69517,,FINNIFTY,,2026-05-26,2026-05-26,22800.00,CE,FINNIFTY26MAY22800CE,0.00,0.00,0.00,5872.15,0.00,5872.15,26102.15,3305.90,0,0,0,0.00,0,F1,60,,,,,
2026-05-25,2026-05-25,FO,NSE,IDO,69505,,FINNIFTY,,2026-05-26,2026-05-26,22000.00,CE,FINNIFTY26MAY22000CE,0.00,0.00,0.00,6657.75,0.00,6657.75,26102.15,4105.75,0,0,0,0.00,0,F1,60,,,,,
2026-05-25,2026-05-25,FO,NSE,IDO,69527,,FINNIFTY,,2026-05-26,2026-05-26,23300.00,CE,FINNIFTY26MAY23300CE,0.00,0.00,0.00,5382.55,0.00,5382.55,26102.15,2805.95,0,0,0,0.00,0,F1,60,,,,,
2026-05-25,2026-05-25,FO,NSE,IDO,62445,,FINNIFTY,,2026-05-26,2026-05-26,24550.00,CE,FINNIFTY26MAY24550CE,0.00,0.00,0.00,1624.40,0.00,1624.40,26102.15,1556.15,0,0,0,0.00,0,F1,60,,,,,
2026-05-25,2026-05-25,FO,NSE,IDO,69555,,FINNIFTY,,2026-05-26,2026-05-26,24700.00,CE,FINNIFTY26MAY24700CE,0.00,0.00,0.00,552.95,552.95,552.95,26102.15,1406.20,60,0,0,0.00,0,F1,60,,,,,
2026-05-25,2026-05-25,FO,NSE,IDO,62495,,FINNIFTY,,2026-05-26,2026-05-26,26350.00,CE,FINNIFTY26MAY26350CE,26.65,73.05,17.40,46.50,65.55,17.20,26102.15,46.50,17940,13920,2675,4234349358.00,1916,F1,60,,,,,
2026-05-25,2026-05-25,FO,NSE,IDO,62497,,FINNIFTY,,2026-05-26,2026-05-26,26450.00,CE,FINNIFTY26MAY26450CE,18.85,43.15,10.35,25.65,42.25,13.15,26102.15,25.65,28020,26280,1583,2514032529.00,962,F1,60,,,,,
2026-05-25,2026-05-25,FO,NSE,IDO,62521,,FINNIFTY,,2026-05-26,2026-05-26,27150.00,CE,FINNIFTY26MAY27150CE,0.00,0.00,0.00,5.00,5.00,5.00,26102.15,0.05,720,0,0,0.00,0,F1,60,,,,,
2026-05-25,2026-05-25,FO,NSE,IDO,62533,,FINNIFTY,,2026-05-26,2026-05-26,27750.00,CE,FINNIFTY26MAY27750CE,0.00,0.00,0.00,120.90,0.00,120.90,26102.15,0.00,0,0,0,0.00,0,F1,60,,,,,
2026-05-25,2026-05-25,FO,NSE,IDO,62539,,FINNIFTY,,2026-05-26,2026-05-26,28050.00,CE,FINNIFTY26MAY28050CE,0.00,0.00,0.00,84.80,0.00,84.80,26102.15,0.00,0,0,0,0.00,0,F1,60,,,,,
2026-05-25,2026-05-25,FO,NSE,IDO,69705,,FINNIFTY,,2026-05-26,2026-05-26,28600.00,CE,FINNIFTY26MAY28600CE,0.00,0.00,0.00,3.20,3.20,3.20,26102.15,0.00,120,0,0,0.00,0,F1,60,,,,,
2026-05-25,2026-05-25,FO,NSE,IDO,62946,,FINNIFTY,,2026-07-28,2026-07-28,27200.00,PE,FINNIFTY26JUL27200PE,0.00,0.00,0.00,1624.55,0.00,1624.55,26102.15,1404.05,0,0,0,0.00,0,F1,60,,,,,
2026-05-25,2026-05-25,FO,NSE,IDO,62870,,FINNIFTY,,2026-07-28,2026-07-28,24500.00,PE,FINNIFTY26JUL24500PE,0.00,0.00,0.00,412.80,0.00,412.80,26102.15,263.80,0,0,0,0.00,0,F1,60,,,,,
2026-05-25,2026-05-25,FO,NSE,IDO,62782,,FINNIFTY,,2026-07-28,2026-07-28,22700.00,PE,FINNIFTY26JUL22700PE,0.00,0.00,0.00,102.60,0.00,102.60,26102.15,44.20,0,0,0,0.00,0,F1,60,,,,,
2026-05-25,2026-05-25,FO,NSE,IDO,77607,,FINNIFTY,,2026-06-30,2026-06-30,28000.00,PE,FINNIFTY26JUN28000PE,0.00,0.00,0.00,4045.80,0.00,4045.80,26102.15,1890.30,0,0,0,0.00,0,F1,60,,,,,
2026-05-25,2026-05-25,FO,NSE,IDO,77532,,FINNIFTY,,2026-06-30,2026-06-30,26600.00,PE,FINNIFTY26JUN26600PE,0.00,0.00,0.00,2798.15,0.00,2798.15,26102.15,888.95,0,0,0,0.00,0,F1,60,,,,,
2026-05-25,2026-05-25,FO,NSE,IDO,77520,,FINNIFTY,,2026-06-30,2026-06-30,26000.00,PE,FINNIFTY26JUN26000PE,546.90,546.90,445.00,445.00,445.00,2306.55,26102.15,445.00,480,480,10,15901251.00,10,F1,60,,,,,
2026-05-25,2026-05-25,FO,NSE,IDO,77507,,FINNIFTY,,2026-06-30,2026-06-30,25500.00,PE,FINNIFTY26JUN25500PE,0.00,0.00,0.00,508.10,508.10,508.10,26102.15,381.85,60,0,0,0.00,0,F1,60,,,,,
2026-05-25,2026-05-25,FO,NSE,IDO,77369,,FINNIFTY,,2026-06-30,2026-06-30,22900.00,PE,FINNIFTY26JUN22900PE,0.00,0.00,0.00,503.95,0.00,503.95,26102.15,13.65,0,0,0,0.00,0,F1,60,,,,,
2026-05-25,2026-05-25,FO,NSE,IDO,77306,,FINNIFTY,,2026-06-30,2026-06-30,21600.00,PE,FINNIFTY26JUN21600PE,0.00,0.00,0.00,182.50,0.00,182.50,26102.15,1.00,0,0,0,0.00,0,F1,60,,,,,
2026-05-25,2026-05-25,FO,NSE,IDO,69765,,FINNIFTY,,2026-05-26,2026-05-26,29200.00,PE,FINNIFTY26MAY29200PE,0.00,0.00,0.00,1171.15,0.00,1171.15,26102.15,3093.10,0,0,0,0.00,0,F1,60,,,,,
2026-05-25,2026-05-25,FO,NSE,IDO,69706,,FINNIFTY,,2026-05-26,2026-05-26,28600.00,PE,FINNIFTY26MAY28600PE,0.00,0.00,0.00,853.70,0.00,853.70,26102.15,2493.20,0,0,0,0.00,0,F1,60,,,,,
2026-05-25,2026-05-25,FO,NSE,IDO,62552,,FINNIFTY,,2026-05-26,2026-05-26,28450.00,PE,FINNIFTY26MAY28450PE,0.00,0.00,0.00,2437.45,0.00,2437.45,26102.15,2343.25,0,0,0,0.00,0,F1,60,,,,,
2026-05-25,2026-05-25,FO,NSE,IDO,62544,,FINNIFTY,,2026-05-26,2026-05-26,28250.00,PE,FINNIFTY26MAY28250PE,0.00,0.00,0.00,2253.30,0.00,2253.30,26102.15,2143.25,0,0,0,0.00,0,F1,60,,,,,
2026-05-25,2026-05-25,FO,NSE,IDO,69680,,FINNIFTY,,2026-05-26,2026-05-26,27300.00,PE,FINNIFTY26MAY27300PE,0.00,0.00,0.00,367.95,0.00,367.95,26102.15,1193.40,0,0,0,0.00,0,F1,60,,,,,
2026-05-25,2026-05-25,FO,NSE,IDO,62496,,FINNIFTY,,2026-05-26,2026-05-26,26350.00,PE,FINNIFTY26MAY26350PE,380.10,380.10,240.10,242.20,245.00,751.00,26102.15,242.20,1440,0,18,28808550.00,17,F1,60,,,,,
2026-05-25,2026-05-25,FO,NSE,IDO,62472,,FINNIFTY,,2026-05-26,2026-05-26,25350.00,PE,FINNIFTY26MAY25350PE,48.70,48.70,3.00,3.95,3.70,89.35,26102.15,3.95,10560,5040,756,1150258332.00,460,F1,60,,,,,
2026-05-25,2026-05-25,FO,NSE,IDO,69558,,FINNIFTY,,2026-05-26,2026-05-26,24800.00,PE,FINNIFTY26MAY24800PE,4.50,8.00,1.35,3.40,2.10,14.55,26102.15,3.40,15720,1980,952,1416742737.00,415,F1,60,,,,,
2026-05-25,2026-05-25,FO,NSE,IDO,62448,,FINNIFTY,,2026-05-26,2026-05-26,24650.00,PE,FINNIFTY26MAY24650PE,2.70,3.35,1.20,2.30,1.60,8.60,26102.15,2.30,2760,300,112,165663897.00,63,F1,60,,,,,
2026-05-25,2026-05-25,FO,NSE,IDO,62416,,FINNIFTY,,2026-05-26,2026-05-26,23750.00,PE,FINNIFTY26MAY23750PE,0.90,2.00,0.65,0.70,0.70,1.50,26102.15,0.00,660,-1260,59,84078060.00,14,F1,60,,,,,
2026-05-25,2026-05-25,FO,NSE,IDO,62412,,FINNIFTY,,2026-05-26,2026-05-26,23550.00,PE,FINNIFTY26MAY23550PE,0.85,0.85,0.65,0.65,0.65,5.10,26102.15,0.00,60,0,20,28260900.00,2,F1,60,,,,,
2026-05-25,2026-05-25,FO,NSE,IDO,62405,,FINNIFTY,,2026-05-26,2026-05-26,23350.00,PE,FINNIFTY26MAY23350PE,0.10,0.10,0.10,0.10,0.10,0.10,26102.15,0.10,480,0,1,1401006.00,1,F1,60,,,,,
2026-05-25,2026-05-25,FO,NSE,IDO,69512,,FINNIFTY,,2026-05-26,2026-05-26,22500.00,PE,FINNIFTY26MAY22500PE,0.50,0.60,0.15,0.50,0.15,0.20,26102.15,0.50,1260,-3840,74,99901398.00,15,F1,60,,,,,
2026-05-25,2026-05-25,FO,NSE,IDO,69510,,FINNIFTY,,2026-05-26,2026-05-26,22400.00,PE,FINNIFTY26MAY22400PE,0.00,0.00,0.00,0.80,0.00,0.80,26102.15,0.00,0,0,0,0.00,0,F1,60,,,,,
2026-05-25,2026-05-25,FO,NSE,IDO,63027,,FINNIFTY,,2026-07-28,2026-07-28,29500.00,CE,FINNIFTY26JUL29500CE,0.00,0.00,0.00,221.50,0.00,221.50,26102.15,135.60,0,0,0,0.00,0,F1,60,,,,,
2026-05-25,2026-05-25,FO,NSE,IDO,63017,,FINNIFTY,,2026-07-28,2026-07-28,29000.00,CE,FINNIFTY26JUL29000CE,0.00,0.00,0.00,296.00,0.00,296.00,26102.15,195.55,0,0,0,0.00,0,F1,60,,,,,
2026-05-25,2026-05-25,FO,NSE,IDO,63000,,FINNIFTY,,2026-07-28,2026-07-28,28600.00,CE,FINNIFTY26JUL28600CE,0.00,0.00,0.00,369.70,0.00,369.70,26102.15,258.35,0,0,0,0.00,0,F1,60,,,,,
2026-05-25,2026-05-25,FO,NSE,IDO,62998,,FINNIFTY,,2026-07-28,2026-07-28,28500.00,CE,FINNIFTY26JUL28500CE,0.00,0.00,0.00,390.30,0.00,390.30,26102.15,276.40,0,0,0,0.00,0,F1,60,,,,,
2026-05-25,2026-05-25,FO,NSE,IDO,62994,,FINNIFTY,,2026-07-28,2026-07-28,28300.00,CE,FINNIFTY26JUL28300CE,0.00,0.00,0.00,435.25,0.00,435.25,26102.15,315.65,0,0,0,0.00,0,F1,60,,,,,
2026-05-25,2026-05-25,FO,NSE,IDO,69766,,FINNIFTY,,2026-05-26,2026-05-26,29300.00,CE,FINNIFTY26MAY29300CE,0.00,0.00,0.00,707.30,0.00,707.30,26102.15,0.00,0,0,0,0.00,0,F1,60,,,,,
2026-05-25,2026-05-25,FO,NSE,IDO,62953,,FINNIFTY,,2026-07-28,2026-07-28,27500.00,CE,FINNIFTY26JUL27500CE,0.00,0.00,0.00,651.85,0.00,651.85,26102.15,519.50,0,0,0,0.00,0,F1,60,,,,,
2026-05-25,2026-05-25,FO,NSE,IDO,62949,,FINNIFTY,,2026-07-28,2026-07-28,27400.00,CE,FINNIFTY26JUL27400CE,0.00,0.00,0.00,684.20,0.00,684.20,26102.15,551.00,0,0,0,0.00,0,F1,60,,,,,
2026-05-25,2026-05-25,FO,NSE,IDO,62924,,FINNIFTY,,2026-07-28,2026-07-28,26600.00,CE,FINNIFTY26JUL26600CE,0.00,0.00,0.00,988.30,0.00,988.30,26102.15,856.50,0,0,0,0.00,0,F1,60,,,,,
2026-05-25,2026-05-25,FO,NSE,IDO,62904,,FINNIFTY,,2026-07-28,2026-07-28,25600.00,CE,FINNIFTY26JUL25600CE,0.00,0.00,0.00,1490.10,0.00,1490.10,26102.15,1383.35,0,0,0,0.00,0,F1,60,,,,,
2026-05-25,2026-05-25,FO,NSE,IDO,62902,,FINNIFTY,,2026-07-28,2026-07-28,25500.00,CE,FINNIFTY26JUL25500CE,0.00,0.00,0.00,1547.90,0.00,1547.90,26102.15,1445.05,0,0,0,0.00,0,F1,60,,,,,
2026-05-25,2026-05-25,FO,NSE,IDO,62896,,FINNIFTY,,2026-07-28,2026-07-28,25200.00,CE,FINNIFTY26JUL25200CE,0.00,0.00,0.00,1729.70,0.00,1729.70,26102.15,1639.75,0,0,0,0.00,0,F1,60,,,,,
2026-05-25,2026-05-25,FO,NSE,IDO,62888,,FINNIFTY,,2026-07-28,2026-07-28,24800.00,CE,FINNIFTY26JUL24800CE,0.00,0.00,0.00,1991.05,0.00,1991.05,26102.15,1922.10,0,0,0,0.00,0,F1,60,,,,,
2026-05-25,2026-05-25,FO,NSE,IDO,62845,,FINNIFTY,,2026-07-28,2026-07-28,24300.00,CE,FINNIFTY26JUL24300CE,0.00,0.00,0.00,2347.30,0.00,2347.30,26102.15,2304.15,0,0,0,0.00,0,F1,60,,,,,
2026-05-25,2026-05-25,FO,NSE,IDO,62818,,FINNIFTY,,2026-07-28,2026-07-28,23600.00,CE,FINNIFTY26JUL23600CE,0.00,0.00,0.00,2894.25,0.00,2894.25,26102.15,2890.20,0,0,0,0.00,0,F1,60,,,,,
2026-05-25,2026-05-25,FO,NSE,IDO,62776,,FINNIFTY,,2026-07-28,2026-07-28,22600.00,CE,FINNIFTY26JUL22600CE,0.00,0.00,0.00,3755.55,0.00,3755.55,26102.15,3800.60,0,0,0,0.00,0,F1,60,,,,,
2026-05-25,2026-05-25,FO,NSE,IDO,77634,,FINNIFTY,,2026-06-30,2026-06-30,28600.00,CE,FINNIFTY26JUN28600CE,0.00,0.00,0.00,42.40,0.00,42.40,26102.15,95.20,0,0,0,0.00,0,F1,60,,,,,
2026-05-25,2026-05-25,FO,NSE,IDO,77606,,FINNIFTY,,2026-06-30,2026-06-30,28000.00,CE,FINNIFTY26JUN28000CE,0.00,0.00,0.00,69.15,0.00,69.15,26102.15,173.55,0,0,0,0.00,0,F1,60,,,,,
2026-05-25,2026-05-25,FO,NSE,IDO,69786,,FINNIFTY,,2026-05-26,2026-05-26,30200.00,CE,FINNIFTY26MAY30200CE,0.00,0.00,0.00,416.00,0.00,416.00,26102.15,0.00,0,0,0,0.00,0,F1,60,,,,,
2026-05-25,2026-05-25,FO,NSE,IDO,77299,,FINNIFTY,,2026-06-30,2026-06-30,21300.00,CE,FINNIFTY26JUN21300CE,0.00,0.00,0.00,2741.55,0.00,2741.55,26102.15,4940.40,0,0,0,0.00,0,F1,60,,,,,
2026-05-25,2026-05-25,FO,NSE,IDO,77307,,FINNIFTY,,2026-06-30,2026-06-30,21700.00,CE,FINNIFTY26JUN21700CE,0.00,0.00,0.00,2409.95,0.00,2409.95,26102.15,4543.75,0,0,0,0.00,0,F1,60,,,,,
2026-05-25,2026-05-25,FO,NSE,IDO,77317,,FINNIFTY,,2026-06-30,2026-06-30,22200.00,CE,FINNIFTY26JUN22200CE,0.00,0.00,0.00,2021.75,0.00,2021.75,26102.15,4049.40,0,0,0,0.00,0,F1,60,,,,,
2026-05-25,2026-05-25,FO,NSE,IDO,77323,,FINNIFTY,,2026-06-30,2026-06-30,22500.00,CE,FINNIFTY26JUN22500CE,0.00,0.00,0.00,1805.45,0.00,1805.45,26102.15,3754.25,0,0,0,0.00,0,F1,60,,,,,
2026-05-25,2026-05-25,FO,NSE,IDO,77480,,FINNIFTY,,2026-06-30,2026-06-30,24200.00,CE,FINNIFTY26JUN24200CE,0.00,0.00,0.00,838.80,0.00,838.80,26102.15,2153.90,0,0,0,0.00,0,F1,60,,,,,
2026-05-25,2026-05-25,FO,NSE,IDO,77492,,FINNIFTY,,2026-06-30,2026-06-30,24800.00,CE,FINNIFTY26JUN24800CE,0.00,0.00,0.00,607.65,0.00,607.65,26102.15,1654.55,0,0,0,0.00,0,F1,60,,,,,
2026-05-25,2026-05-25,FO,NSE,IDO,77508,,FINNIFTY,,2026-06-30,2026-06-30,25600.00,CE,FINNIFTY26JUN25600CE,0.00,0.00,0.00,379.90,0.00,379.90,26102.15,1084.75,0,0,0,0.00,0,F1,60,,,,,
2026-05-25,2026-05-25,FO,NSE,IDO,77523,,FINNIFTY,,2026-06-30,2026-06-30,26200.00,CE,FINNIFTY26JUN26200CE,0.00,0.00,0.00,257.85,0.00,257.85,26102.15,745.40,0,0,0,0.00,0,F1,60,,,,,
2026-05-25,2026-05-25,FO,NSE,IDO,77596,,FINNIFTY,,2026-06-30,2026-06-30,27700.00,CE,FINNIFTY26JUN27700CE,0.00,0.00,0.00,87.50,0.00,87.50,26102.15,229.30,0,0,0,0.00,0,F1,60,,,,,
2026-05-25,2026-05-25,FO,NSE,IDO,69540,,FINNIFTY,,2026-05-26,2026-05-26,23900.00,PE,FINNIFTY26MAY23900PE,0.90,1.50,0.70,0.90,0.80,1.85,26102.15,0.90,3000,-2160,61,87477378.00,49,F1,60,,,,,
2026-05-25,2026-05-25,FO,NSE,IDO,40443,,FINNIFTY,,2026-05-26,2026-05-26,21800.00,PE,FINNIFTY26MAY21800PE,0.00,0.00,0.00,0.50,0.00,0.50,26102.15,0.00,0,0,0,0.00,0,F1,60,,,,,
2026-05-25,2026-05-25,FO,NSE,IDO,40433,,FINNIFTY,,2026-05-26,2026-05-26,21600.00,PE,FINNIFTY26MAY21600PE,0.00,0.00,0.00,0.35,0.00,0.35,26102.15,0.00,0,0,0,0.00,0,F1,60,,,,,
2026-05-25,2026-05-25,FO,NSE,IDO,62967,,FINNIFTY,,2026-07-28,2026-07-28,27800.00,CE,FINNIFTY26JUL27800CE,0.00,0.00,0.00,561.85,0.00,561.85,26102.15,433.35,0,0,0,0.00,0,F1,60,,,,,
2026-05-25,2026-05-25,FO,NSE,IDO,62965,,FINNIFTY,,2026-07-28,2026-07-28,27700.00,CE,FINNIFTY26JUL27700CE,0.00,0.00,0.00,590.70,0.00,590.70,26102.15,460.75,0,0,0,0.00,0,F1,60,,,,,
2026-05-25,2026-05-25,FO,NSE,IDO,62935,,FINNIFTY,,2026-07-28,2026-07-28,27100.00,CE,FINNIFTY26JUL27100CE,0.00,0.00,0.00,788.60,0.00,788.60,26102.15,654.10,0,0,0,0.00,0,F1,60,,,,,
2026-05-25,2026-05-25,FO,NSE,IDO,62894,,FINNIFTY,,2026-07-28,2026-07-28,25100.00,CE,FINNIFTY26JUL25100CE,0.00,0.00,0.00,1793.05,0.00,1793.05,26102.15,1707.75,0,0,0,0.00,0,F1,60,,,,,
2026-05-25,2026-05-25,FO,NSE,IDO,62847,,FINNIFTY,,2026-07-28,2026-07-28,24400.00,CE,FINNIFTY26JUL24400CE,0.00,0.00,0.00,2274.60,0.00,2274.60,26102.15,2224.95,0,0,0,0.00,0,F1,60,,,,,
2026-05-25,2026-05-25,FO,NSE,IDO,77535,,FINNIFTY,,2026-06-30,2026-06-30,26800.00,CE,FINNIFTY26JUN26800CE,0.00,0.00,0.00,170.70,0.00,170.70,26102.15,485.05,0,0,0,0.00,0,F1,60,,,,,
2026-05-25,2026-05-25,FO,NSE,IDO,69760,,FINNIFTY,,2026-05-26,2026-05-26,29000.00,CE,FINNIFTY26MAY29000CE,0.75,0.75,0.50,0.70,0.70,0.65,26102.15,0.70,4560,-1020,21,36540681.00,13,F1,60,,,,,
2026-05-25,2026-05-25,FO,NSE,IDO,62558,,FINNIFTY,,2026-05-26,2026-05-26,28650.00,CE,FINNIFTY26MAY28650CE,0.00,0.00,0.00,39.30,0.00,39.30,26102.15,0.00,0,0,0,0.00,0,F1,60,,,,,
2026-05-25,2026-05-25,FO,NSE,IDO,69693,,FINNIFTY,,2026-05-26,2026-05-26,28000.00,CE,FINNIFTY26MAY28000CE,0.85,1.15,0.55,0.60,0.55,0.85,26102.15,0.60,14760,420,67,112563390.00,30,F1,60,,,,,
2026-05-25,2026-05-25,FO,NSE,IDO,62493,,FINNIFTY,,2026-05-26,2026-05-26,26250.00,CE,FINNIFTY26MAY26250CE,46.00,120.15,30.80,77.95,112.00,23.20,26102.15,77.95,21900,20340,4319,6816077379.00,3369,F1,60,,,,,
2026-05-25,2026-05-25,FO,NSE,IDO,69653,,FINNIFTY,,2026-05-26,2026-05-26,26000.00,CE,FINNIFTY26MAY26000CE,88.00,287.20,81.60,217.55,259.50,56.40,26102.15,217.55,90960,-2160,25970,40738742088.00,17774,F1,60,,,,,
2026-05-25,2026-05-25,FO,NSE,IDO,69559,,FINNIFTY,,2026-05-26,2026-05-26,24900.00,CE,FINNIFTY26MAY24900CE,994.35,994.35,994.35,994.35,994.35,511.00,26102.15,1206.25,1440,0,1,1553661.00,1,F1,60,,,,,
2026-05-25,2026-05-25,FO,NSE,IDO,62541,,FINNIFTY,,2026-05-26,2026-05-26,28150.00,CE,FINNIFTY26MAY28150CE,0.00,0.00,0.00,75.00,0.00,75.00,26102.15,0.00,0,0,0,0.00,0,F1,60,,,,,
2026-05-25,2026-05-25,FO,NSE,IDO,62482,,FINNIFTY,,2026-05-26,2026-05-26,25750.00,PE,FINNIFTY26MAY25750PE,70.35,78.90,12.20,16.70,15.65,256.35,26102.15,16.70,23760,22200,5191,8031979167.00,3008,F1,60,,,,,
2026-05-25,2026-05-25,FO,NSE,IDO,62997,,FINNIFTY,,2026-07-28,2026-07-28,28400.00,PE,FINNIFTY26JUL28400PE,0.00,0.00,0.00,2467.65,0.00,2467.65,26102.15,2267.55,0,0,0,0.00,0,F1,60,,,,,
2026-05-25,2026-05-25,FO,NSE,IDO,62974,,FINNIFTY,,2026-07-28,2026-07-28,27800.00,PE,FINNIFTY26JUL27800PE,0.00,0.00,0.00,2025.25,0.00,2025.25,26102.15,1812.30,0,0,0,0.00,0,F1,60,,,,,
2026-05-25,2026-05-25,FO,NSE,IDO,62909,,FINNIFTY,,2026-07-28,2026-07-28,25800.00,PE,FINNIFTY26JUL25800PE,0.00,0.00,0.00,870.70,0.00,870.70,26102.15,666.70,0,0,0,0.00,0,F1,60,,,,,
2026-05-25,2026-05-25,FO,NSE,IDO,62907,,FINNIFTY,,2026-07-28,2026-07-28,25700.00,PE,FINNIFTY26JUL25700PE,0.00,0.00,0.00,827.20,0.00,827.20,26102.15,626.30,0,0,0,0.00,0,F1,60,,,,,
2026-05-25,2026-05-25,FO,NSE,IDO,62901,,FINNIFTY,,2026-07-28,2026-07-28,25400.00,PE,FINNIFTY26JUL25400PE,0.00,0.00,0.00,705.00,0.00,705.00,26102.15,514.85,0,0,0,0.00,0,F1,60,,,,,
2026-05-25,2026-05-25,FO,NSE,IDO,62895,,FINNIFTY,,2026-07-28,2026-07-28,25100.00,PE,FINNIFTY26JUL25100PE,0.00,0.00,0.00,595.20,0.00,595.20,26102.15,417.65,0,0,0,0.00,0,F1,60,,,,,
2026-05-25,2026-05-25,FO,NSE,IDO,62846,,FINNIFTY,,2026-07-28,2026-07-28,24300.00,PE,FINNIFTY26JUL24300PE,0.00,0.00,0.00,360.95,0.00,360.95,26102.15,223.25,0,0,0,0.00,0,F1,60,,,,,
2026-05-25,2026-05-25,FO,NSE,IDO,62814,,FINNIFTY,,2026-07-28,2026-07-28,23400.00,PE,FINNIFTY26JUL23400PE,0.00,0.00,0.00,186.35,0.00,186.35,26102.15,95.90,0,0,0,0.00,0,F1,60,,,,,
2026-05-25,2026-05-25,FO,NSE,IDO,77516,,FINNIFTY,,2026-06-30,2026-06-30,25800.00,PE,FINNIFTY26JUN25800PE,0.00,0.00,0.00,2150.45,0.00,2150.45,26102.15,493.80,0,0,0,0.00,0,F1,60,,,,,
2026-05-25,2026-05-25,FO,NSE,IDO,77322,,FINNIFTY,,2026-06-30,2026-06-30,22400.00,PE,FINNIFTY26JUN22400PE,0.00,0.00,0.00,353.40,0.00,353.40,26102.15,5.40,0,0,0,0.00,0,F1,60,,,,,
2026-05-25,2026-05-25,FO,NSE,IDO,62530,,FINNIFTY,,2026-05-26,2026-05-26,27550.00,PE,FINNIFTY26MAY27550PE,0.00,0.00,0.00,1641.60,0.00,1641.60,26102.15,1443.40,0,0,0,0.00,0,F1,60,,,,,
2026-05-25,2026-05-25,FO,NSE,IDO,69684,,FINNIFTY,,2026-05-26,2026-05-26,27500.00,PE,FINNIFTY26MAY27500PE,0.00,0.00,0.00,424.35,0.00,424.35,26102.15,1393.40,0,0,0,0.00,0,F1,60,,,,,
2026-05-25,2026-05-25,FO,NSE,IDO,62522,,FINNIFTY,,2026-05-26,2026-05-26,27150.00,PE,FINNIFTY26MAY27150PE,0.00,0.00,0.00,1324.35,0.00,1324.35,26102.15,1043.45,0,0,0,0.00,0,F1,60,,,,,
2026-05-25,2026-05-25,FO,NSE,IDO,69668,,FINNIFTY,,2026-05-26,2026-05-26,26700.00,PE,FINNIFTY26MAY26700PE,0.00,0.00,0.00,1600.00,1600.00,1600.00,26102.15,596.20,660,0,0,0.00,0,F1,60,,,,,
2026-05-25,2026-05-25,FO,NSE,IDO,69656,,FINNIFTY,,2026-05-26,2026-05-26,26100.00,PE,FINNIFTY26MAY26100PE,234.95,251.70,65.00,92.00,65.00,801.25,26102.15,92.00,33300,31500,3141,4941785622.00,2385,F1,60,,,,,
2026-05-25,2026-05-25,FO,NSE,IDO,69646,,FINNIFTY,,2026-05-26,2026-05-26,25600.00,PE,FINNIFTY26MAY25600PE,59.45,65.05,5.15,8.00,8.40,186.20,26102.15,8.00,50400,37320,7091,10900901880.00,4376,F1,60,,,,,
2026-05-25,2026-05-25,FO,NSE,IDO,69644,,FINNIFTY,,2026-05-26,2026-05-26,25500.00,PE,FINNIFTY26MAY25500PE,50.00,50.05,4.35,5.65,6.05,144.00,26102.15,5.65,80340,34380,14684,22480034208.00,8938,F1,60,,,,,
2026-05-25,2026-05-25,FO,NSE,IDO,62446,,FINNIFTY,,2026-05-26,2026-05-26,24550.00,PE,FINNIFTY26MAY24550PE,2.55,2.55,1.10,1.90,2.50,6.45,26102.15,1.90,2100,420,246,362385345.00,199,F1,60,,,,,
2026-05-25,2026-05-25,FO,NSE,IDO,69548,,FINNIFTY,,2026-05-26,2026-05-26,24300.00,PE,FINNIFTY26MAY24300PE,3.65,9.10,0.85,1.25,1.25,3.65,26102.15,1.25,4140,-5880,322,469507626.00,122,F1,60,,,,,
2026-05-25,2026-05-25,FO,NSE,IDO,62798,,FINNIFTY,,2026-07-28,2026-07-28,23100.00,PE,FINNIFTY26JUL23100PE,0.00,0.00,0.00,145.65,0.00,145.65,26102.15,69.75,0,0,0,0.00,0,F1,60,,,,,
2026-05-25,2026-05-25,FO,NSE,IDO,62821,,FINNIFTY,,2026-07-28,2026-07-28,23700.00,PE,FINNIFTY26JUL23700PE,0.00,0.00,0.00,235.20,0.00,235.20,26102.15,129.40,0,0,0,0.00,0,F1,60,,,,,
2026-05-25,2026-05-25,FO,NSE,IDO,62474,,FINNIFTY,,2026-05-26,2026-05-26,25450.00,PE,FINNIFTY26MAY25450PE,24.05,26.55,3.30,4.75,7.10,124.95,26102.15,4.75,5940,2340,723,1104552270.00,377,F1,60,,,,,
2026-05-25,2026-05-25,FO,NSE,IDO,69642,,FINNIFTY,,2026-05-26,2026-05-26,25400.00,PE,FINNIFTY26MAY25400PE,17.20,35.25,3.15,4.25,4.80,103.55,26102.15,4.25,18960,540,4330,6601748925.00,2698,F1,60,,,,,
2026-05-25,2026-05-25,FO,NSE,IDO,62354,,FINNIFTY,,2026-05-26,2026-05-26,22450.00,PE,FINNIFTY26MAY22450PE,0.00,0.00,0.00,3.05,0.00,3.05,26102.15,0.00,0,0,0,0.00,0,F1,60,,,,,
2026-05-25,2026-05-25,FO,NSE,IDO,38350,,FINNIFTY,,2026-05-26,2026-05-26,21900.00,PE,FINNIFTY26MAY21900PE,0.00,0.00,0.00,0.40,0.00,0.40,26102.15,0.00,0,0,0,0.00,0,F1,60,,,,,
2026-05-25,2026-05-25,FO,NSE,IDO,62900,,FINNIFTY,,2026-07-28,2026-07-28,25400.00,CE,FINNIFTY26JUL25400CE,0.00,0.00,0.00,1607.15,0.00,1607.15,26102.15,1508.35,0,0,0,0.00,0,F1,60,,,,,
2026-05-25,2026-05-25,FO,NSE,IDO,62890,,FINNIFTY,,2026-07-28,2026-07-28,24900.00,CE,FINNIFTY26JUL24900CE,0.00,0.00,0.00,1923.75,0.00,1923.75,26102.15,1849.45,0,0,0,0.00,0,F1,60,,,,,
2026-05-25,2026-05-25,FO,NSE,IDO,77582,,FINNIFTY,,2026-06-30,2026-06-30,27400.00,CE,FINNIFTY26JUN27400CE,0.00,0.00,0.00,110.05,0.00,110.05,26102.15,298.30,0,0,0,0.00,0,F1,60,,,,,
2026-05-25,2026-05-25,FO,NSE,IDO,77531,,FINNIFTY,,2026-06-30,2026-06-30,26600.00,CE,FINNIFTY26JUN26600CE,0.00,0.00,0.00,196.40,0.00,196.40,26102.15,563.20,0,0,0,0.00,0,F1,60,,,,,
2026-05-25,2026-05-25,FO,NSE,IDO,77527,,FINNIFTY,,2026-06-30,2026-06-30,26400.00,CE,FINNIFTY26JUN26400CE,0.00,0.00,0.00,225.40,0.00,225.40,26102.15,649.85,0,0,0,0.00,0,F1,60,,,,,
2026-05-25,2026-05-25,FO,NSE,IDO,69521,,FINNIFTY,,2026-05-26,2026-05-26,23000.00,CE,FINNIFTY26MAY23000CE,0.00,0.00,0.00,5676.15,0.00,5676.15,26102.15,3105.90,0,0,0,0.00,0,F1,60,,,,,
2026-05-25,2026-05-25,FO,NSE,IDO,40432,,FINNIFTY,,2026-05-26,2026-05-26,21600.00,CE,FINNIFTY26MAY21600CE,0.00,0.00,0.00,6297.85,0.00,6297.85,26102.15,4505.70,0,0,0,0.00,0,F1,60,,,,,
2026-05-25,2026-05-25,FO,NSE,IDO,43652,,FINNIFTY,,2026-05-26,2026-05-26,21200.00,CE,FINNIFTY26MAY21200CE,0.00,0.00,0.00,6145.15,0.00,6145.15,26102.15,4905.65,0,0,0,0.00,0,F1,60,,,,,
2026-05-25,2026-05-25,FO,NSE,IDF,62327,,FINNIFTY,,2026-06-30,2026-06-30,,,FINNIFTY26JUNFUT,26050.00,26323.60,26017.90,26277.40,26323.60,25748.10,26102.15,26277.40,7080,4380,116,182196894.00,96,F1,60,,,,,
2026-05-25,2026-05-25,FO,NSE,IDO,69767,,FINNIFTY,,2026-05-26,2026-05-26,29300.00,PE,FINNIFTY26MAY29300PE,0.00,0.00,0.00,1229.70,0.00,1229.70,26102.15,3193.10,0,0,0,0.00,0,F1,60,,,,,
2026-05-25,2026-05-25,FO,NSE,IDO,69676,,FINNIFTY,,2026-05-26,2026-05-26,27100.00,PE,FINNIFTY26MAY27100PE,0.00,0.00,0.00,315.45,0.00,315.45,26102.15,993.50,0,0,0,0.00,0,F1,60,,,,,
2026-05-25,2026-05-25,FO,NSE,IDO,62494,,FINNIFTY,,2026-05-26,2026-05-26,26250.00,PE,FINNIFTY26MAY26250PE,178.40,180.85,110.60,133.85,125.05,670.95,26102.15,133.85,2400,840,34,53823039.00,27,F1,60,,,,,
2026-05-25,2026-05-25,FO,NSE,IDO,62476,,FINNIFTY,,2026-05-26,2026-05-26,25550.00,PE,FINNIFTY26MAY25550PE,46.70,46.70,5.00,5.95,7.10,162.60,26102.15,5.95,14760,3360,1942,2979032964.00,931,F1,60,,,,,
2026-05-25,2026-05-25,FO,NSE,IDO,62757,,FINNIFTY,,2026-07-28,2026-07-28,22000.00,PE,FINNIFTY26JUL22000PE,0.00,0.00,0.00,52.05,0.00,52.05,26102.15,18.10,0,0,0,0.00,0,F1,60,,,,,
2026-05-25,2026-05-25,FO,NSE,IDO,77637,,FINNIFTY,,2026-06-30,2026-06-30,28700.00,PE,FINNIFTY26JUN28700PE,0.00,0.00,0.00,4703.10,0.00,4703.10,26102.15,2497.85,0,0,0,0.00,0,F1,60,,,,,
2026-05-25,2026-05-25,FO,NSE,IDO,77632,,FINNIFTY,,2026-06-30,2026-06-30,28500.00,PE,FINNIFTY26JUN28500PE,0.00,0.00,0.00,4513.75,0.00,4513.75,26102.15,2319.15,0,0,0,0.00,0,F1,60,,,,,
2026-05-25,2026-05-25,FO,NSE,IDO,77519,,FINNIFTY,,2026-06-30,2026-06-30,26000.00,CE,FINNIFTY26JUN26000CE,629.10,819.95,620.20,747.10,819.95,294.10,26102.15,747.10,1260,1200,50,80058057.00,42,F1,60,,,,,
2026-05-25,2026-05-25,FO,NSE,IDO,77502,,FINNIFTY,,2026-06-30,2026-06-30,25300.00,CE,FINNIFTY26JUN25300CE,0.00,0.00,0.00,454.80,0.00,454.80,26102.15,1283.55,0,0,0,0.00,0,F1,60,,,,,
2026-05-25,2026-05-25,FO,NSE,IDO,77383,,FINNIFTY,,2026-06-30,2026-06-30,23000.00,CE,FINNIFTY26JUN23000CE,0.00,0.00,0.00,1472.65,0.00,1472.65,26102.15,3267.15,0,0,0,0.00,0,F1,60,,,,,
2026-05-25,2026-05-25,FO,NSE,IDO,77327,,FINNIFTY,,2026-06-30,2026-06-30,22700.00,CE,FINNIFTY26JUN22700CE,0.00,0.00,0.00,1667.20,0.00,1667.20,26102.15,3558.55,0,0,0,0.00,0,F1,60,,,,,
2026-05-25,2026-05-25,FO,NSE,IDO,77303,,FINNIFTY,,2026-06-30,2026-06-30,21500.00,CE,FINNIFTY26JUN21500CE,0.00,0.00,0.00,2573.60,0.00,2573.60,26102.15,4742.00,0,0,0,0.00,0,F1,60,,,,,
2026-05-25,2026-05-25,FO,NSE,IDO,77301,,FINNIFTY,,2026-06-30,2026-06-30,21400.00,CE,FINNIFTY26JUN21400CE,0.00,0.00,0.00,2657.10,0.00,2657.10,26102.15,4841.20,0,0,0,0.00,0,F1,60,,,,,
2026-05-25,2026-05-25,FO,NSE,IDO,69768,,FINNIFTY,,2026-05-26,2026-05-26,29400.00,CE,FINNIFTY26MAY29400CE,0.00,0.00,0.00,3.90,3.90,3.90,26102.15,0.00,120,0,0,0.00,0,F1,60,,,,,
2026-05-25,2026-05-25,FO,NSE,IDO,62527,,FINNIFTY,,2026-05-26,2026-05-26,27450.00,CE,FINNIFTY26MAY27450CE,0.00,0.00,0.00,7.50,7.50,7.50,26102.15,0.00,240,0,0,0.00,0,F1,60,,,,,
2026-05-25,2026-05-25,FO,NSE,IDO,69567,,FINNIFTY,,2026-05-26,2026-05-26,25300.00,CE,FINNIFTY26MAY25300CE,631.60,880.05,622.15,859.45,873.50,373.25,26102.15,859.45,6720,-1080,52,81048549.00,48,F1,60,,,,,
2026-05-25,2026-05-25,FO,NSE,IDO,69565,,FINNIFTY,,2026-05-26,2026-05-26,25200.00,CE,FINNIFTY26MAY25200CE,725.75,969.30,720.00,969.30,969.30,459.85,26102.15,969.30,6540,-1860,47,73201722.00,30,F1,60,,,,,
2026-05-25,2026-05-25,FO,NSE,IDO,77585,,FINNIFTY,,2026-06-30,2026-06-30,27400.00,PE,FINNIFTY26JUN27400PE,0.00,0.00,0.00,3497.45,0.00,3497.45,26102.15,1418.95,0,0,0,0.00,0,F1,60,,,,,
2026-05-25,2026-05-25,FO,NSE,IDO,77512,,FINNIFTY,,2026-06-30,2026-06-30,25600.00,PE,FINNIFTY26JUN25600PE,0.00,0.00,0.00,1999.55,0.00,1999.55,26102.15,417.00,0,0,0,0.00,0,F1,60,,,,,
2026-05-25,2026-05-25,FO,NSE,IDO,69533,,FINNIFTY,,2026-05-26,2026-05-26,23600.00,CE,FINNIFTY26MAY23600CE,0.00,0.00,0.00,5089.85,0.00,5089.85,26102.15,2506.00,0,0,0,0.00,0,F1,60,,,,,
2026-05-25,2026-05-25,FO,NSE,IDO,62411,,FINNIFTY,,2026-05-26,2026-05-26,23550.00,CE,FINNIFTY26MAY23550CE,0.00,0.00,0.00,2520.15,0.00,2520.15,26102.15,2556.00,0,0,0,0.00,0,F1,60,,,,,
2026-05-25,2026-05-25,FO,NSE,IDO,62831,,FINNIFTY,,2026-07-28,2026-07-28,23900.00,PE,FINNIFTY26JUL23900PE,0.00,0.00,0.00,272.75,0.00,272.75,26102.15,156.40,0,0,0,0.00,0,F1,60,,,,,
2026-05-25,2026-05-25,FO,NSE,IDO,62889,,FINNIFTY,,2026-07-28,2026-07-28,24800.00,PE,FINNIFTY26JUL24800PE,0.00,0.00,0.00,497.55,0.00,497.55,26102.15,335.45,0,0,0,0.00,0,F1,60,,,,,
2026-05-25,2026-05-25,FO,NSE,IDO,62915,,FINNIFTY,,2026-07-28,2026-07-28,26100.00,PE,FINNIFTY26JUL26100PE,0.00,0.00,0.00,1009.65,0.00,1009.65,26102.15,797.80,0,0,0,0.00,0,F1,60,,,,,
2026-05-25,2026-05-25,FO,NSE,IDO,62929,,FINNIFTY,,2026-07-28,2026-07-28,26800.00,PE,FINNIFTY26JUL26800PE,0.00,0.00,0.00,1382.20,0.00,1382.20,26102.15,1161.20,0,0,0,0.00,0,F1,60,,,,,
2026-05-25,2026-05-25,FO,NSE,IDO,62948,,FINNIFTY,,2026-07-28,2026-07-28,27300.00,PE,FINNIFTY26JUL27300PE,0.00,0.00,0.00,1688.35,0.00,1688.35,26102.15,1468.55,0,0,0,0.00,0,F1,60,,,,,
2026-05-25,2026-05-25,FO,NSE,IDO,62955,,FINNIFTY,,2026-07-28,2026-07-28,27500.00,PE,FINNIFTY26JUL27500PE,0.00,0.00,0.00,1819.55,0.00,1819.55,26102.15,1601.90,0,0,0,0.00,0,F1,60,,,,,
2026-05-25,2026-05-25,FO,NSE,IDO,63001,,FINNIFTY,,2026-07-28,2026-07-28,28600.00,PE,FINNIFTY26JUL28600PE,0.00,0.00,0.00,2621.60,0.00,2621.60,26102.15,2428.10,0,0,0,0.00,0,F1,60,,,,,
2026-05-25,2026-05-25,FO,NSE,IDO,77473,,FINNIFTY,,2026-06-30,2026-06-30,23800.00,PE,FINNIFTY26JUN23800PE,0.00,0.00,0.00,876.10,0.00,876.10,26102.15,55.90,0,0,0,0.00,0,F1,60,,,,,
2026-05-25,2026-05-25,FO,NSE,IDO,77471,,FINNIFTY,,2026-06-30,2026-06-30,23700.00,PE,FINNIFTY26JUN23700PE,0.00,0.00,0.00,828.25,0.00,828.25,26102.15,48.55,0,0,0,0.00,0,F1,60,,,,,
2026-05-25,2026-05-25,FO,NSE,IDO,77459,,FINNIFTY,,2026-06-30,2026-06-30,23200.00,PE,FINNIFTY26JUN23200PE,0.00,0.00,0.00,613.50,0.00,613.50,26102.15,22.60,0,0,0,0.00,0,F1,60,,,,,
2026-05-25,2026-05-25,FO,NSE,IDO,77308,,FINNIFTY,,2026-06-30,2026-06-30,21700.00,PE,FINNIFTY26JUN21700PE,0.00,0.00,0.00,199.40,0.00,199.40,26102.15,1.25,0,0,0,0.00,0,F1,60,,,,,
2026-05-25,2026-05-25,FO,NSE,IDO,69529,,FINNIFTY,,2026-05-26,2026-05-26,23400.00,CE,FINNIFTY26MAY23400CE,0.00,0.00,0.00,5284.90,0.00,5284.90,26102.15,2706.00,0,0,0,0.00,0,F1,60,,,,,
2026-05-25,2026-05-25,FO,NSE,IDO,62409,,FINNIFTY,,2026-05-26,2026-05-26,23450.00,CE,FINNIFTY26MAY23450CE,0.00,0.00,0.00,2615.15,0.00,2615.15,26102.15,2656.00,0,0,0,0.00,0,F1,60,,,,,
2026-05-25,2026-05-25,FO,NSE,IDO,69773,,FINNIFTY,,2026-05-26,2026-05-26,29500.00,PE,FINNIFTY26MAY29500PE,0.00,0.00,0.00,1351.45,0.00,1351.45,26102.15,3393.05,0,0,0,0.00,0,F1,60,,,,,
2026-05-25,2026-05-25,FO,NSE,IDO,62421,,FINNIFTY,,2026-05-26,2026-05-26,23950.00,CE,FINNIFTY26MAY23950CE,0.00,0.00,0.00,2148.10,0.00,2148.10,26102.15,2156.05,0,0,0,0.00,0,F1,60,,,,,
2026-05-25,2026-05-25,FO,NSE,IDO,63018,,FINNIFTY,,2026-07-28,2026-07-28,29000.00,PE,FINNIFTY26JUL29000PE,0.00,0.00,0.00,2942.15,0.00,2942.15,26102.15,2760.75,0,0,0,0.00,0,F1,60,,,,,
2026-05-25,2026-05-25,FO,NSE,IDO,62995,,FINNIFTY,,2026-07-28,2026-07-28,28300.00,PE,FINNIFTY26JUL28300PE,0.00,0.00,0.00,2391.50,0.00,2391.50,26102.15,2188.85,0,0,0,0.00,0,F1,60,,,,,
2026-05-25,2026-05-25,FO,NSE,IDO,77689,,FINNIFTY,,2026-06-30,2026-06-30,29500.00,PE,FINNIFTY26JUN29500PE,0.00,0.00,0.00,5469.25,0.00,5469.25,26102.15,3241.70,0,0,0,0.00,0,F1,60,,,,,
2026-05-25,2026-05-25,FO,NSE,IDO,77602,,FINNIFTY,,2026-06-30,2026-06-30,27800.00,PE,FINNIFTY26JUN27800PE,0.00,0.00,0.00,3861.20,0.00,3861.20,26102.15,1727.35,0,0,0,0.00,0,F1,60,,,,,
2026-05-25,2026-05-25,FO,NSE,IDO,77550,,FINNIFTY,,2026-06-30,2026-06-30,27200.00,PE,FINNIFTY26JUN27200PE,0.00,0.00,0.00,3318.75,0.00,3318.75,26102.15,1274.95,0,0,0,0.00,0,F1,60,,,,,
2026-05-25,2026-05-25,FO,NSE,IDO,77528,,FINNIFTY,,2026-06-30,2026-06-30,26400.00,PE,FINNIFTY26JUN26400PE,0.00,0.00,0.00,2630.65,0.00,2630.65,26102.15,776.95,0,0,0,0.00,0,F1,60,,,,,
2026-05-25,2026-05-25,FO,NSE,IDO,77483,,FINNIFTY,,2026-06-30,2026-06-30,24300.00,PE,FINNIFTY26JUN24300PE,0.00,0.00,0.00,300.00,300.00,300.00,26102.15,107.85,0,0,0,0.00,0,F1,60,,,,,
2026-05-25,2026-05-25,FO,NSE,IDO,77475,,FINNIFTY,,2026-06-30,2026-06-30,23900.00,PE,FINNIFTY26JUN23900PE,0.00,0.00,0.00,925.45,0.00,925.45,26102.15,64.20,0,0,0,0.00,0,F1,60,,,,,
2026-05-25,2026-05-25,FO,NSE,IDO,77461,,FINNIFTY,,2026-06-30,2026-06-30,23300.00,PE,FINNIFTY26JUN23300PE,0.00,0.00,0.00,653.20,0.00,653.20,26102.15,26.55,0,0,0,0.00,0,F1,60,,,,,
2026-05-25,2026-05-25,FO,NSE,IDO,77326,,FINNIFTY,,2026-06-30,2026-06-30,22600.00,PE,FINNIFTY26JUN22600PE,0.00,0.00,0.00,408.45,0.00,408.45,26102.15,7.95,0,0,0,0.00,0,F1,60,,,,,
2026-05-25,2026-05-25,FO,NSE,IDO,69793,,FINNIFTY,,2026-05-26,2026-05-26,30300.00,PE,FINNIFTY26MAY30300PE,0.00,0.00,0.00,1897.70,0.00,1897.70,26102.15,4192.95,0,0,0,0.00,0,F1,60,,,,,
2026-05-25,2026-05-25,FO,NSE,IDO,69777,,FINNIFTY,,2026-05-26,2026-05-26,29700.00,PE,FINNIFTY26MAY29700PE,0.00,0.00,0.00,1479.25,0.00,1479.25,26102.15,3593.05,0,0,0,0.00,0,F1,60,,,,,
2026-05-25,2026-05-25,FO,NSE,IDO,69763,,FINNIFTY,,2026-05-26,2026-05-26,29100.00,PE,FINNIFTY26MAY29100PE,0.00,0.00,0.00,1114.20,0.00,1114.20,26102.15,2993.15,0,0,0,0.00,0,F1,60,,,,,
2026-05-25,2026-05-25,FO,NSE,IDO,69698,,FINNIFTY,,2026-05-26,2026-05-26,28200.00,PE,FINNIFTY26MAY28200PE,0.00,0.00,0.00,674.80,0.00,674.80,26102.15,2093.25,0,0,0,0.00,0,F1,60,,,,,
2026-05-25,2026-05-25,FO,NSE,IDO,62542,,FINNIFTY,,2026-05-26,2026-05-26,28150.00,PE,FINNIFTY26MAY28150PE,0.00,0.00,0.00,2162.55,0.00,2162.55,26102.15,2043.30,0,0,0,0.00,0,F1,60,,,,,
2026-05-25,2026-05-25,FO,NSE,IDO,62540,,FINNIFTY,,2026-05-26,2026-05-26,28050.00,PE,FINNIFTY26MAY28050PE,2072.75,2072.75,2072.75,2072.75,2072.75,2072.75,26102.15,1943.30,0,0,2,3614730.00,2,F1,60,,,,,
2026-05-25,2026-05-25,FO,NSE,IDO,62534,,FINNIFTY,,2026-05-26,2026-05-26,27750.00,PE,FINNIFTY26MAY27750PE,0.00,0.00,0.00,1810.20,0.00,1810.20,26102.15,1643.35,0,0,0,0.00,0,F1,60,,,,,
2026-05-25,2026-05-25,FO,NSE,IDO,62502,,FINNIFTY,,2026-05-26,2026-05-26,26550.00,PE,FINNIFTY26MAY26550PE,0.00,0.00,0.00,1323.40,1323.40,1323.40,26102.15,452.70,600,0,0,0.00,0,F1,60,,,,,
2026-05-25,2026-05-25,FO,NSE,IDO,62490,,FINNIFTY,,2026-05-26,2026-05-26,26150.00,PE,FINNIFTY26MAY26150PE,217.45,229.35,82.45,110.20,89.50,758.65,26102.15,110.20,3300,2220,320,504653619.00,269,F1,60,,,,,
2026-05-25,2026-05-25,FO,NSE,IDO,62488,,FINNIFTY,,2026-05-26,2026-05-26,26050.00,PE,FINNIFTY26MAY26050PE,180.70,195.70,52.00,76.45,52.75,842.95,26102.15,76.45,18900,17640,3449,5413343706.00,2279,F1,60,,,,,
2026-05-25,2026-05-25,FO,NSE,IDO,69542,,FINNIFTY,,2026-05-26,2026-05-26,24000.00,PE,FINNIFTY26MAY24000PE,1.90,2.35,0.65,1.25,1.75,2.60,26102.15,1.25,17580,-14640,994,1431421392.00,358,F1,60,,,,,
2026-05-25,2026-05-25,FO,NSE,IDO,62389,,FINNIFTY,,2026-05-26,2026-05-26,22950.00,PE,FINNIFTY26MAY22950PE,20.05,20.05,0.45,0.45,0.45,9.05,26102.15,0.00,60,60,2,2755230.00,2,F1,60,,,,,
2026-05-25,2026-05-25,FO,NSE,IDO,69518,,FINNIFTY,,2026-05-26,2026-05-26,22800.00,PE,FINNIFTY26MAY22800PE,0.00,0.00,0.00,1.60,0.00,1.60,26102.15,0.00,0,0,0,0.00,0,F1,60,,,,,
2026-05-25,2026-05-25,FO,NSE,IDO,69514,,FINNIFTY,,2026-05-26,2026-05-26,22600.00,PE,FINNIFTY26MAY22600PE,0.00,0.00,0.00,1.00,1.00,1.00,26102.15,0.00,480,0,0,0.00,0,F1,60,,,,,
2026-05-25,2026-05-25,FO,NSE,IDO,69502,,FINNIFTY,,2026-05-26,2026-05-26,21000.00,PE,FINNIFTY26MAY21000PE,0.00,0.00,0.00,0.05,0.00,0.05,26102.15,0.00,0,0,0,0.00,0,F1,60,,,,,
2026-05-25,2026-05-25,FO,NSE,IDO,62987,,FINNIFTY,,2026-07-28,2026-07-28,28200.00,CE,FINNIFTY26JUL28200CE,0.00,0.00,0.00,458.65,0.00,458.65,26102.15,336.90,0,0,0,0.00,0,F1,60,,,,,
2026-05-25,2026-05-25,FO,NSE,IDO,62977,,FINNIFTY,,2026-07-28,2026-07-28,28000.00,CE,FINNIFTY26JUL28000CE,0.00,0.00,0.00,507.45,0.00,507.45,26102.15,383.70,0,0,0,0.00,0,F1,60,,,,,
2026-05-25,2026-05-25,FO,NSE,IDO,62824,,FINNIFTY,,2026-07-28,2026-07-28,23800.00,CE,FINNIFTY26JUL23800CE,0.00,0.00,0.00,2732.65,0.00,2732.65,26102.15,2717.55,0,0,0,0.00,0,F1,60,,,,,
2026-05-25,2026-05-25,FO,NSE,IDO,62796,,FINNIFTY,,2026-07-28,2026-07-28,23100.00,CE,FINNIFTY26JUL23100CE,0.00,0.00,0.00,3314.80,0.00,3314.80,26102.15,3336.90,0,0,0,0.00,0,F1,60,,,,,
2026-05-25,2026-05-25,FO,NSE,IDO,62787,,FINNIFTY,,2026-07-28,2026-07-28,23000.00,CE,FINNIFTY26JUL23000CE,0.00,0.00,0.00,3401.45,0.00,3401.45,26102.15,3428.45,0,0,0,0.00,0,F1,60,,,,,
2026-05-25,2026-05-25,FO,NSE,IDO,77690,,FINNIFTY,,2026-06-30,2026-06-30,30000.00,CE,FINNIFTY26JUN30000CE,10.00,10.00,4.50,9.00,9.00,4.50,26102.15,9.00,1680,1200,31,55817262.00,12,F1,60,,,,,
2026-05-25,2026-05-25,FO,NSE,IDO,77603,,FINNIFTY,,2026-06-30,2026-06-30,27900.00,CE,FINNIFTY26JUN27900CE,0.00,0.00,0.00,74.85,0.00,74.85,26102.15,190.75,0,0,0,0.00,0,F1,60,,,,,
2026-05-25,2026-05-25,FO,NSE,IDO,77533,,FINNIFTY,,2026-06-30,2026-06-30,26700.00,CE,FINNIFTY26JUN26700CE,0.00,0.00,0.00,183.15,0.00,183.15,26102.15,523.05,0,0,0,0.00,0,F1,60,,,,,
2026-05-25,2026-05-25,FO,NSE,IDO,77498,,FINNIFTY,,2026-06-30,2026-06-30,25100.00,CE,FINNIFTY26JUN25100CE,0.00,0.00,0.00,511.85,0.00,511.85,26102.15,1427.45,0,0,0,0.00,0,F1,60,,,,,
2026-05-25,2026-05-25,FO,NSE,IDO,77313,,FINNIFTY,,2026-06-30,2026-06-30,22000.00,CE,FINNIFTY26JUN22000CE,0.00,0.00,0.00,2173.20,0.00,2173.20,26102.15,4246.85,0,0,0,0.00,0,F1,60,,,,,
2026-05-25,2026-05-25,FO,NSE,IDO,77309,,FINNIFTY,,2026-06-30,2026-06-30,21800.00,CE,FINNIFTY26JUN21800CE,0.00,0.00,0.00,2329.80,0.00,2329.80,26102.15,4444.70,0,0,0,0.00,0,F1,60,,,,,
2026-05-25,2026-05-25,FO,NSE,IDO,69820,,FINNIFTY,,2026-05-26,2026-05-26,31500.00,CE,FINNIFTY26MAY31500CE,0.15,0.50,0.15,0.15,0.15,0.15,26102.15,0.00,1920,-840,14,26460231.00,3,F1,60,,,,,
2026-05-25,2026-05-25,FO,NSE,IDO,69807,,FINNIFTY,,2026-05-26,2026-05-26,31000.00,CE,FINNIFTY26MAY31000CE,0.00,0.00,0.00,0.30,0.30,0.30,26102.15,0.00,8940,0,0,0.00,0,F1,60,,,,,
2026-05-25,2026-05-25,FO,NSE,IDO,69782,,FINNIFTY,,2026-05-26,2026-05-26,30000.00,CE,FINNIFTY26MAY30000CE,0.35,0.40,0.35,0.40,0.40,0.75,26102.15,0.00,960,-480,8,14400189.00,3,F1,60,,,,,
2026-05-25,2026-05-25,FO,NSE,IDO,69774,,FINNIFTY,,2026-05-26,2026-05-26,29600.00,CE,FINNIFTY26MAY29600CE,0.00,0.00,0.00,1.50,1.50,1.50,26102.15,0.00,540,0,0,0.00,0,F1,60,,,,,
2026-05-25,2026-05-25,FO,NSE,IDO,69762,,FINNIFTY,,2026-05-26,2026-05-26,29100.00,CE,FINNIFTY26MAY29100CE,0.00,0.00,0.00,4.20,4.20,4.20,26102.15,0.00,240,0,0,0.00,0,F1,60,,,,,
2026-05-25,2026-05-25,FO,NSE,IDO,62471,,FINNIFTY,,2026-05-26,2026-05-26,25350.00,CE,FINNIFTY26MAY25350CE,590.00,826.50,590.00,825.05,824.25,352.40,26102.15,825.05,5460,-240,29,45342342.00,27,F1,60,,,,,
2026-05-25,2026-05-25,FO,NSE,IDO,69553,,FINNIFTY,,2026-05-26,2026-05-26,24600.00,CE,FINNIFTY26MAY24600CE,0.00,0.00,0.00,4125.30,0.00,4125.30,26102.15,1506.20,0,0,0,0.00,0,F1,60,,,,,
2026-05-25,2026-05-25,FO,NSE,IDO,62443,,FINNIFTY,,2026-05-26,2026-05-26,24450.00,CE,FINNIFTY26MAY24450CE,0.00,0.00,0.00,1708.05,0.00,1708.05,26102.15,1656.15,0,0,0,0.00,0,F1,60,,,,,
2026-05-25,2026-05-25,FO,NSE,IDO,62439,,FINNIFTY,,2026-05-26,2026-05-26,24250.00,CE,FINNIFTY26MAY24250CE,0.00,0.00,0.00,1880.05,0.00,1880.05,26102.15,1856.10,0,0,0,0.00,0,F1,60,,,,,
2026-05-25,2026-05-25,FO,NSE,IDO,62433,,FINNIFTY,,2026-05-26,2026-05-26,24150.00,CE,FINNIFTY26MAY24150CE,0.00,0.00,0.00,1968.15,0.00,1968.15,26102.15,1956.10,0,0,0,0.00,0,F1,60,,,,,
2026-05-25,2026-05-25,FO,NSE,IDO,69531,,FINNIFTY,,2026-05-26,2026-05-26,23500.00,CE,FINNIFTY26MAY23500CE,0.00,0.00,0.00,5187.30,0.00,5187.30,26102.15,2606.00,0,0,0,0.00,0,F1,60,,,,,
2026-05-25,2026-05-25,FO,NSE,IDO,69525,,FINNIFTY,,2026-05-26,2026-05-26,23200.00,CE,FINNIFTY26MAY23200CE,0.00,0.00,0.00,1623.50,1623.50,1623.50,26102.15,2905.95,60,0,0,0.00,0,F1,60,,,,,
2026-05-25,2026-05-25,FO,NSE,IDO,69519,,FINNIFTY,,2026-05-26,2026-05-26,22900.00,CE,FINNIFTY26MAY22900CE,0.00,0.00,0.00,5774.15,0.00,5774.15,26102.15,3205.90,0,0,0,0.00,0,F1,60,,,,,
2026-05-25,2026-05-25,FO,NSE,IDO,69543,,FINNIFTY,,2026-05-26,2026-05-26,24100.00,CE,FINNIFTY26MAY24100CE,0.00,0.00,0.00,4604.75,0.00,4604.75,26102.15,2006.10,0,0,0,0.00,0,F1,60,,,,,
2026-05-25,2026-05-25,FO,NSE,IDO,62475,,FINNIFTY,,2026-05-26,2026-05-26,25550.00,CE,FINNIFTY26MAY25550CE,250.00,615.15,250.00,584.65,615.15,216.80,26102.15,584.65,2220,-660,33,51536376.00,22,F1,60,,,,,
2026-05-25,2026-05-25,FO,NSE,IDO,62487,,FINNIFTY,,2026-05-26,2026-05-26,26050.00,CE,FINNIFTY26MAY26050CE,85.00,241.80,83.25,173.20,239.10,50.60,26102.15,173.20,12480,6240,11003,17279311488.00,7573,F1,60,,,,,
2026-05-25,2026-05-25,FO,NSE,IDO,69677,,FINNIFTY,,2026-05-26,2026-05-26,27200.00,CE,FINNIFTY26MAY27200CE,2.20,2.90,1.40,2.15,2.25,2.90,26102.15,2.15,16020,-600,281,458625729.00,187,F1,60,,,,,
2026-05-25,2026-05-25,FO,NSE,IDO,69689,,FINNIFTY,,2026-05-26,2026-05-26,27800.00,CE,FINNIFTY26MAY27800CE,1.00,1.00,0.90,0.90,0.90,1.15,26102.15,0.00,1620,-180,12,20016696.00,3,F1,60,,,,,
2026-05-25,2026-05-25,FO,NSE,IDO,77333,,FINNIFTY,,2026-06-30,2026-06-30,22900.00,CE,FINNIFTY26JUN22900CE,0.00,0.00,0.00,1535.95,0.00,1535.95,26102.15,3363.95,0,0,0,0.00,0,F1,60,,,,,
2026-05-25,2026-05-25,FO,NSE,IDO,77472,,FINNIFTY,,2026-06-30,2026-06-30,23800.00,CE,FINNIFTY26JUN23800CE,0.00,0.00,0.00,1024.25,0.00,1024.25,26102.15,2512.00,0,0,0,0.00,0,F1,60,,,,,
2026-05-25,2026-05-25,FO,NSE,IDO,77500,,FINNIFTY,,2026-06-30,2026-06-30,25200.00,CE,FINNIFTY26JUN25200CE,0.00,0.00,0.00,482.65,0.00,482.65,26102.15,1353.90,0,0,0,0.00,0,F1,60,,,,,
2026-05-25,2026-05-25,FO,NSE,IDO,77517,,FINNIFTY,,2026-06-30,2026-06-30,25900.00,CE,FINNIFTY26JUN25900CE,0.00,0.00,0.00,313.70,0.00,313.70,26102.15,905.15,0,0,0,0.00,0,F1,60,,,,,
2026-05-25,2026-05-25,FO,NSE,IDO,62756,,FINNIFTY,,2026-07-28,2026-07-28,22000.00,CE,FINNIFTY26JUL22000CE,0.00,0.00,0.00,4305.35,0.00,4305.35,26102.15,4372.65,0,0,0,0.00,0,F1,60,,,,,
2026-05-25,2026-05-25,FO,NSE,IDO,62815,,FINNIFTY,,2026-07-28,2026-07-28,23500.00,CE,FINNIFTY26JUL23500CE,0.00,0.00,0.00,2976.55,0.00,2976.55,26102.15,2977.90,0,0,0,0.00,0,F1,60,,,,,
2026-05-25,2026-05-25,FO,NSE,IDO,69508,,FINNIFTY,,2026-05-26,2026-05-26,22300.00,PE,FINNIFTY26MAY22300PE,0.00,0.00,0.00,1.20,1.20,1.20,26102.15,0.00,600,0,0,0.00,0,F1,60,,,,,
2026-05-25,2026-05-25,FO,NSE,IDO,62358,,FINNIFTY,,2026-05-26,2026-05-26,22650.00,PE,FINNIFTY26MAY22650PE,0.00,0.00,0.00,4.80,0.00,4.80,26102.15,0.00,0,0,0,0.00,0,F1,60,,,,,
2026-05-25,2026-05-25,FO,NSE,IDO,69516,,FINNIFTY,,2026-05-26,2026-05-26,22700.00,PE,FINNIFTY26MAY22700PE,0.00,0.00,0.00,1.35,0.00,1.35,26102.15,0.00,0,0,0,0.00,0,F1,60,,,,,
2026-05-25,2026-05-25,FO,NSE,IDO,69526,,FINNIFTY,,2026-05-26,2026-05-26,23200.00,PE,FINNIFTY26MAY23200PE,1.40,1.40,0.70,0.85,0.70,0.15,26102.15,0.85,960,-60,3,4176186.00,3,F1,60,,,,,
2026-05-25,2026-05-25,FO,NSE,IDO,69530,,FINNIFTY,,2026-05-26,2026-05-26,23400.00,PE,FINNIFTY26MAY23400PE,1.95,2.40,0.15,1.85,2.40,1.25,26102.15,1.85,2100,-420,38,53355453.00,17,F1,60,,,,,
2026-05-25,2026-05-25,FO,NSE,IDO,62422,,FINNIFTY,,2026-05-26,2026-05-26,23950.00,PE,FINNIFTY26MAY23950PE,1.00,1.00,0.55,0.55,0.55,2.35,26102.15,0.00,540,-660,22,31615035.00,12,F1,60,,,,,
2026-05-25,2026-05-25,FO,NSE,IDO,69564,,FINNIFTY,,2026-05-26,2026-05-26,25100.00,PE,FINNIFTY26MAY25100PE,7.00,10.15,1.80,2.60,3.50,40.75,26102.15,2.60,11400,-5520,996,1500270216.00,636,F1,60,,,,,
2026-05-25,2026-05-25,FO,NSE,IDO,69650,,FINNIFTY,,2026-05-26,2026-05-26,25800.00,PE,FINNIFTY26MAY25800PE,78.90,150.00,17.00,21.50,19.95,293.35,26102.15,21.50,72720,68700,18533,28747798581.00,13011,F1,60,,,,,
2026-05-25,2026-05-25,FO,NSE,IDO,62500,,FINNIFTY,,2026-05-26,2026-05-26,26450.00,PE,FINNIFTY26MAY26450PE,0.00,0.00,0.00,1000.00,1000.00,1000.00,26102.15,362.10,1620,0,0,0.00,0,F1,60,,,,,
2026-05-25,2026-05-25,FO,NSE,IDO,62516,,FINNIFTY,,2026-05-26,2026-05-26,26850.00,PE,FINNIFTY26MAY26850PE,0.00,0.00,0.00,1103.80,0.00,1103.80,26102.15,744.15,0,0,0,0.00,0,F1,60,,,,,
2026-05-25,2026-05-25,FO,NSE,IDO,62518,,FINNIFTY,,2026-05-26,2026-05-26,26950.00,PE,FINNIFTY26MAY26950PE,0.00,0.00,0.00,1174.85,0.00,1174.85,26102.15,843.70,0,0,0,0.00,0,F1,60,,,,,
2026-05-25,2026-05-25,FO,NSE,IDO,69690,,FINNIFTY,,2026-05-26,2026-05-26,27800.00,PE,FINNIFTY26MAY27800PE,0.00,0.00,0.00,522.15,0.00,522.15,26102.15,1693.35,0,0,0,0.00,0,F1,60,,,,,
2026-05-25,2026-05-25,FO,NSE,IDO,62554,,FINNIFTY,,2026-05-26,2026-05-26,28550.00,PE,FINNIFTY26MAY28550PE,0.00,0.00,0.00,2530.65,0.00,2530.65,26102.15,2443.20,0,0,0,0.00,0,F1,60,,,,,
2026-05-25,2026-05-25,FO,NSE,IDO,69761,,FINNIFTY,,2026-05-26,2026-05-26,29000.00,PE,FINNIFTY26MAY29000PE,0.00,0.00,0.00,1058.80,0.00,1058.80,26102.15,2893.15,0,0,0,0.00,0,F1,60,,,,,
2026-05-25,2026-05-25,FO,NSE,IDO,77314,,FINNIFTY,,2026-06-30,2026-06-30,22000.00,PE,FINNIFTY26JUN22000PE,0.00,0.00,0.00,257.35,0.00,257.35,26102.15,2.40,0,0,0,0.00,0,F1,60,,,,,
2026-05-25,2026-05-25,FO,NSE,IDO,77479,,FINNIFTY,,2026-06-30,2026-06-30,24100.00,PE,FINNIFTY26JUN24100PE,0.00,0.00,0.00,1029.20,0.00,1029.20,26102.15,83.75,0,0,0,0.00,0,F1,60,,,,,
2026-05-25,2026-05-25,FO,NSE,IDO,77518,,FINNIFTY,,2026-06-30,2026-06-30,25900.00,PE,FINNIFTY26JUN25900PE,0.00,0.00,0.00,2227.95,0.00,2227.95,26102.15,535.45,0,0,0,0.00,0,F1,60,,,,,
2026-05-25,2026-05-25,FO,NSE,IDO,77530,,FINNIFTY,,2026-06-30,2026-06-30,26500.00,PE,FINNIFTY26JUN26500PE,0.00,0.00,0.00,2714.00,0.00,2714.00,26102.15,831.85,0,0,0,0.00,0,F1,60,,,,,
2026-05-25,2026-05-25,FO,NSE,IDO,77536,,FINNIFTY,,2026-06-30,2026-06-30,26800.00,PE,FINNIFTY26JUN26800PE,0.00,0.00,0.00,2968.80,0.00,2968.80,26102.15,1009.55,0,0,0,0.00,0,F1,60,,,,,
2026-05-25,2026-05-25,FO,NSE,IDO,77556,,FINNIFTY,,2026-06-30,2026-06-30,27300.00,PE,FINNIFTY26JUN27300PE,0.00,0.00,0.00,3407.80,0.00,3407.80,26102.15,1346.05,0,0,0,0.00,0,F1,60,,,,,
2026-05-25,2026-05-25,FO,NSE,IDO,62784,,FINNIFTY,,2026-07-28,2026-07-28,22800.00,PE,FINNIFTY26JUL22800PE,0.00,0.00,0.00,112.25,0.00,112.25,26102.15,49.70,0,0,0,0.00,0,F1,60,,,,,
2026-05-25,2026-05-25,FO,NSE,IDO,62837,,FINNIFTY,,2026-07-28,2026-07-28,24100.00,PE,FINNIFTY26JUL24100PE,0.00,0.00,0.00,314.60,0.00,314.60,26102.15,187.55,0,0,0,0.00,0,F1,60,,,,,
2026-05-25,2026-05-25,FO,NSE,IDO,62978,,FINNIFTY,,2026-07-28,2026-07-28,28000.00,PE,FINNIFTY26JUL28000PE,0.00,0.00,0.00,2168.00,0.00,2168.00,26102.15,1960.35,0,0,0,0.00,0,F1,60,,,,,
2026-05-25,2026-05-25,FO,NSE,IDO,62461,,FINNIFTY,,2026-05-26,2026-05-26,24950.00,CE,FINNIFTY26MAY24950CE,0.00,0.00,0.00,425.00,425.00,425.00,26102.15,1156.25,1500,0,0,0.00,0,F1,60,,,,,
2026-05-25,2026-05-25,FO,NSE,IDO,38349,,FINNIFTY,,2026-05-26,2026-05-26,21900.00,CE,FINNIFTY26MAY21900CE,0.00,0.00,0.00,6315.20,0.00,6315.20,26102.15,4205.75,0,0,0,0.00,0,F1,60,,,,,
2026-05-25,2026-05-25,FO,NSE,IDO,62413,,FINNIFTY,,2026-05-26,2026-05-26,23650.00,CE,FINNIFTY26MAY23650CE,0.00,0.00,0.00,2425.85,0.00,2425.85,26102.15,2456.00,0,0,0,0.00,0,F1,60,,,,,
2026-05-25,2026-05-25,FO,NSE,IDO,69541,,FINNIFTY,,2026-05-26,2026-05-26,24000.00,CE,FINNIFTY26MAY24000CE,0.00,0.00,0.00,4701.40,0.00,4701.40,26102.15,2106.10,0,0,0,0.00,0,F1,60,,,,,
2026-05-25,2026-05-25,FO,NSE,IDO,69534,,FINNIFTY,,2026-05-26,2026-05-26,23600.00,PE,FINNIFTY26MAY23600PE,1.45,1.45,0.75,0.95,0.95,2.65,26102.15,0.95,2580,-300,51,72219462.00,25,F1,60,,,,,
2026-05-25,2026-05-25,FO,NSE,IDO,62432,,FINNIFTY,,2026-05-26,2026-05-26,24050.00,PE,FINNIFTY26MAY24050PE,1.75,1.75,0.25,0.85,1.25,1.75,26102.15,0.85,600,60,29,41848899.00,9,F1,60,,,,,
2026-05-25,2026-05-25,FO,NSE,IDO,62440,,FINNIFTY,,2026-05-26,2026-05-26,24250.00,PE,FINNIFTY26MAY24250PE,1.45,1.75,0.80,1.75,1.75,3.80,26102.15,0.00,780,-180,28,40742364.00,7,F1,60,,,,,
2026-05-25,2026-05-25,FO,NSE,IDO,69550,,FINNIFTY,,2026-05-26,2026-05-26,24400.00,PE,FINNIFTY26MAY24400PE,1.65,1.80,0.80,1.00,1.15,4.55,26102.15,1.00,3420,-1200,212,310385148.00,123,F1,60,,,,,
2026-05-25,2026-05-25,FO,NSE,IDO,62462,,FINNIFTY,,2026-05-26,2026-05-26,24950.00,PE,FINNIFTY26MAY24950PE,4.95,5.35,1.65,2.60,2.85,22.95,26102.15,2.60,1680,-300,455,681228447.00,393,F1,60,,,,,
2026-05-25,2026-05-25,FO,NSE,IDO,62464,,FINNIFTY,,2026-05-26,2026-05-26,25050.00,PE,FINNIFTY26MAY25050PE,8.00,8.00,2.20,3.15,5.50,30.35,26102.15,3.15,4560,900,320,481043649.00,169,F1,60,,,,,
2026-05-25,2026-05-25,FO,NSE,IDO,62466,,FINNIFTY,,2026-05-26,2026-05-26,25150.00,PE,FINNIFTY26MAY25150PE,7.70,12.85,2.25,3.10,3.40,44.50,26102.15,3.10,4200,-4260,410,618834156.00,225,F1,60,,,,,
2026-05-25,2026-05-25,FO,NSE,IDO,69648,,FINNIFTY,,2026-05-26,2026-05-26,25700.00,PE,FINNIFTY26MAY25700PE,86.30,110.00,8.85,12.35,13.60,226.85,26102.15,12.35,56460,53880,13444,20757799974.00,9560,F1,60,,,,,
2026-05-25,2026-05-25,FO,NSE,IDO,69658,,FINNIFTY,,2026-05-26,2026-05-26,26200.00,PE,FINNIFTY26MAY26200PE,330.00,330.00,99.25,135.05,113.85,631.40,26102.15,135.05,16260,13500,1417,2244421767.00,1100,F1,60,,,,,
2026-05-25,2026-05-25,FO,NSE,IDO,69662,,FINNIFTY,,2026-05-26,2026-05-26,26400.00,PE,FINNIFTY26MAY26400PE,0.00,0.00,0.00,818.50,818.50,818.50,26102.15,319.20,2640,0,0,0.00,0,F1,60,,,,,
2026-05-25,2026-05-25,FO,NSE,IDO,69686,,FINNIFTY,,2026-05-26,2026-05-26,27600.00,PE,FINNIFTY26MAY27600PE,0.00,0.00,0.00,455.40,0.00,455.40,26102.15,1493.35,0,0,0,0.00,0,F1,60,,,,,
2026-05-25,2026-05-25,FO,NSE,IDO,69688,,FINNIFTY,,2026-05-26,2026-05-26,27700.00,PE,FINNIFTY26MAY27700PE,0.00,0.00,0.00,488.00,0.00,488.00,26102.15,1593.35,0,0,0,0.00,0,F1,60,,,,,
2026-05-25,2026-05-25,FO,NSE,IDO,62549,,FINNIFTY,,2026-05-26,2026-05-26,28350.00,PE,FINNIFTY26MAY28350PE,0.00,0.00,0.00,2344.95,0.00,2344.95,26102.15,2243.25,0,0,0,0.00,0,F1,60,,,,,
2026-05-25,2026-05-25,FO,NSE,IDO,69821,,FINNIFTY,,2026-05-26,2026-05-26,31500.00,PE,FINNIFTY26MAY31500PE,0.00,0.00,0.00,2857.90,0.00,2857.90,26102.15,5392.75,0,0,0,0.00,0,F1,60,,,,,
2026-05-25,2026-05-25,FO,NSE,IDO,77304,,FINNIFTY,,2026-06-30,2026-06-30,21500.00,PE,FINNIFTY26JUN21500PE,0.00,0.00,0.00,166.70,0.00,166.70,26102.15,0.80,0,0,0,0.00,0,F1,60,,,,,
2026-05-25,2026-05-25,FO,NSE,IDO,77310,,FINNIFTY,,2026-06-30,2026-06-30,21800.00,PE,FINNIFTY26JUN21800PE,0.00,0.00,0.00,217.50,0.00,217.50,26102.15,1.55,0,0,0,0.00,0,F1,60,,,,,
2026-05-25,2026-05-25,FO,NSE,IDO,77324,,FINNIFTY,,2026-06-30,2026-06-30,22500.00,PE,FINNIFTY26JUN22500PE,0.00,0.00,0.00,380.60,0.00,380.60,26102.15,6.55,0,0,0,0.00,0,F1,60,,,,,
2026-05-25,2026-05-25,FO,NSE,IDO,77332,,FINNIFTY,,2026-06-30,2026-06-30,22800.00,PE,FINNIFTY26JUN22800PE,0.00,0.00,0.00,470.60,0.00,470.60,26102.15,11.45,0,0,0,0.00,0,F1,60,,,,,
2026-05-25,2026-05-25,FO,NSE,IDO,77489,,FINNIFTY,,2026-06-30,2026-06-30,24600.00,PE,FINNIFTY26JUN24600PE,0.00,0.00,0.00,1316.20,0.00,1316.20,26102.15,153.85,0,0,0,0.00,0,F1,60,,,,,
2026-05-25,2026-05-25,FO,NSE,IDO,77501,,FINNIFTY,,2026-06-30,2026-06-30,25200.00,PE,FINNIFTY26JUN25200PE,0.00,0.00,0.00,1709.45,0.00,1709.45,26102.15,288.75,0,0,0,0.00,0,F1,60,,,,,
2026-05-25,2026-05-25,FO,NSE,IDO,77514,,FINNIFTY,,2026-06-30,2026-06-30,25700.00,PE,FINNIFTY26JUN25700PE,0.00,0.00,0.00,2074.95,0.00,2074.95,26102.15,454.30,0,0,0,0.00,0,F1,60,,,,,
2026-05-25,2026-05-25,FO,NSE,IDO,77522,,FINNIFTY,,2026-06-30,2026-06-30,26100.00,PE,FINNIFTY26JUN26100PE,0.00,0.00,0.00,2386.15,0.00,2386.15,26102.15,625.45,0,0,0,0.00,0,F1,60,,,,,
2026-05-25,2026-05-25,FO,NSE,IDO,77641,,FINNIFTY,,2026-06-30,2026-06-30,28900.00,PE,FINNIFTY26JUN28900PE,0.00,0.00,0.00,4893.40,0.00,4893.40,26102.15,2679.85,0,0,0,0.00,0,F1,60,,,,,
2026-05-25,2026-05-25,FO,NSE,IDO,62778,,FINNIFTY,,2026-07-28,2026-07-28,22600.00,PE,FINNIFTY26JUL22600PE,0.00,0.00,0.00,93.60,0.00,93.60,26102.15,39.20,0,0,0,0.00,0,F1,60,,,,,
2026-05-25,2026-05-25,FO,NSE,IDO,62903,,FINNIFTY,,2026-07-28,2026-07-28,25500.00,PE,FINNIFTY26JUL25500PE,0.00,0.00,0.00,744.35,0.00,744.35,26102.15,550.40,0,0,0,0.00,0,F1,60,,,,,
2026-05-25,2026-05-25,FO,NSE,IDO,62913,,FINNIFTY,,2026-07-28,2026-07-28,26000.00,PE,FINNIFTY26JUL26000PE,0.00,0.00,0.00,961.95,0.00,961.95,26102.15,752.45,0,0,0,0.00,0,F1,60,,,,,
2026-05-25,2026-05-25,FO,NSE,IDO,62919,,FINNIFTY,,2026-07-28,2026-07-28,26300.00,PE,FINNIFTY26JUL26300PE,0.00,0.00,0.00,1109.15,0.00,1109.15,26102.15,893.35,0,0,0,0.00,0,F1,60,,,,,
2026-05-25,2026-05-25,FO,NSE,IDO,62921,,FINNIFTY,,2026-07-28,2026-07-28,26400.00,PE,FINNIFTY26JUL26400PE,0.00,0.00,0.00,1161.05,0.00,1161.05,26102.15,943.70,0,0,0,0.00,0,F1,60,,,,,
2026-05-25,2026-05-25,FO,NSE,IDO,62936,,FINNIFTY,,2026-07-28,2026-07-28,27100.00,PE,FINNIFTY26JUL27100PE,0.00,0.00,0.00,1562.05,0.00,1562.05,26102.15,1341.05,0,0,0,0.00,0,F1,60,,,,,
2026-05-25,2026-05-25,FO,NSE,IDO,77590,,FINNIFTY,,2026-06-30,2026-06-30,27600.00,CE,FINNIFTY26JUN27600CE,0.00,0.00,0.00,94.55,0.00,94.55,26102.15,250.80,0,0,0,0.00,0,F1,60,,,,,
2026-05-25,2026-05-25,FO,NSE,IDO,77549,,FINNIFTY,,2026-06-30,2026-06-30,27200.00,CE,FINNIFTY26JUN27200CE,0.00,0.00,0.00,127.75,0.00,127.75,26102.15,353.05,0,0,0,0.00,0,F1,60,,,,,
2026-05-25,2026-05-25,FO,NSE,IDO,77464,,FINNIFTY,,2026-06-30,2026-06-30,23500.00,CE,FINNIFTY26JUN23500CE,0.00,0.00,0.00,1180.20,0.00,1180.20,26102.15,2790.35,0,0,0,0.00,0,F1,60,,,,,
2026-05-25,2026-05-25,FO,NSE,IDO,77321,,FINNIFTY,,2026-06-30,2026-06-30,22400.00,CE,FINNIFTY26JUN22400CE,0.00,0.00,0.00,1876.45,0.00,1876.45,26102.15,3852.45,0,0,0,0.00,0,F1,60,,,,,
2026-05-25,2026-05-25,FO,NSE,IDO,69703,,FINNIFTY,,2026-05-26,2026-05-26,28500.00,CE,FINNIFTY26MAY28500CE,0.45,0.70,0.10,0.10,0.10,0.35,26102.15,0.10,15120,-600,117,200071467.00,27,F1,60,,,,,
2026-05-25,2026-05-25,FO,NSE,IDO,62543,,FINNIFTY,,2026-05-26,2026-05-26,28250.00,CE,FINNIFTY26MAY28250CE,0.00,0.00,0.00,66.20,0.00,66.20,26102.15,0.00,0,0,0,0.00,0,F1,60,,,,,
2026-05-25,2026-05-25,FO,NSE,IDO,62531,,FINNIFTY,,2026-05-26,2026-05-26,27650.00,CE,FINNIFTY26MAY27650CE,0.00,0.00,0.00,6.50,6.50,6.50,26102.15,0.00,0,0,0,0.00,0,F1,60,,,,,
2026-05-25,2026-05-25,FO,NSE,IDO,69669,,FINNIFTY,,2026-05-26,2026-05-26,26800.00,CE,FINNIFTY26MAY26800CE,4.75,9.80,2.75,5.55,7.00,6.35,26102.15,5.55,30780,18780,1362,2190443445.00,682,F1,60,,,,,
2026-05-25,2026-05-25,FO,NSE,IDO,69659,,FINNIFTY,,2026-05-26,2026-05-26,26300.00,CE,FINNIFTY26MAY26300CE,37.75,89.20,23.45,59.75,87.35,22.45,26102.15,59.75,38040,15180,13970,22079530431.00,9690,F1,60,,,,,
2026-05-25,2026-05-25,FO,NSE,IDO,69641,,FINNIFTY,,2026-05-26,2026-05-26,25400.00,CE,FINNIFTY26MAY25400CE,535.15,871.75,528.90,774.70,871.75,329.70,26102.15,774.70,5760,-900,29,45296565.00,28,F1,60,,,,,
2026-05-25,2026-05-25,FO,NSE,IDO,62467,,FINNIFTY,,2026-05-26,2026-05-26,25250.00,CE,FINNIFTY26MAY25250CE,0.00,0.00,0.00,382.85,382.85,382.85,26102.15,856.45,1440,0,0,0.00,0,F1,60,,,,,
2026-05-25,2026-05-25,FO,NSE,IDO,62465,,FINNIFTY,,2026-05-26,2026-05-26,25150.00,CE,FINNIFTY26MAY25150CE,718.00,1039.00,718.00,1039.00,1039.00,447.40,26102.15,1039.00,2160,-120,3,4681500.00,3,F1,60,,,,,
2026-05-25,2026-05-25,FO,NSE,IDO,69549,,FINNIFTY,,2026-05-26,2026-05-26,24400.00,CE,FINNIFTY26MAY24400CE,0.00,0.00,0.00,4316.20,0.00,4316.20,26102.15,1706.15,0,0,0,0.00,0,F1,60,,,,,
2026-05-25,2026-05-25,FO,NSE,IDO,62404,,FINNIFTY,,2026-05-26,2026-05-26,23350.00,CE,FINNIFTY26MAY23350CE,0.00,0.00,0.00,2710.80,0.00,2710.80,26102.15,2756.00,0,0,0,0.00,0,F1,60,,,,,
2026-05-25,2026-05-25,FO,NSE,IDO,69513,,FINNIFTY,,2026-05-26,2026-05-26,22600.00,CE,FINNIFTY26MAY22600CE,0.00,0.00,0.00,6068.40,0.00,6068.40,26102.15,3505.85,0,0,0,0.00,0,F1,60,,,,,
2026-05-25,2026-05-25,FO,NSE,IDO,62355,,FINNIFTY,,2026-05-26,2026-05-26,22550.00,CE,FINNIFTY26MAY22550CE,0.00,0.00,0.00,3491.45,0.00,3491.45,26102.15,3555.85,0,0,0,0.00,0,F1,60,,,,,
2026-05-25,2026-05-25,FO,NSE,IDO,77625,,FINNIFTY,,2026-06-30,2026-06-30,28200.00,CE,FINNIFTY26JUN28200CE,0.00,0.00,0.00,58.90,0.00,58.90,26102.15,143.00,0,0,0,0.00,0,F1,60,,,,,
2026-05-25,2026-05-25,FO,NSE,IDO,62781,,FINNIFTY,,2026-07-28,2026-07-28,22700.00,CE,FINNIFTY26JUL22700CE,0.00,0.00,0.00,3666.00,0.00,3666.00,26102.15,3706.75,0,0,0,0.00,0,F1,60,,,,,
2026-05-25,2026-05-25,FO,NSE,IDO,62785,,FINNIFTY,,2026-07-28,2026-07-28,22900.00,CE,FINNIFTY26JUL22900CE,0.00,0.00,0.00,3488.90,0.00,3488.90,26102.15,3520.60,0,0,0,0.00,0,F1,60,,,,,
2026-05-25,2026-05-25,FO,NSE,IDO,62876,,FINNIFTY,,2026-07-28,2026-07-28,24600.00,CE,FINNIFTY26JUL24600CE,0.00,0.00,0.00,2130.75,0.00,2130.75,26102.15,2070.35,0,0,0,0.00,0,F1,60,,,,,
2026-05-25,2026-05-25,FO,NSE,IDO,62879,,FINNIFTY,,2026-07-28,2026-07-28,24700.00,CE,FINNIFTY26JUL24700CE,0.00,0.00,0.00,2059.70,0.00,2059.70,26102.15,1995.05,0,0,0,0.00,0,F1,60,,,,,
2026-05-25,2026-05-25,FO,NSE,IDO,43653,,FINNIFTY,,2026-05-26,2026-05-26,21200.00,PE,FINNIFTY26MAY21200PE,0.00,0.00,0.00,0.35,0.00,0.35,26102.15,0.00,0,0,0,0.00,0,F1,60,,,,,
2026-05-25,2026-05-25,FO,NSE,IDO,62402,,FINNIFTY,,2026-05-26,2026-05-26,23250.00,PE,FINNIFTY26MAY23250PE,0.00,0.00,0.00,32.30,32.30,32.30,26102.15,0.00,600,0,0,0.00,0,F1,60,,,,,
2026-05-25,2026-05-25,FO,NSE,IDO,62932,,FINNIFTY,,2026-07-28,2026-07-28,27000.00,CE,FINNIFTY26JUL27000CE,0.00,0.00,0.00,825.95,0.00,825.95,26102.15,691.45,0,0,0,0.00,0,F1,60,,,,,
2026-05-25,2026-05-25,FO,NSE,IDO,62419,,FINNIFTY,,2026-05-26,2026-05-26,23850.00,CE,FINNIFTY26MAY23850CE,0.00,0.00,0.00,2239.70,0.00,2239.70,26102.15,2256.05,0,0,0,0.00,0,F1,60,,,,,
2026-05-25,2026-05-25,FO,NSE,IDO,62479,,FINNIFTY,,2026-05-26,2026-05-26,25650.00,CE,FINNIFTY26MAY25650CE,324.95,630.00,321.15,513.25,630.00,158.30,26102.15,513.25,6540,-4560,294,460986825.00,181,F1,60,,,,,
2026-05-25,2026-05-25,FO,NSE,IDO,69647,,FINNIFTY,,2026-05-26,2026-05-26,25700.00,CE,FINNIFTY26MAY25700CE,220.00,550.85,215.00,463.25,550.85,146.85,26102.15,463.25,23520,-16200,1323,2063280042.00,879,F1,60,,,,,
2026-05-25,2026-05-25,FO,NSE,IDO,69649,,FINNIFTY,,2026-05-26,2026-05-26,25800.00,CE,FINNIFTY26MAY25800CE,173.35,453.25,160.55,378.95,447.40,105.70,26102.15,378.95,29220,-5940,3872,6053986746.00,3065,F1,60,,,,,
2026-05-25,2026-05-25,FO,NSE,IDO,69661,,FINNIFTY,,2026-05-26,2026-05-26,26400.00,CE,FINNIFTY26MAY26400CE,20.30,57.85,13.55,35.75,57.40,16.35,26102.15,35.75,31140,13260,9359,14838500775.00,6200,F1,60,,,,,
2026-05-25,2026-05-25,FO,NSE,IDO,62511,,FINNIFTY,,2026-05-26,2026-05-26,26650.00,CE,FINNIFTY26MAY26650CE,6.60,13.60,4.30,10.70,13.15,8.20,26102.15,10.70,8100,-3000,605,967646214.00,318,F1,60,,,,,
2026-05-25,2026-05-25,FO,NSE,IDO,69667,,FINNIFTY,,2026-05-26,2026-05-26,26700.00,CE,FINNIFTY26MAY26700CE,9.50,12.00,3.65,8.70,10.70,7.45,26102.15,8.70,39720,23940,4052,6492959586.00,1970,F1,60,,,,,
2026-05-25,2026-05-25,FO,NSE,IDO,62519,,FINNIFTY,,2026-05-26,2026-05-26,27050.00,CE,FINNIFTY26MAY27050CE,2.40,2.40,2.40,2.40,2.40,3.40,26102.15,2.40,120,-240,4,6492576.00,2,F1,60,,,,,
2026-05-25,2026-05-25,FO,NSE,IDO,62523,,FINNIFTY,,2026-05-26,2026-05-26,27250.00,CE,FINNIFTY26MAY27250CE,2.60,2.60,0.35,1.25,1.25,2.20,26102.15,0.05,960,0,6,9810618.00,4,F1,60,,,,,
2026-05-25,2026-05-25,FO,NSE,IDO,63028,,FINNIFTY,,2026-07-28,2026-07-28,29500.00,PE,FINNIFTY26JUL29500PE,0.00,0.00,0.00,3360.50,0.00,3360.50,26102.15,3195.05,0,0,0,0.00,0,F1,60,,,,,
2026-05-25,2026-05-25,FO,NSE,IDO,62999,,FINNIFTY,,2026-07-28,2026-07-28,28500.00,PE,FINNIFTY26JUL28500PE,0.00,0.00,0.00,2543.65,0.00,2543.65,26102.15,2347.30,0,0,0,0.00,0,F1,60,,,,,
2026-05-25,2026-05-25,FO,NSE,IDO,62976,,FINNIFTY,,2026-07-28,2026-07-28,27900.00,PE,FINNIFTY26JUL27900PE,0.00,0.00,0.00,2096.05,0.00,2096.05,26102.15,1885.10,0,0,0,0.00,0,F1,60,,,,,
2026-05-25,2026-05-25,FO,NSE,IDO,62931,,FINNIFTY,,2026-07-28,2026-07-28,26900.00,PE,FINNIFTY26JUL26900PE,0.00,0.00,0.00,1440.85,0.00,1440.85,26102.15,1219.60,0,0,0,0.00,0,F1,60,,,,,
2026-05-25,2026-05-25,FO,NSE,IDO,62925,,FINNIFTY,,2026-07-28,2026-07-28,26600.00,PE,FINNIFTY26JUL26600PE,0.00,0.00,0.00,1268.95,0.00,1268.95,26102.15,1049.20,0,0,0,0.00,0,F1,60,,,,,
2026-05-25,2026-05-25,FO,NSE,IDO,62835,,FINNIFTY,,2026-07-28,2026-07-28,24000.00,PE,FINNIFTY26JUL24000PE,0.00,0.00,0.00,293.15,0.00,293.15,26102.15,171.40,0,0,0,0.00,0,F1,60,,,,,
2026-05-25,2026-05-25,FO,NSE,IDO,77643,,FINNIFTY,,2026-06-30,2026-06-30,29000.00,PE,FINNIFTY26JUN29000PE,0.00,0.00,0.00,4988.90,0.00,4988.90,26102.15,2772.00,0,0,0,0.00,0,F1,60,,,,,
2026-05-25,2026-05-25,FO,NSE,IDO,77635,,FINNIFTY,,2026-06-30,2026-06-30,28600.00,PE,FINNIFTY26JUN28600PE,0.00,0.00,0.00,4608.30,0.00,4608.30,26102.15,2408.05,0,0,0,0.00,0,F1,60,,,,,
2026-05-25,2026-05-25,FO,NSE,IDO,77540,,FINNIFTY,,2026-06-30,2026-06-30,26900.00,PE,FINNIFTY26JUN26900PE,0.00,0.00,0.00,3055.30,0.00,3055.30,26102.15,1072.90,0,0,0,0.00,0,F1,60,,,,,
2026-05-25,2026-05-25,FO,NSE,IDO,77524,,FINNIFTY,,2026-06-30,2026-06-30,26200.00,PE,FINNIFTY26JUN26200PE,0.00,0.00,0.00,2466.70,0.00,2466.70,26102.15,673.75,0,0,0,0.00,0,F1,60,,,,,
2026-05-25,2026-05-25,FO,NSE,IDO,77499,,FINNIFTY,,2026-06-30,2026-06-30,25100.00,PE,FINNIFTY26JUN25100PE,0.00,0.00,0.00,1640.45,0.00,1640.45,26102.15,262.90,0,0,0,0.00,0,F1,60,,,,,
2026-05-25,2026-05-25,FO,NSE,IDO,77497,,FINNIFTY,,2026-06-30,2026-06-30,25000.00,PE,FINNIFTY26JUN25000PE,350.00,350.00,170.00,179.05,170.00,395.00,26102.15,179.05,960,780,23,34821948.00,22,F1,60,,,,,
2026-05-25,2026-05-25,FO,NSE,IDO,77328,,FINNIFTY,,2026-06-30,2026-06-30,22700.00,PE,FINNIFTY26JUN22700PE,0.00,0.00,0.00,438.75,0.00,438.75,26102.15,9.55,0,0,0,0.00,0,F1,60,,,,,
2026-05-25,2026-05-25,FO,NSE,IDO,77294,,FINNIFTY,,2026-06-30,2026-06-30,21000.00,PE,FINNIFTY26JUN21000PE,0.00,0.00,0.00,102.80,0.00,102.80,26102.15,0.25,0,0,0,0.00,0,F1,60,,,,,
2026-05-25,2026-05-25,FO,NSE,IDO,69681,,FINNIFTY,,2026-05-26,2026-05-26,27400.00,CE,FINNIFTY26MAY27400CE,1.50,1.50,0.75,0.80,0.80,1.45,26102.15,0.80,3540,-300,12,19728738.00,6,F1,60,,,,,
2026-05-25,2026-05-25,FO,NSE,IDO,69709,,FINNIFTY,,2026-05-26,2026-05-26,28800.00,CE,FINNIFTY26MAY28800CE,0.60,0.60,0.60,0.60,0.60,0.45,26102.15,0.00,360,0,2,3456072.00,1,F1,60,,,,,
2026-05-25,2026-05-25,FO,NSE,IDO,69780,,FINNIFTY,,2026-05-26,2026-05-26,29900.00,CE,FINNIFTY26MAY29900CE,0.00,0.00,0.00,500.35,0.00,500.35,26102.15,0.00,0,0,0,0.00,0,F1,60,,,,,
2026-05-25,2026-05-25,FO,NSE,IDO,69796,,FINNIFTY,,2026-05-26,2026-05-26,30500.00,CE,FINNIFTY26MAY30500CE,0.00,0.00,0.00,344.90,0.00,344.90,26102.15,0.00,0,0,0,0.00,0,F1,60,,,,,
2026-05-25,2026-05-25,FO,NSE,IDO,77268,,FINNIFTY,,2026-06-30,2026-06-30,20500.00,CE,FINNIFTY26JUN20500CE,0.00,0.00,0.00,3449.05,0.00,3449.05,26102.15,5734.85,0,0,0,0.00,0,F1,60,,,,,
2026-05-25,2026-05-25,FO,NSE,IDO,77458,,FINNIFTY,,2026-06-30,2026-06-30,23200.00,CE,FINNIFTY26JUN23200CE,0.00,0.00,0.00,1350.85,0.00,1350.85,26102.15,3074.85,0,0,0,0.00,0,F1,60,,,,,
2026-05-25,2026-05-25,FO,NSE,IDO,77476,,FINNIFTY,,2026-06-30,2026-06-30,24000.00,CE,FINNIFTY26JUN24000CE,0.00,0.00,0.00,928.25,0.00,928.25,26102.15,2330.85,0,0,0,0.00,0,F1,60,,,,,
2026-05-25,2026-05-25,FO,NSE,IDO,77478,,FINNIFTY,,2026-06-30,2026-06-30,24100.00,CE,FINNIFTY26JUN24100CE,0.00,0.00,0.00,882.75,0.00,882.75,26102.15,2241.80,0,0,0,0.00,0,F1,60,,,,,
2026-05-25,2026-05-25,FO,NSE,IDO,77529,,FINNIFTY,,2026-06-30,2026-06-30,26500.00,CE,FINNIFTY26JUN26500CE,415.00,461.25,389.95,445.35,420.00,300.00,26102.15,445.35,480,420,11,17768202.00,10,F1,60,,,,,
2026-05-25,2026-05-25,FO,NSE,IDO,77586,,FINNIFTY,,2026-06-30,2026-06-30,27500.00,CE,FINNIFTY26JUN27500CE,0.00,0.00,0.00,102.05,0.00,102.05,26102.15,274.85,0,0,0,0.00,0,F1,60,,,,,
2026-05-25,2026-05-25,FO,NSE,IDO,77638,,FINNIFTY,,2026-06-30,2026-06-30,28800.00,CE,FINNIFTY26JUN28800CE,0.00,0.00,0.00,35.85,0.00,35.85,26102.15,76.90,0,0,0,0.00,0,F1,60,,,,,
2026-05-25,2026-05-25,FO,NSE,IDO,77642,,FINNIFTY,,2026-06-30,2026-06-30,29000.00,CE,FINNIFTY26JUN29000CE,0.00,0.00,0.00,30.20,0.00,30.20,26102.15,61.75,0,0,0,0.00,0,F1,60,,,,,
2026-05-25,2026-05-25,FO,NSE,IDO,62805,,FINNIFTY,,2026-07-28,2026-07-28,23300.00,CE,FINNIFTY26JUL23300CE,0.00,0.00,0.00,3143.90,0.00,3143.90,26102.15,3155.85,0,0,0,0.00,0,F1,60,,,,,
2026-05-25,2026-05-25,FO,NSE,IDO,62829,,FINNIFTY,,2026-07-28,2026-07-28,23900.00,CE,FINNIFTY26JUL23900CE,0.00,0.00,0.00,2653.40,0.00,2653.40,26102.15,2632.70,0,0,0,0.00,0,F1,60,,,,,
2026-05-25,2026-05-25,FO,NSE,IDO,69797,,FINNIFTY,,2026-05-26,2026-05-26,30500.00,PE,FINNIFTY26MAY30500PE,0.00,0.00,0.00,2047.55,0.00,2047.55,26102.15,4392.90,0,0,0,0.00,0,F1,60,,,,,
2026-05-25,2026-05-25,FO,NSE,IDO,69710,,FINNIFTY,,2026-05-26,2026-05-26,28800.00,PE,FINNIFTY26MAY28800PE,0.00,0.00,0.00,952.90,0.00,952.90,26102.15,2693.20,0,0,0,0.00,0,F1,60,,,,,
2026-05-25,2026-05-25,FO,NSE,IDO,69696,,FINNIFTY,,2026-05-26,2026-05-26,28100.00,PE,FINNIFTY26MAY28100PE,0.00,0.00,0.00,634.20,0.00,634.20,26102.15,1993.30,0,0,0,0.00,0,F1,60,,,,,
2026-05-25,2026-05-25,FO,NSE,IDO,69692,,FINNIFTY,,2026-05-26,2026-05-26,27900.00,PE,FINNIFTY26MAY27900PE,0.00,0.00,0.00,557.90,0.00,557.90,26102.15,1793.30,0,0,0,0.00,0,F1,60,,,,,
2026-05-25,2026-05-25,FO,NSE,IDO,69670,,FINNIFTY,,2026-05-26,2026-05-26,26800.00,PE,FINNIFTY26MAY26800PE,0.00,0.00,0.00,527.30,527.30,527.30,26102.15,694.60,180,0,0,0.00,0,F1,60,,,,,
2026-05-25,2026-05-25,FO,NSE,IDO,62468,,FINNIFTY,,2026-05-26,2026-05-26,25250.00,PE,FINNIFTY26MAY25250PE,20.05,20.05,1.60,3.30,4.00,68.10,26102.15,3.30,7980,2280,1054,1597181604.00,439,F1,60,,,,,
2026-05-25,2026-05-25,FO,NSE,IDO,62458,,FINNIFTY,,2026-05-26,2026-05-26,24750.00,PE,FINNIFTY26MAY24750PE,10.20,10.20,1.20,2.10,1.60,11.75,26102.15,2.10,1320,-1560,73,108415806.00,53,F1,60,,,,,
2026-05-25,2026-05-25,FO,NSE,IDO,69554,,FINNIFTY,,2026-05-26,2026-05-26,24600.00,PE,FINNIFTY26MAY24600PE,2.60,2.85,1.15,1.70,1.35,7.30,26102.15,1.70,6960,-900,531,783822387.00,347,F1,60,,,,,
2026-05-25,2026-05-25,FO,NSE,IDO,62438,,FINNIFTY,,2026-05-26,2026-05-26,24150.00,PE,FINNIFTY26MAY24150PE,1.00,1.00,0.30,0.65,0.55,3.00,26102.15,0.65,420,0,23,33328311.00,5,F1,60,,,,,
2026-05-25,2026-05-25,FO,NSE,IDO,69524,,FINNIFTY,,2026-05-26,2026-05-26,23100.00,PE,FINNIFTY26MAY23100PE,0.55,0.70,0.55,0.70,0.70,1.30,26102.15,0.00,660,-300,5,6930183.00,4,F1,60,,,,,
2026-05-25,2026-05-25,FO,NSE,IDO,62391,,FINNIFTY,,2026-05-26,2026-05-26,23050.00,PE,FINNIFTY26MAY23050PE,0.70,0.70,0.25,0.25,0.25,5.20,26102.15,0.00,120,0,20,27660570.00,2,F1,60,,,,,
2026-05-25,2026-05-25,FO,NSE,IDO,69520,,FINNIFTY,,2026-05-26,2026-05-26,22900.00,PE,FINNIFTY26MAY22900PE,1.90,1.90,1.20,1.30,1.30,1.95,26102.15,0.00,780,780,13,17863128.00,4,F1,60,,,,,
2026-05-25,2026-05-25,FO,NSE,IDO,69506,,FINNIFTY,,2026-05-26,2026-05-26,22000.00,PE,FINNIFTY26MAY22000PE,1.20,1.25,0.25,0.25,0.25,0.50,26102.15,0.25,6660,-360,7,9240345.00,5,F1,60,,,,,
2026-05-25,2026-05-25,FO,NSE,IDO,43658,,FINNIFTY,,2026-05-26,2026-05-26,21400.00,PE,FINNIFTY26MAY21400PE,0.00,0.00,0.00,0.55,0.00,0.55,26102.15,0.00,0,0,0,0.00,0,F1,60,,,,,
2026-05-25,2026-05-25,FO,NSE,IDO,62996,,FINNIFTY,,2026-07-28,2026-07-28,28400.00,CE,FINNIFTY26JUL28400CE,0.00,0.00,0.00,412.90,0.00,412.90,26102.15,295.50,0,0,0,0.00,0,F1,60,,,,,
2026-05-25,2026-05-25,FO,NSE,IDO,62892,,FINNIFTY,,2026-07-28,2026-07-28,25000.00,CE,FINNIFTY26JUL25000CE,0.00,0.00,0.00,1857.75,0.00,1857.75,26102.15,1777.25,0,0,0,0.00,0,F1,60,,,,,
2026-05-25,2026-05-25,FO,NSE,IDO,62914,,FINNIFTY,,2026-07-28,2026-07-28,26100.00,CE,FINNIFTY26JUL26100CE,0.00,0.00,0.00,1221.85,0.00,1221.85,26102.15,1099.35,0,0,0,0.00,0,F1,60,,,,,
2026-05-25,2026-05-25,FO,NSE,IDO,69499,,FINNIFTY,,2026-05-26,2026-05-26,20500.00,CE,FINNIFTY26MAY20500CE,0.00,0.00,0.00,8132.70,0.00,8132.70,26102.15,5605.50,0,0,0,0.00,0,F1,60,,,,,
2026-05-25,2026-05-25,FO,NSE,IDO,43655,,FINNIFTY,,2026-05-26,2026-05-26,21300.00,CE,FINNIFTY26MAY21300CE,0.00,0.00,0.00,6046.75,0.00,6046.75,26102.15,4805.65,0,0,0,0.00,0,F1,60,,,,,
2026-05-25,2026-05-25,FO,NSE,IDO,43657,,FINNIFTY,,2026-05-26,2026-05-26,21400.00,CE,FINNIFTY26MAY21400CE,0.00,0.00,0.00,5948.40,0.00,5948.40,26102.15,4705.65,0,0,0,0.00,0,F1,60,,,,,
2026-05-25,2026-05-25,FO,NSE,IDO,69503,,FINNIFTY,,2026-05-26,2026-05-26,21500.00,CE,FINNIFTY26MAY21500CE,0.00,0.00,0.00,7149.30,0.00,7149.30,26102.15,4605.65,0,0,0,0.00,0,F1,60,,,,,
2026-05-25,2026-05-25,FO,NSE,IDO,69523,,FINNIFTY,,2026-05-26,2026-05-26,23100.00,CE,FINNIFTY26MAY23100CE,0.00,0.00,0.00,5578.20,0.00,5578.20,26102.15,3005.95,0,0,0,0.00,0,F1,60,,,,,
2026-05-25,2026-05-25,FO,NSE,IDO,62975,,FINNIFTY,,2026-07-28,2026-07-28,27900.00,CE,FINNIFTY26JUL27900CE,0.00,0.00,0.00,534.10,0.00,534.10,26102.15,407.30,0,0,0,0.00,0,F1,60,,,,,
2026-05-25,2026-05-25,FO,NSE,IDO,62947,,FINNIFTY,,2026-07-28,2026-07-28,27300.00,CE,FINNIFTY26JUL27300CE,0.00,0.00,0.00,717.75,0.00,717.75,26102.15,583.90,0,0,0,0.00,0,F1,60,,,,,
2026-05-25,2026-05-25,FO,NSE,IDO,62820,,FINNIFTY,,2026-07-28,2026-07-28,23700.00,CE,FINNIFTY26JUL23700CE,0.00,0.00,0.00,2812.95,0.00,2812.95,26102.15,2803.40,0,0,0,0.00,0,F1,60,,,,,
2026-05-25,2026-05-25,FO,NSE,IDO,62906,,FINNIFTY,,2026-07-28,2026-07-28,25700.00,CE,FINNIFTY26JUL25700CE,0.00,0.00,0.00,1433.65,0.00,1433.65,26102.15,1323.25,0,0,0,0.00,0,F1,60,,,,,
2026-05-25,2026-05-25,FO,NSE,IDO,62910,,FINNIFTY,,2026-07-28,2026-07-28,25900.00,CE,FINNIFTY26JUL25900CE,0.00,0.00,0.00,1324.95,0.00,1324.95,26102.15,1208.00,0,0,0,0.00,0,F1,60,,,,,
2026-05-25,2026-05-25,FO,NSE,IDO,62912,,FINNIFTY,,2026-07-28,2026-07-28,26000.00,CE,FINNIFTY26JUL26000CE,0.00,0.00,0.00,1272.70,0.00,1272.70,26102.15,1152.85,0,0,0,0.00,0,F1,60,,,,,
2026-05-25,2026-05-25,FO,NSE,IDO,62926,,FINNIFTY,,2026-07-28,2026-07-28,26700.00,CE,FINNIFTY26JUL26700CE,0.00,0.00,0.00,945.70,0.00,945.70,26102.15,812.85,0,0,0,0.00,0,F1,60,,,,,
2026-05-25,2026-05-25,FO,NSE,IDO,62979,,FINNIFTY,,2026-07-28,2026-07-28,28100.00,CE,FINNIFTY26JUL28100CE,0.00,0.00,0.00,481.90,0.00,481.90,26102.15,360.25,0,0,0,0.00,0,F1,60,,,,,
2026-05-25,2026-05-25,FO,NSE,IDO,69504,,FINNIFTY,,2026-05-26,2026-05-26,21500.00,PE,FINNIFTY26MAY21500PE,0.30,0.30,0.30,0.30,0.30,0.30,26102.15,0.00,540,-120,2,2580036.00,1,F1,60,,,,,
2026-05-25,2026-05-25,FO,NSE,IDO,38356,,FINNIFTY,,2026-05-26,2026-05-26,22200.00,PE,FINNIFTY26MAY22200PE,1.45,1.50,1.00,1.00,1.00,0.75,26102.15,0.00,780,780,14,18649092.00,6,F1,60,,,,,
2026-05-25,2026-05-25,FO,NSE,IDO,62365,,FINNIFTY,,2026-05-26,2026-05-26,22750.00,PE,FINNIFTY26MAY22750PE,0.00,0.00,0.00,5.95,5.95,5.95,26102.15,0.00,240,0,0,0.00,0,F1,60,,,,,
2026-05-25,2026-05-25,FO,NSE,IDO,69528,,FINNIFTY,,2026-05-26,2026-05-26,23300.00,PE,FINNIFTY26MAY23300PE,0.70,1.00,0.50,0.50,0.50,1.10,26102.15,0.00,1500,-540,9,12582375.00,9,F1,60,,,,,
2026-05-25,2026-05-25,FO,NSE,IDO,62410,,FINNIFTY,,2026-05-26,2026-05-26,23450.00,PE,FINNIFTY26MAY23450PE,0.65,0.65,0.10,0.10,0.10,1.15,26102.15,0.00,240,0,20,28140450.00,2,F1,60,,,,,
2026-05-25,2026-05-25,FO,NSE,IDO,69532,,FINNIFTY,,2026-05-26,2026-05-26,23500.00,PE,FINNIFTY26MAY23500PE,1.65,1.65,0.65,0.85,0.80,1.65,26102.15,0.85,21780,-19200,571,805138884.00,133,F1,60,,,,,
2026-05-25,2026-05-25,FO,NSE,IDO,69568,,FINNIFTY,,2026-05-26,2026-05-26,25300.00,PE,FINNIFTY26MAY25300PE,25.00,25.65,2.70,3.50,4.80,80.60,26102.15,3.50,30600,1740,4249,6451748931.00,2560,F1,60,,,,,
2026-05-25,2026-05-25,FO,NSE,IDO,69660,,FINNIFTY,,2026-05-26,2026-05-26,26300.00,PE,FINNIFTY26MAY26300PE,350.50,350.50,153.75,183.50,153.75,691.35,26102.15,183.50,4200,1200,99,157439463.00,93,F1,60,,,,,
2026-05-25,2026-05-25,FO,NSE,IDO,69672,,FINNIFTY,,2026-05-26,2026-05-26,26900.00,PE,FINNIFTY26MAY26900PE,0.00,0.00,0.00,642.20,643.80,642.20,26102.15,793.90,120,0,0,0.00,0,F1,60,,,,,
2026-05-25,2026-05-25,FO,NSE,IDO,62536,,FINNIFTY,,2026-05-26,2026-05-26,27850.00,PE,FINNIFTY26MAY27850PE,0.00,0.00,0.00,1896.50,0.00,1896.50,26102.15,1743.35,0,0,0,0.00,0,F1,60,,,,,
2026-05-25,2026-05-25,FO,NSE,IDO,62538,,FINNIFTY,,2026-05-26,2026-05-26,27950.00,PE,FINNIFTY26MAY27950PE,0.00,0.00,0.00,1984.05,0.00,1984.05,26102.15,1843.30,0,0,0,0.00,0,F1,60,,,,,
2026-05-25,2026-05-25,FO,NSE,IDO,69708,,FINNIFTY,,2026-05-26,2026-05-26,28700.00,PE,FINNIFTY26MAY28700PE,0.00,0.00,0.00,902.40,0.00,902.40,26102.15,2593.20,0,0,0,0.00,0,F1,60,,,,,
2026-05-25,2026-05-25,FO,NSE,IDO,77318,,FINNIFTY,,2026-06-30,2026-06-30,22200.00,PE,FINNIFTY26JUN22200PE,0.00,0.00,0.00,302.30,0.00,302.30,26102.15,3.65,0,0,0,0.00,0,F1,60,,,,,
2026-05-25,2026-05-25,FO,NSE,IDO,77457,,FINNIFTY,,2026-06-30,2026-06-30,23100.00,PE,FINNIFTY26JUN23100PE,0.00,0.00,0.00,575.35,0.00,575.35,26102.15,19.20,0,0,0,0.00,0,F1,60,,,,,
2026-05-25,2026-05-25,FO,NSE,IDO,77491,,FINNIFTY,,2026-06-30,2026-06-30,24700.00,PE,FINNIFTY26JUN24700PE,0.00,0.00,0.00,1378.15,0.00,1378.15,26102.15,172.10,0,0,0,0.00,0,F1,60,,,,,
2026-05-25,2026-05-25,FO,NSE,IDO,77628,,FINNIFTY,,2026-06-30,2026-06-30,28300.00,PE,FINNIFTY26JUN28300PE,0.00,0.00,0.00,4325.60,0.00,4325.60,26102.15,2144.25,0,0,0,0.00,0,F1,60,,,,,
2026-05-25,2026-05-25,FO,NSE,IDO,77630,,FINNIFTY,,2026-06-30,2026-06-30,28400.00,PE,FINNIFTY26JUN28400PE,0.00,0.00,0.00,4419.50,0.00,4419.50,26102.15,2231.20,0,0,0,0.00,0,F1,60,,,,,
2026-05-25,2026-05-25,FO,NSE,IDO,62775,,FINNIFTY,,2026-07-28,2026-07-28,22500.00,PE,FINNIFTY26JUL22500PE,0.00,0.00,0.00,85.25,0.00,85.25,26102.15,34.70,0,0,0,0.00,0,F1,60,,,,,
2026-05-25,2026-05-25,FO,NSE,IDO,62786,,FINNIFTY,,2026-07-28,2026-07-28,22900.00,PE,FINNIFTY26JUL22900PE,0.00,0.00,0.00,122.65,0.00,122.65,26102.15,55.75,0,0,0,0.00,0,F1,60,,,,,
2026-05-25,2026-05-25,FO,NSE,IDO,62800,,FINNIFTY,,2026-07-28,2026-07-28,23200.00,PE,FINNIFTY26JUL23200PE,0.00,0.00,0.00,158.35,0.00,158.35,26102.15,77.70,0,0,0,0.00,0,F1,60,,,,,
2026-05-25,2026-05-25,FO,NSE,IDO,62899,,FINNIFTY,,2026-07-28,2026-07-28,25300.00,PE,FINNIFTY26JUL25300PE,0.00,0.00,0.00,667.05,0.00,667.05,26102.15,480.90,0,0,0,0.00,0,F1,60,,,,,
2026-05-25,2026-05-25,FO,NSE,IDO,62927,,FINNIFTY,,2026-07-28,2026-07-28,26700.00,PE,FINNIFTY26JUL26700PE,0.00,0.00,0.00,1324.90,0.00,1324.90,26102.15,1104.40,0,0,0,0.00,0,F1,60,,,,,
2026-05-25,2026-05-25,FO,NSE,IDO,62933,,FINNIFTY,,2026-07-28,2026-07-28,27000.00,PE,FINNIFTY26JUL27000PE,0.00,0.00,0.00,1500.80,0.00,1500.80,26102.15,1279.55,0,0,0,0.00,0,F1,60,,,,,
2026-05-25,2026-05-25,FO,NSE,IDO,62966,,FINNIFTY,,2026-07-28,2026-07-28,27700.00,PE,FINNIFTY26JUL27700PE,0.00,0.00,0.00,1955.50,0.00,1955.50,26102.15,1740.85,0,0,0,0.00,0,F1,60,,,,,
2026-05-25,2026-05-25,FO,NSE,IDO,69685,,FINNIFTY,,2026-05-26,2026-05-26,27600.00,CE,FINNIFTY26MAY27600CE,1.45,1.50,0.65,0.65,0.65,1.85,26102.15,0.65,1260,-240,20,33121419.00,9,F1,60,,,,,
2026-05-25,2026-05-25,FO,NSE,IDO,69679,,FINNIFTY,,2026-05-26,2026-05-26,27300.00,CE,FINNIFTY26MAY27300CE,1.75,1.90,1.00,1.55,1.10,2.35,26102.15,1.55,1920,0,117,191655045.00,29,F1,60,,,,,
2026-05-25,2026-05-25,FO,NSE,IDO,62489,,FINNIFTY,,2026-05-26,2026-05-26,26150.00,CE,FINNIFTY26MAY26150CE,59.60,200.25,52.90,135.00,168.95,35.25,26102.15,135.00,26400,21060,4701,7404434964.00,3391,F1,60,,,,,
2026-05-25,2026-05-25,FO,NSE,IDO,69551,,FINNIFTY,,2026-05-26,2026-05-26,24500.00,CE,FINNIFTY26MAY24500CE,0.00,0.00,0.00,4220.60,0.00,4220.60,26102.15,1606.15,0,0,0,0.00,0,F1,60,,,,,
2026-05-25,2026-05-25,FO,NSE,IDO,62368,,FINNIFTY,,2026-05-26,2026-05-26,22850.00,CE,FINNIFTY26MAY22850CE,0.00,0.00,0.00,3196.30,0.00,3196.30,26102.15,3255.90,0,0,0,0.00,0,F1,60,,,,,
2026-05-25,2026-05-25,FO,NSE,IDO,69515,,FINNIFTY,,2026-05-26,2026-05-26,22700.00,CE,FINNIFTY26MAY22700CE,0.00,0.00,0.00,5970.25,0.00,5970.25,26102.15,3405.85,0,0,0,0.00,0,F1,60,,,,,
2026-05-25,2026-05-25,FO,NSE,IDO,40442,,FINNIFTY,,2026-05-26,2026-05-26,21800.00,CE,FINNIFTY26MAY21800CE,0.00,0.00,0.00,6101.10,0.00,6101.10,26102.15,4305.70,0,0,0,0.00,0,F1,60,,,,,
2026-05-25,2026-05-25,FO,NSE,IDO,62898,,FINNIFTY,,2026-07-28,2026-07-28,25300.00,CE,FINNIFTY26JUL25300CE,0.00,0.00,0.00,1667.75,0.00,1667.75,26102.15,1573.25,0,0,0,0.00,0,F1,60,,,,,
2026-05-25,2026-05-25,FO,NSE,IDO,62535,,FINNIFTY,,2026-05-26,2026-05-26,27850.00,CE,FINNIFTY26MAY27850CE,0.00,0.00,0.00,9.50,9.50,9.50,26102.15,0.00,0,0,0,0.00,0,F1,60,,,,,
2026-05-25,2026-05-25,FO,NSE,IDO,62537,,FINNIFTY,,2026-05-26,2026-05-26,27950.00,CE,FINNIFTY26MAY27950CE,0.00,0.00,0.00,95.65,0.00,95.65,26102.15,0.00,0,0,0,0.00,0,F1,60,,,,,
2026-05-25,2026-05-25,FO,NSE,IDO,69695,,FINNIFTY,,2026-05-26,2026-05-26,28100.00,CE,FINNIFTY26MAY28100CE,0.00,0.00,0.00,0.50,0.50,0.50,26102.15,0.00,300,0,0,0.00,0,F1,60,,,,,
2026-05-25,2026-05-25,FO,NSE,IDO,62548,,FINNIFTY,,2026-05-26,2026-05-26,28350.00,CE,FINNIFTY26MAY28350CE,0.00,0.00,0.00,4.50,4.50,4.50,26102.15,0.00,120,0,0,0.00,0,F1,60,,,,,
2026-05-25,2026-05-25,FO,NSE,IDO,62551,,FINNIFTY,,2026-05-26,2026-05-26,28450.00,CE,FINNIFTY26MAY28450CE,0.00,0.00,0.00,51.25,0.00,51.25,26102.15,0.00,0,0,0,0.00,0,F1,60,,,,,
2026-05-25,2026-05-25,FO,NSE,IDO,69707,,FINNIFTY,,2026-05-26,2026-05-26,28700.00,CE,FINNIFTY26MAY28700CE,0.00,0.00,0.00,2.10,2.10,2.10,26102.15,0.00,300,0,0,0.00,0,F1,60,,,,,
2026-05-25,2026-05-25,FO,NSE,IDO,69756,,FINNIFTY,,2026-05-26,2026-05-26,28900.00,CE,FINNIFTY26MAY28900CE,0.00,0.00,0.00,0.25,0.25,0.25,26102.15,0.00,600,0,0,0.00,0,F1,60,,,,,
2026-05-25,2026-05-25,FO,NSE,IDO,69776,,FINNIFTY,,2026-05-26,2026-05-26,29700.00,CE,FINNIFTY26MAY29700CE,0.25,0.25,0.25,0.25,0.25,3.00,26102.15,0.00,660,-120,2,3564030.00,2,F1,60,,,,,
2026-05-25,2026-05-25,FO,NSE,IDO,77462,,FINNIFTY,,2026-06-30,2026-06-30,23400.00,CE,FINNIFTY26JUN23400CE,0.00,0.00,0.00,1235.50,0.00,1235.50,26102.15,2884.55,0,0,0,0.00,0,F1,60,,,,,
2026-05-25,2026-05-25,FO,NSE,IDO,77484,,FINNIFTY,,2026-06-30,2026-06-30,24400.00,CE,FINNIFTY26JUN24400CE,0.00,0.00,0.00,755.65,0.00,755.65,26102.15,1981.75,0,0,0,0.00,0,F1,60,,,,,
2026-05-25,2026-05-25,FO,NSE,IDO,77486,,FINNIFTY,,2026-06-30,2026-06-30,24500.00,CE,FINNIFTY26JUN24500CE,0.00,0.00,0.00,716.40,0.00,716.40,26102.15,1897.70,0,0,0,0.00,0,F1,60,,,,,
2026-05-25,2026-05-25,FO,NSE,IDO,77490,,FINNIFTY,,2026-06-30,2026-06-30,24700.00,CE,FINNIFTY26JUN24700CE,0.00,0.00,0.00,642.40,0.00,642.40,26102.15,1734.05,0,0,0,0.00,0,F1,60,,,,,
2026-05-25,2026-05-25,FO,NSE,IDO,77496,,FINNIFTY,,2026-06-30,2026-06-30,25000.00,CE,FINNIFTY26JUN25000CE,1245.45,1245.45,1245.45,1245.45,1245.45,1245.45,26102.15,1245.45,60,60,1,1574727.00,1,F1,60,,,,,
2026-05-25,2026-05-25,FO,NSE,IDO,77521,,FINNIFTY,,2026-06-30,2026-06-30,26100.00,CE,FINNIFTY26JUN26100CE,0.00,0.00,0.00,275.45,0.00,275.45,26102.15,796.40,0,0,0,0.00,0,F1,60,,,,,
2026-05-25,2026-05-25,FO,NSE,IDO,77601,,FINNIFTY,,2026-06-30,2026-06-30,27800.00,CE,FINNIFTY26JUN27800CE,0.00,0.00,0.00,80.95,0.00,80.95,26102.15,209.30,0,0,0,0.00,0,F1,60,,,,,
2026-05-25,2026-05-25,FO,NSE,IDO,77629,,FINNIFTY,,2026-06-30,2026-06-30,28400.00,CE,FINNIFTY26JUN28400CE,0.00,0.00,0.00,50.05,0.00,50.05,26102.15,117.05,0,0,0,0.00,0,F1,60,,,,,
2026-05-25,2026-05-25,FO,NSE,IDO,77631,,FINNIFTY,,2026-06-30,2026-06-30,28500.00,CE,FINNIFTY26JUN28500CE,56.30,56.30,56.30,56.30,56.30,46.10,26102.15,56.30,60,60,1,1713378.00,1,F1,60,,,,,
2026-05-25,2026-05-25,FO,NSE,IDO,77640,,FINNIFTY,,2026-06-30,2026-06-30,28900.00,CE,FINNIFTY26JUN28900CE,0.00,0.00,0.00,32.90,0.00,32.90,26102.15,68.95,0,0,0,0.00,0,F1,60,,,,,
2026-05-25,2026-05-25,FO,NSE,IDO,62774,,FINNIFTY,,2026-07-28,2026-07-28,22500.00,CE,FINNIFTY26JUL22500CE,0.00,0.00,0.00,3845.75,0.00,3845.75,26102.15,3894.95,0,0,0,0.00,0,F1,60,,,,,
2026-05-25,2026-05-25,FO,NSE,IDO,62799,,FINNIFTY,,2026-07-28,2026-07-28,23200.00,CE,FINNIFTY26JUL23200CE,0.00,0.00,0.00,3228.95,0.00,3228.95,26102.15,3246.00,0,0,0,0.00,0,F1,60,,,,,
2026-05-25,2026-05-25,FO,NSE,IDO,77626,,FINNIFTY,,2026-06-30,2026-06-30,28200.00,PE,FINNIFTY26JUN28200PE,0.00,0.00,0.00,4231.95,0.00,4231.95,26102.15,2058.40,0,0,0,0.00,0,F1,60,,,,,
