TradDt,BizDt,Sgmt,Src,FinInstrmTp,FinInstrmId,ISIN,TckrSymb,SctySrs,XpryDt,FininstrmActlXpryDt,StrkPric,OptnTp,FinInstrmNm,OpnPric,HghPric,LwPric,ClsPric,LastPric,PrvsClsgPric,UndrlygPric,SttlmPric,OpnIntrst,ChngInOpnIntrst,TtlTradgVol,TtlTrfVal,TtlNbOfTxsExctd,SsnId,NewBrdLotQty,Rmks,Rsvd1,Rsvd2,Rsvd3,Rsvd4
2026-04-15,2026-04-15,FO,NSE,IDO,67471,,BANKNIFTY,,2026-04-28,2026-04-28,53800.00,PE,BANKNIFTY26APR53800PE,225.90,292.00,166.55,251.65,252.65,501.45,56301.95,251.65,23160,-3630,2609,4229229493.50,1667,F1,30,,,,,
2026-04-15,2026-04-15,FO,NSE,IDO,67451,,BANKNIFTY,,2026-04-28,2026-04-28,52800.00,PE,BANKNIFTY26APR52800PE,259.60,259.60,103.00,156.25,158.20,336.35,56301.95,156.25,32250,-5580,2995,4757261530.50,1806,F1,30,,,,,
2026-04-15,2026-04-15,FO,NSE,IDO,67423,,BANKNIFTY,,2026-04-28,2026-04-28,51400.00,PE,BANKNIFTY26APR51400PE,97.20,98.95,57.70,82.75,82.40,193.95,56301.95,82.75,43650,-3480,933,1440810984.00,445,F1,30,,,,,
2026-04-15,2026-04-15,FO,NSE,IDO,67421,,BANKNIFTY,,2026-04-28,2026-04-28,51300.00,PE,BANKNIFTY26APR51300PE,104.70,104.70,56.95,78.55,79.60,185.80,56301.95,78.55,33690,-1320,912,1405555510.50,521,F1,30,,,,,
2026-04-15,2026-04-15,FO,NSE,IDO,67373,,BANKNIFTY,,2026-04-28,2026-04-28,49500.00,PE,BANKNIFTY26APR49500PE,58.00,58.00,32.85,36.40,35.60,92.35,56301.95,36.40,119580,18000,9363,13914441949.50,4473,F1,30,,,,,
2026-04-15,2026-04-15,FO,NSE,IDO,67220,,BANKNIFTY,,2026-04-28,2026-04-28,46200.00,PE,BANKNIFTY26APR46200PE,14.00,14.00,10.05,11.50,11.50,50.25,56301.95,0.00,60,30,5,6931783.50,5,F1,30,,,,,
2026-04-15,2026-04-15,FO,NSE,IDO,67174,,BANKNIFTY,,2026-04-28,2026-04-28,45800.00,PE,BANKNIFTY26APR45800PE,0.00,0.00,0.00,0.25,0.00,0.25,56301.95,0.00,0,0,0,0.00,0,F1,30,,,,,
2026-04-15,2026-04-15,FO,NSE,IDO,76388,,BANKNIFTY,,2027-03-30,2027-03-30,49500.00,CE,BANKNIFTY27MAR49500CE,0.00,0.00,0.00,6266.75,0.00,6266.75,56301.95,10749.00,0,0,0,0.00,0,F1,30,,,,,
2026-04-15,2026-04-15,FO,NSE,IDO,52388,,BANKNIFTY,,2026-09-29,2026-09-29,61500.00,CE,BANKNIFTY26SEP61500CE,0.00,0.00,0.00,2502.65,0.00,2502.65,56301.95,1901.45,0,0,0,0.00,0,F1,30,,,,,
2026-04-15,2026-04-15,FO,NSE,IDO,52286,,BANKNIFTY,,2026-09-29,2026-09-29,54000.00,CE,BANKNIFTY26SEP54000CE,0.00,0.00,0.00,5890.50,0.00,5890.50,56301.95,5416.65,0,0,0,0.00,0,F1,30,,,,,
2026-04-15,2026-04-15,FO,NSE,IDO,75907,,BANKNIFTY,,2026-06-30,2026-06-30,62500.00,CE,BANKNIFTY26JUN62500CE,0.00,0.00,0.00,43.95,0.00,43.95,56301.95,543.95,0,0,0,0.00,0,F1,30,,,,,
2026-04-15,2026-04-15,FO,NSE,IDO,75893,,BANKNIFTY,,2026-06-30,2026-06-30,61800.00,CE,BANKNIFTY26JUN61800CE,0.00,0.00,0.00,59.15,0.00,59.15,56301.95,666.45,0,0,0,0.00,0,F1,30,,,,,
2026-04-15,2026-04-15,FO,NSE,IDO,75889,,BANKNIFTY,,2026-06-30,2026-06-30,61600.00,CE,BANKNIFTY26JUN61600CE,0.00,0.00,0.00,64.30,0.00,64.30,56301.95,705.30,0,0,0,0.00,0,F1,30,,,,,
2026-04-15,2026-04-15,FO,NSE,IDO,57758,,BANKNIFTY,,2026-06-30,2026-06-30,61500.00,CE,BANKNIFTY26JUN61500CE,243.20,317.80,235.00,263.80,264.85,232.75,56301.95,263.80,40020,8970,687,1273498624.50,429,F1,30,,,,,
2026-04-15,2026-04-15,FO,NSE,IDO,75885,,BANKNIFTY,,2026-06-30,2026-06-30,61300.00,CE,BANKNIFTY26JUN61300CE,0.00,0.00,0.00,72.80,0.00,72.80,56301.95,767.10,0,0,0,0.00,0,F1,30,,,,,
2026-04-15,2026-04-15,FO,NSE,IDO,75830,,BANKNIFTY,,2026-06-30,2026-06-30,60200.00,CE,BANKNIFTY26JUN60200CE,0.00,0.00,0.00,113.35,0.00,113.35,56301.95,1031.40,0,0,0,0.00,0,F1,30,,,,,
2026-04-15,2026-04-15,FO,NSE,IDO,75786,,BANKNIFTY,,2026-06-30,2026-06-30,58600.00,CE,BANKNIFTY26JUN58600CE,0.00,0.00,0.00,208.55,0.00,208.55,56301.95,1540.05,0,0,0,0.00,0,F1,30,,,,,
2026-04-15,2026-04-15,FO,NSE,IDO,75751,,BANKNIFTY,,2026-06-30,2026-06-30,58000.00,CE,BANKNIFTY26JUN58000CE,1525.00,1538.10,1340.00,1374.35,1358.25,1186.55,56301.95,1374.35,20160,2910,506,901795870.50,196,F1,30,,,,,
2026-04-15,2026-04-15,FO,NSE,IDO,75650,,BANKNIFTY,,2026-06-30,2026-06-30,57200.00,CE,BANKNIFTY26JUN57200CE,0.00,0.00,0.00,343.35,0.00,343.35,56301.95,2120.75,0,0,0,0.00,0,F1,30,,,,,
2026-04-15,2026-04-15,FO,NSE,IDO,75634,,BANKNIFTY,,2026-06-30,2026-06-30,56800.00,CE,BANKNIFTY26JUN56800CE,0.00,0.00,0.00,393.45,0.00,393.45,56301.95,2311.55,0,0,0,0.00,0,F1,30,,,,,
2026-04-15,2026-04-15,FO,NSE,IDO,75632,,BANKNIFTY,,2026-06-30,2026-06-30,56700.00,CE,BANKNIFTY26JUN56700CE,0.00,0.00,0.00,406.95,0.00,406.95,56301.95,2361.20,0,0,0,0.00,0,F1,30,,,,,
2026-04-15,2026-04-15,FO,NSE,IDO,75610,,BANKNIFTY,,2026-06-30,2026-06-30,55600.00,CE,BANKNIFTY26JUN55600CE,0.00,0.00,0.00,582.40,0.00,582.40,56301.95,2952.30,0,0,0,0.00,0,F1,30,,,,,
2026-04-15,2026-04-15,FO,NSE,IDO,75590,,BANKNIFTY,,2026-06-30,2026-06-30,54500.00,CE,BANKNIFTY26JUN54500CE,0.00,0.00,0.00,3224.90,3224.90,3224.90,56301.95,3628.75,0,0,0,0.00,0,F1,30,,,,,
2026-04-15,2026-04-15,FO,NSE,IDO,75550,,BANKNIFTY,,2026-06-30,2026-06-30,53100.00,CE,BANKNIFTY26JUN53100CE,0.00,0.00,0.00,1215.00,0.00,1215.00,56301.95,4608.00,0,0,0,0.00,0,F1,30,,,,,
2026-04-15,2026-04-15,FO,NSE,IDO,75446,,BANKNIFTY,,2026-06-30,2026-06-30,52000.00,CE,BANKNIFTY26JUN52000CE,5192.50,5683.90,5192.50,5343.70,5343.70,4576.95,56301.95,5459.90,8010,-570,28,48327096.00,20,F1,30,,,,,
2026-04-15,2026-04-15,FO,NSE,IDO,75444,,BANKNIFTY,,2026-06-30,2026-06-30,51900.00,CE,BANKNIFTY26JUN51900CE,0.00,0.00,0.00,3265.75,3265.75,3265.75,56301.95,5540.60,180,0,0,0.00,0,F1,30,,,,,
2026-04-15,2026-04-15,FO,NSE,IDO,75430,,BANKNIFTY,,2026-06-30,2026-06-30,51500.00,CE,BANKNIFTY26JUN51500CE,5900.05,5900.05,5900.00,5900.00,5900.00,4999.00,56301.95,5868.35,300,0,3,5166001.50,3,F1,30,,,,,
2026-04-15,2026-04-15,FO,NSE,IDO,75426,,BANKNIFTY,,2026-06-30,2026-06-30,51300.00,CE,BANKNIFTY26JUN51300CE,0.00,0.00,0.00,3091.75,3084.45,3091.75,56301.95,6035.15,210,0,0,0.00,0,F1,30,,,,,
2026-04-15,2026-04-15,FO,NSE,IDO,75170,,BANKNIFTY,,2026-06-30,2026-06-30,46800.00,CE,BANKNIFTY26JUN46800CE,0.00,0.00,0.00,4782.75,0.00,4782.75,56301.95,10146.20,0,0,0,0.00,0,F1,30,,,,,
2026-04-15,2026-04-15,FO,NSE,IDO,75114,,BANKNIFTY,,2026-06-30,2026-06-30,46200.00,CE,BANKNIFTY26JUN46200CE,0.00,0.00,0.00,5267.30,0.00,5267.30,56301.95,10726.05,0,0,0,0.00,0,F1,30,,,,,
2026-04-15,2026-04-15,FO,NSE,IDO,68203,,BANKNIFTY,,2026-05-26,2026-05-26,65300.00,CE,BANKNIFTY26MAY65300CE,0.00,0.00,0.00,768.65,0.00,768.65,56301.95,40.55,0,0,0,0.00,0,F1,30,,,,,
2026-04-15,2026-04-15,FO,NSE,IDO,68146,,BANKNIFTY,,2026-05-26,2026-05-26,63800.00,CE,BANKNIFTY26MAY63800CE,63.00,63.00,23.65,29.65,31.00,44.55,56301.95,29.65,1230,90,44,84264070.50,14,F1,30,,,,,
2026-04-15,2026-04-15,FO,NSE,IDO,67989,,BANKNIFTY,,2026-05-26,2026-05-26,59800.00,CE,BANKNIFTY26MAY59800CE,300.00,300.00,239.45,245.50,249.80,216.15,56301.95,245.50,7110,2640,272,490161442.50,131,F1,30,,,,,
2026-04-15,2026-04-15,FO,NSE,IDO,67594,,BANKNIFTY,,2026-05-26,2026-05-26,57700.00,CE,BANKNIFTY26MAY57700CE,977.00,997.35,890.55,929.60,919.25,779.85,56301.95,929.60,4320,810,126,221653267.50,91,F1,30,,,,,
2026-04-15,2026-04-15,FO,NSE,IDO,67568,,BANKNIFTY,,2026-05-26,2026-05-26,56600.00,CE,BANKNIFTY26MAY56600CE,1599.00,1647.90,1480.00,1505.50,1494.80,1321.90,56301.95,1505.50,9960,5400,350,611221540.50,241,F1,30,,,,,
2026-04-15,2026-04-15,FO,NSE,IDO,67296,,BANKNIFTY,,2026-05-26,2026-05-26,56300.00,CE,BANKNIFTY26MAY56300CE,1696.10,1830.00,1643.00,1696.65,1674.80,1477.35,56301.95,1696.65,5730,1890,185,322054039.50,174,F1,30,,,,,
2026-04-15,2026-04-15,FO,NSE,IDO,67284,,BANKNIFTY,,2026-05-26,2026-05-26,55700.00,CE,BANKNIFTY26MAY55700CE,2269.45,2344.30,2022.55,2066.00,2067.80,1810.30,56301.95,2066.00,2370,-1680,122,211944933.00,112,F1,30,,,,,
2026-04-15,2026-04-15,FO,NSE,IDO,67278,,BANKNIFTY,,2026-05-26,2026-05-26,55400.00,CE,BANKNIFTY26MAY55400CE,2499.00,2534.90,2219.25,2300.85,2300.85,1996.15,56301.95,2300.85,1980,-1320,57,98771463.00,54,F1,30,,,,,
2026-04-15,2026-04-15,FO,NSE,IDO,67190,,BANKNIFTY,,2026-05-26,2026-05-26,53700.00,CE,BANKNIFTY26MAY53700CE,0.00,0.00,0.00,3254.60,3254.60,3254.60,56301.95,3488.80,3330,0,0,0.00,0,F1,30,,,,,
2026-04-15,2026-04-15,FO,NSE,IDO,67184,,BANKNIFTY,,2026-05-26,2026-05-26,53500.00,CE,BANKNIFTY26MAY53500CE,3830.30,3901.45,3650.00,3705.30,3700.00,3269.15,56301.95,3705.30,10140,4560,191,327719485.50,150,F1,30,,,,,
2026-04-15,2026-04-15,FO,NSE,IDO,67099,,BANKNIFTY,,2026-05-26,2026-05-26,52900.00,CE,BANKNIFTY26MAY52900CE,0.00,0.00,0.00,3709.65,3709.65,3709.65,56301.95,4120.15,750,0,0,0.00,0,F1,30,,,,,
2026-04-15,2026-04-15,FO,NSE,IDO,66664,,BANKNIFTY,,2026-05-26,2026-05-26,49600.00,CE,BANKNIFTY26MAY49600CE,0.00,0.00,0.00,5849.00,5849.00,5849.00,56301.95,7094.85,120,0,0,0.00,0,F1,30,,,,,
2026-04-15,2026-04-15,FO,NSE,IDO,66529,,BANKNIFTY,,2026-05-26,2026-05-26,46600.00,CE,BANKNIFTY26MAY46600CE,0.00,0.00,0.00,15214.80,0.00,15214.80,56301.95,10031.00,0,0,0,0.00,0,F1,30,,,,,
2026-04-15,2026-04-15,FO,NSE,IDO,66468,,BANKNIFTY,,2026-05-26,2026-05-26,45500.00,CE,BANKNIFTY26MAY45500CE,0.00,0.00,0.00,16296.60,0.00,16296.60,56301.95,11120.90,0,0,0,0.00,0,F1,30,,,,,
2026-04-15,2026-04-15,FO,NSE,IDO,68198,,BANKNIFTY,,2026-04-28,2026-04-28,66600.00,CE,BANKNIFTY26APR66600CE,2.65,4.75,2.35,4.05,4.20,2.50,56301.95,4.05,9210,4530,487,973082661.00,194,F1,30,,,,,
2026-04-15,2026-04-15,FO,NSE,IDO,68163,,BANKNIFTY,,2026-04-28,2026-04-28,65600.00,CE,BANKNIFTY26APR65600CE,2.00,6.00,2.00,3.45,3.40,3.25,56301.95,3.45,5670,-750,68,133832992.50,48,F1,30,,,,,
2026-04-15,2026-04-15,FO,NSE,IDO,67981,,BANKNIFTY,,2026-04-28,2026-04-28,65200.00,CE,BANKNIFTY26APR65200CE,3.55,5.85,3.55,4.05,4.30,4.35,56301.95,4.05,4560,1050,167,326674461.00,115,F1,30,,,,,
2026-04-15,2026-04-15,FO,NSE,IDO,67923,,BANKNIFTY,,2026-04-28,2026-04-28,64800.00,CE,BANKNIFTY26APR64800CE,5.10,6.00,4.00,4.55,4.35,5.10,56301.95,4.55,3120,540,109,211913080.50,74,F1,30,,,,,
2026-04-15,2026-04-15,FO,NSE,IDO,67893,,BANKNIFTY,,2026-04-28,2026-04-28,64300.00,CE,BANKNIFTY26APR64300CE,4.80,7.00,4.50,5.50,5.55,6.00,56301.95,5.50,1590,-180,61,117679557.00,43,F1,30,,,,,
2026-04-15,2026-04-15,FO,NSE,IDO,67838,,BANKNIFTY,,2026-04-28,2026-04-28,62900.00,CE,BANKNIFTY26APR62900CE,10.85,11.80,7.15,8.05,8.30,9.90,56301.95,8.05,5310,0,53,100026847.50,31,F1,30,,,,,
2026-04-15,2026-04-15,FO,NSE,IDO,67799,,BANKNIFTY,,2026-04-28,2026-04-28,62000.00,CE,BANKNIFTY26APR62000CE,13.80,19.00,10.90,11.50,11.45,14.00,56301.95,11.50,411540,35610,23586,43879440771.00,10918,F1,30,,,,,
2026-04-15,2026-04-15,FO,NSE,IDO,67714,,BANKNIFTY,,2026-04-28,2026-04-28,60000.00,CE,BANKNIFTY26APR60000CE,61.00,69.85,42.00,44.85,45.85,43.85,56301.95,44.85,1394370,112800,84168,151634237646.00,37916,F1,30,,,,,
2026-04-15,2026-04-15,FO,NSE,IDO,67604,,BANKNIFTY,,2026-04-28,2026-04-28,57900.00,CE,BANKNIFTY26APR57900CE,456.80,456.85,277.55,292.15,288.85,235.40,56301.95,292.15,48750,-29220,10152,17733174993.00,7069,F1,30,,,,,
2026-04-15,2026-04-15,FO,NSE,IDO,67520,,BANKNIFTY,,2026-04-28,2026-04-28,55600.00,CE,BANKNIFTY26APR55600CE,1405.00,1792.55,1324.50,1406.25,1376.00,1163.80,56301.95,1406.25,90540,-35190,3736,6403289872.50,2015,F1,30,,,,,
2026-04-15,2026-04-15,FO,NSE,IDO,67498,,BANKNIFTY,,2026-04-28,2026-04-28,55100.00,CE,BANKNIFTY26APR55100CE,2199.85,2199.95,1655.20,1764.45,1744.15,1470.90,56301.95,1764.45,27360,-12720,1112,1901213784.00,587,F1,30,,,,,
2026-04-15,2026-04-15,FO,NSE,IDO,67478,,BANKNIFTY,,2026-04-28,2026-04-28,54200.00,CE,BANKNIFTY26APR54200CE,2670.00,2745.75,2361.90,2458.45,2458.45,2101.95,56301.95,2403.65,15690,-720,49,83477110.50,47,F1,30,,,,,
2026-04-15,2026-04-15,FO,NSE,IDO,67460,,BANKNIFTY,,2026-04-28,2026-04-28,53300.00,CE,BANKNIFTY26APR53300CE,3415.15,3493.80,3152.05,3361.75,3361.75,2831.70,56301.95,3192.75,14970,-270,18,30624141.00,18,F1,30,,,,,
2026-04-15,2026-04-15,FO,NSE,IDO,67446,,BANKNIFTY,,2026-04-28,2026-04-28,52600.00,CE,BANKNIFTY26APR52600CE,3970.70,4103.30,3850.00,3899.00,3899.00,3438.30,56301.95,3899.00,23790,-30,33,56019631.50,33,F1,30,,,,,
2026-04-15,2026-04-15,FO,NSE,IDO,67430,,BANKNIFTY,,2026-04-28,2026-04-28,51800.00,CE,BANKNIFTY26APR51800CE,4850.00,4943.20,4581.00,4680.35,4680.35,4132.55,56301.95,4622.85,20490,-150,29,49223229.00,26,F1,30,,,,,
2026-04-15,2026-04-15,FO,NSE,IDO,67428,,BANKNIFTY,,2026-04-28,2026-04-28,51700.00,CE,BANKNIFTY26APR51700CE,4980.00,4980.00,4646.85,4693.00,4693.00,4189.85,56301.95,4720.90,23310,-150,13,22023919.50,8,F1,30,,,,,
2026-04-15,2026-04-15,FO,NSE,IDO,67378,,BANKNIFTY,,2026-04-28,2026-04-28,49600.00,CE,BANKNIFTY26APR49600CE,0.00,0.00,0.00,6260.35,6260.35,6260.35,56301.95,6804.90,4440,0,0,0.00,0,F1,30,,,,,
2026-04-15,2026-04-15,FO,NSE,IDO,67245,,BANKNIFTY,,2026-04-28,2026-04-28,47300.00,CE,BANKNIFTY26APR47300CE,0.00,0.00,0.00,12630.90,0.00,12630.90,56301.95,9099.75,0,0,0,0.00,0,F1,30,,,,,
2026-04-15,2026-04-15,FO,NSE,IDO,67152,,BANKNIFTY,,2026-04-28,2026-04-28,45000.00,CE,BANKNIFTY26APR45000CE,11566.00,11666.00,11370.00,11370.00,11370.00,9696.00,56301.95,11370.00,24990,-150,11,18665040.00,7,F1,30,,,,,
2026-04-15,2026-04-15,FO,NSE,IDO,57751,,BANKNIFTY,,2026-06-30,2026-06-30,58500.00,PE,BANKNIFTY26JUN58500PE,2340.00,2572.75,2340.00,2542.70,2557.70,3035.80,56301.95,2542.70,42870,240,89,162674103.00,78,F1,30,,,,,
2026-04-15,2026-04-15,FO,NSE,IDO,57755,,BANKNIFTY,,2026-06-30,2026-06-30,60000.00,PE,BANKNIFTY26JUN60000PE,3058.65,3570.15,3058.60,3426.10,3476.00,4006.20,56301.95,3426.10,97590,1440,302,574138773.00,200,F1,30,,,,,
2026-04-15,2026-04-15,FO,NSE,IDO,75854,,BANKNIFTY,,2026-06-30,2026-06-30,61100.00,PE,BANKNIFTY26JUN61100PE,0.00,0.00,0.00,9809.15,0.00,9809.15,56301.95,4822.25,0,0,0,0.00,0,F1,30,,,,,
2026-04-15,2026-04-15,FO,NSE,IDO,75888,,BANKNIFTY,,2026-06-30,2026-06-30,61400.00,PE,BANKNIFTY26JUN61400PE,0.00,0.00,0.00,10094.65,0.00,10094.65,56301.95,5051.50,0,0,0,0.00,0,F1,30,,,,,
2026-04-15,2026-04-15,FO,NSE,IDO,57775,,BANKNIFTY,,2026-06-30,2026-06-30,64500.00,PE,BANKNIFTY26JUN64500PE,0.00,0.00,0.00,6493.65,0.00,6493.65,56301.95,7658.45,0,0,0,0.00,0,F1,30,,,,,
2026-04-15,2026-04-15,FO,NSE,IDO,52271,,BANKNIFTY,,2026-09-29,2026-09-29,46500.00,PE,BANKNIFTY26SEP46500PE,0.00,0.00,0.00,409.05,0.00,409.05,56301.95,207.35,0,0,0,0.00,0,F1,30,,,,,
2026-04-15,2026-04-15,FO,NSE,IDO,52281,,BANKNIFTY,,2026-09-29,2026-09-29,49500.00,PE,BANKNIFTY26SEP49500PE,0.00,0.00,0.00,856.05,0.00,856.05,56301.95,534.50,0,0,0,0.00,0,F1,30,,,,,
2026-04-15,2026-04-15,FO,NSE,IDO,53241,,BANKNIFTY,,2026-12-29,2026-12-29,60000.00,PE,BANKNIFTY26DEC60000PE,0.00,0.00,0.00,2437.10,0.00,2437.10,56301.95,4661.40,0,0,0,0.00,0,F1,30,,,,,
2026-04-15,2026-04-15,FO,NSE,IDO,53253,,BANKNIFTY,,2026-12-29,2026-12-29,67500.00,PE,BANKNIFTY26DEC67500PE,0.00,0.00,0.00,6420.40,0.00,6420.40,56301.95,9681.60,0,0,0,0.00,0,F1,30,,,,,
2026-04-15,2026-04-15,FO,NSE,IDO,76399,,BANKNIFTY,,2027-03-30,2027-03-30,57000.00,PE,BANKNIFTY27MAR57000PE,0.00,0.00,0.00,5580.05,0.00,5580.05,56301.95,3406.20,0,0,0,0.00,0,F1,30,,,,,
2026-04-15,2026-04-15,FO,NSE,IDO,75656,,BANKNIFTY,,2026-06-30,2026-06-30,57300.00,PE,BANKNIFTY26JUN57300PE,1960.25,1983.10,1925.45,1983.10,1983.10,6329.95,56301.95,2333.15,420,420,14,24884229.00,14,F1,30,,,,,
2026-04-15,2026-04-15,FO,NSE,IDO,75732,,BANKNIFTY,,2026-06-30,2026-06-30,57700.00,PE,BANKNIFTY26JUN57700PE,0.00,0.00,0.00,6679.50,0.00,6679.50,56301.95,2551.20,0,0,0,0.00,0,F1,30,,,,,
2026-04-15,2026-04-15,FO,NSE,IDO,75658,,BANKNIFTY,,2026-06-30,2026-06-30,57400.00,PE,BANKNIFTY26JUN57400PE,0.00,0.00,0.00,6416.85,0.00,6416.85,56301.95,2386.65,0,0,0,0.00,0,F1,30,,,,,
2026-04-15,2026-04-15,FO,NSE,IDO,75631,,BANKNIFTY,,2026-06-30,2026-06-30,56600.00,PE,BANKNIFTY26JUN56600PE,0.00,0.00,0.00,5731.55,0.00,5731.55,56301.95,1978.80,0,0,0,0.00,0,F1,30,,,,,
2026-04-15,2026-04-15,FO,NSE,IDO,75617,,BANKNIFTY,,2026-06-30,2026-06-30,55900.00,PE,BANKNIFTY26JUN55900PE,0.00,0.00,0.00,1638.30,1638.30,1638.30,56301.95,1659.00,570,0,0,0.00,0,F1,30,,,,,
2026-04-15,2026-04-15,FO,NSE,IDO,75613,,BANKNIFTY,,2026-06-30,2026-06-30,55700.00,PE,BANKNIFTY26JUN55700PE,1300.00,1396.70,1300.00,1396.70,1396.70,1829.40,56301.95,1396.70,630,150,13,22248664.50,7,F1,30,,,,,
2026-04-15,2026-04-15,FO,NSE,IDO,75593,,BANKNIFTY,,2026-06-30,2026-06-30,54600.00,PE,BANKNIFTY26JUN54600PE,0.00,0.00,0.00,1423.95,1423.95,1423.95,56301.95,1157.05,300,0,0,0.00,0,F1,30,,,,,
2026-04-15,2026-04-15,FO,NSE,IDO,75581,,BANKNIFTY,,2026-06-30,2026-06-30,53900.00,PE,BANKNIFTY26JUN53900PE,0.00,0.00,0.00,1080.90,1080.90,1080.90,56301.95,934.80,210,0,0,0.00,0,F1,30,,,,,
2026-04-15,2026-04-15,FO,NSE,IDO,75574,,BANKNIFTY,,2026-06-30,2026-06-30,53700.00,PE,BANKNIFTY26JUN53700PE,0.00,0.00,0.00,1050.00,1050.00,1050.00,56301.95,879.55,1590,0,0,0.00,0,F1,30,,,,,
2026-04-15,2026-04-15,FO,NSE,IDO,75435,,BANKNIFTY,,2026-06-30,2026-06-30,51600.00,PE,BANKNIFTY26JUN51600PE,532.10,554.35,527.05,537.75,537.75,801.60,56301.95,417.65,660,360,14,21898534.50,4,F1,30,,,,,
2026-04-15,2026-04-15,FO,NSE,IDO,75420,,BANKNIFTY,,2026-06-30,2026-06-30,51100.00,PE,BANKNIFTY26JUN51100PE,0.00,0.00,0.00,686.45,684.65,686.45,56301.95,342.15,720,0,0,0.00,0,F1,30,,,,,
2026-04-15,2026-04-15,FO,NSE,IDO,75246,,BANKNIFTY,,2026-06-30,2026-06-30,48200.00,PE,BANKNIFTY26JUN48200PE,0.00,0.00,0.00,797.75,0.00,797.75,56301.95,88.35,0,0,0,0.00,0,F1,30,,,,,
2026-04-15,2026-04-15,FO,NSE,IDO,75230,,BANKNIFTY,,2026-06-30,2026-06-30,47900.00,PE,BANKNIFTY26JUN47900PE,0.00,0.00,0.00,718.70,0.00,718.70,56301.95,75.20,0,0,0,0.00,0,F1,30,,,,,
2026-04-15,2026-04-15,FO,NSE,IDO,75070,,BANKNIFTY,,2026-06-30,2026-06-30,45400.00,PE,BANKNIFTY26JUN45400PE,0.00,0.00,0.00,253.75,0.00,253.75,56301.95,16.45,0,0,0,0.00,0,F1,30,,,,,
2026-04-15,2026-04-15,FO,NSE,IDO,68170,,BANKNIFTY,,2026-05-26,2026-05-26,64500.00,PE,BANKNIFTY26MAY64500PE,0.00,0.00,0.00,11127.60,11127.60,11127.60,56301.95,7810.30,30,0,0,0.00,0,F1,30,,,,,
2026-04-15,2026-04-15,FO,NSE,IDO,68162,,BANKNIFTY,,2026-05-26,2026-05-26,64300.00,PE,BANKNIFTY26MAY64300PE,0.00,0.00,0.00,10935.20,10935.20,10935.20,56301.95,7618.70,30,0,0,0.00,0,F1,30,,,,,
2026-04-15,2026-04-15,FO,NSE,IDO,68157,,BANKNIFTY,,2026-05-26,2026-05-26,64100.00,PE,BANKNIFTY26MAY64100PE,0.00,0.00,0.00,10727.50,10727.50,10727.50,56301.95,7427.85,30,0,0,0.00,0,F1,30,,,,,
2026-04-15,2026-04-15,FO,NSE,IDO,68131,,BANKNIFTY,,2026-05-26,2026-05-26,63000.00,PE,BANKNIFTY26MAY63000PE,6205.00,6259.00,5386.00,6257.05,6257.05,6908.70,56301.95,6257.05,810,-60,17,35229442.50,12,F1,30,,,,,
2026-04-15,2026-04-15,FO,NSE,IDO,68125,,BANKNIFTY,,2026-05-26,2026-05-26,62700.00,PE,BANKNIFTY26MAY62700PE,0.00,0.00,0.00,9390.50,9390.50,9390.50,56301.95,6116.50,60,0,0,0.00,0,F1,30,,,,,
2026-04-15,2026-04-15,FO,NSE,IDO,68109,,BANKNIFTY,,2026-05-26,2026-05-26,62100.00,PE,BANKNIFTY26MAY62100PE,0.00,0.00,0.00,7339.75,7339.75,7339.75,56301.95,5571.80,60,0,0,0.00,0,F1,30,,,,,
2026-04-15,2026-04-15,FO,NSE,IDO,68079,,BANKNIFTY,,2026-05-26,2026-05-26,60900.00,PE,BANKNIFTY26MAY60900PE,0.00,0.00,0.00,7396.60,7396.60,7396.60,56301.95,4526.05,180,0,0,0.00,0,F1,30,,,,,
2026-04-15,2026-04-15,FO,NSE,IDO,68007,,BANKNIFTY,,2026-05-26,2026-05-26,60200.00,PE,BANKNIFTY26MAY60200PE,3479.80,3579.05,3438.85,3512.75,3512.75,7428.60,56301.95,3949.90,390,90,11,21021465.00,10,F1,30,,,,,
2026-04-15,2026-04-15,FO,NSE,IDO,67623,,BANKNIFTY,,2026-05-26,2026-05-26,58600.00,PE,BANKNIFTY26MAY58600PE,0.00,0.00,0.00,3083.25,3083.25,3083.25,56301.95,2754.85,180,0,0,0.00,0,F1,30,,,,,
2026-04-15,2026-04-15,FO,NSE,IDO,67588,,BANKNIFTY,,2026-05-26,2026-05-26,57400.00,PE,BANKNIFTY26MAY57400PE,0.00,0.00,0.00,2769.00,2769.00,2769.00,56301.95,1995.80,210,0,0,0.00,0,F1,30,,,,,
2026-04-15,2026-04-15,FO,NSE,IDO,67285,,BANKNIFTY,,2026-05-26,2026-05-26,55700.00,PE,BANKNIFTY26MAY55700PE,1014.00,1077.70,905.10,1053.15,1056.25,1483.55,56301.95,1053.15,3600,-60,47,79905217.50,45,F1,30,,,,,
2026-04-15,2026-04-15,FO,NSE,IDO,67264,,BANKNIFTY,,2026-05-26,2026-05-26,55100.00,PE,BANKNIFTY26MAY55100PE,768.00,931.60,749.45,889.00,894.00,1276.85,56301.95,889.00,2610,-750,97,162715158.00,76,F1,30,,,,,
2026-04-15,2026-04-15,FO,NSE,IDO,67201,,BANKNIFTY,,2026-05-26,2026-05-26,54000.00,PE,BANKNIFTY26MAY54000PE,757.15,757.15,523.55,637.55,646.10,957.15,56301.95,637.55,108840,48030,4955,8117726655.00,2929,F1,30,,,,,
2026-04-15,2026-04-15,FO,NSE,IDO,67069,,BANKNIFTY,,2026-05-26,2026-05-26,52100.00,PE,BANKNIFTY26MAY52100PE,326.00,370.45,297.70,370.45,370.45,601.00,56301.95,228.75,1470,-660,65,102218850.00,38,F1,30,,,,,
2026-04-15,2026-04-15,FO,NSE,IDO,66815,,BANKNIFTY,,2026-05-26,2026-05-26,51900.00,PE,BANKNIFTY26MAY51900PE,305.80,345.70,287.20,342.40,339.10,555.55,56301.95,342.40,1440,360,32,50128377.00,16,F1,30,,,,,
2026-04-15,2026-04-15,FO,NSE,IDO,66798,,BANKNIFTY,,2026-05-26,2026-05-26,51700.00,PE,BANKNIFTY26MAY51700PE,286.30,312.60,286.30,311.30,311.30,527.20,56301.95,182.50,2430,540,19,29637489.00,9,F1,30,,,,,
2026-04-15,2026-04-15,FO,NSE,IDO,66749,,BANKNIFTY,,2026-05-26,2026-05-26,50400.00,PE,BANKNIFTY26MAY50400PE,0.00,0.00,0.00,5.30,0.00,5.30,56301.95,81.25,0,0,0,0.00,0,F1,30,,,,,
2026-04-15,2026-04-15,FO,NSE,IDO,66661,,BANKNIFTY,,2026-05-26,2026-05-26,49400.00,PE,BANKNIFTY26MAY49400PE,0.00,0.00,0.00,2.25,0.00,2.25,56301.95,40.10,0,0,0,0.00,0,F1,30,,,,,
2026-04-15,2026-04-15,FO,NSE,IDO,66610,,BANKNIFTY,,2026-05-26,2026-05-26,47800.00,PE,BANKNIFTY26MAY47800PE,0.00,0.00,0.00,0.50,0.00,0.50,56301.95,10.95,0,0,0,0.00,0,F1,30,,,,,
2026-04-15,2026-04-15,FO,NSE,IDO,66483,,BANKNIFTY,,2026-05-26,2026-05-26,46400.00,PE,BANKNIFTY26MAY46400PE,0.00,0.00,0.00,0.10,0.00,0.10,56301.95,2.90,0,0,0,0.00,0,F1,30,,,,,
2026-04-15,2026-04-15,FO,NSE,IDO,68307,,BANKNIFTY,,2026-04-28,2026-04-28,68500.00,PE,BANKNIFTY26APR68500PE,0.00,0.00,0.00,8339.05,0.00,8339.05,56301.95,12056.45,0,0,0,0.00,0,F1,30,,,,,
2026-04-15,2026-04-15,FO,NSE,IDO,67982,,BANKNIFTY,,2026-04-28,2026-04-28,65200.00,PE,BANKNIFTY26APR65200PE,0.00,0.00,0.00,10839.85,10839.85,10839.85,56301.95,8763.40,30,0,0,0.00,0,F1,30,,,,,
2026-04-15,2026-04-15,FO,NSE,IDO,67924,,BANKNIFTY,,2026-04-28,2026-04-28,64800.00,PE,BANKNIFTY26APR64800PE,0.00,0.00,0.00,11650.90,11650.90,11650.90,56301.95,8364.30,60,0,0,0.00,0,F1,30,,,,,
2026-04-15,2026-04-15,FO,NSE,IDO,67920,,BANKNIFTY,,2026-04-28,2026-04-28,64600.00,PE,BANKNIFTY26APR64600PE,0.00,0.00,0.00,11479.70,11479.70,11479.70,56301.95,8164.80,60,0,0,0.00,0,F1,30,,,,,
2026-04-15,2026-04-15,FO,NSE,IDO,67884,,BANKNIFTY,,2026-04-28,2026-04-28,63800.00,PE,BANKNIFTY26APR63800PE,0.00,0.00,0.00,11085.30,11085.30,11085.30,56301.95,7367.00,120,0,0,0.00,0,F1,30,,,,,
2026-04-15,2026-04-15,FO,NSE,IDO,67774,,BANKNIFTY,,2026-04-28,2026-04-28,61400.00,PE,BANKNIFTY26APR61400PE,0.00,0.00,0.00,5891.95,5891.95,5891.95,56301.95,4986.95,600,0,0,0.00,0,F1,30,,,,,
2026-04-15,2026-04-15,FO,NSE,IDO,67762,,BANKNIFTY,,2026-04-28,2026-04-28,61000.00,PE,BANKNIFTY26APR61000PE,4350.60,4760.15,4154.20,4603.50,4650.55,5263.15,56301.95,4603.50,164760,-46890,2381,4684532355.00,1948,F1,30,,,,,
2026-04-15,2026-04-15,FO,NSE,IDO,67756,,BANKNIFTY,,2026-04-28,2026-04-28,60900.00,PE,BANKNIFTY26APR60900PE,0.00,0.00,0.00,10200.20,10162.20,10200.20,56301.95,4499.20,420,0,0,0.00,0,F1,30,,,,,
2026-04-15,2026-04-15,FO,NSE,IDO,67713,,BANKNIFTY,,2026-04-28,2026-04-28,59900.00,PE,BANKNIFTY26APR59900PE,0.00,0.00,0.00,4050.00,4050.00,4050.00,56301.95,3546.55,1530,0,0,0.00,0,F1,30,,,,,
2026-04-15,2026-04-15,FO,NSE,IDO,67695,,BANKNIFTY,,2026-04-28,2026-04-28,59000.00,PE,BANKNIFTY26APR59000PE,2278.00,2825.15,2200.30,2703.05,2752.20,3351.20,56301.95,2703.05,270450,-8850,1679,3103007386.50,1182,F1,30,,,,,
2026-04-15,2026-04-15,FO,NSE,IDO,67686,,BANKNIFTY,,2026-04-28,2026-04-28,58800.00,PE,BANKNIFTY26APR58800PE,0.00,0.00,0.00,2856.50,2856.50,2856.50,56301.95,2562.80,9570,0,0,0.00,0,F1,30,,,,,
2026-04-15,2026-04-15,FO,NSE,IDO,67557,,BANKNIFTY,,2026-04-28,2026-04-28,57400.00,PE,BANKNIFTY26APR57400PE,1280.50,1554.15,1197.80,1448.50,1469.80,2552.70,56301.95,1448.50,4230,630,229,404000370.00,154,F1,30,,,,,
2026-04-15,2026-04-15,FO,NSE,IDO,67537,,BANKNIFTY,,2026-04-28,2026-04-28,56400.00,PE,BANKNIFTY26APR56400PE,900.05,1033.85,650.05,900.75,924.30,1395.15,56301.95,900.75,95700,34710,48081,82616143726.50,30945,F1,30,,,,,
2026-04-15,2026-04-15,FO,NSE,IDO,67535,,BANKNIFTY,,2026-04-28,2026-04-28,56300.00,PE,BANKNIFTY26APR56300PE,1070.10,1070.10,621.35,859.60,881.20,1349.70,56301.95,859.60,83520,66030,47861,82073774566.50,33193,F1,30,,,,,
2026-04-15,2026-04-15,FO,NSE,IDO,67515,,BANKNIFTY,,2026-04-28,2026-04-28,55400.00,PE,BANKNIFTY26APR55400PE,520.00,636.40,387.25,548.80,566.75,951.00,56301.95,548.80,71220,-7320,6863,11511722109.00,5049,F1,30,,,,,
2026-04-15,2026-04-15,FO,NSE,IDO,67475,,BANKNIFTY,,2026-04-28,2026-04-28,54000.00,PE,BANKNIFTY26APR54000PE,300.05,329.60,197.35,276.30,284.00,545.65,56301.95,276.30,662550,-7800,68758,111930596976.00,43442,F1,30,,,,,
2026-04-15,2026-04-15,FO,NSE,IDO,67443,,BANKNIFTY,,2026-04-28,2026-04-28,52400.00,PE,BANKNIFTY26APR52400PE,200.00,200.00,88.50,131.20,130.00,286.00,56301.95,131.20,30540,9840,3039,4788765510.00,1472,F1,30,,,,,
2026-04-15,2026-04-15,FO,NSE,IDO,67431,,BANKNIFTY,,2026-04-28,2026-04-28,51800.00,PE,BANKNIFTY26APR51800PE,90.00,118.10,71.25,99.20,98.35,223.05,56301.95,99.20,34920,-2520,1907,2968608415.50,993,F1,30,,,,,
2026-04-15,2026-04-15,FO,NSE,IDO,67419,,BANKNIFTY,,2026-04-28,2026-04-28,51200.00,PE,BANKNIFTY26APR51200PE,100.00,100.00,55.85,75.70,75.05,178.10,56301.95,75.70,51030,240,1150,1768852716.00,603,F1,30,,,,,
2026-04-15,2026-04-15,FO,NSE,IDO,67395,,BANKNIFTY,,2026-04-28,2026-04-28,50100.00,PE,BANKNIFTY26APR50100PE,46.70,54.70,40.40,48.75,47.65,116.85,56301.95,48.75,56970,5190,887,1334435715.00,411,F1,30,,,,,
2026-04-15,2026-04-15,FO,NSE,IDO,67317,,BANKNIFTY,,2026-04-28,2026-04-28,48900.00,PE,BANKNIFTY26APR48900PE,32.75,34.45,25.65,28.85,28.80,74.40,56301.95,28.85,16140,2400,768,1127347963.50,436,F1,30,,,,,
2026-04-15,2026-04-15,FO,NSE,IDO,67222,,BANKNIFTY,,2026-04-28,2026-04-28,46300.00,PE,BANKNIFTY26APR46300PE,29.80,29.80,10.35,10.80,11.20,26.85,56301.95,10.80,4710,-390,74,102814239.00,34,F1,30,,,,,
2026-04-15,2026-04-15,FO,NSE,IDO,67161,,BANKNIFTY,,2026-04-28,2026-04-28,45300.00,PE,BANKNIFTY26APR45300PE,18.90,18.90,7.35,8.95,9.00,20.70,56301.95,8.95,1050,240,198,269142330.00,37,F1,30,,,,,
2026-04-15,2026-04-15,FO,NSE,IDO,53214,,BANKNIFTY,,2026-12-29,2026-12-29,46500.00,CE,BANKNIFTY26DEC46500CE,0.00,0.00,0.00,15478.70,0.00,15478.70,56301.95,12214.45,0,0,0,0.00,0,F1,30,,,,,
2026-04-15,2026-04-15,FO,NSE,IDO,52426,,BANKNIFTY,,2026-09-29,2026-09-29,67500.00,CE,BANKNIFTY26SEP67500CE,0.00,0.00,0.00,1102.10,0.00,1102.10,56301.95,662.60,0,0,0,0.00,0,F1,30,,,,,
2026-04-15,2026-04-15,FO,NSE,IDO,52268,,BANKNIFTY,,2026-09-29,2026-09-29,45000.00,CE,BANKNIFTY26SEP45000CE,0.00,0.00,0.00,12567.35,0.00,12567.35,56301.95,12687.65,0,0,0,0.00,0,F1,30,,,,,
2026-04-15,2026-04-15,FO,NSE,IDO,75840,,BANKNIFTY,,2026-06-30,2026-06-30,60600.00,CE,BANKNIFTY26JUN60600CE,0.00,0.00,0.00,96.70,0.00,96.70,56301.95,930.05,0,0,0,0.00,0,F1,30,,,,,
2026-04-15,2026-04-15,FO,NSE,IDO,75614,,BANKNIFTY,,2026-06-30,2026-06-30,55800.00,CE,BANKNIFTY26JUN55800CE,2826.45,2826.45,2557.75,2557.75,2557.75,546.50,56301.95,2838.45,60,60,4,7026390.00,4,F1,30,,,,,
2026-04-15,2026-04-15,FO,NSE,IDO,75600,,BANKNIFTY,,2026-06-30,2026-06-30,55000.00,CE,BANKNIFTY26JUN55000CE,3375.00,3441.15,2856.70,3150.05,3150.05,2884.15,56301.95,3150.05,8730,150,40,69944782.50,38,F1,30,,,,,
2026-04-15,2026-04-15,FO,NSE,IDO,75586,,BANKNIFTY,,2026-06-30,2026-06-30,54300.00,CE,BANKNIFTY26JUN54300CE,0.00,0.00,0.00,864.85,0.00,864.85,56301.95,3760.70,0,0,0,0.00,0,F1,30,,,,,
2026-04-15,2026-04-15,FO,NSE,IDO,75584,,BANKNIFTY,,2026-06-30,2026-06-30,54200.00,CE,BANKNIFTY26JUN54200CE,0.00,0.00,0.00,890.60,0.00,890.60,56301.95,3827.65,0,0,0,0.00,0,F1,30,,,,,
2026-04-15,2026-04-15,FO,NSE,IDO,57717,,BANKNIFTY,,2026-06-30,2026-06-30,52500.00,CE,BANKNIFTY26JUN52500CE,5320.00,5320.00,4960.00,5081.50,5081.45,4110.60,56301.95,5081.50,810,180,29,50099446.50,23,F1,30,,,,,
2026-04-15,2026-04-15,FO,NSE,IDO,75415,,BANKNIFTY,,2026-06-30,2026-06-30,50800.00,CE,BANKNIFTY26JUN50800CE,0.00,0.00,0.00,2169.30,0.00,2169.30,56301.95,6459.95,0,0,0,0.00,0,F1,30,,,,,
2026-04-15,2026-04-15,FO,NSE,IDO,75172,,BANKNIFTY,,2026-06-30,2026-06-30,46900.00,CE,BANKNIFTY26JUN46900CE,0.00,0.00,0.00,4704.00,0.00,4704.00,56301.95,10049.95,0,0,0,0.00,0,F1,30,,,,,
2026-04-15,2026-04-15,FO,NSE,IDO,75032,,BANKNIFTY,,2026-06-30,2026-06-30,45400.00,CE,BANKNIFTY26JUN45400CE,0.00,0.00,0.00,5942.35,0.00,5942.35,56301.95,11504.45,0,0,0,0.00,0,F1,30,,,,,
2026-04-15,2026-04-15,FO,NSE,IDO,75028,,BANKNIFTY,,2026-06-30,2026-06-30,45300.00,CE,BANKNIFTY26JUN45300CE,0.00,0.00,0.00,6028.85,0.00,6028.85,56301.95,11602.05,0,0,0,0.00,0,F1,30,,,,,
2026-04-15,2026-04-15,FO,NSE,IDO,68150,,BANKNIFTY,,2026-05-26,2026-05-26,63900.00,CE,BANKNIFTY26MAY63900CE,0.00,0.00,0.00,38.00,38.00,38.00,56301.95,86.00,780,0,0,0.00,0,F1,30,,,,,
2026-04-15,2026-04-15,FO,NSE,IDO,68132,,BANKNIFTY,,2026-05-26,2026-05-26,63100.00,CE,BANKNIFTY26MAY63100CE,0.00,0.00,0.00,47.15,47.15,47.15,56301.95,128.75,300,0,0,0.00,0,F1,30,,,,,
2026-04-15,2026-04-15,FO,NSE,IDO,68106,,BANKNIFTY,,2026-05-26,2026-05-26,62000.00,CE,BANKNIFTY26MAY62000CE,76.40,83.10,59.25,61.70,62.45,62.75,56301.95,61.70,102810,23400,3025,5632794054.00,2010,F1,30,,,,,
2026-04-15,2026-04-15,FO,NSE,IDO,68102,,BANKNIFTY,,2026-05-26,2026-05-26,61800.00,CE,BANKNIFTY26MAY61800CE,0.00,0.00,0.00,93.55,93.55,93.55,56301.95,238.05,270,0,0,0.00,0,F1,30,,,,,
2026-04-15,2026-04-15,FO,NSE,IDO,68098,,BANKNIFTY,,2026-05-26,2026-05-26,61700.00,CE,BANKNIFTY26MAY61700CE,0.00,0.00,0.00,132.00,132.00,132.00,56301.95,249.00,630,0,0,0.00,0,F1,30,,,,,
2026-04-15,2026-04-15,FO,NSE,IDO,68090,,BANKNIFTY,,2026-05-26,2026-05-26,61400.00,CE,BANKNIFTY26MAY61400CE,0.00,0.00,0.00,111.05,111.05,111.05,56301.95,284.60,450,0,0,0.00,0,F1,30,,,,,
2026-04-15,2026-04-15,FO,NSE,IDO,68072,,BANKNIFTY,,2026-05-26,2026-05-26,60700.00,CE,BANKNIFTY26MAY60700CE,0.00,0.00,0.00,156.35,156.35,156.35,56301.95,384.50,720,0,0,0.00,0,F1,30,,,,,
2026-04-15,2026-04-15,FO,NSE,IDO,67758,,BANKNIFTY,,2026-05-26,2026-05-26,59200.00,CE,BANKNIFTY26MAY59200CE,436.70,436.80,336.30,371.15,396.35,319.20,56301.95,371.15,5010,150,164,293203504.50,92,F1,30,,,,,
2026-04-15,2026-04-15,FO,NSE,IDO,67622,,BANKNIFTY,,2026-05-26,2026-05-26,58600.00,CE,BANKNIFTY26MAY58600CE,699.00,699.00,537.50,565.95,562.10,481.90,56301.95,565.95,4890,1230,176,312574857.00,125,F1,30,,,,,
2026-04-15,2026-04-15,FO,NSE,IDO,67570,,BANKNIFTY,,2026-05-26,2026-05-26,56700.00,CE,BANKNIFTY26MAY56700CE,1690.00,1691.30,1320.00,1428.15,1320.00,1257.95,56301.95,1428.15,7710,1890,147,256854891.00,126,F1,30,,,,,
2026-04-15,2026-04-15,FO,NSE,IDO,66748,,BANKNIFTY,,2026-05-26,2026-05-26,50400.00,CE,BANKNIFTY26MAY50400CE,0.00,0.00,0.00,3633.85,3633.85,3633.85,56301.95,6335.25,120,0,0,0.00,0,F1,30,,,,,
2026-04-15,2026-04-15,FO,NSE,IDO,66742,,BANKNIFTY,,2026-05-26,2026-05-26,50100.00,CE,BANKNIFTY26MAY50100CE,0.00,0.00,0.00,11776.45,0.00,11776.45,56301.95,6618.15,0,0,0,0.00,0,F1,30,,,,,
2026-04-15,2026-04-15,FO,NSE,IDO,66654,,BANKNIFTY,,2026-05-26,2026-05-26,49100.00,CE,BANKNIFTY26MAY49100CE,0.00,0.00,0.00,12757.55,0.00,12757.55,56301.95,7576.85,0,0,0,0.00,0,F1,30,,,,,
2026-04-15,2026-04-15,FO,NSE,IDO,66605,,BANKNIFTY,,2026-05-26,2026-05-26,47700.00,CE,BANKNIFTY26MAY47700CE,0.00,0.00,0.00,14133.25,0.00,14133.25,56301.95,8945.15,0,0,0,0.00,0,F1,30,,,,,
2026-04-15,2026-04-15,FO,NSE,IDO,38316,,BANKNIFTY,,2026-05-26,2026-05-26,45800.00,CE,BANKNIFTY26MAY45800CE,0.00,0.00,0.00,15450.65,0.00,15450.65,56301.95,10823.40,0,0,0,0.00,0,F1,30,,,,,
2026-04-15,2026-04-15,FO,NSE,IDO,68320,,BANKNIFTY,,2026-04-28,2026-04-28,69000.00,CE,BANKNIFTY26APR69000CE,2.25,2.40,1.95,2.00,1.95,2.05,56301.95,2.00,150180,-1230,1465,3032640964.50,571,F1,30,,,,,
2026-04-15,2026-04-15,FO,NSE,IDO,68194,,BANKNIFTY,,2026-04-28,2026-04-28,66400.00,CE,BANKNIFTY26APR66400CE,3.50,4.50,0.20,3.00,3.25,2.85,56301.95,3.00,8910,-870,129,256981416.00,69,F1,30,,,,,
2026-04-15,2026-04-15,FO,NSE,IDO,68182,,BANKNIFTY,,2026-04-28,2026-04-28,66000.00,CE,BANKNIFTY26APR66000CE,4.00,5.00,3.00,3.55,3.75,3.05,56301.95,3.55,32670,1680,1887,3736470790.50,772,F1,30,,,,,
2026-04-15,2026-04-15,FO,NSE,IDO,68187,,BANKNIFTY,,2026-04-28,2026-04-28,66200.00,PE,BANKNIFTY26APR66200PE,0.00,0.00,0.00,11750.75,11750.75,11750.75,56301.95,9761.25,30,0,0,0.00,0,F1,30,,,,,
2026-04-15,2026-04-15,FO,NSE,IDO,68165,,BANKNIFTY,,2026-04-28,2026-04-28,65700.00,CE,BANKNIFTY26APR65700CE,3.55,4.55,3.30,3.80,3.30,2.60,56301.95,3.80,7200,-300,23,45335746.50,13,F1,30,,,,,
2026-04-15,2026-04-15,FO,NSE,IDO,68156,,BANKNIFTY,,2026-04-28,2026-04-28,65500.00,CE,BANKNIFTY26APR65500CE,5.00,8.65,3.65,4.40,4.30,3.80,56301.95,4.40,12840,-3630,954,1874738497.50,491,F1,30,,,,,
2026-04-15,2026-04-15,FO,NSE,IDO,67773,,BANKNIFTY,,2026-04-28,2026-04-28,61400.00,CE,BANKNIFTY26APR61400CE,20.20,20.20,15.30,16.15,16.55,19.25,56301.95,16.15,7590,-540,182,335338056.00,97,F1,30,,,,,
2026-04-15,2026-04-15,FO,NSE,IDO,75887,,BANKNIFTY,,2026-06-30,2026-06-30,61400.00,CE,BANKNIFTY26JUN61400CE,0.00,0.00,0.00,69.85,0.00,69.85,56301.95,746.05,0,0,0,0.00,0,F1,30,,,,,
2026-04-15,2026-04-15,FO,NSE,IDO,57754,,BANKNIFTY,,2026-06-30,2026-06-30,60000.00,CE,BANKNIFTY26JUN60000CE,610.00,724.90,575.15,596.30,593.00,513.70,56301.95,596.30,125370,12720,2396,4357909666.50,1065,F1,30,,,,,
2026-04-15,2026-04-15,FO,NSE,IDO,75813,,BANKNIFTY,,2026-06-30,2026-06-30,59500.00,CE,BANKNIFTY26JUN59500CE,780.00,856.30,712.40,738.95,738.95,654.80,56301.95,738.95,3210,-1500,69,124805547.00,28,F1,30,,,,,
2026-04-15,2026-04-15,FO,NSE,IDO,67769,,BANKNIFTY,,2026-04-28,2026-04-28,61300.00,CE,BANKNIFTY26APR61300CE,24.00,27.10,16.45,17.30,18.40,20.10,56301.95,17.30,19050,3960,1325,2437450933.50,723,F1,30,,,,,
2026-04-15,2026-04-15,FO,NSE,IDO,67767,,BANKNIFTY,,2026-04-28,2026-04-28,61200.00,CE,BANKNIFTY26APR61200CE,21.40,21.80,16.85,17.55,16.85,20.40,56301.95,17.55,13230,-2010,167,306709753.50,88,F1,30,,,,,
2026-04-15,2026-04-15,FO,NSE,IDO,67726,,BANKNIFTY,,2026-04-28,2026-04-28,60600.00,CE,BANKNIFTY26APR60600CE,38.80,38.80,24.85,27.00,28.40,28.25,56301.95,27.00,23220,2100,1097,1995396205.50,636,F1,30,,,,,
2026-04-15,2026-04-15,FO,NSE,IDO,67722,,BANKNIFTY,,2026-04-28,2026-04-28,60400.00,CE,BANKNIFTY26APR60400CE,41.60,45.05,29.75,31.40,30.90,33.25,56301.95,31.40,17220,6930,2193,3976131345.00,976,F1,30,,,,,
2026-04-15,2026-04-15,FO,NSE,IDO,67694,,BANKNIFTY,,2026-04-28,2026-04-28,59000.00,CE,BANKNIFTY26APR59000CE,121.55,159.30,98.55,105.45,105.80,90.65,56301.95,105.45,764970,11220,68304,121144679776.50,38684,F1,30,,,,,
2026-04-15,2026-04-15,FO,NSE,IDO,75804,,BANKNIFTY,,2026-06-30,2026-06-30,59200.00,CE,BANKNIFTY26JUN59200CE,0.00,0.00,0.00,744.45,744.45,744.45,56301.95,1330.95,390,0,0,0.00,0,F1,30,,,,,
2026-04-15,2026-04-15,FO,NSE,IDO,67637,,BANKNIFTY,,2026-04-28,2026-04-28,58700.00,CE,BANKNIFTY26APR58700CE,190.75,209.20,131.75,139.45,137.80,117.45,56301.95,139.45,74430,11340,6061,10702236942.00,4443,F1,30,,,,,
2026-04-15,2026-04-15,FO,NSE,IDO,68139,,BANKNIFTY,,2026-05-26,2026-05-26,63400.00,PE,BANKNIFTY26MAY63400PE,0.00,0.00,0.00,10056.45,10056.45,10056.45,56301.95,6766.15,30,0,0,0.00,0,F1,30,,,,,
2026-04-15,2026-04-15,FO,NSE,IDO,68167,,BANKNIFTY,,2026-05-26,2026-05-26,64400.00,PE,BANKNIFTY26MAY64400PE,0.00,0.00,0.00,11016.25,11016.25,11016.25,56301.95,7714.40,30,0,0,0.00,0,F1,30,,,,,
2026-04-15,2026-04-15,FO,NSE,IDO,68200,,BANKNIFTY,,2026-05-26,2026-05-26,65100.00,PE,BANKNIFTY26MAY65100PE,0.00,0.00,0.00,10464.85,10464.85,10464.85,56301.95,8388.65,600,0,0,0.00,0,F1,30,,,,,
2026-04-15,2026-04-15,FO,NSE,IDO,75608,,BANKNIFTY,,2026-06-30,2026-06-30,55400.00,CE,BANKNIFTY26JUN55400CE,0.00,0.00,0.00,620.20,0.00,620.20,56301.95,3069.00,0,0,0,0.00,0,F1,30,,,,,
2026-04-15,2026-04-15,FO,NSE,IDO,75580,,BANKNIFTY,,2026-06-30,2026-06-30,53900.00,CE,BANKNIFTY26JUN53900CE,0.00,0.00,0.00,971.40,0.00,971.40,56301.95,4032.50,0,0,0,0.00,0,F1,30,,,,,
2026-04-15,2026-04-15,FO,NSE,IDO,75465,,BANKNIFTY,,2026-06-30,2026-06-30,52800.00,CE,BANKNIFTY26JUN52800CE,5041.75,5041.75,5041.75,5041.75,5041.75,4008.15,56301.95,4833.55,240,-30,1,1735252.50,1,F1,30,,,,,
2026-04-15,2026-04-15,FO,NSE,IDO,75374,,BANKNIFTY,,2026-06-30,2026-06-30,50400.00,CE,BANKNIFTY26JUN50400CE,0.00,0.00,0.00,3830.00,3830.00,3830.00,56301.95,6807.30,330,0,0,0.00,0,F1,30,,,,,
2026-04-15,2026-04-15,FO,NSE,IDO,75290,,BANKNIFTY,,2026-06-30,2026-06-30,50100.00,CE,BANKNIFTY26JUN50100CE,0.00,0.00,0.00,2540.05,0.00,2540.05,56301.95,7071.90,0,0,0,0.00,0,F1,30,,,,,
2026-04-15,2026-04-15,FO,NSE,IDO,75270,,BANKNIFTY,,2026-06-30,2026-06-30,49000.00,CE,BANKNIFTY26JUN49000CE,0.00,0.00,0.00,3199.65,0.00,3199.65,56301.95,8067.55,0,0,0,0.00,0,F1,30,,,,,
2026-04-15,2026-04-15,FO,NSE,IDO,75266,,BANKNIFTY,,2026-06-30,2026-06-30,48800.00,CE,BANKNIFTY26JUN48800CE,0.00,0.00,0.00,3329.45,0.00,3329.45,56301.95,8252.35,0,0,0,0.00,0,F1,30,,,,,
2026-04-15,2026-04-15,FO,NSE,IDO,75166,,BANKNIFTY,,2026-06-30,2026-06-30,46600.00,CE,BANKNIFTY26JUN46600CE,0.00,0.00,0.00,4942.05,0.00,4942.05,56301.95,10339.05,0,0,0,0.00,0,F1,30,,,,,
2026-04-15,2026-04-15,FO,NSE,IDO,57643,,BANKNIFTY,,2026-06-30,2026-06-30,45000.00,CE,BANKNIFTY26JUN45000CE,0.00,0.00,0.00,15169.75,0.00,15169.75,56301.95,11895.35,0,0,0,0.00,0,F1,30,,,,,
2026-04-15,2026-04-15,FO,NSE,IDO,68419,,BANKNIFTY,,2026-05-26,2026-05-26,67500.00,CE,BANKNIFTY26MAY67500CE,0.00,0.00,0.00,364.15,0.00,364.15,56301.95,11.10,0,0,0,0.00,0,F1,30,,,,,
2026-04-15,2026-04-15,FO,NSE,IDO,68239,,BANKNIFTY,,2026-05-26,2026-05-26,66500.00,CE,BANKNIFTY26MAY66500CE,17.00,17.00,14.95,15.00,15.00,17.45,56301.95,20.35,360,150,10,19954798.50,3,F1,30,,,,,
2026-04-15,2026-04-15,FO,NSE,IDO,68205,,BANKNIFTY,,2026-05-26,2026-05-26,65400.00,CE,BANKNIFTY26MAY65400CE,0.00,0.00,0.00,744.95,0.00,744.95,56301.95,38.35,0,0,0,0.00,0,F1,30,,,,,
2026-04-15,2026-04-15,FO,NSE,IDO,68179,,BANKNIFTY,,2026-05-26,2026-05-26,64900.00,CE,BANKNIFTY26MAY64900CE,0.00,0.00,0.00,46.95,46.95,46.95,56301.95,50.55,90,0,0,0.00,0,F1,30,,,,,
2026-04-15,2026-04-15,FO,NSE,IDO,68128,,BANKNIFTY,,2026-05-26,2026-05-26,62900.00,CE,BANKNIFTY26MAY62900CE,0.00,0.00,0.00,59.50,59.50,59.50,56301.95,142.00,1170,0,0,0.00,0,F1,30,,,,,
2026-04-15,2026-04-15,FO,NSE,IDO,68120,,BANKNIFTY,,2026-05-26,2026-05-26,62600.00,CE,BANKNIFTY26MAY62600CE,0.00,0.00,0.00,69.75,69.75,69.75,56301.95,164.10,540,0,0,0.00,0,F1,30,,,,,
2026-04-15,2026-04-15,FO,NSE,IDO,68110,,BANKNIFTY,,2026-05-26,2026-05-26,62200.00,CE,BANKNIFTY26MAY62200CE,0.00,0.00,0.00,60.00,60.00,60.00,56301.95,198.10,420,0,0,0.00,0,F1,30,,,,,
2026-04-15,2026-04-15,FO,NSE,IDO,67625,,BANKNIFTY,,2026-05-26,2026-05-26,58700.00,CE,BANKNIFTY26MAY58700CE,545.90,598.25,500.20,535.50,535.50,457.00,56301.95,535.50,4080,720,189,335969842.50,143,F1,30,,,,,
2026-04-15,2026-04-15,FO,NSE,IDO,67618,,BANKNIFTY,,2026-05-26,2026-05-26,58400.00,CE,BANKNIFTY26MAY58400CE,665.40,707.95,607.35,655.90,651.90,539.60,56301.95,655.90,5130,600,156,276397984.50,67,F1,30,,,,,
2026-04-15,2026-04-15,FO,NSE,IDO,67582,,BANKNIFTY,,2026-05-26,2026-05-26,57200.00,CE,BANKNIFTY26MAY57200CE,1274.00,1299.25,1144.45,1160.25,1144.45,1021.00,56301.95,1160.25,4770,1290,181,317367274.50,132,F1,30,,,,,
2026-04-15,2026-04-15,FO,NSE,IDO,67566,,BANKNIFTY,,2026-05-26,2026-05-26,56500.00,CE,BANKNIFTY26MAY56500CE,1770.00,1884.85,1509.15,1558.50,1529.00,1370.20,56301.95,1558.50,62610,41640,3216,5605835146.50,2886,F1,30,,,,,
2026-04-15,2026-04-15,FO,NSE,IDO,67259,,BANKNIFTY,,2026-05-26,2026-05-26,55000.00,CE,BANKNIFTY26MAY55000CE,2929.95,2930.00,2454.15,2553.55,2546.50,2280.85,56301.95,2553.55,110400,-26040,4002,6923207523.00,1809,F1,30,,,,,
2026-04-15,2026-04-15,FO,NSE,IDO,67070,,BANKNIFTY,,2026-05-26,2026-05-26,52200.00,CE,BANKNIFTY26MAY52200CE,5140.60,5140.60,5003.60,5003.60,5003.60,4226.40,56301.95,4708.20,630,-90,4,6874261.50,4,F1,30,,,,,
2026-04-15,2026-04-15,FO,NSE,IDO,66801,,BANKNIFTY,,2026-05-26,2026-05-26,51900.00,CE,BANKNIFTY26MAY51900CE,0.00,0.00,0.00,4292.35,4292.35,4292.35,56301.95,4969.05,570,0,0,0.00,0,F1,30,,,,,
2026-04-15,2026-04-15,FO,NSE,IDO,66763,,BANKNIFTY,,2026-05-26,2026-05-26,51000.00,CE,BANKNIFTY26MAY51000CE,6100.00,6100.00,5750.00,5925.70,5896.00,5382.00,56301.95,5925.70,14700,2400,101,172411470.00,54,F1,30,,,,,
2026-04-15,2026-04-15,FO,NSE,IDO,66755,,BANKNIFTY,,2026-05-26,2026-05-26,50600.00,CE,BANKNIFTY26MAY50600CE,0.00,0.00,0.00,5118.55,5118.55,5118.55,56301.95,6148.15,720,0,0,0.00,0,F1,30,,,,,
2026-04-15,2026-04-15,FO,NSE,IDO,66644,,BANKNIFTY,,2026-05-26,2026-05-26,48600.00,CE,BANKNIFTY26MAY48600CE,0.00,0.00,0.00,13248.70,0.00,13248.70,56301.95,8062.90,0,0,0,0.00,0,F1,30,,,,,
2026-04-15,2026-04-15,FO,NSE,IDO,66638,,BANKNIFTY,,2026-05-26,2026-05-26,48400.00,CE,BANKNIFTY26MAY48400CE,0.00,0.00,0.00,13445.20,0.00,13445.20,56301.95,8258.25,0,0,0,0.00,0,F1,30,,,,,
2026-04-15,2026-04-15,FO,NSE,IDO,66582,,BANKNIFTY,,2026-05-26,2026-05-26,47400.00,CE,BANKNIFTY26MAY47400CE,0.00,0.00,0.00,14428.20,0.00,14428.20,56301.95,9240.65,0,0,0,0.00,0,F1,30,,,,,
2026-04-15,2026-04-15,FO,NSE,IDO,66574,,BANKNIFTY,,2026-05-26,2026-05-26,47200.00,CE,BANKNIFTY26MAY47200CE,0.00,0.00,0.00,14624.85,0.00,14624.85,56301.95,9438.00,0,0,0,0.00,0,F1,30,,,,,
2026-04-15,2026-04-15,FO,NSE,IDO,66480,,BANKNIFTY,,2026-05-26,2026-05-26,46300.00,CE,BANKNIFTY26MAY46300CE,0.00,0.00,0.00,15509.85,0.00,15509.85,56301.95,10328.00,0,0,0,0.00,0,F1,30,,,,,
2026-04-15,2026-04-15,FO,NSE,IDO,67514,,BANKNIFTY,,2026-04-28,2026-04-28,55400.00,CE,BANKNIFTY26APR55400CE,1868.25,1971.15,1480.40,1545.35,1505.70,1276.60,56301.95,1545.35,35490,-8520,1316,2252895406.50,768,F1,30,,,,,
2026-04-15,2026-04-15,FO,NSE,IDO,67488,,BANKNIFTY,,2026-04-28,2026-04-28,54600.00,CE,BANKNIFTY26APR54600CE,2500.45,2558.20,2103.70,2144.45,2123.05,1811.15,56301.95,2144.45,32040,-930,124,211648618.50,77,F1,30,,,,,
2026-04-15,2026-04-15,FO,NSE,IDO,67484,,BANKNIFTY,,2026-04-28,2026-04-28,54400.00,CE,BANKNIFTY26APR54400CE,2576.50,2599.10,2248.00,2369.30,2315.85,1961.45,56301.95,2369.30,21210,-540,60,102364426.50,33,F1,30,,,,,
2026-04-15,2026-04-15,FO,NSE,IDO,67472,,BANKNIFTY,,2026-04-28,2026-04-28,53900.00,CE,BANKNIFTY26APR53900CE,2950.00,2950.00,2703.70,2703.70,2703.70,2358.05,56301.95,2658.25,13710,-480,18,30639322.50,10,F1,30,,,,,
2026-04-15,2026-04-15,FO,NSE,IDO,67444,,BANKNIFTY,,2026-04-28,2026-04-28,52500.00,CE,BANKNIFTY26APR52500CE,4499.95,4500.00,3926.05,4068.55,3997.60,3488.95,56301.95,4068.55,140490,-1770,147,249740755.50,79,F1,30,,,,,
2026-04-15,2026-04-15,FO,NSE,IDO,67442,,BANKNIFTY,,2026-04-28,2026-04-28,52400.00,CE,BANKNIFTY26APR52400CE,4500.05,4500.05,4035.00,4119.30,4119.30,3613.25,56301.95,4039.80,20580,180,12,20413923.00,10,F1,30,,,,,
2026-04-15,2026-04-15,FO,NSE,IDO,67432,,BANKNIFTY,,2026-04-28,2026-04-28,51900.00,CE,BANKNIFTY26APR51900CE,4714.80,4850.00,4450.00,4600.00,4600.00,3758.00,56301.95,4525.00,12720,60,12,20371776.00,11,F1,30,,,,,
2026-04-15,2026-04-15,FO,NSE,IDO,67418,,BANKNIFTY,,2026-04-28,2026-04-28,51200.00,CE,BANKNIFTY26APR51200CE,5429.15,5429.15,5270.65,5270.65,5270.65,4764.10,56301.95,5213.75,40740,-30,3,5089224.00,3,F1,30,,,,,
2026-04-15,2026-04-15,FO,NSE,IDO,67400,,BANKNIFTY,,2026-04-28,2026-04-28,50300.00,CE,BANKNIFTY26APR50300CE,6468.00,6468.00,6129.50,6132.70,6132.70,5235.00,56301.95,6107.40,25110,-30,21,35660317.50,21,F1,30,,,,,
2026-04-15,2026-04-15,FO,NSE,IDO,67398,,BANKNIFTY,,2026-04-28,2026-04-28,50200.00,CE,BANKNIFTY26APR50200CE,6532.00,6532.00,6204.00,6204.00,6204.00,5657.65,56301.95,6206.95,58020,0,21,35585572.50,10,F1,30,,,,,
2026-04-15,2026-04-15,FO,NSE,IDO,67336,,BANKNIFTY,,2026-04-28,2026-04-28,49300.00,CE,BANKNIFTY26APR49300CE,0.00,0.00,0.00,2966.50,2966.50,2966.50,56301.95,7104.10,5520,0,0,0.00,0,F1,30,,,,,
2026-04-15,2026-04-15,FO,NSE,IDO,67307,,BANKNIFTY,,2026-04-28,2026-04-28,48600.00,CE,BANKNIFTY26APR48600CE,0.00,0.00,0.00,2979.10,2979.10,2979.10,56301.95,7802.50,960,0,0,0.00,0,F1,30,,,,,
2026-04-15,2026-04-15,FO,NSE,IDO,67235,,BANKNIFTY,,2026-04-28,2026-04-28,46800.00,CE,BANKNIFTY26APR46800CE,0.00,0.00,0.00,6529.10,6529.10,6529.10,56301.95,9598.70,30,0,0,0.00,0,F1,30,,,,,
2026-04-15,2026-04-15,FO,NSE,IDO,67219,,BANKNIFTY,,2026-04-28,2026-04-28,46200.00,CE,BANKNIFTY26APR46200CE,0.00,0.00,0.00,13713.35,0.00,13713.35,56301.95,10197.45,0,0,0,0.00,0,F1,30,,,,,
2026-04-15,2026-04-15,FO,NSE,IDO,67160,,BANKNIFTY,,2026-04-28,2026-04-28,45300.00,CE,BANKNIFTY26APR45300CE,0.00,0.00,0.00,14599.30,0.00,14599.30,56301.95,11095.60,0,0,0,0.00,0,F1,30,,,,,
2026-04-15,2026-04-15,FO,NSE,IDO,76424,,BANKNIFTY,,2027-03-30,2027-03-30,61500.00,PE,BANKNIFTY27MAR61500PE,0.00,0.00,0.00,8564.80,0.00,8564.80,56301.95,5630.75,0,0,0,0.00,0,F1,30,,,,,
2026-04-15,2026-04-15,FO,NSE,IDO,76397,,BANKNIFTY,,2027-03-30,2027-03-30,55500.00,PE,BANKNIFTY27MAR55500PE,0.00,0.00,0.00,4717.35,0.00,4717.35,56301.95,2802.85,0,0,0,0.00,0,F1,30,,,,,
2026-04-15,2026-04-15,FO,NSE,IDO,53251,,BANKNIFTY,,2026-12-29,2026-12-29,66000.00,PE,BANKNIFTY26DEC66000PE,0.00,0.00,0.00,5463.50,0.00,5463.50,56301.95,8555.95,0,0,0,0.00,0,F1,30,,,,,
2026-04-15,2026-04-15,FO,NSE,IDO,53215,,BANKNIFTY,,2026-12-29,2026-12-29,46500.00,PE,BANKNIFTY26DEC46500PE,0.00,0.00,0.00,84.85,0.00,84.85,56301.95,406.10,0,0,0,0.00,0,F1,30,,,,,
2026-04-15,2026-04-15,FO,NSE,IDO,52421,,BANKNIFTY,,2026-09-29,2026-09-29,66000.00,PE,BANKNIFTY26SEP66000PE,0.00,0.00,0.00,8825.75,0.00,8825.75,56301.95,8717.65,0,0,0,0.00,0,F1,30,,,,,
2026-04-15,2026-04-15,FO,NSE,IDO,75841,,BANKNIFTY,,2026-06-30,2026-06-30,60600.00,PE,BANKNIFTY26JUN60600PE,0.00,0.00,0.00,9335.85,0.00,9335.85,56301.95,4445.85,0,0,0,0.00,0,F1,30,,,,,
2026-04-15,2026-04-15,FO,NSE,IDO,67388,,BANKNIFTY,,2026-04-28,2026-04-28,49900.00,CE,BANKNIFTY26APR49900CE,6662.00,6697.20,6662.00,6697.20,6697.20,5272.65,56301.95,6697.20,8400,0,2,3394776.00,2,F1,30,,,,,
2026-04-15,2026-04-15,FO,NSE,IDO,75823,,BANKNIFTY,,2026-06-30,2026-06-30,59800.00,PE,BANKNIFTY26JUN59800PE,0.00,0.00,0.00,8586.00,0.00,8586.00,56301.95,3870.25,0,0,0,0.00,0,F1,30,,,,,
2026-04-15,2026-04-15,FO,NSE,IDO,66475,,BANKNIFTY,,2026-05-26,2026-05-26,46100.00,CE,BANKNIFTY26MAY46100CE,0.00,0.00,0.00,15706.55,0.00,15706.55,56301.95,10526.10,0,0,0,0.00,0,F1,30,,,,,
2026-04-15,2026-04-15,FO,NSE,IDO,67925,,BANKNIFTY,,2026-04-28,2026-04-28,64900.00,CE,BANKNIFTY26APR64900CE,5.20,5.80,4.30,4.60,4.60,5.20,56301.95,4.60,4170,1920,257,500416062.00,129,F1,30,,,,,
2026-04-15,2026-04-15,FO,NSE,IDO,67887,,BANKNIFTY,,2026-04-28,2026-04-28,64000.00,CE,BANKNIFTY26APR64000CE,6.90,8.50,5.75,6.20,5.95,6.70,56301.95,6.20,155310,10680,2228,4278200902.50,1110,F1,30,,,,,
2026-04-15,2026-04-15,FO,NSE,IDO,67863,,BANKNIFTY,,2026-04-28,2026-04-28,63300.00,CE,BANKNIFTY26APR63300CE,8.60,9.55,6.20,7.15,7.50,7.75,56301.95,7.15,3390,240,72,136745109.00,51,F1,30,,,,,
2026-04-15,2026-04-15,FO,NSE,IDO,67828,,BANKNIFTY,,2026-04-28,2026-04-28,62500.00,CE,BANKNIFTY26APR62500CE,13.65,14.80,8.75,9.05,8.80,11.25,56301.95,9.05,135780,11970,6566,12313411410.00,3255,F1,30,,,,,
2026-04-15,2026-04-15,FO,NSE,IDO,67732,,BANKNIFTY,,2026-04-28,2026-04-28,60900.00,CE,BANKNIFTY26APR60900CE,25.00,27.40,21.05,22.00,21.25,25.00,56301.95,22.00,11910,-1710,230,420374062.50,151,F1,30,,,,,
2026-04-15,2026-04-15,FO,NSE,IDO,67716,,BANKNIFTY,,2026-04-28,2026-04-28,60100.00,CE,BANKNIFTY26APR60100CE,58.75,58.80,37.20,40.00,42.15,39.10,56301.95,40.00,49020,-26970,4092,7383353751.00,2400,F1,30,,,,,
2026-04-15,2026-04-15,FO,NSE,IDO,67696,,BANKNIFTY,,2026-04-28,2026-04-28,59100.00,CE,BANKNIFTY26APR59100CE,121.65,139.35,90.25,95.90,97.10,82.20,56301.95,95.90,28320,-13560,3596,6387601380.00,2429,F1,30,,,,,
2026-04-15,2026-04-15,FO,NSE,IDO,67792,,BANKNIFTY,,2026-04-28,2026-04-28,61700.00,PE,BANKNIFTY26APR61700PE,5260.00,5260.00,5260.00,5260.00,5260.00,8610.00,56301.95,5281.85,270,-30,1,2008800.00,1,F1,30,,,,,
2026-04-15,2026-04-15,FO,NSE,IDO,67822,,BANKNIFTY,,2026-04-28,2026-04-28,62300.00,PE,BANKNIFTY26APR62300PE,0.00,0.00,0.00,7985.05,7985.05,7985.05,56301.95,5874.90,240,0,0,0.00,0,F1,30,,,,,
2026-04-15,2026-04-15,FO,NSE,IDO,67837,,BANKNIFTY,,2026-04-28,2026-04-28,62800.00,PE,BANKNIFTY26APR62800PE,0.00,0.00,0.00,10099.00,10099.00,10099.00,56301.95,6371.25,60,0,0,0.00,0,F1,30,,,,,
2026-04-15,2026-04-15,FO,NSE,IDO,67878,,BANKNIFTY,,2026-04-28,2026-04-28,63500.00,PE,BANKNIFTY26APR63500PE,0.00,0.00,0.00,9511.85,9511.85,9511.85,56301.95,7068.00,780,0,0,0.00,0,F1,30,,,,,
2026-04-15,2026-04-15,FO,NSE,IDO,67894,,BANKNIFTY,,2026-04-28,2026-04-28,64300.00,PE,BANKNIFTY26APR64300PE,0.00,0.00,0.00,11183.70,11183.70,11183.70,56301.95,7865.55,60,0,0,0.00,0,F1,30,,,,,
2026-04-15,2026-04-15,FO,NSE,IDO,68228,,BANKNIFTY,,2026-04-28,2026-04-28,67000.00,PE,BANKNIFTY26APR67000PE,0.00,0.00,0.00,11750.00,11750.00,11750.00,56301.95,10559.55,90,0,0,0.00,0,F1,30,,,,,
2026-04-15,2026-04-15,FO,NSE,IDO,68256,,BANKNIFTY,,2026-04-28,2026-04-28,67500.00,PE,BANKNIFTY26APR67500PE,0.00,0.00,0.00,14000.00,14000.00,14000.00,56301.95,11058.55,30,0,0,0.00,0,F1,30,,,,,
2026-04-15,2026-04-15,FO,NSE,IDO,40395,,BANKNIFTY,,2026-05-26,2026-05-26,45300.00,PE,BANKNIFTY26MAY45300PE,0.00,0.00,0.00,0.05,0.00,0.05,56301.95,0.90,0,0,0,0.00,0,F1,30,,,,,
2026-04-15,2026-04-15,FO,NSE,IDO,38317,,BANKNIFTY,,2026-05-26,2026-05-26,45800.00,PE,BANKNIFTY26MAY45800PE,0.00,0.00,0.00,0.05,0.00,0.05,56301.95,1.55,0,0,0,0.00,0,F1,30,,,,,
2026-04-15,2026-04-15,FO,NSE,IDO,66481,,BANKNIFTY,,2026-05-26,2026-05-26,46300.00,PE,BANKNIFTY26MAY46300PE,0.00,0.00,0.00,0.10,0.00,0.10,56301.95,2.65,0,0,0,0.00,0,F1,30,,,,,
2026-04-15,2026-04-15,FO,NSE,IDO,75245,,BANKNIFTY,,2026-06-30,2026-06-30,48200.00,CE,BANKNIFTY26JUN48200CE,0.00,0.00,0.00,3736.50,0.00,3736.50,56301.95,8812.50,0,0,0,0.00,0,F1,30,,,,,
2026-04-15,2026-04-15,FO,NSE,IDO,75178,,BANKNIFTY,,2026-06-30,2026-06-30,47100.00,CE,BANKNIFTY26JUN47100CE,0.00,0.00,0.00,4548.25,0.00,4548.25,56301.95,9857.85,0,0,0,0.00,0,F1,30,,,,,
2026-04-15,2026-04-15,FO,NSE,IDO,75168,,BANKNIFTY,,2026-06-30,2026-06-30,46700.00,CE,BANKNIFTY26JUN46700CE,0.00,0.00,0.00,4862.10,0.00,4862.10,56301.95,10242.55,0,0,0,0.00,0,F1,30,,,,,
2026-04-15,2026-04-15,FO,NSE,IDO,68445,,BANKNIFTY,,2026-05-26,2026-05-26,68500.00,CE,BANKNIFTY26MAY68500CE,13.00,13.00,12.00,12.00,12.00,10.00,56301.95,5.90,2280,240,10,20553780.00,6,F1,30,,,,,
2026-04-15,2026-04-15,FO,NSE,IDO,68003,,BANKNIFTY,,2026-05-26,2026-05-26,60100.00,PE,BANKNIFTY26MAY60100PE,3300.00,3594.25,3256.60,3512.40,3520.75,5717.10,56301.95,3512.40,750,690,34,64821051.00,31,F1,30,,,,,
2026-04-15,2026-04-15,FO,NSE,IDO,68081,,BANKNIFTY,,2026-05-26,2026-05-26,61000.00,PE,BANKNIFTY26MAY61000PE,3893.65,4402.35,3893.65,4273.20,4300.00,4942.70,56301.95,4273.20,7260,1200,114,222796236.00,93,F1,30,,,,,
2026-04-15,2026-04-15,FO,NSE,IDO,68113,,BANKNIFTY,,2026-05-26,2026-05-26,62300.00,PE,BANKNIFTY26MAY62300PE,0.00,0.00,0.00,7536.90,7536.90,7536.90,56301.95,5751.95,60,0,0,0.00,0,F1,30,,,,,
2026-04-15,2026-04-15,FO,NSE,IDO,68119,,BANKNIFTY,,2026-05-26,2026-05-26,62500.00,PE,BANKNIFTY26MAY62500PE,0.00,0.00,0.00,6264.30,6200.00,6264.30,56301.95,5933.55,1830,0,0,0.00,0,F1,30,,,,,
2026-04-15,2026-04-15,FO,NSE,IDO,68121,,BANKNIFTY,,2026-05-26,2026-05-26,62600.00,PE,BANKNIFTY26MAY62600PE,0.00,0.00,0.00,9296.10,9296.10,9296.10,56301.95,6024.90,60,0,0,0.00,0,F1,30,,,,,
2026-04-15,2026-04-15,FO,NSE,IDO,68127,,BANKNIFTY,,2026-05-26,2026-05-26,62800.00,PE,BANKNIFTY26MAY62800PE,0.00,0.00,0.00,9484.15,9484.15,9484.15,56301.95,6208.45,60,0,0,0.00,0,F1,30,,,,,
2026-04-15,2026-04-15,FO,NSE,IDO,68135,,BANKNIFTY,,2026-05-26,2026-05-26,63200.00,PE,BANKNIFTY26MAY63200PE,0.00,0.00,0.00,9865.35,9865.35,9865.35,56301.95,6579.15,60,0,0,0.00,0,F1,30,,,,,
2026-04-15,2026-04-15,FO,NSE,IDO,68159,,BANKNIFTY,,2026-05-26,2026-05-26,64200.00,PE,BANKNIFTY26MAY64200PE,0.00,0.00,0.00,10822.75,10822.75,10822.75,56301.95,7523.20,30,0,0,0.00,0,F1,30,,,,,
2026-04-15,2026-04-15,FO,NSE,IDO,68192,,BANKNIFTY,,2026-05-26,2026-05-26,65000.00,PE,BANKNIFTY26MAY65000PE,7582.35,8101.00,7582.35,8101.00,8101.00,8900.00,56301.95,8291.90,750,30,8,17522050.50,4,F1,30,,,,,
2026-04-15,2026-04-15,FO,NSE,IDO,68220,,BANKNIFTY,,2026-05-26,2026-05-26,65900.00,PE,BANKNIFTY26MAY65900PE,0.00,0.00,0.00,11256.00,11256.00,11256.00,56301.95,9166.65,600,0,0,0.00,0,F1,30,,,,,
2026-04-15,2026-04-15,FO,NSE,IDO,68175,,BANKNIFTY,,2026-05-26,2026-05-26,64800.00,CE,BANKNIFTY26MAY64800CE,33.45,33.45,17.15,17.15,17.15,51.65,56301.95,17.15,1140,390,31,60287335.50,13,F1,30,,,,,
2026-04-15,2026-04-15,FO,NSE,IDO,68173,,BANKNIFTY,,2026-05-26,2026-05-26,64700.00,CE,BANKNIFTY26MAY64700CE,0.00,0.00,0.00,89.00,89.00,89.00,56301.95,56.35,180,0,0,0.00,0,F1,30,,,,,
2026-04-15,2026-04-15,FO,NSE,IDO,68136,,BANKNIFTY,,2026-05-26,2026-05-26,63300.00,CE,BANKNIFTY26MAY63300CE,0.00,0.00,0.00,46.00,46.00,46.00,56301.95,116.60,390,0,0,0.00,0,F1,30,,,,,
2026-04-15,2026-04-15,FO,NSE,IDO,68094,,BANKNIFTY,,2026-05-26,2026-05-26,61600.00,CE,BANKNIFTY26MAY61600CE,0.00,0.00,0.00,114.05,114.05,114.05,56301.95,260.45,780,0,0,0.00,0,F1,30,,,,,
2026-04-15,2026-04-15,FO,NSE,IDO,68080,,BANKNIFTY,,2026-05-26,2026-05-26,61000.00,CE,BANKNIFTY26MAY61000CE,151.35,151.35,104.70,107.50,108.00,100.80,56301.95,107.50,132270,36180,4968,9109719414.00,3043,F1,30,,,,,
2026-04-15,2026-04-15,FO,NSE,IDO,68010,,BANKNIFTY,,2026-05-26,2026-05-26,60300.00,CE,BANKNIFTY26MAY60300CE,203.80,208.80,164.90,170.65,173.10,153.85,56301.95,170.65,3840,1710,107,194173924.50,52,F1,30,,,,,
2026-04-15,2026-04-15,FO,NSE,IDO,68004,,BANKNIFTY,,2026-05-26,2026-05-26,60200.00,CE,BANKNIFTY26MAY60200CE,219.90,221.70,183.20,184.85,184.85,159.35,56301.95,472.30,3660,1590,88,159463443.00,39,F1,30,,,,,
2026-04-15,2026-04-15,FO,NSE,IDO,67490,,BANKNIFTY,,2026-04-28,2026-04-28,54700.00,CE,BANKNIFTY26APR54700CE,2399.00,2656.25,1979.25,2097.70,2069.35,1739.50,56301.95,2097.70,29250,-1590,282,481601451.00,186,F1,30,,,,,
2026-04-15,2026-04-15,FO,NSE,IDO,67780,,BANKNIFTY,,2026-04-28,2026-04-28,61500.00,PE,BANKNIFTY26APR61500PE,4900.00,5300.35,4900.00,5099.70,5146.05,5752.95,56301.95,5099.70,40260,210,23,45940005.00,21,F1,30,,,,,
2026-04-15,2026-04-15,FO,NSE,IDO,68197,,BANKNIFTY,,2026-04-28,2026-04-28,66500.00,PE,BANKNIFTY26APR66500PE,0.00,0.00,0.00,4641.00,4641.00,4641.00,56301.95,10060.60,30,0,0,0.00,0,F1,30,,,,,
2026-04-15,2026-04-15,FO,NSE,IDO,38320,,BANKNIFTY,,2026-05-26,2026-05-26,45900.00,PE,BANKNIFTY26MAY45900PE,0.00,0.00,0.00,0.05,0.00,0.05,56301.95,1.75,0,0,0,0.00,0,F1,30,,,,,
2026-04-15,2026-04-15,FO,NSE,IDO,66602,,BANKNIFTY,,2026-05-26,2026-05-26,47500.00,PE,BANKNIFTY26MAY47500PE,104.10,115.05,91.15,104.20,115.05,180.70,56301.95,104.20,1920,810,60,85684759.50,33,F1,30,,,,,
2026-04-15,2026-04-15,FO,NSE,IDO,67191,,BANKNIFTY,,2026-05-26,2026-05-26,53700.00,PE,BANKNIFTY26MAY53700PE,530.75,590.00,524.20,585.25,585.25,855.90,56301.95,585.25,2280,-30,29,47204145.00,28,F1,30,,,,,
2026-04-15,2026-04-15,FO,NSE,IDO,75850,,BANKNIFTY,,2026-06-30,2026-06-30,61000.00,PE,BANKNIFTY26JUN61000PE,0.00,0.00,0.00,9714.25,0.00,9714.25,56301.95,4745.95,0,0,0,0.00,0,F1,30,,,,,
2026-04-15,2026-04-15,FO,NSE,IDO,75839,,BANKNIFTY,,2026-06-30,2026-06-30,60500.00,PE,BANKNIFTY26JUN60500PE,0.00,0.00,0.00,9241.55,0.00,9241.55,56301.95,4369.75,0,0,0,0.00,0,F1,30,,,,,
2026-04-15,2026-04-15,FO,NSE,IDO,75829,,BANKNIFTY,,2026-06-30,2026-06-30,60100.00,PE,BANKNIFTY26JUN60100PE,0.00,0.00,0.00,8866.00,0.00,8866.00,56301.95,4080.95,0,0,0,0.00,0,F1,30,,,,,
2026-04-15,2026-04-15,FO,NSE,IDO,75795,,BANKNIFTY,,2026-06-30,2026-06-30,58700.00,PE,BANKNIFTY26JUN58700PE,0.00,0.00,0.00,7574.15,0.00,7574.15,56301.95,3143.90,0,0,0,0.00,0,F1,30,,,,,
2026-04-15,2026-04-15,FO,NSE,IDO,75750,,BANKNIFTY,,2026-06-30,2026-06-30,57900.00,PE,BANKNIFTY26JUN57900PE,0.00,0.00,0.00,6856.20,0.00,6856.20,56301.95,2664.35,0,0,0,0.00,0,F1,30,,,,,
2026-04-15,2026-04-15,FO,NSE,IDO,75621,,BANKNIFTY,,2026-06-30,2026-06-30,56100.00,PE,BANKNIFTY26JUN56100PE,0.00,0.00,0.00,5315.85,0.00,5315.85,56301.95,1746.80,0,0,0,0.00,0,F1,30,,,,,
2026-04-15,2026-04-15,FO,NSE,IDO,75599,,BANKNIFTY,,2026-06-30,2026-06-30,54900.00,PE,BANKNIFTY26JUN54900PE,0.00,0.00,0.00,4366.90,0.00,4366.90,56301.95,1262.40,0,0,0,0.00,0,F1,30,,,,,
2026-04-15,2026-04-15,FO,NSE,IDO,75570,,BANKNIFTY,,2026-06-30,2026-06-30,53500.00,PE,BANKNIFTY26JUN53500PE,800.00,856.45,742.00,834.80,834.80,1114.15,56301.95,824.80,2550,630,81,131945176.50,47,F1,30,,,,,
2026-04-15,2026-04-15,FO,NSE,IDO,75549,,BANKNIFTY,,2026-06-30,2026-06-30,53000.00,PE,BANKNIFTY26JUN53000PE,700.00,777.20,657.90,740.40,747.00,1003.85,56301.95,740.40,12240,2400,222,357686085.00,150,F1,30,,,,,
2026-04-15,2026-04-15,FO,NSE,IDO,75422,,BANKNIFTY,,2026-06-30,2026-06-30,51200.00,PE,BANKNIFTY26JUN51200PE,0.00,0.00,0.00,699.30,699.30,699.30,56301.95,356.35,900,0,0,0.00,0,F1,30,,,,,
2026-04-15,2026-04-15,FO,NSE,IDO,75273,,BANKNIFTY,,2026-06-30,2026-06-30,49100.00,PE,BANKNIFTY26JUN49100PE,0.00,0.00,0.00,1081.00,0.00,1081.00,56301.95,139.80,0,0,0,0.00,0,F1,30,,,,,
2026-04-15,2026-04-15,FO,NSE,IDO,68446,,BANKNIFTY,,2026-05-26,2026-05-26,68500.00,PE,BANKNIFTY26MAY68500PE,0.00,0.00,0.00,6575.80,0.00,6575.80,56301.95,11725.50,0,0,0,0.00,0,F1,30,,,,,
2026-04-15,2026-04-15,FO,NSE,IDO,68214,,BANKNIFTY,,2026-05-26,2026-05-26,65700.00,PE,BANKNIFTY26MAY65700PE,0.00,0.00,0.00,11045.75,11045.75,11045.75,56301.95,8971.55,600,0,0,0.00,0,F1,30,,,,,
2026-04-15,2026-04-15,FO,NSE,IDO,68176,,BANKNIFTY,,2026-05-26,2026-05-26,64800.00,PE,BANKNIFTY26MAY64800PE,0.00,0.00,0.00,11417.50,11417.50,11417.50,56301.95,8098.85,600,0,0,0.00,0,F1,30,,,,,
2026-04-15,2026-04-15,FO,NSE,IDO,68153,,BANKNIFTY,,2026-05-26,2026-05-26,64000.00,PE,BANKNIFTY26MAY64000PE,6740.00,7000.00,6740.00,7000.00,7000.00,7700.00,56301.95,7332.70,210,90,4,8508000.00,4,F1,30,,,,,
2026-04-15,2026-04-15,FO,NSE,IDO,68141,,BANKNIFTY,,2026-05-26,2026-05-26,63500.00,PE,BANKNIFTY26MAY63500PE,0.00,0.00,0.00,10151.40,10151.40,10151.40,56301.95,6860.00,60,0,0,0.00,0,F1,30,,,,,
2026-04-15,2026-04-15,FO,NSE,IDO,68077,,BANKNIFTY,,2026-05-26,2026-05-26,60800.00,PE,BANKNIFTY26MAY60800PE,0.00,0.00,0.00,8317.50,8317.50,8317.50,56301.95,4442.05,360,0,0,0.00,0,F1,30,,,,,
2026-04-15,2026-04-15,FO,NSE,IDO,67991,,BANKNIFTY,,2026-05-26,2026-05-26,59800.00,PE,BANKNIFTY26MAY59800PE,0.00,0.00,0.00,6455.25,6455.25,6455.25,56301.95,3634.10,60,0,0,0.00,0,F1,30,,,,,
2026-04-15,2026-04-15,FO,NSE,IDO,67812,,BANKNIFTY,,2026-05-26,2026-05-26,59600.00,PE,BANKNIFTY26MAY59600PE,3109.20,3109.20,3037.90,3057.50,3096.65,6300.40,56301.95,3057.50,510,180,8,15044835.00,6,F1,30,,,,,
2026-04-15,2026-04-15,FO,NSE,IDO,67809,,BANKNIFTY,,2026-05-26,2026-05-26,59500.00,PE,BANKNIFTY26MAY59500PE,2854.95,3095.00,2799.85,3028.35,3063.05,3618.55,56301.95,3028.35,8490,1950,141,264021397.50,75,F1,30,,,,,
2026-04-15,2026-04-15,FO,NSE,IDO,67757,,BANKNIFTY,,2026-05-26,2026-05-26,59100.00,PE,BANKNIFTY26MAY59100PE,2574.90,2740.80,2574.90,2689.60,2716.65,6107.90,56301.95,2689.60,540,210,9,16686946.50,6,F1,30,,,,,
2026-04-15,2026-04-15,FO,NSE,IDO,67187,,BANKNIFTY,,2026-05-26,2026-05-26,53500.00,PE,BANKNIFTY26MAY53500PE,493.05,567.10,447.10,536.95,554.85,835.85,56301.95,536.95,20190,-1080,1042,1687992231.00,723,F1,30,,,,,
2026-04-15,2026-04-15,FO,NSE,IDO,67176,,BANKNIFTY,,2026-05-26,2026-05-26,53300.00,PE,BANKNIFTY26MAY53300PE,457.50,501.80,422.10,471.55,471.55,715.95,56301.95,471.55,2400,1350,89,143521593.00,67,F1,30,,,,,
2026-04-15,2026-04-15,FO,NSE,IDO,66768,,BANKNIFTY,,2026-05-26,2026-05-26,51200.00,PE,BANKNIFTY26MAY51200PE,259.65,290.80,231.15,255.95,255.95,470.75,56301.95,255.95,1590,120,62,95709651.00,29,F1,30,,,,,
2026-04-15,2026-04-15,FO,NSE,IDO,66635,,BANKNIFTY,,2026-05-26,2026-05-26,48200.00,PE,BANKNIFTY26MAY48200PE,0.00,0.00,0.00,0.75,0.00,0.75,56301.95,15.45,0,0,0,0.00,0,F1,30,,,,,
2026-04-15,2026-04-15,FO,NSE,IDO,38314,,BANKNIFTY,,2026-05-26,2026-05-26,45700.00,PE,BANKNIFTY26MAY45700PE,0.00,0.00,0.00,0.05,0.00,0.05,56301.95,1.40,0,0,0,0.00,0,F1,30,,,,,
2026-04-15,2026-04-15,FO,NSE,IDO,38312,,BANKNIFTY,,2026-05-26,2026-05-26,45600.00,PE,BANKNIFTY26MAY45600PE,0.00,0.00,0.00,0.05,0.00,0.05,56301.95,1.25,0,0,0,0.00,0,F1,30,,,,,
2026-04-15,2026-04-15,FO,NSE,IDO,68185,,BANKNIFTY,,2026-04-28,2026-04-28,66100.00,PE,BANKNIFTY26APR66100PE,0.00,0.00,0.00,4274.25,4274.25,4274.25,56301.95,9661.45,60,0,0,0.00,0,F1,30,,,,,
2026-04-15,2026-04-15,FO,NSE,IDO,67984,,BANKNIFTY,,2026-04-28,2026-04-28,65300.00,PE,BANKNIFTY26APR65300PE,0.00,0.00,0.00,10938.50,10938.50,10938.50,56301.95,8863.15,30,0,0,0.00,0,F1,30,,,,,
2026-04-15,2026-04-15,FO,NSE,IDO,67928,,BANKNIFTY,,2026-04-28,2026-04-28,65000.00,PE,BANKNIFTY26APR65000PE,8300.00,8624.20,8270.00,8523.30,8574.85,9173.50,56301.95,8523.30,67560,4770,229,504835099.50,183,F1,30,,,,,
2026-04-15,2026-04-15,FO,NSE,IDO,67888,,BANKNIFTY,,2026-04-28,2026-04-28,64000.00,PE,BANKNIFTY26APR64000PE,7616.45,7616.50,7616.45,7616.50,7616.50,7900.00,56301.95,7566.40,10200,-30,2,4296988.50,2,F1,30,,,,,
2026-04-15,2026-04-15,FO,NSE,IDO,67861,,BANKNIFTY,,2026-04-28,2026-04-28,63200.00,PE,BANKNIFTY26APR63200PE,0.00,0.00,0.00,10493.30,10493.30,10493.30,56301.95,6769.25,60,0,0,0.00,0,F1,30,,,,,
2026-04-15,2026-04-15,FO,NSE,IDO,67796,,BANKNIFTY,,2026-04-28,2026-04-28,61800.00,PE,BANKNIFTY26APR61800PE,0.00,0.00,0.00,9160.00,9160.00,9160.00,56301.95,5380.40,750,0,0,0.00,0,F1,30,,,,,
2026-04-15,2026-04-15,FO,NSE,IDO,67772,,BANKNIFTY,,2026-04-28,2026-04-28,61300.00,PE,BANKNIFTY26APR61300PE,4792.00,4792.00,4792.00,4792.00,4792.00,9500.00,56301.95,4889.00,1500,0,1,1982760.00,1,F1,30,,,,,
2026-04-15,2026-04-15,FO,NSE,IDO,67711,,BANKNIFTY,,2026-04-28,2026-04-28,59800.00,PE,BANKNIFTY26APR59800PE,0.00,0.00,0.00,3822.60,3822.60,3822.60,56301.95,3453.70,2340,0,0,0.00,0,F1,30,,,,,
2026-04-15,2026-04-15,FO,NSE,IDO,67628,,BANKNIFTY,,2026-04-28,2026-04-28,58200.00,PE,BANKNIFTY26APR58200PE,1800.00,2047.95,1800.00,2021.90,2047.95,2650.00,56301.95,2021.90,2640,-120,40,72238645.50,18,F1,30,,,,,
2026-04-15,2026-04-15,FO,NSE,IDO,67605,,BANKNIFTY,,2026-04-28,2026-04-28,57900.00,PE,BANKNIFTY26APR57900PE,0.00,0.00,0.00,2072.35,2068.55,2072.35,56301.95,1842.50,3000,0,0,0.00,0,F1,30,,,,,
2026-04-15,2026-04-15,FO,NSE,IDO,67519,,BANKNIFTY,,2026-04-28,2026-04-28,55500.00,PE,BANKNIFTY26APR55500PE,647.95,670.50,409.90,580.85,595.00,990.30,56301.95,580.85,368460,73920,42471,71416567015.50,28002,F1,30,,,,,
2026-04-15,2026-04-15,FO,NSE,IDO,67435,,BANKNIFTY,,2026-04-28,2026-04-28,52000.00,PE,BANKNIFTY26APR52000PE,159.70,159.70,77.50,107.35,109.00,242.65,56301.95,107.35,636420,-22230,44394,69390051178.50,22554,F1,30,,,,,
2026-04-15,2026-04-15,FO,NSE,IDO,67417,,BANKNIFTY,,2026-04-28,2026-04-28,51100.00,PE,BANKNIFTY26APR51100PE,73.75,84.65,49.85,71.45,75.40,170.25,56301.95,71.45,20220,-3750,995,1527288381.00,531,F1,30,,,,,
2026-04-15,2026-04-15,FO,NSE,IDO,67341,,BANKNIFTY,,2026-04-28,2026-04-28,49400.00,PE,BANKNIFTY26APR49400PE,40.50,40.60,31.75,35.80,36.95,89.70,56301.95,35.80,10170,210,120,177969397.50,79,F1,30,,,,,
2026-04-15,2026-04-15,FO,NSE,IDO,67339,,BANKNIFTY,,2026-04-28,2026-04-28,49300.00,PE,BANKNIFTY26APR49300PE,34.60,39.10,30.00,34.00,33.75,88.15,56301.95,34.00,9300,-210,162,239763358.50,104,F1,30,,,,,
2026-04-15,2026-04-15,FO,NSE,IDO,67321,,BANKNIFTY,,2026-04-28,2026-04-28,49000.00,PE,BANKNIFTY26APR49000PE,57.10,60.00,27.30,29.95,28.90,77.05,56301.95,29.95,261750,-34410,22338,32857282545.00,9841,F1,30,,,,,
2026-04-15,2026-04-15,FO,NSE,IDO,67273,,BANKNIFTY,,2026-04-28,2026-04-28,47900.00,PE,BANKNIFTY26APR47900PE,50.30,50.30,17.30,19.20,17.55,50.30,56301.95,19.20,3540,690,1459,2097513967.50,609,F1,30,,,,,
2026-04-15,2026-04-15,FO,NSE,IDO,67218,,BANKNIFTY,,2026-04-28,2026-04-28,46100.00,PE,BANKNIFTY26APR46100PE,12.00,13.45,10.40,12.35,13.45,45.10,56301.95,12.35,450,420,16,22133838.00,6,F1,30,,,,,
2026-04-15,2026-04-15,FO,NSE,IDO,76394,,BANKNIFTY,,2027-03-30,2027-03-30,54000.00,CE,BANKNIFTY27MAR54000CE,0.00,0.00,0.00,3970.55,0.00,3970.55,56301.95,7699.55,0,0,0,0.00,0,F1,30,,,,,
2026-04-15,2026-04-15,FO,NSE,IDO,76386,,BANKNIFTY,,2027-03-30,2027-03-30,48000.00,CE,BANKNIFTY27MAR48000CE,0.00,0.00,0.00,7195.75,0.00,7195.75,56301.95,11889.00,0,0,0,0.00,0,F1,30,,,,,
2026-04-15,2026-04-15,FO,NSE,IDO,76384,,BANKNIFTY,,2027-03-30,2027-03-30,46500.00,CE,BANKNIFTY27MAR46500CE,0.00,0.00,0.00,8199.45,0.00,8199.45,56301.95,13082.80,0,0,0,0.00,0,F1,30,,,,,
2026-04-15,2026-04-15,FO,NSE,IDO,53235,,BANKNIFTY,,2026-12-29,2026-12-29,58500.00,CE,BANKNIFTY26DEC58500CE,0.00,0.00,0.00,5992.15,0.00,5992.15,56301.95,4196.65,0,0,0,0.00,0,F1,30,,,,,
2026-04-15,2026-04-15,FO,NSE,IDO,52420,,BANKNIFTY,,2026-09-29,2026-09-29,66000.00,CE,BANKNIFTY26SEP66000CE,0.00,0.00,0.00,1369.25,0.00,1369.25,56301.95,877.30,0,0,0,0.00,0,F1,30,,,,,
2026-04-15,2026-04-15,FO,NSE,IDO,52358,,BANKNIFTY,,2026-09-29,2026-09-29,58500.00,CE,BANKNIFTY26SEP58500CE,0.00,0.00,0.00,3610.45,0.00,3610.45,56301.95,3002.05,0,0,0,0.00,0,F1,30,,,,,
2026-04-15,2026-04-15,FO,NSE,IDO,52280,,BANKNIFTY,,2026-09-29,2026-09-29,49500.00,CE,BANKNIFTY26SEP49500CE,0.00,0.00,0.00,8922.65,0.00,8922.65,56301.95,8729.70,0,0,0,0.00,0,F1,30,,,,,
2026-04-15,2026-04-15,FO,NSE,IDO,57778,,BANKNIFTY,,2026-06-30,2026-06-30,66000.00,CE,BANKNIFTY26JUN66000CE,0.00,0.00,0.00,2623.65,0.00,2623.65,56301.95,177.60,0,0,0,0.00,0,F1,30,,,,,
2026-04-15,2026-04-15,FO,NSE,IDO,57770,,BANKNIFTY,,2026-06-30,2026-06-30,64500.00,CE,BANKNIFTY26JUN64500CE,0.00,0.00,0.00,3082.35,0.00,3082.35,56301.95,293.00,0,0,0,0.00,0,F1,30,,,,,
2026-04-15,2026-04-15,FO,NSE,IDO,75834,,BANKNIFTY,,2026-06-30,2026-06-30,60400.00,CE,BANKNIFTY26JUN60400CE,0.00,0.00,0.00,104.75,0.00,104.75,56301.95,978.40,0,0,0,0.00,0,F1,30,,,,,
2026-04-15,2026-04-15,FO,NSE,IDO,75759,,BANKNIFTY,,2026-06-30,2026-06-30,58400.00,CE,BANKNIFTY26JUN58400CE,0.00,0.00,0.00,224.40,0.00,224.40,56301.95,1614.95,0,0,0,0.00,0,F1,30,,,,,
2026-04-15,2026-04-15,FO,NSE,IDO,75733,,BANKNIFTY,,2026-06-30,2026-06-30,57800.00,CE,BANKNIFTY26JUN57800CE,0.00,0.00,0.00,278.45,0.00,278.45,56301.95,1855.50,0,0,0,0.00,0,F1,30,,,,,
2026-04-15,2026-04-15,FO,NSE,IDO,57746,,BANKNIFTY,,2026-06-30,2026-06-30,57000.00,CE,BANKNIFTY26JUN57000CE,1980.00,2179.80,1844.40,1904.15,1886.65,1699.10,56301.95,1904.15,19770,5070,480,848987292.00,342,F1,30,,,,,
2026-04-15,2026-04-15,FO,NSE,IDO,75604,,BANKNIFTY,,2026-06-30,2026-06-30,55200.00,CE,BANKNIFTY26JUN55200CE,0.00,0.00,0.00,1364.50,1364.50,1364.50,56301.95,3188.55,120,0,0,0.00,0,F1,30,,,,,
2026-04-15,2026-04-15,FO,NSE,IDO,57719,,BANKNIFTY,,2026-06-30,2026-06-30,54000.00,CE,BANKNIFTY26JUN54000CE,4088.00,4200.70,3800.00,3958.00,3958.00,3551.70,56301.95,3963.55,20400,-240,28,48747703.50,25,F1,30,,,,,
2026-04-15,2026-04-15,FO,NSE,IDO,75575,,BANKNIFTY,,2026-06-30,2026-06-30,53800.00,CE,BANKNIFTY26JUN53800CE,0.00,0.00,0.00,999.60,0.00,999.60,56301.95,4102.10,0,0,0,0.00,0,F1,30,,,,,
2026-04-15,2026-04-15,FO,NSE,IDO,75428,,BANKNIFTY,,2026-06-30,2026-06-30,51400.00,CE,BANKNIFTY26JUN51400CE,0.00,0.00,0.00,2748.20,2748.20,2748.20,56301.95,5951.50,240,0,0,0.00,0,F1,30,,,,,
2026-04-15,2026-04-15,FO,NSE,IDO,75417,,BANKNIFTY,,2026-06-30,2026-06-30,50900.00,CE,BANKNIFTY26JUN50900CE,0.00,0.00,0.00,5868.85,5868.85,5868.85,56301.95,6374.10,480,0,0,0.00,0,F1,30,,,,,
2026-04-15,2026-04-15,FO,NSE,IDO,75288,,BANKNIFTY,,2026-06-30,2026-06-30,50000.00,CE,BANKNIFTY26JUN50000CE,7500.00,7500.00,7191.00,7200.00,7200.00,6539.30,56301.95,7160.80,7350,0,7,12037710.00,6,F1,30,,,,,
2026-04-15,2026-04-15,FO,NSE,IDO,75249,,BANKNIFTY,,2026-06-30,2026-06-30,48400.00,CE,BANKNIFTY26JUN48400CE,0.00,0.00,0.00,3597.90,0.00,3597.90,56301.95,8624.90,0,0,0,0.00,0,F1,30,,,,,
2026-04-15,2026-04-15,FO,NSE,IDO,75187,,BANKNIFTY,,2026-06-30,2026-06-30,47500.00,CE,BANKNIFTY26JUN47500CE,0.00,0.00,0.00,4244.15,0.00,4244.15,56301.95,9475.40,0,0,0,0.00,0,F1,30,,,,,
2026-04-15,2026-04-15,FO,NSE,IDO,75185,,BANKNIFTY,,2026-06-30,2026-06-30,47400.00,CE,BANKNIFTY26JUN47400CE,0.00,0.00,0.00,4319.20,0.00,4319.20,56301.95,9570.75,0,0,0,0.00,0,F1,30,,,,,
2026-04-15,2026-04-15,FO,NSE,IDO,75075,,BANKNIFTY,,2026-06-30,2026-06-30,45700.00,CE,BANKNIFTY26JUN45700CE,0.00,0.00,0.00,5685.65,0.00,5685.65,56301.95,11211.95,0,0,0,0.00,0,F1,30,,,,,
2026-04-15,2026-04-15,FO,NSE,IDO,75071,,BANKNIFTY,,2026-06-30,2026-06-30,45500.00,CE,BANKNIFTY26JUN45500CE,0.00,0.00,0.00,5856.35,0.00,5856.35,56301.95,11406.90,0,0,0,0.00,0,F1,30,,,,,
2026-04-15,2026-04-15,FO,NSE,IDO,68213,,BANKNIFTY,,2026-05-26,2026-05-26,65700.00,CE,BANKNIFTY26MAY65700CE,0.00,0.00,0.00,49.95,49.95,49.95,56301.95,32.40,0,0,0,0.00,0,F1,30,,,,,
2026-04-15,2026-04-15,FO,NSE,IDO,68144,,BANKNIFTY,,2026-05-26,2026-05-26,63700.00,CE,BANKNIFTY26MAY63700CE,0.00,0.00,0.00,107.00,107.00,107.00,56301.95,95.30,270,0,0,0.00,0,F1,30,,,,,
2026-04-15,2026-04-15,FO,NSE,IDO,68140,,BANKNIFTY,,2026-05-26,2026-05-26,63500.00,CE,BANKNIFTY26MAY63500CE,37.00,42.10,31.00,33.00,33.00,35.70,56301.95,33.00,1620,330,48,91494532.50,31,F1,30,,,,,
2026-04-15,2026-04-15,FO,NSE,IDO,68130,,BANKNIFTY,,2026-05-26,2026-05-26,63000.00,CE,BANKNIFTY26MAY63000CE,49.00,57.10,39.50,40.50,39.50,42.25,56301.95,40.50,52770,2250,1320,2496634941.00,749,F1,30,,,,,
2026-04-15,2026-04-15,FO,NSE,IDO,68048,,BANKNIFTY,,2026-05-26,2026-05-26,60500.00,CE,BANKNIFTY26MAY60500CE,180.40,193.65,140.40,149.75,152.35,130.30,56301.95,149.75,34710,14910,1367,2487909559.50,794,F1,30,,,,,
2026-04-15,2026-04-15,FO,NSE,IDO,67752,,BANKNIFTY,,2026-05-26,2026-05-26,59100.00,CE,BANKNIFTY26MAY59100CE,412.05,456.45,398.60,403.65,406.40,345.35,56301.95,403.65,3180,-120,161,287515819.50,95,F1,30,,,,,
2026-04-15,2026-04-15,FO,NSE,IDO,67602,,BANKNIFTY,,2026-05-26,2026-05-26,58000.00,CE,BANKNIFTY26MAY58000CE,808.80,997.05,750.00,796.25,775.00,668.50,56301.95,796.25,149940,23700,6821,12039912484.50,3860,F1,30,,,,,
2026-04-15,2026-04-15,FO,NSE,IDO,67292,,BANKNIFTY,,2026-05-26,2026-05-26,56100.00,CE,BANKNIFTY26MAY56100CE,1925.00,2104.55,1746.60,1830.40,1816.85,1594.75,56301.95,1830.40,6510,360,127,220743396.00,127,F1,30,,,,,
2026-04-15,2026-04-15,FO,NSE,IDO,67497,,BANKNIFTY,,2026-04-28,2026-04-28,55000.00,PE,BANKNIFTY26APR55000PE,495.85,527.45,320.20,451.95,464.00,813.45,56301.95,451.95,750330,56010,61329,101988589446.00,39129,F1,30,,,,,
2026-04-15,2026-04-15,FO,NSE,IDO,67469,,BANKNIFTY,,2026-04-28,2026-04-28,53700.00,PE,BANKNIFTY26APR53700PE,399.45,399.45,161.15,238.85,245.30,488.35,56301.95,238.85,21210,-8940,3033,4905893790.00,1919,F1,30,,,,,
2026-04-15,2026-04-15,FO,NSE,IDO,67461,,BANKNIFTY,,2026-04-28,2026-04-28,53300.00,PE,BANKNIFTY26APR53300PE,333.00,333.00,132.70,198.05,203.10,410.45,56301.95,198.05,26700,150,1872,3003674689.50,1361,F1,30,,,,,
2026-04-15,2026-04-15,FO,NSE,IDO,67449,,BANKNIFTY,,2026-04-28,2026-04-28,52700.00,PE,BANKNIFTY26APR52700PE,129.30,175.70,103.50,149.10,154.10,324.10,56301.95,149.10,66630,-2370,1722,2729610496.50,1137,F1,30,,,,,
2026-04-15,2026-04-15,FO,NSE,IDO,67409,,BANKNIFTY,,2026-04-28,2026-04-28,50700.00,PE,BANKNIFTY26APR50700PE,58.95,73.35,46.45,60.50,59.45,144.60,56301.95,60.50,23850,7560,987,1502927973.00,408,F1,30,,,,,
2026-04-15,2026-04-15,FO,NSE,IDO,67269,,BANKNIFTY,,2026-05-26,2026-05-26,55300.00,CE,BANKNIFTY26MAY55300CE,2576.40,2620.65,2399.50,2421.95,2421.95,2092.95,56301.95,2383.15,3270,-330,14,24276438.00,14,F1,30,,,,,
2026-04-15,2026-04-15,FO,NSE,IDO,67250,,BANKNIFTY,,2026-05-26,2026-05-26,54700.00,CE,BANKNIFTY26MAY54700CE,3000.00,3020.95,2921.40,2921.40,2921.40,2471.45,56301.95,2770.75,2640,-120,5,8654527.50,3,F1,30,,,,,
2026-04-15,2026-04-15,FO,NSE,IDO,67200,,BANKNIFTY,,2026-05-26,2026-05-26,54000.00,CE,BANKNIFTY26MAY54000CE,3499.00,3684.05,3200.00,3324.20,3325.95,2968.00,56301.95,3324.20,32940,120,208,357945046.50,122,F1,30,,,,,
2026-04-15,2026-04-15,FO,NSE,IDO,67198,,BANKNIFTY,,2026-05-26,2026-05-26,53900.00,CE,BANKNIFTY26MAY53900CE,3630.95,3630.95,3387.70,3387.70,3387.70,3112.60,56301.95,3338.55,870,-150,10,17218668.00,10,F1,30,,,,,
2026-04-15,2026-04-15,FO,NSE,IDO,67118,,BANKNIFTY,,2026-05-26,2026-05-26,53200.00,CE,BANKNIFTY26MAY53200CE,4220.20,4220.20,3909.95,3976.40,3976.40,3222.60,56301.95,3976.40,780,-60,11,18884406.00,11,F1,30,,,,,
2026-04-15,2026-04-15,FO,NSE,IDO,67089,,BANKNIFTY,,2026-05-26,2026-05-26,52600.00,CE,BANKNIFTY26MAY52600CE,4474.80,4490.45,4409.25,4409.25,4409.25,4165.75,56301.95,4368.45,540,-120,4,6847948.50,4,F1,30,,,,,
2026-04-15,2026-04-15,FO,NSE,IDO,66775,,BANKNIFTY,,2026-05-26,2026-05-26,51600.00,CE,BANKNIFTY26MAY51600CE,0.00,0.00,0.00,4361.95,4361.95,4361.95,56301.95,5234.55,360,0,0,0.00,0,F1,30,,,,,
2026-04-15,2026-04-15,FO,NSE,IDO,66750,,BANKNIFTY,,2026-05-26,2026-05-26,50500.00,CE,BANKNIFTY26MAY50500CE,6421.85,6450.00,6263.45,6378.45,6263.45,5857.20,56301.95,6378.45,1170,-90,3,5119059.00,3,F1,30,,,,,
2026-04-15,2026-04-15,FO,NSE,IDO,66615,,BANKNIFTY,,2026-05-26,2026-05-26,48100.00,CE,BANKNIFTY26MAY48100CE,0.00,0.00,0.00,13740.05,0.00,13740.05,56301.95,8552.10,0,0,0,0.00,0,F1,30,,,,,
2026-04-15,2026-04-15,FO,NSE,IDO,66611,,BANKNIFTY,,2026-05-26,2026-05-26,47900.00,CE,BANKNIFTY26MAY47900CE,0.00,0.00,0.00,13936.65,0.00,13936.65,56301.95,8748.45,0,0,0,0.00,0,F1,30,,,,,
2026-04-15,2026-04-15,FO,NSE,IDO,38319,,BANKNIFTY,,2026-05-26,2026-05-26,45900.00,CE,BANKNIFTY26MAY45900CE,0.00,0.00,0.00,15352.25,0.00,15352.25,56301.95,10724.30,0,0,0,0.00,0,F1,30,,,,,
2026-04-15,2026-04-15,FO,NSE,IDO,68296,,BANKNIFTY,,2026-04-28,2026-04-28,68000.00,CE,BANKNIFTY26APR68000CE,2.50,2.95,2.00,2.20,2.05,2.10,56301.95,2.20,47190,-13530,1067,2176757845.50,439,F1,30,,,,,
2026-04-15,2026-04-15,FO,NSE,IDO,67407,,BANKNIFTY,,2026-04-28,2026-04-28,50600.00,PE,BANKNIFTY26APR50600PE,58.10,64.65,43.25,59.15,59.15,140.85,56301.95,59.15,20760,-2070,953,1448300056.50,453,F1,30,,,,,
2026-04-15,2026-04-15,FO,NSE,IDO,76426,,BANKNIFTY,,2027-03-30,2027-03-30,63000.00,PE,BANKNIFTY27MAR63000PE,0.00,0.00,0.00,9669.30,0.00,9669.30,56301.95,6503.40,0,0,0,0.00,0,F1,30,,,,,
2026-04-15,2026-04-15,FO,NSE,IDO,76385,,BANKNIFTY,,2027-03-30,2027-03-30,46500.00,PE,BANKNIFTY27MAR46500PE,0.00,0.00,0.00,1180.70,0.00,1180.70,56301.95,587.60,0,0,0,0.00,0,F1,30,,,,,
2026-04-15,2026-04-15,FO,NSE,IDO,53219,,BANKNIFTY,,2026-12-29,2026-12-29,49500.00,PE,BANKNIFTY26DEC49500PE,0.00,0.00,0.00,232.05,0.00,232.05,56301.95,837.95,0,0,0,0.00,0,F1,30,,,,,
2026-04-15,2026-04-15,FO,NSE,IDO,53197,,BANKNIFTY,,2026-12-29,2026-12-29,43500.00,PE,BANKNIFTY26DEC43500PE,0.00,0.00,0.00,25.15,0.00,25.15,56301.95,169.55,0,0,0,0.00,0,F1,30,,,,,
2026-04-15,2026-04-15,FO,NSE,IDO,52440,,BANKNIFTY,,2026-09-29,2026-09-29,69000.00,PE,BANKNIFTY26SEP69000PE,0.00,0.00,0.00,11161.45,0.00,11161.45,56301.95,11251.00,0,0,0,0.00,0,F1,30,,,,,
2026-04-15,2026-04-15,FO,NSE,IDO,52413,,BANKNIFTY,,2026-09-29,2026-09-29,64500.00,PE,BANKNIFTY26SEP64500PE,0.00,0.00,0.00,7730.90,0.00,7730.90,56301.95,7531.30,0,0,0,0.00,0,F1,30,,,,,
2026-04-15,2026-04-15,FO,NSE,IDO,52269,,BANKNIFTY,,2026-09-29,2026-09-29,45000.00,PE,BANKNIFTY26SEP45000PE,0.00,0.00,0.00,267.15,0.00,267.15,56301.95,119.10,0,0,0,0.00,0,F1,30,,,,,
2026-04-15,2026-04-15,FO,NSE,IDO,57779,,BANKNIFTY,,2026-06-30,2026-06-30,66000.00,PE,BANKNIFTY26JUN66000PE,0.00,0.00,0.00,13336.45,13336.10,13336.45,56301.95,9023.65,1740,0,0,0.00,0,F1,30,,,,,
2026-04-15,2026-04-15,FO,NSE,IDO,75908,,BANKNIFTY,,2026-06-30,2026-06-30,62500.00,PE,BANKNIFTY26JUN62500PE,0.00,0.00,0.00,11149.05,0.00,11149.05,56301.95,5935.20,0,0,0,0.00,0,F1,30,,,,,
2026-04-15,2026-04-15,FO,NSE,IDO,75898,,BANKNIFTY,,2026-06-30,2026-06-30,62000.00,PE,BANKNIFTY26JUN62000PE,0.00,0.00,0.00,10668.40,0.00,10668.40,56301.95,5527.00,0,0,0,0.00,0,F1,30,,,,,
2026-04-15,2026-04-15,FO,NSE,IDO,75818,,BANKNIFTY,,2026-06-30,2026-06-30,59600.00,PE,BANKNIFTY26JUN59600PE,0.00,0.00,0.00,8400.20,0.00,8400.20,56301.95,3732.70,0,0,0,0.00,0,F1,30,,,,,
2026-04-15,2026-04-15,FO,NSE,IDO,75801,,BANKNIFTY,,2026-06-30,2026-06-30,59000.00,PE,BANKNIFTY26JUN59000PE,0.00,0.00,0.00,7847.55,0.00,7847.55,56301.95,3334.55,0,0,0,0.00,0,F1,30,,,,,
2026-04-15,2026-04-15,FO,NSE,IDO,75591,,BANKNIFTY,,2026-06-30,2026-06-30,54500.00,PE,BANKNIFTY26JUN54500PE,1000.00,1092.45,934.35,1034.05,1066.00,1398.45,56301.95,1034.05,2640,2010,164,273128949.00,73,F1,30,,,,,
2026-04-15,2026-04-15,FO,NSE,IDO,75587,,BANKNIFTY,,2026-06-30,2026-06-30,54300.00,PE,BANKNIFTY26JUN54300PE,0.00,0.00,0.00,3916.85,0.00,3916.85,56301.95,1057.80,0,0,0,0.00,0,F1,30,,,,,
2026-04-15,2026-04-15,FO,NSE,IDO,75585,,BANKNIFTY,,2026-06-30,2026-06-30,54200.00,PE,BANKNIFTY26JUN54200PE,0.00,0.00,0.00,1515.25,1515.25,1515.25,56301.95,1026.05,330,0,0,0.00,0,F1,30,,,,,
2026-04-15,2026-04-15,FO,NSE,IDO,75579,,BANKNIFTY,,2026-06-30,2026-06-30,53800.00,PE,BANKNIFTY26JUN53800PE,0.00,0.00,0.00,3560.50,0.00,3560.50,56301.95,905.65,0,0,0,0.00,0,F1,30,,,,,
2026-04-15,2026-04-15,FO,NSE,IDO,75443,,BANKNIFTY,,2026-06-30,2026-06-30,51800.00,PE,BANKNIFTY26JUN51800PE,546.60,599.15,516.20,554.30,554.30,918.20,56301.95,451.15,2400,-150,69,108360018.00,57,F1,30,,,,,
2026-04-15,2026-04-15,FO,NSE,IDO,75244,,BANKNIFTY,,2026-06-30,2026-06-30,48100.00,PE,BANKNIFTY26JUN48100PE,0.00,0.00,0.00,772.05,0.00,772.05,56301.95,83.80,0,0,0,0.00,0,F1,30,,,,,
2026-04-15,2026-04-15,FO,NSE,IDO,75191,,BANKNIFTY,,2026-06-30,2026-06-30,47600.00,PE,BANKNIFTY26JUN47600PE,0.00,0.00,0.00,641.70,0.00,641.70,56301.95,63.75,0,0,0,0.00,0,F1,30,,,,,
2026-04-15,2026-04-15,FO,NSE,IDO,75171,,BANKNIFTY,,2026-06-30,2026-06-30,46800.00,PE,BANKNIFTY26JUN46800PE,0.00,0.00,0.00,469.10,0.00,469.10,56301.95,40.10,0,0,0,0.00,0,F1,30,,,,,
2026-04-15,2026-04-15,FO,NSE,IDO,75107,,BANKNIFTY,,2026-06-30,2026-06-30,45900.00,PE,BANKNIFTY26JUN45900PE,0.00,0.00,0.00,319.25,0.00,319.25,56301.95,22.90,0,0,0,0.00,0,F1,30,,,,,
2026-04-15,2026-04-15,FO,NSE,IDO,68266,,BANKNIFTY,,2026-05-26,2026-05-26,67000.00,PE,BANKNIFTY26MAY67000PE,0.00,0.00,0.00,5284.50,0.00,5284.50,56301.95,10245.15,0,0,0,0.00,0,F1,30,,,,,
2026-04-15,2026-04-15,FO,NSE,IDO,67860,,BANKNIFTY,,2026-04-28,2026-04-28,63200.00,CE,BANKNIFTY26APR63200CE,11.50,11.50,6.70,7.45,7.75,9.95,56301.95,7.45,3540,-60,50,94811977.50,33,F1,30,,,,,
2026-04-15,2026-04-15,FO,NSE,IDO,67793,,BANKNIFTY,,2026-04-28,2026-04-28,61800.00,CE,BANKNIFTY26APR61800CE,17.00,18.80,13.10,13.45,13.50,16.05,56301.95,13.45,12450,420,547,1014391405.50,281,F1,30,,,,,
2026-04-15,2026-04-15,FO,NSE,IDO,67728,,BANKNIFTY,,2026-04-28,2026-04-28,60700.00,CE,BANKNIFTY26APR60700CE,38.00,38.00,23.65,25.00,26.20,27.85,56301.95,25.00,15360,2070,529,963779031.00,352,F1,30,,,,,
2026-04-15,2026-04-15,FO,NSE,IDO,67702,,BANKNIFTY,,2026-04-28,2026-04-28,59400.00,CE,BANKNIFTY26APR59400CE,110.00,111.60,68.80,73.65,72.90,64.05,56301.95,73.65,23340,-8550,3106,5542778565.00,2125,F1,30,,,,,
2026-04-15,2026-04-15,FO,NSE,IDO,67454,,BANKNIFTY,,2026-04-28,2026-04-28,53000.00,CE,BANKNIFTY26APR53000CE,3941.95,4083.75,3420.00,3560.05,3529.85,3070.60,56301.95,3560.05,341940,-11910,2646,4504503499.50,2053,F1,30,,,,,
2026-04-15,2026-04-15,FO,NSE,IDO,67399,,BANKNIFTY,,2026-04-28,2026-04-28,50200.00,PE,BANKNIFTY26APR50200PE,47.65,58.50,40.25,49.25,48.40,121.00,56301.95,49.25,57630,930,899,1355198632.50,428,F1,30,,,,,
2026-04-15,2026-04-15,FO,NSE,IDO,67308,,BANKNIFTY,,2026-04-28,2026-04-28,48600.00,PE,BANKNIFTY26APR48600PE,31.00,31.45,24.60,25.95,25.25,65.55,56301.95,25.95,7230,360,280,408465034.50,182,F1,30,,,,,
2026-04-15,2026-04-15,FO,NSE,IDO,67271,,BANKNIFTY,,2026-04-28,2026-04-28,47800.00,PE,BANKNIFTY26APR47800PE,22.20,23.20,16.40,18.05,18.30,49.25,56301.95,18.05,7470,1560,949,1361441130.00,404,F1,30,,,,,
2026-04-15,2026-04-15,FO,NSE,IDO,67232,,BANKNIFTY,,2026-04-28,2026-04-28,46600.00,PE,BANKNIFTY26APR46600PE,13.00,16.60,10.55,13.60,10.55,0.55,56301.95,13.60,150,150,26,36358228.50,20,F1,30,,,,,
2026-04-15,2026-04-15,FO,NSE,IDO,67135,,BANKNIFTY,,2026-04-28,2026-04-28,44000.00,PE,BANKNIFTY26APR44000PE,13.10,14.00,6.00,6.80,6.95,13.10,56301.95,6.80,215670,-4980,5845,7716664398.00,2455,F1,30,,,,,
2026-04-15,2026-04-15,FO,NSE,IDO,75853,,BANKNIFTY,,2026-06-30,2026-06-30,61100.00,CE,BANKNIFTY26JUN61100CE,0.00,0.00,0.00,79.00,0.00,79.00,56301.95,812.95,0,0,0,0.00,0,F1,30,,,,,
2026-04-15,2026-04-15,FO,NSE,IDO,75849,,BANKNIFTY,,2026-06-30,2026-06-30,61000.00,CE,BANKNIFTY26JUN61000CE,0.00,0.00,0.00,82.30,0.00,82.30,56301.95,835.35,0,0,0,0.00,0,F1,30,,,,,
2026-04-15,2026-04-15,FO,NSE,IDO,67276,,BANKNIFTY,,2026-04-28,2026-04-28,48100.00,CE,BANKNIFTY26APR48100CE,0.00,0.00,0.00,3802.50,3802.50,3802.50,56301.95,8301.40,870,0,0,0.00,0,F1,30,,,,,
2026-04-15,2026-04-15,FO,NSE,IDO,67274,,BANKNIFTY,,2026-04-28,2026-04-28,48000.00,CE,BANKNIFTY26APR48000CE,8894.80,8894.80,8306.65,8372.75,8371.40,7738.55,56301.95,8372.75,30360,-1530,90,152551495.50,79,F1,30,,,,,
2026-04-15,2026-04-15,FO,NSE,IDO,67272,,BANKNIFTY,,2026-04-28,2026-04-28,47900.00,CE,BANKNIFTY26APR47900CE,0.00,0.00,0.00,3551.10,3551.10,3551.10,56301.95,8501.00,600,0,0,0.00,0,F1,30,,,,,
2026-04-15,2026-04-15,FO,NSE,IDO,67221,,BANKNIFTY,,2026-04-28,2026-04-28,46300.00,CE,BANKNIFTY26APR46300CE,0.00,0.00,0.00,13614.90,0.00,13614.90,56301.95,10097.70,0,0,0,0.00,0,F1,30,,,,,
2026-04-15,2026-04-15,FO,NSE,IDO,67173,,BANKNIFTY,,2026-04-28,2026-04-28,45800.00,CE,BANKNIFTY26APR45800CE,0.00,0.00,0.00,14107.10,0.00,14107.10,56301.95,10596.65,0,0,0,0.00,0,F1,30,,,,,
2026-04-15,2026-04-15,FO,NSE,IDF,66688,,BANKNIFTY,,2026-04-28,2026-04-28,,,BANKNIFTY26APRFUT,56784.00,56995.00,56247.00,56418.80,56380.00,55736.80,56301.95,56418.80,2135250,81330,27110,46008806934.00,18991,F1,30,,,,,
2026-04-15,2026-04-15,FO,NSE,IDO,67539,,BANKNIFTY,,2026-04-28,2026-04-28,56500.00,PE,BANKNIFTY26APR56500PE,930.60,1080.40,686.20,932.75,967.10,1454.05,56301.95,932.75,338070,253170,81283,139988472009.00,59673,F1,30,,,,,
2026-04-15,2026-04-15,FO,NSE,IDO,67295,,BANKNIFTY,,2026-05-26,2026-05-26,56200.00,PE,BANKNIFTY26MAY56200PE,1086.05,1300.00,1086.05,1240.10,1243.25,1699.05,56301.95,1240.10,6090,2040,122,210262065.00,101,F1,30,,,,,
2026-04-15,2026-04-15,FO,NSE,IDO,67268,,BANKNIFTY,,2026-05-26,2026-05-26,55200.00,PE,BANKNIFTY26MAY55200PE,800.00,925.75,775.30,921.55,925.00,1300.00,56301.95,921.55,2970,-180,118,198431185.50,76,F1,30,,,,,
2026-04-15,2026-04-15,FO,NSE,IDO,53225,,BANKNIFTY,,2026-12-29,2026-12-29,54000.00,PE,BANKNIFTY26DEC54000PE,0.00,0.00,0.00,766.95,0.00,766.95,56301.95,1991.20,0,0,0,0.00,0,F1,30,,,,,
2026-04-15,2026-04-15,FO,NSE,IDO,53223,,BANKNIFTY,,2026-12-29,2026-12-29,52500.00,PE,BANKNIFTY26DEC52500PE,0.00,0.00,0.00,534.05,0.00,534.05,56301.95,1532.55,0,0,0,0.00,0,F1,30,,,,,
2026-04-15,2026-04-15,FO,NSE,IDO,40394,,BANKNIFTY,,2026-05-26,2026-05-26,45300.00,CE,BANKNIFTY26MAY45300CE,0.00,0.00,0.00,15239.00,0.00,15239.00,56301.95,11319.25,0,0,0,0.00,0,F1,30,,,,,
2026-04-15,2026-04-15,FO,NSE,IDO,67635,,BANKNIFTY,,2026-04-28,2026-04-28,58600.00,CE,BANKNIFTY26APR58600CE,214.80,215.15,145.30,155.05,153.55,127.10,56301.95,155.05,44460,-3870,6475,11416288656.00,4077,F1,30,,,,,
2026-04-15,2026-04-15,FO,NSE,IDO,67633,,BANKNIFTY,,2026-04-28,2026-04-28,58500.00,CE,BANKNIFTY26APR58500CE,200.00,260.40,159.55,168.75,166.45,140.20,56301.95,168.75,317760,33990,41452,72986714610.00,24690,F1,30,,,,,
2026-04-15,2026-04-15,FO,NSE,IDO,67541,,BANKNIFTY,,2026-04-28,2026-04-28,56600.00,PE,BANKNIFTY26APR56600PE,760.30,1130.30,723.30,994.60,1020.00,1509.75,56301.95,994.60,60450,49440,25064,43260068680.50,16470,F1,30,,,,,
2026-04-15,2026-04-15,FO,NSE,IDO,67427,,BANKNIFTY,,2026-04-28,2026-04-28,51600.00,PE,BANKNIFTY26APR51600PE,106.60,107.05,65.25,91.30,90.00,207.15,56301.95,91.30,45240,-5460,1783,2764576843.50,864,F1,30,,,,,
2026-04-15,2026-04-15,FO,NSE,IDO,67403,,BANKNIFTY,,2026-04-28,2026-04-28,50400.00,PE,BANKNIFTY26APR50400PE,80.00,80.00,42.65,51.30,50.90,130.15,56301.95,51.30,37920,1110,878,1328901973.50,376,F1,30,,,,,
2026-04-15,2026-04-15,FO,NSE,IDO,67331,,BANKNIFTY,,2026-04-28,2026-04-28,49100.00,PE,BANKNIFTY26APR49100PE,34.60,38.75,28.80,31.55,30.25,80.05,56301.95,31.55,13290,660,256,377337429.00,174,F1,30,,,,,
2026-04-15,2026-04-15,FO,NSE,IDO,67253,,BANKNIFTY,,2026-04-28,2026-04-28,47500.00,PE,BANKNIFTY26APR47500PE,34.85,34.85,15.75,17.10,17.20,42.35,56301.95,17.10,81000,-25140,10528,15008040586.50,6079,F1,30,,,,,
2026-04-15,2026-04-15,FO,NSE,IDO,67248,,BANKNIFTY,,2026-04-28,2026-04-28,47400.00,PE,BANKNIFTY26APR47400PE,20.05,20.05,14.60,16.25,16.55,1.25,56301.95,16.25,1050,1050,508,722644464.00,174,F1,30,,,,,
2026-04-15,2026-04-15,FO,NSE,IDO,67131,,BANKNIFTY,,2026-04-28,2026-04-28,43000.00,PE,BANKNIFTY26APR43000PE,9.40,9.50,3.30,4.75,4.80,9.40,56301.95,4.75,111450,-9690,4093,5280615739.50,1710,F1,30,,,,,
2026-04-15,2026-04-15,FO,NSE,IDO,68230,,BANKNIFTY,,2026-05-26,2026-05-26,66200.00,PE,BANKNIFTY26MAY66200PE,0.00,0.00,0.00,10450.45,10450.45,10450.45,56301.95,9459.95,600,0,0,0.00,0,F1,30,,,,,
2026-04-15,2026-04-15,FO,NSE,IDO,57642,,BANKNIFTY,,2026-06-30,2026-06-30,43500.00,PE,BANKNIFTY26JUN43500PE,0.00,0.00,0.00,165.75,0.00,165.75,56301.95,4.10,0,0,0,0.00,0,F1,30,,,,,
2026-04-15,2026-04-15,FO,NSE,IDO,75113,,BANKNIFTY,,2026-06-30,2026-06-30,46100.00,PE,BANKNIFTY26JUN46100PE,0.00,0.00,0.00,348.85,0.00,348.85,56301.95,26.00,0,0,0,0.00,0,F1,30,,,,,
2026-04-15,2026-04-15,FO,NSE,IDO,75165,,BANKNIFTY,,2026-06-30,2026-06-30,46400.00,PE,BANKNIFTY26JUN46400PE,0.00,0.00,0.00,397.10,0.00,397.10,56301.95,31.40,0,0,0,0.00,0,F1,30,,,,,
2026-04-15,2026-04-15,FO,NSE,IDO,75169,,BANKNIFTY,,2026-06-30,2026-06-30,46700.00,PE,BANKNIFTY26JUN46700PE,0.00,0.00,0.00,450.25,0.00,450.25,56301.95,37.75,0,0,0,0.00,0,F1,30,,,,,
2026-04-15,2026-04-15,FO,NSE,IDO,75182,,BANKNIFTY,,2026-06-30,2026-06-30,47200.00,PE,BANKNIFTY26JUN47200PE,0.00,0.00,0.00,550.45,0.00,550.45,56301.95,50.75,0,0,0,0.00,0,F1,30,,,,,
2026-04-15,2026-04-15,FO,NSE,IDO,75431,,BANKNIFTY,,2026-06-30,2026-06-30,51500.00,PE,BANKNIFTY26JUN51500PE,509.45,541.75,474.30,530.70,536.10,748.95,56301.95,530.70,1710,150,83,129495870.00,68,F1,30,,,,,
2026-04-15,2026-04-15,FO,NSE,IDO,75452,,BANKNIFTY,,2026-06-30,2026-06-30,52100.00,PE,BANKNIFTY26JUN52100PE,602.75,618.05,593.90,601.75,601.75,771.85,56301.95,505.20,600,150,17,26879122.50,7,F1,30,,,,,
2026-04-15,2026-04-15,FO,NSE,IDO,75462,,BANKNIFTY,,2026-06-30,2026-06-30,52600.00,PE,BANKNIFTY26JUN52600PE,626.95,665.40,616.60,637.80,637.80,825.85,56301.95,605.85,1050,240,23,36736477.50,7,F1,30,,,,,
2026-04-15,2026-04-15,FO,NSE,IDO,75633,,BANKNIFTY,,2026-06-30,2026-06-30,56700.00,PE,BANKNIFTY26JUN56700PE,0.00,0.00,0.00,5815.90,0.00,5815.90,56301.95,2027.35,0,0,0,0.00,0,F1,30,,,,,
2026-04-15,2026-04-15,FO,NSE,IDO,75756,,BANKNIFTY,,2026-06-30,2026-06-30,58200.00,PE,BANKNIFTY26JUN58200PE,2232.95,2232.95,2232.95,2232.95,2232.95,7123.40,56301.95,2839.20,60,60,2,3625977.00,2,F1,30,,,,,
2026-04-15,2026-04-15,FO,NSE,IDO,75760,,BANKNIFTY,,2026-06-30,2026-06-30,58400.00,PE,BANKNIFTY26JUN58400PE,0.00,0.00,0.00,7302.95,0.00,7302.95,56301.95,2959.10,0,0,0,0.00,0,F1,30,,,,,
2026-04-15,2026-04-15,FO,NSE,IDO,75797,,BANKNIFTY,,2026-06-30,2026-06-30,58800.00,PE,BANKNIFTY26JUN58800PE,0.00,0.00,0.00,7665.05,0.00,7665.05,56301.95,3206.80,0,0,0,0.00,0,F1,30,,,,,
2026-04-15,2026-04-15,FO,NSE,IDO,68186,,BANKNIFTY,,2026-04-28,2026-04-28,66200.00,CE,BANKNIFTY26APR66200CE,3.50,4.55,2.70,3.50,3.55,2.95,56301.95,3.50,5730,-2040,226,448861246.50,163,F1,30,,,,,
2026-04-15,2026-04-15,FO,NSE,IDO,67241,,BANKNIFTY,,2026-04-28,2026-04-28,47100.00,CE,BANKNIFTY26APR47100CE,0.00,0.00,0.00,4202.20,4202.20,4202.20,56301.95,9299.35,660,0,0,0.00,0,F1,30,,,,,
2026-04-15,2026-04-15,FO,NSE,IDO,67266,,BANKNIFTY,,2026-04-28,2026-04-28,47800.00,CE,BANKNIFTY26APR47800CE,0.00,0.00,0.00,3627.35,3627.35,3627.35,56301.95,8600.80,780,0,0,0.00,0,F1,30,,,,,
2026-04-15,2026-04-15,FO,NSE,IDO,67298,,BANKNIFTY,,2026-04-28,2026-04-28,48200.00,CE,BANKNIFTY26APR48200CE,0.00,0.00,0.00,4557.50,4557.50,4557.50,56301.95,8201.65,780,0,0,0.00,0,F1,30,,,,,
2026-04-15,2026-04-15,FO,NSE,IDO,67313,,BANKNIFTY,,2026-04-28,2026-04-28,48800.00,CE,BANKNIFTY26APR48800CE,0.00,0.00,0.00,3517.65,3517.65,3517.65,56301.95,7602.95,960,0,0,0.00,0,F1,30,,,,,
2026-04-15,2026-04-15,FO,NSE,IDO,67434,,BANKNIFTY,,2026-04-28,2026-04-28,52000.00,CE,BANKNIFTY26APR52000CE,4984.95,4999.00,4350.00,4483.15,4467.60,3947.65,56301.95,4483.15,303810,-13800,1241,2109382150.50,873,F1,30,,,,,
2026-04-15,2026-04-15,FO,NSE,IDO,67462,,BANKNIFTY,,2026-04-28,2026-04-28,53400.00,CE,BANKNIFTY26APR53400CE,3499.80,3499.80,3150.25,3259.60,3259.60,2747.80,56301.95,3101.65,12330,-510,21,35736231.00,21,F1,30,,,,,
2026-04-15,2026-04-15,FO,NSE,IDO,67492,,BANKNIFTY,,2026-04-28,2026-04-28,54800.00,CE,BANKNIFTY26APR54800CE,2080.00,2477.90,1900.00,2016.00,1961.15,1673.50,56301.95,2016.00,33240,-6180,520,888605262.00,252,F1,30,,,,,
2026-04-15,2026-04-15,FO,NSE,IDO,67558,,BANKNIFTY,,2026-04-28,2026-04-28,57500.00,CE,BANKNIFTY26APR57500CE,521.00,626.55,390.05,410.60,402.65,329.90,56301.95,410.60,345180,-12360,47487,82560983953.50,33098,F1,30,,,,,
2026-04-15,2026-04-15,FO,NSE,IDO,67562,,BANKNIFTY,,2026-04-28,2026-04-28,57700.00,CE,BANKNIFTY26APR57700CE,390.00,526.20,330.35,348.50,341.40,280.55,56301.95,348.50,51900,15900,11958,20840293569.00,7226,F1,30,,,,,
2026-04-15,2026-04-15,FO,NSE,IDO,67712,,BANKNIFTY,,2026-04-28,2026-04-28,59900.00,CE,BANKNIFTY26APR59900CE,60.00,79.70,44.20,47.40,50.00,45.60,56301.95,47.40,50880,-28710,4611,8293400521.50,2918,F1,30,,,,,
2026-04-15,2026-04-15,FO,NSE,IDO,67724,,BANKNIFTY,,2026-04-28,2026-04-28,60500.00,CE,BANKNIFTY26APR60500CE,44.95,49.35,27.80,29.35,29.55,31.05,56301.95,29.35,167130,40110,19056,34606184464.50,11301,F1,30,,,,,
2026-04-15,2026-04-15,FO,NSE,IDO,67797,,BANKNIFTY,,2026-04-28,2026-04-28,61900.00,CE,BANKNIFTY26APR61900CE,15.20,17.50,12.00,12.85,12.00,15.05,56301.95,12.85,15330,2970,612,1136749006.50,325,F1,30,,,,,
2026-04-15,2026-04-15,FO,NSE,IDO,67816,,BANKNIFTY,,2026-04-28,2026-04-28,62100.00,CE,BANKNIFTY26APR62100CE,13.05,15.00,10.90,11.25,11.70,14.45,56301.95,11.25,8130,-1080,446,831068487.00,320,F1,30,,,,,
2026-04-15,2026-04-15,FO,NSE,IDO,67824,,BANKNIFTY,,2026-04-28,2026-04-28,62400.00,CE,BANKNIFTY26APR62400CE,19.15,19.15,10.00,10.55,10.90,12.90,56301.95,10.55,8460,-1710,295,552347044.50,136,F1,30,,,,,
2026-04-15,2026-04-15,FO,NSE,IDO,67856,,BANKNIFTY,,2026-04-28,2026-04-28,63000.00,CE,BANKNIFTY26APR63000CE,10.00,11.65,6.85,7.40,7.30,8.95,56301.95,7.40,241920,38220,9767,18462106635.00,4781,F1,30,,,,,
2026-04-15,2026-04-15,FO,NSE,IDO,67885,,BANKNIFTY,,2026-04-28,2026-04-28,63900.00,CE,BANKNIFTY26APR63900CE,7.40,8.00,5.65,6.25,5.65,6.45,56301.95,6.25,1740,810,268,513809449.50,128,F1,30,,,,,
2026-04-15,2026-04-15,FO,NSE,IDO,66466,,BANKNIFTY,,2026-05-26,2026-05-26,45000.00,CE,BANKNIFTY26MAY45000CE,0.00,0.00,0.00,16788.35,0.00,16788.35,56301.95,11616.90,0,0,0,0.00,0,F1,30,,,,,
2026-04-15,2026-04-15,FO,NSE,IDO,38313,,BANKNIFTY,,2026-05-26,2026-05-26,45700.00,CE,BANKNIFTY26MAY45700CE,0.00,0.00,0.00,15549.05,0.00,15549.05,56301.95,10922.55,0,0,0,0.00,0,F1,30,,,,,
2026-04-15,2026-04-15,FO,NSE,IDO,66473,,BANKNIFTY,,2026-05-26,2026-05-26,46000.00,CE,BANKNIFTY26MAY46000CE,0.00,0.00,0.00,7446.90,7446.90,7446.90,56301.95,10625.20,2280,0,0,0.00,0,F1,30,,,,,
2026-04-15,2026-04-15,FO,NSE,IDO,66553,,BANKNIFTY,,2026-05-26,2026-05-26,46800.00,CE,BANKNIFTY26MAY46800CE,0.00,0.00,0.00,15018.15,0.00,15018.15,56301.95,9833.15,0,0,0,0.00,0,F1,30,,,,,
2026-04-15,2026-04-15,FO,NSE,IDO,66570,,BANKNIFTY,,2026-05-26,2026-05-26,47000.00,CE,BANKNIFTY26MAY47000CE,9900.00,9900.00,9600.00,9720.00,9720.00,8799.00,56301.95,9635.50,870,0,5,8517600.00,4,F1,30,,,,,
2026-04-15,2026-04-15,FO,NSE,IDO,66572,,BANKNIFTY,,2026-05-26,2026-05-26,47100.00,CE,BANKNIFTY26MAY47100CE,0.00,0.00,0.00,14723.15,0.00,14723.15,56301.95,9536.70,0,0,0,0.00,0,F1,30,,,,,
2026-04-15,2026-04-15,FO,NSE,IDO,66585,,BANKNIFTY,,2026-05-26,2026-05-26,47500.00,CE,BANKNIFTY26MAY47500CE,0.00,0.00,0.00,6043.95,6043.95,6043.95,56301.95,9142.10,420,0,0,0.00,0,F1,30,,,,,
2026-04-15,2026-04-15,FO,NSE,IDO,66650,,BANKNIFTY,,2026-05-26,2026-05-26,48900.00,CE,BANKNIFTY26MAY48900CE,0.00,0.00,0.00,12953.95,0.00,12953.95,56301.95,7770.85,0,0,0,0.00,0,F1,30,,,,,
2026-04-15,2026-04-15,FO,NSE,IDO,66675,,BANKNIFTY,,2026-05-26,2026-05-26,49800.00,CE,BANKNIFTY26MAY49800CE,0.00,0.00,0.00,5672.70,5672.70,5672.70,56301.95,6903.45,90,0,0,0.00,0,F1,30,,,,,
2026-04-15,2026-04-15,FO,NSE,IDO,66759,,BANKNIFTY,,2026-05-26,2026-05-26,50800.00,CE,BANKNIFTY26MAY50800CE,6269.10,6269.10,6112.95,6112.95,6112.95,5683.55,56301.95,5962.35,330,0,2,3419461.50,2,F1,30,,,,,
2026-04-15,2026-04-15,FO,NSE,IDO,67572,,BANKNIFTY,,2026-05-26,2026-05-26,56800.00,CE,BANKNIFTY26MAY56800CE,1551.00,1574.30,1348.00,1391.30,1386.75,1208.85,56301.95,1391.30,5940,1020,233,407266885.50,205,F1,30,,,,,
2026-04-15,2026-04-15,FO,NSE,IDO,67610,,BANKNIFTY,,2026-05-26,2026-05-26,58100.00,CE,BANKNIFTY26MAY58100CE,826.75,843.25,740.95,753.00,744.20,637.05,56301.95,753.00,5700,2220,181,319881405.00,93,F1,30,,,,,
2026-04-15,2026-04-15,FO,NSE,IDO,67614,,BANKNIFTY,,2026-05-26,2026-05-26,58200.00,CE,BANKNIFTY26MAY58200CE,0.00,0.00,0.00,635.95,635.95,635.95,56301.95,996.15,3390,0,0,0.00,0,F1,30,,,,,
2026-04-15,2026-04-15,FO,NSE,IDO,68084,,BANKNIFTY,,2026-05-26,2026-05-26,61200.00,CE,BANKNIFTY26MAY61200CE,0.00,0.00,0.00,140.70,140.70,140.70,56301.95,310.60,630,0,0,0.00,0,F1,30,,,,,
2026-04-15,2026-04-15,FO,NSE,IDO,68126,,BANKNIFTY,,2026-05-26,2026-05-26,62800.00,CE,BANKNIFTY26MAY62800CE,0.00,0.00,0.00,60.00,60.00,60.00,56301.95,149.05,630,0,0,0.00,0,F1,30,,,,,
2026-04-15,2026-04-15,FO,NSE,IDO,68134,,BANKNIFTY,,2026-05-26,2026-05-26,63200.00,CE,BANKNIFTY26MAY63200CE,40.05,40.05,39.70,39.70,39.70,39.95,56301.95,39.70,1410,-270,11,20869119.00,5,F1,30,,,,,
2026-04-15,2026-04-15,FO,NSE,IDO,68138,,BANKNIFTY,,2026-05-26,2026-05-26,63400.00,CE,BANKNIFTY26MAY63400CE,0.00,0.00,0.00,53.45,53.45,53.45,56301.95,110.95,630,0,0,0.00,0,F1,30,,,,,
2026-04-15,2026-04-15,FO,NSE,IDO,68158,,BANKNIFTY,,2026-05-26,2026-05-26,64200.00,CE,BANKNIFTY26MAY64200CE,0.00,0.00,0.00,43.00,43.00,43.00,56301.95,73.55,750,0,0,0.00,0,F1,30,,,,,
2026-04-15,2026-04-15,FO,NSE,IDO,68215,,BANKNIFTY,,2026-05-26,2026-05-26,65800.00,CE,BANKNIFTY26MAY65800CE,21.95,21.95,21.95,21.95,21.95,48.00,56301.95,30.60,120,-60,10,19746585.00,1,F1,30,,,,,
2026-04-15,2026-04-15,FO,NSE,IDO,75073,,BANKNIFTY,,2026-06-30,2026-06-30,45600.00,CE,BANKNIFTY26JUN45600CE,0.00,0.00,0.00,5770.75,0.00,5770.75,56301.95,11309.40,0,0,0,0.00,0,F1,30,,,,,
2026-04-15,2026-04-15,FO,NSE,IDO,75081,,BANKNIFTY,,2026-06-30,2026-06-30,45800.00,CE,BANKNIFTY26JUN45800CE,0.00,0.00,0.00,5601.00,0.00,5601.00,56301.95,11114.60,0,0,0,0.00,0,F1,30,,,,,
2026-04-15,2026-04-15,FO,NSE,IDO,75110,,BANKNIFTY,,2026-06-30,2026-06-30,46100.00,CE,BANKNIFTY26JUN46100CE,0.00,0.00,0.00,5349.95,0.00,5349.95,56301.95,10823.05,0,0,0,0.00,0,F1,30,,,,,
2026-04-15,2026-04-15,FO,NSE,IDO,75190,,BANKNIFTY,,2026-06-30,2026-06-30,47600.00,CE,BANKNIFTY26JUN47600CE,0.00,0.00,0.00,4169.75,0.00,4169.75,56301.95,9380.15,0,0,0,0.00,0,F1,30,,,,,
2026-04-15,2026-04-15,FO,NSE,IDO,75407,,BANKNIFTY,,2026-06-30,2026-06-30,50500.00,CE,BANKNIFTY26JUN50500CE,0.00,0.00,0.00,5850.10,5850.10,5850.10,56301.95,6719.90,600,0,0,0.00,0,F1,30,,,,,
2026-04-15,2026-04-15,FO,NSE,IDO,75419,,BANKNIFTY,,2026-06-30,2026-06-30,51100.00,CE,BANKNIFTY26JUN51100CE,0.00,0.00,0.00,3797.60,3797.60,3797.60,56301.95,6203.75,30,0,0,0.00,0,F1,30,,,,,
2026-04-15,2026-04-15,FO,NSE,IDO,75421,,BANKNIFTY,,2026-06-30,2026-06-30,51200.00,CE,BANKNIFTY26JUN51200CE,0.00,0.00,0.00,4996.10,4996.10,4996.10,56301.95,6119.20,240,0,0,0.00,0,F1,30,,,,,
2026-04-15,2026-04-15,FO,NSE,IDO,75436,,BANKNIFTY,,2026-06-30,2026-06-30,51700.00,CE,BANKNIFTY26JUN51700CE,0.00,0.00,0.00,2821.90,2821.90,2821.90,56301.95,5703.50,210,0,0,0.00,0,F1,30,,,,,
2026-04-15,2026-04-15,FO,NSE,IDO,75455,,BANKNIFTY,,2026-06-30,2026-06-30,52200.00,CE,BANKNIFTY26JUN52200CE,0.00,0.00,0.00,5067.80,5067.80,5067.80,56301.95,5300.05,240,0,0,0.00,0,F1,30,,,,,
2026-04-15,2026-04-15,FO,NSE,IDO,75457,,BANKNIFTY,,2026-06-30,2026-06-30,52300.00,CE,BANKNIFTY26JUN52300CE,0.00,0.00,0.00,2611.60,2611.60,2611.60,56301.95,5220.90,60,0,0,0.00,0,F1,30,,,,,
2026-04-15,2026-04-15,FO,NSE,IDO,75463,,BANKNIFTY,,2026-06-30,2026-06-30,52700.00,CE,BANKNIFTY26JUN52700CE,0.00,0.00,0.00,2781.25,2788.15,2781.25,56301.95,4909.90,150,0,0,0.00,0,F1,30,,,,,
2026-04-15,2026-04-15,FO,NSE,IDO,75588,,BANKNIFTY,,2026-06-30,2026-06-30,54400.00,CE,BANKNIFTY26JUN54400CE,0.00,0.00,0.00,2700.00,2700.00,2700.00,56301.95,3694.40,30,0,0,0.00,0,F1,30,,,,,
2026-04-15,2026-04-15,FO,NSE,IDO,75592,,BANKNIFTY,,2026-06-30,2026-06-30,54600.00,CE,BANKNIFTY26JUN54600CE,0.00,0.00,0.00,793.70,0.00,793.70,56301.95,3563.80,0,0,0,0.00,0,F1,30,,,,,
2026-04-15,2026-04-15,FO,NSE,IDO,75596,,BANKNIFTY,,2026-06-30,2026-06-30,54800.00,CE,BANKNIFTY26JUN54800CE,0.00,0.00,0.00,747.80,0.00,747.80,56301.95,3435.95,0,0,0,0.00,0,F1,30,,,,,
2026-04-15,2026-04-15,FO,NSE,IDO,75606,,BANKNIFTY,,2026-06-30,2026-06-30,55300.00,CE,BANKNIFTY26JUN55300CE,0.00,0.00,0.00,639.85,0.00,639.85,56301.95,3128.40,0,0,0,0.00,0,F1,30,,,,,
2026-04-15,2026-04-15,FO,NSE,IDO,75618,,BANKNIFTY,,2026-06-30,2026-06-30,56000.00,CE,BANKNIFTY26JUN56000CE,2809.75,2850.00,2478.65,2494.35,2495.50,2253.45,56301.95,2494.35,6900,330,176,309383412.00,129,F1,30,,,,,
2026-04-15,2026-04-15,FO,NSE,IDO,75755,,BANKNIFTY,,2026-06-30,2026-06-30,58200.00,CE,BANKNIFTY26JUN58200CE,0.00,0.00,0.00,241.30,0.00,241.30,56301.95,1692.45,0,0,0,0.00,0,F1,30,,,,,
2026-04-15,2026-04-15,FO,NSE,IDO,57750,,BANKNIFTY,,2026-06-30,2026-06-30,58500.00,CE,BANKNIFTY26JUN58500CE,1264.80,1287.85,1100.00,1130.75,1121.55,984.85,56301.95,1130.75,14610,-630,141,252550939.50,120,F1,30,,,,,
2026-04-15,2026-04-15,FO,NSE,IDO,75819,,BANKNIFTY,,2026-06-30,2026-06-30,59700.00,CE,BANKNIFTY26JUN59700CE,0.00,0.00,0.00,137.75,0.00,137.75,56301.95,1173.80,0,0,0,0.00,0,F1,30,,,,,
2026-04-15,2026-04-15,FO,NSE,IDO,75897,,BANKNIFTY,,2026-06-30,2026-06-30,62000.00,CE,BANKNIFTY26JUN62000CE,0.00,0.00,0.00,54.35,0.00,54.35,56301.95,629.30,0,0,0,0.00,0,F1,30,,,,,
2026-04-15,2026-04-15,FO,NSE,IDO,52439,,BANKNIFTY,,2026-09-29,2026-09-29,69000.00,CE,BANKNIFTY26SEP69000CE,0.00,0.00,0.00,882.60,0.00,882.60,56301.95,495.05,0,0,0,0.00,0,F1,30,,,,,
2026-04-15,2026-04-15,FO,NSE,IDO,53224,,BANKNIFTY,,2026-12-29,2026-12-29,54000.00,CE,BANKNIFTY26DEC54000CE,0.00,0.00,0.00,9099.90,0.00,9099.90,56301.95,6623.20,0,0,0,0.00,0,F1,30,,,,,
2026-04-15,2026-04-15,FO,NSE,IDO,53252,,BANKNIFTY,,2026-12-29,2026-12-29,67500.00,CE,BANKNIFTY26DEC67500CE,0.00,0.00,0.00,2043.80,0.00,2043.80,56301.95,1396.05,0,0,0,0.00,0,F1,30,,,,,
2026-04-15,2026-04-15,FO,NSE,IDO,76390,,BANKNIFTY,,2027-03-30,2027-03-30,51000.00,CE,BANKNIFTY27MAR51000CE,0.00,0.00,0.00,5420.45,0.00,5420.45,56301.95,9670.00,0,0,0,0.00,0,F1,30,,,,,
2026-04-15,2026-04-15,FO,NSE,IDO,76398,,BANKNIFTY,,2027-03-30,2027-03-30,57000.00,CE,BANKNIFTY27MAR57000CE,0.00,0.00,0.00,2831.15,0.00,2831.15,56301.95,6009.55,0,0,0,0.00,0,F1,30,,,,,
2026-04-15,2026-04-15,FO,NSE,IDO,67230,,BANKNIFTY,,2026-04-28,2026-04-28,46500.00,PE,BANKNIFTY26APR46500PE,28.00,28.00,10.90,11.45,11.45,28.60,56301.95,11.45,147990,9840,8349,11650064733.00,4802,F1,30,,,,,
2026-04-15,2026-04-15,FO,NSE,IDO,67437,,BANKNIFTY,,2026-04-28,2026-04-28,52100.00,PE,BANKNIFTY26APR52100PE,130.00,134.10,80.80,114.20,112.55,252.35,56301.95,114.20,44850,10050,4119,6450863752.50,2172,F1,30,,,,,
2026-04-15,2026-04-15,FO,NSE,IDO,67699,,BANKNIFTY,,2026-04-28,2026-04-28,59200.00,PE,BANKNIFTY26APR59200PE,0.00,0.00,0.00,7462.50,7462.50,7462.50,56301.95,2909.90,960,0,0,0.00,0,F1,30,,,,,
2026-04-15,2026-04-15,FO,NSE,IDO,67703,,BANKNIFTY,,2026-04-28,2026-04-28,59400.00,PE,BANKNIFTY26APR59400PE,2700.00,3009.65,2700.00,2995.70,2995.70,3900.00,56301.95,3088.40,1020,-120,6,11224023.00,4,F1,30,,,,,
2026-04-15,2026-04-15,FO,NSE,IDO,67798,,BANKNIFTY,,2026-04-28,2026-04-28,61900.00,PE,BANKNIFTY26APR61900PE,0.00,0.00,0.00,5911.50,5911.50,5911.50,56301.95,5479.10,390,0,0,0.00,0,F1,30,,,,,
2026-04-15,2026-04-15,FO,NSE,IDO,67815,,BANKNIFTY,,2026-04-28,2026-04-28,62000.00,PE,BANKNIFTY26APR62000PE,5255.05,5719.55,5123.70,5589.20,5604.90,6260.05,56301.95,5589.20,78450,-3150,260,526904361.00,216,F1,30,,,,,
2026-04-15,2026-04-15,FO,NSE,IDO,67825,,BANKNIFTY,,2026-04-28,2026-04-28,62400.00,PE,BANKNIFTY26APR62400PE,0.00,0.00,0.00,8086.00,8086.00,8086.00,56301.95,5974.05,210,0,0,0.00,0,F1,30,,,,,
2026-04-15,2026-04-15,FO,NSE,IDO,67832,,BANKNIFTY,,2026-04-28,2026-04-28,62600.00,PE,BANKNIFTY26APR62600PE,0.00,0.00,0.00,8276.20,8276.20,8276.20,56301.95,6172.55,150,0,0,0.00,0,F1,30,,,,,
2026-04-15,2026-04-15,FO,NSE,IDO,67842,,BANKNIFTY,,2026-04-28,2026-04-28,62900.00,PE,BANKNIFTY26APR62900PE,0.00,0.00,0.00,10197.90,10197.90,10197.90,56301.95,6470.70,540,0,0,0.00,0,F1,30,,,,,
2026-04-15,2026-04-15,FO,NSE,IDO,67886,,BANKNIFTY,,2026-04-28,2026-04-28,63900.00,PE,BANKNIFTY26APR63900PE,0.00,0.00,0.00,11183.20,11183.20,11183.20,56301.95,7466.70,120,0,0,0.00,0,F1,30,,,,,
2026-04-15,2026-04-15,FO,NSE,IDO,68161,,BANKNIFTY,,2026-04-28,2026-04-28,65500.00,PE,BANKNIFTY26APR65500PE,0.00,0.00,0.00,11136.90,11136.90,11136.90,56301.95,9062.75,30,0,0,0.00,0,F1,30,,,,,
2026-04-15,2026-04-15,FO,NSE,IDO,66461,,BANKNIFTY,,2026-05-26,2026-05-26,43500.00,PE,BANKNIFTY26MAY43500PE,0.00,0.00,0.00,0.05,0.00,0.05,56301.95,0.10,0,0,0,0.00,0,F1,30,,,,,
2026-04-15,2026-04-15,FO,NSE,IDO,66463,,BANKNIFTY,,2026-05-26,2026-05-26,44000.00,PE,BANKNIFTY26MAY44000PE,20.45,20.45,20.45,20.45,20.45,51.00,56301.95,0.20,90,60,2,2641227.00,2,F1,30,,,,,
2026-04-15,2026-04-15,FO,NSE,IDO,66571,,BANKNIFTY,,2026-05-26,2026-05-26,47000.00,PE,BANKNIFTY26MAY47000PE,110.70,126.15,74.95,93.55,91.00,170.55,56301.95,93.55,17070,-4440,578,816546568.50,389,F1,30,,,,,
2026-04-15,2026-04-15,FO,NSE,IDO,66583,,BANKNIFTY,,2026-05-26,2026-05-26,47400.00,PE,BANKNIFTY26MAY47400PE,0.00,0.00,0.00,0.35,0.00,0.35,56301.95,7.65,0,0,0,0.00,0,F1,30,,,,,
2026-04-15,2026-04-15,FO,NSE,IDO,66637,,BANKNIFTY,,2026-05-26,2026-05-26,48300.00,PE,BANKNIFTY26MAY48300PE,0.00,0.00,0.00,0.80,0.00,0.80,56301.95,16.80,0,0,0,0.00,0,F1,30,,,,,
2026-04-15,2026-04-15,FO,NSE,IDO,67081,,BANKNIFTY,,2026-05-26,2026-05-26,52300.00,PE,BANKNIFTY26MAY52300PE,349.70,382.95,318.45,365.85,382.95,693.60,56301.95,365.85,1830,60,82,129514353.00,56,F1,30,,,,,
2026-04-15,2026-04-15,FO,NSE,IDO,67205,,BANKNIFTY,,2026-05-26,2026-05-26,54200.00,PE,BANKNIFTY26MAY54200PE,601.80,700.00,584.50,645.00,645.00,1020.00,56301.95,645.00,1380,0,9,14805856.50,9,F1,30,,,,,
2026-04-15,2026-04-15,FO,NSE,IDO,67999,,BANKNIFTY,,2026-05-26,2026-05-26,60000.00,PE,BANKNIFTY26MAY60000PE,2959.70,3573.85,2946.35,3383.25,3459.95,4014.90,56301.95,3383.25,586290,384510,14648,27836900407.50,7674,F1,30,,,,,
2026-04-15,2026-04-15,FO,NSE,IDO,68111,,BANKNIFTY,,2026-05-26,2026-05-26,62200.00,PE,BANKNIFTY26MAY62200PE,0.00,0.00,0.00,7439.85,7439.85,7439.85,56301.95,5661.70,60,0,0,0.00,0,F1,30,,,,,
2026-04-15,2026-04-15,FO,NSE,IDO,68133,,BANKNIFTY,,2026-05-26,2026-05-26,63100.00,PE,BANKNIFTY26MAY63100PE,0.00,0.00,0.00,7085.00,7085.00,7085.00,56301.95,6486.05,120,0,0,0.00,0,F1,30,,,,,
2026-04-15,2026-04-15,FO,NSE,IDO,68149,,BANKNIFTY,,2026-05-26,2026-05-26,63800.00,PE,BANKNIFTY26MAY63800PE,0.00,0.00,0.00,10438.40,10438.40,10438.40,56301.95,7142.95,30,0,0,0.00,0,F1,30,,,,,
2026-04-15,2026-04-15,FO,NSE,IDO,68226,,BANKNIFTY,,2026-05-26,2026-05-26,66100.00,PE,BANKNIFTY26MAY66100PE,0.00,0.00,0.00,11446.20,11446.20,11446.20,56301.95,9362.10,360,0,0,0.00,0,F1,30,,,,,
2026-04-15,2026-04-15,FO,NSE,IDO,75074,,BANKNIFTY,,2026-06-30,2026-06-30,45600.00,PE,BANKNIFTY26JUN45600PE,0.00,0.00,0.00,278.55,0.00,278.55,56301.95,18.80,0,0,0,0.00,0,F1,30,,,,,
2026-04-15,2026-04-15,FO,NSE,IDO,75080,,BANKNIFTY,,2026-06-30,2026-06-30,45700.00,PE,BANKNIFTY26JUN45700PE,0.00,0.00,0.00,291.65,0.00,291.65,56301.95,20.05,0,0,0,0.00,0,F1,30,,,,,
2026-04-15,2026-04-15,FO,NSE,IDO,75159,,BANKNIFTY,,2026-06-30,2026-06-30,46200.00,PE,BANKNIFTY26JUN46200PE,0.00,0.00,0.00,364.40,0.00,364.40,56301.95,27.70,0,0,0,0.00,0,F1,30,,,,,
2026-04-15,2026-04-15,FO,NSE,IDO,75179,,BANKNIFTY,,2026-06-30,2026-06-30,47100.00,PE,BANKNIFTY26JUN47100PE,0.00,0.00,0.00,529.20,0.00,529.20,56301.95,47.90,0,0,0,0.00,0,F1,30,,,,,
2026-04-15,2026-04-15,FO,NSE,IDO,75277,,BANKNIFTY,,2026-06-30,2026-06-30,49300.00,PE,BANKNIFTY26JUN49300PE,0.00,0.00,0.00,1152.10,0.00,1152.10,56301.95,154.05,0,0,0,0.00,0,F1,30,,,,,
2026-04-15,2026-04-15,FO,NSE,IDO,75373,,BANKNIFTY,,2026-06-30,2026-06-30,50300.00,PE,BANKNIFTY26JUN50300PE,0.00,0.00,0.00,597.75,597.75,597.75,56301.95,243.85,750,0,0,0.00,0,F1,30,,,,,
2026-04-15,2026-04-15,FO,NSE,IDO,75414,,BANKNIFTY,,2026-06-30,2026-06-30,50700.00,PE,BANKNIFTY26JUN50700PE,0.00,0.00,0.00,1736.40,0.00,1736.40,56301.95,289.75,0,0,0,0.00,0,F1,30,,,,,
2026-04-15,2026-04-15,FO,NSE,IDO,75416,,BANKNIFTY,,2026-06-30,2026-06-30,50800.00,PE,BANKNIFTY26JUN50800PE,407.90,407.90,407.90,407.90,407.90,649.85,56301.95,302.25,690,-60,3,4608711.00,1,F1,30,,,,,
2026-04-15,2026-04-15,FO,NSE,IDO,75464,,BANKNIFTY,,2026-06-30,2026-06-30,52700.00,PE,BANKNIFTY26JUN52700PE,660.55,660.55,660.55,660.55,660.55,1021.15,56301.95,627.65,240,150,5,8004082.50,1,F1,30,,,,,
2026-04-15,2026-04-15,FO,NSE,IDO,75589,,BANKNIFTY,,2026-06-30,2026-06-30,54400.00,PE,BANKNIFTY26JUN54400PE,0.00,0.00,0.00,1162.25,1161.85,1162.25,56301.95,1090.20,300,0,0,0.00,0,F1,30,,,,,
2026-04-15,2026-04-15,FO,NSE,IDO,75607,,BANKNIFTY,,2026-06-30,2026-06-30,55300.00,PE,BANKNIFTY26JUN55300PE,0.00,0.00,0.00,1636.85,1636.85,1636.85,56301.95,1412.60,420,0,0,0.00,0,F1,30,,,,,
2026-04-15,2026-04-15,FO,NSE,IDO,75619,,BANKNIFTY,,2026-06-30,2026-06-30,56000.00,PE,BANKNIFTY26JUN56000PE,1351.45,1560.40,1323.80,1498.35,1521.90,1912.40,56301.95,1498.35,38610,4650,388,668497344.00,235,F1,30,,,,,
2026-04-15,2026-04-15,FO,NSE,IDO,75629,,BANKNIFTY,,2026-06-30,2026-06-30,56500.00,PE,BANKNIFTY26JUN56500PE,1676.70,1743.50,1600.00,1652.20,1672.00,5647.60,56301.95,1652.20,540,540,23,40144123.50,16,F1,30,,,,,
2026-04-15,2026-04-15,FO,NSE,IDO,75662,,BANKNIFTY,,2026-06-30,2026-06-30,57500.00,PE,BANKNIFTY26JUN57500PE,0.00,0.00,0.00,6504.10,0.00,6504.10,56301.95,2440.80,0,0,0,0.00,0,F1,30,,,,,
2026-04-15,2026-04-15,FO,NSE,IDO,75886,,BANKNIFTY,,2026-06-30,2026-06-30,61300.00,PE,BANKNIFTY26JUN61300PE,0.00,0.00,0.00,9999.40,0.00,9999.40,56301.95,4973.85,0,0,0,0.00,0,F1,30,,,,,
2026-04-15,2026-04-15,FO,NSE,IDO,52361,,BANKNIFTY,,2026-09-29,2026-09-29,60000.00,PE,BANKNIFTY26SEP60000PE,0.00,0.00,0.00,4829.45,0.00,4829.45,56301.95,4413.40,0,0,0,0.00,0,F1,30,,,,,
2026-04-15,2026-04-15,FO,NSE,IDO,53229,,BANKNIFTY,,2026-12-29,2026-12-29,57000.00,PE,BANKNIFTY26DEC57000PE,0.00,0.00,0.00,1442.50,0.00,1442.50,56301.95,3161.00,0,0,0,0.00,0,F1,30,,,,,
2026-04-15,2026-04-15,FO,NSE,IDO,53255,,BANKNIFTY,,2026-12-29,2026-12-29,69000.00,PE,BANKNIFTY26DEC69000PE,0.00,0.00,0.00,7449.10,0.00,7449.10,56301.95,10857.55,0,0,0,0.00,0,F1,30,,,,,
2026-04-15,2026-04-15,FO,NSE,IDO,67917,,BANKNIFTY,,2026-04-28,2026-04-28,64500.00,CE,BANKNIFTY26APR64500CE,6.30,7.20,4.75,5.25,4.90,5.35,56301.95,5.25,12540,1980,674,1304303931.00,422,F1,30,,,,,
2026-04-15,2026-04-15,FO,NSE,IDO,68000,,BANKNIFTY,,2026-05-26,2026-05-26,60100.00,CE,BANKNIFTY26MAY60100CE,240.00,252.00,191.30,196.05,193.80,166.45,56301.95,196.05,7200,3360,186,336591334.50,112,F1,30,,,,,
2026-04-15,2026-04-15,FO,NSE,IDO,67808,,BANKNIFTY,,2026-05-26,2026-05-26,59500.00,CE,BANKNIFTY26MAY59500CE,345.75,397.40,296.80,307.40,309.10,258.20,56301.95,307.40,40080,12090,1672,3000949653.00,922,F1,30,,,,,
2026-04-15,2026-04-15,FO,NSE,IDO,75842,,BANKNIFTY,,2026-06-30,2026-06-30,60700.00,CE,BANKNIFTY26JUN60700CE,0.00,0.00,0.00,92.90,0.00,92.90,56301.95,905.60,0,0,0,0.00,0,F1,30,,,,,
2026-04-15,2026-04-15,FO,NSE,IDO,75811,,BANKNIFTY,,2026-06-30,2026-06-30,59400.00,CE,BANKNIFTY26JUN59400CE,0.00,0.00,0.00,685.95,685.95,685.95,56301.95,1266.25,480,0,0,0.00,0,F1,30,,,,,
2026-04-15,2026-04-15,FO,NSE,IDO,75636,,BANKNIFTY,,2026-06-30,2026-06-30,56900.00,CE,BANKNIFTY26JUN56900CE,0.00,0.00,0.00,380.40,0.00,380.40,56301.95,2262.75,0,0,0,0.00,0,F1,30,,,,,
2026-04-15,2026-04-15,FO,NSE,IDO,75573,,BANKNIFTY,,2026-06-30,2026-06-30,53700.00,CE,BANKNIFTY26JUN53700CE,0.00,0.00,0.00,1808.90,1808.90,1808.90,56301.95,4174.70,30,0,0,0.00,0,F1,30,,,,,
2026-04-15,2026-04-15,FO,NSE,IDO,67575,,BANKNIFTY,,2026-05-26,2026-05-26,56900.00,PE,BANKNIFTY26MAY56900PE,1354.90,1608.60,1335.40,1513.85,1518.15,1991.30,56301.95,1513.85,4350,2490,114,199533759.00,98,F1,30,,,,,
2026-04-15,2026-04-15,FO,NSE,IDO,67615,,BANKNIFTY,,2026-05-26,2026-05-26,58200.00,PE,BANKNIFTY26MAY58200PE,2150.00,2251.35,2136.70,2160.90,2160.90,2526.30,56301.95,2160.90,390,60,7,12678655.50,7,F1,30,,,,,
2026-04-15,2026-04-15,FO,NSE,IDO,67621,,BANKNIFTY,,2026-05-26,2026-05-26,58500.00,PE,BANKNIFTY26MAY58500PE,2059.95,2447.90,2058.35,2349.60,2360.00,2865.95,56301.95,2349.60,47910,12960,910,1656777106.50,802,F1,30,,,,,
2026-04-15,2026-04-15,FO,NSE,IDO,67814,,BANKNIFTY,,2026-05-26,2026-05-26,59700.00,PE,BANKNIFTY26MAY59700PE,0.00,0.00,0.00,6368.55,6368.55,6368.55,56301.95,3556.80,150,0,0,0.00,0,F1,30,,,,,
2026-04-15,2026-04-15,FO,NSE,IDO,67919,,BANKNIFTY,,2026-04-28,2026-04-28,64600.00,CE,BANKNIFTY26APR64600CE,5.50,6.25,4.60,4.85,5.10,4.25,56301.95,4.85,1590,-30,97,188001364.50,46,F1,30,,,,,
2026-04-15,2026-04-15,FO,NSE,IDO,67915,,BANKNIFTY,,2026-04-28,2026-04-28,64400.00,CE,BANKNIFTY26APR64400CE,6.00,6.75,4.65,5.20,5.50,5.30,56301.95,5.20,630,-60,47,90811954.50,36,F1,30,,,,,
2026-04-15,2026-04-15,FO,NSE,IDO,67858,,BANKNIFTY,,2026-04-28,2026-04-28,63100.00,CE,BANKNIFTY26APR63100CE,10.95,11.00,7.00,7.60,7.00,9.40,56301.95,7.60,6900,90,84,159034092.00,46,F1,30,,,,,
2026-04-15,2026-04-15,FO,NSE,IDO,67831,,BANKNIFTY,,2026-04-28,2026-04-28,62600.00,CE,BANKNIFTY26APR62600CE,11.90,12.60,8.35,9.25,8.35,10.95,56301.95,9.25,6420,540,124,232911783.00,63,F1,30,,,,,
2026-04-15,2026-04-15,FO,NSE,IDO,67720,,BANKNIFTY,,2026-04-28,2026-04-28,60300.00,CE,BANKNIFTY26APR60300CE,42.60,49.85,31.60,34.05,33.00,33.80,56301.95,34.05,17400,3330,872,1578487717.50,408,F1,30,,,,,
2026-04-15,2026-04-15,FO,NSE,IDO,67710,,BANKNIFTY,,2026-04-28,2026-04-28,59800.00,CE,BANKNIFTY26APR59800CE,58.95,70.35,48.00,51.80,49.90,47.05,56301.95,51.80,46350,-10950,4624,8303830089.00,2444,F1,30,,,,,
2026-04-15,2026-04-15,FO,NSE,IDO,67708,,BANKNIFTY,,2026-04-28,2026-04-28,59700.00,CE,BANKNIFTY26APR59700CE,82.75,82.75,52.00,56.40,55.00,52.55,56301.95,56.40,32490,-5820,4005,7180779583.50,2395,F1,30,,,,,
2026-04-15,2026-04-15,FO,NSE,IDO,67706,,BANKNIFTY,,2026-04-28,2026-04-28,59600.00,CE,BANKNIFTY26APR59600CE,80.00,86.10,55.20,60.80,59.30,56.40,56301.95,60.80,26010,-210,2772,4962307371.00,1892,F1,30,,,,,
2026-04-15,2026-04-15,FO,NSE,IDO,67629,,BANKNIFTY,,2026-04-28,2026-04-28,58300.00,CE,BANKNIFTY26APR58300CE,185.10,303.60,185.10,203.95,202.00,167.75,56301.95,203.95,32070,-15630,7148,12550711863.00,4521,F1,30,,,,,
2026-04-15,2026-04-15,FO,NSE,IDO,53240,,BANKNIFTY,,2026-12-29,2026-12-29,60000.00,CE,BANKNIFTY26DEC60000CE,0.00,0.00,0.00,5121.40,0.00,5121.40,56301.95,3552.25,0,0,0,0.00,0,F1,30,,,,,
2026-04-15,2026-04-15,FO,NSE,IDO,53222,,BANKNIFTY,,2026-12-29,2026-12-29,52500.00,CE,BANKNIFTY26DEC52500CE,0.00,0.00,0.00,10279.15,0.00,10279.15,56301.95,7599.80,0,0,0,0.00,0,F1,30,,,,,
2026-04-15,2026-04-15,FO,NSE,IDO,53220,,BANKNIFTY,,2026-12-29,2026-12-29,51000.00,CE,BANKNIFTY26DEC51000CE,0.00,0.00,0.00,11516.25,0.00,11516.25,56301.95,8650.85,0,0,0,0.00,0,F1,30,,,,,
2026-04-15,2026-04-15,FO,NSE,IDO,52270,,BANKNIFTY,,2026-09-29,2026-09-29,46500.00,CE,BANKNIFTY26SEP46500CE,0.00,0.00,0.00,11298.00,0.00,11298.00,56301.95,11318.10,0,0,0,0.00,0,F1,30,,,,,
2026-04-15,2026-04-15,FO,NSE,IDO,57812,,BANKNIFTY,,2026-06-30,2026-06-30,69000.00,CE,BANKNIFTY26JUN69000CE,0.00,0.00,0.00,1876.80,0.00,1876.80,56301.95,59.60,0,0,0,0.00,0,F1,30,,,,,
2026-04-15,2026-04-15,FO,NSE,IDO,57782,,BANKNIFTY,,2026-06-30,2026-06-30,67500.00,CE,BANKNIFTY26JUN67500CE,0.00,0.00,0.00,2222.25,0.00,2222.25,56301.95,104.40,0,0,0,0.00,0,F1,30,,,,,
2026-04-15,2026-04-15,FO,NSE,IDO,57705,,BANKNIFTY,,2026-06-30,2026-06-30,49500.00,CE,BANKNIFTY26JUN49500CE,0.00,0.00,0.00,11438.50,0.00,11438.50,56301.95,7610.35,0,0,0,0.00,0,F1,30,,,,,
2026-04-15,2026-04-15,FO,NSE,IDO,75824,,BANKNIFTY,,2026-06-30,2026-06-30,59900.00,CE,BANKNIFTY26JUN59900CE,0.00,0.00,0.00,127.50,0.00,127.50,56301.95,1115.10,0,0,0,0.00,0,F1,30,,,,,
2026-04-15,2026-04-15,FO,NSE,IDO,75822,,BANKNIFTY,,2026-06-30,2026-06-30,59800.00,CE,BANKNIFTY26JUN59800CE,0.00,0.00,0.00,132.55,0.00,132.55,56301.95,1144.15,0,0,0,0.00,0,F1,30,,,,,
2026-04-15,2026-04-15,FO,NSE,IDO,75809,,BANKNIFTY,,2026-06-30,2026-06-30,59300.00,CE,BANKNIFTY26JUN59300CE,0.00,0.00,0.00,715.55,715.55,715.55,56301.95,1298.30,480,0,0,0.00,0,F1,30,,,,,
2026-04-15,2026-04-15,FO,NSE,IDO,75794,,BANKNIFTY,,2026-06-30,2026-06-30,58700.00,CE,BANKNIFTY26JUN58700CE,0.00,0.00,0.00,201.00,0.00,201.00,56301.95,1503.60,0,0,0,0.00,0,F1,30,,,,,
2026-04-15,2026-04-15,FO,NSE,IDO,75612,,BANKNIFTY,,2026-06-30,2026-06-30,55700.00,CE,BANKNIFTY26JUN55700CE,0.00,0.00,0.00,564.20,0.00,564.20,56301.95,2895.00,0,0,0,0.00,0,F1,30,,,,,
2026-04-15,2026-04-15,FO,NSE,IDO,75598,,BANKNIFTY,,2026-06-30,2026-06-30,54900.00,CE,BANKNIFTY26JUN54900CE,0.00,0.00,0.00,2969.10,2969.10,2969.10,56301.95,3373.05,60,0,0,0.00,0,F1,30,,,,,
2026-04-15,2026-04-15,FO,NSE,IDO,75569,,BANKNIFTY,,2026-06-30,2026-06-30,53500.00,CE,BANKNIFTY26JUN53500CE,4320.00,4393.70,4227.50,4281.90,4281.90,3842.65,56301.95,4281.90,210,60,31,53754642.00,31,F1,30,,,,,
2026-04-15,2026-04-15,FO,NSE,IDO,75413,,BANKNIFTY,,2026-06-30,2026-06-30,50700.00,CE,BANKNIFTY26JUN50700CE,0.00,0.00,0.00,2219.90,0.00,2219.90,56301.95,6546.20,0,0,0,0.00,0,F1,30,,,,,
2026-04-15,2026-04-15,FO,NSE,IDO,75282,,BANKNIFTY,,2026-06-30,2026-06-30,49700.00,CE,BANKNIFTY26JUN49700CE,0.00,0.00,0.00,2769.10,0.00,2769.10,56301.95,7429.55,0,0,0,0.00,0,F1,30,,,,,
2026-04-15,2026-04-15,FO,NSE,IDO,75196,,BANKNIFTY,,2026-06-30,2026-06-30,47700.00,CE,BANKNIFTY26JUN47700CE,0.00,0.00,0.00,4095.95,0.00,4095.95,56301.95,9285.10,0,0,0,0.00,0,F1,30,,,,,
2026-04-15,2026-04-15,FO,NSE,IDO,75162,,BANKNIFTY,,2026-06-30,2026-06-30,46400.00,CE,BANKNIFTY26JUN46400CE,0.00,0.00,0.00,5103.60,0.00,5103.60,56301.95,10532.35,0,0,0,0.00,0,F1,30,,,,,
2026-04-15,2026-04-15,FO,NSE,IDO,68211,,BANKNIFTY,,2026-05-26,2026-05-26,65600.00,CE,BANKNIFTY26MAY65600CE,10.15,10.15,9.15,9.15,9.15,10.15,56301.95,34.25,60,-90,3,5904853.50,2,F1,30,,,,,
2026-04-15,2026-04-15,FO,NSE,IDO,68193,,BANKNIFTY,,2026-05-26,2026-05-26,65100.00,CE,BANKNIFTY26MAY65100CE,0.00,0.00,0.00,69.15,69.15,69.15,56301.95,45.30,90,0,0,0.00,0,F1,30,,,,,
2026-04-15,2026-04-15,FO,NSE,IDO,68191,,BANKNIFTY,,2026-05-26,2026-05-26,65000.00,CE,BANKNIFTY26MAY65000CE,23.25,26.00,21.20,22.70,21.20,23.45,56301.95,22.70,33300,9510,942,1837568830.50,496,F1,30,,,,,
2026-04-15,2026-04-15,FO,NSE,IDO,68169,,BANKNIFTY,,2026-05-26,2026-05-26,64500.00,CE,BANKNIFTY26MAY64500CE,30.00,30.00,25.45,25.80,25.45,24.55,56301.95,25.80,1440,360,37,71624422.50,36,F1,30,,,,,
2026-04-15,2026-04-15,FO,NSE,IDO,68142,,BANKNIFTY,,2026-05-26,2026-05-26,63600.00,CE,BANKNIFTY26MAY63600CE,0.00,0.00,0.00,57.85,57.85,57.85,56301.95,100.30,780,0,0,0.00,0,F1,30,,,,,
2026-04-15,2026-04-15,FO,NSE,IDO,68104,,BANKNIFTY,,2026-05-26,2026-05-26,61900.00,CE,BANKNIFTY26MAY61900CE,67.00,69.75,61.60,65.95,61.60,56.75,56301.95,65.95,810,60,15,27885084.00,11,F1,30,,,,,
2026-04-15,2026-04-15,FO,NSE,IDO,68076,,BANKNIFTY,,2026-05-26,2026-05-26,60800.00,CE,BANKNIFTY26MAY60800CE,0.00,0.00,0.00,175.55,175.55,175.55,56301.95,368.65,630,0,0,0.00,0,F1,30,,,,,
2026-04-15,2026-04-15,FO,NSE,IDO,67813,,BANKNIFTY,,2026-05-26,2026-05-26,59700.00,CE,BANKNIFTY26MAY59700CE,327.80,327.80,257.70,265.75,265.10,225.00,56301.95,265.75,4380,2130,151,271728843.00,74,F1,30,,,,,
2026-04-15,2026-04-15,FO,NSE,IDO,67806,,BANKNIFTY,,2026-05-26,2026-05-26,59400.00,CE,BANKNIFTY26MAY59400CE,395.10,397.05,321.15,325.70,331.05,280.05,56301.95,325.70,10890,1860,195,349516383.00,88,F1,30,,,,,
2026-04-15,2026-04-15,FO,NSE,IDO,67803,,BANKNIFTY,,2026-05-26,2026-05-26,59300.00,CE,BANKNIFTY26MAY59300CE,422.70,422.70,340.00,367.20,367.20,302.75,56301.95,670.20,5100,750,98,175471587.00,59,F1,30,,,,,
2026-04-15,2026-04-15,FO,NSE,IDO,67592,,BANKNIFTY,,2026-05-26,2026-05-26,57600.00,CE,BANKNIFTY26MAY57600CE,1044.00,1094.95,948.55,966.00,983.45,843.00,56301.95,966.00,3720,-30,11,19343104.50,11,F1,30,,,,,
2026-04-15,2026-04-15,FO,NSE,IDO,67286,,BANKNIFTY,,2026-05-26,2026-05-26,55800.00,CE,BANKNIFTY26MAY55800CE,2200.00,2343.05,1950.00,1966.90,1971.80,1777.50,56301.95,1966.90,2880,-1170,122,212121795.00,118,F1,30,,,,,
2026-04-15,2026-04-15,FO,NSE,IDO,76389,,BANKNIFTY,,2027-03-30,2027-03-30,49500.00,PE,BANKNIFTY27MAR49500PE,0.00,0.00,0.00,2038.80,0.00,2038.80,56301.95,1080.00,0,0,0,0.00,0,F1,30,,,,,
2026-04-15,2026-04-15,FO,NSE,IDO,76381,,BANKNIFTY,,2027-03-30,2027-03-30,43500.00,PE,BANKNIFTY27MAR43500PE,0.00,0.00,0.00,610.65,0.00,610.65,56301.95,285.25,0,0,0,0.00,0,F1,30,,,,,
2026-04-15,2026-04-15,FO,NSE,IDO,53247,,BANKNIFTY,,2026-12-29,2026-12-29,63000.00,PE,BANKNIFTY26DEC63000PE,0.00,0.00,0.00,3781.45,0.00,3781.45,56301.95,6471.90,0,0,0,0.00,0,F1,30,,,,,
2026-04-15,2026-04-15,FO,NSE,IDO,53221,,BANKNIFTY,,2026-12-29,2026-12-29,51000.00,PE,BANKNIFTY26DEC51000PE,0.00,0.00,0.00,358.95,0.00,358.95,56301.95,1148.35,0,0,0,0.00,0,F1,30,,,,,
2026-04-15,2026-04-15,FO,NSE,IDF,62326,,BANKNIFTY,,2026-06-30,2026-06-30,,,BANKNIFTY26JUNFUT,57300.00,57499.80,56820.00,56999.80,56963.60,56294.00,56301.95,56999.80,82230,11820,1298,2224104726.00,1052,F1,30,,,,,
2026-04-15,2026-04-15,FO,NSE,IDO,67162,,BANKNIFTY,,2026-04-28,2026-04-28,45400.00,CE,BANKNIFTY26APR45400CE,0.00,0.00,0.00,14500.85,0.00,14500.85,56301.95,10995.80,0,0,0,0.00,0,F1,30,,,,,
2026-04-15,2026-04-15,FO,NSE,IDO,67239,,BANKNIFTY,,2026-04-28,2026-04-28,47000.00,CE,BANKNIFTY26APR47000CE,8750.00,9570.00,8750.00,9447.20,9447.20,8749.95,56301.95,9399.15,7230,-90,7,11830339.50,7,F1,30,,,,,
2026-04-15,2026-04-15,FO,NSE,IDO,67410,,BANKNIFTY,,2026-04-28,2026-04-28,50800.00,CE,BANKNIFTY26APR50800CE,5750.00,5750.00,5750.00,5750.00,5750.00,5024.00,56301.95,5610.25,20700,0,1,1696500.00,1,F1,30,,,,,
2026-04-15,2026-04-15,FO,NSE,IDO,67438,,BANKNIFTY,,2026-04-28,2026-04-28,52200.00,CE,BANKNIFTY26APR52200CE,4453.45,4564.90,4259.15,4279.55,4259.15,3744.40,56301.95,4279.55,14640,-210,26,44189569.50,22,F1,30,,,,,
2026-04-15,2026-04-15,FO,NSE,IDO,67440,,BANKNIFTY,,2026-04-28,2026-04-28,52300.00,CE,BANKNIFTY26APR52300CE,4360.80,4360.80,4175.55,4328.55,4328.55,3695.20,56301.95,4136.20,24510,-90,9,15279294.00,8,F1,30,,,,,
2026-04-15,2026-04-15,FO,NSE,IDO,67464,,BANKNIFTY,,2026-04-28,2026-04-28,53500.00,CE,BANKNIFTY26APR53500CE,3244.40,3573.00,3000.00,3106.40,3069.00,2662.60,56301.95,3106.40,139380,-2850,235,399954643.50,178,F1,30,,,,,
2026-04-15,2026-04-15,FO,NSE,IDO,67510,,BANKNIFTY,,2026-04-28,2026-04-28,55200.00,CE,BANKNIFTY26APR55200CE,2106.00,2106.00,1604.50,1686.50,1656.85,1404.25,56301.95,1686.50,34140,-7980,1275,2180093671.50,652,F1,30,,,,,
2026-04-15,2026-04-15,FO,NSE,IDO,67544,,BANKNIFTY,,2026-04-28,2026-04-28,56800.00,CE,BANKNIFTY26APR56800CE,780.00,987.80,658.75,699.95,681.15,561.05,56301.95,699.95,90720,23520,22415,38719136232.00,14957,F1,30,,,,,
2026-04-15,2026-04-15,FO,NSE,IDO,67550,,BANKNIFTY,,2026-04-28,2026-04-28,57100.00,CE,BANKNIFTY26APR57100CE,630.00,813.65,533.50,558.20,547.00,449.70,56301.95,558.20,75720,2100,15564,26946195739.50,9733,F1,30,,,,,
2026-04-15,2026-04-15,FO,NSE,IDO,67556,,BANKNIFTY,,2026-04-28,2026-04-28,57400.00,CE,BANKNIFTY26APR57400CE,561.00,656.50,425.00,447.10,436.00,357.70,56301.95,447.10,57810,6510,8753,15201698085.00,6399,F1,30,,,,,
2026-04-15,2026-04-15,FO,NSE,IDO,67600,,BANKNIFTY,,2026-04-28,2026-04-28,57800.00,CE,BANKNIFTY26APR57800CE,350.00,481.60,302.95,316.45,310.55,257.10,56301.95,316.45,50130,810,13024,22722143707.50,8804,F1,30,,,,,
2026-04-15,2026-04-15,FO,NSE,IDO,67090,,BANKNIFTY,,2026-05-26,2026-05-26,52600.00,PE,BANKNIFTY26MAY52600PE,379.90,424.10,339.60,418.40,422.30,535.05,56301.95,418.40,2220,840,77,122374113.00,60,F1,30,,,,,
2026-04-15,2026-04-15,FO,NSE,IDO,67119,,BANKNIFTY,,2026-05-26,2026-05-26,53200.00,PE,BANKNIFTY26MAY53200PE,416.75,478.00,407.75,476.55,476.55,877.80,56301.95,476.55,1980,510,76,122280081.00,49,F1,30,,,,,
2026-04-15,2026-04-15,FO,NSE,IDO,67203,,BANKNIFTY,,2026-05-26,2026-05-26,54100.00,PE,BANKNIFTY26MAY54100PE,583.00,697.95,581.00,639.55,639.55,990.00,56301.95,613.60,1170,-150,39,64035609.00,39,F1,30,,,,,
2026-04-15,2026-04-15,FO,NSE,IDO,67226,,BANKNIFTY,,2026-05-26,2026-05-26,54500.00,PE,BANKNIFTY26MAY54500PE,654.55,792.95,619.95,738.85,748.40,1092.60,56301.95,738.85,20340,1770,734,1215308694.00,512,F1,30,,,,,
2026-04-15,2026-04-15,FO,NSE,IDO,67258,,BANKNIFTY,,2026-05-26,2026-05-26,54900.00,PE,BANKNIFTY26MAY54900PE,760.55,804.95,700.50,748.85,748.85,1210.65,56301.95,852.40,4170,-810,89,148555758.00,76,F1,30,,,,,
2026-04-15,2026-04-15,FO,NSE,IDO,67567,,BANKNIFTY,,2026-05-26,2026-05-26,56500.00,PE,BANKNIFTY26MAY56500PE,1117.95,1444.50,1114.05,1344.40,1363.80,1818.15,56301.95,1344.40,67830,55590,4000,6938906917.50,3368,F1,30,,,,,
2026-04-15,2026-04-15,FO,NSE,IDO,67569,,BANKNIFTY,,2026-05-26,2026-05-26,56600.00,PE,BANKNIFTY26MAY56600PE,1294.10,1462.05,1189.65,1388.90,1400.30,1822.35,56301.95,1388.90,10830,10440,531,921965550.00,442,F1,30,,,,,
2026-04-15,2026-04-15,FO,NSE,IDO,67585,,BANKNIFTY,,2026-05-26,2026-05-26,57300.00,PE,BANKNIFTY26MAY57300PE,0.00,0.00,0.00,2056.75,2056.75,2056.75,56301.95,1938.50,660,0,0,0.00,0,F1,30,,,,,
2026-04-15,2026-04-15,FO,NSE,IDO,67613,,BANKNIFTY,,2026-05-26,2026-05-26,58100.00,PE,BANKNIFTY26MAY58100PE,0.00,0.00,0.00,2686.80,2686.80,2686.80,56301.95,2423.05,360,0,0,0.00,0,F1,30,,,,,
2026-04-15,2026-04-15,FO,NSE,IDO,67759,,BANKNIFTY,,2026-05-26,2026-05-26,59200.00,PE,BANKNIFTY26MAY59200PE,2644.85,2856.35,2629.20,2780.20,2811.50,5071.85,56301.95,2780.20,720,600,31,57577594.50,26,F1,30,,,,,
2026-04-15,2026-04-15,FO,NSE,IDO,67807,,BANKNIFTY,,2026-05-26,2026-05-26,59400.00,PE,BANKNIFTY26MAY59400PE,2962.15,2993.80,2920.70,2927.85,2927.85,6107.90,56301.95,3331.05,690,510,17,31804918.50,10,F1,30,,,,,
2026-04-15,2026-04-15,FO,NSE,IDO,68115,,BANKNIFTY,,2026-05-26,2026-05-26,62400.00,PE,BANKNIFTY26MAY62400PE,0.00,0.00,0.00,7634.05,7634.05,7634.05,56301.95,5842.60,60,0,0,0.00,0,F1,30,,,,,
2026-04-15,2026-04-15,FO,NSE,IDO,74899,,BANKNIFTY,,2026-06-30,2026-06-30,43000.00,PE,BANKNIFTY26JUN43000PE,0.00,0.00,0.00,55.35,55.35,55.35,56301.95,2.75,120,0,0,0.00,0,F1,30,,,,,
2026-04-15,2026-04-15,FO,NSE,IDO,74959,,BANKNIFTY,,2026-06-30,2026-06-30,44000.00,PE,BANKNIFTY26JUN44000PE,0.00,0.00,0.00,125.00,0.00,125.00,56301.95,6.00,0,0,0,0.00,0,F1,30,,,,,
2026-04-15,2026-04-15,FO,NSE,IDO,75031,,BANKNIFTY,,2026-06-30,2026-06-30,45300.00,PE,BANKNIFTY26JUN45300PE,0.00,0.00,0.00,242.05,0.00,242.05,56301.95,15.35,0,0,0,0.00,0,F1,30,,,,,
2026-04-15,2026-04-15,FO,NSE,IDO,75263,,BANKNIFTY,,2026-06-30,2026-06-30,48600.00,PE,BANKNIFTY26JUN48600PE,0.00,0.00,0.00,916.30,0.00,916.30,56301.95,108.85,0,0,0,0.00,0,F1,30,,,,,
2026-04-15,2026-04-15,FO,NSE,IDO,75269,,BANKNIFTY,,2026-06-30,2026-06-30,48900.00,PE,BANKNIFTY26JUN48900PE,192.40,300.00,192.40,300.00,300.00,561.70,56301.95,126.65,1890,30,11,16224147.00,4,F1,30,,,,,
2026-04-15,2026-04-15,FO,NSE,IDO,75271,,BANKNIFTY,,2026-06-30,2026-06-30,49000.00,PE,BANKNIFTY26JUN49000PE,299.00,332.30,278.55,320.90,325.75,466.85,56301.95,320.90,6330,450,251,371256975.00,168,F1,30,,,,,
2026-04-15,2026-04-15,FO,NSE,IDO,75279,,BANKNIFTY,,2026-06-30,2026-06-30,49400.00,PE,BANKNIFTY26JUN49400PE,0.00,0.00,0.00,1188.80,0.00,1188.80,56301.95,161.60,0,0,0,0.00,0,F1,30,,,,,
2026-04-15,2026-04-15,FO,NSE,IDO,75427,,BANKNIFTY,,2026-06-30,2026-06-30,51300.00,PE,BANKNIFTY26JUN51300PE,0.00,0.00,0.00,716.90,714.95,716.90,56301.95,370.95,1110,0,0,0.00,0,F1,30,,,,,
2026-04-15,2026-04-15,FO,NSE,IDO,75460,,BANKNIFTY,,2026-06-30,2026-06-30,52400.00,PE,BANKNIFTY26JUN52400PE,592.60,599.10,588.45,588.45,588.45,1966.50,56301.95,563.95,600,0,8,12718240.50,3,F1,30,,,,,
2026-04-15,2026-04-15,FO,NSE,IDO,75566,,BANKNIFTY,,2026-06-30,2026-06-30,53300.00,PE,BANKNIFTY26JUN53300PE,0.00,0.00,0.00,1082.35,1082.35,1082.35,56301.95,772.60,30,0,0,0.00,0,F1,30,,,,,
2026-04-15,2026-04-15,FO,NSE,IDO,75605,,BANKNIFTY,,2026-06-30,2026-06-30,55200.00,PE,BANKNIFTY26JUN55200PE,0.00,0.00,0.00,4595.90,0.00,4595.90,56301.95,1374.00,0,0,0,0.00,0,F1,30,,,,,
2026-04-15,2026-04-15,FO,NSE,IDO,67282,,BANKNIFTY,,2026-05-26,2026-05-26,55600.00,CE,BANKNIFTY26MAY55600CE,2355.00,2358.25,2084.40,2134.25,2134.20,1890.25,56301.95,2134.25,2640,-1830,100,173533168.50,93,F1,30,,,,,
2026-04-15,2026-04-15,FO,NSE,IDO,57722,,BANKNIFTY,,2026-06-30,2026-06-30,55500.00,PE,BANKNIFTY26JUN55500PE,1200.00,1401.00,1191.00,1312.65,1325.00,1749.70,56301.95,1312.65,12090,-240,102,173735643.00,83,F1,30,,,,,
2026-04-15,2026-04-15,FO,NSE,IDO,75814,,BANKNIFTY,,2026-06-30,2026-06-30,59500.00,PE,BANKNIFTY26JUN59500PE,0.00,0.00,0.00,8307.60,0.00,8307.60,56301.95,3664.80,0,0,0,0.00,0,F1,30,,,,,
2026-04-15,2026-04-15,FO,NSE,IDO,52285,,BANKNIFTY,,2026-09-29,2026-09-29,52500.00,PE,BANKNIFTY26SEP52500PE,0.00,0.00,0.00,1578.80,0.00,1578.80,56301.95,1152.20,0,0,0,0.00,0,F1,30,,,,,
2026-04-15,2026-04-15,FO,NSE,IDO,52298,,BANKNIFTY,,2026-09-29,2026-09-29,55500.00,PE,BANKNIFTY26SEP55500PE,0.00,0.00,0.00,2623.20,0.00,2623.20,56301.95,2142.45,0,0,0,0.00,0,F1,30,,,,,
2026-04-15,2026-04-15,FO,NSE,IDO,67698,,BANKNIFTY,,2026-04-28,2026-04-28,59200.00,CE,BANKNIFTY26APR59200CE,99.00,149.90,82.45,88.00,87.25,76.65,56301.95,88.00,35940,300,6163,10964003752.50,3517,F1,30,,,,,
2026-04-15,2026-04-15,FO,NSE,IDO,67730,,BANKNIFTY,,2026-04-28,2026-04-28,60800.00,CE,BANKNIFTY26APR60800CE,27.25,28.75,22.45,23.65,23.20,24.95,56301.95,23.65,11490,390,283,516411829.50,144,F1,30,,,,,
2026-04-15,2026-04-15,FO,NSE,IDO,67778,,BANKNIFTY,,2026-04-28,2026-04-28,61500.00,CE,BANKNIFTY26APR61500CE,18.20,25.10,12.95,14.55,13.85,17.20,56301.95,14.55,222150,17730,17195,31733682570.00,8073,F1,30,,,,,
2026-04-15,2026-04-15,FO,NSE,IDO,67833,,BANKNIFTY,,2026-04-28,2026-04-28,62700.00,CE,BANKNIFTY26APR62700CE,11.80,12.40,8.10,8.75,8.95,10.85,56301.95,8.75,6450,-120,66,124166625.00,50,F1,30,,,,,
2026-04-15,2026-04-15,FO,NSE,IDO,67883,,BANKNIFTY,,2026-04-28,2026-04-28,63800.00,CE,BANKNIFTY26APR63800CE,7.55,8.00,6.00,6.35,6.50,7.35,56301.95,6.35,1470,30,26,49769358.00,22,F1,30,,,,,
2026-04-15,2026-04-15,FO,NSE,IDO,68180,,BANKNIFTY,,2026-04-28,2026-04-28,65900.00,CE,BANKNIFTY26APR65900CE,4.00,4.85,2.85,3.35,3.35,3.05,56301.95,0.05,7530,-360,58,114673039.50,44,F1,30,,,,,
2026-04-15,2026-04-15,FO,NSE,IDO,68188,,BANKNIFTY,,2026-04-28,2026-04-28,66300.00,CE,BANKNIFTY26APR66300CE,3.45,4.00,2.25,3.00,3.20,2.80,56301.95,3.00,8160,-960,72,143215374.00,41,F1,30,,,,,
2026-04-15,2026-04-15,FO,NSE,IDO,68255,,BANKNIFTY,,2026-04-28,2026-04-28,67500.00,CE,BANKNIFTY26APR67500CE,2.65,3.50,2.25,2.55,3.50,2.05,56301.95,2.55,14940,-2010,746,1510712137.50,369,F1,30,,,,,
2026-04-15,2026-04-15,FO,NSE,IDO,66464,,BANKNIFTY,,2026-05-26,2026-05-26,44500.00,CE,BANKNIFTY26MAY44500CE,0.00,0.00,0.00,17280.10,0.00,17280.10,56301.95,12113.15,0,0,0,0.00,0,F1,30,,,,,
2026-04-15,2026-04-15,FO,NSE,IDO,66578,,BANKNIFTY,,2026-05-26,2026-05-26,47300.00,CE,BANKNIFTY26MAY47300CE,0.00,0.00,0.00,14526.50,0.00,14526.50,56301.95,9339.30,0,0,0,0.00,0,F1,30,,,,,
2026-04-15,2026-04-15,FO,NSE,IDO,66634,,BANKNIFTY,,2026-05-26,2026-05-26,48200.00,CE,BANKNIFTY26MAY48200CE,0.00,0.00,0.00,13641.75,0.00,13641.75,56301.95,8454.05,0,0,0,0.00,0,F1,30,,,,,
2026-04-15,2026-04-15,FO,NSE,IDO,66640,,BANKNIFTY,,2026-05-26,2026-05-26,48500.00,CE,BANKNIFTY26MAY48500CE,8300.00,8400.00,8300.00,8400.00,8400.00,7375.00,56301.95,8160.55,210,90,3,5115000.00,2,F1,30,,,,,
2026-04-15,2026-04-15,FO,NSE,IDO,66658,,BANKNIFTY,,2026-05-26,2026-05-26,49300.00,CE,BANKNIFTY26MAY49300CE,0.00,0.00,0.00,12561.20,0.00,12561.20,56301.95,7383.50,0,0,0,0.00,0,F1,30,,,,,
2026-04-15,2026-04-15,FO,NSE,IDO,66660,,BANKNIFTY,,2026-05-26,2026-05-26,49400.00,CE,BANKNIFTY26MAY49400CE,0.00,0.00,0.00,3202.10,3207.75,3202.10,56301.95,7287.10,60,0,0,0.00,0,F1,30,,,,,
2026-04-15,2026-04-15,FO,NSE,IDO,66757,,BANKNIFTY,,2026-05-26,2026-05-26,50700.00,CE,BANKNIFTY26MAY50700CE,0.00,0.00,0.00,5411.10,5411.10,5411.10,56301.95,6055.05,330,0,0,0.00,0,F1,30,,,,,
2026-04-15,2026-04-15,FO,NSE,IDO,66771,,BANKNIFTY,,2026-05-26,2026-05-26,51400.00,CE,BANKNIFTY26MAY51400CE,5555.00,5555.00,5555.00,5555.00,5555.00,4896.50,56301.95,5555.00,420,-30,1,1708650.00,1,F1,30,,,,,
2026-04-15,2026-04-15,FO,NSE,IDO,67068,,BANKNIFTY,,2026-05-26,2026-05-26,52100.00,CE,BANKNIFTY26MAY52100CE,0.00,0.00,0.00,4450.00,4450.00,4450.00,56301.95,4794.60,660,0,0,0.00,0,F1,30,,,,,
2026-04-15,2026-04-15,FO,NSE,IDO,67263,,BANKNIFTY,,2026-05-26,2026-05-26,55100.00,CE,BANKNIFTY26MAY55100CE,2731.10,2731.10,2455.20,2455.20,2455.20,2200.00,56301.95,2455.20,1230,-210,21,36327337.50,18,F1,30,,,,,
2026-04-15,2026-04-15,FO,NSE,IDO,66774,,BANKNIFTY,,2026-05-26,2026-05-26,51500.00,PE,BANKNIFTY26MAY51500PE,267.20,321.45,250.00,300.00,304.60,503.65,56301.95,300.00,10020,-11460,983,1527256743.00,693,F1,30,,,,,
2026-04-15,2026-04-15,FO,NSE,IDO,66678,,BANKNIFTY,,2026-05-26,2026-05-26,49900.00,PE,BANKNIFTY26MAY49900PE,84.60,84.60,84.60,84.60,84.60,1180.00,56301.95,57.60,30,0,1,1499538.00,1,F1,30,,,,,
2026-04-15,2026-04-15,FO,NSE,IDO,66649,,BANKNIFTY,,2026-05-26,2026-05-26,48800.00,PE,BANKNIFTY26MAY48800PE,0.00,0.00,0.00,1.30,0.00,1.30,56301.95,25.25,0,0,0,0.00,0,F1,30,,,,,
2026-04-15,2026-04-15,FO,NSE,IDO,66647,,BANKNIFTY,,2026-05-26,2026-05-26,48700.00,PE,BANKNIFTY26MAY48700PE,0.00,0.00,0.00,1.20,0.00,1.20,56301.95,23.30,0,0,0,0.00,0,F1,30,,,,,
2026-04-15,2026-04-15,FO,NSE,IDO,66645,,BANKNIFTY,,2026-05-26,2026-05-26,48600.00,PE,BANKNIFTY26MAY48600PE,0.00,0.00,0.00,1.05,0.00,1.05,56301.95,21.50,0,0,0,0.00,0,F1,30,,,,,
2026-04-15,2026-04-15,FO,NSE,IDO,66614,,BANKNIFTY,,2026-05-26,2026-05-26,48000.00,PE,BANKNIFTY26MAY48000PE,121.65,129.35,99.00,110.75,119.10,213.40,56301.95,110.75,5100,1680,282,407021766.00,110,F1,30,,,,,
2026-04-15,2026-04-15,FO,NSE,IDO,66581,,BANKNIFTY,,2026-05-26,2026-05-26,47300.00,PE,BANKNIFTY26MAY47300PE,0.00,0.00,0.00,0.30,0.00,0.30,56301.95,6.95,0,0,0,0.00,0,F1,30,,,,,
2026-04-15,2026-04-15,FO,NSE,IDO,68323,,BANKNIFTY,,2026-04-28,2026-04-28,69000.00,PE,BANKNIFTY26APR69000PE,0.00,0.00,0.00,8812.35,0.00,8812.35,56301.95,12555.45,0,0,0,0.00,0,F1,30,,,,,
2026-04-15,2026-04-15,FO,NSE,IDO,68199,,BANKNIFTY,,2026-04-28,2026-04-28,66600.00,PE,BANKNIFTY26APR66600PE,0.00,0.00,0.00,4732.10,4732.10,4732.10,56301.95,10160.40,30,0,0,0.00,0,F1,30,,,,,
2026-04-15,2026-04-15,FO,NSE,IDO,68155,,BANKNIFTY,,2026-04-28,2026-04-28,65400.00,PE,BANKNIFTY26APR65400PE,0.00,0.00,0.00,11047.60,11047.60,11047.60,56301.95,8962.95,30,0,0,0.00,0,F1,30,,,,,
2026-04-15,2026-04-15,FO,NSE,IDO,67892,,BANKNIFTY,,2026-04-28,2026-04-28,64200.00,PE,BANKNIFTY26APR64200PE,0.00,0.00,0.00,9854.40,9854.40,9854.40,56301.95,7765.80,60,0,0,0.00,0,F1,30,,,,,
2026-04-15,2026-04-15,FO,NSE,IDO,67540,,BANKNIFTY,,2026-04-28,2026-04-28,56600.00,CE,BANKNIFTY26APR56600CE,920.00,1128.95,751.80,799.25,778.95,645.00,56301.95,799.25,88200,36030,31328,54013927257.00,21011,F1,30,,,,,
2026-04-15,2026-04-15,FO,NSE,IDO,67530,,BANKNIFTY,,2026-04-28,2026-04-28,56100.00,CE,BANKNIFTY26APR56100CE,1150.00,1432.05,1020.35,1080.80,1053.45,886.25,56301.95,1080.80,60090,-3240,9003,15454950565.50,6567,F1,30,,,,,
2026-04-15,2026-04-15,FO,NSE,IDO,67526,,BANKNIFTY,,2026-04-28,2026-04-28,55900.00,CE,BANKNIFTY26APR55900CE,1399.95,1566.25,1132.60,1205.15,1175.20,989.30,56301.95,1205.15,63660,-17940,3255,5587089049.50,2212,F1,30,,,,,
2026-04-15,2026-04-15,FO,NSE,IDO,67494,,BANKNIFTY,,2026-04-28,2026-04-28,54900.00,CE,BANKNIFTY26APR54900CE,1950.00,2385.70,1822.00,1915.10,1882.70,1602.15,56301.95,1915.10,30060,-3840,390,666322498.50,256,F1,30,,,,,
2026-04-15,2026-04-15,FO,NSE,IDO,67486,,BANKNIFTY,,2026-04-28,2026-04-28,54500.00,CE,BANKNIFTY26APR54500CE,2659.95,2732.15,2152.15,2226.25,2210.00,1884.85,56301.95,2226.25,208890,-11250,1144,1952357262.00,824,F1,30,,,,,
2026-04-15,2026-04-15,FO,NSE,IDO,67448,,BANKNIFTY,,2026-04-28,2026-04-28,52700.00,CE,BANKNIFTY26APR52700CE,3882.50,4075.00,3873.70,4000.00,4000.00,3354.30,56301.95,3752.90,55290,-240,25,42505315.50,17,F1,30,,,,,
2026-04-15,2026-04-15,FO,NSE,IDO,67436,,BANKNIFTY,,2026-04-28,2026-04-28,52100.00,CE,BANKNIFTY26APR52100CE,4807.10,4830.65,4375.00,4417.95,4417.95,3800.00,56301.95,4417.95,16650,-1590,62,105612784.50,50,F1,30,,,,,
2026-04-15,2026-04-15,FO,NSE,IDO,67412,,BANKNIFTY,,2026-04-28,2026-04-28,50900.00,CE,BANKNIFTY26APR50900CE,0.00,0.00,0.00,5017.55,5001.95,5017.55,56301.95,5511.00,19890,0,0,0.00,0,F1,30,,,,,
2026-04-15,2026-04-15,FO,NSE,IDO,67408,,BANKNIFTY,,2026-04-28,2026-04-28,50700.00,CE,BANKNIFTY26APR50700CE,6024.00,6024.00,5685.00,5735.00,5735.00,5008.00,56301.95,5735.00,16680,90,10,16964790.00,10,F1,30,,,,,
2026-04-15,2026-04-15,FO,NSE,IDO,67342,,BANKNIFTY,,2026-04-28,2026-04-28,49500.00,CE,BANKNIFTY26APR49500CE,7376.55,7376.55,6920.95,6920.95,6920.95,6269.40,56301.95,6904.65,17310,-60,4,6787632.00,4,F1,30,,,,,
2026-04-15,2026-04-15,FO,NSE,IDO,67301,,BANKNIFTY,,2026-04-28,2026-04-28,48300.00,CE,BANKNIFTY26APR48300CE,0.00,0.00,0.00,4650.00,4650.00,4650.00,56301.95,8101.85,1020,0,0,0.00,0,F1,30,,,,,
2026-04-15,2026-04-15,FO,NSE,IDO,67169,,BANKNIFTY,,2026-04-28,2026-04-28,45700.00,CE,BANKNIFTY26APR45700CE,0.00,0.00,0.00,14205.50,0.00,14205.50,56301.95,10696.45,0,0,0,0.00,0,F1,30,,,,,
2026-04-15,2026-04-15,FO,NSE,IDO,52335,,BANKNIFTY,,2026-09-29,2026-09-29,57000.00,PE,BANKNIFTY26SEP57000PE,0.00,0.00,0.00,3274.80,0.00,3274.80,56301.95,2795.55,0,0,0,0.00,0,F1,30,,,,,
2026-04-15,2026-04-15,FO,NSE,IDO,75892,,BANKNIFTY,,2026-06-30,2026-06-30,61700.00,PE,BANKNIFTY26JUN61700PE,0.00,0.00,0.00,10381.10,0.00,10381.10,56301.95,5287.25,0,0,0,0.00,0,F1,30,,,,,
2026-04-15,2026-04-15,FO,NSE,IDO,75843,,BANKNIFTY,,2026-06-30,2026-06-30,60700.00,PE,BANKNIFTY26JUN60700PE,0.00,0.00,0.00,9430.25,0.00,9430.25,56301.95,4520.10,0,0,0,0.00,0,F1,30,,,,,
2026-04-15,2026-04-15,FO,NSE,IDO,75821,,BANKNIFTY,,2026-06-30,2026-06-30,59700.00,PE,BANKNIFTY26JUN59700PE,0.00,0.00,0.00,8493.00,0.00,8493.00,56301.95,3801.20,0,0,0,0.00,0,F1,30,,,,,
2026-04-15,2026-04-15,FO,NSE,IDO,75805,,BANKNIFTY,,2026-06-30,2026-06-30,59200.00,PE,BANKNIFTY26JUN59200PE,0.00,0.00,0.00,8030.95,0.00,8030.95,56301.95,3464.80,0,0,0,0.00,0,F1,30,,,,,
2026-04-15,2026-04-15,FO,NSE,IDO,75793,,BANKNIFTY,,2026-06-30,2026-06-30,58600.00,PE,BANKNIFTY26JUN58600PE,0.00,0.00,0.00,7483.50,0.00,7483.50,56301.95,3081.65,0,0,0,0.00,0,F1,30,,,,,
2026-04-15,2026-04-15,FO,NSE,IDO,67881,,BANKNIFTY,,2026-04-28,2026-04-28,63700.00,CE,BANKNIFTY26APR63700CE,7.95,8.45,5.65,6.25,5.90,7.35,56301.95,6.25,2910,-2880,463,884890456.50,219,F1,30,,,,,
2026-04-15,2026-04-15,FO,NSE,IDO,67687,,BANKNIFTY,,2026-04-28,2026-04-28,58900.00,CE,BANKNIFTY26APR58900CE,136.00,179.95,109.05,116.10,115.35,99.25,56301.95,116.10,27960,-15600,5047,8938664085.00,3497,F1,30,,,,,
2026-04-15,2026-04-15,FO,NSE,IDO,67631,,BANKNIFTY,,2026-04-28,2026-04-28,58400.00,CE,BANKNIFTY26APR58400CE,350.00,350.00,175.60,185.55,183.10,152.75,56301.95,185.55,25770,-1380,4706,8274354478.50,3166,F1,30,,,,,
2026-04-15,2026-04-15,FO,NSE,IDO,67611,,BANKNIFTY,,2026-04-28,2026-04-28,58000.00,CE,BANKNIFTY26APR58000CE,375.00,408.70,253.50,266.50,263.00,215.50,56301.95,266.50,783630,-36690,93463,163461934486.50,54391,F1,30,,,,,
2026-04-15,2026-04-15,FO,NSE,IDO,67554,,BANKNIFTY,,2026-04-28,2026-04-28,57300.00,CE,BANKNIFTY26APR57300CE,485.00,717.95,457.05,484.75,472.40,386.35,56301.95,484.75,79470,34200,18362,31856811654.00,12653,F1,30,,,,,
2026-04-15,2026-04-15,FO,NSE,IDO,67536,,BANKNIFTY,,2026-04-28,2026-04-28,56400.00,CE,BANKNIFTY26APR56400CE,1000.35,1241.15,852.10,913.00,880.10,735.20,56301.95,913.00,105840,73320,45533,78352613346.00,29724,F1,30,,,,,
2026-04-15,2026-04-15,FO,NSE,IDO,67532,,BANKNIFTY,,2026-04-28,2026-04-28,56200.00,CE,BANKNIFTY26APR56200CE,1065.80,1366.65,962.20,1020.90,997.15,828.55,56301.95,1020.90,69750,7440,31367,53869225689.00,20677,F1,30,,,,,
2026-04-15,2026-04-15,FO,NSE,IDO,67474,,BANKNIFTY,,2026-04-28,2026-04-28,54000.00,CE,BANKNIFTY26APR54000CE,2845.00,3171.35,2546.00,2661.70,2626.25,2256.15,56301.95,2661.70,390120,-1470,3388,5773391367.00,2402,F1,30,,,,,
2026-04-15,2026-04-15,FO,NSE,IDO,67324,,BANKNIFTY,,2026-04-28,2026-04-28,49100.00,CE,BANKNIFTY26APR49100CE,0.00,0.00,0.00,6700.10,6700.10,6700.10,56301.95,7303.65,1140,0,0,0.00,0,F1,30,,,,,
2026-04-15,2026-04-15,FO,NSE,IDO,67318,,BANKNIFTY,,2026-04-28,2026-04-28,49000.00,CE,BANKNIFTY26APR49000CE,7471.00,7665.00,7367.00,7380.00,7380.00,6836.00,56301.95,7403.40,18360,-540,28,47435811.00,22,F1,30,,,,,
2026-04-15,2026-04-15,FO,NSE,IDO,67223,,BANKNIFTY,,2026-04-28,2026-04-28,46400.00,CE,BANKNIFTY26APR46400CE,0.00,0.00,0.00,5780.85,5780.85,5780.85,56301.95,9997.90,210,0,0,0.00,0,F1,30,,,,,
2026-04-15,2026-04-15,FO,NSE,IDO,67879,,BANKNIFTY,,2026-04-28,2026-04-28,63600.00,CE,BANKNIFTY26APR63600CE,7.35,8.50,5.50,7.40,7.00,8.00,56301.95,7.40,3480,1440,156,297682480.50,67,F1,30,,,,,
2026-04-15,2026-04-15,FO,NSE,IDO,67208,,BANKNIFTY,,2026-04-28,2026-04-28,46000.00,PE,BANKNIFTY26APR46000PE,15.20,16.55,9.55,10.15,9.55,24.35,56301.95,10.15,203910,-94950,12307,16987975656.00,5323,F1,30,,,,,
2026-04-15,2026-04-15,FO,NSE,IDO,67242,,BANKNIFTY,,2026-04-28,2026-04-28,47100.00,PE,BANKNIFTY26APR47100PE,37.00,37.00,14.10,14.80,14.10,37.00,56301.95,14.80,19020,-390,504,712393119.00,173,F1,30,,,,,
2026-04-15,2026-04-15,FO,NSE,IDO,67244,,BANKNIFTY,,2026-04-28,2026-04-28,47200.00,PE,BANKNIFTY26APR47200PE,20.05,20.05,13.90,14.45,13.90,1.00,56301.95,14.45,1530,1530,1499,2123361952.50,347,F1,30,,,,,
2026-04-15,2026-04-15,FO,NSE,IDO,67302,,BANKNIFTY,,2026-04-28,2026-04-28,48300.00,PE,BANKNIFTY26APR48300PE,28.00,28.25,20.50,22.70,22.20,58.20,56301.95,22.70,5730,-1860,458,663971308.50,275,F1,30,,,,,
2026-04-15,2026-04-15,FO,NSE,IDO,67310,,BANKNIFTY,,2026-04-28,2026-04-28,48700.00,PE,BANKNIFTY26APR48700PE,33.35,33.35,24.45,26.15,26.35,69.15,56301.95,26.15,4980,1470,175,255815157.00,102,F1,30,,,,,
2026-04-15,2026-04-15,FO,NSE,IDO,67314,,BANKNIFTY,,2026-04-28,2026-04-28,48800.00,PE,BANKNIFTY26APR48800PE,31.35,32.65,24.90,27.40,26.00,71.25,56301.95,27.40,8790,-2520,535,783702349.50,330,F1,30,,,,,
2026-04-15,2026-04-15,FO,NSE,IDO,67393,,BANKNIFTY,,2026-04-28,2026-04-28,50000.00,PE,BANKNIFTY26APR50000PE,73.00,77.50,37.80,45.30,45.00,112.80,56301.95,45.30,616770,-2880,38432,57700350889.50,17787,F1,30,,,,,
2026-04-15,2026-04-15,FO,NSE,IDO,67429,,BANKNIFTY,,2026-04-28,2026-04-28,51700.00,PE,BANKNIFTY26APR51700PE,86.55,110.00,66.85,95.55,96.30,218.45,56301.95,95.55,48930,2610,1451,2254316898.00,801,F1,30,,,,,
2026-04-15,2026-04-15,FO,NSE,IDO,67445,,BANKNIFTY,,2026-04-28,2026-04-28,52500.00,PE,BANKNIFTY26APR52500PE,160.00,160.00,94.95,135.25,136.05,296.35,56301.95,135.25,274380,3570,15770,24897406804.50,10480,F1,30,,,,,
2026-04-15,2026-04-15,FO,NSE,IDO,67467,,BANKNIFTY,,2026-04-28,2026-04-28,53600.00,PE,BANKNIFTY26APR53600PE,384.55,384.55,154.50,230.45,234.00,464.15,56301.95,230.45,24510,8430,3335,5384284468.50,2110,F1,30,,,,,
2026-04-15,2026-04-15,FO,NSE,IDO,67477,,BANKNIFTY,,2026-04-28,2026-04-28,54100.00,PE,BANKNIFTY26APR54100PE,300.00,340.95,200.05,288.95,298.15,574.35,56301.95,288.95,20760,-6870,3766,6143663157.00,2641,F1,30,,,,,
2026-04-15,2026-04-15,FO,NSE,IDO,67529,,BANKNIFTY,,2026-04-28,2026-04-28,56000.00,PE,BANKNIFTY26APR56000PE,810.95,855.20,530.00,744.55,763.55,1200.25,56301.95,744.55,503250,25560,89428,152178064360.50,59393,F1,30,,,,,
2026-04-15,2026-04-15,FO,NSE,IDO,67729,,BANKNIFTY,,2026-04-28,2026-04-28,60700.00,PE,BANKNIFTY26APR60700PE,0.00,0.00,0.00,4900.00,4900.00,4900.00,56301.95,4305.80,1260,0,0,0.00,0,F1,30,,,,,
2026-04-15,2026-04-15,FO,NSE,IDO,67859,,BANKNIFTY,,2026-04-28,2026-04-28,63100.00,PE,BANKNIFTY26APR63100PE,0.00,0.00,0.00,10393.50,10393.50,10393.50,56301.95,6669.70,60,0,0,0.00,0,F1,30,,,,,
2026-04-15,2026-04-15,FO,NSE,IDO,67867,,BANKNIFTY,,2026-04-28,2026-04-28,63400.00,PE,BANKNIFTY26APR63400PE,0.00,0.00,0.00,10690.60,10690.60,10690.60,56301.95,6968.40,210,0,0,0.00,0,F1,30,,,,,
2026-04-15,2026-04-15,FO,NSE,IDO,67922,,BANKNIFTY,,2026-04-28,2026-04-28,64700.00,PE,BANKNIFTY26APR64700PE,0.00,0.00,0.00,11578.15,11578.15,11578.15,56301.95,8264.55,60,0,0,0.00,0,F1,30,,,,,
2026-04-15,2026-04-15,FO,NSE,IDO,67940,,BANKNIFTY,,2026-04-28,2026-04-28,65100.00,PE,BANKNIFTY26APR65100PE,0.00,0.00,0.00,10741.15,10741.15,10741.15,56301.95,8663.60,30,0,0,0.00,0,F1,30,,,,,
2026-04-15,2026-04-15,FO,NSE,IDO,66552,,BANKNIFTY,,2026-05-26,2026-05-26,46700.00,PE,BANKNIFTY26MAY46700PE,0.00,0.00,0.00,0.15,0.00,0.15,56301.95,3.95,0,0,0,0.00,0,F1,30,,,,,
2026-04-15,2026-04-15,FO,NSE,IDO,66628,,BANKNIFTY,,2026-05-26,2026-05-26,48100.00,PE,BANKNIFTY26MAY48100PE,0.00,0.00,0.00,0.65,0.00,0.65,56301.95,14.20,0,0,0,0.00,0,F1,30,,,,,
2026-04-15,2026-04-15,FO,NSE,IDO,66643,,BANKNIFTY,,2026-05-26,2026-05-26,48500.00,PE,BANKNIFTY26MAY48500PE,119.90,141.50,117.50,129.00,129.00,236.35,56301.95,129.00,7440,-180,50,72940548.00,26,F1,30,,,,,
2026-04-15,2026-04-15,FO,NSE,IDO,66666,,BANKNIFTY,,2026-05-26,2026-05-26,49600.00,PE,BANKNIFTY26MAY49600PE,0.00,0.00,0.00,2.70,0.00,2.70,56301.95,46.45,0,0,0,0.00,0,F1,30,,,,,
2026-04-15,2026-04-15,FO,NSE,IDO,66676,,BANKNIFTY,,2026-05-26,2026-05-26,49800.00,PE,BANKNIFTY26MAY49800PE,0.00,0.00,0.00,3.20,0.00,3.20,56301.95,53.65,0,0,0,0.00,0,F1,30,,,,,
2026-04-15,2026-04-15,FO,NSE,IDO,66758,,BANKNIFTY,,2026-05-26,2026-05-26,50700.00,PE,BANKNIFTY26MAY50700PE,0.00,0.00,0.00,6.75,0.00,6.75,56301.95,99.00,0,0,0,0.00,0,F1,30,,,,,
2026-04-15,2026-04-15,FO,NSE,IDO,66817,,BANKNIFTY,,2026-05-26,2026-05-26,52000.00,PE,BANKNIFTY26MAY52000PE,323.10,369.65,277.35,349.45,360.35,568.85,56301.95,349.45,81600,-2850,2143,3363929758.50,1104,F1,30,,,,,
2026-04-15,2026-04-15,FO,NSE,IDO,67085,,BANKNIFTY,,2026-05-26,2026-05-26,52400.00,PE,BANKNIFTY26MAY52400PE,337.25,395.60,337.25,395.60,395.60,545.65,56301.95,269.15,2100,1050,51,80721405.00,35,F1,30,,,,,
2026-04-15,2026-04-15,FO,NSE,IDO,67102,,BANKNIFTY,,2026-05-26,2026-05-26,52900.00,PE,BANKNIFTY26MAY52900PE,391.30,463.90,370.95,449.60,456.15,698.15,56301.95,449.60,2070,390,149,238294117.50,91,F1,30,,,,,
2026-04-15,2026-04-15,FO,NSE,IDO,67115,,BANKNIFTY,,2026-05-26,2026-05-26,53000.00,PE,BANKNIFTY26MAY53000PE,450.00,494.55,371.65,467.00,475.70,735.95,56301.95,467.00,71610,-8130,6008,9628934392.50,3230,F1,30,,,,,
2026-04-15,2026-04-15,FO,NSE,IDO,67260,,BANKNIFTY,,2026-05-26,2026-05-26,55000.00,PE,BANKNIFTY26MAY55000PE,800.05,920.70,704.85,856.15,870.00,1249.30,56301.95,856.15,80910,12060,4142,6935697412.50,2509,F1,30,,,,,
2026-04-15,2026-04-15,FO,NSE,IDO,67287,,BANKNIFTY,,2026-05-26,2026-05-26,55800.00,PE,BANKNIFTY26MAY55800PE,905.25,1188.00,905.25,1093.30,1076.60,1529.65,56301.95,1093.30,3810,90,40,68177329.50,38,F1,30,,,,,
2026-04-15,2026-04-15,FO,NSE,IDO,67565,,BANKNIFTY,,2026-05-26,2026-05-26,56400.00,PE,BANKNIFTY26MAY56400PE,1223.05,1400.00,1111.85,1315.75,1320.00,1775.30,56301.95,1315.75,7950,2430,251,434352060.00,204,F1,30,,,,,
2026-04-15,2026-04-15,FO,NSE,IDO,67579,,BANKNIFTY,,2026-05-26,2026-05-26,57000.00,PE,BANKNIFTY26MAY57000PE,1705.00,1705.00,1303.10,1548.40,1563.35,2038.70,56301.95,1548.40,75960,46260,4311,7566702294.00,3130,F1,30,,,,,
2026-04-15,2026-04-15,FO,NSE,IDO,67581,,BANKNIFTY,,2026-05-26,2026-05-26,57100.00,PE,BANKNIFTY26MAY57100PE,1432.50,1676.95,1380.30,1626.05,1626.05,2104.55,56301.95,1626.05,4650,3600,187,328539547.50,168,F1,30,,,,,
2026-04-15,2026-04-15,FO,NSE,IDO,67593,,BANKNIFTY,,2026-05-26,2026-05-26,57600.00,PE,BANKNIFTY26MAY57600PE,0.00,0.00,0.00,2312.90,2312.90,2312.90,56301.95,2113.30,240,0,0,0.00,0,F1,30,,,,,
2026-04-15,2026-04-15,FO,NSE,IDO,67603,,BANKNIFTY,,2026-05-26,2026-05-26,58000.00,PE,BANKNIFTY26MAY58000PE,1837.70,2173.00,1737.45,2048.85,2064.00,2580.10,56301.95,2048.85,142710,22890,1572,2827228467.00,1196,F1,30,,,,,
2026-04-15,2026-04-15,FO,NSE,IDO,67619,,BANKNIFTY,,2026-05-26,2026-05-26,58400.00,PE,BANKNIFTY26MAY58400PE,0.00,0.00,0.00,7773.15,7773.15,7773.15,56301.95,2619.55,240,0,0,0.00,0,F1,30,,,,,
2026-04-15,2026-04-15,FO,NSE,IDO,68091,,BANKNIFTY,,2026-05-26,2026-05-26,61400.00,PE,BANKNIFTY26MAY61400PE,0.00,0.00,0.00,6667.60,6667.60,6667.60,56301.95,4953.80,90,0,0,0.00,0,F1,30,,,,,
2026-04-15,2026-04-15,FO,NSE,IDO,68143,,BANKNIFTY,,2026-05-26,2026-05-26,63600.00,PE,BANKNIFTY26MAY63600PE,0.00,0.00,0.00,10249.10,10249.10,10249.10,56301.95,6954.10,30,0,0,0.00,0,F1,30,,,,,
2026-04-15,2026-04-15,FO,NSE,IDO,68212,,BANKNIFTY,,2026-05-26,2026-05-26,65600.00,PE,BANKNIFTY26MAY65600PE,0.00,0.00,0.00,10948.45,10948.45,10948.45,56301.95,8874.10,600,0,0,0.00,0,F1,30,,,,,
2026-04-15,2026-04-15,FO,NSE,IDO,68432,,BANKNIFTY,,2026-05-26,2026-05-26,68000.00,PE,BANKNIFTY26MAY68000PE,0.00,0.00,0.00,6136.10,0.00,6136.10,56301.95,11231.20,0,0,0,0.00,0,F1,30,,,,,
2026-04-15,2026-04-15,FO,NSE,IDO,75072,,BANKNIFTY,,2026-06-30,2026-06-30,45500.00,PE,BANKNIFTY26JUN45500PE,0.00,0.00,0.00,265.95,0.00,265.95,56301.95,17.60,0,0,0,0.00,0,F1,30,,,,,
2026-04-15,2026-04-15,FO,NSE,IDO,75109,,BANKNIFTY,,2026-06-30,2026-06-30,46000.00,PE,BANKNIFTY26JUN46000PE,186.90,190.00,162.00,169.85,169.00,270.00,56301.95,169.85,5190,1230,96,132979621.50,32,F1,30,,,,,
2026-04-15,2026-04-15,FO,NSE,IDO,75189,,BANKNIFTY,,2026-06-30,2026-06-30,47500.00,PE,BANKNIFTY26JUN47500PE,0.00,0.00,0.00,617.95,0.00,617.95,56301.95,60.25,0,0,0,0.00,0,F1,30,,,,,
2026-04-15,2026-04-15,FO,NSE,IDO,75250,,BANKNIFTY,,2026-06-30,2026-06-30,48400.00,PE,BANKNIFTY26JUN48400PE,0.00,0.00,0.00,855.60,0.00,855.60,56301.95,98.15,0,0,0,0.00,0,F1,30,,,,,
2026-04-15,2026-04-15,FO,NSE,IDO,75252,,BANKNIFTY,,2026-06-30,2026-06-30,48500.00,PE,BANKNIFTY26JUN48500PE,0.00,0.00,0.00,885.60,0.00,885.60,56301.95,103.40,0,0,0,0.00,0,F1,30,,,,,
2026-04-15,2026-04-15,FO,NSE,IDO,57707,,BANKNIFTY,,2026-06-30,2026-06-30,49500.00,PE,BANKNIFTY26JUN49500PE,0.00,0.00,0.00,520.05,525.45,520.05,56301.95,169.40,2280,0,0,0.00,0,F1,30,,,,,
2026-04-15,2026-04-15,FO,NSE,IDO,75281,,BANKNIFTY,,2026-06-30,2026-06-30,49600.00,PE,BANKNIFTY26JUN49600PE,369.25,369.25,349.55,349.55,349.55,516.60,56301.95,349.55,1110,300,10,14987820.00,2,F1,30,,,,,
2026-04-15,2026-04-15,FO,NSE,IDO,75406,,BANKNIFTY,,2026-06-30,2026-06-30,50400.00,PE,BANKNIFTY26JUN50400PE,0.00,0.00,0.00,1446.20,1446.20,1446.20,56301.95,254.75,510,0,0,0.00,0,F1,30,,,,,
2026-04-15,2026-04-15,FO,NSE,IDO,75447,,BANKNIFTY,,2026-06-30,2026-06-30,52000.00,PE,BANKNIFTY26JUN52000PE,561.35,619.95,523.75,586.35,590.70,821.70,56301.95,586.35,18900,2670,285,449446221.00,200,F1,30,,,,,
2026-04-15,2026-04-15,FO,NSE,IDO,57718,,BANKNIFTY,,2026-06-30,2026-06-30,52500.00,PE,BANKNIFTY26JUN52500PE,600.30,679.25,595.30,673.65,679.25,910.65,56301.95,673.65,11070,90,75,119537614.50,50,F1,30,,,,,
2026-04-15,2026-04-15,FO,NSE,IDO,75466,,BANKNIFTY,,2026-06-30,2026-06-30,52800.00,PE,BANKNIFTY26JUN52800PE,654.50,667.45,654.50,667.45,667.45,2896.30,56301.95,650.00,300,300,10,16038292.50,2,F1,30,,,,,
2026-04-15,2026-04-15,FO,NSE,IDO,75831,,BANKNIFTY,,2026-06-30,2026-06-30,60200.00,PE,BANKNIFTY26JUN60200PE,0.00,0.00,0.00,8959.65,0.00,8959.65,56301.95,4152.35,0,0,0,0.00,0,F1,30,,,,,
2026-04-15,2026-04-15,FO,NSE,IDO,52427,,BANKNIFTY,,2026-09-29,2026-09-29,67500.00,PE,BANKNIFTY26SEP67500PE,0.00,0.00,0.00,9969.75,0.00,9969.75,56301.95,9960.75,0,0,0,0.00,0,F1,30,,,,,
2026-04-15,2026-04-15,FO,NSE,IDO,53227,,BANKNIFTY,,2026-12-29,2026-12-29,55500.00,PE,BANKNIFTY26DEC55500PE,0.00,0.00,0.00,1066.65,0.00,1066.65,56301.95,2534.40,0,0,0,0.00,0,F1,30,,,,,
2026-04-15,2026-04-15,FO,NSE,IDO,76391,,BANKNIFTY,,2027-03-30,2027-03-30,51000.00,PE,BANKNIFTY27MAR51000PE,0.00,0.00,0.00,2587.90,0.00,2587.90,56301.95,1414.15,0,0,0,0.00,0,F1,30,,,,,
2026-04-15,2026-04-15,FO,NSE,IDO,76393,,BANKNIFTY,,2027-03-30,2027-03-30,52500.00,PE,BANKNIFTY27MAR52500PE,0.00,0.00,0.00,3218.25,0.00,3218.25,56301.95,1809.25,0,0,0,0.00,0,F1,30,,,,,
2026-04-15,2026-04-15,FO,NSE,IDO,76395,,BANKNIFTY,,2027-03-30,2027-03-30,54000.00,PE,BANKNIFTY27MAR54000PE,0.00,0.00,0.00,3928.75,0.00,3928.75,56301.95,2269.95,0,0,0,0.00,0,F1,30,,,,,
2026-04-15,2026-04-15,FO,NSE,IDO,67168,,BANKNIFTY,,2026-04-28,2026-04-28,45600.00,PE,BANKNIFTY26APR45600PE,0.00,0.00,0.00,0.20,0.00,0.20,56301.95,0.00,0,0,0,0.00,0,F1,30,,,,,
2026-04-15,2026-04-15,FO,NSE,IDO,76400,,BANKNIFTY,,2027-03-30,2027-03-30,58500.00,CE,BANKNIFTY27MAR58500CE,0.00,0.00,0.00,2367.80,0.00,2367.80,56301.95,5269.65,0,0,0,0.00,0,F1,30,,,,,
2026-04-15,2026-04-15,FO,NSE,IDO,52360,,BANKNIFTY,,2026-09-29,2026-09-29,60000.00,CE,BANKNIFTY26SEP60000CE,0.00,0.00,0.00,3017.70,0.00,3017.70,56301.95,2404.10,0,0,0,0.00,0,F1,30,,,,,
2026-04-15,2026-04-15,FO,NSE,IDO,52297,,BANKNIFTY,,2026-09-29,2026-09-29,55500.00,CE,BANKNIFTY26SEP55500CE,0.00,0.00,0.00,5045.05,0.00,5045.05,56301.95,4506.55,0,0,0,0.00,0,F1,30,,,,,
2026-04-15,2026-04-15,FO,NSE,IDO,75838,,BANKNIFTY,,2026-06-30,2026-06-30,60500.00,CE,BANKNIFTY26JUN60500CE,0.00,0.00,0.00,100.65,0.00,100.65,56301.95,952.70,0,0,0,0.00,0,F1,30,,,,,
2026-04-15,2026-04-15,FO,NSE,IDO,75757,,BANKNIFTY,,2026-06-30,2026-06-30,58300.00,CE,BANKNIFTY26JUN58300CE,0.00,0.00,0.00,232.75,0.00,232.75,56301.95,1653.35,0,0,0,0.00,0,F1,30,,,,,
2026-04-15,2026-04-15,FO,NSE,IDO,75753,,BANKNIFTY,,2026-06-30,2026-06-30,58100.00,CE,BANKNIFTY26JUN58100CE,0.00,0.00,0.00,250.15,0.00,250.15,56301.95,1732.20,0,0,0,0.00,0,F1,30,,,,,
2026-04-15,2026-04-15,FO,NSE,IDO,75624,,BANKNIFTY,,2026-06-30,2026-06-30,56300.00,CE,BANKNIFTY26JUN56300CE,2332.15,2332.15,2261.90,2261.90,2261.90,2102.95,56301.95,2566.20,150,30,2,3515821.50,2,F1,30,,,,,
2026-04-15,2026-04-15,FO,NSE,IDO,75602,,BANKNIFTY,,2026-06-30,2026-06-30,55100.00,CE,BANKNIFTY26JUN55100CE,2891.60,3249.95,2891.60,3080.00,3080.00,2850.00,56301.95,3249.35,90,60,25,43621132.50,22,F1,30,,,,,
2026-04-15,2026-04-15,FO,NSE,IDO,75567,,BANKNIFTY,,2026-06-30,2026-06-30,53400.00,CE,BANKNIFTY26JUN53400CE,0.00,0.00,0.00,1118.70,0.00,1118.70,56301.95,4389.70,0,0,0,0.00,0,F1,30,,,,,
2026-04-15,2026-04-15,FO,NSE,IDO,75442,,BANKNIFTY,,2026-06-30,2026-06-30,51800.00,CE,BANKNIFTY26JUN51800CE,0.00,0.00,0.00,5406.90,5406.90,5406.90,56301.95,5621.80,420,0,0,0.00,0,F1,30,,,,,
2026-04-15,2026-04-15,FO,NSE,IDO,75292,,BANKNIFTY,,2026-06-30,2026-06-30,50200.00,CE,BANKNIFTY26JUN50200CE,0.00,0.00,0.00,2484.75,0.00,2484.75,56301.95,6983.35,0,0,0,0.00,0,F1,30,,,,,
2026-04-15,2026-04-15,FO,NSE,IDO,75286,,BANKNIFTY,,2026-06-30,2026-06-30,49900.00,CE,BANKNIFTY26JUN49900CE,0.00,0.00,0.00,2653.05,0.00,2653.05,56301.95,7250.05,0,0,0,0.00,0,F1,30,,,,,
2026-04-15,2026-04-15,FO,NSE,IDO,75004,,BANKNIFTY,,2026-06-30,2026-06-30,44500.00,CE,BANKNIFTY26JUN44500CE,0.00,0.00,0.00,6735.30,0.00,6735.30,56301.95,12385.10,0,0,0,0.00,0,F1,30,,,,,
2026-04-15,2026-04-15,FO,NSE,IDO,68221,,BANKNIFTY,,2026-05-26,2026-05-26,66000.00,CE,BANKNIFTY26MAY66000CE,20.00,22.60,12.25,19.15,19.00,17.55,56301.95,19.15,13770,7920,853,1689436303.50,429,F1,30,,,,,
2026-04-15,2026-04-15,FO,NSE,IDO,68207,,BANKNIFTY,,2026-05-26,2026-05-26,65500.00,CE,BANKNIFTY26MAY65500CE,24.00,24.00,18.50,19.95,18.50,15.00,56301.95,19.95,2340,1110,106,208355439.00,79,F1,30,,,,,
2026-04-15,2026-04-15,FO,NSE,IDO,68166,,BANKNIFTY,,2026-05-26,2026-05-26,64400.00,CE,BANKNIFTY26MAY64400CE,38.60,38.60,22.70,25.00,25.00,46.20,56301.95,66.20,240,-150,21,40591282.50,10,F1,30,,,,,
2026-04-15,2026-04-15,FO,NSE,IDO,68154,,BANKNIFTY,,2026-05-26,2026-05-26,64100.00,CE,BANKNIFTY26MAY64100CE,0.00,0.00,0.00,69.95,69.95,69.95,56301.95,77.50,300,0,0,0.00,0,F1,30,,,,,
2026-04-15,2026-04-15,FO,NSE,IDO,68108,,BANKNIFTY,,2026-05-26,2026-05-26,62100.00,CE,BANKNIFTY26MAY62100CE,0.00,0.00,0.00,81.90,81.90,81.90,56301.95,207.50,270,0,0,0.00,0,F1,30,,,,,
2026-04-15,2026-04-15,FO,NSE,IDO,68092,,BANKNIFTY,,2026-05-26,2026-05-26,61500.00,CE,BANKNIFTY26MAY61500CE,101.20,106.00,76.25,80.90,76.25,78.65,56301.95,80.90,17340,9750,1085,2004965737.50,476,F1,30,,,,,
2026-04-15,2026-04-15,FO,NSE,IDO,67992,,BANKNIFTY,,2026-05-26,2026-05-26,59900.00,CE,BANKNIFTY26MAY59900CE,269.20,269.20,223.25,232.80,228.20,194.65,56301.95,232.80,4980,1440,117,211110810.00,77,F1,30,,,,,
2026-04-15,2026-04-15,FO,NSE,IDO,67660,,BANKNIFTY,,2026-05-26,2026-05-26,59000.00,CE,BANKNIFTY26MAY59000CE,574.40,598.65,416.85,436.10,434.00,367.05,56301.95,436.10,129510,12840,6546,11678686351.50,4250,F1,30,,,,,
2026-04-15,2026-04-15,FO,NSE,IDO,67596,,BANKNIFTY,,2026-05-26,2026-05-26,57800.00,CE,BANKNIFTY26MAY57800CE,891.75,921.45,874.90,881.00,874.90,745.70,56301.95,881.00,4170,300,48,84517414.50,44,F1,30,,,,,
2026-04-15,2026-04-15,FO,NSE,IDO,67589,,BANKNIFTY,,2026-05-26,2026-05-26,57500.00,CE,BANKNIFTY26MAY57500CE,1200.00,1208.55,978.45,1021.90,1008.60,864.00,56301.95,1021.90,90870,10860,2030,3567163750.50,1308,F1,30,,,,,
2026-04-15,2026-04-15,FO,NSE,IDO,67580,,BANKNIFTY,,2026-05-26,2026-05-26,57100.00,CE,BANKNIFTY26MAY57100CE,1403.25,1428.75,1197.55,1231.65,1218.35,1050.00,56301.95,1231.65,5190,2580,291,510166273.50,224,F1,30,,,,,
2026-04-15,2026-04-15,FO,NSE,IDO,67578,,BANKNIFTY,,2026-05-26,2026-05-26,57000.00,CE,BANKNIFTY26MAY57000CE,1500.00,1570.15,1229.55,1285.30,1255.65,1115.25,56301.95,1285.30,192330,74040,9933,17388760477.50,5214,F1,30,,,,,
2026-04-15,2026-04-15,FO,NSE,IDO,67564,,BANKNIFTY,,2026-05-26,2026-05-26,56400.00,CE,BANKNIFTY26MAY56400CE,2020.95,2020.95,1580.00,1620.20,1607.05,1425.20,56301.95,1620.20,6720,930,233,406038412.50,188,F1,30,,,,,
2026-04-15,2026-04-15,FO,NSE,IDO,67290,,BANKNIFTY,,2026-05-26,2026-05-26,56000.00,CE,BANKNIFTY26MAY56000CE,1904.70,2231.75,1800.00,1864.05,1850.05,1649.75,56301.95,1864.05,102990,32520,3292,5721944664.00,2750,F1,30,,,,,
2026-04-15,2026-04-15,FO,NSE,IDO,67267,,BANKNIFTY,,2026-05-26,2026-05-26,55200.00,CE,BANKNIFTY26MAY55200CE,2503.50,2580.95,2453.80,2453.80,2453.80,2134.70,56301.95,2453.80,2130,-690,26,45058794.00,25,F1,30,,,,,
2026-04-15,2026-04-15,FO,NSE,IDO,67255,,BANKNIFTY,,2026-05-26,2026-05-26,54800.00,CE,BANKNIFTY26MAY54800CE,0.00,0.00,0.00,2413.45,2401.45,2413.45,56301.95,2703.85,2370,0,0,0.00,0,F1,30,,,,,
2026-04-15,2026-04-15,FO,NSE,IDO,67215,,BANKNIFTY,,2026-05-26,2026-05-26,54400.00,CE,BANKNIFTY26MAY54400CE,0.00,0.00,0.00,2728.25,2734.05,2728.25,56301.95,2976.90,1800,0,0,0.00,0,F1,30,,,,,
2026-04-15,2026-04-15,FO,NSE,IDO,67196,,BANKNIFTY,,2026-05-26,2026-05-26,53800.00,CE,BANKNIFTY26MAY53800CE,3685.05,3685.05,3462.35,3462.35,3462.35,3092.10,56301.95,3413.25,4110,-180,14,24112639.50,14,F1,30,,,,,
2026-04-15,2026-04-15,FO,NSE,IDO,67080,,BANKNIFTY,,2026-05-26,2026-05-26,52300.00,CE,BANKNIFTY26MAY52300CE,5005.05,5005.05,4679.75,4702.00,4702.00,4361.30,56301.95,4622.40,1110,-180,12,20534820.00,12,F1,30,,,,,
2026-04-15,2026-04-15,FO,NSE,IDO,66636,,BANKNIFTY,,2026-05-26,2026-05-26,48300.00,CE,BANKNIFTY26MAY48300CE,0.00,0.00,0.00,13543.45,0.00,13543.45,56301.95,8356.10,0,0,0,0.00,0,F1,30,,,,,
2026-04-15,2026-04-15,FO,NSE,IDO,66558,,BANKNIFTY,,2026-05-26,2026-05-26,46900.00,CE,BANKNIFTY26MAY46900CE,0.00,0.00,0.00,14919.80,0.00,14919.80,56301.95,9734.30,0,0,0,0.00,0,F1,30,,,,,
2026-04-15,2026-04-15,FO,NSE,IDO,67986,,BANKNIFTY,,2026-04-28,2026-04-28,65400.00,CE,BANKNIFTY26APR65400CE,5.00,5.00,3.80,3.95,3.95,3.55,56301.95,0.10,5670,-1080,87,170704681.50,32,F1,30,,,,,
2026-04-15,2026-04-15,FO,NSE,IDO,67983,,BANKNIFTY,,2026-04-28,2026-04-28,65300.00,CE,BANKNIFTY26APR65300CE,5.00,5.85,3.65,3.95,3.65,3.20,56301.95,3.95,2700,-660,73,143016616.50,34,F1,30,,,,,
2026-04-15,2026-04-15,FO,NSE,IDO,67927,,BANKNIFTY,,2026-04-28,2026-04-28,65000.00,CE,BANKNIFTY26APR65000CE,7.00,7.00,4.40,5.10,5.00,4.60,56301.95,5.10,216480,29430,7921,15447150597.00,3097,F1,30,,,,,
2026-04-15,2026-04-15,FO,NSE,IDO,67889,,BANKNIFTY,,2026-04-28,2026-04-28,64100.00,CE,BANKNIFTY26APR64100CE,7.50,8.50,5.70,6.40,6.50,7.50,56301.95,6.40,6060,4950,381,732744778.50,233,F1,30,,,,,
2026-04-15,2026-04-15,FO,NSE,IDO,75551,,BANKNIFTY,,2026-06-30,2026-06-30,53100.00,PE,BANKNIFTY26JUN53100PE,0.00,0.00,0.00,3088.45,0.00,3088.45,56301.95,720.55,0,0,0,0.00,0,F1,30,,,,,
2026-04-15,2026-04-15,FO,NSE,IDO,75275,,BANKNIFTY,,2026-06-30,2026-06-30,49200.00,PE,BANKNIFTY26JUN49200PE,0.00,0.00,0.00,1116.15,0.00,1116.15,56301.95,146.75,0,0,0,0.00,0,F1,30,,,,,
2026-04-15,2026-04-15,FO,NSE,IDO,57700,,BANKNIFTY,,2026-06-30,2026-06-30,48000.00,PE,BANKNIFTY26JUN48000PE,257.75,280.50,235.35,273.05,280.50,388.40,56301.95,273.05,12540,480,252,364833084.00,149,F1,30,,,,,
2026-04-15,2026-04-15,FO,NSE,IDO,75167,,BANKNIFTY,,2026-06-30,2026-06-30,46600.00,PE,BANKNIFTY26JUN46600PE,0.00,0.00,0.00,431.95,0.00,431.95,56301.95,35.55,0,0,0,0.00,0,F1,30,,,,,
2026-04-15,2026-04-15,FO,NSE,IDO,75161,,BANKNIFTY,,2026-06-30,2026-06-30,46300.00,PE,BANKNIFTY26JUN46300PE,0.00,0.00,0.00,380.45,0.00,380.45,56301.95,29.50,0,0,0,0.00,0,F1,30,,,,,
2026-04-15,2026-04-15,FO,NSE,IDO,57692,,BANKNIFTY,,2026-06-30,2026-06-30,45000.00,PE,BANKNIFTY26JUN45000PE,185.00,185.00,116.05,131.85,130.80,220.40,56301.95,131.85,11100,-210,276,373705423.50,101,F1,30,,,,,
2026-04-15,2026-04-15,FO,NSE,IDO,68206,,BANKNIFTY,,2026-05-26,2026-05-26,65400.00,PE,BANKNIFTY26MAY65400PE,0.00,0.00,0.00,10104.75,10104.75,10104.75,56301.95,8679.60,570,0,0,0.00,0,F1,30,,,,,
2026-04-15,2026-04-15,FO,NSE,IDO,68103,,BANKNIFTY,,2026-05-26,2026-05-26,61800.00,PE,BANKNIFTY26MAY61800PE,0.00,0.00,0.00,7051.00,7051.00,7051.00,56301.95,5304.40,60,0,0,0.00,0,F1,30,,,,,
2026-04-15,2026-04-15,FO,NSE,IDO,68097,,BANKNIFTY,,2026-05-26,2026-05-26,61600.00,PE,BANKNIFTY26MAY61600PE,0.00,0.00,0.00,6857.30,6857.30,6857.30,56301.95,5128.20,90,0,0,0.00,0,F1,30,,,,,
2026-04-15,2026-04-15,FO,NSE,IDO,68089,,BANKNIFTY,,2026-05-26,2026-05-26,61300.00,PE,BANKNIFTY26MAY61300PE,0.00,0.00,0.00,7759.10,7759.10,7759.10,56301.95,4867.25,120,0,0,0.00,0,F1,30,,,,,
2026-04-15,2026-04-15,FO,NSE,IDO,68073,,BANKNIFTY,,2026-05-26,2026-05-26,60700.00,PE,BANKNIFTY26MAY60700PE,0.00,0.00,0.00,8360.10,8360.10,8360.10,56301.95,4358.55,360,0,0,0.00,0,F1,30,,,,,
2026-04-15,2026-04-15,FO,NSE,IDO,67655,,BANKNIFTY,,2026-05-26,2026-05-26,58800.00,PE,BANKNIFTY26MAY58800PE,0.00,0.00,0.00,5598.05,5598.05,5598.05,56301.95,2893.50,90,0,0,0.00,0,F1,30,,,,,
2026-04-15,2026-04-15,FO,NSE,IDO,67653,,BANKNIFTY,,2026-05-26,2026-05-26,58700.00,PE,BANKNIFTY26MAY58700PE,0.00,0.00,0.00,3007.10,3007.10,3007.10,56301.95,2823.80,810,0,0,0.00,0,F1,30,,,,,
2026-04-15,2026-04-15,FO,NSE,IDO,67293,,BANKNIFTY,,2026-05-26,2026-05-26,56100.00,PE,BANKNIFTY26MAY56100PE,1000.00,1253.85,975.00,1169.70,1208.85,1645.20,56301.95,1169.70,6270,1740,91,156365373.00,78,F1,30,,,,,
2026-04-15,2026-04-15,FO,NSE,IDO,67281,,BANKNIFTY,,2026-05-26,2026-05-26,55500.00,PE,BANKNIFTY26MAY55500PE,877.95,1073.30,847.35,997.45,995.85,1413.65,56301.95,997.45,22800,2370,814,1378300891.50,639,F1,30,,,,,
2026-04-15,2026-04-15,FO,NSE,IDO,67279,,BANKNIFTY,,2026-05-26,2026-05-26,55400.00,PE,BANKNIFTY26MAY55400PE,1001.15,1043.25,840.00,964.90,964.90,1374.85,56301.95,1032.90,2520,-510,68,114843120.00,42,F1,30,,,,,
2026-04-15,2026-04-15,FO,NSE,IDO,67252,,BANKNIFTY,,2026-05-26,2026-05-26,54700.00,PE,BANKNIFTY26MAY54700PE,717.15,802.25,669.75,774.80,794.15,1103.00,56301.95,774.80,2040,-1620,172,285931813.50,108,F1,30,,,,,
2026-04-15,2026-04-15,FO,NSE,IDO,67199,,BANKNIFTY,,2026-05-26,2026-05-26,53900.00,PE,BANKNIFTY26MAY53900PE,533.20,651.25,524.60,624.90,624.90,912.95,56301.95,560.10,1470,-330,33,53940045.00,33,F1,30,,,,,
2026-04-15,2026-04-15,FO,NSE,IDO,67197,,BANKNIFTY,,2026-05-26,2026-05-26,53800.00,PE,BANKNIFTY26MAY53800PE,564.05,630.00,540.95,589.55,603.25,918.25,56301.95,589.55,1500,150,17,27732604.50,15,F1,30,,,,,
2026-04-15,2026-04-15,FO,NSE,IDO,67096,,BANKNIFTY,,2026-05-26,2026-05-26,52700.00,PE,BANKNIFTY26MAY52700PE,368.50,440.75,354.20,432.90,440.55,786.45,56301.95,432.90,2580,1230,80,127396189.50,52,F1,30,,,,,
2026-04-15,2026-04-15,FO,NSE,IDO,66772,,BANKNIFTY,,2026-05-26,2026-05-26,51400.00,PE,BANKNIFTY26MAY51400PE,0.00,0.00,0.00,1504.15,1441.25,1504.15,56301.95,153.00,1440,0,0,0.00,0,F1,30,,,,,
2026-04-15,2026-04-15,FO,NSE,IDO,66766,,BANKNIFTY,,2026-05-26,2026-05-26,51100.00,PE,BANKNIFTY26MAY51100PE,253.00,287.50,225.15,260.65,272.30,455.25,56301.95,260.65,2490,570,72,110912542.50,41,F1,30,,,,,
2026-04-15,2026-04-15,FO,NSE,IDO,66762,,BANKNIFTY,,2026-05-26,2026-05-26,50900.00,PE,BANKNIFTY26MAY50900PE,237.40,263.25,220.00,259.30,263.25,499.45,56301.95,259.30,2430,-150,27,41419197.00,14,F1,30,,,,,
2026-04-15,2026-04-15,FO,NSE,IDO,66756,,BANKNIFTY,,2026-05-26,2026-05-26,50600.00,PE,BANKNIFTY26MAY50600PE,0.00,0.00,0.00,6.25,0.00,6.25,56301.95,92.75,0,0,0,0.00,0,F1,30,,,,,
2026-04-15,2026-04-15,FO,NSE,IDO,66745,,BANKNIFTY,,2026-05-26,2026-05-26,50200.00,PE,BANKNIFTY26MAY50200PE,0.00,0.00,0.00,4.50,0.00,4.50,56301.95,71.00,0,0,0,0.00,0,F1,30,,,,,
2026-04-15,2026-04-15,FO,NSE,IDO,66577,,BANKNIFTY,,2026-05-26,2026-05-26,47200.00,PE,BANKNIFTY26MAY47200PE,0.00,0.00,0.00,0.25,0.00,0.25,56301.95,6.35,0,0,0,0.00,0,F1,30,,,,,
2026-04-15,2026-04-15,FO,NSE,IDO,66556,,BANKNIFTY,,2026-05-26,2026-05-26,46800.00,PE,BANKNIFTY26MAY46800PE,0.00,0.00,0.00,0.20,0.00,0.20,56301.95,4.35,0,0,0,0.00,0,F1,30,,,,,
2026-04-15,2026-04-15,FO,NSE,IDO,66528,,BANKNIFTY,,2026-05-26,2026-05-26,46500.00,PE,BANKNIFTY26MAY46500PE,82.00,89.00,76.25,81.00,77.00,160.10,56301.95,81.00,3930,-90,27,37730812.50,16,F1,30,,,,,
2026-04-15,2026-04-15,FO,NSE,IDO,66478,,BANKNIFTY,,2026-05-26,2026-05-26,46200.00,PE,BANKNIFTY26MAY46200PE,0.00,0.00,0.00,0.10,0.00,0.10,56301.95,2.40,0,0,0,0.00,0,F1,30,,,,,
2026-04-15,2026-04-15,FO,NSE,IDO,66472,,BANKNIFTY,,2026-05-26,2026-05-26,45500.00,PE,BANKNIFTY26MAY45500PE,0.00,0.00,0.00,0.05,0.00,0.05,56301.95,1.15,0,0,0,0.00,0,F1,30,,,,,
2026-04-15,2026-04-15,FO,NSE,IDO,68189,,BANKNIFTY,,2026-04-28,2026-04-28,66300.00,PE,BANKNIFTY26APR66300PE,0.00,0.00,0.00,11521.90,11521.90,11521.90,56301.95,9861.05,30,0,0,0.00,0,F1,30,,,,,
2026-04-15,2026-04-15,FO,NSE,IDO,68168,,BANKNIFTY,,2026-04-28,2026-04-28,65700.00,PE,BANKNIFTY26APR65700PE,0.00,0.00,0.00,11348.90,11348.90,11348.90,56301.95,9262.30,30,0,0,0.00,0,F1,30,,,,,
2026-04-15,2026-04-15,FO,NSE,IDO,67786,,BANKNIFTY,,2026-04-28,2026-04-28,61600.00,PE,BANKNIFTY26APR61600PE,0.00,0.00,0.00,10427.75,10427.75,10427.75,56301.95,5183.40,420,0,0,0.00,0,F1,30,,,,,
2026-04-15,2026-04-15,FO,NSE,IDO,67688,,BANKNIFTY,,2026-04-28,2026-04-28,58900.00,PE,BANKNIFTY26APR58900PE,0.00,0.00,0.00,2988.00,2988.00,2988.00,56301.95,2648.25,2280,0,0,0.00,0,F1,30,,,,,
2026-04-15,2026-04-15,FO,NSE,IDO,67634,,BANKNIFTY,,2026-04-28,2026-04-28,58500.00,PE,BANKNIFTY26APR58500PE,1762.30,2381.85,1762.30,2238.70,2308.35,2895.15,56301.95,2238.70,36930,-4020,865,1573216305.00,684,F1,30,,,,,
2026-04-15,2026-04-15,FO,NSE,IDO,67612,,BANKNIFTY,,2026-04-28,2026-04-28,58000.00,PE,BANKNIFTY26APR58000PE,2200.00,2200.00,1416.50,1877.90,1912.35,2474.40,56301.95,1877.90,363840,-422520,21657,38853959149.50,10160,F1,30,,,,,
2026-04-15,2026-04-15,FO,NSE,IDO,67563,,BANKNIFTY,,2026-04-28,2026-04-28,57700.00,PE,BANKNIFTY26APR57700PE,1504.55,1684.55,1480.35,1669.05,1682.40,2240.00,56301.95,1669.05,2190,-720,100,177881547.00,39,F1,30,,,,,
2026-04-15,2026-04-15,FO,NSE,IDO,67533,,BANKNIFTY,,2026-04-28,2026-04-28,56200.00,PE,BANKNIFTY26APR56200PE,732.05,941.90,586.65,822.35,840.00,1299.30,56301.95,822.35,59580,37050,37612,64347739684.50,26701,F1,30,,,,,
2026-04-15,2026-04-15,FO,NSE,IDO,67513,,BANKNIFTY,,2026-04-28,2026-04-28,55300.00,PE,BANKNIFTY26APR55300PE,475.05,609.40,370.70,526.05,538.00,915.00,56301.95,526.05,56040,1920,6450,10796549787.00,4923,F1,30,,,,,
2026-04-15,2026-04-15,FO,NSE,IDO,67511,,BANKNIFTY,,2026-04-28,2026-04-28,55200.00,PE,BANKNIFTY26APR55200PE,426.25,579.00,365.45,499.80,509.40,879.00,56301.95,499.80,60750,-15690,8563,14299568340.00,5575,F1,30,,,,,
2026-04-15,2026-04-15,FO,NSE,IDO,67495,,BANKNIFTY,,2026-04-28,2026-04-28,54900.00,PE,BANKNIFTY26APR54900PE,396.70,501.20,287.00,428.60,442.45,779.70,56301.95,428.60,51510,-9750,4921,8164453086.00,3425,F1,30,,,,,
2026-04-15,2026-04-15,FO,NSE,IDO,67485,,BANKNIFTY,,2026-04-28,2026-04-28,54400.00,PE,BANKNIFTY26APR54400PE,280.00,393.50,222.65,336.75,343.30,641.45,56301.95,336.75,58560,-6510,4712,7734009120.00,2925,F1,30,,,,,
2026-04-15,2026-04-15,FO,NSE,IDO,67479,,BANKNIFTY,,2026-04-28,2026-04-28,54200.00,PE,BANKNIFTY26APR54200PE,498.70,498.70,200.20,304.30,313.35,592.15,56301.95,304.30,29430,-4710,3209,5244918018.00,2313,F1,30,,,,,
2026-04-15,2026-04-15,FO,NSE,IDO,67465,,BANKNIFTY,,2026-04-28,2026-04-28,53500.00,PE,BANKNIFTY26APR53500PE,350.00,350.00,156.25,217.60,223.30,445.45,56301.95,217.60,283050,-6150,19440,31318013247.00,13117,F1,30,,,,,
2026-04-15,2026-04-15,FO,NSE,IDO,67455,,BANKNIFTY,,2026-04-28,2026-04-28,53000.00,PE,BANKNIFTY26APR53000PE,200.05,225.95,115.60,170.75,172.00,363.30,56301.95,170.75,475380,-12090,44543,71033763687.00,27267,F1,30,,,,,
2026-04-15,2026-04-15,FO,NSE,IDO,67240,,BANKNIFTY,,2026-04-28,2026-04-28,47000.00,PE,BANKNIFTY26APR47000PE,21.10,22.00,12.25,14.15,12.75,35.45,56301.95,14.15,306810,33090,28538,40251331531.50,11477,F1,30,,,,,
2026-04-15,2026-04-15,FO,NSE,IDO,67238,,BANKNIFTY,,2026-04-28,2026-04-28,46900.00,PE,BANKNIFTY26APR46900PE,14.75,17.25,13.00,16.55,16.55,0.75,56301.95,0.00,240,240,31,43631134.50,18,F1,30,,,,,
2026-04-15,2026-04-15,FO,NSE,IDO,67236,,BANKNIFTY,,2026-04-28,2026-04-28,46800.00,PE,BANKNIFTY26APR46800PE,14.75,15.00,12.25,12.25,12.25,0.70,56301.95,0.00,540,540,19,26684389.50,8,F1,30,,,,,
2026-04-15,2026-04-15,FO,NSE,IDO,67170,,BANKNIFTY,,2026-04-28,2026-04-28,45700.00,PE,BANKNIFTY26APR45700PE,0.00,0.00,0.00,0.20,0.00,0.20,56301.95,0.00,0,0,0,0.00,0,F1,30,,,,,
2026-04-15,2026-04-15,FO,NSE,IDO,67153,,BANKNIFTY,,2026-04-28,2026-04-28,45000.00,PE,BANKNIFTY26APR45000PE,12.55,14.65,7.65,8.35,8.65,17.75,56301.95,8.35,193680,-37800,6601,8913173344.50,2126,F1,30,,,,,
2026-04-15,2026-04-15,FO,NSE,IDO,67133,,BANKNIFTY,,2026-04-28,2026-04-28,43500.00,PE,BANKNIFTY26APR43500PE,11.00,14.40,5.20,5.90,5.90,11.55,56301.95,5.90,69480,11340,2478,3234298564.50,1282,F1,30,,,,,
2026-04-15,2026-04-15,FO,NSE,IDO,76396,,BANKNIFTY,,2027-03-30,2027-03-30,55500.00,CE,BANKNIFTY27MAR55500CE,0.00,0.00,0.00,3363.80,0.00,3363.80,56301.95,6819.35,0,0,0,0.00,0,F1,30,,,,,
2026-04-15,2026-04-15,FO,NSE,IDO,53226,,BANKNIFTY,,2026-12-29,2026-12-29,55500.00,CE,BANKNIFTY26DEC55500CE,0.00,0.00,0.00,7987.45,0.00,7987.45,56301.95,5731.10,0,0,0,0.00,0,F1,30,,,,,
2026-04-15,2026-04-15,FO,NSE,IDO,53198,,BANKNIFTY,,2026-12-29,2026-12-29,45000.00,CE,BANKNIFTY26DEC45000CE,0.00,0.00,0.00,16853.55,0.00,16853.55,56301.95,13511.50,0,0,0,0.00,0,F1,30,,,,,
2026-04-15,2026-04-15,FO,NSE,IDO,52334,,BANKNIFTY,,2026-09-29,2026-09-29,57000.00,CE,BANKNIFTY26SEP57000CE,0.00,0.00,0.00,4285.45,0.00,4285.45,56301.95,3701.85,0,0,0,0.00,0,F1,30,,,,,
2026-04-15,2026-04-15,FO,NSE,IDO,57761,,BANKNIFTY,,2026-06-30,2026-06-30,63000.00,CE,BANKNIFTY26JUN63000CE,153.05,159.70,135.05,140.40,141.00,129.95,56301.95,140.40,52020,3990,592,1121546785.50,289,F1,30,,,,,
2026-04-15,2026-04-15,FO,NSE,IDO,75895,,BANKNIFTY,,2026-06-30,2026-06-30,61900.00,CE,BANKNIFTY26JUN61900CE,0.00,0.00,0.00,56.70,0.00,56.70,56301.95,647.65,0,0,0,0.00,0,F1,30,,,,,
2026-04-15,2026-04-15,FO,NSE,IDO,75832,,BANKNIFTY,,2026-06-30,2026-06-30,60300.00,CE,BANKNIFTY26JUN60300CE,0.00,0.00,0.00,108.95,0.00,108.95,56301.95,1004.60,0,0,0,0.00,0,F1,30,,,,,
2026-04-15,2026-04-15,FO,NSE,IDO,75815,,BANKNIFTY,,2026-06-30,2026-06-30,59600.00,CE,BANKNIFTY26JUN59600CE,0.00,0.00,0.00,143.20,0.00,143.20,56301.95,1204.00,0,0,0,0.00,0,F1,30,,,,,
2026-04-15,2026-04-15,FO,NSE,IDO,75800,,BANKNIFTY,,2026-06-30,2026-06-30,59000.00,CE,BANKNIFTY26JUN59000CE,1130.00,1130.00,910.90,937.15,930.00,818.00,56301.95,937.15,10680,2280,779,1401782409.00,232,F1,30,,,,,
2026-04-15,2026-04-15,FO,NSE,IDO,75665,,BANKNIFTY,,2026-06-30,2026-06-30,57700.00,CE,BANKNIFTY26JUN57700CE,0.00,0.00,0.00,288.45,0.00,288.45,56301.95,1898.00,0,0,0,0.00,0,F1,30,,,,,
2026-04-15,2026-04-15,FO,NSE,IDO,75657,,BANKNIFTY,,2026-06-30,2026-06-30,57400.00,CE,BANKNIFTY26JUN57400CE,0.00,0.00,0.00,320.40,0.00,320.40,56301.95,2029.55,0,0,0,0.00,0,F1,30,,,,,
2026-04-15,2026-04-15,FO,NSE,IDO,75652,,BANKNIFTY,,2026-06-30,2026-06-30,57300.00,CE,BANKNIFTY26JUN57300CE,1715.25,1730.65,1715.25,1726.95,1726.95,1529.40,56301.95,2074.80,750,-180,7,12395649.00,7,F1,30,,,,,
2026-04-15,2026-04-15,FO,NSE,IDO,75626,,BANKNIFTY,,2026-06-30,2026-06-30,56400.00,CE,BANKNIFTY26JUN56400CE,0.00,0.00,0.00,1760.95,1760.95,1760.95,56301.95,2513.90,180,0,0,0.00,0,F1,30,,,,,
2026-04-15,2026-04-15,FO,NSE,IDO,75459,,BANKNIFTY,,2026-06-30,2026-06-30,52400.00,CE,BANKNIFTY26JUN52400CE,0.00,0.00,0.00,4905.15,4905.15,4905.15,56301.95,5142.35,240,0,0,0.00,0,F1,30,,,,,
2026-04-15,2026-04-15,FO,NSE,IDO,75451,,BANKNIFTY,,2026-06-30,2026-06-30,52100.00,CE,BANKNIFTY26JUN52100CE,0.00,0.00,0.00,5159.30,5159.30,5159.30,56301.95,5379.70,240,0,0,0.00,0,F1,30,,,,,
2026-04-15,2026-04-15,FO,NSE,IDO,75280,,BANKNIFTY,,2026-06-30,2026-06-30,49600.00,CE,BANKNIFTY26JUN49600CE,0.00,0.00,0.00,2828.30,0.00,2828.30,56301.95,7519.80,0,0,0,0.00,0,F1,30,,,,,
2026-04-15,2026-04-15,FO,NSE,IDO,75278,,BANKNIFTY,,2026-06-30,2026-06-30,49400.00,CE,BANKNIFTY26JUN49400CE,0.00,0.00,0.00,2949.05,0.00,2949.05,56301.95,7701.20,0,0,0,0.00,0,F1,30,,,,,
2026-04-15,2026-04-15,FO,NSE,IDO,75251,,BANKNIFTY,,2026-06-30,2026-06-30,48500.00,CE,BANKNIFTY26JUN48500CE,0.00,0.00,0.00,3529.70,0.00,3529.70,56301.95,8531.40,0,0,0,0.00,0,F1,30,,,,,
2026-04-15,2026-04-15,FO,NSE,IDO,75227,,BANKNIFTY,,2026-06-30,2026-06-30,47900.00,CE,BANKNIFTY26JUN47900CE,0.00,0.00,0.00,3952.10,0.00,3952.10,56301.95,9095.50,0,0,0,0.00,0,F1,30,,,,,
2026-04-15,2026-04-15,FO,NSE,IDO,75083,,BANKNIFTY,,2026-06-30,2026-06-30,45900.00,CE,BANKNIFTY26JUN45900CE,0.00,0.00,0.00,5516.80,0.00,5516.80,56301.95,11017.35,0,0,0,0.00,0,F1,30,,,,,
2026-04-15,2026-04-15,FO,NSE,IDO,74958,,BANKNIFTY,,2026-06-30,2026-06-30,44000.00,CE,BANKNIFTY26JUN44000CE,0.00,0.00,0.00,7188.55,0.00,7188.55,56301.95,12875.95,0,0,0,0.00,0,F1,30,,,,,
2026-04-15,2026-04-15,FO,NSE,IDO,68223,,BANKNIFTY,,2026-05-26,2026-05-26,66100.00,CE,BANKNIFTY26MAY66100CE,0.00,0.00,0.00,591.70,0.00,591.70,56301.95,25.75,0,0,0,0.00,0,F1,30,,,,,
2026-04-15,2026-04-15,FO,NSE,IDO,68219,,BANKNIFTY,,2026-05-26,2026-05-26,65900.00,CE,BANKNIFTY26MAY65900CE,19.95,19.95,19.95,19.95,19.95,47.95,56301.95,28.90,0,-210,7,13843189.50,1,F1,30,,,,,
2026-04-15,2026-04-15,FO,NSE,IDO,68201,,BANKNIFTY,,2026-05-26,2026-05-26,65200.00,CE,BANKNIFTY26MAY65200CE,0.00,0.00,0.00,793.00,0.00,793.00,56301.95,42.90,0,0,0,0.00,0,F1,30,,,,,
2026-04-15,2026-04-15,FO,NSE,IDO,68171,,BANKNIFTY,,2026-05-26,2026-05-26,64600.00,CE,BANKNIFTY26MAY64600CE,0.00,0.00,0.00,64.95,64.95,64.95,56301.95,59.50,330,0,0,0.00,0,F1,30,,,,,
2026-04-15,2026-04-15,FO,NSE,IDO,68114,,BANKNIFTY,,2026-05-26,2026-05-26,62400.00,CE,BANKNIFTY26MAY62400CE,0.00,0.00,0.00,42.95,42.95,42.95,56301.95,180.40,510,0,0,0.00,0,F1,30,,,,,
2026-04-15,2026-04-15,FO,NSE,IDO,68082,,BANKNIFTY,,2026-05-26,2026-05-26,61100.00,CE,BANKNIFTY26MAY61100CE,0.00,0.00,0.00,159.30,159.30,159.30,56301.95,324.35,870,0,0,0.00,0,F1,30,,,,,
2026-04-15,2026-04-15,FO,NSE,IDO,67654,,BANKNIFTY,,2026-05-26,2026-05-26,58800.00,CE,BANKNIFTY26MAY58800CE,483.65,527.65,483.65,502.95,495.20,405.70,56301.95,502.95,6450,1980,191,339821911.50,112,F1,30,,,,,
2026-04-15,2026-04-15,FO,NSE,IDO,67616,,BANKNIFTY,,2026-05-26,2026-05-26,58300.00,CE,BANKNIFTY26MAY58300CE,694.75,753.20,661.20,681.55,667.20,558.05,56301.95,681.55,4500,2100,143,253136352.00,91,F1,30,,,,,
2026-04-15,2026-04-15,FO,NSE,IDO,67574,,BANKNIFTY,,2026-05-26,2026-05-26,56900.00,CE,BANKNIFTY26MAY56900CE,1342.10,1386.75,1309.30,1337.10,1324.50,1158.00,56301.95,1337.10,4590,-300,75,131082801.00,61,F1,30,,,,,
2026-04-15,2026-04-15,FO,NSE,IDO,67280,,BANKNIFTY,,2026-05-26,2026-05-26,55500.00,CE,BANKNIFTY26MAY55500CE,2469.10,2546.80,2128.00,2220.85,2202.00,1949.65,56301.95,2220.85,19080,-4350,448,777127956.00,386,F1,30,,,,,
2026-04-15,2026-04-15,FO,NSE,IDO,67257,,BANKNIFTY,,2026-05-26,2026-05-26,54900.00,CE,BANKNIFTY26MAY54900CE,0.00,0.00,0.00,2356.00,2326.10,2356.00,56301.95,2637.85,2040,0,0,0.00,0,F1,30,,,,,
2026-04-15,2026-04-15,FO,NSE,IDO,67227,,BANKNIFTY,,2026-05-26,2026-05-26,54600.00,CE,BANKNIFTY26MAY54600CE,2838.00,2887.70,2821.10,2857.20,2857.20,2582.45,56301.95,2857.20,1140,-210,15,25858200.00,15,F1,30,,,,,
2026-04-15,2026-04-15,FO,NSE,IDO,67177,,BANKNIFTY,,2026-05-26,2026-05-26,53400.00,CE,BANKNIFTY26MAY53400CE,3937.55,3990.60,3776.80,3791.85,3791.85,3232.70,56301.95,3720.00,630,-150,14,24063904.50,14,F1,30,,,,,
2026-04-15,2026-04-15,FO,NSE,IDO,67091,,BANKNIFTY,,2026-05-26,2026-05-26,52700.00,CE,BANKNIFTY26MAY52700CE,4560.55,4574.00,4327.65,4327.65,4327.65,3459.45,56301.95,4285.00,750,-450,26,44608038.00,26,F1,30,,,,,
2026-04-15,2026-04-15,FO,NSE,IDO,66773,,BANKNIFTY,,2026-05-26,2026-05-26,51500.00,CE,BANKNIFTY26MAY51500CE,5778.25,5778.25,5283.90,5540.00,5540.00,4764.50,56301.95,5540.00,2940,-240,31,53076340.50,27,F1,30,,,,,
2026-04-15,2026-04-15,FO,NSE,IDO,66767,,BANKNIFTY,,2026-05-26,2026-05-26,51200.00,CE,BANKNIFTY26MAY51200CE,0.00,0.00,0.00,4694.20,4694.20,4694.20,56301.95,5595.15,690,0,0,0.00,0,F1,30,,,,,
2026-04-15,2026-04-15,FO,NSE,IDO,66765,,BANKNIFTY,,2026-05-26,2026-05-26,51100.00,CE,BANKNIFTY26MAY51100CE,0.00,0.00,0.00,5184.90,5184.90,5184.90,56301.95,5686.35,420,0,0,0.00,0,F1,30,,,,,
2026-04-15,2026-04-15,FO,NSE,IDO,66744,,BANKNIFTY,,2026-05-26,2026-05-26,50200.00,CE,BANKNIFTY26MAY50200CE,0.00,0.00,0.00,5332.10,5332.10,5332.10,56301.95,6523.55,900,0,0,0.00,0,F1,30,,,,,
2026-04-15,2026-04-15,FO,NSE,IDO,67921,,BANKNIFTY,,2026-04-28,2026-04-28,64700.00,CE,BANKNIFTY26APR64700CE,7.05,7.05,4.30,5.10,5.05,6.10,56301.95,5.10,11850,240,29,56293657.50,22,F1,30,,,,,
2026-04-15,2026-04-15,FO,NSE,IDO,67763,,BANKNIFTY,,2026-04-28,2026-04-28,61100.00,CE,BANKNIFTY26APR61100CE,28.00,28.00,18.65,19.60,18.70,22.45,56301.95,19.60,14820,-450,391,716965206.00,234,F1,30,,,,,
2026-04-15,2026-04-15,FO,NSE,IDO,67700,,BANKNIFTY,,2026-04-28,2026-04-28,59300.00,CE,BANKNIFTY26APR59300CE,93.45,109.50,74.30,79.20,80.65,69.95,56301.95,79.20,29790,-1380,4825,8596921257.00,2906,F1,30,,,,,
2026-04-15,2026-04-15,FO,NSE,IDO,67639,,BANKNIFTY,,2026-04-28,2026-04-28,58800.00,CE,BANKNIFTY26APR58800CE,143.60,190.45,120.00,127.35,128.60,106.75,56301.95,127.35,46650,5250,6583,11641089021.00,4599,F1,30,,,,,
2026-04-15,2026-04-15,FO,NSE,IDO,67546,,BANKNIFTY,,2026-04-28,2026-04-28,56900.00,CE,BANKNIFTY26APR56900CE,720.00,921.90,565.05,650.35,630.80,517.30,56301.95,650.35,68130,4320,13217,22850435269.50,9316,F1,30,,,,,
2026-04-15,2026-04-15,FO,NSE,IDO,67480,,BANKNIFTY,,2026-04-28,2026-04-28,54300.00,CE,BANKNIFTY26APR54300CE,2700.00,2738.25,2337.65,2449.70,2386.45,2033.80,56301.95,2449.70,20400,-1560,85,144802533.00,50,F1,30,,,,,
2026-04-15,2026-04-15,FO,NSE,IDO,67470,,BANKNIFTY,,2026-04-28,2026-04-28,53800.00,CE,BANKNIFTY26APR53800CE,3450.00,3450.00,2750.00,2820.65,2827.00,2422.00,56301.95,2820.65,15510,-2940,171,292272990.00,79,F1,30,,,,,
2026-04-15,2026-04-15,FO,NSE,IDO,67416,,BANKNIFTY,,2026-04-28,2026-04-28,51100.00,CE,BANKNIFTY26APR51100CE,5400.00,5600.00,5225.00,5250.00,5250.00,4814.75,56301.95,5312.75,12120,-150,9,15259500.00,9,F1,30,,,,,
2026-04-15,2026-04-15,FO,NSE,IDO,67394,,BANKNIFTY,,2026-04-28,2026-04-28,50100.00,CE,BANKNIFTY26APR50100CE,6700.00,6700.00,6338.80,6338.80,6338.80,5750.00,56301.95,6306.55,30480,0,5,8504604.00,5,F1,30,,,,,
2026-04-15,2026-04-15,FO,NSE,IDO,67392,,BANKNIFTY,,2026-04-28,2026-04-28,50000.00,CE,BANKNIFTY26APR50000CE,6799.95,6949.95,6256.05,6426.90,6405.85,5805.45,56301.95,6426.90,147060,-1350,316,536659473.00,167,F1,30,,,,,
2026-04-15,2026-04-15,FO,NSE,IDO,67334,,BANKNIFTY,,2026-04-28,2026-04-28,49200.00,CE,BANKNIFTY26APR49200CE,0.00,0.00,0.00,6489.00,6489.00,6489.00,56301.95,7203.85,2370,0,0,0.00,0,F1,30,,,,,
2026-04-15,2026-04-15,FO,NSE,IDO,67305,,BANKNIFTY,,2026-04-28,2026-04-28,48500.00,CE,BANKNIFTY26APR48500CE,7902.35,7902.35,7880.00,7880.00,7880.00,7300.00,56301.95,7902.25,2370,-30,2,3383470.50,2,F1,30,,,,,
2026-04-15,2026-04-15,FO,NSE,IDO,67247,,BANKNIFTY,,2026-04-28,2026-04-28,47400.00,CE,BANKNIFTY26APR47400CE,0.00,0.00,0.00,12532.55,0.00,12532.55,56301.95,8999.95,0,0,0,0.00,0,F1,30,,,,,
2026-04-15,2026-04-15,FO,NSE,IDO,67175,,BANKNIFTY,,2026-04-28,2026-04-28,45900.00,CE,BANKNIFTY26APR45900CE,0.00,0.00,0.00,5138.50,5138.50,5138.50,56301.95,10496.85,480,0,0,0.00,0,F1,30,,,,,
2026-04-15,2026-04-15,FO,NSE,IDO,67134,,BANKNIFTY,,2026-04-28,2026-04-28,44000.00,CE,BANKNIFTY26APR44000CE,12951.85,12951.85,12373.95,12374.00,12373.95,11807.70,56301.95,12374.00,10410,-30,7,11857996.50,7,F1,30,,,,,
2026-04-15,2026-04-15,FO,NSE,IDO,67132,,BANKNIFTY,,2026-04-28,2026-04-28,43500.00,CE,BANKNIFTY26APR43500CE,0.00,0.00,0.00,16371.65,0.00,16371.65,56301.95,12891.90,0,0,0,0.00,0,F1,30,,,,,
2026-04-15,2026-04-15,FO,NSE,IDO,67553,,BANKNIFTY,,2026-04-28,2026-04-28,57200.00,PE,BANKNIFTY26APR57200PE,1041.65,1473.25,1018.40,1301.20,1354.30,1834.95,56301.95,1301.20,13080,9210,1663,2912868270.00,956,F1,30,,,,,
2026-04-15,2026-04-15,FO,NSE,IDO,53213,,BANKNIFTY,,2026-12-29,2026-12-29,45000.00,PE,BANKNIFTY26DEC45000PE,0.00,0.00,0.00,47.55,0.00,47.55,56301.95,267.85,0,0,0,0.00,0,F1,30,,,,,
2026-04-15,2026-04-15,FO,NSE,IDO,52359,,BANKNIFTY,,2026-09-29,2026-09-29,58500.00,PE,BANKNIFTY26SEP58500PE,0.00,0.00,0.00,4011.00,0.00,4011.00,56301.95,3553.55,0,0,0,0.00,0,F1,30,,,,,
2026-04-15,2026-04-15,FO,NSE,IDO,75934,,BANKNIFTY,,2026-06-30,2026-06-30,63500.00,PE,BANKNIFTY26JUN63500PE,0.00,0.00,0.00,12115.55,0.00,12115.55,56301.95,6780.40,0,0,0,0.00,0,F1,30,,,,,
2026-04-15,2026-04-15,FO,NSE,IDO,75833,,BANKNIFTY,,2026-06-30,2026-06-30,60300.00,PE,BANKNIFTY26JUN60300PE,0.00,0.00,0.00,9053.45,0.00,9053.45,56301.95,4224.25,0,0,0,0.00,0,F1,30,,,,,
2026-04-15,2026-04-15,FO,NSE,IDO,75825,,BANKNIFTY,,2026-06-30,2026-06-30,59900.00,PE,BANKNIFTY26JUN59900PE,0.00,0.00,0.00,8679.15,0.00,8679.15,56301.95,3939.90,0,0,0,0.00,0,F1,30,,,,,
2026-04-15,2026-04-15,FO,NSE,IDO,75810,,BANKNIFTY,,2026-06-30,2026-06-30,59300.00,PE,BANKNIFTY26JUN59300PE,0.00,0.00,0.00,8122.95,0.00,8122.95,56301.95,3530.85,0,0,0,0.00,0,F1,30,,,,,
2026-04-15,2026-04-15,FO,NSE,IDO,75754,,BANKNIFTY,,2026-06-30,2026-06-30,58100.00,PE,BANKNIFTY26JUN58100PE,2385.90,2385.90,2385.90,2385.90,2385.90,7034.05,56301.95,2780.25,30,30,1,1814577.00,1,F1,30,,,,,
2026-04-15,2026-04-15,FO,NSE,IDO,75609,,BANKNIFTY,,2026-06-30,2026-06-30,55400.00,PE,BANKNIFTY26JUN55400PE,0.00,0.00,0.00,1553.40,1553.40,1553.40,56301.95,1451.90,480,0,0,0.00,0,F1,30,,,,,
2026-04-15,2026-04-15,FO,NSE,IDO,75603,,BANKNIFTY,,2026-06-30,2026-06-30,55100.00,PE,BANKNIFTY26JUN55100PE,1149.65,1149.65,1074.65,1139.90,1139.90,1822.10,56301.95,1336.10,600,60,19,32053665.00,13,F1,30,,,,,
2026-04-15,2026-04-15,FO,NSE,IDO,76387,,BANKNIFTY,,2027-03-30,2027-03-30,48000.00,PE,BANKNIFTY27MAR48000PE,0.00,0.00,0.00,1572.45,0.00,1572.45,56301.95,806.90,0,0,0,0.00,0,F1,30,,,,,
2026-04-15,2026-04-15,FO,NSE,IDO,67167,,BANKNIFTY,,2026-04-28,2026-04-28,45600.00,CE,BANKNIFTY26APR45600CE,0.00,0.00,0.00,14303.95,0.00,14303.95,56301.95,10796.25,0,0,0,0.00,0,F1,30,,,,,
2026-04-15,2026-04-15,FO,NSE,IDO,67316,,BANKNIFTY,,2026-04-28,2026-04-28,48900.00,CE,BANKNIFTY26APR48900CE,0.00,0.00,0.00,6900.00,6900.00,6900.00,56301.95,7503.15,810,0,0,0.00,0,F1,30,,,,,
2026-04-15,2026-04-15,FO,NSE,IDO,67340,,BANKNIFTY,,2026-04-28,2026-04-28,49400.00,CE,BANKNIFTY26APR49400CE,0.00,0.00,0.00,6267.50,6267.50,6267.50,56301.95,7004.40,3150,0,0,0.00,0,F1,30,,,,,
2026-04-15,2026-04-15,FO,NSE,IDO,67384,,BANKNIFTY,,2026-04-28,2026-04-28,49800.00,CE,BANKNIFTY26APR49800CE,5000.00,5000.00,5000.00,5000.00,5000.00,6065.25,56301.95,6605.50,6390,0,1,1644000.00,1,F1,30,,,,,
2026-04-15,2026-04-15,FO,NSE,IDO,67402,,BANKNIFTY,,2026-04-28,2026-04-28,50400.00,CE,BANKNIFTY26APR50400CE,6376.00,6380.00,6004.05,6004.05,6004.05,5472.00,56301.95,6007.85,27570,-30,20,33986431.50,16,F1,30,,,,,
2026-04-15,2026-04-15,FO,NSE,IDO,67404,,BANKNIFTY,,2026-04-28,2026-04-28,50500.00,CE,BANKNIFTY26APR50500CE,6150.00,6247.15,5856.00,5916.50,5897.45,5450.00,56301.95,5916.50,90150,-60,13,22016346.00,10,F1,30,,,,,
2026-04-15,2026-04-15,FO,NSE,IDO,67414,,BANKNIFTY,,2026-04-28,2026-04-28,51000.00,CE,BANKNIFTY26APR51000CE,6657.90,6657.95,5311.00,5436.45,5388.85,4859.30,56301.95,5436.45,166500,-5130,307,520970476.50,225,F1,30,,,,,
2026-04-15,2026-04-15,FO,NSE,IDO,67450,,BANKNIFTY,,2026-04-28,2026-04-28,52800.00,CE,BANKNIFTY26APR52800CE,3922.45,3930.60,3669.25,3669.25,3669.25,3263.75,56301.95,3658.15,21060,-180,37,62890435.50,29,F1,30,,,,,
2026-04-15,2026-04-15,FO,NSE,IDO,67452,,BANKNIFTY,,2026-04-28,2026-04-28,52900.00,CE,BANKNIFTY26APR52900CE,4000.05,4050.15,3600.00,3660.50,3660.50,3148.95,56301.95,3660.50,26250,-300,29,49436997.00,28,F1,30,,,,,
2026-04-15,2026-04-15,FO,NSE,IDO,67512,,BANKNIFTY,,2026-04-28,2026-04-28,55300.00,CE,BANKNIFTY26APR55300CE,1999.95,2046.90,1532.10,1626.30,1581.65,1338.20,56301.95,1626.30,27330,-9720,1198,2050895172.00,680,F1,30,,,,,
2026-04-15,2026-04-15,FO,NSE,IDO,67542,,BANKNIFTY,,2026-04-28,2026-04-28,56700.00,CE,BANKNIFTY26APR56700CE,949.95,1059.85,702.90,746.20,724.15,601.45,56301.95,746.20,100140,47220,29965,51722829783.00,21195,F1,30,,,,,
2026-04-15,2026-04-15,FO,NSE,IDO,67761,,BANKNIFTY,,2026-04-28,2026-04-28,61000.00,CE,BANKNIFTY26APR61000CE,27.05,34.95,19.50,20.50,20.45,22.10,56301.95,20.50,656100,-118350,51520,94318646469.00,24518,F1,30,,,,,
2026-04-15,2026-04-15,FO,NSE,IDO,67784,,BANKNIFTY,,2026-04-28,2026-04-28,61600.00,CE,BANKNIFTY26APR61600CE,16.55,20.05,13.85,14.60,14.60,17.25,56301.95,14.60,10710,-2910,763,1410417709.50,477,F1,30,,,,,
2026-04-15,2026-04-15,FO,NSE,IDO,67891,,BANKNIFTY,,2026-04-28,2026-04-28,64200.00,CE,BANKNIFTY26APR64200CE,6.00,8.55,5.05,5.35,5.05,5.85,56301.95,5.35,4680,300,83,159873366.00,63,F1,30,,,,,
2026-04-15,2026-04-15,FO,NSE,IDO,68196,,BANKNIFTY,,2026-04-28,2026-04-28,66500.00,CE,BANKNIFTY26APR66500CE,3.60,3.95,2.85,3.45,3.00,2.90,56301.95,3.45,7890,-540,148,295275517.50,49,F1,30,,,,,
2026-04-15,2026-04-15,FO,NSE,IDO,66527,,BANKNIFTY,,2026-05-26,2026-05-26,46500.00,CE,BANKNIFTY26MAY46500CE,8473.55,10700.00,8473.55,10300.00,10300.00,5000.00,56301.95,10129.95,3240,0,3,5069206.50,3,F1,30,,,,,
2026-04-15,2026-04-15,FO,NSE,IDO,66609,,BANKNIFTY,,2026-05-26,2026-05-26,47800.00,CE,BANKNIFTY26MAY47800CE,0.00,0.00,0.00,14034.95,0.00,14034.95,56301.95,8846.75,0,0,0,0.00,0,F1,30,,,,,
2026-04-15,2026-04-15,FO,NSE,IDO,66613,,BANKNIFTY,,2026-05-26,2026-05-26,48000.00,CE,BANKNIFTY26MAY48000CE,9100.00,9100.00,8650.00,8757.65,8760.95,8132.20,56301.95,8757.65,2400,-90,53,90242566.50,51,F1,30,,,,,
2026-04-15,2026-04-15,FO,NSE,IDO,66648,,BANKNIFTY,,2026-05-26,2026-05-26,48800.00,CE,BANKNIFTY26MAY48800CE,0.00,0.00,0.00,13052.20,0.00,13052.20,56301.95,7868.05,0,0,0,0.00,0,F1,30,,,,,
2026-04-15,2026-04-15,FO,NSE,IDO,66656,,BANKNIFTY,,2026-05-26,2026-05-26,49200.00,CE,BANKNIFTY26MAY49200CE,0.00,0.00,0.00,12659.35,0.00,12659.35,56301.95,7480.10,0,0,0,0.00,0,F1,30,,,,,
2026-04-15,2026-04-15,FO,NSE,IDO,66662,,BANKNIFTY,,2026-05-26,2026-05-26,49500.00,CE,BANKNIFTY26MAY49500CE,0.00,0.00,0.00,6102.50,6102.50,6102.50,56301.95,7190.85,30,0,0,0.00,0,F1,30,,,,,
2026-04-15,2026-04-15,FO,NSE,IDO,66761,,BANKNIFTY,,2026-05-26,2026-05-26,50900.00,CE,BANKNIFTY26MAY50900CE,0.00,0.00,0.00,5000.00,5000.00,5000.00,56301.95,5869.95,300,0,0,0.00,0,F1,30,,,,,
2026-04-15,2026-04-15,FO,NSE,IDO,66769,,BANKNIFTY,,2026-05-26,2026-05-26,51300.00,CE,BANKNIFTY26MAY51300CE,0.00,0.00,0.00,4861.05,4861.05,4861.05,56301.95,5504.35,570,0,0,0.00,0,F1,30,,,,,
2026-04-15,2026-04-15,FO,NSE,IDO,67084,,BANKNIFTY,,2026-05-26,2026-05-26,52400.00,CE,BANKNIFTY26MAY52400CE,0.00,0.00,0.00,4183.50,4183.50,4183.50,56301.95,4537.10,960,0,0,0.00,0,F1,30,,,,,
2026-04-15,2026-04-15,FO,NSE,IDO,67114,,BANKNIFTY,,2026-05-26,2026-05-26,53000.00,CE,BANKNIFTY26MAY53000CE,4353.25,4444.55,4065.00,4125.00,4120.00,3729.55,56301.95,4125.00,17070,-4080,248,425391648.00,174,F1,30,,,,,
2026-04-15,2026-04-15,FO,NSE,IDO,67294,,BANKNIFTY,,2026-05-26,2026-05-26,56200.00,CE,BANKNIFTY26MAY56200CE,1900.00,1914.40,1725.00,1747.15,1732.85,1535.35,56301.95,1747.15,5160,210,101,175724292.00,88,F1,30,,,,,
2026-04-15,2026-04-15,FO,NSE,IDO,67598,,BANKNIFTY,,2026-05-26,2026-05-26,57900.00,CE,BANKNIFTY26MAY57900CE,860.00,938.75,805.15,871.45,871.45,700.20,56301.95,1102.80,5910,1950,92,162291817.50,91,F1,30,,,,,
2026-04-15,2026-04-15,FO,NSE,IDO,67656,,BANKNIFTY,,2026-05-26,2026-05-26,58900.00,CE,BANKNIFTY26MAY58900CE,600.00,600.00,447.95,467.85,465.10,385.15,56301.95,467.85,4440,1890,193,343970157.00,119,F1,30,,,,,
2026-04-15,2026-04-15,FO,NSE,IDO,68122,,BANKNIFTY,,2026-05-26,2026-05-26,62700.00,CE,BANKNIFTY26MAY62700CE,0.00,0.00,0.00,43.50,43.50,43.50,56301.95,156.40,810,0,0,0.00,0,F1,30,,,,,
2026-04-15,2026-04-15,FO,NSE,IDO,68160,,BANKNIFTY,,2026-05-26,2026-05-26,64300.00,CE,BANKNIFTY26MAY64300CE,0.00,0.00,0.00,52.15,52.15,52.15,56301.95,69.80,180,0,0,0.00,0,F1,30,,,,,
2026-04-15,2026-04-15,FO,NSE,IDO,74892,,BANKNIFTY,,2026-06-30,2026-06-30,43000.00,CE,BANKNIFTY26JUN43000CE,0.00,0.00,0.00,8116.30,0.00,8116.30,56301.95,13859.75,0,0,0,0.00,0,F1,30,,,,,
2026-04-15,2026-04-15,FO,NSE,IDO,75160,,BANKNIFTY,,2026-06-30,2026-06-30,46300.00,CE,BANKNIFTY26JUN46300CE,0.00,0.00,0.00,5185.20,0.00,5185.20,56301.95,10629.15,0,0,0,0.00,0,F1,30,,,,,
2026-04-15,2026-04-15,FO,NSE,IDO,75174,,BANKNIFTY,,2026-06-30,2026-06-30,47000.00,CE,BANKNIFTY26JUN47000CE,0.00,0.00,0.00,4625.80,0.00,4625.80,56301.95,9953.85,0,0,0,0.00,0,F1,30,,,,,
2026-04-15,2026-04-15,FO,NSE,IDO,75181,,BANKNIFTY,,2026-06-30,2026-06-30,47200.00,CE,BANKNIFTY26JUN47200CE,0.00,0.00,0.00,4471.30,0.00,4471.30,56301.95,9762.00,0,0,0,0.00,0,F1,30,,,,,
2026-04-15,2026-04-15,FO,NSE,IDO,57697,,BANKNIFTY,,2026-06-30,2026-06-30,48000.00,CE,BANKNIFTY26JUN48000CE,0.00,0.00,0.00,12636.60,0.00,12636.60,56301.95,9001.00,0,0,0,0.00,0,F1,30,,,,,
2026-04-15,2026-04-15,FO,NSE,IDO,75231,,BANKNIFTY,,2026-06-30,2026-06-30,48100.00,CE,BANKNIFTY26JUN48100CE,0.00,0.00,0.00,3809.00,0.00,3809.00,56301.95,8906.65,0,0,0,0.00,0,F1,30,,,,,
2026-04-15,2026-04-15,FO,NSE,IDO,75284,,BANKNIFTY,,2026-06-30,2026-06-30,49800.00,CE,BANKNIFTY26JUN49800CE,0.00,0.00,0.00,2710.70,0.00,2710.70,56301.95,7339.65,0,0,0,0.00,0,F1,30,,,,,
2026-04-15,2026-04-15,FO,NSE,IDO,75434,,BANKNIFTY,,2026-06-30,2026-06-30,51600.00,CE,BANKNIFTY26JUN51600CE,0.00,0.00,0.00,5579.30,5579.30,5579.30,56301.95,5785.70,240,0,0,0.00,0,F1,30,,,,,
2026-04-15,2026-04-15,FO,NSE,IDO,75571,,BANKNIFTY,,2026-06-30,2026-06-30,53600.00,CE,BANKNIFTY26JUN53600CE,0.00,0.00,0.00,1057.85,0.00,1057.85,56301.95,4245.70,0,0,0,0.00,0,F1,30,,,,,
2026-04-15,2026-04-15,FO,NSE,IDO,75594,,BANKNIFTY,,2026-06-30,2026-06-30,54700.00,CE,BANKNIFTY26JUN54700CE,0.00,0.00,0.00,770.45,0.00,770.45,56301.95,3499.55,0,0,0,0.00,0,F1,30,,,,,
2026-04-15,2026-04-15,FO,NSE,IDO,75622,,BANKNIFTY,,2026-06-30,2026-06-30,56200.00,CE,BANKNIFTY26JUN56200CE,0.00,0.00,0.00,2017.30,2017.30,2017.30,56301.95,2619.20,150,0,0,0.00,0,F1,30,,,,,
2026-04-15,2026-04-15,FO,NSE,IDO,75638,,BANKNIFTY,,2026-06-30,2026-06-30,57100.00,CE,BANKNIFTY26JUN57100CE,0.00,0.00,0.00,698.10,698.10,698.10,56301.95,2167.35,180,0,0,0.00,0,F1,30,,,,,
2026-04-15,2026-04-15,FO,NSE,IDO,75802,,BANKNIFTY,,2026-06-30,2026-06-30,59100.00,CE,BANKNIFTY26JUN59100CE,0.00,0.00,0.00,775.35,775.35,775.35,56301.95,1364.25,360,0,0,0.00,0,F1,30,,,,,
2026-04-15,2026-04-15,FO,NSE,IDO,75933,,BANKNIFTY,,2026-06-30,2026-06-30,63500.00,CE,BANKNIFTY26JUN63500CE,0.00,0.00,0.00,28.40,0.00,28.40,56301.95,402.05,0,0,0,0.00,0,F1,30,,,,,
2026-04-15,2026-04-15,FO,NSE,IDO,52272,,BANKNIFTY,,2026-09-29,2026-09-29,48000.00,CE,BANKNIFTY26SEP48000CE,0.00,0.00,0.00,10080.05,0.00,10080.05,56301.95,9994.30,0,0,0,0.00,0,F1,30,,,,,
2026-04-15,2026-04-15,FO,NSE,IDO,67261,,BANKNIFTY,,2026-04-28,2026-04-28,47600.00,PE,BANKNIFTY26APR47600PE,20.05,20.05,15.70,17.50,17.50,1.50,56301.95,17.50,990,990,486,694281990.00,146,F1,30,,,,,
2026-04-15,2026-04-15,FO,NSE,IDO,67265,,BANKNIFTY,,2026-04-28,2026-04-28,47700.00,PE,BANKNIFTY26APR47700PE,20.05,20.55,16.45,18.45,17.35,1.65,56301.95,18.45,1020,1020,150,214733434.50,76,F1,30,,,,,
2026-04-15,2026-04-15,FO,NSE,IDO,67275,,BANKNIFTY,,2026-04-28,2026-04-28,48000.00,PE,BANKNIFTY26APR48000PE,38.00,38.00,18.50,19.75,19.65,51.30,56301.95,19.75,454230,7050,39643,57110693023.50,17334,F1,30,,,,,
2026-04-15,2026-04-15,FO,NSE,IDO,67306,,BANKNIFTY,,2026-04-28,2026-04-28,48500.00,PE,BANKNIFTY26APR48500PE,45.00,45.00,22.55,24.20,24.65,63.10,56301.95,24.20,138990,49230,11478,16709179873.50,5454,F1,30,,,,,
2026-04-15,2026-04-15,FO,NSE,IDO,67385,,BANKNIFTY,,2026-04-28,2026-04-28,49800.00,PE,BANKNIFTY26APR49800PE,41.05,48.75,36.00,41.95,43.15,105.15,56301.95,41.95,21120,660,607,907620964.50,336,F1,30,,,,,
2026-04-15,2026-04-15,FO,NSE,IDO,67389,,BANKNIFTY,,2026-04-28,2026-04-28,49900.00,PE,BANKNIFTY26APR49900PE,51.05,54.05,37.60,43.70,44.15,108.90,56301.95,43.70,17850,-840,708,1060806616.50,387,F1,30,,,,,
2026-04-15,2026-04-15,FO,NSE,IDO,67401,,BANKNIFTY,,2026-04-28,2026-04-28,50300.00,PE,BANKNIFTY26APR50300PE,104.60,104.60,41.10,51.25,52.35,124.60,56301.95,51.25,36780,11250,1660,2507450263.50,689,F1,30,,,,,
2026-04-15,2026-04-15,FO,NSE,IDO,67411,,BANKNIFTY,,2026-04-28,2026-04-28,50800.00,PE,BANKNIFTY26APR50800PE,81.00,81.00,47.45,64.00,62.95,150.55,56301.95,64.00,24990,1560,1352,2062965148.50,604,F1,30,,,,,
2026-04-15,2026-04-15,FO,NSE,IDO,67425,,BANKNIFTY,,2026-04-28,2026-04-28,51500.00,PE,BANKNIFTY26APR51500PE,124.55,124.55,62.65,85.65,86.40,199.55,56301.95,85.65,233100,-10050,16126,24953351727.00,8352,F1,30,,,,,
2026-04-15,2026-04-15,FO,NSE,IDO,67433,,BANKNIFTY,,2026-04-28,2026-04-28,51900.00,PE,BANKNIFTY26APR51900PE,80.00,123.35,74.40,102.95,105.00,232.85,56301.95,102.95,25080,780,2420,3775148383.50,1030,F1,30,,,,,
2026-04-15,2026-04-15,FO,NSE,IDO,67447,,BANKNIFTY,,2026-04-28,2026-04-28,52600.00,PE,BANKNIFTY26APR52600PE,111.00,164.05,100.30,142.15,146.10,308.55,56301.95,142.15,17760,-7110,1419,2244654009.00,796,F1,30,,,,,
2026-04-15,2026-04-15,FO,NSE,IDO,67463,,BANKNIFTY,,2026-04-28,2026-04-28,53400.00,PE,BANKNIFTY26APR53400PE,349.50,349.50,142.50,206.25,212.10,426.60,56301.95,206.25,23550,2700,2487,3998850198.00,1531,F1,30,,,,,
2026-04-15,2026-04-15,FO,NSE,IDO,67491,,BANKNIFTY,,2026-04-28,2026-04-28,54700.00,PE,BANKNIFTY26APR54700PE,400.00,452.00,267.20,389.30,399.90,719.90,56301.95,389.30,80490,-690,6120,10110794694.00,3976,F1,30,,,,,
2026-04-15,2026-04-15,FO,NSE,IDO,67499,,BANKNIFTY,,2026-04-28,2026-04-28,55100.00,PE,BANKNIFTY26APR55100PE,485.80,550.25,347.75,479.35,488.55,845.60,56301.95,479.35,41550,-4020,6036,10061187867.00,4029,F1,30,,,,,
2026-04-15,2026-04-15,FO,NSE,IDO,67523,,BANKNIFTY,,2026-04-28,2026-04-28,55700.00,PE,BANKNIFTY26APR55700PE,521.95,738.35,448.20,645.70,653.65,1069.90,56301.95,645.70,90270,-13140,10277,17359756233.00,7004,F1,30,,,,,
2026-04-15,2026-04-15,FO,NSE,IDO,67527,,BANKNIFTY,,2026-04-28,2026-04-28,55900.00,PE,BANKNIFTY26APR55900PE,700.00,815.40,509.20,708.95,726.90,1157.70,56301.95,708.95,57960,990,9190,15600365449.50,6915,F1,30,,,,,
2026-04-15,2026-04-15,FO,NSE,IDO,67547,,BANKNIFTY,,2026-04-28,2026-04-28,56900.00,PE,BANKNIFTY26APR56900PE,900.00,1288.00,839.60,1144.25,1180.05,1683.25,56301.95,1144.25,22230,16590,5879,10218384205.50,3439,F1,30,,,,,
2026-04-15,2026-04-15,FO,NSE,IDO,67561,,BANKNIFTY,,2026-04-28,2026-04-28,57600.00,PE,BANKNIFTY26APR57600PE,1505.95,1743.80,1365.90,1599.15,1610.00,2147.65,56301.95,1599.15,8400,5490,390,692268846.00,163,F1,30,,,,,
2026-04-15,2026-04-15,FO,NSE,IDO,67632,,BANKNIFTY,,2026-04-28,2026-04-28,58400.00,PE,BANKNIFTY26APR58400PE,1955.25,2225.45,1939.95,2217.60,2225.45,3473.90,56301.95,2217.60,2340,30,65,117854133.00,25,F1,30,,,,,
2026-04-15,2026-04-15,FO,NSE,IDO,67727,,BANKNIFTY,,2026-04-28,2026-04-28,60600.00,PE,BANKNIFTY26APR60600PE,4000.00,4325.00,4000.00,4325.00,4325.00,8661.30,56301.95,4325.00,1620,-30,2,3885750.00,2,F1,30,,,,,
2026-04-15,2026-04-15,FO,NSE,IDO,67818,,BANKNIFTY,,2026-04-28,2026-04-28,62100.00,PE,BANKNIFTY26APR62100PE,0.00,0.00,0.00,11208.50,11208.50,11208.50,56301.95,5676.80,900,0,0,0.00,0,F1,30,,,,,
2026-04-15,2026-04-15,FO,NSE,IDO,67916,,BANKNIFTY,,2026-04-28,2026-04-28,64400.00,PE,BANKNIFTY26APR64400PE,0.00,0.00,0.00,13239.60,13239.60,13239.60,56301.95,7965.30,90,0,0,0.00,0,F1,30,,,,,
2026-04-15,2026-04-15,FO,NSE,IDO,67918,,BANKNIFTY,,2026-04-28,2026-04-28,64500.00,PE,BANKNIFTY26APR64500PE,0.00,0.00,0.00,11275.00,11275.00,11275.00,56301.95,8065.05,90,0,0,0.00,0,F1,30,,,,,
2026-04-15,2026-04-15,FO,NSE,IDO,67926,,BANKNIFTY,,2026-04-28,2026-04-28,64900.00,PE,BANKNIFTY26APR64900PE,0.00,0.00,0.00,10543.85,10543.85,10543.85,56301.95,8464.10,30,0,0,0.00,0,F1,30,,,,,
2026-04-15,2026-04-15,FO,NSE,IDO,66459,,BANKNIFTY,,2026-05-26,2026-05-26,43000.00,PE,BANKNIFTY26MAY43000PE,60.00,60.00,31.50,35.20,35.50,64.90,56301.95,35.20,12750,5160,429,553859979.00,190,F1,30,,,,,
2026-04-15,2026-04-15,FO,NSE,IDO,66465,,BANKNIFTY,,2026-05-26,2026-05-26,44500.00,PE,BANKNIFTY26MAY44500PE,0.00,0.00,0.00,0.05,0.00,0.05,56301.95,0.35,0,0,0,0.00,0,F1,30,,,,,
2026-04-15,2026-04-15,FO,NSE,IDO,66467,,BANKNIFTY,,2026-05-26,2026-05-26,45000.00,PE,BANKNIFTY26MAY45000PE,65.85,65.85,51.00,55.40,55.05,105.95,56301.95,55.40,5730,-60,212,286553644.50,145,F1,30,,,,,
2026-04-15,2026-04-15,FO,NSE,IDO,66569,,BANKNIFTY,,2026-05-26,2026-05-26,46900.00,PE,BANKNIFTY26MAY46900PE,0.00,0.00,0.00,0.20,0.00,0.20,56301.95,4.75,0,0,0,0.00,0,F1,30,,,,,
2026-04-15,2026-04-15,FO,NSE,IDO,66639,,BANKNIFTY,,2026-05-26,2026-05-26,48400.00,PE,BANKNIFTY26MAY48400PE,0.00,0.00,0.00,0.90,0.00,0.90,56301.95,18.25,0,0,0,0.00,0,F1,30,,,,,
2026-04-15,2026-04-15,FO,NSE,IDO,66651,,BANKNIFTY,,2026-05-26,2026-05-26,48900.00,PE,BANKNIFTY26MAY48900PE,0.00,0.00,0.00,1.40,0.00,1.40,56301.95,27.35,0,0,0,0.00,0,F1,30,,,,,
2026-04-15,2026-04-15,FO,NSE,IDO,66657,,BANKNIFTY,,2026-05-26,2026-05-26,49200.00,PE,BANKNIFTY26MAY49200PE,0.00,0.00,0.00,1.85,0.00,1.85,56301.95,34.50,0,0,0,0.00,0,F1,30,,,,,
2026-04-15,2026-04-15,FO,NSE,IDO,66684,,BANKNIFTY,,2026-05-26,2026-05-26,50000.00,PE,BANKNIFTY26MAY50000PE,201.00,209.90,159.75,194.30,192.65,343.90,56301.95,194.30,81180,-9060,3153,4747056762.00,1494,F1,30,,,,,
2026-04-15,2026-04-15,FO,NSE,IDO,66747,,BANKNIFTY,,2026-05-26,2026-05-26,50300.00,PE,BANKNIFTY26MAY50300PE,0.00,0.00,0.00,1163.35,1188.90,1163.35,56301.95,75.95,1140,0,0,0.00,0,F1,30,,,,,
2026-04-15,2026-04-15,FO,NSE,IDO,67573,,BANKNIFTY,,2026-05-26,2026-05-26,56800.00,PE,BANKNIFTY26MAY56800PE,1692.80,1692.80,1226.55,1470.70,1489.85,1944.15,56301.95,1470.70,4230,2730,241,420629406.00,188,F1,30,,,,,
2026-04-15,2026-04-15,FO,NSE,IDO,67583,,BANKNIFTY,,2026-05-26,2026-05-26,57200.00,PE,BANKNIFTY26MAY57200PE,1440.00,1660.40,1440.00,1626.90,1654.40,1933.60,56301.95,1626.90,4170,3870,142,250603197.00,130,F1,30,,,,,
2026-04-15,2026-04-15,FO,NSE,IDO,67595,,BANKNIFTY,,2026-05-26,2026-05-26,57700.00,PE,BANKNIFTY26MAY57700PE,0.00,0.00,0.00,2474.10,2474.10,2474.10,56301.95,2173.40,240,0,0,0.00,0,F1,30,,,,,
2026-04-15,2026-04-15,FO,NSE,IDO,67995,,BANKNIFTY,,2026-05-26,2026-05-26,59900.00,PE,BANKNIFTY26MAY59900PE,3337.90,3340.90,3288.05,3288.05,3288.05,6565.00,56301.95,3712.05,330,270,9,17069979.00,5,F1,30,,,,,
2026-04-15,2026-04-15,FO,NSE,IDO,68051,,BANKNIFTY,,2026-05-26,2026-05-26,60600.00,PE,BANKNIFTY26MAY60600PE,3675.20,3815.90,3553.90,3815.90,3815.90,4701.00,56301.95,4275.65,480,0,9,17352412.50,7,F1,30,,,,,
2026-04-15,2026-04-15,FO,NSE,IDO,68087,,BANKNIFTY,,2026-05-26,2026-05-26,61200.00,PE,BANKNIFTY26MAY61200PE,0.00,0.00,0.00,8804.90,8804.90,8804.90,56301.95,4781.20,240,0,0,0.00,0,F1,30,,,,,
2026-04-15,2026-04-15,FO,NSE,IDO,68093,,BANKNIFTY,,2026-05-26,2026-05-26,61500.00,PE,BANKNIFTY26MAY61500PE,4500.00,4600.00,4500.00,4600.00,4600.00,6250.00,56301.95,5040.75,450,60,2,3963000.00,2,F1,30,,,,,
2026-04-15,2026-04-15,FO,NSE,IDO,68145,,BANKNIFTY,,2026-05-26,2026-05-26,63700.00,PE,BANKNIFTY26MAY63700PE,0.00,0.00,0.00,10342.90,10342.90,10342.90,56301.95,7048.40,30,0,0,0.00,0,F1,30,,,,,
2026-04-15,2026-04-15,FO,NSE,IDO,68190,,BANKNIFTY,,2026-05-26,2026-05-26,64900.00,PE,BANKNIFTY26MAY64900PE,0.00,0.00,0.00,11514.05,11514.05,11514.05,56301.95,8195.30,600,0,0,0.00,0,F1,30,,,,,
2026-04-15,2026-04-15,FO,NSE,IDO,57696,,BANKNIFTY,,2026-06-30,2026-06-30,46500.00,PE,BANKNIFTY26JUN46500PE,183.00,201.00,175.00,191.80,191.80,315.80,56301.95,33.40,4890,450,32,44811385.50,10,F1,30,,,,,
2026-04-15,2026-04-15,FO,NSE,IDO,75177,,BANKNIFTY,,2026-06-30,2026-06-30,47000.00,PE,BANKNIFTY26JUN47000PE,0.00,0.00,0.00,508.55,0.00,508.55,56301.95,45.15,0,0,0,0.00,0,F1,30,,,,,
2026-04-15,2026-04-15,FO,NSE,IDO,75283,,BANKNIFTY,,2026-06-30,2026-06-30,49700.00,PE,BANKNIFTY26JUN49700PE,0.00,0.00,0.00,1303.50,0.00,1303.50,56301.95,186.05,0,0,0,0.00,0,F1,30,,,,,
2026-04-15,2026-04-15,FO,NSE,IDO,75287,,BANKNIFTY,,2026-06-30,2026-06-30,49900.00,PE,BANKNIFTY26JUN49900PE,0.00,0.00,0.00,1383.85,0.00,1383.85,56301.95,203.95,0,0,0,0.00,0,F1,30,,,,,
2026-04-15,2026-04-15,FO,NSE,IDO,75291,,BANKNIFTY,,2026-06-30,2026-06-30,50100.00,PE,BANKNIFTY26JUN50100PE,0.00,0.00,0.00,1467.25,0.00,1467.25,56301.95,223.20,0,0,0,0.00,0,F1,30,,,,,
2026-04-15,2026-04-15,FO,NSE,IDO,75410,,BANKNIFTY,,2026-06-30,2026-06-30,50500.00,PE,BANKNIFTY26JUN50500PE,399.50,440.85,382.30,430.00,435.00,615.85,56301.95,430.00,2160,510,133,203127487.50,106,F1,30,,,,,
2026-04-15,2026-04-15,FO,NSE,IDO,75456,,BANKNIFTY,,2026-06-30,2026-06-30,52200.00,PE,BANKNIFTY26JUN52200PE,608.40,623.40,567.70,602.65,602.65,1025.35,56301.95,524.25,720,420,19,30095280.00,5,F1,30,,,,,
2026-04-15,2026-04-15,FO,NSE,IDO,75468,,BANKNIFTY,,2026-06-30,2026-06-30,52900.00,PE,BANKNIFTY26JUN52900PE,664.25,664.25,664.25,664.25,664.25,2959.65,56301.95,672.95,150,150,5,8034637.50,1,F1,30,,,,,
2026-04-15,2026-04-15,FO,NSE,IDO,66477,,BANKNIFTY,,2026-05-26,2026-05-26,46200.00,CE,BANKNIFTY26MAY46200CE,0.00,0.00,0.00,15608.20,0.00,15608.20,56301.95,10427.05,0,0,0,0.00,0,F1,30,,,,,
2026-04-15,2026-04-15,FO,NSE,IDO,66482,,BANKNIFTY,,2026-05-26,2026-05-26,46400.00,CE,BANKNIFTY26MAY46400CE,0.00,0.00,0.00,15411.50,0.00,15411.50,56301.95,10228.95,0,0,0,0.00,0,F1,30,,,,,
2026-04-15,2026-04-15,FO,NSE,IDO,66667,,BANKNIFTY,,2026-05-26,2026-05-26,49700.00,CE,BANKNIFTY26MAY49700CE,0.00,0.00,0.00,12168.65,0.00,12168.65,56301.95,6999.05,0,0,0,0.00,0,F1,30,,,,,
2026-04-15,2026-04-15,FO,NSE,IDO,66746,,BANKNIFTY,,2026-05-26,2026-05-26,50300.00,CE,BANKNIFTY26MAY50300CE,0.00,0.00,0.00,5228.40,5228.40,5228.40,56301.95,6429.25,30,0,0,0.00,0,F1,30,,,,,
2026-04-15,2026-04-15,FO,NSE,IDO,67087,,BANKNIFTY,,2026-05-26,2026-05-26,52500.00,CE,BANKNIFTY26MAY52500CE,4891.70,4891.70,4458.05,4544.20,4458.05,4199.00,56301.95,4544.20,4050,-210,26,44599851.00,23,F1,30,,,,,
2026-04-15,2026-04-15,FO,NSE,IDO,67120,,BANKNIFTY,,2026-05-26,2026-05-26,53300.00,CE,BANKNIFTY26MAY53300CE,0.00,0.00,0.00,3507.35,3507.35,3507.35,56301.95,3798.60,2760,0,0,0.00,0,F1,30,,,,,
2026-04-15,2026-04-15,FO,NSE,IDO,67204,,BANKNIFTY,,2026-05-26,2026-05-26,54200.00,CE,BANKNIFTY26MAY54200CE,3296.95,3305.40,3170.90,3170.90,3170.90,2680.00,56301.95,3121.05,600,-60,5,8621118.00,5,F1,30,,,,,
2026-04-15,2026-04-15,FO,NSE,IDO,67288,,BANKNIFTY,,2026-05-26,2026-05-26,55900.00,CE,BANKNIFTY26MAY55900CE,2150.00,2194.30,1898.80,1932.80,1920.50,1740.00,56301.95,1932.80,3690,-120,47,81574918.50,40,F1,30,,,,,
2026-04-15,2026-04-15,FO,NSE,IDO,68046,,BANKNIFTY,,2026-05-26,2026-05-26,60400.00,CE,BANKNIFTY26MAY60400CE,0.00,0.00,0.00,209.75,209.75,209.75,56301.95,435.40,1080,0,0,0.00,0,F1,30,,,,,
2026-04-15,2026-04-15,FO,NSE,IDO,68050,,BANKNIFTY,,2026-05-26,2026-05-26,60600.00,CE,BANKNIFTY26MAY60600CE,0.00,0.00,0.00,190.15,190.15,190.15,56301.95,400.90,690,0,0,0.00,0,F1,30,,,,,
2026-04-15,2026-04-15,FO,NSE,IDO,68078,,BANKNIFTY,,2026-05-26,2026-05-26,60900.00,CE,BANKNIFTY26MAY60900CE,0.00,0.00,0.00,162.00,162.00,162.00,56301.95,353.35,690,0,0,0.00,0,F1,30,,,,,
2026-04-15,2026-04-15,FO,NSE,IDO,68152,,BANKNIFTY,,2026-05-26,2026-05-26,64000.00,CE,BANKNIFTY26MAY64000CE,37.85,37.95,27.50,28.35,27.50,30.50,56301.95,28.35,15480,4260,520,998887729.50,364,F1,30,,,,,
2026-04-15,2026-04-15,FO,NSE,IDO,68265,,BANKNIFTY,,2026-05-26,2026-05-26,67000.00,CE,BANKNIFTY26MAY67000CE,13.95,15.00,13.75,15.00,15.00,20.00,56301.95,15.10,210,60,13,26135637.00,5,F1,30,,,,,
2026-04-15,2026-04-15,FO,NSE,IDO,57565,,BANKNIFTY,,2026-06-30,2026-06-30,43500.00,CE,BANKNIFTY26JUN43500CE,0.00,0.00,0.00,16490.50,0.00,16490.50,56301.95,13367.55,0,0,0,0.00,0,F1,30,,,,,
2026-04-15,2026-04-15,FO,NSE,IDO,75108,,BANKNIFTY,,2026-06-30,2026-06-30,46000.00,CE,BANKNIFTY26JUN46000CE,0.00,0.00,0.00,5433.15,0.00,5433.15,56301.95,10920.15,0,0,0,0.00,0,F1,30,,,,,
2026-04-15,2026-04-15,FO,NSE,IDO,57693,,BANKNIFTY,,2026-06-30,2026-06-30,46500.00,CE,BANKNIFTY26JUN46500CE,0.00,0.00,0.00,13882.70,0.00,13882.70,56301.95,10435.65,0,0,0,0.00,0,F1,30,,,,,
2026-04-15,2026-04-15,FO,NSE,IDO,75204,,BANKNIFTY,,2026-06-30,2026-06-30,47800.00,CE,BANKNIFTY26JUN47800CE,0.00,0.00,0.00,4024.65,0.00,4024.65,56301.95,9190.20,0,0,0,0.00,0,F1,30,,,,,
2026-04-15,2026-04-15,FO,NSE,IDO,75253,,BANKNIFTY,,2026-06-30,2026-06-30,48600.00,CE,BANKNIFTY26JUN48600CE,0.00,0.00,0.00,3462.25,0.00,3462.25,56301.95,8438.15,0,0,0,0.00,0,F1,30,,,,,
2026-04-15,2026-04-15,FO,NSE,IDO,75264,,BANKNIFTY,,2026-06-30,2026-06-30,48700.00,CE,BANKNIFTY26JUN48700CE,0.00,0.00,0.00,3395.45,0.00,3395.45,56301.95,8345.15,0,0,0,0.00,0,F1,30,,,,,
2026-04-15,2026-04-15,FO,NSE,IDO,75276,,BANKNIFTY,,2026-06-30,2026-06-30,49300.00,CE,BANKNIFTY26JUN49300CE,0.00,0.00,0.00,3010.55,0.00,3010.55,56301.95,7792.40,0,0,0,0.00,0,F1,30,,,,,
2026-04-15,2026-04-15,FO,NSE,IDO,75303,,BANKNIFTY,,2026-06-30,2026-06-30,50300.00,CE,BANKNIFTY26JUN50300CE,0.00,0.00,0.00,2430.20,0.00,2430.20,56301.95,6895.15,0,0,0,0.00,0,F1,30,,,,,
2026-04-15,2026-04-15,FO,NSE,IDO,75411,,BANKNIFTY,,2026-06-30,2026-06-30,50600.00,CE,BANKNIFTY26JUN50600CE,0.00,0.00,0.00,4144.85,4144.85,4144.85,56301.95,6632.85,30,0,0,0.00,0,F1,30,,,,,
2026-04-15,2026-04-15,FO,NSE,IDO,57713,,BANKNIFTY,,2026-06-30,2026-06-30,51000.00,CE,BANKNIFTY26JUN51000CE,6450.00,6477.65,6450.00,6477.65,6477.65,5899.00,56301.95,6477.65,2010,0,2,3447829.50,2,F1,30,,,,,
2026-04-15,2026-04-15,FO,NSE,IDO,75461,,BANKNIFTY,,2026-06-30,2026-06-30,52600.00,CE,BANKNIFTY26JUN52600CE,0.00,0.00,0.00,4675.80,4675.80,4675.80,56301.95,4986.80,390,0,0,0.00,0,F1,30,,,,,
2026-04-15,2026-04-15,FO,NSE,IDO,75469,,BANKNIFTY,,2026-06-30,2026-06-30,53000.00,CE,BANKNIFTY26JUN53000CE,4831.00,4899.60,4616.00,4700.00,4700.00,4300.05,56301.95,4682.60,8760,0,34,58947384.00,32,F1,30,,,,,
2026-04-15,2026-04-15,FO,NSE,IDO,75558,,BANKNIFTY,,2026-06-30,2026-06-30,53200.00,CE,BANKNIFTY26JUN53200CE,0.00,0.00,0.00,1182.25,0.00,1182.25,56301.95,4534.00,0,0,0,0.00,0,F1,30,,,,,
2026-04-15,2026-04-15,FO,NSE,IDO,75582,,BANKNIFTY,,2026-06-30,2026-06-30,54100.00,CE,BANKNIFTY26JUN54100CE,0.00,0.00,0.00,916.90,0.00,916.90,56301.95,3895.30,0,0,0,0.00,0,F1,30,,,,,
2026-04-15,2026-04-15,FO,NSE,IDO,57721,,BANKNIFTY,,2026-06-30,2026-06-30,55500.00,CE,BANKNIFTY26JUN55500CE,3050.00,3121.15,2777.40,2822.95,2822.95,2575.40,56301.95,2822.95,7650,-1590,75,131411793.00,55,F1,30,,,,,
2026-04-15,2026-04-15,FO,NSE,IDO,75616,,BANKNIFTY,,2026-06-30,2026-06-30,55900.00,CE,BANKNIFTY26JUN55900CE,0.00,0.00,0.00,2166.55,2166.55,2166.55,56301.95,2782.55,120,0,0,0.00,0,F1,30,,,,,
2026-04-15,2026-04-15,FO,NSE,IDO,75620,,BANKNIFTY,,2026-06-30,2026-06-30,56100.00,CE,BANKNIFTY26JUN56100CE,0.00,0.00,0.00,496.10,0.00,496.10,56301.95,2672.95,0,0,0,0.00,0,F1,30,,,,,
2026-04-15,2026-04-15,FO,NSE,IDO,75628,,BANKNIFTY,,2026-06-30,2026-06-30,56500.00,CE,BANKNIFTY26JUN56500CE,2295.05,2295.05,2171.70,2171.70,2171.70,1939.65,56301.95,2171.70,1470,-60,12,21139462.50,12,F1,30,,,,,
2026-04-15,2026-04-15,FO,NSE,IDO,75661,,BANKNIFTY,,2026-06-30,2026-06-30,57500.00,CE,BANKNIFTY26JUN57500CE,1715.25,1750.00,1579.00,1587.40,1579.00,1442.90,56301.95,1587.40,4320,90,32,56787481.50,19,F1,30,,,,,
2026-04-15,2026-04-15,FO,NSE,IDO,75663,,BANKNIFTY,,2026-06-30,2026-06-30,57600.00,CE,BANKNIFTY26JUN57600CE,0.00,0.00,0.00,298.80,0.00,298.80,56301.95,1941.15,0,0,0,0.00,0,F1,30,,,,,
2026-04-15,2026-04-15,FO,NSE,IDO,75749,,BANKNIFTY,,2026-06-30,2026-06-30,57900.00,CE,BANKNIFTY26JUN57900CE,0.00,0.00,0.00,1224.95,1224.95,1224.95,56301.95,1813.75,150,0,0,0.00,0,F1,30,,,,,
2026-04-15,2026-04-15,FO,NSE,IDO,67552,,BANKNIFTY,,2026-04-28,2026-04-28,57200.00,CE,BANKNIFTY26APR57200CE,589.00,762.40,494.35,518.80,507.00,419.55,56301.95,518.80,90630,29070,13638,23638922893.50,9450,F1,30,,,,,
2026-04-15,2026-04-15,FO,NSE,IDO,67524,,BANKNIFTY,,2026-04-28,2026-04-28,55800.00,CE,BANKNIFTY26APR55800CE,1333.10,1652.60,1200.00,1268.60,1243.50,1045.60,56301.95,1268.60,75120,-22710,9096,15605571204.00,4461,F1,30,,,,,
2026-04-15,2026-04-15,FO,NSE,IDO,67516,,BANKNIFTY,,2026-04-28,2026-04-28,55500.00,CE,BANKNIFTY26APR55500CE,1600.00,1876.80,1390.30,1474.60,1441.75,1221.75,56301.95,1474.60,218280,-35340,13461,23058100147.50,8203,F1,30,,,,,
2026-04-15,2026-04-15,FO,NSE,IDO,67496,,BANKNIFTY,,2026-04-28,2026-04-28,55000.00,CE,BANKNIFTY26APR55000CE,1880.45,2270.00,1745.00,1841.50,1805.15,1539.40,56301.95,1841.50,553290,-52980,10870,18576273042.00,6265,F1,30,,,,,
2026-04-15,2026-04-15,FO,NSE,IDO,67468,,BANKNIFTY,,2026-04-28,2026-04-28,53700.00,CE,BANKNIFTY26APR53700CE,3145.00,3145.00,2879.65,2988.05,2983.35,2512.95,56301.95,2988.05,15660,-360,16,27232330.50,15,F1,30,,,,,
2026-04-15,2026-04-15,FO,NSE,IDO,67466,,BANKNIFTY,,2026-04-28,2026-04-28,53600.00,CE,BANKNIFTY26APR53600CE,3050.00,3204.95,3000.00,3000.00,3000.00,2622.05,56301.95,3000.00,9690,-120,8,13607988.00,8,F1,30,,,,,
2026-04-15,2026-04-15,FO,NSE,IDO,67426,,BANKNIFTY,,2026-04-28,2026-04-28,51600.00,CE,BANKNIFTY26APR51600CE,4965.95,5150.95,4723.10,4975.00,4975.00,4300.55,56301.95,4819.15,21900,-90,15,25430533.50,13,F1,30,,,,,
2026-04-15,2026-04-15,FO,NSE,IDO,67382,,BANKNIFTY,,2026-04-28,2026-04-28,49700.00,CE,BANKNIFTY26APR49700CE,0.00,0.00,0.00,6165.25,6165.25,6165.25,56301.95,6705.20,4560,0,0,0.00,0,F1,30,,,,,
2026-04-15,2026-04-15,FO,NSE,IDO,67303,,BANKNIFTY,,2026-04-28,2026-04-28,48400.00,CE,BANKNIFTY26APR48400CE,0.00,0.00,0.00,6288.90,6288.90,6288.90,56301.95,8002.05,30,0,0,0.00,0,F1,30,,,,,
2026-04-15,2026-04-15,FO,NSE,IDO,67262,,BANKNIFTY,,2026-04-28,2026-04-28,47700.00,CE,BANKNIFTY26APR47700CE,0.00,0.00,0.00,12237.60,0.00,12237.60,56301.95,8700.60,0,0,0,0.00,0,F1,30,,,,,
2026-04-15,2026-04-15,FO,NSE,IDO,67243,,BANKNIFTY,,2026-04-28,2026-04-28,47200.00,CE,BANKNIFTY26APR47200CE,0.00,0.00,0.00,12729.30,0.00,12729.30,56301.95,9199.55,0,0,0,0.00,0,F1,30,,,,,
2026-04-15,2026-04-15,FO,NSE,IDO,67233,,BANKNIFTY,,2026-04-28,2026-04-28,46700.00,CE,BANKNIFTY26APR46700CE,0.00,0.00,0.00,5361.25,5361.25,5361.25,56301.95,9698.50,330,0,0,0.00,0,F1,30,,,,,
2026-04-15,2026-04-15,FO,NSE,IDO,67231,,BANKNIFTY,,2026-04-28,2026-04-28,46600.00,CE,BANKNIFTY26APR46600CE,0.00,0.00,0.00,5542.40,5542.40,5542.40,56301.95,9798.30,360,0,0,0.00,0,F1,30,,,,,
2026-04-15,2026-04-15,FO,NSE,IDO,67229,,BANKNIFTY,,2026-04-28,2026-04-28,46500.00,CE,BANKNIFTY26APR46500CE,10308.90,10308.90,9830.65,9873.85,9873.85,8484.60,56301.95,9898.10,1200,-60,5,8470398.00,5,F1,30,,,,,
2026-04-15,2026-04-15,FO,NSE,IDO,67088,,BANKNIFTY,,2026-05-26,2026-05-26,52500.00,PE,BANKNIFTY26MAY52500PE,352.30,420.00,328.45,395.75,401.70,644.85,56301.95,395.75,49740,32130,1944,3083767842.00,1283,F1,30,,,,,
2026-04-15,2026-04-15,FO,NSE,IDO,67182,,BANKNIFTY,,2026-05-26,2026-05-26,53400.00,PE,BANKNIFTY26MAY53400PE,451.55,503.95,434.20,491.10,491.10,720.85,56301.95,445.05,3000,1440,87,140559931.50,59,F1,30,,,,,
2026-04-15,2026-04-15,FO,NSE,IDO,67214,,BANKNIFTY,,2026-05-26,2026-05-26,54300.00,PE,BANKNIFTY26MAY54300PE,672.60,682.90,616.90,682.90,682.90,1313.05,56301.95,666.15,2250,90,35,57706321.50,26,F1,30,,,,,
2026-04-15,2026-04-15,FO,NSE,IDO,67256,,BANKNIFTY,,2026-05-26,2026-05-26,54800.00,PE,BANKNIFTY26MAY54800PE,710.40,830.25,680.25,815.70,823.00,1205.25,56301.95,815.70,2880,-540,85,141666805.50,79,F1,30,,,,,
2026-04-15,2026-04-15,FO,NSE,IDO,67289,,BANKNIFTY,,2026-05-26,2026-05-26,55900.00,PE,BANKNIFTY26MAY55900PE,1000.00,1186.80,961.50,1062.15,1062.15,1569.05,56301.95,1237.25,3870,1590,97,165922474.50,69,F1,30,,,,,
2026-04-15,2026-04-15,FO,NSE,IDO,67597,,BANKNIFTY,,2026-05-26,2026-05-26,57800.00,PE,BANKNIFTY26MAY57800PE,0.00,0.00,0.00,6830.85,6830.85,6830.85,56301.95,2234.45,150,0,0,0.00,0,F1,30,,,,,
2026-04-15,2026-04-15,FO,NSE,IDO,68047,,BANKNIFTY,,2026-05-26,2026-05-26,60400.00,PE,BANKNIFTY26MAY60400PE,0.00,0.00,0.00,7991.60,7991.60,7991.60,56301.95,4111.55,600,0,0,0.00,0,F1,30,,,,,
2026-04-15,2026-04-15,FO,NSE,IDO,68137,,BANKNIFTY,,2026-05-26,2026-05-26,63300.00,PE,BANKNIFTY26MAY63300PE,0.00,0.00,0.00,9961.00,9961.00,9961.00,56301.95,6672.50,30,0,0,0.00,0,F1,30,,,,,
2026-04-15,2026-04-15,FO,NSE,IDO,68204,,BANKNIFTY,,2026-05-26,2026-05-26,65300.00,PE,BANKNIFTY26MAY65300PE,0.00,0.00,0.00,10673.30,10673.30,10673.30,56301.95,8582.50,510,0,0,0.00,0,F1,30,,,,,
2026-04-15,2026-04-15,FO,NSE,IDO,68210,,BANKNIFTY,,2026-05-26,2026-05-26,65500.00,PE,BANKNIFTY26MAY65500PE,0.00,0.00,0.00,10851.45,10851.45,10851.45,56301.95,8776.80,600,0,0,0.00,0,F1,30,,,,,
2026-04-15,2026-04-15,FO,NSE,IDO,68222,,BANKNIFTY,,2026-05-26,2026-05-26,66000.00,PE,BANKNIFTY26MAY66000PE,8888.00,9239.70,8668.85,8997.95,8997.95,10300.00,56301.95,9264.30,2130,210,230,517973940.00,230,F1,30,,,,,
2026-04-15,2026-04-15,FO,NSE,IDO,75184,,BANKNIFTY,,2026-06-30,2026-06-30,47300.00,PE,BANKNIFTY26JUN47300PE,0.00,0.00,0.00,572.30,0.00,572.30,56301.95,53.75,0,0,0,0.00,0,F1,30,,,,,
2026-04-15,2026-04-15,FO,NSE,IDO,75293,,BANKNIFTY,,2026-06-30,2026-06-30,50200.00,PE,BANKNIFTY26JUN50200PE,0.00,0.00,0.00,1510.15,0.00,1510.15,56301.95,233.35,0,0,0,0.00,0,F1,30,,,,,
2026-04-15,2026-04-15,FO,NSE,IDO,75429,,BANKNIFTY,,2026-06-30,2026-06-30,51400.00,PE,BANKNIFTY26JUN51400PE,542.20,542.20,542.20,542.20,542.20,634.20,56301.95,386.05,480,60,5,7791330.00,2,F1,30,,,,,
2026-04-15,2026-04-15,FO,NSE,IDO,75559,,BANKNIFTY,,2026-06-30,2026-06-30,53200.00,PE,BANKNIFTY26JUN53200PE,827.05,827.05,801.65,801.65,801.65,1246.00,56301.95,745.30,450,-30,9,14582635.50,5,F1,30,,,,,
2026-04-15,2026-04-15,FO,NSE,IDO,75568,,BANKNIFTY,,2026-06-30,2026-06-30,53400.00,PE,BANKNIFTY26JUN53400PE,0.00,0.00,0.00,3286.80,0.00,3286.80,56301.95,798.40,0,0,0,0.00,0,F1,30,,,,,
2026-04-15,2026-04-15,FO,NSE,IDO,75627,,BANKNIFTY,,2026-06-30,2026-06-30,56400.00,PE,BANKNIFTY26JUN56400PE,0.00,0.00,0.00,5564.05,0.00,5564.05,56301.95,1883.90,0,0,0,0.00,0,F1,30,,,,,
2026-04-15,2026-04-15,FO,NSE,IDO,75635,,BANKNIFTY,,2026-06-30,2026-06-30,56800.00,PE,BANKNIFTY26JUN56800PE,0.00,0.00,0.00,5900.65,0.00,5900.65,56301.95,2076.35,0,0,0,0.00,0,F1,30,,,,,
2026-04-15,2026-04-15,FO,NSE,IDO,75649,,BANKNIFTY,,2026-06-30,2026-06-30,57100.00,PE,BANKNIFTY26JUN57100PE,0.00,0.00,0.00,6157.15,0.00,6157.15,56301.95,2228.35,0,0,0,0.00,0,F1,30,,,,,
2026-04-15,2026-04-15,FO,NSE,IDO,75748,,BANKNIFTY,,2026-06-30,2026-06-30,57800.00,PE,BANKNIFTY26JUN57800PE,0.00,0.00,0.00,6767.70,0.00,6767.70,56301.95,2607.45,0,0,0,0.00,0,F1,30,,,,,
2026-04-15,2026-04-15,FO,NSE,IDO,75758,,BANKNIFTY,,2026-06-30,2026-06-30,58300.00,PE,BANKNIFTY26JUN58300PE,2312.65,2312.65,2312.65,2312.65,2312.65,7213.05,56301.95,2898.80,60,60,2,3636759.00,2,F1,30,,,,,
2026-04-15,2026-04-15,FO,NSE,IDO,75803,,BANKNIFTY,,2026-06-30,2026-06-30,59100.00,PE,BANKNIFTY26JUN59100PE,0.00,0.00,0.00,7939.15,0.00,7939.15,56301.95,3399.35,0,0,0,0.00,0,F1,30,,,,,
2026-04-15,2026-04-15,FO,NSE,IDO,75845,,BANKNIFTY,,2026-06-30,2026-06-30,60800.00,PE,BANKNIFTY26JUN60800PE,0.00,0.00,0.00,9524.80,0.00,9524.80,56301.95,4594.85,0,0,0,0.00,0,F1,30,,,,,
2026-04-15,2026-04-15,FO,NSE,IDO,75565,,BANKNIFTY,,2026-06-30,2026-06-30,53300.00,CE,BANKNIFTY26JUN53300CE,0.00,0.00,0.00,1150.15,0.00,1150.15,56301.95,4462.60,0,0,0,0.00,0,F1,30,,,,,
2026-04-15,2026-04-15,FO,NSE,IDO,53244,,BANKNIFTY,,2026-12-29,2026-12-29,61500.00,CE,BANKNIFTY26DEC61500CE,0.00,0.00,0.00,4337.95,0.00,4337.95,56301.95,2985.65,0,0,0,0.00,0,F1,30,,,,,
2026-04-15,2026-04-15,FO,NSE,IDO,53250,,BANKNIFTY,,2026-12-29,2026-12-29,66000.00,CE,BANKNIFTY26DEC66000CE,0.00,0.00,0.00,2499.10,0.00,2499.10,56301.95,1705.75,0,0,0,0.00,0,F1,30,,,,,
2026-04-15,2026-04-15,FO,NSE,IDO,76402,,BANKNIFTY,,2027-03-30,2027-03-30,60000.00,CE,BANKNIFTY27MAR60000CE,0.00,0.00,0.00,1968.25,0.00,1968.25,56301.95,4598.90,0,0,0,0.00,0,F1,30,,,,,
2026-04-15,2026-04-15,FO,NSE,IDO,76425,,BANKNIFTY,,2027-03-30,2027-03-30,63000.00,CE,BANKNIFTY27MAR63000CE,0.00,0.00,0.00,1338.85,0.00,1338.85,56301.95,3454.25,0,0,0,0.00,0,F1,30,,,,,
2026-04-15,2026-04-15,FO,NSE,IDO,67165,,BANKNIFTY,,2026-04-28,2026-04-28,45500.00,PE,BANKNIFTY26APR45500PE,22.00,22.00,8.70,9.35,9.20,20.35,56301.95,9.35,56490,13500,3297,4501380471.00,2464,F1,30,,,,,
2026-04-15,2026-04-15,FO,NSE,IDO,67181,,BANKNIFTY,,2026-04-28,2026-04-28,45900.00,PE,BANKNIFTY26APR45900PE,20.05,20.05,9.45,10.25,9.60,0.25,56301.95,10.25,1500,1500,886,1220324481.00,208,F1,30,,,,,
2026-04-15,2026-04-15,FO,NSE,IDO,67234,,BANKNIFTY,,2026-04-28,2026-04-28,46700.00,PE,BANKNIFTY26APR46700PE,13.80,17.25,11.75,13.00,13.00,0.60,56301.95,0.00,120,120,33,46246426.50,16,F1,30,,,,,
2026-04-15,2026-04-15,FO,NSE,IDO,67246,,BANKNIFTY,,2026-04-28,2026-04-28,47300.00,PE,BANKNIFTY26APR47300PE,20.05,20.05,13.95,16.20,16.20,1.10,56301.95,16.20,60,60,215,305202691.50,57,F1,30,,,,,
2026-04-15,2026-04-15,FO,NSE,IDO,67304,,BANKNIFTY,,2026-04-28,2026-04-28,48400.00,PE,BANKNIFTY26APR48400PE,28.80,29.65,21.65,23.80,23.70,59.85,56301.95,23.80,6600,-270,527,765597402.00,320,F1,30,,,,,
2026-04-15,2026-04-15,FO,NSE,IDO,67383,,BANKNIFTY,,2026-04-28,2026-04-28,49700.00,PE,BANKNIFTY26APR49700PE,51.10,51.10,35.35,39.75,42.65,101.55,56301.95,39.75,7620,-2250,342,510327393.00,187,F1,30,,,,,
2026-04-15,2026-04-15,FO,NSE,IDO,67415,,BANKNIFTY,,2026-04-28,2026-04-28,51000.00,PE,BANKNIFTY26APR51000PE,99.95,107.00,52.05,69.35,70.20,163.50,56301.95,69.35,480240,15540,30153,46193704828.50,14004,F1,30,,,,,
2026-04-15,2026-04-15,FO,NSE,IDO,67441,,BANKNIFTY,,2026-04-28,2026-04-28,52300.00,PE,BANKNIFTY26APR52300PE,150.00,150.00,86.40,125.10,124.00,274.50,56301.95,125.10,21870,2970,1713,2693551113.00,1018,F1,30,,,,,
2026-04-15,2026-04-15,FO,NSE,IDO,67457,,BANKNIFTY,,2026-04-28,2026-04-28,53100.00,PE,BANKNIFTY26APR53100PE,179.65,211.00,128.30,180.35,184.30,377.60,56301.95,180.35,23760,-5070,1610,2572630590.00,1076,F1,30,,,,,
2026-04-15,2026-04-15,FO,NSE,IDO,67459,,BANKNIFTY,,2026-04-28,2026-04-28,53200.00,PE,BANKNIFTY26APR53200PE,205.00,230.55,123.55,188.90,192.10,394.85,56301.95,188.90,31830,-5910,2836,4541038074.00,1762,F1,30,,,,,
2026-04-15,2026-04-15,FO,NSE,IDO,67531,,BANKNIFTY,,2026-04-28,2026-04-28,56100.00,PE,BANKNIFTY26APR56100PE,650.00,898.90,582.25,785.45,802.90,1249.05,56301.95,785.45,66780,35010,19866,33891928864.50,13833,F1,30,,,,,
2026-04-15,2026-04-15,FO,NSE,IDO,67545,,BANKNIFTY,,2026-04-28,2026-04-28,56800.00,PE,BANKNIFTY26APR56800PE,1033.05,1234.60,798.80,1093.15,1125.75,1624.70,56301.95,1093.15,31470,26820,8881,15394875534.00,6447,F1,30,,,,,
2026-04-15,2026-04-15,FO,NSE,IDO,67626,,BANKNIFTY,,2026-04-28,2026-04-28,58100.00,PE,BANKNIFTY26APR58100PE,1720.00,1958.35,1720.00,1886.15,1886.80,2234.75,56301.95,1886.15,2160,-150,67,120669910.50,24,F1,30,,,,,
2026-04-15,2026-04-15,FO,NSE,IDO,67636,,BANKNIFTY,,2026-04-28,2026-04-28,58600.00,PE,BANKNIFTY26APR58600PE,2185.80,2250.85,2143.90,2144.15,2144.15,2676.10,56301.95,2394.90,1800,0,20,36452260.50,7,F1,30,,,,,
2026-04-15,2026-04-15,FO,NSE,IDO,67701,,BANKNIFTY,,2026-04-28,2026-04-28,59300.00,PE,BANKNIFTY26APR59300PE,2600.00,2921.95,2600.00,2921.95,2921.95,3520.00,56301.95,2998.75,1200,-570,20,37308520.50,11,F1,30,,,,,
2026-04-15,2026-04-15,FO,NSE,IDO,67731,,BANKNIFTY,,2026-04-28,2026-04-28,60800.00,PE,BANKNIFTY26APR60800PE,0.00,0.00,0.00,5522.60,5522.60,5522.60,56301.95,4402.35,990,0,0,0.00,0,F1,30,,,,,
2026-04-15,2026-04-15,FO,NSE,IDO,67766,,BANKNIFTY,,2026-04-28,2026-04-28,61100.00,PE,BANKNIFTY26APR61100PE,0.00,0.00,0.00,5020.50,5020.50,5020.50,56301.95,4693.65,1380,0,0,0.00,0,F1,30,,,,,
2026-04-15,2026-04-15,FO,NSE,IDO,67880,,BANKNIFTY,,2026-04-28,2026-04-28,63600.00,PE,BANKNIFTY26APR63600PE,0.00,0.00,0.00,10886.70,10886.70,10886.70,56301.95,7167.65,330,0,0,0.00,0,F1,30,,,,,
2026-04-15,2026-04-15,FO,NSE,IDO,75799,,BANKNIFTY,,2026-06-30,2026-06-30,58900.00,PE,BANKNIFTY26JUN58900PE,0.00,0.00,0.00,7756.20,0.00,7756.20,56301.95,3270.35,0,0,0,0.00,0,F1,30,,,,,
2026-04-15,2026-04-15,FO,NSE,IDO,75752,,BANKNIFTY,,2026-06-30,2026-06-30,58000.00,PE,BANKNIFTY26JUN58000PE,2150.00,2352.00,2095.20,2220.00,2220.00,6945.00,56301.95,2220.00,1800,1800,99,178793383.50,87,F1,30,,,,,
2026-04-15,2026-04-15,FO,NSE,IDO,75664,,BANKNIFTY,,2026-06-30,2026-06-30,57600.00,PE,BANKNIFTY26JUN57600PE,0.00,0.00,0.00,6591.65,0.00,6591.65,56301.95,2495.65,0,0,0,0.00,0,F1,30,,,,,
2026-04-15,2026-04-15,FO,NSE,IDO,75651,,BANKNIFTY,,2026-06-30,2026-06-30,57200.00,PE,BANKNIFTY26JUN57200PE,1919.40,1993.35,1900.60,1993.35,1993.35,6243.35,56301.95,2280.40,420,420,14,24831705.00,13,F1,30,,,,,
2026-04-15,2026-04-15,FO,NSE,IDO,75637,,BANKNIFTY,,2026-06-30,2026-06-30,56900.00,PE,BANKNIFTY26JUN56900PE,0.00,0.00,0.00,5985.80,0.00,5985.80,56301.95,2126.30,0,0,0,0.00,0,F1,30,,,,,
2026-04-15,2026-04-15,FO,NSE,IDO,75615,,BANKNIFTY,,2026-06-30,2026-06-30,55800.00,PE,BANKNIFTY26JUN55800PE,1359.95,1410.00,1359.95,1410.00,1410.00,1816.90,56301.95,1616.15,840,120,8,13719897.00,5,F1,30,,,,,
2026-04-15,2026-04-15,FO,NSE,IDO,75611,,BANKNIFTY,,2026-06-30,2026-06-30,55600.00,PE,BANKNIFTY26JUN55600PE,0.00,0.00,0.00,1525.40,1533.45,1525.40,56301.95,1532.65,300,0,0,0.00,0,F1,30,,,,,
2026-04-15,2026-04-15,FO,NSE,IDO,75583,,BANKNIFTY,,2026-06-30,2026-06-30,54100.00,PE,BANKNIFTY26JUN54100PE,0.00,0.00,0.00,3772.45,0.00,3772.45,56301.95,994.95,0,0,0,0.00,0,F1,30,,,,,
2026-04-15,2026-04-15,FO,NSE,IDO,75274,,BANKNIFTY,,2026-06-30,2026-06-30,49200.00,CE,BANKNIFTY26JUN49200CE,0.00,0.00,0.00,3072.80,0.00,3072.80,56301.95,7883.85,0,0,0,0.00,0,F1,30,,,,,
2026-04-15,2026-04-15,FO,NSE,IDO,75272,,BANKNIFTY,,2026-06-30,2026-06-30,49100.00,CE,BANKNIFTY26JUN49100CE,0.00,0.00,0.00,3135.85,0.00,3135.85,56301.95,7975.55,0,0,0,0.00,0,F1,30,,,,,
2026-04-15,2026-04-15,FO,NSE,IDO,75268,,BANKNIFTY,,2026-06-30,2026-06-30,48900.00,CE,BANKNIFTY26JUN48900CE,0.00,0.00,0.00,3264.15,0.00,3264.15,56301.95,8159.85,0,0,0,0.00,0,F1,30,,,,,
2026-04-15,2026-04-15,FO,NSE,IDO,75247,,BANKNIFTY,,2026-06-30,2026-06-30,48300.00,CE,BANKNIFTY26JUN48300CE,0.00,0.00,0.00,3666.85,0.00,3666.85,56301.95,8718.60,0,0,0,0.00,0,F1,30,,,,,
2026-04-15,2026-04-15,FO,NSE,IDO,75445,,BANKNIFTY,,2026-06-30,2026-06-30,51900.00,PE,BANKNIFTY26JUN51900PE,543.90,543.90,543.90,543.90,543.90,828.00,56301.95,468.65,510,150,5,7866585.00,1,F1,30,,,,,
2026-04-15,2026-04-15,FO,NSE,IDO,57714,,BANKNIFTY,,2026-06-30,2026-06-30,51000.00,PE,BANKNIFTY26JUN51000PE,423.70,482.10,414.80,462.95,470.00,659.20,56301.95,462.95,59490,10380,664,1024749381.00,351,F1,30,,,,,
2026-04-15,2026-04-15,FO,NSE,IDO,57767,,BANKNIFTY,,2026-06-30,2026-06-30,63000.00,PE,BANKNIFTY26JUN63000PE,0.00,0.00,0.00,6600.00,6600.00,6600.00,56301.95,6353.30,750,0,0,0.00,0,F1,30,,,,,
2026-04-15,2026-04-15,FO,NSE,IDO,52265,,BANKNIFTY,,2026-09-29,2026-09-29,43500.00,PE,BANKNIFTY26SEP43500PE,0.00,0.00,0.00,167.10,0.00,167.10,56301.95,64.30,0,0,0,0.00,0,F1,30,,,,,
2026-04-15,2026-04-15,FO,NSE,IDO,52287,,BANKNIFTY,,2026-09-29,2026-09-29,54000.00,PE,BANKNIFTY26SEP54000PE,0.00,0.00,0.00,2057.45,0.00,2057.45,56301.95,1594.80,0,0,0,0.00,0,F1,30,,,,,
2026-04-15,2026-04-15,FO,NSE,IDO,53236,,BANKNIFTY,,2026-12-29,2026-12-29,58500.00,PE,BANKNIFTY26DEC58500PE,0.00,0.00,0.00,1895.70,0.00,1895.70,56301.95,3870.50,0,0,0,0.00,0,F1,30,,,,,
2026-04-15,2026-04-15,FO,NSE,IDO,53245,,BANKNIFTY,,2026-12-29,2026-12-29,61500.00,PE,BANKNIFTY26DEC61500PE,0.00,0.00,0.00,3065.85,0.00,3065.85,56301.95,5530.05,0,0,0,0.00,0,F1,30,,,,,
2026-04-15,2026-04-15,FO,NSE,IDO,76418,,BANKNIFTY,,2027-03-30,2027-03-30,60000.00,PE,BANKNIFTY27MAR60000PE,0.00,0.00,0.00,7507.95,0.00,7507.95,56301.95,4821.75,0,0,0,0.00,0,F1,30,,,,,
2026-04-15,2026-04-15,FO,NSE,IDO,75796,,BANKNIFTY,,2026-06-30,2026-06-30,58800.00,CE,BANKNIFTY26JUN58800CE,0.00,0.00,0.00,929.25,929.25,929.25,56301.95,1467.80,120,0,0,0.00,0,F1,30,,,,,
2026-04-15,2026-04-15,FO,NSE,IDO,75828,,BANKNIFTY,,2026-06-30,2026-06-30,60100.00,CE,BANKNIFTY26JUN60100CE,0.00,0.00,0.00,117.90,0.00,117.90,56301.95,1058.75,0,0,0,0.00,0,F1,30,,,,,
2026-04-15,2026-04-15,FO,NSE,IDO,75847,,BANKNIFTY,,2026-06-30,2026-06-30,60900.00,CE,BANKNIFTY26JUN60900CE,0.00,0.00,0.00,85.70,0.00,85.70,56301.95,858.25,0,0,0,0.00,0,F1,30,,,,,
2026-04-15,2026-04-15,FO,NSE,IDO,75880,,BANKNIFTY,,2026-06-30,2026-06-30,61200.00,CE,BANKNIFTY26JUN61200CE,0.00,0.00,0.00,75.85,0.00,75.85,56301.95,788.65,0,0,0,0.00,0,F1,30,,,,,
2026-04-15,2026-04-15,FO,NSE,IDO,52264,,BANKNIFTY,,2026-09-29,2026-09-29,43500.00,CE,BANKNIFTY26SEP43500CE,0.00,0.00,0.00,13878.45,0.00,13878.45,56301.95,14090.65,0,0,0,0.00,0,F1,30,,,,,
2026-04-15,2026-04-15,FO,NSE,IDO,52282,,BANKNIFTY,,2026-09-29,2026-09-29,51000.00,CE,BANKNIFTY26SEP51000CE,0.00,0.00,0.00,7836.25,0.00,7836.25,56301.95,7537.55,0,0,0,0.00,0,F1,30,,,,,
2026-04-15,2026-04-15,FO,NSE,IDO,52284,,BANKNIFTY,,2026-09-29,2026-09-29,52500.00,CE,BANKNIFTY26SEP52500CE,0.00,0.00,0.00,6823.00,0.00,6823.00,56301.95,6431.85,0,0,0,0.00,0,F1,30,,,,,
2026-04-15,2026-04-15,FO,NSE,IDO,52412,,BANKNIFTY,,2026-09-29,2026-09-29,64500.00,CE,BANKNIFTY26SEP64500CE,0.00,0.00,0.00,1685.65,0.00,1685.65,56301.95,1148.70,0,0,0,0.00,0,F1,30,,,,,
2026-04-15,2026-04-15,FO,NSE,IDO,53184,,BANKNIFTY,,2026-12-29,2026-12-29,43500.00,CE,BANKNIFTY26DEC43500CE,0.00,0.00,0.00,18243.35,0.00,18243.35,56301.95,14848.45,0,0,0,0.00,0,F1,30,,,,,
2026-04-15,2026-04-15,FO,NSE,IDO,67405,,BANKNIFTY,,2026-04-28,2026-04-28,50500.00,PE,BANKNIFTY26APR50500PE,53.45,66.90,45.00,55.60,55.30,135.55,56301.95,55.60,181530,19980,11881,18019085479.50,5797,F1,30,,,,,
2026-04-15,2026-04-15,FO,NSE,IDO,67439,,BANKNIFTY,,2026-04-28,2026-04-28,52200.00,PE,BANKNIFTY26APR52200PE,128.75,135.90,81.70,118.15,119.00,262.85,56301.95,118.15,26430,1230,2012,3157225020.00,981,F1,30,,,,,
2026-04-15,2026-04-15,FO,NSE,IDO,67473,,BANKNIFTY,,2026-04-28,2026-04-28,53900.00,PE,BANKNIFTY26APR53900PE,245.95,306.00,176.20,263.85,271.85,524.00,56301.95,263.85,20010,-3300,3656,5939111956.50,2197,F1,30,,,,,
2026-04-15,2026-04-15,FO,NSE,IDO,67493,,BANKNIFTY,,2026-04-28,2026-04-28,54800.00,PE,BANKNIFTY26APR54800PE,350.00,477.10,282.05,408.65,418.35,747.65,56301.95,408.65,81810,5580,8102,13414123279.50,5058,F1,30,,,,,
2026-04-15,2026-04-15,FO,NSE,IDO,67551,,BANKNIFTY,,2026-04-28,2026-04-28,57100.00,PE,BANKNIFTY26APR57100PE,1021.30,1394.50,957.65,1256.00,1297.20,1810.85,56301.95,1256.00,6390,3090,1038,1814619199.50,841,F1,30,,,,,
2026-04-15,2026-04-15,FO,NSE,IDO,67715,,BANKNIFTY,,2026-04-28,2026-04-28,60000.00,PE,BANKNIFTY26APR60000PE,3613.35,3789.80,3126.55,3630.35,3693.45,4313.35,56301.95,3630.35,349740,-37980,4639,8852654992.50,3285,F1,30,,,,,
2026-04-15,2026-04-15,FO,NSE,IDO,67719,,BANKNIFTY,,2026-04-28,2026-04-28,60200.00,PE,BANKNIFTY26APR60200PE,3419.90,3875.05,3419.90,3875.05,3875.05,4600.00,56301.95,3828.10,2370,-60,8,15344887.50,5,F1,30,,,,,
2026-04-15,2026-04-15,FO,NSE,IDO,53217,,BANKNIFTY,,2026-12-29,2026-12-29,48000.00,PE,BANKNIFTY26DEC48000PE,0.00,0.00,0.00,143.70,0.00,143.70,56301.95,593.20,0,0,0,0.00,0,F1,30,,,,,
2026-04-15,2026-04-15,FO,NSE,IDO,67725,,BANKNIFTY,,2026-04-28,2026-04-28,60500.00,PE,BANKNIFTY26APR60500PE,3871.30,4200.00,3800.00,4125.00,4125.00,4760.00,56301.95,4113.65,17100,-1620,71,137587261.50,21,F1,30,,,,,
2026-04-15,2026-04-15,FO,NSE,IDO,66760,,BANKNIFTY,,2026-05-26,2026-05-26,50800.00,PE,BANKNIFTY26MAY50800PE,0.00,0.00,0.00,1275.60,1275.15,1275.60,56301.95,105.55,1110,0,0,0.00,0,F1,30,,,,,
2026-04-15,2026-04-15,FO,NSE,IDO,66668,,BANKNIFTY,,2026-05-26,2026-05-26,49700.00,PE,BANKNIFTY26MAY49700PE,0.00,0.00,0.00,2.95,0.00,2.95,56301.95,49.95,0,0,0,0.00,0,F1,30,,,,,
2026-04-15,2026-04-15,FO,NSE,IDO,66573,,BANKNIFTY,,2026-05-26,2026-05-26,47100.00,PE,BANKNIFTY26MAY47100PE,0.00,0.00,0.00,0.25,0.00,0.25,56301.95,5.75,0,0,0,0.00,0,F1,30,,,,,
2026-04-15,2026-04-15,FO,NSE,IDO,66530,,BANKNIFTY,,2026-05-26,2026-05-26,46600.00,PE,BANKNIFTY26MAY46600PE,0.00,0.00,0.00,0.15,0.00,0.15,56301.95,3.55,0,0,0,0.00,0,F1,30,,,,,
2026-04-15,2026-04-15,FO,NSE,IDO,52405,,BANKNIFTY,,2026-09-29,2026-09-29,63000.00,PE,BANKNIFTY26SEP63000PE,0.00,0.00,0.00,6693.90,0.00,6693.90,56301.95,6410.45,0,0,0,0.00,0,F1,30,,,,,
2026-04-15,2026-04-15,FO,NSE,IDO,52283,,BANKNIFTY,,2026-09-29,2026-09-29,51000.00,PE,BANKNIFTY26SEP51000PE,0.00,0.00,0.00,1180.85,0.00,1180.85,56301.95,800.15,0,0,0,0.00,0,F1,30,,,,,
2026-04-15,2026-04-15,FO,NSE,IDO,75890,,BANKNIFTY,,2026-06-30,2026-06-30,61600.00,PE,BANKNIFTY26JUN61600PE,0.00,0.00,0.00,10285.50,0.00,10285.50,56301.95,5208.20,0,0,0,0.00,0,F1,30,,,,,
2026-04-15,2026-04-15,FO,NSE,IDO,57760,,BANKNIFTY,,2026-06-30,2026-06-30,61500.00,PE,BANKNIFTY26JUN61500PE,0.00,0.00,0.00,8718.00,8718.00,8718.00,56301.95,5129.60,330,0,0,0.00,0,F1,30,,,,,
2026-04-15,2026-04-15,FO,NSE,IDO,75623,,BANKNIFTY,,2026-06-30,2026-06-30,56200.00,PE,BANKNIFTY26JUN56200PE,0.00,0.00,0.00,5398.15,0.00,5398.15,56301.95,1791.80,0,0,0,0.00,0,F1,30,,,,,
2026-04-15,2026-04-15,FO,NSE,IDO,75597,,BANKNIFTY,,2026-06-30,2026-06-30,54800.00,PE,BANKNIFTY26JUN54800PE,0.00,0.00,0.00,1692.85,1689.40,1692.85,56301.95,1226.60,390,0,0,0.00,0,F1,30,,,,,
2026-04-15,2026-04-15,FO,NSE,IDO,75595,,BANKNIFTY,,2026-06-30,2026-06-30,54700.00,PE,BANKNIFTY26JUN54700PE,0.00,0.00,0.00,1514.45,1514.45,1514.45,56301.95,1191.45,30,0,0,0.00,0,F1,30,,,,,
2026-04-15,2026-04-15,FO,NSE,IDO,75572,,BANKNIFTY,,2026-06-30,2026-06-30,53600.00,PE,BANKNIFTY26JUN53600PE,0.00,0.00,0.00,1174.60,1174.60,1174.60,56301.95,851.85,210,0,0,0.00,0,F1,30,,,,,
2026-04-15,2026-04-15,FO,NSE,IDO,67996,,BANKNIFTY,,2026-05-26,2026-05-26,60000.00,CE,BANKNIFTY26MAY60000CE,270.00,302.05,201.85,209.75,209.00,178.75,56301.95,209.75,1019820,86130,17191,31064202868.50,8967,F1,30,,,,,
2026-04-15,2026-04-15,FO,NSE,IDO,67188,,BANKNIFTY,,2026-05-26,2026-05-26,53600.00,CE,BANKNIFTY26MAY53600CE,3585.20,3683.85,3574.90,3644.40,3644.40,3150.65,56301.95,3644.40,840,-210,14,24024054.00,14,F1,30,,,,,
2026-04-15,2026-04-15,FO,NSE,IDO,67116,,BANKNIFTY,,2026-05-26,2026-05-26,53100.00,CE,BANKNIFTY26MAY53100CE,0.00,0.00,0.00,3547.15,3547.15,3547.15,56301.95,3957.95,840,0,0,0.00,0,F1,30,,,,,
2026-04-15,2026-04-15,FO,NSE,IDO,67097,,BANKNIFTY,,2026-05-26,2026-05-26,52800.00,CE,BANKNIFTY26MAY52800CE,4433.55,4531.75,4280.35,4338.80,4338.80,3871.55,56301.95,4202.25,2670,-210,14,24034795.50,14,F1,30,,,,,
2026-04-15,2026-04-15,FO,NSE,IDO,66683,,BANKNIFTY,,2026-05-26,2026-05-26,50000.00,CE,BANKNIFTY26MAY50000CE,6936.35,7080.00,6700.00,6841.50,6795.00,6355.10,56301.95,6841.50,5550,780,46,78545485.50,45,F1,30,,,,,
2026-04-15,2026-04-15,FO,NSE,IDO,66646,,BANKNIFTY,,2026-05-26,2026-05-26,48700.00,CE,BANKNIFTY26MAY48700CE,0.00,0.00,0.00,13150.45,0.00,13150.45,56301.95,7965.45,0,0,0,0.00,0,F1,30,,,,,
2026-04-15,2026-04-15,FO,NSE,IDO,66603,,BANKNIFTY,,2026-05-26,2026-05-26,47600.00,CE,BANKNIFTY26MAY47600CE,0.00,0.00,0.00,14231.55,0.00,14231.55,56301.95,9043.60,0,0,0,0.00,0,F1,30,,,,,
2026-04-15,2026-04-15,FO,NSE,IDO,66531,,BANKNIFTY,,2026-05-26,2026-05-26,46700.00,CE,BANKNIFTY26MAY46700CE,0.00,0.00,0.00,15116.50,0.00,15116.50,56301.95,9932.05,0,0,0,0.00,0,F1,30,,,,,
2026-04-15,2026-04-15,FO,NSE,IDO,66458,,BANKNIFTY,,2026-05-26,2026-05-26,43000.00,CE,BANKNIFTY26MAY43000CE,0.00,0.00,0.00,8000.00,8000.00,8000.00,56301.95,13602.35,30,0,0,0.00,0,F1,30,,,,,
2026-04-15,2026-04-15,FO,NSE,IDO,68177,,BANKNIFTY,,2026-04-28,2026-04-28,65800.00,CE,BANKNIFTY26APR65800CE,1.00,5.00,1.00,3.35,3.35,2.95,56301.95,0.05,6480,-240,38,75016540.50,33,F1,30,,,,,
2026-04-15,2026-04-15,FO,NSE,IDO,67929,,BANKNIFTY,,2026-04-28,2026-04-28,65100.00,CE,BANKNIFTY26APR65100CE,3.50,6.10,3.50,4.30,4.55,4.35,56301.95,4.30,5820,2310,313,611332945.50,229,F1,30,,,,,
2026-04-15,2026-04-15,FO,NSE,IDO,67207,,BANKNIFTY,,2026-04-28,2026-04-28,46000.00,CE,BANKNIFTY26APR46000CE,10798.95,10799.00,10567.70,10594.10,10594.10,9747.30,56301.95,10397.05,7260,-210,10,16989166.50,7,F1,30,,,,,
2026-04-15,2026-04-15,FO,NSE,IDO,67217,,BANKNIFTY,,2026-04-28,2026-04-28,46100.00,CE,BANKNIFTY26APR46100CE,0.00,0.00,0.00,13811.75,0.00,13811.75,56301.95,10297.25,0,0,0,0.00,0,F1,30,,,,,
2026-04-15,2026-04-15,FO,NSE,IDO,67237,,BANKNIFTY,,2026-04-28,2026-04-28,46900.00,CE,BANKNIFTY26APR46900CE,0.00,0.00,0.00,4963.45,4963.45,4963.45,56301.95,9498.90,180,0,0,0.00,0,F1,30,,,,,
2026-04-15,2026-04-15,FO,NSE,IDO,67254,,BANKNIFTY,,2026-04-28,2026-04-28,47600.00,CE,BANKNIFTY26APR47600CE,0.00,0.00,0.00,12335.90,0.00,12335.90,56301.95,8800.35,0,0,0,0.00,0,F1,30,,,,,
2026-04-15,2026-04-15,FO,NSE,IDO,67309,,BANKNIFTY,,2026-04-28,2026-04-28,48700.00,CE,BANKNIFTY26APR48700CE,0.00,0.00,0.00,7186.65,7186.65,7186.65,56301.95,7702.70,1710,0,0,0.00,0,F1,30,,,,,
2026-04-15,2026-04-15,FO,NSE,IDO,67406,,BANKNIFTY,,2026-04-28,2026-04-28,50600.00,CE,BANKNIFTY26APR50600CE,5791.20,5791.95,5791.20,5791.75,5791.75,5376.05,56301.95,5808.95,19980,-150,8,13534005.00,4,F1,30,,,,,
2026-04-15,2026-04-15,FO,NSE,IDO,67456,,BANKNIFTY,,2026-04-28,2026-04-28,53100.00,CE,BANKNIFTY26APR53100CE,3679.85,3689.05,3329.05,3404.95,3404.95,2933.80,56301.95,3377.10,16800,-180,24,40844245.50,23,F1,30,,,,,
2026-04-15,2026-04-15,FO,NSE,IDO,67458,,BANKNIFTY,,2026-04-28,2026-04-28,53200.00,CE,BANKNIFTY26APR53200CE,3600.00,3600.00,3242.00,3412.15,3373.30,2903.00,56301.95,3412.15,14190,-840,49,83244250.50,44,F1,30,,,,,
2026-04-15,2026-04-15,FO,NSE,IDO,67476,,BANKNIFTY,,2026-04-28,2026-04-28,54100.00,CE,BANKNIFTY26APR54100CE,2665.00,2750.00,2500.00,2636.35,2634.95,2171.55,56301.95,2636.35,14100,-210,23,39147333.00,22,F1,30,,,,,
2026-04-15,2026-04-15,FO,NSE,IDO,67548,,BANKNIFTY,,2026-04-28,2026-04-28,57000.00,CE,BANKNIFTY26APR57000CE,600.20,873.85,573.90,606.20,590.90,485.75,56301.95,606.20,645060,45030,89921,155554372759.50,55201,F1,30,,,,,
2026-04-15,2026-04-15,FO,NSE,IDO,67560,,BANKNIFTY,,2026-04-28,2026-04-28,57600.00,CE,BANKNIFTY26APR57600CE,388.00,560.10,360.00,377.20,369.90,303.90,56301.95,377.20,65790,13680,8191,14256597660.00,5646,F1,30,,,,,
2026-04-15,2026-04-15,FO,NSE,IDO,67624,,BANKNIFTY,,2026-04-28,2026-04-28,58100.00,CE,BANKNIFTY26APR58100CE,306.75,364.10,231.85,244.80,240.65,200.10,56301.95,244.80,42870,-36810,7413,12982959258.00,5389,F1,30,,,,,
2026-04-15,2026-04-15,FO,NSE,IDO,67627,,BANKNIFTY,,2026-04-28,2026-04-28,58200.00,CE,BANKNIFTY26APR58200CE,310.95,343.75,211.15,223.70,221.75,182.60,56301.95,223.70,36420,-26700,7675,13459544793.00,5434,F1,30,,,,,
2026-04-15,2026-04-15,FO,NSE,IDO,67704,,BANKNIFTY,,2026-04-28,2026-04-28,59500.00,CE,BANKNIFTY26APR59500CE,85.05,102.55,61.85,66.25,66.00,60.05,56301.95,66.25,171510,11130,22638,40460724796.50,15398,F1,30,,,,,
2026-04-15,2026-04-15,FO,NSE,IDO,67718,,BANKNIFTY,,2026-04-28,2026-04-28,60200.00,CE,BANKNIFTY26APR60200CE,50.60,50.65,34.85,37.20,39.40,37.25,56301.95,37.20,40590,-9870,2222,4015692154.50,1194,F1,30,,,,,
2026-04-15,2026-04-15,FO,NSE,IDO,67821,,BANKNIFTY,,2026-04-28,2026-04-28,62300.00,CE,BANKNIFTY26APR62300CE,14.25,14.25,9.65,10.00,9.95,13.70,56301.95,10.00,5460,-1290,142,265449208.50,61,F1,30,,,,,
2026-04-15,2026-04-15,FO,NSE,IDO,67835,,BANKNIFTY,,2026-04-28,2026-04-28,62800.00,CE,BANKNIFTY26APR62800CE,14.95,14.95,7.85,8.35,8.70,10.35,56301.95,8.35,6810,120,93,175239810.00,57,F1,30,,,,,
2026-04-15,2026-04-15,FO,NSE,IDO,52389,,BANKNIFTY,,2026-09-29,2026-09-29,61500.00,PE,BANKNIFTY26SEP61500PE,0.00,0.00,0.00,5725.60,0.00,5725.60,56301.95,5368.45,0,0,0,0.00,0,F1,30,,,,,
2026-04-15,2026-04-15,FO,NSE,IDO,57815,,BANKNIFTY,,2026-06-30,2026-06-30,69000.00,PE,BANKNIFTY26JUN69000PE,0.00,0.00,0.00,15956.60,15956.15,15956.60,56301.95,11866.95,2610,0,0,0.00,0,F1,30,,,,,
2026-04-15,2026-04-15,FO,NSE,IDO,57807,,BANKNIFTY,,2026-06-30,2026-06-30,67500.00,PE,BANKNIFTY26JUN67500PE,0.00,0.00,0.00,14646.30,14646.10,14646.30,56301.95,10431.10,2610,0,0,0.00,0,F1,30,,,,,
2026-04-15,2026-04-15,FO,NSE,IDO,75896,,BANKNIFTY,,2026-06-30,2026-06-30,61900.00,PE,BANKNIFTY26JUN61900PE,0.00,0.00,0.00,10572.55,0.00,10572.55,56301.95,5446.65,0,0,0,0.00,0,F1,30,,,,,
2026-04-15,2026-04-15,FO,NSE,IDO,75881,,BANKNIFTY,,2026-06-30,2026-06-30,61200.00,PE,BANKNIFTY26JUN61200PE,0.00,0.00,0.00,9904.20,0.00,9904.20,56301.95,4896.70,0,0,0,0.00,0,F1,30,,,,,
2026-04-15,2026-04-15,FO,NSE,IDO,75183,,BANKNIFTY,,2026-06-30,2026-06-30,47300.00,CE,BANKNIFTY26JUN47300CE,0.00,0.00,0.00,4394.95,0.00,4394.95,56301.95,9666.30,0,0,0,0.00,0,F1,30,,,,,
2026-04-15,2026-04-15,FO,NSE,IDO,68429,,BANKNIFTY,,2026-05-26,2026-05-26,68000.00,CE,BANKNIFTY26MAY68000CE,11.00,14.00,11.00,14.00,14.00,11.75,56301.95,8.15,3420,360,36,73453830.00,6,F1,30,,,,,
2026-04-15,2026-04-15,FO,NSE,IDO,68229,,BANKNIFTY,,2026-05-26,2026-05-26,66200.00,CE,BANKNIFTY26MAY66200CE,0.00,0.00,0.00,572.30,0.00,572.30,56301.95,24.30,0,0,0,0.00,0,F1,30,,,,,
2026-04-15,2026-04-15,FO,NSE,IDO,68116,,BANKNIFTY,,2026-05-26,2026-05-26,62500.00,CE,BANKNIFTY26MAY62500CE,54.00,61.45,47.10,50.30,50.00,47.45,56301.95,50.30,3030,1710,124,232701508.50,76,F1,30,,,,,
2026-04-15,2026-04-15,FO,NSE,IDO,68112,,BANKNIFTY,,2026-05-26,2026-05-26,62300.00,CE,BANKNIFTY26MAY62300CE,62.00,67.55,60.75,63.75,63.75,46.60,56301.95,189.05,660,180,21,39288546.00,15,F1,30,,,,,
2026-04-15,2026-04-15,FO,NSE,IDO,68088,,BANKNIFTY,,2026-05-26,2026-05-26,61300.00,CE,BANKNIFTY26MAY61300CE,0.00,0.00,0.00,147.00,147.00,147.00,56301.95,297.35,780,0,0,0.00,0,F1,30,,,,,
2026-04-15,2026-04-15,FO,NSE,IDO,67810,,BANKNIFTY,,2026-05-26,2026-05-26,59600.00,CE,BANKNIFTY26MAY59600CE,350.80,364.30,278.55,281.80,281.80,241.35,56301.95,281.80,11580,3000,300,539198286.00,167,F1,30,,,,,
2026-04-15,2026-04-15,FO,NSE,IDO,67620,,BANKNIFTY,,2026-05-26,2026-05-26,58500.00,CE,BANKNIFTY26MAY58500CE,750.00,760.00,561.60,592.90,586.85,501.55,56301.95,592.90,46800,20610,2165,3840934372.50,1718,F1,30,,,,,
2026-04-15,2026-04-15,FO,NSE,IDO,67586,,BANKNIFTY,,2026-05-26,2026-05-26,57400.00,CE,BANKNIFTY26MAY57400CE,1116.15,1195.15,1052.30,1085.65,1085.65,881.00,56301.95,1298.70,4080,-30,45,79019287.50,40,F1,30,,,,,
2026-04-15,2026-04-15,FO,NSE,IDO,67584,,BANKNIFTY,,2026-05-26,2026-05-26,57300.00,CE,BANKNIFTY26MAY57300CE,1089.40,1130.50,1089.40,1121.90,1121.90,857.95,56301.95,1340.65,3120,120,18,31547139.00,18,F1,30,,,,,
2026-04-15,2026-04-15,FO,NSE,IDO,67225,,BANKNIFTY,,2026-05-26,2026-05-26,54500.00,CE,BANKNIFTY26MAY54500CE,3050.00,3107.60,2891.95,2958.20,2891.95,2625.80,56301.95,2958.20,5100,-600,39,67308103.50,33,F1,30,,,,,
2026-04-15,2026-04-15,FO,NSE,IDO,67206,,BANKNIFTY,,2026-05-26,2026-05-26,54300.00,CE,BANKNIFTY26MAY54300CE,0.00,0.00,0.00,2355.70,2355.70,2355.70,56301.95,3047.40,510,0,0,0.00,0,F1,30,,,,,
2026-04-15,2026-04-15,FO,NSE,IDO,67202,,BANKNIFTY,,2026-05-26,2026-05-26,54100.00,CE,BANKNIFTY26MAY54100CE,0.00,0.00,0.00,2470.80,2470.80,2470.80,56301.95,3193.45,1200,0,0,0.00,0,F1,30,,,,,
2026-04-15,2026-04-15,FO,NSE,IDO,66816,,BANKNIFTY,,2026-05-26,2026-05-26,52000.00,CE,BANKNIFTY26MAY52000CE,4446.55,5384.05,4446.55,5016.20,4979.90,4560.55,56301.95,5016.20,40800,390,150,256771713.00,144,F1,30,,,,,
2026-04-15,2026-04-15,FO,NSE,IDO,66799,,BANKNIFTY,,2026-05-26,2026-05-26,51800.00,CE,BANKNIFTY26MAY51800CE,5272.15,5272.15,5265.60,5265.60,5265.60,4225.05,56301.95,5057.05,930,-60,3,5136295.50,3,F1,30,,,,,
2026-04-15,2026-04-15,FO,NSE,IDO,66797,,BANKNIFTY,,2026-05-26,2026-05-26,51700.00,CE,BANKNIFTY26MAY51700CE,5454.20,5454.20,5454.20,5454.20,5454.20,4877.60,56301.95,5145.55,810,0,1,1714626.00,1,F1,30,,,,,
2026-04-15,2026-04-15,FO,NSE,IDO,66677,,BANKNIFTY,,2026-05-26,2026-05-26,49900.00,CE,BANKNIFTY26MAY49900CE,0.00,0.00,0.00,11972.50,0.00,11972.50,56301.95,6808.10,0,0,0,0.00,0,F1,30,,,,,
2026-04-15,2026-04-15,FO,NSE,IDO,66652,,BANKNIFTY,,2026-05-26,2026-05-26,49000.00,CE,BANKNIFTY26MAY49000CE,7900.00,7900.00,7900.00,7900.00,7900.00,6830.00,56301.95,7673.75,900,30,1,1707000.00,1,F1,30,,,,,
2026-04-15,2026-04-15,FO,NSE,IDO,38309,,BANKNIFTY,,2026-05-26,2026-05-26,45600.00,CE,BANKNIFTY26MAY45600CE,0.00,0.00,0.00,15647.50,0.00,15647.50,56301.95,11021.70,0,0,0,0.00,0,F1,30,,,,,
2026-04-15,2026-04-15,FO,NSE,IDO,40396,,BANKNIFTY,,2026-05-26,2026-05-26,45400.00,CE,BANKNIFTY26MAY45400CE,0.00,0.00,0.00,15140.55,0.00,15140.55,56301.95,11220.10,0,0,0,0.00,0,F1,30,,,,,
2026-04-15,2026-04-15,FO,NSE,IDO,66462,,BANKNIFTY,,2026-05-26,2026-05-26,44000.00,CE,BANKNIFTY26MAY44000CE,13954.45,13954.45,12650.00,12708.60,12650.00,8716.35,56301.95,12708.60,450,0,15,25710373.50,12,F1,30,,,,,
2026-04-15,2026-04-15,FO,NSE,IDO,66460,,BANKNIFTY,,2026-05-26,2026-05-26,43500.00,CE,BANKNIFTY26MAY43500CE,0.00,0.00,0.00,18263.65,0.00,18263.65,56301.95,13105.90,0,0,0,0.00,0,F1,30,,,,,
2026-04-15,2026-04-15,FO,NSE,IDO,68306,,BANKNIFTY,,2026-04-28,2026-04-28,68500.00,CE,BANKNIFTY26APR68500CE,2.40,2.55,1.95,2.00,2.00,2.00,56301.95,2.00,20310,0,221,454169538.00,68,F1,30,,,,,
2026-04-15,2026-04-15,FO,NSE,IDO,68227,,BANKNIFTY,,2026-04-28,2026-04-28,67000.00,CE,BANKNIFTY26APR67000CE,2.40,3.45,2.35,2.50,2.35,2.25,56301.95,2.50,39000,0,852,1712590473.00,324,F1,30,,,,,
2026-04-15,2026-04-15,FO,NSE,IDO,67877,,BANKNIFTY,,2026-04-28,2026-04-28,63500.00,CE,BANKNIFTY26APR63500CE,8.20,9.00,6.20,6.95,6.70,8.15,56301.95,6.95,30930,-9540,1404,2674943866.50,743,F1,30,,,,,
2026-04-15,2026-04-15,FO,NSE,IDO,67866,,BANKNIFTY,,2026-04-28,2026-04-28,63400.00,CE,BANKNIFTY26APR63400CE,8.95,10.50,6.60,6.60,6.60,7.75,56301.95,6.60,2910,180,67,127450399.50,45,F1,30,,,,,
2026-04-15,2026-04-15,FO,NSE,IDO,67819,,BANKNIFTY,,2026-04-28,2026-04-28,62200.00,CE,BANKNIFTY26APR62200CE,13.70,14.60,10.20,10.50,10.30,13.70,56301.95,10.50,8580,-570,207,386339037.00,87,F1,30,,,,,
2026-04-15,2026-04-15,FO,NSE,IDO,67791,,BANKNIFTY,,2026-04-28,2026-04-28,61700.00,CE,BANKNIFTY26APR61700CE,17.60,18.10,13.30,13.70,13.85,16.60,56301.95,13.70,8160,-360,246,455461573.50,141,F1,30,,,,,
2026-04-15,2026-04-15,FO,NSE,IDO,67538,,BANKNIFTY,,2026-04-28,2026-04-28,56500.00,CE,BANKNIFTY26APR56500CE,970.05,1177.85,801.00,861.40,827.00,686.45,56301.95,861.40,479760,255690,107525,185197669332.00,77498,F1,30,,,,,
2026-04-15,2026-04-15,FO,NSE,IDO,67528,,BANKNIFTY,,2026-04-28,2026-04-28,56000.00,CE,BANKNIFTY26APR56000CE,1275.00,1499.90,1076.00,1144.60,1112.00,933.70,56301.95,1144.60,505680,-84270,54293,93194998050.00,34783,F1,30,,,,,
2026-04-15,2026-04-15,FO,NSE,IDO,67522,,BANKNIFTY,,2026-04-28,2026-04-28,55700.00,CE,BANKNIFTY26APR55700CE,1485.00,1719.85,1267.10,1338.35,1304.25,1105.30,56301.95,1338.35,84060,-40770,3707,6360164004.00,2408,F1,30,,,,,
2026-04-15,2026-04-15,FO,NSE,IDO,75844,,BANKNIFTY,,2026-06-30,2026-06-30,60800.00,CE,BANKNIFTY26JUN60800CE,0.00,0.00,0.00,89.25,0.00,89.25,56301.95,881.65,0,0,0,0.00,0,F1,30,,,,,
2026-04-15,2026-04-15,FO,NSE,IDO,75412,,BANKNIFTY,,2026-06-30,2026-06-30,50600.00,PE,BANKNIFTY26JUN50600PE,0.00,0.00,0.00,627.25,627.25,627.25,56301.95,277.70,720,0,0,0.00,0,F1,30,,,,,
2026-04-15,2026-04-15,FO,NSE,IDO,75285,,BANKNIFTY,,2026-06-30,2026-06-30,49800.00,PE,BANKNIFTY26JUN49800PE,0.00,0.00,0.00,1343.25,0.00,1343.25,56301.95,194.85,0,0,0,0.00,0,F1,30,,,,,
2026-04-15,2026-04-15,FO,NSE,IDO,75267,,BANKNIFTY,,2026-06-30,2026-06-30,48800.00,PE,BANKNIFTY26JUN48800PE,0.00,0.00,0.00,979.95,0.00,979.95,56301.95,120.45,0,0,0,0.00,0,F1,30,,,,,
2026-04-15,2026-04-15,FO,NSE,IDO,75248,,BANKNIFTY,,2026-06-30,2026-06-30,48300.00,PE,BANKNIFTY26JUN48300PE,0.00,0.00,0.00,826.30,0.00,826.30,56301.95,93.15,0,0,0,0.00,0,F1,30,,,,,
2026-04-15,2026-04-15,FO,NSE,IDO,75226,,BANKNIFTY,,2026-06-30,2026-06-30,47800.00,PE,BANKNIFTY26JUN47800PE,0.00,0.00,0.00,693.05,0.00,693.05,56301.95,71.20,0,0,0,0.00,0,F1,30,,,,,
2026-04-15,2026-04-15,FO,NSE,IDO,75203,,BANKNIFTY,,2026-06-30,2026-06-30,47700.00,PE,BANKNIFTY26JUN47700PE,0.00,0.00,0.00,666.15,0.00,666.15,56301.95,67.40,0,0,0,0.00,0,F1,30,,,,,
2026-04-15,2026-04-15,FO,NSE,IDO,75173,,BANKNIFTY,,2026-06-30,2026-06-30,46900.00,PE,BANKNIFTY26JUN46900PE,0.00,0.00,0.00,488.50,0.00,488.50,56301.95,42.55,0,0,0,0.00,0,F1,30,,,,,
2026-04-15,2026-04-15,FO,NSE,IDO,75082,,BANKNIFTY,,2026-06-30,2026-06-30,45800.00,PE,BANKNIFTY26JUN45800PE,0.00,0.00,0.00,305.20,0.00,305.20,56301.95,21.45,0,0,0,0.00,0,F1,30,,,,,
2026-04-15,2026-04-15,FO,NSE,IDO,75005,,BANKNIFTY,,2026-06-30,2026-06-30,44500.00,PE,BANKNIFTY26JUN44500PE,0.00,0.00,0.00,162.85,0.00,162.85,56301.95,8.75,0,0,0,0.00,0,F1,30,,,,,
2026-04-15,2026-04-15,FO,NSE,IDO,68420,,BANKNIFTY,,2026-05-26,2026-05-26,67500.00,PE,BANKNIFTY26MAY67500PE,0.00,0.00,0.00,12130.65,12130.65,12130.65,56301.95,10737.70,570,0,0,0.00,0,F1,30,,,,,
2026-04-15,2026-04-15,FO,NSE,IDO,68202,,BANKNIFTY,,2026-05-26,2026-05-26,65200.00,PE,BANKNIFTY26MAY65200PE,0.00,0.00,0.00,10572.45,10572.45,10572.45,56301.95,8485.50,600,0,0,0.00,0,F1,30,,,,,
2026-04-15,2026-04-15,FO,NSE,IDO,68020,,BANKNIFTY,,2026-05-26,2026-05-26,60300.00,PE,BANKNIFTY26MAY60300PE,0.00,0.00,0.00,5633.40,5633.40,5633.40,56301.95,4030.40,150,0,0,0.00,0,F1,30,,,,,
2026-04-15,2026-04-15,FO,NSE,IDO,67661,,BANKNIFTY,,2026-05-26,2026-05-26,59000.00,PE,BANKNIFTY26MAY59000PE,2350.00,2810.35,2350.00,2663.20,2689.20,3239.85,56301.95,2663.20,83880,18960,1819,3360022015.50,1420,F1,30,,,,,
2026-04-15,2026-04-15,FO,NSE,IDO,67599,,BANKNIFTY,,2026-05-26,2026-05-26,57900.00,PE,BANKNIFTY26MAY57900PE,0.00,0.00,0.00,2479.80,2479.80,2479.80,56301.95,2296.40,780,0,0,0.00,0,F1,30,,,,,
2026-04-15,2026-04-15,FO,NSE,IDO,67291,,BANKNIFTY,,2026-05-26,2026-05-26,56000.00,PE,BANKNIFTY26MAY56000PE,1200.00,1249.50,960.35,1154.10,1174.95,1602.45,56301.95,1154.10,93390,34530,4379,7503477090.00,3562,F1,30,,,,,
2026-04-15,2026-04-15,FO,NSE,IDO,67270,,BANKNIFTY,,2026-05-26,2026-05-26,55300.00,PE,BANKNIFTY26MAY55300PE,910.60,999.60,806.15,951.35,951.35,1339.50,56301.95,994.90,2610,-300,51,85971340.50,43,F1,30,,,,,
2026-04-15,2026-04-15,FO,NSE,IDO,67249,,BANKNIFTY,,2026-05-26,2026-05-26,54600.00,PE,BANKNIFTY26MAY54600PE,720.00,732.10,652.20,732.10,732.10,1124.70,56301.95,755.25,3390,-90,43,71304534.00,30,F1,30,,,,,
2026-04-15,2026-04-15,FO,NSE,IDO,67117,,BANKNIFTY,,2026-05-26,2026-05-26,53100.00,PE,BANKNIFTY26MAY53100PE,434.65,491.20,393.70,471.05,487.15,750.65,56301.95,471.05,2790,1110,160,256929153.00,106,F1,30,,,,,
2026-04-15,2026-04-15,FO,NSE,IDO,67098,,BANKNIFTY,,2026-05-26,2026-05-26,52800.00,PE,BANKNIFTY26MAY52800PE,400.55,469.00,360.05,415.10,415.10,772.65,56301.95,331.50,2430,1170,149,237792943.50,100,F1,30,,,,,
2026-04-15,2026-04-15,FO,NSE,IDO,66770,,BANKNIFTY,,2026-05-26,2026-05-26,51300.00,PE,BANKNIFTY26MAY51300PE,0.00,0.00,0.00,1435.30,1414.10,1435.30,56301.95,144.05,2400,0,0,0.00,0,F1,30,,,,,
2026-04-15,2026-04-15,FO,NSE,IDO,66743,,BANKNIFTY,,2026-05-26,2026-05-26,50100.00,PE,BANKNIFTY26MAY50100PE,0.00,0.00,0.00,4.15,0.00,4.15,56301.95,66.25,0,0,0,0.00,0,F1,30,,,,,
2026-04-15,2026-04-15,FO,NSE,IDO,66659,,BANKNIFTY,,2026-05-26,2026-05-26,49300.00,PE,BANKNIFTY26MAY49300PE,0.00,0.00,0.00,2.05,0.00,2.05,56301.95,37.20,0,0,0,0.00,0,F1,30,,,,,
2026-04-15,2026-04-15,FO,NSE,IDO,66655,,BANKNIFTY,,2026-05-26,2026-05-26,49100.00,PE,BANKNIFTY26MAY49100PE,0.00,0.00,0.00,1.70,0.00,1.70,56301.95,31.95,0,0,0,0.00,0,F1,30,,,,,
2026-04-15,2026-04-15,FO,NSE,IDO,66653,,BANKNIFTY,,2026-05-26,2026-05-26,49000.00,PE,BANKNIFTY26MAY49000PE,214.00,214.05,128.45,153.65,150.60,271.10,56301.95,153.65,31560,-2580,501,738620194.50,280,F1,30,,,,,
2026-04-15,2026-04-15,FO,NSE,IDO,66608,,BANKNIFTY,,2026-05-26,2026-05-26,47700.00,PE,BANKNIFTY26MAY47700PE,0.00,0.00,0.00,0.45,0.00,0.45,56301.95,10.00,0,0,0,0.00,0,F1,30,,,,,
2026-04-15,2026-04-15,FO,NSE,IDO,68195,,BANKNIFTY,,2026-04-28,2026-04-28,66400.00,PE,BANKNIFTY26APR66400PE,0.00,0.00,0.00,11812.85,11812.85,11812.85,56301.95,9960.85,60,0,0,0.00,0,F1,30,,,,,
2026-04-15,2026-04-15,FO,NSE,IDO,68178,,BANKNIFTY,,2026-04-28,2026-04-28,65800.00,PE,BANKNIFTY26APR65800PE,0.00,0.00,0.00,11432.00,11432.00,11432.00,56301.95,9362.10,60,0,0,0.00,0,F1,30,,,,,
2026-04-15,2026-04-15,FO,NSE,IDO,67882,,BANKNIFTY,,2026-04-28,2026-04-28,63700.00,PE,BANKNIFTY26APR63700PE,0.00,0.00,0.00,10986.45,10986.45,10986.45,56301.95,7267.30,600,0,0,0.00,0,F1,30,,,,,
2026-04-15,2026-04-15,FO,NSE,IDO,67834,,BANKNIFTY,,2026-04-28,2026-04-28,62700.00,PE,BANKNIFTY26APR62700PE,0.00,0.00,0.00,10022.65,10022.65,10022.65,56301.95,6271.90,240,0,0,0.00,0,F1,30,,,,,
2026-04-15,2026-04-15,FO,NSE,IDO,67768,,BANKNIFTY,,2026-04-28,2026-04-28,61200.00,PE,BANKNIFTY26APR61200PE,0.00,0.00,0.00,5126.45,5126.45,5126.45,56301.95,4791.25,1440,0,0,0.00,0,F1,30,,,,,
2026-04-15,2026-04-15,FO,NSE,IDO,67721,,BANKNIFTY,,2026-04-28,2026-04-28,60300.00,PE,BANKNIFTY26APR60300PE,3853.00,3853.00,3853.00,3853.00,3853.00,4649.00,56301.95,3922.90,600,-390,13,25019670.00,2,F1,30,,,,,
2026-04-15,2026-04-15,FO,NSE,IDO,67717,,BANKNIFTY,,2026-04-28,2026-04-28,60100.00,PE,BANKNIFTY26APR60100PE,3500.00,3721.50,3500.00,3721.50,3721.50,4444.00,56301.95,3733.80,360,-120,4,7651935.00,2,F1,30,,,,,
2026-04-15,2026-04-15,FO,NSE,IDO,67707,,BANKNIFTY,,2026-04-28,2026-04-28,59600.00,PE,BANKNIFTY26APR59600PE,2900.00,3179.80,2900.00,3154.75,3154.75,4501.20,56301.95,3269.75,4110,-210,16,30060417.00,12,F1,30,,,,,
2026-04-15,2026-04-15,FO,NSE,IDO,67638,,BANKNIFTY,,2026-04-28,2026-04-28,58700.00,PE,BANKNIFTY26APR58700PE,2455.30,2459.10,2455.30,2458.90,2458.90,6930.00,56301.95,2478.35,1110,-90,18,33024933.00,5,F1,30,,,,,
2026-04-15,2026-04-15,FO,NSE,IDO,67630,,BANKNIFTY,,2026-04-28,2026-04-28,58300.00,PE,BANKNIFTY26APR58300PE,1870.00,2090.40,1870.00,2090.40,2090.40,2731.75,56301.95,2151.10,2400,-150,65,117589620.00,20,F1,30,,,,,
2026-04-15,2026-04-15,FO,NSE,IDO,67489,,BANKNIFTY,,2026-04-28,2026-04-28,54600.00,PE,BANKNIFTY26APR54600PE,299.50,430.90,254.50,371.70,377.20,695.15,56301.95,371.70,75300,-17820,5902,9728108740.50,3797,F1,30,,,,,
2026-04-15,2026-04-15,FO,NSE,IDO,67481,,BANKNIFTY,,2026-04-28,2026-04-28,54300.00,PE,BANKNIFTY26APR54300PE,250.00,372.65,229.00,314.95,326.20,617.05,56301.95,314.95,47070,-11700,4305,7051178814.00,2679,F1,30,,,,,
2026-04-15,2026-04-15,FO,NSE,IDO,67453,,BANKNIFTY,,2026-04-28,2026-04-28,52900.00,PE,BANKNIFTY26APR52900PE,250.00,250.00,110.70,164.25,164.75,346.15,56301.95,164.25,28770,1410,2135,3398010046.50,1324,F1,30,,,,,
2026-04-15,2026-04-15,FO,NSE,IDO,67413,,BANKNIFTY,,2026-04-28,2026-04-28,50900.00,PE,BANKNIFTY26APR50900PE,69.35,79.95,48.55,66.35,71.40,158.20,56301.95,66.35,25770,2880,1255,1918803888.00,595,F1,30,,,,,
2026-04-15,2026-04-15,FO,NSE,IDO,67379,,BANKNIFTY,,2026-04-28,2026-04-28,49600.00,PE,BANKNIFTY26APR49600PE,38.60,45.35,34.60,37.75,37.90,97.85,56301.95,37.75,12870,-750,264,393137245.50,155,F1,30,,,,,
2026-04-15,2026-04-15,FO,NSE,IDO,67335,,BANKNIFTY,,2026-04-28,2026-04-28,49200.00,PE,BANKNIFTY26APR49200PE,34.10,38.25,28.70,32.30,31.45,82.10,56301.95,32.30,33330,18930,1461,2157880267.50,965,F1,30,,,,,
2026-04-15,2026-04-15,FO,NSE,IDO,67300,,BANKNIFTY,,2026-04-28,2026-04-28,48200.00,PE,BANKNIFTY26APR48200PE,25.10,26.85,19.05,22.05,20.30,58.70,56301.95,22.05,4470,630,341,493315159.50,147,F1,30,,,,,
2026-04-15,2026-04-15,FO,NSE,IDO,67277,,BANKNIFTY,,2026-04-28,2026-04-28,48100.00,PE,BANKNIFTY26APR48100PE,25.40,26.25,18.65,20.45,21.20,52.95,56301.95,20.45,3660,480,443,639540124.50,207,F1,30,,,,,
2026-04-15,2026-04-15,FO,NSE,IDO,67228,,BANKNIFTY,,2026-04-28,2026-04-28,46400.00,PE,BANKNIFTY26APR46400PE,12.75,13.00,12.75,13.00,13.00,62.35,56301.95,0.00,150,120,7,9746715.00,4,F1,30,,,,,
2026-04-15,2026-04-15,FO,NSE,IDO,67163,,BANKNIFTY,,2026-04-28,2026-04-28,45400.00,PE,BANKNIFTY26APR45400PE,0.00,0.00,0.00,0.15,0.00,0.15,56301.95,0.00,0,0,0,0.00,0,F1,30,,,,,
2026-04-15,2026-04-15,FO,NSE,IDO,67143,,BANKNIFTY,,2026-04-28,2026-04-28,44500.00,PE,BANKNIFTY26APR44500PE,10.90,12.20,6.55,7.05,6.55,14.40,56301.95,7.05,50100,-4260,1903,2540948490.00,1269,F1,30,,,,,
2026-04-15,2026-04-15,FO,NSE,IDO,76392,,BANKNIFTY,,2027-03-30,2027-03-30,52500.00,CE,BANKNIFTY27MAR52500CE,0.00,0.00,0.00,4655.40,0.00,4655.40,56301.95,8652.00,0,0,0,0.00,0,F1,30,,,,,
2026-04-15,2026-04-15,FO,NSE,IDO,76382,,BANKNIFTY,,2027-03-30,2027-03-30,45000.00,CE,BANKNIFTY27MAR45000CE,0.00,0.00,0.00,9276.60,0.00,9276.60,56301.95,14324.20,0,0,0,0.00,0,F1,30,,,,,
2026-04-15,2026-04-15,FO,NSE,IDO,53228,,BANKNIFTY,,2026-12-29,2026-12-29,57000.00,CE,BANKNIFTY26DEC57000CE,0.00,0.00,0.00,6951.10,0.00,6951.10,56301.95,4922.40,0,0,0,0.00,0,F1,30,,,,,
2026-04-15,2026-04-15,FO,NSE,IDO,53218,,BANKNIFTY,,2026-12-29,2026-12-29,49500.00,CE,BANKNIFTY26DEC49500CE,0.00,0.00,0.00,12801.50,0.00,12801.50,56301.95,9775.75,0,0,0,0.00,0,F1,30,,,,,
2026-04-15,2026-04-15,FO,NSE,IDO,53216,,BANKNIFTY,,2026-12-29,2026-12-29,48000.00,CE,BANKNIFTY26DEC48000CE,0.00,0.00,0.00,14125.35,0.00,14125.35,56301.95,10966.30,0,0,0,0.00,0,F1,30,,,,,
2026-04-15,2026-04-15,FO,NSE,IDO,75891,,BANKNIFTY,,2026-06-30,2026-06-30,61700.00,CE,BANKNIFTY26JUN61700CE,0.00,0.00,0.00,61.65,0.00,61.65,56301.95,685.65,0,0,0,0.00,0,F1,30,,,,,
2026-04-15,2026-04-15,FO,NSE,IDO,75798,,BANKNIFTY,,2026-06-30,2026-06-30,58900.00,CE,BANKNIFTY26JUN58900CE,0.00,0.00,0.00,886.55,886.55,886.55,56301.95,1432.65,360,0,0,0.00,0,F1,30,,,,,
2026-04-15,2026-04-15,FO,NSE,IDO,75630,,BANKNIFTY,,2026-06-30,2026-06-30,56600.00,CE,BANKNIFTY26JUN56600CE,0.00,0.00,0.00,420.80,0.00,420.80,56301.95,2411.40,0,0,0,0.00,0,F1,30,,,,,
2026-04-15,2026-04-15,FO,NSE,IDO,75467,,BANKNIFTY,,2026-06-30,2026-06-30,52900.00,CE,BANKNIFTY26JUN52900CE,0.00,0.00,0.00,2702.20,2702.20,2702.20,56301.95,4757.75,60,0,0,0.00,0,F1,30,,,,,
2026-04-15,2026-04-15,FO,NSE,IDO,68297,,BANKNIFTY,,2026-04-28,2026-04-28,68000.00,PE,BANKNIFTY26APR68000PE,0.00,0.00,0.00,7869.95,0.00,7869.95,56301.95,11557.50,0,0,0,0.00,0,F1,30,,,,,
2026-04-15,2026-04-15,FO,NSE,IDO,66476,,BANKNIFTY,,2026-05-26,2026-05-26,46100.00,PE,BANKNIFTY26MAY46100PE,0.00,0.00,0.00,0.10,0.00,0.10,56301.95,2.15,0,0,0,0.00,0,F1,30,,,,,
2026-04-15,2026-04-15,FO,NSE,IDO,66604,,BANKNIFTY,,2026-05-26,2026-05-26,47600.00,PE,BANKNIFTY26MAY47600PE,0.00,0.00,0.00,0.40,0.00,0.40,56301.95,9.15,0,0,0,0.00,0,F1,30,,,,,
2026-04-15,2026-04-15,FO,NSE,IDO,66663,,BANKNIFTY,,2026-05-26,2026-05-26,49500.00,PE,BANKNIFTY26MAY49500PE,158.10,176.25,145.00,176.25,176.25,307.50,56301.95,176.25,8400,-270,81,120670776.00,54,F1,30,,,,,
2026-04-15,2026-04-15,FO,NSE,IDO,66796,,BANKNIFTY,,2026-05-26,2026-05-26,51600.00,PE,BANKNIFTY26MAY51600PE,0.00,0.00,0.00,1936.00,1936.00,1936.00,56301.95,172.20,1830,0,0,0.00,0,F1,30,,,,,
2026-04-15,2026-04-15,FO,NSE,IDO,66800,,BANKNIFTY,,2026-05-26,2026-05-26,51800.00,PE,BANKNIFTY26MAY51800PE,293.60,336.85,275.45,324.10,329.25,544.50,56301.95,324.10,2730,450,52,81285046.50,38,F1,30,,,,,
2026-04-15,2026-04-15,FO,NSE,IDO,67189,,BANKNIFTY,,2026-05-26,2026-05-26,53600.00,PE,BANKNIFTY26MAY53600PE,500.15,578.55,464.05,578.55,578.55,850.00,56301.95,488.75,2040,630,64,103849765.50,50,F1,30,,,,,
2026-04-15,2026-04-15,FO,NSE,IDO,67283,,BANKNIFTY,,2026-05-26,2026-05-26,55600.00,PE,BANKNIFTY26MAY55600PE,975.15,1098.95,878.90,1045.90,1043.05,1448.65,56301.95,1045.90,4590,-810,116,196778698.50,83,F1,30,,,,,
2026-04-15,2026-04-15,FO,NSE,IDO,67297,,BANKNIFTY,,2026-05-26,2026-05-26,56300.00,PE,BANKNIFTY26MAY56300PE,1228.75,1362.40,1127.35,1282.70,1349.95,1728.20,56301.95,1282.70,5640,3510,256,442096395.00,221,F1,30,,,,,
2026-04-15,2026-04-15,FO,NSE,IDO,67571,,BANKNIFTY,,2026-05-26,2026-05-26,56700.00,PE,BANKNIFTY26MAY56700PE,1300.00,1524.70,1255.75,1480.95,1480.95,1902.75,56301.95,1480.95,8790,2460,107,186403834.50,85,F1,30,,,,,
2026-04-15,2026-04-15,FO,NSE,IDO,67657,,BANKNIFTY,,2026-05-26,2026-05-26,58900.00,PE,BANKNIFTY26MAY58900PE,0.00,0.00,0.00,5647.30,5647.30,5647.30,56301.95,2964.05,420,0,0,0.00,0,F1,30,,,,,
2026-04-15,2026-04-15,FO,NSE,IDO,67804,,BANKNIFTY,,2026-05-26,2026-05-26,59300.00,PE,BANKNIFTY26MAY59300PE,0.00,0.00,0.00,5112.00,5112.00,5112.00,56301.95,3254.05,450,0,0,0.00,0,F1,30,,,,,
2026-04-15,2026-04-15,FO,NSE,IDO,67864,,BANKNIFTY,,2026-04-28,2026-04-28,63300.00,PE,BANKNIFTY26APR63300PE,0.00,0.00,0.00,10592.15,10592.15,10592.15,56301.95,6868.80,90,0,0,0.00,0,F1,30,,,,,
2026-04-15,2026-04-15,FO,NSE,IDO,68049,,BANKNIFTY,,2026-05-26,2026-05-26,60500.00,PE,BANKNIFTY26MAY60500PE,3600.00,3939.35,3440.05,3831.40,3831.40,4400.00,56301.95,4193.35,2610,-90,37,71219476.50,30,F1,30,,,,,
2026-04-15,2026-04-15,FO,NSE,IDO,68105,,BANKNIFTY,,2026-05-26,2026-05-26,61900.00,PE,BANKNIFTY26MAY61900PE,0.00,0.00,0.00,7146.40,7146.40,7146.40,56301.95,5393.15,90,0,0,0.00,0,F1,30,,,,,
2026-04-15,2026-04-15,FO,NSE,IDO,67420,,BANKNIFTY,,2026-04-28,2026-04-28,51300.00,CE,BANKNIFTY26APR51300CE,5166.00,5461.00,5166.00,5175.00,5175.00,4600.00,56301.95,5114.90,21510,-300,26,44127939.00,23,F1,30,,,,,
2026-04-15,2026-04-15,FO,NSE,IDO,67251,,BANKNIFTY,,2026-04-28,2026-04-28,47500.00,CE,BANKNIFTY26APR47500CE,9100.00,9100.00,8900.00,8900.00,8900.00,8000.00,56301.95,8900.15,660,-30,2,3390000.00,2,F1,30,,,,,
2026-04-15,2026-04-15,FO,NSE,IDO,67164,,BANKNIFTY,,2026-04-28,2026-04-28,45500.00,CE,BANKNIFTY26APR45500CE,0.00,0.00,0.00,9447.05,9447.05,9447.05,56301.95,10896.05,210,0,0,0.00,0,F1,30,,,,,
2026-04-15,2026-04-15,FO,NSE,IDO,67142,,BANKNIFTY,,2026-04-28,2026-04-28,44500.00,CE,BANKNIFTY26APR44500CE,0.00,0.00,0.00,9500.00,9500.00,9500.00,56301.95,11893.95,870,0,0,0.00,0,F1,30,,,,,
2026-04-15,2026-04-15,FO,NSE,IDO,67130,,BANKNIFTY,,2026-04-28,2026-04-28,43000.00,CE,BANKNIFTY26APR43000CE,0.00,0.00,0.00,12034.75,12034.75,12034.75,56301.95,13390.85,0,0,0,0.00,0,F1,30,,,,,
2026-04-15,2026-04-15,FO,NSE,IDO,68101,,BANKNIFTY,,2026-05-26,2026-05-26,61700.00,PE,BANKNIFTY26MAY61700PE,0.00,0.00,0.00,6951.45,6951.45,6951.45,56301.95,5216.10,60,0,0,0.00,0,F1,30,,,,,
2026-04-15,2026-04-15,FO,NSE,IDO,67857,,BANKNIFTY,,2026-04-28,2026-04-28,63000.00,PE,BANKNIFTY26APR63000PE,6093.55,6706.50,6093.55,6418.55,6418.55,7262.20,56301.95,6570.20,36300,330,43,89565711.00,30,F1,30,,,,,
2026-04-15,2026-04-15,FO,NSE,IDO,67543,,BANKNIFTY,,2026-04-28,2026-04-28,56700.00,PE,BANKNIFTY26APR56700PE,870.00,1183.50,764.60,1048.10,1073.45,1567.35,56301.95,1048.10,38190,29700,17334,29985359823.00,12594,F1,30,,,,,
2026-04-15,2026-04-15,FO,NSE,IDF,66068,,BANKNIFTY,,2026-05-26,2026-05-26,,,BANKNIFTY26MAYFUT,56890.00,57219.40,56505.00,56673.00,56622.20,55984.20,56301.95,56673.00,411030,61200,4991,8503611936.00,3563,F1,30,,,,,
2026-04-15,2026-04-15,FO,NSE,IDO,67820,,BANKNIFTY,,2026-04-28,2026-04-28,62200.00,PE,BANKNIFTY26APR62200PE,0.00,0.00,0.00,11309.25,11309.25,11309.25,56301.95,5775.80,390,0,0,0.00,0,F1,30,,,,,
2026-04-15,2026-04-15,FO,NSE,IDO,68184,,BANKNIFTY,,2026-04-28,2026-04-28,66100.00,CE,BANKNIFTY26APR66100CE,4.85,4.85,3.55,4.00,3.95,4.85,56301.95,4.00,9690,2010,323,640547871.00,78,F1,30,,,,,
2026-04-15,2026-04-15,FO,NSE,IDO,67422,,BANKNIFTY,,2026-04-28,2026-04-28,51400.00,CE,BANKNIFTY26APR51400CE,5221.35,5227.90,4980.00,5124.70,5124.70,4353.80,56301.95,5124.70,19230,-60,8,13555500.00,8,F1,30,,,,,
2026-04-15,2026-04-15,FO,NSE,IDO,67424,,BANKNIFTY,,2026-04-28,2026-04-28,51500.00,CE,BANKNIFTY26APR51500CE,5180.00,5236.00,4848.00,5066.15,4925.20,4386.15,56301.95,5066.15,138000,240,144,244237531.50,112,F1,30,,,,,
2026-04-15,2026-04-15,FO,NSE,IDO,67534,,BANKNIFTY,,2026-04-28,2026-04-28,56300.00,CE,BANKNIFTY26APR56300CE,1128.80,1304.10,909.00,966.70,940.00,781.70,56301.95,966.70,104280,61590,46785,80423227455.00,30370,F1,30,,,,,
2026-04-15,2026-04-15,FO,NSE,IDO,67709,,BANKNIFTY,,2026-04-28,2026-04-28,59700.00,PE,BANKNIFTY26APR59700PE,0.00,0.00,0.00,4663.30,4663.30,4663.30,56301.95,3361.45,1980,0,0,0.00,0,F1,30,,,,,
2026-04-15,2026-04-15,FO,NSE,IDO,67705,,BANKNIFTY,,2026-04-28,2026-04-28,59500.00,PE,BANKNIFTY26APR59500PE,2700.05,3315.00,2700.00,3153.65,3176.10,3807.15,56301.95,3153.65,45690,2100,334,626486757.00,147,F1,30,,,,,
2026-04-15,2026-04-15,FO,NSE,IDO,67697,,BANKNIFTY,,2026-04-28,2026-04-28,59100.00,PE,BANKNIFTY26APR59100PE,0.00,0.00,0.00,4036.65,4036.65,4036.65,56301.95,2821.85,480,0,0,0.00,0,F1,30,,,,,
2026-04-15,2026-04-15,FO,NSE,IDO,67601,,BANKNIFTY,,2026-04-28,2026-04-28,57800.00,PE,BANKNIFTY26APR57800PE,1550.00,1879.95,1409.45,1690.90,1736.85,2325.30,56301.95,1690.90,1980,-870,173,308637790.50,104,F1,30,,,,,
2026-04-15,2026-04-15,FO,NSE,IDO,67549,,BANKNIFTY,,2026-04-28,2026-04-28,57000.00,PE,BANKNIFTY26APR57000PE,1000.05,1346.70,881.20,1197.80,1230.50,1751.90,56301.95,1197.80,329550,78540,23004,40114028211.00,15256,F1,30,,,,,
2026-04-15,2026-04-15,FO,NSE,IDO,52404,,BANKNIFTY,,2026-09-29,2026-09-29,63000.00,CE,BANKNIFTY26SEP63000CE,0.00,0.00,0.00,2059.80,0.00,2059.80,56301.95,1485.60,0,0,0,0.00,0,F1,30,,,,,
2026-04-15,2026-04-15,FO,NSE,IDO,53246,,BANKNIFTY,,2026-12-29,2026-12-29,63000.00,CE,BANKNIFTY26DEC63000CE,0.00,0.00,0.00,3641.35,0.00,3641.35,56301.95,2492.25,0,0,0,0.00,0,F1,30,,,,,
2026-04-15,2026-04-15,FO,NSE,IDO,53248,,BANKNIFTY,,2026-12-29,2026-12-29,64500.00,CE,BANKNIFTY26DEC64500CE,0.00,0.00,0.00,3029.80,0.00,3029.80,56301.95,2066.55,0,0,0,0.00,0,F1,30,,,,,
2026-04-15,2026-04-15,FO,NSE,IDO,53254,,BANKNIFTY,,2026-12-29,2026-12-29,69000.00,CE,BANKNIFTY26DEC69000CE,0.00,0.00,0.00,1660.30,0.00,1660.30,56301.95,1136.80,0,0,0,0.00,0,F1,30,,,,,
2026-04-15,2026-04-15,FO,NSE,IDO,76380,,BANKNIFTY,,2027-03-30,2027-03-30,43500.00,CE,BANKNIFTY27MAR43500CE,0.00,0.00,0.00,10420.10,0.00,10420.10,56301.95,15606.70,0,0,0,0.00,0,F1,30,,,,,
2026-04-15,2026-04-15,FO,NSE,IDO,76419,,BANKNIFTY,,2027-03-30,2027-03-30,61500.00,CE,BANKNIFTY27MAR61500CE,0.00,0.00,0.00,1629.75,0.00,1629.75,56301.95,3994.75,0,0,0,0.00,0,F1,30,,,,,
2026-04-15,2026-04-15,FO,NSE,IDO,76401,,BANKNIFTY,,2027-03-30,2027-03-30,58500.00,PE,BANKNIFTY27MAR58500PE,0.00,0.00,0.00,6512.10,0.00,6512.10,56301.95,4079.40,0,0,0,0.00,0,F1,30,,,,,
2026-04-15,2026-04-15,FO,NSE,IDO,76383,,BANKNIFTY,,2027-03-30,2027-03-30,45000.00,PE,BANKNIFTY27MAR45000PE,0.00,0.00,0.00,862.55,0.00,862.55,56301.95,415.90,0,0,0,0.00,0,F1,30,,,,,
2026-04-15,2026-04-15,FO,NSE,IDO,53249,,BANKNIFTY,,2026-12-29,2026-12-29,64500.00,PE,BANKNIFTY26DEC64500PE,0.00,0.00,0.00,4582.05,0.00,4582.05,56301.95,7481.50,0,0,0,0.00,0,F1,30,,,,,
2026-04-15,2026-04-15,FO,NSE,IDO,52273,,BANKNIFTY,,2026-09-29,2026-09-29,48000.00,PE,BANKNIFTY26SEP48000PE,0.00,0.00,0.00,602.25,0.00,602.25,56301.95,341.35,0,0,0,0.00,0,F1,30,,,,,
2026-04-15,2026-04-15,FO,NSE,IDO,75894,,BANKNIFTY,,2026-06-30,2026-06-30,61800.00,PE,BANKNIFTY26JUN61800PE,0.00,0.00,0.00,10476.75,0.00,10476.75,56301.95,5366.70,0,0,0,0.00,0,F1,30,,,,,
2026-04-15,2026-04-15,FO,NSE,IDO,75848,,BANKNIFTY,,2026-06-30,2026-06-30,60900.00,PE,BANKNIFTY26JUN60900PE,0.00,0.00,0.00,9619.45,0.00,9619.45,56301.95,4670.15,0,0,0,0.00,0,F1,30,,,,,
2026-04-15,2026-04-15,FO,NSE,IDO,75835,,BANKNIFTY,,2026-06-30,2026-06-30,60400.00,PE,BANKNIFTY26JUN60400PE,0.00,0.00,0.00,9147.45,0.00,9147.45,56301.95,4296.75,0,0,0,0.00,0,F1,30,,,,,
2026-04-15,2026-04-15,FO,NSE,IDO,75812,,BANKNIFTY,,2026-06-30,2026-06-30,59400.00,PE,BANKNIFTY26JUN59400PE,0.00,0.00,0.00,8215.20,0.00,8215.20,56301.95,3597.55,0,0,0,0.00,0,F1,30,,,,,
2026-04-15,2026-04-15,FO,NSE,IDO,57747,,BANKNIFTY,,2026-06-30,2026-06-30,57000.00,PE,BANKNIFTY26JUN57000PE,1661.00,1907.00,1619.55,1796.50,1852.85,2283.05,56301.95,1796.50,48870,2910,450,793397529.00,327,F1,30,,,,,
2026-04-15,2026-04-15,FO,NSE,IDO,75625,,BANKNIFTY,,2026-06-30,2026-06-30,56300.00,PE,BANKNIFTY26JUN56300PE,1628.05,1628.05,1564.50,1564.50,1564.50,5480.90,56301.95,1837.50,300,300,15,26048304.00,11,F1,30,,,,,
2026-04-15,2026-04-15,FO,NSE,IDO,75601,,BANKNIFTY,,2026-06-30,2026-06-30,55000.00,PE,BANKNIFTY26JUN55000PE,1052.00,1217.30,1050.00,1189.60,1197.20,1551.95,56301.95,1189.60,12000,540,199,335034121.50,136,F1,30,,,,,
2026-04-15,2026-04-15,FO,NSE,IDO,57720,,BANKNIFTY,,2026-06-30,2026-06-30,54000.00,PE,BANKNIFTY26JUN54000PE,849.95,962.35,825.70,935.00,932.35,1243.70,56301.95,935.00,24390,-4890,522,859533289.50,287,F1,30,,,,,
2026-04-15,2026-04-15,FO,NSE,IDO,75458,,BANKNIFTY,,2026-06-30,2026-06-30,52300.00,PE,BANKNIFTY26JUN52300PE,613.70,613.70,597.55,606.95,606.95,880.50,56301.95,543.85,720,330,12,19046104.50,3,F1,30,,,,,
2026-04-15,2026-04-15,FO,NSE,IDO,75437,,BANKNIFTY,,2026-06-30,2026-06-30,51700.00,PE,BANKNIFTY26JUN51700PE,547.75,552.70,547.75,552.70,552.70,797.65,56301.95,434.15,690,150,8,12539905.50,2,F1,30,,,,,
2026-04-15,2026-04-15,FO,NSE,IDO,75418,,BANKNIFTY,,2026-06-30,2026-06-30,50900.00,PE,BANKNIFTY26JUN50900PE,0.00,0.00,0.00,774.80,774.80,774.80,56301.95,315.10,1170,0,0,0.00,0,F1,30,,,,,
2026-04-15,2026-04-15,FO,NSE,IDO,75289,,BANKNIFTY,,2026-06-30,2026-06-30,50000.00,PE,BANKNIFTY26JUN50000PE,401.05,413.90,349.95,394.40,400.00,566.60,56301.95,394.40,30210,2100,1119,1691407498.50,621,F1,30,,,,,
2026-04-15,2026-04-15,FO,NSE,IDO,75265,,BANKNIFTY,,2026-06-30,2026-06-30,48700.00,PE,BANKNIFTY26JUN48700PE,0.00,0.00,0.00,947.75,0.00,947.75,56301.95,114.55,0,0,0,0.00,0,F1,30,,,,,
2026-04-15,2026-04-15,FO,NSE,IDO,75186,,BANKNIFTY,,2026-06-30,2026-06-30,47400.00,PE,BANKNIFTY26JUN47400PE,0.00,0.00,0.00,594.80,0.00,594.80,56301.95,56.95,0,0,0,0.00,0,F1,30,,,,,
2026-04-15,2026-04-15,FO,NSE,IDO,68240,,BANKNIFTY,,2026-05-26,2026-05-26,66500.00,PE,BANKNIFTY26MAY66500PE,0.00,0.00,0.00,11193.35,11193.35,11193.35,56301.95,9753.90,570,0,0,0.00,0,F1,30,,,,,
2026-04-15,2026-04-15,FO,NSE,IDO,68216,,BANKNIFTY,,2026-05-26,2026-05-26,65800.00,PE,BANKNIFTY26MAY65800PE,0.00,0.00,0.00,11153.90,11153.90,11153.90,56301.95,9069.05,600,0,0,0.00,0,F1,30,,,,,
2026-04-15,2026-04-15,FO,NSE,IDO,68174,,BANKNIFTY,,2026-05-26,2026-05-26,64700.00,PE,BANKNIFTY26MAY64700PE,0.00,0.00,0.00,11320.55,11320.55,11320.55,56301.95,8002.50,30,0,0,0.00,0,F1,30,,,,,
2026-04-15,2026-04-15,FO,NSE,IDO,68172,,BANKNIFTY,,2026-05-26,2026-05-26,64600.00,PE,BANKNIFTY26MAY64600PE,0.00,0.00,0.00,11223.95,11223.95,11223.95,56301.95,7906.30,30,0,0,0.00,0,F1,30,,,,,
2026-04-15,2026-04-15,FO,NSE,IDO,68151,,BANKNIFTY,,2026-05-26,2026-05-26,63900.00,PE,BANKNIFTY26MAY63900PE,0.00,0.00,0.00,10549.50,10549.50,10549.50,56301.95,7237.75,30,0,0,0.00,0,F1,30,,,,,
2026-04-15,2026-04-15,FO,NSE,IDO,68129,,BANKNIFTY,,2026-05-26,2026-05-26,62900.00,PE,BANKNIFTY26MAY62900PE,0.00,0.00,0.00,9235.90,9235.90,9235.90,56301.95,6300.70,30,0,0,0.00,0,F1,30,,,,,
2026-04-15,2026-04-15,FO,NSE,IDO,68107,,BANKNIFTY,,2026-05-26,2026-05-26,62000.00,PE,BANKNIFTY26MAY62000PE,4776.55,5400.00,4776.55,5230.00,5230.00,5925.00,56301.95,5482.30,2250,120,17,34245486.00,16,F1,30,,,,,
2026-04-15,2026-04-15,FO,NSE,IDO,68083,,BANKNIFTY,,2026-05-26,2026-05-26,61100.00,PE,BANKNIFTY26MAY61100PE,0.00,0.00,0.00,8733.60,8733.60,8733.60,56301.95,4695.65,330,0,0,0.00,0,F1,30,,,,,
2026-04-15,2026-04-15,FO,NSE,IDO,67617,,BANKNIFTY,,2026-05-26,2026-05-26,58300.00,PE,BANKNIFTY26MAY58300PE,0.00,0.00,0.00,2852.25,2852.25,2852.25,56301.95,2553.20,540,0,0,0.00,0,F1,30,,,,,
2026-04-15,2026-04-15,FO,NSE,IDO,67591,,BANKNIFTY,,2026-05-26,2026-05-26,57500.00,PE,BANKNIFTY26MAY57500PE,1534.90,1878.60,1522.40,1761.75,1795.00,2299.50,56301.95,1761.75,32790,2940,771,1367790450.00,617,F1,30,,,,,
2026-04-15,2026-04-15,FO,NSE,IDO,67224,,BANKNIFTY,,2026-05-26,2026-05-26,54400.00,PE,BANKNIFTY26MAY54400PE,631.35,688.80,601.80,676.20,676.20,1060.00,56301.95,694.95,1980,690,59,97413799.50,49,F1,30,,,,,
2026-04-15,2026-04-15,FO,NSE,IDO,67071,,BANKNIFTY,,2026-05-26,2026-05-26,52200.00,PE,BANKNIFTY26MAY52200PE,347.15,365.25,309.10,363.85,365.25,553.15,56301.95,363.85,1740,330,112,176534581.50,69,F1,30,,,,,
2026-04-15,2026-04-15,FO,NSE,IDO,66764,,BANKNIFTY,,2026-05-26,2026-05-26,51000.00,PE,BANKNIFTY26MAY51000PE,271.60,277.30,213.75,259.80,265.00,445.30,56301.95,259.80,51480,2610,1734,2665644430.50,951,F1,30,,,,,
2026-04-15,2026-04-15,FO,NSE,IDO,66754,,BANKNIFTY,,2026-05-26,2026-05-26,50500.00,PE,BANKNIFTY26MAY50500PE,208.05,245.85,189.35,229.20,233.50,394.50,56301.95,229.20,3120,-1140,267,406223916.00,213,F1,30,,,,,
2026-04-15,2026-04-15,FO,NSE,IDO,66612,,BANKNIFTY,,2026-05-26,2026-05-26,47900.00,PE,BANKNIFTY26MAY47900PE,0.00,0.00,0.00,0.55,0.00,0.55,56301.95,11.95,0,0,0,0.00,0,F1,30,,,,,
2026-04-15,2026-04-15,FO,NSE,IDO,66474,,BANKNIFTY,,2026-05-26,2026-05-26,46000.00,PE,BANKNIFTY26MAY46000PE,72.50,75.00,51.45,66.10,70.00,131.50,56301.95,66.10,7320,1500,258,356575329.00,109,F1,30,,,,,
2026-04-15,2026-04-15,FO,NSE,IDO,40397,,BANKNIFTY,,2026-05-26,2026-05-26,45400.00,PE,BANKNIFTY26MAY45400PE,0.00,0.00,0.00,0.05,0.00,0.05,56301.95,1.00,0,0,0,0.00,0,F1,30,,,,,
2026-04-15,2026-04-15,FO,NSE,IDO,68183,,BANKNIFTY,,2026-04-28,2026-04-28,66000.00,PE,BANKNIFTY26APR66000PE,9343.50,9519.55,9343.50,9503.85,9503.85,10450.85,56301.95,9561.65,5040,60,6,13581535.50,5,F1,30,,,,,
2026-04-15,2026-04-15,FO,NSE,IDO,68181,,BANKNIFTY,,2026-04-28,2026-04-28,65900.00,PE,BANKNIFTY26APR65900PE,0.00,0.00,0.00,11541.85,11541.85,11541.85,56301.95,9461.90,30,0,0,0.00,0,F1,30,,,,,
2026-04-15,2026-04-15,FO,NSE,IDO,68164,,BANKNIFTY,,2026-04-28,2026-04-28,65600.00,PE,BANKNIFTY26APR65600PE,0.00,0.00,0.00,11234.55,11234.55,11234.55,56301.95,9162.50,30,0,0,0.00,0,F1,30,,,,,
2026-04-15,2026-04-15,FO,NSE,IDO,67890,,BANKNIFTY,,2026-04-28,2026-04-28,64100.00,PE,BANKNIFTY26APR64100PE,0.00,0.00,0.00,11380.55,11380.55,11380.55,56301.95,7666.10,120,0,0,0.00,0,F1,30,,,,,
2026-04-15,2026-04-15,FO,NSE,IDO,67829,,BANKNIFTY,,2026-04-28,2026-04-28,62500.00,PE,BANKNIFTY26APR62500PE,6050.00,6050.00,6026.60,6026.60,6026.60,6900.00,56301.95,6073.25,7740,0,2,4112298.00,2,F1,30,,,,,
2026-04-15,2026-04-15,FO,NSE,IDO,67723,,BANKNIFTY,,2026-04-28,2026-04-28,60400.00,PE,BANKNIFTY26APR60400PE,0.00,0.00,0.00,4351.00,4351.00,4351.00,56301.95,4018.10,1320,0,0,0.00,0,F1,30,,,,,
2026-04-15,2026-04-15,FO,NSE,IDO,67559,,BANKNIFTY,,2026-04-28,2026-04-28,57500.00,PE,BANKNIFTY26APR57500PE,1357.95,1658.00,1124.70,1502.40,1533.30,2086.15,56301.95,1502.40,132120,9300,3126,5523952995.00,2345,F1,30,,,,,
2026-04-15,2026-04-15,FO,NSE,IDO,67555,,BANKNIFTY,,2026-04-28,2026-04-28,57300.00,PE,BANKNIFTY26APR57300PE,1100.05,1529.55,1068.80,1392.30,1418.60,1900.00,56301.95,1392.30,42630,36690,2317,4077882993.00,1078,F1,30,,,,,
2026-04-15,2026-04-15,FO,NSE,IDO,67525,,BANKNIFTY,,2026-04-28,2026-04-28,55800.00,PE,BANKNIFTY26APR55800PE,715.80,776.25,481.20,676.40,691.50,1114.80,56301.95,676.40,79770,-23700,16103,27262529563.50,10731,F1,30,,,,,
2026-04-15,2026-04-15,FO,NSE,IDO,67521,,BANKNIFTY,,2026-04-28,2026-04-28,55600.00,PE,BANKNIFTY26APR55600PE,600.00,705.75,431.60,615.35,624.00,1029.20,56301.95,615.35,92160,-3630,12475,21023574066.00,8113,F1,30,,,,,
2026-04-15,2026-04-15,FO,NSE,IDO,67487,,BANKNIFTY,,2026-04-28,2026-04-28,54500.00,PE,BANKNIFTY26APR54500PE,300.00,411.50,251.05,353.40,360.60,665.00,56301.95,353.40,324180,6750,24313,39990243534.00,17595,F1,30,,,,,
