TradDt,BizDt,Sgmt,Src,FinInstrmTp,FinInstrmId,ISIN,TckrSymb,SctySrs,XpryDt,FininstrmActlXpryDt,StrkPric,OptnTp,FinInstrmNm,OpnPric,HghPric,LwPric,ClsPric,LastPric,PrvsClsgPric,UndrlygPric,SttlmPric,OpnIntrst,ChngInOpnIntrst,TtlTradgVol,TtlTrfVal,TtlNbOfTxsExctd,SsnId,NewBrdLotQty,Rmks,Rsvd1,Rsvd2,Rsvd3,Rsvd4
2026-10-05,2026-10-05,FO,NSE,IDO,62251,,BANKNIFTY,,2026-11-23,2026-11-23,58200.00,PE,BANKNIFTY26NOV58200PE,0.00,0.00,0.00,1487.50,1487.50,1487.50,54714.10,3394.34,150,0,0,0.00,0,F1,30,,,,,
2026-10-05,2026-10-05,FO,NSE,IDO,62004,,BANKNIFTY,,2026-11-23,2026-11-23,49800.00,PE,BANKNIFTY26NOV49800PE,153.00,153.00,153.00,153.00,153.00,128.20,54714.10,58.84,120,120,4,5994360.00,1,F1,30,,,,,
2026-10-05,2026-10-05,FO,NSE,IDO,61972,,BANKNIFTY,,2026-11-23,2026-11-23,49200.00,PE,BANKNIFTY26NOV49200PE,0.00,0.00,0.00,143.70,143.70,143.70,54714.10,35.27,90,0,0,0.00,0,F1,30,,,,,
2026-10-05,2026-10-05,FO,NSE,IDO,49356,,BANKNIFTY,,2026-10-27,2026-10-27,51500.00,PE,BANKNIFTY26OCT51500PE,125.00,145.10,74.95,111.20,110.15,138.60,54714.10,111.20,227070,-17790,23626,36578335522.50,11530,F1,30,,,,,
2026-10-05,2026-10-05,FO,NSE,IDO,49374,,BANKNIFTY,,2026-10-27,2026-10-27,52300.00,PE,BANKNIFTY26OCT52300PE,146.25,233.80,120.40,180.30,175.35,217.90,54714.10,180.30,14550,-300,1548,2436412402.50,967,F1,30,,,,,
2026-10-05,2026-10-05,FO,NSE,IDO,49432,,BANKNIFTY,,2026-10-27,2026-10-27,54700.00,PE,BANKNIFTY26OCT54700PE,750.00,904.75,535.10,764.50,753.75,856.85,54714.10,764.50,120810,14970,47612,79171256920.50,35800,F1,30,,,,,
2026-10-05,2026-10-05,FO,NSE,IDO,49472,,BANKNIFTY,,2026-10-27,2026-10-27,56200.00,PE,BANKNIFTY26OCT56200PE,1291.00,1663.45,1250.00,1614.45,1632.95,1708.75,54714.10,1614.45,18810,60,48,83003511.00,42,F1,30,,,,,
2026-10-05,2026-10-05,FO,NSE,IDO,49560,,BANKNIFTY,,2026-10-27,2026-10-27,59400.00,PE,BANKNIFTY26OCT59400PE,0.00,0.00,0.00,4300.00,4300.00,4300.00,54714.10,4511.11,120,0,0,0.00,0,F1,30,,,,,
2026-10-05,2026-10-05,FO,NSE,IDO,49616,,BANKNIFTY,,2026-10-27,2026-10-27,61800.00,PE,BANKNIFTY26OCT61800PE,0.00,0.00,0.00,5040.70,0.00,5040.70,54714.10,6882.47,0,0,0,0.00,0,F1,30,,,,,
2026-10-05,2026-10-05,FO,NSE,IDO,49624,,BANKNIFTY,,2026-10-27,2026-10-27,62200.00,PE,BANKNIFTY26OCT62200PE,0.00,0.00,0.00,5343.90,0.00,5343.90,54714.10,7280.67,0,0,0,0.00,0,F1,30,,,,,
2026-10-05,2026-10-05,FO,NSE,IDO,49714,,BANKNIFTY,,2026-10-27,2026-10-27,65500.00,PE,BANKNIFTY26OCT65500PE,10350.00,10487.35,10200.00,10487.35,10487.35,10710.00,54714.10,10569.13,4140,0,43,97817110.50,26,F1,30,,,,,
2026-10-05,2026-10-05,FO,NSE,IDO,62096,,BANKNIFTY,,2026-11-23,2026-11-23,52900.00,PE,BANKNIFTY26NOV52900PE,378.60,487.35,368.90,429.25,429.25,614.40,54714.10,473.21,1020,0,8,12793494.00,8,F1,30,,,,,
2026-10-05,2026-10-05,FO,NSE,IDO,62098,,BANKNIFTY,,2026-11-23,2026-11-23,53000.00,PE,BANKNIFTY26NOV53000PE,426.40,565.60,378.10,490.20,480.60,544.05,54714.10,490.20,43860,8760,1387,2224900999.50,811,F1,30,,,,,
2026-10-05,2026-10-05,FO,NSE,IDO,62103,,BANKNIFTY,,2026-11-23,2026-11-23,53200.00,PE,BANKNIFTY26NOV53200PE,441.65,605.00,414.20,533.25,522.15,578.75,54714.10,533.25,870,330,27,43511479.50,16,F1,30,,,,,
2026-10-05,2026-10-05,FO,NSE,IDO,62134,,BANKNIFTY,,2026-11-23,2026-11-23,54000.00,PE,BANKNIFTY26NOV54000PE,687.80,835.00,563.60,729.85,718.75,797.95,54714.10,729.85,70530,-10260,5461,8961334056.00,2376,F1,30,,,,,
2026-10-05,2026-10-05,FO,NSE,IDO,62152,,BANKNIFTY,,2026-11-23,2026-11-23,54800.00,PE,BANKNIFTY26NOV54800PE,834.40,1107.00,799.70,1002.90,1003.25,1090.50,54714.10,1002.90,1530,150,54,90282640.50,47,F1,30,,,,,
2026-10-05,2026-10-05,FO,NSE,IDO,62164,,BANKNIFTY,,2026-11-23,2026-11-23,55400.00,PE,BANKNIFTY26NOV55400PE,1312.10,1312.10,1008.00,1249.05,1249.05,1356.35,54714.10,1249.05,3090,-510,38,64459189.50,37,F1,30,,,,,
2026-10-05,2026-10-05,FO,NSE,IDO,62175,,BANKNIFTY,,2026-11-23,2026-11-23,55700.00,PE,BANKNIFTY26NOV55700PE,1188.50,1449.60,1188.50,1449.60,1449.60,1507.20,54714.10,1627.06,1410,-60,10,17102532.00,10,F1,30,,,,,
2026-10-05,2026-10-05,FO,NSE,IDO,62184,,BANKNIFTY,,2026-11-23,2026-11-23,56000.00,PE,BANKNIFTY26NOV56000PE,1492.50,1700.00,1256.05,1570.70,1545.00,1671.50,54714.10,1570.70,68760,630,717,1235710191.00,504,F1,30,,,,,
2026-10-05,2026-10-05,FO,NSE,IDO,62223,,BANKNIFTY,,2026-11-23,2026-11-23,57600.00,PE,BANKNIFTY26NOV57600PE,2301.90,2301.90,2286.30,2286.30,2286.30,2794.10,54714.10,2916.90,390,30,2,3593646.00,2,F1,30,,,,,
2026-10-05,2026-10-05,FO,NSE,IDO,62308,,BANKNIFTY,,2026-11-23,2026-11-23,60200.00,PE,BANKNIFTY26NOV60200PE,0.00,0.00,0.00,3338.10,0.00,3338.10,54714.10,5151.71,0,0,0,0.00,0,F1,30,,,,,
2026-10-05,2026-10-05,FO,NSE,IDO,62310,,BANKNIFTY,,2026-11-23,2026-11-23,60300.00,PE,BANKNIFTY26NOV60300PE,0.00,0.00,0.00,3401.35,0.00,3401.35,54714.10,5244.48,0,0,0,0.00,0,F1,30,,,,,
2026-10-05,2026-10-05,FO,NSE,IDO,62552,,BANKNIFTY,,2026-11-23,2026-11-23,63500.00,PE,BANKNIFTY26NOV63500PE,8013.75,8183.40,8013.75,8183.40,8183.40,8170.00,54714.10,8329.79,2160,0,13,27903196.50,5,F1,30,,,,,
2026-10-05,2026-10-05,FO,NSE,IDO,62667,,BANKNIFTY,,2026-11-23,2026-11-23,64500.00,PE,BANKNIFTY26NOV64500PE,0.00,0.00,0.00,6538.30,0.00,6538.30,54714.10,9316.39,0,0,0,0.00,0,F1,30,,,,,
2026-10-05,2026-10-05,FO,NSE,IDO,59441,,BANKNIFTY,,2026-12-29,2026-12-29,49000.00,PE,BANKNIFTY26DEC49000PE,185.00,185.00,184.00,184.00,184.00,209.85,54714.10,105.21,330,30,2,2951070.00,2,F1,30,,,,,
2026-10-05,2026-10-05,FO,NSE,IDO,59464,,BANKNIFTY,,2026-12-29,2026-12-29,50200.00,PE,BANKNIFTY26DEC50200PE,222.50,222.50,222.50,222.50,222.50,293.85,54714.10,208.84,450,90,3,4538025.00,1,F1,30,,,,,
2026-10-05,2026-10-05,FO,NSE,IDO,59468,,BANKNIFTY,,2026-12-29,2026-12-29,50400.00,PE,BANKNIFTY26DEC50400PE,0.00,0.00,0.00,318.90,318.90,318.90,54714.10,232.17,360,0,0,0.00,0,F1,30,,,,,
2026-10-05,2026-10-05,FO,NSE,IDO,59470,,BANKNIFTY,,2026-12-29,2026-12-29,50500.00,PE,BANKNIFTY26DEC50500PE,235.70,273.30,234.00,273.30,273.30,324.95,54714.10,244.58,420,150,7,10656651.00,3,F1,30,,,,,
2026-10-05,2026-10-05,FO,NSE,IDO,53221,,BANKNIFTY,,2026-12-29,2026-12-29,51000.00,PE,BANKNIFTY26DEC51000PE,262.75,348.60,246.25,316.90,316.15,339.25,54714.10,316.90,37620,150,339,521707390.50,214,F1,30,,,,,
2026-10-05,2026-10-05,FO,NSE,IDO,59480,,BANKNIFTY,,2026-12-29,2026-12-29,51100.00,PE,BANKNIFTY26DEC51100PE,263.15,263.15,263.15,263.15,263.15,385.65,54714.10,330.41,390,90,3,4622683.50,1,F1,30,,,,,
2026-10-05,2026-10-05,FO,NSE,IDO,59482,,BANKNIFTY,,2026-12-29,2026-12-29,51200.00,PE,BANKNIFTY26DEC51200PE,0.00,0.00,0.00,394.35,394.35,394.35,54714.10,346.73,390,0,0,0.00,0,F1,30,,,,,
2026-10-05,2026-10-05,FO,NSE,IDO,59502,,BANKNIFTY,,2026-12-29,2026-12-29,52200.00,PE,BANKNIFTY26DEC52200PE,0.00,0.00,0.00,962.05,0.00,962.05,54714.10,545.78,0,0,0,0.00,0,F1,30,,,,,
2026-10-05,2026-10-05,FO,NSE,IDO,59528,,BANKNIFTY,,2026-12-29,2026-12-29,53600.00,PE,BANKNIFTY26DEC53600PE,652.60,688.30,652.60,688.30,688.30,815.00,54714.10,950.21,150,-30,5,8141419.50,3,F1,30,,,,,
2026-10-05,2026-10-05,FO,NSE,IDO,59542,,BANKNIFTY,,2026-12-29,2026-12-29,54400.00,PE,BANKNIFTY26DEC54400PE,985.75,1062.55,984.55,984.55,984.55,1165.85,54714.10,1255.68,420,-180,7,11634604.50,5,F1,30,,,,,
2026-10-05,2026-10-05,FO,NSE,IDO,59606,,BANKNIFTY,,2026-12-29,2026-12-29,55800.00,PE,BANKNIFTY26DEC55800PE,1346.00,1346.00,1346.00,1346.00,1346.00,1334.00,54714.10,1928.25,450,30,1,1714380.00,1,F1,30,,,,,
2026-10-05,2026-10-05,FO,NSE,IDO,59612,,BANKNIFTY,,2026-12-29,2026-12-29,56100.00,PE,BANKNIFTY26DEC56100PE,0.00,0.00,0.00,1809.70,1809.70,1809.70,54714.10,2095.15,180,0,0,0.00,0,F1,30,,,,,
2026-10-05,2026-10-05,FO,NSE,IDO,59809,,BANKNIFTY,,2026-12-29,2026-12-29,57700.00,PE,BANKNIFTY26DEC57700PE,2710.20,2752.05,2572.35,2577.05,2577.05,3720.50,54714.10,3113.05,270,270,9,16306957.50,5,F1,30,,,,,
2026-10-05,2026-10-05,FO,NSE,IDO,49420,,BANKNIFTY,,2026-10-27,2026-10-27,54200.00,PE,BANKNIFTY26OCT54200PE,642.90,695.20,391.55,574.45,567.20,653.30,54714.10,574.45,111000,-2220,16742,27497907649.50,11875,F1,30,,,,,
2026-10-05,2026-10-05,FO,NSE,IDO,62282,,BANKNIFTY,,2026-11-23,2026-11-23,59200.00,PE,BANKNIFTY26NOV59200PE,0.00,0.00,0.00,2739.70,0.00,2739.70,54714.10,4246.41,0,0,0,0.00,0,F1,30,,,,,
2026-10-05,2026-10-05,FO,NSE,IDO,62204,,BANKNIFTY,,2026-11-23,2026-11-23,56800.00,PE,BANKNIFTY26NOV56800PE,0.00,0.00,0.00,1966.55,1966.55,1966.55,54714.10,2328.90,270,0,0,0.00,0,F1,30,,,,,
2026-10-05,2026-10-05,FO,NSE,IDO,62192,,BANKNIFTY,,2026-11-23,2026-11-23,56400.00,PE,BANKNIFTY26NOV56400PE,1520.65,1851.45,1478.15,1670.15,1670.15,2070.20,54714.10,2058.49,3570,2040,74,128602374.00,74,F1,30,,,,,
2026-10-05,2026-10-05,FO,NSE,IDO,62300,,BANKNIFTY,,2026-11-23,2026-11-23,59900.00,PE,BANKNIFTY26NOV59900PE,0.00,0.00,0.00,3151.95,0.00,3151.95,54714.10,4875.63,0,0,0,0.00,0,F1,30,,,,,
2026-10-05,2026-10-05,FO,NSE,IDO,62415,,BANKNIFTY,,2026-11-23,2026-11-23,61700.00,PE,BANKNIFTY26NOV61700PE,0.00,0.00,0.00,4348.55,0.00,4348.55,54714.10,6572.95,0,0,0,0.00,0,F1,30,,,,,
2026-10-05,2026-10-05,FO,NSE,IDO,61987,,BANKNIFTY,,2026-11-23,2026-11-23,49300.00,CE,BANKNIFTY26NOV49300CE,0.00,0.00,0.00,9046.90,0.00,9046.90,54714.10,5815.29,0,0,0,0.00,0,F1,30,,,,,
2026-10-05,2026-10-05,FO,NSE,IDO,61971,,BANKNIFTY,,2026-11-23,2026-11-23,49200.00,CE,BANKNIFTY26NOV49200CE,0.00,0.00,0.00,9140.50,0.00,9140.50,54714.10,5911.31,0,0,0,0.00,0,F1,30,,,,,
2026-10-05,2026-10-05,FO,NSE,IDO,61967,,BANKNIFTY,,2026-11-23,2026-11-23,49000.00,CE,BANKNIFTY26NOV49000CE,0.00,0.00,0.00,5764.35,5764.35,5764.35,54714.10,6104.04,390,0,0,0.00,0,F1,30,,,,,
2026-10-05,2026-10-05,FO,NSE,IDO,59532,,BANKNIFTY,,2026-12-29,2026-12-29,53800.00,PE,BANKNIFTY26DEC53800PE,689.50,807.35,689.50,807.35,807.35,1023.45,54714.10,807.35,150,-30,5,8184409.50,3,F1,30,,,,,
2026-10-05,2026-10-05,FO,NSE,IDF,58872,,BANKNIFTY,,2026-12-29,2026-12-29,,,BANKNIFTY26DECFUT,55750.00,55999.00,55355.00,55558.20,55565.40,55397.40,54714.10,55558.20,20010,4050,1029,1718788626.00,716,F1,30,,,,,
2026-10-05,2026-10-05,FO,NSE,IDO,49300,,BANKNIFTY,,2026-10-27,2026-10-27,49500.00,CE,BANKNIFTY26OCT49500CE,0.00,0.00,0.00,6500.00,6500.00,6500.00,54714.10,5381.31,120,0,0,0.00,0,F1,30,,,,,
2026-10-05,2026-10-05,FO,NSE,IDO,49324,,BANKNIFTY,,2026-10-27,2026-10-27,50700.00,CE,BANKNIFTY26OCT50700CE,0.00,0.00,0.00,7114.20,0.00,7114.20,54714.10,4201.18,0,0,0,0.00,0,F1,30,,,,,
2026-10-05,2026-10-05,FO,NSE,IDO,49341,,BANKNIFTY,,2026-10-27,2026-10-27,51100.00,CE,BANKNIFTY26OCT51100CE,0.00,0.00,0.00,6770.80,0.00,6770.80,54714.10,3815.24,0,0,0,0.00,0,F1,30,,,,,
2026-10-05,2026-10-05,FO,NSE,IDO,49369,,BANKNIFTY,,2026-10-27,2026-10-27,52100.00,CE,BANKNIFTY26OCT52100CE,0.00,0.00,0.00,5941.50,0.00,5941.50,54714.10,2884.78,0,0,0,0.00,0,F1,30,,,,,
2026-10-05,2026-10-05,FO,NSE,IDO,49383,,BANKNIFTY,,2026-10-27,2026-10-27,52800.00,CE,BANKNIFTY26OCT52800CE,0.00,0.00,0.00,2242.95,2251.05,2242.95,54714.10,2280.79,120,0,0,0.00,0,F1,30,,,,,
2026-10-05,2026-10-05,FO,NSE,IDO,49413,,BANKNIFTY,,2026-10-27,2026-10-27,53900.00,CE,BANKNIFTY26OCT53900CE,1792.95,1829.60,1399.35,1486.45,1471.85,1431.00,54714.10,1486.45,15720,-420,162,269895862.50,112,F1,30,,,,,
2026-10-05,2026-10-05,FO,NSE,IDO,59536,,BANKNIFTY,,2026-12-29,2026-12-29,54100.00,PE,BANKNIFTY26DEC54100PE,768.75,895.25,768.75,895.25,895.25,1127.00,54714.10,895.25,180,-90,5,8245132.50,3,F1,30,,,,,
2026-10-05,2026-10-05,FO,NSE,IDO,49625,,BANKNIFTY,,2026-10-27,2026-10-27,62300.00,CE,BANKNIFTY26OCT62300CE,7.65,7.65,7.50,7.50,7.50,8.05,54714.10,7.50,480,-180,15,28038379.50,8,F1,30,,,,,
2026-10-05,2026-10-05,FO,NSE,IDO,49615,,BANKNIFTY,,2026-10-27,2026-10-27,61800.00,CE,BANKNIFTY26OCT61800CE,9.55,10.05,7.05,8.65,8.85,9.50,54714.10,8.65,1080,360,264,489525015.00,119,F1,30,,,,,
2026-10-05,2026-10-05,FO,NSE,IDO,49569,,BANKNIFTY,,2026-10-27,2026-10-27,59900.00,CE,BANKNIFTY26OCT59900CE,30.20,30.20,14.30,17.95,19.05,1452.45,54714.10,17.95,2910,2910,193,346932648.00,101,F1,30,,,,,
2026-10-05,2026-10-05,FO,NSE,IDO,49565,,BANKNIFTY,,2026-10-27,2026-10-27,59700.00,CE,BANKNIFTY26OCT59700CE,23.90,23.90,20.50,20.90,20.90,1519.80,54714.10,20.90,3150,3150,188,336831456.00,77,F1,30,,,,,
2026-10-05,2026-10-05,FO,NSE,IDO,49543,,BANKNIFTY,,2026-10-27,2026-10-27,58900.00,CE,BANKNIFTY26OCT58900CE,35.90,47.15,29.30,31.35,29.30,34.85,54714.10,31.35,47700,6000,1391,2459354082.00,649,F1,30,,,,,
2026-10-05,2026-10-05,FO,NSE,IDO,49513,,BANKNIFTY,,2026-10-27,2026-10-27,57800.00,CE,BANKNIFTY26OCT57800CE,86.85,110.70,74.20,78.55,74.20,82.70,54714.10,78.55,81630,5130,3784,6571700058.00,2257,F1,30,,,,,
2026-10-05,2026-10-05,FO,NSE,IDO,59596,,BANKNIFTY,,2026-12-29,2026-12-29,55600.00,PE,BANKNIFTY26DEC55600PE,1299.15,1492.65,1257.40,1492.65,1492.65,1269.20,54714.10,1821.40,600,0,3,5125476.00,3,F1,30,,,,,
2026-10-05,2026-10-05,FO,NSE,IDO,62188,,BANKNIFTY,,2026-11-23,2026-11-23,56200.00,PE,BANKNIFTY26NOV56200PE,1408.00,1779.55,1392.75,1602.45,1602.45,1570.90,54714.10,1929.66,2400,90,20,34664344.50,20,F1,30,,,,,
2026-10-05,2026-10-05,FO,NSE,IDO,62178,,BANKNIFTY,,2026-11-23,2026-11-23,55800.00,PE,BANKNIFTY26NOV55800PE,1240.75,1551.00,1240.75,1302.75,1302.75,1725.20,54714.10,1685.31,1770,-30,11,18887727.00,10,F1,30,,,,,
2026-10-05,2026-10-05,FO,NSE,IDO,59855,,BANKNIFTY,,2026-12-29,2026-12-29,59900.00,PE,BANKNIFTY26DEC59900PE,0.00,0.00,0.00,5371.85,0.00,5371.85,54714.10,4811.82,0,0,0,0.00,0,F1,30,,,,,
2026-10-05,2026-10-05,FO,NSE,IDO,62167,,BANKNIFTY,,2026-11-23,2026-11-23,55500.00,PE,BANKNIFTY26NOV55500PE,1098.95,1446.90,1049.30,1315.60,1290.00,1415.30,54714.10,1315.60,10110,660,389,661905844.50,310,F1,30,,,,,
2026-10-05,2026-10-05,FO,NSE,IDO,62132,,BANKNIFTY,,2026-11-23,2026-11-23,53900.00,PE,BANKNIFTY26NOV53900PE,570.25,774.90,544.10,688.70,688.70,774.40,54714.10,781.10,1230,210,31,50725225.50,25,F1,30,,,,,
2026-10-05,2026-10-05,FO,NSE,IDO,62086,,BANKNIFTY,,2026-11-23,2026-11-23,52400.00,PE,BANKNIFTY26NOV52400PE,0.00,0.00,0.00,304.70,304.70,304.70,54714.10,357.97,1110,0,0,0.00,0,F1,30,,,,,
2026-10-05,2026-10-05,FO,NSE,IDO,49419,,BANKNIFTY,,2026-10-27,2026-10-27,54200.00,CE,BANKNIFTY26OCT54200CE,1479.00,1618.80,1195.95,1286.55,1283.00,1232.50,54714.10,1286.55,72300,-2070,1117,1862566473.00,833,F1,30,,,,,
2026-10-05,2026-10-05,FO,NSE,IDO,49423,,BANKNIFTY,,2026-10-27,2026-10-27,54400.00,CE,BANKNIFTY26OCT54400CE,1150.00,1474.40,1067.05,1156.35,1148.25,1107.45,54714.10,1156.35,43260,-1740,7483,12482381383.50,5926,F1,30,,,,,
2026-10-05,2026-10-05,FO,NSE,IDO,49467,,BANKNIFTY,,2026-10-27,2026-10-27,56000.00,CE,BANKNIFTY26OCT56000CE,450.00,550.00,366.00,392.80,386.20,386.25,54714.10,392.80,1264020,-29700,69887,118345969413.00,43731,F1,30,,,,,
2026-10-05,2026-10-05,FO,NSE,IDO,62028,,BANKNIFTY,,2026-11-23,2026-11-23,50600.00,PE,BANKNIFTY26NOV50600PE,150.40,213.95,150.40,181.90,181.85,169.35,54714.10,181.90,600,330,25,38090175.00,20,F1,30,,,,,
2026-10-05,2026-10-05,FO,NSE,IDO,62074,,BANKNIFTY,,2026-11-23,2026-11-23,51800.00,PE,BANKNIFTY26NOV51800PE,244.80,318.65,223.25,263.65,263.65,332.30,54714.10,249.25,1890,90,16,24991074.00,15,F1,30,,,,,
2026-10-05,2026-10-05,FO,NSE,IDO,70791,,BANKNIFTY,,2027-06-29,2027-06-29,55500.00,PE,BANKNIFTY27JUN55500PE,0.00,0.00,0.00,2421.75,0.00,2421.75,54714.10,2371.75,0,0,0,0.00,0,F1,30,,,,,
2026-10-05,2026-10-05,FO,NSE,IDO,76434,,BANKNIFTY,,2027-03-30,2027-03-30,66000.00,PE,BANKNIFTY27MAR66000PE,0.00,0.00,0.00,12012.15,0.00,12012.15,54714.10,9798.98,0,0,0,0.00,0,F1,30,,,,,
2026-10-05,2026-10-05,FO,NSE,IDO,62263,,BANKNIFTY,,2026-11-23,2026-11-23,58400.00,PE,BANKNIFTY26NOV58400PE,0.00,0.00,0.00,2307.60,0.00,2307.60,54714.10,3559.56,0,0,0,0.00,0,F1,30,,,,,
2026-10-05,2026-10-05,FO,NSE,IDO,49321,,BANKNIFTY,,2026-10-27,2026-10-27,50500.00,PE,BANKNIFTY26OCT50500PE,81.00,81.95,44.20,63.80,62.15,80.15,54714.10,63.80,172320,-34410,16349,24797179186.50,10257,F1,30,,,,,
2026-10-05,2026-10-05,FO,NSE,IDO,49313,,BANKNIFTY,,2026-10-27,2026-10-27,50100.00,PE,BANKNIFTY26OCT50100PE,0.00,0.00,0.00,232.25,0.00,232.25,54714.10,8.43,0,0,0,0.00,0,F1,30,,,,,
2026-10-05,2026-10-05,FO,NSE,IDO,60191,,BANKNIFTY,,2027-09-28,2027-09-28,61500.00,CE,BANKNIFTY27SEP61500CE,0.00,0.00,0.00,2792.00,0.00,2792.00,54714.10,2150.90,0,0,0,0.00,0,F1,30,,,,,
2026-10-05,2026-10-05,FO,NSE,IDO,70769,,BANKNIFTY,,2027-06-29,2027-06-29,52500.00,CE,BANKNIFTY27JUN52500CE,0.00,0.00,0.00,9732.10,0.00,9732.10,54714.10,5564.98,0,0,0,0.00,0,F1,30,,,,,
2026-10-05,2026-10-05,FO,NSE,IDO,59846,,BANKNIFTY,,2026-12-29,2026-12-29,59500.00,CE,BANKNIFTY26DEC59500CE,0.00,0.00,0.00,685.15,0.00,685.15,54714.10,452.93,0,0,0,0.00,0,F1,30,,,,,
2026-10-05,2026-10-05,FO,NSE,IDO,59826,,BANKNIFTY,,2026-12-29,2026-12-29,58600.00,CE,BANKNIFTY26DEC58600CE,0.00,0.00,0.00,885.60,0.00,885.60,54714.10,631.16,0,0,0,0.00,0,F1,30,,,,,
2026-10-05,2026-10-05,FO,NSE,IDO,59803,,BANKNIFTY,,2026-12-29,2026-12-29,57700.00,CE,BANKNIFTY26DEC57700CE,0.00,0.00,0.00,1125.80,0.00,1125.80,54714.10,861.47,0,0,0,0.00,0,F1,30,,,,,
2026-10-05,2026-10-05,FO,NSE,IDO,59509,,BANKNIFTY,,2026-12-29,2026-12-29,52700.00,CE,BANKNIFTY26DEC52700CE,0.00,0.00,0.00,3455.80,0.00,3455.80,54714.10,3356.97,0,0,0,0.00,0,F1,30,,,,,
2026-10-05,2026-10-05,FO,NSE,IDO,59499,,BANKNIFTY,,2026-12-29,2026-12-29,52100.00,CE,BANKNIFTY26DEC52100CE,0.00,0.00,0.00,3855.00,0.00,3855.00,54714.10,3799.91,0,0,0,0.00,0,F1,30,,,,,
2026-10-05,2026-10-05,FO,NSE,IDO,59477,,BANKNIFTY,,2026-12-29,2026-12-29,50900.00,CE,BANKNIFTY26DEC50900CE,0.00,0.00,0.00,4725.60,0.00,4725.60,54714.10,4761.43,0,0,0,0.00,0,F1,30,,,,,
2026-10-05,2026-10-05,FO,NSE,IDO,59459,,BANKNIFTY,,2026-12-29,2026-12-29,50000.00,CE,BANKNIFTY26DEC50000CE,6030.00,6030.00,5900.00,5900.00,5900.00,5680.00,54714.10,5537.85,120,60,2,3357900.00,2,F1,30,,,,,
2026-10-05,2026-10-05,FO,NSE,IDO,59457,,BANKNIFTY,,2026-12-29,2026-12-29,49900.00,CE,BANKNIFTY26DEC49900CE,0.00,0.00,0.00,5515.75,0.00,5515.75,54714.10,5626.55,0,0,0,0.00,0,F1,30,,,,,
2026-10-05,2026-10-05,FO,NSE,IDO,59455,,BANKNIFTY,,2026-12-29,2026-12-29,49800.00,CE,BANKNIFTY26DEC49800CE,0.00,0.00,0.00,5597.70,0.00,5597.70,54714.10,5715.68,0,0,0,0.00,0,F1,30,,,,,
2026-10-05,2026-10-05,FO,NSE,IDO,59447,,BANKNIFTY,,2026-12-29,2026-12-29,49300.00,CE,BANKNIFTY26DEC49300CE,0.00,0.00,0.00,6014.70,0.00,6014.70,54714.10,6167.44,0,0,0,0.00,0,F1,30,,,,,
2026-10-05,2026-10-05,FO,NSE,IDO,62483,,BANKNIFTY,,2026-11-23,2026-11-23,62300.00,CE,BANKNIFTY26NOV62300CE,0.00,0.00,0.00,929.75,0.00,929.75,54714.10,26.88,0,0,0,0.00,0,F1,30,,,,,
2026-10-05,2026-10-05,FO,NSE,IDO,62301,,BANKNIFTY,,2026-11-23,2026-11-23,60000.00,CE,BANKNIFTY26NOV60000CE,85.00,92.65,69.90,71.95,69.90,72.10,54714.10,71.95,82200,18690,1790,3226288354.50,986,F1,30,,,,,
2026-10-05,2026-10-05,FO,NSE,IDO,62281,,BANKNIFTY,,2026-11-23,2026-11-23,59200.00,CE,BANKNIFTY26NOV59200CE,0.00,0.00,0.00,1933.35,0.00,1933.35,54714.10,196.00,0,0,0,0.00,0,F1,30,,,,,
2026-10-05,2026-10-05,FO,NSE,IDO,62211,,BANKNIFTY,,2026-11-23,2026-11-23,57200.00,CE,BANKNIFTY26NOV57200CE,460.55,479.70,373.85,383.15,377.40,380.50,54714.10,383.15,8970,2280,326,563590030.50,244,F1,30,,,,,
2026-10-05,2026-10-05,FO,NSE,IDO,62193,,BANKNIFTY,,2026-11-23,2026-11-23,56500.00,CE,BANKNIFTY26NOV56500CE,668.85,739.40,550.50,587.65,581.35,560.45,54714.10,587.65,64860,6900,1395,2392299438.00,1082,F1,30,,,,,
2026-10-05,2026-10-05,FO,NSE,IDO,62159,,BANKNIFTY,,2026-11-23,2026-11-23,55200.00,CE,BANKNIFTY26NOV55200CE,1355.00,1414.00,1152.00,1184.30,1162.70,1129.40,54714.10,1184.30,2940,570,130,220304920.50,99,F1,30,,,,,
2026-10-05,2026-10-05,FO,NSE,IDO,62137,,BANKNIFTY,,2026-11-23,2026-11-23,54100.00,CE,BANKNIFTY26NOV54100CE,1790.50,1843.30,1790.50,1843.30,1843.30,1786.20,54714.10,1868.19,1080,0,2,3355014.00,2,F1,30,,,,,
2026-10-05,2026-10-05,FO,NSE,IDO,62048,,BANKNIFTY,,2026-11-23,2026-11-23,51200.00,CE,BANKNIFTY26NOV51200CE,0.00,0.00,0.00,7316.15,0.00,7316.15,54714.10,4058.95,0,0,0,0.00,0,F1,30,,,,,
2026-10-05,2026-10-05,FO,NSE,IDO,62035,,BANKNIFTY,,2026-11-23,2026-11-23,51000.00,CE,BANKNIFTY26NOV51000CE,4776.20,4776.20,4300.00,4345.00,4340.00,4179.20,54714.10,4345.00,720,210,8,13300986.00,6,F1,30,,,,,
2026-10-05,2026-10-05,FO,NSE,IDO,61998,,BANKNIFTY,,2026-11-23,2026-11-23,49700.00,CE,BANKNIFTY26NOV49700CE,0.00,0.00,0.00,8674.70,0.00,8674.70,54714.10,5433.89,0,0,0,0.00,0,F1,30,,,,,
2026-10-05,2026-10-05,FO,NSE,IDO,49657,,BANKNIFTY,,2026-10-27,2026-10-27,63500.00,CE,BANKNIFTY26OCT63500CE,0.00,0.00,0.00,6.75,6.75,6.75,54714.10,0.09,210,0,0,0.00,0,F1,30,,,,,
2026-10-05,2026-10-05,FO,NSE,IDO,49653,,BANKNIFTY,,2026-10-27,2026-10-27,63300.00,CE,BANKNIFTY26OCT63300CE,0.00,0.00,0.00,6.55,6.55,6.55,54714.10,0.12,420,0,0,0.00,0,F1,30,,,,,
2026-10-05,2026-10-05,FO,NSE,IDO,49649,,BANKNIFTY,,2026-10-27,2026-10-27,63100.00,CE,BANKNIFTY26OCT63100CE,7.20,7.20,5.80,5.80,5.80,6.00,54714.10,0.16,600,0,2,3786390.00,2,F1,30,,,,,
2026-10-05,2026-10-05,FO,NSE,IDO,49554,,BANKNIFTY,,2026-10-27,2026-10-27,59300.00,CE,BANKNIFTY26OCT59300CE,0.00,0.00,0.00,1661.50,0.00,1661.50,54714.10,24.31,0,0,0,0.00,0,F1,30,,,,,
2026-10-05,2026-10-05,FO,NSE,IDO,49359,,BANKNIFTY,,2026-10-27,2026-10-27,51700.00,CE,BANKNIFTY26OCT51700CE,0.00,0.00,0.00,6267.90,0.00,6267.90,54714.10,3249.49,0,0,0,0.00,0,F1,30,,,,,
2026-10-05,2026-10-05,FO,NSE,IDO,49333,,BANKNIFTY,,2026-10-27,2026-10-27,50900.00,CE,BANKNIFTY26OCT50900CE,0.00,0.00,0.00,6941.75,0.00,6941.75,54714.10,4007.52,0,0,0,0.00,0,F1,30,,,,,
2026-10-05,2026-10-05,FO,NSE,IDO,49322,,BANKNIFTY,,2026-10-27,2026-10-27,50600.00,CE,BANKNIFTY26OCT50600CE,0.00,0.00,0.00,7201.00,0.00,7201.00,54714.10,4298.46,0,0,0,0.00,0,F1,30,,,,,
2026-10-05,2026-10-05,FO,NSE,IDO,49285,,BANKNIFTY,,2026-10-27,2026-10-27,49000.00,CE,BANKNIFTY26OCT49000CE,0.00,0.00,0.00,5500.00,5500.00,5500.00,54714.10,5877.75,1350,0,0,0.00,0,F1,30,,,,,
2026-10-05,2026-10-05,FO,NSE,IDF,61466,,BANKNIFTY,,2026-11-23,2026-11-23,,,BANKNIFTY26NOVFUT,55191.80,55726.40,55019.00,55228.00,55232.20,55091.80,54714.10,55228.00,162960,450,1449,2408932050.00,1068,F1,30,,,,,
2026-10-05,2026-10-05,FO,NSE,IDO,59479,,BANKNIFTY,,2026-12-29,2026-12-29,51100.00,CE,BANKNIFTY26DEC51100CE,0.00,0.00,0.00,4574.40,0.00,4574.40,54714.10,4594.83,0,0,0,0.00,0,F1,30,,,,,
2026-10-05,2026-10-05,FO,NSE,IDO,59485,,BANKNIFTY,,2026-12-29,2026-12-29,51400.00,CE,BANKNIFTY26DEC51400CE,0.00,0.00,0.00,4354.10,0.00,4354.10,54714.10,4349.47,0,0,0,0.00,0,F1,30,,,,,
2026-10-05,2026-10-05,FO,NSE,IDO,59495,,BANKNIFTY,,2026-12-29,2026-12-29,51900.00,CE,BANKNIFTY26DEC51900CE,0.00,0.00,0.00,3993.50,0.00,3993.50,54714.10,3953.48,0,0,0,0.00,0,F1,30,,,,,
2026-10-05,2026-10-05,FO,NSE,IDO,59531,,BANKNIFTY,,2026-12-29,2026-12-29,53800.00,CE,BANKNIFTY26DEC53800CE,0.00,0.00,0.00,2789.80,0.00,2789.80,54714.10,2620.09,0,0,0,0.00,0,F1,30,,,,,
2026-10-05,2026-10-05,FO,NSE,IDO,59535,,BANKNIFTY,,2026-12-29,2026-12-29,54100.00,CE,BANKNIFTY26DEC54100CE,0.00,0.00,0.00,2623.40,0.00,2623.40,54714.10,2437.10,0,0,0,0.00,0,F1,30,,,,,
2026-10-05,2026-10-05,FO,NSE,IDO,59607,,BANKNIFTY,,2026-12-29,2026-12-29,55900.00,CE,BANKNIFTY26DEC55900CE,1474.05,1474.05,1302.45,1302.45,1302.45,1146.15,54714.10,1508.52,600,30,3,5158516.50,2,F1,30,,,,,
2026-10-05,2026-10-05,FO,NSE,IDO,59642,,BANKNIFTY,,2026-12-29,2026-12-29,56700.00,CE,BANKNIFTY26DEC56700CE,1080.85,1080.85,980.25,980.25,980.25,826.55,54714.10,1187.98,1290,150,5,8659108.50,3,F1,30,,,,,
2026-10-05,2026-10-05,FO,NSE,IDO,59824,,BANKNIFTY,,2026-12-29,2026-12-29,58400.00,CE,BANKNIFTY26DEC58400CE,0.00,0.00,0.00,933.05,0.00,933.05,54714.10,677.55,0,0,0,0.00,0,F1,30,,,,,
2026-10-05,2026-10-05,FO,NSE,IDO,76394,,BANKNIFTY,,2027-03-30,2027-03-30,54000.00,CE,BANKNIFTY27MAR54000CE,0.00,0.00,0.00,3970.55,0.00,3970.55,54714.10,3647.12,0,0,0,0.00,0,F1,30,,,,,
2026-10-05,2026-10-05,FO,NSE,IDO,70800,,BANKNIFTY,,2027-06-29,2027-06-29,63000.00,CE,BANKNIFTY27JUN63000CE,0.00,0.00,0.00,4124.65,0.00,4124.65,54714.10,1117.29,0,0,0,0.00,0,F1,30,,,,,
2026-10-05,2026-10-05,FO,NSE,IDO,70804,,BANKNIFTY,,2027-06-29,2027-06-29,66000.00,CE,BANKNIFTY27JUN66000CE,0.00,0.00,0.00,3102.40,0.00,3102.40,54714.10,625.05,0,0,0,0.00,0,F1,30,,,,,
2026-10-05,2026-10-05,FO,NSE,IDO,60181,,BANKNIFTY,,2027-09-28,2027-09-28,55500.00,CE,BANKNIFTY27SEP55500CE,0.00,0.00,0.00,5223.90,0.00,5223.90,54714.10,4641.54,0,0,0,0.00,0,F1,30,,,,,
2026-10-05,2026-10-05,FO,NSE,IDO,49319,,BANKNIFTY,,2026-10-27,2026-10-27,50400.00,PE,BANKNIFTY26OCT50400PE,77.70,78.10,42.65,60.20,61.40,75.95,54714.10,60.20,7290,-840,1212,1834571190.00,661,F1,30,,,,,
2026-10-05,2026-10-05,FO,NSE,IDO,49344,,BANKNIFTY,,2026-10-27,2026-10-27,51100.00,PE,BANKNIFTY26OCT51100PE,65.60,109.65,60.35,87.65,85.00,111.45,54714.10,87.65,20790,-300,1824,2801028630.00,1196,F1,30,,,,,
2026-10-05,2026-10-05,FO,NSE,IDO,49354,,BANKNIFTY,,2026-10-27,2026-10-27,51400.00,PE,BANKNIFTY26OCT51400PE,133.00,134.50,71.10,103.70,100.55,130.00,54714.10,103.70,11610,1290,1383,2136450307.50,708,F1,30,,,,,
2026-10-05,2026-10-05,FO,NSE,IDO,49376,,BANKNIFTY,,2026-10-27,2026-10-27,52400.00,PE,BANKNIFTY26OCT52400PE,220.00,245.95,103.80,195.00,186.80,232.55,54714.10,195.00,28170,2730,1781,2809507998.00,1164,F1,30,,,,,
2026-10-05,2026-10-05,FO,NSE,IDO,49378,,BANKNIFTY,,2026-10-27,2026-10-27,52500.00,PE,BANKNIFTY26OCT52500PE,211.00,263.05,136.60,204.85,200.15,242.80,54714.10,204.85,360720,-9060,24584,38855952681.00,16042,F1,30,,,,,
2026-10-05,2026-10-05,FO,NSE,IDO,49426,,BANKNIFTY,,2026-10-27,2026-10-27,54500.00,PE,BANKNIFTY26OCT54500PE,719.00,815.55,473.05,682.60,673.35,774.50,54714.10,682.60,426240,630,78712,130220514948.00,58451,F1,30,,,,,
2026-10-05,2026-10-05,FO,NSE,IDO,49456,,BANKNIFTY,,2026-10-27,2026-10-27,55400.00,PE,BANKNIFTY26OCT55400PE,980.25,1264.90,805.25,1110.50,1100.60,1213.30,54714.10,1110.50,43410,19410,6429,10866315363.00,5336,F1,30,,,,,
2026-10-05,2026-10-05,FO,NSE,IDO,49549,,BANKNIFTY,,2026-10-27,2026-10-27,59100.00,PE,BANKNIFTY26OCT59100PE,0.00,0.00,0.00,2184.70,2184.70,2184.70,54714.10,4220.43,450,0,0,0.00,0,F1,30,,,,,
2026-10-05,2026-10-05,FO,NSE,IDO,49626,,BANKNIFTY,,2026-10-27,2026-10-27,62300.00,PE,BANKNIFTY26OCT62300PE,0.00,0.00,0.00,5421.35,0.00,5421.35,54714.10,7380.26,0,0,0,0.00,0,F1,30,,,,,
2026-10-05,2026-10-05,FO,NSE,IDO,49640,,BANKNIFTY,,2026-10-27,2026-10-27,62700.00,PE,BANKNIFTY26OCT62700PE,0.00,0.00,0.00,5735.35,0.00,5735.35,54714.10,7778.69,0,0,0,0.00,0,F1,30,,,,,
2026-10-05,2026-10-05,FO,NSE,IDO,49644,,BANKNIFTY,,2026-10-27,2026-10-27,62800.00,PE,BANKNIFTY26OCT62800PE,0.00,0.00,0.00,5814.90,0.00,5814.90,54714.10,7878.32,0,0,0,0.00,0,F1,30,,,,,
2026-10-05,2026-10-05,FO,NSE,IDO,49664,,BANKNIFTY,,2026-10-27,2026-10-27,63700.00,PE,BANKNIFTY26OCT63700PE,0.00,0.00,0.00,6548.35,0.00,6548.35,54714.10,8775.15,0,0,0,0.00,0,F1,30,,,,,
2026-10-05,2026-10-05,FO,NSE,IDO,61968,,BANKNIFTY,,2026-11-23,2026-11-23,49000.00,PE,BANKNIFTY26NOV49000PE,82.15,126.50,81.65,97.35,97.35,155.10,54714.10,29.48,1770,1050,50,73659259.50,30,F1,30,,,,,
2026-10-05,2026-10-05,FO,NSE,IDO,62034,,BANKNIFTY,,2026-11-23,2026-11-23,50900.00,PE,BANKNIFTY26NOV50900PE,172.70,207.25,166.55,204.40,204.35,236.40,54714.10,204.40,1260,-210,25,38314213.50,16,F1,30,,,,,
2026-10-05,2026-10-05,FO,NSE,IDO,62064,,BANKNIFTY,,2026-11-23,2026-11-23,51500.00,PE,BANKNIFTY26NOV51500PE,210.00,305.75,210.00,258.80,259.60,301.85,54714.10,258.80,6420,3060,271,420593508.00,137,F1,30,,,,,
2026-10-05,2026-10-05,FO,NSE,IDO,62082,,BANKNIFTY,,2026-11-23,2026-11-23,52200.00,PE,BANKNIFTY26NOV52200PE,330.25,351.95,314.80,343.40,343.40,385.70,54714.10,343.40,480,120,7,11033118.00,4,F1,30,,,,,
2026-10-05,2026-10-05,FO,NSE,IDO,62088,,BANKNIFTY,,2026-11-23,2026-11-23,52500.00,PE,BANKNIFTY26NOV52500PE,290.25,464.20,290.25,394.65,395.80,438.20,54714.10,394.65,27120,6960,857,1359848719.50,493,F1,30,,,,,
2026-10-05,2026-10-05,FO,NSE,IDO,62092,,BANKNIFTY,,2026-11-23,2026-11-23,52700.00,PE,BANKNIFTY26NOV52700PE,361.10,460.00,346.30,427.90,430.00,394.35,54714.10,427.90,1020,120,40,63702720.00,28,F1,30,,,,,
2026-10-05,2026-10-05,FO,NSE,IDO,62116,,BANKNIFTY,,2026-11-23,2026-11-23,53700.00,PE,BANKNIFTY26NOV53700PE,511.30,663.65,511.30,638.05,638.05,702.40,54714.10,638.05,570,120,10,16293465.00,8,F1,30,,,,,
2026-10-05,2026-10-05,FO,NSE,IDO,62140,,BANKNIFTY,,2026-11-23,2026-11-23,54200.00,PE,BANKNIFTY26NOV54200PE,657.70,882.35,635.25,806.80,806.80,863.65,54714.10,806.80,1200,240,40,65948488.50,30,F1,30,,,,,
2026-10-05,2026-10-05,FO,NSE,IDO,62150,,BANKNIFTY,,2026-11-23,2026-11-23,54700.00,PE,BANKNIFTY26NOV54700PE,776.35,1053.00,766.75,969.75,967.45,1059.50,54714.10,969.75,1770,270,121,201878455.50,91,F1,30,,,,,
2026-10-05,2026-10-05,FO,NSE,IDO,62208,,BANKNIFTY,,2026-11-23,2026-11-23,57000.00,PE,BANKNIFTY26NOV57000PE,1923.30,2350.00,1800.00,2200.80,2188.65,2322.05,54714.10,2200.80,397380,145200,7135,12638197143.00,3561,F1,30,,,,,
2026-10-05,2026-10-05,FO,NSE,IDO,62232,,BANKNIFTY,,2026-11-23,2026-11-23,57800.00,PE,BANKNIFTY26NOV57800PE,0.00,0.00,0.00,2769.65,2773.15,2769.65,54714.10,3072.84,330,0,0,0.00,0,F1,30,,,,,
2026-10-05,2026-10-05,FO,NSE,IDO,76426,,BANKNIFTY,,2027-03-30,2027-03-30,63000.00,PE,BANKNIFTY27MAR63000PE,0.00,0.00,0.00,9669.30,0.00,9669.30,54714.10,7181.48,0,0,0,0.00,0,F1,30,,,,,
2026-10-05,2026-10-05,FO,NSE,IDO,76389,,BANKNIFTY,,2027-03-30,2027-03-30,49500.00,PE,BANKNIFTY27MAR49500PE,0.00,0.00,0.00,2038.80,0.00,2038.80,54714.10,391.93,0,0,0,0.00,0,F1,30,,,,,
2026-10-05,2026-10-05,FO,NSE,IDO,53245,,BANKNIFTY,,2026-12-29,2026-12-29,61500.00,PE,BANKNIFTY26DEC61500PE,0.00,0.00,0.00,6200.00,6200.00,6200.00,54714.10,6204.47,420,0,0,0.00,0,F1,30,,,,,
2026-10-05,2026-10-05,FO,NSE,IDO,59896,,BANKNIFTY,,2026-12-29,2026-12-29,61000.00,PE,BANKNIFTY26DEC61000PE,0.00,0.00,0.00,6282.30,0.00,6282.30,54714.10,5758.42,0,0,0,0.00,0,F1,30,,,,,
2026-10-05,2026-10-05,FO,NSE,IDO,62011,,BANKNIFTY,,2026-11-23,2026-11-23,50000.00,CE,BANKNIFTY26NOV50000CE,5529.45,5700.00,5186.75,5200.00,5200.00,5100.00,54714.10,5151.11,2730,210,14,23268306.00,7,F1,30,,,,,
2026-10-05,2026-10-05,FO,NSE,IDO,62073,,BANKNIFTY,,2026-11-23,2026-11-23,51800.00,CE,BANKNIFTY26NOV51800CE,0.00,0.00,0.00,6793.10,0.00,6793.10,54714.10,3544.41,0,0,0,0.00,0,F1,30,,,,,
2026-10-05,2026-10-05,FO,NSE,IDO,62075,,BANKNIFTY,,2026-11-23,2026-11-23,51900.00,CE,BANKNIFTY26NOV51900CE,0.00,0.00,0.00,6707.25,0.00,6707.25,54714.10,3461.21,0,0,0,0.00,0,F1,30,,,,,
2026-10-05,2026-10-05,FO,NSE,IDO,62097,,BANKNIFTY,,2026-11-23,2026-11-23,53000.00,CE,BANKNIFTY26NOV53000CE,2800.00,3025.30,2600.00,2651.40,2655.55,2555.20,54714.10,2651.40,9360,150,78,130773606.00,57,F1,30,,,,,
2026-10-05,2026-10-05,FO,NSE,IDO,62123,,BANKNIFTY,,2026-11-23,2026-11-23,53800.00,CE,BANKNIFTY26NOV53800CE,0.00,0.00,0.00,1916.40,1916.40,1916.40,54714.10,2055.20,690,0,0,0.00,0,F1,30,,,,,
2026-10-05,2026-10-05,FO,NSE,IDO,62153,,BANKNIFTY,,2026-11-23,2026-11-23,54900.00,CE,BANKNIFTY26NOV54900CE,1557.10,1557.10,1302.10,1354.40,1354.40,1299.60,54714.10,1354.40,630,90,14,23657355.00,11,F1,30,,,,,
2026-10-05,2026-10-05,FO,NSE,IDO,62163,,BANKNIFTY,,2026-11-23,2026-11-23,55400.00,CE,BANKNIFTY26NOV55400CE,1243.75,1291.25,1060.00,1073.90,1060.05,1015.75,54714.10,1073.90,2280,330,63,106957800.00,54,F1,30,,,,,
2026-10-05,2026-10-05,FO,NSE,IDO,62174,,BANKNIFTY,,2026-11-23,2026-11-23,55700.00,CE,BANKNIFTY26NOV55700CE,1061.05,1128.55,893.80,928.30,911.30,877.95,54714.10,928.30,2850,30,89,151507785.00,80,F1,30,,,,,
2026-10-05,2026-10-05,FO,NSE,IDO,62177,,BANKNIFTY,,2026-11-23,2026-11-23,55800.00,CE,BANKNIFTY26NOV55800CE,1006.30,1076.60,831.15,885.20,885.20,830.95,54714.10,885.20,4170,330,145,246895537.50,124,F1,30,,,,,
2026-10-05,2026-10-05,FO,NSE,IDO,62289,,BANKNIFTY,,2026-11-23,2026-11-23,59400.00,CE,BANKNIFTY26NOV59400CE,0.00,0.00,0.00,1850.90,0.00,1850.90,54714.10,174.88,0,0,0,0.00,0,F1,30,,,,,
2026-10-05,2026-10-05,FO,NSE,IDO,62299,,BANKNIFTY,,2026-11-23,2026-11-23,59900.00,CE,BANKNIFTY26NOV59900CE,0.00,0.00,0.00,1656.00,0.00,1656.00,54714.10,130.37,0,0,0,0.00,0,F1,30,,,,,
2026-10-05,2026-10-05,FO,NSE,IDO,62317,,BANKNIFTY,,2026-11-23,2026-11-23,60700.00,CE,BANKNIFTY26NOV60700CE,0.00,0.00,0.00,1376.40,0.00,1376.40,54714.10,79.44,0,0,0,0.00,0,F1,30,,,,,
2026-10-05,2026-10-05,FO,NSE,IDO,62337,,BANKNIFTY,,2026-11-23,2026-11-23,61100.00,CE,BANKNIFTY26NOV61100CE,0.00,0.00,0.00,1250.85,0.00,1250.85,54714.10,61.29,0,0,0,0.00,0,F1,30,,,,,
2026-10-05,2026-10-05,FO,NSE,IDO,53214,,BANKNIFTY,,2026-12-29,2026-12-29,46500.00,CE,BANKNIFTY26DEC46500CE,0.00,0.00,0.00,15478.70,0.00,15478.70,54714.10,8824.40,0,0,0,0.00,0,F1,30,,,,,
2026-10-05,2026-10-05,FO,NSE,IDO,59436,,BANKNIFTY,,2026-12-29,2026-12-29,49000.00,CE,BANKNIFTY26DEC49000CE,0.00,0.00,0.00,6270.45,0.00,6270.45,54714.10,6442.91,0,0,0,0.00,0,F1,30,,,,,
2026-10-05,2026-10-05,FO,NSE,IDO,59467,,BANKNIFTY,,2026-12-29,2026-12-29,50400.00,CE,BANKNIFTY26DEC50400CE,0.00,0.00,0.00,5113.80,0.00,5113.80,54714.10,5187.69,0,0,0,0.00,0,F1,30,,,,,
2026-10-05,2026-10-05,FO,NSE,IDO,59501,,BANKNIFTY,,2026-12-29,2026-12-29,52200.00,CE,BANKNIFTY26DEC52200CE,0.00,0.00,0.00,3786.75,0.00,3786.75,54714.10,3724.21,0,0,0,0.00,0,F1,30,,,,,
2026-10-05,2026-10-05,FO,NSE,IDO,59525,,BANKNIFTY,,2026-12-29,2026-12-29,53500.00,CE,BANKNIFTY26DEC53500CE,0.00,0.00,0.00,2962.80,0.00,2962.80,54714.10,2810.93,0,0,0,0.00,0,F1,30,,,,,
2026-10-05,2026-10-05,FO,NSE,IDO,59529,,BANKNIFTY,,2026-12-29,2026-12-29,53700.00,CE,BANKNIFTY26DEC53700CE,0.00,0.00,0.00,2846.75,0.00,2846.75,54714.10,2682.83,0,0,0,0.00,0,F1,30,,,,,
2026-10-05,2026-10-05,FO,NSE,IDO,59547,,BANKNIFTY,,2026-12-29,2026-12-29,54700.00,CE,BANKNIFTY26DEC54700CE,0.00,0.00,0.00,1839.75,1839.75,1839.75,54714.10,2095.18,180,0,0,0.00,0,F1,30,,,,,
2026-10-05,2026-10-05,FO,NSE,IDO,59549,,BANKNIFTY,,2026-12-29,2026-12-29,54800.00,CE,BANKNIFTY26DEC54800CE,0.00,0.00,0.00,1764.00,1764.00,1764.00,54714.10,2041.34,180,0,0,0.00,0,F1,30,,,,,
2026-10-05,2026-10-05,FO,NSE,IDO,59557,,BANKNIFTY,,2026-12-29,2026-12-29,55200.00,CE,BANKNIFTY26DEC55200CE,1628.70,1628.70,1628.70,1628.70,1628.70,1590.25,54714.10,1835.02,240,-30,1,1704861.00,1,F1,30,,,,,
2026-10-05,2026-10-05,FO,NSE,IDO,59873,,BANKNIFTY,,2026-12-29,2026-12-29,60400.00,CE,BANKNIFTY26DEC60400CE,0.00,0.00,0.00,524.55,0.00,524.55,54714.10,318.37,0,0,0,0.00,0,F1,30,,,,,
2026-10-05,2026-10-05,FO,NSE,IDO,76392,,BANKNIFTY,,2027-03-30,2027-03-30,52500.00,CE,BANKNIFTY27MAR52500CE,0.00,0.00,0.00,4655.40,0.00,4655.40,54714.10,4611.54,0,0,0,0.00,0,F1,30,,,,,
2026-10-05,2026-10-05,FO,NSE,IDO,76429,,BANKNIFTY,,2027-03-30,2027-03-30,64500.00,CE,BANKNIFTY27MAR64500CE,0.00,0.00,0.00,1094.95,0.00,1094.95,54714.10,365.72,0,0,0,0.00,0,F1,30,,,,,
2026-10-05,2026-10-05,FO,NSE,IDO,70758,,BANKNIFTY,,2027-06-29,2027-06-29,48000.00,CE,BANKNIFTY27JUN48000CE,0.00,0.00,0.00,13091.35,0.00,13091.35,54714.10,8986.17,0,0,0,0.00,0,F1,30,,,,,
2026-10-05,2026-10-05,FO,NSE,IDO,60179,,BANKNIFTY,,2027-09-28,2027-09-28,54000.00,CE,BANKNIFTY27SEP54000CE,0.00,0.00,0.00,6018.30,0.00,6018.30,54714.10,5490.56,0,0,0,0.00,0,F1,30,,,,,
2026-10-05,2026-10-05,FO,NSE,IDO,49253,,BANKNIFTY,,2026-10-27,2026-10-27,47500.00,PE,BANKNIFTY26OCT47500PE,27.95,27.95,16.05,20.25,19.80,27.30,54714.10,20.25,31590,13380,3699,5273348106.00,2044,F1,30,,,,,
2026-10-05,2026-10-05,FO,NSE,IDO,49390,,BANKNIFTY,,2026-10-27,2026-10-27,53100.00,PE,BANKNIFTY26OCT53100PE,243.25,375.95,198.00,299.90,291.75,347.85,54714.10,299.90,20940,-4080,4459,7140765606.00,2859,F1,30,,,,,
2026-10-05,2026-10-05,FO,NSE,IDO,49526,,BANKNIFTY,,2026-10-27,2026-10-27,58200.00,PE,BANKNIFTY26OCT58200PE,0.00,0.00,0.00,3800.00,3800.00,3800.00,54714.10,3367.59,2730,0,0,0.00,0,F1,30,,,,,
2026-10-05,2026-10-05,FO,NSE,IDO,49553,,BANKNIFTY,,2026-10-27,2026-10-27,59200.00,PE,BANKNIFTY26OCT59200PE,0.00,0.00,0.00,4318.10,4318.10,4318.10,54714.10,4317.05,300,0,0,0.00,0,F1,30,,,,,
2026-10-05,2026-10-05,FO,NSE,IDO,49568,,BANKNIFTY,,2026-10-27,2026-10-27,59800.00,PE,BANKNIFTY26OCT59800PE,0.00,0.00,0.00,3271.10,3271.10,3271.10,54714.10,4901.91,150,0,0,0.00,0,F1,30,,,,,
2026-10-05,2026-10-05,FO,NSE,IDO,49588,,BANKNIFTY,,2026-10-27,2026-10-27,60700.00,PE,BANKNIFTY26OCT60700PE,0.00,0.00,0.00,4238.45,0.00,4238.45,54714.10,5789.73,0,0,0,0.00,0,F1,30,,,,,
2026-10-05,2026-10-05,FO,NSE,IDO,49604,,BANKNIFTY,,2026-10-27,2026-10-27,61400.00,PE,BANKNIFTY26OCT61400PE,0.00,0.00,0.00,4740.05,0.00,4740.05,54714.10,6484.59,0,0,0,0.00,0,F1,30,,,,,
2026-10-05,2026-10-05,FO,NSE,IDO,49678,,BANKNIFTY,,2026-10-27,2026-10-27,64000.00,PE,BANKNIFTY26OCT64000PE,0.00,0.00,0.00,8680.00,8680.00,8680.00,54714.10,9074.13,3300,0,0,0.00,0,F1,30,,,,,
2026-10-05,2026-10-05,FO,NSE,IDO,61906,,BANKNIFTY,,2026-11-23,2026-11-23,47000.00,PE,BANKNIFTY26NOV47000PE,55.00,55.00,55.00,55.00,55.00,65.45,54714.10,55.00,1110,30,1,1411650.00,1,F1,30,,,,,
2026-10-05,2026-10-05,FO,NSE,IDO,61926,,BANKNIFTY,,2026-11-23,2026-11-23,47500.00,PE,BANKNIFTY26NOV47500PE,0.00,0.00,0.00,37.85,0.00,37.85,54714.10,6.62,0,0,0,0.00,0,F1,30,,,,,
2026-10-05,2026-10-05,FO,NSE,IDO,61942,,BANKNIFTY,,2026-11-23,2026-11-23,48000.00,PE,BANKNIFTY26NOV48000PE,70.15,85.05,58.80,74.05,69.05,87.35,54714.10,74.05,10320,2610,157,226416003.00,103,F1,30,,,,,
2026-10-05,2026-10-05,FO,NSE,IDO,59521,,BANKNIFTY,,2026-12-29,2026-12-29,53300.00,CE,BANKNIFTY26DEC53300CE,0.00,0.00,0.00,3081.75,0.00,3081.75,54714.10,2942.46,0,0,0,0.00,0,F1,30,,,,,
2026-10-05,2026-10-05,FO,NSE,IDO,59605,,BANKNIFTY,,2026-12-29,2026-12-29,55800.00,CE,BANKNIFTY26DEC55800CE,1306.25,1378.05,1306.25,1378.05,1378.05,1293.20,54714.10,1552.49,420,-120,4,6859212.00,2,F1,30,,,,,
2026-10-05,2026-10-05,FO,NSE,IDO,59680,,BANKNIFTY,,2026-12-29,2026-12-29,56800.00,CE,BANKNIFTY26DEC56800CE,939.35,939.35,868.50,868.50,868.50,793.10,54714.10,1151.72,1500,150,6,10385193.00,3,F1,30,,,,,
2026-10-05,2026-10-05,FO,NSE,IDO,59818,,BANKNIFTY,,2026-12-29,2026-12-29,58100.00,CE,BANKNIFTY26DEC58100CE,0.00,0.00,0.00,1012.20,0.00,1012.20,54714.10,752.16,0,0,0,0.00,0,F1,30,,,,,
2026-10-05,2026-10-05,FO,NSE,IDO,59830,,BANKNIFTY,,2026-12-29,2026-12-29,58800.00,CE,BANKNIFTY26DEC58800CE,0.00,0.00,0.00,838.10,0.00,838.10,54714.10,587.35,0,0,0,0.00,0,F1,30,,,,,
2026-10-05,2026-10-05,FO,NSE,IDO,59867,,BANKNIFTY,,2026-12-29,2026-12-29,60200.00,CE,BANKNIFTY26DEC60200CE,0.00,0.00,0.00,557.20,0.00,557.20,54714.10,344.93,0,0,0,0.00,0,F1,30,,,,,
2026-10-05,2026-10-05,FO,NSE,IDO,76396,,BANKNIFTY,,2027-03-30,2027-03-30,55500.00,CE,BANKNIFTY27MAR55500CE,0.00,0.00,0.00,3363.80,0.00,3363.80,54714.10,2818.22,0,0,0,0.00,0,F1,30,,,,,
2026-10-05,2026-10-05,FO,NSE,IDO,76425,,BANKNIFTY,,2027-03-30,2027-03-30,63000.00,CE,BANKNIFTY27MAR63000CE,290.00,300.00,250.00,257.65,250.00,280.75,54714.10,257.65,10830,-120,40,75937977.00,30,F1,30,,,,,
2026-10-05,2026-10-05,FO,NSE,IDO,70792,,BANKNIFTY,,2027-06-29,2027-06-29,57000.00,CE,BANKNIFTY27JUN57000CE,0.00,0.00,0.00,6924.35,0.00,6924.35,54714.10,3042.87,0,0,0,0.00,0,F1,30,,,,,
2026-10-05,2026-10-05,FO,NSE,IDO,60162,,BANKNIFTY,,2027-09-28,2027-09-28,48000.00,CE,BANKNIFTY27SEP48000CE,0.00,0.00,0.00,9952.90,0.00,9952.90,54714.10,9749.89,0,0,0,0.00,0,F1,30,,,,,
2026-10-05,2026-10-05,FO,NSE,IDO,60166,,BANKNIFTY,,2027-09-28,2027-09-28,51000.00,CE,BANKNIFTY27SEP51000CE,0.00,0.00,0.00,7840.80,0.00,7840.80,54714.10,7459.14,0,0,0,0.00,0,F1,30,,,,,
2026-10-05,2026-10-05,FO,NSE,IDO,60185,,BANKNIFTY,,2027-09-28,2027-09-28,58500.00,CE,BANKNIFTY27SEP58500CE,0.00,0.00,0.00,3864.00,0.00,3864.00,54714.10,3220.83,0,0,0,0.00,0,F1,30,,,,,
2026-10-05,2026-10-05,FO,NSE,IDO,49243,,BANKNIFTY,,2026-10-27,2026-10-27,47000.00,PE,BANKNIFTY26OCT47000PE,24.85,25.00,14.60,17.60,17.40,24.45,54714.10,17.60,163200,39840,13270,18717683544.00,6482,F1,30,,,,,
2026-10-05,2026-10-05,FO,NSE,IDO,49309,,BANKNIFTY,,2026-10-27,2026-10-27,49900.00,PE,BANKNIFTY26OCT49900PE,44.00,58.55,34.15,44.30,49.70,213.30,54714.10,44.30,2880,2880,403,603855403.50,246,F1,30,,,,,
2026-10-05,2026-10-05,FO,NSE,IDO,49325,,BANKNIFTY,,2026-10-27,2026-10-27,50700.00,PE,BANKNIFTY26OCT50700PE,84.65,92.20,47.70,66.90,65.75,87.75,54714.10,66.90,6210,30,890,1355494546.50,474,F1,30,,,,,
2026-10-05,2026-10-05,FO,NSE,IDO,49352,,BANKNIFTY,,2026-10-27,2026-10-27,51300.00,PE,BANKNIFTY26OCT51300PE,114.60,128.20,65.60,98.10,95.00,121.20,54714.10,98.10,7830,-4230,1301,2005839268.50,664,F1,30,,,,,
2026-10-05,2026-10-05,FO,NSE,IDO,49364,,BANKNIFTY,,2026-10-27,2026-10-27,51800.00,PE,BANKNIFTY26OCT51800PE,100.05,173.25,90.40,133.90,131.10,164.75,54714.10,133.90,23400,8190,2459,3830965740.00,1816,F1,30,,,,,
2026-10-05,2026-10-05,FO,NSE,IDO,49418,,BANKNIFTY,,2026-10-27,2026-10-27,54100.00,PE,BANKNIFTY26OCT54100PE,439.75,659.45,374.45,543.05,533.05,614.55,54714.10,543.05,37800,-60,9311,15255895122.00,7040,F1,30,,,,,
2026-10-05,2026-10-05,FO,NSE,IDO,49434,,BANKNIFTY,,2026-10-27,2026-10-27,54800.00,PE,BANKNIFTY26OCT54800PE,778.40,952.90,567.10,806.00,800.55,902.70,54714.10,806.00,117630,18180,52060,86757519853.50,41536,F1,30,,,,,
2026-10-05,2026-10-05,FO,NSE,IDO,49442,,BANKNIFTY,,2026-10-27,2026-10-27,55000.00,PE,BANKNIFTY26OCT55000PE,859.00,1048.10,640.00,899.55,885.95,998.20,54714.10,899.55,852000,111720,127780,213970415383.50,90989,F1,30,,,,,
2026-10-05,2026-10-05,FO,NSE,IDO,49502,,BANKNIFTY,,2026-10-27,2026-10-27,57300.00,PE,BANKNIFTY26OCT57300PE,2077.60,2375.25,2066.45,2375.25,2375.25,2796.40,54714.10,2562.07,10590,0,7,12487461.00,7,F1,30,,,,,
2026-10-05,2026-10-05,FO,NSE,IDO,49506,,BANKNIFTY,,2026-10-27,2026-10-27,57500.00,PE,BANKNIFTY26OCT57500PE,2300.00,2891.65,2210.00,2664.30,2705.20,2806.00,54714.10,2664.30,355080,1650,213,383760508.50,138,F1,30,,,,,
2026-10-05,2026-10-05,FO,NSE,IDO,49544,,BANKNIFTY,,2026-10-27,2026-10-27,58900.00,PE,BANKNIFTY26OCT58900PE,0.00,0.00,0.00,2855.35,2855.35,2855.35,54714.10,4028.10,3630,0,0,0.00,0,F1,30,,,,,
2026-10-05,2026-10-05,FO,NSE,IDO,49580,,BANKNIFTY,,2026-10-27,2026-10-27,60300.00,PE,BANKNIFTY26OCT60300PE,0.00,0.00,0.00,3225.00,3225.00,3225.00,54714.10,5394.06,90,0,0,0.00,0,F1,30,,,,,
2026-10-05,2026-10-05,FO,NSE,IDO,49602,,BANKNIFTY,,2026-10-27,2026-10-27,61300.00,PE,BANKNIFTY26OCT61300PE,0.00,0.00,0.00,4666.85,0.00,4666.85,54714.10,6385.20,0,0,0,0.00,0,F1,30,,,,,
2026-10-05,2026-10-05,FO,NSE,IDO,49610,,BANKNIFTY,,2026-10-27,2026-10-27,61600.00,PE,BANKNIFTY26OCT61600PE,0.00,0.00,0.00,4890.60,0.00,4890.60,54714.10,6683.48,0,0,0,0.00,0,F1,30,,,,,
2026-10-05,2026-10-05,FO,NSE,IDO,49622,,BANKNIFTY,,2026-10-27,2026-10-27,62100.00,PE,BANKNIFTY26OCT62100PE,0.00,0.00,0.00,5266.95,0.00,5266.95,54714.10,7181.10,0,0,0,0.00,0,F1,30,,,,,
2026-10-05,2026-10-05,FO,NSE,IDO,49652,,BANKNIFTY,,2026-10-27,2026-10-27,63200.00,PE,BANKNIFTY26OCT63200PE,0.00,0.00,0.00,6137.05,0.00,6137.05,54714.10,8276.88,0,0,0,0.00,0,F1,30,,,,,
2026-10-05,2026-10-05,FO,NSE,IDO,49676,,BANKNIFTY,,2026-10-27,2026-10-27,63900.00,PE,BANKNIFTY26OCT63900PE,0.00,0.00,0.00,6715.40,0.00,6715.40,54714.10,8974.47,0,0,0,0.00,0,F1,30,,,,,
2026-10-05,2026-10-05,FO,NSE,IDO,62018,,BANKNIFTY,,2026-11-23,2026-11-23,50300.00,PE,BANKNIFTY26NOV50300PE,140.50,174.75,140.50,174.75,174.75,188.85,54714.10,87.56,330,120,4,6053887.50,2,F1,30,,,,,
2026-10-05,2026-10-05,FO,NSE,IDO,62060,,BANKNIFTY,,2026-11-23,2026-11-23,51400.00,PE,BANKNIFTY26NOV51400PE,0.00,0.00,0.00,280.55,280.50,280.55,54714.10,192.46,570,0,0,0.00,0,F1,30,,,,,
2026-10-05,2026-10-05,FO,NSE,IDO,62100,,BANKNIFTY,,2026-11-23,2026-11-23,53100.00,PE,BANKNIFTY26NOV53100PE,425.10,497.70,397.10,488.65,488.65,693.60,54714.10,526.20,750,150,14,22496212.50,10,F1,30,,,,,
2026-10-05,2026-10-05,FO,NSE,IDO,62202,,BANKNIFTY,,2026-11-23,2026-11-23,56700.00,PE,BANKNIFTY26NOV56700PE,1700.35,2018.95,1700.35,2016.60,2016.60,1832.90,54714.10,2259.75,1110,180,10,17580840.00,10,F1,30,,,,,
2026-10-05,2026-10-05,FO,NSE,IDO,62314,,BANKNIFTY,,2026-11-23,2026-11-23,60500.00,PE,BANKNIFTY26NOV60500PE,0.00,0.00,0.00,3529.70,0.00,3529.70,54714.10,5431.02,0,0,0,0.00,0,F1,30,,,,,
2026-10-05,2026-10-05,FO,NSE,IDO,62484,,BANKNIFTY,,2026-11-23,2026-11-23,62300.00,PE,BANKNIFTY26NOV62300PE,7068.25,7068.25,7068.25,7068.25,7068.25,4790.05,54714.10,7154.48,30,30,1,2081047.50,1,F1,30,,,,,
2026-10-05,2026-10-05,FO,NSE,IDO,62486,,BANKNIFTY,,2026-11-23,2026-11-23,62400.00,PE,BANKNIFTY26NOV62400PE,7167.15,7167.15,7167.15,7167.15,7167.15,4865.10,54714.10,7251.88,30,30,1,2087014.50,1,F1,30,,,,,
2026-10-05,2026-10-05,FO,NSE,IDO,59478,,BANKNIFTY,,2026-12-29,2026-12-29,50900.00,PE,BANKNIFTY26DEC50900PE,251.40,251.40,251.40,251.40,251.40,394.10,54714.10,299.55,390,90,3,4603626.00,1,F1,30,,,,,
2026-10-05,2026-10-05,FO,NSE,IDO,59504,,BANKNIFTY,,2026-12-29,2026-12-29,52300.00,PE,BANKNIFTY26DEC52300PE,410.70,489.40,410.70,489.40,489.40,522.15,54714.10,489.40,210,90,7,11078949.00,3,F1,30,,,,,
2026-10-05,2026-10-05,FO,NSE,IDO,53227,,BANKNIFTY,,2026-12-29,2026-12-29,55500.00,PE,BANKNIFTY26DEC55500PE,1249.95,1531.95,1184.60,1427.65,1432.65,1518.05,54714.10,1427.65,39990,180,145,247112488.50,97,F1,30,,,,,
2026-10-05,2026-10-05,FO,NSE,IDO,59608,,BANKNIFTY,,2026-12-29,2026-12-29,55900.00,PE,BANKNIFTY26DEC55900PE,0.00,0.00,0.00,1808.80,1808.80,1808.80,54714.10,1983.01,540,0,0,0.00,0,F1,30,,,,,
2026-10-05,2026-10-05,FO,NSE,IDO,59625,,BANKNIFTY,,2026-12-29,2026-12-29,56300.00,PE,BANKNIFTY26DEC56300PE,0.00,0.00,0.00,2817.25,0.00,2817.25,54714.10,2210.78,0,0,0,0.00,0,F1,30,,,,,
2026-10-05,2026-10-05,FO,NSE,IDO,59691,,BANKNIFTY,,2026-12-29,2026-12-29,56800.00,PE,BANKNIFTY26DEC56800PE,2256.55,2256.55,2218.75,2218.75,2218.75,3125.20,54714.10,2514.76,180,180,6,10626777.00,2,F1,30,,,,,
2026-10-05,2026-10-05,FO,NSE,IDO,62350,,BANKNIFTY,,2026-11-23,2026-11-23,61400.00,CE,BANKNIFTY26NOV61400CE,0.00,0.00,0.00,1162.60,0.00,1162.60,54714.10,50.20,0,0,0,0.00,0,F1,30,,,,,
2026-10-05,2026-10-05,FO,NSE,IDO,59847,,BANKNIFTY,,2026-12-29,2026-12-29,59500.00,PE,BANKNIFTY26DEC59500PE,0.00,0.00,0.00,3824.55,3824.55,3824.55,54714.10,4481.60,150,0,0,0.00,0,F1,30,,,,,
2026-10-05,2026-10-05,FO,NSE,IDO,59870,,BANKNIFTY,,2026-12-29,2026-12-29,60200.00,PE,BANKNIFTY26DEC60200PE,0.00,0.00,0.00,5615.25,0.00,5615.25,54714.10,5064.69,0,0,0,0.00,0,F1,30,,,,,
2026-10-05,2026-10-05,FO,NSE,IDO,53249,,BANKNIFTY,,2026-12-29,2026-12-29,64500.00,PE,BANKNIFTY26DEC64500PE,0.00,0.00,0.00,4582.05,0.00,4582.05,54714.10,9014.54,0,0,0,0.00,0,F1,30,,,,,
2026-10-05,2026-10-05,FO,NSE,IDO,76397,,BANKNIFTY,,2027-03-30,2027-03-30,55500.00,PE,BANKNIFTY27MAR55500PE,0.00,0.00,0.00,4717.35,0.00,4717.35,54714.10,2151.58,0,0,0,0.00,0,F1,30,,,,,
2026-10-05,2026-10-05,FO,NSE,IDO,76399,,BANKNIFTY,,2027-03-30,2027-03-30,57000.00,PE,BANKNIFTY27MAR57000PE,2022.90,2299.80,2022.90,2100.00,2100.00,2299.70,54714.10,2920.83,7500,240,21,37273329.00,19,F1,30,,,,,
2026-10-05,2026-10-05,FO,NSE,IDO,76432,,BANKNIFTY,,2027-03-30,2027-03-30,64500.00,PE,BANKNIFTY27MAR64500PE,0.00,0.00,0.00,10820.75,0.00,10820.75,54714.10,8463.53,0,0,0,0.00,0,F1,30,,,,,
2026-10-05,2026-10-05,FO,NSE,IDO,70748,,BANKNIFTY,,2027-06-29,2027-06-29,46500.00,PE,BANKNIFTY27JUN46500PE,0.00,0.00,0.00,484.00,0.00,484.00,54714.10,229.42,0,0,0,0.00,0,F1,30,,,,,
2026-10-05,2026-10-05,FO,NSE,IDO,60182,,BANKNIFTY,,2027-09-28,2027-09-28,55500.00,PE,BANKNIFTY27SEP55500PE,0.00,0.00,0.00,3282.20,0.00,3282.20,54714.10,2512.81,0,0,0,0.00,0,F1,30,,,,,
2026-10-05,2026-10-05,FO,NSE,IDO,62268,,BANKNIFTY,,2026-11-23,2026-11-23,58600.00,PE,BANKNIFTY26NOV58600PE,0.00,0.00,0.00,2411.65,0.00,2411.65,54714.10,3727.54,0,0,0,0.00,0,F1,30,,,,,
2026-10-05,2026-10-05,FO,NSE,IDO,62294,,BANKNIFTY,,2026-11-23,2026-11-23,59600.00,PE,BANKNIFTY26NOV59600PE,0.00,0.00,0.00,2971.45,0.00,2971.45,54714.10,4603.18,0,0,0,0.00,0,F1,30,,,,,
2026-10-05,2026-10-05,FO,NSE,IDO,62306,,BANKNIFTY,,2026-11-23,2026-11-23,60100.00,PE,BANKNIFTY26NOV60100PE,0.00,0.00,0.00,3275.40,0.00,3275.40,54714.10,5059.31,0,0,0,0.00,0,F1,30,,,,,
2026-10-05,2026-10-05,FO,NSE,IDO,53217,,BANKNIFTY,,2026-12-29,2026-12-29,48000.00,PE,BANKNIFTY26DEC48000PE,133.00,153.00,99.95,130.15,136.55,128.80,54714.10,130.15,15930,1290,87,125595792.00,58,F1,30,,,,,
2026-10-05,2026-10-05,FO,NSE,IDO,59492,,BANKNIFTY,,2026-12-29,2026-12-29,51700.00,PE,BANKNIFTY26DEC51700PE,324.40,442.85,324.40,442.85,442.85,420.50,54714.10,437.79,300,150,7,10933152.00,5,F1,30,,,,,
2026-10-05,2026-10-05,FO,NSE,IDO,59506,,BANKNIFTY,,2026-12-29,2026-12-29,52400.00,PE,BANKNIFTY26DEC52400PE,420.65,557.15,420.65,504.50,504.50,551.05,54714.10,594.06,180,150,19,30132579.00,10,F1,30,,,,,
2026-10-05,2026-10-05,FO,NSE,IDO,59516,,BANKNIFTY,,2026-12-29,2026-12-29,53000.00,PE,BANKNIFTY26DEC53000PE,522.60,689.00,501.55,613.40,614.80,659.30,54714.10,613.40,2910,1350,173,278075265.00,114,F1,30,,,,,
2026-10-05,2026-10-05,FO,NSE,IDO,59546,,BANKNIFTY,,2026-12-29,2026-12-29,54600.00,PE,BANKNIFTY26DEC54600PE,1089.75,1095.40,1054.95,1074.50,1074.50,1171.80,54714.10,1340.95,330,-60,7,11692783.50,7,F1,30,,,,,
2026-10-05,2026-10-05,FO,NSE,IDO,59563,,BANKNIFTY,,2026-12-29,2026-12-29,55400.00,PE,BANKNIFTY26DEC55400PE,1163.00,1182.65,1163.00,1182.65,1182.65,1265.50,54714.10,1718.12,510,150,5,8485878.00,3,F1,30,,,,,
2026-10-05,2026-10-05,FO,NSE,IDO,59635,,BANKNIFTY,,2026-12-29,2026-12-29,56500.00,PE,BANKNIFTY26DEC56500PE,1835.25,1835.25,1810.45,1810.45,1810.45,2030.00,54714.10,2329.84,900,0,2,3499371.00,2,F1,30,,,,,
2026-10-05,2026-10-05,FO,NSE,IDO,59802,,BANKNIFTY,,2026-12-29,2026-12-29,57600.00,PE,BANKNIFTY26DEC57600PE,0.00,0.00,0.00,3651.85,0.00,3651.85,54714.10,3043.48,0,0,0,0.00,0,F1,30,,,,,
2026-10-05,2026-10-05,FO,NSE,IDO,76418,,BANKNIFTY,,2027-03-30,2027-03-30,60000.00,PE,BANKNIFTY27MAR60000PE,0.00,0.00,0.00,7507.95,0.00,7507.95,54714.10,4843.17,0,0,0,0.00,0,F1,30,,,,,
2026-10-05,2026-10-05,FO,NSE,IDO,70801,,BANKNIFTY,,2027-06-29,2027-06-29,63000.00,PE,BANKNIFTY27JUN63000PE,0.00,0.00,0.00,5804.40,0.00,5804.40,54714.10,6918.83,0,0,0,0.00,0,F1,30,,,,,
2026-10-05,2026-10-05,FO,NSE,IDO,60188,,BANKNIFTY,,2027-09-28,2027-09-28,60000.00,PE,BANKNIFTY27SEP60000PE,0.00,0.00,0.00,5594.25,0.00,5594.25,54714.10,4779.38,0,0,0,0.00,0,F1,30,,,,,
2026-10-05,2026-10-05,FO,NSE,IDO,49371,,BANKNIFTY,,2026-10-27,2026-10-27,52200.00,CE,BANKNIFTY26OCT52200CE,0.00,0.00,0.00,5861.05,0.00,5861.05,54714.10,2795.58,0,0,0,0.00,0,F1,30,,,,,
2026-10-05,2026-10-05,FO,NSE,IDO,49389,,BANKNIFTY,,2026-10-27,2026-10-27,53100.00,CE,BANKNIFTY26OCT53100CE,2086.60,2190.50,2060.30,2146.75,2146.75,1995.20,54714.10,2038.83,300,90,12,19870747.50,6,F1,30,,,,,
2026-10-05,2026-10-05,FO,NSE,IDO,49425,,BANKNIFTY,,2026-10-27,2026-10-27,54500.00,CE,BANKNIFTY26OCT54500CE,1161.10,1408.80,1013.50,1093.70,1084.20,1043.90,54714.10,1093.70,287520,-73320,41620,69522816187.50,30156,F1,30,,,,,
2026-10-05,2026-10-05,FO,NSE,IDO,49367,,BANKNIFTY,,2026-10-27,2026-10-27,52000.00,CE,BANKNIFTY26OCT52000CE,3299.95,3500.50,2883.00,3021.80,3020.00,2945.30,54714.10,3021.80,42510,2730,377,623912161.50,246,F1,30,,,,,
2026-10-05,2026-10-05,FO,NSE,IDO,53220,,BANKNIFTY,,2026-12-29,2026-12-29,51000.00,CE,BANKNIFTY26DEC51000CE,0.00,0.00,0.00,11516.25,0.00,11516.25,54714.10,4677.84,0,0,0,0.00,0,F1,30,,,,,
2026-10-05,2026-10-05,FO,NSE,IDO,53218,,BANKNIFTY,,2026-12-29,2026-12-29,49500.00,CE,BANKNIFTY26DEC49500CE,0.00,0.00,0.00,12801.50,0.00,12801.50,54714.10,5985.57,0,0,0,0.00,0,F1,30,,,,,
2026-10-05,2026-10-05,FO,NSE,IDO,62708,,BANKNIFTY,,2026-11-23,2026-11-23,65500.00,CE,BANKNIFTY26NOV65500CE,12.20,12.20,12.20,12.20,12.20,11.85,54714.10,2.15,930,90,3,5896098.00,1,F1,30,,,,,
2026-10-05,2026-10-05,FO,NSE,IDO,62551,,BANKNIFTY,,2026-11-23,2026-11-23,63500.00,CE,BANKNIFTY26NOV63500CE,0.00,0.00,0.00,675.20,0.00,675.20,54714.10,11.01,0,0,0,0.00,0,F1,30,,,,,
2026-10-05,2026-10-05,FO,NSE,IDO,62489,,BANKNIFTY,,2026-11-23,2026-11-23,62600.00,CE,BANKNIFTY26NOV62600CE,0.00,0.00,0.00,860.75,0.00,860.75,54714.10,21.64,0,0,0,0.00,0,F1,30,,,,,
2026-10-05,2026-10-05,FO,NSE,IDO,62275,,BANKNIFTY,,2026-11-23,2026-11-23,59000.00,CE,BANKNIFTY26NOV59000CE,148.00,164.45,122.15,126.75,126.50,130.45,54714.10,126.75,67410,6990,1696,3009280420.50,1095,F1,30,,,,,
2026-10-05,2026-10-05,FO,NSE,IDO,62213,,BANKNIFTY,,2026-11-23,2026-11-23,57300.00,CE,BANKNIFTY26NOV57300CE,433.50,450.65,359.00,361.80,361.80,363.25,54714.10,361.80,6090,420,104,180022998.00,61,F1,30,,,,,
2026-10-05,2026-10-05,FO,NSE,IDO,62203,,BANKNIFTY,,2026-11-23,2026-11-23,56800.00,CE,BANKNIFTY26NOV56800CE,611.55,613.65,466.10,494.10,484.40,474.50,54714.10,494.10,13590,7410,392,674412279.00,225,F1,30,,,,,
2026-10-05,2026-10-05,FO,NSE,IDO,62189,,BANKNIFTY,,2026-11-23,2026-11-23,56300.00,CE,BANKNIFTY26NOV56300CE,774.30,818.15,633.30,658.80,646.50,632.90,54714.10,658.80,5730,1140,95,162543648.00,77,F1,30,,,,,
2026-10-05,2026-10-05,FO,NSE,IDO,62149,,BANKNIFTY,,2026-11-23,2026-11-23,54700.00,CE,BANKNIFTY26NOV54700CE,1670.20,1681.85,1456.50,1475.20,1475.20,1412.55,54714.10,1475.20,1350,30,74,124887745.50,51,F1,30,,,,,
2026-10-05,2026-10-05,FO,NSE,IDO,62141,,BANKNIFTY,,2026-11-23,2026-11-23,54300.00,CE,BANKNIFTY26NOV54300CE,1977.65,1994.65,1646.25,1671.65,1671.65,1653.20,54714.10,1749.34,3600,-120,14,23564467.50,8,F1,30,,,,,
2026-10-05,2026-10-05,FO,NSE,IDO,62089,,BANKNIFTY,,2026-11-23,2026-11-23,52600.00,CE,BANKNIFTY26NOV52600CE,0.00,0.00,0.00,6118.05,0.00,6118.05,54714.10,2902.25,0,0,0,0.00,0,F1,30,,,,,
2026-10-05,2026-10-05,FO,NSE,IDO,61925,,BANKNIFTY,,2026-11-23,2026-11-23,47500.00,CE,BANKNIFTY26NOV47500CE,0.00,0.00,0.00,10757.70,0.00,10757.70,54714.10,7570.14,0,0,0,0.00,0,F1,30,,,,,
2026-10-05,2026-10-05,FO,NSE,IDO,61905,,BANKNIFTY,,2026-11-23,2026-11-23,47000.00,CE,BANKNIFTY26NOV47000CE,0.00,0.00,0.00,11240.50,0.00,11240.50,54714.10,8063.63,0,0,0,0.00,0,F1,30,,,,,
2026-10-05,2026-10-05,FO,NSE,IDO,49697,,BANKNIFTY,,2026-10-27,2026-10-27,65000.00,CE,BANKNIFTY26OCT65000CE,3.35,3.60,2.70,2.85,2.80,3.40,54714.10,2.85,213000,28050,4750,9262935417.00,1471,F1,30,,,,,
2026-10-05,2026-10-05,FO,NSE,IDO,49471,,BANKNIFTY,,2026-10-27,2026-10-27,56200.00,CE,BANKNIFTY26OCT56200CE,340.00,480.20,310.25,334.30,329.45,328.80,54714.10,334.30,81240,10470,12253,20800554075.00,8496,F1,30,,,,,
2026-10-05,2026-10-05,FO,NSE,IDO,59724,,BANKNIFTY,,2026-12-29,2026-12-29,57400.00,CE,BANKNIFTY26DEC57400CE,801.75,801.75,695.90,715.95,715.95,671.00,54714.10,951.20,3450,840,29,50559388.50,12,F1,30,,,,,
2026-10-05,2026-10-05,FO,NSE,IDO,49499,,BANKNIFTY,,2026-10-27,2026-10-27,57200.00,CE,BANKNIFTY26OCT57200CE,182.50,195.85,129.20,135.80,132.50,139.25,54714.10,135.80,119790,-9090,7176,12347336406.00,3652,F1,30,,,,,
2026-10-05,2026-10-05,FO,NSE,IDO,49355,,BANKNIFTY,,2026-10-27,2026-10-27,51500.00,CE,BANKNIFTY26OCT51500CE,3542.75,3542.75,3542.75,3542.75,3542.75,3547.65,54714.10,3542.75,930,0,1,1651282.50,1,F1,30,,,,,
2026-10-05,2026-10-05,FO,NSE,IDO,49375,,BANKNIFTY,,2026-10-27,2026-10-27,52400.00,CE,BANKNIFTY26OCT52400CE,0.00,0.00,0.00,5701.60,0.00,5701.60,54714.10,2619.89,0,0,0,0.00,0,F1,30,,,,,
2026-10-05,2026-10-05,FO,NSE,IDO,49415,,BANKNIFTY,,2026-10-27,2026-10-27,54000.00,CE,BANKNIFTY26OCT54000CE,1451.00,1769.50,1320.00,1409.00,1413.70,1362.80,54714.10,1409.00,239250,24960,11326,18865447066.50,7313,F1,30,,,,,
2026-10-05,2026-10-05,FO,NSE,IDO,49511,,BANKNIFTY,,2026-10-27,2026-10-27,57700.00,CE,BANKNIFTY26OCT57700CE,96.20,122.75,82.10,86.00,84.95,89.90,54714.10,86.00,126990,1890,6247,10831704234.00,3829,F1,30,,,,,
2026-10-05,2026-10-05,FO,NSE,IDO,49573,,BANKNIFTY,,2026-10-27,2026-10-27,60000.00,CE,BANKNIFTY26OCT60000CE,20.50,21.10,16.10,17.35,16.55,18.80,54714.10,17.35,754920,20400,15677,28227050988.00,8144,F1,30,,,,,
2026-10-05,2026-10-05,FO,NSE,IDO,49603,,BANKNIFTY,,2026-10-27,2026-10-27,61400.00,CE,BANKNIFTY26OCT61400CE,11.45,13.75,8.75,10.15,10.15,11.40,54714.10,1.90,1200,570,54,99485133.00,31,F1,30,,,,,
2026-10-05,2026-10-05,FO,NSE,IDO,49611,,BANKNIFTY,,2026-10-27,2026-10-27,61700.00,CE,BANKNIFTY26OCT61700CE,0.00,0.00,0.00,9.00,9.00,9.00,54714.10,1.26,570,0,0,0.00,0,F1,30,,,,,
2026-10-05,2026-10-05,FO,NSE,IDO,49623,,BANKNIFTY,,2026-10-27,2026-10-27,62200.00,CE,BANKNIFTY26OCT62200CE,10.00,14.30,6.95,8.05,8.05,9.55,54714.10,0.62,840,300,90,167964718.50,37,F1,30,,,,,
2026-10-05,2026-10-05,FO,NSE,IDO,49627,,BANKNIFTY,,2026-10-27,2026-10-27,62400.00,CE,BANKNIFTY26OCT62400CE,0.00,0.00,0.00,8.40,8.40,8.40,54714.10,0.47,420,0,0,0.00,0,F1,30,,,,,
2026-10-05,2026-10-05,FO,NSE,IDO,49629,,BANKNIFTY,,2026-10-27,2026-10-27,62500.00,CE,BANKNIFTY26OCT62500CE,7.85,8.00,6.55,7.25,7.05,7.50,54714.10,7.25,6690,-30,206,386295441.00,170,F1,30,,,,,
2026-10-05,2026-10-05,FO,NSE,IDO,49661,,BANKNIFTY,,2026-10-27,2026-10-27,63600.00,CE,BANKNIFTY26OCT63600CE,6.05,6.05,6.05,6.05,6.05,6.05,54714.10,0.07,300,0,1,1908181.50,1,F1,30,,,,,
2026-10-05,2026-10-05,FO,NSE,IDO,61941,,BANKNIFTY,,2026-11-23,2026-11-23,48000.00,CE,BANKNIFTY26NOV48000CE,7350.00,7350.00,7011.50,7048.10,7048.10,6950.00,54714.10,7078.43,330,180,6,9915727.50,6,F1,30,,,,,
2026-10-05,2026-10-05,FO,NSE,IDO,62033,,BANKNIFTY,,2026-11-23,2026-11-23,50900.00,CE,BANKNIFTY26NOV50900CE,0.00,0.00,0.00,7582.45,0.00,7582.45,54714.10,4325.02,0,0,0,0.00,0,F1,30,,,,,
2026-10-05,2026-10-05,FO,NSE,IDO,62077,,BANKNIFTY,,2026-11-23,2026-11-23,52000.00,CE,BANKNIFTY26NOV52000CE,3650.00,3650.00,3388.00,3650.00,3650.00,3300.00,54714.10,3378.80,1350,60,6,9998640.00,6,F1,30,,,,,
2026-10-05,2026-10-05,FO,NSE,IDO,62099,,BANKNIFTY,,2026-11-23,2026-11-23,53100.00,CE,BANKNIFTY26NOV53100CE,0.00,0.00,0.00,2308.85,2308.85,2308.85,54714.10,2530.93,180,0,0,0.00,0,F1,30,,,,,
2026-10-05,2026-10-05,FO,NSE,IDO,62113,,BANKNIFTY,,2026-11-23,2026-11-23,53600.00,CE,BANKNIFTY26NOV53600CE,0.00,0.00,0.00,2020.00,2020.00,2020.00,54714.10,2185.61,480,0,0,0.00,0,F1,30,,,,,
2026-10-05,2026-10-05,FO,NSE,IDO,62161,,BANKNIFTY,,2026-11-23,2026-11-23,55300.00,CE,BANKNIFTY26NOV55300CE,1260.00,1347.25,1085.15,1127.10,1113.20,1073.80,54714.10,1127.10,2490,-210,112,189867181.50,94,F1,30,,,,,
2026-10-05,2026-10-05,FO,NSE,IDO,62181,,BANKNIFTY,,2026-11-23,2026-11-23,55900.00,CE,BANKNIFTY26NOV55900CE,967.10,1024.95,797.95,831.05,817.80,785.25,54714.10,831.05,5850,1260,155,264167730.00,104,F1,30,,,,,
2026-10-05,2026-10-05,FO,NSE,IDO,49295,,BANKNIFTY,,2026-10-27,2026-10-27,49300.00,CE,BANKNIFTY26OCT49300CE,0.00,0.00,0.00,8359.90,0.00,8359.90,54714.10,5579.71,0,0,0,0.00,0,F1,30,,,,,
2026-10-05,2026-10-05,FO,NSE,IDF,48699,,BANKNIFTY,,2026-10-27,2026-10-27,,,BANKNIFTY26OCTFUT,55095.00,55439.80,54713.60,54923.00,54925.00,54794.80,54714.10,54923.00,2300730,-45450,19210,31771923396.00,12491,F1,30,,,,,
2026-10-05,2026-10-05,FO,NSE,IDO,62183,,BANKNIFTY,,2026-11-23,2026-11-23,56000.00,CE,BANKNIFTY26NOV56000CE,799.95,968.15,735.50,780.35,773.85,741.35,54714.10,780.35,128970,3120,2096,3574777875.00,1451,F1,30,,,,,
2026-10-05,2026-10-05,FO,NSE,IDO,62217,,BANKNIFTY,,2026-11-23,2026-11-23,57500.00,CE,BANKNIFTY26NOV57500CE,380.00,409.50,306.55,325.10,316.00,319.45,54714.10,325.10,60570,1950,1255,2178253218.00,765,F1,30,,,,,
2026-10-05,2026-10-05,FO,NSE,IDO,62341,,BANKNIFTY,,2026-11-23,2026-11-23,61300.00,CE,BANKNIFTY26NOV61300CE,0.00,0.00,0.00,1191.45,0.00,1191.45,54714.10,53.68,0,0,0,0.00,0,F1,30,,,,,
2026-10-05,2026-10-05,FO,NSE,IDO,62507,,BANKNIFTY,,2026-11-23,2026-11-23,62700.00,CE,BANKNIFTY26NOV62700CE,0.00,0.00,0.00,838.70,0.00,838.70,54714.10,20.11,0,0,0,0.00,0,F1,30,,,,,
2026-10-05,2026-10-05,FO,NSE,IDO,59555,,BANKNIFTY,,2026-12-29,2026-12-29,55100.00,CE,BANKNIFTY26DEC55100CE,1686.05,1686.05,1686.05,1686.05,1686.05,1628.00,54714.10,1885.24,240,-30,1,1703581.50,1,F1,30,,,,,
2026-10-05,2026-10-05,FO,NSE,IDO,59611,,BANKNIFTY,,2026-12-29,2026-12-29,56100.00,CE,BANKNIFTY26DEC56100CE,1246.05,1246.05,1188.75,1188.75,1188.75,1093.25,54714.10,1423.21,660,-60,6,10316344.50,3,F1,30,,,,,
2026-10-05,2026-10-05,FO,NSE,IDO,59632,,BANKNIFTY,,2026-12-29,2026-12-29,56400.00,CE,BANKNIFTY26DEC56400CE,1108.10,1125.40,1108.10,1125.40,1125.40,950.60,54714.10,1301.76,930,-30,5,8627772.00,2,F1,30,,,,,
2026-10-05,2026-10-05,FO,NSE,IDO,59636,,BANKNIFTY,,2026-12-29,2026-12-29,56600.00,CE,BANKNIFTY26DEC56600CE,1130.95,1130.95,969.20,969.20,969.20,861.50,54714.10,1225.07,1320,360,12,20744118.00,5,F1,30,,,,,
2026-10-05,2026-10-05,FO,NSE,IDO,59696,,BANKNIFTY,,2026-12-29,2026-12-29,56900.00,CE,BANKNIFTY26DEC56900CE,900.60,900.60,850.50,850.50,850.50,760.15,54714.10,1116.29,1860,150,7,12132628.50,4,F1,30,,,,,
2026-10-05,2026-10-05,FO,NSE,IDO,60192,,BANKNIFTY,,2027-09-28,2027-09-28,61500.00,PE,BANKNIFTY27SEP61500PE,0.00,0.00,0.00,6506.30,0.00,6506.30,54714.10,5707.07,0,0,0,0.00,0,F1,30,,,,,
2026-10-05,2026-10-05,FO,NSE,IDO,60172,,BANKNIFTY,,2027-09-28,2027-09-28,52500.00,PE,BANKNIFTY27SEP52500PE,0.00,0.00,0.00,2120.35,0.00,2120.35,54714.10,1459.89,0,0,0,0.00,0,F1,30,,,,,
2026-10-05,2026-10-05,FO,NSE,IDO,53241,,BANKNIFTY,,2026-12-29,2026-12-29,60000.00,PE,BANKNIFTY26DEC60000PE,4157.65,4971.90,4100.00,4550.00,4550.00,4700.00,54714.10,4895.63,37110,-300,22,42416467.50,22,F1,30,,,,,
2026-10-05,2026-10-05,FO,NSE,IDO,59851,,BANKNIFTY,,2026-12-29,2026-12-29,59700.00,PE,BANKNIFTY26DEC59700PE,0.00,0.00,0.00,5211.75,0.00,5211.75,54714.10,4645.68,0,0,0,0.00,0,F1,30,,,,,
2026-10-05,2026-10-05,FO,NSE,IDO,59815,,BANKNIFTY,,2026-12-29,2026-12-29,57900.00,PE,BANKNIFTY26DEC57900PE,0.00,0.00,0.00,3859.55,0.00,3859.55,54714.10,3254.41,0,0,0,0.00,0,F1,30,,,,,
2026-10-05,2026-10-05,FO,NSE,IDO,59705,,BANKNIFTY,,2026-12-29,2026-12-29,57200.00,PE,BANKNIFTY26DEC57200PE,2462.30,2509.00,2424.40,2509.00,2509.00,3383.45,54714.10,2772.80,270,270,9,16109613.00,3,F1,30,,,,,
2026-10-05,2026-10-05,FO,NSE,IDO,59561,,BANKNIFTY,,2026-12-29,2026-12-29,55300.00,PE,BANKNIFTY26DEC55300PE,0.00,0.00,0.00,1312.70,1312.70,1312.70,54714.10,1667.82,480,0,0,0.00,0,F1,30,,,,,
2026-10-05,2026-10-05,FO,NSE,IDO,59558,,BANKNIFTY,,2026-12-29,2026-12-29,55200.00,PE,BANKNIFTY26DEC55200PE,1257.70,1272.70,1257.70,1272.70,1272.70,1271.80,54714.10,1618.41,300,-120,4,6775885.50,4,F1,30,,,,,
2026-10-05,2026-10-05,FO,NSE,IDO,59552,,BANKNIFTY,,2026-12-29,2026-12-29,54900.00,PE,BANKNIFTY26DEC54900PE,1187.05,1247.00,1099.00,1156.90,1156.90,1231.30,54714.10,1475.62,570,150,23,38700853.50,13,F1,30,,,,,
2026-10-05,2026-10-05,FO,NSE,IDO,62518,,BANKNIFTY,,2026-11-23,2026-11-23,62900.00,PE,BANKNIFTY26NOV62900PE,0.00,0.00,0.00,5244.80,0.00,5244.80,54714.10,7740.54,0,0,0,0.00,0,F1,30,,,,,
2026-10-05,2026-10-05,FO,NSE,IDO,62510,,BANKNIFTY,,2026-11-23,2026-11-23,62700.00,PE,BANKNIFTY26NOV62700PE,7464.15,7464.15,7464.15,7464.15,7464.15,5093.05,54714.10,7544.77,30,30,1,2104924.50,1,F1,30,,,,,
2026-10-05,2026-10-05,FO,NSE,IDO,62429,,BANKNIFTY,,2026-11-23,2026-11-23,61900.00,PE,BANKNIFTY26NOV61900PE,0.00,0.00,0.00,4492.70,0.00,4492.70,54714.10,6766.19,0,0,0,0.00,0,F1,30,,,,,
2026-10-05,2026-10-05,FO,NSE,IDO,62340,,BANKNIFTY,,2026-11-23,2026-11-23,61200.00,PE,BANKNIFTY26NOV61200PE,0.00,0.00,0.00,3997.50,0.00,3997.50,54714.10,6093.06,0,0,0,0.00,0,F1,30,,,,,
2026-10-05,2026-10-05,FO,NSE,IDO,62218,,BANKNIFTY,,2026-11-23,2026-11-23,57500.00,PE,BANKNIFTY26NOV57500PE,2200.00,2588.20,2175.00,2588.20,2588.20,2700.05,54714.10,2588.20,3960,120,22,39493320.00,22,F1,30,,,,,
2026-10-05,2026-10-05,FO,NSE,IDO,62190,,BANKNIFTY,,2026-11-23,2026-11-23,56300.00,PE,BANKNIFTY26NOV56300PE,1768.50,1768.50,1589.00,1633.50,1633.50,1648.00,54714.10,1993.53,570,270,11,19136385.00,10,F1,30,,,,,
2026-10-05,2026-10-05,FO,NSE,IDO,62182,,BANKNIFTY,,2026-11-23,2026-11-23,55900.00,PE,BANKNIFTY26NOV55900PE,1496.55,1508.45,1359.15,1437.00,1437.00,1605.20,54714.10,1744.70,2250,240,35,60213436.50,24,F1,30,,,,,
2026-10-05,2026-10-05,FO,NSE,IDO,62160,,BANKNIFTY,,2026-11-23,2026-11-23,55200.00,PE,BANKNIFTY26NOV55200PE,943.75,1213.20,936.70,1161.90,1161.90,1262.00,54714.10,1161.90,1890,-180,67,113108055.00,57,F1,30,,,,,
2026-10-05,2026-10-05,FO,NSE,IDO,62148,,BANKNIFTY,,2026-11-23,2026-11-23,54600.00,PE,BANKNIFTY26NOV54600PE,789.80,1024.80,740.00,929.90,930.05,1011.50,54714.10,929.90,1260,480,96,159805534.50,81,F1,30,,,,,
2026-10-05,2026-10-05,FO,NSE,IDO,62105,,BANKNIFTY,,2026-11-23,2026-11-23,53300.00,PE,BANKNIFTY26NOV53300PE,589.55,589.55,488.65,566.40,566.40,711.50,54714.10,583.37,600,180,16,25844947.50,14,F1,30,,,,,
2026-10-05,2026-10-05,FO,NSE,IDO,62078,,BANKNIFTY,,2026-11-23,2026-11-23,52000.00,PE,BANKNIFTY26NOV52000PE,363.05,384.05,247.05,322.00,316.00,359.30,54714.10,322.00,53670,8430,1443,2264280361.50,871,F1,30,,,,,
2026-10-05,2026-10-05,FO,NSE,IDO,62067,,BANKNIFTY,,2026-11-23,2026-11-23,51600.00,PE,BANKNIFTY26NOV51600PE,308.75,308.75,308.75,308.75,308.75,339.30,54714.10,219.41,300,0,1,1557262.50,1,F1,30,,,,,
2026-10-05,2026-10-05,FO,NSE,IDO,62014,,BANKNIFTY,,2026-11-23,2026-11-23,50100.00,PE,BANKNIFTY26NOV50100PE,161.20,161.20,161.20,161.20,161.20,161.45,54714.10,74.92,120,90,4,6031344.00,1,F1,30,,,,,
2026-10-05,2026-10-05,FO,NSE,IDO,62010,,BANKNIFTY,,2026-11-23,2026-11-23,49900.00,PE,BANKNIFTY26NOV49900PE,149.60,149.60,112.20,144.05,144.05,158.90,54714.10,63.84,420,210,8,12009901.50,5,F1,30,,,,,
2026-10-05,2026-10-05,FO,NSE,IDO,61996,,BANKNIFTY,,2026-11-23,2026-11-23,49600.00,PE,BANKNIFTY26NOV49600PE,147.35,148.10,147.35,148.10,148.10,116.35,54714.10,49.83,150,150,5,7462125.00,2,F1,30,,,,,
2026-10-05,2026-10-05,FO,NSE,IDO,49620,,BANKNIFTY,,2026-10-27,2026-10-27,62000.00,PE,BANKNIFTY26OCT62000PE,6619.95,7082.55,6590.00,7024.35,7026.05,7143.00,54714.10,7024.35,66780,180,87,179345593.50,42,F1,30,,,,,
2026-10-05,2026-10-05,FO,NSE,IDO,49600,,BANKNIFTY,,2026-10-27,2026-10-27,61200.00,PE,BANKNIFTY26OCT61200PE,0.00,0.00,0.00,4594.15,0.00,4594.15,54714.10,6285.83,0,0,0,0.00,0,F1,30,,,,,
2026-10-05,2026-10-05,FO,NSE,IDO,49576,,BANKNIFTY,,2026-10-27,2026-10-27,60100.00,PE,BANKNIFTY26OCT60100PE,0.00,0.00,0.00,2234.15,2234.15,2234.15,54714.10,5196.81,150,0,0,0.00,0,F1,30,,,,,
2026-10-05,2026-10-05,FO,NSE,IDO,49566,,BANKNIFTY,,2026-10-27,2026-10-27,59700.00,PE,BANKNIFTY26OCT59700PE,0.00,0.00,0.00,2948.70,2948.70,2948.70,54714.10,4803.92,180,0,0,0.00,0,F1,30,,,,,
2026-10-05,2026-10-05,FO,NSE,IDO,49542,,BANKNIFTY,,2026-10-27,2026-10-27,58800.00,PE,BANKNIFTY26OCT58800PE,3600.00,3700.00,3600.00,3700.00,3700.00,3674.20,54714.10,3932.46,1260,30,2,3747000.00,2,F1,30,,,,,
2026-10-05,2026-10-05,FO,NSE,IDO,49540,,BANKNIFTY,,2026-10-27,2026-10-27,58700.00,PE,BANKNIFTY26OCT58700PE,0.00,0.00,0.00,3800.00,3800.00,3800.00,54714.10,3837.19,5010,0,0,0.00,0,F1,30,,,,,
2026-10-05,2026-10-05,FO,NSE,IDO,49532,,BANKNIFTY,,2026-10-27,2026-10-27,58500.00,PE,BANKNIFTY26OCT58500PE,3201.55,3829.90,3144.00,3596.15,3609.00,3723.35,54714.10,3596.15,85110,-30,49,90942051.00,35,F1,30,,,,,
2026-10-05,2026-10-05,FO,NSE,IDO,49496,,BANKNIFTY,,2026-10-27,2026-10-27,57000.00,PE,BANKNIFTY26OCT57000PE,2000.00,2440.15,1799.95,2226.90,2220.00,2345.40,54714.10,2226.90,416730,4950,1773,3139746021.00,1293,F1,30,,,,,
2026-10-05,2026-10-05,FO,NSE,IDO,49480,,BANKNIFTY,,2026-10-27,2026-10-27,56500.00,PE,BANKNIFTY26OCT56500PE,1586.00,2025.00,1438.40,1830.20,1827.65,1946.40,54714.10,1830.20,390000,330,1568,2736267871.50,972,F1,30,,,,,
2026-10-05,2026-10-05,FO,NSE,IDO,49412,,BANKNIFTY,,2026-10-27,2026-10-27,53800.00,PE,BANKNIFTY26OCT53800PE,450.00,560.45,306.70,455.40,445.10,523.30,54714.10,455.40,73920,21090,10295,16745253142.50,6899,F1,30,,,,,
2026-10-05,2026-10-05,FO,NSE,IDO,60164,,BANKNIFTY,,2027-09-28,2027-09-28,49500.00,CE,BANKNIFTY27SEP49500CE,0.00,0.00,0.00,8861.80,0.00,8861.80,54714.10,8568.28,0,0,0,0.00,0,F1,30,,,,,
2026-10-05,2026-10-05,FO,NSE,IDO,70765,,BANKNIFTY,,2027-06-29,2027-06-29,51000.00,CE,BANKNIFTY27JUN51000CE,0.00,0.00,0.00,10793.90,0.00,10793.90,54714.10,6616.66,0,0,0,0.00,0,F1,30,,,,,
2026-10-05,2026-10-05,FO,NSE,IDO,76398,,BANKNIFTY,,2027-03-30,2027-03-30,57000.00,CE,BANKNIFTY27MAR57000CE,1600.00,1868.80,1600.00,1680.80,1680.80,1564.05,54714.10,1680.80,570,210,14,24674703.00,14,F1,30,,,,,
2026-10-05,2026-10-05,FO,NSE,IDO,59895,,BANKNIFTY,,2026-12-29,2026-12-29,61000.00,CE,BANKNIFTY26DEC61000CE,0.00,0.00,0.00,436.00,0.00,436.00,54714.10,248.84,0,0,0,0.00,0,F1,30,,,,,
2026-10-05,2026-10-05,FO,NSE,IDO,59848,,BANKNIFTY,,2026-12-29,2026-12-29,59600.00,CE,BANKNIFTY26DEC59600CE,0.00,0.00,0.00,665.55,0.00,665.55,54714.10,435.98,0,0,0,0.00,0,F1,30,,,,,
2026-10-05,2026-10-05,FO,NSE,IDO,59838,,BANKNIFTY,,2026-12-29,2026-12-29,59200.00,CE,BANKNIFTY26DEC59200CE,0.00,0.00,0.00,746.90,0.00,746.90,54714.10,507.07,0,0,0,0.00,0,F1,30,,,,,
2026-10-05,2026-10-05,FO,NSE,IDO,59832,,BANKNIFTY,,2026-12-29,2026-12-29,58900.00,CE,BANKNIFTY26DEC58900CE,0.00,0.00,0.00,815.10,0.00,815.10,54714.10,566.37,0,0,0,0.00,0,F1,30,,,,,
2026-10-05,2026-10-05,FO,NSE,IDO,59833,,BANKNIFTY,,2026-12-29,2026-12-29,58900.00,PE,BANKNIFTY26DEC58900PE,0.00,0.00,0.00,4592.20,0.00,4592.20,54714.10,4002.68,0,0,0,0.00,0,F1,30,,,,,
2026-10-05,2026-10-05,FO,NSE,IDO,59837,,BANKNIFTY,,2026-12-29,2026-12-29,59100.00,PE,BANKNIFTY26DEC59100PE,0.00,0.00,0.00,4742.65,0.00,4742.65,54714.10,4160.01,0,0,0,0.00,0,F1,30,,,,,
2026-10-05,2026-10-05,FO,NSE,IDO,53251,,BANKNIFTY,,2026-12-29,2026-12-29,66000.00,PE,BANKNIFTY26DEC66000PE,0.00,0.00,0.00,11300.00,11300.00,11300.00,54714.10,10468.61,60,0,0,0.00,0,F1,30,,,,,
2026-10-05,2026-10-05,FO,NSE,IDO,62325,,BANKNIFTY,,2026-11-23,2026-11-23,60900.00,CE,BANKNIFTY26NOV60900CE,0.00,0.00,0.00,1312.45,0.00,1312.45,54714.10,69.84,0,0,0,0.00,0,F1,30,,,,,
2026-10-05,2026-10-05,FO,NSE,IDO,62293,,BANKNIFTY,,2026-11-23,2026-11-23,59600.00,CE,BANKNIFTY26NOV59600CE,0.00,0.00,0.00,677.10,677.10,677.10,54714.10,155.72,30,0,0,0.00,0,F1,30,,,,,
2026-10-05,2026-10-05,FO,NSE,IDO,62155,,BANKNIFTY,,2026-11-23,2026-11-23,55000.00,CE,BANKNIFTY26NOV55000CE,1480.00,1545.15,1223.00,1290.95,1291.70,1231.90,54714.10,1290.95,47220,1410,1380,2334024417.00,1000,F1,30,,,,,
2026-10-05,2026-10-05,FO,NSE,IDO,62133,,BANKNIFTY,,2026-11-23,2026-11-23,54000.00,CE,BANKNIFTY26NOV54000CE,2149.95,2239.00,1832.55,1911.05,1900.00,1839.75,54714.10,1911.05,22140,2460,581,976477317.00,447,F1,30,,,,,
2026-10-05,2026-10-05,FO,NSE,IDO,62015,,BANKNIFTY,,2026-11-23,2026-11-23,50200.00,CE,BANKNIFTY26NOV50200CE,0.00,0.00,0.00,8214.75,0.00,8214.75,54714.10,4964.42,0,0,0,0.00,0,F1,30,,,,,
2026-10-05,2026-10-05,FO,NSE,IDO,62013,,BANKNIFTY,,2026-11-23,2026-11-23,50100.00,CE,BANKNIFTY26NOV50100CE,0.00,0.00,0.00,8306.25,0.00,8306.25,54714.10,5057.57,0,0,0,0.00,0,F1,30,,,,,
2026-10-05,2026-10-05,FO,NSE,IDO,61991,,BANKNIFTY,,2026-11-23,2026-11-23,49500.00,CE,BANKNIFTY26NOV49500CE,0.00,0.00,0.00,5400.00,5400.00,5400.00,54714.10,5624.02,60,0,0,0.00,0,F1,30,,,,,
2026-10-05,2026-10-05,FO,NSE,IDO,61957,,BANKNIFTY,,2026-11-23,2026-11-23,48500.00,CE,BANKNIFTY26NOV48500CE,0.00,0.00,0.00,5500.00,5500.00,5500.00,54714.10,6589.34,30,0,0,0.00,0,F1,30,,,,,
2026-10-05,2026-10-05,FO,NSE,IDO,49595,,BANKNIFTY,,2026-10-27,2026-10-27,61000.00,CE,BANKNIFTY26OCT61000CE,12.00,12.95,10.25,11.65,11.20,11.90,54714.10,11.65,347820,14130,5578,10209741789.00,2952,F1,30,,,,,
2026-10-05,2026-10-05,FO,NSE,IDO,49589,,BANKNIFTY,,2026-10-27,2026-10-27,60800.00,CE,BANKNIFTY26OCT60800CE,14.20,14.20,11.40,12.00,11.55,1177.30,54714.10,12.00,900,900,46,83922004.50,25,F1,30,,,,,
2026-10-05,2026-10-05,FO,NSE,IDO,59701,,BANKNIFTY,,2026-12-29,2026-12-29,56900.00,PE,BANKNIFTY26DEC56900PE,0.00,0.00,0.00,2336.15,2336.15,2336.15,54714.10,2578.06,330,0,0,0.00,0,F1,30,,,,,
2026-10-05,2026-10-05,FO,NSE,IDO,49581,,BANKNIFTY,,2026-10-27,2026-10-27,60400.00,CE,BANKNIFTY26OCT60400CE,17.50,17.50,14.55,15.20,15.20,1294.10,54714.10,15.20,1860,1860,81,146810397.00,33,F1,30,,,,,
2026-10-05,2026-10-05,FO,NSE,IDO,49508,,BANKNIFTY,,2026-10-27,2026-10-27,57600.00,CE,BANKNIFTY26OCT57600CE,113.55,132.55,90.00,94.15,92.30,97.55,54714.10,94.15,77160,4020,5192,8988638716.50,3179,F1,30,,,,,
2026-10-05,2026-10-05,FO,NSE,IDO,49463,,BANKNIFTY,,2026-10-27,2026-10-27,55800.00,CE,BANKNIFTY26OCT55800CE,548.95,642.05,429.00,463.60,458.45,448.25,54714.10,463.60,182100,3000,14668,24786023256.00,10851,F1,30,,,,,
2026-10-05,2026-10-05,FO,NSE,IDO,49411,,BANKNIFTY,,2026-10-27,2026-10-27,53800.00,CE,BANKNIFTY26OCT53800CE,1895.30,1930.65,1481.40,1566.15,1554.00,1510.90,54714.10,1566.15,14850,-270,162,269876847.00,113,F1,30,,,,,
2026-10-05,2026-10-05,FO,NSE,IDO,49405,,BANKNIFTY,,2026-10-27,2026-10-27,53600.00,CE,BANKNIFTY26OCT53600CE,2010.00,2010.00,1655.90,1689.75,1686.60,1645.75,54714.10,1689.75,6570,60,40,66414886.50,32,F1,30,,,,,
2026-10-05,2026-10-05,FO,NSE,IDO,49387,,BANKNIFTY,,2026-10-27,2026-10-27,53000.00,CE,BANKNIFTY26OCT53000CE,2499.95,2593.35,2031.75,2180.90,2190.90,2100.80,54714.10,2180.90,61440,150,1240,2058122116.50,712,F1,30,,,,,
2026-10-05,2026-10-05,FO,NSE,IDO,49316,,BANKNIFTY,,2026-10-27,2026-10-27,50300.00,CE,BANKNIFTY26OCT50300CE,0.00,0.00,0.00,7463.55,0.00,7463.55,54714.10,4591.78,0,0,0,0.00,0,F1,30,,,,,
2026-10-05,2026-10-05,FO,NSE,IDO,49302,,BANKNIFTY,,2026-10-27,2026-10-27,49600.00,CE,BANKNIFTY26OCT49600CE,0.00,0.00,0.00,8087.85,0.00,8087.85,54714.10,5282.22,0,0,0,0.00,0,F1,30,,,,,
2026-10-05,2026-10-05,FO,NSE,IDO,49272,,BANKNIFTY,,2026-10-27,2026-10-27,48500.00,CE,BANKNIFTY26OCT48500CE,0.00,0.00,0.00,6332.00,6332.00,6332.00,54714.10,6375.22,1530,0,0,0.00,0,F1,30,,,,,
2026-10-05,2026-10-05,FO,NSE,IDO,62214,,BANKNIFTY,,2026-11-23,2026-11-23,57300.00,PE,BANKNIFTY26NOV57300PE,0.00,0.00,0.00,2339.25,2339.25,2339.25,54714.10,2689.44,120,0,0,0.00,0,F1,30,,,,,
2026-10-05,2026-10-05,FO,NSE,IDO,49252,,BANKNIFTY,,2026-10-27,2026-10-27,47500.00,CE,BANKNIFTY26OCT47500CE,0.00,0.00,0.00,10037.15,0.00,10037.15,54714.10,7371.39,0,0,0,0.00,0,F1,30,,,,,
2026-10-05,2026-10-05,FO,NSE,IDO,62420,,BANKNIFTY,,2026-11-23,2026-11-23,61800.00,CE,BANKNIFTY26NOV61800CE,0.00,0.00,0.00,1052.65,0.00,1052.65,54714.10,38.21,0,0,0,0.00,0,F1,30,,,,,
2026-10-05,2026-10-05,FO,NSE,IDO,62422,,BANKNIFTY,,2026-11-23,2026-11-23,61900.00,CE,BANKNIFTY26NOV61900CE,0.00,0.00,0.00,1026.45,0.00,1026.45,54714.10,35.65,0,0,0,0.00,0,F1,30,,,,,
2026-10-05,2026-10-05,FO,NSE,IDO,49662,,BANKNIFTY,,2026-10-27,2026-10-27,63600.00,PE,BANKNIFTY26OCT63600PE,0.00,0.00,0.00,6465.40,0.00,6465.40,54714.10,8675.49,0,0,0,0.00,0,F1,30,,,,,
2026-10-05,2026-10-05,FO,NSE,IDO,49306,,BANKNIFTY,,2026-10-27,2026-10-27,49800.00,CE,BANKNIFTY26OCT49800CE,0.00,0.00,0.00,7907.90,0.00,7907.90,54714.10,5084.32,0,0,0,0.00,0,F1,30,,,,,
2026-10-05,2026-10-05,FO,NSE,IDO,49385,,BANKNIFTY,,2026-10-27,2026-10-27,52900.00,CE,BANKNIFTY26OCT52900CE,0.00,0.00,0.00,5311.85,0.00,5311.85,54714.10,2198.88,0,0,0,0.00,0,F1,30,,,,,
2026-10-05,2026-10-05,FO,NSE,IDO,49473,,BANKNIFTY,,2026-10-27,2026-10-27,56300.00,CE,BANKNIFTY26OCT56300CE,355.00,436.55,285.30,306.25,300.20,302.45,54714.10,306.25,74040,60,6778,11520164341.50,5077,F1,30,,,,,
2026-10-05,2026-10-05,FO,NSE,IDO,49503,,BANKNIFTY,,2026-10-27,2026-10-27,57400.00,CE,BANKNIFTY26OCT57400CE,129.75,160.95,107.65,113.05,107.65,116.25,54714.10,113.05,60330,12030,4641,8009226457.50,2410,F1,30,,,,,
2026-10-05,2026-10-05,FO,NSE,IDO,49522,,BANKNIFTY,,2026-10-27,2026-10-27,58100.00,CE,BANKNIFTY26OCT58100CE,80.00,86.75,57.90,60.60,59.70,63.70,54714.10,60.60,51600,3600,1926,3360964557.00,1083,F1,30,,,,,
2026-10-05,2026-10-05,FO,NSE,IDO,49533,,BANKNIFTY,,2026-10-27,2026-10-27,58600.00,CE,BANKNIFTY26OCT58600CE,45.50,53.20,35.10,39.10,36.95,43.30,54714.10,39.10,20280,8520,1646,2895770823.00,818,F1,30,,,,,
2026-10-05,2026-10-05,FO,NSE,IDO,49641,,BANKNIFTY,,2026-10-27,2026-10-27,62800.00,CE,BANKNIFTY26OCT62800CE,0.00,0.00,0.00,7.55,7.55,7.55,54714.10,0.26,510,0,0,0.00,0,F1,30,,,,,
2026-10-05,2026-10-05,FO,NSE,IDO,49651,,BANKNIFTY,,2026-10-27,2026-10-27,63200.00,CE,BANKNIFTY26OCT63200CE,0.00,0.00,0.00,5.85,5.85,5.85,54714.10,0.14,120,0,0,0.00,0,F1,30,,,,,
2026-10-05,2026-10-05,FO,NSE,IDO,49665,,BANKNIFTY,,2026-10-27,2026-10-27,63800.00,CE,BANKNIFTY26OCT63800CE,6.35,7.30,3.75,5.20,5.55,5.35,54714.10,5.20,3510,720,179,342634201.50,99,F1,30,,,,,
2026-10-05,2026-10-05,FO,NSE,IDO,49687,,BANKNIFTY,,2026-10-27,2026-10-27,64500.00,CE,BANKNIFTY26OCT64500CE,4.40,4.95,3.35,3.55,3.45,4.35,54714.10,3.55,42330,5130,1488,2879459742.00,834,F1,30,,,,,
2026-10-05,2026-10-05,FO,NSE,IDO,62025,,BANKNIFTY,,2026-11-23,2026-11-23,50600.00,CE,BANKNIFTY26NOV50600CE,0.00,0.00,0.00,7851.65,0.00,7851.65,54714.10,4596.13,0,0,0,0.00,0,F1,30,,,,,
2026-10-05,2026-10-05,FO,NSE,IDO,62081,,BANKNIFTY,,2026-11-23,2026-11-23,52200.00,CE,BANKNIFTY26NOV52200CE,0.00,0.00,0.00,6452.20,0.00,6452.20,54714.10,3216.45,0,0,0,0.00,0,F1,30,,,,,
2026-10-05,2026-10-05,FO,NSE,IDO,62087,,BANKNIFTY,,2026-11-23,2026-11-23,52500.00,CE,BANKNIFTY26NOV52500CE,0.00,0.00,0.00,3040.80,3040.80,3040.80,54714.10,2979.43,60,0,0,0.00,0,F1,30,,,,,
2026-10-05,2026-10-05,FO,NSE,IDO,62104,,BANKNIFTY,,2026-11-23,2026-11-23,53300.00,CE,BANKNIFTY26NOV53300CE,0.00,0.00,0.00,2137.55,2137.55,2137.55,54714.10,2389.56,90,0,0,0.00,0,F1,30,,,,,
2026-10-05,2026-10-05,FO,NSE,IDO,62108,,BANKNIFTY,,2026-11-23,2026-11-23,53400.00,CE,BANKNIFTY26NOV53400CE,0.00,0.00,0.00,2053.70,2053.70,2053.70,54714.10,2320.48,240,0,0,0.00,0,F1,30,,,,,
2026-10-05,2026-10-05,FO,NSE,IDO,62115,,BANKNIFTY,,2026-11-23,2026-11-23,53700.00,CE,BANKNIFTY26NOV53700CE,0.00,0.00,0.00,1982.10,1982.10,1982.10,54714.10,2119.84,1080,0,0,0.00,0,F1,30,,,,,
2026-10-05,2026-10-05,FO,NSE,IDO,62187,,BANKNIFTY,,2026-11-23,2026-11-23,56200.00,CE,BANKNIFTY26NOV56200CE,873.40,873.40,670.00,701.05,692.80,663.65,54714.10,701.05,7590,1410,104,177758562.00,79,F1,30,,,,,
2026-10-05,2026-10-05,FO,NSE,IDO,62201,,BANKNIFTY,,2026-11-23,2026-11-23,56700.00,CE,BANKNIFTY26NOV56700CE,625.00,662.40,493.15,527.90,514.05,505.45,54714.10,527.90,11790,5400,331,568884462.00,172,F1,30,,,,,
2026-10-05,2026-10-05,FO,NSE,IDO,62215,,BANKNIFTY,,2026-11-23,2026-11-23,57400.00,CE,BANKNIFTY26NOV57400CE,421.60,421.60,338.00,368.70,368.70,330.25,54714.10,500.73,6510,-30,87,150796294.50,40,F1,30,,,,,
2026-10-05,2026-10-05,FO,NSE,IDO,62219,,BANKNIFTY,,2026-11-23,2026-11-23,57600.00,CE,BANKNIFTY26NOV57600CE,358.30,376.00,296.85,333.70,333.70,334.40,54714.10,333.70,5760,-2070,123,213788479.50,60,F1,30,,,,,
2026-10-05,2026-10-05,FO,NSE,IDO,62269,,BANKNIFTY,,2026-11-23,2026-11-23,58700.00,CE,BANKNIFTY26NOV58700CE,0.00,0.00,0.00,2150.90,0.00,2150.90,54714.10,258.43,0,0,0,0.00,0,F1,30,,,,,
2026-10-05,2026-10-05,FO,NSE,IDO,62441,,BANKNIFTY,,2026-11-23,2026-11-23,62000.00,CE,BANKNIFTY26NOV62000CE,0.00,0.00,0.00,1000.80,0.00,1000.80,54714.10,33.24,0,0,0,0.00,0,F1,30,,,,,
2026-10-05,2026-10-05,FO,NSE,IDO,59493,,BANKNIFTY,,2026-12-29,2026-12-29,51800.00,CE,BANKNIFTY26DEC51800CE,0.00,0.00,0.00,4066.00,0.00,4066.00,54714.10,4031.32,0,0,0,0.00,0,F1,30,,,,,
2026-10-05,2026-10-05,FO,NSE,IDO,59497,,BANKNIFTY,,2026-12-29,2026-12-29,52000.00,CE,BANKNIFTY26DEC52000CE,3799.00,3880.00,3799.00,3880.00,3880.00,3939.00,54714.10,3876.33,480,150,5,8375250.00,5,F1,30,,,,,
2026-10-05,2026-10-05,FO,NSE,IDO,59507,,BANKNIFTY,,2026-12-29,2026-12-29,52600.00,CE,BANKNIFTY26DEC52600CE,0.00,0.00,0.00,3520.60,0.00,3520.60,54714.10,3428.88,0,0,0,0.00,0,F1,30,,,,,
2026-10-05,2026-10-05,FO,NSE,IDO,59513,,BANKNIFTY,,2026-12-29,2026-12-29,52900.00,CE,BANKNIFTY26DEC52900CE,0.00,0.00,0.00,3328.30,0.00,3328.30,54714.10,3215.54,0,0,0,0.00,0,F1,30,,,,,
2026-10-05,2026-10-05,FO,NSE,IDO,59539,,BANKNIFTY,,2026-12-29,2026-12-29,54300.00,CE,BANKNIFTY26DEC54300CE,0.00,0.00,0.00,1977.75,1977.75,1977.75,54714.10,2319.54,30,0,0,0.00,0,F1,30,,,,,
2026-10-05,2026-10-05,FO,NSE,IDO,59543,,BANKNIFTY,,2026-12-29,2026-12-29,54500.00,CE,BANKNIFTY26DEC54500CE,2183.05,2183.05,1906.90,2068.50,2050.00,1906.90,54714.10,2068.50,960,810,33,56058916.50,16,F1,30,,,,,
2026-10-05,2026-10-05,FO,NSE,IDO,59553,,BANKNIFTY,,2026-12-29,2026-12-29,55000.00,CE,BANKNIFTY26DEC55000CE,2000.00,2005.00,1677.70,1761.35,1761.00,1689.85,54714.10,1761.35,3630,510,123,209850793.50,82,F1,30,,,,,
2026-10-05,2026-10-05,FO,NSE,IDO,59704,,BANKNIFTY,,2026-12-29,2026-12-29,57200.00,CE,BANKNIFTY26DEC57200CE,879.00,879.00,726.35,748.85,748.85,733.10,54714.10,1014.86,9240,1230,44,76510369.50,18,F1,30,,,,,
2026-10-05,2026-10-05,FO,NSE,IDO,53235,,BANKNIFTY,,2026-12-29,2026-12-29,58500.00,CE,BANKNIFTY26DEC58500CE,479.95,490.00,384.95,402.00,400.40,393.70,54714.10,402.00,65820,5850,683,1207405500.00,378,F1,30,,,,,
2026-10-05,2026-10-05,FO,NSE,IDO,49650,,BANKNIFTY,,2026-10-27,2026-10-27,63100.00,PE,BANKNIFTY26OCT63100PE,0.00,0.00,0.00,6055.95,0.00,6055.95,54714.10,8177.23,0,0,0,0.00,0,F1,30,,,,,
2026-10-05,2026-10-05,FO,NSE,IDO,76384,,BANKNIFTY,,2027-03-30,2027-03-30,46500.00,CE,BANKNIFTY27MAR46500CE,0.00,0.00,0.00,8199.45,0.00,8199.45,54714.10,9545.12,0,0,0,0.00,0,F1,30,,,,,
2026-10-05,2026-10-05,FO,NSE,IDO,60159,,BANKNIFTY,,2027-09-28,2027-09-28,46500.00,CE,BANKNIFTY27SEP46500CE,0.00,0.00,0.00,11107.50,0.00,11107.50,54714.10,10993.85,0,0,0,0.00,0,F1,30,,,,,
2026-10-05,2026-10-05,FO,NSE,IDO,49303,,BANKNIFTY,,2026-10-27,2026-10-27,49600.00,PE,BANKNIFTY26OCT49600PE,33.00,51.15,33.00,42.70,44.60,187.25,54714.10,42.70,3120,3120,463,689536375.50,279,F1,30,,,,,
2026-10-05,2026-10-05,FO,NSE,IDO,49370,,BANKNIFTY,,2026-10-27,2026-10-27,52100.00,PE,BANKNIFTY26OCT52100PE,150.00,206.70,107.35,159.85,155.15,192.55,54714.10,159.85,36690,870,1438,2254189593.00,932,F1,30,,,,,
2026-10-05,2026-10-05,FO,NSE,IDO,49372,,BANKNIFTY,,2026-10-27,2026-10-27,52200.00,PE,BANKNIFTY26OCT52200PE,207.40,220.55,113.55,170.15,167.15,208.50,54714.10,170.15,59370,12810,3908,6138796434.00,2143,F1,30,,,,,
2026-10-05,2026-10-05,FO,NSE,IDO,49388,,BANKNIFTY,,2026-10-27,2026-10-27,53000.00,PE,BANKNIFTY26OCT53000PE,300.00,352.80,186.85,279.45,273.05,330.80,54714.10,279.45,544680,51900,40981,65471267124.00,27492,F1,30,,,,,
2026-10-05,2026-10-05,FO,NSE,IDO,49406,,BANKNIFTY,,2026-10-27,2026-10-27,53600.00,PE,BANKNIFTY26OCT53600PE,458.90,499.95,268.15,404.90,396.10,464.85,54714.10,404.90,37110,15930,5265,8525777403.00,3620,F1,30,,,,,
2026-10-05,2026-10-05,FO,NSE,IDO,49422,,BANKNIFTY,,2026-10-27,2026-10-27,54300.00,PE,BANKNIFTY26OCT54300PE,679.50,735.00,418.70,610.00,602.75,691.45,54714.10,610.00,68610,-11160,16960,27921720168.00,12381,F1,30,,,,,
2026-10-05,2026-10-05,FO,NSE,IDO,49450,,BANKNIFTY,,2026-10-27,2026-10-27,55300.00,PE,BANKNIFTY26OCT55300PE,966.80,1202.50,761.50,1052.20,1046.45,1159.65,54714.10,1052.20,71070,38190,14159,23871082347.00,11390,F1,30,,,,,
2026-10-05,2026-10-05,FO,NSE,IDO,49470,,BANKNIFTY,,2026-10-27,2026-10-27,56100.00,PE,BANKNIFTY26OCT56100PE,1212.40,1626.70,1168.75,1543.55,1549.20,1655.85,54714.10,1543.55,10890,450,126,217128711.00,103,F1,30,,,,,
2026-10-05,2026-10-05,FO,NSE,IDO,49492,,BANKNIFTY,,2026-10-27,2026-10-27,56800.00,PE,BANKNIFTY26OCT56800PE,1934.00,2130.30,1934.00,2063.95,2063.95,2460.00,54714.10,2063.95,11310,-120,20,35305414.50,18,F1,30,,,,,
2026-10-05,2026-10-05,FO,NSE,IDO,49500,,BANKNIFTY,,2026-10-27,2026-10-27,57200.00,PE,BANKNIFTY26OCT57200PE,2058.75,2381.50,1980.00,2379.50,2379.50,2510.00,54714.10,2476.76,11910,-240,17,30277030.50,14,F1,30,,,,,
2026-10-05,2026-10-05,FO,NSE,IDO,49546,,BANKNIFTY,,2026-10-27,2026-10-27,59000.00,PE,BANKNIFTY26OCT59000PE,3615.05,4213.15,3589.50,4090.00,4090.00,4210.15,54714.10,4090.00,202710,-810,163,307393449.00,145,F1,30,,,,,
2026-10-05,2026-10-05,FO,NSE,IDO,49592,,BANKNIFTY,,2026-10-27,2026-10-27,60800.00,PE,BANKNIFTY26OCT60800PE,0.00,0.00,0.00,4308.55,0.00,4308.55,54714.10,5888.84,0,0,0,0.00,0,F1,30,,,,,
2026-10-05,2026-10-05,FO,NSE,IDO,49594,,BANKNIFTY,,2026-10-27,2026-10-27,60900.00,PE,BANKNIFTY26OCT60900PE,0.00,0.00,0.00,4379.15,0.00,4379.15,54714.10,5988.01,0,0,0,0.00,0,F1,30,,,,,
2026-10-05,2026-10-05,FO,NSE,IDO,49598,,BANKNIFTY,,2026-10-27,2026-10-27,61100.00,PE,BANKNIFTY26OCT61100PE,0.00,0.00,0.00,4522.00,0.00,4522.00,54714.10,6186.51,0,0,0,0.00,0,F1,30,,,,,
2026-10-05,2026-10-05,FO,NSE,IDO,49631,,BANKNIFTY,,2026-10-27,2026-10-27,62500.00,PE,BANKNIFTY26OCT62500PE,0.00,0.00,0.00,7400.00,7400.00,7400.00,54714.10,7579.46,390,0,0,0.00,0,F1,30,,,,,
2026-10-05,2026-10-05,FO,NSE,IDO,60160,,BANKNIFTY,,2027-09-28,2027-09-28,46500.00,PE,BANKNIFTY27SEP46500PE,0.00,0.00,0.00,681.75,0.00,681.75,54714.10,337.76,0,0,0,0.00,0,F1,30,,,,,
2026-10-05,2026-10-05,FO,NSE,IDO,70803,,BANKNIFTY,,2027-06-29,2027-06-29,64500.00,PE,BANKNIFTY27JUN64500PE,0.00,0.00,0.00,6674.35,0.00,6674.35,54714.10,8083.38,0,0,0,0.00,0,F1,30,,,,,
2026-10-05,2026-10-05,FO,NSE,IDO,59853,,BANKNIFTY,,2026-12-29,2026-12-29,59800.00,PE,BANKNIFTY26DEC59800PE,4499.80,4499.80,4499.80,4499.80,4499.80,5291.55,54714.10,4728.50,30,30,1,1928994.00,1,F1,30,,,,,
2026-10-05,2026-10-05,FO,NSE,IDO,59835,,BANKNIFTY,,2026-12-29,2026-12-29,59000.00,PE,BANKNIFTY26DEC59000PE,0.00,0.00,0.00,4668.30,0.00,4668.30,54714.10,4081.05,0,0,0,0.00,0,F1,30,,,,,
2026-10-05,2026-10-05,FO,NSE,IDO,59827,,BANKNIFTY,,2026-12-29,2026-12-29,58600.00,PE,BANKNIFTY26DEC58600PE,0.00,0.00,0.00,4367.10,0.00,4367.10,54714.10,3771.29,0,0,0,0.00,0,F1,30,,,,,
2026-10-05,2026-10-05,FO,NSE,IDO,59825,,BANKNIFTY,,2026-12-29,2026-12-29,58400.00,PE,BANKNIFTY26DEC58400PE,0.00,0.00,0.00,4217.50,0.00,4217.50,54714.10,3620.22,0,0,0,0.00,0,F1,30,,,,,
2026-10-05,2026-10-05,FO,NSE,IDO,59783,,BANKNIFTY,,2026-12-29,2026-12-29,57500.00,PE,BANKNIFTY26DEC57500PE,0.00,0.00,0.00,3583.80,0.00,3583.80,54714.10,2974.66,0,0,0,0.00,0,F1,30,,,,,
2026-10-05,2026-10-05,FO,NSE,IDO,59556,,BANKNIFTY,,2026-12-29,2026-12-29,55100.00,PE,BANKNIFTY26DEC55100PE,1063.95,1253.55,1047.60,1253.55,1253.55,1325.60,54714.10,1569.91,360,-240,11,18580098.00,9,F1,30,,,,,
2026-10-05,2026-10-05,FO,NSE,IDO,59530,,BANKNIFTY,,2026-12-29,2026-12-29,53700.00,PE,BANKNIFTY26DEC53700PE,647.40,775.75,638.25,775.75,775.75,845.15,54714.10,985.32,150,-60,6,9794002.50,4,F1,30,,,,,
2026-10-05,2026-10-05,FO,NSE,IDO,59508,,BANKNIFTY,,2026-12-29,2026-12-29,52600.00,PE,BANKNIFTY26DEC52600PE,450.65,557.40,433.70,535.20,535.20,594.30,54714.10,645.37,120,90,6,9554347.50,4,F1,30,,,,,
2026-10-05,2026-10-05,FO,NSE,IDO,59490,,BANKNIFTY,,2026-12-29,2026-12-29,51600.00,PE,BANKNIFTY26DEC51600PE,316.35,378.40,316.35,378.40,378.40,441.80,54714.10,418.28,330,150,6,9350226.00,4,F1,30,,,,,
2026-10-05,2026-10-05,FO,NSE,IDO,59486,,BANKNIFTY,,2026-12-29,2026-12-29,51400.00,PE,BANKNIFTY26DEC51400PE,0.00,0.00,0.00,421.55,421.55,421.55,54714.10,381.23,330,0,0,0.00,0,F1,30,,,,,
2026-10-05,2026-10-05,FO,NSE,IDO,59484,,BANKNIFTY,,2026-12-29,2026-12-29,51300.00,PE,BANKNIFTY26DEC51300PE,282.95,282.95,282.95,282.95,282.95,397.70,54714.10,363.67,390,90,3,4642465.50,1,F1,30,,,,,
2026-10-05,2026-10-05,FO,NSE,IDO,59474,,BANKNIFTY,,2026-12-29,2026-12-29,50700.00,PE,BANKNIFTY26DEC50700PE,242.25,242.25,242.25,242.25,242.25,352.65,54714.10,270.98,390,90,3,4584802.50,1,F1,30,,,,,
2026-10-05,2026-10-05,FO,NSE,IDO,59462,,BANKNIFTY,,2026-12-29,2026-12-29,50100.00,PE,BANKNIFTY26DEC50100PE,257.10,257.10,257.10,257.10,257.10,295.60,54714.10,197.90,450,90,3,4532139.00,1,F1,30,,,,,
2026-10-05,2026-10-05,FO,NSE,IDO,53219,,BANKNIFTY,,2026-12-29,2026-12-29,49500.00,PE,BANKNIFTY26DEC49500PE,203.90,211.75,169.20,178.80,177.10,204.20,54714.10,178.80,3330,0,17,25343010.00,15,F1,30,,,,,
2026-10-05,2026-10-05,FO,NSE,IDO,59385,,BANKNIFTY,,2026-12-29,2026-12-29,47000.00,PE,BANKNIFTY26DEC47000PE,0.00,0.00,0.00,113.15,0.00,113.15,54714.10,27.18,0,0,0,0.00,0,F1,30,,,,,
2026-10-05,2026-10-05,FO,NSE,IDO,62709,,BANKNIFTY,,2026-11-23,2026-11-23,65500.00,PE,BANKNIFTY26NOV65500PE,0.00,0.00,0.00,7600.00,7600.00,7600.00,54714.10,10306.21,90,0,0,0.00,0,F1,30,,,,,
2026-10-05,2026-10-05,FO,NSE,IDO,62298,,BANKNIFTY,,2026-11-23,2026-11-23,59800.00,PE,BANKNIFTY26NOV59800PE,0.00,0.00,0.00,3091.15,0.00,3091.15,54714.10,4784.38,0,0,0,0.00,0,F1,30,,,,,
2026-10-05,2026-10-05,FO,NSE,IDO,62292,,BANKNIFTY,,2026-11-23,2026-11-23,59500.00,PE,BANKNIFTY26NOV59500PE,0.00,0.00,0.00,2761.95,2761.95,2761.95,54714.10,4513.26,630,0,0,0.00,0,F1,30,,,,,
2026-10-05,2026-10-05,FO,NSE,IDO,62225,,BANKNIFTY,,2026-11-23,2026-11-23,57700.00,PE,BANKNIFTY26NOV57700PE,0.00,0.00,0.00,3166.90,3166.90,3166.90,54714.10,2994.45,270,0,0,0.00,0,F1,30,,,,,
2026-10-05,2026-10-05,FO,NSE,IDO,62212,,BANKNIFTY,,2026-11-23,2026-11-23,57200.00,PE,BANKNIFTY26NOV57200PE,0.00,0.00,0.00,2265.75,2265.75,2265.75,54714.10,2615.43,210,0,0,0.00,0,F1,30,,,,,
2026-10-05,2026-10-05,FO,NSE,IDO,62173,,BANKNIFTY,,2026-11-23,2026-11-23,55600.00,PE,BANKNIFTY26NOV55600PE,1140.00,1437.10,1130.45,1371.15,1371.15,1455.55,54714.10,1371.15,1350,-90,37,63174942.00,32,F1,30,,,,,
2026-10-05,2026-10-05,FO,NSE,IDO,62162,,BANKNIFTY,,2026-11-23,2026-11-23,55300.00,PE,BANKNIFTY26NOV55300PE,1013.00,1304.00,975.75,1233.15,1233.15,1308.00,54714.10,1233.15,1320,-30,51,86286762.00,42,F1,30,,,,,
2026-10-05,2026-10-05,FO,NSE,IDO,62156,,BANKNIFTY,,2026-11-23,2026-11-23,55000.00,PE,BANKNIFTY26NOV55000PE,1189.35,1216.10,860.30,1088.30,1065.75,1174.25,54714.10,1088.30,60480,-390,2178,3660384738.00,1591,F1,30,,,,,
2026-10-05,2026-10-05,FO,NSE,IDO,62144,,BANKNIFTY,,2026-11-23,2026-11-23,54400.00,PE,BANKNIFTY26NOV54400PE,691.25,950.75,681.75,855.75,855.75,936.30,54714.10,855.75,2460,90,52,86133304.50,34,F1,30,,,,,
2026-10-05,2026-10-05,FO,NSE,IDO,62138,,BANKNIFTY,,2026-11-23,2026-11-23,54100.00,PE,BANKNIFTY26NOV54100PE,607.35,855.00,600.65,753.50,753.50,832.65,54714.10,753.50,1080,480,49,80604798.00,32,F1,30,,,,,
2026-10-05,2026-10-05,FO,NSE,IDO,62020,,BANKNIFTY,,2026-11-23,2026-11-23,50400.00,PE,BANKNIFTY26NOV50400PE,185.85,197.40,168.20,168.20,168.20,180.00,54714.10,168.20,300,210,13,19727251.50,8,F1,30,,,,,
2026-10-05,2026-10-05,FO,NSE,IDO,49530,,BANKNIFTY,,2026-10-27,2026-10-27,58400.00,PE,BANKNIFTY26OCT58400PE,0.00,0.00,0.00,3535.00,3535.00,3535.00,54714.10,3553.95,1890,0,0,0.00,0,F1,30,,,,,
2026-10-05,2026-10-05,FO,NSE,IDO,49262,,BANKNIFTY,,2026-10-27,2026-10-27,48000.00,CE,BANKNIFTY26OCT48000CE,8934.55,8934.55,6737.65,6851.05,6851.05,6683.20,54714.10,6851.05,17940,30,19,31467720.00,15,F1,30,,,,,
2026-10-05,2026-10-05,FO,NSE,IDO,49379,,BANKNIFTY,,2026-10-27,2026-10-27,52600.00,CE,BANKNIFTY26OCT52600CE,0.00,0.00,0.00,5544.15,0.00,5544.15,54714.10,2448.16,0,0,0,0.00,0,F1,30,,,,,
2026-10-05,2026-10-05,FO,NSE,IDO,49459,,BANKNIFTY,,2026-10-27,2026-10-27,55600.00,CE,BANKNIFTY26OCT55600CE,600.45,736.10,500.00,535.20,535.00,519.20,54714.10,535.20,103800,-90,11810,19914075793.50,8840,F1,30,,,,,
2026-10-05,2026-10-05,FO,NSE,IDO,49479,,BANKNIFTY,,2026-10-27,2026-10-27,56500.00,CE,BANKNIFTY26OCT56500CE,265.60,369.90,241.00,256.10,253.25,254.85,54714.10,256.10,777480,8370,50047,85264716711.00,27565,F1,30,,,,,
2026-10-05,2026-10-05,FO,NSE,IDO,49527,,BANKNIFTY,,2026-10-27,2026-10-27,58300.00,CE,BANKNIFTY26OCT58300CE,65.00,79.95,47.50,51.00,51.00,55.85,54714.10,51.00,63750,-3480,2950,5164419847.50,1470,F1,30,,,,,
2026-10-05,2026-10-05,FO,NSE,IDO,49539,,BANKNIFTY,,2026-10-27,2026-10-27,58700.00,CE,BANKNIFTY26OCT58700CE,0.00,0.00,0.00,1892.20,0.00,1892.20,54714.10,45.56,0,0,0,0.00,0,F1,30,,,,,
2026-10-05,2026-10-05,FO,NSE,IDO,49558,,BANKNIFTY,,2026-10-27,2026-10-27,59400.00,CE,BANKNIFTY26OCT59400CE,0.00,0.00,0.00,1625.20,0.00,1625.20,54714.10,21.80,0,0,0,0.00,0,F1,30,,,,,
2026-10-05,2026-10-05,FO,NSE,IDO,49607,,BANKNIFTY,,2026-10-27,2026-10-27,61500.00,CE,BANKNIFTY26OCT61500CE,10.30,10.55,8.30,9.50,9.60,10.05,54714.10,9.50,44190,5340,1013,1869280869.00,635,F1,30,,,,,
2026-10-05,2026-10-05,FO,NSE,IDO,49632,,BANKNIFTY,,2026-10-27,2026-10-27,62600.00,CE,BANKNIFTY26OCT62600CE,8.00,8.00,7.05,7.05,7.05,6.40,54714.10,0.35,330,-240,19,35686276.50,9,F1,30,,,,,
2026-10-05,2026-10-05,FO,NSE,IDO,49645,,BANKNIFTY,,2026-10-27,2026-10-27,62900.00,CE,BANKNIFTY26OCT62900CE,0.00,0.00,0.00,7.00,7.00,7.00,54714.10,0.22,210,0,0,0.00,0,F1,30,,,,,
2026-10-05,2026-10-05,FO,NSE,IDO,49647,,BANKNIFTY,,2026-10-27,2026-10-27,63000.00,CE,BANKNIFTY26OCT63000CE,6.75,7.80,5.50,6.60,7.00,6.45,54714.10,6.60,123120,930,2535,4791652390.50,1500,F1,30,,,,,
2026-10-05,2026-10-05,FO,NSE,IDO,62005,,BANKNIFTY,,2026-11-23,2026-11-23,49900.00,CE,BANKNIFTY26NOV49900CE,0.00,0.00,0.00,5349.00,5349.00,5349.00,54714.10,5245.02,0,0,0,0.00,0,F1,30,,,,,
2026-10-05,2026-10-05,FO,NSE,IDO,62019,,BANKNIFTY,,2026-11-23,2026-11-23,50400.00,CE,BANKNIFTY26NOV50400CE,0.00,0.00,0.00,8032.65,0.00,8032.65,54714.10,4779.37,0,0,0,0.00,0,F1,30,,,,,
2026-10-05,2026-10-05,FO,NSE,IDO,62091,,BANKNIFTY,,2026-11-23,2026-11-23,52700.00,CE,BANKNIFTY26NOV52700CE,0.00,0.00,0.00,2526.05,2526.05,2526.05,54714.10,2826.01,60,0,0,0.00,0,F1,30,,,,,
2026-10-05,2026-10-05,FO,NSE,IDO,62093,,BANKNIFTY,,2026-11-23,2026-11-23,52800.00,CE,BANKNIFTY26NOV52800CE,0.00,0.00,0.00,2490.60,2490.60,2490.60,54714.10,2750.74,90,0,0,0.00,0,F1,30,,,,,
2026-10-05,2026-10-05,FO,NSE,IDO,62147,,BANKNIFTY,,2026-11-23,2026-11-23,54600.00,CE,BANKNIFTY26NOV54600CE,1766.15,1766.15,1487.00,1517.90,1514.10,1479.50,54714.10,1517.90,750,-150,33,55627906.50,21,F1,30,,,,,
2026-10-05,2026-10-05,FO,NSE,IDO,62165,,BANKNIFTY,,2026-11-23,2026-11-23,55500.00,CE,BANKNIFTY26NOV55500CE,1100.00,1250.40,967.25,1019.45,1020.00,972.10,54714.10,1019.45,25410,3150,714,1212446953.50,551,F1,30,,,,,
2026-10-05,2026-10-05,FO,NSE,IDO,62224,,BANKNIFTY,,2026-11-23,2026-11-23,57700.00,CE,BANKNIFTY26NOV57700CE,334.50,349.05,302.00,302.00,302.00,278.00,54714.10,433.01,5820,-930,54,94005447.00,35,F1,30,,,,,
2026-10-05,2026-10-05,FO,NSE,IDO,62265,,BANKNIFTY,,2026-11-23,2026-11-23,58500.00,CE,BANKNIFTY26NOV58500CE,214.85,216.35,164.85,172.50,164.85,177.45,54714.10,172.50,47880,-15540,1985,3495092275.50,1227,F1,30,,,,,
2026-10-05,2026-10-05,FO,NSE,IDO,62297,,BANKNIFTY,,2026-11-23,2026-11-23,59800.00,CE,BANKNIFTY26NOV59800CE,0.00,0.00,0.00,1693.70,0.00,1693.70,54714.10,138.39,0,0,0,0.00,0,F1,30,,,,,
2026-10-05,2026-10-05,FO,NSE,IDO,62309,,BANKNIFTY,,2026-11-23,2026-11-23,60300.00,CE,BANKNIFTY26NOV60300CE,0.00,0.00,0.00,1511.35,0.00,1511.35,54714.10,102.16,0,0,0,0.00,0,F1,30,,,,,
2026-10-05,2026-10-05,FO,NSE,IDO,62358,,BANKNIFTY,,2026-11-23,2026-11-23,61500.00,CE,BANKNIFTY26NOV61500CE,0.00,0.00,0.00,1134.30,0.00,1134.30,54714.10,46.92,0,0,0,0.00,0,F1,30,,,,,
2026-10-05,2026-10-05,FO,NSE,IDO,62388,,BANKNIFTY,,2026-11-23,2026-11-23,61600.00,CE,BANKNIFTY26NOV61600CE,0.00,0.00,0.00,1106.55,0.00,1106.55,54714.10,43.84,0,0,0,0.00,0,F1,30,,,,,
2026-10-05,2026-10-05,FO,NSE,IDO,62481,,BANKNIFTY,,2026-11-23,2026-11-23,62200.00,CE,BANKNIFTY26NOV62200CE,0.00,0.00,0.00,953.75,0.00,953.75,54714.10,28.87,0,0,0,0.00,0,F1,30,,,,,
2026-10-05,2026-10-05,FO,NSE,IDO,62517,,BANKNIFTY,,2026-11-23,2026-11-23,62900.00,CE,BANKNIFTY26NOV62900CE,0.00,0.00,0.00,793.40,0.00,793.40,54714.10,17.35,0,0,0,0.00,0,F1,30,,,,,
2026-10-05,2026-10-05,FO,NSE,IDO,59461,,BANKNIFTY,,2026-12-29,2026-12-29,50100.00,CE,BANKNIFTY26DEC50100CE,0.00,0.00,0.00,5353.40,0.00,5353.40,54714.10,5449.60,0,0,0,0.00,0,F1,30,,,,,
2026-10-05,2026-10-05,FO,NSE,IDO,59505,,BANKNIFTY,,2026-12-29,2026-12-29,52400.00,CE,BANKNIFTY26DEC52400CE,0.00,0.00,0.00,3652.30,0.00,3652.30,54714.10,3575.02,0,0,0,0.00,0,F1,30,,,,,
2026-10-05,2026-10-05,FO,NSE,IDO,59511,,BANKNIFTY,,2026-12-29,2026-12-29,52800.00,CE,BANKNIFTY26DEC52800CE,0.00,0.00,0.00,3391.70,0.00,3391.70,54714.10,3285.86,0,0,0,0.00,0,F1,30,,,,,
2026-10-05,2026-10-05,FO,NSE,IDO,59517,,BANKNIFTY,,2026-12-29,2026-12-29,53100.00,CE,BANKNIFTY26DEC53100CE,0.00,0.00,0.00,3203.60,0.00,3203.60,54714.10,3077.35,0,0,0,0.00,0,F1,30,,,,,
2026-10-05,2026-10-05,FO,NSE,IDO,59537,,BANKNIFTY,,2026-12-29,2026-12-29,54200.00,CE,BANKNIFTY26DEC54200CE,0.00,0.00,0.00,2569.35,0.00,2569.35,54714.10,2377.88,0,0,0,0.00,0,F1,30,,,,,
2026-10-05,2026-10-05,FO,NSE,IDO,59603,,BANKNIFTY,,2026-12-29,2026-12-29,55700.00,CE,BANKNIFTY26DEC55700CE,1603.70,1603.70,1332.35,1332.35,1332.35,1330.00,54714.10,1597.35,480,-30,3,5143458.00,3,F1,30,,,,,
2026-10-05,2026-10-05,FO,NSE,IDO,59609,,BANKNIFTY,,2026-12-29,2026-12-29,56000.00,CE,BANKNIFTY26DEC56000CE,1400.00,1430.00,1170.00,1232.95,1214.60,1187.50,54714.10,1232.95,5280,1020,163,280114744.50,123,F1,30,,,,,
2026-10-05,2026-10-05,FO,NSE,IDO,53248,,BANKNIFTY,,2026-12-29,2026-12-29,64500.00,CE,BANKNIFTY26DEC64500CE,0.00,0.00,0.00,3029.80,0.00,3029.80,54714.10,49.50,0,0,0,0.00,0,F1,30,,,,,
2026-10-05,2026-10-05,FO,NSE,IDO,76388,,BANKNIFTY,,2027-03-30,2027-03-30,49500.00,CE,BANKNIFTY27MAR49500CE,0.00,0.00,0.00,6266.75,0.00,6266.75,54714.10,6901.54,0,0,0,0.00,0,F1,30,,,,,
2026-10-05,2026-10-05,FO,NSE,IDO,76400,,BANKNIFTY,,2027-03-30,2027-03-30,58500.00,CE,BANKNIFTY27MAR58500CE,0.00,0.00,0.00,2367.80,0.00,2367.80,54714.10,1567.08,0,0,0,0.00,0,F1,30,,,,,
2026-10-05,2026-10-05,FO,NSE,IDO,76402,,BANKNIFTY,,2027-03-30,2027-03-30,60000.00,CE,BANKNIFTY27MAR60000CE,720.00,720.00,630.00,670.00,670.00,637.50,54714.10,670.00,9510,1260,93,169301332.50,78,F1,30,,,,,
2026-10-05,2026-10-05,FO,NSE,IDO,70786,,BANKNIFTY,,2027-06-29,2027-06-29,54000.00,CE,BANKNIFTY27JUN54000CE,0.00,0.00,0.00,8730.20,0.00,8730.20,54714.10,4615.68,0,0,0,0.00,0,F1,30,,,,,
2026-10-05,2026-10-05,FO,NSE,IDO,60183,,BANKNIFTY,,2027-09-28,2027-09-28,57000.00,CE,BANKNIFTY27SEP57000CE,0.00,0.00,0.00,4506.30,0.00,4506.30,54714.10,3885.38,0,0,0,0.00,0,F1,30,,,,,
2026-10-05,2026-10-05,FO,NSE,IDO,49307,,BANKNIFTY,,2026-10-27,2026-10-27,49800.00,PE,BANKNIFTY26OCT49800PE,58.90,58.90,33.50,45.20,45.65,57.50,54714.10,45.20,4410,930,593,886725745.50,430,F1,30,,,,,
2026-10-05,2026-10-05,FO,NSE,IDO,49311,,BANKNIFTY,,2026-10-27,2026-10-27,50000.00,PE,BANKNIFTY26OCT50000PE,51.00,63.60,36.25,50.10,49.05,62.65,54714.10,50.10,471630,8250,26400,39637875960.00,13452,F1,30,,,,,
2026-10-05,2026-10-05,FO,NSE,IDO,49386,,BANKNIFTY,,2026-10-27,2026-10-27,52900.00,PE,BANKNIFTY26OCT52900PE,248.00,330.95,174.20,261.80,253.95,310.40,54714.10,261.80,26340,4350,3077,4905925741.50,2067,F1,30,,,,,
2026-10-05,2026-10-05,FO,NSE,IDO,49458,,BANKNIFTY,,2026-10-27,2026-10-27,55500.00,PE,BANKNIFTY26OCT55500PE,1070.30,1330.10,851.05,1159.70,1142.40,1270.30,54714.10,1159.70,377790,-24030,22733,38542940002.50,17006,F1,30,,,,,
2026-10-05,2026-10-05,FO,NSE,IDO,49486,,BANKNIFTY,,2026-10-27,2026-10-27,56600.00,PE,BANKNIFTY26OCT56600PE,1598.00,1930.60,1540.00,1917.80,1930.60,2038.30,54714.10,1917.80,17910,-120,12,21029556.00,10,F1,30,,,,,
2026-10-05,2026-10-05,FO,NSE,IDO,49562,,BANKNIFTY,,2026-10-27,2026-10-27,59500.00,PE,BANKNIFTY26OCT59500PE,4283.55,4602.15,4100.00,4602.10,4602.15,4775.00,54714.10,4602.10,12090,-150,15,28751758.50,14,F1,30,,,,,
2026-10-05,2026-10-05,FO,NSE,IDO,49574,,BANKNIFTY,,2026-10-27,2026-10-27,60000.00,PE,BANKNIFTY26OCT60000PE,4800.00,5200.00,4546.00,5038.80,5057.65,5174.60,54714.10,5038.80,271350,150,250,486138909.00,168,F1,30,,,,,
2026-10-05,2026-10-05,FO,NSE,IDO,49578,,BANKNIFTY,,2026-10-27,2026-10-27,60200.00,PE,BANKNIFTY26OCT60200PE,0.00,0.00,0.00,2298.30,2298.30,2298.30,54714.10,5295.38,90,0,0,0.00,0,F1,30,,,,,
2026-10-05,2026-10-05,FO,NSE,IDO,49584,,BANKNIFTY,,2026-10-27,2026-10-27,60500.00,PE,BANKNIFTY26OCT60500PE,5101.05,5604.15,5063.30,5604.15,5604.15,5663.65,54714.10,5604.15,6330,-120,5,9853090.50,5,F1,30,,,,,
2026-10-05,2026-10-05,FO,NSE,IDO,49614,,BANKNIFTY,,2026-10-27,2026-10-27,61700.00,PE,BANKNIFTY26OCT61700PE,0.00,0.00,0.00,4965.40,0.00,4965.40,54714.10,6782.96,0,0,0,0.00,0,F1,30,,,,,
2026-10-05,2026-10-05,FO,NSE,IDO,49637,,BANKNIFTY,,2026-10-27,2026-10-27,62600.00,PE,BANKNIFTY26OCT62600PE,0.00,0.00,0.00,5656.20,0.00,5656.20,54714.10,7679.07,0,0,0,0.00,0,F1,30,,,,,
2026-10-05,2026-10-05,FO,NSE,IDO,49646,,BANKNIFTY,,2026-10-27,2026-10-27,62900.00,PE,BANKNIFTY26OCT62900PE,0.00,0.00,0.00,5894.85,0.00,5894.85,54714.10,7977.95,0,0,0,0.00,0,F1,30,,,,,
2026-10-05,2026-10-05,FO,NSE,IDO,49648,,BANKNIFTY,,2026-10-27,2026-10-27,63000.00,PE,BANKNIFTY26OCT63000PE,7697.00,8045.00,7697.00,7942.55,7942.55,7900.25,54714.10,8077.59,61500,30,17,36192790.50,16,F1,30,,,,,
2026-10-05,2026-10-05,FO,NSE,IDO,49667,,BANKNIFTY,,2026-10-27,2026-10-27,63800.00,PE,BANKNIFTY26OCT63800PE,0.00,0.00,0.00,6631.70,0.00,6631.70,54714.10,8874.81,0,0,0,0.00,0,F1,30,,,,,
2026-10-05,2026-10-05,FO,NSE,IDO,62024,,BANKNIFTY,,2026-11-23,2026-11-23,50500.00,PE,BANKNIFTY26NOV50500PE,130.00,204.55,130.00,175.00,174.95,197.75,54714.10,175.00,3090,960,48,72962580.00,29,F1,30,,,,,
2026-10-05,2026-10-05,FO,NSE,IDO,62040,,BANKNIFTY,,2026-11-23,2026-11-23,51000.00,PE,BANKNIFTY26NOV51000PE,190.05,256.75,168.80,216.70,216.20,243.55,54714.10,216.70,36480,1080,591,907746879.00,388,F1,30,,,,,
2026-10-05,2026-10-05,FO,NSE,IDO,62042,,BANKNIFTY,,2026-11-23,2026-11-23,51100.00,PE,BANKNIFTY26NOV51100PE,185.35,258.55,181.10,226.55,226.40,250.65,54714.10,226.55,2250,-360,19,29241522.00,11,F1,30,,,,,
2026-10-05,2026-10-05,FO,NSE,IDO,62076,,BANKNIFTY,,2026-11-23,2026-11-23,51900.00,PE,BANKNIFTY26NOV51900PE,246.65,315.00,246.65,308.70,308.70,375.95,54714.10,308.70,600,90,4,6263169.00,4,F1,30,,,,,
2026-10-05,2026-10-05,FO,NSE,IDO,62084,,BANKNIFTY,,2026-11-23,2026-11-23,52300.00,PE,BANKNIFTY26NOV52300PE,285.80,409.40,279.15,368.50,359.75,399.55,54714.10,368.50,3540,1380,137,216290272.50,78,F1,30,,,,,
2026-10-05,2026-10-05,FO,NSE,IDO,62216,,BANKNIFTY,,2026-11-23,2026-11-23,57400.00,PE,BANKNIFTY26NOV57400PE,0.00,0.00,0.00,2316.90,2316.90,2316.90,54714.10,2764.37,180,0,0,0.00,0,F1,30,,,,,
2026-10-05,2026-10-05,FO,NSE,IDO,62286,,BANKNIFTY,,2026-11-23,2026-11-23,59300.00,PE,BANKNIFTY26NOV59300PE,0.00,0.00,0.00,2796.65,0.00,2796.65,54714.10,4334.85,0,0,0,0.00,0,F1,30,,,,,
2026-10-05,2026-10-05,FO,NSE,IDO,62312,,BANKNIFTY,,2026-11-23,2026-11-23,60400.00,PE,BANKNIFTY26NOV60400PE,0.00,0.00,0.00,3465.25,0.00,3465.25,54714.10,5337.58,0,0,0,0.00,0,F1,30,,,,,
2026-10-05,2026-10-05,FO,NSE,IDO,62324,,BANKNIFTY,,2026-11-23,2026-11-23,60800.00,PE,BANKNIFTY26NOV60800PE,0.00,0.00,0.00,3726.70,0.00,3726.70,54714.10,5713.14,0,0,0,0.00,0,F1,30,,,,,
2026-10-05,2026-10-05,FO,NSE,IDO,62482,,BANKNIFTY,,2026-11-23,2026-11-23,62200.00,PE,BANKNIFTY26NOV62200PE,0.00,0.00,0.00,4715.50,0.00,4715.50,54714.10,7057.20,0,0,0,0.00,0,F1,30,,,,,
2026-10-05,2026-10-05,FO,NSE,IDO,62514,,BANKNIFTY,,2026-11-23,2026-11-23,62800.00,PE,BANKNIFTY26NOV62800PE,7563.30,7563.30,7563.30,7563.30,7563.30,5167.55,54714.10,7642.61,30,30,1,2110899.00,1,F1,30,,,,,
2026-10-05,2026-10-05,FO,NSE,IDO,59450,,BANKNIFTY,,2026-12-29,2026-12-29,49400.00,PE,BANKNIFTY26DEC49400PE,0.00,0.00,0.00,244.15,244.15,244.15,54714.10,133.53,390,0,0,0.00,0,F1,30,,,,,
2026-10-05,2026-10-05,FO,NSE,IDO,59460,,BANKNIFTY,,2026-12-29,2026-12-29,50000.00,PE,BANKNIFTY26DEC50000PE,190.05,250.00,150.00,229.00,223.75,243.90,54714.10,229.00,4740,3120,238,358519848.00,126,F1,30,,,,,
2026-10-05,2026-10-05,FO,NSE,IDO,59522,,BANKNIFTY,,2026-12-29,2026-12-29,53300.00,PE,BANKNIFTY26DEC53300PE,589.40,645.10,560.35,645.10,645.10,779.70,54714.10,850.03,150,90,11,17787670.50,9,F1,30,,,,,
2026-10-05,2026-10-05,FO,NSE,IDO,59637,,BANKNIFTY,,2026-12-29,2026-12-29,56600.00,PE,BANKNIFTY26DEC56600PE,0.00,0.00,0.00,3000.00,0.00,3000.00,54714.10,2390.64,0,0,0,0.00,0,F1,30,,,,,
2026-10-05,2026-10-05,FO,NSE,IDO,59819,,BANKNIFTY,,2026-12-29,2026-12-29,58100.00,PE,BANKNIFTY26DEC58100PE,2873.75,2873.75,2873.75,2873.75,2873.75,3367.95,54714.10,3398.65,240,30,1,1829212.50,1,F1,30,,,,,
2026-10-05,2026-10-05,FO,NSE,IDO,59821,,BANKNIFTY,,2026-12-29,2026-12-29,58200.00,PE,BANKNIFTY26DEC58200PE,0.00,0.00,0.00,4072.60,0.00,4072.60,54714.10,3471.82,0,0,0,0.00,0,F1,30,,,,,
2026-10-05,2026-10-05,FO,NSE,IDO,59849,,BANKNIFTY,,2026-12-29,2026-12-29,59600.00,PE,BANKNIFTY26DEC59600PE,0.00,0.00,0.00,5132.40,0.00,5132.40,54714.10,4563.38,0,0,0,0.00,0,F1,30,,,,,
2026-10-05,2026-10-05,FO,NSE,IDO,76387,,BANKNIFTY,,2027-03-30,2027-03-30,48000.00,PE,BANKNIFTY27MAR48000PE,0.00,0.00,0.00,1572.45,0.00,1572.45,54714.10,219.68,0,0,0,0.00,0,F1,30,,,,,
2026-10-05,2026-10-05,FO,NSE,IDO,70793,,BANKNIFTY,,2027-06-29,2027-06-29,57000.00,PE,BANKNIFTY27JUN57000PE,0.00,0.00,0.00,2500.00,2500.00,2500.00,54714.10,3081.02,90,0,0,0.00,0,F1,30,,,,,
2026-10-05,2026-10-05,FO,NSE,IDO,60169,,BANKNIFTY,,2027-09-28,2027-09-28,51000.00,PE,BANKNIFTY27SEP51000PE,0.00,0.00,0.00,1657.10,0.00,1657.10,54714.10,1066.73,0,0,0,0.00,0,F1,30,,,,,
2026-10-05,2026-10-05,FO,NSE,IDO,60186,,BANKNIFTY,,2027-09-28,2027-09-28,58500.00,PE,BANKNIFTY27SEP58500PE,0.00,0.00,0.00,4750.35,0.00,4750.35,54714.10,3934.55,0,0,0,0.00,0,F1,30,,,,,
2026-10-05,2026-10-05,FO,NSE,IDO,49312,,BANKNIFTY,,2026-10-27,2026-10-27,50100.00,CE,BANKNIFTY26OCT50100CE,0.00,0.00,0.00,7640.30,0.00,7640.30,54714.10,4788.34,0,0,0,0.00,0,F1,30,,,,,
2026-10-05,2026-10-05,FO,NSE,IDO,49331,,BANKNIFTY,,2026-10-27,2026-10-27,50800.00,CE,BANKNIFTY26OCT50800CE,0.00,0.00,0.00,7027.75,0.00,7027.75,54714.10,4104.19,0,0,0,0.00,0,F1,30,,,,,
2026-10-05,2026-10-05,FO,NSE,IDO,49345,,BANKNIFTY,,2026-10-27,2026-10-27,51200.00,CE,BANKNIFTY26OCT51200CE,0.00,0.00,0.00,6685.95,0.00,6685.95,54714.10,3719.70,0,0,0,0.00,0,F1,30,,,,,
2026-10-05,2026-10-05,FO,NSE,IDO,49363,,BANKNIFTY,,2026-10-27,2026-10-27,51800.00,CE,BANKNIFTY26OCT51800CE,0.00,0.00,0.00,3469.00,3469.00,3469.00,54714.10,3157.22,30,0,0,0.00,0,F1,30,,,,,
2026-10-05,2026-10-05,FO,NSE,IDO,60184,,BANKNIFTY,,2027-09-28,2027-09-28,57000.00,PE,BANKNIFTY27SEP57000PE,0.00,0.00,0.00,3978.60,0.00,3978.60,54714.10,3177.87,0,0,0,0.00,0,F1,30,,,,,
2026-10-05,2026-10-05,FO,NSE,IDO,59918,,BANKNIFTY,,2026-12-29,2026-12-29,62000.00,PE,BANKNIFTY26DEC62000PE,0.00,0.00,0.00,7148.20,0.00,7148.20,54714.10,6658.61,0,0,0,0.00,0,F1,30,,,,,
2026-10-05,2026-10-05,FO,NSE,IDO,59878,,BANKNIFTY,,2026-12-29,2026-12-29,60500.00,PE,BANKNIFTY26DEC60500PE,0.00,0.00,0.00,5862.45,0.00,5862.45,54714.10,5321.70,0,0,0,0.00,0,F1,30,,,,,
2026-10-05,2026-10-05,FO,NSE,IDO,59872,,BANKNIFTY,,2026-12-29,2026-12-29,60300.00,PE,BANKNIFTY26DEC60300PE,0.00,0.00,0.00,5697.25,0.00,5697.25,54714.10,5149.92,0,0,0,0.00,0,F1,30,,,,,
2026-10-05,2026-10-05,FO,NSE,IDO,59839,,BANKNIFTY,,2026-12-29,2026-12-29,59200.00,PE,BANKNIFTY26DEC59200PE,0.00,0.00,0.00,4819.65,0.00,4819.65,54714.10,4239.56,0,0,0,0.00,0,F1,30,,,,,
2026-10-05,2026-10-05,FO,NSE,IDO,53229,,BANKNIFTY,,2026-12-29,2026-12-29,57000.00,PE,BANKNIFTY26DEC57000PE,1985.15,2300.00,1900.00,2210.65,2200.00,2305.60,54714.10,2210.65,116310,-30,220,389864631.00,150,F1,30,,,,,
2026-10-05,2026-10-05,FO,NSE,IDO,59610,,BANKNIFTY,,2026-12-29,2026-12-29,56000.00,PE,BANKNIFTY26DEC56000PE,1420.00,1766.05,1393.50,1668.20,1680.00,1880.00,54714.10,1668.20,2940,2220,267,461406772.50,171,F1,30,,,,,
2026-10-05,2026-10-05,FO,NSE,IDO,59544,,BANKNIFTY,,2026-12-29,2026-12-29,54500.00,PE,BANKNIFTY26DEC54500PE,870.00,1099.00,850.00,1033.00,1033.00,1089.70,54714.10,1033.00,1260,60,45,74893998.00,37,F1,30,,,,,
2026-10-05,2026-10-05,FO,NSE,IDO,59540,,BANKNIFTY,,2026-12-29,2026-12-29,54300.00,PE,BANKNIFTY26DEC54300PE,820.85,1027.55,794.40,944.50,944.50,1199.40,54714.10,1214.39,270,30,7,11588644.50,7,F1,30,,,,,
2026-10-05,2026-10-05,FO,NSE,IDO,59534,,BANKNIFTY,,2026-12-29,2026-12-29,53900.00,PE,BANKNIFTY26DEC53900PE,692.30,701.35,685.85,685.85,685.85,1056.65,54714.10,1058.15,210,30,3,4913385.00,3,F1,30,,,,,
2026-10-05,2026-10-05,FO,NSE,IDO,59456,,BANKNIFTY,,2026-12-29,2026-12-29,49800.00,PE,BANKNIFTY26DEC49800PE,233.00,233.00,233.00,233.00,233.00,272.10,54714.10,167.80,480,90,3,4502970.00,1,F1,30,,,,,
2026-10-05,2026-10-05,FO,NSE,IDO,62524,,BANKNIFTY,,2026-11-23,2026-11-23,63000.00,PE,BANKNIFTY26NOV63000PE,7197.80,7641.55,7197.80,7641.55,7641.55,7656.15,54714.10,7838.55,510,0,2,4225180.50,2,F1,30,,,,,
2026-10-05,2026-10-05,FO,NSE,IDO,62488,,BANKNIFTY,,2026-11-23,2026-11-23,62500.00,PE,BANKNIFTY26NOV62500PE,7266.15,7266.15,7266.15,7266.15,7266.15,4940.60,54714.10,7349.40,30,30,1,2092984.50,1,F1,30,,,,,
2026-10-05,2026-10-05,FO,NSE,IDO,62462,,BANKNIFTY,,2026-11-23,2026-11-23,62100.00,PE,BANKNIFTY26NOV62100PE,0.00,0.00,0.00,4641.50,0.00,4641.50,54714.10,6960.06,0,0,0,0.00,0,F1,30,,,,,
2026-10-05,2026-10-05,FO,NSE,IDO,62347,,BANKNIFTY,,2026-11-23,2026-11-23,61300.00,PE,BANKNIFTY26NOV61300PE,0.00,0.00,0.00,4066.60,0.00,4066.60,54714.10,6188.64,0,0,0,0.00,0,F1,30,,,,,
2026-10-05,2026-10-05,FO,NSE,IDO,62322,,BANKNIFTY,,2026-11-23,2026-11-23,60700.00,PE,BANKNIFTY26NOV60700PE,0.00,0.00,0.00,3660.45,0.00,3660.45,54714.10,5618.81,0,0,0,0.00,0,F1,30,,,,,
2026-10-05,2026-10-05,FO,NSE,IDO,62316,,BANKNIFTY,,2026-11-23,2026-11-23,60600.00,PE,BANKNIFTY26NOV60600PE,0.00,0.00,0.00,3594.80,0.00,3594.80,54714.10,5524.76,0,0,0,0.00,0,F1,30,,,,,
2026-10-05,2026-10-05,FO,NSE,IDO,62296,,BANKNIFTY,,2026-11-23,2026-11-23,59700.00,PE,BANKNIFTY26NOV59700PE,0.00,0.00,0.00,3031.00,0.00,3031.00,54714.10,4693.56,0,0,0,0.00,0,F1,30,,,,,
2026-10-05,2026-10-05,FO,NSE,IDO,62290,,BANKNIFTY,,2026-11-23,2026-11-23,59400.00,PE,BANKNIFTY26NOV59400PE,0.00,0.00,0.00,2854.30,0.00,2854.30,54714.10,4423.81,0,0,0,0.00,0,F1,30,,,,,
2026-10-05,2026-10-05,FO,NSE,IDO,62239,,BANKNIFTY,,2026-11-23,2026-11-23,57900.00,PE,BANKNIFTY26NOV57900PE,0.00,0.00,0.00,3047.05,3047.05,3047.05,54714.10,3152.05,90,0,0,0.00,0,F1,30,,,,,
2026-10-05,2026-10-05,FO,NSE,IDO,62194,,BANKNIFTY,,2026-11-23,2026-11-23,56500.00,PE,BANKNIFTY26NOV56500PE,1568.25,2002.70,1527.90,1868.45,1867.25,1965.80,54714.10,1868.45,26070,1230,144,251627712.00,134,F1,30,,,,,
2026-10-05,2026-10-05,FO,NSE,IDO,62051,,BANKNIFTY,,2026-11-23,2026-11-23,51300.00,PE,BANKNIFTY26NOV51300PE,195.05,259.30,195.05,259.30,259.30,226.15,54714.10,180.01,570,-120,7,10816831.50,5,F1,30,,,,,
2026-10-05,2026-10-05,FO,NSE,IDO,62030,,BANKNIFTY,,2026-11-23,2026-11-23,50700.00,PE,BANKNIFTY26NOV50700PE,156.70,222.10,156.70,203.60,203.60,160.55,54714.10,118.17,300,150,6,9158982.00,4,F1,30,,,,,
2026-10-05,2026-10-05,FO,NSE,IDO,61999,,BANKNIFTY,,2026-11-23,2026-11-23,49700.00,PE,BANKNIFTY26NOV49700PE,148.55,148.55,145.70,145.70,145.70,122.15,54714.10,54.18,150,150,5,7477197.00,2,F1,30,,,,,
2026-10-05,2026-10-05,FO,NSE,IDO,61990,,BANKNIFTY,,2026-11-23,2026-11-23,49400.00,PE,BANKNIFTY26NOV49400PE,0.00,0.00,0.00,105.45,0.00,105.45,54714.10,42.02,0,0,0,0.00,0,F1,30,,,,,
2026-10-05,2026-10-05,FO,NSE,IDO,49628,,BANKNIFTY,,2026-10-27,2026-10-27,62400.00,PE,BANKNIFTY26OCT62400PE,0.00,0.00,0.00,5499.20,0.00,5499.20,54714.10,7479.85,0,0,0,0.00,0,F1,30,,,,,
2026-10-05,2026-10-05,FO,NSE,IDO,49570,,BANKNIFTY,,2026-10-27,2026-10-27,59900.00,PE,BANKNIFTY26OCT59900PE,5000.00,5000.00,4900.00,4900.00,4900.00,2025.00,54714.10,5000.06,150,-30,2,3891000.00,2,F1,30,,,,,
2026-10-05,2026-10-05,FO,NSE,IDO,49538,,BANKNIFTY,,2026-10-27,2026-10-27,58600.00,PE,BANKNIFTY26OCT58600PE,0.00,0.00,0.00,3485.55,3485.55,3485.55,54714.10,3742.33,1710,0,0,0.00,0,F1,30,,,,,
2026-10-05,2026-10-05,FO,NSE,IDO,49521,,BANKNIFTY,,2026-10-27,2026-10-27,58000.00,PE,BANKNIFTY26OCT58000PE,2874.80,3347.00,2640.00,3126.55,3092.35,3270.30,54714.10,3126.55,1095780,-137580,5360,9799744251.00,1312,F1,30,,,,,
2026-10-05,2026-10-05,FO,NSE,IDO,49518,,BANKNIFTY,,2026-10-27,2026-10-27,57900.00,PE,BANKNIFTY26OCT57900PE,0.00,0.00,0.00,2770.00,2770.00,2770.00,54714.10,3092.47,3510,0,0,0.00,0,F1,30,,,,,
2026-10-05,2026-10-05,FO,NSE,IDO,49512,,BANKNIFTY,,2026-10-27,2026-10-27,57700.00,PE,BANKNIFTY26OCT57700PE,0.00,0.00,0.00,3301.75,3301.75,3301.75,54714.10,2912.44,2820,0,0,0.00,0,F1,30,,,,,
2026-10-05,2026-10-05,FO,NSE,IDO,49464,,BANKNIFTY,,2026-10-27,2026-10-27,55800.00,PE,BANKNIFTY26OCT55800PE,1029.20,1498.20,1016.45,1346.40,1336.20,1460.15,54714.10,1346.40,40770,660,1246,2128847502.00,819,F1,30,,,,,
2026-10-05,2026-10-05,FO,NSE,IDO,49460,,BANKNIFTY,,2026-10-27,2026-10-27,55600.00,PE,BANKNIFTY26OCT55600PE,1106.00,1390.00,901.00,1227.90,1201.85,1336.60,54714.10,1227.90,28710,4170,1905,3238656039.00,1437,F1,30,,,,,
2026-10-05,2026-10-05,FO,NSE,IDO,49440,,BANKNIFTY,,2026-10-27,2026-10-27,54900.00,PE,BANKNIFTY26OCT54900PE,803.15,1000.00,602.90,854.10,832.10,953.15,54714.10,854.10,82020,8760,36149,60382549177.50,28847,F1,30,,,,,
2026-10-05,2026-10-05,FO,NSE,IDO,49424,,BANKNIFTY,,2026-10-27,2026-10-27,54400.00,PE,BANKNIFTY26OCT54400PE,450.05,775.10,447.15,645.20,639.40,728.85,54714.10,645.20,72840,-5280,20506,33855172581.00,16511,F1,30,,,,,
2026-10-05,2026-10-05,FO,NSE,IDO,49410,,BANKNIFTY,,2026-10-27,2026-10-27,53700.00,PE,BANKNIFTY26OCT53700PE,416.15,527.60,289.20,428.10,423.50,493.15,54714.10,428.10,45270,11190,7580,12299593026.00,4992,F1,30,,,,,
2026-10-05,2026-10-05,FO,NSE,IDO,49380,,BANKNIFTY,,2026-10-27,2026-10-27,52600.00,PE,BANKNIFTY26OCT52600PE,200.00,275.70,146.05,220.15,213.70,268.50,54714.10,220.15,43410,-9720,3005,4758715888.50,1578,F1,30,,,,,
2026-10-05,2026-10-05,FO,NSE,IDO,49362,,BANKNIFTY,,2026-10-27,2026-10-27,51700.00,PE,BANKNIFTY26OCT51700PE,89.30,162.70,84.85,127.95,123.20,153.60,54714.10,127.95,24930,-30,3105,4827222286.50,1501,F1,30,,,,,
2026-10-05,2026-10-05,FO,NSE,IDO,49315,,BANKNIFTY,,2026-10-27,2026-10-27,50200.00,PE,BANKNIFTY26OCT50200PE,54.95,67.70,39.35,54.05,54.30,70.05,54714.10,54.05,39540,1710,917,1382479857.00,476,F1,30,,,,,
2026-10-05,2026-10-05,FO,NSE,IDO,49299,,BANKNIFTY,,2026-10-27,2026-10-27,49400.00,PE,BANKNIFTY26OCT49400PE,46.00,48.10,29.25,38.10,37.20,49.75,54714.10,38.10,3750,270,935,1386715390.50,476,F1,30,,,,,
2026-10-05,2026-10-05,FO,NSE,IDO,49263,,BANKNIFTY,,2026-10-27,2026-10-27,48000.00,PE,BANKNIFTY26OCT48000PE,33.20,33.20,18.65,23.45,23.20,32.40,54714.10,23.45,298410,9210,13195,19009762128.00,6582,F1,30,,,,,
2026-10-05,2026-10-05,FO,NSE,IDO,70794,,BANKNIFTY,,2027-06-29,2027-06-29,58500.00,CE,BANKNIFTY27JUN58500CE,0.00,0.00,0.00,6124.45,0.00,6124.45,54714.10,2418.46,0,0,0,0.00,0,F1,30,,,,,
2026-10-05,2026-10-05,FO,NSE,IDO,53244,,BANKNIFTY,,2026-12-29,2026-12-29,61500.00,CE,BANKNIFTY26DEC61500CE,112.95,118.40,94.55,101.00,107.95,105.55,54714.10,101.00,27420,2520,269,497201385.00,164,F1,30,,,,,
2026-10-05,2026-10-05,FO,NSE,IDO,59875,,BANKNIFTY,,2026-12-29,2026-12-29,60500.00,CE,BANKNIFTY26DEC60500CE,0.00,0.00,0.00,508.80,0.00,508.80,54714.10,305.76,0,0,0,0.00,0,F1,30,,,,,
2026-10-05,2026-10-05,FO,NSE,IDO,59856,,BANKNIFTY,,2026-12-29,2026-12-29,60100.00,CE,BANKNIFTY26DEC60100CE,0.00,0.00,0.00,574.20,0.00,574.20,54714.10,358.89,0,0,0,0.00,0,F1,30,,,,,
2026-10-05,2026-10-05,FO,NSE,IDO,53240,,BANKNIFTY,,2026-12-29,2026-12-29,60000.00,CE,BANKNIFTY26DEC60000CE,234.95,244.95,191.45,198.40,195.05,201.85,54714.10,198.40,73020,3450,671,1212091317.00,321,F1,30,,,,,
2026-10-05,2026-10-05,FO,NSE,IDO,59844,,BANKNIFTY,,2026-12-29,2026-12-29,59400.00,CE,BANKNIFTY26DEC59400CE,0.00,0.00,0.00,705.25,0.00,705.25,54714.10,470.42,0,0,0,0.00,0,F1,30,,,,,
2026-10-05,2026-10-05,FO,NSE,IDO,59834,,BANKNIFTY,,2026-12-29,2026-12-29,59000.00,CE,BANKNIFTY26DEC59000CE,0.00,0.00,0.00,792.70,0.00,792.70,54714.10,546.01,0,0,0,0.00,0,F1,30,,,,,
2026-10-05,2026-10-05,FO,NSE,IDO,59822,,BANKNIFTY,,2026-12-29,2026-12-29,58300.00,CE,BANKNIFTY26DEC58300CE,0.00,0.00,0.00,958.85,0.00,958.85,54714.10,701.74,0,0,0,0.00,0,F1,30,,,,,
2026-10-05,2026-10-05,FO,NSE,IDO,59820,,BANKNIFTY,,2026-12-29,2026-12-29,58200.00,CE,BANKNIFTY26DEC58200CE,0.00,0.00,0.00,985.25,0.00,985.25,54714.10,726.60,0,0,0,0.00,0,F1,30,,,,,
2026-10-05,2026-10-05,FO,NSE,IDO,59816,,BANKNIFTY,,2026-12-29,2026-12-29,58000.00,CE,BANKNIFTY26DEC58000CE,0.00,0.00,0.00,1039.70,0.00,1039.70,54714.10,778.41,0,0,0,0.00,0,F1,30,,,,,
2026-10-05,2026-10-05,FO,NSE,IDO,59595,,BANKNIFTY,,2026-12-29,2026-12-29,55600.00,CE,BANKNIFTY26DEC55600CE,1641.65,1641.65,1417.95,1473.35,1473.35,1380.50,54714.10,1643.10,420,0,10,17148636.00,6,F1,30,,,,,
2026-10-05,2026-10-05,FO,NSE,IDO,59559,,BANKNIFTY,,2026-12-29,2026-12-29,55300.00,CE,BANKNIFTY26DEC55300CE,1662.15,1662.15,1560.50,1560.50,1560.50,1537.80,54714.10,1785.69,240,-30,5,8540202.00,3,F1,30,,,,,
2026-10-05,2026-10-05,FO,NSE,IDO,59551,,BANKNIFTY,,2026-12-29,2026-12-29,54900.00,CE,BANKNIFTY26DEC54900CE,1801.05,1801.05,1801.05,1801.05,1801.05,1751.10,54714.10,1988.40,210,-30,1,1701031.50,1,F1,30,,,,,
2026-10-05,2026-10-05,FO,NSE,IDO,59545,,BANKNIFTY,,2026-12-29,2026-12-29,54600.00,CE,BANKNIFTY26DEC54600CE,2001.70,2001.70,2001.70,2001.70,2001.70,1898.55,54714.10,2149.92,180,0,3,5094153.00,1,F1,30,,,,,
2026-10-05,2026-10-05,FO,NSE,IDO,59523,,BANKNIFTY,,2026-12-29,2026-12-29,53400.00,CE,BANKNIFTY26DEC53400CE,0.00,0.00,0.00,3021.95,0.00,3021.95,54714.10,2876.27,0,0,0,0.00,0,F1,30,,,,,
2026-10-05,2026-10-05,FO,NSE,IDO,59519,,BANKNIFTY,,2026-12-29,2026-12-29,53200.00,CE,BANKNIFTY26DEC53200CE,0.00,0.00,0.00,3142.30,0.00,3142.30,54714.10,3009.48,0,0,0,0.00,0,F1,30,,,,,
2026-10-05,2026-10-05,FO,NSE,IDO,59515,,BANKNIFTY,,2026-12-29,2026-12-29,53000.00,CE,BANKNIFTY26DEC53000CE,3051.00,3115.00,3051.00,3115.00,3115.00,3265.60,54714.10,3146.04,90,90,4,6730230.00,4,F1,30,,,,,
2026-10-05,2026-10-05,FO,NSE,IDO,59491,,BANKNIFTY,,2026-12-29,2026-12-29,51700.00,CE,BANKNIFTY26DEC51700CE,0.00,0.00,0.00,4137.05,0.00,4137.05,54714.10,4109.85,0,0,0,0.00,0,F1,30,,,,,
2026-10-05,2026-10-05,FO,NSE,IDO,59419,,BANKNIFTY,,2026-12-29,2026-12-29,48500.00,CE,BANKNIFTY26DEC48500CE,0.00,0.00,0.00,6705.05,0.00,6705.05,54714.10,6908.31,0,0,0,0.00,0,F1,30,,,,,
2026-10-05,2026-10-05,FO,NSE,IDO,53216,,BANKNIFTY,,2026-12-29,2026-12-29,48000.00,CE,BANKNIFTY26DEC48000CE,0.00,0.00,0.00,7100.00,7100.00,7100.00,54714.10,7380.35,330,0,0,0.00,0,F1,30,,,,,
2026-10-05,2026-10-05,FO,NSE,IDO,62650,,BANKNIFTY,,2026-11-23,2026-11-23,64000.00,CE,BANKNIFTY26NOV64000CE,14.50,18.95,14.50,18.65,18.95,12.50,54714.10,18.65,810,600,25,48013836.00,8,F1,30,,,,,
2026-10-05,2026-10-05,FO,NSE,IDO,62485,,BANKNIFTY,,2026-11-23,2026-11-23,62400.00,CE,BANKNIFTY26NOV62400CE,0.00,0.00,0.00,906.25,0.00,906.25,54714.10,25.02,0,0,0,0.00,0,F1,30,,,,,
2026-10-05,2026-10-05,FO,NSE,IDO,62335,,BANKNIFTY,,2026-11-23,2026-11-23,61000.00,CE,BANKNIFTY26NOV61000CE,42.30,49.35,38.85,42.45,41.60,40.30,54714.10,42.45,54870,13410,1204,2204912410.50,577,F1,30,,,,,
2026-10-05,2026-10-05,FO,NSE,IDO,62191,,BANKNIFTY,,2026-11-23,2026-11-23,56400.00,CE,BANKNIFTY26NOV56400CE,744.00,777.35,623.05,623.05,623.05,595.80,54714.10,623.05,6810,2340,114,195419659.50,62,F1,30,,,,,
2026-10-05,2026-10-05,FO,NSE,IDO,62143,,BANKNIFTY,,2026-11-23,2026-11-23,54400.00,CE,BANKNIFTY26NOV54400CE,1880.00,1880.00,1615.10,1636.65,1635.00,1592.75,54714.10,1636.65,960,60,16,26928237.00,13,F1,30,,,,,
2026-10-05,2026-10-05,FO,NSE,IDO,62050,,BANKNIFTY,,2026-11-23,2026-11-23,51300.00,CE,BANKNIFTY26NOV51300CE,0.00,0.00,0.00,7228.05,0.00,7228.05,54714.10,3971.49,0,0,0,0.00,0,F1,30,,,,,
2026-10-05,2026-10-05,FO,NSE,IDO,49597,,BANKNIFTY,,2026-10-27,2026-10-27,61100.00,CE,BANKNIFTY26OCT61100CE,11.95,12.45,9.20,11.30,9.20,11.65,54714.10,11.30,54870,-240,387,709505367.00,275,F1,30,,,,,
2026-10-05,2026-10-05,FO,NSE,IDO,49577,,BANKNIFTY,,2026-10-27,2026-10-27,60200.00,CE,BANKNIFTY26OCT60200CE,19.50,19.50,15.05,15.80,15.95,1355.75,54714.10,15.80,1650,1650,90,162587166.00,41,F1,30,,,,,
2026-10-05,2026-10-05,FO,NSE,IDO,49567,,BANKNIFTY,,2026-10-27,2026-10-27,59800.00,CE,BANKNIFTY26OCT59800CE,23.70,23.70,18.70,20.25,21.55,1485.85,54714.10,20.25,2820,2820,107,192027595.50,44,F1,30,,,,,
2026-10-05,2026-10-05,FO,NSE,IDO,49550,,BANKNIFTY,,2026-10-27,2026-10-27,59200.00,CE,BANKNIFTY26OCT59200CE,34.00,34.00,22.70,26.20,25.50,29.10,54714.10,26.20,30240,-2040,1093,1942099698.00,570,F1,30,,,,,
2026-10-05,2026-10-05,FO,NSE,IDO,49517,,BANKNIFTY,,2026-10-27,2026-10-27,57900.00,CE,BANKNIFTY26OCT57900CE,90.00,100.00,68.05,71.60,69.45,76.55,54714.10,71.60,47370,6270,2618,4553952496.50,1664,F1,30,,,,,
2026-10-05,2026-10-05,FO,NSE,IDO,49481,,BANKNIFTY,,2026-10-27,2026-10-27,56600.00,CE,BANKNIFTY26OCT56600CE,295.00,344.05,221.20,235.40,232.80,234.75,54714.10,235.40,87930,-3900,5338,9108011116.50,3985,F1,30,,,,,
2026-10-05,2026-10-05,FO,NSE,IDO,49451,,BANKNIFTY,,2026-10-27,2026-10-27,55400.00,CE,BANKNIFTY26OCT55400CE,710.30,841.95,570.00,618.15,618.55,598.35,54714.10,618.15,53850,9330,15666,26370012777.00,12499,F1,30,,,,,
2026-10-05,2026-10-05,FO,NSE,IDO,49448,,BANKNIFTY,,2026-10-27,2026-10-27,55300.00,CE,BANKNIFTY26OCT55300CE,749.95,895.20,617.60,665.05,656.90,641.35,54714.10,665.05,110760,32850,24001,40366940311.50,18557,F1,30,,,,,
2026-10-05,2026-10-05,FO,NSE,IDO,49427,,BANKNIFTY,,2026-10-27,2026-10-27,54600.00,CE,BANKNIFTY26OCT54600CE,950.40,1330.65,950.40,1032.60,1037.15,987.95,54714.10,1032.60,66990,1890,28425,47485979989.50,21500,F1,30,,,,,
2026-10-05,2026-10-05,FO,NSE,IDO,49394,,BANKNIFTY,,2026-10-27,2026-10-27,53300.00,CE,BANKNIFTY26OCT53300CE,2300.00,2300.00,1986.95,2015.45,2015.45,1878.75,54714.10,1884.16,2220,-150,15,24922867.50,6,F1,30,,,,,
2026-10-05,2026-10-05,FO,NSE,IDO,49292,,BANKNIFTY,,2026-10-27,2026-10-27,49200.00,CE,BANKNIFTY26OCT49200CE,0.00,0.00,0.00,8451.15,0.00,8451.15,54714.10,5679.00,0,0,0,0.00,0,F1,30,,,,,
2026-10-05,2026-10-05,FO,NSE,IDO,49365,,BANKNIFTY,,2026-10-27,2026-10-27,51900.00,CE,BANKNIFTY26OCT51900CE,0.00,0.00,0.00,6103.80,0.00,6103.80,54714.10,3065.65,0,0,0,0.00,0,F1,30,,,,,
2026-10-05,2026-10-05,FO,NSE,IDO,60165,,BANKNIFTY,,2027-09-28,2027-09-28,49500.00,PE,BANKNIFTY27SEP49500PE,0.00,0.00,0.00,1264.05,0.00,1264.05,54714.10,754.64,0,0,0,0.00,0,F1,30,,,,,
2026-10-05,2026-10-05,FO,NSE,IDO,70771,,BANKNIFTY,,2027-06-29,2027-06-29,52500.00,PE,BANKNIFTY27JUN52500PE,0.00,0.00,0.00,1541.40,0.00,1541.40,54714.10,1280.58,0,0,0,0.00,0,F1,30,,,,,
2026-10-05,2026-10-05,FO,NSE,IDO,76401,,BANKNIFTY,,2027-03-30,2027-03-30,58500.00,PE,BANKNIFTY27MAR58500PE,0.00,0.00,0.00,6512.10,0.00,6512.10,54714.10,3821.92,0,0,0,0.00,0,F1,30,,,,,
2026-10-05,2026-10-05,FO,NSE,IDO,59874,,BANKNIFTY,,2026-12-29,2026-12-29,60400.00,PE,BANKNIFTY26DEC60400PE,0.00,0.00,0.00,5779.65,0.00,5779.65,54714.10,5235.59,0,0,0,0.00,0,F1,30,,,,,
2026-10-05,2026-10-05,FO,NSE,IDO,59843,,BANKNIFTY,,2026-12-29,2026-12-29,59300.00,PE,BANKNIFTY26DEC59300PE,0.00,0.00,0.00,4897.10,0.00,4897.10,54714.10,4319.68,0,0,0,0.00,0,F1,30,,,,,
2026-10-05,2026-10-05,FO,NSE,IDO,59831,,BANKNIFTY,,2026-12-29,2026-12-29,58800.00,PE,BANKNIFTY26DEC58800PE,0.00,0.00,0.00,4516.65,0.00,4516.65,54714.10,3924.93,0,0,0,0.00,0,F1,30,,,,,
2026-10-05,2026-10-05,FO,NSE,IDO,59823,,BANKNIFTY,,2026-12-29,2026-12-29,58300.00,PE,BANKNIFTY26DEC58300PE,2992.50,2999.10,2992.50,2999.10,2999.10,3369.00,54714.10,3545.68,270,60,2,3677748.00,2,F1,30,,,,,
2026-10-05,2026-10-05,FO,NSE,IDO,59813,,BANKNIFTY,,2026-12-29,2026-12-29,57800.00,PE,BANKNIFTY26DEC57800PE,2728.30,2728.30,2697.20,2697.20,2697.20,3789.75,54714.10,3183.36,150,150,5,9078312.00,2,F1,30,,,,,
2026-10-05,2026-10-05,FO,NSE,IDO,59703,,BANKNIFTY,,2026-12-29,2026-12-29,57100.00,PE,BANKNIFTY26DEC57100PE,1992.50,1994.70,1992.40,1994.70,1994.70,2394.35,54714.10,2707.09,840,30,3,5318388.00,3,F1,30,,,,,
2026-10-05,2026-10-05,FO,NSE,IDO,59633,,BANKNIFTY,,2026-12-29,2026-12-29,56400.00,PE,BANKNIFTY26DEC56400PE,0.00,0.00,0.00,2081.35,2081.35,2081.35,54714.10,2269.88,360,0,0,0.00,0,F1,30,,,,,
2026-10-05,2026-10-05,FO,NSE,IDO,59623,,BANKNIFTY,,2026-12-29,2026-12-29,56200.00,PE,BANKNIFTY26DEC56200PE,0.00,0.00,0.00,1967.70,1967.70,1967.70,54714.10,2152.53,270,0,0,0.00,0,F1,30,,,,,
2026-10-05,2026-10-05,FO,NSE,IDO,59554,,BANKNIFTY,,2026-12-29,2026-12-29,55000.00,PE,BANKNIFTY26DEC55000PE,1068.70,1332.00,1008.40,1223.05,1223.00,1306.10,54714.10,1223.05,4200,750,178,299784847.50,148,F1,30,,,,,
2026-10-05,2026-10-05,FO,NSE,IDO,59510,,BANKNIFTY,,2026-12-29,2026-12-29,52700.00,PE,BANKNIFTY26DEC52700PE,592.70,604.50,515.00,521.65,521.65,1123.75,54714.10,672.19,120,120,6,9583915.50,4,F1,30,,,,,
2026-10-05,2026-10-05,FO,NSE,IDO,59500,,BANKNIFTY,,2026-12-29,2026-12-29,52100.00,PE,BANKNIFTY26DEC52100PE,372.00,491.40,368.20,452.70,452.70,577.55,54714.10,452.70,180,90,7,11024973.00,5,F1,30,,,,,
2026-10-05,2026-10-05,FO,NSE,IDO,59494,,BANKNIFTY,,2026-12-29,2026-12-29,51800.00,PE,BANKNIFTY26DEC51800PE,328.55,372.35,326.10,372.35,372.35,437.35,54714.10,457.99,330,150,7,10953193.50,5,F1,30,,,,,
2026-10-05,2026-10-05,FO,NSE,IDO,59488,,BANKNIFTY,,2026-12-29,2026-12-29,51500.00,PE,BANKNIFTY26DEC51500PE,303.15,379.50,302.40,366.90,366.90,391.15,54714.10,399.43,540,300,13,20210914.50,8,F1,30,,,,,
2026-10-05,2026-10-05,FO,NSE,IDO,59472,,BANKNIFTY,,2026-12-29,2026-12-29,50600.00,PE,BANKNIFTY26DEC50600PE,260.15,260.15,260.15,260.15,260.15,368.40,54714.10,257.51,360,90,3,4577413.50,1,F1,30,,,,,
2026-10-05,2026-10-05,FO,NSE,IDO,59448,,BANKNIFTY,,2026-12-29,2026-12-29,49300.00,PE,BANKNIFTY26DEC49300PE,0.00,0.00,0.00,233.90,233.90,233.90,54714.10,125.93,480,0,0,0.00,0,F1,30,,,,,
2026-10-05,2026-10-05,FO,NSE,IDO,59420,,BANKNIFTY,,2026-12-29,2026-12-29,48500.00,PE,BANKNIFTY26DEC48500PE,0.00,0.00,0.00,173.60,173.60,173.60,54714.10,76.97,90,0,0,0.00,0,F1,30,,,,,
2026-10-05,2026-10-05,FO,NSE,IDO,62652,,BANKNIFTY,,2026-11-23,2026-11-23,64000.00,PE,BANKNIFTY26NOV64000PE,8535.10,8535.10,8535.10,8535.10,8535.10,8610.05,54714.10,8822.54,120,0,1,2176053.00,1,F1,30,,,,,
2026-10-05,2026-10-05,FO,NSE,IDO,62490,,BANKNIFTY,,2026-11-23,2026-11-23,62600.00,PE,BANKNIFTY26NOV62600PE,7365.05,7365.05,7365.05,7365.05,7365.05,5016.60,54714.10,7447.03,30,30,1,2098951.50,1,F1,30,,,,,
2026-10-05,2026-10-05,FO,NSE,IDO,62389,,BANKNIFTY,,2026-11-23,2026-11-23,61600.00,PE,BANKNIFTY26NOV61600PE,0.00,0.00,0.00,4277.25,0.00,4277.25,54714.10,6476.59,0,0,0,0.00,0,F1,30,,,,,
2026-10-05,2026-10-05,FO,NSE,IDO,62276,,BANKNIFTY,,2026-11-23,2026-11-23,59000.00,PE,BANKNIFTY26NOV59000PE,3502.75,3791.55,3407.90,3791.55,3791.55,4855.55,54714.10,4071.12,3690,-30,25,46919965.50,22,F1,30,,,,,
2026-10-05,2026-10-05,FO,NSE,IDO,62210,,BANKNIFTY,,2026-11-23,2026-11-23,57100.00,PE,BANKNIFTY26NOV57100PE,0.00,0.00,0.00,2450.75,2450.75,2450.75,54714.10,2542.35,210,0,0,0.00,0,F1,30,,,,,
2026-10-05,2026-10-05,FO,NSE,IDO,62158,,BANKNIFTY,,2026-11-23,2026-11-23,55100.00,PE,BANKNIFTY26NOV55100PE,904.90,1174.40,904.00,1116.05,1116.05,1218.75,54714.10,1116.05,1650,150,69,116108286.00,59,F1,30,,,,,
2026-10-05,2026-10-05,FO,NSE,IDO,62146,,BANKNIFTY,,2026-11-23,2026-11-23,54500.00,PE,BANKNIFTY26NOV54500PE,950.00,1022.00,697.90,896.95,879.95,977.25,54714.10,896.95,42360,3960,1492,2477197171.50,995,F1,30,,,,,
2026-10-05,2026-10-05,FO,NSE,IDO,62124,,BANKNIFTY,,2026-11-23,2026-11-23,53800.00,PE,BANKNIFTY26NOV53800PE,571.70,729.00,534.25,674.10,674.10,740.35,54714.10,674.10,600,180,26,42434263.50,23,F1,30,,,,,
2026-10-05,2026-10-05,FO,NSE,IDO,62114,,BANKNIFTY,,2026-11-23,2026-11-23,53600.00,PE,BANKNIFTY26NOV53600PE,520.45,700.05,515.80,567.00,567.00,682.40,54714.10,677.21,750,150,10,16253892.00,8,F1,30,,,,,
2026-10-05,2026-10-05,FO,NSE,IDO,62094,,BANKNIFTY,,2026-11-23,2026-11-23,52800.00,PE,BANKNIFTY26NOV52800PE,363.55,461.35,352.90,445.60,438.20,492.50,54714.10,445.60,1380,60,16,25534302.00,15,F1,30,,,,,
2026-10-05,2026-10-05,FO,NSE,IDO,62012,,BANKNIFTY,,2026-11-23,2026-11-23,50000.00,PE,BANKNIFTY26NOV50000PE,125.00,175.00,115.90,149.80,149.00,167.60,54714.10,149.80,32970,8610,1090,1639615386.00,539,F1,30,,,,,
2026-10-05,2026-10-05,FO,NSE,IDO,49654,,BANKNIFTY,,2026-10-27,2026-10-27,63300.00,PE,BANKNIFTY26OCT63300PE,0.00,0.00,0.00,6218.60,0.00,6218.60,54714.10,8376.53,0,0,0,0.00,0,F1,30,,,,,
2026-10-05,2026-10-05,FO,NSE,IDO,49618,,BANKNIFTY,,2026-10-27,2026-10-27,61900.00,PE,BANKNIFTY26OCT61900PE,0.00,0.00,0.00,5116.40,0.00,5116.40,54714.10,6982.00,0,0,0,0.00,0,F1,30,,,,,
2026-10-05,2026-10-05,FO,NSE,IDO,49498,,BANKNIFTY,,2026-10-27,2026-10-27,57100.00,PE,BANKNIFTY26OCT57100PE,1889.25,2510.45,1889.25,2314.10,2314.10,1889.25,54714.10,2314.10,18210,-90,6,10680741.00,6,F1,30,,,,,
2026-10-05,2026-10-05,FO,NSE,IDO,49466,,BANKNIFTY,,2026-10-27,2026-10-27,55900.00,PE,BANKNIFTY26OCT55900PE,1123.05,1555.00,1062.05,1419.30,1421.05,1516.55,54714.10,1419.30,43470,-2100,387,663631102.50,321,F1,30,,,,,
2026-10-05,2026-10-05,FO,NSE,IDO,49447,,BANKNIFTY,,2026-10-27,2026-10-27,55200.00,PE,BANKNIFTY26OCT55200PE,936.85,1150.35,718.60,999.40,995.10,1104.40,54714.10,999.40,69210,25020,30423,51183120547.50,21229,F1,30,,,,,
2026-10-05,2026-10-05,FO,NSE,IDO,49445,,BANKNIFTY,,2026-10-27,2026-10-27,55100.00,PE,BANKNIFTY26OCT55100PE,849.15,1099.00,678.95,953.15,936.20,1052.40,54714.10,953.15,64440,23310,37448,62822129229.00,29766,F1,30,,,,,
2026-10-05,2026-10-05,FO,NSE,IDO,49414,,BANKNIFTY,,2026-10-27,2026-10-27,53900.00,PE,BANKNIFTY26OCT53900PE,500.00,587.50,330.00,484.15,478.65,553.70,54714.10,484.15,52260,4500,5980,9750676875.00,4761,F1,30,,,,,
2026-10-05,2026-10-05,FO,NSE,IDO,49382,,BANKNIFTY,,2026-10-27,2026-10-27,52700.00,PE,BANKNIFTY26OCT52700PE,281.05,297.45,155.05,233.25,221.15,279.00,54714.10,233.25,28500,7290,2568,4077081286.50,1555,F1,30,,,,,
2026-10-05,2026-10-05,FO,NSE,IDO,49346,,BANKNIFTY,,2026-10-27,2026-10-27,51200.00,PE,BANKNIFTY26OCT51200PE,74.00,118.30,62.65,94.05,91.00,113.50,54714.10,94.05,20880,-4290,1698,2612606664.00,808,F1,30,,,,,
2026-10-05,2026-10-05,FO,NSE,IDO,49340,,BANKNIFTY,,2026-10-27,2026-10-27,51000.00,PE,BANKNIFTY26OCT51000PE,100.55,108.20,57.00,84.10,80.70,104.45,54714.10,84.10,420000,-36090,25208,38625957081.00,13882,F1,30,,,,,
2026-10-05,2026-10-05,FO,NSE,IDO,49334,,BANKNIFTY,,2026-10-27,2026-10-27,50900.00,PE,BANKNIFTY26OCT50900PE,80.00,102.20,50.00,78.20,76.75,98.40,54714.10,78.20,8580,2130,1128,1725071559.00,618,F1,30,,,,,
2026-10-05,2026-10-05,FO,NSE,IDO,49317,,BANKNIFTY,,2026-10-27,2026-10-27,50300.00,PE,BANKNIFTY26OCT50300PE,65.00,72.30,39.30,57.55,56.85,71.95,54714.10,57.55,1650,960,369,557433751.50,213,F1,30,,,,,
2026-10-05,2026-10-05,FO,NSE,IDO,60187,,BANKNIFTY,,2027-09-28,2027-09-28,60000.00,CE,BANKNIFTY27SEP60000CE,0.00,0.00,0.00,3293.90,0.00,3293.90,54714.10,2644.44,0,0,0,0.00,0,F1,30,,,,,
2026-10-05,2026-10-05,FO,NSE,IDO,70796,,BANKNIFTY,,2027-06-29,2027-06-29,60000.00,CE,BANKNIFTY27JUN60000CE,0.00,0.00,0.00,5392.05,0.00,5392.05,54714.10,1895.38,0,0,0,0.00,0,F1,30,,,,,
2026-10-05,2026-10-05,FO,NSE,IDO,76390,,BANKNIFTY,,2027-03-30,2027-03-30,51000.00,CE,BANKNIFTY27MAR51000CE,0.00,0.00,0.00,5420.45,0.00,5420.45,54714.10,5701.79,0,0,0,0.00,0,F1,30,,,,,
2026-10-05,2026-10-05,FO,NSE,IDO,76386,,BANKNIFTY,,2027-03-30,2027-03-30,48000.00,CE,BANKNIFTY27MAR48000CE,0.00,0.00,0.00,7195.75,0.00,7195.75,54714.10,8190.03,0,0,0,0.00,0,F1,30,,,,,
2026-10-05,2026-10-05,FO,NSE,IDO,59854,,BANKNIFTY,,2026-12-29,2026-12-29,59900.00,CE,BANKNIFTY26DEC59900CE,0.00,0.00,0.00,609.40,0.00,609.40,54714.10,388.23,0,0,0,0.00,0,F1,30,,,,,
2026-10-05,2026-10-05,FO,NSE,IDO,59814,,BANKNIFTY,,2026-12-29,2026-12-29,57900.00,CE,BANKNIFTY26DEC57900CE,0.00,0.00,0.00,1067.80,0.00,1067.80,54714.10,805.37,0,0,0,0.00,0,F1,30,,,,,
2026-10-05,2026-10-05,FO,NSE,IDO,59634,,BANKNIFTY,,2026-12-29,2026-12-29,56500.00,CE,BANKNIFTY26DEC56500CE,1156.10,1179.25,965.95,1011.30,1005.90,977.00,54714.10,1011.30,4860,-2490,199,343643038.50,169,F1,30,,,,,
2026-10-05,2026-10-05,FO,NSE,IDO,59624,,BANKNIFTY,,2026-12-29,2026-12-29,56300.00,CE,BANKNIFTY26DEC56300CE,1267.50,1267.50,1152.95,1165.00,1165.00,968.00,54714.10,1341.38,930,30,7,12073077.00,4,F1,30,,,,,
2026-10-05,2026-10-05,FO,NSE,IDO,59541,,BANKNIFTY,,2026-12-29,2026-12-29,54400.00,CE,BANKNIFTY26DEC54400CE,0.00,0.00,0.00,2027.35,2027.35,2027.35,54714.10,2262.10,210,0,0,0.00,0,F1,30,,,,,
2026-10-05,2026-10-05,FO,NSE,IDO,59533,,BANKNIFTY,,2026-12-29,2026-12-29,53900.00,CE,BANKNIFTY26DEC53900CE,0.00,0.00,0.00,2733.60,0.00,2733.60,54714.10,2558.21,0,0,0,0.00,0,F1,30,,,,,
2026-10-05,2026-10-05,FO,NSE,IDO,59503,,BANKNIFTY,,2026-12-29,2026-12-29,52300.00,CE,BANKNIFTY26DEC52300CE,0.00,0.00,0.00,3719.20,0.00,3719.20,54714.10,3649.24,0,0,0,0.00,0,F1,30,,,,,
2026-10-05,2026-10-05,FO,NSE,IDO,59487,,BANKNIFTY,,2026-12-29,2026-12-29,51500.00,CE,BANKNIFTY26DEC51500CE,0.00,0.00,0.00,4281.10,0.00,4281.10,54714.10,4268.94,0,0,0,0.00,0,F1,30,,,,,
2026-10-05,2026-10-05,FO,NSE,IDO,59481,,BANKNIFTY,,2026-12-29,2026-12-29,51200.00,CE,BANKNIFTY26DEC51200CE,0.00,0.00,0.00,4499.70,0.00,4499.70,54714.10,4512.43,0,0,0,0.00,0,F1,30,,,,,
2026-10-05,2026-10-05,FO,NSE,IDO,59449,,BANKNIFTY,,2026-12-29,2026-12-29,49400.00,CE,BANKNIFTY26DEC49400CE,0.00,0.00,0.00,5930.35,0.00,5930.35,54714.10,6076.32,0,0,0,0.00,0,F1,30,,,,,
2026-10-05,2026-10-05,FO,NSE,IDO,62414,,BANKNIFTY,,2026-11-23,2026-11-23,61700.00,CE,BANKNIFTY26NOV61700CE,0.00,0.00,0.00,1079.35,0.00,1079.35,54714.10,40.94,0,0,0,0.00,0,F1,30,,,,,
2026-10-05,2026-10-05,FO,NSE,IDO,62311,,BANKNIFTY,,2026-11-23,2026-11-23,60400.00,CE,BANKNIFTY26NOV60400CE,0.00,0.00,0.00,1476.70,0.00,1476.70,54714.10,96.01,0,0,0,0.00,0,F1,30,,,,,
2026-10-05,2026-10-05,FO,NSE,IDO,62307,,BANKNIFTY,,2026-11-23,2026-11-23,60200.00,CE,BANKNIFTY26NOV60200CE,0.00,0.00,0.00,1546.60,0.00,1546.60,54714.10,108.66,0,0,0,0.00,0,F1,30,,,,,
2026-10-05,2026-10-05,FO,NSE,IDO,62273,,BANKNIFTY,,2026-11-23,2026-11-23,58900.00,CE,BANKNIFTY26NOV58900CE,0.00,0.00,0.00,2061.90,0.00,2061.90,54714.10,231.71,0,0,0,0.00,0,F1,30,,,,,
2026-10-05,2026-10-05,FO,NSE,IDO,62209,,BANKNIFTY,,2026-11-23,2026-11-23,57100.00,CE,BANKNIFTY26NOV57100CE,488.10,512.80,391.10,415.55,403.80,398.15,54714.10,415.55,10230,1500,777,1341471396.00,491,F1,30,,,,,
2026-10-05,2026-10-05,FO,NSE,IDO,62205,,BANKNIFTY,,2026-11-23,2026-11-23,56900.00,CE,BANKNIFTY26NOV56900CE,548.40,575.90,438.30,464.10,456.15,444.55,54714.10,464.10,12570,6240,621,1069537339.50,404,F1,30,,,,,
2026-10-05,2026-10-05,FO,NSE,IDO,62199,,BANKNIFTY,,2026-11-23,2026-11-23,56600.00,CE,BANKNIFTY26NOV56600CE,661.55,683.80,529.30,549.15,549.65,535.10,54714.10,549.15,8790,3900,260,446378923.50,148,F1,30,,,,,
2026-10-05,2026-10-05,FO,NSE,IDO,62151,,BANKNIFTY,,2026-11-23,2026-11-23,54800.00,CE,BANKNIFTY26NOV54800CE,1490.10,1558.35,1375.40,1405.45,1390.40,1348.25,54714.10,1405.45,1170,330,97,163731597.00,76,F1,30,,,,,
2026-10-05,2026-10-05,FO,NSE,IDO,62079,,BANKNIFTY,,2026-11-23,2026-11-23,52100.00,CE,BANKNIFTY26NOV52100CE,0.00,0.00,0.00,6536.80,0.00,6536.80,54714.10,3297.21,0,0,0,0.00,0,F1,30,,,,,
2026-10-05,2026-10-05,FO,NSE,IDO,62017,,BANKNIFTY,,2026-11-23,2026-11-23,50300.00,CE,BANKNIFTY26NOV50300CE,0.00,0.00,0.00,8123.55,0.00,8123.55,54714.10,4871.68,0,0,0,0.00,0,F1,30,,,,,
2026-10-05,2026-10-05,FO,NSE,IDO,61993,,BANKNIFTY,,2026-11-23,2026-11-23,49600.00,CE,BANKNIFTY26NOV49600CE,0.00,0.00,0.00,8767.40,0.00,8767.40,54714.10,5528.80,0,0,0,0.00,0,F1,30,,,,,
2026-10-05,2026-10-05,FO,NSE,IDO,61989,,BANKNIFTY,,2026-11-23,2026-11-23,49400.00,CE,BANKNIFTY26NOV49400CE,0.00,0.00,0.00,8953.50,0.00,8953.50,54714.10,5719.52,0,0,0,0.00,0,F1,30,,,,,
2026-10-05,2026-10-05,FO,NSE,IDO,49713,,BANKNIFTY,,2026-10-27,2026-10-27,65500.00,CE,BANKNIFTY26OCT65500CE,3.10,3.50,2.45,2.70,2.55,3.05,54714.10,2.70,42510,13500,2144,4213147726.50,883,F1,30,,,,,
2026-10-05,2026-10-05,FO,NSE,IDO,49619,,BANKNIFTY,,2026-10-27,2026-10-27,62000.00,CE,BANKNIFTY26OCT62000CE,9.30,9.85,7.65,8.95,8.50,9.05,54714.10,8.95,210600,8250,2423,4507430679.00,1402,F1,30,,,,,
2026-10-05,2026-10-05,FO,NSE,IDO,49617,,BANKNIFTY,,2026-10-27,2026-10-27,61900.00,CE,BANKNIFTY26OCT61900CE,0.00,0.00,0.00,9.25,9.35,9.25,54714.10,0.96,660,0,0,0.00,0,F1,30,,,,,
2026-10-05,2026-10-05,FO,NSE,IDO,49561,,BANKNIFTY,,2026-10-27,2026-10-27,59500.00,CE,BANKNIFTY26OCT59500CE,22.60,26.65,20.75,21.85,21.55,23.20,54714.10,21.85,276720,-33600,11385,20330079835.50,6851,F1,30,,,,,
2026-10-05,2026-10-05,FO,NSE,IDO,49531,,BANKNIFTY,,2026-10-27,2026-10-27,58500.00,CE,BANKNIFTY26OCT58500CE,62.50,62.50,40.00,42.90,41.85,46.80,54714.10,42.90,343440,-24960,22992,40384006372.50,12639,F1,30,,,,,
2026-10-05,2026-10-05,FO,NSE,IDO,49477,,BANKNIFTY,,2026-10-27,2026-10-27,56400.00,CE,BANKNIFTY26OCT56400CE,287.45,403.70,260.00,280.55,277.70,278.00,54714.10,280.55,68040,1620,7688,13083853477.50,5976,F1,30,,,,,
2026-10-05,2026-10-05,FO,NSE,IDO,49465,,BANKNIFTY,,2026-10-27,2026-10-27,55900.00,CE,BANKNIFTY26OCT55900CE,450.00,604.85,399.00,428.40,422.60,417.30,54714.10,428.40,106080,11040,13306,22512524565.00,9845,F1,30,,,,,
2026-10-05,2026-10-05,FO,NSE,IDO,49433,,BANKNIFTY,,2026-10-27,2026-10-27,54800.00,CE,BANKNIFTY26OCT54800CE,968.95,1200.00,848.20,916.20,918.75,878.75,54714.10,916.20,127950,-6870,42688,71451816732.00,32083,F1,30,,,,,
2026-10-05,2026-10-05,FO,NSE,IDO,49431,,BANKNIFTY,,2026-10-27,2026-10-27,54700.00,CE,BANKNIFTY26OCT54700CE,1110.45,1263.00,900.00,972.40,971.45,931.05,54714.10,972.40,77790,-6090,30039,50226251403.00,23753,F1,30,,,,,
2026-10-05,2026-10-05,FO,NSE,IDO,49421,,BANKNIFTY,,2026-10-27,2026-10-27,54300.00,CE,BANKNIFTY26OCT54300CE,1270.95,1542.45,1130.00,1216.10,1218.20,1171.75,54714.10,1216.10,38820,-4590,2162,3607938562.50,1655,F1,30,,,,,
2026-10-05,2026-10-05,FO,NSE,IDO,49417,,BANKNIFTY,,2026-10-27,2026-10-27,54100.00,CE,BANKNIFTY26OCT54100CE,1551.40,1700.35,1279.80,1349.90,1335.00,1296.10,54714.10,1349.90,19830,-180,363,604805217.00,292,F1,30,,,,,
2026-10-05,2026-10-05,FO,NSE,IDO,49401,,BANKNIFTY,,2026-10-27,2026-10-27,53400.00,CE,BANKNIFTY26OCT53400CE,2150.00,2250.00,1780.00,1956.45,1956.45,1785.40,54714.10,1808.96,2400,0,27,44818656.00,22,F1,30,,,,,
2026-10-05,2026-10-05,FO,NSE,IDO,49381,,BANKNIFTY,,2026-10-27,2026-10-27,52700.00,CE,BANKNIFTY26OCT52700CE,2518.55,2518.55,2450.20,2450.25,2450.30,2318.15,54714.10,2450.25,960,30,7,11589748.50,6,F1,30,,,,,
2026-10-05,2026-10-05,FO,NSE,IDO,49318,,BANKNIFTY,,2026-10-27,2026-10-27,50400.00,CE,BANKNIFTY26OCT50400CE,0.00,0.00,0.00,7375.70,0.00,7375.70,54714.10,4493.79,0,0,0,0.00,0,F1,30,,,,,
2026-10-05,2026-10-05,FO,NSE,IDO,49357,,BANKNIFTY,,2026-10-27,2026-10-27,51600.00,CE,BANKNIFTY26OCT51600CE,0.00,0.00,0.00,3173.10,3173.10,3173.10,54714.10,3342.40,60,0,0,0.00,0,F1,30,,,,,
2026-10-05,2026-10-05,FO,NSE,IDO,76393,,BANKNIFTY,,2027-03-30,2027-03-30,52500.00,PE,BANKNIFTY27MAR52500PE,0.00,0.00,0.00,3218.25,0.00,3218.25,54714.10,1023.41,0,0,0,0.00,0,F1,30,,,,,
2026-10-05,2026-10-05,FO,NSE,IDO,70766,,BANKNIFTY,,2027-06-29,2027-06-29,51000.00,PE,BANKNIFTY27JUN51000PE,0.00,0.00,0.00,1193.15,0.00,1193.15,54714.10,891.42,0,0,0,0.00,0,F1,30,,,,,
2026-10-05,2026-10-05,FO,NSE,IDO,49242,,BANKNIFTY,,2026-10-27,2026-10-27,47000.00,CE,BANKNIFTY26OCT47000CE,8114.20,8141.65,7800.00,7865.00,7865.00,7430.00,54714.10,7865.00,17700,240,57,94119610.50,46,F1,30,,,,,
2026-10-05,2026-10-05,FO,NSE,IDO,49338,,BANKNIFTY,,2026-10-27,2026-10-27,51000.00,CE,BANKNIFTY26OCT51000CE,4293.65,4392.30,3933.50,3975.00,3970.00,3750.10,54714.10,3975.00,23490,120,58,95978536.50,41,F1,30,,,,,
2026-10-05,2026-10-05,FO,NSE,IDO,49469,,BANKNIFTY,,2026-10-27,2026-10-27,56100.00,CE,BANKNIFTY26OCT56100CE,449.95,510.90,338.55,361.85,357.70,355.45,54714.10,361.85,36570,-5880,6956,11792705224.50,5361,F1,30,,,,,
2026-10-05,2026-10-05,FO,NSE,IDO,49541,,BANKNIFTY,,2026-10-27,2026-10-27,58800.00,CE,BANKNIFTY26OCT58800CE,0.00,0.00,0.00,1852.20,0.00,1852.20,54714.10,41.16,0,0,0,0.00,0,F1,30,,,,,
2026-10-05,2026-10-05,FO,NSE,IDO,49547,,BANKNIFTY,,2026-10-27,2026-10-27,59100.00,CE,BANKNIFTY26OCT59100CE,0.00,0.00,0.00,1735.95,0.00,1735.95,54714.10,30.12,0,0,0,0.00,0,F1,30,,,,,
2026-10-05,2026-10-05,FO,NSE,IDO,49563,,BANKNIFTY,,2026-10-27,2026-10-27,59600.00,CE,BANKNIFTY26OCT59600CE,25.20,25.20,17.85,20.25,19.95,1554.35,54714.10,20.25,4470,4470,290,518713128.00,97,F1,30,,,,,
2026-10-05,2026-10-05,FO,NSE,IDO,49579,,BANKNIFTY,,2026-10-27,2026-10-27,60300.00,CE,BANKNIFTY26OCT60300CE,18.00,18.00,12.30,15.20,15.30,1324.65,54714.10,15.20,2100,2100,170,307612798.50,86,F1,30,,,,,
2026-10-05,2026-10-05,FO,NSE,IDO,49638,,BANKNIFTY,,2026-10-27,2026-10-27,62700.00,CE,BANKNIFTY26OCT62700CE,7.00,12.00,4.65,5.40,5.95,7.15,54714.10,5.40,1320,780,71,133565749.50,30,F1,30,,,,,
2026-10-05,2026-10-05,FO,NSE,IDO,62157,,BANKNIFTY,,2026-11-23,2026-11-23,55100.00,CE,BANKNIFTY26NOV55100CE,1349.95,1477.75,1218.30,1240.60,1218.30,1184.80,54714.10,1240.60,3900,0,90,152443647.00,83,F1,30,,,,,
2026-10-05,2026-10-05,FO,NSE,IDO,62250,,BANKNIFTY,,2026-11-23,2026-11-23,58200.00,CE,BANKNIFTY26NOV58200CE,241.95,241.95,241.95,241.95,241.95,212.05,54714.10,336.58,7500,-30,1,1753258.50,1,F1,30,,,,,
2026-10-05,2026-10-05,FO,NSE,IDO,62291,,BANKNIFTY,,2026-11-23,2026-11-23,59500.00,CE,BANKNIFTY26NOV59500CE,122.00,122.00,95.00,103.60,103.60,97.80,54714.10,103.60,10410,3510,235,420254247.00,104,F1,30,,,,,
2026-10-05,2026-10-05,FO,NSE,IDO,53226,,BANKNIFTY,,2026-12-29,2026-12-29,55500.00,CE,BANKNIFTY26DEC55500CE,1617.95,1754.35,1456.65,1494.70,1480.00,1430.20,54714.10,1494.70,10440,90,78,133470601.50,54,F1,30,,,,,
2026-10-05,2026-10-05,FO,NSE,IDO,59840,,BANKNIFTY,,2026-12-29,2026-12-29,59300.00,CE,BANKNIFTY26DEC59300CE,0.00,0.00,0.00,725.85,0.00,725.85,54714.10,488.46,0,0,0,0.00,0,F1,30,,,,,
2026-10-05,2026-10-05,FO,NSE,IDO,59871,,BANKNIFTY,,2026-12-29,2026-12-29,60300.00,CE,BANKNIFTY26DEC60300CE,0.00,0.00,0.00,540.65,0.00,540.65,54714.10,331.43,0,0,0,0.00,0,F1,30,,,,,
2026-10-05,2026-10-05,FO,NSE,IDO,59917,,BANKNIFTY,,2026-12-29,2026-12-29,62000.00,CE,BANKNIFTY26DEC62000CE,0.00,0.00,0.00,316.55,0.00,316.55,54714.10,161.75,0,0,0,0.00,0,F1,30,,,,,
2026-10-05,2026-10-05,FO,NSE,IDO,53246,,BANKNIFTY,,2026-12-29,2026-12-29,63000.00,CE,BANKNIFTY26DEC63000CE,68.85,75.00,67.10,68.45,71.25,68.60,54714.10,68.45,39630,390,187,353827491.00,101,F1,30,,,,,
2026-10-05,2026-10-05,FO,NSE,IDO,76419,,BANKNIFTY,,2027-03-30,2027-03-30,61500.00,CE,BANKNIFTY27MAR61500CE,430.00,450.00,410.00,410.00,410.00,430.00,54714.10,792.55,2400,-30,6,11145603.00,5,F1,30,,,,,
2026-10-05,2026-10-05,FO,NSE,IDO,70747,,BANKNIFTY,,2027-06-29,2027-06-29,46500.00,CE,BANKNIFTY27JUN46500CE,0.00,0.00,0.00,14314.95,0.00,14314.95,54714.10,10277.21,0,0,0,0.00,0,F1,30,,,,,
2026-10-05,2026-10-05,FO,NSE,IDO,70798,,BANKNIFTY,,2027-06-29,2027-06-29,61500.00,CE,BANKNIFTY27JUN61500CE,0.00,0.00,0.00,4726.20,0.00,4726.20,54714.10,1465.07,0,0,0,0.00,0,F1,30,,,,,
2026-10-05,2026-10-05,FO,NSE,IDO,49384,,BANKNIFTY,,2026-10-27,2026-10-27,52800.00,PE,BANKNIFTY26OCT52800PE,248.00,311.00,165.00,247.25,239.35,292.95,54714.10,247.25,60300,25140,4546,7230856162.50,2339,F1,30,,,,,
2026-10-05,2026-10-05,FO,NSE,IDO,49404,,BANKNIFTY,,2026-10-27,2026-10-27,53500.00,PE,BANKNIFTY26OCT53500PE,400.00,472.95,255.25,379.60,371.15,441.85,54714.10,379.60,315360,49980,30211,48802113919.50,21118,F1,30,,,,,
2026-10-05,2026-10-05,FO,NSE,IDO,49416,,BANKNIFTY,,2026-10-27,2026-10-27,54000.00,PE,BANKNIFTY26OCT54000PE,500.00,623.45,349.00,513.60,497.35,584.35,54714.10,513.60,640590,54060,63463,103712496843.00,43298,F1,30,,,,,
2026-10-05,2026-10-05,FO,NSE,IDO,49524,,BANKNIFTY,,2026-10-27,2026-10-27,58100.00,PE,BANKNIFTY26OCT58100PE,0.00,0.00,0.00,3000.00,3000.00,3000.00,54714.10,3275.26,1500,0,0,0.00,0,F1,30,,,,,
2026-10-05,2026-10-05,FO,NSE,IDO,49564,,BANKNIFTY,,2026-10-27,2026-10-27,59600.00,PE,BANKNIFTY26OCT59600PE,0.00,0.00,0.00,5184.00,5184.00,5184.00,54714.10,4706.11,240,0,0,0.00,0,F1,30,,,,,
2026-10-05,2026-10-05,FO,NSE,IDO,49582,,BANKNIFTY,,2026-10-27,2026-10-27,60400.00,PE,BANKNIFTY26OCT60400PE,0.00,0.00,0.00,4031.35,0.00,4031.35,54714.10,5492.85,0,0,0,0.00,0,F1,30,,,,,
2026-10-05,2026-10-05,FO,NSE,IDO,49656,,BANKNIFTY,,2026-10-27,2026-10-27,63400.00,PE,BANKNIFTY26OCT63400PE,0.00,0.00,0.00,6300.50,0.00,6300.50,54714.10,8476.18,0,0,0,0.00,0,F1,30,,,,,
2026-10-05,2026-10-05,FO,NSE,IDO,61988,,BANKNIFTY,,2026-11-23,2026-11-23,49300.00,PE,BANKNIFTY26NOV49300PE,0.00,0.00,0.00,145.40,145.40,145.40,54714.10,38.52,90,0,0,0.00,0,F1,30,,,,,
2026-10-05,2026-10-05,FO,NSE,IDO,62032,,BANKNIFTY,,2026-11-23,2026-11-23,50800.00,PE,BANKNIFTY26NOV50800PE,160.45,230.60,160.45,197.85,197.85,165.15,54714.10,127.06,180,120,5,7647294.00,3,F1,30,,,,,
2026-10-05,2026-10-05,FO,NSE,IDO,62253,,BANKNIFTY,,2026-11-23,2026-11-23,58300.00,PE,BANKNIFTY26NOV58300PE,0.00,0.00,0.00,1546.40,1546.40,1546.40,54714.10,3476.60,60,0,0,0.00,0,F1,30,,,,,
2026-10-05,2026-10-05,FO,NSE,IDO,62304,,BANKNIFTY,,2026-11-23,2026-11-23,60000.00,PE,BANKNIFTY26NOV60000PE,4399.40,4875.00,4350.00,4609.00,4609.00,4950.00,54714.10,4967.27,3540,180,27,52431384.00,24,F1,30,,,,,
2026-10-05,2026-10-05,FO,NSE,IDO,62442,,BANKNIFTY,,2026-11-23,2026-11-23,62000.00,PE,BANKNIFTY26NOV62000PE,0.00,0.00,0.00,6684.00,6684.00,6684.00,54714.10,6863.05,690,0,0,0.00,0,F1,30,,,,,
2026-10-05,2026-10-05,FO,NSE,IDO,59520,,BANKNIFTY,,2026-12-29,2026-12-29,53200.00,PE,BANKNIFTY26DEC53200PE,600.40,600.40,600.40,600.40,600.40,709.20,54714.10,818.33,90,30,1,1614012.00,1,F1,30,,,,,
2026-10-05,2026-10-05,FO,NSE,IDO,59604,,BANKNIFTY,,2026-12-29,2026-12-29,55700.00,PE,BANKNIFTY26DEC55700PE,1297.10,1297.10,1286.15,1286.15,1286.15,1303.40,54714.10,1874.38,480,-30,3,5129410.50,2,F1,30,,,,,
2026-10-05,2026-10-05,FO,NSE,IDO,53247,,BANKNIFTY,,2026-12-29,2026-12-29,63000.00,PE,BANKNIFTY26DEC63000PE,0.00,0.00,0.00,6530.70,6530.70,6530.70,54714.10,7586.70,2250,0,0,0.00,0,F1,30,,,,,
2026-10-05,2026-10-05,FO,NSE,IDO,49609,,BANKNIFTY,,2026-10-27,2026-10-27,61600.00,CE,BANKNIFTY26OCT61600CE,10.80,10.80,7.80,8.65,8.65,9.00,54714.10,1.45,1650,660,46,85021401.00,32,F1,30,,,,,
2026-10-05,2026-10-05,FO,NSE,IDO,49655,,BANKNIFTY,,2026-10-27,2026-10-27,63400.00,CE,BANKNIFTY26OCT63400CE,0.00,0.00,0.00,6.15,6.15,6.15,54714.10,0.10,150,0,0,0.00,0,F1,30,,,,,
2026-10-05,2026-10-05,FO,NSE,IDO,62029,,BANKNIFTY,,2026-11-23,2026-11-23,50700.00,CE,BANKNIFTY26NOV50700CE,0.00,0.00,0.00,7761.60,0.00,7761.60,54714.10,4505.24,0,0,0,0.00,0,F1,30,,,,,
2026-10-05,2026-10-05,FO,NSE,IDO,62031,,BANKNIFTY,,2026-11-23,2026-11-23,50800.00,CE,BANKNIFTY26NOV50800CE,0.00,0.00,0.00,7671.85,0.00,7671.85,54714.10,4414.86,0,0,0,0.00,0,F1,30,,,,,
2026-10-05,2026-10-05,FO,NSE,IDO,62041,,BANKNIFTY,,2026-11-23,2026-11-23,51100.00,CE,BANKNIFTY26NOV51100CE,0.00,0.00,0.00,7404.60,0.00,7404.60,54714.10,4147.04,0,0,0,0.00,0,F1,30,,,,,
2026-10-05,2026-10-05,FO,NSE,IDO,62061,,BANKNIFTY,,2026-11-23,2026-11-23,51500.00,CE,BANKNIFTY26NOV51500CE,0.00,0.00,0.00,7052.95,0.00,7052.95,54714.10,3798.54,0,0,0,0.00,0,F1,30,,,,,
2026-10-05,2026-10-05,FO,NSE,IDO,62065,,BANKNIFTY,,2026-11-23,2026-11-23,51600.00,CE,BANKNIFTY26NOV51600CE,0.00,0.00,0.00,3766.45,3766.45,3766.45,54714.10,3713.10,60,0,0,0.00,0,F1,30,,,,,
2026-10-05,2026-10-05,FO,NSE,IDO,62083,,BANKNIFTY,,2026-11-23,2026-11-23,52300.00,CE,BANKNIFTY26NOV52300CE,0.00,0.00,0.00,6368.00,0.00,6368.00,54714.10,3136.55,0,0,0,0.00,0,F1,30,,,,,
2026-10-05,2026-10-05,FO,NSE,IDO,62085,,BANKNIFTY,,2026-11-23,2026-11-23,52400.00,CE,BANKNIFTY26NOV52400CE,0.00,0.00,0.00,2996.70,2996.70,2996.70,54714.10,3057.54,30,0,0,0.00,0,F1,30,,,,,
2026-10-05,2026-10-05,FO,NSE,IDO,62102,,BANKNIFTY,,2026-11-23,2026-11-23,53200.00,CE,BANKNIFTY26NOV53200CE,0.00,0.00,0.00,2184.75,2184.75,2184.75,54714.10,2459.71,300,0,0,0.00,0,F1,30,,,,,
2026-10-05,2026-10-05,FO,NSE,IDO,62139,,BANKNIFTY,,2026-11-23,2026-11-23,54200.00,CE,BANKNIFTY26NOV54200CE,2060.00,2060.00,1743.00,1786.55,1786.55,1694.95,54714.10,1808.18,540,-60,8,13463739.00,8,F1,30,,,,,
2026-10-05,2026-10-05,FO,NSE,IDO,62169,,BANKNIFTY,,2026-11-23,2026-11-23,55600.00,CE,BANKNIFTY26NOV55600CE,1106.35,1179.00,942.05,973.85,959.35,921.35,54714.10,973.85,2040,-570,83,141186835.50,77,F1,30,,,,,
2026-10-05,2026-10-05,FO,NSE,IDO,62207,,BANKNIFTY,,2026-11-23,2026-11-23,57000.00,CE,BANKNIFTY26NOV57000CE,498.35,561.75,409.30,432.75,425.60,420.60,54714.10,432.75,1161360,10590,4680,8067975385.50,2816,F1,30,,,,,
2026-10-05,2026-10-05,FO,NSE,IDO,62271,,BANKNIFTY,,2026-11-23,2026-11-23,58800.00,CE,BANKNIFTY26NOV58800CE,0.00,0.00,0.00,2106.10,0.00,2106.10,54714.10,244.77,0,0,0,0.00,0,F1,30,,,,,
2026-10-05,2026-10-05,FO,NSE,IDO,62315,,BANKNIFTY,,2026-11-23,2026-11-23,60600.00,CE,BANKNIFTY26NOV60600CE,0.00,0.00,0.00,1409.25,0.00,1409.25,54714.10,84.66,0,0,0,0.00,0,F1,30,,,,,
2026-10-05,2026-10-05,FO,NSE,IDO,62323,,BANKNIFTY,,2026-11-23,2026-11-23,60800.00,CE,BANKNIFTY26NOV60800CE,0.00,0.00,0.00,1344.15,0.00,1344.15,54714.10,74.51,0,0,0,0.00,0,F1,30,,,,,
2026-10-05,2026-10-05,FO,NSE,IDO,59384,,BANKNIFTY,,2026-12-29,2026-12-29,47000.00,CE,BANKNIFTY26DEC47000CE,0.00,0.00,0.00,8061.70,0.00,8061.70,54714.10,8339.42,0,0,0,0.00,0,F1,30,,,,,
2026-10-05,2026-10-05,FO,NSE,IDO,59396,,BANKNIFTY,,2026-12-29,2026-12-29,47500.00,CE,BANKNIFTY26DEC47500CE,0.00,0.00,0.00,7601.80,0.00,7601.80,54714.10,7857.76,0,0,0,0.00,0,F1,30,,,,,
2026-10-05,2026-10-05,FO,NSE,IDO,59451,,BANKNIFTY,,2026-12-29,2026-12-29,49600.00,CE,BANKNIFTY26DEC49600CE,0.00,0.00,0.00,5763.05,0.00,5763.05,54714.10,5895.21,0,0,0,0.00,0,F1,30,,,,,
2026-10-05,2026-10-05,FO,NSE,IDO,59463,,BANKNIFTY,,2026-12-29,2026-12-29,50200.00,CE,BANKNIFTY26DEC50200CE,0.00,0.00,0.00,5273.00,0.00,5273.00,54714.10,5361.81,0,0,0,0.00,0,F1,30,,,,,
2026-10-05,2026-10-05,FO,NSE,IDO,59465,,BANKNIFTY,,2026-12-29,2026-12-29,50300.00,CE,BANKNIFTY26DEC50300CE,0.00,0.00,0.00,5193.10,0.00,5193.10,54714.10,5274.51,0,0,0,0.00,0,F1,30,,,,,
2026-10-05,2026-10-05,FO,NSE,IDO,59473,,BANKNIFTY,,2026-12-29,2026-12-29,50700.00,CE,BANKNIFTY26DEC50700CE,0.00,0.00,0.00,4879.15,0.00,4879.15,54714.10,4930.31,0,0,0,0.00,0,F1,30,,,,,
2026-10-05,2026-10-05,FO,NSE,IDO,59617,,BANKNIFTY,,2026-12-29,2026-12-29,56200.00,CE,BANKNIFTY26DEC56200CE,1317.00,1317.00,1199.50,1217.90,1217.90,1025.00,54714.10,1381.86,750,0,6,10337091.00,3,F1,30,,,,,
2026-10-05,2026-10-05,FO,NSE,IDO,59722,,BANKNIFTY,,2026-12-29,2026-12-29,57300.00,CE,BANKNIFTY26DEC57300CE,755.20,755.20,694.05,734.75,734.75,700.10,54714.10,982.64,3090,540,20,34820281.50,10,F1,30,,,,,
2026-10-05,2026-10-05,FO,NSE,IDO,59782,,BANKNIFTY,,2026-12-29,2026-12-29,57500.00,CE,BANKNIFTY26DEC57500CE,763.25,775.10,628.00,654.55,648.00,631.45,54714.10,654.55,13770,1770,239,417427686.00,140,F1,30,,,,,
2026-10-05,2026-10-05,FO,NSE,IDO,59852,,BANKNIFTY,,2026-12-29,2026-12-29,59800.00,CE,BANKNIFTY26DEC59800CE,0.00,0.00,0.00,627.65,0.00,627.65,54714.10,403.64,0,0,0,0.00,0,F1,30,,,,,
2026-10-05,2026-10-05,FO,NSE,IDO,70788,,BANKNIFTY,,2027-06-29,2027-06-29,55500.00,CE,BANKNIFTY27JUN55500CE,0.00,0.00,0.00,7792.30,0.00,7792.30,54714.10,3774.45,0,0,0,0.00,0,F1,30,,,,,
2026-10-05,2026-10-05,FO,NSE,IDO,70802,,BANKNIFTY,,2027-06-29,2027-06-29,64500.00,CE,BANKNIFTY27JUN64500CE,0.00,0.00,0.00,3584.50,0.00,3584.50,54714.10,840.98,0,0,0,0.00,0,F1,30,,,,,
2026-10-05,2026-10-05,FO,NSE,IDO,60171,,BANKNIFTY,,2027-09-28,2027-09-28,52500.00,CE,BANKNIFTY27SEP52500CE,0.00,0.00,0.00,6890.10,0.00,6890.10,54714.10,6431.08,0,0,0,0.00,0,F1,30,,,,,
2026-10-05,2026-10-05,FO,NSE,IDO,49528,,BANKNIFTY,,2026-10-27,2026-10-27,58300.00,PE,BANKNIFTY26OCT58300PE,0.00,0.00,0.00,3503.15,3503.15,3503.15,54714.10,3460.50,4530,0,0,0.00,0,F1,30,,,,,
2026-10-05,2026-10-05,FO,NSE,IDO,49294,,BANKNIFTY,,2026-10-27,2026-10-27,49200.00,PE,BANKNIFTY26OCT49200PE,41.25,44.80,26.25,36.10,37.90,46.45,54714.10,36.10,3300,-2160,331,488901531.00,190,F1,30,,,,,
2026-10-05,2026-10-05,FO,NSE,IDO,49368,,BANKNIFTY,,2026-10-27,2026-10-27,52000.00,PE,BANKNIFTY26OCT52000PE,130.40,196.10,101.00,151.80,147.05,183.35,54714.10,151.80,632730,24690,42591,66618840217.50,24891,F1,30,,,,,
2026-10-05,2026-10-05,FO,NSE,IDO,60180,,BANKNIFTY,,2027-09-28,2027-09-28,54000.00,PE,BANKNIFTY27SEP54000PE,0.00,0.00,0.00,2662.60,0.00,2662.60,54714.10,1940.60,0,0,0,0.00,0,F1,30,,,,,
2026-10-05,2026-10-05,FO,NSE,IDO,70799,,BANKNIFTY,,2027-06-29,2027-06-29,61500.00,PE,BANKNIFTY27JUN61500PE,0.00,0.00,0.00,4995.95,0.00,4995.95,54714.10,5825.76,0,0,0,0.00,0,F1,30,,,,,
2026-10-05,2026-10-05,FO,NSE,IDO,49392,,BANKNIFTY,,2026-10-27,2026-10-27,53200.00,PE,BANKNIFTY26OCT53200PE,382.95,397.00,212.85,316.20,314.05,370.60,54714.10,316.20,47880,24960,6975,11192350201.50,4226,F1,30,,,,,
2026-10-05,2026-10-05,FO,NSE,IDO,49402,,BANKNIFTY,,2026-10-27,2026-10-27,53400.00,PE,BANKNIFTY26OCT53400PE,420.20,445.00,240.00,359.10,347.65,413.95,54714.10,359.10,42360,7230,4254,6857531056.50,3185,F1,30,,,,,
2026-10-05,2026-10-05,FO,NSE,IDO,49476,,BANKNIFTY,,2026-10-27,2026-10-27,56300.00,PE,BANKNIFTY26OCT56300PE,1336.20,1822.15,1320.00,1692.70,1708.70,1798.65,54714.10,1692.70,17460,150,45,78098803.50,38,F1,30,,,,,
2026-10-05,2026-10-05,FO,NSE,IDO,49490,,BANKNIFTY,,2026-10-27,2026-10-27,56700.00,PE,BANKNIFTY26OCT56700PE,1614.60,2119.90,1600.00,2030.00,2030.00,2132.20,54714.10,2066.20,9270,180,44,77338765.50,38,F1,30,,,,,
2026-10-05,2026-10-05,FO,NSE,IDO,70797,,BANKNIFTY,,2027-06-29,2027-06-29,60000.00,PE,BANKNIFTY27JUN60000PE,0.00,0.00,0.00,4251.70,0.00,4251.70,54714.10,4815.22,0,0,0,0.00,0,F1,30,,,,,
2026-10-05,2026-10-05,FO,NSE,IDO,70795,,BANKNIFTY,,2027-06-29,2027-06-29,58500.00,PE,BANKNIFTY27JUN58500PE,0.00,0.00,0.00,3574.05,0.00,3574.05,54714.10,3897.46,0,0,0,0.00,0,F1,30,,,,,
2026-10-05,2026-10-05,FO,NSE,IDO,70759,,BANKNIFTY,,2027-06-29,2027-06-29,48000.00,PE,BANKNIFTY27JUN48000PE,0.00,0.00,0.00,670.50,0.00,670.50,54714.10,379.23,0,0,0,0.00,0,F1,30,,,,,
2026-10-05,2026-10-05,FO,NSE,IDO,76391,,BANKNIFTY,,2027-03-30,2027-03-30,51000.00,PE,BANKNIFTY27MAR51000PE,0.00,0.00,0.00,2587.90,0.00,2587.90,54714.10,652.92,0,0,0,0.00,0,F1,30,,,,,
2026-10-05,2026-10-05,FO,NSE,IDO,59829,,BANKNIFTY,,2026-12-29,2026-12-29,58700.00,PE,BANKNIFTY26DEC58700PE,0.00,0.00,0.00,4441.60,0.00,4441.60,54714.10,3847.79,0,0,0,0.00,0,F1,30,,,,,
2026-10-05,2026-10-05,FO,NSE,IDO,53236,,BANKNIFTY,,2026-12-29,2026-12-29,58500.00,PE,BANKNIFTY26DEC58500PE,2900.00,3103.60,2853.60,3103.60,3103.60,3348.45,54714.10,3695.43,64830,60,28,51635187.00,19,F1,30,,,,,
2026-10-05,2026-10-05,FO,NSE,IDO,59643,,BANKNIFTY,,2026-12-29,2026-12-29,56700.00,PE,BANKNIFTY26DEC56700PE,0.00,0.00,0.00,3062.30,0.00,3062.30,54714.10,2452.29,0,0,0,0.00,0,F1,30,,,,,
2026-10-05,2026-10-05,FO,NSE,IDO,59524,,BANKNIFTY,,2026-12-29,2026-12-29,53400.00,PE,BANKNIFTY26DEC53400PE,577.05,667.90,577.05,647.20,647.20,754.45,54714.10,882.57,150,0,12,19446951.00,6,F1,30,,,,,
2026-10-05,2026-10-05,FO,NSE,IDO,59512,,BANKNIFTY,,2026-12-29,2026-12-29,52800.00,PE,BANKNIFTY26DEC52800PE,522.05,624.65,522.05,624.65,624.65,607.70,54714.10,699.80,90,60,5,8003308.50,3,F1,30,,,,,
2026-10-05,2026-10-05,FO,NSE,IDO,59476,,BANKNIFTY,,2026-12-29,2026-12-29,50800.00,PE,BANKNIFTY26DEC50800PE,249.70,277.40,249.70,277.40,277.40,396.85,54714.10,284.98,510,180,6,9191439.00,2,F1,30,,,,,
2026-10-05,2026-10-05,FO,NSE,IDO,59454,,BANKNIFTY,,2026-12-29,2026-12-29,49700.00,PE,BANKNIFTY26DEC49700PE,225.70,232.00,225.70,232.00,232.00,264.45,54714.10,158.63,420,60,5,7489233.00,2,F1,30,,,,,
2026-10-05,2026-10-05,FO,NSE,IDO,59400,,BANKNIFTY,,2026-12-29,2026-12-29,47500.00,PE,BANKNIFTY26DEC47500PE,95.45,95.45,95.45,95.45,95.45,145.90,54714.10,39.15,150,150,5,7139317.50,1,F1,30,,,,,
2026-10-05,2026-10-05,FO,NSE,IDO,62334,,BANKNIFTY,,2026-11-23,2026-11-23,60900.00,PE,BANKNIFTY26NOV60900PE,0.00,0.00,0.00,3793.55,0.00,3793.55,54714.10,5807.74,0,0,0,0.00,0,F1,30,,,,,
2026-10-05,2026-10-05,FO,NSE,IDO,62272,,BANKNIFTY,,2026-11-23,2026-11-23,58800.00,PE,BANKNIFTY26NOV58800PE,3640.05,3640.05,3640.05,3640.05,3640.05,2518.35,54714.10,3898.12,30,30,1,1873201.50,1,F1,30,,,,,
2026-10-05,2026-10-05,FO,NSE,IDO,62206,,BANKNIFTY,,2026-11-23,2026-11-23,56900.00,PE,BANKNIFTY26NOV56900PE,0.00,0.00,0.00,1745.45,1745.45,1745.45,54714.10,2399.07,300,0,0,0.00,0,F1,30,,,,,
2026-10-05,2026-10-05,FO,NSE,IDO,62200,,BANKNIFTY,,2026-11-23,2026-11-23,56600.00,PE,BANKNIFTY26NOV56600PE,1632.90,1794.35,1632.90,1794.35,1794.35,1840.35,54714.10,2191.62,270,30,2,3498817.50,2,F1,30,,,,,
2026-10-05,2026-10-05,FO,NSE,IDO,62154,,BANKNIFTY,,2026-11-23,2026-11-23,54900.00,PE,BANKNIFTY26NOV54900PE,844.05,1120.00,822.95,1000.00,1000.00,1134.00,54714.10,1203.41,930,-180,30,50223342.00,24,F1,30,,,,,
2026-10-05,2026-10-05,FO,NSE,IDO,62112,,BANKNIFTY,,2026-11-23,2026-11-23,53500.00,PE,BANKNIFTY26NOV53500PE,501.40,686.75,462.55,604.95,593.20,653.85,54714.10,604.95,20280,7080,730,1184691370.50,532,F1,30,,,,,
2026-10-05,2026-10-05,FO,NSE,IDO,61958,,BANKNIFTY,,2026-11-23,2026-11-23,48500.00,PE,BANKNIFTY26NOV48500PE,89.85,95.00,78.75,84.00,84.00,121.50,54714.10,18.46,2100,270,15,21864292.50,14,F1,30,,,,,
2026-10-05,2026-10-05,FO,NSE,IDO,49320,,BANKNIFTY,,2026-10-27,2026-10-27,50500.00,CE,BANKNIFTY26OCT50500CE,0.00,0.00,0.00,5600.00,5600.00,5600.00,54714.10,4396.00,90,0,0,0.00,0,F1,30,,,,,
2026-10-05,2026-10-05,FO,NSE,IDO,49461,,BANKNIFTY,,2026-10-27,2026-10-27,55700.00,CE,BANKNIFTY26OCT55700CE,574.95,685.95,462.15,498.55,491.20,483.50,54714.10,498.55,149850,-13380,11372,19197158218.50,8785,F1,30,,,,,
2026-10-05,2026-10-05,FO,NSE,IDO,49519,,BANKNIFTY,,2026-10-27,2026-10-27,58000.00,CE,BANKNIFTY26OCT58000CE,79.95,90.55,63.00,65.75,63.50,69.45,54714.10,65.75,1359390,-14580,32754,57065064576.00,19886,F1,30,,,,,
2026-10-05,2026-10-05,FO,NSE,IDO,49525,,BANKNIFTY,,2026-10-27,2026-10-27,58200.00,CE,BANKNIFTY26OCT58200CE,61.75,79.45,52.00,54.00,53.30,58.85,54714.10,54.00,89160,2070,2171,3794615073.00,906,F1,30,,,,,
2026-10-05,2026-10-05,FO,NSE,IDO,49545,,BANKNIFTY,,2026-10-27,2026-10-27,59000.00,CE,BANKNIFTY26OCT59000CE,31.00,41.20,27.55,29.05,28.35,32.30,54714.10,29.05,644250,11910,21767,38548531806.00,12085,F1,30,,,,,
2026-10-05,2026-10-05,FO,NSE,IDO,49583,,BANKNIFTY,,2026-10-27,2026-10-27,60500.00,CE,BANKNIFTY26OCT60500CE,14.70,15.30,11.70,13.55,13.20,14.65,54714.10,13.55,77100,31470,6089,11054063691.00,3784,F1,30,,,,,
2026-10-05,2026-10-05,FO,NSE,IDO,62338,,BANKNIFTY,,2026-11-23,2026-11-23,61100.00,PE,BANKNIFTY26NOV61100PE,0.00,0.00,0.00,3928.95,0.00,3928.95,54714.10,5997.72,0,0,0,0.00,0,F1,30,,,,,
2026-10-05,2026-10-05,FO,NSE,IDO,62421,,BANKNIFTY,,2026-11-23,2026-11-23,61800.00,PE,BANKNIFTY26NOV61800PE,0.00,0.00,0.00,4420.35,0.00,4420.35,54714.10,6669.49,0,0,0,0.00,0,F1,30,,,,,
2026-10-05,2026-10-05,FO,NSE,IDO,70764,,BANKNIFTY,,2027-06-29,2027-06-29,49500.00,PE,BANKNIFTY27JUN49500PE,0.00,0.00,0.00,905.05,0.00,905.05,54714.10,595.13,0,0,0,0.00,0,F1,30,,,,,
2026-10-05,2026-10-05,FO,NSE,IDO,76395,,BANKNIFTY,,2027-03-30,2027-03-30,54000.00,PE,BANKNIFTY27MAR54000PE,1080.00,1088.35,1030.00,1060.00,1060.00,1088.95,54714.10,1519.74,330,30,5,8260150.50,5,F1,30,,,,,
2026-10-05,2026-10-05,FO,NSE,IDO,70805,,BANKNIFTY,,2027-06-29,2027-06-29,66000.00,PE,BANKNIFTY27JUN66000PE,0.00,0.00,0.00,7602.30,0.00,7602.30,54714.10,9308.29,0,0,0,0.00,0,F1,30,,,,,
2026-10-05,2026-10-05,FO,NSE,IDO,49347,,BANKNIFTY,,2026-10-27,2026-10-27,51300.00,CE,BANKNIFTY26OCT51300CE,0.00,0.00,0.00,6601.50,0.00,6601.50,54714.10,3624.61,0,0,0,0.00,0,F1,30,,,,,
2026-10-05,2026-10-05,FO,NSE,IDO,49353,,BANKNIFTY,,2026-10-27,2026-10-27,51400.00,CE,BANKNIFTY26OCT51400CE,0.00,0.00,0.00,6517.45,0.00,6517.45,54714.10,3530.01,0,0,0,0.00,0,F1,30,,,,,
2026-10-05,2026-10-05,FO,NSE,IDO,49373,,BANKNIFTY,,2026-10-27,2026-10-27,52300.00,CE,BANKNIFTY26OCT52300CE,0.00,0.00,0.00,2510.00,2510.00,2510.00,54714.10,2707.27,660,0,0,0.00,0,F1,30,,,,,
2026-10-05,2026-10-05,FO,NSE,IDO,49391,,BANKNIFTY,,2026-10-27,2026-10-27,53200.00,CE,BANKNIFTY26OCT53200CE,1975.60,2199.80,1956.25,2199.80,2199.80,1951.20,54714.10,1960.80,1740,120,8,13274430.00,5,F1,30,,,,,
2026-10-05,2026-10-05,FO,NSE,IDO,49409,,BANKNIFTY,,2026-10-27,2026-10-27,53700.00,CE,BANKNIFTY26OCT53700CE,1791.95,1982.30,1531.95,1627.90,1630.00,1581.75,54714.10,1627.90,69150,-9150,451,752042650.50,183,F1,30,,,,,
2026-10-05,2026-10-05,FO,NSE,IDO,49435,,BANKNIFTY,,2026-10-27,2026-10-27,54900.00,CE,BANKNIFTY26OCT54900CE,795.60,1131.90,795.60,858.40,865.05,826.40,54714.10,858.40,100980,3750,29948,50176809613.50,23163,F1,30,,,,,
2026-10-05,2026-10-05,FO,NSE,IDO,49495,,BANKNIFTY,,2026-10-27,2026-10-27,57000.00,CE,BANKNIFTY26OCT57000CE,177.00,236.65,153.25,162.30,160.00,165.30,54714.10,162.30,1037340,42090,61570,105630665473.50,38002,F1,30,,,,,
2026-10-05,2026-10-05,FO,NSE,IDO,49505,,BANKNIFTY,,2026-10-27,2026-10-27,57500.00,CE,BANKNIFTY26OCT57500CE,115.55,145.35,95.90,101.35,98.55,105.65,54714.10,101.35,891780,40170,32283,55800789304.50,19940,F1,30,,,,,
2026-10-05,2026-10-05,FO,NSE,IDO,62267,,BANKNIFTY,,2026-11-23,2026-11-23,58600.00,CE,BANKNIFTY26NOV58600CE,0.00,0.00,0.00,2196.40,0.00,2196.40,54714.10,272.72,0,0,0,0.00,0,F1,30,,,,,
2026-10-05,2026-10-05,FO,NSE,IDO,62254,,BANKNIFTY,,2026-11-23,2026-11-23,58400.00,CE,BANKNIFTY26NOV58400CE,0.00,0.00,0.00,2289.40,0.00,2289.40,54714.10,303.27,0,0,0,0.00,0,F1,30,,,,,
2026-10-05,2026-10-05,FO,NSE,IDO,62252,,BANKNIFTY,,2026-11-23,2026-11-23,58300.00,CE,BANKNIFTY26NOV58300CE,0.00,0.00,0.00,2336.90,0.00,2336.90,54714.10,319.57,0,0,0,0.00,0,F1,30,,,,,
2026-10-05,2026-10-05,FO,NSE,IDO,62240,,BANKNIFTY,,2026-11-23,2026-11-23,58000.00,CE,BANKNIFTY26NOV58000CE,270.00,294.65,223.80,234.15,227.25,238.80,54714.10,234.15,348840,-14160,5300,9263087019.00,3064,F1,30,,,,,
2026-10-05,2026-10-05,FO,NSE,IDO,62231,,BANKNIFTY,,2026-11-23,2026-11-23,57800.00,CE,BANKNIFTY26NOV57800CE,317.25,346.20,276.10,276.10,276.10,230.55,54714.10,412.14,9450,-240,31,54038242.50,22,F1,30,,,,,
2026-10-05,2026-10-05,FO,NSE,IDO,62185,,BANKNIFTY,,2026-11-23,2026-11-23,56100.00,CE,BANKNIFTY26NOV56100CE,880.80,922.70,714.20,746.35,737.30,704.40,54714.10,746.35,5910,570,116,198169810.50,94,F1,30,,,,,
2026-10-05,2026-10-05,FO,NSE,IDO,62071,,BANKNIFTY,,2026-11-23,2026-11-23,51700.00,CE,BANKNIFTY26NOV51700CE,0.00,0.00,0.00,6879.35,0.00,6879.35,54714.10,3628.38,0,0,0,0.00,0,F1,30,,,,,
2026-10-05,2026-10-05,FO,NSE,IDO,62057,,BANKNIFTY,,2026-11-23,2026-11-23,51400.00,CE,BANKNIFTY26NOV51400CE,0.00,0.00,0.00,7140.35,0.00,7140.35,54714.10,3884.67,0,0,0,0.00,0,F1,30,,,,,
2026-10-05,2026-10-05,FO,NSE,IDO,49497,,BANKNIFTY,,2026-10-27,2026-10-27,57100.00,CE,BANKNIFTY26OCT57100CE,188.55,215.10,141.20,149.10,143.00,157.80,54714.10,149.10,86820,13080,5813,9988867503.00,3344,F1,30,,,,,
2026-10-05,2026-10-05,FO,NSE,IDO,49304,,BANKNIFTY,,2026-10-27,2026-10-27,49700.00,CE,BANKNIFTY26OCT49700CE,0.00,0.00,0.00,7997.70,0.00,7997.70,54714.10,5183.22,0,0,0,0.00,0,F1,30,,,,,
2026-10-05,2026-10-05,FO,NSE,IDO,49308,,BANKNIFTY,,2026-10-27,2026-10-27,49900.00,CE,BANKNIFTY26OCT49900CE,0.00,0.00,0.00,7818.40,0.00,7818.40,54714.10,4985.53,0,0,0,0.00,0,F1,30,,,,,
2026-10-05,2026-10-05,FO,NSE,IDO,60163,,BANKNIFTY,,2027-09-28,2027-09-28,48000.00,PE,BANKNIFTY27SEP48000PE,0.00,0.00,0.00,941.20,0.00,941.20,54714.10,515.03,0,0,0,0.00,0,F1,30,,,,,
2026-10-05,2026-10-05,FO,NSE,IDO,70787,,BANKNIFTY,,2027-06-29,2027-06-29,54000.00,PE,BANKNIFTY27JUN54000PE,0.00,0.00,0.00,1949.60,0.00,1949.60,54714.10,1772.13,0,0,0,0.00,0,F1,30,,,,,
2026-10-05,2026-10-05,FO,NSE,IDO,76424,,BANKNIFTY,,2027-03-30,2027-03-30,61500.00,PE,BANKNIFTY27MAR61500PE,0.00,0.00,0.00,8564.80,0.00,8564.80,54714.10,5968.87,0,0,0,0.00,0,F1,30,,,,,
2026-10-05,2026-10-05,FO,NSE,IDO,59866,,BANKNIFTY,,2026-12-29,2026-12-29,60100.00,PE,BANKNIFTY26DEC60100PE,0.00,0.00,0.00,5533.70,0.00,5533.70,54714.10,4979.93,0,0,0,0.00,0,F1,30,,,,,
2026-10-05,2026-10-05,FO,NSE,IDO,59817,,BANKNIFTY,,2026-12-29,2026-12-29,58000.00,PE,BANKNIFTY26DEC58000PE,2861.35,2929.00,2765.00,2832.35,2832.35,3289.95,54714.10,3326.17,630,210,10,18263040.00,10,F1,30,,,,,
2026-10-05,2026-10-05,FO,NSE,IDO,59723,,BANKNIFTY,,2026-12-29,2026-12-29,57300.00,PE,BANKNIFTY26DEC57300PE,0.00,0.00,0.00,2785.40,2785.40,2785.40,54714.10,2839.31,330,0,0,0.00,0,F1,30,,,,,
2026-10-05,2026-10-05,FO,NSE,IDO,59538,,BANKNIFTY,,2026-12-29,2026-12-29,54200.00,PE,BANKNIFTY26DEC54200PE,881.30,973.60,881.30,973.60,973.60,986.00,54714.10,1174.00,270,60,4,6612525.00,2,F1,30,,,,,
2026-10-05,2026-10-05,FO,NSE,IDO,53225,,BANKNIFTY,,2026-12-29,2026-12-29,54000.00,PE,BANKNIFTY26DEC54000PE,738.85,974.00,711.15,877.95,873.65,929.55,54714.10,877.95,76740,9270,892,1467191280.00,580,F1,30,,,,,
2026-10-05,2026-10-05,FO,NSE,IDO,59526,,BANKNIFTY,,2026-12-29,2026-12-29,53500.00,PE,BANKNIFTY26DEC53500PE,632.70,721.65,600.60,721.65,721.65,790.45,54714.10,915.96,180,30,12,19487440.50,12,F1,30,,,,,
2026-10-05,2026-10-05,FO,NSE,IDO,59514,,BANKNIFTY,,2026-12-29,2026-12-29,52900.00,PE,BANKNIFTY26DEC52900PE,589.80,591.85,589.80,591.85,591.85,622.95,54714.10,591.85,90,60,4,6418960.50,2,F1,30,,,,,
2026-10-05,2026-10-05,FO,NSE,IDO,49501,,BANKNIFTY,,2026-10-27,2026-10-27,57300.00,CE,BANKNIFTY26OCT57300CE,155.80,179.05,117.10,122.50,121.60,127.35,54714.10,122.50,73680,2370,4434,7640573622.00,2236,F1,30,,,,,
2026-10-05,2026-10-05,FO,NSE,IDO,49585,,BANKNIFTY,,2026-10-27,2026-10-27,60600.00,CE,BANKNIFTY26OCT60600CE,15.60,15.60,13.05,13.10,13.10,1234.65,54714.10,5.35,1590,1590,83,150929700.00,39,F1,30,,,,,
2026-10-05,2026-10-05,FO,NSE,IDO,49587,,BANKNIFTY,,2026-10-27,2026-10-27,60700.00,CE,BANKNIFTY26OCT60700CE,15.00,15.00,13.15,13.30,13.45,1205.70,54714.10,13.30,1770,1770,81,147534613.50,35,F1,30,,,,,
2026-10-05,2026-10-05,FO,NSE,IDO,49599,,BANKNIFTY,,2026-10-27,2026-10-27,61200.00,CE,BANKNIFTY26OCT61200CE,12.00,12.00,10.90,11.00,11.00,1068.95,54714.10,2.48,1020,1020,40,73453648.50,13,F1,30,,,,,
2026-10-05,2026-10-05,FO,NSE,IDO,49601,,BANKNIFTY,,2026-10-27,2026-10-27,61300.00,CE,BANKNIFTY26OCT61300CE,11.50,11.50,10.50,10.95,10.95,1043.15,54714.10,2.17,690,690,29,53340607.50,12,F1,30,,,,,
2026-10-05,2026-10-05,FO,NSE,IDO,49621,,BANKNIFTY,,2026-10-27,2026-10-27,62100.00,CE,BANKNIFTY26OCT62100CE,0.00,0.00,0.00,7.85,7.85,7.85,54714.10,0.72,840,0,0,0.00,0,F1,30,,,,,
2026-10-05,2026-10-05,FO,NSE,IDO,49663,,BANKNIFTY,,2026-10-27,2026-10-27,63700.00,CE,BANKNIFTY26OCT63700CE,5.80,5.80,5.15,5.25,5.25,5.80,54714.10,0.06,690,570,32,61157392.50,6,F1,30,,,,,
2026-10-05,2026-10-05,FO,NSE,IDO,49668,,BANKNIFTY,,2026-10-27,2026-10-27,63900.00,CE,BANKNIFTY26OCT63900CE,6.35,6.35,4.35,5.50,5.55,5.25,54714.10,5.50,510,60,30,57514609.50,23,F1,30,,,,,
2026-10-05,2026-10-05,FO,NSE,IDO,49677,,BANKNIFTY,,2026-10-27,2026-10-27,64000.00,CE,BANKNIFTY26OCT64000CE,4.95,5.25,3.90,4.30,4.00,4.90,54714.10,4.30,120180,48750,4379,8408288220.00,2731,F1,30,,,,,
2026-10-05,2026-10-05,FO,NSE,IDO,59498,,BANKNIFTY,,2026-12-29,2026-12-29,52000.00,PE,BANKNIFTY26DEC52000PE,390.80,500.00,363.55,440.45,439.60,477.10,54714.10,440.45,3180,810,131,205974127.50,105,F1,30,,,,,
2026-10-05,2026-10-05,FO,NSE,IDO,59452,,BANKNIFTY,,2026-12-29,2026-12-29,49600.00,PE,BANKNIFTY26DEC49600PE,0.00,0.00,0.00,254.15,254.15,254.15,54714.10,149.87,360,0,0,0.00,0,F1,30,,,,,
2026-10-05,2026-10-05,FO,NSE,IDO,62691,,BANKNIFTY,,2026-11-23,2026-11-23,65000.00,PE,BANKNIFTY26NOV65000PE,9350.00,9716.05,9340.40,9672.40,9672.40,9327.65,54714.10,9811.03,930,120,10,22364625.00,10,F1,30,,,,,
2026-10-05,2026-10-05,FO,NSE,IDO,62364,,BANKNIFTY,,2026-11-23,2026-11-23,61500.00,PE,BANKNIFTY26NOV61500PE,0.00,0.00,0.00,4500.00,4500.00,4500.00,54714.10,6380.41,30,0,0,0.00,0,F1,30,,,,,
2026-10-05,2026-10-05,FO,NSE,IDO,62351,,BANKNIFTY,,2026-11-23,2026-11-23,61400.00,PE,BANKNIFTY26NOV61400PE,0.00,0.00,0.00,4136.30,0.00,4136.30,54714.10,6284.42,0,0,0,0.00,0,F1,30,,,,,
2026-10-05,2026-10-05,FO,NSE,IDO,62336,,BANKNIFTY,,2026-11-23,2026-11-23,61000.00,PE,BANKNIFTY26NOV61000PE,5400.05,5751.00,5400.00,5719.55,5719.55,5900.00,54714.10,5719.55,330,60,5,9980118.00,5,F1,30,,,,,
2026-10-05,2026-10-05,FO,NSE,IDO,62266,,BANKNIFTY,,2026-11-23,2026-11-23,58500.00,PE,BANKNIFTY26NOV58500PE,0.00,0.00,0.00,2497.00,2497.00,2497.00,54714.10,3643.22,270,0,0,0.00,0,F1,30,,,,,
2026-10-05,2026-10-05,FO,NSE,IDO,62243,,BANKNIFTY,,2026-11-23,2026-11-23,58000.00,PE,BANKNIFTY26NOV58000PE,2600.00,3099.00,2565.00,2935.00,2935.00,3147.85,54714.10,3232.05,104460,-180,61,111214287.00,53,F1,30,,,,,
2026-10-05,2026-10-05,FO,NSE,IDO,62186,,BANKNIFTY,,2026-11-23,2026-11-23,56100.00,PE,BANKNIFTY26NOV56100PE,1361.70,1586.70,1330.00,1510.10,1510.10,1747.65,54714.10,1866.89,2910,1290,70,120790219.50,68,F1,30,,,,,
2026-10-05,2026-10-05,FO,NSE,IDO,62142,,BANKNIFTY,,2026-11-23,2026-11-23,54300.00,PE,BANKNIFTY26NOV54300PE,653.55,930.00,653.55,831.15,832.75,903.35,54714.10,831.15,2490,660,108,178558635.00,78,F1,30,,,,,
2026-10-05,2026-10-05,FO,NSE,IDO,62109,,BANKNIFTY,,2026-11-23,2026-11-23,53400.00,PE,BANKNIFTY26NOV53400PE,450.90,642.35,450.85,583.65,583.65,633.70,54714.10,583.65,1440,990,44,71259393.00,32,F1,30,,,,,
2026-10-05,2026-10-05,FO,NSE,IDO,62090,,BANKNIFTY,,2026-11-23,2026-11-23,52600.00,PE,BANKNIFTY26NOV52600PE,403.50,403.50,403.50,403.50,403.50,600.20,54714.10,403.50,510,0,3,4770315.00,1,F1,30,,,,,
2026-10-05,2026-10-05,FO,NSE,IDO,62080,,BANKNIFTY,,2026-11-23,2026-11-23,52100.00,PE,BANKNIFTY26NOV52100PE,329.95,329.95,329.95,329.95,329.95,457.10,54714.10,329.95,420,0,4,6291594.00,1,F1,30,,,,,
2026-10-05,2026-10-05,FO,NSE,IDO,62072,,BANKNIFTY,,2026-11-23,2026-11-23,51700.00,PE,BANKNIFTY26NOV51700PE,225.00,299.00,225.00,280.30,280.30,400.40,54714.10,280.30,600,150,11,17146155.00,5,F1,30,,,,,
2026-10-05,2026-10-05,FO,NSE,IDO,61992,,BANKNIFTY,,2026-11-23,2026-11-23,49500.00,PE,BANKNIFTY26NOV49500PE,0.00,0.00,0.00,147.85,147.85,147.85,54714.10,45.78,30,0,0,0.00,0,F1,30,,,,,
2026-10-05,2026-10-05,FO,NSE,IDO,49700,,BANKNIFTY,,2026-10-27,2026-10-27,65000.00,PE,BANKNIFTY26OCT65000PE,9600.00,10039.85,9538.65,9855.60,9855.60,10093.80,54714.10,10070.79,86310,-420,49,109949041.50,39,F1,30,,,,,
2026-10-05,2026-10-05,FO,NSE,IDO,49608,,BANKNIFTY,,2026-10-27,2026-10-27,61500.00,PE,BANKNIFTY26OCT61500PE,0.00,0.00,0.00,6600.00,6600.00,6600.00,54714.10,6584.02,4470,0,0,0.00,0,F1,30,,,,,
2026-10-05,2026-10-05,FO,NSE,IDO,49516,,BANKNIFTY,,2026-10-27,2026-10-27,57800.00,PE,BANKNIFTY26OCT57800PE,3100.00,3100.00,2800.00,2800.00,2800.00,2865.50,54714.10,3002.09,3390,0,2,3645000.00,2,F1,30,,,,,
2026-10-05,2026-10-05,FO,NSE,IDO,49510,,BANKNIFTY,,2026-10-27,2026-10-27,57600.00,PE,BANKNIFTY26OCT57600PE,2353.25,2557.95,2315.80,2542.10,2542.10,2350.00,54714.10,2823.58,4830,30,24,43204846.50,23,F1,30,,,,,
2026-10-05,2026-10-05,FO,NSE,IDO,49494,,BANKNIFTY,,2026-10-27,2026-10-27,56900.00,PE,BANKNIFTY26OCT56900PE,1808.20,2100.40,1808.20,2100.40,2100.40,2414.70,54714.10,2227.03,14970,-60,7,12363904.50,6,F1,30,,,,,
2026-10-05,2026-10-05,FO,NSE,IDO,49468,,BANKNIFTY,,2026-10-27,2026-10-27,56000.00,PE,BANKNIFTY26OCT56000PE,1351.40,1653.85,1119.05,1465.80,1466.95,1599.10,54714.10,1465.80,773700,5970,11435,19664901385.50,8405,F1,30,,,,,
2026-10-05,2026-10-05,FO,NSE,IDO,49491,,BANKNIFTY,,2026-10-27,2026-10-27,56800.00,CE,BANKNIFTY26OCT56800CE,244.00,284.20,184.80,197.20,191.45,198.00,54714.10,197.20,170880,600,8476,14499751302.00,5306,F1,30,,,,,
2026-10-05,2026-10-05,FO,NSE,IDO,49457,,BANKNIFTY,,2026-10-27,2026-10-27,55500.00,CE,BANKNIFTY26OCT55500CE,928.00,928.00,533.30,576.00,569.00,559.60,54714.10,576.00,588930,-24570,56342,94918283133.00,40905,F1,30,,,,,
2026-10-05,2026-10-05,FO,NSE,IDO,49446,,BANKNIFTY,,2026-10-27,2026-10-27,55200.00,CE,BANKNIFTY26OCT55200CE,749.95,955.10,658.50,710.05,706.70,685.90,54714.10,710.05,119670,26430,32771,55066734601.50,23845,F1,30,,,,,
2026-10-05,2026-10-05,FO,NSE,IDO,49443,,BANKNIFTY,,2026-10-27,2026-10-27,55100.00,CE,BANKNIFTY26OCT55100CE,800.05,1013.55,701.10,760.40,759.40,731.70,54714.10,760.40,97260,20340,35503,59617474744.50,27736,F1,30,,,,,
2026-10-05,2026-10-05,FO,NSE,IDO,49403,,BANKNIFTY,,2026-10-27,2026-10-27,53500.00,CE,BANKNIFTY26OCT53500CE,1963.95,2171.50,1670.00,1775.30,1775.00,1717.00,54714.10,1775.30,53190,-1710,940,1562527069.50,544,F1,30,,,,,
2026-10-05,2026-10-05,FO,NSE,IDO,49462,,BANKNIFTY,,2026-10-27,2026-10-27,55700.00,PE,BANKNIFTY26OCT55700PE,1043.40,1450.00,951.00,1282.90,1273.85,1395.00,54714.10,1282.90,32910,330,1453,2475230740.50,1201,F1,30,,,,,
2026-10-05,2026-10-05,FO,NSE,IDO,49428,,BANKNIFTY,,2026-10-27,2026-10-27,54600.00,PE,BANKNIFTY26OCT54600PE,770.00,859.95,505.00,724.00,711.75,809.70,54714.10,724.00,91950,20010,41150,68279687709.00,31494,F1,30,,,,,
2026-10-05,2026-10-05,FO,NSE,IDO,49396,,BANKNIFTY,,2026-10-27,2026-10-27,53300.00,PE,BANKNIFTY26OCT53300PE,340.00,418.45,225.40,337.95,327.05,393.25,54714.10,337.95,27900,10470,4019,6465535845.00,2762,F1,30,,,,,
2026-10-05,2026-10-05,FO,NSE,IDO,49358,,BANKNIFTY,,2026-10-27,2026-10-27,51600.00,PE,BANKNIFTY26OCT51600PE,120.05,153.80,80.00,118.60,116.80,145.15,54714.10,118.60,44340,4230,2313,3588755022.00,1433,F1,30,,,,,
2026-10-05,2026-10-05,FO,NSE,IDO,49301,,BANKNIFTY,,2026-10-27,2026-10-27,49500.00,PE,BANKNIFTY26OCT49500PE,32.00,52.95,30.85,40.00,37.20,51.65,54714.10,40.00,121920,-6510,6629,9851744998.50,4015,F1,30,,,,,
2026-10-05,2026-10-05,FO,NSE,IDO,49297,,BANKNIFTY,,2026-10-27,2026-10-27,49300.00,PE,BANKNIFTY26OCT49300PE,45.45,45.45,29.05,36.85,38.40,45.45,54714.10,36.85,3210,-1740,278,411463450.50,164,F1,30,,,,,
2026-10-05,2026-10-05,FO,NSE,IDO,49274,,BANKNIFTY,,2026-10-27,2026-10-27,48500.00,PE,BANKNIFTY26OCT48500PE,37.90,37.90,20.60,27.75,27.45,37.00,54714.10,27.75,44670,5580,3746,5453327548.50,2376,F1,30,,,,,
2026-10-05,2026-10-05,FO,NSE,IDO,70761,,BANKNIFTY,,2027-06-29,2027-06-29,49500.00,CE,BANKNIFTY27JUN49500CE,0.00,0.00,0.00,11915.80,0.00,11915.80,54714.10,7761.23,0,0,0,0.00,0,F1,30,,,,,
2026-10-05,2026-10-05,FO,NSE,IDO,59836,,BANKNIFTY,,2026-12-29,2026-12-29,59100.00,CE,BANKNIFTY26DEC59100CE,0.00,0.00,0.00,768.50,0.00,768.50,54714.10,526.25,0,0,0,0.00,0,F1,30,,,,,
2026-10-05,2026-10-05,FO,NSE,IDO,59828,,BANKNIFTY,,2026-12-29,2026-12-29,58700.00,CE,BANKNIFTY26DEC58700CE,0.00,0.00,0.00,861.55,0.00,861.55,54714.10,608.94,0,0,0,0.00,0,F1,30,,,,,
2026-10-05,2026-10-05,FO,NSE,IDO,59810,,BANKNIFTY,,2026-12-29,2026-12-29,57800.00,CE,BANKNIFTY26DEC57800CE,0.00,0.00,0.00,1096.50,0.00,1096.50,54714.10,833.05,0,0,0,0.00,0,F1,30,,,,,
2026-10-05,2026-10-05,FO,NSE,IDO,59792,,BANKNIFTY,,2026-12-29,2026-12-29,57600.00,CE,BANKNIFTY26DEC57600CE,724.95,738.85,600.00,629.00,630.95,605.75,54714.10,629.00,4140,1110,47,82145145.00,26,F1,30,,,,,
2026-10-05,2026-10-05,FO,NSE,IDO,53228,,BANKNIFTY,,2026-12-29,2026-12-29,57000.00,CE,BANKNIFTY26DEC57000CE,934.80,975.00,776.55,815.00,803.30,794.25,54714.10,815.00,82950,60,482,836992207.50,348,F1,30,,,,,
2026-10-05,2026-10-05,FO,NSE,IDO,53224,,BANKNIFTY,,2026-12-29,2026-12-29,54000.00,CE,BANKNIFTY26DEC54000CE,2622.15,2680.00,2275.70,2371.50,2368.00,2290.75,54714.10,2371.50,14100,240,88,149121675.00,77,F1,30,,,,,
2026-10-05,2026-10-05,FO,NSE,IDO,53222,,BANKNIFTY,,2026-12-29,2026-12-29,52500.00,CE,BANKNIFTY26DEC52500CE,0.00,0.00,0.00,10279.15,0.00,10279.15,54714.10,3501.57,0,0,0,0.00,0,F1,30,,,,,
2026-10-05,2026-10-05,FO,NSE,IDO,59489,,BANKNIFTY,,2026-12-29,2026-12-29,51600.00,CE,BANKNIFTY26DEC51600CE,0.00,0.00,0.00,4208.75,0.00,4208.75,54714.10,4189.07,0,0,0,0.00,0,F1,30,,,,,
2026-10-05,2026-10-05,FO,NSE,IDO,59483,,BANKNIFTY,,2026-12-29,2026-12-29,51300.00,CE,BANKNIFTY26DEC51300CE,0.00,0.00,0.00,4425.60,0.00,4425.60,54714.10,4430.64,0,0,0,0.00,0,F1,30,,,,,
2026-10-05,2026-10-05,FO,NSE,IDO,59471,,BANKNIFTY,,2026-12-29,2026-12-29,50600.00,CE,BANKNIFTY26DEC50600CE,0.00,0.00,0.00,4956.80,0.00,4956.80,54714.10,5015.58,0,0,0,0.00,0,F1,30,,,,,
2026-10-05,2026-10-05,FO,NSE,IDO,62679,,BANKNIFTY,,2026-11-23,2026-11-23,65000.00,CE,BANKNIFTY26NOV65000CE,14.00,20.95,13.30,16.50,16.50,14.90,54714.10,16.50,4320,60,51,99472776.00,25,F1,30,,,,,
2026-10-05,2026-10-05,FO,NSE,IDO,62523,,BANKNIFTY,,2026-11-23,2026-11-23,63000.00,CE,BANKNIFTY26NOV63000CE,33.90,33.90,17.00,20.25,20.45,772.60,54714.10,20.25,300,300,29,54827779.50,24,F1,30,,,,,
2026-10-05,2026-10-05,FO,NSE,IDO,62339,,BANKNIFTY,,2026-11-23,2026-11-23,61200.00,CE,BANKNIFTY26NOV61200CE,0.00,0.00,0.00,1220.85,0.00,1220.85,54714.10,57.37,0,0,0,0.00,0,F1,30,,,,,
2026-10-05,2026-10-05,FO,NSE,IDO,62313,,BANKNIFTY,,2026-11-23,2026-11-23,60500.00,CE,BANKNIFTY26NOV60500CE,0.00,0.00,0.00,1442.65,0.00,1442.65,54714.10,90.18,0,0,0,0.00,0,F1,30,,,,,
2026-10-05,2026-10-05,FO,NSE,IDO,62305,,BANKNIFTY,,2026-11-23,2026-11-23,60100.00,CE,BANKNIFTY26NOV60100CE,0.00,0.00,0.00,1582.45,0.00,1582.45,54714.10,115.52,0,0,0,0.00,0,F1,30,,,,,
2026-10-05,2026-10-05,FO,NSE,IDO,62278,,BANKNIFTY,,2026-11-23,2026-11-23,59100.00,PE,BANKNIFTY26NOV59100PE,0.00,0.00,0.00,2683.40,0.00,2683.40,54714.10,4158.49,0,0,0,0.00,0,F1,30,,,,,
2026-10-05,2026-10-05,FO,NSE,IDO,62274,,BANKNIFTY,,2026-11-23,2026-11-23,58900.00,PE,BANKNIFTY26NOV58900PE,0.00,0.00,0.00,2572.70,0.00,2572.70,54714.10,3984.33,0,0,0,0.00,0,F1,30,,,,,
2026-10-05,2026-10-05,FO,NSE,IDO,49504,,BANKNIFTY,,2026-10-27,2026-10-27,57400.00,PE,BANKNIFTY26OCT57400PE,2595.50,2595.50,2595.50,2595.50,2595.50,2698.90,54714.10,2595.50,5190,-30,1,1799865.00,1,F1,30,,,,,
2026-10-05,2026-10-05,FO,NSE,IDO,49478,,BANKNIFTY,,2026-10-27,2026-10-27,56400.00,PE,BANKNIFTY26OCT56400PE,1488.95,1945.00,1382.60,1750.50,1782.75,1892.70,54714.10,1750.50,77070,2070,469,816682624.50,254,F1,30,,,,,
2026-10-05,2026-10-05,FO,NSE,IDO,49366,,BANKNIFTY,,2026-10-27,2026-10-27,51900.00,PE,BANKNIFTY26OCT51900PE,102.65,183.45,94.70,140.15,136.90,172.95,54714.10,140.15,12390,2040,2310,3605805448.50,1485,F1,30,,,,,
2026-10-05,2026-10-05,FO,NSE,IDO,49332,,BANKNIFTY,,2026-10-27,2026-10-27,50800.00,PE,BANKNIFTY26OCT50800PE,64.10,97.55,54.00,75.70,72.30,93.00,54714.10,75.70,39690,-1530,950,1449714441.00,580,F1,30,,,,,
2026-10-05,2026-10-05,FO,NSE,IDO,49323,,BANKNIFTY,,2026-10-27,2026-10-27,50600.00,PE,BANKNIFTY26OCT50600PE,84.70,86.30,48.35,65.80,65.00,82.90,54714.10,65.80,5970,-1110,782,1188534156.00,412,F1,30,,,,,
2026-10-05,2026-10-05,FO,NSE,IDO,49305,,BANKNIFTY,,2026-10-27,2026-10-27,49700.00,PE,BANKNIFTY26OCT49700PE,39.00,53.50,37.95,45.00,41.85,195.65,54714.10,45.00,2400,2400,480,716292081.00,198,F1,30,,,,,
2026-10-05,2026-10-05,FO,NSE,IDO,49286,,BANKNIFTY,,2026-10-27,2026-10-27,49000.00,PE,BANKNIFTY26OCT49000PE,42.90,43.75,25.25,32.85,31.00,42.90,54714.10,32.85,147570,21480,12123,17832348808.50,6404,F1,30,,,,,
2026-10-05,2026-10-05,FO,NSE,IDO,76433,,BANKNIFTY,,2027-03-30,2027-03-30,66000.00,CE,BANKNIFTY27MAR66000CE,0.00,0.00,0.00,890.95,0.00,890.95,54714.10,240.43,0,0,0,0.00,0,F1,30,,,,,
2026-10-05,2026-10-05,FO,NSE,IDO,53250,,BANKNIFTY,,2026-12-29,2026-12-29,66000.00,CE,BANKNIFTY26DEC66000CE,0.00,0.00,0.00,2499.10,0.00,2499.10,54714.10,22.66,0,0,0,0.00,0,F1,30,,,,,
2026-10-05,2026-10-05,FO,NSE,IDO,59850,,BANKNIFTY,,2026-12-29,2026-12-29,59700.00,CE,BANKNIFTY26DEC59700CE,0.00,0.00,0.00,646.35,0.00,646.35,54714.10,419.55,0,0,0,0.00,0,F1,30,,,,,
2026-10-05,2026-10-05,FO,NSE,IDO,59702,,BANKNIFTY,,2026-12-29,2026-12-29,57100.00,CE,BANKNIFTY26DEC57100CE,925.60,926.00,756.80,783.45,783.45,741.95,54714.10,1047.87,8700,1020,42,72966832.50,22,F1,30,,,,,
2026-10-05,2026-10-05,FO,NSE,IDO,62270,,BANKNIFTY,,2026-11-23,2026-11-23,58700.00,PE,BANKNIFTY26NOV58700PE,0.00,0.00,0.00,2464.70,0.00,2464.70,54714.10,3812.51,0,0,0,0.00,0,F1,30,,,,,
2026-10-05,2026-10-05,FO,NSE,IDO,59562,,BANKNIFTY,,2026-12-29,2026-12-29,55400.00,CE,BANKNIFTY26DEC55400CE,1606.00,1606.00,1531.95,1531.95,1531.95,1697.15,54714.10,1737.27,300,30,3,5128318.50,2,F1,30,,,,,
2026-10-05,2026-10-05,FO,NSE,IDO,59527,,BANKNIFTY,,2026-12-29,2026-12-29,53600.00,CE,BANKNIFTY26DEC53600CE,0.00,0.00,0.00,2904.40,0.00,2904.40,54714.10,2746.45,0,0,0,0.00,0,F1,30,,,,,
2026-10-05,2026-10-05,FO,NSE,IDO,59475,,BANKNIFTY,,2026-12-29,2026-12-29,50800.00,CE,BANKNIFTY26DEC50800CE,0.00,0.00,0.00,4802.10,0.00,4802.10,54714.10,4845.59,0,0,0,0.00,0,F1,30,,,,,
2026-10-05,2026-10-05,FO,NSE,IDO,59469,,BANKNIFTY,,2026-12-29,2026-12-29,50500.00,CE,BANKNIFTY26DEC50500CE,0.00,0.00,0.00,5035.00,0.00,5035.00,54714.10,5101.37,0,0,0,0.00,0,F1,30,,,,,
2026-10-05,2026-10-05,FO,NSE,IDO,59453,,BANKNIFTY,,2026-12-29,2026-12-29,49700.00,CE,BANKNIFTY26DEC49700CE,0.00,0.00,0.00,5680.15,0.00,5680.15,54714.10,5805.24,0,0,0,0.00,0,F1,30,,,,,
2026-10-05,2026-10-05,FO,NSE,IDO,62666,,BANKNIFTY,,2026-11-23,2026-11-23,64500.00,CE,BANKNIFTY26NOV64500CE,16.00,16.50,15.00,16.50,16.50,15.00,54714.10,16.50,1320,390,24,46451115.00,18,F1,30,,,,,
2026-10-05,2026-10-05,FO,NSE,IDO,62513,,BANKNIFTY,,2026-11-23,2026-11-23,62800.00,CE,BANKNIFTY26NOV62800CE,0.00,0.00,0.00,814.65,0.00,814.65,54714.10,18.69,0,0,0,0.00,0,F1,30,,,,,
2026-10-05,2026-10-05,FO,NSE,IDO,62487,,BANKNIFTY,,2026-11-23,2026-11-23,62500.00,CE,BANKNIFTY26NOV62500CE,0.00,0.00,0.00,883.30,0.00,883.30,54714.10,23.27,0,0,0,0.00,0,F1,30,,,,,
2026-10-05,2026-10-05,FO,NSE,IDO,49557,,BANKNIFTY,,2026-10-27,2026-10-27,59300.00,PE,BANKNIFTY26OCT59300PE,0.00,0.00,0.00,4555.00,4555.00,4555.00,54714.10,4413.95,270,0,0,0.00,0,F1,30,,,,,
2026-10-05,2026-10-05,FO,NSE,IDO,49586,,BANKNIFTY,,2026-10-27,2026-10-27,60600.00,PE,BANKNIFTY26OCT60600PE,0.00,0.00,0.00,4168.85,0.00,4168.85,54714.10,5690.69,0,0,0,0.00,0,F1,30,,,,,
2026-10-05,2026-10-05,FO,NSE,IDO,49596,,BANKNIFTY,,2026-10-27,2026-10-27,61000.00,PE,BANKNIFTY26OCT61000PE,5600.00,6150.00,5526.65,6075.75,6075.75,6177.25,54714.10,6075.75,57390,30,18,36092535.00,14,F1,30,,,,,
2026-10-05,2026-10-05,FO,NSE,IDO,49660,,BANKNIFTY,,2026-10-27,2026-10-27,63500.00,PE,BANKNIFTY26OCT63500PE,0.00,0.00,0.00,8400.00,8400.00,8400.00,54714.10,8575.83,180,0,0,0.00,0,F1,30,,,,,
2026-10-05,2026-10-05,FO,NSE,IDO,49688,,BANKNIFTY,,2026-10-27,2026-10-27,64500.00,PE,BANKNIFTY26OCT64500PE,0.00,0.00,0.00,9320.00,9320.00,9320.00,54714.10,9572.45,1440,0,0,0.00,0,F1,30,,,,,
2026-10-05,2026-10-05,FO,NSE,IDO,76385,,BANKNIFTY,,2027-03-30,2027-03-30,46500.00,PE,BANKNIFTY27MAR46500PE,0.00,0.00,0.00,1180.70,0.00,1180.70,54714.10,114.02,0,0,0,0.00,0,F1,30,,,,,
2026-10-05,2026-10-05,FO,NSE,IDO,59845,,BANKNIFTY,,2026-12-29,2026-12-29,59400.00,PE,BANKNIFTY26DEC59400PE,0.00,0.00,0.00,4975.05,0.00,4975.05,54714.10,4400.37,0,0,0,0.00,0,F1,30,,,,,
2026-10-05,2026-10-05,FO,NSE,IDO,59725,,BANKNIFTY,,2026-12-29,2026-12-29,57400.00,PE,BANKNIFTY26DEC57400PE,2472.05,2535.25,2472.05,2535.25,2535.25,3516.40,54714.10,2906.60,240,240,8,14374653.00,4,F1,30,,,,,
2026-10-05,2026-10-05,FO,NSE,IDO,59550,,BANKNIFTY,,2026-12-29,2026-12-29,54800.00,PE,BANKNIFTY26DEC54800PE,1130.20,1185.25,1059.45,1147.10,1147.10,1284.85,54714.10,1147.10,300,-120,6,10067215.50,6,F1,30,,,,,
2026-10-05,2026-10-05,FO,NSE,IDO,59548,,BANKNIFTY,,2026-12-29,2026-12-29,54700.00,PE,BANKNIFTY26DEC54700PE,933.35,1189.70,918.70,1091.05,1091.05,1236.90,54714.10,1384.94,360,-60,40,66961347.00,25,F1,30,,,,,
2026-10-05,2026-10-05,FO,NSE,IDO,59518,,BANKNIFTY,,2026-12-29,2026-12-29,53100.00,PE,BANKNIFTY26DEC53100PE,691.50,691.50,661.25,661.25,661.25,676.90,54714.10,787.47,150,90,3,4840137.00,3,F1,30,,,,,
2026-10-05,2026-10-05,FO,NSE,IDO,53223,,BANKNIFTY,,2026-12-29,2026-12-29,52500.00,PE,BANKNIFTY26DEC52500PE,475.00,571.00,417.65,529.70,522.65,561.45,54714.10,529.70,37740,750,306,486420636.00,226,F1,30,,,,,
2026-10-05,2026-10-05,FO,NSE,IDO,59496,,BANKNIFTY,,2026-12-29,2026-12-29,51900.00,PE,BANKNIFTY26DEC51900PE,349.95,407.10,349.95,407.10,407.10,530.25,54714.10,478.87,300,210,7,10977304.50,3,F1,30,,,,,
2026-10-05,2026-10-05,FO,NSE,IDO,59466,,BANKNIFTY,,2026-12-29,2026-12-29,50300.00,PE,BANKNIFTY26DEC50300PE,273.75,273.75,273.75,273.75,273.75,274.45,54714.10,220.26,450,90,3,4551637.50,1,F1,30,,,,,
2026-10-05,2026-10-05,FO,NSE,IDO,59458,,BANKNIFTY,,2026-12-29,2026-12-29,49900.00,PE,BANKNIFTY26DEC49900PE,229.55,229.55,229.55,229.55,229.55,277.35,54714.10,177.39,450,90,3,4511659.50,1,F1,30,,,,,
2026-10-05,2026-10-05,FO,NSE,IDO,53215,,BANKNIFTY,,2026-12-29,2026-12-29,46500.00,PE,BANKNIFTY26DEC46500PE,0.00,0.00,0.00,84.85,0.00,84.85,54714.10,18.51,0,0,0,0.00,0,F1,30,,,,,
2026-10-05,2026-10-05,FO,NSE,IDO,53213,,BANKNIFTY,,2026-12-29,2026-12-29,45000.00,PE,BANKNIFTY26DEC45000PE,70.90,71.80,57.00,61.65,61.65,70.20,54714.10,61.65,31800,300,129,174399141.00,44,F1,30,,,,,
2026-10-05,2026-10-05,FO,NSE,IDO,49298,,BANKNIFTY,,2026-10-27,2026-10-27,49400.00,CE,BANKNIFTY26OCT49400CE,0.00,0.00,0.00,8268.95,0.00,8268.95,54714.10,5480.47,0,0,0,0.00,0,F1,30,,,,,
2026-10-05,2026-10-05,FO,NSE,IDO,49310,,BANKNIFTY,,2026-10-27,2026-10-27,50000.00,CE,BANKNIFTY26OCT50000CE,5099.95,5401.35,4800.00,4888.00,4888.00,4769.35,54714.10,4888.00,130170,750,219,362312883.00,155,F1,30,,,,,
2026-10-05,2026-10-05,FO,NSE,IDO,49314,,BANKNIFTY,,2026-10-27,2026-10-27,50200.00,CE,BANKNIFTY26OCT50200CE,0.00,0.00,0.00,7551.75,0.00,7551.75,54714.10,4689.97,0,0,0,0.00,0,F1,30,,,,,
2026-10-05,2026-10-05,FO,NSE,IDO,49377,,BANKNIFTY,,2026-10-27,2026-10-27,52500.00,CE,BANKNIFTY26OCT52500CE,2945.05,3057.15,2533.45,2585.15,2585.15,2516.80,54714.10,2585.15,2760,30,33,54687360.00,32,F1,30,,,,,
2026-10-05,2026-10-05,FO,NSE,IDO,49441,,BANKNIFTY,,2026-10-27,2026-10-27,55000.00,CE,BANKNIFTY26OCT55000CE,800.10,1074.95,747.95,809.75,806.70,778.70,54714.10,809.75,782100,76770,120465,201991448044.50,84890,F1,30,,,,,
2026-10-05,2026-10-05,FO,NSE,IDO,49487,,BANKNIFTY,,2026-10-27,2026-10-27,56700.00,CE,BANKNIFTY26OCT56700CE,243.70,311.60,200.15,215.90,209.85,214.85,54714.10,215.90,152760,3060,11564,19754578384.50,7942,F1,30,,,,,
2026-10-05,2026-10-05,FO,NSE,IDO,49493,,BANKNIFTY,,2026-10-27,2026-10-27,56900.00,CE,BANKNIFTY26OCT56900CE,219.95,267.95,169.05,177.65,176.00,180.65,54714.10,177.65,61770,3990,5879,10071766647.00,3522,F1,30,,,,,
2026-10-05,2026-10-05,FO,NSE,IDO,49529,,BANKNIFTY,,2026-10-27,2026-10-27,58400.00,CE,BANKNIFTY26OCT58400CE,0.00,0.00,0.00,2015.90,0.00,2015.90,54714.10,61.33,0,0,0,0.00,0,F1,30,,,,,
2026-10-05,2026-10-05,FO,NSE,IDO,49575,,BANKNIFTY,,2026-10-27,2026-10-27,60100.00,CE,BANKNIFTY26OCT60100CE,20.80,20.80,15.00,15.00,15.00,1387.45,54714.10,15.00,2040,2040,93,167730244.50,33,F1,30,,,,,
2026-10-05,2026-10-05,FO,NSE,IDO,49593,,BANKNIFTY,,2026-10-27,2026-10-27,60900.00,CE,BANKNIFTY26OCT60900CE,13.50,17.75,12.15,13.60,17.75,1149.45,54714.10,13.60,10950,10950,471,860708074.50,122,F1,30,,,,,
2026-10-05,2026-10-05,FO,NSE,IDO,62001,,BANKNIFTY,,2026-11-23,2026-11-23,49800.00,CE,BANKNIFTY26NOV49800CE,0.00,0.00,0.00,8582.20,0.00,8582.20,54714.10,5339.29,0,0,0,0.00,0,F1,30,,,,,
2026-10-05,2026-10-05,FO,NSE,IDO,62021,,BANKNIFTY,,2026-11-23,2026-11-23,50500.00,CE,BANKNIFTY26NOV50500CE,0.00,0.00,0.00,7942.00,0.00,7942.00,54714.10,4687.52,0,0,0,0.00,0,F1,30,,,,,
2026-10-05,2026-10-05,FO,NSE,IDO,62095,,BANKNIFTY,,2026-11-23,2026-11-23,52900.00,CE,BANKNIFTY26NOV52900CE,0.00,0.00,0.00,2448.80,2448.80,2448.80,54714.10,2676.46,90,0,0,0.00,0,F1,30,,,,,
2026-10-05,2026-10-05,FO,NSE,IDO,62111,,BANKNIFTY,,2026-11-23,2026-11-23,53500.00,CE,BANKNIFTY26NOV53500CE,2499.95,2607.00,2238.05,2258.75,2280.10,2179.45,54714.10,2258.75,3840,-90,36,60373072.50,34,F1,30,,,,,
2026-10-05,2026-10-05,FO,NSE,IDO,62131,,BANKNIFTY,,2026-11-23,2026-11-23,53900.00,CE,BANKNIFTY26NOV53900CE,0.00,0.00,0.00,1862.80,1862.80,1862.80,54714.10,1991.71,810,0,0,0.00,0,F1,30,,,,,
2026-10-05,2026-10-05,FO,NSE,IDO,62145,,BANKNIFTY,,2026-11-23,2026-11-23,54500.00,CE,BANKNIFTY26NOV54500CE,1708.45,1864.10,1512.00,1577.65,1582.75,1522.20,54714.10,1577.65,13980,-2130,424,714476938.50,350,F1,30,,,,,
2026-10-05,2026-10-05,FO,NSE,IDO,62233,,BANKNIFTY,,2026-11-23,2026-11-23,57900.00,CE,BANKNIFTY26NOV57900CE,0.00,0.00,0.00,237.60,237.60,237.60,54714.10,392.08,6630,0,0,0.00,0,F1,30,,,,,
2026-10-05,2026-10-05,FO,NSE,IDO,62244,,BANKNIFTY,,2026-11-23,2026-11-23,58100.00,CE,BANKNIFTY26NOV58100CE,0.00,0.00,0.00,221.20,221.20,221.20,54714.10,354.32,8190,0,0,0.00,0,F1,30,,,,,
2026-10-05,2026-10-05,FO,NSE,IDO,62277,,BANKNIFTY,,2026-11-23,2026-11-23,59100.00,CE,BANKNIFTY26NOV59100CE,0.00,0.00,0.00,1975.55,0.00,1975.55,54714.10,207.35,0,0,0,0.00,0,F1,30,,,,,
2026-10-05,2026-10-05,FO,NSE,IDO,62285,,BANKNIFTY,,2026-11-23,2026-11-23,59300.00,CE,BANKNIFTY26NOV59300CE,0.00,0.00,0.00,1891.80,0.00,1891.80,54714.10,185.18,0,0,0,0.00,0,F1,30,,,,,
2026-10-05,2026-10-05,FO,NSE,IDO,62295,,BANKNIFTY,,2026-11-23,2026-11-23,59700.00,CE,BANKNIFTY26NOV59700CE,0.00,0.00,0.00,1732.05,0.00,1732.05,54714.10,146.84,0,0,0,0.00,0,F1,30,,,,,
2026-10-05,2026-10-05,FO,NSE,IDO,62461,,BANKNIFTY,,2026-11-23,2026-11-23,62100.00,CE,BANKNIFTY26NOV62100CE,0.00,0.00,0.00,978.20,0.00,978.20,54714.10,30.99,0,0,0,0.00,0,F1,30,,,,,
2026-10-05,2026-10-05,FO,NSE,IDO,62016,,BANKNIFTY,,2026-11-23,2026-11-23,50200.00,PE,BANKNIFTY26NOV50200PE,169.30,178.65,155.85,155.85,155.85,221.75,54714.10,155.85,240,150,6,9067192.50,3,F1,30,,,,,
2026-10-05,2026-10-05,FO,NSE,IDO,62049,,BANKNIFTY,,2026-11-23,2026-11-23,51200.00,PE,BANKNIFTY26NOV51200PE,187.50,209.60,184.45,209.60,209.60,316.15,54714.10,168.21,540,-210,11,16960273.50,8,F1,30,,,,,
2026-10-05,2026-10-05,FO,NSE,IDO,62249,,BANKNIFTY,,2026-11-23,2026-11-23,58100.00,PE,BANKNIFTY26NOV58100PE,3056.80,3056.80,3056.75,3056.80,3056.75,3049.40,54714.10,3056.80,390,0,2,3669406.50,2,F1,30,,,,,
