TradDt,BizDt,Sgmt,Src,FinInstrmTp,FinInstrmId,ISIN,TckrSymb,SctySrs,XpryDt,FininstrmActlXpryDt,StrkPric,OptnTp,FinInstrmNm,OpnPric,HghPric,LwPric,ClsPric,LastPric,PrvsClsgPric,UndrlygPric,SttlmPric,OpnIntrst,ChngInOpnIntrst,TtlTradgVol,TtlTrfVal,TtlNbOfTxsExctd,SsnId,NewBrdLotQty,Rmks,Rsvd1,Rsvd2,Rsvd3,Rsvd4
2026-10-05,2026-10-05,FO,NSE,IDO,62284,,NIFTY,,2026-12-29,2026-12-29,20700.00,PE,NIFTY26DEC20700PE,0.00,0.00,0.00,68.65,0.00,68.65,22555.75,36.66,0,0,0,0.00,0,F1,65,,,,,
2026-10-05,2026-10-05,FO,NSE,IDO,44614,,NIFTY,,2026-10-13,2026-10-13,22550.00,CE,NIFTY26O1322550CE,212.00,275.00,169.00,204.20,200.95,186.15,22555.75,204.20,450125,316745,76305,112930113468.25,49739,F1,65,,,,,
2026-10-05,2026-10-05,FO,NSE,IDO,51511,,NIFTY,,2026-10-27,2026-10-27,26500.00,PE,NIFTY26OCT26500PE,3736.15,3893.55,3720.20,3835.80,3831.30,3927.40,22555.75,3835.80,545090,4095,138,271611044.25,128,F1,65,,,,,
2026-10-05,2026-10-05,FO,NSE,IDO,53333,,NIFTY,,2026-11-03,2026-11-03,20500.00,PE,NIFTY26N0320500PE,25.90,29.60,14.10,25.05,24.00,25.90,22555.75,25.05,5265,5005,329,438907374.75,113,F1,65,,,,,
2026-10-05,2026-10-05,FO,NSE,IDO,53378,,NIFTY,,2026-11-03,2026-11-03,21050.00,PE,NIFTY26N0321050PE,51.50,52.75,51.50,52.75,52.75,50.00,22555.75,7.60,1625,455,7,9601263.75,2,F1,65,,,,,
2026-10-05,2026-10-05,FO,NSE,IDO,54443,,NIFTY,,2026-11-03,2026-11-03,25100.00,PE,NIFTY26N0325100PE,0.00,0.00,0.00,1666.40,0.00,1666.40,22555.75,2435.63,0,0,0,0.00,0,F1,65,,,,,
2026-10-05,2026-10-05,FO,NSE,IDO,54253,,NIFTY,,2026-11-03,2026-11-03,24650.00,PE,NIFTY26N0324650PE,0.00,0.00,0.00,1280.65,0.00,1280.65,22555.75,1990.42,0,0,0,0.00,0,F1,65,,,,,
2026-10-05,2026-10-05,FO,NSE,IDO,54049,,NIFTY,,2026-11-03,2026-11-03,23400.00,PE,NIFTY26N0323400PE,833.75,853.20,833.70,840.75,840.75,765.70,22555.75,833.87,1105,-65,6,9453788.50,6,F1,65,,,,,
2026-10-05,2026-10-05,FO,NSE,IDO,53793,,NIFTY,,2026-11-03,2026-11-03,22750.00,PE,NIFTY26N0322750PE,350.00,457.80,335.20,394.40,394.40,480.25,22555.75,394.40,4550,520,113,169872079.00,84,F1,65,,,,,
2026-10-05,2026-10-05,FO,NSE,IDO,53791,,NIFTY,,2026-11-03,2026-11-03,22700.00,PE,NIFTY26N0322700PE,335.30,434.80,312.95,374.95,374.95,439.85,22555.75,374.95,9425,1495,100,149915746.50,89,F1,65,,,,,
2026-10-05,2026-10-05,FO,NSE,IDF,61471,,NIFTY,,2026-11-23,2026-11-23,,,NIFTY26NOVFUT,22715.10,22830.00,22613.00,22722.80,22730.60,22638.00,22555.75,22722.80,2307370,54730,4899,7239520866.50,3807,F1,65,,,,,
2026-10-05,2026-10-05,FO,NSE,IDO,40567,,NIFTY,,2026-10-06,2026-10-06,20250.00,CE,NIFTY26O0620250CE,0.00,0.00,0.00,3922.80,0.00,3922.80,22555.75,2308.80,0,0,0,0.00,0,F1,65,,,,,
2026-10-05,2026-10-05,FO,NSE,IDO,40571,,NIFTY,,2026-10-06,2026-10-06,20350.00,CE,NIFTY26O0620350CE,0.00,0.00,0.00,3823.40,0.00,3823.40,22555.75,2208.82,0,0,0,0.00,0,F1,65,,,,,
2026-10-05,2026-10-05,FO,NSE,IDO,40575,,NIFTY,,2026-10-06,2026-10-06,20450.00,CE,NIFTY26O0620450CE,0.00,0.00,0.00,3724.00,0.00,3724.00,22555.75,2108.83,0,0,0,0.00,0,F1,65,,,,,
2026-10-05,2026-10-05,FO,NSE,IDO,40619,,NIFTY,,2026-10-06,2026-10-06,21100.00,CE,NIFTY26O0621100CE,0.00,0.00,0.00,3078.70,0.00,3078.70,22555.75,1458.93,0,0,0,0.00,0,F1,65,,,,,
2026-10-05,2026-10-05,FO,NSE,IDO,40633,,NIFTY,,2026-10-06,2026-10-06,21350.00,CE,NIFTY26O0621350CE,0.00,0.00,0.00,2831.30,0.00,2831.30,22555.75,1208.97,0,0,0,0.00,0,F1,65,,,,,
2026-10-05,2026-10-05,FO,NSE,IDO,40647,,NIFTY,,2026-10-06,2026-10-06,21550.00,CE,NIFTY26O0621550CE,0.00,0.00,0.00,1181.35,1181.35,1181.35,22555.75,1009.00,390,0,0,0.00,0,F1,65,,,,,
2026-10-05,2026-10-05,FO,NSE,IDO,40659,,NIFTY,,2026-10-06,2026-10-06,21800.00,CE,NIFTY26O0621800CE,765.65,838.25,632.30,755.60,757.15,676.00,22555.75,755.60,38675,-3055,1088,1593423035.75,775,F1,65,,,,,
2026-10-05,2026-10-05,FO,NSE,IDO,40673,,NIFTY,,2026-10-06,2026-10-06,22150.00,CE,NIFTY26O0622150CE,420.00,493.80,300.75,407.80,406.55,347.70,22555.75,407.80,131105,17160,12842,18811556136.75,8760,F1,65,,,,,
2026-10-05,2026-10-05,FO,NSE,IDO,40689,,NIFTY,,2026-10-06,2026-10-06,22450.00,CE,NIFTY26O0622450CE,156.50,224.30,90.75,146.55,141.35,132.45,22555.75,146.55,1791075,-508625,3224691,4734021163550.25,1864563,F1,65,,,,,
2026-10-05,2026-10-05,FO,NSE,IDO,40743,,NIFTY,,2026-10-06,2026-10-06,23150.00,CE,NIFTY26O0623150CE,3.95,5.50,1.10,1.65,1.25,6.00,22555.75,1.65,2897635,383110,948398,1427246793904.75,132872,F1,65,,,,,
2026-10-05,2026-10-05,FO,NSE,IDO,40745,,NIFTY,,2026-10-06,2026-10-06,23200.00,CE,NIFTY26O0623200CE,3.70,4.00,1.05,1.35,1.15,5.10,22555.75,1.35,8220615,-1254890,1594560,2404814118278.00,201603,F1,65,,,,,
2026-10-05,2026-10-05,FO,NSE,IDO,40767,,NIFTY,,2026-10-06,2026-10-06,23650.00,CE,NIFTY26O0623650CE,1.65,1.65,0.45,0.65,0.45,1.65,22555.75,0.65,869245,23075,136839,210363103447.25,16222,F1,65,,,,,
2026-10-05,2026-10-05,FO,NSE,IDO,40789,,NIFTY,,2026-10-06,2026-10-06,23900.00,CE,NIFTY26O0623900CE,1.10,1.15,0.35,0.45,0.35,1.15,22555.75,0.45,1942980,-863720,149628,232452932452.00,18463,F1,65,,,,,
2026-10-05,2026-10-05,FO,NSE,IDO,40871,,NIFTY,,2026-10-06,2026-10-06,25150.00,CE,NIFTY26O0625150CE,0.50,0.65,0.25,0.30,0.25,0.50,22555.75,0.30,33475,1040,1729,2826522253.75,276,F1,65,,,,,
2026-10-05,2026-10-05,FO,NSE,IDO,40902,,NIFTY,,2026-10-06,2026-10-06,25750.00,CE,NIFTY26O0625750CE,0.45,0.45,0.25,0.35,0.25,0.45,22555.75,0.35,83590,10465,4070,6812248469.00,1052,F1,65,,,,,
2026-10-05,2026-10-05,FO,NSE,IDO,44484,,NIFTY,,2026-10-13,2026-10-13,20650.00,CE,NIFTY26O1320650CE,0.00,0.00,0.00,3100.75,0.00,3100.75,22555.75,1930.63,0,0,0,0.00,0,F1,65,,,,,
2026-10-05,2026-10-05,FO,NSE,IDO,44486,,NIFTY,,2026-10-13,2026-10-13,20700.00,CE,NIFTY26O1320700CE,0.00,0.00,0.00,3051.15,0.00,3051.15,22555.75,1880.69,0,0,0,0.00,0,F1,65,,,,,
2026-10-05,2026-10-05,FO,NSE,IDO,44528,,NIFTY,,2026-10-13,2026-10-13,21350.00,CE,NIFTY26O1321350CE,0.00,0.00,0.00,1145.85,1148.60,1145.85,22555.75,1231.74,65,0,0,0.00,0,F1,65,,,,,
2026-10-05,2026-10-05,FO,NSE,IDO,44558,,NIFTY,,2026-10-13,2026-10-13,21700.00,CE,NIFTY26O1321700CE,870.95,903.35,856.60,890.50,890.50,810.00,22555.75,890.50,715,585,29,42563569.75,23,F1,65,,,,,
2026-10-05,2026-10-05,FO,NSE,IDO,44596,,NIFTY,,2026-10-13,2026-10-13,22250.00,CE,NIFTY26O1322250CE,439.95,500.50,347.05,404.50,401.70,369.30,22555.75,404.50,43875,16640,2135,3145379581.50,1603,F1,65,,,,,
2026-10-05,2026-10-05,FO,NSE,IDO,44600,,NIFTY,,2026-10-13,2026-10-13,22350.00,CE,NIFTY26O1322350CE,306.70,417.15,280.45,331.55,327.15,300.70,22555.75,331.55,80860,13650,8775,12935763919.00,5627,F1,65,,,,,
2026-10-05,2026-10-05,FO,NSE,IDO,44632,,NIFTY,,2026-10-13,2026-10-13,23000.00,CE,NIFTY26O1323000CE,48.90,64.00,36.05,43.40,41.35,47.05,22555.75,43.40,3958695,1073215,277530,415779392102.75,134393,F1,65,,,,,
2026-10-05,2026-10-05,FO,NSE,IDO,44658,,NIFTY,,2026-10-13,2026-10-13,23350.00,CE,NIFTY26O1323350CE,16.50,16.50,9.40,10.90,10.30,14.80,22555.75,10.90,553020,231075,34984,53124744708.75,16660,F1,65,,,,,
2026-10-05,2026-10-05,FO,NSE,IDO,44694,,NIFTY,,2026-10-13,2026-10-13,23800.00,CE,NIFTY26O1323800CE,4.60,4.60,3.00,3.30,3.00,5.00,22555.75,3.30,1535300,590915,63703,98562911170.75,20337,F1,65,,,,,
2026-10-05,2026-10-05,FO,NSE,IDO,44720,,NIFTY,,2026-10-13,2026-10-13,24100.00,CE,NIFTY26O1324100CE,2.70,2.70,1.35,1.40,1.35,2.65,22555.75,1.40,1891565,1164215,51769,81101436247.00,22179,F1,65,,,,,
2026-10-05,2026-10-05,FO,NSE,IDO,47053,,NIFTY,,2026-10-19,2026-10-19,20650.00,CE,NIFTY26O1920650CE,0.00,0.00,0.00,2584.00,0.00,2584.00,22555.75,1949.30,0,0,0,0.00,0,F1,65,,,,,
2026-10-05,2026-10-05,FO,NSE,IDO,47067,,NIFTY,,2026-10-19,2026-10-19,21000.00,CE,NIFTY26O1921000CE,1577.80,1591.30,1577.80,1591.30,1591.30,1499.65,22555.75,1600.39,65,0,2,2935991.50,2,F1,65,,,,,
2026-10-05,2026-10-05,FO,NSE,IDO,47077,,NIFTY,,2026-10-19,2026-10-19,21250.00,CE,NIFTY26O1921250CE,0.00,0.00,0.00,1998.25,0.00,1998.25,22555.75,1352.19,0,0,0,0.00,0,F1,65,,,,,
2026-10-05,2026-10-05,FO,NSE,IDO,47102,,NIFTY,,2026-10-19,2026-10-19,21750.00,CE,NIFTY26O1921750CE,0.00,0.00,0.00,1122.75,1122.75,1122.75,22555.75,869.18,65,0,0,0.00,0,F1,65,,,,,
2026-10-05,2026-10-05,FO,NSE,IDO,47173,,NIFTY,,2026-10-19,2026-10-19,23250.00,CE,NIFTY26O1923250CE,50.00,56.60,36.60,41.80,39.35,44.60,22555.75,41.80,17940,8190,711,1076583891.50,510,F1,65,,,,,
2026-10-05,2026-10-05,FO,NSE,IDO,47181,,NIFTY,,2026-10-19,2026-10-19,23450.00,CE,NIFTY26O1923450CE,29.45,31.05,21.50,23.10,23.05,28.05,22555.75,23.10,38545,20475,1235,1884500790.25,626,F1,65,,,,,
2026-10-05,2026-10-05,FO,NSE,IDO,47242,,NIFTY,,2026-10-19,2026-10-19,24400.00,CE,NIFTY26O1924400CE,5.45,5.45,3.05,3.50,3.30,5.20,22555.75,3.50,34580,1560,342,542493282.50,151,F1,65,,,,,
2026-10-05,2026-10-05,FO,NSE,IDO,51216,,NIFTY,,2026-10-27,2026-10-27,20150.00,CE,NIFTY26OCT20150CE,0.00,0.00,0.00,4145.50,0.00,4145.50,22555.75,2472.47,0,0,0,0.00,0,F1,65,,,,,
2026-10-05,2026-10-05,FO,NSE,IDO,51262,,NIFTY,,2026-10-27,2026-10-27,21050.00,CE,NIFTY26OCT21050CE,0.00,0.00,0.00,1609.90,1609.90,1609.90,22555.75,1578.66,65,0,0,0.00,0,F1,65,,,,,
2026-10-05,2026-10-05,FO,NSE,IDO,51294,,NIFTY,,2026-10-27,2026-10-27,21700.00,CE,NIFTY26OCT21700CE,1008.00,1071.00,970.00,975.00,975.00,924.35,22555.75,961.09,1885,65,21,31001135.75,17,F1,65,,,,,
2026-10-05,2026-10-05,FO,NSE,IDO,51302,,NIFTY,,2026-10-27,2026-10-27,21850.00,CE,NIFTY26OCT21850CE,0.00,0.00,0.00,750.15,750.15,750.15,22555.75,829.83,65,0,0,0.00,0,F1,65,,,,,
2026-10-05,2026-10-05,FO,NSE,IDO,51332,,NIFTY,,2026-10-27,2026-10-27,22550.00,CE,NIFTY26OCT22550CE,365.25,414.10,304.90,350.55,349.00,318.85,22555.75,350.55,118885,1105,7941,11824791618.25,6168,F1,65,,,,,
2026-10-05,2026-10-05,FO,NSE,IDO,51430,,NIFTY,,2026-10-27,2026-10-27,24800.00,CE,NIFTY26OCT24800CE,6.95,8.65,4.60,6.10,5.85,6.80,22555.75,6.10,426010,16315,3368,5430515896.00,1661,F1,65,,,,,
2026-10-05,2026-10-05,FO,NSE,IDO,51452,,NIFTY,,2026-10-27,2026-10-27,25300.00,CE,NIFTY26OCT25300CE,4.00,4.00,3.15,3.55,3.55,3.70,22555.75,3.55,34710,910,285,468746005.00,195,F1,65,,,,,
2026-10-05,2026-10-05,FO,NSE,IDO,51478,,NIFTY,,2026-10-27,2026-10-27,25700.00,CE,NIFTY26OCT25700CE,2.80,2.80,2.00,2.60,2.65,2.80,22555.75,2.60,35750,-9750,367,613128395.75,286,F1,65,,,,,
2026-10-05,2026-10-05,FO,NSE,IDO,51482,,NIFTY,,2026-10-27,2026-10-27,25800.00,CE,NIFTY26OCT25800CE,2.20,2.85,1.40,2.00,1.60,2.70,22555.75,2.00,78650,-2470,768,1288033903.00,390,F1,65,,,,,
2026-10-05,2026-10-05,FO,NSE,IDO,51496,,NIFTY,,2026-10-27,2026-10-27,26150.00,CE,NIFTY26OCT26150CE,0.00,0.00,0.00,4.85,4.85,4.85,22555.75,0.01,455,0,0,0.00,0,F1,65,,,,,
2026-10-05,2026-10-05,FO,NSE,IDO,51502,,NIFTY,,2026-10-27,2026-10-27,26300.00,CE,NIFTY26OCT26300CE,1.85,1.85,0.50,1.20,1.35,1.80,22555.75,1.20,38805,-1105,51,87189209.25,20,F1,65,,,,,
2026-10-05,2026-10-05,FO,NSE,IDO,51512,,NIFTY,,2026-10-27,2026-10-27,26550.00,CE,NIFTY26OCT26550CE,0.00,0.00,0.00,1.25,1.25,1.25,22555.75,0.01,780,0,0,0.00,0,F1,65,,,,,
2026-10-05,2026-10-05,FO,NSE,IDO,51520,,NIFTY,,2026-10-27,2026-10-27,26750.00,CE,NIFTY26OCT26750CE,0.60,0.60,0.60,0.60,0.60,0.65,22555.75,0.01,975,0,1,1738789.00,1,F1,65,,,,,
2026-10-05,2026-10-05,FO,NSE,IDO,51536,,NIFTY,,2026-10-27,2026-10-27,27100.00,CE,NIFTY26OCT27100CE,1.10,1.20,0.60,0.60,0.60,1.20,22555.75,0.60,10335,845,21,36992936.50,4,F1,65,,,,,
2026-10-05,2026-10-05,FO,NSE,IDO,53381,,NIFTY,,2026-11-03,2026-11-03,21150.00,CE,NIFTY26N0321150CE,0.00,0.00,0.00,2334.20,0.00,2334.20,22555.75,1508.55,0,0,0,0.00,0,F1,65,,,,,
2026-10-05,2026-10-05,FO,NSE,IDO,53488,,NIFTY,,2026-11-03,2026-11-03,21600.00,CE,NIFTY26N0321600CE,0.00,0.00,0.00,1906.05,0.00,1906.05,22555.75,1089.51,0,0,0,0.00,0,F1,65,,,,,
2026-10-05,2026-10-05,FO,NSE,IDO,54050,,NIFTY,,2026-11-03,2026-11-03,23450.00,CE,NIFTY26N0323450CE,78.70,94.95,70.85,81.00,80.00,78.30,22555.75,81.00,3055,-1105,87,133088839.00,50,F1,65,,,,,
2026-10-05,2026-10-05,FO,NSE,IDO,54118,,NIFTY,,2026-11-03,2026-11-03,24150.00,CE,NIFTY26N0324150CE,0.00,0.00,0.00,242.15,0.00,242.15,22555.75,15.57,0,0,0,0.00,0,F1,65,,,,,
2026-10-05,2026-10-05,FO,NSE,IDO,64136,,NIFTY,,2026-11-23,2026-11-23,20400.00,CE,NIFTY26NOV20400CE,0.00,0.00,0.00,4242.90,0.00,4242.90,22555.75,2310.64,0,0,0,0.00,0,F1,65,,,,,
2026-10-05,2026-10-05,FO,NSE,IDO,64166,,NIFTY,,2026-11-23,2026-11-23,20900.00,CE,NIFTY26NOV20900CE,0.00,0.00,0.00,3757.70,0.00,3757.70,22555.75,1827.80,0,0,0,0.00,0,F1,65,,,,,
2026-10-05,2026-10-05,FO,NSE,IDO,64186,,NIFTY,,2026-11-23,2026-11-23,21200.00,CE,NIFTY26NOV21200CE,0.00,0.00,0.00,3469.95,0.00,3469.95,22555.75,1548.28,0,0,0,0.00,0,F1,65,,,,,
2026-10-05,2026-10-05,FO,NSE,IDO,64210,,NIFTY,,2026-11-23,2026-11-23,21550.00,CE,NIFTY26NOV21550CE,0.00,0.00,0.00,3139.00,0.00,3139.00,22555.75,1238.98,0,0,0,0.00,0,F1,65,,,,,
2026-10-05,2026-10-05,FO,NSE,IDO,64268,,NIFTY,,2026-11-23,2026-11-23,22300.00,CE,NIFTY26NOV22300CE,707.60,769.65,638.70,701.95,695.05,653.85,22555.75,701.95,18395,4225,229,342374633.25,187,F1,65,,,,,
2026-10-05,2026-10-05,FO,NSE,IDO,64375,,NIFTY,,2026-11-23,2026-11-23,23550.00,CE,NIFTY26NOV23550CE,132.60,153.05,124.75,138.55,136.00,132.50,22555.75,138.55,48035,26195,586,902381847.25,383,F1,65,,,,,
2026-10-05,2026-10-05,FO,NSE,IDO,64409,,NIFTY,,2026-11-23,2026-11-23,24300.00,CE,NIFTY26NOV24300CE,49.00,50.15,41.95,44.95,43.60,46.10,22555.75,44.95,143975,-3510,1673,2647468320.25,1189,F1,65,,,,,
2026-10-05,2026-10-05,FO,NSE,IDO,64475,,NIFTY,,2026-11-23,2026-11-23,25550.00,CE,NIFTY26NOV25550CE,11.50,11.50,11.50,11.50,11.50,12.75,22555.75,3.05,845,65,2,3322995.00,2,F1,65,,,,,
2026-10-05,2026-10-05,FO,NSE,IDO,62234,,NIFTY,,2026-12-29,2026-12-29,20250.00,CE,NIFTY26DEC20250CE,0.00,0.00,0.00,2799.00,0.00,2799.00,22555.75,2579.12,0,0,0,0.00,0,F1,65,,,,,
2026-10-05,2026-10-05,FO,NSE,IDO,62431,,NIFTY,,2026-12-29,2026-12-29,21450.00,CE,NIFTY26DEC21450CE,1492.75,1498.70,1480.20,1498.70,1498.70,1468.45,22555.75,1498.64,1040,585,9,13420221.75,3,F1,65,,,,,
2026-10-05,2026-10-05,FO,NSE,IDO,62491,,NIFTY,,2026-12-29,2026-12-29,21800.00,CE,NIFTY26DEC21800CE,1281.40,1282.20,1232.20,1232.20,1232.20,1122.00,22555.75,1223.91,2990,0,12,17986166.25,8,F1,65,,,,,
2026-10-05,2026-10-05,FO,NSE,IDO,62545,,NIFTY,,2026-12-29,2026-12-29,22200.00,CE,NIFTY26DEC22200CE,994.95,1010.00,910.00,940.00,940.00,911.45,22555.75,943.17,4550,390,30,45165659.50,25,F1,65,,,,,
2026-10-05,2026-10-05,FO,NSE,IDO,62807,,NIFTY,,2026-12-29,2026-12-29,23350.00,CE,NIFTY26DEC23350CE,346.55,349.45,316.40,331.55,331.55,319.80,22555.75,331.55,8580,-1300,65,100091621.50,41,F1,65,,,,,
2026-10-05,2026-10-05,FO,NSE,IDO,62954,,NIFTY,,2026-12-29,2026-12-29,23800.00,CE,NIFTY26DEC23800CE,201.45,220.90,187.35,194.05,193.95,191.15,22555.75,194.05,77025,10855,856,1335531908.75,604,F1,65,,,,,
2026-10-05,2026-10-05,FO,NSE,IDO,55330,,NIFTY,,2026-12-29,2026-12-29,28500.00,CE,NIFTY26DEC28500CE,7.00,7.00,5.75,6.10,6.00,7.00,22555.75,6.10,98800,-390,280,518812843.25,183,F1,65,,,,,
2026-10-05,2026-10-05,FO,NSE,IDO,80268,,NIFTY,,2027-03-30,2027-03-30,21000.00,CE,NIFTY27MAR21000CE,2375.00,2428.40,2260.00,2322.40,2340.75,2278.80,22555.75,2322.40,48685,4420,220,334094081.75,147,F1,65,,,,,
2026-10-05,2026-10-05,FO,NSE,IDO,80270,,NIFTY,,2027-03-30,2027-03-30,22500.00,CE,NIFTY27MAR22500CE,1188.05,1288.80,1159.90,1208.40,1209.50,1178.55,22555.75,1208.40,300235,21515,982,1514381810.50,728,F1,65,,,,,
2026-10-05,2026-10-05,FO,NSE,IDO,71547,,NIFTY,,2027-06-29,2027-06-29,18000.00,CE,NIFTY27JUN18000CE,0.00,0.00,0.00,4066.45,0.00,4066.45,22555.75,5272.79,0,0,0,0.00,0,F1,65,,,,,
2026-10-05,2026-10-05,FO,NSE,IDO,71553,,NIFTY,,2027-06-29,2027-06-29,21000.00,CE,NIFTY27JUN21000CE,0.00,0.00,0.00,3061.80,0.00,3061.80,22555.75,2591.44,0,0,0,0.00,0,F1,65,,,,,
2026-10-05,2026-10-05,FO,NSE,IDO,55376,,NIFTY,,2027-06-29,2027-06-29,25500.00,CE,NIFTY27JUN25500CE,294.05,300.00,267.55,270.55,269.90,274.10,22555.75,270.55,30875,5590,208,348548443.75,157,F1,65,,,,,
2026-10-05,2026-10-05,FO,NSE,IDO,64322,,NIFTY,,2027-09-28,2027-09-28,15000.00,CE,NIFTY27SEP15000CE,0.00,0.00,0.00,8577.25,0.00,8577.25,22555.75,8343.62,0,0,0,0.00,0,F1,65,,,,,
2026-10-05,2026-10-05,FO,NSE,IDO,55478,,NIFTY,,2028-06-27,2028-06-27,28500.00,CE,NIFTY28JUN28500CE,0.00,0.00,0.00,2990.00,0.00,2990.00,22555.75,509.64,0,0,0,0.00,0,F1,65,,,,,
2026-10-05,2026-10-05,FO,NSE,IDO,55520,,NIFTY,,2028-12-26,2028-12-26,22500.00,CE,NIFTY28DEC22500CE,0.00,0.00,0.00,7382.90,0.00,7382.90,22555.75,3320.79,0,0,0,0.00,0,F1,65,,,,,
2026-10-05,2026-10-05,FO,NSE,IDO,55562,,NIFTY,,2029-06-26,2029-06-26,25500.00,CE,NIFTY29JUN25500CE,0.00,0.00,0.00,5917.35,0.00,5917.35,22555.75,2258.95,0,0,0,0.00,0,F1,65,,,,,
2026-10-05,2026-10-05,FO,NSE,IDO,89642,,NIFTY,,2029-06-26,2029-06-26,30000.00,CE,NIFTY29JUN30000CE,0.00,0.00,0.00,5268.40,0.00,5268.40,22555.75,863.87,0,0,0,0.00,0,F1,65,,,,,
2026-10-05,2026-10-05,FO,NSE,IDO,55606,,NIFTY,,2029-12-24,2029-12-24,28500.00,CE,NIFTY29DEC28500CE,0.00,0.00,0.00,4802.10,0.00,4802.10,22555.75,1604.16,0,0,0,0.00,0,F1,65,,,,,
2026-10-05,2026-10-05,FO,NSE,IDO,55642,,NIFTY,,2030-06-25,2030-06-25,19500.00,CE,NIFTY30JUN19500CE,0.00,0.00,0.00,11140.25,0.00,11140.25,22555.75,6856.00,0,0,0,0.00,0,F1,65,,,,,
2026-10-05,2026-10-05,FO,NSE,IDO,74647,,NIFTY,,2031-06-24,2031-06-24,22500.00,CE,NIFTY31JUN22500CE,0.00,0.00,0.00,8012.75,0.00,8012.75,22555.75,5760.32,0,0,0,0.00,0,F1,65,,,,,
2026-10-05,2026-10-05,FO,NSE,IDO,40604,,NIFTY,,2026-10-06,2026-10-06,20750.00,PE,NIFTY26O0620750PE,1.00,1.10,0.30,0.40,0.30,1.60,22555.75,0.40,90610,-6175,22541,30403188032.75,3390,F1,65,,,,,
2026-10-05,2026-10-05,FO,NSE,IDO,40686,,NIFTY,,2026-10-06,2026-10-06,22350.00,PE,NIFTY26O0622350PE,48.00,75.60,17.60,22.70,18.00,81.40,22555.75,22.70,5143060,2783105,4626507,6733622186781.75,1504001,F1,65,,,,,
2026-10-05,2026-10-05,FO,NSE,IDO,40700,,NIFTY,,2026-10-06,2026-10-06,22550.00,PE,NIFTY26O0622550PE,120.00,178.95,59.85,79.35,74.15,172.35,22555.75,79.35,5216445,4178525,7352057,10822766817359.25,3429495,F1,65,,,,,
2026-10-05,2026-10-05,FO,NSE,IDO,40744,,NIFTY,,2026-10-06,2026-10-06,23150.00,PE,NIFTY26O0623150PE,568.05,715.75,516.55,597.00,595.50,685.65,22555.75,597.00,87490,-41470,1959,3022686517.50,1180,F1,65,,,,,
2026-10-05,2026-10-05,FO,NSE,IDO,40768,,NIFTY,,2026-10-06,2026-10-06,23650.00,PE,NIFTY26O0623650PE,1047.35,1200.00,1015.00,1094.15,1095.00,1186.60,22555.75,1094.15,55770,-7995,237,381571190.00,106,F1,65,,,,,
2026-10-05,2026-10-05,FO,NSE,IDO,40770,,NIFTY,,2026-10-06,2026-10-06,23700.00,PE,NIFTY26O0623700PE,1116.05,1260.00,1065.00,1146.25,1145.40,1237.70,22555.75,1146.25,57200,-28795,904,1460128956.00,498,F1,65,,,,,
2026-10-05,2026-10-05,FO,NSE,IDO,74652,,NIFTY,,2031-06-24,2031-06-24,25500.00,PE,NIFTY31JUN25500PE,0.00,0.00,0.00,1262.85,0.00,1262.85,22555.75,1241.99,0,0,0,0.00,0,F1,65,,,,,
2026-10-05,2026-10-05,FO,NSE,IDO,74650,,NIFTY,,2031-06-24,2031-06-24,24000.00,PE,NIFTY31JUN24000PE,0.00,0.00,0.00,933.85,933.85,933.85,22555.75,857.77,65,0,0,0.00,0,F1,65,,,,,
2026-10-05,2026-10-05,FO,NSE,IDO,74646,,NIFTY,,2031-06-24,2031-06-24,21000.00,PE,NIFTY31JUN21000PE,0.00,0.00,0.00,450.50,0.00,450.50,22555.75,340.87,0,0,0,0.00,0,F1,65,,,,,
2026-10-05,2026-10-05,FO,NSE,IDO,74637,,NIFTY,,2031-06-24,2031-06-24,15000.00,PE,NIFTY31JUN15000PE,0.00,0.00,0.00,47.50,0.00,47.50,22555.75,16.15,0,0,0,0.00,0,F1,65,,,,,
2026-10-05,2026-10-05,FO,NSE,IDO,55755,,NIFTY,,2030-12-31,2030-12-31,24000.00,PE,NIFTY30DEC24000PE,0.00,0.00,0.00,1000.00,1000.00,1000.00,22555.75,909.17,520,0,0,0.00,0,F1,65,,,,,
2026-10-05,2026-10-05,FO,NSE,IDO,55699,,NIFTY,,2030-12-31,2030-12-31,18000.00,PE,NIFTY30DEC18000PE,0.00,0.00,0.00,32.30,0.00,32.30,22555.75,93.56,0,0,0,0.00,0,F1,65,,,,,
2026-10-05,2026-10-05,FO,NSE,IDO,40802,,NIFTY,,2026-10-06,2026-10-06,24050.00,PE,NIFTY26O0624050PE,1580.60,1601.65,1505.10,1505.10,1505.10,1639.00,22555.75,1490.63,2990,-390,10,16655489.50,10,F1,65,,,,,
2026-10-05,2026-10-05,FO,NSE,IDO,44451,,NIFTY,,2026-10-13,2026-10-13,20250.00,PE,NIFTY26O1320250PE,5.20,5.20,2.00,3.25,3.20,5.30,22555.75,3.25,10660,9945,361,475245221.75,240,F1,65,,,,,
2026-10-05,2026-10-05,FO,NSE,IDO,44561,,NIFTY,,2026-10-13,2026-10-13,21700.00,PE,NIFTY26O1321700PE,31.80,33.70,16.55,20.60,19.85,35.60,22555.75,20.60,1295580,332865,88150,124459749914.50,45231,F1,65,,,,,
2026-10-05,2026-10-05,FO,NSE,IDO,44571,,NIFTY,,2026-10-13,2026-10-13,21950.00,PE,NIFTY26O1321950PE,50.00,64.95,29.40,38.05,36.90,63.65,22555.75,38.05,215410,141895,21213,30322099457.00,14296,F1,65,,,,,
2026-10-05,2026-10-05,FO,NSE,IDO,44597,,NIFTY,,2026-10-13,2026-10-13,22250.00,PE,NIFTY26O1322250PE,95.00,128.45,63.00,85.10,81.75,127.05,22555.75,85.10,322530,139815,32503,47199442722.25,22898,F1,65,,,,,
2026-10-05,2026-10-05,FO,NSE,IDO,44599,,NIFTY,,2026-10-13,2026-10-13,22300.00,PE,NIFTY26O1322300PE,99.00,145.35,71.40,96.65,92.50,143.80,22555.75,96.65,1201005,602680,114787,167153683999.25,67541,F1,65,,,,,
2026-10-05,2026-10-05,FO,NSE,IDO,44711,,NIFTY,,2026-10-13,2026-10-13,23950.00,PE,NIFTY26O1323950PE,1396.60,1396.60,1396.60,1396.60,1396.60,1448.30,22555.75,1365.58,390,195,3,4942587.00,1,F1,65,,,,,
2026-10-05,2026-10-05,FO,NSE,IDO,55609,,NIFTY,,2029-12-24,2029-12-24,31500.00,PE,NIFTY29DEC31500PE,0.00,0.00,0.00,2240.25,0.00,2240.25,22555.75,4715.70,0,0,0,0.00,0,F1,65,,,,,
2026-10-05,2026-10-05,FO,NSE,IDO,61933,,NIFTY,,2029-12-24,2029-12-24,30000.00,PE,NIFTY29DEC30000PE,3150.00,3446.00,3150.00,3220.00,3220.00,3010.05,22555.75,3773.34,1105,-325,7,15168718.50,7,F1,65,,,,,
2026-10-05,2026-10-05,FO,NSE,IDO,55607,,NIFTY,,2029-12-24,2029-12-24,28500.00,PE,NIFTY29DEC28500PE,0.00,0.00,0.00,1255.90,0.00,1255.90,22555.75,2920.23,0,0,0,0.00,0,F1,65,,,,,
2026-10-05,2026-10-05,FO,NSE,IDO,61773,,NIFTY,,2029-12-24,2029-12-24,25000.00,PE,NIFTY29DEC25000PE,1545.00,1750.00,1545.00,1560.10,1560.10,1600.00,22555.75,1352.74,2565,910,30,51948299.00,27,F1,65,,,,,
2026-10-05,2026-10-05,FO,NSE,IDO,55599,,NIFTY,,2029-12-24,2029-12-24,16500.00,PE,NIFTY29DEC16500PE,0.00,0.00,0.00,10.15,0.00,10.15,22555.75,30.46,0,0,0,0.00,0,F1,65,,,,,
2026-10-05,2026-10-05,FO,NSE,IDO,55561,,NIFTY,,2029-06-26,2029-06-26,22500.00,PE,NIFTY29JUN22500PE,0.00,0.00,0.00,224.45,0.00,224.45,22555.75,656.77,0,0,0,0.00,0,F1,65,,,,,
2026-10-05,2026-10-05,FO,NSE,IDO,55525,,NIFTY,,2028-12-26,2028-12-26,28500.00,PE,NIFTY28DEC28500PE,0.00,0.00,0.00,1451.15,0.00,1451.15,22555.75,3502.12,0,0,0,0.00,0,F1,65,,,,,
2026-10-05,2026-10-05,FO,NSE,IDO,55523,,NIFTY,,2028-12-26,2028-12-26,25500.00,PE,NIFTY28DEC25500PE,0.00,0.00,0.00,648.20,0.00,648.20,22555.75,1781.22,0,0,0,0.00,0,F1,65,,,,,
2026-10-05,2026-10-05,FO,NSE,IDO,55479,,NIFTY,,2028-06-27,2028-06-27,28500.00,PE,NIFTY28JUN28500PE,0.00,0.00,0.00,1560.85,0.00,1560.85,22555.75,3868.89,0,0,0,0.00,0,F1,65,,,,,
2026-10-05,2026-10-05,FO,NSE,IDO,55477,,NIFTY,,2028-06-27,2028-06-27,25500.00,PE,NIFTY28JUN25500PE,0.00,0.00,0.00,1034.00,1034.00,1034.00,22555.75,1925.28,0,0,0,0.00,0,F1,65,,,,,
2026-10-05,2026-10-05,FO,NSE,IDO,55429,,NIFTY,,2027-12-28,2027-12-28,28500.00,PE,NIFTY27DEC28500PE,0.00,0.00,0.00,2979.70,2979.70,2979.70,22555.75,4312.68,260,0,0,0.00,0,F1,65,,,,,
2026-10-05,2026-10-05,FO,NSE,IDO,53604,,NIFTY,,2027-12-28,2027-12-28,18000.00,PE,NIFTY27DEC18000PE,167.55,167.55,125.15,132.30,125.35,130.60,22555.75,132.30,29925,975,36,42445877.50,33,F1,65,,,,,
2026-10-05,2026-10-05,FO,NSE,IDO,64343,,NIFTY,,2027-09-28,2027-09-28,24000.00,PE,NIFTY27SEP24000PE,0.00,0.00,0.00,1386.25,0.00,1386.25,22555.75,1280.61,0,0,0,0.00,0,F1,65,,,,,
2026-10-05,2026-10-05,FO,NSE,IDO,55375,,NIFTY,,2027-06-29,2027-06-29,22500.00,PE,NIFTY27JUN22500PE,572.15,599.85,534.00,579.30,568.70,574.35,22555.75,579.30,34580,4745,238,356784766.00,208,F1,65,,,,,
2026-10-05,2026-10-05,FO,NSE,IDO,80312,,NIFTY,,2027-03-30,2027-03-30,31500.00,PE,NIFTY27MAR31500PE,0.00,0.00,0.00,7066.15,0.00,7066.15,22555.75,8120.10,0,0,0,0.00,0,F1,65,,,,,
2026-10-05,2026-10-05,FO,NSE,IDO,62868,,NIFTY,,2026-12-29,2026-12-29,23350.00,PE,NIFTY26DEC23350PE,0.00,0.00,0.00,639.30,639.30,639.30,22555.75,864.38,910,0,0,0.00,0,F1,65,,,,,
2026-10-05,2026-10-05,FO,NSE,IDO,62496,,NIFTY,,2026-12-29,2026-12-29,21900.00,PE,NIFTY26DEC21900PE,218.05,275.00,212.90,242.30,241.25,261.55,22555.75,242.30,33735,12025,489,703542040.50,368,F1,65,,,,,
2026-10-05,2026-10-05,FO,NSE,IDO,62423,,NIFTY,,2026-12-29,2026-12-29,21250.00,PE,NIFTY26DEC21250PE,123.00,154.20,123.00,139.05,139.05,154.35,22555.75,89.77,5395,-1040,97,134868019.00,67,F1,65,,,,,
2026-10-05,2026-10-05,FO,NSE,IDO,44761,,NIFTY,,2026-10-13,2026-10-13,24650.00,PE,NIFTY26O1324650PE,0.00,0.00,0.00,1036.55,0.00,1036.55,22555.75,2064.55,0,0,0,0.00,0,F1,65,,,,,
2026-10-05,2026-10-05,FO,NSE,IDO,44781,,NIFTY,,2026-10-13,2026-10-13,25050.00,PE,NIFTY26O1325050PE,0.00,0.00,0.00,1363.60,0.00,1363.60,22555.75,2464.07,0,0,0,0.00,0,F1,65,,,,,
2026-10-05,2026-10-05,FO,NSE,IDO,44789,,NIFTY,,2026-10-13,2026-10-13,25200.00,PE,NIFTY26O1325200PE,2590.00,2590.00,2590.00,2590.00,2590.00,1494.10,22555.75,2613.89,65,65,1,1806350.00,1,F1,65,,,,,
2026-10-05,2026-10-05,FO,NSE,IDO,44791,,NIFTY,,2026-10-13,2026-10-13,25250.00,PE,NIFTY26O1325250PE,0.00,0.00,0.00,1538.35,0.00,1538.35,22555.75,2663.83,0,0,0,0.00,0,F1,65,,,,,
2026-10-05,2026-10-05,FO,NSE,IDO,44793,,NIFTY,,2026-10-13,2026-10-13,25300.00,PE,NIFTY26O1325300PE,0.00,0.00,0.00,1583.00,0.00,1583.00,22555.75,2713.77,0,0,0,0.00,0,F1,65,,,,,
2026-10-05,2026-10-05,FO,NSE,IDO,47132,,NIFTY,,2026-10-19,2026-10-19,22450.00,PE,NIFTY26O1922450PE,197.75,245.95,149.80,187.80,186.45,247.75,22555.75,187.80,28405,18850,2459,3619441858.50,1651,F1,65,,,,,
2026-10-05,2026-10-05,FO,NSE,IDO,47182,,NIFTY,,2026-10-19,2026-10-19,23450.00,PE,NIFTY26O1923450PE,889.40,894.60,876.80,894.60,894.60,1089.35,22555.75,866.01,3120,0,11,17398914.00,3,F1,65,,,,,
2026-10-05,2026-10-05,FO,NSE,IDO,62241,,NIFTY,,2026-12-29,2026-12-29,20350.00,PE,NIFTY26DEC20350PE,0.00,0.00,0.00,41.95,0.00,41.95,22555.75,19.10,0,0,0,0.00,0,F1,65,,,,,
2026-10-05,2026-10-05,FO,NSE,IDO,64478,,NIFTY,,2026-11-23,2026-11-23,25600.00,PE,NIFTY26NOV25600PE,0.00,0.00,0.00,2600.00,2600.00,2600.00,22555.75,2858.63,195,0,0,0.00,0,F1,65,,,,,
2026-10-05,2026-10-05,FO,NSE,IDO,64469,,NIFTY,,2026-11-23,2026-11-23,25400.00,PE,NIFTY26NOV25400PE,0.00,0.00,0.00,2300.00,2300.00,2300.00,22555.75,2661.76,325,0,0,0.00,0,F1,65,,,,,
2026-10-05,2026-10-05,FO,NSE,IDO,64440,,NIFTY,,2026-11-23,2026-11-23,25000.00,PE,NIFTY26NOV25000PE,2235.00,2295.00,2142.40,2252.25,2243.25,2343.85,22555.75,2252.25,299585,4355,197,348399200.50,148,F1,65,,,,,
2026-10-05,2026-10-05,FO,NSE,IDO,64410,,NIFTY,,2026-11-23,2026-11-23,24300.00,PE,NIFTY26NOV24300PE,1582.95,1614.90,1485.00,1600.00,1600.00,1600.00,22555.75,1608.90,13325,325,32,53828706.75,14,F1,65,,,,,
2026-10-05,2026-10-05,FO,NSE,IDO,64406,,NIFTY,,2026-11-23,2026-11-23,24200.00,PE,NIFTY26NOV24200PE,1372.05,1536.00,1372.05,1536.00,1536.00,1453.35,22555.75,1518.24,10270,-130,27,44977481.25,27,F1,65,,,,,
2026-10-05,2026-10-05,FO,NSE,IDO,64402,,NIFTY,,2026-11-23,2026-11-23,24100.00,PE,NIFTY26NOV24100PE,1435.90,1439.30,1384.10,1439.30,1439.30,1135.00,22555.75,1428.98,10205,-65,7,11612146.00,5,F1,65,,,,,
2026-10-05,2026-10-05,FO,NSE,IDO,64396,,NIFTY,,2026-11-23,2026-11-23,23950.00,PE,NIFTY26NOV23950PE,1298.40,1298.40,1298.40,1298.40,1298.40,1067.50,22555.75,1298.11,1040,0,4,6564584.00,1,F1,65,,,,,
2026-10-05,2026-10-05,FO,NSE,IDO,64390,,NIFTY,,2026-11-23,2026-11-23,23850.00,PE,NIFTY26NOV23850PE,0.00,0.00,0.00,1038.55,1038.55,1038.55,22555.75,1213.13,2080,0,0,0.00,0,F1,65,,,,,
2026-10-05,2026-10-05,FO,NSE,IDO,64293,,NIFTY,,2026-11-23,2026-11-23,22700.00,PE,NIFTY26NOV22700PE,400.00,490.75,366.00,426.35,422.45,470.75,22555.75,426.35,109850,13975,1879,2823195498.50,1222,F1,65,,,,,
2026-10-05,2026-10-05,FO,NSE,IDO,64279,,NIFTY,,2026-11-23,2026-11-23,22500.00,PE,NIFTY26NOV22500PE,380.45,401.50,293.10,344.60,344.35,382.65,22555.75,344.60,1299415,-214695,18606,27616119358.75,12445,F1,65,,,,,
2026-10-05,2026-10-05,FO,NSE,IDO,64275,,NIFTY,,2026-11-23,2026-11-23,22400.00,PE,NIFTY26NOV22400PE,333.00,362.00,264.50,308.85,307.85,349.80,22555.75,308.85,112385,18460,1980,2921827090.00,1688,F1,65,,,,,
2026-10-05,2026-10-05,FO,NSE,IDO,64235,,NIFTY,,2026-11-23,2026-11-23,21900.00,PE,NIFTY26NOV21900PE,206.00,211.05,152.50,182.20,179.40,206.45,22555.75,182.20,77545,11895,987,1416400251.50,647,F1,65,,,,,
2026-10-05,2026-10-05,FO,NSE,IDO,64228,,NIFTY,,2026-11-23,2026-11-23,21800.00,PE,NIFTY26NOV21800PE,140.00,190.90,136.10,159.95,160.95,184.10,22555.75,159.95,114725,16315,1725,2461890947.75,1231,F1,65,,,,,
2026-10-05,2026-10-05,FO,NSE,IDO,64215,,NIFTY,,2026-11-23,2026-11-23,21550.00,PE,NIFTY26NOV21550PE,111.00,144.65,108.00,126.10,120.30,142.45,22555.75,126.10,4485,-2015,90,126801483.25,36,F1,65,,,,,
2026-10-05,2026-10-05,FO,NSE,IDO,47238,,NIFTY,,2026-10-19,2026-10-19,24300.00,PE,NIFTY26O1924300PE,0.00,0.00,0.00,1400.00,1400.00,1400.00,22555.75,1693.53,975,0,0,0.00,0,F1,65,,,,,
2026-10-05,2026-10-05,FO,NSE,IDO,47245,,NIFTY,,2026-10-19,2026-10-19,24400.00,PE,NIFTY26O1924400PE,0.00,0.00,0.00,1450.00,1450.00,1450.00,22555.75,1793.11,650,0,0,0.00,0,F1,65,,,,,
2026-10-05,2026-10-05,FO,NSE,IDO,47399,,NIFTY,,2026-10-19,2026-10-19,24700.00,PE,NIFTY26O1924700PE,0.00,0.00,0.00,1505.10,0.00,1505.10,22555.75,2092.25,0,0,0,0.00,0,F1,65,,,,,
2026-10-05,2026-10-05,FO,NSE,IDO,47428,,NIFTY,,2026-10-19,2026-10-19,25050.00,PE,NIFTY26O1925050PE,0.00,0.00,0.00,1825.80,0.00,1825.80,22555.75,2441.47,0,0,0,0.00,0,F1,65,,,,,
2026-10-05,2026-10-05,FO,NSE,IDO,51231,,NIFTY,,2026-10-27,2026-10-27,20400.00,PE,NIFTY26OCT20400PE,17.00,19.60,11.55,14.05,13.40,15.00,22555.75,14.05,33865,32565,2582,3426170683.00,1752,F1,65,,,,,
2026-10-05,2026-10-05,FO,NSE,IDO,51281,,NIFTY,,2026-10-27,2026-10-27,21350.00,PE,NIFTY26OCT21350PE,38.00,58.05,36.50,42.15,42.30,56.00,22555.75,42.15,296725,-13260,1523,2117889016.75,812,F1,65,,,,,
2026-10-05,2026-10-05,FO,NSE,IDO,51299,,NIFTY,,2026-10-27,2026-10-27,21800.00,PE,NIFTY26OCT21800PE,97.10,113.70,69.55,84.65,82.70,108.15,22555.75,84.65,764530,2600,19011,27043076752.25,10730,F1,65,,,,,
2026-10-05,2026-10-05,FO,NSE,IDO,51309,,NIFTY,,2026-10-27,2026-10-27,22000.00,PE,NIFTY26OCT22000PE,132.85,154.45,94.60,116.70,114.00,146.60,22555.75,116.70,4600310,154115,80672,115974841875.75,45057,F1,65,,,,,
2026-10-05,2026-10-05,FO,NSE,IDO,64205,,NIFTY,,2026-11-23,2026-11-23,21400.00,PE,NIFTY26NOV21400PE,106.00,126.50,90.00,105.95,104.85,121.45,22555.75,105.95,76700,14885,1437,2008729287.50,868,F1,65,,,,,
2026-10-05,2026-10-05,FO,NSE,IDO,64135,,NIFTY,,2026-11-23,2026-11-23,20350.00,PE,NIFTY26NOV20350PE,0.00,0.00,0.00,4.85,0.00,4.85,22555.75,4.16,0,0,0,0.00,0,F1,65,,,,,
2026-10-05,2026-10-05,FO,NSE,IDO,54451,,NIFTY,,2026-11-03,2026-11-03,25200.00,PE,NIFTY26N0325200PE,0.00,0.00,0.00,1756.20,0.00,1756.20,22555.75,2534.95,0,0,0,0.00,0,F1,65,,,,,
2026-10-05,2026-10-05,FO,NSE,IDO,51333,,NIFTY,,2026-10-27,2026-10-27,22550.00,PE,NIFTY26OCT22550PE,312.55,342.05,223.05,276.20,270.00,326.50,22555.75,276.20,135525,52325,11136,16522578536.75,8304,F1,65,,,,,
2026-10-05,2026-10-05,FO,NSE,IDO,51341,,NIFTY,,2026-10-27,2026-10-27,22700.00,PE,NIFTY26OCT22700PE,326.20,418.00,279.00,341.30,338.25,399.75,22555.75,341.30,1589445,-96135,37168,55648912725.25,28233,F1,65,,,,,
2026-10-05,2026-10-05,FO,NSE,IDO,51343,,NIFTY,,2026-10-27,2026-10-27,22750.00,PE,NIFTY26OCT22750PE,345.80,446.80,302.60,366.85,364.75,438.80,22555.75,366.85,262210,126685,6185,9288881137.25,3880,F1,65,,,,,
2026-10-05,2026-10-05,FO,NSE,IDO,51349,,NIFTY,,2026-10-27,2026-10-27,22900.00,PE,NIFTY26OCT22900PE,428.40,539.75,376.15,449.60,446.20,526.20,22555.75,449.60,707655,-121940,8433,12796699519.50,5974,F1,65,,,,,
2026-10-05,2026-10-05,FO,NSE,IDO,51393,,NIFTY,,2026-10-27,2026-10-27,24000.00,PE,NIFTY26OCT24000PE,1370.05,1481.20,1265.80,1374.85,1370.00,1466.60,22555.75,1374.85,2748785,33345,5391,8883227362.75,2827,F1,65,,,,,
2026-10-05,2026-10-05,FO,NSE,IDO,51407,,NIFTY,,2026-10-27,2026-10-27,24300.00,PE,NIFTY26OCT24300PE,1650.00,1723.95,1559.35,1653.15,1653.15,1739.60,22555.75,1653.15,229385,1950,148,249752802.00,123,F1,65,,,,,
2026-10-05,2026-10-05,FO,NSE,IDO,51477,,NIFTY,,2026-10-27,2026-10-27,25650.00,PE,NIFTY26OCT25650PE,3000.00,3006.90,3000.00,3005.00,3005.00,2492.35,22555.75,3009.37,325,130,4,7450222.00,4,F1,65,,,,,
2026-10-05,2026-10-05,FO,NSE,IDO,51485,,NIFTY,,2026-10-27,2026-10-27,25850.00,PE,NIFTY26OCT25850PE,0.00,0.00,0.00,3040.70,3040.70,3040.70,22555.75,3208.70,65,0,0,0.00,0,F1,65,,,,,
2026-10-05,2026-10-05,FO,NSE,IDO,51507,,NIFTY,,2026-10-27,2026-10-27,26400.00,PE,NIFTY26OCT26400PE,0.00,0.00,0.00,3550.00,3550.00,3550.00,22555.75,3756.88,195,0,0,0.00,0,F1,65,,,,,
2026-10-05,2026-10-05,FO,NSE,IDO,51217,,NIFTY,,2026-10-27,2026-10-27,20150.00,PE,NIFTY26OCT20150PE,12.50,20.50,8.80,9.45,12.00,7.50,22555.75,9.45,1625,1625,67,87802373.75,32,F1,65,,,,,
2026-10-05,2026-10-05,FO,NSE,IDO,47417,,NIFTY,,2026-10-19,2026-10-19,24900.00,PE,NIFTY26O1924900PE,0.00,0.00,0.00,1686.55,0.00,1686.55,22555.75,2291.79,0,0,0,0.00,0,F1,65,,,,,
2026-10-05,2026-10-05,FO,NSE,IDO,47233,,NIFTY,,2026-10-19,2026-10-19,24200.00,PE,NIFTY26O1924200PE,0.00,0.00,0.00,1460.00,1460.00,1460.00,22555.75,1594.07,390,0,0,0.00,0,F1,65,,,,,
2026-10-05,2026-10-05,FO,NSE,IDO,47138,,NIFTY,,2026-10-19,2026-10-19,22550.00,PE,NIFTY26O1922550PE,206.65,294.80,182.25,226.35,224.90,292.60,22555.75,226.35,25480,17875,2736,4050849088.00,1885,F1,65,,,,,
2026-10-05,2026-10-05,FO,NSE,IDO,47130,,NIFTY,,2026-10-19,2026-10-19,22400.00,PE,NIFTY26O1922400PE,231.35,231.35,136.85,173.30,168.15,226.05,22555.75,173.30,150215,124410,8784,12891534028.75,5497,F1,65,,,,,
2026-10-05,2026-10-05,FO,NSE,IDO,47107,,NIFTY,,2026-10-19,2026-10-19,21850.00,PE,NIFTY26O1921850PE,53.55,83.25,52.20,59.35,57.80,79.20,22555.75,59.35,16185,-6565,887,1263203821.75,500,F1,65,,,,,
2026-10-05,2026-10-05,FO,NSE,IDO,47095,,NIFTY,,2026-10-19,2026-10-19,21600.00,PE,NIFTY26O1921600PE,30.25,54.30,26.75,36.80,29.00,54.65,22555.75,36.80,53235,37960,2344,3297116189.25,1688,F1,65,,,,,
2026-10-05,2026-10-05,FO,NSE,IDO,47044,,NIFTY,,2026-10-19,2026-10-19,20400.00,PE,NIFTY26O1920400PE,0.00,0.00,0.00,1.15,0.00,1.15,22555.75,0.01,0,0,0,0.00,0,F1,65,,,,,
2026-10-05,2026-10-05,FO,NSE,IDO,55648,,NIFTY,,2030-06-25,2030-06-25,28500.00,CE,NIFTY30JUN28500CE,0.00,0.00,0.00,5382.85,0.00,5382.85,22555.75,2013.11,0,0,0,0.00,0,F1,65,,,,,
2026-10-05,2026-10-05,FO,NSE,IDO,40605,,NIFTY,,2026-10-06,2026-10-06,20800.00,CE,NIFTY26O0620800CE,0.00,0.00,0.00,3376.30,0.00,3376.30,22555.75,1758.88,0,0,0,0.00,0,F1,65,,,,,
2026-10-05,2026-10-05,FO,NSE,IDO,55766,,NIFTY,,2030-12-31,2030-12-31,33000.00,CE,NIFTY30DEC33000CE,0.00,0.00,0.00,3948.25,0.00,3948.25,22555.75,1228.35,0,0,0,0.00,0,F1,65,,,,,
2026-10-05,2026-10-05,FO,NSE,IDO,40660,,NIFTY,,2026-10-06,2026-10-06,21800.00,PE,NIFTY26O0621800PE,4.45,4.65,1.20,1.70,1.20,9.20,22555.75,1.70,6673030,1155375,2649884,3755367927337.00,309371,F1,65,,,,,
2026-10-05,2026-10-05,FO,NSE,IDO,40720,,NIFTY,,2026-10-06,2026-10-06,22850.00,PE,NIFTY26O0622850PE,312.20,432.45,232.55,303.95,302.95,406.65,22555.75,303.95,228345,-132730,54743,82400515447.25,32275,F1,65,,,,,
2026-10-05,2026-10-05,FO,NSE,IDO,40782,,NIFTY,,2026-10-06,2026-10-06,23800.00,PE,NIFTY26O0623800PE,1230.00,1377.05,1165.00,1245.15,1247.00,1329.15,22555.75,1245.15,76115,-27755,1127,1836114406.75,711,F1,65,,,,,
2026-10-05,2026-10-05,FO,NSE,IDO,40818,,NIFTY,,2026-10-06,2026-10-06,24300.00,PE,NIFTY26O0624300PE,1710.00,1855.00,1659.95,1756.70,1745.20,1832.80,22555.75,1756.70,30680,-25805,650,1100625558.50,394,F1,65,,,,,
2026-10-05,2026-10-05,FO,NSE,IDO,40860,,NIFTY,,2026-10-06,2026-10-06,24850.00,PE,NIFTY26O0624850PE,0.00,0.00,0.00,2480.00,2480.00,2480.00,22555.75,2290.51,325,0,0,0.00,0,F1,65,,,,,
2026-10-05,2026-10-05,FO,NSE,IDO,40862,,NIFTY,,2026-10-06,2026-10-06,24900.00,PE,NIFTY26O0624900PE,0.00,0.00,0.00,2440.00,2440.00,2440.00,22555.75,2340.50,130,0,0,0.00,0,F1,65,,,,,
2026-10-05,2026-10-05,FO,NSE,IDO,40864,,NIFTY,,2026-10-06,2026-10-06,24950.00,PE,NIFTY26O0624950PE,0.00,0.00,0.00,1475.85,1475.85,1475.85,22555.75,2390.49,65,0,0,0.00,0,F1,65,,,,,
2026-10-05,2026-10-05,FO,NSE,IDO,40866,,NIFTY,,2026-10-06,2026-10-06,25000.00,PE,NIFTY26O0625000PE,2385.50,2565.00,2368.00,2449.50,2450.00,2547.40,22555.75,2449.50,47515,-51870,1051,1876383564.25,760,F1,65,,,,,
2026-10-05,2026-10-05,FO,NSE,IDO,44459,,NIFTY,,2026-10-13,2026-10-13,20300.00,PE,NIFTY26O1320300PE,3.00,3.70,2.55,3.40,3.40,4.05,22555.75,3.40,91715,91065,3893,5137679927.25,1324,F1,65,,,,,
2026-10-05,2026-10-05,FO,NSE,IDO,44473,,NIFTY,,2026-10-13,2026-10-13,20550.00,PE,NIFTY26O1320550PE,3.60,4.55,3.15,4.00,3.70,5.50,22555.75,4.00,42445,7605,1029,1374750230.75,550,F1,65,,,,,
2026-10-05,2026-10-05,FO,NSE,IDO,44487,,NIFTY,,2026-10-13,2026-10-13,20700.00,PE,NIFTY26O1320700PE,4.25,4.95,3.75,4.40,4.55,6.50,22555.75,4.40,238225,139880,15028,20224427808.00,6040,F1,65,,,,,
2026-10-05,2026-10-05,FO,NSE,IDO,51470,,NIFTY,,2026-10-27,2026-10-27,25550.00,CE,NIFTY26OCT25550CE,0.00,0.00,0.00,3.35,3.35,3.35,22555.75,0.02,1365,0,0,0.00,0,F1,65,,,,,
2026-10-05,2026-10-05,FO,NSE,IDO,51396,,NIFTY,,2026-10-27,2026-10-27,24050.00,CE,NIFTY26OCT24050CE,17.50,17.60,13.75,14.75,14.10,17.05,22555.75,14.75,218920,-7280,1225,1916231619.25,888,F1,65,,,,,
2026-10-05,2026-10-05,FO,NSE,IDO,51320,,NIFTY,,2026-10-27,2026-10-27,22300.00,CE,NIFTY26OCT22300CE,473.10,593.70,448.45,511.25,511.65,469.70,22555.75,511.25,876655,-1110005,54306,80491518643.25,48043,F1,65,,,,,
2026-10-05,2026-10-05,FO,NSE,IDO,51314,,NIFTY,,2026-10-27,2026-10-27,22150.00,CE,NIFTY26OCT22150CE,649.95,684.00,557.50,618.30,618.30,572.85,22555.75,618.30,15730,3705,141,208533523.25,135,F1,65,,,,,
2026-10-05,2026-10-05,FO,NSE,IDO,51288,,NIFTY,,2026-10-27,2026-10-27,21550.00,CE,NIFTY26OCT21550CE,0.00,0.00,0.00,997.30,997.30,997.30,22555.75,1097.98,65,0,0,0.00,0,F1,65,,,,,
2026-10-05,2026-10-05,FO,NSE,IDO,51254,,NIFTY,,2026-10-27,2026-10-27,20850.00,CE,NIFTY26OCT20850CE,0.00,0.00,0.00,3471.70,0.00,3471.70,22555.75,1776.10,0,0,0,0.00,0,F1,65,,,,,
2026-10-05,2026-10-05,FO,NSE,IDO,51232,,NIFTY,,2026-10-27,2026-10-27,20450.00,CE,NIFTY26OCT20450CE,0.00,0.00,0.00,3854.95,0.00,3854.95,22555.75,2173.61,0,0,0,0.00,0,F1,65,,,,,
2026-10-05,2026-10-05,FO,NSE,IDO,47427,,NIFTY,,2026-10-19,2026-10-19,25050.00,CE,NIFTY26O1925050CE,1.60,2.00,1.60,1.65,1.65,3.20,22555.75,0.01,455,-325,16,26053797.25,6,F1,65,,,,,
2026-10-05,2026-10-05,FO,NSE,IDO,47418,,NIFTY,,2026-10-19,2026-10-19,24950.00,CE,NIFTY26O1924950CE,3.00,3.00,1.40,2.00,2.00,3.15,22555.75,0.01,455,-845,53,85959809.00,18,F1,65,,,,,
2026-10-05,2026-10-05,FO,NSE,IDO,64160,,NIFTY,,2026-11-23,2026-11-23,20750.00,CE,NIFTY26NOV20750CE,0.00,0.00,0.00,3902.65,0.00,3902.65,22555.75,1970.96,0,0,0,0.00,0,F1,65,,,,,
2026-10-05,2026-10-05,FO,NSE,IDO,64180,,NIFTY,,2026-11-23,2026-11-23,21100.00,CE,NIFTY26NOV21100CE,0.00,0.00,0.00,3565.50,0.00,3565.50,22555.75,1640.26,0,0,0,0.00,0,F1,65,,,,,
2026-10-05,2026-10-05,FO,NSE,IDO,64192,,NIFTY,,2026-11-23,2026-11-23,21350.00,CE,NIFTY26NOV21350CE,0.00,0.00,0.00,3327.35,0.00,3327.35,22555.75,1413.08,0,0,0,0.00,0,F1,65,,,,,
2026-10-05,2026-10-05,FO,NSE,IDO,64216,,NIFTY,,2026-11-23,2026-11-23,21600.00,CE,NIFTY26NOV21600CE,0.00,0.00,0.00,3092.25,0.00,3092.25,22555.75,1196.73,0,0,0,0.00,0,F1,65,,,,,
2026-10-05,2026-10-05,FO,NSE,IDO,64227,,NIFTY,,2026-11-23,2026-11-23,21800.00,CE,NIFTY26NOV21800CE,1126.90,1126.90,1126.90,1126.90,1126.90,1029.70,22555.75,1033.60,455,-65,1,1490248.50,1,F1,65,,,,,
2026-10-05,2026-10-05,FO,NSE,IDO,64240,,NIFTY,,2026-11-23,2026-11-23,22050.00,CE,NIFTY26NOV22050CE,0.00,0.00,0.00,758.55,758.55,758.55,22555.75,844.75,130,0,0,0.00,0,F1,65,,,,,
2026-10-05,2026-10-05,FO,NSE,IDO,64284,,NIFTY,,2026-11-23,2026-11-23,22550.00,CE,NIFTY26NOV22550CE,490.05,597.75,490.00,534.80,534.25,503.40,22555.75,534.80,7995,2145,277,415836924.75,200,F1,65,,,,,
2026-10-05,2026-10-05,FO,NSE,IDO,64387,,NIFTY,,2026-11-23,2026-11-23,23800.00,CE,NIFTY26NOV23800CE,99.70,104.65,84.50,94.75,93.50,92.80,22555.75,94.75,319670,12740,2743,4260242889.50,1591,F1,65,,,,,
2026-10-05,2026-10-05,FO,NSE,IDO,64429,,NIFTY,,2026-11-23,2026-11-23,24800.00,CE,NIFTY26NOV24800CE,26.75,30.00,22.90,25.60,25.50,28.15,22555.75,25.60,66105,-1495,1100,1775062773.25,624,F1,65,,,,,
2026-10-05,2026-10-05,FO,NSE,IDO,64439,,NIFTY,,2026-11-23,2026-11-23,25000.00,CE,NIFTY26NOV25000CE,23.05,28.85,20.40,21.20,20.65,22.70,22555.75,21.20,1136330,7995,8823,14350040994.25,5415,F1,65,,,,,
2026-10-05,2026-10-05,FO,NSE,IDO,64462,,NIFTY,,2026-11-23,2026-11-23,25400.00,CE,NIFTY26NOV25400CE,0.00,0.00,0.00,16.15,16.15,16.15,22555.75,4.36,780,0,0,0.00,0,F1,65,,,,,
2026-10-05,2026-10-05,FO,NSE,IDO,64497,,NIFTY,,2026-11-23,2026-11-23,26000.00,CE,NIFTY26NOV26000CE,9.55,10.10,7.65,7.90,7.70,9.65,22555.75,7.90,472615,23010,2204,3725945018.25,1483,F1,65,,,,,
2026-10-05,2026-10-05,FO,NSE,IDO,62248,,NIFTY,,2026-12-29,2026-12-29,20500.00,CE,NIFTY26DEC20500CE,0.00,0.00,0.00,2568.65,0.00,2568.65,22555.75,2342.11,0,0,0,0.00,0,F1,65,,,,,
2026-10-05,2026-10-05,FO,NSE,IDO,62426,,NIFTY,,2026-12-29,2026-12-29,21350.00,CE,NIFTY26DEC21350CE,0.00,0.00,0.00,1457.10,1457.10,1457.10,22555.75,1581.45,845,0,0,0.00,0,F1,65,,,,,
2026-10-05,2026-10-05,FO,NSE,IDO,62495,,NIFTY,,2026-12-29,2026-12-29,21900.00,CE,NIFTY26DEC21900CE,1131.90,1131.90,1131.90,1131.90,1131.90,1141.35,22555.75,1150.18,2015,0,1,1497073.50,1,F1,65,,,,,
2026-10-05,2026-10-05,FO,NSE,IDO,44495,,NIFTY,,2026-10-13,2026-10-13,20750.00,PE,NIFTY26O1320750PE,5.35,5.35,4.05,4.45,4.30,6.90,22555.75,4.45,35685,28925,2405,3244464349.75,1533,F1,65,,,,,
2026-10-05,2026-10-05,FO,NSE,IDO,44497,,NIFTY,,2026-10-13,2026-10-13,20800.00,PE,NIFTY26O1320800PE,5.05,5.50,4.10,4.70,4.45,7.25,22555.75,4.70,281580,138125,18532,25060958367.25,8809,F1,65,,,,,
2026-10-05,2026-10-05,FO,NSE,IDO,44565,,NIFTY,,2026-10-13,2026-10-13,21800.00,PE,NIFTY26O1321800PE,27.05,42.70,20.30,25.80,24.35,44.60,22555.75,25.80,1784445,1022645,104724,148583191337.75,59912,F1,65,,,,,
2026-10-05,2026-10-05,FO,NSE,IDO,44611,,NIFTY,,2026-10-13,2026-10-13,22450.00,PE,NIFTY26O1322450PE,201.35,204.20,105.40,143.45,139.65,202.90,22555.75,143.45,407680,281125,71287,104747942793.00,47987,F1,65,,,,,
2026-10-05,2026-10-05,FO,NSE,IDO,44623,,NIFTY,,2026-10-13,2026-10-13,22750.00,PE,NIFTY26O1322750PE,262.50,372.75,218.95,289.55,282.15,361.70,22555.75,289.55,197405,-81445,18015,26962888546.75,11542,F1,65,,,,,
2026-10-05,2026-10-05,FO,NSE,IDO,44645,,NIFTY,,2026-10-13,2026-10-13,23050.00,PE,NIFTY26O1323050PE,476.95,595.80,412.50,515.50,507.10,588.80,22555.75,515.50,36920,11050,1042,1594112373.75,846,F1,65,,,,,
2026-10-05,2026-10-05,FO,NSE,IDO,44699,,NIFTY,,2026-10-13,2026-10-13,23850.00,PE,NIFTY26O1323850PE,1230.00,1241.00,1230.00,1241.00,1241.00,1475.90,22555.75,1265.89,2015,260,11,17932915.00,6,F1,65,,,,,
2026-10-05,2026-10-05,FO,NSE,IDO,62662,,NIFTY,,2026-12-29,2026-12-29,22850.00,CE,NIFTY26DEC22850CE,580.00,605.25,538.60,556.55,556.55,535.40,22555.75,556.55,6435,1170,54,82189627.00,42,F1,65,,,,,
2026-10-05,2026-10-05,FO,NSE,IDO,47416,,NIFTY,,2026-10-19,2026-10-19,24900.00,CE,NIFTY26O1924900CE,4.20,4.20,1.75,1.80,1.75,4.00,22555.75,1.80,1885,390,130,210424331.00,39,F1,65,,,,,
2026-10-05,2026-10-05,FO,NSE,IDO,47234,,NIFTY,,2026-10-19,2026-10-19,24250.00,CE,NIFTY26O1924250CE,0.00,0.00,0.00,121.35,0.00,121.35,22555.75,0.63,0,0,0,0.00,0,F1,65,,,,,
2026-10-05,2026-10-05,FO,NSE,IDO,47202,,NIFTY,,2026-10-19,2026-10-19,23700.00,CE,NIFTY26O1923700CE,16.10,16.90,11.45,12.45,11.90,15.65,22555.75,12.45,148785,50830,4483,6909964636.25,2317,F1,65,,,,,
2026-10-05,2026-10-05,FO,NSE,IDO,47149,,NIFTY,,2026-10-19,2026-10-19,22750.00,CE,NIFTY26O1922750CE,162.65,224.00,150.05,177.25,177.65,162.95,22555.75,177.25,42055,11635,1840,2743442523.25,1271,F1,65,,,,,
2026-10-05,2026-10-05,FO,NSE,IDO,47141,,NIFTY,,2026-10-19,2026-10-19,22650.00,CE,NIFTY26O1922650CE,271.10,281.40,191.10,224.20,221.00,203.25,22555.75,224.20,24895,8255,1670,2484441817.00,1122,F1,65,,,,,
2026-10-05,2026-10-05,FO,NSE,IDO,44763,,NIFTY,,2026-10-13,2026-10-13,24700.00,PE,NIFTY26O1324700PE,2117.00,2200.00,2117.00,2140.00,2140.00,1075.50,22555.75,2114.49,1105,1105,17,29693430.00,13,F1,65,,,,,
2026-10-05,2026-10-05,FO,NSE,IDO,47117,,NIFTY,,2026-10-19,2026-10-19,22100.00,CE,NIFTY26O1922100CE,652.35,652.35,539.75,606.20,606.25,498.85,22555.75,606.20,455,390,10,14758935.75,9,F1,65,,,,,
2026-10-05,2026-10-05,FO,NSE,IDO,47100,,NIFTY,,2026-10-19,2026-10-19,21700.00,CE,NIFTY26O1921700CE,0.00,0.00,0.00,755.00,755.00,755.00,22555.75,915.81,130,0,0,0.00,0,F1,65,,,,,
2026-10-05,2026-10-05,FO,NSE,IDO,74664,,NIFTY,,2031-06-24,2031-06-24,31500.00,PE,NIFTY31JUN31500PE,0.00,0.00,0.00,3185.85,0.00,3185.85,22555.75,3643.77,0,0,0,0.00,0,F1,65,,,,,
2026-10-05,2026-10-05,FO,NSE,IDO,89649,,NIFTY,,2029-06-26,2029-06-26,33000.00,PE,NIFTY29JUN33000PE,0.00,0.00,0.00,3022.85,0.00,3022.85,22555.75,6265.52,0,0,0,0.00,0,F1,65,,,,,
2026-10-05,2026-10-05,FO,NSE,IDO,55517,,NIFTY,,2028-12-26,2028-12-26,16500.00,PE,NIFTY28DEC16500PE,0.00,0.00,0.00,5.90,0.00,5.90,22555.75,17.62,0,0,0,0.00,0,F1,65,,,,,
2026-10-05,2026-10-05,FO,NSE,IDO,55475,,NIFTY,,2028-06-27,2028-06-27,22500.00,PE,NIFTY28JUN22500PE,0.00,0.00,0.00,206.95,0.00,206.95,22555.75,673.76,0,0,0,0.00,0,F1,65,,,,,
2026-10-05,2026-10-05,FO,NSE,IDO,55469,,NIFTY,,2028-06-27,2028-06-27,16500.00,PE,NIFTY28JUN16500PE,0.00,0.00,0.00,3.80,0.00,3.80,22555.75,10.50,0,0,0,0.00,0,F1,65,,,,,
2026-10-05,2026-10-05,FO,NSE,IDO,64338,,NIFTY,,2027-09-28,2027-09-28,21000.00,PE,NIFTY27SEP21000PE,0.00,0.00,0.00,357.75,0.00,357.75,22555.75,252.45,0,0,0,0.00,0,F1,65,,,,,
2026-10-05,2026-10-05,FO,NSE,IDO,64323,,NIFTY,,2027-09-28,2027-09-28,15000.00,PE,NIFTY27SEP15000PE,0.00,0.00,0.00,1.15,0.00,1.15,22555.75,0.13,0,0,0,0.00,0,F1,65,,,,,
2026-10-05,2026-10-05,FO,NSE,IDO,51472,,NIFTY,,2026-10-27,2026-10-27,25600.00,CE,NIFTY26OCT25600CE,2.60,3.35,1.85,2.75,3.10,3.20,22555.75,2.75,46475,-1690,242,402728079.00,183,F1,65,,,,,
2026-10-05,2026-10-05,FO,NSE,IDO,51500,,NIFTY,,2026-10-27,2026-10-27,26250.00,CE,NIFTY26OCT26250CE,0.00,0.00,0.00,2.45,2.45,2.45,22555.75,0.01,2015,0,0,0.00,0,F1,65,,,,,
2026-10-05,2026-10-05,FO,NSE,IDO,53452,,NIFTY,,2026-11-03,2026-11-03,21400.00,CE,NIFTY26N0321400CE,0.00,0.00,0.00,2094.40,0.00,2094.40,22555.75,1271.84,0,0,0,0.00,0,F1,65,,,,,
2026-10-05,2026-10-05,FO,NSE,IDO,47094,,NIFTY,,2026-10-19,2026-10-19,21600.00,CE,NIFTY26O1921600CE,0.00,0.00,0.00,1667.50,0.00,1667.50,22555.75,1010.60,0,0,0,0.00,0,F1,65,,,,,
2026-10-05,2026-10-05,FO,NSE,IDO,47037,,NIFTY,,2026-10-19,2026-10-19,20250.00,CE,NIFTY26O1920250CE,0.00,0.00,0.00,2979.90,0.00,2979.90,22555.75,2348.43,0,0,0,0.00,0,F1,65,,,,,
2026-10-05,2026-10-05,FO,NSE,IDO,44786,,NIFTY,,2026-10-13,2026-10-13,25200.00,CE,NIFTY26O1325200CE,0.95,1.15,0.80,0.85,0.80,1.00,22555.75,0.85,45305,1690,721,1181041121.00,451,F1,65,,,,,
2026-10-05,2026-10-05,FO,NSE,IDO,44762,,NIFTY,,2026-10-13,2026-10-13,24700.00,CE,NIFTY26O1324700CE,1.30,1.60,0.85,0.90,0.85,1.40,22555.75,0.90,295360,455,4189,6725734977.00,1845,F1,65,,,,,
2026-10-05,2026-10-05,FO,NSE,IDO,44758,,NIFTY,,2026-10-13,2026-10-13,24600.00,CE,NIFTY26O1324600CE,1.65,1.70,0.95,1.05,0.95,1.65,22555.75,1.05,481195,-19955,6544,10464339567.50,3377,F1,65,,,,,
2026-10-05,2026-10-05,FO,NSE,IDO,62706,,NIFTY,,2026-12-29,2026-12-29,23100.00,CE,NIFTY26DEC23100CE,447.45,475.00,408.15,430.20,430.05,409.80,22555.75,430.20,17550,5135,257,393243087.25,154,F1,65,,,,,
2026-10-05,2026-10-05,FO,NSE,IDO,63527,,NIFTY,,2026-12-29,2026-12-29,24400.00,CE,NIFTY26DEC24400CE,95.50,111.05,94.00,96.90,97.05,98.45,22555.75,96.90,49790,30875,1626,2589754154.00,967,F1,65,,,,,
2026-10-05,2026-10-05,FO,NSE,IDO,64354,,NIFTY,,2027-09-28,2027-09-28,27000.00,CE,NIFTY27SEP27000CE,0.00,0.00,0.00,529.10,0.00,529.10,22555.75,284.26,0,0,0,0.00,0,F1,65,,,,,
2026-10-05,2026-10-05,FO,NSE,IDO,53499,,NIFTY,,2026-11-03,2026-11-03,21700.00,CE,NIFTY26N0321700CE,0.00,0.00,0.00,1813.40,0.00,1813.40,22555.75,1001.53,0,0,0,0.00,0,F1,65,,,,,
2026-10-05,2026-10-05,FO,NSE,IDO,53662,,NIFTY,,2026-11-03,2026-11-03,22300.00,CE,NIFTY26N0322300CE,566.40,622.00,510.65,568.95,568.95,516.85,22555.75,568.95,1820,-910,77,114483014.75,51,F1,65,,,,,
2026-10-05,2026-10-05,FO,NSE,IDO,54240,,NIFTY,,2026-11-03,2026-11-03,24650.00,CE,NIFTY26N0324650CE,0.00,0.00,0.00,15.50,15.50,15.50,22555.75,3.65,2470,0,0,0.00,0,F1,65,,,,,
2026-10-05,2026-10-05,FO,NSE,IDO,54334,,NIFTY,,2026-11-03,2026-11-03,25050.00,CE,NIFTY26N0325050CE,0.00,0.00,0.00,11.35,11.35,11.35,22555.75,0.98,1885,0,0,0.00,0,F1,65,,,,,
2026-10-05,2026-10-05,FO,NSE,IDO,55426,,NIFTY,,2027-12-28,2027-12-28,25500.00,CE,NIFTY27DEC25500CE,0.00,0.00,0.00,2400.00,2400.00,2400.00,22555.75,816.26,0,0,0,0.00,0,F1,65,,,,,
2026-10-05,2026-10-05,FO,NSE,IDO,53631,,NIFTY,,2027-12-28,2027-12-28,27000.00,CE,NIFTY27DEC27000CE,325.05,353.00,319.95,339.00,334.00,313.90,22555.75,339.00,233950,-1885,410,728592686.25,306,F1,65,,,,,
2026-10-05,2026-10-05,FO,NSE,IDO,55428,,NIFTY,,2027-12-28,2027-12-28,28500.00,CE,NIFTY27DEC28500CE,218.80,230.00,200.20,205.25,200.50,202.85,22555.75,205.25,65780,2340,241,449804780.75,121,F1,65,,,,,
2026-10-05,2026-10-05,FO,NSE,IDO,86163,,NIFTY,,2028-06-27,2028-06-27,27000.00,CE,NIFTY28JUN27000CE,0.00,0.00,0.00,1935.00,1935.00,1935.00,22555.75,828.47,65,0,0,0.00,0,F1,65,,,,,
2026-10-05,2026-10-05,FO,NSE,IDO,55524,,NIFTY,,2028-12-26,2028-12-26,28500.00,CE,NIFTY28DEC28500CE,0.00,0.00,0.00,3608.65,0.00,3608.65,22555.75,843.92,0,0,0,0.00,0,F1,65,,,,,
2026-10-05,2026-10-05,FO,NSE,IDO,55556,,NIFTY,,2029-06-26,2029-06-26,16500.00,CE,NIFTY29JUN16500CE,0.00,0.00,0.00,12587.95,0.00,12587.95,22555.75,8377.55,0,0,0,0.00,0,F1,65,,,,,
2026-10-05,2026-10-05,FO,NSE,IDO,44740,,NIFTY,,2026-10-13,2026-10-13,24350.00,CE,NIFTY26O1324350CE,1.50,1.75,0.95,1.05,1.05,1.90,22555.75,1.05,45435,32110,2697,4268878883.75,1604,F1,65,,,,,
2026-10-05,2026-10-05,FO,NSE,IDO,44716,,NIFTY,,2026-10-13,2026-10-13,24050.00,CE,NIFTY26O1324050CE,3.10,3.35,1.60,1.75,1.60,3.10,22555.75,1.75,139100,34775,3544,5540627179.75,2085,F1,65,,,,,
2026-10-05,2026-10-05,FO,NSE,IDO,44710,,NIFTY,,2026-10-13,2026-10-13,23950.00,CE,NIFTY26O1323950CE,2.80,3.45,2.00,2.15,2.00,3.95,22555.75,2.15,133575,56875,4133,6434713239.50,2731,F1,65,,,,,
2026-10-05,2026-10-05,FO,NSE,IDO,44672,,NIFTY,,2026-10-13,2026-10-13,23600.00,CE,NIFTY26O1323600CE,7.80,8.75,4.40,5.05,4.75,7.60,22555.75,5.05,1009450,332150,43815,67228515490.50,16493,F1,65,,,,,
2026-10-05,2026-10-05,FO,NSE,IDO,44777,,NIFTY,,2026-10-13,2026-10-13,24950.00,PE,NIFTY26O1324950PE,0.00,0.00,0.00,1278.75,0.00,1278.75,22555.75,2364.19,0,0,0,0.00,0,F1,65,,,,,
2026-10-05,2026-10-05,FO,NSE,IDO,44526,,NIFTY,,2026-10-13,2026-10-13,21300.00,CE,NIFTY26O1321300CE,0.00,0.00,0.00,1191.35,1191.35,1191.35,22555.75,1281.59,65,0,0,0.00,0,F1,65,,,,,
2026-10-05,2026-10-05,FO,NSE,IDO,44472,,NIFTY,,2026-10-13,2026-10-13,20550.00,CE,NIFTY26O1320550CE,0.00,0.00,0.00,3200.00,0.00,3200.00,22555.75,2030.51,0,0,0,0.00,0,F1,65,,,,,
2026-10-05,2026-10-05,FO,NSE,IDO,44448,,NIFTY,,2026-10-13,2026-10-13,20200.00,CE,NIFTY26O1320200CE,0.00,0.00,0.00,3547.70,0.00,3547.70,22555.75,2380.09,0,0,0,0.00,0,F1,65,,,,,
2026-10-05,2026-10-05,FO,NSE,IDO,35263,,NIFTY,,2027-06-29,2027-06-29,30000.00,PE,NIFTY27JUN30000PE,0.00,0.00,0.00,6000.00,6000.00,6000.00,22555.75,6277.09,455,0,0,0.00,0,F1,65,,,,,
2026-10-05,2026-10-05,FO,NSE,IDO,50984,,NIFTY,,2027-06-29,2027-06-29,27000.00,PE,NIFTY27JUN27000PE,0.00,0.00,0.00,2325.10,2325.10,2325.10,22555.75,3524.04,195,0,0,0.00,0,F1,65,,,,,
2026-10-05,2026-10-05,FO,NSE,IDO,80273,,NIFTY,,2027-03-30,2027-03-30,24000.00,PE,NIFTY27MAR24000PE,1176.50,1240.00,1084.00,1160.30,1162.65,1218.85,22555.75,1160.30,843245,11960,1899,3104552737.00,1459,F1,65,,,,,
2026-10-05,2026-10-05,FO,NSE,IDO,38159,,NIFTY,,2026-12-29,2026-12-29,29000.00,PE,NIFTY26DEC29000PE,6635.90,6635.90,5881.75,6054.90,6054.90,6078.30,22555.75,6075.22,314160,260,41,93309121.75,33,F1,65,,,,,
2026-10-05,2026-10-05,FO,NSE,IDO,63452,,NIFTY,,2026-12-29,2026-12-29,24350.00,PE,NIFTY26DEC24350PE,0.00,0.00,0.00,1261.60,1261.60,1261.60,22555.75,1609.64,390,0,0,0.00,0,F1,65,,,,,
2026-10-05,2026-10-05,FO,NSE,IDO,63265,,NIFTY,,2026-12-29,2026-12-29,24150.00,PE,NIFTY26DEC24150PE,1425.95,1454.65,1408.60,1408.60,1408.60,1509.55,22555.75,1445.34,1170,585,9,14964144.00,3,F1,65,,,,,
2026-10-05,2026-10-05,FO,NSE,IDO,62724,,NIFTY,,2026-12-29,2026-12-29,23150.00,PE,NIFTY26DEC23150PE,707.95,707.95,707.95,707.95,707.95,780.20,22555.75,741.98,6890,0,1,1550766.75,1,F1,65,,,,,
2026-10-05,2026-10-05,FO,NSE,IDO,62722,,NIFTY,,2026-12-29,2026-12-29,23100.00,PE,NIFTY26DEC23100PE,640.05,724.65,600.05,670.00,666.00,719.10,22555.75,670.00,11440,65,49,75673110.50,46,F1,65,,,,,
2026-10-05,2026-10-05,FO,NSE,IDO,62633,,NIFTY,,2026-12-29,2026-12-29,22700.00,PE,NIFTY26DEC22700PE,457.60,535.40,427.30,480.15,480.00,524.75,22555.75,480.15,27820,4095,405,610041516.50,304,F1,65,,,,,
2026-10-05,2026-10-05,FO,NSE,IDO,62352,,NIFTY,,2026-12-29,2026-12-29,20950.00,PE,NIFTY26DEC20950PE,107.55,123.65,97.45,110.70,110.45,120.85,22555.75,110.70,10790,-6890,311,425670498.50,187,F1,65,,,,,
2026-10-05,2026-10-05,FO,NSE,IDO,40877,,NIFTY,,2026-10-06,2026-10-06,25300.00,CE,NIFTY26O0625300CE,0.45,0.45,0.20,0.20,0.20,0.50,22555.75,0.20,250380,-47385,14077,23149897225.00,2570,F1,65,,,,,
2026-10-05,2026-10-05,FO,NSE,IDO,40835,,NIFTY,,2026-10-06,2026-10-06,24650.00,CE,NIFTY26O0624650CE,0.65,0.65,0.25,0.30,0.25,0.65,22555.75,0.30,65780,-50310,5358,8584997294.25,849,F1,65,,,,,
2026-10-05,2026-10-05,FO,NSE,IDO,47040,,NIFTY,,2026-10-19,2026-10-19,20300.00,PE,NIFTY26O1920300PE,0.00,0.00,0.00,0.85,0.00,0.85,22555.75,0.01,0,0,0,0.00,0,F1,65,,,,,
2026-10-05,2026-10-05,FO,NSE,IDO,40825,,NIFTY,,2026-10-06,2026-10-06,24500.00,CE,NIFTY26O0624500CE,0.65,0.70,0.25,0.30,0.25,0.70,22555.75,0.30,1858805,-2201225,141340,225088170736.00,18561,F1,65,,,,,
2026-10-05,2026-10-05,FO,NSE,IDO,40809,,NIFTY,,2026-10-06,2026-10-06,24150.00,CE,NIFTY26O0624150CE,0.85,0.95,0.30,0.35,0.30,0.80,22555.75,0.35,360490,-61880,20411,32040813106.25,4003,F1,65,,,,,
2026-10-05,2026-10-05,FO,NSE,IDO,40757,,NIFTY,,2026-10-06,2026-10-06,23450.00,CE,NIFTY26O0623450CE,1.90,2.05,0.70,0.85,0.85,2.45,22555.75,0.85,1212315,-78845,309950,472465378281.00,49753,F1,65,,,,,
2026-10-05,2026-10-05,FO,NSE,IDO,40635,,NIFTY,,2026-10-06,2026-10-06,21400.00,CE,NIFTY26O0621400CE,1106.65,1149.65,1053.30,1149.55,1149.55,1071.95,22555.75,1158.97,1495,195,10,14640964.00,9,F1,65,,,,,
2026-10-05,2026-10-05,FO,NSE,IDO,40607,,NIFTY,,2026-10-06,2026-10-06,20850.00,CE,NIFTY26O0620850CE,0.00,0.00,0.00,3326.65,0.00,3326.65,22555.75,1708.89,0,0,0,0.00,0,F1,65,,,,,
2026-10-05,2026-10-05,FO,NSE,IDO,60898,,NIFTY,,2030-06-25,2030-06-25,21000.00,CE,NIFTY30JUN21000CE,0.00,0.00,0.00,10421.65,0.00,10421.65,22555.75,5802.22,0,0,0,0.00,0,F1,65,,,,,
2026-10-05,2026-10-05,FO,NSE,IDO,64496,,NIFTY,,2026-11-23,2026-11-23,25950.00,PE,NIFTY26NOV25950PE,0.00,0.00,0.00,1562.80,0.00,1562.80,22555.75,3204.47,0,0,0,0.00,0,F1,65,,,,,
2026-10-05,2026-10-05,FO,NSE,IDO,64482,,NIFTY,,2026-11-23,2026-11-23,25700.00,PE,NIFTY26NOV25700PE,0.00,0.00,0.00,2700.00,2700.00,2700.00,22555.75,2957.30,1235,0,0,0.00,0,F1,65,,,,,
2026-10-05,2026-10-05,FO,NSE,IDO,64474,,NIFTY,,2026-11-23,2026-11-23,25500.00,PE,NIFTY26NOV25500PE,2751.20,2803.50,2614.40,2720.75,2716.45,2807.05,22555.75,2720.75,283270,33085,549,1005885153.00,546,F1,65,,,,,
2026-10-05,2026-10-05,FO,NSE,IDO,64471,,NIFTY,,2026-11-23,2026-11-23,25450.00,PE,NIFTY26NOV25450PE,0.00,0.00,0.00,1217.00,0.00,1217.00,22555.75,2710.90,0,0,0,0.00,0,F1,65,,,,,
2026-10-05,2026-10-05,FO,NSE,IDO,64450,,NIFTY,,2026-11-23,2026-11-23,25150.00,PE,NIFTY26NOV25150PE,0.00,0.00,0.00,1030.25,0.00,1030.25,22555.75,2416.96,0,0,0,0.00,0,F1,65,,,,,
2026-10-05,2026-10-05,FO,NSE,IDO,64384,,NIFTY,,2026-11-23,2026-11-23,23700.00,PE,NIFTY26NOV23700PE,990.00,1122.50,972.65,1070.65,1071.85,1150.15,22555.75,1070.65,31980,-5980,158,254351220.50,69,F1,65,,,,,
2026-10-05,2026-10-05,FO,NSE,IDO,64376,,NIFTY,,2026-11-23,2026-11-23,23550.00,PE,NIFTY26NOV23550PE,896.70,985.05,874.65,945.15,945.15,1003.30,22555.75,945.15,16055,715,17,27034003.75,17,F1,65,,,,,
2026-10-05,2026-10-05,FO,NSE,IDO,64221,,NIFTY,,2026-11-23,2026-11-23,21700.00,PE,NIFTY26NOV21700PE,130.00,172.20,122.05,144.60,143.25,165.80,22555.75,144.60,112710,26715,1582,2245832631.25,993,F1,65,,,,,
2026-10-05,2026-10-05,FO,NSE,IDO,64209,,NIFTY,,2026-11-23,2026-11-23,21500.00,PE,NIFTY26NOV21500PE,110.10,141.30,100.80,118.60,118.35,136.40,22555.75,118.60,755430,-22620,7953,11173728523.75,4536,F1,65,,,,,
2026-10-05,2026-10-05,FO,NSE,IDO,64137,,NIFTY,,2026-11-23,2026-11-23,20400.00,PE,NIFTY26NOV20400PE,0.00,0.00,0.00,5.30,0.00,5.30,22555.75,4.82,0,0,0,0.00,0,F1,65,,,,,
2026-10-05,2026-10-05,FO,NSE,IDO,54109,,NIFTY,,2026-11-03,2026-11-03,23950.00,PE,NIFTY26N0323950PE,0.00,0.00,0.00,763.55,0.00,763.55,22555.75,1316.01,0,0,0,0.00,0,F1,65,,,,,
2026-10-05,2026-10-05,FO,NSE,IDO,54045,,NIFTY,,2026-11-03,2026-11-03,23350.00,PE,NIFTY26N0323350PE,0.00,0.00,0.00,592.95,592.95,592.95,22555.75,793.85,325,0,0,0.00,0,F1,65,,,,,
2026-10-05,2026-10-05,FO,NSE,IDO,53524,,NIFTY,,2026-11-03,2026-11-03,21950.00,PE,NIFTY26N0321950PE,126.60,149.55,112.40,128.85,135.95,163.20,22555.75,128.85,2795,455,26,37315629.00,18,F1,65,,,,,
2026-10-05,2026-10-05,FO,NSE,IDO,53390,,NIFTY,,2026-11-03,2026-11-03,21150.00,PE,NIFTY26N0321150PE,0.00,0.00,0.00,11.10,0.00,11.10,22555.75,10.58,0,0,0,0.00,0,F1,65,,,,,
2026-10-05,2026-10-05,FO,NSE,IDO,51537,,NIFTY,,2026-10-27,2026-10-27,27100.00,PE,NIFTY26OCT27100PE,0.00,0.00,0.00,5006.45,5006.45,5006.45,22555.75,4454.56,260,0,0,0.00,0,F1,65,,,,,
2026-10-05,2026-10-05,FO,NSE,IDO,51483,,NIFTY,,2026-10-27,2026-10-27,25800.00,PE,NIFTY26OCT25800PE,0.00,0.00,0.00,3175.00,3175.00,3175.00,22555.75,3158.87,11960,0,0,0.00,0,F1,65,,,,,
2026-10-05,2026-10-05,FO,NSE,IDO,51429,,NIFTY,,2026-10-27,2026-10-27,24750.00,PE,NIFTY26OCT24750PE,0.00,0.00,0.00,1810.00,1810.00,1810.00,22555.75,2113.03,715,0,0,0.00,0,F1,65,,,,,
2026-10-05,2026-10-05,FO,NSE,IDO,51399,,NIFTY,,2026-10-27,2026-10-27,24100.00,PE,NIFTY26OCT24100PE,1405.00,1570.00,1368.30,1474.30,1463.60,1568.25,22555.75,1474.30,218660,-2665,150,249142903.75,122,F1,65,,,,,
2026-10-05,2026-10-05,FO,NSE,IDO,51383,,NIFTY,,2026-10-27,2026-10-27,23750.00,PE,NIFTY26OCT23750PE,1140.00,1140.00,1140.00,1140.00,1140.00,1236.30,22555.75,1138.62,13650,65,1,1617850.00,1,F1,65,,,,,
2026-10-05,2026-10-05,FO,NSE,IDO,51361,,NIFTY,,2026-10-27,2026-10-27,23200.00,PE,NIFTY26OCT23200PE,729.60,754.60,561.75,654.20,653.15,742.25,22555.75,654.20,1954290,-123500,9368,14521077645.75,7324,F1,65,,,,,
2026-10-05,2026-10-05,FO,NSE,IDO,51313,,NIFTY,,2026-10-27,2026-10-27,22100.00,PE,NIFTY26OCT22100PE,157.55,179.50,111.05,136.90,133.95,169.35,22555.75,136.90,500240,97435,15067,21774759756.75,10742,F1,65,,,,,
2026-10-05,2026-10-05,FO,NSE,IDO,40712,,NIFTY,,2026-10-06,2026-10-06,22750.00,CE,NIFTY26O0622750CE,40.00,44.30,12.85,16.85,14.45,32.00,22555.75,16.85,6154070,2108990,4037622,5976795473870.00,1097125,F1,65,,,,,
2026-10-05,2026-10-05,FO,NSE,IDO,40731,,NIFTY,,2026-10-06,2026-10-06,23000.00,CE,NIFTY26O0623000CE,7.00,10.30,2.40,3.10,2.40,10.30,22555.75,3.10,14663025,898300,2736232,4091460359996.75,442353,F1,65,,,,,
2026-10-05,2026-10-05,FO,NSE,IDO,40735,,NIFTY,,2026-10-06,2026-10-06,23050.00,CE,NIFTY26O0623050CE,8.70,8.70,1.80,2.35,2.05,8.30,22555.75,2.35,4538755,1050920,1249793,1872761272895.50,206058,F1,65,,,,,
2026-10-05,2026-10-05,FO,NSE,IDO,40751,,NIFTY,,2026-10-06,2026-10-06,23300.00,CE,NIFTY26O0623300CE,2.00,2.95,0.80,1.10,0.80,3.80,22555.75,1.10,6657170,-1480635,1223215,1852687648828.25,161708,F1,65,,,,,
2026-10-05,2026-10-05,FO,NSE,IDO,40759,,NIFTY,,2026-10-06,2026-10-06,23500.00,CE,NIFTY26O0623500CE,1.70,1.95,0.65,0.85,0.70,2.25,22555.75,0.85,13355550,858585,1412013,2156952559739.25,149780,F1,65,,,,,
2026-10-05,2026-10-05,FO,NSE,IDO,40803,,NIFTY,,2026-10-06,2026-10-06,24100.00,CE,NIFTY26O0624100CE,0.95,0.95,0.25,0.35,0.30,0.90,22555.75,0.35,1501110,-965705,103756,162537299431.00,13248,F1,65,,,,,
2026-10-05,2026-10-05,FO,NSE,IDO,40817,,NIFTY,,2026-10-06,2026-10-06,24300.00,CE,NIFTY26O0624300CE,0.60,0.65,0.25,0.30,0.25,0.70,22555.75,0.30,1702090,-1150630,184956,292142985745.00,15384,F1,65,,,,,
2026-10-05,2026-10-05,FO,NSE,IDO,40821,,NIFTY,,2026-10-06,2026-10-06,24400.00,CE,NIFTY26O0624400CE,0.70,0.80,0.20,0.30,0.20,0.70,22555.75,0.30,732615,-942695,57325,90919004855.25,10194,F1,65,,,,,
2026-10-05,2026-10-05,FO,NSE,IDO,40861,,NIFTY,,2026-10-06,2026-10-06,24900.00,CE,NIFTY26O0624900CE,0.55,0.60,0.20,0.30,0.25,0.50,22555.75,0.30,218985,-34970,10314,16693438544.25,1342,F1,65,,,,,
2026-10-05,2026-10-05,FO,NSE,IDO,40867,,NIFTY,,2026-10-06,2026-10-06,25050.00,CE,NIFTY26O0625050CE,0.45,0.55,0.25,0.30,0.25,0.50,22555.75,0.30,46995,-4810,1532,2494510590.00,519,F1,65,,,,,
2026-10-05,2026-10-05,FO,NSE,IDO,44512,,NIFTY,,2026-10-13,2026-10-13,21000.00,CE,NIFTY26O1321000CE,1520.00,1568.15,1500.00,1562.70,1568.15,1500.00,22555.75,1562.70,4550,3185,112,164009192.75,48,F1,65,,,,,
2026-10-05,2026-10-05,FO,NSE,IDO,44622,,NIFTY,,2026-10-13,2026-10-13,22750.00,CE,NIFTY26O1322750CE,126.95,159.05,90.65,111.35,107.60,105.45,22555.75,111.35,461500,17420,47870,71164407629.25,33283,F1,65,,,,,
2026-10-05,2026-10-05,FO,NSE,IDO,44684,,NIFTY,,2026-10-13,2026-10-13,23700.00,CE,NIFTY26O1323700CE,6.05,7.30,3.50,4.00,3.50,6.10,22555.75,4.00,843895,288535,45031,69383226770.00,17759,F1,65,,,,,
2026-10-05,2026-10-05,FO,NSE,IDO,44746,,NIFTY,,2026-10-13,2026-10-13,24400.00,CE,NIFTY26O1324400CE,1.40,1.60,0.90,1.00,1.00,1.70,22555.75,1.00,657345,80925,23190,36781110492.75,8165,F1,65,,,,,
2026-10-05,2026-10-05,FO,NSE,IDO,44790,,NIFTY,,2026-10-13,2026-10-13,25250.00,CE,NIFTY26O1325250CE,0.90,0.90,0.80,0.80,0.80,0.90,22555.75,0.01,1430,650,10,16413039.50,6,F1,65,,,,,
2026-10-05,2026-10-05,FO,NSE,IDO,44792,,NIFTY,,2026-10-13,2026-10-13,25300.00,CE,NIFTY26O1325300CE,0.85,1.15,0.75,0.80,0.75,1.05,22555.75,0.80,48100,6500,413,679203772.00,316,F1,65,,,,,
2026-10-05,2026-10-05,FO,NSE,IDO,47029,,NIFTY,,2026-10-19,2026-10-19,20050.00,CE,NIFTY26O1920050CE,0.00,0.00,0.00,3178.50,0.00,3178.50,22555.75,2548.00,0,0,0,0.00,0,F1,65,,,,,
2026-10-05,2026-10-05,FO,NSE,IDO,47035,,NIFTY,,2026-10-19,2026-10-19,20200.00,CE,NIFTY26O1920200CE,0.00,0.00,0.00,3029.55,0.00,3029.55,22555.75,2398.32,0,0,0,0.00,0,F1,65,,,,,
2026-10-05,2026-10-05,FO,NSE,IDO,47039,,NIFTY,,2026-10-19,2026-10-19,20300.00,CE,NIFTY26O1920300CE,0.00,0.00,0.00,2930.35,0.00,2930.35,22555.75,2298.53,0,0,0,0.00,0,F1,65,,,,,
2026-10-05,2026-10-05,FO,NSE,IDO,47041,,NIFTY,,2026-10-19,2026-10-19,20350.00,CE,NIFTY26O1920350CE,0.00,0.00,0.00,2880.75,0.00,2880.75,22555.75,2248.64,0,0,0,0.00,0,F1,65,,,,,
2026-10-05,2026-10-05,FO,NSE,IDO,47097,,NIFTY,,2026-10-19,2026-10-19,21650.00,CE,NIFTY26O1921650CE,0.00,0.00,0.00,913.55,915.60,913.55,22555.75,962.98,130,0,0,0.00,0,F1,65,,,,,
2026-10-05,2026-10-05,FO,NSE,IDO,47119,,NIFTY,,2026-10-19,2026-10-19,22150.00,CE,NIFTY26O1922150CE,591.40,648.35,519.15,550.90,550.90,501.90,22555.75,524.70,2015,-650,54,79779427.00,36,F1,65,,,,,
2026-10-05,2026-10-05,FO,NSE,IDO,47127,,NIFTY,,2026-10-19,2026-10-19,22350.00,CE,NIFTY26O1922350CE,437.55,465.00,359.90,405.80,409.30,369.25,22555.75,405.80,9945,1560,145,214566384.50,133,F1,65,,,,,
2026-10-05,2026-10-05,FO,NSE,IDO,47137,,NIFTY,,2026-10-19,2026-10-19,22550.00,CE,NIFTY26O1922550CE,300.05,342.05,238.85,278.95,276.90,250.65,22555.75,278.95,27885,12675,1874,2781937187.25,1174,F1,65,,,,,
2026-10-05,2026-10-05,FO,NSE,IDO,47143,,NIFTY,,2026-10-19,2026-10-19,22700.00,CE,NIFTY26O1922700CE,211.05,251.25,169.35,198.30,198.15,182.00,22555.75,198.30,141765,59865,6604,9833912084.75,4915,F1,65,,,,,
2026-10-05,2026-10-05,FO,NSE,IDO,47232,,NIFTY,,2026-10-19,2026-10-19,24200.00,CE,NIFTY26O1924200CE,6.95,8.30,4.15,4.65,4.60,6.95,22555.75,4.65,20670,7475,472,742613166.75,227,F1,65,,,,,
2026-10-05,2026-10-05,FO,NSE,IDO,51218,,NIFTY,,2026-10-27,2026-10-27,20200.00,CE,NIFTY26OCT20200CE,0.00,0.00,0.00,4096.90,0.00,4096.90,22555.75,2422.64,0,0,0,0.00,0,F1,65,,,,,
2026-10-05,2026-10-05,FO,NSE,IDO,51352,,NIFTY,,2026-10-27,2026-10-27,23000.00,CE,NIFTY26OCT23000CE,150.05,177.10,125.00,146.70,143.35,133.45,22555.75,146.70,5302375,-1011985,148089,222817819906.50,89135,F1,65,,,,,
2026-10-05,2026-10-05,FO,NSE,IDO,51400,,NIFTY,,2026-10-27,2026-10-27,24150.00,CE,NIFTY26OCT24150CE,15.95,15.95,11.60,12.55,11.90,14.50,22555.75,12.55,101465,-7735,1225,1923994133.75,904,F1,65,,,,,
2026-10-05,2026-10-05,FO,NSE,IDO,51408,,NIFTY,,2026-10-27,2026-10-27,24350.00,CE,NIFTY26OCT24350CE,11.50,11.55,9.05,9.75,9.50,11.40,22555.75,9.75,68835,-17485,937,1483646297.25,754,F1,65,,,,,
2026-10-05,2026-10-05,FO,NSE,IDO,51444,,NIFTY,,2026-10-27,2026-10-27,25100.00,CE,NIFTY26OCT25100CE,4.30,6.00,3.75,4.35,4.15,5.10,22555.75,4.35,85020,1495,169,275771206.75,125,F1,65,,,,,
2026-10-05,2026-10-05,FO,NSE,IDO,51456,,NIFTY,,2026-10-27,2026-10-27,25400.00,CE,NIFTY26OCT25400CE,3.70,3.75,2.10,3.15,3.00,3.70,22555.75,3.15,95420,-1170,376,620850912.50,245,F1,65,,,,,
2026-10-05,2026-10-05,FO,NSE,IDO,51468,,NIFTY,,2026-10-27,2026-10-27,25500.00,CE,NIFTY26OCT25500CE,3.00,3.05,2.30,2.85,2.85,3.30,22555.75,2.85,938210,-8060,3084,5112288782.25,2071,F1,65,,,,,
2026-10-05,2026-10-05,FO,NSE,IDO,51492,,NIFTY,,2026-10-27,2026-10-27,26050.00,CE,NIFTY26OCT26050CE,2.45,2.50,1.55,1.80,1.80,2.35,22555.75,0.01,7085,260,54,91441795.25,23,F1,65,,,,,
2026-10-05,2026-10-05,FO,NSE,IDO,51494,,NIFTY,,2026-10-27,2026-10-27,26100.00,CE,NIFTY26OCT26100CE,2.25,2.25,1.05,1.35,1.70,1.85,22555.75,1.35,10335,0,15,25449037.25,6,F1,65,,,,,
2026-10-05,2026-10-05,FO,NSE,IDO,51508,,NIFTY,,2026-10-27,2026-10-27,26450.00,CE,NIFTY26OCT26450CE,0.00,0.00,0.00,1.00,1.00,1.00,22555.75,0.01,520,0,0,0.00,0,F1,65,,,,,
2026-10-05,2026-10-05,FO,NSE,IDO,51518,,NIFTY,,2026-10-27,2026-10-27,26700.00,CE,NIFTY26OCT26700CE,0.00,0.00,0.00,0.75,0.75,0.75,22555.75,0.01,715,0,0,0.00,0,F1,65,,,,,
2026-10-05,2026-10-05,FO,NSE,IDO,51526,,NIFTY,,2026-10-27,2026-10-27,26900.00,CE,NIFTY26OCT26900CE,0.00,0.00,0.00,0.80,0.80,0.80,22555.75,0.01,31980,0,0,0.00,0,F1,65,,,,,
2026-10-05,2026-10-05,FO,NSE,IDO,51528,,NIFTY,,2026-10-27,2026-10-27,26950.00,CE,NIFTY26OCT26950CE,1.90,1.90,1.90,1.90,1.90,4.25,22555.75,0.01,910,130,2,3503747.00,1,F1,65,,,,,
2026-10-05,2026-10-05,FO,NSE,IDO,53505,,NIFTY,,2026-11-03,2026-11-03,21800.00,CE,NIFTY26N0321800CE,0.00,0.00,0.00,1721.95,0.00,1721.95,22555.75,916.14,0,0,0,0.00,0,F1,65,,,,,
2026-10-05,2026-10-05,FO,NSE,IDO,53577,,NIFTY,,2026-11-03,2026-11-03,22150.00,CE,NIFTY26N0322150CE,0.00,0.00,0.00,536.65,536.65,536.65,22555.75,642.51,130,0,0,0.00,0,F1,65,,,,,
2026-10-05,2026-10-05,FO,NSE,IDO,53702,,NIFTY,,2026-11-03,2026-11-03,22550.00,CE,NIFTY26N0322550CE,419.00,460.20,384.65,406.55,404.40,373.00,22555.75,406.55,3705,1755,75,111974232.50,65,F1,65,,,,,
2026-10-05,2026-10-05,FO,NSE,IDO,53720,,NIFTY,,2026-11-03,2026-11-03,22600.00,CE,NIFTY26N0322600CE,380.00,440.00,340.00,379.55,381.35,352.30,22555.75,379.55,69160,4160,775,1157906412.00,417,F1,65,,,,,
2026-10-05,2026-10-05,FO,NSE,IDO,54056,,NIFTY,,2026-11-03,2026-11-03,23550.00,CE,NIFTY26N0323550CE,70.45,71.85,58.50,67.70,64.55,66.55,22555.75,67.70,3965,-1170,68,104386165.00,45,F1,65,,,,,
2026-10-05,2026-10-05,FO,NSE,IDO,54116,,NIFTY,,2026-11-03,2026-11-03,24100.00,CE,NIFTY26N0324100CE,27.00,27.00,18.60,21.45,22.85,257.00,22555.75,21.45,3250,3250,65,101923506.75,26,F1,65,,,,,
2026-10-05,2026-10-05,FO,NSE,IDO,54194,,NIFTY,,2026-11-03,2026-11-03,24600.00,CE,NIFTY26N0324600CE,16.05,16.05,11.70,12.35,11.70,15.70,22555.75,12.35,20995,1365,57,91193040.25,22,F1,65,,,,,
2026-10-05,2026-10-05,FO,NSE,IDO,64130,,NIFTY,,2026-11-23,2026-11-23,20250.00,CE,NIFTY26NOV20250CE,0.00,0.00,0.00,4389.40,0.00,4389.40,22555.75,2457.80,0,0,0,0.00,0,F1,65,,,,,
2026-10-05,2026-10-05,FO,NSE,IDO,64242,,NIFTY,,2026-11-23,2026-11-23,22100.00,CE,NIFTY26NOV22100CE,877.50,899.05,820.00,854.55,854.55,779.60,22555.75,809.22,5265,2015,51,76017828.25,49,F1,65,,,,,
2026-10-05,2026-10-05,FO,NSE,IDO,64278,,NIFTY,,2026-11-23,2026-11-23,22500.00,CE,NIFTY26NOV22500CE,579.95,627.40,514.00,564.60,564.40,528.45,22555.75,564.60,397020,54795,6351,9524774948.00,5325,F1,65,,,,,
2026-10-05,2026-10-05,FO,NSE,IDO,64335,,NIFTY,,2026-11-23,2026-11-23,23000.00,CE,NIFTY26NOV23000CE,317.00,347.00,278.50,308.85,306.55,288.30,22555.75,308.85,1039870,-62855,13030,19746625996.50,9085,F1,65,,,,,
2026-10-05,2026-10-05,FO,NSE,IDO,64347,,NIFTY,,2026-11-23,2026-11-23,23100.00,CE,NIFTY26NOV23100CE,270.15,303.60,244.30,271.50,268.90,252.10,22555.75,271.50,273000,-10140,1986,3018008581.25,1469,F1,65,,,,,
2026-10-05,2026-10-05,FO,NSE,IDO,64407,,NIFTY,,2026-11-23,2026-11-23,24250.00,CE,NIFTY26NOV24250CE,51.00,53.70,45.25,49.35,48.95,51.00,22555.75,49.35,14365,4745,183,289046013.75,119,F1,65,,,,,
2026-10-05,2026-10-05,FO,NSE,IDO,64441,,NIFTY,,2026-11-23,2026-11-23,25050.00,CE,NIFTY26NOV25050CE,0.00,0.00,0.00,24.00,24.00,24.00,22555.75,9.63,780,0,0,0.00,0,F1,65,,,,,
2026-10-05,2026-10-05,FO,NSE,IDO,64443,,NIFTY,,2026-11-23,2026-11-23,25100.00,CE,NIFTY26NOV25100CE,20.55,25.55,17.65,19.20,18.90,20.05,22555.75,19.20,39520,780,114,186136769.00,83,F1,65,,,,,
2026-10-05,2026-10-05,FO,NSE,IDO,64451,,NIFTY,,2026-11-23,2026-11-23,25200.00,CE,NIFTY26NOV25200CE,19.15,24.00,15.55,18.50,16.55,19.15,22555.75,18.50,8320,1040,38,62289695.00,30,F1,65,,,,,
2026-10-05,2026-10-05,FO,NSE,IDO,64477,,NIFTY,,2026-11-23,2026-11-23,25600.00,CE,NIFTY26NOV25600CE,10.30,16.00,10.30,11.00,11.00,11.40,22555.75,2.70,910,-325,13,21642071.75,11,F1,65,,,,,
2026-10-05,2026-10-05,FO,NSE,IDO,55324,,NIFTY,,2026-12-29,2026-12-29,19500.00,CE,NIFTY26DEC19500CE,0.00,0.00,0.00,7586.85,0.00,7586.85,22555.75,3306.82,0,0,0,0.00,0,F1,65,,,,,
2026-10-05,2026-10-05,FO,NSE,IDO,62424,,NIFTY,,2026-12-29,2026-12-29,21300.00,CE,NIFTY26DEC21300CE,0.00,0.00,0.00,1500.55,1500.55,1500.55,22555.75,1623.50,195,0,0,0.00,0,F1,65,,,,,
2026-10-05,2026-10-05,FO,NSE,IDO,62561,,NIFTY,,2026-12-29,2026-12-29,22450.00,CE,NIFTY26DEC22450CE,760.00,820.70,760.00,820.70,820.70,743.70,22555.75,788.01,3315,195,8,12079366.00,8,F1,65,,,,,
2026-10-05,2026-10-05,FO,NSE,IDO,62884,,NIFTY,,2026-12-29,2026-12-29,23500.00,CE,NIFTY26DEC23500CE,288.80,310.95,261.45,278.30,278.25,268.15,22555.75,278.30,454285,72540,6880,10637008014.75,4918,F1,65,,,,,
2026-10-05,2026-10-05,FO,NSE,IDO,62950,,NIFTY,,2026-12-29,2026-12-29,23750.00,CE,NIFTY26DEC23750CE,218.45,230.60,200.55,206.80,206.80,205.15,22555.75,206.80,11635,4095,249,387910172.00,180,F1,65,,,,,
2026-10-05,2026-10-05,FO,NSE,IDO,62958,,NIFTY,,2026-12-29,2026-12-29,23850.00,CE,NIFTY26DEC23850CE,190.50,207.20,180.80,186.10,186.10,182.10,22555.75,186.10,13260,8190,230,359395559.25,131,F1,65,,,,,
2026-10-05,2026-10-05,FO,NSE,IDO,55328,,NIFTY,,2026-12-29,2026-12-29,25500.00,CE,NIFTY26DEC25500CE,39.35,39.40,33.15,33.95,33.70,35.85,22555.75,33.95,1052480,25025,6077,10086778419.25,4000,F1,65,,,,,
2026-10-05,2026-10-05,FO,NSE,IDO,50978,,NIFTY,,2026-12-29,2026-12-29,27000.00,CE,NIFTY26DEC27000CE,12.80,13.20,11.20,12.20,12.10,12.50,22555.75,12.20,1871475,-20475,3280,5759052692.25,1718,F1,65,,,,,
2026-10-05,2026-10-05,FO,NSE,IDO,55336,,NIFTY,,2026-12-29,2026-12-29,34500.00,CE,NIFTY26DEC34500CE,1.65,1.65,1.65,1.65,1.65,1.35,22555.75,0.01,1365,130,10,22426072.50,2,F1,65,,,,,
2026-10-05,2026-10-05,FO,NSE,IDO,80313,,NIFTY,,2027-03-30,2027-03-30,33000.00,CE,NIFTY27MAR33000CE,9.00,13.40,7.95,10.55,9.90,8.85,22555.75,10.55,12220,3120,60,128735795.50,13,F1,65,,,,,
2026-10-05,2026-10-05,FO,NSE,IDO,55602,,NIFTY,,2029-12-24,2029-12-24,22500.00,CE,NIFTY29DEC22500CE,0.00,0.00,0.00,8486.15,0.00,8486.15,22555.75,4346.12,0,0,0,0.00,0,F1,65,,,,,
2026-10-05,2026-10-05,FO,NSE,IDO,55694,,NIFTY,,2030-12-31,2030-12-31,15000.00,CE,NIFTY30DEC15000CE,0.00,0.00,0.00,14862.95,0.00,14862.95,22555.75,10690.70,0,0,0,0.00,0,F1,65,,,,,
2026-10-05,2026-10-05,FO,NSE,IDO,74638,,NIFTY,,2031-06-24,2031-06-24,16500.00,CE,NIFTY31JUN16500CE,0.00,0.00,0.00,11849.25,0.00,11849.25,22555.75,9871.50,0,0,0,0.00,0,F1,65,,,,,
2026-10-05,2026-10-05,FO,NSE,IDO,74661,,NIFTY,,2031-06-24,2031-06-24,31500.00,CE,NIFTY31JUN31500CE,0.00,0.00,0.00,3928.35,0.00,3928.35,22555.75,1902.41,0,0,0,0.00,0,F1,65,,,,,
2026-10-05,2026-10-05,FO,NSE,IDO,40584,,NIFTY,,2026-10-06,2026-10-06,20550.00,PE,NIFTY26O0620550PE,0.90,0.90,0.25,0.35,0.25,1.20,22555.75,0.35,131365,-52325,26733,35709771695.00,4475,F1,65,,,,,
2026-10-05,2026-10-05,FO,NSE,IDO,40606,,NIFTY,,2026-10-06,2026-10-06,20800.00,PE,NIFTY26O0620800PE,1.65,1.70,0.25,0.35,0.30,1.70,22555.75,0.35,987545,-2151435,176414,238519744687.25,20066,F1,65,,,,,
2026-10-05,2026-10-05,FO,NSE,IDO,40610,,NIFTY,,2026-10-06,2026-10-06,20850.00,PE,NIFTY26O0620850PE,1.70,1.70,0.30,0.45,0.30,1.75,22555.75,0.45,140855,29185,18565,25161095397.75,3069,F1,65,,,,,
2026-10-05,2026-10-05,FO,NSE,IDO,40624,,NIFTY,,2026-10-06,2026-10-06,21200.00,PE,NIFTY26O0621200PE,1.05,1.55,0.50,0.70,0.50,2.40,22555.75,0.70,1498575,-467480,405224,558426434517.25,52840,F1,65,,,,,
2026-10-05,2026-10-05,FO,NSE,IDO,40651,,NIFTY,,2026-10-06,2026-10-06,21600.00,PE,NIFTY26O0621600PE,3.70,3.70,0.85,1.20,0.90,5.40,22555.75,1.20,4019080,965185,1630935,2290027272451.75,160786,F1,65,,,,,
2026-10-05,2026-10-05,FO,NSE,IDO,40714,,NIFTY,,2026-10-06,2026-10-06,22750.00,PE,NIFTY26O0622750PE,218.80,339.00,156.75,213.85,211.45,317.80,22555.75,213.85,709930,-62595,343387,512724598711.00,211744,F1,65,,,,,
2026-10-05,2026-10-05,FO,NSE,IDO,40758,,NIFTY,,2026-10-06,2026-10-06,23450.00,PE,NIFTY26O0623450PE,964.60,994.70,820.00,894.70,899.50,984.50,22555.75,894.70,46800,-2275,1289,2040072401.25,596,F1,65,,,,,
2026-10-05,2026-10-05,FO,NSE,IDO,40814,,NIFTY,,2026-10-06,2026-10-06,24250.00,PE,NIFTY26O0624250PE,1690.00,1813.40,1680.00,1680.00,1680.00,2005.45,22555.75,1690.60,2730,-2145,51,86275878.00,46,F1,65,,,,,
2026-10-05,2026-10-05,FO,NSE,IDO,40824,,NIFTY,,2026-10-06,2026-10-06,24450.00,PE,NIFTY26O0624450PE,1669.20,1922.25,1669.20,1849.90,1849.90,1655.00,22555.75,1890.57,975,-65,5,8544337.75,5,F1,65,,,,,
2026-10-05,2026-10-05,FO,NSE,IDO,44485,,NIFTY,,2026-10-13,2026-10-13,20650.00,PE,NIFTY26O1320650PE,4.70,6.60,3.15,4.20,3.25,6.05,22555.75,4.20,22100,11440,1595,2141333330.50,953,F1,65,,,,,
2026-10-05,2026-10-05,FO,NSE,IDO,44521,,NIFTY,,2026-10-13,2026-10-13,21150.00,PE,NIFTY26O1321150PE,9.80,9.80,6.40,7.10,6.85,12.25,22555.75,7.10,143780,125515,8523,11721148081.50,4432,F1,65,,,,,
2026-10-05,2026-10-05,FO,NSE,IDO,44627,,NIFTY,,2026-10-13,2026-10-13,22850.00,PE,NIFTY26O1322850PE,347.50,441.20,275.20,360.60,353.15,434.95,22555.75,360.60,211900,24180,3840,5788896594.00,2971,F1,65,,,,,
2026-10-05,2026-10-05,FO,NSE,IDO,44633,,NIFTY,,2026-10-13,2026-10-13,23000.00,PE,NIFTY26O1323000PE,482.40,566.50,372.05,466.60,463.35,552.40,22555.75,466.60,977015,427635,33501,51042252020.50,20557,F1,65,,,,,
2026-10-05,2026-10-05,FO,NSE,IDO,44661,,NIFTY,,2026-10-13,2026-10-13,23400.00,PE,NIFTY26O1323400PE,786.20,929.05,724.05,842.90,833.50,910.05,22555.75,842.90,120315,49140,2599,4093266258.25,1484,F1,65,,,,,
2026-10-05,2026-10-05,FO,NSE,IDO,47054,,NIFTY,,2026-10-19,2026-10-19,20650.00,PE,NIFTY26O1920650PE,0.00,0.00,0.00,2.60,0.00,2.60,22555.75,0.04,0,0,0,0.00,0,F1,65,,,,,
2026-10-05,2026-10-05,FO,NSE,IDO,47064,,NIFTY,,2026-10-19,2026-10-19,20900.00,PE,NIFTY26O1920900PE,10.35,16.55,10.35,12.45,16.55,10.35,22555.75,12.45,260,195,3,4077921.25,3,F1,65,,,,,
2026-10-05,2026-10-05,FO,NSE,IDO,47076,,NIFTY,,2026-10-19,2026-10-19,21200.00,PE,NIFTY26O1921200PE,18.05,27.25,15.65,18.80,18.10,27.70,22555.75,18.80,33475,20605,1565,2158627799.25,949,F1,65,,,,,
2026-10-05,2026-10-05,FO,NSE,IDO,47084,,NIFTY,,2026-10-19,2026-10-19,21400.00,PE,NIFTY26O1921400PE,38.40,38.40,21.30,26.10,24.95,38.40,22555.75,26.10,31980,7150,1865,2597542652.25,1019,F1,65,,,,,
2026-10-05,2026-10-05,FO,NSE,IDO,47105,,NIFTY,,2026-10-19,2026-10-19,21800.00,PE,NIFTY26O1921800PE,60.00,77.90,43.50,54.40,63.00,73.70,22555.75,54.40,84045,22360,4078,5793301657.00,2609,F1,65,,,,,
2026-10-05,2026-10-05,FO,NSE,IDO,47142,,NIFTY,,2026-10-19,2026-10-19,22650.00,PE,NIFTY26O1922650PE,256.55,337.85,219.20,268.85,271.50,343.85,22555.75,268.85,17030,9230,1269,1890004317.50,983,F1,65,,,,,
2026-10-05,2026-10-05,FO,NSE,IDO,47162,,NIFTY,,2026-10-19,2026-10-19,23000.00,PE,NIFTY26O1923000PE,471.70,581.00,401.35,490.25,479.10,566.70,22555.75,490.25,94185,44005,2040,3114685086.50,1380,F1,65,,,,,
2026-10-05,2026-10-05,FO,NSE,IDO,47203,,NIFTY,,2026-10-19,2026-10-19,23700.00,PE,NIFTY26O1923700PE,0.00,0.00,0.00,900.00,900.00,900.00,22555.75,1102.39,1885,0,0,0.00,0,F1,65,,,,,
2026-10-05,2026-10-05,FO,NSE,IDO,47212,,NIFTY,,2026-10-19,2026-10-19,23900.00,PE,NIFTY26O1923900PE,0.00,0.00,0.00,777.40,777.40,777.40,22555.75,1297.31,0,0,0,0.00,0,F1,65,,,,,
2026-10-05,2026-10-05,FO,NSE,IDO,47391,,NIFTY,,2026-10-19,2026-10-19,24650.00,PE,NIFTY26O1924650PE,0.00,0.00,0.00,1460.60,0.00,1460.60,22555.75,2042.37,0,0,0,0.00,0,F1,65,,,,,
2026-10-05,2026-10-05,FO,NSE,IDO,51267,,NIFTY,,2026-10-27,2026-10-27,21100.00,PE,NIFTY26OCT21100PE,29.70,40.50,25.80,30.60,30.20,39.60,22555.75,30.60,85670,-20540,2879,3954414197.50,2193,F1,65,,,,,
2026-10-05,2026-10-05,FO,NSE,IDO,51305,,NIFTY,,2026-10-27,2026-10-27,21900.00,PE,NIFTY26OCT21900PE,102.00,132.45,81.40,99.45,97.35,125.95,22555.75,99.45,660335,67405,15287,21859284037.50,10279,F1,65,,,,,
2026-10-05,2026-10-05,FO,NSE,IDO,51367,,NIFTY,,2026-10-27,2026-10-27,23350.00,PE,NIFTY26OCT23350PE,752.30,874.20,684.30,785.15,770.20,852.80,22555.75,785.15,29055,1495,106,166143783.00,81,F1,65,,,,,
2026-10-05,2026-10-05,FO,NSE,IDO,51451,,NIFTY,,2026-10-27,2026-10-27,25250.00,PE,NIFTY26OCT25250PE,0.00,0.00,0.00,2249.00,2249.00,2249.00,22555.75,2610.76,260,0,0,0.00,0,F1,65,,,,,
2026-10-05,2026-10-05,FO,NSE,IDO,51495,,NIFTY,,2026-10-27,2026-10-27,26100.00,PE,NIFTY26OCT26100PE,0.00,0.00,0.00,3200.00,3200.00,3200.00,22555.75,3457.87,195,0,0,0.00,0,F1,65,,,,,
2026-10-05,2026-10-05,FO,NSE,IDO,51521,,NIFTY,,2026-10-27,2026-10-27,26750.00,PE,NIFTY26OCT26750PE,0.00,0.00,0.00,2501.20,0.00,2501.20,22555.75,4105.72,0,0,0,0.00,0,F1,65,,,,,
2026-10-05,2026-10-05,FO,NSE,IDO,51527,,NIFTY,,2026-10-27,2026-10-27,26900.00,PE,NIFTY26OCT26900PE,0.00,0.00,0.00,3583.15,3583.15,3583.15,22555.75,4255.22,1430,0,0,0.00,0,F1,65,,,,,
2026-10-05,2026-10-05,FO,NSE,IDO,51529,,NIFTY,,2026-10-27,2026-10-27,26950.00,PE,NIFTY26OCT26950PE,0.00,0.00,0.00,2675.85,0.00,2675.85,22555.75,4305.06,0,0,0,0.00,0,F1,65,,,,,
2026-10-05,2026-10-05,FO,NSE,IDO,53314,,NIFTY,,2026-11-03,2026-11-03,20150.00,PE,NIFTY26N0320150PE,0.00,0.00,0.00,0.70,0.00,0.70,22555.75,0.19,0,0,0,0.00,0,F1,65,,,,,
2026-10-05,2026-10-05,FO,NSE,IDO,53320,,NIFTY,,2026-11-03,2026-11-03,20250.00,PE,NIFTY26N0320250PE,0.00,0.00,0.00,0.95,0.00,0.95,22555.75,0.30,0,0,0,0.00,0,F1,65,,,,,
2026-10-05,2026-10-05,FO,NSE,IDO,53327,,NIFTY,,2026-11-03,2026-11-03,20350.00,PE,NIFTY26N0320350PE,0.00,0.00,0.00,1.30,0.00,1.30,22555.75,0.48,0,0,0,0.00,0,F1,65,,,,,
2026-10-05,2026-10-05,FO,NSE,IDO,53439,,NIFTY,,2026-11-03,2026-11-03,21300.00,PE,NIFTY26N0321300PE,0.00,0.00,0.00,15.70,0.00,15.70,22555.75,16.94,0,0,0,0.00,0,F1,65,,,,,
2026-10-05,2026-10-05,FO,NSE,IDO,53487,,NIFTY,,2026-11-03,2026-11-03,21550.00,PE,NIFTY26N0321550PE,82.40,82.40,74.45,81.60,81.15,27.00,22555.75,81.60,975,975,18,25308468.25,10,F1,65,,,,,
2026-10-05,2026-10-05,FO,NSE,IDO,53518,,NIFTY,,2026-11-03,2026-11-03,21900.00,PE,NIFTY26N0321900PE,112.00,141.45,103.00,125.60,125.85,148.75,22555.75,125.60,5980,3510,136,194706066.75,57,F1,65,,,,,
2026-10-05,2026-10-05,FO,NSE,IDO,53667,,NIFTY,,2026-11-03,2026-11-03,22350.00,PE,NIFTY26N0322350PE,213.10,286.15,198.30,228.50,228.50,279.95,22555.75,228.50,3705,195,242,355286646.00,127,F1,65,,,,,
2026-10-05,2026-10-05,FO,NSE,IDO,53795,,NIFTY,,2026-11-03,2026-11-03,22800.00,PE,NIFTY26N0322800PE,395.00,489.60,395.00,425.55,425.55,503.70,22555.75,425.55,6565,1495,54,81553257.50,51,F1,65,,,,,
2026-10-05,2026-10-05,FO,NSE,IDO,54065,,NIFTY,,2026-11-03,2026-11-03,23600.00,PE,NIFTY26N0323600PE,0.00,0.00,0.00,555.10,0.00,555.10,22555.75,1001.22,0,0,0,0.00,0,F1,65,,,,,
2026-10-05,2026-10-05,FO,NSE,IDO,54097,,NIFTY,,2026-11-03,2026-11-03,23650.00,PE,NIFTY26N0323650PE,0.00,0.00,0.00,463.50,463.50,463.50,22555.75,1044.67,195,0,0,0.00,0,F1,65,,,,,
2026-10-05,2026-10-05,FO,NSE,IDO,54111,,NIFTY,,2026-11-03,2026-11-03,24000.00,PE,NIFTY26N0324000PE,0.00,0.00,0.00,788.30,788.30,788.30,22555.75,1362.67,65,0,0,0.00,0,F1,65,,,,,
2026-10-05,2026-10-05,FO,NSE,IDO,54115,,NIFTY,,2026-11-03,2026-11-03,24050.00,PE,NIFTY26N0324050PE,0.00,0.00,0.00,829.70,0.00,829.70,22555.75,1409.67,0,0,0,0.00,0,F1,65,,,,,
2026-10-05,2026-10-05,FO,NSE,IDO,54121,,NIFTY,,2026-11-03,2026-11-03,24200.00,PE,NIFTY26N0324200PE,0.00,0.00,0.00,1659.45,1659.45,1659.45,22555.75,1552.33,65,0,0,0.00,0,F1,65,,,,,
2026-10-05,2026-10-05,FO,NSE,IDO,54177,,NIFTY,,2026-11-03,2026-11-03,24500.00,PE,NIFTY26N0324500PE,0.00,0.00,0.00,1160.15,0.00,1160.15,22555.75,1843.19,0,0,0,0.00,0,F1,65,,,,,
2026-10-05,2026-10-05,FO,NSE,IDO,54449,,NIFTY,,2026-11-03,2026-11-03,25150.00,PE,NIFTY26N0325150PE,0.00,0.00,0.00,1711.15,0.00,1711.15,22555.75,2485.28,0,0,0,0.00,0,F1,65,,,,,
2026-10-05,2026-10-05,FO,NSE,IDO,64131,,NIFTY,,2026-11-23,2026-11-23,20250.00,PE,NIFTY26NOV20250PE,0.00,0.00,0.00,4.00,0.00,4.00,22555.75,3.08,0,0,0,0.00,0,F1,65,,,,,
2026-10-05,2026-10-05,FO,NSE,IDO,64139,,NIFTY,,2026-11-23,2026-11-23,20450.00,PE,NIFTY26NOV20450PE,0.00,0.00,0.00,5.80,0.00,5.80,22555.75,5.57,0,0,0,0.00,0,F1,65,,,,,
2026-10-05,2026-10-05,FO,NSE,IDO,64150,,NIFTY,,2026-11-23,2026-11-23,20650.00,PE,NIFTY26NOV20650PE,42.00,42.00,42.00,42.00,42.00,65.60,22555.75,9.67,1820,0,4,5379920.00,1,F1,65,,,,,
2026-10-05,2026-10-05,FO,NSE,IDO,64185,,NIFTY,,2026-11-23,2026-11-23,21150.00,PE,NIFTY26NOV21150PE,83.10,97.10,83.10,96.45,96.45,96.80,22555.75,32.77,1105,-260,21,28996594.25,6,F1,65,,,,,
2026-10-05,2026-10-05,FO,NSE,IDO,64207,,NIFTY,,2026-11-23,2026-11-23,21450.00,PE,NIFTY26NOV21450PE,99.40,130.70,94.65,111.55,109.20,127.00,22555.75,111.55,2535,1495,49,68682909.75,28,F1,65,,,,,
2026-10-05,2026-10-05,FO,NSE,IDO,64226,,NIFTY,,2026-11-23,2026-11-23,21750.00,PE,NIFTY26NOV21750PE,140.00,172.20,129.20,152.45,149.80,175.90,22555.75,152.45,5915,195,56,79713819.25,48,F1,65,,,,,
2026-10-05,2026-10-05,FO,NSE,IDO,64237,,NIFTY,,2026-11-23,2026-11-23,21950.00,PE,NIFTY26NOV21950PE,166.85,223.70,161.95,194.75,190.05,212.00,22555.75,194.75,7020,2340,115,165476239.50,105,F1,65,,,,,
2026-10-05,2026-10-05,FO,NSE,IDO,64247,,NIFTY,,2026-11-23,2026-11-23,22200.00,PE,NIFTY26NOV22200PE,247.65,292.25,210.25,247.45,246.20,285.10,22555.75,247.45,572975,387595,13146,19172852247.25,11873,F1,65,,,,,
2026-10-05,2026-10-05,FO,NSE,IDO,64358,,NIFTY,,2026-11-23,2026-11-23,23300.00,PE,NIFTY26NOV23300PE,712.05,815.00,677.05,774.05,757.80,831.90,22555.75,774.05,53170,5265,357,558110995.00,319,F1,65,,,,,
2026-10-05,2026-10-05,FO,NSE,IDO,64362,,NIFTY,,2026-11-23,2026-11-23,23400.00,PE,NIFTY26NOV23400PE,808.20,911.80,746.05,832.55,835.00,892.45,22555.75,832.55,89635,3510,193,303461489.50,164,F1,65,,,,,
2026-10-05,2026-10-05,FO,NSE,IDO,64388,,NIFTY,,2026-11-23,2026-11-23,23800.00,PE,NIFTY26NOV23800PE,1103.65,1220.00,1066.50,1155.00,1155.00,1229.50,22555.75,1171.39,59020,520,61,98834635.25,48,F1,65,,,,,
2026-10-05,2026-10-05,FO,NSE,IDO,64400,,NIFTY,,2026-11-23,2026-11-23,24050.00,PE,NIFTY26NOV24050PE,0.00,0.00,0.00,1132.55,1132.55,1132.55,22555.75,1384.93,1040,0,0,0.00,0,F1,65,,,,,
2026-10-05,2026-10-05,FO,NSE,IDO,64422,,NIFTY,,2026-11-23,2026-11-23,24600.00,PE,NIFTY26NOV24600PE,0.00,0.00,0.00,2050.00,2050.00,2050.00,22555.75,1887.82,3575,0,0,0.00,0,F1,65,,,,,
2026-10-05,2026-10-05,FO,NSE,IDO,64428,,NIFTY,,2026-11-23,2026-11-23,24750.00,PE,NIFTY26NOV24750PE,2024.70,2024.70,2024.70,2024.70,2024.70,807.55,22555.75,2030.34,65,65,1,1740355.50,1,F1,65,,,,,
2026-10-05,2026-10-05,FO,NSE,IDO,64494,,NIFTY,,2026-11-23,2026-11-23,25900.00,PE,NIFTY26NOV25900PE,0.00,0.00,0.00,3176.50,3176.50,3176.50,22555.75,3154.99,65,0,0,0.00,0,F1,65,,,,,
2026-10-05,2026-10-05,FO,NSE,IDO,64502,,NIFTY,,2026-11-23,2026-11-23,26100.00,PE,NIFTY26NOV26100PE,0.00,0.00,0.00,1675.50,0.00,1675.50,22555.75,3353.00,0,0,0,0.00,0,F1,65,,,,,
2026-10-05,2026-10-05,FO,NSE,IDO,58629,,NIFTY,,2026-12-29,2026-12-29,12000.00,PE,NIFTY26DEC12000PE,4.10,4.10,2.45,2.70,3.55,4.15,22555.75,2.70,23025,-130,70,54614329.25,20,F1,65,,,,,
2026-10-05,2026-10-05,FO,NSE,IDO,62221,,NIFTY,,2026-12-29,2026-12-29,20050.00,PE,NIFTY26DEC20050PE,0.00,0.00,0.00,26.50,0.00,26.50,22555.75,10.33,0,0,0,0.00,0,F1,65,,,,,
2026-10-05,2026-10-05,FO,NSE,IDO,62450,,NIFTY,,2026-12-29,2026-12-29,21550.00,PE,NIFTY26DEC21550PE,165.30,202.75,157.15,181.55,180.20,195.50,22555.75,181.55,7670,1560,156,220320382.75,113,F1,65,,,,,
2026-10-05,2026-10-05,FO,NSE,IDO,62492,,NIFTY,,2026-12-29,2026-12-29,21800.00,PE,NIFTY26DEC21800PE,236.45,247.95,192.00,220.70,218.40,240.95,22555.75,220.70,71565,6630,514,735444251.75,376,F1,65,,,,,
2026-10-05,2026-10-05,FO,NSE,IDO,62801,,NIFTY,,2026-12-29,2026-12-29,23250.00,PE,NIFTY26DEC23250PE,0.00,0.00,0.00,848.90,848.90,848.90,22555.75,801.92,2210,0,0,0.00,0,F1,65,,,,,
2026-10-05,2026-10-05,FO,NSE,IDO,62883,,NIFTY,,2026-12-29,2026-12-29,23450.00,PE,NIFTY26DEC23450PE,885.00,885.00,865.00,865.00,865.00,907.25,22555.75,929.30,1040,0,2,3162250.00,2,F1,65,,,,,
2026-10-05,2026-10-05,FO,NSE,IDO,62941,,NIFTY,,2026-12-29,2026-12-29,23650.00,PE,NIFTY26DEC23650PE,947.75,958.15,947.75,958.15,958.15,1063.90,22555.75,1066.19,2080,390,6,9595150.50,3,F1,65,,,,,
2026-10-05,2026-10-05,FO,NSE,IDO,62943,,NIFTY,,2026-12-29,2026-12-29,23700.00,PE,NIFTY26DEC23700PE,986.05,1084.15,954.20,1040.00,1040.00,1210.00,22555.75,1101.83,3510,585,21,33729358.00,17,F1,65,,,,,
2026-10-05,2026-10-05,FO,NSE,IDO,80189,,NIFTY,,2027-03-30,2027-03-30,15000.00,PE,NIFTY27MAR15000PE,24.00,25.00,18.00,22.95,23.00,23.95,22555.75,22.95,10400,910,26,25388265.50,20,F1,65,,,,,
2026-10-05,2026-10-05,FO,NSE,IDO,71548,,NIFTY,,2027-06-29,2027-06-29,18000.00,PE,NIFTY27JUN18000PE,0.00,0.00,0.00,70.00,70.00,70.00,22555.75,7.23,230,0,0,0.00,0,F1,65,,,,,
2026-10-05,2026-10-05,FO,NSE,IDO,55379,,NIFTY,,2027-06-29,2027-06-29,28500.00,PE,NIFTY27JUN28500PE,0.00,0.00,0.00,1807.05,0.00,1807.05,22555.75,4871.05,0,0,0,0.00,0,F1,65,,,,,
2026-10-05,2026-10-05,FO,NSE,IDO,64333,,NIFTY,,2027-09-28,2027-09-28,19500.00,PE,NIFTY27SEP19500PE,134.10,134.10,134.10,134.10,134.10,136.85,22555.75,75.27,65,65,1,1276216.50,1,F1,65,,,,,
2026-10-05,2026-10-05,FO,NSE,IDO,53611,,NIFTY,,2027-12-28,2027-12-28,20000.00,PE,NIFTY27DEC20000PE,275.00,300.00,260.95,292.75,296.90,296.85,22555.75,292.75,108190,0,255,336144094.00,191,F1,65,,,,,
2026-10-05,2026-10-05,FO,NSE,IDO,86148,,NIFTY,,2028-06-27,2028-06-27,22000.00,PE,NIFTY28JUN22000PE,0.00,0.00,0.00,630.00,630.00,630.00,22555.75,539.15,2210,0,0,0.00,0,F1,65,,,,,
2026-10-05,2026-10-05,FO,NSE,IDO,67795,,NIFTY,,2028-12-26,2028-12-26,30000.00,PE,NIFTY28DEC30000PE,0.00,0.00,0.00,3500.00,3500.00,3500.00,22555.75,4544.17,325,0,0,0.00,0,F1,65,,,,,
2026-10-05,2026-10-05,FO,NSE,IDO,89613,,NIFTY,,2029-06-26,2029-06-26,18000.00,PE,NIFTY29JUN18000PE,0.00,0.00,0.00,118.45,0.00,118.45,22555.75,72.00,0,0,0,0.00,0,F1,65,,,,,
2026-10-05,2026-10-05,FO,NSE,IDO,89637,,NIFTY,,2029-06-26,2029-06-26,27000.00,PE,NIFTY29JUN27000PE,0.00,0.00,0.00,1252.35,0.00,1252.35,22555.75,2358.23,0,0,0,0.00,0,F1,65,,,,,
2026-10-05,2026-10-05,FO,NSE,IDO,55601,,NIFTY,,2029-12-24,2029-12-24,19500.00,PE,NIFTY29DEC19500PE,0.00,0.00,0.00,61.20,0.00,61.20,22555.75,183.91,0,0,0,0.00,0,F1,65,,,,,
2026-10-05,2026-10-05,FO,NSE,IDO,60939,,NIFTY,,2030-06-25,2030-06-25,30000.00,PE,NIFTY30JUN30000PE,0.00,0.00,0.00,2100.85,0.00,2100.85,22555.75,3454.71,0,0,0,0.00,0,F1,65,,,,,
2026-10-05,2026-10-05,FO,NSE,IDO,55705,,NIFTY,,2030-12-31,2030-12-31,22500.00,PE,NIFTY30DEC22500PE,0.00,0.00,0.00,219.35,0.00,219.35,22555.75,585.48,0,0,0,0.00,0,F1,65,,,,,
2026-10-05,2026-10-05,FO,NSE,IDO,40677,,NIFTY,,2026-10-06,2026-10-06,22250.00,CE,NIFTY26O0622250CE,290.20,401.45,219.05,314.60,312.20,266.20,22555.75,314.60,342550,-124280,85564,125360025573.25,54519,F1,65,,,,,
2026-10-05,2026-10-05,FO,NSE,IDO,40631,,NIFTY,,2026-10-06,2026-10-06,21300.00,CE,NIFTY26O0621300CE,0.00,0.00,0.00,2880.70,0.00,2880.70,22555.75,1258.96,0,0,0,0.00,0,F1,65,,,,,
2026-10-05,2026-10-05,FO,NSE,IDO,40579,,NIFTY,,2026-10-06,2026-10-06,20500.00,CE,NIFTY26O0620500CE,0.00,0.00,0.00,3674.35,0.00,3674.35,22555.75,2058.84,0,0,0,0.00,0,F1,65,,,,,
2026-10-05,2026-10-05,FO,NSE,IDO,40569,,NIFTY,,2026-10-06,2026-10-06,20300.00,CE,NIFTY26O0620300CE,0.00,0.00,0.00,3873.10,0.00,3873.10,22555.75,2258.81,0,0,0,0.00,0,F1,65,,,,,
2026-10-05,2026-10-05,FO,NSE,IDO,40701,,NIFTY,,2026-10-06,2026-10-06,22600.00,CE,NIFTY26O0622600CE,104.70,115.00,37.00,59.00,55.65,67.30,22555.75,59.00,10647585,4558190,11880242,17505364807118.50,4299798,F1,65,,,,,
2026-10-05,2026-10-05,FO,NSE,IDO,55645,,NIFTY,,2030-06-25,2030-06-25,22500.00,PE,NIFTY30JUN22500PE,0.00,0.00,0.00,223.75,0.00,223.75,22555.75,612.44,0,0,0,0.00,0,F1,65,,,,,
2026-10-05,2026-10-05,FO,NSE,IDO,61375,,NIFTY,,2029-12-24,2029-12-24,15000.00,PE,NIFTY29DEC15000PE,0.00,0.00,0.00,29.00,29.00,29.00,22555.75,9.12,65,0,0,0.00,0,F1,65,,,,,
2026-10-05,2026-10-05,FO,NSE,IDO,55527,,NIFTY,,2028-12-26,2028-12-26,31500.00,PE,NIFTY28DEC31500PE,0.00,0.00,0.00,2673.40,0.00,2673.40,22555.75,5673.93,0,0,0,0.00,0,F1,65,,,,,
2026-10-05,2026-10-05,FO,NSE,IDO,86152,,NIFTY,,2028-06-27,2028-06-27,24000.00,PE,NIFTY28JUN24000PE,0.00,0.00,0.00,680.05,680.05,680.05,22555.75,1203.56,65,0,0,0.00,0,F1,65,,,,,
2026-10-05,2026-10-05,FO,NSE,IDO,53619,,NIFTY,,2027-12-28,2027-12-28,23000.00,PE,NIFTY27DEC23000PE,875.00,914.05,846.35,880.40,871.05,907.35,22555.75,880.40,280570,6500,391,606797259.25,252,F1,65,,,,,
2026-10-05,2026-10-05,FO,NSE,IDO,53595,,NIFTY,,2027-12-28,2027-12-28,15000.00,PE,NIFTY27DEC15000PE,0.00,0.00,0.00,21.70,21.70,21.70,22555.75,0.43,755,0,0,0.00,0,F1,65,,,,,
2026-10-05,2026-10-05,FO,NSE,IDO,64345,,NIFTY,,2027-09-28,2027-09-28,25500.00,PE,NIFTY27SEP25500PE,0.00,0.00,0.00,2230.25,0.00,2230.25,22555.75,2189.59,0,0,0,0.00,0,F1,65,,,,,
2026-10-05,2026-10-05,FO,NSE,IDO,71561,,NIFTY,,2027-06-29,2027-06-29,24000.00,PE,NIFTY27JUN24000PE,1122.00,1190.00,1060.85,1133.70,1131.40,1191.20,22555.75,1133.70,26975,0,88,143623636.00,80,F1,65,,,,,
2026-10-05,2026-10-05,FO,NSE,IDO,71550,,NIFTY,,2027-06-29,2027-06-29,19000.00,PE,NIFTY27JUN19000PE,0.00,0.00,0.00,105.00,105.00,105.00,22555.75,27.74,1460,0,0,0.00,0,F1,65,,,,,
2026-10-05,2026-10-05,FO,NSE,IDO,80306,,NIFTY,,2027-03-30,2027-03-30,28500.00,PE,NIFTY27MAR28500PE,0.00,0.00,0.00,2937.15,2937.15,2937.15,22555.75,5208.08,65,0,0,0.00,0,F1,65,,,,,
2026-10-05,2026-10-05,FO,NSE,IDO,63528,,NIFTY,,2026-12-29,2026-12-29,24400.00,PE,NIFTY26DEC24400PE,1535.00,1600.00,1535.00,1600.00,1600.00,1642.40,22555.75,1651.68,17680,-33475,813,1371612687.25,178,F1,65,,,,,
2026-10-05,2026-10-05,FO,NSE,IDO,62959,,NIFTY,,2026-12-29,2026-12-29,23850.00,PE,NIFTY26DEC23850PE,1089.85,1157.70,1089.85,1157.70,1157.70,1224.35,22555.75,1157.70,4095,390,6,9739772.25,2,F1,65,,,,,
2026-10-05,2026-10-05,FO,NSE,IDO,62939,,NIFTY,,2026-12-29,2026-12-29,23600.00,PE,NIFTY26DEC23600PE,964.00,964.00,964.00,964.00,964.00,1050.00,22555.75,964.00,3250,0,1,1596660.00,1,F1,65,,,,,
2026-10-05,2026-10-05,FO,NSE,IDO,62382,,NIFTY,,2026-12-29,2026-12-29,21100.00,PE,NIFTY26DEC21100PE,107.20,138.60,107.20,121.15,124.50,133.85,22555.75,121.15,10660,390,289,398663697.25,154,F1,65,,,,,
2026-10-05,2026-10-05,FO,NSE,IDO,62255,,NIFTY,,2026-12-29,2026-12-29,20500.00,PE,NIFTY26DEC20500PE,72.00,91.35,71.45,81.90,81.15,67.35,22555.75,81.90,26325,25025,1522,2036181192.50,1251,F1,65,,,,,
2026-10-05,2026-10-05,FO,NSE,IDO,55325,,NIFTY,,2026-12-29,2026-12-29,19500.00,PE,NIFTY26DEC19500PE,40.80,49.55,37.90,46.20,46.10,47.80,22555.75,46.20,170235,14105,1377,1749442344.00,1039,F1,65,,,,,
2026-10-05,2026-10-05,FO,NSE,IDO,58633,,NIFTY,,2026-12-29,2026-12-29,14000.00,PE,NIFTY26DEC14000PE,5.00,7.00,4.65,5.00,5.00,5.55,22555.75,5.00,12860,585,55,50070471.75,15,F1,65,,,,,
2026-10-05,2026-10-05,FO,NSE,IDO,64436,,NIFTY,,2026-11-23,2026-11-23,24900.00,PE,NIFTY26NOV24900PE,0.00,0.00,0.00,1925.00,1925.00,1925.00,22555.75,2174.37,1040,0,0,0.00,0,F1,65,,,,,
2026-10-05,2026-10-05,FO,NSE,IDO,64418,,NIFTY,,2026-11-23,2026-11-23,24500.00,PE,NIFTY26NOV24500PE,1735.45,1861.60,1669.05,1771.95,1778.80,1854.05,22555.75,1771.95,211120,-1170,162,276332426.50,150,F1,65,,,,,
2026-10-05,2026-10-05,FO,NSE,IDO,64416,,NIFTY,,2026-11-23,2026-11-23,24450.00,PE,NIFTY26NOV24450PE,0.00,0.00,0.00,1837.00,1837.00,1837.00,22555.75,1747.20,390,0,0,0.00,0,F1,65,,,,,
2026-10-05,2026-10-05,FO,NSE,IDO,64326,,NIFTY,,2026-11-23,2026-11-23,22900.00,PE,NIFTY26NOV22900PE,535.00,592.10,459.95,524.85,522.05,585.00,22555.75,524.85,48360,-2795,235,357624442.50,197,F1,65,,,,,
2026-10-05,2026-10-05,FO,NSE,IDO,64290,,NIFTY,,2026-11-23,2026-11-23,22650.00,PE,NIFTY26NOV22650PE,378.85,465.80,352.40,403.00,404.00,450.05,22555.75,403.00,12025,-650,142,212689561.50,114,F1,65,,,,,
2026-10-05,2026-10-05,FO,NSE,IDO,64243,,NIFTY,,2026-11-23,2026-11-23,22100.00,PE,NIFTY26NOV22100PE,203.05,263.10,189.55,225.10,221.90,254.20,22555.75,225.10,88400,8710,1165,1690641897.75,994,F1,65,,,,,
2026-10-05,2026-10-05,FO,NSE,IDO,64167,,NIFTY,,2026-11-23,2026-11-23,20900.00,PE,NIFTY26NOV20900PE,74.50,76.90,55.50,63.95,66.20,74.00,22555.75,63.95,5720,1235,160,218021157.25,128,F1,65,,,,,
2026-10-05,2026-10-05,FO,NSE,IDO,64163,,NIFTY,,2026-11-23,2026-11-23,20800.00,PE,NIFTY26NOV20800PE,62.40,69.65,48.55,57.65,54.95,65.25,22555.75,57.65,34190,3965,298,404017328.00,183,F1,65,,,,,
2026-10-05,2026-10-05,FO,NSE,IDO,64147,,NIFTY,,2026-11-23,2026-11-23,20600.00,PE,NIFTY26NOV20600PE,41.00,57.05,41.00,49.30,45.20,7.60,22555.75,49.30,2535,2535,92,123481601.75,57,F1,65,,,,,
2026-10-05,2026-10-05,FO,NSE,IDO,64117,,NIFTY,,2026-11-23,2026-11-23,20050.00,PE,NIFTY26NOV20050PE,0.00,0.00,0.00,2.75,0.00,2.75,22555.75,1.64,0,0,0,0.00,0,F1,65,,,,,
2026-10-05,2026-10-05,FO,NSE,IDO,54267,,NIFTY,,2026-11-03,2026-11-03,24750.00,PE,NIFTY26N0324750PE,0.00,0.00,0.00,1363.45,0.00,1363.45,22555.75,2088.99,0,0,0,0.00,0,F1,65,,,,,
2026-10-05,2026-10-05,FO,NSE,IDO,54239,,NIFTY,,2026-11-03,2026-11-03,24600.00,PE,NIFTY26N0324600PE,0.00,0.00,0.00,1240.00,0.00,1240.00,22555.75,1941.25,0,0,0,0.00,0,F1,65,,,,,
2026-10-05,2026-10-05,FO,NSE,IDO,54129,,NIFTY,,2026-11-03,2026-11-03,24400.00,PE,NIFTY26N0324400PE,0.00,0.00,0.00,1082.55,0.00,1082.55,22555.75,1745.60,0,0,0,0.00,0,F1,65,,,,,
2026-10-05,2026-10-05,FO,NSE,IDO,54101,,NIFTY,,2026-11-03,2026-11-03,23750.00,PE,NIFTY26N0323750PE,0.00,0.00,0.00,639.90,0.00,639.90,22555.75,1133.24,0,0,0,0.00,0,F1,65,,,,,
2026-10-05,2026-10-05,FO,NSE,IDO,53871,,NIFTY,,2026-11-03,2026-11-03,22950.00,PE,NIFTY26N0322950PE,435.00,580.60,435.00,509.15,509.15,632.00,22555.75,509.15,2665,845,17,25874923.75,12,F1,65,,,,,
2026-10-05,2026-10-05,FO,NSE,IDO,53663,,NIFTY,,2026-11-03,2026-11-03,22300.00,PE,NIFTY26N0322300PE,198.30,267.60,183.00,219.70,216.00,261.00,22555.75,219.70,8125,1495,178,260520598.00,127,F1,65,,,,,
2026-10-05,2026-10-05,FO,NSE,IDO,53661,,NIFTY,,2026-11-03,2026-11-03,22250.00,PE,NIFTY26N0322250PE,184.25,245.30,176.25,201.45,201.45,243.05,22555.75,170.10,3575,1300,38,55445000.00,25,F1,65,,,,,
2026-10-05,2026-10-05,FO,NSE,IDO,53516,,NIFTY,,2026-11-03,2026-11-03,21850.00,PE,NIFTY26N0321850PE,101.95,119.65,100.25,116.70,116.70,160.25,22555.75,73.49,650,0,7,9992066.50,7,F1,65,,,,,
2026-10-05,2026-10-05,FO,NSE,IDO,53350,,NIFTY,,2026-11-03,2026-11-03,20700.00,PE,NIFTY26N0320700PE,0.00,0.00,0.00,3.55,0.00,3.55,22555.75,2.11,0,0,0,0.00,0,F1,65,,,,,
2026-10-05,2026-10-05,FO,NSE,IDO,53339,,NIFTY,,2026-11-03,2026-11-03,20550.00,PE,NIFTY26N0320550PE,0.00,0.00,0.00,2.35,0.00,2.35,22555.75,1.15,0,0,0,0.00,0,F1,65,,,,,
2026-10-05,2026-10-05,FO,NSE,IDO,53329,,NIFTY,,2026-11-03,2026-11-03,20400.00,PE,NIFTY26N0320400PE,0.00,0.00,0.00,1.50,0.00,1.50,22555.75,0.60,0,0,0,0.00,0,F1,65,,,,,
2026-10-05,2026-10-05,FO,NSE,IDO,53322,,NIFTY,,2026-11-03,2026-11-03,20300.00,PE,NIFTY26N0320300PE,0.00,0.00,0.00,1.15,0.00,1.15,22555.75,0.38,0,0,0,0.00,0,F1,65,,,,,
2026-10-05,2026-10-05,FO,NSE,IDO,51523,,NIFTY,,2026-10-27,2026-10-27,26800.00,PE,NIFTY26OCT26800PE,0.00,0.00,0.00,3900.00,3900.00,3900.00,22555.75,4155.55,585,0,0,0.00,0,F1,65,,,,,
2026-10-05,2026-10-05,FO,NSE,IDO,51473,,NIFTY,,2026-10-27,2026-10-27,25600.00,PE,NIFTY26OCT25600PE,2960.00,2960.00,2900.00,2900.00,2900.00,2735.00,22555.75,2959.54,9425,-130,3,5561400.00,2,F1,65,,,,,
2026-10-05,2026-10-05,FO,NSE,IDO,51469,,NIFTY,,2026-10-27,2026-10-27,25500.00,PE,NIFTY26OCT25500PE,2800.00,2952.00,2747.05,2850.70,2845.60,2937.30,22555.75,2850.70,849550,-26910,709,1305345450.50,680,F1,65,,,,,
2026-10-05,2026-10-05,FO,NSE,IDO,51445,,NIFTY,,2026-10-27,2026-10-27,25100.00,PE,NIFTY26OCT25100PE,2254.25,2540.00,2254.25,2540.00,2540.00,2550.00,22555.75,2461.34,43875,195,5,8928078.25,5,F1,65,,,,,
2026-10-05,2026-10-05,FO,NSE,IDO,51425,,NIFTY,,2026-10-27,2026-10-27,24650.00,PE,NIFTY26OCT24650PE,0.00,0.00,0.00,2200.00,2200.00,2200.00,22555.75,2013.71,2665,0,0,0.00,0,F1,65,,,,,
2026-10-05,2026-10-05,FO,NSE,IDO,51405,,NIFTY,,2026-10-27,2026-10-27,24250.00,PE,NIFTY26OCT24250PE,1606.85,1684.20,1597.30,1683.60,1683.60,1984.45,22555.75,1618.63,11700,-130,44,74114170.00,40,F1,65,,,,,
2026-10-05,2026-10-05,FO,NSE,IDO,51387,,NIFTY,,2026-10-27,2026-10-27,23850.00,PE,NIFTY26OCT23850PE,1196.00,1200.70,1141.00,1200.70,1200.70,1450.00,22555.75,1232.40,10855,-65,9,14632959.25,8,F1,65,,,,,
2026-10-05,2026-10-05,FO,NSE,IDO,51287,,NIFTY,,2026-10-27,2026-10-27,21500.00,PE,NIFTY26OCT21500PE,62.25,71.95,44.15,53.65,53.30,67.75,22555.75,53.65,2816515,-220025,53384,74788630471.75,30967,F1,65,,,,,
2026-10-05,2026-10-05,FO,NSE,IDO,51271,,NIFTY,,2026-10-27,2026-10-27,21200.00,PE,NIFTY26OCT21200PE,40.00,46.60,29.45,35.10,34.30,45.15,22555.75,35.10,369395,-3510,5176,7144536724.00,3565,F1,65,,,,,
2026-10-05,2026-10-05,FO,NSE,IDO,51261,,NIFTY,,2026-10-27,2026-10-27,21000.00,PE,NIFTY26OCT21000PE,30.80,35.65,23.00,27.15,27.10,35.40,22555.75,27.15,1516255,-11180,21852,29867363685.25,12176,F1,65,,,,,
2026-10-05,2026-10-05,FO,NSE,IDO,51239,,NIFTY,,2026-10-27,2026-10-27,20600.00,PE,NIFTY26OCT20600PE,23.50,23.50,15.20,17.45,16.70,22.80,22555.75,17.45,255255,10985,4038,5411561301.25,3147,F1,65,,,,,
2026-10-05,2026-10-05,FO,NSE,IDO,51233,,NIFTY,,2026-10-27,2026-10-27,20450.00,PE,NIFTY26OCT20450PE,15.00,17.55,13.70,14.15,14.00,17.50,22555.75,14.15,1040,780,96,127704934.50,66,F1,65,,,,,
2026-10-05,2026-10-05,FO,NSE,IDO,47456,,NIFTY,,2026-10-19,2026-10-19,25200.00,PE,NIFTY26O1925200PE,0.00,0.00,0.00,1967.20,0.00,1967.20,22555.75,2591.15,0,0,0,0.00,0,F1,65,,,,,
2026-10-05,2026-10-05,FO,NSE,IDO,47411,,NIFTY,,2026-10-19,2026-10-19,24850.00,PE,NIFTY26O1924850PE,0.00,0.00,0.00,1640.70,0.00,1640.70,22555.75,2241.90,0,0,0,0.00,0,F1,65,,,,,
2026-10-05,2026-10-05,FO,NSE,IDO,47207,,NIFTY,,2026-10-19,2026-10-19,23800.00,PE,NIFTY26O1923800PE,1184.30,1225.00,1184.00,1225.00,1225.00,890.00,22555.75,1199.41,260,195,4,6498524.50,3,F1,65,,,,,
2026-10-05,2026-10-05,FO,NSE,IDO,47186,,NIFTY,,2026-10-19,2026-10-19,23550.00,PE,NIFTY26O1923550PE,0.00,0.00,0.00,772.05,772.05,772.05,22555.75,959.24,3250,0,0,0.00,0,F1,65,,,,,
2026-10-05,2026-10-05,FO,NSE,IDO,47176,,NIFTY,,2026-10-19,2026-10-19,23300.00,PE,NIFTY26O1923300PE,785.00,825.00,696.00,729.75,729.00,865.90,22555.75,729.75,6240,65,18,28148965.00,15,F1,65,,,,,
2026-10-05,2026-10-05,FO,NSE,IDO,47115,,NIFTY,,2026-10-19,2026-10-19,22050.00,PE,NIFTY26O1922050PE,80.00,121.25,71.30,88.70,86.00,116.90,22555.75,88.70,18330,8840,865,1244957873.25,554,F1,65,,,,,
2026-10-05,2026-10-05,FO,NSE,IDO,47103,,NIFTY,,2026-10-19,2026-10-19,21750.00,PE,NIFTY26O1921750PE,39.30,72.05,39.30,47.85,47.55,69.55,22555.75,47.85,25870,19175,826,1170710498.75,481,F1,65,,,,,
2026-10-05,2026-10-05,FO,NSE,IDO,47086,,NIFTY,,2026-10-19,2026-10-19,21450.00,PE,NIFTY26O1921450PE,32.05,38.50,24.35,29.75,28.85,45.95,22555.75,29.75,11310,9685,493,688426612.25,153,F1,65,,,,,
2026-10-05,2026-10-05,FO,NSE,IDO,47032,,NIFTY,,2026-10-19,2026-10-19,20100.00,PE,NIFTY26O1920100PE,0.00,0.00,0.00,0.45,0.00,0.45,22555.75,0.01,0,0,0,0.00,0,F1,65,,,,,
2026-10-05,2026-10-05,FO,NSE,IDO,44799,,NIFTY,,2026-10-13,2026-10-13,25400.00,PE,NIFTY26O1325400PE,2825.00,2863.15,2770.00,2800.00,2800.00,2600.00,22555.75,2813.65,5070,5005,82,150445230.00,32,F1,65,,,,,
2026-10-05,2026-10-05,FO,NSE,IDO,44779,,NIFTY,,2026-10-13,2026-10-13,25000.00,PE,NIFTY26O1325000PE,2364.30,2494.75,2296.75,2409.40,2410.40,2530.80,22555.75,2409.40,45760,44005,710,1265177910.75,612,F1,65,,,,,
2026-10-05,2026-10-05,FO,NSE,IDO,44757,,NIFTY,,2026-10-13,2026-10-13,24550.00,PE,NIFTY26O1324550PE,0.00,0.00,0.00,961.30,0.00,961.30,22555.75,1964.68,0,0,0,0.00,0,F1,65,,,,,
2026-10-05,2026-10-05,FO,NSE,IDO,44709,,NIFTY,,2026-10-13,2026-10-13,23900.00,PE,NIFTY26O1323900PE,1230.00,1394.00,1209.45,1329.00,1318.75,1380.50,22555.75,1329.00,89115,83915,1361,2229577909.00,611,F1,65,,,,,
2026-10-05,2026-10-05,FO,NSE,IDO,44667,,NIFTY,,2026-10-13,2026-10-13,23450.00,PE,NIFTY26O1323450PE,800.00,957.45,777.40,876.70,880.00,1126.60,22555.75,876.70,9880,520,120,189595370.25,74,F1,65,,,,,
2026-10-05,2026-10-05,FO,NSE,IDO,44629,,NIFTY,,2026-10-13,2026-10-13,22900.00,PE,NIFTY26O1322900PE,411.00,482.25,304.65,387.75,388.00,469.25,22555.75,387.75,293085,88790,13370,20225139951.25,8977,F1,65,,,,,
2026-10-05,2026-10-05,FO,NSE,IDO,44583,,NIFTY,,2026-10-13,2026-10-13,22050.00,PE,NIFTY26O1322050PE,65.00,79.15,37.90,49.50,47.00,81.50,22555.75,49.50,221780,118690,27393,39359506078.75,18898,F1,65,,,,,
2026-10-05,2026-10-05,FO,NSE,IDO,44567,,NIFTY,,2026-10-13,2026-10-13,21850.00,PE,NIFTY26O1321850PE,44.75,48.05,22.90,29.25,28.30,50.00,22555.75,29.25,311935,210925,27841,39600382263.00,17529,F1,65,,,,,
2026-10-05,2026-10-05,FO,NSE,IDO,44541,,NIFTY,,2026-10-13,2026-10-13,21500.00,PE,NIFTY26O1321500PE,19.30,21.25,11.40,13.85,13.25,23.70,22555.75,13.85,3328325,2173145,130540,182555065296.50,51449,F1,65,,,,,
2026-10-05,2026-10-05,FO,NSE,IDO,44531,,NIFTY,,2026-10-13,2026-10-13,21400.00,PE,NIFTY26O1321400PE,16.80,16.80,9.40,11.10,10.65,19.05,22555.75,11.10,902330,584155,50428,70184419886.75,24012,F1,65,,,,,
2026-10-05,2026-10-05,FO,NSE,IDO,44447,,NIFTY,,2026-10-13,2026-10-13,20150.00,PE,NIFTY26O1320150PE,2.35,4.00,2.35,3.20,2.95,0.15,22555.75,3.20,16575,16575,701,918280538.50,457,F1,65,,,,,
2026-10-05,2026-10-05,FO,NSE,IDO,44443,,NIFTY,,2026-10-13,2026-10-13,20050.00,PE,NIFTY26O1320050PE,2.75,3.50,2.45,3.10,2.95,3.70,22555.75,3.10,3384680,3379870,87275,113758856906.50,23551,F1,65,,,,,
2026-10-05,2026-10-05,FO,NSE,IDO,40891,,NIFTY,,2026-10-06,2026-10-06,25600.00,PE,NIFTY26O0625600PE,0.00,0.00,0.00,2443.05,2443.05,2443.05,22555.75,3040.39,130,0,0,0.00,0,F1,65,,,,,
2026-10-05,2026-10-05,FO,NSE,IDO,40876,,NIFTY,,2026-10-06,2026-10-06,25250.00,PE,NIFTY26O0625250PE,0.00,0.00,0.00,2600.00,2600.00,2600.00,22555.75,2690.45,650,0,0,0.00,0,F1,65,,,,,
2026-10-05,2026-10-05,FO,NSE,IDO,40790,,NIFTY,,2026-10-06,2026-10-06,23900.00,PE,NIFTY26O0623900PE,1419.70,1462.50,1265.00,1354.75,1347.00,1419.65,22555.75,1354.75,76960,-32825,637,1045877729.00,396,F1,65,,,,,
2026-10-05,2026-10-05,FO,NSE,IDO,40780,,NIFTY,,2026-10-06,2026-10-06,23750.00,PE,NIFTY26O0623750PE,1163.45,1287.15,1121.05,1203.20,1210.90,1277.90,22555.75,1203.20,4030,-455,15,24324764.75,9,F1,65,,,,,
2026-10-05,2026-10-05,FO,NSE,IDO,40764,,NIFTY,,2026-10-06,2026-10-06,23550.00,PE,NIFTY26O0623550PE,960.00,1108.80,916.00,995.15,1001.25,1076.55,22555.75,995.15,47450,-17485,528,842277546.50,251,F1,65,,,,,
2026-10-05,2026-10-05,FO,NSE,IDO,40750,,NIFTY,,2026-10-06,2026-10-06,23250.00,PE,NIFTY26O0623250PE,667.35,809.00,617.00,694.75,697.50,783.75,22555.75,694.75,252135,-18005,1155,1798549444.25,715,F1,65,,,,,
2026-10-05,2026-10-05,FO,NSE,IDO,40711,,NIFTY,,2026-10-06,2026-10-06,22700.00,PE,NIFTY26O0622700PE,186.55,295.10,125.25,172.95,169.40,280.10,22555.75,172.95,2193880,-441090,1481080,2203411784593.50,861507,F1,65,,,,,
2026-10-05,2026-10-05,FO,NSE,IDO,40709,,NIFTY,,2026-10-06,2026-10-06,22650.00,PE,NIFTY26O0622650PE,149.85,253.00,98.75,135.90,132.45,240.80,22555.75,135.90,1151605,449540,1820796,2698443483593.00,1066022,F1,65,,,,,
2026-10-05,2026-10-05,FO,NSE,IDO,40666,,NIFTY,,2026-10-06,2026-10-06,21950.00,PE,NIFTY26O0621950PE,10.00,10.00,1.95,2.85,2.00,16.35,22555.75,2.85,3301480,1429480,1361802,1943400296116.50,234544,F1,65,,,,,
2026-10-05,2026-10-05,FO,NSE,IDO,40662,,NIFTY,,2026-10-06,2026-10-06,21850.00,PE,NIFTY26O0621850PE,5.00,7.50,1.30,2.05,1.35,11.15,22555.75,2.05,3286790,1287650,1670310,2372617428402.00,189932,F1,65,,,,,
2026-10-05,2026-10-05,FO,NSE,IDO,40630,,NIFTY,,2026-10-06,2026-10-06,21250.00,PE,NIFTY26O0621250PE,2.40,2.40,0.50,0.75,0.65,2.80,22555.75,0.75,653380,-27365,124840,172443705460.00,12329,F1,65,,,,,
2026-10-05,2026-10-05,FO,NSE,IDO,40616,,NIFTY,,2026-10-06,2026-10-06,21000.00,PE,NIFTY26O0621000PE,1.40,1.45,0.45,0.60,0.55,2.00,22555.75,0.60,3468660,-2243670,493005,672979870829.50,42651,F1,65,,,,,
2026-10-05,2026-10-05,FO,NSE,IDO,40576,,NIFTY,,2026-10-06,2026-10-06,20450.00,PE,NIFTY26O0620450PE,1.25,1.25,0.25,0.40,0.30,1.25,22555.75,0.40,42510,28015,13488,17929403904.75,2156,F1,65,,,,,
2026-10-05,2026-10-05,FO,NSE,IDO,40572,,NIFTY,,2026-10-06,2026-10-06,20350.00,PE,NIFTY26O0620350PE,0.95,0.95,0.25,0.40,0.25,1.20,22555.75,0.40,36790,30875,10609,14033418649.25,2246,F1,65,,,,,
2026-10-05,2026-10-05,FO,NSE,IDO,74657,,NIFTY,,2031-06-24,2031-06-24,30000.00,CE,NIFTY31JUN30000CE,0.00,0.00,0.00,4459.90,0.00,4459.90,22555.75,2336.66,0,0,0,0.00,0,F1,65,,,,,
2026-10-05,2026-10-05,FO,NSE,IDO,55760,,NIFTY,,2030-12-31,2030-12-31,28500.00,CE,NIFTY30DEC28500CE,0.00,0.00,0.00,5968.30,0.00,5968.30,22555.75,2444.62,0,0,0,0.00,0,F1,65,,,,,
2026-10-05,2026-10-05,FO,NSE,IDO,55700,,NIFTY,,2030-12-31,2030-12-31,19500.00,CE,NIFTY30DEC19500CE,0.00,0.00,0.00,11601.15,0.00,11601.15,22555.75,7304.18,0,0,0,0.00,0,F1,65,,,,,
2026-10-05,2026-10-05,FO,NSE,IDO,55640,,NIFTY,,2030-06-25,2030-06-25,16500.00,CE,NIFTY30JUN16500CE,0.00,0.00,0.00,13374.05,0.00,13374.05,22555.75,9146.68,0,0,0,0.00,0,F1,65,,,,,
2026-10-05,2026-10-05,FO,NSE,IDO,53626,,NIFTY,,2027-12-28,2027-12-28,25000.00,CE,NIFTY27DEC25000CE,895.00,950.00,864.30,896.40,896.25,876.00,22555.75,896.40,269955,23725,909,1530594520.00,640,F1,65,,,,,
2026-10-05,2026-10-05,FO,NSE,IDO,55424,,NIFTY,,2027-12-28,2027-12-28,22500.00,CE,NIFTY27DEC22500CE,2299.00,2355.00,2250.00,2355.00,2355.00,2250.50,22555.75,2355.00,2340,1885,30,48365437.25,22,F1,65,,,,,
2026-10-05,2026-10-05,FO,NSE,IDO,71560,,NIFTY,,2027-06-29,2027-06-29,24000.00,CE,NIFTY27JUN24000CE,725.00,755.00,670.50,726.00,724.00,703.45,22555.75,726.00,55980,1300,371,596186327.75,311,F1,65,,,,,
2026-10-05,2026-10-05,FO,NSE,IDO,80311,,NIFTY,,2027-03-30,2027-03-30,31500.00,CE,NIFTY27MAR31500CE,0.00,0.00,0.00,15.10,15.10,15.10,22555.75,0.27,1040,0,0,0.00,0,F1,65,,,,,
2026-10-05,2026-10-05,FO,NSE,IDO,71505,,NIFTY,,2026-12-29,2026-12-29,26000.00,CE,NIFTY26DEC26000CE,27.80,27.80,24.00,24.40,24.05,25.30,22555.75,24.40,4087830,-25870,9661,16342991210.00,4385,F1,65,,,,,
2026-10-05,2026-10-05,FO,NSE,IDO,63442,,NIFTY,,2026-12-29,2026-12-29,24300.00,CE,NIFTY26DEC24300CE,111.90,123.15,98.10,111.35,113.30,111.90,22555.75,111.35,12220,6825,320,507781524.25,199,F1,65,,,,,
2026-10-05,2026-10-05,FO,NSE,IDO,62882,,NIFTY,,2026-12-29,2026-12-29,23450.00,CE,NIFTY26DEC23450CE,301.85,316.85,280.20,294.20,294.00,281.35,22555.75,294.20,9685,-325,51,78723281.00,38,F1,65,,,,,
2026-10-05,2026-10-05,FO,NSE,IDO,62700,,NIFTY,,2026-12-29,2026-12-29,23050.00,CE,NIFTY26DEC23050CE,469.55,496.85,430.00,449.30,449.05,431.65,22555.75,449.30,2730,520,30,45839826.50,24,F1,65,,,,,
2026-10-05,2026-10-05,FO,NSE,IDO,62634,,NIFTY,,2026-12-29,2026-12-29,22750.00,CE,NIFTY26DEC22750CE,614.10,648.95,570.00,610.35,610.35,587.00,22555.75,610.35,5330,4160,104,157954995.25,45,F1,65,,,,,
2026-10-05,2026-10-05,FO,NSE,IDO,62614,,NIFTY,,2026-12-29,2026-12-29,22700.00,CE,NIFTY26DEC22700CE,659.95,692.00,596.60,632.00,636.00,611.10,22555.75,632.00,14495,1300,187,283731535.75,144,F1,65,,,,,
2026-10-05,2026-10-05,FO,NSE,IDO,62535,,NIFTY,,2026-12-29,2026-12-29,22150.00,CE,NIFTY26DEC22150CE,0.00,0.00,0.00,865.35,865.35,865.35,22555.75,976.14,1105,0,0,0.00,0,F1,65,,,,,
2026-10-05,2026-10-05,FO,NSE,IDO,62453,,NIFTY,,2026-12-29,2026-12-29,21650.00,CE,NIFTY26DEC21650CE,1355.45,1391.80,1355.45,1362.15,1362.15,1408.00,22555.75,1338.61,2275,585,9,13466583.00,3,F1,65,,,,,
2026-10-05,2026-10-05,FO,NSE,IDO,62391,,NIFTY,,2026-12-29,2026-12-29,21200.00,CE,NIFTY26DEC21200CE,0.00,0.00,0.00,1955.80,0.00,1955.80,22555.75,1708.81,0,0,0,0.00,0,F1,65,,,,,
2026-10-05,2026-10-05,FO,NSE,IDO,62320,,NIFTY,,2026-12-29,2026-12-29,20900.00,CE,NIFTY26DEC20900CE,0.00,0.00,0.00,2211.65,0.00,2211.65,22555.75,1973.41,0,0,0,0.00,0,F1,65,,,,,
2026-10-05,2026-10-05,FO,NSE,IDO,62258,,NIFTY,,2026-12-29,2026-12-29,20600.00,CE,NIFTY26DEC20600CE,0.00,0.00,0.00,2477.90,0.00,2477.90,22555.75,2248.56,0,0,0,0.00,0,F1,65,,,,,
2026-10-05,2026-10-05,FO,NSE,IDO,64445,,NIFTY,,2026-11-23,2026-11-23,25150.00,CE,NIFTY26NOV25150CE,17.10,24.90,17.10,18.50,18.50,17.15,22555.75,7.72,1105,65,9,14725542.00,5,F1,65,,,,,
2026-10-05,2026-10-05,FO,NSE,IDO,64411,,NIFTY,,2026-11-23,2026-11-23,24350.00,CE,NIFTY26NOV24350CE,44.85,46.75,37.65,42.50,42.50,44.85,22555.75,42.50,14170,520,70,110990317.75,27,F1,65,,,,,
2026-10-05,2026-10-05,FO,NSE,IDO,64164,,NIFTY,,2026-11-23,2026-11-23,20850.00,CE,NIFTY26NOV20850CE,0.00,0.00,0.00,3805.95,0.00,3805.95,22555.75,1875.32,0,0,0,0.00,0,F1,65,,,,,
2026-10-05,2026-10-05,FO,NSE,IDO,64151,,NIFTY,,2026-11-23,2026-11-23,20700.00,CE,NIFTY26NOV20700CE,0.00,0.00,0.00,3951.10,0.00,3951.10,22555.75,2019.07,0,0,0,0.00,0,F1,65,,,,,
2026-10-05,2026-10-05,FO,NSE,IDO,64144,,NIFTY,,2026-11-23,2026-11-23,20600.00,CE,NIFTY26NOV20600CE,0.00,0.00,0.00,4048.20,0.00,4048.20,22555.75,2115.75,0,0,0,0.00,0,F1,65,,,,,
2026-10-05,2026-10-05,FO,NSE,IDO,64138,,NIFTY,,2026-11-23,2026-11-23,20450.00,CE,NIFTY26NOV20450CE,0.00,0.00,0.00,4194.15,0.00,4194.15,22555.75,2261.75,0,0,0,0.00,0,F1,65,,,,,
2026-10-05,2026-10-05,FO,NSE,IDO,54284,,NIFTY,,2026-11-03,2026-11-03,24950.00,CE,NIFTY26N0324950CE,9.00,10.85,9.00,10.00,10.00,9.00,22555.75,1.38,1365,780,17,27580094.75,9,F1,65,,,,,
2026-10-05,2026-10-05,FO,NSE,IDO,54126,,NIFTY,,2026-11-03,2026-11-03,24350.00,CE,NIFTY26N0324350CE,29.60,29.60,16.50,16.50,16.50,15.15,22555.75,8.95,975,130,4,6336993.00,3,F1,65,,,,,
2026-10-05,2026-10-05,FO,NSE,IDO,54122,,NIFTY,,2026-11-03,2026-11-03,24250.00,CE,NIFTY26N0324250CE,0.00,0.00,0.00,214.40,0.00,214.40,22555.75,11.85,0,0,0,0.00,0,F1,65,,,,,
2026-10-05,2026-10-05,FO,NSE,IDO,53942,,NIFTY,,2026-11-03,2026-11-03,23350.00,CE,NIFTY26N0323350CE,114.45,114.50,92.00,99.85,99.00,89.70,22555.75,99.85,2600,650,61,92991262.00,59,F1,65,,,,,
2026-10-05,2026-10-05,FO,NSE,IDO,53836,,NIFTY,,2026-11-03,2026-11-03,22900.00,CE,NIFTY26N0322900CE,248.20,269.85,211.40,234.80,234.60,213.80,22555.75,234.80,5265,585,170,255675390.75,118,F1,65,,,,,
2026-10-05,2026-10-05,FO,NSE,IDO,53342,,NIFTY,,2026-11-03,2026-11-03,20650.00,CE,NIFTY26N0320650CE,0.00,0.00,0.00,2822.75,0.00,2822.75,22555.75,1997.52,0,0,0,0.00,0,F1,65,,,,,
2026-10-05,2026-10-05,FO,NSE,IDO,51448,,NIFTY,,2026-10-27,2026-10-27,25200.00,CE,NIFTY26OCT25200CE,4.20,4.20,3.20,3.75,3.70,4.45,22555.75,3.75,168415,-11180,682,1117282575.50,476,F1,65,,,,,
2026-10-05,2026-10-05,FO,NSE,IDO,51434,,NIFTY,,2026-10-27,2026-10-27,24900.00,CE,NIFTY26OCT24900CE,6.00,6.70,4.70,5.35,5.40,6.05,22555.75,5.35,191295,-5070,720,1165561699.25,545,F1,65,,,,,
2026-10-05,2026-10-05,FO,NSE,IDO,51424,,NIFTY,,2026-10-27,2026-10-27,24650.00,CE,NIFTY26OCT24650CE,7.20,7.40,5.90,7.15,7.40,7.95,22555.75,7.15,32825,325,154,246815582.00,104,F1,65,,,,,
2026-10-05,2026-10-05,FO,NSE,IDO,51364,,NIFTY,,2026-10-27,2026-10-27,23300.00,CE,NIFTY26OCT23300CE,75.00,85.80,60.95,70.65,68.60,67.75,22555.75,70.65,3372785,-82225,40275,61186942241.75,25419,F1,65,,,,,
2026-10-05,2026-10-05,FO,NSE,IDO,51356,,NIFTY,,2026-10-27,2026-10-27,23100.00,CE,NIFTY26OCT23100CE,109.45,140.30,98.80,115.15,111.70,106.85,22555.75,115.15,1435850,50245,23382,35288588117.25,16805,F1,65,,,,,
2026-10-05,2026-10-05,FO,NSE,IDO,51326,,NIFTY,,2026-10-27,2026-10-27,22400.00,CE,NIFTY26OCT22400CE,449.20,520.75,389.00,445.50,447.20,403.90,22555.75,445.50,711880,-23335,24460,36329932567.50,17606,F1,65,,,,,
2026-10-05,2026-10-05,FO,NSE,IDO,51310,,NIFTY,,2026-10-27,2026-10-27,22050.00,CE,NIFTY26OCT22050CE,729.90,741.55,624.85,701.80,707.00,640.65,22555.75,701.80,8840,-130,30,44374690.75,30,F1,65,,,,,
2026-10-05,2026-10-05,FO,NSE,IDO,51306,,NIFTY,,2026-10-27,2026-10-27,21950.00,CE,NIFTY26OCT21950CE,805.25,814.45,725.75,799.40,799.40,722.75,22555.75,746.20,7735,65,33,48735534.25,33,F1,65,,,,,
2026-10-05,2026-10-05,FO,NSE,IDO,51304,,NIFTY,,2026-10-27,2026-10-27,21900.00,CE,NIFTY26OCT21900CE,847.05,912.75,752.00,823.05,823.05,756.50,22555.75,823.05,57460,35555,1457,2155698041.25,1375,F1,65,,,,,
2026-10-05,2026-10-05,FO,NSE,IDO,51256,,NIFTY,,2026-10-27,2026-10-27,20900.00,CE,NIFTY26OCT20900CE,0.00,0.00,0.00,1700.05,1700.05,1700.05,22555.75,1726.61,390,0,0,0.00,0,F1,65,,,,,
2026-10-05,2026-10-05,FO,NSE,IDO,51247,,NIFTY,,2026-10-27,2026-10-27,20800.00,CE,NIFTY26OCT20800CE,0.00,0.00,0.00,1610.00,1610.00,1610.00,22555.75,1825.65,65,0,0,0.00,0,F1,65,,,,,
2026-10-05,2026-10-05,FO,NSE,IDO,51214,,NIFTY,,2026-10-27,2026-10-27,20100.00,CE,NIFTY26OCT20100CE,2480.00,2521.85,2480.00,2507.85,2507.85,4194.10,22555.75,2507.85,780,780,12,17626924.25,9,F1,65,,,,,
2026-10-05,2026-10-05,FO,NSE,IDO,47447,,NIFTY,,2026-10-19,2026-10-19,25150.00,CE,NIFTY26O1925150CE,2.60,2.60,1.80,1.90,1.90,2.50,22555.75,0.01,1235,195,21,34332402.00,6,F1,65,,,,,
2026-10-05,2026-10-05,FO,NSE,IDO,47410,,NIFTY,,2026-10-19,2026-10-19,24850.00,CE,NIFTY26O1924850CE,3.45,3.45,2.25,2.65,2.80,4.50,22555.75,2.65,2145,130,47,75925775.25,21,F1,65,,,,,
2026-10-05,2026-10-05,FO,NSE,IDO,47390,,NIFTY,,2026-10-19,2026-10-19,24650.00,CE,NIFTY26O1924650CE,0.00,0.00,0.00,7.00,7.00,7.00,22555.75,0.07,845,0,0,0.00,0,F1,65,,,,,
2026-10-05,2026-10-05,FO,NSE,IDO,47342,,NIFTY,,2026-10-19,2026-10-19,24500.00,CE,NIFTY26O1924500CE,4.85,4.85,2.50,2.65,2.50,4.55,22555.75,2.65,90220,24635,1493,2377900128.50,452,F1,65,,,,,
2026-10-05,2026-10-05,FO,NSE,IDO,47239,,NIFTY,,2026-10-19,2026-10-19,24350.00,CE,NIFTY26O1924350CE,3.75,4.65,3.05,4.65,4.65,7.50,22555.75,0.37,585,-1755,54,85482754.50,27,F1,65,,,,,
2026-10-05,2026-10-05,FO,NSE,IDO,47210,,NIFTY,,2026-10-19,2026-10-19,23900.00,CE,NIFTY26O1923900CE,9.45,10.45,6.20,7.65,7.15,9.95,22555.75,7.65,90805,6630,974,1513649221.50,533,F1,65,,,,,
2026-10-05,2026-10-05,FO,NSE,IDO,47171,,NIFTY,,2026-10-19,2026-10-19,23200.00,CE,NIFTY26O1923200CE,61.90,65.90,43.80,48.90,47.95,52.90,22555.75,48.90,244205,92820,9074,13715034300.50,5858,F1,65,,,,,
2026-10-05,2026-10-05,FO,NSE,IDO,47131,,NIFTY,,2026-10-19,2026-10-19,22450.00,CE,NIFTY26O1922450CE,355.00,409.85,294.00,338.75,338.20,307.70,22555.75,338.75,32240,25285,1648,2440995319.75,1024,F1,65,,,,,
2026-10-05,2026-10-05,FO,NSE,IDO,47129,,NIFTY,,2026-10-19,2026-10-19,22400.00,CE,NIFTY26O1922400CE,359.70,442.10,320.55,369.35,368.55,333.65,22555.75,369.35,25285,5135,1238,1832698855.00,1020,F1,65,,,,,
2026-10-05,2026-10-05,FO,NSE,IDO,47108,,NIFTY,,2026-10-19,2026-10-19,21900.00,CE,NIFTY26O1921900CE,700.85,752.80,700.85,741.40,741.40,718.80,22555.75,733.18,455,260,5,7356943.75,4,F1,65,,,,,
2026-10-05,2026-10-05,FO,NSE,IDO,47031,,NIFTY,,2026-10-19,2026-10-19,20100.00,CE,NIFTY26O1920100CE,0.00,0.00,0.00,3128.80,0.00,3128.80,22555.75,2498.11,0,0,0,0.00,0,F1,65,,,,,
2026-10-05,2026-10-05,FO,NSE,IDO,44776,,NIFTY,,2026-10-13,2026-10-13,24950.00,CE,NIFTY26O1324950CE,1.15,1.15,0.90,0.90,0.90,1.15,22555.75,0.90,27885,-130,166,269221056.00,96,F1,65,,,,,
2026-10-05,2026-10-05,FO,NSE,IDO,44766,,NIFTY,,2026-10-13,2026-10-13,24800.00,CE,NIFTY26O1324800CE,1.50,1.65,0.90,1.00,1.05,1.50,22555.75,1.00,84565,10985,3437,5540690054.25,1606,F1,65,,,,,
2026-10-05,2026-10-05,FO,NSE,IDO,44764,,NIFTY,,2026-10-13,2026-10-13,24750.00,CE,NIFTY26O1324750CE,1.15,1.15,0.90,1.10,1.10,1.60,22555.75,1.10,4095,-65,146,234887666.00,49,F1,65,,,,,
2026-10-05,2026-10-05,FO,NSE,IDO,44636,,NIFTY,,2026-10-13,2026-10-13,23050.00,CE,NIFTY26O1323050CE,46.00,52.00,29.50,35.55,33.50,39.55,22555.75,35.55,360490,166335,37666,56529869106.75,24080,F1,65,,,,,
2026-10-05,2026-10-05,FO,NSE,IDO,44630,,NIFTY,,2026-10-13,2026-10-13,22950.00,CE,NIFTY26O1322950CE,64.95,78.40,43.50,52.85,51.40,55.50,22555.75,52.85,451555,224640,39481,59046673159.50,28124,F1,65,,,,,
2026-10-05,2026-10-05,FO,NSE,IDO,44626,,NIFTY,,2026-10-13,2026-10-13,22850.00,CE,NIFTY26O1322850CE,78.55,114.30,63.95,78.60,77.00,76.50,22555.75,78.60,796445,471575,61390,91526870656.00,38214,F1,65,,,,,
2026-10-05,2026-10-05,FO,NSE,IDO,44624,,NIFTY,,2026-10-13,2026-10-13,22800.00,CE,NIFTY26O1322800CE,119.90,134.55,75.65,92.90,91.45,89.50,22555.75,92.90,2212990,65780,187359,278921145051.25,99453,F1,65,,,,,
2026-10-05,2026-10-05,FO,NSE,IDO,44592,,NIFTY,,2026-10-13,2026-10-13,22200.00,CE,NIFTY26O1322200CE,472.40,543.85,382.00,445.65,447.15,402.45,22555.75,445.65,271245,140920,9863,14530007761.75,6948,F1,65,,,,,
2026-10-05,2026-10-05,FO,NSE,IDO,44570,,NIFTY,,2026-10-13,2026-10-13,21950.00,CE,NIFTY26O1321950CE,694.80,718.25,616.80,662.00,661.95,566.40,22555.75,662.00,650,-260,18,26484815.50,18,F1,65,,,,,
2026-10-05,2026-10-05,FO,NSE,IDO,44566,,NIFTY,,2026-10-13,2026-10-13,21850.00,CE,NIFTY26O1321850CE,0.00,0.00,0.00,641.25,641.25,641.25,22555.75,740.45,65,0,0,0.00,0,F1,65,,,,,
2026-10-05,2026-10-05,FO,NSE,IDO,44534,,NIFTY,,2026-10-13,2026-10-13,21500.00,CE,NIFTY26O1321500CE,1145.00,1191.95,992.25,1082.55,1080.25,1002.80,22555.75,1082.55,34905,30485,690,1012982373.00,599,F1,65,,,,,
2026-10-05,2026-10-05,FO,NSE,IDO,44514,,NIFTY,,2026-10-13,2026-10-13,21050.00,CE,NIFTY26O1321050CE,0.00,0.00,0.00,2704.75,0.00,2704.75,22555.75,1531.13,0,0,0,0.00,0,F1,65,,,,,
2026-10-05,2026-10-05,FO,NSE,IDO,44496,,NIFTY,,2026-10-13,2026-10-13,20800.00,CE,NIFTY26O1320800CE,0.00,0.00,0.00,2952.00,0.00,2952.00,22555.75,1780.81,0,0,0,0.00,0,F1,65,,,,,
2026-10-05,2026-10-05,FO,NSE,IDO,40675,,NIFTY,,2026-10-06,2026-10-06,22200.00,CE,NIFTY26O0622200CE,365.05,448.30,259.30,362.30,359.95,305.35,22555.75,362.30,560300,-280735,117195,171722525120.25,65479,F1,65,,,,,
2026-10-05,2026-10-05,FO,NSE,IDO,40645,,NIFTY,,2026-10-06,2026-10-06,21500.00,CE,NIFTY26O0621500CE,1009.75,1132.40,936.90,1052.60,1052.25,960.40,22555.75,1052.60,17485,-2340,500,732171947.00,261,F1,65,,,,,
2026-10-05,2026-10-05,FO,NSE,IDO,40573,,NIFTY,,2026-10-06,2026-10-06,20400.00,CE,NIFTY26O0620400CE,0.00,0.00,0.00,3773.70,0.00,3773.70,22555.75,2158.82,0,0,0,0.00,0,F1,65,,,,,
2026-10-05,2026-10-05,FO,NSE,IDO,40565,,NIFTY,,2026-10-06,2026-10-06,20200.00,CE,NIFTY26O0620200CE,0.00,0.00,0.00,3972.50,0.00,3972.50,22555.75,2358.79,0,0,0,0.00,0,F1,65,,,,,
2026-10-05,2026-10-05,FO,NSE,IDO,40563,,NIFTY,,2026-10-06,2026-10-06,20150.00,CE,NIFTY26O0620150CE,0.00,0.00,0.00,4022.20,0.00,4022.20,22555.75,2408.79,0,0,0,0.00,0,F1,65,,,,,
2026-10-05,2026-10-05,FO,NSE,IDF,58875,,NIFTY,,2026-12-29,2026-12-29,,,NIFTY26DECFUT,22725.10,22964.10,22725.10,22845.80,22843.80,22779.30,22555.75,22845.80,231270,29380,1874,2785007563.00,1584,F1,65,,,,,
2026-10-05,2026-10-05,FO,NSE,IDO,55763,,NIFTY,,2030-12-31,2030-12-31,30000.00,PE,NIFTY30DEC30000PE,0.00,0.00,0.00,1450.10,0.00,1450.10,22555.75,3162.91,0,0,0,0.00,0,F1,65,,,,,
2026-10-05,2026-10-05,FO,NSE,IDO,55701,,NIFTY,,2030-12-31,2030-12-31,19500.00,PE,NIFTY30DEC19500PE,0.00,0.00,0.00,67.40,0.00,67.40,22555.75,191.40,0,0,0,0.00,0,F1,65,,,,,
2026-10-05,2026-10-05,FO,NSE,IDO,60945,,NIFTY,,2030-06-25,2030-06-25,33000.00,PE,NIFTY30JUN33000PE,0.00,0.00,0.00,3143.90,0.00,3143.90,22555.75,5251.09,0,0,0,0.00,0,F1,65,,,,,
2026-10-05,2026-10-05,FO,NSE,IDO,55647,,NIFTY,,2030-06-25,2030-06-25,25500.00,PE,NIFTY30JUN25500PE,0.00,0.00,0.00,568.55,0.00,568.55,22555.75,1429.97,0,0,0,0.00,0,F1,65,,,,,
2026-10-05,2026-10-05,FO,NSE,IDO,51286,,NIFTY,,2026-10-27,2026-10-27,21500.00,CE,NIFTY26OCT21500CE,1199.95,1275.05,1075.15,1169.50,1166.25,1095.70,22555.75,1169.50,489970,-4355,1027,1514164817.75,694,F1,65,,,,,
2026-10-05,2026-10-05,FO,NSE,IDO,40561,,NIFTY,,2026-10-06,2026-10-06,20100.00,CE,NIFTY26O0620100CE,0.00,0.00,0.00,4071.90,0.00,4071.90,22555.75,2458.78,0,0,0,0.00,0,F1,65,,,,,
2026-10-05,2026-10-05,FO,NSE,IDO,40583,,NIFTY,,2026-10-06,2026-10-06,20550.00,CE,NIFTY26O0620550CE,0.00,0.00,0.00,3624.65,0.00,3624.65,22555.75,2008.85,0,0,0,0.00,0,F1,65,,,,,
2026-10-05,2026-10-05,FO,NSE,IDO,40611,,NIFTY,,2026-10-06,2026-10-06,20900.00,CE,NIFTY26O0620900CE,0.00,0.00,0.00,3277.05,0.00,3277.05,22555.75,1658.90,0,0,0,0.00,0,F1,65,,,,,
2026-10-05,2026-10-05,FO,NSE,IDO,40652,,NIFTY,,2026-10-06,2026-10-06,21650.00,CE,NIFTY26O0621650CE,950.00,985.00,785.40,898.90,902.25,821.45,22555.75,898.90,14300,2795,85,124457248.50,45,F1,65,,,,,
2026-10-05,2026-10-05,FO,NSE,IDO,40682,,NIFTY,,2026-10-06,2026-10-06,22350.00,CE,NIFTY26O0622350CE,215.50,309.60,147.55,226.25,221.35,194.70,22555.75,226.25,593775,-487500,455887,668435648110.75,292406,F1,65,,,,,
2026-10-05,2026-10-05,FO,NSE,IDO,40699,,NIFTY,,2026-10-06,2026-10-06,22550.00,CE,NIFTY26O0622550CE,124.00,148.00,50.85,82.60,79.50,85.45,22555.75,82.60,6475170,2116985,8367424,12313933347963.00,3786267,F1,65,,,,,
2026-10-05,2026-10-05,FO,NSE,IDO,44488,,NIFTY,,2026-10-13,2026-10-13,20750.00,CE,NIFTY26O1320750CE,0.00,0.00,0.00,3001.55,0.00,3001.55,22555.75,1830.75,0,0,0,0.00,0,F1,65,,,,,
2026-10-05,2026-10-05,FO,NSE,IDO,44522,,NIFTY,,2026-10-13,2026-10-13,21200.00,CE,NIFTY26O1321200CE,0.00,0.00,0.00,2556.95,0.00,2556.95,22555.75,1381.36,0,0,0,0.00,0,F1,65,,,,,
2026-10-05,2026-10-05,FO,NSE,IDO,44562,,NIFTY,,2026-10-13,2026-10-13,21750.00,CE,NIFTY26O1321750CE,859.45,859.45,859.45,859.45,859.45,726.80,22555.75,836.60,65,65,1,1469614.25,1,F1,65,,,,,
2026-10-05,2026-10-05,FO,NSE,IDO,44586,,NIFTY,,2026-10-13,2026-10-13,22150.00,CE,NIFTY26O1322150CE,524.45,579.50,419.75,484.15,481.75,442.15,22555.75,484.15,16965,9360,606,891502566.50,437,F1,65,,,,,
2026-10-05,2026-10-05,FO,NSE,IDO,44602,,NIFTY,,2026-10-13,2026-10-13,22400.00,CE,NIFTY26O1322400CE,299.95,379.25,248.00,296.90,295.35,266.85,22555.75,296.90,694980,189800,47231,69710608730.75,31515,F1,65,,,,,
2026-10-05,2026-10-05,FO,NSE,IDO,44660,,NIFTY,,2026-10-13,2026-10-13,23400.00,CE,NIFTY26O1323400CE,19.00,19.00,8.10,9.35,8.60,12.95,22555.75,9.35,1239095,361140,75048,114197820581.00,33544,F1,65,,,,,
2026-10-05,2026-10-05,FO,NSE,IDO,44728,,NIFTY,,2026-10-13,2026-10-13,24200.00,CE,NIFTY26O1324200CE,2.35,2.75,1.10,1.15,1.15,2.30,22555.75,1.15,1920750,1013415,48839,76827742400.50,20105,F1,65,,,,,
2026-10-05,2026-10-05,FO,NSE,IDO,47121,,NIFTY,,2026-10-19,2026-10-19,22200.00,CE,NIFTY26O1922200CE,510.00,593.05,450.00,513.90,513.00,468.30,22555.75,513.90,9035,3185,387,571359226.75,295,F1,65,,,,,
2026-10-05,2026-10-05,FO,NSE,IDO,47189,,NIFTY,,2026-10-19,2026-10-19,23650.00,CE,NIFTY26O1923650CE,26.35,26.35,11.15,14.45,14.10,16.00,22555.75,14.45,15015,715,377,579919645.50,165,F1,65,,,,,
2026-10-05,2026-10-05,FO,NSE,IDO,47204,,NIFTY,,2026-10-19,2026-10-19,23750.00,CE,NIFTY26O1923750CE,13.95,13.95,11.35,12.30,11.60,17.15,22555.75,12.30,4355,715,21,32436043.25,13,F1,65,,,,,
2026-10-05,2026-10-05,FO,NSE,IDO,47213,,NIFTY,,2026-10-19,2026-10-19,23950.00,CE,NIFTY26O1923950CE,0.00,0.00,0.00,186.00,186.00,186.00,22555.75,2.73,65,0,0,0.00,0,F1,65,,,,,
2026-10-05,2026-10-05,FO,NSE,IDO,47313,,NIFTY,,2026-10-19,2026-10-19,24450.00,CE,NIFTY26O1924450CE,3.55,4.00,2.75,3.75,3.75,6.25,22555.75,0.22,1365,-910,25,39736921.25,22,F1,65,,,,,
2026-10-05,2026-10-05,FO,NSE,IDO,47408,,NIFTY,,2026-10-19,2026-10-19,24800.00,CE,NIFTY26O1924800CE,3.25,6.50,2.15,3.60,2.35,4.20,22555.75,3.60,23140,21385,602,970561744.75,215,F1,65,,,,,
2026-10-05,2026-10-05,FO,NSE,IDO,51296,,NIFTY,,2026-10-27,2026-10-27,21750.00,CE,NIFTY26OCT21750CE,0.00,0.00,0.00,904.10,899.05,904.10,22555.75,916.63,130,0,0,0.00,0,F1,65,,,,,
2026-10-05,2026-10-05,FO,NSE,IDO,51440,,NIFTY,,2026-10-27,2026-10-27,25000.00,CE,NIFTY26OCT25000CE,5.55,6.20,4.30,4.75,4.40,5.55,22555.75,4.75,3058575,7865,15357,24959937457.00,5929,F1,65,,,,,
2026-10-05,2026-10-05,FO,NSE,IDO,51450,,NIFTY,,2026-10-27,2026-10-27,25250.00,CE,NIFTY26OCT25250CE,4.00,4.00,3.85,3.85,3.85,5.10,22555.75,3.85,4095,260,33,54169573.25,17,F1,65,,,,,
2026-10-05,2026-10-05,FO,NSE,IDO,51486,,NIFTY,,2026-10-27,2026-10-27,25900.00,CE,NIFTY26OCT25900CE,2.35,2.35,1.50,1.90,1.65,2.35,22555.75,1.90,19305,-1300,288,484883109.75,232,F1,65,,,,,
2026-10-05,2026-10-05,FO,NSE,IDO,53326,,NIFTY,,2026-11-03,2026-11-03,20350.00,CE,NIFTY26N0320350CE,0.00,0.00,0.00,3118.95,0.00,3118.95,22555.75,2294.97,0,0,0,0.00,0,F1,65,,,,,
2026-10-05,2026-10-05,FO,NSE,IDO,53330,,NIFTY,,2026-11-03,2026-11-03,20450.00,CE,NIFTY26N0320450CE,0.00,0.00,0.00,3020.05,0.00,3020.05,22555.75,2195.67,0,0,0,0.00,0,F1,65,,,,,
2026-10-05,2026-10-05,FO,NSE,IDO,53636,,NIFTY,,2026-11-03,2026-11-03,22200.00,CE,NIFTY26N0322200CE,634.20,691.00,578.05,636.90,633.55,582.55,22555.75,636.90,1820,455,162,240445400.00,94,F1,65,,,,,
2026-10-05,2026-10-05,FO,NSE,IDO,53782,,NIFTY,,2026-11-03,2026-11-03,22700.00,CE,NIFTY26N0322700CE,320.00,379.45,292.80,323.05,324.35,300.55,22555.75,323.05,11570,1365,202,302462689.75,149,F1,65,,,,,
2026-10-05,2026-10-05,FO,NSE,IDO,54100,,NIFTY,,2026-11-03,2026-11-03,23750.00,CE,NIFTY26N0323750CE,0.00,0.00,0.00,380.65,0.00,380.65,22555.75,42.55,0,0,0,0.00,0,F1,65,,,,,
2026-10-05,2026-10-05,FO,NSE,IDO,64168,,NIFTY,,2026-11-23,2026-11-23,20950.00,CE,NIFTY26NOV20950CE,0.00,0.00,0.00,3709.55,0.00,3709.55,22555.75,1780.52,0,0,0,0.00,0,F1,65,,,,,
2026-10-05,2026-10-05,FO,NSE,IDO,64178,,NIFTY,,2026-11-23,2026-11-23,21050.00,CE,NIFTY26NOV21050CE,0.00,0.00,0.00,3613.45,0.00,3613.45,22555.75,1686.73,0,0,0,0.00,0,F1,65,,,,,
2026-10-05,2026-10-05,FO,NSE,IDO,64206,,NIFTY,,2026-11-23,2026-11-23,21450.00,CE,NIFTY26NOV21450CE,0.00,0.00,0.00,3232.90,0.00,3232.90,22555.75,1325.06,0,0,0,0.00,0,F1,65,,,,,
2026-10-05,2026-10-05,FO,NSE,IDO,64218,,NIFTY,,2026-11-23,2026-11-23,21650.00,CE,NIFTY26NOV21650CE,0.00,0.00,0.00,3045.65,0.00,3045.65,22555.75,1155.04,0,0,0,0.00,0,F1,65,,,,,
2026-10-05,2026-10-05,FO,NSE,IDO,64234,,NIFTY,,2026-11-23,2026-11-23,21900.00,CE,NIFTY26NOV21900CE,1055.00,1055.00,972.15,976.60,976.60,834.00,22555.75,976.60,195,65,3,4465743.75,3,F1,65,,,,,
2026-10-05,2026-10-05,FO,NSE,IDO,64291,,NIFTY,,2026-11-23,2026-11-23,22700.00,CE,NIFTY26NOV22700CE,460.00,502.70,409.95,450.40,450.65,424.80,22555.75,450.40,80210,15275,1353,2036735379.25,1094,F1,65,,,,,
2026-10-05,2026-10-05,FO,NSE,IDO,64325,,NIFTY,,2026-11-23,2026-11-23,22900.00,CE,NIFTY26NOV22900CE,356.50,396.80,319.70,354.15,352.45,329.20,22555.75,354.15,71240,3250,695,1050743554.25,547,F1,65,,,,,
2026-10-05,2026-10-05,FO,NSE,IDO,64381,,NIFTY,,2026-11-23,2026-11-23,23700.00,CE,NIFTY26NOV23700CE,112.75,121.75,96.25,109.65,107.35,106.55,22555.75,109.65,186290,40885,2314,3581279789.75,1485,F1,65,,,,,
2026-10-05,2026-10-05,FO,NSE,IDO,64399,,NIFTY,,2026-11-23,2026-11-23,24050.00,CE,NIFTY26NOV24050CE,66.00,75.25,59.55,65.40,64.85,68.55,22555.75,65.40,30550,16965,487,763365960.50,385,F1,65,,,,,
2026-10-05,2026-10-05,FO,NSE,IDO,64423,,NIFTY,,2026-11-23,2026-11-23,24650.00,CE,NIFTY26NOV24650CE,28.65,30.00,28.65,30.00,30.00,35.90,22555.75,30.00,4030,195,26,41708176.25,9,F1,65,,,,,
2026-10-05,2026-10-05,FO,NSE,IDO,64489,,NIFTY,,2026-11-23,2026-11-23,25800.00,CE,NIFTY26NOV25800CE,10.00,10.00,10.00,10.00,10.00,9.20,22555.75,1.64,1690,130,2,3355300.00,1,F1,65,,,,,
2026-10-05,2026-10-05,FO,NSE,IDO,64491,,NIFTY,,2026-11-23,2026-11-23,25850.00,CE,NIFTY26NOV25850CE,8.90,10.00,8.15,10.00,10.00,8.90,22555.75,10.00,845,0,6,10084932.00,4,F1,65,,,,,
2026-10-05,2026-10-05,FO,NSE,IDO,64495,,NIFTY,,2026-11-23,2026-11-23,25950.00,CE,NIFTY26NOV25950CE,0.00,0.00,0.00,9.40,9.40,9.40,22555.75,1.12,1625,0,0,0.00,0,F1,65,,,,,
2026-10-05,2026-10-05,FO,NSE,IDO,62443,,NIFTY,,2026-12-29,2026-12-29,21500.00,CE,NIFTY26DEC21500CE,1470.00,1540.80,1424.95,1489.80,1492.00,1427.00,22555.75,1489.80,18850,6240,139,207702719.25,96,F1,65,,,,,
2026-10-05,2026-10-05,FO,NSE,IDO,62449,,NIFTY,,2026-12-29,2026-12-29,21550.00,CE,NIFTY26DEC21550CE,1478.35,1488.15,1408.25,1488.15,1488.15,1495.35,22555.75,1417.65,2730,1690,27,40376602.50,10,F1,65,,,,,
2026-10-05,2026-10-05,FO,NSE,IDO,62493,,NIFTY,,2026-12-29,2026-12-29,21850.00,CE,NIFTY26DEC21850CE,1236.50,1236.50,1236.50,1236.50,1236.50,1160.05,22555.75,1186.76,975,195,3,4501867.50,1,F1,65,,,,,
2026-10-05,2026-10-05,FO,NSE,IDO,62547,,NIFTY,,2026-12-29,2026-12-29,22250.00,CE,NIFTY26DEC22250CE,955.00,955.00,955.00,955.00,955.00,884.90,22555.75,910.84,1430,195,20,30166500.00,3,F1,65,,,,,
2026-10-05,2026-10-05,FO,NSE,IDO,62576,,NIFTY,,2026-12-29,2026-12-29,22600.00,CE,NIFTY26DEC22600CE,725.95,758.65,650.00,694.40,697.35,664.25,22555.75,694.40,15795,3250,244,369734062.75,181,F1,65,,,,,
2026-10-05,2026-10-05,FO,NSE,IDO,62654,,NIFTY,,2026-12-29,2026-12-29,22800.00,CE,NIFTY26DEC22800CE,598.80,634.65,543.30,578.55,580.00,554.10,22555.75,578.55,22750,6955,314,477222742.75,264,F1,65,,,,,
2026-10-05,2026-10-05,FO,NSE,IDO,37806,,NIFTY,,2026-12-29,2026-12-29,23000.00,CE,NIFTY26DEC23000CE,477.65,529.15,445.20,477.40,478.70,454.80,22555.75,477.40,1614090,76310,11617,17734532959.00,7431,F1,65,,,,,
2026-10-05,2026-10-05,FO,NSE,IDO,62723,,NIFTY,,2026-12-29,2026-12-29,23150.00,CE,NIFTY26DEC23150CE,420.45,430.45,383.95,403.55,403.55,391.85,22555.75,442.35,5265,65,53,81166198.75,44,F1,65,,,,,
2026-10-05,2026-10-05,FO,NSE,IDO,62733,,NIFTY,,2026-12-29,2026-12-29,23250.00,CE,NIFTY26DEC23250CE,385.85,408.65,347.80,371.45,371.45,352.00,22555.75,403.56,9100,1300,170,261174410.25,103,F1,65,,,,,
2026-10-05,2026-10-05,FO,NSE,IDO,62804,,NIFTY,,2026-12-29,2026-12-29,23300.00,CE,NIFTY26DEC23300CE,366.40,388.00,328.80,347.90,347.20,335.55,22555.75,347.90,22815,975,250,384491555.50,178,F1,65,,,,,
2026-10-05,2026-10-05,FO,NSE,IDO,71501,,NIFTY,,2026-12-29,2026-12-29,24000.00,CE,NIFTY26DEC24000CE,156.40,176.70,148.75,156.05,156.30,156.35,22555.75,156.05,3046165,-264940,25958,40772181193.25,13975,F1,65,,,,,
2026-10-05,2026-10-05,FO,NSE,IDO,62970,,NIFTY,,2026-12-29,2026-12-29,24050.00,CE,NIFTY26DEC24050CE,162.00,164.65,140.10,144.05,144.70,146.85,22555.75,144.05,111670,104000,2057,3236728381.25,833,F1,65,,,,,
2026-10-05,2026-10-05,FO,NSE,IDO,71503,,NIFTY,,2026-12-29,2026-12-29,25000.00,CE,NIFTY26DEC25000CE,67.00,67.00,50.00,52.50,52.00,54.20,22555.75,52.50,4359035,144800,21396,34846318269.75,12913,F1,65,,,,,
2026-10-05,2026-10-05,FO,NSE,IDO,47190,,NIFTY,,2026-12-29,2026-12-29,33000.00,CE,NIFTY26DEC33000CE,3.10,4.40,2.55,3.80,3.20,3.20,22555.75,3.80,103870,-195,88,188777845.75,23,F1,65,,,,,
2026-10-05,2026-10-05,FO,NSE,IDO,64330,,NIFTY,,2027-09-28,2027-09-28,18000.00,CE,NIFTY27SEP18000CE,0.00,0.00,0.00,5788.30,0.00,5788.30,22555.75,5516.46,0,0,0,0.00,0,F1,65,,,,,
2026-10-05,2026-10-05,FO,NSE,IDO,64364,,NIFTY,,2027-09-28,2027-09-28,28500.00,CE,NIFTY27SEP28500CE,0.00,0.00,0.00,291.55,0.00,291.55,22555.75,126.92,0,0,0,0.00,0,F1,65,,,,,
2026-10-05,2026-10-05,FO,NSE,IDO,86145,,NIFTY,,2028-06-27,2028-06-27,21000.00,CE,NIFTY28JUN21000CE,0.00,0.00,0.00,5226.55,0.00,5226.55,22555.75,3788.31,0,0,0,0.00,0,F1,65,,,,,
2026-10-05,2026-10-05,FO,NSE,IDO,55476,,NIFTY,,2028-06-27,2028-06-27,25500.00,CE,NIFTY28JUN25500CE,0.00,0.00,0.00,1900.00,1900.00,1900.00,22555.75,1293.92,195,0,0,0.00,0,F1,65,,,,,
2026-10-05,2026-10-05,FO,NSE,IDO,55480,,NIFTY,,2028-06-27,2028-06-27,31500.00,CE,NIFTY28JUN31500CE,0.00,0.00,0.00,1784.80,0.00,1784.80,22555.75,173.38,0,0,0,0.00,0,F1,65,,,,,
2026-10-05,2026-10-05,FO,NSE,IDO,55566,,NIFTY,,2029-06-26,2029-06-26,31500.00,CE,NIFTY29JUN31500CE,0.00,0.00,0.00,2878.65,0.00,2878.65,22555.75,604.17,0,0,0,0.00,0,F1,65,,,,,
2026-10-05,2026-10-05,FO,NSE,IDO,61390,,NIFTY,,2029-12-24,2029-12-24,18000.00,CE,NIFTY29DEC18000CE,0.00,0.00,0.00,11362.40,0.00,11362.40,22555.75,7560.40,0,0,0,0.00,0,F1,65,,,,,
2026-10-05,2026-10-05,FO,NSE,IDO,62006,,NIFTY,,2029-12-24,2029-12-24,33000.00,CE,NIFTY29DEC33000CE,0.00,0.00,0.00,3816.05,0.00,3816.05,22555.75,646.91,0,0,0,0.00,0,F1,65,,,,,
2026-10-05,2026-10-05,FO,NSE,IDO,55698,,NIFTY,,2030-12-31,2030-12-31,18000.00,CE,NIFTY30DEC18000CE,0.00,0.00,0.00,12674.15,0.00,12674.15,22555.75,8394.26,0,0,0,0.00,0,F1,65,,,,,
2026-10-05,2026-10-05,FO,NSE,IDO,55754,,NIFTY,,2030-12-31,2030-12-31,24000.00,CE,NIFTY30DEC24000CE,0.00,0.00,0.00,8563.30,0.00,8563.30,22555.75,4458.18,0,0,0,0.00,0,F1,65,,,,,
2026-10-05,2026-10-05,FO,NSE,IDO,55756,,NIFTY,,2030-12-31,2030-12-31,25500.00,CE,NIFTY30DEC25500CE,0.00,0.00,0.00,7639.65,0.00,7639.65,22555.75,3689.67,0,0,0,0.00,0,F1,65,,,,,
2026-10-05,2026-10-05,FO,NSE,IDO,74636,,NIFTY,,2031-06-24,2031-06-24,15000.00,CE,NIFTY31JUN15000CE,0.00,0.00,0.00,12902.20,0.00,12902.20,22555.75,11001.84,0,0,0,0.00,0,F1,65,,,,,
2026-10-05,2026-10-05,FO,NSE,IDO,74649,,NIFTY,,2031-06-24,2031-06-24,24000.00,CE,NIFTY31JUN24000CE,0.00,0.00,0.00,7181.90,0.00,7181.90,22555.75,4901.44,0,0,0,0.00,0,F1,65,,,,,
2026-10-05,2026-10-05,FO,NSE,IDO,74653,,NIFTY,,2031-06-24,2031-06-24,27000.00,CE,NIFTY31JUN27000CE,0.00,0.00,0.00,5699.00,0.00,5699.00,22555.75,3444.72,0,0,0,0.00,0,F1,65,,,,,
2026-10-05,2026-10-05,FO,NSE,IDO,40582,,NIFTY,,2026-10-06,2026-10-06,20500.00,PE,NIFTY26O0620500PE,1.20,1.25,0.25,0.30,0.35,1.30,22555.75,0.30,3751670,-3285230,231114,307967676347.50,30576,F1,65,,,,,
2026-10-05,2026-10-05,FO,NSE,IDO,40595,,NIFTY,,2026-10-06,2026-10-06,20650.00,PE,NIFTY26O0620650PE,0.70,1.05,0.25,0.40,0.25,1.40,22555.75,0.40,72475,-12740,15415,20691421679.50,3629,F1,65,,,,,
2026-10-05,2026-10-05,FO,NSE,IDO,40672,,NIFTY,,2026-10-06,2026-10-06,22100.00,PE,NIFTY26O0622100PE,15.00,20.95,3.40,5.05,3.55,29.50,22555.75,5.05,6443385,2707055,2963860,4259599397703.00,557056,F1,65,,,,,
2026-10-05,2026-10-05,FO,NSE,IDO,40703,,NIFTY,,2026-10-06,2026-10-06,22600.00,PE,NIFTY26O0622600PE,138.80,213.90,77.10,105.15,101.15,204.55,22555.75,105.15,5071820,2558660,6355885,9386825682341.25,3085298,F1,65,,,,,
2026-10-05,2026-10-05,FO,NSE,IDO,40746,,NIFTY,,2026-10-06,2026-10-06,23200.00,PE,NIFTY26O0623200PE,719.60,770.00,565.00,645.50,650.10,740.35,22555.75,645.50,359970,-103870,4803,7447503482.25,3266,F1,65,,,,,
2026-10-05,2026-10-05,FO,NSE,IDO,40756,,NIFTY,,2026-10-06,2026-10-06,23400.00,PE,NIFTY26O0623400PE,823.45,976.65,761.85,847.55,844.15,942.35,22555.75,847.55,447720,-103740,2967,4676406465.25,2313,F1,65,,,,,
2026-10-05,2026-10-05,FO,NSE,IDO,40760,,NIFTY,,2026-10-06,2026-10-06,23500.00,PE,NIFTY26O0623500PE,1014.60,1075.00,860.20,944.55,946.95,1044.70,22555.75,944.55,783315,-207545,10959,17400108589.50,8935,F1,65,,,,,
2026-10-05,2026-10-05,FO,NSE,IDO,40792,,NIFTY,,2026-10-06,2026-10-06,23950.00,PE,NIFTY26O0623950PE,1471.00,1532.25,1385.00,1393.90,1392.00,1478.35,22555.75,1393.90,43680,-1495,25,41271236.50,20,F1,65,,,,,
2026-10-05,2026-10-05,FO,NSE,IDO,40826,,NIFTY,,2026-10-06,2026-10-06,24500.00,PE,NIFTY26O0624500PE,1928.25,2042.65,1865.00,1948.05,1947.35,2048.55,22555.75,1948.05,228735,-80795,1567,2694377946.00,826,F1,65,,,,,
2026-10-05,2026-10-05,FO,NSE,IDO,40872,,NIFTY,,2026-10-06,2026-10-06,25150.00,PE,NIFTY26O0625150PE,0.00,0.00,0.00,1102.00,0.00,1102.00,22555.75,2590.46,0,0,0,0.00,0,F1,65,,,,,
2026-10-05,2026-10-05,FO,NSE,IDO,40878,,NIFTY,,2026-10-06,2026-10-06,25300.00,PE,NIFTY26O0625300PE,0.00,0.00,0.00,2700.00,2700.00,2700.00,22555.75,2740.44,520,0,0,0.00,0,F1,65,,,,,
2026-10-05,2026-10-05,FO,NSE,IDO,44585,,NIFTY,,2026-10-13,2026-10-13,22100.00,PE,NIFTY26O1322100PE,60.00,89.40,42.30,56.95,54.00,90.60,22555.75,56.95,1342185,1009255,113304,163199822506.50,60996,F1,65,,,,,
2026-10-05,2026-10-05,FO,NSE,IDO,44604,,NIFTY,,2026-10-13,2026-10-13,22400.00,PE,NIFTY26O1322400PE,180.75,183.00,92.10,125.60,123.05,181.60,22555.75,125.60,1587755,400270,153652,225037386431.00,86655,F1,65,,,,,
2026-10-05,2026-10-05,FO,NSE,IDO,44621,,NIFTY,,2026-10-13,2026-10-13,22700.00,PE,NIFTY26O1322700PE,235.90,340.80,194.00,259.95,251.45,329.45,22555.75,259.95,1464190,-123695,123032,183527091127.25,88307,F1,65,,,,,
2026-10-05,2026-10-05,FO,NSE,IDO,44625,,NIFTY,,2026-10-13,2026-10-13,22800.00,PE,NIFTY26O1322800PE,404.00,408.00,244.55,320.40,315.00,396.10,22555.75,320.40,858130,152295,51843,77840716661.50,30754,F1,65,,,,,
2026-10-05,2026-10-05,FO,NSE,IDO,44697,,NIFTY,,2026-10-13,2026-10-13,23800.00,PE,NIFTY26O1323800PE,1175.00,1303.15,1119.00,1233.30,1219.30,1328.40,22555.75,1233.30,24375,12350,263,427537012.50,195,F1,65,,,,,
2026-10-05,2026-10-05,FO,NSE,IDO,44759,,NIFTY,,2026-10-13,2026-10-13,24600.00,PE,NIFTY26O1324600PE,2050.00,2059.30,1934.40,2019.85,2008.50,2206.30,22555.75,2019.85,11960,10140,164,283779798.25,91,F1,65,,,,,
2026-10-05,2026-10-05,FO,NSE,IDO,44775,,NIFTY,,2026-10-13,2026-10-13,24900.00,PE,NIFTY26O1324900PE,0.00,0.00,0.00,1237.05,0.00,1237.05,22555.75,2314.25,0,0,0,0.00,0,F1,65,,,,,
2026-10-05,2026-10-05,FO,NSE,IDO,47140,,NIFTY,,2026-10-19,2026-10-19,22600.00,PE,NIFTY26O1922600PE,250.00,317.25,198.35,251.70,246.60,315.45,22555.75,251.70,144170,114660,10331,15343837879.50,6659,F1,65,,,,,
2026-10-05,2026-10-05,FO,NSE,IDO,47218,,NIFTY,,2026-10-19,2026-10-19,24000.00,PE,NIFTY26O1924000PE,1300.00,1422.30,1300.00,1392.80,1392.80,1565.75,22555.75,1392.80,2535,650,21,34645854.75,13,F1,65,,,,,
2026-10-05,2026-10-05,FO,NSE,IDO,47220,,NIFTY,,2026-10-19,2026-10-19,24050.00,PE,NIFTY26O1924050PE,0.00,0.00,0.00,962.95,0.00,962.95,22555.75,1445.28,0,0,0,0.00,0,F1,65,,,,,
2026-10-05,2026-10-05,FO,NSE,IDO,51223,,NIFTY,,2026-10-27,2026-10-27,20250.00,PE,NIFTY26OCT20250PE,0.00,0.00,0.00,8.90,0.00,8.90,22555.75,0.06,0,0,0,0.00,0,F1,65,,,,,
2026-10-05,2026-10-05,FO,NSE,IDO,51259,,NIFTY,,2026-10-27,2026-10-27,20950.00,PE,NIFTY26OCT20950PE,21.70,33.15,21.70,25.65,25.70,33.60,22555.75,25.65,32110,7865,615,838502853.50,385,F1,65,,,,,
2026-10-05,2026-10-05,FO,NSE,IDO,51283,,NIFTY,,2026-10-27,2026-10-27,21400.00,PE,NIFTY26OCT21400PE,50.00,62.20,38.65,45.95,46.10,59.40,22555.75,45.95,390910,-7930,11357,15832270684.75,6688,F1,65,,,,,
2026-10-05,2026-10-05,FO,NSE,IDO,51285,,NIFTY,,2026-10-27,2026-10-27,21450.00,PE,NIFTY26OCT21450PE,55.30,67.00,41.50,49.60,48.75,64.30,22555.75,49.60,47255,16185,2160,3018486565.25,1304,F1,65,,,,,
2026-10-05,2026-10-05,FO,NSE,IDO,51327,,NIFTY,,2026-10-27,2026-10-27,22400.00,PE,NIFTY26OCT22400PE,248.90,278.85,177.00,220.40,216.10,266.85,22555.75,220.40,1150630,173420,47131,69299969566.75,33450,F1,65,,,,,
2026-10-05,2026-10-05,FO,NSE,IDO,51353,,NIFTY,,2026-10-27,2026-10-27,23000.00,PE,NIFTY26OCT23000PE,525.05,610.40,433.05,514.40,509.00,587.75,22555.75,514.40,4172870,-943930,73114,111777959575.75,47275,F1,65,,,,,
2026-10-05,2026-10-05,FO,NSE,IDO,51377,,NIFTY,,2026-10-27,2026-10-27,23600.00,PE,NIFTY26OCT23600PE,944.80,1100.00,893.00,991.65,992.70,1088.35,22555.75,991.65,658255,4095,758,1211183912.25,401,F1,65,,,,,
2026-10-05,2026-10-05,FO,NSE,IDO,51449,,NIFTY,,2026-10-27,2026-10-27,25200.00,PE,NIFTY26OCT25200PE,2323.70,2472.90,2323.70,2472.90,2472.90,2599.30,22555.75,2560.95,34255,65,4,7183601.75,4,F1,65,,,,,
2026-10-05,2026-10-05,FO,NSE,IDO,51491,,NIFTY,,2026-10-27,2026-10-27,26000.00,PE,NIFTY26OCT26000PE,3305.00,3424.85,3235.05,3345.55,3347.95,3431.65,22555.75,3345.55,1832610,-17290,1393,2654283612.50,1214,F1,65,,,,,
2026-10-05,2026-10-05,FO,NSE,IDO,51525,,NIFTY,,2026-10-27,2026-10-27,26850.00,PE,NIFTY26OCT26850PE,0.00,0.00,0.00,2588.10,0.00,2588.10,22555.75,4205.39,0,0,0,0.00,0,F1,65,,,,,
2026-10-05,2026-10-05,FO,NSE,IDO,53363,,NIFTY,,2026-11-03,2026-11-03,20850.00,PE,NIFTY26N0320850PE,0.00,0.00,0.00,5.30,0.00,5.30,22555.75,3.74,0,0,0,0.00,0,F1,65,,,,,
2026-10-05,2026-10-05,FO,NSE,IDO,53396,,NIFTY,,2026-11-03,2026-11-03,21200.00,PE,NIFTY26N0321200PE,0.00,0.00,0.00,12.50,0.00,12.50,22555.75,12.42,0,0,0,0.00,0,F1,65,,,,,
2026-10-05,2026-10-05,FO,NSE,IDO,53456,,NIFTY,,2026-11-03,2026-11-03,21400.00,PE,NIFTY26N0321400PE,68.80,74.10,65.10,71.70,71.70,76.40,22555.75,22.78,2405,65,16,22328845.50,11,F1,65,,,,,
2026-10-05,2026-10-05,FO,NSE,IDO,54099,,NIFTY,,2026-11-03,2026-11-03,23700.00,PE,NIFTY26N0323700PE,0.00,0.00,0.00,610.85,0.00,610.85,22555.75,1088.69,0,0,0,0.00,0,F1,65,,,,,
2026-10-05,2026-10-05,FO,NSE,IDO,54103,,NIFTY,,2026-11-03,2026-11-03,23800.00,PE,NIFTY26N0323800PE,0.00,0.00,0.00,669.70,0.00,669.70,22555.75,1178.28,0,0,0,0.00,0,F1,65,,,,,
2026-10-05,2026-10-05,FO,NSE,IDO,54331,,NIFTY,,2026-11-03,2026-11-03,24950.00,PE,NIFTY26N0324950PE,0.00,0.00,0.00,1534.25,0.00,1534.25,22555.75,2286.84,0,0,0,0.00,0,F1,65,,,,,
2026-10-05,2026-10-05,FO,NSE,IDO,64187,,NIFTY,,2026-11-23,2026-11-23,21200.00,PE,NIFTY26NOV21200PE,75.65,102.90,74.00,87.85,87.10,99.00,22555.75,87.85,44200,7605,1006,1391935727.00,631,F1,65,,,,,
2026-10-05,2026-10-05,FO,NSE,IDO,64219,,NIFTY,,2026-11-23,2026-11-23,21650.00,PE,NIFTY26NOV21650PE,119.70,156.30,118.00,140.10,135.40,158.70,22555.75,140.10,20410,260,56,79296792.25,45,F1,65,,,,,
2026-10-05,2026-10-05,FO,NSE,IDO,64434,,NIFTY,,2026-11-23,2026-11-23,24850.00,PE,NIFTY26NOV24850PE,0.00,0.00,0.00,860.35,0.00,860.35,22555.75,2126.21,0,0,0,0.00,0,F1,65,,,,,
2026-10-05,2026-10-05,FO,NSE,IDO,64459,,NIFTY,,2026-11-23,2026-11-23,25350.00,PE,NIFTY26NOV25350PE,0.00,0.00,0.00,1152.95,0.00,1152.95,22555.75,2612.66,0,0,0,0.00,0,F1,65,,,,,
2026-10-05,2026-10-05,FO,NSE,IDO,64490,,NIFTY,,2026-11-23,2026-11-23,25800.00,PE,NIFTY26NOV25800PE,0.00,0.00,0.00,2725.00,2725.00,2725.00,22555.75,3056.10,585,0,0,0.00,0,F1,65,,,,,
2026-10-05,2026-10-05,FO,NSE,IDO,64492,,NIFTY,,2026-11-23,2026-11-23,25850.00,PE,NIFTY26NOV25850PE,0.00,0.00,0.00,2901.65,2901.65,2901.65,22555.75,3105.54,65,0,0,0.00,0,F1,65,,,,,
2026-10-05,2026-10-05,FO,NSE,IDO,62303,,NIFTY,,2026-12-29,2026-12-29,20800.00,PE,NIFTY26DEC20800PE,94.40,94.40,94.40,94.40,94.40,78.40,22555.75,94.40,65,65,1,1358136.00,1,F1,65,,,,,
2026-10-05,2026-10-05,FO,NSE,IDO,58647,,NIFTY,,2026-12-29,2026-12-29,21000.00,PE,NIFTY26DEC21000PE,124.00,131.60,98.70,116.35,117.20,125.20,22555.75,116.35,2191255,-53950,13424,18423007619.25,7999,F1,65,,,,,
2026-10-05,2026-10-05,FO,NSE,IDO,62392,,NIFTY,,2026-12-29,2026-12-29,21200.00,PE,NIFTY26DEC21200PE,140.40,154.15,131.40,135.20,134.00,148.80,22555.75,135.20,6760,715,99,137324703.75,55,F1,65,,,,,
2026-10-05,2026-10-05,FO,NSE,IDO,62434,,NIFTY,,2026-12-29,2026-12-29,21450.00,PE,NIFTY26DEC21450PE,160.95,186.20,160.95,166.00,164.55,179.65,22555.75,166.00,6175,-2275,101,141945118.25,40,F1,65,,,,,
2026-10-05,2026-10-05,FO,NSE,IDO,62550,,NIFTY,,2026-12-29,2026-12-29,22250.00,PE,NIFTY26DEC22250PE,299.30,361.55,291.70,329.10,324.60,353.35,22555.75,329.10,9230,4680,155,227497621.00,116,F1,65,,,,,
2026-10-05,2026-10-05,FO,NSE,IDO,62981,,NIFTY,,2026-12-29,2026-12-29,24100.00,PE,NIFTY26DEC24100PE,1350.80,1381.55,1350.00,1350.00,1350.00,1283.05,22555.75,1405.30,1755,1105,18,29793812.75,8,F1,65,,,,,
2026-10-05,2026-10-05,FO,NSE,IDO,55329,,NIFTY,,2026-12-29,2026-12-29,25500.00,PE,NIFTY26DEC25500PE,2585.40,2680.00,2500.15,2603.90,2591.70,2668.45,22555.75,2603.90,305955,-21320,495,902536219.00,400,F1,65,,,,,
2026-10-05,2026-10-05,FO,NSE,IDO,55331,,NIFTY,,2026-12-29,2026-12-29,28500.00,PE,NIFTY26DEC28500PE,0.00,0.00,0.00,3320.25,3320.25,3320.25,22555.75,5581.66,130,0,0,0.00,0,F1,65,,,,,
2026-10-05,2026-10-05,FO,NSE,IDO,80191,,NIFTY,,2027-03-30,2027-03-30,16500.00,PE,NIFTY27MAR16500PE,38.65,38.65,38.65,38.65,38.65,27.60,22555.75,0.05,3445,130,2,2150024.50,2,F1,65,,,,,
2026-10-05,2026-10-05,FO,NSE,IDO,55373,,NIFTY,,2027-06-29,2027-06-29,19500.00,PE,NIFTY27JUN19500PE,0.00,0.00,0.00,17.30,0.00,17.30,22555.75,49.56,0,0,0,0.00,0,F1,65,,,,,
2026-10-05,2026-10-05,FO,NSE,IDO,53632,,NIFTY,,2027-12-28,2027-12-28,27000.00,PE,NIFTY27DEC27000PE,2700.00,2776.25,2648.00,2725.00,2725.00,2815.55,22555.75,2725.00,56250,-1040,135,260764552.75,77,F1,65,,,,,
2026-10-05,2026-10-05,FO,NSE,IDO,55471,,NIFTY,,2028-06-27,2028-06-27,19500.00,PE,NIFTY28JUN19500PE,0.00,0.00,0.00,40.05,0.00,40.05,22555.75,133.47,0,0,0,0.00,0,F1,65,,,,,
2026-10-05,2026-10-05,FO,NSE,IDO,55481,,NIFTY,,2028-06-27,2028-06-27,31500.00,PE,NIFTY28JUN31500PE,0.00,0.00,0.00,2935.60,0.00,2935.60,22555.75,6260.52,0,0,0,0.00,0,F1,65,,,,,
2026-10-05,2026-10-05,FO,NSE,IDO,55521,,NIFTY,,2028-12-26,2028-12-26,22500.00,PE,NIFTY28DEC22500PE,0.00,0.00,0.00,218.80,0.00,218.80,22555.75,670.79,0,0,0,0.00,0,F1,65,,,,,
2026-10-05,2026-10-05,FO,NSE,IDO,67787,,NIFTY,,2028-12-26,2028-12-26,26000.00,PE,NIFTY28DEC26000PE,1776.50,1819.70,1776.50,1814.00,1814.00,1838.50,22555.75,2028.60,6940,0,7,12649042.25,7,F1,65,,,,,
2026-10-05,2026-10-05,FO,NSE,IDO,55565,,NIFTY,,2029-06-26,2029-06-26,28500.00,PE,NIFTY29JUN28500PE,0.00,0.00,0.00,1349.10,0.00,1349.10,22555.75,3189.97,0,0,0,0.00,0,F1,65,,,,,
2026-10-05,2026-10-05,FO,NSE,IDO,55567,,NIFTY,,2029-06-26,2029-06-26,31500.00,PE,NIFTY29JUN31500PE,0.00,0.00,0.00,2443.35,0.00,2443.35,22555.75,5162.57,0,0,0,0.00,0,F1,65,,,,,
2026-10-05,2026-10-05,FO,NSE,IDO,55757,,NIFTY,,2030-12-31,2030-12-31,25500.00,PE,NIFTY30DEC25500PE,0.00,0.00,0.00,538.25,0.00,538.25,22555.75,1328.58,0,0,0,0.00,0,F1,65,,,,,
2026-10-05,2026-10-05,FO,NSE,IDO,55759,,NIFTY,,2030-12-31,2030-12-31,27000.00,PE,NIFTY30DEC27000PE,0.00,0.00,0.00,779.50,0.00,779.50,22555.75,1846.03,0,0,0,0.00,0,F1,65,,,,,
2026-10-05,2026-10-05,FO,NSE,IDO,55767,,NIFTY,,2030-12-31,2030-12-31,33000.00,PE,NIFTY30DEC33000PE,0.00,0.00,0.00,2387.30,0.00,2387.30,22555.75,4806.87,0,0,0,0.00,0,F1,65,,,,,
2026-10-05,2026-10-05,FO,NSE,IDO,74666,,NIFTY,,2031-06-24,2031-06-24,33000.00,PE,NIFTY31JUN33000PE,0.00,0.00,0.00,3810.15,0.00,3810.15,22555.75,4436.81,0,0,0,0.00,0,F1,65,,,,,
2026-10-05,2026-10-05,FO,NSE,IDO,53300,,NIFTY,,2026-11-03,2026-11-03,20050.00,CE,NIFTY26N0320050CE,0.00,0.00,0.00,3416.10,0.00,3416.10,22555.75,2593.29,0,0,0,0.00,0,F1,65,,,,,
2026-10-05,2026-10-05,FO,NSE,IDO,51538,,NIFTY,,2026-10-27,2026-10-27,27150.00,CE,NIFTY26OCT27150CE,0.00,0.00,0.00,1.00,1.00,1.00,22555.75,0.01,2210,0,0,0.00,0,F1,65,,,,,
2026-10-05,2026-10-05,FO,NSE,IDO,51426,,NIFTY,,2026-10-27,2026-10-27,24700.00,CE,NIFTY26OCT24700CE,7.50,7.50,5.95,6.65,6.40,7.50,22555.75,6.65,281385,1885,776,1246194465.75,532,F1,65,,,,,
2026-10-05,2026-10-05,FO,NSE,IDO,51410,,NIFTY,,2026-10-27,2026-10-27,24400.00,CE,NIFTY26OCT24400CE,10.65,11.90,8.50,9.30,9.15,10.55,22555.75,9.30,355550,-10920,3876,6149696410.00,2616,F1,65,,,,,
2026-10-05,2026-10-05,FO,NSE,IDO,51398,,NIFTY,,2026-10-27,2026-10-27,24100.00,CE,NIFTY26OCT24100CE,16.75,16.75,12.70,13.75,13.00,15.80,22555.75,13.75,560170,-10530,3879,6080058637.25,2321,F1,65,,,,,
2026-10-05,2026-10-05,FO,NSE,IDO,51386,,NIFTY,,2026-10-27,2026-10-27,23850.00,CE,NIFTY26OCT23850CE,22.00,24.40,18.25,20.10,19.65,22.35,22555.75,20.10,144430,10725,1756,2724625530.25,1391,F1,65,,,,,
2026-10-05,2026-10-05,FO,NSE,IDO,51360,,NIFTY,,2026-10-27,2026-10-27,23200.00,CE,NIFTY26OCT23200CE,95.95,110.90,77.85,90.90,88.00,84.95,22555.75,90.90,2557620,-151970,41469,62786297271.75,27666,F1,65,,,,,
2026-10-05,2026-10-05,FO,NSE,IDO,51338,,NIFTY,,2026-10-27,2026-10-27,22650.00,CE,NIFTY26OCT22650CE,279.00,351.35,255.65,295.85,293.55,267.35,22555.75,295.85,138515,29055,5334,7959271333.00,4326,F1,65,,,,,
2026-10-05,2026-10-05,FO,NSE,IDO,51334,,NIFTY,,2026-10-27,2026-10-27,22600.00,CE,NIFTY26OCT22600CE,329.25,383.80,280.00,321.20,322.20,292.80,22555.75,321.20,1264445,330265,70013,104359007194.00,50524,F1,65,,,,,
2026-10-05,2026-10-05,FO,NSE,IDO,51312,,NIFTY,,2026-10-27,2026-10-27,22100.00,CE,NIFTY26OCT22100CE,679.95,742.70,586.40,654.60,657.00,604.60,22555.75,654.60,52130,13715,1005,1487180006.00,932,F1,65,,,,,
2026-10-05,2026-10-05,FO,NSE,IDO,51280,,NIFTY,,2026-10-27,2026-10-27,21350.00,CE,NIFTY26OCT21350CE,0.00,0.00,0.00,1174.00,1174.00,1174.00,22555.75,1286.90,65,0,0,0.00,0,F1,65,,,,,
2026-10-05,2026-10-05,FO,NSE,IDO,51226,,NIFTY,,2026-10-27,2026-10-27,20350.00,CE,NIFTY26OCT20350CE,0.00,0.00,0.00,3951.55,0.00,3951.55,22555.75,2273.20,0,0,0,0.00,0,F1,65,,,,,
2026-10-05,2026-10-05,FO,NSE,IDO,47400,,NIFTY,,2026-10-19,2026-10-19,24750.00,CE,NIFTY26O1924750CE,2.50,3.50,1.90,2.15,2.05,3.65,22555.75,2.15,1885,910,68,109405166.00,37,F1,65,,,,,
2026-10-05,2026-10-05,FO,NSE,IDO,47236,,NIFTY,,2026-10-19,2026-10-19,24300.00,CE,NIFTY26O1924300CE,4.05,4.35,3.70,4.35,4.35,112.45,22555.75,0.49,845,845,18,28435735.25,12,F1,65,,,,,
2026-10-05,2026-10-05,FO,NSE,IDO,47219,,NIFTY,,2026-10-19,2026-10-19,24050.00,CE,NIFTY26O1924050CE,9.60,9.60,5.60,7.15,7.15,9.60,22555.75,7.15,4680,3510,84,131347414.25,42,F1,65,,,,,
2026-10-05,2026-10-05,FO,NSE,IDO,47139,,NIFTY,,2026-10-19,2026-10-19,22600.00,CE,NIFTY26O1922600CE,276.00,312.25,213.00,248.35,248.35,225.15,22555.75,248.35,238225,157365,11765,17480283905.50,8019,F1,65,,,,,
2026-10-05,2026-10-05,FO,NSE,IDO,47133,,NIFTY,,2026-10-19,2026-10-19,22500.00,CE,NIFTY26O1922500CE,319.90,375.00,265.00,306.95,306.40,277.60,22555.75,306.95,137540,37700,9805,14542332619.75,6468,F1,65,,,,,
2026-10-05,2026-10-05,FO,NSE,IDO,47075,,NIFTY,,2026-10-19,2026-10-19,21200.00,CE,NIFTY26O1921200CE,0.00,0.00,0.00,2046.40,0.00,2046.40,22555.75,1401.69,0,0,0,0.00,0,F1,65,,,,,
2026-10-05,2026-10-05,FO,NSE,IDO,47071,,NIFTY,,2026-10-19,2026-10-19,21100.00,CE,NIFTY26O1921100CE,0.00,0.00,0.00,2143.10,0.00,2143.10,22555.75,1500.92,0,0,0,0.00,0,F1,65,,,,,
2026-10-05,2026-10-05,FO,NSE,IDO,47069,,NIFTY,,2026-10-19,2026-10-19,21050.00,CE,NIFTY26O1921050CE,0.00,0.00,0.00,2191.70,0.00,2191.70,22555.75,1550.64,0,0,0,0.00,0,F1,65,,,,,
2026-10-05,2026-10-05,FO,NSE,IDO,44750,,NIFTY,,2026-10-13,2026-10-13,24500.00,CE,NIFTY26O1324500CE,1.60,1.80,0.95,1.05,1.05,1.70,22555.75,1.05,1509755,-140205,70036,111537716257.50,13911,F1,65,,,,,
2026-10-05,2026-10-05,FO,NSE,IDO,44722,,NIFTY,,2026-10-13,2026-10-13,24150.00,CE,NIFTY26O1324150CE,2.75,2.75,1.30,1.40,1.30,2.55,22555.75,1.40,112060,39650,2219,3483490819.25,1385,F1,65,,,,,
2026-10-05,2026-10-05,FO,NSE,IDO,44656,,NIFTY,,2026-10-13,2026-10-13,23300.00,CE,NIFTY26O1323300CE,16.15,20.75,11.10,13.40,12.40,17.70,22555.75,13.40,1829880,856245,91174,138169877456.00,39058,F1,65,,,,,
2026-10-05,2026-10-05,FO,NSE,IDO,55603,,NIFTY,,2029-12-24,2029-12-24,22500.00,PE,NIFTY29DEC22500PE,0.00,0.00,0.00,225.70,0.00,225.70,22555.75,636.54,0,0,0,0.00,0,F1,65,,,,,
2026-10-05,2026-10-05,FO,NSE,IDO,61660,,NIFTY,,2029-12-24,2029-12-24,21000.00,PE,NIFTY29DEC21000PE,0.00,0.00,0.00,418.05,418.05,418.05,22555.75,361.48,1885,0,0,0.00,0,F1,65,,,,,
2026-10-05,2026-10-05,FO,NSE,IDO,55557,,NIFTY,,2029-06-26,2029-06-26,16500.00,PE,NIFTY29JUN16500PE,0.00,0.00,0.00,8.10,0.00,8.10,22555.75,24.45,0,0,0,0.00,0,F1,65,,,,,
2026-10-05,2026-10-05,FO,NSE,IDO,67781,,NIFTY,,2028-12-26,2028-12-26,23000.00,PE,NIFTY28DEC23000PE,910.00,960.00,910.00,950.00,950.00,967.30,22555.75,811.00,3020,0,3,4668300.00,3,F1,65,,,,,
2026-10-05,2026-10-05,FO,NSE,IDO,67765,,NIFTY,,2028-12-26,2028-12-26,15000.00,PE,NIFTY28DEC15000PE,0.00,0.00,0.00,22.25,0.00,22.25,22555.75,3.88,0,0,0,0.00,0,F1,65,,,,,
2026-10-05,2026-10-05,FO,NSE,IDO,47197,,NIFTY,,2028-06-27,2028-06-27,33000.00,PE,NIFTY28JUN33000PE,0.00,0.00,0.00,3707.80,0.00,3707.80,22555.75,7547.64,0,0,0,0.00,0,F1,65,,,,,
2026-10-05,2026-10-05,FO,NSE,IDO,53615,,NIFTY,,2027-12-28,2027-12-28,21000.00,PE,NIFTY27DEC21000PE,409.40,440.00,387.00,418.85,415.00,426.75,22555.75,418.85,92495,2210,273,379812501.25,149,F1,65,,,,,
2026-10-05,2026-10-05,FO,NSE,IDO,64331,,NIFTY,,2027-09-28,2027-09-28,18000.00,PE,NIFTY27SEP18000PE,0.00,0.00,0.00,40.20,0.00,40.20,22555.75,15.42,0,0,0,0.00,0,F1,65,,,,,
2026-10-05,2026-10-05,FO,NSE,IDO,80277,,NIFTY,,2027-03-30,2027-03-30,27000.00,PE,NIFTY27MAR27000PE,3566.00,3660.95,3486.40,3597.95,3609.90,3647.50,22555.75,3597.95,71110,2405,112,222470004.25,105,F1,65,,,,,
2026-10-05,2026-10-05,FO,NSE,IDO,71506,,NIFTY,,2026-12-29,2026-12-29,26000.00,PE,NIFTY26DEC26000PE,3030.00,3165.10,2961.25,3070.45,3074.40,3139.95,22555.75,3070.45,1623415,-1815,1019,1925423071.00,841,F1,65,,,,,
2026-10-05,2026-10-05,FO,NSE,IDO,62951,,NIFTY,,2026-12-29,2026-12-29,23750.00,PE,NIFTY26DEC23750PE,1120.00,1120.00,1120.00,1120.00,1120.00,1123.30,22555.75,1138.00,2795,0,1,1616550.00,1,F1,65,,,,,
2026-10-05,2026-10-05,FO,NSE,IDO,62806,,NIFTY,,2026-12-29,2026-12-29,23300.00,PE,NIFTY26DEC23300PE,732.05,793.00,722.00,781.80,781.80,931.00,22555.75,832.84,5460,520,27,42207626.50,21,F1,65,,,,,
2026-10-05,2026-10-05,FO,NSE,IDO,37810,,NIFTY,,2026-12-29,2026-12-29,23000.00,PE,NIFTY26DEC23000PE,659.95,683.10,550.00,615.00,611.00,664.80,22555.75,615.00,2676640,14970,8126,12466773208.50,5132,F1,65,,,,,
2026-10-05,2026-10-05,FO,NSE,IDO,62613,,NIFTY,,2026-12-29,2026-12-29,22650.00,PE,NIFTY26DEC22650PE,448.15,492.10,410.50,458.55,458.55,500.45,22555.75,458.55,5590,-1755,40,60089965.00,17,F1,65,,,,,
2026-10-05,2026-10-05,FO,NSE,IDO,62536,,NIFTY,,2026-12-29,2026-12-29,22150.00,PE,NIFTY26DEC22150PE,281.30,334.25,266.15,303.10,303.15,324.15,22555.75,303.10,7280,4355,137,199855165.25,98,F1,65,,,,,
2026-10-05,2026-10-05,FO,NSE,IDO,62500,,NIFTY,,2026-12-29,2026-12-29,21950.00,PE,NIFTY26DEC21950PE,227.90,284.25,227.90,256.80,254.75,278.65,22555.75,256.80,9815,2990,98,141445547.75,62,F1,65,,,,,
2026-10-05,2026-10-05,FO,NSE,IDO,62425,,NIFTY,,2026-12-29,2026-12-29,21300.00,PE,NIFTY26DEC21300PE,137.70,164.60,127.55,146.70,144.00,159.15,22555.75,146.70,10010,-2145,212,295435276.50,155,F1,65,,,,,
2026-10-05,2026-10-05,FO,NSE,IDO,62257,,NIFTY,,2026-12-29,2026-12-29,20550.00,PE,NIFTY26DEC20550PE,0.00,0.00,0.00,55.90,0.00,55.90,22555.75,27.95,0,0,0,0.00,0,F1,65,,,,,
2026-10-05,2026-10-05,FO,NSE,IDO,58641,,NIFTY,,2026-12-29,2026-12-29,18000.00,PE,NIFTY26DEC18000PE,22.60,24.75,19.05,22.90,22.65,22.30,22555.75,22.90,990490,107575,8209,9616872229.25,5668,F1,65,,,,,
2026-10-05,2026-10-05,FO,NSE,IDO,55323,,NIFTY,,2026-12-29,2026-12-29,16500.00,PE,NIFTY26DEC16500PE,15.00,15.00,12.00,14.50,14.50,14.25,22555.75,0.01,6110,0,15,16101504.25,10,F1,65,,,,,
2026-10-05,2026-10-05,FO,NSE,IDO,64500,,NIFTY,,2026-11-23,2026-11-23,26050.00,PE,NIFTY26NOV26050PE,0.00,0.00,0.00,1637.90,0.00,1637.90,22555.75,3303.48,0,0,0,0.00,0,F1,65,,,,,
2026-10-05,2026-10-05,FO,NSE,IDO,64457,,NIFTY,,2026-11-23,2026-11-23,25300.00,PE,NIFTY26NOV25300PE,0.00,0.00,0.00,1600.00,1600.00,1600.00,22555.75,2563.63,65,0,0,0.00,0,F1,65,,,,,
2026-10-05,2026-10-05,FO,NSE,IDO,64398,,NIFTY,,2026-11-23,2026-11-23,24000.00,PE,NIFTY26NOV24000PE,1320.35,1410.00,1222.85,1331.95,1317.05,1411.30,22555.75,1331.95,290030,1885,315,518311189.50,286,F1,65,,,,,
2026-10-05,2026-10-05,FO,NSE,IDO,64378,,NIFTY,,2026-11-23,2026-11-23,23600.00,PE,NIFTY26NOV23600PE,941.20,1045.55,913.85,993.75,979.50,1056.20,22555.75,993.75,44005,-390,162,259126396.75,111,F1,65,,,,,
2026-10-05,2026-10-05,FO,NSE,IDO,64241,,NIFTY,,2026-11-23,2026-11-23,22050.00,PE,NIFTY26NOV22050PE,196.10,250.00,186.70,214.80,210.15,240.60,22555.75,214.80,6110,455,108,156291476.25,76,F1,65,,,,,
2026-10-05,2026-10-05,FO,NSE,IDO,64181,,NIFTY,,2026-11-23,2026-11-23,21100.00,PE,NIFTY26NOV21100PE,88.05,93.25,67.35,79.30,79.25,90.55,22555.75,79.30,28665,15405,426,586299281.75,186,F1,65,,,,,
2026-10-05,2026-10-05,FO,NSE,IDO,64169,,NIFTY,,2026-11-23,2026-11-23,20950.00,PE,NIFTY26NOV20950PE,0.00,0.00,0.00,81.45,81.45,81.45,22555.75,20.65,390,0,0,0.00,0,F1,65,,,,,
2026-10-05,2026-10-05,FO,NSE,IDO,54275,,NIFTY,,2026-11-03,2026-11-03,24850.00,PE,NIFTY26N0324850PE,0.00,0.00,0.00,1448.00,0.00,1448.00,22555.75,2187.82,0,0,0,0.00,0,F1,65,,,,,
2026-10-05,2026-10-05,FO,NSE,IDO,54119,,NIFTY,,2026-11-03,2026-11-03,24150.00,PE,NIFTY26N0324150PE,0.00,0.00,0.00,898.65,0.00,898.65,22555.75,1504.52,0,0,0,0.00,0,F1,65,,,,,
2026-10-05,2026-10-05,FO,NSE,IDO,53927,,NIFTY,,2026-11-03,2026-11-03,23100.00,PE,NIFTY26N0323100PE,587.15,625.00,570.45,624.25,625.00,670.00,22555.75,624.25,1950,195,4,6162396.50,4,F1,65,,,,,
2026-10-05,2026-10-05,FO,NSE,IDO,53655,,NIFTY,,2026-11-03,2026-11-03,22200.00,PE,NIFTY26N0322200PE,172.45,234.95,160.25,188.45,186.40,226.65,22555.75,188.45,10595,5720,491,714556586.25,327,F1,65,,,,,
2026-10-05,2026-10-05,FO,NSE,IDO,53500,,NIFTY,,2026-11-03,2026-11-03,21700.00,PE,NIFTY26N0321700PE,85.05,113.50,80.90,96.30,96.15,116.10,22555.75,96.30,6955,-325,131,185588429.00,100,F1,65,,,,,
2026-10-05,2026-10-05,FO,NSE,IDO,53496,,NIFTY,,2026-11-03,2026-11-03,21600.00,PE,NIFTY26N0321600PE,82.00,102.00,71.40,82.05,82.05,103.25,22555.75,82.05,4680,780,163,229772426.00,104,F1,65,,,,,
2026-10-05,2026-10-05,FO,NSE,IDO,53472,,NIFTY,,2026-11-03,2026-11-03,21500.00,PE,NIFTY26N0321500PE,58.05,94.65,56.90,75.60,73.20,89.60,22555.75,75.60,15535,1235,541,758539759.25,358,F1,65,,,,,
2026-10-05,2026-10-05,FO,NSE,IDO,53316,,NIFTY,,2026-11-03,2026-11-03,20200.00,PE,NIFTY26N0320200PE,0.00,0.00,0.00,0.85,0.00,0.85,22555.75,0.24,0,0,0,0.00,0,F1,65,,,,,
2026-10-05,2026-10-05,FO,NSE,IDO,51503,,NIFTY,,2026-10-27,2026-10-27,26300.00,PE,NIFTY26OCT26300PE,3715.00,3715.00,3650.45,3662.75,3650.45,3500.00,22555.75,3662.75,34970,0,6,11685469.25,5,F1,65,,,,,
2026-10-05,2026-10-05,FO,NSE,IDO,51497,,NIFTY,,2026-10-27,2026-10-27,26150.00,PE,NIFTY26OCT26150PE,0.00,0.00,0.00,2950.00,2950.00,2950.00,22555.75,3507.71,195,0,0,0.00,0,F1,65,,,,,
2026-10-05,2026-10-05,FO,NSE,IDO,51459,,NIFTY,,2026-10-27,2026-10-27,25450.00,PE,NIFTY26OCT25450PE,0.00,0.00,0.00,1850.00,1850.00,1850.00,22555.75,2810.05,325,0,0,0.00,0,F1,65,,,,,
2026-10-05,2026-10-05,FO,NSE,IDO,51457,,NIFTY,,2026-10-27,2026-10-27,25400.00,PE,NIFTY26OCT25400PE,2748.05,2748.05,2748.05,2748.05,2748.05,2650.00,22555.75,2760.23,8775,-65,1,1829623.25,1,F1,65,,,,,
2026-10-05,2026-10-05,FO,NSE,IDO,51433,,NIFTY,,2026-10-27,2026-10-27,24850.00,PE,NIFTY26OCT24850PE,0.00,0.00,0.00,2223.60,2223.60,2223.60,22555.75,2212.47,1495,0,0,0.00,0,F1,65,,,,,
2026-10-05,2026-10-05,FO,NSE,IDO,51403,,NIFTY,,2026-10-27,2026-10-27,24200.00,PE,NIFTY26OCT24200PE,1550.00,1646.90,1455.25,1557.35,1558.35,1664.10,22555.75,1557.35,383955,-4810,255,426490395.50,222,F1,65,,,,,
2026-10-05,2026-10-05,FO,NSE,IDO,51397,,NIFTY,,2026-10-27,2026-10-27,24050.00,PE,NIFTY26OCT24050PE,0.00,0.00,0.00,1560.00,1560.00,1560.00,22555.75,1423.76,4030,0,0,0.00,0,F1,65,,,,,
2026-10-05,2026-10-05,FO,NSE,IDO,51317,,NIFTY,,2026-10-27,2026-10-27,22200.00,PE,NIFTY26OCT22200PE,186.95,208.80,130.45,161.60,158.20,198.95,22555.75,161.60,1382615,267800,44483,64649021251.75,31356,F1,65,,,,,
2026-10-05,2026-10-05,FO,NSE,IDO,51307,,NIFTY,,2026-10-27,2026-10-27,21950.00,PE,NIFTY26OCT21950PE,95.80,142.40,87.60,108.65,105.85,134.40,22555.75,108.65,56940,8385,2175,3118091151.50,1535,F1,65,,,,,
2026-10-05,2026-10-05,FO,NSE,IDO,51289,,NIFTY,,2026-10-27,2026-10-27,21550.00,PE,NIFTY26OCT21550PE,50.70,77.75,48.05,57.50,57.00,72.65,22555.75,57.50,37375,3445,1126,1581623345.25,698,F1,65,,,,,
2026-10-05,2026-10-05,FO,NSE,IDO,47188,,NIFTY,,2026-10-19,2026-10-19,23600.00,PE,NIFTY26O1923600PE,928.15,1059.90,917.55,1003.50,1003.50,1198.35,22555.75,1006.57,2795,195,16,25550300.75,16,F1,65,,,,,
2026-10-05,2026-10-05,FO,NSE,IDO,47170,,NIFTY,,2026-10-19,2026-10-19,23150.00,PE,NIFTY26O1923150PE,640.00,640.00,611.10,611.10,611.10,815.00,22555.75,611.10,2015,-130,2,3090821.50,2,F1,65,,,,,
2026-10-05,2026-10-05,FO,NSE,IDO,47152,,NIFTY,,2026-10-19,2026-10-19,22750.00,PE,NIFTY26O1922750PE,290.00,380.00,263.40,330.40,321.75,404.60,22555.75,330.40,15990,7605,460,689764032.75,331,F1,65,,,,,
2026-10-05,2026-10-05,FO,NSE,IDO,47144,,NIFTY,,2026-10-19,2026-10-19,22700.00,PE,NIFTY26O1922700PE,280.05,376.30,236.80,299.60,293.90,370.65,22555.75,299.60,87620,35685,2629,3928982261.75,1937,F1,65,,,,,
2026-10-05,2026-10-05,FO,NSE,IDO,47111,,NIFTY,,2026-10-19,2026-10-19,21950.00,PE,NIFTY26O1921950PE,60.95,101.55,57.95,70.45,70.00,100.20,22555.75,70.45,19890,16965,1861,2664195703.00,834,F1,65,,,,,
2026-10-05,2026-10-05,FO,NSE,IDO,47090,,NIFTY,,2026-10-19,2026-10-19,21550.00,PE,NIFTY26O1921550PE,29.00,49.60,27.85,35.65,34.85,44.80,22555.75,35.65,6305,4225,470,659485638.50,302,F1,65,,,,,
2026-10-05,2026-10-05,FO,NSE,IDO,47078,,NIFTY,,2026-10-19,2026-10-19,21250.00,PE,NIFTY26O1921250PE,24.55,32.80,19.70,20.55,19.70,36.60,22555.75,20.55,4225,3575,156,215708834.25,80,F1,65,,,,,
2026-10-05,2026-10-05,FO,NSE,IDO,47066,,NIFTY,,2026-10-19,2026-10-19,20950.00,PE,NIFTY26O1920950PE,0.00,0.00,0.00,25.00,25.00,25.00,22555.75,0.28,195,0,0,0.00,0,F1,65,,,,,
2026-10-05,2026-10-05,FO,NSE,IDO,47036,,NIFTY,,2026-10-19,2026-10-19,20200.00,PE,NIFTY26O1920200PE,0.00,0.00,0.00,0.60,0.00,0.60,22555.75,0.01,0,0,0,0.00,0,F1,65,,,,,
2026-10-05,2026-10-05,FO,NSE,IDO,44617,,NIFTY,,2026-10-13,2026-10-13,22600.00,PE,NIFTY26O1322600PE,190.80,279.70,153.75,205.25,200.05,273.70,22555.75,205.25,1677455,1147900,215242,319045685305.75,143269,F1,65,,,,,
2026-10-05,2026-10-05,FO,NSE,IDO,44557,,NIFTY,,2026-10-13,2026-10-13,21650.00,PE,NIFTY26O1321650PE,29.75,29.75,14.70,18.30,17.40,32.55,22555.75,18.30,172900,83720,15824,22289190790.75,9861,F1,65,,,,,
2026-10-05,2026-10-05,FO,NSE,IDO,44505,,NIFTY,,2026-10-13,2026-10-13,20850.00,PE,NIFTY26O1320850PE,5.10,5.95,4.40,4.95,4.65,7.80,22555.75,4.95,40560,18200,2310,3131381077.50,1414,F1,65,,,,,
2026-10-05,2026-10-05,FO,NSE,IDO,44445,,NIFTY,,2026-10-13,2026-10-13,20100.00,PE,NIFTY26O1320100PE,3.20,3.45,2.55,3.10,3.00,3.90,22555.75,3.10,2890160,2385630,69761,91156911472.25,22967,F1,65,,,,,
2026-10-05,2026-10-05,FO,NSE,IDO,40880,,NIFTY,,2026-10-06,2026-10-06,25350.00,PE,NIFTY26O0625350PE,0.00,0.00,0.00,2750.00,2750.00,2750.00,22555.75,2790.43,520,0,0,0.00,0,F1,65,,,,,
2026-10-05,2026-10-05,FO,NSE,IDO,40874,,NIFTY,,2026-10-06,2026-10-06,25200.00,PE,NIFTY26O0625200PE,2692.00,2692.00,2640.00,2640.00,2640.00,2550.00,22555.75,2640.45,910,-130,2,3622580.00,2,F1,65,,,,,
2026-10-05,2026-10-05,FO,NSE,IDO,40804,,NIFTY,,2026-10-06,2026-10-06,24100.00,PE,NIFTY26O0624100PE,1610.00,1656.25,1465.00,1556.95,1545.40,1628.00,22555.75,1556.95,31005,-30095,644,1074125045.50,304,F1,65,,,,,
2026-10-05,2026-10-05,FO,NSE,IDO,40698,,NIFTY,,2026-10-06,2026-10-06,22500.00,PE,NIFTY26O0622500PE,100.00,147.90,46.65,59.60,53.65,144.10,22555.75,59.60,12231180,7315425,13269393,19477703971297.00,5310068,F1,65,,,,,
2026-10-05,2026-10-05,FO,NSE,IDO,40674,,NIFTY,,2026-10-06,2026-10-06,22150.00,PE,NIFTY26O0622150PE,19.00,27.45,4.45,6.65,4.75,36.20,22555.75,6.65,4008160,1371825,2346429,3380391654217.50,545133,F1,65,,,,,
2026-10-05,2026-10-05,FO,NSE,IDO,40658,,NIFTY,,2026-10-06,2026-10-06,21750.00,PE,NIFTY26O0621750PE,4.00,4.00,1.10,1.60,1.25,7.95,22555.75,1.60,2292680,709475,1864441,2636162007238.50,177004,F1,65,,,,,
2026-10-05,2026-10-05,FO,NSE,IDO,40622,,NIFTY,,2026-10-06,2026-10-06,21150.00,PE,NIFTY26O0621150PE,2.30,2.30,0.40,0.70,0.65,2.30,22555.75,0.70,200135,-82745,57487,79033836095.50,5734,F1,65,,,,,
2026-10-05,2026-10-05,FO,NSE,IDO,40593,,NIFTY,,2026-10-06,2026-10-06,20600.00,PE,NIFTY26O0620600PE,1.25,1.25,0.25,0.30,0.25,1.30,22555.75,0.30,997685,-184860,167353,224092263024.50,20944,F1,65,,,,,
2026-10-05,2026-10-05,FO,NSE,IDO,40560,,NIFTY,,2026-10-06,2026-10-06,20050.00,PE,NIFTY26O0620050PE,0.75,0.75,0.30,0.35,0.30,0.65,22555.75,0.35,178750,125125,25491,33222031937.25,3371,F1,65,,,,,
2026-10-05,2026-10-05,FO,NSE,IDO,55702,,NIFTY,,2030-12-31,2030-12-31,21000.00,CE,NIFTY30DEC21000CE,0.00,0.00,0.00,10552.50,0.00,10552.50,22555.75,6275.07,0,0,0,0.00,0,F1,65,,,,,
2026-10-05,2026-10-05,FO,NSE,IDO,60936,,NIFTY,,2030-06-25,2030-06-25,30000.00,CE,NIFTY30JUN30000CE,0.00,0.00,0.00,5580.35,0.00,5580.35,22555.75,1565.68,0,0,0,0.00,0,F1,65,,,,,
2026-10-05,2026-10-05,FO,NSE,IDO,55644,,NIFTY,,2030-06-25,2030-06-25,22500.00,CE,NIFTY30JUN22500CE,0.00,0.00,0.00,9012.40,0.00,9012.40,22555.75,4834.61,0,0,0,0.00,0,F1,65,,,,,
2026-10-05,2026-10-05,FO,NSE,IDO,60892,,NIFTY,,2030-06-25,2030-06-25,18000.00,CE,NIFTY30JUN18000CE,0.00,0.00,0.00,12423.90,0.00,12423.90,22555.75,7977.51,0,0,0,0.00,0,F1,65,,,,,
2026-10-05,2026-10-05,FO,NSE,IDO,61932,,NIFTY,,2029-12-24,2029-12-24,30000.00,CE,NIFTY29DEC30000CE,1350.00,1499.55,1350.00,1400.00,1400.00,1350.00,22555.75,1200.86,13670,2600,48,97867737.50,14,F1,65,,,,,
2026-10-05,2026-10-05,FO,NSE,IDO,89636,,NIFTY,,2029-06-26,2029-06-26,27000.00,CE,NIFTY29JUN27000CE,0.00,0.00,0.00,6570.40,0.00,6570.40,22555.75,1673.27,0,0,0,0.00,0,F1,65,,,,,
2026-10-05,2026-10-05,FO,NSE,IDO,89630,,NIFTY,,2029-06-26,2029-06-26,24000.00,CE,NIFTY29JUN24000CE,0.00,0.00,0.00,8085.35,0.00,8085.35,22555.75,2982.17,0,0,0,0.00,0,F1,65,,,,,
2026-10-05,2026-10-05,FO,NSE,IDO,55558,,NIFTY,,2029-06-26,2029-06-26,19500.00,CE,NIFTY29JUN19500CE,0.00,0.00,0.00,10206.95,0.00,10206.95,22555.75,5944.80,0,0,0,0.00,0,F1,65,,,,,
2026-10-05,2026-10-05,FO,NSE,IDO,89612,,NIFTY,,2029-06-26,2029-06-26,18000.00,CE,NIFTY29JUN18000CE,0.00,0.00,0.00,11678.65,0.00,11678.65,22555.75,7133.95,0,0,0,0.00,0,F1,65,,,,,
2026-10-05,2026-10-05,FO,NSE,IDO,67764,,NIFTY,,2028-12-26,2028-12-26,15000.00,CE,NIFTY28DEC15000CE,0.00,0.00,0.00,11381.75,0.00,11381.75,22555.75,9289.13,0,0,0,0.00,0,F1,65,,,,,
2026-10-05,2026-10-05,FO,NSE,IDO,53591,,NIFTY,,2027-12-28,2027-12-28,15000.00,CE,NIFTY27DEC15000CE,0.00,0.00,0.00,7931.05,0.00,7931.05,22555.75,8537.47,0,0,0,0.00,0,F1,65,,,,,
2026-10-05,2026-10-05,FO,NSE,IDO,80249,,NIFTY,,2027-03-30,2027-03-30,19500.00,CE,NIFTY27MAR19500CE,3400.00,3718.15,3400.00,3585.90,3585.90,3606.85,22555.75,3585.90,2145,715,33,49574385.25,33,F1,65,,,,,
2026-10-05,2026-10-05,FO,NSE,IDO,38158,,NIFTY,,2026-12-29,2026-12-29,29000.00,CE,NIFTY26DEC29000CE,6.30,6.30,5.20,5.55,5.50,5.95,22555.75,5.55,400300,-4030,300,565609629.00,114,F1,65,,,,,
2026-10-05,2026-10-05,FO,NSE,IDO,63286,,NIFTY,,2026-12-29,2026-12-29,24250.00,CE,NIFTY26DEC24250CE,125.40,130.05,111.60,114.85,116.20,117.85,22555.75,114.85,22555,15730,395,625682385.25,208,F1,65,,,,,
2026-10-05,2026-10-05,FO,NSE,IDO,62980,,NIFTY,,2026-12-29,2026-12-29,24100.00,CE,NIFTY26DEC24100CE,138.70,154.70,134.80,137.90,137.90,137.45,22555.75,137.90,13520,6240,198,312016666.00,165,F1,65,,,,,
2026-10-05,2026-10-05,FO,NSE,IDO,62938,,NIFTY,,2026-12-29,2026-12-29,23600.00,CE,NIFTY26DEC23600CE,255.00,276.50,233.25,247.40,247.45,239.60,22555.75,247.40,32890,10595,673,1043413631.00,443,F1,65,,,,,
2026-10-05,2026-10-05,FO,NSE,IDO,62725,,NIFTY,,2026-12-29,2026-12-29,23200.00,CE,NIFTY26DEC23200CE,400.00,430.10,365.10,386.35,389.05,370.40,22555.75,386.35,28080,6370,343,526003211.50,199,F1,65,,,,,
2026-10-05,2026-10-05,FO,NSE,IDO,62246,,NIFTY,,2026-12-29,2026-12-29,20450.00,CE,NIFTY26DEC20450CE,0.00,0.00,0.00,2614.30,0.00,2614.30,22555.75,2389.18,0,0,0,0.00,0,F1,65,,,,,
2026-10-05,2026-10-05,FO,NSE,IDO,55322,,NIFTY,,2026-12-29,2026-12-29,16500.00,CE,NIFTY26DEC16500CE,0.00,0.00,0.00,10405.00,0.00,10405.00,22555.75,6265.74,0,0,0,0.00,0,F1,65,,,,,
2026-10-05,2026-10-05,FO,NSE,IDO,58634,,NIFTY,,2026-12-29,2026-12-29,15000.00,CE,NIFTY26DEC15000CE,0.00,0.00,0.00,5977.65,0.00,5977.65,22555.75,7746.65,0,0,0,0.00,0,F1,65,,,,,
2026-10-05,2026-10-05,FO,NSE,IDO,64458,,NIFTY,,2026-11-23,2026-11-23,25350.00,CE,NIFTY26NOV25350CE,0.00,0.00,0.00,15.00,15.00,15.00,22555.75,4.90,455,0,0,0.00,0,F1,65,,,,,
2026-10-05,2026-10-05,FO,NSE,IDO,64435,,NIFTY,,2026-11-23,2026-11-23,24900.00,CE,NIFTY26NOV24900CE,25.20,25.65,19.55,22.30,22.95,22.55,22555.75,22.30,3445,1820,87,140943406.50,77,F1,65,,,,,
2026-10-05,2026-10-05,FO,NSE,IDO,64427,,NIFTY,,2026-11-23,2026-11-23,24750.00,CE,NIFTY26NOV24750CE,27.50,29.15,21.15,23.95,26.75,27.50,22555.75,23.95,13455,0,10,16104149.75,7,F1,65,,,,,
2026-10-05,2026-10-05,FO,NSE,IDO,64419,,NIFTY,,2026-11-23,2026-11-23,24550.00,CE,NIFTY26NOV24550CE,59.35,59.35,27.35,33.80,27.35,31.75,22555.75,33.80,6175,-1950,144,230130439.50,85,F1,65,,,,,
2026-10-05,2026-10-05,FO,NSE,IDO,64401,,NIFTY,,2026-11-23,2026-11-23,24100.00,CE,NIFTY26NOV24100CE,60.35,67.75,54.75,60.45,59.40,61.85,22555.75,60.45,181415,-13195,1890,2968174641.25,1288,F1,65,,,,,
2026-10-05,2026-10-05,FO,NSE,IDO,64389,,NIFTY,,2026-11-23,2026-11-23,23850.00,CE,NIFTY26NOV23850CE,89.00,95.95,80.00,85.60,84.80,87.00,22555.75,85.60,13195,520,58,90256478.00,44,F1,65,,,,,
2026-10-05,2026-10-05,FO,NSE,IDO,64377,,NIFTY,,2026-11-23,2026-11-23,23600.00,CE,NIFTY26NOV23600CE,134.85,141.70,114.75,127.80,127.70,123.35,22555.75,127.80,200590,36205,2705,4172185972.50,2022,F1,65,,,,,
2026-10-05,2026-10-05,FO,NSE,IDO,64359,,NIFTY,,2026-11-23,2026-11-23,23350.00,CE,NIFTY26NOV23350CE,186.15,209.00,168.30,185.30,185.30,176.85,22555.75,185.30,33995,10530,268,410060654.25,191,F1,65,,,,,
2026-10-05,2026-10-05,FO,NSE,IDO,64342,,NIFTY,,2026-11-23,2026-11-23,23050.00,CE,NIFTY26NOV23050CE,298.90,320.00,264.00,288.95,287.45,266.45,22555.75,288.95,20735,3380,193,292789393.00,118,F1,65,,,,,
2026-10-05,2026-10-05,FO,NSE,IDO,64286,,NIFTY,,2026-11-23,2026-11-23,22600.00,CE,NIFTY26NOV22600CE,515.00,568.45,465.15,509.00,508.70,477.05,22555.75,509.00,68055,-4615,1890,2839800034.50,1338,F1,65,,,,,
2026-10-05,2026-10-05,FO,NSE,IDO,64266,,NIFTY,,2026-11-23,2026-11-23,22250.00,CE,NIFTY26NOV22250CE,770.45,788.35,689.70,761.95,761.95,689.05,22555.75,707.46,1495,-65,11,16432932.75,11,F1,65,,,,,
2026-10-05,2026-10-05,FO,NSE,IDO,64236,,NIFTY,,2026-11-23,2026-11-23,21950.00,CE,NIFTY26NOV21950CE,0.00,0.00,0.00,2769.65,0.00,2769.65,22555.75,918.12,0,0,0,0.00,0,F1,65,,,,,
2026-10-05,2026-10-05,FO,NSE,IDO,64220,,NIFTY,,2026-11-23,2026-11-23,21700.00,CE,NIFTY26NOV21700CE,0.00,0.00,0.00,2999.20,0.00,2999.20,22555.75,1113.94,0,0,0,0.00,0,F1,65,,,,,
2026-10-05,2026-10-05,FO,NSE,IDO,64188,,NIFTY,,2026-11-23,2026-11-23,21250.00,CE,NIFTY26NOV21250CE,0.00,0.00,0.00,3422.30,0.00,3422.30,22555.75,1502.82,0,0,0,0.00,0,F1,65,,,,,
2026-10-05,2026-10-05,FO,NSE,IDO,64128,,NIFTY,,2026-11-23,2026-11-23,20200.00,CE,NIFTY26NOV20200CE,0.00,0.00,0.00,4438.30,0.00,4438.30,22555.75,2506.99,0,0,0,0.00,0,F1,65,,,,,
2026-10-05,2026-10-05,FO,NSE,IDO,54254,,NIFTY,,2026-11-03,2026-11-03,24700.00,CE,NIFTY26N0324700CE,14.50,14.95,10.10,12.60,12.30,13.85,22555.75,12.60,21320,1690,94,150992266.75,44,F1,65,,,,,
2026-10-05,2026-10-05,FO,NSE,IDO,54114,,NIFTY,,2026-11-03,2026-11-03,24050.00,CE,NIFTY26N0324050CE,0.00,0.00,0.00,272.55,0.00,272.55,22555.75,20.28,0,0,0,0.00,0,F1,65,,,,,
2026-10-05,2026-10-05,FO,NSE,IDO,40559,,NIFTY,,2026-10-06,2026-10-06,20050.00,CE,NIFTY26O0620050CE,0.00,0.00,0.00,4121.65,0.00,4121.65,22555.75,2508.77,0,0,0,0.00,0,F1,65,,,,,
2026-10-05,2026-10-05,FO,NSE,IDO,40638,,NIFTY,,2026-10-06,2026-10-06,21450.00,CE,NIFTY26O0621450CE,1064.70,1118.70,1064.70,1094.60,1094.60,883.55,22555.75,1108.98,2145,1755,103,150842188.25,27,F1,65,,,,,
2026-10-05,2026-10-05,FO,NSE,IDO,53872,,NIFTY,,2026-11-03,2026-11-03,23000.00,CE,NIFTY26N0323000CE,183.50,230.65,174.45,196.00,192.35,179.90,22555.75,196.00,29900,2730,882,1330215480.75,586,F1,65,,,,,
2026-10-05,2026-10-05,FO,NSE,IDO,53750,,NIFTY,,2026-11-03,2026-11-03,22650.00,CE,NIFTY26N0322650CE,364.25,405.25,315.35,352.00,353.45,318.20,22555.75,352.00,3640,1950,95,142100952.50,64,F1,65,,,,,
2026-10-05,2026-10-05,FO,NSE,IDO,53668,,NIFTY,,2026-11-03,2026-11-03,22400.00,CE,NIFTY26N0322400CE,515.95,570.50,460.00,502.80,496.55,455.30,22555.75,502.80,5265,260,167,248662895.00,128,F1,65,,,,,
2026-10-05,2026-10-05,FO,NSE,IDO,53656,,NIFTY,,2026-11-03,2026-11-03,22250.00,CE,NIFTY26N0322250CE,619.75,619.75,580.00,606.00,606.00,519.90,22555.75,606.00,390,65,3,4456123.75,3,F1,65,,,,,
2026-10-05,2026-10-05,FO,NSE,IDO,53515,,NIFTY,,2026-11-03,2026-11-03,21850.00,CE,NIFTY26N0321850CE,0.00,0.00,0.00,1676.70,0.00,1676.70,22555.75,874.51,0,0,0,0.00,0,F1,65,,,,,
2026-10-05,2026-10-05,FO,NSE,IDO,53458,,NIFTY,,2026-11-03,2026-11-03,21450.00,CE,NIFTY26N0321450CE,0.00,0.00,0.00,2046.95,0.00,2046.95,22555.75,1225.56,0,0,0,0.00,0,F1,65,,,,,
2026-10-05,2026-10-05,FO,NSE,IDO,40649,,NIFTY,,2026-10-06,2026-10-06,21600.00,CE,NIFTY26O0621600CE,1001.00,1010.00,852.70,955.00,960.00,848.55,22555.75,955.00,4745,-130,24,35179192.75,22,F1,65,,,,,
2026-10-05,2026-10-05,FO,NSE,IDO,40781,,NIFTY,,2026-10-06,2026-10-06,23800.00,CE,NIFTY26O0623800CE,1.30,1.30,0.35,0.45,0.35,1.35,22555.75,0.45,2661490,-1513655,369139,571073944922.00,47566,F1,65,,,,,
2026-10-05,2026-10-05,FO,NSE,IDO,40801,,NIFTY,,2026-10-06,2026-10-06,24050.00,CE,NIFTY26O0624050CE,1.00,1.05,0.30,0.35,0.30,1.00,22555.75,0.35,489775,-87620,42237,66028405595.75,5639,F1,65,,,,,
2026-10-05,2026-10-05,FO,NSE,IDO,40831,,NIFTY,,2026-10-06,2026-10-06,24600.00,CE,NIFTY26O0624600CE,0.70,0.70,0.25,0.30,0.25,0.70,22555.75,0.30,273975,-944645,42869,68548858709.50,10922,F1,65,,,,,
2026-10-05,2026-10-05,FO,NSE,IDO,40846,,NIFTY,,2026-10-06,2026-10-06,24750.00,CE,NIFTY26O0624750CE,0.70,0.70,0.30,0.35,0.30,0.60,22555.75,0.35,104325,-14560,3480,5598543554.50,642,F1,65,,,,,
2026-10-05,2026-10-05,FO,NSE,IDO,40863,,NIFTY,,2026-10-06,2026-10-06,24950.00,CE,NIFTY26O0624950CE,0.55,0.55,0.25,0.30,0.35,0.55,22555.75,0.30,49855,5655,3761,6099494729.25,592,F1,65,,,,,
2026-10-05,2026-10-05,FO,NSE,IDO,44508,,NIFTY,,2026-10-13,2026-10-13,20950.00,CE,NIFTY26O1320950CE,0.00,0.00,0.00,2803.55,0.00,2803.55,22555.75,1631.00,0,0,0,0.00,0,F1,65,,,,,
2026-10-05,2026-10-05,FO,NSE,IDO,44582,,NIFTY,,2026-10-13,2026-10-13,22050.00,CE,NIFTY26O1322050CE,619.95,668.35,503.15,570.15,567.55,520.25,22555.75,570.15,6435,2405,175,257221636.75,163,F1,65,,,,,
2026-10-05,2026-10-05,FO,NSE,IDO,44616,,NIFTY,,2026-10-13,2026-10-13,22600.00,CE,NIFTY26O1322600CE,135.00,243.25,135.00,176.70,174.00,162.55,22555.75,176.70,1975155,1291030,213709,316592440648.25,134515,F1,65,,,,,
2026-10-05,2026-10-05,FO,NSE,IDO,44628,,NIFTY,,2026-10-13,2026-10-13,22900.00,CE,NIFTY26O1322900CE,76.05,94.35,52.50,64.20,63.00,65.15,22555.75,64.20,1845480,978575,140285,209462389145.75,73430,F1,65,,,,,
2026-10-05,2026-10-05,FO,NSE,IDO,44648,,NIFTY,,2026-10-13,2026-10-13,23150.00,CE,NIFTY26O1323150CE,35.00,35.45,19.70,23.35,22.10,27.95,22555.75,23.35,606385,281645,40571,61116880301.75,23500,F1,65,,,,,
2026-10-05,2026-10-05,FO,NSE,IDO,53377,,NIFTY,,2026-11-03,2026-11-03,21050.00,CE,NIFTY26N0321050CE,0.00,0.00,0.00,2431.10,0.00,2431.10,22555.75,1605.13,0,0,0,0.00,0,F1,65,,,,,
2026-10-05,2026-10-05,FO,NSE,IDO,53352,,NIFTY,,2026-11-03,2026-11-03,20750.00,CE,NIFTY26N0320750CE,0.00,0.00,0.00,2724.40,0.00,2724.40,22555.75,1898.79,0,0,0,0.00,0,F1,65,,,,,
2026-10-05,2026-10-05,FO,NSE,IDO,53340,,NIFTY,,2026-11-03,2026-11-03,20600.00,CE,NIFTY26N0320600CE,0.00,0.00,0.00,2872.00,0.00,2872.00,22555.75,2046.99,0,0,0,0.00,0,F1,65,,,,,
2026-10-05,2026-10-05,FO,NSE,IDO,40676,,NIFTY,,2026-10-06,2026-10-06,22200.00,PE,NIFTY26O0622200PE,28.00,35.90,6.00,8.60,6.40,44.45,22555.75,8.60,9113520,2608190,4522454,6531169209643.00,1054394,F1,65,,,,,
2026-10-05,2026-10-05,FO,NSE,IDO,40724,,NIFTY,,2026-10-06,2026-10-06,22950.00,PE,NIFTY26O0622950PE,474.60,528.45,320.60,399.15,399.70,502.60,22555.75,399.15,361920,-88920,13956,21177390916.50,8867,F1,65,,,,,
2026-10-05,2026-10-05,FO,NSE,IDO,40732,,NIFTY,,2026-10-06,2026-10-06,23000.00,PE,NIFTY26O0623000PE,439.75,581.50,368.30,449.05,448.55,549.25,22555.75,449.05,1046370,-617435,67670,103134620904.25,38228,F1,65,,,,,
2026-10-05,2026-10-05,FO,NSE,IDO,44631,,NIFTY,,2026-10-13,2026-10-13,22950.00,PE,NIFTY26O1322950PE,488.00,515.30,339.45,427.75,424.95,500.15,22555.75,427.75,39975,27235,1564,2375430066.75,1289,F1,65,,,,,
2026-10-05,2026-10-05,FO,NSE,IDO,44615,,NIFTY,,2026-10-13,2026-10-13,22550.00,PE,NIFTY26O1322550PE,251.95,251.95,135.85,181.05,177.45,245.80,22555.75,181.05,317785,233480,76042,112362529366.75,53338,F1,65,,,,,
2026-10-05,2026-10-05,FO,NSE,IDO,44601,,NIFTY,,2026-10-13,2026-10-13,22350.00,PE,NIFTY26O1322350PE,164.80,164.80,81.25,110.65,107.80,160.85,22555.75,110.65,356330,254020,40000,58418661021.50,27726,F1,65,,,,,
2026-10-05,2026-10-05,FO,NSE,IDO,44581,,NIFTY,,2026-10-13,2026-10-13,22000.00,PE,NIFTY26O1322000PE,51.00,70.40,33.30,43.75,42.00,72.20,22555.75,43.75,3235245,1890265,211696,303365323865.50,107780,F1,65,,,,,
2026-10-05,2026-10-05,FO,NSE,IDO,44555,,NIFTY,,2026-10-13,2026-10-13,21600.00,PE,NIFTY26O1321600PE,24.95,30.70,13.50,16.25,15.85,29.20,22555.75,16.25,970840,581945,62226,87437021545.25,33219,F1,65,,,,,
2026-10-05,2026-10-05,FO,NSE,IDO,44523,,NIFTY,,2026-10-13,2026-10-13,21200.00,PE,NIFTY26O1321200PE,9.10,10.65,6.70,7.70,7.70,13.10,22555.75,7.70,1143545,745355,48912,67426707305.75,17403,F1,65,,,,,
2026-10-05,2026-10-05,FO,NSE,IDO,44467,,NIFTY,,2026-10-13,2026-10-13,20450.00,PE,NIFTY26O1320450PE,4.50,4.50,3.40,3.85,3.40,4.80,22555.75,3.85,12285,10985,604,803019197.50,392,F1,65,,,,,
2026-10-05,2026-10-05,FO,NSE,IDO,44461,,NIFTY,,2026-10-13,2026-10-13,20350.00,PE,NIFTY26O1320350PE,2.10,4.40,2.10,3.55,3.30,4.10,22555.75,3.55,13390,12935,425,562266682.25,315,F1,65,,,,,
2026-10-05,2026-10-05,FO,NSE,IDO,40903,,NIFTY,,2026-10-06,2026-10-06,25750.00,PE,NIFTY26O0625750PE,0.00,0.00,0.00,2830.00,2830.00,2830.00,22555.75,3190.37,130,0,0,0.00,0,F1,65,,,,,
2026-10-05,2026-10-05,FO,NSE,IDO,40897,,NIFTY,,2026-10-06,2026-10-06,25700.00,PE,NIFTY26O0625700PE,0.00,0.00,0.00,2575.00,2575.00,2575.00,22555.75,3140.38,715,0,0,0.00,0,F1,65,,,,,
2026-10-05,2026-10-05,FO,NSE,IDO,40766,,NIFTY,,2026-10-06,2026-10-06,23600.00,PE,NIFTY26O0623600PE,1008.05,1166.30,970.00,1049.05,1045.00,1133.50,22555.75,1049.05,110630,-50635,1809,2900346426.25,971,F1,65,,,,,
2026-10-05,2026-10-05,FO,NSE,IDO,40742,,NIFTY,,2026-10-06,2026-10-06,23100.00,PE,NIFTY26O0623100PE,535.45,679.70,467.40,550.95,546.00,643.40,22555.75,550.95,453895,-629265,18247,28002935369.50,12932,F1,65,,,,,
2026-10-05,2026-10-05,FO,NSE,IDO,40661,,NIFTY,,2026-10-06,2026-10-06,21850.00,CE,NIFTY26O0621850CE,758.85,780.80,595.60,704.95,706.20,626.05,22555.75,704.95,24830,910,381,558093896.75,253,F1,65,,,,,
2026-10-05,2026-10-05,FO,NSE,IDO,40665,,NIFTY,,2026-10-06,2026-10-06,21950.00,CE,NIFTY26O0621950CE,518.40,693.80,485.00,605.20,604.30,532.05,22555.75,605.20,31785,3575,1600,2343296296.25,1299,F1,65,,,,,
2026-10-05,2026-10-05,FO,NSE,IDO,40667,,NIFTY,,2026-10-06,2026-10-06,22000.00,CE,NIFTY26O0622000CE,576.90,646.10,436.00,558.35,555.00,475.40,22555.75,558.35,408005,-367900,52342,76681292177.75,22433,F1,65,,,,,
2026-10-05,2026-10-05,FO,NSE,IDO,40679,,NIFTY,,2026-10-06,2026-10-06,22300.00,CE,NIFTY26O0622300CE,300.00,360.00,181.90,269.95,266.30,227.95,22555.75,269.95,978185,-2215395,497714,729735907072.25,285559,F1,65,,,,,
2026-10-05,2026-10-05,FO,NSE,IDO,40769,,NIFTY,,2026-10-06,2026-10-06,23700.00,CE,NIFTY26O0623700CE,1.40,1.40,0.40,0.60,0.45,1.55,22555.75,0.60,2565030,-1329900,297680,458591863980.25,36705,F1,65,,,,,
2026-10-05,2026-10-05,FO,NSE,IDO,40879,,NIFTY,,2026-10-06,2026-10-06,25350.00,CE,NIFTY26O0625350CE,0.50,0.65,0.20,0.35,0.40,0.50,22555.75,0.35,32825,14560,1260,2076194893.50,378,F1,65,,,,,
2026-10-05,2026-10-05,FO,NSE,IDO,40890,,NIFTY,,2026-10-06,2026-10-06,25600.00,CE,NIFTY26O0625600CE,0.55,0.55,0.20,0.30,0.30,0.55,22555.75,0.30,126555,-13975,5240,8719474803.00,911,F1,65,,,,,
2026-10-05,2026-10-05,FO,NSE,IDO,40894,,NIFTY,,2026-10-06,2026-10-06,25700.00,CE,NIFTY26O0625700CE,0.50,0.85,0.20,0.30,0.20,0.45,22555.75,0.30,121485,-43095,8934,14924459709.25,1924,F1,65,,,,,
2026-10-05,2026-10-05,FO,NSE,IDO,44452,,NIFTY,,2026-10-13,2026-10-13,20300.00,CE,NIFTY26O1320300CE,0.00,0.00,0.00,3448.30,0.00,3448.30,22555.75,2280.21,0,0,0,0.00,0,F1,65,,,,,
2026-10-05,2026-10-05,FO,NSE,IDO,44524,,NIFTY,,2026-10-13,2026-10-13,21250.00,CE,NIFTY26O1321250CE,0.00,0.00,0.00,2507.80,0.00,2507.80,22555.75,1331.47,0,0,0,0.00,0,F1,65,,,,,
2026-10-05,2026-10-05,FO,NSE,IDO,44568,,NIFTY,,2026-10-13,2026-10-13,21900.00,CE,NIFTY26O1321900CE,733.80,805.20,623.65,703.00,701.80,640.70,22555.75,703.00,16835,12740,468,687673853.75,277,F1,65,,,,,
2026-10-05,2026-10-05,FO,NSE,IDO,44608,,NIFTY,,2026-10-13,2026-10-13,22450.00,CE,NIFTY26O1322450CE,280.65,342.55,219.90,264.90,261.85,238.70,22555.75,264.90,148200,52130,32579,48109204328.25,21786,F1,65,,,,,
2026-10-05,2026-10-05,FO,NSE,IDO,44650,,NIFTY,,2026-10-13,2026-10-13,23200.00,CE,NIFTY26O1323200CE,27.70,28.05,16.30,19.20,17.70,24.45,22555.75,19.20,2151890,489840,123497,186406720129.50,61062,F1,65,,,,,
2026-10-05,2026-10-05,FO,NSE,IDO,44668,,NIFTY,,2026-10-13,2026-10-13,23500.00,CE,NIFTY26O1323500CE,10.80,11.80,6.05,6.95,6.20,9.90,22555.75,6.95,2639390,903435,112916,172534866848.50,38723,F1,65,,,,,
2026-10-05,2026-10-05,FO,NSE,IDO,44760,,NIFTY,,2026-10-13,2026-10-13,24650.00,CE,NIFTY26O1324650CE,1.50,1.75,0.90,1.05,1.05,1.50,22555.75,1.05,33735,2275,352,564019225.25,220,F1,65,,,,,
2026-10-05,2026-10-05,FO,NSE,IDO,44768,,NIFTY,,2026-10-13,2026-10-13,24850.00,CE,NIFTY26O1324850CE,1.10,1.10,0.90,0.95,1.00,1.20,22555.75,0.95,7670,-650,105,169607938.50,22,F1,65,,,,,
2026-10-05,2026-10-05,FO,NSE,IDO,44784,,NIFTY,,2026-10-13,2026-10-13,25150.00,CE,NIFTY26O1325150CE,1.20,1.25,0.90,0.90,0.95,1.25,22555.75,0.90,21125,10075,251,410338243.25,57,F1,65,,,,,
2026-10-05,2026-10-05,FO,NSE,IDO,44794,,NIFTY,,2026-10-13,2026-10-13,25350.00,CE,NIFTY26O1325350CE,1.05,1.05,0.75,0.85,0.75,1.05,22555.75,0.85,4485,1300,53,87334003.25,24,F1,65,,,,,
2026-10-05,2026-10-05,FO,NSE,IDO,47045,,NIFTY,,2026-10-19,2026-10-19,20450.00,CE,NIFTY26O1920450CE,0.00,0.00,0.00,2781.70,0.00,2781.70,22555.75,2148.85,0,0,0,0.00,0,F1,65,,,,,
2026-10-05,2026-10-05,FO,NSE,IDO,47063,,NIFTY,,2026-10-19,2026-10-19,20900.00,CE,NIFTY26O1920900CE,0.00,0.00,0.00,2338.15,0.00,2338.15,22555.75,1700.00,0,0,0,0.00,0,F1,65,,,,,
2026-10-05,2026-10-05,FO,NSE,IDO,47085,,NIFTY,,2026-10-19,2026-10-19,21450.00,CE,NIFTY26O1921450CE,0.00,0.00,0.00,1807.80,0.00,1807.80,22555.75,1155.60,0,0,0,0.00,0,F1,65,,,,,
2026-10-05,2026-10-05,FO,NSE,IDO,47110,,NIFTY,,2026-10-19,2026-10-19,21950.00,CE,NIFTY26O1921950CE,0.00,0.00,0.00,656.00,656.00,656.00,22555.75,689.43,260,0,0,0.00,0,F1,65,,,,,
2026-10-05,2026-10-05,FO,NSE,IDO,47112,,NIFTY,,2026-10-19,2026-10-19,22000.00,CE,NIFTY26O1922000CE,698.95,773.30,637.00,676.55,677.70,615.10,22555.75,676.55,8580,1885,127,187312918.00,112,F1,65,,,,,
2026-10-05,2026-10-05,FO,NSE,IDO,47164,,NIFTY,,2026-10-19,2026-10-19,23050.00,CE,NIFTY26O1923050CE,88.00,102.40,67.95,77.85,75.60,77.45,22555.75,77.85,26195,14820,1668,2507999487.50,911,F1,65,,,,,
2026-10-05,2026-10-05,FO,NSE,IDO,47221,,NIFTY,,2026-10-19,2026-10-19,24100.00,CE,NIFTY26O1924100CE,7.10,8.25,4.40,5.40,4.40,7.50,22555.75,5.40,56810,780,913,1430534391.00,400,F1,65,,,,,
2026-10-05,2026-10-05,FO,NSE,IDO,47382,,NIFTY,,2026-10-19,2026-10-19,24600.00,CE,NIFTY26O1924600CE,4.15,4.95,2.35,2.70,2.35,5.10,22555.75,2.70,14430,3185,187,299053417.00,117,F1,65,,,,,
2026-10-05,2026-10-05,FO,NSE,IDO,51230,,NIFTY,,2026-10-27,2026-10-27,20400.00,CE,NIFTY26OCT20400CE,0.00,0.00,0.00,3903.20,0.00,3903.20,22555.75,2223.40,0,0,0,0.00,0,F1,65,,,,,
2026-10-05,2026-10-05,FO,NSE,IDO,74660,,NIFTY,,2031-06-24,2031-06-24,30000.00,PE,NIFTY31JUN30000PE,0.00,0.00,0.00,2616.25,0.00,2616.25,22555.75,2921.02,0,0,0,0.00,0,F1,65,,,,,
2026-10-05,2026-10-05,FO,NSE,IDO,74656,,NIFTY,,2031-06-24,2031-06-24,28500.00,PE,NIFTY31JUN28500PE,0.00,0.00,0.00,2104.20,0.00,2104.20,22555.75,2276.06,0,0,0,0.00,0,F1,65,,,,,
2026-10-05,2026-10-05,FO,NSE,IDO,55697,,NIFTY,,2030-12-31,2030-12-31,16500.00,PE,NIFTY30DEC16500PE,0.00,0.00,0.00,13.65,0.00,13.65,22555.75,39.78,0,0,0,0.00,0,F1,65,,,,,
2026-10-05,2026-10-05,FO,NSE,IDO,61779,,NIFTY,,2029-12-24,2029-12-24,26000.00,PE,NIFTY29DEC26000PE,1970.00,1970.00,1850.00,1850.00,1850.00,1900.00,22555.75,1734.87,4965,585,9,16315000.00,9,F1,65,,,,,
2026-10-05,2026-10-05,FO,NSE,IDO,61747,,NIFTY,,2029-12-24,2029-12-24,23000.00,PE,NIFTY29DEC23000PE,0.00,0.00,0.00,725.05,725.05,725.05,22555.75,752.96,1625,0,0,0.00,0,F1,65,,,,,
2026-10-05,2026-10-05,FO,NSE,IDO,67771,,NIFTY,,2028-12-26,2028-12-26,18000.00,PE,NIFTY28DEC18000PE,0.00,0.00,0.00,250.00,250.00,250.00,22555.75,59.29,75,0,0,0.00,0,F1,65,,,,,
2026-10-05,2026-10-05,FO,NSE,IDO,86140,,NIFTY,,2028-06-27,2028-06-27,18000.00,PE,NIFTY28JUN18000PE,0.00,0.00,0.00,396.75,0.00,396.75,22555.75,43.31,0,0,0,0.00,0,F1,65,,,,,
2026-10-05,2026-10-05,FO,NSE,IDO,53625,,NIFTY,,2027-12-28,2027-12-28,24000.00,PE,NIFTY27DEC24000PE,1148.00,1221.45,1125.35,1178.35,1179.25,1203.35,22555.75,1178.35,258145,3315,351,574228947.50,325,F1,65,,,,,
2026-10-05,2026-10-05,FO,NSE,IDO,53617,,NIFTY,,2027-12-28,2027-12-28,22000.00,PE,NIFTY27DEC22000PE,658.80,658.80,578.00,630.00,629.50,644.50,22555.75,630.00,113625,1820,435,639229776.25,278,F1,65,,,,,
2026-10-05,2026-10-05,FO,NSE,IDO,53606,,NIFTY,,2027-12-28,2027-12-28,19000.00,PE,NIFTY27DEC19000PE,176.75,190.00,170.00,171.10,171.30,177.20,22555.75,171.10,37020,195,21,26173065.75,20,F1,65,,,,,
2026-10-05,2026-10-05,FO,NSE,IDO,51236,,NIFTY,,2026-10-27,2026-10-27,20550.00,CE,NIFTY26OCT20550CE,0.00,0.00,0.00,3758.60,0.00,3758.60,22555.75,2074.07,0,0,0,0.00,0,F1,65,,,,,
2026-10-05,2026-10-05,FO,NSE,IDO,51238,,NIFTY,,2026-10-27,2026-10-27,20600.00,CE,NIFTY26OCT20600CE,0.00,0.00,0.00,3710.55,0.00,3710.55,22555.75,2024.32,0,0,0,0.00,0,F1,65,,,,,
2026-10-05,2026-10-05,FO,NSE,IDO,51268,,NIFTY,,2026-10-27,2026-10-27,21150.00,CE,NIFTY26OCT21150CE,0.00,0.00,0.00,1433.70,1433.70,1433.70,22555.75,1480.64,65,0,0,0.00,0,F1,65,,,,,
2026-10-05,2026-10-05,FO,NSE,IDO,51316,,NIFTY,,2026-10-27,2026-10-27,22200.00,CE,NIFTY26OCT22200CE,580.00,669.05,518.10,581.65,591.75,533.40,22555.75,581.65,221325,113035,5824,8632143900.25,5181,F1,65,,,,,
2026-10-05,2026-10-05,FO,NSE,IDO,51348,,NIFTY,,2026-10-27,2026-10-27,22900.00,CE,NIFTY26OCT22900CE,175.35,218.75,155.50,182.85,181.25,164.50,22555.75,182.85,1247610,-13065,27422,41148457489.75,18850,F1,65,,,,,
2026-10-05,2026-10-05,FO,NSE,IDO,51366,,NIFTY,,2026-10-27,2026-10-27,23350.00,CE,NIFTY26OCT23350CE,62.35,76.50,54.50,63.10,61.50,61.40,22555.75,63.10,164970,10465,4135,6293113892.00,2938,F1,65,,,,,
2026-10-05,2026-10-05,FO,NSE,IDO,51374,,NIFTY,,2026-10-27,2026-10-27,23550.00,CE,NIFTY26OCT23550CE,41.00,46.05,33.65,38.80,37.55,39.90,22555.75,38.80,110240,-33540,3046,4670433852.50,2250,F1,65,,,,,
2026-10-05,2026-10-05,FO,NSE,IDO,51384,,NIFTY,,2026-10-27,2026-10-27,23800.00,CE,NIFTY26OCT23800CE,24.80,27.45,19.75,21.70,20.95,23.80,22555.75,21.70,1812005,-141700,15833,24517015393.00,9997,F1,65,,,,,
2026-10-05,2026-10-05,FO,NSE,IDO,51412,,NIFTY,,2026-10-27,2026-10-27,24450.00,CE,NIFTY26OCT24450CE,10.20,10.25,7.15,8.85,8.30,10.20,22555.75,8.85,61945,-2600,1441,2290936807.25,962,F1,65,,,,,
2026-10-05,2026-10-05,FO,NSE,IDO,51432,,NIFTY,,2026-10-27,2026-10-27,24850.00,CE,NIFTY26OCT24850CE,7.90,7.90,5.30,5.55,5.55,6.85,22555.75,5.55,36920,325,38,61393943.00,19,F1,65,,,,,
2026-10-05,2026-10-05,FO,NSE,IDO,51436,,NIFTY,,2026-10-27,2026-10-27,24950.00,CE,NIFTY26OCT24950CE,5.65,5.65,4.10,5.55,5.55,5.75,22555.75,5.55,62205,65,66,107056579.50,25,F1,65,,,,,
2026-10-05,2026-10-05,FO,NSE,IDO,51524,,NIFTY,,2026-10-27,2026-10-27,26850.00,CE,NIFTY26OCT26850CE,2.35,2.35,0.55,0.55,0.55,0.70,22555.75,0.01,7020,260,29,50614050.50,14,F1,65,,,,,
2026-10-05,2026-10-05,FO,NSE,IDO,53364,,NIFTY,,2026-11-03,2026-11-03,20900.00,CE,NIFTY26N0320900CE,0.00,0.00,0.00,2577.35,0.00,2577.35,22555.75,1751.37,0,0,0,0.00,0,F1,65,,,,,
2026-10-05,2026-10-05,FO,NSE,IDO,53379,,NIFTY,,2026-11-03,2026-11-03,21100.00,CE,NIFTY26N0321100CE,0.00,0.00,0.00,2382.60,0.00,2382.60,22555.75,1556.73,0,0,0,0.00,0,F1,65,,,,,
2026-10-05,2026-10-05,FO,NSE,IDO,53397,,NIFTY,,2026-11-03,2026-11-03,21250.00,CE,NIFTY26N0321250CE,0.00,0.00,0.00,2237.75,0.00,2237.75,22555.75,1412.94,0,0,0,0.00,0,F1,65,,,,,
2026-10-05,2026-10-05,FO,NSE,IDO,53409,,NIFTY,,2026-11-03,2026-11-03,21300.00,CE,NIFTY26N0321300CE,0.00,0.00,0.00,2189.80,0.00,2189.80,22555.75,1365.57,0,0,0,0.00,0,F1,65,,,,,
2026-10-05,2026-10-05,FO,NSE,IDO,55421,,NIFTY,,2027-12-28,2027-12-28,16500.00,PE,NIFTY27DEC16500PE,0.00,0.00,0.00,52.05,52.05,52.05,22555.75,4.22,130,0,0,0.00,0,F1,65,,,,,
2026-10-05,2026-10-05,FO,NSE,IDO,64329,,NIFTY,,2027-09-28,2027-09-28,16500.00,PE,NIFTY27SEP16500PE,0.00,0.00,0.00,8.40,0.00,8.40,22555.75,1.94,0,0,0,0.00,0,F1,65,,,,,
2026-10-05,2026-10-05,FO,NSE,IDO,47193,,NIFTY,,2027-06-29,2027-06-29,33000.00,PE,NIFTY27JUN33000PE,0.00,0.00,0.00,4691.70,0.00,4691.70,22555.75,9144.08,0,0,0,0.00,0,F1,65,,,,,
2026-10-05,2026-10-05,FO,NSE,IDO,50979,,NIFTY,,2026-12-29,2026-12-29,27000.00,PE,NIFTY26DEC27000PE,4000.05,4116.00,3939.00,4025.45,4024.00,4116.40,22555.75,4025.45,1531550,1515,225,453658526.75,212,F1,65,,,,,
2026-10-05,2026-10-05,FO,NSE,IDO,62971,,NIFTY,,2026-12-29,2026-12-29,24050.00,PE,NIFTY26DEC24050PE,1328.15,1361.40,1327.00,1327.00,1327.00,1075.15,22555.75,1365.69,1430,585,9,14852477.25,3,F1,65,,,,,
2026-10-05,2026-10-05,FO,NSE,IDO,62562,,NIFTY,,2026-12-29,2026-12-29,22450.00,PE,NIFTY26DEC22450PE,363.05,430.65,343.35,386.15,386.50,421.50,22555.75,386.15,3705,-260,151,224000955.75,106,F1,65,,,,,
2026-10-05,2026-10-05,FO,NSE,IDO,62478,,NIFTY,,2026-12-29,2026-12-29,21750.00,PE,NIFTY26DEC21750PE,195.35,233.15,186.20,212.55,212.55,229.10,22555.75,179.05,10465,2860,99,141268819.25,62,F1,65,,,,,
2026-10-05,2026-10-05,FO,NSE,IDO,62452,,NIFTY,,2026-12-29,2026-12-29,21600.00,PE,NIFTY26DEC21600PE,178.50,213.00,162.30,188.10,188.00,202.95,22555.75,188.10,23595,3445,263,372450890.50,177,F1,65,,,,,
2026-10-05,2026-10-05,FO,NSE,IDO,62237,,NIFTY,,2026-12-29,2026-12-29,20300.00,PE,NIFTY26DEC20300PE,0.00,0.00,0.00,38.95,0.00,38.95,22555.75,17.30,0,0,0,0.00,0,F1,65,,,,,
2026-10-05,2026-10-05,FO,NSE,IDO,64444,,NIFTY,,2026-11-23,2026-11-23,25100.00,PE,NIFTY26NOV25100PE,0.00,0.00,0.00,2203.10,2203.10,2203.10,22555.75,2368.23,325,0,0,0.00,0,F1,65,,,,,
2026-10-05,2026-10-05,FO,NSE,IDO,64420,,NIFTY,,2026-11-23,2026-11-23,24550.00,PE,NIFTY26NOV24550PE,0.00,0.00,0.00,1567.50,1567.50,1567.50,22555.75,1840.72,195,0,0,0.00,0,F1,65,,,,,
2026-10-05,2026-10-05,FO,NSE,IDO,64392,,NIFTY,,2026-11-23,2026-11-23,23900.00,PE,NIFTY26NOV23900PE,1188.15,1290.00,1130.00,1210.10,1210.10,1435.00,22555.75,1255.38,12350,-520,43,70134314.25,19,F1,65,,,,,
2026-10-05,2026-10-05,FO,NSE,IDO,64374,,NIFTY,,2026-11-23,2026-11-23,23500.00,PE,NIFTY26NOV23500PE,880.00,990.00,812.30,912.95,912.90,982.75,22555.75,912.95,515125,20735,1310,2076622824.25,809,F1,65,,,,,
2026-10-05,2026-10-05,FO,NSE,IDO,64372,,NIFTY,,2026-11-23,2026-11-23,23450.00,PE,NIFTY26NOV23450PE,827.00,940.00,785.70,898.60,898.60,925.25,22555.75,895.40,5460,260,9,14214908.50,9,F1,65,,,,,
2026-10-05,2026-10-05,FO,NSE,IDO,64356,,NIFTY,,2026-11-23,2026-11-23,23250.00,PE,NIFTY26NOV23250PE,705.70,789.30,663.00,756.65,756.65,775.45,22555.75,752.42,13780,1040,31,48221306.25,26,F1,65,,,,,
2026-10-05,2026-10-05,FO,NSE,IDO,64352,,NIFTY,,2026-11-23,2026-11-23,23200.00,PE,NIFTY26NOV23200PE,700.00,772.20,620.00,698.85,695.00,764.45,22555.75,698.85,164905,3445,204,316732253.50,193,F1,65,,,,,
2026-10-05,2026-10-05,FO,NSE,IDO,64305,,NIFTY,,2026-11-23,2026-11-23,22800.00,PE,NIFTY26NOV22800PE,442.70,543.90,408.35,471.45,468.30,526.95,22555.75,471.45,271375,5070,2063,3118970608.00,1342,F1,65,,,,,
2026-10-05,2026-10-05,FO,NSE,IDO,64191,,NIFTY,,2026-11-23,2026-11-23,21300.00,PE,NIFTY26NOV21300PE,88.85,113.90,81.00,95.60,96.00,110.00,22555.75,95.60,59995,7800,1646,2288747314.75,880,F1,65,,,,,
2026-10-05,2026-10-05,FO,NSE,IDO,64177,,NIFTY,,2026-11-23,2026-11-23,21000.00,PE,NIFTY26NOV21000PE,81.80,86.20,62.00,72.25,72.60,81.80,22555.75,72.25,765115,46280,5789,7929123046.00,3594,F1,65,,,,,
2026-10-05,2026-10-05,FO,NSE,IDO,64161,,NIFTY,,2026-11-23,2026-11-23,20750.00,PE,NIFTY26NOV20750PE,0.00,0.00,0.00,70.00,70.00,70.00,22555.75,12.57,390,0,0,0.00,0,F1,65,,,,,
2026-10-05,2026-10-05,FO,NSE,IDO,64152,,NIFTY,,2026-11-23,2026-11-23,20700.00,PE,NIFTY26NOV20700PE,62.00,63.85,42.00,54.60,42.80,60.40,22555.75,54.60,40625,6695,473,638020266.00,238,F1,65,,,,,
2026-10-05,2026-10-05,FO,NSE,IDO,64119,,NIFTY,,2026-11-23,2026-11-23,20100.00,PE,NIFTY26NOV20100PE,0.00,0.00,0.00,3.00,0.00,3.00,22555.75,1.92,0,0,0,0.00,0,F1,65,,,,,
2026-10-05,2026-10-05,FO,NSE,IDO,54375,,NIFTY,,2026-11-03,2026-11-03,25050.00,PE,NIFTY26N0325050PE,0.00,0.00,0.00,1622.00,0.00,1622.00,22555.75,2386.00,0,0,0,0.00,0,F1,65,,,,,
2026-10-05,2026-10-05,FO,NSE,IDO,54193,,NIFTY,,2026-11-03,2026-11-03,24550.00,PE,NIFTY26N0324550PE,0.00,0.00,0.00,1199.80,0.00,1199.80,22555.75,1892.17,0,0,0,0.00,0,F1,65,,,,,
2026-10-05,2026-10-05,FO,NSE,IDO,53859,,NIFTY,,2026-11-03,2026-11-03,22900.00,PE,NIFTY26N0322900PE,442.00,507.25,442.00,479.90,479.90,544.95,22555.75,474.49,3575,0,18,27345548.75,18,F1,65,,,,,
2026-10-05,2026-10-05,FO,NSE,IDO,53781,,NIFTY,,2026-11-03,2026-11-03,22650.00,PE,NIFTY26N0322650PE,316.40,410.90,292.20,344.95,342.00,464.95,22555.75,344.95,5655,1755,62,92584284.00,45,F1,65,,,,,
2026-10-05,2026-10-05,FO,NSE,IDO,53719,,NIFTY,,2026-11-03,2026-11-03,22550.00,PE,NIFTY26N0322550PE,282.00,340.80,258.90,314.75,302.45,362.85,22555.75,314.75,5005,1820,170,252543833.75,134,F1,65,,,,,
2026-10-05,2026-10-05,FO,NSE,IDO,53701,,NIFTY,,2026-11-03,2026-11-03,22500.00,PE,NIFTY26N0322500PE,284.30,342.70,238.45,287.80,282.05,334.45,22555.75,287.80,15210,520,454,672414564.25,331,F1,65,,,,,
2026-10-05,2026-10-05,FO,NSE,IDO,53681,,NIFTY,,2026-11-03,2026-11-03,22450.00,PE,NIFTY26N0322450PE,245.25,325.60,228.10,268.40,264.90,310.65,22555.75,268.40,4615,1885,122,180206682.50,89,F1,65,,,,,
2026-10-05,2026-10-05,FO,NSE,IDO,53471,,NIFTY,,2026-11-03,2026-11-03,21500.00,CE,NIFTY26N0321500CE,0.00,0.00,0.00,1999.75,0.00,1999.75,22555.75,1179.72,0,0,0,0.00,0,F1,65,,,,,
2026-10-05,2026-10-05,FO,NSE,IDO,53519,,NIFTY,,2026-11-03,2026-11-03,21950.00,CE,NIFTY26N0321950CE,0.00,0.00,0.00,1587.30,0.00,1587.30,22555.75,793.63,0,0,0,0.00,0,F1,65,,,,,
2026-10-05,2026-10-05,FO,NSE,IDO,53525,,NIFTY,,2026-11-03,2026-11-03,22000.00,CE,NIFTY26N0322000CE,842.55,849.00,761.00,795.00,795.00,653.55,22555.75,795.00,715,260,16,23718815.25,13,F1,65,,,,,
2026-10-05,2026-10-05,FO,NSE,IDO,53543,,NIFTY,,2026-11-03,2026-11-03,22050.00,CE,NIFTY26N0322050CE,0.00,0.00,0.00,1499.40,0.00,1499.40,22555.75,716.20,0,0,0,0.00,0,F1,65,,,,,
2026-10-05,2026-10-05,FO,NSE,IDO,53664,,NIFTY,,2026-11-03,2026-11-03,22350.00,CE,NIFTY26N0322350CE,529.85,529.85,529.85,529.85,529.85,490.55,22555.75,507.51,520,0,1,1487190.25,1,F1,65,,,,,
2026-10-05,2026-10-05,FO,NSE,IDO,54052,,NIFTY,,2026-11-03,2026-11-03,23500.00,CE,NIFTY26N0323500CE,76.45,84.90,65.00,72.95,72.10,72.50,22555.75,72.95,45630,-3185,711,1089555623.00,425,F1,65,,,,,
2026-10-05,2026-10-05,FO,NSE,IDO,54110,,NIFTY,,2026-11-03,2026-11-03,24000.00,CE,NIFTY26N0324000CE,33.00,36.05,26.00,29.35,28.85,31.30,22555.75,29.35,118755,15535,1360,2124235889.75,832,F1,65,,,,,
2026-10-05,2026-10-05,FO,NSE,IDO,54134,,NIFTY,,2026-11-03,2026-11-03,24450.00,CE,NIFTY26N0324450CE,0.00,0.00,0.00,14.90,14.90,14.90,22555.75,6.69,780,0,0,0.00,0,F1,65,,,,,
2026-10-05,2026-10-05,FO,NSE,IDO,54136,,NIFTY,,2026-11-03,2026-11-03,24500.00,CE,NIFTY26N0324500CE,17.00,17.00,13.70,13.95,13.80,18.10,22555.75,13.95,5525,2275,100,159344828.50,44,F1,65,,,,,
2026-10-05,2026-10-05,FO,NSE,IDO,54262,,NIFTY,,2026-11-03,2026-11-03,24750.00,CE,NIFTY26N0324750CE,10.00,13.95,10.00,12.20,12.20,9.90,22555.75,12.20,1755,1105,18,28970688.50,8,F1,65,,,,,
2026-10-05,2026-10-05,FO,NSE,IDO,54268,,NIFTY,,2026-11-03,2026-11-03,24800.00,CE,NIFTY26N0324800CE,11.40,11.40,10.30,10.45,10.45,12.10,22555.75,2.26,1495,195,4,6450772.25,4,F1,65,,,,,
2026-10-05,2026-10-05,FO,NSE,IDO,54378,,NIFTY,,2026-11-03,2026-11-03,25100.00,CE,NIFTY26N0325100CE,10.95,10.95,8.15,9.75,9.80,9.95,22555.75,9.75,23660,-975,116,189322932.50,58,F1,65,,,,,
2026-10-05,2026-10-05,FO,NSE,IDO,64134,,NIFTY,,2026-11-23,2026-11-23,20350.00,CE,NIFTY26NOV20350CE,0.00,0.00,0.00,4291.70,0.00,4291.70,22555.75,2359.61,0,0,0,0.00,0,F1,65,,,,,
2026-10-05,2026-10-05,FO,NSE,IDO,64288,,NIFTY,,2026-11-23,2026-11-23,22650.00,CE,NIFTY26NOV22650CE,499.10,528.75,435.50,479.60,478.10,447.80,22555.75,479.60,6955,3185,171,257076251.25,139,F1,65,,,,,
2026-10-05,2026-10-05,FO,NSE,IDO,64351,,NIFTY,,2026-11-23,2026-11-23,23200.00,CE,NIFTY26NOV23200CE,244.70,261.30,210.65,234.65,231.55,219.50,22555.75,234.65,277290,2925,2363,3599682625.50,1802,F1,65,,,,,
2026-10-05,2026-10-05,FO,NSE,IDO,64357,,NIFTY,,2026-11-23,2026-11-23,23300.00,CE,NIFTY26NOV23300CE,208.55,225.15,180.10,201.50,199.55,188.95,22555.75,201.50,158535,14885,1830,2795663364.00,1442,F1,65,,,,,
2026-10-05,2026-10-05,FO,NSE,IDO,64361,,NIFTY,,2026-11-23,2026-11-23,23400.00,CE,NIFTY26NOV23400CE,184.65,203.10,155.80,173.55,173.30,164.80,22555.75,173.55,213655,37375,1788,2739784375.25,1270,F1,65,,,,,
2026-10-05,2026-10-05,FO,NSE,IDO,64417,,NIFTY,,2026-11-23,2026-11-23,24500.00,CE,NIFTY26NOV24500CE,39.05,43.00,32.90,35.25,34.10,37.45,22555.75,35.25,834145,-9750,9679,15436492987.50,6168,F1,65,,,,,
2026-10-05,2026-10-05,FO,NSE,IDO,62229,,NIFTY,,2026-12-29,2026-12-29,20200.00,CE,NIFTY26DEC20200CE,0.00,0.00,0.00,2845.65,0.00,2845.65,22555.75,2626.97,0,0,0,0.00,0,F1,65,,,,,
2026-10-05,2026-10-05,FO,NSE,IDO,62469,,NIFTY,,2026-12-29,2026-12-29,21700.00,CE,NIFTY26DEC21700CE,1342.45,1344.75,1315.60,1320.00,1320.00,1290.00,22555.75,1320.00,2665,390,17,25450145.50,6,F1,65,,,,,
2026-10-05,2026-10-05,FO,NSE,IDO,53498,,NIFTY,,2026-11-03,2026-11-03,21650.00,PE,NIFTY26N0321650PE,0.00,0.00,0.00,153.55,153.55,153.55,22555.75,45.07,520,0,0,0.00,0,F1,65,,,,,
2026-10-05,2026-10-05,FO,NSE,IDO,62557,,NIFTY,,2026-12-29,2026-12-29,22400.00,CE,NIFTY26DEC22400CE,836.15,887.95,770.00,819.35,816.05,780.45,22555.75,819.35,15470,-520,107,161490871.75,87,F1,65,,,,,
2026-10-05,2026-10-05,FO,NSE,IDO,53408,,NIFTY,,2026-11-03,2026-11-03,21250.00,PE,NIFTY26N0321250PE,0.00,0.00,0.00,14.00,0.00,14.00,22555.75,14.53,0,0,0,0.00,0,F1,65,,,,,
2026-10-05,2026-10-05,FO,NSE,IDO,53380,,NIFTY,,2026-11-03,2026-11-03,21100.00,PE,NIFTY26N0321100PE,0.00,0.00,0.00,69.75,69.75,69.75,22555.75,8.98,585,0,0,0.00,0,F1,65,,,,,
2026-10-05,2026-10-05,FO,NSE,IDO,53372,,NIFTY,,2026-11-03,2026-11-03,20950.00,PE,NIFTY26N0320950PE,40.00,40.00,40.00,40.00,40.00,27.30,22555.75,5.37,1170,65,1,1364350.00,1,F1,65,,,,,
2026-10-05,2026-10-05,FO,NSE,IDO,53367,,NIFTY,,2026-11-03,2026-11-03,20900.00,PE,NIFTY26N0320900PE,0.00,0.00,0.00,41.55,42.20,41.55,22555.75,4.49,1430,0,0,0.00,0,F1,65,,,,,
2026-10-05,2026-10-05,FO,NSE,IDO,53311,,NIFTY,,2026-11-03,2026-11-03,20100.00,PE,NIFTY26N0320100PE,0.00,0.00,0.00,0.60,0.00,0.60,22555.75,0.15,0,0,0,0.00,0,F1,65,,,,,
2026-10-05,2026-10-05,FO,NSE,IDO,51531,,NIFTY,,2026-10-27,2026-10-27,27000.00,PE,NIFTY26OCT27000PE,4300.00,4398.00,4228.50,4352.95,4348.50,4405.55,22555.75,4352.95,942370,-2145,162,329903099.50,150,F1,65,,,,,
2026-10-05,2026-10-05,FO,NSE,IDO,51513,,NIFTY,,2026-10-27,2026-10-27,26550.00,PE,NIFTY26OCT26550PE,0.00,0.00,0.00,2330.10,0.00,2330.10,22555.75,3906.38,0,0,0,0.00,0,F1,65,,,,,
2026-10-05,2026-10-05,FO,NSE,IDO,51453,,NIFTY,,2026-10-27,2026-10-27,25300.00,PE,NIFTY26OCT25300PE,0.00,0.00,0.00,2600.00,2600.00,2600.00,22555.75,2660.58,10465,0,0,0.00,0,F1,65,,,,,
2026-10-05,2026-10-05,FO,NSE,IDO,51435,,NIFTY,,2026-10-27,2026-10-27,24900.00,PE,NIFTY26OCT24900PE,2279.80,2316.90,2256.70,2256.70,2256.70,2499.00,22555.75,2256.70,142025,-130,8,14133219.75,8,F1,65,,,,,
2026-10-05,2026-10-05,FO,NSE,IDO,51417,,NIFTY,,2026-10-27,2026-10-27,24450.00,PE,NIFTY26OCT24450PE,1775.00,1877.00,1775.00,1777.00,1777.00,1922.00,22555.75,1815.58,8255,0,3,5120635.00,3,F1,65,,,,,
2026-10-05,2026-10-05,FO,NSE,IDO,51411,,NIFTY,,2026-10-27,2026-10-27,24400.00,PE,NIFTY26OCT24400PE,1753.60,1827.90,1660.00,1785.00,1785.00,1837.00,22555.75,1766.20,150995,650,41,69700572.50,40,F1,65,,,,,
2026-10-05,2026-10-05,FO,NSE,IDO,51373,,NIFTY,,2026-10-27,2026-10-27,23500.00,PE,NIFTY26OCT23500PE,901.05,1012.75,804.65,909.20,906.00,999.40,22555.75,909.20,5408910,-419770,15451,24478245779.00,11467,F1,65,,,,,
2026-10-05,2026-10-05,FO,NSE,IDO,62698,,NIFTY,,2026-12-29,2026-12-29,22950.00,CE,NIFTY26DEC22950CE,509.60,550.05,475.30,503.85,503.85,481.50,22555.75,503.85,5265,130,39,59485149.75,32,F1,65,,,,,
2026-10-05,2026-10-05,FO,NSE,IDO,62880,,NIFTY,,2026-12-29,2026-12-29,23400.00,CE,NIFTY26DEC23400CE,315.00,348.95,292.95,311.35,312.90,297.45,22555.75,311.35,22750,260,205,316054800.75,163,F1,65,,,,,
2026-10-05,2026-10-05,FO,NSE,IDO,62968,,NIFTY,,2026-12-29,2026-12-29,23950.00,CE,NIFTY26DEC23950CE,175.20,178.55,161.65,165.65,165.65,161.25,22555.75,165.65,13390,325,53,83090491.25,35,F1,65,,,,,
2026-10-05,2026-10-05,FO,NSE,IDO,63451,,NIFTY,,2026-12-29,2026-12-29,24350.00,CE,NIFTY26DEC24350CE,110.10,111.60,98.20,98.20,98.20,102.95,22555.75,98.20,3900,0,18,28611917.75,10,F1,65,,,,,
2026-10-05,2026-10-05,FO,NSE,IDO,55372,,NIFTY,,2027-06-29,2027-06-29,19500.00,CE,NIFTY27JUN19500CE,0.00,0.00,0.00,8143.40,0.00,8143.40,22555.75,3874.28,0,0,0,0.00,0,F1,65,,,,,
2026-10-05,2026-10-05,FO,NSE,IDO,47192,,NIFTY,,2027-06-29,2027-06-29,33000.00,CE,NIFTY27JUN33000CE,0.00,0.00,0.00,1122.75,0.00,1122.75,22555.75,1.16,0,0,0,0.00,0,F1,65,,,,,
2026-10-05,2026-10-05,FO,NSE,IDO,64336,,NIFTY,,2027-09-28,2027-09-28,21000.00,CE,NIFTY27SEP21000CE,0.00,0.00,0.00,3277.85,0.00,3277.85,22555.75,2911.03,0,0,0,0.00,0,F1,65,,,,,
2026-10-05,2026-10-05,FO,NSE,IDO,47196,,NIFTY,,2028-06-27,2028-06-27,33000.00,CE,NIFTY28JUN33000CE,0.00,0.00,0.00,2004.15,0.00,2004.15,22555.75,96.55,0,0,0,0.00,0,F1,65,,,,,
2026-10-05,2026-10-05,FO,NSE,IDO,55608,,NIFTY,,2029-12-24,2029-12-24,31500.00,CE,NIFTY29DEC31500CE,0.00,0.00,0.00,3429.30,0.00,3429.30,22555.75,886.81,0,0,0,0.00,0,F1,65,,,,,
2026-10-05,2026-10-05,FO,NSE,IDO,55758,,NIFTY,,2030-12-31,2030-12-31,27000.00,CE,NIFTY30DEC27000CE,0.00,0.00,0.00,6772.80,0.00,6772.80,22555.75,3019.20,0,0,0,0.00,0,F1,65,,,,,
2026-10-05,2026-10-05,FO,NSE,IDO,74645,,NIFTY,,2031-06-24,2031-06-24,21000.00,CE,NIFTY31JUN21000CE,0.00,0.00,0.00,8900.75,0.00,8900.75,22555.75,6698.54,0,0,0,0.00,0,F1,65,,,,,
2026-10-05,2026-10-05,FO,NSE,IDO,51371,,NIFTY,,2026-10-27,2026-10-27,23450.00,PE,NIFTY26OCT23450PE,813.00,910.00,767.35,847.70,847.70,909.75,22555.75,847.70,45890,130,61,96347719.00,56,F1,65,,,,,
2026-10-05,2026-10-05,FO,NSE,IDO,51359,,NIFTY,,2026-10-27,2026-10-27,23150.00,PE,NIFTY26OCT23150PE,599.80,712.80,536.20,616.55,614.25,692.75,22555.75,616.55,33735,715,122,188356918.75,107,F1,65,,,,,
2026-10-05,2026-10-05,FO,NSE,IDO,51355,,NIFTY,,2026-10-27,2026-10-27,23050.00,PE,NIFTY26OCT23050PE,614.60,620.00,466.80,543.20,539.85,622.75,22555.75,543.20,55055,1365,365,559721841.25,274,F1,65,,,,,
2026-10-05,2026-10-05,FO,NSE,IDO,51339,,NIFTY,,2026-10-27,2026-10-27,22650.00,PE,NIFTY26OCT22650PE,350.00,392.80,259.85,322.10,314.00,376.85,22555.75,322.10,229645,18005,4872,7270932792.50,3700,F1,65,,,,,
2026-10-05,2026-10-05,FO,NSE,IDO,51311,,NIFTY,,2026-10-27,2026-10-27,22050.00,PE,NIFTY26OCT22050PE,110.55,163.85,102.60,125.35,124.05,158.00,22555.75,125.35,75205,7865,1867,2690983454.25,1317,F1,65,,,,,
2026-10-05,2026-10-05,FO,NSE,IDO,51297,,NIFTY,,2026-10-27,2026-10-27,21750.00,PE,NIFTY26OCT21750PE,75.00,105.40,64.70,78.25,77.60,99.45,22555.75,78.25,54535,3185,1688,2395024973.25,1010,F1,65,,,,,
2026-10-05,2026-10-05,FO,NSE,IDO,51293,,NIFTY,,2026-10-27,2026-10-27,21650.00,PE,NIFTY26OCT21650PE,69.50,90.40,53.95,67.60,65.95,85.30,22555.75,67.60,110240,8515,1807,2550645552.00,1121,F1,65,,,,,
2026-10-05,2026-10-05,FO,NSE,IDO,51241,,NIFTY,,2026-10-27,2026-10-27,20650.00,PE,NIFTY26OCT20650PE,16.95,22.70,12.65,18.15,18.30,23.00,22555.75,18.15,8450,-1300,491,659633864.50,379,F1,65,,,,,
2026-10-05,2026-10-05,FO,NSE,IDO,51219,,NIFTY,,2026-10-27,2026-10-27,20200.00,PE,NIFTY26OCT20200PE,0.00,0.00,0.00,8.20,0.00,8.20,22555.75,0.04,0,0,0,0.00,0,F1,65,,,,,
2026-10-05,2026-10-05,FO,NSE,IDO,51215,,NIFTY,,2026-10-27,2026-10-27,20100.00,PE,NIFTY26OCT20100PE,13.95,13.95,7.05,10.30,10.50,6.85,22555.75,10.30,19955,19955,2266,2962161192.25,1901,F1,65,,,,,
2026-10-05,2026-10-05,FO,NSE,IDO,47383,,NIFTY,,2026-10-19,2026-10-19,24600.00,PE,NIFTY26O1924600PE,0.00,0.00,0.00,1500.00,1500.00,1500.00,22555.75,1992.50,325,0,0,0.00,0,F1,65,,,,,
2026-10-05,2026-10-05,FO,NSE,IDO,47375,,NIFTY,,2026-10-19,2026-10-19,24550.00,PE,NIFTY26O1924550PE,0.00,0.00,0.00,1372.75,0.00,1372.75,22555.75,1942.64,0,0,0,0.00,0,F1,65,,,,,
2026-10-05,2026-10-05,FO,NSE,IDO,47200,,NIFTY,,2026-10-19,2026-10-19,23650.00,PE,NIFTY26O1923650PE,0.00,0.00,0.00,958.10,958.10,958.10,22555.75,1054.30,1040,0,0,0.00,0,F1,65,,,,,
2026-10-05,2026-10-05,FO,NSE,IDO,47178,,NIFTY,,2026-10-19,2026-10-19,23350.00,PE,NIFTY26O1923350PE,737.15,803.20,737.15,803.20,803.20,973.80,22555.75,775.14,2145,0,7,10979416.50,5,F1,65,,,,,
2026-10-05,2026-10-05,FO,NSE,IDO,47168,,NIFTY,,2026-10-19,2026-10-19,23100.00,PE,NIFTY26O1923100PE,525.50,635.00,473.65,565.30,560.00,652.60,22555.75,565.30,51805,44655,853,1312202076.25,391,F1,65,,,,,
2026-10-05,2026-10-05,FO,NSE,IDO,47156,,NIFTY,,2026-10-19,2026-10-19,22850.00,PE,NIFTY26O1922850PE,370.75,463.80,315.10,395.65,383.75,460.40,22555.75,395.65,13585,-455,428,646032104.25,303,F1,65,,,,,
2026-10-05,2026-10-05,FO,NSE,IDO,47109,,NIFTY,,2026-10-19,2026-10-19,21900.00,PE,NIFTY26O1921900PE,85.50,93.70,52.40,65.20,63.45,91.20,22555.75,65.20,94575,56095,3579,5110494265.50,2458,F1,65,,,,,
2026-10-05,2026-10-05,FO,NSE,IDO,47074,,NIFTY,,2026-10-19,2026-10-19,21150.00,PE,NIFTY26O1921150PE,15.30,24.50,11.25,17.90,17.00,27.00,22555.75,17.90,6240,780,411,565500204.75,168,F1,65,,,,,
2026-10-05,2026-10-05,FO,NSE,IDO,47062,,NIFTY,,2026-10-19,2026-10-19,20850.00,PE,NIFTY26O1920850PE,10.80,20.65,9.25,12.45,11.65,4.65,22555.75,12.45,4355,4355,172,233264944.25,57,F1,65,,,,,
2026-10-05,2026-10-05,FO,NSE,IDO,40568,,NIFTY,,2026-10-06,2026-10-06,20250.00,PE,NIFTY26O0620250PE,1.05,1.05,0.25,0.40,0.45,1.05,22555.75,0.40,39715,30680,5334,7021073673.25,1192,F1,65,,,,,
2026-10-05,2026-10-05,FO,NSE,IDO,40574,,NIFTY,,2026-10-06,2026-10-06,20400.00,PE,NIFTY26O0620400PE,0.95,1.10,0.25,0.35,0.30,1.20,22555.75,0.35,72930,49855,18045,23928344982.75,4105,F1,65,,,,,
2026-10-05,2026-10-05,FO,NSE,IDO,40644,,NIFTY,,2026-10-06,2026-10-06,21450.00,PE,NIFTY26O0621450PE,3.95,3.95,0.70,0.95,0.70,3.95,22555.75,0.95,712985,-80600,289099,403101958668.50,35657,F1,65,,,,,
2026-10-05,2026-10-05,FO,NSE,IDO,40653,,NIFTY,,2026-10-06,2026-10-06,21650.00,PE,NIFTY26O0621650PE,5.40,5.40,1.00,1.35,1.15,6.05,22555.75,1.35,1453660,324545,1415103,1991593204402.75,131859,F1,65,,,,,
2026-10-05,2026-10-05,FO,NSE,IDO,47042,,NIFTY,,2026-10-19,2026-10-19,20350.00,PE,NIFTY26O1920350PE,0.00,0.00,0.00,1.00,0.00,1.00,22555.75,0.01,0,0,0,0.00,0,F1,65,,,,,
2026-10-05,2026-10-05,FO,NSE,IDO,47034,,NIFTY,,2026-10-19,2026-10-19,20150.00,PE,NIFTY26O1920150PE,0.00,0.00,0.00,0.50,0.00,0.50,22555.75,0.01,0,0,0,0.00,0,F1,65,,,,,
2026-10-05,2026-10-05,FO,NSE,IDO,47030,,NIFTY,,2026-10-19,2026-10-19,20050.00,PE,NIFTY26O1920050PE,4.00,8.30,1.30,4.25,4.50,0.35,22555.75,4.25,3445,3445,107,139480464.50,38,F1,65,,,,,
2026-10-05,2026-10-05,FO,NSE,IDO,44739,,NIFTY,,2026-10-13,2026-10-13,24300.00,PE,NIFTY26O1324300PE,1640.00,1790.00,1610.00,1729.10,1686.10,1773.40,22555.75,1729.10,37635,34840,609,1029527343.00,347,F1,65,,,,,
2026-10-05,2026-10-05,FO,NSE,IDO,44721,,NIFTY,,2026-10-13,2026-10-13,24100.00,PE,NIFTY26O1324100PE,1440.00,1600.00,1410.00,1513.10,1513.75,1595.50,22555.75,1513.10,49855,36530,674,1121916386.50,302,F1,65,,,,,
2026-10-05,2026-10-05,FO,NSE,IDO,44671,,NIFTY,,2026-10-13,2026-10-13,23550.00,PE,NIFTY26O1323550PE,945.05,1010.00,929.95,975.40,975.40,1020.40,22555.75,975.40,19890,15015,287,456892354.75,144,F1,65,,,,,
2026-10-05,2026-10-05,FO,NSE,IDO,44649,,NIFTY,,2026-10-13,2026-10-13,23150.00,PE,NIFTY26O1323150PE,539.85,664.60,495.00,608.05,595.45,688.25,22555.75,608.05,14170,3380,205,316139115.50,141,F1,65,,,,,
2026-10-05,2026-10-05,FO,NSE,IDO,40656,,NIFTY,,2026-10-06,2026-10-06,21700.00,PE,NIFTY26O0621700PE,3.45,3.45,1.10,1.45,1.20,6.90,22555.75,1.45,4664725,596570,2356155,3323701103898.50,243226,F1,65,,,,,
2026-10-05,2026-10-05,FO,NSE,IDO,60910,,NIFTY,,2030-06-25,2030-06-25,27000.00,CE,NIFTY30JUN27000CE,0.00,0.00,0.00,6972.50,0.00,6972.50,22555.75,2557.68,0,0,0,0.00,0,F1,65,,,,,
2026-10-05,2026-10-05,FO,NSE,IDO,61794,,NIFTY,,2029-12-24,2029-12-24,27000.00,CE,NIFTY29DEC27000CE,0.00,0.00,0.00,6201.65,0.00,6201.65,22555.75,2111.19,0,0,0,0.00,0,F1,65,,,,,
2026-10-05,2026-10-05,FO,NSE,IDO,61374,,NIFTY,,2029-12-24,2029-12-24,15000.00,CE,NIFTY29DEC15000CE,0.00,0.00,0.00,13369.45,0.00,13369.45,22555.75,10000.76,0,0,0,0.00,0,F1,65,,,,,
2026-10-05,2026-10-05,FO,NSE,IDO,67794,,NIFTY,,2028-12-26,2028-12-26,30000.00,CE,NIFTY28DEC30000CE,660.00,660.00,615.00,619.00,615.00,617.60,22555.75,619.00,21510,325,24,47777379.00,21,F1,65,,,,,
2026-10-05,2026-10-05,FO,NSE,IDO,55470,,NIFTY,,2028-06-27,2028-06-27,19500.00,CE,NIFTY28JUN19500CE,0.00,0.00,0.00,9209.10,0.00,9209.10,22555.75,4957.90,0,0,0,0.00,0,F1,65,,,,,
2026-10-05,2026-10-05,FO,NSE,IDO,86139,,NIFTY,,2028-06-27,2028-06-27,18000.00,CE,NIFTY28JUN18000CE,0.00,0.00,0.00,6809.35,0.00,6809.35,22555.75,6231.69,0,0,0,0.00,0,F1,65,,,,,
2026-10-05,2026-10-05,FO,NSE,IDO,64217,,NIFTY,,2026-11-23,2026-11-23,21600.00,PE,NIFTY26NOV21600PE,130.00,155.35,110.35,129.95,130.30,151.40,22555.75,129.95,43615,13910,1220,1723007224.25,752,F1,65,,,,,
2026-10-05,2026-10-05,FO,NSE,IDO,44745,,NIFTY,,2026-10-13,2026-10-13,24350.00,PE,NIFTY26O1324350PE,0.00,0.00,0.00,1430.00,1430.00,1430.00,22555.75,1764.92,520,0,0,0.00,0,F1,65,,,,,
2026-10-05,2026-10-05,FO,NSE,IDO,40615,,NIFTY,,2026-10-06,2026-10-06,21000.00,CE,NIFTY26O0621000CE,1508.10,1631.65,1457.00,1550.80,1552.20,1448.55,22555.75,1550.80,9555,5655,173,253289673.00,130,F1,65,,,,,
2026-10-05,2026-10-05,FO,NSE,IDO,40663,,NIFTY,,2026-10-06,2026-10-06,21900.00,CE,NIFTY26O0621900CE,674.85,736.05,530.60,654.30,656.20,575.75,22555.75,654.30,34190,-4745,1608,2354627239.25,1085,F1,65,,,,,
2026-10-05,2026-10-05,FO,NSE,IDO,40687,,NIFTY,,2026-10-06,2026-10-06,22400.00,CE,NIFTY26O0622400CE,191.60,266.35,117.40,184.85,179.60,161.50,22555.75,184.85,2307565,-1256255,2366640,3472243731973.25,1345306,F1,65,,,,,
2026-10-05,2026-10-05,FO,NSE,IDO,40710,,NIFTY,,2026-10-06,2026-10-06,22700.00,CE,NIFTY26O0622700CE,55.00,62.95,18.35,26.35,23.25,40.75,22555.75,26.35,11127545,1458535,7413468,10955187665087.25,2092691,F1,65,,,,,
2026-10-05,2026-10-05,FO,NSE,IDO,40715,,NIFTY,,2026-10-06,2026-10-06,22800.00,CE,NIFTY26O0622800CE,26.95,30.00,8.45,10.85,8.50,24.75,22555.75,10.85,14377545,5434455,5342437,7923025828354.00,1071889,F1,65,,,,,
2026-10-05,2026-10-05,FO,NSE,IDO,40749,,NIFTY,,2026-10-06,2026-10-06,23250.00,CE,NIFTY26O0623250CE,5.10,5.10,1.00,1.25,1.05,4.35,22555.75,1.25,3334435,1304615,623958,943029944574.25,96670,F1,65,,,,,
2026-10-05,2026-10-05,FO,NSE,IDO,40763,,NIFTY,,2026-10-06,2026-10-06,23550.00,CE,NIFTY26O0623550CE,2.20,2.20,0.50,0.75,0.55,2.00,22555.75,0.75,1122550,-505245,223302,341834651957.50,35097,F1,65,,,,,
2026-10-05,2026-10-05,FO,NSE,IDO,40793,,NIFTY,,2026-10-06,2026-10-06,24000.00,CE,NIFTY26O0624000CE,1.10,1.10,0.35,0.45,0.35,1.15,22555.75,0.45,5315960,-5783050,554316,864756133348.25,53660,F1,65,,,,,
2026-10-05,2026-10-05,FO,NSE,IDO,40819,,NIFTY,,2026-10-06,2026-10-06,24350.00,CE,NIFTY26O0624350CE,0.65,0.65,0.25,0.30,0.25,0.65,22555.75,0.30,839735,-69940,57976,91763001317.00,3583,F1,65,,,,,
2026-10-05,2026-10-05,FO,NSE,IDO,40844,,NIFTY,,2026-10-06,2026-10-06,24700.00,CE,NIFTY26O0624700CE,0.60,0.65,0.25,0.30,0.25,0.60,22555.75,0.30,175565,-140140,13108,21045247258.75,2026,F1,65,,,,,
2026-10-05,2026-10-05,FO,NSE,IDO,40873,,NIFTY,,2026-10-06,2026-10-06,25200.00,CE,NIFTY26O0625200CE,0.50,0.60,0.20,0.25,0.20,0.50,22555.75,0.25,283790,7605,26854,43987383215.75,7447,F1,65,,,,,
2026-10-05,2026-10-05,FO,NSE,IDO,44442,,NIFTY,,2026-10-13,2026-10-13,20050.00,CE,NIFTY26O1320050CE,0.00,0.00,0.00,3696.80,0.00,3696.80,22555.75,2529.90,0,0,0,0.00,0,F1,65,,,,,
2026-10-05,2026-10-05,FO,NSE,IDO,44460,,NIFTY,,2026-10-13,2026-10-13,20350.00,CE,NIFTY26O1320350CE,0.00,0.00,0.00,3398.60,0.00,3398.60,22555.75,2230.27,0,0,0,0.00,0,F1,65,,,,,
2026-10-05,2026-10-05,FO,NSE,IDO,44474,,NIFTY,,2026-10-13,2026-10-13,20600.00,CE,NIFTY26O1320600CE,0.00,0.00,0.00,3150.35,0.00,3150.35,22555.75,1980.57,0,0,0,0.00,0,F1,65,,,,,
2026-10-05,2026-10-05,FO,NSE,IDO,44498,,NIFTY,,2026-10-13,2026-10-13,20850.00,CE,NIFTY26O1320850CE,0.00,0.00,0.00,2902.50,0.00,2902.50,22555.75,1730.87,0,0,0,0.00,0,F1,65,,,,,
2026-10-05,2026-10-05,FO,NSE,IDO,44520,,NIFTY,,2026-10-13,2026-10-13,21150.00,CE,NIFTY26O1321150CE,0.00,0.00,0.00,2606.15,0.00,2606.15,22555.75,1431.28,0,0,0,0.00,0,F1,65,,,,,
2026-10-05,2026-10-05,FO,NSE,IDO,44584,,NIFTY,,2026-10-13,2026-10-13,22100.00,CE,NIFTY26O1322100CE,573.65,625.45,456.30,527.65,523.90,482.00,22555.75,527.65,73060,31005,2600,3826256947.50,1767,F1,65,,,,,
2026-10-05,2026-10-05,FO,NSE,IDO,44662,,NIFTY,,2026-10-13,2026-10-13,23450.00,CE,NIFTY26O1323450CE,12.15,12.15,7.00,7.90,7.50,11.20,22555.75,7.90,313170,69225,21712,33106998281.50,11272,F1,65,,,,,
2026-10-05,2026-10-05,FO,NSE,IDO,44700,,NIFTY,,2026-10-13,2026-10-13,23900.00,CE,NIFTY26O1323900CE,4.35,4.40,2.25,2.50,2.40,4.25,22555.75,2.50,541840,254345,26049,40471903472.00,12184,F1,65,,,,,
2026-10-05,2026-10-05,FO,NSE,IDO,44748,,NIFTY,,2026-10-13,2026-10-13,24450.00,CE,NIFTY26O1324450CE,1.35,1.65,0.85,1.05,0.95,1.85,22555.75,1.05,30290,14755,1550,2463440765.50,573,F1,65,,,,,
2026-10-05,2026-10-05,FO,NSE,IDO,44770,,NIFTY,,2026-10-13,2026-10-13,24900.00,CE,NIFTY26O1324900CE,1.35,1.45,0.80,0.95,1.00,1.35,22555.75,0.95,26325,-12675,1093,1769092952.25,483,F1,65,,,,,
2026-10-05,2026-10-05,FO,NSE,IDO,44782,,NIFTY,,2026-10-13,2026-10-13,25100.00,CE,NIFTY26O1325100CE,1.25,1.25,0.75,0.90,0.95,1.30,22555.75,0.90,25805,10205,768,1253040360.00,226,F1,65,,,,,
2026-10-05,2026-10-05,FO,NSE,IDO,44798,,NIFTY,,2026-10-13,2026-10-13,25400.00,CE,NIFTY26O1325400CE,0.95,4.10,0.70,0.75,0.70,0.95,22555.75,0.75,312390,43160,6426,10609694683.25,1794,F1,65,,,,,
2026-10-05,2026-10-05,FO,NSE,IDO,47043,,NIFTY,,2026-10-19,2026-10-19,20400.00,CE,NIFTY26O1920400CE,0.00,0.00,0.00,2831.20,0.00,2831.20,22555.75,2198.75,0,0,0,0.00,0,F1,65,,,,,
2026-10-05,2026-10-05,FO,NSE,IDO,47059,,NIFTY,,2026-10-19,2026-10-19,20800.00,CE,NIFTY26O1920800CE,0.00,0.00,0.00,2436.25,0.00,2436.25,22555.75,1799.69,0,0,0,0.00,0,F1,65,,,,,
2026-10-05,2026-10-05,FO,NSE,IDO,47106,,NIFTY,,2026-10-19,2026-10-19,21850.00,CE,NIFTY26O1921850CE,0.00,0.00,0.00,1032.85,1032.85,1032.85,22555.75,777.78,65,0,0,0.00,0,F1,65,,,,,
2026-10-05,2026-10-05,FO,NSE,IDO,47159,,NIFTY,,2026-10-19,2026-10-19,22950.00,CE,NIFTY26O1922950CE,100.00,135.55,90.15,104.25,103.35,98.95,22555.75,104.25,25155,3055,2553,3827380267.75,1564,F1,65,,,,,
2026-10-05,2026-10-05,FO,NSE,IDO,47175,,NIFTY,,2026-10-19,2026-10-19,23300.00,CE,NIFTY26O1923300CE,44.00,47.70,30.95,35.95,33.40,39.80,22555.75,35.95,145795,-3835,7556,11462846313.75,4798,F1,65,,,,,
2026-10-05,2026-10-05,FO,NSE,IDO,47217,,NIFTY,,2026-10-19,2026-10-19,24000.00,CE,NIFTY26O1924000CE,9.05,11.00,6.00,6.30,6.00,8.85,22555.75,6.30,345280,113425,5430,8473249876.00,1886,F1,65,,,,,
2026-10-05,2026-10-05,FO,NSE,IDO,47229,,NIFTY,,2026-10-19,2026-10-19,24150.00,CE,NIFTY26O1924150CE,6.00,6.45,4.55,5.50,5.45,8.60,22555.75,5.50,5265,0,73,114619066.25,38,F1,65,,,,,
2026-10-05,2026-10-05,FO,NSE,IDO,51258,,NIFTY,,2026-10-27,2026-10-27,20950.00,CE,NIFTY26OCT20950CE,0.00,0.00,0.00,3376.90,0.00,3376.90,22555.75,1677.20,0,0,0,0.00,0,F1,65,,,,,
2026-10-05,2026-10-05,FO,NSE,IDO,51266,,NIFTY,,2026-10-27,2026-10-27,21100.00,CE,NIFTY26OCT21100CE,0.00,0.00,0.00,1340.00,1340.00,1340.00,22555.75,1529.57,65,0,0,0.00,0,F1,65,,,,,
2026-10-05,2026-10-05,FO,NSE,IDO,51292,,NIFTY,,2026-10-27,2026-10-27,21650.00,CE,NIFTY26OCT21650CE,1000.00,1000.00,1000.00,1000.00,1000.00,912.35,22555.75,1006.16,130,65,1,1472250.00,1,F1,65,,,,,
2026-10-05,2026-10-05,FO,NSE,IDO,51350,,NIFTY,,2026-10-27,2026-10-27,22950.00,CE,NIFTY26OCT22950CE,160.00,197.00,139.80,163.00,161.40,148.25,22555.75,163.00,85995,3965,2901,4358918661.50,1950,F1,65,,,,,
2026-10-05,2026-10-05,FO,NSE,IDO,51354,,NIFTY,,2026-10-27,2026-10-27,23050.00,CE,NIFTY26OCT23050CE,140.00,158.15,111.10,130.15,127.50,119.80,22555.75,130.15,142805,-2210,2675,4031195795.25,2009,F1,65,,,,,
2026-10-05,2026-10-05,FO,NSE,IDO,51378,,NIFTY,,2026-10-27,2026-10-27,23650.00,CE,NIFTY26OCT23650CE,31.60,35.90,27.10,30.20,29.20,32.45,22555.75,30.20,119145,-3120,2356,3626658919.00,1797,F1,65,,,,,
2026-10-05,2026-10-05,FO,NSE,IDO,51406,,NIFTY,,2026-10-27,2026-10-27,24300.00,CE,NIFTY26OCT24300CE,11.45,11.80,9.50,10.30,9.75,12.10,22555.75,10.30,518700,-32760,5930,9370557179.75,3321,F1,65,,,,,
2026-10-05,2026-10-05,FO,NSE,IDO,51480,,NIFTY,,2026-10-27,2026-10-27,25750.00,CE,NIFTY26OCT25750CE,4.35,4.35,1.00,1.95,1.90,2.85,22555.75,1.95,35165,-3640,145,242714104.75,90,F1,65,,,,,
2026-10-05,2026-10-05,FO,NSE,IDO,51484,,NIFTY,,2026-10-27,2026-10-27,25850.00,CE,NIFTY26OCT25850CE,2.80,2.80,1.90,2.05,2.00,2.35,22555.75,2.05,3640,3055,67,112585697.25,31,F1,65,,,,,
2026-10-05,2026-10-05,FO,NSE,IDO,51534,,NIFTY,,2026-10-27,2026-10-27,27050.00,CE,NIFTY26OCT27050CE,1.25,1.35,1.25,1.30,1.35,1.05,22555.75,1.30,10270,195,7,12308344.75,4,F1,65,,,,,
2026-10-05,2026-10-05,FO,NSE,IDO,53319,,NIFTY,,2026-11-03,2026-11-03,20250.00,CE,NIFTY26N0320250CE,0.00,0.00,0.00,3217.90,0.00,3217.90,22555.75,2394.35,0,0,0,0.00,0,F1,65,,,,,
2026-10-05,2026-10-05,FO,NSE,IDO,53332,,NIFTY,,2026-11-03,2026-11-03,20500.00,CE,NIFTY26N0320500CE,0.00,0.00,0.00,2970.65,0.00,2970.65,22555.75,2146.07,0,0,0,0.00,0,F1,65,,,,,
2026-10-05,2026-10-05,FO,NSE,IDO,53440,,NIFTY,,2026-11-03,2026-11-03,21350.00,CE,NIFTY26N0321350CE,0.00,0.00,0.00,2142.00,0.00,2142.00,22555.75,1318.52,0,0,0,0.00,0,F1,65,,,,,
2026-10-05,2026-10-05,FO,NSE,IDO,53682,,NIFTY,,2026-11-03,2026-11-03,22500.00,CE,NIFTY26N0322500CE,447.55,504.05,391.40,436.75,439.30,401.80,22555.75,436.75,11765,2535,632,942437323.75,479,F1,65,,,,,
2026-10-05,2026-10-05,FO,NSE,IDO,53792,,NIFTY,,2026-11-03,2026-11-03,22750.00,CE,NIFTY26N0322750CE,322.90,348.80,270.60,299.95,299.20,270.60,22555.75,299.95,1755,455,108,161914827.75,72,F1,65,,,,,
2026-10-05,2026-10-05,FO,NSE,IDO,53924,,NIFTY,,2026-11-03,2026-11-03,23050.00,CE,NIFTY26N0323050CE,181.15,209.10,160.45,180.05,181.50,154.95,22555.75,180.05,1755,-1170,46,69467333.00,29,F1,65,,,,,
2026-10-05,2026-10-05,FO,NSE,IDO,53940,,NIFTY,,2026-11-03,2026-11-03,23300.00,CE,NIFTY26N0323300CE,110.90,126.45,98.00,109.95,108.25,105.45,22555.75,109.95,18265,5720,564,858329842.50,336,F1,65,,,,,
2026-10-05,2026-10-05,FO,NSE,IDO,54444,,NIFTY,,2026-11-03,2026-11-03,25150.00,CE,NIFTY26N0325150CE,0.00,0.00,0.00,10.45,10.45,10.45,22555.75,0.69,1235,0,0,0.00,0,F1,65,,,,,
2026-10-05,2026-10-05,FO,NSE,IDO,64116,,NIFTY,,2026-11-23,2026-11-23,20050.00,CE,NIFTY26NOV20050CE,0.00,0.00,0.00,4585.15,0.00,4585.15,22555.75,2654.88,0,0,0,0.00,0,F1,65,,,,,
2026-10-05,2026-10-05,FO,NSE,IDO,64170,,NIFTY,,2026-11-23,2026-11-23,21000.00,CE,NIFTY26NOV21000CE,1820.95,1861.00,1718.50,1757.00,1757.00,1691.30,22555.75,1757.00,17485,195,76,112570503.50,48,F1,65,,,,,
2026-10-05,2026-10-05,FO,NSE,IDO,64201,,NIFTY,,2026-11-23,2026-11-23,21400.00,CE,NIFTY26NOV21400CE,0.00,0.00,0.00,3280.10,0.00,3280.10,22555.75,1368.84,0,0,0,0.00,0,F1,65,,,,,
2026-10-05,2026-10-05,FO,NSE,IDO,64238,,NIFTY,,2026-11-23,2026-11-23,22000.00,CE,NIFTY26NOV22000CE,864.50,994.00,846.05,914.40,915.15,862.35,22555.75,914.40,132600,1365,977,1455939998.50,761,F1,65,,,,,
2026-10-05,2026-10-05,FO,NSE,IDO,64270,,NIFTY,,2026-11-23,2026-11-23,22350.00,CE,NIFTY26NOV22350CE,682.00,688.95,634.20,659.55,660.90,621.80,22555.75,659.55,1755,0,18,26916025.50,17,F1,65,,,,,
2026-10-05,2026-10-05,FO,NSE,IDO,64294,,NIFTY,,2026-11-23,2026-11-23,22750.00,CE,NIFTY26NOV22750CE,432.55,469.55,385.75,422.75,425.35,400.25,22555.75,422.75,18785,7605,475,715603005.00,395,F1,65,,,,,
2026-10-05,2026-10-05,FO,NSE,IDO,64349,,NIFTY,,2026-11-23,2026-11-23,23150.00,CE,NIFTY26NOV23150CE,255.00,279.90,238.75,253.65,252.25,237.70,22555.75,253.65,136955,-6825,247,375802865.75,158,F1,65,,,,,
2026-10-05,2026-10-05,FO,NSE,IDO,64353,,NIFTY,,2026-11-23,2026-11-23,23250.00,CE,NIFTY26NOV23250CE,217.55,241.25,195.50,215.80,217.00,205.60,22555.75,215.80,37115,5980,277,422575208.25,197,F1,65,,,,,
2026-10-05,2026-10-05,FO,NSE,IDO,64385,,NIFTY,,2026-11-23,2026-11-23,23750.00,CE,NIFTY26NOV23750CE,100.30,111.35,90.85,100.95,101.00,99.70,22555.75,100.95,24115,5460,343,531821049.50,212,F1,65,,,,,
2026-10-05,2026-10-05,FO,NSE,IDO,64397,,NIFTY,,2026-11-23,2026-11-23,24000.00,CE,NIFTY26NOV24000CE,80.00,80.00,64.65,71.50,71.00,72.20,22555.75,71.50,1881880,40365,15546,24324645215.00,8610,F1,65,,,,,
2026-10-05,2026-10-05,FO,NSE,IDO,64437,,NIFTY,,2026-11-23,2026-11-23,24950.00,CE,NIFTY26NOV24950CE,21.70,21.70,21.70,21.70,21.70,21.70,22555.75,11.95,910,325,5,8115802.50,1,F1,65,,,,,
2026-10-05,2026-10-05,FO,NSE,IDO,64481,,NIFTY,,2026-11-23,2026-11-23,25700.00,CE,NIFTY26NOV25700CE,16.20,16.20,8.05,9.55,9.55,16.20,22555.75,2.11,1235,-325,10,16711171.75,7,F1,65,,,,,
2026-10-05,2026-10-05,FO,NSE,IDO,58642,,NIFTY,,2026-12-29,2026-12-29,19000.00,CE,NIFTY26DEC19000CE,3880.50,3899.00,3680.00,3770.70,3768.90,3705.75,22555.75,3770.70,260325,4130,215,318114897.75,187,F1,65,,,,,
2026-10-05,2026-10-05,FO,NSE,IDO,62227,,NIFTY,,2026-12-29,2026-12-29,20150.00,CE,NIFTY26DEC20150CE,0.00,0.00,0.00,2892.45,0.00,2892.45,22555.75,2674.94,0,0,0,0.00,0,F1,65,,,,,
2026-10-05,2026-10-05,FO,NSE,IDO,74642,,NIFTY,,2031-06-24,2031-06-24,18000.00,PE,NIFTY31JUN18000PE,0.00,0.00,0.00,173.45,0.00,173.45,22555.75,96.42,0,0,0,0.00,0,F1,65,,,,,
2026-10-05,2026-10-05,FO,NSE,IDO,60911,,NIFTY,,2030-06-25,2030-06-25,27000.00,PE,NIFTY30JUN27000PE,0.00,0.00,0.00,1286.05,0.00,1286.05,22555.75,2002.23,0,0,0,0.00,0,F1,65,,,,,
2026-10-05,2026-10-05,FO,NSE,IDO,60905,,NIFTY,,2030-06-25,2030-06-25,24000.00,PE,NIFTY30JUN24000PE,0.00,0.00,0.00,698.15,0.00,698.15,22555.75,967.20,0,0,0,0.00,0,F1,65,,,,,
2026-10-05,2026-10-05,FO,NSE,IDO,61795,,NIFTY,,2029-12-24,2029-12-24,27000.00,PE,NIFTY29DEC27000PE,0.00,0.00,0.00,1177.90,0.00,1177.90,22555.75,2170.84,0,0,0,0.00,0,F1,65,,,,,
2026-10-05,2026-10-05,FO,NSE,IDO,89625,,NIFTY,,2029-06-26,2029-06-26,21000.00,PE,NIFTY29JUN21000PE,0.00,0.00,0.00,320.25,0.00,320.25,22555.75,359.77,0,0,0,0.00,0,F1,65,,,,,
2026-10-05,2026-10-05,FO,NSE,IDO,89607,,NIFTY,,2029-06-26,2029-06-26,15000.00,PE,NIFTY29JUN15000PE,0.00,0.00,0.00,30.90,0.00,30.90,22555.75,6.45,0,0,0,0.00,0,F1,65,,,,,
2026-10-05,2026-10-05,FO,NSE,IDO,67777,,NIFTY,,2028-12-26,2028-12-26,21000.00,PE,NIFTY28DEC21000PE,525.05,525.05,520.00,520.00,520.00,465.10,22555.75,520.00,11440,195,3,4197056.50,3,F1,65,,,,,
2026-10-05,2026-10-05,FO,NSE,IDO,67775,,NIFTY,,2028-12-26,2028-12-26,20000.00,PE,NIFTY28DEC20000PE,364.50,364.50,364.50,364.50,364.50,364.50,22555.75,209.69,5610,-195,5,6618462.50,3,F1,65,,,,,
2026-10-05,2026-10-05,FO,NSE,IDO,55427,,NIFTY,,2027-12-28,2027-12-28,25500.00,PE,NIFTY27DEC25500PE,0.00,0.00,0.00,676.05,0.00,676.05,22555.75,2092.32,0,0,0,0.00,0,F1,65,,,,,
2026-10-05,2026-10-05,FO,NSE,IDO,55425,,NIFTY,,2027-12-28,2027-12-28,22500.00,PE,NIFTY27DEC22500PE,716.00,759.05,700.50,721.00,701.05,766.70,22555.75,721.00,2470,1495,26,39243337.25,14,F1,65,,,,,
2026-10-05,2026-10-05,FO,NSE,IDO,55377,,NIFTY,,2027-06-29,2027-06-29,25500.00,PE,NIFTY27JUN25500PE,0.00,0.00,0.00,667.15,0.00,667.15,22555.75,2302.59,0,0,0,0.00,0,F1,65,,,,,
2026-10-05,2026-10-05,FO,NSE,IDO,80271,,NIFTY,,2027-03-30,2027-03-30,22500.00,PE,NIFTY27MAR22500PE,508.65,554.95,467.50,517.35,513.00,540.30,22555.75,517.35,782210,17290,3081,4607945114.50,2048,F1,65,,,,,
2026-10-05,2026-10-05,FO,NSE,IDO,62556,,NIFTY,,2026-12-29,2026-12-29,22350.00,PE,NIFTY26DEC22350PE,334.75,390.00,317.20,357.15,354.10,391.60,22555.75,357.15,5980,2080,160,236088446.75,107,F1,65,,,,,
2026-10-05,2026-10-05,FO,NSE,IDO,62554,,NIFTY,,2026-12-29,2026-12-29,22300.00,PE,NIFTY26DEC22300PE,338.15,386.00,300.20,339.65,339.75,374.10,22555.75,339.65,32500,6760,471,693286961.25,312,F1,65,,,,,
2026-10-05,2026-10-05,FO,NSE,IDO,62506,,NIFTY,,2026-12-29,2026-12-29,22100.00,PE,NIFTY26DEC22100PE,270.05,319.70,254.90,287.10,283.55,315.10,22555.75,287.10,23010,7735,363,528255500.50,296,F1,65,,,,,
2026-10-05,2026-10-05,FO,NSE,IDO,62470,,NIFTY,,2026-12-29,2026-12-29,21700.00,PE,NIFTY26DEC21700PE,182.20,230.35,180.00,205.60,201.20,224.90,22555.75,205.60,31200,2470,213,303266561.00,165,F1,65,,,,,
2026-10-05,2026-10-05,FO,NSE,IDO,62245,,NIFTY,,2026-12-29,2026-12-29,20400.00,PE,NIFTY26DEC20400PE,0.00,0.00,0.00,45.15,0.00,45.15,22555.75,21.05,0,0,0,0.00,0,F1,65,,,,,
2026-10-05,2026-10-05,FO,NSE,IDO,62235,,NIFTY,,2026-12-29,2026-12-29,20250.00,PE,NIFTY26DEC20250PE,0.00,0.00,0.00,36.15,0.00,36.15,22555.75,15.65,0,0,0,0.00,0,F1,65,,,,,
2026-10-05,2026-10-05,FO,NSE,IDO,62230,,NIFTY,,2026-12-29,2026-12-29,20200.00,PE,NIFTY26DEC20200PE,32.50,32.50,32.50,32.50,32.50,33.50,22555.75,14.14,195,195,3,3945337.50,1,F1,65,,,,,
2026-10-05,2026-10-05,FO,NSE,IDO,58637,,NIFTY,,2026-12-29,2026-12-29,16000.00,PE,NIFTY26DEC16000PE,12.85,12.85,9.75,12.10,12.10,12.50,22555.75,12.10,147805,6565,179,186286457.50,42,F1,65,,,,,
2026-10-05,2026-10-05,FO,NSE,IDO,58631,,NIFTY,,2026-12-29,2026-12-29,13000.00,PE,NIFTY26DEC13000PE,0.00,0.00,0.00,4.85,4.90,4.85,22555.75,0.01,9305,0,0,0.00,0,F1,65,,,,,
2026-10-05,2026-10-05,FO,NSE,IDO,64426,,NIFTY,,2026-11-23,2026-11-23,24700.00,PE,NIFTY26NOV24700PE,1950.00,1950.00,1950.00,1950.00,1950.00,1752.25,22555.75,1982.64,3705,0,4,6929000.00,1,F1,65,,,,,
2026-10-05,2026-10-05,FO,NSE,IDO,64404,,NIFTY,,2026-11-23,2026-11-23,24150.00,PE,NIFTY26NOV24150PE,0.00,0.00,0.00,1650.00,1650.00,1650.00,22555.75,1473.42,1300,0,0,0.00,0,F1,65,,,,,
2026-10-05,2026-10-05,FO,NSE,IDO,64348,,NIFTY,,2026-11-23,2026-11-23,23100.00,PE,NIFTY26NOV23100PE,588.05,709.10,557.65,633.70,635.25,697.90,22555.75,633.70,39455,1300,385,593248090.50,323,F1,65,,,,,
2026-10-05,2026-10-05,FO,NSE,IDO,64285,,NIFTY,,2026-11-23,2026-11-23,22550.00,PE,NIFTY26NOV22550PE,330.55,416.20,310.05,368.30,360.00,405.00,22555.75,368.30,9555,-1105,467,695185000.25,333,F1,65,,,,,
2026-10-05,2026-10-05,FO,NSE,IDO,64179,,NIFTY,,2026-11-23,2026-11-23,21050.00,PE,NIFTY26NOV21050PE,88.00,88.00,86.70,86.70,86.70,90.75,22555.75,26.13,4550,-65,3,4121825.50,2,F1,65,,,,,
2026-10-05,2026-10-05,FO,NSE,IDO,64143,,NIFTY,,2026-11-23,2026-11-23,20550.00,PE,NIFTY26NOV20550PE,54.95,54.95,40.00,42.00,42.00,57.70,22555.75,7.37,1690,0,12,16061431.75,5,F1,65,,,,,
2026-10-05,2026-10-05,FO,NSE,IDO,54261,,NIFTY,,2026-11-03,2026-11-03,24700.00,PE,NIFTY26N0324700PE,0.00,0.00,0.00,1321.80,0.00,1321.80,22555.75,2039.67,0,0,0,0.00,0,F1,65,,,,,
2026-10-05,2026-10-05,FO,NSE,IDO,54107,,NIFTY,,2026-11-03,2026-11-03,23900.00,PE,NIFTY26N0323900PE,0.00,0.00,0.00,731.50,0.00,731.50,22555.75,1269.70,0,0,0,0.00,0,F1,65,,,,,
2026-10-05,2026-10-05,FO,NSE,IDO,53941,,NIFTY,,2026-11-03,2026-11-03,23300.00,PE,NIFTY26N0323300PE,770.35,800.00,711.75,711.75,711.75,901.20,22555.75,754.63,1950,-455,29,45316622.00,11,F1,65,,,,,
2026-10-05,2026-10-05,FO,NSE,IDO,53510,,NIFTY,,2026-11-03,2026-11-03,21800.00,PE,NIFTY26N0321800PE,99.55,132.00,92.20,111.10,109.70,132.55,22555.75,111.10,2925,1105,91,129574809.00,81,F1,65,,,,,
2026-10-05,2026-10-05,FO,NSE,IDO,53470,,NIFTY,,2026-11-03,2026-11-03,21450.00,PE,NIFTY26N0321450PE,0.00,0.00,0.00,21.85,0.00,21.85,22555.75,26.28,0,0,0,0.00,0,F1,65,,,,,
2026-10-05,2026-10-05,FO,NSE,IDO,51535,,NIFTY,,2026-10-27,2026-10-27,27050.00,PE,NIFTY26OCT27050PE,0.00,0.00,0.00,2764.35,0.00,2764.35,22555.75,4404.73,0,0,0,0.00,0,F1,65,,,,,
2026-10-05,2026-10-05,FO,NSE,IDO,51509,,NIFTY,,2026-10-27,2026-10-27,26450.00,PE,NIFTY26OCT26450PE,0.00,0.00,0.00,3460.00,3460.00,3460.00,22555.75,3806.71,195,0,0,0.00,0,F1,65,,,,,
2026-10-05,2026-10-05,FO,NSE,IDO,51455,,NIFTY,,2026-10-27,2026-10-27,25350.00,PE,NIFTY26OCT25350PE,0.00,0.00,0.00,2416.70,2425.00,2416.70,22555.75,2710.40,1495,0,0,0.00,0,F1,65,,,,,
2026-10-05,2026-10-05,FO,NSE,IDO,51423,,NIFTY,,2026-10-27,2026-10-27,24600.00,PE,NIFTY26OCT24600PE,1949.00,2060.00,1850.00,1950.00,1950.00,2037.85,22555.75,1950.00,187785,-390,48,82757018.50,41,F1,65,,,,,
2026-10-05,2026-10-05,FO,NSE,IDO,51421,,NIFTY,,2026-10-27,2026-10-27,24550.00,PE,NIFTY26OCT24550PE,0.00,0.00,0.00,2083.25,2083.25,2083.25,22555.75,1914.54,6565,0,0,0.00,0,F1,65,,,,,
2026-10-05,2026-10-05,FO,NSE,IDO,51409,,NIFTY,,2026-10-27,2026-10-27,24350.00,PE,NIFTY26OCT24350PE,1710.10,1710.10,1710.00,1710.00,1710.00,2209.50,22555.75,1710.00,15015,-195,3,5081713.00,2,F1,65,,,,,
2026-10-05,2026-10-05,FO,NSE,IDO,51401,,NIFTY,,2026-10-27,2026-10-27,24150.00,PE,NIFTY26OCT24150PE,1450.00,1478.00,1450.00,1478.00,1478.00,1803.40,22555.75,1520.86,15470,130,5,8323090.75,5,F1,65,,,,,
2026-10-05,2026-10-05,FO,NSE,IDO,51391,,NIFTY,,2026-10-27,2026-10-27,23950.00,PE,NIFTY26OCT23950PE,1317.40,1317.40,1317.40,1317.40,1317.40,1484.50,22555.75,1317.40,4420,-195,4,6569524.00,2,F1,65,,,,,
2026-10-05,2026-10-05,FO,NSE,IDO,51389,,NIFTY,,2026-10-27,2026-10-27,23900.00,PE,NIFTY26OCT23900PE,1239.75,1374.15,1164.05,1291.80,1264.20,1378.00,22555.75,1291.80,215475,-7020,292,477185462.00,115,F1,65,,,,,
2026-10-05,2026-10-05,FO,NSE,IDO,51369,,NIFTY,,2026-10-27,2026-10-27,23400.00,PE,NIFTY26OCT23400PE,849.00,914.10,716.20,814.65,812.55,902.15,22555.75,814.65,1402180,-56355,3190,5018292974.50,2371,F1,65,,,,,
2026-10-05,2026-10-05,FO,NSE,IDO,51365,,NIFTY,,2026-10-27,2026-10-27,23300.00,PE,NIFTY26OCT23300PE,712.85,835.70,635.45,739.20,725.70,819.90,22555.75,739.20,2437240,-100100,6124,9562436078.00,4691,F1,65,,,,,
2026-10-05,2026-10-05,FO,NSE,IDO,51357,,NIFTY,,2026-10-27,2026-10-27,23100.00,PE,NIFTY26OCT23100PE,649.55,675.40,495.15,581.10,574.25,658.35,22555.75,581.10,1630525,-36140,5781,8892050170.25,4100,F1,65,,,,,
2026-10-05,2026-10-05,FO,NSE,IDO,51347,,NIFTY,,2026-10-27,2026-10-27,22850.00,PE,NIFTY26OCT22850PE,392.90,504.85,351.80,420.30,419.85,492.90,22555.75,420.30,88595,-520,747,1128951274.75,647,F1,65,,,,,
2026-10-05,2026-10-05,FO,NSE,IDO,51329,,NIFTY,,2026-10-27,2026-10-27,22450.00,PE,NIFTY26OCT22450PE,217.30,297.80,191.50,238.05,231.80,285.80,22555.75,238.05,119795,41015,6864,10122918711.75,4783,F1,65,,,,,
2026-10-05,2026-10-05,FO,NSE,IDO,51319,,NIFTY,,2026-10-27,2026-10-27,22250.00,PE,NIFTY26OCT22250PE,197.55,224.00,139.70,173.05,169.40,211.75,22555.75,173.05,338845,78975,7272,10598184987.00,4704,F1,65,,,,,
2026-10-05,2026-10-05,FO,NSE,IDO,51315,,NIFTY,,2026-10-27,2026-10-27,22150.00,PE,NIFTY26OCT22150PE,129.15,192.30,119.45,147.85,145.35,183.35,22555.75,147.85,75335,13455,3129,4535013164.50,2452,F1,65,,,,,
2026-10-05,2026-10-05,FO,NSE,IDO,51279,,NIFTY,,2026-10-27,2026-10-27,21300.00,PE,NIFTY26OCT21300PE,40.00,54.45,33.95,40.55,39.75,52.80,22555.75,40.55,360750,20020,10828,15021436706.25,5518,F1,65,,,,,
2026-10-05,2026-10-05,FO,NSE,IDO,51257,,NIFTY,,2026-10-27,2026-10-27,20900.00,PE,NIFTY26OCT20900PE,31.40,31.45,20.65,23.95,23.50,31.45,22555.75,23.95,99905,10725,1432,1947615933.25,1028,F1,65,,,,,
2026-10-05,2026-10-05,FO,NSE,IDO,51255,,NIFTY,,2026-10-27,2026-10-27,20850.00,PE,NIFTY26OCT20850PE,24.95,27.80,21.85,22.05,22.05,29.55,22555.75,22.05,11635,390,255,345995481.00,158,F1,65,,,,,
2026-10-05,2026-10-05,FO,NSE,IDO,51250,,NIFTY,,2026-10-27,2026-10-27,20800.00,PE,NIFTY26OCT20800PE,24.90,27.10,17.95,21.45,20.60,27.40,22555.75,21.45,359320,18915,3880,5251059030.75,2679,F1,65,,,,,
2026-10-05,2026-10-05,FO,NSE,IDO,62287,,NIFTY,,2026-12-29,2026-12-29,20750.00,CE,NIFTY26DEC20750CE,0.00,0.00,0.00,2343.60,0.00,2343.60,22555.75,2109.85,0,0,0,0.00,0,F1,65,,,,,
2026-10-05,2026-10-05,FO,NSE,IDO,62674,,NIFTY,,2026-12-29,2026-12-29,22900.00,CE,NIFTY26DEC22900CE,550.05,580.60,497.25,522.30,515.85,506.05,22555.75,522.30,14625,5915,278,423506950.75,202,F1,65,,,,,
2026-10-05,2026-10-05,FO,NSE,IDO,63610,,NIFTY,,2026-12-29,2026-12-29,24450.00,CE,NIFTY26DEC24450CE,94.00,101.90,88.45,91.65,92.60,94.00,22555.75,91.65,17745,6630,299,477027892.25,220,F1,65,,,,,
2026-10-05,2026-10-05,FO,NSE,IDO,80188,,NIFTY,,2027-03-30,2027-03-30,15000.00,CE,NIFTY27MAR15000CE,0.00,0.00,0.00,8379.85,0.00,8379.85,22555.75,7948.33,0,0,0,0.00,0,F1,65,,,,,
2026-10-05,2026-10-05,FO,NSE,IDO,80274,,NIFTY,,2027-03-30,2027-03-30,25500.00,CE,NIFTY27MAR25500CE,143.00,152.00,134.80,135.75,135.00,141.65,22555.75,135.75,857740,122460,5277,8794819403.50,2359,F1,65,,,,,
2026-10-05,2026-10-05,FO,NSE,IDO,80278,,NIFTY,,2027-03-30,2027-03-30,28500.00,CE,NIFTY27MAR28500CE,30.20,30.55,27.40,27.60,27.75,27.40,22555.75,27.60,197665,780,329,610093558.75,165,F1,65,,,,,
2026-10-05,2026-10-05,FO,NSE,IDO,55368,,NIFTY,,2027-06-29,2027-06-29,16500.00,CE,NIFTY27JUN16500CE,0.00,0.00,0.00,10867.20,0.00,10867.20,22555.75,6706.97,0,0,0,0.00,0,F1,65,,,,,
2026-10-05,2026-10-05,FO,NSE,IDO,35262,,NIFTY,,2027-06-29,2027-06-29,30000.00,CE,NIFTY27JUN30000CE,58.00,68.00,49.85,52.15,52.15,56.80,22555.75,52.15,5460,1495,45,87914424.00,34,F1,65,,,,,
2026-10-05,2026-10-05,FO,NSE,IDO,64344,,NIFTY,,2027-09-28,2027-09-28,25500.00,CE,NIFTY27SEP25500CE,0.00,0.00,0.00,908.35,0.00,908.35,22555.75,584.50,0,0,0,0.00,0,F1,65,,,,,
2026-10-05,2026-10-05,FO,NSE,IDO,55430,,NIFTY,,2027-12-28,2027-12-28,31500.00,CE,NIFTY27DEC31500CE,0.00,0.00,0.00,86.00,86.00,86.00,22555.75,52.70,2080,0,0,0.00,0,F1,65,,,,,
2026-10-05,2026-10-05,FO,NSE,IDO,55468,,NIFTY,,2028-06-27,2028-06-27,16500.00,CE,NIFTY28JUN16500CE,0.00,0.00,0.00,11752.80,0.00,11752.80,22555.75,7562.83,0,0,0,0.00,0,F1,65,,,,,
2026-10-05,2026-10-05,FO,NSE,IDO,51235,,NIFTY,,2026-10-27,2026-10-27,20500.00,PE,NIFTY26OCT20500PE,19.35,19.35,13.25,15.15,14.85,20.45,22555.75,15.15,948415,132990,17334,23115200358.25,8576,F1,65,,,,,
2026-10-05,2026-10-05,FO,NSE,IDO,51213,,NIFTY,,2026-10-27,2026-10-27,20050.00,PE,NIFTY26OCT20050PE,11.00,12.00,9.15,9.80,10.10,6.30,22555.75,9.80,21255,21255,2001,2609157317.00,1723,F1,65,,,,,
2026-10-05,2026-10-05,FO,NSE,IDO,47426,,NIFTY,,2026-10-19,2026-10-19,25000.00,PE,NIFTY26O1925000PE,2305.00,2375.00,2291.65,2375.00,2375.00,2530.85,22555.75,2391.57,910,845,14,24848807.75,10,F1,65,,,,,
2026-10-05,2026-10-05,FO,NSE,IDO,47214,,NIFTY,,2026-10-19,2026-10-19,23950.00,PE,NIFTY26O1923950PE,0.00,0.00,0.00,887.90,0.00,887.90,22555.75,1346.51,0,0,0,0.00,0,F1,65,,,,,
2026-10-05,2026-10-05,FO,NSE,IDO,47172,,NIFTY,,2026-10-19,2026-10-19,23200.00,PE,NIFTY26O1923200PE,601.00,738.15,570.00,641.65,633.85,742.75,22555.75,641.65,43940,29965,570,883365947.75,232,F1,65,,,,,
2026-10-05,2026-10-05,FO,NSE,IDO,47120,,NIFTY,,2026-10-19,2026-10-19,22150.00,PE,NIFTY26O1922150PE,99.00,145.90,85.60,106.75,103.90,141.45,22555.75,106.75,20345,12025,1132,1637897293.50,699,F1,65,,,,,
2026-10-05,2026-10-05,FO,NSE,IDO,47118,,NIFTY,,2026-10-19,2026-10-19,22100.00,PE,NIFTY26O1922100PE,102.65,134.60,76.80,95.45,93.90,131.90,22555.75,95.45,75465,56680,4335,6255003313.00,3005,F1,65,,,,,
2026-10-05,2026-10-05,FO,NSE,IDO,47048,,NIFTY,,2026-10-19,2026-10-19,20500.00,PE,NIFTY26O1920500PE,9.00,11.45,6.60,7.95,8.45,11.55,22555.75,7.95,58305,22685,1712,2282129668.00,663,F1,65,,,,,
2026-10-05,2026-10-05,FO,NSE,IDO,47046,,NIFTY,,2026-10-19,2026-10-19,20450.00,PE,NIFTY26O1920450PE,0.00,0.00,0.00,1.40,0.00,1.40,22555.75,0.01,0,0,0,0.00,0,F1,65,,,,,
2026-10-05,2026-10-05,FO,NSE,IDO,44747,,NIFTY,,2026-10-13,2026-10-13,24400.00,PE,NIFTY26O1324400PE,1780.00,1844.15,1780.00,1826.35,1813.00,1480.00,22555.75,1826.35,2925,1625,28,47713224.00,21,F1,65,,,,,
2026-10-05,2026-10-05,FO,NSE,IDO,44727,,NIFTY,,2026-10-13,2026-10-13,24150.00,PE,NIFTY26O1324150PE,1580.30,1580.30,1580.30,1580.30,1580.30,1248.00,22555.75,1580.30,650,130,2,3344939.00,2,F1,65,,,,,
2026-10-05,2026-10-05,FO,NSE,IDO,44691,,NIFTY,,2026-10-13,2026-10-13,23700.00,PE,NIFTY26O1323700PE,1055.00,1225.00,1010.00,1124.50,1120.00,1204.65,22555.75,1124.50,31655,15405,570,919818835.00,387,F1,65,,,,,
2026-10-05,2026-10-05,FO,NSE,IDO,44659,,NIFTY,,2026-10-13,2026-10-13,23350.00,PE,NIFTY26O1323350PE,709.80,885.95,701.45,785.30,777.05,876.25,22555.75,785.30,11180,5005,135,211676520.25,90,F1,65,,,,,
2026-10-05,2026-10-05,FO,NSE,IDO,44655,,NIFTY,,2026-10-13,2026-10-13,23250.00,PE,NIFTY26O1323250PE,620.20,771.25,605.00,690.00,690.00,778.00,22555.75,690.00,9100,1755,79,122989906.00,55,F1,65,,,,,
2026-10-05,2026-10-05,FO,NSE,IDO,44591,,NIFTY,,2026-10-13,2026-10-13,22150.00,PE,NIFTY26O1322150PE,73.30,101.00,48.70,65.35,62.40,101.15,22555.75,65.35,239395,163670,39902,57633579295.50,26609,F1,65,,,,,
2026-10-05,2026-10-05,FO,NSE,IDO,44569,,NIFTY,,2026-10-13,2026-10-13,21900.00,PE,NIFTY26O1321900PE,49.45,54.60,25.85,33.40,32.50,56.45,22555.75,33.40,725335,362960,84558,120559441869.75,48276,F1,65,,,,,
2026-10-05,2026-10-05,FO,NSE,IDO,44533,,NIFTY,,2026-10-13,2026-10-13,21450.00,PE,NIFTY26O1321450PE,18.80,18.80,10.05,12.20,11.65,21.10,22555.75,12.20,274300,196235,16700,23298343042.00,10850,F1,65,,,,,
2026-10-05,2026-10-05,FO,NSE,IDO,44513,,NIFTY,,2026-10-13,2026-10-13,21000.00,PE,NIFTY26O1321000PE,5.20,8.35,5.20,5.80,5.65,9.65,22555.75,5.80,2370550,1237990,103837,141777836534.75,28418,F1,65,,,,,
2026-10-05,2026-10-05,FO,NSE,IDO,44465,,NIFTY,,2026-10-13,2026-10-13,20400.00,PE,NIFTY26O1320400PE,4.40,5.60,2.35,3.60,3.60,5.00,22555.75,3.60,194285,154245,9360,12413583539.50,4033,F1,65,,,,,
2026-10-05,2026-10-05,FO,NSE,IDO,40915,,NIFTY,,2026-10-06,2026-10-06,25800.00,PE,NIFTY26O0625800PE,3325.20,3325.20,3302.05,3310.00,3310.00,2977.45,22555.75,3240.36,4875,-5200,83,157015946.75,19,F1,65,,,,,
2026-10-05,2026-10-05,FO,NSE,IDO,40893,,NIFTY,,2026-10-06,2026-10-06,25650.00,PE,NIFTY26O0625650PE,3140.00,3160.00,3140.00,3160.00,3160.00,2795.50,22555.75,3090.39,260,0,4,7489300.00,2,F1,65,,,,,
2026-10-05,2026-10-05,FO,NSE,IDO,40870,,NIFTY,,2026-10-06,2026-10-06,25100.00,PE,NIFTY26O0625100PE,2590.00,2600.00,2550.00,2550.00,2550.00,2520.00,22555.75,2550.00,1170,-4420,74,133166341.75,30,F1,65,,,,,
2026-10-05,2026-10-05,FO,NSE,IDO,40812,,NIFTY,,2026-10-06,2026-10-06,24200.00,PE,NIFTY26O0624200PE,1784.25,1784.30,1570.00,1648.05,1647.75,1731.00,22555.75,1648.05,36075,-52715,988,1660221858.75,592,F1,65,,,,,
2026-10-05,2026-10-05,FO,NSE,IDO,40722,,NIFTY,,2026-10-06,2026-10-06,22900.00,PE,NIFTY26O0622900PE,364.50,481.10,275.85,352.65,350.15,450.40,22555.75,352.65,505765,-332215,72118,109020480432.50,38949,F1,65,,,,,
2026-10-05,2026-10-05,FO,NSE,IDO,40696,,NIFTY,,2026-10-06,2026-10-06,22450.00,PE,NIFTY26O0622450PE,75.00,119.00,35.90,43.45,37.55,120.30,22555.75,43.45,6060210,3966105,8382111,12269754816748.00,3367294,F1,65,,,,,
2026-10-05,2026-10-05,FO,NSE,IDO,40670,,NIFTY,,2026-10-06,2026-10-06,22050.00,PE,NIFTY26O0622050PE,10.00,16.20,2.90,4.15,3.20,24.25,22555.75,4.15,3113110,1308060,1691764,2425614343538.75,305078,F1,65,,,,,
2026-10-05,2026-10-05,FO,NSE,IDO,40664,,NIFTY,,2026-10-06,2026-10-06,21900.00,PE,NIFTY26O0621900PE,4.95,8.00,1.40,2.30,1.45,13.55,22555.75,2.30,7452120,2679755,1819261,2590200480832.25,270928,F1,65,,,,,
2026-10-05,2026-10-05,FO,NSE,IDO,40646,,NIFTY,,2026-10-06,2026-10-06,21500.00,PE,NIFTY26O0621500PE,2.40,2.50,0.85,1.10,0.90,4.50,22555.75,1.10,14726075,5108805,1745808,2439939811764.00,180342,F1,65,,,,,
2026-10-05,2026-10-05,FO,NSE,IDO,40637,,NIFTY,,2026-10-06,2026-10-06,21400.00,PE,NIFTY26O0621400PE,2.95,2.95,0.65,0.85,0.80,3.55,22555.75,0.85,2614170,-572325,762950,1061326273332.00,71764,F1,65,,,,,
2026-10-05,2026-10-05,FO,NSE,IDO,40614,,NIFTY,,2026-10-06,2026-10-06,20950.00,PE,NIFTY26O0620950PE,1.75,1.75,0.35,0.50,0.40,1.85,22555.75,0.50,210275,6110,59569,81121234090.00,7717,F1,65,,,,,
2026-10-05,2026-10-05,FO,NSE,IDO,40612,,NIFTY,,2026-10-06,2026-10-06,20900.00,PE,NIFTY26O0620900PE,1.70,1.70,0.30,0.45,0.40,1.75,22555.75,0.45,388375,-170105,55502,75402268360.25,9305,F1,65,,,,,
2026-10-05,2026-10-05,FO,NSE,IDO,40564,,NIFTY,,2026-10-06,2026-10-06,20150.00,PE,NIFTY26O0620150PE,0.65,0.75,0.35,0.40,0.35,1.00,22555.75,0.40,32045,25870,2814,3685731588.50,912,F1,65,,,,,
2026-10-05,2026-10-05,FO,NSE,IDO,74665,,NIFTY,,2031-06-24,2031-06-24,33000.00,CE,NIFTY31JUN33000CE,0.00,0.00,0.00,3451.55,0.00,3451.55,22555.75,1538.44,0,0,0,0.00,0,F1,65,,,,,
2026-10-05,2026-10-05,FO,NSE,IDO,60944,,NIFTY,,2030-06-25,2030-06-25,33000.00,CE,NIFTY30JUN33000CE,0.00,0.00,0.00,4416.45,0.00,4416.45,22555.75,917.58,0,0,0,0.00,0,F1,65,,,,,
2026-10-05,2026-10-05,FO,NSE,IDO,55381,,NIFTY,,2027-06-29,2027-06-29,31500.00,PE,NIFTY27JUN31500PE,0.00,0.00,0.00,3604.70,0.00,3604.70,22555.75,7706.56,0,0,0,0.00,0,F1,65,,,,,
2026-10-05,2026-10-05,FO,NSE,IDO,53602,,NIFTY,,2027-12-28,2027-12-28,17000.00,PE,NIFTY27DEC17000PE,0.00,0.00,0.00,72.55,73.00,72.55,22555.75,8.00,17775,0,0,0.00,0,F1,65,,,,,
2026-10-05,2026-10-05,FO,NSE,IDO,55423,,NIFTY,,2027-12-28,2027-12-28,19500.00,PE,NIFTY27DEC19500PE,0.00,0.00,0.00,29.25,0.00,29.25,22555.75,97.94,0,0,0,0.00,0,F1,65,,,,,
2026-10-05,2026-10-05,FO,NSE,IDO,55431,,NIFTY,,2027-12-28,2027-12-28,31500.00,PE,NIFTY27DEC31500PE,0.00,0.00,0.00,3240.00,0.00,3240.00,22555.75,6936.24,0,0,0,0.00,0,F1,65,,,,,
2026-10-05,2026-10-05,FO,NSE,IDO,86134,,NIFTY,,2028-06-27,2028-06-27,15000.00,PE,NIFTY28JUN15000PE,0.00,0.00,0.00,127.20,0.00,127.20,22555.75,1.75,0,0,0,0.00,0,F1,65,,,,,
2026-10-05,2026-10-05,FO,NSE,IDO,35353,,NIFTY,,2028-06-27,2028-06-27,30000.00,PE,NIFTY28JUN30000PE,0.00,0.00,0.00,3779.25,0.00,3779.25,22555.75,5025.42,0,0,0,0.00,0,F1,65,,,,,
2026-10-05,2026-10-05,FO,NSE,IDO,67785,,NIFTY,,2028-12-26,2028-12-26,25000.00,PE,NIFTY28DEC25000PE,1519.00,1555.00,1470.00,1470.00,1470.00,1501.00,22555.75,1470.00,13735,0,5,8617722.75,5,F1,65,,,,,
2026-10-05,2026-10-05,FO,NSE,IDO,55563,,NIFTY,,2029-06-26,2029-06-26,25500.00,PE,NIFTY29JUN25500PE,0.00,0.00,0.00,624.25,0.00,624.25,22555.75,1652.75,0,0,0,0.00,0,F1,65,,,,,
2026-10-05,2026-10-05,FO,NSE,IDO,89643,,NIFTY,,2029-06-26,2029-06-26,30000.00,PE,NIFTY29JUN30000PE,0.00,0.00,0.00,2031.05,0.00,2031.05,22555.75,4131.13,0,0,0,0.00,0,F1,65,,,,,
2026-10-05,2026-10-05,FO,NSE,IDO,61391,,NIFTY,,2029-12-24,2029-12-24,18000.00,PE,NIFTY29DEC18000PE,0.00,0.00,0.00,96.50,0.00,96.50,22555.75,81.59,0,0,0,0.00,0,F1,65,,,,,
2026-10-05,2026-10-05,FO,NSE,IDO,55605,,NIFTY,,2029-12-24,2029-12-24,25500.00,PE,NIFTY29DEC25500PE,0.00,0.00,0.00,597.30,0.00,597.30,22555.75,1536.97,0,0,0,0.00,0,F1,65,,,,,
2026-10-05,2026-10-05,FO,NSE,IDO,60893,,NIFTY,,2030-06-25,2030-06-25,18000.00,PE,NIFTY30JUN18000PE,0.00,0.00,0.00,116.65,0.00,116.65,22555.75,88.62,0,0,0,0.00,0,F1,65,,,,,
2026-10-05,2026-10-05,FO,NSE,IDO,80314,,NIFTY,,2027-03-30,2027-03-30,33000.00,PE,NIFTY27MAR33000PE,0.00,0.00,0.00,8415.45,0.00,8415.45,22555.75,9580.61,0,0,0,0.00,0,F1,65,,,,,
2026-10-05,2026-10-05,FO,NSE,IDO,80310,,NIFTY,,2027-03-30,2027-03-30,30000.00,PE,NIFTY27MAR30000PE,0.00,0.00,0.00,6273.10,6273.10,6273.10,22555.75,6660.84,2470,0,0,0.00,0,F1,65,,,,,
2026-10-05,2026-10-05,FO,NSE,IDO,80275,,NIFTY,,2027-03-30,2027-03-30,25500.00,PE,NIFTY27MAR25500PE,2200.00,2329.40,2153.70,2270.40,2260.00,2333.50,22555.75,2270.40,216970,-23660,519,936568730.50,395,F1,65,,,,,
2026-10-05,2026-10-05,FO,NSE,IDO,47191,,NIFTY,,2026-12-29,2026-12-29,33000.00,PE,NIFTY26DEC33000PE,0.00,0.00,0.00,5263.45,0.00,5263.45,22555.75,10024.28,0,0,0,0.00,0,F1,65,,,,,
2026-10-05,2026-10-05,FO,NSE,IDO,35237,,NIFTY,,2026-12-29,2026-12-29,30000.00,PE,NIFTY26DEC30000PE,6801.05,6993.95,6801.05,6948.65,6928.00,7020.00,22555.75,6948.65,508550,4290,129,309582152.75,114,F1,65,,,,,
2026-10-05,2026-10-05,FO,NSE,IDO,50548,,NIFTY,,2026-12-29,2026-12-29,28000.00,PE,NIFTY26DEC28000PE,4990.00,5100.00,4927.50,5016.40,5035.90,5110.00,22555.75,5016.40,1054580,130,70,150164508.00,63,F1,65,,,,,
2026-10-05,2026-10-05,FO,NSE,IDO,62957,,NIFTY,,2026-12-29,2026-12-29,23800.00,PE,NIFTY26DEC23800PE,1021.40,1079.60,1021.40,1079.55,1079.55,1185.40,22555.75,1174.70,2145,260,6,9696635.00,4,F1,65,,,,,
2026-10-05,2026-10-05,FO,NSE,IDO,55327,,NIFTY,,2026-12-29,2026-12-29,22500.00,PE,NIFTY26DEC22500PE,435.00,455.00,357.50,405.65,402.00,440.60,22555.75,405.65,1784575,-101010,9198,13695106893.00,5911,F1,65,,,,,
2026-10-05,2026-10-05,FO,NSE,IDO,62558,,NIFTY,,2026-12-29,2026-12-29,22400.00,PE,NIFTY26DEC22400PE,401.00,420.00,329.45,370.35,367.50,408.60,22555.75,370.35,77350,58630,1480,2189755353.50,524,F1,65,,,,,
2026-10-05,2026-10-05,FO,NSE,IDO,62321,,NIFTY,,2026-12-29,2026-12-29,20900.00,PE,NIFTY26DEC20900PE,118.55,121.10,97.60,109.05,104.75,116.00,22555.75,109.05,5525,3770,121,165254072.75,74,F1,65,,,,,
2026-10-05,2026-10-05,FO,NSE,IDO,62280,,NIFTY,,2026-12-29,2026-12-29,20650.00,PE,NIFTY26DEC20650PE,0.00,0.00,0.00,64.15,0.00,64.15,22555.75,33.54,0,0,0,0.00,0,F1,65,,,,,
2026-10-05,2026-10-05,FO,NSE,IDO,62247,,NIFTY,,2026-12-29,2026-12-29,20450.00,PE,NIFTY26DEC20450PE,0.00,0.00,0.00,48.50,0.00,48.50,22555.75,23.17,0,0,0,0.00,0,F1,65,,,,,
2026-10-05,2026-10-05,FO,NSE,IDO,58639,,NIFTY,,2026-12-29,2026-12-29,17000.00,PE,NIFTY26DEC17000PE,16.50,16.95,13.55,15.65,15.80,16.50,22555.75,15.65,278860,14105,623,689044551.00,261,F1,65,,,,,
2026-10-05,2026-10-05,FO,NSE,IDO,64476,,NIFTY,,2026-11-23,2026-11-23,25550.00,PE,NIFTY26NOV25550PE,0.00,0.00,0.00,1282.80,0.00,1282.80,22555.75,2809.34,0,0,0,0.00,0,F1,65,,,,,
2026-10-05,2026-10-05,FO,NSE,IDO,64455,,NIFTY,,2026-11-23,2026-11-23,25250.00,PE,NIFTY26NOV25250PE,0.00,0.00,0.00,1090.70,0.00,1090.70,22555.75,2514.67,0,0,0,0.00,0,F1,65,,,,,
2026-10-05,2026-10-05,FO,NSE,IDO,64414,,NIFTY,,2026-11-23,2026-11-23,24400.00,PE,NIFTY26NOV24400PE,1707.55,1775.00,1687.20,1701.20,1701.20,1794.30,22555.75,1700.82,9230,-910,23,39042506.75,6,F1,65,,,,,
2026-10-05,2026-10-05,FO,NSE,IDO,64412,,NIFTY,,2026-11-23,2026-11-23,24350.00,PE,NIFTY26NOV24350PE,1661.45,1661.45,1661.45,1661.45,1661.45,1792.25,22555.75,1654.71,2210,0,4,6762977.00,1,F1,65,,,,,
2026-10-05,2026-10-05,FO,NSE,IDO,64360,,NIFTY,,2026-11-23,2026-11-23,23350.00,PE,NIFTY26NOV23350PE,725.00,845.00,712.10,801.00,800.95,1024.90,22555.75,801.00,7930,650,29,45491816.50,29,F1,65,,,,,
2026-10-05,2026-10-05,FO,NSE,IDO,64337,,NIFTY,,2026-11-23,2026-11-23,23000.00,PE,NIFTY26NOV23000PE,580.00,657.75,506.50,583.65,576.35,634.55,22555.75,583.65,1014065,24375,3924,6011242701.75,3250,F1,65,,,,,
2026-10-05,2026-10-05,FO,NSE,IDO,64334,,NIFTY,,2026-11-23,2026-11-23,22950.00,PE,NIFTY26NOV22950PE,500.00,600.00,500.00,559.00,547.25,622.35,22555.75,559.00,4940,260,52,79453468.25,47,F1,65,,,,,
2026-10-05,2026-10-05,FO,NSE,IDO,64287,,NIFTY,,2026-11-23,2026-11-23,22600.00,PE,NIFTY26NOV22600PE,349.20,444.90,329.00,385.15,378.65,430.70,22555.75,385.15,91065,6175,1396,2084899989.25,1160,F1,65,,,,,
2026-10-05,2026-10-05,FO,NSE,IDO,64269,,NIFTY,,2026-11-23,2026-11-23,22300.00,PE,NIFTY26NOV22300PE,261.00,327.85,237.00,277.95,274.20,315.15,22555.75,277.95,78845,-4095,2106,3090248066.75,1732,F1,65,,,,,
2026-10-05,2026-10-05,FO,NSE,IDO,64245,,NIFTY,,2026-11-23,2026-11-23,22150.00,PE,NIFTY26NOV22150PE,219.85,272.95,206.45,235.80,233.00,268.10,22555.75,235.80,5655,195,96,139657297.00,82,F1,65,,,,,
2026-10-05,2026-10-05,FO,NSE,IDO,64239,,NIFTY,,2026-11-23,2026-11-23,22000.00,PE,NIFTY26NOV22000PE,217.50,239.10,171.50,202.35,200.40,230.65,22555.75,202.35,1265420,75920,15729,22693951439.25,10497,F1,65,,,,,
2026-10-05,2026-10-05,FO,NSE,IDO,64233,,NIFTY,,2026-11-23,2026-11-23,21850.00,PE,NIFTY26NOV21850PE,160.50,199.40,142.70,169.75,167.75,195.55,22555.75,169.75,4550,520,46,65826644.00,43,F1,65,,,,,
2026-10-05,2026-10-05,FO,NSE,IDO,64189,,NIFTY,,2026-11-23,2026-11-23,21250.00,PE,NIFTY26NOV21250PE,92.30,108.85,89.05,91.80,89.05,22.05,22555.75,91.80,4745,4745,107,148450409.25,45,F1,65,,,,,
2026-10-05,2026-10-05,FO,NSE,IDO,54125,,NIFTY,,2026-11-03,2026-11-03,24300.00,PE,NIFTY26N0324300PE,0.00,0.00,0.00,1010.00,1010.00,1010.00,22555.75,1648.60,65,0,0,0.00,0,F1,65,,,,,
2026-10-05,2026-10-05,FO,NSE,IDO,53835,,NIFTY,,2026-11-03,2026-11-03,22850.00,PE,NIFTY26N0322850PE,440.20,465.00,384.60,465.00,465.00,636.45,22555.75,444.16,3965,455,10,15111863.00,10,F1,65,,,,,
2026-10-05,2026-10-05,FO,NSE,IDO,53749,,NIFTY,,2026-11-03,2026-11-03,22600.00,PE,NIFTY26N0322600PE,315.30,386.10,274.00,332.85,318.80,376.90,22555.75,332.85,13650,3250,341,508035918.00,241,F1,65,,,,,
2026-10-05,2026-10-05,FO,NSE,IDO,53558,,NIFTY,,2026-11-03,2026-11-03,22050.00,PE,NIFTY26N0322050PE,145.15,170.00,143.60,156.20,156.10,178.55,22555.75,156.20,1170,130,9,12989489.50,9,F1,65,,,,,
2026-10-05,2026-10-05,FO,NSE,IDO,53451,,NIFTY,,2026-11-03,2026-11-03,21350.00,PE,NIFTY26N0321350PE,0.00,0.00,0.00,17.55,0.00,17.55,22555.75,19.68,0,0,0,0.00,0,F1,65,,,,,
2026-10-05,2026-10-05,FO,NSE,IDO,51541,,NIFTY,,2026-10-27,2026-10-27,27200.00,PE,NIFTY26OCT27200PE,4450.00,4617.00,4450.00,4477.25,4477.25,4635.00,22555.75,4554.23,57980,-130,3,6184376.25,3,F1,65,,,,,
2026-10-05,2026-10-05,FO,NSE,IDO,51439,,NIFTY,,2026-10-27,2026-10-27,24950.00,PE,NIFTY26OCT24950PE,2335.00,2335.00,2335.00,2335.00,2335.00,2459.95,22555.75,2311.98,845,-260,4,7094100.00,3,F1,65,,,,,
2026-10-05,2026-10-05,FO,NSE,IDO,51427,,NIFTY,,2026-10-27,2026-10-27,24700.00,PE,NIFTY26OCT24700PE,2069.40,2098.00,2000.00,2049.35,2049.35,2157.10,22555.75,2049.35,217165,455,19,33037215.25,13,F1,65,,,,,
2026-10-05,2026-10-05,FO,NSE,IDO,51385,,NIFTY,,2026-10-27,2026-10-27,23800.00,PE,NIFTY26OCT23800PE,1167.85,1289.30,1075.00,1180.20,1173.30,1268.85,22555.75,1180.20,520325,-15860,472,765264691.75,300,F1,65,,,,,
2026-10-05,2026-10-05,FO,NSE,IDO,51381,,NIFTY,,2026-10-27,2026-10-27,23700.00,PE,NIFTY26OCT23700PE,1041.00,1190.00,987.95,1081.35,1081.20,1170.85,22555.75,1081.35,381355,-1950,323,519991849.00,227,F1,65,,,,,
2026-10-05,2026-10-05,FO,NSE,IDO,51375,,NIFTY,,2026-10-27,2026-10-27,23550.00,PE,NIFTY26OCT23550PE,935.45,989.50,850.35,948.45,948.45,1108.10,22555.75,948.45,15015,-780,30,47756559.50,26,F1,65,,,,,
2026-10-05,2026-10-05,FO,NSE,IDO,51331,,NIFTY,,2026-10-27,2026-10-27,22500.00,PE,NIFTY26OCT22500PE,269.05,319.85,206.55,255.55,251.35,306.15,22555.75,255.55,4357405,794690,161492,238853025287.50,99215,F1,65,,,,,
2026-10-05,2026-10-05,FO,NSE,IDO,51295,,NIFTY,,2026-10-27,2026-10-27,21700.00,PE,NIFTY26OCT21700PE,84.45,98.30,59.85,71.50,70.60,92.30,22555.75,71.50,578695,36725,17124,24235751644.00,8738,F1,65,,,,,
2026-10-05,2026-10-05,FO,NSE,IDO,51264,,NIFTY,,2026-10-27,2026-10-27,21050.00,PE,NIFTY26OCT21050PE,27.00,37.90,24.65,28.60,28.60,37.20,22555.75,28.60,23920,-910,717,982383551.50,505,F1,65,,,,,
2026-10-05,2026-10-05,FO,NSE,IDO,51237,,NIFTY,,2026-10-27,2026-10-27,20550.00,PE,NIFTY26OCT20550PE,22.55,22.55,14.10,16.20,16.70,21.40,22555.75,16.20,16965,-5980,1526,2040050636.00,1273,F1,65,,,,,
2026-10-05,2026-10-05,FO,NSE,IDO,47448,,NIFTY,,2026-10-19,2026-10-19,25150.00,PE,NIFTY26O1925150PE,0.00,0.00,0.00,1919.85,0.00,1919.85,22555.75,2541.25,0,0,0,0.00,0,F1,65,,,,,
2026-10-05,2026-10-05,FO,NSE,IDO,47235,,NIFTY,,2026-10-19,2026-10-19,24250.00,PE,NIFTY26O1924250PE,0.00,0.00,0.00,1180.00,1180.00,1180.00,22555.75,1643.78,65,0,0,0.00,0,F1,65,,,,,
2026-10-05,2026-10-05,FO,NSE,IDO,47231,,NIFTY,,2026-10-19,2026-10-19,24150.00,PE,NIFTY26O1924150PE,0.00,0.00,0.00,1040.40,0.00,1040.40,22555.75,1544.41,0,0,0,0.00,0,F1,65,,,,,
2026-10-05,2026-10-05,FO,NSE,IDO,47184,,NIFTY,,2026-10-19,2026-10-19,23500.00,PE,NIFTY26O1923500PE,833.55,963.30,808.15,907.30,903.15,981.00,22555.75,907.30,26455,7020,245,387815272.00,159,F1,65,,,,,
2026-10-05,2026-10-05,FO,NSE,IDO,47160,,NIFTY,,2026-10-19,2026-10-19,22950.00,PE,NIFTY26O1922950PE,377.00,506.15,377.00,447.85,440.20,539.95,22555.75,447.85,4745,780,43,65426325.25,43,F1,65,,,,,
2026-10-05,2026-10-05,FO,NSE,IDO,47158,,NIFTY,,2026-10-19,2026-10-19,22900.00,PE,NIFTY26O1922900PE,368.15,499.00,343.90,424.30,409.45,489.35,22555.75,424.30,23010,5135,386,584888131.75,284,F1,65,,,,,
2026-10-05,2026-10-05,FO,NSE,IDO,47128,,NIFTY,,2026-10-19,2026-10-19,22350.00,PE,NIFTY26O1922350PE,138.15,209.90,124.20,156.90,153.20,206.20,22555.75,156.90,22360,9425,2620,3833132556.50,1722,F1,65,,,,,
2026-10-05,2026-10-05,FO,NSE,IDO,47113,,NIFTY,,2026-10-19,2026-10-19,22000.00,PE,NIFTY26O1922000PE,99.95,112.70,64.20,79.85,76.95,110.10,22555.75,79.85,412165,156650,13640,19579954670.25,9037,F1,65,,,,,
2026-10-05,2026-10-05,FO,NSE,IDO,47088,,NIFTY,,2026-10-19,2026-10-19,21500.00,PE,NIFTY26O1921500PE,30.00,45.80,24.85,31.30,29.55,44.40,22555.75,31.30,165295,85735,8442,11815970387.00,4821,F1,65,,,,,
2026-10-05,2026-10-05,FO,NSE,IDO,47082,,NIFTY,,2026-10-19,2026-10-19,21350.00,PE,NIFTY26O1921350PE,25.55,33.70,20.60,23.40,23.35,20.10,22555.75,23.40,7345,6175,408,566908988.75,192,F1,65,,,,,
2026-10-05,2026-10-05,FO,NSE,IDO,47058,,NIFTY,,2026-10-19,2026-10-19,20750.00,PE,NIFTY26O1920750PE,0.00,0.00,0.00,3.50,0.00,3.50,22555.75,0.07,0,0,0,0.00,0,F1,65,,,,,
2026-10-05,2026-10-05,FO,NSE,IDO,47052,,NIFTY,,2026-10-19,2026-10-19,20600.00,PE,NIFTY26O1920600PE,13.80,15.90,7.20,9.50,8.50,13.80,22555.75,9.50,1755,1040,302,404567787.00,70,F1,65,,,,,
2026-10-05,2026-10-05,FO,NSE,IDO,47038,,NIFTY,,2026-10-19,2026-10-19,20250.00,PE,NIFTY26O1920250PE,0.00,0.00,0.00,0.70,0.00,0.70,22555.75,0.01,0,0,0,0.00,0,F1,65,,,,,
2026-10-05,2026-10-05,FO,NSE,IDO,44783,,NIFTY,,2026-10-13,2026-10-13,25100.00,PE,NIFTY26O1325100PE,2520.00,2555.00,2490.00,2490.00,2490.00,1406.65,22555.75,2514.01,4810,4810,90,161609428.50,34,F1,65,,,,,
2026-10-05,2026-10-05,FO,NSE,IDO,44767,,NIFTY,,2026-10-13,2026-10-13,24800.00,PE,NIFTY26O1324800PE,2190.00,2265.00,2190.00,2229.30,2228.15,2160.00,22555.75,2229.30,1235,1105,19,33377217.25,18,F1,65,,,,,
2026-10-05,2026-10-05,FO,NSE,IDO,44719,,NIFTY,,2026-10-13,2026-10-13,24050.00,PE,NIFTY26O1324050PE,0.00,0.00,0.00,1543.65,1543.65,1543.65,22555.75,1465.36,325,0,0,0.00,0,F1,65,,,,,
2026-10-05,2026-10-05,FO,NSE,IDO,44669,,NIFTY,,2026-10-13,2026-10-13,23500.00,PE,NIFTY26O1323500PE,886.40,1030.00,815.40,931.50,926.35,1016.00,22555.75,931.50,219505,67795,4826,7664270597.75,3464,F1,65,,,,,
2026-10-05,2026-10-05,FO,NSE,IDO,44653,,NIFTY,,2026-10-13,2026-10-13,23200.00,PE,NIFTY26O1323200PE,598.30,741.30,539.65,644.50,634.40,720.65,22555.75,644.50,209170,22230,2290,3548722378.50,1486,F1,65,,,,,
2026-10-05,2026-10-05,FO,NSE,IDO,44613,,NIFTY,,2026-10-13,2026-10-13,22500.00,PE,NIFTY26O1322500PE,150.15,227.40,119.25,161.90,156.95,222.60,22555.75,161.90,1915745,1034475,266152,392115540352.25,160550,F1,65,,,,,
2026-10-05,2026-10-05,FO,NSE,IDO,44449,,NIFTY,,2026-10-13,2026-10-13,20200.00,PE,NIFTY26O1320200PE,2.70,3.60,2.70,3.25,3.20,0.15,22555.75,3.25,425490,425490,16180,21247821413.00,3837,F1,65,,,,,
2026-10-05,2026-10-05,FO,NSE,IDO,40820,,NIFTY,,2026-10-06,2026-10-06,24350.00,PE,NIFTY26O0624350PE,1800.00,1840.00,1775.00,1785.00,1785.00,1580.00,22555.75,1790.58,455,-650,10,16995225.00,10,F1,65,,,,,
2026-10-05,2026-10-05,FO,NSE,IDO,40810,,NIFTY,,2026-10-06,2026-10-06,24150.00,PE,NIFTY26O0624150PE,1625.00,1625.00,1610.05,1610.20,1610.05,1416.35,22555.75,1610.20,1820,-325,6,10050322.75,4,F1,65,,,,,
2026-10-05,2026-10-05,FO,NSE,IDO,40794,,NIFTY,,2026-10-06,2026-10-06,24000.00,PE,NIFTY26O0624000PE,1429.95,1554.60,1364.00,1449.50,1447.00,1530.40,22555.75,1449.50,302965,-191035,3722,6155467493.50,2717,F1,65,,,,,
2026-10-05,2026-10-05,FO,NSE,IDO,40668,,NIFTY,,2026-10-06,2026-10-06,22000.00,PE,NIFTY26O0622000PE,8.00,12.50,2.35,3.40,2.50,19.85,22555.75,3.40,12783420,2724930,3581139,5122523992134.25,553054,F1,65,,,,,
2026-10-05,2026-10-05,FO,NSE,IDO,40566,,NIFTY,,2026-10-06,2026-10-06,20200.00,PE,NIFTY26O0620200PE,0.80,0.85,0.25,0.40,0.30,1.05,22555.75,0.40,55575,47385,12892,16927634538.75,3037,F1,65,,,,,
2026-10-05,2026-10-05,FO,NSE,IDO,55764,,NIFTY,,2030-12-31,2030-12-31,31500.00,CE,NIFTY30DEC31500CE,0.00,0.00,0.00,4554.55,0.00,4554.55,22555.75,1557.97,0,0,0,0.00,0,F1,65,,,,,
2026-10-05,2026-10-05,FO,NSE,IDO,55604,,NIFTY,,2029-12-24,2029-12-24,25500.00,CE,NIFTY29DEC25500CE,0.00,0.00,0.00,6500.60,0.00,6500.60,22555.75,2733.73,0,0,0,0.00,0,F1,65,,,,,
2026-10-05,2026-10-05,FO,NSE,IDO,61748,,NIFTY,,2029-12-24,2029-12-24,24000.00,CE,NIFTY29DEC24000CE,0.00,0.00,0.00,3915.00,3915.00,3915.00,22555.75,3478.74,195,0,0,0.00,0,F1,65,,,,,
2026-10-05,2026-10-05,FO,NSE,IDO,55564,,NIFTY,,2029-06-26,2029-06-26,28500.00,CE,NIFTY29JUN28500CE,0.00,0.00,0.00,4213.30,0.00,4213.30,22555.75,1213.86,0,0,0,0.00,0,F1,65,,,,,
2026-10-05,2026-10-05,FO,NSE,IDO,89606,,NIFTY,,2029-06-26,2029-06-26,15000.00,CE,NIFTY29JUN15000CE,0.00,0.00,0.00,13671.85,0.00,13671.85,22555.75,9650.69,0,0,0,0.00,0,F1,65,,,,,
2026-10-05,2026-10-05,FO,NSE,IDO,67776,,NIFTY,,2028-12-26,2028-12-26,21000.00,CE,NIFTY28DEC21000CE,0.00,0.00,0.00,7512.50,0.00,7512.50,22555.75,4327.07,0,0,0,0.00,0,F1,65,,,,,
2026-10-05,2026-10-05,FO,NSE,IDO,55472,,NIFTY,,2028-06-27,2028-06-27,22500.00,CE,NIFTY28JUN22500CE,0.00,0.00,0.00,6796.05,0.00,6796.05,22555.75,2770.30,0,0,0,0.00,0,F1,65,,,,,
2026-10-05,2026-10-05,FO,NSE,IDO,53628,,NIFTY,,2027-12-28,2027-12-28,26000.00,CE,NIFTY27DEC26000CE,558.00,588.95,552.55,568.75,566.90,531.65,22555.75,568.75,233585,-2980,981,1694187498.25,508,F1,65,,,,,
2026-10-05,2026-10-05,FO,NSE,IDO,55418,,NIFTY,,2027-12-28,2027-12-28,16500.00,CE,NIFTY27DEC16500CE,0.00,0.00,0.00,11316.40,0.00,11316.40,22555.75,7139.39,0,0,0,0.00,0,F1,65,,,,,
2026-10-05,2026-10-05,FO,NSE,IDO,64339,,NIFTY,,2027-09-28,2027-09-28,22500.00,CE,NIFTY27SEP22500CE,2265.00,2265.00,2265.00,2265.00,2265.00,2267.95,22555.75,1872.01,715,715,11,17706975.00,4,F1,65,,,,,
2026-10-05,2026-10-05,FO,NSE,IDO,64328,,NIFTY,,2027-09-28,2027-09-28,16500.00,CE,NIFTY27SEP16500CE,0.00,0.00,0.00,7170.50,0.00,7170.50,22555.75,6924.20,0,0,0,0.00,0,F1,65,,,,,
2026-10-05,2026-10-05,FO,NSE,IDO,55380,,NIFTY,,2027-06-29,2027-06-29,31500.00,CE,NIFTY27JUN31500CE,0.00,0.00,0.00,769.15,0.00,769.15,22555.75,4.49,0,0,0,0.00,0,F1,65,,,,,
2026-10-05,2026-10-05,FO,NSE,IDO,80276,,NIFTY,,2027-03-30,2027-03-30,27000.00,CE,NIFTY27MAR27000CE,51.05,56.00,49.30,51.25,51.20,50.05,22555.75,51.25,1160510,18460,2942,5173259048.75,1455,F1,65,,,,,
2026-10-05,2026-10-05,FO,NSE,IDO,63266,,NIFTY,,2026-12-29,2026-12-29,24200.00,CE,NIFTY26DEC24200CE,129.00,138.40,118.20,121.35,122.35,121.70,22555.75,121.35,36465,11505,441,697359091.00,374,F1,65,,,,,
2026-10-05,2026-10-05,FO,NSE,IDO,55326,,NIFTY,,2026-12-29,2026-12-29,22500.00,CE,NIFTY26DEC22500CE,700.00,825.00,700.00,757.40,758.15,723.95,22555.75,757.40,421915,28405,3707,5606352583.00,2700,F1,65,,,,,
2026-10-05,2026-10-05,FO,NSE,IDO,62555,,NIFTY,,2026-12-29,2026-12-29,22350.00,CE,NIFTY26DEC22350CE,863.95,900.00,814.75,880.80,880.80,818.00,22555.75,848.11,8320,-1105,37,55852335.50,30,F1,65,,,,,
2026-10-05,2026-10-05,FO,NSE,IDO,62503,,NIFTY,,2026-12-29,2026-12-29,22050.00,CE,NIFTY26DEC22050CE,1060.05,1060.05,1060.05,1060.05,1060.05,1017.25,22555.75,1043.94,650,195,3,4506459.75,3,F1,65,,,,,
2026-10-05,2026-10-05,FO,NSE,IDO,62477,,NIFTY,,2026-12-29,2026-12-29,21750.00,CE,NIFTY26DEC21750CE,1350.00,1350.00,1270.95,1270.95,1270.95,1259.35,22555.75,1261.61,2860,195,23,34493085.25,10,F1,65,,,,,
2026-10-05,2026-10-05,FO,NSE,IDO,62383,,NIFTY,,2026-12-29,2026-12-29,21150.00,CE,NIFTY26DEC21150CE,0.00,0.00,0.00,1997.60,0.00,1997.60,22555.75,1752.05,0,0,0,0.00,0,F1,65,,,,,
2026-10-05,2026-10-05,FO,NSE,IDO,62353,,NIFTY,,2026-12-29,2026-12-29,21050.00,CE,NIFTY26DEC21050CE,0.00,0.00,0.00,2082.30,0.00,2082.30,22555.75,1839.60,0,0,0,0.00,0,F1,65,,,,,
2026-10-05,2026-10-05,FO,NSE,IDO,62346,,NIFTY,,2026-12-29,2026-12-29,20950.00,CE,NIFTY26DEC20950CE,0.00,0.00,0.00,2168.25,0.00,2168.25,22555.75,1928.49,0,0,0,0.00,0,F1,65,,,,,
2026-10-05,2026-10-05,FO,NSE,IDO,62283,,NIFTY,,2026-12-29,2026-12-29,20700.00,CE,NIFTY26DEC20700CE,0.00,0.00,0.00,2388.15,0.00,2388.15,22555.75,2155.85,0,0,0,0.00,0,F1,65,,,,,
2026-10-05,2026-10-05,FO,NSE,IDO,58636,,NIFTY,,2026-12-29,2026-12-29,16000.00,CE,NIFTY26DEC16000CE,0.00,0.00,0.00,6430.00,6430.00,6430.00,22555.75,6759.37,1105,0,0,0.00,0,F1,65,,,,,
2026-10-05,2026-10-05,FO,NSE,IDO,64453,,NIFTY,,2026-11-23,2026-11-23,25250.00,CE,NIFTY26NOV25250CE,13.65,16.95,13.65,16.95,16.95,13.00,22555.75,6.16,780,0,3,4926743.25,3,F1,65,,,,,
2026-10-05,2026-10-05,FO,NSE,IDO,64421,,NIFTY,,2026-11-23,2026-11-23,24600.00,CE,NIFTY26NOV24600CE,35.45,37.20,30.55,31.80,31.15,33.80,22555.75,31.80,52585,6500,797,1276109701.75,541,F1,65,,,,,
2026-10-05,2026-10-05,FO,NSE,IDO,64403,,NIFTY,,2026-11-23,2026-11-23,24150.00,CE,NIFTY26NOV24150CE,59.70,61.20,51.95,55.90,55.90,58.75,22555.75,55.90,24895,5265,335,527075298.75,134,F1,65,,,,,
2026-10-05,2026-10-05,FO,NSE,IDO,64391,,NIFTY,,2026-11-23,2026-11-23,23900.00,CE,NIFTY26NOV23900CE,90.30,90.55,73.10,81.35,80.50,81.40,22555.75,81.35,129415,10140,1224,1908036217.75,923,F1,65,,,,,
2026-10-05,2026-10-05,FO,NSE,IDO,64363,,NIFTY,,2026-11-23,2026-11-23,23450.00,CE,NIFTY26NOV23450CE,166.95,178.65,144.10,159.50,160.70,154.30,22555.75,159.50,41990,18395,688,1055906982.00,420,F1,65,,,,,
2026-10-05,2026-10-05,FO,NSE,IDO,64327,,NIFTY,,2026-11-23,2026-11-23,22950.00,CE,NIFTY26NOV22950CE,344.25,369.00,306.85,328.45,328.00,310.25,22555.75,328.45,10205,1495,82,124113177.50,61,F1,65,,,,,
2026-10-05,2026-10-05,FO,NSE,IDO,64306,,NIFTY,,2026-11-23,2026-11-23,22850.00,CE,NIFTY26NOV22850CE,388.50,415.75,342.30,378.45,376.45,353.15,22555.75,378.45,16185,325,160,241660558.75,120,F1,65,,,,,
2026-10-05,2026-10-05,FO,NSE,IDO,64304,,NIFTY,,2026-11-23,2026-11-23,22800.00,CE,NIFTY26NOV22800CE,402.05,448.90,361.90,399.05,398.55,373.20,22555.75,399.05,169520,17290,2308,3481970420.50,1731,F1,65,,,,,
2026-10-05,2026-10-05,FO,NSE,IDO,64222,,NIFTY,,2026-11-23,2026-11-23,21750.00,CE,NIFTY26NOV21750CE,0.00,0.00,0.00,2952.95,0.00,2952.95,22555.75,1073.45,0,0,0,0.00,0,F1,65,,,,,
2026-10-05,2026-10-05,FO,NSE,IDO,64142,,NIFTY,,2026-11-23,2026-11-23,20550.00,CE,NIFTY26NOV20550CE,0.00,0.00,0.00,4096.80,0.00,4096.80,22555.75,2164.30,0,0,0,0.00,0,F1,65,,,,,
2026-10-05,2026-10-05,FO,NSE,IDO,64118,,NIFTY,,2026-11-23,2026-11-23,20100.00,CE,NIFTY26NOV20100CE,0.00,0.00,0.00,4536.15,0.00,4536.15,22555.75,2605.54,0,0,0,0.00,0,F1,65,,,,,
2026-10-05,2026-10-05,FO,NSE,IDO,54450,,NIFTY,,2026-11-03,2026-11-03,25200.00,CE,NIFTY26N0325200CE,9.90,9.90,8.20,8.95,8.95,8.95,22555.75,8.95,7800,4030,95,155665347.50,50,F1,65,,,,,
2026-10-05,2026-10-05,FO,NSE,IDO,54332,,NIFTY,,2026-11-03,2026-11-03,25000.00,CE,NIFTY26N0325000CE,11.00,11.00,9.00,9.35,9.50,10.10,22555.75,9.35,11245,975,85,138178826.50,59,F1,65,,,,,
2026-10-05,2026-10-05,FO,NSE,IDO,54276,,NIFTY,,2026-11-03,2026-11-03,24900.00,CE,NIFTY26N0324900CE,0.00,0.00,0.00,8.85,8.85,8.85,22555.75,1.63,1105,0,0,0.00,0,F1,65,,,,,
2026-10-05,2026-10-05,FO,NSE,IDO,54274,,NIFTY,,2026-11-03,2026-11-03,24850.00,CE,NIFTY26N0324850CE,8.55,8.55,8.55,8.55,8.55,9.00,22555.75,1.92,585,0,1,1615805.75,1,F1,65,,,,,
2026-10-05,2026-10-05,FO,NSE,IDO,54120,,NIFTY,,2026-11-03,2026-11-03,24200.00,CE,NIFTY26N0324200CE,24.75,27.80,18.00,24.20,23.40,23.60,22555.75,24.20,10595,2470,116,182639762.50,53,F1,65,,,,,
2026-10-05,2026-10-05,FO,NSE,IDO,53571,,NIFTY,,2026-11-03,2026-11-03,22100.00,CE,NIFTY26N0322100CE,0.00,0.00,0.00,1456.10,0.00,1456.10,22555.75,678.87,0,0,0,0.00,0,F1,65,,,,,
2026-10-05,2026-10-05,FO,NSE,IDO,53517,,NIFTY,,2026-11-03,2026-11-03,21900.00,CE,NIFTY26N0321900CE,0.00,0.00,0.00,1631.80,0.00,1631.80,22555.75,833.66,0,0,0,0.00,0,F1,65,,,,,
2026-10-05,2026-10-05,FO,NSE,IDO,53473,,NIFTY,,2026-11-03,2026-11-03,21550.00,CE,NIFTY26N0321550CE,0.00,0.00,0.00,1952.80,0.00,1952.80,22555.75,1134.36,0,0,0,0.00,0,F1,65,,,,,
2026-10-05,2026-10-05,FO,NSE,IDO,51506,,NIFTY,,2026-10-27,2026-10-27,26400.00,CE,NIFTY26OCT26400CE,0.80,1.20,0.50,1.20,1.20,0.80,22555.75,1.20,4550,0,4,6864198.25,4,F1,65,,,,,
2026-10-05,2026-10-05,FO,NSE,IDO,51454,,NIFTY,,2026-10-27,2026-10-27,25350.00,CE,NIFTY26OCT25350CE,0.00,0.00,0.00,3.80,3.80,3.80,22555.75,0.05,2730,0,0,0.00,0,F1,65,,,,,
2026-10-05,2026-10-05,FO,NSE,IDO,51446,,NIFTY,,2026-10-27,2026-10-27,25150.00,CE,NIFTY26OCT25150CE,0.00,0.00,0.00,4.65,4.65,4.65,22555.75,0.12,16640,0,0,0.00,0,F1,65,,,,,
2026-10-05,2026-10-05,FO,NSE,IDO,51382,,NIFTY,,2026-10-27,2026-10-27,23750.00,CE,NIFTY26OCT23750CE,26.90,28.70,21.95,24.50,23.80,26.85,22555.75,24.50,115505,130,1622,2506625254.25,1175,F1,65,,,,,
2026-10-05,2026-10-05,FO,NSE,IDO,51358,,NIFTY,,2026-10-27,2026-10-27,23150.00,CE,NIFTY26OCT23150CE,116.95,125.00,88.70,103.20,100.00,96.05,22555.75,103.20,125320,3510,3921,5927178916.75,2492,F1,65,,,,,
2026-10-05,2026-10-05,FO,NSE,IDO,51346,,NIFTY,,2026-10-27,2026-10-27,22850.00,CE,NIFTY26OCT22850CE,225.95,242.85,173.60,202.55,198.70,182.25,22555.75,202.55,156065,16315,3399,5093944124.75,2667,F1,65,,,,,
2026-10-05,2026-10-05,FO,NSE,IDO,51330,,NIFTY,,2026-10-27,2026-10-27,22500.00,CE,NIFTY26OCT22500CE,351.95,448.25,333.00,380.25,377.60,344.70,22555.75,380.25,2663245,452920,117012,174067018966.75,80361,F1,65,,,,,
2026-10-05,2026-10-05,FO,NSE,IDO,51270,,NIFTY,,2026-10-27,2026-10-27,21200.00,CE,NIFTY26OCT21200CE,0.00,0.00,0.00,1313.45,1313.45,1313.45,22555.75,1431.87,65,0,0,0.00,0,F1,65,,,,,
2026-10-05,2026-10-05,FO,NSE,IDO,47398,,NIFTY,,2026-10-19,2026-10-19,24700.00,CE,NIFTY26O1924700CE,3.90,3.90,2.20,2.50,2.30,3.90,22555.75,2.50,2405,-195,70,112398952.25,45,F1,65,,,,,
2026-10-05,2026-10-05,FO,NSE,IDO,47187,,NIFTY,,2026-10-19,2026-10-19,23600.00,CE,NIFTY26O1923600CE,21.10,21.10,14.10,15.45,14.70,19.15,22555.75,15.45,137215,6825,3697,5675154039.75,2072,F1,65,,,,,
2026-10-05,2026-10-05,FO,NSE,IDO,47123,,NIFTY,,2026-10-19,2026-10-19,22250.00,CE,NIFTY26O1922250CE,490.00,506.20,420.40,482.70,476.20,438.35,22555.75,482.70,8125,2860,104,153496356.00,97,F1,65,,,,,
2026-10-05,2026-10-05,FO,NSE,IDO,47104,,NIFTY,,2026-10-19,2026-10-19,21800.00,CE,NIFTY26O1921800CE,780.00,900.00,780.00,850.00,850.00,792.45,22555.75,823.14,1040,845,16,23594103.00,8,F1,65,,,,,
2026-10-05,2026-10-05,FO,NSE,IDO,47083,,NIFTY,,2026-10-19,2026-10-19,21400.00,CE,NIFTY26O1921400CE,0.00,0.00,0.00,1444.10,1444.10,1444.10,22555.75,1204.48,65,0,0,0.00,0,F1,65,,,,,
2026-10-05,2026-10-05,FO,NSE,IDO,47081,,NIFTY,,2026-10-19,2026-10-19,21350.00,CE,NIFTY26O1921350CE,0.00,0.00,0.00,1902.60,0.00,1902.60,22555.75,1253.56,0,0,0,0.00,0,F1,65,,,,,
2026-10-05,2026-10-05,FO,NSE,IDO,47079,,NIFTY,,2026-10-19,2026-10-19,21300.00,CE,NIFTY26O1921300CE,0.00,0.00,0.00,1950.35,0.00,1950.35,22555.75,1302.81,0,0,0,0.00,0,F1,65,,,,,
2026-10-05,2026-10-05,FO,NSE,IDO,47061,,NIFTY,,2026-10-19,2026-10-19,20850.00,CE,NIFTY26O1920850CE,0.00,0.00,0.00,2387.15,0.00,2387.15,22555.75,1749.83,0,0,0,0.00,0,F1,65,,,,,
2026-10-05,2026-10-05,FO,NSE,IDO,47057,,NIFTY,,2026-10-19,2026-10-19,20750.00,CE,NIFTY26O1920750CE,0.00,0.00,0.00,2485.40,0.00,2485.40,22555.75,1849.55,0,0,0,0.00,0,F1,65,,,,,
2026-10-05,2026-10-05,FO,NSE,IDO,44730,,NIFTY,,2026-10-13,2026-10-13,24250.00,CE,NIFTY26O1324250CE,2.20,2.20,1.00,1.15,1.05,2.15,22555.75,1.15,94510,38220,3577,5638553121.50,1911,F1,65,,,,,
2026-10-05,2026-10-05,FO,NSE,IDO,44598,,NIFTY,,2026-10-13,2026-10-13,22300.00,CE,NIFTY26O1322300CE,373.95,459.35,309.95,367.80,362.90,332.95,22555.75,367.80,269490,36465,18337,27026338352.00,13138,F1,65,,,,,
2026-10-05,2026-10-05,FO,NSE,IDO,44556,,NIFTY,,2026-10-13,2026-10-13,21650.00,CE,NIFTY26O1321650CE,873.55,949.60,873.55,949.60,949.60,841.85,22555.75,934.29,65,0,2,2933004.75,2,F1,65,,,,,
2026-10-05,2026-10-05,FO,NSE,IDO,44450,,NIFTY,,2026-10-13,2026-10-13,20250.00,CE,NIFTY26O1320250CE,0.00,0.00,0.00,3498.00,0.00,3498.00,22555.75,2330.15,0,0,0,0.00,0,F1,65,,,,,
2026-10-05,2026-10-05,FO,NSE,IDO,40875,,NIFTY,,2026-10-06,2026-10-06,25250.00,CE,NIFTY26O0625250CE,0.60,0.60,0.20,0.30,0.35,0.50,22555.75,0.30,26000,14300,1500,2461910428.25,331,F1,65,,,,,
2026-10-05,2026-10-05,FO,NSE,IDO,40765,,NIFTY,,2026-10-06,2026-10-06,23600.00,CE,NIFTY26O0623600CE,1.70,1.70,0.50,0.65,0.50,1.80,22555.75,0.65,3258645,-1291680,551654,846270222369.00,53201,F1,65,,,,,
2026-10-05,2026-10-05,FO,NSE,IDO,40753,,NIFTY,,2026-10-06,2026-10-06,23350.00,CE,NIFTY26O0623350CE,2.40,2.50,0.70,1.00,0.70,3.15,22555.75,1.00,1922440,108160,492489,747521748678.25,77558,F1,65,,,,,
2026-10-05,2026-10-05,FO,NSE,IDO,40741,,NIFTY,,2026-10-06,2026-10-06,23100.00,CE,NIFTY26O0623100CE,7.00,7.00,1.15,1.90,1.40,7.05,22555.75,1.90,8450260,2297425,1747339,2623937757645.75,241401,F1,65,,,,,
2026-10-05,2026-10-05,FO,NSE,IDO,40704,,NIFTY,,2026-10-06,2026-10-06,22650.00,CE,NIFTY26O0622650CE,74.90,86.65,26.00,39.75,36.35,51.70,22555.75,39.75,6505330,111800,6292267,9284023536940.75,2225855,F1,65,,,,,
2026-10-05,2026-10-05,FO,NSE,IDO,40632,,NIFTY,,2026-10-06,2026-10-06,21300.00,PE,NIFTY26O0621300PE,2.70,2.70,0.60,0.75,0.70,3.00,22555.75,0.75,1497925,-1263340,460960,638234458891.25,54086,F1,65,,,,,
2026-10-05,2026-10-05,FO,NSE,IDO,40570,,NIFTY,,2026-10-06,2026-10-06,20300.00,PE,NIFTY26O0620300PE,1.00,1.00,0.25,0.40,0.45,1.10,22555.75,0.40,50245,20735,5785,7633512162.25,2442,F1,65,,,,,
2026-10-05,2026-10-05,FO,NSE,IDO,74651,,NIFTY,,2031-06-24,2031-06-24,25500.00,CE,NIFTY31JUN25500CE,0.00,0.00,0.00,6409.80,0.00,6409.80,22555.75,4128.65,0,0,0,0.00,0,F1,65,,,,,
2026-10-05,2026-10-05,FO,NSE,IDO,74643,,NIFTY,,2031-06-24,2031-06-24,19500.00,CE,NIFTY31JUN19500CE,0.00,0.00,0.00,9840.60,0.00,9840.60,22555.75,7705.59,0,0,0,0.00,0,F1,65,,,,,
2026-10-05,2026-10-05,FO,NSE,IDO,74641,,NIFTY,,2031-06-24,2031-06-24,18000.00,CE,NIFTY31JUN18000CE,0.00,0.00,0.00,10825.95,0.00,10825.95,22555.75,8768.11,0,0,0,0.00,0,F1,65,,,,,
2026-10-05,2026-10-05,FO,NSE,IDO,55704,,NIFTY,,2030-12-31,2030-12-31,22500.00,CE,NIFTY30DEC22500CE,0.00,0.00,0.00,9536.95,0.00,9536.95,22555.75,5322.41,0,0,0,0.00,0,F1,65,,,,,
2026-10-05,2026-10-05,FO,NSE,IDO,60886,,NIFTY,,2030-06-25,2030-06-25,15000.00,CE,NIFTY30JUN15000CE,0.00,0.00,0.00,14543.90,0.00,14543.90,22555.75,10345.08,0,0,0,0.00,0,F1,65,,,,,
2026-10-05,2026-10-05,FO,NSE,IDO,55600,,NIFTY,,2029-12-24,2029-12-24,19500.00,CE,NIFTY29DEC19500CE,0.00,0.00,0.00,10678.80,0.00,10678.80,22555.75,6406.31,0,0,0,0.00,0,F1,65,,,,,
2026-10-05,2026-10-05,FO,NSE,IDO,89648,,NIFTY,,2029-06-26,2029-06-26,33000.00,CE,NIFTY29JUN33000CE,0.00,0.00,0.00,4179.45,0.00,4179.45,22555.75,415.96,0,0,0,0.00,0,F1,65,,,,,
2026-10-05,2026-10-05,FO,NSE,IDO,40621,,NIFTY,,2026-10-06,2026-10-06,21150.00,CE,NIFTY26O0621150CE,0.00,0.00,0.00,3029.15,0.00,3029.15,22555.75,1408.94,0,0,0,0.00,0,F1,65,,,,,
2026-10-05,2026-10-05,FO,NSE,IDO,40623,,NIFTY,,2026-10-06,2026-10-06,21200.00,CE,NIFTY26O0621200CE,1359.10,1359.70,1359.10,1359.70,1359.70,2979.65,22555.75,1358.94,130,130,2,2932722.00,2,F1,65,,,,,
2026-10-05,2026-10-05,FO,NSE,IDO,40654,,NIFTY,,2026-10-06,2026-10-06,21700.00,CE,NIFTY26O0621700CE,755.85,939.10,742.60,856.85,856.00,769.95,22555.75,856.85,13715,-65,124,181764765.00,97,F1,65,,,,,
2026-10-05,2026-10-05,FO,NSE,IDO,40669,,NIFTY,,2026-10-06,2026-10-06,22050.00,CE,NIFTY26O0622050CE,530.70,589.20,389.05,506.40,505.90,435.05,22555.75,506.40,52000,1430,3712,5436231433.75,2767,F1,65,,,,,
2026-10-05,2026-10-05,FO,NSE,IDO,40721,,NIFTY,,2026-10-06,2026-10-06,22900.00,CE,NIFTY26O0622900CE,16.30,16.35,3.75,5.20,4.00,15.25,22555.75,5.20,11199565,4137640,2958250,4404788403492.75,504549,F1,65,,,,,
2026-10-05,2026-10-05,FO,NSE,IDO,40723,,NIFTY,,2026-10-06,2026-10-06,22950.00,CE,NIFTY26O0622950CE,12.00,12.65,2.85,4.00,2.85,12.30,22555.75,4.00,4714580,1548235,1307950,1951604881531.50,289854,F1,65,,,,,
2026-10-05,2026-10-05,FO,NSE,IDO,40791,,NIFTY,,2026-10-06,2026-10-06,23950.00,CE,NIFTY26O0623950CE,0.80,1.00,0.30,0.35,0.35,1.15,22555.75,0.35,878995,-21385,52625,81925950694.25,6482,F1,65,,,,,
2026-10-05,2026-10-05,FO,NSE,IDO,40811,,NIFTY,,2026-10-06,2026-10-06,24200.00,CE,NIFTY26O0624200CE,0.80,1.00,0.25,0.30,0.25,0.75,22555.75,0.30,1263080,-1267370,130530,205327524073.75,15148,F1,65,,,,,
2026-10-05,2026-10-05,FO,NSE,IDO,40813,,NIFTY,,2026-10-06,2026-10-06,24250.00,CE,NIFTY26O0624250CE,0.65,0.70,0.25,0.40,0.25,0.70,22555.75,0.40,550875,-42250,31335,49392692709.75,3534,F1,65,,,,,
2026-10-05,2026-10-05,FO,NSE,IDO,40827,,NIFTY,,2026-10-06,2026-10-06,24550.00,CE,NIFTY26O0624550CE,0.45,0.90,0.20,0.25,0.20,0.65,22555.75,0.25,200265,-5395,8952,14285382013.50,1485,F1,65,,,,,
2026-10-05,2026-10-05,FO,NSE,IDO,40865,,NIFTY,,2026-10-06,2026-10-06,25000.00,CE,NIFTY26O0625000CE,0.55,0.55,0.20,0.25,0.25,0.55,22555.75,0.25,1336010,-808600,106277,172702412645.75,12872,F1,65,,,,,
2026-10-05,2026-10-05,FO,NSE,IDO,40887,,NIFTY,,2026-10-06,2026-10-06,25550.00,CE,NIFTY26O0625550CE,0.50,0.55,0.20,0.35,0.30,0.50,22555.75,0.35,40755,18005,1485,2466244927.25,451,F1,65,,,,,
2026-10-05,2026-10-05,FO,NSE,IDO,40892,,NIFTY,,2026-10-06,2026-10-06,25650.00,CE,NIFTY26O0625650CE,0.60,1.00,0.20,0.25,0.20,0.45,22555.75,0.25,51870,7865,1968,3281193782.75,461,F1,65,,,,,
2026-10-05,2026-10-05,FO,NSE,IDO,44468,,NIFTY,,2026-10-13,2026-10-13,20500.00,CE,NIFTY26O1320500CE,0.00,0.00,0.00,3249.65,0.00,3249.65,22555.75,2080.45,0,0,0,0.00,0,F1,65,,,,,
2026-10-05,2026-10-05,FO,NSE,IDO,44780,,NIFTY,,2026-10-13,2026-10-13,25050.00,CE,NIFTY26O1325050CE,1.10,1.15,0.90,0.95,0.90,1.00,22555.75,0.95,8190,2860,233,379397430.75,145,F1,65,,,,,
2026-10-05,2026-10-05,FO,NSE,IDO,47087,,NIFTY,,2026-10-19,2026-10-19,21500.00,CE,NIFTY26O1921500CE,0.00,0.00,0.00,1760.75,0.00,1760.75,22555.75,1106.96,0,0,0,0.00,0,F1,65,,,,,
2026-10-05,2026-10-05,FO,NSE,IDO,47157,,NIFTY,,2026-10-19,2026-10-19,22900.00,CE,NIFTY26O1922900CE,113.75,154.90,102.15,119.90,118.65,112.90,22555.75,119.90,87750,43680,5761,8622177648.50,4507,F1,65,,,,,
2026-10-05,2026-10-05,FO,NSE,IDO,47161,,NIFTY,,2026-10-19,2026-10-19,23000.00,CE,NIFTY26O1923000CE,99.90,118.85,77.95,90.45,89.10,88.30,22555.75,90.45,393705,58305,15877,23835985208.75,11057,F1,65,,,,,
2026-10-05,2026-10-05,FO,NSE,IDO,47183,,NIFTY,,2026-10-19,2026-10-19,23500.00,CE,NIFTY26O1923500CE,27.30,27.30,18.25,20.35,18.80,24.90,22555.75,20.35,295230,36595,9298,14216145856.25,4548,F1,65,,,,,
2026-10-05,2026-10-05,FO,NSE,IDO,47185,,NIFTY,,2026-10-19,2026-10-19,23550.00,CE,NIFTY26O1923550CE,23.35,25.50,15.80,18.00,16.50,22.20,22555.75,18.00,21645,6890,453,693991714.00,214,F1,65,,,,,
2026-10-05,2026-10-05,FO,NSE,IDO,47206,,NIFTY,,2026-10-19,2026-10-19,23800.00,CE,NIFTY26O1923800CE,12.90,13.60,9.00,9.55,9.20,12.85,22555.75,9.55,99905,15470,2960,4581151428.75,1468,F1,65,,,,,
2026-10-05,2026-10-05,FO,NSE,IDO,47208,,NIFTY,,2026-10-19,2026-10-19,23850.00,CE,NIFTY26O1923850CE,13.00,13.00,8.50,9.70,9.15,13.00,22555.75,9.70,16510,1495,101,156641823.00,42,F1,65,,,,,
2026-10-05,2026-10-05,FO,NSE,IDO,47455,,NIFTY,,2026-10-19,2026-10-19,25200.00,CE,NIFTY26O1925200CE,2.40,2.50,1.55,1.70,1.55,2.85,22555.75,1.70,15405,6175,630,1032018819.00,145,F1,65,,,,,
2026-10-05,2026-10-05,FO,NSE,IDO,51244,,NIFTY,,2026-10-27,2026-10-27,20750.00,CE,NIFTY26OCT20750CE,0.00,0.00,0.00,3566.95,0.00,3566.95,22555.75,1875.26,0,0,0,0.00,0,F1,65,,,,,
2026-10-05,2026-10-05,FO,NSE,IDO,51278,,NIFTY,,2026-10-27,2026-10-27,21300.00,CE,NIFTY26OCT21300CE,0.00,0.00,0.00,1235.60,1235.60,1235.60,22555.75,1334.97,1235,0,0,0.00,0,F1,65,,,,,
2026-10-05,2026-10-05,FO,NSE,IDO,51284,,NIFTY,,2026-10-27,2026-10-27,21450.00,CE,NIFTY26OCT21450CE,0.00,0.00,0.00,1084.50,1084.50,1084.50,22555.75,1191.68,65,0,0,0.00,0,F1,65,,,,,
2026-10-05,2026-10-05,FO,NSE,IDO,51308,,NIFTY,,2026-10-27,2026-10-27,22000.00,CE,NIFTY26OCT22000CE,701.10,832.15,662.70,737.05,735.05,679.20,22555.75,737.05,1197430,-14105,8214,12147470582.00,6184,F1,65,,,,,
2026-10-05,2026-10-05,FO,NSE,IDO,51328,,NIFTY,,2026-10-27,2026-10-27,22450.00,CE,NIFTY26OCT22450CE,420.95,481.95,361.80,411.10,415.35,373.95,22555.75,411.10,87165,41275,4664,6930213215.25,3673,F1,65,,,,,
2026-10-05,2026-10-05,FO,NSE,IDO,51372,,NIFTY,,2026-10-27,2026-10-27,23500.00,CE,NIFTY26OCT23500CE,46.05,55.65,38.10,43.90,43.50,44.95,22555.75,43.90,8617830,-415350,84161,128805922719.50,48454,F1,65,,,,,
2026-10-05,2026-10-05,FO,NSE,IDO,51390,,NIFTY,,2026-10-27,2026-10-27,23950.00,CE,NIFTY26OCT23950CE,19.10,20.35,16.00,17.30,16.90,19.70,22555.75,17.30,239395,-7930,1742,2713918229.75,1167,F1,65,,,,,
2026-10-05,2026-10-05,FO,NSE,IDO,74654,,NIFTY,,2031-06-24,2031-06-24,27000.00,PE,NIFTY31JUN27000PE,0.00,0.00,0.00,1653.15,0.00,1653.15,22555.75,1715.06,0,0,0,0.00,0,F1,65,,,,,
2026-10-05,2026-10-05,FO,NSE,IDO,55765,,NIFTY,,2030-12-31,2030-12-31,31500.00,PE,NIFTY30DEC31500PE,0.00,0.00,0.00,1885.50,0.00,1885.50,22555.75,3948.57,0,0,0,0.00,0,F1,65,,,,,
2026-10-05,2026-10-05,FO,NSE,IDO,55761,,NIFTY,,2030-12-31,2030-12-31,28500.00,PE,NIFTY30DEC28500PE,0.00,0.00,0.00,1083.10,0.00,1083.10,22555.75,2459.37,0,0,0,0.00,0,F1,65,,,,,
2026-10-05,2026-10-05,FO,NSE,IDO,89635,,NIFTY,,2029-06-26,2029-06-26,26000.00,PE,NIFTY29JUN26000PE,0.00,0.00,0.00,1650.00,1650.00,1650.00,22555.75,1873.04,50,0,0,0.00,0,F1,65,,,,,
2026-10-05,2026-10-05,FO,NSE,IDO,89631,,NIFTY,,2029-06-26,2029-06-26,24000.00,PE,NIFTY29JUN24000PE,0.00,0.00,0.00,850.00,850.00,850.00,22555.75,1084.82,155,0,0,0.00,0,F1,65,,,,,
2026-10-05,2026-10-05,FO,NSE,IDO,55519,,NIFTY,,2028-12-26,2028-12-26,19500.00,PE,NIFTY28DEC19500PE,0.00,0.00,0.00,49.00,0.00,49.00,22555.75,157.91,0,0,0,0.00,0,F1,65,,,,,
2026-10-05,2026-10-05,FO,NSE,IDO,64367,,NIFTY,,2027-09-28,2027-09-28,30000.00,PE,NIFTY27SEP30000PE,0.00,0.00,0.00,5717.30,0.00,5717.30,22555.75,5921.20,0,0,0,0.00,0,F1,65,,,,,
2026-10-05,2026-10-05,FO,NSE,IDO,64340,,NIFTY,,2027-09-28,2027-09-28,22500.00,PE,NIFTY27SEP22500PE,0.00,0.00,0.00,761.85,761.85,761.85,22555.75,634.65,65,0,0,0.00,0,F1,65,,,,,
2026-10-05,2026-10-05,FO,NSE,IDO,62885,,NIFTY,,2026-12-29,2026-12-29,23500.00,PE,NIFTY26DEC23500PE,851.70,981.95,818.00,905.90,904.75,963.15,22555.75,905.90,91975,16770,1099,1742154362.00,751,F1,65,,,,,
2026-10-05,2026-10-05,FO,NSE,IDO,62730,,NIFTY,,2026-12-29,2026-12-29,23200.00,PE,NIFTY26DEC23200PE,676.05,775.00,666.00,725.95,729.90,777.85,22555.75,725.95,7800,0,47,73059837.50,41,F1,65,,,,,
2026-10-05,2026-10-05,FO,NSE,IDO,62661,,NIFTY,,2026-12-29,2026-12-29,22800.00,PE,NIFTY26DEC22800PE,485.05,573.55,466.55,524.40,520.80,568.00,22555.75,524.40,78585,3705,488,739722425.00,347,F1,65,,,,,
2026-10-05,2026-10-05,FO,NSE,IDO,62504,,NIFTY,,2026-12-29,2026-12-29,22050.00,PE,NIFTY26DEC22050PE,255.80,307.75,243.85,278.10,278.10,305.75,22555.75,278.10,6825,2470,78,113194292.25,58,F1,65,,,,,
2026-10-05,2026-10-05,FO,NSE,IDO,58649,,NIFTY,,2026-12-29,2026-12-29,22000.00,PE,NIFTY26DEC22000PE,252.30,300.00,230.30,264.75,264.00,289.45,22555.75,264.75,3401490,-70590,15698,22716162641.25,9595,F1,65,,,,,
2026-10-05,2026-10-05,FO,NSE,IDO,62454,,NIFTY,,2026-12-29,2026-12-29,21650.00,PE,NIFTY26DEC21650PE,185.85,218.40,174.25,197.45,197.85,215.35,22555.75,197.45,8710,1040,82,116443015.00,54,F1,65,,,,,
2026-10-05,2026-10-05,FO,NSE,IDO,62427,,NIFTY,,2026-12-29,2026-12-29,21350.00,PE,NIFTY26DEC21350PE,156.75,172.10,149.15,157.25,157.25,167.10,22555.75,103.99,2535,-390,86,120240279.25,46,F1,65,,,,,
2026-10-05,2026-10-05,FO,NSE,IDO,62390,,NIFTY,,2026-12-29,2026-12-29,21150.00,PE,NIFTY26DEC21150PE,0.00,0.00,0.00,143.10,146.80,143.10,22555.75,77.13,3835,0,0,0.00,0,F1,65,,,,,
2026-10-05,2026-10-05,FO,NSE,IDO,62319,,NIFTY,,2026-12-29,2026-12-29,20850.00,PE,NIFTY26DEC20850PE,88.40,113.55,88.40,105.90,105.90,111.00,22555.75,47.52,1690,-845,57,77644918.00,23,F1,65,,,,,
2026-10-05,2026-10-05,FO,NSE,IDO,62228,,NIFTY,,2026-12-29,2026-12-29,20150.00,PE,NIFTY26DEC20150PE,0.00,0.00,0.00,31.00,0.00,31.00,22555.75,12.76,0,0,0,0.00,0,F1,65,,,,,
2026-10-05,2026-10-05,FO,NSE,IDO,64442,,NIFTY,,2026-11-23,2026-11-23,25050.00,PE,NIFTY26NOV25050PE,0.00,0.00,0.00,2152.60,2152.60,2152.60,22555.75,2319.60,65,0,0,0.00,0,F1,65,,,,,
2026-10-05,2026-10-05,FO,NSE,IDO,64438,,NIFTY,,2026-11-23,2026-11-23,24950.00,PE,NIFTY26NOV24950PE,0.00,0.00,0.00,915.05,0.00,915.05,22555.75,2222.66,0,0,0,0.00,0,F1,65,,,,,
2026-10-05,2026-10-05,FO,NSE,IDO,64424,,NIFTY,,2026-11-23,2026-11-23,24650.00,PE,NIFTY26NOV24650PE,0.00,0.00,0.00,1463.55,1463.55,1463.55,22555.75,1935.13,260,0,0,0.00,0,F1,65,,,,,
2026-10-05,2026-10-05,FO,NSE,IDO,64386,,NIFTY,,2026-11-23,2026-11-23,23750.00,PE,NIFTY26NOV23750PE,1129.30,1135.95,1112.45,1135.95,1135.95,1241.80,22555.75,1130.19,2860,0,5,8082935.25,5,F1,65,,,,,
2026-10-05,2026-10-05,FO,NSE,IDO,64350,,NIFTY,,2026-11-23,2026-11-23,23150.00,PE,NIFTY26NOV23150PE,629.90,743.70,584.85,682.05,682.05,732.65,22555.75,685.49,128765,-65,65,100548019.00,61,F1,65,,,,,
2026-10-05,2026-10-05,FO,NSE,IDO,62242,,NIFTY,,2026-12-29,2026-12-29,20400.00,CE,NIFTY26DEC20400CE,0.00,0.00,0.00,2660.20,0.00,2660.20,22555.75,2436.42,0,0,0,0.00,0,F1,65,,,,,
2026-10-05,2026-10-05,FO,NSE,IDO,64493,,NIFTY,,2026-11-23,2026-11-23,25900.00,CE,NIFTY26NOV25900CE,9.15,11.00,8.90,9.35,9.10,9.15,22555.75,9.35,1755,-195,21,35366779.50,15,F1,65,,,,,
2026-10-05,2026-10-05,FO,NSE,IDO,64413,,NIFTY,,2026-11-23,2026-11-23,24400.00,CE,NIFTY26NOV24400CE,41.30,49.80,36.60,39.70,38.65,41.70,22555.75,39.70,100165,15535,946,1502813497.25,536,F1,65,,,,,
2026-10-05,2026-10-05,FO,NSE,IDO,64393,,NIFTY,,2026-11-23,2026-11-23,23950.00,CE,NIFTY26NOV23950CE,77.15,83.85,69.40,76.20,75.60,75.25,22555.75,76.20,29380,9165,321,501326371.00,273,F1,65,,,,,
2026-10-05,2026-10-05,FO,NSE,IDO,62256,,NIFTY,,2026-12-29,2026-12-29,20550.00,CE,NIFTY26DEC20550CE,0.00,0.00,0.00,2523.15,0.00,2523.15,22555.75,2295.23,0,0,0,0.00,0,F1,65,,,,,
2026-10-05,2026-10-05,FO,NSE,IDO,62393,,NIFTY,,2026-12-29,2026-12-29,21250.00,CE,NIFTY26DEC21250CE,1511.80,1687.10,1511.80,1687.10,1687.10,1511.80,22555.75,1665.95,455,65,2,2970428.50,2,F1,65,,,,,
2026-10-05,2026-10-05,FO,NSE,IDO,51402,,NIFTY,,2026-10-27,2026-10-27,24200.00,CE,NIFTY26OCT24200CE,15.00,15.20,10.55,11.65,11.45,13.55,22555.75,11.65,834535,22620,6767,10649833112.75,3852,F1,65,,,,,
2026-10-05,2026-10-05,FO,NSE,IDO,64141,,NIFTY,,2026-11-23,2026-11-23,20500.00,PE,NIFTY26NOV20500PE,46.30,54.35,40.50,46.60,46.70,52.85,22555.75,46.60,296985,41340,4838,6461270146.50,3160,F1,65,,,,,
2026-10-05,2026-10-05,FO,NSE,IDO,64133,,NIFTY,,2026-11-23,2026-11-23,20300.00,PE,NIFTY26NOV20300PE,0.00,0.00,0.00,4.40,0.00,4.40,22555.75,3.58,0,0,0,0.00,0,F1,65,,,,,
2026-10-05,2026-10-05,FO,NSE,IDO,64121,,NIFTY,,2026-11-23,2026-11-23,20150.00,PE,NIFTY26NOV20150PE,0.00,0.00,0.00,3.30,0.00,3.30,22555.75,2.26,0,0,0,0.00,0,F1,65,,,,,
2026-10-05,2026-10-05,FO,NSE,IDO,54333,,NIFTY,,2026-11-03,2026-11-03,25000.00,PE,NIFTY26N0325000PE,0.00,0.00,0.00,1577.95,0.00,1577.95,22555.75,2336.40,0,0,0,0.00,0,F1,65,,,,,
2026-10-05,2026-10-05,FO,NSE,IDO,62940,,NIFTY,,2026-12-29,2026-12-29,23650.00,CE,NIFTY26DEC23650CE,239.00,264.10,227.80,234.50,234.50,230.75,22555.75,272.93,7800,2015,96,149074435.25,50,F1,65,,,,,
2026-10-05,2026-10-05,FO,NSE,IDO,62942,,NIFTY,,2026-12-29,2026-12-29,23700.00,CE,NIFTY26DEC23700CE,232.55,243.60,208.30,219.25,218.00,212.45,22555.75,219.25,70265,-390,467,726213501.00,343,F1,65,,,,,
2026-10-05,2026-10-05,FO,NSE,IDO,64373,,NIFTY,,2026-11-23,2026-11-23,23500.00,CE,NIFTY26NOV23500CE,169.10,169.10,132.00,149.75,150.00,143.70,22555.75,149.75,1058720,48425,11854,18223187024.25,7087,F1,65,,,,,
2026-10-05,2026-10-05,FO,NSE,IDO,54277,,NIFTY,,2026-11-03,2026-11-03,24900.00,PE,NIFTY26N0324900PE,0.00,0.00,0.00,1490.95,0.00,1490.95,22555.75,2237.31,0,0,0,0.00,0,F1,65,,,,,
2026-10-05,2026-10-05,FO,NSE,IDO,51404,,NIFTY,,2026-10-27,2026-10-27,24250.00,CE,NIFTY26OCT24250CE,12.55,12.55,10.30,11.50,10.85,12.90,22555.75,11.50,104650,2925,693,1092864337.50,454,F1,65,,,,,
2026-10-05,2026-10-05,FO,NSE,IDO,51420,,NIFTY,,2026-10-27,2026-10-27,24550.00,CE,NIFTY26OCT24550CE,10.10,10.10,6.65,7.70,7.05,9.05,22555.75,7.70,52520,-5200,472,753431360.50,337,F1,65,,,,,
2026-10-05,2026-10-05,FO,NSE,IDO,51428,,NIFTY,,2026-10-27,2026-10-27,24750.00,CE,NIFTY26OCT24750CE,7.95,8.00,5.50,6.10,5.50,6.65,22555.75,6.10,23920,-1300,201,323448778.25,100,F1,65,,,,,
2026-10-05,2026-10-05,FO,NSE,IDO,64276,,NIFTY,,2026-11-23,2026-11-23,22450.00,CE,NIFTY26NOV22450CE,598.20,649.10,549.20,593.65,593.65,568.20,22555.75,583.60,2990,390,57,85343501.75,51,F1,65,,,,,
2026-10-05,2026-10-05,FO,NSE,IDO,51458,,NIFTY,,2026-10-27,2026-10-27,25450.00,CE,NIFTY26OCT25450CE,3.85,3.85,2.05,3.30,3.30,3.70,22555.75,0.03,7670,715,25,41361323.25,11,F1,65,,,,,
2026-10-05,2026-10-05,FO,NSE,IDO,51490,,NIFTY,,2026-10-27,2026-10-27,26000.00,CE,NIFTY26OCT26000CE,1.65,1.75,1.45,1.70,1.50,1.65,22555.75,1.70,1860690,-99775,7595,12836357521.00,3688,F1,65,,,,,
2026-10-05,2026-10-05,FO,NSE,IDO,54105,,NIFTY,,2026-11-03,2026-11-03,23850.00,PE,NIFTY26N0323850PE,0.00,0.00,0.00,700.25,0.00,700.25,22555.75,1223.78,0,0,0,0.00,0,F1,65,,,,,
2026-10-05,2026-10-05,FO,NSE,IDO,54061,,NIFTY,,2026-11-03,2026-11-03,23550.00,PE,NIFTY26N0323550PE,0.00,0.00,0.00,528.40,0.00,528.40,22555.75,958.37,0,0,0,0.00,0,F1,65,,,,,
2026-10-05,2026-10-05,FO,NSE,IDO,53939,,NIFTY,,2026-11-03,2026-11-03,23250.00,PE,NIFTY26N0323250PE,0.00,0.00,0.00,670.00,670.00,670.00,22555.75,716.27,455,0,0,0.00,0,F1,65,,,,,
2026-10-05,2026-10-05,FO,NSE,IDO,53931,,NIFTY,,2026-11-03,2026-11-03,23200.00,PE,NIFTY26N0323200PE,645.00,745.30,586.55,665.50,661.00,781.35,22555.75,665.50,9750,6305,127,196957913.75,45,F1,65,,,,,
2026-10-05,2026-10-05,FO,NSE,IDO,53929,,NIFTY,,2026-11-03,2026-11-03,23150.00,PE,NIFTY26N0323150PE,0.00,0.00,0.00,538.00,538.00,538.00,22555.75,642.23,195,0,0,0.00,0,F1,65,,,,,
2026-10-05,2026-10-05,FO,NSE,IDO,53635,,NIFTY,,2026-11-03,2026-11-03,22150.00,PE,NIFTY26N0322150PE,161.00,192.20,147.55,181.45,178.00,233.20,22555.75,181.45,3120,910,44,63839863.75,36,F1,65,,,,,
2026-10-05,2026-10-05,FO,NSE,IDO,53576,,NIFTY,,2026-11-03,2026-11-03,22100.00,PE,NIFTY26N0322100PE,155.20,198.85,141.75,161.95,161.95,198.25,22555.75,161.95,6500,2080,90,130252456.75,71,F1,65,,,,,
2026-10-05,2026-10-05,FO,NSE,IDO,53542,,NIFTY,,2026-11-03,2026-11-03,22000.00,PE,NIFTY26N0322000PE,140.00,179.15,120.00,144.10,141.05,174.45,22555.75,144.10,27235,9555,643,925400495.50,408,F1,65,,,,,
2026-10-05,2026-10-05,FO,NSE,IDO,53376,,NIFTY,,2026-11-03,2026-11-03,21000.00,PE,NIFTY26N0321000PE,46.00,54.90,32.80,41.15,39.00,53.05,22555.75,41.15,14430,1950,201,274912027.00,120,F1,65,,,,,
2026-10-05,2026-10-05,FO,NSE,IDO,53343,,NIFTY,,2026-11-03,2026-11-03,20650.00,PE,NIFTY26N0320650PE,0.00,0.00,0.00,3.10,0.00,3.10,22555.75,1.73,0,0,0,0.00,0,F1,65,,,,,
2026-10-05,2026-10-05,FO,NSE,IDO,53341,,NIFTY,,2026-11-03,2026-11-03,20600.00,PE,NIFTY26N0320600PE,0.00,0.00,0.00,2.70,0.00,2.70,22555.75,1.41,0,0,0,0.00,0,F1,65,,,,,
2026-10-05,2026-10-05,FO,NSE,IDO,51530,,NIFTY,,2026-10-27,2026-10-27,27000.00,CE,NIFTY26OCT27000CE,0.90,0.90,0.50,0.70,0.65,0.80,22555.75,0.70,980070,-7800,1688,2962512478.25,247,F1,65,,,,,
2026-10-05,2026-10-05,FO,NSE,IDO,53309,,NIFTY,,2026-11-03,2026-11-03,20050.00,PE,NIFTY26N0320050PE,0.00,0.00,0.00,0.50,0.00,0.50,22555.75,0.11,0,0,0,0.00,0,F1,65,,,,,
2026-10-05,2026-10-05,FO,NSE,IDO,51519,,NIFTY,,2026-10-27,2026-10-27,26700.00,PE,NIFTY26OCT26700PE,0.00,0.00,0.00,3900.00,3900.00,3900.00,22555.75,4055.89,260,0,0,0.00,0,F1,65,,,,,
2026-10-05,2026-10-05,FO,NSE,IDO,51515,,NIFTY,,2026-10-27,2026-10-27,26600.00,PE,NIFTY26OCT26600PE,0.00,0.00,0.00,3700.00,3700.00,3700.00,22555.75,3956.22,455,0,0,0.00,0,F1,65,,,,,
2026-10-05,2026-10-05,FO,NSE,IDO,51471,,NIFTY,,2026-10-27,2026-10-27,25550.00,PE,NIFTY26OCT25550PE,0.00,0.00,0.00,2725.00,2725.00,2725.00,22555.75,2909.71,910,0,0,0.00,0,F1,65,,,,,
2026-10-05,2026-10-05,FO,NSE,IDO,51431,,NIFTY,,2026-10-27,2026-10-27,24800.00,PE,NIFTY26OCT24800PE,2199.00,2230.00,2078.90,2151.85,2151.95,2247.10,22555.75,2151.85,314665,-910,52,91078955.50,51,F1,65,,,,,
2026-10-05,2026-10-05,FO,NSE,IDO,51419,,NIFTY,,2026-10-27,2026-10-27,24500.00,PE,NIFTY26OCT24500PE,1865.00,1969.00,1757.10,1855.85,1864.55,1952.40,22555.75,1855.85,1481090,-2405,1430,2450637845.50,1060,F1,65,,,,,
2026-10-05,2026-10-05,FO,NSE,IDO,51273,,NIFTY,,2026-10-27,2026-10-27,21250.00,PE,NIFTY26OCT21250PE,33.00,50.00,31.75,39.05,37.35,48.80,22555.75,39.05,38675,8580,703,972715311.75,485,F1,65,,,,,
2026-10-05,2026-10-05,FO,NSE,IDO,51229,,NIFTY,,2026-10-27,2026-10-27,20350.00,PE,NIFTY26OCT20350PE,0.00,0.00,0.00,10.55,0.00,10.55,22555.75,0.10,0,0,0,0.00,0,F1,65,,,,,
2026-10-05,2026-10-05,FO,NSE,IDO,47434,,NIFTY,,2026-10-19,2026-10-19,25100.00,PE,NIFTY26O1925100PE,0.00,0.00,0.00,1872.70,0.00,1872.70,22555.75,2491.36,0,0,0,0.00,0,F1,65,,,,,
2026-10-05,2026-10-05,FO,NSE,IDO,47344,,NIFTY,,2026-10-19,2026-10-19,24500.00,PE,NIFTY26O1924500PE,0.00,0.00,0.00,1329.50,0.00,1329.50,22555.75,1892.78,0,0,0,0.00,0,F1,65,,,,,
2026-10-05,2026-10-05,FO,NSE,IDO,47174,,NIFTY,,2026-10-19,2026-10-19,23250.00,PE,NIFTY26O1923250PE,647.55,692.85,601.90,684.50,672.25,800.00,22555.75,684.50,3120,65,23,35769961.50,23,F1,65,,,,,
2026-10-05,2026-10-05,FO,NSE,IDO,47166,,NIFTY,,2026-10-19,2026-10-19,23050.00,PE,NIFTY26O1923050PE,508.45,602.70,450.55,537.35,537.35,604.10,22555.75,522.91,3120,-65,24,36769993.00,21,F1,65,,,,,
2026-10-05,2026-10-05,FO,NSE,IDO,47070,,NIFTY,,2026-10-19,2026-10-19,21050.00,PE,NIFTY26O1921050PE,14.15,21.05,12.60,15.00,14.95,8.10,22555.75,15.00,2340,2340,92,125986308.50,48,F1,65,,,,,
2026-10-05,2026-10-05,FO,NSE,IDO,47068,,NIFTY,,2026-10-19,2026-10-19,21000.00,PE,NIFTY26O1921000PE,20.50,20.50,12.10,13.75,13.80,20.70,22555.75,13.75,219310,131040,10143,13855400029.25,4668,F1,65,,,,,
2026-10-05,2026-10-05,FO,NSE,IDO,47060,,NIFTY,,2026-10-19,2026-10-19,20800.00,PE,NIFTY26O1920800PE,10.00,17.25,7.15,10.00,10.25,15.05,22555.75,10.00,18330,11375,499,675011983.75,211,F1,65,,,,,
2026-10-05,2026-10-05,FO,NSE,IDO,44755,,NIFTY,,2026-10-13,2026-10-13,24500.00,PE,NIFTY26O1324500PE,1899.00,1970.00,1802.65,1917.70,1913.40,1989.75,22555.75,1917.70,78780,67665,1111,1907515320.75,857,F1,65,,,,,
2026-10-05,2026-10-05,FO,NSE,IDO,44729,,NIFTY,,2026-10-13,2026-10-13,24200.00,PE,NIFTY26O1324200PE,1560.00,1655.00,1530.00,1616.15,1611.80,1803.30,22555.75,1616.15,49985,46150,736,1234815773.75,396,F1,65,,,,,
2026-10-05,2026-10-05,FO,NSE,IDO,53310,,NIFTY,,2026-11-03,2026-11-03,20100.00,CE,NIFTY26N0320100CE,0.00,0.00,0.00,3366.50,0.00,3366.50,22555.75,2543.54,0,0,0,0.00,0,F1,65,,,,,
2026-10-05,2026-10-05,FO,NSE,IDO,53344,,NIFTY,,2026-11-03,2026-11-03,20700.00,CE,NIFTY26N0320700CE,0.00,0.00,0.00,2773.55,0.00,2773.55,22555.75,1948.12,0,0,0,0.00,0,F1,65,,,,,
2026-10-05,2026-10-05,FO,NSE,IDO,53356,,NIFTY,,2026-11-03,2026-11-03,20800.00,CE,NIFTY26N0320800CE,0.00,0.00,0.00,2675.30,0.00,2675.30,22555.75,1849.55,0,0,0,0.00,0,F1,65,,,,,
2026-10-05,2026-10-05,FO,NSE,IDO,53680,,NIFTY,,2026-11-03,2026-11-03,22450.00,CE,NIFTY26N0322450CE,509.50,514.20,423.45,463.75,463.75,431.90,22555.75,446.62,2015,-65,73,108771373.75,62,F1,65,,,,,
2026-10-05,2026-10-05,FO,NSE,IDO,53932,,NIFTY,,2026-11-03,2026-11-03,23250.00,CE,NIFTY26N0323250CE,128.40,131.80,111.05,119.45,120.85,115.05,22555.75,119.45,2795,325,50,75950621.50,39,F1,65,,,,,
2026-10-05,2026-10-05,FO,NSE,IDO,54066,,NIFTY,,2026-11-03,2026-11-03,23650.00,CE,NIFTY26N0323650CE,50.90,57.15,50.90,57.15,57.15,181.90,22555.75,53.54,1560,65,2,3081523.25,2,F1,65,,,,,
2026-10-05,2026-10-05,FO,NSE,IDO,54098,,NIFTY,,2026-11-03,2026-11-03,23700.00,CE,NIFTY26N0323700CE,0.00,0.00,0.00,401.30,0.00,401.30,22555.75,47.78,0,0,0,0.00,0,F1,65,,,,,
2026-10-05,2026-10-05,FO,NSE,IDO,54104,,NIFTY,,2026-11-03,2026-11-03,23850.00,CE,NIFTY26N0323850CE,39.10,42.80,39.05,42.80,42.80,341.70,22555.75,33.52,1365,1365,21,32610006.00,9,F1,65,,,,,
2026-10-05,2026-10-05,FO,NSE,IDO,54108,,NIFTY,,2026-11-03,2026-11-03,23950.00,CE,NIFTY26N0323950CE,0.00,0.00,0.00,305.70,0.00,305.70,22555.75,26.19,0,0,0,0.00,0,F1,65,,,,,
2026-10-05,2026-10-05,FO,NSE,IDO,64182,,NIFTY,,2026-11-23,2026-11-23,21150.00,CE,NIFTY26NOV21150CE,0.00,0.00,0.00,3517.65,0.00,3517.65,22555.75,1594.10,0,0,0,0.00,0,F1,65,,,,,
2026-10-05,2026-10-05,FO,NSE,IDO,54124,,NIFTY,,2026-11-03,2026-11-03,24300.00,CE,NIFTY26N0324300CE,24.95,24.95,14.95,22.35,22.45,22.70,22555.75,22.35,1105,650,23,36358234.25,14,F1,65,,,,,
2026-10-05,2026-10-05,FO,NSE,IDO,35235,,NIFTY,,2026-12-29,2026-12-29,30000.00,CE,NIFTY26DEC30000CE,5.85,6.15,5.15,5.55,5.95,5.55,22555.75,5.55,800975,1680,371,723582925.00,132,F1,65,,,,,
2026-10-05,2026-10-05,FO,NSE,IDO,55332,,NIFTY,,2026-12-29,2026-12-29,31500.00,CE,NIFTY26DEC31500CE,0.00,0.00,0.00,4.65,4.65,4.65,22555.75,0.01,33085,0,0,0.00,0,F1,65,,,,,
2026-10-05,2026-10-05,FO,NSE,IDO,50981,,NIFTY,,2027-06-29,2027-06-29,27000.00,CE,NIFTY27JUN27000CE,130.05,200.00,127.65,133.05,132.00,130.45,22555.75,133.05,57330,13390,464,819118306.50,223,F1,65,,,,,
2026-10-05,2026-10-05,FO,NSE,IDO,64332,,NIFTY,,2027-09-28,2027-09-28,19500.00,CE,NIFTY27SEP19500CE,0.00,0.00,0.00,4470.95,0.00,4470.95,22555.75,4155.08,0,0,0,0.00,0,F1,65,,,,,
2026-10-05,2026-10-05,FO,NSE,IDO,35346,,NIFTY,,2027-12-28,2027-12-28,30000.00,CE,NIFTY27DEC30000CE,126.05,127.05,114.15,121.90,122.00,122.60,22555.75,121.90,244660,2275,296,579541959.75,127,F1,65,,,,,
2026-10-05,2026-10-05,FO,NSE,IDO,67782,,NIFTY,,2028-12-26,2028-12-26,24000.00,CE,NIFTY28DEC24000CE,2786.00,2810.00,2736.45,2810.00,2810.00,2864.30,22555.75,2810.00,3250,455,9,15660898.50,9,F1,65,,,,,
2026-10-05,2026-10-05,FO,NSE,IDO,55522,,NIFTY,,2028-12-26,2028-12-26,25500.00,CE,NIFTY28DEC25500CE,1806.65,1806.65,1800.80,1800.80,1800.80,1806.65,22555.75,1777.12,910,195,3,5324036.25,3,F1,65,,,,,
2026-10-05,2026-10-05,FO,NSE,IDO,44647,,NIFTY,,2026-10-13,2026-10-13,23100.00,PE,NIFTY26O1323100PE,511.05,645.50,454.00,552.00,551.00,637.00,22555.75,552.00,159965,31330,2883,4427688440.50,2154,F1,65,,,,,
2026-10-05,2026-10-05,FO,NSE,IDO,44619,,NIFTY,,2026-10-13,2026-10-13,22650.00,PE,NIFTY26O1322650PE,299.05,307.70,173.15,229.80,226.50,299.05,22555.75,229.80,229125,182000,33365,49612685398.25,23783,F1,65,,,,,
2026-10-05,2026-10-05,FO,NSE,IDO,44507,,NIFTY,,2026-10-13,2026-10-13,20900.00,PE,NIFTY26O1320900PE,7.00,7.45,4.10,5.10,5.00,8.25,22555.75,5.10,329680,195455,23089,31374336152.25,11070,F1,65,,,,,
2026-10-05,2026-10-05,FO,NSE,IDO,40886,,NIFTY,,2026-10-06,2026-10-06,25500.00,PE,NIFTY26O0625500PE,2950.00,3034.80,2850.00,2943.05,2945.70,3000.00,22555.75,2943.05,44850,-21320,417,771046666.00,171,F1,65,,,,,
2026-10-05,2026-10-05,FO,NSE,IDO,40884,,NIFTY,,2026-10-06,2026-10-06,25450.00,PE,NIFTY26O0625450PE,0.00,0.00,0.00,1346.90,0.00,1346.90,22555.75,2890.42,0,0,0,0.00,0,F1,65,,,,,
2026-10-05,2026-10-05,FO,NSE,IDO,40882,,NIFTY,,2026-10-06,2026-10-06,25400.00,PE,NIFTY26O0625400PE,2925.00,2925.00,2840.00,2840.00,2840.00,2800.00,22555.75,2840.42,1430,-650,10,18405725.00,6,F1,65,,,,,
2026-10-05,2026-10-05,FO,NSE,IDO,40834,,NIFTY,,2026-10-06,2026-10-06,24600.00,PE,NIFTY26O0624600PE,2000.00,2143.65,1985.00,2050.65,2027.10,2165.75,22555.75,2050.65,5525,-11960,227,393562708.50,87,F1,65,,,,,
2026-10-05,2026-10-05,FO,NSE,IDO,40828,,NIFTY,,2026-10-06,2026-10-06,24550.00,PE,NIFTY26O0624550PE,0.00,0.00,0.00,1790.00,1790.00,1790.00,22555.75,1990.55,585,0,0,0.00,0,F1,65,,,,,
2026-10-05,2026-10-05,FO,NSE,IDO,40716,,NIFTY,,2026-10-06,2026-10-06,22800.00,PE,NIFTY26O0622800PE,308.30,385.55,192.60,258.25,254.70,363.65,22555.75,258.25,1304550,-503815,356618,534648867769.25,202409,F1,65,,,,,
2026-10-05,2026-10-05,FO,NSE,IDO,40678,,NIFTY,,2026-10-06,2026-10-06,22250.00,PE,NIFTY26O0622250PE,31.00,46.30,8.50,11.60,8.50,54.40,22555.75,11.60,4799210,2861820,3254864,4712352098083.50,934315,F1,65,,,,,
2026-10-05,2026-10-05,FO,NSE,IDO,44654,,NIFTY,,2026-10-13,2026-10-13,23250.00,CE,NIFTY26O1323250CE,21.05,23.90,13.55,15.90,14.80,20.50,22555.75,15.90,666250,96590,37693,57006989490.75,20901,F1,65,,,,,
2026-10-05,2026-10-05,FO,NSE,IDO,44670,,NIFTY,,2026-10-13,2026-10-13,23550.00,CE,NIFTY26O1323550CE,9.00,9.25,5.10,5.90,5.10,8.65,22555.75,5.90,753740,61035,15628,23929092801.25,8076,F1,65,,,,,
2026-10-05,2026-10-05,FO,NSE,IDO,44692,,NIFTY,,2026-10-13,2026-10-13,23750.00,CE,NIFTY26O1323750CE,5.70,5.90,3.25,3.60,3.45,5.60,22555.75,3.60,145470,44460,5479,8459632727.00,3206,F1,65,,,,,
2026-10-05,2026-10-05,FO,NSE,IDO,44698,,NIFTY,,2026-10-13,2026-10-13,23850.00,CE,NIFTY26O1323850CE,4.35,4.35,2.70,2.80,2.80,4.45,22555.75,2.80,108030,33800,4200,6511888893.25,3076,F1,65,,,,,
2026-10-05,2026-10-05,FO,NSE,IDO,47033,,NIFTY,,2026-10-19,2026-10-19,20150.00,CE,NIFTY26O1920150CE,0.00,0.00,0.00,3079.15,0.00,3079.15,22555.75,2448.21,0,0,0,0.00,0,F1,65,,,,,
2026-10-05,2026-10-05,FO,NSE,IDO,47051,,NIFTY,,2026-10-19,2026-10-19,20600.00,CE,NIFTY26O1920600CE,0.00,0.00,0.00,2633.35,0.00,2633.35,22555.75,1999.19,0,0,0,0.00,0,F1,65,,,,,
2026-10-05,2026-10-05,FO,NSE,IDO,47055,,NIFTY,,2026-10-19,2026-10-19,20700.00,CE,NIFTY26O1920700CE,0.00,0.00,0.00,2534.65,0.00,2534.65,22555.75,1899.42,0,0,0,0.00,0,F1,65,,,,,
2026-10-05,2026-10-05,FO,NSE,IDO,47089,,NIFTY,,2026-10-19,2026-10-19,21550.00,CE,NIFTY26O1921550CE,0.00,0.00,0.00,1714.00,0.00,1714.00,22555.75,1058.61,0,0,0,0.00,0,F1,65,,,,,
2026-10-05,2026-10-05,FO,NSE,IDO,47169,,NIFTY,,2026-10-19,2026-10-19,23150.00,CE,NIFTY26O1923150CE,68.00,75.15,50.05,56.90,56.50,58.00,22555.75,56.90,26260,14820,1152,1738028080.75,776,F1,65,,,,,
2026-10-05,2026-10-05,FO,NSE,IDO,47177,,NIFTY,,2026-10-19,2026-10-19,23350.00,CE,NIFTY26O1923350CE,37.00,42.35,26.40,30.00,26.40,35.85,22555.75,30.00,31980,11765,1252,1902935030.75,788,F1,65,,,,,
2026-10-05,2026-10-05,FO,NSE,IDO,51224,,NIFTY,,2026-10-27,2026-10-27,20300.00,CE,NIFTY26OCT20300CE,0.00,0.00,0.00,3999.95,0.00,3999.95,22555.75,2323.01,0,0,0,0.00,0,F1,65,,,,,
2026-10-05,2026-10-05,FO,NSE,IDO,51234,,NIFTY,,2026-10-27,2026-10-27,20500.00,CE,NIFTY26OCT20500CE,2175.00,2223.50,2017.90,2127.60,2130.80,2043.00,22555.75,2127.60,51870,30745,643,945268515.75,539,F1,65,,,,,
2026-10-05,2026-10-05,FO,NSE,IDO,51240,,NIFTY,,2026-10-27,2026-10-27,20650.00,CE,NIFTY26OCT20650CE,0.00,0.00,0.00,3662.60,0.00,3662.60,22555.75,1974.61,0,0,0,0.00,0,F1,65,,,,,
2026-10-05,2026-10-05,FO,NSE,IDO,51242,,NIFTY,,2026-10-27,2026-10-27,20700.00,CE,NIFTY26OCT20700CE,1946.20,1997.60,1946.20,1997.60,1997.60,3614.75,22555.75,1924.92,65,65,2,2947347.00,2,F1,65,,,,,
2026-10-05,2026-10-05,FO,NSE,IDO,51272,,NIFTY,,2026-10-27,2026-10-27,21250.00,CE,NIFTY26OCT21250CE,0.00,0.00,0.00,1356.25,1356.25,1356.25,22555.75,1383.31,65,0,0,0.00,0,F1,65,,,,,
2026-10-05,2026-10-05,FO,NSE,IDO,51282,,NIFTY,,2026-10-27,2026-10-27,21400.00,CE,NIFTY26OCT21400CE,1352.00,1352.00,1352.00,1352.00,1352.00,1174.25,22555.75,1239.12,2275,-65,1,1478880.00,1,F1,65,,,,,
2026-10-05,2026-10-05,FO,NSE,IDO,51318,,NIFTY,,2026-10-27,2026-10-27,22250.00,CE,NIFTY26OCT22250CE,560.00,624.75,489.00,549.35,550.15,500.45,22555.75,549.35,69615,3315,863,1279216029.00,702,F1,65,,,,,
2026-10-05,2026-10-05,FO,NSE,IDO,51340,,NIFTY,,2026-10-27,2026-10-27,22700.00,CE,NIFTY26OCT22700CE,265.05,324.30,234.05,271.10,267.35,245.25,22555.75,271.10,1704170,250510,48120,71871823120.50,33735,F1,65,,,,,
2026-10-05,2026-10-05,FO,NSE,IDO,51342,,NIFTY,,2026-10-27,2026-10-27,22750.00,CE,NIFTY26OCT22750CE,250.05,294.90,211.30,245.65,244.55,221.40,22555.75,245.65,282685,139880,6674,9978498348.00,4366,F1,65,,,,,
2026-10-05,2026-10-05,FO,NSE,IDO,51376,,NIFTY,,2026-10-27,2026-10-27,23600.00,CE,NIFTY26OCT23600CE,38.05,40.70,30.00,34.70,33.60,35.75,22555.75,34.70,1310855,58045,15788,24255292454.25,10525,F1,65,,,,,
2026-10-05,2026-10-05,FO,NSE,IDO,51380,,NIFTY,,2026-10-27,2026-10-27,23700.00,CE,NIFTY26OCT23700CE,22.80,39.00,22.80,27.45,26.40,29.50,22555.75,27.45,976430,-1950,11999,18506593465.75,6779,F1,65,,,,,
2026-10-05,2026-10-05,FO,NSE,IDO,51388,,NIFTY,,2026-10-27,2026-10-27,23900.00,CE,NIFTY26OCT23900CE,21.15,21.95,16.70,18.45,17.85,20.60,22555.75,18.45,512655,-49790,10287,15993389977.50,6133,F1,65,,,,,
2026-10-05,2026-10-05,FO,NSE,IDO,51476,,NIFTY,,2026-10-27,2026-10-27,25650.00,CE,NIFTY26OCT25650CE,0.00,0.00,0.00,2.65,2.65,2.65,22555.75,0.01,4290,0,0,0.00,0,F1,65,,,,,
2026-10-05,2026-10-05,FO,NSE,IDO,51488,,NIFTY,,2026-10-27,2026-10-27,25950.00,CE,NIFTY26OCT25950CE,2.15,2.15,1.55,1.55,1.55,2.15,22555.75,0.01,4095,715,33,55666676.00,15,F1,65,,,,,
2026-10-05,2026-10-05,FO,NSE,IDO,51498,,NIFTY,,2026-10-27,2026-10-27,26200.00,CE,NIFTY26OCT26200CE,1.75,1.90,0.60,0.75,0.70,1.70,22555.75,0.75,19500,-390,225,383191123.25,59,F1,65,,,,,
2026-10-05,2026-10-05,FO,NSE,IDO,51504,,NIFTY,,2026-10-27,2026-10-27,26350.00,CE,NIFTY26OCT26350CE,2.90,2.90,1.05,1.05,1.05,8.00,22555.75,0.01,1170,650,15,25692504.50,12,F1,65,,,,,
2026-10-05,2026-10-05,FO,NSE,IDO,51510,,NIFTY,,2026-10-27,2026-10-27,26500.00,CE,NIFTY26OCT26500CE,0.90,0.95,0.75,0.90,0.90,0.90,22555.75,0.90,728975,-1950,1316,2266882198.75,301,F1,65,,,,,
2026-10-05,2026-10-05,FO,NSE,IDO,51522,,NIFTY,,2026-10-27,2026-10-27,26800.00,CE,NIFTY26OCT26800CE,1.50,1.50,1.40,1.40,1.40,1.05,22555.75,1.40,780,390,8,13936767.00,4,F1,65,,,,,
2026-10-05,2026-10-05,FO,NSE,IDO,53313,,NIFTY,,2026-11-03,2026-11-03,20150.00,CE,NIFTY26N0320150CE,0.00,0.00,0.00,3316.95,0.00,3316.95,22555.75,2493.80,0,0,0,0.00,0,F1,65,,,,,
2026-10-05,2026-10-05,FO,NSE,IDO,53359,,NIFTY,,2026-11-03,2026-11-03,20850.00,CE,NIFTY26N0320850CE,0.00,0.00,0.00,2626.30,0.00,2626.30,22555.75,1800.40,0,0,0,0.00,0,F1,65,,,,,
2026-10-05,2026-10-05,FO,NSE,IDO,53368,,NIFTY,,2026-11-03,2026-11-03,20950.00,CE,NIFTY26N0320950CE,0.00,0.00,0.00,2528.50,0.00,2528.50,22555.75,1702.47,0,0,0,0.00,0,F1,65,,,,,
2026-10-05,2026-10-05,FO,NSE,IDO,53373,,NIFTY,,2026-11-03,2026-11-03,21000.00,CE,NIFTY26N0321000CE,0.00,0.00,0.00,2479.75,0.00,2479.75,22555.75,1653.72,0,0,0,0.00,0,F1,65,,,,,
2026-10-05,2026-10-05,FO,NSE,IDO,53497,,NIFTY,,2026-11-03,2026-11-03,21650.00,CE,NIFTY26N0321650CE,0.00,0.00,0.00,1859.60,0.00,1859.60,22555.75,1045.22,0,0,0,0.00,0,F1,65,,,,,
2026-10-05,2026-10-05,FO,NSE,IDO,53503,,NIFTY,,2026-11-03,2026-11-03,21750.00,CE,NIFTY26N0321750CE,0.00,0.00,0.00,1767.50,0.00,1767.50,22555.75,958.49,0,0,0,0.00,0,F1,65,,,,,
2026-10-05,2026-10-05,FO,NSE,IDO,53796,,NIFTY,,2026-11-03,2026-11-03,22850.00,CE,NIFTY26N0322850CE,265.90,294.10,229.15,254.35,255.70,236.00,22555.75,254.35,1300,-780,50,75100369.50,35,F1,65,,,,,
2026-10-05,2026-10-05,FO,NSE,IDO,53928,,NIFTY,,2026-11-03,2026-11-03,23150.00,CE,NIFTY26N0323150CE,150.00,170.00,133.90,157.20,157.20,140.25,22555.75,148.92,2470,-260,45,68173322.75,43,F1,65,,,,,
2026-10-05,2026-10-05,FO,NSE,IDO,53930,,NIFTY,,2026-11-03,2026-11-03,23200.00,CE,NIFTY26N0323200CE,128.75,155.15,117.90,136.05,135.25,127.45,22555.75,136.05,8970,2015,445,675089346.75,289,F1,65,,,,,
2026-10-05,2026-10-05,FO,NSE,IDO,64132,,NIFTY,,2026-11-23,2026-11-23,20300.00,CE,NIFTY26NOV20300CE,0.00,0.00,0.00,4340.55,0.00,4340.55,22555.75,2408.67,0,0,0,0.00,0,F1,65,,,,,
2026-10-05,2026-10-05,FO,NSE,IDO,64190,,NIFTY,,2026-11-23,2026-11-23,21300.00,CE,NIFTY26NOV21300CE,0.00,0.00,0.00,3374.80,0.00,3374.80,22555.75,1457.75,0,0,0,0.00,0,F1,65,,,,,
2026-10-05,2026-10-05,FO,NSE,IDO,64232,,NIFTY,,2026-11-23,2026-11-23,21850.00,CE,NIFTY26NOV21850CE,0.00,0.00,0.00,2860.95,0.00,2860.95,22555.75,994.41,0,0,0,0.00,0,F1,65,,,,,
2026-10-05,2026-10-05,FO,NSE,IDO,64244,,NIFTY,,2026-11-23,2026-11-23,22150.00,CE,NIFTY26NOV22150CE,0.00,0.00,0.00,716.00,716.00,716.00,22555.75,774.48,520,0,0,0.00,0,F1,65,,,,,
2026-10-05,2026-10-05,FO,NSE,IDO,64405,,NIFTY,,2026-11-23,2026-11-23,24200.00,CE,NIFTY26NOV24200CE,54.45,58.00,47.85,52.65,50.85,53.00,22555.75,52.65,200915,-55510,2536,3997735326.00,1597,F1,65,,,,,
2026-10-05,2026-10-05,FO,NSE,IDO,64470,,NIFTY,,2026-11-23,2026-11-23,25450.00,CE,NIFTY26NOV25450CE,0.00,0.00,0.00,14.00,14.00,14.00,22555.75,3.87,910,0,0,0.00,0,F1,65,,,,,
2026-10-05,2026-10-05,FO,NSE,IDO,64479,,NIFTY,,2026-11-23,2026-11-23,25650.00,CE,NIFTY26NOV25650CE,0.00,0.00,0.00,14.40,14.40,14.40,22555.75,2.39,520,0,0,0.00,0,F1,65,,,,,
2026-10-05,2026-10-05,FO,NSE,IDO,58640,,NIFTY,,2026-12-29,2026-12-29,18000.00,CE,NIFTY26DEC18000CE,4621.60,4810.00,4620.05,4729.40,4715.60,4612.95,22555.75,4729.40,15795,845,38,56070595.75,34,F1,65,,,,,
2026-10-05,2026-10-05,FO,NSE,IDO,58644,,NIFTY,,2026-12-29,2026-12-29,20000.00,CE,NIFTY26DEC20000CE,2800.90,2958.20,2757.10,2849.85,2836.50,2771.45,22555.75,2849.85,825395,23595,710,1055775552.00,677,F1,65,,,,,
2026-10-05,2026-10-05,FO,NSE,IDO,62222,,NIFTY,,2026-12-29,2026-12-29,20100.00,CE,NIFTY26DEC20100CE,0.00,0.00,0.00,2939.35,0.00,2939.35,22555.75,2723.04,0,0,0,0.00,0,F1,65,,,,,
2026-10-05,2026-10-05,FO,NSE,IDO,62238,,NIFTY,,2026-12-29,2026-12-29,20350.00,CE,NIFTY26DEC20350CE,0.00,0.00,0.00,2706.30,0.00,2706.30,22555.75,2483.83,0,0,0,0.00,0,F1,65,,,,,
2026-10-05,2026-10-05,FO,NSE,IDO,62279,,NIFTY,,2026-12-29,2026-12-29,20650.00,CE,NIFTY26DEC20650CE,0.00,0.00,0.00,2432.90,0.00,2432.90,22555.75,2202.09,0,0,0,0.00,0,F1,65,,,,,
2026-10-05,2026-10-05,FO,NSE,IDO,62302,,NIFTY,,2026-12-29,2026-12-29,20800.00,CE,NIFTY26DEC20800CE,0.00,0.00,0.00,2299.35,0.00,2299.35,22555.75,2064.10,0,0,0,0.00,0,F1,65,,,,,
2026-10-05,2026-10-05,FO,NSE,IDO,58646,,NIFTY,,2026-12-29,2026-12-29,21000.00,CE,NIFTY26DEC21000CE,1999.80,2022.50,1845.00,1920.60,1920.00,1856.50,22555.75,1920.60,859515,23650,1958,2923010324.00,1762,F1,65,,,,,
2026-10-05,2026-10-05,FO,NSE,IDO,62355,,NIFTY,,2026-12-29,2026-12-29,21100.00,CE,NIFTY26DEC21100CE,0.00,0.00,0.00,2039.80,0.00,2039.80,22555.75,1795.65,0,0,0,0.00,0,F1,65,,,,,
2026-10-05,2026-10-05,FO,NSE,IDO,62451,,NIFTY,,2026-12-29,2026-12-29,21600.00,CE,NIFTY26DEC21600CE,1468.65,1468.65,1377.35,1398.25,1398.25,1377.80,22555.75,1377.88,2535,910,15,22439381.25,6,F1,65,,,,,
2026-10-05,2026-10-05,FO,NSE,IDO,62497,,NIFTY,,2026-12-29,2026-12-29,21950.00,CE,NIFTY26DEC21950CE,0.00,0.00,0.00,1255.95,1255.95,1255.95,22555.75,1114.18,975,0,0,0.00,0,F1,65,,,,,
2026-10-05,2026-10-05,FO,NSE,IDO,58648,,NIFTY,,2026-12-29,2026-12-29,22000.00,CE,NIFTY26DEC22000CE,1063.20,1180.55,1038.00,1093.60,1095.00,1047.80,22555.75,1093.60,657140,-29880,3498,5254563310.75,2335,F1,65,,,,,
2026-10-05,2026-10-05,FO,NSE,IDO,62600,,NIFTY,,2026-12-29,2026-12-29,22650.00,CE,NIFTY26DEC22650CE,621.00,668.85,619.65,668.85,668.85,607.00,22555.75,675.80,1170,195,11,16650195.25,9,F1,65,,,,,
2026-10-05,2026-10-05,FO,NSE,IDO,62962,,NIFTY,,2026-12-29,2026-12-29,23900.00,CE,NIFTY26DEC23900CE,185.55,194.65,165.90,172.55,171.15,172.95,22555.75,172.55,124020,100490,2494,3902863864.25,1300,F1,65,,,,,
2026-10-05,2026-10-05,FO,NSE,IDO,63264,,NIFTY,,2026-12-29,2026-12-29,24150.00,CE,NIFTY26DEC24150CE,137.70,141.65,126.05,130.80,134.25,131.35,22555.75,130.80,5785,3315,76,119948393.50,31,F1,65,,,,,
2026-10-05,2026-10-05,FO,NSE,IDO,50547,,NIFTY,,2026-12-29,2026-12-29,28000.00,CE,NIFTY26DEC28000CE,8.00,8.35,7.05,7.45,7.30,8.00,22555.75,7.45,1661425,-19565,1516,2759853492.50,738,F1,65,,,,,
2026-10-05,2026-10-05,FO,NSE,IDO,42136,,NIFTY,,2026-12-29,2026-12-29,31000.00,CE,NIFTY26DEC31000CE,5.10,5.30,4.80,5.05,5.05,5.10,22555.75,5.05,124625,-1170,190,382913436.75,33,F1,65,,,,,
2026-10-05,2026-10-05,FO,NSE,IDO,80192,,NIFTY,,2027-03-30,2027-03-30,18000.00,CE,NIFTY27MAR18000CE,0.00,0.00,0.00,5643.55,0.00,5643.55,22555.75,5028.56,0,0,0,0.00,0,F1,65,,,,,
2026-10-05,2026-10-05,FO,NSE,IDO,80307,,NIFTY,,2027-03-30,2027-03-30,30000.00,CE,NIFTY27MAR30000CE,16.40,19.25,13.75,14.45,14.20,16.40,22555.75,14.45,176280,1755,236,460431214.75,113,F1,65,,,,,
2026-10-05,2026-10-05,FO,NSE,IDO,71549,,NIFTY,,2027-06-29,2027-06-29,19000.00,CE,NIFTY27JUN19000CE,0.00,0.00,0.00,7800.00,7800.00,7800.00,22555.75,4332.74,75,0,0,0.00,0,F1,65,,,,,
2026-10-05,2026-10-05,FO,NSE,IDO,55422,,NIFTY,,2027-12-28,2027-12-28,19500.00,CE,NIFTY27DEC19500CE,0.00,0.00,0.00,8684.70,0.00,8684.70,22555.75,4429.37,0,0,0,0.00,0,F1,65,,,,,
2026-10-05,2026-10-05,FO,NSE,IDO,47194,,NIFTY,,2027-12-28,2027-12-28,33000.00,CE,NIFTY27DEC33000CE,52.10,54.00,45.35,45.50,45.50,61.90,22555.75,45.50,13845,4615,86,184751359.00,12,F1,65,,,,,
2026-10-05,2026-10-05,FO,NSE,IDO,67770,,NIFTY,,2028-12-26,2028-12-26,18000.00,CE,NIFTY28DEC18000CE,0.00,0.00,0.00,9380.30,0.00,9380.30,22555.75,6690.44,0,0,0,0.00,0,F1,65,,,,,
2026-10-05,2026-10-05,FO,NSE,IDO,55518,,NIFTY,,2028-12-26,2028-12-26,19500.00,CE,NIFTY28DEC19500CE,0.00,0.00,0.00,9716.40,0.00,9716.40,22555.75,5462.01,0,0,0,0.00,0,F1,65,,,,,
2026-10-05,2026-10-05,FO,NSE,IDO,55526,,NIFTY,,2028-12-26,2028-12-26,31500.00,CE,NIFTY28DEC31500CE,450.00,450.00,405.00,405.00,405.00,480.00,22555.75,361.64,715,130,9,18676580.00,8,F1,65,,,,,
2026-10-05,2026-10-05,FO,NSE,IDO,47198,,NIFTY,,2028-12-26,2028-12-26,33000.00,CE,NIFTY28DEC33000CE,0.00,0.00,0.00,2477.50,0.00,2477.50,22555.75,229.14,0,0,0,0.00,0,F1,65,,,,,
2026-10-05,2026-10-05,FO,NSE,IDO,55646,,NIFTY,,2030-06-25,2030-06-25,25500.00,CE,NIFTY30JUN25500CE,0.00,0.00,0.00,7070.45,0.00,7070.45,22555.75,3207.66,0,0,0,0.00,0,F1,65,,,,,
2026-10-05,2026-10-05,FO,NSE,IDO,55650,,NIFTY,,2030-06-25,2030-06-25,31500.00,CE,NIFTY30JUN31500CE,0.00,0.00,0.00,3984.80,0.00,3984.80,22555.75,1204.51,0,0,0,0.00,0,F1,65,,,,,
2026-10-05,2026-10-05,FO,NSE,IDO,55762,,NIFTY,,2030-12-31,2030-12-31,30000.00,CE,NIFTY30DEC30000CE,0.00,0.00,0.00,5227.20,0.00,5227.20,22555.75,1960.24,0,0,0,0.00,0,F1,65,,,,,
2026-10-05,2026-10-05,FO,NSE,IDO,74655,,NIFTY,,2031-06-24,2031-06-24,28500.00,CE,NIFTY31JUN28500CE,0.00,0.00,0.00,5048.95,0.00,5048.95,22555.75,2848.71,0,0,0,0.00,0,F1,65,,,,,
2026-10-05,2026-10-05,FO,NSE,IDO,40634,,NIFTY,,2026-10-06,2026-10-06,21350.00,PE,NIFTY26O0621350PE,1.80,2.10,0.65,0.85,0.65,3.25,22555.75,0.85,688220,-211640,217780,302241207316.75,23970,F1,65,,,,,
2026-10-05,2026-10-05,FO,NSE,IDO,40681,,NIFTY,,2026-10-06,2026-10-06,22300.00,PE,NIFTY26O0622300PE,35.70,59.30,12.20,16.50,12.75,66.00,22555.75,16.50,9539985,1368445,6365497,9239496738485.00,1677818,F1,65,,,,,
2026-10-05,2026-10-05,FO,NSE,IDO,40736,,NIFTY,,2026-10-06,2026-10-06,23050.00,PE,NIFTY26O0623050PE,500.00,629.00,417.00,496.05,499.80,599.40,22555.75,496.05,232635,-235625,12939,19778718449.75,8412,F1,65,,,,,
2026-10-05,2026-10-05,FO,NSE,IDO,40836,,NIFTY,,2026-10-06,2026-10-06,24650.00,PE,NIFTY26O0624650PE,2145.00,2210.00,2091.45,2091.45,2091.45,1900.00,22555.75,2090.54,2340,-1495,61,106430311.00,29,F1,65,,,,,
2026-10-05,2026-10-05,FO,NSE,IDO,40851,,NIFTY,,2026-10-06,2026-10-06,24750.00,PE,NIFTY26O0624750PE,0.00,0.00,0.00,2266.60,2266.60,2266.60,22555.75,2190.52,260,0,0,0.00,0,F1,65,,,,,
2026-10-05,2026-10-05,FO,NSE,IDO,44527,,NIFTY,,2026-10-13,2026-10-13,21300.00,PE,NIFTY26O1321300PE,15.35,15.35,7.75,9.25,8.80,15.85,22555.75,9.25,980785,694850,61034,84540372699.25,25079,F1,65,,,,,
2026-10-05,2026-10-05,FO,NSE,IDO,44595,,NIFTY,,2026-10-13,2026-10-13,22200.00,PE,NIFTY26O1322200PE,111.75,114.00,55.10,73.05,70.75,114.30,22555.75,73.05,1707680,1131390,150691,218217536205.50,86165,F1,65,,,,,
2026-10-05,2026-10-05,FO,NSE,IDO,44657,,NIFTY,,2026-10-13,2026-10-13,23300.00,PE,NIFTY26O1323300PE,698.80,830.00,626.30,742.70,734.20,823.90,22555.75,742.70,151515,7605,2225,3475150831.75,1348,F1,65,,,,,
2026-10-05,2026-10-05,FO,NSE,IDO,44715,,NIFTY,,2026-10-13,2026-10-13,24000.00,PE,NIFTY26O1324000PE,1396.20,1511.25,1305.00,1419.20,1424.85,1497.25,22555.75,1419.20,171665,104715,1770,2921753256.50,1351,F1,65,,,,,
2026-10-05,2026-10-05,FO,NSE,IDO,44731,,NIFTY,,2026-10-13,2026-10-13,24250.00,PE,NIFTY26O1324250PE,1650.00,1650.00,1650.00,1650.00,1650.00,1053.40,22555.75,1665.05,260,65,1,1683500.00,1,F1,65,,,,,
2026-10-05,2026-10-05,FO,NSE,IDO,44769,,NIFTY,,2026-10-13,2026-10-13,24850.00,PE,NIFTY26O1324850PE,0.00,0.00,0.00,2405.15,2405.15,2405.15,22555.75,2264.31,195,0,0,0.00,0,F1,65,,,,,
2026-10-05,2026-10-05,FO,NSE,IDO,47050,,NIFTY,,2026-10-19,2026-10-19,20550.00,PE,NIFTY26O1920550PE,0.00,0.00,0.00,20.00,20.00,20.00,22555.75,0.02,0,0,0,0.00,0,F1,65,,,,,
2026-10-05,2026-10-05,FO,NSE,IDO,47072,,NIFTY,,2026-10-19,2026-10-19,21100.00,PE,NIFTY26O1921100PE,10.00,22.90,10.00,17.00,15.80,24.45,22555.75,17.00,18135,13390,789,1083051755.50,463,F1,65,,,,,
2026-10-05,2026-10-05,FO,NSE,IDO,47099,,NIFTY,,2026-10-19,2026-10-19,21650.00,PE,NIFTY26O1921650PE,37.40,58.15,37.40,40.20,39.85,62.30,22555.75,40.20,21060,19435,642,905375188.25,440,F1,65,,,,,
2026-10-05,2026-10-05,FO,NSE,IDO,47101,,NIFTY,,2026-10-19,2026-10-19,21700.00,PE,NIFTY26O1921700PE,43.80,64.45,35.00,44.45,44.30,63.65,22555.75,44.45,67795,50375,3443,4866930887.00,2379,F1,65,,,,,
2026-10-05,2026-10-05,FO,NSE,IDO,47154,,NIFTY,,2026-10-19,2026-10-19,22800.00,PE,NIFTY26O1922800PE,350.00,430.00,284.20,358.85,347.35,423.80,22555.75,358.85,95160,18395,2033,3058978793.00,1421,F1,65,,,,,
2026-10-05,2026-10-05,FO,NSE,IDO,47180,,NIFTY,,2026-10-19,2026-10-19,23400.00,PE,NIFTY26O1923400PE,785.00,848.40,785.00,816.85,816.85,888.00,22555.75,820.24,8775,65,29,45655356.50,15,F1,65,,,,,
2026-10-05,2026-10-05,FO,NSE,IDO,47205,,NIFTY,,2026-10-19,2026-10-19,23750.00,PE,NIFTY26O1923750PE,0.00,0.00,0.00,746.70,0.00,746.70,22555.75,1150.77,0,0,0,0.00,0,F1,65,,,,,
2026-10-05,2026-10-05,FO,NSE,IDO,47401,,NIFTY,,2026-10-19,2026-10-19,24750.00,PE,NIFTY26O1924750PE,0.00,0.00,0.00,1549.95,0.00,1549.95,22555.75,2142.13,0,0,0,0.00,0,F1,65,,,,,
2026-10-05,2026-10-05,FO,NSE,IDO,51243,,NIFTY,,2026-10-27,2026-10-27,20700.00,PE,NIFTY26OCT20700PE,17.05,24.15,16.35,19.20,18.55,24.85,22555.75,19.20,90740,-35425,2698,3633485911.25,2117,F1,65,,,,,
2026-10-05,2026-10-05,FO,NSE,IDO,51245,,NIFTY,,2026-10-27,2026-10-27,20750.00,PE,NIFTY26OCT20750PE,26.35,26.35,15.95,20.25,20.25,26.40,22555.75,20.25,11375,-1105,415,560289931.50,286,F1,65,,,,,
2026-10-05,2026-10-05,FO,NSE,IDO,51321,,NIFTY,,2026-10-27,2026-10-27,22300.00,PE,NIFTY26OCT22300PE,208.65,243.80,151.25,189.25,184.70,226.70,22555.75,189.25,2508545,-107055,98473,143996759361.00,77493,F1,65,,,,,
2026-10-05,2026-10-05,FO,NSE,IDO,51325,,NIFTY,,2026-10-27,2026-10-27,22350.00,PE,NIFTY26OCT22350PE,194.55,259.90,164.00,202.45,199.95,247.20,22555.75,202.45,129285,32825,4635,6795433089.25,3725,F1,65,,,,,
2026-10-05,2026-10-05,FO,NSE,IDO,51345,,NIFTY,,2026-10-27,2026-10-27,22800.00,PE,NIFTY26OCT22800PE,372.15,478.30,325.15,394.20,387.80,454.80,22555.75,394.20,1473550,-276575,27815,41912020523.75,18396,F1,65,,,,,
2026-10-05,2026-10-05,FO,NSE,IDO,51379,,NIFTY,,2026-10-27,2026-10-27,23650.00,PE,NIFTY26OCT23650PE,1008.00,1045.50,1000.00,1045.50,1045.50,1217.90,22555.75,1045.50,21385,-1430,22,35252977.50,8,F1,65,,,,,
2026-10-05,2026-10-05,FO,NSE,IDO,51443,,NIFTY,,2026-10-27,2026-10-27,25050.00,PE,NIFTY26OCT25050PE,2430.00,2430.00,2430.00,2430.00,2430.00,2471.85,22555.75,2411.54,910,0,1,1786200.00,1,F1,65,,,,,
2026-10-05,2026-10-05,FO,NSE,IDO,51487,,NIFTY,,2026-10-27,2026-10-27,25900.00,PE,NIFTY26OCT25900PE,0.00,0.00,0.00,3210.00,3210.00,3210.00,22555.75,3258.54,1820,0,0,0.00,0,F1,65,,,,,
2026-10-05,2026-10-05,FO,NSE,IDO,51489,,NIFTY,,2026-10-27,2026-10-27,25950.00,PE,NIFTY26OCT25950PE,0.00,0.00,0.00,1842.30,0.00,1842.30,22555.75,3308.37,0,0,0,0.00,0,F1,65,,,,,
2026-10-05,2026-10-05,FO,NSE,IDO,51493,,NIFTY,,2026-10-27,2026-10-27,26050.00,PE,NIFTY26OCT26050PE,0.00,0.00,0.00,3580.00,3580.00,3580.00,22555.75,3408.04,130,0,0,0.00,0,F1,65,,,,,
2026-10-05,2026-10-05,FO,NSE,IDO,51517,,NIFTY,,2026-10-27,2026-10-27,26650.00,PE,NIFTY26OCT26650PE,0.00,0.00,0.00,2415.20,0.00,2415.20,22555.75,4006.05,0,0,0,0.00,0,F1,65,,,,,
2026-10-05,2026-10-05,FO,NSE,IDO,53679,,NIFTY,,2026-11-03,2026-11-03,22400.00,PE,NIFTY26N0322400PE,245.25,302.80,209.45,253.00,245.00,300.90,22555.75,253.00,6695,-325,258,379941181.75,180,F1,65,,,,,
2026-10-05,2026-10-05,FO,NSE,IDO,53925,,NIFTY,,2026-11-03,2026-11-03,23050.00,PE,NIFTY26N0323050PE,510.00,510.00,496.15,508.55,508.55,705.00,22555.75,572.03,2015,845,18,27554403.50,17,F1,65,,,,,
2026-10-05,2026-10-05,FO,NSE,IDO,54051,,NIFTY,,2026-11-03,2026-11-03,23450.00,PE,NIFTY26N0323450PE,825.00,902.60,825.00,902.60,902.60,707.45,22555.75,874.65,195,0,2,3160794.00,2,F1,65,,,,,
2026-10-05,2026-10-05,FO,NSE,IDO,54055,,NIFTY,,2026-11-03,2026-11-03,23500.00,PE,NIFTY26N0323500PE,900.00,960.00,897.75,897.75,897.75,985.60,22555.75,916.17,9295,-130,20,31750059.25,18,F1,65,,,,,
2026-10-05,2026-10-05,FO,NSE,IDO,54117,,NIFTY,,2026-11-03,2026-11-03,24100.00,PE,NIFTY26N0324100PE,0.00,0.00,0.00,863.85,0.00,863.85,22555.75,1456.96,0,0,0,0.00,0,F1,65,,,,,
2026-10-05,2026-10-05,FO,NSE,IDO,54123,,NIFTY,,2026-11-03,2026-11-03,24250.00,PE,NIFTY26N0324250PE,0.00,0.00,0.00,970.25,0.00,970.25,22555.75,1600.37,0,0,0,0.00,0,F1,65,,,,,
2026-10-05,2026-10-05,FO,NSE,IDO,54127,,NIFTY,,2026-11-03,2026-11-03,24350.00,PE,NIFTY26N0324350PE,0.00,0.00,0.00,1045.45,0.00,1045.45,22555.75,1697.02,0,0,0,0.00,0,F1,65,,,,,
2026-10-05,2026-10-05,FO,NSE,IDO,54135,,NIFTY,,2026-11-03,2026-11-03,24450.00,PE,NIFTY26N0324450PE,0.00,0.00,0.00,1121.05,0.00,1121.05,22555.75,1794.33,0,0,0,0.00,0,F1,65,,,,,
2026-10-05,2026-10-05,FO,NSE,IDO,64267,,NIFTY,,2026-11-23,2026-11-23,22250.00,PE,NIFTY26NOV22250PE,248.95,307.20,228.45,262.40,262.80,301.65,22555.75,262.40,12675,-1365,164,239938871.25,131,F1,65,,,,,
2026-10-05,2026-10-05,FO,NSE,IDO,64271,,NIFTY,,2026-11-23,2026-11-23,22350.00,PE,NIFTY26NOV22350PE,270.00,339.10,253.50,291.40,289.25,337.85,22555.75,291.40,7865,260,137,201582108.00,119,F1,65,,,,,
2026-10-05,2026-10-05,FO,NSE,IDO,64295,,NIFTY,,2026-11-23,2026-11-23,22750.00,PE,NIFTY26NOV22750PE,416.35,515.85,392.35,446.95,443.70,504.65,22555.75,446.95,28925,8190,430,648164221.25,308,F1,65,,,,,
2026-10-05,2026-10-05,FO,NSE,IDO,64324,,NIFTY,,2026-11-23,2026-11-23,22850.00,PE,NIFTY26NOV22850PE,459.40,565.55,431.60,493.75,492.85,549.40,22555.75,493.75,14235,-6500,200,303434478.75,148,F1,65,,,,,
2026-10-05,2026-10-05,FO,NSE,IDO,64432,,NIFTY,,2026-11-23,2026-11-23,24800.00,PE,NIFTY26NOV24800PE,0.00,0.00,0.00,2223.60,2223.60,2223.60,22555.75,2078.19,5070,0,0,0.00,0,F1,65,,,,,
2026-10-05,2026-10-05,FO,NSE,IDO,64498,,NIFTY,,2026-11-23,2026-11-23,26000.00,PE,NIFTY26NOV26000PE,3100.00,3277.00,3100.00,3208.00,3210.65,3302.70,22555.75,3208.00,221910,40430,703,1333307982.50,688,F1,65,,,,,
2026-10-05,2026-10-05,FO,NSE,IDO,62288,,NIFTY,,2026-12-29,2026-12-29,20750.00,PE,NIFTY26DEC20750PE,0.00,0.00,0.00,73.40,0.00,73.40,22555.75,40.03,0,0,0,0.00,0,F1,65,,,,,
2026-10-05,2026-10-05,FO,NSE,IDO,62494,,NIFTY,,2026-12-29,2026-12-29,21850.00,PE,NIFTY26DEC21850PE,213.20,257.15,213.20,239.65,239.65,252.15,22555.75,202.94,8255,1495,75,107670056.00,40,F1,65,,,,,
2026-10-05,2026-10-05,FO,NSE,IDO,62573,,NIFTY,,2026-12-29,2026-12-29,22550.00,PE,NIFTY26DEC22550PE,392.05,471.45,377.15,430.00,430.00,460.35,22555.75,430.00,8190,325,92,137310647.50,81,F1,65,,,,,
2026-10-05,2026-10-05,FO,NSE,IDO,62701,,NIFTY,,2026-12-29,2026-12-29,23050.00,PE,NIFTY26DEC23050PE,613.80,660.00,613.80,660.00,660.00,744.35,22555.75,684.62,4615,0,3,4620434.00,3,F1,65,,,,,
2026-10-05,2026-10-05,FO,NSE,IDO,63287,,NIFTY,,2026-12-29,2026-12-29,24250.00,PE,NIFTY26DEC24250PE,1498.25,1501.80,1498.25,1501.80,1501.80,1631.05,22555.75,1526.69,2795,-975,15,25107312.75,5,F1,65,,,,,
2026-10-05,2026-10-05,FO,NSE,IDO,71504,,NIFTY,,2026-12-29,2026-12-29,25000.00,PE,NIFTY26DEC25000PE,2160.00,2237.40,2025.05,2133.80,2128.75,2208.85,22555.75,2133.80,1650305,-15595,1869,3296554547.00,1296,F1,65,,,,,
2026-10-05,2026-10-05,FO,NSE,IDO,55333,,NIFTY,,2026-12-29,2026-12-29,31500.00,PE,NIFTY26DEC31500PE,0.00,0.00,0.00,4059.30,0.00,4059.30,22555.75,8543.37,0,0,0,0.00,0,F1,65,,,,,
2026-10-05,2026-10-05,FO,NSE,IDO,80248,,NIFTY,,2027-03-30,2027-03-30,18000.00,PE,NIFTY27MAR18000PE,47.80,53.10,42.00,50.90,51.25,48.60,22555.75,50.90,139425,20020,1138,1335094192.25,726,F1,65,,,,,
2026-10-05,2026-10-05,FO,NSE,IDO,71541,,NIFTY,,2027-06-29,2027-06-29,15000.00,PE,NIFTY27JUN15000PE,0.00,0.00,0.00,1173.20,0.00,1173.20,22555.75,0.02,0,0,0,0.00,0,F1,65,,,,,
2026-10-05,2026-10-05,FO,NSE,IDO,71554,,NIFTY,,2027-06-29,2027-06-29,21000.00,PE,NIFTY27JUN21000PE,254.95,291.00,240.40,277.25,276.15,273.45,22555.75,277.25,57055,5655,395,545997266.75,233,F1,65,,,,,
2026-10-05,2026-10-05,FO,NSE,IDO,64365,,NIFTY,,2027-09-28,2027-09-28,28500.00,PE,NIFTY27SEP28500PE,0.00,0.00,0.00,4441.50,0.00,4441.50,22555.75,4574.47,0,0,0,0.00,0,F1,65,,,,,
2026-10-05,2026-10-05,FO,NSE,IDO,47195,,NIFTY,,2027-12-28,2027-12-28,33000.00,PE,NIFTY27DEC33000PE,0.00,0.00,0.00,4155.55,0.00,4155.55,22555.75,8308.72,0,0,0,0.00,0,F1,65,,,,,
2026-10-05,2026-10-05,FO,NSE,IDO,47199,,NIFTY,,2028-12-26,2028-12-26,33000.00,PE,NIFTY28DEC33000PE,0.00,0.00,0.00,3315.40,0.00,3315.40,22555.75,6868.49,0,0,0,0.00,0,F1,65,,,,,
2026-10-05,2026-10-05,FO,NSE,IDO,55559,,NIFTY,,2029-06-26,2029-06-26,19500.00,PE,NIFTY29JUN19500PE,0.00,0.00,0.00,56.00,0.00,56.00,22555.75,174.01,0,0,0,0.00,0,F1,65,,,,,
2026-10-05,2026-10-05,FO,NSE,IDO,62007,,NIFTY,,2029-12-24,2029-12-24,33000.00,PE,NIFTY29DEC33000PE,0.00,0.00,0.00,2953.70,0.00,2953.70,22555.75,5732.22,0,0,0,0.00,0,F1,65,,,,,
2026-10-05,2026-10-05,FO,NSE,IDO,60887,,NIFTY,,2030-06-25,2030-06-25,15000.00,PE,NIFTY30JUN15000PE,0.00,0.00,0.00,29.65,0.00,29.65,22555.75,11.72,0,0,0,0.00,0,F1,65,,,,,
2026-10-05,2026-10-05,FO,NSE,IDO,55649,,NIFTY,,2030-06-25,2030-06-25,28500.00,PE,NIFTY30JUN28500PE,0.00,0.00,0.00,1167.60,0.00,1167.60,22555.75,2679.90,0,0,0,0.00,0,F1,65,,,,,
2026-10-05,2026-10-05,FO,NSE,IDO,55651,,NIFTY,,2030-06-25,2030-06-25,31500.00,PE,NIFTY30JUN31500PE,0.00,0.00,0.00,2056.30,0.00,2056.30,22555.75,4315.78,0,0,0,0.00,0,F1,65,,,,,
2026-10-05,2026-10-05,FO,NSE,IDO,55695,,NIFTY,,2030-12-31,2030-12-31,15000.00,PE,NIFTY30DEC15000PE,0.00,0.00,0.00,4.95,0.00,4.95,22555.75,14.17,0,0,0,0.00,0,F1,65,,,,,
2026-10-05,2026-10-05,FO,NSE,IDO,74639,,NIFTY,,2031-06-24,2031-06-24,16500.00,PE,NIFTY31JUN16500PE,0.00,0.00,0.00,95.65,0.00,95.65,22555.75,42.81,0,0,0,0.00,0,F1,65,,,,,
2026-10-05,2026-10-05,FO,NSE,IDO,40587,,NIFTY,,2026-10-06,2026-10-06,20600.00,CE,NIFTY26O0620600CE,0.00,0.00,0.00,3574.95,0.00,3574.95,22555.75,1958.85,0,0,0,0.00,0,F1,65,,,,,
2026-10-05,2026-10-05,FO,NSE,IDO,40617,,NIFTY,,2026-10-06,2026-10-06,21050.00,CE,NIFTY26O0621050CE,0.00,0.00,0.00,3128.25,0.00,3128.25,22555.75,1508.92,0,0,0,0.00,0,F1,65,,,,,
2026-10-05,2026-10-05,FO,NSE,IDO,40627,,NIFTY,,2026-10-06,2026-10-06,21250.00,CE,NIFTY26O0621250CE,0.00,0.00,0.00,2930.15,0.00,2930.15,22555.75,1308.95,0,0,0,0.00,0,F1,65,,,,,
2026-10-05,2026-10-05,FO,NSE,IDO,40717,,NIFTY,,2026-10-06,2026-10-06,22850.00,CE,NIFTY26O0622850CE,19.70,22.25,5.10,7.40,5.30,19.55,22555.75,7.40,6266845,2913235,2675128,3975103845644.75,521527,F1,65,,,,,
2026-10-05,2026-10-05,FO,NSE,IDO,40786,,NIFTY,,2026-10-06,2026-10-06,23850.00,CE,NIFTY26O0623850CE,1.45,1.45,0.35,0.40,0.35,1.30,22555.75,0.40,944060,-60125,66886,103692802710.25,9526,F1,65,,,,,
2026-10-05,2026-10-05,FO,NSE,IDO,40852,,NIFTY,,2026-10-06,2026-10-06,24800.00,CE,NIFTY26O0624800CE,0.60,0.60,0.20,0.25,0.20,0.60,22555.75,0.25,248040,-140270,13177,21241650430.00,1682,F1,65,,,,,
2026-10-05,2026-10-05,FO,NSE,IDO,40858,,NIFTY,,2026-10-06,2026-10-06,24850.00,CE,NIFTY26O0624850CE,0.70,0.70,0.25,0.30,0.35,0.55,22555.75,0.30,105105,40495,4668,7540099287.50,661,F1,65,,,,,
2026-10-05,2026-10-05,FO,NSE,IDO,44446,,NIFTY,,2026-10-13,2026-10-13,20150.00,CE,NIFTY26O1320150CE,0.00,0.00,0.00,3597.35,0.00,3597.35,22555.75,2430.02,0,0,0,0.00,0,F1,65,,,,,
2026-10-05,2026-10-05,FO,NSE,IDO,44506,,NIFTY,,2026-10-13,2026-10-13,20900.00,CE,NIFTY26O1320900CE,0.00,0.00,0.00,2853.00,0.00,2853.00,22555.75,1680.93,0,0,0,0.00,0,F1,65,,,,,
2026-10-05,2026-10-05,FO,NSE,IDO,44572,,NIFTY,,2026-10-13,2026-10-13,22000.00,CE,NIFTY26O1322000CE,630.00,717.20,535.90,614.45,610.00,560.10,22555.75,614.45,201890,112775,6017,8845255477.50,4122,F1,65,,,,,
2026-10-05,2026-10-05,FO,NSE,IDO,44612,,NIFTY,,2026-10-13,2026-10-13,22500.00,CE,NIFTY26O1322500CE,239.00,307.00,192.70,232.10,229.95,211.85,22555.75,232.10,1381185,442000,192503,284574088574.75,120953,F1,65,,,,,
2026-10-05,2026-10-05,FO,NSE,IDO,44618,,NIFTY,,2026-10-13,2026-10-13,22650.00,CE,NIFTY26O1322650CE,145.65,213.20,125.65,153.35,150.00,141.05,22555.75,153.35,434070,262015,56469,83746462774.00,38734,F1,65,,,,,
2026-10-05,2026-10-05,FO,NSE,IDO,44646,,NIFTY,,2026-10-13,2026-10-13,23100.00,CE,NIFTY26O1323100CE,35.15,41.85,23.90,28.65,27.65,33.55,22555.75,28.65,1705925,584870,110584,166273148590.25,60876,F1,65,,,,,
2026-10-05,2026-10-05,FO,NSE,IDO,44544,,NIFTY,,2026-10-13,2026-10-13,21600.00,CE,NIFTY26O1321600CE,988.25,988.90,981.30,985.70,988.90,896.35,22555.75,985.70,390,325,9,13212637.75,9,F1,65,,,,,
2026-10-05,2026-10-05,FO,NSE,IDO,44532,,NIFTY,,2026-10-13,2026-10-13,21450.00,CE,NIFTY26O1321450CE,0.00,0.00,0.00,1078.85,1083.55,1078.85,22555.75,1132.18,130,0,0,0.00,0,F1,65,,,,,
2026-10-05,2026-10-05,FO,NSE,IDO,44518,,NIFTY,,2026-10-13,2026-10-13,21100.00,CE,NIFTY26O1321100CE,0.00,0.00,0.00,2655.45,0.00,2655.45,22555.75,1481.20,0,0,0,0.00,0,F1,65,,,,,
2026-10-05,2026-10-05,FO,NSE,IDO,44462,,NIFTY,,2026-10-13,2026-10-13,20400.00,CE,NIFTY26O1320400CE,0.00,0.00,0.00,3348.95,0.00,3348.95,22555.75,2180.33,0,0,0,0.00,0,F1,65,,,,,
2026-10-05,2026-10-05,FO,NSE,IDF,48704,,NIFTY,,2026-10-27,2026-10-27,,,NIFTY26OCTFUT,22630.00,22729.00,22510.20,22620.80,22623.70,22530.30,22555.75,22620.80,19015620,-140335,56909,83729132669.00,38670,F1,65,,,,,
2026-10-05,2026-10-05,FO,NSE,IDO,40596,,NIFTY,,2026-10-06,2026-10-06,20700.00,CE,NIFTY26O0620700CE,0.00,0.00,0.00,3475.65,0.00,3475.65,22555.75,1858.87,0,0,0,0.00,0,F1,65,,,,,
2026-10-05,2026-10-05,FO,NSE,IDO,40598,,NIFTY,,2026-10-06,2026-10-06,20750.00,CE,NIFTY26O0620750CE,0.00,0.00,0.00,3425.95,0.00,3425.95,22555.75,1808.88,0,0,0,0.00,0,F1,65,,,,,
2026-10-05,2026-10-05,FO,NSE,IDO,40613,,NIFTY,,2026-10-06,2026-10-06,20950.00,CE,NIFTY26O0620950CE,0.00,0.00,0.00,3227.45,0.00,3227.45,22555.75,1608.91,0,0,0,0.00,0,F1,65,,,,,
2026-10-05,2026-10-05,FO,NSE,IDO,40657,,NIFTY,,2026-10-06,2026-10-06,21750.00,CE,NIFTY26O0621750CE,705.55,883.75,691.05,806.35,805.65,716.30,22555.75,806.35,8515,1170,167,244705054.75,121,F1,65,,,,,
2026-10-05,2026-10-05,FO,NSE,IDO,40755,,NIFTY,,2026-10-06,2026-10-06,23400.00,CE,NIFTY26O0623400CE,2.20,2.20,0.65,0.90,0.65,2.70,22555.75,0.90,4058210,-1034475,761171,1157805448374.25,96523,F1,65,,,,,
2026-10-05,2026-10-05,FO,NSE,IDO,40823,,NIFTY,,2026-10-06,2026-10-06,24450.00,CE,NIFTY26O0624450CE,0.65,0.70,0.20,0.25,0.25,0.65,22555.75,0.25,166725,-24960,11613,18456263039.50,1257,F1,65,,,,,
2026-10-05,2026-10-05,FO,NSE,IDO,40869,,NIFTY,,2026-10-06,2026-10-06,25100.00,CE,NIFTY26O0625100CE,0.45,0.55,0.20,0.30,0.25,0.45,22555.75,0.30,96590,-49335,10407,16979243749.00,1389,F1,65,,,,,
2026-10-05,2026-10-05,FO,NSE,IDO,40904,,NIFTY,,2026-10-06,2026-10-06,25800.00,CE,NIFTY26O0625800CE,0.60,0.60,0.25,0.30,0.25,0.45,22555.75,0.30,602810,44265,24317,40780129962.00,6219,F1,65,,,,,
2026-10-05,2026-10-05,FO,NSE,IDO,44444,,NIFTY,,2026-10-13,2026-10-13,20100.00,CE,NIFTY26O1320100CE,0.00,0.00,0.00,3647.10,0.00,3647.10,22555.75,2479.96,0,0,0,0.00,0,F1,65,,,,,
2026-10-05,2026-10-05,FO,NSE,IDO,74644,,NIFTY,,2031-06-24,2031-06-24,19500.00,PE,NIFTY31JUN19500PE,0.00,0.00,0.00,289.20,0.00,289.20,22555.75,190.91,0,0,0,0.00,0,F1,65,,,,,
2026-10-05,2026-10-05,FO,NSE,IDO,55703,,NIFTY,,2030-12-31,2030-12-31,21000.00,PE,NIFTY30DEC21000PE,0.00,0.00,0.00,450.00,450.00,450.00,22555.75,350.22,845,0,0,0.00,0,F1,65,,,,,
2026-10-05,2026-10-05,FO,NSE,IDO,55643,,NIFTY,,2030-06-25,2030-06-25,19500.00,PE,NIFTY30JUN19500PE,0.00,0.00,0.00,64.95,0.00,64.95,22555.75,189.35,0,0,0,0.00,0,F1,65,,,,,
2026-10-05,2026-10-05,FO,NSE,IDO,55641,,NIFTY,,2030-06-25,2030-06-25,16500.00,PE,NIFTY30JUN16500PE,0.00,0.00,0.00,12.00,0.00,12.00,22555.75,35.55,0,0,0,0.00,0,F1,65,,,,,
2026-10-05,2026-10-05,FO,NSE,IDO,61749,,NIFTY,,2029-12-24,2029-12-24,24000.00,PE,NIFTY29DEC24000PE,0.00,0.00,0.00,1133.00,1133.00,1133.00,22555.75,1025.57,585,0,0,0.00,0,F1,65,,,,,
2026-10-05,2026-10-05,FO,NSE,IDO,67789,,NIFTY,,2028-12-26,2028-12-26,27000.00,PE,NIFTY28DEC27000PE,2225.05,2255.00,2200.00,2225.80,2225.80,2250.00,22555.75,2573.04,17195,0,16,30388653.75,16,F1,65,,,,,
2026-10-05,2026-10-05,FO,NSE,IDO,67779,,NIFTY,,2028-12-26,2028-12-26,22000.00,PE,NIFTY28DEC22000PE,750.00,750.00,750.00,750.00,750.00,750.00,22555.75,547.75,10775,0,1,1478750.00,1,F1,65,,,,,
2026-10-05,2026-10-05,FO,NSE,IDO,86164,,NIFTY,,2028-06-27,2028-06-27,27000.00,PE,NIFTY28JUN27000PE,0.00,0.00,0.00,2752.35,0.00,2752.35,22555.75,2823.77,0,0,0,0.00,0,F1,65,,,,,
2026-10-05,2026-10-05,FO,NSE,IDO,86146,,NIFTY,,2028-06-27,2028-06-27,21000.00,PE,NIFTY28JUN21000PE,0.00,0.00,0.00,400.05,400.05,400.05,22555.75,327.82,325,0,0,0.00,0,F1,65,,,,,
2026-10-05,2026-10-05,FO,NSE,IDO,53630,,NIFTY,,2027-12-28,2027-12-28,26000.00,PE,NIFTY27DEC26000PE,2065.00,2166.55,2012.60,2137.40,2139.80,2149.75,22555.75,2137.40,70985,-455,55,100465098.50,48,F1,65,,,,,
2026-10-05,2026-10-05,FO,NSE,IDO,53627,,NIFTY,,2027-12-28,2027-12-28,25000.00,PE,NIFTY27DEC25000PE,1591.55,1615.00,1487.00,1572.40,1550.35,1585.85,22555.75,1572.40,178165,2015,357,616307815.50,260,F1,65,,,,,
2026-10-05,2026-10-05,FO,NSE,IDO,55371,,NIFTY,,2027-06-29,2027-06-29,16500.00,PE,NIFTY27JUN16500PE,0.00,0.00,0.00,41.80,41.80,41.80,22555.75,0.55,780,0,0,0.00,0,F1,65,,,,,
2026-10-05,2026-10-05,FO,NSE,IDO,63611,,NIFTY,,2026-12-29,2026-12-29,24450.00,PE,NIFTY26DEC24450PE,1581.10,1668.00,1524.90,1624.10,1622.45,1692.30,22555.75,1624.10,416715,50700,1149,1943526523.25,568,F1,65,,,,,
2026-10-05,2026-10-05,FO,NSE,IDO,63443,,NIFTY,,2026-12-29,2026-12-29,24300.00,PE,NIFTY26DEC24300PE,0.00,0.00,0.00,1567.80,1567.80,1567.80,22555.75,1567.97,780,0,0,0.00,0,F1,65,,,,,
2026-10-05,2026-10-05,FO,NSE,IDO,63267,,NIFTY,,2026-12-29,2026-12-29,24200.00,PE,NIFTY26DEC24200PE,0.00,0.00,0.00,1520.00,1520.00,1520.00,22555.75,1485.81,715,0,0,0.00,0,F1,65,,,,,
2026-10-05,2026-10-05,FO,NSE,IDO,62969,,NIFTY,,2026-12-29,2026-12-29,23950.00,PE,NIFTY26DEC23950PE,1235.35,1250.45,1235.35,1250.45,1250.45,1298.70,22555.75,1287.85,1755,455,7,11462503.00,3,F1,65,,,,,
2026-10-05,2026-10-05,FO,NSE,IDO,62963,,NIFTY,,2026-12-29,2026-12-29,23900.00,PE,NIFTY26DEC23900PE,1210.00,1231.20,1140.50,1140.50,1140.50,1230.00,22555.75,1249.64,2080,455,8,13045067.75,4,F1,65,,,,,
2026-10-05,2026-10-05,FO,NSE,IDO,62934,,NIFTY,,2026-12-29,2026-12-29,23550.00,PE,NIFTY26DEC23550PE,0.00,0.00,0.00,1015.40,1015.40,1015.40,22555.75,996.60,1625,0,0,0.00,0,F1,65,,,,,
2026-10-05,2026-10-05,FO,NSE,IDO,62881,,NIFTY,,2026-12-29,2026-12-29,23400.00,PE,NIFTY26DEC23400PE,775.00,898.00,763.95,846.90,846.90,885.95,22555.75,896.53,3510,-130,64,100875573.50,40,F1,65,,,,,
2026-10-05,2026-10-05,FO,NSE,IDO,62673,,NIFTY,,2026-12-29,2026-12-29,22850.00,PE,NIFTY26DEC22850PE,506.40,556.60,483.05,542.55,542.30,591.20,22555.75,542.55,13260,-325,33,50127304.50,31,F1,65,,,,,
2026-10-05,2026-10-05,FO,NSE,IDO,62579,,NIFTY,,2026-12-29,2026-12-29,22600.00,PE,NIFTY26DEC22600PE,408.05,491.00,390.00,440.95,440.15,481.15,22555.75,440.95,21840,4615,452,676715026.00,346,F1,65,,,,,
2026-10-05,2026-10-05,FO,NSE,IDO,62546,,NIFTY,,2026-12-29,2026-12-29,22200.00,PE,NIFTY26DEC22200PE,334.30,350.00,275.25,310.55,310.05,340.70,22555.75,310.55,59605,29575,1376,2013108227.00,940,F1,65,,,,,
2026-10-05,2026-10-05,FO,NSE,IDO,62430,,NIFTY,,2026-12-29,2026-12-29,21400.00,PE,NIFTY26DEC21400PE,144.05,179.45,144.05,161.30,160.00,172.25,22555.75,161.30,7735,-585,160,224248839.75,82,F1,65,,,,,
2026-10-05,2026-10-05,FO,NSE,IDO,62226,,NIFTY,,2026-12-29,2026-12-29,20100.00,PE,NIFTY26DEC20100PE,0.00,0.00,0.00,28.70,0.00,28.70,22555.75,11.49,0,0,0,0.00,0,F1,65,,,,,
2026-10-05,2026-10-05,FO,NSE,IDO,58635,,NIFTY,,2026-12-29,2026-12-29,15000.00,PE,NIFTY26DEC15000PE,8.50,9.75,8.30,8.55,9.15,8.95,22555.75,8.55,158965,4215,163,159016698.75,36,F1,65,,,,,
2026-10-05,2026-10-05,FO,NSE,IDO,64480,,NIFTY,,2026-11-23,2026-11-23,25650.00,PE,NIFTY26NOV25650PE,0.00,0.00,0.00,1350.35,0.00,1350.35,22555.75,2907.95,0,0,0,0.00,0,F1,65,,,,,
2026-10-05,2026-10-05,FO,NSE,IDO,64452,,NIFTY,,2026-11-23,2026-11-23,25200.00,PE,NIFTY26NOV25200PE,0.00,0.00,0.00,2423.95,2423.95,2423.95,22555.75,2465.77,65,0,0,0.00,0,F1,65,,,,,
2026-10-05,2026-10-05,FO,NSE,IDO,64408,,NIFTY,,2026-11-23,2026-11-23,24250.00,PE,NIFTY26NOV24250PE,0.00,0.00,0.00,1293.10,1293.10,1293.10,22555.75,1563.40,780,0,0,0.00,0,F1,65,,,,,
2026-10-05,2026-10-05,FO,NSE,IDO,64346,,NIFTY,,2026-11-23,2026-11-23,23050.00,PE,NIFTY26NOV23050PE,528.35,674.00,528.35,598.35,598.35,735.00,22555.75,621.81,4550,65,31,47667821.50,28,F1,65,,,,,
2026-10-05,2026-10-05,FO,NSE,IDO,64277,,NIFTY,,2026-11-23,2026-11-23,22450.00,PE,NIFTY26NOV22450PE,373.95,379.15,279.35,325.55,323.35,372.95,22555.75,325.55,12415,-650,210,310954618.00,174,F1,65,,,,,
2026-10-05,2026-10-05,FO,NSE,IDO,64197,,NIFTY,,2026-11-23,2026-11-23,21350.00,PE,NIFTY26NOV21350PE,98.35,118.15,97.00,100.55,98.75,116.05,22555.75,100.55,12285,-130,78,108764032.00,30,F1,65,,,,,
2026-10-05,2026-10-05,FO,NSE,IDO,64165,,NIFTY,,2026-11-23,2026-11-23,20850.00,PE,NIFTY26NOV20850PE,0.00,0.00,0.00,47.55,47.55,47.55,22555.75,16.19,195,0,0,0.00,0,F1,65,,,,,
2026-10-05,2026-10-05,FO,NSE,IDO,64129,,NIFTY,,2026-11-23,2026-11-23,20200.00,PE,NIFTY26NOV20200PE,0.00,0.00,0.00,3.65,0.00,3.65,22555.75,2.64,0,0,0,0.00,0,F1,65,,,,,
2026-10-05,2026-10-05,FO,NSE,IDO,53923,,NIFTY,,2026-11-03,2026-11-03,23000.00,PE,NIFTY26N0323000PE,499.00,610.55,462.00,536.55,531.95,596.80,22555.75,536.55,6890,1105,209,319649317.00,177,F1,65,,,,,
2026-10-05,2026-10-05,FO,NSE,IDO,53358,,NIFTY,,2026-11-03,2026-11-03,20800.00,PE,NIFTY26N0320800PE,0.00,0.00,0.00,46.40,46.40,46.40,22555.75,3.10,650,0,0,0.00,0,F1,65,,,,,
2026-10-05,2026-10-05,FO,NSE,IDO,53353,,NIFTY,,2026-11-03,2026-11-03,20750.00,PE,NIFTY26N0320750PE,0.00,0.00,0.00,4.05,0.00,4.05,22555.75,2.57,0,0,0,0.00,0,F1,65,,,,,
2026-10-05,2026-10-05,FO,NSE,IDO,53331,,NIFTY,,2026-11-03,2026-11-03,20450.00,PE,NIFTY26N0320450PE,0.00,0.00,0.00,1.75,0.00,1.75,22555.75,0.75,0,0,0,0.00,0,F1,65,,,,,
2026-10-05,2026-10-05,FO,NSE,IDO,51539,,NIFTY,,2026-10-27,2026-10-27,27150.00,PE,NIFTY26OCT27150PE,0.00,0.00,0.00,3860.60,3860.60,3860.60,22555.75,4504.40,325,0,0,0.00,0,F1,65,,,,,
2026-10-05,2026-10-05,FO,NSE,IDO,51505,,NIFTY,,2026-10-27,2026-10-27,26350.00,PE,NIFTY26OCT26350PE,0.00,0.00,0.00,2163.00,0.00,2163.00,22555.75,3707.04,0,0,0,0.00,0,F1,65,,,,,
2026-10-05,2026-10-05,FO,NSE,IDO,51501,,NIFTY,,2026-10-27,2026-10-27,26250.00,PE,NIFTY26OCT26250PE,0.00,0.00,0.00,3000.00,3000.00,3000.00,22555.75,3607.38,260,0,0,0.00,0,F1,65,,,,,
2026-10-05,2026-10-05,FO,NSE,IDO,51499,,NIFTY,,2026-10-27,2026-10-27,26200.00,PE,NIFTY26OCT26200PE,3520.00,3520.00,3520.00,3520.00,3520.00,3341.00,22555.75,3557.54,18460,-65,1,1931800.00,1,F1,65,,,,,
2026-10-05,2026-10-05,FO,NSE,IDO,51481,,NIFTY,,2026-10-27,2026-10-27,25750.00,PE,NIFTY26OCT25750PE,0.00,0.00,0.00,1659.30,1659.30,1659.30,22555.75,3109.04,325,0,0,0.00,0,F1,65,,,,,
2026-10-05,2026-10-05,FO,NSE,IDO,51479,,NIFTY,,2026-10-27,2026-10-27,25700.00,PE,NIFTY26OCT25700PE,3020.45,3020.45,3020.45,3020.45,3020.45,2835.00,22555.75,3059.20,7085,-65,1,1866829.25,1,F1,65,,,,,
2026-10-05,2026-10-05,FO,NSE,IDO,51363,,NIFTY,,2026-10-27,2026-10-27,23250.00,PE,NIFTY26OCT23250PE,655.05,742.85,601.75,690.85,695.45,782.30,22555.75,690.85,48945,-4355,299,464921583.75,234,F1,65,,,,,
2026-10-05,2026-10-05,FO,NSE,IDO,51351,,NIFTY,,2026-10-27,2026-10-27,22950.00,PE,NIFTY26OCT22950PE,466.20,562.70,407.30,481.90,474.70,545.65,22555.75,481.90,44525,-195,284,432436374.50,241,F1,65,,,,,
2026-10-05,2026-10-05,FO,NSE,IDO,51303,,NIFTY,,2026-10-27,2026-10-27,21850.00,PE,NIFTY26OCT21850PE,95.50,122.90,75.45,91.70,90.25,116.90,22555.75,91.70,43095,65,1345,1918203001.00,865,F1,65,,,,,
2026-10-05,2026-10-05,FO,NSE,IDO,51291,,NIFTY,,2026-10-27,2026-10-27,21600.00,PE,NIFTY26OCT21600PE,56.45,83.60,51.00,61.40,60.45,78.60,22555.75,61.40,393770,52130,18412,25924646075.25,9517,F1,65,,,,,
2026-10-05,2026-10-05,FO,NSE,IDO,51269,,NIFTY,,2026-10-27,2026-10-27,21150.00,PE,NIFTY26OCT21150PE,29.00,43.50,27.95,33.20,31.70,42.15,22555.75,33.20,30745,8385,760,1046524072.75,520,F1,65,,,,,
2026-10-05,2026-10-05,FO,NSE,IDO,51225,,NIFTY,,2026-10-27,2026-10-27,20300.00,PE,NIFTY26OCT20300PE,12.00,15.55,10.50,12.65,10.90,15.00,22555.75,12.65,19435,18785,2711,3579387152.25,2108,F1,65,,,,,
2026-10-05,2026-10-05,FO,NSE,IDO,47419,,NIFTY,,2026-10-19,2026-10-19,24950.00,PE,NIFTY26O1924950PE,0.00,0.00,0.00,1732.70,0.00,1732.70,22555.75,2341.68,0,0,0,0.00,0,F1,65,,,,,
2026-10-05,2026-10-05,FO,NSE,IDO,47409,,NIFTY,,2026-10-19,2026-10-19,24800.00,PE,NIFTY26O1924800PE,0.00,0.00,0.00,1850.00,1850.00,1850.00,22555.75,2192.01,1170,0,0,0.00,0,F1,65,,,,,
2026-10-05,2026-10-05,FO,NSE,IDO,47228,,NIFTY,,2026-10-19,2026-10-19,24100.00,PE,NIFTY26O1924100PE,0.00,0.00,0.00,1001.35,0.00,1001.35,22555.75,1494.80,0,0,0,0.00,0,F1,65,,,,,
2026-10-05,2026-10-05,FO,NSE,IDO,47209,,NIFTY,,2026-10-19,2026-10-19,23850.00,PE,NIFTY26O1923850PE,0.00,0.00,0.00,815.85,0.00,815.85,22555.75,1248.27,0,0,0,0.00,0,F1,65,,,,,
2026-10-05,2026-10-05,FO,NSE,IDO,47126,,NIFTY,,2026-10-19,2026-10-19,22300.00,PE,NIFTY26O1922300PE,140.15,194.15,113.40,140.65,137.45,189.75,22555.75,140.65,63830,18070,5271,7691622445.00,3463,F1,65,,,,,
2026-10-05,2026-10-05,FO,NSE,IDO,47124,,NIFTY,,2026-10-19,2026-10-19,22250.00,PE,NIFTY26O1922250PE,111.00,176.00,103.70,128.70,127.15,172.75,22555.75,128.70,22230,11375,1401,2038297881.75,954,F1,65,,,,,
2026-10-05,2026-10-05,FO,NSE,IDO,47122,,NIFTY,,2026-10-19,2026-10-19,22200.00,PE,NIFTY26O1922200PE,109.10,160.40,93.45,117.45,114.85,156.50,22555.75,117.45,105105,77350,4641,6732760190.00,2865,F1,65,,,,,
2026-10-05,2026-10-05,FO,NSE,IDO,47080,,NIFTY,,2026-10-19,2026-10-19,21300.00,PE,NIFTY26O1921300PE,25.60,32.30,17.80,22.70,21.30,32.45,22555.75,22.70,54210,17095,3107,4306510403.00,1749,F1,65,,,,,
2026-10-05,2026-10-05,FO,NSE,IDO,47056,,NIFTY,,2026-10-19,2026-10-19,20700.00,PE,NIFTY26O1920700PE,13.85,15.80,7.50,9.20,9.40,12.60,22555.75,9.20,2665,780,121,162887159.50,86,F1,65,,,,,
2026-10-05,2026-10-05,FO,NSE,IDO,44797,,NIFTY,,2026-10-13,2026-10-13,25350.00,PE,NIFTY26O1325350PE,0.00,0.00,0.00,1628.00,0.00,1628.00,22555.75,2763.71,0,0,0,0.00,0,F1,65,,,,,
2026-10-05,2026-10-05,FO,NSE,IDO,44785,,NIFTY,,2026-10-13,2026-10-13,25150.00,PE,NIFTY26O1325150PE,0.00,0.00,0.00,1450.15,0.00,1450.15,22555.75,2563.95,0,0,0,0.00,0,F1,65,,,,,
2026-10-05,2026-10-05,FO,NSE,IDO,44765,,NIFTY,,2026-10-13,2026-10-13,24750.00,PE,NIFTY26O1324750PE,0.00,0.00,0.00,1115.10,0.00,1115.10,22555.75,2164.43,0,0,0,0.00,0,F1,65,,,,,
2026-10-05,2026-10-05,FO,NSE,IDO,44749,,NIFTY,,2026-10-13,2026-10-13,24450.00,PE,NIFTY26O1324450PE,0.00,0.00,0.00,886.75,0.00,886.75,22555.75,1864.80,0,0,0,0.00,0,F1,65,,,,,
2026-10-05,2026-10-05,FO,NSE,IDO,44683,,NIFTY,,2026-10-13,2026-10-13,23650.00,PE,NIFTY26O1323650PE,970.00,1123.00,962.15,1065.40,1065.40,1239.00,22555.75,1065.40,6955,780,107,171947893.00,60,F1,65,,,,,
2026-10-05,2026-10-05,FO,NSE,IDO,44681,,NIFTY,,2026-10-13,2026-10-13,23600.00,PE,NIFTY26O1323600PE,965.00,1122.00,913.00,1024.20,1028.35,1112.80,22555.75,1024.20,62270,30225,771,1234683277.75,557,F1,65,,,,,
2026-10-05,2026-10-05,FO,NSE,IDO,44563,,NIFTY,,2026-10-13,2026-10-13,21750.00,PE,NIFTY26O1321750PE,36.80,37.90,18.40,22.85,21.50,40.20,22555.75,22.85,187005,110695,19213,27193981496.50,12758,F1,65,,,,,
2026-10-05,2026-10-05,FO,NSE,IDO,44543,,NIFTY,,2026-10-13,2026-10-13,21550.00,PE,NIFTY26O1321550PE,22.80,23.55,12.40,15.10,14.15,26.30,22555.75,15.10,241020,154505,16247,22775328478.50,11129,F1,65,,,,,
2026-10-05,2026-10-05,FO,NSE,IDO,44529,,NIFTY,,2026-10-13,2026-10-13,21350.00,PE,NIFTY26O1321350PE,10.00,14.70,8.55,10.00,9.55,17.45,22555.75,10.00,167245,117065,13836,19210697853.75,8551,F1,65,,,,,
2026-10-05,2026-10-05,FO,NSE,IDO,44519,,NIFTY,,2026-10-13,2026-10-13,21100.00,PE,NIFTY26O1321100PE,9.80,9.80,4.80,6.55,6.60,11.35,22555.75,6.55,401765,277810,30559,41925461503.25,13503,F1,65,,,,,
2026-10-05,2026-10-05,FO,NSE,IDO,44517,,NIFTY,,2026-10-13,2026-10-13,21050.00,PE,NIFTY26O1321050PE,9.80,9.80,5.50,6.10,5.85,10.60,22555.75,6.10,131040,86320,8306,11368129194.50,4681,F1,65,,,,,
2026-10-05,2026-10-05,FO,NSE,IDO,44483,,NIFTY,,2026-10-13,2026-10-13,20600.00,PE,NIFTY26O1320600PE,3.95,4.65,3.65,4.10,3.80,5.95,22555.75,4.10,233805,89180,9371,12550279472.25,4308,F1,65,,,,,
2026-10-05,2026-10-05,FO,NSE,IDO,44471,,NIFTY,,2026-10-13,2026-10-13,20500.00,PE,NIFTY26O1320500PE,4.45,4.75,3.45,4.00,3.85,5.50,22555.75,4.00,4128930,1134120,95882,127787299318.25,23041,F1,65,,,,,
2026-10-05,2026-10-05,FO,NSE,IDO,40889,,NIFTY,,2026-10-06,2026-10-06,25550.00,PE,NIFTY26O0625550PE,0.00,0.00,0.00,1432.35,0.00,1432.35,22555.75,2990.40,0,0,0,0.00,0,F1,65,,,,,
2026-10-05,2026-10-05,FO,NSE,IDO,40857,,NIFTY,,2026-10-06,2026-10-06,24800.00,PE,NIFTY26O0624800PE,2208.50,2352.00,2208.50,2278.50,2278.50,2339.65,22555.75,2240.51,10595,-650,31,54561536.25,22,F1,65,,,,,
2026-10-05,2026-10-05,FO,NSE,IDO,40845,,NIFTY,,2026-10-06,2026-10-06,24700.00,PE,NIFTY26O0624700PE,2150.00,2220.00,2130.00,2144.00,2144.00,2350.00,22555.75,2140.53,1040,-1365,25,43623950.50,19,F1,65,,,,,
2026-10-05,2026-10-05,FO,NSE,IDO,40822,,NIFTY,,2026-10-06,2026-10-06,24400.00,PE,NIFTY26O0624400PE,1800.00,1943.65,1770.00,1850.75,1845.00,1944.30,22555.75,1850.75,36530,-18655,671,1144790565.75,386,F1,65,,,,,
2026-10-05,2026-10-05,FO,NSE,IDO,40788,,NIFTY,,2026-10-06,2026-10-06,23850.00,PE,NIFTY26O0623850PE,1455.35,1455.35,1220.00,1323.70,1323.70,1386.05,22555.75,1290.66,4810,-130,14,22896636.75,6,F1,65,,,,,
2026-10-05,2026-10-05,FO,NSE,IDO,40754,,NIFTY,,2026-10-06,2026-10-06,23350.00,PE,NIFTY26O0623350PE,757.10,926.60,717.70,795.95,794.25,898.90,22555.75,795.95,67600,-9165,1015,1593539106.25,548,F1,65,,,,,
2026-10-05,2026-10-05,FO,NSE,IDO,40752,,NIFTY,,2026-10-06,2026-10-06,23300.00,PE,NIFTY26O0623300PE,717.95,870.00,665.00,746.00,744.35,831.45,22555.75,746.00,814905,-189800,5810,9075298212.50,4028,F1,65,,,,,
2026-10-05,2026-10-05,FO,NSE,IDO,40688,,NIFTY,,2026-10-06,2026-10-06,22400.00,PE,NIFTY26O0622400PE,58.95,95.45,25.55,31.50,25.85,99.30,22555.75,31.50,11453910,7218250,9773160,14264007072571.75,3243711,F1,65,,,,,
2026-10-05,2026-10-05,FO,NSE,IDO,40648,,NIFTY,,2026-10-06,2026-10-06,21550.00,PE,NIFTY26O0621550PE,3.30,3.30,0.75,1.10,1.00,4.85,22555.75,1.10,1372085,299585,647309,906788341345.25,73277,F1,65,,,,,
2026-10-05,2026-10-05,FO,NSE,IDO,40620,,NIFTY,,2026-10-06,2026-10-06,21100.00,PE,NIFTY26O0621100PE,1.40,1.55,0.50,0.70,0.65,2.10,22555.75,0.70,705380,-90220,164323,225378943907.00,18691,F1,65,,,,,
2026-10-05,2026-10-05,FO,NSE,IDO,40618,,NIFTY,,2026-10-06,2026-10-06,21050.00,PE,NIFTY26O0621050PE,1.40,1.40,0.45,0.55,0.45,2.10,22555.75,0.55,197275,-11245,51244,70117626163.00,5889,F1,65,,,,,
2026-10-05,2026-10-05,FO,NSE,IDO,40562,,NIFTY,,2026-10-06,2026-10-06,20100.00,PE,NIFTY26O0620100PE,0.90,0.90,0.25,0.35,0.25,0.90,22555.75,0.35,107315,84045,14651,19142014781.50,4345,F1,65,,,,,
2026-10-05,2026-10-05,FO,NSE,IDO,55696,,NIFTY,,2030-12-31,2030-12-31,16500.00,CE,NIFTY30DEC16500CE,0.00,0.00,0.00,13763.55,0.00,13763.55,22555.75,9528.39,0,0,0,0.00,0,F1,65,,,,,
2026-10-05,2026-10-05,FO,NSE,IDO,61659,,NIFTY,,2029-12-24,2029-12-24,21000.00,CE,NIFTY29DEC21000CE,0.00,0.00,0.00,9463.95,0.00,9463.95,22555.75,5327.46,0,0,0,0.00,0,F1,65,,,,,
2026-10-05,2026-10-05,FO,NSE,IDO,55598,,NIFTY,,2029-12-24,2029-12-24,16500.00,CE,NIFTY29DEC16500CE,0.00,0.00,0.00,12984.85,0.00,12984.85,22555.75,8765.68,0,0,0,0.00,0,F1,65,,,,,
2026-10-05,2026-10-05,FO,NSE,IDO,55560,,NIFTY,,2029-06-26,2029-06-26,22500.00,CE,NIFTY29JUN22500CE,0.00,0.00,0.00,7946.50,0.00,7946.50,22555.75,3845.26,0,0,0,0.00,0,F1,65,,,,,
2026-10-05,2026-10-05,FO,NSE,IDO,89624,,NIFTY,,2029-06-26,2029-06-26,21000.00,CE,NIFTY29JUN21000CE,0.00,0.00,0.00,9799.75,0.00,9799.75,22555.75,4839.41,0,0,0,0.00,0,F1,65,,,,,
2026-10-05,2026-10-05,FO,NSE,IDO,67790,,NIFTY,,2028-12-26,2028-12-26,28000.00,CE,NIFTY28DEC28000CE,1001.45,1040.00,1001.45,1040.00,1040.00,1030.00,22555.75,1040.00,11255,260,4,7547244.25,4,F1,65,,,,,
2026-10-05,2026-10-05,FO,NSE,IDO,67788,,NIFTY,,2028-12-26,2028-12-26,27000.00,CE,NIFTY28DEC27000CE,1370.00,1386.80,1288.05,1386.80,1386.80,1300.40,22555.75,1386.80,6175,520,9,16580531.50,7,F1,65,,,,,
2026-10-05,2026-10-05,FO,NSE,IDO,55516,,NIFTY,,2028-12-26,2028-12-26,16500.00,CE,NIFTY28DEC16500CE,0.00,0.00,0.00,12176.65,0.00,12176.65,22555.75,7975.82,0,0,0,0.00,0,F1,65,,,,,
2026-10-05,2026-10-05,FO,NSE,IDO,35352,,NIFTY,,2028-06-27,2028-06-27,30000.00,CE,NIFTY28JUN30000CE,0.00,0.00,0.00,2278.45,0.00,2278.45,22555.75,302.22,0,0,0,0.00,0,F1,65,,,,,
2026-10-05,2026-10-05,FO,NSE,IDO,86133,,NIFTY,,2028-06-27,2028-06-27,15000.00,CE,NIFTY28JUN15000CE,0.00,0.00,0.00,8633.05,0.00,8633.05,22555.75,8918.03,0,0,0,0.00,0,F1,65,,,,,
2026-10-05,2026-10-05,FO,NSE,IDO,53603,,NIFTY,,2027-12-28,2027-12-28,18000.00,CE,NIFTY27DEC18000CE,0.00,0.00,0.00,6285.70,0.00,6285.70,22555.75,5758.06,0,0,0,0.00,0,F1,65,,,,,
2026-10-05,2026-10-05,FO,NSE,IDO,64366,,NIFTY,,2027-09-28,2027-09-28,30000.00,CE,NIFTY27SEP30000CE,153.40,153.40,153.40,153.40,153.40,153.40,22555.75,52.42,130,130,2,3919942.00,1,F1,65,,,,,
2026-10-05,2026-10-05,FO,NSE,IDO,64341,,NIFTY,,2027-09-28,2027-09-28,24000.00,CE,NIFTY27SEP24000CE,0.00,0.00,0.00,1478.35,0.00,1478.35,22555.75,1096.74,0,0,0,0.00,0,F1,65,,,,,
2026-10-05,2026-10-05,FO,NSE,IDO,71540,,NIFTY,,2027-06-29,2027-06-29,15000.00,CE,NIFTY27JUN15000CE,0.00,0.00,0.00,5367.85,0.00,5367.85,22555.75,8147.28,0,0,0,0.00,0,F1,65,,,,,
2026-10-05,2026-10-05,FO,NSE,IDO,80272,,NIFTY,,2027-03-30,2027-03-30,24000.00,CE,NIFTY27MAR24000CE,459.95,500.95,440.00,460.30,460.00,452.00,22555.75,460.30,858585,-6890,3278,5213440573.25,2285,F1,65,,,,,
2026-10-05,2026-10-05,FO,NSE,IDO,80190,,NIFTY,,2027-03-30,2027-03-30,16500.00,CE,NIFTY27MAR16500CE,0.00,0.00,0.00,6995.90,0.00,6995.90,22555.75,6487.64,0,0,0,0.00,0,F1,65,,,,,
2026-10-05,2026-10-05,FO,NSE,IDO,62505,,NIFTY,,2026-12-29,2026-12-29,22100.00,CE,NIFTY26DEC22100CE,1053.00,1060.95,1021.25,1031.35,1031.35,962.05,22555.75,1009.73,2405,0,9,13540445.75,8,F1,65,,,,,
2026-10-05,2026-10-05,FO,NSE,IDO,62428,,NIFTY,,2026-12-29,2026-12-29,21400.00,CE,NIFTY26DEC21400CE,1500.05,1516.00,1500.05,1516.00,1516.00,1460.00,22555.75,1539.82,910,0,12,17868259.50,8,F1,65,,,,,
2026-10-05,2026-10-05,FO,NSE,IDO,62318,,NIFTY,,2026-12-29,2026-12-29,20850.00,CE,NIFTY26DEC20850CE,0.00,0.00,0.00,2255.35,0.00,2255.35,22555.75,2018.62,0,0,0,0.00,0,F1,65,,,,,
2026-10-05,2026-10-05,FO,NSE,IDO,62236,,NIFTY,,2026-12-29,2026-12-29,20300.00,CE,NIFTY26DEC20300CE,0.00,0.00,0.00,2752.55,0.00,2752.55,22555.75,2531.40,0,0,0,0.00,0,F1,65,,,,,
2026-10-05,2026-10-05,FO,NSE,IDO,64499,,NIFTY,,2026-11-23,2026-11-23,26050.00,CE,NIFTY26NOV26050CE,9.40,9.40,7.95,7.95,7.95,9.40,22555.75,0.86,2275,0,23,38957678.50,17,F1,65,,,,,
2026-10-05,2026-10-05,FO,NSE,IDO,64487,,NIFTY,,2026-11-23,2026-11-23,25750.00,CE,NIFTY26NOV25750CE,0.00,0.00,0.00,8.60,8.60,8.60,22555.75,1.86,650,0,0,0.00,0,F1,65,,,,,
2026-10-05,2026-10-05,FO,NSE,IDO,64456,,NIFTY,,2026-11-23,2026-11-23,25300.00,CE,NIFTY26NOV25300CE,0.00,0.00,0.00,13.00,13.00,13.00,22555.75,5.50,325,0,0,0.00,0,F1,65,,,,,
2026-10-05,2026-10-05,FO,NSE,IDO,64433,,NIFTY,,2026-11-23,2026-11-23,24850.00,CE,NIFTY26NOV24850CE,23.00,23.00,22.80,22.80,22.80,22.50,22555.75,14.76,780,390,12,19400927.00,4,F1,65,,,,,
2026-10-05,2026-10-05,FO,NSE,IDO,64425,,NIFTY,,2026-11-23,2026-11-23,24700.00,CE,NIFTY26NOV24700CE,29.20,31.70,27.00,28.50,28.35,29.20,22555.75,28.50,52975,8970,949,1525427205.25,489,F1,65,,,,,
2026-10-05,2026-10-05,FO,NSE,IDO,64415,,NIFTY,,2026-11-23,2026-11-23,24450.00,CE,NIFTY26NOV24450CE,42.40,53.25,35.50,37.85,37.85,40.40,22555.75,37.85,15340,-2080,114,181493513.50,60,F1,65,,,,,
2026-10-05,2026-10-05,FO,NSE,IDO,64379,,NIFTY,,2026-11-23,2026-11-23,23650.00,CE,NIFTY26NOV23650CE,115.95,130.70,108.95,118.00,117.90,115.70,22555.75,118.00,27495,14885,383,591795584.25,280,F1,65,,,,,
2026-10-05,2026-10-05,FO,NSE,IDO,64274,,NIFTY,,2026-11-23,2026-11-23,22400.00,CE,NIFTY26NOV22400CE,641.20,700.45,579.20,629.55,636.15,590.55,22555.75,629.55,22750,5655,408,610961620.75,327,F1,65,,,,,
2026-10-05,2026-10-05,FO,NSE,IDO,64246,,NIFTY,,2026-11-23,2026-11-23,22200.00,CE,NIFTY26NOV22200CE,752.00,840.00,712.00,764.35,766.75,722.00,22555.75,764.35,18850,-2210,194,289839488.25,126,F1,65,,,,,
2026-10-05,2026-10-05,FO,NSE,IDO,64208,,NIFTY,,2026-11-23,2026-11-23,21500.00,CE,NIFTY26NOV21500CE,1360.00,1393.00,1240.00,1323.75,1323.75,1253.40,22555.75,1281.77,17290,1365,90,133500142.75,77,F1,65,,,,,
2026-10-05,2026-10-05,FO,NSE,IDO,64162,,NIFTY,,2026-11-23,2026-11-23,20800.00,CE,NIFTY26NOV20800CE,0.00,0.00,0.00,3854.30,0.00,3854.30,22555.75,1923.04,0,0,0,0.00,0,F1,65,,,,,
2026-10-05,2026-10-05,FO,NSE,IDO,64149,,NIFTY,,2026-11-23,2026-11-23,20650.00,CE,NIFTY26NOV20650CE,0.00,0.00,0.00,3999.60,0.00,3999.60,22555.75,2067.33,0,0,0,0.00,0,F1,65,,,,,
2026-10-05,2026-10-05,FO,NSE,IDO,64140,,NIFTY,,2026-11-23,2026-11-23,20500.00,CE,NIFTY26NOV20500CE,0.00,0.00,0.00,2523.05,2523.05,2523.05,22555.75,2212.97,65,0,0,0.00,0,F1,65,,,,,
2026-10-05,2026-10-05,FO,NSE,IDO,64120,,NIFTY,,2026-11-23,2026-11-23,20150.00,CE,NIFTY26NOV20150CE,0.00,0.00,0.00,4487.20,0.00,4487.20,22555.75,2556.24,0,0,0,0.00,0,F1,65,,,,,
2026-10-05,2026-10-05,FO,NSE,IDO,54182,,NIFTY,,2026-11-03,2026-11-03,24550.00,CE,NIFTY26N0324550CE,12.35,12.60,12.30,12.30,12.30,12.30,22555.75,4.96,975,455,15,23948411.50,6,F1,65,,,,,
2026-10-05,2026-10-05,FO,NSE,IDO,54128,,NIFTY,,2026-11-03,2026-11-03,24400.00,CE,NIFTY26N0324400CE,16.95,19.80,10.10,19.70,19.70,16.45,22555.75,7.75,715,325,10,15870468.25,7,F1,65,,,,,
2026-10-05,2026-10-05,FO,NSE,IDO,54102,,NIFTY,,2026-11-03,2026-11-03,23800.00,CE,NIFTY26N0323800CE,43.25,47.50,37.00,42.00,40.00,43.45,22555.75,42.00,28275,5525,378,585799932.25,254,F1,65,,,,,
2026-10-05,2026-10-05,FO,NSE,IDO,54062,,NIFTY,,2026-11-03,2026-11-03,23600.00,CE,NIFTY26N0323600CE,70.00,70.00,55.95,60.15,59.70,61.20,22555.75,60.15,18655,-1170,279,429115531.00,200,F1,65,,,,,
2026-10-05,2026-10-05,FO,NSE,IDO,54046,,NIFTY,,2026-11-03,2026-11-03,23400.00,CE,NIFTY26N0323400CE,92.65,104.45,72.00,91.10,91.10,89.00,22555.75,91.10,7410,2080,371,566500870.00,238,F1,65,,,,,
2026-10-05,2026-10-05,FO,NSE,IDO,53926,,NIFTY,,2026-11-03,2026-11-03,23100.00,CE,NIFTY26N0323100CE,169.95,191.75,143.95,162.85,163.30,152.10,22555.75,162.85,6695,-325,192,290328434.50,134,F1,65,,,,,
2026-10-05,2026-10-05,FO,NSE,IDO,53860,,NIFTY,,2026-11-03,2026-11-03,22950.00,CE,NIFTY26N0322950CE,227.05,250.80,195.55,213.55,213.95,197.95,22555.75,213.55,2405,-845,99,149131216.00,69,F1,65,,,,,
2026-10-05,2026-10-05,FO,NSE,IDO,53794,,NIFTY,,2026-11-03,2026-11-03,22800.00,CE,NIFTY26N0322800CE,279.00,319.05,248.40,279.05,277.65,256.85,22555.75,279.05,13390,1690,306,459122127.75,227,F1,65,,,,,
2026-10-05,2026-10-05,FO,NSE,IDO,53328,,NIFTY,,2026-11-03,2026-11-03,20400.00,CE,NIFTY26N0320400CE,0.00,0.00,0.00,3069.50,0.00,3069.50,22555.75,2245.30,0,0,0,0.00,0,F1,65,,,,,
2026-10-05,2026-10-05,FO,NSE,IDO,53321,,NIFTY,,2026-11-03,2026-11-03,20300.00,CE,NIFTY26N0320300CE,0.00,0.00,0.00,3168.40,0.00,3168.40,22555.75,2344.65,0,0,0,0.00,0,F1,65,,,,,
2026-10-05,2026-10-05,FO,NSE,IDO,53315,,NIFTY,,2026-11-03,2026-11-03,20200.00,CE,NIFTY26N0320200CE,0.00,0.00,0.00,3267.45,0.00,3267.45,22555.75,2444.07,0,0,0,0.00,0,F1,65,,,,,
2026-10-05,2026-10-05,FO,NSE,IDO,51516,,NIFTY,,2026-10-27,2026-10-27,26650.00,CE,NIFTY26OCT26650CE,0.00,0.00,0.00,6.95,6.95,6.95,22555.75,0.01,390,0,0,0.00,0,F1,65,,,,,
2026-10-05,2026-10-05,FO,NSE,IDO,51514,,NIFTY,,2026-10-27,2026-10-27,26600.00,CE,NIFTY26OCT26600CE,0.00,0.00,0.00,0.70,0.70,0.70,22555.75,0.01,2275,0,0,0.00,0,F1,65,,,,,
2026-10-05,2026-10-05,FO,NSE,IDO,51442,,NIFTY,,2026-10-27,2026-10-27,25050.00,CE,NIFTY26OCT25050CE,5.45,5.75,3.65,4.30,4.00,5.45,22555.75,4.30,158990,195,86,140055545.50,66,F1,65,,,,,
2026-10-05,2026-10-05,FO,NSE,IDO,51422,,NIFTY,,2026-10-27,2026-10-27,24600.00,CE,NIFTY26OCT24600CE,7.90,8.55,6.70,7.30,6.95,8.25,22555.75,7.30,282880,-34060,3298,5275055500.00,2243,F1,65,,,,,
2026-10-05,2026-10-05,FO,NSE,IDO,51392,,NIFTY,,2026-10-27,2026-10-27,24000.00,CE,NIFTY26OCT24000CE,19.95,21.00,14.85,16.05,15.65,18.40,22555.75,16.05,6258720,46865,45876,71616344111.00,20074,F1,65,,,,,
2026-10-05,2026-10-05,FO,NSE,IDO,51370,,NIFTY,,2026-10-27,2026-10-27,23450.00,CE,NIFTY26OCT23450CE,54.00,58.95,42.70,49.15,47.35,49.60,22555.75,49.15,127595,-22425,3806,5813736795.75,2723,F1,65,,,,,
2026-10-05,2026-10-05,FO,NSE,IDO,51368,,NIFTY,,2026-10-27,2026-10-27,23400.00,CE,NIFTY26OCT23400CE,65.05,67.00,47.65,55.45,54.25,54.50,22555.75,55.45,1989975,31915,38831,59206650727.25,24834,F1,65,,,,,
2026-10-05,2026-10-05,FO,NSE,IDO,51344,,NIFTY,,2026-10-27,2026-10-27,22800.00,CE,NIFTY26OCT22800CE,204.50,268.95,192.25,224.65,222.50,202.15,22555.75,224.65,2071290,186485,44803,67063256341.25,30313,F1,65,,,,,
2026-10-05,2026-10-05,FO,NSE,IDO,51324,,NIFTY,,2026-10-27,2026-10-27,22350.00,CE,NIFTY26OCT22350CE,482.40,551.95,419.70,478.85,476.05,436.15,22555.75,478.85,49985,-2860,1068,1586279064.50,880,F1,65,,,,,
2026-10-05,2026-10-05,FO,NSE,IDO,51290,,NIFTY,,2026-10-27,2026-10-27,21600.00,CE,NIFTY26OCT21600CE,1123.00,1129.10,1050.00,1100.00,1100.00,1009.65,22555.75,1051.81,1040,0,8,11798761.00,8,F1,65,,,,,
2026-10-05,2026-10-05,FO,NSE,IDO,51260,,NIFTY,,2026-10-27,2026-10-27,21000.00,CE,NIFTY26OCT21000CE,1600.00,1749.00,1540.00,1638.85,1640.00,1556.90,22555.75,1638.85,288470,-1365,758,1115725445.25,548,F1,65,,,,,
2026-10-05,2026-10-05,FO,NSE,IDO,51222,,NIFTY,,2026-10-27,2026-10-27,20250.00,CE,NIFTY26OCT20250CE,0.00,0.00,0.00,4048.40,0.00,4048.40,22555.75,2372.83,0,0,0,0.00,0,F1,65,,,,,
2026-10-05,2026-10-05,FO,NSE,IDO,51212,,NIFTY,,2026-10-27,2026-10-27,20050.00,CE,NIFTY26OCT20050CE,0.00,0.00,0.00,4242.80,0.00,4242.80,22555.75,2572.12,0,0,0,0.00,0,F1,65,,,,,
2026-10-05,2026-10-05,FO,NSE,IDO,47433,,NIFTY,,2026-10-19,2026-10-19,25100.00,CE,NIFTY26O1925100CE,2.55,2.55,1.80,1.85,2.00,2.50,22555.75,1.85,6565,4550,109,177846968.00,39,F1,65,,,,,
2026-10-05,2026-10-05,FO,NSE,IDO,47425,,NIFTY,,2026-10-19,2026-10-19,25000.00,CE,NIFTY26O1925000CE,3.70,3.75,1.80,1.95,1.95,3.60,22555.75,1.95,94185,10790,1263,2052553343.75,237,F1,65,,,,,
2026-10-05,2026-10-05,FO,NSE,IDO,47374,,NIFTY,,2026-10-19,2026-10-19,24550.00,CE,NIFTY26O1924550CE,3.05,3.90,3.00,3.60,3.60,5.60,22555.75,0.12,975,-390,14,22343613.50,8,F1,65,,,,,
2026-10-05,2026-10-05,FO,NSE,IDO,47179,,NIFTY,,2026-10-19,2026-10-19,23400.00,CE,NIFTY26O1923400CE,35.05,35.50,24.20,26.95,24.90,31.40,22555.75,26.95,117975,33475,4230,6441956017.25,2862,F1,65,,,,,
2026-10-05,2026-10-05,FO,NSE,IDO,47155,,NIFTY,,2026-10-19,2026-10-19,22850.00,CE,NIFTY26O1922850CE,130.90,173.00,116.15,137.35,133.95,127.90,22555.75,137.35,60710,29185,1779,2658888817.00,1249,F1,65,,,,,
2026-10-05,2026-10-05,FO,NSE,IDO,47153,,NIFTY,,2026-10-19,2026-10-19,22800.00,CE,NIFTY26O1922800CE,165.00,199.00,132.60,156.40,154.40,141.75,22555.75,156.40,467350,304980,16311,24349209179.75,9766,F1,65,,,,,
2026-10-05,2026-10-05,FO,NSE,IDO,47114,,NIFTY,,2026-10-19,2026-10-19,22050.00,CE,NIFTY26O1922050CE,0.00,0.00,0.00,555.75,555.75,555.75,22555.75,604.83,130,0,0,0.00,0,F1,65,,,,,
2026-10-05,2026-10-05,FO,NSE,IDO,47073,,NIFTY,,2026-10-19,2026-10-19,21150.00,CE,NIFTY26O1921150CE,0.00,0.00,0.00,2094.65,0.00,2094.65,22555.75,1451.27,0,0,0,0.00,0,F1,65,,,,,
2026-10-05,2026-10-05,FO,NSE,IDO,47047,,NIFTY,,2026-10-19,2026-10-19,20500.00,CE,NIFTY26O1920500CE,0.00,0.00,0.00,2732.20,0.00,2732.20,22555.75,2098.96,0,0,0,0.00,0,F1,65,,,,,
2026-10-05,2026-10-05,FO,NSE,IDO,44756,,NIFTY,,2026-10-13,2026-10-13,24550.00,CE,NIFTY26O1324550CE,1.30,1.70,0.95,1.05,1.00,1.80,22555.75,1.05,10335,1040,200,319164787.50,95,F1,65,,,,,
2026-10-05,2026-10-05,FO,NSE,IDO,44732,,NIFTY,,2026-10-13,2026-10-13,24300.00,CE,NIFTY26O1324300CE,1.85,1.85,1.00,1.10,1.05,1.85,22555.75,1.10,501865,152035,22157,34998758158.00,9291,F1,65,,,,,
2026-10-05,2026-10-05,FO,NSE,IDO,44682,,NIFTY,,2026-10-13,2026-10-13,23650.00,CE,NIFTY26O1323650CE,6.85,7.35,3.95,4.55,4.00,6.90,22555.75,4.55,279890,142155,13403,20608170726.00,5888,F1,65,,,,,
2026-10-05,2026-10-05,FO,NSE,IDO,44564,,NIFTY,,2026-10-13,2026-10-13,21800.00,CE,NIFTY26O1321800CE,852.35,901.35,713.45,799.40,793.55,724.10,22555.75,799.40,29120,2665,241,354008356.00,143,F1,65,,,,,
2026-10-05,2026-10-05,FO,NSE,IDO,86151,,NIFTY,,2028-06-27,2028-06-27,24000.00,CE,NIFTY28JUN24000CE,0.00,0.00,0.00,3918.85,0.00,3918.85,22555.75,1936.15,0,0,0,0.00,0,F1,65,,,,,
2026-10-05,2026-10-05,FO,NSE,IDO,60904,,NIFTY,,2030-06-25,2030-06-25,24000.00,CE,NIFTY30JUN24000CE,0.00,0.00,0.00,8591.55,0.00,8591.55,22555.75,3967.13,0,0,0,0.00,0,F1,65,,,,,
2026-10-05,2026-10-05,FO,NSE,IDO,40597,,NIFTY,,2026-10-06,2026-10-06,20700.00,PE,NIFTY26O0620700PE,1.15,1.15,0.25,0.35,0.30,1.55,22555.75,0.35,316095,-206960,53299,71716069080.50,8284,F1,65,,,,,
2026-10-05,2026-10-05,FO,NSE,IDO,40868,,NIFTY,,2026-10-06,2026-10-06,25050.00,PE,NIFTY26O0625050PE,2530.00,2530.00,2530.00,2530.00,2530.00,2400.00,22555.75,2490.48,520,-65,1,1792700.00,1,F1,65,,,,,
2026-10-05,2026-10-05,FO,NSE,IDO,44511,,NIFTY,,2026-10-13,2026-10-13,20950.00,PE,NIFTY26O1320950PE,8.80,8.80,4.70,5.35,5.50,9.05,22555.75,5.35,36270,13780,4027,5485246266.50,2356,F1,65,,,,,
2026-10-05,2026-10-05,FO,NSE,IDO,44525,,NIFTY,,2026-10-13,2026-10-13,21250.00,PE,NIFTY26O1321250PE,11.80,11.85,7.30,8.55,7.90,14.25,22555.75,8.55,229840,149370,11874,16407936389.00,6596,F1,65,,,,,
2026-10-05,2026-10-05,FO,NSE,IDO,44693,,NIFTY,,2026-10-13,2026-10-13,23750.00,PE,NIFTY26O1323750PE,1082.40,1190.00,1082.40,1190.00,1190.00,1305.65,22555.75,1190.00,4095,0,6,9714558.75,4,F1,65,,,,,
2026-10-05,2026-10-05,FO,NSE,IDO,47136,,NIFTY,,2026-10-19,2026-10-19,22500.00,PE,NIFTY26O1922500PE,232.00,271.95,165.80,209.35,204.70,265.50,22555.75,209.35,247130,68900,12547,18521313040.75,7634,F1,65,,,,,
2026-10-05,2026-10-05,FO,NSE,IDO,47241,,NIFTY,,2026-10-19,2026-10-19,24350.00,PE,NIFTY26O1924350PE,0.00,0.00,0.00,1202.45,0.00,1202.45,22555.75,1743.31,0,0,0,0.00,0,F1,65,,,,,
2026-10-05,2026-10-05,FO,NSE,IDO,47314,,NIFTY,,2026-10-19,2026-10-19,24450.00,PE,NIFTY26O1924450PE,0.00,0.00,0.00,1286.65,0.00,1286.65,22555.75,1842.94,0,0,0,0.00,0,F1,65,,,,,
2026-10-05,2026-10-05,FO,NSE,IDO,51337,,NIFTY,,2026-10-27,2026-10-27,22600.00,PE,NIFTY26OCT22600PE,300.00,365.55,240.05,299.00,292.95,351.45,22555.75,299.00,1316380,391950,74218,110425032393.00,49642,F1,65,,,,,
2026-10-05,2026-10-05,FO,NSE,IDO,51441,,NIFTY,,2026-10-27,2026-10-27,25000.00,PE,NIFTY26OCT25000PE,2350.00,2456.45,2245.00,2359.25,2347.25,2447.25,22555.75,2359.25,2170805,-39650,2164,3845012018.25,1266,F1,65,,,,,
2026-10-05,2026-10-05,FO,NSE,IDO,51447,,NIFTY,,2026-10-27,2026-10-27,25150.00,PE,NIFTY26OCT25150PE,0.00,0.00,0.00,2150.00,2150.00,2150.00,22555.75,2511.14,260,0,0,0.00,0,F1,65,,,,,
2026-10-05,2026-10-05,FO,NSE,IDO,53504,,NIFTY,,2026-11-03,2026-11-03,21750.00,PE,NIFTY26N0321750PE,104.40,115.15,104.40,115.15,115.15,174.10,22555.75,57.90,1430,-130,8,11367024.50,8,F1,65,,,,,
2026-10-05,2026-10-05,FO,NSE,IDO,54273,,NIFTY,,2026-11-03,2026-11-03,24800.00,PE,NIFTY26N0324800PE,0.00,0.00,0.00,1405.50,0.00,1405.50,22555.75,2138.38,0,0,0,0.00,0,F1,65,,,,,
2026-10-05,2026-10-05,FO,NSE,IDO,64380,,NIFTY,,2026-11-23,2026-11-23,23650.00,PE,NIFTY26NOV23650PE,970.00,1052.60,970.00,1052.25,1052.25,1160.60,22555.75,1049.46,8775,195,10,16037147.75,10,F1,65,,,,,
2026-10-05,2026-10-05,FO,NSE,IDO,64488,,NIFTY,,2026-11-23,2026-11-23,25750.00,PE,NIFTY26NOV25750PE,0.00,0.00,0.00,1419.55,0.00,1419.55,22555.75,3006.69,0,0,0,0.00,0,F1,65,,,,,
2026-10-05,2026-10-05,FO,NSE,IDO,58643,,NIFTY,,2026-12-29,2026-12-29,19000.00,PE,NIFTY26DEC19000PE,35.00,37.80,31.20,34.10,33.50,36.75,22555.75,34.10,1108705,78040,6616,8185466861.00,3538,F1,65,,,,,
2026-10-05,2026-10-05,FO,NSE,IDO,58645,,NIFTY,,2026-12-29,2026-12-29,20000.00,PE,NIFTY26DEC20000PE,66.70,68.95,50.00,62.05,62.00,65.85,22555.75,62.05,1874910,4940,10158,13246072463.00,6267,F1,65,,,,,
2026-10-05,2026-10-05,FO,NSE,IDO,62260,,NIFTY,,2026-12-29,2026-12-29,20600.00,PE,NIFTY26DEC20600PE,0.00,0.00,0.00,59.90,0.00,59.90,22555.75,30.64,0,0,0,0.00,0,F1,65,,,,,
2026-10-05,2026-10-05,FO,NSE,IDO,62354,,NIFTY,,2026-12-29,2026-12-29,21050.00,PE,NIFTY26DEC21050PE,121.40,134.15,113.10,121.10,117.30,130.70,22555.75,121.10,3900,-195,106,145877205.50,55,F1,65,,,,,
2026-10-05,2026-10-05,FO,NSE,IDO,62444,,NIFTY,,2026-12-29,2026-12-29,21500.00,PE,NIFTY26DEC21500PE,166.30,196.25,149.35,172.60,171.55,188.55,22555.75,172.60,280605,43680,4455,6274822905.00,2878,F1,65,,,,,
2026-10-05,2026-10-05,FO,NSE,IDO,62651,,NIFTY,,2026-12-29,2026-12-29,22750.00,PE,NIFTY26DEC22750PE,463.65,517.75,445.30,504.60,500.85,547.25,22555.75,504.60,7540,-195,29,43786197.00,24,F1,65,,,,,
2026-10-05,2026-10-05,FO,NSE,IDO,62689,,NIFTY,,2026-12-29,2026-12-29,22900.00,PE,NIFTY26DEC22900PE,526.05,630.00,508.00,565.80,568.05,621.10,22555.75,565.80,25220,390,296,451646685.75,229,F1,65,,,,,
2026-10-05,2026-10-05,FO,NSE,IDO,62699,,NIFTY,,2026-12-29,2026-12-29,22950.00,PE,NIFTY26DEC22950PE,551.95,610.00,547.85,580.95,580.95,641.30,22555.75,629.90,13650,-325,13,19879099.50,10,F1,65,,,,,
2026-10-05,2026-10-05,FO,NSE,IDO,71502,,NIFTY,,2026-12-29,2026-12-29,24000.00,PE,NIFTY26DEC24000PE,1220.05,1356.00,1170.65,1262.90,1256.90,1331.60,22555.75,1262.90,2104115,-45675,3546,5820413709.50,2261,F1,65,,,,,
2026-10-05,2026-10-05,FO,NSE,IDO,80267,,NIFTY,,2027-03-30,2027-03-30,19500.00,PE,NIFTY27MAR19500PE,85.00,92.05,77.00,83.15,82.95,89.50,22555.75,83.15,484575,131235,4629,5893210713.00,2433,F1,65,,,,,
2026-10-05,2026-10-05,FO,NSE,IDO,80269,,NIFTY,,2027-03-30,2027-03-30,21000.00,PE,NIFTY27MAR21000PE,199.90,221.00,178.00,204.05,204.50,208.45,22555.75,204.05,1062165,-46215,6293,8673669260.75,3285,F1,65,,,,,
2026-10-05,2026-10-05,FO,NSE,IDO,64355,,NIFTY,,2027-09-28,2027-09-28,27000.00,PE,NIFTY27SEP27000PE,0.00,0.00,0.00,3265.00,0.00,3265.00,22555.75,3310.58,0,0,0,0.00,0,F1,65,,,,,
2026-10-05,2026-10-05,FO,NSE,IDO,35347,,NIFTY,,2027-12-28,2027-12-28,30000.00,PE,NIFTY27DEC30000PE,4945.00,5247.50,4945.00,5212.65,5196.60,5133.00,22555.75,5212.65,7280,325,20,45703339.50,18,F1,65,,,,,
2026-10-05,2026-10-05,FO,NSE,IDO,67783,,NIFTY,,2028-12-26,2028-12-26,24000.00,PE,NIFTY28DEC24000PE,1241.55,1251.55,1150.00,1150.00,1150.00,1181.60,22555.75,1144.89,4875,0,15,24554702.25,5,F1,65,,,,,
2026-10-05,2026-10-05,FO,NSE,IDO,60899,,NIFTY,,2030-06-25,2030-06-25,21000.00,PE,NIFTY30JUN21000PE,0.00,0.00,0.00,220.00,220.00,220.00,22555.75,357.81,65,0,0,0.00,0,F1,65,,,,,
2026-10-05,2026-10-05,FO,NSE,IDO,74648,,NIFTY,,2031-06-24,2031-06-24,22500.00,PE,NIFTY31JUN22500PE,0.00,0.00,0.00,663.60,0.00,663.60,22555.75,559.65,0,0,0,0.00,0,F1,65,,,,,
2026-10-05,2026-10-05,FO,NSE,IDO,55378,,NIFTY,,2027-06-29,2027-06-29,28500.00,CE,NIFTY27JUN28500CE,0.00,0.00,0.00,1711.90,0.00,1711.90,22555.75,50.67,0,0,0,0.00,0,F1,65,,,,,
2026-10-05,2026-10-05,FO,NSE,IDO,55374,,NIFTY,,2027-06-29,2027-06-29,22500.00,CE,NIFTY27JUN22500CE,0.00,0.00,0.00,5539.60,0.00,5539.60,22555.75,1540.64,0,0,0,0.00,0,F1,65,,,,,
2026-10-05,2026-10-05,FO,NSE,IDO,62886,,NIFTY,,2026-12-29,2026-12-29,23550.00,CE,NIFTY26DEC23550CE,256.30,292.00,256.30,263.35,264.60,256.25,22555.75,263.35,11700,2145,139,215212127.00,87,F1,65,,,,,
2026-10-05,2026-10-05,FO,NSE,IDO,62570,,NIFTY,,2026-12-29,2026-12-29,22550.00,CE,NIFTY26DEC22550CE,745.40,745.40,715.65,725.00,725.00,676.50,22555.75,730.56,910,0,3,4539343.25,3,F1,65,,,,,
2026-10-05,2026-10-05,FO,NSE,IDO,62553,,NIFTY,,2026-12-29,2026-12-29,22300.00,CE,NIFTY26DEC22300CE,900.95,955.90,834.60,880.40,880.40,843.40,22555.75,880.40,18915,-65,53,79882939.50,44,F1,65,,,,,
2026-10-05,2026-10-05,FO,NSE,IDO,62220,,NIFTY,,2026-12-29,2026-12-29,20050.00,CE,NIFTY26DEC20050CE,0.00,0.00,0.00,2986.45,0.00,2986.45,22555.75,2771.25,0,0,0,0.00,0,F1,65,,,,,
2026-10-05,2026-10-05,FO,NSE,IDO,64501,,NIFTY,,2026-11-23,2026-11-23,26100.00,CE,NIFTY26NOV26100CE,10.45,10.50,5.70,6.00,5.70,9.85,22555.75,6.00,30485,5655,319,541348977.00,114,F1,65,,,,,
2026-10-05,2026-10-05,FO,NSE,IDO,64473,,NIFTY,,2026-11-23,2026-11-23,25500.00,CE,NIFTY26NOV25500CE,13.70,17.35,11.65,12.10,12.00,13.75,22555.75,12.10,418015,29120,2604,4318330162.25,1657,F1,65,,,,,
2026-10-05,2026-10-05,FO,NSE,IDO,54106,,NIFTY,,2026-11-03,2026-11-03,23900.00,CE,NIFTY26N0323900CE,43.60,43.60,26.40,26.40,26.40,43.60,22555.75,26.40,3705,3640,85,132238619.50,21,F1,65,,,,,
2026-10-05,2026-10-05,FO,NSE,IDO,53391,,NIFTY,,2026-11-03,2026-11-03,21200.00,CE,NIFTY26N0321200CE,0.00,0.00,0.00,2285.90,0.00,2285.90,22555.75,1460.61,0,0,0,0.00,0,F1,65,,,,,
2026-10-05,2026-10-05,FO,NSE,IDO,53334,,NIFTY,,2026-11-03,2026-11-03,20550.00,CE,NIFTY26N0320550CE,0.00,0.00,0.00,2921.30,0.00,2921.30,22555.75,2096.50,0,0,0,0.00,0,F1,65,,,,,
2026-10-05,2026-10-05,FO,NSE,IDO,51540,,NIFTY,,2026-10-27,2026-10-27,27200.00,CE,NIFTY26OCT27200CE,0.70,0.90,0.70,0.90,0.90,0.65,22555.75,0.90,58630,1755,84,148516394.00,27,F1,65,,,,,
2026-10-05,2026-10-05,FO,NSE,IDO,51418,,NIFTY,,2026-10-27,2026-10-27,24500.00,CE,NIFTY26OCT24500CE,10.20,10.20,7.65,8.30,8.05,9.60,22555.75,8.30,2148575,-22620,17724,28235151587.50,8911,F1,65,,,,,
2026-10-05,2026-10-05,FO,NSE,IDO,51362,,NIFTY,,2026-10-27,2026-10-27,23250.00,CE,NIFTY26OCT23250CE,82.40,97.50,69.35,80.90,78.15,77.30,22555.75,80.90,198120,-4810,3549,5382840879.00,2605,F1,65,,,,,
2026-10-05,2026-10-05,FO,NSE,IDO,51298,,NIFTY,,2026-10-27,2026-10-27,21800.00,CE,NIFTY26OCT21800CE,939.35,1004.65,834.00,907.00,905.00,839.15,22555.75,907.00,20345,325,229,338377799.50,138,F1,65,,,,,
2026-10-05,2026-10-05,FO,NSE,IDO,47167,,NIFTY,,2026-10-19,2026-10-19,23100.00,CE,NIFTY26O1923100CE,64.50,87.95,58.15,65.65,65.00,68.60,22555.75,65.65,166660,118495,6456,9723312040.00,3905,F1,65,,,,,
2026-10-05,2026-10-05,FO,NSE,IDO,47125,,NIFTY,,2026-10-19,2026-10-19,22300.00,CE,NIFTY26O1922300CE,445.00,522.25,386.60,445.90,440.00,399.40,22555.75,445.90,19825,520,759,1122236280.75,568,F1,65,,,,,
2026-10-05,2026-10-05,FO,NSE,IDO,47065,,NIFTY,,2026-10-19,2026-10-19,20950.00,CE,NIFTY26O1920950CE,0.00,0.00,0.00,2289.20,0.00,2289.20,22555.75,1650.18,0,0,0,0.00,0,F1,65,,,,,
2026-10-05,2026-10-05,FO,NSE,IDO,47049,,NIFTY,,2026-10-19,2026-10-19,20550.00,CE,NIFTY26O1920550CE,0.00,0.00,0.00,2682.75,0.00,2682.75,22555.75,2049.07,0,0,0,0.00,0,F1,65,,,,,
2026-10-05,2026-10-05,FO,NSE,IDO,44778,,NIFTY,,2026-10-13,2026-10-13,25000.00,CE,NIFTY26O1325000CE,1.30,1.30,0.85,0.90,0.85,1.35,22555.75,0.90,832910,463125,16468,26761623746.00,5894,F1,65,,,,,
2026-10-05,2026-10-05,FO,NSE,IDO,44712,,NIFTY,,2026-10-13,2026-10-13,24000.00,CE,NIFTY26O1324000CE,3.50,3.95,1.90,2.00,1.90,3.65,22555.75,2.00,3863535,955500,103388,161301092533.75,33017,F1,65,,,,,
2026-10-05,2026-10-05,FO,NSE,IDO,44620,,NIFTY,,2026-10-13,2026-10-13,22700.00,CE,NIFTY26O1322700CE,126.40,185.00,107.00,130.05,126.65,122.60,22555.75,130.05,2395185,159965,203547,302231896658.25,139770,F1,65,,,,,
2026-10-05,2026-10-05,FO,NSE,IDO,44542,,NIFTY,,2026-10-13,2026-10-13,21550.00,CE,NIFTY26O1321550CE,1005.95,1068.55,1005.95,1068.55,1068.55,913.75,22555.75,1032.95,130,0,9,13213573.75,3,F1,65,,,,,
2026-10-05,2026-10-05,FO,NSE,IDO,44530,,NIFTY,,2026-10-13,2026-10-13,21400.00,CE,NIFTY26O1321400CE,1156.80,1171.85,1130.15,1171.85,1171.85,1051.65,22555.75,1181.93,195,65,6,8795991.75,6,F1,65,,,,,
2026-10-05,2026-10-05,FO,NSE,IDO,44466,,NIFTY,,2026-10-13,2026-10-13,20450.00,CE,NIFTY26O1320450CE,0.00,0.00,0.00,3299.30,0.00,3299.30,22555.75,2130.39,0,0,0,0.00,0,F1,65,,,,,
2026-10-05,2026-10-05,FO,NSE,IDO,40885,,NIFTY,,2026-10-06,2026-10-06,25500.00,CE,NIFTY26O0625500CE,0.50,0.55,0.20,0.30,0.30,0.50,22555.75,0.30,791505,-23790,19437,32217255232.50,3317,F1,65,,,,,
2026-10-05,2026-10-05,FO,NSE,IDO,40883,,NIFTY,,2026-10-06,2026-10-06,25450.00,CE,NIFTY26O0625450CE,0.55,0.55,0.20,0.25,0.35,0.50,22555.75,0.25,41080,23660,1581,2615403430.25,311,F1,65,,,,,
2026-10-05,2026-10-05,FO,NSE,IDO,40881,,NIFTY,,2026-10-06,2026-10-06,25400.00,CE,NIFTY26O0625400CE,0.90,0.90,0.25,0.30,0.35,0.55,22555.75,0.30,49595,6565,1463,2415447248.50,429,F1,65,,,,,
2026-10-05,2026-10-05,FO,NSE,IDO,40779,,NIFTY,,2026-10-06,2026-10-06,23750.00,CE,NIFTY26O0623750CE,1.60,1.60,0.40,0.60,0.40,1.45,22555.75,0.60,698880,-383240,77150,119104212171.75,9199,F1,65,,,,,
2026-10-05,2026-10-05,FO,NSE,IDO,40697,,NIFTY,,2026-10-06,2026-10-06,22500.00,CE,NIFTY26O0622500CE,133.50,184.65,68.60,111.90,107.55,106.90,22555.75,111.90,7877610,991185,9376711,13782137138731.00,4351627,F1,65,,,,,
2026-10-05,2026-10-05,FO,NSE,IDO,40671,,NIFTY,,2026-10-06,2026-10-06,22100.00,CE,NIFTY26O0622100CE,484.85,543.65,344.15,460.40,456.65,390.20,22555.75,460.40,182715,-50180,19975,29250483947.75,12075,F1,65,,,,,
2026-10-05,2026-10-05,FO,NSE,IDO,40594,,NIFTY,,2026-10-06,2026-10-06,20650.00,CE,NIFTY26O0620650CE,0.00,0.00,0.00,3525.30,0.00,3525.30,22555.75,1908.86,0,0,0,0.00,0,F1,65,,,,,
2026-10-05,2026-10-05,FO,NSE,IDO,53613,,NIFTY,,2027-12-28,2027-12-28,21000.00,CE,NIFTY27DEC21000CE,0.00,0.00,0.00,4902.40,0.00,4902.40,22555.75,3215.01,0,0,0,0.00,0,F1,65,,,,,
2026-10-05,2026-10-05,FO,NSE,IDO,53624,,NIFTY,,2027-12-28,2027-12-28,24000.00,CE,NIFTY27DEC24000CE,1463.00,1520.00,1413.05,1465.45,1445.05,1434.30,22555.75,1465.45,182130,4485,354,586091502.75,282,F1,65,,,,,
