TradDt,BizDt,Sgmt,Src,FinInstrmTp,FinInstrmId,ISIN,TckrSymb,SctySrs,XpryDt,FininstrmActlXpryDt,StrkPric,OptnTp,FinInstrmNm,OpnPric,HghPric,LwPric,ClsPric,LastPric,PrvsClsgPric,UndrlygPric,SttlmPric,OpnIntrst,ChngInOpnIntrst,TtlTradgVol,TtlTrfVal,TtlNbOfTxsExctd,SsnId,NewBrdLotQty,Rmks,Rsvd1,Rsvd2,Rsvd3,Rsvd4
2026-04-28,2026-04-28,FO,NSE,IDO,74204,,NIFTYNXT50,,2026-04-28,2026-04-28,70300.00,PE,NIFTYNXT5026APR70300PE,0.00,0.00,0.00,4115.95,0.00,4115.95,70568.20,70568.20,0,0,0,0.00,0,F1,25,,,,,
2026-04-28,2026-04-28,FO,NSE,IDO,74189,,NIFTYNXT50,,2026-04-28,2026-04-28,69700.00,PE,NIFTYNXT5026APR69700PE,0.00,0.00,0.00,3732.25,0.00,3732.25,70568.20,70568.20,0,0,0,0.00,0,F1,25,,,,,
2026-04-28,2026-04-28,FO,NSE,IDO,74187,,NIFTYNXT50,,2026-04-28,2026-04-28,69600.00,PE,NIFTYNXT5026APR69600PE,0.00,0.00,0.00,3670.20,0.00,3670.20,70568.20,70568.20,0,0,0,0.00,0,F1,25,,,,,
2026-04-28,2026-04-28,FO,NSE,IDO,74159,,NIFTYNXT50,,2026-04-28,2026-04-28,69100.00,PE,NIFTYNXT5026APR69100PE,0.00,0.00,0.00,3368.05,0.00,3368.05,70568.20,70568.20,0,0,0,0.00,0,F1,25,,,,,
2026-04-28,2026-04-28,FO,NSE,IDO,74028,,NIFTYNXT50,,2026-04-28,2026-04-28,66100.00,PE,NIFTYNXT5026APR66100PE,0.00,0.00,0.00,1858.30,0.00,1858.30,70568.20,70568.20,0,0,0,0.00,0,F1,25,,,,,
2026-04-28,2026-04-28,FO,NSE,IDO,74024,,NIFTYNXT50,,2026-04-28,2026-04-28,65900.00,PE,NIFTYNXT5026APR65900PE,0.00,0.00,0.00,1776.60,0.00,1776.60,70568.20,70568.20,0,0,0,0.00,0,F1,25,,,,,
2026-04-28,2026-04-28,FO,NSE,IDO,74012,,NIFTYNXT50,,2026-04-28,2026-04-28,65400.00,PE,NIFTYNXT5026APR65400PE,0.00,0.00,0.00,1582.55,0.00,1582.55,70568.20,70568.20,0,0,0,0.00,0,F1,25,,,,,
2026-04-28,2026-04-28,FO,NSE,IDO,73987,,NIFTYNXT50,,2026-04-28,2026-04-28,64800.00,PE,NIFTYNXT5026APR64800PE,0.00,0.00,0.00,1368.90,0.00,1368.90,70568.20,70568.20,0,0,0,0.00,0,F1,25,,,,,
2026-04-28,2026-04-28,FO,NSE,IDO,73974,,NIFTYNXT50,,2026-04-28,2026-04-28,64300.00,PE,NIFTYNXT5026APR64300PE,0.00,0.00,0.00,1206.50,0.00,1206.50,70568.20,70568.20,0,0,0,0.00,0,F1,25,,,,,
2026-04-28,2026-04-28,FO,NSE,IDO,73942,,NIFTYNXT50,,2026-04-28,2026-04-28,63000.00,PE,NIFTYNXT5026APR63000PE,0.00,0.00,0.00,4.00,4.00,4.00,70568.20,70568.20,675,0,0,0.00,0,F1,25,,,,,
2026-04-28,2026-04-28,FO,NSE,IDO,73862,,NIFTYNXT50,,2026-04-28,2026-04-28,61800.00,PE,NIFTYNXT5026APR61800PE,0.00,0.00,0.00,593.40,0.00,593.40,70568.20,70568.20,0,0,0,0.00,0,F1,25,,,,,
2026-04-28,2026-04-28,FO,NSE,IDO,73821,,NIFTYNXT50,,2026-04-28,2026-04-28,60400.00,PE,NIFTYNXT5026APR60400PE,0.00,0.00,0.00,373.60,0.00,373.60,70568.20,70568.20,0,0,0,0.00,0,F1,25,,,,,
2026-04-28,2026-04-28,FO,NSE,IDO,73819,,NIFTYNXT50,,2026-04-28,2026-04-28,60300.00,PE,NIFTYNXT5026APR60300PE,0.00,0.00,0.00,360.75,0.00,360.75,70568.20,70568.20,0,0,0,0.00,0,F1,25,,,,,
2026-04-28,2026-04-28,FO,NSE,IDO,73807,,NIFTYNXT50,,2026-04-28,2026-04-28,59700.00,PE,NIFTYNXT5026APR59700PE,0.00,0.00,0.00,290.75,0.00,290.75,70568.20,70568.20,0,0,0,0.00,0,F1,25,,,,,
2026-04-28,2026-04-28,FO,NSE,IDO,73791,,NIFTYNXT50,,2026-04-28,2026-04-28,59100.00,PE,NIFTYNXT5026APR59100PE,0.00,0.00,0.00,231.95,0.00,231.95,70568.20,70568.20,0,0,0,0.00,0,F1,25,,,,,
2026-04-28,2026-04-28,FO,NSE,IDO,73761,,NIFTYNXT50,,2026-04-28,2026-04-28,57900.00,PE,NIFTYNXT5026APR57900PE,0.00,0.00,0.00,142.95,0.00,142.95,70568.20,70568.20,0,0,0,0.00,0,F1,25,,,,,
2026-04-28,2026-04-28,FO,NSE,IDO,73540,,NIFTYNXT50,,2026-04-28,2026-04-28,55400.00,PE,NIFTYNXT5026APR55400PE,0.00,0.00,0.00,44.85,0.00,44.85,70568.20,70568.20,0,0,0,0.00,0,F1,25,,,,,
2026-04-28,2026-04-28,FO,NSE,IDO,41232,,NIFTYNXT50,,2026-04-28,2026-04-28,54600.00,PE,NIFTYNXT5026APR54600PE,0.00,0.00,0.00,31.40,0.00,31.40,70568.20,70568.20,0,0,0,0.00,0,F1,25,,,,,
2026-04-28,2026-04-28,FO,NSE,IDO,41025,,NIFTYNXT50,,2026-06-30,2026-06-30,77200.00,CE,NIFTYNXT5026JUN77200CE,0.00,0.00,0.00,380.60,0.00,380.60,70568.20,811.45,0,0,0,0.00,0,F1,25,,,,,
2026-04-28,2026-04-28,FO,NSE,IDO,41012,,NIFTYNXT50,,2026-06-30,2026-06-30,76800.00,CE,NIFTYNXT5026JUN76800CE,0.00,0.00,0.00,418.70,0.00,418.70,70568.20,890.15,0,0,0,0.00,0,F1,25,,,,,
2026-04-28,2026-04-28,FO,NSE,IDO,41002,,NIFTYNXT50,,2026-06-30,2026-06-30,76300.00,CE,NIFTYNXT5026JUN76300CE,0.00,0.00,0.00,471.00,0.00,471.00,70568.20,999.95,0,0,0,0.00,0,F1,25,,,,,
2026-04-28,2026-04-28,FO,NSE,IDO,41000,,NIFTYNXT50,,2026-06-30,2026-06-30,76200.00,CE,NIFTYNXT5026JUN76200CE,0.00,0.00,0.00,482.10,0.00,482.10,70568.20,1022.40,0,0,0,0.00,0,F1,25,,,,,
2026-04-28,2026-04-28,FO,NSE,IDO,40982,,NIFTYNXT50,,2026-06-30,2026-06-30,75300.00,CE,NIFTYNXT5026JUN75300CE,0.00,0.00,0.00,592.60,0.00,592.60,70568.20,1241.20,0,0,0,0.00,0,F1,25,,,,,
2026-04-28,2026-04-28,FO,NSE,IDO,42130,,NIFTYNXT50,,2026-06-30,2026-06-30,75100.00,CE,NIFTYNXT5026JUN75100CE,0.00,0.00,0.00,224.90,0.00,224.90,70568.20,1295.60,0,0,0,0.00,0,F1,25,,,,,
2026-04-28,2026-04-28,FO,NSE,IDO,38786,,NIFTYNXT50,,2026-06-30,2026-06-30,74900.00,CE,NIFTYNXT5026JUN74900CE,0.00,0.00,0.00,224.35,0.00,224.35,70568.20,1351.80,0,0,0,0.00,0,F1,25,,,,,
2026-04-28,2026-04-28,FO,NSE,IDO,35284,,NIFTYNXT50,,2026-06-30,2026-06-30,73200.00,CE,NIFTYNXT5026JUN73200CE,0.00,0.00,0.00,308.20,0.00,308.20,70568.20,1908.85,0,0,0,0.00,0,F1,25,,,,,
2026-04-28,2026-04-28,FO,NSE,IDO,82010,,NIFTYNXT50,,2026-06-30,2026-06-30,72100.00,CE,NIFTYNXT5026JUN72100CE,0.00,0.00,0.00,242.85,0.00,242.85,70568.20,2350.50,0,0,0,0.00,0,F1,25,,,,,
2026-04-28,2026-04-28,FO,NSE,IDO,82006,,NIFTYNXT50,,2026-06-30,2026-06-30,72000.00,CE,NIFTYNXT5026JUN72000CE,0.00,0.00,0.00,249.55,0.00,249.55,70568.20,2393.95,0,0,0,0.00,0,F1,25,,,,,
2026-04-28,2026-04-28,FO,NSE,IDO,81996,,NIFTYNXT50,,2026-06-30,2026-06-30,71500.00,CE,NIFTYNXT5026JUN71500CE,0.00,0.00,0.00,285.55,0.00,285.55,70568.20,2619.90,0,0,0,0.00,0,F1,25,,,,,
2026-04-28,2026-04-28,FO,NSE,IDO,81988,,NIFTYNXT50,,2026-06-30,2026-06-30,71100.00,CE,NIFTYNXT5026JUN71100CE,0.00,0.00,0.00,317.55,0.00,317.55,70568.20,2810.95,0,0,0,0.00,0,F1,25,,,,,
2026-04-28,2026-04-28,FO,NSE,IDO,81982,,NIFTYNXT50,,2026-06-30,2026-06-30,70800.00,CE,NIFTYNXT5026JUN70800CE,0.00,0.00,0.00,343.55,0.00,343.55,70568.20,2960.60,0,0,0,0.00,0,F1,25,,,,,
2026-04-28,2026-04-28,FO,NSE,IDO,81980,,NIFTYNXT50,,2026-06-30,2026-06-30,70700.00,CE,NIFTYNXT5026JUN70700CE,0.00,0.00,0.00,352.65,0.00,352.65,70568.20,3011.55,0,0,0,0.00,0,F1,25,,,,,
2026-04-28,2026-04-28,FO,NSE,IDO,81670,,NIFTYNXT50,,2026-06-30,2026-06-30,65600.00,CE,NIFTYNXT5026JUN65600CE,0.00,0.00,0.00,1184.80,0.00,1184.80,70568.20,6356.55,0,0,0,0.00,0,F1,25,,,,,
2026-04-28,2026-04-28,FO,NSE,IDO,81624,,NIFTYNXT50,,2026-06-30,2026-06-30,64300.00,CE,NIFTYNXT5026JUN64300CE,0.00,0.00,0.00,1554.65,0.00,1554.65,70568.20,7415.35,0,0,0,0.00,0,F1,25,,,,,
2026-04-28,2026-04-28,FO,NSE,IDO,81618,,NIFTYNXT50,,2026-06-30,2026-06-30,64100.00,CE,NIFTYNXT5026JUN64100CE,0.00,0.00,0.00,1618.75,0.00,1618.75,70568.20,7584.15,0,0,0,0.00,0,F1,25,,,,,
2026-04-28,2026-04-28,FO,NSE,IDO,81565,,NIFTYNXT50,,2026-06-30,2026-06-30,63500.00,CE,NIFTYNXT5026JUN63500CE,0.00,0.00,0.00,1823.15,0.00,1823.15,70568.20,8099.10,0,0,0,0.00,0,F1,25,,,,,
2026-04-28,2026-04-28,FO,NSE,IDO,81561,,NIFTYNXT50,,2026-06-30,2026-06-30,63300.00,CE,NIFTYNXT5026JUN63300CE,0.00,0.00,0.00,1895.45,0.00,1895.45,70568.20,8273.45,0,0,0,0.00,0,F1,25,,,,,
2026-04-28,2026-04-28,FO,NSE,IDO,81326,,NIFTYNXT50,,2026-06-30,2026-06-30,59100.00,CE,NIFTYNXT5026JUN59100CE,0.00,0.00,0.00,3930.80,0.00,3930.80,70568.20,12160.45,0,0,0,0.00,0,F1,25,,,,,
2026-04-28,2026-04-28,FO,NSE,IDO,81314,,NIFTYNXT50,,2026-06-30,2026-06-30,58900.00,CE,NIFTYNXT5026JUN58900CE,0.00,0.00,0.00,4053.05,0.00,4053.05,70568.20,12353.00,0,0,0,0.00,0,F1,25,,,,,
2026-04-28,2026-04-28,FO,NSE,IDO,81243,,NIFTYNXT50,,2026-06-30,2026-06-30,57600.00,CE,NIFTYNXT5026JUN57600CE,0.00,0.00,0.00,4902.30,0.00,4902.30,70568.20,13613.60,0,0,0,0.00,0,F1,25,,,,,
2026-04-28,2026-04-28,FO,NSE,IDO,81226,,NIFTYNXT50,,2026-06-30,2026-06-30,57100.00,CE,NIFTYNXT5026JUN57100CE,0.00,0.00,0.00,5256.25,0.00,5256.25,70568.20,14101.80,0,0,0,0.00,0,F1,25,,,,,
2026-04-28,2026-04-28,FO,NSE,IDO,80870,,NIFTYNXT50,,2026-06-30,2026-06-30,52500.00,CE,NIFTYNXT5026JUN52500CE,0.00,0.00,0.00,9007.75,0.00,9007.75,70568.20,18632.60,0,0,0,0.00,0,F1,25,,,,,
2026-04-28,2026-04-28,FO,NSE,IDO,74652,,NIFTYNXT50,,2026-05-26,2026-05-26,80000.00,CE,NIFTYNXT5026MAY80000CE,0.00,0.00,0.00,409.65,0.00,409.65,70568.20,54.20,0,0,0,0.00,0,F1,25,,,,,
2026-04-28,2026-04-28,FO,NSE,IDO,74621,,NIFTYNXT50,,2026-05-26,2026-05-26,78500.00,CE,NIFTYNXT5026MAY78500CE,0.00,0.00,0.00,591.40,0.00,591.40,70568.20,111.65,0,0,0,0.00,0,F1,25,,,,,
2026-04-28,2026-04-28,FO,NSE,IDO,74554,,NIFTYNXT50,,2026-05-26,2026-05-26,77000.00,CE,NIFTYNXT5026MAY77000CE,0.00,0.00,0.00,837.10,0.00,837.10,70568.20,217.05,0,0,0,0.00,0,F1,25,,,,,
2026-04-28,2026-04-28,FO,NSE,IDO,74471,,NIFTYNXT50,,2026-05-26,2026-05-26,75000.00,CE,NIFTYNXT5026MAY75000CE,0.00,0.00,0.00,1288.30,0.00,1288.30,70568.20,481.30,0,0,0,0.00,0,F1,25,,,,,
2026-04-28,2026-04-28,FO,NSE,IDO,74114,,NIFTYNXT50,,2026-05-26,2026-05-26,73400.00,CE,NIFTYNXT5026MAY73400CE,0.00,0.00,0.00,1774.40,0.00,1774.40,70568.20,844.35,0,0,0,0.00,0,F1,25,,,,,
2026-04-28,2026-04-28,FO,NSE,IDO,74045,,NIFTYNXT50,,2026-05-26,2026-05-26,72500.00,CE,NIFTYNXT5026MAY72500CE,0.00,0.00,0.00,2102.80,0.00,2102.80,70568.20,1126.90,0,0,0,0.00,0,F1,25,,,,,
2026-04-28,2026-04-28,FO,NSE,IDO,73924,,NIFTYNXT50,,2026-05-26,2026-05-26,71900.00,CE,NIFTYNXT5026MAY71900CE,0.00,0.00,0.00,2345.20,0.00,2345.20,70568.20,1350.65,0,0,0,0.00,0,F1,25,,,,,
2026-04-28,2026-04-28,FO,NSE,IDO,73921,,NIFTYNXT50,,2026-05-26,2026-05-26,71800.00,CE,NIFTYNXT5026MAY71800CE,0.00,0.00,0.00,2387.50,0.00,2387.50,70568.20,1390.85,0,0,0,0.00,0,F1,25,,,,,
2026-04-28,2026-04-28,FO,NSE,IDO,73904,,NIFTYNXT50,,2026-05-26,2026-05-26,71400.00,CE,NIFTYNXT5026MAY71400CE,0.00,0.00,0.00,2562.00,0.00,2562.00,70568.20,1560.05,0,0,0,0.00,0,F1,25,,,,,
2026-04-28,2026-04-28,FO,NSE,IDO,73896,,NIFTYNXT50,,2026-05-26,2026-05-26,71000.00,CE,NIFTYNXT5026MAY71000CE,0.00,0.00,0.00,2745.30,0.00,2745.30,70568.20,1743.00,0,0,0,0.00,0,F1,25,,,,,
2026-04-28,2026-04-28,FO,NSE,IDO,73878,,NIFTYNXT50,,2026-05-26,2026-05-26,70100.00,CE,NIFTYNXT5026MAY70100CE,0.00,0.00,0.00,3190.50,0.00,3190.50,70568.20,2206.20,0,0,0,0.00,0,F1,25,,,,,
2026-04-28,2026-04-28,FO,NSE,IDO,73870,,NIFTYNXT50,,2026-05-26,2026-05-26,69700.00,CE,NIFTYNXT5026MAY69700CE,0.00,0.00,0.00,3402.80,0.00,3402.80,70568.20,2434.75,0,0,0,0.00,0,F1,25,,,,,
2026-04-28,2026-04-28,FO,NSE,IDO,73660,,NIFTYNXT50,,2026-05-26,2026-05-26,67700.00,CE,NIFTYNXT5026MAY67700CE,0.00,0.00,0.00,4597.80,0.00,4597.80,70568.20,3779.75,0,0,0,0.00,0,F1,25,,,,,
2026-04-28,2026-04-28,FO,NSE,IDO,73655,,NIFTYNXT50,,2026-05-26,2026-05-26,67500.00,CE,NIFTYNXT5026MAY67500CE,0.00,0.00,0.00,4729.25,0.00,4729.25,70568.20,3931.30,0,0,0,0.00,0,F1,25,,,,,
2026-04-28,2026-04-28,FO,NSE,IDO,73653,,NIFTYNXT50,,2026-05-26,2026-05-26,67400.00,CE,NIFTYNXT5026MAY67400CE,0.00,0.00,0.00,4795.80,0.00,4795.80,70568.20,4008.15,0,0,0,0.00,0,F1,25,,,,,
2026-04-28,2026-04-28,FO,NSE,IDO,73625,,NIFTYNXT50,,2026-05-26,2026-05-26,66500.00,CE,NIFTYNXT5026MAY66500CE,0.00,0.00,0.00,5421.10,0.00,5421.10,70568.20,4729.45,0,0,0,0.00,0,F1,25,,,,,
2026-04-28,2026-04-28,FO,NSE,IDO,73590,,NIFTYNXT50,,2026-05-26,2026-05-26,65900.00,CE,NIFTYNXT5026MAY65900CE,0.00,0.00,0.00,5856.25,0.00,5856.25,70568.20,5237.10,0,0,0,0.00,0,F1,25,,,,,
2026-04-28,2026-04-28,FO,NSE,IDO,73557,,NIFTYNXT50,,2026-05-26,2026-05-26,64500.00,CE,NIFTYNXT5026MAY64500CE,0.00,0.00,0.00,6940.45,0.00,6940.45,70568.20,6488.25,0,0,0,0.00,0,F1,25,,,,,
2026-04-28,2026-04-28,FO,NSE,IDO,73553,,NIFTYNXT50,,2026-05-26,2026-05-26,64300.00,CE,NIFTYNXT5026MAY64300CE,0.00,0.00,0.00,7102.10,0.00,7102.10,70568.20,6673.15,0,0,0,0.00,0,F1,25,,,,,
2026-04-28,2026-04-28,FO,NSE,IDO,73502,,NIFTYNXT50,,2026-05-26,2026-05-26,63400.00,CE,NIFTYNXT5026MAY63400CE,0.00,0.00,0.00,7848.45,0.00,7848.45,70568.20,7519.85,0,0,0,0.00,0,F1,25,,,,,
2026-04-28,2026-04-28,FO,NSE,IDO,73407,,NIFTYNXT50,,2026-05-26,2026-05-26,61500.00,CE,NIFTYNXT5026MAY61500CE,0.00,0.00,0.00,9511.35,0.00,9511.35,70568.20,9360.65,0,0,0,0.00,0,F1,25,,,,,
2026-04-28,2026-04-28,FO,NSE,IDO,73351,,NIFTYNXT50,,2026-05-26,2026-05-26,59800.00,CE,NIFTYNXT5026MAY59800CE,0.00,0.00,0.00,11075.65,0.00,11075.65,70568.20,11038.70,0,0,0,0.00,0,F1,25,,,,,
2026-04-28,2026-04-28,FO,NSE,IDO,73203,,NIFTYNXT50,,2026-05-26,2026-05-26,58100.00,CE,NIFTYNXT5026MAY58100CE,0.00,0.00,0.00,12687.90,0.00,12687.90,70568.20,12727.20,0,0,0,0.00,0,F1,25,,,,,
2026-04-28,2026-04-28,FO,NSE,IDO,73195,,NIFTYNXT50,,2026-05-26,2026-05-26,58000.00,CE,NIFTYNXT5026MAY58000CE,0.00,0.00,0.00,12783.85,0.00,12783.85,70568.20,12826.65,0,0,0,0.00,0,F1,25,,,,,
2026-04-28,2026-04-28,FO,NSE,IDO,41297,,NIFTYNXT50,,2026-05-26,2026-05-26,56800.00,CE,NIFTYNXT5026MAY56800CE,0.00,0.00,0.00,12761.55,0.00,12761.55,70568.20,14020.65,0,0,0,0.00,0,F1,25,,,,,
2026-04-28,2026-04-28,FO,NSE,IDO,43946,,NIFTYNXT50,,2026-05-26,2026-05-26,56600.00,CE,NIFTYNXT5026MAY56600CE,0.00,0.00,0.00,11135.25,0.00,11135.25,70568.20,14219.70,0,0,0,0.00,0,F1,25,,,,,
2026-04-28,2026-04-28,FO,NSE,IDO,43944,,NIFTYNXT50,,2026-05-26,2026-05-26,56400.00,CE,NIFTYNXT5026MAY56400CE,0.00,0.00,0.00,11325.75,0.00,11325.75,70568.20,14418.80,0,0,0,0.00,0,F1,25,,,,,
2026-04-28,2026-04-28,FO,NSE,IDO,43942,,NIFTYNXT50,,2026-05-26,2026-05-26,56300.00,CE,NIFTYNXT5026MAY56300CE,0.00,0.00,0.00,11421.20,0.00,11421.20,70568.20,14518.30,0,0,0,0.00,0,F1,25,,,,,
2026-04-28,2026-04-28,FO,NSE,IDO,43938,,NIFTYNXT50,,2026-05-26,2026-05-26,56100.00,CE,NIFTYNXT5026MAY56100CE,0.00,0.00,0.00,11612.45,0.00,11612.45,70568.20,14717.40,0,0,0,0.00,0,F1,25,,,,,
2026-04-28,2026-04-28,FO,NSE,IDO,73481,,NIFTYNXT50,,2026-04-28,2026-04-28,51000.00,CE,NIFTYNXT5026APR51000CE,0.00,0.00,0.00,16480.85,0.00,16480.85,70568.20,70568.20,0,0,0,0.00,0,F1,25,,,,,
2026-04-28,2026-04-28,FO,NSE,IDO,73702,,NIFTYNXT50,,2026-04-28,2026-04-28,56400.00,CE,NIFTYNXT5026APR56400CE,0.00,0.00,0.00,11233.45,0.00,11233.45,70568.20,70568.20,0,0,0,0.00,0,F1,25,,,,,
2026-04-28,2026-04-28,FO,NSE,IDO,73780,,NIFTYNXT50,,2026-04-28,2026-04-28,58700.00,CE,NIFTYNXT5026APR58700CE,0.00,0.00,0.00,9093.85,0.00,9093.85,70568.20,70568.20,0,0,0,0.00,0,F1,25,,,,,
2026-04-28,2026-04-28,FO,NSE,IDO,81372,,NIFTYNXT50,,2026-06-30,2026-06-30,60900.00,PE,NIFTYNXT5026JUN60900PE,0.00,0.00,0.00,2393.95,0.00,2393.95,70568.20,129.80,0,0,0,0.00,0,F1,25,,,,,
2026-04-28,2026-04-28,FO,NSE,IDO,81221,,NIFTYNXT50,,2026-06-30,2026-06-30,56800.00,PE,NIFTYNXT5026JUN56800PE,0.00,0.00,0.00,906.25,0.00,906.25,70568.20,17.75,0,0,0,0.00,0,F1,25,,,,,
2026-04-28,2026-04-28,FO,NSE,IDO,81211,,NIFTYNXT50,,2026-06-30,2026-06-30,56300.00,PE,NIFTYNXT5026JUN56300PE,0.00,0.00,0.00,784.40,0.00,784.40,70568.20,13.35,0,0,0,0.00,0,F1,25,,,,,
2026-04-28,2026-04-28,FO,NSE,IDO,80998,,NIFTYNXT50,,2026-06-30,2026-06-30,54900.00,PE,NIFTYNXT5026JUN54900PE,0.00,0.00,0.00,510.95,0.00,510.95,70568.20,5.70,0,0,0,0.00,0,F1,25,,,,,
2026-04-28,2026-04-28,FO,NSE,IDO,80973,,NIFTYNXT50,,2026-06-30,2026-06-30,54400.00,PE,NIFTYNXT5026JUN54400PE,0.00,0.00,0.00,433.30,0.00,433.30,70568.20,4.15,0,0,0,0.00,0,F1,25,,,,,
2026-04-28,2026-04-28,FO,NSE,IDO,80831,,NIFTYNXT50,,2026-06-30,2026-06-30,51500.00,PE,NIFTYNXT5026JUN51500PE,0.00,0.00,0.00,145.00,0.00,145.00,70568.20,0.50,0,0,0,0.00,0,F1,25,,,,,
2026-04-28,2026-04-28,FO,NSE,IDO,74632,,NIFTYNXT50,,2026-05-26,2026-05-26,79000.00,PE,NIFTYNXT5026MAY79000PE,0.00,0.00,0.00,8445.05,0.00,8445.05,70568.20,8169.40,0,0,0,0.00,0,F1,25,,,,,
2026-04-28,2026-04-28,FO,NSE,IDO,74559,,NIFTYNXT50,,2026-05-26,2026-05-26,77200.00,PE,NIFTYNXT5026MAY77200PE,0.00,0.00,0.00,6950.40,0.00,6950.40,70568.20,6488.40,0,0,0,0.00,0,F1,25,,,,,
2026-04-28,2026-04-28,FO,NSE,IDO,74439,,NIFTYNXT50,,2026-05-26,2026-05-26,74700.00,PE,NIFTYNXT5026MAY74700PE,0.00,0.00,0.00,5061.90,0.00,5061.90,70568.20,4337.70,0,0,0,0.00,0,F1,25,,,,,
2026-04-28,2026-04-28,FO,NSE,IDO,74057,,NIFTYNXT50,,2026-05-26,2026-05-26,72700.00,PE,NIFTYNXT5026MAY72700PE,0.00,0.00,0.00,3750.60,0.00,3750.60,70568.20,2867.80,0,0,0,0.00,0,F1,25,,,,,
2026-04-28,2026-04-28,FO,NSE,IDO,74011,,NIFTYNXT50,,2026-05-26,2026-05-26,72400.00,PE,NIFTYNXT5026MAY72400PE,0.00,0.00,0.00,3571.20,0.00,3571.20,70568.20,2672.55,0,0,0,0.00,0,F1,25,,,,,
2026-04-28,2026-04-28,FO,NSE,IDO,73893,,NIFTYNXT50,,2026-05-26,2026-05-26,70800.00,PE,NIFTYNXT5026MAY70800PE,0.00,0.00,0.00,2695.95,0.00,2695.95,70568.20,1757.20,0,0,0,0.00,0,F1,25,,,,,
2026-04-28,2026-04-28,FO,NSE,IDO,73877,,NIFTYNXT50,,2026-05-26,2026-05-26,70000.00,PE,NIFTYNXT5026MAY70000PE,0.00,0.00,0.00,2311.60,0.00,2311.60,70568.20,1383.05,0,0,0,0.00,0,F1,25,,,,,
2026-04-28,2026-04-28,FO,NSE,IDO,73715,,NIFTYNXT50,,2026-05-26,2026-05-26,68100.00,PE,NIFTYNXT5026MAY68100PE,0.00,0.00,0.00,1541.35,0.00,1541.35,70568.20,714.10,0,0,0,0.00,0,F1,25,,,,,
2026-04-28,2026-04-28,FO,NSE,IDO,73626,,NIFTYNXT50,,2026-05-26,2026-05-26,66500.00,PE,NIFTYNXT5026MAY66500PE,0.00,0.00,0.00,1047.55,0.00,1047.55,70568.20,366.00,0,0,0,0.00,0,F1,25,,,,,
2026-04-28,2026-04-28,FO,NSE,IDO,73587,,NIFTYNXT50,,2026-05-26,2026-05-26,65700.00,PE,NIFTYNXT5026MAY65700PE,0.00,0.00,0.00,845.45,0.00,845.45,70568.20,250.65,0,0,0,0.00,0,F1,25,,,,,
2026-04-28,2026-04-28,FO,NSE,IDO,73564,,NIFTYNXT50,,2026-05-26,2026-05-26,64800.00,PE,NIFTYNXT5026MAY64800PE,0.00,0.00,0.00,655.50,0.00,655.50,70568.20,157.55,0,0,0,0.00,0,F1,25,,,,,
2026-04-28,2026-04-28,FO,NSE,IDO,73463,,NIFTYNXT50,,2026-05-26,2026-05-26,63200.00,PE,NIFTYNXT5026MAY63200PE,0.00,0.00,0.00,399.05,0.00,399.05,70568.20,61.95,0,0,0,0.00,0,F1,25,,,,,
2026-04-28,2026-04-28,FO,NSE,IDO,73449,,NIFTYNXT50,,2026-05-26,2026-05-26,62800.00,PE,NIFTYNXT5026MAY62800PE,0.00,0.00,0.00,349.25,0.00,349.25,70568.20,47.95,0,0,0,0.00,0,F1,25,,,,,
2026-04-28,2026-04-28,FO,NSE,IDO,73406,,NIFTYNXT50,,2026-05-26,2026-05-26,61400.00,PE,NIFTYNXT5026MAY61400PE,0.00,0.00,0.00,212.10,0.00,212.10,70568.20,18.05,0,0,0,0.00,0,F1,25,,,,,
2026-04-28,2026-04-28,FO,NSE,IDO,73228,,NIFTYNXT50,,2026-05-26,2026-05-26,58300.00,PE,NIFTYNXT5026MAY58300PE,0.00,0.00,0.00,57.90,0.00,57.90,70568.20,1.30,0,0,0,0.00,0,F1,25,,,,,
2026-04-28,2026-04-28,FO,NSE,IDO,73193,,NIFTYNXT50,,2026-05-26,2026-05-26,57900.00,PE,NIFTYNXT5026MAY57900PE,0.00,0.00,0.00,47.95,0.00,47.95,70568.20,0.90,0,0,0,0.00,0,F1,25,,,,,
2026-04-28,2026-04-28,FO,NSE,IDO,41310,,NIFTYNXT50,,2026-05-26,2026-05-26,57400.00,PE,NIFTYNXT5026MAY57400PE,0.00,0.00,0.00,46.90,0.00,46.90,70568.20,0.55,0,0,0,0.00,0,F1,25,,,,,
2026-04-28,2026-04-28,FO,NSE,IDO,43931,,NIFTYNXT50,,2026-05-26,2026-05-26,55700.00,PE,NIFTYNXT5026MAY55700PE,0.00,0.00,0.00,44.75,0.00,44.75,70568.20,0.10,0,0,0,0.00,0,F1,25,,,,,
2026-04-28,2026-04-28,FO,NSE,IDO,43907,,NIFTYNXT50,,2026-05-26,2026-05-26,55100.00,PE,NIFTYNXT5026MAY55100PE,0.00,0.00,0.00,32.65,0.00,32.65,70568.20,0.05,0,0,0,0.00,0,F1,25,,,,,
2026-04-28,2026-04-28,FO,NSE,IDO,73116,,NIFTYNXT50,,2026-05-26,2026-05-26,52000.00,PE,NIFTYNXT5026MAY52000PE,0.00,0.00,0.00,1.50,0.00,1.50,70568.20,0.00,0,0,0,0.00,0,F1,25,,,,,
2026-04-28,2026-04-28,FO,NSE,IDO,74345,,NIFTYNXT50,,2026-04-28,2026-04-28,74900.00,PE,NIFTYNXT5026APR74900PE,0.00,0.00,0.00,7607.25,0.00,7607.25,70568.20,70568.20,0,0,0,0.00,0,F1,25,,,,,
2026-04-28,2026-04-28,FO,NSE,IDO,74339,,NIFTYNXT50,,2026-04-28,2026-04-28,74600.00,PE,NIFTYNXT5026APR74600PE,0.00,0.00,0.00,7355.10,0.00,7355.10,70568.20,70568.20,0,0,0,0.00,0,F1,25,,,,,
2026-04-28,2026-04-28,FO,NSE,IDO,74311,,NIFTYNXT50,,2026-04-28,2026-04-28,73200.00,PE,NIFTYNXT5026APR73200PE,0.00,0.00,0.00,6218.00,0.00,6218.00,70568.20,70568.20,0,0,0,0.00,0,F1,25,,,,,
2026-04-28,2026-04-28,FO,NSE,IDO,74285,,NIFTYNXT50,,2026-04-28,2026-04-28,72000.00,PE,NIFTYNXT5026APR72000PE,0.00,0.00,0.00,5304.40,0.00,5304.40,70568.20,70568.20,0,0,0,0.00,0,F1,25,,,,,
2026-04-28,2026-04-28,FO,NSE,IDO,74208,,NIFTYNXT50,,2026-04-28,2026-04-28,70500.00,PE,NIFTYNXT5026APR70500PE,219.20,219.20,0.05,8.20,0.20,4248.05,70568.20,70568.20,825,825,56,98721985.00,37,F1,25,,,,,
2026-04-28,2026-04-28,FO,NSE,IDO,74193,,NIFTYNXT50,,2026-04-28,2026-04-28,69900.00,PE,NIFTYNXT5026APR69900PE,0.00,0.00,0.00,3858.05,0.00,3858.05,70568.20,70568.20,0,0,0,0.00,0,F1,25,,,,,
2026-04-28,2026-04-28,FO,NSE,IDO,74141,,NIFTYNXT50,,2026-04-28,2026-04-28,68500.00,PE,NIFTYNXT5026APR68500PE,0.00,0.00,0.00,3024.00,0.00,3024.00,70568.20,70568.20,0,0,0,0.00,0,F1,25,,,,,
2026-04-28,2026-04-28,FO,NSE,IDO,73984,,NIFTYNXT50,,2026-04-28,2026-04-28,64700.00,PE,NIFTYNXT5026APR64700PE,0.00,0.00,0.00,1335.30,0.00,1335.30,70568.20,70568.20,0,0,0,0.00,0,F1,25,,,,,
2026-04-28,2026-04-28,FO,NSE,IDO,73940,,NIFTYNXT50,,2026-04-28,2026-04-28,62900.00,PE,NIFTYNXT5026APR62900PE,0.00,0.00,0.00,825.20,0.00,825.20,70568.20,70568.20,0,0,0,0.00,0,F1,25,,,,,
2026-04-28,2026-04-28,FO,NSE,IDO,73930,,NIFTYNXT50,,2026-04-28,2026-04-28,62400.00,PE,NIFTYNXT5026APR62400PE,0.00,0.00,0.00,1451.55,1451.55,1451.55,70568.20,70568.20,150,0,0,0.00,0,F1,25,,,,,
2026-04-28,2026-04-28,FO,NSE,IDO,73928,,NIFTYNXT50,,2026-04-28,2026-04-28,62300.00,PE,NIFTYNXT5026APR62300PE,0.00,0.00,0.00,691.80,0.00,691.80,70568.20,70568.20,0,0,0,0.00,0,F1,25,,,,,
2026-04-28,2026-04-28,FO,NSE,IDO,73912,,NIFTYNXT50,,2026-04-28,2026-04-28,61900.00,PE,NIFTYNXT5026APR61900PE,0.00,0.00,0.00,612.20,0.00,612.20,70568.20,70568.20,0,0,0,0.00,0,F1,25,,,,,
2026-04-28,2026-04-28,FO,NSE,IDO,73850,,NIFTYNXT50,,2026-04-28,2026-04-28,61600.00,PE,NIFTYNXT5026APR61600PE,0.00,0.00,0.00,557.15,0.00,557.15,70568.20,70568.20,0,0,0,0.00,0,F1,25,,,,,
2026-04-28,2026-04-28,FO,NSE,IDO,73827,,NIFTYNXT50,,2026-04-28,2026-04-28,60700.00,PE,NIFTYNXT5026APR60700PE,0.00,0.00,0.00,414.30,0.00,414.30,70568.20,70568.20,0,0,0,0.00,0,F1,25,,,,,
2026-04-28,2026-04-28,FO,NSE,IDO,73785,,NIFTYNXT50,,2026-04-28,2026-04-28,58800.00,PE,NIFTYNXT5026APR58800PE,0.00,0.00,0.00,206.35,0.00,206.35,70568.20,70568.20,0,0,0,0.00,0,F1,25,,,,,
2026-04-28,2026-04-28,FO,NSE,IDO,73779,,NIFTYNXT50,,2026-04-28,2026-04-28,58600.00,PE,NIFTYNXT5026APR58600PE,0.00,0.00,0.00,190.60,0.00,190.60,70568.20,70568.20,0,0,0,0.00,0,F1,25,,,,,
2026-04-28,2026-04-28,FO,NSE,IDO,73728,,NIFTYNXT50,,2026-04-28,2026-04-28,57200.00,PE,NIFTYNXT5026APR57200PE,0.00,0.00,0.00,105.55,0.00,105.55,70568.20,70568.20,0,0,0,0.00,0,F1,25,,,,,
2026-04-28,2026-04-28,FO,NSE,IDO,73712,,NIFTYNXT50,,2026-04-28,2026-04-28,56800.00,PE,NIFTYNXT5026APR56800PE,0.00,0.00,0.00,88.15,0.00,88.15,70568.20,70568.20,0,0,0,0.00,0,F1,25,,,,,
2026-04-28,2026-04-28,FO,NSE,IDO,73710,,NIFTYNXT50,,2026-04-28,2026-04-28,56700.00,PE,NIFTYNXT5026APR56700PE,0.00,0.00,0.00,84.20,0.00,84.20,70568.20,70568.20,0,0,0,0.00,0,F1,25,,,,,
2026-04-28,2026-04-28,FO,NSE,IDO,73506,,NIFTYNXT50,,2026-04-28,2026-04-28,55000.00,PE,NIFTYNXT5026APR55000PE,0.00,0.00,0.00,36.50,0.00,36.50,70568.20,70568.20,0,0,0,0.00,0,F1,25,,,,,
2026-04-28,2026-04-28,FO,NSE,IDO,73492,,NIFTYNXT50,,2026-04-28,2026-04-28,53500.00,PE,NIFTYNXT5026APR53500PE,0.00,0.00,0.00,15.95,0.00,15.95,70568.20,70568.20,0,0,0,0.00,0,F1,25,,,,,
2026-04-28,2026-04-28,FO,NSE,IDO,41014,,NIFTYNXT50,,2026-06-30,2026-06-30,76900.00,CE,NIFTYNXT5026JUN76900CE,0.00,0.00,0.00,408.90,0.00,408.90,70568.20,869.90,0,0,0,0.00,0,F1,25,,,,,
2026-04-28,2026-04-28,FO,NSE,IDO,40996,,NIFTYNXT50,,2026-06-30,2026-06-30,75900.00,CE,NIFTYNXT5026JUN75900CE,0.00,0.00,0.00,516.80,0.00,516.80,70568.20,1092.30,0,0,0,0.00,0,F1,25,,,,,
2026-04-28,2026-04-28,FO,NSE,IDO,40994,,NIFTYNXT50,,2026-06-30,2026-06-30,75800.00,CE,NIFTYNXT5026JUN75800CE,0.00,0.00,0.00,528.80,0.00,528.80,70568.20,1116.45,0,0,0,0.00,0,F1,25,,,,,
2026-04-28,2026-04-28,FO,NSE,IDO,35308,,NIFTYNXT50,,2026-06-30,2026-06-30,73900.00,CE,NIFTYNXT5026JUN73900CE,0.00,0.00,0.00,256.75,0.00,256.75,70568.20,1661.75,0,0,0,0.00,0,F1,25,,,,,
2026-04-28,2026-04-28,FO,NSE,IDO,81994,,NIFTYNXT50,,2026-06-30,2026-06-30,71400.00,CE,NIFTYNXT5026JUN71400CE,0.00,0.00,0.00,293.25,0.00,293.25,70568.20,2666.80,0,0,0,0.00,0,F1,25,,,,,
2026-04-28,2026-04-28,FO,NSE,IDO,81984,,NIFTYNXT50,,2026-06-30,2026-06-30,70900.00,CE,NIFTYNXT5026JUN70900CE,0.00,0.00,0.00,334.70,0.00,334.70,70568.20,2910.25,0,0,0,0.00,0,F1,25,,,,,
2026-04-28,2026-04-28,FO,NSE,IDO,81978,,NIFTYNXT50,,2026-06-30,2026-06-30,70600.00,CE,NIFTYNXT5026JUN70600CE,0.00,0.00,0.00,361.95,0.00,361.95,70568.20,3063.10,0,0,0,0.00,0,F1,25,,,,,
2026-04-28,2026-04-28,FO,NSE,IDO,81974,,NIFTYNXT50,,2026-06-30,2026-06-30,70400.00,CE,NIFTYNXT5026JUN70400CE,0.00,0.00,0.00,381.15,0.00,381.15,70568.20,3167.90,0,0,0,0.00,0,F1,25,,,,,
2026-04-28,2026-04-28,FO,NSE,IDO,80981,,NIFTYNXT50,,2026-06-30,2026-06-30,54700.00,CE,NIFTYNXT5026JUN54700CE,0.00,0.00,0.00,7108.35,0.00,7108.35,70568.20,16460.15,0,0,0,0.00,0,F1,25,,,,,
2026-04-28,2026-04-28,FO,NSE,IDO,81239,,NIFTYNXT50,,2026-06-30,2026-06-30,57400.00,CE,NIFTYNXT5026JUN57400CE,0.00,0.00,0.00,5043.65,0.00,5043.65,70568.20,13808.70,0,0,0,0.00,0,F1,25,,,,,
2026-04-28,2026-04-28,FO,NSE,IDO,81267,,NIFTYNXT50,,2026-06-30,2026-06-30,58100.00,CE,NIFTYNXT5026JUN58100CE,0.00,0.00,0.00,4564.60,0.00,4564.60,70568.20,13127.10,0,0,0,0.00,0,F1,25,,,,,
2026-04-28,2026-04-28,FO,NSE,IDO,81343,,NIFTYNXT50,,2026-06-30,2026-06-30,59700.00,CE,NIFTYNXT5026JUN59700CE,0.00,0.00,0.00,3577.85,0.00,3577.85,70568.20,11585.60,0,0,0,0.00,0,F1,25,,,,,
2026-04-28,2026-04-28,FO,NSE,IDO,81361,,NIFTYNXT50,,2026-06-30,2026-06-30,60400.00,CE,NIFTYNXT5026JUN60400CE,0.00,0.00,0.00,3192.45,0.00,3192.45,70568.20,10921.20,0,0,0,0.00,0,F1,25,,,,,
2026-04-28,2026-04-28,FO,NSE,IDO,81414,,NIFTYNXT50,,2026-06-30,2026-06-30,61700.00,CE,NIFTYNXT5026JUN61700CE,0.00,0.00,0.00,2551.95,0.00,2551.95,70568.20,9709.90,0,0,0,0.00,0,F1,25,,,,,
2026-04-28,2026-04-28,FO,NSE,IDO,81513,,NIFTYNXT50,,2026-06-30,2026-06-30,62900.00,CE,NIFTYNXT5026JUN62900CE,0.00,0.00,0.00,2046.40,0.00,2046.40,70568.20,8625.85,0,0,0,0.00,0,F1,25,,,,,
2026-04-28,2026-04-28,FO,NSE,IDO,81563,,NIFTYNXT50,,2026-06-30,2026-06-30,63400.00,CE,NIFTYNXT5026JUN63400CE,0.00,0.00,0.00,1859.05,0.00,1859.05,70568.20,8186.10,0,0,0,0.00,0,F1,25,,,,,
2026-04-28,2026-04-28,FO,NSE,IDO,73815,,NIFTYNXT50,,2026-04-28,2026-04-28,60100.00,PE,NIFTYNXT5026APR60100PE,0.00,0.00,0.00,336.10,0.00,336.10,70568.20,70568.20,0,0,0,0.00,0,F1,25,,,,,
2026-04-28,2026-04-28,FO,NSE,IDO,73795,,NIFTYNXT50,,2026-04-28,2026-04-28,59200.00,PE,NIFTYNXT5026APR59200PE,0.00,0.00,0.00,241.00,0.00,241.00,70568.20,70568.20,0,0,0,0.00,0,F1,25,,,,,
2026-04-28,2026-04-28,FO,NSE,IDO,73767,,NIFTYNXT50,,2026-04-28,2026-04-28,58100.00,PE,NIFTYNXT5026APR58100PE,0.00,0.00,0.00,155.45,0.00,155.45,70568.20,70568.20,0,0,0,0.00,0,F1,25,,,,,
2026-04-28,2026-04-28,FO,NSE,IDO,73739,,NIFTYNXT50,,2026-04-28,2026-04-28,57300.00,PE,NIFTYNXT5026APR57300PE,0.00,0.00,0.00,110.35,0.00,110.35,70568.20,70568.20,0,0,0,0.00,0,F1,25,,,,,
2026-04-28,2026-04-28,FO,NSE,IDO,73706,,NIFTYNXT50,,2026-04-28,2026-04-28,56500.00,PE,NIFTYNXT5026APR56500PE,0.00,0.00,0.00,76.70,0.00,76.70,70568.20,70568.20,0,0,0,0.00,0,F1,25,,,,,
2026-04-28,2026-04-28,FO,NSE,IDO,73704,,NIFTYNXT50,,2026-04-28,2026-04-28,56400.00,PE,NIFTYNXT5026APR56400PE,0.00,0.00,0.00,73.20,0.00,73.20,70568.20,70568.20,0,0,0,0.00,0,F1,25,,,,,
2026-04-28,2026-04-28,FO,NSE,IDO,73677,,NIFTYNXT50,,2026-04-28,2026-04-28,55800.00,PE,NIFTYNXT5026APR55800PE,0.00,0.00,0.00,54.80,0.00,54.80,70568.20,70568.20,0,0,0,0.00,0,F1,25,,,,,
2026-04-28,2026-04-28,FO,NSE,IDO,49887,,NIFTYNXT50,,2026-04-28,2026-04-28,54300.00,PE,NIFTYNXT5026APR54300PE,0.00,0.00,0.00,4.45,0.00,4.45,70568.20,70568.20,0,0,0,0.00,0,F1,25,,,,,
2026-04-28,2026-04-28,FO,NSE,IDO,82125,,NIFTYNXT50,,2026-06-30,2026-06-30,81000.00,CE,NIFTYNXT5026JUN81000CE,0.00,0.00,0.00,15.85,0.00,15.85,70568.20,311.85,0,0,0,0.00,0,F1,25,,,,,
2026-04-28,2026-04-28,FO,NSE,IDO,82117,,NIFTYNXT50,,2026-06-30,2026-06-30,79000.00,CE,NIFTYNXT5026JUN79000CE,0.00,0.00,0.00,30.75,0.00,30.75,70568.20,524.80,0,0,0,0.00,0,F1,25,,,,,
2026-04-28,2026-04-28,FO,NSE,IDO,82100,,NIFTYNXT50,,2026-06-30,2026-06-30,78500.00,CE,NIFTYNXT5026JUN78500CE,0.00,0.00,0.00,36.15,0.00,36.15,70568.20,594.20,0,0,0,0.00,0,F1,25,,,,,
2026-04-28,2026-04-28,FO,NSE,IDO,82086,,NIFTYNXT50,,2026-06-30,2026-06-30,76500.00,CE,NIFTYNXT5026JUN76500CE,0.00,0.00,0.00,67.75,0.00,67.75,70568.20,953.15,0,0,0,0.00,0,F1,25,,,,,
2026-04-28,2026-04-28,FO,NSE,IDO,40998,,NIFTYNXT50,,2026-06-30,2026-06-30,76100.00,CE,NIFTYNXT5026JUN76100CE,0.00,0.00,0.00,493.45,0.00,493.45,70568.20,1045.30,0,0,0,0.00,0,F1,25,,,,,
2026-04-28,2026-04-28,FO,NSE,IDO,73485,,NIFTYNXT50,,2026-04-28,2026-04-28,52000.00,CE,NIFTYNXT5026APR52000CE,0.00,0.00,0.00,15499.25,0.00,15499.25,70568.20,70568.20,0,0,0,0.00,0,F1,25,,,,,
2026-04-28,2026-04-28,FO,NSE,IDO,73686,,NIFTYNXT50,,2026-04-28,2026-04-28,56000.00,CE,NIFTYNXT5026APR56000CE,0.00,0.00,0.00,11614.55,0.00,11614.55,70568.20,70568.20,0,0,0,0.00,0,F1,25,,,,,
2026-04-28,2026-04-28,FO,NSE,IDO,73724,,NIFTYNXT50,,2026-04-28,2026-04-28,57100.00,CE,NIFTYNXT5026APR57100CE,0.00,0.00,0.00,10571.95,0.00,10571.95,70568.20,70568.20,0,0,0,0.00,0,F1,25,,,,,
2026-04-28,2026-04-28,FO,NSE,IDO,73786,,NIFTYNXT50,,2026-04-28,2026-04-28,58900.00,CE,NIFTYNXT5026APR58900CE,0.00,0.00,0.00,8913.15,0.00,8913.15,70568.20,70568.20,0,0,0,0.00,0,F1,25,,,,,
2026-04-28,2026-04-28,FO,NSE,IDO,73808,,NIFTYNXT50,,2026-04-28,2026-04-28,59800.00,CE,NIFTYNXT5026APR59800CE,0.00,0.00,0.00,8113.90,0.00,8113.90,70568.20,70568.20,0,0,0,0.00,0,F1,25,,,,,
2026-04-28,2026-04-28,FO,NSE,IDO,73935,,NIFTYNXT50,,2026-04-28,2026-04-28,62700.00,CE,NIFTYNXT5026APR62700CE,0.00,0.00,0.00,5735.55,0.00,5735.55,70568.20,70568.20,0,0,0,0.00,0,F1,25,,,,,
2026-04-28,2026-04-28,FO,NSE,IDO,73973,,NIFTYNXT50,,2026-04-28,2026-04-28,64300.00,CE,NIFTYNXT5026APR64300CE,0.00,0.00,0.00,4587.75,0.00,4587.75,70568.20,70568.20,0,0,0,0.00,0,F1,25,,,,,
2026-04-28,2026-04-28,FO,NSE,IDO,73990,,NIFTYNXT50,,2026-04-28,2026-04-28,64900.00,CE,NIFTYNXT5026APR64900CE,0.00,0.00,0.00,4193.50,0.00,4193.50,70568.20,70568.20,0,0,0,0.00,0,F1,25,,,,,
2026-04-28,2026-04-28,FO,NSE,IDO,74037,,NIFTYNXT50,,2026-04-28,2026-04-28,66600.00,CE,NIFTYNXT5026APR66600CE,0.00,0.00,0.00,3189.50,0.00,3189.50,70568.20,70568.20,0,0,0,0.00,0,F1,25,,,,,
2026-04-28,2026-04-28,FO,NSE,IDO,74043,,NIFTYNXT50,,2026-04-28,2026-04-28,66900.00,CE,NIFTYNXT5026APR66900CE,0.00,0.00,0.00,3030.10,0.00,3030.10,70568.20,70568.20,0,0,0,0.00,0,F1,25,,,,,
2026-04-28,2026-04-28,FO,NSE,IDO,74070,,NIFTYNXT50,,2026-04-28,2026-04-28,67500.00,CE,NIFTYNXT5026APR67500CE,0.00,0.00,0.00,2727.05,0.00,2727.05,70568.20,70568.20,0,0,0,0.00,0,F1,25,,,,,
2026-04-28,2026-04-28,FO,NSE,IDO,74162,,NIFTYNXT50,,2026-04-28,2026-04-28,69300.00,CE,NIFTYNXT5026APR69300CE,0.00,0.00,0.00,1945.05,0.00,1945.05,70568.20,70568.20,0,0,0,0.00,0,F1,25,,,,,
2026-04-28,2026-04-28,FO,NSE,IDO,74176,,NIFTYNXT50,,2026-04-28,2026-04-28,69400.00,CE,NIFTYNXT5026APR69400CE,0.00,0.00,0.00,1907.05,0.00,1907.05,70568.20,70568.20,0,0,0,0.00,0,F1,25,,,,,
2026-04-28,2026-04-28,FO,NSE,IDO,74300,,NIFTYNXT50,,2026-04-28,2026-04-28,72700.00,CE,NIFTYNXT5026APR72700CE,0.00,0.00,0.00,939.25,0.00,939.25,70568.20,70568.20,0,0,0,0.00,0,F1,25,,,,,
2026-04-28,2026-04-28,FO,NSE,IDO,74342,,NIFTYNXT50,,2026-04-28,2026-04-28,74800.00,CE,NIFTYNXT5026APR74800CE,0.00,0.00,0.00,564.95,0.00,564.95,70568.20,70568.20,0,0,0,0.00,0,F1,25,,,,,
2026-04-28,2026-04-28,FO,NSE,IDO,74348,,NIFTYNXT50,,2026-04-28,2026-04-28,75100.00,CE,NIFTYNXT5026APR75100CE,0.00,0.00,0.00,523.45,0.00,523.45,70568.20,70568.20,0,0,0,0.00,0,F1,25,,,,,
2026-04-28,2026-04-28,FO,NSE,IDO,74354,,NIFTYNXT50,,2026-04-28,2026-04-28,75400.00,CE,NIFTYNXT5026APR75400CE,0.00,0.00,0.00,484.60,0.00,484.60,70568.20,70568.20,0,0,0,0.00,0,F1,25,,,,,
2026-04-28,2026-04-28,FO,NSE,IDO,74358,,NIFTYNXT50,,2026-04-28,2026-04-28,75600.00,CE,NIFTYNXT5026APR75600CE,0.00,0.00,0.00,460.10,0.00,460.10,70568.20,70568.20,0,0,0,0.00,0,F1,25,,,,,
2026-04-28,2026-04-28,FO,NSE,IDO,74479,,NIFTYNXT50,,2026-04-28,2026-04-28,77000.00,CE,NIFTYNXT5026APR77000CE,0.00,0.00,0.00,316.35,0.00,316.35,70568.20,70568.20,0,0,0,0.00,0,F1,25,,,,,
2026-04-28,2026-04-28,FO,NSE,IDO,73117,,NIFTYNXT50,,2026-05-26,2026-05-26,52500.00,CE,NIFTYNXT5026MAY52500CE,0.00,0.00,0.00,18145.10,0.00,18145.10,70568.20,18301.30,0,0,0,0.00,0,F1,25,,,,,
2026-04-28,2026-04-28,FO,NSE,IDO,49894,,NIFTYNXT50,,2026-05-26,2026-05-26,54200.00,CE,NIFTYNXT5026MAY54200CE,0.00,0.00,0.00,12679.50,0.00,12679.50,70568.20,16608.85,0,0,0,0.00,0,F1,25,,,,,
2026-04-28,2026-04-28,FO,NSE,IDO,43916,,NIFTYNXT50,,2026-05-26,2026-05-26,55600.00,CE,NIFTYNXT5026MAY55600CE,0.00,0.00,0.00,12092.55,0.00,12092.55,70568.20,15215.10,0,0,0,0.00,0,F1,25,,,,,
2026-04-28,2026-04-28,FO,NSE,IDO,43932,,NIFTYNXT50,,2026-05-26,2026-05-26,55800.00,CE,NIFTYNXT5026MAY55800CE,0.00,0.00,0.00,11900.20,0.00,11900.20,70568.20,15016.05,0,0,0,0.00,0,F1,25,,,,,
2026-04-28,2026-04-28,FO,NSE,IDO,73131,,NIFTYNXT50,,2026-05-26,2026-05-26,56000.00,CE,NIFTYNXT5026MAY56000CE,0.00,0.00,0.00,14718.75,0.00,14718.75,70568.20,14816.95,0,0,0,0.00,0,F1,25,,,,,
2026-04-28,2026-04-28,FO,NSE,IDO,73332,,NIFTYNXT50,,2026-05-26,2026-05-26,59400.00,CE,NIFTYNXT5026MAY59400CE,0.00,0.00,0.00,11451.45,0.00,11451.45,70568.20,11435.45,0,0,0,0.00,0,F1,25,,,,,
2026-04-28,2026-04-28,FO,NSE,IDO,73346,,NIFTYNXT50,,2026-05-26,2026-05-26,59600.00,CE,NIFTYNXT5026MAY59600CE,0.00,0.00,0.00,11263.25,0.00,11263.25,70568.20,11237.05,0,0,0,0.00,0,F1,25,,,,,
2026-04-28,2026-04-28,FO,NSE,IDO,73375,,NIFTYNXT50,,2026-05-26,2026-05-26,60200.00,CE,NIFTYNXT5026MAY60200CE,0.00,0.00,0.00,10702.45,0.00,10702.45,70568.20,10642.50,0,0,0,0.00,0,F1,25,,,,,
2026-04-28,2026-04-28,FO,NSE,IDO,73391,,NIFTYNXT50,,2026-05-26,2026-05-26,60900.00,CE,NIFTYNXT5026MAY60900CE,0.00,0.00,0.00,10056.60,0.00,10056.60,70568.20,9950.90,0,0,0,0.00,0,F1,25,,,,,
2026-04-28,2026-04-28,FO,NSE,IDO,73442,,NIFTYNXT50,,2026-05-26,2026-05-26,62500.00,CE,NIFTYNXT5026MAY62500CE,0.00,0.00,0.00,8622.85,0.00,8622.85,70568.20,8384.95,0,0,0,0.00,0,F1,25,,,,,
2026-04-28,2026-04-28,FO,NSE,IDO,73525,,NIFTYNXT50,,2026-05-26,2026-05-26,63700.00,CE,NIFTYNXT5026MAY63700CE,0.00,0.00,0.00,7596.40,0.00,7596.40,70568.20,7235.25,0,0,0,0.00,0,F1,25,,,,,
2026-04-28,2026-04-28,FO,NSE,IDO,73573,,NIFTYNXT50,,2026-05-26,2026-05-26,65200.00,CE,NIFTYNXT5026MAY65200CE,0.00,0.00,0.00,6387.65,0.00,6387.65,70568.20,5852.30,0,0,0,0.00,0,F1,25,,,,,
2026-04-28,2026-04-28,FO,NSE,IDO,73588,,NIFTYNXT50,,2026-05-26,2026-05-26,65800.00,CE,NIFTYNXT5026MAY65800CE,0.00,0.00,0.00,5930.80,0.00,5930.80,70568.20,5323.55,0,0,0,0.00,0,F1,25,,,,,
2026-04-28,2026-04-28,FO,NSE,IDO,73647,,NIFTYNXT50,,2026-05-26,2026-05-26,67200.00,CE,NIFTYNXT5026MAY67200CE,0.00,0.00,0.00,4930.45,0.00,4930.45,70568.20,4163.90,0,0,0,0.00,0,F1,25,,,,,
2026-04-28,2026-04-28,FO,NSE,IDO,73697,,NIFTYNXT50,,2026-05-26,2026-05-26,68000.00,CE,NIFTYNXT5026MAY68000CE,0.00,0.00,0.00,4404.55,0.00,4404.55,70568.20,3560.15,0,0,0,0.00,0,F1,25,,,,,
2026-04-28,2026-04-28,FO,NSE,IDO,73784,,NIFTYNXT50,,2026-05-26,2026-05-26,68500.00,CE,NIFTYNXT5026MAY68500CE,0.00,0.00,0.00,4093.35,0.00,4093.35,70568.20,3202.55,0,0,0,0.00,0,F1,25,,,,,
2026-04-28,2026-04-28,FO,NSE,IDO,73851,,NIFTYNXT50,,2026-05-26,2026-05-26,69000.00,CE,NIFTYNXT5026MAY69000CE,0.00,0.00,0.00,3795.90,0.00,3795.90,70568.20,2867.95,0,0,0,0.00,0,F1,25,,,,,
2026-04-28,2026-04-28,FO,NSE,IDO,73874,,NIFTYNXT50,,2026-05-26,2026-05-26,69900.00,CE,NIFTYNXT5026MAY69900CE,0.00,0.00,0.00,3295.55,0.00,3295.55,70568.20,2318.75,0,0,0,0.00,0,F1,25,,,,,
2026-04-28,2026-04-28,FO,NSE,IDO,73882,,NIFTYNXT50,,2026-05-26,2026-05-26,70300.00,CE,NIFTYNXT5026MAY70300CE,0.00,0.00,0.00,3087.75,0.00,3087.75,70568.20,2097.20,0,0,0,0.00,0,F1,25,,,,,
2026-04-28,2026-04-28,FO,NSE,IDO,73898,,NIFTYNXT50,,2026-05-26,2026-05-26,71100.00,CE,NIFTYNXT5026MAY71100CE,0.00,0.00,0.00,2698.65,0.00,2698.65,70568.20,1695.95,0,0,0,0.00,0,F1,25,,,,,
2026-04-28,2026-04-28,FO,NSE,IDO,73906,,NIFTYNXT50,,2026-05-26,2026-05-26,71500.00,CE,NIFTYNXT5026MAY71500CE,0.00,0.00,0.00,2517.55,0.00,2517.55,70568.20,1516.45,0,0,0,0.00,0,F1,25,,,,,
2026-04-28,2026-04-28,FO,NSE,IDO,73910,,NIFTYNXT50,,2026-05-26,2026-05-26,71700.00,CE,NIFTYNXT5026MAY71700CE,0.00,0.00,0.00,2430.30,0.00,2430.30,70568.20,1431.85,0,0,0,0.00,0,F1,25,,,,,
2026-04-28,2026-04-28,FO,NSE,IDO,74418,,NIFTYNXT50,,2026-05-26,2026-05-26,74400.00,CE,NIFTYNXT5026MAY74400CE,0.00,0.00,0.00,1456.60,0.00,1456.60,70568.20,599.00,0,0,0,0.00,0,F1,25,,,,,
2026-04-28,2026-04-28,FO,NSE,IDO,74544,,NIFTYNXT50,,2026-05-26,2026-05-26,76600.00,CE,NIFTYNXT5026MAY76600CE,0.00,0.00,0.00,915.25,0.00,915.25,70568.20,256.65,0,0,0,0.00,0,F1,25,,,,,
2026-04-28,2026-04-28,FO,NSE,IDO,74642,,NIFTYNXT50,,2026-05-26,2026-05-26,79500.00,CE,NIFTYNXT5026MAY79500CE,0.00,0.00,0.00,464.00,0.00,464.00,70568.20,69.40,0,0,0,0.00,0,F1,25,,,,,
2026-04-28,2026-04-28,FO,NSE,IDO,80950,,NIFTYNXT50,,2026-06-30,2026-06-30,54200.00,CE,NIFTYNXT5026JUN54200CE,0.00,0.00,0.00,7525.55,0.00,7525.55,70568.20,16953.40,0,0,0,0.00,0,F1,25,,,,,
2026-04-28,2026-04-28,FO,NSE,IDO,80965,,NIFTYNXT50,,2026-06-30,2026-06-30,54300.00,CE,NIFTYNXT5026JUN54300CE,0.00,0.00,0.00,7441.35,0.00,7441.35,70568.20,16854.70,0,0,0,0.00,0,F1,25,,,,,
2026-04-28,2026-04-28,FO,NSE,IDO,80993,,NIFTYNXT50,,2026-06-30,2026-06-30,54900.00,CE,NIFTYNXT5026JUN54900CE,0.00,0.00,0.00,6944.20,0.00,6944.20,70568.20,16263.00,0,0,0,0.00,0,F1,25,,,,,
2026-04-28,2026-04-28,FO,NSE,IDO,81007,,NIFTYNXT50,,2026-06-30,2026-06-30,55200.00,CE,NIFTYNXT5026JUN55200CE,0.00,0.00,0.00,6701.00,0.00,6701.00,70568.20,15967.40,0,0,0,0.00,0,F1,25,,,,,
2026-04-28,2026-04-28,FO,NSE,IDO,81208,,NIFTYNXT50,,2026-06-30,2026-06-30,56200.00,CE,NIFTYNXT5026JUN56200CE,0.00,0.00,0.00,5918.45,0.00,5918.45,70568.20,14983.80,0,0,0,0.00,0,F1,25,,,,,
2026-04-28,2026-04-28,FO,NSE,IDO,81328,,NIFTYNXT50,,2026-06-30,2026-06-30,59200.00,CE,NIFTYNXT5026JUN59200CE,0.00,0.00,0.00,3870.55,0.00,3870.55,70568.20,12064.35,0,0,0,0.00,0,F1,25,,,,,
2026-04-28,2026-04-28,FO,NSE,IDO,81375,,NIFTYNXT50,,2026-06-30,2026-06-30,61100.00,CE,NIFTYNXT5026JUN61100CE,0.00,0.00,0.00,2835.30,0.00,2835.30,70568.20,10264.85,0,0,0,0.00,0,F1,25,,,,,
2026-04-28,2026-04-28,FO,NSE,IDO,82118,,NIFTYNXT50,,2026-06-30,2026-06-30,79000.00,PE,NIFTYNXT5026JUN79000PE,0.00,0.00,0.00,17265.80,0.00,17265.80,70568.20,8108.95,0,0,0,0.00,0,F1,25,,,,,
2026-04-28,2026-04-28,FO,NSE,IDO,40985,,NIFTYNXT50,,2026-06-30,2026-06-30,75400.00,PE,NIFTYNXT5026JUN75400PE,0.00,0.00,0.00,8756.50,0.00,8756.50,70568.20,5237.50,0,0,0,0.00,0,F1,25,,,,,
2026-04-28,2026-04-28,FO,NSE,IDO,38781,,NIFTYNXT50,,2026-06-30,2026-06-30,74600.00,PE,NIFTYNXT5026JUN74600PE,0.00,0.00,0.00,10872.30,0.00,10872.30,70568.20,4671.00,0,0,0,0.00,0,F1,25,,,,,
2026-04-28,2026-04-28,FO,NSE,IDO,82038,,NIFTYNXT50,,2026-06-30,2026-06-30,74000.00,PE,NIFTYNXT5026JUN74000PE,0.00,0.00,0.00,12467.25,0.00,12467.25,70568.20,4266.30,0,0,0,0.00,0,F1,25,,,,,
2026-04-28,2026-04-28,FO,NSE,IDO,35277,,NIFTYNXT50,,2026-06-30,2026-06-30,72900.00,PE,NIFTYNXT5026JUN72900PE,0.00,0.00,0.00,10028.50,0.00,10028.50,70568.20,3572.35,0,0,0,0.00,0,F1,25,,,,,
2026-04-28,2026-04-28,FO,NSE,IDO,82022,,NIFTYNXT50,,2026-06-30,2026-06-30,72300.00,PE,NIFTYNXT5026JUN72300PE,0.00,0.00,0.00,10885.05,0.00,10885.05,70568.20,3221.25,0,0,0,0.00,0,F1,25,,,,,
2026-04-28,2026-04-28,FO,NSE,IDO,81511,,NIFTYNXT50,,2026-06-30,2026-06-30,62800.00,CE,NIFTYNXT5026JUN62800CE,0.00,0.00,0.00,2085.45,0.00,2085.45,70568.20,8714.70,0,0,0,0.00,0,F1,25,,,,,
2026-04-28,2026-04-28,FO,NSE,IDO,81666,,NIFTYNXT50,,2026-06-30,2026-06-30,65400.00,CE,NIFTYNXT5026JUN65400CE,0.00,0.00,0.00,1236.65,0.00,1236.65,70568.20,6514.85,0,0,0,0.00,0,F1,25,,,,,
2026-04-28,2026-04-28,FO,NSE,IDO,81699,,NIFTYNXT50,,2026-06-30,2026-06-30,66100.00,CE,NIFTYNXT5026JUN66100CE,0.00,0.00,0.00,1065.90,0.00,1065.90,70568.20,5968.65,0,0,0,0.00,0,F1,25,,,,,
2026-04-28,2026-04-28,FO,NSE,IDO,81767,,NIFTYNXT50,,2026-06-30,2026-06-30,67000.00,CE,NIFTYNXT5026JUN67000CE,0.00,0.00,0.00,870.20,0.00,870.20,70568.20,5302.60,0,0,0,0.00,0,F1,25,,,,,
2026-04-28,2026-04-28,FO,NSE,IDO,81775,,NIFTYNXT50,,2026-06-30,2026-06-30,67400.00,CE,NIFTYNXT5026JUN67400CE,0.00,0.00,0.00,793.95,0.00,793.95,70568.20,5015.55,0,0,0,0.00,0,F1,25,,,,,
2026-04-28,2026-04-28,FO,NSE,IDO,81791,,NIFTYNXT50,,2026-06-30,2026-06-30,68200.00,CE,NIFTYNXT5026JUN68200CE,0.00,0.00,0.00,658.00,0.00,658.00,70568.20,4473.40,0,0,0,0.00,0,F1,25,,,,,
2026-04-28,2026-04-28,FO,NSE,IDO,81796,,NIFTYNXT50,,2026-06-30,2026-06-30,68400.00,CE,NIFTYNXT5026JUN68400CE,0.00,0.00,0.00,627.25,0.00,627.25,70568.20,4343.35,0,0,0,0.00,0,F1,25,,,,,
2026-04-28,2026-04-28,FO,NSE,IDO,81916,,NIFTYNXT50,,2026-06-30,2026-06-30,70100.00,CE,NIFTYNXT5026JUN70100CE,0.00,0.00,0.00,411.65,0.00,411.65,70568.20,3329.50,0,0,0,0.00,0,F1,25,,,,,
2026-04-28,2026-04-28,FO,NSE,IDO,81970,,NIFTYNXT50,,2026-06-30,2026-06-30,70200.00,CE,NIFTYNXT5026JUN70200CE,0.00,0.00,0.00,401.25,0.00,401.25,70568.20,3275.05,0,0,0,0.00,0,F1,25,,,,,
2026-04-28,2026-04-28,FO,NSE,IDO,81990,,NIFTYNXT50,,2026-06-30,2026-06-30,71200.00,CE,NIFTYNXT5026JUN71200CE,0.00,0.00,0.00,309.25,0.00,309.25,70568.20,2762.35,0,0,0,0.00,0,F1,25,,,,,
2026-04-28,2026-04-28,FO,NSE,IDO,81992,,NIFTYNXT50,,2026-06-30,2026-06-30,71300.00,CE,NIFTYNXT5026JUN71300CE,0.00,0.00,0.00,301.15,0.00,301.15,70568.20,2714.25,0,0,0,0.00,0,F1,25,,,,,
2026-04-28,2026-04-28,FO,NSE,IDO,82012,,NIFTYNXT50,,2026-06-30,2026-06-30,72200.00,CE,NIFTYNXT5026JUN72200CE,0.00,0.00,0.00,236.30,0.00,236.30,70568.20,2307.55,0,0,0,0.00,0,F1,25,,,,,
2026-04-28,2026-04-28,FO,NSE,IDO,81817,,NIFTYNXT50,,2026-06-30,2026-06-30,69200.00,PE,NIFTYNXT5026JUN69200PE,0.00,0.00,0.00,8126.75,0.00,8126.75,70568.20,1734.90,0,0,0,0.00,0,F1,25,,,,,
2026-04-28,2026-04-28,FO,NSE,IDO,81795,,NIFTYNXT50,,2026-06-30,2026-06-30,68300.00,PE,NIFTYNXT5026JUN68300PE,0.00,0.00,0.00,7369.20,0.00,7369.20,70568.20,1407.05,0,0,0,0.00,0,F1,25,,,,,
2026-04-28,2026-04-28,FO,NSE,IDO,81780,,NIFTYNXT50,,2026-06-30,2026-06-30,67600.00,PE,NIFTYNXT5026JUN67600PE,0.00,0.00,0.00,6797.20,0.00,6797.20,70568.20,1183.25,0,0,0,0.00,0,F1,25,,,,,
2026-04-28,2026-04-28,FO,NSE,IDO,81776,,NIFTYNXT50,,2026-06-30,2026-06-30,67400.00,PE,NIFTYNXT5026JUN67400PE,0.00,0.00,0.00,6636.80,0.00,6636.80,70568.20,1124.15,0,0,0,0.00,0,F1,25,,,,,
2026-04-28,2026-04-28,FO,NSE,IDO,81736,,NIFTYNXT50,,2026-06-30,2026-06-30,66600.00,PE,NIFTYNXT5026JUN66600PE,0.00,0.00,0.00,6009.60,0.00,6009.60,70568.20,909.75,0,0,0,0.00,0,F1,25,,,,,
2026-04-28,2026-04-28,FO,NSE,IDO,81673,,NIFTYNXT50,,2026-06-30,2026-06-30,65700.00,PE,NIFTYNXT5026JUN65700PE,0.00,0.00,0.00,5332.85,0.00,5332.85,70568.20,704.90,0,0,0,0.00,0,F1,25,,,,,
2026-04-28,2026-04-28,FO,NSE,IDO,81669,,NIFTYNXT50,,2026-06-30,2026-06-30,65500.00,PE,NIFTYNXT5026JUN65500PE,0.00,0.00,0.00,5187.40,0.00,5187.40,70568.20,664.50,0,0,0,0.00,0,F1,25,,,,,
2026-04-28,2026-04-28,FO,NSE,IDO,81633,,NIFTYNXT50,,2026-06-30,2026-06-30,64700.00,PE,NIFTYNXT5026JUN64700PE,0.00,0.00,0.00,4623.65,0.00,4623.65,70568.20,519.85,0,0,0,0.00,0,F1,25,,,,,
2026-04-28,2026-04-28,FO,NSE,IDO,81623,,NIFTYNXT50,,2026-06-30,2026-06-30,64200.00,PE,NIFTYNXT5026JUN64200PE,0.00,0.00,0.00,4286.65,0.00,4286.65,70568.20,442.55,0,0,0,0.00,0,F1,25,,,,,
2026-04-28,2026-04-28,FO,NSE,IDO,81542,,NIFTYNXT50,,2026-06-30,2026-06-30,62900.00,PE,NIFTYNXT5026JUN62900PE,0.00,0.00,0.00,3469.85,0.00,3469.85,70568.20,282.75,0,0,0,0.00,0,F1,25,,,,,
2026-04-28,2026-04-28,FO,NSE,IDO,81424,,NIFTYNXT50,,2026-06-30,2026-06-30,61900.00,PE,NIFTYNXT5026JUN61900PE,0.00,0.00,0.00,2903.45,0.00,2903.45,70568.20,194.30,0,0,0,0.00,0,F1,25,,,,,
2026-04-28,2026-04-28,FO,NSE,IDO,81378,,NIFTYNXT50,,2026-06-30,2026-06-30,61200.00,PE,NIFTYNXT5026JUN61200PE,0.00,0.00,0.00,2540.60,0.00,2540.60,70568.20,146.95,0,0,0,0.00,0,F1,25,,,,,
2026-04-28,2026-04-28,FO,NSE,IDO,81376,,NIFTYNXT50,,2026-06-30,2026-06-30,61100.00,PE,NIFTYNXT5026JUN61100PE,0.00,0.00,0.00,2491.05,0.00,2491.05,70568.20,141.05,0,0,0,0.00,0,F1,25,,,,,
2026-04-28,2026-04-28,FO,NSE,IDO,81374,,NIFTYNXT50,,2026-06-30,2026-06-30,61000.00,PE,NIFTYNXT5026JUN61000PE,0.00,0.00,0.00,2442.30,0.00,2442.30,70568.20,135.35,0,0,0,0.00,0,F1,25,,,,,
2026-04-28,2026-04-28,FO,NSE,IDO,81356,,NIFTYNXT50,,2026-06-30,2026-06-30,60100.00,PE,NIFTYNXT5026JUN60100PE,0.00,0.00,0.00,2027.75,0.00,2027.75,70568.20,92.00,0,0,0,0.00,0,F1,25,,,,,
2026-04-28,2026-04-28,FO,NSE,IDO,81207,,NIFTYNXT50,,2026-06-30,2026-06-30,56100.00,PE,NIFTYNXT5026JUN56100PE,0.00,0.00,0.00,739.95,0.00,739.95,70568.20,11.90,0,0,0,0.00,0,F1,25,,,,,
2026-04-28,2026-04-28,FO,NSE,IDO,81025,,NIFTYNXT50,,2026-06-30,2026-06-30,55900.00,PE,NIFTYNXT5026JUN55900PE,0.00,0.00,0.00,697.35,0.00,697.35,70568.20,10.55,0,0,0,0.00,0,F1,25,,,,,
2026-04-28,2026-04-28,FO,NSE,IDO,81023,,NIFTYNXT50,,2026-06-30,2026-06-30,55800.00,PE,NIFTYNXT5026JUN55800PE,0.00,0.00,0.00,676.70,0.00,676.70,70568.20,9.95,0,0,0,0.00,0,F1,25,,,,,
2026-04-28,2026-04-28,FO,NSE,IDO,80982,,NIFTYNXT50,,2026-06-30,2026-06-30,54700.00,PE,NIFTYNXT5026JUN54700PE,0.00,0.00,0.00,478.70,0.00,478.70,70568.20,5.05,0,0,0,0.00,0,F1,25,,,,,
2026-04-28,2026-04-28,FO,NSE,IDO,80861,,NIFTYNXT50,,2026-06-30,2026-06-30,52000.00,PE,NIFTYNXT5026JUN52000PE,0.00,0.00,0.00,178.30,0.00,178.30,70568.20,0.75,0,0,0,0.00,0,F1,25,,,,,
2026-04-28,2026-04-28,FO,NSE,IDO,74565,,NIFTYNXT50,,2026-05-26,2026-05-26,77500.00,PE,NIFTYNXT5026MAY77500PE,0.00,0.00,0.00,7192.55,0.00,7192.55,70568.20,6762.80,0,0,0,0.00,0,F1,25,,,,,
2026-04-28,2026-04-28,FO,NSE,IDO,74443,,NIFTYNXT50,,2026-05-26,2026-05-26,74800.00,PE,NIFTYNXT5026MAY74800PE,0.00,0.00,0.00,5132.40,0.00,5132.40,70568.20,4417.95,0,0,0,0.00,0,F1,25,,,,,
2026-04-28,2026-04-28,FO,NSE,IDO,74420,,NIFTYNXT50,,2026-05-26,2026-05-26,74400.00,PE,NIFTYNXT5026MAY74400PE,0.00,0.00,0.00,4853.00,0.00,4853.00,70568.20,4100.50,0,0,0,0.00,0,F1,25,,,,,
2026-04-28,2026-04-28,FO,NSE,IDO,74055,,NIFTYNXT50,,2026-05-26,2026-05-26,72600.00,PE,NIFTYNXT5026MAY72600PE,0.00,0.00,0.00,3690.30,0.00,3690.30,70568.20,2801.95,0,0,0,0.00,0,F1,25,,,,,
2026-04-28,2026-04-28,FO,NSE,IDO,74002,,NIFTYNXT50,,2026-05-26,2026-05-26,72100.00,PE,NIFTYNXT5026MAY72100PE,0.00,0.00,0.00,3396.55,0.00,3396.55,70568.20,2484.50,0,0,0,0.00,0,F1,25,,,,,
2026-04-28,2026-04-28,FO,NSE,IDO,73905,,NIFTYNXT50,,2026-05-26,2026-05-26,71400.00,PE,NIFTYNXT5026MAY71400PE,0.00,0.00,0.00,3007.80,0.00,3007.80,70568.20,2074.85,0,0,0,0.00,0,F1,25,,,,,
2026-04-28,2026-04-28,FO,NSE,IDO,73895,,NIFTYNXT50,,2026-05-26,2026-05-26,70900.00,PE,NIFTYNXT5026MAY70900PE,0.00,0.00,0.00,2746.55,0.00,2746.55,70568.20,1808.00,0,0,0,0.00,0,F1,25,,,,,
2026-04-28,2026-04-28,FO,NSE,IDO,73854,,NIFTYNXT50,,2026-05-26,2026-05-26,69100.00,PE,NIFTYNXT5026MAY69100PE,0.00,0.00,0.00,1921.75,0.00,1921.75,70568.20,1028.55,0,0,0,0.00,0,F1,25,,,,,
2026-04-28,2026-04-28,FO,NSE,IDO,73783,,NIFTYNXT50,,2026-05-26,2026-05-26,68400.00,PE,NIFTYNXT5026MAY68400PE,0.00,0.00,0.00,1649.70,0.00,1649.70,70568.20,800.00,0,0,0,0.00,0,F1,25,,,,,
2026-04-28,2026-04-28,FO,NSE,IDO,73763,,NIFTYNXT50,,2026-05-26,2026-05-26,68200.00,PE,NIFTYNXT5026MAY68200PE,0.00,0.00,0.00,1576.95,0.00,1576.95,70568.20,741.95,0,0,0,0.00,0,F1,25,,,,,
2026-04-28,2026-04-28,FO,NSE,IDO,73650,,NIFTYNXT50,,2026-05-26,2026-05-26,67200.00,PE,NIFTYNXT5026MAY67200PE,0.00,0.00,0.00,1245.40,0.00,1245.40,70568.20,497.35,0,0,0,0.00,0,F1,25,,,,,
2026-04-28,2026-04-28,FO,NSE,IDO,73634,,NIFTYNXT50,,2026-05-26,2026-05-26,66900.00,PE,NIFTYNXT5026MAY66900PE,0.00,0.00,0.00,1156.15,0.00,1156.15,70568.20,437.30,0,0,0,0.00,0,F1,25,,,,,
2026-04-28,2026-04-28,FO,NSE,IDO,73574,,NIFTYNXT50,,2026-05-26,2026-05-26,65200.00,PE,NIFTYNXT5026MAY65200PE,0.00,0.00,0.00,735.50,0.00,735.50,70568.20,194.65,0,0,0,0.00,0,F1,25,,,,,
2026-04-28,2026-04-28,FO,NSE,IDO,73328,,NIFTYNXT50,,2026-05-26,2026-05-26,59300.00,PE,NIFTYNXT5026MAY59300PE,0.00,0.00,0.00,90.85,0.00,90.85,70568.20,3.25,0,0,0,0.00,0,F1,25,,,,,
2026-04-28,2026-04-28,FO,NSE,IDO,73199,,NIFTYNXT50,,2026-05-26,2026-05-26,58000.00,PE,NIFTYNXT5026MAY58000PE,0.00,0.00,0.00,50.30,0.00,50.30,70568.20,0.95,0,0,0,0.00,0,F1,25,,,,,
2026-04-28,2026-04-28,FO,NSE,IDO,73186,,NIFTYNXT50,,2026-05-26,2026-05-26,57800.00,PE,NIFTYNXT5026MAY57800PE,0.00,0.00,0.00,45.70,0.00,45.70,70568.20,0.80,0,0,0,0.00,0,F1,25,,,,,
2026-04-28,2026-04-28,FO,NSE,IDO,73176,,NIFTYNXT50,,2026-05-26,2026-05-26,57000.00,PE,NIFTYNXT5026MAY57000PE,0.00,0.00,0.00,30.70,0.00,30.70,70568.20,0.35,0,0,0,0.00,0,F1,25,,,,,
2026-04-28,2026-04-28,FO,NSE,IDO,43945,,NIFTYNXT50,,2026-05-26,2026-05-26,56400.00,PE,NIFTYNXT5026MAY56400PE,0.00,0.00,0.00,63.50,0.00,63.50,70568.20,0.20,0,0,0,0.00,0,F1,25,,,,,
2026-04-28,2026-04-28,FO,NSE,IDO,73132,,NIFTYNXT50,,2026-05-26,2026-05-26,56000.00,PE,NIFTYNXT5026MAY56000PE,0.00,0.00,0.00,18.15,0.00,18.15,70568.20,0.15,0,0,0,0.00,0,F1,25,,,,,
2026-04-28,2026-04-28,FO,NSE,IDO,73130,,NIFTYNXT50,,2026-05-26,2026-05-26,55500.00,PE,NIFTYNXT5026MAY55500PE,0.00,0.00,0.00,13.75,0.00,13.75,70568.20,0.10,0,0,0,0.00,0,F1,25,,,,,
2026-04-28,2026-04-28,FO,NSE,IDO,73128,,NIFTYNXT50,,2026-05-26,2026-05-26,55000.00,PE,NIFTYNXT5026MAY55000PE,0.00,0.00,0.00,10.30,0.00,10.30,70568.20,0.05,0,0,0,0.00,0,F1,25,,,,,
2026-04-28,2026-04-28,FO,NSE,IDO,73122,,NIFTYNXT50,,2026-05-26,2026-05-26,53500.00,PE,NIFTYNXT5026MAY53500PE,0.00,0.00,0.00,4.10,0.00,4.10,70568.20,0.00,0,0,0,0.00,0,F1,25,,,,,
2026-04-28,2026-04-28,FO,NSE,IDO,73099,,NIFTYNXT50,,2026-05-26,2026-05-26,50500.00,PE,NIFTYNXT5026MAY50500PE,0.00,0.00,0.00,0.50,0.00,0.50,70568.20,0.00,0,0,0,0.00,0,F1,25,,,,,
2026-04-28,2026-04-28,FO,NSE,IDO,74606,,NIFTYNXT50,,2026-04-28,2026-04-28,81500.00,PE,NIFTYNXT5026APR81500PE,0.00,0.00,0.00,13639.00,0.00,13639.00,70568.20,70568.20,0,0,0,0.00,0,F1,25,,,,,
2026-04-28,2026-04-28,FO,NSE,IDO,74533,,NIFTYNXT50,,2026-04-28,2026-04-28,78500.00,PE,NIFTYNXT5026APR78500PE,0.00,0.00,0.00,10808.65,0.00,10808.65,70568.20,70568.20,0,0,0,0.00,0,F1,25,,,,,
2026-04-28,2026-04-28,FO,NSE,IDO,74482,,NIFTYNXT50,,2026-04-28,2026-04-28,77100.00,PE,NIFTYNXT5026APR77100PE,0.00,0.00,0.00,9530.50,0.00,9530.50,70568.20,70568.20,0,0,0,0.00,0,F1,25,,,,,
2026-04-28,2026-04-28,FO,NSE,IDO,74423,,NIFTYNXT50,,2026-04-28,2026-04-28,76500.00,PE,NIFTYNXT5026APR76500PE,0.00,0.00,0.00,8994.35,0.00,8994.35,70568.20,70568.20,0,0,0,0.00,0,F1,25,,,,,
2026-04-28,2026-04-28,FO,NSE,IDO,74365,,NIFTYNXT50,,2026-04-28,2026-04-28,75900.00,PE,NIFTYNXT5026APR75900PE,0.00,0.00,0.00,8466.40,0.00,8466.40,70568.20,70568.20,0,0,0,0.00,0,F1,25,,,,,
2026-04-28,2026-04-28,FO,NSE,IDO,74351,,NIFTYNXT50,,2026-04-28,2026-04-28,75200.00,PE,NIFTYNXT5026APR75200PE,0.00,0.00,0.00,7862.05,0.00,7862.05,70568.20,70568.20,0,0,0,0.00,0,F1,25,,,,,
2026-04-28,2026-04-28,FO,NSE,IDO,74347,,NIFTYNXT50,,2026-04-28,2026-04-28,75000.00,PE,NIFTYNXT5026APR75000PE,0.00,0.00,0.00,7691.90,0.00,7691.90,70568.20,70568.20,0,0,0,0.00,0,F1,25,,,,,
2026-04-28,2026-04-28,FO,NSE,IDO,74313,,NIFTYNXT50,,2026-04-28,2026-04-28,73300.00,PE,NIFTYNXT5026APR73300PE,0.00,0.00,0.00,6296.90,0.00,6296.90,70568.20,70568.20,0,0,0,0.00,0,F1,25,,,,,
2026-04-28,2026-04-28,FO,NSE,IDO,74305,,NIFTYNXT50,,2026-04-28,2026-04-28,72900.00,PE,NIFTYNXT5026APR72900PE,0.00,0.00,0.00,5983.65,0.00,5983.65,70568.20,70568.20,0,0,0,0.00,0,F1,25,,,,,
2026-04-28,2026-04-28,FO,NSE,IDO,74277,,NIFTYNXT50,,2026-04-28,2026-04-28,71700.00,PE,NIFTYNXT5026APR71700PE,0.00,0.00,0.00,5082.25,0.00,5082.25,70568.20,70568.20,0,0,0,0.00,0,F1,25,,,,,
2026-04-28,2026-04-28,FO,NSE,IDO,35288,,NIFTYNXT50,,2026-06-30,2026-06-30,73300.00,CE,NIFTYNXT5026JUN73300CE,0.00,0.00,0.00,300.35,0.00,300.35,70568.20,1872.00,0,0,0,0.00,0,F1,25,,,,,
2026-04-28,2026-04-28,FO,NSE,IDO,35294,,NIFTYNXT50,,2026-06-30,2026-06-30,73600.00,CE,NIFTYNXT5026JUN73600CE,0.00,0.00,0.00,277.80,0.00,277.80,70568.20,1764.50,0,0,0,0.00,0,F1,25,,,,,
2026-04-28,2026-04-28,FO,NSE,IDO,74182,,NIFTYNXT50,,2026-04-28,2026-04-28,69500.00,CE,NIFTYNXT5026APR69500CE,0.00,0.00,0.00,1869.55,0.00,1869.55,70568.20,70568.20,0,0,0,0.00,0,F1,25,,,,,
2026-04-28,2026-04-28,FO,NSE,IDO,74118,,NIFTYNXT50,,2026-04-28,2026-04-28,67900.00,CE,NIFTYNXT5026APR67900CE,0.00,0.00,0.00,2537.00,0.00,2537.00,70568.20,70568.20,0,0,0,0.00,0,F1,25,,,,,
2026-04-28,2026-04-28,FO,NSE,IDO,73711,,NIFTYNXT50,,2026-04-28,2026-04-28,56800.00,CE,NIFTYNXT5026APR56800CE,0.00,0.00,0.00,10854.55,0.00,10854.55,70568.20,70568.20,0,0,0,0.00,0,F1,25,,,,,
2026-04-28,2026-04-28,FO,NSE,IDO,73742,,NIFTYNXT50,,2026-04-28,2026-04-28,57500.00,CE,NIFTYNXT5026APR57500CE,0.00,0.00,0.00,10197.55,0.00,10197.55,70568.20,70568.20,0,0,0,0.00,0,F1,25,,,,,
2026-04-28,2026-04-28,FO,NSE,IDO,73798,,NIFTYNXT50,,2026-04-28,2026-04-28,59400.00,CE,NIFTYNXT5026APR59400CE,0.00,0.00,0.00,8466.20,0.00,8466.20,70568.20,70568.20,0,0,0,0.00,0,F1,25,,,,,
2026-04-28,2026-04-28,FO,NSE,IDO,73800,,NIFTYNXT50,,2026-04-28,2026-04-28,59500.00,CE,NIFTYNXT5026APR59500CE,0.00,0.00,0.00,8377.70,0.00,8377.70,70568.20,70568.20,0,0,0,0.00,0,F1,25,,,,,
2026-04-28,2026-04-28,FO,NSE,IDO,73824,,NIFTYNXT50,,2026-04-28,2026-04-28,60600.00,CE,NIFTYNXT5026APR60600CE,0.00,0.00,0.00,7424.95,0.00,7424.95,70568.20,70568.20,0,0,0,0.00,0,F1,25,,,,,
2026-04-28,2026-04-28,FO,NSE,IDO,73830,,NIFTYNXT50,,2026-04-28,2026-04-28,60900.00,CE,NIFTYNXT5026APR60900CE,0.00,0.00,0.00,7172.45,0.00,7172.45,70568.20,70568.20,0,0,0,0.00,0,F1,25,,,,,
2026-04-28,2026-04-28,FO,NSE,IDO,73837,,NIFTYNXT50,,2026-04-28,2026-04-28,61100.00,CE,NIFTYNXT5026APR61100CE,0.00,0.00,0.00,7006.05,0.00,7006.05,70568.20,70568.20,0,0,0,0.00,0,F1,25,,,,,
2026-04-28,2026-04-28,FO,NSE,IDO,73861,,NIFTYNXT50,,2026-04-28,2026-04-28,61800.00,CE,NIFTYNXT5026APR61800CE,0.00,0.00,0.00,6436.35,0.00,6436.35,70568.20,70568.20,0,0,0,0.00,0,F1,25,,,,,
2026-04-28,2026-04-28,FO,NSE,IDO,73927,,NIFTYNXT50,,2026-04-28,2026-04-28,62300.00,CE,NIFTYNXT5026APR62300CE,0.00,0.00,0.00,6042.40,0.00,6042.40,70568.20,70568.20,0,0,0,0.00,0,F1,25,,,,,
2026-04-28,2026-04-28,FO,NSE,IDO,73929,,NIFTYNXT50,,2026-04-28,2026-04-28,62400.00,CE,NIFTYNXT5026APR62400CE,0.00,0.00,0.00,5965.00,0.00,5965.00,70568.20,70568.20,0,0,0,0.00,0,F1,25,,,,,
2026-04-28,2026-04-28,FO,NSE,IDO,73947,,NIFTYNXT50,,2026-04-28,2026-04-28,63300.00,CE,NIFTYNXT5026APR63300CE,0.00,0.00,0.00,5292.25,0.00,5292.25,70568.20,70568.20,0,0,0,0.00,0,F1,25,,,,,
2026-04-28,2026-04-28,FO,NSE,IDO,73979,,NIFTYNXT50,,2026-04-28,2026-04-28,64600.00,CE,NIFTYNXT5026APR64600CE,0.00,0.00,0.00,4388.10,0.00,4388.10,70568.20,70568.20,0,0,0,0.00,0,F1,25,,,,,
2026-04-28,2026-04-28,FO,NSE,IDO,73981,,NIFTYNXT50,,2026-04-28,2026-04-28,64700.00,CE,NIFTYNXT5026APR64700CE,0.00,0.00,0.00,4322.65,0.00,4322.65,70568.20,70568.20,0,0,0,0.00,0,F1,25,,,,,
2026-04-28,2026-04-28,FO,NSE,IDO,74039,,NIFTYNXT50,,2026-04-28,2026-04-28,66700.00,CE,NIFTYNXT5026APR66700CE,0.00,0.00,0.00,3135.80,0.00,3135.80,70568.20,70568.20,0,0,0,0.00,0,F1,25,,,,,
2026-04-28,2026-04-28,FO,NSE,IDO,74062,,NIFTYNXT50,,2026-04-28,2026-04-28,67400.00,CE,NIFTYNXT5026APR67400CE,0.00,0.00,0.00,2776.30,0.00,2776.30,70568.20,70568.20,0,0,0,0.00,0,F1,25,,,,,
2026-04-28,2026-04-28,FO,NSE,IDO,74160,,NIFTYNXT50,,2026-04-28,2026-04-28,69200.00,CE,NIFTYNXT5026APR69200CE,0.00,0.00,0.00,1983.65,0.00,1983.65,70568.20,70568.20,0,0,0,0.00,0,F1,25,,,,,
2026-04-28,2026-04-28,FO,NSE,IDO,41003,,NIFTYNXT50,,2026-06-30,2026-06-30,76300.00,PE,NIFTYNXT5026JUN76300PE,0.00,0.00,0.00,9535.30,0.00,9535.30,70568.20,5913.05,0,0,0,0.00,0,F1,25,,,,,
2026-04-28,2026-04-28,FO,NSE,IDO,38787,,NIFTYNXT50,,2026-06-30,2026-06-30,74900.00,PE,NIFTYNXT5026JUN74900PE,0.00,0.00,0.00,11148.75,0.00,11148.75,70568.20,4879.95,0,0,0,0.00,0,F1,25,,,,,
2026-04-28,2026-04-28,FO,NSE,IDO,35307,,NIFTYNXT50,,2026-06-30,2026-06-30,73800.00,PE,NIFTYNXT5026JUN73800PE,0.00,0.00,0.00,10843.30,0.00,10843.30,70568.20,4135.45,0,0,0,0.00,0,F1,25,,,,,
2026-04-28,2026-04-28,FO,NSE,IDO,81382,,NIFTYNXT50,,2026-06-30,2026-06-30,61400.00,PE,NIFTYNXT5026JUN61400PE,0.00,0.00,0.00,2641.40,0.00,2641.40,70568.20,159.40,0,0,0,0.00,0,F1,25,,,,,
2026-04-28,2026-04-28,FO,NSE,IDO,81512,,NIFTYNXT50,,2026-06-30,2026-06-30,62800.00,PE,NIFTYNXT5026JUN62800PE,0.00,0.00,0.00,3410.75,0.00,3410.75,70568.20,272.70,0,0,0,0.00,0,F1,25,,,,,
2026-04-28,2026-04-28,FO,NSE,IDO,81566,,NIFTYNXT50,,2026-06-30,2026-06-30,63500.00,PE,NIFTYNXT5026JUN63500PE,0.00,0.00,0.00,3835.90,0.00,3835.90,70568.20,349.55,0,0,0,0.00,0,F1,25,,,,,
2026-04-28,2026-04-28,FO,NSE,IDO,81661,,NIFTYNXT50,,2026-06-30,2026-06-30,65100.00,PE,NIFTYNXT5026JUN65100PE,0.00,0.00,0.00,4901.85,0.00,4901.85,70568.20,588.85,0,0,0,0.00,0,F1,25,,,,,
2026-04-28,2026-04-28,FO,NSE,IDO,81749,,NIFTYNXT50,,2026-06-30,2026-06-30,66900.00,PE,NIFTYNXT5026JUN66900PE,0.00,0.00,0.00,6242.00,0.00,6242.00,70568.20,989.00,0,0,0,0.00,0,F1,25,,,,,
2026-04-28,2026-04-28,FO,NSE,IDO,81772,,NIFTYNXT50,,2026-06-30,2026-06-30,67200.00,PE,NIFTYNXT5026JUN67200PE,0.00,0.00,0.00,6477.80,0.00,6477.80,70568.20,1070.10,0,0,0,0.00,0,F1,25,,,,,
2026-04-28,2026-04-28,FO,NSE,IDO,81784,,NIFTYNXT50,,2026-06-30,2026-06-30,67800.00,PE,NIFTYNXT5026JUN67800PE,0.00,0.00,0.00,6959.00,0.00,6959.00,70568.20,1244.50,0,0,0,0.00,0,F1,25,,,,,
2026-04-28,2026-04-28,FO,NSE,IDO,81788,,NIFTYNXT50,,2026-06-30,2026-06-30,68000.00,PE,NIFTYNXT5026JUN68000PE,0.00,0.00,0.00,7122.10,0.00,7122.10,70568.20,1307.85,0,0,0,0.00,0,F1,25,,,,,
2026-04-28,2026-04-28,FO,NSE,IDO,81813,,NIFTYNXT50,,2026-06-30,2026-06-30,69000.00,PE,NIFTYNXT5026JUN69000PE,0.00,0.00,0.00,7956.40,0.00,7956.40,70568.20,1658.10,0,0,0,0.00,0,F1,25,,,,,
2026-04-28,2026-04-28,FO,NSE,IDO,82005,,NIFTYNXT50,,2026-06-30,2026-06-30,71900.00,PE,NIFTYNXT5026JUN71900PE,0.00,0.00,0.00,10518.65,0.00,10518.65,70568.20,2998.35,0,0,0,0.00,0,F1,25,,,,,
2026-04-28,2026-04-28,FO,NSE,IDO,35265,,NIFTYNXT50,,2026-06-30,2026-06-30,72400.00,PE,NIFTYNXT5026JUN72400PE,0.00,0.00,0.00,9582.35,0.00,9582.35,70568.20,3278.40,0,0,0,0.00,0,F1,25,,,,,
2026-04-28,2026-04-28,FO,NSE,IDO,35301,,NIFTYNXT50,,2026-06-30,2026-06-30,73700.00,PE,NIFTYNXT5026JUN73700PE,0.00,0.00,0.00,10752.05,0.00,10752.05,70568.20,4070.75,0,0,0,0.00,0,F1,25,,,,,
2026-04-28,2026-04-28,FO,NSE,IDO,38777,,NIFTYNXT50,,2026-06-30,2026-06-30,74400.00,PE,NIFTYNXT5026JUN74400PE,0.00,0.00,0.00,10688.80,0.00,10688.80,70568.20,4534.15,0,0,0,0.00,0,F1,25,,,,,
2026-04-28,2026-04-28,FO,NSE,IDO,40993,,NIFTYNXT50,,2026-06-30,2026-06-30,75700.00,PE,NIFTYNXT5026JUN75700PE,0.00,0.00,0.00,9013.95,0.00,9013.95,70568.20,5460.55,0,0,0,0.00,0,F1,25,,,,,
2026-04-28,2026-04-28,FO,NSE,IDO,82099,,NIFTYNXT50,,2026-06-30,2026-06-30,78000.00,PE,NIFTYNXT5026JUN78000PE,0.00,0.00,0.00,16295.40,0.00,16295.40,70568.20,7266.05,0,0,0,0.00,0,F1,25,,,,,
2026-04-28,2026-04-28,FO,NSE,IDO,80979,,NIFTYNXT50,,2026-06-30,2026-06-30,54600.00,CE,NIFTYNXT5026JUN54600CE,0.00,0.00,0.00,7191.05,0.00,7191.05,70568.20,16558.75,0,0,0,0.00,0,F1,25,,,,,
2026-04-28,2026-04-28,FO,NSE,IDO,80946,,NIFTYNXT50,,2026-06-30,2026-06-30,54000.00,CE,NIFTYNXT5026JUN54000CE,0.00,0.00,0.00,7695.05,0.00,7695.05,70568.20,17150.80,0,0,0,0.00,0,F1,25,,,,,
2026-04-28,2026-04-28,FO,NSE,IDO,80823,,NIFTYNXT50,,2026-06-30,2026-06-30,51500.00,CE,NIFTYNXT5026JUN51500CE,0.00,0.00,0.00,9917.30,0.00,9917.30,70568.20,19621.30,0,0,0,0.00,0,F1,25,,,,,
2026-04-28,2026-04-28,FO,NSE,IDO,74775,,NIFTYNXT50,,2026-05-26,2026-05-26,81500.00,CE,NIFTYNXT5026MAY81500CE,0.00,0.00,0.00,278.25,0.00,278.25,70568.20,24.90,0,0,0,0.00,0,F1,25,,,,,
2026-04-28,2026-04-28,FO,NSE,IDO,74542,,NIFTYNXT50,,2026-05-26,2026-05-26,76500.00,CE,NIFTYNXT5026MAY76500CE,0.00,0.00,0.00,935.70,0.00,935.70,70568.20,267.45,0,0,0,0.00,0,F1,25,,,,,
2026-04-28,2026-04-28,FO,NSE,IDO,74538,,NIFTYNXT50,,2026-05-26,2026-05-26,76300.00,CE,NIFTYNXT5026MAY76300CE,0.00,0.00,0.00,977.70,0.00,977.70,70568.20,290.25,0,0,0,0.00,0,F1,25,,,,,
2026-04-28,2026-04-28,FO,NSE,IDO,74525,,NIFTYNXT50,,2026-05-26,2026-05-26,76000.00,CE,NIFTYNXT5026MAY76000CE,0.00,0.00,0.00,1046.20,0.00,1046.20,70568.20,327.45,0,0,0,0.00,0,F1,25,,,,,
2026-04-28,2026-04-28,FO,NSE,IDO,74496,,NIFTYNXT50,,2026-05-26,2026-05-26,75100.00,CE,NIFTYNXT5026MAY75100CE,0.00,0.00,0.00,1261.80,0.00,1261.80,70568.20,463.65,0,0,0,0.00,0,F1,25,,,,,
2026-04-28,2026-04-28,FO,NSE,IDO,74463,,NIFTYNXT50,,2026-05-26,2026-05-26,74900.00,CE,NIFTYNXT5026MAY74900CE,0.00,0.00,0.00,1315.25,0.00,1315.25,70568.20,499.50,0,0,0,0.00,0,F1,25,,,,,
2026-04-28,2026-04-28,FO,NSE,IDO,74426,,NIFTYNXT50,,2026-05-26,2026-05-26,74600.00,CE,NIFTYNXT5026MAY74600CE,0.00,0.00,0.00,1398.70,0.00,1398.70,70568.20,557.45,0,0,0,0.00,0,F1,25,,,,,
2026-04-28,2026-04-28,FO,NSE,IDO,74396,,NIFTYNXT50,,2026-05-26,2026-05-26,74000.00,CE,NIFTYNXT5026MAY74000CE,0.00,0.00,0.00,1578.00,0.00,1578.00,70568.20,692.15,0,0,0,0.00,0,F1,25,,,,,
2026-04-28,2026-04-28,FO,NSE,IDO,74387,,NIFTYNXT50,,2026-05-26,2026-05-26,73700.00,CE,NIFTYNXT5026MAY73700CE,0.00,0.00,0.00,1674.00,0.00,1674.00,70568.20,763.45,0,0,0,0.00,0,F1,25,,,,,
2026-04-28,2026-04-28,FO,NSE,IDO,73964,,NIFTYNXT50,,2026-05-26,2026-05-26,72000.00,CE,NIFTYNXT5026MAY72000CE,0.00,0.00,0.00,2303.50,0.00,2303.50,70568.20,1311.30,0,0,0,0.00,0,F1,25,,,,,
2026-04-28,2026-04-28,FO,NSE,IDO,73864,,NIFTYNXT50,,2026-05-26,2026-05-26,69400.00,CE,NIFTYNXT5026MAY69400CE,0.00,0.00,0.00,3567.90,0.00,3567.90,70568.20,2615.30,0,0,0,0.00,0,F1,25,,,,,
2026-04-28,2026-04-28,FO,NSE,IDO,73848,,NIFTYNXT50,,2026-05-26,2026-05-26,68900.00,CE,NIFTYNXT5026MAY68900CE,0.00,0.00,0.00,3854.30,0.00,3854.30,70568.20,2933.25,0,0,0,0.00,0,F1,25,,,,,
2026-04-28,2026-04-28,FO,NSE,IDO,73832,,NIFTYNXT50,,2026-05-26,2026-05-26,68800.00,CE,NIFTYNXT5026MAY68800CE,0.00,0.00,0.00,3913.25,0.00,3913.25,70568.20,2999.35,0,0,0,0.00,0,F1,25,,,,,
2026-04-28,2026-04-28,FO,NSE,IDO,73527,,NIFTYNXT50,,2026-05-26,2026-05-26,63800.00,CE,NIFTYNXT5026MAY63800CE,0.00,0.00,0.00,7513.05,0.00,7513.05,70568.20,7140.85,0,0,0,0.00,0,F1,25,,,,,
2026-04-28,2026-04-28,FO,NSE,IDO,73303,,NIFTYNXT50,,2026-05-26,2026-05-26,59000.00,CE,NIFTYNXT5026MAY59000CE,0.00,0.00,0.00,11829.65,0.00,11829.65,70568.20,11832.60,0,0,0,0.00,0,F1,25,,,,,
2026-04-28,2026-04-28,FO,NSE,IDO,73268,,NIFTYNXT50,,2026-05-26,2026-05-26,58600.00,CE,NIFTYNXT5026MAY58600CE,0.00,0.00,0.00,12209.95,0.00,12209.95,70568.20,12230.10,0,0,0,0.00,0,F1,25,,,,,
2026-04-28,2026-04-28,FO,NSE,IDO,41301,,NIFTYNXT50,,2026-05-26,2026-05-26,57100.00,CE,NIFTYNXT5026MAY57100CE,0.00,0.00,0.00,12472.00,0.00,12472.00,70568.20,13722.10,0,0,0,0.00,0,F1,25,,,,,
2026-04-28,2026-04-28,FO,NSE,IDO,41299,,NIFTYNXT50,,2026-05-26,2026-05-26,56900.00,CE,NIFTYNXT5026MAY56900CE,0.00,0.00,0.00,12664.95,0.00,12664.95,70568.20,13921.15,0,0,0,0.00,0,F1,25,,,,,
2026-04-28,2026-04-28,FO,NSE,IDO,73121,,NIFTYNXT50,,2026-05-26,2026-05-26,53500.00,CE,NIFTYNXT5026MAY53500CE,0.00,0.00,0.00,17163.55,0.00,17163.55,70568.20,17305.75,0,0,0,0.00,0,F1,25,,,,,
2026-04-28,2026-04-28,FO,NSE,IDO,73098,,NIFTYNXT50,,2026-05-26,2026-05-26,50500.00,CE,NIFTYNXT5026MAY50500CE,0.00,0.00,0.00,20110.55,0.00,20110.55,70568.20,20292.40,0,0,0,0.00,0,F1,25,,,,,
2026-04-28,2026-04-28,FO,NSE,IDO,74477,,NIFTYNXT50,,2026-04-28,2026-04-28,76900.00,CE,NIFTYNXT5026APR76900CE,0.00,0.00,0.00,325.15,0.00,325.15,70568.20,70568.20,0,0,0,0.00,0,F1,25,,,,,
2026-04-28,2026-04-28,FO,NSE,IDO,74296,,NIFTYNXT50,,2026-04-28,2026-04-28,72500.00,CE,NIFTYNXT5026APR72500CE,13.00,13.00,0.15,0.55,0.15,11.80,70568.20,70568.20,1600,450,157,284574470.00,52,F1,25,,,,,
2026-04-28,2026-04-28,FO,NSE,IDO,74190,,NIFTYNXT50,,2026-04-28,2026-04-28,69800.00,CE,NIFTYNXT5026APR69800CE,0.00,0.00,0.00,1760.35,0.00,1760.35,70568.20,70568.20,0,0,0,0.00,0,F1,25,,,,,
2026-04-28,2026-04-28,FO,NSE,IDO,74138,,NIFTYNXT50,,2026-04-28,2026-04-28,68400.00,CE,NIFTYNXT5026APR68400CE,0.00,0.00,0.00,2312.70,0.00,2312.70,70568.20,70568.20,0,0,0,0.00,0,F1,25,,,,,
2026-04-28,2026-04-28,FO,NSE,IDO,74041,,NIFTYNXT50,,2026-04-28,2026-04-28,66800.00,CE,NIFTYNXT5026APR66800CE,0.00,0.00,0.00,3082.65,0.00,3082.65,70568.20,70568.20,0,0,0,0.00,0,F1,25,,,,,
2026-04-28,2026-04-28,FO,NSE,IDO,73959,,NIFTYNXT50,,2026-04-28,2026-04-28,63900.00,CE,NIFTYNXT5026APR63900CE,0.00,0.00,0.00,4861.75,0.00,4861.75,70568.20,70568.20,0,0,0,0.00,0,F1,25,,,,,
2026-04-28,2026-04-28,FO,NSE,IDO,73943,,NIFTYNXT50,,2026-04-28,2026-04-28,63100.00,CE,NIFTYNXT5026APR63100CE,0.00,0.00,0.00,5436.45,0.00,5436.45,70568.20,70568.20,0,0,0,0.00,0,F1,25,,,,,
2026-04-28,2026-04-28,FO,NSE,IDO,73922,,NIFTYNXT50,,2026-04-28,2026-04-28,62200.00,CE,NIFTYNXT5026APR62200CE,0.00,0.00,0.00,6120.30,0.00,6120.30,70568.20,70568.20,0,0,0,0.00,0,F1,25,,,,,
2026-04-28,2026-04-28,FO,NSE,IDO,73843,,NIFTYNXT50,,2026-04-28,2026-04-28,61400.00,CE,NIFTYNXT5026APR61400CE,0.00,0.00,0.00,6759.40,0.00,6759.40,70568.20,70568.20,0,0,0,0.00,0,F1,25,,,,,
2026-04-28,2026-04-28,FO,NSE,IDO,73841,,NIFTYNXT50,,2026-04-28,2026-04-28,61300.00,CE,NIFTYNXT5026APR61300CE,0.00,0.00,0.00,6841.20,0.00,6841.20,70568.20,70568.20,0,0,0,0.00,0,F1,25,,,,,
2026-04-28,2026-04-28,FO,NSE,IDO,73788,,NIFTYNXT50,,2026-04-28,2026-04-28,59000.00,CE,NIFTYNXT5026APR59000CE,0.00,0.00,0.00,8823.20,0.00,8823.20,70568.20,70568.20,0,0,0,0.00,0,F1,25,,,,,
2026-04-28,2026-04-28,FO,NSE,IDO,73762,,NIFTYNXT50,,2026-04-28,2026-04-28,58000.00,CE,NIFTYNXT5026APR58000CE,0.00,0.00,0.00,9733.85,0.00,9733.85,70568.20,70568.20,0,0,0,0.00,0,F1,25,,,,,
2026-04-28,2026-04-28,FO,NSE,IDO,73756,,NIFTYNXT50,,2026-04-28,2026-04-28,57700.00,CE,NIFTYNXT5026APR57700CE,0.00,0.00,0.00,10011.50,0.00,10011.50,70568.20,70568.20,0,0,0,0.00,0,F1,25,,,,,
2026-04-28,2026-04-28,FO,NSE,IDO,73487,,NIFTYNXT50,,2026-04-28,2026-04-28,52500.00,CE,NIFTYNXT5026APR52500CE,0.00,0.00,0.00,15009.30,0.00,15009.30,70568.20,70568.20,0,0,0,0.00,0,F1,25,,,,,
2026-04-28,2026-04-28,FO,NSE,IDO,81630,,NIFTYNXT50,,2026-06-30,2026-06-30,64600.00,CE,NIFTYNXT5026JUN64600CE,0.00,0.00,0.00,1462.25,0.00,1462.25,70568.20,7164.95,0,0,0,0.00,0,F1,25,,,,,
2026-04-28,2026-04-28,FO,NSE,IDO,81741,,NIFTYNXT50,,2026-06-30,2026-06-30,66800.00,CE,NIFTYNXT5026JUN66800CE,0.00,0.00,0.00,910.55,0.00,910.55,70568.20,5447.95,0,0,0,0.00,0,F1,25,,,,,
2026-04-28,2026-04-28,FO,NSE,IDO,81569,,NIFTYNXT50,,2026-06-30,2026-06-30,63700.00,CE,NIFTYNXT5026JUN63700CE,0.00,0.00,0.00,1752.95,0.00,1752.95,70568.20,7926.10,0,0,0,0.00,0,F1,25,,,,,
2026-04-28,2026-04-28,FO,NSE,IDO,38785,,NIFTYNXT50,,2026-06-30,2026-06-30,74800.00,PE,NIFTYNXT5026JUN74800PE,0.00,0.00,0.00,11056.45,0.00,11056.45,70568.20,4809.80,0,0,0,0.00,0,F1,25,,,,,
2026-04-28,2026-04-28,FO,NSE,IDO,35287,,NIFTYNXT50,,2026-06-30,2026-06-30,73200.00,PE,NIFTYNXT5026JUN73200PE,0.00,0.00,0.00,10298.50,0.00,10298.50,70568.20,3755.25,0,0,0,0.00,0,F1,25,,,,,
2026-04-28,2026-04-28,FO,NSE,IDO,81993,,NIFTYNXT50,,2026-06-30,2026-06-30,71300.00,PE,NIFTYNXT5026JUN71300PE,0.00,0.00,0.00,9974.15,0.00,9974.15,70568.20,2681.05,0,0,0,0.00,0,F1,25,,,,,
2026-04-28,2026-04-28,FO,NSE,IDO,81983,,NIFTYNXT50,,2026-06-30,2026-06-30,70800.00,PE,NIFTYNXT5026JUN70800PE,0.00,0.00,0.00,9525.55,0.00,9525.55,70568.20,2432.75,0,0,0,0.00,0,F1,25,,,,,
2026-04-28,2026-04-28,FO,NSE,IDO,81981,,NIFTYNXT50,,2026-06-30,2026-06-30,70700.00,PE,NIFTYNXT5026JUN70700PE,0.00,0.00,0.00,9436.40,0.00,9436.40,70568.20,2384.75,0,0,0,0.00,0,F1,25,,,,,
2026-04-28,2026-04-28,FO,NSE,IDO,81977,,NIFTYNXT50,,2026-06-30,2026-06-30,70500.00,PE,NIFTYNXT5026JUN70500PE,0.00,0.00,0.00,9258.75,0.00,9258.75,70568.20,2290.55,0,0,0,0.00,0,F1,25,,,,,
2026-04-28,2026-04-28,FO,NSE,IDO,81917,,NIFTYNXT50,,2026-06-30,2026-06-30,70100.00,PE,NIFTYNXT5026JUN70100PE,0.00,0.00,0.00,8906.15,0.00,8906.15,70568.20,2109.15,0,0,0,0.00,0,F1,25,,,,,
2026-04-28,2026-04-28,FO,NSE,IDO,81909,,NIFTYNXT50,,2026-06-30,2026-06-30,69900.00,PE,NIFTYNXT5026JUN69900PE,0.00,0.00,0.00,8731.20,0.00,8731.20,70568.20,2021.95,0,0,0,0.00,0,F1,25,,,,,
2026-04-28,2026-04-28,FO,NSE,IDO,81897,,NIFTYNXT50,,2026-06-30,2026-06-30,69600.00,PE,NIFTYNXT5026JUN69600PE,0.00,0.00,0.00,8470.65,0.00,8470.65,70568.20,1895.45,0,0,0,0.00,0,F1,25,,,,,
2026-04-28,2026-04-28,FO,NSE,IDO,81815,,NIFTYNXT50,,2026-06-30,2026-06-30,69100.00,PE,NIFTYNXT5026JUN69100PE,0.00,0.00,0.00,8041.45,0.00,8041.45,70568.20,1696.20,0,0,0,0.00,0,F1,25,,,,,
2026-04-28,2026-04-28,FO,NSE,IDO,81804,,NIFTYNXT50,,2026-06-30,2026-06-30,68700.00,PE,NIFTYNXT5026JUN68700PE,0.00,0.00,0.00,7703.00,0.00,7703.00,70568.20,1547.15,0,0,0,0.00,0,F1,25,,,,,
2026-04-28,2026-04-28,FO,NSE,IDO,81778,,NIFTYNXT50,,2026-06-30,2026-06-30,67500.00,PE,NIFTYNXT5026JUN67500PE,0.00,0.00,0.00,6716.85,0.00,6716.85,70568.20,1153.45,0,0,0,0.00,0,F1,25,,,,,
2026-04-28,2026-04-28,FO,NSE,IDO,81725,,NIFTYNXT50,,2026-06-30,2026-06-30,66400.00,PE,NIFTYNXT5026JUN66400PE,0.00,0.00,0.00,5858.90,0.00,5858.90,70568.20,860.90,0,0,0,0.00,0,F1,25,,,,,
2026-04-28,2026-04-28,FO,NSE,IDF,66692,,NIFTYNXT50,,2026-04-28,2026-04-28,,,NIFTYNXT5026APRFUT,70799.80,70945.00,70484.80,70622.40,70555.00,70929.00,70568.20,70568.20,3050,-6275,382,675367795.00,289,F1,25,,,,,
2026-04-28,2026-04-28,FO,NSE,IDO,73479,,NIFTYNXT50,,2026-04-28,2026-04-28,50500.00,CE,NIFTYNXT5026APR50500CE,0.00,0.00,0.00,16972.20,0.00,16972.20,70568.20,70568.20,0,0,0,0.00,0,F1,25,,,,,
2026-04-28,2026-04-28,FO,NSE,IDO,49886,,NIFTYNXT50,,2026-04-28,2026-04-28,54300.00,CE,NIFTYNXT5026APR54300CE,0.00,0.00,0.00,12280.80,0.00,12280.80,70568.20,70568.20,0,0,0,0.00,0,F1,25,,,,,
2026-04-28,2026-04-28,FO,NSE,IDO,73671,,NIFTYNXT50,,2026-04-28,2026-04-28,55600.00,CE,NIFTYNXT5026APR55600CE,0.00,0.00,0.00,11997.65,0.00,11997.65,70568.20,70568.20,0,0,0,0.00,0,F1,25,,,,,
2026-04-28,2026-04-28,FO,NSE,IDO,73676,,NIFTYNXT50,,2026-04-28,2026-04-28,55800.00,CE,NIFTYNXT5026APR55800CE,0.00,0.00,0.00,11805.90,0.00,11805.90,70568.20,70568.20,0,0,0,0.00,0,F1,25,,,,,
2026-04-28,2026-04-28,FO,NSE,IDO,73707,,NIFTYNXT50,,2026-04-28,2026-04-28,56600.00,CE,NIFTYNXT5026APR56600CE,0.00,0.00,0.00,11043.70,0.00,11043.70,70568.20,70568.20,0,0,0,0.00,0,F1,25,,,,,
2026-04-28,2026-04-28,FO,NSE,IDO,73719,,NIFTYNXT50,,2026-04-28,2026-04-28,57000.00,CE,NIFTYNXT5026APR57000CE,0.00,0.00,0.00,10666.00,0.00,10666.00,70568.20,70568.20,0,0,0,0.00,0,F1,25,,,,,
2026-04-28,2026-04-28,FO,NSE,IDO,73744,,NIFTYNXT50,,2026-04-28,2026-04-28,57600.00,CE,NIFTYNXT5026APR57600CE,0.00,0.00,0.00,10104.45,0.00,10104.45,70568.20,70568.20,0,0,0,0.00,0,F1,25,,,,,
2026-04-28,2026-04-28,FO,NSE,IDO,73758,,NIFTYNXT50,,2026-04-28,2026-04-28,57800.00,CE,NIFTYNXT5026APR57800CE,0.00,0.00,0.00,9918.75,0.00,9918.75,70568.20,70568.20,0,0,0,0.00,0,F1,25,,,,,
2026-04-28,2026-04-28,FO,NSE,IDO,73828,,NIFTYNXT50,,2026-04-28,2026-04-28,60800.00,CE,NIFTYNXT5026APR60800CE,0.00,0.00,0.00,7256.25,0.00,7256.25,70568.20,70568.20,0,0,0,0.00,0,F1,25,,,,,
2026-04-28,2026-04-28,FO,NSE,IDO,73845,,NIFTYNXT50,,2026-04-28,2026-04-28,61500.00,CE,NIFTYNXT5026APR61500CE,0.00,0.00,0.00,6678.00,0.00,6678.00,70568.20,70568.20,0,0,0,0.00,0,F1,25,,,,,
2026-04-28,2026-04-28,FO,NSE,IDO,73931,,NIFTYNXT50,,2026-04-28,2026-04-28,62500.00,CE,NIFTYNXT5026APR62500CE,0.00,0.00,0.00,5888.05,0.00,5888.05,70568.20,70568.20,0,0,0,0.00,0,F1,25,,,,,
2026-04-28,2026-04-28,FO,NSE,IDO,73937,,NIFTYNXT50,,2026-04-28,2026-04-28,62800.00,CE,NIFTYNXT5026APR62800CE,0.00,0.00,0.00,5660.05,0.00,5660.05,70568.20,70568.20,0,0,0,0.00,0,F1,25,,,,,
2026-04-28,2026-04-28,FO,NSE,IDO,73939,,NIFTYNXT50,,2026-04-28,2026-04-28,62900.00,CE,NIFTYNXT5026APR62900CE,0.00,0.00,0.00,5585.00,0.00,5585.00,70568.20,70568.20,0,0,0,0.00,0,F1,25,,,,,
2026-04-28,2026-04-28,FO,NSE,IDO,73949,,NIFTYNXT50,,2026-04-28,2026-04-28,63400.00,CE,NIFTYNXT5026APR63400CE,0.00,0.00,0.00,5219.60,0.00,5219.60,70568.20,70568.20,0,0,0,0.00,0,F1,25,,,,,
2026-04-28,2026-04-28,FO,NSE,IDO,73967,,NIFTYNXT50,,2026-04-28,2026-04-28,64100.00,CE,NIFTYNXT5026APR64100CE,0.00,0.00,0.00,4723.65,0.00,4723.65,70568.20,70568.20,0,0,0,0.00,0,F1,25,,,,,
2026-04-28,2026-04-28,FO,NSE,IDO,73998,,NIFTYNXT50,,2026-04-28,2026-04-28,65200.00,CE,NIFTYNXT5026APR65200CE,0.00,0.00,0.00,4004.05,0.00,4004.05,70568.20,70568.20,0,0,0,0.00,0,F1,25,,,,,
2026-04-28,2026-04-28,FO,NSE,IDO,74013,,NIFTYNXT50,,2026-04-28,2026-04-28,65500.00,CE,NIFTYNXT5026APR65500CE,0.00,0.00,0.00,3819.80,0.00,3819.80,70568.20,70568.20,0,0,0,0.00,0,F1,25,,,,,
2026-04-28,2026-04-28,FO,NSE,IDO,74033,,NIFTYNXT50,,2026-04-28,2026-04-28,66400.00,CE,NIFTYNXT5026APR66400CE,0.00,0.00,0.00,3298.80,0.00,3298.80,70568.20,70568.20,0,0,0,0.00,0,F1,25,,,,,
2026-04-28,2026-04-28,FO,NSE,IDO,74050,,NIFTYNXT50,,2026-04-28,2026-04-28,67100.00,CE,NIFTYNXT5026APR67100CE,0.00,0.00,0.00,1145.05,1145.05,1145.05,70568.20,70568.20,25,0,0,0.00,0,F1,25,,,,,
2026-04-28,2026-04-28,FO,NSE,IDO,74078,,NIFTYNXT50,,2026-04-28,2026-04-28,67600.00,CE,NIFTYNXT5026APR67600CE,0.00,0.00,0.00,2678.65,0.00,2678.65,70568.20,70568.20,0,0,0,0.00,0,F1,25,,,,,
2026-04-28,2026-04-28,FO,NSE,IDO,74136,,NIFTYNXT50,,2026-04-28,2026-04-28,68300.00,CE,NIFTYNXT5026APR68300CE,0.00,0.00,0.00,2356.40,0.00,2356.40,70568.20,70568.20,0,0,0,0.00,0,F1,25,,,,,
2026-04-28,2026-04-28,FO,NSE,IDO,74192,,NIFTYNXT50,,2026-04-28,2026-04-28,69900.00,CE,NIFTYNXT5026APR69900CE,0.00,0.00,0.00,1725.05,0.00,1725.05,70568.20,70568.20,0,0,0,0.00,0,F1,25,,,,,
2026-04-28,2026-04-28,FO,NSE,IDO,74201,,NIFTYNXT50,,2026-04-28,2026-04-28,70200.00,CE,NIFTYNXT5026APR70200CE,0.00,0.00,0.00,1622.30,0.00,1622.30,70568.20,70568.20,0,0,0,0.00,0,F1,25,,,,,
2026-04-28,2026-04-28,FO,NSE,IDO,74205,,NIFTYNXT50,,2026-04-28,2026-04-28,70400.00,CE,NIFTYNXT5026APR70400CE,417.25,425.70,228.90,370.00,370.00,1556.40,70568.20,70568.20,100,100,9,15912890.00,7,F1,25,,,,,
2026-04-28,2026-04-28,FO,NSE,IDO,74267,,NIFTYNXT50,,2026-04-28,2026-04-28,71400.00,CE,NIFTYNXT5026APR71400CE,0.00,0.00,0.00,459.65,459.65,459.65,70568.20,70568.20,250,0,0,0.00,0,F1,25,,,,,
2026-04-28,2026-04-28,FO,NSE,IDO,74271,,NIFTYNXT50,,2026-04-28,2026-04-28,71500.00,CE,NIFTYNXT5026APR71500CE,68.00,69.75,0.10,0.60,0.15,69.75,70568.20,70568.20,2750,-625,842,1505346230.00,390,F1,25,,,,,
2026-04-28,2026-04-28,FO,NSE,IDO,74340,,NIFTYNXT50,,2026-04-28,2026-04-28,74700.00,CE,NIFTYNXT5026APR74700CE,0.00,0.00,0.00,579.35,0.00,579.35,70568.20,70568.20,0,0,0,0.00,0,F1,25,,,,,
2026-04-28,2026-04-28,FO,NSE,IDO,74350,,NIFTYNXT50,,2026-04-28,2026-04-28,75200.00,CE,NIFTYNXT5026APR75200CE,0.00,0.00,0.00,510.25,0.00,510.25,70568.20,70568.20,0,0,0,0.00,0,F1,25,,,,,
2026-04-28,2026-04-28,FO,NSE,IDO,74356,,NIFTYNXT50,,2026-04-28,2026-04-28,75500.00,CE,NIFTYNXT5026APR75500CE,0.00,0.00,0.00,472.20,0.00,472.20,70568.20,70568.20,0,0,0,0.00,0,F1,25,,,,,
2026-04-28,2026-04-28,FO,NSE,IDO,74368,,NIFTYNXT50,,2026-04-28,2026-04-28,76100.00,CE,NIFTYNXT5026APR76100CE,0.00,0.00,0.00,403.40,0.00,403.40,70568.20,70568.20,0,0,0,0.00,0,F1,25,,,,,
2026-04-28,2026-04-28,FO,NSE,IDO,49898,,NIFTYNXT50,,2026-05-26,2026-05-26,54400.00,CE,NIFTYNXT5026MAY54400CE,0.00,0.00,0.00,12485.25,0.00,12485.25,70568.20,16409.75,0,0,0,0.00,0,F1,25,,,,,
2026-04-28,2026-04-28,FO,NSE,IDO,49900,,NIFTYNXT50,,2026-05-26,2026-05-26,54600.00,CE,NIFTYNXT5026MAY54600CE,0.00,0.00,0.00,12291.25,0.00,12291.25,70568.20,16210.65,0,0,0,0.00,0,F1,25,,,,,
2026-04-28,2026-04-28,FO,NSE,IDO,43930,,NIFTYNXT50,,2026-05-26,2026-05-26,55700.00,CE,NIFTYNXT5026MAY55700CE,0.00,0.00,0.00,11996.30,0.00,11996.30,70568.20,15115.55,0,0,0,0.00,0,F1,25,,,,,
2026-04-28,2026-04-28,FO,NSE,IDO,73135,,NIFTYNXT50,,2026-05-26,2026-05-26,57000.00,CE,NIFTYNXT5026MAY57000CE,0.00,0.00,0.00,13747.80,0.00,13747.80,70568.20,13821.60,0,0,0,0.00,0,F1,25,,,,,
2026-04-28,2026-04-28,FO,NSE,IDO,41309,,NIFTYNXT50,,2026-05-26,2026-05-26,57400.00,CE,NIFTYNXT5026MAY57400CE,0.00,0.00,0.00,12183.20,0.00,12183.20,70568.20,13423.55,0,0,0,0.00,0,F1,25,,,,,
2026-04-28,2026-04-28,FO,NSE,IDO,73177,,NIFTYNXT50,,2026-05-26,2026-05-26,57500.00,CE,NIFTYNXT5026MAY57500CE,0.00,0.00,0.00,13264.80,0.00,13264.80,70568.20,13324.05,0,0,0,0.00,0,F1,25,,,,,
2026-04-28,2026-04-28,FO,NSE,IDO,73187,,NIFTYNXT50,,2026-05-26,2026-05-26,57900.00,CE,NIFTYNXT5026MAY57900CE,0.00,0.00,0.00,12879.85,0.00,12879.85,70568.20,12926.10,0,0,0,0.00,0,F1,25,,,,,
2026-04-28,2026-04-28,FO,NSE,IDO,73206,,NIFTYNXT50,,2026-05-26,2026-05-26,58200.00,CE,NIFTYNXT5026MAY58200CE,0.00,0.00,0.00,12592.10,0.00,12592.10,70568.20,12627.75,0,0,0,0.00,0,F1,25,,,,,
2026-04-28,2026-04-28,FO,NSE,IDO,73355,,NIFTYNXT50,,2026-05-26,2026-05-26,60000.00,CE,NIFTYNXT5026MAY60000CE,0.00,0.00,0.00,10888.70,0.00,10888.70,70568.20,10840.55,0,0,0,0.00,0,F1,25,,,,,
2026-04-28,2026-04-28,FO,NSE,IDO,73377,,NIFTYNXT50,,2026-05-26,2026-05-26,60300.00,CE,NIFTYNXT5026MAY60300CE,0.00,0.00,0.00,10609.60,0.00,10609.60,70568.20,10543.55,0,0,0,0.00,0,F1,25,,,,,
2026-04-28,2026-04-28,FO,NSE,IDO,73401,,NIFTYNXT50,,2026-05-26,2026-05-26,61200.00,CE,NIFTYNXT5026MAY61200CE,0.00,0.00,0.00,9782.95,0.00,9782.95,70568.20,9655.45,0,0,0,0.00,0,F1,25,,,,,
2026-04-28,2026-04-28,FO,NSE,IDO,73431,,NIFTYNXT50,,2026-05-26,2026-05-26,62200.00,CE,NIFTYNXT5026MAY62200CE,0.00,0.00,0.00,8886.50,0.00,8886.50,70568.20,8676.35,0,0,0,0.00,0,F1,25,,,,,
2026-04-28,2026-04-28,FO,NSE,IDO,73438,,NIFTYNXT50,,2026-05-26,2026-05-26,62300.00,CE,NIFTYNXT5026MAY62300CE,0.00,0.00,0.00,8798.30,0.00,8798.30,70568.20,8579.10,0,0,0,0.00,0,F1,25,,,,,
2026-04-28,2026-04-28,FO,NSE,IDO,73551,,NIFTYNXT50,,2026-05-26,2026-05-26,64200.00,CE,NIFTYNXT5026MAY64200CE,0.00,0.00,0.00,7183.55,0.00,7183.55,70568.20,6766.10,0,0,0,0.00,0,F1,25,,,,,
2026-04-28,2026-04-28,FO,NSE,IDO,73555,,NIFTYNXT50,,2026-05-26,2026-05-26,64400.00,CE,NIFTYNXT5026MAY64400CE,0.00,0.00,0.00,7021.10,0.00,7021.10,70568.20,6580.55,0,0,0,0.00,0,F1,25,,,,,
2026-04-28,2026-04-28,FO,NSE,IDO,73575,,NIFTYNXT50,,2026-05-26,2026-05-26,65300.00,CE,NIFTYNXT5026MAY65300CE,0.00,0.00,0.00,6310.35,0.00,6310.35,70568.20,5763.05,0,0,0,0.00,0,F1,25,,,,,
2026-04-28,2026-04-28,FO,NSE,IDO,73586,,NIFTYNXT50,,2026-05-26,2026-05-26,65700.00,CE,NIFTYNXT5026MAY65700CE,0.00,0.00,0.00,6005.80,0.00,6005.80,70568.20,5410.50,0,0,0,0.00,0,F1,25,,,,,
2026-04-28,2026-04-28,FO,NSE,IDO,73613,,NIFTYNXT50,,2026-05-26,2026-05-26,66200.00,CE,NIFTYNXT5026MAY66200CE,0.00,0.00,0.00,5637.95,0.00,5637.95,70568.20,4980.80,0,0,0,0.00,0,F1,25,,,,,
2026-04-28,2026-04-28,FO,NSE,IDO,73713,,NIFTYNXT50,,2026-05-26,2026-05-26,68100.00,CE,NIFTYNXT5026MAY68100CE,0.00,0.00,0.00,4341.25,0.00,4341.25,70568.20,3484.60,0,0,0,0.00,0,F1,25,,,,,
2026-04-28,2026-04-28,FO,NSE,IDO,73764,,NIFTYNXT50,,2026-05-26,2026-05-26,68300.00,CE,NIFTYNXT5026MAY68300CE,0.00,0.00,0.00,4216.20,0.00,4216.20,70568.20,3342.00,0,0,0,0.00,0,F1,25,,,,,
2026-04-28,2026-04-28,FO,NSE,IDO,73868,,NIFTYNXT50,,2026-05-26,2026-05-26,69600.00,CE,NIFTYNXT5026MAY69600CE,0.00,0.00,0.00,3457.30,0.00,3457.30,70568.20,2494.10,0,0,0,0.00,0,F1,25,,,,,
2026-04-28,2026-04-28,FO,NSE,IDO,73888,,NIFTYNXT50,,2026-05-26,2026-05-26,70600.00,CE,NIFTYNXT5026MAY70600CE,0.00,0.00,0.00,2937.50,0.00,2937.50,70568.20,1940.25,0,0,0,0.00,0,F1,25,,,,,
2026-04-28,2026-04-28,FO,NSE,IDO,74056,,NIFTYNXT50,,2026-05-26,2026-05-26,72700.00,CE,NIFTYNXT5026MAY72700CE,0.00,0.00,0.00,2026.25,0.00,2026.25,70568.20,1058.75,0,0,0,0.00,0,F1,25,,,,,
2026-04-28,2026-04-28,FO,NSE,IDO,74507,,NIFTYNXT50,,2026-05-26,2026-05-26,75500.00,CE,NIFTYNXT5026MAY75500CE,0.00,0.00,0.00,1163.25,0.00,1163.25,70568.20,398.25,0,0,0,0.00,0,F1,25,,,,,
2026-04-28,2026-04-28,FO,NSE,IDO,74527,,NIFTYNXT50,,2026-05-26,2026-05-26,76100.00,CE,NIFTYNXT5026MAY76100CE,0.00,0.00,0.00,1024.00,0.00,1024.00,70568.20,314.60,0,0,0,0.00,0,F1,25,,,,,
2026-04-28,2026-04-28,FO,NSE,IDO,80771,,NIFTYNXT50,,2026-06-30,2026-06-30,51000.00,CE,NIFTYNXT5026JUN51000CE,0.00,0.00,0.00,10380.35,0.00,10380.35,70568.20,20115.75,0,0,0,0.00,0,F1,25,,,,,
2026-04-28,2026-04-28,FO,NSE,IDO,81222,,NIFTYNXT50,,2026-06-30,2026-06-30,56900.00,CE,NIFTYNXT5026JUN56900CE,0.00,0.00,0.00,5400.55,0.00,5400.55,70568.20,14297.45,0,0,0,0.00,0,F1,25,,,,,
2026-04-28,2026-04-28,FO,NSE,IDO,81228,,NIFTYNXT50,,2026-06-30,2026-06-30,57200.00,CE,NIFTYNXT5026JUN57200CE,0.00,0.00,0.00,5184.85,0.00,5184.85,70568.20,14004.05,0,0,0,0.00,0,F1,25,,,,,
2026-04-28,2026-04-28,FO,NSE,IDO,81245,,NIFTYNXT50,,2026-06-30,2026-06-30,57700.00,CE,NIFTYNXT5026JUN57700CE,0.00,0.00,0.00,4833.65,0.00,4833.65,70568.20,13516.15,0,0,0,0.00,0,F1,25,,,,,
2026-04-28,2026-04-28,FO,NSE,IDO,81547,,NIFTYNXT50,,2026-06-30,2026-06-30,63200.00,CE,NIFTYNXT5026JUN63200CE,0.00,0.00,0.00,1932.35,0.00,1932.35,70568.20,8361.10,0,0,0,0.00,0,F1,25,,,,,
2026-04-28,2026-04-28,FO,NSE,IDO,81771,,NIFTYNXT50,,2026-06-30,2026-06-30,67200.00,CE,NIFTYNXT5026JUN67200CE,0.00,0.00,0.00,831.35,0.00,831.35,70568.20,5159.35,0,0,0,0.00,0,F1,25,,,,,
2026-04-28,2026-04-28,FO,NSE,IDO,81789,,NIFTYNXT50,,2026-06-30,2026-06-30,68100.00,CE,NIFTYNXT5026JUN68100CE,0.00,0.00,0.00,673.85,0.00,673.85,70568.20,4539.30,0,0,0,0.00,0,F1,25,,,,,
2026-04-28,2026-04-28,FO,NSE,IDO,82037,,NIFTYNXT50,,2026-06-30,2026-06-30,74000.00,CE,NIFTYNXT5026JUN74000CE,0.00,0.00,0.00,142.60,0.00,142.60,70568.20,1628.50,0,0,0,0.00,0,F1,25,,,,,
2026-04-28,2026-04-28,FO,NSE,IDO,41004,,NIFTYNXT50,,2026-06-30,2026-06-30,76400.00,CE,NIFTYNXT5026JUN76400CE,0.00,0.00,0.00,460.10,0.00,460.10,70568.20,974.95,0,0,0,0.00,0,F1,25,,,,,
2026-04-28,2026-04-28,FO,NSE,IDO,41230,,NIFTYNXT50,,2026-04-28,2026-04-28,54400.00,PE,NIFTYNXT5026APR54400PE,0.00,0.00,0.00,28.15,0.00,28.15,70568.20,70568.20,0,0,0,0.00,0,F1,25,,,,,
2026-04-28,2026-04-28,FO,NSE,IDO,73708,,NIFTYNXT50,,2026-04-28,2026-04-28,56600.00,PE,NIFTYNXT5026APR56600PE,0.00,0.00,0.00,80.35,0.00,80.35,70568.20,70568.20,0,0,0,0.00,0,F1,25,,,,,
2026-04-28,2026-04-28,FO,NSE,IDO,73723,,NIFTYNXT50,,2026-04-28,2026-04-28,57000.00,PE,NIFTYNXT5026APR57000PE,0.00,0.00,0.00,96.55,0.00,96.55,70568.20,70568.20,0,0,0,0.00,0,F1,25,,,,,
2026-04-28,2026-04-28,FO,NSE,IDO,73725,,NIFTYNXT50,,2026-04-28,2026-04-28,57100.00,PE,NIFTYNXT5026APR57100PE,0.00,0.00,0.00,100.95,0.00,100.95,70568.20,70568.20,0,0,0,0.00,0,F1,25,,,,,
2026-04-28,2026-04-28,FO,NSE,IDO,73757,,NIFTYNXT50,,2026-04-28,2026-04-28,57700.00,PE,NIFTYNXT5026APR57700PE,0.00,0.00,0.00,131.30,0.00,131.30,70568.20,70568.20,0,0,0,0.00,0,F1,25,,,,,
2026-04-28,2026-04-28,FO,NSE,IDO,73844,,NIFTYNXT50,,2026-04-28,2026-04-28,61400.00,PE,NIFTYNXT5026APR61400PE,0.00,0.00,0.00,522.55,0.00,522.55,70568.20,70568.20,0,0,0,0.00,0,F1,25,,,,,
2026-04-28,2026-04-28,FO,NSE,IDO,73860,,NIFTYNXT50,,2026-04-28,2026-04-28,61700.00,PE,NIFTYNXT5026APR61700PE,0.00,0.00,0.00,575.05,0.00,575.05,70568.20,70568.20,0,0,0,0.00,0,F1,25,,,,,
2026-04-28,2026-04-28,FO,NSE,IDO,73926,,NIFTYNXT50,,2026-04-28,2026-04-28,62200.00,PE,NIFTYNXT5026APR62200PE,0.00,0.00,0.00,671.20,0.00,671.20,70568.20,70568.20,0,0,0,0.00,0,F1,25,,,,,
2026-04-28,2026-04-28,FO,NSE,IDO,73952,,NIFTYNXT50,,2026-04-28,2026-04-28,63500.00,PE,NIFTYNXT5026APR63500PE,0.00,0.00,0.00,978.45,0.00,978.45,70568.20,70568.20,0,0,0,0.00,0,F1,25,,,,,
2026-04-28,2026-04-28,FO,NSE,IDO,73954,,NIFTYNXT50,,2026-04-28,2026-04-28,63600.00,PE,NIFTYNXT5026APR63600PE,0.00,0.00,0.00,1005.35,0.00,1005.35,70568.20,70568.20,0,0,0,0.00,0,F1,25,,,,,
2026-04-28,2026-04-28,FO,NSE,IDO,74042,,NIFTYNXT50,,2026-04-28,2026-04-28,66800.00,PE,NIFTYNXT5026APR66800PE,0.00,0.00,0.00,2163.10,0.00,2163.10,70568.20,70568.20,0,0,0,0.00,0,F1,25,,,,,
2026-04-28,2026-04-28,FO,NSE,IDO,74177,,NIFTYNXT50,,2026-04-28,2026-04-28,69400.00,PE,NIFTYNXT5026APR69400PE,0.00,0.00,0.00,3547.70,0.00,3547.70,70568.20,70568.20,0,0,0,0.00,0,F1,25,,,,,
2026-04-28,2026-04-28,FO,NSE,IDO,74224,,NIFTYNXT50,,2026-04-28,2026-04-28,70900.00,PE,NIFTYNXT5026APR70900PE,483.70,483.70,136.15,191.00,310.30,604.85,70568.20,70568.20,175,150,17,30243910.00,13,F1,25,,,,,
2026-04-28,2026-04-28,FO,NSE,IDO,74263,,NIFTYNXT50,,2026-04-28,2026-04-28,71200.00,PE,NIFTYNXT5026APR71200PE,0.00,0.00,0.00,4726.20,0.00,4726.20,70568.20,70568.20,0,0,0,0.00,0,F1,25,,,,,
2026-04-28,2026-04-28,FO,NSE,IDO,74268,,NIFTYNXT50,,2026-04-28,2026-04-28,71400.00,PE,NIFTYNXT5026APR71400PE,0.00,0.00,0.00,4867.20,0.00,4867.20,70568.20,70568.20,0,0,0,0.00,0,F1,25,,,,,
2026-04-28,2026-04-28,FO,NSE,IDO,74275,,NIFTYNXT50,,2026-04-28,2026-04-28,71600.00,PE,NIFTYNXT5026APR71600PE,0.00,0.00,0.00,5010.10,0.00,5010.10,70568.20,70568.20,0,0,0,0.00,0,F1,25,,,,,
2026-04-28,2026-04-28,FO,NSE,IDO,74281,,NIFTYNXT50,,2026-04-28,2026-04-28,71800.00,PE,NIFTYNXT5026APR71800PE,0.00,0.00,0.00,5154.85,0.00,5154.85,70568.20,70568.20,0,0,0,0.00,0,F1,25,,,,,
2026-04-28,2026-04-28,FO,NSE,IDO,74283,,NIFTYNXT50,,2026-04-28,2026-04-28,71900.00,PE,NIFTYNXT5026APR71900PE,0.00,0.00,0.00,5227.95,0.00,5227.95,70568.20,70568.20,0,0,0,0.00,0,F1,25,,,,,
2026-04-28,2026-04-28,FO,NSE,IDO,74321,,NIFTYNXT50,,2026-04-28,2026-04-28,73700.00,PE,NIFTYNXT5026APR73700PE,0.00,0.00,0.00,6616.20,0.00,6616.20,70568.20,70568.20,0,0,0,0.00,0,F1,25,,,,,
2026-04-28,2026-04-28,FO,NSE,IDO,74373,,NIFTYNXT50,,2026-04-28,2026-04-28,76200.00,PE,NIFTYNXT5026APR76200PE,0.00,0.00,0.00,8729.30,0.00,8729.30,70568.20,70568.20,0,0,0,0.00,0,F1,25,,,,,
2026-04-28,2026-04-28,FO,NSE,IDO,43905,,NIFTYNXT50,,2026-05-26,2026-05-26,54900.00,PE,NIFTYNXT5026MAY54900PE,0.00,0.00,0.00,29.30,0.00,29.30,70568.20,0.05,0,0,0,0.00,0,F1,25,,,,,
2026-04-28,2026-04-28,FO,NSE,IDO,73134,,NIFTYNXT50,,2026-05-26,2026-05-26,56500.00,PE,NIFTYNXT5026MAY56500PE,0.00,0.00,0.00,23.70,0.00,23.70,70568.20,0.20,0,0,0,0.00,0,F1,25,,,,,
2026-04-28,2026-04-28,FO,NSE,IDO,41298,,NIFTYNXT50,,2026-05-26,2026-05-26,56800.00,PE,NIFTYNXT5026MAY56800PE,0.00,0.00,0.00,34.50,0.00,34.50,70568.20,0.30,0,0,0,0.00,0,F1,25,,,,,
2026-04-28,2026-04-28,FO,NSE,IDO,41312,,NIFTYNXT50,,2026-05-26,2026-05-26,57600.00,PE,NIFTYNXT5026MAY57600PE,0.00,0.00,0.00,51.80,0.00,51.80,70568.20,0.65,0,0,0,0.00,0,F1,25,,,,,
2026-04-28,2026-04-28,FO,NSE,IDO,38415,,NIFTYNXT50,,2026-05-26,2026-05-26,57700.00,PE,NIFTYNXT5026MAY57700PE,0.00,0.00,0.00,37.30,0.00,37.30,70568.20,0.70,0,0,0,0.00,0,F1,25,,,,,
2026-04-28,2026-04-28,FO,NSE,IDO,73347,,NIFTYNXT50,,2026-05-26,2026-05-26,59600.00,PE,NIFTYNXT5026MAY59600PE,0.00,0.00,0.00,103.35,0.00,103.35,70568.20,4.25,0,0,0,0.00,0,F1,25,,,,,
2026-04-28,2026-04-28,FO,NSE,IDO,73376,,NIFTYNXT50,,2026-05-26,2026-05-26,60200.00,PE,NIFTYNXT5026MAY60200PE,0.00,0.00,0.00,132.70,0.00,132.70,70568.20,7.05,0,0,0,0.00,0,F1,25,,,,,
2026-04-28,2026-04-28,FO,NSE,IDO,73384,,NIFTYNXT50,,2026-05-26,2026-05-26,60600.00,PE,NIFTYNXT5026MAY60600PE,0.00,0.00,0.00,155.85,0.00,155.85,70568.20,9.75,0,0,0,0.00,0,F1,25,,,,,
2026-04-28,2026-04-28,FO,NSE,IDO,73400,,NIFTYNXT50,,2026-05-26,2026-05-26,61100.00,PE,NIFTYNXT5026MAY61100PE,0.00,0.00,0.00,189.35,0.00,189.35,70568.20,14.40,0,0,0,0.00,0,F1,25,,,,,
2026-04-28,2026-04-28,FO,NSE,IDO,73402,,NIFTYNXT50,,2026-05-26,2026-05-26,61200.00,PE,NIFTYNXT5026MAY61200PE,0.00,0.00,0.00,196.70,0.00,196.70,70568.20,15.55,0,0,0,0.00,0,F1,25,,,,,
2026-04-28,2026-04-28,FO,NSE,IDO,73554,,NIFTYNXT50,,2026-05-26,2026-05-26,64300.00,PE,NIFTYNXT5026MAY64300PE,0.00,0.00,0.00,564.85,0.00,564.85,70568.20,119.50,0,0,0,0.00,0,F1,25,,,,,
2026-04-28,2026-04-28,FO,NSE,IDO,73566,,NIFTYNXT50,,2026-05-26,2026-05-26,64900.00,PE,NIFTYNXT5026MAY64900PE,0.00,0.00,0.00,674.85,0.00,674.85,70568.20,166.25,0,0,0,0.00,0,F1,25,,,,,
2026-04-28,2026-04-28,FO,NSE,IDO,73610,,NIFTYNXT50,,2026-05-26,2026-05-26,66000.00,PE,NIFTYNXT5026MAY66000PE,0.00,0.00,0.00,916.85,0.00,916.85,70568.20,289.95,0,0,0,0.00,0,F1,25,,,,,
2026-04-28,2026-04-28,FO,NSE,IDO,73657,,NIFTYNXT50,,2026-05-26,2026-05-26,67500.00,PE,NIFTYNXT5026MAY67500PE,0.00,0.00,0.00,1339.30,0.00,1339.30,70568.20,563.45,0,0,0,0.00,0,F1,25,,,,,
2026-04-28,2026-04-28,FO,NSE,IDO,82122,,NIFTYNXT50,,2026-06-30,2026-06-30,80000.00,PE,NIFTYNXT5026JUN80000PE,0.00,0.00,0.00,18239.30,0.00,18239.30,70568.20,8979.90,0,0,0,0.00,0,F1,25,,,,,
2026-04-28,2026-04-28,FO,NSE,IDO,82090,,NIFTYNXT50,,2026-06-30,2026-06-30,77000.00,PE,NIFTYNXT5026JUN77000PE,0.00,0.00,0.00,15328.95,0.00,15328.95,70568.20,6455.65,0,0,0,0.00,0,F1,25,,,,,
2026-04-28,2026-04-28,FO,NSE,IDO,41005,,NIFTYNXT50,,2026-06-30,2026-06-30,76400.00,PE,NIFTYNXT5026JUN76400PE,0.00,0.00,0.00,9622.95,0.00,9622.95,70568.20,5987.00,0,0,0,0.00,0,F1,25,,,,,
2026-04-28,2026-04-28,FO,NSE,IDO,40995,,NIFTYNXT50,,2026-06-30,2026-06-30,75800.00,PE,NIFTYNXT5026JUN75800PE,0.00,0.00,0.00,9100.25,0.00,9100.25,70568.20,5534.95,0,0,0,0.00,0,F1,25,,,,,
2026-04-28,2026-04-28,FO,NSE,IDO,73773,,NIFTYNXT50,,2026-05-26,2026-05-26,68300.00,PE,NIFTYNXT5026MAY68300PE,0.00,0.00,0.00,1613.05,0.00,1613.05,70568.20,770.60,0,0,0,0.00,0,F1,25,,,,,
2026-04-28,2026-04-28,FO,NSE,IDO,73793,,NIFTYNXT50,,2026-05-26,2026-05-26,68500.00,PE,NIFTYNXT5026MAY68500PE,0.00,0.00,0.00,1686.90,0.00,1686.90,70568.20,830.25,0,0,0,0.00,0,F1,25,,,,,
2026-04-28,2026-04-28,FO,NSE,IDO,73849,,NIFTYNXT50,,2026-05-26,2026-05-26,68900.00,PE,NIFTYNXT5026MAY68900PE,0.00,0.00,0.00,1841.25,0.00,1841.25,70568.20,959.15,0,0,0,0.00,0,F1,25,,,,,
2026-04-28,2026-04-28,FO,NSE,IDO,73925,,NIFTYNXT50,,2026-05-26,2026-05-26,71900.00,PE,NIFTYNXT5026MAY71900PE,0.00,0.00,0.00,3282.75,0.00,3282.75,70568.20,2363.25,0,0,0,0.00,0,F1,25,,,,,
2026-04-28,2026-04-28,FO,NSE,IDO,74063,,NIFTYNXT50,,2026-05-26,2026-05-26,72900.00,PE,NIFTYNXT5026MAY72900PE,0.00,0.00,0.00,3872.80,0.00,3872.80,70568.20,3001.90,0,0,0,0.00,0,F1,25,,,,,
2026-04-28,2026-04-28,FO,NSE,IDO,74522,,NIFTYNXT50,,2026-05-26,2026-05-26,75800.00,PE,NIFTYNXT5026MAY75800PE,0.00,0.00,0.00,5865.15,0.00,5865.15,70568.20,5249.70,0,0,0,0.00,0,F1,25,,,,,
2026-04-28,2026-04-28,FO,NSE,IDO,74685,,NIFTYNXT50,,2026-05-26,2026-05-26,81000.00,PE,NIFTYNXT5026MAY81000PE,0.00,0.00,0.00,10204.90,0.00,10204.90,70568.20,10104.65,0,0,0,0.00,0,F1,25,,,,,
2026-04-28,2026-04-28,FO,NSE,IDO,81016,,NIFTYNXT50,,2026-06-30,2026-06-30,55600.00,PE,NIFTYNXT5026JUN55600PE,0.00,0.00,0.00,636.85,0.00,636.85,70568.20,8.85,0,0,0,0.00,0,F1,25,,,,,
2026-04-28,2026-04-28,FO,NSE,IDO,81129,,NIFTYNXT50,,2026-06-30,2026-06-30,56000.00,PE,NIFTYNXT5026JUN56000PE,0.00,0.00,0.00,718.40,0.00,718.40,70568.20,11.20,0,0,0,0.00,0,F1,25,,,,,
2026-04-28,2026-04-28,FO,NSE,IDO,81238,,NIFTYNXT50,,2026-06-30,2026-06-30,57300.00,PE,NIFTYNXT5026JUN57300PE,0.00,0.00,0.00,1037.80,0.00,1037.80,70568.20,23.35,0,0,0,0.00,0,F1,25,,,,,
2026-04-28,2026-04-28,FO,NSE,IDO,81242,,NIFTYNXT50,,2026-06-30,2026-06-30,57500.00,PE,NIFTYNXT5026JUN57500PE,0.00,0.00,0.00,1091.65,0.00,1091.65,70568.20,25.95,0,0,0,0.00,0,F1,25,,,,,
2026-04-28,2026-04-28,FO,NSE,IDO,81332,,NIFTYNXT50,,2026-06-30,2026-06-30,59300.00,PE,NIFTYNXT5026JUN59300PE,0.00,0.00,0.00,1698.80,0.00,1698.80,70568.20,63.85,0,0,0,0.00,0,F1,25,,,,,
2026-04-28,2026-04-28,FO,NSE,IDO,81362,,NIFTYNXT50,,2026-06-30,2026-06-30,60400.00,PE,NIFTYNXT5026JUN60400PE,0.00,0.00,0.00,2160.70,0.00,2160.70,70568.20,104.90,0,0,0,0.00,0,F1,25,,,,,
2026-04-28,2026-04-28,FO,NSE,IDO,81366,,NIFTYNXT50,,2026-06-30,2026-06-30,60600.00,PE,NIFTYNXT5026JUN60600PE,0.00,0.00,0.00,2252.25,0.00,2252.25,70568.20,114.35,0,0,0,0.00,0,F1,25,,,,,
2026-04-28,2026-04-28,FO,NSE,IDO,81368,,NIFTYNXT50,,2026-06-30,2026-06-30,60700.00,PE,NIFTYNXT5026JUN60700PE,0.00,0.00,0.00,2298.90,0.00,2298.90,70568.20,119.30,0,0,0,0.00,0,F1,25,,,,,
2026-04-28,2026-04-28,FO,NSE,IDO,81496,,NIFTYNXT50,,2026-06-30,2026-06-30,62000.00,PE,NIFTYNXT5026JUN62000PE,0.00,0.00,0.00,2957.60,0.00,2957.60,70568.20,202.00,0,0,0,0.00,0,F1,25,,,,,
2026-04-28,2026-04-28,FO,NSE,IDO,81500,,NIFTYNXT50,,2026-06-30,2026-06-30,62200.00,PE,NIFTYNXT5026JUN62200PE,0.00,0.00,0.00,3067.55,0.00,3067.55,70568.20,218.10,0,0,0,0.00,0,F1,25,,,,,
2026-04-28,2026-04-28,FO,NSE,IDO,81502,,NIFTYNXT50,,2026-06-30,2026-06-30,62300.00,PE,NIFTYNXT5026JUN62300PE,0.00,0.00,0.00,3123.35,0.00,3123.35,70568.20,226.55,0,0,0,0.00,0,F1,25,,,,,
2026-04-28,2026-04-28,FO,NSE,IDO,81617,,NIFTYNXT50,,2026-06-30,2026-06-30,64000.00,PE,NIFTYNXT5026JUN64000PE,0.00,0.00,0.00,4155.30,0.00,4155.30,70568.20,414.20,0,0,0,0.00,0,F1,25,,,,,
2026-04-28,2026-04-28,FO,NSE,IDO,81665,,NIFTYNXT50,,2026-06-30,2026-06-30,65300.00,PE,NIFTYNXT5026JUN65300PE,0.00,0.00,0.00,5043.70,0.00,5043.70,70568.20,625.80,0,0,0,0.00,0,F1,25,,,,,
2026-04-28,2026-04-28,FO,NSE,IDO,81675,,NIFTYNXT50,,2026-06-30,2026-06-30,65800.00,PE,NIFTYNXT5026JUN65800PE,0.00,0.00,0.00,5408.95,0.00,5408.95,70568.20,725.80,0,0,0,0.00,0,F1,25,,,,,
2026-04-28,2026-04-28,FO,NSE,IDO,40991,,NIFTYNXT50,,2026-06-30,2026-06-30,75600.00,PE,NIFTYNXT5026JUN75600PE,0.00,0.00,0.00,8927.90,0.00,8927.90,70568.20,5383.70,0,0,0,0.00,0,F1,25,,,,,
2026-04-28,2026-04-28,FO,NSE,IDO,74276,,NIFTYNXT50,,2026-04-28,2026-04-28,71700.00,CE,NIFTYNXT5026APR71700CE,0.00,0.00,0.00,373.80,373.80,373.80,70568.20,70568.20,400,0,0,0.00,0,F1,25,,,,,
2026-04-28,2026-04-28,FO,NSE,IDO,74210,,NIFTYNXT50,,2026-04-28,2026-04-28,70600.00,CE,NIFTYNXT5026APR70600CE,221.00,232.15,0.80,4.55,0.90,341.25,70568.20,70568.20,7500,7450,772,1363234203.75,201,F1,25,,,,,
2026-04-28,2026-04-28,FO,NSE,IDO,74158,,NIFTYNXT50,,2026-04-28,2026-04-28,69100.00,CE,NIFTYNXT5026APR69100CE,0.00,0.00,0.00,2022.80,0.00,2022.80,70568.20,70568.20,0,0,0,0.00,0,F1,25,,,,,
2026-04-28,2026-04-28,FO,NSE,IDO,74054,,NIFTYNXT50,,2026-04-28,2026-04-28,67300.00,CE,NIFTYNXT5026APR67300CE,0.00,0.00,0.00,1751.75,1751.75,1751.75,70568.20,70568.20,25,0,0,0.00,0,F1,25,,,,,
2026-04-28,2026-04-28,FO,NSE,IDO,74025,,NIFTYNXT50,,2026-04-28,2026-04-28,66000.00,CE,NIFTYNXT5026APR66000CE,0.00,0.00,0.00,2200.00,2200.00,2200.00,70568.20,70568.20,300,0,0,0.00,0,F1,25,,,,,
2026-04-28,2026-04-28,FO,NSE,IDO,74027,,NIFTYNXT50,,2026-04-28,2026-04-28,66100.00,CE,NIFTYNXT5026APR66100CE,0.00,0.00,0.00,3467.15,0.00,3467.15,70568.20,70568.20,0,0,0,0.00,0,F1,25,,,,,
2026-04-28,2026-04-28,FO,NSE,IDO,74031,,NIFTYNXT50,,2026-04-28,2026-04-28,66300.00,CE,NIFTYNXT5026APR66300CE,0.00,0.00,0.00,3354.30,0.00,3354.30,70568.20,70568.20,0,0,0,0.00,0,F1,25,,,,,
2026-04-28,2026-04-28,FO,NSE,IDO,74048,,NIFTYNXT50,,2026-05-26,2026-05-26,72600.00,CE,NIFTYNXT5026MAY72600CE,0.00,0.00,0.00,2064.25,0.00,2064.25,70568.20,1092.45,0,0,0,0.00,0,F1,25,,,,,
2026-04-28,2026-04-28,FO,NSE,IDO,82124,,NIFTYNXT50,,2026-06-30,2026-06-30,80500.00,PE,NIFTYNXT5026JUN80500PE,0.00,0.00,0.00,18726.95,0.00,18726.95,70568.20,9424.50,0,0,0,0.00,0,F1,25,,,,,
2026-04-28,2026-04-28,FO,NSE,IDO,82120,,NIFTYNXT50,,2026-06-30,2026-06-30,79500.00,PE,NIFTYNXT5026JUN79500PE,0.00,0.00,0.00,17752.25,0.00,17752.25,70568.20,8541.20,0,0,0,0.00,0,F1,25,,,,,
2026-04-28,2026-04-28,FO,NSE,IDO,40997,,NIFTYNXT50,,2026-06-30,2026-06-30,75900.00,PE,NIFTYNXT5026JUN75900PE,0.00,0.00,0.00,9186.80,0.00,9186.80,70568.20,5609.70,0,0,0,0.00,0,F1,25,,,,,
2026-04-28,2026-04-28,FO,NSE,IDO,42131,,NIFTYNXT50,,2026-06-30,2026-06-30,75100.00,PE,NIFTYNXT5026JUN75100PE,0.00,0.00,0.00,11080.95,0.00,11080.95,70568.20,5021.60,0,0,0,0.00,0,F1,25,,,,,
2026-04-28,2026-04-28,FO,NSE,IDO,38769,,NIFTYNXT50,,2026-06-30,2026-06-30,74100.00,PE,NIFTYNXT5026JUN74100PE,0.00,0.00,0.00,10414.75,0.00,10414.75,70568.20,4332.55,0,0,0,0.00,0,F1,25,,,,,
2026-04-28,2026-04-28,FO,NSE,IDO,82016,,NIFTYNXT50,,2026-06-30,2026-06-30,72200.00,PE,NIFTYNXT5026JUN72200PE,0.00,0.00,0.00,10793.20,0.00,10793.20,70568.20,3164.70,0,0,0,0.00,0,F1,25,,,,,
2026-04-28,2026-04-28,FO,NSE,IDO,82001,,NIFTYNXT50,,2026-06-30,2026-06-30,71700.00,PE,NIFTYNXT5026JUN71700PE,0.00,0.00,0.00,10336.45,0.00,10336.45,70568.20,2890.30,0,0,0,0.00,0,F1,25,,,,,
2026-04-28,2026-04-28,FO,NSE,IDO,81743,,NIFTYNXT50,,2026-06-30,2026-06-30,66800.00,PE,NIFTYNXT5026JUN66800PE,0.00,0.00,0.00,6164.15,0.00,6164.15,70568.20,963.00,0,0,0,0.00,0,F1,25,,,,,
2026-04-28,2026-04-28,FO,NSE,IDO,81657,,NIFTYNXT50,,2026-06-30,2026-06-30,64900.00,PE,NIFTYNXT5026JUN64900PE,0.00,0.00,0.00,4761.80,0.00,4761.80,70568.20,553.55,0,0,0,0.00,0,F1,25,,,,,
2026-04-28,2026-04-28,FO,NSE,IDO,81655,,NIFTYNXT50,,2026-06-30,2026-06-30,64800.00,PE,NIFTYNXT5026JUN64800PE,0.00,0.00,0.00,4692.50,0.00,4692.50,70568.20,536.50,0,0,0,0.00,0,F1,25,,,,,
2026-04-28,2026-04-28,FO,NSE,IDO,81570,,NIFTYNXT50,,2026-06-30,2026-06-30,63700.00,PE,NIFTYNXT5026JUN63700PE,0.00,0.00,0.00,3962.10,0.00,3962.10,70568.20,374.40,0,0,0,0.00,0,F1,25,,,,,
2026-04-28,2026-04-28,FO,NSE,IDO,81370,,NIFTYNXT50,,2026-06-30,2026-06-30,60800.00,PE,NIFTYNXT5026JUN60800PE,0.00,0.00,0.00,2346.10,0.00,2346.10,70568.20,124.45,0,0,0,0.00,0,F1,25,,,,,
2026-04-28,2026-04-28,FO,NSE,IDO,81344,,NIFTYNXT50,,2026-06-30,2026-06-30,59700.00,PE,NIFTYNXT5026JUN59700PE,0.00,0.00,0.00,1858.65,0.00,1858.65,70568.20,76.85,0,0,0,0.00,0,F1,25,,,,,
2026-04-28,2026-04-28,FO,NSE,IDO,81329,,NIFTYNXT50,,2026-06-30,2026-06-30,59200.00,PE,NIFTYNXT5026JUN59200PE,0.00,0.00,0.00,1660.30,0.00,1660.30,70568.20,60.95,0,0,0,0.00,0,F1,25,,,,,
2026-04-28,2026-04-28,FO,NSE,IDO,81281,,NIFTYNXT50,,2026-06-30,2026-06-30,58200.00,PE,NIFTYNXT5026JUN58200PE,0.00,0.00,0.00,1306.40,0.00,1306.40,70568.20,37.35,0,0,0,0.00,0,F1,25,,,,,
2026-04-28,2026-04-28,FO,NSE,IDO,81254,,NIFTYNXT50,,2026-06-30,2026-06-30,57800.00,PE,NIFTYNXT5026JUN57800PE,0.00,0.00,0.00,1180.40,0.00,1180.40,70568.20,30.40,0,0,0,0.00,0,F1,25,,,,,
2026-04-28,2026-04-28,FO,NSE,IDO,81246,,NIFTYNXT50,,2026-06-30,2026-06-30,57700.00,PE,NIFTYNXT5026JUN57700PE,0.00,0.00,0.00,1150.30,0.00,1150.30,70568.20,28.85,0,0,0,0.00,0,F1,25,,,,,
2026-04-28,2026-04-28,FO,NSE,IDO,81215,,NIFTYNXT50,,2026-06-30,2026-06-30,56500.00,PE,NIFTYNXT5026JUN56500PE,0.00,0.00,0.00,830.80,0.00,830.80,70568.20,15.00,0,0,0,0.00,0,F1,25,,,,,
2026-04-28,2026-04-28,FO,NSE,IDO,81010,,NIFTYNXT50,,2026-06-30,2026-06-30,55300.00,PE,NIFTYNXT5026JUN55300PE,0.00,0.00,0.00,580.35,0.00,580.35,70568.20,7.35,0,0,0,0.00,0,F1,25,,,,,
2026-04-28,2026-04-28,FO,NSE,IDO,81004,,NIFTYNXT50,,2026-06-30,2026-06-30,55000.00,PE,NIFTYNXT5026JUN55000PE,0.00,0.00,0.00,527.70,0.00,527.70,70568.20,6.10,0,0,0,0.00,0,F1,25,,,,,
2026-04-28,2026-04-28,FO,NSE,IDO,80980,,NIFTYNXT50,,2026-06-30,2026-06-30,54600.00,PE,NIFTYNXT5026JUN54600PE,0.00,0.00,0.00,463.20,0.00,463.20,70568.20,4.70,0,0,0,0.00,0,F1,25,,,,,
2026-04-28,2026-04-28,FO,NSE,IDO,80969,,NIFTYNXT50,,2026-06-30,2026-06-30,54300.00,PE,NIFTYNXT5026JUN54300PE,0.00,0.00,0.00,418.90,0.00,418.90,70568.20,3.90,0,0,0,0.00,0,F1,25,,,,,
2026-04-28,2026-04-28,FO,NSE,IDO,80881,,NIFTYNXT50,,2026-06-30,2026-06-30,53000.00,PE,NIFTYNXT5026JUN53000PE,0.00,0.00,0.00,263.40,0.00,263.40,70568.20,1.60,0,0,0,0.00,0,F1,25,,,,,
2026-04-28,2026-04-28,FO,NSE,IDO,74549,,NIFTYNXT50,,2026-05-26,2026-05-26,76700.00,PE,NIFTYNXT5026MAY76700PE,0.00,0.00,0.00,6553.70,0.00,6553.70,70568.20,6037.50,0,0,0,0.00,0,F1,25,,,,,
2026-04-28,2026-04-28,FO,NSE,IDO,74539,,NIFTYNXT50,,2026-05-26,2026-05-26,76300.00,PE,NIFTYNXT5026MAY76300PE,0.00,0.00,0.00,6242.80,0.00,6242.80,70568.20,5683.30,0,0,0,0.00,0,F1,25,,,,,
2026-04-28,2026-04-28,FO,NSE,IDO,74526,,NIFTYNXT50,,2026-05-26,2026-05-26,76000.00,PE,NIFTYNXT5026MAY76000PE,0.00,0.00,0.00,6016.25,0.00,6016.25,70568.20,5421.85,0,0,0,0.00,0,F1,25,,,,,
2026-04-28,2026-04-28,FO,NSE,IDO,74502,,NIFTYNXT50,,2026-05-26,2026-05-26,75300.00,PE,NIFTYNXT5026MAY75300PE,0.00,0.00,0.00,5491.65,0.00,5491.65,70568.20,4827.45,0,0,0,0.00,0,F1,25,,,,,
2026-04-28,2026-04-28,FO,NSE,IDO,74497,,NIFTYNXT50,,2026-05-26,2026-05-26,75100.00,PE,NIFTYNXT5026MAY75100PE,0.00,0.00,0.00,5346.65,0.00,5346.65,70568.20,4662.05,0,0,0,0.00,0,F1,25,,,,,
2026-04-28,2026-04-28,FO,NSE,IDO,74388,,NIFTYNXT50,,2026-05-26,2026-05-26,73700.00,PE,NIFTYNXT5026MAY73700PE,0.00,0.00,0.00,4381.90,0.00,4381.90,70568.20,3568.05,0,0,0,0.00,0,F1,25,,,,,
2026-04-28,2026-04-28,FO,NSE,IDO,74009,,NIFTYNXT50,,2026-05-26,2026-05-26,72300.00,PE,NIFTYNXT5026MAY72300PE,0.00,0.00,0.00,3512.45,0.00,3512.45,70568.20,2609.05,0,0,0,0.00,0,F1,25,,,,,
2026-04-28,2026-04-28,FO,NSE,IDO,73875,,NIFTYNXT50,,2026-05-26,2026-05-26,69900.00,PE,NIFTYNXT5026MAY69900PE,0.00,0.00,0.00,2266.05,0.00,2266.05,70568.20,1340.20,0,0,0,0.00,0,F1,25,,,,,
2026-04-28,2026-04-28,FO,NSE,IDO,73869,,NIFTYNXT50,,2026-05-26,2026-05-26,69600.00,PE,NIFTYNXT5026MAY69600PE,0.00,0.00,0.00,2132.70,0.00,2132.70,70568.20,1216.90,0,0,0,0.00,0,F1,25,,,,,
2026-04-28,2026-04-28,FO,NSE,IDO,73562,,NIFTYNXT50,,2026-05-26,2026-05-26,64700.00,PE,NIFTYNXT5026MAY64700PE,0.00,0.00,0.00,636.55,0.00,636.55,70568.20,149.25,0,0,0,0.00,0,F1,25,,,,,
2026-04-28,2026-04-28,FO,NSE,IDO,73550,,NIFTYNXT50,,2026-05-26,2026-05-26,64100.00,PE,NIFTYNXT5026MAY64100PE,0.00,0.00,0.00,531.35,0.00,531.35,70568.20,106.60,0,0,0,0.00,0,F1,25,,,,,
2026-04-28,2026-04-28,FO,NSE,IDO,73544,,NIFTYNXT50,,2026-05-26,2026-05-26,63900.00,PE,NIFTYNXT5026MAY63900PE,0.00,0.00,0.00,499.40,0.00,499.40,70568.20,94.85,0,0,0,0.00,0,F1,25,,,,,
2026-04-28,2026-04-28,FO,NSE,IDO,73380,,NIFTYNXT50,,2026-05-26,2026-05-26,60400.00,PE,NIFTYNXT5026MAY60400PE,0.00,0.00,0.00,143.90,0.00,143.90,70568.20,8.30,0,0,0,0.00,0,F1,25,,,,,
2026-04-28,2026-04-28,FO,NSE,IDO,73337,,NIFTYNXT50,,2026-05-26,2026-05-26,59500.00,PE,NIFTYNXT5026MAY59500PE,0.00,0.00,0.00,99.00,0.00,99.00,70568.20,3.90,0,0,0,0.00,0,F1,25,,,,,
2026-04-28,2026-04-28,FO,NSE,IDO,73285,,NIFTYNXT50,,2026-05-26,2026-05-26,58600.00,PE,NIFTYNXT5026MAY58600PE,0.00,0.00,0.00,66.50,0.00,66.50,70568.20,1.75,0,0,0,0.00,0,F1,25,,,,,
2026-04-28,2026-04-28,FO,NSE,IDO,41304,,NIFTYNXT50,,2026-05-26,2026-05-26,57200.00,PE,NIFTYNXT5026MAY57200PE,0.00,0.00,0.00,42.40,0.00,42.40,70568.20,0.45,0,0,0,0.00,0,F1,25,,,,,
2026-04-28,2026-04-28,FO,NSE,IDO,73124,,NIFTYNXT50,,2026-05-26,2026-05-26,54000.00,PE,NIFTYNXT5026MAY54000PE,0.00,0.00,0.00,5.65,0.00,5.65,70568.20,0.05,0,0,0,0.00,0,F1,25,,,,,
2026-04-28,2026-04-28,FO,NSE,IDO,74302,,NIFTYNXT50,,2026-04-28,2026-04-28,72800.00,CE,NIFTYNXT5026APR72800CE,0.00,0.00,0.00,917.70,0.00,917.70,70568.20,70568.20,0,0,0,0.00,0,F1,25,,,,,
2026-04-28,2026-04-28,FO,NSE,IDO,74316,,NIFTYNXT50,,2026-04-28,2026-04-28,73500.00,CE,NIFTYNXT5026APR73500CE,0.00,0.00,0.00,777.95,0.00,777.95,70568.20,70568.20,0,0,0,0.00,0,F1,25,,,,,
2026-04-28,2026-04-28,FO,NSE,IDO,74320,,NIFTYNXT50,,2026-04-28,2026-04-28,73700.00,CE,NIFTYNXT5026APR73700CE,0.00,0.00,0.00,741.40,0.00,741.40,70568.20,70568.20,0,0,0,0.00,0,F1,25,,,,,
2026-04-28,2026-04-28,FO,NSE,IDO,74360,,NIFTYNXT50,,2026-04-28,2026-04-28,75700.00,CE,NIFTYNXT5026APR75700CE,0.00,0.00,0.00,448.25,0.00,448.25,70568.20,70568.20,0,0,0,0.00,0,F1,25,,,,,
2026-04-28,2026-04-28,FO,NSE,IDO,74017,,NIFTYNXT50,,2026-04-28,2026-04-28,65700.00,CE,NIFTYNXT5026APR65700CE,0.00,0.00,0.00,3699.90,0.00,3699.90,70568.20,70568.20,0,0,0,0.00,0,F1,25,,,,,
2026-04-28,2026-04-28,FO,NSE,IDO,74008,,NIFTYNXT50,,2026-04-28,2026-04-28,65400.00,CE,NIFTYNXT5026APR65400CE,0.00,0.00,0.00,3880.65,0.00,3880.65,70568.20,70568.20,0,0,0,0.00,0,F1,25,,,,,
2026-04-28,2026-04-28,FO,NSE,IDO,73951,,NIFTYNXT50,,2026-04-28,2026-04-28,63500.00,CE,NIFTYNXT5026APR63500CE,0.00,0.00,0.00,5147.45,0.00,5147.45,70568.20,70568.20,0,0,0,0.00,0,F1,25,,,,,
2026-04-28,2026-04-28,FO,NSE,IDO,73863,,NIFTYNXT50,,2026-04-28,2026-04-28,61900.00,CE,NIFTYNXT5026APR61900CE,0.00,0.00,0.00,6356.70,0.00,6356.70,70568.20,70568.20,0,0,0,0.00,0,F1,25,,,,,
2026-04-28,2026-04-28,FO,NSE,IDO,73847,,NIFTYNXT50,,2026-04-28,2026-04-28,61600.00,CE,NIFTYNXT5026APR61600CE,0.00,0.00,0.00,6597.05,0.00,6597.05,70568.20,70568.20,0,0,0,0.00,0,F1,25,,,,,
2026-04-28,2026-04-28,FO,NSE,IDO,73826,,NIFTYNXT50,,2026-04-28,2026-04-28,60700.00,CE,NIFTYNXT5026APR60700CE,0.00,0.00,0.00,7340.40,0.00,7340.40,70568.20,70568.20,0,0,0,0.00,0,F1,25,,,,,
2026-04-28,2026-04-28,FO,NSE,IDO,73814,,NIFTYNXT50,,2026-04-28,2026-04-28,60100.00,CE,NIFTYNXT5026APR60100CE,0.00,0.00,0.00,7853.00,0.00,7853.00,70568.20,70568.20,0,0,0,0.00,0,F1,25,,,,,
2026-04-28,2026-04-28,FO,NSE,IDO,73796,,NIFTYNXT50,,2026-04-28,2026-04-28,59300.00,CE,NIFTYNXT5026APR59300CE,0.00,0.00,0.00,8555.05,0.00,8555.05,70568.20,70568.20,0,0,0,0.00,0,F1,25,,,,,
2026-04-28,2026-04-28,FO,NSE,IDO,35289,,NIFTYNXT50,,2026-06-30,2026-06-30,73300.00,PE,NIFTYNXT5026JUN73300PE,0.00,0.00,0.00,10388.85,0.00,10388.85,70568.20,3817.30,0,0,0,0.00,0,F1,25,,,,,
2026-04-28,2026-04-28,FO,NSE,IDO,82011,,NIFTYNXT50,,2026-06-30,2026-06-30,72100.00,PE,NIFTYNXT5026JUN72100PE,0.00,0.00,0.00,10701.55,0.00,10701.55,70568.20,3108.65,0,0,0,0.00,0,F1,25,,,,,
2026-04-28,2026-04-28,FO,NSE,IDO,81999,,NIFTYNXT50,,2026-06-30,2026-06-30,71600.00,PE,NIFTYNXT5026JUN71600PE,0.00,0.00,0.00,10245.60,0.00,10245.60,70568.20,2837.10,0,0,0,0.00,0,F1,25,,,,,
2026-04-28,2026-04-28,FO,NSE,IDO,81975,,NIFTYNXT50,,2026-06-30,2026-06-30,70400.00,PE,NIFTYNXT5026JUN70400PE,0.00,0.00,0.00,9170.30,0.00,9170.30,70568.20,2244.35,0,0,0,0.00,0,F1,25,,,,,
2026-04-28,2026-04-28,FO,NSE,IDO,81892,,NIFTYNXT50,,2026-06-30,2026-06-30,69400.00,PE,NIFTYNXT5026JUN69400PE,0.00,0.00,0.00,8298.15,0.00,8298.15,70568.20,1814.05,0,0,0,0.00,0,F1,25,,,,,
2026-04-28,2026-04-28,FO,NSE,IDO,81768,,NIFTYNXT50,,2026-06-30,2026-06-30,67000.00,PE,NIFTYNXT5026JUN67000PE,0.00,0.00,0.00,6320.25,0.00,6320.25,70568.20,1015.55,0,0,0,0.00,0,F1,25,,,,,
2026-04-28,2026-04-28,FO,NSE,IDO,81671,,NIFTYNXT50,,2026-06-30,2026-06-30,65600.00,PE,NIFTYNXT5026JUN65600PE,0.00,0.00,0.00,5259.90,0.00,5259.90,70568.20,684.50,0,0,0,0.00,0,F1,25,,,,,
2026-04-28,2026-04-28,FO,NSE,IDO,81562,,NIFTYNXT50,,2026-06-30,2026-06-30,63300.00,PE,NIFTYNXT5026JUN63300PE,0.00,0.00,0.00,3711.75,0.00,3711.75,70568.20,326.05,0,0,0,0.00,0,F1,25,,,,,
2026-04-28,2026-04-28,FO,NSE,IDO,81510,,NIFTYNXT50,,2026-06-30,2026-06-30,62700.00,PE,NIFTYNXT5026JUN62700PE,0.00,0.00,0.00,3352.15,0.00,3352.15,70568.20,262.90,0,0,0,0.00,0,F1,25,,,,,
2026-04-28,2026-04-28,FO,NSE,IDO,81506,,NIFTYNXT50,,2026-06-30,2026-06-30,62500.00,PE,NIFTYNXT5026JUN62500PE,0.00,0.00,0.00,3236.65,0.00,3236.65,70568.20,244.15,0,0,0,0.00,0,F1,25,,,,,
2026-04-28,2026-04-28,FO,NSE,IDO,81504,,NIFTYNXT50,,2026-06-30,2026-06-30,62400.00,PE,NIFTYNXT5026JUN62400PE,0.00,0.00,0.00,3179.70,0.00,3179.70,70568.20,235.20,0,0,0,0.00,0,F1,25,,,,,
2026-04-28,2026-04-28,FO,NSE,IDO,81340,,NIFTYNXT50,,2026-06-30,2026-06-30,59500.00,PE,NIFTYNXT5026JUN59500PE,0.00,0.00,0.00,1777.60,0.00,1777.60,70568.20,70.10,0,0,0,0.00,0,F1,25,,,,,
2026-04-28,2026-04-28,FO,NSE,IDO,81317,,NIFTYNXT50,,2026-06-30,2026-06-30,59000.00,PE,NIFTYNXT5026JUN59000PE,0.00,0.00,0.00,1585.00,0.00,1585.00,70568.20,55.40,0,0,0,0.00,0,F1,25,,,,,
2026-04-28,2026-04-28,FO,NSE,IDO,81283,,NIFTYNXT50,,2026-06-30,2026-06-30,58300.00,PE,NIFTYNXT5026JUN58300PE,0.00,0.00,0.00,1339.25,0.00,1339.25,70568.20,39.30,0,0,0,0.00,0,F1,25,,,,,
2026-04-28,2026-04-28,FO,NSE,IDO,81014,,NIFTYNXT50,,2026-06-30,2026-06-30,55500.00,PE,NIFTYNXT5026JUN55500PE,0.00,0.00,0.00,617.60,0.00,617.60,70568.20,8.30,0,0,0,0.00,0,F1,25,,,,,
2026-04-28,2026-04-28,FO,NSE,IDO,80947,,NIFTYNXT50,,2026-06-30,2026-06-30,54000.00,PE,NIFTYNXT5026JUN54000PE,0.00,0.00,0.00,377.95,0.00,377.95,70568.20,3.20,0,0,0,0.00,0,F1,25,,,,,
2026-04-28,2026-04-28,FO,NSE,IDO,80772,,NIFTYNXT50,,2026-06-30,2026-06-30,51000.00,PE,NIFTYNXT5026JUN51000PE,0.00,0.00,0.00,116.95,0.00,116.95,70568.20,0.35,0,0,0,0.00,0,F1,25,,,,,
2026-04-28,2026-04-28,FO,NSE,IDO,74543,,NIFTYNXT50,,2026-05-26,2026-05-26,76500.00,PE,NIFTYNXT5026MAY76500PE,0.00,0.00,0.00,6397.50,0.00,6397.50,70568.20,5859.65,0,0,0,0.00,0,F1,25,,,,,
2026-04-28,2026-04-28,FO,NSE,IDO,74541,,NIFTYNXT50,,2026-05-26,2026-05-26,76400.00,PE,NIFTYNXT5026MAY76400PE,0.00,0.00,0.00,6319.95,0.00,6319.95,70568.20,5771.30,0,0,0,0.00,0,F1,25,,,,,
2026-04-28,2026-04-28,FO,NSE,IDO,74508,,NIFTYNXT50,,2026-05-26,2026-05-26,75500.00,PE,NIFTYNXT5026MAY75500PE,0.00,0.00,0.00,5641.55,0.00,5641.55,70568.20,4994.90,0,0,0,0.00,0,F1,25,,,,,
2026-04-28,2026-04-28,FO,NSE,IDO,74391,,NIFTYNXT50,,2026-05-26,2026-05-26,73800.00,PE,NIFTYNXT5026MAY73800PE,0.00,0.00,0.00,4447.80,0.00,4447.80,70568.20,3642.00,0,0,0,0.00,0,F1,25,,,,,
2026-04-28,2026-04-28,FO,NSE,IDO,74083,,NIFTYNXT50,,2026-05-26,2026-05-26,73200.00,PE,NIFTYNXT5026MAY73200PE,0.00,0.00,0.00,4059.95,0.00,4059.95,70568.20,3208.75,0,0,0,0.00,0,F1,25,,,,,
2026-04-28,2026-04-28,FO,NSE,IDO,74046,,NIFTYNXT50,,2026-05-26,2026-05-26,72500.00,PE,NIFTYNXT5026MAY72500PE,0.00,0.00,0.00,3630.50,0.00,3630.50,70568.20,2736.85,0,0,0,0.00,0,F1,25,,,,,
2026-04-28,2026-04-28,FO,NSE,IDO,73911,,NIFTYNXT50,,2026-05-26,2026-05-26,71700.00,PE,NIFTYNXT5026MAY71700PE,0.00,0.00,0.00,3171.15,0.00,3171.15,70568.20,2245.35,0,0,0,0.00,0,F1,25,,,,,
2026-04-28,2026-04-28,FO,NSE,IDO,73899,,NIFTYNXT50,,2026-05-26,2026-05-26,71100.00,PE,NIFTYNXT5026MAY71100PE,0.00,0.00,0.00,2849.40,0.00,2849.40,70568.20,1912.15,0,0,0,0.00,0,F1,25,,,,,
2026-04-28,2026-04-28,FO,NSE,IDO,73652,,NIFTYNXT50,,2026-05-26,2026-05-26,67300.00,PE,NIFTYNXT5026MAY67300PE,0.00,0.00,0.00,1276.15,0.00,1276.15,70568.20,518.70,0,0,0,0.00,0,F1,25,,,,,
2026-04-28,2026-04-28,FO,NSE,IDO,73585,,NIFTYNXT50,,2026-05-26,2026-05-26,65600.00,PE,NIFTYNXT5026MAY65600PE,0.00,0.00,0.00,822.55,0.00,822.55,70568.20,238.55,0,0,0,0.00,0,F1,25,,,,,
2026-04-28,2026-04-28,FO,NSE,IDO,73578,,NIFTYNXT50,,2026-05-26,2026-05-26,65400.00,PE,NIFTYNXT5026MAY65400PE,0.00,0.00,0.00,778.15,0.00,778.15,70568.20,215.70,0,0,0,0.00,0,F1,25,,,,,
2026-04-28,2026-04-28,FO,NSE,IDO,73576,,NIFTYNXT50,,2026-05-26,2026-05-26,65300.00,PE,NIFTYNXT5026MAY65300PE,0.00,0.00,0.00,756.60,0.00,756.60,70568.20,204.95,0,0,0,0.00,0,F1,25,,,,,
2026-04-28,2026-04-28,FO,NSE,IDO,73572,,NIFTYNXT50,,2026-05-26,2026-05-26,65100.00,PE,NIFTYNXT5026MAY65100PE,0.00,0.00,0.00,714.85,0.00,714.85,70568.20,184.80,0,0,0,0.00,0,F1,25,,,,,
2026-04-28,2026-04-28,FO,NSE,IDO,73552,,NIFTYNXT50,,2026-05-26,2026-05-26,64200.00,PE,NIFTYNXT5026MAY64200PE,0.00,0.00,0.00,547.90,0.00,547.90,70568.20,112.90,0,0,0,0.00,0,F1,25,,,,,
2026-04-28,2026-04-28,FO,NSE,IDO,73420,,NIFTYNXT50,,2026-05-26,2026-05-26,61900.00,PE,NIFTYNXT5026MAY61900PE,0.00,0.00,0.00,254.95,0.00,254.95,70568.20,25.95,0,0,0,0.00,0,F1,25,,,,,
2026-04-28,2026-04-28,FO,NSE,IDO,73410,,NIFTYNXT50,,2026-05-26,2026-05-26,61600.00,PE,NIFTYNXT5026MAY61600PE,0.00,0.00,0.00,228.50,0.00,228.50,70568.20,20.90,0,0,0,0.00,0,F1,25,,,,,
2026-04-28,2026-04-28,FO,NSE,IDO,73378,,NIFTYNXT50,,2026-05-26,2026-05-26,60300.00,PE,NIFTYNXT5026MAY60300PE,0.00,0.00,0.00,138.20,0.00,138.20,70568.20,7.65,0,0,0,0.00,0,F1,25,,,,,
2026-04-28,2026-04-28,FO,NSE,IDO,43917,,NIFTYNXT50,,2026-05-26,2026-05-26,55600.00,PE,NIFTYNXT5026MAY55600PE,0.00,0.00,0.00,42.50,0.00,42.50,70568.20,0.10,0,0,0,0.00,0,F1,25,,,,,
2026-04-28,2026-04-28,FO,NSE,IDO,43911,,NIFTYNXT50,,2026-05-26,2026-05-26,55200.00,PE,NIFTYNXT5026MAY55200PE,0.00,0.00,0.00,34.45,0.00,34.45,70568.20,0.05,0,0,0,0.00,0,F1,25,,,,,
2026-04-28,2026-04-28,FO,NSE,IDO,43903,,NIFTYNXT50,,2026-05-26,2026-05-26,54800.00,PE,NIFTYNXT5026MAY54800PE,0.00,0.00,0.00,27.75,0.00,27.75,70568.20,0.05,0,0,0,0.00,0,F1,25,,,,,
2026-04-28,2026-04-28,FO,NSE,IDO,49901,,NIFTYNXT50,,2026-05-26,2026-05-26,54600.00,PE,NIFTYNXT5026MAY54600PE,0.00,0.00,0.00,29.50,0.00,29.50,70568.20,0.05,0,0,0,0.00,0,F1,25,,,,,
2026-04-28,2026-04-28,FO,NSE,IDO,73126,,NIFTYNXT50,,2026-05-26,2026-05-26,54500.00,PE,NIFTYNXT5026MAY54500PE,0.00,0.00,0.00,7.65,0.00,7.65,70568.20,0.05,0,0,0,0.00,0,F1,25,,,,,
2026-04-28,2026-04-28,FO,NSE,IDO,74600,,NIFTYNXT50,,2026-04-28,2026-04-28,81000.00,PE,NIFTYNXT5026APR81000PE,0.00,0.00,0.00,13160.90,0.00,13160.90,70568.20,70568.20,0,0,0,0.00,0,F1,25,,,,,
2026-04-28,2026-04-28,FO,NSE,IDO,74593,,NIFTYNXT50,,2026-04-28,2026-04-28,80500.00,PE,NIFTYNXT5026APR80500PE,0.00,0.00,0.00,12684.90,0.00,12684.90,70568.20,70568.20,0,0,0,0.00,0,F1,25,,,,,
2026-04-28,2026-04-28,FO,NSE,IDO,74371,,NIFTYNXT50,,2026-04-28,2026-04-28,76100.00,PE,NIFTYNXT5026APR76100PE,0.00,0.00,0.00,8641.40,0.00,8641.40,70568.20,70568.20,0,0,0,0.00,0,F1,25,,,,,
2026-04-28,2026-04-28,FO,NSE,IDO,74359,,NIFTYNXT50,,2026-04-28,2026-04-28,75600.00,PE,NIFTYNXT5026APR75600PE,0.00,0.00,0.00,8205.80,0.00,8205.80,70568.20,70568.20,0,0,0,0.00,0,F1,25,,,,,
2026-04-28,2026-04-28,FO,NSE,IDO,74355,,NIFTYNXT50,,2026-04-28,2026-04-28,75400.00,PE,NIFTYNXT5026APR75400PE,0.00,0.00,0.00,8033.35,0.00,8033.35,70568.20,70568.20,0,0,0,0.00,0,F1,25,,,,,
2026-04-28,2026-04-28,FO,NSE,IDO,74287,,NIFTYNXT50,,2026-04-28,2026-04-28,72100.00,PE,NIFTYNXT5026APR72100PE,0.00,0.00,0.00,5378.50,0.00,5378.50,70568.20,70568.20,0,0,0,0.00,0,F1,25,,,,,
2026-04-28,2026-04-28,FO,NSE,IDO,74145,,NIFTYNXT50,,2026-04-28,2026-04-28,68700.00,PE,NIFTYNXT5026APR68700PE,0.00,0.00,0.00,3136.40,0.00,3136.40,70568.20,70568.20,0,0,0,0.00,0,F1,25,,,,,
2026-04-28,2026-04-28,FO,NSE,IDO,74075,,NIFTYNXT50,,2026-04-28,2026-04-28,67500.00,PE,NIFTYNXT5026APR67500PE,0.00,0.00,0.00,2496.80,0.00,2496.80,70568.20,70568.20,0,0,0,0.00,0,F1,25,,,,,
2026-04-28,2026-04-28,FO,NSE,IDO,74069,,NIFTYNXT50,,2026-04-28,2026-04-28,67400.00,PE,NIFTYNXT5026APR67400PE,0.00,0.00,0.00,2447.55,0.00,2447.55,70568.20,70568.20,0,0,0,0.00,0,F1,25,,,,,
2026-04-28,2026-04-28,FO,NSE,IDO,74061,,NIFTYNXT50,,2026-04-28,2026-04-28,67300.00,PE,NIFTYNXT5026APR67300PE,0.00,0.00,0.00,2398.65,0.00,2398.65,70568.20,70568.20,0,0,0,0.00,0,F1,25,,,,,
2026-04-28,2026-04-28,FO,NSE,IDO,74051,,NIFTYNXT50,,2026-04-28,2026-04-28,67100.00,PE,NIFTYNXT5026APR67100PE,0.00,0.00,0.00,2302.65,0.00,2302.65,70568.20,70568.20,0,0,0,0.00,0,F1,25,,,,,
2026-04-28,2026-04-28,FO,NSE,IDO,74049,,NIFTYNXT50,,2026-04-28,2026-04-28,67000.00,PE,NIFTYNXT5026APR67000PE,5.60,5.60,0.50,0.50,0.50,19.90,70568.20,70568.20,1100,0,29,48578493.75,11,F1,25,,,,,
2026-04-28,2026-04-28,FO,NSE,IDO,73405,,NIFTYNXT50,,2026-05-26,2026-05-26,61400.00,CE,NIFTYNXT5026MAY61400CE,0.00,0.00,0.00,9601.65,0.00,9601.65,70568.20,9458.85,0,0,0,0.00,0,F1,25,,,,,
2026-04-28,2026-04-28,FO,NSE,IDO,73336,,NIFTYNXT50,,2026-05-26,2026-05-26,59500.00,CE,NIFTYNXT5026MAY59500CE,0.00,0.00,0.00,11357.25,0.00,11357.25,70568.20,11336.25,0,0,0,0.00,0,F1,25,,,,,
2026-04-28,2026-04-28,FO,NSE,IDO,73327,,NIFTYNXT50,,2026-05-26,2026-05-26,59300.00,CE,NIFTYNXT5026MAY59300CE,0.00,0.00,0.00,11545.80,0.00,11545.80,70568.20,11534.75,0,0,0,0.00,0,F1,25,,,,,
2026-04-28,2026-04-28,FO,NSE,IDO,73321,,NIFTYNXT50,,2026-05-26,2026-05-26,59200.00,CE,NIFTYNXT5026MAY59200CE,0.00,0.00,0.00,11640.25,0.00,11640.25,70568.20,11634.00,0,0,0,0.00,0,F1,25,,,,,
2026-04-28,2026-04-28,FO,NSE,IDO,38414,,NIFTYNXT50,,2026-05-26,2026-05-26,57700.00,CE,NIFTYNXT5026MAY57700CE,0.00,0.00,0.00,12957.25,0.00,12957.25,70568.20,13125.10,0,0,0,0.00,0,F1,25,,,,,
2026-04-28,2026-04-28,FO,NSE,IDO,43940,,NIFTYNXT50,,2026-05-26,2026-05-26,56200.00,CE,NIFTYNXT5026MAY56200CE,0.00,0.00,0.00,11516.75,0.00,11516.75,70568.20,14617.85,0,0,0,0.00,0,F1,25,,,,,
2026-04-28,2026-04-28,FO,NSE,IDO,73115,,NIFTYNXT50,,2026-05-26,2026-05-26,52000.00,CE,NIFTYNXT5026MAY52000CE,0.00,0.00,0.00,18636.25,0.00,18636.25,70568.20,18799.05,0,0,0,0.00,0,F1,25,,,,,
2026-04-28,2026-04-28,FO,NSE,IDO,74532,,NIFTYNXT50,,2026-04-28,2026-04-28,78500.00,CE,NIFTYNXT5026APR78500CE,0.00,0.00,0.00,207.35,0.00,207.35,70568.20,70568.20,0,0,0,0.00,0,F1,25,,,,,
2026-04-28,2026-04-28,FO,NSE,IDO,74475,,NIFTYNXT50,,2026-04-28,2026-04-28,76800.00,CE,NIFTYNXT5026APR76800CE,0.00,0.00,0.00,334.15,0.00,334.15,70568.20,70568.20,0,0,0,0.00,0,F1,25,,,,,
2026-04-28,2026-04-28,FO,NSE,IDO,74318,,NIFTYNXT50,,2026-04-28,2026-04-28,73600.00,CE,NIFTYNXT5026APR73600CE,0.00,0.00,0.00,759.50,0.00,759.50,70568.20,70568.20,0,0,0,0.00,0,F1,25,,,,,
2026-04-28,2026-04-28,FO,NSE,IDO,74306,,NIFTYNXT50,,2026-04-28,2026-04-28,73000.00,CE,NIFTYNXT5026APR73000CE,7.95,7.95,0.20,0.85,0.20,13.50,70568.20,70568.20,2950,50,120,219007021.25,51,F1,25,,,,,
2026-04-28,2026-04-28,FO,NSE,IDO,74292,,NIFTYNXT50,,2026-04-28,2026-04-28,72300.00,CE,NIFTYNXT5026APR72300CE,16.10,16.10,16.10,16.10,16.10,1031.80,70568.20,70568.20,25,25,1,1807902.50,1,F1,25,,,,,
2026-04-28,2026-04-28,FO,NSE,IDO,74282,,NIFTYNXT50,,2026-04-28,2026-04-28,71900.00,CE,NIFTYNXT5026APR71900CE,27.05,27.05,2.10,2.10,2.10,27.05,70568.20,70568.20,50,-375,26,46739043.75,10,F1,25,,,,,
2026-04-28,2026-04-28,FO,NSE,IDO,74278,,NIFTYNXT50,,2026-04-28,2026-04-28,71800.00,CE,NIFTYNXT5026APR71800CE,0.00,0.00,0.00,380.00,380.00,380.00,70568.20,70568.20,200,0,0,0.00,0,F1,25,,,,,
2026-04-28,2026-04-28,FO,NSE,IDO,74196,,NIFTYNXT50,,2026-04-28,2026-04-28,70100.00,CE,NIFTYNXT5026APR70100CE,861.00,861.00,700.05,700.05,700.05,820.00,70568.20,70568.20,50,0,4,7088052.50,2,F1,25,,,,,
2026-04-28,2026-04-28,FO,NSE,IDO,74023,,NIFTYNXT50,,2026-04-28,2026-04-28,65900.00,CE,NIFTYNXT5026APR65900CE,0.00,0.00,0.00,3582.35,0.00,3582.35,70568.20,70568.20,0,0,0,0.00,0,F1,25,,,,,
2026-04-28,2026-04-28,FO,NSE,IDO,74015,,NIFTYNXT50,,2026-04-28,2026-04-28,65600.00,CE,NIFTYNXT5026APR65600CE,0.00,0.00,0.00,3759.55,0.00,3759.55,70568.20,70568.20,0,0,0,0.00,0,F1,25,,,,,
2026-04-28,2026-04-28,FO,NSE,IDO,73986,,NIFTYNXT50,,2026-04-28,2026-04-28,64800.00,CE,NIFTYNXT5026APR64800CE,0.00,0.00,0.00,4257.80,0.00,4257.80,70568.20,70568.20,0,0,0,0.00,0,F1,25,,,,,
2026-04-28,2026-04-28,FO,NSE,IDO,73945,,NIFTYNXT50,,2026-04-28,2026-04-28,63200.00,CE,NIFTYNXT5026APR63200CE,0.00,0.00,0.00,5365.40,0.00,5365.40,70568.20,70568.20,0,0,0,0.00,0,F1,25,,,,,
2026-04-28,2026-04-28,FO,NSE,IDO,73913,,NIFTYNXT50,,2026-04-28,2026-04-28,62000.00,CE,NIFTYNXT5026APR62000CE,0.00,0.00,0.00,6277.45,0.00,6277.45,70568.20,70568.20,0,0,0,0.00,0,F1,25,,,,,
2026-04-28,2026-04-28,FO,NSE,IDO,73816,,NIFTYNXT50,,2026-04-28,2026-04-28,60200.00,CE,NIFTYNXT5026APR60200CE,0.00,0.00,0.00,7766.70,0.00,7766.70,70568.20,70568.20,0,0,0,0.00,0,F1,25,,,,,
2026-04-28,2026-04-28,FO,NSE,IDO,73812,,NIFTYNXT50,,2026-04-28,2026-04-28,60000.00,CE,NIFTYNXT5026APR60000CE,0.00,0.00,0.00,7939.65,0.00,7939.65,70568.20,70568.20,0,0,0,0.00,0,F1,25,,,,,
2026-04-28,2026-04-28,FO,NSE,IDO,73802,,NIFTYNXT50,,2026-04-28,2026-04-28,59600.00,CE,NIFTYNXT5026APR59600CE,0.00,0.00,0.00,8289.45,0.00,8289.45,70568.20,70568.20,0,0,0,0.00,0,F1,25,,,,,
2026-04-28,2026-04-28,FO,NSE,IDO,73740,,NIFTYNXT50,,2026-04-28,2026-04-28,57400.00,CE,NIFTYNXT5026APR57400CE,0.00,0.00,0.00,10290.90,0.00,10290.90,70568.20,70568.20,0,0,0,0.00,0,F1,25,,,,,
2026-04-28,2026-04-28,FO,NSE,IDO,73705,,NIFTYNXT50,,2026-04-28,2026-04-28,56500.00,CE,NIFTYNXT5026APR56500CE,0.00,0.00,0.00,11138.50,0.00,11138.50,70568.20,70568.20,0,0,0,0.00,0,F1,25,,,,,
2026-04-28,2026-04-28,FO,NSE,IDO,49882,,NIFTYNXT50,,2026-04-28,2026-04-28,54100.00,CE,NIFTYNXT5026APR54100CE,0.00,0.00,0.00,12478.25,0.00,12478.25,70568.20,70568.20,0,0,0,0.00,0,F1,25,,,,,
2026-04-28,2026-04-28,FO,NSE,IDO,73491,,NIFTYNXT50,,2026-04-28,2026-04-28,53500.00,CE,NIFTYNXT5026APR53500CE,0.00,0.00,0.00,14031.80,0.00,14031.80,70568.20,70568.20,0,0,0,0.00,0,F1,25,,,,,
2026-04-28,2026-04-28,FO,NSE,IDO,80900,,NIFTYNXT50,,2026-06-30,2026-06-30,53500.00,CE,NIFTYNXT5026JUN53500CE,0.00,0.00,0.00,8124.80,0.00,8124.80,70568.20,17644.50,0,0,0,0.00,0,F1,25,,,,,
2026-04-28,2026-04-28,FO,NSE,IDO,81009,,NIFTYNXT50,,2026-06-30,2026-06-30,55300.00,CE,NIFTYNXT5026JUN55300CE,0.00,0.00,0.00,6620.75,0.00,6620.75,70568.20,15868.90,0,0,0,0.00,0,F1,25,,,,,
2026-04-28,2026-04-28,FO,NSE,IDO,81210,,NIFTYNXT50,,2026-06-30,2026-06-30,56300.00,CE,NIFTYNXT5026JUN56300CE,0.00,0.00,0.00,5842.70,0.00,5842.70,70568.20,14885.65,0,0,0,0.00,0,F1,25,,,,,
2026-04-28,2026-04-28,FO,NSE,IDO,81327,,NIFTYNXT50,,2026-06-30,2026-06-30,59100.00,PE,NIFTYNXT5026JUN59100PE,0.00,0.00,0.00,1622.35,0.00,1622.35,70568.20,58.10,0,0,0,0.00,0,F1,25,,,,,
2026-04-28,2026-04-28,FO,NSE,IDO,81289,,NIFTYNXT50,,2026-06-30,2026-06-30,58400.00,PE,NIFTYNXT5026JUN58400PE,0.00,0.00,0.00,1372.65,0.00,1372.65,70568.20,41.30,0,0,0,0.00,0,F1,25,,,,,
2026-04-28,2026-04-28,FO,NSE,IDO,81268,,NIFTYNXT50,,2026-06-30,2026-06-30,58100.00,PE,NIFTYNXT5026JUN58100PE,0.00,0.00,0.00,1274.05,0.00,1274.05,70568.20,35.50,0,0,0,0.00,0,F1,25,,,,,
2026-04-28,2026-04-28,FO,NSE,IDO,81012,,NIFTYNXT50,,2026-06-30,2026-06-30,55400.00,PE,NIFTYNXT5026JUN55400PE,0.00,0.00,0.00,598.75,0.00,598.75,70568.20,7.80,0,0,0,0.00,0,F1,25,,,,,
2026-04-28,2026-04-28,FO,NSE,IDO,73803,,NIFTYNXT50,,2026-04-28,2026-04-28,59600.00,PE,NIFTYNXT5026APR59600PE,0.00,0.00,0.00,280.20,0.00,280.20,70568.20,70568.20,0,0,0,0.00,0,F1,25,,,,,
2026-04-28,2026-04-28,FO,NSE,IDO,73829,,NIFTYNXT50,,2026-04-28,2026-04-28,60800.00,PE,NIFTYNXT5026APR60800PE,0.00,0.00,0.00,428.60,0.00,428.60,70568.20,70568.20,0,0,0,0.00,0,F1,25,,,,,
2026-04-28,2026-04-28,FO,NSE,IDO,73838,,NIFTYNXT50,,2026-04-28,2026-04-28,61100.00,PE,NIFTYNXT5026APR61100PE,0.00,0.00,0.00,473.80,0.00,473.80,70568.20,70568.20,0,0,0,0.00,0,F1,25,,,,,
2026-04-28,2026-04-28,FO,NSE,IDO,73842,,NIFTYNXT50,,2026-04-28,2026-04-28,61300.00,PE,NIFTYNXT5026APR61300PE,0.00,0.00,0.00,505.90,0.00,505.90,70568.20,70568.20,0,0,0,0.00,0,F1,25,,,,,
2026-04-28,2026-04-28,FO,NSE,IDO,73976,,NIFTYNXT50,,2026-04-28,2026-04-28,64400.00,PE,NIFTYNXT5026APR64400PE,0.00,0.00,0.00,1237.85,0.00,1237.85,70568.20,70568.20,0,0,0,0.00,0,F1,25,,,,,
2026-04-28,2026-04-28,FO,NSE,IDO,73995,,NIFTYNXT50,,2026-04-28,2026-04-28,65000.00,PE,NIFTYNXT5026APR65000PE,0.00,0.00,0.00,1437.80,0.00,1437.80,70568.20,70568.20,0,0,0,0.00,0,F1,25,,,,,
2026-04-28,2026-04-28,FO,NSE,IDO,73999,,NIFTYNXT50,,2026-04-28,2026-04-28,65200.00,PE,NIFTYNXT5026APR65200PE,0.00,0.00,0.00,790.00,790.00,790.00,70568.20,70568.20,75,0,0,0.00,0,F1,25,,,,,
2026-04-28,2026-04-28,FO,NSE,IDO,74014,,NIFTYNXT50,,2026-04-28,2026-04-28,65500.00,PE,NIFTYNXT5026APR65500PE,0.00,0.00,0.00,1620.20,0.00,1620.20,70568.20,70568.20,0,0,0,0.00,0,F1,25,,,,,
2026-04-28,2026-04-28,FO,NSE,IDO,74026,,NIFTYNXT50,,2026-04-28,2026-04-28,66000.00,PE,NIFTYNXT5026APR66000PE,0.00,0.00,0.00,1817.15,0.00,1817.15,70568.20,70568.20,0,0,0,0.00,0,F1,25,,,,,
2026-04-28,2026-04-28,FO,NSE,IDO,74036,,NIFTYNXT50,,2026-04-28,2026-04-28,66500.00,PE,NIFTYNXT5026APR66500PE,0.00,0.00,0.00,2028.90,0.00,2028.90,70568.20,70568.20,0,0,0,0.00,0,F1,25,,,,,
2026-04-28,2026-04-28,FO,NSE,IDO,74040,,NIFTYNXT50,,2026-04-28,2026-04-28,66700.00,PE,NIFTYNXT5026APR66700PE,0.00,0.00,0.00,2117.80,0.00,2117.80,70568.20,70568.20,0,0,0,0.00,0,F1,25,,,,,
2026-04-28,2026-04-28,FO,NSE,IDO,74121,,NIFTYNXT50,,2026-04-28,2026-04-28,68000.00,PE,NIFTYNXT5026APR68000PE,6.00,10.00,0.10,0.35,0.10,14.95,70568.20,70568.20,5900,1175,402,683434906.25,92,F1,25,,,,,
2026-04-28,2026-04-28,FO,NSE,IDO,74125,,NIFTYNXT50,,2026-04-28,2026-04-28,68100.00,PE,NIFTYNXT5026APR68100PE,0.00,0.00,0.00,2806.10,0.00,2806.10,70568.20,70568.20,0,0,0,0.00,0,F1,25,,,,,
2026-04-28,2026-04-28,FO,NSE,IDO,74137,,NIFTYNXT50,,2026-04-28,2026-04-28,68300.00,PE,NIFTYNXT5026APR68300PE,0.00,0.00,0.00,2913.90,0.00,2913.90,70568.20,70568.20,0,0,0,0.00,0,F1,25,,,,,
2026-04-28,2026-04-28,FO,NSE,IDO,74183,,NIFTYNXT50,,2026-04-28,2026-04-28,69500.00,PE,NIFTYNXT5026APR69500PE,0.00,0.00,0.00,3608.65,0.00,3608.65,70568.20,70568.20,0,0,0,0.00,0,F1,25,,,,,
2026-04-28,2026-04-28,FO,NSE,IDO,74197,,NIFTYNXT50,,2026-04-28,2026-04-28,70100.00,PE,NIFTYNXT5026APR70100PE,0.00,0.00,0.00,3985.95,0.00,3985.95,70568.20,70568.20,0,0,0,0.00,0,F1,25,,,,,
2026-04-28,2026-04-28,FO,NSE,IDO,74222,,NIFTYNXT50,,2026-04-28,2026-04-28,70800.00,PE,NIFTYNXT5026APR70800PE,0.00,0.00,0.00,4450.00,0.00,4450.00,70568.20,70568.20,0,0,0,0.00,0,F1,25,,,,,
2026-04-28,2026-04-28,FO,NSE,IDO,74480,,NIFTYNXT50,,2026-04-28,2026-04-28,77000.00,PE,NIFTYNXT5026APR77000PE,0.00,0.00,0.00,9440.65,0.00,9440.65,70568.20,70568.20,0,0,0,0.00,0,F1,25,,,,,
2026-04-28,2026-04-28,FO,NSE,IDO,73207,,NIFTYNXT50,,2026-05-26,2026-05-26,58200.00,PE,NIFTYNXT5026MAY58200PE,0.00,0.00,0.00,55.25,0.00,55.25,70568.20,1.20,0,0,0,0.00,0,F1,25,,,,,
2026-04-28,2026-04-28,FO,NSE,IDO,73291,,NIFTYNXT50,,2026-05-26,2026-05-26,58700.00,PE,NIFTYNXT5026MAY58700PE,0.00,0.00,0.00,69.60,0.00,69.60,70568.20,1.90,0,0,0,0.00,0,F1,25,,,,,
2026-04-28,2026-04-28,FO,NSE,IDO,73294,,NIFTYNXT50,,2026-05-26,2026-05-26,58800.00,PE,NIFTYNXT5026MAY58800PE,0.00,0.00,0.00,72.80,0.00,72.80,70568.20,2.10,0,0,0,0.00,0,F1,25,,,,,
2026-04-28,2026-04-28,FO,NSE,IDO,73333,,NIFTYNXT50,,2026-05-26,2026-05-26,59400.00,PE,NIFTYNXT5026MAY59400PE,0.00,0.00,0.00,94.85,0.00,94.85,70568.20,3.55,0,0,0,0.00,0,F1,25,,,,,
2026-04-28,2026-04-28,FO,NSE,IDO,81748,,NIFTYNXT50,,2026-06-30,2026-06-30,66900.00,CE,NIFTYNXT5026JUN66900CE,0.00,0.00,0.00,890.20,0.00,890.20,70568.20,5375.05,0,0,0,0.00,0,F1,25,,,,,
2026-04-28,2026-04-28,FO,NSE,IDO,73352,,NIFTYNXT50,,2026-05-26,2026-05-26,59800.00,PE,NIFTYNXT5026MAY59800PE,0.00,0.00,0.00,112.45,0.00,112.45,70568.20,5.05,0,0,0,0.00,0,F1,25,,,,,
2026-04-28,2026-04-28,FO,NSE,IDO,73356,,NIFTYNXT50,,2026-05-26,2026-05-26,60000.00,PE,NIFTYNXT5026MAY60000PE,0.00,0.00,0.00,122.20,0.00,122.20,70568.20,6.00,0,0,0,0.00,0,F1,25,,,,,
2026-04-28,2026-04-28,FO,NSE,IDO,73404,,NIFTYNXT50,,2026-05-26,2026-05-26,61300.00,PE,NIFTYNXT5026MAY61300PE,0.00,0.00,0.00,204.30,0.00,204.30,70568.20,16.75,0,0,0,0.00,0,F1,25,,,,,
2026-04-28,2026-04-28,FO,NSE,IDO,73441,,NIFTYNXT50,,2026-05-26,2026-05-26,62400.00,PE,NIFTYNXT5026MAY62400PE,0.00,0.00,0.00,304.40,0.00,304.40,70568.20,36.70,0,0,0,0.00,0,F1,25,,,,,
2026-04-28,2026-04-28,FO,NSE,IDO,73445,,NIFTYNXT50,,2026-05-26,2026-05-26,62600.00,PE,NIFTYNXT5026MAY62600PE,0.00,0.00,0.00,326.20,0.00,326.20,70568.20,42.00,0,0,0,0.00,0,F1,25,,,,,
2026-04-28,2026-04-28,FO,NSE,IDO,73558,,NIFTYNXT50,,2026-05-26,2026-05-26,64500.00,PE,NIFTYNXT5026MAY64500PE,0.00,0.00,0.00,599.90,0.00,599.90,70568.20,133.70,0,0,0,0.00,0,F1,25,,,,,
2026-04-28,2026-04-28,FO,NSE,IDO,73624,,NIFTYNXT50,,2026-05-26,2026-05-26,66400.00,PE,NIFTYNXT5026MAY66400PE,0.00,0.00,0.00,1021.00,0.00,1021.00,70568.20,349.70,0,0,0,0.00,0,F1,25,,,,,
2026-04-28,2026-04-28,FO,NSE,IDO,73831,,NIFTYNXT50,,2026-05-26,2026-05-26,68700.00,PE,NIFTYNXT5026MAY68700PE,0.00,0.00,0.00,1762.95,0.00,1762.95,70568.20,893.05,0,0,0,0.00,0,F1,25,,,,,
2026-04-28,2026-04-28,FO,NSE,IDO,73833,,NIFTYNXT50,,2026-05-26,2026-05-26,68800.00,PE,NIFTYNXT5026MAY68800PE,0.00,0.00,0.00,1801.85,0.00,1801.85,70568.20,925.70,0,0,0,0.00,0,F1,25,,,,,
2026-04-28,2026-04-28,FO,NSE,IDO,73982,,NIFTYNXT50,,2026-05-26,2026-05-26,72000.00,PE,NIFTYNXT5026MAY72000PE,0.00,0.00,0.00,3339.40,0.00,3339.40,70568.20,2423.45,0,0,0,0.00,0,F1,25,,,,,
2026-04-28,2026-04-28,FO,NSE,IDO,74518,,NIFTYNXT50,,2026-05-26,2026-05-26,75600.00,PE,NIFTYNXT5026MAY75600PE,0.00,0.00,0.00,5715.65,0.00,5715.65,70568.20,5079.35,0,0,0,0.00,0,F1,25,,,,,
2026-04-28,2026-04-28,FO,NSE,IDO,74524,,NIFTYNXT50,,2026-05-26,2026-05-26,75900.00,PE,NIFTYNXT5026MAY75900PE,0.00,0.00,0.00,5940.50,0.00,5940.50,70568.20,5335.55,0,0,0,0.00,0,F1,25,,,,,
2026-04-28,2026-04-28,FO,NSE,IDO,74537,,NIFTYNXT50,,2026-05-26,2026-05-26,76200.00,PE,NIFTYNXT5026MAY76200PE,0.00,0.00,0.00,6166.00,0.00,6166.00,70568.20,5595.75,0,0,0,0.00,0,F1,25,,,,,
2026-04-28,2026-04-28,FO,NSE,IDO,74545,,NIFTYNXT50,,2026-05-26,2026-05-26,76600.00,PE,NIFTYNXT5026MAY76600PE,0.00,0.00,0.00,6475.40,0.00,6475.40,70568.20,5948.40,0,0,0,0.00,0,F1,25,,,,,
2026-04-28,2026-04-28,FO,NSE,IDO,38783,,NIFTYNXT50,,2026-06-30,2026-06-30,74700.00,PE,NIFTYNXT5026JUN74700PE,0.00,0.00,0.00,10964.30,0.00,10964.30,70568.20,4740.15,0,0,0,0.00,0,F1,25,,,,,
2026-04-28,2026-04-28,FO,NSE,IDO,35274,,NIFTYNXT50,,2026-06-30,2026-06-30,72800.00,PE,NIFTYNXT5026JUN72800PE,0.00,0.00,0.00,9938.85,0.00,9938.85,70568.20,3512.45,0,0,0,0.00,0,F1,25,,,,,
2026-04-28,2026-04-28,FO,NSE,IDO,82003,,NIFTYNXT50,,2026-06-30,2026-06-30,71800.00,PE,NIFTYNXT5026JUN71800PE,0.00,0.00,0.00,10427.50,0.00,10427.50,70568.20,2944.05,0,0,0,0.00,0,F1,25,,,,,
2026-04-28,2026-04-28,FO,NSE,IDO,81997,,NIFTYNXT50,,2026-06-30,2026-06-30,71500.00,PE,NIFTYNXT5026JUN71500PE,0.00,0.00,0.00,10154.95,0.00,10154.95,70568.20,2784.50,0,0,0,0.00,0,F1,25,,,,,
2026-04-28,2026-04-28,FO,NSE,IDO,81663,,NIFTYNXT50,,2026-06-30,2026-06-30,65200.00,PE,NIFTYNXT5026JUN65200PE,0.00,0.00,0.00,4972.55,0.00,4972.55,70568.20,607.10,0,0,0,0.00,0,F1,25,,,,,
2026-04-28,2026-04-28,FO,NSE,IDO,81629,,NIFTYNXT50,,2026-06-30,2026-06-30,64500.00,PE,NIFTYNXT5026JUN64500PE,0.00,0.00,0.00,4487.40,0.00,4487.40,70568.20,487.80,0,0,0,0.00,0,F1,25,,,,,
2026-04-28,2026-04-28,FO,NSE,IDO,81615,,NIFTYNXT50,,2026-06-30,2026-06-30,63900.00,PE,NIFTYNXT5026JUN63900PE,0.00,0.00,0.00,4090.40,0.00,4090.40,70568.20,400.60,0,0,0,0.00,0,F1,25,,,,,
2026-04-28,2026-04-28,FO,NSE,IDO,81508,,NIFTYNXT50,,2026-06-30,2026-06-30,62600.00,PE,NIFTYNXT5026JUN62600PE,0.00,0.00,0.00,3294.10,0.00,3294.10,70568.20,253.40,0,0,0,0.00,0,F1,25,,,,,
2026-04-28,2026-04-28,FO,NSE,IDO,81354,,NIFTYNXT50,,2026-06-30,2026-06-30,60000.00,PE,NIFTYNXT5026JUN60000PE,0.00,0.00,0.00,1984.60,0.00,1984.60,70568.20,88.00,0,0,0,0.00,0,F1,25,,,,,
2026-04-28,2026-04-28,FO,NSE,IDO,81342,,NIFTYNXT50,,2026-06-30,2026-06-30,59600.00,PE,NIFTYNXT5026JUN59600PE,0.00,0.00,0.00,1817.85,0.00,1817.85,70568.20,73.40,0,0,0,0.00,0,F1,25,,,,,
2026-04-28,2026-04-28,FO,NSE,IDO,80860,,NIFTYNXT50,,2026-06-30,2026-06-30,52000.00,CE,NIFTYNXT5026JUN52000CE,0.00,0.00,0.00,9459.60,0.00,9459.60,70568.20,19126.90,0,0,0,0.00,0,F1,25,,,,,
2026-04-28,2026-04-28,FO,NSE,IDO,74523,,NIFTYNXT50,,2026-05-26,2026-05-26,75900.00,CE,NIFTYNXT5026MAY75900CE,0.00,0.00,0.00,1068.80,0.00,1068.80,70568.20,340.70,0,0,0,0.00,0,F1,25,,,,,
2026-04-28,2026-04-28,FO,NSE,IDO,81269,,NIFTYNXT50,,2026-06-30,2026-06-30,58200.00,CE,NIFTYNXT5026JUN58200CE,0.00,0.00,0.00,4498.70,0.00,4498.70,70568.20,13030.00,0,0,0,0.00,0,F1,25,,,,,
2026-04-28,2026-04-28,FO,NSE,IDO,81284,,NIFTYNXT50,,2026-06-30,2026-06-30,58400.00,CE,NIFTYNXT5026JUN58400CE,0.00,0.00,0.00,4368.60,0.00,4368.60,70568.20,12836.10,0,0,0,0.00,0,F1,25,,,,,
2026-04-28,2026-04-28,FO,NSE,IDO,81296,,NIFTYNXT50,,2026-06-30,2026-06-30,58600.00,CE,NIFTYNXT5026JUN58600CE,0.00,0.00,0.00,4240.70,0.00,4240.70,70568.20,12642.60,0,0,0,0.00,0,F1,25,,,,,
2026-04-28,2026-04-28,FO,NSE,IDO,81341,,NIFTYNXT50,,2026-06-30,2026-06-30,59600.00,CE,NIFTYNXT5026JUN59600CE,0.00,0.00,0.00,3635.25,0.00,3635.25,70568.20,11681.10,0,0,0,0.00,0,F1,25,,,,,
2026-04-28,2026-04-28,FO,NSE,IDO,81355,,NIFTYNXT50,,2026-06-30,2026-06-30,60100.00,CE,NIFTYNXT5026JUN60100CE,0.00,0.00,0.00,3354.15,0.00,3354.15,70568.20,11205.05,0,0,0,0.00,0,F1,25,,,,,
2026-04-28,2026-04-28,FO,NSE,IDO,81373,,NIFTYNXT50,,2026-06-30,2026-06-30,61000.00,CE,NIFTYNXT5026JUN61000CE,0.00,0.00,0.00,2884.80,0.00,2884.80,70568.20,10358.05,0,0,0,0.00,0,F1,25,,,,,
2026-04-28,2026-04-28,FO,NSE,IDO,81395,,NIFTYNXT50,,2026-06-30,2026-06-30,61600.00,CE,NIFTYNXT5026JUN61600CE,0.00,0.00,0.00,2597.75,0.00,2597.75,70568.20,9801.85,0,0,0,0.00,0,F1,25,,,,,
2026-04-28,2026-04-28,FO,NSE,IDO,81680,,NIFTYNXT50,,2026-06-30,2026-06-30,65900.00,CE,NIFTYNXT5026JUN65900CE,0.00,0.00,0.00,1113.15,0.00,1113.15,70568.20,6122.45,0,0,0,0.00,0,F1,25,,,,,
2026-04-28,2026-04-28,FO,NSE,IDO,81660,,NIFTYNXT50,,2026-06-30,2026-06-30,65100.00,CE,NIFTYNXT5026JUN65100CE,0.00,0.00,0.00,1317.75,0.00,1317.75,70568.20,6755.55,0,0,0,0.00,0,F1,25,,,,,
2026-04-28,2026-04-28,FO,NSE,IDO,81571,,NIFTYNXT50,,2026-06-30,2026-06-30,63800.00,CE,NIFTYNXT5026JUN63800CE,0.00,0.00,0.00,1718.65,0.00,1718.65,70568.20,7840.10,0,0,0,0.00,0,F1,25,,,,,
2026-04-28,2026-04-28,FO,NSE,IDO,81383,,NIFTYNXT50,,2026-06-30,2026-06-30,61500.00,CE,NIFTYNXT5026JUN61500CE,0.00,0.00,0.00,2644.10,0.00,2644.10,70568.20,9894.00,0,0,0,0.00,0,F1,25,,,,,
2026-04-28,2026-04-28,FO,NSE,IDO,81369,,NIFTYNXT50,,2026-06-30,2026-06-30,60800.00,CE,NIFTYNXT5026JUN60800CE,0.00,0.00,0.00,2985.05,0.00,2985.05,70568.20,10545.05,0,0,0,0.00,0,F1,25,,,,,
2026-04-28,2026-04-28,FO,NSE,IDO,81620,,NIFTYNXT50,,2026-06-30,2026-06-30,64200.00,CE,NIFTYNXT5026JUN64200CE,0.00,0.00,0.00,1586.45,0.00,1586.45,70568.20,7499.60,0,0,0,0.00,0,F1,25,,,,,
2026-04-28,2026-04-28,FO,NSE,IDO,73483,,NIFTYNXT50,,2026-04-28,2026-04-28,51500.00,CE,NIFTYNXT5026APR51500CE,0.00,0.00,0.00,15989.80,0.00,15989.80,70568.20,70568.20,0,0,0,0.00,0,F1,25,,,,,
2026-04-28,2026-04-28,FO,NSE,IDO,49884,,NIFTYNXT50,,2026-04-28,2026-04-28,54200.00,CE,NIFTYNXT5026APR54200CE,0.00,0.00,0.00,12379.50,0.00,12379.50,70568.20,70568.20,0,0,0,0.00,0,F1,25,,,,,
2026-04-28,2026-04-28,FO,NSE,IDO,41231,,NIFTYNXT50,,2026-04-28,2026-04-28,54600.00,CE,NIFTYNXT5026APR54600CE,0.00,0.00,0.00,12595.15,0.00,12595.15,70568.20,70568.20,0,0,0,0.00,0,F1,25,,,,,
2026-04-28,2026-04-28,FO,NSE,IDO,73698,,NIFTYNXT50,,2026-04-28,2026-04-28,56200.00,CE,NIFTYNXT5026APR56200CE,0.00,0.00,0.00,11423.75,0.00,11423.75,70568.20,70568.20,0,0,0,0.00,0,F1,25,,,,,
2026-04-28,2026-04-28,FO,NSE,IDO,73790,,NIFTYNXT50,,2026-04-28,2026-04-28,59100.00,CE,NIFTYNXT5026APR59100CE,0.00,0.00,0.00,8733.55,0.00,8733.55,70568.20,70568.20,0,0,0,0.00,0,F1,25,,,,,
2026-04-28,2026-04-28,FO,NSE,IDO,73804,,NIFTYNXT50,,2026-04-28,2026-04-28,59700.00,CE,NIFTYNXT5026APR59700CE,0.00,0.00,0.00,8201.55,0.00,8201.55,70568.20,70568.20,0,0,0,0.00,0,F1,25,,,,,
2026-04-28,2026-04-28,FO,NSE,IDO,73822,,NIFTYNXT50,,2026-04-28,2026-04-28,60500.00,CE,NIFTYNXT5026APR60500CE,0.00,0.00,0.00,7509.85,0.00,7509.85,70568.20,70568.20,0,0,0,0.00,0,F1,25,,,,,
2026-04-28,2026-04-28,FO,NSE,IDO,73839,,NIFTYNXT50,,2026-04-28,2026-04-28,61200.00,CE,NIFTYNXT5026APR61200CE,0.00,0.00,0.00,6923.45,0.00,6923.45,70568.20,70568.20,0,0,0,0.00,0,F1,25,,,,,
2026-04-28,2026-04-28,FO,NSE,IDO,73953,,NIFTYNXT50,,2026-04-28,2026-04-28,63600.00,CE,NIFTYNXT5026APR63600CE,0.00,0.00,0.00,5075.85,0.00,5075.85,70568.20,70568.20,0,0,0,0.00,0,F1,25,,,,,
2026-04-28,2026-04-28,FO,NSE,IDO,73969,,NIFTYNXT50,,2026-04-28,2026-04-28,64200.00,CE,NIFTYNXT5026APR64200CE,0.00,0.00,0.00,4655.45,0.00,4655.45,70568.20,70568.20,0,0,0,0.00,0,F1,25,,,,,
2026-04-28,2026-04-28,FO,NSE,IDO,74004,,NIFTYNXT50,,2026-04-28,2026-04-28,65300.00,CE,NIFTYNXT5026APR65300CE,0.00,0.00,0.00,3942.05,0.00,3942.05,70568.20,70568.20,0,0,0,0.00,0,F1,25,,,,,
2026-04-28,2026-04-28,FO,NSE,IDO,74035,,NIFTYNXT50,,2026-04-28,2026-04-28,66500.00,CE,NIFTYNXT5026APR66500CE,0.00,0.00,0.00,3243.85,0.00,3243.85,70568.20,70568.20,0,0,0,0.00,0,F1,25,,,,,
2026-04-28,2026-04-28,FO,NSE,IDO,74144,,NIFTYNXT50,,2026-04-28,2026-04-28,68700.00,CE,NIFTYNXT5026APR68700CE,0.00,0.00,0.00,2185.05,0.00,2185.05,70568.20,70568.20,0,0,0,0.00,0,F1,25,,,,,
2026-04-28,2026-04-28,FO,NSE,IDO,74186,,NIFTYNXT50,,2026-04-28,2026-04-28,69600.00,CE,NIFTYNXT5026APR69600CE,0.00,0.00,0.00,1832.60,0.00,1832.60,70568.20,70568.20,0,0,0,0.00,0,F1,25,,,,,
2026-04-28,2026-04-28,FO,NSE,IDO,74215,,NIFTYNXT50,,2026-04-28,2026-04-28,70800.00,CE,NIFTYNXT5026APR70800CE,339.80,341.45,0.05,19.20,0.05,351.00,70568.20,70568.20,850,725,194,343667985.00,109,F1,25,,,,,
2026-04-28,2026-04-28,FO,NSE,IDO,74223,,NIFTYNXT50,,2026-04-28,2026-04-28,70900.00,CE,NIFTYNXT5026APR70900CE,260.00,273.00,0.05,2.55,1.95,260.00,70568.20,70568.20,1450,1175,342,606617475.00,176,F1,25,,,,,
2026-04-28,2026-04-28,FO,NSE,IDO,74290,,NIFTYNXT50,,2026-04-28,2026-04-28,72200.00,CE,NIFTYNXT5026APR72200CE,0.00,0.00,0.00,1055.30,0.00,1055.30,70568.20,70568.20,0,0,0,0.00,0,F1,25,,,,,
2026-04-28,2026-04-28,FO,NSE,IDO,74312,,NIFTYNXT50,,2026-04-28,2026-04-28,73300.00,CE,NIFTYNXT5026APR73300CE,0.00,0.00,0.00,816.00,0.00,816.00,70568.20,70568.20,0,0,0,0.00,0,F1,25,,,,,
2026-04-28,2026-04-28,FO,NSE,IDO,74332,,NIFTYNXT50,,2026-04-28,2026-04-28,74300.00,CE,NIFTYNXT5026APR74300CE,0.00,0.00,0.00,640.20,0.00,640.20,70568.20,70568.20,0,0,0,0.00,0,F1,25,,,,,
2026-04-28,2026-04-28,FO,NSE,IDO,74334,,NIFTYNXT50,,2026-04-28,2026-04-28,74400.00,CE,NIFTYNXT5026APR74400CE,0.00,0.00,0.00,624.50,0.00,624.50,70568.20,70568.20,0,0,0,0.00,0,F1,25,,,,,
2026-04-28,2026-04-28,FO,NSE,IDO,74344,,NIFTYNXT50,,2026-04-28,2026-04-28,74900.00,CE,NIFTYNXT5026APR74900CE,0.00,0.00,0.00,550.80,0.00,550.80,70568.20,70568.20,0,0,0,0.00,0,F1,25,,,,,
2026-04-28,2026-04-28,FO,NSE,IDO,74603,,NIFTYNXT50,,2026-04-28,2026-04-28,81500.00,CE,NIFTYNXT5026APR81500CE,0.00,0.00,0.00,83.65,0.00,83.65,70568.20,70568.20,0,0,0,0.00,0,F1,25,,,,,
2026-04-28,2026-04-28,FO,NSE,IDO,73123,,NIFTYNXT50,,2026-05-26,2026-05-26,54000.00,CE,NIFTYNXT5026MAY54000CE,0.00,0.00,0.00,16673.35,0.00,16673.35,70568.20,16807.95,0,0,0,0.00,0,F1,25,,,,,
2026-04-28,2026-04-28,FO,NSE,IDO,49902,,NIFTYNXT50,,2026-05-26,2026-05-26,54700.00,CE,NIFTYNXT5026MAY54700CE,0.00,0.00,0.00,12194.40,0.00,12194.40,70568.20,16111.10,0,0,0,0.00,0,F1,25,,,,,
2026-04-28,2026-04-28,FO,NSE,IDO,43910,,NIFTYNXT50,,2026-05-26,2026-05-26,55200.00,CE,NIFTYNXT5026MAY55200CE,0.00,0.00,0.00,12478.40,0.00,12478.40,70568.20,15613.30,0,0,0,0.00,0,F1,25,,,,,
2026-04-28,2026-04-28,FO,NSE,IDO,73292,,NIFTYNXT50,,2026-05-26,2026-05-26,58800.00,CE,NIFTYNXT5026MAY58800CE,0.00,0.00,0.00,12019.55,0.00,12019.55,70568.20,12031.30,0,0,0,0.00,0,F1,25,,,,,
2026-04-28,2026-04-28,FO,NSE,IDO,73403,,NIFTYNXT50,,2026-05-26,2026-05-26,61300.00,CE,NIFTYNXT5026MAY61300CE,0.00,0.00,0.00,9692.20,0.00,9692.20,70568.20,9557.10,0,0,0,0.00,0,F1,25,,,,,
2026-04-28,2026-04-28,FO,NSE,IDO,73409,,NIFTYNXT50,,2026-05-26,2026-05-26,61600.00,CE,NIFTYNXT5026MAY61600CE,0.00,0.00,0.00,9421.35,0.00,9421.35,70568.20,9262.60,0,0,0,0.00,0,F1,25,,,,,
2026-04-28,2026-04-28,FO,NSE,IDO,73415,,NIFTYNXT50,,2026-05-26,2026-05-26,61700.00,CE,NIFTYNXT5026MAY61700CE,0.00,0.00,0.00,9331.55,0.00,9331.55,70568.20,9164.60,0,0,0,0.00,0,F1,25,,,,,
2026-04-28,2026-04-28,FO,NSE,IDO,73448,,NIFTYNXT50,,2026-05-26,2026-05-26,62800.00,CE,NIFTYNXT5026MAY62800CE,0.00,0.00,0.00,8361.85,0.00,8361.85,70568.20,8094.90,0,0,0,0.00,0,F1,25,,,,,
2026-04-28,2026-04-28,FO,NSE,IDO,73452,,NIFTYNXT50,,2026-05-26,2026-05-26,63000.00,CE,NIFTYNXT5026MAY63000CE,0.00,0.00,0.00,8189.40,0.00,8189.40,70568.20,7902.45,0,0,0,0.00,0,F1,25,,,,,
2026-04-28,2026-04-28,FO,NSE,IDO,73633,,NIFTYNXT50,,2026-05-26,2026-05-26,66900.00,CE,NIFTYNXT5026MAY66900CE,0.00,0.00,0.00,5136.30,0.00,5136.30,70568.20,4402.50,0,0,0,0.00,0,F1,25,,,,,
2026-04-28,2026-04-28,FO,NSE,IDO,73651,,NIFTYNXT50,,2026-05-26,2026-05-26,67300.00,CE,NIFTYNXT5026MAY67300CE,0.00,0.00,0.00,4862.85,0.00,4862.85,70568.20,4085.70,0,0,0,0.00,0,F1,25,,,,,
2026-04-28,2026-04-28,FO,NSE,IDO,73855,,NIFTYNXT50,,2026-05-26,2026-05-26,69200.00,CE,NIFTYNXT5026MAY69200CE,0.00,0.00,0.00,3680.80,0.00,3680.80,70568.20,2739.95,0,0,0,0.00,0,F1,25,,,,,
2026-04-28,2026-04-28,FO,NSE,IDO,73985,,NIFTYNXT50,,2026-05-26,2026-05-26,72100.00,CE,NIFTYNXT5026MAY72100CE,0.00,0.00,0.00,2262.30,0.00,2262.30,70568.20,1272.80,0,0,0,0.00,0,F1,25,,,,,
2026-04-28,2026-04-28,FO,NSE,IDO,74058,,NIFTYNXT50,,2026-05-26,2026-05-26,72800.00,CE,NIFTYNXT5026MAY72800CE,0.00,0.00,0.00,1988.75,0.00,1988.75,70568.20,1025.85,0,0,0,0.00,0,F1,25,,,,,
2026-04-28,2026-04-28,FO,NSE,IDO,74394,,NIFTYNXT50,,2026-05-26,2026-05-26,73900.00,CE,NIFTYNXT5026MAY73900CE,0.00,0.00,0.00,1609.50,0.00,1609.50,70568.20,716.15,0,0,0,0.00,0,F1,25,,,,,
2026-04-28,2026-04-28,FO,NSE,IDO,41020,,NIFTYNXT50,,2026-06-30,2026-06-30,77100.00,PE,NIFTYNXT5026JUN77100PE,0.00,0.00,0.00,10242.70,0.00,10242.70,70568.20,6535.10,0,0,0,0.00,0,F1,25,,,,,
2026-04-28,2026-04-28,FO,NSE,IDO,41011,,NIFTYNXT50,,2026-06-30,2026-06-30,76700.00,PE,NIFTYNXT5026JUN76700PE,0.00,0.00,0.00,9887.30,0.00,9887.30,70568.20,6219.60,0,0,0,0.00,0,F1,25,,,,,
2026-04-28,2026-04-28,FO,NSE,IDO,40999,,NIFTYNXT50,,2026-06-30,2026-06-30,76100.00,PE,NIFTYNXT5026JUN76100PE,0.00,0.00,0.00,9360.60,0.00,9360.60,70568.20,5760.55,0,0,0,0.00,0,F1,25,,,,,
2026-04-28,2026-04-28,FO,NSE,IDO,40983,,NIFTYNXT50,,2026-06-30,2026-06-30,75300.00,PE,NIFTYNXT5026JUN75300PE,0.00,0.00,0.00,8671.20,0.00,8671.20,70568.20,5165.05,0,0,0,0.00,0,F1,25,,,,,
2026-04-28,2026-04-28,FO,NSE,IDO,82040,,NIFTYNXT50,,2026-06-30,2026-06-30,74500.00,PE,NIFTYNXT5026JUN74500PE,0.00,0.00,0.00,12939.05,0.00,12939.05,70568.20,4602.35,0,0,0,0.00,0,F1,25,,,,,
2026-04-28,2026-04-28,FO,NSE,IDO,38775,,NIFTYNXT50,,2026-06-30,2026-06-30,74300.00,PE,NIFTYNXT5026JUN74300PE,0.00,0.00,0.00,10597.30,0.00,10597.30,70568.20,4466.45,0,0,0,0.00,0,F1,25,,,,,
2026-04-28,2026-04-28,FO,NSE,IDO,35309,,NIFTYNXT50,,2026-06-30,2026-06-30,73900.00,PE,NIFTYNXT5026JUN73900PE,0.00,0.00,0.00,10934.65,0.00,10934.65,70568.20,4200.65,0,0,0,0.00,0,F1,25,,,,,
2026-04-28,2026-04-28,FO,NSE,IDO,35295,,NIFTYNXT50,,2026-06-30,2026-06-30,73600.00,PE,NIFTYNXT5026JUN73600PE,0.00,0.00,0.00,10661.00,0.00,10661.00,70568.20,4006.60,0,0,0,0.00,0,F1,25,,,,,
2026-04-28,2026-04-28,FO,NSE,IDO,82031,,NIFTYNXT50,,2026-06-30,2026-06-30,72500.00,PE,NIFTYNXT5026JUN72500PE,0.00,0.00,0.00,11069.15,0.00,11069.15,70568.20,3336.05,0,0,0,0.00,0,F1,25,,,,,
2026-04-28,2026-04-28,FO,NSE,IDO,74556,,NIFTYNXT50,,2026-05-26,2026-05-26,77100.00,CE,NIFTYNXT5026MAY77100CE,0.00,0.00,0.00,818.45,0.00,818.45,70568.20,208.05,0,0,0,0.00,0,F1,25,,,,,
2026-04-28,2026-04-28,FO,NSE,IDO,74558,,NIFTYNXT50,,2026-05-26,2026-05-26,77200.00,CE,NIFTYNXT5026MAY77200CE,0.00,0.00,0.00,800.15,0.00,800.15,70568.20,199.30,0,0,0,0.00,0,F1,25,,,,,
2026-04-28,2026-04-28,FO,NSE,IDO,74564,,NIFTYNXT50,,2026-05-26,2026-05-26,77500.00,CE,NIFTYNXT5026MAY77500CE,0.00,0.00,0.00,747.25,0.00,747.25,70568.20,175.05,0,0,0,0.00,0,F1,25,,,,,
2026-04-28,2026-04-28,FO,NSE,IDO,74574,,NIFTYNXT50,,2026-05-26,2026-05-26,78000.00,CE,NIFTYNXT5026MAY78000CE,0.00,0.00,0.00,665.50,0.00,665.50,70568.20,140.25,0,0,0,0.00,0,F1,25,,,,,
2026-04-28,2026-04-28,FO,NSE,IDO,81022,,NIFTYNXT50,,2026-06-30,2026-06-30,55800.00,CE,NIFTYNXT5026JUN55800CE,0.00,0.00,0.00,6226.05,0.00,6226.05,70568.20,15376.85,0,0,0,0.00,0,F1,25,,,,,
2026-04-28,2026-04-28,FO,NSE,IDO,81233,,NIFTYNXT50,,2026-06-30,2026-06-30,57300.00,CE,NIFTYNXT5026JUN57300CE,0.00,0.00,0.00,5114.00,0.00,5114.00,70568.20,13906.35,0,0,0,0.00,0,F1,25,,,,,
2026-04-28,2026-04-28,FO,NSE,IDO,81290,,NIFTYNXT50,,2026-06-30,2026-06-30,58500.00,CE,NIFTYNXT5026JUN58500CE,0.00,0.00,0.00,4304.35,0.00,4304.35,70568.20,12739.30,0,0,0,0.00,0,F1,25,,,,,
2026-04-28,2026-04-28,FO,NSE,IDO,81316,,NIFTYNXT50,,2026-06-30,2026-06-30,59000.00,CE,NIFTYNXT5026JUN59000CE,0.00,0.00,0.00,3991.65,0.00,3991.65,70568.20,12256.65,0,0,0,0.00,0,F1,25,,,,,
2026-04-28,2026-04-28,FO,NSE,IDO,81339,,NIFTYNXT50,,2026-06-30,2026-06-30,59500.00,CE,NIFTYNXT5026JUN59500CE,0.00,0.00,0.00,3693.20,0.00,3693.20,70568.20,11776.70,0,0,0,0.00,0,F1,25,,,,,
2026-04-28,2026-04-28,FO,NSE,IDO,81989,,NIFTYNXT50,,2026-06-30,2026-06-30,71100.00,PE,NIFTYNXT5026JUN71100PE,0.00,0.00,0.00,9794.15,0.00,9794.15,70568.20,2579.90,0,0,0,0.00,0,F1,25,,,,,
2026-04-28,2026-04-28,FO,NSE,IDO,81809,,NIFTYNXT50,,2026-06-30,2026-06-30,68800.00,PE,NIFTYNXT5026JUN68800PE,0.00,0.00,0.00,7787.15,0.00,7787.15,70568.20,1583.55,0,0,0,0.00,0,F1,25,,,,,
2026-04-28,2026-04-28,FO,NSE,IDO,81786,,NIFTYNXT50,,2026-06-30,2026-06-30,67900.00,PE,NIFTYNXT5026JUN67900PE,0.00,0.00,0.00,7040.40,0.00,7040.40,70568.20,1275.90,0,0,0,0.00,0,F1,25,,,,,
2026-04-28,2026-04-28,FO,NSE,IDO,81774,,NIFTYNXT50,,2026-06-30,2026-06-30,67300.00,PE,NIFTYNXT5026JUN67300PE,0.00,0.00,0.00,6557.10,0.00,6557.10,70568.20,1095.40,0,0,0,0.00,0,F1,25,,,,,
2026-04-28,2026-04-28,FO,NSE,IDO,81631,,NIFTYNXT50,,2026-06-30,2026-06-30,64600.00,PE,NIFTYNXT5026JUN64600PE,0.00,0.00,0.00,4555.25,0.00,4555.25,70568.20,503.65,0,0,0,0.00,0,F1,25,,,,,
2026-04-28,2026-04-28,FO,NSE,IDO,81572,,NIFTYNXT50,,2026-06-30,2026-06-30,63800.00,PE,NIFTYNXT5026JUN63800PE,0.00,0.00,0.00,4026.00,0.00,4026.00,70568.20,387.35,0,0,0,0.00,0,F1,25,,,,,
2026-04-28,2026-04-28,FO,NSE,IDO,81498,,NIFTYNXT50,,2026-06-30,2026-06-30,62100.00,PE,NIFTYNXT5026JUN62100PE,0.00,0.00,0.00,3012.30,0.00,3012.30,70568.20,209.95,0,0,0,0.00,0,F1,25,,,,,
2026-04-28,2026-04-28,FO,NSE,IDO,81261,,NIFTYNXT50,,2026-06-30,2026-06-30,57900.00,PE,NIFTYNXT5026JUN57900PE,0.00,0.00,0.00,1211.10,0.00,1211.10,70568.20,32.05,0,0,0,0.00,0,F1,25,,,,,
2026-04-28,2026-04-28,FO,NSE,IDO,81244,,NIFTYNXT50,,2026-06-30,2026-06-30,57600.00,PE,NIFTYNXT5026JUN57600PE,0.00,0.00,0.00,1120.70,0.00,1120.70,70568.20,27.40,0,0,0,0.00,0,F1,25,,,,,
2026-04-28,2026-04-28,FO,NSE,IDO,81008,,NIFTYNXT50,,2026-06-30,2026-06-30,55200.00,PE,NIFTYNXT5026JUN55200PE,0.00,0.00,0.00,562.40,0.00,562.40,70568.20,6.90,0,0,0,0.00,0,F1,25,,,,,
2026-04-28,2026-04-28,FO,NSE,IDO,74528,,NIFTYNXT50,,2026-05-26,2026-05-26,76100.00,PE,NIFTYNXT5026MAY76100PE,0.00,0.00,0.00,6092.40,0.00,6092.40,70568.20,5508.55,0,0,0,0.00,0,F1,25,,,,,
2026-04-28,2026-04-28,FO,NSE,IDO,74065,,NIFTYNXT50,,2026-05-26,2026-05-26,73000.00,PE,NIFTYNXT5026MAY73000PE,0.00,0.00,0.00,3934.70,0.00,3934.70,70568.20,3070.10,0,0,0,0.00,0,F1,25,,,,,
2026-04-28,2026-04-28,FO,NSE,IDO,73923,,NIFTYNXT50,,2026-05-26,2026-05-26,71800.00,PE,NIFTYNXT5026MAY71800PE,0.00,0.00,0.00,3226.70,0.00,3226.70,70568.20,2303.90,0,0,0,0.00,0,F1,25,,,,,
2026-04-28,2026-04-28,FO,NSE,IDO,73889,,NIFTYNXT50,,2026-05-26,2026-05-26,70600.00,PE,NIFTYNXT5026MAY70600PE,0.00,0.00,0.00,2596.45,0.00,2596.45,70568.20,1658.60,0,0,0,0.00,0,F1,25,,,,,
2026-04-28,2026-04-28,FO,NSE,IDO,73636,,NIFTYNXT50,,2026-05-26,2026-05-26,67000.00,PE,NIFTYNXT5026MAY67000PE,0.00,0.00,0.00,1185.40,0.00,1185.40,70568.20,456.70,0,0,0,0.00,0,F1,25,,,,,
2026-04-28,2026-04-28,FO,NSE,IDO,73439,,NIFTYNXT50,,2026-05-26,2026-05-26,62300.00,PE,NIFTYNXT5026MAY62300PE,0.00,0.00,0.00,293.95,0.00,293.95,70568.20,34.30,0,0,0,0.00,0,F1,25,,,,,
2026-04-28,2026-04-28,FO,NSE,IDO,73426,,NIFTYNXT50,,2026-05-26,2026-05-26,62100.00,PE,NIFTYNXT5026MAY62100PE,0.00,0.00,0.00,273.90,0.00,273.90,70568.20,29.90,0,0,0,0.00,0,F1,25,,,,,
2026-04-28,2026-04-28,FO,NSE,IDO,73394,,NIFTYNXT50,,2026-05-26,2026-05-26,61000.00,PE,NIFTYNXT5026MAY61000PE,0.00,0.00,0.00,182.20,0.00,182.20,70568.20,13.35,0,0,0,0.00,0,F1,25,,,,,
2026-04-28,2026-04-28,FO,NSE,IDO,73382,,NIFTYNXT50,,2026-05-26,2026-05-26,60500.00,PE,NIFTYNXT5026MAY60500PE,0.00,0.00,0.00,149.75,0.00,149.75,70568.20,9.00,0,0,0,0.00,0,F1,25,,,,,
2026-04-28,2026-04-28,FO,NSE,IDO,73236,,NIFTYNXT50,,2026-05-26,2026-05-26,58400.00,PE,NIFTYNXT5026MAY58400PE,0.00,0.00,0.00,60.65,0.00,60.65,70568.20,1.45,0,0,0,0.00,0,F1,25,,,,,
2026-04-28,2026-04-28,FO,NSE,IDO,41302,,NIFTYNXT50,,2026-05-26,2026-05-26,57100.00,PE,NIFTYNXT5026MAY57100PE,0.00,0.00,0.00,40.30,0.00,40.30,70568.20,0.40,0,0,0,0.00,0,F1,25,,,,,
2026-04-28,2026-04-28,FO,NSE,IDO,43913,,NIFTYNXT50,,2026-05-26,2026-05-26,55300.00,PE,NIFTYNXT5026MAY55300PE,0.00,0.00,0.00,36.35,0.00,36.35,70568.20,0.05,0,0,0,0.00,0,F1,25,,,,,
2026-04-28,2026-04-28,FO,NSE,IDO,49903,,NIFTYNXT50,,2026-05-26,2026-05-26,54700.00,PE,NIFTYNXT5026MAY54700PE,0.00,0.00,0.00,31.15,0.00,31.15,70568.20,0.05,0,0,0,0.00,0,F1,25,,,,,
2026-04-28,2026-04-28,FO,NSE,IDO,73110,,NIFTYNXT50,,2026-05-26,2026-05-26,51000.00,PE,NIFTYNXT5026MAY51000PE,0.00,0.00,0.00,0.75,0.00,0.75,70568.20,0.00,0,0,0,0.00,0,F1,25,,,,,
2026-04-28,2026-04-28,FO,NSE,IDO,74349,,NIFTYNXT50,,2026-04-28,2026-04-28,75100.00,PE,NIFTYNXT5026APR75100PE,0.00,0.00,0.00,7776.85,0.00,7776.85,70568.20,70568.20,0,0,0,0.00,0,F1,25,,,,,
2026-04-28,2026-04-28,FO,NSE,IDO,74323,,NIFTYNXT50,,2026-04-28,2026-04-28,73800.00,PE,NIFTYNXT5026APR73800PE,0.00,0.00,0.00,6696.95,0.00,6696.95,70568.20,70568.20,0,0,0,0.00,0,F1,25,,,,,
2026-04-28,2026-04-28,FO,NSE,IDO,74309,,NIFTYNXT50,,2026-04-28,2026-04-28,73100.00,PE,NIFTYNXT5026APR73100PE,0.00,0.00,0.00,6139.50,0.00,6139.50,70568.20,70568.20,0,0,0,0.00,0,F1,25,,,,,
2026-04-28,2026-04-28,FO,NSE,IDO,74195,,NIFTYNXT50,,2026-04-28,2026-04-28,70000.00,PE,NIFTYNXT5026APR70000PE,81.65,100.00,0.05,0.70,0.05,79.70,70568.20,70568.20,9775,8075,2365,4139946333.75,1297,F1,25,,,,,
2026-04-28,2026-04-28,FO,NSE,IDO,74161,,NIFTYNXT50,,2026-04-28,2026-04-28,69200.00,PE,NIFTYNXT5026APR69200PE,0.00,0.00,0.00,525.00,525.00,525.00,70568.20,70568.20,0,0,0,0.00,0,F1,25,,,,,
2026-04-28,2026-04-28,FO,NSE,IDO,74151,,NIFTYNXT50,,2026-04-28,2026-04-28,68900.00,PE,NIFTYNXT5026APR68900PE,0.00,0.00,0.00,424.00,424.00,424.00,70568.20,70568.20,0,0,0,0.00,0,F1,25,,,,,
2026-04-28,2026-04-28,FO,NSE,IDO,74143,,NIFTYNXT50,,2026-04-28,2026-04-28,68600.00,PE,NIFTYNXT5026APR68600PE,0.00,0.00,0.00,1203.50,1203.50,1203.50,70568.20,70568.20,25,0,0,0.00,0,F1,25,,,,,
2026-04-28,2026-04-28,FO,NSE,IDO,74127,,NIFTYNXT50,,2026-04-28,2026-04-28,68200.00,PE,NIFTYNXT5026APR68200PE,0.00,0.00,0.00,2859.70,0.00,2859.70,70568.20,70568.20,0,0,0,0.00,0,F1,25,,,,,
2026-04-28,2026-04-28,FO,NSE,IDO,74081,,NIFTYNXT50,,2026-04-28,2026-04-28,67600.00,PE,NIFTYNXT5026APR67600PE,0.00,0.00,0.00,2546.85,0.00,2546.85,70568.20,70568.20,0,0,0,0.00,0,F1,25,,,,,
2026-04-28,2026-04-28,FO,NSE,IDO,74053,,NIFTYNXT50,,2026-04-28,2026-04-28,67200.00,PE,NIFTYNXT5026APR67200PE,0.00,0.00,0.00,2350.35,0.00,2350.35,70568.20,70568.20,0,0,0,0.00,0,F1,25,,,,,
2026-04-28,2026-04-28,FO,NSE,IDO,73980,,NIFTYNXT50,,2026-04-28,2026-04-28,64600.00,PE,NIFTYNXT5026APR64600PE,0.00,0.00,0.00,1302.25,0.00,1302.25,70568.20,70568.20,0,0,0,0.00,0,F1,25,,,,,
2026-04-28,2026-04-28,FO,NSE,IDO,73978,,NIFTYNXT50,,2026-04-28,2026-04-28,64500.00,PE,NIFTYNXT5026APR64500PE,0.00,0.00,0.00,1269.80,0.00,1269.80,70568.20,70568.20,0,0,0,0.00,0,F1,25,,,,,
2026-04-28,2026-04-28,FO,NSE,IDO,73966,,NIFTYNXT50,,2026-04-28,2026-04-28,64000.00,PE,NIFTYNXT5026APR64000PE,5.00,5.00,0.50,0.50,0.50,25.00,70568.20,70568.20,675,225,26,41602750.00,4,F1,25,,,,,
2026-04-28,2026-04-28,FO,NSE,IDO,73950,,NIFTYNXT50,,2026-04-28,2026-04-28,63400.00,PE,NIFTYNXT5026APR63400PE,0.00,0.00,0.00,952.15,0.00,952.15,70568.20,70568.20,0,0,0,0.00,0,F1,25,,,,,
2026-04-28,2026-04-28,FO,NSE,IDO,73938,,NIFTYNXT50,,2026-04-28,2026-04-28,62800.00,PE,NIFTYNXT5026APR62800PE,0.00,0.00,0.00,801.75,0.00,801.75,70568.20,70568.20,0,0,0,0.00,0,F1,25,,,,,
2026-04-28,2026-04-28,FO,NSE,IDO,73836,,NIFTYNXT50,,2026-04-28,2026-04-28,61000.00,PE,NIFTYNXT5026APR61000PE,3.45,3.45,3.45,3.45,3.45,3.45,70568.20,70568.20,700,25,5,7625431.25,2,F1,25,,,,,
2026-04-28,2026-04-28,FO,NSE,IDO,73825,,NIFTYNXT50,,2026-04-28,2026-04-28,60600.00,PE,NIFTYNXT5026APR60600PE,0.00,0.00,0.00,400.35,0.00,400.35,70568.20,70568.20,0,0,0,0.00,0,F1,25,,,,,
2026-04-28,2026-04-28,FO,NSE,IDO,73823,,NIFTYNXT50,,2026-04-28,2026-04-28,60500.00,PE,NIFTYNXT5026APR60500PE,0.00,0.00,0.00,386.80,0.00,386.80,70568.20,70568.20,0,0,0,0.00,0,F1,25,,,,,
2026-04-28,2026-04-28,FO,NSE,IDO,73777,,NIFTYNXT50,,2026-04-28,2026-04-28,58500.00,PE,NIFTYNXT5026APR58500PE,0.00,0.00,0.00,183.10,0.00,183.10,70568.20,70568.20,0,0,0,0.00,0,F1,25,,,,,
2026-04-28,2026-04-28,FO,NSE,IDO,73775,,NIFTYNXT50,,2026-04-28,2026-04-28,58400.00,PE,NIFTYNXT5026APR58400PE,0.00,0.00,0.00,175.85,0.00,175.85,70568.20,70568.20,0,0,0,0.00,0,F1,25,,,,,
2026-04-28,2026-04-28,FO,NSE,IDO,73743,,NIFTYNXT50,,2026-04-28,2026-04-28,57500.00,PE,NIFTYNXT5026APR57500PE,0.00,0.00,0.00,120.45,0.00,120.45,70568.20,70568.20,0,0,0,0.00,0,F1,25,,,,,
2026-04-28,2026-04-28,FO,NSE,IDO,73741,,NIFTYNXT50,,2026-04-28,2026-04-28,57400.00,PE,NIFTYNXT5026APR57400PE,0.00,0.00,0.00,115.30,0.00,115.30,70568.20,70568.20,0,0,0,0.00,0,F1,25,,,,,
2026-04-28,2026-04-28,FO,NSE,IDO,82121,,NIFTYNXT50,,2026-06-30,2026-06-30,80000.00,CE,NIFTYNXT5026JUN80000CE,0.00,0.00,0.00,22.15,0.00,22.15,70568.20,406.45,0,0,0,0.00,0,F1,25,,,,,
2026-04-28,2026-04-28,FO,NSE,IDO,42132,,NIFTYNXT50,,2026-06-30,2026-06-30,75200.00,CE,NIFTYNXT5026JUN75200CE,0.00,0.00,0.00,218.80,0.00,218.80,70568.20,1268.15,0,0,0,0.00,0,F1,25,,,,,
2026-04-28,2026-04-28,FO,NSE,IDO,82042,,NIFTYNXT50,,2026-06-30,2026-06-30,75000.00,CE,NIFTYNXT5026JUN75000CE,0.00,0.00,0.00,106.50,0.00,106.50,70568.20,1323.45,0,0,0,0.00,0,F1,25,,,,,
2026-04-28,2026-04-28,FO,NSE,IDO,38782,,NIFTYNXT50,,2026-06-30,2026-06-30,74700.00,CE,NIFTYNXT5026JUN74700CE,0.00,0.00,0.00,236.90,0.00,236.90,70568.20,1409.90,0,0,0,0.00,0,F1,25,,,,,
2026-04-28,2026-04-28,FO,NSE,IDO,38778,,NIFTYNXT50,,2026-06-30,2026-06-30,74600.00,CE,NIFTYNXT5026JUN74600CE,0.00,0.00,0.00,243.40,0.00,243.40,70568.20,1439.65,0,0,0,0.00,0,F1,25,,,,,
2026-04-28,2026-04-28,FO,NSE,IDO,35300,,NIFTYNXT50,,2026-06-30,2026-06-30,73700.00,CE,NIFTYNXT5026JUN73700CE,0.00,0.00,0.00,270.60,0.00,270.60,70568.20,1729.75,0,0,0,0.00,0,F1,25,,,,,
2026-04-28,2026-04-28,FO,NSE,IDO,35273,,NIFTYNXT50,,2026-06-30,2026-06-30,72800.00,CE,NIFTYNXT5026JUN72800CE,0.00,0.00,0.00,341.45,0.00,341.45,70568.20,2061.75,0,0,0,0.00,0,F1,25,,,,,
2026-04-28,2026-04-28,FO,NSE,IDO,35264,,NIFTYNXT50,,2026-06-30,2026-06-30,72400.00,CE,NIFTYNXT5026JUN72400CE,0.00,0.00,0.00,377.85,0.00,377.85,70568.20,2223.40,0,0,0,0.00,0,F1,25,,,,,
2026-04-28,2026-04-28,FO,NSE,IDO,82002,,NIFTYNXT50,,2026-06-30,2026-06-30,71800.00,CE,NIFTYNXT5026JUN71800CE,0.00,0.00,0.00,263.45,0.00,263.45,70568.20,2482.60,0,0,0,0.00,0,F1,25,,,,,
2026-04-28,2026-04-28,FO,NSE,IDO,81976,,NIFTYNXT50,,2026-06-30,2026-06-30,70500.00,CE,NIFTYNXT5026JUN70500CE,0.00,0.00,0.00,371.45,0.00,371.45,70568.20,3115.20,0,0,0,0.00,0,F1,25,,,,,
2026-04-28,2026-04-28,FO,NSE,IDO,81895,,NIFTYNXT50,,2026-06-30,2026-06-30,69600.00,CE,NIFTYNXT5026JUN69600CE,0.00,0.00,0.00,467.15,0.00,467.15,70568.20,3610.45,0,0,0,0.00,0,F1,25,,,,,
2026-04-28,2026-04-28,FO,NSE,IDO,81810,,NIFTYNXT50,,2026-06-30,2026-06-30,68900.00,CE,NIFTYNXT5026JUN68900CE,0.00,0.00,0.00,555.65,0.00,555.65,70568.20,4028.00,0,0,0,0.00,0,F1,25,,,,,
2026-04-28,2026-04-28,FO,NSE,IDO,81783,,NIFTYNXT50,,2026-06-30,2026-06-30,67800.00,CE,NIFTYNXT5026JUN67800CE,0.00,0.00,0.00,723.30,0.00,723.30,70568.20,4740.15,0,0,0,0.00,0,F1,25,,,,,
2026-04-28,2026-04-28,FO,NSE,IDO,81726,,NIFTYNXT50,,2026-06-30,2026-06-30,66500.00,CE,NIFTYNXT5026JUN66500CE,0.00,0.00,0.00,976.35,0.00,976.35,70568.20,5666.80,0,0,0,0.00,0,F1,25,,,,,
2026-04-28,2026-04-28,FO,NSE,IDO,81682,,NIFTYNXT50,,2026-06-30,2026-06-30,66000.00,CE,NIFTYNXT5026JUN66000CE,0.00,0.00,0.00,1089.35,0.00,1089.35,70568.20,6045.35,0,0,0,0.00,0,F1,25,,,,,
2026-04-28,2026-04-28,FO,NSE,IDO,73997,,NIFTYNXT50,,2026-04-28,2026-04-28,65100.00,PE,NIFTYNXT5026APR65100PE,0.00,0.00,0.00,1473.15,0.00,1473.15,70568.20,70568.20,0,0,0,0.00,0,F1,25,,,,,
2026-04-28,2026-04-28,FO,NSE,IDO,73991,,NIFTYNXT50,,2026-04-28,2026-04-28,64900.00,PE,NIFTYNXT5026APR64900PE,0.00,0.00,0.00,1403.05,0.00,1403.05,70568.20,70568.20,0,0,0,0.00,0,F1,25,,,,,
2026-04-28,2026-04-28,FO,NSE,IDO,73968,,NIFTYNXT50,,2026-04-28,2026-04-28,64100.00,PE,NIFTYNXT5026APR64100PE,0.00,0.00,0.00,1145.45,0.00,1145.45,70568.20,70568.20,0,0,0,0.00,0,F1,25,,,,,
2026-04-28,2026-04-28,FO,NSE,IDO,73958,,NIFTYNXT50,,2026-04-28,2026-04-28,63800.00,PE,NIFTYNXT5026APR63800PE,0.00,0.00,0.00,1058.00,0.00,1058.00,70568.20,70568.20,0,0,0,0.00,0,F1,25,,,,,
2026-04-28,2026-04-28,FO,NSE,IDO,73932,,NIFTYNXT50,,2026-04-28,2026-04-28,62500.00,PE,NIFTYNXT5026APR62500PE,0.00,0.00,0.00,734.35,0.00,734.35,70568.20,70568.20,0,0,0,0.00,0,F1,25,,,,,
2026-04-28,2026-04-28,FO,NSE,IDO,73811,,NIFTYNXT50,,2026-04-28,2026-04-28,59900.00,PE,NIFTYNXT5026APR59900PE,0.00,0.00,0.00,312.75,0.00,312.75,70568.20,70568.20,0,0,0,0.00,0,F1,25,,,,,
2026-04-28,2026-04-28,FO,NSE,IDO,73801,,NIFTYNXT50,,2026-04-28,2026-04-28,59500.00,PE,NIFTYNXT5026APR59500PE,0.00,0.00,0.00,269.95,0.00,269.95,70568.20,70568.20,0,0,0,0.00,0,F1,25,,,,,
2026-04-28,2026-04-28,FO,NSE,IDO,73759,,NIFTYNXT50,,2026-04-28,2026-04-28,57800.00,PE,NIFTYNXT5026APR57800PE,0.00,0.00,0.00,137.05,0.00,137.05,70568.20,70568.20,0,0,0,0.00,0,F1,25,,,,,
2026-04-28,2026-04-28,FO,NSE,IDO,73701,,NIFTYNXT50,,2026-04-28,2026-04-28,56300.00,PE,NIFTYNXT5026APR56300PE,0.00,0.00,0.00,69.80,0.00,69.80,70568.20,70568.20,0,0,0,0.00,0,F1,25,,,,,
2026-04-28,2026-04-28,FO,NSE,IDO,73679,,NIFTYNXT50,,2026-04-28,2026-04-28,55900.00,PE,NIFTYNXT5026APR55900PE,0.00,0.00,0.00,57.55,0.00,57.55,70568.20,70568.20,0,0,0,0.00,0,F1,25,,,,,
2026-04-28,2026-04-28,FO,NSE,IDO,73546,,NIFTYNXT50,,2026-04-28,2026-04-28,55500.00,PE,NIFTYNXT5026APR55500PE,0.00,0.00,0.00,47.20,0.00,47.20,70568.20,70568.20,0,0,0,0.00,0,F1,25,,,,,
2026-04-28,2026-04-28,FO,NSE,IDO,73516,,NIFTYNXT50,,2026-04-28,2026-04-28,55300.00,PE,NIFTYNXT5026APR55300PE,0.00,0.00,0.00,42.65,0.00,42.65,70568.20,70568.20,0,0,0,0.00,0,F1,25,,,,,
2026-04-28,2026-04-28,FO,NSE,IDO,49883,,NIFTYNXT50,,2026-04-28,2026-04-28,54100.00,PE,NIFTYNXT5026APR54100PE,0.00,0.00,0.00,3.80,0.00,3.80,70568.20,70568.20,0,0,0,0.00,0,F1,25,,,,,
2026-04-28,2026-04-28,FO,NSE,IDO,82127,,NIFTYNXT50,,2026-06-30,2026-06-30,81500.00,CE,NIFTYNXT5026JUN81500CE,0.00,0.00,0.00,13.35,0.00,13.35,70568.20,272.20,0,0,0,0.00,0,F1,25,,,,,
2026-04-28,2026-04-28,FO,NSE,IDO,38774,,NIFTYNXT50,,2026-06-30,2026-06-30,74300.00,CE,NIFTYNXT5026JUN74300CE,0.00,0.00,0.00,263.90,0.00,263.90,70568.20,1531.85,0,0,0,0.00,0,F1,25,,,,,
2026-04-28,2026-04-28,FO,NSE,IDO,35290,,NIFTYNXT50,,2026-06-30,2026-06-30,73400.00,CE,NIFTYNXT5026JUN73400CE,0.00,0.00,0.00,292.65,0.00,292.65,70568.20,1835.65,0,0,0,0.00,0,F1,25,,,,,
2026-04-28,2026-04-28,FO,NSE,IDO,82032,,NIFTYNXT50,,2026-06-30,2026-06-30,73000.00,CE,NIFTYNXT5026JUN73000CE,0.00,0.00,0.00,189.40,0.00,189.40,70568.20,1984.25,0,0,0,0.00,0,F1,25,,,,,
2026-04-28,2026-04-28,FO,NSE,IDO,35268,,NIFTYNXT50,,2026-06-30,2026-06-30,72600.00,CE,NIFTYNXT5026JUN72600CE,0.00,0.00,0.00,359.25,0.00,359.25,70568.20,2141.50,0,0,0,0.00,0,F1,25,,,,,
2026-04-28,2026-04-28,FO,NSE,IDO,82000,,NIFTYNXT50,,2026-06-30,2026-06-30,71700.00,CE,NIFTYNXT5026JUN71700CE,0.00,0.00,0.00,270.60,0.00,270.60,70568.20,2527.80,0,0,0,0.00,0,F1,25,,,,,
2026-04-28,2026-04-28,FO,NSE,IDO,81777,,NIFTYNXT50,,2026-06-30,2026-06-30,67500.00,CE,NIFTYNXT5026JUN67500CE,0.00,0.00,0.00,775.75,0.00,775.75,70568.20,4945.90,0,0,0,0.00,0,F1,25,,,,,
2026-04-28,2026-04-28,FO,NSE,IDO,81626,,NIFTYNXT50,,2026-06-30,2026-06-30,64400.00,CE,NIFTYNXT5026JUN64400CE,0.00,0.00,0.00,1523.40,0.00,1523.40,70568.20,7331.50,0,0,0,0.00,0,F1,25,,,,,
2026-04-28,2026-04-28,FO,NSE,IDO,81545,,NIFTYNXT50,,2026-06-30,2026-06-30,63100.00,CE,NIFTYNXT5026JUN63100CE,0.00,0.00,0.00,1969.85,0.00,1969.85,70568.20,8449.05,0,0,0,0.00,0,F1,25,,,,,
2026-04-28,2026-04-28,FO,NSE,IDO,81214,,NIFTYNXT50,,2026-06-30,2026-06-30,56500.00,CE,NIFTYNXT5026JUN56500CE,0.00,0.00,0.00,5692.65,0.00,5692.65,70568.20,14689.40,0,0,0,0.00,0,F1,25,,,,,
2026-04-28,2026-04-28,FO,NSE,IDO,80999,,NIFTYNXT50,,2026-06-30,2026-06-30,55000.00,CE,NIFTYNXT5026JUN55000CE,0.00,0.00,0.00,6862.70,0.00,6862.70,70568.20,16164.45,0,0,0,0.00,0,F1,25,,,,,
2026-04-28,2026-04-28,FO,NSE,IDO,80743,,NIFTYNXT50,,2026-06-30,2026-06-30,50500.00,CE,NIFTYNXT5026JUN50500CE,0.00,0.00,0.00,10847.95,0.00,10847.95,70568.20,20610.30,0,0,0,0.00,0,F1,25,,,,,
2026-04-28,2026-04-28,FO,NSE,IDO,74631,,NIFTYNXT50,,2026-05-26,2026-05-26,79000.00,CE,NIFTYNXT5026MAY79000CE,0.00,0.00,0.00,524.40,0.00,524.40,70568.20,88.30,0,0,0,0.00,0,F1,25,,,,,
2026-04-28,2026-04-28,FO,NSE,IDO,74529,,NIFTYNXT50,,2026-05-26,2026-05-26,76200.00,CE,NIFTYNXT5026MAY76200CE,0.00,0.00,0.00,999.25,0.00,999.25,70568.20,302.20,0,0,0,0.00,0,F1,25,,,,,
2026-04-28,2026-04-28,FO,NSE,IDO,74521,,NIFTYNXT50,,2026-05-26,2026-05-26,75800.00,CE,NIFTYNXT5026MAY75800CE,0.00,0.00,0.00,1091.80,0.00,1091.80,70568.20,354.40,0,0,0,0.00,0,F1,25,,,,,
2026-04-28,2026-04-28,FO,NSE,IDO,74503,,NIFTYNXT50,,2026-05-26,2026-05-26,75400.00,CE,NIFTYNXT5026MAY75400CE,0.00,0.00,0.00,1184.90,0.00,1184.90,70568.20,413.85,0,0,0,0.00,0,F1,25,,,,,
2026-04-28,2026-04-28,FO,NSE,IDO,74385,,NIFTYNXT50,,2026-05-26,2026-05-26,73600.00,CE,NIFTYNXT5026MAY73600CE,0.00,0.00,0.00,1707.00,0.00,1707.00,70568.20,789.70,0,0,0,0.00,0,F1,25,,,,,
2026-04-28,2026-04-28,FO,NSE,IDO,74003,,NIFTYNXT50,,2026-05-26,2026-05-26,72200.00,CE,NIFTYNXT5026MAY72200CE,0.00,0.00,0.00,2221.65,0.00,2221.65,70568.20,1235.10,0,0,0,0.00,0,F1,25,,,,,
2026-04-28,2026-04-28,FO,NSE,IDO,73908,,NIFTYNXT50,,2026-05-26,2026-05-26,71600.00,CE,NIFTYNXT5026MAY71600CE,0.00,0.00,0.00,2473.65,0.00,2473.65,70568.20,1473.75,0,0,0,0.00,0,F1,25,,,,,
2026-04-28,2026-04-28,FO,NSE,IDO,73900,,NIFTYNXT50,,2026-05-26,2026-05-26,71200.00,CE,NIFTYNXT5026MAY71200CE,0.00,0.00,0.00,2652.55,0.00,2652.55,70568.20,1649.80,0,0,0,0.00,0,F1,25,,,,,
2026-04-28,2026-04-28,FO,NSE,IDO,73872,,NIFTYNXT50,,2026-05-26,2026-05-26,69800.00,CE,NIFTYNXT5026MAY69800CE,0.00,0.00,0.00,3348.90,0.00,3348.90,70568.20,2376.30,0,0,0,0.00,0,F1,25,,,,,
2026-04-28,2026-04-28,FO,NSE,IDO,73794,,NIFTYNXT50,,2026-05-26,2026-05-26,68600.00,CE,NIFTYNXT5026MAY68600CE,0.00,0.00,0.00,4032.75,0.00,4032.75,70568.20,3134.00,0,0,0,0.00,0,F1,25,,,,,
2026-04-28,2026-04-28,FO,NSE,IDO,73629,,NIFTYNXT50,,2026-05-26,2026-05-26,66700.00,CE,NIFTYNXT5026MAY66700CE,0.00,0.00,0.00,5279.00,0.00,5279.00,70568.20,4564.75,0,0,0,0.00,0,F1,25,,,,,
2026-04-28,2026-04-28,FO,NSE,IDO,73621,,NIFTYNXT50,,2026-05-26,2026-05-26,66300.00,CE,NIFTYNXT5026MAY66300CE,0.00,0.00,0.00,5565.15,0.00,5565.15,70568.20,4896.45,0,0,0,0.00,0,F1,25,,,,,
2026-04-28,2026-04-28,FO,NSE,IDO,73507,,NIFTYNXT50,,2026-05-26,2026-05-26,63500.00,CE,NIFTYNXT5026MAY63500CE,0.00,0.00,0.00,7764.10,0.00,7764.10,70568.20,7424.70,0,0,0,0.00,0,F1,25,,,,,
2026-04-28,2026-04-28,FO,NSE,IDO,73454,,NIFTYNXT50,,2026-05-26,2026-05-26,63100.00,CE,NIFTYNXT5026MAY63100CE,0.00,0.00,0.00,8103.65,0.00,8103.65,70568.20,7806.50,0,0,0,0.00,0,F1,25,,,,,
2026-04-28,2026-04-28,FO,NSE,IDO,73450,,NIFTYNXT50,,2026-05-26,2026-05-26,62900.00,CE,NIFTYNXT5026MAY62900CE,0.00,0.00,0.00,8275.45,0.00,8275.45,70568.20,7998.60,0,0,0,0.00,0,F1,25,,,,,
2026-04-28,2026-04-28,FO,NSE,IDO,73425,,NIFTYNXT50,,2026-05-26,2026-05-26,62100.00,CE,NIFTYNXT5026MAY62100CE,0.00,0.00,0.00,8974.95,0.00,8974.95,70568.20,8773.75,0,0,0,0.00,0,F1,25,,,,,
2026-04-28,2026-04-28,FO,NSE,IDO,73421,,NIFTYNXT50,,2026-05-26,2026-05-26,62000.00,CE,NIFTYNXT5026MAY62000CE,0.00,0.00,0.00,9063.70,0.00,9063.70,70568.20,8871.30,0,0,0,0.00,0,F1,25,,,,,
2026-04-28,2026-04-28,FO,NSE,IDO,73349,,NIFTYNXT50,,2026-05-26,2026-05-26,59700.00,CE,NIFTYNXT5026MAY59700CE,0.00,0.00,0.00,11169.35,0.00,11169.35,70568.20,11137.85,0,0,0,0.00,0,F1,25,,,,,
2026-04-28,2026-04-28,FO,NSE,IDO,73243,,NIFTYNXT50,,2026-05-26,2026-05-26,58500.00,CE,NIFTYNXT5026MAY58500CE,0.00,0.00,0.00,12305.30,0.00,12305.30,70568.20,12329.50,0,0,0,0.00,0,F1,25,,,,,
2026-04-28,2026-04-28,FO,NSE,IDO,73133,,NIFTYNXT50,,2026-05-26,2026-05-26,56500.00,CE,NIFTYNXT5026MAY56500CE,0.00,0.00,0.00,14232.55,0.00,14232.55,70568.20,14319.25,0,0,0,0.00,0,F1,25,,,,,
2026-04-28,2026-04-28,FO,NSE,IDO,43914,,NIFTYNXT50,,2026-05-26,2026-05-26,55400.00,CE,NIFTYNXT5026MAY55400CE,0.00,0.00,0.00,12285.25,0.00,12285.25,70568.20,15414.20,0,0,0,0.00,0,F1,25,,,,,
2026-04-28,2026-04-28,FO,NSE,IDO,49892,,NIFTYNXT50,,2026-05-26,2026-05-26,54100.00,CE,NIFTYNXT5026MAY54100CE,0.00,0.00,0.00,12776.75,0.00,12776.75,70568.20,16708.40,0,0,0,0.00,0,F1,25,,,,,
2026-04-28,2026-04-28,FO,NSE,IDO,74509,,NIFTYNXT50,,2026-04-28,2026-04-28,78000.00,CE,NIFTYNXT5026APR78000CE,0.00,0.00,0.00,239.30,0.00,239.30,70568.20,70568.20,0,0,0,0.00,0,F1,25,,,,,
2026-04-28,2026-04-28,FO,NSE,IDO,74489,,NIFTYNXT50,,2026-04-28,2026-04-28,77500.00,CE,NIFTYNXT5026APR77500CE,0.00,0.00,0.00,275.45,0.00,275.45,70568.20,70568.20,0,0,0,0.00,0,F1,25,,,,,
2026-04-28,2026-04-28,FO,NSE,IDO,74372,,NIFTYNXT50,,2026-04-28,2026-04-28,76200.00,CE,NIFTYNXT5026APR76200CE,0.00,0.00,0.00,392.80,0.00,392.80,70568.20,70568.20,0,0,0,0.00,0,F1,25,,,,,
2026-04-28,2026-04-28,FO,NSE,IDO,74364,,NIFTYNXT50,,2026-04-28,2026-04-28,75900.00,CE,NIFTYNXT5026APR75900CE,0.00,0.00,0.00,425.30,0.00,425.30,70568.20,70568.20,0,0,0,0.00,0,F1,25,,,,,
2026-04-28,2026-04-28,FO,NSE,IDO,74352,,NIFTYNXT50,,2026-04-28,2026-04-28,75300.00,CE,NIFTYNXT5026APR75300CE,0.00,0.00,0.00,497.30,0.00,497.30,70568.20,70568.20,0,0,0,0.00,0,F1,25,,,,,
2026-04-28,2026-04-28,FO,NSE,IDO,74346,,NIFTYNXT50,,2026-04-28,2026-04-28,75000.00,CE,NIFTYNXT5026APR75000CE,0.00,0.00,0.00,537.00,0.00,537.00,70568.20,70568.20,0,0,0,0.00,0,F1,25,,,,,
2026-04-28,2026-04-28,FO,NSE,IDO,74338,,NIFTYNXT50,,2026-04-28,2026-04-28,74600.00,CE,NIFTYNXT5026APR74600CE,4.15,4.20,0.50,0.50,0.50,5.25,70568.20,70568.20,750,-200,28,52220977.50,20,F1,25,,,,,
2026-04-28,2026-04-28,FO,NSE,IDO,74336,,NIFTYNXT50,,2026-04-28,2026-04-28,74500.00,CE,NIFTYNXT5026APR74500CE,8.90,8.90,0.30,0.30,0.30,8.95,70568.20,70568.20,2925,0,105,195567602.50,15,F1,25,,,,,
2026-04-28,2026-04-28,FO,NSE,IDO,74328,,NIFTYNXT50,,2026-04-28,2026-04-28,74100.00,CE,NIFTYNXT5026APR74100CE,0.00,0.00,0.00,672.60,0.00,672.60,70568.20,70568.20,0,0,0,0.00,0,F1,25,,,,,
2026-04-28,2026-04-28,FO,NSE,IDO,74310,,NIFTYNXT50,,2026-04-28,2026-04-28,73200.00,CE,NIFTYNXT5026APR73200CE,0.00,0.00,0.00,835.55,0.00,835.55,70568.20,70568.20,0,0,0,0.00,0,F1,25,,,,,
2026-04-28,2026-04-28,FO,NSE,IDO,74294,,NIFTYNXT50,,2026-04-28,2026-04-28,72400.00,CE,NIFTYNXT5026APR72400CE,0.00,0.00,0.00,1008.70,0.00,1008.70,70568.20,70568.20,0,0,0,0.00,0,F1,25,,,,,
2026-04-28,2026-04-28,FO,NSE,IDO,74284,,NIFTYNXT50,,2026-04-28,2026-04-28,72000.00,CE,NIFTYNXT5026APR72000CE,26.90,26.90,0.05,0.30,0.20,25.65,70568.20,70568.20,5950,2450,924,1663324397.50,281,F1,25,,,,,
2026-04-28,2026-04-28,FO,NSE,IDO,74274,,NIFTYNXT50,,2026-04-28,2026-04-28,71600.00,CE,NIFTYNXT5026APR71600CE,0.00,0.00,0.00,36.10,36.10,36.10,70568.20,70568.20,250,0,0,0.00,0,F1,25,,,,,
2026-04-28,2026-04-28,FO,NSE,IDO,73539,,NIFTYNXT50,,2026-04-28,2026-04-28,55400.00,CE,NIFTYNXT5026APR55400CE,0.00,0.00,0.00,12189.80,0.00,12189.80,70568.20,70568.20,0,0,0,0.00,0,F1,25,,,,,
2026-04-28,2026-04-28,FO,NSE,IDO,41229,,NIFTYNXT50,,2026-04-28,2026-04-28,54400.00,CE,NIFTYNXT5026APR54400CE,0.00,0.00,0.00,12788.95,0.00,12788.95,70568.20,70568.20,0,0,0,0.00,0,F1,25,,,,,
2026-04-28,2026-04-28,FO,NSE,IDO,73489,,NIFTYNXT50,,2026-04-28,2026-04-28,53000.00,CE,NIFTYNXT5026APR53000CE,0.00,0.00,0.00,14520.05,0.00,14520.05,70568.20,70568.20,0,0,0,0.00,0,F1,25,,,,,
2026-04-28,2026-04-28,FO,NSE,IDO,82126,,NIFTYNXT50,,2026-06-30,2026-06-30,81000.00,PE,NIFTYNXT5026JUN81000PE,0.00,0.00,0.00,19215.10,0.00,19215.10,70568.20,9874.55,0,0,0,0.00,0,F1,25,,,,,
2026-04-28,2026-04-28,FO,NSE,IDO,82101,,NIFTYNXT50,,2026-06-30,2026-06-30,78500.00,PE,NIFTYNXT5026JUN78500PE,0.00,0.00,0.00,16780.15,0.00,16780.15,70568.20,7683.70,0,0,0,0.00,0,F1,25,,,,,
2026-04-28,2026-04-28,FO,NSE,IDO,82049,,NIFTYNXT50,,2026-06-30,2026-06-30,76000.00,PE,NIFTYNXT5026JUN76000PE,0.00,0.00,0.00,14367.75,0.00,14367.75,70568.20,5684.90,0,0,0,0.00,0,F1,25,,,,,
2026-04-28,2026-04-28,FO,NSE,IDO,81971,,NIFTYNXT50,,2026-06-30,2026-06-30,70200.00,PE,NIFTYNXT5026JUN70200PE,0.00,0.00,0.00,8993.95,0.00,8993.95,70568.20,2153.65,0,0,0,0.00,0,F1,25,,,,,
2026-04-28,2026-04-28,FO,NSE,IDO,81799,,NIFTYNXT50,,2026-06-30,2026-06-30,68500.00,PE,NIFTYNXT5026JUN68500PE,0.00,0.00,0.00,7535.50,0.00,7535.50,70568.20,1476.00,0,0,0,0.00,0,F1,25,,,,,
2026-04-28,2026-04-28,FO,NSE,IDO,81667,,NIFTYNXT50,,2026-06-30,2026-06-30,65400.00,PE,NIFTYNXT5026JUN65400PE,0.00,0.00,0.00,5115.35,0.00,5115.35,70568.20,644.95,0,0,0,0.00,0,F1,25,,,,,
2026-04-28,2026-04-28,FO,NSE,IDO,81625,,NIFTYNXT50,,2026-06-30,2026-06-30,64300.00,PE,NIFTYNXT5026JUN64300PE,0.00,0.00,0.00,4353.05,0.00,4353.05,70568.20,457.25,0,0,0,0.00,0,F1,25,,,,,
2026-04-28,2026-04-28,FO,NSE,IDO,81619,,NIFTYNXT50,,2026-06-30,2026-06-30,64100.00,PE,NIFTYNXT5026JUN64100PE,0.00,0.00,0.00,4220.75,0.00,4220.75,70568.20,428.20,0,0,0,0.00,0,F1,25,,,,,
2026-04-28,2026-04-28,FO,NSE,IDO,81568,,NIFTYNXT50,,2026-06-30,2026-06-30,63600.00,PE,NIFTYNXT5026JUN63600PE,0.00,0.00,0.00,3898.75,0.00,3898.75,70568.20,361.80,0,0,0,0.00,0,F1,25,,,,,
2026-04-28,2026-04-28,FO,NSE,IDO,81358,,NIFTYNXT50,,2026-06-30,2026-06-30,60200.00,PE,NIFTYNXT5026JUN60200PE,0.00,0.00,0.00,2071.50,0.00,2071.50,70568.20,96.15,0,0,0,0.00,0,F1,25,,,,,
2026-04-28,2026-04-28,FO,NSE,IDO,81315,,NIFTYNXT50,,2026-06-30,2026-06-30,58900.00,PE,NIFTYNXT5026JUN58900PE,0.00,0.00,0.00,1548.20,0.00,1548.20,70568.20,52.80,0,0,0,0.00,0,F1,25,,,,,
2026-04-28,2026-04-28,FO,NSE,IDO,81299,,NIFTYNXT50,,2026-06-30,2026-06-30,58700.00,PE,NIFTYNXT5026JUN58700PE,0.00,0.00,0.00,1476.30,0.00,1476.30,70568.20,47.90,0,0,0,0.00,0,F1,25,,,,,
2026-04-28,2026-04-28,FO,NSE,IDO,81223,,NIFTYNXT50,,2026-06-30,2026-06-30,56900.00,PE,NIFTYNXT5026JUN56900PE,0.00,0.00,0.00,931.50,0.00,931.50,70568.20,18.75,0,0,0,0.00,0,F1,25,,,,,
2026-04-28,2026-04-28,FO,NSE,IDO,81021,,NIFTYNXT50,,2026-06-30,2026-06-30,55700.00,PE,NIFTYNXT5026JUN55700PE,0.00,0.00,0.00,656.55,0.00,656.55,70568.20,9.40,0,0,0,0.00,0,F1,25,,,,,
2026-04-28,2026-04-28,FO,NSE,IDO,80944,,NIFTYNXT50,,2026-06-30,2026-06-30,53900.00,PE,NIFTYNXT5026JUN53900PE,0.00,0.00,0.00,365.00,0.00,365.00,70568.20,2.95,0,0,0,0.00,0,F1,25,,,,,
2026-04-28,2026-04-28,FO,NSE,IDO,80902,,NIFTYNXT50,,2026-06-30,2026-06-30,53500.00,PE,NIFTYNXT5026JUN53500PE,0.00,0.00,0.00,316.65,0.00,316.65,70568.20,2.25,0,0,0,0.00,0,F1,25,,,,,
2026-04-28,2026-04-28,FO,NSE,IDO,74653,,NIFTYNXT50,,2026-05-26,2026-05-26,80000.00,PE,NIFTYNXT5026MAY80000PE,0.00,0.00,0.00,9313.80,0.00,9313.80,70568.20,9130.85,0,0,0,0.00,0,F1,25,,,,,
2026-04-28,2026-04-28,FO,NSE,IDO,74472,,NIFTYNXT50,,2026-05-26,2026-05-26,75000.00,PE,NIFTYNXT5026MAY75000PE,0.00,0.00,0.00,5274.80,0.00,5274.80,70568.20,4580.15,0,0,0,0.00,0,F1,25,,,,,
2026-04-28,2026-04-28,FO,NSE,IDO,74464,,NIFTYNXT50,,2026-05-26,2026-05-26,74900.00,PE,NIFTYNXT5026MAY74900PE,0.00,0.00,0.00,5203.40,0.00,5203.40,70568.20,4498.75,0,0,0,0.00,0,F1,25,,,,,
2026-04-28,2026-04-28,FO,NSE,IDO,74427,,NIFTYNXT50,,2026-05-26,2026-05-26,74600.00,PE,NIFTYNXT5026MAY74600PE,0.00,0.00,0.00,4991.80,0.00,4991.80,70568.20,4258.05,0,0,0,0.00,0,F1,25,,,,,
2026-04-28,2026-04-28,FO,NSE,IDO,74415,,NIFTYNXT50,,2026-05-26,2026-05-26,74200.00,PE,NIFTYNXT5026MAY74200PE,0.00,0.00,0.00,4716.05,0.00,4716.05,70568.20,3945.35,0,0,0,0.00,0,F1,25,,,,,
2026-04-28,2026-04-28,FO,NSE,IDO,73873,,NIFTYNXT50,,2026-05-26,2026-05-26,69800.00,PE,NIFTYNXT5026MAY69800PE,0.00,0.00,0.00,2221.05,0.00,2221.05,70568.20,1298.25,0,0,0,0.00,0,F1,25,,,,,
2026-04-28,2026-04-28,FO,NSE,IDO,73670,,NIFTYNXT50,,2026-05-26,2026-05-26,67800.00,PE,NIFTYNXT5026MAY67800PE,0.00,0.00,0.00,1437.90,0.00,1437.90,70568.20,635.85,0,0,0,0.00,0,F1,25,,,,,
2026-04-28,2026-04-28,FO,NSE,IDO,73608,,NIFTYNXT50,,2026-05-26,2026-05-26,65900.00,PE,NIFTYNXT5026MAY65900PE,0.00,0.00,0.00,892.60,0.00,892.60,70568.20,276.35,0,0,0,0.00,0,F1,25,,,,,
2026-04-28,2026-04-28,FO,NSE,IDO,73458,,NIFTYNXT50,,2026-05-26,2026-05-26,63100.00,PE,NIFTYNXT5026MAY63100PE,0.00,0.00,0.00,386.10,0.00,386.10,70568.20,58.15,0,0,0,0.00,0,F1,25,,,,,
2026-04-28,2026-04-28,FO,NSE,IDO,73408,,NIFTYNXT50,,2026-05-26,2026-05-26,61500.00,PE,NIFTYNXT5026MAY61500PE,0.00,0.00,0.00,220.20,0.00,220.20,70568.20,19.45,0,0,0,0.00,0,F1,25,,,,,
2026-04-28,2026-04-28,FO,NSE,IDO,73392,,NIFTYNXT50,,2026-05-26,2026-05-26,60900.00,PE,NIFTYNXT5026MAY60900PE,0.00,0.00,0.00,175.30,0.00,175.30,70568.20,12.35,0,0,0,0.00,0,F1,25,,,,,
2026-04-28,2026-04-28,FO,NSE,IDO,73388,,NIFTYNXT50,,2026-05-26,2026-05-26,60700.00,PE,NIFTYNXT5026MAY60700PE,0.00,0.00,0.00,162.15,0.00,162.15,70568.20,10.55,0,0,0,0.00,0,F1,25,,,,,
2026-04-28,2026-04-28,FO,NSE,IDO,73354,,NIFTYNXT50,,2026-05-26,2026-05-26,59900.00,PE,NIFTYNXT5026MAY59900PE,0.00,0.00,0.00,117.25,0.00,117.25,70568.20,5.50,0,0,0,0.00,0,F1,25,,,,,
2026-04-28,2026-04-28,FO,NSE,IDO,41300,,NIFTYNXT50,,2026-05-26,2026-05-26,56900.00,PE,NIFTYNXT5026MAY56900PE,0.00,0.00,0.00,36.35,0.00,36.35,70568.20,0.30,0,0,0,0.00,0,F1,25,,,,,
2026-04-28,2026-04-28,FO,NSE,IDO,43943,,NIFTYNXT50,,2026-05-26,2026-05-26,56300.00,PE,NIFTYNXT5026MAY56300PE,0.00,0.00,0.00,60.45,0.00,60.45,70568.20,0.20,0,0,0,0.00,0,F1,25,,,,,
2026-04-28,2026-04-28,FO,NSE,IDO,49895,,NIFTYNXT50,,2026-05-26,2026-05-26,54200.00,PE,NIFTYNXT5026MAY54200PE,0.00,0.00,0.00,23.50,0.00,23.50,70568.20,0.05,0,0,0,0.00,0,F1,25,,,,,
2026-04-28,2026-04-28,FO,NSE,IDO,73120,,NIFTYNXT50,,2026-05-26,2026-05-26,53000.00,PE,NIFTYNXT5026MAY53000PE,0.00,0.00,0.00,2.95,0.00,2.95,70568.20,0.00,0,0,0,0.00,0,F1,25,,,,,
2026-04-28,2026-04-28,FO,NSE,IDO,74478,,NIFTYNXT50,,2026-04-28,2026-04-28,76900.00,PE,NIFTYNXT5026APR76900PE,0.00,0.00,0.00,9350.95,0.00,9350.95,70568.20,70568.20,0,0,0,0.00,0,F1,25,,,,,
2026-04-28,2026-04-28,FO,NSE,IDO,74476,,NIFTYNXT50,,2026-04-28,2026-04-28,76800.00,PE,NIFTYNXT5026APR76800PE,0.00,0.00,0.00,9261.45,0.00,9261.45,70568.20,70568.20,0,0,0,0.00,0,F1,25,,,,,
2026-04-28,2026-04-28,FO,NSE,IDO,74363,,NIFTYNXT50,,2026-04-28,2026-04-28,75800.00,PE,NIFTYNXT5026APR75800PE,0.00,0.00,0.00,8379.25,0.00,8379.25,70568.20,70568.20,0,0,0,0.00,0,F1,25,,,,,
2026-04-28,2026-04-28,FO,NSE,IDO,74315,,NIFTYNXT50,,2026-04-28,2026-04-28,73400.00,PE,NIFTYNXT5026APR73400PE,0.00,0.00,0.00,6376.20,0.00,6376.20,70568.20,70568.20,0,0,0,0.00,0,F1,25,,,,,
2026-04-28,2026-04-28,FO,NSE,IDO,74273,,NIFTYNXT50,,2026-04-28,2026-04-28,71500.00,PE,NIFTYNXT5026APR71500PE,0.00,0.00,0.00,4938.45,0.00,4938.45,70568.20,70568.20,0,0,0,0.00,0,F1,25,,,,,
2026-04-28,2026-04-28,FO,NSE,IDO,74206,,NIFTYNXT50,,2026-04-28,2026-04-28,70400.00,PE,NIFTYNXT5026APR70400PE,0.00,0.00,0.00,4181.75,0.00,4181.75,70568.20,70568.20,0,0,0,0.00,0,F1,25,,,,,
2026-04-28,2026-04-28,FO,NSE,IDO,74139,,NIFTYNXT50,,2026-04-28,2026-04-28,68400.00,PE,NIFTYNXT5026APR68400PE,0.00,0.00,0.00,2968.65,0.00,2968.65,70568.20,70568.20,0,0,0,0.00,0,F1,25,,,,,
2026-04-28,2026-04-28,FO,NSE,IDO,74085,,NIFTYNXT50,,2026-04-28,2026-04-28,67700.00,PE,NIFTYNXT5026APR67700PE,0.00,0.00,0.00,2597.55,0.00,2597.55,70568.20,70568.20,0,0,0,0.00,0,F1,25,,,,,
2026-04-28,2026-04-28,FO,NSE,IDO,74032,,NIFTYNXT50,,2026-04-28,2026-04-28,66300.00,PE,NIFTYNXT5026APR66300PE,0.00,0.00,0.00,1942.45,0.00,1942.45,70568.20,70568.20,0,0,0,0.00,0,F1,25,,,,,
2026-04-28,2026-04-28,FO,NSE,IDO,74016,,NIFTYNXT50,,2026-04-28,2026-04-28,65600.00,PE,NIFTYNXT5026APR65600PE,0.00,0.00,0.00,1658.40,0.00,1658.40,70568.20,70568.20,0,0,0,0.00,0,F1,25,,,,,
2026-04-28,2026-04-28,FO,NSE,IDO,73948,,NIFTYNXT50,,2026-04-28,2026-04-28,63300.00,PE,NIFTYNXT5026APR63300PE,0.00,0.00,0.00,926.30,0.00,926.30,70568.20,70568.20,0,0,0,0.00,0,F1,25,,,,,
2026-04-28,2026-04-28,FO,NSE,IDO,73936,,NIFTYNXT50,,2026-04-28,2026-04-28,62700.00,PE,NIFTYNXT5026APR62700PE,20.05,20.05,20.05,20.05,20.05,1538.00,70568.20,70568.20,225,25,1,1568001.25,1,F1,25,,,,,
2026-04-28,2026-04-28,FO,NSE,IDO,73920,,NIFTYNXT50,,2026-04-28,2026-04-28,62100.00,PE,NIFTYNXT5026APR62100PE,0.00,0.00,0.00,651.10,0.00,651.10,70568.20,70568.20,0,0,0,0.00,0,F1,25,,,,,
2026-04-28,2026-04-28,FO,NSE,IDO,73813,,NIFTYNXT50,,2026-04-28,2026-04-28,60000.00,PE,NIFTYNXT5026APR60000PE,0.00,0.00,0.00,324.25,0.00,324.25,70568.20,70568.20,0,0,0,0.00,0,F1,25,,,,,
2026-04-28,2026-04-28,FO,NSE,IDO,73781,,NIFTYNXT50,,2026-04-28,2026-04-28,58700.00,PE,NIFTYNXT5026APR58700PE,0.00,0.00,0.00,198.35,0.00,198.35,70568.20,70568.20,0,0,0,0.00,0,F1,25,,,,,
2026-04-28,2026-04-28,FO,NSE,IDO,73769,,NIFTYNXT50,,2026-04-28,2026-04-28,58200.00,PE,NIFTYNXT5026APR58200PE,0.00,0.00,0.00,162.00,0.00,162.00,70568.20,70568.20,0,0,0,0.00,0,F1,25,,,,,
2026-04-28,2026-04-28,FO,NSE,IDO,73765,,NIFTYNXT50,,2026-04-28,2026-04-28,58000.00,PE,NIFTYNXT5026APR58000PE,0.00,0.00,0.00,149.10,0.00,149.10,70568.20,70568.20,0,0,0,0.00,0,F1,25,,,,,
2026-04-28,2026-04-28,FO,NSE,IDO,73672,,NIFTYNXT50,,2026-04-28,2026-04-28,55600.00,PE,NIFTYNXT5026APR55600PE,0.00,0.00,0.00,49.60,0.00,49.60,70568.20,70568.20,0,0,0,0.00,0,F1,25,,,,,
2026-04-28,2026-04-28,FO,NSE,IDO,73496,,NIFTYNXT50,,2026-04-28,2026-04-28,54500.00,PE,NIFTYNXT5026APR54500PE,0.00,0.00,0.00,28.00,0.00,28.00,70568.20,70568.20,0,0,0,0.00,0,F1,25,,,,,
2026-04-28,2026-04-28,FO,NSE,IDO,59610,,NIFTYNXT50,,2026-04-28,2026-04-28,53900.00,PE,NIFTYNXT5026APR53900PE,0.00,0.00,0.00,5.20,0.00,5.20,70568.20,70568.20,0,0,0,0.00,0,F1,25,,,,,
2026-04-28,2026-04-28,FO,NSE,IDO,73484,,NIFTYNXT50,,2026-04-28,2026-04-28,51500.00,PE,NIFTYNXT5026APR51500PE,0.00,0.00,0.00,4.60,0.00,4.60,70568.20,70568.20,0,0,0,0.00,0,F1,25,,,,,
2026-04-28,2026-04-28,FO,NSE,IDO,82089,,NIFTYNXT50,,2026-06-30,2026-06-30,77000.00,CE,NIFTYNXT5026JUN77000CE,0.00,0.00,0.00,58.05,0.00,58.05,70568.20,850.05,0,0,0,0.00,0,F1,25,,,,,
2026-04-28,2026-04-28,FO,NSE,IDO,82046,,NIFTYNXT50,,2026-06-30,2026-06-30,75500.00,CE,NIFTYNXT5026JUN75500CE,0.00,0.00,0.00,91.80,0.00,91.80,70568.20,1188.65,0,0,0,0.00,0,F1,25,,,,,
2026-04-28,2026-04-28,FO,NSE,IDO,35282,,NIFTYNXT50,,2026-06-30,2026-06-30,73100.00,CE,NIFTYNXT5026JUN73100CE,0.00,0.00,0.00,316.25,0.00,316.25,70568.20,1946.30,0,0,0,0.00,0,F1,25,,,,,
2026-04-28,2026-04-28,FO,NSE,IDO,81910,,NIFTYNXT50,,2026-06-30,2026-06-30,70000.00,CE,NIFTYNXT5026JUN70000CE,0.00,0.00,0.00,422.25,0.00,422.25,70568.20,3384.50,0,0,0,0.00,0,F1,25,,,,,
2026-04-28,2026-04-28,FO,NSE,IDO,81898,,NIFTYNXT50,,2026-06-30,2026-06-30,69700.00,CE,NIFTYNXT5026JUN69700CE,0.00,0.00,0.00,455.60,0.00,455.60,70568.20,3553.10,0,0,0,0.00,0,F1,25,,,,,
2026-04-28,2026-04-28,FO,NSE,IDO,81798,,NIFTYNXT50,,2026-06-30,2026-06-30,68500.00,CE,NIFTYNXT5026JUN68500CE,0.00,0.00,0.00,612.35,0.00,612.35,70568.20,4279.15,0,0,0,0.00,0,F1,25,,,,,
2026-04-28,2026-04-28,FO,NSE,IDO,81668,,NIFTYNXT50,,2026-06-30,2026-06-30,65500.00,CE,NIFTYNXT5026JUN65500CE,0.00,0.00,0.00,1210.50,0.00,1210.50,70568.20,6435.50,0,0,0,0.00,0,F1,25,,,,,
2026-04-28,2026-04-28,FO,NSE,IDO,81662,,NIFTYNXT50,,2026-06-30,2026-06-30,65200.00,CE,NIFTYNXT5026JUN65200CE,0.00,0.00,0.00,1290.25,0.00,1290.25,70568.20,6674.90,0,0,0,0.00,0,F1,25,,,,,
2026-04-28,2026-04-28,FO,NSE,IDO,81509,,NIFTYNXT50,,2026-06-30,2026-06-30,62700.00,CE,NIFTYNXT5026JUN62700CE,0.00,0.00,0.00,2125.10,0.00,2125.10,70568.20,8803.85,0,0,0,0.00,0,F1,25,,,,,
2026-04-28,2026-04-28,FO,NSE,IDO,81507,,NIFTYNXT50,,2026-06-30,2026-06-30,62600.00,CE,NIFTYNXT5026JUN62600CE,0.00,0.00,0.00,2165.25,0.00,2165.25,70568.20,8893.25,0,0,0,0.00,0,F1,25,,,,,
2026-04-28,2026-04-28,FO,NSE,IDO,81505,,NIFTYNXT50,,2026-06-30,2026-06-30,62500.00,CE,NIFTYNXT5026JUN62500CE,0.00,0.00,0.00,2206.00,0.00,2206.00,70568.20,8983.00,0,0,0,0.00,0,F1,25,,,,,
2026-04-28,2026-04-28,FO,NSE,IDO,81501,,NIFTYNXT50,,2026-06-30,2026-06-30,62300.00,CE,NIFTYNXT5026JUN62300CE,0.00,0.00,0.00,2289.10,0.00,2289.10,70568.20,9163.20,0,0,0,0.00,0,F1,25,,,,,
2026-04-28,2026-04-28,FO,NSE,IDO,81427,,NIFTYNXT50,,2026-06-30,2026-06-30,62000.00,CE,NIFTYNXT5026JUN62000CE,0.00,0.00,0.00,2418.00,0.00,2418.00,70568.20,9435.45,0,0,0,0.00,0,F1,25,,,,,
2026-04-28,2026-04-28,FO,NSE,IDO,81377,,NIFTYNXT50,,2026-06-30,2026-06-30,61200.00,CE,NIFTYNXT5026JUN61200CE,0.00,0.00,0.00,2786.65,0.00,2786.65,70568.20,10171.80,0,0,0,0.00,0,F1,25,,,,,
2026-04-28,2026-04-28,FO,NSE,IDO,81306,,NIFTYNXT50,,2026-06-30,2026-06-30,58800.00,CE,NIFTYNXT5026JUN58800CE,0.00,0.00,0.00,4115.05,0.00,4115.05,70568.20,12449.40,0,0,0,0.00,0,F1,25,,,,,
2026-04-28,2026-04-28,FO,NSE,IDO,81255,,NIFTYNXT50,,2026-06-30,2026-06-30,57900.00,CE,NIFTYNXT5026JUN57900CE,0.00,0.00,0.00,4698.05,0.00,4698.05,70568.20,13321.50,0,0,0,0.00,0,F1,25,,,,,
2026-04-28,2026-04-28,FO,NSE,IDO,81224,,NIFTYNXT50,,2026-06-30,2026-06-30,57000.00,CE,NIFTYNXT5026JUN57000CE,0.00,0.00,0.00,5328.15,0.00,5328.15,70568.20,14199.60,0,0,0,0.00,0,F1,25,,,,,
2026-04-28,2026-04-28,FO,NSE,IDO,81220,,NIFTYNXT50,,2026-06-30,2026-06-30,56800.00,CE,NIFTYNXT5026JUN56800CE,0.00,0.00,0.00,5473.50,0.00,5473.50,70568.20,14395.40,0,0,0,0.00,0,F1,25,,,,,
2026-04-28,2026-04-28,FO,NSE,IDO,81218,,NIFTYNXT50,,2026-06-30,2026-06-30,56700.00,CE,NIFTYNXT5026JUN56700CE,0.00,0.00,0.00,5544.60,0.00,5544.60,70568.20,14493.35,0,0,0,0.00,0,F1,25,,,,,
2026-04-28,2026-04-28,FO,NSE,IDO,81700,,NIFTYNXT50,,2026-06-30,2026-06-30,66100.00,PE,NIFTYNXT5026JUN66100PE,0.00,0.00,0.00,5632.05,0.00,5632.05,70568.20,791.25,0,0,0,0.00,0,F1,25,,,,,
2026-04-28,2026-04-28,FO,NSE,IDO,81026,,NIFTYNXT50,,2026-06-30,2026-06-30,56000.00,CE,NIFTYNXT5026JUN56000CE,0.00,0.00,0.00,6071.30,0.00,6071.30,70568.20,15180.25,0,0,0,0.00,0,F1,25,,,,,
2026-04-28,2026-04-28,FO,NSE,IDO,81020,,NIFTYNXT50,,2026-06-30,2026-06-30,55700.00,CE,NIFTYNXT5026JUN55700CE,0.00,0.00,0.00,6304.10,0.00,6304.10,70568.20,15475.20,0,0,0,0.00,0,F1,25,,,,,
2026-04-28,2026-04-28,FO,NSE,IDO,81005,,NIFTYNXT50,,2026-06-30,2026-06-30,55100.00,CE,NIFTYNXT5026JUN55100CE,0.00,0.00,0.00,6781.65,0.00,6781.65,70568.20,16065.90,0,0,0,0.00,0,F1,25,,,,,
2026-04-28,2026-04-28,FO,NSE,IDO,80983,,NIFTYNXT50,,2026-06-30,2026-06-30,54800.00,CE,NIFTYNXT5026JUN54800CE,0.00,0.00,0.00,7026.05,0.00,7026.05,70568.20,16361.55,0,0,0,0.00,0,F1,25,,,,,
2026-04-28,2026-04-28,FO,NSE,IDO,80940,,NIFTYNXT50,,2026-06-30,2026-06-30,53900.00,CE,NIFTYNXT5026JUN53900CE,0.00,0.00,0.00,7780.30,0.00,7780.30,70568.20,17249.50,0,0,0,0.00,0,F1,25,,,,,
2026-04-28,2026-04-28,FO,NSE,IDO,80880,,NIFTYNXT50,,2026-06-30,2026-06-30,53000.00,CE,NIFTYNXT5026JUN53000CE,0.00,0.00,0.00,8562.60,0.00,8562.60,70568.20,18138.45,0,0,0,0.00,0,F1,25,,,,,
2026-04-28,2026-04-28,FO,NSE,IDO,74547,,NIFTYNXT50,,2026-05-26,2026-05-26,76700.00,CE,NIFTYNXT5026MAY76700CE,0.00,0.00,0.00,895.20,0.00,895.20,70568.20,246.25,0,0,0,0.00,0,F1,25,,,,,
2026-04-28,2026-04-28,FO,NSE,IDO,74390,,NIFTYNXT50,,2026-05-26,2026-05-26,73800.00,CE,NIFTYNXT5026MAY73800CE,0.00,0.00,0.00,1641.50,0.00,1641.50,70568.20,737.85,0,0,0,0.00,0,F1,25,,,,,
2026-04-28,2026-04-28,FO,NSE,IDO,73853,,NIFTYNXT50,,2026-05-26,2026-05-26,69100.00,CE,NIFTYNXT5026MAY69100CE,0.00,0.00,0.00,3738.05,0.00,3738.05,70568.20,2803.55,0,0,0,0.00,0,F1,25,,,,,
2026-04-28,2026-04-28,FO,NSE,IDO,73717,,NIFTYNXT50,,2026-05-26,2026-05-26,68200.00,CE,NIFTYNXT5026MAY68200CE,0.00,0.00,0.00,4278.45,0.00,4278.45,70568.20,3412.90,0,0,0,0.00,0,F1,25,,,,,
2026-04-28,2026-04-28,FO,NSE,IDO,73658,,NIFTYNXT50,,2026-05-26,2026-05-26,67600.00,CE,NIFTYNXT5026MAY67600CE,0.00,0.00,0.00,4663.25,0.00,4663.25,70568.20,3855.15,0,0,0,0.00,0,F1,25,,,,,
2026-04-28,2026-04-28,FO,NSE,IDO,73637,,NIFTYNXT50,,2026-05-26,2026-05-26,67100.00,CE,NIFTYNXT5026MAY67100CE,0.00,0.00,0.00,4998.55,0.00,4998.55,70568.20,4242.80,0,0,0,0.00,0,F1,25,,,,,
2026-04-28,2026-04-28,FO,NSE,IDO,73561,,NIFTYNXT50,,2026-05-26,2026-05-26,64700.00,CE,NIFTYNXT5026MAY64700CE,0.00,0.00,0.00,6780.40,0.00,6780.40,70568.20,6304.70,0,0,0,0.00,0,F1,25,,,,,
2026-04-28,2026-04-28,FO,NSE,IDO,73559,,NIFTYNXT50,,2026-05-26,2026-05-26,64600.00,CE,NIFTYNXT5026MAY64600CE,0.00,0.00,0.00,6860.25,0.00,6860.25,70568.20,6396.30,0,0,0,0.00,0,F1,25,,,,,
2026-04-28,2026-04-28,FO,NSE,IDO,73379,,NIFTYNXT50,,2026-05-26,2026-05-26,60400.00,CE,NIFTYNXT5026MAY60400CE,0.00,0.00,0.00,10516.95,0.00,10516.95,70568.20,10444.65,0,0,0,0.00,0,F1,25,,,,,
2026-04-28,2026-04-28,FO,NSE,IDO,41303,,NIFTYNXT50,,2026-05-26,2026-05-26,57200.00,CE,NIFTYNXT5026MAY57200CE,0.00,0.00,0.00,12375.65,0.00,12375.65,70568.20,13622.55,0,0,0,0.00,0,F1,25,,,,,
2026-04-28,2026-04-28,FO,NSE,IDO,41295,,NIFTYNXT50,,2026-05-26,2026-05-26,56700.00,CE,NIFTYNXT5026MAY56700CE,0.00,0.00,0.00,12858.25,0.00,12858.25,70568.20,14120.20,0,0,0,0.00,0,F1,25,,,,,
2026-04-28,2026-04-28,FO,NSE,IDO,43912,,NIFTYNXT50,,2026-05-26,2026-05-26,55300.00,CE,NIFTYNXT5026MAY55300CE,0.00,0.00,0.00,12381.80,0.00,12381.80,70568.20,15513.75,0,0,0,0.00,0,F1,25,,,,,
2026-04-28,2026-04-28,FO,NSE,IDO,43906,,NIFTYNXT50,,2026-05-26,2026-05-26,55100.00,CE,NIFTYNXT5026MAY55100CE,0.00,0.00,0.00,12575.05,0.00,12575.05,70568.20,15712.85,0,0,0,0.00,0,F1,25,,,,,
2026-04-28,2026-04-28,FO,NSE,IDO,43904,,NIFTYNXT50,,2026-05-26,2026-05-26,54900.00,CE,NIFTYNXT5026MAY54900CE,0.00,0.00,0.00,12768.65,0.00,12768.65,70568.20,15911.95,0,0,0,0.00,0,F1,25,,,,,
2026-04-28,2026-04-28,FO,NSE,IDO,74592,,NIFTYNXT50,,2026-04-28,2026-04-28,80500.00,CE,NIFTYNXT5026APR80500CE,0.00,0.00,0.00,114.25,0.00,114.25,70568.20,70568.20,0,0,0,0.00,0,F1,25,,,,,
2026-04-28,2026-04-28,FO,NSE,IDO,74362,,NIFTYNXT50,,2026-04-28,2026-04-28,75800.00,CE,NIFTYNXT5026APR75800CE,0.00,0.00,0.00,436.65,0.00,436.65,70568.20,70568.20,0,0,0,0.00,0,F1,25,,,,,
2026-04-28,2026-04-28,FO,NSE,IDO,74314,,NIFTYNXT50,,2026-04-28,2026-04-28,73400.00,CE,NIFTYNXT5026APR73400CE,0.00,0.00,0.00,796.80,0.00,796.80,70568.20,70568.20,0,0,0,0.00,0,F1,25,,,,,
2026-04-28,2026-04-28,FO,NSE,IDO,74207,,NIFTYNXT50,,2026-04-28,2026-04-28,70500.00,CE,NIFTYNXT5026APR70500CE,600.00,625.00,56.10,93.25,82.00,547.65,70568.20,70568.20,2700,650,504,890808617.50,334,F1,25,,,,,
2026-04-28,2026-04-28,FO,NSE,IDO,74142,,NIFTYNXT50,,2026-04-28,2026-04-28,68600.00,CE,NIFTYNXT5026APR68600CE,0.00,0.00,0.00,2227.00,0.00,2227.00,70568.20,70568.20,0,0,0,0.00,0,F1,25,,,,,
2026-04-28,2026-04-28,FO,NSE,IDO,74140,,NIFTYNXT50,,2026-04-28,2026-04-28,68500.00,CE,NIFTYNXT5026APR68500CE,0.00,0.00,0.00,2269.55,0.00,2269.55,70568.20,70568.20,0,0,0,0.00,0,F1,25,,,,,
2026-04-28,2026-04-28,FO,NSE,IDO,74124,,NIFTYNXT50,,2026-04-28,2026-04-28,68100.00,CE,NIFTYNXT5026APR68100CE,0.00,0.00,0.00,2445.55,0.00,2445.55,70568.20,70568.20,0,0,0,0.00,0,F1,25,,,,,
2026-04-28,2026-04-28,FO,NSE,IDO,74120,,NIFTYNXT50,,2026-04-28,2026-04-28,68000.00,CE,NIFTYNXT5026APR68000CE,3000.00,3000.00,2500.00,2550.00,2500.00,2920.00,70568.20,70568.20,50,-150,9,15890975.00,8,F1,25,,,,,
2026-04-28,2026-04-28,FO,NSE,IDO,73975,,NIFTYNXT50,,2026-04-28,2026-04-28,64400.00,CE,NIFTYNXT5026APR64400CE,0.00,0.00,0.00,4520.65,0.00,4520.65,70568.20,70568.20,0,0,0,0.00,0,F1,25,,,,,
2026-04-28,2026-04-28,FO,NSE,IDO,73915,,NIFTYNXT50,,2026-04-28,2026-04-28,62100.00,CE,NIFTYNXT5026APR62100CE,0.00,0.00,0.00,6198.65,0.00,6198.65,70568.20,70568.20,0,0,0,0.00,0,F1,25,,,,,
2026-04-28,2026-04-28,FO,NSE,IDO,73782,,NIFTYNXT50,,2026-04-28,2026-04-28,58800.00,CE,NIFTYNXT5026APR58800CE,0.00,0.00,0.00,9003.35,0.00,9003.35,70568.20,70568.20,0,0,0,0.00,0,F1,25,,,,,
2026-04-28,2026-04-28,FO,NSE,IDO,73776,,NIFTYNXT50,,2026-04-28,2026-04-28,58500.00,CE,NIFTYNXT5026APR58500CE,0.00,0.00,0.00,9275.50,0.00,9275.50,70568.20,70568.20,0,0,0,0.00,0,F1,25,,,,,
2026-04-28,2026-04-28,FO,NSE,IDO,73714,,NIFTYNXT50,,2026-04-28,2026-04-28,56900.00,CE,NIFTYNXT5026APR56900CE,0.00,0.00,0.00,10760.20,0.00,10760.20,70568.20,70568.20,0,0,0,0.00,0,F1,25,,,,,
2026-04-28,2026-04-28,FO,NSE,IDO,73700,,NIFTYNXT50,,2026-04-28,2026-04-28,56300.00,CE,NIFTYNXT5026APR56300CE,0.00,0.00,0.00,11328.55,0.00,11328.55,70568.20,70568.20,0,0,0,0.00,0,F1,25,,,,,
2026-04-28,2026-04-28,FO,NSE,IDO,73692,,NIFTYNXT50,,2026-04-28,2026-04-28,56100.00,CE,NIFTYNXT5026APR56100CE,0.00,0.00,0.00,11519.10,0.00,11519.10,70568.20,70568.20,0,0,0,0.00,0,F1,25,,,,,
2026-04-28,2026-04-28,FO,NSE,IDO,74248,,NIFTYNXT50,,2026-04-28,2026-04-28,71200.00,CE,NIFTYNXT5026APR71200CE,106.80,106.80,0.40,0.45,0.40,690.00,70568.20,70568.20,50,-25,71,126432628.75,45,F1,25,,,,,
2026-04-28,2026-04-28,FO,NSE,IDO,74084,,NIFTYNXT50,,2026-04-28,2026-04-28,67700.00,CE,NIFTYNXT5026APR67700CE,0.00,0.00,0.00,1013.75,1030.00,1013.75,70568.20,70568.20,50,0,0,0.00,0,F1,25,,,,,
2026-04-28,2026-04-28,FO,NSE,IDO,74047,,NIFTYNXT50,,2026-04-28,2026-04-28,67000.00,CE,NIFTYNXT5026APR67000CE,3700.00,3700.00,3700.00,3700.00,3700.00,4192.70,70568.20,70568.20,175,-25,1,1767500.00,1,F1,25,,,,,
2026-04-28,2026-04-28,FO,NSE,IDO,74019,,NIFTYNXT50,,2026-04-28,2026-04-28,65800.00,CE,NIFTYNXT5026APR65800CE,0.00,0.00,0.00,3640.80,0.00,3640.80,70568.20,70568.20,0,0,0,0.00,0,F1,25,,,,,
2026-04-28,2026-04-28,FO,NSE,IDO,73955,,NIFTYNXT50,,2026-04-28,2026-04-28,63700.00,CE,NIFTYNXT5026APR63700CE,0.00,0.00,0.00,5004.80,0.00,5004.80,70568.20,70568.20,0,0,0,0.00,0,F1,25,,,,,
2026-04-28,2026-04-28,FO,NSE,IDO,73770,,NIFTYNXT50,,2026-04-28,2026-04-28,58300.00,CE,NIFTYNXT5026APR58300CE,0.00,0.00,0.00,9458.15,0.00,9458.15,70568.20,70568.20,0,0,0,0.00,0,F1,25,,,,,
2026-04-28,2026-04-28,FO,NSE,IDO,73766,,NIFTYNXT50,,2026-04-28,2026-04-28,58100.00,CE,NIFTYNXT5026APR58100CE,0.00,0.00,0.00,9641.75,0.00,9641.75,70568.20,70568.20,0,0,0,0.00,0,F1,25,,,,,
2026-04-28,2026-04-28,FO,NSE,IDO,73727,,NIFTYNXT50,,2026-04-28,2026-04-28,57200.00,CE,NIFTYNXT5026APR57200CE,0.00,0.00,0.00,10478.10,0.00,10478.10,70568.20,70568.20,0,0,0,0.00,0,F1,25,,,,,
2026-04-28,2026-04-28,FO,NSE,IDO,73505,,NIFTYNXT50,,2026-04-28,2026-04-28,55000.00,CE,NIFTYNXT5026APR55000CE,0.00,0.00,0.00,12575.35,0.00,12575.35,70568.20,70568.20,0,0,0,0.00,0,F1,25,,,,,
2026-04-28,2026-04-28,FO,NSE,IDO,73846,,NIFTYNXT50,,2026-04-28,2026-04-28,61500.00,PE,NIFTYNXT5026APR61500PE,0.00,0.00,0.00,539.65,0.00,539.65,70568.20,70568.20,0,0,0,0.00,0,F1,25,,,,,
2026-04-28,2026-04-28,FO,NSE,IDO,73962,,NIFTYNXT50,,2026-04-28,2026-04-28,63900.00,PE,NIFTYNXT5026APR63900PE,0.00,0.00,0.00,1086.60,0.00,1086.60,70568.20,70568.20,0,0,0,0.00,0,F1,25,,,,,
2026-04-28,2026-04-28,FO,NSE,IDO,74034,,NIFTYNXT50,,2026-04-28,2026-04-28,66400.00,PE,NIFTYNXT5026APR66400PE,0.00,0.00,0.00,1985.35,0.00,1985.35,70568.20,70568.20,0,0,0,0.00,0,F1,25,,,,,
2026-04-28,2026-04-28,FO,NSE,IDO,74117,,NIFTYNXT50,,2026-04-28,2026-04-28,67800.00,PE,NIFTYNXT5026APR67800PE,0.00,0.00,0.00,2648.80,0.00,2648.80,70568.20,70568.20,0,0,0,0.00,0,F1,25,,,,,
2026-04-28,2026-04-28,FO,NSE,IDO,74119,,NIFTYNXT50,,2026-04-28,2026-04-28,67900.00,PE,NIFTYNXT5026APR67900PE,0.00,0.00,0.00,2700.65,0.00,2700.65,70568.20,70568.20,0,0,0,0.00,0,F1,25,,,,,
2026-04-28,2026-04-28,FO,NSE,IDO,74163,,NIFTYNXT50,,2026-04-28,2026-04-28,69300.00,PE,NIFTYNXT5026APR69300PE,0.00,0.00,0.00,3487.25,0.00,3487.25,70568.20,70568.20,0,0,0,0.00,0,F1,25,,,,,
2026-04-28,2026-04-28,FO,NSE,IDO,74214,,NIFTYNXT50,,2026-04-28,2026-04-28,70700.00,PE,NIFTYNXT5026APR70700PE,0.00,0.00,0.00,4382.15,0.00,4382.15,70568.20,70568.20,0,0,0,0.00,0,F1,25,,,,,
2026-04-28,2026-04-28,FO,NSE,IDO,74266,,NIFTYNXT50,,2026-04-28,2026-04-28,71300.00,PE,NIFTYNXT5026APR71300PE,0.00,0.00,0.00,1096.50,1096.50,1096.50,70568.20,70568.20,300,0,0,0.00,0,F1,25,,,,,
2026-04-28,2026-04-28,FO,NSE,IDO,74291,,NIFTYNXT50,,2026-04-28,2026-04-28,72200.00,PE,NIFTYNXT5026APR72200PE,0.00,0.00,0.00,5453.05,0.00,5453.05,70568.20,70568.20,0,0,0,0.00,0,F1,25,,,,,
2026-04-28,2026-04-28,FO,NSE,IDO,74297,,NIFTYNXT50,,2026-04-28,2026-04-28,72500.00,PE,NIFTYNXT5026APR72500PE,0.00,0.00,0.00,5679.25,0.00,5679.25,70568.20,70568.20,0,0,0,0.00,0,F1,25,,,,,
2026-04-28,2026-04-28,FO,NSE,IDO,74299,,NIFTYNXT50,,2026-04-28,2026-04-28,72600.00,PE,NIFTYNXT5026APR72600PE,0.00,0.00,0.00,5755.50,0.00,5755.50,70568.20,70568.20,0,0,0,0.00,0,F1,25,,,,,
2026-04-28,2026-04-28,FO,NSE,IDO,74319,,NIFTYNXT50,,2026-04-28,2026-04-28,73600.00,PE,NIFTYNXT5026APR73600PE,0.00,0.00,0.00,6535.85,0.00,6535.85,70568.20,70568.20,0,0,0,0.00,0,F1,25,,,,,
2026-04-28,2026-04-28,FO,NSE,IDO,74325,,NIFTYNXT50,,2026-04-28,2026-04-28,73900.00,PE,NIFTYNXT5026APR73900PE,0.00,0.00,0.00,6778.05,0.00,6778.05,70568.20,70568.20,0,0,0,0.00,0,F1,25,,,,,
2026-04-28,2026-04-28,FO,NSE,IDO,74327,,NIFTYNXT50,,2026-04-28,2026-04-28,74000.00,PE,NIFTYNXT5026APR74000PE,0.00,0.00,0.00,6859.50,0.00,6859.50,70568.20,70568.20,0,0,0,0.00,0,F1,25,,,,,
2026-04-28,2026-04-28,FO,NSE,IDO,74333,,NIFTYNXT50,,2026-04-28,2026-04-28,74300.00,PE,NIFTYNXT5026APR74300PE,0.00,0.00,0.00,7105.80,0.00,7105.80,70568.20,70568.20,0,0,0,0.00,0,F1,25,,,,,
2026-04-28,2026-04-28,FO,NSE,IDO,74335,,NIFTYNXT50,,2026-04-28,2026-04-28,74400.00,PE,NIFTYNXT5026APR74400PE,0.00,0.00,0.00,7188.60,0.00,7188.60,70568.20,70568.20,0,0,0,0.00,0,F1,25,,,,,
2026-04-28,2026-04-28,FO,NSE,IDO,74343,,NIFTYNXT50,,2026-04-28,2026-04-28,74800.00,PE,NIFTYNXT5026APR74800PE,0.00,0.00,0.00,7522.90,0.00,7522.90,70568.20,70568.20,0,0,0,0.00,0,F1,25,,,,,
2026-04-28,2026-04-28,FO,NSE,IDO,74353,,NIFTYNXT50,,2026-04-28,2026-04-28,75300.00,PE,NIFTYNXT5026APR75300PE,0.00,0.00,0.00,7947.60,0.00,7947.60,70568.20,70568.20,0,0,0,0.00,0,F1,25,,,,,
2026-04-28,2026-04-28,FO,NSE,IDO,74357,,NIFTYNXT50,,2026-04-28,2026-04-28,75500.00,PE,NIFTYNXT5026APR75500PE,0.00,0.00,0.00,8119.45,0.00,8119.45,70568.20,70568.20,0,0,0,0.00,0,F1,25,,,,,
2026-04-28,2026-04-28,FO,NSE,IDO,74367,,NIFTYNXT50,,2026-04-28,2026-04-28,76000.00,PE,NIFTYNXT5026APR76000PE,0.00,0.00,0.00,8553.80,0.00,8553.80,70568.20,70568.20,0,0,0,0.00,0,F1,25,,,,,
2026-04-28,2026-04-28,FO,NSE,IDO,59644,,NIFTYNXT50,,2026-05-26,2026-05-26,53900.00,PE,NIFTYNXT5026MAY53900PE,0.00,0.00,0.00,31.75,0.00,31.75,70568.20,0.05,0,0,0,0.00,0,F1,25,,,,,
2026-04-28,2026-04-28,FO,NSE,IDO,49897,,NIFTYNXT50,,2026-05-26,2026-05-26,54300.00,PE,NIFTYNXT5026MAY54300PE,0.00,0.00,0.00,24.90,0.00,24.90,70568.20,0.05,0,0,0,0.00,0,F1,25,,,,,
2026-04-28,2026-04-28,FO,NSE,IDO,49899,,NIFTYNXT50,,2026-05-26,2026-05-26,54400.00,PE,NIFTYNXT5026MAY54400PE,0.00,0.00,0.00,26.35,0.00,26.35,70568.20,0.05,0,0,0,0.00,0,F1,25,,,,,
2026-04-28,2026-04-28,FO,NSE,IDO,43939,,NIFTYNXT50,,2026-05-26,2026-05-26,56100.00,PE,NIFTYNXT5026MAY56100PE,0.00,0.00,0.00,54.75,0.00,54.75,70568.20,0.15,0,0,0,0.00,0,F1,25,,,,,
2026-04-28,2026-04-28,FO,NSE,IDO,43947,,NIFTYNXT50,,2026-05-26,2026-05-26,56600.00,PE,NIFTYNXT5026MAY56600PE,0.00,0.00,0.00,69.95,0.00,69.95,70568.20,0.25,0,0,0,0.00,0,F1,25,,,,,
2026-04-28,2026-04-28,FO,NSE,IDO,73304,,NIFTYNXT50,,2026-05-26,2026-05-26,59000.00,PE,NIFTYNXT5026MAY59000PE,0.00,0.00,0.00,79.60,0.00,79.60,70568.20,2.50,0,0,0,0.00,0,F1,25,,,,,
2026-04-28,2026-04-28,FO,NSE,IDO,73313,,NIFTYNXT50,,2026-05-26,2026-05-26,59100.00,PE,NIFTYNXT5026MAY59100PE,0.00,0.00,0.00,83.20,0.00,83.20,70568.20,2.75,0,0,0,0.00,0,F1,25,,,,,
2026-04-28,2026-04-28,FO,NSE,IDO,73350,,NIFTYNXT50,,2026-05-26,2026-05-26,59700.00,PE,NIFTYNXT5026MAY59700PE,0.00,0.00,0.00,107.80,0.00,107.80,70568.20,4.65,0,0,0,0.00,0,F1,25,,,,,
2026-04-28,2026-04-28,FO,NSE,IDO,73390,,NIFTYNXT50,,2026-05-26,2026-05-26,60800.00,PE,NIFTYNXT5026MAY60800PE,0.00,0.00,0.00,168.60,0.00,168.60,70568.20,11.45,0,0,0,0.00,0,F1,25,,,,,
2026-04-28,2026-04-28,FO,NSE,IDO,73435,,NIFTYNXT50,,2026-05-26,2026-05-26,62200.00,PE,NIFTYNXT5026MAY62200PE,0.00,0.00,0.00,283.80,0.00,283.80,70568.20,32.05,0,0,0,0.00,0,F1,25,,,,,
2026-04-28,2026-04-28,FO,NSE,IDO,73477,,NIFTYNXT50,,2026-05-26,2026-05-26,63300.00,PE,NIFTYNXT5026MAY63300PE,0.00,0.00,0.00,412.35,0.00,412.35,70568.20,65.95,0,0,0,0.00,0,F1,25,,,,,
2026-04-28,2026-04-28,FO,NSE,IDO,73508,,NIFTYNXT50,,2026-05-26,2026-05-26,63500.00,PE,NIFTYNXT5026MAY63500PE,0.00,0.00,0.00,439.95,0.00,439.95,70568.20,74.60,0,0,0,0.00,0,F1,25,,,,,
2026-04-28,2026-04-28,FO,NSE,IDO,73589,,NIFTYNXT50,,2026-05-26,2026-05-26,65800.00,PE,NIFTYNXT5026MAY65800PE,0.00,0.00,0.00,868.80,0.00,868.80,70568.20,263.25,0,0,0,0.00,0,F1,25,,,,,
2026-04-28,2026-04-28,FO,NSE,IDO,73620,,NIFTYNXT50,,2026-05-26,2026-05-26,66200.00,PE,NIFTYNXT5026MAY66200PE,0.00,0.00,0.00,969.35,0.00,969.35,70568.20,318.70,0,0,0,0.00,0,F1,25,,,,,
2026-04-28,2026-04-28,FO,NSE,IDO,73622,,NIFTYNXT50,,2026-05-26,2026-05-26,66300.00,PE,NIFTYNXT5026MAY66300PE,0.00,0.00,0.00,994.95,0.00,994.95,70568.20,333.90,0,0,0,0.00,0,F1,25,,,,,
2026-04-28,2026-04-28,FO,NSE,IDO,73638,,NIFTYNXT50,,2026-05-26,2026-05-26,67100.00,PE,NIFTYNXT5026MAY67100PE,0.00,0.00,0.00,1215.15,0.00,1215.15,70568.20,476.70,0,0,0,0.00,0,F1,25,,,,,
2026-04-28,2026-04-28,FO,NSE,IDO,73852,,NIFTYNXT50,,2026-05-26,2026-05-26,69000.00,PE,NIFTYNXT5026MAY69000PE,0.00,0.00,0.00,1881.20,0.00,1881.20,70568.20,993.45,0,0,0,0.00,0,F1,25,,,,,
2026-04-28,2026-04-28,FO,NSE,IDO,73856,,NIFTYNXT50,,2026-05-26,2026-05-26,69200.00,PE,NIFTYNXT5026MAY69200PE,0.00,0.00,0.00,1962.80,0.00,1962.80,70568.20,1064.55,0,0,0,0.00,0,F1,25,,,,,
2026-04-28,2026-04-28,FO,NSE,IDO,74386,,NIFTYNXT50,,2026-05-26,2026-05-26,73600.00,PE,NIFTYNXT5026MAY73600PE,0.00,0.00,0.00,4316.55,0.00,4316.55,70568.20,3494.75,0,0,0,0.00,0,F1,25,,,,,
2026-04-28,2026-04-28,FO,NSE,IDO,74395,,NIFTYNXT50,,2026-05-26,2026-05-26,73900.00,PE,NIFTYNXT5026MAY73900PE,0.00,0.00,0.00,4514.15,0.00,4514.15,70568.20,3719.90,0,0,0,0.00,0,F1,25,,,,,
2026-04-28,2026-04-28,FO,NSE,IDO,74397,,NIFTYNXT50,,2026-05-26,2026-05-26,74000.00,PE,NIFTYNXT5026MAY74000PE,0.00,0.00,0.00,4580.95,0.00,4580.95,70568.20,3795.40,0,0,0,0.00,0,F1,25,,,,,
2026-04-28,2026-04-28,FO,NSE,IDO,74499,,NIFTYNXT50,,2026-05-26,2026-05-26,75200.00,PE,NIFTYNXT5026MAY75200PE,0.00,0.00,0.00,5418.95,0.00,5418.95,70568.20,4744.50,0,0,0,0.00,0,F1,25,,,,,
2026-04-28,2026-04-28,FO,NSE,IDO,74520,,NIFTYNXT50,,2026-05-26,2026-05-26,75700.00,PE,NIFTYNXT5026MAY75700PE,0.00,0.00,0.00,5790.20,0.00,5790.20,70568.20,5164.30,0,0,0,0.00,0,F1,25,,,,,
2026-04-28,2026-04-28,FO,NSE,IDO,74551,,NIFTYNXT50,,2026-05-26,2026-05-26,76800.00,PE,NIFTYNXT5026MAY76800PE,0.00,0.00,0.00,6632.35,0.00,6632.35,70568.20,6127.00,0,0,0,0.00,0,F1,25,,,,,
2026-04-28,2026-04-28,FO,NSE,IDO,74555,,NIFTYNXT50,,2026-05-26,2026-05-26,77000.00,PE,NIFTYNXT5026MAY77000PE,0.00,0.00,0.00,6790.70,0.00,6790.70,70568.20,6307.05,0,0,0,0.00,0,F1,25,,,,,
2026-04-28,2026-04-28,FO,NSE,IDO,74557,,NIFTYNXT50,,2026-05-26,2026-05-26,77100.00,PE,NIFTYNXT5026MAY77100PE,0.00,0.00,0.00,6870.35,0.00,6870.35,70568.20,6397.55,0,0,0,0.00,0,F1,25,,,,,
2026-04-28,2026-04-28,FO,NSE,IDO,74622,,NIFTYNXT50,,2026-05-26,2026-05-26,78500.00,PE,NIFTYNXT5026MAY78500PE,0.00,0.00,0.00,8020.30,0.00,8020.30,70568.20,7694.95,0,0,0,0.00,0,F1,25,,,,,
2026-04-28,2026-04-28,FO,NSE,IDO,74643,,NIFTYNXT50,,2026-05-26,2026-05-26,79500.00,PE,NIFTYNXT5026MAY79500PE,0.00,0.00,0.00,8876.40,0.00,8876.40,70568.20,8648.25,0,0,0,0.00,0,F1,25,,,,,
2026-04-28,2026-04-28,FO,NSE,IDO,80871,,NIFTYNXT50,,2026-06-30,2026-06-30,52500.00,PE,NIFTYNXT5026JUN52500PE,0.00,0.00,0.00,217.55,0.00,217.55,70568.20,1.10,0,0,0,0.00,0,F1,25,,,,,
2026-04-28,2026-04-28,FO,NSE,IDO,81217,,NIFTYNXT50,,2026-06-30,2026-06-30,56600.00,PE,NIFTYNXT5026JUN56600PE,0.00,0.00,0.00,854.70,0.00,854.70,70568.20,15.85,0,0,0,0.00,0,F1,25,,,,,
2026-04-28,2026-04-28,FO,NSE,IDO,81219,,NIFTYNXT50,,2026-06-30,2026-06-30,56700.00,PE,NIFTYNXT5026JUN56700PE,0.00,0.00,0.00,879.10,0.00,879.10,70568.20,16.75,0,0,0,0.00,0,F1,25,,,,,
2026-04-28,2026-04-28,FO,NSE,IDO,73817,,NIFTYNXT50,,2026-04-28,2026-04-28,60200.00,PE,NIFTYNXT5026APR60200PE,0.00,0.00,0.00,1537.35,1537.35,1537.35,70568.20,70568.20,450,0,0,0.00,0,F1,25,,,,,
2026-04-28,2026-04-28,FO,NSE,IDO,73504,,NIFTYNXT50,,2026-04-28,2026-04-28,54900.00,PE,NIFTYNXT5026APR54900PE,0.00,0.00,0.00,34.65,0.00,34.65,70568.20,70568.20,0,0,0,0.00,0,F1,25,,,,,
2026-04-28,2026-04-28,FO,NSE,IDO,49885,,NIFTYNXT50,,2026-04-28,2026-04-28,54200.00,PE,NIFTYNXT5026APR54200PE,0.00,0.00,0.00,4.10,0.00,4.10,70568.20,70568.20,0,0,0,0.00,0,F1,25,,,,,
2026-04-28,2026-04-28,FO,NSE,IDO,74213,,NIFTYNXT50,,2026-04-28,2026-04-28,70700.00,CE,NIFTYNXT5026APR70700CE,221.45,221.45,0.05,3.90,0.10,218.20,70568.20,70568.20,800,725,211,373299088.75,126,F1,25,,,,,
2026-04-28,2026-04-28,FO,NSE,IDO,73486,,NIFTYNXT50,,2026-04-28,2026-04-28,52000.00,PE,NIFTYNXT5026APR52000PE,0.00,0.00,0.00,6.35,0.00,6.35,70568.20,70568.20,0,0,0,0.00,0,F1,25,,,,,
2026-04-28,2026-04-28,FO,NSE,IDO,41006,,NIFTYNXT50,,2026-06-30,2026-06-30,76600.00,CE,NIFTYNXT5026JUN76600CE,0.00,0.00,0.00,439.00,0.00,439.00,70568.20,931.75,0,0,0,0.00,0,F1,25,,,,,
2026-04-28,2026-04-28,FO,NSE,IDO,40990,,NIFTYNXT50,,2026-06-30,2026-06-30,75600.00,CE,NIFTYNXT5026JUN75600CE,0.00,0.00,0.00,553.60,0.00,553.60,70568.20,1163.05,0,0,0,0.00,0,F1,25,,,,,
2026-04-28,2026-04-28,FO,NSE,IDO,38770,,NIFTYNXT50,,2026-06-30,2026-06-30,74200.00,CE,NIFTYNXT5026JUN74200CE,0.00,0.00,0.00,271.10,0.00,271.10,70568.20,1563.60,0,0,0,0.00,0,F1,25,,,,,
2026-04-28,2026-04-28,FO,NSE,IDO,82004,,NIFTYNXT50,,2026-06-30,2026-06-30,71900.00,CE,NIFTYNXT5026JUN71900CE,0.00,0.00,0.00,256.40,0.00,256.40,70568.20,2438.00,0,0,0,0.00,0,F1,25,,,,,
2026-04-28,2026-04-28,FO,NSE,IDO,81900,,NIFTYNXT50,,2026-06-30,2026-06-30,69800.00,CE,NIFTYNXT5026JUN69800CE,0.00,0.00,0.00,444.25,0.00,444.25,70568.20,3496.30,0,0,0,0.00,0,F1,25,,,,,
2026-04-28,2026-04-28,FO,NSE,IDO,81893,,NIFTYNXT50,,2026-06-30,2026-06-30,69500.00,CE,NIFTYNXT5026JUN69500CE,0.00,0.00,0.00,479.00,0.00,479.00,70568.20,3668.35,0,0,0,0.00,0,F1,25,,,,,
2026-04-28,2026-04-28,FO,NSE,IDO,81800,,NIFTYNXT50,,2026-06-30,2026-06-30,68600.00,CE,NIFTYNXT5026JUN68600CE,0.00,0.00,0.00,597.70,0.00,597.70,70568.20,4215.55,0,0,0,0.00,0,F1,25,,,,,
2026-04-28,2026-04-28,FO,NSE,IDO,81779,,NIFTYNXT50,,2026-06-30,2026-06-30,67600.00,CE,NIFTYNXT5026JUN67600CE,0.00,0.00,0.00,757.95,0.00,757.95,70568.20,4876.75,0,0,0,0.00,0,F1,25,,,,,
2026-04-28,2026-04-28,FO,NSE,IDO,81773,,NIFTYNXT50,,2026-06-30,2026-06-30,67300.00,CE,NIFTYNXT5026JUN67300CE,0.00,0.00,0.00,812.45,0.00,812.45,70568.20,5085.70,0,0,0,0.00,0,F1,25,,,,,
2026-04-28,2026-04-28,FO,NSE,IDO,81735,,NIFTYNXT50,,2026-06-30,2026-06-30,66600.00,CE,NIFTYNXT5026JUN66600CE,0.00,0.00,0.00,952.40,0.00,952.40,70568.20,5592.50,0,0,0,0.00,0,F1,25,,,,,
2026-04-28,2026-04-28,FO,NSE,IDO,81720,,NIFTYNXT50,,2026-06-30,2026-06-30,66200.00,CE,NIFTYNXT5026JUN66200CE,0.00,0.00,0.00,1042.90,0.00,1042.90,70568.20,5892.50,0,0,0,0.00,0,F1,25,,,,,
2026-04-28,2026-04-28,FO,NSE,IDO,81658,,NIFTYNXT50,,2026-06-30,2026-06-30,65000.00,CE,NIFTYNXT5026JUN65000CE,0.00,0.00,0.00,1345.75,0.00,1345.75,70568.20,6836.60,0,0,0,0.00,0,F1,25,,,,,
2026-04-28,2026-04-28,FO,NSE,IDO,81420,,NIFTYNXT50,,2026-06-30,2026-06-30,61900.00,CE,NIFTYNXT5026JUN61900CE,0.00,0.00,0.00,2462.10,0.00,2462.10,70568.20,9526.70,0,0,0,0.00,0,F1,25,,,,,
2026-04-28,2026-04-28,FO,NSE,IDO,81352,,NIFTYNXT50,,2026-06-30,2026-06-30,59900.00,PE,NIFTYNXT5026JUN59900PE,0.00,0.00,0.00,1942.05,0.00,1942.05,70568.20,84.15,0,0,0,0.00,0,F1,25,,,,,
2026-04-28,2026-04-28,FO,NSE,IDO,81380,,NIFTYNXT50,,2026-06-30,2026-06-30,61300.00,PE,NIFTYNXT5026JUN61300PE,0.00,0.00,0.00,2590.70,0.00,2590.70,70568.20,153.10,0,0,0,0.00,0,F1,25,,,,,
2026-04-28,2026-04-28,FO,NSE,IDO,81415,,NIFTYNXT50,,2026-06-30,2026-06-30,61700.00,PE,NIFTYNXT5026JUN61700PE,0.00,0.00,0.00,2796.95,0.00,2796.95,70568.20,179.70,0,0,0,0.00,0,F1,25,,,,,
2026-04-28,2026-04-28,FO,NSE,IDO,81417,,NIFTYNXT50,,2026-06-30,2026-06-30,61800.00,PE,NIFTYNXT5026JUN61800PE,0.00,0.00,0.00,2849.90,0.00,2849.90,70568.20,186.90,0,0,0,0.00,0,F1,25,,,,,
2026-04-28,2026-04-28,FO,NSE,IDO,81627,,NIFTYNXT50,,2026-06-30,2026-06-30,64400.00,PE,NIFTYNXT5026JUN64400PE,0.00,0.00,0.00,4420.00,0.00,4420.00,70568.20,472.35,0,0,0,0.00,0,F1,25,,,,,
2026-04-28,2026-04-28,FO,NSE,IDO,81681,,NIFTYNXT50,,2026-06-30,2026-06-30,65900.00,PE,NIFTYNXT5026JUN65900PE,0.00,0.00,0.00,5482.90,0.00,5482.90,70568.20,747.15,0,0,0,0.00,0,F1,25,,,,,
2026-04-28,2026-04-28,FO,NSE,IDO,81683,,NIFTYNXT50,,2026-06-30,2026-06-30,66000.00,PE,NIFTYNXT5026JUN66000PE,0.00,0.00,0.00,5557.25,0.00,5557.25,70568.20,768.95,0,0,0,0.00,0,F1,25,,,,,
2026-04-28,2026-04-28,FO,NSE,IDO,81740,,NIFTYNXT50,,2026-06-30,2026-06-30,66700.00,PE,NIFTYNXT5026JUN66700PE,0.00,0.00,0.00,6086.70,0.00,6086.70,70568.20,937.50,0,0,0,0.00,0,F1,25,,,,,
2026-04-28,2026-04-28,FO,NSE,IDO,81782,,NIFTYNXT50,,2026-06-30,2026-06-30,67700.00,PE,NIFTYNXT5026JUN67700PE,0.00,0.00,0.00,6877.95,0.00,6877.95,70568.20,1213.60,0,0,0,0.00,0,F1,25,,,,,
2026-04-28,2026-04-28,FO,NSE,IDO,81797,,NIFTYNXT50,,2026-06-30,2026-06-30,68400.00,PE,NIFTYNXT5026JUN68400PE,0.00,0.00,0.00,7452.20,0.00,7452.20,70568.20,1441.25,0,0,0,0.00,0,F1,25,,,,,
2026-04-28,2026-04-28,FO,NSE,IDO,81890,,NIFTYNXT50,,2026-06-30,2026-06-30,69300.00,PE,NIFTYNXT5026JUN69300PE,0.00,0.00,0.00,8212.30,0.00,8212.30,70568.20,1774.20,0,0,0,0.00,0,F1,25,,,,,
2026-04-28,2026-04-28,FO,NSE,IDO,81985,,NIFTYNXT50,,2026-06-30,2026-06-30,70900.00,PE,NIFTYNXT5026JUN70900PE,0.00,0.00,0.00,9614.85,0.00,9614.85,70568.20,2481.30,0,0,0,0.00,0,F1,25,,,,,
2026-04-28,2026-04-28,FO,NSE,IDO,81987,,NIFTYNXT50,,2026-06-30,2026-06-30,71000.00,PE,NIFTYNXT5026JUN71000PE,0.00,0.00,0.00,9704.40,0.00,9704.40,70568.20,2530.45,0,0,0,0.00,0,F1,25,,,,,
2026-04-28,2026-04-28,FO,NSE,IDO,35271,,NIFTYNXT50,,2026-06-30,2026-06-30,72700.00,PE,NIFTYNXT5026JUN72700PE,0.00,0.00,0.00,9849.45,0.00,9849.45,70568.20,3453.10,0,0,0,0.00,0,F1,25,,,,,
2026-04-28,2026-04-28,FO,NSE,IDO,82033,,NIFTYNXT50,,2026-06-30,2026-06-30,73000.00,PE,NIFTYNXT5026JUN73000PE,0.00,0.00,0.00,11532.00,0.00,11532.00,70568.20,3632.75,0,0,0,0.00,0,F1,25,,,,,
2026-04-28,2026-04-28,FO,NSE,IDO,82035,,NIFTYNXT50,,2026-06-30,2026-06-30,73500.00,PE,NIFTYNXT5026JUN73500PE,0.00,0.00,0.00,11998.10,0.00,11998.10,70568.20,3943.00,0,0,0,0.00,0,F1,25,,,,,
2026-04-28,2026-04-28,FO,NSE,IDO,82043,,NIFTYNXT50,,2026-06-30,2026-06-30,75000.00,PE,NIFTYNXT5026JUN75000PE,0.00,0.00,0.00,13413.25,0.00,13413.25,70568.20,4950.50,0,0,0,0.00,0,F1,25,,,,,
2026-04-28,2026-04-28,FO,NSE,IDO,41016,,NIFTYNXT50,,2026-06-30,2026-06-30,76900.00,PE,NIFTYNXT5026JUN76900PE,0.00,0.00,0.00,10064.60,0.00,10064.60,70568.20,6376.60,0,0,0,0.00,0,F1,25,,,,,
2026-04-28,2026-04-28,FO,NSE,IDO,81381,,NIFTYNXT50,,2026-06-30,2026-06-30,61400.00,CE,NIFTYNXT5026JUN61400CE,0.00,0.00,0.00,2691.05,0.00,2691.05,70568.20,9986.40,0,0,0,0.00,0,F1,25,,,,,
2026-04-28,2026-04-28,FO,NSE,IDO,81353,,NIFTYNXT50,,2026-06-30,2026-06-30,60000.00,CE,NIFTYNXT5026JUN60000CE,0.00,0.00,0.00,3409.20,0.00,3409.20,70568.20,11299.95,0,0,0,0.00,0,F1,25,,,,,
2026-04-28,2026-04-28,FO,NSE,IDO,81130,,NIFTYNXT50,,2026-06-30,2026-06-30,56100.00,CE,NIFTYNXT5026JUN56100CE,0.00,0.00,0.00,5994.65,0.00,5994.65,70568.20,15082.00,0,0,0,0.00,0,F1,25,,,,,
2026-04-28,2026-04-28,FO,NSE,IDO,81011,,NIFTYNXT50,,2026-06-30,2026-06-30,55400.00,CE,NIFTYNXT5026JUN55400CE,0.00,0.00,0.00,6540.95,0.00,6540.95,70568.20,15770.45,0,0,0,0.00,0,F1,25,,,,,
2026-04-28,2026-04-28,FO,NSE,IDO,74666,,NIFTYNXT50,,2026-05-26,2026-05-26,80500.00,CE,NIFTYNXT5026MAY80500CE,0.00,0.00,0.00,360.85,0.00,360.85,70568.20,42.10,0,0,0,0.00,0,F1,25,,,,,
2026-04-28,2026-04-28,FO,NSE,IDO,74517,,NIFTYNXT50,,2026-05-26,2026-05-26,75600.00,CE,NIFTYNXT5026MAY75600CE,0.00,0.00,0.00,1139.05,0.00,1139.05,70568.20,383.15,0,0,0,0.00,0,F1,25,,,,,
2026-04-28,2026-04-28,FO,NSE,IDO,74406,,NIFTYNXT50,,2026-05-26,2026-05-26,74100.00,CE,NIFTYNXT5026MAY74100CE,0.00,0.00,0.00,1546.95,0.00,1546.95,70568.20,668.75,0,0,0,0.00,0,F1,25,,,,,
2026-04-28,2026-04-28,FO,NSE,IDO,74116,,NIFTYNXT50,,2026-05-26,2026-05-26,73500.00,CE,NIFTYNXT5026MAY73500CE,0.00,0.00,0.00,1740.45,0.00,1740.45,70568.20,816.70,0,0,0,0.00,0,F1,25,,,,,
2026-04-28,2026-04-28,FO,NSE,IDO,74068,,NIFTYNXT50,,2026-05-26,2026-05-26,73200.00,CE,NIFTYNXT5026MAY73200CE,0.00,0.00,0.00,1843.85,0.00,1843.85,70568.20,901.90,0,0,0,0.00,0,F1,25,,,,,
2026-04-28,2026-04-28,FO,NSE,IDO,74010,,NIFTYNXT50,,2026-05-26,2026-05-26,72400.00,CE,NIFTYNXT5026MAY72400CE,0.00,0.00,0.00,2141.90,0.00,2141.90,70568.20,1162.15,0,0,0,0.00,0,F1,25,,,,,
2026-04-28,2026-04-28,FO,NSE,IDO,73894,,NIFTYNXT50,,2026-05-26,2026-05-26,70900.00,CE,NIFTYNXT5026MAY70900CE,0.00,0.00,0.00,2792.50,0.00,2792.50,70568.20,1790.95,0,0,0,0.00,0,F1,25,,,,,
2026-04-28,2026-04-28,FO,NSE,IDO,73880,,NIFTYNXT50,,2026-05-26,2026-05-26,70200.00,CE,NIFTYNXT5026MAY70200CE,0.00,0.00,0.00,3138.85,0.00,3138.85,70568.20,2151.25,0,0,0,0.00,0,F1,25,,,,,
2026-04-28,2026-04-28,FO,NSE,IDO,73774,,NIFTYNXT50,,2026-05-26,2026-05-26,68400.00,CE,NIFTYNXT5026MAY68400CE,0.00,0.00,0.00,4154.50,0.00,4154.50,70568.20,3271.85,0,0,0,0.00,0,F1,25,,,,,
2026-04-28,2026-04-28,FO,NSE,IDO,73611,,NIFTYNXT50,,2026-05-26,2026-05-26,66100.00,CE,NIFTYNXT5026MAY66100CE,0.00,0.00,0.00,5711.20,0.00,5711.20,70568.20,5065.70,0,0,0,0.00,0,F1,25,,,,,
2026-04-28,2026-04-28,FO,NSE,IDO,73571,,NIFTYNXT50,,2026-05-26,2026-05-26,65100.00,CE,NIFTYNXT5026MAY65100CE,0.00,0.00,0.00,6465.35,0.00,6465.35,70568.20,5942.00,0,0,0,0.00,0,F1,25,,,,,
2026-04-28,2026-04-28,FO,NSE,IDO,73446,,NIFTYNXT50,,2026-05-26,2026-05-26,62700.00,CE,NIFTYNXT5026MAY62700CE,0.00,0.00,0.00,8448.50,0.00,8448.50,70568.20,8191.45,0,0,0,0.00,0,F1,25,,,,,
2026-04-28,2026-04-28,FO,NSE,IDO,73393,,NIFTYNXT50,,2026-05-26,2026-05-26,61000.00,CE,NIFTYNXT5026MAY61000CE,0.00,0.00,0.00,9965.15,0.00,9965.15,70568.20,9852.35,0,0,0,0.00,0,F1,25,,,,,
2026-04-28,2026-04-28,FO,NSE,IDO,41311,,NIFTYNXT50,,2026-05-26,2026-05-26,57600.00,CE,NIFTYNXT5026MAY57600CE,0.00,0.00,0.00,11991.20,0.00,11991.20,70568.20,13224.55,0,0,0,0.00,0,F1,25,,,,,
2026-04-28,2026-04-28,FO,NSE,IDO,43934,,NIFTYNXT50,,2026-05-26,2026-05-26,55900.00,CE,NIFTYNXT5026MAY55900CE,0.00,0.00,0.00,11804.15,0.00,11804.15,70568.20,14916.50,0,0,0,0.00,0,F1,25,,,,,
2026-04-28,2026-04-28,FO,NSE,IDO,73129,,NIFTYNXT50,,2026-05-26,2026-05-26,55500.00,CE,NIFTYNXT5026MAY55500CE,0.00,0.00,0.00,15206.10,0.00,15206.10,70568.20,15314.65,0,0,0,0.00,0,F1,25,,,,,
2026-04-28,2026-04-28,FO,NSE,IDO,73127,,NIFTYNXT50,,2026-05-26,2026-05-26,55000.00,CE,NIFTYNXT5026MAY55000CE,0.00,0.00,0.00,15694.45,0.00,15694.45,70568.20,15812.40,0,0,0,0.00,0,F1,25,,,,,
2026-04-28,2026-04-28,FO,NSE,IDO,59643,,NIFTYNXT50,,2026-05-26,2026-05-26,53900.00,CE,NIFTYNXT5026MAY53900CE,0.00,0.00,0.00,11559.20,0.00,11559.20,70568.20,16907.50,0,0,0,0.00,0,F1,25,,,,,
2026-04-28,2026-04-28,FO,NSE,IDO,74584,,NIFTYNXT50,,2026-04-28,2026-04-28,80000.00,CE,NIFTYNXT5026APR80000CE,0.00,0.00,0.00,133.05,0.00,133.05,70568.20,70568.20,0,0,0,0.00,0,F1,25,,,,,
2026-04-28,2026-04-28,FO,NSE,IDO,74483,,NIFTYNXT50,,2026-04-28,2026-04-28,77200.00,CE,NIFTYNXT5026APR77200CE,0.00,0.00,0.00,299.40,0.00,299.40,70568.20,70568.20,0,0,0,0.00,0,F1,25,,,,,
2026-04-28,2026-04-28,FO,NSE,IDO,74465,,NIFTYNXT50,,2026-04-28,2026-04-28,76700.00,CE,NIFTYNXT5026APR76700CE,0.00,0.00,0.00,343.35,0.00,343.35,70568.20,70568.20,0,0,0,0.00,0,F1,25,,,,,
2026-04-28,2026-04-28,FO,NSE,IDO,74304,,NIFTYNXT50,,2026-04-28,2026-04-28,72900.00,CE,NIFTYNXT5026APR72900CE,0.00,0.00,0.00,896.60,0.00,896.60,70568.20,70568.20,0,0,0,0.00,0,F1,25,,,,,
2026-04-28,2026-04-28,FO,NSE,IDO,74264,,NIFTYNXT50,,2026-04-28,2026-04-28,71300.00,CE,NIFTYNXT5026APR71300CE,0.00,0.00,0.00,345.00,345.00,345.00,70568.20,70568.20,575,0,0,0.00,0,F1,25,,,,,
2026-04-28,2026-04-28,FO,NSE,IDO,74776,,NIFTYNXT50,,2026-05-26,2026-05-26,81500.00,PE,NIFTYNXT5026MAY81500PE,0.00,0.00,0.00,10657.70,0.00,10657.70,70568.20,10594.90,0,0,0,0.00,0,F1,25,,,,,
2026-04-28,2026-04-28,FO,NSE,IDO,74667,,NIFTYNXT50,,2026-05-26,2026-05-26,80500.00,PE,NIFTYNXT5026MAY80500PE,0.00,0.00,0.00,9756.80,0.00,9756.80,70568.20,9616.50,0,0,0,0.00,0,F1,25,,,,,
2026-04-28,2026-04-28,FO,NSE,IDO,74553,,NIFTYNXT50,,2026-05-26,2026-05-26,76900.00,PE,NIFTYNXT5026MAY76900PE,0.00,0.00,0.00,6711.35,0.00,6711.35,70568.20,6216.85,0,0,0,0.00,0,F1,25,,,,,
2026-04-28,2026-04-28,FO,NSE,IDO,74384,,NIFTYNXT50,,2026-05-26,2026-05-26,73500.00,PE,NIFTYNXT5026MAY73500PE,0.00,0.00,0.00,4251.65,0.00,4251.65,70568.20,3422.20,0,0,0,0.00,0,F1,25,,,,,
2026-04-28,2026-04-28,FO,NSE,IDO,74067,,NIFTYNXT50,,2026-05-26,2026-05-26,73100.00,PE,NIFTYNXT5026MAY73100PE,0.00,0.00,0.00,3997.10,0.00,3997.10,70568.20,3139.05,0,0,0,0.00,0,F1,25,,,,,
2026-04-28,2026-04-28,FO,NSE,IDO,74005,,NIFTYNXT50,,2026-05-26,2026-05-26,72200.00,PE,NIFTYNXT5026MAY72200PE,0.00,0.00,0.00,3454.25,0.00,3454.25,70568.20,2546.35,0,0,0,0.00,0,F1,25,,,,,
2026-04-28,2026-04-28,FO,NSE,IDO,73903,,NIFTYNXT50,,2026-05-26,2026-05-26,71300.00,PE,NIFTYNXT5026MAY71300PE,0.00,0.00,0.00,2954.45,0.00,2954.45,70568.20,2019.75,0,0,0,0.00,0,F1,25,,,,,
2026-04-28,2026-04-28,FO,NSE,IDO,73885,,NIFTYNXT50,,2026-05-26,2026-05-26,70400.00,PE,NIFTYNXT5026MAY70400PE,0.00,0.00,0.00,2499.45,0.00,2499.45,70568.20,1563.25,0,0,0,0.00,0,F1,25,,,,,
2026-04-28,2026-04-28,FO,NSE,IDO,73883,,NIFTYNXT50,,2026-05-26,2026-05-26,70300.00,PE,NIFTYNXT5026MAY70300PE,0.00,0.00,0.00,2451.65,0.00,2451.65,70568.20,1516.90,0,0,0,0.00,0,F1,25,,,,,
2026-04-28,2026-04-28,FO,NSE,IDO,73879,,NIFTYNXT50,,2026-05-26,2026-05-26,70100.00,PE,NIFTYNXT5026MAY70100PE,0.00,0.00,0.00,2357.70,0.00,2357.70,70568.20,1426.80,0,0,0,0.00,0,F1,25,,,,,
2026-04-28,2026-04-28,FO,NSE,IDO,73859,,NIFTYNXT50,,2026-05-26,2026-05-26,69300.00,PE,NIFTYNXT5026MAY69300PE,0.00,0.00,0.00,2004.45,0.00,2004.45,70568.20,1101.35,0,0,0,0.00,0,F1,25,,,,,
2026-04-28,2026-04-28,FO,NSE,IDO,73805,,NIFTYNXT50,,2026-05-26,2026-05-26,68600.00,PE,NIFTYNXT5026MAY68600PE,0.00,0.00,0.00,1724.65,0.00,1724.65,70568.20,861.25,0,0,0,0.00,0,F1,25,,,,,
2026-04-28,2026-04-28,FO,NSE,IDO,73703,,NIFTYNXT50,,2026-05-26,2026-05-26,68000.00,PE,NIFTYNXT5026MAY68000PE,0.00,0.00,0.00,1506.35,0.00,1506.35,70568.20,690.05,0,0,0,0.00,0,F1,25,,,,,
2026-04-28,2026-04-28,FO,NSE,IDO,73696,,NIFTYNXT50,,2026-05-26,2026-05-26,67900.00,PE,NIFTYNXT5026MAY67900PE,0.00,0.00,0.00,1471.85,0.00,1471.85,70568.20,663.95,0,0,0,0.00,0,F1,25,,,,,
2026-04-28,2026-04-28,FO,NSE,IDO,73661,,NIFTYNXT50,,2026-05-26,2026-05-26,67700.00,PE,NIFTYNXT5026MAY67700PE,0.00,0.00,0.00,1404.50,0.00,1404.50,70568.20,611.00,0,0,0,0.00,0,F1,25,,,,,
2026-04-28,2026-04-28,FO,NSE,IDO,59609,,NIFTYNXT50,,2026-04-28,2026-04-28,53900.00,CE,NIFTYNXT5026APR53900CE,0.00,0.00,0.00,11247.60,0.00,11247.60,70568.20,70568.20,0,0,0,0.00,0,F1,25,,,,,
2026-04-28,2026-04-28,FO,NSE,IDO,73495,,NIFTYNXT50,,2026-04-28,2026-04-28,54500.00,CE,NIFTYNXT5026APR54500CE,0.00,0.00,0.00,13059.15,0.00,13059.15,70568.20,70568.20,0,0,0,0.00,0,F1,25,,,,,
2026-04-28,2026-04-28,FO,NSE,IDO,73499,,NIFTYNXT50,,2026-04-28,2026-04-28,54800.00,CE,NIFTYNXT5026APR54800CE,0.00,0.00,0.00,12768.65,0.00,12768.65,70568.20,70568.20,0,0,0,0.00,0,F1,25,,,,,
2026-04-28,2026-04-28,FO,NSE,IDO,73515,,NIFTYNXT50,,2026-04-28,2026-04-28,55300.00,CE,NIFTYNXT5026APR55300CE,0.00,0.00,0.00,12286.05,0.00,12286.05,70568.20,70568.20,0,0,0,0.00,0,F1,25,,,,,
2026-04-28,2026-04-28,FO,NSE,IDO,73674,,NIFTYNXT50,,2026-04-28,2026-04-28,55700.00,CE,NIFTYNXT5026APR55700CE,0.00,0.00,0.00,11901.70,0.00,11901.70,70568.20,70568.20,0,0,0,0.00,0,F1,25,,,,,
2026-04-28,2026-04-28,FO,NSE,IDO,73678,,NIFTYNXT50,,2026-04-28,2026-04-28,55900.00,CE,NIFTYNXT5026APR55900CE,0.00,0.00,0.00,11710.15,0.00,11710.15,70568.20,70568.20,0,0,0,0.00,0,F1,25,,,,,
2026-04-28,2026-04-28,FO,NSE,IDO,73709,,NIFTYNXT50,,2026-04-28,2026-04-28,56700.00,CE,NIFTYNXT5026APR56700CE,0.00,0.00,0.00,10949.05,0.00,10949.05,70568.20,70568.20,0,0,0,0.00,0,F1,25,,,,,
2026-04-28,2026-04-28,FO,NSE,IDO,73772,,NIFTYNXT50,,2026-04-28,2026-04-28,58400.00,CE,NIFTYNXT5026APR58400CE,0.00,0.00,0.00,9366.75,0.00,9366.75,70568.20,70568.20,0,0,0,0.00,0,F1,25,,,,,
2026-04-28,2026-04-28,FO,NSE,IDO,73778,,NIFTYNXT50,,2026-04-28,2026-04-28,58600.00,CE,NIFTYNXT5026APR58600CE,0.00,0.00,0.00,9184.55,0.00,9184.55,70568.20,70568.20,0,0,0,0.00,0,F1,25,,,,,
2026-04-28,2026-04-28,FO,NSE,IDO,73792,,NIFTYNXT50,,2026-04-28,2026-04-28,59200.00,CE,NIFTYNXT5026APR59200CE,0.00,0.00,0.00,8644.15,0.00,8644.15,70568.20,70568.20,0,0,0,0.00,0,F1,25,,,,,
2026-04-28,2026-04-28,FO,NSE,IDO,73810,,NIFTYNXT50,,2026-04-28,2026-04-28,59900.00,CE,NIFTYNXT5026APR59900CE,0.00,0.00,0.00,8026.65,0.00,8026.65,70568.20,70568.20,0,0,0,0.00,0,F1,25,,,,,
2026-04-28,2026-04-28,FO,NSE,IDO,73818,,NIFTYNXT50,,2026-04-28,2026-04-28,60300.00,CE,NIFTYNXT5026APR60300CE,0.00,0.00,0.00,7680.75,0.00,7680.75,70568.20,70568.20,0,0,0,0.00,0,F1,25,,,,,
2026-04-28,2026-04-28,FO,NSE,IDO,73857,,NIFTYNXT50,,2026-04-28,2026-04-28,61700.00,CE,NIFTYNXT5026APR61700CE,0.00,0.00,0.00,6516.50,0.00,6516.50,70568.20,70568.20,0,0,0,0.00,0,F1,25,,,,,
2026-04-28,2026-04-28,FO,NSE,IDO,73957,,NIFTYNXT50,,2026-04-28,2026-04-28,63800.00,CE,NIFTYNXT5026APR63800CE,0.00,0.00,0.00,4931.60,0.00,4931.60,70568.20,70568.20,0,0,0,0.00,0,F1,25,,,,,
2026-04-28,2026-04-28,FO,NSE,IDO,73977,,NIFTYNXT50,,2026-04-28,2026-04-28,64500.00,CE,NIFTYNXT5026APR64500CE,0.00,0.00,0.00,3756.30,3756.30,3756.30,70568.20,70568.20,300,0,0,0.00,0,F1,25,,,,,
2026-04-28,2026-04-28,FO,NSE,IDO,73994,,NIFTYNXT50,,2026-04-28,2026-04-28,65000.00,CE,NIFTYNXT5026APR65000CE,0.00,0.00,0.00,6622.25,6622.25,6622.25,70568.20,70568.20,275,0,0,0.00,0,F1,25,,,,,
2026-04-28,2026-04-28,FO,NSE,IDO,74126,,NIFTYNXT50,,2026-04-28,2026-04-28,68200.00,CE,NIFTYNXT5026APR68200CE,0.00,0.00,0.00,2400.65,0.00,2400.65,70568.20,70568.20,0,0,0,0.00,0,F1,25,,,,,
2026-04-28,2026-04-28,FO,NSE,IDO,74227,,NIFTYNXT50,,2026-04-28,2026-04-28,71000.00,CE,NIFTYNXT5026APR71000CE,229.85,239.90,0.05,2.25,0.05,229.85,70568.20,70568.20,8950,6600,3282,5828850950.00,1868,F1,25,,,,,
2026-04-28,2026-04-28,FO,NSE,IDO,74481,,NIFTYNXT50,,2026-04-28,2026-04-28,77100.00,CE,NIFTYNXT5026APR77100CE,0.00,0.00,0.00,307.80,0.00,307.80,70568.20,70568.20,0,0,0,0.00,0,F1,25,,,,,
2026-04-28,2026-04-28,FO,NSE,IDO,74580,,NIFTYNXT50,,2026-04-28,2026-04-28,79500.00,CE,NIFTYNXT5026APR79500CE,0.00,0.00,0.00,154.65,0.00,154.65,70568.20,70568.20,0,0,0,0.00,0,F1,25,,,,,
2026-04-28,2026-04-28,FO,NSE,IDO,73125,,NIFTYNXT50,,2026-05-26,2026-05-26,54500.00,CE,NIFTYNXT5026MAY54500CE,0.00,0.00,0.00,16183.60,0.00,16183.60,70568.20,16310.20,0,0,0,0.00,0,F1,25,,,,,
2026-04-28,2026-04-28,FO,NSE,IDO,41307,,NIFTYNXT50,,2026-05-26,2026-05-26,57300.00,CE,NIFTYNXT5026MAY57300CE,0.00,0.00,0.00,12279.35,0.00,12279.35,70568.20,13523.05,0,0,0,0.00,0,F1,25,,,,,
2026-04-28,2026-04-28,FO,NSE,IDO,73381,,NIFTYNXT50,,2026-05-26,2026-05-26,60500.00,CE,NIFTYNXT5026MAY60500CE,0.00,0.00,0.00,10424.50,0.00,10424.50,70568.20,10345.80,0,0,0,0.00,0,F1,25,,,,,
2026-04-28,2026-04-28,FO,NSE,IDO,73383,,NIFTYNXT50,,2026-05-26,2026-05-26,60600.00,CE,NIFTYNXT5026MAY60600CE,0.00,0.00,0.00,10332.20,0.00,10332.20,70568.20,10247.00,0,0,0,0.00,0,F1,25,,,,,
2026-04-28,2026-04-28,FO,NSE,IDO,73417,,NIFTYNXT50,,2026-05-26,2026-05-26,61800.00,CE,NIFTYNXT5026MAY61800CE,0.00,0.00,0.00,9242.00,0.00,9242.00,70568.20,9066.75,0,0,0,0.00,0,F1,25,,,,,
2026-04-28,2026-04-28,FO,NSE,IDO,73440,,NIFTYNXT50,,2026-05-26,2026-05-26,62400.00,CE,NIFTYNXT5026MAY62400CE,0.00,0.00,0.00,8710.45,0.00,8710.45,70568.20,8481.95,0,0,0,0.00,0,F1,25,,,,,
2026-04-28,2026-04-28,FO,NSE,IDO,73444,,NIFTYNXT50,,2026-05-26,2026-05-26,62600.00,CE,NIFTYNXT5026MAY62600CE,0.00,0.00,0.00,8535.50,0.00,8535.50,70568.20,8288.10,0,0,0,0.00,0,F1,25,,,,,
2026-04-28,2026-04-28,FO,NSE,IDO,73462,,NIFTYNXT50,,2026-05-26,2026-05-26,63200.00,CE,NIFTYNXT5026MAY63200CE,0.00,0.00,0.00,8018.25,0.00,8018.25,70568.20,7710.70,0,0,0,0.00,0,F1,25,,,,,
2026-04-28,2026-04-28,FO,NSE,IDO,73565,,NIFTYNXT50,,2026-05-26,2026-05-26,64900.00,CE,NIFTYNXT5026MAY64900CE,0.00,0.00,0.00,6622.05,0.00,6622.05,70568.20,6122.55,0,0,0,0.00,0,F1,25,,,,,
2026-04-28,2026-04-28,FO,NSE,IDO,73577,,NIFTYNXT50,,2026-05-26,2026-05-26,65400.00,CE,NIFTYNXT5026MAY65400CE,0.00,0.00,0.00,6233.55,0.00,6233.55,70568.20,5674.25,0,0,0,0.00,0,F1,25,,,,,
2026-04-28,2026-04-28,FO,NSE,IDO,73623,,NIFTYNXT50,,2026-05-26,2026-05-26,66400.00,CE,NIFTYNXT5026MAY66400CE,0.00,0.00,0.00,5492.90,0.00,5492.90,70568.20,4812.65,0,0,0,0.00,0,F1,25,,,,,
2026-04-28,2026-04-28,FO,NSE,IDO,73635,,NIFTYNXT50,,2026-05-26,2026-05-26,67000.00,CE,NIFTYNXT5026MAY67000CE,0.00,0.00,0.00,5067.15,0.00,5067.15,70568.20,4322.30,0,0,0,0.00,0,F1,25,,,,,
2026-04-28,2026-04-28,FO,NSE,IDO,73890,,NIFTYNXT50,,2026-05-26,2026-05-26,70700.00,CE,NIFTYNXT5026MAY70700CE,0.00,0.00,0.00,2888.60,0.00,2888.60,70568.20,1889.70,0,0,0,0.00,0,F1,25,,,,,
2026-04-28,2026-04-28,FO,NSE,IDO,74416,,NIFTYNXT50,,2026-05-26,2026-05-26,74300.00,CE,NIFTYNXT5026MAY74300CE,0.00,0.00,0.00,1486.25,0.00,1486.25,70568.20,620.65,0,0,0,0.00,0,F1,25,,,,,
2026-04-28,2026-04-28,FO,NSE,IDO,74498,,NIFTYNXT50,,2026-05-26,2026-05-26,75200.00,CE,NIFTYNXT5026MAY75200CE,0.00,0.00,0.00,1235.75,0.00,1235.75,70568.20,446.55,0,0,0,0.00,0,F1,25,,,,,
2026-04-28,2026-04-28,FO,NSE,IDO,74501,,NIFTYNXT50,,2026-05-26,2026-05-26,75300.00,CE,NIFTYNXT5026MAY75300CE,0.00,0.00,0.00,1210.10,0.00,1210.10,70568.20,429.95,0,0,0,0.00,0,F1,25,,,,,
2026-04-28,2026-04-28,FO,NSE,IDO,74540,,NIFTYNXT50,,2026-05-26,2026-05-26,76400.00,CE,NIFTYNXT5026MAY76400CE,0.00,0.00,0.00,956.50,0.00,956.50,70568.20,278.65,0,0,0,0.00,0,F1,25,,,,,
2026-04-28,2026-04-28,FO,NSE,IDO,80948,,NIFTYNXT50,,2026-06-30,2026-06-30,54100.00,CE,NIFTYNXT5026JUN54100CE,0.00,0.00,0.00,7610.10,0.00,7610.10,70568.20,17052.10,0,0,0,0.00,0,F1,25,,,,,
2026-04-28,2026-04-28,FO,NSE,IDO,80974,,NIFTYNXT50,,2026-06-30,2026-06-30,54500.00,CE,NIFTYNXT5026JUN54500CE,0.00,0.00,0.00,7274.10,0.00,7274.10,70568.20,16657.40,0,0,0,0.00,0,F1,25,,,,,
2026-04-28,2026-04-28,FO,NSE,IDO,81247,,NIFTYNXT50,,2026-06-30,2026-06-30,57800.00,CE,NIFTYNXT5026JUN57800CE,0.00,0.00,0.00,4765.60,0.00,4765.60,70568.20,13418.80,0,0,0,0.00,0,F1,25,,,,,
2026-04-28,2026-04-28,FO,NSE,IDO,81333,,NIFTYNXT50,,2026-06-30,2026-06-30,59400.00,CE,NIFTYNXT5026JUN59400CE,0.00,0.00,0.00,3751.75,0.00,3751.75,70568.20,11872.45,0,0,0,0.00,0,F1,25,,,,,
2026-04-28,2026-04-28,FO,NSE,IDO,81359,,NIFTYNXT50,,2026-06-30,2026-06-30,60300.00,CE,NIFTYNXT5026JUN60300CE,0.00,0.00,0.00,3245.75,0.00,3245.75,70568.20,11015.65,0,0,0,0.00,0,F1,25,,,,,
2026-04-28,2026-04-28,FO,NSE,IDO,81363,,NIFTYNXT50,,2026-06-30,2026-06-30,60500.00,CE,NIFTYNXT5026JUN60500CE,0.00,0.00,0.00,3139.75,0.00,3139.75,70568.20,10826.90,0,0,0,0.00,0,F1,25,,,,,
2026-04-28,2026-04-28,FO,NSE,IDO,81371,,NIFTYNXT50,,2026-06-30,2026-06-30,60900.00,CE,NIFTYNXT5026JUN60900CE,0.00,0.00,0.00,2934.65,0.00,2934.65,70568.20,10451.45,0,0,0,0.00,0,F1,25,,,,,
2026-04-28,2026-04-28,FO,NSE,IDO,81416,,NIFTYNXT50,,2026-06-30,2026-06-30,61800.00,CE,NIFTYNXT5026JUN61800CE,0.00,0.00,0.00,2506.75,0.00,2506.75,70568.20,9618.20,0,0,0,0.00,0,F1,25,,,,,
2026-04-28,2026-04-28,FO,NSE,IDO,81654,,NIFTYNXT50,,2026-06-30,2026-06-30,64800.00,CE,NIFTYNXT5026JUN64800CE,0.00,0.00,0.00,1403.05,0.00,1403.05,70568.20,7000.00,0,0,0,0.00,0,F1,25,,,,,
2026-04-28,2026-04-28,FO,NSE,IDO,81664,,NIFTYNXT50,,2026-06-30,2026-06-30,65300.00,CE,NIFTYNXT5026JUN65300CE,0.00,0.00,0.00,1263.25,0.00,1263.25,70568.20,6594.65,0,0,0,0.00,0,F1,25,,,,,
2026-04-28,2026-04-28,FO,NSE,IDO,81737,,NIFTYNXT50,,2026-06-30,2026-06-30,66700.00,CE,NIFTYNXT5026JUN66700CE,0.00,0.00,0.00,931.25,0.00,931.25,70568.20,5521.35,0,0,0,0.00,0,F1,25,,,,,
2026-04-28,2026-04-28,FO,NSE,IDO,81769,,NIFTYNXT50,,2026-06-30,2026-06-30,67100.00,CE,NIFTYNXT5026JUN67100CE,0.00,0.00,0.00,850.60,0.00,850.60,70568.20,5230.75,0,0,0,0.00,0,F1,25,,,,,
2026-04-28,2026-04-28,FO,NSE,IDO,81816,,NIFTYNXT50,,2026-06-30,2026-06-30,69200.00,CE,NIFTYNXT5026JUN69200CE,0.00,0.00,0.00,516.10,0.00,516.10,70568.20,3845.60,0,0,0,0.00,0,F1,25,,,,,
2026-04-28,2026-04-28,FO,NSE,IDO,81818,,NIFTYNXT50,,2026-06-30,2026-06-30,69300.00,CE,NIFTYNXT5026JUN69300CE,0.00,0.00,0.00,503.50,0.00,503.50,70568.20,3785.95,0,0,0,0.00,0,F1,25,,,,,
2026-04-28,2026-04-28,FO,NSE,IDO,81891,,NIFTYNXT50,,2026-06-30,2026-06-30,69400.00,CE,NIFTYNXT5026JUN69400CE,0.00,0.00,0.00,491.10,0.00,491.10,70568.20,3726.85,0,0,0,0.00,0,F1,25,,,,,
2026-04-28,2026-04-28,FO,NSE,IDO,81986,,NIFTYNXT50,,2026-06-30,2026-06-30,71000.00,CE,NIFTYNXT5026JUN71000CE,0.00,0.00,0.00,326.00,0.00,326.00,70568.20,2860.45,0,0,0,0.00,0,F1,25,,,,,
2026-04-28,2026-04-28,FO,NSE,IDO,81998,,NIFTYNXT50,,2026-06-30,2026-06-30,71600.00,CE,NIFTYNXT5026JUN71600CE,0.00,0.00,0.00,278.00,0.00,278.00,70568.20,2573.55,0,0,0,0.00,0,F1,25,,,,,
2026-04-28,2026-04-28,FO,NSE,IDO,82034,,NIFTYNXT50,,2026-06-30,2026-06-30,73500.00,CE,NIFTYNXT5026JUN73500CE,0.00,0.00,0.00,164.55,0.00,164.55,70568.20,1799.80,0,0,0,0.00,0,F1,25,,,,,
2026-04-28,2026-04-28,FO,NSE,IDO,35306,,NIFTYNXT50,,2026-06-30,2026-06-30,73800.00,CE,NIFTYNXT5026JUN73800CE,0.00,0.00,0.00,263.60,0.00,263.60,70568.20,1695.50,0,0,0,0.00,0,F1,25,,,,,
2026-04-28,2026-04-28,FO,NSE,IDO,40984,,NIFTYNXT50,,2026-06-30,2026-06-30,75400.00,CE,NIFTYNXT5026JUN75400CE,0.00,0.00,0.00,579.35,0.00,579.35,70568.20,1214.70,0,0,0,0.00,0,F1,25,,,,,
2026-04-28,2026-04-28,FO,NSE,IDO,82098,,NIFTYNXT50,,2026-06-30,2026-06-30,78000.00,CE,NIFTYNXT5026JUN78000CE,0.00,0.00,0.00,42.40,0.00,42.40,70568.20,671.15,0,0,0,0.00,0,F1,25,,,,,
2026-04-28,2026-04-28,FO,NSE,IDO,82119,,NIFTYNXT50,,2026-06-30,2026-06-30,79500.00,CE,NIFTYNXT5026JUN79500CE,0.00,0.00,0.00,26.10,0.00,26.10,70568.20,462.40,0,0,0,0.00,0,F1,25,,,,,
2026-04-28,2026-04-28,FO,NSE,IDO,73512,,NIFTYNXT50,,2026-04-28,2026-04-28,55100.00,PE,NIFTYNXT5026APR55100PE,0.00,0.00,0.00,38.45,0.00,38.45,70568.20,70568.20,0,0,0,0.00,0,F1,25,,,,,
2026-04-28,2026-04-28,FO,NSE,IDO,73514,,NIFTYNXT50,,2026-04-28,2026-04-28,55200.00,PE,NIFTYNXT5026APR55200PE,0.00,0.00,0.00,40.50,0.00,40.50,70568.20,70568.20,0,0,0,0.00,0,F1,25,,,,,
2026-04-28,2026-04-28,FO,NSE,IDO,73716,,NIFTYNXT50,,2026-04-28,2026-04-28,56900.00,PE,NIFTYNXT5026APR56900PE,0.00,0.00,0.00,92.25,0.00,92.25,70568.20,70568.20,0,0,0,0.00,0,F1,25,,,,,
2026-04-28,2026-04-28,FO,NSE,IDO,73755,,NIFTYNXT50,,2026-04-28,2026-04-28,57600.00,PE,NIFTYNXT5026APR57600PE,0.00,0.00,0.00,125.80,0.00,125.80,70568.20,70568.20,0,0,0,0.00,0,F1,25,,,,,
2026-04-28,2026-04-28,FO,NSE,IDO,73787,,NIFTYNXT50,,2026-04-28,2026-04-28,58900.00,PE,NIFTYNXT5026APR58900PE,0.00,0.00,0.00,214.60,0.00,214.60,70568.20,70568.20,0,0,0,0.00,0,F1,25,,,,,
2026-04-28,2026-04-28,FO,NSE,IDO,73789,,NIFTYNXT50,,2026-04-28,2026-04-28,59000.00,PE,NIFTYNXT5026APR59000PE,0.00,0.00,0.00,223.15,0.00,223.15,70568.20,70568.20,0,0,0,0.00,0,F1,25,,,,,
2026-04-28,2026-04-28,FO,NSE,IDO,73934,,NIFTYNXT50,,2026-04-28,2026-04-28,62600.00,PE,NIFTYNXT5026APR62600PE,0.00,0.00,0.00,756.35,0.00,756.35,70568.20,70568.20,0,0,0,0.00,0,F1,25,,,,,
2026-04-28,2026-04-28,FO,NSE,IDO,74030,,NIFTYNXT50,,2026-04-28,2026-04-28,66200.00,PE,NIFTYNXT5026APR66200PE,0.00,0.00,0.00,3.20,3.20,3.20,70568.20,70568.20,150,0,0,0.00,0,F1,25,,,,,
2026-04-28,2026-04-28,FO,NSE,IDO,74234,,NIFTYNXT50,,2026-04-28,2026-04-28,71000.00,PE,NIFTYNXT5026APR71000PE,341.95,560.00,211.10,412.75,416.00,333.65,70568.20,70568.20,1050,250,508,906123051.25,272,F1,25,,,,,
2026-04-28,2026-04-28,FO,NSE,IDO,74246,,NIFTYNXT50,,2026-04-28,2026-04-28,71100.00,PE,NIFTYNXT5026APR71100PE,0.00,0.00,0.00,1872.90,1872.90,1872.90,70568.20,70568.20,225,0,0,0.00,0,F1,25,,,,,
2026-04-28,2026-04-28,FO,NSE,IDO,74293,,NIFTYNXT50,,2026-04-28,2026-04-28,72300.00,PE,NIFTYNXT5026APR72300PE,0.00,0.00,0.00,5528.05,0.00,5528.05,70568.20,70568.20,0,0,0,0.00,0,F1,25,,,,,
2026-04-28,2026-04-28,FO,NSE,IDO,74303,,NIFTYNXT50,,2026-04-28,2026-04-28,72800.00,PE,NIFTYNXT5026APR72800PE,0.00,0.00,0.00,5906.30,0.00,5906.30,70568.20,70568.20,0,0,0,0.00,0,F1,25,,,,,
2026-04-28,2026-04-28,FO,NSE,IDO,74317,,NIFTYNXT50,,2026-04-28,2026-04-28,73500.00,PE,NIFTYNXT5026APR73500PE,0.00,0.00,0.00,6455.85,0.00,6455.85,70568.20,70568.20,0,0,0,0.00,0,F1,25,,,,,
2026-04-28,2026-04-28,FO,NSE,IDO,74331,,NIFTYNXT50,,2026-04-28,2026-04-28,74200.00,PE,NIFTYNXT5026APR74200PE,0.00,0.00,0.00,7023.35,0.00,7023.35,70568.20,70568.20,0,0,0,0.00,0,F1,25,,,,,
2026-04-28,2026-04-28,FO,NSE,IDO,74341,,NIFTYNXT50,,2026-04-28,2026-04-28,74700.00,PE,NIFTYNXT5026APR74700PE,0.00,0.00,0.00,7438.85,0.00,7438.85,70568.20,70568.20,0,0,0,0.00,0,F1,25,,,,,
2026-04-28,2026-04-28,FO,NSE,IDO,74383,,NIFTYNXT50,,2026-04-28,2026-04-28,76400.00,PE,NIFTYNXT5026APR76400PE,0.00,0.00,0.00,8905.75,0.00,8905.75,70568.20,70568.20,0,0,0,0.00,0,F1,25,,,,,
2026-04-28,2026-04-28,FO,NSE,IDO,74468,,NIFTYNXT50,,2026-04-28,2026-04-28,76700.00,PE,NIFTYNXT5026APR76700PE,0.00,0.00,0.00,9172.20,0.00,9172.20,70568.20,70568.20,0,0,0,0.00,0,F1,25,,,,,
2026-04-28,2026-04-28,FO,NSE,IDO,74583,,NIFTYNXT50,,2026-04-28,2026-04-28,79500.00,PE,NIFTYNXT5026APR79500PE,0.00,0.00,0.00,11740.60,0.00,11740.60,70568.20,70568.20,0,0,0,0.00,0,F1,25,,,,,
2026-04-28,2026-04-28,FO,NSE,IDO,43941,,NIFTYNXT50,,2026-05-26,2026-05-26,56200.00,PE,NIFTYNXT5026MAY56200PE,0.00,0.00,0.00,57.55,0.00,57.55,70568.20,0.15,0,0,0,0.00,0,F1,25,,,,,
2026-04-28,2026-04-28,FO,NSE,IDO,73302,,NIFTYNXT50,,2026-05-26,2026-05-26,58900.00,PE,NIFTYNXT5026MAY58900PE,0.00,0.00,0.00,76.15,0.00,76.15,70568.20,2.30,0,0,0,0.00,0,F1,25,,,,,
2026-04-28,2026-04-28,FO,NSE,IDO,73374,,NIFTYNXT50,,2026-05-26,2026-05-26,60100.00,PE,NIFTYNXT5026MAY60100PE,0.00,0.00,0.00,127.35,0.00,127.35,70568.20,6.50,0,0,0,0.00,0,F1,25,,,,,
2026-04-28,2026-04-28,FO,NSE,IDO,73416,,NIFTYNXT50,,2026-05-26,2026-05-26,61700.00,PE,NIFTYNXT5026MAY61700PE,0.00,0.00,0.00,237.05,0.00,237.05,70568.20,22.50,0,0,0,0.00,0,F1,25,,,,,
2026-04-28,2026-04-28,FO,NSE,IDO,73451,,NIFTYNXT50,,2026-05-26,2026-05-26,62900.00,PE,NIFTYNXT5026MAY62900PE,0.00,0.00,0.00,361.20,0.00,361.20,70568.20,51.15,0,0,0,0.00,0,F1,25,,,,,
2026-04-28,2026-04-28,FO,NSE,IDO,73453,,NIFTYNXT50,,2026-05-26,2026-05-26,63000.00,PE,NIFTYNXT5026MAY63000PE,0.00,0.00,0.00,373.50,0.00,373.50,70568.20,54.55,0,0,0,0.00,0,F1,25,,,,,
2026-04-28,2026-04-28,FO,NSE,IDO,82128,,NIFTYNXT50,,2026-06-30,2026-06-30,81500.00,PE,NIFTYNXT5026JUN81500PE,0.00,0.00,0.00,19703.65,0.00,19703.65,70568.20,10329.55,0,0,0,0.00,0,F1,25,,,,,
2026-04-28,2026-04-28,FO,NSE,IDO,73526,,NIFTYNXT50,,2026-05-26,2026-05-26,63700.00,PE,NIFTYNXT5026MAY63700PE,0.00,0.00,0.00,468.95,0.00,468.95,70568.20,84.25,0,0,0,0.00,0,F1,25,,,,,
2026-04-28,2026-04-28,FO,NSE,IDO,73568,,NIFTYNXT50,,2026-05-26,2026-05-26,65000.00,PE,NIFTYNXT5026MAY65000PE,0.00,0.00,0.00,694.65,0.00,694.65,70568.20,175.30,0,0,0,0.00,0,F1,25,,,,,
2026-04-28,2026-04-28,FO,NSE,IDO,73580,,NIFTYNXT50,,2026-05-26,2026-05-26,65500.00,PE,NIFTYNXT5026MAY65500PE,0.00,0.00,0.00,800.10,0.00,800.10,70568.20,226.90,0,0,0,0.00,0,F1,25,,,,,
2026-04-28,2026-04-28,FO,NSE,IDO,73612,,NIFTYNXT50,,2026-05-26,2026-05-26,66100.00,PE,NIFTYNXT5026MAY66100PE,0.00,0.00,0.00,944.25,0.00,944.25,70568.20,304.05,0,0,0,0.00,0,F1,25,,,,,
2026-04-28,2026-04-28,FO,NSE,IDO,73628,,NIFTYNXT50,,2026-05-26,2026-05-26,66600.00,PE,NIFTYNXT5026MAY66600PE,0.00,0.00,0.00,1074.60,0.00,1074.60,70568.20,382.95,0,0,0,0.00,0,F1,25,,,,,
2026-04-28,2026-04-28,FO,NSE,IDO,41026,,NIFTYNXT50,,2026-06-30,2026-06-30,77200.00,PE,NIFTYNXT5026JUN77200PE,0.00,0.00,0.00,10332.00,0.00,10332.00,70568.20,6614.90,0,0,0,0.00,0,F1,25,,,,,
2026-04-28,2026-04-28,FO,NSE,IDO,41013,,NIFTYNXT50,,2026-06-30,2026-06-30,76800.00,PE,NIFTYNXT5026JUN76800PE,0.00,0.00,0.00,9975.85,0.00,9975.85,70568.20,6297.90,0,0,0,0.00,0,F1,25,,,,,
2026-04-28,2026-04-28,FO,NSE,IDO,82087,,NIFTYNXT50,,2026-06-30,2026-06-30,76500.00,PE,NIFTYNXT5026JUN76500PE,0.00,0.00,0.00,14847.60,0.00,14847.60,70568.20,6064.15,0,0,0,0.00,0,F1,25,,,,,
2026-04-28,2026-04-28,FO,NSE,IDO,82047,,NIFTYNXT50,,2026-06-30,2026-06-30,75500.00,PE,NIFTYNXT5026JUN75500PE,0.00,0.00,0.00,13889.55,0.00,13889.55,70568.20,5310.35,0,0,0,0.00,0,F1,25,,,,,
2026-04-28,2026-04-28,FO,NSE,IDO,35283,,NIFTYNXT50,,2026-06-30,2026-06-30,73100.00,PE,NIFTYNXT5026JUN73100PE,0.00,0.00,0.00,10208.30,0.00,10208.30,70568.20,3693.75,0,0,0,0.00,0,F1,25,,,,,
2026-04-28,2026-04-28,FO,NSE,IDO,82009,,NIFTYNXT50,,2026-06-30,2026-06-30,72000.00,PE,NIFTYNXT5026JUN72000PE,0.00,0.00,0.00,10610.00,0.00,10610.00,70568.20,3053.25,0,0,0,0.00,0,F1,25,,,,,
2026-04-28,2026-04-28,FO,NSE,IDO,81991,,NIFTYNXT50,,2026-06-30,2026-06-30,71200.00,PE,NIFTYNXT5026JUN71200PE,0.00,0.00,0.00,9884.05,0.00,9884.05,70568.20,2630.15,0,0,0,0.00,0,F1,25,,,,,
2026-04-28,2026-04-28,FO,NSE,IDO,81979,,NIFTYNXT50,,2026-06-30,2026-06-30,70600.00,PE,NIFTYNXT5026JUN70600PE,0.00,0.00,0.00,9347.50,0.00,9347.50,70568.20,2337.40,0,0,0,0.00,0,F1,25,,,,,
2026-04-28,2026-04-28,FO,NSE,IDO,81915,,NIFTYNXT50,,2026-06-30,2026-06-30,70000.00,PE,NIFTYNXT5026JUN70000PE,0.00,0.00,0.00,8818.55,0.00,8818.55,70568.20,2065.25,0,0,0,0.00,0,F1,25,,,,,
2026-04-28,2026-04-28,FO,NSE,IDO,81901,,NIFTYNXT50,,2026-06-30,2026-06-30,69800.00,PE,NIFTYNXT5026JUN69800PE,0.00,0.00,0.00,8644.10,0.00,8644.10,70568.20,1979.20,0,0,0,0.00,0,F1,25,,,,,
2026-04-28,2026-04-28,FO,NSE,IDO,81894,,NIFTYNXT50,,2026-06-30,2026-06-30,69500.00,PE,NIFTYNXT5026JUN69500PE,0.00,0.00,0.00,8384.25,0.00,8384.25,70568.20,1854.45,0,0,0,0.00,0,F1,25,,,,,
2026-04-28,2026-04-28,FO,NSE,IDO,81811,,NIFTYNXT50,,2026-06-30,2026-06-30,68900.00,PE,NIFTYNXT5026JUN68900PE,0.00,0.00,0.00,7871.65,0.00,7871.65,70568.20,1620.55,0,0,0,0.00,0,F1,25,,,,,
2026-04-28,2026-04-28,FO,NSE,IDO,81790,,NIFTYNXT50,,2026-06-30,2026-06-30,68100.00,PE,NIFTYNXT5026JUN68100PE,0.00,0.00,0.00,7204.15,0.00,7204.15,70568.20,1340.40,0,0,0,0.00,0,F1,25,,,,,
2026-04-28,2026-04-28,FO,NSE,IDO,81770,,NIFTYNXT50,,2026-06-30,2026-06-30,67100.00,PE,NIFTYNXT5026JUN67100PE,0.00,0.00,0.00,6398.80,0.00,6398.80,70568.20,1042.55,0,0,0,0.00,0,F1,25,,,,,
2026-04-28,2026-04-28,FO,NSE,IDO,81727,,NIFTYNXT50,,2026-06-30,2026-06-30,66500.00,PE,NIFTYNXT5026JUN66500PE,0.00,0.00,0.00,5935.30,0.00,5935.30,70568.20,885.05,0,0,0,0.00,0,F1,25,,,,,
2026-04-28,2026-04-28,FO,NSE,IDO,81721,,NIFTYNXT50,,2026-06-30,2026-06-30,66200.00,PE,NIFTYNXT5026JUN66200PE,0.00,0.00,0.00,5707.25,0.00,5707.25,70568.20,814.00,0,0,0,0.00,0,F1,25,,,,,
2026-04-28,2026-04-28,FO,NSE,IDO,81544,,NIFTYNXT50,,2026-06-30,2026-06-30,63000.00,PE,NIFTYNXT5026JUN63000PE,0.00,0.00,0.00,3529.50,0.00,3529.50,70568.20,293.15,0,0,0,0.00,0,F1,25,,,,,
2026-04-28,2026-04-28,FO,NSE,IDO,81346,,NIFTYNXT50,,2026-06-30,2026-06-30,59800.00,PE,NIFTYNXT5026JUN59800PE,0.00,0.00,0.00,1900.05,0.00,1900.05,70568.20,80.40,0,0,0,0.00,0,F1,25,,,,,
2026-04-28,2026-04-28,FO,NSE,IDO,81334,,NIFTYNXT50,,2026-06-30,2026-06-30,59400.00,PE,NIFTYNXT5026JUN59400PE,0.00,0.00,0.00,1737.90,0.00,1737.90,70568.20,66.95,0,0,0,0.00,0,F1,25,,,,,
2026-04-28,2026-04-28,FO,NSE,IDO,81307,,NIFTYNXT50,,2026-06-30,2026-06-30,58800.00,PE,NIFTYNXT5026JUN58800PE,0.00,0.00,0.00,1511.95,0.00,1511.95,70568.20,50.30,0,0,0,0.00,0,F1,25,,,,,
2026-04-28,2026-04-28,FO,NSE,IDO,81297,,NIFTYNXT50,,2026-06-30,2026-06-30,58600.00,PE,NIFTYNXT5026JUN58600PE,0.00,0.00,0.00,1441.20,0.00,1441.20,70568.20,45.60,0,0,0,0.00,0,F1,25,,,,,
2026-04-28,2026-04-28,FO,NSE,IDO,81240,,NIFTYNXT50,,2026-06-30,2026-06-30,57400.00,PE,NIFTYNXT5026JUN57400PE,0.00,0.00,0.00,1065.65,0.00,1065.65,70568.20,24.60,0,0,0,0.00,0,F1,25,,,,,
2026-04-28,2026-04-28,FO,NSE,IDO,81006,,NIFTYNXT50,,2026-06-30,2026-06-30,55100.00,PE,NIFTYNXT5026JUN55100PE,0.00,0.00,0.00,544.85,0.00,544.85,70568.20,6.50,0,0,0,0.00,0,F1,25,,,,,
2026-04-28,2026-04-28,FO,NSE,IDO,80992,,NIFTYNXT50,,2026-06-30,2026-06-30,54800.00,PE,NIFTYNXT5026JUN54800PE,0.00,0.00,0.00,494.65,0.00,494.65,70568.20,5.35,0,0,0,0.00,0,F1,25,,,,,
2026-04-28,2026-04-28,FO,NSE,IDO,73687,,NIFTYNXT50,,2026-04-28,2026-04-28,56000.00,PE,NIFTYNXT5026APR56000PE,0.00,0.00,0.00,60.45,0.00,60.45,70568.20,70568.20,0,0,0,0.00,0,F1,25,,,,,
2026-04-28,2026-04-28,FO,NSE,IDO,73699,,NIFTYNXT50,,2026-04-28,2026-04-28,56200.00,PE,NIFTYNXT5026APR56200PE,20.05,20.05,20.05,20.05,20.05,66.55,70568.20,70568.20,25,25,1,1405501.25,1,F1,25,,,,,
2026-04-28,2026-04-28,FO,NSE,IDO,73799,,NIFTYNXT50,,2026-04-28,2026-04-28,59400.00,PE,NIFTYNXT5026APR59400PE,0.00,0.00,0.00,260.00,0.00,260.00,70568.20,70568.20,0,0,0,0.00,0,F1,25,,,,,
2026-04-28,2026-04-28,FO,NSE,IDO,73840,,NIFTYNXT50,,2026-04-28,2026-04-28,61200.00,PE,NIFTYNXT5026APR61200PE,0.00,0.00,0.00,121.00,121.00,121.00,70568.20,70568.20,0,0,0,0.00,0,F1,25,,,,,
2026-04-28,2026-04-28,FO,NSE,IDO,73914,,NIFTYNXT50,,2026-04-28,2026-04-28,62000.00,PE,NIFTYNXT5026APR62000PE,0.00,0.00,0.00,631.40,0.00,631.40,70568.20,70568.20,0,0,0,0.00,0,F1,25,,,,,
2026-04-28,2026-04-28,FO,NSE,IDO,73944,,NIFTYNXT50,,2026-04-28,2026-04-28,63100.00,PE,NIFTYNXT5026APR63100PE,0.00,0.00,0.00,873.60,0.00,873.60,70568.20,70568.20,0,0,0,0.00,0,F1,25,,,,,
2026-04-28,2026-04-28,FO,NSE,IDO,73956,,NIFTYNXT50,,2026-04-28,2026-04-28,63700.00,PE,NIFTYNXT5026APR63700PE,0.00,0.00,0.00,1032.75,0.00,1032.75,70568.20,70568.20,0,0,0,0.00,0,F1,25,,,,,
2026-04-28,2026-04-28,FO,NSE,IDO,74417,,NIFTYNXT50,,2026-05-26,2026-05-26,74300.00,PE,NIFTYNXT5026MAY74300PE,0.00,0.00,0.00,4784.30,0.00,4784.30,70568.20,4022.60,0,0,0,0.00,0,F1,25,,,,,
2026-04-28,2026-04-28,FO,NSE,IDO,74115,,NIFTYNXT50,,2026-05-26,2026-05-26,73400.00,PE,NIFTYNXT5026MAY73400PE,0.00,0.00,0.00,4187.25,0.00,4187.25,70568.20,3350.30,0,0,0,0.00,0,F1,25,,,,,
2026-04-28,2026-04-28,FO,NSE,IDO,74113,,NIFTYNXT50,,2026-05-26,2026-05-26,73300.00,PE,NIFTYNXT5026MAY73300PE,0.00,0.00,0.00,4123.35,0.00,4123.35,70568.20,3279.15,0,0,0,0.00,0,F1,25,,,,,
2026-04-28,2026-04-28,FO,NSE,IDO,81227,,NIFTYNXT50,,2026-06-30,2026-06-30,57100.00,PE,NIFTYNXT5026JUN57100PE,0.00,0.00,0.00,983.60,0.00,983.60,70568.20,20.95,0,0,0,0.00,0,F1,25,,,,,
2026-04-28,2026-04-28,FO,NSE,IDO,81225,,NIFTYNXT50,,2026-06-30,2026-06-30,57000.00,PE,NIFTYNXT5026JUN57000PE,0.00,0.00,0.00,957.30,0.00,957.30,70568.20,19.80,0,0,0,0.00,0,F1,25,,,,,
2026-04-28,2026-04-28,FO,NSE,IDO,80949,,NIFTYNXT50,,2026-06-30,2026-06-30,54100.00,PE,NIFTYNXT5026JUN54100PE,0.00,0.00,0.00,391.25,0.00,391.25,70568.20,3.40,0,0,0,0.00,0,F1,25,,,,,
2026-04-28,2026-04-28,FO,NSE,IDO,74575,,NIFTYNXT50,,2026-05-26,2026-05-26,78000.00,PE,NIFTYNXT5026MAY78000PE,0.00,0.00,0.00,7602.60,0.00,7602.60,70568.20,7225.75,0,0,0,0.00,0,F1,25,,,,,
2026-04-28,2026-04-28,FO,NSE,IDO,73907,,NIFTYNXT50,,2026-05-26,2026-05-26,71500.00,PE,NIFTYNXT5026MAY71500PE,0.00,0.00,0.00,3061.70,0.00,3061.70,70568.20,2130.85,0,0,0,0.00,0,F1,25,,,,,
2026-04-28,2026-04-28,FO,NSE,IDO,73901,,NIFTYNXT50,,2026-05-26,2026-05-26,71200.00,PE,NIFTYNXT5026MAY71200PE,0.00,0.00,0.00,2901.65,0.00,2901.65,70568.20,1965.50,0,0,0,0.00,0,F1,25,,,,,
2026-04-28,2026-04-28,FO,NSE,IDO,73887,,NIFTYNXT50,,2026-05-26,2026-05-26,70500.00,PE,NIFTYNXT5026MAY70500PE,0.00,0.00,0.00,2547.80,0.00,2547.80,70568.20,1610.50,0,0,0,0.00,0,F1,25,,,,,
2026-04-28,2026-04-28,FO,NSE,IDO,73867,,NIFTYNXT50,,2026-05-26,2026-05-26,69500.00,PE,NIFTYNXT5026MAY69500PE,0.00,0.00,0.00,2089.40,0.00,2089.40,70568.20,1177.50,0,0,0,0.00,0,F1,25,,,,,
2026-04-28,2026-04-28,FO,NSE,IDO,73865,,NIFTYNXT50,,2026-05-26,2026-05-26,69400.00,PE,NIFTYNXT5026MAY69400PE,0.00,0.00,0.00,2046.65,0.00,2046.65,70568.20,1139.00,0,0,0,0.00,0,F1,25,,,,,
2026-04-28,2026-04-28,FO,NSE,IDO,73654,,NIFTYNXT50,,2026-05-26,2026-05-26,67400.00,PE,NIFTYNXT5026MAY67400PE,0.00,0.00,0.00,1307.45,0.00,1307.45,70568.20,540.75,0,0,0,0.00,0,F1,25,,,,,
2026-04-28,2026-04-28,FO,NSE,IDO,73630,,NIFTYNXT50,,2026-05-26,2026-05-26,66700.00,PE,NIFTYNXT5026MAY66700PE,0.00,0.00,0.00,1102.15,0.00,1102.15,70568.20,400.45,0,0,0,0.00,0,F1,25,,,,,
2026-04-28,2026-04-28,FO,NSE,IDF,66072,,NIFTYNXT50,,2026-05-26,2026-05-26,,,NIFTYNXT5026MAYFUT,70889.00,71066.80,70700.00,70827.80,70759.40,70967.60,70568.20,70827.80,16625,3000,371,657286360.00,271,F1,25,,,,,
2026-04-28,2026-04-28,FO,NSE,IDO,73513,,NIFTYNXT50,,2026-04-28,2026-04-28,55200.00,CE,NIFTYNXT5026APR55200CE,0.00,0.00,0.00,12382.40,0.00,12382.40,70568.20,70568.20,0,0,0,0.00,0,F1,25,,,,,
2026-04-28,2026-04-28,FO,NSE,IDO,73760,,NIFTYNXT50,,2026-04-28,2026-04-28,57900.00,CE,NIFTYNXT5026APR57900CE,0.00,0.00,0.00,9826.20,0.00,9826.20,70568.20,70568.20,0,0,0,0.00,0,F1,25,,,,,
2026-04-28,2026-04-28,FO,NSE,IDO,73835,,NIFTYNXT50,,2026-04-28,2026-04-28,61000.00,CE,NIFTYNXT5026APR61000CE,0.00,0.00,0.00,6144.55,6144.55,6144.55,70568.20,70568.20,175,0,0,0.00,0,F1,25,,,,,
2026-04-28,2026-04-28,FO,NSE,IDO,73996,,NIFTYNXT50,,2026-04-28,2026-04-28,65100.00,CE,NIFTYNXT5026APR65100CE,0.00,0.00,0.00,4066.60,0.00,4066.60,70568.20,70568.20,0,0,0,0.00,0,F1,25,,,,,
2026-04-28,2026-04-28,FO,NSE,IDO,74029,,NIFTYNXT50,,2026-04-28,2026-04-28,66200.00,CE,NIFTYNXT5026APR66200CE,0.00,0.00,0.00,3410.40,0.00,3410.40,70568.20,70568.20,0,0,0,0.00,0,F1,25,,,,,
2026-04-28,2026-04-28,FO,NSE,IDO,74052,,NIFTYNXT50,,2026-04-28,2026-04-28,67200.00,CE,NIFTYNXT5026APR67200CE,0.00,0.00,0.00,2876.00,0.00,2876.00,70568.20,70568.20,0,0,0,0.00,0,F1,25,,,,,
2026-04-28,2026-04-28,FO,NSE,IDO,74086,,NIFTYNXT50,,2026-04-28,2026-04-28,67800.00,CE,NIFTYNXT5026APR67800CE,0.00,0.00,0.00,2583.65,0.00,2583.65,70568.20,70568.20,0,0,0,0.00,0,F1,25,,,,,
2026-04-28,2026-04-28,FO,NSE,IDO,74148,,NIFTYNXT50,,2026-04-28,2026-04-28,68800.00,CE,NIFTYNXT5026APR68800CE,0.00,0.00,0.00,2143.60,0.00,2143.60,70568.20,70568.20,0,0,0,0.00,0,F1,25,,,,,
2026-04-28,2026-04-28,FO,NSE,IDO,73422,,NIFTYNXT50,,2026-05-26,2026-05-26,62000.00,PE,NIFTYNXT5026MAY62000PE,0.00,0.00,0.00,264.30,0.00,264.30,70568.20,27.85,0,0,0,0.00,0,F1,25,,,,,
2026-04-28,2026-04-28,FO,NSE,IDO,73178,,NIFTYNXT50,,2026-05-26,2026-05-26,57500.00,PE,NIFTYNXT5026MAY57500PE,0.00,0.00,0.00,39.45,0.00,39.45,70568.20,0.60,0,0,0,0.00,0,F1,25,,,,,
2026-04-28,2026-04-28,FO,NSE,IDO,74194,,NIFTYNXT50,,2026-04-28,2026-04-28,70000.00,CE,NIFTYNXT5026APR70000CE,850.20,939.90,508.75,569.85,570.00,952.60,70568.20,70568.20,3700,-550,130,229700738.75,117,F1,25,,,,,
2026-04-28,2026-04-28,FO,NSE,IDO,74242,,NIFTYNXT50,,2026-04-28,2026-04-28,71100.00,CE,NIFTYNXT5026APR71100CE,195.00,195.00,0.05,0.50,0.50,205.00,70568.20,70568.20,225,-25,41,72915277.50,34,F1,25,,,,,
2026-04-28,2026-04-28,FO,NSE,IDO,74298,,NIFTYNXT50,,2026-04-28,2026-04-28,72600.00,CE,NIFTYNXT5026APR72600CE,0.00,0.00,0.00,963.85,0.00,963.85,70568.20,70568.20,0,0,0,0.00,0,F1,25,,,,,
2026-04-28,2026-04-28,FO,NSE,IDO,74308,,NIFTYNXT50,,2026-04-28,2026-04-28,73100.00,CE,NIFTYNXT5026APR73100CE,0.00,0.00,0.00,855.50,0.00,855.50,70568.20,70568.20,0,0,0,0.00,0,F1,25,,,,,
2026-04-28,2026-04-28,FO,NSE,IDO,74326,,NIFTYNXT50,,2026-04-28,2026-04-28,74000.00,CE,NIFTYNXT5026APR74000CE,0.00,0.00,0.00,689.25,0.00,689.25,70568.20,70568.20,0,0,0,0.00,0,F1,25,,,,,
2026-04-28,2026-04-28,FO,NSE,IDO,74330,,NIFTYNXT50,,2026-04-28,2026-04-28,74200.00,CE,NIFTYNXT5026APR74200CE,0.00,0.00,0.00,656.25,0.00,656.25,70568.20,70568.20,0,0,0,0.00,0,F1,25,,,,,
2026-04-28,2026-04-28,FO,NSE,IDO,74432,,NIFTYNXT50,,2026-04-28,2026-04-28,76600.00,CE,NIFTYNXT5026APR76600CE,0.00,0.00,0.00,352.80,0.00,352.80,70568.20,70568.20,0,0,0,0.00,0,F1,25,,,,,
2026-04-28,2026-04-28,FO,NSE,IDO,74548,,NIFTYNXT50,,2026-04-28,2026-04-28,79000.00,CE,NIFTYNXT5026APR79000CE,0.00,0.00,0.00,179.30,0.00,179.30,70568.20,70568.20,0,0,0,0.00,0,F1,25,,,,,
2026-04-28,2026-04-28,FO,NSE,IDO,73111,,NIFTYNXT50,,2026-05-26,2026-05-26,51500.00,CE,NIFTYNXT5026MAY51500CE,0.00,0.00,0.00,19127.55,0.00,19127.55,70568.20,19296.85,0,0,0,0.00,0,F1,25,,,,,
2026-04-28,2026-04-28,FO,NSE,IDO,73119,,NIFTYNXT50,,2026-05-26,2026-05-26,53000.00,CE,NIFTYNXT5026MAY53000CE,0.00,0.00,0.00,17654.20,0.00,17654.20,70568.20,17803.50,0,0,0,0.00,0,F1,25,,,,,
2026-04-28,2026-04-28,FO,NSE,IDO,49896,,NIFTYNXT50,,2026-05-26,2026-05-26,54300.00,CE,NIFTYNXT5026MAY54300CE,0.00,0.00,0.00,12582.35,0.00,12582.35,70568.20,16509.30,0,0,0,0.00,0,F1,25,,,,,
2026-04-28,2026-04-28,FO,NSE,IDO,73232,,NIFTYNXT50,,2026-05-26,2026-05-26,58400.00,CE,NIFTYNXT5026MAY58400CE,0.00,0.00,0.00,12400.80,0.00,12400.80,70568.20,12428.90,0,0,0,0.00,0,F1,25,,,,,
2026-04-28,2026-04-28,FO,NSE,IDO,73286,,NIFTYNXT50,,2026-05-26,2026-05-26,58700.00,CE,NIFTYNXT5026MAY58700CE,0.00,0.00,0.00,12114.65,0.00,12114.65,70568.20,12130.70,0,0,0,0.00,0,F1,25,,,,,
2026-04-28,2026-04-28,FO,NSE,IDO,73295,,NIFTYNXT50,,2026-05-26,2026-05-26,58900.00,CE,NIFTYNXT5026MAY58900CE,0.00,0.00,0.00,11924.50,0.00,11924.50,70568.20,11931.95,0,0,0,0.00,0,F1,25,,,,,
2026-04-28,2026-04-28,FO,NSE,IDO,73312,,NIFTYNXT50,,2026-05-26,2026-05-26,59100.00,CE,NIFTYNXT5026MAY59100CE,0.00,0.00,0.00,11734.90,0.00,11734.90,70568.20,11733.30,0,0,0,0.00,0,F1,25,,,,,
2026-04-28,2026-04-28,FO,NSE,IDO,73385,,NIFTYNXT50,,2026-05-26,2026-05-26,60700.00,CE,NIFTYNXT5026MAY60700CE,0.00,0.00,0.00,10240.15,0.00,10240.15,70568.20,10148.25,0,0,0,0.00,0,F1,25,,,,,
2026-04-28,2026-04-28,FO,NSE,IDO,73395,,NIFTYNXT50,,2026-05-26,2026-05-26,61100.00,CE,NIFTYNXT5026MAY61100CE,0.00,0.00,0.00,9873.95,0.00,9873.95,70568.20,9753.85,0,0,0,0.00,0,F1,25,,,,,
2026-04-28,2026-04-28,FO,NSE,IDO,73509,,NIFTYNXT50,,2026-05-26,2026-05-26,63600.00,CE,NIFTYNXT5026MAY63600CE,0.00,0.00,0.00,7680.05,0.00,7680.05,70568.20,7329.85,0,0,0,0.00,0,F1,25,,,,,
2026-04-28,2026-04-28,FO,NSE,IDO,73563,,NIFTYNXT50,,2026-05-26,2026-05-26,64800.00,CE,NIFTYNXT5026MAY64800CE,0.00,0.00,0.00,6701.00,0.00,6701.00,70568.20,6213.45,0,0,0,0.00,0,F1,25,,,,,
2026-04-28,2026-04-28,FO,NSE,IDO,73567,,NIFTYNXT50,,2026-05-26,2026-05-26,65000.00,CE,NIFTYNXT5026MAY65000CE,0.00,0.00,0.00,6543.45,0.00,6543.45,70568.20,6032.10,0,0,0,0.00,0,F1,25,,,,,
2026-04-28,2026-04-28,FO,NSE,IDO,73579,,NIFTYNXT50,,2026-05-26,2026-05-26,65500.00,CE,NIFTYNXT5026MAY65500CE,0.00,0.00,0.00,6157.15,0.00,6157.15,70568.20,5585.85,0,0,0,0.00,0,F1,25,,,,,
2026-04-28,2026-04-28,FO,NSE,IDO,73627,,NIFTYNXT50,,2026-05-26,2026-05-26,66600.00,CE,NIFTYNXT5026MAY66600CE,0.00,0.00,0.00,5349.80,0.00,5349.80,70568.20,4646.80,0,0,0,0.00,0,F1,25,,,,,
2026-04-28,2026-04-28,FO,NSE,IDO,73631,,NIFTYNXT50,,2026-05-26,2026-05-26,66800.00,CE,NIFTYNXT5026MAY66800CE,0.00,0.00,0.00,5205.90,0.00,5205.90,70568.20,4483.30,0,0,0,0.00,0,F1,25,,,,,
2026-04-28,2026-04-28,FO,NSE,IDO,73806,,NIFTYNXT50,,2026-05-26,2026-05-26,68700.00,CE,NIFTYNXT5026MAY68700CE,0.00,0.00,0.00,3972.70,0.00,3972.70,70568.20,3066.25,0,0,0,0.00,0,F1,25,,,,,
2026-04-28,2026-04-28,FO,NSE,IDO,73866,,NIFTYNXT50,,2026-05-26,2026-05-26,69500.00,CE,NIFTYNXT5026MAY69500CE,0.00,0.00,0.00,3512.35,0.00,3512.35,70568.20,2554.25,0,0,0,0.00,0,F1,25,,,,,
2026-04-28,2026-04-28,FO,NSE,IDO,73892,,NIFTYNXT50,,2026-05-26,2026-05-26,70800.00,CE,NIFTYNXT5026MAY70800CE,0.00,0.00,0.00,2840.30,0.00,2840.30,70568.20,1839.75,0,0,0,0.00,0,F1,25,,,,,
2026-04-28,2026-04-28,FO,NSE,IDO,73902,,NIFTYNXT50,,2026-05-26,2026-05-26,71300.00,CE,NIFTYNXT5026MAY71300CE,0.00,0.00,0.00,2607.00,0.00,2607.00,70568.20,1604.50,0,0,0,0.00,0,F1,25,,,,,
2026-04-28,2026-04-28,FO,NSE,IDO,74066,,NIFTYNXT50,,2026-05-26,2026-05-26,73100.00,CE,NIFTYNXT5026MAY73100CE,0.00,0.00,0.00,1879.30,0.00,1879.30,70568.20,931.75,0,0,0,0.00,0,F1,25,,,,,
2026-04-28,2026-04-28,FO,NSE,IDO,41308,,NIFTYNXT50,,2026-05-26,2026-05-26,57300.00,PE,NIFTYNXT5026MAY57300PE,0.00,0.00,0.00,44.60,0.00,44.60,70568.20,0.50,0,0,0,0.00,0,F1,25,,,,,
2026-04-28,2026-04-28,FO,NSE,IDO,43935,,NIFTYNXT50,,2026-05-26,2026-05-26,55900.00,PE,NIFTYNXT5026MAY55900PE,0.00,0.00,0.00,49.55,0.00,49.55,70568.20,0.10,0,0,0,0.00,0,F1,25,,,,,
2026-04-28,2026-04-28,FO,NSE,IDO,43915,,NIFTYNXT50,,2026-05-26,2026-05-26,55400.00,PE,NIFTYNXT5026MAY55400PE,0.00,0.00,0.00,38.30,0.00,38.30,70568.20,0.05,0,0,0,0.00,0,F1,25,,,,,
2026-04-28,2026-04-28,FO,NSE,IDO,73114,,NIFTYNXT50,,2026-05-26,2026-05-26,51500.00,PE,NIFTYNXT5026MAY51500PE,0.00,0.00,0.00,1.05,0.00,1.05,70568.20,0.00,0,0,0,0.00,0,F1,25,,,,,
2026-04-28,2026-04-28,FO,NSE,IDO,81266,,NIFTYNXT50,,2026-06-30,2026-06-30,58000.00,PE,NIFTYNXT5026JUN58000PE,0.00,0.00,0.00,1242.30,0.00,1242.30,70568.20,33.75,0,0,0,0.00,0,F1,25,,,,,
2026-04-28,2026-04-28,FO,NSE,IDO,74112,,NIFTYNXT50,,2026-05-26,2026-05-26,73300.00,CE,NIFTYNXT5026MAY73300CE,0.00,0.00,0.00,1808.85,0.00,1808.85,70568.20,872.75,0,0,0,0.00,0,F1,25,,,,,
2026-04-28,2026-04-28,FO,NSE,IDO,74442,,NIFTYNXT50,,2026-05-26,2026-05-26,74800.00,CE,NIFTYNXT5026MAY74800CE,0.00,0.00,0.00,1342.60,0.00,1342.60,70568.20,518.25,0,0,0,0.00,0,F1,25,,,,,
2026-04-28,2026-04-28,FO,NSE,IDO,81295,,NIFTYNXT50,,2026-06-30,2026-06-30,58500.00,PE,NIFTYNXT5026JUN58500PE,0.00,0.00,0.00,1406.65,0.00,1406.65,70568.20,43.40,0,0,0,0.00,0,F1,25,,,,,
2026-04-28,2026-04-28,FO,NSE,IDO,81360,,NIFTYNXT50,,2026-06-30,2026-06-30,60300.00,PE,NIFTYNXT5026JUN60300PE,0.00,0.00,0.00,2115.80,0.00,2115.80,70568.20,100.45,0,0,0,0.00,0,F1,25,,,,,
2026-04-28,2026-04-28,FO,NSE,IDO,81396,,NIFTYNXT50,,2026-06-30,2026-06-30,61600.00,PE,NIFTYNXT5026JUN61600PE,0.00,0.00,0.00,2744.50,0.00,2744.50,70568.20,172.70,0,0,0,0.00,0,F1,25,,,,,
2026-04-28,2026-04-28,FO,NSE,IDO,81550,,NIFTYNXT50,,2026-06-30,2026-06-30,63200.00,PE,NIFTYNXT5026JUN63200PE,0.00,0.00,0.00,3650.45,0.00,3650.45,70568.20,314.75,0,0,0,0.00,0,F1,25,,,,,
2026-04-28,2026-04-28,FO,NSE,IDO,81564,,NIFTYNXT50,,2026-06-30,2026-06-30,63400.00,PE,NIFTYNXT5026JUN63400PE,0.00,0.00,0.00,3773.55,0.00,3773.55,70568.20,337.65,0,0,0,0.00,0,F1,25,,,,,
2026-04-28,2026-04-28,FO,NSE,IDO,81659,,NIFTYNXT50,,2026-06-30,2026-06-30,65000.00,PE,NIFTYNXT5026JUN65000PE,0.00,0.00,0.00,4831.60,0.00,4831.60,70568.20,571.00,0,0,0,0.00,0,F1,25,,,,,
2026-04-28,2026-04-28,FO,NSE,IDO,81723,,NIFTYNXT50,,2026-06-30,2026-06-30,66300.00,PE,NIFTYNXT5026JUN66300PE,0.00,0.00,0.00,5782.90,0.00,5782.90,70568.20,837.20,0,0,0,0.00,0,F1,25,,,,,
2026-04-28,2026-04-28,FO,NSE,IDO,81899,,NIFTYNXT50,,2026-06-30,2026-06-30,69700.00,PE,NIFTYNXT5026JUN69700PE,0.00,0.00,0.00,8557.25,0.00,8557.25,70568.20,1937.05,0,0,0,0.00,0,F1,25,,,,,
2026-04-28,2026-04-28,FO,NSE,IDO,81973,,NIFTYNXT50,,2026-06-30,2026-06-30,70300.00,PE,NIFTYNXT5026JUN70300PE,0.00,0.00,0.00,9082.00,0.00,9082.00,70568.20,2198.70,0,0,0,0.00,0,F1,25,,,,,
2026-04-28,2026-04-28,FO,NSE,IDO,42134,,NIFTYNXT50,,2026-06-30,2026-06-30,75200.00,PE,NIFTYNXT5026JUN75200PE,0.00,0.00,0.00,11173.35,0.00,11173.35,70568.20,5093.10,0,0,0,0.00,0,F1,25,,,,,
2026-04-28,2026-04-28,FO,NSE,IDO,74585,,NIFTYNXT50,,2026-04-28,2026-04-28,80000.00,PE,NIFTYNXT5026APR80000PE,0.00,0.00,0.00,12211.40,0.00,12211.40,70568.20,70568.20,0,0,0,0.00,0,F1,25,,,,,
2026-04-28,2026-04-28,FO,NSE,IDO,74510,,NIFTYNXT50,,2026-04-28,2026-04-28,78000.00,PE,NIFTYNXT5026APR78000PE,0.00,0.00,0.00,10348.25,0.00,10348.25,70568.20,70568.20,0,0,0,0.00,0,F1,25,,,,,
2026-04-28,2026-04-28,FO,NSE,IDO,74433,,NIFTYNXT50,,2026-04-28,2026-04-28,76600.00,PE,NIFTYNXT5026APR76600PE,0.00,0.00,0.00,9083.15,0.00,9083.15,70568.20,70568.20,0,0,0,0.00,0,F1,25,,,,,
2026-04-28,2026-04-28,FO,NSE,IDO,74295,,NIFTYNXT50,,2026-04-28,2026-04-28,72400.00,PE,NIFTYNXT5026APR72400PE,0.00,0.00,0.00,5603.45,0.00,5603.45,70568.20,70568.20,0,0,0,0.00,0,F1,25,,,,,
2026-04-28,2026-04-28,FO,NSE,IDO,74211,,NIFTYNXT50,,2026-04-28,2026-04-28,70600.00,PE,NIFTYNXT5026APR70600PE,246.85,246.85,155.00,184.95,155.00,4314.85,70568.20,70568.20,125,125,5,8851211.25,4,F1,25,,,,,
2026-04-28,2026-04-28,FO,NSE,IDO,74191,,NIFTYNXT50,,2026-04-28,2026-04-28,69800.00,PE,NIFTYNXT5026APR69800PE,0.00,0.00,0.00,3794.90,0.00,3794.90,70568.20,70568.20,0,0,0,0.00,0,F1,25,,,,,
2026-04-28,2026-04-28,FO,NSE,IDO,74519,,NIFTYNXT50,,2026-05-26,2026-05-26,75700.00,CE,NIFTYNXT5026MAY75700CE,0.00,0.00,0.00,1115.20,0.00,1115.20,70568.20,368.55,0,0,0,0.00,0,F1,25,,,,,
2026-04-28,2026-04-28,FO,NSE,IDO,74552,,NIFTYNXT50,,2026-05-26,2026-05-26,76900.00,CE,NIFTYNXT5026MAY76900CE,0.00,0.00,0.00,856.10,0.00,856.10,70568.20,226.45,0,0,0,0.00,0,F1,25,,,,,
2026-04-28,2026-04-28,FO,NSE,IDO,81015,,NIFTYNXT50,,2026-06-30,2026-06-30,55600.00,CE,NIFTYNXT5026JUN55600CE,0.00,0.00,0.00,6382.60,0.00,6382.60,70568.20,15573.60,0,0,0,0.00,0,F1,25,,,,,
2026-04-28,2026-04-28,FO,NSE,IDO,81024,,NIFTYNXT50,,2026-06-30,2026-06-30,55900.00,CE,NIFTYNXT5026JUN55900CE,0.00,0.00,0.00,6148.45,0.00,6148.45,70568.20,15278.55,0,0,0,0.00,0,F1,25,,,,,
2026-04-28,2026-04-28,FO,NSE,IDO,81262,,NIFTYNXT50,,2026-06-30,2026-06-30,58000.00,CE,NIFTYNXT5026JUN58000CE,0.00,0.00,0.00,4631.05,0.00,4631.05,70568.20,13224.25,0,0,0,0.00,0,F1,25,,,,,
2026-04-28,2026-04-28,FO,NSE,IDO,81282,,NIFTYNXT50,,2026-06-30,2026-06-30,58300.00,CE,NIFTYNXT5026JUN58300CE,0.00,0.00,0.00,4433.35,0.00,4433.35,70568.20,12933.05,0,0,0,0.00,0,F1,25,,,,,
2026-04-28,2026-04-28,FO,NSE,IDO,81331,,NIFTYNXT50,,2026-06-30,2026-06-30,59300.00,CE,NIFTYNXT5026JUN59300CE,0.00,0.00,0.00,3810.85,0.00,3810.85,70568.20,11968.35,0,0,0,0.00,0,F1,25,,,,,
2026-04-28,2026-04-28,FO,NSE,IDO,81347,,NIFTYNXT50,,2026-06-30,2026-06-30,59900.00,CE,NIFTYNXT5026JUN59900CE,0.00,0.00,0.00,3464.85,0.00,3464.85,70568.20,11395.05,0,0,0,0.00,0,F1,25,,,,,
2026-04-28,2026-04-28,FO,NSE,IDO,81367,,NIFTYNXT50,,2026-06-30,2026-06-30,60700.00,CE,NIFTYNXT5026JUN60700CE,0.00,0.00,0.00,3036.00,0.00,3036.00,70568.20,10638.80,0,0,0,0.00,0,F1,25,,,,,
2026-04-28,2026-04-28,FO,NSE,IDO,81497,,NIFTYNXT50,,2026-06-30,2026-06-30,62100.00,CE,NIFTYNXT5026JUN62100CE,0.00,0.00,0.00,2374.50,0.00,2374.50,70568.20,9344.45,0,0,0,0.00,0,F1,25,,,,,
2026-04-28,2026-04-28,FO,NSE,IDO,81499,,NIFTYNXT50,,2026-06-30,2026-06-30,62200.00,CE,NIFTYNXT5026JUN62200CE,0.00,0.00,0.00,2331.50,0.00,2331.50,70568.20,9253.70,0,0,0,0.00,0,F1,25,,,,,
2026-04-28,2026-04-28,FO,NSE,IDO,81503,,NIFTYNXT50,,2026-06-30,2026-06-30,62400.00,CE,NIFTYNXT5026JUN62400CE,0.00,0.00,0.00,2247.30,0.00,2247.30,70568.20,9072.95,0,0,0,0.00,0,F1,25,,,,,
2026-04-28,2026-04-28,FO,NSE,IDO,81543,,NIFTYNXT50,,2026-06-30,2026-06-30,63000.00,CE,NIFTYNXT5026JUN63000CE,0.00,0.00,0.00,2007.85,0.00,2007.85,70568.20,8537.30,0,0,0,0.00,0,F1,25,,,,,
2026-04-28,2026-04-28,FO,NSE,IDO,74153,,NIFTYNXT50,,2026-04-28,2026-04-28,69000.00,PE,NIFTYNXT5026APR69000PE,20.00,20.90,0.35,0.60,0.80,29.25,70568.20,70568.20,7825,3300,696,1200721761.25,218,F1,25,,,,,
2026-04-28,2026-04-28,FO,NSE,IDO,74149,,NIFTYNXT50,,2026-04-28,2026-04-28,68800.00,PE,NIFTYNXT5026APR68800PE,0.00,0.00,0.00,3193.45,0.00,3193.45,70568.20,70568.20,0,0,0,0.00,0,F1,25,,,,,
2026-04-28,2026-04-28,FO,NSE,IDO,74044,,NIFTYNXT50,,2026-04-28,2026-04-28,66900.00,PE,NIFTYNXT5026APR66900PE,0.00,0.00,0.00,2209.05,0.00,2209.05,70568.20,70568.20,0,0,0,0.00,0,F1,25,,,,,
2026-04-28,2026-04-28,FO,NSE,IDO,81567,,NIFTYNXT50,,2026-06-30,2026-06-30,63600.00,CE,NIFTYNXT5026JUN63600CE,0.00,0.00,0.00,1787.80,0.00,1787.80,70568.20,8012.45,0,0,0,0.00,0,F1,25,,,,,
2026-04-28,2026-04-28,FO,NSE,IDO,81632,,NIFTYNXT50,,2026-06-30,2026-06-30,64700.00,CE,NIFTYNXT5026JUN64700CE,0.00,0.00,0.00,1432.40,0.00,1432.40,70568.20,7082.30,0,0,0,0.00,0,F1,25,,,,,
2026-04-28,2026-04-28,FO,NSE,IDO,81656,,NIFTYNXT50,,2026-06-30,2026-06-30,64900.00,CE,NIFTYNXT5026JUN64900CE,0.00,0.00,0.00,1374.15,0.00,1374.15,70568.20,6918.10,0,0,0,0.00,0,F1,25,,,,,
2026-04-28,2026-04-28,FO,NSE,IDO,81674,,NIFTYNXT50,,2026-06-30,2026-06-30,65800.00,CE,NIFTYNXT5026JUN65800CE,0.00,0.00,0.00,1137.45,0.00,1137.45,70568.20,6200.05,0,0,0,0.00,0,F1,25,,,,,
2026-04-28,2026-04-28,FO,NSE,IDO,81794,,NIFTYNXT50,,2026-06-30,2026-06-30,68300.00,CE,NIFTYNXT5026JUN68300CE,0.00,0.00,0.00,642.45,0.00,642.45,70568.20,4408.10,0,0,0,0.00,0,F1,25,,,,,
2026-04-28,2026-04-28,FO,NSE,IDO,81803,,NIFTYNXT50,,2026-06-30,2026-06-30,68700.00,CE,NIFTYNXT5026JUN68700CE,0.00,0.00,0.00,583.40,0.00,583.40,70568.20,4152.45,0,0,0,0.00,0,F1,25,,,,,
2026-04-28,2026-04-28,FO,NSE,IDO,81814,,NIFTYNXT50,,2026-06-30,2026-06-30,69100.00,CE,NIFTYNXT5026JUN69100CE,0.00,0.00,0.00,529.00,0.00,529.00,70568.20,3905.85,0,0,0,0.00,0,F1,25,,,,,
2026-04-28,2026-04-28,FO,NSE,IDO,81908,,NIFTYNXT50,,2026-06-30,2026-06-30,69900.00,CE,NIFTYNXT5026JUN69900CE,0.00,0.00,0.00,433.15,0.00,433.15,70568.20,3440.15,0,0,0,0.00,0,F1,25,,,,,
2026-04-28,2026-04-28,FO,NSE,IDO,82030,,NIFTYNXT50,,2026-06-30,2026-06-30,72500.00,CE,NIFTYNXT5026JUN72500CE,0.00,0.00,0.00,217.65,0.00,217.65,70568.20,2182.15,0,0,0,0.00,0,F1,25,,,,,
2026-04-28,2026-04-28,FO,NSE,IDO,38766,,NIFTYNXT50,,2026-06-30,2026-06-30,74100.00,CE,NIFTYNXT5026JUN74100CE,0.00,0.00,0.00,278.40,0.00,278.40,70568.20,1595.80,0,0,0,0.00,0,F1,25,,,,,
2026-04-28,2026-04-28,FO,NSE,IDO,38776,,NIFTYNXT50,,2026-06-30,2026-06-30,74400.00,CE,NIFTYNXT5026JUN74400CE,0.00,0.00,0.00,256.90,0.00,256.90,70568.20,1500.65,0,0,0,0.00,0,F1,25,,,,,
2026-04-28,2026-04-28,FO,NSE,IDO,38784,,NIFTYNXT50,,2026-06-30,2026-06-30,74800.00,CE,NIFTYNXT5026JUN74800CE,0.00,0.00,0.00,230.55,0.00,230.55,70568.20,1380.60,0,0,0,0.00,0,F1,25,,,,,
2026-04-28,2026-04-28,FO,NSE,IDO,74022,,NIFTYNXT50,,2026-04-28,2026-04-28,65800.00,PE,NIFTYNXT5026APR65800PE,0.00,0.00,0.00,1736.60,0.00,1736.60,70568.20,70568.20,0,0,0,0.00,0,F1,25,,,,,
2026-04-28,2026-04-28,FO,NSE,IDO,74006,,NIFTYNXT50,,2026-04-28,2026-04-28,65300.00,PE,NIFTYNXT5026APR65300PE,0.00,0.00,0.00,1545.50,0.00,1545.50,70568.20,70568.20,0,0,0,0.00,0,F1,25,,,,,
2026-04-28,2026-04-28,FO,NSE,IDO,82123,,NIFTYNXT50,,2026-06-30,2026-06-30,80500.00,CE,NIFTYNXT5026JUN80500CE,0.00,0.00,0.00,18.75,0.00,18.75,70568.20,356.45,0,0,0,0.00,0,F1,25,,,,,
2026-04-28,2026-04-28,FO,NSE,IDO,73488,,NIFTYNXT50,,2026-04-28,2026-04-28,52500.00,PE,NIFTYNXT5026APR52500PE,0.00,0.00,0.00,8.75,0.00,8.75,70568.20,70568.20,0,0,0,0.00,0,F1,25,,,,,
2026-04-28,2026-04-28,FO,NSE,IDO,73498,,NIFTYNXT50,,2026-04-28,2026-04-28,54700.00,PE,NIFTYNXT5026APR54700PE,0.00,0.00,0.00,31.15,0.00,31.15,70568.20,70568.20,0,0,0,0.00,0,F1,25,,,,,
2026-04-28,2026-04-28,FO,NSE,IDO,73500,,NIFTYNXT50,,2026-04-28,2026-04-28,54800.00,PE,NIFTYNXT5026APR54800PE,0.00,0.00,0.00,32.85,0.00,32.85,70568.20,70568.20,0,0,0,0.00,0,F1,25,,,,,
2026-04-28,2026-04-28,FO,NSE,IDO,73933,,NIFTYNXT50,,2026-04-28,2026-04-28,62600.00,CE,NIFTYNXT5026APR62600CE,0.00,0.00,0.00,5811.55,0.00,5811.55,70568.20,70568.20,0,0,0,0.00,0,F1,25,,,,,
2026-04-28,2026-04-28,FO,NSE,IDO,73820,,NIFTYNXT50,,2026-04-28,2026-04-28,60400.00,CE,NIFTYNXT5026APR60400CE,0.00,0.00,0.00,7595.10,0.00,7595.10,70568.20,70568.20,0,0,0,0.00,0,F1,25,,,,,
2026-04-28,2026-04-28,FO,NSE,IDO,74419,,NIFTYNXT50,,2026-04-28,2026-04-28,76500.00,CE,NIFTYNXT5026APR76500CE,0.00,0.00,0.00,362.45,0.00,362.45,70568.20,70568.20,0,0,0,0.00,0,F1,25,,,,,
2026-04-28,2026-04-28,FO,NSE,IDO,74597,,NIFTYNXT50,,2026-04-28,2026-04-28,81000.00,CE,NIFTYNXT5026APR81000CE,0.00,0.00,0.00,97.85,0.00,97.85,70568.20,70568.20,0,0,0,0.00,0,F1,25,,,,,
2026-04-28,2026-04-28,FO,NSE,IDO,73103,,NIFTYNXT50,,2026-05-26,2026-05-26,51000.00,CE,NIFTYNXT5026MAY51000CE,0.00,0.00,0.00,19619.00,0.00,19619.00,70568.20,19794.65,0,0,0,0.00,0,F1,25,,,,,
2026-04-28,2026-04-28,FO,NSE,IDO,43902,,NIFTYNXT50,,2026-05-26,2026-05-26,54800.00,CE,NIFTYNXT5026MAY54800CE,0.00,0.00,0.00,12865.55,0.00,12865.55,70568.20,16011.55,0,0,0,0.00,0,F1,25,,,,,
2026-04-28,2026-04-28,FO,NSE,IDO,73179,,NIFTYNXT50,,2026-05-26,2026-05-26,57800.00,CE,NIFTYNXT5026MAY57800CE,0.00,0.00,0.00,12975.95,0.00,12975.95,70568.20,13025.60,0,0,0,0.00,0,F1,25,,,,,
2026-04-28,2026-04-28,FO,NSE,IDO,73768,,NIFTYNXT50,,2026-04-28,2026-04-28,58200.00,CE,NIFTYNXT5026APR58200CE,0.00,0.00,0.00,9549.85,0.00,9549.85,70568.20,70568.20,0,0,0,0.00,0,F1,25,,,,,
2026-04-28,2026-04-28,FO,NSE,IDO,73731,,NIFTYNXT50,,2026-04-28,2026-04-28,57300.00,CE,NIFTYNXT5026APR57300CE,0.00,0.00,0.00,10384.40,0.00,10384.40,70568.20,70568.20,0,0,0,0.00,0,F1,25,,,,,
2026-04-28,2026-04-28,FO,NSE,IDO,73545,,NIFTYNXT50,,2026-04-28,2026-04-28,55500.00,CE,NIFTYNXT5026APR55500CE,0.00,0.00,0.00,12093.65,0.00,12093.65,70568.20,70568.20,0,0,0,0.00,0,F1,25,,,,,
2026-04-28,2026-04-28,FO,NSE,IDO,73511,,NIFTYNXT50,,2026-04-28,2026-04-28,55100.00,CE,NIFTYNXT5026APR55100CE,0.00,0.00,0.00,12478.80,0.00,12478.80,70568.20,70568.20,0,0,0,0.00,0,F1,25,,,,,
2026-04-28,2026-04-28,FO,NSE,IDO,73501,,NIFTYNXT50,,2026-04-28,2026-04-28,54900.00,CE,NIFTYNXT5026APR54900CE,0.00,0.00,0.00,12671.95,0.00,12671.95,70568.20,70568.20,0,0,0,0.00,0,F1,25,,,,,
2026-04-28,2026-04-28,FO,NSE,IDO,73497,,NIFTYNXT50,,2026-04-28,2026-04-28,54700.00,CE,NIFTYNXT5026APR54700CE,0.00,0.00,0.00,12865.40,0.00,12865.40,70568.20,70568.20,0,0,0,0.00,0,F1,25,,,,,
2026-04-28,2026-04-28,FO,NSE,IDO,73493,,NIFTYNXT50,,2026-04-28,2026-04-28,54000.00,CE,NIFTYNXT5026APR54000CE,0.00,0.00,0.00,13544.75,0.00,13544.75,70568.20,70568.20,0,0,0,0.00,0,F1,25,,,,,
2026-04-28,2026-04-28,FO,NSE,IDF,62330,,NIFTYNXT50,,2026-06-30,2026-06-30,,,NIFTYNXT5026JUNFUT,71200.40,71200.40,70957.20,71052.60,70957.20,70580.20,70568.20,71052.60,175,100,9,16007645.00,9,F1,25,,,,,
2026-04-28,2026-04-28,FO,NSE,IDO,73226,,NIFTYNXT50,,2026-05-26,2026-05-26,58300.00,CE,NIFTYNXT5026MAY58300CE,0.00,0.00,0.00,12496.40,0.00,12496.40,70568.20,12528.30,0,0,0,0.00,0,F1,25,,,,,
2026-04-28,2026-04-28,FO,NSE,IDO,73353,,NIFTYNXT50,,2026-05-26,2026-05-26,59900.00,CE,NIFTYNXT5026MAY59900CE,0.00,0.00,0.00,10982.10,0.00,10982.10,70568.20,10939.60,0,0,0,0.00,0,F1,25,,,,,
2026-04-28,2026-04-28,FO,NSE,IDO,73373,,NIFTYNXT50,,2026-05-26,2026-05-26,60100.00,CE,NIFTYNXT5026MAY60100CE,0.00,0.00,0.00,10795.50,0.00,10795.50,70568.20,10741.50,0,0,0,0.00,0,F1,25,,,,,
2026-04-28,2026-04-28,FO,NSE,IDO,73389,,NIFTYNXT50,,2026-05-26,2026-05-26,60800.00,CE,NIFTYNXT5026MAY60800CE,0.00,0.00,0.00,10148.25,0.00,10148.25,70568.20,10049.55,0,0,0,0.00,0,F1,25,,,,,
2026-04-28,2026-04-28,FO,NSE,IDO,73543,,NIFTYNXT50,,2026-05-26,2026-05-26,63900.00,CE,NIFTYNXT5026MAY63900CE,0.00,0.00,0.00,7430.10,0.00,7430.10,70568.20,7046.75,0,0,0,0.00,0,F1,25,,,,,
2026-04-28,2026-04-28,FO,NSE,IDO,73547,,NIFTYNXT50,,2026-05-26,2026-05-26,64000.00,CE,NIFTYNXT5026MAY64000CE,0.00,0.00,0.00,7347.55,0.00,7347.55,70568.20,6952.90,0,0,0,0.00,0,F1,25,,,,,
2026-04-28,2026-04-28,FO,NSE,IDO,73549,,NIFTYNXT50,,2026-05-26,2026-05-26,64100.00,CE,NIFTYNXT5026MAY64100CE,0.00,0.00,0.00,7265.35,0.00,7265.35,70568.20,6859.35,0,0,0,0.00,0,F1,25,,,,,
2026-04-28,2026-04-28,FO,NSE,IDO,73695,,NIFTYNXT50,,2026-05-26,2026-05-26,67900.00,CE,NIFTYNXT5026MAY67900CE,0.00,0.00,0.00,4468.45,0.00,4468.45,70568.20,3633.60,0,0,0,0.00,0,F1,25,,,,,
2026-04-28,2026-04-28,FO,NSE,IDO,73858,,NIFTYNXT50,,2026-05-26,2026-05-26,69300.00,CE,NIFTYNXT5026MAY69300CE,0.00,0.00,0.00,3624.10,0.00,3624.10,70568.20,2677.20,0,0,0,0.00,0,F1,25,,,,,
2026-04-28,2026-04-28,FO,NSE,IDO,73876,,NIFTYNXT50,,2026-05-26,2026-05-26,70000.00,CE,NIFTYNXT5026MAY70000CE,0.00,0.00,0.00,3242.75,0.00,3242.75,70568.20,2262.05,0,0,0,0.00,0,F1,25,,,,,
2026-04-28,2026-04-28,FO,NSE,IDO,73886,,NIFTYNXT50,,2026-05-26,2026-05-26,70500.00,CE,NIFTYNXT5026MAY70500CE,0.00,0.00,0.00,2987.20,0.00,2987.20,70568.20,1991.70,0,0,0,0.00,0,F1,25,,,,,
2026-04-28,2026-04-28,FO,NSE,IDO,74064,,NIFTYNXT50,,2026-05-26,2026-05-26,73000.00,CE,NIFTYNXT5026MAY73000CE,0.00,0.00,0.00,1915.25,0.00,1915.25,70568.20,962.35,0,0,0,0.00,0,F1,25,,,,,
2026-04-28,2026-04-28,FO,NSE,IDO,74550,,NIFTYNXT50,,2026-05-26,2026-05-26,76800.00,CE,NIFTYNXT5026MAY76800CE,0.00,0.00,0.00,875.45,0.00,875.45,70568.20,236.15,0,0,0,0.00,0,F1,25,,,,,
2026-04-28,2026-04-28,FO,NSE,IDO,74684,,NIFTYNXT50,,2026-05-26,2026-05-26,81000.00,CE,NIFTYNXT5026MAY81000CE,0.00,0.00,0.00,317.20,0.00,317.20,70568.20,32.45,0,0,0,0.00,0,F1,25,,,,,
2026-04-28,2026-04-28,FO,NSE,IDO,80971,,NIFTYNXT50,,2026-06-30,2026-06-30,54400.00,CE,NIFTYNXT5026JUN54400CE,0.00,0.00,0.00,7357.55,0.00,7357.55,70568.20,16756.05,0,0,0,0.00,0,F1,25,,,,,
2026-04-28,2026-04-28,FO,NSE,IDO,81013,,NIFTYNXT50,,2026-06-30,2026-06-30,55500.00,CE,NIFTYNXT5026JUN55500CE,0.00,0.00,0.00,6461.55,0.00,6461.55,70568.20,15672.00,0,0,0,0.00,0,F1,25,,,,,
2026-04-28,2026-04-28,FO,NSE,IDO,81212,,NIFTYNXT50,,2026-06-30,2026-06-30,56400.00,CE,NIFTYNXT5026JUN56400CE,0.00,0.00,0.00,5767.45,0.00,5767.45,70568.20,14787.50,0,0,0,0.00,0,F1,25,,,,,
2026-04-28,2026-04-28,FO,NSE,IDO,81216,,NIFTYNXT50,,2026-06-30,2026-06-30,56600.00,CE,NIFTYNXT5026JUN56600CE,0.00,0.00,0.00,5618.40,0.00,5618.40,70568.20,14591.35,0,0,0,0.00,0,F1,25,,,,,
2026-04-28,2026-04-28,FO,NSE,IDO,81241,,NIFTYNXT50,,2026-06-30,2026-06-30,57500.00,CE,NIFTYNXT5026JUN57500CE,0.00,0.00,0.00,4971.45,0.00,4971.45,70568.20,13711.15,0,0,0,0.00,0,F1,25,,,,,
2026-04-28,2026-04-28,FO,NSE,IDO,81298,,NIFTYNXT50,,2026-06-30,2026-06-30,58700.00,CE,NIFTYNXT5026JUN58700CE,0.00,0.00,0.00,4177.55,0.00,4177.55,70568.20,12545.95,0,0,0,0.00,0,F1,25,,,,,
2026-04-28,2026-04-28,FO,NSE,IDO,81345,,NIFTYNXT50,,2026-06-30,2026-06-30,59800.00,CE,NIFTYNXT5026JUN59800CE,0.00,0.00,0.00,3521.05,0.00,3521.05,70568.20,11490.25,0,0,0,0.00,0,F1,25,,,,,
2026-04-28,2026-04-28,FO,NSE,IDO,81357,,NIFTYNXT50,,2026-06-30,2026-06-30,60200.00,CE,NIFTYNXT5026JUN60200CE,0.00,0.00,0.00,3299.65,0.00,3299.65,70568.20,11110.25,0,0,0,0.00,0,F1,25,,,,,
2026-04-28,2026-04-28,FO,NSE,IDO,81365,,NIFTYNXT50,,2026-06-30,2026-06-30,60600.00,CE,NIFTYNXT5026JUN60600CE,0.00,0.00,0.00,3087.60,0.00,3087.60,70568.20,10732.75,0,0,0,0.00,0,F1,25,,,,,
2026-04-28,2026-04-28,FO,NSE,IDO,81379,,NIFTYNXT50,,2026-06-30,2026-06-30,61300.00,CE,NIFTYNXT5026JUN61300CE,0.00,0.00,0.00,2738.55,0.00,2738.55,70568.20,10079.00,0,0,0,0.00,0,F1,25,,,,,
2026-04-28,2026-04-28,FO,NSE,IDO,81614,,NIFTYNXT50,,2026-06-30,2026-06-30,63900.00,CE,NIFTYNXT5026JUN63900CE,0.00,0.00,0.00,1684.85,0.00,1684.85,70568.20,7754.45,0,0,0,0.00,0,F1,25,,,,,
2026-04-28,2026-04-28,FO,NSE,IDO,81616,,NIFTYNXT50,,2026-06-30,2026-06-30,64000.00,CE,NIFTYNXT5026JUN64000CE,0.00,0.00,0.00,1651.55,0.00,1651.55,70568.20,7669.10,0,0,0,0.00,0,F1,25,,,,,
2026-04-28,2026-04-28,FO,NSE,IDO,81628,,NIFTYNXT50,,2026-06-30,2026-06-30,64500.00,CE,NIFTYNXT5026JUN64500CE,0.00,0.00,0.00,1492.55,0.00,1492.55,70568.20,7248.05,0,0,0,0.00,0,F1,25,,,,,
2026-04-28,2026-04-28,FO,NSE,IDO,81672,,NIFTYNXT50,,2026-06-30,2026-06-30,65700.00,CE,NIFTYNXT5026JUN65700CE,0.00,0.00,0.00,1159.55,0.00,1159.55,70568.20,6278.05,0,0,0,0.00,0,F1,25,,,,,
2026-04-28,2026-04-28,FO,NSE,IDO,81722,,NIFTYNXT50,,2026-06-30,2026-06-30,66300.00,CE,NIFTYNXT5026JUN66300CE,0.00,0.00,0.00,1020.30,0.00,1020.30,70568.20,5816.75,0,0,0,0.00,0,F1,25,,,,,
2026-04-28,2026-04-28,FO,NSE,IDO,81781,,NIFTYNXT50,,2026-06-30,2026-06-30,67700.00,CE,NIFTYNXT5026JUN67700CE,0.00,0.00,0.00,740.45,0.00,740.45,70568.20,4808.20,0,0,0,0.00,0,F1,25,,,,,
2026-04-28,2026-04-28,FO,NSE,IDO,81785,,NIFTYNXT50,,2026-06-30,2026-06-30,67900.00,CE,NIFTYNXT5026JUN67900CE,0.00,0.00,0.00,706.50,0.00,706.50,70568.20,4672.65,0,0,0,0.00,0,F1,25,,,,,
2026-04-28,2026-04-28,FO,NSE,IDO,81787,,NIFTYNXT50,,2026-06-30,2026-06-30,68000.00,CE,NIFTYNXT5026JUN68000CE,0.00,0.00,0.00,690.00,0.00,690.00,70568.20,4605.70,0,0,0,0.00,0,F1,25,,,,,
2026-04-28,2026-04-28,FO,NSE,IDO,81808,,NIFTYNXT50,,2026-06-30,2026-06-30,68800.00,CE,NIFTYNXT5026JUN68800CE,0.00,0.00,0.00,569.40,0.00,569.40,70568.20,4089.95,0,0,0,0.00,0,F1,25,,,,,
2026-04-28,2026-04-28,FO,NSE,IDO,81812,,NIFTYNXT50,,2026-06-30,2026-06-30,69000.00,CE,NIFTYNXT5026JUN69000CE,0.00,0.00,0.00,542.20,0.00,542.20,70568.20,3966.65,0,0,0,0.00,0,F1,25,,,,,
2026-04-28,2026-04-28,FO,NSE,IDO,81972,,NIFTYNXT50,,2026-06-30,2026-06-30,70300.00,CE,NIFTYNXT5026JUN70300CE,0.00,0.00,0.00,391.10,0.00,391.10,70568.20,3221.20,0,0,0,0.00,0,F1,25,,,,,
2026-04-28,2026-04-28,FO,NSE,IDO,82017,,NIFTYNXT50,,2026-06-30,2026-06-30,72300.00,CE,NIFTYNXT5026JUN72300CE,0.00,0.00,0.00,229.95,0.00,229.95,70568.20,2265.20,0,0,0,0.00,0,F1,25,,,,,
2026-04-28,2026-04-28,FO,NSE,IDO,35276,,NIFTYNXT50,,2026-06-30,2026-06-30,72900.00,CE,NIFTYNXT5026JUN72900CE,0.00,0.00,0.00,332.85,0.00,332.85,70568.20,2022.75,0,0,0,0.00,0,F1,25,,,,,
2026-04-28,2026-04-28,FO,NSE,IDO,82039,,NIFTYNXT50,,2026-06-30,2026-06-30,74500.00,CE,NIFTYNXT5026JUN74500CE,0.00,0.00,0.00,123.35,0.00,123.35,70568.20,1469.90,0,0,0,0.00,0,F1,25,,,,,
2026-04-28,2026-04-28,FO,NSE,IDO,82048,,NIFTYNXT50,,2026-06-30,2026-06-30,76000.00,CE,NIFTYNXT5026JUN76000CE,0.00,0.00,0.00,78.95,0.00,78.95,70568.20,1068.60,0,0,0,0.00,0,F1,25,,,,,
2026-04-28,2026-04-28,FO,NSE,IDO,41008,,NIFTYNXT50,,2026-06-30,2026-06-30,76700.00,CE,NIFTYNXT5026JUN76700CE,0.00,0.00,0.00,428.75,0.00,428.75,70568.20,910.75,0,0,0,0.00,0,F1,25,,,,,
2026-04-28,2026-04-28,FO,NSE,IDO,41019,,NIFTYNXT50,,2026-06-30,2026-06-30,77100.00,CE,NIFTYNXT5026JUN77100CE,0.00,0.00,0.00,389.85,0.00,389.85,70568.20,830.55,0,0,0,0.00,0,F1,25,,,,,
2026-04-28,2026-04-28,FO,NSE,IDO,82091,,NIFTYNXT50,,2026-06-30,2026-06-30,77500.00,CE,NIFTYNXT5026JUN77500CE,0.00,0.00,0.00,49.65,0.00,49.65,70568.20,756.25,0,0,0,0.00,0,F1,25,,,,,
2026-04-28,2026-04-28,FO,NSE,IDO,73480,,NIFTYNXT50,,2026-04-28,2026-04-28,50500.00,PE,NIFTYNXT5026APR50500PE,0.00,0.00,0.00,2.30,0.00,2.30,70568.20,70568.20,0,0,0,0.00,0,F1,25,,,,,
2026-04-28,2026-04-28,FO,NSE,IDO,73490,,NIFTYNXT50,,2026-04-28,2026-04-28,53000.00,PE,NIFTYNXT5026APR53000PE,0.00,0.00,0.00,11.85,0.00,11.85,70568.20,70568.20,0,0,0,0.00,0,F1,25,,,,,
2026-04-28,2026-04-28,FO,NSE,IDO,73693,,NIFTYNXT50,,2026-04-28,2026-04-28,56100.00,PE,NIFTYNXT5026APR56100PE,0.00,0.00,0.00,63.45,0.00,63.45,70568.20,70568.20,0,0,0,0.00,0,F1,25,,,,,
2026-04-28,2026-04-28,FO,NSE,IDO,73771,,NIFTYNXT50,,2026-04-28,2026-04-28,58300.00,PE,NIFTYNXT5026APR58300PE,0.00,0.00,0.00,168.80,0.00,168.80,70568.20,70568.20,0,0,0,0.00,0,F1,25,,,,,
2026-04-28,2026-04-28,FO,NSE,IDO,73797,,NIFTYNXT50,,2026-04-28,2026-04-28,59300.00,PE,NIFTYNXT5026APR59300PE,0.00,0.00,0.00,250.35,0.00,250.35,70568.20,70568.20,0,0,0,0.00,0,F1,25,,,,,
2026-04-28,2026-04-28,FO,NSE,IDO,73809,,NIFTYNXT50,,2026-04-28,2026-04-28,59800.00,PE,NIFTYNXT5026APR59800PE,0.00,0.00,0.00,301.60,0.00,301.60,70568.20,70568.20,0,0,0,0.00,0,F1,25,,,,,
2026-04-28,2026-04-28,FO,NSE,IDO,73834,,NIFTYNXT50,,2026-04-28,2026-04-28,60900.00,PE,NIFTYNXT5026APR60900PE,0.00,0.00,0.00,443.30,0.00,443.30,70568.20,70568.20,0,0,0,0.00,0,F1,25,,,,,
2026-04-28,2026-04-28,FO,NSE,IDO,73946,,NIFTYNXT50,,2026-04-28,2026-04-28,63200.00,PE,NIFTYNXT5026APR63200PE,0.00,0.00,0.00,901.00,0.00,901.00,70568.20,70568.20,0,0,0,0.00,0,F1,25,,,,,
2026-04-28,2026-04-28,FO,NSE,IDO,73972,,NIFTYNXT50,,2026-04-28,2026-04-28,64200.00,PE,NIFTYNXT5026APR64200PE,0.00,0.00,0.00,1175.70,0.00,1175.70,70568.20,70568.20,0,0,0,0.00,0,F1,25,,,,,
2026-04-28,2026-04-28,FO,NSE,IDO,74018,,NIFTYNXT50,,2026-04-28,2026-04-28,65700.00,PE,NIFTYNXT5026APR65700PE,0.00,0.00,0.00,1697.20,0.00,1697.20,70568.20,70568.20,0,0,0,0.00,0,F1,25,,,,,
2026-04-28,2026-04-28,FO,NSE,IDO,74038,,NIFTYNXT50,,2026-04-28,2026-04-28,66600.00,PE,NIFTYNXT5026APR66600PE,0.00,0.00,0.00,1167.50,1167.50,1167.50,70568.20,70568.20,25,0,0,0.00,0,F1,25,,,,,
2026-04-28,2026-04-28,FO,NSE,IDO,74202,,NIFTYNXT50,,2026-04-28,2026-04-28,70200.00,PE,NIFTYNXT5026APR70200PE,0.00,0.00,0.00,4050.70,0.00,4050.70,70568.20,70568.20,0,0,0,0.00,0,F1,25,,,,,
2026-04-28,2026-04-28,FO,NSE,IDO,74301,,NIFTYNXT50,,2026-04-28,2026-04-28,72700.00,PE,NIFTYNXT5026APR72700PE,0.00,0.00,0.00,5829.35,0.00,5829.35,70568.20,70568.20,0,0,0,0.00,0,F1,25,,,,,
2026-04-28,2026-04-28,FO,NSE,IDO,74337,,NIFTYNXT50,,2026-04-28,2026-04-28,74500.00,PE,NIFTYNXT5026APR74500PE,0.00,0.00,0.00,7271.70,0.00,7271.70,70568.20,70568.20,0,0,0,0.00,0,F1,25,,,,,
2026-04-28,2026-04-28,FO,NSE,IDO,74361,,NIFTYNXT50,,2026-04-28,2026-04-28,75700.00,PE,NIFTYNXT5026APR75700PE,0.00,0.00,0.00,8292.40,0.00,8292.40,70568.20,70568.20,0,0,0,0.00,0,F1,25,,,,,
2026-04-28,2026-04-28,FO,NSE,IDO,74484,,NIFTYNXT50,,2026-04-28,2026-04-28,77200.00,PE,NIFTYNXT5026APR77200PE,0.00,0.00,0.00,9620.60,0.00,9620.60,70568.20,70568.20,0,0,0,0.00,0,F1,25,,,,,
2026-04-28,2026-04-28,FO,NSE,IDO,74579,,NIFTYNXT50,,2026-04-28,2026-04-28,79000.00,PE,NIFTYNXT5026APR79000PE,0.00,0.00,0.00,11272.90,0.00,11272.90,70568.20,70568.20,0,0,0,0.00,0,F1,25,,,,,
2026-04-28,2026-04-28,FO,NSE,IDO,73118,,NIFTYNXT50,,2026-05-26,2026-05-26,52500.00,PE,NIFTYNXT5026MAY52500PE,0.00,0.00,0.00,2.10,0.00,2.10,70568.20,0.00,0,0,0,0.00,0,F1,25,,,,,
2026-04-28,2026-04-28,FO,NSE,IDO,49893,,NIFTYNXT50,,2026-05-26,2026-05-26,54100.00,PE,NIFTYNXT5026MAY54100PE,0.00,0.00,0.00,22.20,0.00,22.20,70568.20,0.05,0,0,0,0.00,0,F1,25,,,,,
2026-04-28,2026-04-28,FO,NSE,IDO,43933,,NIFTYNXT50,,2026-05-26,2026-05-26,55800.00,PE,NIFTYNXT5026MAY55800PE,0.00,0.00,0.00,47.10,0.00,47.10,70568.20,0.10,0,0,0,0.00,0,F1,25,,,,,
2026-04-28,2026-04-28,FO,NSE,IDO,41296,,NIFTYNXT50,,2026-05-26,2026-05-26,56700.00,PE,NIFTYNXT5026MAY56700PE,0.00,0.00,0.00,32.75,0.00,32.75,70568.20,0.25,0,0,0,0.00,0,F1,25,,,,,
2026-04-28,2026-04-28,FO,NSE,IDO,73205,,NIFTYNXT50,,2026-05-26,2026-05-26,58100.00,PE,NIFTYNXT5026MAY58100PE,0.00,0.00,0.00,52.70,0.00,52.70,70568.20,1.05,0,0,0,0.00,0,F1,25,,,,,
2026-04-28,2026-04-28,FO,NSE,IDO,73267,,NIFTYNXT50,,2026-05-26,2026-05-26,58500.00,PE,NIFTYNXT5026MAY58500PE,0.00,0.00,0.00,63.50,0.00,63.50,70568.20,1.55,0,0,0,0.00,0,F1,25,,,,,
2026-04-28,2026-04-28,FO,NSE,IDO,73322,,NIFTYNXT50,,2026-05-26,2026-05-26,59200.00,PE,NIFTYNXT5026MAY59200PE,0.00,0.00,0.00,86.95,0.00,86.95,70568.20,3.00,0,0,0,0.00,0,F1,25,,,,,
2026-04-28,2026-04-28,FO,NSE,IDO,73418,,NIFTYNXT50,,2026-05-26,2026-05-26,61800.00,PE,NIFTYNXT5026MAY61800PE,0.00,0.00,0.00,245.85,0.00,245.85,70568.20,24.15,0,0,0,0.00,0,F1,25,,,,,
2026-04-28,2026-04-28,FO,NSE,IDO,73443,,NIFTYNXT50,,2026-05-26,2026-05-26,62500.00,PE,NIFTYNXT5026MAY62500PE,0.00,0.00,0.00,315.15,0.00,315.15,70568.20,39.30,0,0,0,0.00,0,F1,25,,,,,
2026-04-28,2026-04-28,FO,NSE,IDO,73447,,NIFTYNXT50,,2026-05-26,2026-05-26,62700.00,PE,NIFTYNXT5026MAY62700PE,0.00,0.00,0.00,337.55,0.00,337.55,70568.20,44.90,0,0,0,0.00,0,F1,25,,,,,
2026-04-28,2026-04-28,FO,NSE,IDO,73503,,NIFTYNXT50,,2026-05-26,2026-05-26,63400.00,PE,NIFTYNXT5026MAY63400PE,0.00,0.00,0.00,426.00,0.00,426.00,70568.20,70.15,0,0,0,0.00,0,F1,25,,,,,
2026-04-28,2026-04-28,FO,NSE,IDO,73510,,NIFTYNXT50,,2026-05-26,2026-05-26,63600.00,PE,NIFTYNXT5026MAY63600PE,0.00,0.00,0.00,454.30,0.00,454.30,70568.20,79.30,0,0,0,0.00,0,F1,25,,,,,
2026-04-28,2026-04-28,FO,NSE,IDO,73528,,NIFTYNXT50,,2026-05-26,2026-05-26,63800.00,PE,NIFTYNXT5026MAY63800PE,0.00,0.00,0.00,484.00,0.00,484.00,70568.20,89.40,0,0,0,0.00,0,F1,25,,,,,
2026-04-28,2026-04-28,FO,NSE,IDO,73548,,NIFTYNXT50,,2026-05-26,2026-05-26,64000.00,PE,NIFTYNXT5026MAY64000PE,0.00,0.00,0.00,515.20,0.00,515.20,70568.20,100.60,0,0,0,0.00,0,F1,25,,,,,
2026-04-28,2026-04-28,FO,NSE,IDO,73556,,NIFTYNXT50,,2026-05-26,2026-05-26,64400.00,PE,NIFTYNXT5026MAY64400PE,0.00,0.00,0.00,582.15,0.00,582.15,70568.20,126.45,0,0,0,0.00,0,F1,25,,,,,
2026-04-28,2026-04-28,FO,NSE,IDO,73560,,NIFTYNXT50,,2026-05-26,2026-05-26,64600.00,PE,NIFTYNXT5026MAY64600PE,0.00,0.00,0.00,618.00,0.00,618.00,70568.20,141.30,0,0,0,0.00,0,F1,25,,,,,
2026-04-28,2026-04-28,FO,NSE,IDO,73632,,NIFTYNXT50,,2026-05-26,2026-05-26,66800.00,PE,NIFTYNXT5026MAY66800PE,0.00,0.00,0.00,1127.45,0.00,1127.45,70568.20,418.55,0,0,0,0.00,0,F1,25,,,,,
2026-04-28,2026-04-28,FO,NSE,IDO,73659,,NIFTYNXT50,,2026-05-26,2026-05-26,67600.00,PE,NIFTYNXT5026MAY67600PE,0.00,0.00,0.00,1371.65,0.00,1371.65,70568.20,586.85,0,0,0,0.00,0,F1,25,,,,,
2026-04-28,2026-04-28,FO,NSE,IDO,73871,,NIFTYNXT50,,2026-05-26,2026-05-26,69700.00,PE,NIFTYNXT5026MAY69700PE,0.00,0.00,0.00,2176.60,0.00,2176.60,70568.20,1257.15,0,0,0,0.00,0,F1,25,,,,,
2026-04-28,2026-04-28,FO,NSE,IDO,73881,,NIFTYNXT50,,2026-05-26,2026-05-26,70200.00,PE,NIFTYNXT5026MAY70200PE,0.00,0.00,0.00,2404.40,0.00,2404.40,70568.20,1471.40,0,0,0,0.00,0,F1,25,,,,,
2026-04-28,2026-04-28,FO,NSE,IDO,73891,,NIFTYNXT50,,2026-05-26,2026-05-26,70700.00,PE,NIFTYNXT5026MAY70700PE,0.00,0.00,0.00,2645.90,0.00,2645.90,70568.20,1707.60,0,0,0,0.00,0,F1,25,,,,,
2026-04-28,2026-04-28,FO,NSE,IDO,73897,,NIFTYNXT50,,2026-05-26,2026-05-26,71000.00,PE,NIFTYNXT5026MAY71000PE,0.00,0.00,0.00,2797.70,0.00,2797.70,70568.20,1859.60,0,0,0,0.00,0,F1,25,,,,,
2026-04-28,2026-04-28,FO,NSE,IDO,73909,,NIFTYNXT50,,2026-05-26,2026-05-26,71600.00,PE,NIFTYNXT5026MAY71600PE,0.00,0.00,0.00,3116.15,0.00,3116.15,70568.20,2187.65,0,0,0,0.00,0,F1,25,,,,,
2026-04-28,2026-04-28,FO,NSE,IDO,74059,,NIFTYNXT50,,2026-05-26,2026-05-26,72800.00,PE,NIFTYNXT5026MAY72800PE,0.00,0.00,0.00,3811.45,0.00,3811.45,70568.20,2934.45,0,0,0,0.00,0,F1,25,,,,,
2026-04-28,2026-04-28,FO,NSE,IDO,74407,,NIFTYNXT50,,2026-05-26,2026-05-26,74100.00,PE,NIFTYNXT5026MAY74100PE,0.00,0.00,0.00,4648.25,0.00,4648.25,70568.20,3871.60,0,0,0,0.00,0,F1,25,,,,,
2026-04-28,2026-04-28,FO,NSE,IDO,74422,,NIFTYNXT50,,2026-05-26,2026-05-26,74500.00,PE,NIFTYNXT5026MAY74500PE,0.00,0.00,0.00,4922.15,0.00,4922.15,70568.20,4178.95,0,0,0,0.00,0,F1,25,,,,,
2026-04-28,2026-04-28,FO,NSE,IDO,74504,,NIFTYNXT50,,2026-05-26,2026-05-26,75400.00,PE,NIFTYNXT5026MAY75400PE,0.00,0.00,0.00,5564.80,0.00,5564.80,70568.20,4910.90,0,0,0,0.00,0,F1,25,,,,,
2026-04-28,2026-04-28,FO,NSE,IDO,80744,,NIFTYNXT50,,2026-06-30,2026-06-30,50500.00,PE,NIFTYNXT5026JUN50500PE,0.00,0.00,0.00,93.55,0.00,93.55,70568.20,0.25,0,0,0,0.00,0,F1,25,,,,,
2026-04-28,2026-04-28,FO,NSE,IDO,80956,,NIFTYNXT50,,2026-06-30,2026-06-30,54200.00,PE,NIFTYNXT5026JUN54200PE,0.00,0.00,0.00,404.90,0.00,404.90,70568.20,3.65,0,0,0,0.00,0,F1,25,,,,,
2026-04-28,2026-04-28,FO,NSE,IDO,80975,,NIFTYNXT50,,2026-06-30,2026-06-30,54500.00,PE,NIFTYNXT5026JUN54500PE,0.00,0.00,0.00,448.05,0.00,448.05,70568.20,4.45,0,0,0,0.00,0,F1,25,,,,,
2026-04-28,2026-04-28,FO,NSE,IDO,81209,,NIFTYNXT50,,2026-06-30,2026-06-30,56200.00,PE,NIFTYNXT5026JUN56200PE,0.00,0.00,0.00,761.95,0.00,761.95,70568.20,12.60,0,0,0,0.00,0,F1,25,,,,,
2026-04-28,2026-04-28,FO,NSE,IDO,81213,,NIFTYNXT50,,2026-06-30,2026-06-30,56400.00,PE,NIFTYNXT5026JUN56400PE,0.00,0.00,0.00,807.35,0.00,807.35,70568.20,14.15,0,0,0,0.00,0,F1,25,,,,,
2026-04-28,2026-04-28,FO,NSE,IDO,81232,,NIFTYNXT50,,2026-06-30,2026-06-30,57200.00,PE,NIFTYNXT5026JUN57200PE,0.00,0.00,0.00,1010.45,0.00,1010.45,70568.20,22.10,0,0,0,0.00,0,F1,25,,,,,
2026-04-28,2026-04-28,FO,NSE,IDO,81364,,NIFTYNXT50,,2026-06-30,2026-06-30,60500.00,PE,NIFTYNXT5026JUN60500PE,0.00,0.00,0.00,2206.20,0.00,2206.20,70568.20,109.55,0,0,0,0.00,0,F1,25,,,,,
2026-04-28,2026-04-28,FO,NSE,IDO,81394,,NIFTYNXT50,,2026-06-30,2026-06-30,61500.00,PE,NIFTYNXT5026JUN61500PE,0.00,0.00,0.00,2692.65,0.00,2692.65,70568.20,165.95,0,0,0,0.00,0,F1,25,,,,,
2026-04-28,2026-04-28,FO,NSE,IDO,81546,,NIFTYNXT50,,2026-06-30,2026-06-30,63100.00,PE,NIFTYNXT5026JUN63100PE,0.00,0.00,0.00,3589.70,0.00,3589.70,70568.20,303.80,0,0,0,0.00,0,F1,25,,,,,
2026-04-28,2026-04-28,FO,NSE,IDO,81793,,NIFTYNXT50,,2026-06-30,2026-06-30,68200.00,PE,NIFTYNXT5026JUN68200PE,0.00,0.00,0.00,7286.50,0.00,7286.50,70568.20,1373.45,0,0,0,0.00,0,F1,25,,,,,
2026-04-28,2026-04-28,FO,NSE,IDO,81802,,NIFTYNXT50,,2026-06-30,2026-06-30,68600.00,PE,NIFTYNXT5026JUN68600PE,0.00,0.00,0.00,7619.10,0.00,7619.10,70568.20,1511.25,0,0,0,0.00,0,F1,25,,,,,
2026-04-28,2026-04-28,FO,NSE,IDO,81995,,NIFTYNXT50,,2026-06-30,2026-06-30,71400.00,PE,NIFTYNXT5026JUN71400PE,0.00,0.00,0.00,10064.45,0.00,10064.45,70568.20,2732.50,0,0,0,0.00,0,F1,25,,,,,
2026-04-28,2026-04-28,FO,NSE,IDO,35269,,NIFTYNXT50,,2026-06-30,2026-06-30,72600.00,PE,NIFTYNXT5026JUN72600PE,0.00,0.00,0.00,9760.20,0.00,9760.20,70568.20,3394.30,0,0,0,0.00,0,F1,25,,,,,
2026-04-28,2026-04-28,FO,NSE,IDO,35291,,NIFTYNXT50,,2026-06-30,2026-06-30,73400.00,PE,NIFTYNXT5026JUN73400PE,0.00,0.00,0.00,10479.40,0.00,10479.40,70568.20,3879.90,0,0,0,0.00,0,F1,25,,,,,
2026-04-28,2026-04-28,FO,NSE,IDO,38773,,NIFTYNXT50,,2026-06-30,2026-06-30,74200.00,PE,NIFTYNXT5026JUN74200PE,0.00,0.00,0.00,10505.95,0.00,10505.95,70568.20,4399.25,0,0,0,0.00,0,F1,25,,,,,
2026-04-28,2026-04-28,FO,NSE,IDO,41001,,NIFTYNXT50,,2026-06-30,2026-06-30,76200.00,PE,NIFTYNXT5026JUN76200PE,0.00,0.00,0.00,9447.80,0.00,9447.80,70568.20,5836.60,0,0,0,0.00,0,F1,25,,,,,
2026-04-28,2026-04-28,FO,NSE,IDO,41007,,NIFTYNXT50,,2026-06-30,2026-06-30,76600.00,PE,NIFTYNXT5026JUN76600PE,0.00,0.00,0.00,9799.00,0.00,9799.00,70568.20,6141.65,0,0,0,0.00,0,F1,25,,,,,
2026-04-28,2026-04-28,FO,NSE,IDO,82092,,NIFTYNXT50,,2026-06-30,2026-06-30,77500.00,PE,NIFTYNXT5026JUN77500PE,0.00,0.00,0.00,15811.60,0.00,15811.60,70568.20,6856.50,0,0,0,0.00,0,F1,25,,,,,
2026-04-28,2026-04-28,FO,NSE,IDO,74322,,NIFTYNXT50,,2026-04-28,2026-04-28,73800.00,CE,NIFTYNXT5026APR73800CE,0.00,0.00,0.00,723.70,0.00,723.70,70568.20,70568.20,0,0,0,0.00,0,F1,25,,,,,
2026-04-28,2026-04-28,FO,NSE,IDO,74324,,NIFTYNXT50,,2026-04-28,2026-04-28,73900.00,CE,NIFTYNXT5026APR73900CE,0.00,0.00,0.00,706.30,0.00,706.30,70568.20,70568.20,0,0,0,0.00,0,F1,25,,,,,
2026-04-28,2026-04-28,FO,NSE,IDO,74366,,NIFTYNXT50,,2026-04-28,2026-04-28,76000.00,CE,NIFTYNXT5026APR76000CE,0.00,0.00,0.00,414.20,0.00,414.20,70568.20,70568.20,0,0,0,0.00,0,F1,25,,,,,
2026-04-28,2026-04-28,FO,NSE,IDO,74374,,NIFTYNXT50,,2026-04-28,2026-04-28,76300.00,CE,NIFTYNXT5026APR76300CE,0.00,0.00,0.00,382.45,0.00,382.45,70568.20,70568.20,0,0,0,0.00,0,F1,25,,,,,
2026-04-28,2026-04-28,FO,NSE,IDO,74382,,NIFTYNXT50,,2026-04-28,2026-04-28,76400.00,CE,NIFTYNXT5026APR76400CE,0.00,0.00,0.00,372.30,0.00,372.30,70568.20,70568.20,0,0,0,0.00,0,F1,25,,,,,
2026-04-28,2026-04-28,FO,NSE,IDO,74286,,NIFTYNXT50,,2026-04-28,2026-04-28,72100.00,CE,NIFTYNXT5026APR72100CE,0.00,0.00,0.00,1079.20,0.00,1079.20,70568.20,70568.20,0,0,0,0.00,0,F1,25,,,,,
2026-04-28,2026-04-28,FO,NSE,IDO,74203,,NIFTYNXT50,,2026-04-28,2026-04-28,70300.00,CE,NIFTYNXT5026APR70300CE,365.00,365.00,322.05,322.05,322.05,1589.10,70568.20,70568.20,50,50,2,3532176.25,2,F1,25,,,,,
2026-04-28,2026-04-28,FO,NSE,IDO,74188,,NIFTYNXT50,,2026-04-28,2026-04-28,69700.00,CE,NIFTYNXT5026APR69700CE,0.00,0.00,0.00,1796.20,0.00,1796.20,70568.20,70568.20,0,0,0,0.00,0,F1,25,,,,,
2026-04-28,2026-04-28,FO,NSE,IDO,74152,,NIFTYNXT50,,2026-04-28,2026-04-28,69000.00,CE,NIFTYNXT5026APR69000CE,1750.00,1750.00,1530.00,1613.60,1660.00,1931.40,70568.20,70568.20,1150,-225,18,31779275.00,12,F1,25,,,,,
2026-04-28,2026-04-28,FO,NSE,IDO,74150,,NIFTYNXT50,,2026-04-28,2026-04-28,68900.00,CE,NIFTYNXT5026APR68900CE,0.00,0.00,0.00,2102.80,0.00,2102.80,70568.20,70568.20,0,0,0,0.00,0,F1,25,,,,,
2026-04-28,2026-04-28,FO,NSE,IDO,73963,,NIFTYNXT50,,2026-04-28,2026-04-28,64000.00,CE,NIFTYNXT5026APR64000CE,6830.00,6830.00,6830.00,6830.00,6830.00,6966.00,70568.20,70568.20,125,-25,1,1770750.00,1,F1,25,,,,,
2026-04-28,2026-04-28,FO,NSE,IDO,73941,,NIFTYNXT50,,2026-04-28,2026-04-28,63000.00,CE,NIFTYNXT5026APR63000CE,0.00,0.00,0.00,1431.10,1431.10,1431.10,70568.20,70568.20,150,0,0,0.00,0,F1,25,,,,,
2026-04-28,2026-04-28,FO,NSE,IDO,81724,,NIFTYNXT50,,2026-06-30,2026-06-30,66400.00,CE,NIFTYNXT5026JUN66400CE,0.00,0.00,0.00,998.10,0.00,998.10,70568.20,5741.55,0,0,0,0.00,0,F1,25,,,,,
2026-04-28,2026-04-28,FO,NSE,IDO,35270,,NIFTYNXT50,,2026-06-30,2026-06-30,72700.00,CE,NIFTYNXT5026JUN72700CE,0.00,0.00,0.00,350.25,0.00,350.25,70568.20,2101.35,0,0,0,0.00,0,F1,25,,,,,
2026-04-28,2026-04-28,FO,NSE,IDO,40992,,NIFTYNXT50,,2026-06-30,2026-06-30,75700.00,CE,NIFTYNXT5026JUN75700CE,0.00,0.00,0.00,541.10,0.00,541.10,70568.20,1141.00,0,0,0,0.00,0,F1,25,,,,,
2026-04-28,2026-04-28,FO,NSE,IDO,73482,,NIFTYNXT50,,2026-04-28,2026-04-28,51000.00,PE,NIFTYNXT5026APR51000PE,0.00,0.00,0.00,3.25,0.00,3.25,70568.20,70568.20,0,0,0,0.00,0,F1,25,,,,,
2026-04-28,2026-04-28,FO,NSE,IDO,73494,,NIFTYNXT50,,2026-04-28,2026-04-28,54000.00,PE,NIFTYNXT5026APR54000PE,0.15,0.15,0.05,0.05,0.05,2.80,70568.20,70568.20,375,-625,25,33750038.75,7,F1,25,,,,,
2026-04-28,2026-04-28,FO,NSE,IDO,73675,,NIFTYNXT50,,2026-04-28,2026-04-28,55700.00,PE,NIFTYNXT5026APR55700PE,0.00,0.00,0.00,52.15,0.00,52.15,70568.20,70568.20,0,0,0,0.00,0,F1,25,,,,,
2026-04-28,2026-04-28,FO,NSE,IDO,74438,,NIFTYNXT50,,2026-05-26,2026-05-26,74700.00,CE,NIFTYNXT5026MAY74700CE,0.00,0.00,0.00,1370.45,0.00,1370.45,70568.20,537.55,0,0,0,0.00,0,F1,25,,,,,
2026-04-28,2026-04-28,FO,NSE,IDO,74421,,NIFTYNXT50,,2026-05-26,2026-05-26,74500.00,CE,NIFTYNXT5026MAY74500CE,0.00,0.00,0.00,1427.45,0.00,1427.45,70568.20,577.90,0,0,0,0.00,0,F1,25,,,,,
2026-04-28,2026-04-28,FO,NSE,IDO,74414,,NIFTYNXT50,,2026-05-26,2026-05-26,74200.00,CE,NIFTYNXT5026MAY74200CE,0.00,0.00,0.00,1516.35,0.00,1516.35,70568.20,642.95,0,0,0,0.00,0,F1,25,,,,,
2026-04-28,2026-04-28,FO,NSE,IDO,74060,,NIFTYNXT50,,2026-05-26,2026-05-26,72900.00,CE,NIFTYNXT5026MAY72900CE,0.00,0.00,0.00,1951.75,0.00,1951.75,70568.20,993.75,0,0,0,0.00,0,F1,25,,,,,
2026-04-28,2026-04-28,FO,NSE,IDO,74007,,NIFTYNXT50,,2026-05-26,2026-05-26,72300.00,CE,NIFTYNXT5026MAY72300CE,0.00,0.00,0.00,2181.50,0.00,2181.50,70568.20,1198.20,0,0,0,0.00,0,F1,25,,,,,
2026-04-28,2026-04-28,FO,NSE,IDO,73884,,NIFTYNXT50,,2026-05-26,2026-05-26,70400.00,CE,NIFTYNXT5026MAY70400CE,0.00,0.00,0.00,3037.20,0.00,3037.20,70568.20,2044.00,0,0,0,0.00,0,F1,25,,,,,
2026-04-28,2026-04-28,FO,NSE,IDO,73669,,NIFTYNXT50,,2026-05-26,2026-05-26,67800.00,CE,NIFTYNXT5026MAY67800CE,0.00,0.00,0.00,4532.85,0.00,4532.85,70568.20,3705.00,0,0,0,0.00,0,F1,25,,,,,
2026-04-28,2026-04-28,FO,NSE,IDO,73609,,NIFTYNXT50,,2026-05-26,2026-05-26,66000.00,CE,NIFTYNXT5026MAY66000CE,0.00,0.00,0.00,5782.15,0.00,5782.15,70568.20,5151.15,0,0,0,0.00,0,F1,25,,,,,
2026-04-28,2026-04-28,FO,NSE,IDO,73581,,NIFTYNXT50,,2026-05-26,2026-05-26,65600.00,CE,NIFTYNXT5026MAY65600CE,0.00,0.00,0.00,6081.25,0.00,6081.25,70568.20,5497.95,0,0,0,0.00,0,F1,25,,,,,
2026-04-28,2026-04-28,FO,NSE,IDO,73470,,NIFTYNXT50,,2026-05-26,2026-05-26,63300.00,CE,NIFTYNXT5026MAY63300CE,0.00,0.00,0.00,7933.20,0.00,7933.20,70568.20,7615.15,0,0,0,0.00,0,F1,25,,,,,
2026-04-28,2026-04-28,FO,NSE,IDO,73419,,NIFTYNXT50,,2026-05-26,2026-05-26,61900.00,CE,NIFTYNXT5026MAY61900CE,0.00,0.00,0.00,9152.70,0.00,9152.70,70568.20,8968.95,0,0,0,0.00,0,F1,25,,,,,
2026-04-28,2026-04-28,FO,NSE,IDO,74490,,NIFTYNXT50,,2026-04-28,2026-04-28,77500.00,PE,NIFTYNXT5026APR77500PE,0.00,0.00,0.00,9892.10,0.00,9892.10,70568.20,70568.20,0,0,0,0.00,0,F1,25,,,,,
2026-04-28,2026-04-28,FO,NSE,IDO,74381,,NIFTYNXT50,,2026-04-28,2026-04-28,76300.00,PE,NIFTYNXT5026APR76300PE,0.00,0.00,0.00,8817.40,0.00,8817.40,70568.20,70568.20,0,0,0,0.00,0,F1,25,,,,,
2026-04-28,2026-04-28,FO,NSE,IDO,74329,,NIFTYNXT50,,2026-04-28,2026-04-28,74100.00,PE,NIFTYNXT5026APR74100PE,0.00,0.00,0.00,6941.25,0.00,6941.25,70568.20,70568.20,0,0,0,0.00,0,F1,25,,,,,
2026-04-28,2026-04-28,FO,NSE,IDO,74307,,NIFTYNXT50,,2026-04-28,2026-04-28,73000.00,PE,NIFTYNXT5026APR73000PE,0.00,0.00,0.00,6061.35,0.00,6061.35,70568.20,70568.20,0,0,0,0.00,0,F1,25,,,,,
