TradDt,BizDt,Sgmt,Src,FinInstrmTp,FinInstrmId,ISIN,TckrSymb,SctySrs,XpryDt,FininstrmActlXpryDt,StrkPric,OptnTp,FinInstrmNm,OpnPric,HghPric,LwPric,ClsPric,LastPric,PrvsClsgPric,UndrlygPric,SttlmPric,OpnIntrst,ChngInOpnIntrst,TtlTradgVol,TtlTrfVal,TtlNbOfTxsExctd,SsnId,NewBrdLotQty,Rmks,Rsvd1,Rsvd2,Rsvd3,Rsvd4
2026-06-11,2026-06-11,FO,NSE,IDO,60694,,MIDCPNIFTY,,2026-08-25,2026-08-25,15500.00,PE,MIDCPNIFTY26AUG15500PE,0.00,0.00,0.00,1051.50,0.00,1051.50,13866.55,1576.30,0,0,0,0.00,0,F1,120,,,,,
2026-06-11,2026-06-11,FO,NSE,IDO,60678,,MIDCPNIFTY,,2026-08-25,2026-08-25,15350.00,PE,MIDCPNIFTY26AUG15350PE,0.00,0.00,0.00,957.35,0.00,957.35,13866.55,1454.85,0,0,0,0.00,0,F1,120,,,,,
2026-06-11,2026-06-11,FO,NSE,IDO,60676,,MIDCPNIFTY,,2026-08-25,2026-08-25,15325.00,PE,MIDCPNIFTY26AUG15325PE,0.00,0.00,0.00,942.05,0.00,942.05,13866.55,1434.95,0,0,0,0.00,0,F1,120,,,,,
2026-06-11,2026-06-11,FO,NSE,IDO,60602,,MIDCPNIFTY,,2026-08-25,2026-08-25,14625.00,PE,MIDCPNIFTY26AUG14625PE,0.00,0.00,0.00,569.05,0.00,569.05,13866.55,925.05,0,0,0,0.00,0,F1,120,,,,,
2026-06-11,2026-06-11,FO,NSE,IDO,60491,,MIDCPNIFTY,,2026-08-25,2026-08-25,13750.00,PE,MIDCPNIFTY26AUG13750PE,0.00,0.00,0.00,254.95,0.00,254.95,13866.55,446.90,0,0,0,0.00,0,F1,120,,,,,
2026-06-11,2026-06-11,FO,NSE,IDO,60460,,MIDCPNIFTY,,2026-08-25,2026-08-25,13500.00,PE,MIDCPNIFTY26AUG13500PE,0.00,0.00,0.00,193.70,0.00,193.70,13866.55,346.80,0,0,0,0.00,0,F1,120,,,,,
2026-06-11,2026-06-11,FO,NSE,IDO,60370,,MIDCPNIFTY,,2026-08-25,2026-08-25,12825.00,PE,MIDCPNIFTY26AUG12825PE,0.00,0.00,0.00,82.70,0.00,82.70,13866.55,154.60,0,0,0,0.00,0,F1,120,,,,,
2026-06-11,2026-06-11,FO,NSE,IDO,63616,,MIDCPNIFTY,,2026-07-28,2026-07-28,15950.00,PE,MIDCPNIFTY26JUL15950PE,0.00,0.00,0.00,1901.95,0.00,1901.95,13866.55,1980.15,0,0,0,0.00,0,F1,120,,,,,
2026-06-11,2026-06-11,FO,NSE,IDO,63606,,MIDCPNIFTY,,2026-07-28,2026-07-28,15850.00,PE,MIDCPNIFTY26JUL15850PE,0.00,0.00,0.00,1818.85,0.00,1818.85,13866.55,1887.00,0,0,0,0.00,0,F1,120,,,,,
2026-06-11,2026-06-11,FO,NSE,IDO,63564,,MIDCPNIFTY,,2026-07-28,2026-07-28,15325.00,PE,MIDCPNIFTY26JUL15325PE,0.00,0.00,0.00,1405.35,0.00,1405.35,13866.55,1416.00,0,0,0,0.00,0,F1,120,,,,,
2026-06-11,2026-06-11,FO,NSE,IDO,63550,,MIDCPNIFTY,,2026-07-28,2026-07-28,15150.00,PE,MIDCPNIFTY26JUL15150PE,0.00,0.00,0.00,1276.30,0.00,1276.30,13866.55,1267.95,0,0,0,0.00,0,F1,120,,,,,
2026-06-11,2026-06-11,FO,NSE,IDO,63546,,MIDCPNIFTY,,2026-07-28,2026-07-28,15100.00,PE,MIDCPNIFTY26JUL15100PE,0.00,0.00,0.00,1240.60,0.00,1240.60,13866.55,1226.65,0,0,0,0.00,0,F1,120,,,,,
2026-06-11,2026-06-11,FO,NSE,IDO,63526,,MIDCPNIFTY,,2026-07-28,2026-07-28,14875.00,PE,MIDCPNIFTY26JUL14875PE,0.00,0.00,0.00,1085.85,0.00,1085.85,13866.55,1047.25,0,0,0,0.00,0,F1,120,,,,,
2026-06-11,2026-06-11,FO,NSE,IDO,63524,,MIDCPNIFTY,,2026-07-28,2026-07-28,14850.00,PE,MIDCPNIFTY26JUL14850PE,0.00,0.00,0.00,1069.25,0.00,1069.25,13866.55,1028.05,0,0,0,0.00,0,F1,120,,,,,
2026-06-11,2026-06-11,FO,NSE,IDO,63502,,MIDCPNIFTY,,2026-07-28,2026-07-28,14575.00,PE,MIDCPNIFTY26JUL14575PE,0.00,0.00,0.00,895.10,0.00,895.10,13866.55,826.55,0,0,0,0.00,0,F1,120,,,,,
2026-06-11,2026-06-11,FO,NSE,IDO,63496,,MIDCPNIFTY,,2026-07-28,2026-07-28,14500.00,PE,MIDCPNIFTY26JUL14500PE,0.00,0.00,0.00,600.00,600.00,600.00,13866.55,775.20,120,0,0,0.00,0,F1,120,,,,,
2026-06-11,2026-06-11,FO,NSE,IDO,63482,,MIDCPNIFTY,,2026-07-28,2026-07-28,14325.00,PE,MIDCPNIFTY26JUL14325PE,0.00,0.00,0.00,750.75,0.00,750.75,13866.55,661.75,0,0,0,0.00,0,F1,120,,,,,
2026-06-11,2026-06-11,FO,NSE,IDO,63366,,MIDCPNIFTY,,2026-07-28,2026-07-28,12925.00,PE,MIDCPNIFTY26JUL12925PE,0.00,0.00,0.00,205.60,0.00,205.60,13866.55,107.75,0,0,0,0.00,0,F1,120,,,,,
2026-06-11,2026-06-11,FO,NSE,IDO,63346,,MIDCPNIFTY,,2026-07-28,2026-07-28,12675.00,PE,MIDCPNIFTY26JUL12675PE,0.00,0.00,0.00,152.40,0.00,152.40,13866.55,68.40,0,0,0,0.00,0,F1,120,,,,,
2026-06-11,2026-06-11,FO,NSE,IDO,63344,,MIDCPNIFTY,,2026-07-28,2026-07-28,12650.00,PE,MIDCPNIFTY26JUL12650PE,0.00,0.00,0.00,147.70,0.00,147.70,13866.55,65.20,0,0,0,0.00,0,F1,120,,,,,
2026-06-11,2026-06-11,FO,NSE,IDO,78831,,MIDCPNIFTY,,2026-06-30,2026-06-30,16100.00,PE,MIDCPNIFTY26JUN16100PE,0.00,0.00,0.00,1500.00,1500.00,1500.00,13866.55,2182.95,120,0,0,0.00,0,F1,120,,,,,
2026-06-11,2026-06-11,FO,NSE,IDO,78825,,MIDCPNIFTY,,2026-06-30,2026-06-30,15900.00,PE,MIDCPNIFTY26JUN15900PE,1990.00,1990.00,1960.00,1960.00,1960.00,1680.00,13866.55,1984.45,1440,-1200,10,21452400.00,5,F1,120,,,,,
2026-06-11,2026-06-11,FO,NSE,IDO,52011,,MIDCPNIFTY,,2026-06-30,2026-06-30,15775.00,PE,MIDCPNIFTY26JUN15775PE,0.00,0.00,0.00,2115.20,0.00,2115.20,13866.55,1860.80,0,0,0,0.00,0,F1,120,,,,,
2026-06-11,2026-06-11,FO,NSE,IDO,40769,,MIDCPNIFTY,,2026-06-30,2026-06-30,15225.00,PE,MIDCPNIFTY26JUN15225PE,0.00,0.00,0.00,1903.35,0.00,1903.35,13866.55,1325.25,0,0,0,0.00,0,F1,120,,,,,
2026-06-11,2026-06-11,FO,NSE,IDO,38729,,MIDCPNIFTY,,2026-06-30,2026-06-30,14750.00,PE,MIDCPNIFTY26JUN14750PE,850.00,850.00,850.00,850.00,850.00,705.00,13866.55,850.00,14280,-120,1,1872000.00,1,F1,120,,,,,
2026-06-11,2026-06-11,FO,NSE,IDO,35105,,MIDCPNIFTY,,2026-06-30,2026-06-30,14450.00,PE,MIDCPNIFTY26JUN14450PE,0.00,0.00,0.00,483.25,483.25,483.25,13866.55,645.55,8400,0,0,0.00,0,F1,120,,,,,
2026-06-11,2026-06-11,FO,NSE,IDO,78762,,MIDCPNIFTY,,2026-06-30,2026-06-30,14400.00,PE,MIDCPNIFTY26JUN14400PE,552.55,570.85,483.70,546.75,537.05,476.30,13866.55,546.75,71880,-5280,118,211328298.00,105,F1,120,,,,,
2026-06-11,2026-06-11,FO,NSE,IDO,78649,,MIDCPNIFTY,,2026-06-30,2026-06-30,14025.00,PE,MIDCPNIFTY26JUN14025PE,319.50,325.00,259.05,309.50,295.55,258.85,13866.55,309.50,7200,-720,507,871016178.00,397,F1,120,,,,,
2026-06-11,2026-06-11,FO,NSE,IDO,78639,,MIDCPNIFTY,,2026-06-30,2026-06-30,13900.00,PE,MIDCPNIFTY26JUN13900PE,251.80,263.55,201.65,245.15,230.00,208.60,13866.55,245.15,212400,111240,8374,14200951626.00,7126,F1,120,,,,,
2026-06-11,2026-06-11,FO,NSE,IDO,78617,,MIDCPNIFTY,,2026-06-30,2026-06-30,13625.00,PE,MIDCPNIFTY26JUN13625PE,144.20,144.70,113.55,142.15,142.15,108.85,13866.55,142.15,3360,240,14,23106720.00,14,F1,120,,,,,
2026-06-11,2026-06-11,FO,NSE,IDO,78488,,MIDCPNIFTY,,2026-06-30,2026-06-30,13175.00,PE,MIDCPNIFTY26JUN13175PE,40.00,45.25,36.90,44.25,44.25,42.80,13866.55,60.00,1800,120,14,22206456.00,14,F1,120,,,,,
2026-06-11,2026-06-11,FO,NSE,IDO,78476,,MIDCPNIFTY,,2026-06-30,2026-06-30,13025.00,PE,MIDCPNIFTY26JUN13025PE,27.60,27.60,27.60,27.60,27.60,26.15,13866.55,39.15,1920,0,1,1566312.00,1,F1,120,,,,,
2026-06-11,2026-06-11,FO,NSE,IDO,78388,,MIDCPNIFTY,,2026-06-30,2026-06-30,12975.00,PE,MIDCPNIFTY26JUN12975PE,29.50,29.50,29.50,29.50,29.50,23.00,13866.55,33.70,1320,-120,1,1560540.00,1,F1,120,,,,,
2026-06-11,2026-06-11,FO,NSE,IDO,78370,,MIDCPNIFTY,,2026-06-30,2026-06-30,12850.00,PE,MIDCPNIFTY26JUN12850PE,16.20,17.00,16.00,16.00,16.00,13.00,13866.55,16.00,2520,360,4,6175824.00,3,F1,120,,,,,
2026-06-11,2026-06-11,FO,NSE,IDO,78364,,MIDCPNIFTY,,2026-06-30,2026-06-30,12775.00,PE,MIDCPNIFTY26JUN12775PE,14.65,14.75,13.45,14.10,14.10,14.65,13866.55,17.60,1080,600,27,41436426.00,24,F1,120,,,,,
2026-06-11,2026-06-11,FO,NSE,IDO,78280,,MIDCPNIFTY,,2026-06-30,2026-06-30,12250.00,PE,MIDCPNIFTY26JUN12250PE,3.45,3.70,3.45,3.70,3.70,506.70,13866.55,2.20,480,480,4,5881716.00,2,F1,120,,,,,
2026-06-11,2026-06-11,FO,NSE,IDO,78237,,MIDCPNIFTY,,2026-06-30,2026-06-30,11900.00,PE,MIDCPNIFTY26JUN11900PE,2.80,2.80,2.80,2.80,2.80,2.80,13866.55,2.80,840,0,1,1428336.00,1,F1,120,,,,,
2026-06-11,2026-06-11,FO,NSE,IDO,78177,,MIDCPNIFTY,,2026-06-30,2026-06-30,11800.00,PE,MIDCPNIFTY26JUN11800PE,0.00,0.00,0.00,3.70,3.85,3.70,13866.55,0.25,2400,0,0,0.00,0,F1,120,,,,,
2026-06-11,2026-06-11,FO,NSE,IDO,78153,,MIDCPNIFTY,,2026-06-30,2026-06-30,11775.00,PE,MIDCPNIFTY26JUN11775PE,0.00,0.00,0.00,309.85,0.00,309.85,13866.55,0.20,0,0,0,0.00,0,F1,120,,,,,
2026-06-11,2026-06-11,FO,NSE,IDO,78088,,MIDCPNIFTY,,2026-06-30,2026-06-30,11175.00,PE,MIDCPNIFTY26JUN11175PE,0.00,0.00,0.00,144.85,0.00,144.85,13866.55,0.00,0,0,0,0.00,0,F1,120,,,,,
2026-06-11,2026-06-11,FO,NSE,IDO,60747,,MIDCPNIFTY,,2026-08-25,2026-08-25,16000.00,CE,MIDCPNIFTY26AUG16000CE,0.00,0.00,0.00,308.25,0.00,308.25,13866.55,87.90,0,0,0,0.00,0,F1,120,,,,,
2026-06-11,2026-06-11,FO,NSE,IDO,60659,,MIDCPNIFTY,,2026-08-25,2026-08-25,15200.00,CE,MIDCPNIFTY26AUG15200CE,0.00,0.00,0.00,567.90,0.00,567.90,13866.55,210.50,0,0,0,0.00,0,F1,120,,,,,
2026-06-11,2026-06-11,FO,NSE,IDO,60657,,MIDCPNIFTY,,2026-08-25,2026-08-25,15175.00,CE,MIDCPNIFTY26AUG15175CE,0.00,0.00,0.00,578.05,0.00,578.05,13866.55,216.45,0,0,0,0.00,0,F1,120,,,,,
2026-06-11,2026-06-11,FO,NSE,IDO,60639,,MIDCPNIFTY,,2026-08-25,2026-08-25,15000.00,CE,MIDCPNIFTY26AUG15000CE,0.00,0.00,0.00,652.85,0.00,652.85,13866.55,256.70,0,0,0,0.00,0,F1,120,,,,,
2026-06-11,2026-06-11,FO,NSE,IDO,60635,,MIDCPNIFTY,,2026-08-25,2026-08-25,14975.00,CE,MIDCPNIFTY26AUG14975CE,0.00,0.00,0.00,664.05,0.00,664.05,13866.55,263.05,0,0,0,0.00,0,F1,120,,,,,
2026-06-11,2026-06-11,FO,NSE,IDO,60621,,MIDCPNIFTY,,2026-08-25,2026-08-25,14850.00,CE,MIDCPNIFTY26AUG14850CE,0.00,0.00,0.00,722.25,0.00,722.25,13866.55,296.70,0,0,0,0.00,0,F1,120,,,,,
2026-06-11,2026-06-11,FO,NSE,IDO,60537,,MIDCPNIFTY,,2026-08-25,2026-08-25,14225.00,CE,MIDCPNIFTY26AUG14225CE,0.00,0.00,0.00,1065.25,0.00,1065.25,13866.55,517.50,0,0,0,0.00,0,F1,120,,,,,
2026-06-11,2026-06-11,FO,NSE,IDO,60517,,MIDCPNIFTY,,2026-08-25,2026-08-25,14050.00,CE,MIDCPNIFTY26AUG14050CE,0.00,0.00,0.00,1176.75,0.00,1176.75,13866.55,596.50,0,0,0,0.00,0,F1,120,,,,,
2026-06-11,2026-06-11,FO,NSE,IDO,60511,,MIDCPNIFTY,,2026-08-25,2026-08-25,14000.00,CE,MIDCPNIFTY26AUG14000CE,0.00,0.00,0.00,1209.80,0.00,1209.80,13866.55,620.55,0,0,0,0.00,0,F1,120,,,,,
2026-06-11,2026-06-11,FO,NSE,IDO,60457,,MIDCPNIFTY,,2026-08-25,2026-08-25,13500.00,CE,MIDCPNIFTY26AUG13500CE,0.00,0.00,0.00,1568.75,0.00,1568.75,13866.55,897.15,0,0,0,0.00,0,F1,120,,,,,
2026-06-11,2026-06-11,FO,NSE,IDO,60449,,MIDCPNIFTY,,2026-08-25,2026-08-25,13475.00,CE,MIDCPNIFTY26AUG13475CE,0.00,0.00,0.00,1587.95,0.00,1587.95,13866.55,912.65,0,0,0,0.00,0,F1,120,,,,,
2026-06-11,2026-06-11,FO,NSE,IDO,60447,,MIDCPNIFTY,,2026-08-25,2026-08-25,13450.00,CE,MIDCPNIFTY26AUG13450CE,0.00,0.00,0.00,1607.25,0.00,1607.25,13866.55,928.35,0,0,0,0.00,0,F1,120,,,,,
2026-06-11,2026-06-11,FO,NSE,IDO,60421,,MIDCPNIFTY,,2026-08-25,2026-08-25,13175.00,CE,MIDCPNIFTY26AUG13175CE,0.00,0.00,0.00,1826.70,0.00,1826.70,13866.55,1111.50,0,0,0,0.00,0,F1,120,,,,,
2026-06-11,2026-06-11,FO,NSE,IDO,60386,,MIDCPNIFTY,,2026-08-25,2026-08-25,12900.00,CE,MIDCPNIFTY26AUG12900CE,0.00,0.00,0.00,2057.90,0.00,2057.90,13866.55,1312.95,0,0,0,0.00,0,F1,120,,,,,
2026-06-11,2026-06-11,FO,NSE,IDO,60363,,MIDCPNIFTY,,2026-08-25,2026-08-25,12800.00,CE,MIDCPNIFTY26AUG12800CE,0.00,0.00,0.00,2144.55,0.00,2144.55,13866.55,1390.25,0,0,0,0.00,0,F1,120,,,,,
2026-06-11,2026-06-11,FO,NSE,IDO,60339,,MIDCPNIFTY,,2026-08-25,2026-08-25,12525.00,CE,MIDCPNIFTY26AUG12525CE,0.00,0.00,0.00,2388.95,0.00,2388.95,13866.55,1613.00,0,0,0,0.00,0,F1,120,,,,,
2026-06-11,2026-06-11,FO,NSE,IDO,63615,,MIDCPNIFTY,,2026-07-28,2026-07-28,15950.00,CE,MIDCPNIFTY26JUL15950CE,0.00,0.00,0.00,157.10,0.00,157.10,13866.55,33.10,0,0,0,0.00,0,F1,120,,,,,
2026-06-11,2026-06-11,FO,NSE,IDO,63603,,MIDCPNIFTY,,2026-07-28,2026-07-28,15825.00,CE,MIDCPNIFTY26JUL15825CE,0.00,0.00,0.00,176.60,0.00,176.60,13866.55,40.70,0,0,0,0.00,0,F1,120,,,,,
2026-06-11,2026-06-11,FO,NSE,IDO,63581,,MIDCPNIFTY,,2026-07-28,2026-07-28,15550.00,CE,MIDCPNIFTY26JUL15550CE,0.00,0.00,0.00,226.75,0.00,226.75,13866.55,63.10,0,0,0,0.00,0,F1,120,,,,,
2026-06-11,2026-06-11,FO,NSE,IDO,63573,,MIDCPNIFTY,,2026-07-28,2026-07-28,15450.00,CE,MIDCPNIFTY26JUL15450CE,0.00,0.00,0.00,248.25,0.00,248.25,13866.55,73.55,0,0,0,0.00,0,F1,120,,,,,
2026-06-11,2026-06-11,FO,NSE,IDO,63555,,MIDCPNIFTY,,2026-07-28,2026-07-28,15225.00,CE,MIDCPNIFTY26JUL15225CE,0.00,0.00,0.00,300.35,0.00,300.35,13866.55,102.50,0,0,0,0.00,0,F1,120,,,,,
2026-06-11,2026-06-11,FO,NSE,IDO,63547,,MIDCPNIFTY,,2026-07-28,2026-07-28,15125.00,CE,MIDCPNIFTY26JUL15125CE,0.00,0.00,0.00,326.70,0.00,326.70,13866.55,118.15,0,0,0,0.00,0,F1,120,,,,,
2026-06-11,2026-06-11,FO,NSE,IDO,63367,,MIDCPNIFTY,,2026-07-28,2026-07-28,12950.00,CE,MIDCPNIFTY26JUL12950CE,0.00,0.00,0.00,1423.60,0.00,1423.60,13866.55,1139.80,0,0,0,0.00,0,F1,120,,,,,
2026-06-11,2026-06-11,FO,NSE,IDO,78117,,MIDCPNIFTY,,2026-06-30,2026-06-30,11550.00,CE,MIDCPNIFTY26JUN11550CE,0.00,0.00,0.00,1053.15,0.00,1053.15,13866.55,2353.50,0,0,0,0.00,0,F1,120,,,,,
2026-06-11,2026-06-11,FO,NSE,IDO,78111,,MIDCPNIFTY,,2026-06-30,2026-06-30,11475.00,CE,MIDCPNIFTY26JUN11475CE,0.00,0.00,0.00,1106.15,0.00,1106.15,13866.55,2428.20,0,0,0,0.00,0,F1,120,,,,,
2026-06-11,2026-06-11,FO,NSE,IDO,78109,,MIDCPNIFTY,,2026-06-30,2026-06-30,11450.00,CE,MIDCPNIFTY26JUN11450CE,0.00,0.00,0.00,1123.95,0.00,1123.95,13866.55,2453.15,0,0,0,0.00,0,F1,120,,,,,
2026-06-11,2026-06-11,FO,NSE,IDO,78089,,MIDCPNIFTY,,2026-06-30,2026-06-30,11200.00,CE,MIDCPNIFTY26JUN11200CE,0.00,0.00,0.00,1309.45,0.00,1309.45,13866.55,2702.30,0,0,0,0.00,0,F1,120,,,,,
2026-06-11,2026-06-11,FO,NSE,IDO,78078,,MIDCPNIFTY,,2026-06-30,2026-06-30,11100.00,CE,MIDCPNIFTY26JUN11100CE,0.00,0.00,0.00,1387.65,0.00,1387.65,13866.55,2802.00,0,0,0,0.00,0,F1,120,,,,,
2026-06-11,2026-06-11,FO,NSE,IDO,78068,,MIDCPNIFTY,,2026-06-30,2026-06-30,11025.00,CE,MIDCPNIFTY26JUN11025CE,0.00,0.00,0.00,1447.70,0.00,1447.70,13866.55,2876.75,0,0,0,0.00,0,F1,120,,,,,
2026-06-11,2026-06-11,FO,NSE,IDO,63355,,MIDCPNIFTY,,2026-07-28,2026-07-28,12800.00,CE,MIDCPNIFTY26JUL12800CE,0.00,0.00,0.00,1537.45,0.00,1537.45,13866.55,1262.40,0,0,0,0.00,0,F1,120,,,,,
2026-06-11,2026-06-11,FO,NSE,IDO,63343,,MIDCPNIFTY,,2026-07-28,2026-07-28,12650.00,CE,MIDCPNIFTY26JUL12650CE,0.00,0.00,0.00,1655.45,0.00,1655.45,13866.55,1389.90,0,0,0,0.00,0,F1,120,,,,,
2026-06-11,2026-06-11,FO,NSE,IDO,63323,,MIDCPNIFTY,,2026-07-28,2026-07-28,12400.00,CE,MIDCPNIFTY26JUL12400CE,0.00,0.00,0.00,1860.65,0.00,1860.65,13866.55,1611.75,0,0,0,0.00,0,F1,120,,,,,
2026-06-11,2026-06-11,FO,NSE,IDO,53809,,MIDCPNIFTY,,2026-06-30,2026-06-30,15850.00,CE,MIDCPNIFTY26JUN15850CE,0.00,0.00,0.00,2.80,2.80,2.80,13866.55,2.10,4440,0,0,0.00,0,F1,120,,,,,
2026-06-11,2026-06-11,FO,NSE,IDO,52008,,MIDCPNIFTY,,2026-06-30,2026-06-30,15750.00,CE,MIDCPNIFTY26JUN15750CE,3.85,3.85,3.85,3.85,3.85,3.85,13866.55,3.85,9600,0,1,1890462.00,1,F1,120,,,,,
2026-06-11,2026-06-11,FO,NSE,IDO,40781,,MIDCPNIFTY,,2026-06-30,2026-06-30,15425.00,CE,MIDCPNIFTY26JUN15425CE,6.10,6.10,4.90,4.90,4.90,6.30,13866.55,8.45,2280,-120,2,3703320.00,2,F1,120,,,,,
2026-06-11,2026-06-11,FO,NSE,IDO,40736,,MIDCPNIFTY,,2026-06-30,2026-06-30,14975.00,CE,MIDCPNIFTY26JUN14975CE,18.00,20.45,16.60,16.60,16.60,22.45,13866.55,16.60,4320,240,16,28785936.00,12,F1,120,,,,,
2026-06-11,2026-06-11,FO,NSE,IDO,78777,,MIDCPNIFTY,,2026-06-30,2026-06-30,14800.00,CE,MIDCPNIFTY26JUN14800CE,35.60,35.60,23.60,25.60,27.00,39.15,13866.55,25.60,343560,137160,5045,8977556760.00,3427,F1,120,,,,,
2026-06-11,2026-06-11,FO,NSE,IDO,38730,,MIDCPNIFTY,,2026-06-30,2026-06-30,14775.00,CE,MIDCPNIFTY26JUN14775CE,31.55,36.50,28.35,29.10,29.10,43.50,13866.55,29.10,10080,-720,58,103050126.00,48,F1,120,,,,,
2026-06-11,2026-06-11,FO,NSE,IDO,78685,,MIDCPNIFTY,,2026-06-30,2026-06-30,14325.00,CE,MIDCPNIFTY26JUN14325CE,110.15,128.70,91.40,96.15,103.50,140.55,13866.55,96.15,16440,-1560,51,88336512.00,49,F1,120,,,,,
2026-06-11,2026-06-11,FO,NSE,IDO,78682,,MIDCPNIFTY,,2026-06-30,2026-06-30,14300.00,CE,MIDCPNIFTY26JUN14300CE,124.95,138.50,95.90,100.95,109.15,146.75,13866.55,100.95,379320,54240,3849,6658074624.00,2767,F1,120,,,,,
2026-06-11,2026-06-11,FO,NSE,IDO,60642,,MIDCPNIFTY,,2026-08-25,2026-08-25,15025.00,PE,MIDCPNIFTY26AUG15025PE,0.00,0.00,0.00,769.15,0.00,769.15,13866.55,1205.00,0,0,0,0.00,0,F1,120,,,,,
2026-06-11,2026-06-11,FO,NSE,IDO,63435,,MIDCPNIFTY,,2026-07-28,2026-07-28,13800.00,CE,MIDCPNIFTY26JUL13800CE,0.00,0.00,0.00,868.15,0.00,868.15,13866.55,564.35,0,0,0,0.00,0,F1,120,,,,,
2026-06-11,2026-06-11,FO,NSE,IDO,63493,,MIDCPNIFTY,,2026-07-28,2026-07-28,14475.00,CE,MIDCPNIFTY26JUL14475CE,0.00,0.00,0.00,544.65,0.00,544.65,13866.55,273.75,0,0,0,0.00,0,F1,120,,,,,
2026-06-11,2026-06-11,FO,NSE,IDO,63503,,MIDCPNIFTY,,2026-07-28,2026-07-28,14600.00,CE,MIDCPNIFTY26JUL14600CE,0.00,0.00,0.00,496.00,0.00,496.00,13866.55,235.45,0,0,0,0.00,0,F1,120,,,,,
2026-06-11,2026-06-11,FO,NSE,IDO,63535,,MIDCPNIFTY,,2026-07-28,2026-07-28,14975.00,CE,MIDCPNIFTY26JUL14975CE,0.00,0.00,0.00,369.60,0.00,369.60,13866.55,145.25,0,0,0,0.00,0,F1,120,,,,,
2026-06-11,2026-06-11,FO,NSE,IDO,63591,,MIDCPNIFTY,,2026-07-28,2026-07-28,15675.00,CE,MIDCPNIFTY26JUL15675CE,0.00,0.00,0.00,202.65,0.00,202.65,13866.55,51.85,0,0,0,0.00,0,F1,120,,,,,
2026-06-11,2026-06-11,FO,NSE,IDO,60349,,MIDCPNIFTY,,2026-08-25,2026-08-25,12650.00,CE,MIDCPNIFTY26AUG12650CE,0.00,0.00,0.00,2276.85,0.00,2276.85,13866.55,1510.00,0,0,0,0.00,0,F1,120,,,,,
2026-06-11,2026-06-11,FO,NSE,IDO,60351,,MIDCPNIFTY,,2026-08-25,2026-08-25,12675.00,CE,MIDCPNIFTY26AUG12675CE,0.00,0.00,0.00,2254.60,0.00,2254.60,13866.55,1489.75,0,0,0,0.00,0,F1,120,,,,,
2026-06-11,2026-06-11,FO,NSE,IDO,60402,,MIDCPNIFTY,,2026-08-25,2026-08-25,13000.00,CE,MIDCPNIFTY26AUG13000CE,0.00,0.00,0.00,1972.55,0.00,1972.55,13866.55,1237.80,0,0,0,0.00,0,F1,120,,,,,
2026-06-11,2026-06-11,FO,NSE,IDO,60461,,MIDCPNIFTY,,2026-08-25,2026-08-25,13525.00,CE,MIDCPNIFTY26AUG13525CE,0.00,0.00,0.00,1549.65,0.00,1549.65,13866.55,881.75,0,0,0,0.00,0,F1,120,,,,,
2026-06-11,2026-06-11,FO,NSE,IDO,63421,,MIDCPNIFTY,,2026-07-28,2026-07-28,13625.00,CE,MIDCPNIFTY26JUL13625CE,0.00,0.00,0.00,969.20,0.00,969.20,13866.55,664.20,0,0,0,0.00,0,F1,120,,,,,
2026-06-11,2026-06-11,FO,NSE,IDO,63383,,MIDCPNIFTY,,2026-07-28,2026-07-28,13150.00,CE,MIDCPNIFTY26JUL13150CE,0.00,0.00,0.00,1279.15,0.00,1279.15,13866.55,985.05,0,0,0,0.00,0,F1,120,,,,,
2026-06-11,2026-06-11,FO,NSE,IDO,63377,,MIDCPNIFTY,,2026-07-28,2026-07-28,13075.00,CE,MIDCPNIFTY26JUL13075CE,0.00,0.00,0.00,1332.55,0.00,1332.55,13866.55,1041.85,0,0,0,0.00,0,F1,120,,,,,
2026-06-11,2026-06-11,FO,NSE,IDO,63375,,MIDCPNIFTY,,2026-07-28,2026-07-28,13050.00,CE,MIDCPNIFTY26JUL13050CE,0.00,0.00,0.00,1350.65,0.00,1350.65,13866.55,1061.10,0,0,0,0.00,0,F1,120,,,,,
2026-06-11,2026-06-11,FO,NSE,IDO,78834,,MIDCPNIFTY,,2026-06-30,2026-06-30,16200.00,CE,MIDCPNIFTY26JUN16200CE,1.60,2.50,1.60,1.95,2.00,1.95,13866.55,1.95,6120,-960,19,36940398.00,12,F1,120,,,,,
2026-06-11,2026-06-11,FO,NSE,IDO,63358,,MIDCPNIFTY,,2026-07-28,2026-07-28,12825.00,PE,MIDCPNIFTY26JUL12825PE,0.00,0.00,0.00,182.90,0.00,182.90,13866.55,90.35,0,0,0,0.00,0,F1,120,,,,,
2026-06-11,2026-06-11,FO,NSE,IDO,63350,,MIDCPNIFTY,,2026-07-28,2026-07-28,12725.00,PE,MIDCPNIFTY26JUL12725PE,0.00,0.00,0.00,162.10,0.00,162.10,13866.55,75.20,0,0,0,0.00,0,F1,120,,,,,
2026-06-11,2026-06-11,FO,NSE,IDO,63334,,MIDCPNIFTY,,2026-07-28,2026-07-28,12525.00,PE,MIDCPNIFTY26JUL12525PE,0.00,0.00,0.00,125.80,0.00,125.80,13866.55,50.85,0,0,0,0.00,0,F1,120,,,,,
2026-06-11,2026-06-11,FO,NSE,IDO,78829,,MIDCPNIFTY,,2026-06-30,2026-06-30,16000.00,PE,MIDCPNIFTY26JUN16000PE,0.00,0.00,0.00,1833.45,1833.45,1833.45,13866.55,2083.60,1080,0,0,0.00,0,F1,120,,,,,
2026-06-11,2026-06-11,FO,NSE,IDO,78823,,MIDCPNIFTY,,2026-06-30,2026-06-30,15800.00,PE,MIDCPNIFTY26JUN15800PE,0.00,0.00,0.00,3369.70,0.00,3369.70,13866.55,1885.50,0,0,0,0.00,0,F1,120,,,,,
2026-06-11,2026-06-11,FO,NSE,IDO,60673,,MIDCPNIFTY,,2026-08-25,2026-08-25,15300.00,CE,MIDCPNIFTY26AUG15300CE,0.00,0.00,0.00,528.60,0.00,528.60,13866.55,189.95,0,0,0,0.00,0,F1,120,,,,,
2026-06-11,2026-06-11,FO,NSE,IDO,78276,,MIDCPNIFTY,,2026-06-30,2026-06-30,12200.00,PE,MIDCPNIFTY26JUN12200PE,3.40,4.55,3.40,4.00,3.50,3.10,13866.55,4.00,2040,360,21,30753972.00,16,F1,120,,,,,
2026-06-11,2026-06-11,FO,NSE,IDO,78282,,MIDCPNIFTY,,2026-06-30,2026-06-30,12275.00,PE,MIDCPNIFTY26JUN12275PE,0.00,0.00,0.00,5.20,5.20,5.20,13866.55,2.45,1440,0,0,0.00,0,F1,120,,,,,
2026-06-11,2026-06-11,FO,NSE,IDO,78310,,MIDCPNIFTY,,2026-06-30,2026-06-30,12575.00,PE,MIDCPNIFTY26JUN12575PE,10.10,10.10,6.65,8.05,8.00,8.45,13866.55,8.05,4560,1320,54,81537684.00,35,F1,120,,,,,
2026-06-11,2026-06-11,FO,NSE,IDO,78316,,MIDCPNIFTY,,2026-06-30,2026-06-30,12650.00,PE,MIDCPNIFTY26JUN12650PE,12.15,12.15,8.55,11.10,9.75,10.50,13866.55,11.10,7440,-8280,553,840149274.00,363,F1,120,,,,,
2026-06-11,2026-06-11,FO,NSE,IDO,78534,,MIDCPNIFTY,,2026-06-30,2026-06-30,13375.00,PE,MIDCPNIFTY26JUN13375PE,83.80,88.60,61.80,74.10,67.85,67.00,13866.55,74.10,4320,2640,51,82316916.00,46,F1,120,,,,,
2026-06-11,2026-06-11,FO,NSE,IDO,78623,,MIDCPNIFTY,,2026-06-30,2026-06-30,13700.00,PE,MIDCPNIFTY26JUN13700PE,155.00,178.20,132.95,160.50,153.60,139.20,13866.55,160.50,136200,-1200,2261,3759138960.00,1852,F1,120,,,,,
2026-06-11,2026-06-11,FO,NSE,IDO,78661,,MIDCPNIFTY,,2026-06-30,2026-06-30,14175.00,PE,MIDCPNIFTY26JUN14175PE,405.00,405.00,345.15,364.00,364.00,335.45,13866.55,451.00,8880,-1200,26,45367170.00,12,F1,120,,,,,
2026-06-11,2026-06-11,FO,NSE,IDO,78776,,MIDCPNIFTY,,2026-06-30,2026-06-30,14700.00,PE,MIDCPNIFTY26JUN14700PE,803.65,827.20,729.80,821.90,805.90,688.80,13866.55,821.90,90720,-360,28,52012488.00,15,F1,120,,,,,
2026-06-11,2026-06-11,FO,NSE,IDO,40737,,MIDCPNIFTY,,2026-06-30,2026-06-30,14975.00,PE,MIDCPNIFTY26JUN14975PE,992.80,992.80,986.35,986.35,986.35,850.60,13866.55,1091.45,360,-480,5,9578226.00,4,F1,120,,,,,
2026-06-11,2026-06-11,FO,NSE,IDO,40771,,MIDCPNIFTY,,2026-06-30,2026-06-30,15250.00,PE,MIDCPNIFTY26JUN15250PE,0.00,0.00,0.00,1058.15,1058.15,1058.15,13866.55,1349.05,240,0,0,0.00,0,F1,120,,,,,
2026-06-11,2026-06-11,FO,NSE,IDO,40779,,MIDCPNIFTY,,2026-06-30,2026-06-30,15375.00,PE,MIDCPNIFTY26JUN15375PE,0.00,0.00,0.00,2033.80,0.00,2033.80,13866.55,1469.20,0,0,0,0.00,0,F1,120,,,,,
2026-06-11,2026-06-11,FO,NSE,IDO,60644,,MIDCPNIFTY,,2026-08-25,2026-08-25,15050.00,PE,MIDCPNIFTY26AUG15050PE,0.00,0.00,0.00,782.85,0.00,782.85,13866.55,1223.60,0,0,0,0.00,0,F1,120,,,,,
2026-06-11,2026-06-11,FO,NSE,IDO,60622,,MIDCPNIFTY,,2026-08-25,2026-08-25,14850.00,PE,MIDCPNIFTY26AUG14850PE,0.00,0.00,0.00,677.25,0.00,677.25,13866.55,1078.00,0,0,0,0.00,0,F1,120,,,,,
2026-06-11,2026-06-11,FO,NSE,IDO,60618,,MIDCPNIFTY,,2026-08-25,2026-08-25,14800.00,PE,MIDCPNIFTY26AUG14800PE,0.00,0.00,0.00,652.20,0.00,652.20,13866.55,1043.05,0,0,0,0.00,0,F1,120,,,,,
2026-06-11,2026-06-11,FO,NSE,IDO,60590,,MIDCPNIFTY,,2026-08-25,2026-08-25,14575.00,PE,MIDCPNIFTY26AUG14575PE,0.00,0.00,0.00,546.55,0.00,546.55,13866.55,892.60,0,0,0,0.00,0,F1,120,,,,,
2026-06-11,2026-06-11,FO,NSE,IDO,60512,,MIDCPNIFTY,,2026-08-25,2026-08-25,14000.00,PE,MIDCPNIFTY26AUG14000PE,0.00,0.00,0.00,327.35,0.00,327.35,13866.55,563.40,0,0,0,0.00,0,F1,120,,,,,
2026-06-11,2026-06-11,FO,NSE,IDO,60498,,MIDCPNIFTY,,2026-08-25,2026-08-25,13825.00,PE,MIDCPNIFTY26AUG13825PE,0.00,0.00,0.00,275.45,0.00,275.45,13866.55,480.15,0,0,0,0.00,0,F1,120,,,,,
2026-06-11,2026-06-11,FO,NSE,IDO,60466,,MIDCPNIFTY,,2026-08-25,2026-08-25,13575.00,PE,MIDCPNIFTY26AUG13575PE,0.00,0.00,0.00,210.70,0.00,210.70,13866.55,375.15,0,0,0,0.00,0,F1,120,,,,,
2026-06-11,2026-06-11,FO,NSE,IDO,52005,,MIDCPNIFTY,,2026-06-30,2026-06-30,15675.00,PE,MIDCPNIFTY26JUN15675PE,0.00,0.00,0.00,2026.35,0.00,2026.35,13866.55,1762.20,0,0,0,0.00,0,F1,120,,,,,
2026-06-11,2026-06-11,FO,NSE,IDO,60403,,MIDCPNIFTY,,2026-08-25,2026-08-25,13000.00,PE,MIDCPNIFTY26AUG13000PE,0.00,0.00,0.00,104.90,0.00,104.90,13866.55,194.30,0,0,0,0.00,0,F1,120,,,,,
2026-06-11,2026-06-11,FO,NSE,IDO,60387,,MIDCPNIFTY,,2026-08-25,2026-08-25,12900.00,PE,MIDCPNIFTY26AUG12900PE,0.00,0.00,0.00,91.70,0.00,91.70,13866.55,170.80,0,0,0,0.00,0,F1,120,,,,,
2026-06-11,2026-06-11,FO,NSE,IDO,60385,,MIDCPNIFTY,,2026-08-25,2026-08-25,12875.00,PE,MIDCPNIFTY26AUG12875PE,0.00,0.00,0.00,88.65,0.00,88.65,13866.55,165.30,0,0,0,0.00,0,F1,120,,,,,
2026-06-11,2026-06-11,FO,NSE,IDO,63598,,MIDCPNIFTY,,2026-07-28,2026-07-28,15750.00,PE,MIDCPNIFTY26JUL15750PE,0.00,0.00,0.00,1737.00,0.00,1737.00,13866.55,1794.75,0,0,0,0.00,0,F1,120,,,,,
2026-06-11,2026-06-11,FO,NSE,IDO,63562,,MIDCPNIFTY,,2026-07-28,2026-07-28,15300.00,PE,MIDCPNIFTY26JUL15300PE,0.00,0.00,0.00,1386.65,0.00,1386.65,13866.55,1394.55,0,0,0,0.00,0,F1,120,,,,,
2026-06-11,2026-06-11,FO,NSE,IDO,63534,,MIDCPNIFTY,,2026-07-28,2026-07-28,14950.00,PE,MIDCPNIFTY26JUL14950PE,0.00,0.00,0.00,1136.35,0.00,1136.35,13866.55,1105.85,0,0,0,0.00,0,F1,120,,,,,
2026-06-11,2026-06-11,FO,NSE,IDO,63512,,MIDCPNIFTY,,2026-07-28,2026-07-28,14700.00,PE,MIDCPNIFTY26JUL14700PE,0.00,0.00,0.00,972.30,0.00,972.30,13866.55,915.60,0,0,0,0.00,0,F1,120,,,,,
2026-06-11,2026-06-11,FO,NSE,IDO,78095,,MIDCPNIFTY,,2026-06-30,2026-06-30,11275.00,CE,MIDCPNIFTY26JUN11275CE,0.00,0.00,0.00,1252.20,0.00,1252.20,13866.55,2627.55,0,0,0,0.00,0,F1,120,,,,,
2026-06-11,2026-06-11,FO,NSE,IDO,78103,,MIDCPNIFTY,,2026-06-30,2026-06-30,11375.00,CE,MIDCPNIFTY26JUN11375CE,0.00,0.00,0.00,1178.30,0.00,1178.30,13866.55,2527.90,0,0,0,0.00,0,F1,120,,,,,
2026-06-11,2026-06-11,FO,NSE,IDO,78107,,MIDCPNIFTY,,2026-06-30,2026-06-30,11425.00,CE,MIDCPNIFTY26JUN11425CE,0.00,0.00,0.00,1141.90,0.00,1141.90,13866.55,2478.05,0,0,0,0.00,0,F1,120,,,,,
2026-06-11,2026-06-11,FO,NSE,IDO,78228,,MIDCPNIFTY,,2026-06-30,2026-06-30,11850.00,CE,MIDCPNIFTY26JUN11850CE,0.00,0.00,0.00,857.90,0.00,857.90,13866.55,2054.70,0,0,0,0.00,0,F1,120,,,,,
2026-06-11,2026-06-11,FO,NSE,IDO,78242,,MIDCPNIFTY,,2026-06-30,2026-06-30,11975.00,CE,MIDCPNIFTY26JUN11975CE,0.00,0.00,0.00,783.55,0.00,783.55,13866.55,1930.35,0,0,0,0.00,0,F1,120,,,,,
2026-06-11,2026-06-11,FO,NSE,IDO,78261,,MIDCPNIFTY,,2026-06-30,2026-06-30,12050.00,CE,MIDCPNIFTY26JUN12050CE,0.00,0.00,0.00,740.95,0.00,740.95,13866.55,1855.85,0,0,0,0.00,0,F1,120,,,,,
2026-06-11,2026-06-11,FO,NSE,IDO,78303,,MIDCPNIFTY,,2026-06-30,2026-06-30,12500.00,CE,MIDCPNIFTY26JUN12500CE,0.00,0.00,0.00,1669.90,1669.90,1669.90,13866.55,1412.80,1320,0,0,0.00,0,F1,120,,,,,
2026-06-11,2026-06-11,FO,NSE,IDO,63508,,MIDCPNIFTY,,2026-07-28,2026-07-28,14650.00,PE,MIDCPNIFTY26JUL14650PE,0.00,0.00,0.00,941.00,0.00,941.00,13866.55,879.50,0,0,0,0.00,0,F1,120,,,,,
2026-06-11,2026-06-11,FO,NSE,IDO,63486,,MIDCPNIFTY,,2026-07-28,2026-07-28,14375.00,PE,MIDCPNIFTY26JUL14375PE,0.00,0.00,0.00,778.55,0.00,778.55,13866.55,693.20,0,0,0,0.00,0,F1,120,,,,,
2026-06-11,2026-06-11,FO,NSE,IDO,63466,,MIDCPNIFTY,,2026-07-28,2026-07-28,14125.00,PE,MIDCPNIFTY26JUL14125PE,0.00,0.00,0.00,645.40,0.00,645.40,13866.55,543.65,0,0,0,0.00,0,F1,120,,,,,
2026-06-11,2026-06-11,FO,NSE,IDO,63464,,MIDCPNIFTY,,2026-07-28,2026-07-28,14100.00,PE,MIDCPNIFTY26JUL14100PE,0.00,0.00,0.00,632.85,0.00,632.85,13866.55,529.80,0,0,0,0.00,0,F1,120,,,,,
2026-06-11,2026-06-11,FO,NSE,IDO,63458,,MIDCPNIFTY,,2026-07-28,2026-07-28,14025.00,PE,MIDCPNIFTY26JUL14025PE,0.00,0.00,0.00,596.20,0.00,596.20,13866.55,489.50,0,0,0,0.00,0,F1,120,,,,,
2026-06-11,2026-06-11,FO,NSE,IDO,63414,,MIDCPNIFTY,,2026-07-28,2026-07-28,13525.00,PE,MIDCPNIFTY26JUL13525PE,0.00,0.00,0.00,384.80,0.00,384.80,13866.55,268.55,0,0,0,0.00,0,F1,120,,,,,
2026-06-11,2026-06-11,FO,NSE,IDO,63392,,MIDCPNIFTY,,2026-07-28,2026-07-28,13250.00,PE,MIDCPNIFTY26JUL13250PE,0.00,0.00,0.00,292.90,0.00,292.90,13866.55,182.35,0,0,0,0.00,0,F1,120,,,,,
2026-06-11,2026-06-11,FO,NSE,IDO,63386,,MIDCPNIFTY,,2026-07-28,2026-07-28,13175.00,PE,MIDCPNIFTY26JUL13175PE,0.00,0.00,0.00,271.30,0.00,271.30,13866.55,162.80,0,0,0,0.00,0,F1,120,,,,,
2026-06-11,2026-06-11,FO,NSE,IDO,78373,,MIDCPNIFTY,,2026-06-30,2026-06-30,12900.00,CE,MIDCPNIFTY26JUN12900CE,1125.00,1125.00,1125.00,1125.00,1125.00,363.45,13866.55,1034.35,120,120,1,1683000.00,1,F1,120,,,,,
2026-06-11,2026-06-11,FO,NSE,IDO,78485,,MIDCPNIFTY,,2026-06-30,2026-06-30,13150.00,CE,MIDCPNIFTY26JUN13150CE,0.00,0.00,0.00,286.75,0.00,286.75,13866.55,814.55,0,0,0,0.00,0,F1,120,,,,,
2026-06-11,2026-06-11,FO,NSE,IDO,78568,,MIDCPNIFTY,,2026-06-30,2026-06-30,13450.00,CE,MIDCPNIFTY26JUN13450CE,0.00,0.00,0.00,212.95,0.00,212.95,13866.55,578.70,0,0,0,0.00,0,F1,120,,,,,
2026-06-11,2026-06-11,FO,NSE,IDO,78616,,MIDCPNIFTY,,2026-06-30,2026-06-30,13625.00,CE,MIDCPNIFTY26JUN13625CE,443.75,500.55,438.20,438.20,438.20,528.10,13866.55,459.55,3000,2520,26,44008758.00,18,F1,120,,,,,
2026-06-11,2026-06-11,FO,NSE,IDO,78652,,MIDCPNIFTY,,2026-06-30,2026-06-30,14075.00,CE,MIDCPNIFTY26JUN14075CE,194.25,230.80,168.35,180.25,195.85,239.10,13866.55,180.25,9480,-2040,267,457407942.00,256,F1,120,,,,,
2026-06-11,2026-06-11,FO,NSE,IDO,35122,,MIDCPNIFTY,,2026-06-30,2026-06-30,14575.00,CE,MIDCPNIFTY26JUN14575CE,54.65,65.05,50.30,51.60,52.00,73.40,13866.55,51.60,10560,720,33,57946272.00,27,F1,120,,,,,
2026-06-11,2026-06-11,FO,NSE,IDO,78807,,MIDCPNIFTY,,2026-06-30,2026-06-30,15700.00,CE,MIDCPNIFTY26JUN15700CE,2.40,3.00,2.05,2.65,2.75,3.00,13866.55,2.65,186840,-1680,113,212926038.00,65,F1,120,,,,,
2026-06-11,2026-06-11,FO,NSE,IDO,52010,,MIDCPNIFTY,,2026-06-30,2026-06-30,15775.00,CE,MIDCPNIFTY26JUN15775CE,0.00,0.00,0.00,5.45,5.45,5.45,13866.55,2.70,480,0,0,0.00,0,F1,120,,,,,
2026-06-11,2026-06-11,FO,NSE,IDO,53811,,MIDCPNIFTY,,2026-06-30,2026-06-30,15875.00,CE,MIDCPNIFTY26JUN15875CE,0.00,0.00,0.00,5.15,5.15,5.15,13866.55,1.90,600,0,0,0.00,0,F1,120,,,,,
2026-06-11,2026-06-11,FO,NSE,IDO,78824,,MIDCPNIFTY,,2026-06-30,2026-06-30,15900.00,CE,MIDCPNIFTY26JUN15900CE,2.45,2.70,1.80,2.15,2.10,2.25,13866.55,2.15,66120,-4560,90,171743088.00,33,F1,120,,,,,
2026-06-11,2026-06-11,FO,NSE,IDO,78830,,MIDCPNIFTY,,2026-06-30,2026-06-30,16100.00,CE,MIDCPNIFTY26JUN16100CE,2.00,2.15,1.75,1.90,1.90,1.95,13866.55,1.90,14760,-840,19,36712362.00,9,F1,120,,,,,
2026-06-11,2026-06-11,FO,NSE,IDO,63351,,MIDCPNIFTY,,2026-07-28,2026-07-28,12750.00,CE,MIDCPNIFTY26JUL12750CE,0.00,0.00,0.00,1576.35,0.00,1576.35,13866.55,1304.40,0,0,0,0.00,0,F1,120,,,,,
2026-06-11,2026-06-11,FO,NSE,IDO,63365,,MIDCPNIFTY,,2026-07-28,2026-07-28,12925.00,CE,MIDCPNIFTY26JUL12925CE,0.00,0.00,0.00,1442.30,0.00,1442.30,13866.55,1159.85,0,0,0,0.00,0,F1,120,,,,,
2026-06-11,2026-06-11,FO,NSE,IDO,63389,,MIDCPNIFTY,,2026-07-28,2026-07-28,13225.00,CE,MIDCPNIFTY26JUL13225CE,0.00,0.00,0.00,1226.40,0.00,1226.40,13866.55,930.30,0,0,0,0.00,0,F1,120,,,,,
2026-06-11,2026-06-11,FO,NSE,IDO,63437,,MIDCPNIFTY,,2026-07-28,2026-07-28,13825.00,CE,MIDCPNIFTY26JUL13825CE,0.00,0.00,0.00,854.30,0.00,854.30,13866.55,550.90,0,0,0,0.00,0,F1,120,,,,,
2026-06-11,2026-06-11,FO,NSE,IDO,63475,,MIDCPNIFTY,,2026-07-28,2026-07-28,14250.00,CE,MIDCPNIFTY26JUL14250CE,0.00,0.00,0.00,640.90,0.00,640.90,13866.55,354.40,0,0,0,0.00,0,F1,120,,,,,
2026-06-11,2026-06-11,FO,NSE,IDO,63505,,MIDCPNIFTY,,2026-07-28,2026-07-28,14625.00,CE,MIDCPNIFTY26JUL14625CE,0.00,0.00,0.00,486.70,0.00,486.70,13866.55,228.30,0,0,0,0.00,0,F1,120,,,,,
2026-06-11,2026-06-11,FO,NSE,IDO,63571,,MIDCPNIFTY,,2026-07-28,2026-07-28,15425.00,CE,MIDCPNIFTY26JUL15425CE,0.00,0.00,0.00,253.70,0.00,253.70,13866.55,76.35,0,0,0,0.00,0,F1,120,,,,,
2026-06-11,2026-06-11,FO,NSE,IDO,63587,,MIDCPNIFTY,,2026-07-28,2026-07-28,15625.00,CE,MIDCPNIFTY26JUL15625CE,0.00,0.00,0.00,212.00,0.00,212.00,13866.55,56.15,0,0,0,0.00,0,F1,120,,,,,
2026-06-11,2026-06-11,FO,NSE,IDO,63593,,MIDCPNIFTY,,2026-07-28,2026-07-28,15700.00,CE,MIDCPNIFTY26JUL15700CE,0.00,0.00,0.00,198.10,0.00,198.10,13866.55,49.85,0,0,0,0.00,0,F1,120,,,,,
2026-06-11,2026-06-11,FO,NSE,IDO,60468,,MIDCPNIFTY,,2026-08-25,2026-08-25,13600.00,CE,MIDCPNIFTY26AUG13600CE,0.00,0.00,0.00,1493.10,0.00,1493.10,13866.55,836.55,0,0,0,0.00,0,F1,120,,,,,
2026-06-11,2026-06-11,FO,NSE,IDO,60495,,MIDCPNIFTY,,2026-08-25,2026-08-25,13800.00,CE,MIDCPNIFTY26AUG13800CE,0.00,0.00,0.00,1347.95,0.00,1347.95,13866.55,723.30,0,0,0,0.00,0,F1,120,,,,,
2026-06-11,2026-06-11,FO,NSE,IDO,60519,,MIDCPNIFTY,,2026-08-25,2026-08-25,14075.00,CE,MIDCPNIFTY26AUG14075CE,0.00,0.00,0.00,1160.40,0.00,1160.40,13866.55,584.75,0,0,0,0.00,0,F1,120,,,,,
2026-06-11,2026-06-11,FO,NSE,IDO,60575,,MIDCPNIFTY,,2026-08-25,2026-08-25,14450.00,CE,MIDCPNIFTY26AUG14450CE,0.00,0.00,0.00,931.75,0.00,931.75,13866.55,427.30,0,0,0,0.00,0,F1,120,,,,,
2026-06-11,2026-06-11,FO,NSE,IDO,60603,,MIDCPNIFTY,,2026-08-25,2026-08-25,14650.00,CE,MIDCPNIFTY26AUG14650CE,0.00,0.00,0.00,822.55,0.00,822.55,13866.55,357.45,0,0,0,0.00,0,F1,120,,,,,
2026-06-11,2026-06-11,FO,NSE,IDO,63376,,MIDCPNIFTY,,2026-07-28,2026-07-28,13050.00,PE,MIDCPNIFTY26JUL13050PE,0.00,0.00,0.00,237.15,0.00,237.15,13866.55,132.95,0,0,0,0.00,0,F1,120,,,,,
2026-06-11,2026-06-11,FO,NSE,IDO,78386,,MIDCPNIFTY,,2026-06-30,2026-06-30,12950.00,PE,MIDCPNIFTY26JUN12950PE,27.55,27.55,19.25,22.30,22.60,23.00,13866.55,22.30,4200,-240,9,14010654.00,8,F1,120,,,,,
2026-06-11,2026-06-11,FO,NSE,IDO,78376,,MIDCPNIFTY,,2026-06-30,2026-06-30,12925.00,PE,MIDCPNIFTY26JUN12925PE,42.50,42.50,18.80,18.80,18.80,19.50,13866.55,28.85,3000,120,12,18644028.00,12,F1,120,,,,,
2026-06-11,2026-06-11,FO,NSE,IDO,78374,,MIDCPNIFTY,,2026-06-30,2026-06-30,12900.00,PE,MIDCPNIFTY26JUN12900PE,23.65,25.00,16.60,20.10,18.00,18.40,13866.55,20.10,19440,3960,158,244961862.00,118,F1,120,,,,,
2026-06-11,2026-06-11,FO,NSE,IDO,78366,,MIDCPNIFTY,,2026-06-30,2026-06-30,12800.00,PE,MIDCPNIFTY26JUN12800PE,17.15,18.80,11.90,15.45,13.90,14.20,13866.55,15.45,137280,5400,939,1443963882.00,560,F1,120,,,,,
2026-06-11,2026-06-11,FO,NSE,IDO,78304,,MIDCPNIFTY,,2026-06-30,2026-06-30,12500.00,PE,MIDCPNIFTY26JUN12500PE,9.20,9.95,6.35,7.50,7.40,7.20,13866.55,7.50,161880,18840,547,821009868.00,316,F1,120,,,,,
2026-06-11,2026-06-11,FO,NSE,IDO,78290,,MIDCPNIFTY,,2026-06-30,2026-06-30,12375.00,PE,MIDCPNIFTY26JUN12375PE,0.00,0.00,0.00,6.95,6.95,6.95,13866.55,3.80,120,0,0,0.00,0,F1,120,,,,,
2026-06-11,2026-06-11,FO,NSE,IDO,78241,,MIDCPNIFTY,,2026-06-30,2026-06-30,11950.00,PE,MIDCPNIFTY26JUN11950PE,0.00,0.00,0.00,375.30,0.00,375.30,13866.55,0.50,0,0,0,0.00,0,F1,120,,,,,
2026-06-11,2026-06-11,FO,NSE,IDO,78135,,MIDCPNIFTY,,2026-06-30,2026-06-30,11750.00,PE,MIDCPNIFTY26JUN11750PE,0.00,0.00,0.00,0.05,0.05,0.05,13866.55,0.20,120,0,0,0.00,0,F1,120,,,,,
2026-06-11,2026-06-11,FO,NSE,IDO,78098,,MIDCPNIFTY,,2026-06-30,2026-06-30,11300.00,PE,MIDCPNIFTY26JUN11300PE,0.00,0.00,0.00,172.20,0.00,172.20,13866.55,0.05,0,0,0,0.00,0,F1,120,,,,,
2026-06-11,2026-06-11,FO,NSE,IDO,78067,,MIDCPNIFTY,,2026-06-30,2026-06-30,11000.00,PE,MIDCPNIFTY26JUN11000PE,0.00,0.00,0.00,5.40,5.40,5.40,13866.55,0.00,5160,0,0,0.00,0,F1,120,,,,,
2026-06-11,2026-06-11,FO,NSE,IDO,78113,,MIDCPNIFTY,,2026-06-30,2026-06-30,11500.00,CE,MIDCPNIFTY26JUN11500CE,0.00,0.00,0.00,1088.50,0.00,1088.50,13866.55,2403.30,0,0,0,0.00,0,F1,120,,,,,
2026-06-11,2026-06-11,FO,NSE,IDO,78131,,MIDCPNIFTY,,2026-06-30,2026-06-30,11725.00,CE,MIDCPNIFTY26JUN11725CE,0.00,0.00,0.00,936.40,0.00,936.40,13866.55,2179.15,0,0,0,0.00,0,F1,120,,,,,
2026-06-11,2026-06-11,FO,NSE,IDO,78275,,MIDCPNIFTY,,2026-06-30,2026-06-30,12200.00,CE,MIDCPNIFTY26JUN12200CE,0.00,0.00,0.00,660.40,0.00,660.40,13866.55,1707.25,0,0,0,0.00,0,F1,120,,,,,
2026-06-11,2026-06-11,FO,NSE,IDO,78283,,MIDCPNIFTY,,2026-06-30,2026-06-30,12300.00,CE,MIDCPNIFTY26JUN12300CE,0.00,0.00,0.00,2050.00,2050.00,2050.00,13866.55,1608.55,120,0,0,0.00,0,F1,120,,,,,
2026-06-11,2026-06-11,FO,NSE,IDO,78481,,MIDCPNIFTY,,2026-06-30,2026-06-30,13100.00,CE,MIDCPNIFTY26JUN13100CE,0.00,0.00,0.00,1480.00,1480.00,1480.00,13866.55,857.05,720,0,0,0.00,0,F1,120,,,,,
2026-06-11,2026-06-11,FO,NSE,IDO,78524,,MIDCPNIFTY,,2026-06-30,2026-06-30,13350.00,CE,MIDCPNIFTY26JUN13350CE,0.00,0.00,0.00,235.70,0.00,235.70,13866.55,653.35,0,0,0,0.00,0,F1,120,,,,,
2026-06-11,2026-06-11,FO,NSE,IDO,78773,,MIDCPNIFTY,,2026-06-30,2026-06-30,14600.00,CE,MIDCPNIFTY26JUN14600CE,59.85,61.00,41.55,45.55,49.40,68.20,13866.55,45.55,241440,56400,3719,6538362138.00,2858,F1,120,,,,,
2026-06-11,2026-06-11,FO,NSE,IDO,35130,,MIDCPNIFTY,,2026-06-30,2026-06-30,14675.00,CE,MIDCPNIFTY26JUN14675CE,42.20,47.45,35.40,35.50,35.40,58.50,13866.55,35.50,22560,1560,58,102431916.00,45,F1,120,,,,,
2026-06-11,2026-06-11,FO,NSE,IDO,40754,,MIDCPNIFTY,,2026-06-30,2026-06-30,15175.00,CE,MIDCPNIFTY26JUN15175CE,10.50,10.60,9.45,10.00,10.00,12.15,13866.55,17.75,6240,4440,52,94755888.00,33,F1,120,,,,,
2026-06-11,2026-06-11,FO,NSE,IDO,40770,,MIDCPNIFTY,,2026-06-30,2026-06-30,15250.00,CE,MIDCPNIFTY26JUN15250CE,7.70,8.95,7.70,7.95,7.95,10.80,13866.55,14.30,3720,-600,10,18309912.00,7,F1,120,,,,,
2026-06-11,2026-06-11,FO,NSE,IDO,78813,,MIDCPNIFTY,,2026-06-30,2026-06-30,15800.00,CE,MIDCPNIFTY26JUN15800CE,2.55,2.55,1.80,2.25,2.45,2.35,13866.55,2.25,218760,-240,277,525263154.00,162,F1,120,,,,,
2026-06-11,2026-06-11,FO,NSE,IDO,63381,,MIDCPNIFTY,,2026-07-28,2026-07-28,13125.00,CE,MIDCPNIFTY26JUL13125CE,0.00,0.00,0.00,1296.80,0.00,1296.80,13866.55,1003.80,0,0,0,0.00,0,F1,120,,,,,
2026-06-11,2026-06-11,FO,NSE,IDO,63453,,MIDCPNIFTY,,2026-07-28,2026-07-28,13975.00,CE,MIDCPNIFTY26JUL13975CE,0.00,0.00,0.00,774.25,0.00,774.25,13866.55,474.70,0,0,0,0.00,0,F1,120,,,,,
2026-06-11,2026-06-11,FO,NSE,IDO,63511,,MIDCPNIFTY,,2026-07-28,2026-07-28,14700.00,CE,MIDCPNIFTY26JUL14700CE,0.00,0.00,0.00,459.50,0.00,459.50,13866.55,207.85,0,0,0,0.00,0,F1,120,,,,,
2026-06-11,2026-06-11,FO,NSE,IDO,63523,,MIDCPNIFTY,,2026-07-28,2026-07-28,14850.00,CE,MIDCPNIFTY26JUL14850CE,0.00,0.00,0.00,408.60,0.00,408.60,13866.55,171.60,0,0,0,0.00,0,F1,120,,,,,
2026-06-11,2026-06-11,FO,NSE,IDO,63579,,MIDCPNIFTY,,2026-07-28,2026-07-28,15525.00,CE,MIDCPNIFTY26JUL15525CE,0.00,0.00,0.00,231.85,0.00,231.85,13866.55,65.60,0,0,0,0.00,0,F1,120,,,,,
2026-06-11,2026-06-11,FO,NSE,IDO,63585,,MIDCPNIFTY,,2026-07-28,2026-07-28,15600.00,CE,MIDCPNIFTY26JUL15600CE,0.00,0.00,0.00,227.65,227.65,227.65,13866.55,58.40,120,0,0,0.00,0,F1,120,,,,,
2026-06-11,2026-06-11,FO,NSE,IDO,60341,,MIDCPNIFTY,,2026-08-25,2026-08-25,12550.00,CE,MIDCPNIFTY26AUG12550CE,0.00,0.00,0.00,2366.40,0.00,2366.40,13866.55,1592.20,0,0,0,0.00,0,F1,120,,,,,
2026-06-11,2026-06-11,FO,NSE,IDO,60417,,MIDCPNIFTY,,2026-08-25,2026-08-25,13125.00,CE,MIDCPNIFTY26AUG13125CE,0.00,0.00,0.00,1867.90,0.00,1867.90,13866.55,1147.40,0,0,0,0.00,0,F1,120,,,,,
2026-06-11,2026-06-11,FO,NSE,IDO,60441,,MIDCPNIFTY,,2026-08-25,2026-08-25,13375.00,CE,MIDCPNIFTY26AUG13375CE,0.00,0.00,0.00,1665.85,0.00,1665.85,13866.55,976.45,0,0,0,0.00,0,F1,120,,,,,
2026-06-11,2026-06-11,FO,NSE,IDO,60465,,MIDCPNIFTY,,2026-08-25,2026-08-25,13575.00,CE,MIDCPNIFTY26AUG13575CE,0.00,0.00,0.00,1511.85,0.00,1511.85,13866.55,851.45,0,0,0,0.00,0,F1,120,,,,,
2026-06-11,2026-06-11,FO,NSE,IDO,60493,,MIDCPNIFTY,,2026-08-25,2026-08-25,13775.00,CE,MIDCPNIFTY26AUG13775CE,0.00,0.00,0.00,1365.75,0.00,1365.75,13866.55,736.90,0,0,0,0.00,0,F1,120,,,,,
2026-06-11,2026-06-11,FO,NSE,IDO,60513,,MIDCPNIFTY,,2026-08-25,2026-08-25,14025.00,CE,MIDCPNIFTY26AUG14025CE,0.00,0.00,0.00,1193.20,0.00,1193.20,13866.55,608.45,0,0,0,0.00,0,F1,120,,,,,
2026-06-11,2026-06-11,FO,NSE,IDO,60573,,MIDCPNIFTY,,2026-08-25,2026-08-25,14425.00,CE,MIDCPNIFTY26AUG14425CE,0.00,0.00,0.00,946.05,0.00,946.05,13866.55,436.70,0,0,0,0.00,0,F1,120,,,,,
2026-06-11,2026-06-11,FO,NSE,IDO,60611,,MIDCPNIFTY,,2026-08-25,2026-08-25,14725.00,CE,MIDCPNIFTY26AUG14725CE,0.00,0.00,0.00,783.90,0.00,783.90,13866.55,333.65,0,0,0,0.00,0,F1,120,,,,,
2026-06-11,2026-06-11,FO,NSE,IDO,60625,,MIDCPNIFTY,,2026-08-25,2026-08-25,14900.00,CE,MIDCPNIFTY26AUG14900CE,0.00,0.00,0.00,698.55,0.00,698.55,13866.55,282.85,0,0,0,0.00,0,F1,120,,,,,
2026-06-11,2026-06-11,FO,NSE,IDO,60641,,MIDCPNIFTY,,2026-08-25,2026-08-25,15025.00,CE,MIDCPNIFTY26AUG15025CE,0.00,0.00,0.00,641.75,0.00,641.75,13866.55,251.10,0,0,0,0.00,0,F1,120,,,,,
2026-06-11,2026-06-11,FO,NSE,IDO,60687,,MIDCPNIFTY,,2026-08-25,2026-08-25,15450.00,CE,MIDCPNIFTY26AUG15450CE,0.00,0.00,0.00,473.50,0.00,473.50,13866.55,162.30,0,0,0,0.00,0,F1,120,,,,,
2026-06-11,2026-06-11,FO,NSE,IDO,60693,,MIDCPNIFTY,,2026-08-25,2026-08-25,15500.00,CE,MIDCPNIFTY26AUG15500CE,0.00,0.00,0.00,456.10,0.00,456.10,13866.55,153.85,0,0,0,0.00,0,F1,120,,,,,
2026-06-11,2026-06-11,FO,NSE,IDO,60771,,MIDCPNIFTY,,2026-08-25,2026-08-25,16200.00,CE,MIDCPNIFTY26AUG16200CE,0.00,0.00,0.00,262.00,0.00,262.00,13866.55,69.40,0,0,0,0.00,0,F1,120,,,,,
2026-06-11,2026-06-11,FO,NSE,IDO,60720,,MIDCPNIFTY,,2026-08-25,2026-08-25,15700.00,PE,MIDCPNIFTY26AUG15700PE,0.00,0.00,0.00,1183.95,0.00,1183.95,13866.55,1743.40,0,0,0,0.00,0,F1,120,,,,,
2026-06-11,2026-06-11,FO,NSE,IDO,60672,,MIDCPNIFTY,,2026-08-25,2026-08-25,15275.00,PE,MIDCPNIFTY26AUG15275PE,0.00,0.00,0.00,911.95,0.00,911.95,13866.55,1395.45,0,0,0,0.00,0,F1,120,,,,,
2026-06-11,2026-06-11,FO,NSE,IDO,60656,,MIDCPNIFTY,,2026-08-25,2026-08-25,15150.00,PE,MIDCPNIFTY26AUG15150PE,0.00,0.00,0.00,838.90,0.00,838.90,13866.55,1299.15,0,0,0,0.00,0,F1,120,,,,,
2026-06-11,2026-06-11,FO,NSE,IDO,60614,,MIDCPNIFTY,,2026-08-25,2026-08-25,14750.00,PE,MIDCPNIFTY26AUG14750PE,0.00,0.00,0.00,627.80,0.00,627.80,13866.55,1008.65,0,0,0,0.00,0,F1,120,,,,,
2026-06-11,2026-06-11,FO,NSE,IDO,60364,,MIDCPNIFTY,,2026-08-25,2026-08-25,12800.00,PE,MIDCPNIFTY26AUG12800PE,0.00,0.00,0.00,79.85,0.00,79.85,13866.55,149.50,0,0,0,0.00,0,F1,120,,,,,
2026-06-11,2026-06-11,FO,NSE,IDO,60344,,MIDCPNIFTY,,2026-08-25,2026-08-25,12575.00,PE,MIDCPNIFTY26AUG12575PE,0.00,0.00,0.00,57.55,0.00,57.55,13866.55,108.75,0,0,0,0.00,0,F1,120,,,,,
2026-06-11,2026-06-11,FO,NSE,IDO,63568,,MIDCPNIFTY,,2026-07-28,2026-07-28,15375.00,PE,MIDCPNIFTY26JUL15375PE,0.00,0.00,0.00,1443.00,0.00,1443.00,13866.55,1459.25,0,0,0,0.00,0,F1,120,,,,,
2026-06-11,2026-06-11,FO,NSE,IDO,63510,,MIDCPNIFTY,,2026-07-28,2026-07-28,14675.00,PE,MIDCPNIFTY26JUL14675PE,0.00,0.00,0.00,956.60,0.00,956.60,13866.55,897.45,0,0,0,0.00,0,F1,120,,,,,
2026-06-11,2026-06-11,FO,NSE,IDO,63494,,MIDCPNIFTY,,2026-07-28,2026-07-28,14475.00,PE,MIDCPNIFTY26JUL14475PE,0.00,0.00,0.00,835.70,0.00,835.70,13866.55,758.45,0,0,0,0.00,0,F1,120,,,,,
2026-06-11,2026-06-11,FO,NSE,IDO,63484,,MIDCPNIFTY,,2026-07-28,2026-07-28,14350.00,PE,MIDCPNIFTY26JUL14350PE,0.00,0.00,0.00,344.00,344.00,344.00,13866.55,677.40,120,0,0,0.00,0,F1,120,,,,,
2026-06-11,2026-06-11,FO,NSE,IDO,63468,,MIDCPNIFTY,,2026-07-28,2026-07-28,14150.00,PE,MIDCPNIFTY26JUL14150PE,0.00,0.00,0.00,658.05,0.00,658.05,13866.55,557.75,0,0,0,0.00,0,F1,120,,,,,
2026-06-11,2026-06-11,FO,NSE,IDO,63434,,MIDCPNIFTY,,2026-07-28,2026-07-28,13775.00,PE,MIDCPNIFTY26JUL13775PE,0.00,0.00,0.00,483.25,0.00,483.25,13866.55,368.60,0,0,0,0.00,0,F1,120,,,,,
2026-06-11,2026-06-11,FO,NSE,IDO,63406,,MIDCPNIFTY,,2026-07-28,2026-07-28,13425.00,PE,MIDCPNIFTY26JUL13425PE,0.00,0.00,0.00,349.45,0.00,349.45,13866.55,234.25,0,0,0,0.00,0,F1,120,,,,,
2026-06-11,2026-06-11,FO,NSE,IDO,63348,,MIDCPNIFTY,,2026-07-28,2026-07-28,12700.00,PE,MIDCPNIFTY26JUL12700PE,0.00,0.00,0.00,157.20,0.00,157.20,13866.55,71.75,0,0,0,0.00,0,F1,120,,,,,
2026-06-11,2026-06-11,FO,NSE,IDO,63340,,MIDCPNIFTY,,2026-07-28,2026-07-28,12600.00,PE,MIDCPNIFTY26JUL12600PE,0.00,0.00,0.00,138.65,0.00,138.65,13866.55,59.10,0,0,0,0.00,0,F1,120,,,,,
2026-06-11,2026-06-11,FO,NSE,IDO,54671,,MIDCPNIFTY,,2026-06-30,2026-06-30,15950.00,PE,MIDCPNIFTY26JUN15950PE,0.00,0.00,0.00,2019.80,0.00,2019.80,13866.55,2034.00,0,0,0,0.00,0,F1,120,,,,,
2026-06-11,2026-06-11,FO,NSE,IDO,53810,,MIDCPNIFTY,,2026-06-30,2026-06-30,15850.00,PE,MIDCPNIFTY26JUN15850PE,0.00,0.00,0.00,2066.45,0.00,2066.45,13866.55,1934.95,0,0,0,0.00,0,F1,120,,,,,
2026-06-11,2026-06-11,FO,NSE,IDO,49280,,MIDCPNIFTY,,2026-06-30,2026-06-30,15625.00,PE,MIDCPNIFTY26JUN15625PE,0.00,0.00,0.00,2094.65,0.00,2094.65,13866.55,1713.05,0,0,0,0.00,0,F1,120,,,,,
2026-06-11,2026-06-11,FO,NSE,IDO,40731,,MIDCPNIFTY,,2026-06-30,2026-06-30,14925.00,PE,MIDCPNIFTY26JUN14925PE,0.00,0.00,0.00,810.50,810.50,810.50,13866.55,1045.95,1440,0,0,0.00,0,F1,120,,,,,
2026-06-11,2026-06-11,FO,NSE,IDO,41340,,MIDCPNIFTY,,2026-06-30,2026-06-30,14850.00,PE,MIDCPNIFTY26JUN14850PE,0.00,0.00,0.00,734.00,734.00,734.00,13866.55,978.65,4920,0,0,0.00,0,F1,120,,,,,
2026-06-11,2026-06-11,FO,NSE,IDO,78774,,MIDCPNIFTY,,2026-06-30,2026-06-30,14600.00,PE,MIDCPNIFTY26JUN14600PE,650.00,742.00,643.95,742.00,742.00,626.60,13866.55,742.00,55680,-1680,25,45784410.00,21,F1,120,,,,,
2026-06-11,2026-06-11,FO,NSE,IDO,35121,,MIDCPNIFTY,,2026-06-30,2026-06-30,14550.00,PE,MIDCPNIFTY26JUN14550PE,670.00,670.00,670.00,670.00,670.00,452.60,13866.55,670.00,11520,-240,2,3652800.00,2,F1,120,,,,,
2026-06-11,2026-06-11,FO,NSE,IDO,78717,,MIDCPNIFTY,,2026-06-30,2026-06-30,14375.00,PE,MIDCPNIFTY26JUN14375PE,464.75,464.75,464.75,464.75,464.75,443.10,13866.55,589.15,7560,0,1,1780770.00,1,F1,120,,,,,
2026-06-11,2026-06-11,FO,NSE,IDO,78698,,MIDCPNIFTY,,2026-06-30,2026-06-30,14325.00,PE,MIDCPNIFTY26JUN14325PE,462.70,462.70,439.30,439.55,439.55,414.55,13866.55,552.90,2280,-600,6,10633218.00,5,F1,120,,,,,
2026-06-11,2026-06-11,FO,NSE,IDO,78525,,MIDCPNIFTY,,2026-06-30,2026-06-30,13350.00,PE,MIDCPNIFTY26JUN13350PE,80.35,84.00,57.00,70.55,68.50,60.60,13866.55,70.55,5880,3720,89,143318310.00,70,F1,120,,,,,
2026-06-11,2026-06-11,FO,NSE,IDO,78521,,MIDCPNIFTY,,2026-06-30,2026-06-30,13300.00,PE,MIDCPNIFTY26JUN13300PE,64.85,74.25,49.30,58.40,60.00,53.20,13866.55,58.40,269880,47640,3904,6258465522.00,2823,F1,120,,,,,
2026-06-11,2026-06-11,FO,NSE,IDO,60634,,MIDCPNIFTY,,2026-08-25,2026-08-25,14950.00,PE,MIDCPNIFTY26AUG14950PE,0.00,0.00,0.00,728.95,0.00,728.95,13866.55,1149.45,0,0,0,0.00,0,F1,120,,,,,
2026-06-11,2026-06-11,FO,NSE,IDO,60626,,MIDCPNIFTY,,2026-08-25,2026-08-25,14900.00,PE,MIDCPNIFTY26AUG14900PE,0.00,0.00,0.00,702.85,0.00,702.85,13866.55,1113.45,0,0,0,0.00,0,F1,120,,,,,
2026-06-11,2026-06-11,FO,NSE,IDO,60624,,MIDCPNIFTY,,2026-08-25,2026-08-25,14875.00,PE,MIDCPNIFTY26AUG14875PE,0.00,0.00,0.00,689.95,0.00,689.95,13866.55,1095.65,0,0,0,0.00,0,F1,120,,,,,
2026-06-11,2026-06-11,FO,NSE,IDO,60550,,MIDCPNIFTY,,2026-08-25,2026-08-25,14275.00,PE,MIDCPNIFTY26AUG14275PE,0.00,0.00,0.00,423.15,0.00,423.15,13866.55,710.50,0,0,0,0.00,0,F1,120,,,,,
2026-06-11,2026-06-11,FO,NSE,IDO,60540,,MIDCPNIFTY,,2026-08-25,2026-08-25,14250.00,PE,MIDCPNIFTY26AUG14250PE,0.00,0.00,0.00,413.75,0.00,413.75,13866.55,696.30,0,0,0,0.00,0,F1,120,,,,,
2026-06-11,2026-06-11,FO,NSE,IDO,60536,,MIDCPNIFTY,,2026-08-25,2026-08-25,14200.00,PE,MIDCPNIFTY26AUG14200PE,0.00,0.00,0.00,395.40,0.00,395.40,13866.55,668.45,0,0,0,0.00,0,F1,120,,,,,
2026-06-11,2026-06-11,FO,NSE,IDO,60528,,MIDCPNIFTY,,2026-08-25,2026-08-25,14175.00,PE,MIDCPNIFTY26AUG14175PE,0.00,0.00,0.00,386.40,0.00,386.40,13866.55,654.75,0,0,0,0.00,0,F1,120,,,,,
2026-06-11,2026-06-11,FO,NSE,IDO,60479,,MIDCPNIFTY,,2026-08-25,2026-08-25,13650.00,PE,MIDCPNIFTY26AUG13650PE,0.00,0.00,0.00,228.75,0.00,228.75,13866.55,404.90,0,0,0,0.00,0,F1,120,,,,,
2026-06-11,2026-06-11,FO,NSE,IDO,60444,,MIDCPNIFTY,,2026-08-25,2026-08-25,13400.00,PE,MIDCPNIFTY26AUG13400PE,0.00,0.00,0.00,172.65,0.00,172.65,13866.55,311.30,0,0,0,0.00,0,F1,120,,,,,
2026-06-11,2026-06-11,FO,NSE,IDO,60393,,MIDCPNIFTY,,2026-08-25,2026-08-25,12975.00,PE,MIDCPNIFTY26AUG12975PE,0.00,0.00,0.00,101.50,0.00,101.50,13866.55,188.25,0,0,0,0.00,0,F1,120,,,,,
2026-06-11,2026-06-11,FO,NSE,IDO,60362,,MIDCPNIFTY,,2026-08-25,2026-08-25,12775.00,PE,MIDCPNIFTY26AUG12775PE,0.00,0.00,0.00,77.10,0.00,77.10,13866.55,144.45,0,0,0,0.00,0,F1,120,,,,,
2026-06-11,2026-06-11,FO,NSE,IDO,60352,,MIDCPNIFTY,,2026-08-25,2026-08-25,12675.00,PE,MIDCPNIFTY26AUG12675PE,0.00,0.00,0.00,66.75,0.00,66.75,13866.55,125.65,0,0,0,0.00,0,F1,120,,,,,
2026-06-11,2026-06-11,FO,NSE,IDO,63578,,MIDCPNIFTY,,2026-07-28,2026-07-28,15500.00,PE,MIDCPNIFTY26JUL15500PE,0.00,0.00,0.00,1538.35,0.00,1538.35,13866.55,1569.05,0,0,0,0.00,0,F1,120,,,,,
2026-06-11,2026-06-11,FO,NSE,IDO,63576,,MIDCPNIFTY,,2026-07-28,2026-07-28,15475.00,PE,MIDCPNIFTY26JUL15475PE,0.00,0.00,0.00,1519.00,0.00,1519.00,13866.55,1546.90,0,0,0,0.00,0,F1,120,,,,,
2026-06-11,2026-06-11,FO,NSE,IDO,63558,,MIDCPNIFTY,,2026-07-28,2026-07-28,15250.00,PE,MIDCPNIFTY26JUL15250PE,0.00,0.00,0.00,1349.00,0.00,1349.00,13866.55,1351.90,0,0,0,0.00,0,F1,120,,,,,
2026-06-11,2026-06-11,FO,NSE,IDO,63476,,MIDCPNIFTY,,2026-07-28,2026-07-28,14250.00,PE,MIDCPNIFTY26JUL14250PE,0.00,0.00,0.00,408.80,408.80,408.80,13866.55,615.95,480,0,0,0.00,0,F1,120,,,,,
2026-06-11,2026-06-11,FO,NSE,IDO,63460,,MIDCPNIFTY,,2026-07-28,2026-07-28,14050.00,PE,MIDCPNIFTY26JUL14050PE,0.00,0.00,0.00,608.30,608.30,608.30,13866.55,502.70,120,0,0,0.00,0,F1,120,,,,,
2026-06-11,2026-06-11,FO,NSE,IDO,63432,,MIDCPNIFTY,,2026-07-28,2026-07-28,13750.00,PE,MIDCPNIFTY26JUL13750PE,0.00,0.00,0.00,472.75,0.00,472.75,13866.55,357.70,0,0,0,0.00,0,F1,120,,,,,
2026-06-11,2026-06-11,FO,NSE,IDO,63428,,MIDCPNIFTY,,2026-07-28,2026-07-28,13700.00,PE,MIDCPNIFTY26JUL13700PE,0.00,0.00,0.00,452.20,0.00,452.20,13866.55,336.40,0,0,0,0.00,0,F1,120,,,,,
2026-06-11,2026-06-11,FO,NSE,IDO,63404,,MIDCPNIFTY,,2026-07-28,2026-07-28,13400.00,PE,MIDCPNIFTY26JUL13400PE,0.00,0.00,0.00,340.95,0.00,340.95,13866.55,226.20,0,0,0,0.00,0,F1,120,,,,,
2026-06-11,2026-06-11,FO,NSE,IDO,63400,,MIDCPNIFTY,,2026-07-28,2026-07-28,13350.00,PE,MIDCPNIFTY26JUL13350PE,0.00,0.00,0.00,324.35,0.00,324.35,13866.55,210.60,0,0,0,0.00,0,F1,120,,,,,
2026-06-11,2026-06-11,FO,NSE,IDO,63359,,MIDCPNIFTY,,2026-07-28,2026-07-28,12850.00,CE,MIDCPNIFTY26JUL12850CE,0.00,0.00,0.00,1499.00,0.00,1499.00,13866.55,1220.95,0,0,0,0.00,0,F1,120,,,,,
2026-06-11,2026-06-11,FO,NSE,IDO,63370,,MIDCPNIFTY,,2026-07-28,2026-07-28,12975.00,PE,MIDCPNIFTY26JUL12975PE,0.00,0.00,0.00,217.65,0.00,217.65,13866.55,117.35,0,0,0,0.00,0,F1,120,,,,,
2026-06-11,2026-06-11,FO,NSE,IDO,63360,,MIDCPNIFTY,,2026-07-28,2026-07-28,12850.00,PE,MIDCPNIFTY26JUL12850PE,0.00,0.00,0.00,188.40,0.00,188.40,13866.55,94.50,0,0,0,0.00,0,F1,120,,,,,
2026-06-11,2026-06-11,FO,NSE,IDO,63354,,MIDCPNIFTY,,2026-07-28,2026-07-28,12775.00,PE,MIDCPNIFTY26JUL12775PE,0.00,0.00,0.00,172.30,0.00,172.30,13866.55,82.50,0,0,0,0.00,0,F1,120,,,,,
2026-06-11,2026-06-11,FO,NSE,IDO,63338,,MIDCPNIFTY,,2026-07-28,2026-07-28,12575.00,PE,MIDCPNIFTY26JUL12575PE,0.00,0.00,0.00,134.25,0.00,134.25,13866.55,56.25,0,0,0,0.00,0,F1,120,,,,,
2026-06-11,2026-06-11,FO,NSE,IDO,63330,,MIDCPNIFTY,,2026-07-28,2026-07-28,12475.00,PE,MIDCPNIFTY26JUL12475PE,0.00,0.00,0.00,117.80,0.00,117.80,13866.55,45.90,0,0,0,0.00,0,F1,120,,,,,
2026-06-11,2026-06-11,FO,NSE,IDO,63320,,MIDCPNIFTY,,2026-07-28,2026-07-28,12350.00,PE,MIDCPNIFTY26JUL12350PE,0.00,0.00,0.00,99.40,0.00,99.40,13866.55,35.15,0,0,0,0.00,0,F1,120,,,,,
2026-06-11,2026-06-11,FO,NSE,IDO,63316,,MIDCPNIFTY,,2026-07-28,2026-07-28,12300.00,PE,MIDCPNIFTY26JUL12300PE,0.00,0.00,0.00,92.70,0.00,92.70,13866.55,31.50,0,0,0,0.00,0,F1,120,,,,,
2026-06-11,2026-06-11,FO,NSE,IDO,78808,,MIDCPNIFTY,,2026-06-30,2026-06-30,15700.00,PE,MIDCPNIFTY26JUN15700PE,0.00,0.00,0.00,3273.25,0.00,3273.25,13866.55,1786.80,0,0,0,0.00,0,F1,120,,,,,
2026-06-11,2026-06-11,FO,NSE,IDO,35123,,MIDCPNIFTY,,2026-06-30,2026-06-30,14575.00,PE,MIDCPNIFTY26JUN14575PE,0.00,0.00,0.00,473.15,473.15,473.15,13866.55,744.15,6480,0,0,0.00,0,F1,120,,,,,
2026-06-11,2026-06-11,FO,NSE,IDO,78637,,MIDCPNIFTY,,2026-06-30,2026-06-30,13875.00,PE,MIDCPNIFTY26JUN13875PE,231.10,252.30,192.15,237.50,223.00,196.95,13866.55,237.50,19800,7320,790,1336984746.00,689,F1,120,,,,,
2026-06-11,2026-06-11,FO,NSE,IDO,78631,,MIDCPNIFTY,,2026-06-30,2026-06-30,13800.00,PE,MIDCPNIFTY26JUN13800PE,182.75,220.00,164.80,201.40,189.00,169.90,13866.55,201.40,270120,-12480,5068,8509205130.00,4317,F1,120,,,,,
2026-06-11,2026-06-11,FO,NSE,IDO,78584,,MIDCPNIFTY,,2026-06-30,2026-06-30,13450.00,PE,MIDCPNIFTY26JUN13450PE,87.65,93.10,75.70,86.25,85.00,76.20,13866.55,86.25,7920,2520,83,134808834.00,72,F1,120,,,,,
2026-06-11,2026-06-11,FO,NSE,IDO,78484,,MIDCPNIFTY,,2026-06-30,2026-06-30,13125.00,PE,MIDCPNIFTY26JUN13125PE,36.25,37.75,34.70,37.00,37.00,34.55,13866.55,37.00,1920,120,8,12634986.00,8,F1,120,,,,,
2026-06-11,2026-06-11,FO,NSE,IDO,78340,,MIDCPNIFTY,,2026-06-30,2026-06-30,12725.00,PE,MIDCPNIFTY26JUN12725PE,11.75,13.65,11.75,12.70,11.80,12.75,13866.55,12.70,5280,1200,20,30569688.00,11,F1,120,,,,,
2026-06-11,2026-06-11,FO,NSE,IDO,78308,,MIDCPNIFTY,,2026-06-30,2026-06-30,12550.00,PE,MIDCPNIFTY26JUN12550PE,9.45,10.20,6.40,8.20,7.50,8.50,13866.55,8.20,4560,-6120,91,137135304.00,59,F1,120,,,,,
2026-06-11,2026-06-11,FO,NSE,IDO,78300,,MIDCPNIFTY,,2026-06-30,2026-06-30,12450.00,PE,MIDCPNIFTY26JUN12450PE,6.25,6.25,6.25,6.25,6.25,4.70,13866.55,5.20,8160,-600,8,11958000.00,7,F1,120,,,,,
2026-06-11,2026-06-11,FO,NSE,IDO,78288,,MIDCPNIFTY,,2026-06-30,2026-06-30,12350.00,PE,MIDCPNIFTY26JUN12350PE,5.10,5.10,5.10,5.10,5.10,3.65,13866.55,3.40,120,-120,1,1482612.00,1,F1,120,,,,,
2026-06-11,2026-06-11,FO,NSE,IDO,78274,,MIDCPNIFTY,,2026-06-30,2026-06-30,12175.00,PE,MIDCPNIFTY26JUN12175PE,1.95,1.95,1.95,1.95,1.95,4.40,13866.55,1.55,120,-120,1,1461234.00,1,F1,120,,,,,
2026-06-11,2026-06-11,FO,NSE,IDO,77927,,MIDCPNIFTY,,2026-06-30,2026-06-30,10700.00,CE,MIDCPNIFTY26JUN10700CE,0.00,0.00,0.00,1719.80,0.00,1719.80,13866.55,3200.70,0,0,0,0.00,0,F1,120,,,,,
2026-06-11,2026-06-11,FO,NSE,IDO,78022,,MIDCPNIFTY,,2026-06-30,2026-06-30,10900.00,CE,MIDCPNIFTY26JUN10900CE,0.00,0.00,0.00,1550.10,0.00,1550.10,13866.55,3001.35,0,0,0,0.00,0,F1,120,,,,,
2026-06-11,2026-06-11,FO,NSE,IDO,78266,,MIDCPNIFTY,,2026-06-30,2026-06-30,12100.00,PE,MIDCPNIFTY26JUN12100PE,4.05,4.05,4.05,4.05,4.05,3.15,13866.55,4.05,1320,120,1,1452486.00,1,F1,120,,,,,
2026-06-11,2026-06-11,FO,NSE,IDO,78126,,MIDCPNIFTY,,2026-06-30,2026-06-30,11650.00,PE,MIDCPNIFTY26JUN11650PE,0.00,0.00,0.00,268.05,0.00,268.05,13866.55,0.10,0,0,0,0.00,0,F1,120,,,,,
2026-06-11,2026-06-11,FO,NSE,IDO,78120,,MIDCPNIFTY,,2026-06-30,2026-06-30,11575.00,PE,MIDCPNIFTY26JUN11575PE,0.00,0.00,0.00,244.90,0.00,244.90,13866.55,0.10,0,0,0,0.00,0,F1,120,,,,,
2026-06-11,2026-06-11,FO,NSE,IDO,78102,,MIDCPNIFTY,,2026-06-30,2026-06-30,11350.00,PE,MIDCPNIFTY26JUN11350PE,0.00,0.00,0.00,184.15,0.00,184.15,13866.55,0.05,0,0,0,0.00,0,F1,120,,,,,
2026-06-11,2026-06-11,FO,NSE,IDO,78094,,MIDCPNIFTY,,2026-06-30,2026-06-30,11250.00,PE,MIDCPNIFTY26JUN11250PE,0.00,0.00,0.00,160.85,0.00,160.85,13866.55,0.05,0,0,0,0.00,0,F1,120,,,,,
2026-06-11,2026-06-11,FO,NSE,IDO,78084,,MIDCPNIFTY,,2026-06-30,2026-06-30,11125.00,PE,MIDCPNIFTY26JUN11125PE,0.00,0.00,0.00,134.90,0.00,134.90,13866.55,0.00,0,0,0,0.00,0,F1,120,,,,,
2026-06-11,2026-06-11,FO,NSE,IDO,78069,,MIDCPNIFTY,,2026-06-30,2026-06-30,11025.00,PE,MIDCPNIFTY26JUN11025PE,0.00,0.00,0.00,116.45,0.00,116.45,13866.55,0.00,0,0,0,0.00,0,F1,120,,,,,
2026-06-11,2026-06-11,FO,NSE,IDO,78025,,MIDCPNIFTY,,2026-06-30,2026-06-30,10925.00,PE,MIDCPNIFTY26JUN10925PE,0.00,0.00,0.00,99.95,0.00,99.95,13866.55,0.00,0,0,0,0.00,0,F1,120,,,,,
2026-06-11,2026-06-11,FO,NSE,IDO,78023,,MIDCPNIFTY,,2026-06-30,2026-06-30,10900.00,PE,MIDCPNIFTY26JUN10900PE,0.00,0.00,0.00,96.10,0.00,96.10,13866.55,0.00,0,0,0,0.00,0,F1,120,,,,,
2026-06-11,2026-06-11,FO,NSE,IDO,60727,,MIDCPNIFTY,,2026-08-25,2026-08-25,15800.00,CE,MIDCPNIFTY26AUG15800CE,0.00,0.00,0.00,361.95,0.00,361.95,13866.55,110.60,0,0,0,0.00,0,F1,120,,,,,
2026-06-11,2026-06-11,FO,NSE,IDO,60683,,MIDCPNIFTY,,2026-08-25,2026-08-25,15400.00,CE,MIDCPNIFTY26AUG15400CE,0.00,0.00,0.00,491.35,0.00,491.35,13866.55,171.10,0,0,0,0.00,0,F1,120,,,,,
2026-06-11,2026-06-11,FO,NSE,IDO,60677,,MIDCPNIFTY,,2026-08-25,2026-08-25,15350.00,CE,MIDCPNIFTY26AUG15350CE,0.00,0.00,0.00,509.70,0.00,509.70,13866.55,180.35,0,0,0,0.00,0,F1,120,,,,,
2026-06-11,2026-06-11,FO,NSE,IDO,78099,,MIDCPNIFTY,,2026-06-30,2026-06-30,11325.00,CE,MIDCPNIFTY26JUN11325CE,0.00,0.00,0.00,1214.70,0.00,1214.70,13866.55,2577.70,0,0,0,0.00,0,F1,120,,,,,
2026-06-11,2026-06-11,FO,NSE,IDO,78121,,MIDCPNIFTY,,2026-06-30,2026-06-30,11600.00,CE,MIDCPNIFTY26JUN11600CE,0.00,0.00,0.00,1019.00,0.00,1019.00,13866.55,2303.65,0,0,0,0.00,0,F1,120,,,,,
2026-06-11,2026-06-11,FO,NSE,IDO,78129,,MIDCPNIFTY,,2026-06-30,2026-06-30,11700.00,CE,MIDCPNIFTY26JUN11700CE,0.00,0.00,0.00,952.60,0.00,952.60,13866.55,2204.05,0,0,0,0.00,0,F1,120,,,,,
2026-06-11,2026-06-11,FO,NSE,IDO,78299,,MIDCPNIFTY,,2026-06-30,2026-06-30,12450.00,CE,MIDCPNIFTY26JUN12450CE,0.00,0.00,0.00,539.60,0.00,539.60,13866.55,1461.50,0,0,0,0.00,0,F1,120,,,,,
2026-06-11,2026-06-11,FO,NSE,IDO,78311,,MIDCPNIFTY,,2026-06-30,2026-06-30,12600.00,CE,MIDCPNIFTY26JUN12600CE,0.00,0.00,0.00,475.15,0.00,475.15,13866.55,1316.15,0,0,0,0.00,0,F1,120,,,,,
2026-06-11,2026-06-11,FO,NSE,IDO,78489,,MIDCPNIFTY,,2026-06-30,2026-06-30,13200.00,CE,MIDCPNIFTY26JUN13200CE,0.00,0.00,0.00,1190.00,1190.00,1190.00,13866.55,772.85,120,0,0,0.00,0,F1,120,,,,,
2026-06-11,2026-06-11,FO,NSE,IDO,78517,,MIDCPNIFTY,,2026-06-30,2026-06-30,13275.00,CE,MIDCPNIFTY26JUN13275CE,0.00,0.00,0.00,253.50,0.00,253.50,13866.55,712.00,0,0,0,0.00,0,F1,120,,,,,
2026-06-11,2026-06-11,FO,NSE,IDO,78585,,MIDCPNIFTY,,2026-06-30,2026-06-30,13475.00,CE,MIDCPNIFTY26JUN13475CE,0.00,0.00,0.00,207.60,0.00,207.60,13866.55,560.80,0,0,0,0.00,0,F1,120,,,,,
2026-06-11,2026-06-11,FO,NSE,IDO,78618,,MIDCPNIFTY,,2026-06-30,2026-06-30,13650.00,CE,MIDCPNIFTY26JUN13650CE,436.60,484.95,426.65,438.70,438.70,505.95,13866.55,443.75,1800,960,15,25379982.00,14,F1,120,,,,,
2026-06-11,2026-06-11,FO,NSE,IDO,78642,,MIDCPNIFTY,,2026-06-30,2026-06-30,13950.00,CE,MIDCPNIFTY26JUN13950CE,260.85,297.80,224.20,237.75,254.20,303.20,13866.55,237.75,36120,22920,2348,4006696926.00,1906,F1,120,,,,,
2026-06-11,2026-06-11,FO,NSE,IDO,78648,,MIDCPNIFTY,,2026-06-30,2026-06-30,14025.00,CE,MIDCPNIFTY26JUN14025CE,223.35,256.35,188.70,197.00,218.75,266.70,13866.55,197.00,12840,2280,425,726668424.00,414,F1,120,,,,,
2026-06-11,2026-06-11,FO,NSE,IDO,78656,,MIDCPNIFTY,,2026-06-30,2026-06-30,14125.00,CE,MIDCPNIFTY26JUN14125CE,220.90,220.90,150.60,161.45,169.85,218.90,13866.55,161.45,16080,-2760,141,242066412.00,137,F1,120,,,,,
2026-06-11,2026-06-11,FO,NSE,IDO,40738,,MIDCPNIFTY,,2026-06-30,2026-06-30,15025.00,CE,MIDCPNIFTY26JUN15025CE,14.45,17.60,13.25,14.40,14.35,20.40,13866.55,14.40,10320,360,85,153403986.00,43,F1,120,,,,,
2026-06-11,2026-06-11,FO,NSE,IDO,40740,,MIDCPNIFTY,,2026-06-30,2026-06-30,15050.00,CE,MIDCPNIFTY26JUN15050CE,18.65,18.65,12.85,13.65,13.65,18.65,13866.55,13.65,3480,-240,44,79539900.00,28,F1,120,,,,,
2026-06-11,2026-06-11,FO,NSE,IDO,60675,,MIDCPNIFTY,,2026-08-25,2026-08-25,15325.00,CE,MIDCPNIFTY26AUG15325CE,0.00,0.00,0.00,519.10,0.00,519.10,13866.55,185.10,0,0,0,0.00,0,F1,120,,,,,
2026-06-11,2026-06-11,FO,NSE,IDO,60645,,MIDCPNIFTY,,2026-08-25,2026-08-25,15075.00,CE,MIDCPNIFTY26AUG15075CE,0.00,0.00,0.00,620.00,0.00,620.00,13866.55,239.05,0,0,0,0.00,0,F1,120,,,,,
2026-06-11,2026-06-11,FO,NSE,IDO,60559,,MIDCPNIFTY,,2026-08-25,2026-08-25,14400.00,CE,MIDCPNIFTY26AUG14400CE,0.00,0.00,0.00,960.45,0.00,960.45,13866.55,446.25,0,0,0,0.00,0,F1,120,,,,,
2026-06-11,2026-06-11,FO,NSE,IDO,60507,,MIDCPNIFTY,,2026-08-25,2026-08-25,13950.00,CE,MIDCPNIFTY26AUG13950CE,0.00,0.00,0.00,1243.40,0.00,1243.40,13866.55,645.30,0,0,0,0.00,0,F1,120,,,,,
2026-06-11,2026-06-11,FO,NSE,IDO,60476,,MIDCPNIFTY,,2026-08-25,2026-08-25,13625.00,CE,MIDCPNIFTY26AUG13625CE,0.00,0.00,0.00,1474.50,0.00,1474.50,13866.55,821.85,0,0,0,0.00,0,F1,120,,,,,
2026-06-11,2026-06-11,FO,NSE,IDO,40742,,MIDCPNIFTY,,2026-06-30,2026-06-30,15075.00,CE,MIDCPNIFTY26JUN15075CE,13.85,14.55,12.15,12.50,12.35,23.50,13866.55,12.50,2880,960,38,68803488.00,31,F1,120,,,,,
2026-06-11,2026-06-11,FO,NSE,IDO,40747,,MIDCPNIFTY,,2026-06-30,2026-06-30,15125.00,CE,MIDCPNIFTY26JUN15125CE,11.60,12.55,10.50,11.20,11.20,21.35,13866.55,11.20,2040,600,17,30878244.00,14,F1,120,,,,,
2026-06-11,2026-06-11,FO,NSE,IDO,78787,,MIDCPNIFTY,,2026-06-30,2026-06-30,15300.00,CE,MIDCPNIFTY26JUN15300CE,6.30,8.00,6.15,6.55,6.90,9.10,13866.55,6.55,95640,-19920,1001,1838647368.00,554,F1,120,,,,,
2026-06-11,2026-06-11,FO,NSE,IDO,40783,,MIDCPNIFTY,,2026-06-30,2026-06-30,15450.00,CE,MIDCPNIFTY26JUN15450CE,5.55,7.05,5.55,7.05,7.05,5.90,13866.55,7.80,2160,0,5,9273870.00,2,F1,120,,,,,
2026-06-11,2026-06-11,FO,NSE,IDO,78801,,MIDCPNIFTY,,2026-06-30,2026-06-30,15600.00,CE,MIDCPNIFTY26JUN15600CE,3.40,3.75,2.20,3.10,3.65,4.00,13866.55,3.10,19560,-5760,100,187240140.00,56,F1,120,,,,,
2026-06-11,2026-06-11,FO,NSE,IDO,60369,,MIDCPNIFTY,,2026-08-25,2026-08-25,12825.00,CE,MIDCPNIFTY26AUG12825CE,0.00,0.00,0.00,2122.75,0.00,2122.75,13866.55,1370.75,0,0,0,0.00,0,F1,120,,,,,
2026-06-11,2026-06-11,FO,NSE,IDO,60347,,MIDCPNIFTY,,2026-08-25,2026-08-25,12625.00,CE,MIDCPNIFTY26AUG12625CE,0.00,0.00,0.00,2299.10,0.00,2299.10,13866.55,1530.35,0,0,0,0.00,0,F1,120,,,,,
2026-06-11,2026-06-11,FO,NSE,IDO,63613,,MIDCPNIFTY,,2026-07-28,2026-07-28,15925.00,CE,MIDCPNIFTY26JUL15925CE,0.00,0.00,0.00,160.85,0.00,160.85,13866.55,34.50,0,0,0,0.00,0,F1,120,,,,,
2026-06-11,2026-06-11,FO,NSE,IDO,63589,,MIDCPNIFTY,,2026-07-28,2026-07-28,15650.00,CE,MIDCPNIFTY26JUL15650CE,0.00,0.00,0.00,207.30,0.00,207.30,13866.55,53.95,0,0,0,0.00,0,F1,120,,,,,
2026-06-11,2026-06-11,FO,NSE,IDO,63565,,MIDCPNIFTY,,2026-07-28,2026-07-28,15350.00,CE,MIDCPNIFTY26JUL15350CE,0.00,0.00,0.00,270.65,0.00,270.65,13866.55,85.40,0,0,0,0.00,0,F1,120,,,,,
2026-06-11,2026-06-11,FO,NSE,IDO,63539,,MIDCPNIFTY,,2026-07-28,2026-07-28,15025.00,CE,MIDCPNIFTY26JUL15025CE,0.00,0.00,0.00,354.80,0.00,354.80,13866.55,135.70,0,0,0,0.00,0,F1,120,,,,,
2026-06-11,2026-06-11,FO,NSE,IDO,63481,,MIDCPNIFTY,,2026-07-28,2026-07-28,14325.00,CE,MIDCPNIFTY26JUL14325CE,0.00,0.00,0.00,607.55,0.00,607.55,13866.55,325.80,0,0,0,0.00,0,F1,120,,,,,
2026-06-11,2026-06-11,FO,NSE,IDO,78085,,MIDCPNIFTY,,2026-06-30,2026-06-30,11150.00,CE,MIDCPNIFTY26JUN11150CE,0.00,0.00,0.00,1348.30,0.00,1348.30,13866.55,2752.15,0,0,0,0.00,0,F1,120,,,,,
2026-06-11,2026-06-11,FO,NSE,IDO,78119,,MIDCPNIFTY,,2026-06-30,2026-06-30,11575.00,CE,MIDCPNIFTY26JUN11575CE,0.00,0.00,0.00,1036.00,0.00,1036.00,13866.55,2328.55,0,0,0,0.00,0,F1,120,,,,,
2026-06-11,2026-06-11,FO,NSE,IDO,78123,,MIDCPNIFTY,,2026-06-30,2026-06-30,11625.00,CE,MIDCPNIFTY26JUN11625CE,0.00,0.00,0.00,1002.15,0.00,1002.15,13866.55,2278.75,0,0,0,0.00,0,F1,120,,,,,
2026-06-11,2026-06-11,FO,NSE,IDO,78125,,MIDCPNIFTY,,2026-06-30,2026-06-30,11650.00,CE,MIDCPNIFTY26JUN11650CE,0.00,0.00,0.00,985.50,0.00,985.50,13866.55,2253.85,0,0,0,0.00,0,F1,120,,,,,
2026-06-11,2026-06-11,FO,NSE,IDO,78238,,MIDCPNIFTY,,2026-06-30,2026-06-30,11925.00,CE,MIDCPNIFTY26JUN11925CE,0.00,0.00,0.00,812.80,0.00,812.80,13866.55,1980.05,0,0,0,0.00,0,F1,120,,,,,
2026-06-11,2026-06-11,FO,NSE,IDO,78244,,MIDCPNIFTY,,2026-06-30,2026-06-30,12000.00,CE,MIDCPNIFTY26JUN12000CE,1910.00,1910.00,1910.00,1910.00,1910.00,2295.75,13866.55,1905.50,24120,-120,1,1669200.00,1,F1,120,,,,,
2026-06-11,2026-06-11,FO,NSE,IDO,63390,,MIDCPNIFTY,,2026-07-28,2026-07-28,13225.00,PE,MIDCPNIFTY26JUL13225PE,0.00,0.00,0.00,285.35,0.00,285.35,13866.55,175.65,0,0,0,0.00,0,F1,120,,,,,
2026-06-11,2026-06-11,FO,NSE,IDO,63396,,MIDCPNIFTY,,2026-07-28,2026-07-28,13300.00,PE,MIDCPNIFTY26JUL13300PE,0.00,0.00,0.00,308.35,0.00,308.35,13866.55,195.80,0,0,0,0.00,0,F1,120,,,,,
2026-06-11,2026-06-11,FO,NSE,IDO,63402,,MIDCPNIFTY,,2026-07-28,2026-07-28,13375.00,PE,MIDCPNIFTY26JUL13375PE,0.00,0.00,0.00,332.60,0.00,332.60,13866.55,218.30,0,0,0,0.00,0,F1,120,,,,,
2026-06-11,2026-06-11,FO,NSE,IDO,63410,,MIDCPNIFTY,,2026-07-28,2026-07-28,13475.00,PE,MIDCPNIFTY26JUL13475PE,0.00,0.00,0.00,366.85,0.00,366.85,13866.55,251.00,0,0,0,0.00,0,F1,120,,,,,
2026-06-11,2026-06-11,FO,NSE,IDO,63412,,MIDCPNIFTY,,2026-07-28,2026-07-28,13500.00,PE,MIDCPNIFTY26JUL13500PE,234.25,239.15,190.00,229.25,230.00,212.70,13866.55,229.25,12600,3240,61,100411632.00,56,F1,120,,,,,
2026-06-11,2026-06-11,FO,NSE,IDO,35129,,MIDCPNIFTY,,2026-06-30,2026-06-30,14650.00,PE,MIDCPNIFTY26JUN14650PE,757.75,757.75,757.75,757.75,757.75,518.75,13866.55,757.75,13320,120,1,1848930.00,1,F1,120,,,,,
2026-06-11,2026-06-11,FO,NSE,IDO,40735,,MIDCPNIFTY,,2026-06-30,2026-06-30,14950.00,PE,MIDCPNIFTY26JUN14950PE,0.00,0.00,0.00,828.35,828.35,828.35,13866.55,1068.65,720,0,0,0.00,0,F1,120,,,,,
2026-06-11,2026-06-11,FO,NSE,IDO,78684,,MIDCPNIFTY,,2026-06-30,2026-06-30,14300.00,PE,MIDCPNIFTY26JUN14300PE,461.20,505.80,418.05,472.15,467.00,423.70,13866.55,472.15,401520,-31080,1223,2165438988.00,725,F1,120,,,,,
2026-06-11,2026-06-11,FO,NSE,IDO,78647,,MIDCPNIFTY,,2026-06-30,2026-06-30,14000.00,PE,MIDCPNIFTY26JUN14000PE,300.00,313.00,242.95,292.45,282.65,249.60,13866.55,292.45,512640,-26040,9783,16758943050.00,7867,F1,120,,,,,
2026-06-11,2026-06-11,FO,NSE,IDO,63429,,MIDCPNIFTY,,2026-07-28,2026-07-28,13725.00,CE,MIDCPNIFTY26JUL13725CE,0.00,0.00,0.00,910.60,0.00,910.60,13866.55,605.85,0,0,0,0.00,0,F1,120,,,,,
2026-06-11,2026-06-11,FO,NSE,IDO,63469,,MIDCPNIFTY,,2026-07-28,2026-07-28,14175.00,CE,MIDCPNIFTY26JUL14175CE,0.00,0.00,0.00,675.55,0.00,675.55,13866.55,384.75,0,0,0,0.00,0,F1,120,,,,,
2026-06-11,2026-06-11,FO,NSE,IDO,60576,,MIDCPNIFTY,,2026-08-25,2026-08-25,14450.00,PE,MIDCPNIFTY26AUG14450PE,0.00,0.00,0.00,492.70,0.00,492.70,13866.55,814.05,0,0,0,0.00,0,F1,120,,,,,
2026-06-11,2026-06-11,FO,NSE,IDO,60574,,MIDCPNIFTY,,2026-08-25,2026-08-25,14425.00,PE,MIDCPNIFTY26AUG14425PE,0.00,0.00,0.00,482.35,0.00,482.35,13866.55,798.80,0,0,0,0.00,0,F1,120,,,,,
2026-06-11,2026-06-11,FO,NSE,IDO,78305,,MIDCPNIFTY,,2026-06-30,2026-06-30,12525.00,CE,MIDCPNIFTY26JUN12525CE,0.00,0.00,0.00,506.65,0.00,506.65,13866.55,1388.55,0,0,0,0.00,0,F1,120,,,,,
2026-06-11,2026-06-11,FO,NSE,IDO,63490,,MIDCPNIFTY,,2026-07-28,2026-07-28,14425.00,PE,MIDCPNIFTY26JUL14425PE,0.00,0.00,0.00,806.85,0.00,806.85,13866.55,725.45,0,0,0,0.00,0,F1,120,,,,,
2026-06-11,2026-06-11,FO,NSE,IDO,63492,,MIDCPNIFTY,,2026-07-28,2026-07-28,14450.00,PE,MIDCPNIFTY26JUL14450PE,0.00,0.00,0.00,821.20,0.00,821.20,13866.55,741.85,0,0,0,0.00,0,F1,120,,,,,
2026-06-11,2026-06-11,FO,NSE,IDO,63506,,MIDCPNIFTY,,2026-07-28,2026-07-28,14625.00,PE,MIDCPNIFTY26JUL14625PE,0.00,0.00,0.00,925.60,0.00,925.60,13866.55,861.65,0,0,0,0.00,0,F1,120,,,,,
2026-06-11,2026-06-11,FO,NSE,IDO,63536,,MIDCPNIFTY,,2026-07-28,2026-07-28,14975.00,PE,MIDCPNIFTY26JUL14975PE,0.00,0.00,0.00,1153.45,0.00,1153.45,13866.55,1125.65,0,0,0,0.00,0,F1,120,,,,,
2026-06-11,2026-06-11,FO,NSE,IDO,63540,,MIDCPNIFTY,,2026-07-28,2026-07-28,15025.00,PE,MIDCPNIFTY26JUL15025PE,0.00,0.00,0.00,1187.95,0.00,1187.95,13866.55,1165.65,0,0,0,0.00,0,F1,120,,,,,
2026-06-11,2026-06-11,FO,NSE,IDO,78475,,MIDCPNIFTY,,2026-06-30,2026-06-30,13025.00,CE,MIDCPNIFTY26JUN13025CE,0.00,0.00,0.00,323.30,0.00,323.30,13866.55,922.30,0,0,0,0.00,0,F1,120,,,,,
2026-06-11,2026-06-11,FO,NSE,IDO,78532,,MIDCPNIFTY,,2026-06-30,2026-06-30,13375.00,CE,MIDCPNIFTY26JUN13375CE,620.10,642.40,620.10,642.40,642.40,229.80,13866.55,634.30,0,0,2,3361500.00,2,F1,120,,,,,
2026-06-11,2026-06-11,FO,NSE,IDO,78782,,MIDCPNIFTY,,2026-06-30,2026-06-30,15000.00,PE,MIDCPNIFTY26JUN15000PE,1030.00,1108.05,1010.50,1108.05,1108.05,981.75,13866.55,1108.05,34200,-1080,22,42385806.00,14,F1,120,,,,,
2026-06-11,2026-06-11,FO,NSE,IDO,40775,,MIDCPNIFTY,,2026-06-30,2026-06-30,15325.00,PE,MIDCPNIFTY26JUN15325PE,0.00,0.00,0.00,1990.05,0.00,1990.05,13866.55,1421.00,0,0,0,0.00,0,F1,120,,,,,
2026-06-11,2026-06-11,FO,NSE,IDO,78641,,MIDCPNIFTY,,2026-06-30,2026-06-30,13925.00,PE,MIDCPNIFTY26JUN13925PE,252.45,273.45,215.00,257.55,236.95,214.15,13866.55,257.55,15600,1680,1336,2271480564.00,1204,F1,120,,,,,
2026-06-11,2026-06-11,FO,NSE,IDO,78619,,MIDCPNIFTY,,2026-06-30,2026-06-30,13650.00,PE,MIDCPNIFTY26JUN13650PE,157.70,157.70,122.05,150.65,138.20,121.70,13866.55,150.65,10920,3120,170,281323506.00,155,F1,120,,,,,
2026-06-11,2026-06-11,FO,NSE,IDO,78594,,MIDCPNIFTY,,2026-06-30,2026-06-30,13550.00,PE,MIDCPNIFTY26JUN13550PE,122.55,127.00,95.25,117.10,109.00,98.35,13866.55,117.10,7560,5160,141,231184872.00,123,F1,120,,,,,
2026-06-11,2026-06-11,FO,NSE,IDO,78480,,MIDCPNIFTY,,2026-06-30,2026-06-30,13075.00,PE,MIDCPNIFTY26JUN13075PE,32.05,36.00,27.30,32.55,31.00,19.25,13866.55,32.55,1560,-120,12,18873420.00,12,F1,120,,,,,
2026-06-11,2026-06-11,FO,NSE,IDO,78264,,MIDCPNIFTY,,2026-06-30,2026-06-30,12075.00,PE,MIDCPNIFTY26JUN12075PE,0.00,0.00,0.00,2.55,2.55,2.55,13866.55,0.95,360,0,0,0.00,0,F1,120,,,,,
2026-06-11,2026-06-11,FO,NSE,IDO,78187,,MIDCPNIFTY,,2026-06-30,2026-06-30,11825.00,PE,MIDCPNIFTY26JUN11825PE,0.00,0.00,0.00,327.70,0.00,327.70,13866.55,0.25,0,0,0,0.00,0,F1,120,,,,,
2026-06-11,2026-06-11,FO,NSE,IDO,60506,,MIDCPNIFTY,,2026-08-25,2026-08-25,13925.00,PE,MIDCPNIFTY26AUG13925PE,0.00,0.00,0.00,304.05,0.00,304.05,13866.55,526.80,0,0,0,0.00,0,F1,120,,,,,
2026-06-11,2026-06-11,FO,NSE,IDO,60450,,MIDCPNIFTY,,2026-08-25,2026-08-25,13475.00,PE,MIDCPNIFTY26AUG13475PE,0.00,0.00,0.00,188.25,0.00,188.25,13866.55,337.70,0,0,0,0.00,0,F1,120,,,,,
2026-06-11,2026-06-11,FO,NSE,IDO,60434,,MIDCPNIFTY,,2026-08-25,2026-08-25,13275.00,PE,MIDCPNIFTY26AUG13275PE,0.00,0.00,0.00,148.70,0.00,148.70,13866.55,270.50,0,0,0,0.00,0,F1,120,,,,,
2026-06-11,2026-06-11,FO,NSE,IDO,60333,,MIDCPNIFTY,,2026-08-25,2026-08-25,12500.00,PE,MIDCPNIFTY26AUG12500PE,0.00,0.00,0.00,51.30,0.00,51.30,13866.55,97.25,0,0,0,0.00,0,F1,120,,,,,
2026-06-11,2026-06-11,FO,NSE,IDO,63630,,MIDCPNIFTY,,2026-07-28,2026-07-28,16100.00,PE,MIDCPNIFTY26JUL16100PE,0.00,0.00,0.00,2028.85,0.00,2028.85,13866.55,2121.40,0,0,0,0.00,0,F1,120,,,,,
2026-06-11,2026-06-11,FO,NSE,IDO,63586,,MIDCPNIFTY,,2026-07-28,2026-07-28,15600.00,PE,MIDCPNIFTY26JUL15600PE,0.00,0.00,0.00,1616.75,0.00,1616.75,13866.55,1658.40,0,0,0,0.00,0,F1,120,,,,,
2026-06-11,2026-06-11,FO,NSE,IDO,63560,,MIDCPNIFTY,,2026-07-28,2026-07-28,15275.00,PE,MIDCPNIFTY26JUL15275PE,0.00,0.00,0.00,1368.05,0.00,1368.05,13866.55,1373.15,0,0,0,0.00,0,F1,120,,,,,
2026-06-11,2026-06-11,FO,NSE,IDO,63552,,MIDCPNIFTY,,2026-07-28,2026-07-28,15175.00,PE,MIDCPNIFTY26JUL15175PE,0.00,0.00,0.00,1294.30,0.00,1294.30,13866.55,1288.75,0,0,0,0.00,0,F1,120,,,,,
2026-06-11,2026-06-11,FO,NSE,IDO,40777,,MIDCPNIFTY,,2026-06-30,2026-06-30,15350.00,PE,MIDCPNIFTY26JUN15350PE,0.00,0.00,0.00,2011.90,0.00,2011.90,13866.55,1445.10,0,0,0,0.00,0,F1,120,,,,,
2026-06-11,2026-06-11,FO,NSE,IDO,78133,,MIDCPNIFTY,,2026-06-30,2026-06-30,11725.00,PE,MIDCPNIFTY26JUN11725PE,0.00,0.00,0.00,292.65,0.00,292.65,13866.55,0.15,0,0,0,0.00,0,F1,120,,,,,
2026-06-11,2026-06-11,FO,NSE,IDO,78090,,MIDCPNIFTY,,2026-06-30,2026-06-30,11200.00,PE,MIDCPNIFTY26JUN11200PE,0.00,0.00,0.00,150.05,0.00,150.05,13866.55,0.00,0,0,0,0.00,0,F1,120,,,,,
2026-06-11,2026-06-11,FO,NSE,IDO,78075,,MIDCPNIFTY,,2026-06-30,2026-06-30,11050.00,PE,MIDCPNIFTY26JUN11050PE,0.00,0.00,0.00,120.85,0.00,120.85,13866.55,0.00,0,0,0,0.00,0,F1,120,,,,,
2026-06-11,2026-06-11,FO,NSE,IDO,78019,,MIDCPNIFTY,,2026-06-30,2026-06-30,10850.00,PE,MIDCPNIFTY26JUN10850PE,0.00,0.00,0.00,88.80,0.00,88.80,13866.55,0.00,0,0,0,0.00,0,F1,120,,,,,
2026-06-11,2026-06-11,FO,NSE,IDO,60667,,MIDCPNIFTY,,2026-08-25,2026-08-25,15225.00,CE,MIDCPNIFTY26AUG15225CE,0.00,0.00,0.00,557.85,0.00,557.85,13866.55,205.20,0,0,0,0.00,0,F1,120,,,,,
2026-06-11,2026-06-11,FO,NSE,IDO,60627,,MIDCPNIFTY,,2026-08-25,2026-08-25,14925.00,CE,MIDCPNIFTY26AUG14925CE,0.00,0.00,0.00,686.90,0.00,686.90,13866.55,276.10,0,0,0,0.00,0,F1,120,,,,,
2026-06-11,2026-06-11,FO,NSE,IDO,60591,,MIDCPNIFTY,,2026-08-25,2026-08-25,14600.00,CE,MIDCPNIFTY26AUG14600CE,0.00,0.00,0.00,849.05,0.00,849.05,13866.55,374.05,0,0,0,0.00,0,F1,120,,,,,
2026-06-11,2026-06-11,FO,NSE,IDO,60553,,MIDCPNIFTY,,2026-08-25,2026-08-25,14325.00,CE,MIDCPNIFTY26AUG14325CE,0.00,0.00,0.00,1004.55,0.00,1004.55,13866.55,475.85,0,0,0,0.00,0,F1,120,,,,,
2026-06-11,2026-06-11,FO,NSE,IDO,60549,,MIDCPNIFTY,,2026-08-25,2026-08-25,14275.00,CE,MIDCPNIFTY26AUG14275CE,0.00,0.00,0.00,1034.60,0.00,1034.60,13866.55,496.35,0,0,0,0.00,0,F1,120,,,,,
2026-06-11,2026-06-11,FO,NSE,IDO,60523,,MIDCPNIFTY,,2026-08-25,2026-08-25,14125.00,CE,MIDCPNIFTY26AUG14125CE,0.00,0.00,0.00,1128.15,0.00,1128.15,13866.55,561.65,0,0,0,0.00,0,F1,120,,,,,
2026-06-11,2026-06-11,FO,NSE,IDO,78614,,MIDCPNIFTY,,2026-06-30,2026-06-30,13600.00,CE,MIDCPNIFTY26JUN13600CE,462.65,521.95,431.60,447.85,478.45,585.00,13866.55,447.85,2880,2040,68,114859896.00,46,F1,120,,,,,
2026-06-11,2026-06-11,FO,NSE,IDO,63478,,MIDCPNIFTY,,2026-07-28,2026-07-28,14275.00,PE,MIDCPNIFTY26JUL14275PE,0.00,0.00,0.00,420.20,420.20,420.20,13866.55,631.05,120,0,0,0.00,0,F1,120,,,,,
2026-06-11,2026-06-11,FO,NSE,IDO,78701,,MIDCPNIFTY,,2026-06-30,2026-06-30,14375.00,CE,MIDCPNIFTY26JUN14375CE,102.75,113.65,78.35,85.30,91.35,122.40,13866.55,85.30,15840,-720,81,140666424.00,66,F1,120,,,,,
2026-06-11,2026-06-11,FO,NSE,IDO,35102,,MIDCPNIFTY,,2026-06-30,2026-06-30,14425.00,CE,MIDCPNIFTY26JUN14425CE,84.75,99.15,68.45,72.60,79.80,116.15,13866.55,72.60,18000,-120,81,141048468.00,53,F1,120,,,,,
2026-06-11,2026-06-11,FO,NSE,IDO,49281,,MIDCPNIFTY,,2026-06-30,2026-06-30,15650.00,CE,MIDCPNIFTY26JUN15650CE,2.80,2.80,2.80,2.80,2.80,3.85,13866.55,4.10,9840,0,2,3756672.00,1,F1,120,,,,,
2026-06-11,2026-06-11,FO,NSE,IDO,63397,,MIDCPNIFTY,,2026-07-28,2026-07-28,13325.00,CE,MIDCPNIFTY26JUL13325CE,0.00,0.00,0.00,1158.75,0.00,1158.75,13866.55,858.60,0,0,0,0.00,0,F1,120,,,,,
2026-06-11,2026-06-11,FO,NSE,IDO,63413,,MIDCPNIFTY,,2026-07-28,2026-07-28,13525.00,CE,MIDCPNIFTY26JUL13525CE,0.00,0.00,0.00,1030.10,0.00,1030.10,13866.55,725.80,0,0,0,0.00,0,F1,120,,,,,
2026-06-11,2026-06-11,FO,NSE,IDO,63425,,MIDCPNIFTY,,2026-07-28,2026-07-28,13675.00,CE,MIDCPNIFTY26JUL13675CE,0.00,0.00,0.00,939.60,0.00,939.60,13866.55,634.60,0,0,0,0.00,0,F1,120,,,,,
2026-06-11,2026-06-11,FO,NSE,IDO,78700,,MIDCPNIFTY,,2026-06-30,2026-06-30,14350.00,PE,MIDCPNIFTY26JUN14350PE,464.75,500.20,447.25,465.45,465.45,444.20,13866.55,570.90,10320,-120,6,10668954.00,5,F1,120,,,,,
2026-06-11,2026-06-11,FO,NSE,IDO,60521,,MIDCPNIFTY,,2026-08-25,2026-08-25,14100.00,CE,MIDCPNIFTY26AUG14100CE,0.00,0.00,0.00,1144.20,0.00,1144.20,13866.55,573.10,0,0,0,0.00,0,F1,120,,,,,
2026-06-11,2026-06-11,FO,NSE,IDO,60445,,MIDCPNIFTY,,2026-08-25,2026-08-25,13425.00,CE,MIDCPNIFTY26AUG13425CE,0.00,0.00,0.00,1626.65,0.00,1626.65,13866.55,944.25,0,0,0,0.00,0,F1,120,,,,,
2026-06-11,2026-06-11,FO,NSE,IDO,60435,,MIDCPNIFTY,,2026-08-25,2026-08-25,13300.00,CE,MIDCPNIFTY26AUG13300CE,0.00,0.00,0.00,1725.40,0.00,1725.40,13866.55,1025.95,0,0,0,0.00,0,F1,120,,,,,
2026-06-11,2026-06-11,FO,NSE,IDO,41339,,MIDCPNIFTY,,2026-06-30,2026-06-30,14850.00,CE,MIDCPNIFTY26JUN14850CE,33.65,33.65,20.80,22.35,23.35,33.65,13866.55,22.35,9840,3360,80,142793808.00,52,F1,120,,,,,
2026-06-11,2026-06-11,FO,NSE,IDO,63325,,MIDCPNIFTY,,2026-07-28,2026-07-28,12425.00,CE,MIDCPNIFTY26JUL12425CE,0.00,0.00,0.00,1839.70,0.00,1839.70,13866.55,1589.15,0,0,0,0.00,0,F1,120,,,,,
2026-06-11,2026-06-11,FO,NSE,IDO,63339,,MIDCPNIFTY,,2026-07-28,2026-07-28,12600.00,CE,MIDCPNIFTY26JUL12600CE,0.00,0.00,0.00,1695.65,0.00,1695.65,13866.55,1433.45,0,0,0,0.00,0,F1,120,,,,,
2026-06-11,2026-06-11,FO,NSE,IDO,63345,,MIDCPNIFTY,,2026-07-28,2026-07-28,12675.00,CE,MIDCPNIFTY26JUL12675CE,0.00,0.00,0.00,1635.50,0.00,1635.50,13866.55,1368.35,0,0,0,0.00,0,F1,120,,,,,
2026-06-11,2026-06-11,FO,NSE,IDO,63393,,MIDCPNIFTY,,2026-07-28,2026-07-28,13275.00,CE,MIDCPNIFTY26JUL13275CE,0.00,0.00,0.00,1192.30,0.00,1192.30,13866.55,893.75,0,0,0,0.00,0,F1,120,,,,,
2026-06-11,2026-06-11,FO,NSE,IDO,63395,,MIDCPNIFTY,,2026-07-28,2026-07-28,13300.00,CE,MIDCPNIFTY26JUL13300CE,0.00,0.00,0.00,1175.45,0.00,1175.45,13866.55,876.10,0,0,0,0.00,0,F1,120,,,,,
2026-06-11,2026-06-11,FO,NSE,IDO,63417,,MIDCPNIFTY,,2026-07-28,2026-07-28,13575.00,CE,MIDCPNIFTY26JUL13575CE,0.00,0.00,0.00,999.40,0.00,999.40,13866.55,694.55,0,0,0,0.00,0,F1,120,,,,,
2026-06-11,2026-06-11,FO,NSE,IDO,63423,,MIDCPNIFTY,,2026-07-28,2026-07-28,13650.00,CE,MIDCPNIFTY26JUL13650CE,0.00,0.00,0.00,954.35,0.00,954.35,13866.55,649.30,0,0,0,0.00,0,F1,120,,,,,
2026-06-11,2026-06-11,FO,NSE,IDO,63457,,MIDCPNIFTY,,2026-07-28,2026-07-28,14025.00,CE,MIDCPNIFTY26JUL14025CE,0.00,0.00,0.00,748.70,0.00,748.70,13866.55,450.95,0,0,0,0.00,0,F1,120,,,,,
2026-06-11,2026-06-11,FO,NSE,IDO,63473,,MIDCPNIFTY,,2026-07-28,2026-07-28,14225.00,CE,MIDCPNIFTY26JUL14225CE,0.00,0.00,0.00,652.30,0.00,652.30,13866.55,364.30,0,0,0,0.00,0,F1,120,,,,,
2026-06-11,2026-06-11,FO,NSE,IDO,63507,,MIDCPNIFTY,,2026-07-28,2026-07-28,14650.00,CE,MIDCPNIFTY26JUL14650CE,0.00,0.00,0.00,477.50,0.00,477.50,13866.55,221.30,0,0,0,0.00,0,F1,120,,,,,
2026-06-11,2026-06-11,FO,NSE,IDO,63509,,MIDCPNIFTY,,2026-07-28,2026-07-28,14675.00,CE,MIDCPNIFTY26JUL14675CE,0.00,0.00,0.00,393.15,393.15,393.15,13866.55,214.50,240,0,0,0.00,0,F1,120,,,,,
2026-06-11,2026-06-11,FO,NSE,IDO,63545,,MIDCPNIFTY,,2026-07-28,2026-07-28,15100.00,CE,MIDCPNIFTY26JUL15100CE,0.00,0.00,0.00,333.55,0.00,333.55,13866.55,122.35,0,0,0,0.00,0,F1,120,,,,,
2026-06-11,2026-06-11,FO,NSE,IDO,63597,,MIDCPNIFTY,,2026-07-28,2026-07-28,15750.00,CE,MIDCPNIFTY26JUL15750CE,0.00,0.00,0.00,189.25,0.00,189.25,13866.55,46.00,0,0,0,0.00,0,F1,120,,,,,
2026-06-11,2026-06-11,FO,NSE,IDO,63619,,MIDCPNIFTY,,2026-07-28,2026-07-28,16000.00,CE,MIDCPNIFTY26JUL16000CE,0.00,0.00,0.00,149.80,0.00,149.80,13866.55,30.40,0,0,0,0.00,0,F1,120,,,,,
2026-06-11,2026-06-11,FO,NSE,IDO,63629,,MIDCPNIFTY,,2026-07-28,2026-07-28,16100.00,CE,MIDCPNIFTY26JUL16100CE,0.00,0.00,0.00,136.10,0.00,136.10,13866.55,25.65,0,0,0,0.00,0,F1,120,,,,,
2026-06-11,2026-06-11,FO,NSE,IDO,60382,,MIDCPNIFTY,,2026-08-25,2026-08-25,12850.00,CE,MIDCPNIFTY26AUG12850CE,0.00,0.00,0.00,2101.05,0.00,2101.05,13866.55,1351.35,0,0,0,0.00,0,F1,120,,,,,
2026-06-11,2026-06-11,FO,NSE,IDO,60413,,MIDCPNIFTY,,2026-08-25,2026-08-25,13075.00,CE,MIDCPNIFTY26AUG13075CE,0.00,0.00,0.00,1909.50,0.00,1909.50,13866.55,1183.35,0,0,0,0.00,0,F1,120,,,,,
2026-06-11,2026-06-11,FO,NSE,IDO,60499,,MIDCPNIFTY,,2026-08-25,2026-08-25,13850.00,CE,MIDCPNIFTY26AUG13850CE,0.00,0.00,0.00,1312.75,0.00,1312.75,13866.55,696.65,0,0,0,0.00,0,F1,120,,,,,
2026-06-11,2026-06-11,FO,NSE,IDO,60501,,MIDCPNIFTY,,2026-08-25,2026-08-25,13875.00,CE,MIDCPNIFTY26AUG13875CE,0.00,0.00,0.00,1294.75,0.00,1294.75,13866.55,683.55,0,0,0,0.00,0,F1,120,,,,,
2026-06-11,2026-06-11,FO,NSE,IDO,60609,,MIDCPNIFTY,,2026-08-25,2026-08-25,14700.00,CE,MIDCPNIFTY26AUG14700CE,0.00,0.00,0.00,796.65,0.00,796.65,13866.55,341.45,0,0,0,0.00,0,F1,120,,,,,
2026-06-11,2026-06-11,FO,NSE,IDO,60643,,MIDCPNIFTY,,2026-08-25,2026-08-25,15050.00,CE,MIDCPNIFTY26AUG15050CE,0.00,0.00,0.00,630.80,0.00,630.80,13866.55,245.00,0,0,0,0.00,0,F1,120,,,,,
2026-06-11,2026-06-11,FO,NSE,IDO,60649,,MIDCPNIFTY,,2026-08-25,2026-08-25,15125.00,CE,MIDCPNIFTY26AUG15125CE,0.00,0.00,0.00,598.75,0.00,598.75,13866.55,227.50,0,0,0,0.00,0,F1,120,,,,,
2026-06-11,2026-06-11,FO,NSE,IDO,78096,,MIDCPNIFTY,,2026-06-30,2026-06-30,11275.00,PE,MIDCPNIFTY26JUN11275PE,0.00,0.00,0.00,166.45,0.00,166.45,13866.55,0.05,0,0,0,0.00,0,F1,120,,,,,
2026-06-11,2026-06-11,FO,NSE,IDO,78104,,MIDCPNIFTY,,2026-06-30,2026-06-30,11375.00,PE,MIDCPNIFTY26JUN11375PE,0.00,0.00,0.00,190.75,0.00,190.75,13866.55,0.05,0,0,0,0.00,0,F1,120,,,,,
2026-06-11,2026-06-11,FO,NSE,IDO,78116,,MIDCPNIFTY,,2026-06-30,2026-06-30,11525.00,PE,MIDCPNIFTY26JUN11525PE,0.00,0.00,0.00,230.80,0.00,230.80,13866.55,0.05,0,0,0,0.00,0,F1,120,,,,,
2026-06-11,2026-06-11,FO,NSE,IDO,78243,,MIDCPNIFTY,,2026-06-30,2026-06-30,11975.00,PE,MIDCPNIFTY26JUN11975PE,3.70,3.70,3.70,3.70,3.70,3.70,13866.55,0.60,840,120,5,7187220.00,1,F1,120,,,,,
2026-06-11,2026-06-11,FO,NSE,IDO,78268,,MIDCPNIFTY,,2026-06-30,2026-06-30,12125.00,PE,MIDCPNIFTY26JUN12125PE,0.00,0.00,0.00,3.75,3.75,3.75,13866.55,1.25,1320,0,0,0.00,0,F1,120,,,,,
2026-06-11,2026-06-11,FO,NSE,IDO,78306,,MIDCPNIFTY,,2026-06-30,2026-06-30,12525.00,PE,MIDCPNIFTY26JUN12525PE,8.50,8.50,7.20,7.50,7.50,5.30,13866.55,7.05,3720,-480,11,16543038.00,9,F1,120,,,,,
2026-06-11,2026-06-11,FO,NSE,IDO,78318,,MIDCPNIFTY,,2026-06-30,2026-06-30,12675.00,PE,MIDCPNIFTY26JUN12675PE,12.80,12.80,10.00,10.80,10.50,11.55,13866.55,10.80,1680,-840,48,73074576.00,27,F1,120,,,,,
2026-06-11,2026-06-11,FO,NSE,IDO,78504,,MIDCPNIFTY,,2026-06-30,2026-06-30,13250.00,PE,MIDCPNIFTY26JUN13250PE,45.75,58.40,45.75,56.30,55.60,48.75,13866.55,56.30,5280,3480,40,63847308.00,29,F1,120,,,,,
2026-06-11,2026-06-11,FO,NSE,IDO,78627,,MIDCPNIFTY,,2026-06-30,2026-06-30,13750.00,PE,MIDCPNIFTY26JUN13750PE,187.90,198.75,150.00,182.20,163.85,152.90,13866.55,182.20,9480,2760,609,1017511176.00,528,F1,120,,,,,
2026-06-11,2026-06-11,FO,NSE,IDO,78655,,MIDCPNIFTY,,2026-06-30,2026-06-30,14100.00,PE,MIDCPNIFTY26JUN14100PE,335.45,370.45,293.75,349.80,339.75,297.45,13866.55,349.80,381960,47160,2607,4513373388.00,2206,F1,120,,,,,
2026-06-11,2026-06-11,FO,NSE,IDO,78671,,MIDCPNIFTY,,2026-06-30,2026-06-30,14225.00,PE,MIDCPNIFTY26JUN14225PE,406.05,431.90,366.75,415.00,415.00,368.20,13866.55,415.00,12840,-600,9,15790020.00,8,F1,120,,,,,
2026-06-11,2026-06-11,FO,NSE,IDO,35103,,MIDCPNIFTY,,2026-06-30,2026-06-30,14425.00,PE,MIDCPNIFTY26JUN14425PE,0.00,0.00,0.00,506.45,506.40,506.45,13866.55,627.05,6480,0,0,0.00,0,F1,120,,,,,
2026-06-11,2026-06-11,FO,NSE,IDO,38725,,MIDCPNIFTY,,2026-06-30,2026-06-30,14725.00,PE,MIDCPNIFTY26JUN14725PE,0.00,0.00,0.00,699.05,699.05,699.05,13866.55,869.40,4680,0,0,0.00,0,F1,120,,,,,
2026-06-11,2026-06-11,FO,NSE,IDO,78790,,MIDCPNIFTY,,2026-06-30,2026-06-30,15300.00,PE,MIDCPNIFTY26JUN15300PE,0.00,0.00,0.00,2890.25,0.00,2890.25,13866.55,1396.95,0,0,0,0.00,0,F1,120,,,,,
2026-06-11,2026-06-11,FO,NSE,IDO,52007,,MIDCPNIFTY,,2026-06-30,2026-06-30,15725.00,PE,MIDCPNIFTY26JUN15725PE,0.00,0.00,0.00,2070.65,0.00,2070.65,13866.55,1811.45,0,0,0,0.00,0,F1,120,,,,,
2026-06-11,2026-06-11,FO,NSE,IDO,63326,,MIDCPNIFTY,,2026-07-28,2026-07-28,12425.00,PE,MIDCPNIFTY26JUL12425PE,0.00,0.00,0.00,110.15,0.00,110.15,13866.55,41.30,0,0,0,0.00,0,F1,120,,,,,
2026-06-11,2026-06-11,FO,NSE,IDO,63332,,MIDCPNIFTY,,2026-07-28,2026-07-28,12500.00,PE,MIDCPNIFTY26JUL12500PE,0.00,0.00,0.00,121.75,0.00,121.75,13866.55,48.35,0,0,0,0.00,0,F1,120,,,,,
2026-06-11,2026-06-11,FO,NSE,IDO,63336,,MIDCPNIFTY,,2026-07-28,2026-07-28,12550.00,PE,MIDCPNIFTY26JUL12550PE,0.00,0.00,0.00,130.00,0.00,130.00,13866.55,53.50,0,0,0,0.00,0,F1,120,,,,,
2026-06-11,2026-06-11,FO,NSE,IDO,63416,,MIDCPNIFTY,,2026-07-28,2026-07-28,13550.00,PE,MIDCPNIFTY26JUL13550PE,0.00,0.00,0.00,394.00,394.00,394.00,13866.55,277.65,120,0,0,0.00,0,F1,120,,,,,
2026-06-11,2026-06-11,FO,NSE,IDO,63440,,MIDCPNIFTY,,2026-07-28,2026-07-28,13850.00,PE,MIDCPNIFTY26JUL13850PE,0.00,0.00,0.00,515.60,0.00,515.60,13866.55,402.70,0,0,0,0.00,0,F1,120,,,,,
2026-06-11,2026-06-11,FO,NSE,IDO,63474,,MIDCPNIFTY,,2026-07-28,2026-07-28,14225.00,PE,MIDCPNIFTY26JUL14225PE,0.00,0.00,0.00,696.95,0.00,696.95,13866.55,601.10,0,0,0,0.00,0,F1,120,,,,,
2026-06-11,2026-06-11,FO,NSE,IDO,63480,,MIDCPNIFTY,,2026-07-28,2026-07-28,14300.00,PE,MIDCPNIFTY26JUL14300PE,0.00,0.00,0.00,737.10,0.00,737.10,13866.55,646.30,0,0,0,0.00,0,F1,120,,,,,
2026-06-11,2026-06-11,FO,NSE,IDO,63520,,MIDCPNIFTY,,2026-07-28,2026-07-28,14800.00,PE,MIDCPNIFTY26JUL14800PE,0.00,0.00,0.00,1036.40,0.00,1036.40,13866.55,990.50,0,0,0,0.00,0,F1,120,,,,,
2026-06-11,2026-06-11,FO,NSE,IDO,63542,,MIDCPNIFTY,,2026-07-28,2026-07-28,15050.00,PE,MIDCPNIFTY26JUL15050PE,0.00,0.00,0.00,1205.40,0.00,1205.40,13866.55,1185.85,0,0,0,0.00,0,F1,120,,,,,
2026-06-11,2026-06-11,FO,NSE,IDO,63584,,MIDCPNIFTY,,2026-07-28,2026-07-28,15575.00,PE,MIDCPNIFTY26JUL15575PE,0.00,0.00,0.00,1597.00,0.00,1597.00,13866.55,1635.95,0,0,0,0.00,0,F1,120,,,,,
2026-06-11,2026-06-11,FO,NSE,IDO,63594,,MIDCPNIFTY,,2026-07-28,2026-07-28,15700.00,PE,MIDCPNIFTY26JUL15700PE,0.00,0.00,0.00,1696.55,0.00,1696.55,13866.55,1749.05,0,0,0,0.00,0,F1,120,,,,,
2026-06-11,2026-06-11,FO,NSE,IDO,63602,,MIDCPNIFTY,,2026-07-28,2026-07-28,15800.00,PE,MIDCPNIFTY26JUL15800PE,0.00,0.00,0.00,1777.75,0.00,1777.75,13866.55,1840.75,0,0,0,0.00,0,F1,120,,,,,
2026-06-11,2026-06-11,FO,NSE,IDO,63620,,MIDCPNIFTY,,2026-07-28,2026-07-28,16000.00,PE,MIDCPNIFTY26JUL16000PE,0.00,0.00,0.00,1943.95,0.00,1943.95,13866.55,2027.05,0,0,0,0.00,0,F1,120,,,,,
2026-06-11,2026-06-11,FO,NSE,IDO,60416,,MIDCPNIFTY,,2026-08-25,2026-08-25,13100.00,PE,MIDCPNIFTY26AUG13100PE,0.00,0.00,0.00,119.50,0.00,119.50,13866.55,220.45,0,0,0,0.00,0,F1,120,,,,,
2026-06-11,2026-06-11,FO,NSE,IDO,60426,,MIDCPNIFTY,,2026-08-25,2026-08-25,13175.00,PE,MIDCPNIFTY26AUG13175PE,0.00,0.00,0.00,131.45,0.00,131.45,13866.55,240.60,0,0,0,0.00,0,F1,120,,,,,
2026-06-11,2026-06-11,FO,NSE,IDO,60486,,MIDCPNIFTY,,2026-08-25,2026-08-25,13725.00,PE,MIDCPNIFTY26AUG13725PE,0.00,0.00,0.00,248.35,0.00,248.35,13866.55,436.15,0,0,0,0.00,0,F1,120,,,,,
2026-06-11,2026-06-11,FO,NSE,IDO,60502,,MIDCPNIFTY,,2026-08-25,2026-08-25,13875.00,PE,MIDCPNIFTY26AUG13875PE,0.00,0.00,0.00,289.20,0.00,289.20,13866.55,503.15,0,0,0,0.00,0,F1,120,,,,,
2026-06-11,2026-06-11,FO,NSE,IDO,60552,,MIDCPNIFTY,,2026-08-25,2026-08-25,14300.00,PE,MIDCPNIFTY26AUG14300PE,0.00,0.00,0.00,432.65,0.00,432.65,13866.55,724.80,0,0,0,0.00,0,F1,120,,,,,
2026-06-11,2026-06-11,FO,NSE,IDO,60560,,MIDCPNIFTY,,2026-08-25,2026-08-25,14400.00,PE,MIDCPNIFTY26AUG14400PE,0.00,0.00,0.00,472.10,0.00,472.10,13866.55,783.70,0,0,0,0.00,0,F1,120,,,,,
2026-06-11,2026-06-11,FO,NSE,IDO,60584,,MIDCPNIFTY,,2026-08-25,2026-08-25,14550.00,PE,MIDCPNIFTY26AUG14550PE,0.00,0.00,0.00,535.50,0.00,535.50,13866.55,876.60,0,0,0,0.00,0,F1,120,,,,,
2026-06-11,2026-06-11,FO,NSE,IDO,60606,,MIDCPNIFTY,,2026-08-25,2026-08-25,14650.00,PE,MIDCPNIFTY26AUG14650PE,0.00,0.00,0.00,580.55,0.00,580.55,13866.55,941.50,0,0,0,0.00,0,F1,120,,,,,
2026-06-11,2026-06-11,FO,NSE,IDO,60608,,MIDCPNIFTY,,2026-08-25,2026-08-25,14675.00,PE,MIDCPNIFTY26AUG14675PE,0.00,0.00,0.00,592.15,0.00,592.15,13866.55,958.05,0,0,0,0.00,0,F1,120,,,,,
2026-06-11,2026-06-11,FO,NSE,IDO,60648,,MIDCPNIFTY,,2026-08-25,2026-08-25,15100.00,PE,MIDCPNIFTY26AUG15100PE,0.00,0.00,0.00,810.60,0.00,810.60,13866.55,1261.15,0,0,0,0.00,0,F1,120,,,,,
2026-06-11,2026-06-11,FO,NSE,IDO,60684,,MIDCPNIFTY,,2026-08-25,2026-08-25,15400.00,PE,MIDCPNIFTY26AUG15400PE,0.00,0.00,0.00,988.25,0.00,988.25,13866.55,1494.95,0,0,0,0.00,0,F1,120,,,,,
2026-06-11,2026-06-11,FO,NSE,IDO,78018,,MIDCPNIFTY,,2026-06-30,2026-06-30,10850.00,CE,MIDCPNIFTY26JUN10850CE,0.00,0.00,0.00,1591.90,0.00,1591.90,13866.55,3051.20,0,0,0,0.00,0,F1,120,,,,,
2026-06-11,2026-06-11,FO,NSE,IDF,58071,,MIDCPNIFTY,,2026-08-25,2026-08-25,,,MIDCPNIFTY26AUGFUT,14050.00,14107.00,13959.70,13976.30,14023.05,14104.15,13866.55,13976.30,9240,720,27,45464454.00,27,F1,120,,,,,
2026-06-11,2026-06-11,FO,NSE,IDO,53807,,MIDCPNIFTY,,2026-06-30,2026-06-30,15825.00,CE,MIDCPNIFTY26JUN15825CE,0.00,0.00,0.00,5.80,5.80,5.80,13866.55,2.25,720,0,0,0.00,0,F1,120,,,,,
2026-06-11,2026-06-11,FO,NSE,IDO,78263,,MIDCPNIFTY,,2026-06-30,2026-06-30,12075.00,CE,MIDCPNIFTY26JUN12075CE,0.00,0.00,0.00,727.10,0.00,727.10,13866.55,1831.05,0,0,0,0.00,0,F1,120,,,,,
2026-06-11,2026-06-11,FO,NSE,IDO,78289,,MIDCPNIFTY,,2026-06-30,2026-06-30,12375.00,CE,MIDCPNIFTY26JUN12375CE,0.00,0.00,0.00,574.05,0.00,574.05,13866.55,1534.85,0,0,0,0.00,0,F1,120,,,,,
2026-06-11,2026-06-11,FO,NSE,IDO,78301,,MIDCPNIFTY,,2026-06-30,2026-06-30,12475.00,CE,MIDCPNIFTY26JUN12475CE,0.00,0.00,0.00,528.45,0.00,528.45,13866.55,1437.10,0,0,0,0.00,0,F1,120,,,,,
2026-06-11,2026-06-11,FO,NSE,IDO,78309,,MIDCPNIFTY,,2026-06-30,2026-06-30,12575.00,CE,MIDCPNIFTY26JUN12575CE,0.00,0.00,0.00,485.50,0.00,485.50,13866.55,1340.20,0,0,0,0.00,0,F1,120,,,,,
2026-06-11,2026-06-11,FO,NSE,IDO,78315,,MIDCPNIFTY,,2026-06-30,2026-06-30,12650.00,CE,MIDCPNIFTY26JUN12650CE,0.00,0.00,0.00,455.00,0.00,455.00,13866.55,1268.20,0,0,0,0.00,0,F1,120,,,,,
2026-06-11,2026-06-11,FO,NSE,IDO,78541,,MIDCPNIFTY,,2026-06-30,2026-06-30,13425.00,CE,MIDCPNIFTY26JUN13425CE,0.00,0.00,0.00,218.45,0.00,218.45,13866.55,597.50,0,0,0,0.00,0,F1,120,,,,,
2026-06-11,2026-06-11,FO,NSE,IDO,78634,,MIDCPNIFTY,,2026-06-30,2026-06-30,13850.00,CE,MIDCPNIFTY26JUN13850CE,302.85,354.85,273.00,286.95,302.95,370.60,13866.55,286.95,9480,8280,441,748849176.00,434,F1,120,,,,,
2026-06-11,2026-06-11,FO,NSE,IDO,78638,,MIDCPNIFTY,,2026-06-30,2026-06-30,13900.00,CE,MIDCPNIFTY26JUN13900CE,310.05,327.95,246.70,263.55,273.55,331.05,13866.55,263.55,142920,119640,6965,11860239138.00,6104,F1,120,,,,,
2026-06-11,2026-06-11,FO,NSE,IDO,78670,,MIDCPNIFTY,,2026-06-30,2026-06-30,14225.00,CE,MIDCPNIFTY26JUN14225CE,152.20,163.50,117.90,123.40,136.60,174.55,13866.55,123.40,26880,360,217,374073534.00,186,F1,120,,,,,
2026-06-11,2026-06-11,FO,NSE,IDO,38722,,MIDCPNIFTY,,2026-06-30,2026-06-30,14725.00,CE,MIDCPNIFTY26JUN14725CE,36.50,41.90,30.60,31.30,32.35,45.60,13866.55,31.30,20880,840,63,111582354.00,39,F1,120,,,,,
2026-06-11,2026-06-11,FO,NSE,IDO,38742,,MIDCPNIFTY,,2026-06-30,2026-06-30,14825.00,CE,MIDCPNIFTY26JUN14825CE,35.00,35.00,22.35,24.05,25.45,49.00,13866.55,24.05,8040,720,36,64163778.00,29,F1,120,,,,,
2026-06-11,2026-06-11,FO,NSE,IDO,60686,,MIDCPNIFTY,,2026-08-25,2026-08-25,15425.00,PE,MIDCPNIFTY26AUG15425PE,0.00,0.00,0.00,1003.85,0.00,1003.85,13866.55,1515.15,0,0,0,0.00,0,F1,120,,,,,
2026-06-11,2026-06-11,FO,NSE,IDO,60348,,MIDCPNIFTY,,2026-08-25,2026-08-25,12625.00,PE,MIDCPNIFTY26AUG12625PE,0.00,0.00,0.00,62.00,0.00,62.00,13866.55,116.95,0,0,0,0.00,0,F1,120,,,,,
2026-06-11,2026-06-11,FO,NSE,IDO,60522,,MIDCPNIFTY,,2026-08-25,2026-08-25,14100.00,PE,MIDCPNIFTY26AUG14100PE,0.00,0.00,0.00,360.30,0.00,360.30,13866.55,614.65,0,0,0,0.00,0,F1,120,,,,,
2026-06-11,2026-06-11,FO,NSE,IDO,60558,,MIDCPNIFTY,,2026-08-25,2026-08-25,14375.00,PE,MIDCPNIFTY26AUG14375PE,0.00,0.00,0.00,462.05,0.00,462.05,13866.55,768.75,0,0,0,0.00,0,F1,120,,,,,
2026-06-11,2026-06-11,FO,NSE,IDO,63328,,MIDCPNIFTY,,2026-07-28,2026-07-28,12450.00,PE,MIDCPNIFTY26JUL12450PE,0.00,0.00,0.00,113.95,0.00,113.95,13866.55,43.55,0,0,0,0.00,0,F1,120,,,,,
2026-06-11,2026-06-11,FO,NSE,IDO,63322,,MIDCPNIFTY,,2026-07-28,2026-07-28,12375.00,PE,MIDCPNIFTY26JUL12375PE,0.00,0.00,0.00,102.90,0.00,102.90,13866.55,37.10,0,0,0,0.00,0,F1,120,,,,,
2026-06-11,2026-06-11,FO,NSE,IDO,78786,,MIDCPNIFTY,,2026-06-30,2026-06-30,15200.00,PE,MIDCPNIFTY26JUN15200PE,0.00,0.00,0.00,956.85,956.85,956.85,13866.55,1301.45,120,0,0,0.00,0,F1,120,,,,,
2026-06-11,2026-06-11,FO,NSE,IDO,78784,,MIDCPNIFTY,,2026-06-30,2026-06-30,15100.00,PE,MIDCPNIFTY26JUN15100PE,1095.00,1186.55,1091.25,1162.15,1186.55,1000.00,13866.55,1162.15,11400,-1560,17,33112278.00,16,F1,120,,,,,
2026-06-11,2026-06-11,FO,NSE,IDO,78633,,MIDCPNIFTY,,2026-06-30,2026-06-30,13825.00,PE,MIDCPNIFTY26JUN13825PE,215.10,226.35,173.60,214.95,195.70,176.95,13866.55,214.95,8160,3480,283,476492004.00,280,F1,120,,,,,
2026-06-11,2026-06-11,FO,NSE,IDO,78625,,MIDCPNIFTY,,2026-06-30,2026-06-30,13725.00,PE,MIDCPNIFTY26JUN13725PE,180.45,187.60,142.15,175.35,168.50,144.80,13866.55,175.35,5640,840,132,220209786.00,120,F1,120,,,,,
2026-06-11,2026-06-11,FO,NSE,IDO,78602,,MIDCPNIFTY,,2026-06-30,2026-06-30,13575.00,PE,MIDCPNIFTY26JUN13575PE,134.20,138.90,101.00,121.20,116.40,97.30,13866.55,121.20,6360,3600,221,363184818.00,183,F1,120,,,,,
2026-06-11,2026-06-11,FO,NSE,IDO,78523,,MIDCPNIFTY,,2026-06-30,2026-06-30,13325.00,PE,MIDCPNIFTY26JUN13325PE,68.10,74.90,54.00,63.85,61.65,56.95,13866.55,63.85,5400,3360,66,106049028.00,46,F1,120,,,,,
2026-06-11,2026-06-11,FO,NSE,IDO,78312,,MIDCPNIFTY,,2026-06-30,2026-06-30,12600.00,PE,MIDCPNIFTY26JUN12600PE,10.75,11.40,7.40,9.75,8.35,8.40,13866.55,9.75,10080,1680,157,237553584.00,113,F1,120,,,,,
2026-06-11,2026-06-11,FO,NSE,IDO,78284,,MIDCPNIFTY,,2026-06-30,2026-06-30,12300.00,PE,MIDCPNIFTY26JUN12300PE,4.35,6.95,3.70,4.85,3.80,4.05,13866.55,4.85,5280,3360,123,181619598.00,57,F1,120,,,,,
2026-06-11,2026-06-11,FO,NSE,IDO,78235,,MIDCPNIFTY,,2026-06-30,2026-06-30,11875.00,PE,MIDCPNIFTY26JUN11875PE,0.00,0.00,0.00,346.25,0.00,346.25,13866.55,0.35,0,0,0,0.00,0,F1,120,,,,,
2026-06-11,2026-06-11,FO,NSE,IDO,78229,,MIDCPNIFTY,,2026-06-30,2026-06-30,11850.00,PE,MIDCPNIFTY26JUN11850PE,0.00,0.00,0.00,336.90,0.00,336.90,13866.55,0.30,0,0,0,0.00,0,F1,120,,,,,
2026-06-11,2026-06-11,FO,NSE,IDO,78007,,MIDCPNIFTY,,2026-06-30,2026-06-30,10800.00,PE,MIDCPNIFTY26JUN10800PE,0.00,0.00,0.00,81.90,0.00,81.90,13866.55,0.00,0,0,0,0.00,0,F1,120,,,,,
2026-06-11,2026-06-11,FO,NSE,IDO,60705,,MIDCPNIFTY,,2026-08-25,2026-08-25,15600.00,CE,MIDCPNIFTY26AUG15600CE,0.00,0.00,0.00,422.85,0.00,422.85,13866.55,138.05,0,0,0,0.00,0,F1,120,,,,,
2026-06-11,2026-06-11,FO,NSE,IDO,60685,,MIDCPNIFTY,,2026-08-25,2026-08-25,15425.00,CE,MIDCPNIFTY26AUG15425CE,0.00,0.00,0.00,482.35,0.00,482.35,13866.55,166.65,0,0,0,0.00,0,F1,120,,,,,
2026-06-11,2026-06-11,FO,NSE,IDO,60679,,MIDCPNIFTY,,2026-08-25,2026-08-25,15375.00,CE,MIDCPNIFTY26AUG15375CE,0.00,0.00,0.00,500.45,0.00,500.45,13866.55,175.70,0,0,0,0.00,0,F1,120,,,,,
2026-06-11,2026-06-11,FO,NSE,IDO,60633,,MIDCPNIFTY,,2026-08-25,2026-08-25,14950.00,CE,MIDCPNIFTY26AUG14950CE,0.00,0.00,0.00,675.40,0.00,675.40,13866.55,269.50,0,0,0,0.00,0,F1,120,,,,,
2026-06-11,2026-06-11,FO,NSE,IDO,60615,,MIDCPNIFTY,,2026-08-25,2026-08-25,14775.00,CE,MIDCPNIFTY26AUG14775CE,0.00,0.00,0.00,758.85,0.00,758.85,13866.55,318.45,0,0,0,0.00,0,F1,120,,,,,
2026-06-11,2026-06-11,FO,NSE,IDO,60613,,MIDCPNIFTY,,2026-08-25,2026-08-25,14750.00,CE,MIDCPNIFTY26AUG14750CE,0.00,0.00,0.00,771.30,0.00,771.30,13866.55,325.95,0,0,0,0.00,0,F1,120,,,,,
2026-06-11,2026-06-11,FO,NSE,IDO,60503,,MIDCPNIFTY,,2026-08-25,2026-08-25,13900.00,CE,MIDCPNIFTY26AUG13900CE,0.00,0.00,0.00,1277.50,0.00,1277.50,13866.55,670.65,0,0,0,0.00,0,F1,120,,,,,
2026-06-11,2026-06-11,FO,NSE,IDO,60490,,MIDCPNIFTY,,2026-08-25,2026-08-25,13750.00,CE,MIDCPNIFTY26AUG13750CE,0.00,0.00,0.00,1383.65,0.00,1383.65,13866.55,750.65,0,0,0,0.00,0,F1,120,,,,,
2026-06-11,2026-06-11,FO,NSE,IDO,60480,,MIDCPNIFTY,,2026-08-25,2026-08-25,13675.00,CE,MIDCPNIFTY26AUG13675CE,0.00,0.00,0.00,1438.15,0.00,1438.15,13866.55,792.85,0,0,0,0.00,0,F1,120,,,,,
2026-06-11,2026-06-11,FO,NSE,IDO,63605,,MIDCPNIFTY,,2026-07-28,2026-07-28,15850.00,CE,MIDCPNIFTY26JUL15850CE,0.00,0.00,0.00,172.55,0.00,172.55,13866.55,39.10,0,0,0,0.00,0,F1,120,,,,,
2026-06-11,2026-06-11,FO,NSE,IDO,63601,,MIDCPNIFTY,,2026-07-28,2026-07-28,15800.00,CE,MIDCPNIFTY26JUL15800CE,0.00,0.00,0.00,180.70,0.00,180.70,13866.55,42.40,0,0,0,0.00,0,F1,120,,,,,
2026-06-11,2026-06-11,FO,NSE,IDO,63599,,MIDCPNIFTY,,2026-07-28,2026-07-28,15775.00,CE,MIDCPNIFTY26JUL15775CE,0.00,0.00,0.00,184.95,0.00,184.95,13866.55,44.20,0,0,0,0.00,0,F1,120,,,,,
2026-06-11,2026-06-11,FO,NSE,IDO,63583,,MIDCPNIFTY,,2026-07-28,2026-07-28,15575.00,CE,MIDCPNIFTY26JUL15575CE,0.00,0.00,0.00,221.75,0.00,221.75,13866.55,60.70,0,0,0,0.00,0,F1,120,,,,,
2026-06-11,2026-06-11,FO,NSE,IDO,63577,,MIDCPNIFTY,,2026-07-28,2026-07-28,15500.00,CE,MIDCPNIFTY26JUL15500CE,0.00,0.00,0.00,237.05,0.00,237.05,13866.55,68.15,0,0,0,0.00,0,F1,120,,,,,
2026-06-11,2026-06-11,FO,NSE,IDO,78362,,MIDCPNIFTY,,2026-06-30,2026-06-30,12750.00,PE,MIDCPNIFTY26JUN12750PE,15.35,15.50,12.05,13.60,12.05,13.45,13866.55,13.60,2400,-2400,66,101090376.00,47,F1,120,,,,,
2026-06-11,2026-06-11,FO,NSE,IDO,63380,,MIDCPNIFTY,,2026-07-28,2026-07-28,13100.00,PE,MIDCPNIFTY26JUL13100PE,0.00,0.00,0.00,250.40,0.00,250.40,13866.55,144.15,0,0,0,0.00,0,F1,120,,,,,
2026-06-11,2026-06-11,FO,NSE,IDO,63388,,MIDCPNIFTY,,2026-07-28,2026-07-28,13200.00,PE,MIDCPNIFTY26JUL13200PE,0.00,0.00,0.00,278.00,0.00,278.00,13866.55,169.10,0,0,0,0.00,0,F1,120,,,,,
2026-06-11,2026-06-11,FO,NSE,IDO,63394,,MIDCPNIFTY,,2026-07-28,2026-07-28,13275.00,PE,MIDCPNIFTY26JUL13275PE,0.00,0.00,0.00,300.55,0.00,300.55,13866.55,188.70,0,0,0,0.00,0,F1,120,,,,,
2026-06-11,2026-06-11,FO,NSE,IDO,63408,,MIDCPNIFTY,,2026-07-28,2026-07-28,13450.00,PE,MIDCPNIFTY26JUL13450PE,0.00,0.00,0.00,358.05,0.00,358.05,13866.55,242.55,0,0,0,0.00,0,F1,120,,,,,
2026-06-11,2026-06-11,FO,NSE,IDO,63436,,MIDCPNIFTY,,2026-07-28,2026-07-28,13800.00,PE,MIDCPNIFTY26JUL13800PE,0.00,0.00,0.00,493.90,0.00,493.90,13866.55,379.75,0,0,0,0.00,0,F1,120,,,,,
2026-06-11,2026-06-11,FO,NSE,IDO,63438,,MIDCPNIFTY,,2026-07-28,2026-07-28,13825.00,PE,MIDCPNIFTY26JUL13825PE,0.00,0.00,0.00,504.70,0.00,504.70,13866.55,391.10,0,0,0,0.00,0,F1,120,,,,,
2026-06-11,2026-06-11,FO,NSE,IDO,63454,,MIDCPNIFTY,,2026-07-28,2026-07-28,13975.00,PE,MIDCPNIFTY26JUL13975PE,0.00,0.00,0.00,572.45,0.00,572.45,13866.55,463.60,0,0,0,0.00,0,F1,120,,,,,
2026-06-11,2026-06-11,FO,NSE,IDO,63470,,MIDCPNIFTY,,2026-07-28,2026-07-28,14175.00,PE,MIDCPNIFTY26JUL14175PE,0.00,0.00,0.00,670.90,0.00,670.90,13866.55,572.00,0,0,0,0.00,0,F1,120,,,,,
2026-06-11,2026-06-11,FO,NSE,IDO,63530,,MIDCPNIFTY,,2026-07-28,2026-07-28,14900.00,PE,MIDCPNIFTY26JUL14900PE,0.00,0.00,0.00,1102.55,0.00,1102.55,13866.55,1066.65,0,0,0,0.00,0,F1,120,,,,,
2026-06-11,2026-06-11,FO,NSE,IDO,60620,,MIDCPNIFTY,,2026-08-25,2026-08-25,14825.00,PE,MIDCPNIFTY26AUG14825PE,0.00,0.00,0.00,664.65,0.00,664.65,13866.55,1060.45,0,0,0,0.00,0,F1,120,,,,,
2026-06-11,2026-06-11,FO,NSE,IDO,60762,,MIDCPNIFTY,,2026-08-25,2026-08-25,16100.00,PE,MIDCPNIFTY26AUG16100PE,0.00,0.00,0.00,1471.15,0.00,1471.15,13866.55,2092.45,0,0,0,0.00,0,F1,120,,,,,
2026-06-11,2026-06-11,FO,NSE,IDO,63543,,MIDCPNIFTY,,2026-07-28,2026-07-28,15075.00,CE,MIDCPNIFTY26JUL15075CE,0.00,0.00,0.00,340.50,0.00,340.50,13866.55,126.65,0,0,0,0.00,0,F1,120,,,,,
2026-06-11,2026-06-11,FO,NSE,IDO,63531,,MIDCPNIFTY,,2026-07-28,2026-07-28,14925.00,CE,MIDCPNIFTY26JUL14925CE,0.00,0.00,0.00,384.80,0.00,384.80,13866.55,155.35,0,0,0,0.00,0,F1,120,,,,,
2026-06-11,2026-06-11,FO,NSE,IDO,63525,,MIDCPNIFTY,,2026-07-28,2026-07-28,14875.00,CE,MIDCPNIFTY26JUL14875CE,0.00,0.00,0.00,400.55,0.00,400.55,13866.55,166.05,0,0,0,0.00,0,F1,120,,,,,
2026-06-11,2026-06-11,FO,NSE,IDO,63501,,MIDCPNIFTY,,2026-07-28,2026-07-28,14575.00,CE,MIDCPNIFTY26JUL14575CE,0.00,0.00,0.00,505.50,0.00,505.50,13866.55,242.75,0,0,0,0.00,0,F1,120,,,,,
2026-06-11,2026-06-11,FO,NSE,IDO,63495,,MIDCPNIFTY,,2026-07-28,2026-07-28,14500.00,CE,MIDCPNIFTY26JUL14500CE,213.95,220.70,190.00,195.00,190.00,224.60,13866.55,195.00,1800,960,11,19408668.00,10,F1,120,,,,,
2026-06-11,2026-06-11,FO,NSE,IDO,63465,,MIDCPNIFTY,,2026-07-28,2026-07-28,14125.00,CE,MIDCPNIFTY26JUL14125CE,0.00,0.00,0.00,699.35,0.00,699.35,13866.55,406.00,0,0,0,0.00,0,F1,120,,,,,
2026-06-11,2026-06-11,FO,NSE,IDO,63445,,MIDCPNIFTY,,2026-07-28,2026-07-28,13900.00,CE,MIDCPNIFTY26JUL13900CE,0.00,0.00,0.00,813.60,0.00,813.60,13866.55,511.90,0,0,0,0.00,0,F1,120,,,,,
2026-06-11,2026-06-11,FO,NSE,IDO,63441,,MIDCPNIFTY,,2026-07-28,2026-07-28,13875.00,CE,MIDCPNIFTY26JUL13875CE,0.00,0.00,0.00,827.05,0.00,827.05,13866.55,524.70,0,0,0,0.00,0,F1,120,,,,,
2026-06-11,2026-06-11,FO,NSE,IDO,63427,,MIDCPNIFTY,,2026-07-28,2026-07-28,13700.00,CE,MIDCPNIFTY26JUL13700CE,0.00,0.00,0.00,925.05,0.00,925.05,13866.55,620.15,0,0,0,0.00,0,F1,120,,,,,
2026-06-11,2026-06-11,FO,NSE,IDO,63405,,MIDCPNIFTY,,2026-07-28,2026-07-28,13425.00,CE,MIDCPNIFTY26JUL13425CE,0.00,0.00,0.00,1093.30,0.00,1093.30,13866.55,790.60,0,0,0,0.00,0,F1,120,,,,,
2026-06-11,2026-06-11,FO,NSE,IDO,63379,,MIDCPNIFTY,,2026-07-28,2026-07-28,13100.00,CE,MIDCPNIFTY26JUL13100CE,0.00,0.00,0.00,1314.65,0.00,1314.65,13866.55,1022.75,0,0,0,0.00,0,F1,120,,,,,
2026-06-11,2026-06-11,FO,NSE,IDO,63349,,MIDCPNIFTY,,2026-07-28,2026-07-28,12725.00,CE,MIDCPNIFTY26JUL12725CE,0.00,0.00,0.00,1595.95,0.00,1595.95,13866.55,1325.60,0,0,0,0.00,0,F1,120,,,,,
2026-06-11,2026-06-11,FO,NSE,IDO,63333,,MIDCPNIFTY,,2026-07-28,2026-07-28,12525.00,CE,MIDCPNIFTY26JUL12525CE,0.00,0.00,0.00,1756.80,0.00,1756.80,13866.55,1499.55,0,0,0,0.00,0,F1,120,,,,,
2026-06-11,2026-06-11,FO,NSE,IDO,63331,,MIDCPNIFTY,,2026-07-28,2026-07-28,12500.00,CE,MIDCPNIFTY26JUL12500CE,0.00,0.00,0.00,1777.35,0.00,1777.35,13866.55,1521.80,0,0,0,0.00,0,F1,120,,,,,
2026-06-11,2026-06-11,FO,NSE,IDO,78826,,MIDCPNIFTY,,2026-06-30,2026-06-30,16000.00,CE,MIDCPNIFTY26JUN16000CE,2.30,2.30,1.80,2.10,2.05,2.15,13866.55,2.10,366240,-7920,310,595276704.00,129,F1,120,,,,,
2026-06-11,2026-06-11,FO,NSE,IDO,40772,,MIDCPNIFTY,,2026-06-30,2026-06-30,15275.00,CE,MIDCPNIFTY26JUN15275CE,7.75,7.95,7.75,7.95,7.95,9.65,13866.55,7.95,1680,120,12,22007244.00,5,F1,120,,,,,
2026-06-11,2026-06-11,FO,NSE,IDO,40730,,MIDCPNIFTY,,2026-06-30,2026-06-30,14925.00,CE,MIDCPNIFTY26JUN14925CE,19.35,22.60,16.15,17.55,17.55,28.40,13866.55,17.55,8640,1200,24,43038414.00,15,F1,120,,,,,
2026-06-11,2026-06-11,FO,NSE,IDO,78775,,MIDCPNIFTY,,2026-06-30,2026-06-30,14700.00,CE,MIDCPNIFTY26JUN14700CE,40.45,46.20,31.70,34.85,37.00,52.30,13866.55,34.85,270840,-29160,4057,7175515764.00,2779,F1,120,,,,,
2026-06-11,2026-06-11,FO,NSE,IDO,35124,,MIDCPNIFTY,,2026-06-30,2026-06-30,14625.00,CE,MIDCPNIFTY26JUN14625CE,50.85,54.15,42.00,44.00,44.00,61.80,13866.55,44.00,6720,720,47,82757898.00,40,F1,120,,,,,
2026-06-11,2026-06-11,FO,NSE,IDO,78699,,MIDCPNIFTY,,2026-06-30,2026-06-30,14350.00,CE,MIDCPNIFTY26JUN14350CE,107.85,120.15,83.60,88.85,99.00,130.00,13866.55,88.85,14400,-2760,152,263620302.00,127,F1,120,,,,,
2026-06-11,2026-06-11,FO,NSE,IDO,78678,,MIDCPNIFTY,,2026-06-30,2026-06-30,14275.00,CE,MIDCPNIFTY26JUN14275CE,126.60,145.55,105.50,113.25,120.00,157.95,13866.55,113.25,17880,960,119,205609488.00,92,F1,120,,,,,
2026-06-11,2026-06-11,FO,NSE,IDO,78662,,MIDCPNIFTY,,2026-06-30,2026-06-30,14200.00,CE,MIDCPNIFTY26JUN14200CE,164.80,177.05,124.00,135.40,137.80,184.80,13866.55,135.40,217080,-3720,5105,8792530854.00,4047,F1,120,,,,,
2026-06-11,2026-06-11,FO,NSE,IDO,78620,,MIDCPNIFTY,,2026-06-30,2026-06-30,13675.00,CE,MIDCPNIFTY26JUN13675CE,409.45,464.80,391.85,391.85,391.85,491.40,13866.55,428.30,1560,840,14,23711382.00,11,F1,120,,,,,
2026-06-11,2026-06-11,FO,NSE,IDO,78601,,MIDCPNIFTY,,2026-06-30,2026-06-30,13575.00,CE,MIDCPNIFTY26JUN13575CE,459.90,459.90,459.90,459.90,459.90,186.55,13866.55,492.05,240,240,2,3368376.00,1,F1,120,,,,,
2026-06-11,2026-06-11,FO,NSE,IDO,78537,,MIDCPNIFTY,,2026-06-30,2026-06-30,13400.00,CE,MIDCPNIFTY26JUN13400CE,660.00,660.00,646.45,646.45,646.45,1045.40,13866.55,615.55,240,120,2,3372774.00,2,F1,120,,,,,
2026-06-11,2026-06-11,FO,NSE,IDO,78477,,MIDCPNIFTY,,2026-06-30,2026-06-30,13050.00,CE,MIDCPNIFTY26JUN13050CE,0.00,0.00,0.00,315.70,0.00,315.70,13866.55,900.35,0,0,0,0.00,0,F1,120,,,,,
2026-06-11,2026-06-11,FO,NSE,IDO,78389,,MIDCPNIFTY,,2026-06-30,2026-06-30,13000.00,CE,MIDCPNIFTY26JUN13000CE,980.00,980.00,934.65,943.65,934.65,1280.00,13866.55,943.65,4200,480,11,18417684.00,11,F1,120,,,,,
2026-06-11,2026-06-11,FO,NSE,IDO,78369,,MIDCPNIFTY,,2026-06-30,2026-06-30,12850.00,CE,MIDCPNIFTY26JUN12850CE,0.00,0.00,0.00,380.55,0.00,380.55,13866.55,1080.20,0,0,0,0.00,0,F1,120,,,,,
2026-06-11,2026-06-11,FO,NSE,IDO,78365,,MIDCPNIFTY,,2026-06-30,2026-06-30,12800.00,CE,MIDCPNIFTY26JUN12800CE,0.00,0.00,0.00,398.20,0.00,398.20,13866.55,1126.60,0,0,0,0.00,0,F1,120,,,,,
2026-06-11,2026-06-11,FO,NSE,IDO,78281,,MIDCPNIFTY,,2026-06-30,2026-06-30,12275.00,CE,MIDCPNIFTY26JUN12275CE,0.00,0.00,0.00,622.40,0.00,622.40,13866.55,1633.20,0,0,0,0.00,0,F1,120,,,,,
2026-06-11,2026-06-11,FO,NSE,IDO,78265,,MIDCPNIFTY,,2026-06-30,2026-06-30,12100.00,CE,MIDCPNIFTY26JUN12100CE,0.00,0.00,0.00,713.45,0.00,713.45,13866.55,1806.25,0,0,0,0.00,0,F1,120,,,,,
2026-06-11,2026-06-11,FO,NSE,IDO,78259,,MIDCPNIFTY,,2026-06-30,2026-06-30,12025.00,CE,MIDCPNIFTY26JUN12025CE,0.00,0.00,0.00,755.00,0.00,755.00,13866.55,1880.70,0,0,0,0.00,0,F1,120,,,,,
2026-06-11,2026-06-11,FO,NSE,IDO,78151,,MIDCPNIFTY,,2026-06-30,2026-06-30,11775.00,CE,MIDCPNIFTY26JUN11775CE,0.00,0.00,0.00,904.50,0.00,904.50,13866.55,2129.35,0,0,0,0.00,0,F1,120,,,,,
2026-06-11,2026-06-11,FO,NSE,IDO,78134,,MIDCPNIFTY,,2026-06-30,2026-06-30,11750.00,CE,MIDCPNIFTY26JUN11750CE,0.00,0.00,0.00,920.40,0.00,920.40,13866.55,2154.25,0,0,0,0.00,0,F1,120,,,,,
2026-06-11,2026-06-11,FO,NSE,IDO,78115,,MIDCPNIFTY,,2026-06-30,2026-06-30,11525.00,CE,MIDCPNIFTY26JUN11525CE,0.00,0.00,0.00,1071.00,0.00,1071.00,13866.55,2378.40,0,0,0,0.00,0,F1,120,,,,,
2026-06-11,2026-06-11,FO,NSE,IDO,78097,,MIDCPNIFTY,,2026-06-30,2026-06-30,11300.00,CE,MIDCPNIFTY26JUN11300CE,0.00,0.00,0.00,3000.00,3000.00,3000.00,13866.55,2602.65,240,0,0,0.00,0,F1,120,,,,,
2026-06-11,2026-06-11,FO,NSE,IDO,63372,,MIDCPNIFTY,,2026-07-28,2026-07-28,13000.00,PE,MIDCPNIFTY26JUL13000PE,0.00,0.00,0.00,224.40,0.00,224.40,13866.55,122.40,0,0,0,0.00,0,F1,120,,,,,
2026-06-11,2026-06-11,FO,NSE,IDO,78590,,MIDCPNIFTY,,2026-06-30,2026-06-30,13525.00,PE,MIDCPNIFTY26JUN13525PE,94.40,109.85,94.40,103.65,105.55,56.40,13866.55,103.65,3840,1800,32,52334742.00,30,F1,120,,,,,
2026-06-11,2026-06-11,FO,NSE,IDO,78519,,MIDCPNIFTY,,2026-06-30,2026-06-30,13275.00,PE,MIDCPNIFTY26JUN13275PE,58.60,61.95,47.00,56.55,53.75,34.60,13866.55,56.55,4560,2760,48,76780590.00,34,F1,120,,,,,
2026-06-11,2026-06-11,FO,NSE,IDO,78490,,MIDCPNIFTY,,2026-06-30,2026-06-30,13200.00,PE,MIDCPNIFTY26JUN13200PE,50.40,57.00,36.90,46.55,44.30,41.50,13866.55,46.55,259920,22560,2656,4221473112.00,2163,F1,120,,,,,
2026-06-11,2026-06-11,FO,NSE,IDO,78286,,MIDCPNIFTY,,2026-06-30,2026-06-30,12325.00,PE,MIDCPNIFTY26JUN12325PE,3.30,4.50,3.30,4.50,4.50,2.90,13866.55,3.05,480,240,4,5917944.00,3,F1,120,,,,,
2026-06-11,2026-06-11,FO,NSE,IDO,78278,,MIDCPNIFTY,,2026-06-30,2026-06-30,12225.00,PE,MIDCPNIFTY26JUN12225PE,0.00,0.00,0.00,3.45,3.45,3.45,13866.55,1.95,600,0,0,0.00,0,F1,120,,,,,
2026-06-11,2026-06-11,FO,NSE,IDO,78262,,MIDCPNIFTY,,2026-06-30,2026-06-30,12050.00,PE,MIDCPNIFTY26JUN12050PE,3.40,3.40,3.40,3.40,3.40,5.15,13866.55,3.40,600,120,1,1446408.00,1,F1,120,,,,,
2026-06-11,2026-06-11,FO,NSE,IDO,78021,,MIDCPNIFTY,,2026-06-30,2026-06-30,10875.00,PE,MIDCPNIFTY26JUN10875PE,0.00,0.00,0.00,92.40,0.00,92.40,13866.55,0.00,0,0,0,0.00,0,F1,120,,,,,
2026-06-11,2026-06-11,FO,NSE,IDO,60761,,MIDCPNIFTY,,2026-08-25,2026-08-25,16100.00,CE,MIDCPNIFTY26AUG16100CE,0.00,0.00,0.00,284.65,0.00,284.65,13866.55,78.15,0,0,0,0.00,0,F1,120,,,,,
2026-06-11,2026-06-11,FO,NSE,IDO,60647,,MIDCPNIFTY,,2026-08-25,2026-08-25,15100.00,CE,MIDCPNIFTY26AUG15100CE,0.00,0.00,0.00,609.30,0.00,609.30,13866.55,233.25,0,0,0,0.00,0,F1,120,,,,,
2026-06-11,2026-06-11,FO,NSE,IDO,60597,,MIDCPNIFTY,,2026-08-25,2026-08-25,14625.00,CE,MIDCPNIFTY26AUG14625CE,0.00,0.00,0.00,835.75,0.00,835.75,13866.55,365.65,0,0,0,0.00,0,F1,120,,,,,
2026-06-11,2026-06-11,FO,NSE,IDO,60585,,MIDCPNIFTY,,2026-08-25,2026-08-25,14575.00,CE,MIDCPNIFTY26AUG14575CE,0.00,0.00,0.00,862.45,0.00,862.45,13866.55,382.55,0,0,0,0.00,0,F1,120,,,,,
2026-06-11,2026-06-11,FO,NSE,IDO,60431,,MIDCPNIFTY,,2026-08-25,2026-08-25,13250.00,CE,MIDCPNIFTY26AUG13250CE,0.00,0.00,0.00,1765.60,0.00,1765.60,13866.55,1059.70,0,0,0,0.00,0,F1,120,,,,,
2026-06-11,2026-06-11,FO,NSE,IDO,60411,,MIDCPNIFTY,,2026-08-25,2026-08-25,13050.00,CE,MIDCPNIFTY26AUG13050CE,0.00,0.00,0.00,1930.45,0.00,1930.45,13866.55,1201.55,0,0,0,0.00,0,F1,120,,,,,
2026-06-11,2026-06-11,FO,NSE,IDO,60409,,MIDCPNIFTY,,2026-08-25,2026-08-25,13025.00,CE,MIDCPNIFTY26AUG13025CE,0.00,0.00,0.00,1951.45,0.00,1951.45,13866.55,1219.90,0,0,0,0.00,0,F1,120,,,,,
2026-06-11,2026-06-11,FO,NSE,IDO,60388,,MIDCPNIFTY,,2026-08-25,2026-08-25,12925.00,CE,MIDCPNIFTY26AUG12925CE,0.00,0.00,0.00,2036.45,0.00,2036.45,13866.55,1293.95,0,0,0,0.00,0,F1,120,,,,,
2026-06-11,2026-06-11,FO,NSE,IDO,63609,,MIDCPNIFTY,,2026-07-28,2026-07-28,15900.00,CE,MIDCPNIFTY26JUL15900CE,0.00,0.00,0.00,164.65,0.00,164.65,13866.55,36.00,0,0,0,0.00,0,F1,120,,,,,
2026-06-11,2026-06-11,FO,NSE,IDO,60510,,MIDCPNIFTY,,2026-08-25,2026-08-25,13975.00,PE,MIDCPNIFTY26AUG13975PE,0.00,0.00,0.00,319.45,0.00,319.45,13866.55,551.10,0,0,0,0.00,0,F1,120,,,,,
2026-06-11,2026-06-11,FO,NSE,IDO,60516,,MIDCPNIFTY,,2026-08-25,2026-08-25,14025.00,PE,MIDCPNIFTY26AUG14025PE,0.00,0.00,0.00,335.40,0.00,335.40,13866.55,576.00,0,0,0,0.00,0,F1,120,,,,,
2026-06-11,2026-06-11,FO,NSE,IDO,63607,,MIDCPNIFTY,,2026-07-28,2026-07-28,15875.00,CE,MIDCPNIFTY26JUL15875CE,0.00,0.00,0.00,168.55,0.00,168.55,13866.55,37.50,0,0,0,0.00,0,F1,120,,,,,
2026-06-11,2026-06-11,FO,NSE,IDO,63575,,MIDCPNIFTY,,2026-07-28,2026-07-28,15475.00,CE,MIDCPNIFTY26JUL15475CE,0.00,0.00,0.00,242.30,0.00,242.30,13866.55,70.80,0,0,0,0.00,0,F1,120,,,,,
2026-06-11,2026-06-11,FO,NSE,IDO,63567,,MIDCPNIFTY,,2026-07-28,2026-07-28,15375.00,CE,MIDCPNIFTY26JUL15375CE,0.00,0.00,0.00,264.90,0.00,264.90,13866.55,82.30,0,0,0,0.00,0,F1,120,,,,,
2026-06-11,2026-06-11,FO,NSE,IDO,63563,,MIDCPNIFTY,,2026-07-28,2026-07-28,15325.00,CE,MIDCPNIFTY26JUL15325CE,0.00,0.00,0.00,276.50,0.00,276.50,13866.55,88.60,0,0,0,0.00,0,F1,120,,,,,
2026-06-11,2026-06-11,FO,NSE,IDO,63513,,MIDCPNIFTY,,2026-07-28,2026-07-28,14725.00,CE,MIDCPNIFTY26JUL14725CE,0.00,0.00,0.00,450.70,0.00,450.70,13866.55,201.40,0,0,0,0.00,0,F1,120,,,,,
2026-06-11,2026-06-11,FO,NSE,IDO,63497,,MIDCPNIFTY,,2026-07-28,2026-07-28,14525.00,CE,MIDCPNIFTY26JUL14525CE,0.00,0.00,0.00,524.80,0.00,524.80,13866.55,257.90,0,0,0,0.00,0,F1,120,,,,,
2026-06-11,2026-06-11,FO,NSE,IDO,63479,,MIDCPNIFTY,,2026-07-28,2026-07-28,14300.00,CE,MIDCPNIFTY26JUL14300CE,0.00,0.00,0.00,618.55,0.00,618.55,13866.55,335.15,0,0,0,0.00,0,F1,120,,,,,
2026-06-11,2026-06-11,FO,NSE,IDO,63477,,MIDCPNIFTY,,2026-07-28,2026-07-28,14275.00,CE,MIDCPNIFTY26JUL14275CE,0.00,0.00,0.00,629.65,0.00,629.65,13866.55,344.65,0,0,0,0.00,0,F1,120,,,,,
2026-06-11,2026-06-11,FO,NSE,IDO,63409,,MIDCPNIFTY,,2026-07-28,2026-07-28,13475.00,CE,MIDCPNIFTY26JUL13475CE,0.00,0.00,0.00,1061.45,0.00,1061.45,13866.55,757.80,0,0,0,0.00,0,F1,120,,,,,
2026-06-11,2026-06-11,FO,NSE,IDO,63403,,MIDCPNIFTY,,2026-07-28,2026-07-28,13400.00,CE,MIDCPNIFTY26JUL13400CE,0.00,0.00,0.00,1109.45,0.00,1109.45,13866.55,807.35,0,0,0,0.00,0,F1,120,,,,,
2026-06-11,2026-06-11,FO,NSE,IDO,63373,,MIDCPNIFTY,,2026-07-28,2026-07-28,13025.00,CE,MIDCPNIFTY26JUL13025CE,0.00,0.00,0.00,1368.85,0.00,1368.85,13866.55,1080.55,0,0,0,0.00,0,F1,120,,,,,
2026-06-11,2026-06-11,FO,NSE,IDO,63371,,MIDCPNIFTY,,2026-07-28,2026-07-28,13000.00,CE,MIDCPNIFTY26JUL13000CE,0.00,0.00,0.00,1387.15,0.00,1387.15,13866.55,1100.15,0,0,0,0.00,0,F1,120,,,,,
2026-06-11,2026-06-11,FO,NSE,IDO,63353,,MIDCPNIFTY,,2026-07-28,2026-07-28,12775.00,CE,MIDCPNIFTY26JUL12775CE,0.00,0.00,0.00,1556.85,0.00,1556.85,13866.55,1283.30,0,0,0,0.00,0,F1,120,,,,,
2026-06-11,2026-06-11,FO,NSE,IDO,63321,,MIDCPNIFTY,,2026-07-28,2026-07-28,12375.00,CE,MIDCPNIFTY26JUL12375CE,0.00,0.00,0.00,1881.70,0.00,1881.70,13866.55,1634.50,0,0,0,0.00,0,F1,120,,,,,
2026-06-11,2026-06-11,FO,NSE,IDO,52004,,MIDCPNIFTY,,2026-06-30,2026-06-30,15675.00,CE,MIDCPNIFTY26JUN15675CE,0.00,0.00,0.00,3.95,3.95,3.95,13866.55,3.80,240,0,0,0.00,0,F1,120,,,,,
2026-06-11,2026-06-11,FO,NSE,IDO,49277,,MIDCPNIFTY,,2026-06-30,2026-06-30,15575.00,CE,MIDCPNIFTY26JUN15575CE,0.00,0.00,0.00,4.40,4.40,4.40,13866.55,5.25,1080,0,0,0.00,0,F1,120,,,,,
2026-06-11,2026-06-11,FO,NSE,IDO,60524,,MIDCPNIFTY,,2026-08-25,2026-08-25,14125.00,PE,MIDCPNIFTY26AUG14125PE,0.00,0.00,0.00,368.85,0.00,368.85,13866.55,627.85,0,0,0,0.00,0,F1,120,,,,,
2026-06-11,2026-06-11,FO,NSE,IDO,60680,,MIDCPNIFTY,,2026-08-25,2026-08-25,15375.00,PE,MIDCPNIFTY26AUG15375PE,0.00,0.00,0.00,972.70,0.00,972.70,13866.55,1474.85,0,0,0,0.00,0,F1,120,,,,,
2026-06-11,2026-06-11,FO,NSE,IDO,40776,,MIDCPNIFTY,,2026-06-30,2026-06-30,15350.00,CE,MIDCPNIFTY26JUN15350CE,6.50,6.50,6.50,6.50,6.50,7.60,13866.55,10.60,3240,0,1,1842780.00,1,F1,120,,,,,
2026-06-11,2026-06-11,FO,NSE,IDO,40774,,MIDCPNIFTY,,2026-06-30,2026-06-30,15325.00,CE,MIDCPNIFTY26JUN15325CE,6.90,6.90,6.70,6.70,6.70,8.35,13866.55,11.45,240,-480,4,7359264.00,2,F1,120,,,,,
2026-06-11,2026-06-11,FO,NSE,IDO,78650,,MIDCPNIFTY,,2026-06-30,2026-06-30,14050.00,CE,MIDCPNIFTY26JUN14050CE,208.70,245.00,178.65,187.05,198.40,256.00,13866.55,187.05,19200,-720,502,859165500.00,463,F1,120,,,,,
2026-06-11,2026-06-11,FO,NSE,IDO,78630,,MIDCPNIFTY,,2026-06-30,2026-06-30,13800.00,CE,MIDCPNIFTY26JUN13800CE,350.00,389.80,300.00,317.20,331.75,383.35,13866.55,317.20,48480,29400,1338,2271418968.00,994,F1,120,,,,,
2026-06-11,2026-06-11,FO,NSE,IDO,78589,,MIDCPNIFTY,,2026-06-30,2026-06-30,13525.00,CE,MIDCPNIFTY26JUN13525CE,0.00,0.00,0.00,196.60,0.00,196.60,13866.55,525.80,0,0,0,0.00,0,F1,120,,,,,
2026-06-11,2026-06-11,FO,NSE,IDO,78363,,MIDCPNIFTY,,2026-06-30,2026-06-30,12775.00,CE,MIDCPNIFTY26JUN12775CE,0.00,0.00,0.00,407.30,0.00,407.30,13866.55,1149.95,0,0,0,0.00,0,F1,120,,,,,
2026-06-11,2026-06-11,FO,NSE,IDO,60477,,MIDCPNIFTY,,2026-08-25,2026-08-25,13625.00,PE,MIDCPNIFTY26AUG13625PE,0.00,0.00,0.00,222.60,0.00,222.60,13866.55,394.80,0,0,0,0.00,0,F1,120,,,,,
2026-06-11,2026-06-11,FO,NSE,IDO,60438,,MIDCPNIFTY,,2026-08-25,2026-08-25,13325.00,PE,MIDCPNIFTY26AUG13325PE,0.00,0.00,0.00,157.95,0.00,157.95,13866.55,286.35,0,0,0,0.00,0,F1,120,,,,,
2026-06-11,2026-06-11,FO,NSE,IDO,60436,,MIDCPNIFTY,,2026-08-25,2026-08-25,13300.00,PE,MIDCPNIFTY26AUG13300PE,0.00,0.00,0.00,153.30,0.00,153.30,13866.55,278.35,0,0,0,0.00,0,F1,120,,,,,
2026-06-11,2026-06-11,FO,NSE,IDO,60420,,MIDCPNIFTY,,2026-08-25,2026-08-25,13150.00,PE,MIDCPNIFTY26AUG13150PE,0.00,0.00,0.00,127.35,0.00,127.35,13866.55,234.10,0,0,0,0.00,0,F1,120,,,,,
2026-06-11,2026-06-11,FO,NSE,IDO,60389,,MIDCPNIFTY,,2026-08-25,2026-08-25,12925.00,PE,MIDCPNIFTY26AUG12925PE,0.00,0.00,0.00,94.90,0.00,94.90,13866.55,176.50,0,0,0,0.00,0,F1,120,,,,,
2026-06-11,2026-06-11,FO,NSE,IDO,60383,,MIDCPNIFTY,,2026-08-25,2026-08-25,12850.00,PE,MIDCPNIFTY26AUG12850PE,0.00,0.00,0.00,85.60,0.00,85.60,13866.55,159.90,0,0,0,0.00,0,F1,120,,,,,
2026-06-11,2026-06-11,FO,NSE,IDO,60357,,MIDCPNIFTY,,2026-08-25,2026-08-25,12725.00,PE,MIDCPNIFTY26AUG12725PE,0.00,0.00,0.00,71.75,0.00,71.75,13866.55,134.80,0,0,0,0.00,0,F1,120,,,,,
2026-06-11,2026-06-11,FO,NSE,IDO,63566,,MIDCPNIFTY,,2026-07-28,2026-07-28,15350.00,PE,MIDCPNIFTY26JUL15350PE,0.00,0.00,0.00,1424.10,0.00,1424.10,13866.55,1437.60,0,0,0,0.00,0,F1,120,,,,,
2026-06-11,2026-06-11,FO,NSE,IDO,63556,,MIDCPNIFTY,,2026-07-28,2026-07-28,15225.00,PE,MIDCPNIFTY26JUL15225PE,0.00,0.00,0.00,1330.65,0.00,1330.65,13866.55,1330.75,0,0,0,0.00,0,F1,120,,,,,
2026-06-11,2026-06-11,FO,NSE,IDO,63554,,MIDCPNIFTY,,2026-07-28,2026-07-28,15200.00,PE,MIDCPNIFTY26JUL15200PE,0.00,0.00,0.00,1312.40,0.00,1312.40,13866.55,1309.70,0,0,0,0.00,0,F1,120,,,,,
2026-06-11,2026-06-11,FO,NSE,IDO,63488,,MIDCPNIFTY,,2026-07-28,2026-07-28,14400.00,PE,MIDCPNIFTY26JUL14400PE,0.00,0.00,0.00,792.60,0.00,792.60,13866.55,709.25,0,0,0,0.00,0,F1,120,,,,,
2026-06-11,2026-06-11,FO,NSE,IDO,63472,,MIDCPNIFTY,,2026-07-28,2026-07-28,14200.00,PE,MIDCPNIFTY26JUL14200PE,0.00,0.00,0.00,683.85,0.00,683.85,13866.55,586.45,0,0,0,0.00,0,F1,120,,,,,
2026-06-11,2026-06-11,FO,NSE,IDO,63418,,MIDCPNIFTY,,2026-07-28,2026-07-28,13575.00,PE,MIDCPNIFTY26JUL13575PE,0.00,0.00,0.00,403.35,0.00,403.35,13866.55,286.95,0,0,0,0.00,0,F1,120,,,,,
2026-06-11,2026-06-11,FO,NSE,IDO,78339,,MIDCPNIFTY,,2026-06-30,2026-06-30,12725.00,CE,MIDCPNIFTY26JUN12725CE,0.00,0.00,0.00,425.90,0.00,425.90,13866.55,1196.95,0,0,0,0.00,0,F1,120,,,,,
2026-06-11,2026-06-11,FO,NSE,IDO,78271,,MIDCPNIFTY,,2026-06-30,2026-06-30,12175.00,CE,MIDCPNIFTY26JUN12175CE,0.00,0.00,0.00,673.40,0.00,673.40,13866.55,1731.95,0,0,0,0.00,0,F1,120,,,,,
2026-06-11,2026-06-11,FO,NSE,IDO,78240,,MIDCPNIFTY,,2026-06-30,2026-06-30,11950.00,CE,MIDCPNIFTY26JUN11950CE,0.00,0.00,0.00,798.10,0.00,798.10,13866.55,1955.20,0,0,0,0.00,0,F1,120,,,,,
2026-06-11,2026-06-11,FO,NSE,IDO,78230,,MIDCPNIFTY,,2026-06-30,2026-06-30,11875.00,CE,MIDCPNIFTY26JUN11875CE,0.00,0.00,0.00,842.70,0.00,842.70,13866.55,2029.80,0,0,0,0.00,0,F1,120,,,,,
2026-06-11,2026-06-11,FO,NSE,IDO,78076,,MIDCPNIFTY,,2026-06-30,2026-06-30,11075.00,CE,MIDCPNIFTY26JUN11075CE,0.00,0.00,0.00,1407.55,0.00,1407.55,13866.55,2826.90,0,0,0,0.00,0,F1,120,,,,,
2026-06-11,2026-06-11,FO,NSE,IDO,78020,,MIDCPNIFTY,,2026-06-30,2026-06-30,10875.00,CE,MIDCPNIFTY26JUN10875CE,0.00,0.00,0.00,1570.95,0.00,1570.95,13866.55,3026.25,0,0,0,0.00,0,F1,120,,,,,
2026-06-11,2026-06-11,FO,NSE,IDF,62328,,MIDCPNIFTY,,2026-06-30,2026-06-30,,,MIDCPNIFTY26JUNFUT,13968.00,14026.05,13888.40,13924.35,13940.00,14029.40,13866.55,13924.35,2390640,56640,3231,5409181020.00,2516,F1,120,,,,,
2026-06-11,2026-06-11,FO,NSE,IDO,78588,,MIDCPNIFTY,,2026-06-30,2026-06-30,13500.00,PE,MIDCPNIFTY26JUN13500PE,124.95,124.95,82.00,101.00,98.75,89.90,13866.55,101.00,683760,-50160,12471,20348292006.00,7399,F1,120,,,,,
2026-06-11,2026-06-11,FO,NSE,IDO,60616,,MIDCPNIFTY,,2026-08-25,2026-08-25,14775.00,PE,MIDCPNIFTY26AUG14775PE,0.00,0.00,0.00,639.95,0.00,639.95,13866.55,1025.80,0,0,0,0.00,0,F1,120,,,,,
2026-06-11,2026-06-11,FO,NSE,IDO,60596,,MIDCPNIFTY,,2026-08-25,2026-08-25,14600.00,PE,MIDCPNIFTY26AUG14600PE,0.00,0.00,0.00,557.75,0.00,557.75,13866.55,908.75,0,0,0,0.00,0,F1,120,,,,,
2026-06-11,2026-06-11,FO,NSE,IDO,60580,,MIDCPNIFTY,,2026-08-25,2026-08-25,14500.00,PE,MIDCPNIFTY26AUG14500PE,0.00,0.00,0.00,513.80,0.00,513.80,13866.55,845.05,0,0,0,0.00,0,F1,120,,,,,
2026-06-11,2026-06-11,FO,NSE,IDO,60554,,MIDCPNIFTY,,2026-08-25,2026-08-25,14325.00,PE,MIDCPNIFTY26AUG14325PE,0.00,0.00,0.00,442.30,0.00,442.30,13866.55,739.30,0,0,0,0.00,0,F1,120,,,,,
2026-06-11,2026-06-11,FO,NSE,IDO,49275,,MIDCPNIFTY,,2026-06-30,2026-06-30,15550.00,CE,MIDCPNIFTY26JUN15550CE,3.90,4.05,3.35,4.05,4.05,4.70,13866.55,4.05,7320,0,7,13065108.00,4,F1,120,,,,,
2026-06-11,2026-06-11,FO,NSE,IDO,63398,,MIDCPNIFTY,,2026-07-28,2026-07-28,13325.00,PE,MIDCPNIFTY26JUL13325PE,0.00,0.00,0.00,316.30,0.00,316.30,13866.55,203.10,0,0,0,0.00,0,F1,120,,,,,
2026-06-11,2026-06-11,FO,NSE,IDO,63382,,MIDCPNIFTY,,2026-07-28,2026-07-28,13125.00,PE,MIDCPNIFTY26JUL13125PE,0.00,0.00,0.00,257.25,0.00,257.25,13866.55,150.00,0,0,0,0.00,0,F1,120,,,,,
2026-06-11,2026-06-11,FO,NSE,IDO,63374,,MIDCPNIFTY,,2026-07-28,2026-07-28,13025.00,PE,MIDCPNIFTY26JUL13025PE,0.00,0.00,0.00,230.70,0.00,230.70,13866.55,127.60,0,0,0,0.00,0,F1,120,,,,,
2026-06-11,2026-06-11,FO,NSE,IDO,63342,,MIDCPNIFTY,,2026-07-28,2026-07-28,12625.00,PE,MIDCPNIFTY26JUL12625PE,0.00,0.00,0.00,143.10,0.00,143.10,13866.55,62.10,0,0,0,0.00,0,F1,120,,,,,
2026-06-11,2026-06-11,FO,NSE,IDO,63324,,MIDCPNIFTY,,2026-07-28,2026-07-28,12400.00,PE,MIDCPNIFTY26JUL12400PE,0.00,0.00,0.00,106.50,0.00,106.50,13866.55,39.20,0,0,0,0.00,0,F1,120,,,,,
2026-06-11,2026-06-11,FO,NSE,IDO,53808,,MIDCPNIFTY,,2026-06-30,2026-06-30,15825.00,PE,MIDCPNIFTY26JUN15825PE,0.00,0.00,0.00,2044.30,0.00,2044.30,13866.55,1910.20,0,0,0,0.00,0,F1,120,,,,,
2026-06-11,2026-06-11,FO,NSE,IDO,40787,,MIDCPNIFTY,,2026-06-30,2026-06-30,15475.00,PE,MIDCPNIFTY26JUN15475PE,0.00,0.00,0.00,2122.10,0.00,2122.10,13866.55,1566.30,0,0,0,0.00,0,F1,120,,,,,
2026-06-11,2026-06-11,FO,NSE,IDO,40784,,MIDCPNIFTY,,2026-06-30,2026-06-30,15450.00,PE,MIDCPNIFTY26JUN15450PE,0.00,0.00,0.00,2099.90,0.00,2099.90,13866.55,1541.95,0,0,0,0.00,0,F1,120,,,,,
2026-06-11,2026-06-11,FO,NSE,IDO,40751,,MIDCPNIFTY,,2026-06-30,2026-06-30,15125.00,PE,MIDCPNIFTY26JUN15125PE,0.00,0.00,0.00,973.10,973.10,973.10,13866.55,1230.60,720,0,0,0.00,0,F1,120,,,,,
2026-06-11,2026-06-11,FO,NSE,IDO,40739,,MIDCPNIFTY,,2026-06-30,2026-06-30,15025.00,PE,MIDCPNIFTY26JUN15025PE,1086.90,1086.90,1081.50,1081.55,1081.55,983.20,13866.55,1137.40,720,0,3,5798994.00,3,F1,120,,,,,
2026-06-11,2026-06-11,FO,NSE,IDO,78780,,MIDCPNIFTY,,2026-06-30,2026-06-30,14900.00,PE,MIDCPNIFTY26JUN14900PE,945.00,992.65,915.95,992.65,992.65,906.05,13866.55,1023.35,10200,-1560,24,45612120.00,17,F1,120,,,,,
2026-06-11,2026-06-11,FO,NSE,IDO,35127,,MIDCPNIFTY,,2026-06-30,2026-06-30,14625.00,PE,MIDCPNIFTY26JUN14625PE,0.00,0.00,0.00,662.90,662.90,662.90,13866.55,785.15,7920,0,0,0.00,0,F1,120,,,,,
2026-06-11,2026-06-11,FO,NSE,IDO,78635,,MIDCPNIFTY,,2026-06-30,2026-06-30,13850.00,PE,MIDCPNIFTY26JUN13850PE,212.05,241.35,188.00,223.50,212.15,184.50,13866.55,223.50,20280,10200,589,994206006.00,542,F1,120,,,,,
2026-06-11,2026-06-11,FO,NSE,IDO,78621,,MIDCPNIFTY,,2026-06-30,2026-06-30,13675.00,PE,MIDCPNIFTY26JUN13675PE,133.15,156.85,133.15,156.85,156.85,129.15,13866.55,156.85,3600,0,5,8291034.00,5,F1,120,,,,,
2026-06-11,2026-06-11,FO,NSE,IDO,60342,,MIDCPNIFTY,,2026-08-25,2026-08-25,12550.00,PE,MIDCPNIFTY26AUG12550PE,0.00,0.00,0.00,55.40,0.00,55.40,13866.55,104.80,0,0,0,0.00,0,F1,120,,,,,
2026-06-11,2026-06-11,FO,NSE,IDO,60350,,MIDCPNIFTY,,2026-08-25,2026-08-25,12650.00,PE,MIDCPNIFTY26AUG12650PE,0.00,0.00,0.00,64.35,0.00,64.35,13866.55,121.25,0,0,0,0.00,0,F1,120,,,,,
2026-06-11,2026-06-11,FO,NSE,IDO,60391,,MIDCPNIFTY,,2026-08-25,2026-08-25,12950.00,PE,MIDCPNIFTY26AUG12950PE,0.00,0.00,0.00,98.15,0.00,98.15,13866.55,182.30,0,0,0,0.00,0,F1,120,,,,,
2026-06-11,2026-06-11,FO,NSE,IDO,60428,,MIDCPNIFTY,,2026-08-25,2026-08-25,13200.00,PE,MIDCPNIFTY26AUG13200PE,0.00,0.00,0.00,135.60,0.00,135.60,13866.55,247.85,0,0,0,0.00,0,F1,120,,,,,
2026-06-11,2026-06-11,FO,NSE,IDO,60430,,MIDCPNIFTY,,2026-08-25,2026-08-25,13225.00,PE,MIDCPNIFTY26AUG13225PE,0.00,0.00,0.00,139.90,0.00,139.90,13866.55,255.25,0,0,0,0.00,0,F1,120,,,,,
2026-06-11,2026-06-11,FO,NSE,IDO,60440,,MIDCPNIFTY,,2026-08-25,2026-08-25,13350.00,PE,MIDCPNIFTY26AUG13350PE,0.00,0.00,0.00,162.75,0.00,162.75,13866.55,294.50,0,0,0,0.00,0,F1,120,,,,,
2026-06-11,2026-06-11,FO,NSE,IDO,63544,,MIDCPNIFTY,,2026-07-28,2026-07-28,15075.00,PE,MIDCPNIFTY26JUL15075PE,0.00,0.00,0.00,1222.95,0.00,1222.95,13866.55,1206.20,0,0,0,0.00,0,F1,120,,,,,
2026-06-11,2026-06-11,FO,NSE,IDO,63522,,MIDCPNIFTY,,2026-07-28,2026-07-28,14825.00,PE,MIDCPNIFTY26JUL14825PE,0.00,0.00,0.00,1052.75,0.00,1052.75,13866.55,1009.45,0,0,0,0.00,0,F1,120,,,,,
2026-06-11,2026-06-11,FO,NSE,IDO,63450,,MIDCPNIFTY,,2026-07-28,2026-07-28,13950.00,PE,MIDCPNIFTY26JUL13950PE,0.00,0.00,0.00,560.80,0.00,560.80,13866.55,451.00,0,0,0,0.00,0,F1,120,,,,,
2026-06-11,2026-06-11,FO,NSE,IDO,63426,,MIDCPNIFTY,,2026-07-28,2026-07-28,13675.00,PE,MIDCPNIFTY26JUL13675PE,0.00,0.00,0.00,442.15,0.00,442.15,13866.55,326.10,0,0,0,0.00,0,F1,120,,,,,
2026-06-11,2026-06-11,FO,NSE,IDO,40782,,MIDCPNIFTY,,2026-06-30,2026-06-30,15425.00,PE,MIDCPNIFTY26JUN15425PE,0.00,0.00,0.00,2077.80,0.00,2077.80,13866.55,1517.65,0,0,0,0.00,0,F1,120,,,,,
2026-06-11,2026-06-11,FO,NSE,IDO,40773,,MIDCPNIFTY,,2026-06-30,2026-06-30,15275.00,PE,MIDCPNIFTY26JUN15275PE,0.00,0.00,0.00,1946.55,0.00,1946.55,13866.55,1373.00,0,0,0,0.00,0,F1,120,,,,,
2026-06-11,2026-06-11,FO,NSE,IDO,38741,,MIDCPNIFTY,,2026-06-30,2026-06-30,14775.00,PE,MIDCPNIFTY26JUN14775PE,0.00,0.00,0.00,795.35,792.60,795.35,13866.55,912.60,2280,0,0,0.00,0,F1,120,,,,,
2026-06-11,2026-06-11,FO,NSE,IDO,35107,,MIDCPNIFTY,,2026-06-30,2026-06-30,14475.00,PE,MIDCPNIFTY26JUN14475PE,0.00,0.00,0.00,472.55,472.55,472.55,13866.55,664.80,5880,0,0,0.00,0,F1,120,,,,,
2026-06-11,2026-06-11,FO,NSE,IDO,78676,,MIDCPNIFTY,,2026-06-30,2026-06-30,14250.00,PE,MIDCPNIFTY26JUN14250PE,453.65,455.50,385.10,442.70,442.70,381.45,13866.55,442.70,30720,-1080,42,73901508.00,37,F1,120,,,,,
2026-06-11,2026-06-11,FO,NSE,IDO,78651,,MIDCPNIFTY,,2026-06-30,2026-06-30,14050.00,PE,MIDCPNIFTY26JUN14050PE,286.20,338.30,273.10,323.55,312.20,268.65,13866.55,323.55,15120,1800,263,453111036.00,243,F1,120,,,,,
2026-06-11,2026-06-11,FO,NSE,IDO,78500,,MIDCPNIFTY,,2026-06-30,2026-06-30,13225.00,PE,MIDCPNIFTY26JUN13225PE,45.45,46.75,40.65,46.70,46.70,45.35,13866.55,46.70,1680,1440,13,20702976.00,10,F1,120,,,,,
2026-06-11,2026-06-11,FO,NSE,IDO,78478,,MIDCPNIFTY,,2026-06-30,2026-06-30,13050.00,PE,MIDCPNIFTY26JUN13050PE,27.80,36.55,27.80,31.50,31.50,29.25,13866.55,42.15,2400,-840,25,39243198.00,20,F1,120,,,,,
2026-06-11,2026-06-11,FO,NSE,IDO,78270,,MIDCPNIFTY,,2026-06-30,2026-06-30,12150.00,PE,MIDCPNIFTY26JUN12150PE,1.95,1.95,1.95,1.95,1.95,4.10,13866.55,1.40,120,-240,2,2916468.00,1,F1,120,,,,,
2026-06-11,2026-06-11,FO,NSE,IDO,78260,,MIDCPNIFTY,,2026-06-30,2026-06-30,12025.00,PE,MIDCPNIFTY26JUN12025PE,0.00,0.00,0.00,4.95,4.95,4.95,13866.55,0.75,960,0,0,0.00,0,F1,120,,,,,
2026-06-11,2026-06-11,FO,NSE,IDO,78130,,MIDCPNIFTY,,2026-06-30,2026-06-30,11700.00,PE,MIDCPNIFTY26JUN11700PE,0.00,0.00,0.00,284.30,0.00,284.30,13866.55,0.15,0,0,0,0.00,0,F1,120,,,,,
2026-06-11,2026-06-11,FO,NSE,IDO,78108,,MIDCPNIFTY,,2026-06-30,2026-06-30,11425.00,PE,MIDCPNIFTY26JUN11425PE,0.00,0.00,0.00,203.50,0.00,203.50,13866.55,0.05,0,0,0,0.00,0,F1,120,,,,,
2026-06-11,2026-06-11,FO,NSE,IDO,78100,,MIDCPNIFTY,,2026-06-30,2026-06-30,11325.00,PE,MIDCPNIFTY26JUN11325PE,0.00,0.00,0.00,178.10,0.00,178.10,13866.55,0.05,0,0,0,0.00,0,F1,120,,,,,
2026-06-11,2026-06-11,FO,NSE,IDO,78028,,MIDCPNIFTY,,2026-06-30,2026-06-30,10950.00,PE,MIDCPNIFTY26JUN10950PE,0.00,0.00,0.00,103.90,0.00,103.90,13866.55,0.00,0,0,0,0.00,0,F1,120,,,,,
2026-06-11,2026-06-11,FO,NSE,IDO,77931,,MIDCPNIFTY,,2026-06-30,2026-06-30,10700.00,PE,MIDCPNIFTY26JUN10700PE,0.00,0.00,0.00,2.40,2.40,2.40,13866.55,0.00,1320,0,0,0.00,0,F1,120,,,,,
2026-06-11,2026-06-11,FO,NSE,IDO,60617,,MIDCPNIFTY,,2026-08-25,2026-08-25,14800.00,CE,MIDCPNIFTY26AUG14800CE,0.00,0.00,0.00,746.45,0.00,746.45,13866.55,311.05,0,0,0,0.00,0,F1,120,,,,,
2026-06-11,2026-06-11,FO,NSE,IDO,60607,,MIDCPNIFTY,,2026-08-25,2026-08-25,14675.00,CE,MIDCPNIFTY26AUG14675CE,0.00,0.00,0.00,809.55,0.00,809.55,13866.55,349.35,0,0,0,0.00,0,F1,120,,,,,
2026-06-11,2026-06-11,FO,NSE,IDO,60577,,MIDCPNIFTY,,2026-08-25,2026-08-25,14475.00,CE,MIDCPNIFTY26AUG14475CE,0.00,0.00,0.00,917.65,0.00,917.65,13866.55,418.05,0,0,0,0.00,0,F1,120,,,,,
2026-06-11,2026-06-11,FO,NSE,IDO,60535,,MIDCPNIFTY,,2026-08-25,2026-08-25,14200.00,CE,MIDCPNIFTY26AUG14200CE,0.00,0.00,0.00,1080.75,0.00,1080.75,13866.55,528.30,0,0,0,0.00,0,F1,120,,,,,
2026-06-11,2026-06-11,FO,NSE,IDO,60505,,MIDCPNIFTY,,2026-08-25,2026-08-25,13925.00,CE,MIDCPNIFTY26AUG13925CE,0.00,0.00,0.00,1260.40,0.00,1260.40,13866.55,657.90,0,0,0,0.00,0,F1,120,,,,,
2026-06-11,2026-06-11,FO,NSE,IDO,60478,,MIDCPNIFTY,,2026-08-25,2026-08-25,13650.00,CE,MIDCPNIFTY26AUG13650CE,0.00,0.00,0.00,1456.00,0.00,1456.00,13866.55,807.25,0,0,0,0.00,0,F1,120,,,,,
2026-06-11,2026-06-11,FO,NSE,IDO,60361,,MIDCPNIFTY,,2026-08-25,2026-08-25,12775.00,CE,MIDCPNIFTY26AUG12775CE,0.00,0.00,0.00,2166.40,0.00,2166.40,13866.55,1409.90,0,0,0,0.00,0,F1,120,,,,,
2026-06-11,2026-06-11,FO,NSE,IDO,60358,,MIDCPNIFTY,,2026-08-25,2026-08-25,12750.00,CE,MIDCPNIFTY26AUG12750CE,0.00,0.00,0.00,2188.35,0.00,2188.35,13866.55,1429.70,0,0,0,0.00,0,F1,120,,,,,
2026-06-11,2026-06-11,FO,NSE,IDO,60356,,MIDCPNIFTY,,2026-08-25,2026-08-25,12725.00,CE,MIDCPNIFTY26AUG12725CE,0.00,0.00,0.00,2210.35,0.00,2210.35,13866.55,1449.60,0,0,0,0.00,0,F1,120,,,,,
2026-06-11,2026-06-11,FO,NSE,IDO,63637,,MIDCPNIFTY,,2026-07-28,2026-07-28,16200.00,CE,MIDCPNIFTY26JUL16200CE,0.00,0.00,0.00,123.50,0.00,123.50,13866.55,21.55,0,0,0,0.00,0,F1,120,,,,,
2026-06-11,2026-06-11,FO,NSE,IDO,63553,,MIDCPNIFTY,,2026-07-28,2026-07-28,15200.00,CE,MIDCPNIFTY26JUL15200CE,0.00,0.00,0.00,306.80,0.00,306.80,13866.55,106.25,0,0,0,0.00,0,F1,120,,,,,
2026-06-11,2026-06-11,FO,NSE,IDO,63521,,MIDCPNIFTY,,2026-07-28,2026-07-28,14825.00,CE,MIDCPNIFTY26JUL14825CE,0.00,0.00,0.00,416.75,0.00,416.75,13866.55,177.80,0,0,0,0.00,0,F1,120,,,,,
2026-06-11,2026-06-11,FO,NSE,IDO,63483,,MIDCPNIFTY,,2026-07-28,2026-07-28,14350.00,CE,MIDCPNIFTY26JUL14350CE,0.00,0.00,0.00,596.75,0.00,596.75,13866.55,316.65,0,0,0,0.00,0,F1,120,,,,,
2026-06-11,2026-06-11,FO,NSE,IDO,63467,,MIDCPNIFTY,,2026-07-28,2026-07-28,14150.00,CE,MIDCPNIFTY26JUL14150CE,0.00,0.00,0.00,687.35,0.00,687.35,13866.55,395.30,0,0,0,0.00,0,F1,120,,,,,
2026-06-11,2026-06-11,FO,NSE,IDO,63419,,MIDCPNIFTY,,2026-07-28,2026-07-28,13600.00,CE,MIDCPNIFTY26JUL13600CE,0.00,0.00,0.00,984.20,0.00,984.20,13866.55,679.25,0,0,0,0.00,0,F1,120,,,,,
2026-06-11,2026-06-11,FO,NSE,IDO,63401,,MIDCPNIFTY,,2026-07-28,2026-07-28,13375.00,CE,MIDCPNIFTY26JUL13375CE,0.00,0.00,0.00,1125.75,0.00,1125.75,13866.55,824.25,0,0,0,0.00,0,F1,120,,,,,
2026-06-11,2026-06-11,FO,NSE,IDO,63387,,MIDCPNIFTY,,2026-07-28,2026-07-28,13200.00,CE,MIDCPNIFTY26JUL13200CE,0.00,0.00,0.00,1243.65,0.00,1243.65,13866.55,948.55,0,0,0,0.00,0,F1,120,,,,,
2026-06-11,2026-06-11,FO,NSE,IDO,63341,,MIDCPNIFTY,,2026-07-28,2026-07-28,12625.00,CE,MIDCPNIFTY26JUL12625CE,0.00,0.00,0.00,1675.50,0.00,1675.50,13866.55,1411.60,0,0,0,0.00,0,F1,120,,,,,
2026-06-11,2026-06-11,FO,NSE,IDO,63337,,MIDCPNIFTY,,2026-07-28,2026-07-28,12575.00,CE,MIDCPNIFTY26JUL12575CE,0.00,0.00,0.00,1715.95,0.00,1715.95,13866.55,1455.35,0,0,0,0.00,0,F1,120,,,,,
2026-06-11,2026-06-11,FO,NSE,IDO,63329,,MIDCPNIFTY,,2026-07-28,2026-07-28,12475.00,CE,MIDCPNIFTY26JUL12475CE,0.00,0.00,0.00,1798.05,0.00,1798.05,13866.55,1544.15,0,0,0,0.00,0,F1,120,,,,,
2026-06-11,2026-06-11,FO,NSE,IDO,63319,,MIDCPNIFTY,,2026-07-28,2026-07-28,12350.00,CE,MIDCPNIFTY26JUL12350CE,0.00,0.00,0.00,1902.85,0.00,1902.85,13866.55,1657.30,0,0,0,0.00,0,F1,120,,,,,
2026-06-11,2026-06-11,FO,NSE,IDO,53813,,MIDCPNIFTY,,2026-06-30,2026-06-30,15925.00,CE,MIDCPNIFTY26JUN15925CE,0.00,0.00,0.00,4.40,4.40,4.40,13866.55,1.60,600,0,0,0.00,0,F1,120,,,,,
2026-06-11,2026-06-11,FO,NSE,IDO,49271,,MIDCPNIFTY,,2026-06-30,2026-06-30,15525.00,CE,MIDCPNIFTY26JUN15525CE,0.00,0.00,0.00,4.75,4.75,4.75,13866.55,6.15,7200,0,0,0.00,0,F1,120,,,,,
2026-06-11,2026-06-11,FO,NSE,IDO,40778,,MIDCPNIFTY,,2026-06-30,2026-06-30,15375.00,CE,MIDCPNIFTY26JUN15375CE,6.00,6.05,5.35,5.95,6.05,7.40,13866.55,5.95,960,0,8,14765562.00,8,F1,120,,,,,
2026-06-11,2026-06-11,FO,NSE,IDO,78658,,MIDCPNIFTY,,2026-06-30,2026-06-30,14150.00,CE,MIDCPNIFTY26JUN14150CE,179.35,194.85,140.35,150.75,158.55,204.55,13866.55,150.75,44400,-1560,466,800876208.00,445,F1,120,,,,,
2026-06-11,2026-06-11,FO,NSE,IDO,78640,,MIDCPNIFTY,,2026-06-30,2026-06-30,13925.00,CE,MIDCPNIFTY26JUN13925CE,301.00,311.25,236.85,252.35,263.55,320.85,13866.55,252.35,11040,9240,814,1387342020.00,776,F1,120,,,,,
2026-06-11,2026-06-11,FO,NSE,IDO,78628,,MIDCPNIFTY,,2026-06-30,2026-06-30,13775.00,CE,MIDCPNIFTY26JUN13775CE,346.85,400.00,322.00,330.45,338.85,420.90,13866.55,330.45,2640,1800,44,74636382.00,35,F1,120,,,,,
2026-06-11,2026-06-11,FO,NSE,IDO,60442,,MIDCPNIFTY,,2026-08-25,2026-08-25,13375.00,PE,MIDCPNIFTY26AUG13375PE,0.00,0.00,0.00,167.65,0.00,167.65,13866.55,302.85,0,0,0,0.00,0,F1,120,,,,,
2026-06-11,2026-06-11,FO,NSE,IDO,60448,,MIDCPNIFTY,,2026-08-25,2026-08-25,13450.00,PE,MIDCPNIFTY26AUG13450PE,0.00,0.00,0.00,182.95,0.00,182.95,13866.55,328.75,0,0,0,0.00,0,F1,120,,,,,
2026-06-11,2026-06-11,FO,NSE,IDO,60469,,MIDCPNIFTY,,2026-08-25,2026-08-25,13600.00,PE,MIDCPNIFTY26AUG13600PE,0.00,0.00,0.00,216.60,0.00,216.60,13866.55,384.90,0,0,0,0.00,0,F1,120,,,,,
2026-06-11,2026-06-11,FO,NSE,IDO,60484,,MIDCPNIFTY,,2026-08-25,2026-08-25,13700.00,PE,MIDCPNIFTY26AUG13700PE,0.00,0.00,0.00,241.85,0.00,241.85,13866.55,425.60,0,0,0,0.00,0,F1,120,,,,,
2026-06-11,2026-06-11,FO,NSE,IDO,60508,,MIDCPNIFTY,,2026-08-25,2026-08-25,13950.00,PE,MIDCPNIFTY26AUG13950PE,0.00,0.00,0.00,311.70,0.00,311.70,13866.55,538.85,0,0,0,0.00,0,F1,120,,,,,
2026-06-11,2026-06-11,FO,NSE,IDO,60518,,MIDCPNIFTY,,2026-08-25,2026-08-25,14050.00,PE,MIDCPNIFTY26AUG14050PE,0.00,0.00,0.00,343.55,0.00,343.55,13866.55,588.70,0,0,0,0.00,0,F1,120,,,,,
2026-06-11,2026-06-11,FO,NSE,IDO,60520,,MIDCPNIFTY,,2026-08-25,2026-08-25,14075.00,PE,MIDCPNIFTY26AUG14075PE,0.00,0.00,0.00,351.85,0.00,351.85,13866.55,601.60,0,0,0,0.00,0,F1,120,,,,,
2026-06-11,2026-06-11,FO,NSE,IDO,60556,,MIDCPNIFTY,,2026-08-25,2026-08-25,14350.00,PE,MIDCPNIFTY26AUG14350PE,0.00,0.00,0.00,452.10,0.00,452.10,13866.55,753.95,0,0,0,0.00,0,F1,120,,,,,
2026-06-11,2026-06-11,FO,NSE,IDO,60612,,MIDCPNIFTY,,2026-08-25,2026-08-25,14725.00,PE,MIDCPNIFTY26AUG14725PE,0.00,0.00,0.00,615.80,0.00,615.80,13866.55,991.65,0,0,0,0.00,0,F1,120,,,,,
2026-06-11,2026-06-11,FO,NSE,IDO,60652,,MIDCPNIFTY,,2026-08-25,2026-08-25,15125.00,PE,MIDCPNIFTY26AUG15125PE,0.00,0.00,0.00,824.70,0.00,824.70,13866.55,1280.10,0,0,0,0.00,0,F1,120,,,,,
2026-06-11,2026-06-11,FO,NSE,IDO,60665,,MIDCPNIFTY,,2026-08-25,2026-08-25,15200.00,PE,MIDCPNIFTY26AUG15200PE,0.00,0.00,0.00,867.70,0.00,867.70,13866.55,1337.00,0,0,0,0.00,0,F1,120,,,,,
2026-06-11,2026-06-11,FO,NSE,IDO,60670,,MIDCPNIFTY,,2026-08-25,2026-08-25,15250.00,PE,MIDCPNIFTY26AUG15250PE,0.00,0.00,0.00,897.05,0.00,897.05,13866.55,1375.85,0,0,0,0.00,0,F1,120,,,,,
2026-06-11,2026-06-11,FO,NSE,IDO,60674,,MIDCPNIFTY,,2026-08-25,2026-08-25,15300.00,PE,MIDCPNIFTY26AUG15300PE,0.00,0.00,0.00,926.95,0.00,926.95,13866.55,1415.15,0,0,0,0.00,0,F1,120,,,,,
2026-06-11,2026-06-11,FO,NSE,IDO,60688,,MIDCPNIFTY,,2026-08-25,2026-08-25,15450.00,PE,MIDCPNIFTY26AUG15450PE,0.00,0.00,0.00,1019.60,0.00,1019.60,13866.55,1535.45,0,0,0,0.00,0,F1,120,,,,,
2026-06-11,2026-06-11,FO,NSE,IDO,60728,,MIDCPNIFTY,,2026-08-25,2026-08-25,15800.00,PE,MIDCPNIFTY26AUG15800PE,0.00,0.00,0.00,1252.95,0.00,1252.95,13866.55,1828.95,0,0,0,0.00,0,F1,120,,,,,
2026-06-11,2026-06-11,FO,NSE,IDO,78622,,MIDCPNIFTY,,2026-06-30,2026-06-30,13700.00,CE,MIDCPNIFTY26JUN13700CE,393.45,447.00,365.00,380.85,398.75,471.85,13866.55,380.85,6360,3600,73,123581088.00,70,F1,120,,,,,
2026-06-11,2026-06-11,FO,NSE,IDO,78587,,MIDCPNIFTY,,2026-06-30,2026-06-30,13500.00,CE,MIDCPNIFTY26JUN13500CE,540.05,599.00,498.00,520.70,523.00,613.95,13866.55,520.70,29640,1920,136,229498068.00,91,F1,120,,,,,
2026-06-11,2026-06-11,FO,NSE,IDO,78522,,MIDCPNIFTY,,2026-06-30,2026-06-30,13325.00,CE,MIDCPNIFTY26JUN13325CE,0.00,0.00,0.00,241.65,0.00,241.65,13866.55,672.65,0,0,0,0.00,0,F1,120,,,,,
2026-06-11,2026-06-11,FO,NSE,IDO,78499,,MIDCPNIFTY,,2026-06-30,2026-06-30,13225.00,CE,MIDCPNIFTY26JUN13225CE,0.00,0.00,0.00,266.40,0.00,266.40,13866.55,752.35,0,0,0,0.00,0,F1,120,,,,,
2026-06-11,2026-06-11,FO,NSE,IDO,78236,,MIDCPNIFTY,,2026-06-30,2026-06-30,11900.00,CE,MIDCPNIFTY26JUN11900CE,0.00,0.00,0.00,827.65,0.00,827.65,13866.55,2004.95,0,0,0,0.00,0,F1,120,,,,,
2026-06-11,2026-06-11,FO,NSE,IDO,78371,,MIDCPNIFTY,,2026-06-30,2026-06-30,12875.00,CE,MIDCPNIFTY26JUN12875CE,0.00,0.00,0.00,371.90,0.00,371.90,13866.55,1057.20,0,0,0,0.00,0,F1,120,,,,,
2026-06-11,2026-06-11,FO,NSE,IDO,78377,,MIDCPNIFTY,,2026-06-30,2026-06-30,12950.00,CE,MIDCPNIFTY26JUN12950CE,0.00,0.00,0.00,346.95,0.00,346.95,13866.55,989.05,0,0,0,0.00,0,F1,120,,,,,
2026-06-11,2026-06-11,FO,NSE,IDO,63572,,MIDCPNIFTY,,2026-07-28,2026-07-28,15425.00,PE,MIDCPNIFTY26JUL15425PE,0.00,0.00,0.00,1481.10,0.00,1481.10,13866.55,1502.90,0,0,0,0.00,0,F1,120,,,,,
2026-06-11,2026-06-11,FO,NSE,IDO,63600,,MIDCPNIFTY,,2026-07-28,2026-07-28,15775.00,PE,MIDCPNIFTY26JUL15775PE,0.00,0.00,0.00,1757.30,0.00,1757.30,13866.55,1817.70,0,0,0,0.00,0,F1,120,,,,,
2026-06-11,2026-06-11,FO,NSE,IDO,63604,,MIDCPNIFTY,,2026-07-28,2026-07-28,15825.00,PE,MIDCPNIFTY26JUL15825PE,0.00,0.00,0.00,1798.25,0.00,1798.25,13866.55,1863.85,0,0,0,0.00,0,F1,120,,,,,
2026-06-11,2026-06-11,FO,NSE,IDO,63608,,MIDCPNIFTY,,2026-07-28,2026-07-28,15875.00,PE,MIDCPNIFTY26JUL15875PE,0.00,0.00,0.00,1839.50,0.00,1839.50,13866.55,1910.20,0,0,0,0.00,0,F1,120,,,,,
2026-06-11,2026-06-11,FO,NSE,IDO,78792,,MIDCPNIFTY,,2026-06-30,2026-06-30,15400.00,PE,MIDCPNIFTY26JUN15400PE,0.00,0.00,0.00,2985.50,0.00,2985.50,13866.55,1493.40,0,0,0,0.00,0,F1,120,,,,,
2026-06-11,2026-06-11,FO,NSE,IDO,49278,,MIDCPNIFTY,,2026-06-30,2026-06-30,15575.00,PE,MIDCPNIFTY26JUN15575PE,0.00,0.00,0.00,2050.35,0.00,2050.35,13866.55,1664.00,0,0,0,0.00,0,F1,120,,,,,
2026-06-11,2026-06-11,FO,NSE,IDO,52009,,MIDCPNIFTY,,2026-06-30,2026-06-30,15750.00,PE,MIDCPNIFTY26JUN15750PE,0.00,0.00,0.00,2092.90,0.00,2092.90,13866.55,1836.15,0,0,0,0.00,0,F1,120,,,,,
2026-06-11,2026-06-11,FO,NSE,IDO,63356,,MIDCPNIFTY,,2026-07-28,2026-07-28,12800.00,PE,MIDCPNIFTY26JUL12800PE,0.00,0.00,0.00,177.55,0.00,177.55,13866.55,86.35,0,0,0,0.00,0,F1,120,,,,,
2026-06-11,2026-06-11,FO,NSE,IDO,63422,,MIDCPNIFTY,,2026-07-28,2026-07-28,13625.00,PE,MIDCPNIFTY26JUL13625PE,0.00,0.00,0.00,422.45,0.00,422.45,13866.55,306.10,0,0,0,0.00,0,F1,120,,,,,
2026-06-11,2026-06-11,FO,NSE,IDO,63424,,MIDCPNIFTY,,2026-07-28,2026-07-28,13650.00,PE,MIDCPNIFTY26JUL13650PE,0.00,0.00,0.00,432.25,0.00,432.25,13866.55,316.00,0,0,0,0.00,0,F1,120,,,,,
2026-06-11,2026-06-11,FO,NSE,IDO,63446,,MIDCPNIFTY,,2026-07-28,2026-07-28,13900.00,PE,MIDCPNIFTY26JUL13900PE,0.00,0.00,0.00,537.90,0.00,537.90,13866.55,426.45,0,0,0,0.00,0,F1,120,,,,,
2026-06-11,2026-06-11,FO,NSE,IDO,63456,,MIDCPNIFTY,,2026-07-28,2026-07-28,14000.00,PE,MIDCPNIFTY26JUL14000PE,372.00,431.85,357.75,418.35,405.45,391.00,13866.55,418.35,3120,0,17,29388690.00,17,F1,120,,,,,
2026-06-11,2026-06-11,FO,NSE,IDO,63514,,MIDCPNIFTY,,2026-07-28,2026-07-28,14725.00,PE,MIDCPNIFTY26JUL14725PE,0.00,0.00,0.00,988.15,0.00,988.15,13866.55,933.90,0,0,0,0.00,0,F1,120,,,,,
2026-06-11,2026-06-11,FO,NSE,IDO,63518,,MIDCPNIFTY,,2026-07-28,2026-07-28,14775.00,PE,MIDCPNIFTY26JUL14775PE,0.00,0.00,0.00,1020.20,0.00,1020.20,13866.55,971.65,0,0,0,0.00,0,F1,120,,,,,
2026-06-11,2026-06-11,FO,NSE,IDO,63570,,MIDCPNIFTY,,2026-07-28,2026-07-28,15400.00,PE,MIDCPNIFTY26JUL15400PE,0.00,0.00,0.00,1462.00,0.00,1462.00,13866.55,1481.05,0,0,0,0.00,0,F1,120,,,,,
2026-06-11,2026-06-11,FO,NSE,IDO,63580,,MIDCPNIFTY,,2026-07-28,2026-07-28,15525.00,PE,MIDCPNIFTY26JUL15525PE,0.00,0.00,0.00,1557.80,0.00,1557.80,13866.55,1591.25,0,0,0,0.00,0,F1,120,,,,,
2026-06-11,2026-06-11,FO,NSE,IDO,63590,,MIDCPNIFTY,,2026-07-28,2026-07-28,15650.00,PE,MIDCPNIFTY26JUL15650PE,0.00,0.00,0.00,1656.45,0.00,1656.45,13866.55,1703.60,0,0,0,0.00,0,F1,120,,,,,
2026-06-11,2026-06-11,FO,NSE,IDO,63596,,MIDCPNIFTY,,2026-07-28,2026-07-28,15725.00,PE,MIDCPNIFTY26JUL15725PE,0.00,0.00,0.00,1716.70,0.00,1716.70,13866.55,1771.85,0,0,0,0.00,0,F1,120,,,,,
2026-06-11,2026-06-11,FO,NSE,IDO,60748,,MIDCPNIFTY,,2026-08-25,2026-08-25,16000.00,PE,MIDCPNIFTY26AUG16000PE,0.00,0.00,0.00,1396.25,0.00,1396.25,13866.55,2003.55,0,0,0,0.00,0,F1,120,,,,,
2026-06-11,2026-06-11,FO,NSE,IDO,60736,,MIDCPNIFTY,,2026-08-25,2026-08-25,15900.00,PE,MIDCPNIFTY26AUG15900PE,0.00,0.00,0.00,1323.75,0.00,1323.75,13866.55,1915.70,0,0,0,0.00,0,F1,120,,,,,
2026-06-11,2026-06-11,FO,NSE,IDO,78636,,MIDCPNIFTY,,2026-06-30,2026-06-30,13875.00,CE,MIDCPNIFTY26JUN13875CE,300.05,337.60,260.00,273.90,288.00,354.80,13866.55,273.90,7920,6240,531,902521446.00,483,F1,120,,,,,
2026-06-11,2026-06-11,FO,NSE,IDO,78660,,MIDCPNIFTY,,2026-06-30,2026-06-30,14175.00,CE,MIDCPNIFTY26JUN14175CE,160.85,183.65,133.95,142.20,151.00,196.50,13866.55,142.20,21960,-2880,277,476672184.00,249,F1,120,,,,,
2026-06-11,2026-06-11,FO,NSE,IDO,78763,,MIDCPNIFTY,,2026-06-30,2026-06-30,14500.00,CE,MIDCPNIFTY26JUN14500CE,75.00,81.80,55.45,60.05,62.85,89.35,13866.55,60.05,549120,-36240,8068,14103887226.00,5230,F1,120,,,,,
2026-06-11,2026-06-11,FO,NSE,IDO,35108,,MIDCPNIFTY,,2026-06-30,2026-06-30,14525.00,CE,MIDCPNIFTY26JUN14525CE,70.40,75.00,52.75,53.25,53.05,82.75,13866.55,53.25,19800,-240,70,122539902.00,53,F1,120,,,,,
2026-06-11,2026-06-11,FO,NSE,IDO,38726,,MIDCPNIFTY,,2026-06-30,2026-06-30,14750.00,CE,MIDCPNIFTY26JUN14750CE,33.30,39.00,27.50,30.15,31.85,44.85,13866.55,30.15,44160,1320,177,313996644.00,137,F1,120,,,,,
2026-06-11,2026-06-11,FO,NSE,IDO,41341,,MIDCPNIFTY,,2026-06-30,2026-06-30,14875.00,CE,MIDCPNIFTY26JUN14875CE,30.00,30.00,19.55,20.85,21.45,31.35,13866.55,20.85,6360,1080,21,37542156.00,16,F1,120,,,,,
2026-06-11,2026-06-11,FO,NSE,IDO,78781,,MIDCPNIFTY,,2026-06-30,2026-06-30,15000.00,CE,MIDCPNIFTY26JUN15000CE,19.85,19.85,13.95,14.80,15.70,21.90,13866.55,14.80,949200,165480,7916,14264227914.00,4048,F1,120,,,,,
2026-06-11,2026-06-11,FO,NSE,IDO,78783,,MIDCPNIFTY,,2026-06-30,2026-06-30,15100.00,CE,MIDCPNIFTY26JUN15100CE,14.00,14.15,10.75,11.30,11.25,15.65,13866.55,11.30,66000,-15960,1484,2691193350.00,996,F1,120,,,,,
2026-06-11,2026-06-11,FO,NSE,IDO,40761,,MIDCPNIFTY,,2026-06-30,2026-06-30,15225.00,CE,MIDCPNIFTY26JUN15225CE,9.10,9.55,8.15,8.15,8.15,11.55,13866.55,15.35,720,-600,13,23764986.00,9,F1,120,,,,,
2026-06-11,2026-06-11,FO,NSE,IDO,78799,,MIDCPNIFTY,,2026-06-30,2026-06-30,15500.00,CE,MIDCPNIFTY26JUN15500CE,4.50,4.95,3.50,4.10,4.20,5.30,13866.55,4.10,348600,-125760,2797,5203796868.00,1212,F1,120,,,,,
2026-06-11,2026-06-11,FO,NSE,IDO,63347,,MIDCPNIFTY,,2026-07-28,2026-07-28,12700.00,CE,MIDCPNIFTY26JUL12700CE,0.00,0.00,0.00,1615.65,0.00,1615.65,13866.55,1346.90,0,0,0,0.00,0,F1,120,,,,,
2026-06-11,2026-06-11,FO,NSE,IDO,63361,,MIDCPNIFTY,,2026-07-28,2026-07-28,12875.00,CE,MIDCPNIFTY26JUL12875CE,0.00,0.00,0.00,1480.00,0.00,1480.00,13866.55,1200.45,0,0,0,0.00,0,F1,120,,,,,
2026-06-11,2026-06-11,FO,NSE,IDO,63369,,MIDCPNIFTY,,2026-07-28,2026-07-28,12975.00,CE,MIDCPNIFTY26JUL12975CE,0.00,0.00,0.00,1405.05,0.00,1405.05,13866.55,1119.90,0,0,0,0.00,0,F1,120,,,,,
2026-06-11,2026-06-11,FO,NSE,IDO,63407,,MIDCPNIFTY,,2026-07-28,2026-07-28,13450.00,CE,MIDCPNIFTY26JUL13450CE,0.00,0.00,0.00,1077.30,0.00,1077.30,13866.55,774.10,0,0,0,0.00,0,F1,120,,,,,
2026-06-11,2026-06-11,FO,NSE,IDO,63431,,MIDCPNIFTY,,2026-07-28,2026-07-28,13750.00,CE,MIDCPNIFTY26JUL13750CE,0.00,0.00,0.00,896.30,0.00,896.30,13866.55,591.80,0,0,0,0.00,0,F1,120,,,,,
2026-06-11,2026-06-11,FO,NSE,IDO,63447,,MIDCPNIFTY,,2026-07-28,2026-07-28,13925.00,CE,MIDCPNIFTY26JUL13925CE,0.00,0.00,0.00,800.35,0.00,800.35,13866.55,499.30,0,0,0,0.00,0,F1,120,,,,,
2026-06-11,2026-06-11,FO,NSE,IDO,63449,,MIDCPNIFTY,,2026-07-28,2026-07-28,13950.00,CE,MIDCPNIFTY26JUL13950CE,0.00,0.00,0.00,787.20,0.00,787.20,13866.55,486.85,0,0,0,0.00,0,F1,120,,,,,
2026-06-11,2026-06-11,FO,NSE,IDO,63461,,MIDCPNIFTY,,2026-07-28,2026-07-28,14075.00,CE,MIDCPNIFTY26JUL14075CE,0.00,0.00,0.00,723.75,0.00,723.75,13866.55,428.10,0,0,0,0.00,0,F1,120,,,,,
2026-06-11,2026-06-11,FO,NSE,IDO,63463,,MIDCPNIFTY,,2026-07-28,2026-07-28,14100.00,CE,MIDCPNIFTY26JUL14100CE,0.00,0.00,0.00,711.45,0.00,711.45,13866.55,416.95,0,0,0,0.00,0,F1,120,,,,,
2026-06-11,2026-06-11,FO,NSE,IDO,63541,,MIDCPNIFTY,,2026-07-28,2026-07-28,15050.00,CE,MIDCPNIFTY26JUL15050CE,0.00,0.00,0.00,347.60,0.00,347.60,13866.55,131.10,0,0,0,0.00,0,F1,120,,,,,
2026-06-11,2026-06-11,FO,NSE,IDO,63549,,MIDCPNIFTY,,2026-07-28,2026-07-28,15150.00,CE,MIDCPNIFTY26JUL15150CE,0.00,0.00,0.00,319.95,0.00,319.95,13866.55,114.05,0,0,0,0.00,0,F1,120,,,,,
2026-06-11,2026-06-11,FO,NSE,IDO,63557,,MIDCPNIFTY,,2026-07-28,2026-07-28,15250.00,CE,MIDCPNIFTY26JUL15250CE,0.00,0.00,0.00,294.05,0.00,294.05,13866.55,98.85,0,0,0,0.00,0,F1,120,,,,,
2026-06-11,2026-06-11,FO,NSE,IDO,60390,,MIDCPNIFTY,,2026-08-25,2026-08-25,12950.00,CE,MIDCPNIFTY26AUG12950CE,0.00,0.00,0.00,2015.05,0.00,2015.05,13866.55,1275.10,0,0,0,0.00,0,F1,120,,,,,
2026-06-11,2026-06-11,FO,NSE,IDO,60392,,MIDCPNIFTY,,2026-08-25,2026-08-25,12975.00,CE,MIDCPNIFTY26AUG12975CE,0.00,0.00,0.00,1993.75,0.00,1993.75,13866.55,1256.40,0,0,0,0.00,0,F1,120,,,,,
2026-06-11,2026-06-11,FO,NSE,IDO,60419,,MIDCPNIFTY,,2026-08-25,2026-08-25,13150.00,CE,MIDCPNIFTY26AUG13150CE,0.00,0.00,0.00,1847.25,0.00,1847.25,13866.55,1129.65,0,0,0,0.00,0,F1,120,,,,,
2026-06-11,2026-06-11,FO,NSE,IDO,60439,,MIDCPNIFTY,,2026-08-25,2026-08-25,13350.00,CE,MIDCPNIFTY26AUG13350CE,0.00,0.00,0.00,1685.60,0.00,1685.60,13866.55,992.80,0,0,0,0.00,0,F1,120,,,,,
2026-06-11,2026-06-11,FO,NSE,IDO,60463,,MIDCPNIFTY,,2026-08-25,2026-08-25,13550.00,CE,MIDCPNIFTY26AUG13550CE,0.00,0.00,0.00,1530.70,0.00,1530.70,13866.55,866.50,0,0,0,0.00,0,F1,120,,,,,
2026-06-11,2026-06-11,FO,NSE,IDO,60485,,MIDCPNIFTY,,2026-08-25,2026-08-25,13725.00,CE,MIDCPNIFTY26AUG13725CE,0.00,0.00,0.00,1401.70,0.00,1401.70,13866.55,764.55,0,0,0,0.00,0,F1,120,,,,,
2026-06-11,2026-06-11,FO,NSE,IDO,60509,,MIDCPNIFTY,,2026-08-25,2026-08-25,13975.00,CE,MIDCPNIFTY26AUG13975CE,0.00,0.00,0.00,1226.55,0.00,1226.55,13866.55,632.85,0,0,0,0.00,0,F1,120,,,,,
2026-06-11,2026-06-11,FO,NSE,IDO,60539,,MIDCPNIFTY,,2026-08-25,2026-08-25,14250.00,CE,MIDCPNIFTY26AUG14250CE,0.00,0.00,0.00,1049.85,0.00,1049.85,13866.55,506.85,0,0,0,0.00,0,F1,120,,,,,
2026-06-11,2026-06-11,FO,NSE,IDO,78027,,MIDCPNIFTY,,2026-06-30,2026-06-30,10950.00,CE,MIDCPNIFTY26JUN10950CE,0.00,0.00,0.00,1508.80,0.00,1508.80,13866.55,2951.50,0,0,0,0.00,0,F1,120,,,,,
2026-06-11,2026-06-11,FO,NSE,IDO,78063,,MIDCPNIFTY,,2026-06-30,2026-06-30,10975.00,CE,MIDCPNIFTY26JUN10975CE,0.00,0.00,0.00,1488.30,0.00,1488.30,13866.55,2926.60,0,0,0,0.00,0,F1,120,,,,,
2026-06-11,2026-06-11,FO,NSE,IDO,78070,,MIDCPNIFTY,,2026-06-30,2026-06-30,11050.00,CE,MIDCPNIFTY26JUN11050CE,0.00,0.00,0.00,1427.55,0.00,1427.55,13866.55,2851.85,0,0,0,0.00,0,F1,120,,,,,
2026-06-11,2026-06-11,FO,NSE,IDO,78101,,MIDCPNIFTY,,2026-06-30,2026-06-30,11350.00,CE,MIDCPNIFTY26JUN11350CE,0.00,0.00,0.00,1196.20,0.00,1196.20,13866.55,2552.80,0,0,0,0.00,0,F1,120,,,,,
2026-06-11,2026-06-11,FO,NSE,IDO,60555,,MIDCPNIFTY,,2026-08-25,2026-08-25,14350.00,CE,MIDCPNIFTY26AUG14350CE,0.00,0.00,0.00,989.70,0.00,989.70,13866.55,465.85,0,0,0,0.00,0,F1,120,,,,,
2026-06-11,2026-06-11,FO,NSE,IDO,60557,,MIDCPNIFTY,,2026-08-25,2026-08-25,14375.00,CE,MIDCPNIFTY26AUG14375CE,0.00,0.00,0.00,975.00,0.00,975.00,13866.55,455.95,0,0,0,0.00,0,F1,120,,,,,
2026-06-11,2026-06-11,FO,NSE,IDO,60581,,MIDCPNIFTY,,2026-08-25,2026-08-25,14525.00,CE,MIDCPNIFTY26AUG14525CE,0.00,0.00,0.00,889.75,0.00,889.75,13866.55,400.00,0,0,0,0.00,0,F1,120,,,,,
2026-06-11,2026-06-11,FO,NSE,IDO,60583,,MIDCPNIFTY,,2026-08-25,2026-08-25,14550.00,CE,MIDCPNIFTY26AUG14550CE,0.00,0.00,0.00,876.05,0.00,876.05,13866.55,391.20,0,0,0,0.00,0,F1,120,,,,,
2026-06-11,2026-06-11,FO,NSE,IDO,60653,,MIDCPNIFTY,,2026-08-25,2026-08-25,15150.00,CE,MIDCPNIFTY26AUG15150CE,0.00,0.00,0.00,588.30,0.00,588.30,13866.55,221.90,0,0,0,0.00,0,F1,120,,,,,
2026-06-11,2026-06-11,FO,NSE,IDO,78082,,MIDCPNIFTY,,2026-06-30,2026-06-30,11100.00,PE,MIDCPNIFTY26JUN11100PE,0.00,0.00,0.00,130.10,0.00,130.10,13866.55,0.00,0,0,0,0.00,0,F1,120,,,,,
2026-06-11,2026-06-11,FO,NSE,IDO,78110,,MIDCPNIFTY,,2026-06-30,2026-06-30,11450.00,PE,MIDCPNIFTY26JUN11450PE,0.00,0.00,0.00,210.10,0.00,210.10,13866.55,0.05,0,0,0,0.00,0,F1,120,,,,,
2026-06-11,2026-06-11,FO,NSE,IDO,78114,,MIDCPNIFTY,,2026-06-30,2026-06-30,11500.00,PE,MIDCPNIFTY26JUN11500PE,2.00,2.50,1.80,1.85,1.90,4.00,13866.55,1.85,5280,1200,14,19323594.00,8,F1,120,,,,,
2026-06-11,2026-06-11,FO,NSE,IDO,60658,,MIDCPNIFTY,,2026-08-25,2026-08-25,15175.00,PE,MIDCPNIFTY26AUG15175PE,0.00,0.00,0.00,853.25,0.00,853.25,13866.55,1318.35,0,0,0,0.00,0,F1,120,,,,,
2026-06-11,2026-06-11,FO,NSE,IDO,60646,,MIDCPNIFTY,,2026-08-25,2026-08-25,15075.00,PE,MIDCPNIFTY26AUG15075PE,0.00,0.00,0.00,796.65,0.00,796.65,13866.55,1242.30,0,0,0,0.00,0,F1,120,,,,,
2026-06-11,2026-06-11,FO,NSE,IDO,78258,,MIDCPNIFTY,,2026-06-30,2026-06-30,12000.00,PE,MIDCPNIFTY26JUN12000PE,4.60,4.65,3.15,3.70,3.65,3.85,13866.55,3.70,40440,840,129,185816970.00,59,F1,120,,,,,
2026-06-11,2026-06-11,FO,NSE,IDO,78298,,MIDCPNIFTY,,2026-06-30,2026-06-30,12425.00,PE,MIDCPNIFTY26JUN12425PE,5.75,6.10,5.75,6.10,6.10,4.50,13866.55,4.70,3000,-120,6,8950272.00,6,F1,120,,,,,
2026-06-11,2026-06-11,FO,NSE,IDO,78302,,MIDCPNIFTY,,2026-06-30,2026-06-30,12475.00,PE,MIDCPNIFTY26JUN12475PE,7.95,7.95,5.70,6.70,6.70,4.80,13866.55,5.75,2760,240,16,23965170.00,14,F1,120,,,,,
2026-06-11,2026-06-11,FO,NSE,IDO,78324,,MIDCPNIFTY,,2026-06-30,2026-06-30,12700.00,PE,MIDCPNIFTY26JUN12700PE,11.95,13.50,8.80,11.80,11.00,10.75,13866.55,11.80,130080,1920,731,1115015514.00,509,F1,120,,,,,
2026-06-11,2026-06-11,FO,NSE,IDO,78372,,MIDCPNIFTY,,2026-06-30,2026-06-30,12875.00,PE,MIDCPNIFTY26JUN12875PE,17.25,17.25,17.25,17.25,17.25,11.00,13866.55,24.60,840,120,1,1547070.00,1,F1,120,,,,,
2026-06-11,2026-06-11,FO,NSE,IDO,78474,,MIDCPNIFTY,,2026-06-30,2026-06-30,13000.00,PE,MIDCPNIFTY26JUN13000PE,30.65,34.00,20.95,26.40,25.00,24.00,13866.55,26.40,813360,44760,6666,10419745158.00,4160,F1,120,,,,,
2026-06-11,2026-06-11,FO,NSE,IDO,60638,,MIDCPNIFTY,,2026-08-25,2026-08-25,14975.00,PE,MIDCPNIFTY26AUG14975PE,0.00,0.00,0.00,742.20,0.00,742.20,13866.55,1167.65,0,0,0,0.00,0,F1,120,,,,,
2026-06-11,2026-06-11,FO,NSE,IDO,60632,,MIDCPNIFTY,,2026-08-25,2026-08-25,14925.00,PE,MIDCPNIFTY26AUG14925PE,0.00,0.00,0.00,715.80,0.00,715.80,13866.55,1131.40,0,0,0,0.00,0,F1,120,,,,,
2026-06-11,2026-06-11,FO,NSE,IDO,78566,,MIDCPNIFTY,,2026-06-30,2026-06-30,13425.00,PE,MIDCPNIFTY26JUN13425PE,70.95,92.70,70.95,89.35,83.10,40.55,13866.55,89.35,4680,3240,110,178302270.00,94,F1,120,,,,,
2026-06-11,2026-06-11,FO,NSE,IDO,78586,,MIDCPNIFTY,,2026-06-30,2026-06-30,13475.00,PE,MIDCPNIFTY26JUN13475PE,100.00,107.20,81.90,91.90,91.00,84.40,13866.55,91.90,4800,2400,63,102566820.00,59,F1,120,,,,,
2026-06-11,2026-06-11,FO,NSE,IDO,78105,,MIDCPNIFTY,,2026-06-30,2026-06-30,11400.00,CE,MIDCPNIFTY26JUN11400CE,0.00,0.00,0.00,1160.00,0.00,1160.00,13866.55,2502.95,0,0,0,0.00,0,F1,120,,,,,
2026-06-11,2026-06-11,FO,NSE,IDO,78186,,MIDCPNIFTY,,2026-06-30,2026-06-30,11825.00,CE,MIDCPNIFTY26JUN11825CE,0.00,0.00,0.00,873.25,0.00,873.25,13866.55,2079.55,0,0,0,0.00,0,F1,120,,,,,
2026-06-11,2026-06-11,FO,NSE,IDO,78267,,MIDCPNIFTY,,2026-06-30,2026-06-30,12125.00,CE,MIDCPNIFTY26JUN12125CE,0.00,0.00,0.00,699.90,0.00,699.90,13866.55,1781.50,0,0,0,0.00,0,F1,120,,,,,
2026-06-11,2026-06-11,FO,NSE,IDO,78277,,MIDCPNIFTY,,2026-06-30,2026-06-30,12225.00,CE,MIDCPNIFTY26JUN12225CE,0.00,0.00,0.00,647.55,0.00,647.55,13866.55,1682.55,0,0,0,0.00,0,F1,120,,,,,
2026-06-11,2026-06-11,FO,NSE,IDO,78285,,MIDCPNIFTY,,2026-06-30,2026-06-30,12325.00,CE,MIDCPNIFTY26JUN12325CE,0.00,0.00,0.00,597.90,0.00,597.90,13866.55,1583.95,0,0,0,0.00,0,F1,120,,,,,
2026-06-11,2026-06-11,FO,NSE,IDO,78367,,MIDCPNIFTY,,2026-06-30,2026-06-30,12825.00,CE,MIDCPNIFTY26JUN12825CE,0.00,0.00,0.00,389.30,0.00,389.30,13866.55,1103.35,0,0,0,0.00,0,F1,120,,,,,
2026-06-11,2026-06-11,FO,NSE,IDO,78375,,MIDCPNIFTY,,2026-06-30,2026-06-30,12925.00,CE,MIDCPNIFTY26JUN12925CE,0.00,0.00,0.00,355.15,0.00,355.15,13866.55,1011.65,0,0,0,0.00,0,F1,120,,,,,
2026-06-11,2026-06-11,FO,NSE,IDO,78591,,MIDCPNIFTY,,2026-06-30,2026-06-30,13550.00,CE,MIDCPNIFTY26JUN13550CE,0.00,0.00,0.00,191.50,0.00,191.50,13866.55,508.80,0,0,0,0.00,0,F1,120,,,,,
2026-06-11,2026-06-11,FO,NSE,IDO,60582,,MIDCPNIFTY,,2026-08-25,2026-08-25,14525.00,PE,MIDCPNIFTY26AUG14525PE,0.00,0.00,0.00,524.60,0.00,524.60,13866.55,860.75,0,0,0,0.00,0,F1,120,,,,,
2026-06-11,2026-06-11,FO,NSE,IDO,60578,,MIDCPNIFTY,,2026-08-25,2026-08-25,14475.00,PE,MIDCPNIFTY26AUG14475PE,0.00,0.00,0.00,503.20,0.00,503.20,13866.55,829.50,0,0,0,0.00,0,F1,120,,,,,
2026-06-11,2026-06-11,FO,NSE,IDO,60504,,MIDCPNIFTY,,2026-08-25,2026-08-25,13900.00,PE,MIDCPNIFTY26AUG13900PE,0.00,0.00,0.00,296.55,0.00,296.55,13866.55,514.85,0,0,0,0.00,0,F1,120,,,,,
2026-06-11,2026-06-11,FO,NSE,IDO,60482,,MIDCPNIFTY,,2026-08-25,2026-08-25,13675.00,PE,MIDCPNIFTY26AUG13675PE,0.00,0.00,0.00,235.55,0.00,235.55,13866.55,415.15,0,0,0,0.00,0,F1,120,,,,,
2026-06-11,2026-06-11,FO,NSE,IDO,60432,,MIDCPNIFTY,,2026-08-25,2026-08-25,13250.00,PE,MIDCPNIFTY26AUG13250PE,0.00,0.00,0.00,144.25,0.00,144.25,13866.55,262.80,0,0,0,0.00,0,F1,120,,,,,
2026-06-11,2026-06-11,FO,NSE,IDO,60410,,MIDCPNIFTY,,2026-08-25,2026-08-25,13025.00,PE,MIDCPNIFTY26AUG13025PE,0.00,0.00,0.00,108.45,0.00,108.45,13866.55,201.05,0,0,0,0.00,0,F1,120,,,,,
2026-06-11,2026-06-11,FO,NSE,IDO,78629,,MIDCPNIFTY,,2026-06-30,2026-06-30,13775.00,PE,MIDCPNIFTY26JUN13775PE,195.90,208.40,159.00,188.00,183.05,159.35,13866.55,188.00,10440,600,218,365226120.00,182,F1,120,,,,,
2026-06-11,2026-06-11,FO,NSE,IDO,78643,,MIDCPNIFTY,,2026-06-30,2026-06-30,13950.00,PE,MIDCPNIFTY26JUN13950PE,262.45,286.55,223.10,268.85,255.75,229.10,13866.55,268.85,42720,1800,2666,4543485348.00,2303,F1,120,,,,,
2026-06-11,2026-06-11,FO,NSE,IDO,35131,,MIDCPNIFTY,,2026-06-30,2026-06-30,14675.00,PE,MIDCPNIFTY26JUN14675PE,0.00,0.00,0.00,654.40,654.40,654.40,13866.55,826.90,7080,0,0,0.00,0,F1,120,,,,,
2026-06-11,2026-06-11,FO,NSE,IDO,63638,,MIDCPNIFTY,,2026-07-28,2026-07-28,16200.00,PE,MIDCPNIFTY26JUL16200PE,0.00,0.00,0.00,2114.80,0.00,2114.80,13866.55,2216.45,0,0,0,0.00,0,F1,120,,,,,
2026-06-11,2026-06-11,FO,NSE,IDO,60340,,MIDCPNIFTY,,2026-08-25,2026-08-25,12525.00,PE,MIDCPNIFTY26AUG12525PE,0.00,0.00,0.00,53.30,0.00,53.30,13866.55,101.00,0,0,0,0.00,0,F1,120,,,,,
2026-06-11,2026-06-11,FO,NSE,IDO,60346,,MIDCPNIFTY,,2026-08-25,2026-08-25,12600.00,PE,MIDCPNIFTY26AUG12600PE,0.00,0.00,0.00,59.75,0.00,59.75,13866.55,112.80,0,0,0,0.00,0,F1,120,,,,,
2026-06-11,2026-06-11,FO,NSE,IDO,60354,,MIDCPNIFTY,,2026-08-25,2026-08-25,12700.00,PE,MIDCPNIFTY26AUG12700PE,0.00,0.00,0.00,69.20,0.00,69.20,13866.55,130.20,0,0,0,0.00,0,F1,120,,,,,
2026-06-11,2026-06-11,FO,NSE,IDO,60462,,MIDCPNIFTY,,2026-08-25,2026-08-25,13525.00,PE,MIDCPNIFTY26AUG13525PE,0.00,0.00,0.00,199.25,0.00,199.25,13866.55,356.10,0,0,0,0.00,0,F1,120,,,,,
2026-06-11,2026-06-11,FO,NSE,IDO,60418,,MIDCPNIFTY,,2026-08-25,2026-08-25,13125.00,PE,MIDCPNIFTY26AUG13125PE,0.00,0.00,0.00,123.40,0.00,123.40,13866.55,227.20,0,0,0,0.00,0,F1,120,,,,,
2026-06-11,2026-06-11,FO,NSE,IDF,61092,,MIDCPNIFTY,,2026-07-28,2026-07-28,,,MIDCPNIFTY26JULFUT,14010.00,14065.65,13934.05,13964.35,13971.40,14070.20,13866.55,13964.35,81720,6120,207,347714784.00,186,F1,120,,,,,
2026-06-11,2026-06-11,FO,NSE,IDO,78006,,MIDCPNIFTY,,2026-06-30,2026-06-30,10800.00,CE,MIDCPNIFTY26JUN10800CE,0.00,0.00,0.00,1634.10,0.00,1634.10,13866.55,3101.05,0,0,0,0.00,0,F1,120,,,,,
2026-06-11,2026-06-11,FO,NSE,IDO,78024,,MIDCPNIFTY,,2026-06-30,2026-06-30,10925.00,CE,MIDCPNIFTY26JUN10925CE,0.00,0.00,0.00,1529.40,0.00,1529.40,13866.55,2976.45,0,0,0,0.00,0,F1,120,,,,,
2026-06-11,2026-06-11,FO,NSE,IDO,78083,,MIDCPNIFTY,,2026-06-30,2026-06-30,11125.00,CE,MIDCPNIFTY26JUN11125CE,0.00,0.00,0.00,1367.90,0.00,1367.90,13866.55,2777.05,0,0,0,0.00,0,F1,120,,,,,
2026-06-11,2026-06-11,FO,NSE,IDO,78087,,MIDCPNIFTY,,2026-06-30,2026-06-30,11175.00,CE,MIDCPNIFTY26JUN11175CE,0.00,0.00,0.00,1328.80,0.00,1328.80,13866.55,2727.25,0,0,0,0.00,0,F1,120,,,,,
2026-06-11,2026-06-11,FO,NSE,IDO,78091,,MIDCPNIFTY,,2026-06-30,2026-06-30,11225.00,CE,MIDCPNIFTY26JUN11225CE,0.00,0.00,0.00,1290.20,0.00,1290.20,13866.55,2677.40,0,0,0,0.00,0,F1,120,,,,,
2026-06-11,2026-06-11,FO,NSE,IDO,78093,,MIDCPNIFTY,,2026-06-30,2026-06-30,11250.00,CE,MIDCPNIFTY26JUN11250CE,0.00,0.00,0.00,1271.15,0.00,1271.15,13866.55,2652.50,0,0,0,0.00,0,F1,120,,,,,
2026-06-11,2026-06-11,FO,NSE,IDO,78279,,MIDCPNIFTY,,2026-06-30,2026-06-30,12250.00,CE,MIDCPNIFTY26JUN12250CE,0.00,0.00,0.00,634.90,0.00,634.90,13866.55,1657.85,0,0,0,0.00,0,F1,120,,,,,
2026-06-11,2026-06-11,FO,NSE,IDO,78287,,MIDCPNIFTY,,2026-06-30,2026-06-30,12350.00,CE,MIDCPNIFTY26JUN12350CE,0.00,0.00,0.00,585.90,0.00,585.90,13866.55,1559.40,0,0,0,0.00,0,F1,120,,,,,
2026-06-11,2026-06-11,FO,NSE,IDO,78479,,MIDCPNIFTY,,2026-06-30,2026-06-30,13075.00,CE,MIDCPNIFTY26JUN13075CE,0.00,0.00,0.00,308.25,0.00,308.25,13866.55,878.60,0,0,0,0.00,0,F1,120,,,,,
2026-06-11,2026-06-11,FO,NSE,IDO,78624,,MIDCPNIFTY,,2026-06-30,2026-06-30,13725.00,CE,MIDCPNIFTY26JUN13725CE,452.35,452.35,379.95,419.35,419.35,452.35,13866.55,398.35,2400,960,13,22066410.00,11,F1,120,,,,,
2026-06-11,2026-06-11,FO,NSE,IDO,78626,,MIDCPNIFTY,,2026-06-30,2026-06-30,13750.00,CE,MIDCPNIFTY26JUN13750CE,362.50,412.95,341.00,348.00,348.00,435.65,13866.55,383.85,3000,1920,25,42391284.00,24,F1,120,,,,,
2026-06-11,2026-06-11,FO,NSE,IDO,78632,,MIDCPNIFTY,,2026-06-30,2026-06-30,13825.00,CE,MIDCPNIFTY26JUN13825CE,311.05,364.20,291.00,306.90,329.35,388.55,13866.55,306.90,1800,960,29,49230810.00,28,F1,120,,,,,
2026-06-11,2026-06-11,FO,NSE,IDO,78644,,MIDCPNIFTY,,2026-06-30,2026-06-30,13975.00,CE,MIDCPNIFTY26JUN13975CE,237.85,284.65,213.15,223.50,242.15,289.00,13866.55,223.50,11640,4920,766,1308228954.00,674,F1,120,,,,,
2026-06-11,2026-06-11,FO,NSE,IDO,78646,,MIDCPNIFTY,,2026-06-30,2026-06-30,14000.00,CE,MIDCPNIFTY26JUN14000CE,274.00,274.00,198.75,213.35,219.10,277.05,13866.55,213.35,373080,194520,11571,19769118930.00,9156,F1,120,,,,,
2026-06-11,2026-06-11,FO,NSE,IDO,35104,,MIDCPNIFTY,,2026-06-30,2026-06-30,14450.00,CE,MIDCPNIFTY26JUN14450CE,76.75,91.00,64.00,68.60,75.50,100.50,13866.55,68.60,24600,-1440,194,338210544.00,145,F1,120,,,,,
2026-06-11,2026-06-11,FO,NSE,IDO,35106,,MIDCPNIFTY,,2026-06-30,2026-06-30,14475.00,CE,MIDCPNIFTY26JUN14475CE,74.00,82.45,60.40,61.75,61.15,95.10,13866.55,61.75,15840,-1080,78,136166760.00,67,F1,120,,,,,
2026-06-11,2026-06-11,FO,NSE,IDO,40732,,MIDCPNIFTY,,2026-06-30,2026-06-30,14950.00,CE,MIDCPNIFTY26JUN14950CE,19.15,21.65,16.45,17.15,18.05,24.80,13866.55,17.15,12000,4440,94,168836454.00,57,F1,120,,,,,
2026-06-11,2026-06-11,FO,NSE,IDO,40752,,MIDCPNIFTY,,2026-06-30,2026-06-30,15150.00,CE,MIDCPNIFTY26JUN15150CE,10.05,12.05,9.70,10.05,9.95,15.05,13866.55,10.05,3480,-720,62,112798650.00,39,F1,120,,,,,
2026-06-11,2026-06-11,FO,NSE,IDO,78785,,MIDCPNIFTY,,2026-06-30,2026-06-30,15200.00,CE,MIDCPNIFTY26JUN15200CE,11.95,14.00,6.90,8.70,8.75,12.30,13866.55,8.70,200880,-25800,2170,3960487944.00,1276,F1,120,,,,,
2026-06-11,2026-06-11,FO,NSE,IDO,40785,,MIDCPNIFTY,,2026-06-30,2026-06-30,15475.00,CE,MIDCPNIFTY26JUN15475CE,4.65,4.65,4.00,4.00,4.00,6.30,13866.55,7.20,600,-480,4,7430076.00,2,F1,120,,,,,
2026-06-11,2026-06-11,FO,NSE,IDO,52006,,MIDCPNIFTY,,2026-06-30,2026-06-30,15725.00,CE,MIDCPNIFTY26JUN15725CE,0.00,0.00,0.00,3.00,3.00,3.00,13866.55,3.20,120,0,0,0.00,0,F1,120,,,,,
2026-06-11,2026-06-11,FO,NSE,IDO,54670,,MIDCPNIFTY,,2026-06-30,2026-06-30,15950.00,CE,MIDCPNIFTY26JUN15950CE,0.00,0.00,0.00,4.05,4.05,4.05,13866.55,1.45,360,0,0,0.00,0,F1,120,,,,,
2026-06-11,2026-06-11,FO,NSE,IDO,63315,,MIDCPNIFTY,,2026-07-28,2026-07-28,12300.00,CE,MIDCPNIFTY26JUL12300CE,0.00,0.00,0.00,1945.45,0.00,1945.45,13866.55,1703.20,0,0,0,0.00,0,F1,120,,,,,
2026-06-11,2026-06-11,FO,NSE,IDO,63391,,MIDCPNIFTY,,2026-07-28,2026-07-28,13250.00,CE,MIDCPNIFTY26JUL13250CE,0.00,0.00,0.00,1209.25,0.00,1209.25,13866.55,912.20,0,0,0,0.00,0,F1,120,,,,,
2026-06-11,2026-06-11,FO,NSE,IDO,63399,,MIDCPNIFTY,,2026-07-28,2026-07-28,13350.00,CE,MIDCPNIFTY26JUL13350CE,0.00,0.00,0.00,1142.20,0.00,1142.20,13866.55,841.35,0,0,0,0.00,0,F1,120,,,,,
2026-06-11,2026-06-11,FO,NSE,IDO,63411,,MIDCPNIFTY,,2026-07-28,2026-07-28,13500.00,CE,MIDCPNIFTY26JUL13500CE,0.00,0.00,0.00,1045.70,0.00,1045.70,13866.55,741.70,0,0,0,0.00,0,F1,120,,,,,
2026-06-11,2026-06-11,FO,NSE,IDO,63439,,MIDCPNIFTY,,2026-07-28,2026-07-28,13850.00,CE,MIDCPNIFTY26JUL13850CE,0.00,0.00,0.00,840.60,0.00,840.60,13866.55,537.70,0,0,0,0.00,0,F1,120,,,,,
2026-06-11,2026-06-11,FO,NSE,IDO,63459,,MIDCPNIFTY,,2026-07-28,2026-07-28,14050.00,CE,MIDCPNIFTY26JUL14050CE,0.00,0.00,0.00,736.15,0.00,736.15,13866.55,439.40,0,0,0,0.00,0,F1,120,,,,,
2026-06-11,2026-06-11,FO,NSE,IDO,63471,,MIDCPNIFTY,,2026-07-28,2026-07-28,14200.00,CE,MIDCPNIFTY26JUL14200CE,0.00,0.00,0.00,663.85,0.00,663.85,13866.55,374.45,0,0,0,0.00,0,F1,120,,,,,
2026-06-11,2026-06-11,FO,NSE,IDO,63491,,MIDCPNIFTY,,2026-07-28,2026-07-28,14450.00,CE,MIDCPNIFTY26JUL14450CE,0.00,0.00,0.00,554.80,0.00,554.80,13866.55,281.95,0,0,0,0.00,0,F1,120,,,,,
2026-06-11,2026-06-11,FO,NSE,IDO,63499,,MIDCPNIFTY,,2026-07-28,2026-07-28,14550.00,CE,MIDCPNIFTY26JUL14550CE,0.00,0.00,0.00,515.05,0.00,515.05,13866.55,250.25,0,0,0,0.00,0,F1,120,,,,,
2026-06-11,2026-06-11,FO,NSE,IDO,63515,,MIDCPNIFTY,,2026-07-28,2026-07-28,14750.00,CE,MIDCPNIFTY26JUL14750CE,0.00,0.00,0.00,442.00,0.00,442.00,13866.55,195.70,0,0,0,0.00,0,F1,120,,,,,
2026-06-11,2026-06-11,FO,NSE,IDO,63529,,MIDCPNIFTY,,2026-07-28,2026-07-28,14900.00,CE,MIDCPNIFTY26JUL14900CE,0.00,0.00,0.00,392.60,0.00,392.60,13866.55,160.65,0,0,0,0.00,0,F1,120,,,,,
2026-06-11,2026-06-11,FO,NSE,IDO,63551,,MIDCPNIFTY,,2026-07-28,2026-07-28,15175.00,CE,MIDCPNIFTY26JUL15175CE,0.00,0.00,0.00,313.30,0.00,313.30,13866.55,110.10,0,0,0,0.00,0,F1,120,,,,,
2026-06-11,2026-06-11,FO,NSE,IDO,63569,,MIDCPNIFTY,,2026-07-28,2026-07-28,15400.00,CE,MIDCPNIFTY26JUL15400CE,0.00,0.00,0.00,205.00,205.00,205.00,13866.55,79.30,120,0,0,0.00,0,F1,120,,,,,
2026-06-11,2026-06-11,FO,NSE,IDO,63595,,MIDCPNIFTY,,2026-07-28,2026-07-28,15725.00,CE,MIDCPNIFTY26JUL15725CE,0.00,0.00,0.00,193.65,0.00,193.65,13866.55,47.90,0,0,0,0.00,0,F1,120,,,,,
2026-06-11,2026-06-11,FO,NSE,IDO,60332,,MIDCPNIFTY,,2026-08-25,2026-08-25,12500.00,CE,MIDCPNIFTY26AUG12500CE,0.00,0.00,0.00,2411.60,0.00,2411.60,13866.55,1633.95,0,0,0,0.00,0,F1,120,,,,,
2026-06-11,2026-06-11,FO,NSE,IDO,60345,,MIDCPNIFTY,,2026-08-25,2026-08-25,12600.00,CE,MIDCPNIFTY26AUG12600CE,0.00,0.00,0.00,2321.50,0.00,2321.50,13866.55,1550.85,0,0,0,0.00,0,F1,120,,,,,
2026-06-11,2026-06-11,FO,NSE,IDO,60353,,MIDCPNIFTY,,2026-08-25,2026-08-25,12700.00,CE,MIDCPNIFTY26AUG12700CE,0.00,0.00,0.00,2232.45,0.00,2232.45,13866.55,1469.60,0,0,0,0.00,0,F1,120,,,,,
2026-06-11,2026-06-11,FO,NSE,IDO,60429,,MIDCPNIFTY,,2026-08-25,2026-08-25,13225.00,CE,MIDCPNIFTY26AUG13225CE,0.00,0.00,0.00,1785.85,0.00,1785.85,13866.55,1076.80,0,0,0,0.00,0,F1,120,,,,,
2026-06-11,2026-06-11,FO,NSE,IDO,60610,,MIDCPNIFTY,,2026-08-25,2026-08-25,14700.00,PE,MIDCPNIFTY26AUG14700PE,0.00,0.00,0.00,603.90,0.00,603.90,13866.55,974.80,0,0,0,0.00,0,F1,120,,,,,
2026-06-11,2026-06-11,FO,NSE,IDO,60538,,MIDCPNIFTY,,2026-08-25,2026-08-25,14225.00,PE,MIDCPNIFTY26AUG14225PE,0.00,0.00,0.00,404.50,0.00,404.50,13866.55,682.30,0,0,0,0.00,0,F1,120,,,,,
2026-06-11,2026-06-11,FO,NSE,IDO,60526,,MIDCPNIFTY,,2026-08-25,2026-08-25,14150.00,PE,MIDCPNIFTY26AUG14150PE,0.00,0.00,0.00,377.55,0.00,377.55,13866.55,641.25,0,0,0,0.00,0,F1,120,,,,,
2026-06-11,2026-06-11,FO,NSE,IDO,60496,,MIDCPNIFTY,,2026-08-25,2026-08-25,13800.00,PE,MIDCPNIFTY26AUG13800PE,0.00,0.00,0.00,268.50,0.00,268.50,13866.55,468.90,0,0,0,0.00,0,F1,120,,,,,
2026-06-11,2026-06-11,FO,NSE,IDO,60494,,MIDCPNIFTY,,2026-08-25,2026-08-25,13775.00,PE,MIDCPNIFTY26AUG13775PE,0.00,0.00,0.00,261.65,0.00,261.65,13866.55,457.85,0,0,0,0.00,0,F1,120,,,,,
2026-06-11,2026-06-11,FO,NSE,IDO,60483,,MIDCPNIFTY,,2026-08-25,2026-08-25,13700.00,CE,MIDCPNIFTY26AUG13700CE,0.00,0.00,0.00,1419.85,0.00,1419.85,13866.55,778.60,0,0,0,0.00,0,F1,120,,,,,
2026-06-11,2026-06-11,FO,NSE,IDO,60525,,MIDCPNIFTY,,2026-08-25,2026-08-25,14150.00,CE,MIDCPNIFTY26AUG14150CE,0.00,0.00,0.00,1112.20,0.00,1112.20,13866.55,550.40,0,0,0,0.00,0,F1,120,,,,,
2026-06-11,2026-06-11,FO,NSE,IDO,60527,,MIDCPNIFTY,,2026-08-25,2026-08-25,14175.00,CE,MIDCPNIFTY26AUG14175CE,0.00,0.00,0.00,1096.45,0.00,1096.45,13866.55,539.25,0,0,0,0.00,0,F1,120,,,,,
2026-06-11,2026-06-11,FO,NSE,IDO,60619,,MIDCPNIFTY,,2026-08-25,2026-08-25,14825.00,CE,MIDCPNIFTY26AUG14825CE,0.00,0.00,0.00,734.30,0.00,734.30,13866.55,303.80,0,0,0,0.00,0,F1,120,,,,,
2026-06-11,2026-06-11,FO,NSE,IDO,60623,,MIDCPNIFTY,,2026-08-25,2026-08-25,14875.00,CE,MIDCPNIFTY26AUG14875CE,0.00,0.00,0.00,710.35,0.00,710.35,13866.55,289.70,0,0,0,0.00,0,F1,120,,,,,
2026-06-11,2026-06-11,FO,NSE,IDO,60671,,MIDCPNIFTY,,2026-08-25,2026-08-25,15275.00,CE,MIDCPNIFTY26AUG15275CE,0.00,0.00,0.00,538.20,0.00,538.20,13866.55,194.95,0,0,0,0.00,0,F1,120,,,,,
2026-06-11,2026-06-11,FO,NSE,IDO,60735,,MIDCPNIFTY,,2026-08-25,2026-08-25,15900.00,CE,MIDCPNIFTY26AUG15900CE,0.00,0.00,0.00,334.25,0.00,334.25,13866.55,98.70,0,0,0,0.00,0,F1,120,,,,,
2026-06-11,2026-06-11,FO,NSE,IDO,78077,,MIDCPNIFTY,,2026-06-30,2026-06-30,11075.00,PE,MIDCPNIFTY26JUN11075PE,0.00,0.00,0.00,125.40,0.00,125.40,13866.55,0.00,0,0,0,0.00,0,F1,120,,,,,
2026-06-11,2026-06-11,FO,NSE,IDO,78128,,MIDCPNIFTY,,2026-06-30,2026-06-30,11675.00,PE,MIDCPNIFTY26JUN11675PE,0.00,0.00,0.00,276.10,0.00,276.10,13866.55,0.15,0,0,0,0.00,0,F1,120,,,,,
2026-06-11,2026-06-11,FO,NSE,IDO,78292,,MIDCPNIFTY,,2026-06-30,2026-06-30,12400.00,PE,MIDCPNIFTY26JUN12400PE,7.45,8.25,2.40,5.95,5.15,5.80,13866.55,5.95,9120,6360,100,148865646.00,64,F1,120,,,,,
2026-06-11,2026-06-11,FO,NSE,IDO,78314,,MIDCPNIFTY,,2026-06-30,2026-06-30,12625.00,PE,MIDCPNIFTY26JUN12625PE,9.05,10.40,9.00,9.30,9.10,9.25,13866.55,9.30,3240,0,19,28806042.00,13,F1,120,,,,,
2026-06-11,2026-06-11,FO,NSE,IDO,78368,,MIDCPNIFTY,,2026-06-30,2026-06-30,12825.00,PE,MIDCPNIFTY26JUN12825PE,18.45,18.45,14.05,15.60,14.50,16.80,13866.55,15.60,3480,1800,75,115566636.00,65,F1,120,,,,,
2026-06-11,2026-06-11,FO,NSE,IDO,78482,,MIDCPNIFTY,,2026-06-30,2026-06-30,13100.00,PE,MIDCPNIFTY26JUN13100PE,33.25,44.15,28.35,35.50,34.85,33.20,13866.55,35.50,150840,30840,1191,1877299776.00,964,F1,120,,,,,
2026-06-11,2026-06-11,FO,NSE,IDO,78486,,MIDCPNIFTY,,2026-06-30,2026-06-30,13150.00,PE,MIDCPNIFTY26JUN13150PE,43.00,43.10,33.85,41.50,43.10,23.40,13866.55,41.50,6120,840,20,31649118.00,16,F1,120,,,,,
2026-06-11,2026-06-11,FO,NSE,IDO,78615,,MIDCPNIFTY,,2026-06-30,2026-06-30,13600.00,PE,MIDCPNIFTY26JUN13600PE,125.00,144.75,105.65,129.05,121.85,111.90,13866.55,129.05,146640,14880,2327,3832303506.00,1664,F1,120,,,,,
2026-06-11,2026-06-11,FO,NSE,IDO,78645,,MIDCPNIFTY,,2026-06-30,2026-06-30,13975.00,PE,MIDCPNIFTY26JUN13975PE,275.55,299.30,234.85,279.70,269.90,235.60,13866.55,279.70,16560,720,513,876603438.00,478,F1,120,,,,,
2026-06-11,2026-06-11,FO,NSE,IDO,78659,,MIDCPNIFTY,,2026-06-30,2026-06-30,14150.00,PE,MIDCPNIFTY26JUN14150PE,311.75,401.80,311.75,372.30,362.20,322.80,13866.55,372.30,27240,-2640,48,83598672.00,42,F1,120,,,,,
2026-06-11,2026-06-11,FO,NSE,IDO,78680,,MIDCPNIFTY,,2026-06-30,2026-06-30,14275.00,PE,MIDCPNIFTY26JUN14275PE,464.35,464.40,398.65,441.65,441.65,396.80,13866.55,517.80,8160,-720,11,19416912.00,11,F1,120,,,,,
2026-06-11,2026-06-11,FO,NSE,IDO,35119,,MIDCPNIFTY,,2026-06-30,2026-06-30,14525.00,PE,MIDCPNIFTY26JUN14525PE,0.00,0.00,0.00,475.55,475.55,475.55,13866.55,704.05,6240,0,0,0.00,0,F1,120,,,,,
2026-06-11,2026-06-11,FO,NSE,IDO,38743,,MIDCPNIFTY,,2026-06-30,2026-06-30,14825.00,PE,MIDCPNIFTY26JUN14825PE,922.30,922.30,896.05,896.05,896.05,690.25,13866.55,956.45,2520,-120,5,9436290.00,4,F1,120,,,,,
2026-06-11,2026-06-11,FO,NSE,IDO,40760,,MIDCPNIFTY,,2026-06-30,2026-06-30,15175.00,PE,MIDCPNIFTY26JUN15175PE,0.00,0.00,0.00,1860.40,0.00,1860.40,13866.55,1277.75,0,0,0,0.00,0,F1,120,,,,,
2026-06-11,2026-06-11,FO,NSE,IDO,60464,,MIDCPNIFTY,,2026-08-25,2026-08-25,13550.00,PE,MIDCPNIFTY26AUG13550PE,0.00,0.00,0.00,204.90,0.00,204.90,13866.55,365.55,0,0,0,0.00,0,F1,120,,,,,
2026-06-11,2026-06-11,FO,NSE,IDO,49274,,MIDCPNIFTY,,2026-06-30,2026-06-30,15525.00,PE,MIDCPNIFTY26JUN15525PE,0.00,0.00,0.00,2006.30,0.00,2006.30,13866.55,1615.05,0,0,0,0.00,0,F1,120,,,,,
2026-06-11,2026-06-11,FO,NSE,IDO,78802,,MIDCPNIFTY,,2026-06-30,2026-06-30,15600.00,PE,MIDCPNIFTY26JUN15600PE,0.00,0.00,0.00,3177.05,0.00,3177.05,13866.55,1688.50,0,0,0,0.00,0,F1,120,,,,,
2026-06-11,2026-06-11,FO,NSE,IDO,63362,,MIDCPNIFTY,,2026-07-28,2026-07-28,12875.00,PE,MIDCPNIFTY26JUL12875PE,0.00,0.00,0.00,194.00,0.00,194.00,13866.55,98.75,0,0,0,0.00,0,F1,120,,,,,
2026-06-11,2026-06-11,FO,NSE,IDO,63430,,MIDCPNIFTY,,2026-07-28,2026-07-28,13725.00,PE,MIDCPNIFTY26JUL13725PE,0.00,0.00,0.00,462.40,0.00,462.40,13866.55,346.95,0,0,0,0.00,0,F1,120,,,,,
2026-06-11,2026-06-11,FO,NSE,IDO,63444,,MIDCPNIFTY,,2026-07-28,2026-07-28,13875.00,PE,MIDCPNIFTY26JUL13875PE,0.00,0.00,0.00,526.70,0.00,526.70,13866.55,414.45,0,0,0,0.00,0,F1,120,,,,,
2026-06-11,2026-06-11,FO,NSE,IDO,63448,,MIDCPNIFTY,,2026-07-28,2026-07-28,13925.00,PE,MIDCPNIFTY26JUL13925PE,0.00,0.00,0.00,549.30,0.00,549.30,13866.55,438.65,0,0,0,0.00,0,F1,120,,,,,
2026-06-11,2026-06-11,FO,NSE,IDO,63498,,MIDCPNIFTY,,2026-07-28,2026-07-28,14525.00,PE,MIDCPNIFTY26JUL14525PE,0.00,0.00,0.00,865.15,0.00,865.15,13866.55,792.15,0,0,0,0.00,0,F1,120,,,,,
2026-06-11,2026-06-11,FO,NSE,IDO,63504,,MIDCPNIFTY,,2026-07-28,2026-07-28,14600.00,PE,MIDCPNIFTY26JUL14600PE,0.00,0.00,0.00,910.25,0.00,910.25,13866.55,844.05,0,0,0,0.00,0,F1,120,,,,,
2026-06-11,2026-06-11,FO,NSE,IDO,63532,,MIDCPNIFTY,,2026-07-28,2026-07-28,14925.00,PE,MIDCPNIFTY26JUL14925PE,0.00,0.00,0.00,1119.40,0.00,1119.40,13866.55,1086.20,0,0,0,0.00,0,F1,120,,,,,
2026-06-11,2026-06-11,FO,NSE,IDO,63538,,MIDCPNIFTY,,2026-07-28,2026-07-28,15000.00,PE,MIDCPNIFTY26JUL15000PE,0.00,0.00,0.00,1170.65,0.00,1170.65,13866.55,1145.60,0,0,0,0.00,0,F1,120,,,,,
2026-06-11,2026-06-11,FO,NSE,IDO,63548,,MIDCPNIFTY,,2026-07-28,2026-07-28,15125.00,PE,MIDCPNIFTY26JUL15125PE,0.00,0.00,0.00,1258.40,0.00,1258.40,13866.55,1247.25,0,0,0,0.00,0,F1,120,,,,,
2026-06-11,2026-06-11,FO,NSE,IDO,63582,,MIDCPNIFTY,,2026-07-28,2026-07-28,15550.00,PE,MIDCPNIFTY26JUL15550PE,0.00,0.00,0.00,1577.35,0.00,1577.35,13866.55,1613.55,0,0,0,0.00,0,F1,120,,,,,
2026-06-11,2026-06-11,FO,NSE,IDO,63588,,MIDCPNIFTY,,2026-07-28,2026-07-28,15625.00,PE,MIDCPNIFTY26JUL15625PE,0.00,0.00,0.00,1636.55,0.00,1636.55,13866.55,1680.95,0,0,0,0.00,0,F1,120,,,,,
2026-06-11,2026-06-11,FO,NSE,IDO,63614,,MIDCPNIFTY,,2026-07-28,2026-07-28,15925.00,PE,MIDCPNIFTY26JUL15925PE,0.00,0.00,0.00,1881.05,0.00,1881.05,13866.55,1956.75,0,0,0,0.00,0,F1,120,,,,,
2026-06-11,2026-06-11,FO,NSE,IDO,78779,,MIDCPNIFTY,,2026-06-30,2026-06-30,14900.00,CE,MIDCPNIFTY26JUN14900CE,21.50,26.35,18.05,19.35,20.90,28.20,13866.55,19.35,202440,6000,2247,4023363138.00,1333,F1,120,,,,,
2026-06-11,2026-06-11,FO,NSE,IDO,49279,,MIDCPNIFTY,,2026-06-30,2026-06-30,15625.00,CE,MIDCPNIFTY26JUN15625CE,3.00,3.00,3.00,3.00,3.00,6.60,13866.55,4.45,3120,0,2,3750720.00,1,F1,120,,,,,
2026-06-11,2026-06-11,FO,NSE,IDO,63327,,MIDCPNIFTY,,2026-07-28,2026-07-28,12450.00,CE,MIDCPNIFTY26JUL12450CE,0.00,0.00,0.00,1818.80,0.00,1818.80,13866.55,1566.60,0,0,0,0.00,0,F1,120,,,,,
2026-06-11,2026-06-11,FO,NSE,IDO,63335,,MIDCPNIFTY,,2026-07-28,2026-07-28,12550.00,CE,MIDCPNIFTY26JUL12550CE,0.00,0.00,0.00,1736.30,0.00,1736.30,13866.55,1477.40,0,0,0,0.00,0,F1,120,,,,,
2026-06-11,2026-06-11,FO,NSE,IDO,63357,,MIDCPNIFTY,,2026-07-28,2026-07-28,12825.00,CE,MIDCPNIFTY26JUL12825CE,0.00,0.00,0.00,1518.20,0.00,1518.20,13866.55,1241.60,0,0,0,0.00,0,F1,120,,,,,
2026-06-11,2026-06-11,FO,NSE,IDO,63363,,MIDCPNIFTY,,2026-07-28,2026-07-28,12900.00,CE,MIDCPNIFTY26JUL12900CE,0.00,0.00,0.00,1461.10,0.00,1461.10,13866.55,1180.05,0,0,0,0.00,0,F1,120,,,,,
2026-06-11,2026-06-11,FO,NSE,IDO,63385,,MIDCPNIFTY,,2026-07-28,2026-07-28,13175.00,CE,MIDCPNIFTY26JUL13175CE,0.00,0.00,0.00,1261.60,0.00,1261.60,13866.55,967.00,0,0,0,0.00,0,F1,120,,,,,
2026-06-11,2026-06-11,FO,NSE,IDO,63415,,MIDCPNIFTY,,2026-07-28,2026-07-28,13550.00,CE,MIDCPNIFTY26JUL13550CE,0.00,0.00,0.00,1014.70,0.00,1014.70,13866.55,710.05,0,0,0,0.00,0,F1,120,,,,,
2026-06-11,2026-06-11,FO,NSE,IDO,63433,,MIDCPNIFTY,,2026-07-28,2026-07-28,13775.00,CE,MIDCPNIFTY26JUL13775CE,0.00,0.00,0.00,882.15,0.00,882.15,13866.55,577.95,0,0,0,0.00,0,F1,120,,,,,
2026-06-11,2026-06-11,FO,NSE,IDO,63455,,MIDCPNIFTY,,2026-07-28,2026-07-28,14000.00,CE,MIDCPNIFTY26JUL14000CE,434.35,442.10,375.00,401.55,403.00,453.95,13866.55,401.55,5640,2400,25,43226358.00,25,F1,120,,,,,
2026-06-11,2026-06-11,FO,NSE,IDO,63485,,MIDCPNIFTY,,2026-07-28,2026-07-28,14375.00,CE,MIDCPNIFTY26JUL14375CE,0.00,0.00,0.00,586.05,0.00,586.05,13866.55,307.70,0,0,0,0.00,0,F1,120,,,,,
2026-06-11,2026-06-11,FO,NSE,IDO,63487,,MIDCPNIFTY,,2026-07-28,2026-07-28,14400.00,CE,MIDCPNIFTY26JUL14400CE,0.00,0.00,0.00,575.50,0.00,575.50,13866.55,298.95,0,0,0,0.00,0,F1,120,,,,,
2026-06-11,2026-06-11,FO,NSE,IDO,63489,,MIDCPNIFTY,,2026-07-28,2026-07-28,14425.00,CE,MIDCPNIFTY26JUL14425CE,0.00,0.00,0.00,565.10,0.00,565.10,13866.55,290.35,0,0,0,0.00,0,F1,120,,,,,
2026-06-11,2026-06-11,FO,NSE,IDO,63517,,MIDCPNIFTY,,2026-07-28,2026-07-28,14775.00,CE,MIDCPNIFTY26JUL14775CE,0.00,0.00,0.00,433.45,0.00,433.45,13866.55,189.55,0,0,0,0.00,0,F1,120,,,,,
2026-06-11,2026-06-11,FO,NSE,IDO,63519,,MIDCPNIFTY,,2026-07-28,2026-07-28,14800.00,CE,MIDCPNIFTY26JUL14800CE,0.00,0.00,0.00,425.05,0.00,425.05,13866.55,183.60,0,0,0,0.00,0,F1,120,,,,,
2026-06-11,2026-06-11,FO,NSE,IDO,63533,,MIDCPNIFTY,,2026-07-28,2026-07-28,14950.00,CE,MIDCPNIFTY26JUL14950CE,0.00,0.00,0.00,377.15,0.00,377.15,13866.55,150.25,0,0,0,0.00,0,F1,120,,,,,
2026-06-11,2026-06-11,FO,NSE,IDO,63537,,MIDCPNIFTY,,2026-07-28,2026-07-28,15000.00,CE,MIDCPNIFTY26JUL15000CE,85.00,90.15,73.45,75.10,79.85,101.45,13866.55,75.10,11040,720,49,88690200.00,44,F1,120,,,,,
2026-06-11,2026-06-11,FO,NSE,IDO,63559,,MIDCPNIFTY,,2026-07-28,2026-07-28,15275.00,CE,MIDCPNIFTY26JUL15275CE,0.00,0.00,0.00,288.50,0.00,288.50,13866.55,95.35,0,0,0,0.00,0,F1,120,,,,,
2026-06-11,2026-06-11,FO,NSE,IDO,63561,,MIDCPNIFTY,,2026-07-28,2026-07-28,15300.00,CE,MIDCPNIFTY26JUL15300CE,0.00,0.00,0.00,282.45,0.00,282.45,13866.55,91.90,0,0,0,0.00,0,F1,120,,,,,
2026-06-11,2026-06-11,FO,NSE,IDO,60343,,MIDCPNIFTY,,2026-08-25,2026-08-25,12575.00,CE,MIDCPNIFTY26AUG12575CE,0.00,0.00,0.00,2343.90,0.00,2343.90,13866.55,1571.45,0,0,0,0.00,0,F1,120,,,,,
2026-06-11,2026-06-11,FO,NSE,IDO,60384,,MIDCPNIFTY,,2026-08-25,2026-08-25,12875.00,CE,MIDCPNIFTY26AUG12875CE,0.00,0.00,0.00,2079.45,0.00,2079.45,13866.55,1332.10,0,0,0,0.00,0,F1,120,,,,,
2026-06-11,2026-06-11,FO,NSE,IDO,60415,,MIDCPNIFTY,,2026-08-25,2026-08-25,13100.00,CE,MIDCPNIFTY26AUG13100CE,0.00,0.00,0.00,1888.65,0.00,1888.65,13866.55,1165.30,0,0,0,0.00,0,F1,120,,,,,
2026-06-11,2026-06-11,FO,NSE,IDO,60427,,MIDCPNIFTY,,2026-08-25,2026-08-25,13200.00,CE,MIDCPNIFTY26AUG13200CE,0.00,0.00,0.00,1806.25,0.00,1806.25,13866.55,1094.10,0,0,0,0.00,0,F1,120,,,,,
2026-06-11,2026-06-11,FO,NSE,IDO,60433,,MIDCPNIFTY,,2026-08-25,2026-08-25,13275.00,CE,MIDCPNIFTY26AUG13275CE,0.00,0.00,0.00,1745.45,0.00,1745.45,13866.55,1042.75,0,0,0,0.00,0,F1,120,,,,,
2026-06-11,2026-06-11,FO,NSE,IDO,60437,,MIDCPNIFTY,,2026-08-25,2026-08-25,13325.00,CE,MIDCPNIFTY26AUG13325CE,0.00,0.00,0.00,1705.45,0.00,1705.45,13866.55,1009.30,0,0,0,0.00,0,F1,120,,,,,
2026-06-11,2026-06-11,FO,NSE,IDO,60443,,MIDCPNIFTY,,2026-08-25,2026-08-25,13400.00,CE,MIDCPNIFTY26AUG13400CE,0.00,0.00,0.00,1646.20,0.00,1646.20,13866.55,960.25,0,0,0,0.00,0,F1,120,,,,,
2026-06-11,2026-06-11,FO,NSE,IDO,60497,,MIDCPNIFTY,,2026-08-25,2026-08-25,13825.00,CE,MIDCPNIFTY26AUG13825CE,0.00,0.00,0.00,1330.30,0.00,1330.30,13866.55,709.90,0,0,0,0.00,0,F1,120,,,,,
2026-06-11,2026-06-11,FO,NSE,IDO,60668,,MIDCPNIFTY,,2026-08-25,2026-08-25,15225.00,PE,MIDCPNIFTY26AUG15225PE,0.00,0.00,0.00,882.35,0.00,882.35,13866.55,1356.40,0,0,0,0.00,0,F1,120,,,,,
2026-06-11,2026-06-11,FO,NSE,IDO,60579,,MIDCPNIFTY,,2026-08-25,2026-08-25,14500.00,CE,MIDCPNIFTY26AUG14500CE,0.00,0.00,0.00,903.65,0.00,903.65,13866.55,408.95,0,0,0,0.00,0,F1,120,,,,,
2026-06-11,2026-06-11,FO,NSE,IDO,60669,,MIDCPNIFTY,,2026-08-25,2026-08-25,15250.00,CE,MIDCPNIFTY26AUG15250CE,0.00,0.00,0.00,547.95,0.00,547.95,13866.55,200.00,0,0,0,0.00,0,F1,120,,,,,
2026-06-11,2026-06-11,FO,NSE,IDO,60717,,MIDCPNIFTY,,2026-08-25,2026-08-25,15700.00,CE,MIDCPNIFTY26AUG15700CE,0.00,0.00,0.00,391.50,0.00,391.50,13866.55,123.70,0,0,0,0.00,0,F1,120,,,,,
2026-06-11,2026-06-11,FO,NSE,IDO,78064,,MIDCPNIFTY,,2026-06-30,2026-06-30,10975.00,PE,MIDCPNIFTY26JUN10975PE,0.00,0.00,0.00,107.95,0.00,107.95,13866.55,0.00,0,0,0,0.00,0,F1,120,,,,,
2026-06-11,2026-06-11,FO,NSE,IDO,78086,,MIDCPNIFTY,,2026-06-30,2026-06-30,11150.00,PE,MIDCPNIFTY26JUN11150PE,0.00,0.00,0.00,139.80,0.00,139.80,13866.55,0.00,0,0,0,0.00,0,F1,120,,,,,
2026-06-11,2026-06-11,FO,NSE,IDO,78092,,MIDCPNIFTY,,2026-06-30,2026-06-30,11225.00,PE,MIDCPNIFTY26JUN11225PE,0.00,0.00,0.00,155.40,0.00,155.40,13866.55,0.05,0,0,0,0.00,0,F1,120,,,,,
2026-06-11,2026-06-11,FO,NSE,IDO,78106,,MIDCPNIFTY,,2026-06-30,2026-06-30,11400.00,PE,MIDCPNIFTY26JUN11400PE,0.00,0.00,0.00,0.05,0.05,0.05,13866.55,0.05,360,0,0,0.00,0,F1,120,,,,,
2026-06-11,2026-06-11,FO,NSE,IDO,78112,,MIDCPNIFTY,,2026-06-30,2026-06-30,11475.00,PE,MIDCPNIFTY26JUN11475PE,0.00,0.00,0.00,216.85,0.00,216.85,13866.55,0.05,0,0,0,0.00,0,F1,120,,,,,
2026-06-11,2026-06-11,FO,NSE,IDO,78118,,MIDCPNIFTY,,2026-06-30,2026-06-30,11550.00,PE,MIDCPNIFTY26JUN11550PE,0.00,0.00,0.00,237.50,0.00,237.50,13866.55,0.05,0,0,0,0.00,0,F1,120,,,,,
2026-06-11,2026-06-11,FO,NSE,IDO,78122,,MIDCPNIFTY,,2026-06-30,2026-06-30,11600.00,PE,MIDCPNIFTY26JUN11600PE,0.00,0.00,0.00,252.45,0.00,252.45,13866.55,0.10,0,0,0,0.00,0,F1,120,,,,,
2026-06-11,2026-06-11,FO,NSE,IDO,78124,,MIDCPNIFTY,,2026-06-30,2026-06-30,11625.00,PE,MIDCPNIFTY26JUN11625PE,0.00,0.00,0.00,260.20,0.00,260.20,13866.55,0.10,0,0,0,0.00,0,F1,120,,,,,
2026-06-11,2026-06-11,FO,NSE,IDO,78239,,MIDCPNIFTY,,2026-06-30,2026-06-30,11925.00,PE,MIDCPNIFTY26JUN11925PE,0.00,0.00,0.00,2.55,2.55,2.55,13866.55,0.45,960,0,0,0.00,0,F1,120,,,,,
2026-06-11,2026-06-11,FO,NSE,IDO,78538,,MIDCPNIFTY,,2026-06-30,2026-06-30,13400.00,PE,MIDCPNIFTY26JUN13400PE,79.00,94.60,64.95,79.40,76.60,68.80,13866.55,79.40,209640,136680,4447,7192296762.00,3200,F1,120,,,,,
2026-06-11,2026-06-11,FO,NSE,IDO,78653,,MIDCPNIFTY,,2026-06-30,2026-06-30,14075.00,PE,MIDCPNIFTY26JUN14075PE,315.40,343.50,288.00,331.45,331.20,284.30,13866.55,331.45,6960,-1800,104,179545494.00,93,F1,120,,,,,
2026-06-11,2026-06-11,FO,NSE,IDO,78657,,MIDCPNIFTY,,2026-06-30,2026-06-30,14125.00,PE,MIDCPNIFTY26JUN14125PE,309.10,380.00,309.10,380.00,380.00,311.10,13866.55,380.00,13320,-1800,39,67705350.00,38,F1,120,,,,,
2026-06-11,2026-06-11,FO,NSE,IDO,78663,,MIDCPNIFTY,,2026-06-30,2026-06-30,14200.00,PE,MIDCPNIFTY26JUN14200PE,395.85,435.60,349.00,403.70,402.10,354.75,13866.55,403.70,213720,-46800,1372,2402762274.00,1032,F1,120,,,,,
2026-06-11,2026-06-11,FO,NSE,IDO,78772,,MIDCPNIFTY,,2026-06-30,2026-06-30,14500.00,PE,MIDCPNIFTY26JUN14500PE,617.40,660.90,554.20,641.70,617.95,556.65,13866.55,641.70,295200,-7080,474,858888948.00,398,F1,120,,,,,
2026-06-11,2026-06-11,FO,NSE,IDO,78778,,MIDCPNIFTY,,2026-06-30,2026-06-30,14800.00,PE,MIDCPNIFTY26JUN14800PE,850.00,908.00,815.35,908.00,908.00,816.85,13866.55,934.45,41640,0,16,30040896.00,14,F1,120,,,,,
2026-06-11,2026-06-11,FO,NSE,IDO,41342,,MIDCPNIFTY,,2026-06-30,2026-06-30,14875.00,PE,MIDCPNIFTY26JUN14875PE,968.40,975.90,902.90,902.95,902.95,899.80,13866.55,1000.90,2280,-960,9,17064912.00,8,F1,120,,,,,
2026-06-11,2026-06-11,FO,NSE,IDO,40741,,MIDCPNIFTY,,2026-06-30,2026-06-30,15050.00,PE,MIDCPNIFTY26JUN15050PE,0.00,0.00,0.00,980.85,980.85,980.85,13866.55,1160.60,960,0,0,0.00,0,F1,120,,,,,
2026-06-11,2026-06-11,FO,NSE,IDO,40745,,MIDCPNIFTY,,2026-06-30,2026-06-30,15075.00,PE,MIDCPNIFTY26JUN15075PE,0.00,0.00,0.00,903.30,903.30,903.30,13866.55,1183.85,960,0,0,0.00,0,F1,120,,,,,
2026-06-11,2026-06-11,FO,NSE,IDO,40753,,MIDCPNIFTY,,2026-06-30,2026-06-30,15150.00,PE,MIDCPNIFTY26JUN15150PE,0.00,0.00,0.00,936.20,936.20,936.20,13866.55,1254.15,1800,0,0,0.00,0,F1,120,,,,,
2026-06-11,2026-06-11,FO,NSE,IDO,78800,,MIDCPNIFTY,,2026-06-30,2026-06-30,15500.00,PE,MIDCPNIFTY26JUN15500PE,1550.00,1550.00,1550.00,1550.00,1550.00,1292.10,13866.55,1590.65,3360,0,1,2046000.00,1,F1,120,,,,,
2026-06-11,2026-06-11,FO,NSE,IDO,49276,,MIDCPNIFTY,,2026-06-30,2026-06-30,15550.00,PE,MIDCPNIFTY26JUN15550PE,0.00,0.00,0.00,2028.30,0.00,2028.30,13866.55,1639.50,0,0,0,0.00,0,F1,120,,,,,
2026-06-11,2026-06-11,FO,NSE,IDO,49284,,MIDCPNIFTY,,2026-06-30,2026-06-30,15650.00,PE,MIDCPNIFTY26JUN15650PE,0.00,0.00,0.00,2116.85,0.00,2116.85,13866.55,1737.60,0,0,0,0.00,0,F1,120,,,,,
2026-06-11,2026-06-11,FO,NSE,IDO,78791,,MIDCPNIFTY,,2026-06-30,2026-06-30,15400.00,CE,MIDCPNIFTY26JUN15400CE,5.45,5.85,4.40,5.30,5.45,6.85,13866.55,5.30,27960,5520,273,504673302.00,168,F1,120,,,,,
2026-06-11,2026-06-11,FO,NSE,IDO,53812,,MIDCPNIFTY,,2026-06-30,2026-06-30,15875.00,PE,MIDCPNIFTY26JUN15875PE,0.00,0.00,0.00,2088.65,0.00,2088.65,13866.55,1959.70,0,0,0,0.00,0,F1,120,,,,,
2026-06-11,2026-06-11,FO,NSE,IDO,53814,,MIDCPNIFTY,,2026-06-30,2026-06-30,15925.00,PE,MIDCPNIFTY26JUN15925PE,0.00,0.00,0.00,2133.30,0.00,2133.30,13866.55,2009.25,0,0,0,0.00,0,F1,120,,,,,
2026-06-11,2026-06-11,FO,NSE,IDO,78835,,MIDCPNIFTY,,2026-06-30,2026-06-30,16200.00,PE,MIDCPNIFTY26JUN16200PE,0.00,0.00,0.00,3757.45,0.00,3757.45,13866.55,2282.35,0,0,0,0.00,0,F1,120,,,,,
2026-06-11,2026-06-11,FO,NSE,IDO,63352,,MIDCPNIFTY,,2026-07-28,2026-07-28,12750.00,PE,MIDCPNIFTY26JUL12750PE,0.00,0.00,0.00,167.15,0.00,167.15,13866.55,78.80,0,0,0,0.00,0,F1,120,,,,,
2026-06-11,2026-06-11,FO,NSE,IDO,63364,,MIDCPNIFTY,,2026-07-28,2026-07-28,12900.00,PE,MIDCPNIFTY26JUL12900PE,0.00,0.00,0.00,199.75,0.00,199.75,13866.55,103.20,0,0,0,0.00,0,F1,120,,,,,
2026-06-11,2026-06-11,FO,NSE,IDO,63368,,MIDCPNIFTY,,2026-07-28,2026-07-28,12950.00,PE,MIDCPNIFTY26JUL12950PE,0.00,0.00,0.00,211.55,0.00,211.55,13866.55,112.50,0,0,0,0.00,0,F1,120,,,,,
2026-06-11,2026-06-11,FO,NSE,IDO,63378,,MIDCPNIFTY,,2026-07-28,2026-07-28,13075.00,PE,MIDCPNIFTY26JUL13075PE,0.00,0.00,0.00,243.70,0.00,243.70,13866.55,138.45,0,0,0,0.00,0,F1,120,,,,,
2026-06-11,2026-06-11,FO,NSE,IDO,63384,,MIDCPNIFTY,,2026-07-28,2026-07-28,13150.00,PE,MIDCPNIFTY26JUL13150PE,0.00,0.00,0.00,264.20,0.00,264.20,13866.55,156.05,0,0,0,0.00,0,F1,120,,,,,
2026-06-11,2026-06-11,FO,NSE,IDO,63420,,MIDCPNIFTY,,2026-07-28,2026-07-28,13600.00,PE,MIDCPNIFTY26JUL13600PE,0.00,0.00,0.00,412.85,0.00,412.85,13866.55,296.40,0,0,0,0.00,0,F1,120,,,,,
2026-06-11,2026-06-11,FO,NSE,IDO,63462,,MIDCPNIFTY,,2026-07-28,2026-07-28,14075.00,PE,MIDCPNIFTY26JUL14075PE,0.00,0.00,0.00,620.55,0.00,620.55,13866.55,516.15,0,0,0,0.00,0,F1,120,,,,,
2026-06-11,2026-06-11,FO,NSE,IDO,63500,,MIDCPNIFTY,,2026-07-28,2026-07-28,14550.00,PE,MIDCPNIFTY26JUL14550PE,0.00,0.00,0.00,880.05,0.00,880.05,13866.55,809.25,0,0,0,0.00,0,F1,120,,,,,
2026-06-11,2026-06-11,FO,NSE,IDO,63516,,MIDCPNIFTY,,2026-07-28,2026-07-28,14750.00,PE,MIDCPNIFTY26JUL14750PE,0.00,0.00,0.00,560.30,560.30,560.30,13866.55,953.00,360,0,0,0.00,0,F1,120,,,,,
2026-06-11,2026-06-11,FO,NSE,IDO,63574,,MIDCPNIFTY,,2026-07-28,2026-07-28,15450.00,PE,MIDCPNIFTY26JUL15450PE,0.00,0.00,0.00,1500.30,0.00,1500.30,13866.55,1524.85,0,0,0,0.00,0,F1,120,,,,,
2026-06-11,2026-06-11,FO,NSE,IDO,63592,,MIDCPNIFTY,,2026-07-28,2026-07-28,15675.00,PE,MIDCPNIFTY26JUL15675PE,0.00,0.00,0.00,1676.45,0.00,1676.45,13866.55,1726.25,0,0,0,0.00,0,F1,120,,,,,
2026-06-11,2026-06-11,FO,NSE,IDO,63612,,MIDCPNIFTY,,2026-07-28,2026-07-28,15900.00,PE,MIDCPNIFTY26JUL15900PE,0.00,0.00,0.00,1860.25,0.00,1860.25,13866.55,1933.45,0,0,0,0.00,0,F1,120,,,,,
2026-06-11,2026-06-11,FO,NSE,IDO,60359,,MIDCPNIFTY,,2026-08-25,2026-08-25,12750.00,PE,MIDCPNIFTY26AUG12750PE,0.00,0.00,0.00,74.40,0.00,74.40,13866.55,139.60,0,0,0,0.00,0,F1,120,,,,,
2026-06-11,2026-06-11,FO,NSE,IDO,60412,,MIDCPNIFTY,,2026-08-25,2026-08-25,13050.00,PE,MIDCPNIFTY26AUG13050PE,0.00,0.00,0.00,112.05,0.00,112.05,13866.55,207.35,0,0,0,0.00,0,F1,120,,,,,
2026-06-11,2026-06-11,FO,NSE,IDO,60772,,MIDCPNIFTY,,2026-08-25,2026-08-25,16200.00,PE,MIDCPNIFTY26AUG16200PE,0.00,0.00,0.00,1547.05,0.00,1547.05,13866.55,2182.30,0,0,0,0.00,0,F1,120,,,,,
2026-06-11,2026-06-11,FO,NSE,IDO,60551,,MIDCPNIFTY,,2026-08-25,2026-08-25,14300.00,CE,MIDCPNIFTY26AUG14300CE,0.00,0.00,0.00,1019.50,0.00,1019.50,13866.55,486.05,0,0,0,0.00,0,F1,120,,,,,
2026-06-11,2026-06-11,FO,NSE,IDO,60414,,MIDCPNIFTY,,2026-08-25,2026-08-25,13075.00,PE,MIDCPNIFTY26AUG13075PE,0.00,0.00,0.00,115.75,0.00,115.75,13866.55,213.85,0,0,0,0.00,0,F1,120,,,,,
2026-06-11,2026-06-11,FO,NSE,IDO,60446,,MIDCPNIFTY,,2026-08-25,2026-08-25,13425.00,PE,MIDCPNIFTY26AUG13425PE,0.00,0.00,0.00,177.75,0.00,177.75,13866.55,319.95,0,0,0,0.00,0,F1,120,,,,,
2026-06-11,2026-06-11,FO,NSE,IDO,60500,,MIDCPNIFTY,,2026-08-25,2026-08-25,13850.00,PE,MIDCPNIFTY26AUG13850PE,0.00,0.00,0.00,282.55,0.00,282.55,13866.55,491.55,0,0,0,0.00,0,F1,120,,,,,
2026-06-11,2026-06-11,FO,NSE,IDO,60640,,MIDCPNIFTY,,2026-08-25,2026-08-25,15000.00,PE,MIDCPNIFTY26AUG15000PE,0.00,0.00,0.00,755.65,0.00,755.65,13866.55,1185.95,0,0,0,0.00,0,F1,120,,,,,
2026-06-11,2026-06-11,FO,NSE,IDO,78127,,MIDCPNIFTY,,2026-06-30,2026-06-30,11675.00,CE,MIDCPNIFTY26JUN11675CE,0.00,0.00,0.00,968.95,0.00,968.95,13866.55,2228.95,0,0,0,0.00,0,F1,120,,,,,
2026-06-11,2026-06-11,FO,NSE,IDO,78291,,MIDCPNIFTY,,2026-06-30,2026-06-30,12400.00,CE,MIDCPNIFTY26JUN12400CE,0.00,0.00,0.00,562.40,0.00,562.40,13866.55,1510.35,0,0,0,0.00,0,F1,120,,,,,
2026-06-11,2026-06-11,FO,NSE,IDO,78297,,MIDCPNIFTY,,2026-06-30,2026-06-30,12425.00,CE,MIDCPNIFTY26JUN12425CE,0.00,0.00,0.00,550.95,0.00,550.95,13866.55,1485.90,0,0,0,0.00,0,F1,120,,,,,
2026-06-11,2026-06-11,FO,NSE,IDO,78313,,MIDCPNIFTY,,2026-06-30,2026-06-30,12625.00,CE,MIDCPNIFTY26JUN12625CE,0.00,0.00,0.00,465.00,0.00,465.00,13866.55,1292.15,0,0,0,0.00,0,F1,120,,,,,
2026-06-11,2026-06-11,FO,NSE,IDO,78323,,MIDCPNIFTY,,2026-06-30,2026-06-30,12700.00,CE,MIDCPNIFTY26JUN12700CE,0.00,0.00,0.00,435.45,0.00,435.45,13866.55,1220.60,0,0,0,0.00,0,F1,120,,,,,
2026-06-11,2026-06-11,FO,NSE,IDO,78387,,MIDCPNIFTY,,2026-06-30,2026-06-30,12975.00,CE,MIDCPNIFTY26JUN12975CE,0.00,0.00,0.00,338.95,0.00,338.95,13866.55,966.65,0,0,0,0.00,0,F1,120,,,,,
2026-06-11,2026-06-11,FO,NSE,IDO,78520,,MIDCPNIFTY,,2026-06-30,2026-06-30,13300.00,CE,MIDCPNIFTY26JUN13300CE,0.00,0.00,0.00,920.00,920.00,920.00,13866.55,692.20,240,0,0,0.00,0,F1,120,,,,,
2026-06-11,2026-06-11,FO,NSE,IDO,78719,,MIDCPNIFTY,,2026-06-30,2026-06-30,14400.00,CE,MIDCPNIFTY26JUN14400CE,103.50,107.00,73.15,80.00,84.65,116.05,13866.55,80.00,198960,23040,2716,4723445922.00,2312,F1,120,,,,,
2026-06-11,2026-06-11,FO,NSE,IDO,35120,,MIDCPNIFTY,,2026-06-30,2026-06-30,14550.00,CE,MIDCPNIFTY26JUN14550CE,63.15,68.50,48.05,53.65,57.55,77.15,13866.55,53.65,28200,-600,172,301560654.00,148,F1,120,,,,,
2026-06-11,2026-06-11,FO,NSE,IDO,35128,,MIDCPNIFTY,,2026-06-30,2026-06-30,14650.00,CE,MIDCPNIFTY26JUN14650CE,44.35,53.00,37.00,39.20,43.00,60.10,13866.55,39.20,24960,2760,155,273320766.00,121,F1,120,,,,,
2026-06-11,2026-06-11,FO,NSE,IDO,78675,,MIDCPNIFTY,,2026-06-30,2026-06-30,14250.00,CE,MIDCPNIFTY26JUN14250CE,140.05,154.50,110.00,119.90,121.25,167.30,13866.55,119.90,95880,-20040,774,1336072452.00,672,F1,120,,,,,
2026-06-11,2026-06-11,FO,NSE,IDO,78654,,MIDCPNIFTY,,2026-06-30,2026-06-30,14100.00,CE,MIDCPNIFTY26JUN14100CE,212.85,220.70,158.95,171.20,175.15,228.35,13866.55,171.20,201120,-1920,3831,6571048128.00,3394,F1,120,,,,,
2026-06-11,2026-06-11,FO,NSE,IDO,78502,,MIDCPNIFTY,,2026-06-30,2026-06-30,13250.00,CE,MIDCPNIFTY26JUN13250CE,0.00,0.00,0.00,259.90,0.00,259.90,13866.55,732.05,0,0,0,0.00,0,F1,120,,,,,
2026-06-11,2026-06-11,FO,NSE,IDO,78487,,MIDCPNIFTY,,2026-06-30,2026-06-30,13175.00,CE,MIDCPNIFTY26JUN13175CE,0.00,0.00,0.00,279.80,0.00,279.80,13866.55,793.60,0,0,0,0.00,0,F1,120,,,,,
2026-06-11,2026-06-11,FO,NSE,IDO,78483,,MIDCPNIFTY,,2026-06-30,2026-06-30,13125.00,CE,MIDCPNIFTY26JUN13125CE,0.00,0.00,0.00,293.75,0.00,293.75,13866.55,835.70,0,0,0,0.00,0,F1,120,,,,,
2026-06-11,2026-06-11,FO,NSE,IDO,78341,,MIDCPNIFTY,,2026-06-30,2026-06-30,12750.00,CE,MIDCPNIFTY26JUN12750CE,0.00,0.00,0.00,416.50,0.00,416.50,13866.55,1173.40,0,0,0,0.00,0,F1,120,,,,,
2026-06-11,2026-06-11,FO,NSE,IDO,78317,,MIDCPNIFTY,,2026-06-30,2026-06-30,12675.00,CE,MIDCPNIFTY26JUN12675CE,0.00,0.00,0.00,445.10,0.00,445.10,13866.55,1244.40,0,0,0,0.00,0,F1,120,,,,,
2026-06-11,2026-06-11,FO,NSE,IDO,78307,,MIDCPNIFTY,,2026-06-30,2026-06-30,12550.00,CE,MIDCPNIFTY26JUN12550CE,0.00,0.00,0.00,496.00,0.00,496.00,13866.55,1364.35,0,0,0,0.00,0,F1,120,,,,,
2026-06-11,2026-06-11,FO,NSE,IDO,78269,,MIDCPNIFTY,,2026-06-30,2026-06-30,12150.00,CE,MIDCPNIFTY26JUN12150CE,0.00,0.00,0.00,686.60,0.00,686.60,13866.55,1756.70,0,0,0,0.00,0,F1,120,,,,,
2026-06-11,2026-06-11,FO,NSE,IDO,78174,,MIDCPNIFTY,,2026-06-30,2026-06-30,11800.00,CE,MIDCPNIFTY26JUN11800CE,0.00,0.00,0.00,888.80,0.00,888.80,13866.55,2104.45,0,0,0,0.00,0,F1,120,,,,,
2026-06-11,2026-06-11,FO,NSE,IDO,78065,,MIDCPNIFTY,,2026-06-30,2026-06-30,11000.00,CE,MIDCPNIFTY26JUN11000CE,0.00,0.00,0.00,3100.15,3100.15,3100.15,13866.55,2901.65,1920,0,0,0.00,0,F1,120,,,,,
2026-06-11,2026-06-11,FO,NSE,IDO,60706,,MIDCPNIFTY,,2026-08-25,2026-08-25,15600.00,PE,MIDCPNIFTY26AUG15600PE,0.00,0.00,0.00,1116.80,0.00,1116.80,13866.55,1659.15,0,0,0,0.00,0,F1,120,,,,,
